1 2 3 7 96 224 224 224
1 2 3 7 105 210 210 210
1 2 3 7 108 189 216 216
1 2 3 7 112 168 224 224
1 2 3 7 112 192 192 224
1 2 3 7 119 170 210 210
1 2 3 7 120 160 210 224
1 2 3 7 120 168 210 210
1 2 3 7 120 175 200 210
1 2 3 7 120 180 189 216
1 2 3 7 126 144 224 224
1 2 3 7 126 161 207 207
1 2 3 7 126 165 198 210
1 2 3 7 126 168 189 216
1 2 3 7 126 171 190 210
1 2 3 7 126 180 180 210
1 2 3 7 126 189 189 189
1 2 3 7 130 182 182 195
1 2 3 7 132 140 220 220
1 2 3 7 135 140 216 216
1 2 3 7 135 165 189 198
1 2 3 7 135 171 189 190
1 2 3 7 135 180 180 189
1 2 3 7 136 153 189 216
1 2 3 7 140 140 210 210
1 2 3 7 140 143 195 220
1 2 3 7 140 147 196 210
1 2 3 7 140 148 185 222
1 2 3 7 140 150 200 200
1 2 3 7 140 156 182 210
1 2 3 7 140 156 195 195
1 2 3 7 140 160 168 224
1 2 3 7 140 160 192 192
1 2 3 7 140 165 165 220
1 2 3 7 140 165 180 198
1 2 3 7 140 168 168 210
1 2 3 7 140 168 175 200
1 2 3 7 140 170 170 204
1 2 3 7 140 171 180 190
1 2 3 7 140 180 180 180
1 2 3 7 144 144 189 216
1 2 3 7 147 147 196 196
1 2 3 7 147 156 182 196
1 2 3 7 147 168 168 196
1 2 3 7 150 150 175 210
1 2 3 7 150 175 175 175
1 2 3 7 152 154 168 209
1 2 3 7 154 154 165 210
1 2 3 7 154 168 176 176
1 2 3 7 156 156 182 182
1 2 3 7 156 168 168 182
1 2 3 7 161 161 168 184
1 2 3 7 162 162 162 189
1 2 3 7 168 168 168 168
1 2 3 8 36 216 216 216
1 2 3 8 39 156 208 208
1 2 3 8 40 132 220 220
1 2 3 8 40 135 216 216
1 2 3 8 40 140 210 210
1 2 3 8 40 143 195 220
1 2 3 8 40 147 196 210
1 2 3 8 40 148 185 222
1 2 3 8 40 150 200 200
1 2 3 8 40 156 182 210
1 2 3 8 40 156 195 195
1 2 3 8 40 160 168 224
1 2 3 8 40 160 192 192
1 2 3 8 40 165 165 220
1 2 3 8 40 165 180 198
1 2 3 8 40 168 168 210
1 2 3 8 40 168 175 200
1 2 3 8 40 170 170 204
1 2 3 8 40 171 180 190
1 2 3 8 40 180 180 180
1 2 3 8 42 112 224 224
1 2 3 8 42 120 210 210
1 2 3 8 42 126 189 216
1 2 3 8 42 140 160 224
1 2 3 8 42 140 168 210
1 2 3 8 42 140 175 200
1 2 3 8 42 147 168 196
1 2 3 8 42 152 154 209
1 2 3 8 42 154 176 176
1 2 3 8 42 156 168 182
1 2 3 8 42 161 161 184
1 2 3 8 42 168 168 168
1 2 3 8 44 108 198 216
1 2 3 8 44 120 165 220
1 2 3 8 44 120 180 198
1 2 3 8 44 126 168 198
1 2 3 8 44 132 152 209
1 2 3 8 44 132 176 176
1 2 3 8 44 136 153 198
1 2 3 8 44 144 144 198
1 2 3 8 44 154 154 168
1 2 3 8 45 105 189 216
1 2 3 8 45 108 180 216
1 2 3 8 45 120 165 198
1 2 3 8 45 120 171 190
1 2 3 8 45 120 180 180
1 2 3 8 45 126 168 180
1 2 3 8 45 130 144 208
1 2 3 8 45 135 135 216
1 2 3 8 45 136 153 180
1 2 3 8 45 144 144 180
1 2 3 8 45 144 160 160
1 2 3 8 46 138 138 184
1 2 3 8 48 84 224 224
1 2 3 8 48 96 168 224
1 2 3 8 48 96 192 192
1 2 3 8 48 99 176 198
1 2 3 8 48 102 176 187
1 2 3 8 48 104 156 208
1 2 3 8 48 108 144 216
1 2 3 8 48 110 165 176
1 2 3 8 48 112 140 210
1 2 3 8 48 112 147 196
1 2 3 8 48 112 156 182
1 2 3 8 48 112 168 168
1 2 3 8 48 120 130 208
1 2 3 8 48 120 144 180
1 2 3 8 48 120 160 160
1 2 3 8 48 126 144 168
1 2 3 8 48 128 128 192
1 2 3 8 48 132 132 176
1 2 3 8 48 136 144 153
1 2 3 8 48 144 144 144
1 2 3 8 49 98 168 196
1 2 3 8 50 84 200 210
1 2 3 8 50 85 200 204
1 2 3 8 50 90 180 200
1 2 3 8 50 96 160 200
1 2 3 8 50 100 150 200
1 2 3 8 50 100 168 175
1 2 3 8 50 105 140 200
1 2 3 8 50 108 135 200
1 2 3 8 50 110 132 200
1 2 3 8 50 120 120 200
1 2 3 8 50 120 150 150
1 2 3 8 51 88 187 187
1 2 3 8 51 102 136 204
1 2 3 8 51 136 136 136
1 2 3 8 52 78 208 208
1 2 3 8 52 80 195 208
1 2 3 8 52 91 168 182
1 2 3 8 52 104 130 195
1 2 3 8 52 104 156 156
1 2 3 8 52 108 117 216
1 2 3 8 52 117 120 180
1 2 3 8 52 117 126 168
1 2 3 8 52 117 136 153
1 2 3 8 52 117 144 144
1 2 3 8 52 120 130 156
1 2 3 8 54 72 216 216
1 2 3 8 54 81 162 216
1 2 3 8 54 84 168 189
1 2 3 8 54 88 154 189
1 2 3 8 54 90 135 216
1 2 3 8 54 105 120 189
1 2 3 8 54 108 108 216
1 2 3 8 54 108 120 180
1 2 3 8 54 108 126 168
1 2 3 8 54 108 136 153
1 2 3 8 54 108 144 144
1 2 3 8 54 112 112 189
1 2 3 8 54 120 135 135
1 2 3 8 55 72 198 220
1 2 3 8 55 77 168 220
1 2 3 8 55 88 132 220
1 2 3 8 55 88 143 195
1 2 3 8 55 88 165 165
1 2 3 8 55 99 120 198
1 2 3 8 55 102 120 187
1 2 3 8 55 110 120 165
1 2 3 8 55 120 132 132
1 2 3 8 56 70 210 210
1 2 3 8 56 72 189 216
1 2 3 8 56 75 175 210
1 2 3 8 56 77 165 210
1 2 3 8 56 78 182 182
1 2 3 8 56 81 162 189
1 2 3 8 56 84 140 210
1 2 3 8 56 84 147 196
1 2 3 8 56 84 156 182
1 2 3 8 56 84 168 168
1 2 3 8 56 85 140 204
1 2 3 8 56 88 154 168
1 2 3 8 56 90 126 210
1 2 3 8 56 90 135 189
1 2 3 8 56 90 140 180
1 2 3 8 56 91 130 195
1 2 3 8 56 91 156 156
1 2 3 8 56 96 112 224
1 2 3 8 56 96 140 160
1 2 3 8 56 98 147 147
1 2 3 8 56 100 140 150
1 2 3 8 56 105 105 210
1 2 3 8 56 105 119 170
1 2 3 8 56 105 120 168
1 2 3 8 56 105 140 140
1 2 3 8 56 108 108 189
1 2 3 8 56 108 135 140
1 2 3 8 56 110 132 140
1 2 3 8 56 112 112 168
1 2 3 8 56 112 126 144
1 2 3 8 56 114 133 133
1 2 3 8 56 120 120 140
1 2 3 8 56 126 126 126
1 2 3 8 57 95 120 190
1 2 3 8 57 114 114 152
1 2 3 8 60 65 208 208
1 2 3 8 60 70 160 224
1 2 3 8 60 70 168 210
1 2 3 8 60 70 175 200
1 2 3 8 60 72 165 198
1 2 3 8 60 72 171 190
1 2 3 8 60 72 180 180
1 2 3 8 60 75 150 200
1 2 3 8 60 75 168 175
1 2 3 8 60 76 152 190
1 2 3 8 60 77 165 168
1 2 3 8 60 80 130 208
1 2 3 8 60 80 144 180
1 2 3 8 60 80 160 160
1 2 3 8 60 84 120 210
1 2 3 8 60 84 140 168
1 2 3 8 60 85 120 204
1 2 3 8 60 85 136 170
1 2 3 8 60 88 110 220
1 2 3 8 60 88 132 165
1 2 3 8 60 88 140 154
1 2 3 8 60 90 108 216
1 2 3 8 60 90 120 180
1 2 3 8 60 90 126 168
1 2 3 8 60 90 136 153
1 2 3 8 60 90 144 144
1 2 3 8 60 92 115 184
1 2 3 8 60 96 120 160
1 2 3 8 60 100 100 200
1 2 3 8 60 100 120 150
1 2 3 8 60 104 130 130
1 2 3 8 60 105 105 168
1 2 3 8 60 105 120 140
1 2 3 8 60 108 120 135
1 2 3 8 60 110 120 132
1 2 3 8 60 112 112 140
1 2 3 8 60 120 120 120
1 2 3 8 62 93 120 155
1 2 3 8 63 63 189 216
1 2 3 8 63 70 168 180
1 2 3 8 63 72 140 210
1 2 3 8 63 72 147 196
1 2 3 8 63 72 156 182
1 2 3 8 63 72 168 168
1 2 3 8 63 84 108 216
1 2 3 8 63 84 120 180
1 2 3 8 63 84 126 168
1 2 3 8 63 84 136 153
1 2 3 8 63 84 144 144
1 2 3 8 63 88 126 154
1 2 3 8 63 105 120 126
1 2 3 8 63 112 112 126
1 2 3 8 64 64 168 224
1 2 3 8 64 64 192 192
1 2 3 8 64 66 176 192
1 2 3 8 64 72 144 192
1 2 3 8 64 80 120 192
1 2 3 8 64 84 112 192
1 2 3 8 64 96 96 192
1 2 3 8 64 96 128 128
1 2 3 8 65 78 120 195
1 2 3 8 65 84 104 210
1 2 3 8 65 85 104 204
1 2 3 8 65 90 104 180
1 2 3 8 65 96 104 160
1 2 3 8 65 100 104 150
1 2 3 8 65 104 105 140
1 2 3 8 65 104 108 135
1 2 3 8 65 104 110 132
1 2 3 8 65 104 120 120
1 2 3 8 66 66 152 209
1 2 3 8 66 66 176 176
1 2 3 8 66 72 132 198
1 2 3 8 66 72 144 176
1 2 3 8 66 77 132 168
1 2 3 8 66 80 120 176
1 2 3 8 66 84 112 176
1 2 3 8 66 88 99 198
1 2 3 8 66 88 102 187
1 2 3 8 66 88 110 165
1 2 3 8 66 88 132 132
1 2 3 8 66 96 96 176
1 2 3 8 66 110 110 120
1 2 3 8 68 68 136 204
1 2 3 8 68 72 117 221
1 2 3 8 68 72 153 153
1 2 3 8 68 78 104 221
1 2 3 8 68 102 102 136
1 2 3 8 69 69 138 184
1 2 3 8 69 92 92 184
1 2 3 8 70 70 120 210
1 2 3 8 70 70 140 168
1 2 3 8 70 72 126 180
1 2 3 8 70 75 120 175
1 2 3 8 70 77 120 165
1 2 3 8 70 80 96 224
1 2 3 8 70 80 112 168
1 2 3 8 70 80 126 144
1 2 3 8 70 84 105 168
1 2 3 8 70 84 120 140
1 2 3 8 70 88 105 154
1 2 3 8 70 90 120 126
1 2 3 8 70 105 105 120
1 2 3 8 70 105 112 112
1 2 3 8 72 72 108 216
1 2 3 8 72 72 120 180
1 2 3 8 72 72 126 168
1 2 3 8 72 72 136 153
1 2 3 8 72 72 144 144
1 2 3 8 72 76 114 171
1 2 3 8 72 78 117 156
1 2 3 8 72 80 120 144
1 2 3 8 72 81 108 162
1 2 3 8 72 84 90 210
1 2 3 8 72 84 112 144
1 2 3 8 72 84 126 126
1 2 3 8 72 85 90 204
1 2 3 8 72 88 88 198
1 2 3 8 72 90 90 180
1 2 3 8 72 90 96 160
1 2 3 8 72 90 100 150
1 2 3 8 72 90 105 140
1 2 3 8 72 90 108 135
1 2 3 8 72 90 110 132
1 2 3 8 72 90 120 120
1 2 3 8 72 96 96 144
1 2 3 8 72 99 99 132
1 2 3 8 72 104 104 117
1 2 3 8 72 108 108 108
1 2 3 8 75 75 100 200
1 2 3 8 75 75 120 150
1 2 3 8 75 100 100 120
1 2 3 8 76 76 114 152
1 2 3 8 77 88 88 168
1 2 3 8 78 78 104 156
1 2 3 8 78 78 120 130
1 2 3 8 78 84 91 168
1 2 3 8 78 88 91 154
1 2 3 8 78 91 105 120
1 2 3 8 78 91 112 112
1 2 3 8 78 104 104 104
1 2 3 8 80 80 84 210
1 2 3 8 80 80 85 204
1 2 3 8 80 80 90 180
1 2 3 8 80 80 96 160
1 2 3 8 80 80 100 150
1 2 3 8 80 80 105 140
1 2 3 8 80 80 108 135
1 2 3 8 80 80 110 132
1 2 3 8 80 80 120 120
1 2 3 8 80 84 112 120
1 2 3 8 80 90 90 144
1 2 3 8 80 96 96 120
1 2 3 8 81 81 81 216
1 2 3 8 84 84 84 168
1 2 3 8 84 84 88 154
1 2 3 8 84 84 105 120
1 2 3 8 84 84 112 112
1 2 3 8 84 96 96 112
1 2 3 8 85 85 102 120
1 2 3 8 88 88 88 132
1 2 3 8 88 90 99 110
1 2 3 8 88 99 99 99
1 2 3 8 90 90 90 120
1 2 3 8 96 96 96 96
1 2 3 9 24 216 216 216
1 2 3 9 25 180 200 200
1 2 3 9 26 143 180 220
1 2 3 9 26 143 198 198
1 2 3 9 26 156 180 195
1 2 3 9 27 108 216 216
1 2 3 9 27 120 180 216
1 2 3 9 27 126 168 216
1 2 3 9 27 126 189 189
1 2 3 9 27 135 165 198
1 2 3 9 27 135 171 190
1 2 3 9 27 135 180 180
1 2 3 9 27 136 153 216
1 2 3 9 27 144 144 216
1 2 3 9 27 162 162 162
1 2 3 9 28 105 180 210
1 2 3 9 28 108 168 216
1 2 3 9 28 108 189 189
1 2 3 9 28 119 153 204
1 2 3 9 28 119 170 180
1 2 3 9 28 120 168 180
1 2 3 9 28 126 140 210
1 2 3 9 28 126 147 196
1 2 3 9 28 126 156 182
1 2 3 9 28 126 168 168
1 2 3 9 28 135 140 189
1 2 3 9 28 136 153 168
1 2 3 9 28 140 140 180
1 2 3 9 28 144 144 168
1 2 3 9 29 116 145 180
1 2 3 9 30 84 180 210
1 2 3 9 30 85 180 204
1 2 3 9 30 90 165 198
1 2 3 9 30 90 171 190
1 2 3 9 30 90 180 180
1 2 3 9 30 95 171 171
1 2 3 9 30 96 160 180
1 2 3 9 30 99 132 220
1 2 3 9 30 99 143 195
1 2 3 9 30 99 165 165
1 2 3 9 30 100 150 180
1 2 3 9 30 102 153 170
1 2 3 9 30 105 126 210
1 2 3 9 30 105 135 189
1 2 3 9 30 105 140 180
1 2 3 9 30 108 120 216
1 2 3 9 30 108 135 180
1 2 3 9 30 110 132 180
1 2 3 9 30 115 115 207
1 2 3 9 30 117 117 195
1 2 3 9 30 119 126 170
1 2 3 9 30 120 120 180
1 2 3 9 30 120 126 168
1 2 3 9 30 120 136 153
1 2 3 9 30 120 144 144
1 2 3 9 30 126 140 140
1 2 3 9 30 135 135 135
1 2 3 9 31 93 126 217
1 2 3 9 32 70 180 224
1 2 3 9 32 72 168 224
1 2 3 9 32 72 192 192
1 2 3 9 32 80 160 180
1 2 3 9 32 84 126 224
1 2 3 9 32 90 144 160
1 2 3 9 32 96 108 216
1 2 3 9 32 96 120 180
1 2 3 9 32 96 126 168
1 2 3 9 32 96 136 153
1 2 3 9 32 96 144 144
1 2 3 9 33 66 180 220
1 2 3 9 33 66 198 198
1 2 3 9 33 72 152 209
1 2 3 9 33 72 176 176
1 2 3 9 33 88 108 216
1 2 3 9 33 88 120 180
1 2 3 9 33 88 126 168
1 2 3 9 33 88 136 153
1 2 3 9 33 88 144 144
1 2 3 9 33 90 110 198
1 2 3 9 33 99 99 198
1 2 3 9 33 99 102 187
1 2 3 9 33 99 110 165
1 2 3 9 33 99 132 132
1 2 3 9 34 68 153 204
1 2 3 9 34 68 170 180
1 2 3 9 34 72 136 204
1 2 3 9 34 102 102 153
1 2 3 9 34 102 119 126
1 2 3 9 35 60 180 210
1 2 3 9 35 63 165 198
1 2 3 9 35 63 171 190
1 2 3 9 35 63 180 180
1 2 3 9 35 70 126 210
1 2 3 9 35 70 135 189
1 2 3 9 35 70 140 180
1 2 3 9 35 72 120 210
1 2 3 9 35 72 140 168
1 2 3 9 35 75 126 175
1 2 3 9 35 77 126 165
1 2 3 9 35 80 112 180
1 2 3 9 35 84 105 180
1 2 3 9 35 84 126 140
1 2 3 9 35 90 90 210
1 2 3 9 35 90 112 144
1 2 3 9 35 90 126 126
1 2 3 9 35 105 105 126
1 2 3 9 36 54 216 216
1 2 3 9 36 55 198 220
1 2 3 9 36 56 189 216
1 2 3 9 36 60 165 198
1 2 3 9 36 60 171 190
1 2 3 9 36 60 180 180
1 2 3 9 36 63 140 210
1 2 3 9 36 63 147 196
1 2 3 9 36 63 156 182
1 2 3 9 36 63 168 168
1 2 3 9 36 64 144 192
1 2 3 9 36 66 132 198
1 2 3 9 36 66 144 176
1 2 3 9 36 68 117 221
1 2 3 9 36 68 153 153
1 2 3 9 36 70 126 180
1 2 3 9 36 72 108 216
1 2 3 9 36 72 120 180
1 2 3 9 36 72 126 168
1 2 3 9 36 72 136 153
1 2 3 9 36 72 144 144
1 2 3 9 36 76 114 171
1 2 3 9 36 78 117 156
1 2 3 9 36 80 120 144
1 2 3 9 36 81 108 162
1 2 3 9 36 84 90 210
1 2 3 9 36 84 112 144
1 2 3 9 36 84 126 126
1 2 3 9 36 85 90 204
1 2 3 9 36 88 88 198
1 2 3 9 36 90 90 180
1 2 3 9 36 90 96 160
1 2 3 9 36 90 100 150
1 2 3 9 36 90 105 140
1 2 3 9 36 90 108 135
1 2 3 9 36 90 110 132
1 2 3 9 36 90 120 120
1 2 3 9 36 96 96 144
1 2 3 9 36 99 99 132
1 2 3 9 36 104 104 117
1 2 3 9 36 108 108 108
1 2 3 9 38 57 171 171
1 2 3 9 38 63 133 171
1 2 3 9 38 72 114 152
1 2 3 9 38 76 95 180
1 2 3 9 39 52 180 195
1 2 3 9 39 60 130 180
1 2 3 9 39 63 117 182
1 2 3 9 39 70 126 130
1 2 3 9 39 72 104 156
1 2 3 9 39 72 120 130
1 2 3 9 39 78 99 143
1 2 3 9 39 78 117 117
1 2 3 9 39 90 90 130
1 2 3 9 39 91 91 126
1 2 3 9 40 50 180 200
1 2 3 9 40 54 135 216
1 2 3 9 40 56 126 210
1 2 3 9 40 56 135 189
1 2 3 9 40 56 140 180
1 2 3 9 40 60 108 216
1 2 3 9 40 60 120 180
1 2 3 9 40 60 126 168
1 2 3 9 40 60 136 153
1 2 3 9 40 60 144 144
1 2 3 9 40 65 104 180
1 2 3 9 40 70 120 126
1 2 3 9 40 72 84 210
1 2 3 9 40 72 85 204
1 2 3 9 40 72 90 180
1 2 3 9 40 72 96 160
1 2 3 9 40 72 100 150
1 2 3 9 40 72 105 140
1 2 3 9 40 72 108 135
1 2 3 9 40 72 110 132
1 2 3 9 40 72 120 120
1 2 3 9 40 80 80 180
1 2 3 9 40 80 90 144
1 2 3 9 40 88 99 110
1 2 3 9 40 90 90 120
1 2 3 9 42 45 210 210
1 2 3 9 42 54 126 189
1 2 3 9 42 56 108 216
1 2 3 9 42 56 120 180
1 2 3 9 42 56 126 168
1 2 3 9 42 56 136 153
1 2 3 9 42 56 144 144
1 2 3 9 42 60 105 180
1 2 3 9 42 60 126 140
1 2 3 9 42 63 90 210
1 2 3 9 42 63 112 144
1 2 3 9 42 63 126 126
1 2 3 9 42 66 99 154
1 2 3 9 42 70 84 180
1 2 3 9 42 70 105 126
1 2 3 9 42 72 84 168
1 2 3 9 42 72 88 154
1 2 3 9 42 72 105 120
1 2 3 9 42 72 112 112
1 2 3 9 42 78 91 126
1 2 3 9 42 84 84 126
1 2 3 9 42 90 90 105
1 2 3 9 44 44 180 220
1 2 3 9 44 44 198 198
1 2 3 9 44 45 165 220
1 2 3 9 44 45 180 198
1 2 3 9 44 48 144 198
1 2 3 9 44 52 117 198
1 2 3 9 44 54 108 198
1 2 3 9 44 55 99 220
1 2 3 9 44 55 110 180
1 2 3 9 44 60 90 198
1 2 3 9 44 60 99 165
1 2 3 9 44 63 84 198
1 2 3 9 44 66 99 132
1 2 3 9 44 70 77 180
1 2 3 9 44 72 72 198
1 2 3 9 44 72 77 168
1 2 3 9 44 72 88 132
1 2 3 9 44 77 84 126
1 2 3 9 44 88 88 99
1 2 3 9 45 45 165 198
1 2 3 9 45 45 171 190
1 2 3 9 45 45 180 180
1 2 3 9 45 48 130 208
1 2 3 9 45 48 144 180
1 2 3 9 45 48 160 160
1 2 3 9 45 50 120 200
1 2 3 9 45 50 150 150
1 2 3 9 45 52 117 180
1 2 3 9 45 52 130 156
1 2 3 9 45 54 105 189
1 2 3 9 45 54 108 180
1 2 3 9 45 54 135 135
1 2 3 9 45 55 99 198
1 2 3 9 45 55 102 187
1 2 3 9 45 55 110 165
1 2 3 9 45 55 132 132
1 2 3 9 45 56 105 168
1 2 3 9 45 56 120 140
1 2 3 9 45 57 95 190
1 2 3 9 45 60 84 210
1 2 3 9 45 60 85 204
1 2 3 9 45 60 90 180
1 2 3 9 45 60 96 160
1 2 3 9 45 60 100 150
1 2 3 9 45 60 105 140
1 2 3 9 45 60 108 135
1 2 3 9 45 60 110 132
1 2 3 9 45 60 120 120
1 2 3 9 45 62 93 155
1 2 3 9 45 63 84 180
1 2 3 9 45 63 105 126
1 2 3 9 45 64 80 192
1 2 3 9 45 65 78 195
1 2 3 9 45 65 104 120
1 2 3 9 45 66 80 176
1 2 3 9 45 66 110 110
1 2 3 9 45 70 70 210
1 2 3 9 45 70 75 175
1 2 3 9 45 70 77 165
1 2 3 9 45 70 84 140
1 2 3 9 45 70 90 126
1 2 3 9 45 70 105 105
1 2 3 9 45 72 72 180
1 2 3 9 45 72 80 144
1 2 3 9 45 72 90 120
1 2 3 9 45 75 75 150
1 2 3 9 45 75 100 100
1 2 3 9 45 78 78 130
1 2 3 9 45 78 91 105
1 2 3 9 45 80 80 120
1 2 3 9 45 80 84 112
1 2 3 9 45 80 96 96
1 2 3 9 45 84 84 105
1 2 3 9 45 85 85 102
1 2 3 9 45 90 90 90
1 2 3 9 46 46 138 207
1 2 3 9 46 69 69 207
1 2 3 9 46 69 72 184
1 2 3 9 48 48 108 216
1 2 3 9 48 48 120 180
1 2 3 9 48 48 126 168
1 2 3 9 48 48 136 153
1 2 3 9 48 48 144 144
1 2 3 9 48 52 117 144
1 2 3 9 48 54 108 144
1 2 3 9 48 56 112 126
1 2 3 9 48 60 80 180
1 2 3 9 48 60 90 144
1 2 3 9 48 63 84 144
1 2 3 9 48 64 72 192
1 2 3 9 48 66 72 176
1 2 3 9 48 70 80 126
1 2 3 9 48 72 72 144
1 2 3 9 48 72 80 120
1 2 3 9 48 72 84 112
1 2 3 9 48 72 96 96
1 2 3 9 48 80 90 90
1 2 3 9 49 49 126 147
1 2 3 9 50 50 100 180
1 2 3 9 50 60 72 200
1 2 3 9 50 60 75 180
1 2 3 9 50 70 75 126
1 2 3 9 50 72 75 120
1 2 3 9 50 75 90 90
1 2 3 9 51 51 102 153
1 2 3 9 51 51 119 126
1 2 3 9 51 68 68 153
1 2 3 9 51 68 72 136
1 2 3 9 52 52 99 143
1 2 3 9 52 52 117 117
1 2 3 9 52 54 108 117
1 2 3 9 52 60 90 117
1 2 3 9 52 63 84 117
1 2 3 9 52 65 65 180
1 2 3 9 52 72 72 117
1 2 3 9 52 72 78 104
1 2 3 9 54 54 72 216
1 2 3 9 54 54 81 162
1 2 3 9 54 54 90 135
1 2 3 9 54 54 108 108
1 2 3 9 54 56 72 189
1 2 3 9 54 60 90 108
1 2 3 9 54 63 63 189
1 2 3 9 54 63 84 108
1 2 3 9 54 72 72 108
1 2 3 9 54 81 81 81
1 2 3 9 55 55 99 110
1 2 3 9 55 60 66 180
1 2 3 9 55 66 70 126
1 2 3 9 55 66 72 120
1 2 3 9 55 66 90 90
1 2 3 9 55 70 77 99
1 2 3 9 56 56 70 180
1 2 3 9 56 56 72 168
1 2 3 9 56 56 84 126
1 2 3 9 56 60 72 140
1 2 3 9 56 63 63 168
1 2 3 9 56 63 72 126
1 2 3 9 56 70 72 105
1 2 3 9 56 72 78 91
1 2 3 9 56 72 84 84
1 2 3 9 57 57 72 152
1 2 3 9 60 60 60 180
1 2 3 9 60 60 70 126
1 2 3 9 60 60 72 120
1 2 3 9 60 60 90 90
1 2 3 9 60 63 63 140
1 2 3 9 60 63 84 90
1 2 3 9 60 65 72 104
1 2 3 9 60 72 72 90
1 2 3 9 60 72 80 80
1 2 3 9 63 63 63 126
1 2 3 9 63 63 70 105
1 2 3 9 63 63 78 91
1 2 3 9 63 63 84 84
1 2 3 9 63 70 70 90
1 2 3 9 63 72 72 84
1 2 3 9 64 64 72 96
1 2 3 9 66 66 66 99
1 2 3 9 66 66 72 88
1 2 3 9 72 72 72 72
1 2 3 10 20 132 220 220
1 2 3 10 20 135 216 216
1 2 3 10 20 140 210 210
1 2 3 10 20 143 195 220
1 2 3 10 20 147 196 210
1 2 3 10 20 148 185 222
1 2 3 10 20 150 200 200
1 2 3 10 20 156 182 210
1 2 3 10 20 156 195 195
1 2 3 10 20 160 168 224
1 2 3 10 20 160 192 192
1 2 3 10 20 165 165 220
1 2 3 10 20 165 180 198
1 2 3 10 20 168 168 210
1 2 3 10 20 168 175 200
1 2 3 10 20 170 170 204
1 2 3 10 20 171 180 190
1 2 3 10 20 180 180 180
1 2 3 10 21 105 210 210
1 2 3 10 21 119 170 210
1 2 3 10 21 120 160 224
1 2 3 10 21 120 168 210
1 2 3 10 21 120 175 200
1 2 3 10 21 126 165 198
1 2 3 10 21 126 171 190
1 2 3 10 21 126 180 180
1 2 3 10 21 140 140 210
1 2 3 10 21 140 147 196
1 2 3 10 21 140 156 182
1 2 3 10 21 140 168 168
1 2 3 10 21 150 150 175
1 2 3 10 21 154 154 165
1 2 3 10 22 84 210 220
1 2 3 10 22 85 204 220
1 2 3 10 22 90 180 220
1 2 3 10 22 90 198 198
1 2 3 10 22 96 160 220
1 2 3 10 22 99 165 198
1 2 3 10 22 99 171 190
1 2 3 10 22 99 180 180
1 2 3 10 22 100 150 220
1 2 3 10 22 102 165 187
1 2 3 10 22 105 140 220
1 2 3 10 22 108 135 220
1 2 3 10 22 110 132 220
1 2 3 10 22 110 143 195
1 2 3 10 22 110 165 165
1 2 3 10 22 120 120 220
1 2 3 10 22 132 132 165
1 2 3 10 22 132 140 154
1 2 3 10 23 90 138 207
1 2 3 10 23 115 138 138
1 2 3 10 24 65 208 208
1 2 3 10 24 70 160 224
1 2 3 10 24 70 168 210
1 2 3 10 24 70 175 200
1 2 3 10 24 72 165 198
1 2 3 10 24 72 171 190
1 2 3 10 24 72 180 180
1 2 3 10 24 75 150 200
1 2 3 10 24 75 168 175
1 2 3 10 24 76 152 190
1 2 3 10 24 77 165 168
1 2 3 10 24 80 130 208
1 2 3 10 24 80 144 180
1 2 3 10 24 80 160 160
1 2 3 10 24 84 120 210
1 2 3 10 24 84 140 168
1 2 3 10 24 85 120 204
1 2 3 10 24 85 136 170
1 2 3 10 24 88 110 220
1 2 3 10 24 88 132 165
1 2 3 10 24 88 140 154
1 2 3 10 24 90 108 216
1 2 3 10 24 90 120 180
1 2 3 10 24 90 126 168
1 2 3 10 24 90 136 153
1 2 3 10 24 90 144 144
1 2 3 10 24 92 115 184
1 2 3 10 24 96 120 160
1 2 3 10 24 100 100 200
1 2 3 10 24 100 120 150
1 2 3 10 24 104 130 130
1 2 3 10 24 105 105 168
1 2 3 10 24 105 120 140
1 2 3 10 24 108 120 135
1 2 3 10 24 110 120 132
1 2 3 10 24 112 112 140
1 2 3 10 24 120 120 120
1 2 3 10 25 60 200 200
1 2 3 10 25 70 150 175
1 2 3 10 25 75 120 200
1 2 3 10 25 75 150 150
1 2 3 10 25 84 100 210
1 2 3 10 25 85 100 204
1 2 3 10 25 90 100 180
1 2 3 10 25 96 100 160
1 2 3 10 25 100 100 150
1 2 3 10 25 100 105 140
1 2 3 10 25 100 108 135
1 2 3 10 25 100 110 132
1 2 3 10 25 100 120 120
1 2 3 10 26 60 143 220
1 2 3 10 26 60 156 195
1 2 3 10 26 65 130 195
1 2 3 10 26 65 156 156
1 2 3 10 26 66 143 165
1 2 3 10 26 78 130 130
1 2 3 10 26 90 99 143
1 2 3 10 26 90 117 117
1 2 3 10 26 91 105 130
1 2 3 10 27 50 200 216
1 2 3 10 27 54 165 198
1 2 3 10 27 54 171 190
1 2 3 10 27 54 180 180
1 2 3 10 27 56 140 216
1 2 3 10 27 60 120 216
1 2 3 10 27 60 135 180
1 2 3 10 27 65 104 216
1 2 3 10 27 70 126 135
1 2 3 10 27 72 90 216
1 2 3 10 27 72 120 135
1 2 3 10 27 80 80 216
1 2 3 10 27 81 90 162
1 2 3 10 27 90 90 135
1 2 3 10 27 90 108 108
1 2 3 10 28 50 168 200
1 2 3 10 28 54 140 189
1 2 3 10 28 56 120 210
1 2 3 10 28 56 140 168
1 2 3 10 28 60 105 210
1 2 3 10 28 60 119 170
1 2 3 10 28 60 120 168
1 2 3 10 28 60 140 140
1 2 3 10 28 63 105 180
1 2 3 10 28 63 126 140
1 2 3 10 28 65 104 168
1 2 3 10 28 70 84 210
1 2 3 10 28 70 85 204
1 2 3 10 28 70 90 180
1 2 3 10 28 70 96 160
1 2 3 10 28 70 100 150
1 2 3 10 28 70 105 140
1 2 3 10 28 70 108 135
1 2 3 10 28 70 110 132
1 2 3 10 28 70 120 120
1 2 3 10 28 72 90 168
1 2 3 10 28 75 84 175
1 2 3 10 28 77 84 165
1 2 3 10 28 78 91 140
1 2 3 10 28 80 80 168
1 2 3 10 28 80 105 112
1 2 3 10 28 84 84 140
1 2 3 10 28 84 90 126
1 2 3 10 28 84 105 105
1 2 3 10 29 60 116 145
1 2 3 10 30 42 210 210
1 2 3 10 30 44 165 220
1 2 3 10 30 44 180 198
1 2 3 10 30 45 165 198
1 2 3 10 30 45 171 190
1 2 3 10 30 45 180 180
1 2 3 10 30 48 130 208
1 2 3 10 30 48 144 180
1 2 3 10 30 48 160 160
1 2 3 10 30 50 120 200
1 2 3 10 30 50 150 150
1 2 3 10 30 52 117 180
1 2 3 10 30 52 130 156
1 2 3 10 30 54 105 189
1 2 3 10 30 54 108 180
1 2 3 10 30 54 135 135
1 2 3 10 30 55 99 198
1 2 3 10 30 55 102 187
1 2 3 10 30 55 110 165
1 2 3 10 30 55 132 132
1 2 3 10 30 56 105 168
1 2 3 10 30 56 120 140
1 2 3 10 30 57 95 190
1 2 3 10 30 60 84 210
1 2 3 10 30 60 85 204
1 2 3 10 30 60 90 180
1 2 3 10 30 60 96 160
1 2 3 10 30 60 100 150
1 2 3 10 30 60 105 140
1 2 3 10 30 60 108 135
1 2 3 10 30 60 110 132
1 2 3 10 30 60 120 120
1 2 3 10 30 62 93 155
1 2 3 10 30 63 84 180
1 2 3 10 30 63 105 126
1 2 3 10 30 64 80 192
1 2 3 10 30 65 78 195
1 2 3 10 30 65 104 120
1 2 3 10 30 66 80 176
1 2 3 10 30 66 110 110
1 2 3 10 30 70 70 210
1 2 3 10 30 70 75 175
1 2 3 10 30 70 77 165
1 2 3 10 30 70 84 140
1 2 3 10 30 70 90 126
1 2 3 10 30 70 105 105
1 2 3 10 30 72 72 180
1 2 3 10 30 72 80 144
1 2 3 10 30 72 90 120
1 2 3 10 30 75 75 150
1 2 3 10 30 75 100 100
1 2 3 10 30 78 78 130
1 2 3 10 30 78 91 105
1 2 3 10 30 80 80 120
1 2 3 10 30 80 84 112
1 2 3 10 30 80 96 96
1 2 3 10 30 84 84 105
1 2 3 10 30 85 85 102
1 2 3 10 30 90 90 90
1 2 3 10 32 40 168 224
1 2 3 10 32 40 192 192
1 2 3 10 32 42 140 224
1 2 3 10 32 45 144 160
1 2 3 10 32 48 120 160
1 2 3 10 32 50 96 200
1 2 3 10 32 56 96 140
1 2 3 10 32 60 70 224
1 2 3 10 32 60 80 160
1 2 3 10 32 60 96 120
1 2 3 10 32 65 96 104
1 2 3 10 32 72 90 96
1 2 3 10 32 80 80 96
1 2 3 10 33 38 190 209
1 2 3 10 33 40 152 209
1 2 3 10 33 40 176 176
1 2 3 10 33 42 154 165
1 2 3 10 33 44 110 220
1 2 3 10 33 44 132 165
1 2 3 10 33 44 140 154
1 2 3 10 33 45 110 198
1 2 3 10 33 50 88 200
1 2 3 10 33 55 80 176
1 2 3 10 33 55 110 110
1 2 3 10 33 56 88 140
1 2 3 10 33 60 66 220
1 2 3 10 33 60 88 120
1 2 3 10 33 65 88 104
1 2 3 10 33 66 66 165
1 2 3 10 33 66 90 99
1 2 3 10 33 70 77 110
1 2 3 10 33 72 88 90
1 2 3 10 33 80 80 88
1 2 3 10 34 40 136 204
1 2 3 10 34 51 85 170
1 2 3 10 34 51 90 153
1 2 3 10 34 60 68 170
1 2 3 10 35 35 210 210
1 2 3 10 35 36 180 210
1 2 3 10 35 39 130 210
1 2 3 10 35 40 120 210
1 2 3 10 35 40 140 168
1 2 3 10 35 42 105 210
1 2 3 10 35 42 119 170
1 2 3 10 35 42 120 168
1 2 3 10 35 42 140 140
1 2 3 10 35 45 90 210
1 2 3 10 35 45 112 144
1 2 3 10 35 45 126 126
1 2 3 10 35 48 80 210
1 2 3 10 35 48 112 120
1 2 3 10 35 50 75 210
1 2 3 10 35 54 70 189
1 2 3 10 35 55 66 210
1 2 3 10 35 56 70 168
1 2 3 10 35 56 84 120
1 2 3 10 35 60 60 210
1 2 3 10 35 60 63 180
1 2 3 10 35 60 70 140
1 2 3 10 35 60 80 112
1 2 3 10 35 60 84 105
1 2 3 10 35 63 70 126
1 2 3 10 35 63 72 120
1 2 3 10 35 63 90 90
1 2 3 10 35 70 70 105
1 2 3 10 35 70 78 91
1 2 3 10 35 70 84 84
1 2 3 10 36 36 165 198
1 2 3 10 36 36 171 190
1 2 3 10 36 36 180 180
1 2 3 10 36 39 130 180
1 2 3 10 36 40 108 216
1 2 3 10 36 40 120 180
1 2 3 10 36 40 126 168
1 2 3 10 36 40 136 153
1 2 3 10 36 40 144 144
1 2 3 10 36 42 105 180
1 2 3 10 36 42 126 140
1 2 3 10 36 44 90 198
1 2 3 10 36 44 99 165
1 2 3 10 36 45 84 210
1 2 3 10 36 45 85 204
1 2 3 10 36 45 90 180
1 2 3 10 36 45 96 160
1 2 3 10 36 45 100 150
1 2 3 10 36 45 105 140
1 2 3 10 36 45 108 135
1 2 3 10 36 45 110 132
1 2 3 10 36 45 120 120
1 2 3 10 36 48 80 180
1 2 3 10 36 48 90 144
1 2 3 10 36 50 72 200
1 2 3 10 36 50 75 180
1 2 3 10 36 52 90 117
1 2 3 10 36 54 90 108
1 2 3 10 36 55 66 180
1 2 3 10 36 56 72 140
1 2 3 10 36 60 60 180
1 2 3 10 36 60 70 126
1 2 3 10 36 60 72 120
1 2 3 10 36 60 90 90
1 2 3 10 36 63 63 140
1 2 3 10 36 63 84 90
1 2 3 10 36 65 72 104
1 2 3 10 36 72 72 90
1 2 3 10 36 72 80 80
1 2 3 10 38 38 114 190
1 2 3 10 38 40 114 152
1 2 3 10 38 57 57 190
1 2 3 10 38 60 76 95
1 2 3 10 39 39 130 130
1 2 3 10 39 40 104 156
1 2 3 10 39 40 120 130
1 2 3 10 39 42 105 130
1 2 3 10 39 45 90 130
1 2 3 10 39 48 65 208
1 2 3 10 39 48 80 130
1 2 3 10 39 50 75 130
1 2 3 10 39 52 60 195
1 2 3 10 39 52 65 156
1 2 3 10 39 55 66 130
1 2 3 10 39 60 60 130
1 2 3 10 39 65 78 78
1 2 3 10 40 40 84 210
1 2 3 10 40 40 85 204
1 2 3 10 40 40 90 180
1 2 3 10 40 40 96 160
1 2 3 10 40 40 100 150
1 2 3 10 40 40 105 140
1 2 3 10 40 40 108 135
1 2 3 10 40 40 110 132
1 2 3 10 40 40 120 120
1 2 3 10 40 42 84 168
1 2 3 10 40 42 88 154
1 2 3 10 40 42 105 120
1 2 3 10 40 42 112 112
1 2 3 10 40 44 72 198
1 2 3 10 40 44 77 168
1 2 3 10 40 44 88 132
1 2 3 10 40 45 72 180
1 2 3 10 40 45 80 144
1 2 3 10 40 45 90 120
1 2 3 10 40 46 69 184
1 2 3 10 40 48 64 192
1 2 3 10 40 48 66 176
1 2 3 10 40 48 72 144
1 2 3 10 40 48 80 120
1 2 3 10 40 48 84 112
1 2 3 10 40 48 96 96
1 2 3 10 40 50 60 200
1 2 3 10 40 50 75 120
1 2 3 10 40 51 68 136
1 2 3 10 40 52 72 117
1 2 3 10 40 52 78 104
1 2 3 10 40 54 54 216
1 2 3 10 40 54 56 189
1 2 3 10 40 54 72 108
1 2 3 10 40 55 66 120
1 2 3 10 40 56 56 168
1 2 3 10 40 56 60 140
1 2 3 10 40 56 63 126
1 2 3 10 40 56 70 105
1 2 3 10 40 56 78 91
1 2 3 10 40 56 84 84
1 2 3 10 40 57 57 152
1 2 3 10 40 60 60 120
1 2 3 10 40 60 65 104
1 2 3 10 40 60 72 90
1 2 3 10 40 60 80 80
1 2 3 10 40 63 72 84
1 2 3 10 40 64 64 96
1 2 3 10 40 66 66 88
1 2 3 10 40 72 72 72
1 2 3 10 42 42 70 210
1 2 3 10 42 42 75 175
1 2 3 10 42 42 77 165
1 2 3 10 42 42 84 140
1 2 3 10 42 42 90 126
1 2 3 10 42 42 105 105
1 2 3 10 42 44 77 140
1 2 3 10 42 45 63 210
1 2 3 10 42 45 90 105
1 2 3 10 42 48 80 105
1 2 3 10 42 50 56 200
1 2 3 10 42 50 75 105
1 2 3 10 42 55 55 154
1 2 3 10 42 55 66 105
1 2 3 10 42 56 56 140
1 2 3 10 42 56 60 120
1 2 3 10 42 56 65 104
1 2 3 10 42 56 72 90
1 2 3 10 42 56 80 80
1 2 3 10 42 60 60 105
1 2 3 10 42 60 70 84
1 2 3 10 42 63 63 90
1 2 3 10 42 70 70 70
1 2 3 10 44 44 60 220
1 2 3 10 44 44 66 165
1 2 3 10 44 44 90 99
1 2 3 10 44 45 60 198
1 2 3 10 44 55 55 132
1 2 3 10 44 55 60 110
1 2 3 10 44 60 70 77
1 2 3 10 45 45 60 180
1 2 3 10 45 45 70 126
1 2 3 10 45 45 72 120
1 2 3 10 45 45 90 90
1 2 3 10 45 48 60 144
1 2 3 10 45 48 80 90
1 2 3 10 45 50 75 90
1 2 3 10 45 52 60 117
1 2 3 10 45 54 54 135
1 2 3 10 45 54 60 108
1 2 3 10 45 55 66 90
1 2 3 10 45 60 60 90
1 2 3 10 45 60 63 84
1 2 3 10 45 60 72 72
1 2 3 10 45 63 70 70
1 2 3 10 46 46 69 115
1 2 3 10 48 48 50 200
1 2 3 10 48 48 56 140
1 2 3 10 48 48 60 120
1 2 3 10 48 48 65 104
1 2 3 10 48 48 72 90
1 2 3 10 48 48 80 80
1 2 3 10 48 50 75 80
1 2 3 10 48 55 66 80
1 2 3 10 48 60 60 80
1 2 3 10 50 50 50 150
1 2 3 10 50 50 60 100
1 2 3 10 50 50 75 75
1 2 3 10 50 55 66 75
1 2 3 10 50 60 60 75
1 2 3 10 52 52 65 78
1 2 3 10 52 60 65 65
1 2 3 10 54 54 54 90
1 2 3 10 55 55 66 66
1 2 3 10 55 60 60 66
1 2 3 10 56 56 60 70
1 2 3 10 60 60 60 60
1 2 3 11 17 153 187 198
1 2 3 11 18 90 220 220
1 2 3 11 18 99 180 220
1 2 3 11 18 99 198 198
1 2 3 11 18 102 187 198
1 2 3 11 18 110 165 198
1 2 3 11 18 110 171 190
1 2 3 11 18 110 180 180
1 2 3 11 18 132 132 198
1 2 3 11 18 132 144 176
1 2 3 11 19 110 114 190
1 2 3 11 20 60 220 220
1 2 3 11 20 66 165 220
1 2 3 11 20 66 180 198
1 2 3 11 20 80 132 176
1 2 3 11 20 84 110 210
1 2 3 11 20 85 110 204
1 2 3 11 20 88 120 165
1 2 3 11 20 90 99 220
1 2 3 11 20 90 110 180
1 2 3 11 20 96 110 160
1 2 3 11 20 99 99 180
1 2 3 11 20 100 110 150
1 2 3 11 20 105 110 140
1 2 3 11 20 108 110 135
1 2 3 11 20 110 110 132
1 2 3 11 20 110 120 120
1 2 3 11 21 66 126 198
1 2 3 11 21 66 154 154
1 2 3 11 21 70 110 210
1 2 3 11 21 75 110 175
1 2 3 11 21 77 99 198
1 2 3 11 21 77 102 187
1 2 3 11 21 77 110 165
1 2 3 11 21 77 132 132
1 2 3 11 21 84 110 140
1 2 3 11 21 90 110 126
1 2 3 11 21 99 99 126
1 2 3 11 21 105 105 110
1 2 3 11 22 51 187 187
1 2 3 11 22 54 154 189
1 2 3 11 22 55 132 220
1 2 3 11 22 55 143 195
1 2 3 11 22 55 165 165
1 2 3 11 22 56 154 168
1 2 3 11 22 60 110 220
1 2 3 11 22 60 132 165
1 2 3 11 22 60 140 154
1 2 3 11 22 63 126 154
1 2 3 11 22 66 99 198
1 2 3 11 22 66 102 187
1 2 3 11 22 66 110 165
1 2 3 11 22 66 132 132
1 2 3 11 22 70 105 154
1 2 3 11 22 72 88 198
1 2 3 11 22 77 88 168
1 2 3 11 22 78 91 154
1 2 3 11 22 84 84 154
1 2 3 11 22 88 88 132
1 2 3 11 22 90 99 110
1 2 3 11 22 99 99 99
1 2 3 11 23 69 110 115
1 2 3 11 24 40 220 220
1 2 3 11 24 44 152 209
1 2 3 11 24 44 176 176
1 2 3 11 24 48 132 176
1 2 3 11 24 50 110 200
1 2 3 11 24 55 88 220
1 2 3 11 24 55 120 132
1 2 3 11 24 56 110 140
1 2 3 11 24 60 88 165
1 2 3 11 24 60 110 120
1 2 3 11 24 65 104 110
1 2 3 11 24 66 72 198
1 2 3 11 24 66 77 168
1 2 3 11 24 66 88 132
1 2 3 11 24 72 90 110
1 2 3 11 24 72 99 99
1 2 3 11 24 80 80 110
1 2 3 11 24 88 88 88
1 2 3 11 25 50 110 150
1 2 3 11 25 55 100 132
1 2 3 11 25 60 100 110
1 2 3 11 25 75 75 110
1 2 3 11 26 42 143 154
1 2 3 11 26 44 132 143
1 2 3 11 26 65 78 110
1 2 3 11 26 66 66 143
1 2 3 11 27 40 110 216
1 2 3 11 27 44 88 216
1 2 3 11 27 45 110 135
1 2 3 11 27 54 66 198
1 2 3 11 27 54 90 110
1 2 3 11 27 54 99 99
1 2 3 11 28 40 110 168
1 2 3 11 28 42 110 140
1 2 3 11 28 44 88 168
1 2 3 11 28 55 70 132
1 2 3 11 28 60 70 110
1 2 3 11 28 66 77 84
1 2 3 11 30 30 220 220
1 2 3 11 30 33 132 220
1 2 3 11 30 33 143 195
1 2 3 11 30 33 165 165
1 2 3 11 30 35 110 210
1 2 3 11 30 36 99 220
1 2 3 11 30 36 110 180
1 2 3 11 30 39 110 130
1 2 3 11 30 40 88 165
1 2 3 11 30 40 110 120
1 2 3 11 30 42 105 110
1 2 3 11 30 44 66 220
1 2 3 11 30 44 88 120
1 2 3 11 30 45 66 198
1 2 3 11 30 45 90 110
1 2 3 11 30 45 99 99
1 2 3 11 30 48 80 110
1 2 3 11 30 50 75 110
1 2 3 11 30 55 55 165
1 2 3 11 30 55 60 132
1 2 3 11 30 55 66 110
1 2 3 11 30 60 60 110
1 2 3 11 30 66 70 77
1 2 3 11 32 32 132 176
1 2 3 11 32 40 96 110
1 2 3 11 32 44 88 96
1 2 3 11 33 33 99 198
1 2 3 11 33 33 102 187
1 2 3 11 33 33 110 165
1 2 3 11 33 33 132 132
1 2 3 11 33 36 99 132
1 2 3 11 33 39 78 143
1 2 3 11 33 40 88 110
1 2 3 11 33 42 66 154
1 2 3 11 33 44 55 220
1 2 3 11 33 44 60 165
1 2 3 11 33 44 66 132
1 2 3 11 33 44 88 88
1 2 3 11 33 45 55 198
1 2 3 11 33 52 52 143
1 2 3 11 33 55 55 110
1 2 3 11 33 55 70 77
1 2 3 11 33 66 66 66
1 2 3 11 35 35 105 110
1 2 3 11 35 42 70 110
1 2 3 11 35 45 63 110
1 2 3 11 36 36 66 198
1 2 3 11 36 36 90 110
1 2 3 11 36 36 99 99
1 2 3 11 36 40 72 110
1 2 3 11 36 44 66 99
1 2 3 11 36 44 72 88
1 2 3 11 36 45 55 132
1 2 3 11 36 45 60 110
1 2 3 11 39 39 65 110
1 2 3 11 40 40 55 132
1 2 3 11 40 40 60 110
1 2 3 11 40 42 56 110
1 2 3 11 40 44 60 88
1 2 3 11 40 48 48 110
1 2 3 11 42 42 66 77
1 2 3 11 42 44 44 154
1 2 3 11 42 44 56 88
1 2 3 11 44 44 44 132
1 2 3 11 44 44 66 66
1 2 3 11 44 48 48 88
1 2 3 11 44 55 55 60
1 2 3 11 45 45 45 110
1 2 3 12 15 132 220 220
1 2 3 12 15 135 216 216
1 2 3 12 15 140 210 210
1 2 3 12 15 143 195 220
1 2 3 12 15 147 196 210
1 2 3 12 15 148 185 222
1 2 3 12 15 150 200 200
1 2 3 12 15 156 182 210
1 2 3 12 15 156 195 195
1 2 3 12 15 160 168 224
1 2 3 12 15 160 192 192
1 2 3 12 15 165 165 220
1 2 3 12 15 165 180 198
1 2 3 12 15 168 168 210
1 2 3 12 15 168 175 200
1 2 3 12 15 170 170 204
1 2 3 12 15 171 180 190
1 2 3 12 15 180 180 180
1 2 3 12 16 84 224 224
1 2 3 12 16 96 168 224
1 2 3 12 16 96 192 192
1 2 3 12 16 99 176 198
1 2 3 12 16 102 176 187
1 2 3 12 16 104 156 208
1 2 3 12 16 108 144 216
1 2 3 12 16 110 165 176
1 2 3 12 16 112 140 210
1 2 3 12 16 112 147 196
1 2 3 12 16 112 156 182
1 2 3 12 16 112 168 168
1 2 3 12 16 120 130 208
1 2 3 12 16 120 144 180
1 2 3 12 16 120 160 160
1 2 3 12 16 126 144 168
1 2 3 12 16 128 128 192
1 2 3 12 16 132 132 176
1 2 3 12 16 136 144 153
1 2 3 12 16 144 144 144
1 2 3 12 17 68 204 204
1 2 3 12 17 102 102 204
1 2 3 12 17 102 136 136
1 2 3 12 18 54 216 216
1 2 3 12 18 55 198 220
1 2 3 12 18 56 189 216
1 2 3 12 18 60 165 198
1 2 3 12 18 60 171 190
1 2 3 12 18 60 180 180
1 2 3 12 18 63 140 210
1 2 3 12 18 63 147 196
1 2 3 12 18 63 156 182
1 2 3 12 18 63 168 168
1 2 3 12 18 64 144 192
1 2 3 12 18 66 132 198
1 2 3 12 18 66 144 176
1 2 3 12 18 68 117 221
1 2 3 12 18 68 153 153
1 2 3 12 18 70 126 180
1 2 3 12 18 72 108 216
1 2 3 12 18 72 120 180
1 2 3 12 18 72 126 168
1 2 3 12 18 72 136 153
1 2 3 12 18 72 144 144
1 2 3 12 18 76 114 171
1 2 3 12 18 78 117 156
1 2 3 12 18 80 120 144
1 2 3 12 18 81 108 162
1 2 3 12 18 84 90 210
1 2 3 12 18 84 112 144
1 2 3 12 18 84 126 126
1 2 3 12 18 85 90 204
1 2 3 12 18 88 88 198
1 2 3 12 18 90 90 180
1 2 3 12 18 90 96 160
1 2 3 12 18 90 100 150
1 2 3 12 18 90 105 140
1 2 3 12 18 90 108 135
1 2 3 12 18 90 110 132
1 2 3 12 18 90 120 120
1 2 3 12 18 96 96 144
1 2 3 12 18 99 99 132
1 2 3 12 18 104 104 117
1 2 3 12 18 108 108 108
1 2 3 12 19 57 152 152
1 2 3 12 19 60 114 190
1 2 3 12 19 76 114 114
1 2 3 12 20 42 210 210
1 2 3 12 20 44 165 220
1 2 3 12 20 44 180 198
1 2 3 12 20 45 165 198
1 2 3 12 20 45 171 190
1 2 3 12 20 45 180 180
1 2 3 12 20 48 130 208
1 2 3 12 20 48 144 180
1 2 3 12 20 48 160 160
1 2 3 12 20 50 120 200
1 2 3 12 20 50 150 150
1 2 3 12 20 52 117 180
1 2 3 12 20 52 130 156
1 2 3 12 20 54 105 189
1 2 3 12 20 54 108 180
1 2 3 12 20 54 135 135
1 2 3 12 20 55 99 198
1 2 3 12 20 55 102 187
1 2 3 12 20 55 110 165
1 2 3 12 20 55 132 132
1 2 3 12 20 56 105 168
1 2 3 12 20 56 120 140
1 2 3 12 20 57 95 190
1 2 3 12 20 60 84 210
1 2 3 12 20 60 85 204
1 2 3 12 20 60 90 180
1 2 3 12 20 60 96 160
1 2 3 12 20 60 100 150
1 2 3 12 20 60 105 140
1 2 3 12 20 60 108 135
1 2 3 12 20 60 110 132
1 2 3 12 20 60 120 120
1 2 3 12 20 62 93 155
1 2 3 12 20 63 84 180
1 2 3 12 20 63 105 126
1 2 3 12 20 64 80 192
1 2 3 12 20 65 78 195
1 2 3 12 20 65 104 120
1 2 3 12 20 66 80 176
1 2 3 12 20 66 110 110
1 2 3 12 20 70 70 210
1 2 3 12 20 70 75 175
1 2 3 12 20 70 77 165
1 2 3 12 20 70 84 140
1 2 3 12 20 70 90 126
1 2 3 12 20 70 105 105
1 2 3 12 20 72 72 180
1 2 3 12 20 72 80 144
1 2 3 12 20 72 90 120
1 2 3 12 20 75 75 150
1 2 3 12 20 75 100 100
1 2 3 12 20 78 78 130
1 2 3 12 20 78 91 105
1 2 3 12 20 80 80 120
1 2 3 12 20 80 84 112
1 2 3 12 20 80 96 96
1 2 3 12 20 84 84 105
1 2 3 12 20 85 85 102
1 2 3 12 20 90 90 90
1 2 3 12 21 40 160 224
1 2 3 12 21 40 168 210
1 2 3 12 21 40 175 200
1 2 3 12 21 42 140 210
1 2 3 12 21 42 147 196
1 2 3 12 21 42 156 182
1 2 3 12 21 42 168 168
1 2 3 12 21 44 126 198
1 2 3 12 21 44 154 154
1 2 3 12 21 45 126 180
1 2 3 12 21 48 96 224
1 2 3 12 21 48 112 168
1 2 3 12 21 48 126 144
1 2 3 12 21 49 98 196
1 2 3 12 21 50 100 175
1 2 3 12 21 52 91 182
1 2 3 12 21 52 117 126
1 2 3 12 21 54 84 189
1 2 3 12 21 54 108 126
1 2 3 12 21 55 77 220
1 2 3 12 21 56 84 168
1 2 3 12 21 56 88 154
1 2 3 12 21 56 105 120
1 2 3 12 21 56 112 112
1 2 3 12 21 60 70 210
1 2 3 12 21 60 75 175
1 2 3 12 21 60 77 165
1 2 3 12 21 60 84 140
1 2 3 12 21 60 90 126
1 2 3 12 21 60 105 105
1 2 3 12 21 63 70 180
1 2 3 12 21 63 72 168
1 2 3 12 21 63 84 126
1 2 3 12 21 64 64 224
1 2 3 12 21 66 77 132
1 2 3 12 21 70 70 140
1 2 3 12 21 70 80 112
1 2 3 12 21 70 84 105
1 2 3 12 21 72 72 126
1 2 3 12 21 77 88 88
1 2 3 12 21 78 84 91
1 2 3 12 21 84 84 84
1 2 3 12 22 35 210 220
1 2 3 12 22 36 180 220
1 2 3 12 22 36 198 198
1 2 3 12 22 39 130 220
1 2 3 12 22 40 120 220
1 2 3 12 22 42 105 220
1 2 3 12 22 42 132 154
1 2 3 12 22 44 99 198
1 2 3 12 22 44 102 187
1 2 3 12 22 44 110 165
1 2 3 12 22 44 132 132
1 2 3 12 22 45 90 220
1 2 3 12 22 45 99 180
1 2 3 12 22 48 80 220
1 2 3 12 22 48 88 176
1 2 3 12 22 48 99 144
1 2 3 12 22 50 75 220
1 2 3 12 22 52 99 117
1 2 3 12 22 54 99 108
1 2 3 12 22 55 66 220
1 2 3 12 22 55 88 120
1 2 3 12 22 60 60 220
1 2 3 12 22 60 66 165
1 2 3 12 22 60 90 99
1 2 3 12 22 63 84 99
1 2 3 12 22 66 66 132
1 2 3 12 22 66 88 88
1 2 3 12 22 72 72 99
1 2 3 12 22 77 77 84
1 2 3 12 23 36 138 207
1 2 3 12 23 46 84 161
1 2 3 12 23 46 92 138
1 2 3 12 23 60 69 115
1 2 3 12 23 69 69 92
1 2 3 12 24 32 168 224
1 2 3 12 24 32 192 192
1 2 3 12 24 33 152 209
1 2 3 12 24 33 176 176
1 2 3 12 24 34 136 204
1 2 3 12 24 35 120 210
1 2 3 12 24 35 140 168
1 2 3 12 24 36 108 216
1 2 3 12 24 36 120 180
1 2 3 12 24 36 126 168
1 2 3 12 24 36 136 153
1 2 3 12 24 36 144 144
1 2 3 12 24 38 114 152
1 2 3 12 24 39 104 156
1 2 3 12 24 39 120 130
1 2 3 12 24 40 84 210
1 2 3 12 24 40 85 204
1 2 3 12 24 40 90 180
1 2 3 12 24 40 96 160
1 2 3 12 24 40 100 150
1 2 3 12 24 40 105 140
1 2 3 12 24 40 108 135
1 2 3 12 24 40 110 132
1 2 3 12 24 40 120 120
1 2 3 12 24 42 84 168
1 2 3 12 24 42 88 154
1 2 3 12 24 42 105 120
1 2 3 12 24 42 112 112
1 2 3 12 24 44 72 198
1 2 3 12 24 44 77 168
1 2 3 12 24 44 88 132
1 2 3 12 24 45 72 180
1 2 3 12 24 45 80 144
1 2 3 12 24 45 90 120
1 2 3 12 24 46 69 184
1 2 3 12 24 48 64 192
1 2 3 12 24 48 66 176
1 2 3 12 24 48 72 144
1 2 3 12 24 48 80 120
1 2 3 12 24 48 84 112
1 2 3 12 24 48 96 96
1 2 3 12 24 50 60 200
1 2 3 12 24 50 75 120
1 2 3 12 24 51 68 136
1 2 3 12 24 52 72 117
1 2 3 12 24 52 78 104
1 2 3 12 24 54 54 216
1 2 3 12 24 54 56 189
1 2 3 12 24 54 72 108
1 2 3 12 24 55 66 120
1 2 3 12 24 56 56 168
1 2 3 12 24 56 60 140
1 2 3 12 24 56 63 126
1 2 3 12 24 56 70 105
1 2 3 12 24 56 78 91
1 2 3 12 24 56 84 84
1 2 3 12 24 57 57 152
1 2 3 12 24 60 60 120
1 2 3 12 24 60 65 104
1 2 3 12 24 60 72 90
1 2 3 12 24 60 80 80
1 2 3 12 24 63 72 84
1 2 3 12 24 64 64 96
1 2 3 12 24 66 66 88
1 2 3 12 24 72 72 72
1 2 3 12 25 30 200 200
1 2 3 12 25 35 100 210
1 2 3 12 25 36 100 180
1 2 3 12 25 39 100 130
1 2 3 12 25 40 75 200
1 2 3 12 25 40 100 120
1 2 3 12 25 42 100 105
1 2 3 12 25 45 90 100
1 2 3 12 25 48 80 100
1 2 3 12 25 50 60 150
1 2 3 12 25 50 75 100
1 2 3 12 25 55 66 100
1 2 3 12 25 60 60 100
1 2 3 12 25 60 75 75
1 2 3 12 26 30 143 220
1 2 3 12 26 30 156 195
1 2 3 12 26 33 132 143
1 2 3 12 26 36 99 143
1 2 3 12 26 36 117 117
1 2 3 12 26 39 68 221
1 2 3 12 26 39 78 156
1 2 3 12 26 39 104 104
1 2 3 12 26 44 66 143
1 2 3 12 26 48 52 208
1 2 3 12 26 52 52 156
1 2 3 12 26 52 78 78
1 2 3 12 26 60 65 78
1 2 3 12 27 27 216 216
1 2 3 12 27 28 168 216
1 2 3 12 27 28 189 189
1 2 3 12 27 30 120 216
1 2 3 12 27 30 135 180
1 2 3 12 27 32 96 216
1 2 3 12 27 33 88 216
1 2 3 12 27 36 72 216
1 2 3 12 27 36 81 162
1 2 3 12 27 36 90 135
1 2 3 12 27 36 108 108
1 2 3 12 27 40 60 216
1 2 3 12 27 40 72 135
1 2 3 12 27 42 56 216
1 2 3 12 27 44 54 198
1 2 3 12 27 45 54 180
1 2 3 12 27 45 60 135
1 2 3 12 27 48 48 216
1 2 3 12 27 48 54 144
1 2 3 12 27 52 54 117
1 2 3 12 27 54 54 108
1 2 3 12 27 54 60 90
1 2 3 12 27 54 63 84
1 2 3 12 27 54 72 72
1 2 3 12 28 28 140 210
1 2 3 12 28 28 147 196
1 2 3 12 28 28 156 182
1 2 3 12 28 28 168 168
1 2 3 12 28 30 105 210
1 2 3 12 28 30 119 170
1 2 3 12 28 30 120 168
1 2 3 12 28 30 140 140
1 2 3 12 28 31 93 217
1 2 3 12 28 32 84 224
1 2 3 12 28 32 96 168
1 2 3 12 28 33 88 168
1 2 3 12 28 34 102 119
1 2 3 12 28 35 70 210
1 2 3 12 28 35 75 175
1 2 3 12 28 35 77 165
1 2 3 12 28 35 84 140
1 2 3 12 28 35 90 126
1 2 3 12 28 35 105 105
1 2 3 12 28 36 70 180
1 2 3 12 28 36 72 168
1 2 3 12 28 36 84 126
1 2 3 12 28 39 70 130
1 2 3 12 28 39 91 91
1 2 3 12 28 40 56 210
1 2 3 12 28 40 60 168
1 2 3 12 28 40 70 120
1 2 3 12 28 42 54 189
1 2 3 12 28 42 56 168
1 2 3 12 28 42 60 140
1 2 3 12 28 42 63 126
1 2 3 12 28 42 70 105
1 2 3 12 28 42 78 91
1 2 3 12 28 42 84 84
1 2 3 12 28 44 77 84
1 2 3 12 28 45 63 105
1 2 3 12 28 45 70 90
1 2 3 12 28 48 48 168
1 2 3 12 28 48 56 112
1 2 3 12 28 48 70 80
1 2 3 12 28 49 49 147
1 2 3 12 28 50 70 75
1 2 3 12 28 51 51 119
1 2 3 12 28 55 66 70
1 2 3 12 28 56 56 84
1 2 3 12 28 56 63 72
1 2 3 12 28 60 60 70
1 2 3 12 28 63 63 63
1 2 3 12 29 29 116 174
1 2 3 12 29 30 116 145
1 2 3 12 30 30 84 210
1 2 3 12 30 30 85 204
1 2 3 12 30 30 90 180
1 2 3 12 30 30 96 160
1 2 3 12 30 30 100 150
1 2 3 12 30 30 105 140
1 2 3 12 30 30 108 135
1 2 3 12 30 30 110 132
1 2 3 12 30 30 120 120
1 2 3 12 30 32 70 224
1 2 3 12 30 32 80 160
1 2 3 12 30 32 96 120
1 2 3 12 30 33 66 220
1 2 3 12 30 33 88 120
1 2 3 12 30 34 68 170
1 2 3 12 30 35 60 210
1 2 3 12 30 35 63 180
1 2 3 12 30 35 70 140
1 2 3 12 30 35 80 112
1 2 3 12 30 35 84 105
1 2 3 12 30 36 60 180
1 2 3 12 30 36 70 126
1 2 3 12 30 36 72 120
1 2 3 12 30 36 90 90
1 2 3 12 30 38 76 95
1 2 3 12 30 39 52 195
1 2 3 12 30 39 60 130
1 2 3 12 30 40 50 200
1 2 3 12 30 40 56 140
1 2 3 12 30 40 60 120
1 2 3 12 30 40 65 104
1 2 3 12 30 40 72 90
1 2 3 12 30 40 80 80
1 2 3 12 30 42 56 120
1 2 3 12 30 42 60 105
1 2 3 12 30 42 70 84
1 2 3 12 30 44 44 220
1 2 3 12 30 44 45 198
1 2 3 12 30 44 55 110
1 2 3 12 30 44 70 77
1 2 3 12 30 45 45 180
1 2 3 12 30 45 48 144
1 2 3 12 30 45 52 117
1 2 3 12 30 45 54 108
1 2 3 12 30 45 60 90
1 2 3 12 30 45 63 84
1 2 3 12 30 45 72 72
1 2 3 12 30 48 48 120
1 2 3 12 30 48 60 80
1 2 3 12 30 50 50 100
1 2 3 12 30 50 60 75
1 2 3 12 30 52 65 65
1 2 3 12 30 55 60 66
1 2 3 12 30 56 56 70
1 2 3 12 30 60 60 60
1 2 3 12 31 31 93 124
1 2 3 12 32 32 64 192
1 2 3 12 32 32 66 176
1 2 3 12 32 32 72 144
1 2 3 12 32 32 80 120
1 2 3 12 32 32 84 112
1 2 3 12 32 32 96 96
1 2 3 12 32 33 88 96
1 2 3 12 32 36 72 96
1 2 3 12 32 40 48 160
1 2 3 12 32 40 60 96
1 2 3 12 32 42 42 224
1 2 3 12 32 42 56 96
1 2 3 12 32 48 48 96
1 2 3 12 32 48 64 64
1 2 3 12 33 33 55 220
1 2 3 12 33 33 60 165
1 2 3 12 33 33 66 132
1 2 3 12 33 33 88 88
1 2 3 12 33 36 66 99
1 2 3 12 33 36 72 88
1 2 3 12 33 40 60 88
1 2 3 12 33 42 44 154
1 2 3 12 33 42 56 88
1 2 3 12 33 44 44 132
1 2 3 12 33 44 66 66
1 2 3 12 33 48 48 88
1 2 3 12 33 55 55 60
1 2 3 12 34 34 51 204
1 2 3 12 34 34 68 102
1 2 3 12 34 36 51 153
1 2 3 12 34 51 51 68
1 2 3 12 35 35 56 120
1 2 3 12 35 35 60 105
1 2 3 12 35 35 70 84
1 2 3 12 35 36 45 210
1 2 3 12 35 36 63 90
1 2 3 12 35 40 40 210
1 2 3 12 35 40 42 168
1 2 3 12 35 40 48 112
1 2 3 12 35 40 56 84
1 2 3 12 35 40 63 72
1 2 3 12 35 42 42 140
1 2 3 12 35 42 60 70
1 2 3 12 35 45 60 63
1 2 3 12 36 36 44 198
1 2 3 12 36 36 45 180
1 2 3 12 36 36 48 144
1 2 3 12 36 36 52 117
1 2 3 12 36 36 54 108
1 2 3 12 36 36 60 90
1 2 3 12 36 36 63 84
1 2 3 12 36 36 72 72
1 2 3 12 36 39 45 130
1 2 3 12 36 40 40 180
1 2 3 12 36 40 45 120
1 2 3 12 36 40 60 72
1 2 3 12 36 42 42 126
1 2 3 12 36 42 45 105
1 2 3 12 36 42 56 72
1 2 3 12 36 42 63 63
1 2 3 12 36 44 44 99
1 2 3 12 36 45 45 90
1 2 3 12 36 45 48 80
1 2 3 12 36 45 50 75
1 2 3 12 36 45 55 66
1 2 3 12 36 45 60 60
1 2 3 12 36 48 48 72
1 2 3 12 36 54 54 54
1 2 3 12 38 38 57 76
1 2 3 12 39 39 39 156
1 2 3 12 39 39 52 78
1 2 3 12 39 39 60 65
1 2 3 12 39 40 40 130
1 2 3 12 39 52 52 52
1 2 3 12 40 40 40 120
1 2 3 12 40 40 42 105
1 2 3 12 40 40 45 90
1 2 3 12 40 40 48 80
1 2 3 12 40 40 50 75
1 2 3 12 40 40 55 66
1 2 3 12 40 40 60 60
1 2 3 12 40 42 56 60
1 2 3 12 40 45 45 72
1 2 3 12 40 48 48 60
1 2 3 12 42 42 42 84
1 2 3 12 42 42 44 77
1 2 3 12 42 42 56 56
1 2 3 12 42 48 48 56
1 2 3 12 44 44 44 66
1 2 3 12 45 45 45 60
1 2 3 12 48 48 48 48
1 2 3 13 14 130 182 195
1 2 3 13 14 140 156 210
1 2 3 13 14 147 156 196
1 2 3 13 14 156 156 182
1 2 3 13 14 156 168 168
1 2 3 13 15 78 182 210
1 2 3 13 15 78 195 195
1 2 3 13 15 84 156 210
1 2 3 13 15 85 156 204
1 2 3 13 15 90 156 180
1 2 3 13 15 96 156 160
1 2 3 13 15 100 150 156
1 2 3 13 15 104 120 195
1 2 3 13 15 105 140 156
1 2 3 13 15 108 135 156
1 2 3 13 15 110 132 156
1 2 3 13 15 110 143 143
1 2 3 13 15 120 120 156
1 2 3 13 15 130 130 130
1 2 3 13 16 64 156 192
1 2 3 13 16 66 156 176
1 2 3 13 16 72 117 208
1 2 3 13 16 72 144 156
1 2 3 13 16 78 104 208
1 2 3 13 16 78 112 182
1 2 3 13 16 80 104 195
1 2 3 13 16 80 120 156
1 2 3 13 16 84 112 156
1 2 3 13 16 96 96 156
1 2 3 13 17 51 156 204
1 2 3 13 17 68 102 156
1 2 3 13 18 44 156 198
1 2 3 13 18 45 156 180
1 2 3 13 18 48 117 208
1 2 3 13 18 48 144 156
1 2 3 13 18 52 117 156
1 2 3 13 18 54 108 156
1 2 3 13 18 60 90 156
1 2 3 13 18 63 78 182
1 2 3 13 18 63 84 156
1 2 3 13 18 65 90 130
1 2 3 13 18 72 72 156
1 2 3 13 18 78 78 117
1 2 3 13 19 57 76 156
1 2 3 13 20 35 156 210
1 2 3 13 20 36 156 180
1 2 3 13 20 39 117 180
1 2 3 13 20 39 130 156
1 2 3 13 20 40 104 195
1 2 3 13 20 40 120 156
1 2 3 13 20 42 105 156
1 2 3 13 20 45 90 156
1 2 3 13 20 48 80 156
1 2 3 13 20 50 75 156
1 2 3 13 20 52 65 195
1 2 3 13 20 52 78 130
1 2 3 13 20 52 91 105
1 2 3 13 20 55 66 156
1 2 3 13 20 60 60 156
1 2 3 13 20 60 65 130
1 2 3 13 21 32 156 224
1 2 3 13 21 35 140 156
1 2 3 13 21 36 126 156
1 2 3 13 21 39 91 182
1 2 3 13 21 39 117 126
1 2 3 13 21 42 78 182
1 2 3 13 21 42 84 156
1 2 3 13 21 44 77 156
1 2 3 13 21 52 84 91
1 2 3 13 21 56 56 156
1 2 3 13 22 30 156 220
1 2 3 13 22 33 132 156
1 2 3 13 22 33 143 143
1 2 3 13 22 36 99 156
1 2 3 13 22 39 99 117
1 2 3 13 22 44 66 156
1 2 3 13 24 26 208 208
1 2 3 13 24 27 156 216
1 2 3 13 24 28 156 168
1 2 3 13 24 30 104 195
1 2 3 13 24 30 120 156
1 2 3 13 24 32 96 156
1 2 3 13 24 33 88 156
1 2 3 13 24 36 72 156
1 2 3 13 24 39 72 117
1 2 3 13 24 39 78 104
1 2 3 13 24 40 60 156
1 2 3 13 24 40 65 130
1 2 3 13 24 42 56 156
1 2 3 13 24 48 48 156
1 2 3 13 24 52 52 104
1 2 3 13 24 52 56 91
1 2 3 13 25 30 100 156
1 2 3 13 26 26 130 195
1 2 3 13 26 26 156 156
1 2 3 13 26 27 104 216
1 2 3 13 26 28 104 168
1 2 3 13 26 30 78 195
1 2 3 13 26 30 104 120
1 2 3 13 26 32 96 104
1 2 3 13 26 33 88 104
1 2 3 13 26 36 72 104
1 2 3 13 26 39 48 208
1 2 3 13 26 39 52 156
1 2 3 13 26 39 78 78
1 2 3 13 26 40 60 104
1 2 3 13 26 42 56 104
1 2 3 13 26 48 48 104
1 2 3 13 26 52 52 78
1 2 3 13 26 52 60 65
1 2 3 13 27 27 108 156
1 2 3 13 27 36 54 156
1 2 3 13 27 39 54 117
1 2 3 13 28 28 78 182
1 2 3 13 28 28 84 156
1 2 3 13 28 30 70 156
1 2 3 13 28 42 42 156
1 2 3 13 28 42 52 91
1 2 3 13 30 30 60 156
1 2 3 13 30 30 65 130
1 2 3 13 30 36 45 156
1 2 3 13 30 39 39 195
1 2 3 13 30 39 45 117
1 2 3 13 30 39 65 65
1 2 3 13 30 40 40 156
1 2 3 13 32 32 48 156
1 2 3 13 33 33 44 156
1 2 3 13 36 36 36 156
1 2 3 13 36 36 39 117
1 2 3 13 39 39 39 78
1 2 3 13 39 39 52 52
1 2 3 14 14 70 210 210
1 2 3 14 14 72 189 216
1 2 3 14 14 75 175 210
1 2 3 14 14 77 165 210
1 2 3 14 14 78 182 182
1 2 3 14 14 81 162 189
1 2 3 14 14 84 140 210
1 2 3 14 14 84 147 196
1 2 3 14 14 84 156 182
1 2 3 14 14 84 168 168
1 2 3 14 14 85 140 204
1 2 3 14 14 88 154 168
1 2 3 14 14 90 126 210
1 2 3 14 14 90 135 189
1 2 3 14 14 90 140 180
1 2 3 14 14 91 130 195
1 2 3 14 14 91 156 156
1 2 3 14 14 96 112 224
1 2 3 14 14 96 140 160
1 2 3 14 14 98 147 147
1 2 3 14 14 100 140 150
1 2 3 14 14 105 105 210
1 2 3 14 14 105 119 170
1 2 3 14 14 105 120 168
1 2 3 14 14 105 140 140
1 2 3 14 14 108 108 189
1 2 3 14 14 108 135 140
1 2 3 14 14 110 132 140
1 2 3 14 14 112 112 168
1 2 3 14 14 112 126 144
1 2 3 14 14 114 133 133
1 2 3 14 14 120 120 140
1 2 3 14 14 126 126 126
1 2 3 14 15 54 189 210
1 2 3 14 15 56 160 224
1 2 3 14 15 56 168 210
1 2 3 14 15 56 175 200
1 2 3 14 15 60 140 210
1 2 3 14 15 60 147 196
1 2 3 14 15 60 156 182
1 2 3 14 15 60 168 168
1 2 3 14 15 63 126 210
1 2 3 14 15 63 135 189
1 2 3 14 15 63 140 180
1 2 3 14 15 65 130 182
1 2 3 14 15 70 105 210
1 2 3 14 15 70 119 170
1 2 3 14 15 70 120 168
1 2 3 14 15 70 140 140
1 2 3 14 15 75 105 175
1 2 3 14 15 77 105 165
1 2 3 14 15 77 110 154
1 2 3 14 15 78 91 210
1 2 3 14 15 80 112 140
1 2 3 14 15 84 84 210
1 2 3 14 15 84 85 204
1 2 3 14 15 84 90 180
1 2 3 14 15 84 96 160
1 2 3 14 15 84 100 150
1 2 3 14 15 84 105 140
1 2 3 14 15 84 108 135
1 2 3 14 15 84 110 132
1 2 3 14 15 84 120 120
1 2 3 14 15 85 119 119
1 2 3 14 15 90 105 126
1 2 3 14 15 95 95 133
1 2 3 14 15 105 105 105
1 2 3 14 16 42 224 224
1 2 3 14 16 48 140 210
1 2 3 14 16 48 147 196
1 2 3 14 16 48 156 182
1 2 3 14 16 48 168 168
1 2 3 14 16 54 112 189
1 2 3 14 16 56 96 224
1 2 3 14 16 56 112 168
1 2 3 14 16 56 126 144
1 2 3 14 16 60 112 140
1 2 3 14 16 63 112 126
1 2 3 14 16 64 84 192
1 2 3 14 16 66 84 176
1 2 3 14 16 70 80 168
1 2 3 14 16 70 105 112
1 2 3 14 16 72 84 144
1 2 3 14 16 78 91 112
1 2 3 14 16 80 84 120
1 2 3 14 16 84 84 112
1 2 3 14 16 84 96 96
1 2 3 14 17 51 84 204
1 2 3 14 17 51 119 119
1 2 3 14 17 68 84 102
1 2 3 14 18 35 165 198
1 2 3 14 18 35 171 190
1 2 3 14 18 35 180 180
1 2 3 14 18 36 140 210
1 2 3 14 18 36 147 196
1 2 3 14 18 36 156 182
1 2 3 14 18 36 168 168
1 2 3 14 18 38 133 171
1 2 3 14 18 39 117 182
1 2 3 14 18 42 90 210
1 2 3 14 18 42 112 144
1 2 3 14 18 42 126 126
1 2 3 14 18 44 84 198
1 2 3 14 18 45 84 180
1 2 3 14 18 45 105 126
1 2 3 14 18 48 84 144
1 2 3 14 18 52 84 117
1 2 3 14 18 54 63 189
1 2 3 14 18 54 84 108
1 2 3 14 18 56 63 168
1 2 3 14 18 56 72 126
1 2 3 14 18 60 63 140
1 2 3 14 18 60 84 90
1 2 3 14 18 63 63 126
1 2 3 14 18 63 70 105
1 2 3 14 18 63 78 91
1 2 3 14 18 63 84 84
1 2 3 14 18 70 70 90
1 2 3 14 18 72 72 84
1 2 3 14 19 33 133 209
1 2 3 14 19 35 114 190
1 2 3 14 19 38 114 133
1 2 3 14 19 57 57 133
1 2 3 14 19 57 76 84
1 2 3 14 20 28 210 210
1 2 3 14 20 30 140 210
1 2 3 14 20 30 147 196
1 2 3 14 20 30 156 182
1 2 3 14 20 30 168 168
1 2 3 14 20 32 105 224
1 2 3 14 20 35 84 210
1 2 3 14 20 35 85 204
1 2 3 14 20 35 90 180
1 2 3 14 20 35 96 160
1 2 3 14 20 35 100 150
1 2 3 14 20 35 105 140
1 2 3 14 20 35 108 135
1 2 3 14 20 35 110 132
1 2 3 14 20 35 120 120
1 2 3 14 20 36 84 180
1 2 3 14 20 36 105 126
1 2 3 14 20 39 84 130
1 2 3 14 20 40 70 168
1 2 3 14 20 40 84 120
1 2 3 14 20 42 60 210
1 2 3 14 20 42 63 180
1 2 3 14 20 42 70 140
1 2 3 14 20 42 80 112
1 2 3 14 20 42 84 105
1 2 3 14 20 44 77 105
1 2 3 14 20 45 63 140
1 2 3 14 20 45 84 90
1 2 3 14 20 48 80 84
1 2 3 14 20 50 75 84
1 2 3 14 20 55 66 84
1 2 3 14 20 56 56 105
1 2 3 14 20 60 60 84
1 2 3 14 20 60 70 70
1 2 3 14 21 27 168 216
1 2 3 14 21 27 189 189
1 2 3 14 21 28 140 210
1 2 3 14 21 28 147 196
1 2 3 14 21 28 156 182
1 2 3 14 21 28 168 168
1 2 3 14 21 30 105 210
1 2 3 14 21 30 119 170
1 2 3 14 21 30 120 168
1 2 3 14 21 30 140 140
1 2 3 14 21 31 93 217
1 2 3 14 21 32 84 224
1 2 3 14 21 32 96 168
1 2 3 14 21 33 88 168
1 2 3 14 21 34 102 119
1 2 3 14 21 35 70 210
1 2 3 14 21 35 75 175
1 2 3 14 21 35 77 165
1 2 3 14 21 35 84 140
1 2 3 14 21 35 90 126
1 2 3 14 21 35 105 105
1 2 3 14 21 36 70 180
1 2 3 14 21 36 72 168
1 2 3 14 21 36 84 126
1 2 3 14 21 39 70 130
1 2 3 14 21 39 91 91
1 2 3 14 21 40 56 210
1 2 3 14 21 40 60 168
1 2 3 14 21 40 70 120
1 2 3 14 21 42 54 189
1 2 3 14 21 42 56 168
1 2 3 14 21 42 60 140
1 2 3 14 21 42 63 126
1 2 3 14 21 42 70 105
1 2 3 14 21 42 78 91
1 2 3 14 21 42 84 84
1 2 3 14 21 44 77 84
1 2 3 14 21 45 63 105
1 2 3 14 21 45 70 90
1 2 3 14 21 48 48 168
1 2 3 14 21 48 56 112
1 2 3 14 21 48 70 80
1 2 3 14 21 49 49 147
1 2 3 14 21 50 70 75
1 2 3 14 21 51 51 119
1 2 3 14 21 55 66 70
1 2 3 14 21 56 56 84
1 2 3 14 21 56 63 72
1 2 3 14 21 60 60 70
1 2 3 14 21 63 63 63
1 2 3 14 22 28 105 220
1 2 3 14 22 28 132 154
1 2 3 14 22 30 84 220
1 2 3 14 22 33 77 154
1 2 3 14 22 33 84 132
1 2 3 14 22 35 60 220
1 2 3 14 22 35 66 165
1 2 3 14 22 35 90 99
1 2 3 14 22 36 84 99
1 2 3 14 22 42 63 99
1 2 3 14 22 42 77 77
1 2 3 14 22 44 66 84
1 2 3 14 23 35 69 115
1 2 3 14 23 42 46 161
1 2 3 14 24 24 140 210
1 2 3 14 24 24 147 196
1 2 3 14 24 24 156 182
1 2 3 14 24 24 168 168
1 2 3 14 24 26 104 182
1 2 3 14 24 27 84 216
1 2 3 14 24 28 84 168
1 2 3 14 24 28 88 154
1 2 3 14 24 28 105 120
1 2 3 14 24 28 112 112
1 2 3 14 24 30 70 168
1 2 3 14 24 30 84 120
1 2 3 14 24 32 56 224
1 2 3 14 24 32 84 96
1 2 3 14 24 33 84 88
1 2 3 14 24 35 50 200
1 2 3 14 24 35 56 140
1 2 3 14 24 35 60 120
1 2 3 14 24 35 65 104
1 2 3 14 24 35 72 90
1 2 3 14 24 35 80 80
1 2 3 14 24 36 56 126
1 2 3 14 24 36 72 84
1 2 3 14 24 40 42 210
1 2 3 14 24 40 60 84
1 2 3 14 24 40 70 70
1 2 3 14 24 42 42 168
1 2 3 14 24 42 48 112
1 2 3 14 24 42 56 84
1 2 3 14 24 42 63 72
1 2 3 14 24 44 56 77
1 2 3 14 24 48 48 84
1 2 3 14 24 56 56 56
1 2 3 14 25 25 105 175
1 2 3 14 25 28 100 105
1 2 3 14 25 30 84 100
1 2 3 14 25 35 50 150
1 2 3 14 25 35 60 100
1 2 3 14 25 35 75 75
1 2 3 14 26 26 78 182
1 2 3 14 26 26 84 156
1 2 3 14 26 35 65 78
1 2 3 14 26 39 39 182
1 2 3 14 26 39 52 84
1 2 3 14 27 27 63 189
1 2 3 14 27 27 84 108
1 2 3 14 27 28 56 216
1 2 3 14 27 35 40 216
1 2 3 14 27 35 45 135
1 2 3 14 27 35 54 90
1 2 3 14 27 36 54 84
1 2 3 14 27 42 54 63
1 2 3 14 28 28 54 189
1 2 3 14 28 28 56 168
1 2 3 14 28 28 60 140
1 2 3 14 28 28 63 126
1 2 3 14 28 28 70 105
1 2 3 14 28 28 78 91
1 2 3 14 28 28 84 84
1 2 3 14 28 30 56 120
1 2 3 14 28 30 60 105
1 2 3 14 28 30 70 84
1 2 3 14 28 32 42 224
1 2 3 14 28 32 56 96
1 2 3 14 28 33 44 154
1 2 3 14 28 33 56 88
1 2 3 14 28 35 40 168
1 2 3 14 28 35 42 140
1 2 3 14 28 35 60 70
1 2 3 14 28 36 42 126
1 2 3 14 28 36 45 105
1 2 3 14 28 36 56 72
1 2 3 14 28 36 63 63
1 2 3 14 28 40 40 105
1 2 3 14 28 40 56 60
1 2 3 14 28 42 42 84
1 2 3 14 28 42 44 77
1 2 3 14 28 42 56 56
1 2 3 14 28 48 48 56
1 2 3 14 30 30 42 210
1 2 3 14 30 30 60 84
1 2 3 14 30 30 70 70
1 2 3 14 30 35 35 210
1 2 3 14 30 35 36 180
1 2 3 14 30 35 39 130
1 2 3 14 30 35 40 120
1 2 3 14 30 35 42 105
1 2 3 14 30 35 45 90
1 2 3 14 30 35 48 80
1 2 3 14 30 35 50 75
1 2 3 14 30 35 55 66
1 2 3 14 30 35 60 60
1 2 3 14 30 36 45 84
1 2 3 14 30 40 40 84
1 2 3 14 30 42 42 70
1 2 3 14 30 42 45 63
1 2 3 14 32 32 42 112
1 2 3 14 32 32 48 84
1 2 3 14 32 35 40 96
1 2 3 14 33 33 35 165
1 2 3 14 33 33 44 84
1 2 3 14 33 35 40 88
1 2 3 14 33 35 55 55
1 2 3 14 35 35 35 105
1 2 3 14 35 35 42 70
1 2 3 14 35 35 45 63
1 2 3 14 35 36 36 90
1 2 3 14 35 36 40 72
1 2 3 14 35 36 45 60
1 2 3 14 35 39 39 65
1 2 3 14 35 40 40 60
1 2 3 14 35 40 42 56
1 2 3 14 35 40 48 48
1 2 3 14 35 45 45 45
1 2 3 14 36 36 36 84
1 2 3 14 36 36 42 63
1 2 3 14 42 42 42 42
1 2 3 15 15 42 210 210
1 2 3 15 15 44 165 220
1 2 3 15 15 44 180 198
1 2 3 15 15 45 165 198
1 2 3 15 15 45 171 190
1 2 3 15 15 45 180 180
1 2 3 15 15 48 130 208
1 2 3 15 15 48 144 180
1 2 3 15 15 48 160 160
1 2 3 15 15 50 120 200
1 2 3 15 15 50 150 150
1 2 3 15 15 52 117 180
1 2 3 15 15 52 130 156
1 2 3 15 15 54 105 189
1 2 3 15 15 54 108 180
1 2 3 15 15 54 135 135
1 2 3 15 15 55 99 198
1 2 3 15 15 55 102 187
1 2 3 15 15 55 110 165
1 2 3 15 15 55 132 132
1 2 3 15 15 56 105 168
1 2 3 15 15 56 120 140
1 2 3 15 15 57 95 190
1 2 3 15 15 60 84 210
1 2 3 15 15 60 85 204
1 2 3 15 15 60 90 180
1 2 3 15 15 60 96 160
1 2 3 15 15 60 100 150
1 2 3 15 15 60 105 140
1 2 3 15 15 60 108 135
1 2 3 15 15 60 110 132
1 2 3 15 15 60 120 120
1 2 3 15 15 62 93 155
1 2 3 15 15 63 84 180
1 2 3 15 15 63 105 126
1 2 3 15 15 64 80 192
1 2 3 15 15 65 78 195
1 2 3 15 15 65 104 120
1 2 3 15 15 66 80 176
1 2 3 15 15 66 110 110
1 2 3 15 15 70 70 210
1 2 3 15 15 70 75 175
1 2 3 15 15 70 77 165
1 2 3 15 15 70 84 140
1 2 3 15 15 70 90 126
1 2 3 15 15 70 105 105
1 2 3 15 15 72 72 180
1 2 3 15 15 72 80 144
1 2 3 15 15 72 90 120
1 2 3 15 15 75 75 150
1 2 3 15 15 75 100 100
1 2 3 15 15 78 78 130
1 2 3 15 15 78 91 105
1 2 3 15 15 80 80 120
1 2 3 15 15 80 84 112
1 2 3 15 15 80 96 96
1 2 3 15 15 84 84 105
1 2 3 15 15 85 85 102
1 2 3 15 15 90 90 90
1 2 3 15 16 35 224 224
1 2 3 15 16 40 130 208
1 2 3 15 16 40 144 180
1 2 3 15 16 40 160 160
1 2 3 15 16 42 112 210
1 2 3 15 16 44 110 176
1 2 3 15 16 45 120 144
1 2 3 15 16 48 84 210
1 2 3 15 16 48 85 204
1 2 3 15 16 48 90 180
1 2 3 15 16 48 96 160
1 2 3 15 16 48 100 150
1 2 3 15 16 48 105 140
1 2 3 15 16 48 108 135
1 2 3 15 16 48 110 132
1 2 3 15 16 48 120 120
1 2 3 15 16 50 80 200
1 2 3 15 16 56 80 140
1 2 3 15 16 60 64 192
1 2 3 15 16 60 66 176
1 2 3 15 16 60 72 144
1 2 3 15 16 60 80 120
1 2 3 15 16 60 84 112
1 2 3 15 16 60 96 96
1 2 3 15 16 64 64 160
1 2 3 15 16 65 80 104
1 2 3 15 16 70 70 112
1 2 3 15 16 72 80 90
1 2 3 15 16 80 80 80
1 2 3 15 17 34 170 170
1 2 3 15 17 51 60 204
1 2 3 15 17 51 85 102
1 2 3 15 17 60 68 102
1 2 3 15 17 68 68 85
1 2 3 15 18 30 165 198
1 2 3 15 18 30 171 190
1 2 3 15 18 30 180 180
1 2 3 15 18 32 144 160
1 2 3 15 18 33 110 198
1 2 3 15 18 35 90 210
1 2 3 15 18 35 112 144
1 2 3 15 18 35 126 126
1 2 3 15 18 36 84 210
1 2 3 15 18 36 85 204
1 2 3 15 18 36 90 180
1 2 3 15 18 36 96 160
1 2 3 15 18 36 100 150
1 2 3 15 18 36 105 140
1 2 3 15 18 36 108 135
1 2 3 15 18 36 110 132
1 2 3 15 18 36 120 120
1 2 3 15 18 39 90 130
1 2 3 15 18 40 72 180
1 2 3 15 18 40 80 144
1 2 3 15 18 40 90 120
1 2 3 15 18 42 63 210
1 2 3 15 18 42 90 105
1 2 3 15 18 44 60 198
1 2 3 15 18 45 60 180
1 2 3 15 18 45 70 126
1 2 3 15 18 45 72 120
1 2 3 15 18 45 90 90
1 2 3 15 18 48 60 144
1 2 3 15 18 48 80 90
1 2 3 15 18 50 75 90
1 2 3 15 18 52 60 117
1 2 3 15 18 54 54 135
1 2 3 15 18 54 60 108
1 2 3 15 18 55 66 90
1 2 3 15 18 60 60 90
1 2 3 15 18 60 63 84
1 2 3 15 18 60 72 72
1 2 3 15 18 63 70 70
1 2 3 15 19 30 114 190
1 2 3 15 19 38 95 95
1 2 3 15 19 57 60 76
1 2 3 15 20 25 200 200
1 2 3 15 20 26 143 220
1 2 3 15 20 26 156 195
1 2 3 15 20 27 120 216
1 2 3 15 20 27 135 180
1 2 3 15 20 28 105 210
1 2 3 15 20 28 119 170
1 2 3 15 20 28 120 168
1 2 3 15 20 28 140 140
1 2 3 15 20 29 116 145
1 2 3 15 20 30 84 210
1 2 3 15 20 30 85 204
1 2 3 15 20 30 90 180
1 2 3 15 20 30 96 160
1 2 3 15 20 30 100 150
1 2 3 15 20 30 105 140
1 2 3 15 20 30 108 135
1 2 3 15 20 30 110 132
1 2 3 15 20 30 120 120
1 2 3 15 20 32 70 224
1 2 3 15 20 32 80 160
1 2 3 15 20 32 96 120
1 2 3 15 20 33 66 220
1 2 3 15 20 33 88 120
1 2 3 15 20 34 68 170
1 2 3 15 20 35 60 210
1 2 3 15 20 35 63 180
1 2 3 15 20 35 70 140
1 2 3 15 20 35 80 112
1 2 3 15 20 35 84 105
1 2 3 15 20 36 60 180
1 2 3 15 20 36 70 126
1 2 3 15 20 36 72 120
1 2 3 15 20 36 90 90
1 2 3 15 20 38 76 95
1 2 3 15 20 39 52 195
1 2 3 15 20 39 60 130
1 2 3 15 20 40 50 200
1 2 3 15 20 40 56 140
1 2 3 15 20 40 60 120
1 2 3 15 20 40 65 104
1 2 3 15 20 40 72 90
1 2 3 15 20 40 80 80
1 2 3 15 20 42 56 120
1 2 3 15 20 42 60 105
1 2 3 15 20 42 70 84
1 2 3 15 20 44 44 220
1 2 3 15 20 44 45 198
1 2 3 15 20 44 55 110
1 2 3 15 20 44 70 77
1 2 3 15 20 45 45 180
1 2 3 15 20 45 48 144
1 2 3 15 20 45 52 117
1 2 3 15 20 45 54 108
1 2 3 15 20 45 60 90
1 2 3 15 20 45 63 84
1 2 3 15 20 45 72 72
1 2 3 15 20 48 48 120
1 2 3 15 20 48 60 80
1 2 3 15 20 50 50 100
1 2 3 15 20 50 60 75
1 2 3 15 20 52 65 65
1 2 3 15 20 55 60 66
1 2 3 15 20 56 56 70
1 2 3 15 20 60 60 60
1 2 3 15 21 24 160 224
1 2 3 15 21 24 168 210
1 2 3 15 21 24 175 200
1 2 3 15 21 25 150 175
1 2 3 15 21 27 126 135
1 2 3 15 21 28 84 210
1 2 3 15 21 28 85 204
1 2 3 15 21 28 90 180
1 2 3 15 21 28 96 160
1 2 3 15 21 28 100 150
1 2 3 15 21 28 105 140
1 2 3 15 21 28 108 135
1 2 3 15 21 28 110 132
1 2 3 15 21 28 120 120
1 2 3 15 21 30 70 210
1 2 3 15 21 30 75 175
1 2 3 15 21 30 77 165
1 2 3 15 21 30 84 140
1 2 3 15 21 30 90 126
1 2 3 15 21 30 105 105
1 2 3 15 21 32 60 224
1 2 3 15 21 33 77 110
1 2 3 15 21 35 54 189
1 2 3 15 21 35 56 168
1 2 3 15 21 35 60 140
1 2 3 15 21 35 63 126
1 2 3 15 21 35 70 105
1 2 3 15 21 35 78 91
1 2 3 15 21 35 84 84
1 2 3 15 21 36 60 126
1 2 3 15 21 40 56 105
1 2 3 15 21 42 42 210
1 2 3 15 21 42 60 84
1 2 3 15 21 42 70 70
1 2 3 15 21 44 60 77
1 2 3 15 21 45 45 126
1 2 3 15 21 45 63 70
1 2 3 15 21 56 56 60
1 2 3 15 22 22 220 220
1 2 3 15 22 24 120 220
1 2 3 15 22 25 100 220
1 2 3 15 22 26 110 143
1 2 3 15 22 27 99 135
1 2 3 15 22 28 70 220
1 2 3 15 22 30 60 220
1 2 3 15 22 30 66 165
1 2 3 15 22 30 90 99
1 2 3 15 22 33 55 165
1 2 3 15 22 33 60 132
1 2 3 15 22 33 66 110
1 2 3 15 22 35 63 99
1 2 3 15 22 35 77 77
1 2 3 15 22 36 45 220
1 2 3 15 22 36 60 99
1 2 3 15 22 40 40 220
1 2 3 15 22 40 55 88
1 2 3 15 22 44 44 110
1 2 3 15 22 44 60 66
1 2 3 15 22 45 45 99
1 2 3 15 22 55 55 55
1 2 3 15 23 30 69 115
1 2 3 15 23 35 46 161
1 2 3 15 24 24 84 210
1 2 3 15 24 24 85 204
1 2 3 15 24 24 90 180
1 2 3 15 24 24 96 160
1 2 3 15 24 24 100 150
1 2 3 15 24 24 105 140
1 2 3 15 24 24 108 135
1 2 3 15 24 24 110 132
1 2 3 15 24 24 120 120
1 2 3 15 24 25 75 200
1 2 3 15 24 25 100 120
1 2 3 15 24 27 60 216
1 2 3 15 24 27 72 135
1 2 3 15 24 28 56 210
1 2 3 15 24 28 60 168
1 2 3 15 24 28 70 120
1 2 3 15 24 30 50 200
1 2 3 15 24 30 56 140
1 2 3 15 24 30 60 120
1 2 3 15 24 30 65 104
1 2 3 15 24 30 72 90
1 2 3 15 24 30 80 80
1 2 3 15 24 32 48 160
1 2 3 15 24 32 60 96
1 2 3 15 24 33 60 88
1 2 3 15 24 35 40 210
1 2 3 15 24 35 42 168
1 2 3 15 24 35 48 112
1 2 3 15 24 35 56 84
1 2 3 15 24 35 63 72
1 2 3 15 24 36 40 180
1 2 3 15 24 36 45 120
1 2 3 15 24 36 60 72
1 2 3 15 24 39 40 130
1 2 3 15 24 40 40 120
1 2 3 15 24 40 42 105
1 2 3 15 24 40 45 90
1 2 3 15 24 40 48 80
1 2 3 15 24 40 50 75
1 2 3 15 24 40 55 66
1 2 3 15 24 40 60 60
1 2 3 15 24 42 56 60
1 2 3 15 24 45 45 72
1 2 3 15 24 48 48 60
1 2 3 15 25 25 70 175
1 2 3 15 25 25 75 150
1 2 3 15 25 25 100 100
1 2 3 15 25 28 70 100
1 2 3 15 25 30 50 150
1 2 3 15 25 30 60 100
1 2 3 15 25 30 75 75
1 2 3 15 25 36 45 100
1 2 3 15 25 40 40 100
1 2 3 15 25 50 50 50
1 2 3 15 26 26 60 156
1 2 3 15 26 26 65 130
1 2 3 15 26 30 65 78
1 2 3 15 26 39 52 60
1 2 3 15 27 27 54 135
1 2 3 15 27 27 60 108
1 2 3 15 27 30 40 216
1 2 3 15 27 30 45 135
1 2 3 15 27 30 54 90
1 2 3 15 27 35 54 63
1 2 3 15 27 36 36 135
1 2 3 15 27 36 54 60
1 2 3 15 27 45 45 54
1 2 3 15 28 28 42 210
1 2 3 15 28 28 60 84
1 2 3 15 28 28 70 70
1 2 3 15 28 30 40 168
1 2 3 15 28 30 42 140
1 2 3 15 28 30 60 70
1 2 3 15 28 32 35 224
1 2 3 15 28 35 35 140
1 2 3 15 28 35 36 126
1 2 3 15 28 35 42 84
1 2 3 15 28 35 44 77
1 2 3 15 28 35 56 56
1 2 3 15 28 36 45 70
1 2 3 15 28 40 40 70
1 2 3 15 28 42 42 60
1 2 3 15 30 30 35 210
1 2 3 15 30 30 36 180
1 2 3 15 30 30 39 130
1 2 3 15 30 30 40 120
1 2 3 15 30 30 42 105
1 2 3 15 30 30 45 90
1 2 3 15 30 30 48 80
1 2 3 15 30 30 50 75
1 2 3 15 30 30 55 66
1 2 3 15 30 30 60 60
1 2 3 15 30 32 40 96
1 2 3 15 30 33 33 165
1 2 3 15 30 33 40 88
1 2 3 15 30 33 55 55
1 2 3 15 30 35 35 105
1 2 3 15 30 35 42 70
1 2 3 15 30 35 45 63
1 2 3 15 30 36 36 90
1 2 3 15 30 36 40 72
1 2 3 15 30 36 45 60
1 2 3 15 30 39 39 65
1 2 3 15 30 40 40 60
1 2 3 15 30 40 42 56
1 2 3 15 30 40 48 48
1 2 3 15 30 45 45 45
1 2 3 15 32 32 32 160
1 2 3 15 32 32 35 112
1 2 3 15 32 32 40 80
1 2 3 15 32 32 48 60
1 2 3 15 33 33 33 110
1 2 3 15 33 33 44 60
1 2 3 15 34 34 34 85
1 2 3 15 35 35 35 70
1 2 3 15 35 35 40 56
1 2 3 15 35 36 36 63
1 2 3 15 35 42 42 42
1 2 3 15 36 36 36 60
1 2 3 15 36 36 45 45
1 2 3 15 36 40 40 45
1 2 3 15 40 40 40 40
1 2 3 16 16 32 168 224
1 2 3 16 16 32 192 192
1 2 3 16 16 33 152 209
1 2 3 16 16 33 176 176
1 2 3 16 16 34 136 204
1 2 3 16 16 35 120 210
1 2 3 16 16 35 140 168
1 2 3 16 16 36 108 216
1 2 3 16 16 36 120 180
1 2 3 16 16 36 126 168
1 2 3 16 16 36 136 153
1 2 3 16 16 36 144 144
1 2 3 16 16 38 114 152
1 2 3 16 16 39 104 156
1 2 3 16 16 39 120 130
1 2 3 16 16 40 84 210
1 2 3 16 16 40 85 204
1 2 3 16 16 40 90 180
1 2 3 16 16 40 96 160
1 2 3 16 16 40 100 150
1 2 3 16 16 40 105 140
1 2 3 16 16 40 108 135
1 2 3 16 16 40 110 132
1 2 3 16 16 40 120 120
1 2 3 16 16 42 84 168
1 2 3 16 16 42 88 154
1 2 3 16 16 42 105 120
1 2 3 16 16 42 112 112
1 2 3 16 16 44 72 198
1 2 3 16 16 44 77 168
1 2 3 16 16 44 88 132
1 2 3 16 16 45 72 180
1 2 3 16 16 45 80 144
1 2 3 16 16 45 90 120
1 2 3 16 16 46 69 184
1 2 3 16 16 48 64 192
1 2 3 16 16 48 66 176
1 2 3 16 16 48 72 144
1 2 3 16 16 48 80 120
1 2 3 16 16 48 84 112
1 2 3 16 16 48 96 96
1 2 3 16 16 50 60 200
1 2 3 16 16 50 75 120
1 2 3 16 16 51 68 136
1 2 3 16 16 52 72 117
1 2 3 16 16 52 78 104
1 2 3 16 16 54 54 216
1 2 3 16 16 54 56 189
1 2 3 16 16 54 72 108
1 2 3 16 16 55 66 120
1 2 3 16 16 56 56 168
1 2 3 16 16 56 60 140
1 2 3 16 16 56 63 126
1 2 3 16 16 56 70 105
1 2 3 16 16 56 78 91
1 2 3 16 16 56 84 84
1 2 3 16 16 57 57 152
1 2 3 16 16 60 60 120
1 2 3 16 16 60 65 104
1 2 3 16 16 60 72 90
1 2 3 16 16 60 80 80
1 2 3 16 16 63 72 84
1 2 3 16 16 64 64 96
1 2 3 16 16 66 66 88
1 2 3 16 16 72 72 72
1 2 3 16 17 48 51 204
1 2 3 16 17 48 68 102
1 2 3 16 18 27 144 216
1 2 3 16 18 28 144 168
1 2 3 16 18 30 120 144
1 2 3 16 18 32 90 160
1 2 3 16 18 32 96 144
1 2 3 16 18 33 88 144
1 2 3 16 18 35 90 112
1 2 3 16 18 36 64 192
1 2 3 16 18 36 66 176
1 2 3 16 18 36 72 144
1 2 3 16 18 36 80 120
1 2 3 16 18 36 84 112
1 2 3 16 18 36 96 96
1 2 3 16 18 40 60 144
1 2 3 16 18 40 80 90
1 2 3 16 18 42 56 144
1 2 3 16 18 42 63 112
1 2 3 16 18 44 48 198
1 2 3 16 18 45 48 180
1 2 3 16 18 45 72 80
1 2 3 16 18 48 48 144
1 2 3 16 18 48 52 117
1 2 3 16 18 48 54 108
1 2 3 16 18 48 60 90
1 2 3 16 18 48 63 84
1 2 3 16 18 48 72 72
1 2 3 16 19 48 57 76
1 2 3 16 20 24 130 208
1 2 3 16 20 24 144 180
1 2 3 16 20 24 160 160
1 2 3 16 20 27 80 216
1 2 3 16 20 28 80 168
1 2 3 16 20 28 105 112
1 2 3 16 20 30 64 192
1 2 3 16 20 30 66 176
1 2 3 16 20 30 72 144
1 2 3 16 20 30 80 120
1 2 3 16 20 30 84 112
1 2 3 16 20 30 96 96
1 2 3 16 20 32 60 160
1 2 3 16 20 32 80 96
1 2 3 16 20 33 55 176
1 2 3 16 20 33 80 88
1 2 3 16 20 35 48 210
1 2 3 16 20 35 60 112
1 2 3 16 20 36 48 180
1 2 3 16 20 36 72 80
1 2 3 16 20 39 48 130
1 2 3 16 20 40 45 144
1 2 3 16 20 40 48 120
1 2 3 16 20 40 60 80
1 2 3 16 20 42 48 105
1 2 3 16 20 42 56 80
1 2 3 16 20 45 48 90
1 2 3 16 20 48 48 80
1 2 3 16 20 48 50 75
1 2 3 16 20 48 55 66
1 2 3 16 20 48 60 60
1 2 3 16 21 21 224 224
1 2 3 16 21 24 96 224
1 2 3 16 21 24 112 168
1 2 3 16 21 24 126 144
1 2 3 16 21 28 64 192
1 2 3 16 21 28 66 176
1 2 3 16 21 28 72 144
1 2 3 16 21 28 80 120
1 2 3 16 21 28 84 112
1 2 3 16 21 28 96 96
1 2 3 16 21 30 70 112
1 2 3 16 21 32 48 224
1 2 3 16 21 35 48 140
1 2 3 16 21 36 48 126
1 2 3 16 21 42 42 112
1 2 3 16 21 42 48 84
1 2 3 16 21 44 48 77
1 2 3 16 21 48 56 56
1 2 3 16 22 22 132 176
1 2 3 16 22 24 80 220
1 2 3 16 22 24 88 176
1 2 3 16 22 24 99 144
1 2 3 16 22 30 48 220
1 2 3 16 22 33 44 176
1 2 3 16 22 33 48 132
1 2 3 16 22 36 48 99
1 2 3 16 22 44 48 66
1 2 3 16 24 24 64 192
1 2 3 16 24 24 66 176
1 2 3 16 24 24 72 144
1 2 3 16 24 24 80 120
1 2 3 16 24 24 84 112
1 2 3 16 24 24 96 96
1 2 3 16 24 25 80 100
1 2 3 16 24 26 52 208
1 2 3 16 24 27 48 216
1 2 3 16 24 27 54 144
1 2 3 16 24 28 48 168
1 2 3 16 24 28 56 112
1 2 3 16 24 28 70 80
1 2 3 16 24 30 45 144
1 2 3 16 24 30 48 120
1 2 3 16 24 30 60 80
1 2 3 16 24 32 40 160
1 2 3 16 24 32 48 96
1 2 3 16 24 32 64 64
1 2 3 16 24 33 48 88
1 2 3 16 24 35 40 112
1 2 3 16 24 36 36 144
1 2 3 16 24 36 45 80
1 2 3 16 24 36 48 72
1 2 3 16 24 40 40 80
1 2 3 16 24 40 48 60
1 2 3 16 24 42 48 56
1 2 3 16 24 48 48 48
1 2 3 16 25 30 48 100
1 2 3 16 26 26 48 156
1 2 3 16 26 39 48 52
1 2 3 16 27 27 48 108
1 2 3 16 27 32 32 216
1 2 3 16 27 36 48 54
1 2 3 16 28 28 42 112
1 2 3 16 28 28 48 84
1 2 3 16 28 30 48 70
1 2 3 16 28 32 32 168
1 2 3 16 28 42 42 48
1 2 3 16 30 30 32 160
1 2 3 16 30 30 35 112
1 2 3 16 30 30 40 80
1 2 3 16 30 30 48 60
1 2 3 16 30 32 32 120
1 2 3 16 30 36 45 48
1 2 3 16 30 40 40 48
1 2 3 16 32 32 32 96
1 2 3 16 32 32 33 88
1 2 3 16 32 32 36 72
1 2 3 16 32 32 40 60
1 2 3 16 32 32 42 56
1 2 3 16 32 32 48 48
1 2 3 16 33 33 44 48
1 2 3 16 36 36 36 48
1 2 3 17 17 27 136 216
1 2 3 17 17 28 119 204
1 2 3 17 17 28 136 168
1 2 3 17 17 30 102 170
1 2 3 17 17 30 120 136
1 2 3 17 17 32 96 136
1 2 3 17 17 33 88 136
1 2 3 17 17 34 68 204
1 2 3 17 17 34 102 102
1 2 3 17 17 36 68 153
1 2 3 17 17 36 72 136
1 2 3 17 17 40 60 136
1 2 3 17 17 42 56 136
1 2 3 17 17 48 48 136
1 2 3 17 17 51 51 102
1 2 3 17 17 51 68 68
1 2 3 17 18 34 85 90
1 2 3 17 18 36 51 204
1 2 3 17 18 36 68 102
1 2 3 17 20 30 51 204
1 2 3 17 20 30 68 102
1 2 3 17 20 34 60 85
1 2 3 17 21 28 51 204
1 2 3 17 21 28 68 102
1 2 3 17 24 24 51 204
1 2 3 17 24 24 68 102
1 2 3 17 24 34 34 136
1 2 3 17 24 34 40 85
1 2 3 17 30 30 34 85
1 2 3 17 34 34 34 51
1 2 3 18 18 22 180 220
1 2 3 18 18 22 198 198
1 2 3 18 18 23 138 207
1 2 3 18 18 24 108 216
1 2 3 18 18 24 120 180
1 2 3 18 18 24 126 168
1 2 3 18 18 24 136 153
1 2 3 18 18 24 144 144
1 2 3 18 18 25 100 180
1 2 3 18 18 26 99 143
1 2 3 18 18 26 117 117
1 2 3 18 18 27 72 216
1 2 3 18 18 27 81 162
1 2 3 18 18 27 90 135
1 2 3 18 18 27 108 108
1 2 3 18 18 28 70 180
1 2 3 18 18 28 72 168
1 2 3 18 18 28 84 126
1 2 3 18 18 30 60 180
1 2 3 18 18 30 70 126
1 2 3 18 18 30 72 120
1 2 3 18 18 30 90 90
1 2 3 18 18 32 72 96
1 2 3 18 18 33 66 99
1 2 3 18 18 33 72 88
1 2 3 18 18 34 51 153
1 2 3 18 18 35 45 210
1 2 3 18 18 35 63 90
1 2 3 18 18 36 44 198
1 2 3 18 18 36 45 180
1 2 3 18 18 36 48 144
1 2 3 18 18 36 52 117
1 2 3 18 18 36 54 108
1 2 3 18 18 36 60 90
1 2 3 18 18 36 63 84
1 2 3 18 18 36 72 72
1 2 3 18 18 39 45 130
1 2 3 18 18 40 40 180
1 2 3 18 18 40 45 120
1 2 3 18 18 40 60 72
1 2 3 18 18 42 42 126
1 2 3 18 18 42 45 105
1 2 3 18 18 42 56 72
1 2 3 18 18 42 63 63
1 2 3 18 18 44 44 99
1 2 3 18 18 45 45 90
1 2 3 18 18 45 48 80
1 2 3 18 18 45 50 75
1 2 3 18 18 45 55 66
1 2 3 18 18 45 60 60
1 2 3 18 18 48 48 72
1 2 3 18 18 54 54 54
1 2 3 18 19 36 57 76
1 2 3 18 19 38 38 171
1 2 3 18 20 20 165 198
1 2 3 18 20 20 171 190
1 2 3 18 20 20 180 180
1 2 3 18 20 21 126 180
1 2 3 18 20 22 90 220
1 2 3 18 20 22 99 180
1 2 3 18 20 24 72 180
1 2 3 18 20 24 80 144
1 2 3 18 20 24 90 120
1 2 3 18 20 25 90 100
1 2 3 18 20 27 54 180
1 2 3 18 20 27 60 135
1 2 3 18 20 28 63 105
1 2 3 18 20 28 70 90
1 2 3 18 20 30 44 198
1 2 3 18 20 30 45 180
1 2 3 18 20 30 48 144
1 2 3 18 20 30 52 117
1 2 3 18 20 30 54 108
1 2 3 18 20 30 60 90
1 2 3 18 20 30 63 84
1 2 3 18 20 30 72 72
1 2 3 18 20 35 36 210
1 2 3 18 20 35 60 63
1 2 3 18 20 36 36 180
1 2 3 18 20 36 39 130
1 2 3 18 20 36 40 120
1 2 3 18 20 36 42 105
1 2 3 18 20 36 45 90
1 2 3 18 20 36 48 80
1 2 3 18 20 36 50 75
1 2 3 18 20 36 55 66
1 2 3 18 20 36 60 60
1 2 3 18 20 40 40 90
1 2 3 18 20 40 45 72
1 2 3 18 20 45 45 60
1 2 3 18 21 21 90 210
1 2 3 18 21 21 112 144
1 2 3 18 21 21 126 126
1 2 3 18 21 22 77 198
1 2 3 18 21 22 99 126
1 2 3 18 21 24 63 168
1 2 3 18 21 24 72 126
1 2 3 18 21 27 54 126
1 2 3 18 21 28 44 198
1 2 3 18 21 28 45 180
1 2 3 18 21 28 48 144
1 2 3 18 21 28 52 117
1 2 3 18 21 28 54 108
1 2 3 18 21 28 60 90
1 2 3 18 21 28 63 84
1 2 3 18 21 28 72 72
1 2 3 18 21 30 45 126
1 2 3 18 21 30 63 70
1 2 3 18 21 32 36 224
1 2 3 18 21 35 36 140
1 2 3 18 21 35 42 90
1 2 3 18 21 36 36 126
1 2 3 18 21 36 42 84
1 2 3 18 21 36 44 77
1 2 3 18 21 36 56 56
1 2 3 18 21 42 42 63
1 2 3 18 22 22 66 198
1 2 3 18 22 22 90 110
1 2 3 18 22 22 99 99
1 2 3 18 22 24 72 99
1 2 3 18 22 27 54 99
1 2 3 18 22 30 36 220
1 2 3 18 22 30 45 99
1 2 3 18 22 33 33 198
1 2 3 18 22 33 36 132
1 2 3 18 22 36 36 99
1 2 3 18 22 36 44 66
1 2 3 18 24 24 44 198
1 2 3 18 24 24 45 180
1 2 3 18 24 24 48 144
1 2 3 18 24 24 52 117
1 2 3 18 24 24 54 108
1 2 3 18 24 24 60 90
1 2 3 18 24 24 63 84
1 2 3 18 24 24 72 72
1 2 3 18 24 27 36 216
1 2 3 18 24 27 40 135
1 2 3 18 24 27 54 72
1 2 3 18 24 28 36 168
1 2 3 18 24 28 56 63
1 2 3 18 24 30 36 120
1 2 3 18 24 30 40 90
1 2 3 18 24 30 45 72
1 2 3 18 24 32 32 144
1 2 3 18 24 32 36 96
1 2 3 18 24 33 36 88
1 2 3 18 24 35 40 63
1 2 3 18 24 36 36 72
1 2 3 18 24 36 40 60
1 2 3 18 24 36 42 56
1 2 3 18 24 36 48 48
1 2 3 18 24 40 45 45
1 2 3 18 25 25 50 90
1 2 3 18 25 30 36 100
1 2 3 18 26 26 36 156
1 2 3 18 26 26 39 117
1 2 3 18 26 36 39 52
1 2 3 18 27 27 36 108
1 2 3 18 27 27 54 54
1 2 3 18 27 30 30 135
1 2 3 18 27 30 45 54
1 2 3 18 27 36 36 54
1 2 3 18 28 28 35 90
1 2 3 18 28 28 36 84
1 2 3 18 28 28 42 63
1 2 3 18 28 30 36 70
1 2 3 18 28 36 42 42
1 2 3 18 30 30 30 90
1 2 3 18 30 30 35 63
1 2 3 18 30 30 36 60
1 2 3 18 30 30 45 45
1 2 3 18 30 36 36 45
1 2 3 18 30 36 40 40
1 2 3 18 32 32 36 48
1 2 3 18 33 33 36 44
1 2 3 18 36 36 36 36
1 2 3 19 19 20 171 180
1 2 3 19 19 21 126 171
1 2 3 19 19 22 99 171
1 2 3 19 19 24 72 171
1 2 3 19 19 24 76 152
1 2 3 19 19 27 54 171
1 2 3 19 19 30 45 171
1 2 3 19 19 30 57 95
1 2 3 19 19 33 38 209
1 2 3 19 19 36 36 171
1 2 3 19 19 38 38 114
1 2 3 19 19 38 57 57
1 2 3 19 20 20 114 190
1 2 3 19 20 30 57 76
1 2 3 19 21 28 57 76
1 2 3 19 24 24 57 76
1 2 3 20 20 20 84 210
1 2 3 20 20 20 85 204
1 2 3 20 20 20 90 180
1 2 3 20 20 20 96 160
1 2 3 20 20 20 100 150
1 2 3 20 20 20 105 140
1 2 3 20 20 20 108 135
1 2 3 20 20 20 110 132
1 2 3 20 20 20 120 120
1 2 3 20 20 21 70 210
1 2 3 20 20 21 75 175
1 2 3 20 20 21 77 165
1 2 3 20 20 21 84 140
1 2 3 20 20 21 90 126
1 2 3 20 20 21 105 105
1 2 3 20 20 22 60 220
1 2 3 20 20 22 66 165
1 2 3 20 20 22 90 99
1 2 3 20 20 23 69 115
1 2 3 20 20 24 50 200
1 2 3 20 20 24 56 140
1 2 3 20 20 24 60 120
1 2 3 20 20 24 65 104
1 2 3 20 20 24 72 90
1 2 3 20 20 24 80 80
1 2 3 20 20 25 50 150
1 2 3 20 20 25 60 100
1 2 3 20 20 25 75 75
1 2 3 20 20 26 65 78
1 2 3 20 20 27 40 216
1 2 3 20 20 27 45 135
1 2 3 20 20 27 54 90
1 2 3 20 20 28 40 168
1 2 3 20 20 28 42 140
1 2 3 20 20 28 60 70
1 2 3 20 20 30 35 210
1 2 3 20 20 30 36 180
1 2 3 20 20 30 39 130
1 2 3 20 20 30 40 120
1 2 3 20 20 30 42 105
1 2 3 20 20 30 45 90
1 2 3 20 20 30 48 80
1 2 3 20 20 30 50 75
1 2 3 20 20 30 55 66
1 2 3 20 20 30 60 60
1 2 3 20 20 32 40 96
1 2 3 20 20 33 33 165
1 2 3 20 20 33 40 88
1 2 3 20 20 33 55 55
1 2 3 20 20 35 35 105
1 2 3 20 20 35 42 70
1 2 3 20 20 35 45 63
1 2 3 20 20 36 36 90
1 2 3 20 20 36 40 72
1 2 3 20 20 36 45 60
1 2 3 20 20 39 39 65
1 2 3 20 20 40 40 60
1 2 3 20 20 40 42 56
1 2 3 20 20 40 48 48
1 2 3 20 20 45 45 45
1 2 3 20 21 21 60 210
1 2 3 20 21 21 63 180
1 2 3 20 21 21 70 140
1 2 3 20 21 21 80 112
1 2 3 20 21 21 84 105
1 2 3 20 21 24 56 105
1 2 3 20 21 28 35 210
1 2 3 20 21 28 36 180
1 2 3 20 21 28 39 130
1 2 3 20 21 28 40 120
1 2 3 20 21 28 42 105
1 2 3 20 21 28 45 90
1 2 3 20 21 28 48 80
1 2 3 20 21 28 50 75
1 2 3 20 21 28 55 66
1 2 3 20 21 28 60 60
1 2 3 20 21 30 32 224
1 2 3 20 21 30 35 140
1 2 3 20 21 30 36 126
1 2 3 20 21 30 42 84
1 2 3 20 21 30 44 77
1 2 3 20 21 30 56 56
1 2 3 20 21 35 35 84
1 2 3 20 21 35 42 60
1 2 3 20 22 22 55 132
1 2 3 20 22 22 60 110
1 2 3 20 22 24 40 220
1 2 3 20 22 24 55 88
1 2 3 20 22 30 30 220
1 2 3 20 22 30 33 132
1 2 3 20 22 30 36 99
1 2 3 20 22 30 44 66
1 2 3 20 22 33 44 55
1 2 3 20 24 24 35 210
1 2 3 20 24 24 36 180
1 2 3 20 24 24 39 130
1 2 3 20 24 24 40 120
1 2 3 20 24 24 42 105
1 2 3 20 24 24 45 90
1 2 3 20 24 24 48 80
1 2 3 20 24 24 50 75
1 2 3 20 24 24 55 66
1 2 3 20 24 24 60 60
1 2 3 20 24 25 40 100
1 2 3 20 24 27 30 216
1 2 3 20 24 28 30 168
1 2 3 20 24 28 40 70
1 2 3 20 24 30 30 120
1 2 3 20 24 30 32 96
1 2 3 20 24 30 33 88
1 2 3 20 24 30 36 72
1 2 3 20 24 30 40 60
1 2 3 20 24 30 42 56
1 2 3 20 24 30 48 48
1 2 3 20 24 32 32 80
1 2 3 20 24 35 35 56
1 2 3 20 24 36 40 45
1 2 3 20 24 40 40 40
1 2 3 20 25 25 50 60
1 2 3 20 25 30 30 100
1 2 3 20 26 26 30 156
1 2 3 20 26 30 39 52
1 2 3 20 27 27 27 180
1 2 3 20 27 27 30 108
1 2 3 20 27 30 36 54
1 2 3 20 28 28 28 105
1 2 3 20 28 28 30 84
1 2 3 20 28 28 35 60
1 2 3 20 28 30 30 70
1 2 3 20 28 30 42 42
1 2 3 20 28 35 35 42
1 2 3 20 30 30 30 60
1 2 3 20 30 30 36 45
1 2 3 20 30 30 40 40
1 2 3 20 30 32 32 48
1 2 3 20 30 33 33 44
1 2 3 20 30 36 36 36
1 2 3 21 21 21 54 189
1 2 3 21 21 21 56 168
1 2 3 21 21 21 60 140
1 2 3 21 21 21 63 126
1 2 3 21 21 21 70 105
1 2 3 21 21 21 78 91
1 2 3 21 21 21 84 84
1 2 3 21 21 22 63 99
1 2 3 21 21 22 77 77
1 2 3 21 21 23 46 161
1 2 3 21 21 24 40 210
1 2 3 21 21 24 42 168
1 2 3 21 21 24 48 112
1 2 3 21 21 24 56 84
1 2 3 21 21 24 63 72
1 2 3 21 21 27 54 63
1 2 3 21 21 28 32 224
1 2 3 21 21 28 35 140
1 2 3 21 21 28 36 126
1 2 3 21 21 28 42 84
1 2 3 21 21 28 44 77
1 2 3 21 21 28 56 56
1 2 3 21 21 30 30 210
1 2 3 21 21 30 35 105
1 2 3 21 21 30 42 70
1 2 3 21 21 30 45 63
1 2 3 21 21 32 32 112
1 2 3 21 21 35 35 70
1 2 3 21 21 35 40 56
1 2 3 21 21 36 36 63
1 2 3 21 21 42 42 42
1 2 3 21 22 22 66 77
1 2 3 21 22 28 30 220
1 2 3 21 22 28 33 132
1 2 3 21 22 28 36 99
1 2 3 21 22 28 44 66
1 2 3 21 22 33 33 77
1 2 3 21 24 24 32 224
1 2 3 21 24 24 35 140
1 2 3 21 24 24 36 126
1 2 3 21 24 24 42 84
1 2 3 21 24 24 44 77
1 2 3 21 24 24 56 56
1 2 3 21 24 27 28 216
1 2 3 21 24 28 28 168
1 2 3 21 24 28 30 120
1 2 3 21 24 28 32 96
1 2 3 21 24 28 33 88
1 2 3 21 24 28 36 72
1 2 3 21 24 28 40 60
1 2 3 21 24 28 42 56
1 2 3 21 24 28 48 48
1 2 3 21 24 35 40 42
1 2 3 21 25 25 30 175
1 2 3 21 25 28 30 100
1 2 3 21 26 26 28 156
1 2 3 21 26 28 39 52
1 2 3 21 27 27 27 126
1 2 3 21 27 27 28 108
1 2 3 21 27 28 36 54
1 2 3 21 28 28 28 84
1 2 3 21 28 28 30 70
1 2 3 21 28 28 42 42
1 2 3 21 28 30 30 60
1 2 3 21 28 30 36 45
1 2 3 21 28 30 40 40
1 2 3 21 28 32 32 48
1 2 3 21 28 33 33 44
1 2 3 21 28 36 36 36
1 2 3 21 30 30 35 42
1 2 3 21 30 35 35 35
1 2 3 22 22 22 42 154
1 2 3 22 22 22 44 132
1 2 3 22 22 22 66 66
1 2 3 22 22 24 40 110
1 2 3 22 22 24 44 88
1 2 3 22 22 26 33 143
1 2 3 22 22 30 30 110
1 2 3 22 22 33 33 66
1 2 3 22 22 33 44 44
1 2 3 22 24 24 30 220
1 2 3 22 24 24 33 132
1 2 3 22 24 24 36 99
1 2 3 22 24 24 44 66
1 2 3 22 27 27 27 99
1 2 3 22 33 33 33 33
1 2 3 23 23 23 46 69
1 2 3 24 24 24 27 216
1 2 3 24 24 24 28 168
1 2 3 24 24 24 30 120
1 2 3 24 24 24 32 96
1 2 3 24 24 24 33 88
1 2 3 24 24 24 36 72
1 2 3 24 24 24 40 60
1 2 3 24 24 24 42 56
1 2 3 24 24 24 48 48
1 2 3 24 24 25 30 100
1 2 3 24 24 26 26 156
1 2 3 24 24 26 39 52
1 2 3 24 24 27 27 108
1 2 3 24 24 27 36 54
1 2 3 24 24 28 28 84
1 2 3 24 24 28 30 70
1 2 3 24 24 28 42 42
1 2 3 24 24 30 30 60
1 2 3 24 24 30 36 45
1 2 3 24 24 30 40 40
1 2 3 24 24 32 32 48
1 2 3 24 24 33 33 44
1 2 3 24 24 36 36 36
1 2 3 24 25 25 25 200
1 2 3 24 25 25 40 50
1 2 3 24 26 26 26 104
1 2 3 24 27 27 27 72
1 2 3 24 28 28 28 56
1 2 3 24 28 28 35 40
1 2 3 24 30 30 30 40
1 2 3 24 32 32 32 32
1 2 3 25 25 25 25 150
1 2 3 25 25 25 30 75
1 2 3 25 25 30 30 50
1 2 3 26 26 26 26 78
1 2 3 26 26 26 39 39
1 2 3 27 27 27 27 54
1 2 3 27 27 27 30 45
1 2 3 27 27 27 36 36
1 2 3 28 28 28 28 42
1 2 3 28 28 30 30 35
1 2 3 30 30 30 30 30
1 2 4 5 28 210 210 210
1 2 4 5 30 132 220 220
1 2 4 5 30 135 216 216
1 2 4 5 30 140 210 210
1 2 4 5 30 143 195 220
1 2 4 5 30 147 196 210
1 2 4 5 30 148 185 222
1 2 4 5 30 150 200 200
1 2 4 5 30 156 182 210
1 2 4 5 30 156 195 195
1 2 4 5 30 160 168 224
1 2 4 5 30 160 192 192
1 2 4 5 30 165 165 220
1 2 4 5 30 165 180 198
1 2 4 5 30 168 168 210
1 2 4 5 30 168 175 200
1 2 4 5 30 170 170 204
1 2 4 5 30 171 180 190
1 2 4 5 30 180 180 180
1 2 4 5 32 105 210 224
1 2 4 5 32 119 170 224
1 2 4 5 32 120 168 224
1 2 4 5 32 120 192 192
1 2 4 5 32 130 160 208
1 2 4 5 32 140 140 224
1 2 4 5 32 144 160 180
1 2 4 5 32 160 160 160
1 2 4 5 33 99 198 220
1 2 4 5 33 102 187 220
1 2 4 5 33 110 165 220
1 2 4 5 33 110 180 198
1 2 4 5 33 120 152 209
1 2 4 5 33 120 176 176
1 2 4 5 33 132 132 220
1 2 4 5 33 132 143 195
1 2 4 5 33 132 165 165
1 2 4 5 33 140 154 165
1 2 4 5 34 102 170 204
1 2 4 5 34 120 136 204
1 2 4 5 34 136 136 170
1 2 4 5 35 80 224 224
1 2 4 5 35 84 210 210
1 2 4 5 35 85 204 210
1 2 4 5 35 90 180 210
1 2 4 5 35 96 160 210
1 2 4 5 35 100 150 210
1 2 4 5 35 100 175 175
1 2 4 5 35 105 140 210
1 2 4 5 35 105 147 196
1 2 4 5 35 105 156 182
1 2 4 5 35 105 168 168
1 2 4 5 35 108 135 210
1 2 4 5 35 110 132 210
1 2 4 5 35 112 130 208
1 2 4 5 35 112 144 180
1 2 4 5 35 112 160 160
1 2 4 5 35 119 140 170
1 2 4 5 35 120 120 210
1 2 4 5 35 120 140 168
1 2 4 5 35 126 126 180
1 2 4 5 35 140 140 140
1 2 4 5 36 84 180 210
1 2 4 5 36 85 180 204
1 2 4 5 36 90 165 198
1 2 4 5 36 90 171 190
1 2 4 5 36 90 180 180
1 2 4 5 36 95 171 171
1 2 4 5 36 96 160 180
1 2 4 5 36 99 132 220
1 2 4 5 36 99 143 195
1 2 4 5 36 99 165 165
1 2 4 5 36 100 150 180
1 2 4 5 36 102 153 170
1 2 4 5 36 105 126 210
1 2 4 5 36 105 135 189
1 2 4 5 36 105 140 180
1 2 4 5 36 108 120 216
1 2 4 5 36 108 135 180
1 2 4 5 36 110 132 180
1 2 4 5 36 115 115 207
1 2 4 5 36 117 117 195
1 2 4 5 36 119 126 170
1 2 4 5 36 120 120 180
1 2 4 5 36 120 126 168
1 2 4 5 36 120 136 153
1 2 4 5 36 120 144 144
1 2 4 5 36 126 140 140
1 2 4 5 36 135 135 135
1 2 4 5 38 76 190 190
1 2 4 5 38 95 152 152
1 2 4 5 38 114 120 152
1 2 4 5 39 68 195 221
1 2 4 5 39 78 143 220
1 2 4 5 39 78 156 195
1 2 4 5 39 84 130 210
1 2 4 5 39 85 130 204
1 2 4 5 39 90 130 180
1 2 4 5 39 96 130 160
1 2 4 5 39 100 130 150
1 2 4 5 39 104 104 195
1 2 4 5 39 104 120 156
1 2 4 5 39 105 130 140
1 2 4 5 39 108 130 135
1 2 4 5 39 110 130 132
1 2 4 5 39 120 120 130
1 2 4 5 40 65 208 208
1 2 4 5 40 70 160 224
1 2 4 5 40 70 168 210
1 2 4 5 40 70 175 200
1 2 4 5 40 72 165 198
1 2 4 5 40 72 171 190
1 2 4 5 40 72 180 180
1 2 4 5 40 75 150 200
1 2 4 5 40 75 168 175
1 2 4 5 40 76 152 190
1 2 4 5 40 77 165 168
1 2 4 5 40 80 130 208
1 2 4 5 40 80 144 180
1 2 4 5 40 80 160 160
1 2 4 5 40 84 120 210
1 2 4 5 40 84 140 168
1 2 4 5 40 85 120 204
1 2 4 5 40 85 136 170
1 2 4 5 40 88 110 220
1 2 4 5 40 88 132 165
1 2 4 5 40 88 140 154
1 2 4 5 40 90 108 216
1 2 4 5 40 90 120 180
1 2 4 5 40 90 126 168
1 2 4 5 40 90 136 153
1 2 4 5 40 90 144 144
1 2 4 5 40 92 115 184
1 2 4 5 40 96 120 160
1 2 4 5 40 100 100 200
1 2 4 5 40 100 120 150
1 2 4 5 40 104 130 130
1 2 4 5 40 105 105 168
1 2 4 5 40 105 120 140
1 2 4 5 40 108 120 135
1 2 4 5 40 110 120 132
1 2 4 5 40 112 112 140
1 2 4 5 40 120 120 120
1 2 4 5 42 60 210 210
1 2 4 5 42 63 180 210
1 2 4 5 42 66 154 220
1 2 4 5 42 70 140 210
1 2 4 5 42 70 147 196
1 2 4 5 42 70 156 182
1 2 4 5 42 70 168 168
1 2 4 5 42 75 140 175
1 2 4 5 42 77 140 165
1 2 4 5 42 80 112 210
1 2 4 5 42 84 105 210
1 2 4 5 42 84 119 170
1 2 4 5 42 84 120 168
1 2 4 5 42 84 140 140
1 2 4 5 42 85 105 204
1 2 4 5 42 88 120 154
1 2 4 5 42 90 105 180
1 2 4 5 42 90 126 140
1 2 4 5 42 96 105 160
1 2 4 5 42 100 105 150
1 2 4 5 42 105 105 140
1 2 4 5 42 105 108 135
1 2 4 5 42 105 110 132
1 2 4 5 42 105 120 120
1 2 4 5 42 112 112 120
1 2 4 5 44 55 220 220
1 2 4 5 44 60 165 220
1 2 4 5 44 60 180 198
1 2 4 5 44 66 132 220
1 2 4 5 44 66 143 195
1 2 4 5 44 66 165 165
1 2 4 5 44 70 126 198
1 2 4 5 44 70 154 154
1 2 4 5 44 72 120 198
1 2 4 5 44 77 105 210
1 2 4 5 44 77 119 170
1 2 4 5 44 77 120 168
1 2 4 5 44 77 140 140
1 2 4 5 44 80 110 176
1 2 4 5 44 88 88 220
1 2 4 5 44 88 120 132
1 2 4 5 44 90 90 198
1 2 4 5 44 90 99 165
1 2 4 5 44 110 110 110
1 2 4 5 45 54 216 216
1 2 4 5 45 55 198 220
1 2 4 5 45 56 189 216
1 2 4 5 45 60 165 198
1 2 4 5 45 60 171 190
1 2 4 5 45 60 180 180
1 2 4 5 45 63 140 210
1 2 4 5 45 63 147 196
1 2 4 5 45 63 156 182
1 2 4 5 45 63 168 168
1 2 4 5 45 64 144 192
1 2 4 5 45 66 132 198
1 2 4 5 45 66 144 176
1 2 4 5 45 68 117 221
1 2 4 5 45 68 153 153
1 2 4 5 45 70 126 180
1 2 4 5 45 72 108 216
1 2 4 5 45 72 120 180
1 2 4 5 45 72 126 168
1 2 4 5 45 72 136 153
1 2 4 5 45 72 144 144
1 2 4 5 45 76 114 171
1 2 4 5 45 78 117 156
1 2 4 5 45 80 120 144
1 2 4 5 45 81 108 162
1 2 4 5 45 84 90 210
1 2 4 5 45 84 112 144
1 2 4 5 45 84 126 126
1 2 4 5 45 85 90 204
1 2 4 5 45 88 88 198
1 2 4 5 45 90 90 180
1 2 4 5 45 90 96 160
1 2 4 5 45 90 100 150
1 2 4 5 45 90 105 140
1 2 4 5 45 90 108 135
1 2 4 5 45 90 110 132
1 2 4 5 45 90 120 120
1 2 4 5 45 96 96 144
1 2 4 5 45 99 99 132
1 2 4 5 45 104 104 117
1 2 4 5 45 108 108 108
1 2 4 5 46 69 120 184
1 2 4 5 46 92 115 115
1 2 4 5 48 52 195 208
1 2 4 5 48 60 130 208
1 2 4 5 48 60 144 180
1 2 4 5 48 60 160 160
1 2 4 5 48 64 120 192
1 2 4 5 48 66 120 176
1 2 4 5 48 70 96 224
1 2 4 5 48 70 112 168
1 2 4 5 48 70 126 144
1 2 4 5 48 72 120 144
1 2 4 5 48 80 84 210
1 2 4 5 48 80 85 204
1 2 4 5 48 80 90 180
1 2 4 5 48 80 96 160
1 2 4 5 48 80 100 150
1 2 4 5 48 80 105 140
1 2 4 5 48 80 108 135
1 2 4 5 48 80 110 132
1 2 4 5 48 80 120 120
1 2 4 5 48 84 112 120
1 2 4 5 48 90 90 144
1 2 4 5 48 96 96 120
1 2 4 5 49 70 98 196
1 2 4 5 50 50 200 200
1 2 4 5 50 56 140 200
1 2 4 5 50 60 120 200
1 2 4 5 50 60 150 150
1 2 4 5 50 65 104 200
1 2 4 5 50 70 100 175
1 2 4 5 50 72 90 200
1 2 4 5 50 75 84 210
1 2 4 5 50 75 85 204
1 2 4 5 50 75 90 180
1 2 4 5 50 75 96 160
1 2 4 5 50 75 100 150
1 2 4 5 50 75 105 140
1 2 4 5 50 75 108 135
1 2 4 5 50 75 110 132
1 2 4 5 50 75 120 120
1 2 4 5 50 80 80 200
1 2 4 5 50 100 100 100
1 2 4 5 51 51 170 204
1 2 4 5 51 68 102 170
1 2 4 5 51 68 120 136
1 2 4 5 52 52 143 220
1 2 4 5 52 52 156 195
1 2 4 5 52 60 117 180
1 2 4 5 52 60 130 156
1 2 4 5 52 65 130 130
1 2 4 5 52 70 91 182
1 2 4 5 52 70 117 126
1 2 4 5 52 72 117 120
1 2 4 5 52 78 78 195
1 2 4 5 52 78 104 120
1 2 4 5 52 90 90 117
1 2 4 5 54 54 120 216
1 2 4 5 54 54 135 180
1 2 4 5 54 56 120 189
1 2 4 5 54 60 105 189
1 2 4 5 54 60 108 180
1 2 4 5 54 60 135 135
1 2 4 5 54 70 84 189
1 2 4 5 54 70 108 126
1 2 4 5 54 72 108 120
1 2 4 5 54 90 90 108
1 2 4 5 55 55 110 220
1 2 4 5 55 55 132 165
1 2 4 5 55 55 140 154
1 2 4 5 55 60 99 198
1 2 4 5 55 60 102 187
1 2 4 5 55 60 110 165
1 2 4 5 55 60 132 132
1 2 4 5 55 66 84 210
1 2 4 5 55 66 85 204
1 2 4 5 55 66 90 180
1 2 4 5 55 66 96 160
1 2 4 5 55 66 100 150
1 2 4 5 55 66 105 140
1 2 4 5 55 66 108 135
1 2 4 5 55 66 110 132
1 2 4 5 55 66 120 120
1 2 4 5 55 68 85 187
1 2 4 5 55 70 77 220
1 2 4 5 55 88 88 110
1 2 4 5 56 56 105 210
1 2 4 5 56 56 119 170
1 2 4 5 56 56 120 168
1 2 4 5 56 56 140 140
1 2 4 5 56 60 105 168
1 2 4 5 56 60 120 140
1 2 4 5 56 63 120 126
1 2 4 5 56 65 104 140
1 2 4 5 56 70 84 168
1 2 4 5 56 70 88 154
1 2 4 5 56 70 105 120
1 2 4 5 56 70 112 112
1 2 4 5 56 72 90 140
1 2 4 5 56 78 91 120
1 2 4 5 56 80 80 140
1 2 4 5 56 84 84 120
1 2 4 5 57 57 120 152
1 2 4 5 57 60 95 190
1 2 4 5 57 76 95 114
1 2 4 5 58 58 116 145
1 2 4 5 60 60 84 210
1 2 4 5 60 60 85 204
1 2 4 5 60 60 90 180
1 2 4 5 60 60 96 160
1 2 4 5 60 60 100 150
1 2 4 5 60 60 105 140
1 2 4 5 60 60 108 135
1 2 4 5 60 60 110 132
1 2 4 5 60 60 120 120
1 2 4 5 60 62 93 155
1 2 4 5 60 63 84 180
1 2 4 5 60 63 105 126
1 2 4 5 60 64 80 192
1 2 4 5 60 65 78 195
1 2 4 5 60 65 104 120
1 2 4 5 60 66 80 176
1 2 4 5 60 66 110 110
1 2 4 5 60 70 70 210
1 2 4 5 60 70 75 175
1 2 4 5 60 70 77 165
1 2 4 5 60 70 84 140
1 2 4 5 60 70 90 126
1 2 4 5 60 70 105 105
1 2 4 5 60 72 72 180
1 2 4 5 60 72 80 144
1 2 4 5 60 72 90 120
1 2 4 5 60 75 75 150
1 2 4 5 60 75 100 100
1 2 4 5 60 78 78 130
1 2 4 5 60 78 91 105
1 2 4 5 60 80 80 120
1 2 4 5 60 80 84 112
1 2 4 5 60 80 96 96
1 2 4 5 60 84 84 105
1 2 4 5 60 85 85 102
1 2 4 5 60 90 90 90
1 2 4 5 63 63 90 140
1 2 4 5 63 70 70 180
1 2 4 5 63 70 72 168
1 2 4 5 63 70 84 126
1 2 4 5 63 72 84 120
1 2 4 5 63 84 90 90
1 2 4 5 64 64 70 224
1 2 4 5 64 64 80 160
1 2 4 5 64 64 96 120
1 2 4 5 65 65 68 221
1 2 4 5 65 65 78 156
1 2 4 5 65 65 104 104
1 2 4 5 65 72 90 104
1 2 4 5 65 80 80 104
1 2 4 5 66 66 66 220
1 2 4 5 66 66 88 120
1 2 4 5 66 70 77 132
1 2 4 5 68 68 68 170
1 2 4 5 68 85 85 85
1 2 4 5 70 70 70 140
1 2 4 5 70 70 80 112
1 2 4 5 70 70 84 105
1 2 4 5 70 72 72 126
1 2 4 5 70 77 88 88
1 2 4 5 70 78 84 91
1 2 4 5 70 84 84 84
1 2 4 5 72 72 72 120
1 2 4 5 72 72 90 90
1 2 4 5 72 80 80 90
1 2 4 5 75 75 75 100
1 2 4 5 76 76 76 95
1 2 4 5 80 80 80 80
1 2 4 6 15 132 220 220
1 2 4 6 15 135 216 216
1 2 4 6 15 140 210 210
1 2 4 6 15 143 195 220
1 2 4 6 15 147 196 210
1 2 4 6 15 148 185 222
1 2 4 6 15 150 200 200
1 2 4 6 15 156 182 210
1 2 4 6 15 156 195 195
1 2 4 6 15 160 168 224
1 2 4 6 15 160 192 192
1 2 4 6 15 165 165 220
1 2 4 6 15 165 180 198
1 2 4 6 15 168 168 210
1 2 4 6 15 168 175 200
1 2 4 6 15 170 170 204
1 2 4 6 15 171 180 190
1 2 4 6 15 180 180 180
1 2 4 6 16 84 224 224
1 2 4 6 16 96 168 224
1 2 4 6 16 96 192 192
1 2 4 6 16 99 176 198
1 2 4 6 16 102 176 187
1 2 4 6 16 104 156 208
1 2 4 6 16 108 144 216
1 2 4 6 16 110 165 176
1 2 4 6 16 112 140 210
1 2 4 6 16 112 147 196
1 2 4 6 16 112 156 182
1 2 4 6 16 112 168 168
1 2 4 6 16 120 130 208
1 2 4 6 16 120 144 180
1 2 4 6 16 120 160 160
1 2 4 6 16 126 144 168
1 2 4 6 16 128 128 192
1 2 4 6 16 132 132 176
1 2 4 6 16 136 144 153
1 2 4 6 16 144 144 144
1 2 4 6 17 68 204 204
1 2 4 6 17 102 102 204
1 2 4 6 17 102 136 136
1 2 4 6 18 54 216 216
1 2 4 6 18 55 198 220
1 2 4 6 18 56 189 216
1 2 4 6 18 60 165 198
1 2 4 6 18 60 171 190
1 2 4 6 18 60 180 180
1 2 4 6 18 63 140 210
1 2 4 6 18 63 147 196
1 2 4 6 18 63 156 182
1 2 4 6 18 63 168 168
1 2 4 6 18 64 144 192
1 2 4 6 18 66 132 198
1 2 4 6 18 66 144 176
1 2 4 6 18 68 117 221
1 2 4 6 18 68 153 153
1 2 4 6 18 70 126 180
1 2 4 6 18 72 108 216
1 2 4 6 18 72 120 180
1 2 4 6 18 72 126 168
1 2 4 6 18 72 136 153
1 2 4 6 18 72 144 144
1 2 4 6 18 76 114 171
1 2 4 6 18 78 117 156
1 2 4 6 18 80 120 144
1 2 4 6 18 81 108 162
1 2 4 6 18 84 90 210
1 2 4 6 18 84 112 144
1 2 4 6 18 84 126 126
1 2 4 6 18 85 90 204
1 2 4 6 18 88 88 198
1 2 4 6 18 90 90 180
1 2 4 6 18 90 96 160
1 2 4 6 18 90 100 150
1 2 4 6 18 90 105 140
1 2 4 6 18 90 108 135
1 2 4 6 18 90 110 132
1 2 4 6 18 90 120 120
1 2 4 6 18 96 96 144
1 2 4 6 18 99 99 132
1 2 4 6 18 104 104 117
1 2 4 6 18 108 108 108
1 2 4 6 19 57 152 152
1 2 4 6 19 60 114 190
1 2 4 6 19 76 114 114
1 2 4 6 20 42 210 210
1 2 4 6 20 44 165 220
1 2 4 6 20 44 180 198
1 2 4 6 20 45 165 198
1 2 4 6 20 45 171 190
1 2 4 6 20 45 180 180
1 2 4 6 20 48 130 208
1 2 4 6 20 48 144 180
1 2 4 6 20 48 160 160
1 2 4 6 20 50 120 200
1 2 4 6 20 50 150 150
1 2 4 6 20 52 117 180
1 2 4 6 20 52 130 156
1 2 4 6 20 54 105 189
1 2 4 6 20 54 108 180
1 2 4 6 20 54 135 135
1 2 4 6 20 55 99 198
1 2 4 6 20 55 102 187
1 2 4 6 20 55 110 165
1 2 4 6 20 55 132 132
1 2 4 6 20 56 105 168
1 2 4 6 20 56 120 140
1 2 4 6 20 57 95 190
1 2 4 6 20 60 84 210
1 2 4 6 20 60 85 204
1 2 4 6 20 60 90 180
1 2 4 6 20 60 96 160
1 2 4 6 20 60 100 150
1 2 4 6 20 60 105 140
1 2 4 6 20 60 108 135
1 2 4 6 20 60 110 132
1 2 4 6 20 60 120 120
1 2 4 6 20 62 93 155
1 2 4 6 20 63 84 180
1 2 4 6 20 63 105 126
1 2 4 6 20 64 80 192
1 2 4 6 20 65 78 195
1 2 4 6 20 65 104 120
1 2 4 6 20 66 80 176
1 2 4 6 20 66 110 110
1 2 4 6 20 70 70 210
1 2 4 6 20 70 75 175
1 2 4 6 20 70 77 165
1 2 4 6 20 70 84 140
1 2 4 6 20 70 90 126
1 2 4 6 20 70 105 105
1 2 4 6 20 72 72 180
1 2 4 6 20 72 80 144
1 2 4 6 20 72 90 120
1 2 4 6 20 75 75 150
1 2 4 6 20 75 100 100
1 2 4 6 20 78 78 130
1 2 4 6 20 78 91 105
1 2 4 6 20 80 80 120
1 2 4 6 20 80 84 112
1 2 4 6 20 80 96 96
1 2 4 6 20 84 84 105
1 2 4 6 20 85 85 102
1 2 4 6 20 90 90 90
1 2 4 6 21 40 160 224
1 2 4 6 21 40 168 210
1 2 4 6 21 40 175 200
1 2 4 6 21 42 140 210
1 2 4 6 21 42 147 196
1 2 4 6 21 42 156 182
1 2 4 6 21 42 168 168
1 2 4 6 21 44 126 198
1 2 4 6 21 44 154 154
1 2 4 6 21 45 126 180
1 2 4 6 21 48 96 224
1 2 4 6 21 48 112 168
1 2 4 6 21 48 126 144
1 2 4 6 21 49 98 196
1 2 4 6 21 50 100 175
1 2 4 6 21 52 91 182
1 2 4 6 21 52 117 126
1 2 4 6 21 54 84 189
1 2 4 6 21 54 108 126
1 2 4 6 21 55 77 220
1 2 4 6 21 56 84 168
1 2 4 6 21 56 88 154
1 2 4 6 21 56 105 120
1 2 4 6 21 56 112 112
1 2 4 6 21 60 70 210
1 2 4 6 21 60 75 175
1 2 4 6 21 60 77 165
1 2 4 6 21 60 84 140
1 2 4 6 21 60 90 126
1 2 4 6 21 60 105 105
1 2 4 6 21 63 70 180
1 2 4 6 21 63 72 168
1 2 4 6 21 63 84 126
1 2 4 6 21 64 64 224
1 2 4 6 21 66 77 132
1 2 4 6 21 70 70 140
1 2 4 6 21 70 80 112
1 2 4 6 21 70 84 105
1 2 4 6 21 72 72 126
1 2 4 6 21 77 88 88
1 2 4 6 21 78 84 91
1 2 4 6 21 84 84 84
1 2 4 6 22 35 210 220
1 2 4 6 22 36 180 220
1 2 4 6 22 36 198 198
1 2 4 6 22 39 130 220
1 2 4 6 22 40 120 220
1 2 4 6 22 42 105 220
1 2 4 6 22 42 132 154
1 2 4 6 22 44 99 198
1 2 4 6 22 44 102 187
1 2 4 6 22 44 110 165
1 2 4 6 22 44 132 132
1 2 4 6 22 45 90 220
1 2 4 6 22 45 99 180
1 2 4 6 22 48 80 220
1 2 4 6 22 48 88 176
1 2 4 6 22 48 99 144
1 2 4 6 22 50 75 220
1 2 4 6 22 52 99 117
1 2 4 6 22 54 99 108
1 2 4 6 22 55 66 220
1 2 4 6 22 55 88 120
1 2 4 6 22 60 60 220
1 2 4 6 22 60 66 165
1 2 4 6 22 60 90 99
1 2 4 6 22 63 84 99
1 2 4 6 22 66 66 132
1 2 4 6 22 66 88 88
1 2 4 6 22 72 72 99
1 2 4 6 22 77 77 84
1 2 4 6 23 36 138 207
1 2 4 6 23 46 84 161
1 2 4 6 23 46 92 138
1 2 4 6 23 60 69 115
1 2 4 6 23 69 69 92
1 2 4 6 24 32 168 224
1 2 4 6 24 32 192 192
1 2 4 6 24 33 152 209
1 2 4 6 24 33 176 176
1 2 4 6 24 34 136 204
1 2 4 6 24 35 120 210
1 2 4 6 24 35 140 168
1 2 4 6 24 36 108 216
1 2 4 6 24 36 120 180
1 2 4 6 24 36 126 168
1 2 4 6 24 36 136 153
1 2 4 6 24 36 144 144
1 2 4 6 24 38 114 152
1 2 4 6 24 39 104 156
1 2 4 6 24 39 120 130
1 2 4 6 24 40 84 210
1 2 4 6 24 40 85 204
1 2 4 6 24 40 90 180
1 2 4 6 24 40 96 160
1 2 4 6 24 40 100 150
1 2 4 6 24 40 105 140
1 2 4 6 24 40 108 135
1 2 4 6 24 40 110 132
1 2 4 6 24 40 120 120
1 2 4 6 24 42 84 168
1 2 4 6 24 42 88 154
1 2 4 6 24 42 105 120
1 2 4 6 24 42 112 112
1 2 4 6 24 44 72 198
1 2 4 6 24 44 77 168
1 2 4 6 24 44 88 132
1 2 4 6 24 45 72 180
1 2 4 6 24 45 80 144
1 2 4 6 24 45 90 120
1 2 4 6 24 46 69 184
1 2 4 6 24 48 64 192
1 2 4 6 24 48 66 176
1 2 4 6 24 48 72 144
1 2 4 6 24 48 80 120
1 2 4 6 24 48 84 112
1 2 4 6 24 48 96 96
1 2 4 6 24 50 60 200
1 2 4 6 24 50 75 120
1 2 4 6 24 51 68 136
1 2 4 6 24 52 72 117
1 2 4 6 24 52 78 104
1 2 4 6 24 54 54 216
1 2 4 6 24 54 56 189
1 2 4 6 24 54 72 108
1 2 4 6 24 55 66 120
1 2 4 6 24 56 56 168
1 2 4 6 24 56 60 140
1 2 4 6 24 56 63 126
1 2 4 6 24 56 70 105
1 2 4 6 24 56 78 91
1 2 4 6 24 56 84 84
1 2 4 6 24 57 57 152
1 2 4 6 24 60 60 120
1 2 4 6 24 60 65 104
1 2 4 6 24 60 72 90
1 2 4 6 24 60 80 80
1 2 4 6 24 63 72 84
1 2 4 6 24 64 64 96
1 2 4 6 24 66 66 88
1 2 4 6 24 72 72 72
1 2 4 6 25 30 200 200
1 2 4 6 25 35 100 210
1 2 4 6 25 36 100 180
1 2 4 6 25 39 100 130
1 2 4 6 25 40 75 200
1 2 4 6 25 40 100 120
1 2 4 6 25 42 100 105
1 2 4 6 25 45 90 100
1 2 4 6 25 48 80 100
1 2 4 6 25 50 60 150
1 2 4 6 25 50 75 100
1 2 4 6 25 55 66 100
1 2 4 6 25 60 60 100
1 2 4 6 25 60 75 75
1 2 4 6 26 30 143 220
1 2 4 6 26 30 156 195
1 2 4 6 26 33 132 143
1 2 4 6 26 36 99 143
1 2 4 6 26 36 117 117
1 2 4 6 26 39 68 221
1 2 4 6 26 39 78 156
1 2 4 6 26 39 104 104
1 2 4 6 26 44 66 143
1 2 4 6 26 48 52 208
1 2 4 6 26 52 52 156
1 2 4 6 26 52 78 78
1 2 4 6 26 60 65 78
1 2 4 6 27 27 216 216
1 2 4 6 27 28 168 216
1 2 4 6 27 28 189 189
1 2 4 6 27 30 120 216
1 2 4 6 27 30 135 180
1 2 4 6 27 32 96 216
1 2 4 6 27 33 88 216
1 2 4 6 27 36 72 216
1 2 4 6 27 36 81 162
1 2 4 6 27 36 90 135
1 2 4 6 27 36 108 108
1 2 4 6 27 40 60 216
1 2 4 6 27 40 72 135
1 2 4 6 27 42 56 216
1 2 4 6 27 44 54 198
1 2 4 6 27 45 54 180
1 2 4 6 27 45 60 135
1 2 4 6 27 48 48 216
1 2 4 6 27 48 54 144
1 2 4 6 27 52 54 117
1 2 4 6 27 54 54 108
1 2 4 6 27 54 60 90
1 2 4 6 27 54 63 84
1 2 4 6 27 54 72 72
1 2 4 6 28 28 140 210
1 2 4 6 28 28 147 196
1 2 4 6 28 28 156 182
1 2 4 6 28 28 168 168
1 2 4 6 28 30 105 210
1 2 4 6 28 30 119 170
1 2 4 6 28 30 120 168
1 2 4 6 28 30 140 140
1 2 4 6 28 31 93 217
1 2 4 6 28 32 84 224
1 2 4 6 28 32 96 168
1 2 4 6 28 33 88 168
1 2 4 6 28 34 102 119
1 2 4 6 28 35 70 210
1 2 4 6 28 35 75 175
1 2 4 6 28 35 77 165
1 2 4 6 28 35 84 140
1 2 4 6 28 35 90 126
1 2 4 6 28 35 105 105
1 2 4 6 28 36 70 180
1 2 4 6 28 36 72 168
1 2 4 6 28 36 84 126
1 2 4 6 28 39 70 130
1 2 4 6 28 39 91 91
1 2 4 6 28 40 56 210
1 2 4 6 28 40 60 168
1 2 4 6 28 40 70 120
1 2 4 6 28 42 54 189
1 2 4 6 28 42 56 168
1 2 4 6 28 42 60 140
1 2 4 6 28 42 63 126
1 2 4 6 28 42 70 105
1 2 4 6 28 42 78 91
1 2 4 6 28 42 84 84
1 2 4 6 28 44 77 84
1 2 4 6 28 45 63 105
1 2 4 6 28 45 70 90
1 2 4 6 28 48 48 168
1 2 4 6 28 48 56 112
1 2 4 6 28 48 70 80
1 2 4 6 28 49 49 147
1 2 4 6 28 50 70 75
1 2 4 6 28 51 51 119
1 2 4 6 28 55 66 70
1 2 4 6 28 56 56 84
1 2 4 6 28 56 63 72
1 2 4 6 28 60 60 70
1 2 4 6 28 63 63 63
1 2 4 6 29 29 116 174
1 2 4 6 29 30 116 145
1 2 4 6 30 30 84 210
1 2 4 6 30 30 85 204
1 2 4 6 30 30 90 180
1 2 4 6 30 30 96 160
1 2 4 6 30 30 100 150
1 2 4 6 30 30 105 140
1 2 4 6 30 30 108 135
1 2 4 6 30 30 110 132
1 2 4 6 30 30 120 120
1 2 4 6 30 32 70 224
1 2 4 6 30 32 80 160
1 2 4 6 30 32 96 120
1 2 4 6 30 33 66 220
1 2 4 6 30 33 88 120
1 2 4 6 30 34 68 170
1 2 4 6 30 35 60 210
1 2 4 6 30 35 63 180
1 2 4 6 30 35 70 140
1 2 4 6 30 35 80 112
1 2 4 6 30 35 84 105
1 2 4 6 30 36 60 180
1 2 4 6 30 36 70 126
1 2 4 6 30 36 72 120
1 2 4 6 30 36 90 90
1 2 4 6 30 38 76 95
1 2 4 6 30 39 52 195
1 2 4 6 30 39 60 130
1 2 4 6 30 40 50 200
1 2 4 6 30 40 56 140
1 2 4 6 30 40 60 120
1 2 4 6 30 40 65 104
1 2 4 6 30 40 72 90
1 2 4 6 30 40 80 80
1 2 4 6 30 42 56 120
1 2 4 6 30 42 60 105
1 2 4 6 30 42 70 84
1 2 4 6 30 44 44 220
1 2 4 6 30 44 45 198
1 2 4 6 30 44 55 110
1 2 4 6 30 44 70 77
1 2 4 6 30 45 45 180
1 2 4 6 30 45 48 144
1 2 4 6 30 45 52 117
1 2 4 6 30 45 54 108
1 2 4 6 30 45 60 90
1 2 4 6 30 45 63 84
1 2 4 6 30 45 72 72
1 2 4 6 30 48 48 120
1 2 4 6 30 48 60 80
1 2 4 6 30 50 50 100
1 2 4 6 30 50 60 75
1 2 4 6 30 52 65 65
1 2 4 6 30 55 60 66
1 2 4 6 30 56 56 70
1 2 4 6 30 60 60 60
1 2 4 6 31 31 93 124
1 2 4 6 32 32 64 192
1 2 4 6 32 32 66 176
1 2 4 6 32 32 72 144
1 2 4 6 32 32 80 120
1 2 4 6 32 32 84 112
1 2 4 6 32 32 96 96
1 2 4 6 32 33 88 96
1 2 4 6 32 36 72 96
1 2 4 6 32 40 48 160
1 2 4 6 32 40 60 96
1 2 4 6 32 42 42 224
1 2 4 6 32 42 56 96
1 2 4 6 32 48 48 96
1 2 4 6 32 48 64 64
1 2 4 6 33 33 55 220
1 2 4 6 33 33 60 165
1 2 4 6 33 33 66 132
1 2 4 6 33 33 88 88
1 2 4 6 33 36 66 99
1 2 4 6 33 36 72 88
1 2 4 6 33 40 60 88
1 2 4 6 33 42 44 154
1 2 4 6 33 42 56 88
1 2 4 6 33 44 44 132
1 2 4 6 33 44 66 66
1 2 4 6 33 48 48 88
1 2 4 6 33 55 55 60
1 2 4 6 34 34 51 204
1 2 4 6 34 34 68 102
1 2 4 6 34 36 51 153
1 2 4 6 34 51 51 68
1 2 4 6 35 35 56 120
1 2 4 6 35 35 60 105
1 2 4 6 35 35 70 84
1 2 4 6 35 36 45 210
1 2 4 6 35 36 63 90
1 2 4 6 35 40 40 210
1 2 4 6 35 40 42 168
1 2 4 6 35 40 48 112
1 2 4 6 35 40 56 84
1 2 4 6 35 40 63 72
1 2 4 6 35 42 42 140
1 2 4 6 35 42 60 70
1 2 4 6 35 45 60 63
1 2 4 6 36 36 44 198
1 2 4 6 36 36 45 180
1 2 4 6 36 36 48 144
1 2 4 6 36 36 52 117
1 2 4 6 36 36 54 108
1 2 4 6 36 36 60 90
1 2 4 6 36 36 63 84
1 2 4 6 36 36 72 72
1 2 4 6 36 39 45 130
1 2 4 6 36 40 40 180
1 2 4 6 36 40 45 120
1 2 4 6 36 40 60 72
1 2 4 6 36 42 42 126
1 2 4 6 36 42 45 105
1 2 4 6 36 42 56 72
1 2 4 6 36 42 63 63
1 2 4 6 36 44 44 99
1 2 4 6 36 45 45 90
1 2 4 6 36 45 48 80
1 2 4 6 36 45 50 75
1 2 4 6 36 45 55 66
1 2 4 6 36 45 60 60
1 2 4 6 36 48 48 72
1 2 4 6 36 54 54 54
1 2 4 6 38 38 57 76
1 2 4 6 39 39 39 156
1 2 4 6 39 39 52 78
1 2 4 6 39 39 60 65
1 2 4 6 39 40 40 130
1 2 4 6 39 52 52 52
1 2 4 6 40 40 40 120
1 2 4 6 40 40 42 105
1 2 4 6 40 40 45 90
1 2 4 6 40 40 48 80
1 2 4 6 40 40 50 75
1 2 4 6 40 40 55 66
1 2 4 6 40 40 60 60
1 2 4 6 40 42 56 60
1 2 4 6 40 45 45 72
1 2 4 6 40 48 48 60
1 2 4 6 42 42 42 84
1 2 4 6 42 42 44 77
1 2 4 6 42 42 56 56
1 2 4 6 42 48 48 56
1 2 4 6 44 44 44 66
1 2 4 6 45 45 45 60
1 2 4 6 48 48 48 48
1 2 4 7 11 140 220 220
1 2 4 7 12 70 210 210
1 2 4 7 12 72 189 216
1 2 4 7 12 75 175 210
1 2 4 7 12 77 165 210
1 2 4 7 12 78 182 182
1 2 4 7 12 81 162 189
1 2 4 7 12 84 140 210
1 2 4 7 12 84 147 196
1 2 4 7 12 84 156 182
1 2 4 7 12 84 168 168
1 2 4 7 12 85 140 204
1 2 4 7 12 88 154 168
1 2 4 7 12 90 126 210
1 2 4 7 12 90 135 189
1 2 4 7 12 90 140 180
1 2 4 7 12 91 130 195
1 2 4 7 12 91 156 156
1 2 4 7 12 96 112 224
1 2 4 7 12 96 140 160
1 2 4 7 12 98 147 147
1 2 4 7 12 100 140 150
1 2 4 7 12 105 105 210
1 2 4 7 12 105 119 170
1 2 4 7 12 105 120 168
1 2 4 7 12 105 140 140
1 2 4 7 12 108 108 189
1 2 4 7 12 108 135 140
1 2 4 7 12 110 132 140
1 2 4 7 12 112 112 168
1 2 4 7 12 112 126 144
1 2 4 7 12 114 133 133
1 2 4 7 12 120 120 140
1 2 4 7 12 126 126 126
1 2 4 7 13 52 182 182
1 2 4 7 13 54 156 189
1 2 4 7 13 56 156 168
1 2 4 7 13 60 140 156
1 2 4 7 13 63 126 156
1 2 4 7 13 65 130 140
1 2 4 7 13 68 91 221
1 2 4 7 13 70 105 156
1 2 4 7 13 78 84 182
1 2 4 7 13 78 91 156
1 2 4 7 13 84 84 156
1 2 4 7 13 91 104 104
1 2 4 7 14 40 160 224
1 2 4 7 14 40 168 210
1 2 4 7 14 40 175 200
1 2 4 7 14 42 140 210
1 2 4 7 14 42 147 196
1 2 4 7 14 42 156 182
1 2 4 7 14 42 168 168
1 2 4 7 14 44 126 198
1 2 4 7 14 44 154 154
1 2 4 7 14 45 126 180
1 2 4 7 14 48 96 224
1 2 4 7 14 48 112 168
1 2 4 7 14 48 126 144
1 2 4 7 14 49 98 196
1 2 4 7 14 50 100 175
1 2 4 7 14 52 91 182
1 2 4 7 14 52 117 126
1 2 4 7 14 54 84 189
1 2 4 7 14 54 108 126
1 2 4 7 14 55 77 220
1 2 4 7 14 56 84 168
1 2 4 7 14 56 88 154
1 2 4 7 14 56 105 120
1 2 4 7 14 56 112 112
1 2 4 7 14 60 70 210
1 2 4 7 14 60 75 175
1 2 4 7 14 60 77 165
1 2 4 7 14 60 84 140
1 2 4 7 14 60 90 126
1 2 4 7 14 60 105 105
1 2 4 7 14 63 70 180
1 2 4 7 14 63 72 168
1 2 4 7 14 63 84 126
1 2 4 7 14 64 64 224
1 2 4 7 14 66 77 132
1 2 4 7 14 70 70 140
1 2 4 7 14 70 80 112
1 2 4 7 14 70 84 105
1 2 4 7 14 72 72 126
1 2 4 7 14 77 88 88
1 2 4 7 14 78 84 91
1 2 4 7 14 84 84 84
1 2 4 7 15 32 210 224
1 2 4 7 15 35 140 210
1 2 4 7 15 35 147 196
1 2 4 7 15 35 156 182
1 2 4 7 15 35 168 168
1 2 4 7 15 36 126 210
1 2 4 7 15 36 135 189
1 2 4 7 15 36 140 180
1 2 4 7 15 39 130 140
1 2 4 7 15 40 105 168
1 2 4 7 15 40 120 140
1 2 4 7 15 42 84 210
1 2 4 7 15 42 85 204
1 2 4 7 15 42 90 180
1 2 4 7 15 42 96 160
1 2 4 7 15 42 100 150
1 2 4 7 15 42 105 140
1 2 4 7 15 42 108 135
1 2 4 7 15 42 110 132
1 2 4 7 15 42 120 120
1 2 4 7 15 44 77 210
1 2 4 7 15 45 90 140
1 2 4 7 15 48 80 140
1 2 4 7 15 50 75 140
1 2 4 7 15 54 60 189
1 2 4 7 15 55 66 140
1 2 4 7 15 56 56 210
1 2 4 7 15 56 60 168
1 2 4 7 15 56 70 120
1 2 4 7 15 60 60 140
1 2 4 7 15 60 63 126
1 2 4 7 15 60 70 105
1 2 4 7 15 60 78 91
1 2 4 7 15 60 84 84
1 2 4 7 15 70 70 84
1 2 4 7 16 28 224 224
1 2 4 7 16 32 112 224
1 2 4 7 16 32 140 160
1 2 4 7 16 35 112 140
1 2 4 7 16 36 112 126
1 2 4 7 16 40 80 140
1 2 4 7 16 42 64 192
1 2 4 7 16 42 66 176
1 2 4 7 16 42 72 144
1 2 4 7 16 42 80 120
1 2 4 7 16 42 84 112
1 2 4 7 16 42 96 96
1 2 4 7 16 44 77 112
1 2 4 7 16 48 54 189
1 2 4 7 16 48 56 168
1 2 4 7 16 48 60 140
1 2 4 7 16 48 63 126
1 2 4 7 16 48 70 105
1 2 4 7 16 48 78 91
1 2 4 7 16 48 84 84
1 2 4 7 16 56 56 112
1 2 4 7 16 56 70 80
1 2 4 7 17 34 85 140
1 2 4 7 17 42 51 204
1 2 4 7 17 42 68 102
1 2 4 7 18 24 189 216
1 2 4 7 18 27 108 189
1 2 4 7 18 27 135 140
1 2 4 7 18 28 90 210
1 2 4 7 18 28 112 144
1 2 4 7 18 28 126 126
1 2 4 7 18 30 90 140
1 2 4 7 18 32 63 224
1 2 4 7 18 35 63 140
1 2 4 7 18 35 84 90
1 2 4 7 18 36 54 189
1 2 4 7 18 36 56 168
1 2 4 7 18 36 60 140
1 2 4 7 18 36 63 126
1 2 4 7 18 36 70 105
1 2 4 7 18 36 78 91
1 2 4 7 18 36 84 84
1 2 4 7 18 42 44 198
1 2 4 7 18 42 45 180
1 2 4 7 18 42 48 144
1 2 4 7 18 42 52 117
1 2 4 7 18 42 54 108
1 2 4 7 18 42 60 90
1 2 4 7 18 42 63 84
1 2 4 7 18 42 72 72
1 2 4 7 18 44 63 77
1 2 4 7 18 45 45 140
1 2 4 7 18 56 56 63
1 2 4 7 19 42 57 76
1 2 4 7 20 21 210 210
1 2 4 7 20 22 140 220
1 2 4 7 20 24 105 168
1 2 4 7 20 24 120 140
1 2 4 7 20 25 100 140
1 2 4 7 20 26 91 130
1 2 4 7 20 28 60 210
1 2 4 7 20 28 63 180
1 2 4 7 20 28 70 140
1 2 4 7 20 28 80 112
1 2 4 7 20 28 84 105
1 2 4 7 20 30 54 189
1 2 4 7 20 30 56 168
1 2 4 7 20 30 60 140
1 2 4 7 20 30 63 126
1 2 4 7 20 30 70 105
1 2 4 7 20 30 78 91
1 2 4 7 20 30 84 84
1 2 4 7 20 35 42 210
1 2 4 7 20 35 60 84
1 2 4 7 20 35 70 70
1 2 4 7 20 36 42 180
1 2 4 7 20 36 45 140
1 2 4 7 20 39 42 130
1 2 4 7 20 40 40 140
1 2 4 7 20 40 42 120
1 2 4 7 20 40 56 70
1 2 4 7 20 42 42 105
1 2 4 7 20 42 45 90
1 2 4 7 20 42 48 80
1 2 4 7 20 42 50 75
1 2 4 7 20 42 55 66
1 2 4 7 20 42 60 60
1 2 4 7 21 21 140 210
1 2 4 7 21 21 147 196
1 2 4 7 21 21 156 182
1 2 4 7 21 21 168 168
1 2 4 7 21 22 105 220
1 2 4 7 21 22 132 154
1 2 4 7 21 24 84 168
1 2 4 7 21 24 88 154
1 2 4 7 21 24 105 120
1 2 4 7 21 24 112 112
1 2 4 7 21 25 100 105
1 2 4 7 21 27 56 216
1 2 4 7 21 28 54 189
1 2 4 7 21 28 56 168
1 2 4 7 21 28 60 140
1 2 4 7 21 28 63 126
1 2 4 7 21 28 70 105
1 2 4 7 21 28 78 91
1 2 4 7 21 28 84 84
1 2 4 7 21 30 56 120
1 2 4 7 21 30 60 105
1 2 4 7 21 30 70 84
1 2 4 7 21 32 42 224
1 2 4 7 21 32 56 96
1 2 4 7 21 33 44 154
1 2 4 7 21 33 56 88
1 2 4 7 21 35 40 168
1 2 4 7 21 35 42 140
1 2 4 7 21 35 60 70
1 2 4 7 21 36 42 126
1 2 4 7 21 36 45 105
1 2 4 7 21 36 56 72
1 2 4 7 21 36 63 63
1 2 4 7 21 40 40 105
1 2 4 7 21 40 56 60
1 2 4 7 21 42 42 84
1 2 4 7 21 42 44 77
1 2 4 7 21 42 56 56
1 2 4 7 21 48 48 56
1 2 4 7 22 22 110 140
1 2 4 7 22 28 63 99
1 2 4 7 22 28 77 77
1 2 4 7 22 30 42 220
1 2 4 7 22 33 42 132
1 2 4 7 22 35 35 220
1 2 4 7 22 36 42 99
1 2 4 7 22 42 44 66
1 2 4 7 23 28 46 161
1 2 4 7 24 24 54 189
1 2 4 7 24 24 56 168
1 2 4 7 24 24 60 140
1 2 4 7 24 24 63 126
1 2 4 7 24 24 70 105
1 2 4 7 24 24 78 91
1 2 4 7 24 24 84 84
1 2 4 7 24 27 42 216
1 2 4 7 24 28 40 210
1 2 4 7 24 28 42 168
1 2 4 7 24 28 48 112
1 2 4 7 24 28 56 84
1 2 4 7 24 28 63 72
1 2 4 7 24 30 40 140
1 2 4 7 24 30 42 120
1 2 4 7 24 30 56 70
1 2 4 7 24 32 42 96
1 2 4 7 24 33 42 88
1 2 4 7 24 35 35 120
1 2 4 7 24 35 40 84
1 2 4 7 24 36 42 72
1 2 4 7 24 40 42 60
1 2 4 7 24 42 42 56
1 2 4 7 24 42 48 48
1 2 4 7 25 25 50 140
1 2 4 7 25 30 42 100
1 2 4 7 25 35 35 100
1 2 4 7 26 26 42 156
1 2 4 7 26 26 52 91
1 2 4 7 26 39 42 52
1 2 4 7 27 27 36 189
1 2 4 7 27 27 42 108
1 2 4 7 27 28 54 63
1 2 4 7 27 36 42 54
1 2 4 7 28 28 32 224
1 2 4 7 28 28 35 140
1 2 4 7 28 28 36 126
1 2 4 7 28 28 42 84
1 2 4 7 28 28 44 77
1 2 4 7 28 28 56 56
1 2 4 7 28 30 30 210
1 2 4 7 28 30 35 105
1 2 4 7 28 30 42 70
1 2 4 7 28 30 45 63
1 2 4 7 28 32 32 112
1 2 4 7 28 35 35 70
1 2 4 7 28 35 40 56
1 2 4 7 28 36 36 63
1 2 4 7 28 42 42 42
1 2 4 7 30 30 30 140
1 2 4 7 30 30 35 84
1 2 4 7 30 30 42 60
1 2 4 7 30 35 35 60
1 2 4 7 30 36 42 45
1 2 4 7 30 40 40 42
1 2 4 7 32 32 42 48
1 2 4 7 33 33 42 44
1 2 4 7 35 35 36 45
1 2 4 7 35 35 40 40
1 2 4 7 36 36 36 42
1 2 4 8 9 216 216 216
1 2 4 8 10 65 208 208
1 2 4 8 10 70 160 224
1 2 4 8 10 70 168 210
1 2 4 8 10 70 175 200
1 2 4 8 10 72 165 198
1 2 4 8 10 72 171 190
1 2 4 8 10 72 180 180
1 2 4 8 10 75 150 200
1 2 4 8 10 75 168 175
1 2 4 8 10 76 152 190
1 2 4 8 10 77 165 168
1 2 4 8 10 80 130 208
1 2 4 8 10 80 144 180
1 2 4 8 10 80 160 160
1 2 4 8 10 84 120 210
1 2 4 8 10 84 140 168
1 2 4 8 10 85 120 204
1 2 4 8 10 85 136 170
1 2 4 8 10 88 110 220
1 2 4 8 10 88 132 165
1 2 4 8 10 88 140 154
1 2 4 8 10 90 108 216
1 2 4 8 10 90 120 180
1 2 4 8 10 90 126 168
1 2 4 8 10 90 136 153
1 2 4 8 10 90 144 144
1 2 4 8 10 92 115 184
1 2 4 8 10 96 120 160
1 2 4 8 10 100 100 200
1 2 4 8 10 100 120 150
1 2 4 8 10 104 130 130
1 2 4 8 10 105 105 168
1 2 4 8 10 105 120 140
1 2 4 8 10 108 120 135
1 2 4 8 10 110 120 132
1 2 4 8 10 112 112 140
1 2 4 8 10 120 120 120
1 2 4 8 11 40 220 220
1 2 4 8 11 44 152 209
1 2 4 8 11 44 176 176
1 2 4 8 11 48 132 176
1 2 4 8 11 50 110 200
1 2 4 8 11 55 88 220
1 2 4 8 11 55 120 132
1 2 4 8 11 56 110 140
1 2 4 8 11 60 88 165
1 2 4 8 11 60 110 120
1 2 4 8 11 65 104 110
1 2 4 8 11 66 72 198
1 2 4 8 11 66 77 168
1 2 4 8 11 66 88 132
1 2 4 8 11 72 90 110
1 2 4 8 11 72 99 99
1 2 4 8 11 80 80 110
1 2 4 8 11 88 88 88
1 2 4 8 12 32 168 224
1 2 4 8 12 32 192 192
1 2 4 8 12 33 152 209
1 2 4 8 12 33 176 176
1 2 4 8 12 34 136 204
1 2 4 8 12 35 120 210
1 2 4 8 12 35 140 168
1 2 4 8 12 36 108 216
1 2 4 8 12 36 120 180
1 2 4 8 12 36 126 168
1 2 4 8 12 36 136 153
1 2 4 8 12 36 144 144
1 2 4 8 12 38 114 152
1 2 4 8 12 39 104 156
1 2 4 8 12 39 120 130
1 2 4 8 12 40 84 210
1 2 4 8 12 40 85 204
1 2 4 8 12 40 90 180
1 2 4 8 12 40 96 160
1 2 4 8 12 40 100 150
1 2 4 8 12 40 105 140
1 2 4 8 12 40 108 135
1 2 4 8 12 40 110 132
1 2 4 8 12 40 120 120
1 2 4 8 12 42 84 168
1 2 4 8 12 42 88 154
1 2 4 8 12 42 105 120
1 2 4 8 12 42 112 112
1 2 4 8 12 44 72 198
1 2 4 8 12 44 77 168
1 2 4 8 12 44 88 132
1 2 4 8 12 45 72 180
1 2 4 8 12 45 80 144
1 2 4 8 12 45 90 120
1 2 4 8 12 46 69 184
1 2 4 8 12 48 64 192
1 2 4 8 12 48 66 176
1 2 4 8 12 48 72 144
1 2 4 8 12 48 80 120
1 2 4 8 12 48 84 112
1 2 4 8 12 48 96 96
1 2 4 8 12 50 60 200
1 2 4 8 12 50 75 120
1 2 4 8 12 51 68 136
1 2 4 8 12 52 72 117
1 2 4 8 12 52 78 104
1 2 4 8 12 54 54 216
1 2 4 8 12 54 56 189
1 2 4 8 12 54 72 108
1 2 4 8 12 55 66 120
1 2 4 8 12 56 56 168
1 2 4 8 12 56 60 140
1 2 4 8 12 56 63 126
1 2 4 8 12 56 70 105
1 2 4 8 12 56 78 91
1 2 4 8 12 56 84 84
1 2 4 8 12 57 57 152
1 2 4 8 12 60 60 120
1 2 4 8 12 60 65 104
1 2 4 8 12 60 72 90
1 2 4 8 12 60 80 80
1 2 4 8 12 63 72 84
1 2 4 8 12 64 64 96
1 2 4 8 12 66 66 88
1 2 4 8 12 72 72 72
1 2 4 8 13 26 208 208
1 2 4 8 13 27 156 216
1 2 4 8 13 28 156 168
1 2 4 8 13 30 104 195
1 2 4 8 13 30 120 156
1 2 4 8 13 32 96 156
1 2 4 8 13 33 88 156
1 2 4 8 13 36 72 156
1 2 4 8 13 39 72 117
1 2 4 8 13 39 78 104
1 2 4 8 13 40 60 156
1 2 4 8 13 40 65 130
1 2 4 8 13 42 56 156
1 2 4 8 13 48 48 156
1 2 4 8 13 52 52 104
1 2 4 8 13 52 56 91
1 2 4 8 14 24 140 210
1 2 4 8 14 24 147 196
1 2 4 8 14 24 156 182
1 2 4 8 14 24 168 168
1 2 4 8 14 26 104 182
1 2 4 8 14 27 84 216
1 2 4 8 14 28 84 168
1 2 4 8 14 28 88 154
1 2 4 8 14 28 105 120
1 2 4 8 14 28 112 112
1 2 4 8 14 30 70 168
1 2 4 8 14 30 84 120
1 2 4 8 14 32 56 224
1 2 4 8 14 32 84 96
1 2 4 8 14 33 84 88
1 2 4 8 14 35 50 200
1 2 4 8 14 35 56 140
1 2 4 8 14 35 60 120
1 2 4 8 14 35 65 104
1 2 4 8 14 35 72 90
1 2 4 8 14 35 80 80
1 2 4 8 14 36 56 126
1 2 4 8 14 36 72 84
1 2 4 8 14 40 42 210
1 2 4 8 14 40 60 84
1 2 4 8 14 40 70 70
1 2 4 8 14 42 42 168
1 2 4 8 14 42 48 112
1 2 4 8 14 42 56 84
1 2 4 8 14 42 63 72
1 2 4 8 14 44 56 77
1 2 4 8 14 48 48 84
1 2 4 8 14 56 56 56
1 2 4 8 15 21 160 224
1 2 4 8 15 21 168 210
1 2 4 8 15 21 175 200
1 2 4 8 15 22 120 220
1 2 4 8 15 24 84 210
1 2 4 8 15 24 85 204
1 2 4 8 15 24 90 180
1 2 4 8 15 24 96 160
1 2 4 8 15 24 100 150
1 2 4 8 15 24 105 140
1 2 4 8 15 24 108 135
1 2 4 8 15 24 110 132
1 2 4 8 15 24 120 120
1 2 4 8 15 25 75 200
1 2 4 8 15 25 100 120
1 2 4 8 15 27 60 216
1 2 4 8 15 27 72 135
1 2 4 8 15 28 56 210
1 2 4 8 15 28 60 168
1 2 4 8 15 28 70 120
1 2 4 8 15 30 50 200
1 2 4 8 15 30 56 140
1 2 4 8 15 30 60 120
1 2 4 8 15 30 65 104
1 2 4 8 15 30 72 90
1 2 4 8 15 30 80 80
1 2 4 8 15 32 48 160
1 2 4 8 15 32 60 96
1 2 4 8 15 33 60 88
1 2 4 8 15 35 40 210
1 2 4 8 15 35 42 168
1 2 4 8 15 35 48 112
1 2 4 8 15 35 56 84
1 2 4 8 15 35 63 72
1 2 4 8 15 36 40 180
1 2 4 8 15 36 45 120
1 2 4 8 15 36 60 72
1 2 4 8 15 39 40 130
1 2 4 8 15 40 40 120
1 2 4 8 15 40 42 105
1 2 4 8 15 40 45 90
1 2 4 8 15 40 48 80
1 2 4 8 15 40 50 75
1 2 4 8 15 40 55 66
1 2 4 8 15 40 60 60
1 2 4 8 15 42 56 60
1 2 4 8 15 45 45 72
1 2 4 8 15 48 48 60
1 2 4 8 16 20 130 208
1 2 4 8 16 20 144 180
1 2 4 8 16 20 160 160
1 2 4 8 16 21 96 224
1 2 4 8 16 21 112 168
1 2 4 8 16 21 126 144
1 2 4 8 16 22 80 220
1 2 4 8 16 22 88 176
1 2 4 8 16 22 99 144
1 2 4 8 16 24 64 192
1 2 4 8 16 24 66 176
1 2 4 8 16 24 72 144
1 2 4 8 16 24 80 120
1 2 4 8 16 24 84 112
1 2 4 8 16 24 96 96
1 2 4 8 16 25 80 100
1 2 4 8 16 26 52 208
1 2 4 8 16 27 48 216
1 2 4 8 16 27 54 144
1 2 4 8 16 28 48 168
1 2 4 8 16 28 56 112
1 2 4 8 16 28 70 80
1 2 4 8 16 30 45 144
1 2 4 8 16 30 48 120
1 2 4 8 16 30 60 80
1 2 4 8 16 32 40 160
1 2 4 8 16 32 48 96
1 2 4 8 16 32 64 64
1 2 4 8 16 33 48 88
1 2 4 8 16 35 40 112
1 2 4 8 16 36 36 144
1 2 4 8 16 36 45 80
1 2 4 8 16 36 48 72
1 2 4 8 16 40 40 80
1 2 4 8 16 40 48 60
1 2 4 8 16 42 48 56
1 2 4 8 16 48 48 48
1 2 4 8 17 24 51 204
1 2 4 8 17 24 68 102
1 2 4 8 17 34 34 136
1 2 4 8 17 34 40 85
1 2 4 8 18 18 108 216
1 2 4 8 18 18 120 180
1 2 4 8 18 18 126 168
1 2 4 8 18 18 136 153
1 2 4 8 18 18 144 144
1 2 4 8 18 20 72 180
1 2 4 8 18 20 80 144
1 2 4 8 18 20 90 120
1 2 4 8 18 21 63 168
1 2 4 8 18 21 72 126
1 2 4 8 18 22 72 99
1 2 4 8 18 24 44 198
1 2 4 8 18 24 45 180
1 2 4 8 18 24 48 144
1 2 4 8 18 24 52 117
1 2 4 8 18 24 54 108
1 2 4 8 18 24 60 90
1 2 4 8 18 24 63 84
1 2 4 8 18 24 72 72
1 2 4 8 18 27 36 216
1 2 4 8 18 27 40 135
1 2 4 8 18 27 54 72
1 2 4 8 18 28 36 168
1 2 4 8 18 28 56 63
1 2 4 8 18 30 36 120
1 2 4 8 18 30 40 90
1 2 4 8 18 30 45 72
1 2 4 8 18 32 32 144
1 2 4 8 18 32 36 96
1 2 4 8 18 33 36 88
1 2 4 8 18 35 40 63
1 2 4 8 18 36 36 72
1 2 4 8 18 36 40 60
1 2 4 8 18 36 42 56
1 2 4 8 18 36 48 48
1 2 4 8 18 40 45 45
1 2 4 8 19 19 72 171
1 2 4 8 19 19 76 152
1 2 4 8 19 24 57 76
1 2 4 8 20 20 50 200
1 2 4 8 20 20 56 140
1 2 4 8 20 20 60 120
1 2 4 8 20 20 65 104
1 2 4 8 20 20 72 90
1 2 4 8 20 20 80 80
1 2 4 8 20 21 56 105
1 2 4 8 20 22 40 220
1 2 4 8 20 22 55 88
1 2 4 8 20 24 35 210
1 2 4 8 20 24 36 180
1 2 4 8 20 24 39 130
1 2 4 8 20 24 40 120
1 2 4 8 20 24 42 105
1 2 4 8 20 24 45 90
1 2 4 8 20 24 48 80
1 2 4 8 20 24 50 75
1 2 4 8 20 24 55 66
1 2 4 8 20 24 60 60
1 2 4 8 20 25 40 100
1 2 4 8 20 27 30 216
1 2 4 8 20 28 30 168
1 2 4 8 20 28 40 70
1 2 4 8 20 30 30 120
1 2 4 8 20 30 32 96
1 2 4 8 20 30 33 88
1 2 4 8 20 30 36 72
1 2 4 8 20 30 40 60
1 2 4 8 20 30 42 56
1 2 4 8 20 30 48 48
1 2 4 8 20 32 32 80
1 2 4 8 20 35 35 56
1 2 4 8 20 36 40 45
1 2 4 8 20 40 40 40
1 2 4 8 21 21 40 210
1 2 4 8 21 21 42 168
1 2 4 8 21 21 48 112
1 2 4 8 21 21 56 84
1 2 4 8 21 21 63 72
1 2 4 8 21 24 32 224
1 2 4 8 21 24 35 140
1 2 4 8 21 24 36 126
1 2 4 8 21 24 42 84
1 2 4 8 21 24 44 77
1 2 4 8 21 24 56 56
1 2 4 8 21 27 28 216
1 2 4 8 21 28 28 168
1 2 4 8 21 28 30 120
1 2 4 8 21 28 32 96
1 2 4 8 21 28 33 88
1 2 4 8 21 28 36 72
1 2 4 8 21 28 40 60
1 2 4 8 21 28 42 56
1 2 4 8 21 28 48 48
1 2 4 8 21 35 40 42
1 2 4 8 22 22 40 110
1 2 4 8 22 22 44 88
1 2 4 8 22 24 30 220
1 2 4 8 22 24 33 132
1 2 4 8 22 24 36 99
1 2 4 8 22 24 44 66
1 2 4 8 24 24 27 216
1 2 4 8 24 24 28 168
1 2 4 8 24 24 30 120
1 2 4 8 24 24 32 96
1 2 4 8 24 24 33 88
1 2 4 8 24 24 36 72
1 2 4 8 24 24 40 60
1 2 4 8 24 24 42 56
1 2 4 8 24 24 48 48
1 2 4 8 24 25 30 100
1 2 4 8 24 26 26 156
1 2 4 8 24 26 39 52
1 2 4 8 24 27 27 108
1 2 4 8 24 27 36 54
1 2 4 8 24 28 28 84
1 2 4 8 24 28 30 70
1 2 4 8 24 28 42 42
1 2 4 8 24 30 30 60
1 2 4 8 24 30 36 45
1 2 4 8 24 30 40 40
1 2 4 8 24 32 32 48
1 2 4 8 24 33 33 44
1 2 4 8 24 36 36 36
1 2 4 8 25 25 25 200
1 2 4 8 25 25 40 50
1 2 4 8 26 26 26 104
1 2 4 8 27 27 27 72
1 2 4 8 28 28 28 56
1 2 4 8 28 28 35 40
1 2 4 8 30 30 30 40
1 2 4 8 32 32 32 32
1 2 4 9 9 54 216 216
1 2 4 9 9 55 198 220
1 2 4 9 9 56 189 216
1 2 4 9 9 60 165 198
1 2 4 9 9 60 171 190
1 2 4 9 9 60 180 180
1 2 4 9 9 63 140 210
1 2 4 9 9 63 147 196
1 2 4 9 9 63 156 182
1 2 4 9 9 63 168 168
1 2 4 9 9 64 144 192
1 2 4 9 9 66 132 198
1 2 4 9 9 66 144 176
1 2 4 9 9 68 117 221
1 2 4 9 9 68 153 153
1 2 4 9 9 70 126 180
1 2 4 9 9 72 108 216
1 2 4 9 9 72 120 180
1 2 4 9 9 72 126 168
1 2 4 9 9 72 136 153
1 2 4 9 9 72 144 144
1 2 4 9 9 76 114 171
1 2 4 9 9 78 117 156
1 2 4 9 9 80 120 144
1 2 4 9 9 81 108 162
1 2 4 9 9 84 90 210
1 2 4 9 9 84 112 144
1 2 4 9 9 84 126 126
1 2 4 9 9 85 90 204
1 2 4 9 9 88 88 198
1 2 4 9 9 90 90 180
1 2 4 9 9 90 96 160
1 2 4 9 9 90 100 150
1 2 4 9 9 90 105 140
1 2 4 9 9 90 108 135
1 2 4 9 9 90 110 132
1 2 4 9 9 90 120 120
1 2 4 9 9 96 96 144
1 2 4 9 9 99 99 132
1 2 4 9 9 104 104 117
1 2 4 9 9 108 108 108
1 2 4 9 10 35 180 210
1 2 4 9 10 36 165 198
1 2 4 9 10 36 171 190
1 2 4 9 10 36 180 180
1 2 4 9 10 39 130 180
1 2 4 9 10 40 108 216
1 2 4 9 10 40 120 180
1 2 4 9 10 40 126 168
1 2 4 9 10 40 136 153
1 2 4 9 10 40 144 144
1 2 4 9 10 42 105 180
1 2 4 9 10 42 126 140
1 2 4 9 10 44 90 198
1 2 4 9 10 44 99 165
1 2 4 9 10 45 84 210
1 2 4 9 10 45 85 204
1 2 4 9 10 45 90 180
1 2 4 9 10 45 96 160
1 2 4 9 10 45 100 150
1 2 4 9 10 45 105 140
1 2 4 9 10 45 108 135
1 2 4 9 10 45 110 132
1 2 4 9 10 45 120 120
1 2 4 9 10 48 80 180
1 2 4 9 10 48 90 144
1 2 4 9 10 50 72 200
1 2 4 9 10 50 75 180
1 2 4 9 10 52 90 117
1 2 4 9 10 54 90 108
1 2 4 9 10 55 66 180
1 2 4 9 10 56 72 140
1 2 4 9 10 60 60 180
1 2 4 9 10 60 70 126
1 2 4 9 10 60 72 120
1 2 4 9 10 60 90 90
1 2 4 9 10 63 63 140
1 2 4 9 10 63 84 90
1 2 4 9 10 65 72 104
1 2 4 9 10 72 72 90
1 2 4 9 10 72 80 80
1 2 4 9 11 30 99 220
1 2 4 9 11 30 110 180
1 2 4 9 11 33 99 132
1 2 4 9 11 36 66 198
1 2 4 9 11 36 90 110
1 2 4 9 11 36 99 99
1 2 4 9 11 40 72 110
1 2 4 9 11 44 66 99
1 2 4 9 11 44 72 88
1 2 4 9 11 45 55 132
1 2 4 9 11 45 60 110
1 2 4 9 12 22 180 220
1 2 4 9 12 22 198 198
1 2 4 9 12 23 138 207
1 2 4 9 12 24 108 216
1 2 4 9 12 24 120 180
1 2 4 9 12 24 126 168
1 2 4 9 12 24 136 153
1 2 4 9 12 24 144 144
1 2 4 9 12 25 100 180
1 2 4 9 12 26 99 143
1 2 4 9 12 26 117 117
1 2 4 9 12 27 72 216
1 2 4 9 12 27 81 162
1 2 4 9 12 27 90 135
1 2 4 9 12 27 108 108
1 2 4 9 12 28 70 180
1 2 4 9 12 28 72 168
1 2 4 9 12 28 84 126
1 2 4 9 12 30 60 180
1 2 4 9 12 30 70 126
1 2 4 9 12 30 72 120
1 2 4 9 12 30 90 90
1 2 4 9 12 32 72 96
1 2 4 9 12 33 66 99
1 2 4 9 12 33 72 88
1 2 4 9 12 34 51 153
1 2 4 9 12 35 45 210
1 2 4 9 12 35 63 90
1 2 4 9 12 36 44 198
1 2 4 9 12 36 45 180
1 2 4 9 12 36 48 144
1 2 4 9 12 36 52 117
1 2 4 9 12 36 54 108
1 2 4 9 12 36 60 90
1 2 4 9 12 36 63 84
1 2 4 9 12 36 72 72
1 2 4 9 12 39 45 130
1 2 4 9 12 40 40 180
1 2 4 9 12 40 45 120
1 2 4 9 12 40 60 72
1 2 4 9 12 42 42 126
1 2 4 9 12 42 45 105
1 2 4 9 12 42 56 72
1 2 4 9 12 42 63 63
1 2 4 9 12 44 44 99
1 2 4 9 12 45 45 90
1 2 4 9 12 45 48 80
1 2 4 9 12 45 50 75
1 2 4 9 12 45 55 66
1 2 4 9 12 45 60 60
1 2 4 9 12 48 48 72
1 2 4 9 12 54 54 54
1 2 4 9 13 20 156 180
1 2 4 9 13 21 126 156
1 2 4 9 13 22 99 156
1 2 4 9 13 24 72 156
1 2 4 9 13 26 72 104
1 2 4 9 13 27 54 156
1 2 4 9 13 30 45 156
1 2 4 9 13 36 36 156
1 2 4 9 13 36 39 117
1 2 4 9 14 18 140 210
1 2 4 9 14 18 147 196
1 2 4 9 14 18 156 182
1 2 4 9 14 18 168 168
1 2 4 9 14 20 84 180
1 2 4 9 14 20 105 126
1 2 4 9 14 21 70 180
1 2 4 9 14 21 72 168
1 2 4 9 14 21 84 126
1 2 4 9 14 22 84 99
1 2 4 9 14 24 56 126
1 2 4 9 14 24 72 84
1 2 4 9 14 27 54 84
1 2 4 9 14 28 42 126
1 2 4 9 14 28 45 105
1 2 4 9 14 28 56 72
1 2 4 9 14 28 63 63
1 2 4 9 14 30 35 180
1 2 4 9 14 30 45 84
1 2 4 9 14 35 36 90
1 2 4 9 14 35 40 72
1 2 4 9 14 35 45 60
1 2 4 9 14 36 36 84
1 2 4 9 14 36 42 63
1 2 4 9 15 18 84 210
1 2 4 9 15 18 85 204
1 2 4 9 15 18 90 180
1 2 4 9 15 18 96 160
1 2 4 9 15 18 100 150
1 2 4 9 15 18 105 140
1 2 4 9 15 18 108 135
1 2 4 9 15 18 110 132
1 2 4 9 15 18 120 120
1 2 4 9 15 20 60 180
1 2 4 9 15 20 70 126
1 2 4 9 15 20 72 120
1 2 4 9 15 20 90 90
1 2 4 9 15 21 60 126
1 2 4 9 15 22 45 220
1 2 4 9 15 22 60 99
1 2 4 9 15 24 40 180
1 2 4 9 15 24 45 120
1 2 4 9 15 24 60 72
1 2 4 9 15 25 45 100
1 2 4 9 15 27 36 135
1 2 4 9 15 27 54 60
1 2 4 9 15 28 35 126
1 2 4 9 15 28 45 70
1 2 4 9 15 30 30 180
1 2 4 9 15 30 36 90
1 2 4 9 15 30 40 72
1 2 4 9 15 30 45 60
1 2 4 9 15 35 36 63
1 2 4 9 15 36 36 60
1 2 4 9 15 36 45 45
1 2 4 9 15 40 40 45
1 2 4 9 16 16 108 216
1 2 4 9 16 16 120 180
1 2 4 9 16 16 126 168
1 2 4 9 16 16 136 153
1 2 4 9 16 16 144 144
1 2 4 9 16 18 64 192
1 2 4 9 16 18 66 176
1 2 4 9 16 18 72 144
1 2 4 9 16 18 80 120
1 2 4 9 16 18 84 112
1 2 4 9 16 18 96 96
1 2 4 9 16 20 48 180
1 2 4 9 16 20 72 80
1 2 4 9 16 21 48 126
1 2 4 9 16 22 48 99
1 2 4 9 16 24 36 144
1 2 4 9 16 24 45 80
1 2 4 9 16 24 48 72
1 2 4 9 16 27 48 54
1 2 4 9 16 30 45 48
1 2 4 9 16 32 32 72
1 2 4 9 16 36 36 48
1 2 4 9 17 17 68 153
1 2 4 9 17 17 72 136
1 2 4 9 17 18 51 204
1 2 4 9 17 18 68 102
1 2 4 9 18 18 44 198
1 2 4 9 18 18 45 180
1 2 4 9 18 18 48 144
1 2 4 9 18 18 52 117
1 2 4 9 18 18 54 108
1 2 4 9 18 18 60 90
1 2 4 9 18 18 63 84
1 2 4 9 18 18 72 72
1 2 4 9 18 19 57 76
1 2 4 9 18 20 35 210
1 2 4 9 18 20 36 180
1 2 4 9 18 20 39 130
1 2 4 9 18 20 40 120
1 2 4 9 18 20 42 105
1 2 4 9 18 20 45 90
1 2 4 9 18 20 48 80
1 2 4 9 18 20 50 75
1 2 4 9 18 20 55 66
1 2 4 9 18 20 60 60
1 2 4 9 18 21 32 224
1 2 4 9 18 21 35 140
1 2 4 9 18 21 36 126
1 2 4 9 18 21 42 84
1 2 4 9 18 21 44 77
1 2 4 9 18 21 56 56
1 2 4 9 18 22 30 220
1 2 4 9 18 22 33 132
1 2 4 9 18 22 36 99
1 2 4 9 18 22 44 66
1 2 4 9 18 24 27 216
1 2 4 9 18 24 28 168
1 2 4 9 18 24 30 120
1 2 4 9 18 24 32 96
1 2 4 9 18 24 33 88
1 2 4 9 18 24 36 72
1 2 4 9 18 24 40 60
1 2 4 9 18 24 42 56
1 2 4 9 18 24 48 48
1 2 4 9 18 25 30 100
1 2 4 9 18 26 26 156
1 2 4 9 18 26 39 52
1 2 4 9 18 27 27 108
1 2 4 9 18 27 36 54
1 2 4 9 18 28 28 84
1 2 4 9 18 28 30 70
1 2 4 9 18 28 42 42
1 2 4 9 18 30 30 60
1 2 4 9 18 30 36 45
1 2 4 9 18 30 40 40
1 2 4 9 18 32 32 48
1 2 4 9 18 33 33 44
1 2 4 9 18 36 36 36
1 2 4 9 19 19 36 171
1 2 4 9 20 20 30 180
1 2 4 9 20 20 36 90
1 2 4 9 20 20 40 72
1 2 4 9 20 20 45 60
1 2 4 9 20 21 28 180
1 2 4 9 20 21 30 126
1 2 4 9 20 22 30 99
1 2 4 9 20 24 24 180
1 2 4 9 20 24 30 72
1 2 4 9 20 24 40 45
1 2 4 9 20 27 30 54
1 2 4 9 20 30 30 45
1 2 4 9 20 30 36 36
1 2 4 9 21 21 28 126
1 2 4 9 21 21 36 63
1 2 4 9 21 22 28 99
1 2 4 9 21 24 24 126
1 2 4 9 21 24 28 72
1 2 4 9 21 27 28 54
1 2 4 9 21 28 30 45
1 2 4 9 21 28 36 36
1 2 4 9 22 24 24 99
1 2 4 9 24 24 24 72
1 2 4 9 24 24 27 54
1 2 4 9 24 24 30 45
1 2 4 9 24 24 36 36
1 2 4 9 27 27 27 36
1 2 4 10 10 25 200 200
1 2 4 10 10 26 143 220
1 2 4 10 10 26 156 195
1 2 4 10 10 27 120 216
1 2 4 10 10 27 135 180
1 2 4 10 10 28 105 210
1 2 4 10 10 28 119 170
1 2 4 10 10 28 120 168
1 2 4 10 10 28 140 140
1 2 4 10 10 29 116 145
1 2 4 10 10 30 84 210
1 2 4 10 10 30 85 204
1 2 4 10 10 30 90 180
1 2 4 10 10 30 96 160
1 2 4 10 10 30 100 150
1 2 4 10 10 30 105 140
1 2 4 10 10 30 108 135
1 2 4 10 10 30 110 132
1 2 4 10 10 30 120 120
1 2 4 10 10 32 70 224
1 2 4 10 10 32 80 160
1 2 4 10 10 32 96 120
1 2 4 10 10 33 66 220
1 2 4 10 10 33 88 120
1 2 4 10 10 34 68 170
1 2 4 10 10 35 60 210
1 2 4 10 10 35 63 180
1 2 4 10 10 35 70 140
1 2 4 10 10 35 80 112
1 2 4 10 10 35 84 105
1 2 4 10 10 36 60 180
1 2 4 10 10 36 70 126
1 2 4 10 10 36 72 120
1 2 4 10 10 36 90 90
1 2 4 10 10 38 76 95
1 2 4 10 10 39 52 195
1 2 4 10 10 39 60 130
1 2 4 10 10 40 50 200
1 2 4 10 10 40 56 140
1 2 4 10 10 40 60 120
1 2 4 10 10 40 65 104
1 2 4 10 10 40 72 90
1 2 4 10 10 40 80 80
1 2 4 10 10 42 56 120
1 2 4 10 10 42 60 105
1 2 4 10 10 42 70 84
1 2 4 10 10 44 44 220
1 2 4 10 10 44 45 198
1 2 4 10 10 44 55 110
1 2 4 10 10 44 70 77
1 2 4 10 10 45 45 180
1 2 4 10 10 45 48 144
1 2 4 10 10 45 52 117
1 2 4 10 10 45 54 108
1 2 4 10 10 45 60 90
1 2 4 10 10 45 63 84
1 2 4 10 10 45 72 72
1 2 4 10 10 48 48 120
1 2 4 10 10 48 60 80
1 2 4 10 10 50 50 100
1 2 4 10 10 50 60 75
1 2 4 10 10 52 65 65
1 2 4 10 10 55 60 66
1 2 4 10 10 56 56 70
1 2 4 10 10 60 60 60
1 2 4 10 11 20 220 220
1 2 4 10 11 22 110 220
1 2 4 10 11 22 132 165
1 2 4 10 11 22 140 154
1 2 4 10 11 24 88 165
1 2 4 10 11 24 110 120
1 2 4 10 11 25 100 110
1 2 4 10 11 28 70 110
1 2 4 10 11 30 55 132
1 2 4 10 11 30 60 110
1 2 4 10 11 33 44 165
1 2 4 10 11 36 45 110
1 2 4 10 11 40 40 110
1 2 4 10 11 40 44 88
1 2 4 10 11 44 55 55
1 2 4 10 12 18 165 198
1 2 4 10 12 18 171 190
1 2 4 10 12 18 180 180
1 2 4 10 12 19 114 190
1 2 4 10 12 20 84 210
1 2 4 10 12 20 85 204
1 2 4 10 12 20 90 180
1 2 4 10 12 20 96 160
1 2 4 10 12 20 100 150
1 2 4 10 12 20 105 140
1 2 4 10 12 20 108 135
1 2 4 10 12 20 110 132
1 2 4 10 12 20 120 120
1 2 4 10 12 21 70 210
1 2 4 10 12 21 75 175
1 2 4 10 12 21 77 165
1 2 4 10 12 21 84 140
1 2 4 10 12 21 90 126
1 2 4 10 12 21 105 105
1 2 4 10 12 22 60 220
1 2 4 10 12 22 66 165
1 2 4 10 12 22 90 99
1 2 4 10 12 23 69 115
1 2 4 10 12 24 50 200
1 2 4 10 12 24 56 140
1 2 4 10 12 24 60 120
1 2 4 10 12 24 65 104
1 2 4 10 12 24 72 90
1 2 4 10 12 24 80 80
1 2 4 10 12 25 50 150
1 2 4 10 12 25 60 100
1 2 4 10 12 25 75 75
1 2 4 10 12 26 65 78
1 2 4 10 12 27 40 216
1 2 4 10 12 27 45 135
1 2 4 10 12 27 54 90
1 2 4 10 12 28 40 168
1 2 4 10 12 28 42 140
1 2 4 10 12 28 60 70
1 2 4 10 12 30 35 210
1 2 4 10 12 30 36 180
1 2 4 10 12 30 39 130
1 2 4 10 12 30 40 120
1 2 4 10 12 30 42 105
1 2 4 10 12 30 45 90
1 2 4 10 12 30 48 80
1 2 4 10 12 30 50 75
1 2 4 10 12 30 55 66
1 2 4 10 12 30 60 60
1 2 4 10 12 32 40 96
1 2 4 10 12 33 33 165
1 2 4 10 12 33 40 88
1 2 4 10 12 33 55 55
1 2 4 10 12 35 35 105
1 2 4 10 12 35 42 70
1 2 4 10 12 35 45 63
1 2 4 10 12 36 36 90
1 2 4 10 12 36 40 72
1 2 4 10 12 36 45 60
1 2 4 10 12 39 39 65
1 2 4 10 12 40 40 60
1 2 4 10 12 40 42 56
1 2 4 10 12 40 48 48
1 2 4 10 12 45 45 45
1 2 4 10 13 18 90 156
1 2 4 10 13 20 60 156
1 2 4 10 13 20 65 130
1 2 4 10 13 24 40 156
1 2 4 10 13 26 40 104
1 2 4 10 13 26 52 65
1 2 4 10 13 30 30 156
1 2 4 10 14 15 140 210
1 2 4 10 14 15 147 196
1 2 4 10 14 15 156 182
1 2 4 10 14 15 168 168
1 2 4 10 14 16 112 140
1 2 4 10 14 18 63 140
1 2 4 10 14 18 84 90
1 2 4 10 14 20 42 210
1 2 4 10 14 20 60 84
1 2 4 10 14 20 70 70
1 2 4 10 14 21 40 168
1 2 4 10 14 21 42 140
1 2 4 10 14 21 60 70
1 2 4 10 14 22 35 220
1 2 4 10 14 24 35 120
1 2 4 10 14 24 40 84
1 2 4 10 14 25 35 100
1 2 4 10 14 28 28 140
1 2 4 10 14 28 30 105
1 2 4 10 14 28 35 70
1 2 4 10 14 28 40 56
1 2 4 10 14 30 30 84
1 2 4 10 14 30 35 60
1 2 4 10 14 35 36 45
1 2 4 10 14 35 40 40
1 2 4 10 15 15 84 210
1 2 4 10 15 15 85 204
1 2 4 10 15 15 90 180
1 2 4 10 15 15 96 160
1 2 4 10 15 15 100 150
1 2 4 10 15 15 105 140
1 2 4 10 15 15 108 135
1 2 4 10 15 15 110 132
1 2 4 10 15 15 120 120
1 2 4 10 15 16 64 192
1 2 4 10 15 16 66 176
1 2 4 10 15 16 72 144
1 2 4 10 15 16 80 120
1 2 4 10 15 16 84 112
1 2 4 10 15 16 96 96
1 2 4 10 15 17 51 204
1 2 4 10 15 17 68 102
1 2 4 10 15 18 44 198
1 2 4 10 15 18 45 180
1 2 4 10 15 18 48 144
1 2 4 10 15 18 52 117
1 2 4 10 15 18 54 108
1 2 4 10 15 18 60 90
1 2 4 10 15 18 63 84
1 2 4 10 15 18 72 72
1 2 4 10 15 19 57 76
1 2 4 10 15 20 35 210
1 2 4 10 15 20 36 180
1 2 4 10 15 20 39 130
1 2 4 10 15 20 40 120
1 2 4 10 15 20 42 105
1 2 4 10 15 20 45 90
1 2 4 10 15 20 48 80
1 2 4 10 15 20 50 75
1 2 4 10 15 20 55 66
1 2 4 10 15 20 60 60
1 2 4 10 15 21 32 224
1 2 4 10 15 21 35 140
1 2 4 10 15 21 36 126
1 2 4 10 15 21 42 84
1 2 4 10 15 21 44 77
1 2 4 10 15 21 56 56
1 2 4 10 15 22 30 220
1 2 4 10 15 22 33 132
1 2 4 10 15 22 36 99
1 2 4 10 15 22 44 66
1 2 4 10 15 24 27 216
1 2 4 10 15 24 28 168
1 2 4 10 15 24 30 120
1 2 4 10 15 24 32 96
1 2 4 10 15 24 33 88
1 2 4 10 15 24 36 72
1 2 4 10 15 24 40 60
1 2 4 10 15 24 42 56
1 2 4 10 15 24 48 48
1 2 4 10 15 25 30 100
1 2 4 10 15 26 26 156
1 2 4 10 15 26 39 52
1 2 4 10 15 27 27 108
1 2 4 10 15 27 36 54
1 2 4 10 15 28 28 84
1 2 4 10 15 28 30 70
1 2 4 10 15 28 42 42
1 2 4 10 15 30 30 60
1 2 4 10 15 30 36 45
1 2 4 10 15 30 40 40
1 2 4 10 15 32 32 48
1 2 4 10 15 33 33 44
1 2 4 10 15 36 36 36
1 2 4 10 16 16 50 200
1 2 4 10 16 16 56 140
1 2 4 10 16 16 60 120
1 2 4 10 16 16 65 104
1 2 4 10 16 16 72 90
1 2 4 10 16 16 80 80
1 2 4 10 16 18 40 144
1 2 4 10 16 18 48 90
1 2 4 10 16 20 32 160
1 2 4 10 16 20 35 112
1 2 4 10 16 20 40 80
1 2 4 10 16 20 48 60
1 2 4 10 16 24 30 80
1 2 4 10 16 24 40 48
1 2 4 10 16 30 30 48
1 2 4 10 16 32 32 40
1 2 4 10 17 17 40 136
1 2 4 10 17 20 34 85
1 2 4 10 18 18 30 180
1 2 4 10 18 18 36 90
1 2 4 10 18 18 40 72
1 2 4 10 18 18 45 60
1 2 4 10 18 20 27 135
1 2 4 10 18 20 30 90
1 2 4 10 18 20 35 63
1 2 4 10 18 20 36 60
1 2 4 10 18 20 45 45
1 2 4 10 18 21 28 90
1 2 4 10 18 24 24 90
1 2 4 10 18 24 36 40
1 2 4 10 18 30 30 36
1 2 4 10 20 20 22 220
1 2 4 10 20 20 24 120
1 2 4 10 20 20 25 100
1 2 4 10 20 20 28 70
1 2 4 10 20 20 30 60
1 2 4 10 20 20 36 45
1 2 4 10 20 20 40 40
1 2 4 10 20 21 21 210
1 2 4 10 20 21 28 60
1 2 4 10 20 21 35 42
1 2 4 10 20 22 22 110
1 2 4 10 20 24 24 60
1 2 4 10 20 24 30 40
1 2 4 10 20 25 25 50
1 2 4 10 20 28 28 35
1 2 4 10 20 30 30 30
1 2 4 10 21 21 21 140
1 2 4 10 21 24 28 40
1 2 4 10 21 28 30 30
1 2 4 10 24 24 24 40
1 2 4 10 24 24 30 30
1 2 4 11 11 18 132 198
1 2 4 11 11 18 144 176
1 2 4 11 11 20 80 176
1 2 4 11 11 20 110 110
1 2 4 11 11 21 77 132
1 2 4 11 11 22 55 220
1 2 4 11 11 22 60 165
1 2 4 11 11 22 66 132
1 2 4 11 11 22 88 88
1 2 4 11 11 24 48 176
1 2 4 11 11 24 55 120
1 2 4 11 11 24 66 88
1 2 4 11 11 25 55 100
1 2 4 11 11 26 44 143
1 2 4 11 11 28 55 70
1 2 4 11 11 30 33 220
1 2 4 11 11 30 55 60
1 2 4 11 11 32 32 176
1 2 4 11 11 33 33 132
1 2 4 11 11 33 36 99
1 2 4 11 11 33 44 66
1 2 4 11 11 36 45 55
1 2 4 11 11 40 40 55
1 2 4 11 11 44 44 44
1 2 4 11 12 15 220 220
1 2 4 11 12 16 132 176
1 2 4 11 12 18 66 198
1 2 4 11 12 18 90 110
1 2 4 11 12 18 99 99
1 2 4 11 12 20 55 132
1 2 4 11 12 20 60 110
1 2 4 11 12 21 66 77
1 2 4 11 12 22 42 154
1 2 4 11 12 22 44 132
1 2 4 11 12 22 66 66
1 2 4 11 12 24 40 110
1 2 4 11 12 24 44 88
1 2 4 11 12 26 33 143
1 2 4 11 12 30 30 110
1 2 4 11 12 33 33 66
1 2 4 11 12 33 44 44
1 2 4 11 13 15 110 156
1 2 4 11 13 22 33 156
1 2 4 11 14 14 110 140
1 2 4 11 14 15 84 110
1 2 4 11 14 20 35 110
1 2 4 11 14 22 28 154
1 2 4 11 14 22 33 84
1 2 4 11 15 15 55 132
1 2 4 11 15 15 60 110
1 2 4 11 15 16 48 110
1 2 4 11 15 18 36 110
1 2 4 11 15 20 30 110
1 2 4 11 15 21 28 110
1 2 4 11 15 22 33 60
1 2 4 11 15 24 24 110
1 2 4 11 16 16 40 110
1 2 4 11 16 16 44 88
1 2 4 11 16 22 22 176
1 2 4 11 16 22 33 48
1 2 4 11 18 22 33 36
1 2 4 11 20 20 20 110
1 2 4 11 20 22 22 55
1 2 4 11 20 22 30 33
1 2 4 11 21 22 28 33
1 2 4 11 22 22 22 44
1 2 4 11 22 24 24 33
1 2 4 12 12 14 140 210
1 2 4 12 12 14 147 196
1 2 4 12 12 14 156 182
1 2 4 12 12 14 168 168
1 2 4 12 12 15 84 210
1 2 4 12 12 15 85 204
1 2 4 12 12 15 90 180
1 2 4 12 12 15 96 160
1 2 4 12 12 15 100 150
1 2 4 12 12 15 105 140
1 2 4 12 12 15 108 135
1 2 4 12 12 15 110 132
1 2 4 12 12 15 120 120
1 2 4 12 12 16 64 192
1 2 4 12 12 16 66 176
1 2 4 12 12 16 72 144
1 2 4 12 12 16 80 120
1 2 4 12 12 16 84 112
1 2 4 12 12 16 96 96
1 2 4 12 12 17 51 204
1 2 4 12 12 17 68 102
1 2 4 12 12 18 44 198
1 2 4 12 12 18 45 180
1 2 4 12 12 18 48 144
1 2 4 12 12 18 52 117
1 2 4 12 12 18 54 108
1 2 4 12 12 18 60 90
1 2 4 12 12 18 63 84
1 2 4 12 12 18 72 72
1 2 4 12 12 19 57 76
1 2 4 12 12 20 35 210
1 2 4 12 12 20 36 180
1 2 4 12 12 20 39 130
1 2 4 12 12 20 40 120
1 2 4 12 12 20 42 105
1 2 4 12 12 20 45 90
1 2 4 12 12 20 48 80
1 2 4 12 12 20 50 75
1 2 4 12 12 20 55 66
1 2 4 12 12 20 60 60
1 2 4 12 12 21 32 224
1 2 4 12 12 21 35 140
1 2 4 12 12 21 36 126
1 2 4 12 12 21 42 84
1 2 4 12 12 21 44 77
1 2 4 12 12 21 56 56
1 2 4 12 12 22 30 220
1 2 4 12 12 22 33 132
1 2 4 12 12 22 36 99
1 2 4 12 12 22 44 66
1 2 4 12 12 24 27 216
1 2 4 12 12 24 28 168
1 2 4 12 12 24 30 120
1 2 4 12 12 24 32 96
1 2 4 12 12 24 33 88
1 2 4 12 12 24 36 72
1 2 4 12 12 24 40 60
1 2 4 12 12 24 42 56
1 2 4 12 12 24 48 48
1 2 4 12 12 25 30 100
1 2 4 12 12 26 26 156
1 2 4 12 12 26 39 52
1 2 4 12 12 27 27 108
1 2 4 12 12 27 36 54
1 2 4 12 12 28 28 84
1 2 4 12 12 28 30 70
1 2 4 12 12 28 42 42
1 2 4 12 12 30 30 60
1 2 4 12 12 30 36 45
1 2 4 12 12 30 40 40
1 2 4 12 12 32 32 48
1 2 4 12 12 33 33 44
1 2 4 12 12 36 36 36
1 2 4 12 13 13 130 195
1 2 4 12 13 13 156 156
1 2 4 12 13 14 78 182
1 2 4 12 13 14 84 156
1 2 4 12 13 15 60 156
1 2 4 12 13 15 65 130
1 2 4 12 13 16 48 156
1 2 4 12 13 18 36 156
1 2 4 12 13 18 39 117
1 2 4 12 13 20 30 156
1 2 4 12 13 21 28 156
1 2 4 12 13 24 24 156
1 2 4 12 13 24 26 104
1 2 4 12 13 26 26 78
1 2 4 12 13 26 39 39
1 2 4 12 14 14 54 189
1 2 4 12 14 14 56 168
1 2 4 12 14 14 60 140
1 2 4 12 14 14 63 126
1 2 4 12 14 14 70 105
1 2 4 12 14 14 78 91
1 2 4 12 14 14 84 84
1 2 4 12 14 15 42 210
1 2 4 12 14 15 60 84
1 2 4 12 14 15 70 70
1 2 4 12 14 16 42 112
1 2 4 12 14 16 48 84
1 2 4 12 14 18 35 90
1 2 4 12 14 18 36 84
1 2 4 12 14 18 42 63
1 2 4 12 14 20 28 105
1 2 4 12 14 20 30 84
1 2 4 12 14 20 35 60
1 2 4 12 14 21 24 168
1 2 4 12 14 21 28 84
1 2 4 12 14 21 30 70
1 2 4 12 14 21 42 42
1 2 4 12 14 24 24 84
1 2 4 12 14 24 28 56
1 2 4 12 14 24 35 40
1 2 4 12 14 28 28 42
1 2 4 12 14 30 30 35
1 2 4 12 15 15 35 210
1 2 4 12 15 15 36 180
1 2 4 12 15 15 39 130
1 2 4 12 15 15 40 120
1 2 4 12 15 15 42 105
1 2 4 12 15 15 45 90
1 2 4 12 15 15 48 80
1 2 4 12 15 15 50 75
1 2 4 12 15 15 55 66
1 2 4 12 15 15 60 60
1 2 4 12 15 16 32 160
1 2 4 12 15 16 35 112
1 2 4 12 15 16 40 80
1 2 4 12 15 16 48 60
1 2 4 12 15 17 34 85
1 2 4 12 15 18 27 135
1 2 4 12 15 18 30 90
1 2 4 12 15 18 35 63
1 2 4 12 15 18 36 60
1 2 4 12 15 18 45 45
1 2 4 12 15 20 22 220
1 2 4 12 15 20 24 120
1 2 4 12 15 20 25 100
1 2 4 12 15 20 28 70
1 2 4 12 15 20 30 60
1 2 4 12 15 20 36 45
1 2 4 12 15 20 40 40
1 2 4 12 15 21 21 210
1 2 4 12 15 21 28 60
1 2 4 12 15 21 35 42
1 2 4 12 15 22 22 110
1 2 4 12 15 24 24 60
1 2 4 12 15 24 30 40
1 2 4 12 15 25 25 50
1 2 4 12 15 28 28 35
1 2 4 12 15 30 30 30
1 2 4 12 16 16 27 216
1 2 4 12 16 16 28 168
1 2 4 12 16 16 30 120
1 2 4 12 16 16 32 96
1 2 4 12 16 16 33 88
1 2 4 12 16 16 36 72
1 2 4 12 16 16 40 60
1 2 4 12 16 16 42 56
1 2 4 12 16 16 48 48
1 2 4 12 16 18 24 144
1 2 4 12 16 18 36 48
1 2 4 12 16 20 24 80
1 2 4 12 16 20 30 48
1 2 4 12 16 21 21 112
1 2 4 12 16 21 28 48
1 2 4 12 16 24 24 48
1 2 4 12 16 24 32 32
1 2 4 12 17 17 24 136
1 2 4 12 17 17 34 51
1 2 4 12 18 18 20 180
1 2 4 12 18 18 21 126
1 2 4 12 18 18 22 99
1 2 4 12 18 18 24 72
1 2 4 12 18 18 27 54
1 2 4 12 18 18 30 45
1 2 4 12 18 18 36 36
1 2 4 12 18 19 19 171
1 2 4 12 18 20 20 90
1 2 4 12 18 20 30 36
1 2 4 12 18 21 21 63
1 2 4 12 18 21 28 36
1 2 4 12 18 24 24 36
1 2 4 12 18 27 27 27
1 2 4 12 19 19 19 114
1 2 4 12 20 20 20 60
1 2 4 12 20 20 24 40
1 2 4 12 20 20 30 30
1 2 4 12 20 21 28 30
1 2 4 12 20 24 24 30
1 2 4 12 21 21 21 42
1 2 4 12 21 21 28 28
1 2 4 12 21 24 24 28
1 2 4 12 22 22 22 33
1 2 4 12 24 24 24 24
1 2 4 13 13 13 68 221
1 2 4 13 13 13 78 156
1 2 4 13 13 13 104 104
1 2 4 13 13 14 52 182
1 2 4 13 13 14 78 84
1 2 4 13 13 15 60 78
1 2 4 13 13 16 48 78
1 2 4 13 13 18 36 78
1 2 4 13 13 20 26 130
1 2 4 13 13 20 30 78
1 2 4 13 13 21 28 78
1 2 4 13 13 24 24 78
1 2 4 13 13 26 26 52
1 2 4 13 14 14 42 156
1 2 4 13 14 14 52 91
1 2 4 13 14 15 35 156
1 2 4 13 14 21 21 156
1 2 4 13 15 15 30 156
1 2 4 13 15 20 20 156
1 2 4 13 16 16 24 156
1 2 4 13 16 16 26 104
1 2 4 13 18 18 18 156
1 2 4 14 14 14 32 224
1 2 4 14 14 14 35 140
1 2 4 14 14 14 36 126
1 2 4 14 14 14 42 84
1 2 4 14 14 14 44 77
1 2 4 14 14 14 56 56
1 2 4 14 14 15 28 210
1 2 4 14 14 15 30 140
1 2 4 14 14 15 35 84
1 2 4 14 14 15 42 60
1 2 4 14 14 16 28 112
1 2 4 14 14 16 42 48
1 2 4 14 14 18 28 63
1 2 4 14 14 18 36 42
1 2 4 14 14 20 20 140
1 2 4 14 14 20 21 105
1 2 4 14 14 20 30 42
1 2 4 14 14 20 35 35
1 2 4 14 14 21 21 84
1 2 4 14 14 21 24 56
1 2 4 14 14 21 28 42
1 2 4 14 14 24 24 42
1 2 4 14 14 28 28 28
1 2 4 14 15 15 28 105
1 2 4 14 15 15 30 84
1 2 4 14 15 15 35 60
1 2 4 14 15 16 35 48
1 2 4 14 15 18 35 36
1 2 4 14 15 20 20 84
1 2 4 14 15 20 21 70
1 2 4 14 15 20 30 35
1 2 4 14 15 21 21 60
1 2 4 14 15 21 28 35
1 2 4 14 15 24 24 35
1 2 4 14 16 16 21 168
1 2 4 14 16 16 24 84
1 2 4 14 16 16 28 56
1 2 4 14 16 16 35 40
1 2 4 14 16 21 21 48
1 2 4 14 18 18 18 84
1 2 4 14 18 21 21 36
1 2 4 14 20 20 20 35
1 2 4 14 20 21 21 30
1 2 4 14 21 21 21 28
1 2 4 14 21 21 24 24
1 2 4 15 15 15 22 220
1 2 4 15 15 15 24 120
1 2 4 15 15 15 25 100
1 2 4 15 15 15 28 70
1 2 4 15 15 15 30 60
1 2 4 15 15 15 36 45
1 2 4 15 15 15 40 40
1 2 4 15 15 16 24 80
1 2 4 15 15 16 30 48
1 2 4 15 15 18 18 180
1 2 4 15 15 18 20 90
1 2 4 15 15 18 30 36
1 2 4 15 15 20 20 60
1 2 4 15 15 20 24 40
1 2 4 15 15 20 30 30
1 2 4 15 15 21 28 30
1 2 4 15 15 24 24 30
1 2 4 15 16 16 20 120
1 2 4 15 16 16 24 60
1 2 4 15 16 16 30 40
1 2 4 15 16 20 20 48
1 2 4 15 18 18 18 60
1 2 4 15 18 18 20 45
1 2 4 15 18 20 20 36
1 2 4 15 20 20 20 30
1 2 4 15 20 20 21 28
1 2 4 15 20 20 24 24
1 2 4 16 16 16 18 144
1 2 4 16 16 16 20 80
1 2 4 16 16 16 24 48
1 2 4 16 16 16 32 32
1 2 4 16 16 17 17 136
1 2 4 16 16 18 18 72
1 2 4 16 16 18 24 36
1 2 4 16 16 20 20 40
1 2 4 16 16 20 24 30
1 2 4 16 16 21 24 28
1 2 4 16 16 24 24 24
1 2 4 16 18 18 18 48
1 2 4 17 17 17 17 68
1 2 4 18 18 18 18 36
1 2 4 18 18 18 20 30
1 2 4 18 18 18 21 28
1 2 4 18 18 18 24 24
1 2 4 20 20 20 20 20
1 2 5 5 12 132 220 220
1 2 5 5 12 135 216 216
1 2 5 5 12 140 210 210
1 2 5 5 12 143 195 220
1 2 5 5 12 147 196 210
1 2 5 5 12 148 185 222
1 2 5 5 12 150 200 200
1 2 5 5 12 156 182 210
1 2 5 5 12 156 195 195
1 2 5 5 12 160 168 224
1 2 5 5 12 160 192 192
1 2 5 5 12 165 165 220
1 2 5 5 12 165 180 198
1 2 5 5 12 168 168 210
1 2 5 5 12 168 175 200
1 2 5 5 12 170 170 204
1 2 5 5 12 171 180 190
1 2 5 5 12 180 180 180
1 2 5 5 13 78 182 210
1 2 5 5 13 78 195 195
1 2 5 5 13 84 156 210
1 2 5 5 13 85 156 204
1 2 5 5 13 90 156 180
1 2 5 5 13 96 156 160
1 2 5 5 13 100 150 156
1 2 5 5 13 104 120 195
1 2 5 5 13 105 140 156
1 2 5 5 13 108 135 156
1 2 5 5 13 110 132 156
1 2 5 5 13 110 143 143
1 2 5 5 13 120 120 156
1 2 5 5 13 130 130 130
1 2 5 5 14 54 189 210
1 2 5 5 14 56 160 224
1 2 5 5 14 56 168 210
1 2 5 5 14 56 175 200
1 2 5 5 14 60 140 210
1 2 5 5 14 60 147 196
1 2 5 5 14 60 156 182
1 2 5 5 14 60 168 168
1 2 5 5 14 63 126 210
1 2 5 5 14 63 135 189
1 2 5 5 14 63 140 180
1 2 5 5 14 65 130 182
1 2 5 5 14 70 105 210
1 2 5 5 14 70 119 170
1 2 5 5 14 70 120 168
1 2 5 5 14 70 140 140
1 2 5 5 14 75 105 175
1 2 5 5 14 77 105 165
1 2 5 5 14 77 110 154
1 2 5 5 14 78 91 210
1 2 5 5 14 80 112 140
1 2 5 5 14 84 84 210
1 2 5 5 14 84 85 204
1 2 5 5 14 84 90 180
1 2 5 5 14 84 96 160
1 2 5 5 14 84 100 150
1 2 5 5 14 84 105 140
1 2 5 5 14 84 108 135
1 2 5 5 14 84 110 132
1 2 5 5 14 84 120 120
1 2 5 5 14 85 119 119
1 2 5 5 14 90 105 126
1 2 5 5 14 95 95 133
1 2 5 5 14 105 105 105
1 2 5 5 15 42 210 210
1 2 5 5 15 44 165 220
1 2 5 5 15 44 180 198
1 2 5 5 15 45 165 198
1 2 5 5 15 45 171 190
1 2 5 5 15 45 180 180
1 2 5 5 15 48 130 208
1 2 5 5 15 48 144 180
1 2 5 5 15 48 160 160
1 2 5 5 15 50 120 200
1 2 5 5 15 50 150 150
1 2 5 5 15 52 117 180
1 2 5 5 15 52 130 156
1 2 5 5 15 54 105 189
1 2 5 5 15 54 108 180
1 2 5 5 15 54 135 135
1 2 5 5 15 55 99 198
1 2 5 5 15 55 102 187
1 2 5 5 15 55 110 165
1 2 5 5 15 55 132 132
1 2 5 5 15 56 105 168
1 2 5 5 15 56 120 140
1 2 5 5 15 57 95 190
1 2 5 5 15 60 84 210
1 2 5 5 15 60 85 204
1 2 5 5 15 60 90 180
1 2 5 5 15 60 96 160
1 2 5 5 15 60 100 150
1 2 5 5 15 60 105 140
1 2 5 5 15 60 108 135
1 2 5 5 15 60 110 132
1 2 5 5 15 60 120 120
1 2 5 5 15 62 93 155
1 2 5 5 15 63 84 180
1 2 5 5 15 63 105 126
1 2 5 5 15 64 80 192
1 2 5 5 15 65 78 195
1 2 5 5 15 65 104 120
1 2 5 5 15 66 80 176
1 2 5 5 15 66 110 110
1 2 5 5 15 70 70 210
1 2 5 5 15 70 75 175
1 2 5 5 15 70 77 165
1 2 5 5 15 70 84 140
1 2 5 5 15 70 90 126
1 2 5 5 15 70 105 105
1 2 5 5 15 72 72 180
1 2 5 5 15 72 80 144
1 2 5 5 15 72 90 120
1 2 5 5 15 75 75 150
1 2 5 5 15 75 100 100
1 2 5 5 15 78 78 130
1 2 5 5 15 78 91 105
1 2 5 5 15 80 80 120
1 2 5 5 15 80 84 112
1 2 5 5 15 80 96 96
1 2 5 5 15 84 84 105
1 2 5 5 15 85 85 102
1 2 5 5 15 90 90 90
1 2 5 5 16 35 224 224
1 2 5 5 16 40 130 208
1 2 5 5 16 40 144 180
1 2 5 5 16 40 160 160
1 2 5 5 16 42 112 210
1 2 5 5 16 44 110 176
1 2 5 5 16 45 120 144
1 2 5 5 16 48 84 210
1 2 5 5 16 48 85 204
1 2 5 5 16 48 90 180
1 2 5 5 16 48 96 160
1 2 5 5 16 48 100 150
1 2 5 5 16 48 105 140
1 2 5 5 16 48 108 135
1 2 5 5 16 48 110 132
1 2 5 5 16 48 120 120
1 2 5 5 16 50 80 200
1 2 5 5 16 56 80 140
1 2 5 5 16 60 64 192
1 2 5 5 16 60 66 176
1 2 5 5 16 60 72 144
1 2 5 5 16 60 80 120
1 2 5 5 16 60 84 112
1 2 5 5 16 60 96 96
1 2 5 5 16 64 64 160
1 2 5 5 16 65 80 104
1 2 5 5 16 70 70 112
1 2 5 5 16 72 80 90
1 2 5 5 16 80 80 80
1 2 5 5 17 34 170 170
1 2 5 5 17 51 60 204
1 2 5 5 17 51 85 102
1 2 5 5 17 60 68 102
1 2 5 5 17 68 68 85
1 2 5 5 18 30 165 198
1 2 5 5 18 30 171 190
1 2 5 5 18 30 180 180
1 2 5 5 18 32 144 160
1 2 5 5 18 33 110 198
1 2 5 5 18 35 90 210
1 2 5 5 18 35 112 144
1 2 5 5 18 35 126 126
1 2 5 5 18 36 84 210
1 2 5 5 18 36 85 204
1 2 5 5 18 36 90 180
1 2 5 5 18 36 96 160
1 2 5 5 18 36 100 150
1 2 5 5 18 36 105 140
1 2 5 5 18 36 108 135
1 2 5 5 18 36 110 132
1 2 5 5 18 36 120 120
1 2 5 5 18 39 90 130
1 2 5 5 18 40 72 180
1 2 5 5 18 40 80 144
1 2 5 5 18 40 90 120
1 2 5 5 18 42 63 210
1 2 5 5 18 42 90 105
1 2 5 5 18 44 60 198
1 2 5 5 18 45 60 180
1 2 5 5 18 45 70 126
1 2 5 5 18 45 72 120
1 2 5 5 18 45 90 90
1 2 5 5 18 48 60 144
1 2 5 5 18 48 80 90
1 2 5 5 18 50 75 90
1 2 5 5 18 52 60 117
1 2 5 5 18 54 54 135
1 2 5 5 18 54 60 108
1 2 5 5 18 55 66 90
1 2 5 5 18 60 60 90
1 2 5 5 18 60 63 84
1 2 5 5 18 60 72 72
1 2 5 5 18 63 70 70
1 2 5 5 19 30 114 190
1 2 5 5 19 38 95 95
1 2 5 5 19 57 60 76
1 2 5 5 20 25 200 200
1 2 5 5 20 26 143 220
1 2 5 5 20 26 156 195
1 2 5 5 20 27 120 216
1 2 5 5 20 27 135 180
1 2 5 5 20 28 105 210
1 2 5 5 20 28 119 170
1 2 5 5 20 28 120 168
1 2 5 5 20 28 140 140
1 2 5 5 20 29 116 145
1 2 5 5 20 30 84 210
1 2 5 5 20 30 85 204
1 2 5 5 20 30 90 180
1 2 5 5 20 30 96 160
1 2 5 5 20 30 100 150
1 2 5 5 20 30 105 140
1 2 5 5 20 30 108 135
1 2 5 5 20 30 110 132
1 2 5 5 20 30 120 120
1 2 5 5 20 32 70 224
1 2 5 5 20 32 80 160
1 2 5 5 20 32 96 120
1 2 5 5 20 33 66 220
1 2 5 5 20 33 88 120
1 2 5 5 20 34 68 170
1 2 5 5 20 35 60 210
1 2 5 5 20 35 63 180
1 2 5 5 20 35 70 140
1 2 5 5 20 35 80 112
1 2 5 5 20 35 84 105
1 2 5 5 20 36 60 180
1 2 5 5 20 36 70 126
1 2 5 5 20 36 72 120
1 2 5 5 20 36 90 90
1 2 5 5 20 38 76 95
1 2 5 5 20 39 52 195
1 2 5 5 20 39 60 130
1 2 5 5 20 40 50 200
1 2 5 5 20 40 56 140
1 2 5 5 20 40 60 120
1 2 5 5 20 40 65 104
1 2 5 5 20 40 72 90
1 2 5 5 20 40 80 80
1 2 5 5 20 42 56 120
1 2 5 5 20 42 60 105
1 2 5 5 20 42 70 84
1 2 5 5 20 44 44 220
1 2 5 5 20 44 45 198
1 2 5 5 20 44 55 110
1 2 5 5 20 44 70 77
1 2 5 5 20 45 45 180
1 2 5 5 20 45 48 144
1 2 5 5 20 45 52 117
1 2 5 5 20 45 54 108
1 2 5 5 20 45 60 90
1 2 5 5 20 45 63 84
1 2 5 5 20 45 72 72
1 2 5 5 20 48 48 120
1 2 5 5 20 48 60 80
1 2 5 5 20 50 50 100
1 2 5 5 20 50 60 75
1 2 5 5 20 52 65 65
1 2 5 5 20 55 60 66
1 2 5 5 20 56 56 70
1 2 5 5 20 60 60 60
1 2 5 5 21 24 160 224
1 2 5 5 21 24 168 210
1 2 5 5 21 24 175 200
1 2 5 5 21 25 150 175
1 2 5 5 21 27 126 135
1 2 5 5 21 28 84 210
1 2 5 5 21 28 85 204
1 2 5 5 21 28 90 180
1 2 5 5 21 28 96 160
1 2 5 5 21 28 100 150
1 2 5 5 21 28 105 140
1 2 5 5 21 28 108 135
1 2 5 5 21 28 110 132
1 2 5 5 21 28 120 120
1 2 5 5 21 30 70 210
1 2 5 5 21 30 75 175
1 2 5 5 21 30 77 165
1 2 5 5 21 30 84 140
1 2 5 5 21 30 90 126
1 2 5 5 21 30 105 105
1 2 5 5 21 32 60 224
1 2 5 5 21 33 77 110
1 2 5 5 21 35 54 189
1 2 5 5 21 35 56 168
1 2 5 5 21 35 60 140
1 2 5 5 21 35 63 126
1 2 5 5 21 35 70 105
1 2 5 5 21 35 78 91
1 2 5 5 21 35 84 84
1 2 5 5 21 36 60 126
1 2 5 5 21 40 56 105
1 2 5 5 21 42 42 210
1 2 5 5 21 42 60 84
1 2 5 5 21 42 70 70
1 2 5 5 21 44 60 77
1 2 5 5 21 45 45 126
1 2 5 5 21 45 63 70
1 2 5 5 21 56 56 60
1 2 5 5 22 22 220 220
1 2 5 5 22 24 120 220
1 2 5 5 22 25 100 220
1 2 5 5 22 26 110 143
1 2 5 5 22 27 99 135
1 2 5 5 22 28 70 220
1 2 5 5 22 30 60 220
1 2 5 5 22 30 66 165
1 2 5 5 22 30 90 99
1 2 5 5 22 33 55 165
1 2 5 5 22 33 60 132
1 2 5 5 22 33 66 110
1 2 5 5 22 35 63 99
1 2 5 5 22 35 77 77
1 2 5 5 22 36 45 220
1 2 5 5 22 36 60 99
1 2 5 5 22 40 40 220
1 2 5 5 22 40 55 88
1 2 5 5 22 44 44 110
1 2 5 5 22 44 60 66
1 2 5 5 22 45 45 99
1 2 5 5 22 55 55 55
1 2 5 5 23 30 69 115
1 2 5 5 23 35 46 161
1 2 5 5 24 24 84 210
1 2 5 5 24 24 85 204
1 2 5 5 24 24 90 180
1 2 5 5 24 24 96 160
1 2 5 5 24 24 100 150
1 2 5 5 24 24 105 140
1 2 5 5 24 24 108 135
1 2 5 5 24 24 110 132
1 2 5 5 24 24 120 120
1 2 5 5 24 25 75 200
1 2 5 5 24 25 100 120
1 2 5 5 24 27 60 216
1 2 5 5 24 27 72 135
1 2 5 5 24 28 56 210
1 2 5 5 24 28 60 168
1 2 5 5 24 28 70 120
1 2 5 5 24 30 50 200
1 2 5 5 24 30 56 140
1 2 5 5 24 30 60 120
1 2 5 5 24 30 65 104
1 2 5 5 24 30 72 90
1 2 5 5 24 30 80 80
1 2 5 5 24 32 48 160
1 2 5 5 24 32 60 96
1 2 5 5 24 33 60 88
1 2 5 5 24 35 40 210
1 2 5 5 24 35 42 168
1 2 5 5 24 35 48 112
1 2 5 5 24 35 56 84
1 2 5 5 24 35 63 72
1 2 5 5 24 36 40 180
1 2 5 5 24 36 45 120
1 2 5 5 24 36 60 72
1 2 5 5 24 39 40 130
1 2 5 5 24 40 40 120
1 2 5 5 24 40 42 105
1 2 5 5 24 40 45 90
1 2 5 5 24 40 48 80
1 2 5 5 24 40 50 75
1 2 5 5 24 40 55 66
1 2 5 5 24 40 60 60
1 2 5 5 24 42 56 60
1 2 5 5 24 45 45 72
1 2 5 5 24 48 48 60
1 2 5 5 25 25 70 175
1 2 5 5 25 25 75 150
1 2 5 5 25 25 100 100
1 2 5 5 25 28 70 100
1 2 5 5 25 30 50 150
1 2 5 5 25 30 60 100
1 2 5 5 25 30 75 75
1 2 5 5 25 36 45 100
1 2 5 5 25 40 40 100
1 2 5 5 25 50 50 50
1 2 5 5 26 26 60 156
1 2 5 5 26 26 65 130
1 2 5 5 26 30 65 78
1 2 5 5 26 39 52 60
1 2 5 5 27 27 54 135
1 2 5 5 27 27 60 108
1 2 5 5 27 30 40 216
1 2 5 5 27 30 45 135
1 2 5 5 27 30 54 90
1 2 5 5 27 35 54 63
1 2 5 5 27 36 36 135
1 2 5 5 27 36 54 60
1 2 5 5 27 45 45 54
1 2 5 5 28 28 42 210
1 2 5 5 28 28 60 84
1 2 5 5 28 28 70 70
1 2 5 5 28 30 40 168
1 2 5 5 28 30 42 140
1 2 5 5 28 30 60 70
1 2 5 5 28 32 35 224
1 2 5 5 28 35 35 140
1 2 5 5 28 35 36 126
1 2 5 5 28 35 42 84
1 2 5 5 28 35 44 77
1 2 5 5 28 35 56 56
1 2 5 5 28 36 45 70
1 2 5 5 28 40 40 70
1 2 5 5 28 42 42 60
1 2 5 5 30 30 35 210
1 2 5 5 30 30 36 180
1 2 5 5 30 30 39 130
1 2 5 5 30 30 40 120
1 2 5 5 30 30 42 105
1 2 5 5 30 30 45 90
1 2 5 5 30 30 48 80
1 2 5 5 30 30 50 75
1 2 5 5 30 30 55 66
1 2 5 5 30 30 60 60
1 2 5 5 30 32 40 96
1 2 5 5 30 33 33 165
1 2 5 5 30 33 40 88
1 2 5 5 30 33 55 55
1 2 5 5 30 35 35 105
1 2 5 5 30 35 42 70
1 2 5 5 30 35 45 63
1 2 5 5 30 36 36 90
1 2 5 5 30 36 40 72
1 2 5 5 30 36 45 60
1 2 5 5 30 39 39 65
1 2 5 5 30 40 40 60
1 2 5 5 30 40 42 56
1 2 5 5 30 40 48 48
1 2 5 5 30 45 45 45
1 2 5 5 32 32 32 160
1 2 5 5 32 32 35 112
1 2 5 5 32 32 40 80
1 2 5 5 32 32 48 60
1 2 5 5 33 33 33 110
1 2 5 5 33 33 44 60
1 2 5 5 34 34 34 85
1 2 5 5 35 35 35 70
1 2 5 5 35 35 40 56
1 2 5 5 35 36 36 63
1 2 5 5 35 42 42 42
1 2 5 5 36 36 36 60
1 2 5 5 36 36 45 45
1 2 5 5 36 40 40 45
1 2 5 5 40 40 40 40
1 2 5 6 9 84 180 210
1 2 5 6 9 85 180 204
1 2 5 6 9 90 165 198
1 2 5 6 9 90 171 190
1 2 5 6 9 90 180 180
1 2 5 6 9 95 171 171
1 2 5 6 9 96 160 180
1 2 5 6 9 99 132 220
1 2 5 6 9 99 143 195
1 2 5 6 9 99 165 165
1 2 5 6 9 100 150 180
1 2 5 6 9 102 153 170
1 2 5 6 9 105 126 210
1 2 5 6 9 105 135 189
1 2 5 6 9 105 140 180
1 2 5 6 9 108 120 216
1 2 5 6 9 108 135 180
1 2 5 6 9 110 132 180
1 2 5 6 9 115 115 207
1 2 5 6 9 117 117 195
1 2 5 6 9 119 126 170
1 2 5 6 9 120 120 180
1 2 5 6 9 120 126 168
1 2 5 6 9 120 136 153
1 2 5 6 9 120 144 144
1 2 5 6 9 126 140 140
1 2 5 6 9 135 135 135
1 2 5 6 10 42 210 210
1 2 5 6 10 44 165 220
1 2 5 6 10 44 180 198
1 2 5 6 10 45 165 198
1 2 5 6 10 45 171 190
1 2 5 6 10 45 180 180
1 2 5 6 10 48 130 208
1 2 5 6 10 48 144 180
1 2 5 6 10 48 160 160
1 2 5 6 10 50 120 200
1 2 5 6 10 50 150 150
1 2 5 6 10 52 117 180
1 2 5 6 10 52 130 156
1 2 5 6 10 54 105 189
1 2 5 6 10 54 108 180
1 2 5 6 10 54 135 135
1 2 5 6 10 55 99 198
1 2 5 6 10 55 102 187
1 2 5 6 10 55 110 165
1 2 5 6 10 55 132 132
1 2 5 6 10 56 105 168
1 2 5 6 10 56 120 140
1 2 5 6 10 57 95 190
1 2 5 6 10 60 84 210
1 2 5 6 10 60 85 204
1 2 5 6 10 60 90 180
1 2 5 6 10 60 96 160
1 2 5 6 10 60 100 150
1 2 5 6 10 60 105 140
1 2 5 6 10 60 108 135
1 2 5 6 10 60 110 132
1 2 5 6 10 60 120 120
1 2 5 6 10 62 93 155
1 2 5 6 10 63 84 180
1 2 5 6 10 63 105 126
1 2 5 6 10 64 80 192
1 2 5 6 10 65 78 195
1 2 5 6 10 65 104 120
1 2 5 6 10 66 80 176
1 2 5 6 10 66 110 110
1 2 5 6 10 70 70 210
1 2 5 6 10 70 75 175
1 2 5 6 10 70 77 165
1 2 5 6 10 70 84 140
1 2 5 6 10 70 90 126
1 2 5 6 10 70 105 105
1 2 5 6 10 72 72 180
1 2 5 6 10 72 80 144
1 2 5 6 10 72 90 120
1 2 5 6 10 75 75 150
1 2 5 6 10 75 100 100
1 2 5 6 10 78 78 130
1 2 5 6 10 78 91 105
1 2 5 6 10 80 80 120
1 2 5 6 10 80 84 112
1 2 5 6 10 80 96 96
1 2 5 6 10 84 84 105
1 2 5 6 10 85 85 102
1 2 5 6 10 90 90 90
1 2 5 6 11 30 220 220
1 2 5 6 11 33 132 220
1 2 5 6 11 33 143 195
1 2 5 6 11 33 165 165
1 2 5 6 11 35 110 210
1 2 5 6 11 36 99 220
1 2 5 6 11 36 110 180
1 2 5 6 11 39 110 130
1 2 5 6 11 40 88 165
1 2 5 6 11 40 110 120
1 2 5 6 11 42 105 110
1 2 5 6 11 44 66 220
1 2 5 6 11 44 88 120
1 2 5 6 11 45 66 198
1 2 5 6 11 45 90 110
1 2 5 6 11 45 99 99
1 2 5 6 11 48 80 110
1 2 5 6 11 50 75 110
1 2 5 6 11 55 55 165
1 2 5 6 11 55 60 132
1 2 5 6 11 55 66 110
1 2 5 6 11 60 60 110
1 2 5 6 11 66 70 77
1 2 5 6 12 25 200 200
1 2 5 6 12 26 143 220
1 2 5 6 12 26 156 195
1 2 5 6 12 27 120 216
1 2 5 6 12 27 135 180
1 2 5 6 12 28 105 210
1 2 5 6 12 28 119 170
1 2 5 6 12 28 120 168
1 2 5 6 12 28 140 140
1 2 5 6 12 29 116 145
1 2 5 6 12 30 84 210
1 2 5 6 12 30 85 204
1 2 5 6 12 30 90 180
1 2 5 6 12 30 96 160
1 2 5 6 12 30 100 150
1 2 5 6 12 30 105 140
1 2 5 6 12 30 108 135
1 2 5 6 12 30 110 132
1 2 5 6 12 30 120 120
1 2 5 6 12 32 70 224
1 2 5 6 12 32 80 160
1 2 5 6 12 32 96 120
1 2 5 6 12 33 66 220
1 2 5 6 12 33 88 120
1 2 5 6 12 34 68 170
1 2 5 6 12 35 60 210
1 2 5 6 12 35 63 180
1 2 5 6 12 35 70 140
1 2 5 6 12 35 80 112
1 2 5 6 12 35 84 105
1 2 5 6 12 36 60 180
1 2 5 6 12 36 70 126
1 2 5 6 12 36 72 120
1 2 5 6 12 36 90 90
1 2 5 6 12 38 76 95
1 2 5 6 12 39 52 195
1 2 5 6 12 39 60 130
1 2 5 6 12 40 50 200
1 2 5 6 12 40 56 140
1 2 5 6 12 40 60 120
1 2 5 6 12 40 65 104
1 2 5 6 12 40 72 90
1 2 5 6 12 40 80 80
1 2 5 6 12 42 56 120
1 2 5 6 12 42 60 105
1 2 5 6 12 42 70 84
1 2 5 6 12 44 44 220
1 2 5 6 12 44 45 198
1 2 5 6 12 44 55 110
1 2 5 6 12 44 70 77
1 2 5 6 12 45 45 180
1 2 5 6 12 45 48 144
1 2 5 6 12 45 52 117
1 2 5 6 12 45 54 108
1 2 5 6 12 45 60 90
1 2 5 6 12 45 63 84
1 2 5 6 12 45 72 72
1 2 5 6 12 48 48 120
1 2 5 6 12 48 60 80
1 2 5 6 12 50 50 100
1 2 5 6 12 50 60 75
1 2 5 6 12 52 65 65
1 2 5 6 12 55 60 66
1 2 5 6 12 56 56 70
1 2 5 6 12 60 60 60
1 2 5 6 13 22 156 220
1 2 5 6 13 24 104 195
1 2 5 6 13 24 120 156
1 2 5 6 13 25 100 156
1 2 5 6 13 26 78 195
1 2 5 6 13 26 104 120
1 2 5 6 13 28 70 156
1 2 5 6 13 30 60 156
1 2 5 6 13 30 65 130
1 2 5 6 13 36 45 156
1 2 5 6 13 39 39 195
1 2 5 6 13 39 45 117
1 2 5 6 13 39 65 65
1 2 5 6 13 40 40 156
1 2 5 6 14 20 140 210
1 2 5 6 14 20 147 196
1 2 5 6 14 20 156 182
1 2 5 6 14 20 168 168
1 2 5 6 14 21 105 210
1 2 5 6 14 21 119 170
1 2 5 6 14 21 120 168
1 2 5 6 14 21 140 140
1 2 5 6 14 22 84 220
1 2 5 6 14 24 70 168
1 2 5 6 14 24 84 120
1 2 5 6 14 25 84 100
1 2 5 6 14 28 56 120
1 2 5 6 14 28 60 105
1 2 5 6 14 28 70 84
1 2 5 6 14 30 42 210
1 2 5 6 14 30 60 84
1 2 5 6 14 30 70 70
1 2 5 6 14 35 35 210
1 2 5 6 14 35 36 180
1 2 5 6 14 35 39 130
1 2 5 6 14 35 40 120
1 2 5 6 14 35 42 105
1 2 5 6 14 35 45 90
1 2 5 6 14 35 48 80
1 2 5 6 14 35 50 75
1 2 5 6 14 35 55 66
1 2 5 6 14 35 60 60
1 2 5 6 14 36 45 84
1 2 5 6 14 40 40 84
1 2 5 6 14 42 42 70
1 2 5 6 14 42 45 63
1 2 5 6 15 18 165 198
1 2 5 6 15 18 171 190
1 2 5 6 15 18 180 180
1 2 5 6 15 19 114 190
1 2 5 6 15 20 84 210
1 2 5 6 15 20 85 204
1 2 5 6 15 20 90 180
1 2 5 6 15 20 96 160
1 2 5 6 15 20 100 150
1 2 5 6 15 20 105 140
1 2 5 6 15 20 108 135
1 2 5 6 15 20 110 132
1 2 5 6 15 20 120 120
1 2 5 6 15 21 70 210
1 2 5 6 15 21 75 175
1 2 5 6 15 21 77 165
1 2 5 6 15 21 84 140
1 2 5 6 15 21 90 126
1 2 5 6 15 21 105 105
1 2 5 6 15 22 60 220
1 2 5 6 15 22 66 165
1 2 5 6 15 22 90 99
1 2 5 6 15 23 69 115
1 2 5 6 15 24 50 200
1 2 5 6 15 24 56 140
1 2 5 6 15 24 60 120
1 2 5 6 15 24 65 104
1 2 5 6 15 24 72 90
1 2 5 6 15 24 80 80
1 2 5 6 15 25 50 150
1 2 5 6 15 25 60 100
1 2 5 6 15 25 75 75
1 2 5 6 15 26 65 78
1 2 5 6 15 27 40 216
1 2 5 6 15 27 45 135
1 2 5 6 15 27 54 90
1 2 5 6 15 28 40 168
1 2 5 6 15 28 42 140
1 2 5 6 15 28 60 70
1 2 5 6 15 30 35 210
1 2 5 6 15 30 36 180
1 2 5 6 15 30 39 130
1 2 5 6 15 30 40 120
1 2 5 6 15 30 42 105
1 2 5 6 15 30 45 90
1 2 5 6 15 30 48 80
1 2 5 6 15 30 50 75
1 2 5 6 15 30 55 66
1 2 5 6 15 30 60 60
1 2 5 6 15 32 40 96
1 2 5 6 15 33 33 165
1 2 5 6 15 33 40 88
1 2 5 6 15 33 55 55
1 2 5 6 15 35 35 105
1 2 5 6 15 35 42 70
1 2 5 6 15 35 45 63
1 2 5 6 15 36 36 90
1 2 5 6 15 36 40 72
1 2 5 6 15 36 45 60
1 2 5 6 15 39 39 65
1 2 5 6 15 40 40 60
1 2 5 6 15 40 42 56
1 2 5 6 15 40 48 48
1 2 5 6 15 45 45 45
1 2 5 6 16 18 120 144
1 2 5 6 16 20 64 192
1 2 5 6 16 20 66 176
1 2 5 6 16 20 72 144
1 2 5 6 16 20 80 120
1 2 5 6 16 20 84 112
1 2 5 6 16 20 96 96
1 2 5 6 16 21 70 112
1 2 5 6 16 22 48 220
1 2 5 6 16 24 45 144
1 2 5 6 16 24 48 120
1 2 5 6 16 24 60 80
1 2 5 6 16 25 48 100
1 2 5 6 16 28 48 70
1 2 5 6 16 30 32 160
1 2 5 6 16 30 35 112
1 2 5 6 16 30 40 80
1 2 5 6 16 30 48 60
1 2 5 6 16 32 32 120
1 2 5 6 16 36 45 48
1 2 5 6 16 40 40 48
1 2 5 6 17 17 102 170
1 2 5 6 17 17 120 136
1 2 5 6 17 20 51 204
1 2 5 6 17 20 68 102
1 2 5 6 17 30 34 85
1 2 5 6 18 18 60 180
1 2 5 6 18 18 70 126
1 2 5 6 18 18 72 120
1 2 5 6 18 18 90 90
1 2 5 6 18 20 44 198
1 2 5 6 18 20 45 180
1 2 5 6 18 20 48 144
1 2 5 6 18 20 52 117
1 2 5 6 18 20 54 108
1 2 5 6 18 20 60 90
1 2 5 6 18 20 63 84
1 2 5 6 18 20 72 72
1 2 5 6 18 21 45 126
1 2 5 6 18 21 63 70
1 2 5 6 18 22 36 220
1 2 5 6 18 22 45 99
1 2 5 6 18 24 36 120
1 2 5 6 18 24 40 90
1 2 5 6 18 24 45 72
1 2 5 6 18 25 36 100
1 2 5 6 18 27 30 135
1 2 5 6 18 27 45 54
1 2 5 6 18 28 36 70
1 2 5 6 18 30 30 90
1 2 5 6 18 30 35 63
1 2 5 6 18 30 36 60
1 2 5 6 18 30 45 45
1 2 5 6 18 36 36 45
1 2 5 6 18 36 40 40
1 2 5 6 19 19 45 171
1 2 5 6 19 19 57 95
1 2 5 6 19 20 57 76
1 2 5 6 20 20 35 210
1 2 5 6 20 20 36 180
1 2 5 6 20 20 39 130
1 2 5 6 20 20 40 120
1 2 5 6 20 20 42 105
1 2 5 6 20 20 45 90
1 2 5 6 20 20 48 80
1 2 5 6 20 20 50 75
1 2 5 6 20 20 55 66
1 2 5 6 20 20 60 60
1 2 5 6 20 21 32 224
1 2 5 6 20 21 35 140
1 2 5 6 20 21 36 126
1 2 5 6 20 21 42 84
1 2 5 6 20 21 44 77
1 2 5 6 20 21 56 56
1 2 5 6 20 22 30 220
1 2 5 6 20 22 33 132
1 2 5 6 20 22 36 99
1 2 5 6 20 22 44 66
1 2 5 6 20 24 27 216
1 2 5 6 20 24 28 168
1 2 5 6 20 24 30 120
1 2 5 6 20 24 32 96
1 2 5 6 20 24 33 88
1 2 5 6 20 24 36 72
1 2 5 6 20 24 40 60
1 2 5 6 20 24 42 56
1 2 5 6 20 24 48 48
1 2 5 6 20 25 30 100
1 2 5 6 20 26 26 156
1 2 5 6 20 26 39 52
1 2 5 6 20 27 27 108
1 2 5 6 20 27 36 54
1 2 5 6 20 28 28 84
1 2 5 6 20 28 30 70
1 2 5 6 20 28 42 42
1 2 5 6 20 30 30 60
1 2 5 6 20 30 36 45
1 2 5 6 20 30 40 40
1 2 5 6 20 32 32 48
1 2 5 6 20 33 33 44
1 2 5 6 20 36 36 36
1 2 5 6 21 21 30 210
1 2 5 6 21 21 35 105
1 2 5 6 21 21 42 70
1 2 5 6 21 21 45 63
1 2 5 6 21 22 28 220
1 2 5 6 21 24 28 120
1 2 5 6 21 25 25 175
1 2 5 6 21 25 28 100
1 2 5 6 21 28 28 70
1 2 5 6 21 28 30 60
1 2 5 6 21 28 36 45
1 2 5 6 21 28 40 40
1 2 5 6 21 30 35 42
1 2 5 6 21 35 35 35
1 2 5 6 22 22 30 110
1 2 5 6 22 24 24 220
1 2 5 6 24 24 24 120
1 2 5 6 24 24 25 100
1 2 5 6 24 24 28 70
1 2 5 6 24 24 30 60
1 2 5 6 24 24 36 45
1 2 5 6 24 24 40 40
1 2 5 6 24 30 30 40
1 2 5 6 25 25 25 75
1 2 5 6 25 25 30 50
1 2 5 6 27 27 27 45
1 2 5 6 28 28 30 35
1 2 5 6 30 30 30 30
1 2 5 7 7 210 210 210
1 2 5 7 8 45 189 216
1 2 5 7 8 50 140 200
1 2 5 7 8 54 120 189
1 2 5 7 8 56 105 210
1 2 5 7 8 56 119 170
1 2 5 7 8 56 120 168
1 2 5 7 8 56 140 140
1 2 5 7 8 60 105 168
1 2 5 7 8 60 120 140
1 2 5 7 8 63 120 126
1 2 5 7 8 65 104 140
1 2 5 7 8 70 84 168
1 2 5 7 8 70 88 154
1 2 5 7 8 70 105 120
1 2 5 7 8 70 112 112
1 2 5 7 8 72 90 140
1 2 5 7 8 78 91 120
1 2 5 7 8 80 80 140
1 2 5 7 8 84 84 120
1 2 5 7 9 28 180 210
1 2 5 7 9 30 126 210
1 2 5 7 9 30 135 189
1 2 5 7 9 30 140 180
1 2 5 7 9 35 84 180
1 2 5 7 9 35 105 126
1 2 5 7 9 36 90 140
1 2 5 7 9 40 72 140
1 2 5 7 9 42 60 180
1 2 5 7 9 42 70 126
1 2 5 7 9 42 72 120
1 2 5 7 9 42 90 90
1 2 5 7 9 45 54 189
1 2 5 7 9 45 56 168
1 2 5 7 9 45 60 140
1 2 5 7 9 45 63 126
1 2 5 7 9 45 70 105
1 2 5 7 9 45 78 91
1 2 5 7 9 45 84 84
1 2 5 7 9 56 70 72
1 2 5 7 9 63 63 70
1 2 5 7 10 21 210 210
1 2 5 7 10 22 140 220
1 2 5 7 10 24 105 168
1 2 5 7 10 24 120 140
1 2 5 7 10 25 100 140
1 2 5 7 10 26 91 130
1 2 5 7 10 28 60 210
1 2 5 7 10 28 63 180
1 2 5 7 10 28 70 140
1 2 5 7 10 28 80 112
1 2 5 7 10 28 84 105
1 2 5 7 10 30 54 189
1 2 5 7 10 30 56 168
1 2 5 7 10 30 60 140
1 2 5 7 10 30 63 126
1 2 5 7 10 30 70 105
1 2 5 7 10 30 78 91
1 2 5 7 10 30 84 84
1 2 5 7 10 35 42 210
1 2 5 7 10 35 60 84
1 2 5 7 10 35 70 70
1 2 5 7 10 36 42 180
1 2 5 7 10 36 45 140
1 2 5 7 10 39 42 130
1 2 5 7 10 40 40 140
1 2 5 7 10 40 42 120
1 2 5 7 10 40 56 70
1 2 5 7 10 42 42 105
1 2 5 7 10 42 45 90
1 2 5 7 10 42 48 80
1 2 5 7 10 42 50 75
1 2 5 7 10 42 55 66
1 2 5 7 10 42 60 60
1 2 5 7 11 20 110 140
1 2 5 7 11 21 105 110
1 2 5 7 11 22 70 154
1 2 5 7 11 30 42 110
1 2 5 7 11 35 35 110
1 2 5 7 12 18 90 140
1 2 5 7 12 20 54 189
1 2 5 7 12 20 56 168
1 2 5 7 12 20 60 140
1 2 5 7 12 20 63 126
1 2 5 7 12 20 70 105
1 2 5 7 12 20 78 91
1 2 5 7 12 20 84 84
1 2 5 7 12 21 56 120
1 2 5 7 12 21 60 105
1 2 5 7 12 21 70 84
1 2 5 7 12 22 42 220
1 2 5 7 12 24 40 140
1 2 5 7 12 24 42 120
1 2 5 7 12 24 56 70
1 2 5 7 12 25 42 100
1 2 5 7 12 28 30 210
1 2 5 7 12 28 35 105
1 2 5 7 12 28 42 70
1 2 5 7 12 28 45 63
1 2 5 7 12 30 30 140
1 2 5 7 12 30 35 84
1 2 5 7 12 30 42 60
1 2 5 7 12 35 35 60
1 2 5 7 12 36 42 45
1 2 5 7 12 40 40 42
1 2 5 7 13 15 140 156
1 2 5 7 13 20 42 156
1 2 5 7 13 20 52 91
1 2 5 7 14 14 105 210
1 2 5 7 14 14 119 170
1 2 5 7 14 14 120 168
1 2 5 7 14 14 140 140
1 2 5 7 14 15 70 210
1 2 5 7 14 15 75 175
1 2 5 7 14 15 77 165
1 2 5 7 14 15 84 140
1 2 5 7 14 15 90 126
1 2 5 7 14 15 105 105
1 2 5 7 14 16 70 112
1 2 5 7 14 18 45 126
1 2 5 7 14 18 63 70
1 2 5 7 14 20 32 224
1 2 5 7 14 20 35 140
1 2 5 7 14 20 36 126
1 2 5 7 14 20 42 84
1 2 5 7 14 20 44 77
1 2 5 7 14 20 56 56
1 2 5 7 14 21 30 210
1 2 5 7 14 21 35 105
1 2 5 7 14 21 42 70
1 2 5 7 14 21 45 63
1 2 5 7 14 22 28 220
1 2 5 7 14 24 28 120
1 2 5 7 14 25 25 175
1 2 5 7 14 25 28 100
1 2 5 7 14 28 28 70
1 2 5 7 14 28 30 60
1 2 5 7 14 28 36 45
1 2 5 7 14 28 40 40
1 2 5 7 14 30 35 42
1 2 5 7 14 35 35 35
1 2 5 7 15 15 54 189
1 2 5 7 15 15 56 168
1 2 5 7 15 15 60 140
1 2 5 7 15 15 63 126
1 2 5 7 15 15 70 105
1 2 5 7 15 15 78 91
1 2 5 7 15 15 84 84
1 2 5 7 15 16 48 140
1 2 5 7 15 18 36 140
1 2 5 7 15 18 42 90
1 2 5 7 15 20 28 210
1 2 5 7 15 20 30 140
1 2 5 7 15 20 35 84
1 2 5 7 15 20 42 60
1 2 5 7 15 21 28 140
1 2 5 7 15 21 30 105
1 2 5 7 15 21 35 70
1 2 5 7 15 21 40 56
1 2 5 7 15 24 24 140
1 2 5 7 15 24 40 42
1 2 5 7 15 30 30 42
1 2 5 7 15 30 35 35
1 2 5 7 16 16 40 140
1 2 5 7 16 16 42 120
1 2 5 7 16 16 56 70
1 2 5 7 16 20 28 112
1 2 5 7 16 20 42 48
1 2 5 7 18 18 42 45
1 2 5 7 18 20 28 63
1 2 5 7 18 20 36 42
1 2 5 7 20 20 20 140
1 2 5 7 20 20 21 105
1 2 5 7 20 20 30 42
1 2 5 7 20 20 35 35
1 2 5 7 20 21 21 84
1 2 5 7 20 21 24 56
1 2 5 7 20 21 28 42
1 2 5 7 20 24 24 42
1 2 5 7 20 28 28 28
1 2 5 7 21 21 21 70
1 2 5 7 21 21 30 35
1 2 5 8 8 25 200 200
1 2 5 8 8 26 143 220
1 2 5 8 8 26 156 195
1 2 5 8 8 27 120 216
1 2 5 8 8 27 135 180
1 2 5 8 8 28 105 210
1 2 5 8 8 28 119 170
1 2 5 8 8 28 120 168
1 2 5 8 8 28 140 140
1 2 5 8 8 29 116 145
1 2 5 8 8 30 84 210
1 2 5 8 8 30 85 204
1 2 5 8 8 30 90 180
1 2 5 8 8 30 96 160
1 2 5 8 8 30 100 150
1 2 5 8 8 30 105 140
1 2 5 8 8 30 108 135
1 2 5 8 8 30 110 132
1 2 5 8 8 30 120 120
1 2 5 8 8 32 70 224
1 2 5 8 8 32 80 160
1 2 5 8 8 32 96 120
1 2 5 8 8 33 66 220
1 2 5 8 8 33 88 120
1 2 5 8 8 34 68 170
1 2 5 8 8 35 60 210
1 2 5 8 8 35 63 180
1 2 5 8 8 35 70 140
1 2 5 8 8 35 80 112
1 2 5 8 8 35 84 105
1 2 5 8 8 36 60 180
1 2 5 8 8 36 70 126
1 2 5 8 8 36 72 120
1 2 5 8 8 36 90 90
1 2 5 8 8 38 76 95
1 2 5 8 8 39 52 195
1 2 5 8 8 39 60 130
1 2 5 8 8 40 50 200
1 2 5 8 8 40 56 140
1 2 5 8 8 40 60 120
1 2 5 8 8 40 65 104
1 2 5 8 8 40 72 90
1 2 5 8 8 40 80 80
1 2 5 8 8 42 56 120
1 2 5 8 8 42 60 105
1 2 5 8 8 42 70 84
1 2 5 8 8 44 44 220
1 2 5 8 8 44 45 198
1 2 5 8 8 44 55 110
1 2 5 8 8 44 70 77
1 2 5 8 8 45 45 180
1 2 5 8 8 45 48 144
1 2 5 8 8 45 52 117
1 2 5 8 8 45 54 108
1 2 5 8 8 45 60 90
1 2 5 8 8 45 63 84
1 2 5 8 8 45 72 72
1 2 5 8 8 48 48 120
1 2 5 8 8 48 60 80
1 2 5 8 8 50 50 100
1 2 5 8 8 50 60 75
1 2 5 8 8 52 65 65
1 2 5 8 8 55 60 66
1 2 5 8 8 56 56 70
1 2 5 8 8 60 60 60
1 2 5 8 9 20 108 216
1 2 5 8 9 20 120 180
1 2 5 8 9 20 126 168
1 2 5 8 9 20 136 153
1 2 5 8 9 20 144 144
1 2 5 8 9 21 120 126
1 2 5 8 9 22 72 220
1 2 5 8 9 22 99 120
1 2 5 8 9 24 60 180
1 2 5 8 9 24 70 126
1 2 5 8 9 24 72 120
1 2 5 8 9 24 90 90
1 2 5 8 9 25 72 100
1 2 5 8 9 27 45 216
1 2 5 8 9 27 54 120
1 2 5 8 9 28 45 168
1 2 5 8 9 28 70 72
1 2 5 8 9 30 40 180
1 2 5 8 9 30 45 120
1 2 5 8 9 30 60 72
1 2 5 8 9 32 45 96
1 2 5 8 9 33 45 88
1 2 5 8 9 36 36 120
1 2 5 8 9 36 40 90
1 2 5 8 9 36 45 72
1 2 5 8 9 40 40 72
1 2 5 8 9 40 45 60
1 2 5 8 9 42 45 56
1 2 5 8 9 45 48 48
1 2 5 8 10 16 130 208
1 2 5 8 10 16 144 180
1 2 5 8 10 16 160 160
1 2 5 8 10 18 72 180
1 2 5 8 10 18 80 144
1 2 5 8 10 18 90 120
1 2 5 8 10 20 50 200
1 2 5 8 10 20 56 140
1 2 5 8 10 20 60 120
1 2 5 8 10 20 65 104
1 2 5 8 10 20 72 90
1 2 5 8 10 20 80 80
1 2 5 8 10 21 56 105
1 2 5 8 10 22 40 220
1 2 5 8 10 22 55 88
1 2 5 8 10 24 35 210
1 2 5 8 10 24 36 180
1 2 5 8 10 24 39 130
1 2 5 8 10 24 40 120
1 2 5 8 10 24 42 105
1 2 5 8 10 24 45 90
1 2 5 8 10 24 48 80
1 2 5 8 10 24 50 75
1 2 5 8 10 24 55 66
1 2 5 8 10 24 60 60
1 2 5 8 10 25 40 100
1 2 5 8 10 27 30 216
1 2 5 8 10 28 30 168
1 2 5 8 10 28 40 70
1 2 5 8 10 30 30 120
1 2 5 8 10 30 32 96
1 2 5 8 10 30 33 88
1 2 5 8 10 30 36 72
1 2 5 8 10 30 40 60
1 2 5 8 10 30 42 56
1 2 5 8 10 30 48 48
1 2 5 8 10 32 32 80
1 2 5 8 10 35 35 56
1 2 5 8 10 36 40 45
1 2 5 8 10 40 40 40
1 2 5 8 11 15 88 165
1 2 5 8 11 15 110 120
1 2 5 8 11 16 80 110
1 2 5 8 11 20 40 110
1 2 5 8 11 20 44 88
1 2 5 8 11 22 33 120
1 2 5 8 11 24 30 110
1 2 5 8 12 13 104 195
1 2 5 8 12 13 120 156
1 2 5 8 12 14 70 168
1 2 5 8 12 14 84 120
1 2 5 8 12 15 50 200
1 2 5 8 12 15 56 140
1 2 5 8 12 15 60 120
1 2 5 8 12 15 65 104
1 2 5 8 12 15 72 90
1 2 5 8 12 15 80 80
1 2 5 8 12 16 45 144
1 2 5 8 12 16 48 120
1 2 5 8 12 16 60 80
1 2 5 8 12 18 36 120
1 2 5 8 12 18 40 90
1 2 5 8 12 18 45 72
1 2 5 8 12 20 27 216
1 2 5 8 12 20 28 168
1 2 5 8 12 20 30 120
1 2 5 8 12 20 32 96
1 2 5 8 12 20 33 88
1 2 5 8 12 20 36 72
1 2 5 8 12 20 40 60
1 2 5 8 12 20 42 56
1 2 5 8 12 20 48 48
1 2 5 8 12 21 28 120
1 2 5 8 12 22 24 220
1 2 5 8 12 24 24 120
1 2 5 8 12 24 25 100
1 2 5 8 12 24 28 70
1 2 5 8 12 24 30 60
1 2 5 8 12 24 36 45
1 2 5 8 12 24 40 40
1 2 5 8 12 30 30 40
1 2 5 8 13 13 78 120
1 2 5 8 13 15 40 156
1 2 5 8 13 20 24 156
1 2 5 8 13 20 26 104
1 2 5 8 14 14 40 140
1 2 5 8 14 14 42 120
1 2 5 8 14 14 56 70
1 2 5 8 14 15 35 120
1 2 5 8 14 15 40 84
1 2 5 8 14 16 35 80
1 2 5 8 14 20 21 168
1 2 5 8 14 20 24 84
1 2 5 8 14 20 28 56
1 2 5 8 14 20 35 40
1 2 5 8 14 21 21 120
1 2 5 8 14 21 24 70
1 2 5 8 14 24 30 35
1 2 5 8 15 15 27 216
1 2 5 8 15 15 28 168
1 2 5 8 15 15 30 120
1 2 5 8 15 15 32 96
1 2 5 8 15 15 33 88
1 2 5 8 15 15 36 72
1 2 5 8 15 15 40 60
1 2 5 8 15 15 42 56
1 2 5 8 15 15 48 48
1 2 5 8 15 16 30 80
1 2 5 8 15 16 40 48
1 2 5 8 15 18 24 90
1 2 5 8 15 18 36 40
1 2 5 8 15 20 20 120
1 2 5 8 15 20 24 60
1 2 5 8 15 20 30 40
1 2 5 8 15 21 28 40
1 2 5 8 15 24 24 40
1 2 5 8 15 24 30 30
1 2 5 8 16 16 22 220
1 2 5 8 16 16 24 120
1 2 5 8 16 16 25 100
1 2 5 8 16 16 28 70
1 2 5 8 16 16 30 60
1 2 5 8 16 16 36 45
1 2 5 8 16 16 40 40
1 2 5 8 16 18 20 144
1 2 5 8 16 20 20 80
1 2 5 8 16 20 24 48
1 2 5 8 16 20 32 32
1 2 5 8 17 17 20 136
1 2 5 8 18 18 18 120
1 2 5 8 18 18 20 72
1 2 5 8 18 18 24 45
1 2 5 8 18 20 24 36
1 2 5 8 20 20 20 40
1 2 5 8 20 20 24 30
1 2 5 8 20 21 24 28
1 2 5 8 20 24 24 24
1 2 5 9 9 15 165 198
1 2 5 9 9 15 171 190
1 2 5 9 9 15 180 180
1 2 5 9 9 16 120 144
1 2 5 9 9 18 60 180
1 2 5 9 9 18 70 126
1 2 5 9 9 18 72 120
1 2 5 9 9 18 90 90
1 2 5 9 9 20 44 198
1 2 5 9 9 20 45 180
1 2 5 9 9 20 48 144
1 2 5 9 9 20 52 117
1 2 5 9 9 20 54 108
1 2 5 9 9 20 60 90
1 2 5 9 9 20 63 84
1 2 5 9 9 20 72 72
1 2 5 9 9 21 45 126
1 2 5 9 9 21 63 70
1 2 5 9 9 22 36 220
1 2 5 9 9 22 45 99
1 2 5 9 9 24 36 120
1 2 5 9 9 24 40 90
1 2 5 9 9 24 45 72
1 2 5 9 9 25 36 100
1 2 5 9 9 27 30 135
1 2 5 9 9 27 45 54
1 2 5 9 9 28 36 70
1 2 5 9 9 30 30 90
1 2 5 9 9 30 35 63
1 2 5 9 9 30 36 60
1 2 5 9 9 30 45 45
1 2 5 9 9 36 36 45
1 2 5 9 9 36 40 40
1 2 5 9 10 13 156 180
1 2 5 9 10 14 84 180
1 2 5 9 10 14 105 126
1 2 5 9 10 15 60 180
1 2 5 9 10 15 70 126
1 2 5 9 10 15 72 120
1 2 5 9 10 15 90 90
1 2 5 9 10 16 48 180
1 2 5 9 10 16 72 80
1 2 5 9 10 18 35 210
1 2 5 9 10 18 36 180
1 2 5 9 10 18 39 130
1 2 5 9 10 18 40 120
1 2 5 9 10 18 42 105
1 2 5 9 10 18 45 90
1 2 5 9 10 18 48 80
1 2 5 9 10 18 50 75
1 2 5 9 10 18 55 66
1 2 5 9 10 18 60 60
1 2 5 9 10 20 30 180
1 2 5 9 10 20 36 90
1 2 5 9 10 20 40 72
1 2 5 9 10 20 45 60
1 2 5 9 10 21 28 180
1 2 5 9 10 21 30 126
1 2 5 9 10 22 30 99
1 2 5 9 10 24 24 180
1 2 5 9 10 24 30 72
1 2 5 9 10 24 40 45
1 2 5 9 10 27 30 54
1 2 5 9 10 30 30 45
1 2 5 9 10 30 36 36
1 2 5 9 11 12 99 220
1 2 5 9 11 12 110 180
1 2 5 9 11 15 45 110
1 2 5 9 11 18 30 110
1 2 5 9 11 22 33 45
1 2 5 9 12 12 60 180
1 2 5 9 12 12 70 126
1 2 5 9 12 12 72 120
1 2 5 9 12 12 90 90
1 2 5 9 12 13 45 156
1 2 5 9 12 14 35 180
1 2 5 9 12 14 45 84
1 2 5 9 12 15 30 180
1 2 5 9 12 15 36 90
1 2 5 9 12 15 40 72
1 2 5 9 12 15 45 60
1 2 5 9 12 16 45 48
1 2 5 9 12 18 22 220
1 2 5 9 12 18 24 120
1 2 5 9 12 18 25 100
1 2 5 9 12 18 28 70
1 2 5 9 12 18 30 60
1 2 5 9 12 18 36 45
1 2 5 9 12 18 40 40
1 2 5 9 12 20 20 180
1 2 5 9 12 20 21 126
1 2 5 9 12 20 22 99
1 2 5 9 12 20 24 72
1 2 5 9 12 20 27 54
1 2 5 9 12 20 30 45
1 2 5 9 12 20 36 36
1 2 5 9 12 21 28 45
1 2 5 9 12 24 24 45
1 2 5 9 13 13 45 78
1 2 5 9 13 18 20 156
1 2 5 9 14 14 42 45
1 2 5 9 14 15 35 45
1 2 5 9 14 18 20 84
1 2 5 9 14 18 21 70
1 2 5 9 14 18 30 35
1 2 5 9 14 21 21 45
1 2 5 9 15 15 20 180
1 2 5 9 15 15 21 126
1 2 5 9 15 15 22 99
1 2 5 9 15 15 24 72
1 2 5 9 15 15 27 54
1 2 5 9 15 15 30 45
1 2 5 9 15 15 36 36
1 2 5 9 15 18 18 90
1 2 5 9 15 18 20 60
1 2 5 9 15 18 24 40
1 2 5 9 15 18 30 30
1 2 5 9 15 20 20 45
1 2 5 9 16 16 18 120
1 2 5 9 16 16 20 72
1 2 5 9 16 16 24 45
1 2 5 9 16 18 20 48
1 2 5 9 18 18 18 45
1 2 5 9 18 18 20 36
1 2 5 9 18 20 20 30
1 2 5 9 18 20 21 28
1 2 5 9 18 20 24 24
1 2 5 10 10 11 220 220
1 2 5 10 10 12 84 210
1 2 5 10 10 12 85 204
1 2 5 10 10 12 90 180
1 2 5 10 10 12 96 160
1 2 5 10 10 12 100 150
1 2 5 10 10 12 105 140
1 2 5 10 10 12 108 135
1 2 5 10 10 12 110 132
1 2 5 10 10 12 120 120
1 2 5 10 10 13 60 156
1 2 5 10 10 13 65 130
1 2 5 10 10 14 42 210
1 2 5 10 10 14 60 84
1 2 5 10 10 14 70 70
1 2 5 10 10 15 35 210
1 2 5 10 10 15 36 180
1 2 5 10 10 15 39 130
1 2 5 10 10 15 40 120
1 2 5 10 10 15 42 105
1 2 5 10 10 15 45 90
1 2 5 10 10 15 48 80
1 2 5 10 10 15 50 75
1 2 5 10 10 15 55 66
1 2 5 10 10 15 60 60
1 2 5 10 10 16 32 160
1 2 5 10 10 16 35 112
1 2 5 10 10 16 40 80
1 2 5 10 10 16 48 60
1 2 5 10 10 17 34 85
1 2 5 10 10 18 27 135
1 2 5 10 10 18 30 90
1 2 5 10 10 18 35 63
1 2 5 10 10 18 36 60
1 2 5 10 10 18 45 45
1 2 5 10 10 20 22 220
1 2 5 10 10 20 24 120
1 2 5 10 10 20 25 100
1 2 5 10 10 20 28 70
1 2 5 10 10 20 30 60
1 2 5 10 10 20 36 45
1 2 5 10 10 20 40 40
1 2 5 10 10 21 21 210
1 2 5 10 10 21 28 60
1 2 5 10 10 21 35 42
1 2 5 10 10 22 22 110
1 2 5 10 10 24 24 60
1 2 5 10 10 24 30 40
1 2 5 10 10 25 25 50
1 2 5 10 10 28 28 35
1 2 5 10 10 30 30 30
1 2 5 10 11 11 80 176
1 2 5 10 11 11 110 110
1 2 5 10 11 12 55 132
1 2 5 10 11 12 60 110
1 2 5 10 11 14 35 110
1 2 5 10 11 15 30 110
1 2 5 10 11 20 20 110
1 2 5 10 11 22 22 55
1 2 5 10 11 22 30 33
1 2 5 10 12 12 35 210
1 2 5 10 12 12 36 180
1 2 5 10 12 12 39 130
1 2 5 10 12 12 40 120
1 2 5 10 12 12 42 105
1 2 5 10 12 12 45 90
1 2 5 10 12 12 48 80
1 2 5 10 12 12 50 75
1 2 5 10 12 12 55 66
1 2 5 10 12 12 60 60
1 2 5 10 12 13 30 156
1 2 5 10 12 14 28 105
1 2 5 10 12 14 30 84
1 2 5 10 12 14 35 60
1 2 5 10 12 15 22 220
1 2 5 10 12 15 24 120
1 2 5 10 12 15 25 100
1 2 5 10 12 15 28 70
1 2 5 10 12 15 30 60
1 2 5 10 12 15 36 45
1 2 5 10 12 15 40 40
1 2 5 10 12 16 24 80
1 2 5 10 12 16 30 48
1 2 5 10 12 18 18 180
1 2 5 10 12 18 20 90
1 2 5 10 12 18 30 36
1 2 5 10 12 20 20 60
1 2 5 10 12 20 24 40
1 2 5 10 12 20 30 30
1 2 5 10 12 21 28 30
1 2 5 10 12 24 24 30
1 2 5 10 13 13 26 130
1 2 5 10 13 13 30 78
1 2 5 10 13 15 20 156
1 2 5 10 14 14 20 140
1 2 5 10 14 14 21 105
1 2 5 10 14 14 30 42
1 2 5 10 14 14 35 35
1 2 5 10 14 15 20 84
1 2 5 10 14 15 21 70
1 2 5 10 14 15 30 35
1 2 5 10 14 20 20 35
1 2 5 10 14 21 21 30
1 2 5 10 15 15 18 90
1 2 5 10 15 15 20 60
1 2 5 10 15 15 24 40
1 2 5 10 15 15 30 30
1 2 5 10 15 16 16 120
1 2 5 10 15 16 20 48
1 2 5 10 15 18 18 45
1 2 5 10 15 18 20 36
1 2 5 10 15 20 20 30
1 2 5 10 15 20 21 28
1 2 5 10 15 20 24 24
1 2 5 10 16 16 16 80
1 2 5 10 16 16 20 40
1 2 5 10 16 16 24 30
1 2 5 10 18 18 18 30
1 2 5 10 20 20 20 20
1 2 5 11 11 11 44 220
1 2 5 11 11 11 45 198
1 2 5 11 11 11 55 110
1 2 5 11 11 11 70 77
1 2 5 11 11 12 33 220
1 2 5 11 11 12 55 60
1 2 5 11 11 14 35 55
1 2 5 11 11 15 22 165
1 2 5 11 11 15 30 55
1 2 5 11 11 16 20 176
1 2 5 11 11 20 20 55
1 2 5 11 11 20 22 44
1 2 5 11 12 12 30 110
1 2 5 11 12 15 20 110
1 2 5 11 12 20 22 33
1 2 5 11 15 15 15 110
1 2 5 11 15 15 22 33
1 2 5 12 12 12 22 220
1 2 5 12 12 12 24 120
1 2 5 12 12 12 25 100
1 2 5 12 12 12 28 70
1 2 5 12 12 12 30 60
1 2 5 12 12 12 36 45
1 2 5 12 12 12 40 40
1 2 5 12 12 13 20 156
1 2 5 12 12 14 20 84
1 2 5 12 12 14 21 70
1 2 5 12 12 14 30 35
1 2 5 12 12 15 18 90
1 2 5 12 12 15 20 60
1 2 5 12 12 15 24 40
1 2 5 12 12 15 30 30
1 2 5 12 12 16 16 120
1 2 5 12 12 16 20 48
1 2 5 12 12 18 18 45
1 2 5 12 12 18 20 36
1 2 5 12 12 20 20 30
1 2 5 12 12 20 21 28
1 2 5 12 12 20 24 24
1 2 5 12 13 13 20 78
1 2 5 12 13 15 15 156
1 2 5 12 14 14 15 140
1 2 5 12 14 14 20 42
1 2 5 12 14 15 15 84
1 2 5 12 14 15 20 35
1 2 5 12 14 20 21 21
1 2 5 12 15 15 15 60
1 2 5 12 15 15 16 48
1 2 5 12 15 15 18 36
1 2 5 12 15 15 20 30
1 2 5 12 15 15 21 28
1 2 5 12 15 15 24 24
1 2 5 12 15 16 16 40
1 2 5 12 15 20 20 20
1 2 5 12 16 16 20 24
1 2 5 12 18 18 18 20
1 2 5 13 13 13 20 52
1 2 5 13 13 15 15 78
1 2 5 14 14 14 14 70
1 2 5 14 14 14 20 28
1 2 5 14 14 15 15 42
1 2 5 14 15 15 15 35
1 2 5 14 15 15 21 21
1 2 5 15 15 15 15 30
1 2 5 15 15 15 20 20
1 2 5 15 15 16 16 24
1 2 5 15 15 18 18 18
1 2 5 16 16 16 16 20
1 2 6 6 7 70 210 210
1 2 6 6 7 72 189 216
1 2 6 6 7 75 175 210
1 2 6 6 7 77 165 210
1 2 6 6 7 78 182 182
1 2 6 6 7 81 162 189
1 2 6 6 7 84 140 210
1 2 6 6 7 84 147 196
1 2 6 6 7 84 156 182
1 2 6 6 7 84 168 168
1 2 6 6 7 85 140 204
1 2 6 6 7 88 154 168
1 2 6 6 7 90 126 210
1 2 6 6 7 90 135 189
1 2 6 6 7 90 140 180
1 2 6 6 7 91 130 195
1 2 6 6 7 91 156 156
1 2 6 6 7 96 112 224
1 2 6 6 7 96 140 160
1 2 6 6 7 98 147 147
1 2 6 6 7 100 140 150
1 2 6 6 7 105 105 210
1 2 6 6 7 105 119 170
1 2 6 6 7 105 120 168
1 2 6 6 7 105 140 140
1 2 6 6 7 108 108 189
1 2 6 6 7 108 135 140
1 2 6 6 7 110 132 140
1 2 6 6 7 112 112 168
1 2 6 6 7 112 126 144
1 2 6 6 7 114 133 133
1 2 6 6 7 120 120 140
1 2 6 6 7 126 126 126
1 2 6 6 8 32 168 224
1 2 6 6 8 32 192 192
1 2 6 6 8 33 152 209
1 2 6 6 8 33 176 176
1 2 6 6 8 34 136 204
1 2 6 6 8 35 120 210
1 2 6 6 8 35 140 168
1 2 6 6 8 36 108 216
1 2 6 6 8 36 120 180
1 2 6 6 8 36 126 168
1 2 6 6 8 36 136 153
1 2 6 6 8 36 144 144
1 2 6 6 8 38 114 152
1 2 6 6 8 39 104 156
1 2 6 6 8 39 120 130
1 2 6 6 8 40 84 210
1 2 6 6 8 40 85 204
1 2 6 6 8 40 90 180
1 2 6 6 8 40 96 160
1 2 6 6 8 40 100 150
1 2 6 6 8 40 105 140
1 2 6 6 8 40 108 135
1 2 6 6 8 40 110 132
1 2 6 6 8 40 120 120
1 2 6 6 8 42 84 168
1 2 6 6 8 42 88 154
1 2 6 6 8 42 105 120
1 2 6 6 8 42 112 112
1 2 6 6 8 44 72 198
1 2 6 6 8 44 77 168
1 2 6 6 8 44 88 132
1 2 6 6 8 45 72 180
1 2 6 6 8 45 80 144
1 2 6 6 8 45 90 120
1 2 6 6 8 46 69 184
1 2 6 6 8 48 64 192
1 2 6 6 8 48 66 176
1 2 6 6 8 48 72 144
1 2 6 6 8 48 80 120
1 2 6 6 8 48 84 112
1 2 6 6 8 48 96 96
1 2 6 6 8 50 60 200
1 2 6 6 8 50 75 120
1 2 6 6 8 51 68 136
1 2 6 6 8 52 72 117
1 2 6 6 8 52 78 104
1 2 6 6 8 54 54 216
1 2 6 6 8 54 56 189
1 2 6 6 8 54 72 108
1 2 6 6 8 55 66 120
1 2 6 6 8 56 56 168
1 2 6 6 8 56 60 140
1 2 6 6 8 56 63 126
1 2 6 6 8 56 70 105
1 2 6 6 8 56 78 91
1 2 6 6 8 56 84 84
1 2 6 6 8 57 57 152
1 2 6 6 8 60 60 120
1 2 6 6 8 60 65 104
1 2 6 6 8 60 72 90
1 2 6 6 8 60 80 80
1 2 6 6 8 63 72 84
1 2 6 6 8 64 64 96
1 2 6 6 8 66 66 88
1 2 6 6 8 72 72 72
1 2 6 6 9 22 180 220
1 2 6 6 9 22 198 198
1 2 6 6 9 23 138 207
1 2 6 6 9 24 108 216
1 2 6 6 9 24 120 180
1 2 6 6 9 24 126 168
1 2 6 6 9 24 136 153
1 2 6 6 9 24 144 144
1 2 6 6 9 25 100 180
1 2 6 6 9 26 99 143
1 2 6 6 9 26 117 117
1 2 6 6 9 27 72 216
1 2 6 6 9 27 81 162
1 2 6 6 9 27 90 135
1 2 6 6 9 27 108 108
1 2 6 6 9 28 70 180
1 2 6 6 9 28 72 168
1 2 6 6 9 28 84 126
1 2 6 6 9 30 60 180
1 2 6 6 9 30 70 126
1 2 6 6 9 30 72 120
1 2 6 6 9 30 90 90
1 2 6 6 9 32 72 96
1 2 6 6 9 33 66 99
1 2 6 6 9 33 72 88
1 2 6 6 9 34 51 153
1 2 6 6 9 35 45 210
1 2 6 6 9 35 63 90
1 2 6 6 9 36 44 198
1 2 6 6 9 36 45 180
1 2 6 6 9 36 48 144
1 2 6 6 9 36 52 117
1 2 6 6 9 36 54 108
1 2 6 6 9 36 60 90
1 2 6 6 9 36 63 84
1 2 6 6 9 36 72 72
1 2 6 6 9 39 45 130
1 2 6 6 9 40 40 180
1 2 6 6 9 40 45 120
1 2 6 6 9 40 60 72
1 2 6 6 9 42 42 126
1 2 6 6 9 42 45 105
1 2 6 6 9 42 56 72
1 2 6 6 9 42 63 63
1 2 6 6 9 44 44 99
1 2 6 6 9 45 45 90
1 2 6 6 9 45 48 80
1 2 6 6 9 45 50 75
1 2 6 6 9 45 55 66
1 2 6 6 9 45 60 60
1 2 6 6 9 48 48 72
1 2 6 6 9 54 54 54
1 2 6 6 10 18 165 198
1 2 6 6 10 18 171 190
1 2 6 6 10 18 180 180
1 2 6 6 10 19 114 190
1 2 6 6 10 20 84 210
1 2 6 6 10 20 85 204
1 2 6 6 10 20 90 180
1 2 6 6 10 20 96 160
1 2 6 6 10 20 100 150
1 2 6 6 10 20 105 140
1 2 6 6 10 20 108 135
1 2 6 6 10 20 110 132
1 2 6 6 10 20 120 120
1 2 6 6 10 21 70 210
1 2 6 6 10 21 75 175
1 2 6 6 10 21 77 165
1 2 6 6 10 21 84 140
1 2 6 6 10 21 90 126
1 2 6 6 10 21 105 105
1 2 6 6 10 22 60 220
1 2 6 6 10 22 66 165
1 2 6 6 10 22 90 99
1 2 6 6 10 23 69 115
1 2 6 6 10 24 50 200
1 2 6 6 10 24 56 140
1 2 6 6 10 24 60 120
1 2 6 6 10 24 65 104
1 2 6 6 10 24 72 90
1 2 6 6 10 24 80 80
1 2 6 6 10 25 50 150
1 2 6 6 10 25 60 100
1 2 6 6 10 25 75 75
1 2 6 6 10 26 65 78
1 2 6 6 10 27 40 216
1 2 6 6 10 27 45 135
1 2 6 6 10 27 54 90
1 2 6 6 10 28 40 168
1 2 6 6 10 28 42 140
1 2 6 6 10 28 60 70
1 2 6 6 10 30 35 210
1 2 6 6 10 30 36 180
1 2 6 6 10 30 39 130
1 2 6 6 10 30 40 120
1 2 6 6 10 30 42 105
1 2 6 6 10 30 45 90
1 2 6 6 10 30 48 80
1 2 6 6 10 30 50 75
1 2 6 6 10 30 55 66
1 2 6 6 10 30 60 60
1 2 6 6 10 32 40 96
1 2 6 6 10 33 33 165
1 2 6 6 10 33 40 88
1 2 6 6 10 33 55 55
1 2 6 6 10 35 35 105
1 2 6 6 10 35 42 70
1 2 6 6 10 35 45 63
1 2 6 6 10 36 36 90
1 2 6 6 10 36 40 72
1 2 6 6 10 36 45 60
1 2 6 6 10 39 39 65
1 2 6 6 10 40 40 60
1 2 6 6 10 40 42 56
1 2 6 6 10 40 48 48
1 2 6 6 10 45 45 45
1 2 6 6 11 15 220 220
1 2 6 6 11 16 132 176
1 2 6 6 11 18 66 198
1 2 6 6 11 18 90 110
1 2 6 6 11 18 99 99
1 2 6 6 11 20 55 132
1 2 6 6 11 20 60 110
1 2 6 6 11 21 66 77
1 2 6 6 11 22 42 154
1 2 6 6 11 22 44 132
1 2 6 6 11 22 66 66
1 2 6 6 11 24 40 110
1 2 6 6 11 24 44 88
1 2 6 6 11 26 33 143
1 2 6 6 11 30 30 110
1 2 6 6 11 33 33 66
1 2 6 6 11 33 44 44
1 2 6 6 12 14 140 210
1 2 6 6 12 14 147 196
1 2 6 6 12 14 156 182
1 2 6 6 12 14 168 168
1 2 6 6 12 15 84 210
1 2 6 6 12 15 85 204
1 2 6 6 12 15 90 180
1 2 6 6 12 15 96 160
1 2 6 6 12 15 100 150
1 2 6 6 12 15 105 140
1 2 6 6 12 15 108 135
1 2 6 6 12 15 110 132
1 2 6 6 12 15 120 120
1 2 6 6 12 16 64 192
1 2 6 6 12 16 66 176
1 2 6 6 12 16 72 144
1 2 6 6 12 16 80 120
1 2 6 6 12 16 84 112
1 2 6 6 12 16 96 96
1 2 6 6 12 17 51 204
1 2 6 6 12 17 68 102
1 2 6 6 12 18 44 198
1 2 6 6 12 18 45 180
1 2 6 6 12 18 48 144
1 2 6 6 12 18 52 117
1 2 6 6 12 18 54 108
1 2 6 6 12 18 60 90
1 2 6 6 12 18 63 84
1 2 6 6 12 18 72 72
1 2 6 6 12 19 57 76
1 2 6 6 12 20 35 210
1 2 6 6 12 20 36 180
1 2 6 6 12 20 39 130
1 2 6 6 12 20 40 120
1 2 6 6 12 20 42 105
1 2 6 6 12 20 45 90
1 2 6 6 12 20 48 80
1 2 6 6 12 20 50 75
1 2 6 6 12 20 55 66
1 2 6 6 12 20 60 60
1 2 6 6 12 21 32 224
1 2 6 6 12 21 35 140
1 2 6 6 12 21 36 126
1 2 6 6 12 21 42 84
1 2 6 6 12 21 44 77
1 2 6 6 12 21 56 56
1 2 6 6 12 22 30 220
1 2 6 6 12 22 33 132
1 2 6 6 12 22 36 99
1 2 6 6 12 22 44 66
1 2 6 6 12 24 27 216
1 2 6 6 12 24 28 168
1 2 6 6 12 24 30 120
1 2 6 6 12 24 32 96
1 2 6 6 12 24 33 88
1 2 6 6 12 24 36 72
1 2 6 6 12 24 40 60
1 2 6 6 12 24 42 56
1 2 6 6 12 24 48 48
1 2 6 6 12 25 30 100
1 2 6 6 12 26 26 156
1 2 6 6 12 26 39 52
1 2 6 6 12 27 27 108
1 2 6 6 12 27 36 54
1 2 6 6 12 28 28 84
1 2 6 6 12 28 30 70
1 2 6 6 12 28 42 42
1 2 6 6 12 30 30 60
1 2 6 6 12 30 36 45
1 2 6 6 12 30 40 40
1 2 6 6 12 32 32 48
1 2 6 6 12 33 33 44
1 2 6 6 12 36 36 36
1 2 6 6 13 13 130 195
1 2 6 6 13 13 156 156
1 2 6 6 13 14 78 182
1 2 6 6 13 14 84 156
1 2 6 6 13 15 60 156
1 2 6 6 13 15 65 130
1 2 6 6 13 16 48 156
1 2 6 6 13 18 36 156
1 2 6 6 13 18 39 117
1 2 6 6 13 20 30 156
1 2 6 6 13 21 28 156
1 2 6 6 13 24 24 156
1 2 6 6 13 24 26 104
1 2 6 6 13 26 26 78
1 2 6 6 13 26 39 39
1 2 6 6 14 14 54 189
1 2 6 6 14 14 56 168
1 2 6 6 14 14 60 140
1 2 6 6 14 14 63 126
1 2 6 6 14 14 70 105
1 2 6 6 14 14 78 91
1 2 6 6 14 14 84 84
1 2 6 6 14 15 42 210
1 2 6 6 14 15 60 84
1 2 6 6 14 15 70 70
1 2 6 6 14 16 42 112
1 2 6 6 14 16 48 84
1 2 6 6 14 18 35 90
1 2 6 6 14 18 36 84
1 2 6 6 14 18 42 63
1 2 6 6 14 20 28 105
1 2 6 6 14 20 30 84
1 2 6 6 14 20 35 60
1 2 6 6 14 21 24 168
1 2 6 6 14 21 28 84
1 2 6 6 14 21 30 70
1 2 6 6 14 21 42 42
1 2 6 6 14 24 24 84
1 2 6 6 14 24 28 56
1 2 6 6 14 24 35 40
1 2 6 6 14 28 28 42
1 2 6 6 14 30 30 35
1 2 6 6 15 15 35 210
1 2 6 6 15 15 36 180
1 2 6 6 15 15 39 130
1 2 6 6 15 15 40 120
1 2 6 6 15 15 42 105
1 2 6 6 15 15 45 90
1 2 6 6 15 15 48 80
1 2 6 6 15 15 50 75
1 2 6 6 15 15 55 66
1 2 6 6 15 15 60 60
1 2 6 6 15 16 32 160
1 2 6 6 15 16 35 112
1 2 6 6 15 16 40 80
1 2 6 6 15 16 48 60
1 2 6 6 15 17 34 85
1 2 6 6 15 18 27 135
1 2 6 6 15 18 30 90
1 2 6 6 15 18 35 63
1 2 6 6 15 18 36 60
1 2 6 6 15 18 45 45
1 2 6 6 15 20 22 220
1 2 6 6 15 20 24 120
1 2 6 6 15 20 25 100
1 2 6 6 15 20 28 70
1 2 6 6 15 20 30 60
1 2 6 6 15 20 36 45
1 2 6 6 15 20 40 40
1 2 6 6 15 21 21 210
1 2 6 6 15 21 28 60
1 2 6 6 15 21 35 42
1 2 6 6 15 22 22 110
1 2 6 6 15 24 24 60
1 2 6 6 15 24 30 40
1 2 6 6 15 25 25 50
1 2 6 6 15 28 28 35
1 2 6 6 15 30 30 30
1 2 6 6 16 16 27 216
1 2 6 6 16 16 28 168
1 2 6 6 16 16 30 120
1 2 6 6 16 16 32 96
1 2 6 6 16 16 33 88
1 2 6 6 16 16 36 72
1 2 6 6 16 16 40 60
1 2 6 6 16 16 42 56
1 2 6 6 16 16 48 48
1 2 6 6 16 18 24 144
1 2 6 6 16 18 36 48
1 2 6 6 16 20 24 80
1 2 6 6 16 20 30 48
1 2 6 6 16 21 21 112
1 2 6 6 16 21 28 48
1 2 6 6 16 24 24 48
1 2 6 6 16 24 32 32
1 2 6 6 17 17 24 136
1 2 6 6 17 17 34 51
1 2 6 6 18 18 20 180
1 2 6 6 18 18 21 126
1 2 6 6 18 18 22 99
1 2 6 6 18 18 24 72
1 2 6 6 18 18 27 54
1 2 6 6 18 18 30 45
1 2 6 6 18 18 36 36
1 2 6 6 18 19 19 171
1 2 6 6 18 20 20 90
1 2 6 6 18 20 30 36
1 2 6 6 18 21 21 63
1 2 6 6 18 21 28 36
1 2 6 6 18 24 24 36
1 2 6 6 18 27 27 27
1 2 6 6 19 19 19 114
1 2 6 6 20 20 20 60
1 2 6 6 20 20 24 40
1 2 6 6 20 20 30 30
1 2 6 6 20 21 28 30
1 2 6 6 20 24 24 30
1 2 6 6 21 21 21 42
1 2 6 6 21 21 28 28
1 2 6 6 21 24 24 28
1 2 6 6 22 22 22 33
1 2 6 6 24 24 24 24
1 2 6 7 7 27 168 216
1 2 6 7 7 27 189 189
1 2 6 7 7 28 140 210
1 2 6 7 7 28 147 196
1 2 6 7 7 28 156 182
1 2 6 7 7 28 168 168
1 2 6 7 7 30 105 210
1 2 6 7 7 30 119 170
1 2 6 7 7 30 120 168
1 2 6 7 7 30 140 140
1 2 6 7 7 31 93 217
1 2 6 7 7 32 84 224
1 2 6 7 7 32 96 168
1 2 6 7 7 33 88 168
1 2 6 7 7 34 102 119
1 2 6 7 7 35 70 210
1 2 6 7 7 35 75 175
1 2 6 7 7 35 77 165
1 2 6 7 7 35 84 140
1 2 6 7 7 35 90 126
1 2 6 7 7 35 105 105
1 2 6 7 7 36 70 180
1 2 6 7 7 36 72 168
1 2 6 7 7 36 84 126
1 2 6 7 7 39 70 130
1 2 6 7 7 39 91 91
1 2 6 7 7 40 56 210
1 2 6 7 7 40 60 168
1 2 6 7 7 40 70 120
1 2 6 7 7 42 54 189
1 2 6 7 7 42 56 168
1 2 6 7 7 42 60 140
1 2 6 7 7 42 63 126
1 2 6 7 7 42 70 105
1 2 6 7 7 42 78 91
1 2 6 7 7 42 84 84
1 2 6 7 7 44 77 84
1 2 6 7 7 45 63 105
1 2 6 7 7 45 70 90
1 2 6 7 7 48 48 168
1 2 6 7 7 48 56 112
1 2 6 7 7 48 70 80
1 2 6 7 7 49 49 147
1 2 6 7 7 50 70 75
1 2 6 7 7 51 51 119
1 2 6 7 7 55 66 70
1 2 6 7 7 56 56 84
1 2 6 7 7 56 63 72
1 2 6 7 7 60 60 70
1 2 6 7 7 63 63 63
1 2 6 7 8 18 189 216
1 2 6 7 8 20 105 168
1 2 6 7 8 20 120 140
1 2 6 7 8 21 84 168
1 2 6 7 8 21 88 154
1 2 6 7 8 21 105 120
1 2 6 7 8 21 112 112
1 2 6 7 8 24 54 189
1 2 6 7 8 24 56 168
1 2 6 7 8 24 60 140
1 2 6 7 8 24 63 126
1 2 6 7 8 24 70 105
1 2 6 7 8 24 78 91
1 2 6 7 8 24 84 84
1 2 6 7 8 27 42 216
1 2 6 7 8 28 40 210
1 2 6 7 8 28 42 168
1 2 6 7 8 28 48 112
1 2 6 7 8 28 56 84
1 2 6 7 8 28 63 72
1 2 6 7 8 30 40 140
1 2 6 7 8 30 42 120
1 2 6 7 8 30 56 70
1 2 6 7 8 32 42 96
1 2 6 7 8 33 42 88
1 2 6 7 8 35 35 120
1 2 6 7 8 35 40 84
1 2 6 7 8 36 42 72
1 2 6 7 8 40 42 60
1 2 6 7 8 42 42 56
1 2 6 7 8 42 48 48
1 2 6 7 9 15 126 210
1 2 6 7 9 15 135 189
1 2 6 7 9 15 140 180
1 2 6 7 9 16 112 126
1 2 6 7 9 18 54 189
1 2 6 7 9 18 56 168
1 2 6 7 9 18 60 140
1 2 6 7 9 18 63 126
1 2 6 7 9 18 70 105
1 2 6 7 9 18 78 91
1 2 6 7 9 18 84 84
1 2 6 7 9 20 42 180
1 2 6 7 9 20 45 140
1 2 6 7 9 21 42 126
1 2 6 7 9 21 45 105
1 2 6 7 9 21 56 72
1 2 6 7 9 21 63 63
1 2 6 7 9 22 42 99
1 2 6 7 9 24 42 72
1 2 6 7 9 27 27 189
1 2 6 7 9 27 42 54
1 2 6 7 9 28 28 126
1 2 6 7 9 28 36 63
1 2 6 7 9 30 42 45
1 2 6 7 9 35 35 45
1 2 6 7 9 36 36 42
1 2 6 7 10 13 140 156
1 2 6 7 10 14 70 210
1 2 6 7 10 14 75 175
1 2 6 7 10 14 77 165
1 2 6 7 10 14 84 140
1 2 6 7 10 14 90 126
1 2 6 7 10 14 105 105
1 2 6 7 10 15 54 189
1 2 6 7 10 15 56 168
1 2 6 7 10 15 60 140
1 2 6 7 10 15 63 126
1 2 6 7 10 15 70 105
1 2 6 7 10 15 78 91
1 2 6 7 10 15 84 84
1 2 6 7 10 16 48 140
1 2 6 7 10 18 36 140
1 2 6 7 10 18 42 90
1 2 6 7 10 20 28 210
1 2 6 7 10 20 30 140
1 2 6 7 10 20 35 84
1 2 6 7 10 20 42 60
1 2 6 7 10 21 28 140
1 2 6 7 10 21 30 105
1 2 6 7 10 21 35 70
1 2 6 7 10 21 40 56
1 2 6 7 10 24 24 140
1 2 6 7 10 24 40 42
1 2 6 7 10 30 30 42
1 2 6 7 10 30 35 35
1 2 6 7 11 12 110 140
1 2 6 7 11 14 66 77
1 2 6 7 11 15 42 110
1 2 6 7 11 21 22 154
1 2 6 7 11 22 33 42
1 2 6 7 12 12 54 189
1 2 6 7 12 12 56 168
1 2 6 7 12 12 60 140
1 2 6 7 12 12 63 126
1 2 6 7 12 12 70 105
1 2 6 7 12 12 78 91
1 2 6 7 12 12 84 84
1 2 6 7 12 13 42 156
1 2 6 7 12 13 52 91
1 2 6 7 12 14 32 224
1 2 6 7 12 14 35 140
1 2 6 7 12 14 36 126
1 2 6 7 12 14 42 84
1 2 6 7 12 14 44 77
1 2 6 7 12 14 56 56
1 2 6 7 12 15 28 210
1 2 6 7 12 15 30 140
1 2 6 7 12 15 35 84
1 2 6 7 12 15 42 60
1 2 6 7 12 16 28 112
1 2 6 7 12 16 42 48
1 2 6 7 12 18 28 63
1 2 6 7 12 18 36 42
1 2 6 7 12 20 20 140
1 2 6 7 12 20 21 105
1 2 6 7 12 20 30 42
1 2 6 7 12 20 35 35
1 2 6 7 12 21 21 84
1 2 6 7 12 21 24 56
1 2 6 7 12 21 28 42
1 2 6 7 12 24 24 42
1 2 6 7 12 28 28 28
1 2 6 7 13 13 39 91
1 2 6 7 13 13 42 78
1 2 6 7 13 14 28 156
1 2 6 7 14 14 24 168
1 2 6 7 14 14 28 84
1 2 6 7 14 14 30 70
1 2 6 7 14 14 42 42
1 2 6 7 14 15 21 210
1 2 6 7 14 15 28 60
1 2 6 7 14 15 35 42
1 2 6 7 14 16 21 112
1 2 6 7 14 16 28 48
1 2 6 7 14 18 18 126
1 2 6 7 14 18 21 63
1 2 6 7 14 18 28 36
1 2 6 7 14 20 28 30
1 2 6 7 14 21 21 42
1 2 6 7 14 21 28 28
1 2 6 7 14 24 24 28
1 2 6 7 15 15 20 140
1 2 6 7 15 15 21 105
1 2 6 7 15 15 30 42
1 2 6 7 15 15 35 35
1 2 6 7 15 20 20 42
1 2 6 7 15 21 21 35
1 2 6 7 16 16 21 56
1 2 6 7 16 16 24 42
1 2 6 7 18 18 18 42
1 2 6 7 21 21 21 21
1 2 6 8 8 14 140 210
1 2 6 8 8 14 147 196
1 2 6 8 8 14 156 182
1 2 6 8 8 14 168 168
1 2 6 8 8 15 84 210
1 2 6 8 8 15 85 204
1 2 6 8 8 15 90 180
1 2 6 8 8 15 96 160
1 2 6 8 8 15 100 150
1 2 6 8 8 15 105 140
1 2 6 8 8 15 108 135
1 2 6 8 8 15 110 132
1 2 6 8 8 15 120 120
1 2 6 8 8 16 64 192
1 2 6 8 8 16 66 176
1 2 6 8 8 16 72 144
1 2 6 8 8 16 80 120
1 2 6 8 8 16 84 112
1 2 6 8 8 16 96 96
1 2 6 8 8 17 51 204
1 2 6 8 8 17 68 102
1 2 6 8 8 18 44 198
1 2 6 8 8 18 45 180
1 2 6 8 8 18 48 144
1 2 6 8 8 18 52 117
1 2 6 8 8 18 54 108
1 2 6 8 8 18 60 90
1 2 6 8 8 18 63 84
1 2 6 8 8 18 72 72
1 2 6 8 8 19 57 76
1 2 6 8 8 20 35 210
1 2 6 8 8 20 36 180
1 2 6 8 8 20 39 130
1 2 6 8 8 20 40 120
1 2 6 8 8 20 42 105
1 2 6 8 8 20 45 90
1 2 6 8 8 20 48 80
1 2 6 8 8 20 50 75
1 2 6 8 8 20 55 66
1 2 6 8 8 20 60 60
1 2 6 8 8 21 32 224
1 2 6 8 8 21 35 140
1 2 6 8 8 21 36 126
1 2 6 8 8 21 42 84
1 2 6 8 8 21 44 77
1 2 6 8 8 21 56 56
1 2 6 8 8 22 30 220
1 2 6 8 8 22 33 132
1 2 6 8 8 22 36 99
1 2 6 8 8 22 44 66
1 2 6 8 8 24 27 216
1 2 6 8 8 24 28 168
1 2 6 8 8 24 30 120
1 2 6 8 8 24 32 96
1 2 6 8 8 24 33 88
1 2 6 8 8 24 36 72
1 2 6 8 8 24 40 60
1 2 6 8 8 24 42 56
1 2 6 8 8 24 48 48
1 2 6 8 8 25 30 100
1 2 6 8 8 26 26 156
1 2 6 8 8 26 39 52
1 2 6 8 8 27 27 108
1 2 6 8 8 27 36 54
1 2 6 8 8 28 28 84
1 2 6 8 8 28 30 70
1 2 6 8 8 28 42 42
1 2 6 8 8 30 30 60
1 2 6 8 8 30 36 45
1 2 6 8 8 30 40 40
1 2 6 8 8 32 32 48
1 2 6 8 8 33 33 44
1 2 6 8 8 36 36 36
1 2 6 8 9 12 108 216
1 2 6 8 9 12 120 180
1 2 6 8 9 12 126 168
1 2 6 8 9 12 136 153
1 2 6 8 9 12 144 144
1 2 6 8 9 13 72 156
1 2 6 8 9 14 56 126
1 2 6 8 9 14 72 84
1 2 6 8 9 15 40 180
1 2 6 8 9 15 45 120
1 2 6 8 9 15 60 72
1 2 6 8 9 16 36 144
1 2 6 8 9 16 45 80
1 2 6 8 9 16 48 72
1 2 6 8 9 18 27 216
1 2 6 8 9 18 28 168
1 2 6 8 9 18 30 120
1 2 6 8 9 18 32 96
1 2 6 8 9 18 33 88
1 2 6 8 9 18 36 72
1 2 6 8 9 18 40 60
1 2 6 8 9 18 42 56
1 2 6 8 9 18 48 48
1 2 6 8 9 20 24 180
1 2 6 8 9 20 30 72
1 2 6 8 9 20 40 45
1 2 6 8 9 21 24 126
1 2 6 8 9 21 28 72
1 2 6 8 9 22 24 99
1 2 6 8 9 24 24 72
1 2 6 8 9 24 27 54
1 2 6 8 9 24 30 45
1 2 6 8 9 24 36 36
1 2 6 8 10 11 88 165
1 2 6 8 10 11 110 120
1 2 6 8 10 12 50 200
1 2 6 8 10 12 56 140
1 2 6 8 10 12 60 120
1 2 6 8 10 12 65 104
1 2 6 8 10 12 72 90
1 2 6 8 10 12 80 80
1 2 6 8 10 13 40 156
1 2 6 8 10 14 35 120
1 2 6 8 10 14 40 84
1 2 6 8 10 15 27 216
1 2 6 8 10 15 28 168
1 2 6 8 10 15 30 120
1 2 6 8 10 15 32 96
1 2 6 8 10 15 33 88
1 2 6 8 10 15 36 72
1 2 6 8 10 15 40 60
1 2 6 8 10 15 42 56
1 2 6 8 10 15 48 48
1 2 6 8 10 16 30 80
1 2 6 8 10 16 40 48
1 2 6 8 10 18 24 90
1 2 6 8 10 18 36 40
1 2 6 8 10 20 20 120
1 2 6 8 10 20 24 60
1 2 6 8 10 20 30 40
1 2 6 8 10 21 28 40
1 2 6 8 10 24 24 40
1 2 6 8 10 24 30 30
1 2 6 8 11 11 48 176
1 2 6 8 11 11 55 120
1 2 6 8 11 11 66 88
1 2 6 8 11 12 40 110
1 2 6 8 11 12 44 88
1 2 6 8 11 15 24 110
1 2 6 8 11 22 24 33
1 2 6 8 12 12 27 216
1 2 6 8 12 12 28 168
1 2 6 8 12 12 30 120
1 2 6 8 12 12 32 96
1 2 6 8 12 12 33 88
1 2 6 8 12 12 36 72
1 2 6 8 12 12 40 60
1 2 6 8 12 12 42 56
1 2 6 8 12 12 48 48
1 2 6 8 12 13 24 156
1 2 6 8 12 13 26 104
1 2 6 8 12 14 21 168
1 2 6 8 12 14 24 84
1 2 6 8 12 14 28 56
1 2 6 8 12 14 35 40
1 2 6 8 12 15 20 120
1 2 6 8 12 15 24 60
1 2 6 8 12 15 30 40
1 2 6 8 12 16 18 144
1 2 6 8 12 16 20 80
1 2 6 8 12 16 24 48
1 2 6 8 12 16 32 32
1 2 6 8 12 17 17 136
1 2 6 8 12 18 18 72
1 2 6 8 12 18 24 36
1 2 6 8 12 20 20 40
1 2 6 8 12 20 24 30
1 2 6 8 12 21 24 28
1 2 6 8 12 24 24 24
1 2 6 8 13 13 24 78
1 2 6 8 13 16 16 156
1 2 6 8 14 14 21 56
1 2 6 8 14 14 24 42
1 2 6 8 14 15 24 35
1 2 6 8 14 16 16 84
1 2 6 8 14 21 21 24
1 2 6 8 15 15 15 120
1 2 6 8 15 15 16 80
1 2 6 8 15 15 20 40
1 2 6 8 15 15 24 30
1 2 6 8 15 16 16 60
1 2 6 8 15 20 20 24
1 2 6 8 16 16 16 48
1 2 6 8 16 16 18 36
1 2 6 8 16 16 20 30
1 2 6 8 16 16 21 28
1 2 6 8 16 16 24 24
1 2 6 8 18 18 18 24
1 2 6 9 9 10 165 198
1 2 6 9 9 10 171 190
1 2 6 9 9 10 180 180
1 2 6 9 9 11 66 198
1 2 6 9 9 11 90 110
1 2 6 9 9 11 99 99
1 2 6 9 9 12 44 198
1 2 6 9 9 12 45 180
1 2 6 9 9 12 48 144
1 2 6 9 9 12 52 117
1 2 6 9 9 12 54 108
1 2 6 9 9 12 60 90
1 2 6 9 9 12 63 84
1 2 6 9 9 12 72 72
1 2 6 9 9 13 36 156
1 2 6 9 9 13 39 117
1 2 6 9 9 14 35 90
1 2 6 9 9 14 36 84
1 2 6 9 9 14 42 63
1 2 6 9 9 15 27 135
1 2 6 9 9 15 30 90
1 2 6 9 9 15 35 63
1 2 6 9 9 15 36 60
1 2 6 9 9 15 45 45
1 2 6 9 9 16 24 144
1 2 6 9 9 16 36 48
1 2 6 9 9 18 20 180
1 2 6 9 9 18 21 126
1 2 6 9 9 18 22 99
1 2 6 9 9 18 24 72
1 2 6 9 9 18 27 54
1 2 6 9 9 18 30 45
1 2 6 9 9 18 36 36
1 2 6 9 9 19 19 171
1 2 6 9 9 20 20 90
1 2 6 9 9 20 30 36
1 2 6 9 9 21 21 63
1 2 6 9 9 21 28 36
1 2 6 9 9 24 24 36
1 2 6 9 9 27 27 27
1 2 6 9 10 10 60 180
1 2 6 9 10 10 70 126
1 2 6 9 10 10 72 120
1 2 6 9 10 10 90 90
1 2 6 9 10 11 45 110
1 2 6 9 10 12 30 180
1 2 6 9 10 12 36 90
1 2 6 9 10 12 40 72
1 2 6 9 10 12 45 60
1 2 6 9 10 14 35 45
1 2 6 9 10 15 20 180
1 2 6 9 10 15 21 126
1 2 6 9 10 15 22 99
1 2 6 9 10 15 24 72
1 2 6 9 10 15 27 54
1 2 6 9 10 15 30 45
1 2 6 9 10 15 36 36
1 2 6 9 10 18 18 90
1 2 6 9 10 18 20 60
1 2 6 9 10 18 24 40
1 2 6 9 10 18 30 30
1 2 6 9 10 20 20 45
1 2 6 9 11 11 33 99
1 2 6 9 11 11 45 55
1 2 6 9 11 15 18 110
1 2 6 9 11 18 22 33
1 2 6 9 12 12 20 180
1 2 6 9 12 12 21 126
1 2 6 9 12 12 22 99
1 2 6 9 12 12 24 72
1 2 6 9 12 12 27 54
1 2 6 9 12 12 30 45
1 2 6 9 12 12 36 36
1 2 6 9 12 13 18 156
1 2 6 9 12 14 18 84
1 2 6 9 12 15 15 180
1 2 6 9 12 15 18 60
1 2 6 9 12 15 20 45
1 2 6 9 12 16 16 72
1 2 6 9 12 16 18 48
1 2 6 9 12 18 18 36
1 2 6 9 12 18 20 30
1 2 6 9 12 18 21 28
1 2 6 9 12 18 24 24
1 2 6 9 13 13 18 78
1 2 6 9 14 14 14 126
1 2 6 9 14 14 18 42
1 2 6 9 14 15 18 35
1 2 6 9 14 18 21 21
1 2 6 9 15 15 15 45
1 2 6 9 15 15 18 30
1 2 6 9 15 18 20 20
1 2 6 9 16 16 18 24
1 2 6 9 18 18 18 18
1 2 6 10 10 10 35 210
1 2 6 10 10 10 36 180
1 2 6 10 10 10 39 130
1 2 6 10 10 10 40 120
1 2 6 10 10 10 42 105
1 2 6 10 10 10 45 90
1 2 6 10 10 10 48 80
1 2 6 10 10 10 50 75
1 2 6 10 10 10 55 66
1 2 6 10 10 10 60 60
1 2 6 10 10 11 30 110
1 2 6 10 10 12 22 220
1 2 6 10 10 12 24 120
1 2 6 10 10 12 25 100
1 2 6 10 10 12 28 70
1 2 6 10 10 12 30 60
1 2 6 10 10 12 36 45
1 2 6 10 10 12 40 40
1 2 6 10 10 13 20 156
1 2 6 10 10 14 20 84
1 2 6 10 10 14 21 70
1 2 6 10 10 14 30 35
1 2 6 10 10 15 18 90
1 2 6 10 10 15 20 60
1 2 6 10 10 15 24 40
1 2 6 10 10 15 30 30
1 2 6 10 10 16 16 120
1 2 6 10 10 16 20 48
1 2 6 10 10 18 18 45
1 2 6 10 10 18 20 36
1 2 6 10 10 20 20 30
1 2 6 10 10 20 21 28
1 2 6 10 10 20 24 24
1 2 6 10 11 11 22 165
1 2 6 10 11 11 30 55
1 2 6 10 11 12 20 110
1 2 6 10 11 15 15 110
1 2 6 10 11 15 22 33
1 2 6 10 12 12 18 90
1 2 6 10 12 12 20 60
1 2 6 10 12 12 24 40
1 2 6 10 12 12 30 30
1 2 6 10 12 13 15 156
1 2 6 10 12 14 14 140
1 2 6 10 12 14 15 84
1 2 6 10 12 14 20 35
1 2 6 10 12 15 15 60
1 2 6 10 12 15 16 48
1 2 6 10 12 15 18 36
1 2 6 10 12 15 20 30
1 2 6 10 12 15 21 28
1 2 6 10 12 15 24 24
1 2 6 10 12 16 16 40
1 2 6 10 12 20 20 20
1 2 6 10 13 13 15 78
1 2 6 10 14 14 15 42
1 2 6 10 14 15 15 35
1 2 6 10 14 15 21 21
1 2 6 10 15 15 15 30
1 2 6 10 15 15 20 20
1 2 6 10 15 16 16 24
1 2 6 10 15 18 18 18
1 2 6 11 11 11 18 198
1 2 6 11 11 11 21 77
1 2 6 11 11 11 22 66
1 2 6 11 11 11 33 33
1 2 6 11 11 12 16 176
1 2 6 11 11 12 20 55
1 2 6 11 11 12 22 44
1 2 6 11 11 15 15 55
1 2 6 11 12 12 15 110
1 2 6 11 12 12 22 33
1 2 6 12 12 12 13 156
1 2 6 12 12 12 14 84
1 2 6 12 12 12 15 60
1 2 6 12 12 12 16 48
1 2 6 12 12 12 18 36
1 2 6 12 12 12 20 30
1 2 6 12 12 12 21 28
1 2 6 12 12 12 24 24
1 2 6 12 12 13 13 78
1 2 6 12 12 14 14 42
1 2 6 12 12 14 15 35
1 2 6 12 12 14 21 21
1 2 6 12 12 15 15 30
1 2 6 12 12 15 20 20
1 2 6 12 12 16 16 24
1 2 6 12 12 18 18 18
1 2 6 12 13 13 13 52
1 2 6 12 14 14 14 28
1 2 6 12 15 15 15 20
1 2 6 12 16 16 16 16
1 2 6 13 13 13 13 39
1 2 6 14 14 14 14 21
1 2 6 15 15 15 15 15
1 2 7 7 7 16 224 224
1 2 7 7 7 18 90 210
1 2 7 7 7 18 112 144
1 2 7 7 7 18 126 126
1 2 7 7 7 20 60 210
1 2 7 7 7 20 63 180
1 2 7 7 7 20 70 140
1 2 7 7 7 20 80 112
1 2 7 7 7 20 84 105
1 2 7 7 7 21 54 189
1 2 7 7 7 21 56 168
1 2 7 7 7 21 60 140
1 2 7 7 7 21 63 126
1 2 7 7 7 21 70 105
1 2 7 7 7 21 78 91
1 2 7 7 7 21 84 84
1 2 7 7 7 22 63 99
1 2 7 7 7 22 77 77
1 2 7 7 7 23 46 161
1 2 7 7 7 24 40 210
1 2 7 7 7 24 42 168
1 2 7 7 7 24 48 112
1 2 7 7 7 24 56 84
1 2 7 7 7 24 63 72
1 2 7 7 7 27 54 63
1 2 7 7 7 28 32 224
1 2 7 7 7 28 35 140
1 2 7 7 7 28 36 126
1 2 7 7 7 28 42 84
1 2 7 7 7 28 44 77
1 2 7 7 7 28 56 56
1 2 7 7 7 30 30 210
1 2 7 7 7 30 35 105
1 2 7 7 7 30 42 70
1 2 7 7 7 30 45 63
1 2 7 7 7 32 32 112
1 2 7 7 7 35 35 70
1 2 7 7 7 35 40 56
1 2 7 7 7 36 36 63
1 2 7 7 7 42 42 42
1 2 7 7 8 13 156 168
1 2 7 7 8 14 84 168
1 2 7 7 8 14 88 154
1 2 7 7 8 14 105 120
1 2 7 7 8 14 112 112
1 2 7 7 8 15 56 210
1 2 7 7 8 15 60 168
1 2 7 7 8 15 70 120
1 2 7 7 8 16 48 168
1 2 7 7 8 16 56 112
1 2 7 7 8 16 70 80
1 2 7 7 8 18 36 168
1 2 7 7 8 18 56 63
1 2 7 7 8 20 30 168
1 2 7 7 8 20 40 70
1 2 7 7 8 21 27 216
1 2 7 7 8 21 28 168
1 2 7 7 8 21 30 120
1 2 7 7 8 21 32 96
1 2 7 7 8 21 33 88
1 2 7 7 8 21 36 72
1 2 7 7 8 21 40 60
1 2 7 7 8 21 42 56
1 2 7 7 8 21 48 48
1 2 7 7 8 24 24 168
1 2 7 7 8 24 28 84
1 2 7 7 8 24 30 70
1 2 7 7 8 24 42 42
1 2 7 7 8 28 28 56
1 2 7 7 8 28 35 40
1 2 7 7 9 12 70 180
1 2 7 7 9 12 72 168
1 2 7 7 9 12 84 126
1 2 7 7 9 14 42 126
1 2 7 7 9 14 45 105
1 2 7 7 9 14 56 72
1 2 7 7 9 14 63 63
1 2 7 7 9 15 35 126
1 2 7 7 9 15 45 70
1 2 7 7 9 18 24 168
1 2 7 7 9 18 28 84
1 2 7 7 9 18 30 70
1 2 7 7 9 18 42 42
1 2 7 7 9 20 21 180
1 2 7 7 9 21 21 126
1 2 7 7 9 21 22 99
1 2 7 7 9 21 24 72
1 2 7 7 9 21 27 54
1 2 7 7 9 21 30 45
1 2 7 7 9 21 36 36
1 2 7 7 10 10 105 210
1 2 7 7 10 10 119 170
1 2 7 7 10 10 120 168
1 2 7 7 10 10 140 140
1 2 7 7 10 11 70 110
1 2 7 7 10 12 40 168
1 2 7 7 10 12 42 140
1 2 7 7 10 12 60 70
1 2 7 7 10 14 28 140
1 2 7 7 10 14 30 105
1 2 7 7 10 14 35 70
1 2 7 7 10 14 40 56
1 2 7 7 10 15 24 168
1 2 7 7 10 15 28 84
1 2 7 7 10 15 30 70
1 2 7 7 10 15 42 42
1 2 7 7 10 18 21 90
1 2 7 7 10 20 20 70
1 2 7 7 10 20 21 60
1 2 7 7 10 20 28 35
1 2 7 7 10 21 24 40
1 2 7 7 10 21 30 30
1 2 7 7 11 11 55 70
1 2 7 7 11 14 22 154
1 2 7 7 11 15 21 110
1 2 7 7 11 21 22 33
1 2 7 7 12 12 24 168
1 2 7 7 12 12 28 84
1 2 7 7 12 12 30 70
1 2 7 7 12 12 42 42
1 2 7 7 12 13 21 156
1 2 7 7 12 14 20 105
1 2 7 7 12 14 21 84
1 2 7 7 12 14 24 56
1 2 7 7 12 14 28 42
1 2 7 7 12 15 20 70
1 2 7 7 12 15 21 60
1 2 7 7 12 15 28 35
1 2 7 7 12 16 16 168
1 2 7 7 12 16 21 48
1 2 7 7 12 18 21 36
1 2 7 7 12 20 21 30
1 2 7 7 12 21 21 28
1 2 7 7 12 21 24 24
1 2 7 7 13 13 21 78
1 2 7 7 14 14 15 210
1 2 7 7 14 14 16 112
1 2 7 7 14 14 18 63
1 2 7 7 14 14 21 42
1 2 7 7 14 14 28 28
1 2 7 7 14 15 15 105
1 2 7 7 14 15 21 35
1 2 7 7 14 16 16 56
1 2 7 7 14 21 21 21
1 2 7 7 15 15 15 70
1 2 7 7 15 15 21 30
1 2 7 7 15 20 20 21
1 2 7 7 16 16 21 24
1 2 7 7 18 18 18 21
1 2 7 8 8 11 110 140
1 2 7 8 8 12 54 189
1 2 7 8 8 12 56 168
1 2 7 8 8 12 60 140
1 2 7 8 8 12 63 126
1 2 7 8 8 12 70 105
1 2 7 8 8 12 78 91
1 2 7 8 8 12 84 84
1 2 7 8 8 13 42 156
1 2 7 8 8 13 52 91
1 2 7 8 8 14 32 224
1 2 7 8 8 14 35 140
1 2 7 8 8 14 36 126
1 2 7 8 8 14 42 84
1 2 7 8 8 14 44 77
1 2 7 8 8 14 56 56
1 2 7 8 8 15 28 210
1 2 7 8 8 15 30 140
1 2 7 8 8 15 35 84
1 2 7 8 8 15 42 60
1 2 7 8 8 16 28 112
1 2 7 8 8 16 42 48
1 2 7 8 8 18 28 63
1 2 7 8 8 18 36 42
1 2 7 8 8 20 20 140
1 2 7 8 8 20 21 105
1 2 7 8 8 20 30 42
1 2 7 8 8 20 35 35
1 2 7 8 8 21 21 84
1 2 7 8 8 21 24 56
1 2 7 8 8 21 28 42
1 2 7 8 8 24 24 42
1 2 7 8 8 28 28 28
1 2 7 8 9 9 189 216
1 2 7 8 9 10 72 140
1 2 7 8 9 12 42 72
1 2 7 8 9 14 24 126
1 2 7 8 9 14 28 72
1 2 7 8 9 18 21 56
1 2 7 8 9 18 24 42
1 2 7 8 10 10 40 140
1 2 7 8 10 10 42 120
1 2 7 8 10 10 56 70
1 2 7 8 10 12 24 140
1 2 7 8 10 12 40 42
1 2 7 8 10 14 28 40
1 2 7 8 10 15 21 56
1 2 7 8 10 15 24 42
1 2 7 8 10 16 16 140
1 2 7 8 12 12 21 56
1 2 7 8 12 12 24 42
1 2 7 8 12 14 14 168
1 2 7 8 12 14 24 28
1 2 7 8 12 16 16 42
1 2 7 8 14 14 14 56
1 2 7 8 14 14 21 24
1 2 7 8 14 16 16 28
1 2 7 9 9 9 54 189
1 2 7 9 9 9 56 168
1 2 7 9 9 9 60 140
1 2 7 9 9 9 63 126
1 2 7 9 9 9 70 105
1 2 7 9 9 9 78 91
1 2 7 9 9 9 84 84
1 2 7 9 9 10 36 140
1 2 7 9 9 10 42 90
1 2 7 9 9 12 28 63
1 2 7 9 9 12 36 42
1 2 7 9 9 14 18 126
1 2 7 9 9 14 21 63
1 2 7 9 9 14 28 36
1 2 7 9 9 18 18 42
1 2 7 9 10 10 42 45
1 2 7 9 10 12 18 140
1 2 7 9 10 14 15 126
1 2 7 9 10 15 18 42
1 2 7 9 12 12 14 126
1 2 7 9 12 12 18 42
1 2 7 9 12 14 18 28
1 2 7 9 14 14 18 21
1 2 7 10 10 10 20 140
1 2 7 10 10 10 21 105
1 2 7 10 10 10 30 42
1 2 7 10 10 10 35 35
1 2 7 10 10 12 15 140
1 2 7 10 10 12 20 42
1 2 7 10 10 14 14 70
1 2 7 10 10 14 20 28
1 2 7 10 10 15 15 42
1 2 7 10 12 12 12 140
1 2 7 10 12 12 15 42
1 2 7 10 12 14 15 28
1 2 7 10 14 14 15 21
1 2 7 11 11 11 14 77
1 2 7 12 12 12 12 42
1 2 7 12 12 12 14 28
1 2 7 12 12 14 14 21
1 2 7 14 14 14 14 14
1 2 8 8 8 9 108 216
1 2 8 8 8 9 120 180
1 2 8 8 8 9 126 168
1 2 8 8 8 9 136 153
1 2 8 8 8 9 144 144
1 2 8 8 8 10 50 200
1 2 8 8 8 10 56 140
1 2 8 8 8 10 60 120
1 2 8 8 8 10 65 104
1 2 8 8 8 10 72 90
1 2 8 8 8 10 80 80
1 2 8 8 8 11 40 110
1 2 8 8 8 11 44 88
1 2 8 8 8 12 27 216
1 2 8 8 8 12 28 168
1 2 8 8 8 12 30 120
1 2 8 8 8 12 32 96
1 2 8 8 8 12 33 88
1 2 8 8 8 12 36 72
1 2 8 8 8 12 40 60
1 2 8 8 8 12 42 56
1 2 8 8 8 12 48 48
1 2 8 8 8 13 24 156
1 2 8 8 8 13 26 104
1 2 8 8 8 14 21 168
1 2 8 8 8 14 24 84
1 2 8 8 8 14 28 56
1 2 8 8 8 14 35 40
1 2 8 8 8 15 20 120
1 2 8 8 8 15 24 60
1 2 8 8 8 15 30 40
1 2 8 8 8 16 18 144
1 2 8 8 8 16 20 80
1 2 8 8 8 16 24 48
1 2 8 8 8 16 32 32
1 2 8 8 8 17 17 136
1 2 8 8 8 18 18 72
1 2 8 8 8 18 24 36
1 2 8 8 8 20 20 40
1 2 8 8 8 20 24 30
1 2 8 8 8 21 24 28
1 2 8 8 8 24 24 24
1 2 8 8 9 9 44 198
1 2 8 8 9 9 45 180
1 2 8 8 9 9 48 144
1 2 8 8 9 9 52 117
1 2 8 8 9 9 54 108
1 2 8 8 9 9 60 90
1 2 8 8 9 9 63 84
1 2 8 8 9 9 72 72
1 2 8 8 9 10 30 180
1 2 8 8 9 10 36 90
1 2 8 8 9 10 40 72
1 2 8 8 9 10 45 60
1 2 8 8 9 12 20 180
1 2 8 8 9 12 21 126
1 2 8 8 9 12 22 99
1 2 8 8 9 12 24 72
1 2 8 8 9 12 27 54
1 2 8 8 9 12 30 45
1 2 8 8 9 12 36 36
1 2 8 8 9 13 18 156
1 2 8 8 9 14 18 84
1 2 8 8 9 15 15 180
1 2 8 8 9 15 18 60
1 2 8 8 9 15 20 45
1 2 8 8 9 16 16 72
1 2 8 8 9 16 18 48
1 2 8 8 9 18 18 36
1 2 8 8 9 18 20 30
1 2 8 8 9 18 21 28
1 2 8 8 9 18 24 24
1 2 8 8 10 10 22 220
1 2 8 8 10 10 24 120
1 2 8 8 10 10 25 100
1 2 8 8 10 10 28 70
1 2 8 8 10 10 30 60
1 2 8 8 10 10 36 45
1 2 8 8 10 10 40 40
1 2 8 8 10 11 20 110
1 2 8 8 10 12 18 90
1 2 8 8 10 12 20 60
1 2 8 8 10 12 24 40
1 2 8 8 10 12 30 30
1 2 8 8 10 13 15 156
1 2 8 8 10 14 14 140
1 2 8 8 10 14 15 84
1 2 8 8 10 14 20 35
1 2 8 8 10 15 15 60
1 2 8 8 10 15 16 48
1 2 8 8 10 15 18 36
1 2 8 8 10 15 20 30
1 2 8 8 10 15 21 28
1 2 8 8 10 15 24 24
1 2 8 8 10 16 16 40
1 2 8 8 10 20 20 20
1 2 8 8 11 11 16 176
1 2 8 8 11 11 20 55
1 2 8 8 11 11 22 44
1 2 8 8 11 12 15 110
1 2 8 8 11 12 22 33
1 2 8 8 12 12 13 156
1 2 8 8 12 12 14 84
1 2 8 8 12 12 15 60
1 2 8 8 12 12 16 48
1 2 8 8 12 12 18 36
1 2 8 8 12 12 20 30
1 2 8 8 12 12 21 28
1 2 8 8 12 12 24 24
1 2 8 8 12 13 13 78
1 2 8 8 12 14 14 42
1 2 8 8 12 14 15 35
1 2 8 8 12 14 21 21
1 2 8 8 12 15 15 30
1 2 8 8 12 15 20 20
1 2 8 8 12 16 16 24
1 2 8 8 12 18 18 18
1 2 8 8 13 13 13 52
1 2 8 8 14 14 14 28
1 2 8 8 15 15 15 20
1 2 8 8 16 16 16 16
1 2 8 9 9 9 27 216
1 2 8 9 9 9 28 168
1 2 8 9 9 9 30 120
1 2 8 9 9 9 32 96
1 2 8 9 9 9 33 88
1 2 8 9 9 9 36 72
1 2 8 9 9 9 40 60
1 2 8 9 9 9 42 56
1 2 8 9 9 9 48 48
1 2 8 9 9 10 24 90
1 2 8 9 9 10 36 40
1 2 8 9 9 12 16 144
1 2 8 9 9 12 18 72
1 2 8 9 9 12 24 36
1 2 8 9 9 16 16 36
1 2 8 9 9 18 18 24
1 2 8 9 10 10 18 120
1 2 8 9 10 10 20 72
1 2 8 9 10 10 24 45
1 2 8 9 10 12 15 72
1 2 8 9 10 12 18 40
1 2 8 9 10 15 18 24
1 2 8 9 12 12 12 72
1 2 8 9 12 12 18 24
1 2 8 9 12 16 16 18
1 2 8 10 10 10 15 120
1 2 8 10 10 10 16 80
1 2 8 10 10 10 20 40
1 2 8 10 10 10 24 30
1 2 8 10 10 12 12 120
1 2 8 10 10 12 15 40
1 2 8 10 10 12 20 24
1 2 8 10 10 15 15 24
1 2 8 10 10 16 16 20
1 2 8 10 12 12 12 40
1 2 8 10 12 12 15 24
1 2 8 10 12 15 16 16
1 2 8 11 11 11 11 88
1 2 8 12 12 12 12 24
1 2 8 12 12 12 16 16
1 2 9 9 9 9 20 180
1 2 9 9 9 9 21 126
1 2 9 9 9 9 22 99
1 2 9 9 9 9 24 72
1 2 9 9 9 9 27 54
1 2 9 9 9 9 30 45
1 2 9 9 9 9 36 36
1 2 9 9 9 10 18 90
1 2 9 9 9 10 20 60
1 2 9 9 9 10 24 40
1 2 9 9 9 10 30 30
1 2 9 9 9 11 15 110
1 2 9 9 9 11 22 33
1 2 9 9 9 12 13 156
1 2 9 9 9 12 14 84
1 2 9 9 9 12 15 60
1 2 9 9 9 12 16 48
1 2 9 9 9 12 18 36
1 2 9 9 9 12 20 30
1 2 9 9 9 12 21 28
1 2 9 9 9 12 24 24
1 2 9 9 9 13 13 78
1 2 9 9 9 14 14 42
1 2 9 9 9 14 15 35
1 2 9 9 9 14 21 21
1 2 9 9 9 15 15 30
1 2 9 9 9 15 20 20
1 2 9 9 9 16 16 24
1 2 9 9 9 18 18 18
1 2 9 9 10 10 15 90
1 2 9 9 10 10 18 45
1 2 9 9 10 10 20 36
1 2 9 9 10 12 12 90
1 2 9 9 10 12 15 36
1 2 9 9 10 15 18 18
1 2 9 9 11 11 11 198
1 2 9 9 12 12 12 36
1 2 9 9 12 12 18 18
1 2 9 10 10 10 12 180
1 2 9 10 10 10 15 45
1 2 9 10 10 10 18 30
1 2 9 10 10 12 12 45
1 2 9 10 10 12 18 20
1 2 9 10 10 15 15 18
1 2 9 10 12 12 15 18
1 2 9 12 12 12 12 18
1 2 10 10 10 10 11 110
1 2 10 10 10 10 12 60
1 2 10 10 10 10 14 35
1 2 10 10 10 10 15 30
1 2 10 10 10 10 20 20
1 2 10 10 10 11 11 55
1 2 10 10 10 12 12 30
1 2 10 10 10 12 15 20
1 2 10 10 10 15 15 15
1 2 10 10 12 12 12 20
1 2 10 10 12 12 15 15
1 2 10 12 12 12 12 15
1 2 11 11 11 11 11 22
1 2 12 12 12 12 12 12
1 3 3 4 15 132 220 220
1 3 3 4 15 135 216 216
1 3 3 4 15 140 210 210
1 3 3 4 15 143 195 220
1 3 3 4 15 147 196 210
1 3 3 4 15 148 185 222
1 3 3 4 15 150 200 200
1 3 3 4 15 156 182 210
1 3 3 4 15 156 195 195
1 3 3 4 15 160 168 224
1 3 3 4 15 160 192 192
1 3 3 4 15 165 165 220
1 3 3 4 15 165 180 198
1 3 3 4 15 168 168 210
1 3 3 4 15 168 175 200
1 3 3 4 15 170 170 204
1 3 3 4 15 171 180 190
1 3 3 4 15 180 180 180
1 3 3 4 16 84 224 224
1 3 3 4 16 96 168 224
1 3 3 4 16 96 192 192
1 3 3 4 16 99 176 198
1 3 3 4 16 102 176 187
1 3 3 4 16 104 156 208
1 3 3 4 16 108 144 216
1 3 3 4 16 110 165 176
1 3 3 4 16 112 140 210
1 3 3 4 16 112 147 196
1 3 3 4 16 112 156 182
1 3 3 4 16 112 168 168
1 3 3 4 16 120 130 208
1 3 3 4 16 120 144 180
1 3 3 4 16 120 160 160
1 3 3 4 16 126 144 168
1 3 3 4 16 128 128 192
1 3 3 4 16 132 132 176
1 3 3 4 16 136 144 153
1 3 3 4 16 144 144 144
1 3 3 4 17 68 204 204
1 3 3 4 17 102 102 204
1 3 3 4 17 102 136 136
1 3 3 4 18 54 216 216
1 3 3 4 18 55 198 220
1 3 3 4 18 56 189 216
1 3 3 4 18 60 165 198
1 3 3 4 18 60 171 190
1 3 3 4 18 60 180 180
1 3 3 4 18 63 140 210
1 3 3 4 18 63 147 196
1 3 3 4 18 63 156 182
1 3 3 4 18 63 168 168
1 3 3 4 18 64 144 192
1 3 3 4 18 66 132 198
1 3 3 4 18 66 144 176
1 3 3 4 18 68 117 221
1 3 3 4 18 68 153 153
1 3 3 4 18 70 126 180
1 3 3 4 18 72 108 216
1 3 3 4 18 72 120 180
1 3 3 4 18 72 126 168
1 3 3 4 18 72 136 153
1 3 3 4 18 72 144 144
1 3 3 4 18 76 114 171
1 3 3 4 18 78 117 156
1 3 3 4 18 80 120 144
1 3 3 4 18 81 108 162
1 3 3 4 18 84 90 210
1 3 3 4 18 84 112 144
1 3 3 4 18 84 126 126
1 3 3 4 18 85 90 204
1 3 3 4 18 88 88 198
1 3 3 4 18 90 90 180
1 3 3 4 18 90 96 160
1 3 3 4 18 90 100 150
1 3 3 4 18 90 105 140
1 3 3 4 18 90 108 135
1 3 3 4 18 90 110 132
1 3 3 4 18 90 120 120
1 3 3 4 18 96 96 144
1 3 3 4 18 99 99 132
1 3 3 4 18 104 104 117
1 3 3 4 18 108 108 108
1 3 3 4 19 57 152 152
1 3 3 4 19 60 114 190
1 3 3 4 19 76 114 114
1 3 3 4 20 42 210 210
1 3 3 4 20 44 165 220
1 3 3 4 20 44 180 198
1 3 3 4 20 45 165 198
1 3 3 4 20 45 171 190
1 3 3 4 20 45 180 180
1 3 3 4 20 48 130 208
1 3 3 4 20 48 144 180
1 3 3 4 20 48 160 160
1 3 3 4 20 50 120 200
1 3 3 4 20 50 150 150
1 3 3 4 20 52 117 180
1 3 3 4 20 52 130 156
1 3 3 4 20 54 105 189
1 3 3 4 20 54 108 180
1 3 3 4 20 54 135 135
1 3 3 4 20 55 99 198
1 3 3 4 20 55 102 187
1 3 3 4 20 55 110 165
1 3 3 4 20 55 132 132
1 3 3 4 20 56 105 168
1 3 3 4 20 56 120 140
1 3 3 4 20 57 95 190
1 3 3 4 20 60 84 210
1 3 3 4 20 60 85 204
1 3 3 4 20 60 90 180
1 3 3 4 20 60 96 160
1 3 3 4 20 60 100 150
1 3 3 4 20 60 105 140
1 3 3 4 20 60 108 135
1 3 3 4 20 60 110 132
1 3 3 4 20 60 120 120
1 3 3 4 20 62 93 155
1 3 3 4 20 63 84 180
1 3 3 4 20 63 105 126
1 3 3 4 20 64 80 192
1 3 3 4 20 65 78 195
1 3 3 4 20 65 104 120
1 3 3 4 20 66 80 176
1 3 3 4 20 66 110 110
1 3 3 4 20 70 70 210
1 3 3 4 20 70 75 175
1 3 3 4 20 70 77 165
1 3 3 4 20 70 84 140
1 3 3 4 20 70 90 126
1 3 3 4 20 70 105 105
1 3 3 4 20 72 72 180
1 3 3 4 20 72 80 144
1 3 3 4 20 72 90 120
1 3 3 4 20 75 75 150
1 3 3 4 20 75 100 100
1 3 3 4 20 78 78 130
1 3 3 4 20 78 91 105
1 3 3 4 20 80 80 120
1 3 3 4 20 80 84 112
1 3 3 4 20 80 96 96
1 3 3 4 20 84 84 105
1 3 3 4 20 85 85 102
1 3 3 4 20 90 90 90
1 3 3 4 21 40 160 224
1 3 3 4 21 40 168 210
1 3 3 4 21 40 175 200
1 3 3 4 21 42 140 210
1 3 3 4 21 42 147 196
1 3 3 4 21 42 156 182
1 3 3 4 21 42 168 168
1 3 3 4 21 44 126 198
1 3 3 4 21 44 154 154
1 3 3 4 21 45 126 180
1 3 3 4 21 48 96 224
1 3 3 4 21 48 112 168
1 3 3 4 21 48 126 144
1 3 3 4 21 49 98 196
1 3 3 4 21 50 100 175
1 3 3 4 21 52 91 182
1 3 3 4 21 52 117 126
1 3 3 4 21 54 84 189
1 3 3 4 21 54 108 126
1 3 3 4 21 55 77 220
1 3 3 4 21 56 84 168
1 3 3 4 21 56 88 154
1 3 3 4 21 56 105 120
1 3 3 4 21 56 112 112
1 3 3 4 21 60 70 210
1 3 3 4 21 60 75 175
1 3 3 4 21 60 77 165
1 3 3 4 21 60 84 140
1 3 3 4 21 60 90 126
1 3 3 4 21 60 105 105
1 3 3 4 21 63 70 180
1 3 3 4 21 63 72 168
1 3 3 4 21 63 84 126
1 3 3 4 21 64 64 224
1 3 3 4 21 66 77 132
1 3 3 4 21 70 70 140
1 3 3 4 21 70 80 112
1 3 3 4 21 70 84 105
1 3 3 4 21 72 72 126
1 3 3 4 21 77 88 88
1 3 3 4 21 78 84 91
1 3 3 4 21 84 84 84
1 3 3 4 22 35 210 220
1 3 3 4 22 36 180 220
1 3 3 4 22 36 198 198
1 3 3 4 22 39 130 220
1 3 3 4 22 40 120 220
1 3 3 4 22 42 105 220
1 3 3 4 22 42 132 154
1 3 3 4 22 44 99 198
1 3 3 4 22 44 102 187
1 3 3 4 22 44 110 165
1 3 3 4 22 44 132 132
1 3 3 4 22 45 90 220
1 3 3 4 22 45 99 180
1 3 3 4 22 48 80 220
1 3 3 4 22 48 88 176
1 3 3 4 22 48 99 144
1 3 3 4 22 50 75 220
1 3 3 4 22 52 99 117
1 3 3 4 22 54 99 108
1 3 3 4 22 55 66 220
1 3 3 4 22 55 88 120
1 3 3 4 22 60 60 220
1 3 3 4 22 60 66 165
1 3 3 4 22 60 90 99
1 3 3 4 22 63 84 99
1 3 3 4 22 66 66 132
1 3 3 4 22 66 88 88
1 3 3 4 22 72 72 99
1 3 3 4 22 77 77 84
1 3 3 4 23 36 138 207
1 3 3 4 23 46 84 161
1 3 3 4 23 46 92 138
1 3 3 4 23 60 69 115
1 3 3 4 23 69 69 92
1 3 3 4 24 32 168 224
1 3 3 4 24 32 192 192
1 3 3 4 24 33 152 209
1 3 3 4 24 33 176 176
1 3 3 4 24 34 136 204
1 3 3 4 24 35 120 210
1 3 3 4 24 35 140 168
1 3 3 4 24 36 108 216
1 3 3 4 24 36 120 180
1 3 3 4 24 36 126 168
1 3 3 4 24 36 136 153
1 3 3 4 24 36 144 144
1 3 3 4 24 38 114 152
1 3 3 4 24 39 104 156
1 3 3 4 24 39 120 130
1 3 3 4 24 40 84 210
1 3 3 4 24 40 85 204
1 3 3 4 24 40 90 180
1 3 3 4 24 40 96 160
1 3 3 4 24 40 100 150
1 3 3 4 24 40 105 140
1 3 3 4 24 40 108 135
1 3 3 4 24 40 110 132
1 3 3 4 24 40 120 120
1 3 3 4 24 42 84 168
1 3 3 4 24 42 88 154
1 3 3 4 24 42 105 120
1 3 3 4 24 42 112 112
1 3 3 4 24 44 72 198
1 3 3 4 24 44 77 168
1 3 3 4 24 44 88 132
1 3 3 4 24 45 72 180
1 3 3 4 24 45 80 144
1 3 3 4 24 45 90 120
1 3 3 4 24 46 69 184
1 3 3 4 24 48 64 192
1 3 3 4 24 48 66 176
1 3 3 4 24 48 72 144
1 3 3 4 24 48 80 120
1 3 3 4 24 48 84 112
1 3 3 4 24 48 96 96
1 3 3 4 24 50 60 200
1 3 3 4 24 50 75 120
1 3 3 4 24 51 68 136
1 3 3 4 24 52 72 117
1 3 3 4 24 52 78 104
1 3 3 4 24 54 54 216
1 3 3 4 24 54 56 189
1 3 3 4 24 54 72 108
1 3 3 4 24 55 66 120
1 3 3 4 24 56 56 168
1 3 3 4 24 56 60 140
1 3 3 4 24 56 63 126
1 3 3 4 24 56 70 105
1 3 3 4 24 56 78 91
1 3 3 4 24 56 84 84
1 3 3 4 24 57 57 152
1 3 3 4 24 60 60 120
1 3 3 4 24 60 65 104
1 3 3 4 24 60 72 90
1 3 3 4 24 60 80 80
1 3 3 4 24 63 72 84
1 3 3 4 24 64 64 96
1 3 3 4 24 66 66 88
1 3 3 4 24 72 72 72
1 3 3 4 25 30 200 200
1 3 3 4 25 35 100 210
1 3 3 4 25 36 100 180
1 3 3 4 25 39 100 130
1 3 3 4 25 40 75 200
1 3 3 4 25 40 100 120
1 3 3 4 25 42 100 105
1 3 3 4 25 45 90 100
1 3 3 4 25 48 80 100
1 3 3 4 25 50 60 150
1 3 3 4 25 50 75 100
1 3 3 4 25 55 66 100
1 3 3 4 25 60 60 100
1 3 3 4 25 60 75 75
1 3 3 4 26 30 143 220
1 3 3 4 26 30 156 195
1 3 3 4 26 33 132 143
1 3 3 4 26 36 99 143
1 3 3 4 26 36 117 117
1 3 3 4 26 39 68 221
1 3 3 4 26 39 78 156
1 3 3 4 26 39 104 104
1 3 3 4 26 44 66 143
1 3 3 4 26 48 52 208
1 3 3 4 26 52 52 156
1 3 3 4 26 52 78 78
1 3 3 4 26 60 65 78
1 3 3 4 27 27 216 216
1 3 3 4 27 28 168 216
1 3 3 4 27 28 189 189
1 3 3 4 27 30 120 216
1 3 3 4 27 30 135 180
1 3 3 4 27 32 96 216
1 3 3 4 27 33 88 216
1 3 3 4 27 36 72 216
1 3 3 4 27 36 81 162
1 3 3 4 27 36 90 135
1 3 3 4 27 36 108 108
1 3 3 4 27 40 60 216
1 3 3 4 27 40 72 135
1 3 3 4 27 42 56 216
1 3 3 4 27 44 54 198
1 3 3 4 27 45 54 180
1 3 3 4 27 45 60 135
1 3 3 4 27 48 48 216
1 3 3 4 27 48 54 144
1 3 3 4 27 52 54 117
1 3 3 4 27 54 54 108
1 3 3 4 27 54 60 90
1 3 3 4 27 54 63 84
1 3 3 4 27 54 72 72
1 3 3 4 28 28 140 210
1 3 3 4 28 28 147 196
1 3 3 4 28 28 156 182
1 3 3 4 28 28 168 168
1 3 3 4 28 30 105 210
1 3 3 4 28 30 119 170
1 3 3 4 28 30 120 168
1 3 3 4 28 30 140 140
1 3 3 4 28 31 93 217
1 3 3 4 28 32 84 224
1 3 3 4 28 32 96 168
1 3 3 4 28 33 88 168
1 3 3 4 28 34 102 119
1 3 3 4 28 35 70 210
1 3 3 4 28 35 75 175
1 3 3 4 28 35 77 165
1 3 3 4 28 35 84 140
1 3 3 4 28 35 90 126
1 3 3 4 28 35 105 105
1 3 3 4 28 36 70 180
1 3 3 4 28 36 72 168
1 3 3 4 28 36 84 126
1 3 3 4 28 39 70 130
1 3 3 4 28 39 91 91
1 3 3 4 28 40 56 210
1 3 3 4 28 40 60 168
1 3 3 4 28 40 70 120
1 3 3 4 28 42 54 189
1 3 3 4 28 42 56 168
1 3 3 4 28 42 60 140
1 3 3 4 28 42 63 126
1 3 3 4 28 42 70 105
1 3 3 4 28 42 78 91
1 3 3 4 28 42 84 84
1 3 3 4 28 44 77 84
1 3 3 4 28 45 63 105
1 3 3 4 28 45 70 90
1 3 3 4 28 48 48 168
1 3 3 4 28 48 56 112
1 3 3 4 28 48 70 80
1 3 3 4 28 49 49 147
1 3 3 4 28 50 70 75
1 3 3 4 28 51 51 119
1 3 3 4 28 55 66 70
1 3 3 4 28 56 56 84
1 3 3 4 28 56 63 72
1 3 3 4 28 60 60 70
1 3 3 4 28 63 63 63
1 3 3 4 29 29 116 174
1 3 3 4 29 30 116 145
1 3 3 4 30 30 84 210
1 3 3 4 30 30 85 204
1 3 3 4 30 30 90 180
1 3 3 4 30 30 96 160
1 3 3 4 30 30 100 150
1 3 3 4 30 30 105 140
1 3 3 4 30 30 108 135
1 3 3 4 30 30 110 132
1 3 3 4 30 30 120 120
1 3 3 4 30 32 70 224
1 3 3 4 30 32 80 160
1 3 3 4 30 32 96 120
1 3 3 4 30 33 66 220
1 3 3 4 30 33 88 120
1 3 3 4 30 34 68 170
1 3 3 4 30 35 60 210
1 3 3 4 30 35 63 180
1 3 3 4 30 35 70 140
1 3 3 4 30 35 80 112
1 3 3 4 30 35 84 105
1 3 3 4 30 36 60 180
1 3 3 4 30 36 70 126
1 3 3 4 30 36 72 120
1 3 3 4 30 36 90 90
1 3 3 4 30 38 76 95
1 3 3 4 30 39 52 195
1 3 3 4 30 39 60 130
1 3 3 4 30 40 50 200
1 3 3 4 30 40 56 140
1 3 3 4 30 40 60 120
1 3 3 4 30 40 65 104
1 3 3 4 30 40 72 90
1 3 3 4 30 40 80 80
1 3 3 4 30 42 56 120
1 3 3 4 30 42 60 105
1 3 3 4 30 42 70 84
1 3 3 4 30 44 44 220
1 3 3 4 30 44 45 198
1 3 3 4 30 44 55 110
1 3 3 4 30 44 70 77
1 3 3 4 30 45 45 180
1 3 3 4 30 45 48 144
1 3 3 4 30 45 52 117
1 3 3 4 30 45 54 108
1 3 3 4 30 45 60 90
1 3 3 4 30 45 63 84
1 3 3 4 30 45 72 72
1 3 3 4 30 48 48 120
1 3 3 4 30 48 60 80
1 3 3 4 30 50 50 100
1 3 3 4 30 50 60 75
1 3 3 4 30 52 65 65
1 3 3 4 30 55 60 66
1 3 3 4 30 56 56 70
1 3 3 4 30 60 60 60
1 3 3 4 31 31 93 124
1 3 3 4 32 32 64 192
1 3 3 4 32 32 66 176
1 3 3 4 32 32 72 144
1 3 3 4 32 32 80 120
1 3 3 4 32 32 84 112
1 3 3 4 32 32 96 96
1 3 3 4 32 33 88 96
1 3 3 4 32 36 72 96
1 3 3 4 32 40 48 160
1 3 3 4 32 40 60 96
1 3 3 4 32 42 42 224
1 3 3 4 32 42 56 96
1 3 3 4 32 48 48 96
1 3 3 4 32 48 64 64
1 3 3 4 33 33 55 220
1 3 3 4 33 33 60 165
1 3 3 4 33 33 66 132
1 3 3 4 33 33 88 88
1 3 3 4 33 36 66 99
1 3 3 4 33 36 72 88
1 3 3 4 33 40 60 88
1 3 3 4 33 42 44 154
1 3 3 4 33 42 56 88
1 3 3 4 33 44 44 132
1 3 3 4 33 44 66 66
1 3 3 4 33 48 48 88
1 3 3 4 33 55 55 60
1 3 3 4 34 34 51 204
1 3 3 4 34 34 68 102
1 3 3 4 34 36 51 153
1 3 3 4 34 51 51 68
1 3 3 4 35 35 56 120
1 3 3 4 35 35 60 105
1 3 3 4 35 35 70 84
1 3 3 4 35 36 45 210
1 3 3 4 35 36 63 90
1 3 3 4 35 40 40 210
1 3 3 4 35 40 42 168
1 3 3 4 35 40 48 112
1 3 3 4 35 40 56 84
1 3 3 4 35 40 63 72
1 3 3 4 35 42 42 140
1 3 3 4 35 42 60 70
1 3 3 4 35 45 60 63
1 3 3 4 36 36 44 198
1 3 3 4 36 36 45 180
1 3 3 4 36 36 48 144
1 3 3 4 36 36 52 117
1 3 3 4 36 36 54 108
1 3 3 4 36 36 60 90
1 3 3 4 36 36 63 84
1 3 3 4 36 36 72 72
1 3 3 4 36 39 45 130
1 3 3 4 36 40 40 180
1 3 3 4 36 40 45 120
1 3 3 4 36 40 60 72
1 3 3 4 36 42 42 126
1 3 3 4 36 42 45 105
1 3 3 4 36 42 56 72
1 3 3 4 36 42 63 63
1 3 3 4 36 44 44 99
1 3 3 4 36 45 45 90
1 3 3 4 36 45 48 80
1 3 3 4 36 45 50 75
1 3 3 4 36 45 55 66
1 3 3 4 36 45 60 60
1 3 3 4 36 48 48 72
1 3 3 4 36 54 54 54
1 3 3 4 38 38 57 76
1 3 3 4 39 39 39 156
1 3 3 4 39 39 52 78
1 3 3 4 39 39 60 65
1 3 3 4 39 40 40 130
1 3 3 4 39 52 52 52
1 3 3 4 40 40 40 120
1 3 3 4 40 40 42 105
1 3 3 4 40 40 45 90
1 3 3 4 40 40 48 80
1 3 3 4 40 40 50 75
1 3 3 4 40 40 55 66
1 3 3 4 40 40 60 60
1 3 3 4 40 42 56 60
1 3 3 4 40 45 45 72
1 3 3 4 40 48 48 60
1 3 3 4 42 42 42 84
1 3 3 4 42 42 44 77
1 3 3 4 42 42 56 56
1 3 3 4 42 48 48 56
1 3 3 4 44 44 44 66
1 3 3 4 45 45 45 60
1 3 3 4 48 48 48 48
1 3 3 5 9 84 180 210
1 3 3 5 9 85 180 204
1 3 3 5 9 90 165 198
1 3 3 5 9 90 171 190
1 3 3 5 9 90 180 180
1 3 3 5 9 95 171 171
1 3 3 5 9 96 160 180
1 3 3 5 9 99 132 220
1 3 3 5 9 99 143 195
1 3 3 5 9 99 165 165
1 3 3 5 9 100 150 180
1 3 3 5 9 102 153 170
1 3 3 5 9 105 126 210
1 3 3 5 9 105 135 189
1 3 3 5 9 105 140 180
1 3 3 5 9 108 120 216
1 3 3 5 9 108 135 180
1 3 3 5 9 110 132 180
1 3 3 5 9 115 115 207
1 3 3 5 9 117 117 195
1 3 3 5 9 119 126 170
1 3 3 5 9 120 120 180
1 3 3 5 9 120 126 168
1 3 3 5 9 120 136 153
1 3 3 5 9 120 144 144
1 3 3 5 9 126 140 140
1 3 3 5 9 135 135 135
1 3 3 5 10 42 210 210
1 3 3 5 10 44 165 220
1 3 3 5 10 44 180 198
1 3 3 5 10 45 165 198
1 3 3 5 10 45 171 190
1 3 3 5 10 45 180 180
1 3 3 5 10 48 130 208
1 3 3 5 10 48 144 180
1 3 3 5 10 48 160 160
1 3 3 5 10 50 120 200
1 3 3 5 10 50 150 150
1 3 3 5 10 52 117 180
1 3 3 5 10 52 130 156
1 3 3 5 10 54 105 189
1 3 3 5 10 54 108 180
1 3 3 5 10 54 135 135
1 3 3 5 10 55 99 198
1 3 3 5 10 55 102 187
1 3 3 5 10 55 110 165
1 3 3 5 10 55 132 132
1 3 3 5 10 56 105 168
1 3 3 5 10 56 120 140
1 3 3 5 10 57 95 190
1 3 3 5 10 60 84 210
1 3 3 5 10 60 85 204
1 3 3 5 10 60 90 180
1 3 3 5 10 60 96 160
1 3 3 5 10 60 100 150
1 3 3 5 10 60 105 140
1 3 3 5 10 60 108 135
1 3 3 5 10 60 110 132
1 3 3 5 10 60 120 120
1 3 3 5 10 62 93 155
1 3 3 5 10 63 84 180
1 3 3 5 10 63 105 126
1 3 3 5 10 64 80 192
1 3 3 5 10 65 78 195
1 3 3 5 10 65 104 120
1 3 3 5 10 66 80 176
1 3 3 5 10 66 110 110
1 3 3 5 10 70 70 210
1 3 3 5 10 70 75 175
1 3 3 5 10 70 77 165
1 3 3 5 10 70 84 140
1 3 3 5 10 70 90 126
1 3 3 5 10 70 105 105
1 3 3 5 10 72 72 180
1 3 3 5 10 72 80 144
1 3 3 5 10 72 90 120
1 3 3 5 10 75 75 150
1 3 3 5 10 75 100 100
1 3 3 5 10 78 78 130
1 3 3 5 10 78 91 105
1 3 3 5 10 80 80 120
1 3 3 5 10 80 84 112
1 3 3 5 10 80 96 96
1 3 3 5 10 84 84 105
1 3 3 5 10 85 85 102
1 3 3 5 10 90 90 90
1 3 3 5 11 30 220 220
1 3 3 5 11 33 132 220
1 3 3 5 11 33 143 195
1 3 3 5 11 33 165 165
1 3 3 5 11 35 110 210
1 3 3 5 11 36 99 220
1 3 3 5 11 36 110 180
1 3 3 5 11 39 110 130
1 3 3 5 11 40 88 165
1 3 3 5 11 40 110 120
1 3 3 5 11 42 105 110
1 3 3 5 11 44 66 220
1 3 3 5 11 44 88 120
1 3 3 5 11 45 66 198
1 3 3 5 11 45 90 110
1 3 3 5 11 45 99 99
1 3 3 5 11 48 80 110
1 3 3 5 11 50 75 110
1 3 3 5 11 55 55 165
1 3 3 5 11 55 60 132
1 3 3 5 11 55 66 110
1 3 3 5 11 60 60 110
1 3 3 5 11 66 70 77
1 3 3 5 12 25 200 200
1 3 3 5 12 26 143 220
1 3 3 5 12 26 156 195
1 3 3 5 12 27 120 216
1 3 3 5 12 27 135 180
1 3 3 5 12 28 105 210
1 3 3 5 12 28 119 170
1 3 3 5 12 28 120 168
1 3 3 5 12 28 140 140
1 3 3 5 12 29 116 145
1 3 3 5 12 30 84 210
1 3 3 5 12 30 85 204
1 3 3 5 12 30 90 180
1 3 3 5 12 30 96 160
1 3 3 5 12 30 100 150
1 3 3 5 12 30 105 140
1 3 3 5 12 30 108 135
1 3 3 5 12 30 110 132
1 3 3 5 12 30 120 120
1 3 3 5 12 32 70 224
1 3 3 5 12 32 80 160
1 3 3 5 12 32 96 120
1 3 3 5 12 33 66 220
1 3 3 5 12 33 88 120
1 3 3 5 12 34 68 170
1 3 3 5 12 35 60 210
1 3 3 5 12 35 63 180
1 3 3 5 12 35 70 140
1 3 3 5 12 35 80 112
1 3 3 5 12 35 84 105
1 3 3 5 12 36 60 180
1 3 3 5 12 36 70 126
1 3 3 5 12 36 72 120
1 3 3 5 12 36 90 90
1 3 3 5 12 38 76 95
1 3 3 5 12 39 52 195
1 3 3 5 12 39 60 130
1 3 3 5 12 40 50 200
1 3 3 5 12 40 56 140
1 3 3 5 12 40 60 120
1 3 3 5 12 40 65 104
1 3 3 5 12 40 72 90
1 3 3 5 12 40 80 80
1 3 3 5 12 42 56 120
1 3 3 5 12 42 60 105
1 3 3 5 12 42 70 84
1 3 3 5 12 44 44 220
1 3 3 5 12 44 45 198
1 3 3 5 12 44 55 110
1 3 3 5 12 44 70 77
1 3 3 5 12 45 45 180
1 3 3 5 12 45 48 144
1 3 3 5 12 45 52 117
1 3 3 5 12 45 54 108
1 3 3 5 12 45 60 90
1 3 3 5 12 45 63 84
1 3 3 5 12 45 72 72
1 3 3 5 12 48 48 120
1 3 3 5 12 48 60 80
1 3 3 5 12 50 50 100
1 3 3 5 12 50 60 75
1 3 3 5 12 52 65 65
1 3 3 5 12 55 60 66
1 3 3 5 12 56 56 70
1 3 3 5 12 60 60 60
1 3 3 5 13 22 156 220
1 3 3 5 13 24 104 195
1 3 3 5 13 24 120 156
1 3 3 5 13 25 100 156
1 3 3 5 13 26 78 195
1 3 3 5 13 26 104 120
1 3 3 5 13 28 70 156
1 3 3 5 13 30 60 156
1 3 3 5 13 30 65 130
1 3 3 5 13 36 45 156
1 3 3 5 13 39 39 195
1 3 3 5 13 39 45 117
1 3 3 5 13 39 65 65
1 3 3 5 13 40 40 156
1 3 3 5 14 20 140 210
1 3 3 5 14 20 147 196
1 3 3 5 14 20 156 182
1 3 3 5 14 20 168 168
1 3 3 5 14 21 105 210
1 3 3 5 14 21 119 170
1 3 3 5 14 21 120 168
1 3 3 5 14 21 140 140
1 3 3 5 14 22 84 220
1 3 3 5 14 24 70 168
1 3 3 5 14 24 84 120
1 3 3 5 14 25 84 100
1 3 3 5 14 28 56 120
1 3 3 5 14 28 60 105
1 3 3 5 14 28 70 84
1 3 3 5 14 30 42 210
1 3 3 5 14 30 60 84
1 3 3 5 14 30 70 70
1 3 3 5 14 35 35 210
1 3 3 5 14 35 36 180
1 3 3 5 14 35 39 130
1 3 3 5 14 35 40 120
1 3 3 5 14 35 42 105
1 3 3 5 14 35 45 90
1 3 3 5 14 35 48 80
1 3 3 5 14 35 50 75
1 3 3 5 14 35 55 66
1 3 3 5 14 35 60 60
1 3 3 5 14 36 45 84
1 3 3 5 14 40 40 84
1 3 3 5 14 42 42 70
1 3 3 5 14 42 45 63
1 3 3 5 15 18 165 198
1 3 3 5 15 18 171 190
1 3 3 5 15 18 180 180
1 3 3 5 15 19 114 190
1 3 3 5 15 20 84 210
1 3 3 5 15 20 85 204
1 3 3 5 15 20 90 180
1 3 3 5 15 20 96 160
1 3 3 5 15 20 100 150
1 3 3 5 15 20 105 140
1 3 3 5 15 20 108 135
1 3 3 5 15 20 110 132
1 3 3 5 15 20 120 120
1 3 3 5 15 21 70 210
1 3 3 5 15 21 75 175
1 3 3 5 15 21 77 165
1 3 3 5 15 21 84 140
1 3 3 5 15 21 90 126
1 3 3 5 15 21 105 105
1 3 3 5 15 22 60 220
1 3 3 5 15 22 66 165
1 3 3 5 15 22 90 99
1 3 3 5 15 23 69 115
1 3 3 5 15 24 50 200
1 3 3 5 15 24 56 140
1 3 3 5 15 24 60 120
1 3 3 5 15 24 65 104
1 3 3 5 15 24 72 90
1 3 3 5 15 24 80 80
1 3 3 5 15 25 50 150
1 3 3 5 15 25 60 100
1 3 3 5 15 25 75 75
1 3 3 5 15 26 65 78
1 3 3 5 15 27 40 216
1 3 3 5 15 27 45 135
1 3 3 5 15 27 54 90
1 3 3 5 15 28 40 168
1 3 3 5 15 28 42 140
1 3 3 5 15 28 60 70
1 3 3 5 15 30 35 210
1 3 3 5 15 30 36 180
1 3 3 5 15 30 39 130
1 3 3 5 15 30 40 120
1 3 3 5 15 30 42 105
1 3 3 5 15 30 45 90
1 3 3 5 15 30 48 80
1 3 3 5 15 30 50 75
1 3 3 5 15 30 55 66
1 3 3 5 15 30 60 60
1 3 3 5 15 32 40 96
1 3 3 5 15 33 33 165
1 3 3 5 15 33 40 88
1 3 3 5 15 33 55 55
1 3 3 5 15 35 35 105
1 3 3 5 15 35 42 70
1 3 3 5 15 35 45 63
1 3 3 5 15 36 36 90
1 3 3 5 15 36 40 72
1 3 3 5 15 36 45 60
1 3 3 5 15 39 39 65
1 3 3 5 15 40 40 60
1 3 3 5 15 40 42 56
1 3 3 5 15 40 48 48
1 3 3 5 15 45 45 45
1 3 3 5 16 18 120 144
1 3 3 5 16 20 64 192
1 3 3 5 16 20 66 176
1 3 3 5 16 20 72 144
1 3 3 5 16 20 80 120
1 3 3 5 16 20 84 112
1 3 3 5 16 20 96 96
1 3 3 5 16 21 70 112
1 3 3 5 16 22 48 220
1 3 3 5 16 24 45 144
1 3 3 5 16 24 48 120
1 3 3 5 16 24 60 80
1 3 3 5 16 25 48 100
1 3 3 5 16 28 48 70
1 3 3 5 16 30 32 160
1 3 3 5 16 30 35 112
1 3 3 5 16 30 40 80
1 3 3 5 16 30 48 60
1 3 3 5 16 32 32 120
1 3 3 5 16 36 45 48
1 3 3 5 16 40 40 48
1 3 3 5 17 17 102 170
1 3 3 5 17 17 120 136
1 3 3 5 17 20 51 204
1 3 3 5 17 20 68 102
1 3 3 5 17 30 34 85
1 3 3 5 18 18 60 180
1 3 3 5 18 18 70 126
1 3 3 5 18 18 72 120
1 3 3 5 18 18 90 90
1 3 3 5 18 20 44 198
1 3 3 5 18 20 45 180
1 3 3 5 18 20 48 144
1 3 3 5 18 20 52 117
1 3 3 5 18 20 54 108
1 3 3 5 18 20 60 90
1 3 3 5 18 20 63 84
1 3 3 5 18 20 72 72
1 3 3 5 18 21 45 126
1 3 3 5 18 21 63 70
1 3 3 5 18 22 36 220
1 3 3 5 18 22 45 99
1 3 3 5 18 24 36 120
1 3 3 5 18 24 40 90
1 3 3 5 18 24 45 72
1 3 3 5 18 25 36 100
1 3 3 5 18 27 30 135
1 3 3 5 18 27 45 54
1 3 3 5 18 28 36 70
1 3 3 5 18 30 30 90
1 3 3 5 18 30 35 63
1 3 3 5 18 30 36 60
1 3 3 5 18 30 45 45
1 3 3 5 18 36 36 45
1 3 3 5 18 36 40 40
1 3 3 5 19 19 45 171
1 3 3 5 19 19 57 95
1 3 3 5 19 20 57 76
1 3 3 5 20 20 35 210
1 3 3 5 20 20 36 180
1 3 3 5 20 20 39 130
1 3 3 5 20 20 40 120
1 3 3 5 20 20 42 105
1 3 3 5 20 20 45 90
1 3 3 5 20 20 48 80
1 3 3 5 20 20 50 75
1 3 3 5 20 20 55 66
1 3 3 5 20 20 60 60
1 3 3 5 20 21 32 224
1 3 3 5 20 21 35 140
1 3 3 5 20 21 36 126
1 3 3 5 20 21 42 84
1 3 3 5 20 21 44 77
1 3 3 5 20 21 56 56
1 3 3 5 20 22 30 220
1 3 3 5 20 22 33 132
1 3 3 5 20 22 36 99
1 3 3 5 20 22 44 66
1 3 3 5 20 24 27 216
1 3 3 5 20 24 28 168
1 3 3 5 20 24 30 120
1 3 3 5 20 24 32 96
1 3 3 5 20 24 33 88
1 3 3 5 20 24 36 72
1 3 3 5 20 24 40 60
1 3 3 5 20 24 42 56
1 3 3 5 20 24 48 48
1 3 3 5 20 25 30 100
1 3 3 5 20 26 26 156
1 3 3 5 20 26 39 52
1 3 3 5 20 27 27 108
1 3 3 5 20 27 36 54
1 3 3 5 20 28 28 84
1 3 3 5 20 28 30 70
1 3 3 5 20 28 42 42
1 3 3 5 20 30 30 60
1 3 3 5 20 30 36 45
1 3 3 5 20 30 40 40
1 3 3 5 20 32 32 48
1 3 3 5 20 33 33 44
1 3 3 5 20 36 36 36
1 3 3 5 21 21 30 210
1 3 3 5 21 21 35 105
1 3 3 5 21 21 42 70
1 3 3 5 21 21 45 63
1 3 3 5 21 22 28 220
1 3 3 5 21 24 28 120
1 3 3 5 21 25 25 175
1 3 3 5 21 25 28 100
1 3 3 5 21 28 28 70
1 3 3 5 21 28 30 60
1 3 3 5 21 28 36 45
1 3 3 5 21 28 40 40
1 3 3 5 21 30 35 42
1 3 3 5 21 35 35 35
1 3 3 5 22 22 30 110
1 3 3 5 22 24 24 220
1 3 3 5 24 24 24 120
1 3 3 5 24 24 25 100
1 3 3 5 24 24 28 70
1 3 3 5 24 24 30 60
1 3 3 5 24 24 36 45
1 3 3 5 24 24 40 40
1 3 3 5 24 30 30 40
1 3 3 5 25 25 25 75
1 3 3 5 25 25 30 50
1 3 3 5 27 27 27 45
1 3 3 5 28 28 30 35
1 3 3 5 30 30 30 30
1 3 3 6 7 70 210 210
1 3 3 6 7 72 189 216
1 3 3 6 7 75 175 210
1 3 3 6 7 77 165 210
1 3 3 6 7 78 182 182
1 3 3 6 7 81 162 189
1 3 3 6 7 84 140 210
1 3 3 6 7 84 147 196
1 3 3 6 7 84 156 182
1 3 3 6 7 84 168 168
1 3 3 6 7 85 140 204
1 3 3 6 7 88 154 168
1 3 3 6 7 90 126 210
1 3 3 6 7 90 135 189
1 3 3 6 7 90 140 180
1 3 3 6 7 91 130 195
1 3 3 6 7 91 156 156
1 3 3 6 7 96 112 224
1 3 3 6 7 96 140 160
1 3 3 6 7 98 147 147
1 3 3 6 7 100 140 150
1 3 3 6 7 105 105 210
1 3 3 6 7 105 119 170
1 3 3 6 7 105 120 168
1 3 3 6 7 105 140 140
1 3 3 6 7 108 108 189
1 3 3 6 7 108 135 140
1 3 3 6 7 110 132 140
1 3 3 6 7 112 112 168
1 3 3 6 7 112 126 144
1 3 3 6 7 114 133 133
1 3 3 6 7 120 120 140
1 3 3 6 7 126 126 126
1 3 3 6 8 32 168 224
1 3 3 6 8 32 192 192
1 3 3 6 8 33 152 209
1 3 3 6 8 33 176 176
1 3 3 6 8 34 136 204
1 3 3 6 8 35 120 210
1 3 3 6 8 35 140 168
1 3 3 6 8 36 108 216
1 3 3 6 8 36 120 180
1 3 3 6 8 36 126 168
1 3 3 6 8 36 136 153
1 3 3 6 8 36 144 144
1 3 3 6 8 38 114 152
1 3 3 6 8 39 104 156
1 3 3 6 8 39 120 130
1 3 3 6 8 40 84 210
1 3 3 6 8 40 85 204
1 3 3 6 8 40 90 180
1 3 3 6 8 40 96 160
1 3 3 6 8 40 100 150
1 3 3 6 8 40 105 140
1 3 3 6 8 40 108 135
1 3 3 6 8 40 110 132
1 3 3 6 8 40 120 120
1 3 3 6 8 42 84 168
1 3 3 6 8 42 88 154
1 3 3 6 8 42 105 120
1 3 3 6 8 42 112 112
1 3 3 6 8 44 72 198
1 3 3 6 8 44 77 168
1 3 3 6 8 44 88 132
1 3 3 6 8 45 72 180
1 3 3 6 8 45 80 144
1 3 3 6 8 45 90 120
1 3 3 6 8 46 69 184
1 3 3 6 8 48 64 192
1 3 3 6 8 48 66 176
1 3 3 6 8 48 72 144
1 3 3 6 8 48 80 120
1 3 3 6 8 48 84 112
1 3 3 6 8 48 96 96
1 3 3 6 8 50 60 200
1 3 3 6 8 50 75 120
1 3 3 6 8 51 68 136
1 3 3 6 8 52 72 117
1 3 3 6 8 52 78 104
1 3 3 6 8 54 54 216
1 3 3 6 8 54 56 189
1 3 3 6 8 54 72 108
1 3 3 6 8 55 66 120
1 3 3 6 8 56 56 168
1 3 3 6 8 56 60 140
1 3 3 6 8 56 63 126
1 3 3 6 8 56 70 105
1 3 3 6 8 56 78 91
1 3 3 6 8 56 84 84
1 3 3 6 8 57 57 152
1 3 3 6 8 60 60 120
1 3 3 6 8 60 65 104
1 3 3 6 8 60 72 90
1 3 3 6 8 60 80 80
1 3 3 6 8 63 72 84
1 3 3 6 8 64 64 96
1 3 3 6 8 66 66 88
1 3 3 6 8 72 72 72
1 3 3 6 9 22 180 220
1 3 3 6 9 22 198 198
1 3 3 6 9 23 138 207
1 3 3 6 9 24 108 216
1 3 3 6 9 24 120 180
1 3 3 6 9 24 126 168
1 3 3 6 9 24 136 153
1 3 3 6 9 24 144 144
1 3 3 6 9 25 100 180
1 3 3 6 9 26 99 143
1 3 3 6 9 26 117 117
1 3 3 6 9 27 72 216
1 3 3 6 9 27 81 162
1 3 3 6 9 27 90 135
1 3 3 6 9 27 108 108
1 3 3 6 9 28 70 180
1 3 3 6 9 28 72 168
1 3 3 6 9 28 84 126
1 3 3 6 9 30 60 180
1 3 3 6 9 30 70 126
1 3 3 6 9 30 72 120
1 3 3 6 9 30 90 90
1 3 3 6 9 32 72 96
1 3 3 6 9 33 66 99
1 3 3 6 9 33 72 88
1 3 3 6 9 34 51 153
1 3 3 6 9 35 45 210
1 3 3 6 9 35 63 90
1 3 3 6 9 36 44 198
1 3 3 6 9 36 45 180
1 3 3 6 9 36 48 144
1 3 3 6 9 36 52 117
1 3 3 6 9 36 54 108
1 3 3 6 9 36 60 90
1 3 3 6 9 36 63 84
1 3 3 6 9 36 72 72
1 3 3 6 9 39 45 130
1 3 3 6 9 40 40 180
1 3 3 6 9 40 45 120
1 3 3 6 9 40 60 72
1 3 3 6 9 42 42 126
1 3 3 6 9 42 45 105
1 3 3 6 9 42 56 72
1 3 3 6 9 42 63 63
1 3 3 6 9 44 44 99
1 3 3 6 9 45 45 90
1 3 3 6 9 45 48 80
1 3 3 6 9 45 50 75
1 3 3 6 9 45 55 66
1 3 3 6 9 45 60 60
1 3 3 6 9 48 48 72
1 3 3 6 9 54 54 54
1 3 3 6 10 18 165 198
1 3 3 6 10 18 171 190
1 3 3 6 10 18 180 180
1 3 3 6 10 19 114 190
1 3 3 6 10 20 84 210
1 3 3 6 10 20 85 204
1 3 3 6 10 20 90 180
1 3 3 6 10 20 96 160
1 3 3 6 10 20 100 150
1 3 3 6 10 20 105 140
1 3 3 6 10 20 108 135
1 3 3 6 10 20 110 132
1 3 3 6 10 20 120 120
1 3 3 6 10 21 70 210
1 3 3 6 10 21 75 175
1 3 3 6 10 21 77 165
1 3 3 6 10 21 84 140
1 3 3 6 10 21 90 126
1 3 3 6 10 21 105 105
1 3 3 6 10 22 60 220
1 3 3 6 10 22 66 165
1 3 3 6 10 22 90 99
1 3 3 6 10 23 69 115
1 3 3 6 10 24 50 200
1 3 3 6 10 24 56 140
1 3 3 6 10 24 60 120
1 3 3 6 10 24 65 104
1 3 3 6 10 24 72 90
1 3 3 6 10 24 80 80
1 3 3 6 10 25 50 150
1 3 3 6 10 25 60 100
1 3 3 6 10 25 75 75
1 3 3 6 10 26 65 78
1 3 3 6 10 27 40 216
1 3 3 6 10 27 45 135
1 3 3 6 10 27 54 90
1 3 3 6 10 28 40 168
1 3 3 6 10 28 42 140
1 3 3 6 10 28 60 70
1 3 3 6 10 30 35 210
1 3 3 6 10 30 36 180
1 3 3 6 10 30 39 130
1 3 3 6 10 30 40 120
1 3 3 6 10 30 42 105
1 3 3 6 10 30 45 90
1 3 3 6 10 30 48 80
1 3 3 6 10 30 50 75
1 3 3 6 10 30 55 66
1 3 3 6 10 30 60 60
1 3 3 6 10 32 40 96
1 3 3 6 10 33 33 165
1 3 3 6 10 33 40 88
1 3 3 6 10 33 55 55
1 3 3 6 10 35 35 105
1 3 3 6 10 35 42 70
1 3 3 6 10 35 45 63
1 3 3 6 10 36 36 90
1 3 3 6 10 36 40 72
1 3 3 6 10 36 45 60
1 3 3 6 10 39 39 65
1 3 3 6 10 40 40 60
1 3 3 6 10 40 42 56
1 3 3 6 10 40 48 48
1 3 3 6 10 45 45 45
1 3 3 6 11 15 220 220
1 3 3 6 11 16 132 176
1 3 3 6 11 18 66 198
1 3 3 6 11 18 90 110
1 3 3 6 11 18 99 99
1 3 3 6 11 20 55 132
1 3 3 6 11 20 60 110
1 3 3 6 11 21 66 77
1 3 3 6 11 22 42 154
1 3 3 6 11 22 44 132
1 3 3 6 11 22 66 66
1 3 3 6 11 24 40 110
1 3 3 6 11 24 44 88
1 3 3 6 11 26 33 143
1 3 3 6 11 30 30 110
1 3 3 6 11 33 33 66
1 3 3 6 11 33 44 44
1 3 3 6 12 14 140 210
1 3 3 6 12 14 147 196
1 3 3 6 12 14 156 182
1 3 3 6 12 14 168 168
1 3 3 6 12 15 84 210
1 3 3 6 12 15 85 204
1 3 3 6 12 15 90 180
1 3 3 6 12 15 96 160
1 3 3 6 12 15 100 150
1 3 3 6 12 15 105 140
1 3 3 6 12 15 108 135
1 3 3 6 12 15 110 132
1 3 3 6 12 15 120 120
1 3 3 6 12 16 64 192
1 3 3 6 12 16 66 176
1 3 3 6 12 16 72 144
1 3 3 6 12 16 80 120
1 3 3 6 12 16 84 112
1 3 3 6 12 16 96 96
1 3 3 6 12 17 51 204
1 3 3 6 12 17 68 102
1 3 3 6 12 18 44 198
1 3 3 6 12 18 45 180
1 3 3 6 12 18 48 144
1 3 3 6 12 18 52 117
1 3 3 6 12 18 54 108
1 3 3 6 12 18 60 90
1 3 3 6 12 18 63 84
1 3 3 6 12 18 72 72
1 3 3 6 12 19 57 76
1 3 3 6 12 20 35 210
1 3 3 6 12 20 36 180
1 3 3 6 12 20 39 130
1 3 3 6 12 20 40 120
1 3 3 6 12 20 42 105
1 3 3 6 12 20 45 90
1 3 3 6 12 20 48 80
1 3 3 6 12 20 50 75
1 3 3 6 12 20 55 66
1 3 3 6 12 20 60 60
1 3 3 6 12 21 32 224
1 3 3 6 12 21 35 140
1 3 3 6 12 21 36 126
1 3 3 6 12 21 42 84
1 3 3 6 12 21 44 77
1 3 3 6 12 21 56 56
1 3 3 6 12 22 30 220
1 3 3 6 12 22 33 132
1 3 3 6 12 22 36 99
1 3 3 6 12 22 44 66
1 3 3 6 12 24 27 216
1 3 3 6 12 24 28 168
1 3 3 6 12 24 30 120
1 3 3 6 12 24 32 96
1 3 3 6 12 24 33 88
1 3 3 6 12 24 36 72
1 3 3 6 12 24 40 60
1 3 3 6 12 24 42 56
1 3 3 6 12 24 48 48
1 3 3 6 12 25 30 100
1 3 3 6 12 26 26 156
1 3 3 6 12 26 39 52
1 3 3 6 12 27 27 108
1 3 3 6 12 27 36 54
1 3 3 6 12 28 28 84
1 3 3 6 12 28 30 70
1 3 3 6 12 28 42 42
1 3 3 6 12 30 30 60
1 3 3 6 12 30 36 45
1 3 3 6 12 30 40 40
1 3 3 6 12 32 32 48
1 3 3 6 12 33 33 44
1 3 3 6 12 36 36 36
1 3 3 6 13 13 130 195
1 3 3 6 13 13 156 156
1 3 3 6 13 14 78 182
1 3 3 6 13 14 84 156
1 3 3 6 13 15 60 156
1 3 3 6 13 15 65 130
1 3 3 6 13 16 48 156
1 3 3 6 13 18 36 156
1 3 3 6 13 18 39 117
1 3 3 6 13 20 30 156
1 3 3 6 13 21 28 156
1 3 3 6 13 24 24 156
1 3 3 6 13 24 26 104
1 3 3 6 13 26 26 78
1 3 3 6 13 26 39 39
1 3 3 6 14 14 54 189
1 3 3 6 14 14 56 168
1 3 3 6 14 14 60 140
1 3 3 6 14 14 63 126
1 3 3 6 14 14 70 105
1 3 3 6 14 14 78 91
1 3 3 6 14 14 84 84
1 3 3 6 14 15 42 210
1 3 3 6 14 15 60 84
1 3 3 6 14 15 70 70
1 3 3 6 14 16 42 112
1 3 3 6 14 16 48 84
1 3 3 6 14 18 35 90
1 3 3 6 14 18 36 84
1 3 3 6 14 18 42 63
1 3 3 6 14 20 28 105
1 3 3 6 14 20 30 84
1 3 3 6 14 20 35 60
1 3 3 6 14 21 24 168
1 3 3 6 14 21 28 84
1 3 3 6 14 21 30 70
1 3 3 6 14 21 42 42
1 3 3 6 14 24 24 84
1 3 3 6 14 24 28 56
1 3 3 6 14 24 35 40
1 3 3 6 14 28 28 42
1 3 3 6 14 30 30 35
1 3 3 6 15 15 35 210
1 3 3 6 15 15 36 180
1 3 3 6 15 15 39 130
1 3 3 6 15 15 40 120
1 3 3 6 15 15 42 105
1 3 3 6 15 15 45 90
1 3 3 6 15 15 48 80
1 3 3 6 15 15 50 75
1 3 3 6 15 15 55 66
1 3 3 6 15 15 60 60
1 3 3 6 15 16 32 160
1 3 3 6 15 16 35 112
1 3 3 6 15 16 40 80
1 3 3 6 15 16 48 60
1 3 3 6 15 17 34 85
1 3 3 6 15 18 27 135
1 3 3 6 15 18 30 90
1 3 3 6 15 18 35 63
1 3 3 6 15 18 36 60
1 3 3 6 15 18 45 45
1 3 3 6 15 20 22 220
1 3 3 6 15 20 24 120
1 3 3 6 15 20 25 100
1 3 3 6 15 20 28 70
1 3 3 6 15 20 30 60
1 3 3 6 15 20 36 45
1 3 3 6 15 20 40 40
1 3 3 6 15 21 21 210
1 3 3 6 15 21 28 60
1 3 3 6 15 21 35 42
1 3 3 6 15 22 22 110
1 3 3 6 15 24 24 60
1 3 3 6 15 24 30 40
1 3 3 6 15 25 25 50
1 3 3 6 15 28 28 35
1 3 3 6 15 30 30 30
1 3 3 6 16 16 27 216
1 3 3 6 16 16 28 168
1 3 3 6 16 16 30 120
1 3 3 6 16 16 32 96
1 3 3 6 16 16 33 88
1 3 3 6 16 16 36 72
1 3 3 6 16 16 40 60
1 3 3 6 16 16 42 56
1 3 3 6 16 16 48 48
1 3 3 6 16 18 24 144
1 3 3 6 16 18 36 48
1 3 3 6 16 20 24 80
1 3 3 6 16 20 30 48
1 3 3 6 16 21 21 112
1 3 3 6 16 21 28 48
1 3 3 6 16 24 24 48
1 3 3 6 16 24 32 32
1 3 3 6 17 17 24 136
1 3 3 6 17 17 34 51
1 3 3 6 18 18 20 180
1 3 3 6 18 18 21 126
1 3 3 6 18 18 22 99
1 3 3 6 18 18 24 72
1 3 3 6 18 18 27 54
1 3 3 6 18 18 30 45
1 3 3 6 18 18 36 36
1 3 3 6 18 19 19 171
1 3 3 6 18 20 20 90
1 3 3 6 18 20 30 36
1 3 3 6 18 21 21 63
1 3 3 6 18 21 28 36
1 3 3 6 18 24 24 36
1 3 3 6 18 27 27 27
1 3 3 6 19 19 19 114
1 3 3 6 20 20 20 60
1 3 3 6 20 20 24 40
1 3 3 6 20 20 30 30
1 3 3 6 20 21 28 30
1 3 3 6 20 24 24 30
1 3 3 6 21 21 21 42
1 3 3 6 21 21 28 28
1 3 3 6 21 24 24 28
1 3 3 6 22 22 22 33
1 3 3 6 24 24 24 24
1 3 3 7 7 27 168 216
1 3 3 7 7 27 189 189
1 3 3 7 7 28 140 210
1 3 3 7 7 28 147 196
1 3 3 7 7 28 156 182
1 3 3 7 7 28 168 168
1 3 3 7 7 30 105 210
1 3 3 7 7 30 119 170
1 3 3 7 7 30 120 168
1 3 3 7 7 30 140 140
1 3 3 7 7 31 93 217
1 3 3 7 7 32 84 224
1 3 3 7 7 32 96 168
1 3 3 7 7 33 88 168
1 3 3 7 7 34 102 119
1 3 3 7 7 35 70 210
1 3 3 7 7 35 75 175
1 3 3 7 7 35 77 165
1 3 3 7 7 35 84 140
1 3 3 7 7 35 90 126
1 3 3 7 7 35 105 105
1 3 3 7 7 36 70 180
1 3 3 7 7 36 72 168
1 3 3 7 7 36 84 126
1 3 3 7 7 39 70 130
1 3 3 7 7 39 91 91
1 3 3 7 7 40 56 210
1 3 3 7 7 40 60 168
1 3 3 7 7 40 70 120
1 3 3 7 7 42 54 189
1 3 3 7 7 42 56 168
1 3 3 7 7 42 60 140
1 3 3 7 7 42 63 126
1 3 3 7 7 42 70 105
1 3 3 7 7 42 78 91
1 3 3 7 7 42 84 84
1 3 3 7 7 44 77 84
1 3 3 7 7 45 63 105
1 3 3 7 7 45 70 90
1 3 3 7 7 48 48 168
1 3 3 7 7 48 56 112
1 3 3 7 7 48 70 80
1 3 3 7 7 49 49 147
1 3 3 7 7 50 70 75
1 3 3 7 7 51 51 119
1 3 3 7 7 55 66 70
1 3 3 7 7 56 56 84
1 3 3 7 7 56 63 72
1 3 3 7 7 60 60 70
1 3 3 7 7 63 63 63
1 3 3 7 8 18 189 216
1 3 3 7 8 20 105 168
1 3 3 7 8 20 120 140
1 3 3 7 8 21 84 168
1 3 3 7 8 21 88 154
1 3 3 7 8 21 105 120
1 3 3 7 8 21 112 112
1 3 3 7 8 24 54 189
1 3 3 7 8 24 56 168
1 3 3 7 8 24 60 140
1 3 3 7 8 24 63 126
1 3 3 7 8 24 70 105
1 3 3 7 8 24 78 91
1 3 3 7 8 24 84 84
1 3 3 7 8 27 42 216
1 3 3 7 8 28 40 210
1 3 3 7 8 28 42 168
1 3 3 7 8 28 48 112
1 3 3 7 8 28 56 84
1 3 3 7 8 28 63 72
1 3 3 7 8 30 40 140
1 3 3 7 8 30 42 120
1 3 3 7 8 30 56 70
1 3 3 7 8 32 42 96
1 3 3 7 8 33 42 88
1 3 3 7 8 35 35 120
1 3 3 7 8 35 40 84
1 3 3 7 8 36 42 72
1 3 3 7 8 40 42 60
1 3 3 7 8 42 42 56
1 3 3 7 8 42 48 48
1 3 3 7 9 15 126 210
1 3 3 7 9 15 135 189
1 3 3 7 9 15 140 180
1 3 3 7 9 16 112 126
1 3 3 7 9 18 54 189
1 3 3 7 9 18 56 168
1 3 3 7 9 18 60 140
1 3 3 7 9 18 63 126
1 3 3 7 9 18 70 105
1 3 3 7 9 18 78 91
1 3 3 7 9 18 84 84
1 3 3 7 9 20 42 180
1 3 3 7 9 20 45 140
1 3 3 7 9 21 42 126
1 3 3 7 9 21 45 105
1 3 3 7 9 21 56 72
1 3 3 7 9 21 63 63
1 3 3 7 9 22 42 99
1 3 3 7 9 24 42 72
1 3 3 7 9 27 27 189
1 3 3 7 9 27 42 54
1 3 3 7 9 28 28 126
1 3 3 7 9 28 36 63
1 3 3 7 9 30 42 45
1 3 3 7 9 35 35 45
1 3 3 7 9 36 36 42
1 3 3 7 10 13 140 156
1 3 3 7 10 14 70 210
1 3 3 7 10 14 75 175
1 3 3 7 10 14 77 165
1 3 3 7 10 14 84 140
1 3 3 7 10 14 90 126
1 3 3 7 10 14 105 105
1 3 3 7 10 15 54 189
1 3 3 7 10 15 56 168
1 3 3 7 10 15 60 140
1 3 3 7 10 15 63 126
1 3 3 7 10 15 70 105
1 3 3 7 10 15 78 91
1 3 3 7 10 15 84 84
1 3 3 7 10 16 48 140
1 3 3 7 10 18 36 140
1 3 3 7 10 18 42 90
1 3 3 7 10 20 28 210
1 3 3 7 10 20 30 140
1 3 3 7 10 20 35 84
1 3 3 7 10 20 42 60
1 3 3 7 10 21 28 140
1 3 3 7 10 21 30 105
1 3 3 7 10 21 35 70
1 3 3 7 10 21 40 56
1 3 3 7 10 24 24 140
1 3 3 7 10 24 40 42
1 3 3 7 10 30 30 42
1 3 3 7 10 30 35 35
1 3 3 7 11 12 110 140
1 3 3 7 11 14 66 77
1 3 3 7 11 15 42 110
1 3 3 7 11 21 22 154
1 3 3 7 11 22 33 42
1 3 3 7 12 12 54 189
1 3 3 7 12 12 56 168
1 3 3 7 12 12 60 140
1 3 3 7 12 12 63 126
1 3 3 7 12 12 70 105
1 3 3 7 12 12 78 91
1 3 3 7 12 12 84 84
1 3 3 7 12 13 42 156
1 3 3 7 12 13 52 91
1 3 3 7 12 14 32 224
1 3 3 7 12 14 35 140
1 3 3 7 12 14 36 126
1 3 3 7 12 14 42 84
1 3 3 7 12 14 44 77
1 3 3 7 12 14 56 56
1 3 3 7 12 15 28 210
1 3 3 7 12 15 30 140
1 3 3 7 12 15 35 84
1 3 3 7 12 15 42 60
1 3 3 7 12 16 28 112
1 3 3 7 12 16 42 48
1 3 3 7 12 18 28 63
1 3 3 7 12 18 36 42
1 3 3 7 12 20 20 140
1 3 3 7 12 20 21 105
1 3 3 7 12 20 30 42
1 3 3 7 12 20 35 35
1 3 3 7 12 21 21 84
1 3 3 7 12 21 24 56
1 3 3 7 12 21 28 42
1 3 3 7 12 24 24 42
1 3 3 7 12 28 28 28
1 3 3 7 13 13 39 91
1 3 3 7 13 13 42 78
1 3 3 7 13 14 28 156
1 3 3 7 14 14 24 168
1 3 3 7 14 14 28 84
1 3 3 7 14 14 30 70
1 3 3 7 14 14 42 42
1 3 3 7 14 15 21 210
1 3 3 7 14 15 28 60
1 3 3 7 14 15 35 42
1 3 3 7 14 16 21 112
1 3 3 7 14 16 28 48
1 3 3 7 14 18 18 126
1 3 3 7 14 18 21 63
1 3 3 7 14 18 28 36
1 3 3 7 14 20 28 30
1 3 3 7 14 21 21 42
1 3 3 7 14 21 28 28
1 3 3 7 14 24 24 28
1 3 3 7 15 15 20 140
1 3 3 7 15 15 21 105
1 3 3 7 15 15 30 42
1 3 3 7 15 15 35 35
1 3 3 7 15 20 20 42
1 3 3 7 15 21 21 35
1 3 3 7 16 16 21 56
1 3 3 7 16 16 24 42
1 3 3 7 18 18 18 42
1 3 3 7 21 21 21 21
1 3 3 8 8 14 140 210
1 3 3 8 8 14 147 196
1 3 3 8 8 14 156 182
1 3 3 8 8 14 168 168
1 3 3 8 8 15 84 210
1 3 3 8 8 15 85 204
1 3 3 8 8 15 90 180
1 3 3 8 8 15 96 160
1 3 3 8 8 15 100 150
1 3 3 8 8 15 105 140
1 3 3 8 8 15 108 135
1 3 3 8 8 15 110 132
1 3 3 8 8 15 120 120
1 3 3 8 8 16 64 192
1 3 3 8 8 16 66 176
1 3 3 8 8 16 72 144
1 3 3 8 8 16 80 120
1 3 3 8 8 16 84 112
1 3 3 8 8 16 96 96
1 3 3 8 8 17 51 204
1 3 3 8 8 17 68 102
1 3 3 8 8 18 44 198
1 3 3 8 8 18 45 180
1 3 3 8 8 18 48 144
1 3 3 8 8 18 52 117
1 3 3 8 8 18 54 108
1 3 3 8 8 18 60 90
1 3 3 8 8 18 63 84
1 3 3 8 8 18 72 72
1 3 3 8 8 19 57 76
1 3 3 8 8 20 35 210
1 3 3 8 8 20 36 180
1 3 3 8 8 20 39 130
1 3 3 8 8 20 40 120
1 3 3 8 8 20 42 105
1 3 3 8 8 20 45 90
1 3 3 8 8 20 48 80
1 3 3 8 8 20 50 75
1 3 3 8 8 20 55 66
1 3 3 8 8 20 60 60
1 3 3 8 8 21 32 224
1 3 3 8 8 21 35 140
1 3 3 8 8 21 36 126
1 3 3 8 8 21 42 84
1 3 3 8 8 21 44 77
1 3 3 8 8 21 56 56
1 3 3 8 8 22 30 220
1 3 3 8 8 22 33 132
1 3 3 8 8 22 36 99
1 3 3 8 8 22 44 66
1 3 3 8 8 24 27 216
1 3 3 8 8 24 28 168
1 3 3 8 8 24 30 120
1 3 3 8 8 24 32 96
1 3 3 8 8 24 33 88
1 3 3 8 8 24 36 72
1 3 3 8 8 24 40 60
1 3 3 8 8 24 42 56
1 3 3 8 8 24 48 48
1 3 3 8 8 25 30 100
1 3 3 8 8 26 26 156
1 3 3 8 8 26 39 52
1 3 3 8 8 27 27 108
1 3 3 8 8 27 36 54
1 3 3 8 8 28 28 84
1 3 3 8 8 28 30 70
1 3 3 8 8 28 42 42
1 3 3 8 8 30 30 60
1 3 3 8 8 30 36 45
1 3 3 8 8 30 40 40
1 3 3 8 8 32 32 48
1 3 3 8 8 33 33 44
1 3 3 8 8 36 36 36
1 3 3 8 9 12 108 216
1 3 3 8 9 12 120 180
1 3 3 8 9 12 126 168
1 3 3 8 9 12 136 153
1 3 3 8 9 12 144 144
1 3 3 8 9 13 72 156
1 3 3 8 9 14 56 126
1 3 3 8 9 14 72 84
1 3 3 8 9 15 40 180
1 3 3 8 9 15 45 120
1 3 3 8 9 15 60 72
1 3 3 8 9 16 36 144
1 3 3 8 9 16 45 80
1 3 3 8 9 16 48 72
1 3 3 8 9 18 27 216
1 3 3 8 9 18 28 168
1 3 3 8 9 18 30 120
1 3 3 8 9 18 32 96
1 3 3 8 9 18 33 88
1 3 3 8 9 18 36 72
1 3 3 8 9 18 40 60
1 3 3 8 9 18 42 56
1 3 3 8 9 18 48 48
1 3 3 8 9 20 24 180
1 3 3 8 9 20 30 72
1 3 3 8 9 20 40 45
1 3 3 8 9 21 24 126
1 3 3 8 9 21 28 72
1 3 3 8 9 22 24 99
1 3 3 8 9 24 24 72
1 3 3 8 9 24 27 54
1 3 3 8 9 24 30 45
1 3 3 8 9 24 36 36
1 3 3 8 10 11 88 165
1 3 3 8 10 11 110 120
1 3 3 8 10 12 50 200
1 3 3 8 10 12 56 140
1 3 3 8 10 12 60 120
1 3 3 8 10 12 65 104
1 3 3 8 10 12 72 90
1 3 3 8 10 12 80 80
1 3 3 8 10 13 40 156
1 3 3 8 10 14 35 120
1 3 3 8 10 14 40 84
1 3 3 8 10 15 27 216
1 3 3 8 10 15 28 168
1 3 3 8 10 15 30 120
1 3 3 8 10 15 32 96
1 3 3 8 10 15 33 88
1 3 3 8 10 15 36 72
1 3 3 8 10 15 40 60
1 3 3 8 10 15 42 56
1 3 3 8 10 15 48 48
1 3 3 8 10 16 30 80
1 3 3 8 10 16 40 48
1 3 3 8 10 18 24 90
1 3 3 8 10 18 36 40
1 3 3 8 10 20 20 120
1 3 3 8 10 20 24 60
1 3 3 8 10 20 30 40
1 3 3 8 10 21 28 40
1 3 3 8 10 24 24 40
1 3 3 8 10 24 30 30
1 3 3 8 11 11 48 176
1 3 3 8 11 11 55 120
1 3 3 8 11 11 66 88
1 3 3 8 11 12 40 110
1 3 3 8 11 12 44 88
1 3 3 8 11 15 24 110
1 3 3 8 11 22 24 33
1 3 3 8 12 12 27 216
1 3 3 8 12 12 28 168
1 3 3 8 12 12 30 120
1 3 3 8 12 12 32 96
1 3 3 8 12 12 33 88
1 3 3 8 12 12 36 72
1 3 3 8 12 12 40 60
1 3 3 8 12 12 42 56
1 3 3 8 12 12 48 48
1 3 3 8 12 13 24 156
1 3 3 8 12 13 26 104
1 3 3 8 12 14 21 168
1 3 3 8 12 14 24 84
1 3 3 8 12 14 28 56
1 3 3 8 12 14 35 40
1 3 3 8 12 15 20 120
1 3 3 8 12 15 24 60
1 3 3 8 12 15 30 40
1 3 3 8 12 16 18 144
1 3 3 8 12 16 20 80
1 3 3 8 12 16 24 48
1 3 3 8 12 16 32 32
1 3 3 8 12 17 17 136
1 3 3 8 12 18 18 72
1 3 3 8 12 18 24 36
1 3 3 8 12 20 20 40
1 3 3 8 12 20 24 30
1 3 3 8 12 21 24 28
1 3 3 8 12 24 24 24
1 3 3 8 13 13 24 78
1 3 3 8 13 16 16 156
1 3 3 8 14 14 21 56
1 3 3 8 14 14 24 42
1 3 3 8 14 15 24 35
1 3 3 8 14 16 16 84
1 3 3 8 14 21 21 24
1 3 3 8 15 15 15 120
1 3 3 8 15 15 16 80
1 3 3 8 15 15 20 40
1 3 3 8 15 15 24 30
1 3 3 8 15 16 16 60
1 3 3 8 15 20 20 24
1 3 3 8 16 16 16 48
1 3 3 8 16 16 18 36
1 3 3 8 16 16 20 30
1 3 3 8 16 16 21 28
1 3 3 8 16 16 24 24
1 3 3 8 18 18 18 24
1 3 3 9 9 10 165 198
1 3 3 9 9 10 171 190
1 3 3 9 9 10 180 180
1 3 3 9 9 11 66 198
1 3 3 9 9 11 90 110
1 3 3 9 9 11 99 99
1 3 3 9 9 12 44 198
1 3 3 9 9 12 45 180
1 3 3 9 9 12 48 144
1 3 3 9 9 12 52 117
1 3 3 9 9 12 54 108
1 3 3 9 9 12 60 90
1 3 3 9 9 12 63 84
1 3 3 9 9 12 72 72
1 3 3 9 9 13 36 156
1 3 3 9 9 13 39 117
1 3 3 9 9 14 35 90
1 3 3 9 9 14 36 84
1 3 3 9 9 14 42 63
1 3 3 9 9 15 27 135
1 3 3 9 9 15 30 90
1 3 3 9 9 15 35 63
1 3 3 9 9 15 36 60
1 3 3 9 9 15 45 45
1 3 3 9 9 16 24 144
1 3 3 9 9 16 36 48
1 3 3 9 9 18 20 180
1 3 3 9 9 18 21 126
1 3 3 9 9 18 22 99
1 3 3 9 9 18 24 72
1 3 3 9 9 18 27 54
1 3 3 9 9 18 30 45
1 3 3 9 9 18 36 36
1 3 3 9 9 19 19 171
1 3 3 9 9 20 20 90
1 3 3 9 9 20 30 36
1 3 3 9 9 21 21 63
1 3 3 9 9 21 28 36
1 3 3 9 9 24 24 36
1 3 3 9 9 27 27 27
1 3 3 9 10 10 60 180
1 3 3 9 10 10 70 126
1 3 3 9 10 10 72 120
1 3 3 9 10 10 90 90
1 3 3 9 10 11 45 110
1 3 3 9 10 12 30 180
1 3 3 9 10 12 36 90
1 3 3 9 10 12 40 72
1 3 3 9 10 12 45 60
1 3 3 9 10 14 35 45
1 3 3 9 10 15 20 180
1 3 3 9 10 15 21 126
1 3 3 9 10 15 22 99
1 3 3 9 10 15 24 72
1 3 3 9 10 15 27 54
1 3 3 9 10 15 30 45
1 3 3 9 10 15 36 36
1 3 3 9 10 18 18 90
1 3 3 9 10 18 20 60
1 3 3 9 10 18 24 40
1 3 3 9 10 18 30 30
1 3 3 9 10 20 20 45
1 3 3 9 11 11 33 99
1 3 3 9 11 11 45 55
1 3 3 9 11 15 18 110
1 3 3 9 11 18 22 33
1 3 3 9 12 12 20 180
1 3 3 9 12 12 21 126
1 3 3 9 12 12 22 99
1 3 3 9 12 12 24 72
1 3 3 9 12 12 27 54
1 3 3 9 12 12 30 45
1 3 3 9 12 12 36 36
1 3 3 9 12 13 18 156
1 3 3 9 12 14 18 84
1 3 3 9 12 15 15 180
1 3 3 9 12 15 18 60
1 3 3 9 12 15 20 45
1 3 3 9 12 16 16 72
1 3 3 9 12 16 18 48
1 3 3 9 12 18 18 36
1 3 3 9 12 18 20 30
1 3 3 9 12 18 21 28
1 3 3 9 12 18 24 24
1 3 3 9 13 13 18 78
1 3 3 9 14 14 14 126
1 3 3 9 14 14 18 42
1 3 3 9 14 15 18 35
1 3 3 9 14 18 21 21
1 3 3 9 15 15 15 45
1 3 3 9 15 15 18 30
1 3 3 9 15 18 20 20
1 3 3 9 16 16 18 24
1 3 3 9 18 18 18 18
1 3 3 10 10 10 35 210
1 3 3 10 10 10 36 180
1 3 3 10 10 10 39 130
1 3 3 10 10 10 40 120
1 3 3 10 10 10 42 105
1 3 3 10 10 10 45 90
1 3 3 10 10 10 48 80
1 3 3 10 10 10 50 75
1 3 3 10 10 10 55 66
1 3 3 10 10 10 60 60
1 3 3 10 10 11 30 110
1 3 3 10 10 12 22 220
1 3 3 10 10 12 24 120
1 3 3 10 10 12 25 100
1 3 3 10 10 12 28 70
1 3 3 10 10 12 30 60
1 3 3 10 10 12 36 45
1 3 3 10 10 12 40 40
1 3 3 10 10 13 20 156
1 3 3 10 10 14 20 84
1 3 3 10 10 14 21 70
1 3 3 10 10 14 30 35
1 3 3 10 10 15 18 90
1 3 3 10 10 15 20 60
1 3 3 10 10 15 24 40
1 3 3 10 10 15 30 30
1 3 3 10 10 16 16 120
1 3 3 10 10 16 20 48
1 3 3 10 10 18 18 45
1 3 3 10 10 18 20 36
1 3 3 10 10 20 20 30
1 3 3 10 10 20 21 28
1 3 3 10 10 20 24 24
1 3 3 10 11 11 22 165
1 3 3 10 11 11 30 55
1 3 3 10 11 12 20 110
1 3 3 10 11 15 15 110
1 3 3 10 11 15 22 33
1 3 3 10 12 12 18 90
1 3 3 10 12 12 20 60
1 3 3 10 12 12 24 40
1 3 3 10 12 12 30 30
1 3 3 10 12 13 15 156
1 3 3 10 12 14 14 140
1 3 3 10 12 14 15 84
1 3 3 10 12 14 20 35
1 3 3 10 12 15 15 60
1 3 3 10 12 15 16 48
1 3 3 10 12 15 18 36
1 3 3 10 12 15 20 30
1 3 3 10 12 15 21 28
1 3 3 10 12 15 24 24
1 3 3 10 12 16 16 40
1 3 3 10 12 20 20 20
1 3 3 10 13 13 15 78
1 3 3 10 14 14 15 42
1 3 3 10 14 15 15 35
1 3 3 10 14 15 21 21
1 3 3 10 15 15 15 30
1 3 3 10 15 15 20 20
1 3 3 10 15 16 16 24
1 3 3 10 15 18 18 18
1 3 3 11 11 11 18 198
1 3 3 11 11 11 21 77
1 3 3 11 11 11 22 66
1 3 3 11 11 11 33 33
1 3 3 11 11 12 16 176
1 3 3 11 11 12 20 55
1 3 3 11 11 12 22 44
1 3 3 11 11 15 15 55
1 3 3 11 12 12 15 110
1 3 3 11 12 12 22 33
1 3 3 12 12 12 13 156
1 3 3 12 12 12 14 84
1 3 3 12 12 12 15 60
1 3 3 12 12 12 16 48
1 3 3 12 12 12 18 36
1 3 3 12 12 12 20 30
1 3 3 12 12 12 21 28
1 3 3 12 12 12 24 24
1 3 3 12 12 13 13 78
1 3 3 12 12 14 14 42
1 3 3 12 12 14 15 35
1 3 3 12 12 14 21 21
1 3 3 12 12 15 15 30
1 3 3 12 12 15 20 20
1 3 3 12 12 16 16 24
1 3 3 12 12 18 18 18
1 3 3 12 13 13 13 52
1 3 3 12 14 14 14 28
1 3 3 12 15 15 15 20
1 3 3 12 16 16 16 16
1 3 3 13 13 13 13 39
1 3 3 14 14 14 14 21
1 3 3 15 15 15 15 15
1 3 4 4 7 70 210 210
1 3 4 4 7 72 189 216
1 3 4 4 7 75 175 210
1 3 4 4 7 77 165 210
1 3 4 4 7 78 182 182
1 3 4 4 7 81 162 189
1 3 4 4 7 84 140 210
1 3 4 4 7 84 147 196
1 3 4 4 7 84 156 182
1 3 4 4 7 84 168 168
1 3 4 4 7 85 140 204
1 3 4 4 7 88 154 168
1 3 4 4 7 90 126 210
1 3 4 4 7 90 135 189
1 3 4 4 7 90 140 180
1 3 4 4 7 91 130 195
1 3 4 4 7 91 156 156
1 3 4 4 7 96 112 224
1 3 4 4 7 96 140 160
1 3 4 4 7 98 147 147
1 3 4 4 7 100 140 150
1 3 4 4 7 105 105 210
1 3 4 4 7 105 119 170
1 3 4 4 7 105 120 168
1 3 4 4 7 105 140 140
1 3 4 4 7 108 108 189
1 3 4 4 7 108 135 140
1 3 4 4 7 110 132 140
1 3 4 4 7 112 112 168
1 3 4 4 7 112 126 144
1 3 4 4 7 114 133 133
1 3 4 4 7 120 120 140
1 3 4 4 7 126 126 126
1 3 4 4 8 32 168 224
1 3 4 4 8 32 192 192
1 3 4 4 8 33 152 209
1 3 4 4 8 33 176 176
1 3 4 4 8 34 136 204
1 3 4 4 8 35 120 210
1 3 4 4 8 35 140 168
1 3 4 4 8 36 108 216
1 3 4 4 8 36 120 180
1 3 4 4 8 36 126 168
1 3 4 4 8 36 136 153
1 3 4 4 8 36 144 144
1 3 4 4 8 38 114 152
1 3 4 4 8 39 104 156
1 3 4 4 8 39 120 130
1 3 4 4 8 40 84 210
1 3 4 4 8 40 85 204
1 3 4 4 8 40 90 180
1 3 4 4 8 40 96 160
1 3 4 4 8 40 100 150
1 3 4 4 8 40 105 140
1 3 4 4 8 40 108 135
1 3 4 4 8 40 110 132
1 3 4 4 8 40 120 120
1 3 4 4 8 42 84 168
1 3 4 4 8 42 88 154
1 3 4 4 8 42 105 120
1 3 4 4 8 42 112 112
1 3 4 4 8 44 72 198
1 3 4 4 8 44 77 168
1 3 4 4 8 44 88 132
1 3 4 4 8 45 72 180
1 3 4 4 8 45 80 144
1 3 4 4 8 45 90 120
1 3 4 4 8 46 69 184
1 3 4 4 8 48 64 192
1 3 4 4 8 48 66 176
1 3 4 4 8 48 72 144
1 3 4 4 8 48 80 120
1 3 4 4 8 48 84 112
1 3 4 4 8 48 96 96
1 3 4 4 8 50 60 200
1 3 4 4 8 50 75 120
1 3 4 4 8 51 68 136
1 3 4 4 8 52 72 117
1 3 4 4 8 52 78 104
1 3 4 4 8 54 54 216
1 3 4 4 8 54 56 189
1 3 4 4 8 54 72 108
1 3 4 4 8 55 66 120
1 3 4 4 8 56 56 168
1 3 4 4 8 56 60 140
1 3 4 4 8 56 63 126
1 3 4 4 8 56 70 105
1 3 4 4 8 56 78 91
1 3 4 4 8 56 84 84
1 3 4 4 8 57 57 152
1 3 4 4 8 60 60 120
1 3 4 4 8 60 65 104
1 3 4 4 8 60 72 90
1 3 4 4 8 60 80 80
1 3 4 4 8 63 72 84
1 3 4 4 8 64 64 96
1 3 4 4 8 66 66 88
1 3 4 4 8 72 72 72
1 3 4 4 9 22 180 220
1 3 4 4 9 22 198 198
1 3 4 4 9 23 138 207
1 3 4 4 9 24 108 216
1 3 4 4 9 24 120 180
1 3 4 4 9 24 126 168
1 3 4 4 9 24 136 153
1 3 4 4 9 24 144 144
1 3 4 4 9 25 100 180
1 3 4 4 9 26 99 143
1 3 4 4 9 26 117 117
1 3 4 4 9 27 72 216
1 3 4 4 9 27 81 162
1 3 4 4 9 27 90 135
1 3 4 4 9 27 108 108
1 3 4 4 9 28 70 180
1 3 4 4 9 28 72 168
1 3 4 4 9 28 84 126
1 3 4 4 9 30 60 180
1 3 4 4 9 30 70 126
1 3 4 4 9 30 72 120
1 3 4 4 9 30 90 90
1 3 4 4 9 32 72 96
1 3 4 4 9 33 66 99
1 3 4 4 9 33 72 88
1 3 4 4 9 34 51 153
1 3 4 4 9 35 45 210
1 3 4 4 9 35 63 90
1 3 4 4 9 36 44 198
1 3 4 4 9 36 45 180
1 3 4 4 9 36 48 144
1 3 4 4 9 36 52 117
1 3 4 4 9 36 54 108
1 3 4 4 9 36 60 90
1 3 4 4 9 36 63 84
1 3 4 4 9 36 72 72
1 3 4 4 9 39 45 130
1 3 4 4 9 40 40 180
1 3 4 4 9 40 45 120
1 3 4 4 9 40 60 72
1 3 4 4 9 42 42 126
1 3 4 4 9 42 45 105
1 3 4 4 9 42 56 72
1 3 4 4 9 42 63 63
1 3 4 4 9 44 44 99
1 3 4 4 9 45 45 90
1 3 4 4 9 45 48 80
1 3 4 4 9 45 50 75
1 3 4 4 9 45 55 66
1 3 4 4 9 45 60 60
1 3 4 4 9 48 48 72
1 3 4 4 9 54 54 54
1 3 4 4 10 18 165 198
1 3 4 4 10 18 171 190
1 3 4 4 10 18 180 180
1 3 4 4 10 19 114 190
1 3 4 4 10 20 84 210
1 3 4 4 10 20 85 204
1 3 4 4 10 20 90 180
1 3 4 4 10 20 96 160
1 3 4 4 10 20 100 150
1 3 4 4 10 20 105 140
1 3 4 4 10 20 108 135
1 3 4 4 10 20 110 132
1 3 4 4 10 20 120 120
1 3 4 4 10 21 70 210
1 3 4 4 10 21 75 175
1 3 4 4 10 21 77 165
1 3 4 4 10 21 84 140
1 3 4 4 10 21 90 126
1 3 4 4 10 21 105 105
1 3 4 4 10 22 60 220
1 3 4 4 10 22 66 165
1 3 4 4 10 22 90 99
1 3 4 4 10 23 69 115
1 3 4 4 10 24 50 200
1 3 4 4 10 24 56 140
1 3 4 4 10 24 60 120
1 3 4 4 10 24 65 104
1 3 4 4 10 24 72 90
1 3 4 4 10 24 80 80
1 3 4 4 10 25 50 150
1 3 4 4 10 25 60 100
1 3 4 4 10 25 75 75
1 3 4 4 10 26 65 78
1 3 4 4 10 27 40 216
1 3 4 4 10 27 45 135
1 3 4 4 10 27 54 90
1 3 4 4 10 28 40 168
1 3 4 4 10 28 42 140
1 3 4 4 10 28 60 70
1 3 4 4 10 30 35 210
1 3 4 4 10 30 36 180
1 3 4 4 10 30 39 130
1 3 4 4 10 30 40 120
1 3 4 4 10 30 42 105
1 3 4 4 10 30 45 90
1 3 4 4 10 30 48 80
1 3 4 4 10 30 50 75
1 3 4 4 10 30 55 66
1 3 4 4 10 30 60 60
1 3 4 4 10 32 40 96
1 3 4 4 10 33 33 165
1 3 4 4 10 33 40 88
1 3 4 4 10 33 55 55
1 3 4 4 10 35 35 105
1 3 4 4 10 35 42 70
1 3 4 4 10 35 45 63
1 3 4 4 10 36 36 90
1 3 4 4 10 36 40 72
1 3 4 4 10 36 45 60
1 3 4 4 10 39 39 65
1 3 4 4 10 40 40 60
1 3 4 4 10 40 42 56
1 3 4 4 10 40 48 48
1 3 4 4 10 45 45 45
1 3 4 4 11 15 220 220
1 3 4 4 11 16 132 176
1 3 4 4 11 18 66 198
1 3 4 4 11 18 90 110
1 3 4 4 11 18 99 99
1 3 4 4 11 20 55 132
1 3 4 4 11 20 60 110
1 3 4 4 11 21 66 77
1 3 4 4 11 22 42 154
1 3 4 4 11 22 44 132
1 3 4 4 11 22 66 66
1 3 4 4 11 24 40 110
1 3 4 4 11 24 44 88
1 3 4 4 11 26 33 143
1 3 4 4 11 30 30 110
1 3 4 4 11 33 33 66
1 3 4 4 11 33 44 44
1 3 4 4 12 14 140 210
1 3 4 4 12 14 147 196
1 3 4 4 12 14 156 182
1 3 4 4 12 14 168 168
1 3 4 4 12 15 84 210
1 3 4 4 12 15 85 204
1 3 4 4 12 15 90 180
1 3 4 4 12 15 96 160
1 3 4 4 12 15 100 150
1 3 4 4 12 15 105 140
1 3 4 4 12 15 108 135
1 3 4 4 12 15 110 132
1 3 4 4 12 15 120 120
1 3 4 4 12 16 64 192
1 3 4 4 12 16 66 176
1 3 4 4 12 16 72 144
1 3 4 4 12 16 80 120
1 3 4 4 12 16 84 112
1 3 4 4 12 16 96 96
1 3 4 4 12 17 51 204
1 3 4 4 12 17 68 102
1 3 4 4 12 18 44 198
1 3 4 4 12 18 45 180
1 3 4 4 12 18 48 144
1 3 4 4 12 18 52 117
1 3 4 4 12 18 54 108
1 3 4 4 12 18 60 90
1 3 4 4 12 18 63 84
1 3 4 4 12 18 72 72
1 3 4 4 12 19 57 76
1 3 4 4 12 20 35 210
1 3 4 4 12 20 36 180
1 3 4 4 12 20 39 130
1 3 4 4 12 20 40 120
1 3 4 4 12 20 42 105
1 3 4 4 12 20 45 90
1 3 4 4 12 20 48 80
1 3 4 4 12 20 50 75
1 3 4 4 12 20 55 66
1 3 4 4 12 20 60 60
1 3 4 4 12 21 32 224
1 3 4 4 12 21 35 140
1 3 4 4 12 21 36 126
1 3 4 4 12 21 42 84
1 3 4 4 12 21 44 77
1 3 4 4 12 21 56 56
1 3 4 4 12 22 30 220
1 3 4 4 12 22 33 132
1 3 4 4 12 22 36 99
1 3 4 4 12 22 44 66
1 3 4 4 12 24 27 216
1 3 4 4 12 24 28 168
1 3 4 4 12 24 30 120
1 3 4 4 12 24 32 96
1 3 4 4 12 24 33 88
1 3 4 4 12 24 36 72
1 3 4 4 12 24 40 60
1 3 4 4 12 24 42 56
1 3 4 4 12 24 48 48
1 3 4 4 12 25 30 100
1 3 4 4 12 26 26 156
1 3 4 4 12 26 39 52
1 3 4 4 12 27 27 108
1 3 4 4 12 27 36 54
1 3 4 4 12 28 28 84
1 3 4 4 12 28 30 70
1 3 4 4 12 28 42 42
1 3 4 4 12 30 30 60
1 3 4 4 12 30 36 45
1 3 4 4 12 30 40 40
1 3 4 4 12 32 32 48
1 3 4 4 12 33 33 44
1 3 4 4 12 36 36 36
1 3 4 4 13 13 130 195
1 3 4 4 13 13 156 156
1 3 4 4 13 14 78 182
1 3 4 4 13 14 84 156
1 3 4 4 13 15 60 156
1 3 4 4 13 15 65 130
1 3 4 4 13 16 48 156
1 3 4 4 13 18 36 156
1 3 4 4 13 18 39 117
1 3 4 4 13 20 30 156
1 3 4 4 13 21 28 156
1 3 4 4 13 24 24 156
1 3 4 4 13 24 26 104
1 3 4 4 13 26 26 78
1 3 4 4 13 26 39 39
1 3 4 4 14 14 54 189
1 3 4 4 14 14 56 168
1 3 4 4 14 14 60 140
1 3 4 4 14 14 63 126
1 3 4 4 14 14 70 105
1 3 4 4 14 14 78 91
1 3 4 4 14 14 84 84
1 3 4 4 14 15 42 210
1 3 4 4 14 15 60 84
1 3 4 4 14 15 70 70
1 3 4 4 14 16 42 112
1 3 4 4 14 16 48 84
1 3 4 4 14 18 35 90
1 3 4 4 14 18 36 84
1 3 4 4 14 18 42 63
1 3 4 4 14 20 28 105
1 3 4 4 14 20 30 84
1 3 4 4 14 20 35 60
1 3 4 4 14 21 24 168
1 3 4 4 14 21 28 84
1 3 4 4 14 21 30 70
1 3 4 4 14 21 42 42
1 3 4 4 14 24 24 84
1 3 4 4 14 24 28 56
1 3 4 4 14 24 35 40
1 3 4 4 14 28 28 42
1 3 4 4 14 30 30 35
1 3 4 4 15 15 35 210
1 3 4 4 15 15 36 180
1 3 4 4 15 15 39 130
1 3 4 4 15 15 40 120
1 3 4 4 15 15 42 105
1 3 4 4 15 15 45 90
1 3 4 4 15 15 48 80
1 3 4 4 15 15 50 75
1 3 4 4 15 15 55 66
1 3 4 4 15 15 60 60
1 3 4 4 15 16 32 160
1 3 4 4 15 16 35 112
1 3 4 4 15 16 40 80
1 3 4 4 15 16 48 60
1 3 4 4 15 17 34 85
1 3 4 4 15 18 27 135
1 3 4 4 15 18 30 90
1 3 4 4 15 18 35 63
1 3 4 4 15 18 36 60
1 3 4 4 15 18 45 45
1 3 4 4 15 20 22 220
1 3 4 4 15 20 24 120
1 3 4 4 15 20 25 100
1 3 4 4 15 20 28 70
1 3 4 4 15 20 30 60
1 3 4 4 15 20 36 45
1 3 4 4 15 20 40 40
1 3 4 4 15 21 21 210
1 3 4 4 15 21 28 60
1 3 4 4 15 21 35 42
1 3 4 4 15 22 22 110
1 3 4 4 15 24 24 60
1 3 4 4 15 24 30 40
1 3 4 4 15 25 25 50
1 3 4 4 15 28 28 35
1 3 4 4 15 30 30 30
1 3 4 4 16 16 27 216
1 3 4 4 16 16 28 168
1 3 4 4 16 16 30 120
1 3 4 4 16 16 32 96
1 3 4 4 16 16 33 88
1 3 4 4 16 16 36 72
1 3 4 4 16 16 40 60
1 3 4 4 16 16 42 56
1 3 4 4 16 16 48 48
1 3 4 4 16 18 24 144
1 3 4 4 16 18 36 48
1 3 4 4 16 20 24 80
1 3 4 4 16 20 30 48
1 3 4 4 16 21 21 112
1 3 4 4 16 21 28 48
1 3 4 4 16 24 24 48
1 3 4 4 16 24 32 32
1 3 4 4 17 17 24 136
1 3 4 4 17 17 34 51
1 3 4 4 18 18 20 180
1 3 4 4 18 18 21 126
1 3 4 4 18 18 22 99
1 3 4 4 18 18 24 72
1 3 4 4 18 18 27 54
1 3 4 4 18 18 30 45
1 3 4 4 18 18 36 36
1 3 4 4 18 19 19 171
1 3 4 4 18 20 20 90
1 3 4 4 18 20 30 36
1 3 4 4 18 21 21 63
1 3 4 4 18 21 28 36
1 3 4 4 18 24 24 36
1 3 4 4 18 27 27 27
1 3 4 4 19 19 19 114
1 3 4 4 20 20 20 60
1 3 4 4 20 20 24 40
1 3 4 4 20 20 30 30
1 3 4 4 20 21 28 30
1 3 4 4 20 24 24 30
1 3 4 4 21 21 21 42
1 3 4 4 21 21 28 28
1 3 4 4 21 24 24 28
1 3 4 4 22 22 22 33
1 3 4 4 24 24 24 24
1 3 4 5 5 132 220 220
1 3 4 5 5 135 216 216
1 3 4 5 5 140 210 210
1 3 4 5 5 143 195 220
1 3 4 5 5 147 196 210
1 3 4 5 5 148 185 222
1 3 4 5 5 150 200 200
1 3 4 5 5 156 182 210
1 3 4 5 5 156 195 195
1 3 4 5 5 160 168 224
1 3 4 5 5 160 192 192
1 3 4 5 5 165 165 220
1 3 4 5 5 165 180 198
1 3 4 5 5 168 168 210
1 3 4 5 5 168 175 200
1 3 4 5 5 170 170 204
1 3 4 5 5 171 180 190
1 3 4 5 5 180 180 180
1 3 4 5 6 25 200 200
1 3 4 5 6 26 143 220
1 3 4 5 6 26 156 195
1 3 4 5 6 27 120 216
1 3 4 5 6 27 135 180
1 3 4 5 6 28 105 210
1 3 4 5 6 28 119 170
1 3 4 5 6 28 120 168
1 3 4 5 6 28 140 140
1 3 4 5 6 29 116 145
1 3 4 5 6 30 84 210
1 3 4 5 6 30 85 204
1 3 4 5 6 30 90 180
1 3 4 5 6 30 96 160
1 3 4 5 6 30 100 150
1 3 4 5 6 30 105 140
1 3 4 5 6 30 108 135
1 3 4 5 6 30 110 132
1 3 4 5 6 30 120 120
1 3 4 5 6 32 70 224
1 3 4 5 6 32 80 160
1 3 4 5 6 32 96 120
1 3 4 5 6 33 66 220
1 3 4 5 6 33 88 120
1 3 4 5 6 34 68 170
1 3 4 5 6 35 60 210
1 3 4 5 6 35 63 180
1 3 4 5 6 35 70 140
1 3 4 5 6 35 80 112
1 3 4 5 6 35 84 105
1 3 4 5 6 36 60 180
1 3 4 5 6 36 70 126
1 3 4 5 6 36 72 120
1 3 4 5 6 36 90 90
1 3 4 5 6 38 76 95
1 3 4 5 6 39 52 195
1 3 4 5 6 39 60 130
1 3 4 5 6 40 50 200
1 3 4 5 6 40 56 140
1 3 4 5 6 40 60 120
1 3 4 5 6 40 65 104
1 3 4 5 6 40 72 90
1 3 4 5 6 40 80 80
1 3 4 5 6 42 56 120
1 3 4 5 6 42 60 105
1 3 4 5 6 42 70 84
1 3 4 5 6 44 44 220
1 3 4 5 6 44 45 198
1 3 4 5 6 44 55 110
1 3 4 5 6 44 70 77
1 3 4 5 6 45 45 180
1 3 4 5 6 45 48 144
1 3 4 5 6 45 52 117
1 3 4 5 6 45 54 108
1 3 4 5 6 45 60 90
1 3 4 5 6 45 63 84
1 3 4 5 6 45 72 72
1 3 4 5 6 48 48 120
1 3 4 5 6 48 60 80
1 3 4 5 6 50 50 100
1 3 4 5 6 50 60 75
1 3 4 5 6 52 65 65
1 3 4 5 6 55 60 66
1 3 4 5 6 56 56 70
1 3 4 5 6 60 60 60
1 3 4 5 7 18 90 140
1 3 4 5 7 20 54 189
1 3 4 5 7 20 56 168
1 3 4 5 7 20 60 140
1 3 4 5 7 20 63 126
1 3 4 5 7 20 70 105
1 3 4 5 7 20 78 91
1 3 4 5 7 20 84 84
1 3 4 5 7 21 56 120
1 3 4 5 7 21 60 105
1 3 4 5 7 21 70 84
1 3 4 5 7 22 42 220
1 3 4 5 7 24 40 140
1 3 4 5 7 24 42 120
1 3 4 5 7 24 56 70
1 3 4 5 7 25 42 100
1 3 4 5 7 28 30 210
1 3 4 5 7 28 35 105
1 3 4 5 7 28 42 70
1 3 4 5 7 28 45 63
1 3 4 5 7 30 30 140
1 3 4 5 7 30 35 84
1 3 4 5 7 30 42 60
1 3 4 5 7 35 35 60
1 3 4 5 7 36 42 45
1 3 4 5 7 40 40 42
1 3 4 5 8 13 104 195
1 3 4 5 8 13 120 156
1 3 4 5 8 14 70 168
1 3 4 5 8 14 84 120
1 3 4 5 8 15 50 200
1 3 4 5 8 15 56 140
1 3 4 5 8 15 60 120
1 3 4 5 8 15 65 104
1 3 4 5 8 15 72 90
1 3 4 5 8 15 80 80
1 3 4 5 8 16 45 144
1 3 4 5 8 16 48 120
1 3 4 5 8 16 60 80
1 3 4 5 8 18 36 120
1 3 4 5 8 18 40 90
1 3 4 5 8 18 45 72
1 3 4 5 8 20 27 216
1 3 4 5 8 20 28 168
1 3 4 5 8 20 30 120
1 3 4 5 8 20 32 96
1 3 4 5 8 20 33 88
1 3 4 5 8 20 36 72
1 3 4 5 8 20 40 60
1 3 4 5 8 20 42 56
1 3 4 5 8 20 48 48
1 3 4 5 8 21 28 120
1 3 4 5 8 22 24 220
1 3 4 5 8 24 24 120
1 3 4 5 8 24 25 100
1 3 4 5 8 24 28 70
1 3 4 5 8 24 30 60
1 3 4 5 8 24 36 45
1 3 4 5 8 24 40 40
1 3 4 5 8 30 30 40
1 3 4 5 9 11 99 220
1 3 4 5 9 11 110 180
1 3 4 5 9 12 60 180
1 3 4 5 9 12 70 126
1 3 4 5 9 12 72 120
1 3 4 5 9 12 90 90
1 3 4 5 9 13 45 156
1 3 4 5 9 14 35 180
1 3 4 5 9 14 45 84
1 3 4 5 9 15 30 180
1 3 4 5 9 15 36 90
1 3 4 5 9 15 40 72
1 3 4 5 9 15 45 60
1 3 4 5 9 16 45 48
1 3 4 5 9 18 22 220
1 3 4 5 9 18 24 120
1 3 4 5 9 18 25 100
1 3 4 5 9 18 28 70
1 3 4 5 9 18 30 60
1 3 4 5 9 18 36 45
1 3 4 5 9 18 40 40
1 3 4 5 9 20 20 180
1 3 4 5 9 20 21 126
1 3 4 5 9 20 22 99
1 3 4 5 9 20 24 72
1 3 4 5 9 20 27 54
1 3 4 5 9 20 30 45
1 3 4 5 9 20 36 36
1 3 4 5 9 21 28 45
1 3 4 5 9 24 24 45
1 3 4 5 10 10 84 210
1 3 4 5 10 10 85 204
1 3 4 5 10 10 90 180
1 3 4 5 10 10 96 160
1 3 4 5 10 10 100 150
1 3 4 5 10 10 105 140
1 3 4 5 10 10 108 135
1 3 4 5 10 10 110 132
1 3 4 5 10 10 120 120
1 3 4 5 10 11 55 132
1 3 4 5 10 11 60 110
1 3 4 5 10 12 35 210
1 3 4 5 10 12 36 180
1 3 4 5 10 12 39 130
1 3 4 5 10 12 40 120
1 3 4 5 10 12 42 105
1 3 4 5 10 12 45 90
1 3 4 5 10 12 48 80
1 3 4 5 10 12 50 75
1 3 4 5 10 12 55 66
1 3 4 5 10 12 60 60
1 3 4 5 10 13 30 156
1 3 4 5 10 14 28 105
1 3 4 5 10 14 30 84
1 3 4 5 10 14 35 60
1 3 4 5 10 15 22 220
1 3 4 5 10 15 24 120
1 3 4 5 10 15 25 100
1 3 4 5 10 15 28 70
1 3 4 5 10 15 30 60
1 3 4 5 10 15 36 45
1 3 4 5 10 15 40 40
1 3 4 5 10 16 24 80
1 3 4 5 10 16 30 48
1 3 4 5 10 18 18 180
1 3 4 5 10 18 20 90
1 3 4 5 10 18 30 36
1 3 4 5 10 20 20 60
1 3 4 5 10 20 24 40
1 3 4 5 10 20 30 30
1 3 4 5 10 21 28 30
1 3 4 5 10 24 24 30
1 3 4 5 11 11 33 220
1 3 4 5 11 11 55 60
1 3 4 5 11 12 30 110
1 3 4 5 11 15 20 110
1 3 4 5 11 20 22 33
1 3 4 5 12 12 22 220
1 3 4 5 12 12 24 120
1 3 4 5 12 12 25 100
1 3 4 5 12 12 28 70
1 3 4 5 12 12 30 60
1 3 4 5 12 12 36 45
1 3 4 5 12 12 40 40
1 3 4 5 12 13 20 156
1 3 4 5 12 14 20 84
1 3 4 5 12 14 21 70
1 3 4 5 12 14 30 35
1 3 4 5 12 15 18 90
1 3 4 5 12 15 20 60
1 3 4 5 12 15 24 40
1 3 4 5 12 15 30 30
1 3 4 5 12 16 16 120
1 3 4 5 12 16 20 48
1 3 4 5 12 18 18 45
1 3 4 5 12 18 20 36
1 3 4 5 12 20 20 30
1 3 4 5 12 20 21 28
1 3 4 5 12 20 24 24
1 3 4 5 13 13 20 78
1 3 4 5 13 15 15 156
1 3 4 5 14 14 15 140
1 3 4 5 14 14 20 42
1 3 4 5 14 15 15 84
1 3 4 5 14 15 20 35
1 3 4 5 14 20 21 21
1 3 4 5 15 15 15 60
1 3 4 5 15 15 16 48
1 3 4 5 15 15 18 36
1 3 4 5 15 15 20 30
1 3 4 5 15 15 21 28
1 3 4 5 15 15 24 24
1 3 4 5 15 16 16 40
1 3 4 5 15 20 20 20
1 3 4 5 16 16 20 24
1 3 4 5 18 18 18 20
1 3 4 6 6 14 140 210
1 3 4 6 6 14 147 196
1 3 4 6 6 14 156 182
1 3 4 6 6 14 168 168
1 3 4 6 6 15 84 210
1 3 4 6 6 15 85 204
1 3 4 6 6 15 90 180
1 3 4 6 6 15 96 160
1 3 4 6 6 15 100 150
1 3 4 6 6 15 105 140
1 3 4 6 6 15 108 135
1 3 4 6 6 15 110 132
1 3 4 6 6 15 120 120
1 3 4 6 6 16 64 192
1 3 4 6 6 16 66 176
1 3 4 6 6 16 72 144
1 3 4 6 6 16 80 120
1 3 4 6 6 16 84 112
1 3 4 6 6 16 96 96
1 3 4 6 6 17 51 204
1 3 4 6 6 17 68 102
1 3 4 6 6 18 44 198
1 3 4 6 6 18 45 180
1 3 4 6 6 18 48 144
1 3 4 6 6 18 52 117
1 3 4 6 6 18 54 108
1 3 4 6 6 18 60 90
1 3 4 6 6 18 63 84
1 3 4 6 6 18 72 72
1 3 4 6 6 19 57 76
1 3 4 6 6 20 35 210
1 3 4 6 6 20 36 180
1 3 4 6 6 20 39 130
1 3 4 6 6 20 40 120
1 3 4 6 6 20 42 105
1 3 4 6 6 20 45 90
1 3 4 6 6 20 48 80
1 3 4 6 6 20 50 75
1 3 4 6 6 20 55 66
1 3 4 6 6 20 60 60
1 3 4 6 6 21 32 224
1 3 4 6 6 21 35 140
1 3 4 6 6 21 36 126
1 3 4 6 6 21 42 84
1 3 4 6 6 21 44 77
1 3 4 6 6 21 56 56
1 3 4 6 6 22 30 220
1 3 4 6 6 22 33 132
1 3 4 6 6 22 36 99
1 3 4 6 6 22 44 66
1 3 4 6 6 24 27 216
1 3 4 6 6 24 28 168
1 3 4 6 6 24 30 120
1 3 4 6 6 24 32 96
1 3 4 6 6 24 33 88
1 3 4 6 6 24 36 72
1 3 4 6 6 24 40 60
1 3 4 6 6 24 42 56
1 3 4 6 6 24 48 48
1 3 4 6 6 25 30 100
1 3 4 6 6 26 26 156
1 3 4 6 6 26 39 52
1 3 4 6 6 27 27 108
1 3 4 6 6 27 36 54
1 3 4 6 6 28 28 84
1 3 4 6 6 28 30 70
1 3 4 6 6 28 42 42
1 3 4 6 6 30 30 60
1 3 4 6 6 30 36 45
1 3 4 6 6 30 40 40
1 3 4 6 6 32 32 48
1 3 4 6 6 33 33 44
1 3 4 6 6 36 36 36
1 3 4 6 7 11 110 140
1 3 4 6 7 12 54 189
1 3 4 6 7 12 56 168
1 3 4 6 7 12 60 140
1 3 4 6 7 12 63 126
1 3 4 6 7 12 70 105
1 3 4 6 7 12 78 91
1 3 4 6 7 12 84 84
1 3 4 6 7 13 42 156
1 3 4 6 7 13 52 91
1 3 4 6 7 14 32 224
1 3 4 6 7 14 35 140
1 3 4 6 7 14 36 126
1 3 4 6 7 14 42 84
1 3 4 6 7 14 44 77
1 3 4 6 7 14 56 56
1 3 4 6 7 15 28 210
1 3 4 6 7 15 30 140
1 3 4 6 7 15 35 84
1 3 4 6 7 15 42 60
1 3 4 6 7 16 28 112
1 3 4 6 7 16 42 48
1 3 4 6 7 18 28 63
1 3 4 6 7 18 36 42
1 3 4 6 7 20 20 140
1 3 4 6 7 20 21 105
1 3 4 6 7 20 30 42
1 3 4 6 7 20 35 35
1 3 4 6 7 21 21 84
1 3 4 6 7 21 24 56
1 3 4 6 7 21 28 42
1 3 4 6 7 24 24 42
1 3 4 6 7 28 28 28
1 3 4 6 8 9 108 216
1 3 4 6 8 9 120 180
1 3 4 6 8 9 126 168
1 3 4 6 8 9 136 153
1 3 4 6 8 9 144 144
1 3 4 6 8 10 50 200
1 3 4 6 8 10 56 140
1 3 4 6 8 10 60 120
1 3 4 6 8 10 65 104
1 3 4 6 8 10 72 90
1 3 4 6 8 10 80 80
1 3 4 6 8 11 40 110
1 3 4 6 8 11 44 88
1 3 4 6 8 12 27 216
1 3 4 6 8 12 28 168
1 3 4 6 8 12 30 120
1 3 4 6 8 12 32 96
1 3 4 6 8 12 33 88
1 3 4 6 8 12 36 72
1 3 4 6 8 12 40 60
1 3 4 6 8 12 42 56
1 3 4 6 8 12 48 48
1 3 4 6 8 13 24 156
1 3 4 6 8 13 26 104
1 3 4 6 8 14 21 168
1 3 4 6 8 14 24 84
1 3 4 6 8 14 28 56
1 3 4 6 8 14 35 40
1 3 4 6 8 15 20 120
1 3 4 6 8 15 24 60
1 3 4 6 8 15 30 40
1 3 4 6 8 16 18 144
1 3 4 6 8 16 20 80
1 3 4 6 8 16 24 48
1 3 4 6 8 16 32 32
1 3 4 6 8 17 17 136
1 3 4 6 8 18 18 72
1 3 4 6 8 18 24 36
1 3 4 6 8 20 20 40
1 3 4 6 8 20 24 30
1 3 4 6 8 21 24 28
1 3 4 6 8 24 24 24
1 3 4 6 9 9 44 198
1 3 4 6 9 9 45 180
1 3 4 6 9 9 48 144
1 3 4 6 9 9 52 117
1 3 4 6 9 9 54 108
1 3 4 6 9 9 60 90
1 3 4 6 9 9 63 84
1 3 4 6 9 9 72 72
1 3 4 6 9 10 30 180
1 3 4 6 9 10 36 90
1 3 4 6 9 10 40 72
1 3 4 6 9 10 45 60
1 3 4 6 9 12 20 180
1 3 4 6 9 12 21 126
1 3 4 6 9 12 22 99
1 3 4 6 9 12 24 72
1 3 4 6 9 12 27 54
1 3 4 6 9 12 30 45
1 3 4 6 9 12 36 36
1 3 4 6 9 13 18 156
1 3 4 6 9 14 18 84
1 3 4 6 9 15 15 180
1 3 4 6 9 15 18 60
1 3 4 6 9 15 20 45
1 3 4 6 9 16 16 72
1 3 4 6 9 16 18 48
1 3 4 6 9 18 18 36
1 3 4 6 9 18 20 30
1 3 4 6 9 18 21 28
1 3 4 6 9 18 24 24
1 3 4 6 10 10 22 220
1 3 4 6 10 10 24 120
1 3 4 6 10 10 25 100
1 3 4 6 10 10 28 70
1 3 4 6 10 10 30 60
1 3 4 6 10 10 36 45
1 3 4 6 10 10 40 40
1 3 4 6 10 11 20 110
1 3 4 6 10 12 18 90
1 3 4 6 10 12 20 60
1 3 4 6 10 12 24 40
1 3 4 6 10 12 30 30
1 3 4 6 10 13 15 156
1 3 4 6 10 14 14 140
1 3 4 6 10 14 15 84
1 3 4 6 10 14 20 35
1 3 4 6 10 15 15 60
1 3 4 6 10 15 16 48
1 3 4 6 10 15 18 36
1 3 4 6 10 15 20 30
1 3 4 6 10 15 21 28
1 3 4 6 10 15 24 24
1 3 4 6 10 16 16 40
1 3 4 6 10 20 20 20
1 3 4 6 11 11 16 176
1 3 4 6 11 11 20 55
1 3 4 6 11 11 22 44
1 3 4 6 11 12 15 110
1 3 4 6 11 12 22 33
1 3 4 6 12 12 13 156
1 3 4 6 12 12 14 84
1 3 4 6 12 12 15 60
1 3 4 6 12 12 16 48
1 3 4 6 12 12 18 36
1 3 4 6 12 12 20 30
1 3 4 6 12 12 21 28
1 3 4 6 12 12 24 24
1 3 4 6 12 13 13 78
1 3 4 6 12 14 14 42
1 3 4 6 12 14 15 35
1 3 4 6 12 14 21 21
1 3 4 6 12 15 15 30
1 3 4 6 12 15 20 20
1 3 4 6 12 16 16 24
1 3 4 6 12 18 18 18
1 3 4 6 13 13 13 52
1 3 4 6 14 14 14 28
1 3 4 6 15 15 15 20
1 3 4 6 16 16 16 16
1 3 4 7 7 9 70 180
1 3 4 7 7 9 72 168
1 3 4 7 7 9 84 126
1 3 4 7 7 10 40 168
1 3 4 7 7 10 42 140
1 3 4 7 7 10 60 70
1 3 4 7 7 12 24 168
1 3 4 7 7 12 28 84
1 3 4 7 7 12 30 70
1 3 4 7 7 12 42 42
1 3 4 7 7 13 21 156
1 3 4 7 7 14 20 105
1 3 4 7 7 14 21 84
1 3 4 7 7 14 24 56
1 3 4 7 7 14 28 42
1 3 4 7 7 15 20 70
1 3 4 7 7 15 21 60
1 3 4 7 7 15 28 35
1 3 4 7 7 16 16 168
1 3 4 7 7 16 21 48
1 3 4 7 7 18 21 36
1 3 4 7 7 20 21 30
1 3 4 7 7 21 21 28
1 3 4 7 7 21 24 24
1 3 4 7 8 8 54 189
1 3 4 7 8 8 56 168
1 3 4 7 8 8 60 140
1 3 4 7 8 8 63 126
1 3 4 7 8 8 70 105
1 3 4 7 8 8 78 91
1 3 4 7 8 8 84 84
1 3 4 7 8 9 42 72
1 3 4 7 8 10 24 140
1 3 4 7 8 10 40 42
1 3 4 7 8 12 21 56
1 3 4 7 8 12 24 42
1 3 4 7 8 14 14 168
1 3 4 7 8 14 24 28
1 3 4 7 8 16 16 42
1 3 4 7 9 9 28 63
1 3 4 7 9 9 36 42
1 3 4 7 9 10 18 140
1 3 4 7 9 12 14 126
1 3 4 7 9 12 18 42
1 3 4 7 9 14 18 28
1 3 4 7 10 10 15 140
1 3 4 7 10 10 20 42
1 3 4 7 10 12 12 140
1 3 4 7 10 12 15 42
1 3 4 7 10 14 15 28
1 3 4 7 12 12 12 42
1 3 4 7 12 12 14 28
1 3 4 7 12 14 14 21
1 3 4 8 8 8 27 216
1 3 4 8 8 8 28 168
1 3 4 8 8 8 30 120
1 3 4 8 8 8 32 96
1 3 4 8 8 8 33 88
1 3 4 8 8 8 36 72
1 3 4 8 8 8 40 60
1 3 4 8 8 8 42 56
1 3 4 8 8 8 48 48
1 3 4 8 8 9 20 180
1 3 4 8 8 9 21 126
1 3 4 8 8 9 22 99
1 3 4 8 8 9 24 72
1 3 4 8 8 9 27 54
1 3 4 8 8 9 30 45
1 3 4 8 8 9 36 36
1 3 4 8 8 10 18 90
1 3 4 8 8 10 20 60
1 3 4 8 8 10 24 40
1 3 4 8 8 10 30 30
1 3 4 8 8 11 15 110
1 3 4 8 8 11 22 33
1 3 4 8 8 12 13 156
1 3 4 8 8 12 14 84
1 3 4 8 8 12 15 60
1 3 4 8 8 12 16 48
1 3 4 8 8 12 18 36
1 3 4 8 8 12 20 30
1 3 4 8 8 12 21 28
1 3 4 8 8 12 24 24
1 3 4 8 8 13 13 78
1 3 4 8 8 14 14 42
1 3 4 8 8 14 15 35
1 3 4 8 8 14 21 21
1 3 4 8 8 15 15 30
1 3 4 8 8 15 20 20
1 3 4 8 8 16 16 24
1 3 4 8 8 18 18 18
1 3 4 8 9 9 16 144
1 3 4 8 9 9 18 72
1 3 4 8 9 9 24 36
1 3 4 8 9 10 15 72
1 3 4 8 9 10 18 40
1 3 4 8 9 12 12 72
1 3 4 8 9 12 18 24
1 3 4 8 9 16 16 18
1 3 4 8 10 10 12 120
1 3 4 8 10 10 15 40
1 3 4 8 10 10 20 24
1 3 4 8 10 12 12 40
1 3 4 8 10 12 15 24
1 3 4 8 10 15 16 16
1 3 4 8 12 12 12 24
1 3 4 8 12 12 16 16
1 3 4 9 9 9 13 156
1 3 4 9 9 9 14 84
1 3 4 9 9 9 15 60
1 3 4 9 9 9 16 48
1 3 4 9 9 9 18 36
1 3 4 9 9 9 20 30
1 3 4 9 9 9 21 28
1 3 4 9 9 9 24 24
1 3 4 9 9 10 12 90
1 3 4 9 9 10 15 36
1 3 4 9 9 12 12 36
1 3 4 9 9 12 18 18
1 3 4 9 10 10 10 180
1 3 4 9 10 10 12 45
1 3 4 9 10 10 18 20
1 3 4 9 10 12 15 18
1 3 4 9 12 12 12 18
1 3 4 10 10 10 10 60
1 3 4 10 10 10 12 30
1 3 4 10 10 10 15 20
1 3 4 10 10 12 12 20
1 3 4 10 10 12 15 15
1 3 4 10 12 12 12 15
1 3 4 12 12 12 12 12
1 3 5 5 5 18 165 198
1 3 5 5 5 18 171 190
1 3 5 5 5 18 180 180
1 3 5 5 5 19 114 190
1 3 5 5 5 20 84 210
1 3 5 5 5 20 85 204
1 3 5 5 5 20 90 180
1 3 5 5 5 20 96 160
1 3 5 5 5 20 100 150
1 3 5 5 5 20 105 140
1 3 5 5 5 20 108 135
1 3 5 5 5 20 110 132
1 3 5 5 5 20 120 120
1 3 5 5 5 21 70 210
1 3 5 5 5 21 75 175
1 3 5 5 5 21 77 165
1 3 5 5 5 21 84 140
1 3 5 5 5 21 90 126
1 3 5 5 5 21 105 105
1 3 5 5 5 22 60 220
1 3 5 5 5 22 66 165
1 3 5 5 5 22 90 99
1 3 5 5 5 23 69 115
1 3 5 5 5 24 50 200
1 3 5 5 5 24 56 140
1 3 5 5 5 24 60 120
1 3 5 5 5 24 65 104
1 3 5 5 5 24 72 90
1 3 5 5 5 24 80 80
1 3 5 5 5 25 50 150
1 3 5 5 5 25 60 100
1 3 5 5 5 25 75 75
1 3 5 5 5 26 65 78
1 3 5 5 5 27 40 216
1 3 5 5 5 27 45 135
1 3 5 5 5 27 54 90
1 3 5 5 5 28 40 168
1 3 5 5 5 28 42 140
1 3 5 5 5 28 60 70
1 3 5 5 5 30 35 210
1 3 5 5 5 30 36 180
1 3 5 5 5 30 39 130
1 3 5 5 5 30 40 120
1 3 5 5 5 30 42 105
1 3 5 5 5 30 45 90
1 3 5 5 5 30 48 80
1 3 5 5 5 30 50 75
1 3 5 5 5 30 55 66
1 3 5 5 5 30 60 60
1 3 5 5 5 32 40 96
1 3 5 5 5 33 33 165
1 3 5 5 5 33 40 88
1 3 5 5 5 33 55 55
1 3 5 5 5 35 35 105
1 3 5 5 5 35 42 70
1 3 5 5 5 35 45 63
1 3 5 5 5 36 36 90
1 3 5 5 5 36 40 72
1 3 5 5 5 36 45 60
1 3 5 5 5 39 39 65
1 3 5 5 5 40 40 60
1 3 5 5 5 40 42 56
1 3 5 5 5 40 48 48
1 3 5 5 5 45 45 45
1 3 5 5 6 11 220 220
1 3 5 5 6 12 84 210
1 3 5 5 6 12 85 204
1 3 5 5 6 12 90 180
1 3 5 5 6 12 96 160
1 3 5 5 6 12 100 150
1 3 5 5 6 12 105 140
1 3 5 5 6 12 108 135
1 3 5 5 6 12 110 132
1 3 5 5 6 12 120 120
1 3 5 5 6 13 60 156
1 3 5 5 6 13 65 130
1 3 5 5 6 14 42 210
1 3 5 5 6 14 60 84
1 3 5 5 6 14 70 70
1 3 5 5 6 15 35 210
1 3 5 5 6 15 36 180
1 3 5 5 6 15 39 130
1 3 5 5 6 15 40 120
1 3 5 5 6 15 42 105
1 3 5 5 6 15 45 90
1 3 5 5 6 15 48 80
1 3 5 5 6 15 50 75
1 3 5 5 6 15 55 66
1 3 5 5 6 15 60 60
1 3 5 5 6 16 32 160
1 3 5 5 6 16 35 112
1 3 5 5 6 16 40 80
1 3 5 5 6 16 48 60
1 3 5 5 6 17 34 85
1 3 5 5 6 18 27 135
1 3 5 5 6 18 30 90
1 3 5 5 6 18 35 63
1 3 5 5 6 18 36 60
1 3 5 5 6 18 45 45
1 3 5 5 6 20 22 220
1 3 5 5 6 20 24 120
1 3 5 5 6 20 25 100
1 3 5 5 6 20 28 70
1 3 5 5 6 20 30 60
1 3 5 5 6 20 36 45
1 3 5 5 6 20 40 40
1 3 5 5 6 21 21 210
1 3 5 5 6 21 28 60
1 3 5 5 6 21 35 42
1 3 5 5 6 22 22 110
1 3 5 5 6 24 24 60
1 3 5 5 6 24 30 40
1 3 5 5 6 25 25 50
1 3 5 5 6 28 28 35
1 3 5 5 6 30 30 30
1 3 5 5 7 9 126 210
1 3 5 5 7 9 135 189
1 3 5 5 7 9 140 180
1 3 5 5 7 10 54 189
1 3 5 5 7 10 56 168
1 3 5 5 7 10 60 140
1 3 5 5 7 10 63 126
1 3 5 5 7 10 70 105
1 3 5 5 7 10 78 91
1 3 5 5 7 10 84 84
1 3 5 5 7 11 42 110
1 3 5 5 7 12 28 210
1 3 5 5 7 12 30 140
1 3 5 5 7 12 35 84
1 3 5 5 7 12 42 60
1 3 5 5 7 14 21 210
1 3 5 5 7 14 28 60
1 3 5 5 7 14 35 42
1 3 5 5 7 15 20 140
1 3 5 5 7 15 21 105
1 3 5 5 7 15 30 42
1 3 5 5 7 15 35 35
1 3 5 5 7 20 20 42
1 3 5 5 7 21 21 35
1 3 5 5 8 8 84 210
1 3 5 5 8 8 85 204
1 3 5 5 8 8 90 180
1 3 5 5 8 8 96 160
1 3 5 5 8 8 100 150
1 3 5 5 8 8 105 140
1 3 5 5 8 8 108 135
1 3 5 5 8 8 110 132
1 3 5 5 8 8 120 120
1 3 5 5 8 9 40 180
1 3 5 5 8 9 45 120
1 3 5 5 8 9 60 72
1 3 5 5 8 10 27 216
1 3 5 5 8 10 28 168
1 3 5 5 8 10 30 120
1 3 5 5 8 10 32 96
1 3 5 5 8 10 33 88
1 3 5 5 8 10 36 72
1 3 5 5 8 10 40 60
1 3 5 5 8 10 42 56
1 3 5 5 8 10 48 48
1 3 5 5 8 11 24 110
1 3 5 5 8 12 20 120
1 3 5 5 8 12 24 60
1 3 5 5 8 12 30 40
1 3 5 5 8 14 24 35
1 3 5 5 8 15 15 120
1 3 5 5 8 15 16 80
1 3 5 5 8 15 20 40
1 3 5 5 8 15 24 30
1 3 5 5 8 16 16 60
1 3 5 5 8 20 20 24
1 3 5 5 9 9 27 135
1 3 5 5 9 9 30 90
1 3 5 5 9 9 35 63
1 3 5 5 9 9 36 60
1 3 5 5 9 9 45 45
1 3 5 5 9 10 20 180
1 3 5 5 9 10 21 126
1 3 5 5 9 10 22 99
1 3 5 5 9 10 24 72
1 3 5 5 9 10 27 54
1 3 5 5 9 10 30 45
1 3 5 5 9 10 36 36
1 3 5 5 9 11 18 110
1 3 5 5 9 12 15 180
1 3 5 5 9 12 18 60
1 3 5 5 9 12 20 45
1 3 5 5 9 14 18 35
1 3 5 5 9 15 15 45
1 3 5 5 9 15 18 30
1 3 5 5 9 18 20 20
1 3 5 5 10 10 18 90
1 3 5 5 10 10 20 60
1 3 5 5 10 10 24 40
1 3 5 5 10 10 30 30
1 3 5 5 10 11 15 110
1 3 5 5 10 11 22 33
1 3 5 5 10 12 13 156
1 3 5 5 10 12 14 84
1 3 5 5 10 12 15 60
1 3 5 5 10 12 16 48
1 3 5 5 10 12 18 36
1 3 5 5 10 12 20 30
1 3 5 5 10 12 21 28
1 3 5 5 10 12 24 24
1 3 5 5 10 13 13 78
1 3 5 5 10 14 14 42
1 3 5 5 10 14 15 35
1 3 5 5 10 14 21 21
1 3 5 5 10 15 15 30
1 3 5 5 10 15 20 20
1 3 5 5 10 16 16 24
1 3 5 5 10 18 18 18
1 3 5 5 11 11 15 55
1 3 5 5 11 12 12 110
1 3 5 5 12 12 12 60
1 3 5 5 12 12 14 35
1 3 5 5 12 12 15 30
1 3 5 5 12 12 20 20
1 3 5 5 12 15 15 20
1 3 5 5 15 15 15 15
1 3 5 6 6 9 60 180
1 3 5 6 6 9 70 126
1 3 5 6 6 9 72 120
1 3 5 6 6 9 90 90
1 3 5 6 6 10 35 210
1 3 5 6 6 10 36 180
1 3 5 6 6 10 39 130
1 3 5 6 6 10 40 120
1 3 5 6 6 10 42 105
1 3 5 6 6 10 45 90
1 3 5 6 6 10 48 80
1 3 5 6 6 10 50 75
1 3 5 6 6 10 55 66
1 3 5 6 6 10 60 60
1 3 5 6 6 11 30 110
1 3 5 6 6 12 22 220
1 3 5 6 6 12 24 120
1 3 5 6 6 12 25 100
1 3 5 6 6 12 28 70
1 3 5 6 6 12 30 60
1 3 5 6 6 12 36 45
1 3 5 6 6 12 40 40
1 3 5 6 6 13 20 156
1 3 5 6 6 14 20 84
1 3 5 6 6 14 21 70
1 3 5 6 6 14 30 35
1 3 5 6 6 15 18 90
1 3 5 6 6 15 20 60
1 3 5 6 6 15 24 40
1 3 5 6 6 15 30 30
1 3 5 6 6 16 16 120
1 3 5 6 6 16 20 48
1 3 5 6 6 18 18 45
1 3 5 6 6 18 20 36
1 3 5 6 6 20 20 30
1 3 5 6 6 20 21 28
1 3 5 6 6 20 24 24
1 3 5 6 7 7 105 210
1 3 5 6 7 7 119 170
1 3 5 6 7 7 120 168
1 3 5 6 7 7 140 140
1 3 5 6 7 8 40 140
1 3 5 6 7 8 42 120
1 3 5 6 7 8 56 70
1 3 5 6 7 9 42 45
1 3 5 6 7 10 20 140
1 3 5 6 7 10 21 105
1 3 5 6 7 10 30 42
1 3 5 6 7 10 35 35
1 3 5 6 7 12 15 140
1 3 5 6 7 12 20 42
1 3 5 6 7 14 14 70
1 3 5 6 7 14 20 28
1 3 5 6 7 15 15 42
1 3 5 6 8 8 22 220
1 3 5 6 8 8 24 120
1 3 5 6 8 8 25 100
1 3 5 6 8 8 28 70
1 3 5 6 8 8 30 60
1 3 5 6 8 8 36 45
1 3 5 6 8 8 40 40
1 3 5 6 8 9 18 120
1 3 5 6 8 9 20 72
1 3 5 6 8 9 24 45
1 3 5 6 8 10 15 120
1 3 5 6 8 10 16 80
1 3 5 6 8 10 20 40
1 3 5 6 8 10 24 30
1 3 5 6 8 12 12 120
1 3 5 6 8 12 15 40
1 3 5 6 8 12 20 24
1 3 5 6 8 15 15 24
1 3 5 6 8 16 16 20
1 3 5 6 9 9 15 90
1 3 5 6 9 9 18 45
1 3 5 6 9 9 20 36
1 3 5 6 9 10 12 180
1 3 5 6 9 10 15 45
1 3 5 6 9 10 18 30
1 3 5 6 9 12 12 45
1 3 5 6 9 12 18 20
1 3 5 6 9 15 15 18
1 3 5 6 10 10 11 110
1 3 5 6 10 10 12 60
1 3 5 6 10 10 14 35
1 3 5 6 10 10 15 30
1 3 5 6 10 10 20 20
1 3 5 6 10 11 11 55
1 3 5 6 10 12 12 30
1 3 5 6 10 12 15 20
1 3 5 6 10 15 15 15
1 3 5 6 12 12 12 20
1 3 5 6 12 12 15 15
1 3 5 7 7 7 30 210
1 3 5 7 7 7 35 105
1 3 5 7 7 7 42 70
1 3 5 7 7 7 45 63
1 3 5 7 7 8 20 168
1 3 5 7 7 8 21 120
1 3 5 7 7 8 24 70
1 3 5 7 7 9 18 70
1 3 5 7 7 9 21 45
1 3 5 7 7 10 14 105
1 3 5 7 7 10 15 70
1 3 5 7 7 10 21 30
1 3 5 7 7 12 12 70
1 3 5 7 7 12 20 21
1 3 5 7 7 15 15 21
1 3 5 7 8 8 15 140
1 3 5 7 8 8 20 42
1 3 5 7 10 10 10 42
1 3 5 8 8 8 12 120
1 3 5 8 8 8 15 40
1 3 5 8 8 8 20 24
1 3 5 8 8 9 10 180
1 3 5 8 8 9 12 45
1 3 5 8 8 9 18 20
1 3 5 8 8 10 10 60
1 3 5 8 8 10 12 30
1 3 5 8 8 10 15 20
1 3 5 8 8 12 12 20
1 3 5 8 8 12 15 15
1 3 5 8 9 9 9 120
1 3 5 8 10 10 10 24
1 3 5 9 9 9 9 45
1 3 5 9 9 9 10 30
1 3 5 9 9 9 12 20
1 3 5 9 9 9 15 15
1 3 5 9 10 10 10 18
1 3 5 10 10 10 10 15
1 3 5 10 10 10 12 12
1 3 6 6 6 7 54 189
1 3 6 6 6 7 56 168
1 3 6 6 6 7 60 140
1 3 6 6 6 7 63 126
1 3 6 6 6 7 70 105
1 3 6 6 6 7 78 91
1 3 6 6 6 7 84 84
1 3 6 6 6 8 27 216
1 3 6 6 6 8 28 168
1 3 6 6 6 8 30 120
1 3 6 6 6 8 32 96
1 3 6 6 6 8 33 88
1 3 6 6 6 8 36 72
1 3 6 6 6 8 40 60
1 3 6 6 6 8 42 56
1 3 6 6 6 8 48 48
1 3 6 6 6 9 20 180
1 3 6 6 6 9 21 126
1 3 6 6 6 9 22 99
1 3 6 6 6 9 24 72
1 3 6 6 6 9 27 54
1 3 6 6 6 9 30 45
1 3 6 6 6 9 36 36
1 3 6 6 6 10 18 90
1 3 6 6 6 10 20 60
1 3 6 6 6 10 24 40
1 3 6 6 6 10 30 30
1 3 6 6 6 11 15 110
1 3 6 6 6 11 22 33
1 3 6 6 6 12 13 156
1 3 6 6 6 12 14 84
1 3 6 6 6 12 15 60
1 3 6 6 6 12 16 48
1 3 6 6 6 12 18 36
1 3 6 6 6 12 20 30
1 3 6 6 6 12 21 28
1 3 6 6 6 12 24 24
1 3 6 6 6 13 13 78
1 3 6 6 6 14 14 42
1 3 6 6 6 14 15 35
1 3 6 6 6 14 21 21
1 3 6 6 6 15 15 30
1 3 6 6 6 15 20 20
1 3 6 6 6 16 16 24
1 3 6 6 6 18 18 18
1 3 6 6 7 7 24 168
1 3 6 6 7 7 28 84
1 3 6 6 7 7 30 70
1 3 6 6 7 7 42 42
1 3 6 6 7 8 21 56
1 3 6 6 7 8 24 42
1 3 6 6 7 9 14 126
1 3 6 6 7 9 18 42
1 3 6 6 7 10 12 140
1 3 6 6 7 10 15 42
1 3 6 6 7 12 12 42
1 3 6 6 7 12 14 28
1 3 6 6 7 14 14 21
1 3 6 6 8 8 13 156
1 3 6 6 8 8 14 84
1 3 6 6 8 8 15 60
1 3 6 6 8 8 16 48
1 3 6 6 8 8 18 36
1 3 6 6 8 8 20 30
1 3 6 6 8 8 21 28
1 3 6 6 8 8 24 24
1 3 6 6 8 9 12 72
1 3 6 6 8 9 18 24
1 3 6 6 8 10 10 120
1 3 6 6 8 10 12 40
1 3 6 6 8 10 15 24
1 3 6 6 8 12 12 24
1 3 6 6 8 12 16 16
1 3 6 6 9 9 10 90
1 3 6 6 9 9 12 36
1 3 6 6 9 9 18 18
1 3 6 6 9 10 10 45
1 3 6 6 9 10 15 18
1 3 6 6 9 12 12 18
1 3 6 6 10 10 10 30
1 3 6 6 10 10 12 20
1 3 6 6 10 10 15 15
1 3 6 6 10 12 12 15
1 3 6 6 12 12 12 12
1 3 6 7 7 7 15 210
1 3 6 7 7 7 16 112
1 3 6 7 7 7 18 63
1 3 6 7 7 7 21 42
1 3 6 7 7 7 28 28
1 3 6 7 7 8 12 168
1 3 6 7 7 8 14 56
1 3 6 7 7 8 21 24
1 3 6 7 7 9 18 21
1 3 6 7 7 10 10 70
1 3 6 7 7 10 15 21
1 3 6 7 7 12 12 21
1 3 6 7 7 14 14 14
1 3 6 7 8 8 10 140
1 3 6 7 8 8 12 42
1 3 6 7 8 8 14 28
1 3 6 7 9 9 9 42
1 3 6 8 8 8 9 72
1 3 6 8 8 8 10 40
1 3 6 8 8 8 12 24
1 3 6 8 8 8 16 16
1 3 6 8 8 9 9 36
1 3 6 8 8 9 12 18
1 3 6 8 8 10 10 20
1 3 6 8 8 10 12 15
1 3 6 8 8 12 12 12
1 3 6 8 9 9 9 24
1 3 6 9 9 9 9 18
1 3 6 9 9 9 10 15
1 3 6 9 9 9 12 12
1 3 6 10 10 10 10 10
1 3 7 7 7 7 12 84
1 3 7 7 7 7 14 42
1 3 7 7 7 7 15 35
1 3 7 7 7 7 21 21
1 3 7 7 7 8 14 24
1 3 7 7 7 9 9 63
1 3 7 7 7 9 14 18
1 3 7 7 7 10 14 15
1 3 7 7 7 12 12 14
1 3 7 7 8 8 8 168
1 3 7 7 8 8 12 21
1 3 7 7 9 9 9 21
1 3 7 8 8 8 8 42
1 3 8 8 8 8 8 24
1 3 8 8 8 8 9 18
1 3 8 8 8 8 10 15
1 3 8 8 8 8 12 12
1 3 8 8 9 9 9 12
1 3 9 9 9 9 9 9
1 4 4 4 5 25 200 200
1 4 4 4 5 26 143 220
1 4 4 4 5 26 156 195
1 4 4 4 5 27 120 216
1 4 4 4 5 27 135 180
1 4 4 4 5 28 105 210
1 4 4 4 5 28 119 170
1 4 4 4 5 28 120 168
1 4 4 4 5 28 140 140
1 4 4 4 5 29 116 145
1 4 4 4 5 30 84 210
1 4 4 4 5 30 85 204
1 4 4 4 5 30 90 180
1 4 4 4 5 30 96 160
1 4 4 4 5 30 100 150
1 4 4 4 5 30 105 140
1 4 4 4 5 30 108 135
1 4 4 4 5 30 110 132
1 4 4 4 5 30 120 120
1 4 4 4 5 32 70 224
1 4 4 4 5 32 80 160
1 4 4 4 5 32 96 120
1 4 4 4 5 33 66 220
1 4 4 4 5 33 88 120
1 4 4 4 5 34 68 170
1 4 4 4 5 35 60 210
1 4 4 4 5 35 63 180
1 4 4 4 5 35 70 140
1 4 4 4 5 35 80 112
1 4 4 4 5 35 84 105
1 4 4 4 5 36 60 180
1 4 4 4 5 36 70 126
1 4 4 4 5 36 72 120
1 4 4 4 5 36 90 90
1 4 4 4 5 38 76 95
1 4 4 4 5 39 52 195
1 4 4 4 5 39 60 130
1 4 4 4 5 40 50 200
1 4 4 4 5 40 56 140
1 4 4 4 5 40 60 120
1 4 4 4 5 40 65 104
1 4 4 4 5 40 72 90
1 4 4 4 5 40 80 80
1 4 4 4 5 42 56 120
1 4 4 4 5 42 60 105
1 4 4 4 5 42 70 84
1 4 4 4 5 44 44 220
1 4 4 4 5 44 45 198
1 4 4 4 5 44 55 110
1 4 4 4 5 44 70 77
1 4 4 4 5 45 45 180
1 4 4 4 5 45 48 144
1 4 4 4 5 45 52 117
1 4 4 4 5 45 54 108
1 4 4 4 5 45 60 90
1 4 4 4 5 45 63 84
1 4 4 4 5 45 72 72
1 4 4 4 5 48 48 120
1 4 4 4 5 48 60 80
1 4 4 4 5 50 50 100
1 4 4 4 5 50 60 75
1 4 4 4 5 52 65 65
1 4 4 4 5 55 60 66
1 4 4 4 5 56 56 70
1 4 4 4 5 60 60 60
1 4 4 4 6 14 140 210
1 4 4 4 6 14 147 196
1 4 4 4 6 14 156 182
1 4 4 4 6 14 168 168
1 4 4 4 6 15 84 210
1 4 4 4 6 15 85 204
1 4 4 4 6 15 90 180
1 4 4 4 6 15 96 160
1 4 4 4 6 15 100 150
1 4 4 4 6 15 105 140
1 4 4 4 6 15 108 135
1 4 4 4 6 15 110 132
1 4 4 4 6 15 120 120
1 4 4 4 6 16 64 192
1 4 4 4 6 16 66 176
1 4 4 4 6 16 72 144
1 4 4 4 6 16 80 120
1 4 4 4 6 16 84 112
1 4 4 4 6 16 96 96
1 4 4 4 6 17 51 204
1 4 4 4 6 17 68 102
1 4 4 4 6 18 44 198
1 4 4 4 6 18 45 180
1 4 4 4 6 18 48 144
1 4 4 4 6 18 52 117
1 4 4 4 6 18 54 108
1 4 4 4 6 18 60 90
1 4 4 4 6 18 63 84
1 4 4 4 6 18 72 72
1 4 4 4 6 19 57 76
1 4 4 4 6 20 35 210
1 4 4 4 6 20 36 180
1 4 4 4 6 20 39 130
1 4 4 4 6 20 40 120
1 4 4 4 6 20 42 105
1 4 4 4 6 20 45 90
1 4 4 4 6 20 48 80
1 4 4 4 6 20 50 75
1 4 4 4 6 20 55 66
1 4 4 4 6 20 60 60
1 4 4 4 6 21 32 224
1 4 4 4 6 21 35 140
1 4 4 4 6 21 36 126
1 4 4 4 6 21 42 84
1 4 4 4 6 21 44 77
1 4 4 4 6 21 56 56
1 4 4 4 6 22 30 220
1 4 4 4 6 22 33 132
1 4 4 4 6 22 36 99
1 4 4 4 6 22 44 66
1 4 4 4 6 24 27 216
1 4 4 4 6 24 28 168
1 4 4 4 6 24 30 120
1 4 4 4 6 24 32 96
1 4 4 4 6 24 33 88
1 4 4 4 6 24 36 72
1 4 4 4 6 24 40 60
1 4 4 4 6 24 42 56
1 4 4 4 6 24 48 48
1 4 4 4 6 25 30 100
1 4 4 4 6 26 26 156
1 4 4 4 6 26 39 52
1 4 4 4 6 27 27 108
1 4 4 4 6 27 36 54
1 4 4 4 6 28 28 84
1 4 4 4 6 28 30 70
1 4 4 4 6 28 42 42
1 4 4 4 6 30 30 60
1 4 4 4 6 30 36 45
1 4 4 4 6 30 40 40
1 4 4 4 6 32 32 48
1 4 4 4 6 33 33 44
1 4 4 4 6 36 36 36
1 4 4 4 7 11 110 140
1 4 4 4 7 12 54 189
1 4 4 4 7 12 56 168
1 4 4 4 7 12 60 140
1 4 4 4 7 12 63 126
1 4 4 4 7 12 70 105
1 4 4 4 7 12 78 91
1 4 4 4 7 12 84 84
1 4 4 4 7 13 42 156
1 4 4 4 7 13 52 91
1 4 4 4 7 14 32 224
1 4 4 4 7 14 35 140
1 4 4 4 7 14 36 126
1 4 4 4 7 14 42 84
1 4 4 4 7 14 44 77
1 4 4 4 7 14 56 56
1 4 4 4 7 15 28 210
1 4 4 4 7 15 30 140
1 4 4 4 7 15 35 84
1 4 4 4 7 15 42 60
1 4 4 4 7 16 28 112
1 4 4 4 7 16 42 48
1 4 4 4 7 18 28 63
1 4 4 4 7 18 36 42
1 4 4 4 7 20 20 140
1 4 4 4 7 20 21 105
1 4 4 4 7 20 30 42
1 4 4 4 7 20 35 35
1 4 4 4 7 21 21 84
1 4 4 4 7 21 24 56
1 4 4 4 7 21 28 42
1 4 4 4 7 24 24 42
1 4 4 4 7 28 28 28
1 4 4 4 8 9 108 216
1 4 4 4 8 9 120 180
1 4 4 4 8 9 126 168
1 4 4 4 8 9 136 153
1 4 4 4 8 9 144 144
1 4 4 4 8 10 50 200
1 4 4 4 8 10 56 140
1 4 4 4 8 10 60 120
1 4 4 4 8 10 65 104
1 4 4 4 8 10 72 90
1 4 4 4 8 10 80 80
1 4 4 4 8 11 40 110
1 4 4 4 8 11 44 88
1 4 4 4 8 12 27 216
1 4 4 4 8 12 28 168
1 4 4 4 8 12 30 120
1 4 4 4 8 12 32 96
1 4 4 4 8 12 33 88
1 4 4 4 8 12 36 72
1 4 4 4 8 12 40 60
1 4 4 4 8 12 42 56
1 4 4 4 8 12 48 48
1 4 4 4 8 13 24 156
1 4 4 4 8 13 26 104
1 4 4 4 8 14 21 168
1 4 4 4 8 14 24 84
1 4 4 4 8 14 28 56
1 4 4 4 8 14 35 40
1 4 4 4 8 15 20 120
1 4 4 4 8 15 24 60
1 4 4 4 8 15 30 40
1 4 4 4 8 16 18 144
1 4 4 4 8 16 20 80
1 4 4 4 8 16 24 48
1 4 4 4 8 16 32 32
1 4 4 4 8 17 17 136
1 4 4 4 8 18 18 72
1 4 4 4 8 18 24 36
1 4 4 4 8 20 20 40
1 4 4 4 8 20 24 30
1 4 4 4 8 21 24 28
1 4 4 4 8 24 24 24
1 4 4 4 9 9 44 198
1 4 4 4 9 9 45 180
1 4 4 4 9 9 48 144
1 4 4 4 9 9 52 117
1 4 4 4 9 9 54 108
1 4 4 4 9 9 60 90
1 4 4 4 9 9 63 84
1 4 4 4 9 9 72 72
1 4 4 4 9 10 30 180
1 4 4 4 9 10 36 90
1 4 4 4 9 10 40 72
1 4 4 4 9 10 45 60
1 4 4 4 9 12 20 180
1 4 4 4 9 12 21 126
1 4 4 4 9 12 22 99
1 4 4 4 9 12 24 72
1 4 4 4 9 12 27 54
1 4 4 4 9 12 30 45
1 4 4 4 9 12 36 36
1 4 4 4 9 13 18 156
1 4 4 4 9 14 18 84
1 4 4 4 9 15 15 180
1 4 4 4 9 15 18 60
1 4 4 4 9 15 20 45
1 4 4 4 9 16 16 72
1 4 4 4 9 16 18 48
1 4 4 4 9 18 18 36
1 4 4 4 9 18 20 30
1 4 4 4 9 18 21 28
1 4 4 4 9 18 24 24
1 4 4 4 10 10 22 220
1 4 4 4 10 10 24 120
1 4 4 4 10 10 25 100
1 4 4 4 10 10 28 70
1 4 4 4 10 10 30 60
1 4 4 4 10 10 36 45
1 4 4 4 10 10 40 40
1 4 4 4 10 11 20 110
1 4 4 4 10 12 18 90
1 4 4 4 10 12 20 60
1 4 4 4 10 12 24 40
1 4 4 4 10 12 30 30
1 4 4 4 10 13 15 156
1 4 4 4 10 14 14 140
1 4 4 4 10 14 15 84
1 4 4 4 10 14 20 35
1 4 4 4 10 15 15 60
1 4 4 4 10 15 16 48
1 4 4 4 10 15 18 36
1 4 4 4 10 15 20 30
1 4 4 4 10 15 21 28
1 4 4 4 10 15 24 24
1 4 4 4 10 16 16 40
1 4 4 4 10 20 20 20
1 4 4 4 11 11 16 176
1 4 4 4 11 11 20 55
1 4 4 4 11 11 22 44
1 4 4 4 11 12 15 110
1 4 4 4 11 12 22 33
1 4 4 4 12 12 13 156
1 4 4 4 12 12 14 84
1 4 4 4 12 12 15 60
1 4 4 4 12 12 16 48
1 4 4 4 12 12 18 36
1 4 4 4 12 12 20 30
1 4 4 4 12 12 21 28
1 4 4 4 12 12 24 24
1 4 4 4 12 13 13 78
1 4 4 4 12 14 14 42
1 4 4 4 12 14 15 35
1 4 4 4 12 14 21 21
1 4 4 4 12 15 15 30
1 4 4 4 12 15 20 20
1 4 4 4 12 16 16 24
1 4 4 4 12 18 18 18
1 4 4 4 13 13 13 52
1 4 4 4 14 14 14 28
1 4 4 4 15 15 15 20
1 4 4 4 16 16 16 16
1 4 4 5 5 11 220 220
1 4 4 5 5 12 84 210
1 4 4 5 5 12 85 204
1 4 4 5 5 12 90 180
1 4 4 5 5 12 96 160
1 4 4 5 5 12 100 150
1 4 4 5 5 12 105 140
1 4 4 5 5 12 108 135
1 4 4 5 5 12 110 132
1 4 4 5 5 12 120 120
1 4 4 5 5 13 60 156
1 4 4 5 5 13 65 130
1 4 4 5 5 14 42 210
1 4 4 5 5 14 60 84
1 4 4 5 5 14 70 70
1 4 4 5 5 15 35 210
1 4 4 5 5 15 36 180
1 4 4 5 5 15 39 130
1 4 4 5 5 15 40 120
1 4 4 5 5 15 42 105
1 4 4 5 5 15 45 90
1 4 4 5 5 15 48 80
1 4 4 5 5 15 50 75
1 4 4 5 5 15 55 66
1 4 4 5 5 15 60 60
1 4 4 5 5 16 32 160
1 4 4 5 5 16 35 112
1 4 4 5 5 16 40 80
1 4 4 5 5 16 48 60
1 4 4 5 5 17 34 85
1 4 4 5 5 18 27 135
1 4 4 5 5 18 30 90
1 4 4 5 5 18 35 63
1 4 4 5 5 18 36 60
1 4 4 5 5 18 45 45
1 4 4 5 5 20 22 220
1 4 4 5 5 20 24 120
1 4 4 5 5 20 25 100
1 4 4 5 5 20 28 70
1 4 4 5 5 20 30 60
1 4 4 5 5 20 36 45
1 4 4 5 5 20 40 40
1 4 4 5 5 21 21 210
1 4 4 5 5 21 28 60
1 4 4 5 5 21 35 42
1 4 4 5 5 22 22 110
1 4 4 5 5 24 24 60
1 4 4 5 5 24 30 40
1 4 4 5 5 25 25 50
1 4 4 5 5 28 28 35
1 4 4 5 5 30 30 30
1 4 4 5 6 9 60 180
1 4 4 5 6 9 70 126
1 4 4 5 6 9 72 120
1 4 4 5 6 9 90 90
1 4 4 5 6 10 35 210
1 4 4 5 6 10 36 180
1 4 4 5 6 10 39 130
1 4 4 5 6 10 40 120
1 4 4 5 6 10 42 105
1 4 4 5 6 10 45 90
1 4 4 5 6 10 48 80
1 4 4 5 6 10 50 75
1 4 4 5 6 10 55 66
1 4 4 5 6 10 60 60
1 4 4 5 6 11 30 110
1 4 4 5 6 12 22 220
1 4 4 5 6 12 24 120
1 4 4 5 6 12 25 100
1 4 4 5 6 12 28 70
1 4 4 5 6 12 30 60
1 4 4 5 6 12 36 45
1 4 4 5 6 12 40 40
1 4 4 5 6 13 20 156
1 4 4 5 6 14 20 84
1 4 4 5 6 14 21 70
1 4 4 5 6 14 30 35
1 4 4 5 6 15 18 90
1 4 4 5 6 15 20 60
1 4 4 5 6 15 24 40
1 4 4 5 6 15 30 30
1 4 4 5 6 16 16 120
1 4 4 5 6 16 20 48
1 4 4 5 6 18 18 45
1 4 4 5 6 18 20 36
1 4 4 5 6 20 20 30
1 4 4 5 6 20 21 28
1 4 4 5 6 20 24 24
1 4 4 5 7 7 105 210
1 4 4 5 7 7 119 170
1 4 4 5 7 7 120 168
1 4 4 5 7 7 140 140
1 4 4 5 7 8 40 140
1 4 4 5 7 8 42 120
1 4 4 5 7 8 56 70
1 4 4 5 7 9 42 45
1 4 4 5 7 10 20 140
1 4 4 5 7 10 21 105
1 4 4 5 7 10 30 42
1 4 4 5 7 10 35 35
1 4 4 5 7 12 15 140
1 4 4 5 7 12 20 42
1 4 4 5 7 14 14 70
1 4 4 5 7 14 20 28
1 4 4 5 7 15 15 42
1 4 4 5 8 8 22 220
1 4 4 5 8 8 24 120
1 4 4 5 8 8 25 100
1 4 4 5 8 8 28 70
1 4 4 5 8 8 30 60
1 4 4 5 8 8 36 45
1 4 4 5 8 8 40 40
1 4 4 5 8 9 18 120
1 4 4 5 8 9 20 72
1 4 4 5 8 9 24 45
1 4 4 5 8 10 15 120
1 4 4 5 8 10 16 80
1 4 4 5 8 10 20 40
1 4 4 5 8 10 24 30
1 4 4 5 8 12 12 120
1 4 4 5 8 12 15 40
1 4 4 5 8 12 20 24
1 4 4 5 8 15 15 24
1 4 4 5 8 16 16 20
1 4 4 5 9 9 15 90
1 4 4 5 9 9 18 45
1 4 4 5 9 9 20 36
1 4 4 5 9 10 12 180
1 4 4 5 9 10 15 45
1 4 4 5 9 10 18 30
1 4 4 5 9 12 12 45
1 4 4 5 9 12 18 20
1 4 4 5 9 15 15 18
1 4 4 5 10 10 11 110
1 4 4 5 10 10 12 60
1 4 4 5 10 10 14 35
1 4 4 5 10 10 15 30
1 4 4 5 10 10 20 20
1 4 4 5 10 11 11 55
1 4 4 5 10 12 12 30
1 4 4 5 10 12 15 20
1 4 4 5 10 15 15 15
1 4 4 5 12 12 12 20
1 4 4 5 12 12 15 15
1 4 4 6 6 7 54 189
1 4 4 6 6 7 56 168
1 4 4 6 6 7 60 140
1 4 4 6 6 7 63 126
1 4 4 6 6 7 70 105
1 4 4 6 6 7 78 91
1 4 4 6 6 7 84 84
1 4 4 6 6 8 27 216
1 4 4 6 6 8 28 168
1 4 4 6 6 8 30 120
1 4 4 6 6 8 32 96
1 4 4 6 6 8 33 88
1 4 4 6 6 8 36 72
1 4 4 6 6 8 40 60
1 4 4 6 6 8 42 56
1 4 4 6 6 8 48 48
1 4 4 6 6 9 20 180
1 4 4 6 6 9 21 126
1 4 4 6 6 9 22 99
1 4 4 6 6 9 24 72
1 4 4 6 6 9 27 54
1 4 4 6 6 9 30 45
1 4 4 6 6 9 36 36
1 4 4 6 6 10 18 90
1 4 4 6 6 10 20 60
1 4 4 6 6 10 24 40
1 4 4 6 6 10 30 30
1 4 4 6 6 11 15 110
1 4 4 6 6 11 22 33
1 4 4 6 6 12 13 156
1 4 4 6 6 12 14 84
1 4 4 6 6 12 15 60
1 4 4 6 6 12 16 48
1 4 4 6 6 12 18 36
1 4 4 6 6 12 20 30
1 4 4 6 6 12 21 28
1 4 4 6 6 12 24 24
1 4 4 6 6 13 13 78
1 4 4 6 6 14 14 42
1 4 4 6 6 14 15 35
1 4 4 6 6 14 21 21
1 4 4 6 6 15 15 30
1 4 4 6 6 15 20 20
1 4 4 6 6 16 16 24
1 4 4 6 6 18 18 18
1 4 4 6 7 7 24 168
1 4 4 6 7 7 28 84
1 4 4 6 7 7 30 70
1 4 4 6 7 7 42 42
1 4 4 6 7 8 21 56
1 4 4 6 7 8 24 42
1 4 4 6 7 9 14 126
1 4 4 6 7 9 18 42
1 4 4 6 7 10 12 140
1 4 4 6 7 10 15 42
1 4 4 6 7 12 12 42
1 4 4 6 7 12 14 28
1 4 4 6 7 14 14 21
1 4 4 6 8 8 13 156
1 4 4 6 8 8 14 84
1 4 4 6 8 8 15 60
1 4 4 6 8 8 16 48
1 4 4 6 8 8 18 36
1 4 4 6 8 8 20 30
1 4 4 6 8 8 21 28
1 4 4 6 8 8 24 24
1 4 4 6 8 9 12 72
1 4 4 6 8 9 18 24
1 4 4 6 8 10 10 120
1 4 4 6 8 10 12 40
1 4 4 6 8 10 15 24
1 4 4 6 8 12 12 24
1 4 4 6 8 12 16 16
1 4 4 6 9 9 10 90
1 4 4 6 9 9 12 36
1 4 4 6 9 9 18 18
1 4 4 6 9 10 10 45
1 4 4 6 9 10 15 18
1 4 4 6 9 12 12 18
1 4 4 6 10 10 10 30
1 4 4 6 10 10 12 20
1 4 4 6 10 10 15 15
1 4 4 6 10 12 12 15
1 4 4 6 12 12 12 12
1 4 4 7 7 7 15 210
1 4 4 7 7 7 16 112
1 4 4 7 7 7 18 63
1 4 4 7 7 7 21 42
1 4 4 7 7 7 28 28
1 4 4 7 7 8 12 168
1 4 4 7 7 8 14 56
1 4 4 7 7 8 21 24
1 4 4 7 7 9 18 21
1 4 4 7 7 10 10 70
1 4 4 7 7 10 15 21
1 4 4 7 7 12 12 21
1 4 4 7 7 14 14 14
1 4 4 7 8 8 10 140
1 4 4 7 8 8 12 42
1 4 4 7 8 8 14 28
1 4 4 7 9 9 9 42
1 4 4 8 8 8 9 72
1 4 4 8 8 8 10 40
1 4 4 8 8 8 12 24
1 4 4 8 8 8 16 16
1 4 4 8 8 9 9 36
1 4 4 8 8 9 12 18
1 4 4 8 8 10 10 20
1 4 4 8 8 10 12 15
1 4 4 8 8 12 12 12
1 4 4 8 9 9 9 24
1 4 4 9 9 9 9 18
1 4 4 9 9 9 10 15
1 4 4 9 9 9 12 12
1 4 4 10 10 10 10 10
1 4 5 5 5 8 50 200
1 4 5 5 5 8 56 140
1 4 5 5 5 8 60 120
1 4 5 5 5 8 65 104
1 4 5 5 5 8 72 90
1 4 5 5 5 8 80 80
1 4 5 5 5 9 30 180
1 4 5 5 5 9 36 90
1 4 5 5 5 9 40 72
1 4 5 5 5 9 45 60
1 4 5 5 5 10 22 220
1 4 5 5 5 10 24 120
1 4 5 5 5 10 25 100
1 4 5 5 5 10 28 70
1 4 5 5 5 10 30 60
1 4 5 5 5 10 36 45
1 4 5 5 5 10 40 40
1 4 5 5 5 11 20 110
1 4 5 5 5 12 18 90
1 4 5 5 5 12 20 60
1 4 5 5 5 12 24 40
1 4 5 5 5 12 30 30
1 4 5 5 5 13 15 156
1 4 5 5 5 14 14 140
1 4 5 5 5 14 15 84
1 4 5 5 5 14 20 35
1 4 5 5 5 15 15 60
1 4 5 5 5 15 16 48
1 4 5 5 5 15 18 36
1 4 5 5 5 15 20 30
1 4 5 5 5 15 21 28
1 4 5 5 5 15 24 24
1 4 5 5 5 16 16 40
1 4 5 5 5 20 20 20
1 4 5 5 6 6 84 210
1 4 5 5 6 6 85 204
1 4 5 5 6 6 90 180
1 4 5 5 6 6 96 160
1 4 5 5 6 6 100 150
1 4 5 5 6 6 105 140
1 4 5 5 6 6 108 135
1 4 5 5 6 6 110 132
1 4 5 5 6 6 120 120
1 4 5 5 6 7 28 210
1 4 5 5 6 7 30 140
1 4 5 5 6 7 35 84
1 4 5 5 6 7 42 60
1 4 5 5 6 8 20 120
1 4 5 5 6 8 24 60
1 4 5 5 6 8 30 40
1 4 5 5 6 9 15 180
1 4 5 5 6 9 18 60
1 4 5 5 6 9 20 45
1 4 5 5 6 10 13 156
1 4 5 5 6 10 14 84
1 4 5 5 6 10 15 60
1 4 5 5 6 10 16 48
1 4 5 5 6 10 18 36
1 4 5 5 6 10 20 30
1 4 5 5 6 10 21 28
1 4 5 5 6 10 24 24
1 4 5 5 6 11 12 110
1 4 5 5 6 12 12 60
1 4 5 5 6 12 14 35
1 4 5 5 6 12 15 30
1 4 5 5 6 12 20 20
1 4 5 5 6 15 15 20
1 4 5 5 7 7 20 70
1 4 5 5 7 7 21 60
1 4 5 5 7 7 28 35
1 4 5 5 7 10 10 140
1 4 5 5 7 10 12 42
1 4 5 5 7 10 14 28
1 4 5 5 8 8 11 110
1 4 5 5 8 8 12 60
1 4 5 5 8 8 14 35
1 4 5 5 8 8 15 30
1 4 5 5 8 8 20 20
1 4 5 5 8 9 10 72
1 4 5 5 8 10 10 40
1 4 5 5 8 10 12 24
1 4 5 5 8 10 16 16
1 4 5 5 9 9 9 60
1 4 5 5 9 9 10 36
1 4 5 5 9 10 12 18
1 4 5 5 10 10 10 20
1 4 5 5 10 10 12 15
1 4 5 5 10 12 12 12
1 4 5 6 6 6 22 220
1 4 5 6 6 6 24 120
1 4 5 6 6 6 25 100
1 4 5 6 6 6 28 70
1 4 5 6 6 6 30 60
1 4 5 6 6 6 36 45
1 4 5 6 6 6 40 40
1 4 5 6 6 7 15 140
1 4 5 6 6 7 20 42
1 4 5 6 6 8 12 120
1 4 5 6 6 8 15 40
1 4 5 6 6 8 20 24
1 4 5 6 6 9 10 180
1 4 5 6 6 9 12 45
1 4 5 6 6 9 18 20
1 4 5 6 6 10 10 60
1 4 5 6 6 10 12 30
1 4 5 6 6 10 15 20
1 4 5 6 6 12 12 20
1 4 5 6 6 12 15 15
1 4 5 6 7 7 12 70
1 4 5 6 7 7 20 21
1 4 5 6 8 8 8 120
1 4 5 6 8 8 9 45
1 4 5 6 8 8 10 30
1 4 5 6 8 8 12 20
1 4 5 6 8 8 15 15
1 4 5 6 9 9 9 20
1 4 5 6 10 10 10 12
1 4 5 7 7 7 14 20
1 4 5 7 7 8 8 70
1 4 5 8 8 8 8 20
1 4 5 8 8 10 10 10
1 4 6 6 6 6 13 156
1 4 6 6 6 6 14 84
1 4 6 6 6 6 15 60
1 4 6 6 6 6 16 48
1 4 6 6 6 6 18 36
1 4 6 6 6 6 20 30
1 4 6 6 6 6 21 28
1 4 6 6 6 6 24 24
1 4 6 6 6 7 10 140
1 4 6 6 6 7 12 42
1 4 6 6 6 7 14 28
1 4 6 6 6 8 9 72
1 4 6 6 6 8 10 40
1 4 6 6 6 8 12 24
1 4 6 6 6 8 16 16
1 4 6 6 6 9 9 36
1 4 6 6 6 9 12 18
1 4 6 6 6 10 10 20
1 4 6 6 6 10 12 15
1 4 6 6 6 12 12 12
1 4 6 6 7 7 8 168
1 4 6 6 7 7 12 21
1 4 6 6 7 8 8 42
1 4 6 6 8 8 8 24
1 4 6 6 8 8 9 18
1 4 6 6 8 8 10 15
1 4 6 6 8 8 12 12
1 4 6 6 9 9 9 12
1 4 6 7 7 7 7 84
1 4 6 7 7 7 12 14
1 4 6 7 7 8 8 21
1 4 6 8 8 8 8 12
1 4 6 8 8 9 9 9
1 4 7 7 7 7 7 28
1 4 7 7 7 8 8 14
1 4 8 8 8 8 8 8
1 5 5 5 5 6 35 210
1 5 5 5 5 6 36 180
1 5 5 5 5 6 39 130
1 5 5 5 5 6 40 120
1 5 5 5 5 6 42 105
1 5 5 5 5 6 45 90
1 5 5 5 5 6 48 80
1 5 5 5 5 6 50 75
1 5 5 5 5 6 55 66
1 5 5 5 5 6 60 60
1 5 5 5 5 7 20 140
1 5 5 5 5 7 21 105
1 5 5 5 5 7 30 42
1 5 5 5 5 7 35 35
1 5 5 5 5 8 15 120
1 5 5 5 5 8 16 80
1 5 5 5 5 8 20 40
1 5 5 5 5 8 24 30
1 5 5 5 5 9 12 180
1 5 5 5 5 9 15 45
1 5 5 5 5 9 18 30
1 5 5 5 5 10 11 110
1 5 5 5 5 10 12 60
1 5 5 5 5 10 14 35
1 5 5 5 5 10 15 30
1 5 5 5 5 10 20 20
1 5 5 5 5 11 11 55
1 5 5 5 5 12 12 30
1 5 5 5 5 12 15 20
1 5 5 5 5 15 15 15
1 5 5 5 6 6 18 90
1 5 5 5 6 6 20 60
1 5 5 5 6 6 24 40
1 5 5 5 6 6 30 30
1 5 5 5 6 7 12 140
1 5 5 5 6 7 15 42
1 5 5 5 6 8 10 120
1 5 5 5 6 8 12 40
1 5 5 5 6 8 15 24
1 5 5 5 6 9 9 90
1 5 5 5 6 9 10 45
1 5 5 5 6 9 15 18
1 5 5 5 6 10 10 30
1 5 5 5 6 10 12 20
1 5 5 5 6 10 15 15
1 5 5 5 6 12 12 15
1 5 5 5 7 7 10 70
1 5 5 5 7 7 15 21
1 5 5 5 7 8 8 140
1 5 5 5 8 8 8 40
1 5 5 5 8 8 10 20
1 5 5 5 8 8 12 15
1 5 5 5 9 9 9 15
1 5 5 5 10 10 10 10
1 5 5 6 6 6 11 110
1 5 5 6 6 6 12 60
1 5 5 6 6 6 14 35
1 5 5 6 6 6 15 30
1 5 5 6 6 6 20 20
1 5 5 6 6 7 10 42
1 5 5 6 6 8 8 60
1 5 5 6 6 8 10 24
1 5 5 6 6 9 10 18
1 5 5 6 6 10 10 15
1 5 5 6 6 10 12 12
1 5 5 6 7 7 7 210
1 5 5 6 7 7 10 21
1 5 5 6 8 8 10 12
1 5 5 6 9 9 9 10
1 5 5 7 7 7 7 35
1 5 5 7 7 7 10 14
1 5 5 8 8 8 8 10
1 5 6 6 6 6 8 120
1 5 6 6 6 6 9 45
1 5 6 6 6 6 10 30
1 5 6 6 6 6 12 20
1 5 6 6 6 6 15 15
1 5 6 6 6 7 7 70
1 5 6 6 6 8 8 20
1 5 6 6 6 10 10 10
1 6 6 6 6 6 7 42
1 6 6 6 6 6 8 24
1 6 6 6 6 6 9 18
1 6 6 6 6 6 10 15
1 6 6 6 6 6 12 12
1 6 6 6 6 7 7 21
1 6 6 6 6 8 8 12
1 6 6 6 6 9 9 9
1 6 6 6 7 7 7 14
1 6 6 6 8 8 8 8
1 7 7 7 7 7 7 7
5 6 96 210 210 224 224 224
5 6 99 198 220 220 220 220
5 6 102 187 220 220 220 220
5 6 105 168 224 224 224 224
5 6 105 186 217 217 217 217
5 6 105 189 216 216 216 216
5 6 105 192 192 224 224 224
5 6 105 210 210 210 210 210
5 6 108 180 216 216 216 216
5 6 108 189 210 210 216 216
5 6 110 165 220 220 220 220
5 6 110 180 198 220 220 220
5 6 110 187 204 204 220 220
5 6 110 198 198 198 220 220
5 6 111 185 185 222 222 222
5 6 112 160 210 224 224 224
5 6 112 168 210 210 224 224
5 6 112 175 200 210 224 224
5 6 112 180 189 216 224 224
5 6 112 192 192 210 210 224
5 6 117 180 182 208 224 224
5 6 117 180 204 204 204 221
5 6 117 180 208 208 208 208
5 6 119 170 210 210 210 210
5 6 120 140 224 224 224 224
5 6 120 152 209 220 220 220
5 6 120 160 210 210 210 224
5 6 120 165 198 216 216 216
5 6 120 168 210 210 210 210
5 6 120 171 190 216 216 216
5 6 120 175 200 210 210 210
5 6 120 176 176 220 220 220
5 6 120 180 180 216 216 216
5 6 120 180 189 210 210 216
5 6 120 182 195 208 208 210
5 6 120 195 195 195 208 208
5 6 120 200 200 200 200 200
5 6 126 144 210 210 224 224
5 6 126 154 198 210 220 220
5 6 126 160 189 210 216 224
5 6 126 161 207 207 210 210
5 6 126 165 198 210 210 210
5 6 126 168 180 216 216 216
5 6 126 168 189 210 210 216
5 6 126 171 190 210 210 210
5 6 126 175 189 200 210 216
5 6 126 180 180 210 210 210
5 6 126 180 189 189 216 216
5 6 126 189 189 189 210 210
5 6 129 172 172 215 215 215
5 6 130 140 208 210 224 224
5 6 130 144 208 216 216 216
5 6 130 147 196 208 224 224
5 6 130 156 182 208 224 224
5 6 130 156 204 204 204 221
5 6 130 156 208 208 208 208
5 6 130 165 176 208 220 220
5 6 130 168 168 208 224 224
5 6 130 168 192 192 208 224
5 6 130 176 180 198 208 220
5 6 130 176 187 204 204 208
5 6 130 176 198 198 198 208
5 6 130 182 182 195 210 210
5 6 130 182 195 195 195 210
5 6 130 192 192 192 192 208
5 6 130 195 195 195 195 195
5 6 132 132 220 220 220 220
5 6 132 135 216 216 220 220
5 6 132 140 210 210 220 220
5 6 132 143 195 220 220 220
5 6 132 147 196 210 220 220
5 6 132 148 185 220 220 222
5 6 132 150 200 200 220 220
5 6 132 156 182 210 220 220
5 6 132 156 195 195 220 220
5 6 132 160 168 220 220 224
5 6 132 160 192 192 220 220
5 6 132 165 165 220 220 220
5 6 132 165 180 198 220 220
5 6 132 165 187 204 204 220
5 6 132 165 198 198 198 220
5 6 132 168 168 210 220 220
5 6 132 168 175 200 220 220
5 6 132 170 170 204 220 220
5 6 132 171 180 190 220 220
5 6 132 171 180 209 209 209
5 6 132 171 190 198 198 220
5 6 132 180 180 180 220 220
5 6 132 180 180 198 198 220
5 6 132 180 187 198 204 204
5 6 132 180 198 198 198 198
5 6 133 190 190 190 190 210
5 6 135 135 216 216 216 216
5 6 135 140 210 210 216 216
5 6 135 143 195 216 216 220
5 6 135 144 189 210 224 224
5 6 135 147 196 210 216 216
5 6 135 148 185 216 216 222
5 6 135 150 200 200 216 216
5 6 135 154 189 198 220 220
5 6 135 156 182 210 216 216
5 6 135 156 195 195 216 216
5 6 135 160 168 216 216 224
5 6 135 160 189 189 216 224
5 6 135 160 192 192 216 216
5 6 135 161 189 207 207 210
5 6 135 165 165 216 216 220
5 6 135 165 180 198 216 216
5 6 135 165 189 198 210 210
5 6 135 168 168 210 216 216
5 6 135 168 175 200 216 216
5 6 135 168 189 189 210 216
5 6 135 170 170 204 216 216
5 6 135 171 180 190 216 216
5 6 135 171 189 190 210 210
5 6 135 175 189 189 200 216
5 6 135 180 180 180 216 216
5 6 135 180 180 189 210 210
5 6 135 189 189 189 189 210
5 6 136 153 180 216 216 216
5 6 136 153 189 210 210 216
5 6 138 180 184 184 207 207
5 6 140 140 210 210 210 210
5 6 140 143 195 210 210 220
5 6 140 144 180 210 224 224
5 6 140 147 196 210 210 210
5 6 140 148 185 210 210 222
5 6 140 150 200 200 210 210
5 6 140 154 165 220 220 220
5 6 140 154 180 198 220 220
5 6 140 154 187 204 204 220
5 6 140 154 198 198 198 220
5 6 140 156 182 210 210 210
5 6 140 156 195 195 210 210
5 6 140 160 160 210 224 224
5 6 140 160 168 210 210 224
5 6 140 160 175 200 210 224
5 6 140 160 180 189 216 224
5 6 140 160 192 192 210 210
5 6 140 161 180 207 207 210
5 6 140 165 165 210 210 220
5 6 140 165 180 198 210 210
5 6 140 168 168 210 210 210
5 6 140 168 175 200 210 210
5 6 140 168 180 189 210 216
5 6 140 168 182 195 208 208
5 6 140 170 170 204 210 210
5 6 140 171 180 190 210 210
5 6 140 175 175 200 200 210
5 6 140 175 180 189 200 216
5 6 140 180 180 180 210 210
5 6 140 180 189 189 189 210
5 6 143 143 182 210 220 220
5 6 143 143 195 195 220 220
5 6 143 147 195 196 210 220
5 6 143 148 185 195 220 222
5 6 143 150 195 200 200 220
5 6 143 156 182 195 210 220
5 6 143 156 195 195 195 220
5 6 143 160 168 195 220 224
5 6 143 160 192 192 195 220
5 6 143 165 165 195 220 220
5 6 143 165 170 187 221 221
5 6 143 165 180 195 198 220
5 6 143 165 187 195 204 204
5 6 143 165 195 198 198 198
5 6 143 168 168 195 210 220
5 6 143 168 175 195 200 220
5 6 143 170 170 195 204 220
5 6 143 171 180 190 195 220
5 6 143 171 190 195 198 198
5 6 143 180 180 180 195 220
5 6 143 180 180 195 198 198
5 6 144 144 180 216 216 216
5 6 144 144 189 210 210 216
5 6 144 147 180 196 224 224
5 6 144 156 180 182 224 224
5 6 144 156 180 208 208 208
5 6 144 160 160 216 216 216
5 6 144 165 176 180 220 220
5 6 144 165 176 198 198 220
5 6 144 168 168 180 224 224
5 6 144 168 180 192 192 224
5 6 144 171 176 190 198 220
5 6 144 176 180 180 198 220
5 6 144 176 180 187 204 204
5 6 144 176 180 198 198 198
5 6 144 180 192 192 192 192
5 6 145 145 203 203 203 210
5 6 147 147 196 196 210 210
5 6 147 148 185 196 210 222
5 6 147 150 196 200 200 210
5 6 147 156 182 196 210 210
5 6 147 156 195 195 196 210
5 6 147 160 160 196 224 224
5 6 147 160 168 196 210 224
5 6 147 160 175 196 200 224
5 6 147 160 192 192 196 210
5 6 147 161 180 196 207 207
5 6 147 165 165 196 210 220
5 6 147 165 180 196 198 210
5 6 147 168 168 196 210 210
5 6 147 168 175 196 200 210
5 6 147 168 180 189 196 216
5 6 147 170 170 196 204 210
5 6 147 171 180 190 196 210
5 6 147 175 175 196 200 200
5 6 147 180 180 180 196 210
5 6 147 180 189 189 189 196
5 6 148 148 185 185 222 222
5 6 148 150 185 200 200 222
5 6 148 156 182 185 210 222
5 6 148 156 185 195 195 222
5 6 148 160 168 185 222 224
5 6 148 160 185 192 192 222
5 6 148 165 165 185 220 222
5 6 148 165 180 185 198 222
5 6 148 168 168 185 210 222
5 6 148 168 175 185 200 222
5 6 148 170 170 185 204 222
5 6 148 171 180 185 190 222
5 6 148 180 180 180 185 222
5 6 150 150 175 210 210 210
5 6 150 150 200 200 200 200
5 6 150 156 182 200 200 210
5 6 150 156 195 195 200 200
5 6 150 160 168 200 200 224
5 6 150 160 192 192 200 200
5 6 150 165 165 200 200 220
5 6 150 165 180 198 200 200
5 6 150 168 168 200 200 210
5 6 150 168 175 200 200 200
5 6 150 170 170 200 200 204
5 6 150 171 180 190 200 200
5 6 150 175 175 175 210 210
5 6 150 180 180 180 200 200
5 6 152 152 165 209 209 220
5 6 152 152 180 198 209 209
5 6 152 154 160 209 210 224
5 6 152 154 168 209 210 210
5 6 152 154 175 200 209 210
5 6 152 154 180 189 209 216
5 6 152 165 176 176 209 220
5 6 152 176 176 180 198 209
5 6 153 153 180 204 204 204
5 6 153 165 170 198 204 204
5 6 153 170 171 190 204 204
5 6 153 170 180 180 204 204
5 6 154 154 154 210 220 220
5 6 154 154 165 210 210 210
5 6 154 160 176 176 210 224
5 6 154 168 176 176 210 210
5 6 154 175 176 176 200 210
5 6 154 176 176 180 189 216
5 6 155 155 155 210 217 217
5 6 155 186 186 186 186 186
5 6 156 156 182 182 210 210
5 6 156 156 182 195 195 210
5 6 156 156 195 195 195 195
5 6 156 160 160 182 224 224
5 6 156 160 160 208 208 208
5 6 156 160 168 182 210 224
5 6 156 160 168 195 195 224
5 6 156 160 175 182 200 224
5 6 156 160 182 192 192 210
5 6 156 160 192 192 195 195
5 6 156 161 180 182 207 207
5 6 156 165 165 182 210 220
5 6 156 165 165 195 195 220
5 6 156 165 180 182 198 210
5 6 156 165 180 195 195 198
5 6 156 168 168 182 210 210
5 6 156 168 168 195 195 210
5 6 156 168 175 182 200 210
5 6 156 168 175 195 195 200
5 6 156 168 180 182 189 216
5 6 156 170 170 182 204 210
5 6 156 170 170 195 195 204
5 6 156 171 180 182 190 210
5 6 156 171 180 190 195 195
5 6 156 175 175 182 200 200
5 6 156 180 180 180 182 210
5 6 156 180 180 180 195 195
5 6 156 180 182 189 189 189
5 6 160 160 165 176 220 220
5 6 160 160 168 168 224 224
5 6 160 160 168 192 192 224
5 6 160 160 176 180 198 220
5 6 160 160 176 187 204 204
5 6 160 160 176 198 198 198
5 6 160 160 192 192 192 192
5 6 160 161 161 184 210 224
5 6 160 165 165 168 220 224
5 6 160 165 165 192 192 220
5 6 160 165 168 180 198 224
5 6 160 165 180 192 192 198
5 6 160 168 168 168 210 224
5 6 160 168 168 175 200 224
5 6 160 168 168 192 192 210
5 6 160 168 170 170 204 224
5 6 160 168 171 180 190 224
5 6 160 168 175 192 192 200
5 6 160 168 180 180 180 224
5 6 160 170 170 192 192 204
5 6 160 171 180 190 192 192
5 6 160 180 180 180 192 192
5 6 161 161 168 184 210 210
5 6 161 161 175 184 200 210
5 6 161 161 180 184 189 216
5 6 161 168 168 180 207 207
5 6 162 162 162 180 216 216
5 6 162 162 162 189 210 210
5 6 165 165 165 165 220 220
5 6 165 165 165 180 198 220
5 6 165 165 165 187 204 204
5 6 165 165 165 198 198 198
5 6 165 165 168 168 210 220
5 6 165 165 168 175 200 220
5 6 165 165 170 170 204 220
5 6 165 165 171 180 190 220
5 6 165 165 171 190 198 198
5 6 165 165 180 180 180 220
5 6 165 165 180 180 198 198
5 6 165 168 168 180 198 210
5 6 165 168 175 180 198 200
5 6 165 170 170 180 198 204
5 6 165 170 187 187 187 187
5 6 165 171 171 190 190 198
5 6 165 171 180 180 190 198
5 6 165 176 176 176 176 220
5 6 165 180 180 180 180 198
5 6 168 168 168 168 210 210
5 6 168 168 168 175 200 210
5 6 168 168 168 180 189 216
5 6 168 168 170 170 204 210
5 6 168 168 171 180 190 210
5 6 168 168 175 175 200 200
5 6 168 168 180 180 180 210
5 6 168 168 180 189 189 189
5 6 168 170 170 175 200 204
5 6 168 171 175 180 190 200
5 6 168 175 180 180 180 200
5 6 170 170 170 170 204 204
5 6 170 170 171 180 190 204
5 6 170 170 180 180 180 204
5 6 171 171 171 190 190 190
5 6 171 171 180 180 190 190
5 6 171 180 180 180 180 190
5 6 175 175 175 175 175 210
5 6 176 176 176 176 180 198
5 6 180 180 180 180 180 180
5 7 30 168 224 224 224 224
5 7 30 186 217 217 217 217
5 7 30 189 216 216 216 216
5 7 30 192 192 224 224 224
5 7 30 210 210 210 210 210
5 7 31 155 217 217 217 217
5 7 31 186 186 210 210 217
5 7 32 130 208 224 224 224
5 7 32 132 210 220 220 224
5 7 32 135 210 216 216 224
5 7 32 140 210 210 210 224
5 7 32 143 195 210 220 224
5 7 32 144 180 224 224 224
5 7 32 147 196 210 210 224
5 7 32 148 185 210 222 224
5 7 32 150 200 200 210 224
5 7 32 156 182 210 210 224
5 7 32 156 195 195 210 224
5 7 32 160 160 224 224 224
5 7 32 160 168 210 224 224
5 7 32 160 175 200 224 224
5 7 32 160 192 192 210 224
5 7 32 161 180 207 207 224
5 7 32 165 165 210 220 224
5 7 32 165 180 198 210 224
5 7 32 168 168 210 210 224
5 7 32 168 175 200 210 224
5 7 32 168 180 189 216 224
5 7 32 168 192 192 210 210
5 7 32 170 170 204 210 224
5 7 32 171 180 190 210 224
5 7 32 175 175 200 200 224
5 7 32 175 192 192 200 210
5 7 32 180 180 180 210 224
5 7 32 180 189 189 189 224
5 7 32 180 189 192 192 216
5 7 33 126 198 210 220 220
5 7 33 135 189 198 220 220
5 7 33 140 165 220 220 220
5 7 33 140 180 198 220 220
5 7 33 140 187 204 204 220
5 7 33 140 198 198 198 220
5 7 33 152 160 209 210 224
5 7 33 152 168 209 210 210
5 7 33 152 175 200 209 210
5 7 33 152 180 189 209 216
5 7 33 154 154 210 220 220
5 7 33 154 165 210 210 210
5 7 33 160 176 176 210 224
5 7 33 168 176 176 210 210
5 7 33 175 176 176 200 210
5 7 33 176 176 180 189 216
5 7 34 119 204 204 210 210
5 7 34 130 182 182 221 221
5 7 34 136 160 204 210 224
5 7 34 136 168 204 210 210
5 7 34 136 175 200 204 210
5 7 34 136 180 189 204 216
5 7 34 140 143 220 221 221
5 7 34 140 156 195 221 221
5 7 34 140 170 204 204 204
5 7 34 140 187 187 187 220
5 7 35 96 210 224 224 224
5 7 35 105 210 210 210 210
5 7 35 108 189 210 216 216
5 7 35 112 160 224 224 224
5 7 35 112 168 210 224 224
5 7 35 112 175 200 224 224
5 7 35 112 192 192 210 224
5 7 35 119 170 210 210 210
5 7 35 120 160 210 210 224
5 7 35 120 168 210 210 210
5 7 35 120 175 200 210 210
5 7 35 120 180 189 210 216
5 7 35 120 182 195 208 208
5 7 35 126 144 210 224 224
5 7 35 126 154 198 220 220
5 7 35 126 160 189 216 224
5 7 35 126 161 207 207 210
5 7 35 126 165 198 210 210
5 7 35 126 168 189 210 216
5 7 35 126 171 190 210 210
5 7 35 126 175 189 200 216
5 7 35 126 180 180 210 210
5 7 35 126 189 189 189 210
5 7 35 130 140 208 224 224
5 7 35 130 182 182 195 210
5 7 35 130 182 195 195 195
5 7 35 132 140 210 220 220
5 7 35 132 147 196 220 220
5 7 35 132 156 182 220 220
5 7 35 132 168 168 220 220
5 7 35 133 190 190 190 190
5 7 35 135 140 210 216 216
5 7 35 135 144 189 224 224
5 7 35 135 147 196 216 216
5 7 35 135 156 182 216 216
5 7 35 135 161 189 207 207
5 7 35 135 165 189 198 210
5 7 35 135 168 168 216 216
5 7 35 135 168 189 189 216
5 7 35 135 171 189 190 210
5 7 35 135 180 180 189 210
5 7 35 135 189 189 189 189
5 7 35 136 153 189 210 216
5 7 35 140 140 210 210 210
5 7 35 140 143 195 210 220
5 7 35 140 144 180 224 224
5 7 35 140 147 196 210 210
5 7 35 140 148 185 210 222
5 7 35 140 150 200 200 210
5 7 35 140 156 182 210 210
5 7 35 140 156 195 195 210
5 7 35 140 160 160 224 224
5 7 35 140 160 168 210 224
5 7 35 140 160 175 200 224
5 7 35 140 160 192 192 210
5 7 35 140 161 180 207 207
5 7 35 140 165 165 210 220
5 7 35 140 165 180 198 210
5 7 35 140 168 168 210 210
5 7 35 140 168 175 200 210
5 7 35 140 168 180 189 216
5 7 35 140 170 170 204 210
5 7 35 140 171 180 190 210
5 7 35 140 175 175 200 200
5 7 35 140 180 180 180 210
5 7 35 140 180 189 189 189
5 7 35 143 143 182 220 220
5 7 35 143 147 195 196 220
5 7 35 143 156 182 195 220
5 7 35 143 168 168 195 220
5 7 35 144 144 189 210 216
5 7 35 145 145 203 203 203
5 7 35 147 147 196 196 210
5 7 35 147 148 185 196 222
5 7 35 147 150 196 200 200
5 7 35 147 156 182 196 210
5 7 35 147 156 195 195 196
5 7 35 147 160 168 196 224
5 7 35 147 160 192 192 196
5 7 35 147 165 165 196 220
5 7 35 147 165 180 196 198
5 7 35 147 168 168 196 210
5 7 35 147 168 175 196 200
5 7 35 147 170 170 196 204
5 7 35 147 171 180 190 196
5 7 35 147 180 180 180 196
5 7 35 148 156 182 185 222
5 7 35 148 168 168 185 222
5 7 35 150 150 175 210 210
5 7 35 150 156 182 200 200
5 7 35 150 168 168 200 200
5 7 35 150 175 175 175 210
5 7 35 152 154 160 209 224
5 7 35 152 154 168 209 210
5 7 35 152 154 175 200 209
5 7 35 154 154 154 220 220
5 7 35 154 154 165 210 210
5 7 35 154 160 176 176 224
5 7 35 154 168 176 176 210
5 7 35 154 175 176 176 200
5 7 35 155 155 155 217 217
5 7 35 156 156 182 182 210
5 7 35 156 156 182 195 195
5 7 35 156 160 168 182 224
5 7 35 156 160 182 192 192
5 7 35 156 165 165 182 220
5 7 35 156 165 180 182 198
5 7 35 156 168 168 182 210
5 7 35 156 168 168 195 195
5 7 35 156 168 175 182 200
5 7 35 156 170 170 182 204
5 7 35 156 171 180 182 190
5 7 35 156 180 180 180 182
5 7 35 160 161 161 184 224
5 7 35 160 168 168 168 224
5 7 35 160 168 168 192 192
5 7 35 161 161 168 184 210
5 7 35 161 161 175 184 200
5 7 35 162 162 162 189 210
5 7 35 165 165 168 168 220
5 7 35 165 168 168 180 198
5 7 35 168 168 168 168 210
5 7 35 168 168 168 175 200
5 7 35 168 168 170 170 204
5 7 35 168 168 171 180 190
5 7 35 168 168 180 180 180
5 7 35 175 175 175 175 175
5 7 36 96 180 224 224 224
5 7 36 105 168 216 216 216
5 7 36 105 180 210 210 210
5 7 36 105 189 189 216 216
5 7 36 108 160 210 216 224
5 7 36 108 168 210 210 216
5 7 36 108 175 200 210 216
5 7 36 108 180 189 216 216
5 7 36 108 189 189 210 210
5 7 36 112 168 180 224 224
5 7 36 112 180 192 192 224
5 7 36 119 153 204 210 210
5 7 36 119 170 180 210 210
5 7 36 120 140 216 216 216
5 7 36 120 160 180 210 224
5 7 36 120 165 189 198 216
5 7 36 120 168 180 210 210
5 7 36 120 171 189 190 216
5 7 36 120 175 180 200 210
5 7 36 120 180 180 189 216
5 7 36 126 130 208 224 224
5 7 36 126 132 210 220 220
5 7 36 126 135 210 216 216
5 7 36 126 140 210 210 210
5 7 36 126 143 195 210 220
5 7 36 126 144 180 224 224
5 7 36 126 147 196 210 210
5 7 36 126 148 185 210 222
5 7 36 126 150 200 200 210
5 7 36 126 156 182 210 210
5 7 36 126 156 195 195 210
5 7 36 126 160 160 224 224
5 7 36 126 160 168 210 224
5 7 36 126 160 175 200 224
5 7 36 126 160 192 192 210
5 7 36 126 161 180 207 207
5 7 36 126 165 165 210 220
5 7 36 126 165 180 198 210
5 7 36 126 168 168 210 210
5 7 36 126 168 175 200 210
5 7 36 126 168 180 189 216
5 7 36 126 170 170 204 210
5 7 36 126 171 180 190 210
5 7 36 126 175 175 200 200
5 7 36 126 180 180 180 210
5 7 36 126 180 189 189 189
5 7 36 130 144 189 208 216
5 7 36 130 180 182 182 195
5 7 36 132 135 189 220 220
5 7 36 132 140 180 220 220
5 7 36 132 140 198 198 220
5 7 36 135 135 189 216 216
5 7 36 135 140 180 216 216
5 7 36 135 140 189 210 210
5 7 36 135 143 189 195 220
5 7 36 135 147 189 196 210
5 7 36 135 148 185 189 222
5 7 36 135 150 189 200 200
5 7 36 135 156 182 189 210
5 7 36 135 156 189 195 195
5 7 36 135 160 168 189 224
5 7 36 135 160 189 192 192
5 7 36 135 165 165 189 220
5 7 36 135 165 180 189 198
5 7 36 135 168 168 189 210
5 7 36 135 168 175 189 200
5 7 36 135 170 170 189 204
5 7 36 135 171 180 189 190
5 7 36 135 180 180 180 189
5 7 36 136 153 160 210 224
5 7 36 136 153 168 210 210
5 7 36 136 153 175 200 210
5 7 36 136 153 180 189 216
5 7 36 140 140 180 210 210
5 7 36 140 143 180 195 220
5 7 36 140 143 195 198 198
5 7 36 140 144 176 198 220
5 7 36 140 147 180 196 210
5 7 36 140 148 180 185 222
5 7 36 140 150 180 200 200
5 7 36 140 153 170 204 204
5 7 36 140 156 180 182 210
5 7 36 140 156 180 195 195
5 7 36 140 160 168 180 224
5 7 36 140 160 180 192 192
5 7 36 140 165 165 180 220
5 7 36 140 165 165 198 198
5 7 36 140 165 171 190 198
5 7 36 140 165 180 180 198
5 7 36 140 168 168 180 210
5 7 36 140 168 175 180 200
5 7 36 140 170 170 180 204
5 7 36 140 171 171 190 190
5 7 36 140 171 180 180 190
5 7 36 140 180 180 180 180
5 7 36 144 144 160 210 224
5 7 36 144 144 168 210 210
5 7 36 144 144 175 200 210
5 7 36 144 144 180 189 216
5 7 36 144 160 160 189 216
5 7 36 147 147 180 196 196
5 7 36 147 156 180 182 196
5 7 36 147 168 168 180 196
5 7 36 150 150 175 180 210
5 7 36 150 175 175 175 180
5 7 36 152 154 168 180 209
5 7 36 154 154 165 180 210