i,c_i,se
0.000000000000000000e+00,1.000019365014380490e+00,1.581380833523752367e-04
1.000000000000000000e+00,9.998093219766432949e-01,1.581129770991475164e-04
2.000000000000000000e+00,7.777608924067599405e-01,1.349717953456121028e-04
3.000000000000000000e+00,7.881302376282158795e-01,1.415309075327518648e-04
4.000000000000000000e+00,5.381099968223497232e-01,1.051000959607942086e-04
5.000000000000000000e+00,5.532553317058239717e-01,1.140545613526614736e-04
6.000000000000000000e+00,4.484739742229497117e-01,1.005879445668745231e-04
7.000000000000000000e+00,4.913030113707855251e-01,1.138522452122985528e-04
8.000000000000000000e+00,3.168488783254154728e-01,7.622970747138143688e-05
9.000000000000000000e+00,3.429996375681857446e-01,8.658482684596156842e-05
1.000000000000000000e+01,2.804657901452475288e-01,7.727046683535087745e-05
1.100000000000000000e+01,3.261263057494412365e-01,9.121169034376997386e-05
1.200000000000000000e+01,2.217200096383239727e-01,6.665907924771967386e-05
1.300000000000000000e+01,2.613923682660988512e-01,7.983598900612349516e-05
1.400000000000000000e+01,2.184945501358371289e-01,7.277287840696690228e-05
1.500000000000000000e+01,2.781579158422847198e-01,8.943374578971144981e-05
1.600000000000000000e+01,1.626875097798026193e-01,5.438751724766376062e-05
1.700000000000000000e+01,1.978732650955537242e-01,6.545271836153561721e-05
1.800000000000000000e+01,1.631797154348118284e-01,5.927578972663967785e-05
1.900000000000000000e+01,2.118471388685408963e-01,7.308289016827309388e-05
2.000000000000000000e+01,1.356745329478446505e-01,5.220940940184495935e-05
2.100000000000000000e+01,1.753663077921554514e-01,6.478178138258952048e-05
2.200000000000000000e+01,1.467326485601186670e-01,5.964199082233250616e-05
2.300000000000000000e+01,2.026412902080997891e-01,7.535200515195443092e-05
2.400000000000000000e+01,1.132475173218163711e-01,4.650796563892723188e-05
2.500000000000000000e+01,1.493875886797348118e-01,5.795582508362398505e-05
2.600000000000000000e+01,1.234761896113558688e-01,5.313041647429842223e-05
2.700000000000000000e+01,1.730704266059220897e-01,6.748273908350941556e-05
2.800000000000000000e+01,1.049975298533542128e-01,4.759001133191124289e-05
2.900000000000000000e+01,1.456565773276546905e-01,6.069294190838365381e-05
3.000000000000000000e+01,1.224581414051120198e-01,5.650726516615946270e-05
3.100000000000000000e+01,1.807593385614341963e-01,7.303695228527962689e-05
3.200000000000000000e+01,8.871310697374940046e-02,3.997081372811250551e-05
3.300000000000000000e+01,1.217629542477556559e-01,5.013187266247244741e-05
3.400000000000000000e+01,9.991023737604078081e-02,4.593027933719274954e-05
3.500000000000000000e+01,1.446986752332034554e-01,5.852609909531277459e-05
3.600000000000000000e+01,8.390930138387717174e-02,4.074302968277290158e-05
3.700000000000000000e+01,1.192323448577852912e-01,5.204441982252955593e-05
3.800000000000000000e+01,9.948630328256273525e-02,4.838147547672872574e-05
3.900000000000000000e+01,1.494160074144203210e-01,6.260780046149273554e-05
4.000000000000000000e+01,7.399264363383073473e-02,3.680669318304613942e-05
4.100000000000000000e+01,1.049505730682755850e-01,4.692319289425001596e-05
4.200000000000000000e+01,8.628949152132021905e-02,4.339266742427384154e-05
4.300000000000000000e+01,1.290291239747482221e-01,5.610153240889571494e-05
4.400000000000000000e+01,7.282763984581837324e-02,3.893872250897553917e-05
4.500000000000000000e+01,1.071781381059931648e-01,5.056633527195230769e-05
4.600000000000000000e+01,9.004208965806206888e-02,4.745606126155320435e-05
4.700000000000000000e+01,1.399447116937877489e-01,6.223944525878025668e-05
4.800000000000000000e+01,6.319156771555868579e-02,3.342813125477688278e-05
4.900000000000000000e+01,9.142935288236168911e-02,4.279297679112391696e-05
5.000000000000000000e+01,7.504883690558961096e-02,3.962506618248061902e-05
5.100000000000000000e+01,1.142614572710017734e-01,5.140181908350558847e-05
5.200000000000000000e+01,6.258311596259008569e-02,3.535437787036644025e-05
5.300000000000000000e+01,9.347887955869231547e-02,4.599780089926232214e-05
5.400000000000000000e+01,7.849100713583677391e-02,4.326189254473545160e-05
5.500000000000000000e+01,1.235014659576726126e-01,5.682632715971246904e-05
5.600000000000000000e+01,5.620246166069628457e-02,3.232558765430186098e-05
5.700000000000000000e+01,8.336760312905627801e-02,4.193823607320344303e-05
5.800000000000000000e+01,6.893508151218220859e-02,3.917582166636732075e-05
5.900000000000000000e+01,1.077008416689496512e-01,5.144289783647702633e-05
6.000000000000000000e+01,5.796168848407445146e-02,3.547015631902992241e-05
6.100000000000000000e+01,8.925585898382701333e-02,4.679274898728174350e-05
6.200000000000000000e+01,7.578334220601050386e-02,4.436137733676311751e-05
6.300000000000000000e+01,1.228279444520573999e-01,5.892353695884662009e-05
6.400000000000000000e+01,4.925369331628456915e-02,7.430995747883263863e-05
6.500000000000000000e+01,7.362104403786981499e-02,9.625461008987827875e-05
6.600000000000000000e+01,6.048152548466995126e-02,8.912546571475149677e-05
6.700000000000000000e+01,9.485191321727633185e-02,1.165749736749104455e-04
6.800000000000000000e+01,4.978161269277085743e-02,7.899715184580736083e-05
6.900000000000000000e+01,7.663089473775401561e-02,1.037063586173567843e-04
7.000000000000000000e+01,6.445898981253678217e-02,9.758250784298027616e-05
7.100000000000000000e+01,1.042300097449546104e-01,1.292317579262369591e-04
7.200000000000000000e+01,4.444726482563341602e-02,7.168322645864363756e-05
7.300000000000000000e+01,6.753560940096713094e-02,9.372132630832464585e-05
7.400000000000000000e+01,5.574293342499000298e-02,8.725426785740562343e-05
7.500000000000000000e+01,8.890958050179605110e-02,1.153229894050834207e-04
7.600000000000000000e+01,4.640270768582945016e-02,7.873656024702929679e-05
7.700000000000000000e+01,7.285071045535057577e-02,1.044576411299633344e-04
7.800000000000000000e+01,6.187489338041904374e-02,9.886212917619556799e-05
7.900000000000000000e+01,1.018996820673874204e-01,1.318858148862135627e-04
8.000000000000000000e+01,3.993202170891439057e-02,6.644442725538061403e-05
8.100000000000000000e+01,6.104579074822614332e-02,8.673114803258729385e-05
8.200000000000000000e+01,5.030797639706482277e-02,8.103693164146076968e-05
8.300000000000000000e+01,8.062327048271769603e-02,1.068165467893891589e-04
8.400000000000000000e+01,4.133232850625055688e-02,7.218711443513144718e-05
8.500000000000000000e+01,6.514966133234277590e-02,9.566775091862582772e-05
8.600000000000000000e+01,5.513374889936981105e-02,9.063913364398391121e-05
8.700000000000000000e+01,9.098101584042049550e-02,1.208345495879766386e-04
8.800000000000000000e+01,3.725408036390071009e-02,6.618126904567858064e-05
8.900000000000000000e+01,5.785333763774173910e-02,8.726052498211191524e-05
9.000000000000000000e+01,4.809409547751582886e-02,8.195515854044913083e-05
9.100000000000000000e+01,7.843988557159776998e-02,1.092572618252942481e-04
9.200000000000000000e+01,4.008780395712516903e-02,7.459220624656003919e-05
9.300000000000000000e+01,6.450167119394802084e-02,9.985768757150618959e-05
9.400000000000000000e+01,5.537381926816081074e-02,9.546736266698516030e-05
9.500000000000000000e+01,9.325207408747387960e-02,1.284190120852832457e-04
9.600000000000000000e+01,3.370159635478754689e-02,6.064989495122834754e-05
9.700000000000000000e+01,5.254124630756179526e-02,7.958043761514123446e-05
9.800000000000000000e+01,4.339333581630885894e-02,7.406303361203527306e-05
9.900000000000000000e+01,7.079092369963725651e-02,9.815193753081296864e-05
1.000000000000000000e+02,3.543564624774642180e-02,6.636455143485830998e-05
1.010000000000000000e+02,5.692794941904209816e-02,8.839555686190960794e-05
1.020000000000000000e+02,4.842014344592267955e-02,8.368636560745748760e-05
1.030000000000000000e+02,8.118988615722644298e-02,1.121320563607670765e-04
1.040000000000000000e+02,3.168988933253536616e-02,6.040202601622451613e-05
1.050000000000000000e+02,5.006056939150455021e-02,7.999583891243868471e-05
1.060000000000000000e+02,4.175054008142525808e-02,7.524268772219013153e-05
1.070000000000000000e+02,6.898754372769469456e-02,1.004677758236753349e-04
1.080000000000000000e+02,3.457222987267313113e-02,6.838174609120644309e-05
1.090000000000000000e+02,5.639493197498905014e-02,9.185553212857084228e-05
1.100000000000000000e+02,4.861261757926084448e-02,8.769252266690400616e-05
1.110000000000000000e+02,8.269184527040583654e-02,1.181303684322377711e-04
1.120000000000000000e+02,2.930507336210210964e-02,5.701459497735128859e-05
1.130000000000000000e+02,4.640496260917310878e-02,7.526665436626285674e-05
1.140000000000000000e+02,3.864387589188292282e-02,7.089906278960351332e-05
1.150000000000000000e+02,6.388469920367748078e-02,9.433591410921049643e-05
1.160000000000000000e+02,3.150311425070402571e-02,6.359664663002607358e-05
1.170000000000000000e+02,5.149088427241146904e-02,8.523365484695881933e-05
1.180000000000000000e+02,4.415487940025267233e-02,8.135380350703735961e-05
1.190000000000000000e+02,7.513967501422204320e-02,1.094770557255962386e-04
1.200000000000000000e+02,2.833642297942315369e-02,5.838005127381118572e-05
1.210000000000000000e+02,4.559188085533306262e-02,7.790128836705115625e-05
1.220000000000000000e+02,3.835460594481291535e-02,7.376285259407245308e-05
1.230000000000000000e+02,6.440139112764038665e-02,9.925734227525145122e-05
1.240000000000000000e+02,3.188223987380291169e-02,6.775092361440301057e-05
1.250000000000000000e+02,5.313361578597625146e-02,9.165411846841933319e-05
1.260000000000000000e+02,4.629104857600604278e-02,8.829165507818163968e-05
1.270000000000000000e+02,8.021801403574273237e-02,1.197348845903802370e-04
1.280000000000000000e+02,2.582709505824248158e-02,5.231135543462659706e-05
1.290000000000000000e+02,4.139991658640156114e-02,6.919195071472639493e-05
1.300000000000000000e+02,3.442935277887433643e-02,6.479233298563750261e-05
1.310000000000000000e+02,5.762047511831733249e-02,8.657000088256628387e-05
1.320000000000000000e+02,2.791302550270470528e-02,5.791842956256267511e-05
1.330000000000000000e+02,4.609813015841506684e-02,7.781743282465399686e-05
1.340000000000000000e+02,3.953233382412418839e-02,7.388964930940664002e-05
1.350000000000000000e+02,6.793072652911456843e-02,9.972801193161221064e-05
1.360000000000000000e+02,2.473286891144513971e-02,5.247426917316245744e-05
1.370000000000000000e+02,4.004564783584015769e-02,6.992368581510831783e-05
1.380000000000000000e+02,3.363732858085632244e-02,6.610057458955922169e-05
1.390000000000000000e+02,5.677753826768323908e-02,8.866002582266179334e-05
1.400000000000000000e+02,2.774260841291335822e-02,6.022092971738879895e-05
1.410000000000000000e+02,4.631249503323435490e-02,8.097697222479956008e-05
1.420000000000000000e+02,4.028189659480253815e-02,7.780212069503100757e-05
1.430000000000000000e+02,7.001704281209657210e-02,1.052562320499294526e-04
1.440000000000000000e+02,2.297580435827995329e-02,4.929140638827615928e-05
1.450000000000000000e+02,3.717713507281988905e-02,6.549683407446425115e-05
1.460000000000000000e+02,3.109057623250037483e-02,6.174978045165839947e-05
1.470000000000000000e+02,5.242557132047662855e-02,8.272131546509637029e-05
1.480000000000000000e+02,2.518276484219978198e-02,5.530627558809547771e-05
1.490000000000000000e+02,4.202842207644010702e-02,7.468264485864299326e-05
1.500000000000000000e+02,3.619735042883145265e-02,7.109407832400004381e-05
1.510000000000000000e+02,6.274834559018413471e-02,9.644222031009374522e-05
1.520000000000000000e+02,2.249839637805893869e-02,5.092175143587405095e-05
1.530000000000000000e+02,3.683816664200337959e-02,6.810190401722389006e-05
1.540000000000000000e+02,3.114284779480099713e-02,6.454594374398827121e-05
1.550000000000000000e+02,5.317345051546270435e-02,8.713415624291356854e-05
1.560000000000000000e+02,2.575183497983465561e-02,5.909909113527443469e-05
1.570000000000000000e+02,4.364110723373604284e-02,8.024490780719906863e-05
1.580000000000000000e+02,3.816650136894857159e-02,7.711004961000894348e-05
1.590000000000000000e+02,6.717020458733290178e-02,1.050911553713691185e-04
1.600000000000000000e+02,2.074603969259559977e-02,4.634599652921220144e-05
1.610000000000000000e+02,3.384093373140196342e-02,6.180089408722217088e-05
1.620000000000000000e+02,2.836369658101412297e-02,5.832337498193899728e-05
1.630000000000000000e+02,4.820707859269839773e-02,7.843957687422766639e-05
1.640000000000000000e+02,2.288787580307262773e-02,5.218532392865384115e-05
1.650000000000000000e+02,3.842017658283375381e-02,7.017097308933449378e-05
1.660000000000000000e+02,3.321247098605582815e-02,6.718185241154333426e-05
1.670000000000000000e+02,5.786889746294791165e-02,9.101428788064777988e-05
1.680000000000000000e+02,2.017437667158618678e-02,4.707310972716236203e-05
1.690000000000000000e+02,3.327399759356863829e-02,6.323435141557617488e-05
1.700000000000000000e+02,2.813835628380005616e-02,6.012346889073670353e-05
1.710000000000000000e+02,4.830113669158456191e-02,8.145485880641816141e-05
1.720000000000000000e+02,2.318110452728283991e-02,5.497734735763068823e-05
1.730000000000000000e+02,3.950794042579332949e-02,7.469599365250339303e-05
1.740000000000000000e+02,3.453010211545787939e-02,7.179899666214408351e-05
1.750000000000000000e+02,6.099438322678829572e-02,9.793916821509540249e-05
1.760000000000000000e+02,1.891330839059874452e-02,4.467310081579832027e-05
1.770000000000000000e+02,3.116359480327367953e-02,5.982445658366083492e-05
1.780000000000000000e+02,2.624106077573634677e-02,5.686033225827793265e-05
1.790000000000000000e+02,4.494133973244825858e-02,7.664688163754572198e-05
1.800000000000000000e+02,2.125656603750834817e-02,5.134372040148399717e-05
1.810000000000000000e+02,3.611433615696926780e-02,6.951551270581973589e-05
1.820000000000000000e+02,3.141055832589603747e-02,6.691746666739130421e-05
1.830000000000000000e+02,5.517843336784218622e-02,9.080653442281428169e-05
1.840000000000000000e+02,1.892379664218798302e-02,4.708020561651421541e-05
1.850000000000000000e+02,3.159681846445612508e-02,6.355668172880604228e-05
1.860000000000000000e+02,2.691236131259923045e-02,6.060170003176291510e-05
1.870000000000000000e+02,4.665921710965161701e-02,8.241770292935164178e-05
1.880000000000000000e+02,2.232078434060017283e-02,5.604560185933817463e-05
1.890000000000000000e+02,3.860382928091660171e-02,7.655407809275365774e-05
1.900000000000000000e+02,3.401992050377155435e-02,7.396454200274776261e-05
1.910000000000000000e+02,6.079601470072319019e-02,1.012353680993095535e-04
1.920000000000000000e+02,1.739720660861892101e-02,4.218385042559650634e-05
1.930000000000000000e+02,2.886117731754854476e-02,5.663719462889301245e-05
1.940000000000000000e+02,2.428488779135669351e-02,5.338777574335655730e-05
1.950000000000000000e+02,4.177600846183238126e-02,7.192773619676598841e-05
1.960000000000000000e+02,1.950937513786678637e-02,4.761635715075567210e-05
1.970000000000000000e+02,3.330722516731731558e-02,6.455399666290863314e-05
1.980000000000000000e+02,2.895736303925948787e-02,6.181705281962438761e-05
1.990000000000000000e+02,5.107456071251879198e-02,8.404336345123255159e-05
2.000000000000000000e+02,1.711711002455962305e-02,4.314985649337848189e-05
2.010000000000000000e+02,2.867226830692402861e-02,5.832903452623283512e-05
2.020000000000000000e+02,2.440837432687543301e-02,5.554895092658781596e-05
2.030000000000000000e+02,4.235481847572885455e-02,7.523988371756150611e-05
2.040000000000000000e+02,2.011552375038216586e-02,5.073855976257449609e-05
2.050000000000000000e+02,3.474641172368141823e-02,6.914183848693714388e-05
2.060000000000000000e+02,3.052618517044559249e-02,6.656033842119167749e-05
2.070000000000000000e+02,5.443664734135568450e-02,9.082661301631083674e-05
2.080000000000000000e+02,1.611765561739231245e-02,4.081583650867518230e-05
2.090000000000000000e+02,2.688370154794181288e-02,5.490938115707085681e-05
2.100000000000000000e+02,2.267286723588096686e-02,5.186879266598464747e-05
2.110000000000000000e+02,3.922466566165785234e-02,7.020652725839278765e-05
2.120000000000000000e+02,1.832209496738078716e-02,4.688917144914640203e-05
2.130000000000000000e+02,3.148912043451890241e-02,6.375499998401766935e-05
2.140000000000000000e+02,2.747526661102597800e-02,6.117341984611789226e-05
2.150000000000000000e+02,4.875964648273835300e-02,8.352274833181376999e-05
2.160000000000000000e+02,1.623360890801437209e-02,4.336763241534071054e-05
2.170000000000000000e+02,2.739331184129851701e-02,5.852780628126484771e-05
2.180000000000000000e+02,2.342795975072371403e-02,5.582532111930262525e-05
2.190000000000000000e+02,4.099061705935870548e-02,7.610049477353635701e-05
2.200000000000000000e+02,1.938464558878230659e-02,5.141263503430517192e-05
2.210000000000000000e+02,3.387766673445701676e-02,7.047266218439077483e-05
2.220000000000000000e+02,3.002262868330317358e-02,6.818711357898771632e-05
2.230000000000000000e+02,5.406739019036976152e-02,9.355054740773004966e-05
2.240000000000000000e+02,1.499859635515138519e-02,3.918277981490205636e-05
2.250000000000000000e+02,2.518617407700295130e-02,5.282368939174631118e-05
2.260000000000000000e+02,2.123166223700655164e-02,4.979254193727311362e-05
2.270000000000000000e+02,3.693793890111210509e-02,6.750498232452093014e-05
2.280000000000000000e+02,1.711978330821171262e-02,4.497805966511457331e-05
2.290000000000000000e+02,2.957428423832356851e-02,6.113290812813459128e-05
2.300000000000000000e+02,2.577637044479263312e-02,5.850785092475368782e-05
2.310000000000000000e+02,4.589698534791419871e-02,7.975932787696129219e-05
2.320000000000000000e+02,1.494679770822823078e-02,4.060465067645694845e-05
2.330000000000000000e+02,2.535985211668101424e-02,5.528498593180664977e-05
2.340000000000000000e+02,2.160445539782506613e-02,5.238477368731676685e-05
2.350000000000000000e+02,3.794336916226024453e-02,7.166353539021044522e-05
2.360000000000000000e+02,1.784174251654247270e-02,4.826464771090935253e-05
2.370000000000000000e+02,3.125381270361071023e-02,6.634719566796321651e-05
2.380000000000000000e+02,2.763054929723404371e-02,6.389061914850507548e-05
2.390000000000000000e+02,4.985705814446757256e-02,8.790467569656883727e-05
2.400000000000000000e+02,1.412718800359343517e-02,3.852781817497508897e-05
2.410000000000000000e+02,2.389266826247796530e-02,5.232498699940134665e-05
2.420000000000000000e+02,2.024192865699777841e-02,4.955057573569522108e-05
2.430000000000000000e+02,3.540895971856763275e-02,6.754524890357828132e-05
2.440000000000000000e+02,1.638657116818241846e-02,4.508012107567317103e-05
2.450000000000000000e+02,2.857430755590895793e-02,6.179136636054254842e-05
2.460000000000000000e+02,2.507594468515676744e-02,5.944998964112862790e-05
2.470000000000000000e+02,4.497177457539178191e-02,8.145965771147987717e-05
2.480000000000000000e+02,1.450436615682890000e-02,4.157086221260386852e-05
2.490000000000000000e+02,2.487166139414409907e-02,5.699138335099988715e-05
2.500000000000000000e+02,2.141694493033115959e-02,5.447310256823139951e-05
2.510000000000000000e+02,3.790445543049834887e-02,7.461393604489399212e-05
2.520000000000000000e+02,1.780886774942154818e-02,5.041554458404509296e-05
2.530000000000000000e+02,3.159068291123770522e-02,6.963519555960555741e-05
2.540000000000000000e+02,2.816220354727283146e-02,6.740462523416909223e-05
2.550000000000000000e+02,5.129436612654663524e-02,9.298847395142778474e-05
2.560000000000000000e+02,1.333696722657233547e-02,9.034793880719345057e-05
2.570000000000000000e+02,2.248887755759805540e-02,1.207435561952522956e-04
2.580000000000000000e+02,1.918692148981243281e-02,1.146555943427355012e-04
2.590000000000000000e+02,3.338447196538746331e-02,1.534779830535175848e-04
2.600000000000000000e+02,1.540216799969971150e-02,1.034440688014557242e-04
2.610000000000000000e+02,2.671670867298543348e-02,1.403116311460678959e-04
2.620000000000000000e+02,2.347266106889396922e-02,1.338417141409183519e-04
2.630000000000000000e+02,4.195801789288222672e-02,1.822860127348180923e-04
2.640000000000000000e+02,1.338773434239625901e-02,9.503128152471675214e-05
2.650000000000000000e+02,2.269817906802892513e-02,1.266671903666951302e-04
2.660000000000000000e+02,1.963208703854680062e-02,1.230653726162542596e-04
2.670000000000000000e+02,3.445050935903191253e-02,1.640080550106465566e-04
2.680000000000000000e+02,1.623699776767194292e-02,1.122775333680454317e-04
2.690000000000000000e+02,2.839419483091682253e-02,1.518656127943948143e-04
2.700000000000000000e+02,2.525112861287593866e-02,1.462228569799578872e-04
2.710000000000000000e+02,4.554531927138567166e-02,1.986604420694228418e-04
2.720000000000000000e+02,1.256143583925813448e-02,8.844654901382527346e-05
2.730000000000000000e+02,2.115726036781072697e-02,1.183597444855033660e-04
2.740000000000000000e+02,1.817961377166956577e-02,1.130791139067508454e-04
2.750000000000000000e+02,3.165123520921171024e-02,1.516307024048321977e-04
2.760000000000000000e+02,1.467888650189340047e-02,1.025965061777522246e-04
2.770000000000000000e+02,2.552829933759570222e-02,1.387842465690187609e-04
2.780000000000000000e+02,2.254859472440928075e-02,1.330890236516340359e-04
2.790000000000000000e+02,4.027636333402246499e-02,1.810497440415051592e-04
2.800000000000000000e+02,1.296497026971727556e-02,9.725926155362211566e-05
2.810000000000000000e+02,2.209993662314862009e-02,1.290391307896741034e-04
2.820000000000000000e+02,1.917866221331060092e-02,1.239466250718435645e-04
2.830000000000000000e+02,3.388345466714352133e-02,1.676784343022427043e-04
2.840000000000000000e+02,1.595069008784740991e-02,1.148467705088748882e-04
2.850000000000000000e+02,2.812568754182010952e-02,1.555504209519267855e-04
2.860000000000000000e+02,2.518522458610683579e-02,1.505037807850334618e-04
2.870000000000000000e+02,4.582384074559062853e-02,2.063419240876787685e-04
2.880000000000000000e+02,1.193238945935666540e-02,8.580208371497153545e-05
2.890000000000000000e+02,2.007171980812400697e-02,1.134820341205938511e-04
2.900000000000000000e+02,1.726455691615491964e-02,1.090029718151766687e-04
2.910000000000000000e+02,3.001383238616585694e-02,1.452698214369473604e-04
2.920000000000000000e+02,1.384330454694479746e-02,9.703554964940148215e-05
2.930000000000000000e+02,2.406179784788936224e-02,1.318607649952670854e-04
2.940000000000000000e+02,2.125150274976343040e-02,1.264785122437829176e-04
2.950000000000000000e+02,3.806473869183659570e-02,1.727459567643575735e-04
2.960000000000000000e+02,1.197947160395234842e-02,8.985288835273099622e-05
2.970000000000000000e+02,2.044428885348141198e-02,1.205722686124883689e-04
2.980000000000000000e+02,1.779189901573955887e-02,1.168184096814060331e-04
2.990000000000000000e+02,3.130927970825135576e-02,1.560546277448120309e-04
3.000000000000000000e+02,1.473038529632240620e-02,1.075992541673693727e-04
3.010000000000000000e+02,2.598062650314718336e-02,1.465054107464198486e-04
3.020000000000000000e+02,2.326843489559739936e-02,1.418844751210944033e-04
3.030000000000000000e+02,4.215212793821096482e-02,1.935967137860092292e-04
3.040000000000000000e+02,1.137432462783157829e-02,8.552084890117325441e-05
3.050000000000000000e+02,1.925889407227933392e-02,1.142015043672482970e-04
3.060000000000000000e+02,1.662951119252294163e-02,1.100031375526845851e-04
3.070000000000000000e+02,2.912035417309403323e-02,1.471070656578336074e-04
3.080000000000000000e+02,1.351214268083125378e-02,9.994419222267210976e-05
3.090000000000000000e+02,2.358591533600538914e-02,1.351945259479471343e-04
3.100000000000000000e+02,2.099584543132037087e-02,1.309175469914094494e-04
3.110000000000000000e+02,3.758181915490329400e-02,1.772585929392265429e-04
3.120000000000000000e+02,1.173684768185019427e-02,9.270296695985153922e-05
3.130000000000000000e+02,2.024545683667063750e-02,1.254550140778707703e-04
3.140000000000000000e+02,1.771568676382303392e-02,1.209752187482434634e-04
3.150000000000000000e+02,3.152568006993085314e-02,1.641493423618417742e-04
3.160000000000000000e+02,1.479749635814875397e-02,1.130966834568720189e-04
3.170000000000000000e+02,2.636655337537825022e-02,1.541809139051474324e-04
3.180000000000000000e+02,2.376880459292233030e-02,1.492437006600959358e-04
3.190000000000000000e+02,4.352524547892808876e-02,2.054517318359873411e-04
3.200000000000000000e+02,1.077442401197552767e-02,8.097265613353785217e-05
3.210000000000000000e+02,1.824725664020329652e-02,1.076755852894157982e-04
3.220000000000000000e+02,1.576028063859045633e-02,1.029771164531215059e-04
3.230000000000000000e+02,2.757447894308715994e-02,1.382373064855963265e-04
3.240000000000000000e+02,1.259640848697721888e-02,9.187624522335537428e-05
3.250000000000000000e+02,2.189997816135734465e-02,1.240239700949949907e-04
3.260000000000000000e+02,1.962962062086909959e-02,1.203002080139729596e-04
3.270000000000000000e+02,3.520876187963783988e-02,1.636239679829642395e-04
3.280000000000000000e+02,1.081093411435186946e-02,8.446618680403126936e-05
3.290000000000000000e+02,1.866784185963123871e-02,1.143522383423766566e-04
3.300000000000000000e+02,1.617904845871776312e-02,1.095289559422863606e-04
3.310000000000000000e+02,2.869715621741115996e-02,1.475856763970220960e-04
3.320000000000000000e+02,1.329257243290543622e-02,9.904752495586435725e-05
3.330000000000000000e+02,2.376734326515346843e-02,1.376527508304277415e-04
3.340000000000000000e+02,2.125516223432123708e-02,1.316041055658812410e-04
3.350000000000000000e+02,3.885730650838464806e-02,1.815797836041947602e-04
3.360000000000000000e+02,1.018520538213849025e-02,7.972315499480179223e-05
3.370000000000000000e+02,1.751622065802663566e-02,1.075314085702051858e-04
3.380000000000000000e+02,1.507830669107288087e-02,1.034545999830004863e-04
3.390000000000000000e+02,2.663709989330172515e-02,1.391783459648050097e-04
3.400000000000000000e+02,1.221671489195525623e-02,9.402113420509897873e-05
3.410000000000000000e+02,2.148196714962273893e-02,1.268198860310548878e-04
3.420000000000000000e+02,1.910633020234853152e-02,1.223493564580570043e-04
3.430000000000000000e+02,3.454823210871219713e-02,1.669682869442741188e-04
3.440000000000000000e+02,1.078630814331024874e-02,8.932064500824580785e-05
3.450000000000000000e+02,1.867532609046995695e-02,1.201116417676963204e-04
3.460000000000000000e+02,1.620038517411798162e-02,1.143328227109008589e-04
3.470000000000000000e+02,2.893343949502706625e-02,1.548555881610416197e-04
3.480000000000000000e+02,1.344748092308640543e-02,1.051877940943969902e-04
3.490000000000000000e+02,2.414423831356316691e-02,1.447444287456830353e-04
3.500000000000000000e+02,2.175725435473769773e-02,1.392122582230077496e-04
3.510000000000000000e+02,3.989144261122495178e-02,1.917319289973835753e-04
3.520000000000000000e+02,9.706071278147399353e-03,7.534874077372816323e-05
3.530000000000000000e+02,1.666385664631426372e-02,1.017200459873688018e-04
3.540000000000000000e+02,1.439552180418372102e-02,9.865611372527263311e-05
3.550000000000000000e+02,2.539778225500136447e-02,1.320295833012334922e-04
3.560000000000000000e+02,1.157821671939641278e-02,8.869251792704471434e-05
3.570000000000000000e+02,2.035600419480353487e-02,1.206803728414874641e-04
3.580000000000000000e+02,1.813963774365186590e-02,1.164614318017818934e-04
3.590000000000000000e+02,3.281281867472082142e-02,1.590354632017327999e-04
3.600000000000000000e+02,9.979329159654676956e-03,8.175780705751368375e-05
3.610000000000000000e+02,1.733831858176737920e-02,1.119634891358958751e-04
3.620000000000000000e+02,1.510617968868464313e-02,1.078835823209182076e-04
3.630000000000000000e+02,2.685933158353715974e-02,1.451244006919516526e-04
3.640000000000000000e+02,1.240380138836055975e-02,9.790174973631216027e-05
3.650000000000000000e+02,2.233282215113192859e-02,1.352579214533751191e-04
3.660000000000000000e+02,2.001202126784622573e-02,1.302526803593593988e-04
3.670000000000000000e+02,3.679545843458175564e-02,1.794811326567978982e-04
3.680000000000000000e+02,9.407624755486846541e-03,7.723730976244856704e-05
3.690000000000000000e+02,1.629112445188313565e-02,1.048652703377090257e-04
3.700000000000000000e+02,1.412763732466846764e-02,1.016132869385958401e-04
3.710000000000000000e+02,2.501189661327004460e-02,1.366947905292460166e-04
3.720000000000000000e+02,1.140979293420910784e-02,9.122500778311344973e-05
3.730000000000000000e+02,2.023293116205930608e-02,1.244443532010245290e-04
3.740000000000000000e+02,1.811333088719099815e-02,1.215131230025719275e-04
3.750000000000000000e+02,3.305793430404364852e-02,1.669176534108628932e-04
3.760000000000000000e+02,9.982587341934441930e-03,8.599032011990232860e-05
3.770000000000000000e+02,1.757304384059459046e-02,1.183935747436568178e-04
3.780000000000000000e+02,1.529340459695458475e-02,1.126419728548248644e-04
3.790000000000000000e+02,2.770557172183692532e-02,1.547386571840866313e-04
3.800000000000000000e+02,1.276598490205407138e-02,1.042385060989920066e-04
3.810000000000000000e+02,2.326718781203031619e-02,1.452612653046832692e-04
3.820000000000000000e+02,2.091997046051919523e-02,1.392577123354645657e-04
3.830000000000000000e+02,3.906788076188415226e-02,1.945564157031408272e-04
3.840000000000000000e+02,8.954711713939904338e-03,7.369917054195223747e-05
3.850000000000000000e+02,1.546008178377151522e-02,9.830323535344265089e-05
3.860000000000000000e+02,1.336485909815877601e-02,9.461903448204139137e-05
3.870000000000000000e+02,2.365359021449088897e-02,1.259357161866510603e-04
3.880000000000000000e+02,1.074425869587063848e-02,8.590302010127538800e-05
3.890000000000000000e+02,1.896286876643448957e-02,1.153501455644689514e-04
3.900000000000000000e+02,1.699087363765388811e-02,1.122490326453614868e-04
3.910000000000000000e+02,3.075650017882138390e-02,1.515169947158780844e-04
3.920000000000000000e+02,9.251661707103252252e-03,7.897314729208281816e-05
3.930000000000000000e+02,1.605316837514936951e-02,1.055258600837585711e-04
3.940000000000000000e+02,1.397116214772313805e-02,1.011290071976455695e-04
3.950000000000000000e+02,2.498786632657796006e-02,1.355982744117950297e-04
3.960000000000000000e+02,1.157393761335313333e-02,9.305374900362000930e-05
3.970000000000000000e+02,2.076876331273466367e-02,1.273885443556739886e-04
3.980000000000000000e+02,1.864174522798508343e-02,1.225015336859089539e-04
3.990000000000000000e+02,3.436258135019987919e-02,1.683322446746721114e-04
4.000000000000000000e+02,8.663146520368755071e-03,7.323917775449114743e-05
4.010000000000000000e+02,1.493699879447370725e-02,9.790884985710616886e-05
4.020000000000000000e+02,1.292247019373625461e-02,9.380668361836516579e-05
4.030000000000000000e+02,2.305321964692324394e-02,1.271335615092695321e-04
4.040000000000000000e+02,1.052371783802658403e-02,8.640430265994557594e-05
4.050000000000000000e+02,1.874682027917355318e-02,1.172900256375532208e-04
4.060000000000000000e+02,1.661394567389786261e-02,1.130527686790087243e-04
4.070000000000000000e+02,3.043619336212426488e-02,1.550467485828266323e-04
4.080000000000000000e+02,9.320389691323042319e-03,8.209259386666280863e-05
4.090000000000000000e+02,1.623339461203664527e-02,1.100980949671546662e-04
4.100000000000000000e+02,1.415033227824419662e-02,1.053656345636041824e-04
4.110000000000000000e+02,2.552856075379997605e-02,1.431551993393664186e-04
4.120000000000000000e+02,1.181044438480585886e-02,9.712648413324489159e-05
4.130000000000000000e+02,2.136047107524052108e-02,1.334532453880263433e-04
4.140000000000000000e+02,1.934969551244750466e-02,1.293487365764927201e-04
4.150000000000000000e+02,3.584290558493510165e-02,1.787753230195844372e-04
4.160000000000000000e+02,8.317119619533418912e-03,6.937625195843040514e-05
4.170000000000000000e+02,1.435645285124331760e-02,9.332443042343122064e-05
4.180000000000000000e+02,1.243763923884928270e-02,9.048615519412324599e-05
4.190000000000000000e+02,2.221182794266939042e-02,1.222408509603531489e-04
4.200000000000000000e+02,9.983301221847533380e-03,8.112735012487902464e-05
4.210000000000000000e+02,1.769255701121315305e-02,1.101382606430827816e-04
4.220000000000000000e+02,1.583888953952118650e-02,1.074103021222728001e-04
4.230000000000000000e+02,2.892151622853800577e-02,1.474708602523287044e-04
4.240000000000000000e+02,8.569522000044583684e-03,7.490055991628760137e-05
4.250000000000000000e+02,1.499665556542575419e-02,1.017308124500777307e-04
4.260000000000000000e+02,1.308414322103559901e-02,9.811266072062813743e-05
4.270000000000000000e+02,2.365161888907849758e-02,1.341150842841073890e-04
4.280000000000000000e+02,1.093027826531976429e-02,9.104226687649610850e-05
4.290000000000000000e+02,1.965203607171774058e-02,1.240300084096947241e-04
4.300000000000000000e+02,1.775173705945163813e-02,1.207629563597184216e-04
4.310000000000000000e+02,3.279092320486903106e-02,1.663127998889664806e-04
4.320000000000000000e+02,8.135792553454637352e-03,7.171677055266888830e-05
4.330000000000000000e+02,1.416041936016082699e-02,9.687940387144537973e-05
4.340000000000000000e+02,1.224323460850119602e-02,9.316895590046742320e-05
4.350000000000000000e+02,2.197756753623485507e-02,1.270333303226558130e-04
4.360000000000000000e+02,9.833410676300525025e-03,8.328612105713824678e-05
4.370000000000000000e+02,1.768500463491678304e-02,1.147387562442518297e-04
4.380000000000000000e+02,1.575349452804774078e-02,1.102390738146965827e-04
4.390000000000000000e+02,2.908495548083633170e-02,1.534292244191454960e-04
4.400000000000000000e+02,8.579222796440124851e-03,7.789960282742233288e-05
4.410000000000000000e+02,1.524861922287195845e-02,1.081827459126404669e-04
4.420000000000000000e+02,1.332992675065994281e-02,1.035438204264620452e-04
4.430000000000000000e+02,2.442372406862676135e-02,1.435257730074793485e-04
4.440000000000000000e+02,1.123721511769294745e-02,9.691653044901171971e-05
4.450000000000000000e+02,2.057464905581996018e-02,1.349787702026673851e-04
4.460000000000000000e+02,1.851887523059919313e-02,1.290339761084907438e-04
4.470000000000000000e+02,3.482201045450195737e-02,1.810283816477651101e-04
4.480000000000000000e+02,7.786832425393163878e-03,6.851868055679476708e-05
4.490000000000000000e+02,1.345315857483446627e-02,9.044725214981855872e-05
4.500000000000000000e+02,1.153324709672480866e-02,8.645528852674998893e-05
4.510000000000000000e+02,2.072103667892515738e-02,1.168681473709480388e-04
4.520000000000000000e+02,9.380124181210994228e-03,7.911551792846037749e-05
4.530000000000000000e+02,1.664758568473532693e-02,1.062640587244386667e-04
4.540000000000000000e+02,1.484910448137298153e-02,1.026154655612388584e-04
4.550000000000000000e+02,2.721078290742263289e-02,1.403760200693417767e-04
4.560000000000000000e+02,8.061606523439287381e-03,7.272230039300949780e-05
4.570000000000000000e+02,1.412924850507080513e-02,9.776018460788832851e-05
4.580000000000000000e+02,1.230095944842696243e-02,9.454393723362464555e-05
4.590000000000000000e+02,2.227071029116213172e-02,1.278924799754488188e-04
4.600000000000000000e+02,1.032979480687528859e-02,8.761137011665296825e-05
4.610000000000000000e+02,1.851723946683853789e-02,1.192125857352035816e-04
4.620000000000000000e+02,1.679034717696905113e-02,1.165523718599483833e-04
4.630000000000000000e+02,3.103858225645870009e-02,1.595261210006968791e-04
4.640000000000000000e+02,7.594830293096602007e-03,6.945852264913649203e-05
4.650000000000000000e+02,1.319263767993450118e-02,9.235387165920399177e-05
4.660000000000000000e+02,1.138110196892172174e-02,8.841759878289139746e-05
4.670000000000000000e+02,2.044074996843189135e-02,1.195885445867612192e-04
4.680000000000000000e+02,9.209891773335636411e-03,7.986198588197768557e-05
4.690000000000000000e+02,1.662566665674745925e-02,1.100653583524774772e-04
4.700000000000000000e+02,1.473727478434890513e-02,1.044478483912226558e-04
4.710000000000000000e+02,2.726638071383535866e-02,1.451591829661196150e-04
4.720000000000000000e+02,8.095646646358072712e-03,7.664017439914841390e-05
4.730000000000000000e+02,1.437655904676020217e-02,1.034493013387245540e-04
4.740000000000000000e+02,1.236037342841178263e-02,9.733231407241843178e-05
4.750000000000000000e+02,2.268526771708577819e-02,1.343468395237284259e-04
4.760000000000000000e+02,1.044845018170774062e-02,9.136709853462962811e-05
4.770000000000000000e+02,1.919845094898343235e-02,1.263874973677013536e-04
4.780000000000000000e+02,1.724949877339601589e-02,1.208126699605190362e-04
4.790000000000000000e+02,3.233108392399549474e-02,1.685647252143085081e-04
4.800000000000000000e+02,7.273581144504249162e-03,6.565762545565719443e-05
4.810000000000000000e+02,1.270034411486983296e-02,8.806284445734257878e-05
4.820000000000000000e+02,1.089044481778144759e-02,8.468932813758264582e-05
4.830000000000000000e+02,1.959372587842494323e-02,1.139026669559927210e-04
4.840000000000000000e+02,8.787918873399495553e-03,7.699386293708639778e-05
4.850000000000000000e+02,1.581691921335458620e-02,1.050445790807908255e-04
4.860000000000000000e+02,1.407306365646421829e-02,1.006011895802968629e-04
4.870000000000000000e+02,2.594426619489490979e-02,1.383867450485645636e-04
4.880000000000000000e+02,7.668037188656628457e-03,7.207247209129115947e-05
4.890000000000000000e+02,1.344844625993817967e-02,9.747047226479972257e-05
4.900000000000000000e+02,1.178558109848201231e-02,9.471625562030452461e-05
4.910000000000000000e+02,2.131000112009793362e-02,1.283888685453364055e-04
4.920000000000000000e+02,9.851327458046376870e-03,8.678031228481181245e-05
4.930000000000000000e+02,1.780910531621426179e-02,1.190292344832150729e-04
4.940000000000000000e+02,1.608495749849081155e-02,1.154633614210568354e-04
4.950000000000000000e+02,2.991597642377763835e-02,1.592834599108319110e-04
4.960000000000000000e+02,7.180372141651809176e-03,6.763781598674998750e-05
4.970000000000000000e+02,1.267506555793434381e-02,9.336027605819064400e-05
4.980000000000000000e+02,1.089324523228406977e-02,8.848602049162302601e-05
4.990000000000000000e+02,1.980212752186507122e-02,1.218321751610752958e-04
5.000000000000000000e+02,8.897580340020357775e-03,8.075690833047679022e-05
5.010000000000000000e+02,1.612694588558375927e-02,1.110879072233235534e-04
5.020000000000000000e+02,1.433037101330608167e-02,1.065656466242073924e-04
5.030000000000000000e+02,2.668886598532646884e-02,1.485575799736645877e-04
5.040000000000000000e+02,7.858333357907832176e-03,7.720199071915342514e-05
5.050000000000000000e+02,1.401212961784005159e-02,1.059734980936193792e-04
5.060000000000000000e+02,1.220020437054336084e-02,1.013103600842175201e-04
5.070000000000000000e+02,2.247201640829444083e-02,1.397102982494680937e-04
5.080000000000000000e+02,1.039147383556515009e-02,9.447052694431733145e-05
5.090000000000000000e+02,1.908181281617283773e-02,1.310364480686539406e-04
5.100000000000000000e+02,1.722626714636385503e-02,1.266215556636064016e-04
5.110000000000000000e+02,3.246540208631008839e-02,1.766353492277674645e-04
5.120000000000000000e+02,6.852462029375136141e-03,6.294745611668830197e-05
5.130000000000000000e+02,1.195091018675267618e-02,8.453866115891647012e-05
5.140000000000000000e+02,1.034102263487875380e-02,8.133560112470103454e-05
5.150000000000000000e+02,1.854960715782642475e-02,1.089094372993199212e-04
5.160000000000000000e+02,8.337818854041396943e-03,7.289299453584185680e-05
5.170000000000000000e+02,1.492234857761859899e-02,9.916592196901933512e-05
5.180000000000000000e+02,1.337077269534021548e-02,9.558267043426919786e-05
5.190000000000000000e+02,2.458763262652605835e-02,1.313070041398402125e-04
5.200000000000000000e+02,7.095194594748318283e-03,6.727285118791592993e-05
5.210000000000000000e+02,1.259661576297134086e-02,9.147179979769864272e-05
5.220000000000000000e+02,1.096053599113971065e-02,8.773892611725104965e-05
5.230000000000000000e+02,1.998261006043106427e-02,1.193583246098094960e-04
5.240000000000000000e+02,9.206574544474483215e-03,8.136108133020157520e-05
5.250000000000000000e+02,1.670060121789574553e-02,1.110695219293891833e-04
5.260000000000000000e+02,1.512006317155063090e-02,1.080651139909997478e-04
5.270000000000000000e+02,2.815404914793372126e-02,1.487125148503789997e-04
5.280000000000000000e+02,6.629054398968815993e-03,6.296844243129862606e-05
5.290000000000000000e+02,1.170419127111881931e-02,8.603974898914027488e-05
5.300000000000000000e+02,9.994228047095240000e-03,8.007593715542686433e-05
5.310000000000000000e+02,1.824243236940354188e-02,1.109437202540509927e-04
5.320000000000000000e+02,8.262084858305752261e-03,7.513987782120399119e-05
5.330000000000000000e+02,1.489904158806800924e-02,1.026903864206474276e-04
5.340000000000000000e+02,1.328132805406302165e-02,9.790030299626999557e-05
5.350000000000000000e+02,2.465164330390095734e-02,1.358887126055122749e-04
5.360000000000000000e+02,7.132653411097824268e-03,6.954733572108068600e-05
5.370000000000000000e+02,1.276571823803335400e-02,9.588200667661073574e-05
5.380000000000000000e+02,1.108727137057483221e-02,9.017324975758790780e-05
5.390000000000000000e+02,2.050622018999606264e-02,1.266442717660815921e-04
5.400000000000000000e+02,9.421895195826887268e-03,8.494091251075362812e-05
5.410000000000000000e+02,1.728991231579705967e-02,1.173426787315396969e-04
5.420000000000000000e+02,1.581061162267997922e-02,1.145918212929562926e-04
5.430000000000000000e+02,2.966332341736927641e-02,1.589895746515662461e-04
5.440000000000000000e+02,6.456170215636491960e-03,6.121342896033614921e-05
5.450000000000000000e+02,1.131085569873452150e-02,8.279552944836883672e-05
5.460000000000000000e+02,9.751160572826862369e-03,7.945674773458001594e-05
5.470000000000000000e+02,1.761898199528455847e-02,1.073346362590003872e-04
5.480000000000000000e+02,7.946187343135475284e-03,7.171805380603060145e-05
5.490000000000000000e+02,1.424323762139305394e-02,9.798045531589290617e-05
5.500000000000000000e+02,1.278096621134504687e-02,9.489394197355967460e-05
5.510000000000000000e+02,2.358249455067142758e-02,1.308222294995597663e-04
5.520000000000000000e+02,6.808612408377229946e-03,6.677129407090807479e-05
5.530000000000000000e+02,1.201192262303829236e-02,9.059829921219309694e-05
5.540000000000000000e+02,1.051501565537601643e-02,8.712172438471058955e-05
5.550000000000000000e+02,1.913572086975723341e-02,1.185260336676924098e-04
5.560000000000000000e+02,8.760972330726682702e-03,7.905570305543191390e-05
5.570000000000000000e+02,1.595343835304677618e-02,1.087033094946773153e-04
5.580000000000000000e+02,1.456837249869853343e-02,1.067767008977005104e-04
5.590000000000000000e+02,2.711511105097830221e-02,1.473950322162535982e-04
5.600000000000000000e+02,6.335471583522856408e-03,6.214195017516680537e-05
5.610000000000000000e+02,1.120956717120855962e-02,8.422144759235749743e-05
5.620000000000000000e+02,9.659247546941042081e-03,8.053246626307337876e-05
5.630000000000000000e+02,1.762962591724842945e-02,1.111277310392628787e-04
5.640000000000000000e+02,7.847278452157973455e-03,7.255736762135882713e-05
5.650000000000000000e+02,1.428984212555736363e-02,1.007770355228918935e-04
5.660000000000000000e+02,1.288466863352060246e-02,9.840677476496608323e-05
5.670000000000000000e+02,2.397100458141416396e-02,1.371774979161398422e-04
5.680000000000000000e+02,6.990137920334935431e-03,7.255172301687796651e-05
5.690000000000000000e+02,1.243545631659775941e-02,9.733342012613567442e-05
5.700000000000000000e+02,1.094000917503237802e-02,9.411667806687136007e-05
5.710000000000000000e+02,2.008733074767887761e-02,1.283847958992393053e-04
5.720000000000000000e+02,9.207467669725417914e-03,8.653731223598165980e-05
5.730000000000000000e+02,1.695985983356461044e-02,1.190572108447307488e-04
5.740000000000000000e+02,1.560179832858219796e-02,1.174564245594626407e-04
5.750000000000000000e+02,2.932801978789642550e-02,1.629772057566344359e-04
5.760000000000000000e+02,6.103509160228073882e-03,5.947861866091739213e-05
5.770000000000000000e+02,1.071423084475099999e-02,8.024916044342301634e-05
5.780000000000000000e+02,9.275995060302317380e-03,7.702100515143584392e-05
5.790000000000000000e+02,1.680749822568893340e-02,1.045283070189750890e-04
5.800000000000000000e+02,7.530085550963878417e-03,6.992599977574677462e-05
5.810000000000000000e+02,1.354912817854806752e-02,9.567309546620597551e-05
5.820000000000000000e+02,1.219696327754482557e-02,9.193482840176388422e-05
5.830000000000000000e+02,2.251627833506837650e-02,1.268725066430796363e-04
5.840000000000000000e+02,6.384691337466240346e-03,6.425882691817184271e-05
5.850000000000000000e+02,1.132111518054455465e-02,8.653610441275002489e-05
5.860000000000000000e+02,9.919075278423726202e-03,8.435012806213628442e-05
5.870000000000000000e+02,1.814600150264054565e-02,1.142677656138015594e-04
5.880000000000000000e+02,8.356141117677092986e-03,7.766053851828092413e-05
5.890000000000000000e+02,1.524441274905949904e-02,1.064357329907039744e-04
5.900000000000000000e+02,1.380784695564955464e-02,1.030258148077287724e-04
5.910000000000000000e+02,2.578111784192174682e-02,1.421742944080872217e-04
5.920000000000000000e+02,5.926768435783684105e-03,5.963569577809268692e-05
5.930000000000000000e+02,1.055710372958332255e-02,8.227975380394310996e-05
5.940000000000000000e+02,9.075796983681619357e-03,7.767749725842274693e-05
5.950000000000000000e+02,1.663040399188548193e-02,1.077852756935288638e-04
5.960000000000000000e+02,7.469662691988051238e-03,7.063034369872756599e-05
5.970000000000000000e+02,1.357657981484383311e-02,9.794740637681373981e-05
5.980000000000000000e+02,1.212707358894497128e-02,9.380036601355716650e-05
5.990000000000000000e+02,2.261112204450368979e-02,1.312442190092914210e-04
6.000000000000000000e+02,6.548326646976173303e-03,6.835386140222896652e-05
6.010000000000000000e+02,1.174752100256830530e-02,9.303812753618582153e-05
6.020000000000000000e+02,1.031939823590964124e-02,8.979471944611349798e-05
6.030000000000000000e+02,1.900996442240476467e-02,1.232521856825526585e-04
6.040000000000000000e+02,8.697242671787739146e-03,8.232402095364698661e-05
6.050000000000000000e+02,1.605202588091045671e-02,1.139591892432452854e-04
6.060000000000000000e+02,1.454182526462525181e-02,1.098148940846116473e-04
6.070000000000000000e+02,2.743805184657126597e-02,1.536899467371239845e-04
6.080000000000000000e+02,5.804716910965740904e-03,5.779427853931245362e-05
6.090000000000000000e+02,1.024691364134103048e-02,7.822780257243385328e-05
6.100000000000000000e+02,8.869142453894019590e-03,7.516068370827753964e-05
6.110000000000000000e+02,1.606198959303647283e-02,1.013526876385533994e-04
6.120000000000000000e+02,7.230864912532270275e-03,6.880915569637008767e-05
6.130000000000000000e+02,1.307732820044457851e-02,9.409016704385337465e-05
6.140000000000000000e+02,1.170124160216003649e-02,9.087017202484886302e-05
6.150000000000000000e+02,2.162921812979877109e-02,1.243328252044064634e-04
6.160000000000000000e+02,6.150149718560278707e-03,6.358441952039615758e-05
6.170000000000000000e+02,1.094567809785902505e-02,8.532797319290955117e-05
6.180000000000000000e+02,9.657897847749292997e-03,8.507742629043258558e-05
6.190000000000000000e+02,1.758442024542391374e-02,1.138198473359964955e-04
6.200000000000000000e+02,8.050551930963992936e-03,7.650365327513549384e-05
6.210000000000000000e+02,1.476120467114448546e-02,1.047958111922969168e-04
6.220000000000000000e+02,1.342048664793372113e-02,1.029634810122487867e-04
6.230000000000000000e+02,2.515961004971712864e-02,1.425112794843997395e-04
6.240000000000000000e+02,5.707650325156748625e-03,5.958375956596129777e-05
6.250000000000000000e+02,1.022174541050940681e-02,8.179863357886461676e-05
6.260000000000000000e+02,8.880822122260928833e-03,7.909597079264630431e-05
6.270000000000000000e+02,1.626884814225882173e-02,1.080138989542274880e-04
6.280000000000000000e+02,7.275820757463574186e-03,7.233997481628383266e-05
6.290000000000000000e+02,1.320733808116242303e-02,9.771257200050475740e-05
6.300000000000000000e+02,1.196001991820707863e-02,9.612474851744529482e-05
6.310000000000000000e+02,2.227743399756774295e-02,1.325787362797550503e-04
6.320000000000000000e+02,6.368765528142451837e-03,6.863957360958304111e-05
6.330000000000000000e+02,1.143861649658530974e-02,9.291179641393689295e-05
6.340000000000000000e+02,1.022766169428825436e-02,9.160690060305566292e-05
6.350000000000000000e+02,1.875820989108085632e-02,1.240695916824608466e-04
6.360000000000000000e+02,8.614016960904002582e-03,8.422162705302302312e-05
6.370000000000000000e+02,1.583163610926642886e-02,1.148239265192318011e-04
6.380000000000000000e+02,1.476096730514988263e-02,1.152724826576557895e-04
6.390000000000000000e+02,2.768297905700281211e-02,1.587426633206818485e-04
6.400000000000000000e+02,5.520667821504175385e-03,5.569684420290052745e-05
6.410000000000000000e+02,9.824637565582990811e-03,7.668954185158775210e-05
6.420000000000000000e+02,8.498184137843549715e-03,7.280269404641571517e-05
6.430000000000000000e+02,1.538826906155794927e-02,9.850354155015055067e-05
6.440000000000000000e+02,6.881161978513002618e-03,6.598431766940249894e-05
6.450000000000000000e+02,1.237346071072667822e-02,8.905134789786917548e-05
6.460000000000000000e+02,1.117486235278844844e-02,8.625534040833057227e-05
6.470000000000000000e+02,2.059631803841143957e-02,1.182609414225286606e-04
6.480000000000000000e+02,5.811735297828912739e-03,6.059967438518246353e-05
6.490000000000000000e+02,1.041708318057656298e-02,8.193901168129109609e-05
6.500000000000000000e+02,9.126899379372596655e-03,7.983340526586218922e-05
6.510000000000000000e+02,1.670633554143458738e-02,1.075082362510185733e-04
6.520000000000000000e+02,7.636996517822146335e-03,7.337523551000683594e-05
6.530000000000000000e+02,1.393919285968691149e-02,9.967754319699366646e-05
6.540000000000000000e+02,1.274734380393475336e-02,9.746680690819296432e-05
6.550000000000000000e+02,2.383066351452469908e-02,1.340023515603676861e-04
6.560000000000000000e+02,5.433222020268440276e-03,5.752319537918839152e-05
6.570000000000000000e+02,9.713430484890938493e-03,7.925102576265472248e-05
6.580000000000000000e+02,8.348217719487845828e-03,7.368280787872197226e-05
6.590000000000000000e+02,1.532938581352680935e-02,1.019530981433710117e-04
6.600000000000000000e+02,6.785355794407427719e-03,6.722008797210491217e-05
6.610000000000000000e+02,1.242839203222468464e-02,9.315371889754236025e-05
6.620000000000000000e+02,1.112910146309062896e-02,8.860087803262040485e-05
6.630000000000000000e+02,2.079733706072345312e-02,1.236055543039392488e-04
6.640000000000000000e+02,5.937665591992437666e-03,6.388859218561495279e-05
6.650000000000000000e+02,1.075048489242792088e-02,8.748235560861746354e-05
6.660000000000000000e+02,9.438001363307238142e-03,8.407861597042665992e-05
6.670000000000000000e+02,1.746352763739973321e-02,1.152278620354137947e-04
6.680000000000000000e+02,7.956068225994705756e-03,7.735881747446501943e-05
6.690000000000000000e+02,1.467208448527753360e-02,1.069038855720912877e-04
6.700000000000000000e+02,1.344126121193915668e-02,1.036469266287241945e-04
6.710000000000000000e+02,2.538260776439309196e-02,1.446604260050889394e-04
6.720000000000000000e+02,5.249613790020346213e-03,5.551755636481392399e-05
6.730000000000000000e+02,9.309776377506554304e-03,7.378257145518034191e-05
6.740000000000000000e+02,8.071492808826267670e-03,7.181473988429678830e-05
6.750000000000000000e+02,1.470236913464218441e-02,9.652620503724671994e-05
6.760000000000000000e+02,6.576337369143962601e-03,6.608479033798337178e-05
6.770000000000000000e+02,1.189442011108621938e-02,8.883407977038198784e-05
6.780000000000000000e+02,1.075909183892980250e-02,8.705979980668730441e-05
6.790000000000000000e+02,1.992523164809867700e-02,1.187313100929697604e-04
6.800000000000000000e+02,5.611048621095716948e-03,6.125835971210286611e-05
6.810000000000000000e+02,1.003328690818697244e-02,8.232733319346156344e-05
6.820000000000000000e+02,8.762896002605557316e-03,7.934829859695902100e-05
6.830000000000000000e+02,1.611235123389959459e-02,1.079832219210635021e-04
6.840000000000000000e+02,7.349752494685351904e-03,7.317213689851927790e-05
6.850000000000000000e+02,1.346125183358043431e-02,9.951894879782889635e-05
6.860000000000000000e+02,1.235644015835970708e-02,9.806980458342883856e-05
6.870000000000000000e+02,2.315656689345091737e-02,1.346320188114465762e-04
6.880000000000000000e+02,5.258727174729109152e-03,5.806909508334830194e-05
6.890000000000000000e+02,9.343251489304005633e-03,7.789177714456967485e-05
6.900000000000000000e+02,8.116762186340987367e-03,7.544060196669188912e-05
6.910000000000000000e+02,1.482793614941835432e-02,1.018174890235078498e-04
6.920000000000000000e+02,6.685252924777567059e-03,6.890022799194542617e-05
6.930000000000000000e+02,1.208883391265571164e-02,9.324687702685393990e-05
6.940000000000000000e+02,1.101748567942529948e-02,9.151470958967103028e-05
6.950000000000000000e+02,2.046900450144708075e-02,1.253852933182419212e-04
6.960000000000000000e+02,5.864532411828636722e-03,6.590030506124091940e-05
6.970000000000000000e+02,1.049054525992274348e-02,8.844778593996355709e-05
6.980000000000000000e+02,9.357960637144745186e-03,8.717763457898759229e-05
6.990000000000000000e+02,1.723244286858290411e-02,1.183871331516362995e-04
7.000000000000000000e+02,7.930083696216344222e-03,8.057812321670773810e-05
7.010000000000000000e+02,1.460627148607745833e-02,1.104313124952377895e-04
7.020000000000000000e+02,1.353154221594706115e-02,1.084752057735030622e-04
7.030000000000000000e+02,2.548995519119128667e-02,1.499951997704296802e-04
7.040000000000000000e+02,5.062448431484400935e-03,5.545666586193378627e-05
7.050000000000000000e+02,8.921116433307528515e-03,7.259162871085580722e-05
7.060000000000000000e+02,7.816813734054565976e-03,7.197660339509742678e-05
7.070000000000000000e+02,1.421419343875348490e-02,9.598742735131477778e-05
7.080000000000000000e+02,6.337547812722623373e-03,6.489129463651455338e-05
7.090000000000000000e+02,1.136344315045699493e-02,8.583376790881657511e-05
7.100000000000000000e+02,1.039016913542523991e-02,8.556972064768282463e-05
7.110000000000000000e+02,1.912209816432371839e-02,1.155344256179865965e-04
7.120000000000000000e+02,5.385720598660409530e-03,6.056031068668609097e-05
7.130000000000000000e+02,9.564042218767106890e-03,7.946549695553763312e-05
7.140000000000000000e+02,8.508373734675347966e-03,7.914038147428837397e-05
7.150000000000000000e+02,1.551564671020954841e-02,1.054114819512483574e-04
7.160000000000000000e+02,7.149923103384673954e-03,7.319634497960977458e-05
7.170000000000000000e+02,1.302052764514833628e-02,9.838495114782194707e-05
7.180000000000000000e+02,1.198399967943131889e-02,9.707824300146651825e-05
7.190000000000000000e+02,2.235853615377098383e-02,1.321903424089422303e-04
7.200000000000000000e+02,5.001787969619035830e-03,5.635127173809004056e-05
7.210000000000000000e+02,8.889128558196127822e-03,7.439111331374243571e-05
7.220000000000000000e+02,7.735438730947672911e-03,7.309332661711571803e-05
7.230000000000000000e+02,1.416971807555854335e-02,9.910642061398095102e-05
7.240000000000000000e+02,6.312561827741563179e-03,6.678282512514390910e-05
7.250000000000000000e+02,1.144782970225811068e-02,8.854435563188297611e-05
7.260000000000000000e+02,1.041816298630833700e-02,8.821870661417854779e-05
7.270000000000000000e+02,1.934054107412695733e-02,1.196981267889153498e-04
7.280000000000000000e+02,5.503528941556811403e-03,6.368080640644642020e-05
7.290000000000000000e+02,9.861263797312974644e-03,8.369572340492811391e-05
7.300000000000000000e+02,8.805451677843929154e-03,8.313885136746075859e-05
7.310000000000000000e+02,1.617914246175438178e-02,1.115294460014292383e-04
7.320000000000000000e+02,7.428411829106509358e-03,7.757896281474421373e-05
7.330000000000000000e+02,1.376857138244807696e-02,1.054102930379343403e-04
7.340000000000000000e+02,1.267005439061671436e-02,1.030046842147956795e-04
7.350000000000000000e+02,2.390366850742697835e-02,1.418130347683254180e-04
7.360000000000000000e+02,4.843307552054524311e-03,5.328715900318861301e-05
7.370000000000000000e+02,8.580471873819828232e-03,7.059258373106710896e-05
7.380000000000000000e+02,7.506417466334998866e-03,6.983090467023407100e-05
7.390000000000000000e+02,1.365804139549285125e-02,9.356556050930664177e-05
7.400000000000000000e+02,6.095580030031502207e-03,6.323404358225736210e-05
7.410000000000000000e+02,1.101856712806224825e-02,8.488215596020340196e-05
7.420000000000000000e+02,1.013489221464097464e-02,8.525876484480283740e-05
7.430000000000000000e+02,1.864085977090895047e-02,1.154863227326947066e-04
7.440000000000000000e+02,5.255110304668545937e-03,6.096603026482966291e-05
7.450000000000000000e+02,9.330169648870826130e-03,8.003411264401424680e-05
7.460000000000000000e+02,8.322090724475681572e-03,7.987037044647138308e-05
7.470000000000000000e+02,1.509339322160929524e-02,1.054788277512791499e-04
7.480000000000000000e+02,6.990518077991903119e-03,7.368879608765875600e-05
7.490000000000000000e+02,1.271066017172485518e-02,9.846430314030478036e-05
7.500000000000000000e+02,1.185629308130592072e-02,9.886197413976881038e-05
7.510000000000000000e+02,2.201336909271031650e-02,1.340703813752562948e-04
7.520000000000000000e+02,4.811054143115878028e-03,5.406048882536764936e-05
7.530000000000000000e+02,8.640858608126640583e-03,7.344294951455760279e-05
7.540000000000000000e+02,7.641965644009411467e-03,7.369595003661356535e-05
7.550000000000000000e+02,1.392472886846959565e-02,9.902039712720571050e-05
7.560000000000000000e+02,6.206480311825871878e-03,6.595597441208136513e-05
7.570000000000000000e+02,1.135426489803567467e-02,9.011880841850208304e-05
7.580000000000000000e+02,1.048516314144060102e-02,9.053488359121149374e-05
7.590000000000000000e+02,1.940683510049059923e-02,1.237516662638995352e-04
7.600000000000000000e+02,5.499066675171256080e-03,6.485160158204414155e-05
7.610000000000000000e+02,9.858345639497041388e-03,8.661829197392019626e-05
7.620000000000000000e+02,8.903505814135074387e-03,8.627708378791524614e-05
7.630000000000000000e+02,1.636766889397800115e-02,1.164698699142894601e-04
7.640000000000000000e+02,7.560964802555739626e-03,8.033824960623314575e-05
7.650000000000000000e+02,1.392234514043107566e-02,1.093261289609114109e-04
7.660000000000000000e+02,1.304699388122931153e-02,1.090862212847039993e-04
7.670000000000000000e+02,2.450608975364640396e-02,1.498925164196546189e-04
7.680000000000000000e+02,4.722042401202023072e-03,5.364859623826170361e-05
7.690000000000000000e+02,8.321963660620152262e-03,6.991987753409163579e-05
7.700000000000000000e+02,7.267509575359523168e-03,6.819701101130231421e-05
7.710000000000000000e+02,1.322935044869780544e-02,9.185491264724695182e-05
7.720000000000000000e+02,5.917859510071575395e-03,6.207580646749863494e-05
7.730000000000000000e+02,1.066734175363928151e-02,8.239595873438528375e-05
7.740000000000000000e+02,9.714630944162607612e-03,8.073677260378915338e-05
7.750000000000000000e+02,1.796264368887245597e-02,1.100540390565734326e-04
7.760000000000000000e+02,5.063398225598036984e-03,6.000215457438656059e-05
7.770000000000000000e+02,8.947312974303961094e-03,7.727593861081441876e-05
7.780000000000000000e+02,7.961157252676785701e-03,7.626951622863866419e-05
7.790000000000000000e+02,1.449873990143835459e-02,1.010639769676246428e-04
7.800000000000000000e+02,6.712960165739059216e-03,7.050723580981401177e-05
7.810000000000000000e+02,1.221307450233399816e-02,9.388025473485269367e-05
7.820000000000000000e+02,1.128262984680384468e-02,9.284802110696122014e-05
7.830000000000000000e+02,2.099914009825885192e-02,1.259756628658656441e-04
7.840000000000000000e+02,4.626390667088330078e-03,5.366008389055654086e-05
7.850000000000000000e+02,8.203340607307851515e-03,7.105485913668296654e-05
7.860000000000000000e+02,7.189606364093720746e-03,6.891616286400432164e-05
7.870000000000000000e+02,1.316577773085236477e-02,9.432721364745226187e-05
7.880000000000000000e+02,5.831121263042092322e-03,6.162885003060117805e-05
7.890000000000000000e+02,1.066678525459393775e-02,8.415351453219235747e-05
7.900000000000000000e+02,9.738382244411855626e-03,8.274638709006625558e-05
7.910000000000000000e+02,1.813128642068430676e-02,1.142607110396555062e-04
7.920000000000000000e+02,5.170434683226049315e-03,6.130284636253964016e-05
7.930000000000000000e+02,9.259096345677972004e-03,8.147302090768672564e-05
7.940000000000000000e+02,8.218716694444417811e-03,7.883996831368407271e-05
7.950000000000000000e+02,1.521472058254480335e-02,1.077271859764560984e-04
7.960000000000000000e+02,6.998119368560612279e-03,7.339149753241930524e-05
7.970000000000000000e+02,1.295048433481156905e-02,1.002153263465580148e-04
7.980000000000000000e+02,1.193859030877053758e-02,9.781675667771321729e-05
7.990000000000000000e+02,2.255063284451514632e-02,1.353546000944564319e-04
8.000000000000000000e+02,4.510406303890049200e-03,5.140497888033048981e-05
8.010000000000000000e+02,7.976664747200906680e-03,6.828519935446150137e-05
8.020000000000000000e+02,7.010034619852900835e-03,6.744004367778899732e-05
8.030000000000000000e+02,1.271113368399441265e-02,8.990728653960895333e-05
8.040000000000000000e+02,5.660962581962346654e-03,6.035043896135363126e-05
8.050000000000000000e+02,1.024476587199047231e-02,8.141231091619266611e-05
8.060000000000000000e+02,9.408266703028231315e-03,8.048164869451611685e-05
8.070000000000000000e+02,1.734806354708597065e-02,1.095445044969591621e-04
8.080000000000000000e+02,4.861743325605988320e-03,5.866907374525670387e-05
8.090000000000000000e+02,8.658231733523308674e-03,7.705823752851319525e-05
8.100000000000000000e+02,7.684698686473071319e-03,7.606176798182119224e-05
8.110000000000000000e+02,1.405226973114162732e-02,1.008684652757413125e-04
8.120000000000000000e+02,6.460385433338582811e-03,6.888584211460905865e-05
8.130000000000000000e+02,1.189073597008735023e-02,9.359802138179469839e-05
8.140000000000000000e+02,1.093788075776398229e-02,9.182953279374335995e-05
8.150000000000000000e+02,2.048372701881080726e-02,1.253200398591628178e-04
8.160000000000000000e+02,4.491596033364534703e-03,5.352037472275310087e-05
8.170000000000000000e+02,8.039848222352563925e-03,7.121855709905848910e-05
8.180000000000000000e+02,7.028322239898144794e-03,7.025442893934631737e-05
8.190000000000000000e+02,1.289951760899275476e-02,9.449829259434441246e-05
8.200000000000000000e+02,5.713437518149614390e-03,6.245946653436884187e-05
8.210000000000000000e+02,1.045651620880514408e-02,8.461800192739596859e-05
8.220000000000000000e+02,9.631825824476778625e-03,8.445323238780908209e-05
8.230000000000000000e+02,1.792787702528387400e-02,1.156368777673769468e-04
8.240000000000000000e+02,5.085133073970675432e-03,6.275487493432777659e-05
8.250000000000000000e+02,9.107225346289575182e-03,8.250765554475316646e-05
8.260000000000000000e+02,8.152490786224602867e-03,8.160109893966354365e-05
8.270000000000000000e+02,1.505204581421613723e-02,1.094944357058772941e-04
8.280000000000000000e+02,6.920649315111339003e-03,7.523499307045318648e-05
8.290000000000000000e+02,1.284555449331179280e-02,1.022327701166266580e-04
8.300000000000000000e+02,1.191045375025644865e-02,1.004321114351324601e-04
8.310000000000000000e+02,2.267386127768084361e-02,1.392911596658025978e-04
8.320000000000000000e+02,4.347906717360019817e-03,5.091659547460125363e-05
8.330000000000000000e+02,7.691144951350987156e-03,6.727165184461868751e-05
8.340000000000000000e+02,6.781211605854332511e-03,6.706678676024173803e-05
8.350000000000000000e+02,1.224835215725004686e-02,8.797319825991451402e-05
8.360000000000000000e+02,5.503340052872895960e-03,6.019237489409188071e-05
8.370000000000000000e+02,9.889386052157729534e-03,8.013630555081939391e-05
8.380000000000000000e+02,9.083897963378578799e-03,7.876039329519975043e-05
8.390000000000000000e+02,1.676268285804614552e-02,1.071653429240785867e-04
8.400000000000000000e+02,4.652870709180832037e-03,5.619045758202247326e-05
8.410000000000000000e+02,8.288761574663221915e-03,7.385446703892448986e-05
8.420000000000000000e+02,7.437574757769703504e-03,7.442903263440787313e-05
8.430000000000000000e+02,1.351330067103356097e-02,9.762626290392725596e-05
8.440000000000000000e+02,6.277316241860390021e-03,6.788648661544340892e-05
8.450000000000000000e+02,1.148901939547807005e-02,9.181000149429221525e-05
8.460000000000000000e+02,1.057162388188391880e-02,8.984919391764790324e-05
8.470000000000000000e+02,1.974531884080916663e-02,1.222702937382105738e-04
8.480000000000000000e+02,4.267428396493196108e-03,5.240604166366980086e-05
8.490000000000000000e+02,7.650241070576012381e-03,6.947245329502716674e-05
8.500000000000000000e+02,6.738966669574380196e-03,6.849293441279253756e-05
8.510000000000000000e+02,1.233606854331493335e-02,9.123004022129854685e-05
8.520000000000000000e+02,5.496641333967447474e-03,6.079246233831225768e-05
8.530000000000000000e+02,1.006625805560499437e-02,8.213826145895968564e-05
8.540000000000000000e+02,9.144406569734215423e-03,8.068660643651350711e-05
8.550000000000000000e+02,1.704288375689089197e-02,1.102441608015206282e-04
8.560000000000000000e+02,4.860829148173331782e-03,6.016802782407486234e-05
8.570000000000000000e+02,8.689005558691918762e-03,7.878096025954954399e-05
8.580000000000000000e+02,7.745372159712016549e-03,7.787053547092867697e-05
8.590000000000000000e+02,1.425185670521110330e-02,1.039182709259489287e-04
8.600000000000000000e+02,6.604217521108687351e-03,7.169442457385522135e-05
8.610000000000000000e+02,1.228919913602620310e-02,9.797363898550078812e-05
8.620000000000000000e+02,1.128477634837478372e-02,9.592355182954318416e-05
8.630000000000000000e+02,2.136646563577651939e-02,1.319009967931134171e-04
8.640000000000000000e+02,4.201036190234124466e-03,5.060007449491760292e-05
8.650000000000000000e+02,7.422030670672655032e-03,6.616731278210837876e-05
8.660000000000000000e+02,6.519570327833294938e-03,6.540130496744939843e-05
8.670000000000000000e+02,1.179935792381316476e-02,8.626816921150043762e-05
8.680000000000000000e+02,5.323110812343657440e-03,5.894052658572887380e-05
8.690000000000000000e+02,9.664664557784795676e-03,7.953207341271457064e-05
8.700000000000000000e+02,8.839288069538771275e-03,7.849493401953410365e-05
8.710000000000000000e+02,1.635601305153966054e-02,1.065219215142051317e-04
8.720000000000000000e+02,4.575041188903152846e-03,5.659748885681487875e-05
8.730000000000000000e+02,8.134493261322378252e-03,7.360995897007306167e-05
8.740000000000000000e+02,7.276536141164600957e-03,7.488997086983075857e-05
8.750000000000000000e+02,1.325620492824166989e-02,9.874431029057642443e-05
8.760000000000000000e+02,6.103388476975261760e-03,6.776733941315405297e-05
8.770000000000000000e+02,1.126020071065425912e-02,9.134356856742657500e-05
8.780000000000000000e+02,1.040342030454427004e-02,9.093465657033926897e-05
8.790000000000000000e+02,1.950001001292466993e-02,1.240535129033192084e-04
8.800000000000000000e+02,4.178687271170318344e-03,5.197805456071930794e-05
8.810000000000000000e+02,7.506003608956933297e-03,6.900262344777731861e-05
8.820000000000000000e+02,6.619630197711288792e-03,6.815311821076872512e-05
8.830000000000000000e+02,1.219989581732451936e-02,9.210751997527524381e-05
8.840000000000000000e+02,5.434079073123633530e-03,6.263313374123448537e-05
8.850000000000000000e+02,9.972961432110518179e-03,8.402805980705140368e-05
8.860000000000000000e+02,9.148729648094624384e-03,8.336707730734511262e-05
8.870000000000000000e+02,1.714388734373822887e-02,1.143237818056457581e-04
8.880000000000000000e+02,4.823400204926729488e-03,6.091532168574637492e-05
8.890000000000000000e+02,8.697935230270027393e-03,8.101541019530706560e-05
8.900000000000000000e+02,7.827172329537571138e-03,8.007216384343923818e-05
8.910000000000000000e+02,1.441037259215861496e-02,1.075479222304885824e-04
8.920000000000000000e+02,6.684914267495274329e-03,7.430661228067775412e-05
8.930000000000000000e+02,1.245757777505740460e-02,1.015625502221652484e-04
8.940000000000000000e+02,1.154299081428721528e-02,1.000111230997320562e-04
8.950000000000000000e+02,2.192655565534159384e-02,1.380750471960482935e-04
8.960000000000000000e+02,4.068825326785444930e-03,4.910371095227761376e-05
8.970000000000000000e+02,7.203645051889121312e-03,6.406341365209152925e-05
8.980000000000000000e+02,6.318650196671485829e-03,6.310084982415721457e-05
8.990000000000000000e+02,1.152810740190744407e-02,8.535178990839980141e-05
9.000000000000000000e+02,5.142101388439536229e-03,5.644774954003685917e-05
9.010000000000000000e+02,9.327979108452797222e-03,7.607594421074646092e-05
9.020000000000000000e+02,8.585671981707215100e-03,7.638476743751076298e-05
9.030000000000000000e+02,1.588546512643992936e-02,1.040526507636005854e-04
9.040000000000000000e+02,4.376453558713197869e-03,5.412207940235372539e-05
9.050000000000000000e+02,7.835259605027735177e-03,7.107194686054922020e-05
9.060000000000000000e+02,6.940533928543329498e-03,6.957728866219560211e-05
9.070000000000000000e+02,1.271064397741109193e-02,9.328458991517990680e-05
9.080000000000000000e+02,5.932323364339769055e-03,6.564015069146096593e-05
9.090000000000000000e+02,1.085992441825568700e-02,8.763081854611158789e-05
9.100000000000000000e+02,1.000616648690402441e-02,8.692975130391947540e-05
9.110000000000000000e+02,1.875706086838245523e-02,1.184507012847825974e-04
9.120000000000000000e+02,4.073088502176106136e-03,5.188036103067426700e-05
9.130000000000000000e+02,7.272709746867418203e-03,6.766453830744098910e-05
9.140000000000000000e+02,6.297740871615708017e-03,6.592103039461960916e-05
9.150000000000000000e+02,1.161043809667229587e-02,8.915363993012277266e-05
9.160000000000000000e+02,5.206431859545409754e-03,5.947381399151255841e-05
9.170000000000000000e+02,9.503524020295590902e-03,7.939547134599578423e-05
9.180000000000000000e+02,8.582371833976358555e-03,7.823444710415770301e-05
9.190000000000000000e+02,1.608167781266197499e-02,1.075721579237544969e-04
9.200000000000000000e+02,4.593507936879992135e-03,5.811114658012246317e-05
9.210000000000000000e+02,8.228320923894643854e-03,7.621271995674863188e-05
9.220000000000000000e+02,7.336577968969941119e-03,7.543027004414188850e-05
9.230000000000000000e+02,1.356610037837177596e-02,1.022828819695777684e-04
9.240000000000000000e+02,6.269513027496636040e-03,6.997643442439742455e-05
9.250000000000000000e+02,1.157163731487095316e-02,9.389116862748965670e-05
9.260000000000000000e+02,1.062136400633305333e-02,9.219664553554204997e-05
9.270000000000000000e+02,2.019258235958963643e-02,1.275974196965777216e-04
9.280000000000000000e+02,3.985225334078073590e-03,4.876812209339470491e-05
9.290000000000000000e+02,7.027891887053847562e-03,6.349722511650058719e-05
9.300000000000000000e+02,6.106786055624485385e-03,6.188098267399092293e-05
9.310000000000000000e+02,1.122070960524678210e-02,8.405785643028439559e-05
9.320000000000000000e+02,5.039392938598990374e-03,5.730496710141822696e-05
9.330000000000000000e+02,9.075485637735575609e-03,7.590721444934633226e-05
9.340000000000000000e+02,8.218982654433697882e-03,7.409236928710281780e-05
9.350000000000000000e+02,1.530900603574886915e-02,1.013958123457331487e-04
9.360000000000000000e+02,4.310852480746805646e-03,5.419984130753948364e-05
9.370000000000000000e+02,7.701975928023457353e-03,7.216151394058337143e-05
9.380000000000000000e+02,6.822184189453721175e-03,7.030226627258649144e-05
9.390000000000000000e+02,1.256390532016009136e-02,9.522006269188489980e-05
9.400000000000000000e+02,5.784301647610962625e-03,6.559004774163628771e-05
9.410000000000000000e+02,1.065120157840847986e-02,8.827811764576496702e-05
9.420000000000000000e+02,9.801964490808546399e-03,8.769390488726421537e-05
9.430000000000000000e+02,1.837623564788699176e-02,1.181031096581960883e-04
9.440000000000000000e+02,4.025997835136949955e-03,5.259527054033594310e-05
9.450000000000000000e+02,7.204697110630571902e-03,6.883144080478632767e-05
9.460000000000000000e+02,6.252782918959856259e-03,6.710918505280495899e-05
9.470000000000000000e+02,1.160903250129520850e-02,9.141548760947405664e-05
9.480000000000000000e+02,5.188546869561076400e-03,6.196030462955528779e-05
9.490000000000000000e+02,9.456864122480153345e-03,8.144070520209544222e-05
9.500000000000000000e+02,8.624203292869031534e-03,8.077598617537493488e-05
9.510000000000000000e+02,1.607096765872836203e-02,1.094946594841935382e-04
9.520000000000000000e+02,4.579737651720643121e-03,5.990146733300541829e-05
9.530000000000000000e+02,8.274706625685095476e-03,7.917210645306311417e-05
9.540000000000000000e+02,7.386355577640235821e-03,7.838469869548533907e-05
9.550000000000000000e+02,1.374115617262572017e-02,1.061737134054998780e-04
9.560000000000000000e+02,6.309640004701912511e-03,7.217770713963479517e-05
9.570000000000000000e+02,1.177493699931725889e-02,9.777049350853408126e-05
9.580000000000000000e+02,1.085351244859769984e-02,9.663719293995144015e-05
9.590000000000000000e+02,2.062917238857224500e-02,1.326749469950077990e-04
9.600000000000000000e+02,3.822733031675219339e-03,4.768482084860176334e-05
9.610000000000000000e+02,6.794289813876152467e-03,6.346210400403621470e-05
9.620000000000000000e+02,5.919010082438587797e-03,6.144170518806902780e-05
9.630000000000000000e+02,1.081733143010735546e-02,8.197681253855598608e-05
9.640000000000000000e+02,4.929377022258937292e-03,5.705943967674828067e-05
9.650000000000000000e+02,8.847390991616993494e-03,7.523112406612026369e-05
9.660000000000000000e+02,8.068140641670674615e-03,7.395477578764650211e-05
9.670000000000000000e+02,1.491528790313378060e-02,1.004990625098868079e-04
9.680000000000000000e+02,4.169137889117002088e-03,5.446669885803037513e-05
9.690000000000000000e+02,7.420137548618018462e-03,7.050922886723595261e-05
9.700000000000000000e+02,6.598733389168978149e-03,6.981113847830124031e-05
9.710000000000000000e+02,1.214886255354434216e-02,9.335213826109084597e-05
9.720000000000000000e+02,5.590854225873947286e-03,6.399287732187048598e-05
9.730000000000000000e+02,1.030425560631603038e-02,8.636743198505804407e-05
9.740000000000000000e+02,9.458040653638541753e-03,8.534133010513384225e-05
9.750000000000000000e+02,1.779711618763953410e-02,1.165235394345665368e-04
9.760000000000000000e+02,3.787381555698811873e-03,4.970372457405321085e-05
9.770000000000000000e+02,6.805212598137557432e-03,6.577318072825981323e-05
9.780000000000000000e+02,5.977247307240963342e-03,6.509955253049586543e-05
9.790000000000000000e+02,1.098183777449280099e-02,8.678493823490310082e-05
9.800000000000000000e+02,4.940322696499526919e-03,5.930596841418363778e-05
9.810000000000000000e+02,9.100951153561472051e-03,7.956822644455412868e-05
9.820000000000000000e+02,8.262316521309315612e-03,7.816876585706025238e-05
9.830000000000000000e+02,1.540308666937053282e-02,1.063527922189009818e-04
9.840000000000000000e+02,4.346058967731892750e-03,5.837661025995140974e-05
9.850000000000000000e+02,7.851425624035299547e-03,7.684291368925109695e-05
9.860000000000000000e+02,7.025205170497298215e-03,7.653827876870636577e-05
9.870000000000000000e+02,1.293851512120664134e-02,1.015226677243753794e-04
9.880000000000000000e+02,6.031210195094347318e-03,7.050164738570059752e-05
9.890000000000000000e+02,1.128094606738537509e-02,9.542164898079185623e-05
9.900000000000000000e+02,1.033593912870436893e-02,9.394674950310633239e-05
9.910000000000000000e+02,1.953673422267288018e-02,1.278943497713551142e-04
9.920000000000000000e+02,3.717044226199388290e-03,4.752285283430930689e-05
9.930000000000000000e+02,6.615487891584634871e-03,6.226015697192789123e-05
9.940000000000000000e+02,5.785683804109692692e-03,6.137205330739569644e-05
9.950000000000000000e+02,1.059245667508989554e-02,8.260414073621727361e-05
9.960000000000000000e+02,4.779830134853720741e-03,5.627661126282093969e-05
9.970000000000000000e+02,8.675307672955096319e-03,7.523482053258895514e-05
9.980000000000000000e+02,7.902957215584814274e-03,7.386534551846012781e-05
9.990000000000000000e+02,1.471823018928617235e-02,1.015934642042555888e-04
1.000000000000000000e+03,4.083906469024717496e-03,5.389095749192998841e-05
1.001000000000000000e+03,7.308285976558923439e-03,7.097752908072111028e-05
1.002000000000000000e+03,6.520260927267372206e-03,7.040525730018605468e-05
1.003000000000000000e+03,1.194388399219512877e-02,9.369274592886374462e-05
1.004000000000000000e+03,5.616134674251079505e-03,6.601559032014736247e-05
1.005000000000000000e+03,1.030954762659967022e-02,8.851609234463553690e-05
1.006000000000000000e+03,9.499475979045032825e-03,8.750632559650224596e-05
1.007000000000000000e+03,1.782049033995717832e-02,1.188038879868967085e-04
1.008000000000000000e+03,3.824886152669787400e-03,5.168715213425785016e-05
1.009000000000000000e+03,6.891948763079941420e-03,6.894757778867663346e-05
1.010000000000000000e+03,6.003242230251431416e-03,6.679841196185963797e-05
1.011000000000000000e+03,1.113199107967317164e-02,9.104961193053972993e-05
1.012000000000000000e+03,4.974750426515937157e-03,6.112673527666596615e-05
1.013000000000000000e+03,9.183598566386848294e-03,8.250674625149076328e-05
1.014000000000000000e+03,8.348317290212958763e-03,8.047331476428656199e-05
1.015000000000000000e+03,1.570963380660489114e-02,1.114853210066637899e-04
1.016000000000000000e+03,4.421967050701379465e-03,6.038662519304199069e-05
1.017000000000000000e+03,8.018433862984180802e-03,7.972650434030384241e-05
1.018000000000000000e+03,7.194576578095555203e-03,7.903712487963955667e-05
1.019000000000000000e+03,1.340587632978707498e-02,1.068173746584372944e-04
1.020000000000000000e+03,6.181138480380177561e-03,7.340322581901283705e-05
1.021000000000000000e+03,1.158149028497561760e-02,9.984328246553434674e-05
1.022000000000000000e+03,1.067647825677320306e-02,9.807657967883656258e-05
1.023000000000000000e+03,2.039465896610543130e-02,1.353457892359923281e-04
1.024000000000000000e+03,3.584839223855071453e-03,6.182589072786414590e-05
1.025000000000000000e+03,6.512919129944509840e-03,8.802461200647643117e-05
1.026000000000000000e+03,5.555896827975908593e-03,8.427196995275974616e-05
1.027000000000000000e+03,1.038768106308248299e-02,1.190587046695603985e-04
1.028000000000000000e+03,4.612484522693686972e-03,7.809932271800246650e-05
1.029000000000000000e+03,8.434173285481003091e-03,1.059456795873037655e-04
1.030000000000000000e+03,7.687062629709640917e-03,1.065308933123882253e-04
1.031000000000000000e+03,1.432577746283676852e-02,1.463645987710160694e-04
1.032000000000000000e+03,3.780545376555787158e-03,6.565860588465466320e-05
1.033000000000000000e+03,6.864192938490046823e-03,9.353313305575539245e-05
1.034000000000000000e+03,6.073796754611862810e-03,9.261328746449331965e-05
1.035000000000000000e+03,1.133672237147887590e-02,1.284993188268263671e-04
1.036000000000000000e+03,5.152133598443534891e-03,8.329329426836071324e-05
1.037000000000000000e+03,9.661716337468888652e-03,1.181343319061412743e-04
1.038000000000000000e+03,8.951936216089461176e-03,1.179957596068411296e-04
1.039000000000000000e+03,1.699151458061403872e-02,1.660935429884845488e-04
1.040000000000000000e+03,3.468694768663909897e-03,6.080643275733976311e-05
1.041000000000000000e+03,6.333212503559059424e-03,8.780943173728569166e-05
1.042000000000000000e+03,5.433226398279269141e-03,8.270074311484623285e-05
1.043000000000000000e+03,1.025686594588889021e-02,1.198979311324162956e-04
1.044000000000000000e+03,4.553542703605360439e-03,7.716946833577896406e-05
1.045000000000000000e+03,8.503403748191066050e-03,1.084401273647213072e-04
1.046000000000000000e+03,7.629775100482834825e-03,1.042203958999438247e-04
1.047000000000000000e+03,1.462392393468982602e-02,1.504718996326504421e-04
1.048000000000000000e+03,3.922067254856228570e-03,7.138903679889126272e-05
1.049000000000000000e+03,7.241740161263280490e-03,1.014740935787013313e-04
1.050000000000000000e+03,6.457471835215886254e-03,9.921802054199984797e-05
1.051000000000000000e+03,1.214368155117664071e-02,1.390105921259805028e-04
1.052000000000000000e+03,5.487159275271826300e-03,9.034010920884070692e-05
1.053000000000000000e+03,1.037966075307793050e-02,1.258228710958986631e-04
1.054000000000000000e+03,9.640367344170808553e-03,1.268365041283186969e-04
1.055000000000000000e+03,1.851044631102846671e-02,1.794763490057089364e-04
1.056000000000000000e+03,3.450703419902258640e-03,5.983019658120461052e-05
1.057000000000000000e+03,6.246793424735466900e-03,8.498611146511681575e-05
1.058000000000000000e+03,5.358349793685807279e-03,8.125146598016057058e-05
1.059000000000000000e+03,1.003155070741143517e-02,1.158402468779675884e-04
1.060000000000000000e+03,4.331533480145865166e-03,7.145683296385731446e-05
1.061000000000000000e+03,8.098847083648046119e-03,1.026494257832077629e-04
1.062000000000000000e+03,7.284133406711949636e-03,1.005778280769172131e-04
1.063000000000000000e+03,1.385012592825624750e-02,1.429446029412816111e-04
1.064000000000000000e+03,3.621694942398203700e-03,6.490240360929179053e-05
1.065000000000000000e+03,6.760810484819941915e-03,9.542025374261596689e-05
1.066000000000000000e+03,5.885904157410064980e-03,9.029124890027230706e-05
1.067000000000000000e+03,1.114366984450154870e-02,1.293284254926780708e-04
1.068000000000000000e+03,5.024865065779950818e-03,8.415513366695178462e-05
1.069000000000000000e+03,9.535428837090730372e-03,1.195959951608003056e-04
1.070000000000000000e+03,8.699553472101688098e-03,1.174329500876209863e-04
1.071000000000000000e+03,1.668531836062669624e-02,1.664452161099944387e-04
1.072000000000000000e+03,3.437450936204857442e-03,6.328190707110307675e-05
1.073000000000000000e+03,6.363506508602036031e-03,9.178062414520332679e-05
1.074000000000000000e+03,5.452362770471307941e-03,8.655578775165934135e-05
1.075000000000000000e+03,1.030287480495042235e-02,1.234161255445520480e-04
1.076000000000000000e+03,4.507969343695375670e-03,7.771129555826717977e-05
1.077000000000000000e+03,8.486313218126694327e-03,1.103247840465854508e-04
1.078000000000000000e+03,7.656499990870555515e-03,1.073533655465017870e-04
1.079000000000000000e+03,1.474628285963502233e-02,1.551895164735336667e-04
1.080000000000000000e+03,3.886486351233389789e-03,7.154666199506717146e-05
1.081000000000000000e+03,7.269166083236535368e-03,1.052400685365408381e-04
1.082000000000000000e+03,6.438546989758809486e-03,1.018901178098256718e-04
1.083000000000000000e+03,1.229002559805082023e-02,1.457470316688333804e-04
1.084000000000000000e+03,5.678977328414718147e-03,9.645044384369359607e-05
1.085000000000000000e+03,1.068423710061444133e-02,1.350365711140725914e-04
1.086000000000000000e+03,9.917300237516562395e-03,1.333880529256477418e-04
1.087000000000000000e+03,1.901568653402229206e-02,1.880753025089302634e-04
1.088000000000000000e+03,3.358969770363635574e-03,5.980950240875332905e-05
1.089000000000000000e+03,6.051601974285311485e-03,8.312026357194468259e-05
1.090000000000000000e+03,5.216642329527272290e-03,7.888268866285450638e-05
1.091000000000000000e+03,9.773267131422956264e-03,1.125593599469897803e-04
1.092000000000000000e+03,4.309085875360501791e-03,7.337787156680527134e-05
1.093000000000000000e+03,8.014218413829803794e-03,1.025458948179807544e-04
1.094000000000000000e+03,7.146876885195573015e-03,9.894837002364840171e-05
1.095000000000000000e+03,1.362536339581012744e-02,1.420574191725353715e-04
1.096000000000000000e+03,3.577226927595006205e-03,6.709626797284201877e-05
1.097000000000000000e+03,6.613197995771964363e-03,9.449046496023648920e-05
1.098000000000000000e+03,5.764721335305107892e-03,9.048386692263461187e-05
1.099000000000000000e+03,1.093887933949629424e-02,1.288609918857069880e-04
1.100000000000000000e+03,4.985568812141815721e-03,8.297005387135715016e-05
1.101000000000000000e+03,9.287380488432115527e-03,1.157708713591017326e-04
1.102000000000000000e+03,8.505147739764717593e-03,1.149385092232598486e-04
1.103000000000000000e+03,1.620989398340384052e-02,1.623950304417547412e-04
1.104000000000000000e+03,3.368741996056503520e-03,6.362230985758220083e-05
1.105000000000000000e+03,6.082626911087168214e-03,8.707441422325003374e-05
1.106000000000000000e+03,5.276663289616505270e-03,8.453582548964856387e-05
1.107000000000000000e+03,9.876074461042881267e-03,1.185225001119782662e-04
1.108000000000000000e+03,4.363364556945032412e-03,7.719135452835231351e-05
1.109000000000000000e+03,8.176305772976743408e-03,1.080523554941904558e-04
1.110000000000000000e+03,7.329088778876596127e-03,1.047966302503630789e-04
1.111000000000000000e+03,1.406176676715413694e-02,1.502733701959669827e-04
1.112000000000000000e+03,3.760581261912981574e-03,7.175262731936523665e-05
1.113000000000000000e+03,6.908156600594520663e-03,1.008944073055661599e-04
1.114000000000000000e+03,6.147735751767953102e-03,9.917630160194196211e-05
1.115000000000000000e+03,1.168858960289094126e-02,1.403628826903890927e-04
1.116000000000000000e+03,5.307448636988798714e-03,8.827968644308766065e-05
1.117000000000000000e+03,1.002230990153219967e-02,1.258007774420373916e-04
1.118000000000000000e+03,9.300579616195625565e-03,1.258954724111064629e-04
1.119000000000000000e+03,1.784987428903579698e-02,1.782264573230964361e-04
1.120000000000000000e+03,3.307454395625326372e-03,6.250286766040080840e-05
1.121000000000000000e+03,5.999734785242212889e-03,8.626881596267345375e-05
1.122000000000000000e+03,5.142545079837242822e-03,8.303881730499879869e-05
1.123000000000000000e+03,9.586776736494568435e-03,1.162012809684562318e-04
1.124000000000000000e+03,4.166584097146987589e-03,7.389349247265149083e-05
1.125000000000000000e+03,7.854697302149401747e-03,1.050763012716995041e-04
1.126000000000000000e+03,7.041951937460237329e-03,1.012025529521345311e-04
1.127000000000000000e+03,1.344866598854462317e-02,1.456271785228751734e-04
1.128000000000000000e+03,3.495285312251912146e-03,6.559346009123554367e-05
1.129000000000000000e+03,6.448727172315120958e-03,9.377258461098684052e-05
1.130000000000000000e+03,5.731579530851708612e-03,9.261537651103427112e-05
1.131000000000000000e+03,1.077907320716314787e-02,1.288672418463296225e-04
1.132000000000000000e+03,4.918349750704235565e-03,8.506046051781043825e-05
1.133000000000000000e+03,9.166826309810081549e-03,1.181948572891216773e-04
1.134000000000000000e+03,8.506133955468734437e-03,1.184379168015519030e-04
1.135000000000000000e+03,1.620394575829307154e-02,1.666528688934697776e-04
1.136000000000000000e+03,3.358363111449612620e-03,6.338481143887766695e-05
1.137000000000000000e+03,6.099833024839559914e-03,8.948166251564227422e-05
1.138000000000000000e+03,5.205555847005711827e-03,8.300981977306758877e-05
1.139000000000000000e+03,9.813764482107427758e-03,1.199685861511843395e-04
1.140000000000000000e+03,4.374363543010420519e-03,7.894102178021641274e-05
1.141000000000000000e+03,8.109742448164357700e-03,1.085782433474088906e-04
1.142000000000000000e+03,7.377552724000480122e-03,1.066738558293046685e-04
1.143000000000000000e+03,1.413921743028693709e-02,1.537311146423975944e-04
1.144000000000000000e+03,3.774110542055633243e-03,7.184495656396167886e-05
1.145000000000000000e+03,6.942440117216772122e-03,1.015228679288584303e-04
1.146000000000000000e+03,6.259445640974574399e-03,1.011338038206469753e-04
1.147000000000000000e+03,1.185567323936356429e-02,1.435458497306846010e-04
1.148000000000000000e+03,5.474653706037335699e-03,9.225569823730245288e-05
1.149000000000000000e+03,1.026232748725348053e-02,1.301885062156338854e-04
1.150000000000000000e+03,9.556695265620947580e-03,1.297418446123761900e-04
1.151000000000000000e+03,1.845891889330413677e-02,1.869207661324005006e-04
1.152000000000000000e+03,3.130852848324510839e-03,5.648945500347977945e-05
1.153000000000000000e+03,5.668395955330795925e-03,7.922951813363091306e-05
1.154000000000000000e+03,4.865022429476181277e-03,7.463705336473046477e-05
1.155000000000000000e+03,9.160335052178966361e-03,1.070034322378422847e-04
1.156000000000000000e+03,4.079606336702902916e-03,7.104228733965475720e-05
1.157000000000000000e+03,7.524478324039115228e-03,9.887689416185899615e-05
1.158000000000000000e+03,6.794010246031814346e-03,9.432746229048668695e-05
1.159000000000000000e+03,1.293464964302877551e-02,1.368373945194442177e-04
1.160000000000000000e+03,3.382358765991197794e-03,6.379265058852283518e-05
1.161000000000000000e+03,6.241225022706720603e-03,9.041542326780877654e-05
1.162000000000000000e+03,5.516266381243864307e-03,8.767261361287834653e-05
1.163000000000000000e+03,1.036211792966557944e-02,1.220434448425117410e-04
1.164000000000000000e+03,4.772212442747420826e-03,8.036691312765166680e-05
1.165000000000000000e+03,8.836752959125572168e-03,1.125854255678224576e-04
1.166000000000000000e+03,8.220580870509147306e-03,1.121890716982348120e-04
1.167000000000000000e+03,1.571602401260700430e-02,1.602174257885679112e-04
1.168000000000000000e+03,3.245557143481241254e-03,6.108685855324484616e-05
1.169000000000000000e+03,5.901950371563434959e-03,8.791908336482422246e-05
1.170000000000000000e+03,5.039236328386598185e-03,7.985460473850888754e-05
1.171000000000000000e+03,9.456441358303030800e-03,1.143887907326606270e-04
1.172000000000000000e+03,4.161244422487086689e-03,7.529783292385475982e-05
1.173000000000000000e+03,7.805420040008094473e-03,1.059378634046963160e-04
1.174000000000000000e+03,7.006727713180912684e-03,1.010666265084751421e-04
1.175000000000000000e+03,1.346813587206933255e-02,1.454635065756586449e-04
1.176000000000000000e+03,3.580830113523536182e-03,6.946043669828526953e-05
1.177000000000000000e+03,6.627814370393753096e-03,9.973317319522178399e-05
1.178000000000000000e+03,5.884365574982431367e-03,9.434673660549317529e-05
1.179000000000000000e+03,1.117125266379780275e-02,1.342875004406425359e-04
1.180000000000000000e+03,5.068008704268270152e-03,8.662853201183263010e-05
1.181000000000000000e+03,9.605141662210225223e-03,1.238549706494351875e-04
1.182000000000000000e+03,8.941855048868390526e-03,1.227974105581026347e-04
1.183000000000000000e+03,1.715985331477390408e-02,1.740576362668670512e-04
1.184000000000000000e+03,3.132578502661651897e-03,6.036178279146788348e-05
1.185000000000000000e+03,5.594530326260460824e-03,8.194218531635836448e-05
1.186000000000000000e+03,4.861850913332568455e-03,7.716471144998667344e-05
1.187000000000000000e+03,9.044902944233683059e-03,1.087904135990066943e-04
1.188000000000000000e+03,4.034403644005457243e-03,7.160511039217912492e-05
1.189000000000000000e+03,7.467429375814066753e-03,1.006912791106390220e-04
1.190000000000000000e+03,6.729076241420374645e-03,9.658867037008351804e-05
1.191000000000000000e+03,1.277765520823498542e-02,1.385507800816350638e-04
1.192000000000000000e+03,3.300343887218170746e-03,6.383565186252999305e-05
1.193000000000000000e+03,6.166527947220537022e-03,9.150346103580443062e-05
1.194000000000000000e+03,5.341061134901311722e-03,8.588287681838665719e-05
1.195000000000000000e+03,1.010639287465976352e-02,1.207770650564798964e-04
1.196000000000000000e+03,4.644666079605619391e-03,8.064820318536888432e-05
1.197000000000000000e+03,8.685482421484258531e-03,1.131681375798125985e-04
1.198000000000000000e+03,8.014068525466653756e-03,1.125547984715704312e-04
1.199000000000000000e+03,1.531966302819550048e-02,1.587966778958963476e-04
1.200000000000000000e+03,3.087690493787328440e-03,5.851493378368971744e-05
1.201000000000000000e+03,5.758827760451369626e-03,8.815359217644471552e-05
1.202000000000000000e+03,4.924912069688240461e-03,7.974609582349000364e-05
1.203000000000000000e+03,9.314116770699619463e-03,1.164722398479321839e-04
1.204000000000000000e+03,4.034462433697448558e-03,7.115428802839691297e-05
1.205000000000000000e+03,7.707349190215269374e-03,1.045434811688313465e-04
1.206000000000000000e+03,6.857364799827337515e-03,9.840780759909752238e-05
1.207000000000000000e+03,1.338105866606036781e-02,1.475567912545954494e-04
1.208000000000000000e+03,3.491918576326634958e-03,6.835122291562124766e-05
1.209000000000000000e+03,6.579850691292020957e-03,9.873112149442561810e-05
1.210000000000000000e+03,5.816644598427745880e-03,9.528935493037774711e-05
1.211000000000000000e+03,1.108630751553509042e-02,1.350706827620437535e-04
1.212000000000000000e+03,5.024033968382411383e-03,8.645186429699271570e-05
1.213000000000000000e+03,9.598374917341603516e-03,1.247392480340255147e-04
1.214000000000000000e+03,8.954805803745984408e-03,1.232643827294589559e-04
1.215000000000000000e+03,1.734097926265663545e-02,1.773741027237371495e-04
1.216000000000000000e+03,2.982010693616337325e-03,5.603688893839910406e-05
1.217000000000000000e+03,5.469790586332480380e-03,8.191320833755670605e-05
1.218000000000000000e+03,4.652678497797912635e-03,7.318482799804799661e-05
1.219000000000000000e+03,8.800117433087693841e-03,1.069679431072834656e-04
1.220000000000000000e+03,3.845555723491642097e-03,6.840793778332940919e-05
1.221000000000000000e+03,7.170377897967894834e-03,9.741023001273053244e-05
1.222000000000000000e+03,6.465993801454702691e-03,9.292663241812635559e-05
1.223000000000000000e+03,1.236534465057982299e-02,1.348533013030333498e-04
1.224000000000000000e+03,3.199621359805266026e-03,6.365689931104127344e-05
1.225000000000000000e+03,5.922142886552545817e-03,8.934686623451416692e-05
1.226000000000000000e+03,5.179197288023100997e-03,8.398273732205701659e-05
1.227000000000000000e+03,9.910406515879764330e-03,1.208275823562228831e-04
1.228000000000000000e+03,4.462529122266504882e-03,7.703318143161509896e-05
1.229000000000000000e+03,8.423050183686945497e-03,1.109489079623448584e-04
1.230000000000000000e+03,7.741309555868308018e-03,1.065157025575864540e-04
1.231000000000000000e+03,1.495192878380417756e-02,1.551133485713637392e-04
1.232000000000000000e+03,3.061578208572334880e-03,6.004428392774834028e-05
1.233000000000000000e+03,5.502367617736259910e-03,8.387728291745568136e-05
1.234000000000000000e+03,4.734662136650747734e-03,7.671215402870733030e-05
1.235000000000000000e+03,8.935688680426941144e-03,1.099160126062285434e-04
1.236000000000000000e+03,3.940492323289314890e-03,7.073546690641204491e-05
1.237000000000000000e+03,7.389797330415910810e-03,1.019407154971873529e-04
1.238000000000000000e+03,6.606132222745153722e-03,9.674221102839080993e-05
1.239000000000000000e+03,1.283011689535445629e-02,1.413584702003740630e-04
1.240000000000000000e+03,3.362721282359626505e-03,6.498809814337197803e-05
1.241000000000000000e+03,6.314404762039581634e-03,9.511997157610237587e-05
1.242000000000000000e+03,5.486708518266677700e-03,8.925035911641484253e-05
1.243000000000000000e+03,1.058798821426100260e-02,1.295495271120765239e-04
1.244000000000000000e+03,4.759435898462931018e-03,8.234944636276792169e-05
1.245000000000000000e+03,9.166802556415398068e-03,1.195871919094601711e-04
1.246000000000000000e+03,8.396315528584850918e-03,1.165906402405876037e-04
1.247000000000000000e+03,1.634720049919353643e-02,1.677847151488208639e-04
1.248000000000000000e+03,2.931496809638208922e-03,5.676106896297012131e-05
1.249000000000000000e+03,5.349171084960301602e-03,8.146577555158590383e-05
1.250000000000000000e+03,4.605688395102818661e-03,7.458774757456552063e-05
1.251000000000000000e+03,8.676924367563591464e-03,1.085943662110356960e-04
1.252000000000000000e+03,3.804246520896752658e-03,6.997103870657959263e-05
1.253000000000000000e+03,7.117147099739975710e-03,9.816704155520980469e-05
1.254000000000000000e+03,6.372313444117705394e-03,9.289910162052086938e-05
1.255000000000000000e+03,1.220567552192343592e-02,1.343175378057722281e-04
1.256000000000000000e+03,3.171115999039676465e-03,6.254941652663237230e-05
1.257000000000000000e+03,5.845257469051414433e-03,8.752531146600283697e-05
1.258000000000000000e+03,5.115936971836619607e-03,8.252711692542269060e-05
1.259000000000000000e+03,9.682506873491737720e-03,1.169827812078229172e-04
1.260000000000000000e+03,4.397110081232256246e-03,7.769400206259535258e-05
1.261000000000000000e+03,8.345276938080787091e-03,1.109429422333001950e-04
1.262000000000000000e+03,7.632692806935972851e-03,1.068545361855742699e-04
1.263000000000000000e+03,1.474354294056693694e-02,1.541325397598152338e-04
1.264000000000000000e+03,2.932437949412398936e-03,5.793652867886005107e-05
1.265000000000000000e+03,5.405636947436465341e-03,8.237905893834254723e-05
1.266000000000000000e+03,4.627000123444530676e-03,7.577741559719063016e-05
1.267000000000000000e+03,8.868122107999192039e-03,1.119732146627175535e-04
1.268000000000000000e+03,3.928563292920589194e-03,7.274545883691500500e-05
1.269000000000000000e+03,7.364670681506394964e-03,1.023076299140291491e-04
1.270000000000000000e+03,6.598459666122992798e-03,9.758302780380879277e-05
1.271000000000000000e+03,1.276656192125545652e-02,1.416014307794754472e-04
1.272000000000000000e+03,3.383601458072662237e-03,6.840482816508572123e-05
1.273000000000000000e+03,6.384887447390291161e-03,9.931211947262734842e-05
1.274000000000000000e+03,5.569073755095402777e-03,9.357666691632881607e-05
1.275000000000000000e+03,1.080984479278325992e-02,1.357680001845646897e-04
1.276000000000000000e+03,4.932811465329593921e-03,8.843937955402351699e-05
1.277000000000000000e+03,9.520826333363851743e-03,1.282871879939609882e-04
1.278000000000000000e+03,8.687729612754451283e-03,1.229340723781289612e-04
1.279000000000000000e+03,1.698716858431697022e-02,1.775725552734090402e-04
1.280000000000000000e+03,2.800258335355255198e-03,5.365580649331554456e-05
1.281000000000000000e+03,5.167121884458595119e-03,7.786208666479780952e-05
1.282000000000000000e+03,4.324594079868661345e-03,7.088245282632342514e-05
1.283000000000000000e+03,8.251125920944743855e-03,1.034314805019758744e-04
1.284000000000000000e+03,3.672015990184413024e-03,6.884219144732420996e-05
1.285000000000000000e+03,6.882539319147666645e-03,9.591003695761475198e-05
1.286000000000000000e+03,6.077956812050607123e-03,9.088357112565695730e-05
1.287000000000000000e+03,1.168686476050151760e-02,1.306837417516028027e-04
1.288000000000000000e+03,3.040376979096068126e-03,6.074940670692385310e-05
1.289000000000000000e+03,5.678706368886761793e-03,8.930738298000981065e-05
1.290000000000000000e+03,4.893701858619849132e-03,8.068316149208219854e-05
1.291000000000000000e+03,9.352061822513739464e-03,1.179773717072890387e-04
1.292000000000000000e+03,4.257180119620429179e-03,7.723998749953499407e-05
1.293000000000000000e+03,8.081417325917217287e-03,1.117474201384289562e-04
1.294000000000000000e+03,7.381951039450036431e-03,1.053133941751217009e-04
1.295000000000000000e+03,1.424128196121917864e-02,1.536316172716996765e-04
1.296000000000000000e+03,2.861052699800994709e-03,5.661581012792412830e-05
1.297000000000000000e+03,5.278987962636682782e-03,8.242491639346106937e-05
1.298000000000000000e+03,4.505606669005420180e-03,7.646515138679694514e-05
1.299000000000000000e+03,8.518298765851391521e-03,1.090120160085966623e-04
1.300000000000000000e+03,3.676283796181281302e-03,6.901012954422891890e-05
1.301000000000000000e+03,7.002523250563276805e-03,9.911546223436862194e-05
1.302000000000000000e+03,6.306891317781474979e-03,9.505158604963694199e-05
1.303000000000000000e+03,1.219968946369985770e-02,1.374073697542815625e-04
1.304000000000000000e+03,3.196116811078455848e-03,6.389270516333232580e-05
1.305000000000000000e+03,6.101504889676968163e-03,9.683245077577622758e-05
1.306000000000000000e+03,5.255809893856445633e-03,8.774243325481394370e-05
1.307000000000000000e+03,1.017060918658144013e-02,1.292068502542122882e-04
1.308000000000000000e+03,4.515183147001597397e-03,8.110945418980761591e-05
1.309000000000000000e+03,8.798493728306558403e-03,1.204941499284169465e-04
1.310000000000000000e+03,8.007771206862397337e-03,1.137938688264899053e-04
1.311000000000000000e+03,1.568759465677042886e-02,1.661696627747162949e-04
1.312000000000000000e+03,2.865147971154914913e-03,5.883096323705514527e-05
1.313000000000000000e+03,5.164610050237840831e-03,8.033614463941838734e-05
1.314000000000000000e+03,4.396331461850139580e-03,7.480150662727061677e-05
1.315000000000000000e+03,8.251433071717620416e-03,1.046342847667373866e-04
1.316000000000000000e+03,3.656368557189901541e-03,7.033974699456199632e-05
1.317000000000000000e+03,6.781109595845142765e-03,9.575828468947473993e-05
1.318000000000000000e+03,6.053827623807721964e-03,9.076408406767990115e-05
1.319000000000000000e+03,1.156475581957234350e-02,1.287869078240895667e-04
1.320000000000000000e+03,3.004981503006484873e-03,6.068348997632625104e-05
1.321000000000000000e+03,5.648504051284657448e-03,9.027930679614611261e-05
1.322000000000000000e+03,4.857857087122069255e-03,8.136213762219072739e-05
1.323000000000000000e+03,9.284306588470936025e-03,1.178371508773361817e-04
1.324000000000000000e+03,4.205132431983948059e-03,7.628282739725524171e-05
1.325000000000000000e+03,8.005853912085294719e-03,1.104316406554903826e-04
1.326000000000000000e+03,7.308376637233627952e-03,1.058721558516945925e-04
1.327000000000000000e+03,1.410485833381613062e-02,1.520304115479422836e-04
1.328000000000000000e+03,2.819540025012360826e-03,5.668944837008637157e-05
1.329000000000000000e+03,5.229423953675561669e-03,8.370509749673663523e-05
1.330000000000000000e+03,4.476743099424574518e-03,7.673390488156182345e-05
1.331000000000000000e+03,8.529472951061196559e-03,1.117074013463640675e-04
1.332000000000000000e+03,3.663819155312246587e-03,7.030173332356126148e-05
1.333000000000000000e+03,7.004957572122414572e-03,1.024913857602722823e-04
1.334000000000000000e+03,6.301879362480508097e-03,9.704182590561387281e-05
1.335000000000000000e+03,1.229157098434865460e-02,1.418818406081405286e-04
1.336000000000000000e+03,3.185329257738259319e-03,6.473480109111166652e-05
1.337000000000000000e+03,6.093025990443097506e-03,9.898426136686310211e-05
1.338000000000000000e+03,5.273448436111211404e-03,8.986380476024489713e-05
1.339000000000000000e+03,1.033718367797632938e-02,1.344541434209381545e-04
1.340000000000000000e+03,4.653917963595853753e-03,8.459991171425432536e-05
1.341000000000000000e+03,9.045111408034959763e-03,1.252851793963317918e-04
1.342000000000000000e+03,8.224395175211960188e-03,1.189125485029585096e-04
1.343000000000000000e+03,1.616494096165729810e-02,1.739016545532666100e-04
1.344000000000000000e+03,2.669597833396659958e-03,5.036510735469414113e-05
1.345000000000000000e+03,4.891491857022046627e-03,7.260817909009588227e-05
1.346000000000000000e+03,4.252949797511100354e-03,7.122711236419423041e-05
1.347000000000000000e+03,8.000962546840309497e-03,1.002713570004539411e-04
1.348000000000000000e+03,3.467328242518835733e-03,6.402664319090328835e-05
1.349000000000000000e+03,6.467702069001064931e-03,8.807306930629104800e-05
1.350000000000000000e+03,5.871990048670106682e-03,8.869497505286364674e-05
1.351000000000000000e+03,1.112488621857431192e-02,1.240184202489786193e-04
1.352000000000000000e+03,2.875510810663302937e-03,5.601463553027829497e-05
1.353000000000000000e+03,5.431757329172557866e-03,8.391647544680491970e-05
1.354000000000000000e+03,4.772661504447460457e-03,8.080986302813583145e-05
1.355000000000000000e+03,9.042628462662299568e-03,1.147063402160776094e-04
1.356000000000000000e+03,4.044808482511176410e-03,7.131146438368797958e-05
1.357000000000000000e+03,7.702628732588556217e-03,1.035831208951798135e-04
1.358000000000000000e+03,7.075795473489496050e-03,1.034772468861284154e-04
1.359000000000000000e+03,1.356490301892161396e-02,1.454322043557086240e-04
1.360000000000000000e+03,2.657410907662577284e-03,5.257030235519356208e-05
1.361000000000000000e+03,4.921904341760608911e-03,7.640010784490589815e-05
1.362000000000000000e+03,4.338930559174882136e-03,7.561418762873692691e-05
1.363000000000000000e+03,8.182734500384992657e-03,1.062635887115451932e-04
1.364000000000000000e+03,3.499933599531650664e-03,6.621900423169811917e-05
1.365000000000000000e+03,6.650790097845925113e-03,9.434090678902020929e-05
1.366000000000000000e+03,6.045867191387547211e-03,9.303162043083608532e-05
1.367000000000000000e+03,1.164970076638791215e-02,1.330522951197732502e-04
1.368000000000000000e+03,3.011715934094455309e-03,6.208854869489341399e-05
1.369000000000000000e+03,5.695152320961157158e-03,9.077530761853659798e-05
1.370000000000000000e+03,5.088835131906800473e-03,8.916897477275734143e-05
1.371000000000000000e+03,9.762976009862291138e-03,1.261001123614389216e-04
1.372000000000000000e+03,4.319073800047239058e-03,7.775057207322518243e-05
1.373000000000000000e+03,8.352067848195632999e-03,1.143030424552197121e-04
1.374000000000000000e+03,7.751601281497213884e-03,1.134598724606936961e-04
1.375000000000000000e+03,1.505458208294378417e-02,1.619737737726347675e-04
1.376000000000000000e+03,2.631806155575646105e-03,5.299707411335061652e-05
1.377000000000000000e+03,4.881651694311035621e-03,7.731946291137734430e-05
1.378000000000000000e+03,4.178768111732271244e-03,7.096486896949250652e-05
1.379000000000000000e+03,7.959244827495680352e-03,1.037854706132345089e-04
1.380000000000000000e+03,3.405103766239351518e-03,6.464300584077225359e-05
1.381000000000000000e+03,6.539502014136976300e-03,9.552888313865372976e-05
1.382000000000000000e+03,5.774664353297816015e-03,8.811014865757719626e-05
1.383000000000000000e+03,1.122964682305852523e-02,1.300476763294936813e-04
1.384000000000000000e+03,2.820968024217420256e-03,5.626549491500936281e-05
1.385000000000000000e+03,5.387156067209111256e-03,8.439119742627011452e-05
1.386000000000000000e+03,4.697405008193519631e-03,7.998027510491904609e-05
1.387000000000000000e+03,9.075569160183271505e-03,1.167701208876252767e-04
1.388000000000000000e+03,4.020345599568552614e-03,7.185101454454821050e-05
1.389000000000000000e+03,7.737335592359304536e-03,1.068291008317003601e-04
1.390000000000000000e+03,7.029615330431196636e-03,1.026969513600300689e-04
1.391000000000000000e+03,1.364762159079313357e-02,1.479604049781845453e-04
1.392000000000000000e+03,2.686084526826938018e-03,5.506719129502291954e-05
1.393000000000000000e+03,5.055287674234972863e-03,8.210738479502282259e-05
1.394000000000000000e+03,4.384484230412377670e-03,7.815743999345434038e-05
1.395000000000000000e+03,8.323220643136236205e-03,1.115318558724922085e-04
1.396000000000000000e+03,3.522087956799401127e-03,6.774926139823695011e-05
1.397000000000000000e+03,6.829084772384828861e-03,1.003998997365803097e-04
1.398000000000000000e+03,6.137475669566128111e-03,9.623667113608644819e-05
1.399000000000000000e+03,1.201147411791814688e-02,1.406277348972351552e-04
1.400000000000000000e+03,3.046158086326387210e-03,6.417866453360340524e-05
1.401000000000000000e+03,5.894189898173014461e-03,9.632590849978814557e-05
1.402000000000000000e+03,5.256754501511653153e-03,9.399449257529409244e-05
1.403000000000000000e+03,1.007177409615781644e-02,1.324560809106682820e-04
1.404000000000000000e+03,4.438480987317032674e-03,8.136199992865568670e-05
1.405000000000000000e+03,8.684893636256456328e-03,1.205704030172943477e-04
1.406000000000000000e+03,8.068900154150194723e-03,1.196903868671854909e-04
1.407000000000000000e+03,1.578925360593530849e-02,1.718666317283214934e-04
1.408000000000000000e+03,2.494512738403346658e-03,4.880983469584552944e-05
1.409000000000000000e+03,4.681639989713827846e-03,7.175196559297310347e-05
1.410000000000000000e+03,3.997596350659926405e-03,6.596046672226440468e-05
1.411000000000000000e+03,7.644436953067779324e-03,9.676105871541584782e-05
1.412000000000000000e+03,3.314859134174055408e-03,6.262495215298194938e-05
1.413000000000000000e+03,6.293859003119998789e-03,8.880143072999151547e-05
1.414000000000000000e+03,5.656380732887321058e-03,8.623556945482529828e-05
1.415000000000000000e+03,1.093060324038896275e-02,1.246502356314605181e-04
1.416000000000000000e+03,2.766149628402458406e-03,5.875988294523120178e-05
1.417000000000000000e+03,5.198297008242871824e-03,8.464816776445528864e-05
1.418000000000000000e+03,4.617016181382867755e-03,8.032685597402434345e-05
1.419000000000000000e+03,8.710752441725796991e-03,1.132993905945449355e-04
1.420000000000000000e+03,3.900101556703448099e-03,7.203628638078155586e-05
1.421000000000000000e+03,7.462501496225595193e-03,1.062428915034830052e-04
1.422000000000000000e+03,6.819291943030224984e-03,9.939539878738768059e-05
1.423000000000000000e+03,1.322968330129153242e-02,1.474703080532493819e-04
1.424000000000000000e+03,2.567206302161018257e-03,5.332459280143111161e-05
1.425000000000000000e+03,4.759506617850727331e-03,7.635465269594440547e-05
1.426000000000000000e+03,4.124668327338165859e-03,7.184376455508235373e-05
1.427000000000000000e+03,7.838221372738480089e-03,1.045747436586914219e-04
1.428000000000000000e+03,3.378875390200151204e-03,6.459992749779022302e-05
1.429000000000000000e+03,6.452353908899757622e-03,9.306865062157817624e-05
1.430000000000000000e+03,5.844024847249189823e-03,9.034513107643292755e-05
1.431000000000000000e+03,1.132267086194621228e-02,1.313905878096984317e-04
1.432000000000000000e+03,2.961229012409845839e-03,6.519975428855705353e-05
1.433000000000000000e+03,5.600932557814650679e-03,9.106315429851629794e-05
1.434000000000000000e+03,4.959176030423906485e-03,9.116741838604373589e-05
1.435000000000000000e+03,9.508857272466024468e-03,1.269694993491779706e-04
1.436000000000000000e+03,4.212502479636007040e-03,7.948356973125956344e-05
1.437000000000000000e+03,8.183014962408276943e-03,1.145164909158139806e-04
1.438000000000000000e+03,7.543777884211805111e-03,1.134371249689872848e-04
1.439000000000000000e+03,1.472873353872034344e-02,1.622687763778088020e-04
1.440000000000000000e+03,2.535759812129868406e-03,5.364294590874299468e-05
1.441000000000000000e+03,4.681695504519674776e-03,7.658306495391124964e-05
1.442000000000000000e+03,3.965931518375873273e-03,6.831325432849789936e-05
1.443000000000000000e+03,7.604755074464612796e-03,1.012210985921861988e-04
1.444000000000000000e+03,3.304264416363504337e-03,6.534077845526175339e-05
1.445000000000000000e+03,6.289923486510912501e-03,9.258251155684862790e-05
1.446000000000000000e+03,5.557522948947217316e-03,8.703165958896328237e-05
1.447000000000000000e+03,1.082475916494097905e-02,1.276412243366015480e-04
1.448000000000000000e+03,2.747184314322140535e-03,5.937071134027315948e-05
1.449000000000000000e+03,5.271509632203313749e-03,8.830016101590741292e-05
1.450000000000000000e+03,4.529005882756577915e-03,8.055811142925958790e-05
1.451000000000000000e+03,8.757072580001419582e-03,1.162478859000429265e-04
1.452000000000000000e+03,3.893078745148248129e-03,7.529225986965843592e-05
1.453000000000000000e+03,7.551668995403580838e-03,1.086923465686159368e-04
1.454000000000000000e+03,6.777072892371151236e-03,1.028751526294485833e-04
1.455000000000000000e+03,1.322985651677681396e-02,1.482423240772764701e-04
1.456000000000000000e+03,2.564931972581479223e-03,5.530727428136995947e-05
1.457000000000000000e+03,4.850209714571634793e-03,7.984480155426586278e-05
1.458000000000000000e+03,4.103958344691329731e-03,7.365241374579152599e-05
1.459000000000000000e+03,8.000771774591670590e-03,1.095580372987550781e-04
1.460000000000000000e+03,3.384845363323887076e-03,6.648020922123033403e-05
1.461000000000000000e+03,6.608231080240673481e-03,9.755445545173374935e-05
1.462000000000000000e+03,5.868926347411341019e-03,9.320238960625104911e-05
1.463000000000000000e+03,1.160806631222367248e-02,1.374409125569266837e-04
1.464000000000000000e+03,2.955756170633766586e-03,6.472181408939479258e-05
1.465000000000000000e+03,5.731023137354188807e-03,9.461247631804114283e-05
1.466000000000000000e+03,5.087623995857106299e-03,9.414248857458796681e-05
1.467000000000000000e+03,9.760634363641341668e-03,1.305986937775017282e-04
1.468000000000000000e+03,4.243246166689528497e-03,8.040569000393761319e-05
1.469000000000000000e+03,8.357932799309492067e-03,1.168002289816649482e-04
1.470000000000000000e+03,7.750504669480853641e-03,1.174948249228012075e-04
1.471000000000000000e+03,1.517318606664736988e-02,1.666431092870470602e-04
1.472000000000000000e+03,2.429395741704437443e-03,4.973402624473065412e-05
1.473000000000000000e+03,4.577172597249348947e-03,7.312877417321683412e-05
1.474000000000000000e+03,3.851930986212359544e-03,6.590495478077379584e-05
1.475000000000000000e+03,7.477547464072704063e-03,9.903648553059242097e-05
1.476000000000000000e+03,3.200880548175838187e-03,6.273627811687683582e-05
1.477000000000000000e+03,6.116550262537267212e-03,8.881833556778678991e-05
1.478000000000000000e+03,5.472660067064894288e-03,8.687344927210987786e-05
1.479000000000000000e+03,1.059608356604973406e-02,1.252018657793927542e-04
1.480000000000000000e+03,2.667977615412738760e-03,5.618287198126582381e-05
1.481000000000000000e+03,5.063711775657203651e-03,8.139234720381764026e-05
1.482000000000000000e+03,4.479541262421343414e-03,7.864742793842884148e-05
1.483000000000000000e+03,8.511988550788825852e-03,1.123193646106264470e-04
1.484000000000000000e+03,3.791425839066505255e-03,7.235933543625092210e-05
1.485000000000000000e+03,7.229683794892496213e-03,1.017713484298020583e-04
1.486000000000000000e+03,6.673435840060313110e-03,1.010212912020235751e-04
1.487000000000000000e+03,1.289416448934210639e-02,1.454820041977511968e-04
1.488000000000000000e+03,2.521542203144894884e-03,5.464632143524861485e-05
1.489000000000000000e+03,4.640791352656152557e-03,7.552003135503439527e-05
1.490000000000000000e+03,4.024863818751440829e-03,7.209266385415551235e-05
1.491000000000000000e+03,7.594848596254984152e-03,1.017782909346481315e-04
1.492000000000000000e+03,3.301550661143329204e-03,6.790573386962311909e-05
1.493000000000000000e+03,6.255688173042403023e-03,9.389831875788819571e-05
1.494000000000000000e+03,5.736623650656805934e-03,9.376516742629115479e-05
1.495000000000000000e+03,1.109210914030671173e-02,1.326026485887318233e-04
1.496000000000000000e+03,2.826422761032978698e-03,6.177256293762735764e-05
1.497000000000000000e+03,5.291222150623798096e-03,8.595941272331153568e-05
1.498000000000000000e+03,4.848073469069269156e-03,9.051827396440026831e-05
1.499000000000000000e+03,9.235740846047798755e-03,1.254492375618592608e-04
1.500000000000000000e+03,4.095333434773816388e-03,7.897698566245479684e-05
1.501000000000000000e+03,7.863316816472344997e-03,1.104903366251791687e-04
1.502000000000000000e+03,7.473819419542948594e-03,1.164127090216969410e-04
1.503000000000000000e+03,1.441822201174166457e-02,1.621336892154027272e-04
1.504000000000000000e+03,2.464124428249067546e-03,5.107408081770745849e-05
1.505000000000000000e+03,4.507680303305387770e-03,7.319440999192687385e-05
1.506000000000000000e+03,3.933740604023138604e-03,7.038166486632723860e-05
1.507000000000000000e+03,7.379005202104648234e-03,1.000323991496572355e-04
1.508000000000000000e+03,3.245696305467022941e-03,6.547589500590113016e-05
1.509000000000000000e+03,6.086488983167542312e-03,8.984758424664664948e-05
1.510000000000000000e+03,5.520761922945579235e-03,8.804646027065199919e-05
1.511000000000000000e+03,1.057871775550974815e-02,1.262801566178534693e-04
1.512000000000000000e+03,2.711479347298542501e-03,5.798199873262910228e-05
1.513000000000000000e+03,5.026448684732119296e-03,8.280661325362788502e-05
1.514000000000000000e+03,4.489549501869413879e-03,7.928575725303955448e-05
1.515000000000000000e+03,8.565924002296394779e-03,1.150327703094029130e-04
1.516000000000000000e+03,3.813187422239118236e-03,7.349184748123557061e-05
1.517000000000000000e+03,7.288625472635030904e-03,1.050194716460924261e-04
1.518000000000000000e+03,6.733763853278424728e-03,1.037329172423788546e-04
1.519000000000000000e+03,1.307840697222285853e-02,1.494939174660117186e-04
1.520000000000000000e+03,2.507729750424623691e-03,5.552693203328786572e-05
1.521000000000000000e+03,4.712653936064905950e-03,7.960932030232124954e-05
1.522000000000000000e+03,4.026930488828155651e-03,7.405901090057093617e-05
1.523000000000000000e+03,7.744034481512175952e-03,1.057453901340565824e-04
1.524000000000000000e+03,3.392996392614311841e-03,6.908834715383597828e-05
1.525000000000000000e+03,6.470482773383458459e-03,9.606530361188645513e-05
1.526000000000000000e+03,5.870409699612193742e-03,9.479723762879016047e-05
1.527000000000000000e+03,1.141161260209149798e-02,1.357894429013194713e-04
1.528000000000000000e+03,2.923733558737569207e-03,6.353104113169109651e-05
1.529000000000000000e+03,5.549073708636892942e-03,9.162047608908893562e-05
1.530000000000000000e+03,5.020971866150697113e-03,9.170839929430088088e-05
1.531000000000000000e+03,9.645162734025054807e-03,1.291454054043130633e-04
1.532000000000000000e+03,4.281701962517367628e-03,8.191667359528900978e-05
1.533000000000000000e+03,8.305230457418493958e-03,1.167619518195451395e-04
1.534000000000000000e+03,7.844381396936045761e-03,1.193380046915204891e-04
1.535000000000000000e+03,1.524168523715602012e-02,1.688603275390848093e-04
1.536000000000000000e+03,2.365728031065729084e-03,5.005923175672774409e-05
1.537000000000000000e+03,4.394138532131910274e-03,7.118628479305524686e-05
1.538000000000000000e+03,3.699960444387462560e-03,6.398607358063364498e-05
1.539000000000000000e+03,7.116230754868851753e-03,9.287783162314388252e-05
1.540000000000000000e+03,3.087527390122413607e-03,6.041745762353796224e-05
1.541000000000000000e+03,5.895021389938063031e-03,8.585550437373396459e-05
1.542000000000000000e+03,5.215186145918236822e-03,8.065414176420076489e-05
1.543000000000000000e+03,1.019165421969360844e-02,1.183656682549046551e-04
1.544000000000000000e+03,2.613137196716335247e-03,5.438947569219395895e-05
1.545000000000000000e+03,4.872173016750150354e-03,7.886283926065594443e-05
1.546000000000000000e+03,4.258506064001056635e-03,7.408998867744209522e-05
1.547000000000000000e+03,8.067483043919007613e-03,1.047595424434863735e-04
1.548000000000000000e+03,3.673441651943656992e-03,6.821032702669147896e-05
1.549000000000000000e+03,6.961237504118018490e-03,9.681895157636954746e-05
1.550000000000000000e+03,6.397134303649266822e-03,9.428693757187197146e-05
1.551000000000000000e+03,1.235591905393534223e-02,1.369019346369915624e-04
1.552000000000000000e+03,2.375243485503726604e-03,5.042215083410743763e-05
1.553000000000000000e+03,4.471453112810850304e-03,7.341192991574776354e-05
1.554000000000000000e+03,3.823679303212298118e-03,6.886206412533730234e-05
1.555000000000000000e+03,7.328977845542960709e-03,9.865887195993104718e-05
1.556000000000000000e+03,3.124932524677779926e-03,6.239887735859703634e-05
1.557000000000000000e+03,6.022304157531923295e-03,9.065574632493180569e-05
1.558000000000000000e+03,5.447932562844620685e-03,8.662691980660283913e-05
1.559000000000000000e+03,1.060813904435270287e-02,1.259989376094149084e-04
1.560000000000000000e+03,2.740641811779803792e-03,6.011168187394494292e-05
1.561000000000000000e+03,5.218183181285858223e-03,8.619237418569766274e-05
1.562000000000000000e+03,4.670624075796868738e-03,8.573655071507213087e-05
1.563000000000000000e+03,8.898195627174443692e-03,1.186907100634614288e-04
1.564000000000000000e+03,3.923579854692021973e-03,7.483607215158254633e-05
1.565000000000000000e+03,7.603312950432300661e-03,1.078802008491433647e-04
1.566000000000000000e+03,7.063380939215421761e-03,1.063275425583898852e-04
1.567000000000000000e+03,1.380976407306889683e-02,1.525313949762080923e-04
1.568000000000000000e+03,2.340575088800655318e-03,5.038392499666158455e-05
1.569000000000000000e+03,4.311501414560609501e-03,7.032044326463503031e-05
1.570000000000000000e+03,3.720075968752304708e-03,6.654525388684098797e-05
1.571000000000000000e+03,7.053918642509315017e-03,9.435646487230074490e-05
1.572000000000000000e+03,3.001199960932135480e-03,5.873610447702177551e-05
1.573000000000000000e+03,5.734048824310302578e-03,8.504956346051376667e-05
1.574000000000000000e+03,5.152938172668218401e-03,8.072450634237534456e-05
1.575000000000000000e+03,9.967324819448921541e-03,1.178513118426467103e-04
1.576000000000000000e+03,2.556029679841465268e-03,5.638236973016815640e-05
1.577000000000000000e+03,4.805288222415579451e-03,8.047456749905796184e-05
1.578000000000000000e+03,4.225159470654196205e-03,7.637861200320805971e-05
1.579000000000000000e+03,8.072643613153034428e-03,1.083393450542287546e-04
1.580000000000000000e+03,3.587413741664754151e-03,6.900240551044327277e-05
1.581000000000000000e+03,6.885681178950601132e-03,9.833455881867516897e-05
1.582000000000000000e+03,6.325018021514017957e-03,9.676890193131971573e-05
1.583000000000000000e+03,1.229222011705239682e-02,1.385514367222264115e-04
1.584000000000000000e+03,2.397139509833521274e-03,5.278091925888939303e-05
1.585000000000000000e+03,4.440232885099119550e-03,7.522223818801808881e-05
1.586000000000000000e+03,3.870710379630327037e-03,7.298729317515864027e-05
1.587000000000000000e+03,7.420027730845742478e-03,1.035597392164632852e-04
1.588000000000000000e+03,3.204435503184795316e-03,6.659555694441140171e-05
1.589000000000000000e+03,6.058960492329464910e-03,9.210825279497976642e-05
1.590000000000000000e+03,5.571455424030621710e-03,9.108743066432075102e-05
1.591000000000000000e+03,1.077091557940675071e-02,1.291637083038860666e-04
1.592000000000000000e+03,2.768710207434164211e-03,6.271602164096353078e-05
1.593000000000000000e+03,5.285722948461771438e-03,8.981053378631015177e-05
1.594000000000000000e+03,4.757176865885654957e-03,8.898233476443285887e-05
1.595000000000000000e+03,9.132055975289809016e-03,1.256461756038835761e-04
1.596000000000000000e+03,4.019076931965019812e-03,7.823468551481804376e-05
1.597000000000000000e+03,7.755718378308746296e-03,1.111543426936022146e-04
1.598000000000000000e+03,7.316015057514111027e-03,1.120228649084613039e-04
1.599000000000000000e+03,1.422457557387649986e-02,1.585077213117607061e-04
1.600000000000000000e+03,2.247325407390793079e-03,4.589913508545599339e-05
1.601000000000000000e+03,4.175792807224723915e-03,6.634201794848072395e-05
1.602000000000000000e+03,3.639775741249322814e-03,6.391853725629206048e-05
1.603000000000000000e+03,6.900200222291879779e-03,9.219218863646880518e-05
1.604000000000000000e+03,3.028059806749224762e-03,6.018466212420158895e-05
1.605000000000000000e+03,5.669878098517656430e-03,8.408748915860774008e-05
1.606000000000000000e+03,5.134939517908626398e-03,8.218181235421935223e-05
1.607000000000000000e+03,9.871326555824941340e-03,1.183953535071849037e-04
1.608000000000000000e+03,2.484514119062158737e-03,5.311086175886311258e-05
1.609000000000000000e+03,4.641100507063997994e-03,7.645437679068672865e-05
1.610000000000000000e+03,4.137348827554119743e-03,7.362771946505947400e-05
1.611000000000000000e+03,7.840304171244302789e-03,1.051518187610876525e-04
1.612000000000000000e+03,3.527585702505376536e-03,6.634097789894883429e-05
1.613000000000000000e+03,6.627153718570867949e-03,9.351775577383115165e-05
1.614000000000000000e+03,6.222055063711272142e-03,9.405137596889497130e-05
1.615000000000000000e+03,1.188901839382118693e-02,1.332926039054609818e-04
1.616000000000000000e+03,2.296580614811844119e-03,4.958538313899990384e-05
1.617000000000000000e+03,4.228873572366105213e-03,6.904127455463998739e-05
1.618000000000000000e+03,3.706415002395709295e-03,6.556355370572858842e-05
1.619000000000000000e+03,7.004247857663366446e-03,9.473610457657325378e-05
1.620000000000000000e+03,3.057678831832276543e-03,6.133260511292591406e-05
1.621000000000000000e+03,5.747623658263020796e-03,8.465659415853745806e-05
1.622000000000000000e+03,5.341578854405218055e-03,8.388901974880854143e-05
1.623000000000000000e+03,1.020548203688528832e-02,1.204891977036884402e-04
1.624000000000000000e+03,2.668997757583856534e-03,5.680729999264860178e-05
1.625000000000000000e+03,4.901838184843460358e-03,7.957496862762462268e-05
1.626000000000000000e+03,4.541000302036603091e-03,8.221842523499683691e-05
1.627000000000000000e+03,8.548744315736824320e-03,1.143541955471174897e-04
1.628000000000000000e+03,3.852968485901753313e-03,7.393056082508846878e-05
1.629000000000000000e+03,7.301558973309066683e-03,1.037756036209643712e-04
1.630000000000000000e+03,6.935860574957397086e-03,1.057357145667777001e-04
1.631000000000000000e+03,1.333588084464271822e-02,1.485062627119532023e-04
1.632000000000000000e+03,2.277738399555285630e-03,5.106171647131869311e-05
1.633000000000000000e+03,4.156090344803201053e-03,7.034111054981991842e-05
1.634000000000000000e+03,3.622524355335368131e-03,6.621409652363617040e-05
1.635000000000000000e+03,6.782299175908168554e-03,9.227409493422007627e-05
1.636000000000000000e+03,3.014959110120932120e-03,6.164151268135840067e-05
1.637000000000000000e+03,5.604540049268139784e-03,8.487704423848396371e-05
1.638000000000000000e+03,5.057638571229245913e-03,8.387737231323706753e-05
1.639000000000000000e+03,9.674708143770693880e-03,1.178425897446881845e-04
1.640000000000000000e+03,2.518126330955161151e-03,5.811540572740037493e-05
1.641000000000000000e+03,4.603213565564818165e-03,7.900712146509911193e-05
1.642000000000000000e+03,4.180619009104039573e-03,7.769768395449194471e-05
1.643000000000000000e+03,7.859627292321787542e-03,1.076823161402927807e-04
1.644000000000000000e+03,3.571594951831632159e-03,7.092236293188470978e-05
1.645000000000000000e+03,6.651686093442969912e-03,9.764348562460101123e-05
1.646000000000000000e+03,6.306558151112662616e-03,1.010688894472990180e-04
1.647000000000000000e+03,1.199416054364707725e-02,1.399944636248283360e-04
1.648000000000000000e+03,2.352584126293659136e-03,5.266724607688238406e-05
1.649000000000000000e+03,4.312374460266696179e-03,7.348613629163902009e-05
1.650000000000000000e+03,3.777532099783420354e-03,6.935577185875993369e-05
1.651000000000000000e+03,7.126924472500880195e-03,9.797244193909830287e-05
1.652000000000000000e+03,3.213271130124728016e-03,6.771182162173580547e-05
1.653000000000000000e+03,5.962286014341645728e-03,9.311231775285817695e-05
1.654000000000000000e+03,5.522425893694162154e-03,9.113946920945356753e-05
1.655000000000000000e+03,1.053758031394746650e-02,1.306567335379614015e-04
1.656000000000000000e+03,2.726000506861342518e-03,6.200420728755827763e-05
1.657000000000000000e+03,5.116553461419211246e-03,8.808663916623688840e-05
1.658000000000000000e+03,4.726468274295329668e-03,8.956966320496591630e-05
1.659000000000000000e+03,9.007698301259014009e-03,1.250762608509122745e-04
1.660000000000000000e+03,4.028959168460633823e-03,8.069408885859413142e-05
1.661000000000000000e+03,7.745618038856321060e-03,1.140835077731535059e-04
1.662000000000000000e+03,7.312417891621589804e-03,1.157967118452599977e-04
1.663000000000000000e+03,1.417869267058041380e-02,1.629860863837429604e-04
1.664000000000000000e+03,2.235826337205039285e-03,5.044917966843711482e-05
1.665000000000000000e+03,4.116464367740684492e-03,6.876407485098381728e-05
1.666000000000000000e+03,3.501075295607248943e-03,6.296629486673608299e-05
1.667000000000000000e+03,6.645984284165832971e-03,8.966516737720881620e-05
1.668000000000000000e+03,2.948879561457369049e-03,5.939476370551907285e-05
1.669000000000000000e+03,5.457861363838116368e-03,8.059546351275134366e-05
1.670000000000000000e+03,4.932259946018457616e-03,7.911992403989997504e-05
1.671000000000000000e+03,9.434572751927706308e-03,1.132182934006428646e-04
1.672000000000000000e+03,2.481345756956272654e-03,5.422804054312274955e-05
1.673000000000000000e+03,4.567726934138271327e-03,7.634439955966965173e-05
1.674000000000000000e+03,4.027264125380251338e-03,7.355978196786569512e-05
1.675000000000000000e+03,7.606557852650681732e-03,1.033849943639057343e-04
1.676000000000000000e+03,3.460869893307487108e-03,6.764891253425580090e-05
1.677000000000000000e+03,6.517531568855047287e-03,9.469469138734272061e-05
1.678000000000000000e+03,6.031806093984179613e-03,9.441021791288913478e-05
1.679000000000000000e+03,1.153423681553039301e-02,1.342373460170686445e-04
1.680000000000000000e+03,2.305032010732425626e-03,5.389325184712549793e-05
1.681000000000000000e+03,4.206466371168692854e-03,7.387852353421325499e-05
1.682000000000000000e+03,3.634073963860670782e-03,6.985556756939191743e-05
1.683000000000000000e+03,6.893142180964350815e-03,9.802877914150358426e-05
1.684000000000000000e+03,3.025867452580067833e-03,6.467993893027671728e-05
1.685000000000000000e+03,5.669103301415841061e-03,8.826778020724123448e-05
1.686000000000000000e+03,5.181286086158620394e-03,8.605660010738173319e-05
1.687000000000000000e+03,9.950503289384973749e-03,1.215555107318313090e-04
1.688000000000000000e+03,2.647247189035018249e-03,6.050604933074979160e-05
1.689000000000000000e+03,4.901945722169346459e-03,8.298168103719958646e-05
1.690000000000000000e+03,4.362598180456293655e-03,8.212987967241193866e-05
1.691000000000000000e+03,8.376326987859275194e-03,1.144536378256722663e-04
1.692000000000000000e+03,3.703122412843836472e-03,7.177215913190095129e-05
1.693000000000000000e+03,7.133262862281666665e-03,1.015693350030226803e-04
1.694000000000000000e+03,6.671688952114847304e-03,1.063386505955294466e-04
1.695000000000000000e+03,1.296416947325070707e-02,1.479169176770296602e-04
1.696000000000000000e+03,2.133323952207962556e-03,4.674511657589633661e-05
1.697000000000000000e+03,3.983524568428595432e-03,6.623348198594886127e-05
1.698000000000000000e+03,3.440939386371109215e-03,6.446288473940098426e-05
1.699000000000000000e+03,6.586965445710552848e-03,9.196675158266782622e-05
1.700000000000000000e+03,2.830130992498662828e-03,5.684623078476687093e-05
1.701000000000000000e+03,5.321903001649512348e-03,8.019157139362943830e-05
1.702000000000000000e+03,4.823844582140445966e-03,7.944101908602045723e-05
1.703000000000000000e+03,9.341686590570542209e-03,1.147217319190989521e-04
1.704000000000000000e+03,2.364898716169927008e-03,5.356351251329527366e-05
1.705000000000000000e+03,4.474523546414243061e-03,7.847741326115012799e-05
1.706000000000000000e+03,3.942004021356503192e-03,7.416730461938731474e-05
1.707000000000000000e+03,7.602048038666446919e-03,1.058954358600723333e-04
1.708000000000000000e+03,3.458832626251710871e-03,6.943251030620563975e-05
1.709000000000000000e+03,6.510593005120753930e-03,9.669724072308759442e-05
1.710000000000000000e+03,6.024692590551244085e-03,9.659505750559156255e-05
1.711000000000000000e+03,1.164570833006666785e-02,1.376184698114092273e-04
1.712000000000000000e+03,2.249701080231202976e-03,5.293025868580222018e-05
1.713000000000000000e+03,4.188394419782691912e-03,7.405397429978966797e-05
1.714000000000000000e+03,3.641985317551427355e-03,7.227246096036330631e-05
1.715000000000000000e+03,6.970015434233678940e-03,1.010631226601443753e-04
1.716000000000000000e+03,2.984179578531119710e-03,6.375129383804996786e-05
1.717000000000000000e+03,5.701776076770491419e-03,8.911583094554973003e-05
1.718000000000000000e+03,5.218470289922423101e-03,8.861599722436117065e-05
1.719000000000000000e+03,1.014534581916199871e-02,1.270698787835151402e-04
1.720000000000000000e+03,2.616854956861999412e-03,6.200649419514060940e-05
1.721000000000000000e+03,4.930594444473584623e-03,8.674740190267634233e-05
1.722000000000000000e+03,4.438964539666970938e-03,8.542669946843313032e-05
1.723000000000000000e+03,8.584514069027370312e-03,1.195113192124533060e-04
1.724000000000000000e+03,3.830768279300795619e-03,7.755188118599552641e-05
1.725000000000000000e+03,7.380616813550392417e-03,1.111490922462379539e-04
1.726000000000000000e+03,6.894492045872741698e-03,1.101600136052746648e-04
1.727000000000000000e+03,1.347077963597244701e-02,1.579019301485182713e-04
1.728000000000000000e+03,2.101765140179130686e-03,4.773564663792370433e-05
1.729000000000000000e+03,3.933420734835995844e-03,6.810663268213083528e-05
1.730000000000000000e+03,3.358056345582008211e-03,6.148050833939835383e-05
1.731000000000000000e+03,6.441766811841063804e-03,8.933037638456976532e-05
1.732000000000000000e+03,2.786070011489921294e-03,5.549603878933414967e-05
1.733000000000000000e+03,5.252288488083415620e-03,8.024685394093642636e-05
1.734000000000000000e+03,4.806582601186302345e-03,8.126805495845009874e-05
1.735000000000000000e+03,9.249869463841120867e-03,1.169109861324999080e-04
1.736000000000000000e+03,2.313156686292754203e-03,5.306743740614519741e-05
1.737000000000000000e+03,4.294713493072324639e-03,7.358761613196032375e-05
1.738000000000000000e+03,3.854208058002922370e-03,7.322449128142779996e-05
1.739000000000000000e+03,7.338029935873216850e-03,1.013518134625967474e-04
1.740000000000000000e+03,3.367815545515881730e-03,6.874385572587147185e-05
1.741000000000000000e+03,6.278007515155606920e-03,9.317576488767152613e-05
1.742000000000000000e+03,5.884674563639693406e-03,9.444164864775439093e-05
1.743000000000000000e+03,1.132863105441133181e-02,1.337272335669253921e-04
1.744000000000000000e+03,2.175057489822308354e-03,5.035762776253836244e-05
1.745000000000000000e+03,3.988341469118992198e-03,6.902143907228771235e-05
1.746000000000000000e+03,3.475282836308081925e-03,6.543605089924259960e-05
1.747000000000000000e+03,6.604345530569553750e-03,9.350575287546849092e-05
1.748000000000000000e+03,2.922686504258049673e-03,6.184840696643073728e-05
1.749000000000000000e+03,5.435892351435290051e-03,8.420251052046324298e-05
1.750000000000000000e+03,5.012986747572819278e-03,8.365302754516967050e-05
1.751000000000000000e+03,9.619087914774815049e-03,1.189704477664708140e-04
1.752000000000000000e+03,2.513516667137543487e-03,5.676891020301889500e-05
1.753000000000000000e+03,4.630356304016378446e-03,7.931020905160733527e-05
1.754000000000000000e+03,4.185128635300530697e-03,7.895753903865156099e-05
1.755000000000000000e+03,8.027656232913335521e-03,1.111353312488213267e-04
1.756000000000000000e+03,3.626689216461446638e-03,7.090216728224498811e-05
1.757000000000000000e+03,6.852707473668786901e-03,9.854955207882966795e-05
1.758000000000000000e+03,6.448259066376421308e-03,1.017972766211091580e-04
1.759000000000000000e+03,1.253732228289047845e-02,1.446457160762264671e-04
1.760000000000000000e+03,2.075991513662868004e-03,4.542084046941025690e-05
1.761000000000000000e+03,3.860998985370000039e-03,6.630627751071182347e-05
1.762000000000000000e+03,3.343913796891768726e-03,6.339602091730440201e-05
1.763000000000000000e+03,6.362965577708350716e-03,9.032226505168522380e-05
1.764000000000000000e+03,2.780325938926802784e-03,5.718111980962498980e-05
1.765000000000000000e+03,5.211997755004299862e-03,7.957524795261092709e-05
1.766000000000000000e+03,4.727308470457792025e-03,8.034462946515381725e-05
1.767000000000000000e+03,9.107780039790604187e-03,1.149474736486273544e-04
1.768000000000000000e+03,2.353909332636329888e-03,5.368563180786482705e-05
1.769000000000000000e+03,4.333578288555145312e-03,7.452910561547689894e-05
1.770000000000000000e+03,3.915287940088245898e-03,7.413003329354233108e-05
1.771000000000000000e+03,7.460522973355319769e-03,1.050194578218576190e-04
1.772000000000000000e+03,3.441491594811280606e-03,7.147510110935671604e-05
1.773000000000000000e+03,6.386090791026751562e-03,9.604645693034403390e-05
1.774000000000000000e+03,5.996591055591900775e-03,9.906548056727213468e-05
1.775000000000000000e+03,1.149718335191408751e-02,1.384238546349114642e-04
1.776000000000000000e+03,2.197249779171413665e-03,5.187058955574296617e-05
1.777000000000000000e+03,4.006459026436010908e-03,6.967220275272138406e-05
1.778000000000000000e+03,3.580211414198080592e-03,7.038475659962451370e-05
1.779000000000000000e+03,6.707158552093638558e-03,9.689618272236514033e-05
1.780000000000000000e+03,2.989387932568788719e-03,6.388555433390019590e-05
1.781000000000000000e+03,5.557778157360023646e-03,8.660223215245778871e-05
1.782000000000000000e+03,5.182704634616772110e-03,8.998506303650643449e-05
1.783000000000000000e+03,9.880082343286938906e-03,1.255795441698170478e-04
1.784000000000000000e+03,2.556279360320832909e-03,6.098597809366815764e-05
1.785000000000000000e+03,4.807091441833310705e-03,8.485323927564585543e-05
1.786000000000000000e+03,4.436960163613160556e-03,8.663260671031742263e-05
1.787000000000000000e+03,8.548384065081675309e-03,1.215363765326772535e-04
1.788000000000000000e+03,3.817044873916440421e-03,7.750047286596526981e-05
1.789000000000000000e+03,7.240572308119800314e-03,1.076323912866693954e-04
1.790000000000000000e+03,6.927338006165292134e-03,1.118706958461254826e-04
1.791000000000000000e+03,1.345261017262935552e-02,1.579763331951974730e-04
1.792000000000000000e+03,1.985717063513066892e-03,4.498135564076001405e-05
1.793000000000000000e+03,3.760243369357453395e-03,6.637704328475954357e-05
1.794000000000000000e+03,3.224636678745349330e-03,5.928587159244446406e-05
1.795000000000000000e+03,6.240392690118816248e-03,8.902565940217017774e-05
1.796000000000000000e+03,2.677299525505966605e-03,5.840504914936634021e-05
1.797000000000000000e+03,5.033135640405946368e-03,7.938436500949524208e-05
1.798000000000000000e+03,4.588561426334910633e-03,7.746982334370659438e-05
1.799000000000000000e+03,8.866219966411591213e-03,1.109075176811486949e-04
1.800000000000000000e+03,2.220500572555594767e-03,4.947794508362714867e-05
1.801000000000000000e+03,4.248611866699324516e-03,7.462742090092467089e-05
1.802000000000000000e+03,3.693772796326213418e-03,6.721643725292585775e-05
1.803000000000000000e+03,7.227708071486817556e-03,1.017105680660609202e-04
1.804000000000000000e+03,3.238641359888844856e-03,6.395151667015836947e-05
1.805000000000000000e+03,6.101555810504489738e-03,9.048766247308743062e-05
1.806000000000000000e+03,5.677702802005741081e-03,8.985363614428179134e-05
1.807000000000000000e+03,1.105065341341826719e-02,1.318514956500903561e-04
1.808000000000000000e+03,2.047739694068829129e-03,4.642967898753898277e-05
1.809000000000000000e+03,3.838461709519227268e-03,6.665549978317714217e-05
1.810000000000000000e+03,3.340686762978633227e-03,6.179313564812041781e-05
1.811000000000000000e+03,6.414357803397708474e-03,9.042121141085696751e-05
1.812000000000000000e+03,2.743905000140269782e-03,5.741750059425145848e-05
1.813000000000000000e+03,5.204309501465823572e-03,8.096271954430384814e-05
1.814000000000000000e+03,4.762259608043564740e-03,7.893460948196356919e-05
1.815000000000000000e+03,9.305933295132386152e-03,1.157916221186233843e-04
1.816000000000000000e+03,2.372713241105278356e-03,5.454925395462446245e-05
1.817000000000000000e+03,4.462106078515449756e-03,7.738032192215692196e-05
1.818000000000000000e+03,4.057378780792156997e-03,7.701467524317096665e-05
1.819000000000000000e+03,7.822800050816602208e-03,1.098305241483941047e-04
1.820000000000000000e+03,3.474599014744162578e-03,6.936698128190553101e-05
1.821000000000000000e+03,6.660872338083055448e-03,9.807237113879266430e-05
1.822000000000000000e+03,6.272680615948306344e-03,9.898428350950063846e-05
1.823000000000000000e+03,1.225288324770828011e-02,1.426634516683844556e-04
1.824000000000000000e+03,2.019612391682134699e-03,4.757827861073437496e-05
1.825000000000000000e+03,3.730654454148477853e-03,6.727626826674850758e-05
1.826000000000000000e+03,3.234631245285272527e-03,6.185593602682199312e-05
1.827000000000000000e+03,6.137788053361905964e-03,8.812543130953539672e-05
1.828000000000000000e+03,2.667467428139514481e-03,5.735363816551654304e-05
1.829000000000000000e+03,4.987918127675850834e-03,7.991506830639405240e-05
1.830000000000000000e+03,4.558387752837605306e-03,7.617878804976835967e-05
1.831000000000000000e+03,8.797633457051383735e-03,1.117637609340965834e-04
1.832000000000000000e+03,2.228487115088436527e-03,5.070621195573538493e-05
1.833000000000000000e+03,4.181267542093991887e-03,7.468187607983104771e-05
1.834000000000000000e+03,3.743350500249200460e-03,7.113483451172311189e-05
1.835000000000000000e+03,7.178645116388797896e-03,1.023258433574569700e-04
1.836000000000000000e+03,3.232759619106849100e-03,6.369331217174025502e-05
1.837000000000000000e+03,6.046171263919936610e-03,9.020791585404929565e-05
1.838000000000000000e+03,5.732470339702235018e-03,9.186648128599307855e-05
1.839000000000000000e+03,1.100791235600908670e-02,1.309053884365289080e-04
1.840000000000000000e+03,2.078155801345904496e-03,4.897804226455688959e-05
1.841000000000000000e+03,3.855466008070442419e-03,7.111124975649637224e-05
1.842000000000000000e+03,3.392819435762034572e-03,6.596741301703036673e-05
1.843000000000000000e+03,6.456897704568174273e-03,9.489097006185820079e-05
1.844000000000000000e+03,2.849139034251371803e-03,6.170155879711700163e-05
1.845000000000000000e+03,5.328939478149016459e-03,8.657764079580391894e-05
1.846000000000000000e+03,4.987535328848494848e-03,8.539962129632933899e-05
1.847000000000000000e+03,9.580672285631298274e-03,1.231612843045253654e-04
1.848000000000000000e+03,2.457672321804695460e-03,5.828952792178549412e-05
1.849000000000000000e+03,4.596841918627421475e-03,8.266463211680416512e-05
1.850000000000000000e+03,4.213391360292832385e-03,8.158764114363716729e-05
1.851000000000000000e+03,8.124046453312040034e-03,1.159900677621871298e-04
1.852000000000000000e+03,3.616178463109665474e-03,7.488942356850799350e-05
1.853000000000000000e+03,6.848348217457532645e-03,1.031938373970831121e-04
1.854000000000000000e+03,6.524203794515795289e-03,1.049531240408349049e-04
1.855000000000000000e+03,1.273045734290447449e-02,1.501293283006985421e-04
1.856000000000000000e+03,1.929966871581143819e-03,4.326092917855568754e-05
1.857000000000000000e+03,3.591597718596458572e-03,6.235184901506713958e-05
1.858000000000000000e+03,3.097925339258379273e-03,5.574426808726764296e-05
1.859000000000000000e+03,5.957444208156731542e-03,8.325471980482098539e-05
1.860000000000000000e+03,2.572976653451720941e-03,5.379542242282562355e-05
1.861000000000000000e+03,4.852564156171348606e-03,7.659262828342680487e-05
1.862000000000000000e+03,4.464515760160154938e-03,7.485672112820707818e-05
1.863000000000000000e+03,8.585642344140343926e-03,1.082556854683784962e-04
1.864000000000000000e+03,2.183694518092605622e-03,4.993376625999241945e-05
1.865000000000000000e+03,4.029120367798540506e-03,6.960911667486158921e-05
1.866000000000000000e+03,3.565920460306935998e-03,6.574170857985938538e-05
1.867000000000000000e+03,6.843627507901853951e-03,9.465755080801323924e-05
1.868000000000000000e+03,3.097988705072138131e-03,6.008670043315345396e-05
1.869000000000000000e+03,5.847902633249759362e-03,8.596289178678181856e-05
1.870000000000000000e+03,5.459637573195828299e-03,8.639960134622946873e-05
1.871000000000000000e+03,1.052994121768408356e-02,1.243050657090567497e-04
1.872000000000000000e+03,2.033146397289302583e-03,4.802064264698814664e-05
1.873000000000000000e+03,3.707292209333843715e-03,6.505939151654565288e-05
1.874000000000000000e+03,3.286832094026936359e-03,6.248204721428559782e-05
1.875000000000000000e+03,6.224518169197771310e-03,8.926086282216764512e-05
1.876000000000000000e+03,2.696634636272986826e-03,5.769693813444648744e-05
1.877000000000000000e+03,5.049650715010033965e-03,7.945362916502585063e-05
1.878000000000000000e+03,4.692600385629468358e-03,7.972639746781983534e-05
1.879000000000000000e+03,9.087018805079989311e-03,1.159835120789980514e-04
1.880000000000000000e+03,2.314546242968903468e-03,5.502848117255756364e-05
1.881000000000000000e+03,4.312985098709662922e-03,7.603321678725287144e-05
1.882000000000000000e+03,3.969910734030935098e-03,7.770345233023586004e-05
1.883000000000000000e+03,7.604605849385261303e-03,1.085065916879836100e-04
1.884000000000000000e+03,3.379097540047433599e-03,7.032626113574469158e-05
1.885000000000000000e+03,6.451007344259155826e-03,9.673820783601992722e-05
1.886000000000000000e+03,6.152134677916765333e-03,1.012621782390212330e-04
1.887000000000000000e+03,1.193703351984421422e-02,1.417397735508997060e-04
1.888000000000000000e+03,1.932074486994081117e-03,4.289614393626270655e-05
1.889000000000000000e+03,3.618376980655723264e-03,6.533902361167638129e-05
1.890000000000000000e+03,3.163791803204351119e-03,6.152904893491651652e-05
1.891000000000000000e+03,6.042870358659161063e-03,8.968150446893333953e-05
1.892000000000000000e+03,2.632775246202945577e-03,5.671801263504671719e-05
1.893000000000000000e+03,4.970716855244503712e-03,8.146250160542871594e-05
1.894000000000000000e+03,4.559947707189453657e-03,7.916275327567840435e-05
1.895000000000000000e+03,8.730352591690089537e-03,1.137767398964309917e-04
1.896000000000000000e+03,2.209331751714150270e-03,5.015100597488948247e-05
1.897000000000000000e+03,4.127125137812561427e-03,7.297460799874111198e-05
1.898000000000000000e+03,3.641080325394868700e-03,6.905063173854000444e-05
1.899000000000000000e+03,7.014396066748434036e-03,9.966689315827270083e-05
1.900000000000000000e+03,3.155824663407272909e-03,6.156458662229945158e-05
1.901000000000000000e+03,5.988168481025430735e-03,8.904853566274891733e-05
1.902000000000000000e+03,5.570068427970011928e-03,8.952639010737826835e-05
1.903000000000000000e+03,1.080147002637386368e-02,1.293795136903841164e-04
1.904000000000000000e+03,2.069745257231924134e-03,4.860197398179658644e-05
1.905000000000000000e+03,3.866551121622323946e-03,7.109161701139319147e-05
1.906000000000000000e+03,3.356379768268929423e-03,6.526563906075404195e-05
1.907000000000000000e+03,6.405270464287863598e-03,9.433515490324050035e-05
1.908000000000000000e+03,2.819485425071583881e-03,6.325158246343012987e-05
1.909000000000000000e+03,5.319160768389701553e-03,8.803372848786554668e-05
1.910000000000000000e+03,4.846290813402997361e-03,8.308013016233521252e-05
1.911000000000000000e+03,9.410788985076877500e-03,1.224467270182253386e-04
1.912000000000000000e+03,2.374291302926010393e-03,5.703018615448534169e-05
1.913000000000000000e+03,4.537208251472976163e-03,8.376407646567194905e-05
1.914000000000000000e+03,4.099048818912771029e-03,8.015676866910713470e-05
1.915000000000000000e+03,7.982109794649812351e-03,1.156533700857395456e-04
1.916000000000000000e+03,3.543063739074600940e-03,7.494317771904347855e-05
1.917000000000000000e+03,6.855371617592043339e-03,1.056809543603724722e-04
1.918000000000000000e+03,6.426619882401492755e-03,1.053631916529262772e-04
1.919000000000000000e+03,1.266859081182214984e-02,1.513525964303524232e-04
1.920000000000000000e+03,1.906377438902854930e-03,4.275988367588827720e-05
1.921000000000000000e+03,3.576465371516015894e-03,6.508630962152718124e-05
1.922000000000000000e+03,3.023490152623918483e-03,5.517180969404902950e-05
1.923000000000000000e+03,5.835216783384482124e-03,8.443920949544210779e-05
1.924000000000000000e+03,2.549452035592661859e-03,5.554104321403693836e-05
1.925000000000000000e+03,4.812549499372641496e-03,7.777530333049728259e-05
1.926000000000000000e+03,4.323931447002622892e-03,7.644386448103838950e-05
1.927000000000000000e+03,8.465461032879021200e-03,1.106994250013252349e-04
1.928000000000000000e+03,2.105093709536724669e-03,4.786821896205674121e-05
1.929000000000000000e+03,4.003436838305658371e-03,7.123592592592282633e-05
1.930000000000000000e+03,3.471079374419318211e-03,6.496765028402000798e-05
1.931000000000000000e+03,6.772941026513774887e-03,9.657068685568785053e-05
1.932000000000000000e+03,3.039795023691322859e-03,6.220010151313580906e-05
1.933000000000000000e+03,5.804925579594241367e-03,8.849724265156289505e-05
1.934000000000000000e+03,5.324502888437774792e-03,8.839798426290564970e-05
1.935000000000000000e+03,1.036768110274440685e-02,1.263119309240566361e-04
1.936000000000000000e+03,1.924712544505794917e-03,4.627883844991688336e-05
1.937000000000000000e+03,3.635516567263338394e-03,6.590283185684266631e-05
1.938000000000000000e+03,3.098045882201856931e-03,5.940195756933535086e-05
1.939000000000000000e+03,6.076711592318283228e-03,8.864607602166126087e-05
1.940000000000000000e+03,2.604155944792760878e-03,5.847036370227088361e-05
1.941000000000000000e+03,4.996338050911823710e-03,8.148880763239386732e-05
1.942000000000000000e+03,4.473433592004908387e-03,7.778620446098081034e-05
1.943000000000000000e+03,8.904371410045358246e-03,1.152944171744555818e-04
1.944000000000000000e+03,2.277821505384312710e-03,5.572360321064060508e-05
1.945000000000000000e+03,4.297432074795166923e-03,7.776800715889090304e-05
1.946000000000000000e+03,3.814007596340444374e-03,7.482902792368342369e-05
1.947000000000000000e+03,7.452558806439240659e-03,1.075565879513349146e-04
1.948000000000000000e+03,3.315828093174431109e-03,6.949145177647945613e-05
1.949000000000000000e+03,6.438741635680199013e-03,9.835963727084748613e-05
1.950000000000000000e+03,5.990428256177239910e-03,9.885651984132950499e-05
1.951000000000000000e+03,1.177508757654163567e-02,1.409605571663475698e-04
1.952000000000000000e+03,1.891155273367961347e-03,4.389933896557017236e-05
1.953000000000000000e+03,3.577209330350160452e-03,6.625561458466524536e-05
1.954000000000000000e+03,3.076036594923999695e-03,5.915780255104526980e-05
1.955000000000000000e+03,5.926093439145220521e-03,8.878954929514870664e-05
1.956000000000000000e+03,2.508094096051322053e-03,5.476362555545794913e-05
1.957000000000000000e+03,4.804783697095181896e-03,8.002646638076786319e-05
1.958000000000000000e+03,4.297773606363269883e-03,7.413882588166264664e-05
1.959000000000000000e+03,8.394374964973992659e-03,1.091329285070276642e-04
1.960000000000000000e+03,2.091374533085359286e-03,4.826368905085298499e-05
1.961000000000000000e+03,3.969815839148229872e-03,7.285752126915678319e-05
1.962000000000000000e+03,3.540267873489194323e-03,6.814559724050860048e-05
1.963000000000000000e+03,6.849896407152215871e-03,9.976077370595185260e-05
1.964000000000000000e+03,3.068155885943108299e-03,6.379989801981798922e-05
1.965000000000000000e+03,5.797352938569253974e-03,9.032727148466893779e-05
1.966000000000000000e+03,5.409475475235118146e-03,8.939057184699660441e-05
1.967000000000000000e+03,1.051269615298344035e-02,1.298944008771200193e-04
1.968000000000000000e+03,1.984838176113036100e-03,4.978456704138952034e-05
1.969000000000000000e+03,3.724979756557279288e-03,7.117739818466373495e-05
1.970000000000000000e+03,3.191285088161627606e-03,6.467268425555402578e-05
1.971000000000000000e+03,6.121327542704012997e-03,9.217773345203868218e-05
1.972000000000000000e+03,2.677088224184181846e-03,6.272267561878288407e-05
1.973000000000000000e+03,5.091274686720635885e-03,8.632068820853024398e-05
1.974000000000000000e+03,4.633209124637974533e-03,8.336466536517305684e-05
1.975000000000000000e+03,9.084476225574811617e-03,1.205455673509339253e-04
1.976000000000000000e+03,2.331969737526443272e-03,5.874972175059731962e-05
1.977000000000000000e+03,4.424188517298963119e-03,8.362336675188061005e-05
1.978000000000000000e+03,3.954321421583493167e-03,7.825629710063011280e-05
1.979000000000000000e+03,7.675852304812934811e-03,1.124277163302673328e-04
1.980000000000000000e+03,3.446936364074548124e-03,7.404050894465152139e-05
1.981000000000000000e+03,6.646037792927689258e-03,1.044387422993960009e-04
1.982000000000000000e+03,6.283718477653132961e-03,1.042251568707990104e-04
1.983000000000000000e+03,1.228452859143416148e-02,1.487988291083308266e-04
1.984000000000000000e+03,1.862600567009713983e-03,4.185122364978422860e-05
1.985000000000000000e+03,3.402156583617131115e-03,5.878313568505537081e-05
1.986000000000000000e+03,3.042320977648099462e-03,5.667065449482634130e-05
1.987000000000000000e+03,5.677473545571168692e-03,8.128402890620565211e-05
1.988000000000000000e+03,2.459513722856839467e-03,5.213846163688682652e-05
1.989000000000000000e+03,4.629662159432967362e-03,7.332633563248490785e-05
1.990000000000000000e+03,4.267603462951050780e-03,7.391697311619099581e-05
1.991000000000000000e+03,8.191031212574905254e-03,1.055835773790177472e-04
1.992000000000000000e+03,2.012757478621271089e-03,4.555277772306552062e-05
1.993000000000000000e+03,3.759450904296504116e-03,6.723395353255683939e-05
1.994000000000000000e+03,3.450502326720290835e-03,6.677944153023701948e-05
1.995000000000000000e+03,6.570196099297868041e-03,9.611992353069147516e-05
1.996000000000000000e+03,2.908061462243398052e-03,5.812694716539147980e-05
1.997000000000000000e+03,5.614511571360958526e-03,8.681861943535616581e-05
1.998000000000000000e+03,5.247686645421716610e-03,8.590704773921190539e-05
1.999000000000000000e+03,1.022168050214648273e-02,1.264459109760731812e-04
2.000000000000000000e+03,1.921402807053592364e-03,4.729487473291382694e-05
2.001000000000000000e+03,3.517565930270486352e-03,6.395870671288551824e-05
2.002000000000000000e+03,3.119815055396821853e-03,6.048152539112790080e-05
2.003000000000000000e+03,5.945245207167333679e-03,8.853980838386878323e-05
2.004000000000000000e+03,2.515627466158734324e-03,5.574545044180329159e-05
2.005000000000000000e+03,4.814433185590638251e-03,7.996914102280269472e-05
2.006000000000000000e+03,4.444713951316145092e-03,7.744129104592841211e-05
2.007000000000000000e+03,8.655255045096080235e-03,1.135182533282699753e-04
2.008000000000000000e+03,2.201304775045977765e-03,5.318952628737578928e-05
2.009000000000000000e+03,4.117273397379451680e-03,7.457083893131832093e-05
2.010000000000000000e+03,3.772896798517968737e-03,7.350550921620892144e-05
2.011000000000000000e+03,7.268370646105872489e-03,1.050665564334999979e-04
2.012000000000000000e+03,3.201302945696645180e-03,6.553202664113967483e-05
2.013000000000000000e+03,6.140008215672439727e-03,9.341451636493695767e-05
2.014000000000000000e+03,5.871361706488662131e-03,9.631311623351242299e-05
2.015000000000000000e+03,1.145981258796321088e-02,1.383243757007098808e-04
2.016000000000000000e+03,1.854640149954292537e-03,4.645151598656383261e-05
2.017000000000000000e+03,3.436677542212936403e-03,6.574090052727043316e-05
2.018000000000000000e+03,3.006114747739500360e-03,6.098453538339473982e-05
2.019000000000000000e+03,5.697476320647531026e-03,8.684524346523999272e-05
2.020000000000000000e+03,2.453817851030164372e-03,5.575396946873020164e-05
2.021000000000000000e+03,4.635652728064192790e-03,7.849673237505194973e-05
2.022000000000000000e+03,4.207402546703815742e-03,7.429388111413432014e-05
2.023000000000000000e+03,8.134495856695704227e-03,1.082123196475875466e-04
2.024000000000000000e+03,2.086221262349022797e-03,5.049221349103084715e-05
2.025000000000000000e+03,3.923017496996456140e-03,7.371545844480319187e-05
2.026000000000000000e+03,3.466122454139921281e-03,6.760952711115464722e-05
2.027000000000000000e+03,6.753387897097402025e-03,1.010123485504807017e-04
2.028000000000000000e+03,3.007233815441528752e-03,6.376665300932212474e-05
2.029000000000000000e+03,5.738397263669305255e-03,9.116844841956240600e-05
2.030000000000000000e+03,5.302909626828299951e-03,8.901254938391431825e-05
2.031000000000000000e+03,1.040373576545053011e-02,1.315163223624731469e-04
2.032000000000000000e+03,1.998592261191871507e-03,5.381013985870214243e-05
2.033000000000000000e+03,3.707197906888193631e-03,7.489581540068061761e-05
2.034000000000000000e+03,3.238230873246987669e-03,6.759013297917732010e-05
2.035000000000000000e+03,6.173011302302281247e-03,9.575107462354794010e-05
2.036000000000000000e+03,2.652300308595101092e-03,6.212490126987013986e-05
2.037000000000000000e+03,5.062658305747641876e-03,8.696117580794709479e-05
2.038000000000000000e+03,4.618532048629390291e-03,8.309601629380700724e-05
2.039000000000000000e+03,9.016711578584380229e-03,1.201970355822408769e-04
2.040000000000000000e+03,2.400401967167854408e-03,6.394839992649997554e-05
2.041000000000000000e+03,4.498045326289203116e-03,8.820006392833990569e-05
2.042000000000000000e+03,4.066354250543646916e-03,8.495686707628565351e-05
2.043000000000000000e+03,7.853011081781652650e-03,1.190750235707453523e-04
2.044000000000000000e+03,3.482528814077377483e-03,7.597492286428995283e-05
2.045000000000000000e+03,6.696695436139901876e-03,1.069736925087588813e-04
2.046000000000000000e+03,6.261784361799557601e-03,1.048462658923363929e-04
2.047000000000000000e+03,1.233769520958264733e-02,1.509347357560148449e-04
2.048000000000000000e+03,1.804745249797900424e-03,7.437129662610822119e-05
2.049000000000000000e+03,3.526680824061234967e-03,1.215137327294145105e-04
2.050000000000000000e+03,2.915984587470690521e-03,9.767779378641711064e-05
2.051000000000000000e+03,5.823805349568525642e-03,1.567660439444392838e-04
2.052000000000000000e+03,2.491116942067940834e-03,9.607512923657080363e-05
2.053000000000000000e+03,4.824407679239909284e-03,1.448776354138250335e-04
2.054000000000000000e+03,4.256489049941301547e-03,1.278588302659832245e-04
2.055000000000000000e+03,8.267094381550947960e-03,1.883098364309097525e-04
2.056000000000000000e+03,2.046970610618591233e-03,8.969607427929390049e-05
2.057000000000000000e+03,3.942818205902974202e-03,1.335960712432384540e-04
2.058000000000000000e+03,3.380452773024638594e-03,1.140519434720482181e-04
2.059000000000000000e+03,6.677976763943831336e-03,1.748712623704558463e-04
2.060000000000000000e+03,3.045188289086024104e-03,1.109683741982251390e-04
2.061000000000000000e+03,5.857021016329526722e-03,1.638062771681019294e-04
2.062000000000000000e+03,5.287805692652860871e-03,1.498775508290442710e-04
2.063000000000000000e+03,1.031300100401043827e-02,2.215900776106151978e-04
2.064000000000000000e+03,1.842470645656188368e-03,8.351469817647874845e-05
2.065000000000000000e+03,3.530633411059776964e-03,1.203442798878648226e-04
2.066000000000000000e+03,3.051036808391411996e-03,1.137347980990178960e-04
2.067000000000000000e+03,5.885862325678269460e-03,1.619943696917993574e-04
2.068000000000000000e+03,2.634290042022863990e-03,1.068073942038217755e-04
2.069000000000000000e+03,4.934077610224485780e-03,1.467714468260397317e-04
2.070000000000000000e+03,4.632948093662659673e-03,1.436325748347625907e-04
2.071000000000000000e+03,8.843107900520166473e-03,2.025592990493594095e-04
2.072000000000000000e+03,2.215547216733296677e-03,9.334531731976984745e-05
2.073000000000000000e+03,4.185060803393522710e-03,1.335433706074814358e-04
2.074000000000000000e+03,3.647334122657775769e-03,1.189256112767059199e-04
2.075000000000000000e+03,7.059162440697351777e-03,1.764249129246216717e-04
2.076000000000000000e+03,3.295510550985733794e-03,1.205617108616335951e-04
2.077000000000000000e+03,6.254970435450474611e-03,1.665700642335001371e-04
2.078000000000000000e+03,5.860035043358803077e-03,1.589432876086252695e-04
2.079000000000000000e+03,1.131471019744872963e-02,2.285955801031314680e-04
2.080000000000000000e+03,1.835359981954097844e-03,7.787180000511289624e-05
2.081000000000000000e+03,3.417696781009435525e-03,1.121797848898493065e-04
2.082000000000000000e+03,2.925485952446858166e-03,1.009443329420180185e-04
2.083000000000000000e+03,5.666648295124371813e-03,1.514464721110783533e-04
2.084000000000000000e+03,2.530609066188335265e-03,9.951416459828970620e-05
2.085000000000000000e+03,4.741207920859257657e-03,1.413557382298727850e-04
2.086000000000000000e+03,4.312837426612774541e-03,1.289098372269797423e-04
2.087000000000000000e+03,8.198682848314443536e-03,1.852507771968138809e-04
2.088000000000000000e+03,2.026482071032126818e-03,8.426501683700023929e-05
2.089000000000000000e+03,3.769407972842454824e-03,1.202633028930229431e-04
2.090000000000000000e+03,3.305125922312339252e-03,1.082300225880484824e-04
2.091000000000000000e+03,6.566973098317782122e-03,1.698820839861776562e-04
2.092000000000000000e+03,2.974210657080014666e-03,1.101552983230311866e-04
2.093000000000000000e+03,5.690095008462667248e-03,1.630027401109803776e-04
2.094000000000000000e+03,5.202584395209948649e-03,1.468750208078121848e-04
2.095000000000000000e+03,1.018198335394263250e-02,2.205863360175056411e-04
2.096000000000000000e+03,1.832957316637039147e-03,8.199540788630299744e-05
2.097000000000000000e+03,3.509701900134483930e-03,1.183090670578483100e-04
2.098000000000000000e+03,2.952663464198509828e-03,1.035184763933180170e-04
2.099000000000000000e+03,5.804515269796053228e-03,1.566823446602187968e-04
2.100000000000000000e+03,2.647776532024144914e-03,1.083794644771456832e-04
2.101000000000000000e+03,4.940753854314486326e-03,1.468262572125960232e-04
2.102000000000000000e+03,4.598835647851228295e-03,1.429390750200665425e-04
2.103000000000000000e+03,8.785949392269055275e-03,1.999463120429000908e-04
2.104000000000000000e+03,2.184162749449412161e-03,1.041381041920643575e-04
2.105000000000000000e+03,4.264259518285592673e-03,1.456284843389633269e-04
2.106000000000000000e+03,3.717031122694412770e-03,1.365604872241280205e-04
2.107000000000000000e+03,7.435453843524058616e-03,1.967392696417227425e-04
2.108000000000000000e+03,3.332666435738404747e-03,1.322313409747796222e-04
2.109000000000000000e+03,6.496958094040552849e-03,1.836985838435350299e-04
2.110000000000000000e+03,6.160886492977539833e-03,1.823991010384848159e-04
2.111000000000000000e+03,1.187639488433798150e-02,2.549756107071050621e-04
2.112000000000000000e+03,1.669215020934740638e-03,6.398201550220420069e-05
2.113000000000000000e+03,3.352259083737929579e-03,1.070717932971466333e-04
2.114000000000000000e+03,2.792583183745543044e-03,9.122955344656397201e-05
2.115000000000000000e+03,5.493415430337190986e-03,1.425855923108275056e-04
2.116000000000000000e+03,2.416973613103230722e-03,9.445551932247148999e-05
2.117000000000000000e+03,4.578362080454826712e-03,1.314575795778403903e-04
2.118000000000000000e+03,4.169064905693133441e-03,1.255470027147130260e-04
2.119000000000000000e+03,8.018892638534306713e-03,1.837591863925408064e-04
2.120000000000000000e+03,1.943069414546092291e-03,7.980177822558900957e-05
2.121000000000000000e+03,3.750976524998744181e-03,1.172681917858467009e-04
2.122000000000000000e+03,3.224876473695039575e-03,1.056948400734677475e-04
2.123000000000000000e+03,6.460212351580460824e-03,1.681153587515339990e-04
2.124000000000000000e+03,2.844867452532053118e-03,1.051988441265773715e-04
2.125000000000000000e+03,5.528935675372680103e-03,1.513854293391855431e-04
2.126000000000000000e+03,4.882843488603830565e-03,1.368999097457154789e-04
2.127000000000000000e+03,9.771160129805405228e-03,2.099818395887958740e-04
2.128000000000000000e+03,1.713168251067399882e-03,7.385439246889870355e-05
2.129000000000000000e+03,3.303917453040679155e-03,1.080049343888429830e-04
2.130000000000000000e+03,2.852388406793276553e-03,1.062331591991399793e-04
2.131000000000000000e+03,5.544516038000583784e-03,1.521327231010748669e-04
2.132000000000000000e+03,2.531094653109709335e-03,1.004440446128742833e-04
2.133000000000000000e+03,4.759227827986081162e-03,1.452070233585196074e-04
2.134000000000000000e+03,4.395180745869874811e-03,1.372379975134266643e-04
2.135000000000000000e+03,8.425772163023551031e-03,2.013975768280548001e-04
2.136000000000000000e+03,2.130195361127456156e-03,9.035208456438783230e-05
2.137000000000000000e+03,4.020900109906991489e-03,1.308165551865329390e-04
2.138000000000000000e+03,3.671509475360313930e-03,1.259280395376511795e-04
2.139000000000000000e+03,7.112040828317403411e-03,1.880411320224907698e-04
2.140000000000000000e+03,3.183054896990458304e-03,1.151902551081975603e-04
2.141000000000000000e+03,6.203634559611479089e-03,1.761326356572226459e-04
2.142000000000000000e+03,5.827505580733219510e-03,1.621203698710954480e-04
2.143000000000000000e+03,1.138354054316878354e-02,2.487893659755051833e-04
2.144000000000000000e+03,1.735998172064622197e-03,7.120000111638905449e-05
2.145000000000000000e+03,3.347580312043428596e-03,1.082722362534318936e-04
2.146000000000000000e+03,2.874785455912351635e-03,9.739671217715549240e-05
2.147000000000000000e+03,5.579539335072040973e-03,1.502035493954204993e-04
2.148000000000000000e+03,2.319864483028650105e-03,8.608992954899189224e-05
2.149000000000000000e+03,4.474562303274870131e-03,1.312814644581436496e-04
2.150000000000000000e+03,4.122875512590011039e-03,1.203624919059312820e-04
2.151000000000000000e+03,7.970768175423146099e-03,1.823913364194652928e-04
2.152000000000000000e+03,1.935446679492791415e-03,8.274378167584664013e-05
2.153000000000000000e+03,3.654048954149087449e-03,1.158601438581907596e-04
2.154000000000000000e+03,3.242683341378966872e-03,1.065742488481495652e-04
2.155000000000000000e+03,6.427189701497555176e-03,1.664156264731419426e-04
2.156000000000000000e+03,2.876748588110009629e-03,1.066486405249867959e-04
2.157000000000000000e+03,5.540334139168262909e-03,1.556223955512092271e-04
2.158000000000000000e+03,5.010261616408825253e-03,1.450039900870721905e-04
2.159000000000000000e+03,9.904621705040335747e-03,2.163821309399366441e-04
2.160000000000000000e+03,1.778868709579110169e-03,7.530345833391100625e-05
2.161000000000000000e+03,3.416103872805833878e-03,1.093238205036817858e-04
2.162000000000000000e+03,3.024516153981288320e-03,1.109995732424023978e-04
2.163000000000000000e+03,5.831169272661209345e-03,1.600406859806798043e-04
2.164000000000000000e+03,2.498113151590029314e-03,9.558961398976461177e-05
2.165000000000000000e+03,4.894659769733747216e-03,1.438478643029397449e-04
2.166000000000000000e+03,4.348610403339068023e-03,1.286496195341933638e-04
2.167000000000000000e+03,8.633860549330711273e-03,1.998374061120029583e-04
2.168000000000000000e+03,2.145210554401079991e-03,9.096406796217526721e-05
2.169000000000000000e+03,4.242600583483775202e-03,1.372764161538450589e-04
2.170000000000000000e+03,3.752375457932551756e-03,1.262611490419366593e-04
2.171000000000000000e+03,7.626805413514375909e-03,1.999851555353881615e-04
2.172000000000000000e+03,3.346318040390809222e-03,1.219481864073502543e-04
2.173000000000000000e+03,6.516947425951559979e-03,1.769298140139258311e-04
2.174000000000000000e+03,6.053748011241356225e-03,1.683404541017389632e-04
2.175000000000000000e+03,1.191495949829618137e-02,2.496042276856854140e-04
2.176000000000000000e+03,1.703748471538225721e-03,6.981881503762600051e-05
2.177000000000000000e+03,3.333002023200194210e-03,1.128993868181831341e-04
2.178000000000000000e+03,2.832283984025319237e-03,1.012531987954673121e-04
2.179000000000000000e+03,5.575057986179987948e-03,1.559073752766320590e-04
2.180000000000000000e+03,2.472761425425608773e-03,9.713577756952327953e-05
2.181000000000000000e+03,4.640857808341582874e-03,1.423051810267446067e-04
2.182000000000000000e+03,4.166279208312431703e-03,1.335618845828627737e-04
2.183000000000000000e+03,7.981850781937440548e-03,1.896237477430561230e-04
2.184000000000000000e+03,1.895949712097644811e-03,8.083139915142164449e-05
2.185000000000000000e+03,3.712640865544478228e-03,1.221367161151042926e-04
2.186000000000000000e+03,3.160994166682164035e-03,1.045639915886161029e-04
2.187000000000000000e+03,6.393118659158547774e-03,1.666191670375337733e-04
2.188000000000000000e+03,2.946369669884443387e-03,1.098136323211492446e-04
2.189000000000000000e+03,5.586869347641865331e-03,1.577013763336326325e-04
2.190000000000000000e+03,5.016590323050816591e-03,1.473904031129094909e-04
2.191000000000000000e+03,9.738581960697968720e-03,2.111235376510011579e-04
2.192000000000000000e+03,1.705700769474109094e-03,7.247872257783398561e-05
2.193000000000000000e+03,3.308660548130671220e-03,1.127442932320281942e-04
2.194000000000000000e+03,2.842466338177522100e-03,1.051462811895741877e-04
2.195000000000000000e+03,5.547456764082113641e-03,1.533520904290687926e-04
2.196000000000000000e+03,2.537830509344736560e-03,9.969131784444347803e-05
2.197000000000000000e+03,4.821808506647745803e-03,1.482451955904197567e-04
2.198000000000000000e+03,4.307107387185096607e-03,1.344128212895194790e-04
2.199000000000000000e+03,8.338590438117583770e-03,1.978801567226975055e-04
2.200000000000000000e+03,2.005681310991446181e-03,8.767194066705432211e-05
2.201000000000000000e+03,3.878733412027358940e-03,1.251976416733930643e-04
2.202000000000000000e+03,3.438823280533155006e-03,1.162830638978016662e-04
2.203000000000000000e+03,6.812129971136649496e-03,1.758098338871392954e-04
2.204000000000000000e+03,3.138733311096827006e-03,1.144525825430936462e-04
2.205000000000000000e+03,6.061033438295126280e-03,1.664022787719924797e-04
2.206000000000000000e+03,5.496157596707343905e-03,1.525935085122369784e-04
2.207000000000000000e+03,1.085511110400160135e-02,2.276464818644061464e-04
2.208000000000000000e+03,1.665038483093182189e-03,6.999982655366960270e-05
2.209000000000000000e+03,3.277273621360460732e-03,1.089897505395391516e-04
2.210000000000000000e+03,2.769328580498695274e-03,1.053493847542274716e-04
2.211000000000000000e+03,5.476763572444518814e-03,1.545126898280844529e-04
2.212000000000000000e+03,2.374439612279335629e-03,8.958762518289332347e-05
2.213000000000000000e+03,4.639372191578150159e-03,1.407032532270634478e-04
2.214000000000000000e+03,4.060009325643380157e-03,1.283820646120086332e-04
2.215000000000000000e+03,7.930291121701399729e-03,1.878248694072852691e-04
2.216000000000000000e+03,1.789592087517182092e-03,7.341903339253597917e-05
2.217000000000000000e+03,3.612207221736510755e-03,1.211411111719761093e-04
2.218000000000000000e+03,3.038357367093364597e-03,1.054738660753378956e-04
2.219000000000000000e+03,6.213276476909716795e-03,1.670957379759290624e-04
2.220000000000000000e+03,2.739496738041440581e-03,1.006639706368226344e-04
2.221000000000000000e+03,5.452075419475634586e-03,1.554879028312868873e-04
2.222000000000000000e+03,4.839004022826750955e-03,1.436414587197881634e-04
2.223000000000000000e+03,9.642602146342396652e-03,2.140785005690248215e-04
2.224000000000000000e+03,1.696918912753462823e-03,8.351787728032141953e-05
2.225000000000000000e+03,3.340461174796025175e-03,1.194149874941524540e-04
2.226000000000000000e+03,2.767566885749498870e-03,1.061130854167834336e-04
2.227000000000000000e+03,5.507720880111058488e-03,1.558112551505353870e-04
2.228000000000000000e+03,2.439712877422571362e-03,9.750648581439134467e-05
2.229000000000000000e+03,4.738547644217809378e-03,1.439375096283599807e-04
2.230000000000000000e+03,4.223683886726697055e-03,1.309005442155760973e-04
2.231000000000000000e+03,8.360312728484472350e-03,1.990460543968748945e-04
2.232000000000000000e+03,2.048546764900286820e-03,9.396576039541111884e-05
2.233000000000000000e+03,3.968541101167599380e-03,1.289679998961399668e-04
2.234000000000000000e+03,3.456151238828897385e-03,1.187308281281686430e-04
2.235000000000000000e+03,6.988177302628755319e-03,1.802377409182544319e-04
2.236000000000000000e+03,3.166079970945914410e-03,1.176527576891253131e-04
2.237000000000000000e+03,6.164139894247054781e-03,1.683840814159832955e-04
2.238000000000000000e+03,5.677363261083761756e-03,1.563615216582347458e-04
2.239000000000000000e+03,1.125741293787956183e-02,2.343736264161451249e-04
2.240000000000000000e+03,1.675349400689204495e-03,8.496344153831920530e-05
2.241000000000000000e+03,3.200918249835570713e-03,1.129255326346144541e-04
2.242000000000000000e+03,2.751058637499809254e-03,1.094488109876642982e-04
2.243000000000000000e+03,5.273142173389594109e-03,1.509886227669507051e-04
2.244000000000000000e+03,2.350325572490692336e-03,1.019562577857540851e-04
2.245000000000000000e+03,4.431007155229647540e-03,1.358013578499523983e-04
2.246000000000000000e+03,3.933989514162143132e-03,1.309718677040873098e-04
2.247000000000000000e+03,7.589399279703696981e-03,1.807851889296856283e-04
2.248000000000000000e+03,1.853682367056608141e-03,8.655098395979565718e-05
2.249000000000000000e+03,3.505180240372816804e-03,1.153362585820055748e-04
2.250000000000000000e+03,3.023787964085737894e-03,1.107574391099504512e-04
2.251000000000000000e+03,6.095298810203870002e-03,1.657900863685354755e-04
2.252000000000000000e+03,2.778002769947052197e-03,1.155246081913547144e-04
2.253000000000000000e+03,5.360386654585600104e-03,1.552872620875819353e-04
2.254000000000000000e+03,4.754011628975470492e-03,1.523061343723536862e-04
2.255000000000000000e+03,9.475779499461253752e-03,2.147793075383333257e-04
2.256000000000000000e+03,1.702914724995692637e-03,8.005850206174132736e-05
2.257000000000000000e+03,3.177392387588818916e-03,1.060410687059161564e-04
2.258000000000000000e+03,2.718623670190572616e-03,9.906430672051599569e-05
2.259000000000000000e+03,5.334758789489666558e-03,1.482575148193939569e-04
2.260000000000000000e+03,2.459755444427331409e-03,1.019686405444692693e-04
2.261000000000000000e+03,4.647137584835291275e-03,1.425587385602675357e-04
2.262000000000000000e+03,4.153081652373075139e-03,1.324597671456060461e-04
2.263000000000000000e+03,8.086183760017157107e-03,1.939322736647915244e-04
2.264000000000000000e+03,1.985281256089608051e-03,8.860735239438731221e-05
2.265000000000000000e+03,3.781828594207763822e-03,1.235789292634390673e-04
2.266000000000000000e+03,3.245718680322170428e-03,1.110118194614065259e-04
2.267000000000000000e+03,6.607389247814814646e-03,1.742117641419875496e-04
2.268000000000000000e+03,3.118171845277150668e-03,1.251190127591775910e-04
2.269000000000000000e+03,5.982367856750885234e-03,1.702149044011348950e-04
2.270000000000000000e+03,5.371769550542036635e-03,1.548704773498018163e-04
2.271000000000000000e+03,1.074020822460452704e-02,2.304566553163426169e-04
2.272000000000000000e+03,1.700521548390388415e-03,8.321818486299774136e-05
2.273000000000000000e+03,3.240973053226868517e-03,1.147712857591267320e-04
2.274000000000000000e+03,2.735251686026652761e-03,1.044361593574258835e-04
2.275000000000000000e+03,5.298572769562403043e-03,1.492118303264324528e-04
2.276000000000000000e+03,2.329768161624670101e-03,9.672992701667269583e-05
2.277000000000000000e+03,4.438535571446021108e-03,1.358475247832845927e-04
2.278000000000000000e+03,4.013516928752263423e-03,1.303212368795279028e-04
2.279000000000000000e+03,7.705133418540160289e-03,1.803493814243183491e-04
2.280000000000000000e+03,1.840789609005053862e-03,8.466322183364212569e-05
2.281000000000000000e+03,3.494739973793427150e-03,1.189870195540892279e-04
2.282000000000000000e+03,3.034282580812772134e-03,1.080165436092240183e-04
2.283000000000000000e+03,6.205919606834650083e-03,1.679759631468358901e-04
2.284000000000000000e+03,2.800657979200283591e-03,1.090388782370853592e-04
2.285000000000000000e+03,5.353865611851215713e-03,1.529554832065724128e-04
2.286000000000000000e+03,4.817194801121950365e-03,1.411914803816900310e-04
2.287000000000000000e+03,9.564174298296371918e-03,2.103565028772677169e-04
2.288000000000000000e+03,1.718138922552267783e-03,7.880143289113784606e-05
2.289000000000000000e+03,3.254304786771535906e-03,1.081044030537259813e-04
2.290000000000000000e+03,2.758946697215239070e-03,1.026136266266276499e-04
2.291000000000000000e+03,5.438683038254578904e-03,1.520399995408817841e-04
2.292000000000000000e+03,2.510415599147478808e-03,1.024309084863598375e-04
2.293000000000000000e+03,4.812255416760841641e-03,1.471552492541625535e-04
2.294000000000000000e+03,4.278666412532329891e-03,1.340961625828104940e-04
2.295000000000000000e+03,8.397027224302291634e-03,2.009354498265695881e-04
2.296000000000000000e+03,2.034589189191659143e-03,9.061424747355511350e-05
2.297000000000000000e+03,3.979241806864738766e-03,1.293333456868666134e-04
2.298000000000000000e+03,3.455106517076492190e-03,1.236279285658310116e-04
2.299000000000000000e+03,7.057843315998713583e-03,1.850239759774571704e-04
2.300000000000000000e+03,3.229585704604784769e-03,1.234108146695447276e-04
2.301000000000000000e+03,6.246705049027999508e-03,1.725130376497845282e-04
2.302000000000000000e+03,5.772396456996600235e-03,1.642865477208103626e-04
2.303000000000000000e+03,1.150834677134950947e-02,2.435523326429173770e-04
2.304000000000000000e+03,1.597324579755465216e-03,6.845810126603678954e-05
2.305000000000000000e+03,3.043044569889704395e-03,9.621258609167416859e-05
2.306000000000000000e+03,2.551087478399276850e-03,8.888271281320671508e-05
2.307000000000000000e+03,5.124740585237741106e-03,1.361197251604585933e-04
2.308000000000000000e+03,2.207770308504501851e-03,8.253306131839611135e-05
2.309000000000000000e+03,4.220186838209629213e-03,1.183770294816931506e-04
2.310000000000000000e+03,3.706823827673991559e-03,1.121633140082545417e-04
2.311000000000000000e+03,7.289425600022077581e-03,1.612943902518550871e-04
2.312000000000000000e+03,1.753276240527629941e-03,7.530065844478174466e-05
2.313000000000000000e+03,3.384598690271377764e-03,1.106552464729929248e-04
2.314000000000000000e+03,2.895018218010663846e-03,9.971757570028824365e-05
2.315000000000000000e+03,5.922196185042460752e-03,1.564287921343355701e-04
2.316000000000000000e+03,2.692954326023658165e-03,9.872954001838826538e-05
2.317000000000000000e+03,5.163104952126741122e-03,1.416212465808238524e-04
2.318000000000000000e+03,4.500493635535240261e-03,1.279812427054263064e-04
2.319000000000000000e+03,9.044082181950409763e-03,1.913122820347611466e-04
2.320000000000000000e+03,1.681802870978911643e-03,8.842301689965568296e-05
2.321000000000000000e+03,3.060713259180386850e-03,1.090487996236542680e-04
2.322000000000000000e+03,2.723935698916514752e-03,1.080937173831961651e-04
2.323000000000000000e+03,5.235629916936159270e-03,1.492877343414277360e-04
2.324000000000000000e+03,2.322550709346930201e-03,9.574674698668287807e-05
2.325000000000000000e+03,4.410291909128427265e-03,1.298397907803881129e-04
2.326000000000000000e+03,4.052661814490953786e-03,1.294395920161346475e-04
2.327000000000000000e+03,7.826841774384181091e-03,1.774906258100581900e-04
2.328000000000000000e+03,1.943558184256156300e-03,9.023867423541798399e-05
2.329000000000000000e+03,3.662192470182975331e-03,1.206290140784630860e-04
2.330000000000000000e+03,3.264175204734007327e-03,1.158186799060281470e-04
2.331000000000000000e+03,6.433519036819537393e-03,1.657977435567994364e-04
2.332000000000000000e+03,2.910712837477525024e-03,1.094515847112337287e-04
2.333000000000000000e+03,5.569336343804995142e-03,1.475457483157675441e-04
2.334000000000000000e+03,5.170632151613632765e-03,1.474060022322548722e-04
2.335000000000000000e+03,1.012816274846593464e-02,2.041053571601964358e-04
2.336000000000000000e+03,1.654161623567342856e-03,8.152390315642671966e-05
2.337000000000000000e+03,3.124719751228888752e-03,1.073247592744229072e-04
2.338000000000000000e+03,2.644729290107885808e-03,1.001519209637721059e-04
2.339000000000000000e+03,5.182193465729554617e-03,1.450073100906209352e-04
2.340000000000000000e+03,2.236809478849172746e-03,9.294441204723335255e-05
2.341000000000000000e+03,4.235088434964418350e-03,1.262224598281348504e-04
2.342000000000000000e+03,3.847766371121009218e-03,1.230654581005826429e-04
2.343000000000000000e+03,7.442071844935417395e-03,1.752009252551338793e-04
2.344000000000000000e+03,1.762896294792493275e-03,8.157867419285341109e-05
2.345000000000000000e+03,3.375742542197306736e-03,1.110377648163076038e-04
2.346000000000000000e+03,2.965955754419167915e-03,1.062619736958992365e-04
2.347000000000000000e+03,5.964882062077522286e-03,1.600979893705426545e-04
2.348000000000000000e+03,2.569165756503741151e-03,9.897199597097439279e-05
2.349000000000000000e+03,5.033883755505084989e-03,1.432051436148219748e-04
2.350000000000000000e+03,4.516075195868810357e-03,1.359139649831491174e-04
2.351000000000000000e+03,9.110550752480824424e-03,2.018703124314675959e-04
2.352000000000000000e+03,1.587300957838694250e-03,7.160952953077698627e-05
2.353000000000000000e+03,3.079495686690012814e-03,1.032649107597562058e-04
2.354000000000000000e+03,2.604196924517551952e-03,9.280834610794652553e-05
2.355000000000000000e+03,5.146630473484595410e-03,1.398809154519001262e-04
2.356000000000000000e+03,2.276283147732416617e-03,9.228669059692298088e-05
2.357000000000000000e+03,4.404040886958440412e-03,1.343379557305141503e-04
2.358000000000000000e+03,4.004603386322657700e-03,1.230763317629588599e-04
2.359000000000000000e+03,7.749907875557740349e-03,1.792598425095584557e-04
2.360000000000000000e+03,1.943195809026559279e-03,8.877724780104585779e-05
2.361000000000000000e+03,3.722316152155399210e-03,1.244473853714249802e-04
2.362000000000000000e+03,3.403494727661212499e-03,1.253530099367315361e-04
2.363000000000000000e+03,6.694030345777670504e-03,1.787233873535202611e-04
2.364000000000000000e+03,3.069748536398013428e-03,1.194404004999292360e-04
2.365000000000000000e+03,5.864798970321814277e-03,1.659274272404282153e-04
2.366000000000000000e+03,5.488843672076861371e-03,1.643709845150485057e-04
2.367000000000000000e+03,1.067412226587534027e-02,2.276368134324472682e-04
2.368000000000000000e+03,1.602428856541713133e-03,7.006697265865913043e-05
2.369000000000000000e+03,3.064968672742446332e-03,9.872675299198807413e-05
2.370000000000000000e+03,2.562013430694739125e-03,8.859594702346740541e-05
2.371000000000000000e+03,5.048178173005580735e-03,1.331860131932700256e-04
2.372000000000000000e+03,2.178692066967487413e-03,8.563027924615329199e-05
2.373000000000000000e+03,4.169899287124474718e-03,1.201914763509519170e-04
2.374000000000000000e+03,3.635195600787798770e-03,1.110803979831510738e-04
2.375000000000000000e+03,7.085133947630723426e-03,1.612591567237743617e-04
2.376000000000000000e+03,1.840773460169633276e-03,8.104477282028414525e-05
2.377000000000000000e+03,3.418265452533960150e-03,1.107389007108177618e-04
2.378000000000000000e+03,3.014023540914058559e-03,1.097129800728401138e-04
2.379000000000000000e+03,5.855330055703719151e-03,1.582555560210052476e-04
2.380000000000000000e+03,2.618040377298990959e-03,1.013959831980420525e-04
2.381000000000000000e+03,5.018109561701615540e-03,1.398226152659619889e-04
2.382000000000000000e+03,4.458114508986472761e-03,1.335657098759757773e-04
2.383000000000000000e+03,8.769033663968245698e-03,1.908890779983453531e-04
2.384000000000000000e+03,1.600643710941076310e-03,6.842881456161263533e-05
2.385000000000000000e+03,3.043929164956013164e-03,1.006774070322864143e-04
2.386000000000000000e+03,2.530747392922640029e-03,8.420758275070774456e-05
2.387000000000000000e+03,5.031274818629026188e-03,1.371492494291964110e-04
2.388000000000000000e+03,2.218072666476170011e-03,8.791504514947659282e-05
2.389000000000000000e+03,4.223557581802209020e-03,1.237989295865538878e-04
2.390000000000000000e+03,3.785834086984395889e-03,1.146518323436457592e-04
2.391000000000000000e+03,7.365079840769369994e-03,1.689535112063637867e-04
2.392000000000000000e+03,1.862910629560550133e-03,7.938854498961178164e-05
2.393000000000000000e+03,3.546606937348842532e-03,1.144410406868124236e-04
2.394000000000000000e+03,3.090760172009467989e-03,1.023559997390118226e-04
2.395000000000000000e+03,6.204682304660479562e-03,1.630007294862652898e-04
2.396000000000000000e+03,2.807156960715850077e-03,1.050020278360128953e-04
2.397000000000000000e+03,5.316027442018191225e-03,1.442278875933706011e-04
2.398000000000000000e+03,4.972755658030510000e-03,1.455156043973105252e-04
2.399000000000000000e+03,9.645945122788350187e-03,2.044041929587118241e-04
2.400000000000000000e+03,1.621614690621693902e-03,8.254399246476581866e-05
2.401000000000000000e+03,3.072389173954725213e-03,1.120922082528665406e-04
2.402000000000000000e+03,2.651326955904563260e-03,1.025842315651783880e-04
2.403000000000000000e+03,5.055167992214362055e-03,1.429896936118241950e-04
2.404000000000000000e+03,2.258886756201585171e-03,9.789205035571679270e-05
2.405000000000000000e+03,4.200885162800550507e-03,1.304115968497140292e-04
2.406000000000000000e+03,3.808269064277410628e-03,1.224291450520745620e-04
2.407000000000000000e+03,7.175691732217868470e-03,1.691358428690813056e-04
2.408000000000000000e+03,1.890643394589424080e-03,9.935716554721148229e-05
2.409000000000000000e+03,3.422382579247156605e-03,1.230512409465854898e-04
2.410000000000000000e+03,2.975571017786860298e-03,1.151052392432579932e-04
2.411000000000000000e+03,5.868717970053355208e-03,1.636921518736483188e-04
2.412000000000000000e+03,2.752097493832309904e-03,1.192652988457202826e-04
2.413000000000000000e+03,5.067011506309111561e-03,1.512847039074171739e-04
2.414000000000000000e+03,4.613808332482973937e-03,1.451007331254273395e-04
2.415000000000000000e+03,9.029371529097359253e-03,2.054011627657827794e-04
2.416000000000000000e+03,1.714863757615288061e-03,8.503874719261663871e-05
2.417000000000000000e+03,3.194823690702518031e-03,1.125343670892771922e-04
2.418000000000000000e+03,2.713059320698181856e-03,1.063864120595898940e-04
2.419000000000000000e+03,5.238825569848219732e-03,1.499556180260960218e-04
2.420000000000000000e+03,2.372360835770765970e-03,9.981768718736046503e-05
2.421000000000000000e+03,4.528314944008985862e-03,1.372205511911279952e-04
2.422000000000000000e+03,4.033845649560292151e-03,1.281028526355620901e-04
2.423000000000000000e+03,7.809781339317560175e-03,1.833083347667016107e-04
2.424000000000000000e+03,2.070175258765617927e-03,9.615171514466459173e-05
2.425000000000000000e+03,3.857961961825688568e-03,1.277130171142714277e-04
2.426000000000000000e+03,3.441834320127964020e-03,1.266391897048340948e-04
2.427000000000000000e+03,6.669465099821488170e-03,1.761266198856490512e-04
2.428000000000000000e+03,3.021327682733535806e-03,1.149356974265538150e-04
2.429000000000000000e+03,5.732462711681922396e-03,1.554151549932706884e-04
2.430000000000000000e+03,5.420082994351784617e-03,1.586486462781922337e-04
2.431000000000000000e+03,1.057388430848717718e-02,2.211243814953844694e-04
2.432000000000000000e+03,1.586923624078432661e-03,7.661829934459642361e-05
2.433000000000000000e+03,2.960169783482948999e-03,1.007180792915821370e-04
2.434000000000000000e+03,2.533625343094269428e-03,9.322581299907979017e-05
2.435000000000000000e+03,4.851973593582709771e-03,1.317334522987464508e-04
2.436000000000000000e+03,2.153974571079015580e-03,8.685921078995779792e-05
2.437000000000000000e+03,4.087012719660997571e-03,1.230534962227118763e-04
2.438000000000000000e+03,3.675240783641735894e-03,1.162175205087311302e-04
2.439000000000000000e+03,6.979632236162821440e-03,1.634977543318624055e-04
2.440000000000000000e+03,1.798336834162473676e-03,8.309963626039072650e-05
2.441000000000000000e+03,3.281410460521777626e-03,1.087326982997533365e-04
2.442000000000000000e+03,2.836348742693662467e-03,1.016837526191935112e-04
2.443000000000000000e+03,5.496155919730663121e-03,1.456574882394044907e-04
2.444000000000000000e+03,2.611149993240833439e-03,9.966977788333222180e-05
2.445000000000000000e+03,4.938246210863192660e-03,1.405045186597738023e-04
2.446000000000000000e+03,4.402455582271020025e-03,1.298605023881338136e-04
2.447000000000000000e+03,8.631727731575567983e-03,1.880638331772574705e-04
2.448000000000000000e+03,1.586239422460397099e-03,7.299959799001144126e-05
2.449000000000000000e+03,2.986331216692924510e-03,1.005055888492841127e-04
2.450000000000000000e+03,2.506314043998718235e-03,9.158084612386906305e-05
2.451000000000000000e+03,4.867427876691023288e-03,1.332973927714720249e-04
2.452000000000000000e+03,2.224368872642517279e-03,8.897523106805183956e-05
2.453000000000000000e+03,4.243406807233889889e-03,1.278867363683707003e-04
2.454000000000000000e+03,3.690715731730063922e-03,1.128693476548661375e-04
2.455000000000000000e+03,7.291003560920556424e-03,1.680728603998161313e-04
2.456000000000000000e+03,1.922449818601210808e-03,9.502738802086818615e-05
2.457000000000000000e+03,3.669165277232726199e-03,1.294379262504623848e-04
2.458000000000000000e+03,3.108343763252099500e-03,1.154025439844345554e-04
2.459000000000000000e+03,6.163778556883335417e-03,1.653737524415361518e-04
2.460000000000000000e+03,2.893747506787379756e-03,1.117346305131823256e-04
2.461000000000000000e+03,5.613615646014611348e-03,1.601615802321892544e-04
2.462000000000000000e+03,4.935903158336877629e-03,1.456300759621968462e-04
2.463000000000000000e+03,9.887094840407371216e-03,2.129164810779321894e-04
2.464000000000000000e+03,1.562722309629122367e-03,7.773058386719187496e-05
2.465000000000000000e+03,2.968816754122575140e-03,1.024404103212889515e-04
2.466000000000000000e+03,2.585447564770778153e-03,1.071719662862172001e-04
2.467000000000000000e+03,4.984369905839363367e-03,1.445415934994765447e-04
2.468000000000000000e+03,2.183370469063520246e-03,9.617502111661906659e-05
2.469000000000000000e+03,4.255846245686213322e-03,1.388537113554812272e-04
2.470000000000000000e+03,3.731247751116752599e-03,1.256487005151852611e-04
2.471000000000000000e+03,7.350275100966294217e-03,1.825387108643936550e-04
2.472000000000000000e+03,1.840812974174817467e-03,9.139876171665200133e-05
2.473000000000000000e+03,3.433317919770876615e-03,1.188816393996339904e-04
2.474000000000000000e+03,2.983218778545657784e-03,1.175509669333032803e-04
2.475000000000000000e+03,5.818061851859093053e-03,1.620003912284798499e-04
2.476000000000000000e+03,2.636420707876483555e-03,1.037856396928533450e-04
2.477000000000000000e+03,5.078291763017574872e-03,1.547091386879128239e-04
2.478000000000000000e+03,4.561222734103600150e-03,1.420945447868851173e-04
2.479000000000000000e+03,9.023855459714930083e-03,2.089996456654157411e-04
2.480000000000000000e+03,1.636342878912885879e-03,7.798610631061412906e-05
2.481000000000000000e+03,3.119216945618391058e-03,1.106260733910371653e-04
2.482000000000000000e+03,2.499885719716548813e-03,9.304414026867454984e-05
2.483000000000000000e+03,4.962568042427301790e-03,1.396617528371826931e-04
2.484000000000000000e+03,2.289790224432945200e-03,9.488941730074351320e-05
2.485000000000000000e+03,4.548538228770097024e-03,1.482916431672476169e-04
2.486000000000000000e+03,3.856636346975962377e-03,1.296021046716336214e-04
2.487000000000000000e+03,7.666863388369480996e-03,1.902559982127309394e-04
2.488000000000000000e+03,1.948215027401844568e-03,8.979419784286756456e-05
2.489000000000000000e+03,3.802638963609933712e-03,1.250428256194823808e-04
2.490000000000000000e+03,3.191736321846644093e-03,1.140101466317190428e-04
2.491000000000000000e+03,6.388547223458687814e-03,1.657476574262014201e-04
2.492000000000000000e+03,2.938488701234261147e-03,1.111856274815467706e-04
2.493000000000000000e+03,5.818485158185163729e-03,1.633171305677780607e-04
2.494000000000000000e+03,5.206974475234747018e-03,1.529769022747387087e-04
2.495000000000000000e+03,1.026624588221311529e-02,2.176249673401733789e-04
2.496000000000000000e+03,1.548304028511047386e-03,7.553835744851945377e-05
2.497000000000000000e+03,3.009666411032279210e-03,1.009045101632065149e-04
2.498000000000000000e+03,2.418888654311497893e-03,8.685594144950633296e-05
2.499000000000000000e+03,4.738298923124869243e-03,1.284324206288152729e-04
2.500000000000000000e+03,2.078187733391920547e-03,8.600495184138324427e-05
2.501000000000000000e+03,4.006363813529412003e-03,1.192546166873249244e-04
2.502000000000000000e+03,3.485557556599378371e-03,1.114736531662987657e-04
2.503000000000000000e+03,6.786747466524442433e-03,1.594351212157938931e-04
2.504000000000000000e+03,1.734236112982034646e-03,8.046678180560607840e-05
2.505000000000000000e+03,3.241686534732580397e-03,1.070432902936482487e-04
2.506000000000000000e+03,2.814293557554483315e-03,1.023992829308419697e-04
2.507000000000000000e+03,5.453023399611314076e-03,1.488398492075724557e-04
2.508000000000000000e+03,2.573831737488508145e-03,1.009224948985711328e-04
2.509000000000000000e+03,4.859898453901211404e-03,1.396860842818614147e-04
2.510000000000000000e+03,4.289051668097575848e-03,1.292231180782407946e-04
2.511000000000000000e+03,8.461263064295053773e-03,1.900944989175629705e-04
2.512000000000000000e+03,1.566097501168648484e-03,7.061059252412906233e-05
2.513000000000000000e+03,2.948733184486627620e-03,9.793121752899586869e-05
2.514000000000000000e+03,2.515135311136643299e-03,9.625646658639660245e-05
2.515000000000000000e+03,4.845375217795371871e-03,1.403902288482199721e-04
2.516000000000000000e+03,2.211856557130813597e-03,9.508376901801660877e-05
2.517000000000000000e+03,4.175117807090282518e-03,1.300955728398682531e-04
2.518000000000000000e+03,3.708522307177384777e-03,1.255730480197289796e-04
2.519000000000000000e+03,7.115568816115459133e-03,1.767991402810883668e-04
2.520000000000000000e+03,1.850919868548711166e-03,8.394330522245486037e-05
2.521000000000000000e+03,3.481158401668071889e-03,1.123385319700860314e-04
2.522000000000000000e+03,3.061287763714790403e-03,1.110404473166377718e-04
2.523000000000000000e+03,6.028768122394879275e-03,1.651558820435647607e-04
2.524000000000000000e+03,2.894288301716248409e-03,1.156029962061071582e-04
2.525000000000000000e+03,5.448059082478284507e-03,1.552624985086594606e-04
2.526000000000000000e+03,4.940010635356108758e-03,1.496010511690432250e-04
2.527000000000000000e+03,9.586572487552961347e-03,2.149404603811199712e-04
2.528000000000000000e+03,1.632679979453484191e-03,8.087757610255822815e-05
2.529000000000000000e+03,3.121287253051996391e-03,1.153561803218934828e-04
2.530000000000000000e+03,2.562670841068029424e-03,1.023215961546511285e-04
2.531000000000000000e+03,4.896468209574619986e-03,1.452615316449859192e-04
2.532000000000000000e+03,2.176597574998934918e-03,9.629296772645276994e-05
2.533000000000000000e+03,4.252765145748853455e-03,1.429134126495290136e-04
2.534000000000000000e+03,3.699780862132708275e-03,1.280719082795789905e-04
2.535000000000000000e+03,7.212354569087425435e-03,1.854585245154763255e-04
2.536000000000000000e+03,1.802296138405799948e-03,8.407170917346333658e-05
2.537000000000000000e+03,3.456905415008465661e-03,1.204915811717836263e-04
2.538000000000000000e+03,2.936962368985017013e-03,1.116076884479428092e-04
2.539000000000000000e+03,5.798414668788512416e-03,1.643216248008234795e-04
2.540000000000000000e+03,2.588117747455835529e-03,1.045589875989499641e-04
2.541000000000000000e+03,5.142654076417287404e-03,1.572061834495677506e-04
2.542000000000000000e+03,4.519459932992855693e-03,1.420446767100609772e-04
2.543000000000000000e+03,8.970867835084597383e-03,2.104416589570165432e-04
2.544000000000000000e+03,1.623468004117409411e-03,7.663525560561690027e-05
2.545000000000000000e+03,3.083578618268171916e-03,1.045257536310105359e-04
2.546000000000000000e+03,2.554233923355738161e-03,9.874358636285405025e-05
2.547000000000000000e+03,4.956831867545843408e-03,1.399692377511439550e-04
2.548000000000000000e+03,2.240614338119824821e-03,9.306029676099974622e-05
2.549000000000000000e+03,4.420107886592547150e-03,1.361134626856204378e-04
2.550000000000000000e+03,3.877691605289777018e-03,1.259743272590486333e-04
2.551000000000000000e+03,7.576945896099010827e-03,1.844217027764632599e-04
2.552000000000000000e+03,1.902795327554146444e-03,8.281497462046387989e-05
2.553000000000000000e+03,3.776468589752912577e-03,1.200896217263380100e-04
2.554000000000000000e+03,3.314135187516609616e-03,1.187685524282348692e-04
2.555000000000000000e+03,6.617641694694757076e-03,1.788660618360878908e-04
2.556000000000000000e+03,2.979591704607010075e-03,1.143965673626627313e-04
2.557000000000000000e+03,5.916766306410233510e-03,1.681953659118597838e-04
2.558000000000000000e+03,5.514899511188268988e-03,1.639537804868697074e-04
2.559000000000000000e+03,1.077934075325727437e-02,2.400120977254858036e-04
2.560000000000000000e+03,1.496868047217528004e-03,7.099177700765198446e-05
2.561000000000000000e+03,2.937401341597239285e-03,9.975709674561023498e-05
2.562000000000000000e+03,2.345804251233736884e-03,9.070107109743507951e-05
2.563000000000000000e+03,4.667881227384010519e-03,1.321807289882310252e-04
2.564000000000000000e+03,2.053651716709137005e-03,8.650848530395893103e-05
2.565000000000000000e+03,3.988982315758863792e-03,1.196049325829195412e-04
2.566000000000000000e+03,3.454811795900265305e-03,1.148428328315796157e-04
2.567000000000000000e+03,6.659505647122860097e-03,1.588153335435336976e-04
2.568000000000000000e+03,1.552417389502127980e-03,6.845943387260492016e-05
2.569000000000000000e+03,3.091979448695977416e-03,1.027312420524348748e-04
2.570000000000000000e+03,2.569460003525018792e-03,9.230349849561768263e-05
2.571000000000000000e+03,5.253182525187730448e-03,1.415037539803991014e-04
2.572000000000000000e+03,2.469893735845883707e-03,9.790562570694700802e-05
2.573000000000000000e+03,4.826054546137650489e-03,1.480138059524688059e-04
2.574000000000000000e+03,4.186371838897466613e-03,1.254929164372863796e-04
2.575000000000000000e+03,8.390884603162606162e-03,1.926082281187616832e-04
2.576000000000000000e+03,1.470806095997492574e-03,7.402983486383154209e-05
2.577000000000000000e+03,2.828018276840448420e-03,1.046776945078905564e-04
2.578000000000000000e+03,2.331447679946820149e-03,9.111317987614430032e-05
2.579000000000000000e+03,4.732212572048108065e-03,1.418199836343424398e-04
2.580000000000000000e+03,2.139915453841288815e-03,9.352530411700189577e-05
2.581000000000000000e+03,4.137056441257397008e-03,1.314171452573409784e-04
2.582000000000000000e+03,3.567746637860933889e-03,1.194398313002293163e-04
2.583000000000000000e+03,7.064616930981476930e-03,1.708348803000895753e-04
2.584000000000000000e+03,1.788750568628311079e-03,8.477137425123352468e-05
2.585000000000000000e+03,3.494126521746317333e-03,1.235959360846623377e-04
2.586000000000000000e+03,2.876324405819177723e-03,1.023973101406561197e-04
2.587000000000000000e+03,5.904556964188813900e-03,1.598023467550678956e-04
2.588000000000000000e+03,2.714162184596061525e-03,1.053437028162204072e-04
2.589000000000000000e+03,5.373479021290938212e-03,1.537419650164855215e-04
2.590000000000000000e+03,4.750986453940470727e-03,1.380627547778591848e-04
2.591000000000000000e+03,9.443401436756053771e-03,2.020471946939187140e-04
2.592000000000000000e+03,1.446958875209093057e-03,7.071906718506232141e-05
2.593000000000000000e+03,2.835464820464452234e-03,9.953635689507155104e-05
2.594000000000000000e+03,2.258469236095746180e-03,8.639863551394231502e-05
2.595000000000000000e+03,4.533919983009497556e-03,1.289916507357833861e-04
2.596000000000000000e+03,1.983417694866657175e-03,8.998505512088044833e-05
2.597000000000000000e+03,3.896423389911651564e-03,1.219848094591419435e-04
2.598000000000000000e+03,3.432327510913212986e-03,1.157365159693064154e-04
2.599000000000000000e+03,6.733598648061354941e-03,1.635385378814066971e-04
2.600000000000000000e+03,1.590498740325371405e-03,7.242632534090379494e-05
2.601000000000000000e+03,3.115802532583475132e-03,1.087311397301705355e-04
2.602000000000000000e+03,2.616827275107304080e-03,9.551286628744834061e-05
2.603000000000000000e+03,5.411975970566272609e-03,1.522343560554675868e-04
2.604000000000000000e+03,2.352862171431382380e-03,9.058670511622987957e-05
2.605000000000000000e+03,4.661524363954862131e-03,1.348836081428172757e-04
2.606000000000000000e+03,4.222561585257450685e-03,1.257379918878000094e-04
2.607000000000000000e+03,8.412489381084839457e-03,1.892198694171255246e-04
2.608000000000000000e+03,1.466309743374586121e-03,7.307771105600595069e-05
2.609000000000000000e+03,2.815722595155238997e-03,9.987718843138275373e-05
2.610000000000000000e+03,2.311061667849620329e-03,8.800647088490613800e-05
2.611000000000000000e+03,4.637563412835200849e-03,1.323577221564885189e-04
2.612000000000000000e+03,2.074715146869421118e-03,8.613084908997979444e-05
2.613000000000000000e+03,4.049886143505573681e-03,1.240715027138791630e-04
2.614000000000000000e+03,3.586539922207593843e-03,1.130508098612847880e-04
2.615000000000000000e+03,7.118641193558772513e-03,1.713802811112587036e-04
2.616000000000000000e+03,1.720677912284930642e-03,7.466849009941084047e-05
2.617000000000000000e+03,3.402981764127810740e-03,1.106110158270486038e-04
2.618000000000000000e+03,3.029442483782768432e-03,1.060285674648546016e-04
2.619000000000000000e+03,6.023287556568781946e-03,1.585598707888769162e-04
2.620000000000000000e+03,2.696566117803255933e-03,1.025156021511068800e-04
2.621000000000000000e+03,5.391838118433952241e-03,1.516037457395419960e-04
2.622000000000000000e+03,4.956833334366480583e-03,1.417637940356591009e-04
2.623000000000000000e+03,9.799570899357398085e-03,2.093397811817335674e-04
2.624000000000000000e+03,1.427992127339045231e-03,6.701274163046339570e-05
2.625000000000000000e+03,2.787644116828838850e-03,9.495128270586703683e-05
2.626000000000000000e+03,2.318503639101982244e-03,8.656148402586436529e-05
2.627000000000000000e+03,4.585729090124369099e-03,1.293510547153021561e-04
2.628000000000000000e+03,1.976323625346024845e-03,8.212904792272085811e-05
2.629000000000000000e+03,3.850383606404066041e-03,1.179027984402498535e-04
2.630000000000000000e+03,3.387315274129311382e-03,1.085572557781380336e-04
2.631000000000000000e+03,6.566769586801529321e-03,1.558729643856954206e-04
2.632000000000000000e+03,1.600799247920513084e-03,7.169078902817046389e-05
2.633000000000000000e+03,3.067832805414994618e-03,1.007479569155709414e-04
2.634000000000000000e+03,2.596601433505614683e-03,9.197330923817347470e-05
2.635000000000000000e+03,5.229030213852723687e-03,1.435206984644426772e-04
2.636000000000000000e+03,2.391096711506446315e-03,9.207899922275786199e-05
2.637000000000000000e+03,4.584173056830962226e-03,1.322109296575209509e-04
2.638000000000000000e+03,4.071651149143775371e-03,1.201760008646001219e-04
2.639000000000000000e+03,8.028162838518619268e-03,1.808240417682078181e-04
2.640000000000000000e+03,1.418197168956200323e-03,7.256220028155493202e-05
2.641000000000000000e+03,2.779975730478763483e-03,1.018587729020615384e-04
2.642000000000000000e+03,2.335383652647336251e-03,9.711385441728435030e-05
2.643000000000000000e+03,4.680424389789501760e-03,1.409207135384142801e-04
2.644000000000000000e+03,2.093008750677108950e-03,9.587028997259430514e-05
2.645000000000000000e+03,3.969125116368135177e-03,1.283883393726800281e-04
2.646000000000000000e+03,3.649043543835480807e-03,1.312557353536563743e-04
2.647000000000000000e+03,7.014845951149860717e-03,1.775656184283492731e-04
2.648000000000000000e+03,1.730964389940102977e-03,7.922748549787626848e-05
2.649000000000000000e+03,3.351639040311177580e-03,1.134704947112377644e-04
2.650000000000000000e+03,2.872775668352842409e-03,1.043063092080929143e-04
2.651000000000000000e+03,5.778334585130214668e-03,1.576729303571037524e-04
2.652000000000000000e+03,2.684142386664947061e-03,1.069216716059561665e-04
2.653000000000000000e+03,5.278653670400381380e-03,1.532491890563024287e-04
2.654000000000000000e+03,4.675155407090981867e-03,1.421133144738842698e-04
2.655000000000000000e+03,9.313288759539524453e-03,2.077898710361820913e-04
2.656000000000000000e+03,1.443311983744303322e-03,6.849016758144492640e-05
2.657000000000000000e+03,2.778765096515417067e-03,9.533034070685607612e-05
2.658000000000000000e+03,2.315541535615920927e-03,8.957804674378915270e-05
2.659000000000000000e+03,4.578631054461002221e-03,1.304538789707933592e-04
2.660000000000000000e+03,1.996838630437851141e-03,8.895478413417645669e-05
2.661000000000000000e+03,3.901214066296815764e-03,1.231235138928412785e-04
2.662000000000000000e+03,3.479728688846031939e-03,1.193745513364370480e-04
2.663000000000000000e+03,6.824623774141073441e-03,1.672301233570482461e-04
2.664000000000000000e+03,1.620162181953589209e-03,7.550746248464798431e-05
2.665000000000000000e+03,3.092879648456971046e-03,1.032024542147081281e-04
2.666000000000000000e+03,2.665692981829245831e-03,9.717433772162527099e-05
2.667000000000000000e+03,5.454528918713331259e-03,1.507062515999662742e-04
2.668000000000000000e+03,2.409437441180149655e-03,9.790292261767961446e-05
2.669000000000000000e+03,4.642371384650468766e-03,1.371370467201080460e-04
2.670000000000000000e+03,4.263955471515655342e-03,1.316141251019075156e-04
2.671000000000000000e+03,8.409818873157103372e-03,1.921175011174766742e-04
2.672000000000000000e+03,1.487972241491079253e-03,7.251539821728083895e-05
2.673000000000000000e+03,2.849593926767508313e-03,1.029389981659403877e-04
2.674000000000000000e+03,2.488568988541761933e-03,9.956844952148087655e-05
2.675000000000000000e+03,4.783061787039041488e-03,1.371944219482078883e-04
2.676000000000000000e+03,2.170369160721699522e-03,9.903268441599718012e-05
2.677000000000000000e+03,4.124336842745542769e-03,1.324013692798088886e-04
2.678000000000000000e+03,3.739341131001710974e-03,1.263403997250368567e-04
2.679000000000000000e+03,7.172552075684070563e-03,1.732231592652857112e-04
2.680000000000000000e+03,1.708680884788433673e-03,8.181848737176837180e-05
2.681000000000000000e+03,3.408856030205885575e-03,1.144140183221200723e-04
2.682000000000000000e+03,3.143017539183298823e-03,1.270925692744028271e-04
2.683000000000000000e+03,6.268649887939294410e-03,1.791171444332544051e-04
2.684000000000000000e+03,2.825473830203215422e-03,1.164732381322610425e-04
2.685000000000000000e+03,5.470524117002884858e-03,1.572704020448751651e-04
2.686000000000000000e+03,5.066729519267876812e-03,1.577803558776747926e-04
2.687000000000000000e+03,9.881448985139528254e-03,2.196720214002359061e-04
2.688000000000000000e+03,1.458518584171930891e-03,7.353900737852730215e-05
2.689000000000000000e+03,2.887498372246821536e-03,1.034199224017693931e-04
2.690000000000000000e+03,2.323436677257219828e-03,8.865438043829242272e-05
2.691000000000000000e+03,4.657776838441689965e-03,1.358795491976316446e-04
2.692000000000000000e+03,2.039114480018615859e-03,9.294867316618341847e-05
2.693000000000000000e+03,3.858900079876184403e-03,1.255335520463737756e-04
2.694000000000000000e+03,3.414408628692229639e-03,1.156454987418024092e-04
2.695000000000000000e+03,6.614919171432654017e-03,1.686686515741976644e-04
2.696000000000000000e+03,1.568693493505318986e-03,8.078918971739637632e-05
2.697000000000000000e+03,3.093986986180146618e-03,1.113172472425610378e-04
2.698000000000000000e+03,2.607995655785004096e-03,1.005636675680445235e-04
2.699000000000000000e+03,5.243574016441901638e-03,1.479581723697177918e-04
2.700000000000000000e+03,2.485608041783173971e-03,1.065693645323108606e-04
2.701000000000000000e+03,4.703864939461151543e-03,1.450899143309042490e-04
2.702000000000000000e+03,4.177709967344999178e-03,1.318758605786278027e-04
2.703000000000000000e+03,8.115606373598177603e-03,1.902563093121986595e-04
2.704000000000000000e+03,1.477835068205992329e-03,7.311410611643289305e-05
2.705000000000000000e+03,2.853922424068053732e-03,1.100696128975179678e-04
2.706000000000000000e+03,2.378092104047536699e-03,9.123457416854573068e-05
2.707000000000000000e+03,4.782812910974025382e-03,1.478694833171035326e-04
2.708000000000000000e+03,2.131718079000711249e-03,9.213877724586877190e-05
2.709000000000000000e+03,4.090277484754721408e-03,1.355451930808054578e-04
2.710000000000000000e+03,3.549441688557465786e-03,1.168244050099492891e-04
2.711000000000000000e+03,7.019254487305879621e-03,1.786599507675634593e-04
2.712000000000000000e+03,1.688022453536589971e-03,8.119819956347933913e-05
2.713000000000000000e+03,3.336943088968594845e-03,1.212895365593123586e-04
2.714000000000000000e+03,2.898531283686558383e-03,1.074859771337648433e-04
2.715000000000000000e+03,5.786661274582147185e-03,1.605805378350649880e-04
2.716000000000000000e+03,2.703095158487558557e-03,1.087869149654547315e-04
2.717000000000000000e+03,5.214160358210404717e-03,1.559399006596892841e-04
2.718000000000000000e+03,4.607020916690429159e-03,1.386441671088773503e-04
2.719000000000000000e+03,9.101324927012125962e-03,2.035151653928975711e-04
2.720000000000000000e+03,1.486912330488363845e-03,7.313570250296203554e-05
2.721000000000000000e+03,2.730187738786141009e-03,9.439594579831690952e-05
2.722000000000000000e+03,2.298463283429543012e-03,9.031702333149282101e-05
2.723000000000000000e+03,4.468872534185647574e-03,1.313148569141983960e-04
2.724000000000000000e+03,1.970872798164685635e-03,9.461498943716087795e-05
2.725000000000000000e+03,3.791670210311810091e-03,1.280113256148100493e-04
2.726000000000000000e+03,3.375634383906920763e-03,1.198489082891713686e-04
2.727000000000000000e+03,6.537964064131180676e-03,1.703633673364209468e-04
2.728000000000000000e+03,1.657369061013062774e-03,8.106487718163271801e-05
2.729000000000000000e+03,2.988925655335187941e-03,1.029587618077694135e-04
2.730000000000000000e+03,2.770032537827888958e-03,1.103897676597842808e-04
2.731000000000000000e+03,5.329383947451909499e-03,1.584044926287772180e-04
2.732000000000000000e+03,2.411126818209886544e-03,1.041576972328463814e-04
2.733000000000000000e+03,4.563901531100273551e-03,1.418505127797249372e-04
2.734000000000000000e+03,4.242733704100052836e-03,1.387997080090945458e-04
2.735000000000000000e+03,8.221043343643347212e-03,1.978190313883242157e-04
2.736000000000000000e+03,1.450331533253192921e-03,7.015892706961363717e-05
2.737000000000000000e+03,2.705917386958996487e-03,1.010497474880090585e-04
2.738000000000000000e+03,2.297537228117386629e-03,8.689585647497639052e-05
2.739000000000000000e+03,4.604980260133743376e-03,1.389410559966238249e-04
2.740000000000000000e+03,2.146470866302649123e-03,9.703676289292084375e-05
2.741000000000000000e+03,4.060804217159747972e-03,1.350150698489408071e-04
2.742000000000000000e+03,3.644085081915060705e-03,1.224178968050393726e-04
2.743000000000000000e+03,7.040403053561846564e-03,1.769937409082059261e-04
2.744000000000000000e+03,1.720975435574849432e-03,7.933070655663287734e-05
2.745000000000000000e+03,3.277690723190705008e-03,1.130167485068905598e-04
2.746000000000000000e+03,3.030939441273609956e-03,1.188223989340006834e-04
2.747000000000000000e+03,6.028176238288482369e-03,1.732918035833576028e-04
2.748000000000000000e+03,2.723799788256486398e-03,1.061108134773873653e-04
2.749000000000000000e+03,5.235362811734279101e-03,1.526353925119194291e-04
2.750000000000000000e+03,4.905576415459314554e-03,1.469666937065739029e-04
2.751000000000000000e+03,9.536441944291193518e-03,2.121332362556592520e-04
2.752000000000000000e+03,1.347865565915902421e-03,5.917006019704128511e-05
2.753000000000000000e+03,2.607391971598069062e-03,8.746641457218644116e-05
2.754000000000000000e+03,2.170637275576591495e-03,8.355545036579242486e-05
2.755000000000000000e+03,4.327346708277860984e-03,1.242182795459477191e-04
2.756000000000000000e+03,1.801507636904716401e-03,7.469796318473052085e-05
2.757000000000000000e+03,3.567255725810925329e-03,1.115509073930331355e-04
2.758000000000000000e+03,3.215716430346170999e-03,1.094891506675826394e-04
2.759000000000000000e+03,6.224159327248732394e-03,1.549768770637319725e-04
2.760000000000000000e+03,1.531116415609915958e-03,7.263226889218537847e-05
2.761000000000000000e+03,2.875090849995613242e-03,9.824012667836141228e-05
2.762000000000000000e+03,2.537224304427703348e-03,9.582539579090921372e-05
2.763000000000000000e+03,5.038839325358470018e-03,1.458243262530391432e-04
2.764000000000000000e+03,2.346743038296699672e-03,9.472923908214909159e-05
2.765000000000000000e+03,4.395741093854109265e-03,1.305422226505766710e-04
2.766000000000000000e+03,4.058546046614646720e-03,1.272517914587269986e-04
2.767000000000000000e+03,7.839202082057794563e-03,1.847399798913590071e-04
2.768000000000000000e+03,1.354375935494899754e-03,6.264900210572357082e-05
2.769000000000000000e+03,2.670207123557726513e-03,9.811257009851525560e-05
2.770000000000000000e+03,2.184622454792260922e-03,8.118899745113436559e-05
2.771000000000000000e+03,4.450774278938769875e-03,1.327355709560456892e-04
2.772000000000000000e+03,1.915148954242467793e-03,8.245227452164132951e-05
2.773000000000000000e+03,3.733326076567173094e-03,1.201530145166280659e-04
2.774000000000000000e+03,3.348605041007200831e-03,1.111760692039837376e-04
2.775000000000000000e+03,6.625322854419549330e-03,1.689672123525116703e-04
2.776000000000000000e+03,1.674471702575683688e-03,7.889607239870894718e-05
2.777000000000000000e+03,3.214177629699309542e-03,1.124546087647155894e-04
2.778000000000000000e+03,2.810425650874773858e-03,1.024081625009681389e-04
2.779000000000000000e+03,5.654184577614069021e-03,1.577818995012106437e-04
2.780000000000000000e+03,2.613206573873758272e-03,1.028769090489423181e-04
2.781000000000000000e+03,4.997779108633597714e-03,1.448334598795712736e-04
2.782000000000000000e+03,4.588933239330848443e-03,1.380646222842982533e-04
2.783000000000000000e+03,9.090934057831763851e-03,2.075091302118570928e-04
2.784000000000000000e+03,1.368465988238652502e-03,6.619884233833771769e-05
2.785000000000000000e+03,2.696855325400829284e-03,9.733247223785325549e-05
2.786000000000000000e+03,2.229989692866802056e-03,8.795659386117523802e-05
2.787000000000000000e+03,4.374824994305769911e-03,1.299681154978937195e-04
2.788000000000000000e+03,1.831787799745798100e-03,7.908450734855447517e-05
2.789000000000000000e+03,3.588812895615895501e-03,1.137840548439771992e-04
2.790000000000000000e+03,3.180093441804250024e-03,1.055412320525960629e-04
2.791000000000000000e+03,6.214886288146178120e-03,1.531567732453723496e-04
2.792000000000000000e+03,1.615208714604377763e-03,7.944415955116151506e-05
2.793000000000000000e+03,3.004107355872790222e-03,1.046635332159547450e-04
2.794000000000000000e+03,2.615204917987187880e-03,1.009770955145302372e-04
2.795000000000000000e+03,5.251062027911345027e-03,1.534978305495101323e-04
2.796000000000000000e+03,2.299547100166479587e-03,9.441362289237996094e-05
2.797000000000000000e+03,4.437724487930535915e-03,1.337357355673041755e-04
2.798000000000000000e+03,4.078541828592617893e-03,1.326398865736973113e-04
2.799000000000000000e+03,8.045119372953971407e-03,1.926810064010977988e-04
2.800000000000000000e+03,1.484919766386349907e-03,7.446467963770288419e-05
2.801000000000000000e+03,2.819687226017316382e-03,1.090684664343648393e-04
2.802000000000000000e+03,2.319255589246750019e-03,9.017764017555427814e-05
2.803000000000000000e+03,4.633844420115153413e-03,1.412663648849257401e-04
2.804000000000000000e+03,2.061672141104936400e-03,9.105806252108784296e-05
2.805000000000000000e+03,3.961005621800820116e-03,1.316025628141359854e-04
2.806000000000000000e+03,3.589155142257610762e-03,1.189821399145141721e-04
2.807000000000000000e+03,7.016861945192019376e-03,1.809947256662377613e-04
2.808000000000000000e+03,1.803382928967475936e-03,9.030586279141022640e-05
2.809000000000000000e+03,3.423669994970162528e-03,1.231345550372469071e-04
2.810000000000000000e+03,3.102539555132388920e-03,1.195998367750238285e-04
2.811000000000000000e+03,6.124850614915291688e-03,1.782602702634587387e-04
2.812000000000000000e+03,2.847088882873455556e-03,1.193939354175605356e-04
2.813000000000000000e+03,5.327019510219494804e-03,1.606051479049145779e-04
2.814000000000000000e+03,5.088222697277863804e-03,1.581149199407882577e-04
2.815000000000000000e+03,9.824592928340036835e-03,2.276463032856229022e-04
2.816000000000000000e+03,1.325710256447394696e-03,5.971019100030621770e-05
2.817000000000000000e+03,2.674392282962799287e-03,9.848709814714592210e-05
2.818000000000000000e+03,2.165134538114071080e-03,8.100323601175751093e-05
2.819000000000000000e+03,4.377425915996233617e-03,1.302249177067177116e-04
2.820000000000000000e+03,1.920587094823519338e-03,8.631730587843346972e-05
2.821000000000000000e+03,3.649171803494294635e-03,1.181191306321611469e-04
2.822000000000000000e+03,3.240275413642326914e-03,1.120146921693531127e-04
2.823000000000000000e+03,6.213832354744275484e-03,1.580444668821791375e-04
2.824000000000000000e+03,1.529630791048208847e-03,7.792521867651821491e-05
2.825000000000000000e+03,2.882494208117326092e-03,1.056766964010080636e-04
2.826000000000000000e+03,2.514332414915164491e-03,9.530566647255150057e-05
2.827000000000000000e+03,4.903117854744195800e-03,1.383655193934230402e-04
2.828000000000000000e+03,2.357155688703059960e-03,9.583442595721548113e-05
2.829000000000000000e+03,4.345593448082605767e-03,1.313537943263688550e-04
2.830000000000000000e+03,4.042295289734999450e-03,1.279613280873119333e-04
2.831000000000000000e+03,7.694378596991300993e-03,1.799041400447342362e-04
2.832000000000000000e+03,1.430329867402712523e-03,6.995355560147137797e-05
2.833000000000000000e+03,2.694137173245350451e-03,1.001874817229365461e-04
2.834000000000000000e+03,2.282440308382113845e-03,9.165750202210644186e-05
2.835000000000000000e+03,4.448969012995560891e-03,1.331481233762260173e-04
2.836000000000000000e+03,2.040705587714910455e-03,9.025150305518075044e-05
2.837000000000000000e+03,3.726702227095762907e-03,1.188679382558244463e-04
2.838000000000000000e+03,3.449747742662827039e-03,1.146647764882500532e-04
2.839000000000000000e+03,6.566534776190916835e-03,1.622438954996582167e-04
2.840000000000000000e+03,1.694023727079232555e-03,8.490668190511022149e-05
2.841000000000000000e+03,3.277770680586497044e-03,1.186663042342039562e-04
2.842000000000000000e+03,2.883086770375569742e-03,1.102064541830126323e-04
2.843000000000000000e+03,5.683600570460160470e-03,1.596661550245176496e-04
2.844000000000000000e+03,2.653386259724696376e-03,1.085403673089652268e-04
2.845000000000000000e+03,4.956284799128771006e-03,1.454834226839926952e-04
2.846000000000000000e+03,4.570257729142904353e-03,1.401265848259163386e-04
2.847000000000000000e+03,8.928631642311810751e-03,2.013789570421446664e-04
2.848000000000000000e+03,1.495461195061604251e-03,8.792205254670403783e-05
2.849000000000000000e+03,2.723815612296263261e-03,1.043097963031636198e-04
2.850000000000000000e+03,2.248708317478497788e-03,9.585503350756112895e-05
2.851000000000000000e+03,4.296545597910881101e-03,1.310532401664781833e-04
2.852000000000000000e+03,2.090642662495374726e-03,1.041895987090603575e-04
2.853000000000000000e+03,3.790197755644718596e-03,1.302323303217821436e-04
2.854000000000000000e+03,3.322926361362139348e-03,1.205281167556492385e-04
2.855000000000000000e+03,6.331487688521543825e-03,1.656858179184701730e-04
2.856000000000000000e+03,1.634143267720937660e-03,7.943529014757758230e-05
2.857000000000000000e+03,3.037031352221965935e-03,1.085853235478331563e-04
2.858000000000000000e+03,2.524276552846034354e-03,9.399554596239907992e-05
2.859000000000000000e+03,5.095556905766328477e-03,1.475846184348469274e-04
2.860000000000000000e+03,2.422882315268119237e-03,1.064023317845836687e-04
2.861000000000000000e+03,4.504902982413769123e-03,1.412433451779519116e-04
2.862000000000000000e+03,4.054585140297810135e-03,1.314145898980600047e-04
2.863000000000000000e+03,7.959231440077225300e-03,1.910864285267657823e-04
2.864000000000000000e+03,1.484676528473695021e-03,7.781270115370719016e-05
2.865000000000000000e+03,2.749419609159231212e-03,1.083994485311250052e-04
2.866000000000000000e+03,2.384497000873088673e-03,9.775700215997093869e-05
2.867000000000000000e+03,4.556200777739286001e-03,1.418700552682494720e-04
2.868000000000000000e+03,2.148979381670554616e-03,9.577271716984029595e-05
2.869000000000000000e+03,3.926612760772307462e-03,1.299061364751447154e-04
2.870000000000000000e+03,3.604211394439141031e-03,1.215190824855932254e-04
2.871000000000000000e+03,6.832306979745626438e-03,1.746846766797911766e-04
2.872000000000000000e+03,1.765192819436391201e-03,8.604792014254471623e-05
2.873000000000000000e+03,3.311546352406342670e-03,1.198969936080590624e-04
2.874000000000000000e+03,2.938596152911583485e-03,1.108651718987395900e-04
2.875000000000000000e+03,5.723064331511656597e-03,1.600873764766228534e-04
2.876000000000000000e+03,2.695776341656843864e-03,1.091050054163163820e-04
2.877000000000000000e+03,5.039528573254744605e-03,1.485788366001420399e-04
2.878000000000000000e+03,4.759809657633304845e-03,1.453166666769658459e-04
2.879000000000000000e+03,9.268815317153931282e-03,2.089945953615201190e-04
2.880000000000000000e+03,1.349904348899920751e-03,6.293999696245427080e-05
2.881000000000000000e+03,2.631679788331190741e-03,1.001403639442581805e-04
2.882000000000000000e+03,2.158274103601773384e-03,8.407570734770488817e-05
2.883000000000000000e+03,4.268944052904843911e-03,1.284625991593493094e-04
2.884000000000000000e+03,1.889125920881827569e-03,8.372315990055694511e-05
2.885000000000000000e+03,3.593919451932112499e-03,1.190724415098963522e-04
2.886000000000000000e+03,3.182144804845253843e-03,1.080104135745085201e-04
2.887000000000000000e+03,6.123345191578069904e-03,1.551397015289544411e-04
2.888000000000000000e+03,1.537088417609532714e-03,7.324377124719725404e-05
2.889000000000000000e+03,2.909321998506784503e-03,1.045511819225855256e-04
2.890000000000000000e+03,2.541832973062992107e-03,1.004363254618430214e-04
2.891000000000000000e+03,4.996408200363317877e-03,1.509352015691793343e-04
2.892000000000000000e+03,2.398990153719981339e-03,1.004338249060615277e-04
2.893000000000000000e+03,4.391469370126723816e-03,1.377511792602997766e-04
2.894000000000000000e+03,3.913522066374620217e-03,1.230830909333748848e-04
2.895000000000000000e+03,7.565180056641499125e-03,1.826040273555346418e-04
2.896000000000000000e+03,1.413206664522488869e-03,7.007075793128337996e-05
2.897000000000000000e+03,2.692528639783461908e-03,1.050096272824580158e-04
2.898000000000000000e+03,2.252086330205202089e-03,9.118592868138788250e-05
2.899000000000000000e+03,4.355212299625078887e-03,1.347883162054268845e-04
2.900000000000000000e+03,1.945036604156096709e-03,8.597912803191686698e-05
2.901000000000000000e+03,3.662201912403106538e-03,1.206309283431706897e-04
2.902000000000000000e+03,3.291387899319331029e-03,1.124657566950716615e-04
2.903000000000000000e+03,6.338233754336833857e-03,1.616223746947068399e-04
2.904000000000000000e+03,1.636669590969880338e-03,8.000921305174650501e-05
2.905000000000000000e+03,3.174441114366054455e-03,1.152922485110709542e-04
2.906000000000000000e+03,2.757658522576093580e-03,1.055112128809338417e-04
2.907000000000000000e+03,5.417661830832560567e-03,1.536570387497841121e-04
2.908000000000000000e+03,2.517137003789345594e-03,1.031523127786706709e-04
2.909000000000000000e+03,4.883656389862298802e-03,1.500829379063639329e-04
2.910000000000000000e+03,4.304595766961574581e-03,1.316944393463874126e-04
2.911000000000000000e+03,8.518533221135536973e-03,1.944003872674090680e-04
2.912000000000000000e+03,1.404172447870174947e-03,7.068471322417103702e-05
2.913000000000000000e+03,2.745745411962270677e-03,1.030627596312756576e-04
2.914000000000000000e+03,2.214877431939045373e-03,9.010323916233113509e-05
2.915000000000000000e+03,4.348733517378568399e-03,1.304686428264429667e-04
2.916000000000000000e+03,1.928389118413130401e-03,9.266442621366283898e-05
2.917000000000000000e+03,3.711389631628990264e-03,1.247525383154136761e-04
2.918000000000000000e+03,3.205301480889320362e-03,1.162517760497568277e-04
2.919000000000000000e+03,6.310135180701811723e-03,1.641161461228125655e-04
2.920000000000000000e+03,1.612257645527521814e-03,8.021885630394758667e-05
2.921000000000000000e+03,3.038673805395762217e-03,1.085225565605541697e-04
2.922000000000000000e+03,2.539753316889206778e-03,9.663971075603931793e-05
2.923000000000000000e+03,5.091990449627240185e-03,1.477750500260803111e-04
2.924000000000000000e+03,2.329644786417484157e-03,1.011125123674795021e-04
2.925000000000000000e+03,4.451308828443288970e-03,1.372960214768665038e-04
2.926000000000000000e+03,4.051039422700802514e-03,1.406829367536297632e-04
2.927000000000000000e+03,7.934189852823814518e-03,1.961565235674119021e-04
2.928000000000000000e+03,1.373928993294636384e-03,6.529146343881524596e-05
2.929000000000000000e+03,2.620920141885677793e-03,9.252893995224248380e-05
2.930000000000000000e+03,2.174997187058130832e-03,8.302323595454783262e-05
2.931000000000000000e+03,4.354263161967198044e-03,1.268776454848352989e-04
2.932000000000000000e+03,1.930567673295736225e-03,8.478504966863557358e-05
2.933000000000000000e+03,3.685574585000673826e-03,1.153652087127661767e-04
2.934000000000000000e+03,3.392247989972432300e-03,1.190510157644453411e-04
2.935000000000000000e+03,6.658086080849170800e-03,1.667074576802824956e-04
2.936000000000000000e+03,1.733142917901277572e-03,8.357631147513973498e-05
2.937000000000000000e+03,3.309294918974240406e-03,1.138298531936312479e-04
2.938000000000000000e+03,2.937209172447522495e-03,1.104239461985147454e-04
2.939000000000000000e+03,5.793147113819917260e-03,1.601074111853551234e-04
2.940000000000000000e+03,2.583116806497176652e-03,1.015987843472274652e-04
2.941000000000000000e+03,5.040529211858908211e-03,1.440580963799898675e-04
2.942000000000000000e+03,4.754647352943818135e-03,1.443325405785176859e-04
2.943000000000000000e+03,9.338454516927401430e-03,2.054202428323901502e-04
2.944000000000000000e+03,1.361043935020764739e-03,6.829946957275415229e-05
2.945000000000000000e+03,2.618881419052680130e-03,9.314695523515354228e-05
2.946000000000000000e+03,2.174592111011346314e-03,8.517973608572953831e-05
2.947000000000000000e+03,4.375273607571919694e-03,1.313449053322737834e-04
2.948000000000000000e+03,1.840822233706712824e-03,8.248360563204505972e-05
2.949000000000000000e+03,3.498263224015633454e-03,1.143434870794153883e-04
2.950000000000000000e+03,3.164837185343106520e-03,1.194153042586868700e-04
2.951000000000000000e+03,6.119222249786058707e-03,1.632620179275871863e-04
2.952000000000000000e+03,1.503192190428574802e-03,7.339010267628822131e-05
2.953000000000000000e+03,2.828700621028741417e-03,9.867181662351172324e-05
2.954000000000000000e+03,2.405667633513609415e-03,9.005630186595715045e-05
2.955000000000000000e+03,4.835624155501525023e-03,1.376833498262232359e-04
2.956000000000000000e+03,2.250654319872458752e-03,9.451723356309141028e-05
2.957000000000000000e+03,4.287993792643149393e-03,1.360947672178280477e-04
2.958000000000000000e+03,3.854153670022885184e-03,1.232874616350142325e-04
2.959000000000000000e+03,7.531881163467963811e-03,1.801940073609441869e-04
2.960000000000000000e+03,1.311631644268830511e-03,6.486860663245407109e-05
2.961000000000000000e+03,2.592222285568714004e-03,9.474214441686084362e-05
2.962000000000000000e+03,2.221944271574417904e-03,9.071998864537115950e-05
2.963000000000000000e+03,4.436823118925094928e-03,1.393884636761759876e-04
2.964000000000000000e+03,1.895332013666629683e-03,8.510830098200915814e-05
2.965000000000000000e+03,3.617782105902830718e-03,1.176749207263965720e-04
2.966000000000000000e+03,3.375151778161525513e-03,1.212886937853176292e-04
2.967000000000000000e+03,6.552302272021770860e-03,1.716902817844762638e-04
2.968000000000000000e+03,1.696259602755308214e-03,8.834466836992604802e-05
2.969000000000000000e+03,3.218731730878352914e-03,1.164122288078925371e-04
2.970000000000000000e+03,2.739119243671496538e-03,1.063225240323112267e-04
2.971000000000000000e+03,5.513169444551070490e-03,1.570700195001785025e-04
2.972000000000000000e+03,2.499697573632002085e-03,1.032644795598535174e-04
2.973000000000000000e+03,4.821497708559036206e-03,1.458372112537644882e-04
2.974000000000000000e+03,4.392380430102348250e-03,1.395504738415767924e-04
2.975000000000000000e+03,8.594620467374722989e-03,1.982172749604576038e-04
2.976000000000000000e+03,1.333875931153694723e-03,7.198025809137896915e-05
2.977000000000000000e+03,2.607416722675164489e-03,9.836416047698277193e-05
2.978000000000000000e+03,2.193406004309654371e-03,9.370691952585388394e-05
2.979000000000000000e+03,4.327621849874655272e-03,1.334700277243678669e-04
2.980000000000000000e+03,1.843824101934830352e-03,8.730883655932919951e-05
2.981000000000000000e+03,3.557224637418985539e-03,1.225397831776315661e-04
2.982000000000000000e+03,3.246602949251731381e-03,1.194604104689285387e-04
2.983000000000000000e+03,6.182413004736105923e-03,1.637769474233575389e-04
2.984000000000000000e+03,1.558149984478950393e-03,8.739301600486572188e-05
2.985000000000000000e+03,2.932402604073285936e-03,1.127473649393468861e-04
2.986000000000000000e+03,2.521769671936830055e-03,1.041537800039245314e-04
2.987000000000000000e+03,5.003371331294377729e-03,1.490651103824868254e-04
2.988000000000000000e+03,2.266577990551789552e-03,1.023689394076120088e-04
2.989000000000000000e+03,4.401938191701968740e-03,1.451903687448118227e-04
2.990000000000000000e+03,3.974049387375513942e-03,1.314546331823168864e-04
2.991000000000000000e+03,7.819513521840175396e-03,1.931222174494120179e-04
2.992000000000000000e+03,1.378863907506068477e-03,6.965941845324470270e-05
2.993000000000000000e+03,2.682262240648269468e-03,1.028574144401673868e-04
2.994000000000000000e+03,2.232330537984768531e-03,8.978236707313179388e-05
2.995000000000000000e+03,4.449047837505737749e-03,1.343505361555033897e-04
2.996000000000000000e+03,1.952667620480060505e-03,8.930340021336389568e-05
2.997000000000000000e+03,3.725987450977166684e-03,1.256008067997083034e-04
2.998000000000000000e+03,3.432610873430967310e-03,1.225210548954243622e-04
2.999000000000000000e+03,6.573658102850119499e-03,1.703342490154619634e-04
3.000000000000000000e+03,1.577426580091317474e-03,7.623420392145342892e-05
3.001000000000000000e+03,3.111835854599873368e-03,1.149320747393344758e-04
3.002000000000000000e+03,2.742447919249534419e-03,1.052510537220271107e-04
3.003000000000000000e+03,5.561888954738775960e-03,1.613713531886044178e-04
3.004000000000000000e+03,2.450141228189071235e-03,1.017166021381434910e-04
3.005000000000000000e+03,4.832734642575184890e-03,1.518684864782343950e-04
3.006000000000000000e+03,4.541586348017056379e-03,1.433806237361032123e-04
3.007000000000000000e+03,8.940681968082984238e-03,2.098750465652321582e-04
3.008000000000000000e+03,1.317075075109799690e-03,7.493612155628476116e-05
3.009000000000000000e+03,2.461866002629200731e-03,9.786432679130535736e-05
3.010000000000000000e+03,2.188601503670215432e-03,1.035456389331719263e-04
3.011000000000000000e+03,4.240083535263935999e-03,1.395086141878726729e-04
3.012000000000000000e+03,1.901534478118022250e-03,1.013233427865787499e-04
3.013000000000000000e+03,3.438329062610864795e-03,1.244811958514253176e-04
3.014000000000000000e+03,3.273902754932641983e-03,1.312814406369242656e-04
3.015000000000000000e+03,6.022329012950261400e-03,1.678870243413336095e-04
3.016000000000000000e+03,1.530706453025340932e-03,8.807665218526355977e-05
3.017000000000000000e+03,2.798890591512123629e-03,1.092168075791172325e-04
3.018000000000000000e+03,2.419066262890895349e-03,1.027350414028184276e-04
3.019000000000000000e+03,4.798745707968871121e-03,1.498624737034359700e-04
3.020000000000000000e+03,2.258720504492521194e-03,1.021638592439531737e-04
3.021000000000000000e+03,4.208938854783773019e-03,1.396635153276365145e-04
3.022000000000000000e+03,3.854281502614418601e-03,1.316505872828146659e-04
3.023000000000000000e+03,7.434005182981490677e-03,1.875159021065759049e-04
3.024000000000000000e+03,1.324563256998856830e-03,6.883781445479455953e-05
3.025000000000000000e+03,2.517541552136341731e-03,9.621650300240848497e-05
3.026000000000000000e+03,2.115070908367633860e-03,8.728029418105940002e-05
3.027000000000000000e+03,4.237285122573375418e-03,1.311519730605261488e-04
3.028000000000000000e+03,1.906583097626765502e-03,8.807969823262080489e-05
3.029000000000000000e+03,3.568346569389104894e-03,1.212905077819221948e-04
3.030000000000000000e+03,3.196189735134442791e-03,1.095139908802978231e-04
3.031000000000000000e+03,6.152807485262552951e-03,1.610253477748124448e-04
3.032000000000000000e+03,1.688212217638889899e-03,8.552954817176237738e-05
3.033000000000000000e+03,3.114169268459081753e-03,1.132523155808812167e-04
3.034000000000000000e+03,2.620021577477455333e-03,1.012476684132404753e-04
3.035000000000000000e+03,5.231250714808702469e-03,1.516487865834301131e-04
3.036000000000000000e+03,2.484657165457804934e-03,1.052441785331253196e-04
3.037000000000000000e+03,4.674291976441940014e-03,1.436836729024414496e-04
3.038000000000000000e+03,4.193615516771873053e-03,1.321023517118540751e-04
3.039000000000000000e+03,8.204381040334701031e-03,1.938099535128613878e-04
3.040000000000000000e+03,1.356097826113303534e-03,6.868190922924041590e-05
3.041000000000000000e+03,2.537900612751642880e-03,9.162901468312037413e-05
3.042000000000000000e+03,2.170875790516535540e-03,9.377542108879442404e-05
3.043000000000000000e+03,4.171600206047296547e-03,1.311126716042424216e-04
3.044000000000000000e+03,1.825307974616686589e-03,8.544914406251434699e-05
3.045000000000000000e+03,3.476397890696922895e-03,1.162673049899074645e-04
3.046000000000000000e+03,3.103728404045105142e-03,1.110033638523270325e-04
3.047000000000000000e+03,5.921285645316044614e-03,1.562873334016024037e-04
3.048000000000000000e+03,1.514344950169324881e-03,7.600842347555214549e-05
3.049000000000000000e+03,2.805051582405964413e-03,1.007136388704312310e-04
3.050000000000000000e+03,2.509910047600666643e-03,1.018007292461311272e-04
3.051000000000000000e+03,4.896175614198049197e-03,1.497884428100571864e-04
3.052000000000000000e+03,2.216302044292291044e-03,9.377362277364737441e-05
3.053000000000000000e+03,4.231420041918754552e-03,1.333496263938124436e-04
3.054000000000000000e+03,3.910114720364411475e-03,1.286182354055130563e-04
3.055000000000000000e+03,7.618935914238293867e-03,1.897160785226896908e-04
3.056000000000000000e+03,1.423971702307462624e-03,7.701332547118535179e-05
3.057000000000000000e+03,2.617736189315716597e-03,9.877460450700485087e-05
3.058000000000000000e+03,2.273850105255842240e-03,9.553858114806389526e-05
3.059000000000000000e+03,4.365548455218474372e-03,1.356264747827133535e-04
3.060000000000000000e+03,2.020552161236604041e-03,9.224704640267946862e-05
3.061000000000000000e+03,3.717726792295773883e-03,1.225115122770383685e-04
3.062000000000000000e+03,3.489505146741866872e-03,1.217111346428657729e-04
3.063000000000000000e+03,6.660743143459161436e-03,1.764681051020896478e-04
3.064000000000000000e+03,1.693995538651943151e-03,7.990142189838137659e-05
3.065000000000000000e+03,3.240610835005839751e-03,1.135474743512866324e-04
3.066000000000000000e+03,2.937952905843655479e-03,1.181222776964651255e-04
3.067000000000000000e+03,5.810743581900993694e-03,1.738781327523616254e-04
3.068000000000000000e+03,2.548607659190893319e-03,1.036503363108902409e-04
3.069000000000000000e+03,4.936990183691183399e-03,1.485590873546371535e-04
3.070000000000000000e+03,4.650612791428963312e-03,1.500677466404629014e-04
3.071000000000000000e+03,9.146880327661833024e-03,2.169842432586387994e-04
3.072000000000000000e+03,1.283313739250103525e-03,6.131296293414967942e-05
3.073000000000000000e+03,2.518358095238606119e-03,9.371072074616511142e-05
3.074000000000000000e+03,2.131787904103597114e-03,8.750613654489592644e-05
3.075000000000000000e+03,4.208775591552257368e-03,1.324701472462160717e-04
3.076000000000000000e+03,1.772981586406628196e-03,7.575029418506791935e-05
3.077000000000000000e+03,3.291719503551721396e-03,1.051096819347240209e-04
3.078000000000000000e+03,3.092076981564362802e-03,1.083477197482259286e-04
3.079000000000000000e+03,5.752012927532195938e-03,1.496320590079212908e-04
3.080000000000000000e+03,1.414052865207195229e-03,6.630121319310479963e-05
3.081000000000000000e+03,2.731175038367509873e-03,9.946860450306974294e-05
3.082000000000000000e+03,2.338433715651432650e-03,9.085368379852814158e-05
3.083000000000000000e+03,4.681475197970867176e-03,1.406408009669610052e-04
3.084000000000000000e+03,2.214256375531355528e-03,9.506949983078981554e-05
3.085000000000000000e+03,4.162784983217716547e-03,1.368780170449200269e-04
3.086000000000000000e+03,3.820400891949733094e-03,1.281636300714282853e-04
3.087000000000000000e+03,7.367874832948049027e-03,1.854105290720849456e-04
3.088000000000000000e+03,1.310227560351292240e-03,6.252578058639936666e-05
3.089000000000000000e+03,2.447052254329124942e-03,8.684015693160601786e-05
3.090000000000000000e+03,2.161543530573447735e-03,9.060492068747615687e-05
3.091000000000000000e+03,4.112705665975808708e-03,1.261347432087658199e-04
3.092000000000000000e+03,1.854589833418528221e-03,8.105610482925736690e-05
3.093000000000000000e+03,3.377520531465609977e-03,1.074730506128816895e-04
3.094000000000000000e+03,3.257537665615478986e-03,1.189424686527098071e-04
3.095000000000000000e+03,6.100215299030145241e-03,1.577907000045705493e-04
3.096000000000000000e+03,1.469330891221761783e-03,6.767999536675329468e-05
3.097000000000000000e+03,2.899272086868683301e-03,9.889231808649953756e-05
3.098000000000000000e+03,2.481764124482870211e-03,9.194910597057146656e-05
3.099000000000000000e+03,5.041643929978211792e-03,1.409255678185200101e-04
3.100000000000000000e+03,2.379617810000976118e-03,9.730954821321511174e-05
3.101000000000000000e+03,4.469514515052239526e-03,1.314058971535263210e-04
3.102000000000000000e+03,4.125688238739967650e-03,1.325423057851543920e-04
3.103000000000000000e+03,8.080092258950073714e-03,1.859896233924748321e-04
3.104000000000000000e+03,1.308977746019760737e-03,6.730746237562601172e-05
3.105000000000000000e+03,2.471896724104881427e-03,9.635712547802971278e-05
3.106000000000000000e+03,1.992016037801901465e-03,8.297316455547243158e-05
3.107000000000000000e+03,3.953935017486412927e-03,1.272525850816346241e-04
3.108000000000000000e+03,1.765986921936273622e-03,8.195108677937905405e-05
3.109000000000000000e+03,3.308583978364865175e-03,1.145618625396573363e-04
3.110000000000000000e+03,3.011062854826450190e-03,1.079297288531937848e-04
3.111000000000000000e+03,5.808142486810684291e-03,1.564612702219277791e-04
3.112000000000000000e+03,1.386519751499096578e-03,6.563747845213101803e-05
3.113000000000000000e+03,2.724440011183420791e-03,1.010707481643627716e-04
3.114000000000000000e+03,2.284152224262555372e-03,8.897327303794337302e-05
3.115000000000000000e+03,4.663331254621347170e-03,1.398600926618954966e-04
3.116000000000000000e+03,2.111046467125415708e-03,9.063609668065251534e-05
3.117000000000000000e+03,4.093654212156931302e-03,1.329124685726685987e-04
3.118000000000000000e+03,3.704094627747933285e-03,1.213819196555264782e-04
3.119000000000000000e+03,7.336067233234644207e-03,1.822913617304673369e-04
3.120000000000000000e+03,1.301975407848755557e-03,6.311498342210307530e-05
3.121000000000000000e+03,2.520366662442684053e-03,9.508310966425919774e-05
3.122000000000000000e+03,2.087731511642535419e-03,8.387291608582218968e-05
3.123000000000000000e+03,4.218396838257709898e-03,1.304991272947819323e-04
3.124000000000000000e+03,1.911217413544654894e-03,8.282680240786965075e-05
3.125000000000000000e+03,3.499331697026888521e-03,1.148946759421395425e-04
3.126000000000000000e+03,3.351847341905037515e-03,1.200537105358148612e-04
3.127000000000000000e+03,6.389902133991320898e-03,1.679259526032463143e-04
3.128000000000000000e+03,1.505386084318161011e-03,7.038680401545596536e-05
3.129000000000000000e+03,3.004308005124330452e-03,1.066056880809840496e-04
3.130000000000000000e+03,2.579974123736222726e-03,9.711492844111793764e-05
3.131000000000000000e+03,5.254309624582529335e-03,1.477785068376887554e-04
3.132000000000000000e+03,2.406069040795167421e-03,1.009354342485824680e-04
3.133000000000000000e+03,4.642868718852599490e-03,1.401855484657587312e-04
3.134000000000000000e+03,4.345289576053619311e-03,1.383335394609566508e-04
3.135000000000000000e+03,8.552222242454688220e-03,1.968156563129674658e-04
3.136000000000000000e+03,1.158755952119827235e-03,5.405354862905966182e-05
3.137000000000000000e+03,2.295925179272890245e-03,8.281466714023225551e-05
3.138000000000000000e+03,2.002856305837631169e-03,8.376311332585114884e-05
3.139000000000000000e+03,4.004091605991124889e-03,1.279200521502006703e-04
3.140000000000000000e+03,1.646929431557655381e-03,7.345396596892285457e-05
3.141000000000000000e+03,3.115455680439869427e-03,1.006578271854627132e-04
3.142000000000000000e+03,2.996210167457660171e-03,1.044820629238513035e-04
3.143000000000000000e+03,5.614134583870569739e-03,1.427974906580182926e-04
3.144000000000000000e+03,1.411832331120967902e-03,7.104878337070446063e-05
3.145000000000000000e+03,2.639657984276612586e-03,9.610995791503742320e-05
3.146000000000000000e+03,2.342476650426785368e-03,9.184636063676681586e-05
3.147000000000000000e+03,4.672460148781538113e-03,1.445772627568062845e-04
3.148000000000000000e+03,2.146075151761372892e-03,9.332489193232476751e-05
3.149000000000000000e+03,4.002492664357026712e-03,1.265643968199677710e-04
3.150000000000000000e+03,3.784068355758985012e-03,1.249378586749599256e-04
3.151000000000000000e+03,7.260386788696050926e-03,1.800536321683221172e-04
3.152000000000000000e+03,1.281303039789199842e-03,6.327668376372160919e-05
3.153000000000000000e+03,2.376407132943471421e-03,8.726301308179780579e-05
3.154000000000000000e+03,2.076983791589737029e-03,8.304890377482347511e-05
3.155000000000000000e+03,4.009454326182603466e-03,1.207942558580245686e-04
3.156000000000000000e+03,1.861286457628011631e-03,8.442547915074678148e-05
3.157000000000000000e+03,3.278536639809608369e-03,1.063705916550740138e-04
3.158000000000000000e+03,3.294586051106452793e-03,1.148092652030654998e-04
3.159000000000000000e+03,6.062158733904361545e-03,1.598076551437708679e-04
3.160000000000000000e+03,1.590098555535078085e-03,7.808786158323281800e-05
3.161000000000000000e+03,2.906832316418488885e-03,1.037530264740716540e-04
3.162000000000000000e+03,2.558582673370838039e-03,9.576033975552553036e-05
3.163000000000000000e+03,5.019106383969386409e-03,1.436998381120913461e-04
3.164000000000000000e+03,2.378691149055957733e-03,1.002835232900444227e-04
3.165000000000000000e+03,4.355342562347650111e-03,1.300380931965178764e-04
3.166000000000000000e+03,4.144289169758558558e-03,1.303472640151965092e-04
3.167000000000000000e+03,7.988706919302543744e-03,1.865604099401571266e-04
3.168000000000000000e+03,1.267770757774512071e-03,6.763293452446933029e-05
3.169000000000000000e+03,2.349044253130753990e-03,9.043081927426195696e-05
3.170000000000000000e+03,2.007419196615616453e-03,8.334556731517051757e-05
3.171000000000000000e+03,3.896502034117778086e-03,1.207903227238432280e-04
3.172000000000000000e+03,1.726310154050588689e-03,7.966101367077429226e-05
3.173000000000000000e+03,3.235029798150062478e-03,1.073305766501061418e-04
3.174000000000000000e+03,3.027332914223273674e-03,1.071610369668454370e-04
3.175000000000000000e+03,5.797863915214936277e-03,1.521194647597577090e-04
3.176000000000000000e+03,1.429612013647953671e-03,6.934141313191275271e-05
3.177000000000000000e+03,2.658735101819038188e-03,9.326620574611178230e-05
3.178000000000000000e+03,2.297476669276753928e-03,8.831183761883830538e-05
3.179000000000000000e+03,4.638780641307433707e-03,1.370732665582012730e-04
3.180000000000000000e+03,2.063795448069771169e-03,8.820587236152756542e-05
3.181000000000000000e+03,3.944317119071880963e-03,1.212590346251887286e-04
3.182000000000000000e+03,3.612957925697167765e-03,1.179645905152369804e-04
3.183000000000000000e+03,7.267764623786011902e-03,1.770261287121405235e-04
3.184000000000000000e+03,1.266996632292866770e-03,6.057823132841240064e-05
3.185000000000000000e+03,2.347425322333971786e-03,8.410245481803199337e-05
3.186000000000000000e+03,2.043684526383876630e-03,7.823927598873553501e-05
3.187000000000000000e+03,4.046118098050355619e-03,1.196389298919603168e-04
3.188000000000000000e+03,1.797579045097033200e-03,7.738887635307129941e-05
3.189000000000000000e+03,3.360927737702926188e-03,1.064724004247572691e-04
3.190000000000000000e+03,3.249130348314841626e-03,1.083890385895449796e-04
3.191000000000000000e+03,6.187663973321517498e-03,1.565832495991577365e-04
3.192000000000000000e+03,1.570949045071999171e-03,7.248156304629166467e-05
3.193000000000000000e+03,2.974370560199022205e-03,1.027832490413244906e-04
3.194000000000000000e+03,2.669545906235774521e-03,9.870842555010423314e-05
3.195000000000000000e+03,5.365678069194157809e-03,1.512342605489598037e-04
3.196000000000000000e+03,2.417786515007416381e-03,9.760328522551828712e-05
3.197000000000000000e+03,4.597665989150603351e-03,1.324560841524708875e-04
3.198000000000000000e+03,4.357688406556844800e-03,1.311257728958047867e-04
3.199000000000000000e+03,8.621657264083624345e-03,1.948243674577965483e-04
3.200000000000000000e+03,1.256217496345440453e-03,6.186435672645303988e-05
3.201000000000000000e+03,2.392309347788492899e-03,1.039166589042441401e-04
3.202000000000000000e+03,2.028163412859042454e-03,8.307612304351194555e-05
3.203000000000000000e+03,4.047114180425802864e-03,1.389525650433616759e-04
3.204000000000000000e+03,1.674868124326070202e-03,7.537636685082657660e-05
3.205000000000000000e+03,3.149040372172991296e-03,1.126378259757619476e-04
3.206000000000000000e+03,2.894345558633406885e-03,9.853475468800704956e-05
3.207000000000000000e+03,5.591251292079687032e-03,1.532014695904925753e-04
3.208000000000000000e+03,1.393073633859555002e-03,6.687299645325788476e-05
3.209000000000000000e+03,2.654849333614111087e-03,9.982188520203220418e-05
3.210000000000000000e+03,2.162220139255126381e-03,8.052586551622949336e-05
3.211000000000000000e+03,4.520122381051381102e-03,1.364948091410690862e-04
3.212000000000000000e+03,2.096568425744771945e-03,8.972893910251715055e-05
3.213000000000000000e+03,3.922887609352668052e-03,1.257209669200345817e-04
3.214000000000000000e+03,3.469579885900020422e-03,1.118602154925053534e-04
3.215000000000000000e+03,6.962685686498880019e-03,1.715803723738317822e-04
3.216000000000000000e+03,1.219388704548279379e-03,6.095254796336837383e-05
3.217000000000000000e+03,2.284933852503697252e-03,8.755371702104252252e-05
3.218000000000000000e+03,1.946464173893133797e-03,7.774168153576854875e-05
3.219000000000000000e+03,3.951764111320177873e-03,1.241206904408711403e-04
3.220000000000000000e+03,1.671104135463635180e-03,7.507384350066561381e-05
3.221000000000000000e+03,3.152744099646806724e-03,1.059059447295791225e-04
3.222000000000000000e+03,2.973031367609898362e-03,1.053733220828810725e-04
3.223000000000000000e+03,5.816868634571631565e-03,1.547064226500701129e-04
3.224000000000000000e+03,1.464312621206045103e-03,7.269473813121883176e-05
3.225000000000000000e+03,2.824722999185323886e-03,1.016034411448957963e-04
3.226000000000000000e+03,2.366812680711348656e-03,8.740271611713399042e-05
3.227000000000000000e+03,4.950427588274081657e-03,1.392527692050099367e-04
3.228000000000000000e+03,2.167049217919508712e-03,9.119566436505234855e-05
3.229000000000000000e+03,4.272883843034505809e-03,1.307438097021992017e-04
3.230000000000000000e+03,3.804488558322191398e-03,1.188683258763499400e-04
3.231000000000000000e+03,7.779526281406482467e-03,1.825263267227802261e-04
3.232000000000000000e+03,1.287263457079728529e-03,7.308621667532106151e-05
3.233000000000000000e+03,2.346525153021017645e-03,9.123731152661190109e-05
3.234000000000000000e+03,1.937305696507295042e-03,8.163838077491931955e-05
3.235000000000000000e+03,3.909852440257867608e-03,1.282516100544745094e-04
3.236000000000000000e+03,1.662145012716452312e-03,7.920009130962084862e-05
3.237000000000000000e+03,3.163425990194082202e-03,1.113283496048002980e-04
3.238000000000000000e+03,2.845336667944987474e-03,1.064013417123350636e-04
3.239000000000000000e+03,5.577186586608489684e-03,1.560087166697541282e-04
3.240000000000000000e+03,1.393830911020437890e-03,7.588983196175842815e-05
3.241000000000000000e+03,2.692371583034594822e-03,1.085511055787242415e-04
3.242000000000000000e+03,2.164744460259874614e-03,9.009974394194052746e-05
3.243000000000000000e+03,4.560578111310800015e-03,1.436614075237266570e-04
3.244000000000000000e+03,2.075297628318270061e-03,9.558437787082555684e-05
3.245000000000000000e+03,4.086889077027638408e-03,1.402083125561964837e-04
3.246000000000000000e+03,3.587122321625550725e-03,1.240629024289425055e-04
3.247000000000000000e+03,7.226847904051343988e-03,1.859540206471288655e-04
3.248000000000000000e+03,1.292262567604581577e-03,6.575088691748834412e-05
3.249000000000000000e+03,2.399667350153128140e-03,9.087391392212879418e-05
3.250000000000000000e+03,1.955270611296097347e-03,7.896167072466957616e-05
3.251000000000000000e+03,4.044561840146779740e-03,1.309880434376093988e-04
3.252000000000000000e+03,1.848656686147054059e-03,8.484474208887516158e-05
3.253000000000000000e+03,3.493453260809182941e-03,1.194304832142858319e-04
3.254000000000000000e+03,3.110310253004232826e-03,1.088181140184277430e-04
3.255000000000000000e+03,6.176576395879189267e-03,1.660790008873079342e-04
3.256000000000000000e+03,1.513399633467197442e-03,7.045970064565278070e-05
3.257000000000000000e+03,2.952817042420307660e-03,1.026037615328188537e-04
3.258000000000000000e+03,2.405634802281856645e-03,8.754916700038925059e-05
3.259000000000000000e+03,5.131641324559847901e-03,1.454436986344946397e-04
3.260000000000000000e+03,2.357195509672165012e-03,9.669506029159769130e-05
3.261000000000000000e+03,4.619891660710175908e-03,1.403969019421201275e-04
3.262000000000000000e+03,4.146721168210108950e-03,1.315003818226580430e-04
3.263000000000000000e+03,8.419713172018528438e-03,1.983437373571002044e-04
3.264000000000000000e+03,1.227883427639802402e-03,5.977719892653895833e-05
3.265000000000000000e+03,2.368319470236698778e-03,9.002248974962575483e-05
3.266000000000000000e+03,1.948715337117513111e-03,8.106723043896364820e-05
3.267000000000000000e+03,3.871144659668207186e-03,1.223858516143674598e-04
3.268000000000000000e+03,1.683057911147673976e-03,7.604664066373890779e-05
3.269000000000000000e+03,3.184393023252487381e-03,1.078715734512353339e-04
3.270000000000000000e+03,2.855893583546082089e-03,1.032607499571931053e-04
3.271000000000000000e+03,5.443872359643379955e-03,1.456770462057532074e-04
3.272000000000000000e+03,1.367396129717429396e-03,6.682425017251833075e-05
3.273000000000000000e+03,2.593866185694932748e-03,9.341101076401773292e-05
3.274000000000000000e+03,2.145424477905034932e-03,8.595446617654800428e-05
3.275000000000000000e+03,4.390430375089247710e-03,1.337785088739149898e-04
3.276000000000000000e+03,2.025589367449283622e-03,8.607241823048669975e-05
3.277000000000000000e+03,3.841751414835452901e-03,1.206003981094088870e-04
3.278000000000000000e+03,3.511328225483497083e-03,1.246644452132067123e-04
3.279000000000000000e+03,6.913220054060221012e-03,1.786921619895996747e-04
3.280000000000000000e+03,1.216272546201944364e-03,5.984426700358122346e-05
3.281000000000000000e+03,2.274203497767448602e-03,8.351914563808759278e-05
3.282000000000000000e+03,1.919508709510167523e-03,7.672150965884003289e-05
3.283000000000000000e+03,3.852042344560225803e-03,1.177945138812466823e-04
3.284000000000000000e+03,1.736737109124660396e-03,7.801461708677394802e-05
3.285000000000000000e+03,3.176247151444355852e-03,1.041168089245488769e-04
3.286000000000000000e+03,3.003391255140304503e-03,1.058110852979574930e-04
3.287000000000000000e+03,5.750601109415292948e-03,1.531487128567805269e-04
3.288000000000000000e+03,1.567685608317454654e-03,8.164628435135501362e-05
3.289000000000000000e+03,2.829322291910648431e-03,1.020109789891417683e-04
3.290000000000000000e+03,2.438383871018886487e-03,9.498711912370883935e-05
3.291000000000000000e+03,4.849914496988057787e-03,1.398611995772820499e-04
3.292000000000000000e+03,2.273263104061285823e-03,9.733221160612485730e-05
3.293000000000000000e+03,4.318945288409789356e-03,1.337042122259345317e-04
3.294000000000000000e+03,3.993828305105368535e-03,1.330120143163454789e-04
3.295000000000000000e+03,7.877061892946561616e-03,1.920631246895873438e-04
3.296000000000000000e+03,1.269560127755006099e-03,6.393066908698741345e-05
3.297000000000000000e+03,2.346748479853073572e-03,8.785826780463561615e-05
3.298000000000000000e+03,2.031029761036237235e-03,8.866411148701940830e-05
3.299000000000000000e+03,3.864565573334693884e-03,1.226060959021748036e-04
3.300000000000000000e+03,1.739237666974465055e-03,8.656402721612435332e-05
3.301000000000000000e+03,3.209246523876984995e-03,1.139838507472673210e-04
3.302000000000000000e+03,2.959459532350301649e-03,1.121875975298127946e-04
3.303000000000000000e+03,5.531957717388868469e-03,1.517765188525768748e-04
3.304000000000000000e+03,1.427633052766323195e-03,7.247543804268949624e-05
3.305000000000000000e+03,2.600820642064015017e-03,9.349474066077972012e-05
3.306000000000000000e+03,2.274860655764738594e-03,9.518778876158285826e-05
3.307000000000000000e+03,4.499112480829159030e-03,1.370333233512787774e-04
3.308000000000000000e+03,2.113444272577762791e-03,9.592291710224903597e-05
3.309000000000000000e+03,3.898720008879899904e-03,1.258378595766796728e-04
3.310000000000000000e+03,3.758087027221918095e-03,1.324806554612489222e-04
3.311000000000000000e+03,7.110130450775226270e-03,1.803546498135680004e-04
3.312000000000000000e+03,1.291526744117339450e-03,6.451546037770209438e-05
3.313000000000000000e+03,2.397586259047190544e-03,8.863516666323023499e-05
3.314000000000000000e+03,2.123866133143504330e-03,8.757990487993124861e-05
3.315000000000000000e+03,4.065725980351368729e-03,1.252124413965863888e-04
3.316000000000000000e+03,1.826329840868711482e-03,8.250699933200270053e-05
3.317000000000000000e+03,3.411728662848472447e-03,1.144384425024006657e-04
3.318000000000000000e+03,3.250172060082356148e-03,1.134054035431441345e-04
3.319000000000000000e+03,6.203159880787133956e-03,1.658713880795003367e-04
3.320000000000000000e+03,1.590814130604267058e-03,7.836481463925150696e-05
3.321000000000000000e+03,3.028700925658146543e-03,1.092162220563766019e-04
3.322000000000000000e+03,2.698059245546659008e-03,1.050197076750717328e-04
3.323000000000000000e+03,5.360683899670839331e-03,1.542587877658425206e-04
3.324000000000000000e+03,2.444179915388425099e-03,1.005661577848338629e-04
3.325000000000000000e+03,4.720598723441362700e-03,1.416173312475759686e-04
3.326000000000000000e+03,4.393656175037225289e-03,1.361486307995980738e-04
3.327000000000000000e+03,8.681752885530392982e-03,2.016877475734445905e-04
3.328000000000000000e+03,1.163661855757236420e-03,5.735164945727942606e-05
3.329000000000000000e+03,2.315446776747703567e-03,8.575151872238096623e-05
3.330000000000000000e+03,1.981840879023075153e-03,8.412388281857142742e-05
3.331000000000000000e+03,3.888359952817360687e-03,1.221884870098028633e-04
3.332000000000000000e+03,1.676353332499663003e-03,7.781038783864293077e-05
3.333000000000000000e+03,3.077466594576835739e-03,1.007566304501525552e-04
3.334000000000000000e+03,2.891592719803254014e-03,1.063129945758718768e-04
3.335000000000000000e+03,5.430558905402818951e-03,1.424777277352075561e-04
3.336000000000000000e+03,1.322858476936817186e-03,6.259676361826625724e-05
3.337000000000000000e+03,2.550813411722580807e-03,8.924399782384195747e-05
3.338000000000000000e+03,2.192684894253810191e-03,8.773949541206831049e-05
3.339000000000000000e+03,4.468848568896452607e-03,1.339819133072701744e-04
3.340000000000000000e+03,2.016395240773757088e-03,8.520964250246798068e-05
3.341000000000000000e+03,3.722395194371541302e-03,1.135322127973014642e-04
3.342000000000000000e+03,3.503956563969453080e-03,1.208287783783384170e-04
3.343000000000000000e+03,6.760919733891884546e-03,1.680314493020629123e-04
3.344000000000000000e+03,1.208994053353865941e-03,5.875126624952091181e-05
3.345000000000000000e+03,2.226889156053463679e-03,8.164096778386834127e-05
3.346000000000000000e+03,1.948866152266661355e-03,7.795099760354963828e-05
3.347000000000000000e+03,3.821902346362670167e-03,1.184504275433047885e-04
3.348000000000000000e+03,1.728353443890809924e-03,7.989347434539946881e-05
3.349000000000000000e+03,3.139820770422617393e-03,1.037847994359803670e-04
3.350000000000000000e+03,2.955126720567544194e-03,1.044486560389388445e-04
3.351000000000000000e+03,5.560692068636417622e-03,1.430741910548481092e-04
3.352000000000000000e+03,1.434625731309255043e-03,7.238743169007510851e-05
3.353000000000000000e+03,2.711376758068800158e-03,9.656060259000546543e-05
3.354000000000000000e+03,2.372351936896641839e-03,9.475345219451480297e-05
3.355000000000000000e+03,4.726426817228396651e-03,1.358006787589418956e-04
3.356000000000000000e+03,2.188989053467909479e-03,9.025122975025682431e-05
3.357000000000000000e+03,4.123716378460327674e-03,1.208516094552960840e-04
3.358000000000000000e+03,3.865801006406545740e-03,1.285814523693640623e-04
3.359000000000000000e+03,7.460434808284044025e-03,1.728766844548694937e-04
3.360000000000000000e+03,1.234066745291153688e-03,6.677391101224934111e-05
3.361000000000000000e+03,2.337033184667428130e-03,9.720021211653736551e-05
3.362000000000000000e+03,1.889508567651112777e-03,7.786904606061934454e-05
3.363000000000000000e+03,3.769908800820509498e-03,1.239617774186391088e-04
3.364000000000000000e+03,1.579626911630233098e-03,7.010410267155831271e-05
3.365000000000000000e+03,3.046880596578121179e-03,1.068143698450925373e-04
3.366000000000000000e+03,2.715478474994500666e-03,9.320086152841076108e-05
3.367000000000000000e+03,5.365053771634896440e-03,1.482723927839391554e-04
3.368000000000000000e+03,1.350646790464719122e-03,7.152741763928263533e-05
3.369000000000000000e+03,2.581015481452147119e-03,1.019522546032179054e-04
3.370000000000000000e+03,2.118153954644997825e-03,8.563841528620738208e-05
3.371000000000000000e+03,4.382728004803260018e-03,1.358134707381760688e-04
3.372000000000000000e+03,1.941902658939361533e-03,8.286236623679065741e-05
3.373000000000000000e+03,3.762578551123539530e-03,1.237380787658692882e-04
3.374000000000000000e+03,3.494678853253523586e-03,1.200864167900613552e-04
3.375000000000000000e+03,6.822189161380131685e-03,1.746961892659230659e-04
3.376000000000000000e+03,1.220251122166713048e-03,6.211976899930564606e-05
3.377000000000000000e+03,2.278458274205525606e-03,8.735405470610132042e-05
3.378000000000000000e+03,1.965258866647879438e-03,7.800963708200941201e-05
3.379000000000000000e+03,3.838893342713515025e-03,1.202137293845212824e-04
3.380000000000000000e+03,1.707832988401253912e-03,7.775344915042037373e-05
3.381000000000000000e+03,3.218016264339288064e-03,1.119309364115741843e-04
3.382000000000000000e+03,3.047208481281995628e-03,1.048359575511957056e-04
3.383000000000000000e+03,5.837809587915738022e-03,1.567866121392675108e-04
3.384000000000000000e+03,1.456184288263320890e-03,6.925737971712971920e-05
3.385000000000000000e+03,2.791537447373072366e-03,1.007690854575380292e-04
3.386000000000000000e+03,2.484309175809224467e-03,9.628362406278854644e-05
3.387000000000000000e+03,4.915234392980734855e-03,1.419010350371970161e-04
3.388000000000000000e+03,2.316129645705222902e-03,9.701320745048510881e-05
3.389000000000000000e+03,4.430816450019677520e-03,1.351532913288901552e-04
3.390000000000000000e+03,4.185637026329834878e-03,1.357222504674439713e-04
3.391000000000000000e+03,8.102240357995033060e-03,1.915653348377311499e-04
3.392000000000000000e+03,1.214511100848515886e-03,7.073520071657203145e-05
3.393000000000000000e+03,2.294773418307304545e-03,9.229766937670993185e-05
3.394000000000000000e+03,1.960776058882474863e-03,8.982025417480281825e-05
3.395000000000000000e+03,3.807365803271532245e-03,1.241135169581105108e-04
3.396000000000000000e+03,1.680469689965248103e-03,8.658859815268981914e-05
3.397000000000000000e+03,3.087902844051520091e-03,1.100741399826012248e-04
3.398000000000000000e+03,2.890686392982800765e-03,1.089898075336025103e-04
3.399000000000000000e+03,5.435826609979072833e-03,1.487515901943169475e-04
3.400000000000000000e+03,1.340668432861566624e-03,6.725644550035917227e-05
3.401000000000000000e+03,2.437340038915475088e-03,8.709411351511220324e-05
3.402000000000000000e+03,2.155633791983127632e-03,8.543454605537041755e-05
3.403000000000000000e+03,4.185957285612821287e-03,1.264724260106912194e-04
3.404000000000000000e+03,2.005538798520962313e-03,8.913026760134416891e-05
3.405000000000000000e+03,3.722307480225960346e-03,1.201464054409106738e-04
3.406000000000000000e+03,3.415704422642787397e-03,1.128088847647121999e-04
3.407000000000000000e+03,6.547827421923478781e-03,1.643919909938672947e-04
3.408000000000000000e+03,1.195004450281461151e-03,5.960394105273462382e-05
3.409000000000000000e+03,2.206653902282317264e-03,8.312242066296601686e-05
3.410000000000000000e+03,1.990995947768290676e-03,8.317781097437255587e-05
3.411000000000000000e+03,3.771156297326088130e-03,1.181685319649082783e-04
3.412000000000000000e+03,1.772533853004376082e-03,9.607347384475504570e-05
3.413000000000000000e+03,3.308950300017992827e-03,1.390918954894636013e-04
3.414000000000000000e+03,2.986525034407774663e-03,1.136086697878152177e-04
3.415000000000000000e+03,5.669312828332185965e-03,1.623694206514182019e-04
3.416000000000000000e+03,1.514985380371411611e-03,8.065647091351262012e-05
3.417000000000000000e+03,2.802692675292491921e-03,1.096451949432857416e-04
3.418000000000000000e+03,2.458324602395295985e-03,1.032170167385629668e-04
3.419000000000000000e+03,4.785455843110878946e-03,1.480166542570249136e-04
3.420000000000000000e+03,2.222026177893082419e-03,9.798061495945099061e-05
3.421000000000000000e+03,4.303678845763206882e-03,1.396483277276670278e-04
3.422000000000000000e+03,3.898989142427841930e-03,1.292576373487031103e-04
3.423000000000000000e+03,7.568382081737120778e-03,1.851480896339040283e-04
3.424000000000000000e+03,1.156950610329707469e-03,5.888698634872629230e-05
3.425000000000000000e+03,2.198176568200190927e-03,8.406877408016998055e-05
3.426000000000000000e+03,1.830535859713951826e-03,7.476923110820738881e-05
3.427000000000000000e+03,3.615572498440742296e-03,1.142506577462202406e-04
3.428000000000000000e+03,1.551810156355301574e-03,7.180664436573571958e-05
3.429000000000000000e+03,2.972975443452596789e-03,1.029767259137165185e-04
3.430000000000000000e+03,2.691549061884482893e-03,9.384972595178363351e-05
3.431000000000000000e+03,5.203254248003164918e-03,1.382705973988747426e-04
3.432000000000000000e+03,1.263888194561004581e-03,6.235847243172128141e-05
3.433000000000000000e+03,2.488007259865601672e-03,9.091982916303745308e-05
3.434000000000000000e+03,2.131440437858303505e-03,8.288271670387129648e-05
3.435000000000000000e+03,4.281279460986455419e-03,1.288930384928301128e-04
3.436000000000000000e+03,1.919014125739534589e-03,8.589008226783671404e-05
3.437000000000000000e+03,3.747363333106041097e-03,1.221114442188059150e-04
3.438000000000000000e+03,3.388267308473586880e-03,1.133347537249395270e-04
3.439000000000000000e+03,6.709391704027851087e-03,1.678972982651348079e-04
3.440000000000000000e+03,1.159484622602661389e-03,5.817247275796611405e-05
3.441000000000000000e+03,2.253497748176256765e-03,8.537514800972931164e-05
3.442000000000000000e+03,1.894157286683718260e-03,7.384049075792163024e-05
3.443000000000000000e+03,3.802261635810136667e-03,1.174486276889178960e-04
3.444000000000000000e+03,1.678814470072587236e-03,7.391274985075775973e-05
3.445000000000000000e+03,3.219047094285488325e-03,1.100971600216450502e-04
3.446000000000000000e+03,2.968736659983793776e-03,9.847469729271344401e-05
3.447000000000000000e+03,5.823470417410134964e-03,1.524059138404696204e-04
3.448000000000000000e+03,1.431926611959934148e-03,6.628601306688070255e-05
3.449000000000000000e+03,2.824509608199199124e-03,1.031044616957000302e-04
3.450000000000000000e+03,2.519902163247267346e-03,1.017380749079647940e-04
3.451000000000000000e+03,5.055273691117763597e-03,1.518112002702950449e-04
3.452000000000000000e+03,2.203255061159531316e-03,8.764596572340020632e-05
3.453000000000000000e+03,4.401361310184002083e-03,1.402445914976077374e-04
3.454000000000000000e+03,4.123842119375865055e-03,1.322978817268971943e-04
3.455000000000000000e+03,8.072686705092589274e-03,1.955029299240458476e-04
3.456000000000000000e+03,1.083684938400983778e-03,5.403694442540815364e-05
3.457000000000000000e+03,2.216499941945076005e-03,8.628943237318875247e-05
3.458000000000000000e+03,1.750592669447263066e-03,7.088169910317299038e-05
3.459000000000000000e+03,3.597443888088067577e-03,1.125784047431234485e-04
3.460000000000000000e+03,1.595539341916640602e-03,8.087845484647386053e-05
3.461000000000000000e+03,3.011001289983590654e-03,1.109703170309644178e-04
3.462000000000000000e+03,2.666278003950913605e-03,9.784193771259363669e-05
3.463000000000000000e+03,5.132100673466920802e-03,1.413759407711569747e-04
3.464000000000000000e+03,1.221956933538118940e-03,6.139609460842740841e-05
3.465000000000000000e+03,2.355718377381563200e-03,8.628159714587323170e-05
3.466000000000000000e+03,1.983124576558669468e-03,7.667251588922229216e-05
3.467000000000000000e+03,4.031311888049045854e-03,1.203816572766446490e-04
3.468000000000000000e+03,1.911179062078396506e-03,8.438412730174271205e-05
3.469000000000000000e+03,3.597179534683624894e-03,1.174830942775199406e-04
3.470000000000000000e+03,3.178498316754897572e-03,1.052977164629968320e-04
3.471000000000000000e+03,6.309996411800384598e-03,1.605253359580671236e-04
3.472000000000000000e+03,1.103999889691670636e-03,5.718700442884687646e-05
3.473000000000000000e+03,2.115709761927525318e-03,8.465696863572185426e-05
3.474000000000000000e+03,1.809467212955156914e-03,7.519927075518916622e-05
3.475000000000000000e+03,3.585539611379305689e-03,1.160962922683044960e-04
3.476000000000000000e+03,1.692452523907025724e-03,8.283219734738320888e-05
3.477000000000000000e+03,3.071765875866015738e-03,1.128683852257887453e-04
3.478000000000000000e+03,2.886075229346752192e-03,1.094107166779486332e-04
3.479000000000000000e+03,5.444579967359701629e-03,1.526246250980569426e-04
3.480000000000000000e+03,1.384981867770354027e-03,6.899135321517687832e-05
3.481000000000000000e+03,2.613678828179836263e-03,9.557207980328984349e-05
3.482000000000000000e+03,2.262754200945297795e-03,8.879355692305633898e-05
3.483000000000000000e+03,4.516494126518567562e-03,1.318734432298612497e-04
3.484000000000000000e+03,2.093827594121297226e-03,9.345491487618657136e-05
3.485000000000000000e+03,4.092722014784813157e-03,1.337900167801885174e-04
3.486000000000000000e+03,3.698579731831947923e-03,1.244943879201109956e-04
3.487000000000000000e+03,7.265852769364913519e-03,1.779839321476256279e-04
3.488000000000000000e+03,1.100371857136488033e-03,5.822841875416704906e-05
3.489000000000000000e+03,2.160852548529704296e-03,8.474878819591703132e-05
3.490000000000000000e+03,1.823962233016888273e-03,8.647313159612302004e-05
3.491000000000000000e+03,3.643423734754324024e-03,1.242491984346232752e-04
3.492000000000000000e+03,1.596428093413511948e-03,7.901003969608871901e-05
3.493000000000000000e+03,3.054630882740020856e-03,1.163169000206959805e-04
3.494000000000000000e+03,2.771563923458258104e-03,1.096799609627287751e-04
3.495000000000000000e+03,5.372689341058333422e-03,1.585835117540842414e-04
3.496000000000000000e+03,1.285103513151407331e-03,6.719807551974337498e-05
3.497000000000000000e+03,2.420904116829236154e-03,9.053314185059211305e-05
3.498000000000000000e+03,2.072143424277504437e-03,8.789350910057794504e-05
3.499000000000000000e+03,4.156532511512438417e-03,1.278693089112587335e-04
3.500000000000000000e+03,1.904971927429238970e-03,8.815101136841551699e-05
3.501000000000000000e+03,3.670132542202869837e-03,1.270719611480560320e-04
3.502000000000000000e+03,3.371000141253074206e-03,1.189674438701360281e-04
3.503000000000000000e+03,6.568013346965113908e-03,1.713477354546019205e-04
3.504000000000000000e+03,1.184895171299576782e-03,6.715840422855035485e-05
3.505000000000000000e+03,2.182540638248125532e-03,8.816050250215194564e-05
3.506000000000000000e+03,1.855373900880416278e-03,7.839898693075313596e-05
3.507000000000000000e+03,3.650634779135386240e-03,1.157444785035481810e-04
3.508000000000000000e+03,1.651126984357833899e-03,7.510112626104351573e-05
3.509000000000000000e+03,3.119461529602607017e-03,1.146145794633286633e-04
3.510000000000000000e+03,2.979187884281078811e-03,1.062220299185830059e-04
3.511000000000000000e+03,5.682670143246650561e-03,1.557808946265948130e-04
3.512000000000000000e+03,1.408668777892986860e-03,6.891583907789302287e-05
3.513000000000000000e+03,2.629870743950208159e-03,9.400265333956711123e-05
3.514000000000000000e+03,2.339371846566597451e-03,9.053571830781790262e-05
3.515000000000000000e+03,4.717471945484478894e-03,1.357796596064135585e-04
3.516000000000000000e+03,2.193891377151012574e-03,9.467879038138797359e-05
3.517000000000000000e+03,4.223172485977410955e-03,1.366512367236288482e-04
3.518000000000000000e+03,3.950072600344817046e-03,1.276290707928800562e-04
3.519000000000000000e+03,7.736624151319265383e-03,1.851753836016483995e-04
3.520000000000000000e+03,1.055331007291873333e-03,5.281279676349357675e-05
3.521000000000000000e+03,1.968088420381148510e-03,7.287902049689827793e-05
3.522000000000000000e+03,1.750472502708435088e-03,7.780555544177747006e-05
3.523000000000000000e+03,3.425399213631948048e-03,1.108247873614339265e-04
3.524000000000000000e+03,1.515278928726911459e-03,7.063421522501826973e-05
3.525000000000000000e+03,2.821791880925496321e-03,9.964900312875817870e-05
3.526000000000000000e+03,2.716114835341771391e-03,1.075185163264896434e-04
3.527000000000000000e+03,5.055028067082166683e-03,1.446514654227805917e-04
3.528000000000000000e+03,1.210408849418163251e-03,6.286669822298155232e-05
3.529000000000000000e+03,2.194514702856540603e-03,8.061110125778983657e-05
3.530000000000000000e+03,2.001469418356815848e-03,8.411559417149214895e-05
3.531000000000000000e+03,3.919305993815263255e-03,1.241229724787622332e-04
3.532000000000000000e+03,1.875153850565354106e-03,8.177288261751514185e-05
3.533000000000000000e+03,3.432747173458337853e-03,1.134235350373046642e-04
3.534000000000000000e+03,3.288717958728472508e-03,1.134423638606361765e-04
3.535000000000000000e+03,6.250539632638295318e-03,1.637567895143187584e-04
3.536000000000000000e+03,1.062048171510299134e-03,5.467791962949300488e-05
3.537000000000000000e+03,2.021063810040553323e-03,7.864327022049978383e-05
3.538000000000000000e+03,1.721869801431894376e-03,6.979536683591366073e-05
3.539000000000000000e+03,3.388881922314564404e-03,1.058287942018432240e-04
3.540000000000000000e+03,1.529751511116822461e-03,7.000152092994559256e-05
3.541000000000000000e+03,2.916223519941171186e-03,1.037316310396015545e-04
3.542000000000000000e+03,2.714802881330251501e-03,9.525574302069912138e-05
3.543000000000000000e+03,5.270637466311454619e-03,1.423423626910562791e-04
3.544000000000000000e+03,1.386929815510908656e-03,7.743786731279228856e-05
3.545000000000000000e+03,2.531943526615699006e-03,9.711250823068172963e-05
3.546000000000000000e+03,2.295921729008356532e-03,9.627394310813178310e-05
3.547000000000000000e+03,4.429723287671804774e-03,1.345047750833209014e-04
3.548000000000000000e+03,2.100241271207729972e-03,9.620548170246910949e-05
3.549000000000000000e+03,4.010758424500624440e-03,1.315188382652730966e-04
3.550000000000000000e+03,3.752728735208511138e-03,1.265716985252913931e-04
3.551000000000000000e+03,7.191642648130654875e-03,1.781091618530987117e-04
3.552000000000000000e+03,1.081584672828515359e-03,6.100188163864920588e-05
3.553000000000000000e+03,2.029709857304890907e-03,7.973284378861419041e-05
3.554000000000000000e+03,1.720657133658727101e-03,7.719786956886098156e-05
3.555000000000000000e+03,3.370938246448834837e-03,1.133805525324995192e-04
3.556000000000000000e+03,1.503399393310149521e-03,7.044795163931286857e-05
3.557000000000000000e+03,2.822839452326297675e-03,9.875967158754458996e-05
3.558000000000000000e+03,2.603372506648301936e-03,9.560312231736432570e-05
3.559000000000000000e+03,5.020172741860151264e-03,1.370184431060316658e-04
3.560000000000000000e+03,1.236889640192190840e-03,6.445623368155658887e-05
3.561000000000000000e+03,2.362564994841814120e-03,9.361880586271507031e-05
3.562000000000000000e+03,2.031684897094964901e-03,8.402534718916529846e-05
3.563000000000000000e+03,4.109226397871971158e-03,1.313521880061417678e-04
3.564000000000000000e+03,1.891418199638525725e-03,8.205202038847383408e-05
3.565000000000000000e+03,3.592082609037558147e-03,1.200195046414717214e-04
3.566000000000000000e+03,3.370365101297696526e-03,1.168572941515802325e-04
3.567000000000000000e+03,6.540345502545436181e-03,1.708607241516026695e-04
3.568000000000000000e+03,1.074178660015265166e-03,5.529566870164367103e-05
3.569000000000000000e+03,2.042548454354206535e-03,7.976003607672936774e-05
3.570000000000000000e+03,1.811070382446050651e-03,7.589014081342603055e-05
3.571000000000000000e+03,3.560521392871936024e-03,1.135884585452687288e-04
3.572000000000000000e+03,1.627289023300011956e-03,7.013133498384845012e-05
3.573000000000000000e+03,3.099547172089417608e-03,1.080565673126764200e-04
3.574000000000000000e+03,2.936923210918903140e-03,1.012821751778956509e-04
3.575000000000000000e+03,5.654253773440916925e-03,1.537310923313541194e-04
3.576000000000000000e+03,1.420383370270331645e-03,6.944287260018132456e-05
3.577000000000000000e+03,2.705815053880214829e-03,9.666464086219085140e-05
3.578000000000000000e+03,2.419791039377451082e-03,9.570357159798557943e-05
3.579000000000000000e+03,4.830023729304472845e-03,1.457918488056670703e-04
3.580000000000000000e+03,2.140106198340654357e-03,8.521251361210982977e-05
3.581000000000000000e+03,4.248921354810396463e-03,1.291728002713291739e-04
3.582000000000000000e+03,4.043474224259455650e-03,1.289134787102447612e-04
3.583000000000000000e+03,7.983674886574348289e-03,1.933468556141565127e-04
3.584000000000000000e+03,1.009440823892752319e-03,4.888250295963438724e-05
3.585000000000000000e+03,2.030796289891004507e-03,8.414582719868658430e-05
3.586000000000000000e+03,1.713776807487011038e-03,7.672371003840490684e-05
3.587000000000000000e+03,3.472162247051795245e-03,1.186634534497567459e-04
3.588000000000000000e+03,1.408376220216353645e-03,5.953486746568496660e-05
3.589000000000000000e+03,2.765861503084500808e-03,9.897370351496658121e-05
3.590000000000000000e+03,2.510194134314855125e-03,9.280265259807267820e-05
3.591000000000000000e+03,4.895620915343364306e-03,1.379690625116594162e-04
3.592000000000000000e+03,1.127049721280733684e-03,5.795683271085937159e-05
3.593000000000000000e+03,2.270033275832732383e-03,9.230632683079270184e-05
3.594000000000000000e+03,1.953453114877144649e-03,8.368216284763923911e-05
3.595000000000000000e+03,4.035766895612080685e-03,1.316927091333816395e-04
3.596000000000000000e+03,1.795385744472344702e-03,7.391726109044241511e-05
3.597000000000000000e+03,3.516486301819483559e-03,1.169563654956067174e-04
3.598000000000000000e+03,3.100842266033093046e-03,1.026682204891524896e-04
3.599000000000000000e+03,6.264593231628338629e-03,1.627589229673060604e-04
3.600000000000000000e+03,1.018977247178554438e-03,6.463205002953905157e-05
3.601000000000000000e+03,2.057941100398699534e-03,9.166947459860047011e-05
3.602000000000000000e+03,1.755641708970069994e-03,8.299199060628347662e-05
3.603000000000000000e+03,3.540315277675787787e-03,1.208503143564315614e-04
3.604000000000000000e+03,1.639680317739645706e-03,8.646490712442226744e-05
3.605000000000000000e+03,3.027106198767821107e-03,1.129814545399200745e-04
3.606000000000000000e+03,2.833108385900656463e-03,1.098283369001858421e-04
3.607000000000000000e+03,5.367154611001411640e-03,1.501264674306492734e-04
3.608000000000000000e+03,1.351568006028731591e-03,7.706034091695766601e-05
3.609000000000000000e+03,2.624488370964924485e-03,1.051645517623446877e-04
3.610000000000000000e+03,2.226530367881059819e-03,9.248709113024085619e-05
3.611000000000000000e+03,4.483193267236153245e-03,1.345207408218706787e-04
3.612000000000000000e+03,2.054462569653987998e-03,9.315394996667596822e-05
3.613000000000000000e+03,4.005603348265091186e-03,1.270667628157386955e-04
3.614000000000000000e+03,3.619096014449993751e-03,1.193888310788458409e-04
3.615000000000000000e+03,7.117895279477039552e-03,1.696789043691522222e-04
3.616000000000000000e+03,1.021228984147310196e-03,6.008508130061805750e-05
3.617000000000000000e+03,2.094451038837433048e-03,8.710064262560994160e-05
3.618000000000000000e+03,1.691431574672460627e-03,7.958520941171167654e-05
3.619000000000000000e+03,3.471139008303483157e-03,1.169815446012956568e-04
3.620000000000000000e+03,1.490452108134825929e-03,7.142829932278513944e-05
3.621000000000000000e+03,2.867477793097495883e-03,1.023420950622019697e-04
3.622000000000000000e+03,2.608215122570593965e-03,9.876442018019720027e-05
3.623000000000000000e+03,5.055129708101352079e-03,1.456146115123741771e-04
3.624000000000000000e+03,1.230022137512763432e-03,6.878995394204798902e-05
3.625000000000000000e+03,2.319430804401635942e-03,9.113003428934874815e-05
3.626000000000000000e+03,1.965624459783236241e-03,8.847175901784044177e-05
3.627000000000000000e+03,4.062233123332262101e-03,1.329314027384682581e-04
3.628000000000000000e+03,1.836340176562468313e-03,8.285335994760567168e-05
3.629000000000000000e+03,3.495625994801521141e-03,1.139028619626537272e-04
3.630000000000000000e+03,3.235055159082015491e-03,1.158672978774389901e-04
3.631000000000000000e+03,6.401005751043558484e-03,1.677388008784663678e-04
3.632000000000000000e+03,1.077025854587554919e-03,6.083885600103520726e-05
3.633000000000000000e+03,2.054742094775041140e-03,8.338830570759757799e-05
3.634000000000000000e+03,1.768146158258120321e-03,7.669731537952394326e-05
3.635000000000000000e+03,3.573975416819254528e-03,1.181823108261029486e-04
3.636000000000000000e+03,1.631403205196062635e-03,7.415116892712318697e-05
3.637000000000000000e+03,3.031124882400035910e-03,1.036294447932797566e-04
3.638000000000000000e+03,2.844792821059624437e-03,9.967787404830876104e-05
3.639000000000000000e+03,5.538075831582148570e-03,1.504483277472625641e-04
3.640000000000000000e+03,1.360420767267545060e-03,7.026204120487787423e-05
3.641000000000000000e+03,2.618646526982387063e-03,9.659703769320379327e-05
3.642000000000000000e+03,2.318398656249046150e-03,9.489901834661711351e-05
3.643000000000000000e+03,4.632254171967506787e-03,1.368295216135501644e-04
3.644000000000000000e+03,2.166429349134365613e-03,9.234981684742787987e-05
3.645000000000000000e+03,4.118214054057995309e-03,1.239868643038680878e-04
3.646000000000000000e+03,3.950426748643319150e-03,1.306810197997039546e-04
3.647000000000000000e+03,7.600910719633102025e-03,1.813706829479716195e-04
3.648000000000000000e+03,1.042541798899571191e-03,5.356621942330575979e-05
3.649000000000000000e+03,2.014618090291817997e-03,7.750721348117650450e-05
3.650000000000000000e+03,1.623564806481202433e-03,6.652565572031936888e-05
3.651000000000000000e+03,3.341245786845684160e-03,1.081704794633067473e-04
3.652000000000000000e+03,1.474200487534205010e-03,6.838939034335059090e-05
3.653000000000000000e+03,2.818774374028046835e-03,9.935182804939480389e-05
3.654000000000000000e+03,2.497242292165756210e-03,8.621134766640027201e-05
3.655000000000000000e+03,4.897970554282268275e-03,1.344444946554613964e-04
3.656000000000000000e+03,1.150817286819219576e-03,5.649805562307044012e-05
3.657000000000000000e+03,2.275696582694848331e-03,9.690348405108827827e-05
3.658000000000000000e+03,2.000600730578104471e-03,9.220330773163105530e-05
3.659000000000000000e+03,4.095272417465845374e-03,1.454207889554377916e-04
3.660000000000000000e+03,1.755591582059860302e-03,7.391324130513179588e-05
3.661000000000000000e+03,3.398748774578173783e-03,1.131932957357939659e-04
3.662000000000000000e+03,3.107453366667032278e-03,1.087946748285545704e-04
3.663000000000000000e+03,6.228101783096790314e-03,1.698635809016876971e-04
3.664000000000000000e+03,1.007058531492948522e-03,4.835099219514599948e-05
3.665000000000000000e+03,1.954368984997272279e-03,7.475112381223436673e-05
3.666000000000000000e+03,1.704138020326693894e-03,7.378566070553913383e-05
3.667000000000000000e+03,3.363488072752952515e-03,1.098705590427002514e-04
3.668000000000000000e+03,1.533213455875714632e-03,6.959538931809523181e-05
3.669000000000000000e+03,2.896737994551658833e-03,9.943621681840069141e-05
3.670000000000000000e+03,2.755396953125794669e-03,1.072394576860081057e-04
3.671000000000000000e+03,5.274598867048820028e-03,1.493646048044338043e-04
3.672000000000000000e+03,1.340055939803520748e-03,7.428404410569881149e-05
3.673000000000000000e+03,2.481166579425334896e-03,9.545732595103743271e-05
3.674000000000000000e+03,2.282478968997796176e-03,9.829571424701855119e-05
3.675000000000000000e+03,4.408790392577648445e-03,1.372629163216748161e-04
3.676000000000000000e+03,2.057123447457949277e-03,9.749276685042790585e-05
3.677000000000000000e+03,3.941273115426301675e-03,1.326566362226290355e-04
3.678000000000000000e+03,3.621898902455965557e-03,1.273022369333752176e-04
3.679000000000000000e+03,7.066025883704423957e-03,1.814670295303707321e-04
3.680000000000000000e+03,1.005343140264352121e-03,5.324334511141050991e-05
3.681000000000000000e+03,1.979334354350964064e-03,7.688207274761756820e-05
3.682000000000000000e+03,1.718011966397364884e-03,7.696029364326520243e-05
3.683000000000000000e+03,3.382863396157821233e-03,1.122868489018503463e-04
3.684000000000000000e+03,1.419932806839545531e-03,6.821373918539489249e-05
3.685000000000000000e+03,2.716394633849462080e-03,9.524207610170998338e-05
3.686000000000000000e+03,2.567057029654582368e-03,9.618089651794290871e-05
3.687000000000000000e+03,4.985905415515104640e-03,1.404369580047025532e-04
3.688000000000000000e+03,1.241159903506437994e-03,8.124124956283116533e-05
3.689000000000000000e+03,2.246795580387115319e-03,9.395508719333842335e-05
3.690000000000000000e+03,2.051963320473829729e-03,9.315760486878201733e-05
3.691000000000000000e+03,4.096328476816415987e-03,1.363057763677902909e-04
3.692000000000000000e+03,1.788890997419754656e-03,8.039308494977334511e-05
3.693000000000000000e+03,3.365533445825179271e-03,1.104067664558020103e-04
3.694000000000000000e+03,3.170955113967259716e-03,1.099850490735348118e-04
3.695000000000000000e+03,6.314191432446241391e-03,1.675836777837854882e-04
3.696000000000000000e+03,9.858523821334045159e-04,4.968975228977206703e-05
3.697000000000000000e+03,1.960623630881309313e-03,7.488936994976390523e-05
3.698000000000000000e+03,1.746502666721741438e-03,7.326178672836960006e-05
3.699000000000000000e+03,3.578605392724275736e-03,1.190104303813835677e-04
3.700000000000000000e+03,1.578211589356263381e-03,7.273475831677780521e-05
3.701000000000000000e+03,3.035185440629720784e-03,1.085895092087710420e-04
3.702000000000000000e+03,2.829539171457290479e-03,1.047288772711567779e-04
3.703000000000000000e+03,5.592601901342471142e-03,1.589452149026248198e-04
3.704000000000000000e+03,1.353769050041834501e-03,6.852829593778880617e-05
3.705000000000000000e+03,2.584392218887805910e-03,9.278028923202895491e-05
3.706000000000000000e+03,2.412494059155384854e-03,9.903382746434018290e-05
3.707000000000000000e+03,4.784548545132080548e-03,1.445772871314214309e-04
3.708000000000000000e+03,2.102101157208283600e-03,8.519433434955392750e-05
3.709000000000000000e+03,4.067889772802590898e-03,1.227439079882066222e-04
3.710000000000000000e+03,3.940151920219262145e-03,1.303265671162226068e-04
3.711000000000000000e+03,7.750917983700832126e-03,1.909334500768436428e-04
3.712000000000000000e+03,9.897246793409187910e-04,4.940889444773289229e-05
3.713000000000000000e+03,1.967814036657412804e-03,7.907334361988668824e-05
3.714000000000000000e+03,1.677404438157876262e-03,7.568578639738912032e-05
3.715000000000000000e+03,3.418572538793086899e-03,1.167230892944665289e-04
3.716000000000000000e+03,1.442965316424767077e-03,6.367483887124998469e-05
3.717000000000000000e+03,2.740739986946185217e-03,9.828097221779369874e-05
3.718000000000000000e+03,2.527679370244343988e-03,9.290528743102657687e-05
3.719000000000000000e+03,4.971647314131260112e-03,1.422172359705071152e-04
3.720000000000000000e+03,1.141257527867953030e-03,5.578872232818069639e-05
3.721000000000000000e+03,2.190301715185244760e-03,8.316769352954122153e-05
3.722000000000000000e+03,1.922815559258063715e-03,7.608793463781052388e-05
3.723000000000000000e+03,3.931570465763410162e-03,1.221028565492401907e-04
3.724000000000000000e+03,1.813844452997048729e-03,7.631268491153216321e-05
3.725000000000000000e+03,3.470866663008928110e-03,1.161653978723564093e-04
3.726000000000000000e+03,3.087202264964580486e-03,1.007471258099171203e-04
3.727000000000000000e+03,6.215185773173968233e-03,1.594037155741456649e-04
3.728000000000000000e+03,9.909872167805830988e-04,5.091010702946132868e-05
3.729000000000000000e+03,1.935623261233170760e-03,7.875156597935007569e-05
3.730000000000000000e+03,1.650606803297996472e-03,6.955794992167738111e-05
3.731000000000000000e+03,3.342892950723568533e-03,1.104680211782446236e-04
3.732000000000000000e+03,1.535169659455617357e-03,6.963002735486581831e-05
3.733000000000000000e+03,2.841477608631054648e-03,1.001720287209714315e-04
3.734000000000000000e+03,2.700439685136079605e-03,9.818850618108836636e-05
3.735000000000000000e+03,5.173122606774171323e-03,1.414348156722584026e-04
3.736000000000000000e+03,1.338017486830552372e-03,7.164727979459663081e-05
3.737000000000000000e+03,2.463423009465138050e-03,9.503366442350378782e-05
3.738000000000000000e+03,2.240359321832656805e-03,8.944018544627981688e-05
3.739000000000000000e+03,4.340577428787946966e-03,1.283010851036678096e-04
3.740000000000000000e+03,2.040896195222934115e-03,8.699591728765633080e-05
3.741000000000000000e+03,3.854273187220096705e-03,1.238296646432254084e-04
3.742000000000000000e+03,3.588328395783901316e-03,1.151075550270850499e-04
3.743000000000000000e+03,6.953929173052310515e-03,1.663002236864373777e-04
3.744000000000000000e+03,9.933888133366903118e-04,5.228848268667008451e-05
3.745000000000000000e+03,1.991473919302225171e-03,8.078624874448057491e-05
3.746000000000000000e+03,1.667386336376269589e-03,7.286140846087191605e-05
3.747000000000000000e+03,3.378350396504004993e-03,1.135460896814549978e-04
3.748000000000000000e+03,1.437427095721165388e-03,6.890643862112221841e-05
3.749000000000000000e+03,2.784395650674899216e-03,1.018453899987579363e-04
3.750000000000000000e+03,2.561385178118944297e-03,1.003317446551162817e-04
3.751000000000000000e+03,5.008159628560145647e-03,1.449387608901471947e-04
3.752000000000000000e+03,1.147565425982077867e-03,5.967433765014777561e-05
3.753000000000000000e+03,2.218662626693645914e-03,8.651801655517194758e-05
3.754000000000000000e+03,1.917631127585967335e-03,7.910753402304755721e-05
3.755000000000000000e+03,4.006872480760017598e-03,1.282770978136753910e-04
3.756000000000000000e+03,1.788554811924696021e-03,7.789724524427991091e-05
3.757000000000000000e+03,3.444165772000948745e-03,1.166346831355872642e-04
3.758000000000000000e+03,3.317792767037947878e-03,1.311876795268771803e-04
3.759000000000000000e+03,6.504855274111032842e-03,1.823240048953131431e-04
3.760000000000000000e+03,1.031362486829360322e-03,5.720638432791226932e-05
3.761000000000000000e+03,1.980364367365837052e-03,7.917327563938852042e-05
3.762000000000000000e+03,1.735399779776732217e-03,7.928907924941808270e-05
3.763000000000000000e+03,3.489513801584641188e-03,1.155315120711488866e-04
3.764000000000000000e+03,1.559861647884050939e-03,7.370277824139535210e-05
3.765000000000000000e+03,2.936517729858557305e-03,1.046069922120108437e-04
3.766000000000000000e+03,2.816397169729073675e-03,1.081408974517501131e-04
3.767000000000000000e+03,5.461544167349736099e-03,1.529687843600044536e-04
3.768000000000000000e+03,1.360136350939671274e-03,7.481296334247954636e-05
3.769000000000000000e+03,2.567695018202066637e-03,1.012168455046763918e-04
3.770000000000000000e+03,2.283167347212632352e-03,9.626697611379876065e-05
3.771000000000000000e+03,4.631700576146443801e-03,1.420617711717549745e-04
3.772000000000000000e+03,2.125629887878894946e-03,9.291923974371815980e-05
3.773000000000000000e+03,4.105092477301756568e-03,1.324539401420217282e-04
3.774000000000000000e+03,3.849087718228498978e-03,1.374353017142029799e-04
3.775000000000000000e+03,7.656895601153373976e-03,1.947396047223259863e-04
3.776000000000000000e+03,1.013005730261405364e-03,5.395061869856554150e-05
3.777000000000000000e+03,1.934129474461078642e-03,7.757507230580178289e-05
3.778000000000000000e+03,1.618567334214846345e-03,7.189237234497426591e-05
3.779000000000000000e+03,3.294422435114780986e-03,1.101972189660242290e-04
3.780000000000000000e+03,1.426085475037495347e-03,6.686174428532017946e-05
3.781000000000000000e+03,2.758093367666006237e-03,1.015163423073068438e-04
3.782000000000000000e+03,2.512896436850229741e-03,9.412123916964627542e-05
3.783000000000000000e+03,4.882536608676115407e-03,1.378464170284910935e-04
3.784000000000000000e+03,1.229913503428300145e-03,7.403117757969721350e-05
3.785000000000000000e+03,2.313314496328433556e-03,1.015360632761985016e-04
3.786000000000000000e+03,2.018823937028646400e-03,9.600652117489416409e-05
3.787000000000000000e+03,3.994075473596652055e-03,1.381711908713574588e-04
3.788000000000000000e+03,1.838428672105073877e-03,8.961972671498441014e-05
3.789000000000000000e+03,3.444418415476878468e-03,1.227027808638416373e-04
3.790000000000000000e+03,3.207411401569843206e-03,1.211092914712947135e-04
3.791000000000000000e+03,6.249978714336951353e-03,1.725369336193547211e-04
3.792000000000000000e+03,1.055401791085799597e-03,5.624754136187586529e-05
3.793000000000000000e+03,2.000484197586774923e-03,8.093326399063826117e-05
3.794000000000000000e+03,1.729542889744043344e-03,7.565440677363688676e-05
3.795000000000000000e+03,3.453166288385788475e-03,1.144871758956581497e-04
3.796000000000000000e+03,1.503466681738694537e-03,6.875692142636895168e-05
3.797000000000000000e+03,2.935331129332383569e-03,1.079295349953673596e-04
3.798000000000000000e+03,2.664598231166601279e-03,9.944853719838306772e-05
3.799000000000000000e+03,5.263944459458192414e-03,1.478467788146219585e-04
3.800000000000000000e+03,1.384257575770219111e-03,7.594212309943973894e-05
3.801000000000000000e+03,2.537766696015993865e-03,1.013700301645568741e-04
3.802000000000000000e+03,2.246869153976440402e-03,9.091031776708664630e-05
3.803000000000000000e+03,4.506420160631338656e-03,1.417080142704294215e-04
3.804000000000000000e+03,2.051147511502106856e-03,8.906895974619120665e-05
3.805000000000000000e+03,3.938591180791457293e-03,1.288872633454560387e-04
3.806000000000000000e+03,3.637888230184713884e-03,1.220553376650782267e-04
3.807000000000000000e+03,7.216465642998616190e-03,1.830384819278898796e-04
3.808000000000000000e+03,1.035500325908263446e-03,5.423572561754237540e-05
3.809000000000000000e+03,2.029735324730475542e-03,8.362184360594215990e-05
3.810000000000000000e+03,1.716807631502548920e-03,7.567597022520622971e-05
3.811000000000000000e+03,3.437287206103404550e-03,1.170559148948508202e-04
3.812000000000000000e+03,1.471161188979943583e-03,6.872287137660751757e-05
3.813000000000000000e+03,2.810270979056755502e-03,1.026250813241154656e-04
3.814000000000000000e+03,2.587445411930481762e-03,9.657135362345685913e-05
3.815000000000000000e+03,5.045950359056393560e-03,1.461573649801827717e-04
3.816000000000000000e+03,1.172399996072054015e-03,6.071915101516732325e-05
3.817000000000000000e+03,2.283527417629957132e-03,9.209657728123666883e-05
3.818000000000000000e+03,2.033743052333593371e-03,8.501053570179003030e-05
3.819000000000000000e+03,4.095581601212421909e-03,1.352735673738236950e-04
3.820000000000000000e+03,1.811408626238505092e-03,8.163575870711918482e-05
3.821000000000000000e+03,3.448355441739161913e-03,1.177677905740876391e-04
3.822000000000000000e+03,3.364848568240801346e-03,1.285691066204123231e-04
3.823000000000000000e+03,6.551438750525315213e-03,1.820627231069001832e-04
3.824000000000000000e+03,1.080910237679878847e-03,5.472173977402011827e-05
3.825000000000000000e+03,2.052388693988323014e-03,8.054612725618253148e-05
3.826000000000000000e+03,1.796238776892423571e-03,7.212192833791638245e-05
3.827000000000000000e+03,3.557500597735246180e-03,1.156963279155997013e-04
3.828000000000000000e+03,1.572013771484295427e-03,6.855362553287433817e-05
3.829000000000000000e+03,2.981069402992725381e-03,1.019935588470431427e-04
3.830000000000000000e+03,2.808827773531277945e-03,9.803050679570104889e-05
3.831000000000000000e+03,5.521452989776929297e-03,1.505326164224474162e-04
3.832000000000000000e+03,1.360694380253553437e-03,6.939939375191108545e-05
3.833000000000000000e+03,2.671760398844877718e-03,1.071534545446808343e-04
3.834000000000000000e+03,2.397579978803793602e-03,9.506209820279464310e-05
3.835000000000000000e+03,4.848231262415647093e-03,1.522722808373766100e-04
3.836000000000000000e+03,2.147401619404554294e-03,8.877238588050757038e-05
3.837000000000000000e+03,4.234239200303952129e-03,1.366224093857376382e-04
3.838000000000000000e+03,4.003120299776395316e-03,1.372161227715456785e-04
3.839000000000000000e+03,7.914554517070453155e-03,1.984914891676065616e-04
3.840000000000000000e+03,1.091236746460199410e-03,6.414498872883028259e-05
3.841000000000000000e+03,2.117631567567586706e-03,8.990263723475061075e-05
3.842000000000000000e+03,1.773854379802942190e-03,8.237366372786328480e-05
3.843000000000000000e+03,3.488952139566342016e-03,1.176935467484757305e-04
3.844000000000000000e+03,1.441759889771540874e-03,7.021653183223814038e-05
3.845000000000000000e+03,2.818774407406647933e-03,1.022496574787812740e-04
3.846000000000000000e+03,2.520527626623709789e-03,9.481796256329443528e-05
3.847000000000000000e+03,4.929035922388236117e-03,1.374466607940010314e-04
3.848000000000000000e+03,1.188136067092418653e-03,6.499858492760841422e-05
3.849000000000000000e+03,2.233143546581268461e-03,8.638938408110208962e-05
3.850000000000000000e+03,2.024214301357666560e-03,8.615268457586837544e-05
3.851000000000000000e+03,3.951845127145449388e-03,1.224090443946242342e-04
3.852000000000000000e+03,1.777055211166540674e-03,7.948775364510454093e-05
3.853000000000000000e+03,3.335307118246952623e-03,1.071177729012454170e-04
3.854000000000000000e+03,3.124664601733286983e-03,1.093121132251883800e-04
3.855000000000000000e+03,6.088180529723564820e-03,1.556072113454139779e-04
3.856000000000000000e+03,1.042891668677330087e-03,6.281430014327453134e-05
3.857000000000000000e+03,2.001999391019344474e-03,9.294797522991550282e-05
3.858000000000000000e+03,1.832247917403777467e-03,8.804540973086243984e-05
3.859000000000000000e+03,3.517486298630634767e-03,1.257760156229362095e-04
3.860000000000000000e+03,1.473677523632844393e-03,7.123196967342854406e-05
3.861000000000000000e+03,2.792647530585527435e-03,1.007207924123219687e-04
3.862000000000000000e+03,2.609594719707965770e-03,9.440684005010082811e-05
3.863000000000000000e+03,5.121095106750726302e-03,1.413206665333636405e-04
3.864000000000000000e+03,1.323728890319665358e-03,7.212648341080692875e-05
3.865000000000000000e+03,2.502313010096549831e-03,9.882020005039291019e-05
3.866000000000000000e+03,2.266747331867615366e-03,9.229868399772207159e-05
3.867000000000000000e+03,4.391934488266706696e-03,1.304328468216257213e-04
3.868000000000000000e+03,1.959889937639236468e-03,8.398889613358841947e-05
3.869000000000000000e+03,3.738317044774691449e-03,1.144361453849955735e-04
3.870000000000000000e+03,3.527367959171533434e-03,1.127813557100346728e-04
3.871000000000000000e+03,6.878422954281170933e-03,1.626079010525860566e-04
3.872000000000000000e+03,1.080287158985932579e-03,7.784547974823781055e-05
3.873000000000000000e+03,2.035501152326663326e-03,9.568025929769729220e-05
3.874000000000000000e+03,1.766980467339356693e-03,9.419127601730561657e-05
3.875000000000000000e+03,3.401936480402946526e-03,1.247181599518226280e-04
3.876000000000000000e+03,1.499385370512803378e-03,8.500005318907179186e-05
3.877000000000000000e+03,2.881119124342997832e-03,1.146882714964333371e-04
3.878000000000000000e+03,2.626778844793637574e-03,1.138306958934568857e-04
3.879000000000000000e+03,5.035550052175919583e-03,1.526547630913698027e-04
3.880000000000000000e+03,1.217794310698906615e-03,8.005521543809094253e-05
3.881000000000000000e+03,2.283836719443400713e-03,9.938726690223528718e-05
3.882000000000000000e+03,2.047714952329794409e-03,1.031919278009456179e-04
3.883000000000000000e+03,4.046557520429293515e-03,1.407985466985596621e-04
3.884000000000000000e+03,1.811231951614220969e-03,9.473640191428536349e-05
3.885000000000000000e+03,3.454311434328556033e-03,1.276374668051550210e-04
3.886000000000000000e+03,3.256992239306370513e-03,1.293911865261296605e-04
3.887000000000000000e+03,6.320862070570389818e-03,1.782400265665674691e-04
3.888000000000000000e+03,1.018116142799456838e-03,5.715042129592910525e-05
3.889000000000000000e+03,1.909630057712395895e-03,7.711576559573315461e-05
3.890000000000000000e+03,1.739034049808978969e-03,7.547935309268120581e-05
3.891000000000000000e+03,3.399237276613712236e-03,1.111634516577177562e-04
3.892000000000000000e+03,1.514171642909447387e-03,7.407845071778021439e-05
3.893000000000000000e+03,2.890330119182666323e-03,1.060053625014360128e-04
3.894000000000000000e+03,2.724275651822487439e-03,1.004280073489306898e-04
3.895000000000000000e+03,5.254753647645314142e-03,1.456729121801703304e-04
3.896000000000000000e+03,1.326933375845352862e-03,6.896418329425585739e-05
3.897000000000000000e+03,2.470946009010076445e-03,9.193995735238199587e-05
3.898000000000000000e+03,2.335026460886001701e-03,9.748281359392936877e-05
3.899000000000000000e+03,4.539035528947910070e-03,1.405568536299428421e-04
3.900000000000000000e+03,2.022108033945162978e-03,8.341922302392420715e-05
3.901000000000000000e+03,3.879550483028093924e-03,1.172757591292625343e-04
3.902000000000000000e+03,3.694375604391098109e-03,1.212205406096432143e-04
3.903000000000000000e+03,7.353928635617097177e-03,1.833598884856794421e-04
3.904000000000000000e+03,1.056928806453943286e-03,6.257159351057451648e-05
3.905000000000000000e+03,2.020694663226604675e-03,9.218255764045607504e-05
3.906000000000000000e+03,1.700581156810124618e-03,8.005121297914005772e-05
3.907000000000000000e+03,3.385749887178341605e-03,1.217641273983946986e-04
3.908000000000000000e+03,1.394731011937061982e-03,6.586950499724679442e-05
3.909000000000000000e+03,2.697960983018080246e-03,1.002254748375366102e-04
3.910000000000000000e+03,2.503935723106066446e-03,9.537069269676827542e-05
3.911000000000000000e+03,4.884550047218799707e-03,1.436493580210351881e-04
3.912000000000000000e+03,1.196943851312001587e-03,6.539722792730284285e-05
3.913000000000000000e+03,2.263943677544593813e-03,9.315187918408222899e-05
3.914000000000000000e+03,1.970630852033694591e-03,8.445600817627144693e-05
3.915000000000000000e+03,3.956175642510255212e-03,1.335578896374378232e-04
3.916000000000000000e+03,1.779841358264287266e-03,7.842945287647993299e-05
3.917000000000000000e+03,3.461516408175230146e-03,1.212961391103663863e-04
3.918000000000000000e+03,3.060594173669814889e-03,1.085493040682280959e-04
3.919000000000000000e+03,6.127788782417774131e-03,1.711995471051685677e-04
3.920000000000000000e+03,1.009779146860043152e-03,5.114347939774926895e-05
3.921000000000000000e+03,1.908598410636186578e-03,7.588675931601510528e-05
3.922000000000000000e+03,1.654397293875614757e-03,6.915357285172796090e-05
3.923000000000000000e+03,3.285127689937750693e-03,1.086036228392241691e-04
3.924000000000000000e+03,1.445752656906843176e-03,6.595347010999331593e-05
3.925000000000000000e+03,2.753988834967215776e-03,9.756264848222919047e-05
3.926000000000000000e+03,2.509179198096195967e-03,8.794221090467011772e-05
3.927000000000000000e+03,4.980805800954501115e-03,1.372844168467576007e-04
3.928000000000000000e+03,1.302323501308759023e-03,7.004742515057915913e-05
3.929000000000000000e+03,2.411777632484833536e-03,9.192863171251747874e-05
3.930000000000000000e+03,2.107222716212272823e-03,8.513190653212784279e-05
3.931000000000000000e+03,4.271189711441596495e-03,1.337652740360928264e-04
3.932000000000000000e+03,1.955186123301585338e-03,8.388561538694509735e-05
3.933000000000000000e+03,3.837805140018463092e-03,1.252181983390111689e-04
3.934000000000000000e+03,3.348545731256405335e-03,1.102315959366307810e-04
3.935000000000000000e+03,6.801578057706356151e-03,1.707088052025121892e-04
3.936000000000000000e+03,1.026334309826294668e-03,5.887717437883032372e-05
3.937000000000000000e+03,1.970897587289412948e-03,8.043474938906718108e-05
3.938000000000000000e+03,1.634248142093419967e-03,7.365075295208031150e-05
3.939000000000000000e+03,3.250087432612975419e-03,1.117337029508786811e-04
3.940000000000000000e+03,1.374245399783055035e-03,6.401086105515037684e-05
3.941000000000000000e+03,2.652811243484417669e-03,9.265486834768543430e-05
3.942000000000000000e+03,2.407174256891012141e-03,8.928765709453571214e-05
3.943000000000000000e+03,4.725206454346577746e-03,1.342911349173235482e-04
3.944000000000000000e+03,1.204169665624698097e-03,6.608621456256509315e-05
3.945000000000000000e+03,2.194940980821848044e-03,8.544120367149757908e-05
3.946000000000000000e+03,1.952634878903627361e-03,8.681349216825479706e-05
3.947000000000000000e+03,3.951898978352547109e-03,1.341509644396834239e-04
3.948000000000000000e+03,1.727499004205067896e-03,7.761914363475563633e-05
3.949000000000000000e+03,3.392794362356265411e-03,1.158596319052123091e-04
3.950000000000000000e+03,3.116949300666649932e-03,1.144343410881371818e-04
3.951000000000000000e+03,6.266580768078565920e-03,1.754785063202885279e-04
3.952000000000000000e+03,1.083387536803881402e-03,5.839327316149424624e-05
3.953000000000000000e+03,1.932054763038953092e-03,7.538160292166745516e-05
3.954000000000000000e+03,1.765780714750289984e-03,7.492144724963181669e-05
3.955000000000000000e+03,3.395933651179075356e-03,1.123638604830365308e-04
3.956000000000000000e+03,1.477487238049507174e-03,6.665510214658225364e-05
3.957000000000000000e+03,2.782113853792349441e-03,9.372415930421519061e-05
3.958000000000000000e+03,2.669859276314576375e-03,9.365771869990257084e-05
3.959000000000000000e+03,5.252211943864822791e-03,1.427776087459626197e-04
3.960000000000000000e+03,1.392844322025775907e-03,7.497602928523558138e-05
3.961000000000000000e+03,2.534575883994499845e-03,9.563228382323411597e-05
3.962000000000000000e+03,2.354705747912327462e-03,9.788219312561301786e-05
3.963000000000000000e+03,4.635654311279455674e-03,1.456140553937880727e-04
3.964000000000000000e+03,2.027993632405996130e-03,8.531094485080834629e-05
3.965000000000000000e+03,4.015294662863016194e-03,1.299091134305076548e-04
3.966000000000000000e+03,3.742267925590276809e-03,1.274443956991233107e-04
3.967000000000000000e+03,7.593517969002326444e-03,1.932408990910172535e-04
3.968000000000000000e+03,1.012866731782754255e-03,5.572888666765918835e-05
3.969000000000000000e+03,1.893967413653929992e-03,7.717977874898611455e-05
3.970000000000000000e+03,1.606370924760898043e-03,6.917578111656224758e-05
3.971000000000000000e+03,3.222337350199619768e-03,1.079909182031383880e-04
3.972000000000000000e+03,1.426794535368680920e-03,7.361669817717485459e-05
3.973000000000000000e+03,2.607760681460301148e-03,9.884510138201158414e-05
3.974000000000000000e+03,2.420397007117668781e-03,9.077581547647917398e-05
3.975000000000000000e+03,4.742971438417831892e-03,1.402730318746935620e-04
3.976000000000000000e+03,1.203078748285770373e-03,6.625967910379273508e-05
3.977000000000000000e+03,2.199923248042663128e-03,8.800382376699917122e-05
3.978000000000000000e+03,1.890668923507134126e-03,8.136448610268336309e-05
3.979000000000000000e+03,3.772869260112444480e-03,1.227565789249183547e-04
3.980000000000000000e+03,1.768982183982928608e-03,8.728522004921558609e-05
3.981000000000000000e+03,3.331048994561036473e-03,1.189339910054619179e-04
3.982000000000000000e+03,3.007995050549507141e-03,1.099087841590677087e-04
3.983000000000000000e+03,6.033727310697237917e-03,1.689769636579791954e-04
3.984000000000000000e+03,1.054471029440561935e-03,5.865709660822133895e-05
3.985000000000000000e+03,1.940834117929140634e-03,8.003472852514385719e-05
3.986000000000000000e+03,1.724095555245876328e-03,7.501496713015930662e-05
3.987000000000000000e+03,3.288975949337085043e-03,1.096019371210685126e-04
3.988000000000000000e+03,1.511185741672913148e-03,7.400142739767187193e-05
3.989000000000000000e+03,2.771756894538800024e-03,1.014565464437655205e-04
3.990000000000000000e+03,2.617047858188549687e-03,9.574531993589449435e-05
3.991000000000000000e+03,5.032385418961445728e-03,1.424572541562430027e-04
3.992000000000000000e+03,1.337575938900311800e-03,7.151180184713063187e-05
3.993000000000000000e+03,2.445904352267583206e-03,9.405655902533620338e-05
3.994000000000000000e+03,2.213689884046713460e-03,8.906771089407112803e-05
3.995000000000000000e+03,4.318508188426494442e-03,1.339759501796949524e-04
3.996000000000000000e+03,2.082975974877675478e-03,9.631161565109689520e-05
3.997000000000000000e+03,3.878296761661767771e-03,1.270136072701928025e-04
3.998000000000000000e+03,3.525579450378815444e-03,1.181615638826624150e-04
3.999000000000000000e+03,6.893697572400172245e-03,1.725754719885804150e-04
4.000000000000000000e+03,1.070856484323739989e-03,6.582880640387648880e-05
4.001000000000000000e+03,1.994821374515692251e-03,8.492456683669402618e-05
4.002000000000000000e+03,1.657333330313364751e-03,7.602505643432032930e-05
4.003000000000000000e+03,3.252166126122077103e-03,1.097792963943805631e-04
4.004000000000000000e+03,1.444549159010251414e-03,7.816756661523910203e-05
4.005000000000000000e+03,2.693628075073162525e-03,1.035156654350229214e-04
4.006000000000000000e+03,2.469689128051201325e-03,9.809218991071444178e-05
4.007000000000000000e+03,4.753254985560973270e-03,1.390571871977700554e-04
4.008000000000000000e+03,1.211936631947755890e-03,7.029123872442759064e-05
4.009000000000000000e+03,2.227432934244473559e-03,9.152547854436993136e-05
4.010000000000000000e+03,2.017412173251310979e-03,9.659599084759374482e-05
4.011000000000000000e+03,3.963765197942654625e-03,1.353571954321427032e-04
4.012000000000000000e+03,1.813170859217643665e-03,8.932029015024427687e-05
4.013000000000000000e+03,3.424291273603836516e-03,1.232277562360218606e-04
4.014000000000000000e+03,3.103430481652418808e-03,1.188634576158852931e-04
4.015000000000000000e+03,6.137952882349491553e-03,1.699805018189704876e-04
4.016000000000000000e+03,1.067068753341833803e-03,6.093986781808403654e-05
4.017000000000000000e+03,1.929718034863471890e-03,7.916753084681135591e-05
4.018000000000000000e+03,1.702546606212854315e-03,7.439412356225914499e-05
4.019000000000000000e+03,3.326813602497180264e-03,1.102936147985351023e-04
4.020000000000000000e+03,1.549684916983048045e-03,7.908323206426377599e-05
4.021000000000000000e+03,2.796840817431609037e-03,1.041940033121517805e-04
4.022000000000000000e+03,2.639245137373606546e-03,9.983574270394047156e-05
4.023000000000000000e+03,5.101340947051843412e-03,1.445207628252499397e-04
4.024000000000000000e+03,1.338228171716133834e-03,7.396361106762772836e-05
4.025000000000000000e+03,2.436697262177864743e-03,9.699713801361810512e-05
4.026000000000000000e+03,2.251124433577060720e-03,9.715604473838826275e-05
4.027000000000000000e+03,4.417839972873528927e-03,1.381209360188563487e-04
4.028000000000000000e+03,2.022688724001248627e-03,9.244718091278006822e-05
4.029000000000000000e+03,3.911436898410320002e-03,1.318027083699406228e-04
4.030000000000000000e+03,3.644047328978777030e-03,1.280768221928497443e-04
4.031000000000000000e+03,7.220413209050893961e-03,1.825841774786109758e-04
4.032000000000000000e+03,9.944530137379963778e-04,5.714512952105994971e-05
4.033000000000000000e+03,1.915180915842453575e-03,8.340544032599146718e-05
4.034000000000000000e+03,1.690030838350454947e-03,9.262042207562617654e-05
4.035000000000000000e+03,3.295903130273024340e-03,1.228201597914456390e-04
4.036000000000000000e+03,1.387434508850177162e-03,7.186006884531300192e-05
4.037000000000000000e+03,2.655109828561544576e-03,1.001267254615516815e-04
4.038000000000000000e+03,2.508272134910027353e-03,1.060052686945236881e-04
4.039000000000000000e+03,4.747990659375985779e-03,1.445199436360029312e-04
4.040000000000000000e+03,1.157089711775382375e-03,6.530573662275499327e-05
4.041000000000000000e+03,2.184571648985147475e-03,8.917627667918784915e-05
4.042000000000000000e+03,1.956808364987373209e-03,9.531891587226703534e-05
4.043000000000000000e+03,3.857303859839836778e-03,1.348770524671228396e-04
4.044000000000000000e+03,1.692738287150859786e-03,7.954817971425822310e-05
4.045000000000000000e+03,3.237370132108529242e-03,1.115425123109543983e-04
4.046000000000000000e+03,3.014216274221738316e-03,1.141876855172260698e-04
4.047000000000000000e+03,5.918764556149641934e-03,1.652426824421430942e-04
4.048000000000000000e+03,1.019148434450228933e-03,5.928363443706669250e-05
4.049000000000000000e+03,1.881428575664758577e-03,7.660196702837016155e-05
4.050000000000000000e+03,1.689509120186169890e-03,8.723453911313846154e-05
4.051000000000000000e+03,3.194926590472459832e-03,1.133504627357991723e-04
4.052000000000000000e+03,1.484378791650136243e-03,7.714006709401020814e-05
4.053000000000000000e+03,2.759062973757585042e-03,1.058778999189043997e-04
4.054000000000000000e+03,2.650931367129087581e-03,1.103834324031828838e-04
4.055000000000000000e+03,5.070381696522236262e-03,1.546551980864999641e-04
4.056000000000000000e+03,1.386568757196267408e-03,7.853341946583621285e-05
4.057000000000000000e+03,2.437366440544525611e-03,9.512720195056147024e-05
4.058000000000000000e+03,2.203120670765638164e-03,9.914918396076365060e-05
4.059000000000000000e+03,4.243813806424538183e-03,1.374480027174812178e-04
4.060000000000000000e+03,2.020624643911918088e-03,9.457483724796295500e-05
4.061000000000000000e+03,3.731451478252808228e-03,1.222690027674230005e-04
4.062000000000000000e+03,3.449669100046157816e-03,1.213212714680960216e-04
4.063000000000000000e+03,6.807222153246402473e-03,1.768163674959141751e-04
4.064000000000000000e+03,1.022540080994367630e-03,5.988069824524413126e-05
4.065000000000000000e+03,1.936345316469669387e-03,8.124950451270274057e-05
4.066000000000000000e+03,1.728220454404751387e-03,8.856464326591766579e-05
4.067000000000000000e+03,3.276403622577587788e-03,1.160785372611566202e-04
4.068000000000000000e+03,1.422699410518010353e-03,7.243237384898562321e-05
4.069000000000000000e+03,2.696051098555326316e-03,1.028196412228569767e-04
4.070000000000000000e+03,2.598545464028914967e-03,1.069329355952353035e-04
4.071000000000000000e+03,4.938223913758993215e-03,1.498659799039293774e-04
4.072000000000000000e+03,1.187537100911140349e-03,6.964878244541819821e-05
4.073000000000000000e+03,2.166106951038042697e-03,8.698246116703540142e-05
4.074000000000000000e+03,2.006104867806037407e-03,9.608799700411643514e-05
4.075000000000000000e+03,3.977155554095904155e-03,1.384055447290087810e-04
4.076000000000000000e+03,1.747737074891726142e-03,8.814891314638498732e-05
4.077000000000000000e+03,3.383704315175612570e-03,1.272770363611418481e-04
4.078000000000000000e+03,3.255718111942211904e-03,1.270248028239117288e-04
4.079000000000000000e+03,6.439895203659931969e-03,1.851347624410946274e-04
4.080000000000000000e+03,1.045921378781398178e-03,5.496725615856179389e-05
4.081000000000000000e+03,1.898976552933454584e-03,7.334792309742575581e-05
4.082000000000000000e+03,1.727585041771332501e-03,7.650268539734961422e-05
4.083000000000000000e+03,3.330075753529866591e-03,1.079471806787415825e-04
4.084000000000000000e+03,1.468205528954664779e-03,7.098823881416690647e-05
4.085000000000000000e+03,2.796056862374146808e-03,1.075233421210172871e-04
4.086000000000000000e+03,2.695659117052952389e-03,9.950569128665468616e-05
4.087000000000000000e+03,5.284628729472557428e-03,1.522831550986434202e-04
4.088000000000000000e+03,1.314593785007794630e-03,6.903106392196277190e-05
4.089000000000000000e+03,2.486030237476030778e-03,9.709302863071275042e-05
4.090000000000000000e+03,2.313499289751052689e-03,9.961408567229057662e-05
4.091000000000000000e+03,4.580509429971377049e-03,1.475428779037638092e-04
4.092000000000000000e+03,2.002756147682666944e-03,8.754192810370778615e-05
4.093000000000000000e+03,3.986513674457867716e-03,1.340764065916610101e-04
4.094000000000000000e+03,3.782858842164278038e-03,1.295825744714620661e-04
4.095000000000000000e+03,7.631061052779357021e-03,1.968239801731280964e-04
