00000 00001 4
00000 00010 3
00000 00011 4
00000 00022 3
00000 00100 2
00000 00101 4
00000 00110 3
00000 00111 4
00000 00122 3
00000 00202 2
00000 00212 2
00000 00220 2
00000 00221 4
00000 01000 1
00000 01001 4
00000 01010 3
00000 01011 4
00000 01022 3
00000 01100 2
00000 01101 4
00000 01110 3
00000 01111 4
00000 01122 3
00000 01202 2
00000 01212 2
00000 01220 2
00000 01221 4
00000 02002 1
00000 02012 1
00000 02020 1
00000 02021 4
00000 02102 1
00000 02112 1
00000 02120 1
00000 02121 3
00000 02200 1
00000 02201 4
00000 02210 3
00000 02211 4
00000 02222 1
00000 10000 0
00000 10001 4
00000 10010 3
00000 10011 4
00000 10022 3
00000 10100 2
00000 10101 4
00000 10110 3
00000 10111 4
00000 10122 3
00000 10202 2
00000 10212 2
00000 10220 2
00000 10221 4
00000 11000 1
00000 11001 4
00000 11010 3
00000 11011 4
00000 11022 3
00000 11100 2
00000 11101 4
00000 11110 3
00000 11111 4
00000 11122 3
00000 11202 2
00000 11212 2
00000 11220 2
00000 11221 3
00000 12002 1
00000 12012 1
00000 12020 1
00000 12021 4
00000 12102 1
00000 12112 1
00000 12120 1
00000 12121 4
00000 12200 1
00000 12201 4
00000 12210 3
00000 12211 2
00000 12222 2
00000 20002 0
00000 20012 0
00000 20020 0
00000 20021 4
00000 20102 0
00000 20112 0
00000 20120 0
00000 20121 3
00000 20200 0
00000 20201 4
00000 20210 3
00000 20211 2
00000 20222 0
00000 21002 0
00000 21012 0
00000 21020 0
00000 21021 4
00000 21102 0
00000 21112 0
00000 21120 0
00000 21121 4
00000 21200 0
00000 21201 4
00000 21210 0
00000 21211 4
00000 21222 3
00000 22000 0
00000 22001 4
00000 22010 3
00000 22011 4
00000 22022 0
00000 22100 2
00000 22101 4
00000 22110 3
00000 22111 4
00000 22122 3
00000 22202 0
00000 22212 2
00000 22220 0
00000 22221 4
00001 00010 3
00001 00011 3
00001 00022 4
00001 00100 2
00001 00101 2
00001 00110 3
00001 00111 3
00001 00122 4
00001 00202 4
00001 00212 3
00001 00220 2
00001 00221 2
00001 01000 1
00001 01001 1
00001 01010 3
00001 01011 3
00001 01022 4
00001 01100 2
00001 01101 2
00001 01110 3
00001 01111 3
00001 01122 4
00001 01202 4
00001 01212 4
00001 01220 2
00001 01221 2
00001 02002 4
00001 02012 3
00001 02020 1
00001 02021 1
00001 02102 2
00001 02112 4
00001 02120 1
00001 02121 1
00001 02200 1
00001 02201 1
00001 02210 3
00001 02211 3
00001 02222 1
00001 10000 0
00001 10001 0
00001 10010 3
00001 10011 3
00001 10022 4
00001 10100 2
00001 10101 2
00001 10110 3
00001 10111 3
00001 10122 4
00001 10202 4
00001 10212 4
00001 10220 2
00001 10221 2
00001 11000 1
00001 11001 1
00001 11010 3
00001 11011 3
00001 11022 4
00001 11100 2
00001 11101 2
00001 11110 3
00001 11111 3
00001 11122 4
00001 11202 4
00001 11212 4
00001 11220 2
00001 11221 2
00001 12002 4
00001 12012 4
00001 12020 1
00001 12021 1
00001 12102 4
00001 12112 4
00001 12120 1
00001 12121 1
00001 12200 1
00001 12201 1
00001 12210 3
00001 12211 3
00001 12222 4
00001 20002 4
00001 20012 3
00001 20020 0
00001 20021 0
00001 20102 2
00001 20112 4
00001 20120 0
00001 20121 0
00001 20200 0
00001 20201 0
00001 20210 3
00001 20211 3
00001 20222 0
00001 21002 1
00001 21012 4
00001 21020 0
00001 21021 0
00001 21102 4
00001 21112 4
00001 21120 0
00001 21121 0
00001 21200 0
00001 21201 0
00001 21210 3
00001 21211 3
00001 21222 4
00001 22000 0
00001 22001 0
00001 22010 3
00001 22011 3
00001 22022 0
00001 22100 2
00001 22101 0
00001 22110 3
00001 22111 3
00001 22122 4
00001 22202 0
00001 22212 3
00001 22220 2
00001 22221 0
00010 00011 4
00010 00022 4
00010 00100 2
00010 00101 2
00010 00110 2
00010 00111 4
00010 00122 2
00010 00202 3
00010 00212 2
00010 00220 3
00010 00221 4
00010 01000 1
00010 01001 1
00010 01010 1
00010 01011 4
00010 01022 1
00010 01100 2
00010 01101 4
00010 01110 2
00010 01111 4
00010 01122 2
00010 01202 3
00010 01212 2
00010 01220 3
00010 01221 4
00010 02002 3
00010 02012 1
00010 02020 3
00010 02021 4
00010 02102 2
00010 02112 1
00010 02120 2
00010 02121 2
00010 02200 1
00010 02201 3
00010 02210 1
00010 02211 4
00010 02222 1
00010 10000 0
00010 10001 0
00010 10010 0
00010 10011 4
00010 10022 0
00010 10100 2
00010 10101 4
00010 10110 2
00010 10111 4
00010 10122 2
00010 10202 3
00010 10212 2
00010 10220 3
00010 10221 4
00010 11000 1
00010 11001 4
00010 11010 1
00010 11011 4
00010 11022 1
00010 11100 2
00010 11101 2
00010 11110 2
00010 11111 4
00010 11122 2
00010 11202 3
00010 11212 2
00010 11220 3
00010 11221 4
00010 12002 3
00010 12012 1
00010 12020 3
00010 12021 4
00010 12102 3
00010 12112 1
00010 12120 3
00010 12121 4
00010 12200 1
00010 12201 4
00010 12210 1
00010 12211 4
00010 12222 1
00010 20002 3
00010 20012 0
00010 20020 3
00010 20021 4
00010 20102 2
00010 20112 0
00010 20120 2
00010 20121 4
00010 20200 0
00010 20201 3
00010 20210 0
00010 20211 4
00010 20222 0
00010 21002 1
00010 21012 0
00010 21020 3
00010 21021 1
00010 21102 3
00010 21112 0
00010 21120 3
00010 21121 4
00010 21200 0
00010 21201 4
00010 21210 0
00010 21211 4
00010 21222 0
00010 22000 0
00010 22001 3
00010 22010 0
00010 22011 4
00010 22022 0
00010 22100 2
00010 22101 2
00010 22110 2
00010 22111 4
00010 22122 2
00010 22202 3
00010 22212 0
00010 22220 0
00010 22221 4
00011 00022 3
00011 00100 2
00011 00101 2
00011 00110 2
00011 00111 2
00011 00122 2
00011 00202 4
00011 00212 4
00011 00220 3
00011 00221 3
00011 01000 1
00011 01001 1
00011 01010 1
00011 01011 1
00011 01022 1
00011 01100 2
00011 01101 2
00011 01110 2
00011 01111 2
00011 01122 4
00011 01202 4
00011 01212 4
00011 01220 3
00011 01221 3
00011 02002 4
00011 02012 4
00011 02020 3
00011 02021 3
00011 02102 2
00011 02112 2
00011 02120 2
00011 02121 2
00011 02200 1
00011 02201 1
00011 02210 1
00011 02211 1
00011 02222 1
00011 10000 0
00011 10001 0
00011 10010 0
00011 10011 0
00011 10022 0
00011 10100 2
00011 10101 2
00011 10110 2
00011 10111 2
00011 10122 4
00011 10202 4
00011 10212 4
00011 10220 3
00011 10221 3
00011 11000 1
00011 11001 1
00011 11010 1
00011 11011 1
00011 11022 4
00011 11100 2
00011 11101 2
00011 11110 2
00011 11111 2
00011 11122 4
00011 11202 4
00011 11212 4
00011 11220 3
00011 11221 3
00011 12002 4
00011 12012 4
00011 12020 3
00011 12021 3
00011 12102 4
00011 12112 4
00011 12120 3
00011 12121 3
00011 12200 1
00011 12201 1
00011 12210 1
00011 12211 1
00011 12222 4
00011 20002 4
00011 20012 4
00011 20020 3
00011 20021 3
00011 20102 2
00011 20112 2
00011 20120 2
00011 20121 2
00011 20200 0
00011 20201 0
00011 20210 0
00011 20211 0
00011 20222 0
00011 21002 1
00011 21012 4
00011 21020 3
00011 21021 1
00011 21102 4
00011 21112 4
00011 21120 3
00011 21121 3
00011 21200 0
00011 21201 0
00011 21210 0
00011 21211 0
00011 21222 4
00011 22000 0
00011 22001 0
00011 22010 0
00011 22011 0
00011 22022 0
00011 22100 2
00011 22101 2
00011 22110 2
00011 22111 2
00011 22122 2
00011 22202 4
00011 22212 0
00011 22220 3
00011 22221 0
00022 00100 2
00022 00101 2
00022 00110 4
00022 00111 3
00022 00122 2
00022 00202 3
00022 00212 2
00022 00220 4
00022 00221 2
00022 01000 1
00022 01001 1
00022 01010 4
00022 01011 3
00022 01022 1
00022 01100 4
00022 01101 2
00022 01110 4
00022 01111 3
00022 01122 2
00022 01202 3
00022 01212 2
00022 01220 4
00022 01221 2
00022 02002 3
00022 02012 1
00022 02020 4
00022 02021 1
00022 02102 2
00022 02112 1
00022 02120 4
00022 02121 1
00022 02200 1
00022 02201 1
00022 02210 1
00022 02211 1
00022 02222 1
00022 10000 0
00022 10001 0
00022 10010 4
00022 10011 3
00022 10022 0
00022 10100 3
00022 10101 2
00022 10110 4
00022 10111 3
00022 10122 2
00022 10202 3
00022 10212 2
00022 10220 4
00022 10221 2
00022 11000 1
00022 11001 1
00022 11010 4
00022 11011 3
00022 11022 1
00022 11100 4
00022 11101 2
00022 11110 4
00022 11111 3
00022 11122 2
00022 11202 3
00022 11212 2
00022 11220 4
00022 11221 2
00022 12002 3
00022 12012 1
00022 12020 4
00022 12021 1
00022 12102 3
00022 12112 1
00022 12120 4
00022 12121 1
00022 12200 4
00022 12201 1
00022 12210 4
00022 12211 3
00022 12222 1
00022 20002 3
00022 20012 0
00022 20020 4
00022 20021 0
00022 20102 2
00022 20112 0
00022 20120 2
00022 20121 0
00022 20200 0
00022 20201 0
00022 20210 0
00022 20211 0
00022 20222 0
00022 21002 1
00022 21012 0
00022 21020 1
00022 21021 0
00022 21102 3
00022 21112 0
00022 21120 4
00022 21121 0
00022 21200 4
00022 21201 0
00022 21210 4
00022 21211 3
00022 21222 0
00022 22000 0
00022 22001 0
00022 22010 0
00022 22011 0
00022 22022 0
00022 22100 2
00022 22101 2
00022 22110 4
00022 22111 3
00022 22122 0
00022 22202 0
00022 22212 0
00022 22220 0
00022 22221 0
00100 00101 4
00100 00110 3
00100 00111 4
00100 00122 3
00100 00202 4
00100 00212 4
00100 00220 3
00100 00221 3
00100 01000 1
00100 01001 1
00100 01010 1
00100 01011 1
00100 01022 1
00100 01100 1
00100 01101 4
00100 01110 3
00100 01111 4
00100 01122 3
00100 01202 1
00100 01212 1
00100 01220 1
00100 01221 1
00100 02002 2
00100 02012 2
00100 02020 2
00100 02021 2
00100 02102 1
00100 02112 1
00100 02120 1
00100 02121 4
00100 02200 2
00100 02201 4
00100 02210 3
00100 02211 4
00100 02222 3
00100 10000 0
00100 10001 0
00100 10010 3
00100 10011 0
00100 10022 3
00100 10100 0
00100 10101 4
00100 10110 3
00100 10111 4
00100 10122 3
00100 10202 0
00100 10212 0
00100 10220 0
00100 10221 0
00100 11000 1
00100 11001 2
00100 11010 3
00100 11011 4
00100 11022 3
00100 11100 1
00100 11101 4
00100 11110 3
00100 11111 4
00100 11122 3
00100 11202 1
00100 11212 1
00100 11220 1
00100 11221 4
00100 12002 2
00100 12012 2
00100 12020 2
00100 12021 4
00100 12102 1
00100 12112 1
00100 12120 1
00100 12121 4
00100 12200 2
00100 12201 4
00100 12210 3
00100 12211 4
00100 12222 3
00100 20002 2
00100 20012 2
00100 20020 2
00100 20021 2
00100 20102 0
00100 20112 0
00100 20120 0
00100 20121 4
00100 20200 2
00100 20201 4
00100 20210 3
00100 20211 4
00100 20222 3
00100 21002 1
00100 21012 1
00100 21020 1
00100 21021 1
00100 21102 0
00100 21112 0
00100 21120 0
00100 21121 4
00100 21200 2
00100 21201 1
00100 21210 1
00100 21211 1
00100 21222 1
00100 22000 0
00100 22001 2
00100 22010 2
00100 22011 2
00100 22022 2
00100 22100 0
00100 22101 4
00100 22110 3
00100 22111 4
00100 22122 0
00100 22202 0
00100 22212 0
00100 22220 0
00100 22221 4
00101 00110 3
00101 00111 3
00101 00122 4
00101 00202 2
00101 00212 3
00101 00220 4
00101 00221 3
00101 01000 1
00101 01001 1
00101 01010 1
00101 01011 1
00101 01022 2
00101 01100 1
00101 01101 1
00101 01110 3
00101 01111 3
00101 01122 4
00101 01202 1
00101 01212 1
00101 01220 1
00101 01221 1
00101 02002 4
00101 02012 2
00101 02020 2
00101 02021 2
00101 02102 4
00101 02112 3
00101 02120 1
00101 02121 1
00101 02200 2
00101 02201 2
00101 02210 3
00101 02211 3
00101 02222 4
00101 10000 0
00101 10001 0
00101 10010 0
00101 10011 0
00101 10022 0
00101 10100 0
00101 10101 0
00101 10110 3
00101 10111 3
00101 10122 4
00101 10202 0
00101 10212 0
00101 10220 0
00101 10221 0
00101 11000 1
00101 11001 1
00101 11010 3
00101 11011 3
00101 11022 4
00101 11100 1
00101 11101 1
00101 11110 3
00101 11111 3
00101 11122 4
00101 11202 2
00101 11212 4
00101 11220 1
00101 11221 1
00101 12002 4
00101 12012 4
00101 12020 2
00101 12021 2
00101 12102 4
00101 12112 4
00101 12120 1
00101 12121 1
00101 12200 2
00101 12201 2
00101 12210 3
00101 12211 3
00101 12222 4
00101 20002 4
00101 20012 2
00101 20020 2
00101 20021 2
00101 20102 4
00101 20112 3
00101 20120 0
00101 20121 0
00101 20200 2
00101 20201 2
00101 20210 3
00101 20211 3
00101 20222 4
00101 21002 1
00101 21012 1
00101 21020 1
00101 21021 2
00101 21102 1
00101 21112 4
00101 21120 0
00101 21121 0
00101 21200 1
00101 21201 1
00101 21210 1
00101 21211 1
00101 21222 1
00101 22000 0
00101 22001 0
00101 22010 2
00101 22011 2
00101 22022 2
00101 22100 0
00101 22101 0
00101 22110 3
00101 22111 3
00101 22122 0
00101 22202 0
00101 22212 3
00101 22220 0
00101 22221 0
00110 00111 4
00110 00122 4
00110 00202 3
00110 00212 4
00110 00220 2
00110 00221 2
00110 01000 1
00110 01001 1
00110 01010 1
00110 01011 1
00110 01022 1
00110 01100 1
00110 01101 1
00110 01110 1
00110 01111 4
00110 01122 1
00110 01202 1
00110 01212 1
00110 01220 1
00110 01221 1
00110 02002 3
00110 02012 2
00110 02020 3
00110 02021 4
00110 02102 3
00110 02112 1
00110 02120 3
00110 02121 4
00110 02200 2
00110 02201 3
00110 02210 2
00110 02211 4
00110 02222 2
00110 10000 0
00110 10001 0
00110 10010 0
00110 10011 0
00110 10022 0
00110 10100 0
00110 10101 0
00110 10110 0
00110 10111 4
00110 10122 0
00110 10202 0
00110 10212 0
00110 10220 0
00110 10221 0
00110 11000 1
00110 11001 4
00110 11010 1
00110 11011 4
00110 11022 1
00110 11100 1
00110 11101 4
00110 11110 1
00110 11111 4
00110 11122 1
00110 11202 3
00110 11212 1
00110 11220 3
00110 11221 4
00110 12002 3
00110 12012 2
00110 12020 3
00110 12021 4
00110 12102 3
00110 12112 1
00110 12120 3
00110 12121 4
00110 12200 2
00110 12201 4
00110 12210 2
00110 12211 4
00110 12222 2
00110 20002 3
00110 20012 2
00110 20020 3
00110 20021 4
00110 20102 3
00110 20112 0
00110 20120 3
00110 20121 4
00110 20200 2
00110 20201 3
00110 20210 2
00110 20211 4
00110 20222 2
00110 21002 1
00110 21012 1
00110 21020 1
00110 21021 1
00110 21102 1
00110 21112 0
00110 21120 1
00110 21121 1
00110 21200 1
00110 21201 1
00110 21210 1
00110 21211 1
00110 21222 1
00110 22000 0
00110 22001 4
00110 22010 0
00110 22011 2
00110 22022 0
00110 22100 0
00110 22101 3
00110 22110 0
00110 22111 4
00110 22122 0
00110 22202 3
00110 22212 0
00110 22220 0
00110 22221 4
00111 00122 3
00111 00202 2
00111 00212 2
00111 00220 4
00111 00221 2
00111 01000 1
00111 01001 1
00111 01010 1
00111 01011 1
00111 01022 1
00111 01100 1
00111 01101 1
00111 01110 1
00111 01111 1
00111 01122 1
00111 01202 1
00111 01212 1
00111 01220 1
00111 01221 1
00111 02002 4
00111 02012 4
00111 02020 3
00111 02021 3
00111 02102 4
00111 02112 4
00111 02120 3
00111 02121 3
00111 02200 2
00111 02201 2
00111 02210 2
00111 02211 2
00111 02222 4
00111 10000 0
00111 10001 0
00111 10010 0
00111 10011 0
00111 10022 0
00111 10100 0
00111 10101 0
00111 10110 0
00111 10111 0
00111 10122 0
00111 10202 0
00111 10212 0
00111 10220 0
00111 10221 0
00111 11000 1
00111 11001 1
00111 11010 1
00111 11011 1
00111 11022 4
00111 11100 1
00111 11101 1
00111 11110 1
00111 11111 1
00111 11122 4
00111 11202 4
00111 11212 4
00111 11220 3
00111 11221 3
00111 12002 4
00111 12012 4
00111 12020 3
00111 12021 3
00111 12102 4
00111 12112 4
00111 12120 3
00111 12121 3
00111 12200 2
00111 12201 2
00111 12210 2
00111 12211 2
00111 12222 4
00111 20002 4
00111 20012 4
00111 20020 3
00111 20021 3
00111 20102 4
00111 20112 4
00111 20120 3
00111 20121 3
00111 20200 2
00111 20201 2
00111 20210 2
00111 20211 2
00111 20222 4
00111 21002 1
00111 21012 1
00111 21020 1
00111 21021 1
00111 21102 1
00111 21112 1
00111 21120 1
00111 21121 1
00111 21200 1
00111 21201 1
00111 21210 1
00111 21211 1
00111 21222 1
00111 22000 0
00111 22001 0
00111 22010 0
00111 22011 0
00111 22022 4
00111 22100 0
00111 22101 0
00111 22110 0
00111 22111 0
00111 22122 0
00111 22202 4
00111 22212 0
00111 22220 3
00111 22221 0
00122 00202 2
00122 00212 3
00122 00220 2
00122 00221 4
00122 01000 1
00122 01001 1
00122 01010 1
00122 01011 1
00122 01022 1
00122 01100 1
00122 01101 1
00122 01110 4
00122 01111 3
00122 01122 1
00122 01202 1
00122 01212 1
00122 01220 1
00122 01221 1
00122 02002 3
00122 02012 2
00122 02020 4
00122 02021 2
00122 02102 3
00122 02112 1
00122 02120 4
00122 02121 1
00122 02200 4
00122 02201 2
00122 02210 4
00122 02211 3
00122 02222 2
00122 10000 0
00122 10001 0
00122 10010 0
00122 10011 0
00122 10022 0
00122 10100 0
00122 10101 0
00122 10110 4
00122 10111 3
00122 10122 0
00122 10202 0
00122 10212 0
00122 10220 0
00122 10221 0
00122 11000 4
00122 11001 1
00122 11010 4
00122 11011 3
00122 11022 1
00122 11100 4
00122 11101 1
00122 11110 4
00122 11111 3
00122 11122 1
00122 11202 3
00122 11212 1
00122 11220 2
00122 11221 1
00122 12002 3
00122 12012 2
00122 12020 4
00122 12021 2
00122 12102 3
00122 12112 1
00122 12120 4
00122 12121 1
00122 12200 4
00122 12201 2
00122 12210 4
00122 12211 3
00122 12222 2
00122 20002 3
00122 20012 2
00122 20020 4
00122 20021 2
00122 20102 3
00122 20112 0
00122 20120 4
00122 20121 0
00122 20200 4
00122 20201 2
00122 20210 4
00122 20211 3
00122 20222 2
00122 21002 1
00122 21012 1
00122 21020 1
00122 21021 2
00122 21102 1
00122 21112 0
00122 21120 4
00122 21121 0
00122 21200 1
00122 21201 1
00122 21210 1
00122 21211 1
00122 21222 1
00122 22000 4
00122 22001 0
00122 22010 2
00122 22011 2
00122 22022 0
00122 22100 0
00122 22101 0
00122 22110 0
00122 22111 0
00122 22122 0
00122 22202 0
00122 22212 0
00122 22220 0
00122 22221 0
00202 00212 3
00202 00220 4
00202 00221 3
00202 01000 1
00202 01001 1
00202 01010 1
00202 01011 1
00202 01022 1
00202 01100 4
00202 01101 2
00202 01110 4
00202 01111 2
00202 01122 2
00202 01202 1
00202 01212 3
00202 01220 4
00202 01221 3
00202 02002 2
00202 02012 3
00202 02020 4
00202 02021 3
00202 02102 1
00202 02112 3
00202 02120 1
00202 02121 1
00202 02200 4
00202 02201 1
00202 02210 3
00202 02211 1
00202 02222 1
00202 10000 0
00202 10001 0
00202 10010 0
00202 10011 0
00202 10022 0
00202 10100 4
00202 10101 2
00202 10110 3
00202 10111 2
00202 10122 2
00202 10202 0
00202 10212 3
00202 10220 4
00202 10221 3
00202 11000 4
00202 11001 1
00202 11010 4
00202 11011 1
00202 11022 1
00202 11100 4
00202 11101 2
00202 11110 4
00202 11111 2
00202 11122 2
00202 11202 1
00202 11212 3
00202 11220 4
00202 11221 3
00202 12002 2
00202 12012 3
00202 12020 4
00202 12021 3
00202 12102 1
00202 12112 3
00202 12120 4
00202 12121 3
00202 12200 4
00202 12201 1
00202 12210 1
00202 12211 1
00202 12222 1
00202 20002 2
00202 20012 3
00202 20020 4
00202 20021 3
00202 20102 0
00202 20112 3
00202 20120 0
00202 20121 0
00202 20200 4
00202 20201 0
00202 20210 3
00202 20211 0
00202 20222 0
00202 21002 1
00202 21012 1
00202 21020 1
00202 21021 1
00202 21102 0
00202 21112 3
00202 21120 4
00202 21121 3
00202 21200 1
00202 21201 0
00202 21210 3
00202 21211 0
00202 21222 0
00202 22000 0
00202 22001 0
00202 22010 3
00202 22011 0
00202 22022 0
00202 22100 0
00202 22101 0
00202 22110 3
00202 22111 2
00202 22122 0
00202 22202 0
00202 22212 3
00202 22220 0
00202 22221 0
00212 00220 3
00212 00221 4
00212 01000 1
00212 01001 1
00212 01010 1
00212 01011 1
00212 01022 1
00212 01100 4
00212 01101 3
00212 01110 4
00212 01111 2
00212 01122 3
00212 01202 1
00212 01212 1
00212 01220 1
00212 01221 1
00212 02002 2
00212 02012 2
00212 02020 4
00212 02021 2
00212 02102 1
00212 02112 1
00212 02120 1
00212 02121 1
00212 02200 4
00212 02201 3
00212 02210 4
00212 02211 1
00212 02222 3
00212 10000 0
00212 10001 0
00212 10010 0
00212 10011 0
00212 10022 0
00212 10100 4
00212 10101 3
00212 10110 4
00212 10111 2
00212 10122 3
00212 10202 0
00212 10212 0
00212 10220 0
00212 10221 0
00212 11000 4
00212 11001 3
00212 11010 4
00212 11011 1
00212 11022 3
00212 11100 4
00212 11101 3
00212 11110 4
00212 11111 2
00212 11122 3
00212 11202 1
00212 11212 1
00212 11220 4
00212 11221 1
00212 12002 2
00212 12012 2
00212 12020 4
00212 12021 2
00212 12102 1
00212 12112 1
00212 12120 4
00212 12121 1
00212 12200 4
00212 12201 3
00212 12210 4
00212 12211 1
00212 12222 3
00212 20002 2
00212 20012 2
00212 20020 4
00212 20021 2
00212 20102 0
00212 20112 0
00212 20120 0
00212 20121 0
00212 20200 4
00212 20201 3
00212 20210 4
00212 20211 0
00212 20222 3
00212 21002 1
00212 21012 1
00212 21020 1
00212 21021 1
00212 21102 0
00212 21112 0
00212 21120 4
00212 21121 0
00212 21200 1
00212 21201 1
00212 21210 1
00212 21211 0
00212 21222 1
00212 22000 4
00212 22001 3
00212 22010 0
00212 22011 0
00212 22022 0
00212 22100 4
00212 22101 3
00212 22110 0
00212 22111 0
00212 22122 0
00212 22202 0
00212 22212 0
00212 22220 0
00212 22221 0
00220 00221 4
00220 01000 1
00220 01001 1
00220 01010 1
00220 01011 1
00220 01022 1
00220 01100 3
00220 01101 4
00220 01110 2
00220 01111 3
00220 01122 2
00220 01202 1
00220 01212 3
00220 01220 1
00220 01221 4
00220 02002 2
00220 02012 3
00220 02020 2
00220 02021 4
00220 02102 1
00220 02112 1
00220 02120 1
00220 02121 4
00220 02200 3
00220 02201 4
00220 02210 1
00220 02211 4
00220 02222 1
00220 10000 0
00220 10001 0
00220 10010 0
00220 10011 0
00220 10022 0
00220 10100 3
00220 10101 4
00220 10110 2
00220 10111 4
00220 10122 2
00220 10202 0
00220 10212 3
00220 10220 0
00220 10221 4
00220 11000 2
00220 11001 4
00220 11010 1
00220 11011 4
00220 11022 1
00220 11100 3
00220 11101 4
00220 11110 2
00220 11111 4
00220 11122 2
00220 11202 1
00220 11212 3
00220 11220 1
00220 11221 4
00220 12002 2
00220 12012 3
00220 12020 2
00220 12021 4
00220 12102 1
00220 12112 3
00220 12120 1
00220 12121 4
00220 12200 3
00220 12201 4
00220 12210 1
00220 12211 4
00220 12222 1
00220 20002 2
00220 20012 3
00220 20020 2
00220 20021 4
00220 20102 0
00220 20112 0
00220 20120 0
00220 20121 4
00220 20200 3
00220 20201 4
00220 20210 0
00220 20211 4
00220 20222 0
00220 21002 1
00220 21012 1
00220 21020 1
00220 21021 1
00220 21102 0
00220 21112 3
00220 21120 0
00220 21121 2
00220 21200 3
00220 21201 1
00220 21210 0
00220 21211 4
00220 21222 0
00220 22000 0
00220 22001 4
00220 22010 0
00220 22011 4
00220 22022 0
00220 22100 0
00220 22101 4
00220 22110 0
00220 22111 4
00220 22122 0
00220 22202 0
00220 22212 0
00220 22220 0
00220 22221 0
00221 01000 1
00221 01001 1
00221 01010 1
00221 01011 1
00221 01022 2
00221 01100 3
00221 01101 3
00221 01110 2
00221 01111 2
00221 01122 4
00221 01202 1
00221 01212 4
00221 01220 1
00221 01221 1
00221 02002 4
00221 02012 4
00221 02020 2
00221 02021 2
00221 02102 1
00221 02112 1
00221 02120 1
00221 02121 1
00221 02200 3
00221 02201 3
00221 02210 1
00221 02211 1
00221 02222 4
00221 10000 0
00221 10001 0
00221 10010 0
00221 10011 0
00221 10022 0
00221 10100 3
00221 10101 3
00221 10110 2
00221 10111 2
00221 10122 4
00221 10202 3
00221 10212 4
00221 10220 0
00221 10221 0
00221 11000 3
00221 11001 3
00221 11010 1
00221 11011 1
00221 11022 2
00221 11100 3
00221 11101 3
00221 11110 2
00221 11111 2
00221 11122 4
00221 11202 3
00221 11212 4
00221 11220 1
00221 11221 1
00221 12002 4
00221 12012 4
00221 12020 2
00221 12021 2
00221 12102 4
00221 12112 4
00221 12120 1
00221 12121 1
00221 12200 3
00221 12201 3
00221 12210 1
00221 12211 1
00221 12222 4
00221 20002 4
00221 20012 4
00221 20020 2
00221 20021 2
00221 20102 0
00221 20112 0
00221 20120 0
00221 20121 0
00221 20200 3
00221 20201 3
00221 20210 0
00221 20211 0
00221 20222 4
00221 21002 1
00221 21012 1
00221 21020 1
00221 21021 2
00221 21102 4
00221 21112 4
00221 21120 0
00221 21121 0
00221 21200 1
00221 21201 1
00221 21210 0
00221 21211 0
00221 21222 1
00221 22000 3
00221 22001 0
00221 22010 0
00221 22011 0
00221 22022 0
00221 22100 3
00221 22101 0
00221 22110 2
00221 22111 0
00221 22122 0
00221 22202 0
00221 22212 0
00221 22220 0
00221 22221 0
01000 01001 4
01000 01010 3
01000 01011 4
01000 01022 3
01000 01100 2
01000 01101 4
01000 01110 3
01000 01111 4
01000 01122 3
01000 01202 2
01000 01212 2
01000 01220 2
01000 01221 4
01000 02002 4
01000 02012 4
01000 02020 3
01000 02021 3
01000 02102 4
01000 02112 4
01000 02120 3
01000 02121 3
01000 02200 2
01000 02201 2
01000 02210 2
01000 02211 2
01000 02222 4
01000 10000 0
01000 10001 0
01000 10010 1
01000 10011 0
01000 10022 0
01000 10100 2
01000 10101 0
01000 10110 0
01000 10111 0
01000 10122 0
01000 10202 0
01000 10212 0
01000 10220 2
01000 10221 0
01000 11000 0
01000 11001 4
01000 11010 3
01000 11011 4
01000 11022 3
01000 11100 2
01000 11101 4
01000 11110 3
01000 11111 4
01000 11122 3
01000 11202 2
01000 11212 2
01000 11220 2
01000 11221 2
01000 12002 0
01000 12012 0
01000 12020 0
01000 12021 0
01000 12102 0
01000 12112 0
01000 12120 0
01000 12121 0
01000 12200 0
01000 12201 0
01000 12210 0
01000 12211 0
01000 12222 0
01000 20002 1
01000 20012 1
01000 20020 1
01000 20021 1
01000 20102 1
01000 20112 1
01000 20120 1
01000 20121 1
01000 20200 1
01000 20201 1
01000 20210 1
01000 20211 1
01000 20222 1
01000 21002 0
01000 21012 0
01000 21020 0
01000 21021 4
01000 21102 0
01000 21112 0
01000 21120 0
01000 21121 3
01000 21200 0
01000 21201 4
01000 21210 3
01000 21211 4
01000 21222 0
01000 22000 1
01000 22001 4
01000 22010 3
01000 22011 4
01000 22022 3
01000 22100 2
01000 22101 4
01000 22110 3
01000 22111 4
01000 22122 3
01000 22202 2
01000 22212 2
01000 22220 2
01000 22221 4
01001 01010 3
01001 01011 3
01001 01022 4
01001 01100 2
01001 01101 2
01001 01110 3
01001 01111 3
01001 01122 4
01001 01202 4
01001 01212 3
01001 01220 2
01001 01221 2
01001 02002 1
01001 02012 3
01001 02020 4
01001 02021 3
01001 02102 2
01001 02112 3
01001 02120 4
01001 02121 3
01001 02200 4
01001 02201 2
01001 02210 3
01001 02211 2
01001 02222 2
01001 10000 0
01001 10001 0
01001 10010 0
01001 10011 0
01001 10022 0
01001 10100 0
01001 10101 0
01001 10110 0
01001 10111 0
01001 10122 0
01001 10202 0
01001 10212 0
01001 10220 0
01001 10221 1
01001 11000 0
01001 11001 0
01001 11010 3
01001 11011 3
01001 11022 4
01001 11100 2
01001 11101 2
01001 11110 3
01001 11111 3
01001 11122 4
01001 11202 4
01001 11212 2
01001 11220 2
01001 11221 2
01001 12002 0
01001 12012 0
01001 12020 0
01001 12021 0
01001 12102 0
01001 12112 0
01001 12120 0
01001 12121 0
01001 12200 0
01001 12201 0
01001 12210 0
01001 12211 0
01001 12222 0
01001 20002 4
01001 20012 1
01001 20020 1
01001 20021 1
01001 20102 1
01001 20112 1
01001 20120 1
01001 20121 1
01001 20200 1
01001 20201 1
01001 20210 1
01001 20211 1
01001 20222 1
01001 21002 4
01001 21012 3
01001 21020 0
01001 21021 0
01001 21102 2
01001 21112 0
01001 21120 0
01001 21121 0
01001 21200 0
01001 21201 0
01001 21210 3
01001 21211 3
01001 21222 0
01001 22000 1
01001 22001 1
01001 22010 3
01001 22011 3
01001 22022 4
01001 22100 2
01001 22101 2
01001 22110 3
01001 22111 3
01001 22122 4
01001 22202 4
01001 22212 3
01001 22220 2
01001 22221 2
01010 01011 4
01010 01022 4
01010 01100 2
01010 01101 2
01010 01110 2
01010 01111 4
01010 01122 2
01010 01202 3
01010 01212 2
01010 01220 3
01010 01221 4
01010 02002 3
01010 02012 4
01010 02020 1
01010 02021 1
01010 02102 2
01010 02112 4
01010 02120 2
01010 02121 2
01010 02200 3
01010 02201 3
01010 02210 2
01010 02211 2
01010 02222 4
01010 10000 0
01010 10001 0
01010 10010 0
01010 10011 4
01010 10022 0
01010 10100 0
01010 10101 0
01010 10110 0
01010 10111 0
01010 10122 0
01010 10202 0
01010 10212 2
01010 10220 1
01010 10221 0
01010 11000 0
01010 11001 0
01010 11010 0
01010 11011 4
01010 11022 0
01010 11100 2
01010 11101 4
01010 11110 2
01010 11111 4
01010 11122 2
01010 11202 3
01010 11212 2
01010 11220 3
01010 11221 4
01010 12002 0
01010 12012 0
01010 12020 0
01010 12021 0
01010 12102 0
01010 12112 0
01010 12120 0
01010 12121 0
01010 12200 0
01010 12201 0
01010 12210 0
01010 12211 0
01010 12222 0
01010 20002 3
01010 20012 1
01010 20020 3
01010 20021 4
01010 20102 1
01010 20112 1
01010 20120 1
01010 20121 1
01010 20200 1
01010 20201 1
01010 20210 1
01010 20211 1
01010 20222 1
01010 21002 3
01010 21012 0
01010 21020 3
01010 21021 4
01010 21102 2
01010 21112 0
01010 21120 2
01010 21121 2
01010 21200 0
01010 21201 3
01010 21210 0
01010 21211 4
01010 21222 0
01010 22000 1
01010 22001 1
01010 22010 1
01010 22011 4
01010 22022 1
01010 22100 2
01010 22101 2
01010 22110 2
01010 22111 4
01010 22122 2
01010 22202 3
01010 22212 2
01010 22220 3
01010 22221 4
01011 01022 3
01011 01100 2
01011 01101 2
01011 01110 2
01011 01111 2
01011 01122 2
01011 01202 4
01011 01212 4
01011 01220 3
01011 01221 3
01011 02002 1
01011 02012 1
01011 02020 4
01011 02021 1
01011 02102 2
01011 02112 2
01011 02120 2
01011 02121 2
01011 02200 4
01011 02201 3
01011 02210 4
01011 02211 2
01011 02222 3
01011 10000 0
01011 10001 0
01011 10010 0
01011 10011 0
01011 10022 0
01011 10100 0
01011 10101 0
01011 10110 0
01011 10111 0
01011 10122 0
01011 10202 0
01011 10212 0
01011 10220 0
01011 10221 3
01011 11000 0
01011 11001 0
01011 11010 0
01011 11011 0
01011 11022 0
01011 11100 2
01011 11101 2
01011 11110 2
01011 11111 2
01011 11122 4
01011 11202 4
01011 11212 4
01011 11220 3
01011 11221 3
01011 12002 0
01011 12012 0
01011 12020 0
01011 12021 0
01011 12102 0
01011 12112 0
01011 12120 0
01011 12121 0
01011 12200 0
01011 12201 0
01011 12210 0
01011 12211 0
01011 12222 0
01011 20002 4
01011 20012 4
01011 20020 3
01011 20021 3
01011 20102 1
01011 20112 1
01011 20120 1
01011 20121 1
01011 20200 1
01011 20201 1
01011 20210 1
01011 20211 1
01011 20222 1
01011 21002 4
01011 21012 4
01011 21020 3
01011 21021 3
01011 21102 2
01011 21112 2
01011 21120 2
01011 21121 2
01011 21200 0
01011 21201 0
01011 21210 0
01011 21211 0
01011 21222 0
01011 22000 1
01011 22001 1
01011 22010 1
01011 22011 1
01011 22022 4
01011 22100 2
01011 22101 2
01011 22110 2
01011 22111 2
01011 22122 2
01011 22202 4
01011 22212 4
01011 22220 3
01011 22221 3
01022 01100 2
01022 01101 2
01022 01110 4
01022 01111 3
01022 01122 2
01022 01202 3
01022 01212 2
01022 01220 4
01022 01221 2
01022 02002 1
01022 02012 3
01022 02020 1
01022 02021 4
01022 02102 2
01022 02112 3
01022 02120 2
01022 02121 4
01022 02200 3
01022 02201 4
01022 02210 2
01022 02211 4
01022 02222 2
01022 10000 0
01022 10001 0
01022 10010 0
01022 10011 0
01022 10022 0
01022 10100 0
01022 10101 0
01022 10110 0
01022 10111 0
01022 10122 0
01022 10202 0
01022 10212 0
01022 10220 0
01022 10221 0
01022 11000 0
01022 11001 0
01022 11010 4
01022 11011 3
01022 11022 0
01022 11100 4
01022 11101 2
01022 11110 4
01022 11111 3
01022 11122 2
01022 11202 3
01022 11212 2
01022 11220 4
01022 11221 2
01022 12002 0
01022 12012 0
01022 12020 0
01022 12021 0
01022 12102 0
01022 12112 0
01022 12120 0
01022 12121 0
01022 12200 0
01022 12201 0
01022 12210 0
01022 12211 0
01022 12222 0
01022 20002 3
01022 20012 1
01022 20020 4
01022 20021 1
01022 20102 1
01022 20112 1
01022 20120 1
01022 20121 1
01022 20200 1
01022 20201 1
01022 20210 1
01022 20211 1
01022 20222 1
01022 21002 3
01022 21012 0
01022 21020 4
01022 21021 0
01022 21102 2
01022 21112 0
01022 21120 2
01022 21121 0
01022 21200 0
01022 21201 0
01022 21210 0
01022 21211 0
01022 21222 0
01022 22000 4
01022 22001 1
01022 22010 4
01022 22011 3
01022 22022 1
01022 22100 2
01022 22101 2
01022 22110 4
01022 22111 3
01022 22122 2
01022 22202 3
01022 22212 2
01022 22220 4
01022 22221 2
01100 01101 4
01100 01110 3
01100 01111 4
01100 01122 3
01100 01202 4
01100 01212 4
01100 01220 3
01100 01221 3
01100 02002 2
01100 02012 2
01100 02020 3
01100 02021 2
01100 02102 4
01100 02112 4
01100 02120 3
01100 02121 3
01100 02200 1
01100 02201 1
01100 02210 1
01100 02211 1
01100 02222 1
01100 10000 0
01100 10001 0
01100 10010 0
01100 10011 0
01100 10022 0
01100 10100 0
01100 10101 0
01100 10110 0
01100 10111 0
01100 10122 0
01100 10202 0
01100 10212 0
01100 10220 0
01100 10221 0
01100 11000 0
01100 11001 0
01100 11010 0
01100 11011 0
01100 11022 0
01100 11100 0
01100 11101 4
01100 11110 3
01100 11111 4
01100 11122 3
01100 11202 0
01100 11212 0
01100 11220 0
01100 11221 0
01100 12002 0
01100 12012 0
01100 12020 0
01100 12021 0
01100 12102 0
01100 12112 0
01100 12120 0
01100 12121 0
01100 12200 0
01100 12201 0
01100 12210 0
01100 12211 0
01100 12222 0
01100 20002 2
01100 20012 2
01100 20020 2
01100 20021 4
01100 20102 1
01100 20112 1
01100 20120 1
01100 20121 1
01100 20200 2
01100 20201 4
01100 20210 3
01100 20211 4
01100 20222 3
01100 21002 2
01100 21012 2
01100 21020 2
01100 21021 2
01100 21102 0
01100 21112 0
01100 21120 0
01100 21121 4
01100 21200 2
01100 21201 4
01100 21210 3
01100 21211 4
01100 21222 3
01100 22000 1
01100 22001 2
01100 22010 2
01100 22011 2
01100 22022 2
01100 22100 1
01100 22101 4
01100 22110 3
01100 22111 4
01100 22122 3
01100 22202 1
01100 22212 1
01100 22220 1
01100 22221 4
01101 01110 3
01101 01111 3
01101 01122 4
01101 01202 2
01101 01212 3
01101 01220 4
01101 01221 3
01101 02002 1
01101 02012 2
01101 02020 2
01101 02021 2
01101 02102 1
01101 02112 3
01101 02120 4
01101 02121 3
01101 02200 4
01101 02201 1
01101 02210 3
01101 02211 1
01101 02222 1
01101 10000 0
01101 10001 0
01101 10010 0
01101 10011 0
01101 10022 0
01101 10100 0
01101 10101 0
01101 10110 0
01101 10111 0
01101 10122 0
01101 10202 0
01101 10212 0
01101 10220 0
01101 10221 0
01101 11000 0
01101 11001 0
01101 11010 0
01101 11011 0
01101 11022 0
01101 11100 0
01101 11101 0
01101 11110 3
01101 11111 3
01101 11122 4
01101 11202 0
01101 11212 0
01101 11220 0
01101 11221 0
01101 12002 0
01101 12012 0
01101 12020 0
01101 12021 0
01101 12102 0
01101 12112 0
01101 12120 0
01101 12121 0
01101 12200 0
01101 12201 0
01101 12210 0
01101 12211 0
01101 12222 0
01101 20002 4
01101 20012 4
01101 20020 2
01101 20021 2
01101 20102 4
01101 20112 1
01101 20120 1
01101 20121 1
01101 20200 2
01101 20201 2
01101 20210 3
01101 20211 3
01101 20222 4
01101 21002 4
01101 21012 2
01101 21020 2
01101 21021 2
01101 21102 4
01101 21112 3
01101 21120 0
01101 21121 0
01101 21200 2
01101 21201 2
01101 21210 3
01101 21211 3
01101 21222 4
01101 22000 1
01101 22001 1
01101 22010 2
01101 22011 2
01101 22022 2
01101 22100 1
01101 22101 1
01101 22110 3
01101 22111 3
01101 22122 4
01101 22202 4
01101 22212 3
01101 22220 1
01101 22221 1
01110 01111 4
01110 01122 4
01110 01202 3
01110 01212 4
01110 01220 2
01110 01221 2
01110 02002 4
01110 02012 2
01110 02020 1
01110 02021 1
01110 02102 3
01110 02112 4
01110 02120 1
01110 02121 1
01110 02200 3
01110 02201 3
01110 02210 1
01110 02211 1
01110 02222 1
01110 10000 0
01110 10001 0
01110 10010 0
01110 10011 0
01110 10022 0
01110 10100 0
01110 10101 0
01110 10110 0
01110 10111 0
01110 10122 0
01110 10202 0
01110 10212 0
01110 10220 0
01110 10221 0
01110 11000 0
01110 11001 0
01110 11010 0
01110 11011 0
01110 11022 0
01110 11100 0
01110 11101 0
01110 11110 0
01110 11111 4
01110 11122 0
01110 11202 0
01110 11212 0
01110 11220 0
01110 11221 0
01110 12002 0
01110 12012 0
01110 12020 0
01110 12021 0
01110 12102 0
01110 12112 0
01110 12120 0
01110 12121 0
01110 12200 0
01110 12201 0
01110 12210 0
01110 12211 0
01110 12222 0
01110 20002 3
01110 20012 2
01110 20020 3
01110 20021 4
01110 20102 3
01110 20112 1
01110 20120 3
01110 20121 4
01110 20200 2
01110 20201 4
01110 20210 2
01110 20211 4
01110 20222 2
01110 21002 3
01110 21012 2
01110 21020 3
01110 21021 4
01110 21102 3
01110 21112 0
01110 21120 3
01110 21121 4
01110 21200 2
01110 21201 3
01110 21210 2
01110 21211 4
01110 21222 2
01110 22000 1
01110 22001 4
01110 22010 1
01110 22011 2
01110 22022 1
01110 22100 1
01110 22101 3
01110 22110 1
01110 22111 4
01110 22122 1
01110 22202 3
01110 22212 1
01110 22220 2
01110 22221 4
01111 01122 3
01111 01202 2
01111 01212 2
01111 01220 4
01111 01221 2
01111 02002 1
01111 02012 1
01111 02020 4
01111 02021 1
01111 02102 1
01111 02112 1
01111 02120 4
01111 02121 1
01111 02200 2
01111 02201 3
01111 02210 4
01111 02211 1
01111 02222 1
01111 10000 0
01111 10001 0
01111 10010 0
01111 10011 0
01111 10022 0
01111 10100 0
01111 10101 0
01111 10110 0
01111 10111 0
01111 10122 0
01111 10202 0
01111 10212 0
01111 10220 0
01111 10221 0
01111 11000 0
01111 11001 0
01111 11010 0
01111 11011 0
01111 11022 0
01111 11100 0
01111 11101 0
01111 11110 0
01111 11111 0
01111 11122 0
01111 11202 0
01111 11212 0
01111 11220 0
01111 11221 0
01111 12002 0
01111 12012 0
01111 12020 0
01111 12021 0
01111 12102 0
01111 12112 0
01111 12120 0
01111 12121 0
01111 12200 0
01111 12201 0
01111 12210 0
01111 12211 0
01111 12222 0
01111 20002 4
01111 20012 4
01111 20020 3
01111 20021 3
01111 20102 4
01111 20112 4
01111 20120 3
01111 20121 3
01111 20200 2
01111 20201 2
01111 20210 2
01111 20211 2
01111 20222 4
01111 21002 4
01111 21012 4
01111 21020 3
01111 21021 3
01111 21102 4
01111 21112 4
01111 21120 3
01111 21121 3
01111 21200 2
01111 21201 2
01111 21210 2
01111 21211 2
01111 21222 4
01111 22000 1
01111 22001 1
01111 22010 1
01111 22011 1
01111 22022 4
01111 22100 1
01111 22101 1
01111 22110 1
01111 22111 1
01111 22122 4
01111 22202 4
01111 22212 4
01111 22220 3
01111 22221 3
01122 01202 2
01122 01212 3
01122 01220 2
01122 01221 4
01122 02002 1
01122 02012 2
01122 02020 1
01122 02021 4
01122 02102 1
01122 02112 3
01122 02120 1
01122 02121 4
01122 02200 1
01122 02201 1
01122 02210 1
01122 02211 1
01122 02222 1
01122 10000 0
01122 10001 0
01122 10010 0
01122 10011 0
01122 10022 0
01122 10100 0
01122 10101 0
01122 10110 0
01122 10111 0
01122 10122 0
01122 10202 0
01122 10212 0
01122 10220 0
01122 10221 0
01122 11000 0
01122 11001 0
01122 11010 0
01122 11011 0
01122 11022 0
01122 11100 0
01122 11101 0
01122 11110 4
01122 11111 3
01122 11122 0
01122 11202 0
01122 11212 0
01122 11220 0
01122 11221 0
01122 12002 0
01122 12012 2
01122 12020 0
01122 12021 0
01122 12102 0
01122 12112 0
01122 12120 1
01122 12121 0
01122 12200 0
01122 12201 0
01122 12210 0
01122 12211 0
01122 12222 0
01122 20002 3
01122 20012 2
01122 20020 4
01122 20021 2
01122 20102 3
01122 20112 1
01122 20120 4
01122 20121 1
01122 20200 4
01122 20201 2
01122 20210 4
01122 20211 3
01122 20222 2
01122 21002 3
01122 21012 2
01122 21020 4
01122 21021 2
01122 21102 3
01122 21112 0
01122 21120 4
01122 21121 0
01122 21200 4
01122 21201 2
01122 21210 4
01122 21211 3
01122 21222 2
01122 22000 4
01122 22001 1
01122 22010 2
01122 22011 2
01122 22022 1
01122 22100 4
01122 22101 1
01122 22110 4
01122 22111 3
01122 22122 1
01122 22202 3
01122 22212 1
01122 22220 4
01122 22221 1
01202 01212 3
01202 01220 4
01202 01221 3
01202 02002 1
01202 02012 1
01202 02020 1
01202 02021 1
01202 02102 2
01202 02112 2
01202 02120 2
01202 02121 4
01202 02200 1
01202 02201 4
01202 02210 3
01202 02211 4
01202 02222 3
01202 10000 0
01202 10001 0
01202 10010 0
01202 10011 0
01202 10022 0
01202 10100 0
01202 10101 0
01202 10110 0
01202 10111 0
01202 10122 0
01202 10202 0
01202 10212 0
01202 10220 0
01202 10221 3
01202 11000 0
01202 11001 0
01202 11010 0
01202 11011 0
01202 11022 0
01202 11100 4
01202 11101 2
01202 11110 4
01202 11111 2
01202 11122 2
01202 11202 0
01202 11212 3
01202 11220 4
01202 11221 3
01202 12002 0
01202 12012 0
01202 12020 0
01202 12021 0
01202 12102 0
01202 12112 0
01202 12120 0
01202 12121 0
01202 12200 0
01202 12201 0
01202 12210 0
01202 12211 0
01202 12222 0
01202 20002 2
01202 20012 3
01202 20020 4
01202 20021 3
01202 20102 1
01202 20112 1
01202 20120 1
01202 20121 1
01202 20200 4
01202 20201 1
01202 20210 1
01202 20211 1
01202 20222 1
01202 21002 2
01202 21012 3
01202 21020 4
01202 21021 3
01202 21102 0
01202 21112 3
01202 21120 0
01202 21121 0
01202 21200 4
01202 21201 0
01202 21210 3
01202 21211 0
01202 21222 0
01202 22000 4
01202 22001 1
01202 22010 3
01202 22011 1
01202 22022 1
01202 22100 4
01202 22101 2
01202 22110 3
01202 22111 2
01202 22122 2
01202 22202 1
01202 22212 3
01202 22220 4
01202 22221 3
01212 01220 3
01212 01221 4
01212 02002 3
01212 02012 1
01212 02020 1
01212 02021 1
01212 02102 3
01212 02112 2
01212 02120 3
01212 02121 4
01212 02200 1
01212 02201 3
01212 02210 1
01212 02211 4
01212 02222 1
01212 10000 0
01212 10001 0
01212 10010 0
01212 10011 0
01212 10022 0
01212 10100 0
01212 10101 0
01212 10110 0
01212 10111 0
01212 10122 0
01212 10202 0
01212 10212 0
01212 10220 0
01212 10221 0
01212 11000 0
01212 11001 0
01212 11010 0
01212 11011 0
01212 11022 0
01212 11100 4
01212 11101 3
01212 11110 4
01212 11111 2
01212 11122 3
01212 11202 0
01212 11212 0
01212 11220 0
01212 11221 0
01212 12002 0
01212 12012 0
01212 12020 0
01212 12021 0
01212 12102 0
01212 12112 0
01212 12120 0
01212 12121 0
01212 12200 0
01212 12201 0
01212 12210 0
01212 12211 0
01212 12222 0
01212 20002 2
01212 20012 2
01212 20020 4
01212 20021 2
01212 20102 1
01212 20112 1
01212 20120 1
01212 20121 1
01212 20200 4
01212 20201 3
01212 20210 4
01212 20211 1
01212 20222 3
01212 21002 2
01212 21012 2
01212 21020 4
01212 21021 2
01212 21102 0
01212 21112 0
01212 21120 0
01212 21121 0
01212 21200 4
01212 21201 3
01212 21210 4
01212 21211 0
01212 21222 3
01212 22000 4
01212 22001 3
01212 22010 4
01212 22011 1
01212 22022 3
01212 22100 4
01212 22101 3
01212 22110 4
01212 22111 2
01212 22122 3
01212 22202 1
01212 22212 1
01212 22220 4
01212 22221 1
01220 01221 4
01220 02002 1
01220 02012 1
01220 02020 1
01220 02021 1
01220 02102 4
01220 02112 4
01220 02120 2
01220 02121 2
01220 02200 1
01220 02201 1
01220 02210 3
01220 02211 3
01220 02222 4
01220 10000 0
01220 10001 0
01220 10010 0
01220 10011 0
01220 10022 0
01220 10100 3
01220 10101 0
01220 10110 0
01220 10111 0
01220 10122 0
01220 10202 0
01220 10212 0
01220 10220 0
01220 10221 1
01220 11000 0
01220 11001 0
01220 11010 0
01220 11011 0
01220 11022 0
01220 11100 3
01220 11101 4
01220 11110 2
01220 11111 4
01220 11122 2
01220 11202 0
01220 11212 3
01220 11220 0
01220 11221 4
01220 12002 0
01220 12012 0
01220 12020 0
01220 12021 0
01220 12102 0
01220 12112 0
01220 12120 0
01220 12121 0
01220 12200 1
01220 12201 0
01220 12210 0
01220 12211 0
01220 12222 0
01220 20002 2
01220 20012 3
01220 20020 2
01220 20021 4
01220 20102 1
01220 20112 1
01220 20120 1
01220 20121 1
01220 20200 3
01220 20201 4
01220 20210 1
01220 20211 1
01220 20222 1
01220 21002 2
01220 21012 3
01220 21020 2
01220 21021 4
01220 21102 0
01220 21112 0
01220 21120 0
01220 21121 4
01220 21200 3
01220 21201 4
01220 21210 0
01220 21211 4
01220 21222 0
01220 22000 3
01220 22001 4
01220 22010 1
01220 22011 4
01220 22022 1
01220 22100 3
01220 22101 4
01220 22110 2
01220 22111 4
01220 22122 2
01220 22202 1
01220 22212 3
01220 22220 1
01220 22221 4
01221 02002 1
01221 02012 1
01221 02020 4
01221 02021 1
01221 02102 3
01221 02112 2
01221 02120 4
01221 02121 2
01221 02200 4
01221 02201 1
01221 02210 4
01221 02211 3
01221 02222 1
01221 10000 0
01221 10001 0
01221 10010 0
01221 10011 0
01221 10022 0
01221 10100 0
01221 10101 0
01221 10110 0
01221 10111 0
01221 10122 0
01221 10202 0
01221 10212 0
01221 10220 0
01221 10221 0
01221 11000 0
01221 11001 0
01221 11010 0
01221 11011 0
01221 11022 0
01221 11100 3
01221 11101 3
01221 11110 2
01221 11111 2
01221 11122 4
01221 11202 0
01221 11212 4
01221 11220 0
01221 11221 0
01221 12002 0
01221 12012 0
01221 12020 0
01221 12021 1
01221 12102 0
01221 12112 0
01221 12120 0
01221 12121 0
01221 12200 0
01221 12201 0
01221 12210 0
01221 12211 0
01221 12222 0
01221 20002 4
01221 20012 4
01221 20020 2
01221 20021 2
01221 20102 1
01221 20112 1
01221 20120 1
01221 20121 1
01221 20200 3
01221 20201 3
01221 20210 1
01221 20211 1
01221 20222 4
01221 21002 4
01221 21012 4
01221 21020 2
01221 21021 2
01221 21102 0
01221 21112 0
01221 21120 0
01221 21121 0
01221 21200 3
01221 21201 3
01221 21210 0
01221 21211 0
01221 21222 4
01221 22000 3
01221 22001 3
01221 22010 1
01221 22011 1
01221 22022 4
01221 22100 3
01221 22101 3
01221 22110 2
01221 22111 2
01221 22122 4
01221 22202 4
01221 22212 4
01221 22220 1
01221 22221 1
02002 02012 3
02002 02020 4
02002 02021 3
02002 02102 2
02002 02112 3
02002 02120 4
02002 02121 3
02002 02200 4
02002 02201 2
02002 02210 3
02002 02211 2
02002 02222 2
02002 10000 0
02002 10001 0
02002 10010 0
02002 10011 0
02002 10022 0
02002 10100 0
02002 10101 0
02002 10110 0
02002 10111 0
02002 10122 0
02002 10202 0
02002 10212 0
02002 10220 0
02002 10221 0
02002 11000 4
02002 11001 1
02002 11010 3
02002 11011 1
02002 11022 1
02002 11100 2
02002 11101 1
02002 11110 4
02002 11111 1
02002 11122 1
02002 11202 1
02002 11212 3
02002 11220 4
02002 11221 3
02002 12002 0
02002 12012 3
02002 12020 4
02002 12021 3
02002 12102 2
02002 12112 3
02002 12120 4
02002 12121 3
02002 12200 4
02002 12201 2
02002 12210 4
02002 12211 2
02002 12222 2
02002 20002 1
02002 20012 3
02002 20020 4
02002 20021 3
02002 20102 2
02002 20112 3
02002 20120 4
02002 20121 3
02002 20200 4
02002 20201 2
02002 20210 3
02002 20211 2
02002 20222 2
02002 21002 0
02002 21012 3
02002 21020 0
02002 21021 0
02002 21102 2
02002 21112 3
02002 21120 4
02002 21121 3
02002 21200 0
02002 21201 0
02002 21210 3
02002 21211 2
02002 21222 0
02002 22000 4
02002 22001 0
02002 22010 3
02002 22011 0
02002 22022 0
02002 22100 2
02002 22101 0
02002 22110 4
02002 22111 0
02002 22122 0
02002 22202 0
02002 22212 3
02002 22220 0
02002 22221 0
02012 02020 3
02012 02021 4
02012 02102 2
02012 02112 2
02012 02120 2
02012 02121 2
02012 02200 4
02012 02201 3
02012 02210 4
02012 02211 2
02012 02222 3
02012 10000 0
02012 10001 0
02012 10010 0
02012 10011 0
02012 10022 0
02012 10100 0
02012 10101 0
02012 10110 0
02012 10111 0
02012 10122 0
02012 10202 0
02012 10212 0
02012 10220 0
02012 10221 0
02012 11000 4
02012 11001 3
02012 11010 4
02012 11011 1
02012 11022 3
02012 11100 4
02012 11101 3
02012 11110 4
02012 11111 1
02012 11122 3
02012 11202 1
02012 11212 1
02012 11220 4
02012 11221 1
02012 12002 0
02012 12012 0
02012 12020 0
02012 12021 0
02012 12102 2
02012 12112 2
02012 12120 4
02012 12121 2
02012 12200 4
02012 12201 3
02012 12210 4
02012 12211 2
02012 12222 3
02012 20002 1
02012 20012 1
02012 20020 4
02012 20021 1
02012 20102 2
02012 20112 2
02012 20120 2
02012 20121 2
02012 20200 4
02012 20201 3
02012 20210 4
02012 20211 2
02012 20222 3
02012 21002 0
02012 21012 0
02012 21020 0
02012 21021 0
02012 21102 2
02012 21112 2
02012 21120 2
02012 21121 2
02012 21200 4
02012 21201 3
02012 21210 0
02012 21211 0
02012 21222 0
02012 22000 4
02012 22001 3
02012 22010 4
02012 22011 0
02012 22022 3
02012 22100 2
02012 22101 2
02012 22110 2
02012 22111 0
02012 22122 2
02012 22202 0
02012 22212 0
02012 22220 0
02012 22221 0
02020 02021 4
02020 02102 2
02020 02112 3
02020 02120 2
02020 02121 4
02020 02200 3
02020 02201 4
02020 02210 2
02020 02211 4
02020 02222 2
02020 10000 0
02020 10001 0
02020 10010 0
02020 10011 3
02020 10022 0
02020 10100 0
02020 10101 0
02020 10110 0
02020 10111 0
02020 10122 0
02020 10202 0
02020 10212 0
02020 10220 0
02020 10221 0
02020 11000 3
02020 11001 4
02020 11010 1
02020 11011 4
02020 11022 1
02020 11100 3
02020 11101 4
02020 11110 1
02020 11111 4
02020 11122 1
02020 11202 1
02020 11212 3
02020 11220 1
02020 11221 4
02020 12002 0
02020 12012 3
02020 12020 0
02020 12021 4
02020 12102 2
02020 12112 3
02020 12120 2
02020 12121 4
02020 12200 3
02020 12201 4
02020 12210 2
02020 12211 4
02020 12222 2
02020 20002 1
02020 20012 3
02020 20020 1
02020 20021 4
02020 20102 2
02020 20112 3
02020 20120 2
02020 20121 4
02020 20200 3
02020 20201 4
02020 20210 2
02020 20211 4
02020 20222 2
02020 21002 0
02020 21012 0
02020 21020 0
02020 21021 4
02020 21102 2
02020 21112 3
02020 21120 2
02020 21121 4
02020 21200 0
02020 21201 4
02020 21210 0
02020 21211 4
02020 21222 0
02020 22000 3
02020 22001 4
02020 22010 0
02020 22011 4
02020 22022 0
02020 22100 3
02020 22101 2
02020 22110 0
02020 22111 4
02020 22122 0
02020 22202 0
02020 22212 0
02020 22220 0
02020 22221 4
02021 02102 2
02021 02112 4
02021 02120 2
02021 02121 2
02021 02200 3
02021 02201 3
02021 02210 2
02021 02211 2
02021 02222 4
02021 10000 0
02021 10001 0
02021 10010 0
02021 10011 0
02021 10022 0
02021 10100 0
02021 10101 0
02021 10110 0
02021 10111 0
02021 10122 0
02021 10202 0
02021 10212 0
02021 10220 0
02021 10221 0
02021 11000 3
02021 11001 3
02021 11010 1
02021 11011 1
02021 11022 4
02021 11100 3
02021 11101 3
02021 11110 1
02021 11111 1
02021 11122 4
02021 11202 4
02021 11212 4
02021 11220 1
02021 11221 1
02021 12002 0
02021 12012 4
02021 12020 0
02021 12021 0
02021 12102 4
02021 12112 4
02021 12120 2
02021 12121 2
02021 12200 3
02021 12201 3
02021 12210 2
02021 12211 2
02021 12222 4
02021 20002 1
02021 20012 4
02021 20020 1
02021 20021 1
02021 20102 2
02021 20112 4
02021 20120 2
02021 20121 2
02021 20200 3
02021 20201 3
02021 20210 2
02021 20211 2
02021 20222 4
02021 21002 0
02021 21012 0
02021 21020 0
02021 21021 0
02021 21102 2
02021 21112 4
02021 21120 2
02021 21121 0
02021 21200 1
02021 21201 0
02021 21210 2
02021 21211 0
02021 21222 0
02021 22000 3
02021 22001 3
02021 22010 0
02021 22011 0
02021 22022 4
02021 22100 2
02021 22101 2
02021 22110 0
02021 22111 0
02021 22122 2
02021 22202 0
02021 22212 0
02021 22220 0
02021 22221 0
02102 02112 3
02102 02120 4
02102 02121 3
02102 02200 2
02102 02201 4
02102 02210 3
02102 02211 4
02102 02222 3
02102 10000 0
02102 10001 0
02102 10010 0
02102 10011 0
02102 10022 0
02102 10100 0
02102 10101 0
02102 10110 0
02102 10111 0
02102 10122 0
02102 10202 0
02102 10212 0
02102 10220 0
02102 10221 0
02102 11000 4
02102 11001 2
02102 11010 4
02102 11011 2
02102 11022 2
02102 11100 4
02102 11101 1
02102 11110 4
02102 11111 1
02102 11122 1
02102 11202 2
02102 11212 3
02102 11220 4
02102 11221 3
02102 12002 0
02102 12012 0
02102 12020 0
02102 12021 0
02102 12102 0
02102 12112 3
02102 12120 4
02102 12121 3
02102 12200 0
02102 12201 0
02102 12210 0
02102 12211 0
02102 12222 0
02102 20002 1
02102 20012 2
02102 20020 2
02102 20021 2
02102 20102 1
02102 20112 3
02102 20120 4
02102 20121 3
02102 20200 4
02102 20201 1
02102 20210 3
02102 20211 1
02102 20222 1
02102 21002 0
02102 21012 2
02102 21020 2
02102 21021 2
02102 21102 0
02102 21112 3
02102 21120 0
02102 21121 0
02102 21200 0
02102 21201 0
02102 21210 3
02102 21211 0
02102 21222 0
02102 22000 4
02102 22001 2
02102 22010 2
02102 22011 2
02102 22022 2
02102 22100 4
02102 22101 0
02102 22110 3
02102 22111 0
02102 22122 0
02102 22202 2
02102 22212 3
02102 22220 4
02102 22221 3
02112 02120 3
02112 02121 4
02112 02200 2
02112 02201 3
02112 02210 2
02112 02211 4
02112 02222 2
02112 10000 0
02112 10001 0
02112 10010 0
02112 10011 0
02112 10022 0
02112 10100 0
02112 10101 0
02112 10110 0
02112 10111 0
02112 10122 0
02112 10202 0
02112 10212 0
02112 10220 0
02112 10221 0
02112 11000 4
02112 11001 3
02112 11010 4
02112 11011 2
02112 11022 3
02112 11100 4
02112 11101 3
02112 11110 4
02112 11111 1
02112 11122 3
02112 11202 2
02112 11212 2
02112 11220 4
02112 11221 2
02112 12002 0
02112 12012 0
02112 12020 0
02112 12021 0
02112 12102 0
02112 12112 0
02112 12120 0
02112 12121 0
02112 12200 0
02112 12201 0
02112 12210 0
02112 12211 0
02112 12222 0
02112 20002 1
02112 20012 1
02112 20020 4
02112 20021 1
02112 20102 1
02112 20112 1
02112 20120 4
02112 20121 1
02112 20200 4
02112 20201 3
02112 20210 4
02112 20211 1
02112 20222 3
02112 21002 0
02112 21012 0
02112 21020 4
02112 21021 0
02112 21102 0
02112 21112 0
02112 21120 0
02112 21121 0
02112 21200 4
02112 21201 3
02112 21210 0
02112 21211 0
02112 21222 0
02112 22000 4
02112 22001 3
02112 22010 4
02112 22011 2
02112 22022 3
02112 22100 4
02112 22101 3
02112 22110 4
02112 22111 0
02112 22122 3
02112 22202 2
02112 22212 2
02112 22220 4
02112 22221 2
02120 02121 4
02120 02200 2
02120 02201 2
02120 02210 3
02120 02211 3
02120 02222 4
02120 10000 0
02120 10001 0
02120 10010 0
02120 10011 0
02120 10022 0
02120 10100 0
02120 10101 0
02120 10110 0
02120 10111 0
02120 10122 0
02120 10202 0
02120 10212 0
02120 10220 0
02120 10221 0
02120 11000 3
02120 11001 4
02120 11010 2
02120 11011 4
02120 11022 2
02120 11100 3
02120 11101 4
02120 11110 1
02120 11111 4
02120 11122 1
02120 11202 2
02120 11212 3
02120 11220 2
02120 11221 4
02120 12002 0
02120 12012 0
02120 12020 0
02120 12021 0
02120 12102 0
02120 12112 3
02120 12120 0
02120 12121 4
02120 12200 2
02120 12201 0
02120 12210 0
02120 12211 0
02120 12222 0
02120 20002 1
02120 20012 2
02120 20020 1
02120 20021 2
02120 20102 1
02120 20112 3
02120 20120 1
02120 20121 4
02120 20200 3
02120 20201 4
02120 20210 1
02120 20211 4
02120 20222 1
02120 21002 0
02120 21012 2
02120 21020 0
02120 21021 2
02120 21102 0
02120 21112 0
02120 21120 0
02120 21121 4
02120 21200 0
02120 21201 4
02120 21210 0
02120 21211 4
02120 21222 0
02120 22000 3
02120 22001 4
02120 22010 2
02120 22011 2
02120 22022 2
02120 22100 3
02120 22101 4
02120 22110 0
02120 22111 4
02120 22122 0
02120 22202 2
02120 22212 3
02120 22220 2
02120 22221 4
02121 02200 4
02121 02201 2
02121 02210 4
02121 02211 3
02121 02222 2
02121 10000 0
02121 10001 0
02121 10010 0
02121 10011 0
02121 10022 0
02121 10100 0
02121 10101 0
02121 10110 0
02121 10111 0
02121 10122 1
02121 10202 0
02121 10212 0
02121 10220 0
02121 10221 2
02121 11000 3
02121 11001 3
02121 11010 2
02121 11011 2
02121 11022 4
02121 11100 3
02121 11101 3
02121 11110 1
02121 11111 1
02121 11122 4
02121 11202 4
02121 11212 4
02121 11220 2
02121 11221 2
02121 12002 0
02121 12012 0
02121 12020 0
02121 12021 0
02121 12102 0
02121 12112 4
02121 12120 0
02121 12121 0
02121 12200 0
02121 12201 0
02121 12210 0
02121 12211 0
02121 12222 0
02121 20002 4
02121 20012 2
02121 20020 1
02121 20021 1
02121 20102 4
02121 20112 4
02121 20120 1
02121 20121 1
02121 20200 3
02121 20201 3
02121 20210 1
02121 20211 1
02121 20222 1
02121 21002 4
02121 21012 2
02121 21020 0
02121 21021 0
02121 21102 0
02121 21112 0
02121 21120 0
02121 21121 0
02121 21200 3
02121 21201 0
02121 21210 0
02121 21211 0
02121 21222 0
02121 22000 3
02121 22001 3
02121 22010 2
02121 22011 2
02121 22022 4
02121 22100 3
02121 22101 3
02121 22110 0
02121 22111 0
02121 22122 4
02121 22202 4
02121 22212 4
02121 22220 2
02121 22221 2
02200 02201 4
02200 02210 3
02200 02211 4
02200 02222 3
02200 10000 0
02200 10001 0
02200 10010 0
02200 10011 0
02200 10022 0
02200 10100 0
02200 10101 0
02200 10110 0
02200 10111 0
02200 10122 0
02200 10202 0
02200 10212 0
02200 10220 0
02200 10221 0
02200 11000 2
02200 11001 4
02200 11010 3
02200 11011 4
02200 11022 3
02200 11100 1
02200 11101 4
02200 11110 1
02200 11111 4
02200 11122 3
02200 11202 1
02200 11212 1
02200 11220 1
02200 11221 3
02200 12002 0
02200 12012 0
02200 12020 0
02200 12021 0
02200 12102 2
02200 12112 2
02200 12120 2
02200 12121 4
02200 12200 0
02200 12201 4
02200 12210 3
02200 12211 4
02200 12222 3
02200 20002 1
02200 20012 1
02200 20020 1
02200 20021 4
02200 20102 2
02200 20112 2
02200 20120 2
02200 20121 4
02200 20200 1
02200 20201 4
02200 20210 3
02200 20211 4
02200 20222 3
02200 21002 0
02200 21012 0
02200 21020 0
02200 21021 4
02200 21102 0
02200 21112 2
02200 21120 0
02200 21121 4
02200 21200 0
02200 21201 4
02200 21210 3
02200 21211 4
02200 21222 0
02200 22000 2
02200 22001 4
02200 22010 3
02200 22011 4
02200 22022 3
02200 22100 0
02200 22101 4
02200 22110 0
02200 22111 4
02200 22122 0
02200 22202 0
02200 22212 0
02200 22220 0
02200 22221 4
02201 02210 3
02201 02211 3
02201 02222 4
02201 10000 0
02201 10001 0
02201 10010 0
02201 10011 0
02201 10022 0
02201 10100 0
02201 10101 0
02201 10110 0
02201 10111 0
02201 10122 0
02201 10202 0
02201 10212 0
02201 10220 0
02201 10221 0
02201 11000 2
02201 11001 2
02201 11010 3
02201 11011 3
02201 11022 4
02201 11100 1
02201 11101 1
02201 11110 3
02201 11111 3
02201 11122 4
02201 11202 4
02201 11212 4
02201 11220 1
02201 11221 1
02201 12002 0
02201 12012 0
02201 12020 0
02201 12021 0
02201 12102 4
02201 12112 4
02201 12120 2
02201 12121 2
02201 12200 0
02201 12201 0
02201 12210 3
02201 12211 3
02201 12222 4
02201 20002 4
02201 20012 3
02201 20020 1
02201 20021 1
02201 20102 4
02201 20112 3
02201 20120 2
02201 20121 2
02201 20200 1
02201 20201 1
02201 20210 3
02201 20211 3
02201 20222 4
02201 21002 0
02201 21012 3
02201 21020 0
02201 21021 0
02201 21102 0
02201 21112 3
02201 21120 2
02201 21121 0
02201 21200 0
02201 21201 0
02201 21210 3
02201 21211 3
02201 21222 0
02201 22000 2
02201 22001 2
02201 22010 3
02201 22011 3
02201 22022 4
02201 22100 0
02201 22101 0
02201 22110 3
02201 22111 3
02201 22122 0
02201 22202 4
02201 22212 4
02201 22220 0
02201 22221 0
02210 02211 4
02210 02222 4
02210 10000 0
02210 10001 0
02210 10010 2
02210 10011 0
02210 10022 0
02210 10100 0
02210 10101 0
02210 10110 0
02210 10111 0
02210 10122 0
02210 10202 0
02210 10212 0
02210 10220 1
02210 10221 0
02210 11000 2
02210 11001 4
02210 11010 2
02210 11011 4
02210 11022 2
02210 11100 1
02210 11101 4
02210 11110 1
02210 11111 4
02210 11122 1
02210 11202 3
02210 11212 1
02210 11220 3
02210 11221 4
02210 12002 0
02210 12012 0
02210 12020 2
02210 12021 0
02210 12102 3
02210 12112 2
02210 12120 3
02210 12121 4
02210 12200 0
02210 12201 0
02210 12210 0
02210 12211 4
02210 12222 0
02210 20002 3
02210 20012 1
02210 20020 3
02210 20021 4
02210 20102 3
02210 20112 2
02210 20120 3
02210 20121 4
02210 20200 1
02210 20201 3
02210 20210 1
02210 20211 4
02210 20222 1
02210 21002 3
02210 21012 0
02210 21020 0
02210 21021 4
02210 21102 3
02210 21112 0
02210 21120 0
02210 21121 4
02210 21200 0
02210 21201 3
02210 21210 0
02210 21211 4
02210 21222 0
02210 22000 2
02210 22001 3
02210 22010 2
02210 22011 4
02210 22022 2
02210 22100 0
02210 22101 3
02210 22110 0
02210 22111 4
02210 22122 0
02210 22202 3
02210 22212 0
02210 22220 3
02210 22221 4
02211 02222 3
02211 10000 0
02211 10001 0
02211 10010 0
02211 10011 0
02211 10022 0
02211 10100 0
02211 10101 0
02211 10110 0
02211 10111 0
02211 10122 0
02211 10202 0
02211 10212 0
02211 10220 0
02211 10221 0
02211 11000 2
02211 11001 2
02211 11010 2
02211 11011 2
02211 11022 4
02211 11100 1
02211 11101 1
02211 11110 1
02211 11111 1
02211 11122 4
02211 11202 4
02211 11212 4
02211 11220 3
02211 11221 3
02211 12002 0
02211 12012 0
02211 12020 0
02211 12021 0
02211 12102 4
02211 12112 4
02211 12120 3
02211 12121 3
02211 12200 0
02211 12201 0
02211 12210 0
02211 12211 0
02211 12222 0
02211 20002 4
02211 20012 4
02211 20020 3
02211 20021 3
02211 20102 4
02211 20112 4
02211 20120 3
02211 20121 3
02211 20200 1
02211 20201 1
02211 20210 1
02211 20211 1
02211 20222 4
02211 21002 4
02211 21012 0
02211 21020 3
02211 21021 0
02211 21102 4
02211 21112 0
02211 21120 3
02211 21121 0
02211 21200 0
02211 21201 0
02211 21210 0
02211 21211 0
02211 21222 0
02211 22000 2
02211 22001 2
02211 22010 2
02211 22011 2
02211 22022 4
02211 22100 0
02211 22101 0
02211 22110 0
02211 22111 0
02211 22122 0
02211 22202 4
02211 22212 4
02211 22220 3
02211 22221 3
02222 10000 0
02222 10001 0
02222 10010 0
02222 10011 0
02222 10022 0
02222 10100 0
02222 10101 0
02222 10110 0
02222 10111 0
02222 10122 0
02222 10202 0
02222 10212 0
02222 10220 0
02222 10221 0
02222 11000 4
02222 11001 2
02222 11010 4
02222 11011 3
02222 11022 2
02222 11100 4
02222 11101 1
02222 11110 4
02222 11111 3
02222 11122 1
02222 11202 3
02222 11212 1
02222 11220 4
02222 11221 1
02222 12002 0
02222 12012 0
02222 12020 0
02222 12021 0
02222 12102 3
02222 12112 2
02222 12120 4
02222 12121 2
02222 12200 0
02222 12201 0
02222 12210 4
02222 12211 3
02222 12222 0
02222 20002 3
02222 20012 1
02222 20020 4
02222 20021 1
02222 20102 3
02222 20112 2
02222 20120 4
02222 20121 2
02222 20200 4
02222 20201 1
02222 20210 4
02222 20211 3
02222 20222 1
02222 21002 0
02222 21012 0
02222 21020 0
02222 21021 0
02222 21102 0
02222 21112 0
02222 21120 0
02222 21121 0
02222 21200 0
02222 21201 0
02222 21210 0
02222 21211 0
02222 21222 0
02222 22000 4
02222 22001 2
02222 22010 4
02222 22011 3
02222 22022 2
02222 22100 0
02222 22101 0
02222 22110 0
02222 22111 0
02222 22122 0
02222 22202 3
02222 22212 0
02222 22220 4
02222 22221 0
10000 10001 4
10000 10010 3
10000 10011 4
10000 10022 3
10000 10100 2
10000 10101 4
10000 10110 3
10000 10111 4
10000 10122 3
10000 10202 2
10000 10212 2
10000 10220 2
10000 10221 4
10000 11000 1
10000 11001 4
10000 11010 3
10000 11011 4
10000 11022 3
10000 11100 2
10000 11101 4
10000 11110 3
10000 11111 4
10000 11122 3
10000 11202 2
10000 11212 2
10000 11220 2
10000 11221 3
10000 12002 1
10000 12012 1
10000 12020 1
10000 12021 4
10000 12102 1
10000 12112 1
10000 12120 1
10000 12121 4
10000 12200 1
10000 12201 4
10000 12210 3
10000 12211 4
10000 12222 1
10000 20002 4
10000 20012 4
10000 20020 3
10000 20021 3
10000 20102 4
10000 20112 4
10000 20120 3
10000 20121 3
10000 20200 2
10000 20201 2
10000 20210 2
10000 20211 2
10000 20222 2
10000 21002 4
10000 21012 4
10000 21020 3
10000 21021 3
10000 21102 4
10000 21112 4
10000 21120 3
10000 21121 3
10000 21200 2
10000 21201 2
10000 21210 2
10000 21211 2
10000 21222 4
10000 22000 1
10000 22001 1
10000 22010 1
10000 22011 1
10000 22022 4
10000 22100 1
10000 22101 1
10000 22110 1
10000 22111 1
10000 22122 4
10000 22202 4
10000 22212 4
10000 22220 3
10000 22221 3
10001 10010 3
10001 10011 3
10001 10022 4
10001 10100 2
10001 10101 2
10001 10110 3
10001 10111 3
10001 10122 4
10001 10202 4
10001 10212 3
10001 10220 2
10001 10221 2
10001 11000 1
10001 11001 1
10001 11010 3
10001 11011 3
10001 11022 4
10001 11100 2
10001 11101 2
10001 11110 3
10001 11111 3
10001 11122 4
10001 11202 4
10001 11212 3
10001 11220 2
10001 11221 2
10001 12002 4
10001 12012 3
10001 12020 1
10001 12021 1
10001 12102 2
10001 12112 4
10001 12120 1
10001 12121 1
10001 12200 1
10001 12201 1
10001 12210 3
10001 12211 3
10001 12222 1
10001 20002 0
10001 20012 3
10001 20020 4
10001 20021 3
10001 20102 2
10001 20112 3
10001 20120 4
10001 20121 3
10001 20200 4
10001 20201 2
10001 20210 3
10001 20211 2
10001 20222 2
10001 21002 1
10001 21012 3
10001 21020 4
10001 21021 3
10001 21102 2
10001 21112 3
10001 21120 4
10001 21121 3
10001 21200 4
10001 21201 2
10001 21210 4
10001 21211 2
10001 21222 2
10001 22000 4
10001 22001 1
10001 22010 3
10001 22011 1
10001 22022 1
10001 22100 2
10001 22101 1
10001 22110 4
10001 22111 1
10001 22122 1
10001 22202 1
10001 22212 3
10001 22220 4
10001 22221 3
10010 10011 4
10010 10022 4
10010 10100 2
10010 10101 2
10010 10110 2
10010 10111 4
10010 10122 2
10010 10202 3
10010 10212 2
10010 10220 3
10010 10221 4
10010 11000 1
10010 11001 1
10010 11010 1
10010 11011 4
10010 11022 1
10010 11100 2
10010 11101 3
10010 11110 2
10010 11111 4
10010 11122 2
10010 11202 3
10010 11212 2
10010 11220 3
10010 11221 4
10010 12002 3
10010 12012 1
10010 12020 3
10010 12021 4
10010 12102 2
10010 12112 1
10010 12120 2
10010 12121 2
10010 12200 1
10010 12201 3
10010 12210 1
10010 12211 4
10010 12222 1
10010 20002 3
10010 20012 4
10010 20020 0
10010 20021 0
10010 20102 2
10010 20112 4
10010 20120 2
10010 20121 2
10010 20200 3
10010 20201 3
10010 20210 2
10010 20211 2
10010 20222 4
10010 21002 1
10010 21012 4
10010 21020 1
10010 21021 1
10010 21102 4
10010 21112 4
10010 21120 2
10010 21121 2
10010 21200 3
10010 21201 3
10010 21210 2
10010 21211 2
10010 21222 4
10010 22000 3
10010 22001 3
10010 22010 1
10010 22011 1
10010 22022 4
10010 22100 2
10010 22101 2
10010 22110 1
10010 22111 1
10010 22122 2
10010 22202 3
10010 22212 4
10010 22220 1
10010 22221 1
10011 10022 3
10011 10100 2
10011 10101 2
10011 10110 2
10011 10111 2
10011 10122 2
10011 10202 4
10011 10212 4
10011 10220 3
10011 10221 3
10011 11000 1
10011 11001 1
10011 11010 1
10011 11011 1
10011 11022 1
10011 11100 2
10011 11101 2
10011 11110 2
10011 11111 2
10011 11122 4
10011 11202 4
10011 11212 4
10011 11220 3
10011 11221 3
10011 12002 4
10011 12012 4
10011 12020 3
10011 12021 3
10011 12102 2
10011 12112 2
10011 12120 2
10011 12121 2
10011 12200 1
10011 12201 1
10011 12210 1
10011 12211 1
10011 12222 1
10011 20002 0
10011 20012 0
10011 20020 4
10011 20021 0
10011 20102 2
10011 20112 2
10011 20120 2
10011 20121 2
10011 20200 4
10011 20201 3
10011 20210 4
10011 20211 2
10011 20222 3
10011 21002 1
10011 21012 1
10011 21020 1
10011 21021 1
10011 21102 2
10011 21112 2
10011 21120 4
10011 21121 2
10011 21200 4
10011 21201 3
10011 21210 4
10011 21211 2
10011 21222 3
10011 22000 4
10011 22001 3
10011 22010 4
10011 22011 1
10011 22022 3
10011 22100 2
10011 22101 2
10011 22110 2
10011 22111 1
10011 22122 2
10011 22202 1
10011 22212 1
10011 22220 4
10011 22221 1
10022 10100 2
10022 10101 2
10022 10110 4
10022 10111 3
10022 10122 2
10022 10202 3
10022 10212 2
10022 10220 4
10022 10221 2
10022 11000 1
10022 11001 1
10022 11010 4
10022 11011 3
10022 11022 1
10022 11100 4
10022 11101 2
10022 11110 4
10022 11111 3
10022 11122 2
10022 11202 3
10022 11212 2
10022 11220 4
10022 11221 2
10022 12002 3
10022 12012 1
10022 12020 4
10022 12021 1
10022 12102 2
10022 12112 1
10022 12120 4
10022 12121 1
10022 12200 1
10022 12201 1
10022 12210 1
10022 12211 1
10022 12222 1
10022 20002 0
10022 20012 3
10022 20020 0
10022 20021 4
10022 20102 2
10022 20112 3
10022 20120 2
10022 20121 4
10022 20200 3
10022 20201 4
10022 20210 2
10022 20211 4
10022 20222 2
10022 21002 1
10022 21012 3
10022 21020 1
10022 21021 4
10022 21102 2
10022 21112 3
10022 21120 2
10022 21121 4
10022 21200 3
10022 21201 4
10022 21210 2
10022 21211 4
10022 21222 2
10022 22000 3
10022 22001 4
10022 22010 1
10022 22011 1
10022 22022 1
10022 22100 2
10022 22101 2
10022 22110 1
10022 22111 4
10022 22122 1
10022 22202 1
10022 22212 3
10022 22220 1
10022 22221 4
10100 10101 4
10100 10110 3
10100 10111 4
10100 10122 3
10100 10202 4
10100 10212 4
10100 10220 3
10100 10221 3
10100 11000 1
10100 11001 1
10100 11010 1
10100 11011 2
10100 11022 1
10100 11100 1
10100 11101 4
10100 11110 3
10100 11111 4
10100 11122 3
10100 11202 1
10100 11212 1
10100 11220 1
10100 11221 1
10100 12002 2
10100 12012 2
10100 12020 2
10100 12021 2
10100 12102 1
10100 12112 1
10100 12120 1
10100 12121 4
10100 12200 2
10100 12201 4
10100 12210 3
10100 12211 4
10100 12222 3
10100 20002 2
10100 20012 2
10100 20020 2
10100 20021 2
10100 20102 4
10100 20112 4
10100 20120 3
10100 20121 3
10100 20200 0
10100 20201 0
10100 20210 0
10100 20211 0
10100 20222 0
10100 21002 1
10100 21012 1
10100 21020 1
10100 21021 1
10100 21102 4
10100 21112 4
10100 21120 3
10100 21121 3
10100 21200 1
10100 21201 1
10100 21210 1
10100 21211 1
10100 21222 1
10100 22000 2
10100 22001 2
10100 22010 2
10100 22011 2
10100 22022 2
10100 22100 1
10100 22101 1
10100 22110 1
10100 22111 1
10100 22122 4
10100 22202 4
10100 22212 4
10100 22220 3
10100 22221 3
10101 10110 3
10101 10111 3
10101 10122 4
10101 10202 2
10101 10212 3
10101 10220 4
10101 10221 3
10101 11000 1
10101 11001 1
10101 11010 1
10101 11011 1
10101 11022 2
10101 11100 1
10101 11101 1
10101 11110 3
10101 11111 3
10101 11122 4
10101 11202 1
10101 11212 1
10101 11220 1
10101 11221 1
10101 12002 4
10101 12012 2
10101 12020 2
10101 12021 2
10101 12102 4
10101 12112 3
10101 12120 1
10101 12121 1
10101 12200 2
10101 12201 2
10101 12210 3
10101 12211 3
10101 12222 4
10101 20002 0
10101 20012 2
10101 20020 2
10101 20021 2
10101 20102 0
10101 20112 3
10101 20120 4
10101 20121 3
10101 20200 4
10101 20201 0
10101 20210 3
10101 20211 0
10101 20222 0
10101 21002 1
10101 21012 1
10101 21020 1
10101 21021 1
10101 21102 1
10101 21112 3
10101 21120 4
10101 21121 3
10101 21200 1
10101 21201 1
10101 21210 1
10101 21211 1
10101 21222 1
10101 22000 4
10101 22001 2
10101 22010 2
10101 22011 2
10101 22022 2
10101 22100 4
10101 22101 1
10101 22110 3
10101 22111 1
10101 22122 1
10101 22202 2
10101 22212 3
10101 22220 4
10101 22221 3
10110 10111 4
10110 10122 4
10110 10202 3
10110 10212 4
10110 10220 2
10110 10221 2
10110 11000 1
10110 11001 1
10110 11010 1
10110 11011 1
10110 11022 1
10110 11100 1
10110 11101 1
10110 11110 1
10110 11111 4
10110 11122 1
10110 11202 1
10110 11212 1
10110 11220 1
10110 11221 1
10110 12002 3
10110 12012 2
10110 12020 3
10110 12021 4
10110 12102 3
10110 12112 1
10110 12120 3
10110 12121 4
10110 12200 2
10110 12201 3
10110 12210 2
10110 12211 4
10110 12222 2
10110 20002 3
10110 20012 2
10110 20020 0
10110 20021 0
10110 20102 3
10110 20112 4
10110 20120 0
10110 20121 0
10110 20200 0
10110 20201 3
10110 20210 0
10110 20211 0
10110 20222 0
10110 21002 1
10110 21012 1
10110 21020 1
10110 21021 1
10110 21102 1
10110 21112 4
10110 21120 1
10110 21121 1
10110 21200 1
10110 21201 1
10110 21210 1
10110 21211 1
10110 21222 1
10110 22000 3
10110 22001 3
10110 22010 2
10110 22011 2
10110 22022 4
10110 22100 3
10110 22101 3
10110 22110 1
10110 22111 1
10110 22122 4
10110 22202 3
10110 22212 4
10110 22220 2
10110 22221 2
10111 10122 3
10111 10202 2
10111 10212 2
10111 10220 4
10111 10221 2
10111 11000 1
10111 11001 1
10111 11010 1
10111 11011 1
10111 11022 1
10111 11100 1
10111 11101 1
10111 11110 1
10111 11111 1
10111 11122 1
10111 11202 1
10111 11212 1
10111 11220 1
10111 11221 1
10111 12002 4
10111 12012 4
10111 12020 3
10111 12021 3
10111 12102 4
10111 12112 4
10111 12120 3
10111 12121 3
10111 12200 2
10111 12201 2
10111 12210 2
10111 12211 2
10111 12222 4
10111 20002 0
10111 20012 0
10111 20020 4
10111 20021 0
10111 20102 0
10111 20112 0
10111 20120 4
10111 20121 0
10111 20200 4
10111 20201 3
10111 20210 4
10111 20211 0
10111 20222 0
10111 21002 1
10111 21012 1
10111 21020 1
10111 21021 1
10111 21102 1
10111 21112 1
10111 21120 1
10111 21121 1
10111 21200 1
10111 21201 1
10111 21210 1
10111 21211 1
10111 21222 1
10111 22000 4
10111 22001 3
10111 22010 4
10111 22011 2
10111 22022 3
10111 22100 4
10111 22101 3
10111 22110 4
10111 22111 1
10111 22122 3
10111 22202 2
10111 22212 2
10111 22220 4
10111 22221 2
10122 10202 2
10122 10212 3
10122 10220 2
10122 10221 4
10122 11000 1
10122 11001 1
10122 11010 1
10122 11011 1
10122 11022 1
10122 11100 1
10122 11101 1
10122 11110 4
10122 11111 3
10122 11122 1
10122 11202 1
10122 11212 1
10122 11220 2
10122 11221 1
10122 12002 3
10122 12012 2
10122 12020 4
10122 12021 2
10122 12102 3
10122 12112 1
10122 12120 4
10122 12121 1
10122 12200 4
10122 12201 2
10122 12210 4
10122 12211 3
10122 12222 2
10122 20002 0
10122 20012 2
10122 20020 0
10122 20021 2
10122 20102 0
10122 20112 3
10122 20120 0
10122 20121 4
10122 20200 0
10122 20201 0
10122 20210 0
10122 20211 0
10122 20222 0
10122 21002 1
10122 21012 1
10122 21020 1
10122 21021 1
10122 21102 1
10122 21112 3
10122 21120 1
10122 21121 4
10122 21200 1
10122 21201 1
10122 21210 1
10122 21211 1
10122 21222 1
10122 22000 3
10122 22001 4
10122 22010 2
10122 22011 2
10122 22022 2
10122 22100 3
10122 22101 4
10122 22110 1
10122 22111 4
10122 22122 1
10122 22202 2
10122 22212 3
10122 22220 2
10122 22221 4
10202 10212 3
10202 10220 4
10202 10221 3
10202 11000 1
10202 11001 1
10202 11010 1
10202 11011 1
10202 11022 1
10202 11100 4
10202 11101 2
10202 11110 4
10202 11111 2
10202 11122 2
10202 11202 1
10202 11212 3
10202 11220 4
10202 11221 3
10202 12002 2
10202 12012 3
10202 12020 4
10202 12021 3
10202 12102 1
10202 12112 3
10202 12120 1
10202 12121 1
10202 12200 4
10202 12201 1
10202 12210 3
10202 12211 1
10202 12222 1
10202 20002 0
10202 20012 0
10202 20020 0
10202 20021 0
10202 20102 2
10202 20112 2
10202 20120 2
10202 20121 4
10202 20200 0
10202 20201 4
10202 20210 3
10202 20211 4
10202 20222 3
10202 21002 1
10202 21012 1
10202 21020 1
10202 21021 1
10202 21102 2
10202 21112 2
10202 21120 2
10202 21121 4
10202 21200 1
10202 21201 4
10202 21210 3
10202 21211 4
10202 21222 3
10202 22000 2
10202 22001 4
10202 22010 3
10202 22011 4
10202 22022 3
10202 22100 1
10202 22101 2
10202 22110 3
10202 22111 4
10202 22122 3
10202 22202 1
10202 22212 1
10202 22220 1
10202 22221 4
10212 10220 3
10212 10221 4
10212 11000 1
10212 11001 1
10212 11010 1
10212 11011 1
10212 11022 1
10212 11100 4
10212 11101 3
10212 11110 4
10212 11111 2
10212 11122 3
10212 11202 1
10212 11212 1
10212 11220 1
10212 11221 1
10212 12002 2
10212 12012 2
10212 12020 4
10212 12021 2
10212 12102 1
10212 12112 1
10212 12120 1
10212 12121 1
10212 12200 4
10212 12201 3
10212 12210 4
10212 12211 1
10212 12222 3
10212 20002 3
10212 20012 0
10212 20020 0
10212 20021 0
10212 20102 3
10212 20112 2
10212 20120 3
10212 20121 4
10212 20200 0
10212 20201 3
10212 20210 0
10212 20211 4
10212 20222 0
10212 21002 1
10212 21012 1
10212 21020 1
10212 21021 1
10212 21102 3
10212 21112 2
10212 21120 3
10212 21121 4
10212 21200 1
10212 21201 1
10212 21210 1
10212 21211 4
10212 21222 1
10212 22000 2
10212 22001 3
10212 22010 2
10212 22011 4
10212 22022 2
10212 22100 1
10212 22101 3
10212 22110 1
10212 22111 4
10212 22122 1
10212 22202 3
10212 22212 1
10212 22220 3
10212 22221 4
10220 10221 4
10220 11000 1
10220 11001 1
10220 11010 1
10220 11011 1
10220 11022 1
10220 11100 3
10220 11101 4
10220 11110 2
10220 11111 4
10220 11122 2
10220 11202 1
10220 11212 3
10220 11220 1
10220 11221 4
10220 12002 2
10220 12012 3
10220 12020 2
10220 12021 4
10220 12102 1
10220 12112 1
10220 12120 1
10220 12121 1
10220 12200 3
10220 12201 4
10220 12210 1
10220 12211 4
10220 12222 1
10220 20002 0
10220 20012 0
10220 20020 0
10220 20021 0
10220 20102 4
10220 20112 4
10220 20120 2
10220 20121 2
10220 20200 0
10220 20201 0
10220 20210 3
10220 20211 3
10220 20222 4
10220 21002 1
10220 21012 1
10220 21020 1
10220 21021 1
10220 21102 4
10220 21112 4
10220 21120 2
10220 21121 2
10220 21200 1
10220 21201 1
10220 21210 3
10220 21211 3
10220 21222 4
10220 22000 2
10220 22001 2
10220 22010 3
10220 22011 3
10220 22022 4
10220 22100 1
10220 22101 1
10220 22110 3
10220 22111 3
10220 22122 4
10220 22202 4
10220 22212 4
10220 22220 1
10220 22221 1
10221 11000 1
10221 11001 1
10221 11010 1
10221 11011 1
10221 11022 2
10221 11100 3
10221 11101 3
10221 11110 2
10221 11111 2
10221 11122 4
10221 11202 1
10221 11212 4
10221 11220 1
10221 11221 1
10221 12002 4
10221 12012 4
10221 12020 2
10221 12021 2
10221 12102 1
10221 12112 1
10221 12120 1
10221 12121 1
10221 12200 3
10221 12201 3
10221 12210 1
10221 12211 1
10221 12222 4
10221 20002 0
10221 20012 0
10221 20020 4
10221 20021 0
10221 20102 3
10221 20112 2
10221 20120 4
10221 20121 2
10221 20200 4
10221 20201 0
10221 20210 4
10221 20211 3
10221 20222 0
10221 21002 1
10221 21012 1
10221 21020 1
10221 21021 1
10221 21102 3
10221 21112 2
10221 21120 4
10221 21121 2
10221 21200 1
10221 21201 1
10221 21210 4
10221 21211 3
10221 21222 1
10221 22000 4
10221 22001 2
10221 22010 4
10221 22011 3
10221 22022 2
10221 22100 4
10221 22101 1
10221 22110 4
10221 22111 3
10221 22122 1
10221 22202 3
10221 22212 1
10221 22220 4
10221 22221 1
11000 11001 4
11000 11010 3
11000 11011 4
11000 11022 3
11000 11100 2
11000 11101 4
11000 11110 3
11000 11111 4
11000 11122 3
11000 11202 2
11000 11212 2
11000 11220 2
11000 11221 2
11000 12002 4
11000 12012 4
11000 12020 3
11000 12021 3
11000 12102 4
11000 12112 4
11000 12120 3
11000 12121 3
11000 12200 2
11000 12201 2
11000 12210 2
11000 12211 2
11000 12222 4
11000 20002 0
11000 20012 1
11000 20020 1
11000 20021 1
11000 20102 1
11000 20112 1
11000 20120 1
11000 20121 1
11000 20200 1
11000 20201 1
11000 20210 1
11000 20211 1
11000 20222 1
11000 21002 4
11000 21012 4
11000 21020 3
11000 21021 3
11000 21102 4
11000 21112 4
11000 21120 3
11000 21121 3
11000 21200 2
11000 21201 2
11000 21210 2
11000 21211 2
11000 21222 4
11000 22000 0
11000 22001 0
11000 22010 0
11000 22011 0
11000 22022 0
11000 22100 0
11000 22101 0
11000 22110 0
11000 22111 0
11000 22122 4
11000 22202 0
11000 22212 4
11000 22220 0
11000 22221 3
11001 11010 3
11001 11011 3
11001 11022 4
11001 11100 2
11001 11101 2
11001 11110 3
11001 11111 3
11001 11122 4
11001 11202 4
11001 11212 3
11001 11220 2
11001 11221 2
11001 12002 1
11001 12012 3
11001 12020 4
11001 12021 3
11001 12102 2
11001 12112 3
11001 12120 4
11001 12121 3
11001 12200 4
11001 12201 2
11001 12210 3
11001 12211 2
11001 12222 2
11001 20002 0
11001 20012 1
11001 20020 1
11001 20021 1
11001 20102 1
11001 20112 1
11001 20120 1
11001 20121 1
11001 20200 1
11001 20201 1
11001 20210 1
11001 20211 1
11001 20222 1
11001 21002 0
11001 21012 3
11001 21020 4
11001 21021 3
11001 21102 2
11001 21112 3
11001 21120 4
11001 21121 3
11001 21200 4
11001 21201 2
11001 21210 3
11001 21211 2
11001 21222 2
11001 22000 0
11001 22001 0
11001 22010 3
11001 22011 0
11001 22022 0
11001 22100 2
11001 22101 0
11001 22110 4
11001 22111 0
11001 22122 0
11001 22202 0
11001 22212 3
11001 22220 4
11001 22221 0
11010 11011 4
11010 11022 4
11010 11100 2
11010 11101 4
11010 11110 2
11010 11111 4
11010 11122 2
11010 11202 3
11010 11212 2
11010 11220 3
11010 11221 4
11010 12002 3
11010 12012 4
11010 12020 1
11010 12021 1
11010 12102 2
11010 12112 4
11010 12120 2
11010 12121 2
11010 12200 3
11010 12201 3
11010 12210 2
11010 12211 2
11010 12222 4
11010 20002 3
11010 20012 1
11010 20020 0
11010 20021 0
11010 20102 1
11010 20112 1
11010 20120 1
11010 20121 1
11010 20200 1
11010 20201 1
11010 20210 2
11010 20211 1
11010 20222 1
11010 21002 3
11010 21012 4
11010 21020 0
11010 21021 0
11010 21102 4
11010 21112 4
11010 21120 2
11010 21121 2
11010 21200 3
11010 21201 3
11010 21210 2
11010 21211 2
11010 21222 4
11010 22000 3
11010 22001 3
11010 22010 0
11010 22011 0
11010 22022 0
11010 22100 2
11010 22101 2
11010 22110 0
11010 22111 0
11010 22122 2
11010 22202 3
11010 22212 0
11010 22220 0
11010 22221 0
11011 11022 3
11011 11100 2
11011 11101 2
11011 11110 2
11011 11111 2
11011 11122 2
11011 11202 4
11011 11212 4
11011 11220 3
11011 11221 3
11011 12002 1
11011 12012 1
11011 12020 4
11011 12021 1
11011 12102 2
11011 12112 2
11011 12120 2
11011 12121 2
11011 12200 4
11011 12201 3
11011 12210 4
11011 12211 2
11011 12222 3
11011 20002 0
11011 20012 0
11011 20020 4
11011 20021 0
11011 20102 1
11011 20112 0
11011 20120 1
11011 20121 0
11011 20200 1
11011 20201 1
11011 20210 1
11011 20211 1
11011 20222 1
11011 21002 0
11011 21012 0
11011 21020 4
11011 21021 0
11011 21102 2
11011 21112 2
11011 21120 2
11011 21121 2
11011 21200 4
11011 21201 3
11011 21210 4
11011 21211 2
11011 21222 3
11011 22000 4
11011 22001 3
11011 22010 4
11011 22011 0
11011 22022 0
11011 22100 2
11011 22101 2
11011 22110 2
11011 22111 0
11011 22122 2
11011 22202 0
11011 22212 0
11011 22220 4
11011 22221 0
11022 11100 2
11022 11101 2
11022 11110 4
11022 11111 3
11022 11122 2
11022 11202 3
11022 11212 2
11022 11220 4
11022 11221 2
11022 12002 1
11022 12012 3
11022 12020 1
11022 12021 4
11022 12102 2
11022 12112 3
11022 12120 2
11022 12121 4
11022 12200 3
11022 12201 4
11022 12210 2
11022 12211 4
11022 12222 2
11022 20002 0
11022 20012 1
11022 20020 0
11022 20021 1
11022 20102 1
11022 20112 1
11022 20120 1
11022 20121 1
11022 20200 1
11022 20201 1
11022 20210 1
11022 20211 1
11022 20222 1
11022 21002 0
11022 21012 3
11022 21020 0
11022 21021 4
11022 21102 2
11022 21112 3
11022 21120 2
11022 21121 4
11022 21200 3
11022 21201 4
11022 21210 2
11022 21211 4
11022 21222 2
11022 22000 0
11022 22001 0
11022 22010 0
11022 22011 0
11022 22022 0
11022 22100 2
11022 22101 2
11022 22110 0
11022 22111 4
11022 22122 0
11022 22202 0
11022 22212 0
11022 22220 0
11022 22221 0
11100 11101 4
11100 11110 3
11100 11111 4
11100 11122 3
11100 11202 4
11100 11212 4
11100 11220 3
11100 11221 3
11100 12002 2
11100 12012 2
11100 12020 2
11100 12021 2
11100 12102 4
11100 12112 4
11100 12120 3
11100 12121 3
11100 12200 1
11100 12201 1
11100 12210 1
11100 12211 1
11100 12222 1
11100 20002 2
11100 20012 4
11100 20020 2
11100 20021 3
11100 20102 1
11100 20112 1
11100 20120 1
11100 20121 1
11100 20200 0
11100 20201 0
11100 20210 0
11100 20211 0
11100 20222 4
11100 21002 2
11100 21012 2
11100 21020 2
11100 21021 2
11100 21102 4
11100 21112 4
11100 21120 3
11100 21121 3
11100 21200 0
11100 21201 0
11100 21210 0
11100 21211 0
11100 21222 0
11100 22000 0
11100 22001 2
11100 22010 2
11100 22011 2
11100 22022 2
11100 22100 0
11100 22101 0
11100 22110 0
11100 22111 0
11100 22122 0
11100 22202 0
11100 22212 4
11100 22220 0
11100 22221 3
11101 11110 3
11101 11111 3
11101 11122 4
11101 11202 2
11101 11212 3
11101 11220 4
11101 11221 3
11101 12002 1
11101 12012 2
11101 12020 2
11101 12021 2
11101 12102 1
11101 12112 3
11101 12120 4
11101 12121 3
11101 12200 4
11101 12201 1
11101 12210 3
11101 12211 1
11101 12222 1
11101 20002 0
11101 20012 3
11101 20020 2
11101 20021 3
11101 20102 0
11101 20112 1
11101 20120 1
11101 20121 1
11101 20200 0
11101 20201 0
11101 20210 4
11101 20211 0
11101 20222 0
11101 21002 0
11101 21012 2
11101 21020 2
11101 21021 0
11101 21102 0
11101 21112 3
11101 21120 4
11101 21121 3
11101 21200 4
11101 21201 0
11101 21210 3
11101 21211 0
11101 21222 0
11101 22000 1
11101 22001 2
11101 22010 2
11101 22011 2
11101 22022 2
11101 22100 4
11101 22101 0
11101 22110 3
11101 22111 0
11101 22122 0
11101 22202 0
11101 22212 3
11101 22220 4
11101 22221 0
11110 11111 4
11110 11122 4
11110 11202 3
11110 11212 4
11110 11220 2
11110 11221 2
11110 12002 4
11110 12012 4
11110 12020 1
11110 12021 1
11110 12102 3
11110 12112 4
11110 12120 1
11110 12121 1
11110 12200 3
11110 12201 3
11110 12210 1
11110 12211 1
11110 12222 1
11110 20002 4
11110 20012 4
11110 20020 0
11110 20021 0
11110 20102 4
11110 20112 1
11110 20120 0
11110 20121 0
11110 20200 2
11110 20201 3
11110 20210 0
11110 20211 0
11110 20222 4
11110 21002 3
11110 21012 2
11110 21020 0
11110 21021 0
11110 21102 3
11110 21112 4
11110 21120 0
11110 21121 0
11110 21200 3
11110 21201 3
11110 21210 0
11110 21211 0
11110 21222 0
11110 22000 0
11110 22001 3
11110 22010 2
11110 22011 2
11110 22022 4
11110 22100 3
11110 22101 3
11110 22110 0
11110 22111 0
11110 22122 0
11110 22202 3
11110 22212 0
11110 22220 0
11110 22221 2
11111 11122 3
11111 11202 2
11111 11212 2
11111 11220 4
11111 11221 2
11111 12002 1
11111 12012 1
11111 12020 4
11111 12021 1
11111 12102 1
11111 12112 1
11111 12120 4
11111 12121 1
11111 12200 4
11111 12201 3
11111 12210 4
11111 12211 1
11111 12222 1
11111 20002 0
11111 20012 0
11111 20020 4
11111 20021 0
11111 20102 0
11111 20112 0
11111 20120 4
11111 20121 0
11111 20200 4
11111 20201 3
11111 20210 4
11111 20211 0
11111 20222 3
11111 21002 0
11111 21012 0
11111 21020 4
11111 21021 0
11111 21102 0
11111 21112 0
11111 21120 4
11111 21121 0
11111 21200 4
11111 21201 3
11111 21210 4
11111 21211 0
11111 21222 0
11111 22000 4
11111 22001 3
11111 22010 4
11111 22011 2
11111 22022 3
11111 22100 4
11111 22101 3
11111 22110 4
11111 22111 0
11111 22122 0
11111 22202 2
11111 22212 0
11111 22220 4
11111 22221 0
11122 11202 2
11122 11212 3
11122 11220 2
11122 11221 4
11122 12002 1
11122 12012 2
11122 12020 1
11122 12021 4
11122 12102 1
11122 12112 3
11122 12120 1
11122 12121 4
11122 12200 1
11122 12201 1
11122 12210 1
11122 12211 1
11122 12222 1
11122 20002 0
11122 20012 3
11122 20020 0
11122 20021 4
11122 20102 0
11122 20112 1
11122 20120 0
11122 20121 4
11122 20200 3
11122 20201 4
11122 20210 0
11122 20211 4
11122 20222 0
11122 21002 0
11122 21012 2
11122 21020 0
11122 21021 2
11122 21102 0
11122 21112 3
11122 21120 0
11122 21121 4
11122 21200 0
11122 21201 0
11122 21210 0
11122 21211 0
11122 21222 0
11122 22000 3
11122 22001 4
11122 22010 2
11122 22011 2
11122 22022 0
11122 22100 0
11122 22101 0
11122 22110 0
11122 22111 0
11122 22122 0
11122 22202 0
11122 22212 0
11122 22220 0
11122 22221 0
11202 11212 3
11202 11220 4
11202 11221 3
11202 12002 1
11202 12012 1
11202 12020 1
11202 12021 1
11202 12102 2
11202 12112 2
11202 12120 2
11202 12121 4
11202 12200 1
11202 12201 4
11202 12210 3
11202 12211 4
11202 12222 3
11202 20002 0
11202 20012 0
11202 20020 0
11202 20021 4
11202 20102 1
11202 20112 1
11202 20120 1
11202 20121 1
11202 20200 0
11202 20201 1
11202 20210 1
11202 20211 1
11202 20222 1
11202 21002 0
11202 21012 0
11202 21020 0
11202 21021 0
11202 21102 2
11202 21112 2
11202 21120 2
11202 21121 4
11202 21200 0
11202 21201 4
11202 21210 3
11202 21211 4
11202 21222 3
11202 22000 0
11202 22001 0
11202 22010 3
11202 22011 4
11202 22022 0
11202 22100 0
11202 22101 0
11202 22110 3
11202 22111 4
11202 22122 0
11202 22202 0
11202 22212 0
11202 22220 0
11202 22221 0
11212 11220 3
11212 11221 4
11212 12002 3
11212 12012 1
11212 12020 1
11212 12021 1
11212 12102 3
11212 12112 2
11212 12120 3
11212 12121 4
11212 12200 1
11212 12201 3
11212 12210 1
11212 12211 4
11212 12222 1
11212 20002 3
11212 20012 0
11212 20020 3
11212 20021 4
11212 20102 1
11212 20112 1
11212 20120 1
11212 20121 1
11212 20200 0
11212 20201 3
11212 20210 0
11212 20211 1
11212 20222 0
11212 21002 3
11212 21012 0
11212 21020 0
11212 21021 0
11212 21102 3
11212 21112 2
11212 21120 3
11212 21121 4
11212 21200 0
11212 21201 3
11212 21210 0
11212 21211 4
11212 21222 0
11212 22000 2
11212 22001 3
11212 22010 0
11212 22011 0
11212 22022 0
11212 22100 0
11212 22101 3
11212 22110 0
11212 22111 0
11212 22122 0
11212 22202 3
11212 22212 0
11212 22220 0
11212 22221 0
11220 11221 4
11220 12002 1
11220 12012 1
11220 12020 1
11220 12021 1
11220 12102 4
11220 12112 4
11220 12120 2
11220 12121 2
11220 12200 1
11220 12201 1
11220 12210 3
11220 12211 3
11220 12222 4
11220 20002 4
11220 20012 4
11220 20020 0
11220 20021 0
11220 20102 1
11220 20112 1
11220 20120 1
11220 20121 2
11220 20200 0
11220 20201 0
11220 20210 1
11220 20211 1
11220 20222 1
11220 21002 0
11220 21012 0
11220 21020 0
11220 21021 0
11220 21102 4
11220 21112 3
11220 21120 2
11220 21121 2
11220 21200 0
11220 21201 0
11220 21210 3
11220 21211 3
11220 21222 4
11220 22000 0
11220 22001 2
11220 22010 0
11220 22011 3
11220 22022 0
11220 22100 0
11220 22101 0
11220 22110 0
11220 22111 3
11220 22122 0
11220 22202 0
11220 22212 0
11220 22220 0
11220 22221 0
11221 12002 1
11221 12012 1
11221 12020 4
11221 12021 1
11221 12102 3
11221 12112 2
11221 12120 4
11221 12121 2
11221 12200 4
11221 12201 1
11221 12210 4
11221 12211 3
11221 12222 1
11221 20002 3
11221 20012 0
11221 20020 0
11221 20021 0
11221 20102 1
11221 20112 1
11221 20120 1
11221 20121 2
11221 20200 4
11221 20201 0
11221 20210 1
11221 20211 1
11221 20222 0
11221 21002 0
11221 21012 0
11221 21020 4
11221 21021 0
11221 21102 3
11221 21112 2
11221 21120 4
11221 21121 2
11221 21200 0
11221 21201 0
11221 21210 4
11221 21211 3
11221 21222 0
11221 22000 4
11221 22001 0
11221 22010 4
11221 22011 0
11221 22022 0
11221 22100 4
11221 22101 0
11221 22110 4
11221 22111 0
11221 22122 0
11221 22202 0
11221 22212 0
11221 22220 4
11221 22221 0
12002 12012 3
12002 12020 4
12002 12021 3
12002 12102 2
12002 12112 3
12002 12120 4
12002 12121 3
12002 12200 4
12002 12201 2
12002 12210 3
12002 12211 2
12002 12222 2
12002 20002 0
12002 20012 0
12002 20020 0
12002 20021 0
12002 20102 0
12002 20112 0
12002 20120 0
12002 20121 4
12002 20200 0
12002 20201 0
12002 20210 3
12002 20211 4
12002 20222 0
12002 21002 1
12002 21012 1
12002 21020 1
12002 21021 3
12002 21102 1
12002 21112 1
12002 21120 1
12002 21121 4
12002 21200 1
12002 21201 2
12002 21210 3
12002 21211 4
12002 21222 3
12002 22000 0
12002 22001 4
12002 22010 3
12002 22011 4
12002 22022 3
12002 22100 2
12002 22101 4
12002 22110 3
12002 22111 4
12002 22122 3
12002 22202 2
12002 22212 2
12002 22220 2
12002 22221 4
12012 12020 3
12012 12021 4
12012 12102 2
12012 12112 2
12012 12120 2
12012 12121 2
12012 12200 4
12012 12201 3
12012 12210 4
12012 12211 2
12012 12222 3
12012 20002 3
12012 20012 0
12012 20020 0
12012 20021 0
12012 20102 2
12012 20112 0
12012 20120 2
12012 20121 2
12012 20200 0
12012 20201 3
12012 20210 0
12012 20211 0
12012 20222 0
12012 21002 3
12012 21012 1
12012 21020 3
12012 21021 4
12012 21102 2
12012 21112 1
12012 21120 2
12012 21121 2
12012 21200 1
12012 21201 3
12012 21210 1
12012 21211 4
12012 21222 1
12012 22000 0
12012 22001 3
12012 22010 0
12012 22011 4
12012 22022 0
12012 22100 2
12012 22101 2
12012 22110 2
12012 22111 4
12012 22122 2
12012 22202 3
12012 22212 2
12012 22220 3
12012 22221 4
12020 12021 4
12020 12102 2
12020 12112 3
12020 12120 2
12020 12121 4
12020 12200 3
12020 12201 4
12020 12210 2
12020 12211 4
12020 12222 2
12020 20002 0
12020 20012 0
12020 20020 0
12020 20021 0
12020 20102 2
12020 20112 4
12020 20120 0
12020 20121 0
12020 20200 0
12020 20201 0
12020 20210 0
12020 20211 3
12020 20222 0
12020 21002 4
12020 21012 4
12020 21020 1
12020 21021 1
12020 21102 2
12020 21112 4
12020 21120 1
12020 21121 1
12020 21200 1
12020 21201 1
12020 21210 3
12020 21211 3
12020 21222 4
12020 22000 0
12020 22001 0
12020 22010 3
12020 22011 3
12020 22022 4
12020 22100 2
12020 22101 2
12020 22110 3
12020 22111 3
12020 22122 4
12020 22202 4
12020 22212 4
12020 22220 2
12020 22221 2
12021 12102 2
12021 12112 4
12021 12120 2
12021 12121 2
12021 12200 3
12021 12201 3
12021 12210 2
12021 12211 2
12021 12222 4
12021 20002 0
12021 20012 0
12021 20020 4
12021 20021 0
12021 20102 2
12021 20112 0
12021 20120 2
12021 20121 0
12021 20200 4
12021 20201 0
12021 20210 4
12021 20211 0
12021 20222 0
12021 21002 3
12021 21012 1
12021 21020 4
12021 21021 1
12021 21102 2
12021 21112 1
12021 21120 2
12021 21121 1
12021 21200 4
12021 21201 1
12021 21210 4
12021 21211 3
12021 21222 1
12021 22000 4
12021 22001 0
12021 22010 4
12021 22011 3
12021 22022 0
12021 22100 2
12021 22101 2
12021 22110 4
12021 22111 3
12021 22122 2
12021 22202 3
12021 22212 2
12021 22220 4
12021 22221 2
12102 12112 3
12102 12120 4
12102 12121 3
12102 12200 2
12102 12201 4
12102 12210 3
12102 12211 4
12102 12222 3
12102 20002 2
12102 20012 2
12102 20020 2
12102 20021 2
12102 20102 0
12102 20112 0
12102 20120 0
12102 20121 0
12102 20200 0
12102 20201 0
12102 20210 3
12102 20211 4
12102 20222 0
12102 21002 2
12102 21012 2
12102 21020 2
12102 21021 2
12102 21102 1
12102 21112 1
12102 21120 1
12102 21121 4
12102 21200 2
12102 21201 4
12102 21210 3
12102 21211 4
12102 21222 3
12102 22000 0
12102 22001 2
12102 22010 2
12102 22011 2
12102 22022 2
12102 22100 0
12102 22101 4
12102 22110 3
12102 22111 4
12102 22122 3
12102 22202 0
12102 22212 0
12102 22220 0
12102 22221 0
12112 12120 3
12112 12121 4
12112 12200 2
12112 12201 3
12112 12210 2
12112 12211 4
12112 12222 2
12112 20002 3
12112 20012 2
12112 20020 3
12112 20021 4
12112 20102 3
12112 20112 0
12112 20120 0
12112 20121 0
12112 20200 2
12112 20201 3
12112 20210 0
12112 20211 0
12112 20222 0
12112 21002 3
12112 21012 2
12112 21020 3
12112 21021 4
12112 21102 3
12112 21112 1
12112 21120 3
12112 21121 4
12112 21200 2
12112 21201 3
12112 21210 2
12112 21211 4
12112 21222 2
12112 22000 0
12112 22001 4
12112 22010 0
12112 22011 2
12112 22022 0
12112 22100 0
12112 22101 4
12112 22110 0
12112 22111 4
12112 22122 0
12112 22202 3
12112 22212 0
12112 22220 0
12112 22221 0
12120 12121 4
12120 12200 2
12120 12201 2
12120 12210 3
12120 12211 3
12120 12222 4
12120 20002 4
12120 20012 2
12120 20020 2
12120 20021 2
12120 20102 0
12120 20112 0
12120 20120 0
12120 20121 0
12120 20200 0
12120 20201 2
12120 20210 0
12120 20211 3
12120 20222 0
12120 21002 4
12120 21012 2
12120 21020 2
12120 21021 2
12120 21102 4
12120 21112 4
12120 21120 1
12120 21121 1
12120 21200 2
12120 21201 2
12120 21210 3
12120 21211 3
12120 21222 4
12120 22000 0
12120 22001 0
12120 22010 3
12120 22011 2
12120 22022 2
12120 22100 0
12120 22101 0
12120 22110 3
12120 22111 3
12120 22122 4
12120 22202 0
12120 22212 0
12120 22220 0
12120 22221 0
12121 12200 4
12121 12201 2
12121 12210 4
12121 12211 3
12121 12222 2
12121 20002 3
12121 20012 2
12121 20020 4
12121 20021 0
12121 20102 0
12121 20112 0
12121 20120 0
12121 20121 0
12121 20200 4
12121 20201 0
12121 20210 4
12121 20211 0
12121 20222 0
12121 21002 3
12121 21012 2
12121 21020 4
12121 21021 2
12121 21102 3
12121 21112 1
12121 21120 4
12121 21121 1
12121 21200 4
12121 21201 2
12121 21210 4
12121 21211 3
12121 21222 2
12121 22000 4
12121 22001 0
12121 22010 2
12121 22011 2
12121 22022 0
12121 22100 4
12121 22101 0
12121 22110 4
12121 22111 3
12121 22122 0
12121 22202 0
12121 22212 0
12121 22220 4
12121 22221 0
12200 12201 4
12200 12210 3
12200 12211 4
12200 12222 3
12200 20002 0
12200 20012 4
12200 20020 0
12200 20021 3
12200 20102 0
12200 20112 4
12200 20120 0
12200 20121 3
12200 20200 0
12200 20201 0
12200 20210 0
12200 20211 0
12200 20222 0
12200 21002 4
12200 21012 4
12200 21020 3
12200 21021 3
12200 21102 2
12200 21112 4
12200 21120 1
12200 21121 3
12200 21200 1
12200 21201 1
12200 21210 1
12200 21211 1
12200 21222 4
12200 22000 0
12200 22001 0
12200 22010 0
12200 22011 0
12200 22022 0
12200 22100 2
12200 22101 2
12200 22110 2
12200 22111 2
12200 22122 4
12200 22202 4
12200 22212 4
12200 22220 3
12200 22221 3
12201 12210 3
12201 12211 3
12201 12222 4
12201 20002 0
12201 20012 3
12201 20020 4
12201 20021 0
12201 20102 0
12201 20112 3
12201 20120 4
12201 20121 0
12201 20200 4
12201 20201 0
12201 20210 3
12201 20211 0
12201 20222 0
12201 21002 2
12201 21012 3
12201 21020 4
12201 21021 3
12201 21102 1
12201 21112 3
12201 21120 4
12201 21121 3
12201 21200 4
12201 21201 1
12201 21210 3
12201 21211 1
12201 21222 1
12201 22000 4
12201 22001 0
12201 22010 3
12201 22011 0
12201 22022 0
12201 22100 4
12201 22101 2
12201 22110 3
12201 22111 2
12201 22122 2
12201 22202 0
12201 22212 3
12201 22220 4
12201 22221 3
12210 12211 4
12210 12222 4
12210 20002 3
12210 20012 0
12210 20020 0
12210 20021 2
12210 20102 3
12210 20112 0
12210 20120 0
12210 20121 0
12210 20200 0
12210 20201 3
12210 20210 0
12210 20211 0
12210 20222 0
12210 21002 3
12210 21012 4
12210 21020 2
12210 21021 2
12210 21102 3
12210 21112 4
12210 21120 1
12210 21121 1
12210 21200 3
12210 21201 3
12210 21210 1
12210 21211 1
12210 21222 4
12210 22000 0
12210 22001 3
12210 22010 0
12210 22011 0
12210 22022 0
12210 22100 3
12210 22101 3
12210 22110 2
12210 22111 2
12210 22122 4
12210 22202 4
12210 22212 4
12210 22220 0
12210 22221 0
12211 12222 3
12211 20002 2
12211 20012 0
12211 20020 4
12211 20021 0
12211 20102 0
12211 20112 0
12211 20120 4
12211 20121 0
12211 20200 1
12211 20201 3
12211 20210 4
12211 20211 0
12211 20222 0
12211 21002 2
12211 21012 2
12211 21020 4
12211 21021 2
12211 21102 1
12211 21112 1
12211 21120 4
12211 21121 1
12211 21200 4
12211 21201 3
12211 21210 4
12211 21211 1
12211 21222 3
12211 22000 4
12211 22001 3
12211 22010 4
12211 22011 0
12211 22022 0
12211 22100 4
12211 22101 3
12211 22110 4
12211 22111 2
12211 22122 3
12211 22202 0
12211 22212 0
12211 22220 4
12211 22221 0
12222 20002 0
12222 20012 0
12222 20020 0
12222 20021 0
12222 20102 0
12222 20112 0
12222 20120 0
12222 20121 0
12222 20200 0
12222 20201 0
12222 20210 0
12222 20211 0
12222 20222 0
12222 21002 2
12222 21012 3
12222 21020 2
12222 21021 4
12222 21102 1
12222 21112 3
12222 21120 1
12222 21121 4
12222 21200 3
12222 21201 4
12222 21210 1
12222 21211 4
12222 21222 1
12222 22000 0
12222 22001 0
12222 22010 0
12222 22011 0
12222 22022 0
12222 22100 3
12222 22101 4
12222 22110 2
12222 22111 4
12222 22122 2
12222 22202 0
12222 22212 3
12222 22220 0
12222 22221 4
20002 20012 3
20002 20020 4
20002 20021 3
20002 20102 2
20002 20112 3
20002 20120 4
20002 20121 3
20002 20200 4
20002 20201 2
20002 20210 3
20002 20211 2
20002 20222 2
20002 21002 1
20002 21012 3
20002 21020 4
20002 21021 3
20002 21102 2
20002 21112 3
20002 21120 4
20002 21121 3
20002 21200 4
20002 21201 2
20002 21210 2
20002 21211 2
20002 21222 2
20002 22000 4
20002 22001 1
20002 22010 3
20002 22011 1
20002 22022 1
20002 22100 2
20002 22101 1
20002 22110 4
20002 22111 1
20002 22122 1
20002 22202 1
20002 22212 3
20002 22220 1
20002 22221 1
20012 20020 3
20012 20021 4
20012 20102 2
20012 20112 2
20012 20120 2
20012 20121 2
20012 20200 4
20012 20201 3
20012 20210 4
20012 20211 2
20012 20222 3
20012 21002 1
20012 21012 1
20012 21020 1
20012 21021 1
20012 21102 2
20012 21112 2
20012 21120 3
20012 21121 2
20012 21200 4
20012 21201 3
20012 21210 4
20012 21211 2
20012 21222 3
20012 22000 4
20012 22001 3
20012 22010 4
20012 22011 1
20012 22022 3
20012 22100 2
20012 22101 2
20012 22110 2
20012 22111 1
20012 22122 2
20012 22202 1
20012 22212 1
20012 22220 1
20012 22221 1
20020 20021 4
20020 20102 2
20020 20112 3
20020 20120 2
20020 20121 4
20020 20200 3
20020 20201 4
20020 20210 2
20020 20211 4
20020 20222 2
20020 21002 1
20020 21012 3
20020 21020 1
20020 21021 4
20020 21102 2
20020 21112 3
20020 21120 2
20020 21121 4
20020 21200 3
20020 21201 4
20020 21210 2
20020 21211 2
20020 21222 2
20020 22000 3
20020 22001 4
20020 22010 1
20020 22011 4
20020 22022 1
20020 22100 2
20020 22101 2
20020 22110 1
20020 22111 3
20020 22122 1
20020 22202 1
20020 22212 1
20020 22220 1
20020 22221 4
20021 20102 2
20021 20112 4
20021 20120 2
20021 20121 2
20021 20200 3
20021 20201 3
20021 20210 2
20021 20211 2
20021 20222 4
20021 21002 1
20021 21012 4
20021 21020 1
20021 21021 1
20021 21102 2
20021 21112 4
20021 21120 2
20021 21121 2
20021 21200 3
20021 21201 3
20021 21210 2
20021 21211 2
20021 21222 4
20021 22000 3
20021 22001 3
20021 22010 1
20021 22011 1
20021 22022 4
20021 22100 2
20021 22101 2
20021 22110 1
20021 22111 1
20021 22122 2
20021 22202 1
20021 22212 1
20021 22220 1
20021 22221 1
20102 20112 3
20102 20120 4
20102 20121 3
20102 20200 2
20102 20201 4
20102 20210 3
20102 20211 4
20102 20222 3
20102 21002 1
20102 21012 1
20102 21020 1
20102 21021 1
20102 21102 1
20102 21112 3
20102 21120 4
20102 21121 3
20102 21200 1
20102 21201 1
20102 21210 1
20102 21211 1
20102 21222 1
20102 22000 4
20102 22001 2
20102 22010 3
20102 22011 2
20102 22022 2
20102 22100 4
20102 22101 1
20102 22110 3
20102 22111 1
20102 22122 1
20102 22202 2
20102 22212 3
20102 22220 4
20102 22221 3
20112 20120 3
20112 20121 4
20112 20200 2
20112 20201 3
20112 20210 2
20112 20211 4
20112 20222 2
20112 21002 1
20112 21012 1
20112 21020 1
20112 21021 1
20112 21102 1
20112 21112 1
20112 21120 1
20112 21121 1
20112 21200 1
20112 21201 1
20112 21210 1
20112 21211 1
20112 21222 1
20112 22000 4
20112 22001 3
20112 22010 4
20112 22011 2
20112 22022 3
20112 22100 4
20112 22101 3
20112 22110 4
20112 22111 1
20112 22122 3
20112 22202 2
20112 22212 2
20112 22220 4
20112 22221 2
20120 20121 4
20120 20200 2
20120 20201 2
20120 20210 3
20120 20211 3
20120 20222 4
20120 21002 1
20120 21012 1
20120 21020 1
20120 21021 1
20120 21102 1
20120 21112 3
20120 21120 1
20120 21121 4
20120 21200 1
20120 21201 1
20120 21210 1
20120 21211 1
20120 21222 1
20120 22000 3
20120 22001 4
20120 22010 2
20120 22011 2
20120 22022 2
20120 22100 3
20120 22101 4
20120 22110 1
20120 22111 4
20120 22122 1
20120 22202 2
20120 22212 3
20120 22220 2
20120 22221 4
20121 20200 4
20121 20201 2
20121 20210 4
20121 20211 3
20121 20222 2
20121 21002 1
20121 21012 1
20121 21020 1
20121 21021 1
20121 21102 1
20121 21112 4
20121 21120 1
20121 21121 1
20121 21200 1
20121 21201 1
20121 21210 1
20121 21211 1
20121 21222 1
20121 22000 3
20121 22001 3
20121 22010 2
20121 22011 2
20121 22022 4
20121 22100 3
20121 22101 3
20121 22110 1
20121 22111 1
20121 22122 4
20121 22202 4
20121 22212 4
20121 22220 2
20121 22221 2
20200 20201 4
20200 20210 3
20200 20211 4
20200 20222 3
20200 21002 1
20200 21012 1
20200 21020 1
20200 21021 1
20200 21102 2
20200 21112 2
20200 21120 2
20200 21121 2
20200 21200 1
20200 21201 4
20200 21210 3
20200 21211 4
20200 21222 3
20200 22000 2
20200 22001 4
20200 22010 3
20200 22011 4
20200 22022 3
20200 22100 1
20200 22101 4
20200 22110 3
20200 22111 4
20200 22122 1
20200 22202 1
20200 22212 1
20200 22220 1
20200 22221 4
20201 20210 3
20201 20211 3
20201 20222 4
20201 21002 1
20201 21012 1
20201 21020 1
20201 21021 1
20201 21102 4
20201 21112 4
20201 21120 2
20201 21121 2
20201 21200 1
20201 21201 1
20201 21210 3
20201 21211 3
20201 21222 4
20201 22000 2
20201 22001 2
20201 22010 3
20201 22011 3
20201 22022 4
20201 22100 1
20201 22101 1
20201 22110 3
20201 22111 3
20201 22122 1
20201 22202 4
20201 22212 3
20201 22220 1
20201 22221 1
20210 20211 4
20210 20222 4
20210 21002 1
20210 21012 1
20210 21020 1
20210 21021 1
20210 21102 3
20210 21112 2
20210 21120 3
20210 21121 4
20210 21200 1
20210 21201 1
20210 21210 1
20210 21211 4
20210 21222 1
20210 22000 2
20210 22001 3
20210 22010 2
20210 22011 4
20210 22022 2
20210 22100 1
20210 22101 3
20210 22110 1
20210 22111 4
20210 22122 1
20210 22202 3
20210 22212 1
20210 22220 3
20210 22221 4
20211 20222 3
20211 21002 1
20211 21012 1
20211 21020 1
20211 21021 1
20211 21102 4
20211 21112 4
20211 21120 3
20211 21121 3
20211 21200 1
20211 21201 1
20211 21210 1
20211 21211 1
20211 21222 1
20211 22000 2
20211 22001 2
20211 22010 2
20211 22011 2
20211 22022 4
20211 22100 1
20211 22101 1
20211 22110 1
20211 22111 1
20211 22122 1
20211 22202 4
20211 22212 4
20211 22220 3
20211 22221 3
20222 21002 1
20222 21012 1
20222 21020 1
20222 21021 1
20222 21102 3
20222 21112 2
20222 21120 4
20222 21121 2
20222 21200 1
20222 21201 1
20222 21210 4
20222 21211 3
20222 21222 1
20222 22000 4
20222 22001 2
20222 22010 4
20222 22011 3
20222 22022 2
20222 22100 1
20222 22101 1
20222 22110 1
20222 22111 1
20222 22122 1
20222 22202 3
20222 22212 1
20222 22220 4
20222 22221 1
21002 21012 3
21002 21020 4
21002 21021 3
21002 21102 2
21002 21112 3
21002 21120 4
21002 21121 3
21002 21200 4
21002 21201 2
21002 21210 3
21002 21211 2
21002 21222 2
21002 22000 1
21002 22001 4
21002 22010 3
21002 22011 4
21002 22022 3
21002 22100 2
21002 22101 4
21002 22110 3
21002 22111 4
21002 22122 3
21002 22202 2
21002 22212 2
21002 22220 2
21002 22221 4
21012 21020 3
21012 21021 4
21012 21102 2
21012 21112 2
21012 21120 2
21012 21121 2
21012 21200 4
21012 21201 3
21012 21210 4
21012 21211 2
21012 21222 3
21012 22000 1
21012 22001 3
21012 22010 1
21012 22011 4
21012 22022 1
21012 22100 2
21012 22101 2
21012 22110 2
21012 22111 4
21012 22122 2
21012 22202 3
21012 22212 2
21012 22220 3
21012 22221 4
21020 21021 4
21020 21102 2
21020 21112 3
21020 21120 2
21020 21121 4
21020 21200 3
21020 21201 4
21020 21210 2
21020 21211 4
21020 21222 2
21020 22000 1
21020 22001 1
21020 22010 3
21020 22011 3
21020 22022 4
21020 22100 2
21020 22101 2
21020 22110 3
21020 22111 3
21020 22122 4
21020 22202 4
21020 22212 2
21020 22220 2
21020 22221 2
21021 21102 2
21021 21112 4
21021 21120 2
21021 21121 2
21021 21200 3
21021 21201 3
21021 21210 2
21021 21211 2
21021 21222 4
21021 22000 4
21021 22001 1
21021 22010 4
21021 22011 3
21021 22022 1
21021 22100 2
21021 22101 2
21021 22110 4
21021 22111 3
21021 22122 2
21021 22202 3
21021 22212 2
21021 22220 4
21021 22221 2
21102 21112 3
21102 21120 4
21102 21121 3
21102 21200 2
21102 21201 4
21102 21210 3
21102 21211 4
21102 21222 3
21102 22000 1
21102 22001 2
21102 22010 2
21102 22011 2
21102 22022 2
21102 22100 1
21102 22101 4
21102 22110 3
21102 22111 4
21102 22122 3
21102 22202 1
21102 22212 1
21102 22220 1
21102 22221 1
21112 21120 3
21112 21121 4
21112 21200 2
21112 21201 3
21112 21210 2
21112 21211 4
21112 21222 2
21112 22000 1
21112 22001 3
21112 22010 1
21112 22011 2
21112 22022 1
21112 22100 1
21112 22101 3
21112 22110 1
21112 22111 4
21112 22122 1
21112 22202 3
21112 22212 1
21112 22220 1
21112 22221 1
21120 21121 4
21120 21200 2
21120 21201 2
21120 21210 3
21120 21211 3
21120 21222 4
21120 22000 1
21120 22001 1
21120 22010 2
21120 22011 2
21120 22022 2
21120 22100 1
21120 22101 1
21120 22110 3
21120 22111 3
21120 22122 4
21120 22202 1
21120 22212 1
21120 22220 1
21120 22221 1
21121 21200 4
21121 21201 2
21121 21210 4
21121 21211 3
21121 21222 2
21121 22000 4
21121 22001 1
21121 22010 2
21121 22011 2
21121 22022 1
21121 22100 4
21121 22101 1
21121 22110 4
21121 22111 3
21121 22122 1
21121 22202 1
21121 22212 1
21121 22220 4
21121 22221 1
21200 21201 4
21200 21210 3
21200 21211 4
21200 21222 3
21200 22000 1
21200 22001 1
21200 22010 1
21200 22011 1
21200 22022 1
21200 22100 2
21200 22101 2
21200 22110 2
21200 22111 2
21200 22122 4
21200 22202 4
21200 22212 4
21200 22220 3
21200 22221 3
21201 21210 3
21201 21211 3
21201 21222 4
21201 22000 4
21201 22001 1
21201 22010 3
21201 22011 1
21201 22022 1
21201 22100 4
21201 22101 2
21201 22110 3
21201 22111 2
21201 22122 2
21201 22202 1
21201 22212 3
21201 22220 4
21201 22221 3
21210 21211 4
21210 21222 4
21210 22000 3
21210 22001 3
21210 22010 1
21210 22011 1
21210 22022 1
21210 22100 3
21210 22101 3
21210 22110 2
21210 22111 2
21210 22122 4
21210 22202 3
21210 22212 4
21210 22220 1
21210 22221 1
21211 21222 3
21211 22000 2
21211 22001 3
21211 22010 4
21211 22011 1
21211 22022 1
21211 22100 4
21211 22101 3
21211 22110 4
21211 22111 2
21211 22122 3
21211 22202 1
21211 22212 1
21211 22220 4
21211 22221 1
21222 22000 1
21222 22001 1
21222 22010 1
21222 22011 1
21222 22022 1
21222 22100 3
21222 22101 4
21222 22110 2
21222 22111 4
21222 22122 2
21222 22202 1
21222 22212 3
21222 22220 1
21222 22221 4
22000 22001 4
22000 22010 3
22000 22011 4
22000 22022 3
22000 22100 2
22000 22101 4
22000 22110 3
22000 22111 4
22000 22122 3
22000 22202 2
22000 22212 2
22000 22220 2
22000 22221 4
22001 22010 3
22001 22011 3
22001 22022 4
22001 22100 2
22001 22101 2
22001 22110 3
22001 22111 3
22001 22122 4
22001 22202 4
22001 22212 3
22001 22220 2
22001 22221 2
22010 22011 4
22010 22022 4
22010 22100 2
22010 22101 2
22010 22110 2
22010 22111 4
22010 22122 2
22010 22202 3
22010 22212 2
22010 22220 3
22010 22221 4
22011 22022 3
22011 22100 2
22011 22101 2
22011 22110 2
22011 22111 2
22011 22122 2
22011 22202 4
22011 22212 4
22011 22220 3
22011 22221 3
22022 22100 2
22022 22101 2
22022 22110 4
22022 22111 3
22022 22122 2
22022 22202 3
22022 22212 2
22022 22220 4
22022 22221 2
22100 22101 4
22100 22110 3
22100 22111 4
22100 22122 3
22100 22202 4
22100 22212 4
22100 22220 3
22100 22221 3
22101 22110 3
22101 22111 3
22101 22122 4
22101 22202 2
22101 22212 3
22101 22220 4
22101 22221 3
22110 22111 4
22110 22122 4
22110 22202 3
22110 22212 4
22110 22220 2
22110 22221 2
22111 22122 3
22111 22202 2
22111 22212 2
22111 22220 4
22111 22221 2
22122 22202 2
22122 22212 3
22122 22220 2
22122 22221 4
22202 22212 3
22202 22220 4
22202 22221 3
22212 22220 3
22212 22221 4
22220 22221 4
