x,Lx,S1,S2,S3,S4,S5,S6,S7,S8,S9,S10,S11,S12,S13,S14,S15,S16,S17,S18,S19,S20,S21,S22,S23,S24,S25,S26,S27,S28,S29,S30,S31,S32,U2,U4,U6,U8,U10,U12,U14,U16,U18,U20,U22,U24,U26,U28,U30,U32,T012,T024,T013,Q0123,c0,c1,c2,c3,c4,c5,c6,c7,c8,c9,c10,c11,c12,c13,c14,c15,c16,c17,c18,c19,c20,c21,c22,c23,c24,c25,c26,c27,c28,c29,c30,c31,c32,c33,c34,c35,c36,c37,c38,c39,c40,c41,c42,c43,c44,c45,c46,c47,c48,c49,c50,c51,c52,c53,c54,c55,c56,c57,c58,c59,c60,c61,c62,c63,c64,c65,c66,c67,c68,c69,c70,c71,c72,c73,c74,c75,c76,c77,c78,c79,c80,c81,c82,c83,c84,c85,c86,c87,c88,c89,c90,c91,c92,c93,c94,c95,c96,c97,c98,c99,c100,c101,c102,c103,c104,c105,c106,c107,c108,c109,c110,c111,c112,c113,c114,c115,c116,c117,c118,c119,c120,c121,c122,c123,c124,c125,c126,c127,c128,c129,c130,c131,c132,c133,c134,c135,c136,c137,c138,c139,c140,c141,c142,c143,c144,c145,c146,c147,c148,c149,c150,c151,c152,c153,c154,c155,c156,c157,c158,c159,c160,c161,c162,c163,c164,c165,c166,c167,c168,c169,c170,c171,c172,c173,c174,c175,c176,c177,c178,c179,c180,c181,c182,c183,c184,c185,c186,c187,c188,c189,c190,c191,c192,c193,c194,c195,c196,c197,c198,c199,c200,c201,c202,c203,c204,c205,c206,c207,c208,c209,c210,c211,c212,c213,c214,c215,c216,c217,c218,c219,c220,c221,c222,c223,c224,c225,c226,c227,c228,c229,c230,c231,c232,c233,c234,c235,c236,c237,c238,c239,c240,c241,c242,c243,c244,c245,c246,c247,c248,c249,c250,c251,c252,c253,c254,c255,hL,h1,h2,h3,h4,h5,h6,h7,h8,h9,h10,h11,h12,h13,h14,h15,h16,h17,h18,h19,h20,h21,h22,h23,h24,h25,h26,h27,h28,h29,h30,h31,h32
20000000,-4510,-3682,734,-1774,-1172,-3988,-2866,54,1684,-1904,-6904,-2880,888,-710,3048,40,898,-7212,444,-6584,-7908,3584,-5690,4406,-9016,1796,1250,-954,4002,-2178,-7262,5424,-8126,2782,-2418,314,906,-4814,3614,-2064,-1256,1702,-1010,-2918,-6542,3298,-854,-8898,-3716,-5678,3100,6574,-2462,77798,77900,78360,77255,78139,78448,77822,77723,78327,77941,78141,78527,77631,78214,77774,77941,77870,77795,78109,78246,78398,77956,78445,78283,77431,78111,77840,78417,77737,78077,78647,77467,78231,78305,77759,77974,78094,78232,78350,78243,78399,78304,77898,78025,77810,78106,78015,78494,77879,78073,78035,77972,78068,78029,78717,78318,77912,78264,78043,78130,78099,78621,77899,77756,77794,78413,78173,78297,77520,78168,78330,77960,78049,78004,78328,77950,78080,78641,78310,78582,77840,78241,78057,78383,77939,78456,78096,78519,78033,78162,78041,77476,78192,77957,78862,78304,77836,77709,77836,78006,78425,77756,78194,77654,77986,78276,78322,77850,77818,78442,77906,78505,77802,77956,78470,78268,78156,78245,77689,78437,78631,78264,78519,78503,78401,77636,78445,77818,77900,77715,78227,78290,78129,78220,78023,77992,77338,78414,78213,78201,77911,78043,78040,78173,78666,77938,78217,78347,78305,77967,77471,78226,78521,77896,78257,78618,78439,78096,78073,78188,77976,78165,77929,78316,77959,78046,78371,78649,77682,78136,78497,78590,78385,77411,78134,78672,77666,77769,78146,77876,78194,78143,77543,78093,77846,78474,78358,77996,78796,78401,78138,78507,77821,78104,78176,77718,78232,78246,77624,78253,78555,78560,77944,77747,78337,78234,78225,77679,78301,78004,77948,78637,77879,78631,77701,78287,77402,77860,78296,78160,78128,78397,78335,78341,78089,78185,78642,77871,78690,77935,78377,78250,78319,78309,78188,78138,77444,78014,78619,78171,78472,78557,78155,78359,78472,78081,77769,78353,78398,78250,78034,77619,78247,78017,77819,77735,8.1376280670392175e-05,-0.84252631862954797,-1.3563535408304825,0.62302807826484108,-1.5462766360252982,2.0963865996387794,-0.49229608410773062,-2.3128971055862322,0.36064450100723233,1.4549986566275048,0.23372219973382458,-0.32656823954589553,-1.1782061118470903,-0.29687583935271211,0.21557913656904582,1.8322334037886847,-0.40524188448571158,-0.6850299667824773,-0.38103594186257106,-2.086324199852319,1.2548950101647902,0.762257309424066,-1.6526400384763404,-0.043811335820313879,1.2897561661222794,2.1827689668653978,-0.56143431654945497,-0.73606318685152938,-1.1672447336554321,0.19126519219332189,0.11146532432081124,-1.8177718932717766,0.4246409729868999
40000000,-3192,-640,410,-678,1782,-2110,-1694,4312,-1002,4336,-8708,-3148,-4002,1266,-6758,2836,2390,-10412,-304,-11372,-9080,1730,-4398,6746,2390,526,9332,-5222,7540,-8526,-14066,5982,-4692,4092,1048,80,170,-4720,-1136,-6812,706,1600,-2176,-1518,1502,10042,4492,-14106,-5590,-1350,-512,2970,-1408,156517,156258,156447,155514,156203,156641,156068,155928,156236,156237,156048,156996,156233,156301,155719,155927,156082,155867,156270,156108,156597,155956,156432,156753,156362,156236,155699,157096,155692,155760,156596,155747,156461,156478,155731,156346,156386,156288,156358,156122,156163,156953,155717,156367,155988,156007,156150,156409,156444,156594,156169,156126,155969,155646,157188,156491,156013,155941,155928,155888,156259,156775,156296,156069,155656,156460,156473,156153,155583,156054,156853,155721,156580,156081,156725,155851,156230,156647,155757,156965,155499,156494,156474,156298,156036,156540,156268,156863,156235,156107,155964,155493,156298,156388,156881,156355,156398,155795,156015,156617,156547,155737,156083,156090,156018,156173,156276,155651,156628,156257,156558,156407,156178,155874,156006,156740,156181,156422,156001,156304,156883,156190,156812,156417,156104,156166,156862,155788,156258,155703,156397,156482,156270,156403,156466,155718,155713,156141,156505,156189,156365,156494,155733,156416,156857,156210,156404,156372,156518,156128,155563,155806,156676,156059,155916,156583,156262,156056,156438,156618,155655,156148,155906,156228,156275,156288,156519,156600,155830,155819,156859,156764,156354,155450,156536,156827,155749,156038,156115,156047,156222,156281,155697,156474,156039,156805,156675,156417,156814,156454,155974,156581,156305,156419,156200,156031,156271,156640,156006,156428,156487,156695,155921,155518,156505,155852,156561,156091,156304,155640,156089,156821,155613,157083,155537,156500,155552,156055,156539,156678,156546,156704,156387,156200,156326,156436,156896,155817,156635,155702,156274,156562,155926,156737,156420,156386,154979,156960,156692,156180,156584,156839,156331,156096,156482,156384,155938,156568,156540,156237,156054,156089,156673,155977,155788,155749,0.00013825371842018946,-0.84244664537241887,-1.3564165194472702,0.62306060096468074,-1.5461636858253376,2.0964490832451905,-0.49219556508039852,-2.3127732102641989,0.36053966644775853,1.4552387681774674,0.23363796599584033,-0.32657146743483134,-1.1783846441009429,-0.29679088099197992,0.21526124014344269,1.8323361920009893,-0.40514083058060296,-0.68519409801269981,-0.38104130748807902,-2.0864963515188215,1.2548578161870521,0.76218766205198385,-1.6526575878094951,-0.043776981630402015,1.2901574494289461,2.1827470893562322,-0.56113767111566959,-0.7362026774773528,-1.1671406350218525,0.1910472543157426,0.11122537546258644,-1.8177894727197343,0.42473674748348794
60000000,-3016,-908,-3670,2352,-1562,74,54,3082,2482,4262,-9772,-960,-3414,3418,-6024,3000,-1298,-8646,6824,-11946,-13450,-1898,-4068,2820,-750,304,10284,-5664,-6566,-6438,-13494,2274,590,836,2546,1806,786,-5006,-4986,-6654,562,5178,-2708,-1108,2700,10830,-7074,-12710,-3398,-2550,-800,796,-1110,234125,234147,234028,234035,234036,234551,234604,234090,234533,234164,234617,234817,234321,234687,233753,234055,234460,234204,234424,233889,234895,234254,234210,235016,234314,234366,233794,235555,233892,233622,234752,233656,234605,234742,233954,234510,234694,234563,234300,234055,233855,235661,234073,234456,234137,233722,234442,234533,234442,235023,234335,234232,233874,234220,235501,234874,234107,233988,233949,233690,234627,234593,234553,234091,233922,234556,234833,234147,233542,234080,234944,233406,234771,234028,234754,234302,234868,234895,233680,235400,233581,234157,234763,234951,234305,234391,234113,234998,234294,234283,233953,233210,234898,234344,234817,234523,234287,234092,234442,234696,234683,233719,234026,234106,233968,234379,234453,234364,234643,234874,234889,234467,234353,234123,234401,234854,234552,234205,233892,234091,235199,234279,234279,234743,234428,234383,234524,234123,234147,233916,234559,234659,234661,234883,234404,233718,234131,234149,234532,234409,234359,234662,233761,234353,234887,234260,234833,234466,234621,234275,233649,233959,235151,234201,234300,234820,234203,234017,234468,234988,233873,234238,233668,233840,234105,234493,235463,235025,233883,234053,234623,234655,234440,233441,234800,234807,233937,234115,234067,233900,234473,234597,234016,234482,234369,235267,234808,234293,234851,234429,234258,234556,234141,234662,234711,233975,234738,234861,234077,234708,234376,235271,234142,233306,234484,234225,234540,234056,234530,233351,233835,235537,233631,234887,233769,234609,233757,233684,235117,235288,234738,234757,234463,234291,234516,234594,235157,234089,234964,233729,234683,234490,233913,234993,234065,234014,232798,235531,234606,234287,234757,235123,234292,234319,234354,233874,234437,234802,234681,234332,233949,234496,234585,234062,234123,234149,0.00012518049546625772,-0.84244032174322736,-1.3564966288810723,0.6231413766359376,-1.5462417082620441,2.0964896739562398,-0.49215922905039078,-2.3127924390271595,0.36059837688061164,1.4552252954243732,0.2336153799470585,-0.32652493741857702,-1.1783604611174476,-0.2967267046480927,0.21527296107823685,1.8323400856014127,-0.40521385866416465,-0.68517343019132304,-0.38089220137591917,-2.086522170493033,1.2547779310116727,0.76212600299727695,-1.652654740254869,-0.043850859080195793,1.2901017320782708,2.1827260150316947,-0.56110516950958622,-0.73621320861062456,-1.1674356526515526,0.1910790875570984,0.11124861082733045,-1.8178651971182571,0.42485393099203816
80000000,-7132,-5276,32,8830,-100,1302,-3638,-1124,1108,3382,-6690,3628,-2636,2038,1464,5902,-1472,2558,8288,-15054,-12698,-462,1166,-614,-1400,4578,17430,5362,-10734,-9184,-7442,-4516,2514,672,-510,-2960,-674,-4580,-942,-2848,-470,3952,-3990,4314,2602,16164,-3976,-10278,124,4668,-4692,1502,-7290,312179,312224,312195,312281,311993,313028,312561,312273,312356,312223,312778,313359,312302,312705,312308,311856,312504,311955,312552,311958,312688,312419,312381,313440,311987,312516,311644,313507,312354,311891,312562,311616,312729,312740,311934,312396,313148,312972,311859,312038,311898,313351,312128,313010,312281,312211,312873,312817,312393,312641,312379,312311,311741,312372,313693,312891,312281,312197,311869,312393,312171,312428,312551,311826,312078,312798,312836,312438,311491,312032,312974,311440,312634,312399,313064,312855,312705,312576,311749,313272,312110,312194,312819,312726,312682,312033,312056,313399,312582,312308,311907,311824,312874,313036,312959,312999,312294,312132,312501,312577,312756,311875,312399,311843,312257,312410,312544,312708,312718,313408,313215,312658,312591,312320,312450,313090,312722,312282,312716,312889,313082,312484,312323,312557,312257,312528,312537,312347,312224,312252,312826,312553,312586,313109,312446,311891,312103,312287,312328,312462,312201,312446,311937,312322,312965,312375,313568,311939,312561,312719,312111,312250,313047,312174,312469,313077,312124,312371,312037,312761,312147,312534,311589,312018,311885,312947,313422,312983,312406,312194,312587,312445,312609,311520,313037,313141,312033,312437,312252,311931,312926,312880,312433,312982,312630,313343,313135,313212,313395,312452,312234,313058,312398,312581,312859,311899,312899,312758,311673,312819,312706,313108,312216,311506,312516,312970,312746,311526,312571,311413,312013,313679,311918,312999,312074,312779,311888,311875,313899,313591,313099,313311,312888,312293,312685,312626,313156,311915,313058,311847,313087,312429,311727,313282,312373,312145,311045,314082,313195,312523,312720,312751,312455,312426,312287,312236,312411,312829,312389,312397,312200,312683,312529,312355,312347,312586,6.2273235800804167e-05,-0.84250601803955893,-1.3564468162571708,0.62324000836805016,-1.5462121858756726,2.0965040810998077,-0.49222246815805432,-2.3128574128366117,0.3605827838504374,1.4552174379029883,0.23366022504080805,-0.32645244861965522,-1.1783541410618568,-0.29674749293107794,0.21538355964642167,1.8323805162998541,-0.40521048168437407,-0.68501641505542676,-0.3808666485535841,-2.086565712768865,1.2547881056435788,0.76213484645056362,-1.6525760823617157,-0.043903935663660125,1.2900997850422404,2.1827831400557458,-0.56100291090823828,-0.73605575710951665,-1.1674984007292131,0.19103824386084378,0.11133556207602881,-1.8179713173528849,0.42488888165858107
100000000,-3884,-3916,4632,10714,-1834,1676,-1190,-1666,1096,3664,-5112,4426,3884,402,8628,8472,-2456,1746,2408,-16922,-12564,1298,2548,-160,7316,5252,22780,2334,-9664,-14346,-5304,-3592,5920,2736,126,-4212,1796,-2492,2898,3884,-3104,778,-2836,4930,6398,18130,-544,-8758,2766,-3116,-11494,-1334,-13742,389562,390115,390215,390293,390369,391238,390374,390491,390522,390895,391393,391613,390311,390961,390221,390270,390698,390258,391463,390297,391069,390686,390453,391629,390186,390639,390088,391269,390259,389546,390675,389697,390909,391121,390393,390666,391877,391611,389773,390511,389899,391403,390136,391264,390355,390288,391232,390955,390672,390593,390601,390258,389781,390454,391592,390652,390268,390159,389773,390278,390603,390453,390545,390251,390191,391237,391297,390556,389768,390409,391076,389453,391165,390849,391127,391228,390869,390436,389776,391526,390772,390163,390993,390521,390857,389816,390012,391706,390607,390277,390091,389846,391234,391611,390995,390998,390386,390449,390351,390253,390914,389729,389974,390291,390066,390567,391011,390834,390738,391530,391062,390383,390757,390224,390696,390969,390799,390644,390498,391166,391832,390294,390396,390573,390523,390288,390542,390777,390115,390393,391392,390572,391048,391768,390898,390000,390434,390865,390362,390469,390514,390396,389584,390102,391332,390801,392025,389987,390233,390714,390190,390558,391079,390220,390147,390975,390168,390505,390381,391099,390519,390732,389784,389863,390137,390744,391532,390791,391036,390111,390537,390454,390529,389649,391613,391038,390163,390011,390042,390007,390852,391391,390676,390793,390713,391506,391670,391386,391523,390516,390266,391068,390317,390727,391519,390342,391531,390422,389834,390233,390968,391163,389820,389520,390430,390686,390897,389954,390479,389484,389888,391802,390290,391175,390167,390945,389567,389772,392152,391623,390985,391445,391044,390336,390658,391412,391601,389814,391217,389611,391142,390560,389897,391123,390454,390278,388601,392245,391368,390997,391313,391191,390132,390733,390221,390088,390348,391199,390672,390571,389913,390974,390720,390599,390777,391017,9.9600844359033967e-05,-0.84248850503200901,-1.3563959538542616,0.62326125182428815,-1.5462313516922193,2.0965086093285037,-0.49219860799333109,-2.3128586678633036,0.36057490955218918,1.4552192440114742,0.23367874115320644,-0.32645135728874586,-1.1782821198727873,-0.29676585032650055,0.21546301940646187,1.8324067325170639,-0.40522843034001138,-0.6850222066465278,-0.38092956021904106,-2.0865850113820925,1.2547925265987332,0.76215387426438275,-1.652554870659221,-0.043901686116640838,1.2901966794480075,2.1827877494966739,-0.56094267766721462,-0.7360891154764726,-1.167485103869786,0.1909826297252476,0.11135961118486906,-1.8179594657577447,0.42492604054176875
120000000,-8592,-994,-890,12914,-2896,3714,-452,2460,-510,3518,-4246,4642,3878,-6868,8312,8216,3352,4934,4478,-9198,-14460,7182,10586,-2294,3772,3152,19708,2414,-8100,-17922,-1358,-5034,-3772,18,774,-2804,1052,-4320,3824,5230,870,216,-4688,11546,7186,16290,-2076,-4358,-2474,-4248,-14554,4060,-21622,467363,468305,468115,468449,468468,469036,468669,468405,468378,468930,468807,469657,468682,469228,468300,468565,468776,468378,469619,468151,468853,468656,468279,469778,468481,468865,468464,469483,468424,467371,469020,467932,469395,469493,468236,469077,469983,469935,467570,468868,468030,469397,467690,469269,468393,468064,469242,469406,468586,468715,468955,468279,468109,468583,469261,469140,468667,468453,467813,468217,468674,468876,469064,468128,468472,469082,469022,469241,467931,468438,469542,467710,469220,469125,468738,469547,468691,468345,468353,469850,468634,468148,468725,468428,468270,467593,467957,469881,468797,468225,468017,467874,469628,469589,469695,468825,468447,468492,468932,467826,469085,468145,467858,468321,468380,468509,469093,469208,468675,469472,469183,468593,468862,468055,469523,469138,469177,468690,468663,469206,470351,468207,468757,469063,468593,468715,468681,468754,468305,468259,469389,468625,468840,469428,469241,468460,468776,468840,468702,468400,468664,468719,467495,468387,470112,468935,470299,468287,468574,468303,468178,468870,468820,468369,468228,468918,468696,468659,468530,469260,468159,468770,468133,468175,468362,468350,469466,469335,468752,467756,468173,468569,468629,467827,469975,469114,468353,468043,468275,467900,468780,469718,468886,468636,468250,470208,470054,469652,469884,468944,468244,469307,468092,468932,469246,468460,469685,468664,467841,468172,469827,469461,468139,467501,468498,468801,469002,467940,468295,468160,467987,470373,468238,469149,468500,469208,467599,467950,470481,469648,468830,470117,469133,468726,468577,469214,469417,468187,470203,467495,469441,468621,468075,469851,468294,468500,466874,470657,469764,469265,468929,469549,468175,468924,468749,468104,468868,469823,468127,468892,468096,469628,468426,469009,468754,468908,5.3142102523237337e-05,-0.84246018931918443,-1.3564441670859386,0.62328221637134806,-1.5462416780897974,2.0965255245226846,-0.49218766914030454,-2.3128228884600945,0.36056381538946747,1.4552185248222325,0.23368678113790839,-0.32645156121019264,-1.1782847303720652,-0.2968331207201278,0.2154568081788201,1.832404596232561,-0.40517455164079003,-0.6849940507138278,-0.38091235373430887,-2.0865150077070842,1.2547756065958329,0.76220313389141015,-1.6524829149020137,-0.043921216812917038,1.2901630256711754,2.1827708558987311,-0.56096594806873046,-0.73608721181190651,-1.1674692216447626,0.19094877516402844,0.11139283453778022,-1.8179745855706195,0.42483474096893886
140000000,-5636,2584,-2398,14656,-1890,6654,1564,4258,5380,8156,-8520,4868,-4210,-9214,4362,14572,990,3280,4628,-4972,-8960,6944,14898,6360,-250,4918,23286,6244,-6066,-24526,-1842,-1106,-330,2652,2990,-6722,2516,-8420,1436,6852,-4586,1608,-1764,10984,6958,20490,-5160,-6712,-824,-2986,-14044,3244,-18618,545827,546664,546127,546816,546655,547243,546675,546893,546198,547368,547276,547592,546855,546984,546784,546835,547203,546356,547812,546327,546773,547034,546021,547897,546766,546750,546589,547589,546968,545446,547527,546011,547993,547561,546003,547293,548285,547995,546012,546702,546057,547102,546238,547273,546427,546038,547296,547543,546804,547354,546904,546596,546567,546305,547739,546926,546834,546543,546086,546268,547210,546993,546824,546198,546643,547472,546999,547515,546242,546049,548020,545668,547368,547494,547022,547502,547427,546121,546209,547605,546474,546259,546625,546365,546315,546185,545985,548157,546879,546314,546184,545843,547463,547553,547533,547232,546582,546797,547216,546435,547033,546345,546339,546206,546545,546957,547038,547324,546927,547707,546819,546610,547115,545847,547447,547072,547316,546379,546699,547548,548590,546752,546619,547383,546428,546838,546811,546907,546664,546279,547771,546752,546911,547625,547164,546726,547361,546771,546531,546326,546661,547194,545630,546703,548351,546940,548468,546387,546386,546477,546444,546942,547392,546750,546283,547076,546409,546908,546676,547011,546122,546953,546288,546395,546577,546529,547536,547112,546676,545888,546262,546869,546766,545989,547720,547222,546575,546297,546474,545949,546935,548057,546895,546503,546127,547976,547609,547979,548132,547009,546442,547520,546300,547051,547537,546375,547890,546808,545835,546665,547923,547361,545841,545884,546715,547238,547108,546082,546601,546424,546481,548283,546249,546946,546771,546785,545993,546109,548808,547555,546640,548035,547608,546730,546769,547115,547482,546065,548251,545380,547614,546984,546480,547807,546157,546232,545175,548656,547856,547728,546769,547700,546184,547526,546971,546010,547132,548036,545879,546958,546362,547785,546409,547309,546907,547146,7.3646461324592397e-05,-0.84243286390452243,-1.356456195702608,0.62329629658634977,-1.5462337064813163,2.0965466285184218,-0.49217176641386023,-2.3128085192109826,0.36060894351170425,1.4552533538991743,0.23365321986813792,-0.32644855423898966,-1.1783486061292354,-0.29685159658697741,0.21542720848246225,1.8324538865239759,-0.40519503942678642,-0.68500667165277307,-0.38091070957521561,-2.086484227992953,1.2548175841765303,0.76220354044889382,-1.6524485400567481,-0.04385282900558423,1.2901318371900306,2.18278527200864,-0.56094025396855229,-0.73605731493739956,-1.1674516061820974,0.19089762532752019,0.11138905786554175,-1.8179445874396141,0.42486261872995285
160000000,-7206,2022,-2022,18766,298,10518,-212,2684,1654,17042,-8012,5862,3614,-10998,10396,10800,-4972,-4520,4110,-5780,-10572,13932,10294,8398,9774,7570,19580,2358,-9008,-27928,-194,3452,-4222,3254,266,-9042,1754,-9314,7252,11520,-6080,728,-3882,6666,12410,17542,-10472,-6096,-2750,-5434,-21746,4918,-20842,623849,624761,624393,624605,624946,625196,624868,624648,624718,625333,625416,625707,624906,625203,625096,624668,625694,624697,625631,624131,624620,624954,623938,626158,624885,625128,625118,625432,625054,623768,625459,623891,626159,626144,623886,626154,626736,625893,624065,624843,624016,625342,624343,625150,624435,623728,625330,626086,624591,625355,625094,625059,624225,624905,625794,625015,625060,624477,624786,624042,625051,625141,624811,624315,624703,625735,625513,625674,624442,623796,626754,623735,625330,626233,625179,625291,625251,624113,624351,625845,624330,624217,624902,624671,624340,623980,623931,626299,624887,624568,624227,623839,625365,625924,626076,625518,624549,625048,625133,624290,625438,624500,624472,624420,624317,624755,625114,626124,625047,626007,624538,624767,625104,623865,625461,625301,625654,624912,624490,625805,626551,624869,624671,625418,624611,624932,625363,624948,624761,624237,625749,624911,625105,625927,625241,625116,625673,624429,624158,624389,625107,625347,623726,624682,626609,625343,626998,624777,624738,624539,624225,625258,625061,625025,624012,625377,624483,625060,624733,625235,624279,625043,624352,624335,624827,624577,625299,625353,624531,624231,623977,625080,625020,624338,625959,625508,625006,624068,624844,623833,624847,626333,625260,624290,623909,626285,625780,626253,626369,624948,624732,625996,624295,624925,625519,624683,625660,624751,623700,624673,626622,625542,624098,624192,624835,625276,625192,624123,624992,624470,624502,625981,624422,625077,625428,625168,624187,624109,626953,625711,624829,626109,625241,625210,624671,625154,625278,624083,626726,623790,625639,624895,625145,625728,624385,624472,623249,626657,626400,625684,624721,625496,625055,625233,625219,623945,625416,626278,623666,625419,624493,626276,624474,625837,624948,625205,6.4737503801454385e-05,-0.84243527859172052,-1.3564524264775559,0.62332238097907078,-1.5462178276528302,2.096572744418999,-0.49218595762960149,-2.3128183071849406,0.36058454464960654,1.4553121592517251,0.23365546320784938,-0.32644036425409984,-1.1782964377078999,-0.29686297440949866,0.21546849506179488,1.8324294545496465,-0.40523570279595023,-0.68505980176530212,-0.3809126625657453,-2.0864906224665654,1.2548074687296045,0.76224956028741053,-1.6524792966037705,-0.043840726748679594,1.2901999777392323,2.1828022714093427,-0.56096383449459297,-0.73608344493724964,-1.1674701015922004,0.19087447169701044,0.11139998677261327,-1.817914728247271,0.42483761682630539
180000000,-17010,3442,-2192,11352,734,15012,162,7202,4476,14670,-3134,16632,3562,-18482,9904,8872,-15088,-3852,3160,774,-7446,12510,2060,11398,18366,8744,21482,310,-3098,-24384,2934,-1260,-11108,2666,-1190,-8992,4968,-6494,9656,9836,-10512,956,-2802,5974,18128,19602,-7246,-3144,-3866,-5812,-18784,1020,-24878,700984,702272,702197,702387,702415,702926,702945,702269,703446,702888,703405,703684,703268,703276,703129,702901,704069,702975,703207,702142,702692,703146,702246,704058,703028,703821,702969,703793,703098,701939,703676,702230,703524,704821,701757,704758,704158,703760,701731,703151,702560,703165,702632,703069,702607,701493,702945,704236,702568,703564,703350,703155,702498,702699,703837,703275,702947,702924,702927,702065,703562,703486,702953,702697,702178,703468,704385,704253,702494,702103,705314,702178,703257,703608,703417,702985,702972,702008,702262,704050,702460,702556,702786,702613,702198,702363,702112,704426,703203,702664,702020,701799,702983,704117,704407,703826,702368,703166,703521,702381,703774,702347,702776,702443,702796,702948,702825,704024,703240,704143,703017,702873,703010,701638,703363,703700,703806,703364,702765,703833,704911,703141,703109,703641,702630,703042,703606,703473,702272,702312,703144,702827,703919,704163,703599,703761,703598,702461,702433,702620,703581,703486,701908,703005,704276,703540,704711,702740,703033,702555,701854,703123,703104,702684,702228,703319,702773,703053,703372,703420,702122,703817,702840,702734,702707,702642,703249,703161,702456,702234,701929,703469,703260,702326,704155,703997,702966,702338,702771,702064,703246,704150,703546,702615,701701,704139,704243,704533,704490,703264,702719,704382,702406,702503,703697,703107,703565,702950,701753,702735,704559,703843,702171,701992,702816,703539,703564,702742,703479,703018,702563,703797,702492,703035,703475,703726,702101,702171,705376,704362,702857,704659,703347,703275,702541,703638,702994,702107,704628,701816,703579,703863,703701,703412,702702,703177,701032,705594,704499,703749,703169,703463,703081,703742,703307,702515,703861,704415,701721,703682,702713,704635,702773,704306,703473,703804,8.670067131662991e-06,-0.84242648002858245,-1.3564534914788073,0.62327844722840775,-1.5462147198754395,2.096600307025092,-0.49218460437284456,-2.312790783739215,0.36060158616913768,1.455299436496942,0.23368352118689234,-0.32637699146497345,-1.1782957939833254,-0.29690652045813326,0.21546740712977686,1.8324170384062557,-0.40529556051910148,-0.68505642489514851,-0.38091865260843144,-2.0864527313514198,1.2548258627768654,0.76224150751881503,-1.6525262124797304,-0.043822304734603204,1.2902515682657121,2.1828088640995671,-0.56095319483603323,-0.73609596094183238,-1.1674343737159913,0.19089629968456887,0.11141790481592551,-1.8179415037962579,0.42479790907929843
200000000,-11126,1768,-4740,8106,114,9062,-2528,8132,6536,18960,-5074,12120,5858,-5888,8612,10872,-12750,2344,4044,-194,-7370,12482,10072,18398,19260,10960,16274,-1768,1430,-23456,5568,1502,-7742,-824,-4518,-13242,8370,-6750,7048,10278,-13846,380,-2258,5646,15376,15872,-7198,-2904,-5286,-15826,-17188,-144,-32170,779001,779980,779999,780322,780456,780801,781297,780281,781605,780483,781532,781626,781372,781804,781441,781269,781955,781745,781160,780259,781123,781633,780223,782286,781058,782215,781368,782154,781319,779727,781990,780215,781725,783098,780721,783152,782570,782036,779736,781205,780948,781641,780789,781380,780373,779248,781283,782902,780893,781322,781583,781268,781280,780468,781733,781791,781388,780848,780523,780071,781779,782068,780824,780535,780282,781567,782335,783008,781317,780751,783985,779892,781574,782021,781766,781129,780853,780213,780500,781990,780452,780921,781038,780666,780276,780604,780026,782868,781012,780923,779769,779536,781240,781929,783153,781957,780221,781387,782001,779861,782179,780627,780906,780445,781389,780989,780439,781749,781344,781595,781131,780942,781301,779914,781465,781493,781829,780947,780747,782053,782964,782021,781526,782171,780584,780617,781819,781348,779980,780341,781258,781256,781632,782357,781879,782429,782095,780936,781224,780883,781901,781718,779605,780936,782868,782128,783446,780682,781466,780536,779398,781899,781157,780636,780380,781370,780917,780867,781857,781144,780124,782245,781347,780725,781025,780859,781330,781285,780425,780063,780091,781514,781562,780057,781886,782208,780715,780540,781223,780083,781098,781720,781206,780282,779827,782110,782253,782729,783206,781629,780377,782632,780039,780947,781654,781300,781714,781356,779634,780649,783422,782107,780236,780168,780940,781537,781284,781011,781917,781151,780846,781949,780212,781001,781594,781226,780243,780383,783049,781952,780697,783053,781682,781052,780765,781567,781069,780422,783350,779777,781571,781850,781679,781806,780774,781071,779282,783406,782619,781792,781031,781577,781661,781928,781656,780898,781941,782358,779644,781568,781028,782128,780628,782539,781348,781268,3.9498156799687106e-05,-0.84243450325949387,-1.3564663191151154,0.62326100129798323,-1.546218529616296,2.0965692632361419,-0.49219756359510825,-2.3127856742535848,0.3606129964174033,1.455323255536306,0.23367254768310211,-0.32640052066496322,-1.1782830692760666,-0.29683877894709321,0.2154617756956366,1.8324279909893095,-0.40528306130804226,-0.68502440609798432,-0.3809138074883579,-2.0864571138747889,1.2548268220541889,0.76224147855177193,-1.6524837947350597,-0.043784925546277803,1.2902551088670868,2.1828206369429539,-0.56098054012844412,-0.73610651815208705,-1.1674104008532977,0.19090125263839311,0.11143193817372417,-1.8179271139244688,0.42481495223549837
220000000,-4922,9902,-4290,8686,1944,7862,2120,9394,3526,9814,-676,14314,15488,-9748,15158,17802,-10010,-10384,2180,-5858,-9320,17644,7876,18136,13572,12700,10928,-760,2682,-20360,6052,-774,-7322,-3486,-3914,-12676,5530,-2282,11208,16244,-13596,-1790,-1848,6496,12380,14592,-4044,-3318,-8380,-10906,-17220,2014,-29858,857683,858502,858548,858755,858814,859132,859557,858842,859912,858648,860103,859731,860154,860040,859963,859195,860455,859682,859582,858341,859267,859985,858278,860076,859650,860702,859292,860072,859692,857955,859780,858342,859935,861363,858702,861095,860681,860217,857818,858770,859321,859799,858985,859065,858658,857196,859658,861199,859044,859279,859847,859670,859674,858291,859672,860638,859846,859170,858435,858367,859969,859668,858778,858474,858991,859752,860559,861664,859547,858423,861852,857809,859517,859982,859628,859601,858910,858589,858363,859427,858926,858530,858987,858796,858054,858945,858061,860777,859416,858681,857675,857435,859075,860495,860913,860356,858501,859375,860127,857743,859894,858832,859216,859064,859725,859217,858157,859700,859558,859115,859416,859414,859490,858338,859546,859601,860216,858753,858993,860467,861053,860113,859190,859906,858682,858989,859896,859501,858502,858801,859398,859644,859746,860702,860637,860316,860225,859275,859149,858623,860198,859324,857684,858927,860843,860115,861316,858247,859853,858065,857576,860781,858673,858815,858673,860238,859324,858847,859857,858910,858808,860860,859268,858566,858818,859012,859681,859020,858135,857984,858014,859773,859439,857914,859912,860069,858832,858591,858879,858610,859268,859566,859001,858192,857982,859977,860534,861093,861197,859428,858893,860923,858312,859290,859889,859289,859953,859349,857670,858802,861441,859581,858290,858756,858578,860322,859808,859340,860742,859304,858843,859905,858065,858842,859293,859204,858007,858808,861159,859758,858884,861132,859712,859460,859101,859803,859175,858729,861128,858214,859684,860084,860321,859531,858750,858797,857257,861802,860600,859758,859414,859566,859796,860167,859636,858794,860066,859891,857927,859850,859240,860051,859095,860302,859501,859121,6.89716113549692e-05,-0.84239581480858305,-1.356463448769295,0.62326398964310548,-1.5462093877357455,2.0965635962995735,-0.49217597221338799,-2.3127795785866039,0.36059863892030969,1.455280396614804,0.23369295176047183,-0.32638998986654894,-1.1782369151589998,-0.29685650372580658,0.21549121375027822,1.8324615498959373,-0.40526927494306508,-0.68508513225630496,-0.38092365146509549,-2.0864847609666404,1.2548194392365188,0.76226518264356757,-1.6524944981270355,-0.043787151722963463,1.2902277249952858,2.182828536861249,-0.56100583785931835,-0.73610130923409944,-1.1674049577017669,0.19091635987778022,0.11143470428018566,-1.8179372295533212,0.42481786917667341
240000000,-9594,11090,-2240,15552,-564,4812,2904,15094,-2604,17526,-2164,13184,9214,-9926,20142,16272,-9610,-13960,-2896,-7596,-6312,12002,6806,19844,14240,8858,6384,-5938,1410,-23046,1350,460,-5272,-1246,326,-10010,292,-5878,9666,17682,-9100,-6414,-2066,2164,10362,13252,-6902,-6866,-8624,4,-18834,-4740,-24590,936392,936703,936885,936776,936618,937540,937787,936983,937377,936567,938602,938158,938339,938329,937923,937712,938162,937548,938141,935399,937877,938014,936262,938256,937751,938926,937166,938344,937457,936146,937633,937122,937875,939135,936676,938978,938939,938765,935538,936228,937219,937984,937043,937189,936777,935375,938052,939291,937223,937121,938096,938046,937642,936284,937880,939178,937467,936983,936230,936582,938047,937655,936895,936688,937115,937979,938438,939860,937444,936368,939780,935535,937375,937978,937656,938201,937179,936423,935760,937078,937076,935950,937106,936568,935725,937668,936533,938931,938350,936711,935805,935569,937398,938598,939082,938510,937042,937698,938033,935734,938306,936765,937590,937213,938359,937003,936198,938019,937566,937968,937844,937829,937369,936595,937629,937490,937931,936671,937356,938618,939243,938078,937442,937993,936894,936867,938382,937754,936703,936958,937273,937994,937326,939220,938881,938652,938333,936973,937289,936360,938338,937181,935680,937043,938848,938106,939563,936367,937326,936217,935890,939087,936593,937216,936760,938714,936993,936666,938069,936461,937219,939163,937136,936337,936414,937092,938064,936610,935807,935690,936350,938275,938284,935999,937944,938301,937517,936646,936975,936757,937720,937933,937654,936495,936497,938136,938372,939392,939274,937780,936866,939448,936546,937288,938108,937673,937862,937281,935739,937188,939579,937952,935887,936776,936630,939051,937899,937452,939306,937523,936400,938106,935772,936957,937751,937314,935813,937021,939848,938580,937235,939166,937972,937804,936792,938083,937110,937193,939225,935898,938091,938138,938470,937503,936531,937046,935268,940460,938557,937947,937506,937708,937494,938739,938042,936906,938372,937886,935971,938155,937506,938265,937232,938904,937754,937338,4.9329557644114074e-05,-0.84239051803811704,-1.3564555202118096,0.62329398356265109,-1.5462209554480275,2.09655097334646,-0.49217281345922331,-2.3127543069625642,0.36057151154020955,1.4553146030640955,0.233686247028522,-0.32639435350754892,-1.1782636672939519,-0.29685753660565706,0.21551367860577383,1.8324542104160306,-0.40526723417075927,-0.68510142620190517,-0.38094571551415213,-2.0864919083960016,1.2548322807838606,0.76223995646158926,-1.652499663053657,-0.043779208745251576,1.2902305079410676,2.1828118255949476,-0.56102585743113742,-0.73612405021867955,-1.1674109837875244,0.19090496034609974,0.11141431764000405,-1.817931845590584,0.42482680729561362
260000000,-9628,6574,-3988,14798,3162,2560,1568,11738,-5760,16422,2666,19270,9862,-16548,24008,17776,-2072,-15466,-6828,-11956,-7406,15204,6732,15938,5014,5542,5678,-13558,-3016,-25318,10242,-988,-9496,-4546,3544,-14370,-3200,-3218,10214,21420,-5144,-11670,-178,-1348,8282,13550,-9070,-1712,-9610,-922,-13626,-7364,-17136,1015055,1014906,1015147,1014505,1014564,1015688,1016036,1014847,1015476,1014834,1016669,1016398,1016151,1016352,1016114,1015424,1015858,1015786,1016508,1013883,1015946,1016289,1014162,1016333,1015985,1016577,1015059,1016478,1015920,1014181,1015442,1014850,1015941,1016727,1015042,1016922,1017311,1016814,1013923,1014825,1014902,1016324,1015418,1015413,1015208,1013242,1015631,1017872,1015310,1015272,1016183,1015960,1015505,1014586,1016257,1017119,1015207,1015596,1014386,1014933,1015786,1015823,1015290,1014683,1014787,1016102,1016385,1017761,1015871,1014414,1017703,1013421,1015302,1016212,1015511,1016366,1015305,1015048,1013774,1015517,1015303,1014036,1015239,1014856,1014216,1016597,1014761,1017122,1016767,1014837,1014012,1013583,1015306,1016207,1017737,1016711,1015433,1015701,1016053,1014148,1016273,1015400,1015459,1015467,1016281,1014789,1014592,1016356,1015994,1016177,1015669,1015936,1015422,1014576,1015981,1015745,1015631,1014689,1015515,1016702,1017263,1016246,1015274,1016248,1015214,1015058,1016697,1015597,1014906,1014745,1015105,1016378,1015746,1017379,1016467,1016691,1016168,1015557,1015566,1014097,1016411,1015185,1013987,1014868,1016810,1016178,1017617,1014865,1015280,1014542,1014288,1017170,1014597,1015566,1015032,1016898,1014883,1015138,1016167,1015123,1014948,1017419,1015243,1014202,1014203,1015063,1016430,1014466,1014437,1013771,1015395,1016470,1016396,1014353,1015882,1016576,1015824,1014929,1015490,1014966,1015565,1016362,1015914,1014486,1014791,1016130,1015934,1017284,1017723,1015699,1014982,1017611,1014864,1015381,1016740,1015397,1015854,1015249,1013893,1015434,1017686,1016270,1014311,1015092,1014858,1016882,1016247,1015773,1017064,1015409,1014027,1016040,1013992,1015268,1015989,1015336,1013986,1015619,1017915,1016817,1015615,1017011,1015685,1015882,1014812,1016436,1015050,1015179,1017683,1014003,1016281,1016553,1016192,1015278,1014668,1014969,1013611,1018555,1016957,1015631,1015826,1015653,1015705,1017089,1015839,1014948,1016651,1015886,1014216,1016548,1015513,1016289,1015550,1016744,1015597,1014959,4.9181953427629431e-05,-0.84240802201015541,-1.356462566321516,0.62329142967692863,-1.5462063894474596,2.0965418242930283,-0.49217821031722597,-2.3127678985909785,0.3605594972008212,1.455310796270247,0.23370453542978298,-0.32636971530074466,-1.1782605491953027,-0.29688342110476856,0.21552937475290318,1.8324606219798902,-0.40523765206872608,-0.68510713567764103,-0.38096176599237813,-2.0865090931513284,1.2548278145894503,0.76225375025318476,-1.6525002568269052,-0.043794771391482981,1.2901935813123306,2.1827978490765001,-0.56102874588899398,-0.73615387427383439,-1.1674282399191025,0.19089512032235664,0.11145016082629568,-1.8179381829449752,0.42480960067190082
280000000,-17252,5614,-1290,12236,-3826,5538,3596,1288,-2726,19060,2004,11788,8618,-23060,22802,24410,6772,-5930,-4582,-8308,-15716,12752,1984,8650,1536,5806,3430,-15326,-3314,-26672,9226,5932,-8314,-3874,-1428,-11060,-836,-4650,7054,18544,1392,-12738,-7196,-2884,5746,12644,-7676,-5346,-9304,-3788,-12620,1622,-10676,1093895,1093028,1093232,1092508,1092535,1093903,1093863,1093079,1093383,1092465,1094846,1094327,1093934,1094423,1094410,1093661,1093684,1093570,1094437,1091899,1093982,1094436,1091892,1094353,1093633,1094354,1093181,1094325,1094484,1092038,1093668,1092871,1093488,1094850,1092826,1094822,1095361,1095051,1091833,1093229,1092506,1094867,1093207,1094273,1092884,1091641,1093631,1096016,1093456,1092785,1094077,1094000,1093350,1092821,1094123,1095173,1093521,1094592,1092691,1092983,1093866,1094169,1093577,1092809,1092770,1093973,1094104,1095793,1093699,1092492,1095074,1091372,1093133,1094845,1093479,1094501,1093431,1093252,1092568,1093825,1093455,1091679,1093212,1093664,1092110,1094646,1093464,1095349,1094882,1092726,1092245,1092130,1093497,1094416,1095747,1095218,1093666,1093576,1093813,1092369,1093848,1093836,1092886,1093592,1093907,1093006,1092985,1094475,1094064,1094397,1093625,1094099,1093697,1092702,1094587,1094275,1093627,1093286,1093212,1095048,1095196,1094527,1093363,1094311,1093816,1093160,1095077,1093816,1093028,1092712,1093206,1094434,1093313,1095270,1094494,1094992,1093871,1093871,1093572,1091918,1094053,1093083,1092112,1092878,1094654,1094078,1095975,1093163,1093391,1093044,1092633,1095294,1092608,1093723,1092990,1094971,1093629,1093636,1094367,1093515,1093255,1095047,1093365,1091624,1092617,1092929,1094850,1093164,1092628,1092009,1093549,1094540,1094724,1092734,1094282,1094949,1093786,1093397,1093607,1092478,1093563,1094639,1094338,1092551,1092878,1094270,1094222,1095277,1095857,1093505,1093399,1096084,1092970,1093667,1094479,1093693,1094043,1092998,1092062,1093618,1095599,1094293,1092956,1093426,1092900,1094709,1094697,1094057,1094847,1093310,1092334,1094350,1092527,1093443,1093995,1093882,1092301,1093359,1095957,1094759,1093651,1095083,1093615,1094265,1092971,1094596,1093228,1093311,1096044,1092546,1094723,1095162,1094250,1093678,1092985,1093402,1091596,1096319,1095109,1093781,1093870,1093837,1094003,1095610,1094301,1093101,1094703,1093842,1092511,1095086,1094039,1094233,1093781,1095112,1093816,1092642,2.0795355463642546e-05,-0.84241146357680785,-1.3564524199203096,0.62328128660113724,-1.5462328538235492,2.0965531417899959,-0.49217107821494899,-2.3128064872705387,0.36057103059578854,1.4553204741926999,0.23370191802196971,-0.32639764786912917,-1.1782650986860617,-0.29690703638867028,0.21552466718728028,1.8324853209743317,-0.4052052348916429,-0.68507151594459492,-0.38095355857260166,-2.0864950129153246,1.2547965329160014,0.76224488689256364,-1.6525186394336733,-0.043821710390828418,1.2901809497131504,2.1827983126313186,-0.56103728070358172,-0.73616069926703509,-1.1674289260835171,0.19089023932415913,0.11144584039767022,-1.8179127716093351,0.42481339306100496
300000000,-16648,9258,1364,15624,-1880,12036,6560,-1076,5058,20176,2526,16332,6204,-18840,25124,17450,8112,-14358,-2916,-15882,-20152,18584,5492,6322,9548,12376,4982,-11370,-1222,-28772,6608,4828,-11642,-2778,-426,-10482,3122,-5788,10426,21930,5244,-13318,-9388,-2620,11694,14666,-9526,-6964,-8788,-1390,-14772,2026,-13942,1171969,1171102,1171310,1170926,1171083,1172146,1172044,1171318,1171544,1171022,1172493,1172530,1172239,1172833,1173032,1171464,1172519,1171481,1172864,1170114,1171824,1172286,1169600,1172868,1171557,1172478,1171256,1172327,1173241,1170158,1171392,1171048,1171916,1173820,1170678,1172671,1173722,1173126,1169450,1171510,1170683,1172937,1171113,1172234,1170653,1169827,1171787,1174361,1171182,1170743,1172021,1172280,1171606,1170925,1172271,1173130,1171838,1173265,1170587,1171144,1171690,1171843,1171755,1171154,1171319,1172636,1172188,1174516,1171806,1170374,1172923,1169220,1171342,1172514,1171855,1172487,1171177,1171266,1170706,1171907,1171779,1169738,1170882,1171637,1169910,1172722,1171533,1173381,1173152,1170480,1170866,1170011,1171687,1172771,1173801,1173364,1172140,1171180,1172174,1170342,1171514,1171702,1171208,1171496,1171964,1171057,1171141,1173219,1172463,1172496,1171532,1172174,1171854,1171014,1173172,1172470,1171654,1171357,1171501,1173360,1172843,1172732,1171294,1172082,1172054,1171361,1173054,1172132,1171102,1171134,1171919,1172436,1171483,1172877,1173028,1173178,1172456,1171956,1171617,1169938,1171796,1170750,1170367,1170976,1173217,1171868,1173984,1170846,1171796,1171061,1170880,1173280,1170368,1171823,1171275,1173074,1171862,1171573,1172141,1171861,1172039,1172884,1171502,1169472,1170134,1171216,1172993,1171103,1170834,1169582,1171519,1172680,1172979,1171050,1172671,1172804,1172138,1171773,1171195,1170424,1171415,1173435,1172688,1170576,1171030,1172377,1172424,1173717,1173885,1171533,1171660,1174032,1170917,1171719,1172172,1171690,1172606,1171181,1169623,1172123,1173743,1172316,1171002,1171673,1171014,1173083,1172729,1172095,1173144,1171236,1170468,1172459,1170506,1171476,1172497,1172094,1170759,1171139,1173984,1173253,1171720,1173370,1171617,1172328,1170496,1172682,1171613,1171404,1174545,1170973,1172889,1173328,1172416,1171870,1170841,1171372,1169435,1174741,1173558,1171771,1171324,1172003,1172346,1173747,1172632,1170856,1172675,1171969,1170484,1173361,1172194,1172562,1171791,1173395,1172132,1171497,2.3136190591839643e-05,-0.84239880481331608,-1.3564430653993593,0.62329333040391399,-1.5462251886241647,2.096575396558138,-0.49216142316465444,-2.3128145365809276,0.3605978241440948,1.4553239906594559,0.23370364700620905,-0.32638140480973499,-1.1782738883249049,-0.296893140061876,0.2155329221219732,1.8324606194609991,-0.40520000626212238,-0.68510118758630312,-0.38094782078829231,-2.0865209762970935,1.2547817259761165,0.76226498565702683,-1.6525061728162245,-0.043829714223411032,1.2902087801290429,2.1828210900502993,-0.56103182422668574,-0.73614748661164464,-1.1674215300909823,0.19088348707732344,0.11143665773482365,-1.8179166933507971,0.42480207464512615
320000000,-12168,10266,-1456,30450,-8314,13772,5736,270,1342,21726,3406,16366,15736,-19590,29762,19944,4142,-13190,3642,-10776,-21510,23374,372,7564,18348,16576,4,-5764,3150,-29728,5404,724,-14804,-3478,-6292,-13030,1044,-7112,15948,27078,2488,-13400,-13498,-5490,14734,11002,-7246,-5396,-9832,-3986,-15330,6956,-12312,1249770,1249634,1249750,1249378,1249386,1250374,1250735,1249584,1249572,1249505,1250637,1250756,1250287,1251587,1251017,1249703,1251088,1249182,1251359,1248088,1250111,1249732,1247421,1251190,1249218,1250559,1249270,1250615,1251426,1248042,1249518,1248833,1250770,1252088,1248520,1250609,1251940,1252119,1248035,1249460,1248972,1251549,1248944,1249982,1248852,1247928,1250105,1252602,1249359,1248657,1250185,1250161,1249343,1249036,1250600,1251084,1250088,1251466,1248594,1249321,1249755,1250183,1249507,1249346,1249935,1251062,1250543,1252601,1249652,1247990,1250957,1246908,1249531,1250889,1250494,1251134,1249679,1249196,1249109,1249862,1249692,1247516,1249264,1250004,1247476,1250800,1249599,1251339,1251333,1248710,1248857,1248086,1249540,1250914,1251955,1251601,1250846,1249052,1250208,1248077,1250137,1249870,1248734,1249804,1249930,1249063,1249403,1251105,1250604,1251282,1249485,1250239,1250093,1248836,1251384,1250538,1249665,1248961,1249941,1251608,1250712,1251248,1249539,1250029,1250337,1249222,1251217,1250035,1249634,1249493,1250010,1250941,1249691,1251019,1251139,1251136,1250698,1249942,1249206,1247855,1249490,1248298,1248451,1248648,1251770,1249947,1252700,1249407,1250410,1249194,1249359,1251517,1248798,1249787,1249109,1251069,1250128,1249873,1250420,1250020,1250227,1251056,1249122,1247256,1248480,1249509,1250840,1249511,1248236,1247719,1249332,1250956,1251191,1249015,1250349,1250954,1250539,1249628,1249822,1248377,1249650,1251472,1251286,1248640,1248841,1250456,1250032,1252228,1252205,1249385,1250052,1251906,1249192,1249889,1250167,1249674,1250988,1249071,1246831,1250191,1252186,1251218,1249110,1249742,1248906,1250982,1250892,1250578,1251591,1248862,1248725,1250347,1248479,1249488,1250608,1249964,1248834,1249489,1252265,1251840,1249757,1251346,1249635,1250357,1248235,1250789,1249851,1248945,1253267,1248982,1251154,1251666,1250523,1250009,1248564,1249467,1247719,1252823,1251618,1249753,1248931,1249960,1250865,1252282,1250867,1249070,1250601,1249763,1248179,1251899,1250398,1250335,1249741,1251511,1250035,1249644,3.7262570051621877e-05,-0.84239549663114388,-1.3564519599047886,0.62334105629302183,-1.5462459706441072,2.0965809679522902,-0.49216432474676108,-2.3128103491377581,0.36058595867509025,1.4553289466893964,0.2337069463851166,-0.32638165532026447,-1.1782430213409008,-0.29689551346411736,0.21554810674344296,1.8324685913384269,-0.4052128520431485,-0.68509703262659516,-0.38092662478988432,-2.0865042770969491,1.254777012326836,0.76228020682072839,-1.6525224367789484,-0.043825741269959424,1.2902373349401313,2.182834786098991,-0.56104765599680928,-0.73612983405192078,-1.1674074605811402,0.19088045240526608,0.1114331849780351,-1.8179302336363294,0.42479167514431765
340000000,-6452,9110,6392,33242,-20286,17576,-2666,-7708,134,25694,7942,16564,18814,-23400,27440,19800,2198,-17796,3898,-8962,-18422,25524,6598,15788,20544,17848,-2698,-8010,4046,-33712,3912,-4094,-18662,3534,-16196,-17486,-968,-7472,19698,21324,1152,-13958,-12770,-4664,15002,10618,-8342,-4448,-8266,458,-14058,12188,-8844,1328463,1328369,1327974,1328027,1327368,1328804,1329143,1327674,1327468,1327707,1329011,1329260,1328170,1330159,1328873,1328324,1329157,1326340,1329876,1326042,1328447,1327887,1325256,1329825,1327363,1328564,1327695,1329101,1329445,1326033,1327391,1327500,1328786,1330447,1325998,1328044,1330005,1330474,1326355,1327074,1327330,1330037,1327284,1328176,1326456,1326130,1328284,1331111,1327544,1327068,1327965,1327900,1327808,1327085,1328891,1329405,1328265,1329411,1326616,1327281,1327669,1328289,1327532,1327618,1328354,1328944,1328856,1331050,1327365,1326025,1329036,1324939,1327832,1329135,1329026,1329231,1328090,1327439,1327022,1328061,1327939,1326173,1327706,1328318,1325681,1328973,1327671,1329205,1329479,1326532,1327373,1325886,1327604,1328865,1329908,1329940,1328989,1327225,1328331,1326402,1327573,1327973,1326326,1327878,1328802,1327127,1327654,1329336,1328487,1329644,1327744,1328405,1328411,1326668,1329552,1328578,1327641,1326728,1328229,1329464,1328844,1329118,1327734,1327995,1328511,1327389,1329190,1328116,1328369,1327632,1328198,1328790,1327807,1329467,1329186,1329523,1328029,1328211,1327323,1325821,1327757,1326637,1326605,1326567,1330076,1327702,1330603,1327387,1328920,1327573,1327330,1329570,1327249,1327301,1327198,1329195,1328231,1327864,1328567,1327650,1328512,1329458,1327392,1325931,1326962,1327783,1329174,1328009,1326782,1325987,1327370,1328700,1329555,1327129,1328185,1328737,1328670,1327665,1327581,1326304,1328121,1329905,1329240,1326744,1326814,1328719,1327753,1330412,1330293,1327440,1328368,1329688,1327647,1328044,1328418,1327659,1328875,1327119,1325358,1328233,1329946,1328855,1327467,1327669,1326460,1328954,1329073,1328156,1330031,1327150,1327039,1328865,1327088,1327097,1329014,1327717,1326856,1327353,1330653,1330098,1327929,1329300,1327825,1328116,1326702,1328852,1327663,1327189,1331228,1327163,1329088,1329351,1328379,1328777,1326531,1327395,1325722,1331107,1329485,1327536,1327143,1328184,1328839,1329861,1329515,1327198,1328600,1327557,1326483,1329582,1328979,1328162,1327554,1329752,1328116,1327746,5.4285677362307398e-05,-0.8423988990446406,-1.3564279361857179,0.62334939749554352,-1.5462820585512689,2.0965923484643501,-0.49218961859641536,-2.3128351134568566,0.36058277410553374,1.4553414663946362,0.233720639843466,-0.32638064646492404,-1.1782339310796026,-0.29690694945830626,0.21554136419196662,1.8324684629635573,-0.40521846630335878,-0.68511117153478951,-0.38092543036473936,-2.0864990764700981,1.2547866673363854,0.76228653490840448,-1.6525037890051968,-0.043801023530596818,1.290243885154803,2.1828388072630691,-0.56105601065880806,-0.73613688527553633,-1.1674044691318801,0.19086841070636842,0.11142828850424762,-1.8179448433786345,0.4247798464922542
360000000,-4110,2452,9146,35872,-15610,17056,-8788,-9924,-6778,29286,9856,8172,18014,-21246,24606,23908,978,-14858,-600,-8088,-17504,27380,10110,21514,15620,18838,-13298,-9730,-1360,-43224,-24,-4790,-18030,5704,-13418,-20140,-7512,-5156,17852,17404,-3498,-15270,-14370,-6522,12058,5184,-11264,-8896,-2942,5964,-16094,5950,-14654,1406456,1406271,1406076,1405924,1405665,1406724,1407278,1405642,1405906,1405664,1406841,1407417,1406579,1408465,1406902,1406286,1407439,1405123,1407956,1404214,1406150,1406143,1403373,1408154,1405654,1406599,1405837,1407579,1407604,1404120,1405087,1405834,1406582,1408766,1404911,1406531,1408115,1408319,1404653,1404844,1405453,1407495,1405610,1406471,1404733,1404553,1406476,1408939,1405487,1405319,1406129,1405875,1405950,1405249,1407191,1407492,1406250,1407290,1404764,1405366,1404967,1406272,1405671,1405876,1406191,1407080,1407155,1409549,1406035,1404529,1407296,1403162,1405987,1407164,1407066,1407279,1405879,1405593,1405083,1405994,1406214,1404171,1405894,1406200,1404249,1407425,1405488,1407558,1407711,1404409,1405691,1404279,1405749,1407358,1407845,1407988,1407080,1405354,1406572,1404738,1405434,1406748,1404188,1405587,1407580,1405049,1406008,1407858,1406778,1407880,1405996,1406476,1406466,1404580,1407653,1406656,1405742,1405076,1406607,1407367,1406448,1406783,1405882,1406208,1406361,1405284,1407392,1406284,1406271,1405729,1406313,1406996,1405905,1407534,1407766,1407546,1406656,1406506,1405452,1404110,1405674,1404951,1404822,1404635,1407909,1406319,1408478,1405283,1406798,1405938,1405913,1407261,1405152,1405405,1405362,1407104,1405936,1406010,1406152,1405713,1406689,1407938,1405653,1403927,1405036,1406026,1406819,1406233,1404932,1404599,1406064,1406575,1407387,1405417,1406631,1406894,1406947,1405991,1406053,1403900,1406679,1408617,1407467,1404980,1404796,1407019,1406054,1408608,1408264,1405818,1405974,1407800,1405809,1406229,1406284,1405763,1407127,1405033,1403329,1406295,1408240,1406597,1405670,1405895,1404678,1406873,1406863,1405871,1408413,1405409,1405168,1406852,1405282,1405214,1407317,1405967,1405227,1405544,1409605,1408168,1406066,1407304,1406237,1405786,1404958,1406693,1405588,1404886,1409403,1404817,1407363,1407147,1406242,1406971,1404488,1405426,1403993,1409893,1407374,1405547,1405185,1405894,1406567,1407854,1407471,1404838,1407279,1405554,1404631,1407638,1406427,1406625,1405908,1407768,1406284,1405840,6.0495532046287638e-05,-0.84241760069287985,-1.3564203557427206,0.62335710072929751,-1.546268232633516,2.0965905912860272,-0.49220723904431857,-2.3128412409861916,0.36056304039439868,1.4553518628566,0.23372642789706002,-0.32640462689820876,-1.1782365221815339,-0.29690074904551672,0.21553328999241847,1.8324803137795824,-0.40522160634837029,-0.68510269852251626,-0.38093832006644074,-2.0864966281914521,1.254789110414781,0.76229181992298045,-1.6524936413745017,-0.043784396279573659,1.2902298686150326,2.1828415206809382,-0.56108588265370196,-0.73614175906818524,-1.1674194804887852,0.19084126373790361,0.11141692604975216,-1.8179468696093115,0.42478176097535486
380000000,-8500,1676,14870,33716,-15910,5812,-13780,-10220,-7518,26736,10358,7658,23184,-11728,33426,21846,4894,-17354,2850,-13272,-19808,35942,7402,15156,12120,18532,-4726,-7228,-2506,-36756,-3498,-2206,-16472,8968,-14954,-20544,-7220,-2858,22566,25314,-1830,-16426,-12348,-7054,6176,3600,-13734,-13788,-4656,7434,-9552,472,-12058,1484169,1484343,1484246,1483978,1483512,1485423,1485155,1483906,1483569,1484049,1484804,1486079,1484400,1486377,1484823,1484705,1485108,1483169,1486183,1482787,1483847,1484586,1481934,1486406,1483459,1484315,1483733,1485741,1485789,1482091,1483146,1484189,1484300,1486761,1483313,1484189,1485863,1486113,1483025,1483017,1483120,1485526,1483952,1484848,1482989,1482984,1484656,1487257,1483360,1483099,1484247,1483773,1483673,1483393,1485228,1486007,1484472,1485372,1482586,1483138,1483242,1483997,1484275,1484376,1484255,1485335,1485146,1487502,1484442,1482440,1485311,1481186,1483961,1484902,1484749,1485007,1484250,1483750,1483055,1484327,1484401,1481909,1483920,1484187,1482487,1486256,1483970,1485850,1486326,1482155,1484024,1482779,1484263,1485196,1486217,1485890,1485403,1483564,1484505,1482528,1483103,1485468,1482101,1483277,1485889,1482929,1483957,1485839,1485097,1486226,1484451,1484775,1484485,1483143,1486143,1484940,1483995,1482825,1484366,1485219,1484288,1485158,1484174,1483913,1484424,1483511,1485860,1484576,1484343,1483881,1484689,1485083,1484106,1485460,1485622,1485622,1484708,1484921,1483629,1482261,1483374,1483097,1483057,1482630,1485953,1484333,1485793,1483255,1484799,1484214,1484039,1485507,1483000,1483705,1483333,1485494,1484055,1483633,1484093,1484462,1485290,1485887,1483569,1482308,1483000,1483643,1484975,1484365,1483190,1482581,1484791,1484972,1485492,1483819,1484803,1484850,1485607,1483934,1484324,1481605,1485145,1486403,1486095,1483219,1483156,1485711,1484234,1486447,1486204,1484090,1483660,1486060,1483969,1484437,1484420,1483742,1485187,1483450,1481160,1484501,1486324,1484146,1484264,1484539,1482455,1485077,1484633,1484228,1486776,1483968,1482723,1485153,1483284,1483507,1485342,1483803,1483215,1483774,1487524,1486535,1484604,1485485,1484077,1483830,1483003,1484598,1484132,1483133,1487367,1483335,1485431,1485584,1484855,1484947,1482834,1483306,1481892,1487833,1485638,1483132,1483116,1484122,1484559,1486075,1485807,1483315,1485359,1483551,1482950,1485476,1484948,1484997,1484002,1486434,1484576,1484229,4.8804069688751157e-05,-0.84241986606703245,-1.3564049677677192,0.62335140563724911,-1.5462688610494864,2.096559997561775,-0.49222035084057075,-2.3128419823001449,0.3605610652306237,1.4553451842178193,0.23372776192047595,-0.32640606594136318,-1.1782222984641475,-0.29687455252202966,0.21555731197281244,1.8324745455992459,-0.40521114813849601,-0.6851096675556394,-0.38092901813680369,-2.0865106674998808,1.2547832603922922,0.76231512390733824,-1.6525010055344369,-0.043801531485840733,1.2902202666333609,2.1828407212266292,-0.56106247161532097,-0.73613502182680202,-1.1674224426121664,0.19085857554082863,0.11140762812124895,-1.8179398570937384,0.42478557068111222
400000000,-11200,-220,17656,36668,-21720,6412,-9702,-14090,-7998,29904,5524,6728,19522,-10934,27450,31956,4036,-17620,2252,-13466,-20248,48236,1142,15548,12666,18056,-6214,-16320,-1692,-41904,-4576,-2404,-14406,15888,-16980,-17808,-8112,-3538,22050,19318,-2500,-16708,-15174,-10978,6808,-326,-10304,-15448,-1656,7328,-5200,-2472,-4792,1562761,1562809,1562316,1561782,1561317,1563829,1563141,1561898,1561559,1561902,1563048,1564498,1562587,1564465,1562618,1563003,1563052,1561295,1564265,1560482,1561792,1562890,1559849,1564638,1561467,1562440,1561854,1563630,1564044,1559915,1561479,1562243,1562254,1565082,1561454,1562395,1563531,1564202,1561087,1560623,1561250,1563792,1562306,1563096,1560966,1561019,1563241,1565559,1561369,1560793,1562770,1561421,1561912,1561747,1563104,1564248,1562473,1563476,1560390,1561009,1561917,1562088,1562143,1562760,1562406,1563347,1563221,1565755,1562621,1560384,1563264,1559587,1561949,1562829,1563015,1563089,1561896,1562107,1560650,1562601,1562298,1559995,1561714,1562469,1560818,1564347,1562480,1564027,1564431,1560808,1562434,1560776,1562779,1563223,1564181,1564444,1563255,1561687,1562365,1560541,1561428,1564170,1559895,1561391,1563999,1561439,1562121,1564273,1563016,1564489,1562645,1562742,1562810,1560879,1564115,1563302,1562267,1560441,1562323,1563260,1562226,1563654,1562089,1562221,1562668,1561313,1564182,1562903,1562809,1561289,1562830,1563257,1562144,1563717,1563911,1563723,1562788,1562845,1561634,1559989,1561320,1561019,1561341,1560719,1564284,1562554,1563468,1561228,1563250,1562512,1562136,1564162,1560695,1561751,1561805,1563722,1561905,1561484,1562526,1562660,1563499,1563894,1561551,1560456,1561247,1561902,1562916,1562628,1561043,1560391,1562859,1563411,1564273,1562191,1562761,1563066,1563573,1562113,1562828,1559865,1563526,1564647,1564401,1561139,1561216,1563941,1562318,1564574,1563963,1562222,1561838,1564325,1561692,1562740,1562640,1561879,1563012,1561239,1559075,1562473,1564889,1561867,1562747,1563209,1560550,1563420,1562739,1562585,1565095,1562012,1561435,1563075,1560616,1561923,1563985,1561800,1561255,1561885,1565739,1564764,1562378,1563669,1562004,1561719,1561177,1562832,1561886,1561007,1565328,1561786,1564075,1563933,1563108,1563071,1560418,1561512,1560124,1566014,1563402,1560981,1561199,1562014,1562999,1564706,1563912,1561489,1563814,1561123,1560987,1564051,1563312,1562716,1562370,1564715,1562903,1562473,4.165040091024767e-05,-0.84242456460210202,-1.356397665558343,0.62335905078097331,-1.5462837697422496,2.0965616242574985,-0.4922097231130661,-2.3128521005402756,0.36055972235800371,1.4553533772215412,0.23371553532768147,-0.32640845404034885,-1.1782316827244212,-0.29687245976944165,0.21554179434087303,1.8325005597260904,-0.40521346975626843,-0.68511052795385408,-0.38093048116934536,-2.0865107434356838,1.2547820584751039,0.76234655736937651,-1.6525169694939843,-0.043800620529785741,1.2902219739867176,2.1828393691589576,-0.56106637506907953,-0.7361583382020378,-1.1674201623930767,0.19084529764691649,0.11140480590287415,-1.8179403984247673,0.42479083491438763
420000000,-14942,-1504,22784,35800,-15418,11590,-11972,-18720,-4184,27990,3760,2506,19672,-23654,32696,37780,1246,-17582,48,-12618,-21182,38292,4208,16572,18474,20686,-4276,-22316,-8134,-44538,-5442,-7638,-11016,18496,-12292,-20604,-7136,-4650,21600,22686,-4174,-17150,-15772,-9582,8246,-686,-14178,-20290,-5086,15682,-6964,2298,-13448,1641712,1641234,1640614,1639717,1639485,1641819,1641015,1639917,1640014,1639729,1641072,1642421,1640482,1642746,1641093,1640889,1641317,1639835,1642245,1638705,1639773,1641128,1637887,1642199,1639318,1640359,1640329,1641525,1642058,1638637,1639589,1639966,1640237,1643268,1639636,1640690,1641324,1642229,1638804,1638742,1638958,1642018,1640532,1641375,1638985,1639180,1641569,1643281,1639091,1638635,1640605,1639583,1640232,1639796,1640967,1642203,1640212,1641455,1639121,1639518,1639921,1640226,1640244,1640687,1640304,1641315,1641163,1644403,1640973,1638183,1641380,1638011,1639675,1640648,1641195,1641244,1639717,1639684,1638903,1641062,1640104,1637838,1639761,1641079,1638838,1642236,1640398,1642707,1642835,1638643,1640105,1639211,1641048,1641974,1642481,1642277,1641321,1640036,1640506,1638383,1639143,1642216,1638153,1639298,1642346,1639201,1640009,1642641,1641187,1642733,1641078,1640580,1640663,1639332,1642266,1641438,1640806,1639264,1640532,1641980,1640024,1641793,1640165,1640698,1640301,1639741,1642027,1641118,1641234,1639097,1640690,1641215,1640258,1641674,1642213,1642065,1641138,1641221,1639829,1637665,1639195,1639108,1639602,1638666,1642188,1640491,1641308,1638841,1641203,1640779,1640278,1642651,1638408,1639829,1639699,1641645,1639609,1640002,1640558,1640965,1641382,1642298,1639520,1638701,1638999,1640210,1640597,1641223,1638984,1638822,1640542,1641730,1642493,1640136,1641453,1641477,1642266,1640254,1640754,1637868,1641315,1642854,1642953,1639455,1639783,1642249,1640949,1642994,1641896,1640637,1639798,1642458,1640027,1640590,1640769,1639875,1641386,1639311,1636923,1640257,1643004,1639501,1640787,1641685,1638520,1641660,1640708,1640461,1643576,1640383,1639448,1640741,1638968,1640036,1642232,1640223,1639685,1639979,1644064,1643197,1640984,1641969,1640052,1639979,1639296,1640608,1640191,1638797,1643362,1640256,1642027,1641871,1641613,1640988,1638995,1639814,1638477,1644528,1641875,1639451,1639241,1639656,1641352,1642460,1641795,1639545,1642473,1639346,1638873,1642019,1641175,1641121,1640591,1642555,1641118,1640650,3.2396050693186864e-05,-0.84242745745108816,-1.3563850277605782,0.6233568334256242,-1.5462680740256556,2.0965744122267518,-0.49221524851408294,-2.3128635294962248,0.36056859344679237,1.4553486757707306,0.23371122220480328,-0.32641867264427249,-1.1782311781149366,-0.2969034585045503,0.21555466322299774,1.8325146297193824,-0.40522038688047762,-0.68511048319048862,-0.38093596951632036,-2.0865087942049256,1.254779994359764,0.76232231843131115,-1.6525093981975973,-0.043798185932086432,1.2902364376574169,2.182845828213114,-0.56106174566144673,-0.73617297548887128,-1.1674360022585657,0.190838952417726,0.11140279574136738,-1.8179529870765696,0.4247991349168781
440000000,-20456,-1388,30158,36306,-11814,10642,-8362,-22644,-5698,17470,2436,8828,28750,-19228,33322,33638,2678,-13502,-11986,-10520,-16234,42194,5812,22288,21618,21696,-10416,-22870,336,-43068,-6188,-10134,-20174,20256,-7524,-17048,-7642,-5426,26630,23928,-848,-21800,-15558,-8502,6130,-668,-14822,-23990,-10164,22590,-9028,-934,-20180,1720283,1719282,1718185,1718367,1717106,1720080,1719217,1717973,1717805,1717654,1719276,1720669,1718781,1720804,1718892,1719353,1719798,1717849,1719877,1717083,1717828,1718987,1716382,1720313,1717734,1718227,1718293,1719739,1719887,1716901,1717893,1718058,1718954,1721238,1717477,1718624,1718941,1719763,1717007,1717205,1716862,1719702,1718574,1719554,1717102,1717794,1719639,1721418,1717221,1716949,1718353,1717269,1718050,1717585,1719158,1720308,1717825,1719419,1717470,1717892,1717797,1718601,1718447,1718653,1718562,1719546,1719317,1722515,1719343,1716173,1719404,1715957,1717526,1718408,1718859,1719259,1717685,1717446,1717264,1719357,1718205,1716172,1717671,1718832,1717073,1720603,1718383,1720899,1720952,1716781,1718413,1717813,1719111,1720253,1720317,1720638,1719390,1718274,1718604,1716737,1717173,1720470,1716008,1716904,1720396,1717257,1718022,1720707,1719373,1721048,1719457,1718828,1718503,1717414,1720452,1719327,1719350,1717859,1718370,1720618,1718052,1719819,1718190,1718955,1718595,1718062,1719978,1719418,1719282,1717270,1719001,1718823,1718353,1719865,1720368,1720272,1719842,1719306,1717539,1716026,1717180,1717228,1717896,1716598,1720394,1718252,1718827,1717129,1718735,1719141,1718514,1720744,1716436,1717395,1717342,1719727,1717357,1718461,1718505,1719042,1719154,1720594,1718039,1716737,1716993,1718355,1718124,1719416,1717515,1716801,1719102,1719728,1720631,1718432,1719725,1719537,1720443,1718392,1719290,1715643,1719603,1721144,1721263,1717977,1718092,1720360,1719739,1721096,1720074,1718544,1718210,1720743,1717990,1718278,1718901,1718125,1719805,1717392,1715004,1718537,1721120,1717548,1719017,1719999,1716146,1719623,1718554,1718190,1721543,1718604,1717677,1718708,1717243,1718227,1720681,1718363,1717883,1718152,1722334,1721427,1719341,1720582,1718301,1718315,1716878,1718752,1718593,1716804,1721495,1718546,1719761,1719840,1719751,1719128,1717448,1718337,1716662,1722713,1720466,1717788,1717127,1717983,1719589,1720274,1719529,1717926,1721005,1717636,1717058,1720044,1719265,1719686,1718507,1720889,1719418,1719372,1.9351062474288727e-05,-0.84242706095060393,-1.3563676686421988,0.62335802842069421,-1.5462595562665533,2.0965722414446004,-0.49220665775680061,-2.312872511848969,0.3605652691492422,1.4553241070728653,0.23370815899040986,-0.3264040027650108,-1.1782101626581793,-0.29689328756116345,0.21555603081986438,1.8325050222774704,-0.40521694005499947,-0.68510110848568839,-0.38096402506372323,-2.086504071326813,1.2547913058404423,0.76233151300040691,-1.6525056130297611,-0.043785103229720845,1.2902438835238208,2.1828479338383122,-0.56107604321560289,-0.73617436367045253,-1.167416341942829,0.19084233606626333,0.11140118912614036,-1.8179589678791344,0.42477759264616649
460000000,-23732,1016,32598,36210,-16534,4966,-4522,-28210,-2740,25484,6782,6430,27256,-17462,32738,37576,-2636,-19590,-9354,-8518,-17082,45044,8426,22964,20986,29016,-14594,-26108,7266,-46818,-11718,-16108,-15246,21172,-7684,-18096,-1392,-2528,24368,18314,-3616,-24842,-13358,-6600,5990,-3836,-13638,-26266,-6896,24818,-14824,-390,-23872,1798472,1797243,1795949,1796429,1794980,1798020,1797455,1796077,1795838,1795453,1796886,1799129,1797122,1799270,1796862,1797825,1798010,1796016,1797747,1795188,1795828,1796791,1794367,1798828,1795903,1796629,1796719,1798463,1798077,1794627,1796219,1796110,1797037,1799364,1795649,1796843,1797168,1797468,1794786,1795635,1794900,1797219,1796581,1797146,1794831,1796099,1798002,1799748,1795425,1794992,1796430,1795588,1796557,1796076,1797092,1798912,1795880,1797345,1795349,1795699,1795916,1796850,1796795,1796475,1796298,1797909,1797157,1801348,1797620,1794256,1797958,1793783,1795809,1796340,1796446,1797323,1795896,1795701,1795484,1797443,1796283,1794509,1795273,1796757,1795084,1798559,1796172,1798966,1798936,1794586,1796471,1796095,1797464,1798467,1797990,1799370,1797235,1796539,1796700,1794856,1795017,1798349,1793994,1794632,1798290,1796108,1796369,1799229,1797073,1799372,1797829,1797338,1796458,1795712,1798347,1797153,1797907,1795765,1796559,1798425,1796429,1797805,1796192,1796893,1797334,1796488,1798176,1797420,1797243,1795135,1797051,1797103,1796311,1797995,1798937,1798610,1798188,1797482,1795733,1794066,1795410,1795912,1795842,1794504,1798391,1796476,1796889,1795233,1796291,1796936,1796563,1798922,1794514,1795389,1795914,1797541,1795148,1796421,1796547,1797160,1797170,1799141,1796227,1794898,1794981,1796301,1796811,1797292,1795892,1794811,1797062,1797992,1798691,1796467,1797929,1797612,1798349,1796564,1796936,1793038,1797841,1799522,1799353,1796255,1796290,1798155,1798323,1799285,1798318,1796235,1797027,1799121,1796080,1796245,1797149,1796199,1798050,1795543,1793364,1796563,1799058,1795782,1796781,1798162,1794007,1797754,1796085,1796264,1800028,1796616,1796009,1797346,1795618,1796495,1798987,1796575,1795977,1795388,1800892,1799513,1796981,1799141,1796563,1796778,1795090,1796809,1796893,1795071,1799823,1796594,1797767,1797717,1798354,1797247,1795744,1796333,1794292,1801033,1798293,1796003,1795441,1796252,1798070,1798331,1797694,1796312,1798766,1795871,1795264,1798596,1797814,1797744,1796526,1799070,1797420,1797892,1.1902759928800877e-05,-0.84242182573434854,-1.356362166355866,0.62335794605146577,-1.5462700439667596,2.0965594552637787,-0.49219810410681558,-2.3128846948553798,0.36057165975148481,1.4553420367982717,0.23371777874974381,-0.3264091554849205,-1.1782134312365689,-0.2968893382146055,0.21555455951401004,1.8325136390200694,-0.40522873873492549,-0.68511443159961927,-0.38095824646933657,-2.0864995994467606,1.2547894834287192,0.76233784275162586,-1.6524997211025061,-0.043783641225778422,1.2902423887530883,2.1828642624319867,-0.56108536674139353,-0.73618165178051076,-1.1674007844565768,0.1908341098028454,0.11138882614935144,-1.8179722056574792,0.42478834344380156
480000000,-19746,4644,34566,33260,-13962,5114,-1134,-29172,-4264,17260,8188,11550,21638,-15556,34690,38894,-4144,-18254,-9900,-9364,-12746,38850,9882,28340,15878,30476,-15252,-27800,6048,-40630,-11228,-14066,-23304,23476,-11722,-16686,-3700,3376,18734,19596,-1540,-27426,-10582,-3302,6664,-5326,-14094,-27500,-13694,23556,-18546,-1206,-18842,1877521,1875515,1873893,1874818,1873136,1876048,1875639,1874463,1873726,1873745,1875184,1877069,1875377,1877421,1874936,1876142,1876234,1873847,1875904,1873255,1873882,1874889,1872816,1876649,1874381,1874770,1875494,1876353,1875956,1873008,1874579,1874373,1874915,1877736,1873683,1874842,1875223,1875759,1872977,1873609,1872609,1875526,1875071,1874607,1873352,1874439,1876008,1877880,1873843,1873519,1874847,1873590,1874827,1874380,1874730,1877228,1873889,1875004,1873472,1873919,1874111,1874877,1875134,1874662,1874358,1875958,1875314,1879623,1875749,1872655,1875950,1872000,1873895,1874562,1874448,1875682,1874265,1873507,1873222,1875683,1874644,1872660,1873446,1875178,1873792,1876983,1874047,1876308,1877244,1873080,1874458,1874035,1875456,1876340,1876171,1877033,1875738,1874591,1874619,1873449,1872792,1876754,1872232,1872813,1876554,1873991,1874559,1877345,1874302,1877530,1876104,1875330,1874488,1873847,1875994,1874984,1876054,1873967,1874814,1876621,1874749,1876058,1874064,1875011,1875609,1874208,1876355,1875566,1875515,1873196,1875291,1875284,1874335,1876205,1877159,1876615,1876355,1875414,1873587,1872396,1873774,1874426,1874028,1872810,1876417,1874678,1875078,1873331,1874253,1874789,1874975,1877239,1872980,1873667,1873713,1875605,1872937,1874383,1874409,1875423,1875401,1877201,1874721,1873108,1873234,1874371,1874795,1875296,1874695,1873098,1875704,1875748,1876972,1874054,1875788,1875324,1876486,1874549,1874699,1871455,1875718,1877524,1877102,1874206,1874446,1875974,1876549,1877516,1876696,1874198,1874683,1877259,1874353,1874617,1875226,1874151,1876020,1873328,1872250,1874838,1877200,1873847,1874594,1876532,1872382,1875811,1874098,1874149,1877958,1875169,1874159,1874913,1874001,1874469,1876980,1874804,1873791,1873074,1878784,1877273,1874964,1877725,1874723,1874909,1873232,1874786,1874729,1873639,1878255,1874372,1875961,1875434,1876573,1875081,1873911,1874439,1872563,1878527,1876585,1874302,1873530,1874521,1876633,1876411,1875600,1874383,1876276,1874266,1873302,1876986,1875919,1875531,1874679,1877242,1875566,1876708,2.0433407798488743e-05,-0.8424142185319381,-1.3563581702821703,0.62335173827159918,-1.5462646471323873,2.09655987384855,-0.49219084493239773,-2.3128867998078357,0.36056839022367798,1.4553244480871637,0.23372095014019417,-0.3263984867002912,-1.1782254190805068,-0.29688553830456704,0.21555875403814853,1.8325166026205224,-0.40523215955356473,-0.68511157860652083,-0.38095903777104245,-2.0865014772005273,1.2547987686606452,0.76232462514976518,-1.6524964666514099,-0.043772013146435397,1.2902315659758428,2.182867375837191,-0.56108685483815235,-0.7361853417545885,-1.1674032286412481,0.19084734239472631,0.11138984509182999,-1.8179677195970267,0.42477133468061562
500000000,-18804,3520,37082,38906,-17202,-862,-6396,-23354,-2872,16722,4570,15538,20154,-17686,31958,38632,-9454,-22756,-9526,-7524,-11972,36588,12006,24350,21542,32464,-22532,-28184,9774,-47460,-4070,-15214,-25352,23592,-11996,-24888,-1922,1320,18780,19120,-8226,-28956,-7842,-4642,10058,-11344,-14596,-22862,-17198,21998,-24868,1078,-19984,1955139,1953607,1951916,1953076,1951267,1954030,1953876,1952630,1951884,1952131,1953429,1955202,1953749,1955624,1953007,1954393,1954587,1951971,1954317,1951512,1952023,1952784,1950500,1954860,1952172,1952947,1953966,1954573,1953989,1950853,1952667,1952533,1953140,1955894,1951867,1952592,1953046,1954435,1951247,1951913,1950903,1953553,1953054,1952867,1950683,1952919,1954418,1956128,1951666,1951464,1953047,1951991,1953413,1952399,1952996,1954870,1952341,1952660,1951505,1951808,1952204,1952721,1953583,1952938,1952436,1954078,1953855,1958054,1954470,1950532,1953804,1949946,1951720,1953012,1952672,1954178,1952557,1951433,1951296,1954020,1952784,1950241,1951911,1953275,1951668,1955053,1952451,1954308,1954751,1950997,1953030,1952316,1954001,1954694,1954080,1955032,1953525,1952625,1952204,1951446,1950875,1954901,1950726,1950855,1955422,1952069,1952641,1955359,1952622,1955976,1954194,1953204,1953224,1951802,1954290,1952681,1954356,1952045,1952877,1954925,1952446,1953906,1952071,1952581,1954150,1952431,1954050,1953986,1953607,1951385,1953381,1953430,1952748,1954601,1955497,1954770,1954674,1953698,1951378,1950158,1951370,1952915,1951835,1950807,1954447,1952488,1953164,1951648,1952433,1953137,1953102,1955686,1950958,1952091,1951846,1953293,1951012,1952460,1952258,1953988,1953374,1956015,1953135,1951158,1951686,1952415,1952743,1953403,1952122,1951633,1953667,1953892,1955065,1952427,1954277,1952984,1954484,1952186,1952729,1949590,1954077,1955601,1955602,1952528,1952685,1954311,1954896,1955994,1954148,1951931,1952998,1955098,1952556,1952733,1953494,1952213,1953902,1951004,1950481,1952696,1955215,1951800,1952898,1954610,1950492,1953706,1952176,1952226,1956605,1954052,1952190,1952871,1952087,1952506,1955042,1952953,1951919,1951322,1956648,1955814,1952995,1956196,1951999,1953064,1951764,1953082,1952702,1951731,1956140,1952607,1953472,1953547,1955235,1952992,1951952,1952636,1950619,1956486,1954997,1951859,1951622,1952631,1954457,1954338,1953871,1952543,1954228,1951931,1951807,1954889,1954343,1953578,1952546,1955490,1953986,1955736,2.2389960364216295e-05,-0.84241660050685996,-1.3563531345036079,0.62336323502549496,-1.5462710153952615,2.0965476343394425,-0.49220169044449386,-2.3128747424152758,0.36057136935734496,1.4553235266252336,0.23371368302265319,-0.32639032589284289,-1.1782282632264978,-0.29688985778818749,0.21555304976095213,1.8325160345029552,-0.40524304843013698,-0.68512063465543571,-0.38095836954107537,-2.0864975524153642,1.2548003009563951,0.76232003744691157,-1.6524921447687866,-0.04378010554300963,1.2902433611815731,2.1828714911841849,-0.56110169483199579,-0.73618617053692703,-1.167395631358495,0.19083341437664944,0.1114046028262867,-1.8179701370859296,0.42476720536517931
520000000,-11950,5632,36442,34092,-16582,1754,-8704,-25228,4308,10542,5840,12720,16792,-23396,32010,44514,-14836,-16464,-12202,-10864,-6384,37794,18174,19414,27270,33334,-23536,-33114,12238,-45074,-5610,-10928,-16808,29868,-12594,-23502,1146,3280,15224,20272,-9076,-28624,-9050,-1096,17408,-6988,-11770,-23386,-14736,22708,-27434,5838,-12670,2033179,2031988,2030345,2031750,2029603,2032410,2031744,2031226,2029981,2030420,2031915,2033313,2031984,2033661,2031495,2032836,2032874,2029967,2032630,2029666,2030101,2031075,2028510,2032631,2030921,2031093,2032027,2032358,2032168,2028501,2031336,2030614,2031160,2034124,2029935,2030720,2030987,2032877,2029307,2030221,2028877,2031955,2031276,2031241,2028400,2031237,2032703,2033537,2030423,2029789,2031161,2030234,2031677,2030710,2030623,2032789,2030601,2031131,2029259,2029703,2030682,2031063,2031774,2030937,2030536,2032284,2032039,2036287,2032816,2028299,2031833,2027882,2029842,2030897,2030956,2032649,2030537,2029553,2029589,2031921,2031175,2027829,2030212,2031544,2029714,2033768,2030589,2032622,2032818,2029004,2030976,2030500,2032336,2032761,2032058,2032988,2032420,2030770,2029836,2029631,2028872,2033021,2028867,2029236,2033855,2029788,2030791,2033283,2030369,2033950,2032151,2031381,2031669,2029563,2032642,2031181,2032351,2030115,2031060,2032781,2030532,2031847,2030066,2031025,2032602,2030337,2031951,2031833,2031988,2030107,2031668,2031220,2030798,2032818,2033901,2033105,2032860,2031876,2029261,2027828,2030030,2030724,2029174,2029114,2032410,2030688,2031234,2029862,2030731,2031442,2031127,2033609,2029291,2030302,2030360,2031054,2029564,2030461,2030409,2032097,2031660,2034202,2031180,2028995,2029752,2030728,2030783,2031289,2030127,2029801,2032206,2031970,2033422,2030239,2032394,2031509,2032767,2029678,2030732,2027869,2031966,2033364,2033696,2030743,2030631,2032692,2033207,2034138,2031697,2030028,2031165,2032847,2031559,2030604,2031577,2030719,2031920,2028790,2028921,2030406,2033256,2030199,2031217,2032087,2029056,2031861,2030436,2030585,2034687,2032346,2030268,2030528,2030214,2030408,2033073,2031281,2029627,2029597,2034354,2033939,2030987,2034584,2029667,2031024,2029743,2031526,2030874,2029696,2034583,2030283,2032050,2031785,2033178,2031008,2029831,2031071,2028855,2034343,2033420,2029310,2029600,2031007,2032224,2032654,2031835,2030787,2032138,2029949,2030074,2033031,2032556,2031062,2030503,2033281,2031833,2033518,3.6015446223757543e-05,-0.84241264224960888,-1.3563544395535396,0.62335375493517775,-1.5462698702044937,2.0965527056625732,-0.49220623634056271,-2.3128783162619526,0.36058541378873166,1.455311452323802,0.23371613102887762,-0.32639592423871483,-1.178234914400021,-0.29690108604295246,0.2155531999206203,1.8325274208817994,-0.4052535470602962,-0.68510824607965493,-0.38096348362401078,-2.0865040507104964,1.2548110366445713,0.76232242569319708,-1.6524800617303497,-0.043789725765455256,1.2902546637017815,2.1828730945018404,-0.56110354839540477,-0.73619601163197235,-1.1673908618276763,0.190838080615085,0.1114016898730877,-1.8179618333294381,0.42478375900127691
540000000,-7442,1792,37378,30920,-10364,526,-9676,-28308,-7752,14376,9030,6212,17618,-21384,27448,38834,-11538,-14912,-10570,-13066,-8318,41702,13402,12618,27220,28658,-23948,-33710,10950,-46932,3932,-4108,-15164,30332,-8754,-19084,-4152,3616,16502,21044,-7046,-26916,-9604,-2232,17068,-7006,-10348,-20522,-14838,28488,-29308,11078,-20634,2111364,2110047,2108282,2109931,2107979,2110605,2109926,2109286,2108407,2108660,2109909,2111713,2110026,2111878,2110154,2110881,2111458,2108071,2110295,2108341,2108162,2109253,2106939,2110814,2109223,2108825,2110143,2110391,2110613,2106612,2109327,2108379,2109801,2112496,2108151,2108767,2108468,2110899,2107645,2108559,2106550,2110269,2109512,2109040,2106618,2109572,2110987,2111594,2108190,2108175,2109116,2108490,2109931,2108576,2108432,2111088,2109119,2109039,2107727,2108246,2108780,2109284,2109482,2108234,2108592,2110668,2110545,2114791,2111184,2106609,2109383,2105916,2107794,2108618,2108912,2110878,2108834,2107499,2108053,2110034,2109141,2105956,2108616,2109717,2108032,2112076,2109015,2110603,2110436,2107585,2109347,2108664,2110193,2111320,2109720,2111001,2110406,2108798,2107824,2107487,2107460,2110685,2107002,2107427,2112144,2107791,2109314,2110840,2108223,2112023,2110711,2109590,2110016,2107880,2111008,2109034,2110527,2108803,2109369,2111583,2108450,2110161,2108172,2109078,2110837,2108170,2109227,2109778,2110047,2108166,2110302,2109281,2109088,2111017,2111978,2111749,2111122,2109976,2107506,2106040,2108022,2108656,2107071,2106825,2110839,2108847,2109072,2107863,2108657,2109299,2109251,2111767,2107142,2108781,2108364,2109129,2107545,2109361,2108737,2109337,2109459,2112840,2109642,2106532,2107944,2108891,2108688,2109528,2108547,2108064,2110596,2110578,2111403,2108439,2110526,2109127,2111014,2107136,2109029,2105939,2110004,2111578,2111814,2109213,2108777,2111003,2111603,2112706,2109831,2107966,2109525,2110771,2109621,2108915,2109560,2108936,2109914,2106937,2107295,2107980,2111892,2108317,2109044,2110140,2107089,2109994,2108853,2108040,2113158,2110218,2108219,2108499,2108579,2109098,2110828,2109050,2107714,2107383,2112235,2112363,2109587,2112989,2108077,2109295,2108129,2109698,2109027,2107788,2112749,2108499,2110081,2109466,2111232,2108927,2108363,2109038,2106874,2112575,2111865,2107782,2107811,2108935,2110240,2110513,2109632,2108598,2110080,2108064,2108296,2110592,2110058,2109066,2108051,2110954,2109778,2111589,4.4574439549956312e-05,-0.84241997109969369,-1.3563527314368244,0.62334777983721945,-1.5462581014356089,2.0965503281181004,-0.49220807181922938,-2.3128843475181151,0.36056261284072311,1.4553186686499364,0.2337221767297295,-0.32640825400170193,-1.1782333859535055,-0.29689718458327286,0.21554462444313433,1.8325167150493942,-0.4052472105247984,-0.68510535026446728,-0.38096039321415726,-2.0865081858673569,1.2548073876594816,0.76232974843620216,-1.6524892426029267,-0.043802416480966201,1.2902545987259226,2.1828641891773199,-0.56110423025389666,-0.73619708943419726,-1.1673932840483752,0.19083458981140861,0.11141967390735368,-1.8179490227324435,0.42478686691325351
560000000,-5544,-5554,36608,36550,-10902,2136,-4334,-35182,-3548,10878,6310,12910,16012,-8674,18038,37512,-8710,-13524,-11918,-10304,-4792,43902,9794,17074,25148,39484,-31246,-28512,8178,-43852,2980,148,-10470,30994,-9612,-16570,278,772,12416,16750,-5984,-30978,-6796,-1994,16530,-8186,-14624,-21430,-17242,36142,-27246,22724,-25344,2190102,2188285,2186575,2188528,2186461,2188442,2188397,2187485,2186590,2186831,2187569,2189557,2188240,2189959,2188656,2188508,2189460,2186103,2187945,2186520,2186132,2187092,2184901,2189010,2186999,2187376,2188403,2188526,2189269,2184213,2187513,2185981,2187913,2190703,2186041,2186823,2186378,2189549,2185659,2186606,2184522,2188662,2187798,2186901,2184569,2188127,2189251,2189480,2186254,2185772,2187983,2186510,2188011,2186707,2186561,2189032,2187630,2187559,2185102,2186301,2186440,2187951,2187551,2185868,2186763,2188612,2188636,2192738,2188923,2185026,2187648,2183995,2185792,2186951,2187509,2189134,2187106,2185814,2186189,2188192,2186874,2184051,2186736,2188456,2186247,2190468,2186961,2188733,2188504,2184951,2187948,2186991,2188625,2189916,2187439,2188825,2189064,2186152,2185499,2185399,2185966,2188932,2184707,2185652,2190719,2186279,2187271,2189194,2186157,2190375,2188617,2188188,2188266,2186512,2189275,2187466,2188275,2186925,2187787,2189819,2186099,2187974,2186186,2187918,2188579,2186947,2187191,2187244,2188285,2186818,2188328,2187354,2186960,2188684,2189802,2189679,2188973,2187634,2185655,2184354,2186135,2186970,2184826,2184986,2189156,2186761,2187982,2185745,2187052,2187607,2187795,2189721,2185027,2187117,2186315,2187067,2185920,2187190,2186878,2187438,2187462,2190671,2187908,2184820,2186365,2187094,2187261,2187775,2186403,2186530,2188917,2188793,2188886,2186812,2189290,2186784,2188962,2185126,2186915,2183849,2188987,2189758,2189971,2187773,2187148,2189182,2190098,2191305,2187633,2186153,2187975,2188567,2188340,2187070,2187008,2186743,2187684,2184983,2185457,2185817,2190125,2186776,2187150,2188382,2185038,2187568,2186921,2186124,2191259,2188677,2186723,2186580,2186686,2187242,2188738,2187341,2185584,2185813,2190797,2190753,2187705,2191487,2186347,2187717,2186346,2187598,2187168,2185875,2190935,2186600,2187899,2187393,2189217,2187024,2186657,2186885,2185240,2191175,2190575,2185876,2185678,2186531,2188260,2187826,2187966,2186617,2188628,2186632,2186110,2188112,2188397,2187342,2185643,2188792,2187244,2188508,4.8014230365287601e-05,-0.84243336555254844,-1.3563540762341706,0.62335803546928303,-1.5462590798495397,2.0965533388072388,-0.49219845609297935,-2.3128969057444473,0.36057017951106524,1.4553122371377309,0.23371727732964936,-0.32639607495721573,-1.1782363262079703,-0.29687418184778841,0.21552752280287546,1.8325142779683501,-0.40524195761004367,-0.68510283144435913,-0.38096284183661744,-2.0865033063522112,1.2548138373383817,0.76233382132372352,-1.6524959539767059,-0.04379432656843385,1.2902506578821071,2.1828838974580855,-0.56111743907310463,-0.73618762378881875,-1.1673983847443519,0.19084009344756031,0.11141795890278064,-1.8179411673188557,0.4247955172221774
580000000,-9230,-8998,40598,29888,-6266,1518,-4388,-27882,136,10688,5452,21628,10586,-19560,14566,40190,630,-16984,-11254,-4924,-4742,39274,18708,21822,24520,41634,-33756,-13632,8346,-48360,-888,-8730,-8716,32658,-5600,-20684,-2450,-6,9338,14792,-368,-30434,-5708,-1288,22082,-7976,-17636,-18898,-19820,28002,-26790,17748,-36572,2268027,2266268,2264430,2266113,2264458,2266220,2266344,2265568,2264491,2264769,2265771,2267215,2266204,2267533,2267155,2266589,2267670,2264173,2266288,2264743,2264853,2264983,2262918,2267261,2265233,2265181,2265934,2266296,2267644,2262742,2265658,2264132,2266071,2268903,2264364,2264630,2264651,2268033,2263960,2264619,2263133,2266541,2266177,2264955,2262437,2266742,2267147,2268473,2263919,2264137,2266318,2264340,2265388,2264374,2264451,2267250,2265812,2265827,2263370,2264923,2264299,2265716,2265443,2263868,2264587,2267019,2266840,2270682,2267441,2263153,2265581,2262396,2263915,2265035,2265825,2267697,2265262,2263890,2264177,2265788,2264887,2262705,2265243,2266070,2264574,2268885,2265343,2266833,2266412,2262899,2266541,2265322,2266613,2268094,2265941,2267019,2266790,2263779,2263977,2263353,2264382,2267017,2262394,2263385,2268558,2264086,2265468,2266607,2263966,2268590,2266974,2266251,2266062,2265220,2267431,2265858,2266831,2265025,2265676,2268675,2264598,2266071,2263963,2266241,2266896,2264613,2265248,2265595,2266268,2264275,2266248,2265799,2264802,2266766,2267393,2268176,2267352,2266262,2264065,2262964,2264210,2264697,2263231,2263201,2267304,2264821,2266396,2263836,2264821,2266149,2266261,2268359,2262823,2265477,2263828,2265405,2263995,2265551,2264357,2265179,2265535,2268619,2266230,2263347,2264299,2265489,2265192,2265346,2264459,2264772,2267282,2267221,2266874,2265121,2267560,2264487,2266650,2263193,2265081,2261439,2267256,2267701,2268105,2265975,2265470,2267462,2268486,2269427,2266370,2264488,2266066,2266975,2265956,2265028,2264728,2264887,2266173,2263876,2263326,2264036,2268210,2265197,2265145,2266923,2263038,2265343,2265369,2263748,2269267,2266872,2264545,2264468,2264657,2265618,2266653,2265214,2263431,2263621,2268416,2268758,2266319,2269819,2264917,2266022,2264194,2265836,2266072,2264009,2269025,2265051,2265987,2265732,2267581,2264927,2264807,2265260,2263086,2268584,2269164,2264688,2263968,2264861,2266645,2265861,2265677,2265042,2265994,2265177,2264231,2266435,2266756,2264930,2263770,2267073,2265595,2266770,4.154707484662571e-05,-0.84243941064579164,-1.3563470294342757,0.62334635736090649,-1.5462508472789733,2.096552212595737,-0.4921985092987885,-2.3128840385531082,0.36057669556135807,1.455311843146365,0.23371579717491225,-0.32638085326735861,-1.1782459292627736,-0.29689331345001613,0.21552137828711695,1.8325190395895377,-0.40522558283434579,-0.6851089557052823,-0.38096180767254478,-2.0864937883372301,1.254813930897055,0.76232570520914078,-1.6524803556426304,-0.043785916629636885,1.290249703179567,2.182887496464005,-0.56112189440098015,-0.73616153923244299,-1.1673979414715943,0.19083222232656102,0.11141110421821843,-1.8179565973816001,0.42479859540408615
600000000,-15350,-15702,43200,24396,-11182,-700,-7136,-24668,-1132,13742,7854,18466,17310,-30056,11556,31236,1138,-12902,-13232,-8152,-1366,39966,10240,25866,23370,36468,-32056,-26632,5724,-48158,2700,-13406,-7272,33942,-12546,-22760,748,-4182,10750,12632,-3920,-33408,-3892,-6092,17166,-13216,-19400,-14750,-15384,23136,-27360,14028,-42074,2345330,2343581,2342538,2344177,2342480,2344220,2344131,2343549,2342332,2342675,2343675,2345362,2343802,2345671,2345460,2344410,2345628,2342220,2344546,2342713,2343077,2342937,2341083,2345528,2343161,2342812,2344478,2344216,2345892,2340918,2343881,2342127,2344258,2346609,2342165,2343169,2342283,2346315,2342095,2342857,2341426,2344652,2344384,2343064,2340760,2345158,2345687,2346677,2341406,2342432,2344282,2341945,2343410,2342706,2342469,2345262,2344061,2343705,2341642,2342902,2342607,2343729,2343214,2342459,2342858,2344595,2344770,2348796,2345512,2341083,2343927,2340734,2341795,2343028,2343932,2346212,2343467,2342058,2342231,2344093,2343072,2341006,2343524,2344260,2342546,2347178,2343536,2345091,2344760,2341338,2344644,2343490,2344863,2346763,2344373,2344979,2344597,2341613,2342629,2341234,2342644,2345194,2339920,2341363,2346328,2342491,2343705,2344900,2342056,2346514,2344884,2344309,2344348,2343354,2345644,2343711,2345021,2343686,2343646,2347037,2342782,2344768,2341974,2344445,2344626,2342344,2343901,2343743,2343581,2343134,2344162,2343503,2342527,2344817,2345342,2346321,2345516,2344584,2342339,2341249,2342171,2343023,2341350,2341598,2345239,2343114,2344052,2342239,2343001,2344511,2344835,2346836,2340677,2343415,2341638,2343515,2341874,2343626,2342455,2343546,2343195,2346957,2344430,2341492,2342540,2343829,2343430,2343467,2342652,2343132,2345340,2345563,2345338,2342976,2345939,2342675,2344804,2341431,2343556,2339338,2345409,2345899,2346101,2343931,2343641,2345650,2347065,2347781,2344943,2342690,2343756,2345185,2343857,2343070,2342574,2342867,2344588,2342505,2341267,2342214,2346558,2343263,2343580,2345459,2340625,2343094,2343269,2341908,2347080,2344916,2342845,2342637,2343238,2343725,2344779,2343523,2341475,2341556,2346664,2346542,2344428,2348083,2343260,2343962,2342330,2343828,2344464,2342247,2347177,2343845,2343799,2343814,2345668,2342991,2343258,2343402,2340975,2346692,2347627,2342913,2341810,2343357,2345378,2343902,2343638,2342974,2344021,2343503,2342385,2344512,2344638,2343079,2342271,2345373,2343743,2344725,3.1152655542717883e-05,-0.84245070852799031,-1.3563426309545712,0.62333714538001872,-1.5462591150600933,2.0965484766427793,-0.4922032126540089,-2.3128784709606549,0.36057463454457706,1.4553169329284388,0.23371986620335697,-0.32638625233186791,-1.1782345822927784,-0.29691109458297682,0.21551634497682015,1.832503743715058,-0.4052247625961693,-0.68510197791569249,-0.38096519794917394,-2.0864993031686443,1.2548195703883802,0.76232680271339881,-1.652494745832074,-0.043779192549414155,1.2902477855182775,2.1828787853595162,-0.56111897479050044,-0.73618356099549276,-1.1674024374939205,0.19083271909734006,0.11141711130416533,-1.8179646994122196,0.42480100816431432
620000000,-14892,-16540,45960,24724,-7986,7548,-414,-29134,-2274,12954,12230,22054,12088,-30558,17070,32342,3164,-7762,-12844,-10006,802,35128,2322,15676,27864,31312,-32256,-38412,3542,-50850,1398,-19508,-7860,34500,-8640,-23754,1834,-2274,8706,16620,-1624,-33858,-3796,-12070,16228,-12496,-24084,-16396,-12882,28756,-27738,18468,-39832,2424117,2422288,2421107,2422181,2420676,2422485,2422064,2421933,2421006,2420557,2422039,2423093,2421501,2423876,2423406,2422611,2424093,2420332,2422690,2420627,2421062,2420825,2419004,2423484,2421176,2420795,2422575,2422484,2424324,2418895,2422268,2420046,2422850,2424431,2420394,2420888,2420690,2424062,2420173,2420964,2419377,2422893,2422436,2421013,2418771,2423355,2423621,2424755,2419556,2420444,2422553,2420263,2421420,2420952,2420368,2423527,2422194,2421830,2419577,2421076,2420679,2422538,2421034,2420115,2421328,2422628,2422783,2426565,2423548,2419103,2422001,2418747,2419569,2421632,2422218,2424357,2421741,2420294,2420063,2421975,2421024,2418892,2421729,2422658,2420797,2425607,2421380,2423682,2422739,2419504,2422639,2421611,2423251,2424608,2422526,2423224,2422625,2419818,2420394,2419667,2420487,2423497,2418364,2419460,2424595,2420392,2421894,2422966,2419910,2424889,2422905,2422706,2422766,2421651,2423706,2421637,2422745,2422135,2421525,2425106,2420611,2423096,2420642,2423169,2422373,2420545,2421591,2421844,2422288,2421000,2422054,2421816,2420887,2422647,2423313,2424084,2423419,2422760,2419848,2419395,2420470,2421183,2419813,2419703,2423188,2420950,2422062,2420510,2421208,2422624,2423122,2424892,2418824,2422021,2419797,2421411,2419700,2421758,2420949,2421103,2421106,2424917,2422257,2419860,2420511,2422513,2421862,2421074,2420539,2421494,2423968,2424049,2423472,2420895,2424238,2420995,2422887,2419617,2421431,2417561,2423567,2423908,2424431,2422084,2422223,2423513,2425303,2425555,2423028,2421273,2421884,2423320,2421960,2421242,2420751,2420832,2422631,2420140,2419652,2420769,2424569,2420940,2421614,2423657,2419104,2420914,2421395,2420077,2424999,2423225,2421295,2420278,2421236,2422410,2422988,2421551,2419765,2419488,2424836,2424904,2422485,2426250,2421775,2421980,2420577,2421765,2422377,2420754,2425022,2421774,2421654,2422012,2423629,2421181,2421752,2421573,2419343,2424851,2425829,2421049,2419576,2421480,2423090,2422029,2422065,2421190,2422669,2421772,2420445,2422023,2422613,2421272,2420095,2423340,2421844,2422956,3.1854470185927523e-05,-0.84245212567276717,-1.3563381935676619,0.62333760521209225,-1.5462537913428844,2.0965620822936768,-0.49219230382132384,-2.3128857803051783,0.36057279605554166,1.4553157572146873,0.23372710262722363,-0.32638034196200433,-1.1782432216716858,-0.29691188252776546,0.21552529522699132,1.8325056405063365,-0.40522147065095193,-0.68509362588330724,-0.38096464764570548,-2.0865024045642544,1.2548231338919147,0.76231885946306421,-1.6525078682814709,-0.043795806525697013,1.2902551024206934,2.1828703342950107,-0.56111926785677702,-0.73620288585995208,-1.1674059267692518,0.19082849985856565,0.11141500409442336,-1.8179745525059015,0.42480006289370464
640000000,-20766,-17110,42196,30536,-12566,1810,6316,-30006,-5474,21956,14114,18030,13946,-33944,24586,28686,3282,-10518,-13898,-12166,718,38628,7880,14168,30086,27072,-30142,-37966,8558,-48492,-1174,-15828,-7914,31930,-11110,-24134,2840,342,8210,24316,1940,-35624,-2688,-8486,14350,-10552,-21204,-21118,-12056,27388,-25584,12916,-41902,2501593,2499952,2498944,2499862,2498389,2500726,2499866,2499998,2498995,2498693,2500344,2501371,2498990,2502163,2501276,2501021,2501926,2498363,2500799,2498972,2499493,2498819,2496982,2501923,2498837,2498227,2500957,2500901,2502137,2497122,2500702,2498290,2500518,2502921,2498796,2498912,2499080,2501963,2498257,2499096,2497482,2501164,2500027,2499402,2497081,2501077,2502055,2502727,2497348,2498435,2500581,2497846,2499824,2498884,2499264,2501977,2500600,2499817,2497470,2498974,2499092,2500657,2499282,2498097,2499068,2500775,2501079,2504553,2501728,2497214,2500134,2497017,2497832,2499463,2500211,2502378,2499977,2498772,2498573,2499823,2499007,2497057,2499570,2500996,2498522,2503345,2499860,2501461,2501211,2498144,2500394,2499742,2501356,2502662,2500368,2501240,2500386,2498320,2498393,2497936,2499188,2501437,2496471,2497196,2503152,2498761,2499753,2500717,2498575,2503524,2500991,2501112,2500943,2500103,2501453,2499599,2500356,2500439,2499257,2503303,2498528,2501504,2498701,2501311,2500379,2499099,2499712,2500146,2499952,2498854,2500171,2500002,2499299,2500989,2501287,2502299,2501294,2501078,2497968,2497534,2498074,2499695,2497983,2497971,2501513,2499345,2500244,2498381,2499153,2500610,2501176,2502859,2496946,2500200,2497751,2500340,2498280,2499322,2499047,2499089,2499325,2502711,2500146,2498239,2498215,2500626,2500492,2499300,2498582,2499402,2501840,2501919,2502274,2499059,2501963,2498881,2501358,2497894,2500044,2495821,2502089,2501586,2502835,2500126,2500446,2501235,2503325,2503586,2500940,2499354,2500196,2501761,2499738,2499398,2499209,2499033,2500644,2498288,2497635,2498937,2503026,2499162,2499552,2501657,2497169,2499319,2499029,2498313,2503029,2501328,2499271,2498796,2499462,2500414,2501474,2499383,2498041,2497721,2503281,2503219,2500325,2504249,2499926,2500717,2498750,2499922,2500539,2498636,2503000,2499772,2500017,2500146,2501205,2499306,2500123,2500140,2497187,2502976,2503583,2499531,2497729,2499072,2501319,2500564,2500155,2499824,2500906,2499811,2498273,2500379,2501278,2499406,2498273,2501585,2500146,2501810,2.2485698939543021e-05,-0.84245287603975916,-1.3563441239815699,0.6233468550595378,-1.5462610326878605,2.0965529855945535,-0.49218162564692775,-2.3128872384458328,0.36056766820255809,1.4553300896940373,0.23373001825740231,-0.32638663567552212,-1.1782401902733395,-0.2969172790214627,0.21553720338518834,1.8324997056079848,-0.40522130533332523,-0.68509803346995124,-0.38096630054084146,-2.0865058503486882,1.2548229872918479,0.76232451550601377,-1.6524990410761535,-0.043798146170616094,1.2902586957756852,2.1828635126777316,-0.56111590966445524,-0.73620219221821381,-1.1673979884720691,0.19083224154481301,0.11141101011450291,-1.8179687473417983,0.42480003277005263
660000000,-21820,-18436,44074,38060,-1592,7922,7034,-35730,-6608,23836,11824,16012,10138,-38160,16626,29004,14338,-15184,-5578,-7960,3766,37908,9462,11376,26128,26896,-34968,-43888,9776,-51306,4888,-15884,-5628,34024,-6422,-23036,5260,88,6324,25934,10860,-34318,-1424,-11234,11596,-13796,-19896,-17886,-10690,30286,-26018,16076,-44514,2579883,2578310,2577302,2578133,2576562,2579058,2578323,2577784,2577025,2576716,2578956,2579290,2576861,2580356,2579085,2578940,2579852,2576700,2578973,2576768,2577906,2577362,2574491,2580108,2576915,2576612,2579163,2579406,2579950,2575065,2578516,2576137,2579131,2580607,2576767,2577613,2577737,2579881,2576182,2577212,2575817,2579329,2578273,2577418,2574683,2578923,2580116,2580702,2575576,2576586,2578415,2576320,2577917,2577271,2577464,2580140,2578519,2578048,2575694,2577018,2576860,2578530,2577032,2576197,2577611,2578936,2578855,2582400,2579557,2575472,2578999,2575035,2576272,2577889,2578077,2580015,2578320,2577000,2576900,2577871,2577041,2575599,2577285,2579508,2576705,2581244,2577830,2579796,2579067,2576046,2578165,2577784,2579617,2580697,2578486,2579525,2578606,2576275,2576542,2576188,2577007,2579353,2574625,2575219,2580972,2576912,2578074,2579249,2576393,2582341,2579299,2579369,2579091,2578157,2579917,2577559,2578395,2578205,2577598,2581751,2576299,2579366,2576697,2579483,2578406,2577451,2577505,2578699,2578310,2577125,2578318,2577974,2577179,2579188,2578894,2580241,2579527,2579025,2576312,2575309,2576666,2578213,2575930,2575713,2579886,2577680,2578645,2576626,2577240,2578329,2579115,2580710,2575247,2578123,2576025,2578198,2576617,2577647,2576874,2577092,2577416,2580648,2578262,2576421,2576424,2578211,2579138,2577559,2576823,2577464,2579676,2580208,2580430,2577026,2580198,2577309,2579305,2576144,2577945,2573524,2579967,2580052,2581270,2578528,2578729,2579428,2580906,2582331,2578805,2577650,2578825,2580007,2577823,2577356,2577512,2576735,2578995,2576149,2575880,2576608,2581294,2577382,2577492,2579810,2575050,2577223,2577364,2576095,2581023,2579084,2577350,2577189,2577582,2578640,2579627,2577711,2576382,2575423,2581854,2582014,2578540,2582540,2577969,2579307,2576573,2577972,2578602,2576300,2581669,2577949,2577648,2578240,2579135,2577627,2578148,2578089,2575412,2581527,2581781,2577907,2575454,2576745,2579701,2578329,2578367,2578032,2579341,2577937,2575900,2578664,2579702,2577795,2576158,2580046,2578699,2579848,2.087950417930257e-05,-0.84245479980549431,-1.3563411704956931,0.62335854692905113,-1.5462441371088678,2.0965623672781448,-0.49218058653652824,-2.3128960628562916,0.36056590275010308,1.4553331345276763,0.23372662489074192,-0.32638975085490091,-1.178246068412484,-0.29692377086961852,0.2155250092495517,1.8325002975911551,-0.40520430126350454,-0.68510514263359357,-0.38095346635076843,-2.0864993500552189,1.2548276451315887,0.76232333432826038,-1.65249656144553,-0.043802360747017141,1.2902525809092862,2.1828632461923565,-0.56112328733363248,-0.7362113095073044,-1.1673960670674033,0.19082783139418963,0.11142030033534521,-1.8179687929048987,0.42480361634563912
680000000,-27546,-25082,35120,29380,454,1932,8282,-31728,-14920,29004,18130,18280,5158,-39166,19364,29808,8818,-13242,-3478,-6142,5218,39396,218,9252,33050,22554,-35736,-40488,11800,-49352,-2412,-14098,-7224,26010,-5938,-24960,5366,554,7824,27072,8684,-29172,-2724,-16346,14236,-12336,-15640,-22212,-9422,38212,-31936,23340,-40302,2657753,2656122,2654701,2656332,2654422,2656749,2656143,2655969,2654753,2655046,2656737,2657489,2654707,2658245,2657326,2657500,2657765,2653908,2656765,2655309,2655797,2655279,2652220,2657814,2654831,2655113,2657265,2657455,2658167,2653568,2657314,2654002,2656625,2658860,2654255,2655744,2655423,2657519,2654705,2655567,2654472,2656589,2656780,2655520,2652675,2656681,2658311,2658159,2653913,2654574,2657021,2654945,2655828,2655464,2655571,2658630,2656646,2655998,2654227,2655115,2655239,2657437,2655272,2653625,2655388,2656542,2657020,2660737,2657499,2653053,2657261,2653141,2654248,2655575,2656247,2657727,2656871,2655238,2654761,2656213,2655371,2653833,2655241,2657168,2655007,2659995,2656000,2658211,2657047,2654657,2656105,2655357,2657797,2659191,2656378,2657562,2656928,2654591,2654234,2654721,2655168,2657959,2653174,2653584,2658879,2654939,2655777,2657434,2654592,2660834,2657821,2657537,2656999,2656742,2658153,2655461,2656626,2656706,2656299,2659836,2654275,2657490,2655565,2657631,2656469,2655620,2655466,2656320,2656122,2654911,2656470,2655780,2655377,2657477,2656809,2658857,2656920,2657028,2654339,2652545,2655237,2656475,2654409,2653816,2657720,2656091,2656177,2654963,2655264,2657021,2657136,2658656,2653656,2656853,2654027,2656746,2654477,2655774,2655362,2654895,2655305,2658897,2656297,2654658,2654400,2656455,2657404,2655407,2654732,2655820,2658222,2658691,2659029,2654780,2658677,2655781,2657606,2654381,2656106,2651813,2657990,2657747,2659855,2656728,2657095,2657616,2659105,2661020,2656526,2655759,2656817,2658161,2655645,2655708,2655834,2654929,2656449,2653831,2654451,2655084,2659563,2655565,2656038,2658065,2653638,2655535,2655490,2654044,2658831,2657122,2655614,2655643,2655545,2656918,2657810,2656247,2654940,2653262,2659632,2661226,2656914,2660934,2655907,2657416,2654425,2656172,2656046,2654814,2659960,2656144,2655999,2655950,2657074,2656318,2656686,2656623,2653610,2660024,2660027,2655786,2653598,2654118,2657951,2656488,2656766,2656603,2657335,2655977,2653441,2656949,2657804,2655681,2653921,2657865,2656320,2657198,1.2382198003818056e-05,-0.8424647084133986,-1.356354521375944,0.62334558793127337,-1.5462410585537703,2.0965533949051705,-0.49217870140952175,-2.3128899549306645,0.36055347392921294,1.4553407440892607,0.23373606486351026,-0.32638630462168511,-1.1782535284255578,-0.29692534486455524,0.21552895963441535,1.8325015648123568,-0.4052124824642438,-0.68510225004883452,-0.38095034255588039,-2.0864966126967945,1.2548297419981245,0.7623256158394105,-1.6525102932427977,-0.04380552063404082,1.2902628627854722,2.182856743474447,-0.56112440071492808,-0.73620624188795047,-1.167392916823174,0.19083071654006531,0.11140941531602536,-1.8179662357313078,0.42480130952081058
700000000,-25384,-31286,32784,22866,-1792,3164,15262,-29102,-13438,33742,15892,13248,2848,-34618,23482,31684,4460,-18726,-3778,-11932,10222,45340,-1278,16010,26464,26876,-35706,-29656,10048,-53046,1368,-23712,-362,26358,-7004,-21956,2936,-1528,10000,29334,8460,-30766,-940,-12830,9838,-13802,-16692,-20654,-7118,33286,-32792,17932,-32592,2735435,2734075,2732853,2734447,2732287,2734903,2734535,2733956,2732392,2733313,2735132,2735566,2733058,2736010,2735316,2735155,2735384,2732083,2734966,2733315,2733724,2734112,2730446,2735929,2733612,2733365,2735331,2735183,2736188,2731581,2735250,2732016,2734655,2736204,2732061,2734113,2733532,2736283,2732593,2733582,2732914,2734384,2735439,2734263,2731170,2734726,2736446,2736476,2732605,2732869,2735010,2733006,2734402,2733668,2733616,2736294,2734823,2734060,2732260,2733177,2733668,2735400,2733438,2731432,2733535,2734568,2734963,2738232,2735329,2731216,2735564,2731353,2732340,2734047,2734574,2736264,2734850,2733509,2732775,2734216,2733441,2732093,2733616,2735264,2733446,2738086,2734617,2736581,2735677,2732912,2734038,2733566,2736367,2737193,2734684,2735669,2735205,2733052,2732609,2732842,2733284,2736325,2731287,2731677,2737092,2733142,2733856,2735457,2732535,2738840,2735715,2735497,2735161,2735109,2736345,2733682,2734877,2734732,2734079,2737747,2731986,2735975,2733656,2735504,2734567,2733747,2733421,2734232,2734075,2733225,2734337,2734044,2733418,2735795,2734533,2736515,2735075,2734968,2732704,2730809,2733919,2734504,2732453,2732111,2735475,2734091,2734849,2732860,2733574,2735590,2735450,2736993,2731862,2734651,2732739,2734727,2732695,2733856,2733818,2732854,2733448,2736991,2734484,2732804,2732855,2734555,2735766,2733409,2732620,2734496,2736093,2736935,2737419,2732878,2737114,2733877,2735652,2732582,2734599,2729958,2735832,2735645,2737759,2734918,2735447,2735967,2737349,2738649,2734293,2733760,2734876,2736221,2733765,2733813,2734250,2732816,2734714,2732297,2732859,2733211,2737226,2733662,2734590,2736179,2731663,2733957,2733776,2732456,2736998,2735195,2733794,2733911,2733670,2734942,2735681,2734410,2732557,2731645,2737439,2739111,2735047,2738805,2733369,2735428,2732373,2734014,2734402,2733228,2737604,2734444,2734333,2734555,2735101,2734563,2734756,2734634,2731667,2737710,2738137,2733300,2731226,2732521,2735703,2735206,2734787,2734658,2735298,2733690,2731761,2734933,2735789,2733484,2732127,2735526,2734232,2735875,1.5586955149688159e-05,-0.8424737264995138,-1.3563577766042612,0.62333612596777799,-1.5462443229973197,2.0965551490771439,-0.4921685482435359,-2.3128862236787566,0.36055573506437932,1.4553476178610258,0.23373276444696167,-0.32639364120394626,-1.1782569107510303,-0.29691860584810864,0.21553491605690825,1.8325042403923126,-0.40521876955943442,-0.68511011858320114,-0.38095076376139186,-2.0865050944219159,1.2548370354369953,0.76233428922842106,-1.6525123598358749,-0.043795643480464601,1.2902532834088465,2.1828629794926582,-0.56112440688168908,-0.73619066636261976,-1.1673954885581386,0.1908254838200879,0.11141480127922494,-1.81798016459081,0.42481126461284002
720000000,-26580,-32556,31868,29558,-2284,4522,19528,-25438,-14000,40152,14486,20680,2348,-35364,18736,27112,-26,-22092,-1992,-15286,9356,44362,-7522,16590,29872,31146,-32738,-32916,5208,-59362,-6848,-17214,-9228,29416,-11430,-16344,1610,-2570,11136,28660,6752,-31278,-500,-15694,11858,-11492,-19398,-30756,-10206,38888,-29876,11026,-27378,2814437,2812530,2811038,2812498,2810026,2812901,2813324,2811785,2810858,2810899,2813206,2813209,2811621,2814357,2813154,2813055,2813744,2809990,2813268,2810671,2811449,2812701,2808883,2813741,2812034,2811468,2813332,2813296,2814138,2809620,2813283,2810222,2812646,2814346,2810300,2812093,2811673,2814379,2810604,2811176,2810813,2812274,2813919,2812515,2809706,2813173,2814279,2814802,2810929,2811273,2813187,2810993,2812727,2811726,2811552,2814471,2812778,2811822,2810258,2811456,2811272,2813441,2811703,2809547,2811808,2812563,2812948,2816109,2813382,2809458,2813160,2809501,2810388,2812274,2812575,2814938,2812864,2811783,2810564,2811807,2811530,2810023,2811798,2813009,2811521,2816444,2812936,2814806,2813735,2811637,2812115,2812018,2814212,2815188,2813011,2813836,2812916,2811424,2810993,2811197,2811460,2814650,2809588,2810500,2815011,2811515,2811782,2813508,2810788,2817157,2813565,2814327,2813287,2813016,2814448,2811237,2812805,2812402,2812426,2815735,2810181,2813848,2812045,2813884,2812679,2811893,2811689,2812243,2812530,2811006,2811889,2812611,2811731,2813514,2812654,2814424,2812876,2813040,2810944,2809415,2811881,2812271,2810604,2810450,2813248,2812403,2812784,2811109,2811638,2813733,2813996,2815340,2810168,2812712,2811121,2812727,2810462,2812094,2811430,2811028,2811725,2814711,2812540,2810568,2810989,2813134,2814043,2811195,2810740,2812533,2814045,2815227,2815666,2810960,2815121,2812045,2813411,2810917,2812923,2809095,2813799,2813564,2816393,2813421,2813525,2813863,2814949,2816705,2812757,2812488,2812869,2814385,2811728,2811937,2812297,2810969,2812534,2810901,2810992,2811553,2815263,2811619,2812796,2814398,2810016,2812065,2811992,2810651,2814906,2813085,2812325,2812229,2811752,2812828,2813691,2812360,2810593,2810381,2815248,2817796,2813176,2816466,2812234,2813418,2810749,2811842,2812442,2811348,2815422,2812544,2812493,2812143,2812980,2813039,2812798,2812543,2810186,2815887,2816077,2811325,2809304,2810774,2813518,2813399,2813214,2812939,2813647,2811667,2809897,2813069,2814108,2811430,2810287,2813645,2812243,2813992,1.3851113500566601e-05,-0.84247547380010235,-1.3563589860890726,0.62334550588448157,-1.5462450896434876,2.09655715141683,-0.49216255499452782,-2.312881139290909,0.36055495613674787,1.4553566243696328,0.23373071812596943,-0.32638320801051618,-1.1782576708612031,-0.29691965223549205,0.21552814782168828,1.8324978451898364,-0.40522508874231644,-0.68511497332431359,-0.38094818846489342,-2.086509870852006,1.2548358623205795,0.7623329399450629,-1.6525212361190573,-0.043794862995459219,1.290257994497348,2.1828689692168561,-0.56112013991606635,-0.73619525950032449,-1.1674023266376983,0.19081655639339554,0.11140329371608296,-1.8179710186950981,0.42479874782108534
740000000,-25602,-24584,31822,36268,-3046,4824,12152,-25410,-12196,43812,9192,17612,4792,-43736,21102,34770,2590,-14104,2536,-21108,3812,47136,-10250,11210,34800,30314,-26544,-27382,14750,-58866,-13804,-15834,-8478,31132,-13830,-22380,2942,-30,12446,30578,10014,-26576,-5996,-18148,13412,-15438,-15968,-34164,-10390,39348,-27166,10582,-26822,2893396,2890682,2889237,2890748,2888273,2890951,2891469,2890392,2888987,2889277,2891603,2891351,2889536,2892551,2891249,2891298,2892150,2887958,2891655,2888760,2889397,2891006,2886887,2891862,2889941,2889521,2891701,2891392,2892307,2887698,2891372,2888545,2891000,2892482,2888260,2890174,2889904,2892698,2888393,2889455,2889089,2890098,2891979,2890643,2887908,2891152,2892355,2892972,2888840,2889562,2890958,2889397,2891219,2889840,2889749,2892658,2890351,2890051,2888240,2889894,2889523,2891337,2890039,2887685,2890070,2890709,2891658,2893934,2891435,2887273,2891258,2887699,2888546,2890429,2890767,2893067,2890866,2890117,2888565,2889769,2889761,2887903,2890049,2891020,2889712,2893980,2890776,2892521,2891903,2889653,2889968,2890267,2892005,2893183,2890950,2892192,2891190,2889356,2889220,2889430,2889234,2892604,2888057,2888580,2893469,2889719,2889530,2891594,2888935,2895207,2891468,2892951,2891052,2890799,2892660,2889331,2890632,2890449,2890620,2894057,2888199,2891978,2889944,2891855,2891011,2890175,2890371,2890463,2890682,2889303,2889987,2891113,2889991,2892003,2890618,2892155,2891120,2891138,2888800,2887398,2889926,2890542,2888756,2888619,2891332,2890476,2890947,2889088,2889790,2891616,2892173,2893465,2888461,2890834,2889358,2891015,2888095,2890436,2889488,2889179,2889779,2893110,2890448,2888783,2889071,2891136,2892590,2888879,2888575,2890971,2891713,2892654,2893648,2889083,2892833,2890170,2891706,2889088,2890880,2887240,2891969,2891284,2894393,2891761,2891500,2891940,2892841,2894783,2890654,2890462,2891147,2893149,2889915,2890391,2890336,2888839,2890823,2888925,2889210,2889676,2893262,2889606,2890639,2892571,2888429,2890256,2889966,2888898,2893128,2891328,2890158,2890449,2889834,2890387,2891956,2890482,2888891,2888467,2893285,2895887,2891435,2894441,2890166,2892104,2889116,2889819,2890528,2889456,2893634,2890606,2890628,2890284,2890987,2890888,2890691,2890844,2888423,2893965,2894408,2889319,2887883,2889185,2891580,2891581,2891243,2891086,2891768,2889670,2888869,2891183,2892385,2889583,2889041,2891793,2890463,2891605,1.5187489808606769e-05,-0.84246452878928779,-1.3563590240119228,0.62335468624128554,-1.546246144092855,2.0965575006071919,-0.49217263998622801,-2.3128810942275364,0.36055752463468277,1.4553616570900025,0.23372343088805925,-0.32638745431680805,-1.1782543041717251,-0.29693106147607173,0.21553137069893061,1.8325083756803633,-0.40522146782162927,-0.6851039837906695,-0.38094186059656709,-2.0865178166094056,1.2548283008600012,0.76233673357459242,-1.6525249998375329,-0.043802246674177876,1.2902648377468759,2.1828677870929556,-0.56111161462848602,-0.73618764129511727,-1.1673891885404655,0.19081719741620015,0.11139377087485186,-1.8179691809245226,0.42479969722812533
760000000,-22166,-23602,36842,37254,-1484,9108,12934,-19472,-12062,45348,3314,18368,2784,-40006,16362,38184,2894,-17370,-564,-18852,6158,43672,-7820,18576,36798,34858,-24854,-28386,16376,-58946,-7062,-17968,-4112,35166,-16354,-20782,3848,-2498,16564,26582,10412,-27300,-4200,-15478,13614,-13126,-17050,-28908,-9006,43998,-32756,11662,-26866,2971889,2968701,2967299,2969037,2966900,2969085,2969820,2968777,2967135,2967959,2969951,2969523,2967497,2970653,2969356,2969558,2970250,2966347,2970043,2966985,2967735,2968897,2964972,2970041,2967766,2967874,2969997,2969550,2970358,2965879,2969364,2966694,2969074,2970367,2966323,2968196,2968054,2971140,2966795,2967280,2967398,2968072,2970119,2968442,2965934,2969644,2970146,2971123,2966915,2967756,2969200,2967654,2969622,2968304,2967703,2970585,2968658,2968071,2966659,2967889,2967221,2969397,2968006,2965377,2968390,2969016,2970141,2971785,2969683,2965289,2969315,2965654,2966589,2968304,2968741,2971391,2969154,2968250,2966975,2967640,2968164,2966030,2967763,2969299,2968069,2971954,2968838,2970450,2970546,2967040,2968503,2968550,2969984,2971078,2969026,2970623,2969801,2967296,2967396,2967498,2967104,2970779,2966490,2966107,2972142,2967725,2967728,2969932,2967074,2973165,2969564,2970864,2969489,2968641,2970432,2967646,2968906,2968634,2968212,2972528,2966311,2969622,2968073,2970109,2969125,2968243,2968161,2968868,2968701,2967635,2968686,2969560,2968194,2970389,2968330,2970137,2969462,2969069,2966681,2965490,2968143,2968894,2966881,2966500,2969191,2968172,2969151,2967090,2967735,2969664,2970606,2971228,2966905,2968980,2967929,2968738,2966371,2968669,2967254,2966689,2968332,2971559,2968649,2966773,2966839,2968992,2970609,2967335,2966796,2968990,2969904,2970846,2971652,2967409,2970916,2968526,2970182,2967138,2968683,2964943,2970245,2969356,2972536,2969843,2969472,2970007,2970881,2972851,2968712,2968785,2969362,2971651,2967946,2969230,2968442,2966682,2968848,2966882,2967722,2967727,2970774,2967937,2968658,2970443,2966731,2968417,2968065,2966303,2971727,2969392,2968068,2968645,2967717,2968796,2970224,2968992,2966774,2966586,2971098,2973829,2969495,2972654,2968471,2970390,2967375,2967828,2968334,2967951,2971607,2968322,2968658,2968261,2968977,2968988,2968785,2969284,2966286,2971762,2972585,2967997,2965714,2967644,2969497,2969273,2969059,2969435,2969836,2968054,2967047,2969148,2970421,2967781,2967070,2969959,2968868,2969716,1.9729687956931718e-05,-0.84246324515586013,-1.3563524129899978,0.62335600918444989,-1.5462440527178007,2.0965632651684807,-0.4921715635371246,-2.3128731557804758,0.36055767214346168,1.4553637492915712,0.23371553765254682,-0.32638647829045231,-1.1782568786480068,-0.2969260911936929,0.21552506476395089,1.8325129699406071,-0.40522103761552986,-0.68510837747833941,-0.38094594987581304,-2.0865149175302791,1.254831403261877,0.7623320485307209,-1.6525217580944591,-0.043792477125004711,1.2902675321476829,2.1828738323461314,-0.56110934063988394,-0.73618902514458995,-1.16738702396799,0.19081716378807712,0.11140277136284206,-1.8179720214555268,0.42480556422518151
780000000,-15628,-35050,29958,41584,790,8492,13454,-19412,-16318,44512,9586,17602,15310,-41054,15324,39314,4092,-16796,1068,-23776,3886,35416,-9188,19388,31706,32602,-23316,-24750,11228,-58766,3930,-14508,-6130,28602,-17324,-24994,1600,370,24690,30170,12192,-26956,-5932,-17394,11382,-12814,-17456,-26234,-11024,41564,-28796,8562,-15248,3049797,3047039,3045339,3047062,3044630,3047604,3047843,3046573,3044678,3046213,3048448,3047500,3045857,3048437,3047207,3047891,3048564,3043959,3048412,3044996,3046010,3047250,3042709,3048019,3045780,3046322,3048209,3047396,3048109,3044083,3047525,3044856,3047402,3048717,3044489,3046024,3045982,3049341,3045280,3045339,3045903,3046159,3048639,3046680,3044317,3047698,3048419,3049145,3044716,3046181,3047905,3046192,3047645,3046785,3046558,3048089,3046785,3046316,3044612,3045936,3045136,3047531,3045977,3043208,3046427,3047316,3048728,3050120,3047785,3043293,3047371,3043682,3044850,3046366,3046990,3049809,3047466,3046774,3045238,3045438,3046754,3044669,3046063,3047520,3047102,3050029,3047127,3048337,3048934,3045272,3046531,3046636,3047937,3049234,3046883,3048678,3048091,3045357,3045666,3045897,3045576,3049555,3045155,3044117,3049855,3046226,3046021,3048200,3045852,3051670,3047626,3048412,3047301,3046503,3048551,3045676,3046786,3046641,3046626,3050112,3043810,3047741,3046113,3047945,3047187,3046244,3046049,3046843,3047039,3045362,3046895,3047354,3046261,3048344,3046451,3048525,3047845,3047195,3044812,3043228,3046245,3047168,3044985,3044490,3047555,3046554,3046911,3045623,3046052,3048069,3049306,3049545,3045117,3047775,3046221,3047251,3044992,3046465,3045142,3044329,3046341,3050131,3046589,3045029,3045234,3047458,3048960,3045337,3045520,3047424,3048492,3048783,3049889,3045469,3048752,3046416,3048732,3045382,3047226,3043080,3048436,3047436,3050964,3047949,3047019,3047911,3048815,3050802,3046415,3046527,3047454,3049684,3045974,3046933,3045877,3044856,3047255,3044747,3046042,3045793,3049259,3046168,3047131,3049042,3045426,3046698,3046219,3044033,3049718,3046949,3046629,3046777,3045842,3047246,3048232,3046831,3045180,3045034,3049341,3052277,3046993,3050383,3046059,3048460,3044816,3045376,3046336,3045938,3049851,3046618,3046969,3046135,3046812,3047180,3047067,3046863,3044362,3049948,3049750,3046107,3042891,3045771,3047918,3047428,3047206,3047289,3047684,3045745,3044852,3047605,3048382,3045484,3045270,3047622,3046843,3047530,2.8296310024930734e-05,-0.84247816084300675,-1.356361341696616,0.62336163943965461,-1.5462411133697473,2.0965624621548153,-0.49217085413917194,-2.3128731174285813,0.36055210647026675,1.455362615262018,0.23372365482910076,-0.32638757615936115,-1.1782405618373528,-0.29692742636541369,0.21552368392971835,1.8325144233908042,-0.40521948586486445,-0.685107622347358,-0.38094384457932395,-2.086521264319301,1.2548284853951024,0.76232134248039229,-1.6525235541792678,-0.043791482588407905,1.2902609349090544,2.1828707715791351,-0.56110733811592628,-0.73618427575112888,-1.1673936922375285,0.19081749338669468,0.11141698840870864,-1.817967434791071,0.42480291667650005
800000000,-19292,-36132,30480,40080,744,5346,11286,-17846,-17158,38370,9994,24526,13232,-41422,19086,33938,12098,-16596,2362,-20526,-1510,34154,-8262,13240,30358,28706,-30806,-23262,12622,-54326,5348,-14898,-6558,30700,-16912,-25382,4562,3582,22934,33176,20096,-27542,-7034,-14990,10836,-19872,-14828,-26608,-10594,40548,-34492,-968,-1188,3128446,3125007,3123356,3125017,3122382,3125964,3125597,3124617,3122396,3124168,3126398,3126110,3124392,3126060,3125356,3126136,3126355,3121712,3126768,3122695,3124118,3125491,3120969,3126203,3124167,3124650,3126426,3124982,3126072,3121877,3125447,3123278,3125026,3126670,3122082,3124414,3124209,3127447,3123438,3123540,3124041,3124242,3127230,3124698,3122858,3126029,3126058,3127187,3123246,3124172,3126226,3124283,3125300,3125659,3124471,3126269,3125094,3124352,3122312,3123923,3123188,3125243,3124196,3121608,3123688,3125197,3126501,3128266,3125713,3120905,3125487,3121645,3122795,3124699,3124835,3127961,3125617,3125164,3123374,3123699,3124616,3122848,3124179,3126003,3125597,3128554,3125546,3126725,3127539,3123483,3124601,3125036,3126268,3126579,3124950,3127292,3126411,3123719,3124014,3123947,3123703,3128033,3123386,3122054,3127412,3124408,3124399,3126646,3123898,3129832,3126008,3126387,3125960,3124352,3126939,3123678,3124059,3124621,3124693,3128353,3121928,3125630,3123809,3125528,3125480,3124435,3124868,3125080,3125007,3123366,3124990,3125197,3124182,3126544,3124855,3126875,3125671,3125295,3123211,3121062,3124425,3125348,3122593,3122589,3125341,3124784,3124888,3124283,3124165,3126437,3127918,3127042,3123251,3125859,3124533,3125758,3123374,3124358,3122984,3122526,3123859,3128097,3124536,3122718,3123285,3125349,3127343,3123533,3123423,3125940,3126921,3127573,3128164,3123608,3126789,3125055,3126884,3123789,3125510,3121157,3126520,3125386,3129259,3126126,3125218,3126265,3126368,3129123,3124370,3124094,3125719,3128340,3124685,3124990,3124225,3123464,3125253,3123368,3124285,3123537,3127330,3124472,3125767,3126999,3123493,3125127,3124358,3121811,3127340,3124406,3124455,3124873,3123766,3125940,3126227,3125119,3123134,3123184,3127305,3130349,3125215,3128912,3123514,3126767,3123264,3123970,3124607,3123875,3128099,3124733,3125234,3124115,3124334,3124920,3125307,3124700,3122420,3127822,3128119,3123894,3121274,3124130,3125893,3125671,3125195,3125386,3125549,3123660,3123476,3125934,3126772,3123681,3123930,3126018,3125080,3125881,2.3689351082932552e-05,-0.84247948463153721,-1.3563606553947558,0.62335967739125164,-1.5462411158219107,2.0965584018355954,-0.49217365388322448,-2.3128711747119013,0.36055099332059493,1.4553548759722212,0.23372415725124052,-0.32637882061237444,-1.1782432185229736,-0.29692791033489802,0.21552849835635893,1.8325075697598814,-0.40520941862767407,-0.68510733104291965,-0.38094217225682658,-2.0865172414561557,1.2548216699493724,0.7623197516927448,-1.6525223647217862,-0.043799218713724053,1.2902592786427878,2.1828658258318501,-0.56111679914817669,-0.73618241091518111,-1.1673918820102005,0.19082312133269388,0.11141877981751674,-1.8179679067474979,0.42480230552861031
820000000,-19704,-32096,32894,35282,3540,6848,9494,-15650,-14014,32054,11192,31720,11692,-40652,11654,31624,4468,-13416,1480,-12640,-4454,33512,-8430,9342,37056,28852,-36598,-21108,16192,-53924,9754,-13716,-13846,30772,-16664,-26348,1252,-872,21544,29372,17834,-27050,-8134,-14432,14624,-19392,-12494,-23702,-15296,39782,-37178,-4282,-216,3206673,3203079,3201564,3203081,3200524,3203989,3203786,3202603,3200836,3202345,3204183,3204532,3202483,3204516,3203270,3203980,3204584,3199962,3204928,3200821,3202130,3203338,3199405,3204583,3202526,3202957,3204959,3202870,3204178,3199844,3203619,3201524,3202881,3204951,3200084,3202720,3201636,3205699,3201553,3201581,3202214,3202337,3205236,3202378,3201012,3204518,3204117,3205519,3201425,3202665,3204602,3202574,3203574,3203583,3202331,3204380,3203627,3202109,3200188,3202044,3201105,3203420,3202341,3200049,3201833,3202964,3204973,3206215,3203654,3199118,3204045,3200060,3200753,3202027,3202941,3206049,3203921,3203156,3201481,3201952,3202733,3201461,3202293,3204253,3203875,3206290,3203491,3204322,3205952,3201428,3202830,3203256,3204293,3204788,3203065,3205227,3204440,3202013,3202434,3202239,3202065,3206250,3201439,3200158,3205542,3202447,3202331,3204678,3201962,3207241,3204116,3204591,3204110,3202480,3204546,3201566,3202128,3202881,3202625,3206790,3199506,3203889,3202307,3203435,3203806,3202795,3203171,3203342,3203079,3201566,3202949,3203308,3202657,3204726,3203213,3204647,3203710,3203404,3201285,3199456,3203000,3203313,3200752,3201163,3203248,3202842,3202407,3202313,3202421,3204276,3206125,3205053,3201564,3204219,3202198,3203841,3201558,3202388,3200906,3200866,3201916,3206237,3202688,3201385,3201144,3203291,3205524,3201852,3201980,3204209,3204929,3205435,3206368,3201568,3204964,3202773,3205028,3202008,3203713,3199023,3204415,3203426,3206872,3204327,3202963,3204003,3204821,3207371,3202290,3202322,3204260,3206464,3202812,3203293,3202410,3201645,3203460,3201623,3202268,3201855,3205337,3202693,3203756,3205129,3201862,3202883,3202465,3199820,3205420,3202612,3202142,3203123,3202314,3204074,3204446,3203415,3201084,3201308,3205011,3207943,3202673,3207404,3201547,3205497,3201665,3202042,3202649,3201884,3205965,3202635,3203306,3202127,3202490,3202818,3204057,3203183,3200430,3205713,3205961,3202453,3199597,3202053,3204054,3203867,3203180,3204359,3203518,3201624,3202144,3204032,3205232,3201707,3202369,3204144,3203342,3203907,2.3212927742281389e-05,-0.84247455948677863,-1.3563576455777306,0.62335369183574496,-1.5462376451021591,2.0965601954067887,-0.4921759263654289,-2.3128684945122098,0.36055486382376339,1.4553470601257801,0.23372554093988365,-0.32636995888686526,-1.1782451481761673,-0.29692695448526263,0.21551932173463909,1.832504709196888,-0.40521885184568046,-0.68510345285264307,-0.38094320609355359,-2.0865075225691445,1.2548180319769138,0.762318949048713,-1.6525225942238102,-0.043804034845269214,1.2902675153973953,2.1828659894218396,-0.56112396579114554,-0.73617977140641899,-1.1673874010176586,0.19082362832057223,0.11142415497933771,-1.8179664183194346,0.424793232190876
840000000,-19754,-35110,32870,26764,16496,10876,7000,-16158,-10656,40194,10650,30166,12348,-45372,10760,28304,12920,-12336,5070,-11168,-3070,28890,-10800,10002,30296,35252,-41254,-22904,20406,-53362,13950,-16584,-19118,34374,-6288,-28800,4762,-940,24320,29480,17104,-22920,-6830,-13306,10624,-17600,-12290,-23830,-20364,40590,-44364,-8204,-2176,3284514,3281203,3279541,3281041,3278824,3281863,3281945,3280738,3278706,3280434,3281866,3282507,3280991,3282423,3281548,3281838,3282384,3278189,3283545,3278709,3279825,3281779,3277668,3282483,3280916,3281328,3283385,3280889,3282642,3278199,3281617,3279457,3280530,3283373,3278509,3281014,3279660,3284187,3279647,3279536,3280185,3280115,3283783,3280683,3279070,3282401,3282017,3283561,3279820,3281037,3282739,3281212,3281622,3281816,3279951,3282859,3281945,3280352,3277939,3280560,3278801,3281319,3280423,3277684,3279547,3281068,3283130,3284312,3282025,3277576,3282434,3278086,3278953,3280055,3281217,3284135,3282345,3280915,3279216,3279637,3280837,3279427,3280698,3282070,3282673,3284663,3281748,3282781,3284418,3279325,3280642,3281497,3282141,3283203,3281223,3283346,3282864,3280094,3280586,3280846,3280386,3284274,3279806,3277875,3283416,3280240,3280704,3283036,3279584,3284778,3282355,3283067,3281894,3281070,3282740,3279703,3280170,3280801,3280967,3285334,3277590,3281961,3280473,3281340,3281852,3281275,3280892,3281461,3281203,3279379,3281146,3281642,3280316,3282510,3281469,3282648,3281867,3281820,3279738,3277644,3281253,3281851,3279293,3279236,3281519,3281334,3280302,3280473,3280475,3282687,3283803,3283095,3279941,3282623,3280053,3281921,3279655,3280300,3278503,3278650,3280085,3284069,3281092,3279506,3279348,3281165,3283613,3279317,3280079,3282653,3283553,3283846,3284673,3279738,3283327,3281008,3283138,3280395,3281921,3276469,3282034,3281924,3284411,3282563,3281019,3282091,3283032,3285741,3280750,3280494,3282704,3284669,3281035,3281720,3279696,3279805,3281662,3279806,3280670,3280443,3283900,3280720,3281945,3282763,3280219,3281059,3280739,3277516,3283317,3281171,3279815,3280860,3280059,3282736,3282664,3281554,3279115,3279065,3283316,3285477,3280969,3285570,3280021,3284027,3279891,3279407,3280882,3280267,3284234,3280434,3281472,3280380,3281072,3280435,3282091,3281182,3278596,3284015,3284184,3280981,3277404,3280079,3281928,3282149,3281337,3282472,3281644,3279831,3279893,3282116,3283336,3280135,3280157,3282196,3281461,3282005,2.3200065920159635e-05,-0.84247820677872209,-1.3563577475457094,0.62334349631237729,-1.5462219519363423,2.0965650837591117,-0.49217889207638532,-2.3128690750407599,0.36055897210428428,1.4553568978148785,0.23372494920493106,-0.32637179147936018,-1.1782443942067651,-0.29693271043187558,0.21551823409197712,1.8325006623133795,-0.40520867443219488,-0.68510216367149879,-0.3809389477123491,-2.0865057898089332,1.2548197118904696,0.76231343262312068,-1.6525254446979998,-0.043803288984852209,1.2902594221108328,2.1828737354748169,-0.56112956306963979,-0.73618192833033524,-1.1673822978095898,0.19082432110873987,0.11142918179014234,-1.8179698694444071,0.42478693396232897
860000000,-17416,-29938,37674,32504,26932,12806,11690,-10526,-2106,39978,15908,28816,21836,-35996,5794,28666,18848,-8156,-174,-10032,-3076,26432,-10042,19398,37320,39702,-37766,-21230,17780,-57904,13678,-19292,-11320,35638,-2752,-25806,10398,3658,31002,24562,22106,-22542,-7180,-14784,13604,-14166,-13318,-20942,-16124,38644,-48326,-4686,-2080,3362628,3359591,3358188,3359244,3357458,3360201,3359997,3358634,3357174,3358686,3360169,3360706,3359155,3360929,3359479,3359907,3360759,3356858,3361553,3356930,3358078,3359964,3355664,3360463,3359171,3359295,3361559,3359037,3360458,3356299,3359691,3357601,3358669,3361714,3356617,3359727,3358364,3362259,3357807,3357535,3358465,3357929,3362186,3357879,3356939,3360286,3360295,3361611,3358466,3358841,3360678,3359392,3359719,3359936,3358064,3361311,3359858,3358336,3356369,3358695,3356878,3359188,3358333,3355938,3358063,3359241,3361506,3362463,3360363,3355630,3360679,3356391,3357132,3358397,3359116,3362158,3360411,3359128,3357468,3357622,3359154,3357741,3358517,3360395,3361060,3363023,3359504,3360273,3362663,3356891,3358610,3359696,3360070,3361182,3359213,3361425,3361060,3358471,3358760,3358588,3358615,3362060,3357877,3355612,3361727,3358042,3358574,3361164,3357744,3362922,3360829,3361177,3359974,3358980,3360885,3357763,3358327,3359141,3358939,3363661,3355214,3360346,3358580,3359253,3360143,3358749,3358996,3360125,3359591,3357841,3359471,3359387,3358402,3360674,3360087,3360752,3360443,3359797,3357873,3355421,3359311,3359667,3357278,3357385,3359624,3359486,3359070,3358412,3358316,3360101,3361561,3361443,3358136,3360775,3358096,3360338,3357736,3358765,3356375,3356670,3358635,3362255,3359376,3357343,3357165,3359015,3361732,3357555,3358430,3360983,3361897,3361898,3362615,3358020,3360957,3359027,3361065,3358507,3359997,3354097,3360050,3359802,3362602,3360695,3359096,3360312,3361099,3363905,3358682,3358645,3360559,3363183,3359369,3359617,3357570,3358375,3359877,3357664,3358299,3358272,3361978,3359085,3359301,3360846,3358500,3359306,3359033,3355423,3361736,3358978,3357663,3358892,3358353,3360772,3361132,3359711,3356909,3357203,3361242,3363601,3359338,3363822,3358114,3362317,3357926,3357474,3358781,3357983,3362448,3358087,3359929,3358844,3358987,3358513,3360551,3359679,3356368,3361921,3362331,3359254,3355426,3357784,3359650,3361010,3359173,3361089,3359350,3357924,3357996,3360314,3361682,3358021,3358167,3360954,3360125,3361185,2.600587976885324e-05,-0.84247213151495182,-1.3563520791146044,0.62335022623078384,-1.5462097080963577,2.0965673590562552,-0.4921733312153575,-2.3128624982970099,0.36056905197949024,1.4553566225101566,0.2337311262127163,-0.32637336390961841,-1.1782332316887112,-0.29692169952417274,0.21551243498286643,1.8325010813015872,-0.40520164371738648,-0.68509719754877352,-0.38094516408179224,-2.0865044363247378,1.2548196603772461,0.76231056910038653,-1.652524559486197,-0.043792251311036819,1.290267621606257,2.1828789439747083,-0.56112543132522485,-0.7361799407238061,-1.1673853686426388,0.19081896638086432,0.11142885193810988,-1.8179730577229314,0.42479608959320964
880000000,-12306,-34538,31862,38214,30400,11990,12058,-7764,-4036,41592,12780,31016,21200,-36298,-1076,32846,19880,-8998,-4998,-4800,-6238,21822,-7258,18500,45542,40272,-32334,-18406,18328,-63274,11654,-20172,-15908,33250,242,-24248,7778,2138,29562,21568,25578,-22468,-8674,-16086,16792,-13106,-14994,-21984,-18586,36606,-55996,966,-5146,3440377,3437502,3436118,3437649,3435508,3438188,3438329,3436640,3435517,3436769,3438567,3438204,3437473,3439385,3437389,3438074,3439078,3434736,3439976,3434861,3436483,3438378,3432935,3438650,3437441,3437601,3439606,3437635,3437939,3434646,3438002,3435654,3436915,3440356,3434660,3438076,3437209,3440457,3436169,3435113,3437190,3436165,3440148,3436284,3434301,3437949,3438572,3439686,3437032,3436789,3438969,3437838,3437779,3438471,3436508,3439424,3437892,3435789,3434695,3437092,3434715,3437402,3436174,3434085,3436396,3437192,3439865,3440718,3438381,3434122,3439600,3434092,3435883,3436960,3437595,3440297,3438867,3437268,3435539,3435484,3437282,3436131,3436947,3438344,3438976,3441009,3437472,3438216,3440468,3434968,3436635,3437189,3438166,3439737,3437367,3439336,3439058,3436933,3436893,3436465,3436953,3440047,3436221,3434194,3439870,3436212,3436870,3439784,3435941,3441188,3438761,3438811,3438135,3436952,3438643,3435292,3436800,3437167,3437741,3442036,3432988,3438393,3436698,3437260,3438248,3436738,3436981,3437858,3437502,3436265,3437578,3437320,3436778,3438583,3438529,3438823,3438297,3438068,3436294,3433381,3437569,3437856,3435196,3435581,3438193,3438000,3437690,3436421,3436872,3438054,3439315,3439608,3436380,3439206,3436644,3438297,3435742,3437141,3434115,3434605,3436673,3440227,3437843,3435616,3435634,3437435,3439966,3435910,3436223,3439126,3439837,3439404,3441135,3435875,3439331,3437017,3438959,3436569,3438031,3432577,3438303,3438183,3440621,3438148,3437195,3438146,3439272,3442685,3436666,3436556,3438812,3440754,3437371,3437706,3435496,3436634,3437984,3435553,3435825,3436685,3440310,3437151,3437331,3438626,3436719,3437673,3437344,3433236,3439618,3437328,3436122,3437532,3436373,3438232,3439539,3438132,3435060,3435640,3439851,3441580,3437175,3442220,3435855,3440230,3436019,3435197,3436644,3436045,3440508,3435910,3438171,3436386,3437076,3437442,3437735,3437887,3434759,3440243,3440634,3437274,3433081,3435737,3437775,3439265,3437718,3438455,3437261,3435872,3435830,3438647,3439475,3435873,3436229,3438610,3437858,3439774,3.1897010539868921e-05,-0.84247748552732271,-1.3563587896944254,0.62335680166415586,-1.5462056656208372,2.0965663808187989,-0.49217298761074985,-2.3128593195504306,0.36056684643848336,1.4553584937766697,0.23372753372621224,-0.32637081291678532,-1.1782339469083352,-0.29692207699194634,0.21550454068578109,1.832505822672456,-0.4052004409127633,-0.68509816298728521,-0.38095072130565499,-2.0864984158435682,1.2548160304065068,0.7623052567051688,-1.6525214097880518,-0.043793268576252341,1.2902770846721825,2.1828795376761305,-0.56111917715291693,-0.73617668214541165,-1.167384796814424,0.19081274251283975,0.11142654024369675,-1.8179740407255407,0.42479077391341696
900000000,-4630,-38296,35402,41276,29768,9678,13732,-2694,-11246,42870,5024,35524,21496,-41420,-2144,34588,23296,-10894,-3194,-4610,-4824,20448,-558,18216,47190,35784,-30470,-23260,18584,-65276,9278,-15848,-21178,38208,-830,-24468,4334,78,28374,21054,29902,-24876,-8408,-12776,18054,-12024,-12182,-23538,-19320,39644,-57148,-850,-1246,3519024,3516000,3514565,3515689,3514141,3516439,3516313,3515085,3513779,3515211,3516685,3516192,3516125,3517213,3515811,3515610,3517349,3512843,3518356,3513009,3514762,3516265,3511459,3516506,3515717,3516115,3517297,3516012,3515889,3513102,3515716,3513795,3515371,3518288,3512914,3516061,3515118,3518860,3514427,3513081,3515419,3514324,3518002,3514483,3512864,3516298,3516644,3517804,3514915,3515070,3517497,3515424,3515765,3516641,3514934,3517652,3515869,3513721,3512972,3515380,3512453,3515304,3514420,3512066,3514753,3515575,3517945,3518859,3516444,3512734,3517506,3511945,3514002,3515010,3515851,3518771,3516682,3515746,3513707,3513547,3515466,3514475,3515357,3516611,3517262,3519046,3515760,3516152,3519016,3512807,3515205,3515302,3516334,3517978,3515126,3517491,3517224,3514723,3515012,3515401,3515370,3518266,3514313,3511947,3517971,3514439,3515690,3517769,3514259,3519256,3516803,3516647,3516477,3514601,3516494,3513092,3515266,3515130,3516173,3519928,3510768,3516260,3514703,3514924,3516761,3514765,3514741,3515935,3516000,3514254,3516015,3515709,3514849,3516438,3517025,3516336,3516413,3516154,3514342,3511773,3515707,3516096,3513180,3513901,3516310,3516132,3515622,3514499,3514981,3516220,3517703,3517942,3514268,3516806,3515109,3516574,3513701,3515250,3512041,3512691,3514956,3518516,3516264,3513390,3513894,3515762,3518001,3514173,3514522,3517644,3518306,3517429,3518959,3514209,3517668,3514813,3517032,3515343,3516139,3510836,3516645,3516818,3518581,3515798,3515209,3515865,3517424,3520721,3514575,3514323,3517106,3518610,3515501,3516149,3513342,3514502,3516123,3513381,3514297,3515136,3518440,3515111,3515350,3516874,3514392,3515937,3515244,3511185,3518006,3515179,3514299,3515563,3514904,3516689,3517409,3516329,3513359,3514168,3518258,3519077,3514740,3520167,3513772,3518225,3514426,3513121,3514492,3514032,3518181,3513958,3516016,3514482,3515214,3515423,3515903,3515969,3513268,3518079,3518104,3515350,3511070,3513923,3515645,3517406,3515371,3516742,3515174,3513526,3514225,3516791,3517410,3513776,3514255,3516421,3515935,3517944,4.0525453839380623e-05,-0.84248167957817355,-1.3563548164446995,0.62336027373777148,-1.5462063560969463,2.0965637680146725,-0.4921711303714178,-2.3128535986535863,0.36055871176591869,1.4553599196387077,0.23371881986090018,-0.32636574876558072,-1.1782335994894311,-0.29692781425627424,0.21550334103999497,1.8325078375317858,-0.40519657830049588,-0.68510029989911236,-0.38094867292199286,-2.0864982378763761,1.2548176187717819,0.76230372395895507,-1.6525139054677338,-0.043793646364598052,1.2902789174973364,2.1828745153695168,-0.56111707198295147,-0.73618207871323271,-1.1673845009059192,0.19081048955867214,0.11142387149587428,-1.8179691788467043,0.42478489380010598
920000000,-8614,-38368,40216,39982,28784,10330,15578,-6246,-7042,41280,92,34852,19636,-44116,-7420,37590,26680,-12412,-7104,-1850,-4468,22566,-3706,10302,45368,37454,-27508,-23254,19810,-69156,18410,-19762,-22206,39200,-3814,-20632,9492,-4874,24158,20790,29420,-32588,-11250,-10136,18112,-10046,-12928,-19166,-19570,49706,-59930,-1328,-2430,3597057,3594216,3592633,3594097,3592134,3595077,3594391,3593245,3591864,3592988,3595276,3594683,3594301,3595598,3593790,3593300,3595575,3590695,3595922,3590678,3593198,3594927,3589551,3594970,3593906,3594206,3595643,3594008,3594002,3591600,3593789,3591098,3593386,3596064,3590926,3593675,3592986,3596738,3592391,3591304,3593456,3592457,3595865,3592962,3590888,3594522,3594836,3595880,3593127,3593052,3595302,3593515,3594056,3594670,3592945,3595579,3594065,3592067,3591328,3593610,3590408,3593743,3591980,3589901,3592677,3593511,3596012,3596873,3594265,3590903,3595655,3589981,3591367,3593354,3593859,3596791,3594798,3593548,3591831,3591758,3593356,3592541,3593396,3594584,3595208,3596709,3594462,3594433,3597346,3590994,3593524,3593810,3594053,3596820,3592897,3596014,3595721,3592823,3592793,3593622,3593456,3596088,3591991,3590542,3596361,3592351,3593930,3596085,3592157,3597461,3595004,3595135,3595033,3592220,3594677,3591263,3593375,3593958,3594538,3598142,3589122,3593839,3592646,3593491,3594664,3592480,3592981,3594313,3594216,3592514,3594578,3593539,3592718,3594882,3595508,3593845,3594406,3593612,3592849,3589838,3593811,3594053,3591812,3591587,3593875,3593906,3593802,3593017,3592715,3593900,3595859,3595746,3592273,3594611,3593083,3594516,3592130,3593338,3590362,3590783,3592802,3596821,3594242,3591961,3591735,3593912,3595955,3592285,3592441,3595523,3596052,3595933,3597452,3592812,3596037,3593031,3595417,3593363,3594242,3589018,3594656,3595345,3596673,3594560,3593188,3593873,3596005,3599070,3592553,3592394,3595164,3597393,3594053,3594606,3591588,3592480,3593753,3591784,3592209,3593418,3596414,3593465,3592755,3594814,3592086,3594051,3593637,3589387,3596267,3593662,3592251,3593656,3592756,3595276,3595803,3594635,3591434,3592266,3596477,3597423,3593008,3598255,3592050,3596543,3592938,3591245,3592744,3592005,3596423,3591481,3594146,3592482,3593568,3593556,3594102,3594353,3591543,3596439,3596259,3593458,3589150,3592529,3593227,3595365,3593749,3594497,3593444,3591575,3592557,3594753,3595600,3591528,3592646,3594648,3594313,3596129,3.6205487426020244e-05,-0.84248166857978357,-1.3563495141349495,0.62335879905758107,-1.5462074189133117,2.0965644913665717,-0.49216908043021496,-2.3128574719496369,0.36056334420858493,1.4553581590715425,0.23371339604451147,-0.32636644623560856,-1.1782356367270135,-0.29693078564625103,0.2154975777207935,1.8325111394870361,-0.40519285992154203,-0.68510195229713666,-0.38095294747994007,-2.0864951697063017,1.2548180356850314,0.76230602319990948,-1.6525173800821447,-0.043802309337516519,1.2902769194150299,2.1828764009755517,-0.56111378980040505,-0.73618209558653569,-1.1673831549618063,0.1908062382401283,0.1114339306102787,-1.8179735275396287,0.42478380371865104
940000000,-7988,-38648,40704,37724,28538,20752,17174,890,-7206,53074,1210,41884,17976,-41552,-8648,33468,26924,-12366,-16004,-3686,5556,26304,-5898,12148,38674,36660,-29960,-18094,18972,-57622,22010,-21188,-33252,39436,-1764,-18890,10782,-5662,19808,22296,32608,-34410,-5412,-12480,15350,-7664,-14946,-18408,-26286,53004,-53294,-10112,-7244,3675656,3672494,3671237,3671919,3670375,3673182,3672457,3670529,3670038,3671054,3673370,3672958,3672259,3674006,3671152,3671170,3673440,3669636,3674146,3668545,3671648,3672540,3667979,3673182,3672129,3672695,3674157,3672493,3671977,3669275,3672290,3669068,3671374,3673749,3669465,3672239,3670923,3675175,3670135,3669489,3671753,3670683,3674057,3670511,3669377,3672851,3673035,3673531,3671049,3671039,3673162,3671852,3672159,3672772,3671577,3673530,3672286,3669926,3669328,3671552,3668676,3671713,3670001,3668319,3670755,3671180,3674161,3674645,3672741,3668970,3674181,3668416,3669664,3671338,3672186,3675016,3672261,3671696,3670009,3669638,3671533,3671003,3671840,3672594,3673401,3675049,3672521,3672131,3676023,3668758,3671805,3671990,3672078,3675002,3670658,3673882,3673791,3671063,3671082,3672246,3671427,3673938,3669603,3668686,3674600,3670206,3672428,3673987,3670310,3676315,3673081,3673613,3672994,3670530,3672685,3669451,3671070,3671873,3672707,3676220,3667388,3671989,3670703,3671567,3672831,3670613,3671044,3672495,3672494,3670662,3672320,3671067,3670717,3673146,3673808,3671793,3673038,3671637,3670818,3668203,3672565,3672644,3670100,3670188,3671683,3672068,3671952,3671079,3670788,3672028,3674249,3673384,3669959,3672319,3670774,3672614,3670235,3671605,3668099,3669252,3670561,3675057,3672246,3670358,3670079,3672027,3673822,3670158,3670783,3673751,3674393,3674141,3675404,3670944,3674045,3671009,3673805,3672289,3672203,3666437,3672647,3673643,3675048,3673164,3671238,3672210,3673615,3677375,3670701,3670557,3673443,3675220,3672401,3672207,3669702,3670956,3671934,3670051,3671028,3671872,3674087,3671693,3670630,3672617,3670017,3671692,3671831,3667713,3674085,3671601,3670266,3671386,3671133,3673485,3673828,3672923,3670071,3669882,3674485,3676222,3671370,3675988,3670600,3674781,3670817,3669595,3670903,3670654,3674353,3669309,3672106,3670858,3671086,3671446,3672190,3672764,3669643,3674392,3674276,3671768,3667418,3671027,3670977,3673513,3671462,3673081,3671328,3669824,3671057,3672501,3673840,3669585,3670727,3672812,3672495,3673990,3.6867689609222595e-05,-0.84248195071123466,-1.356349017035444,0.62335642065035968,-1.5462076759843197,2.0965757156972473,-0.49216738460301174,-2.312849783251083,0.36056323703193233,1.4553708859899561,0.23371458177941073,-0.32635887138743602,-1.1782374020674791,-0.29692805968089181,0.21549632562422066,1.832506761817436,-0.4051925883674013,-0.6851018688296675,-0.3809625022399154,-2.0864971952052254,1.2548287737102606,0.76231005380277839,-1.6525197494289428,-0.043800331351610829,1.2902697508497916,2.1828755821545989,-0.56111639124100665,-0.73617652794352373,-1.1673840379902889,0.19081869731081805,0.1114378306172446,-1.8179750813392255,0.42477192567848099
960000000,-16650,-38928,46224,34922,31332,19762,12412,-5882,-1356,56854,2330,35974,15242,-35488,-10758,35240,26144,-6514,-16754,-10276,1412,31670,-3328,13854,35710,34420,-26398,-28674,17900,-59684,18532,-31566,-33392,41580,-3234,-20848,12606,-2784,16376,18414,30408,-34014,-6776,-14878,14072,-10842,-16790,-20362,-29248,55878,-58802,-10056,-1146,3754114,3751026,3749428,3749982,3748579,3751291,3750544,3748539,3747539,3749403,3751093,3750925,3750350,3752039,3749467,3749133,3751123,3747410,3752324,3746510,3749020,3751005,3745971,3751522,3750285,3750832,3752374,3750216,3750018,3747514,3750124,3747087,3748681,3751392,3747605,3750194,3749079,3753526,3747870,3747549,3749374,3748385,3752378,3749053,3747524,3750867,3751068,3752373,3748990,3749058,3751381,3749897,3750256,3750896,3749062,3751633,3750554,3748141,3747491,3750114,3746350,3749839,3747852,3746724,3748358,3749205,3751735,3752634,3750630,3747312,3752029,3746305,3747607,3749365,3750434,3753289,3750160,3749537,3748103,3747622,3749519,3748928,3749378,3750760,3751321,3753470,3751123,3750786,3754346,3747119,3750193,3749941,3750092,3753288,3749279,3752578,3751891,3748963,3749143,3750537,3749735,3752249,3747281,3747260,3752803,3748294,3750485,3752200,3748016,3753926,3751255,3751672,3751306,3748334,3750717,3747774,3749157,3750170,3751407,3754636,3745336,3749952,3749149,3749648,3751169,3748761,3749180,3750881,3751026,3748384,3750442,3749101,3748363,3750727,3751845,3750061,3750994,3749431,3748932,3746568,3750767,3750551,3748065,3748078,3748950,3750389,3750281,3748909,3748739,3750426,3752420,3751919,3747763,3750446,3748778,3750479,3748677,3750091,3746065,3747489,3748882,3752977,3750337,3748140,3747893,3750197,3751827,3748176,3749073,3751753,3752412,3752856,3753941,3749267,3752312,3749484,3751864,3750622,3750603,3744644,3750841,3751789,3752880,3751294,3749086,3750350,3751836,3755929,3748938,3748958,3752078,3753337,3751052,3750338,3747355,3749272,3749795,3748188,3749289,3749838,3751732,3749825,3748731,3751050,3748049,3749720,3750665,3745932,3752340,3749549,3748712,3749243,3749505,3751798,3752086,3751010,3748140,3748128,3752437,3754233,3749344,3754477,3748617,3752837,3749499,3747664,3748840,3748590,3751822,3747532,3750488,3749337,3749086,3749661,3750818,3750896,3748252,3752744,3752566,3749782,3745857,3749096,3748637,3752051,3749590,3751544,3749589,3747712,3749617,3750736,3751985,3747653,3749184,3750877,3750881,3752719,2.7722744935393102e-05,-0.84248226095140166,-1.3563431920543514,0.62335348753937925,-1.5462047724517953,2.0965747076308801,-0.49217235553721073,-2.3128569247747444,0.36056937584660037,1.4553748923959582,0.23371581985459441,-0.32636506364923212,-1.1782402890389994,-0.29692167652063728,0.21549406789957384,1.832508626328162,-0.4051934080422645,-0.68509571500380129,-0.38096329443958393,-2.0865041350896285,1.2548244071061718,0.76231568391624516,-1.6525170847623667,-0.043798572542821816,1.2902666042385031,2.1828731608677918,-0.56111264843039954,-0.73618769290661368,-1.1673851645248123,0.1908165417976449,0.11143418612729318,-1.8179860010099476,0.42477175649906435
980000000,-18426,-45096,45782,35344,32800,21474,14902,-2618,628,51272,-4594,33774,9878,-39188,-1882,38616,31762,-9184,-9424,-11798,2180,32782,4536,17488,34432,31058,-24570,-23300,11710,-54106,17578,-29656,-40984,42408,-746,-20464,11564,-5532,15360,20250,31836,-30030,-5244,-11258,11206,-9312,-19714,-21002,-32000,57956,-52160,-7654,1390,3832218,3828869,3827184,3828284,3826289,3829371,3828954,3826516,3825426,3827265,3829295,3828871,3828633,3830153,3827762,3826883,3828999,3825495,3829814,3824486,3827755,3828951,3824082,3829811,3828381,3829518,3830523,3828059,3828114,3826048,3827965,3824814,3826498,3829157,3825773,3828541,3826666,3831384,3825832,3825572,3828146,3826911,3830360,3826949,3825352,3829359,3829297,3830321,3827127,3827003,3829799,3828631,3828307,3829031,3827247,3829620,3828405,3826007,3826323,3828298,3824345,3827860,3825741,3824868,3826722,3827065,3830031,3830621,3828682,3826132,3830274,3824596,3825643,3827293,3828583,3830948,3828441,3827715,3826240,3825682,3828141,3827401,3827709,3829191,3829371,3831306,3829005,3828794,3832277,3825040,3828766,3828214,3828140,3831646,3827498,3830281,3830005,3826865,3827028,3828538,3827972,3830512,3825804,3825449,3831158,3826568,3828892,3830387,3825926,3832826,3829122,3829815,3829246,3826269,3828749,3825885,3827398,3828737,3829515,3832711,3823423,3827850,3827287,3827747,3829167,3826534,3827307,3829132,3828869,3826599,3828476,3827186,3826402,3828795,3829832,3828129,3829068,3827035,3827411,3825022,3829266,3828429,3826400,3825896,3826656,3828819,3828236,3826918,3827302,3828358,3830629,3829807,3825749,3828912,3826815,3828808,3826298,3828573,3824240,3825795,3827289,3831495,3829041,3826329,3826270,3828147,3830324,3826350,3827396,3829989,3830317,3830850,3831965,3827621,3830489,3827458,3829743,3828563,3828685,3822622,3829419,3830248,3831505,3829317,3827110,3828627,3829812,3833928,3826928,3827174,3829960,3831571,3828745,3828597,3825166,3827340,3827421,3826301,3827421,3827700,3829832,3827861,3827077,3829488,3826220,3827908,3828631,3824353,3830643,3827969,3826708,3827483,3828014,3829861,3830582,3829153,3826029,3826267,3830901,3832608,3827597,3832094,3826604,3831250,3827337,3825641,3826694,3826583,3829721,3826053,3828324,3827535,3827454,3827623,3828983,3829348,3826370,3830683,3830569,3828039,3823732,3827008,3827025,3829974,3827679,3829594,3827538,3825897,3827317,3829149,3829986,3825688,3827299,3829140,3829132,3830999,2.5864439069431246e-05,-0.84248859437296997,-1.3563436568654148,0.6233539512197076,-1.5462032594177191,2.0965765172331334,-0.49216976227282905,-2.3128535595481887,0.36057144832616966,1.4553691099853256,0.23370867811812152,-0.32636733724998451,-1.178245858361707,-0.2969255002087246,0.21550319226432568,1.8325121314597701,-0.40518763349687908,-0.68509846016384146,-0.38095569663216161,-2.0865057450608679,1.2548252055572473,0.76231679581127887,-1.6525090345124318,-0.043794856136051552,1.2902653061169551,2.1828696980372011,-0.56111083404380102,-0.73618213844272795,-1.1673915629941412,0.19082229642316395,0.11143322669929467,-1.8179840008681691,0.42476399255494296
1000000000,-25216,-46682,43790,38866,34016,16032,24660,4132,-8508,57794,-2658,34146,5488,-36690,-8404,40366,32828,-5884,-19262,-9360,1940,26778,5750,13918,35058,29290,-27474,-16970,5786,-56354,17220,-31014,-40296,40270,-3066,-14246,8694,-1796,11884,14950,35700,-35984,-2630,-9788,14904,-9788,-26172,-21412,-30842,58552,-51282,1140,1410,3910160,3906658,3905222,3906345,3904096,3907351,3907368,3904559,3902961,3905292,3907167,3906960,3907096,3908278,3906225,3904426,3906777,3903300,3908001,3902584,3905454,3906700,3902207,3907781,3906495,3907474,3908808,3906477,3906463,3904426,3905941,3902614,3904390,3907261,3903850,3906527,3905126,3909162,3904065,3903777,3905929,3904880,3908384,3904754,3903685,3907379,3907233,3908154,3905223,3904831,3907814,3906561,3906708,3907816,3905597,3907970,3906567,3903994,3904847,3906371,3902364,3906245,3903941,3902650,3905025,3905208,3908030,3908593,3907011,3903950,3908578,3902845,3904122,3905489,3906437,3908845,3906246,3906594,3904163,3903883,3906254,3905628,3905624,3907244,3907793,3909340,3906518,3907129,3909687,3903390,3906741,3906185,3906353,3909702,3905490,3908575,3907974,3905073,3904551,3906359,3905805,3908527,3903976,3903611,3909660,3904711,3907643,3908522,3904304,3911207,3907437,3908008,3907052,3904840,3906945,3904021,3905796,3906551,3907775,3911028,3901211,3906368,3905348,3905754,3907148,3904996,3905563,3907233,3906658,3904909,3906225,3905582,3904157,3906776,3908006,3906092,3907116,3905293,3904987,3903028,3906873,3907007,3904664,3904129,3904874,3907077,3906287,3905258,3905355,3906438,3908857,3907606,3903559,3906901,3905716,3907090,3904098,3906792,3902668,3903977,3905843,3909362,3907111,3904896,3904485,3906120,3908775,3904269,3905953,3907988,3908749,3908893,3909392,3905547,3908822,3905911,3907824,3906079,3906518,3901026,3907663,3908349,3909914,3907475,3905325,3906972,3907500,3912432,3905215,3904857,3908203,3910146,3906542,3906599,3902903,3905505,3905398,3904065,3905302,3905948,3907829,3906056,3905356,3907618,3904214,3906212,3906727,3902762,3908951,3906379,3904981,3905800,3906148,3908302,3908422,3907604,3904216,3904154,3909271,3911204,3905944,3910230,3904582,3909773,3905167,3903335,3904912,3904891,3908080,3904447,3906450,3905878,3905670,3906070,3906807,3907504,3904066,3909268,3908737,3906347,3901450,3904963,3905582,3908307,3905944,3907760,3905559,3904056,3905202,3907521,3908356,3903861,3905575,3907221,3907233,3909725,1.8987085061550143e-05,-0.84249018928093022,-1.3563456740875859,0.62335751100849268,-1.5462020735032942,2.0965710115150507,-0.4921599255239853,-2.312846770353437,0.36056224785216856,1.4553757346489937,0.23371060600403451,-0.32636695527477383,-1.1782502666649375,-0.29692298031465841,0.21549662189673352,1.8325138034513426,-0.40518652188778437,-0.68509520903688292,-0.38096563833190694,-2.086503262074189,1.25482492397225,0.76231070314254223,-1.6525077970677853,-0.043798455322225191,1.2902659605272062,2.1828679236372062,-0.56111374633064492,-0.73617571364563672,-1.1673975884368653,0.19082004910085124,0.11143289265466129,-1.8179853341651715,0.42476467827991393
