a,b,c,L,exact,degenerate,nodes,secs,word
1,2,3,50,1,1,751156,0.009,"1,0,2,0,3,2,0,1,3,2,3,0,2,0,1,0,2,0,3,2,0,1,3,2,0,3,2,3,1,3,2,3,0,2,0,1,0,2,0,3,2,0,1,3,2,3,0,2,0,1"
1,2,4,62,1,0,76391112,1.057,"0,2,0,1,2,4,0,4,1,4,2,0,1,2,4,2,1,0,1,4,1,0,2,0,1,0,2,4,2,1,0,2,4,1,4,2,4,0,4,2,4,1,2,0,2,4,1,2,1,0,2,1,2,4,0,2,4,1,4,2,0,4"
1,3,4,55,1,1,2638908,0.033,"1,0,1,4,0,3,0,1,4,1,0,1,4,3,4,1,4,0,1,0,3,0,1,0,4,1,0,3,4,1,0,4,1,4,3,4,1,4,0,1,0,3,0,1,4,1,0,1,4,3,4,0,1,4,1"
1,2,5,86,0,0,400000056,6.094,"0,2,0,5,0,1,2,5,0,5,1,0,1,2,1,0,1,5,0,1,0,2,5,1,5,2,5,0,5,2,5,1,2,0,2,5,1,5,0,1,5,2,0,1,2,1,5,1,2,0,1,0,5,0,1,0,2,0,1,5,2,1,2,0,1,5,2,5,1,5,0,2,0,1,0,2,5,2,0,2,5,1,5,2,0,2"
1,3,5,88,0,0,400000048,6.023,"1,0,5,0,3,0,5,0,1,0,3,1,0,1,5,0,3,5,1,5,0,3,0,1,0,5,1,5,3,5,0,5,3,5,1,3,5,3,0,1,5,1,3,5,1,0,5,0,3,0,5,1,0,1,3,0,1,0,5,0,3,0,5,0,1,5,1,3,1,5,0,5,3,5,1,3,1,0,1,3,5,1,5,0,5,3,1,5"
2,3,5,55,1,1,3402940,0.044,"2,0,2,5,0,3,0,2,5,2,0,2,5,3,5,2,5,0,2,0,3,0,2,0,5,2,0,3,5,2,0,5,2,5,3,5,2,5,0,2,0,3,0,2,5,2,0,2,5,3,5,0,2,5,2"
1,4,5,55,1,1,4548020,0.057,"1,0,1,5,0,4,0,1,5,1,0,1,5,4,5,1,5,0,1,0,4,0,1,0,5,1,0,4,5,1,0,5,1,5,4,5,1,5,0,1,0,4,0,1,5,1,0,1,5,4,5,0,1,5,1"
1,2,6,110,0,0,400000044,6.599,"0,1,0,6,1,6,2,0,6,0,1,0,2,0,6,2,6,1,2,6,0,2,0,1,0,6,0,1,0,2,1,0,1,6,2,0,2,1,2,6,0,6,1,6,2,1,0,2,0,6,0,1,6,0,6,2,6,1,6,2,6,0,2,1,6,0,2,6,0,6,1,2,1,0,2,1,2,6,2,0,6,2,6,1,2,0,1,6,0,1,0,2,0,1,0,6,0,2,6,2,1,0,6,0,1,0,6,2,1,0"
1,3,6,110,0,0,400000092,6.559,"0,1,0,6,0,1,0,3,6,0,6,1,0,1,3,1,6,0,1,6,3,6,0,1,0,3,6,3,1,0,1,6,0,1,0,3,0,1,0,6,0,3,6,0,6,1,0,3,0,1,0,6,1,6,3,6,1,0,6,0,3,6,0,6,1,6,3,6,1,6,0,1,3,1,6,0,6,3,0,6,0,1,3,1,6,0,1,0,3,0,1,0,6,0,3,6,3,1,6,0,6,3,1,6,1,0,6,1,6,3"
2,3,6,112,0,0,400000056,6.495,"0,2,6,2,3,6,2,6,0,2,3,0,6,0,3,2,3,6,0,3,2,6,2,0,6,2,6,3,6,2,6,0,6,3,0,3,2,6,0,6,3,6,2,0,2,6,2,0,3,0,6,0,2,3,6,3,0,6,0,2,0,3,0,2,0,6,2,0,2,3,2,6,3,0,6,3,2,6,0,2,0,3,0,6,0,2,6,0,6,3,6,2,6,3,6,0,3,2,6,2,0,6,2,6,3,0,2,3,6,2,3,0"
1,4,6,114,0,0,400000060,6.765,"0,1,0,4,0,1,0,6,0,1,0,4,1,0,1,6,4,6,0,4,6,4,1,6,0,6,4,1,6,1,0,1,4,1,0,1,6,0,1,0,4,0,1,0,6,0,4,6,1,6,0,1,0,4,1,4,6,4,0,6,4,6,1,6,4,6,0,4,0,1,6,4,6,0,6,1,6,0,6,4,0,1,0,6,1,0,1,4,0,4,6,0,6,1,0,1,4,6,1,6,0,6,1,6,4,6,0,4,6,4,1,4,6,4"
1,5,6,60,1,1,6595124,0.084,"0,6,5,0,1,6,1,5,6,5,0,5,6,1,6,5,6,1,0,1,5,0,5,6,5,0,1,0,5,0,1,6,1,0,1,6,5,6,1,6,0,1,0,5,6,5,0,5,6,1,6,5,6,0,5,0,1,6,5,1"
1,2,7,144,0,0,400000108,7.039,"0,1,0,2,0,1,0,7,0,2,1,2,0,2,7,0,7,1,7,0,7,2,7,1,2,7,2,0,2,1,0,7,1,2,0,1,0,7,0,1,0,2,0,7,2,1,2,7,2,0,7,0,1,7,0,7,2,7,1,7,2,7,0,2,7,2,1,2,0,1,2,1,7,0,7,2,7,1,7,2,7,0,2,0,1,0,7,0,2,0,1,2,1,7,2,0,2,1,0,2,0,7,0,1,0,7,0,2,7,1,7,0,2,0,1,2,0,2,7,2,1,7,0,7,1,7,2,7,1,0,7,0,2,0,7,0,1,0,7,2,7,1,0,1"
1,3,7,133,0,0,400000128,6.974,"0,1,0,3,0,1,0,7,3,0,3,1,3,7,1,0,7,0,3,0,1,0,7,1,0,1,3,1,7,3,7,0,7,3,1,3,7,3,0,1,0,3,0,7,3,1,7,3,7,0,7,3,7,1,7,0,1,7,1,3,7,3,0,1,0,7,3,0,3,1,3,7,1,7,0,1,3,0,1,0,7,0,1,0,3,0,7,3,1,7,0,3,0,1,0,3,7,3,1,7,3,7,0,7,1,7,3,1,0,3,1,3,7,3,1,3,0,1,0,7,0,3,0,1,0,7,1,7,3,7,1,0,7"
2,3,7,130,0,0,400000072,7.228,"0,2,0,3,0,2,0,7,0,3,7,2,7,0,3,0,2,3,0,7,3,2,7,3,7,0,7,3,7,2,7,0,2,7,2,3,0,3,2,3,0,7,0,2,0,3,0,2,0,7,2,7,3,0,2,0,7,0,3,0,7,0,2,7,3,7,0,3,7,3,2,7,2,0,7,2,7,3,7,0,7,3,7,2,3,7,3,0,2,7,0,2,0,3,7,3,0,2,3,2,7,2,3,0,2,0,7,2,7,3,7,0,7,3,7,2,3,7,3,0,2,0,7,2,0,3,2,0,7,0"
1,4,7,150,0,0,400000172,7.227,"0,1,0,4,0,1,0,7,1,0,1,4,7,4,1,4,7,0,7,1,7,0,4,1,0,4,0,7,0,4,0,1,0,7,1,0,1,4,1,7,1,0,7,0,4,0,7,1,7,4,7,1,0,1,4,1,7,4,0,7,4,7,1,7,4,7,0,7,1,0,7,0,4,0,1,0,7,1,7,4,0,7,1,0,1,4,1,7,0,1,7,4,7,1,0,7,0,4,0,7,0,1,0,4,7,1,7,0,1,0,4,0,1,0,7,1,0,1,4,1,7,4,7,0,4,1,0,1,7,0,1,0,4,0,7,0,4,0,1,4,7,1,7,0,7,4,1,7,4,7"
2,4,7,136,0,0,400000088,6.956,"0,2,0,4,0,2,0,7,0,2,0,4,2,7,4,0,7,0,2,7,0,7,4,7,2,4,7,4,0,2,0,4,0,7,2,7,4,0,7,0,2,0,4,0,2,0,7,2,4,0,4,2,4,7,2,4,0,7,2,0,2,4,0,7,2,4,7,4,0,7,0,2,7,0,7,4,7,2,7,4,7,0,4,7,4,2,0,4,2,7,2,0,7,0,4,2,0,7,4,7,2,4,7,4,0,4,2,4,0,4,7,0,4,0,2,0,7,0,2,0,4,2,7,0,7,4,7,2,4,0,2,0,7,2,0,2"
3,4,7,58,1,1,7012884,0.093,"0,3,0,4,0,7,4,0,3,7,4,0,7,4,7,3,7,4,7,0,4,0,3,0,4,0,7,4,0,3,7,4,3,7,3,0,3,7,3,4,7,4,0,4,7,4,3,7,4,0,3,7,4,3,7,3,0,3"
1,5,7,155,0,0,400000088,7.555,"0,1,0,5,0,1,0,7,0,1,5,7,5,0,5,1,0,1,7,0,5,1,7,5,7,0,7,5,7,1,7,0,1,7,1,5,0,7,5,7,1,5,1,0,1,7,1,0,1,5,0,1,0,7,0,1,0,5,0,7,5,0,5,1,0,1,7,0,1,0,5,7,0,7,1,7,0,7,5,7,1,0,1,5,0,5,7,0,7,1,7,0,5,7,5,1,7,5,7,0,7,1,7,0,7,5,0,7,1,0,1,5,1,7,1,0,1,5,0,7,0,5,0,1,0,5,7,0,7,1,7,0,7,5,7,0,1,0,5,1,5,7,1,0,5,7,0,5,0,1,0,5,7,1,5"
2,5,7,60,1,1,7385084,0.097,"0,7,5,0,2,7,2,5,7,5,0,5,7,2,7,5,7,2,0,2,5,0,5,7,5,0,2,0,5,0,2,7,2,0,2,7,5,7,2,7,0,2,0,5,7,5,0,5,7,2,7,5,7,0,5,0,2,7,5,2"
1,6,7,60,1,1,7653372,0.104,"0,7,1,0,6,7,6,1,7,1,0,1,7,6,7,1,7,6,0,6,1,0,1,7,1,0,6,0,1,0,6,7,6,0,6,7,1,7,6,7,0,6,0,1,7,1,0,1,7,6,7,1,7,0,1,0,6,7,1,6"
1,2,8,177,0,0,400000136,7.698,"0,1,0,2,0,1,0,8,0,1,0,2,1,8,2,1,2,0,1,0,8,0,1,2,0,1,0,8,1,8,2,8,1,8,0,8,1,2,0,2,1,2,8,2,1,0,8,1,8,2,8,1,8,0,8,2,0,8,0,1,8,2,8,1,8,0,1,0,2,0,1,8,1,0,1,8,2,8,1,8,2,0,2,1,0,2,0,8,2,1,2,0,1,0,8,0,1,0,2,1,0,1,8,2,0,2,1,2,8,2,1,2,0,1,8,1,0,1,2,0,1,8,2,0,8,2,8,1,8,2,0,8,0,1,0,8,0,2,0,1,2,1,8,0,1,2,8,2,0,8,2,8,1,8,2,8,0,8,1,0,8,0,2,8,2,1,2,8,0,1,0,2,1,0,8,2,1"
1,3,8,164,0,0,400000096,7.633,"0,1,0,3,0,1,0,8,0,1,0,3,1,0,1,8,1,3,8,3,0,1,3,0,8,0,1,8,0,8,3,8,1,3,0,1,8,1,3,8,3,0,3,1,0,1,8,0,1,3,0,3,8,0,3,0,1,0,8,0,1,0,3,1,0,1,8,1,3,8,3,0,3,1,0,1,8,0,3,0,8,0,1,8,3,8,1,0,8,1,3,8,3,0,8,3,8,1,8,0,8,1,8,3,1,8,1,0,3,8,0,1,8,0,8,3,1,3,8,3,1,0,8,1,0,1,3,0,8,0,3,0,1,3,1,8,3,1,3,0,3,8,0,8,1,8,3,8,1,8,0,1,3,1,0,1,8,1,0,3,1,3,8,1"
2,3,8,157,0,0,400000096,7.573,"0,2,0,3,0,2,0,8,0,2,0,3,2,0,2,8,2,3,8,2,8,0,8,2,8,3,8,0,3,2,0,3,8,0,2,3,2,8,2,0,3,8,3,2,3,0,3,2,3,8,2,0,2,3,0,2,0,8,0,3,0,2,3,0,3,8,3,2,3,0,2,0,8,3,8,2,8,0,3,2,3,8,3,2,0,8,0,2,0,3,0,2,0,8,2,3,8,2,8,0,8,2,8,3,8,0,3,8,3,2,8,0,8,2,8,3,2,3,0,2,0,8,3,8,2,0,8,0,3,0,2,3,0,3,8,3,0,3,2,3,8,2,8,0,8,2,3,8,3,0,8,0,2,0,3,2,3"
1,4,8,194,0,0,400000116,7.778,"0,1,0,4,0,1,0,8,0,1,0,4,1,8,1,0,4,0,8,0,1,4,8,4,0,8,4,8,1,8,4,8,0,4,0,1,8,4,0,1,4,1,8,1,4,1,0,1,8,0,1,0,4,0,8,4,0,4,1,0,1,8,1,4,8,1,8,0,4,8,0,1,0,4,0,8,4,1,8,4,8,0,8,4,8,1,8,0,1,8,1,4,1,8,1,0,8,0,4,1,0,8,1,8,4,8,1,0,8,0,4,0,8,0,1,0,8,4,8,1,4,1,0,1,8,1,0,1,4,0,1,0,8,0,1,0,4,0,8,4,0,4,1,8,1,4,0,1,4,8,4,0,8,4,8,1,8,4,8,0,8,1,0,1,4,1,0,1,8,0,1,0,4,8,1,4,8,4,0,8,0,1,0,4,1,0,1,8,4,0,4,1,4,0"
3,4,8,155,0,0,400000104,7.463,"0,3,0,4,0,3,0,8,0,3,0,4,3,8,3,4,3,0,3,4,8,3,8,0,8,3,8,4,8,0,4,0,3,0,8,0,3,0,4,3,0,3,8,3,4,3,0,4,0,8,4,8,3,4,3,0,3,8,3,4,8,3,8,0,8,3,8,4,8,0,4,8,4,3,8,3,0,3,8,4,8,3,8,0,3,0,4,0,3,8,3,0,3,4,0,4,8,0,4,0,3,0,8,0,3,0,4,3,0,3,8,3,4,3,8,3,0,8,0,4,3,0,8,3,8,4,8,0,8,4,8,3,4,8,0,4,0,3,0,8,3,0,3,4,3,0,3,8,3,4,8,0,8,3,0"
1,5,8,195,0,0,400000196,7.903,"0,1,0,5,0,1,0,8,0,1,0,5,1,0,1,8,1,0,1,5,1,8,5,0,5,1,8,5,8,0,5,0,1,8,1,5,0,1,0,8,0,5,8,1,8,5,8,0,5,0,1,5,0,5,8,5,1,5,8,5,0,8,5,8,1,8,5,8,0,8,1,0,8,0,5,8,1,8,5,8,0,5,1,5,0,5,8,5,0,1,8,0,8,5,0,1,8,1,0,1,5,0,5,8,5,0,1,5,1,8,1,0,1,5,0,1,0,8,0,1,0,5,1,5,8,0,1,0,5,0,8,1,8,0,8,5,0,5,1,5,8,5,0,8,5,8,1,8,5,8,0,8,1,0,8,0,5,0,1,5,1,8,0,1,0,5,0,1,0,8,0,5,1,5,8,0,8,1,8,5,8,1,8,0,1,5,1,0,1,8,1,0,5,8,0"
2,5,8,189,0,0,400000088,7.659,"0,2,0,5,0,2,0,8,0,2,5,2,0,2,5,8,5,0,5,8,2,8,5,8,0,2,0,5,0,8,2,8,5,8,0,8,5,8,2,5,0,5,8,2,5,2,0,2,8,2,0,2,5,0,2,0,8,5,2,8,0,8,5,0,5,2,8,5,2,0,2,8,0,2,0,5,0,2,0,8,0,5,8,0,8,2,0,2,5,0,2,8,0,8,5,8,2,5,2,0,2,5,8,2,8,0,2,0,5,0,2,8,0,8,5,8,0,8,2,8,5,0,2,0,8,2,8,5,8,2,8,0,8,5,2,5,8,5,2,0,2,8,2,5,2,8,2,0,8,0,5,8,2,0,2,5,0,2,0,8,0,5,8,0,8,2,5,2,8,2,5,0,8,5,8,2,5,0,2,0,8,0,5,8,0,8,2,5,8"
3,5,8,60,1,1,7627116,0.098,"0,8,5,0,3,8,3,5,8,5,0,5,8,3,8,5,8,3,0,3,5,0,5,8,5,0,3,0,5,0,3,8,3,0,3,8,5,8,3,8,0,3,0,5,8,5,0,5,8,3,8,5,8,0,5,0,3,8,5,3"
1,6,8,231,0,0,400000116,8.213,"0,1,0,6,0,1,0,8,0,1,0,6,1,0,1,8,1,0,1,6,1,8,6,0,6,1,8,1,0,8,1,8,6,8,0,8,6,8,1,6,8,6,0,6,8,6,1,6,0,1,8,0,1,6,1,0,8,1,8,6,1,8,1,0,6,1,0,8,0,1,6,0,6,8,0,6,0,1,0,8,0,1,0,6,1,0,1,8,1,0,1,6,1,8,6,1,6,0,1,0,8,1,8,6,8,1,0,8,0,6,8,6,1,6,8,6,0,6,1,0,1,8,0,8,6,0,8,1,0,1,6,1,0,1,8,1,6,0,6,8,6,1,8,1,0,8,1,8,6,8,0,8,6,8,1,6,8,6,0,6,8,6,1,6,0,1,8,1,6,8,6,0,8,6,8,1,8,0,1,6,1,0,1,8,0,1,6,8,6,1,6,0,1,0,8,0,1,0,6,0,1,8,1,6,8,1,8,0,8,6,8,1,6,8,6,0,1,0,8,0,6,8,6,1,0,6,8,6,0,6,8"
1,7,8,60,1,1,7703388,0.099,"0,8,1,0,7,8,7,1,8,1,0,1,8,7,8,1,8,7,0,7,1,0,1,8,1,0,7,0,1,0,7,8,7,0,7,8,1,8,7,8,0,7,0,1,8,1,0,1,8,7,8,1,8,0,1,0,7,8,1,7"
1,2,9,208,0,0,400000224,8.208,"0,1,0,2,0,1,0,9,0,1,0,2,1,0,1,9,2,0,2,1,2,9,0,9,1,2,9,0,2,0,1,0,9,0,2,9,0,9,1,9,2,9,0,2,9,2,1,2,0,2,9,0,9,1,9,0,2,0,1,0,9,2,1,2,0,1,0,9,0,1,0,2,1,0,1,9,2,0,2,1,2,9,2,1,2,0,1,9,1,0,1,2,0,1,9,2,0,9,2,9,1,9,2,0,9,0,1,0,9,0,2,0,1,2,1,9,0,1,2,9,2,0,9,2,9,1,9,2,9,0,9,1,0,9,0,2,9,1,9,2,9,0,2,0,1,0,2,9,0,9,1,0,9,0,2,0,1,0,2,0,9,2,0,2,1,2,0,2,9,2,1,9,0,9,1,9,2,9,1,0,2,0,1,0,9,0,1,2,9,1,9,0,9,1,9,2,9,0,2,9,2,1,9,0,1,0,2,1"
1,3,9,192,0,0,400000184,8.072,"0,1,0,3,0,1,0,9,0,1,0,3,1,0,1,9,1,3,1,0,3,0,9,1,3,9,3,0,3,9,1,0,1,3,0,1,0,9,0,1,0,3,0,9,3,0,3,1,9,3,9,0,9,3,9,1,9,0,1,0,3,9,1,9,3,9,0,9,3,1,9,3,0,3,1,3,9,1,0,1,9,1,3,9,0,3,9,1,9,3,0,9,0,1,0,3,1,0,1,9,3,0,3,9,3,1,9,0,3,0,1,3,1,9,1,0,1,3,0,1,0,9,0,1,0,3,1,3,9,0,1,0,3,0,9,0,3,0,1,3,1,9,3,0,3,9,1,9,3,0,9,0,1,9,1,3,1,0,3,0,9,0,1,3,9,1,9,0,9,1,9,3,9,0,3,9,3,1,9,1,0,9,3,0,3,1,3,9,1,0,1,9"
2,3,9,170,0,0,400000164,7.945,"0,2,0,3,0,2,0,9,0,2,0,3,2,0,2,9,2,0,2,3,2,9,3,2,3,0,9,3,9,2,9,0,9,2,9,3,2,9,0,3,2,0,2,9,0,9,3,0,2,0,3,9,3,2,3,0,2,0,9,2,0,2,3,0,2,0,9,3,0,3,2,3,0,3,9,3,0,2,9,0,3,0,2,9,2,3,2,9,0,9,2,3,9,3,0,3,2,3,9,2,9,0,9,2,9,3,9,0,3,9,3,2,3,0,3,2,3,9,2,9,0,9,3,9,2,3,0,3,2,9,2,0,2,3,0,9,3,2,3,0,2,0,9,0,3,0,2,3,0,3,9,3,2,9,2,0,9,0,3,2,3,0,9,3,0,2,0,9,0,2"
1,4,9,236,0,0,400000180,9.078,"0,1,0,4,0,1,0,9,0,1,0,4,1,0,1,9,1,0,1,4,1,9,4,0,9,0,1,0,4,1,0,1,9,4,0,4,9,4,1,9,1,0,9,1,9,4,9,0,9,4,9,1,4,9,4,0,4,1,4,0,4,9,0,1,4,1,9,1,0,9,4,9,0,9,1,0,1,4,0,9,0,4,0,1,4,1,9,1,0,1,4,0,1,0,9,0,1,0,4,0,9,4,0,4,1,0,9,0,1,0,4,1,4,9,1,0,1,9,4,9,1,0,9,4,0,4,1,4,0,4,9,4,1,9,4,9,0,1,0,4,9,4,1,0,1,4,9,1,9,0,1,0,4,9,4,1,9,4,9,0,9,4,9,1,9,0,1,9,1,4,9,0,4,9,4,1,9,1,0,1,4,1,0,1,9,0,4,1,4,0,4,9,0,9,1,0,1,4,0,1,9,0,9,4,9,1,9,4,9,0,4,1,4,9,0,9,1,0,1,4,0,4,9,4,0,1,0,4,0,9,4,9,1,0,9,0"
2,4,9,225,0,0,400000172,8.271,"0,2,0,4,0,2,0,9,0,2,0,4,2,0,2,9,4,9,2,9,0,2,4,2,0,9,0,2,4,0,4,9,4,2,4,9,4,0,9,4,9,2,9,4,9,0,9,2,0,2,4,2,0,9,0,2,0,9,4,9,2,9,4,0,4,2,0,4,0,9,4,2,4,0,2,0,9,0,2,0,4,0,2,9,2,4,0,4,2,4,9,4,2,4,0,2,9,2,0,2,4,0,2,9,4,0,9,4,9,2,9,4,0,9,0,2,0,9,0,4,0,2,4,2,9,0,2,4,0,4,9,4,2,4,9,4,0,9,4,9,2,9,4,9,0,9,2,0,9,0,4,9,2,9,4,9,0,4,2,4,0,9,0,2,4,2,9,0,9,4,0,9,0,2,0,4,0,2,0,9,2,0,4,2,4,9,4,0,4,9,4,2,9,4,9,0,2,4,0,2,0,9,2,9,4,9,0,4,0,2,9,4,9,0,9,2,9,0,9,4,0,4,2,0,4"
3,4,9,179,0,0,400000132,7.901,"0,3,0,4,0,3,0,9,0,3,0,4,3,0,3,9,3,4,9,3,9,0,4,0,3,4,0,4,9,0,3,0,9,4,0,9,3,9,4,3,4,0,4,9,4,3,4,0,3,9,3,4,9,4,0,9,4,9,3,9,0,9,3,9,4,3,9,0,3,4,9,4,3,4,0,4,3,4,9,3,0,9,4,9,0,3,0,9,4,0,4,3,0,4,0,9,3,9,4,3,9,3,0,3,4,0,3,0,9,0,3,0,4,3,4,9,3,0,4,0,9,4,0,4,3,4,0,4,9,0,9,3,9,4,9,3,9,0,3,9,4,3,4,0,4,9,4,3,4,0,3,0,9,0,4,3,0,4,9,4,3,0,3,9,0,3,0,4,3,9,3,4,3,0,4,9,0,4,3"
1,5,9,232,0,0,400000192,8.532,"0,1,0,5,0,1,0,9,0,1,0,5,1,0,1,9,1,0,1,5,1,9,5,0,9,1,0,1,5,0,1,0,9,0,5,9,5,1,9,5,9,0,9,1,0,1,5,1,9,5,1,5,0,9,5,9,1,9,5,9,0,9,5,1,0,1,9,0,9,5,9,0,9,1,0,9,0,5,0,1,5,1,9,5,0,9,1,0,9,0,5,9,1,9,5,0,9,5,1,9,1,0,1,5,1,0,1,9,0,1,0,5,0,9,5,9,1,5,0,5,9,0,5,0,1,0,9,0,1,0,5,1,0,1,9,1,0,1,5,1,9,5,1,5,0,1,0,9,0,5,0,1,0,9,1,5,9,5,0,9,1,5,1,9,1,0,5,0,9,5,9,1,9,5,9,0,9,1,0,9,0,5,0,9,0,1,9,1,5,9,1,0,9,0,5,0,1,0,9,1,0,1,5,1,0,1,9,1,5,9,0,5,1,9,5,9,0,9,5,9,1,9,0,1,0,5,9,0,9,1,9,0"
2,5,9,200,0,0,400000136,8.269,"0,2,0,5,0,2,0,9,0,2,0,5,2,0,2,9,2,0,2,5,2,9,5,0,9,0,2,0,5,0,9,5,2,5,9,0,9,2,9,5,2,5,0,2,0,9,2,0,2,5,9,2,9,0,9,2,9,5,9,0,2,5,2,9,5,9,0,9,5,9,2,5,9,5,0,5,2,5,9,2,0,2,9,2,5,9,2,0,5,9,5,2,9,2,0,9,0,5,2,0,5,9,5,2,0,2,5,2,9,0,5,9,2,5,2,0,2,9,2,0,2,5,0,2,0,9,0,5,0,2,5,2,9,2,0,5,9,5,0,5,2,5,0,9,2,9,5,9,0,2,0,9,5,0,2,5,2,9,2,0,9,2,9,5,9,0,9,5,9,2,5,9,5,0,5,2,0,5,0,9,2,9,5,0,9,0,2,0,5,0,2,0,9,2,5,0,9,2,0,9"
3,5,9,165,0,0,400000136,7.826,"0,3,0,5,0,3,0,9,0,3,0,5,3,0,3,9,3,5,9,0,5,9,3,9,5,0,9,0,3,9,0,9,5,9,3,9,5,9,0,5,9,3,5,3,0,3,9,0,5,9,5,3,9,5,9,0,9,3,0,9,0,5,0,3,5,3,9,0,9,5,0,5,3,5,9,3,0,3,5,0,3,0,9,0,3,0,5,3,5,9,0,3,0,5,0,9,0,5,0,3,5,9,5,0,3,5,3,9,5,9,0,9,5,3,0,5,3,5,9,3,9,0,9,3,9,5,9,0,5,0,3,5,9,5,3,5,0,3,0,9,0,5,0,3,0,9,3,5,3,0,5,3,5,9,3,0,9,0,5,0,9,3,9,5,9"
4,5,9,60,1,1,7701508,0.100,"0,9,4,0,5,9,5,4,9,4,0,4,9,5,9,4,9,5,0,5,4,0,4,9,4,0,5,0,4,0,5,9,5,0,5,9,4,9,5,9,0,5,0,4,9,4,0,4,9,5,9,4,9,0,4,0,5,9,4,5"
1,6,9,213,0,0,400000188,8.358,"0,1,0,6,0,1,0,9,0,1,0,6,1,0,1,9,1,0,1,6,1,9,6,0,6,1,9,1,0,9,1,9,6,9,0,6,1,6,0,9,6,0,1,0,9,1,0,1,6,1,9,1,0,9,6,9,0,1,0,6,1,6,9,6,0,9,6,9,1,9,6,9,0,9,1,0,9,0,6,1,6,9,0,6,9,1,9,0,1,9,1,6,0,1,6,9,6,1,0,6,0,9,0,6,1,0,1,9,0,9,6,0,1,6,1,9,1,0,1,6,0,1,0,9,0,1,0,6,1,6,9,0,1,0,6,0,9,0,6,0,1,6,9,6,1,6,0,1,0,9,0,1,0,6,1,0,9,1,6,9,1,9,0,9,1,9,6,9,0,6,9,6,1,0,6,0,9,0,1,0,6,1,6,9,6,0,6,1,6,9,1,0,1,6,0,1,0,9,0,6,0,1,6,0,6,9,6,0,6,1,0,1,9"
2,6,9,199,0,0,400000176,8.016,"0,2,0,6,0,2,0,9,0,2,0,6,2,0,2,9,2,6,2,0,6,0,9,0,2,9,6,9,0,6,9,6,2,6,9,6,0,6,2,0,6,0,9,0,6,0,2,6,2,9,0,6,9,2,9,0,6,0,9,2,0,6,2,6,9,6,0,9,6,9,2,9,6,9,0,9,2,0,6,0,9,2,9,6,9,2,0,2,9,6,2,6,0,2,0,9,6,9,2,0,9,0,6,0,9,0,2,0,9,6,2,6,0,2,0,9,0,2,0,6,2,0,2,9,2,6,2,0,6,0,9,0,2,0,9,0,6,9,6,2,6,0,2,9,2,6,9,6,0,9,6,9,2,9,0,2,6,0,2,9,0,6,9,0,9,2,0,2,6,0,2,0,9,2,0,2,6,0,6,9,6,2,0,2,9,2,6,2,9,2,0,9,0,6,0,2,0,9,0"
1,7,9,262,0,0,400000244,9.436,"0,1,0,7,0,1,0,9,0,1,0,7,1,0,1,9,1,0,1,7,1,9,7,0,7,1,0,1,9,0,9,7,9,1,7,9,7,0,9,1,0,7,1,7,9,7,1,7,0,7,9,0,7,0,1,7,1,9,7,0,9,0,1,0,7,0,1,0,9,1,0,1,7,1,0,1,9,1,7,9,0,9,7,1,7,0,1,7,1,9,1,0,1,7,0,1,0,9,7,0,7,1,7,0,7,9,7,1,9,1,0,9,1,9,7,9,0,7,9,7,1,7,9,7,0,9,0,1,7,9,7,0,7,1,7,0,7,9,0,1,9,0,7,0,9,1,0,1,7,0,1,0,9,0,7,0,9,0,1,9,0,9,7,9,1,7,0,1,0,9,0,7,0,1,7,9,7,0,9,7,9,1,7,0,1,9,0,9,7,9,1,9,7,9,0,7,9,7,1,7,9,7,0,7,1,0,1,9,0,7,9,7,1,7,9,0,9,1,9,7,9,1,9,0,1,0,7,0,1,0,9,0,7,1,7,0,7,9,1,9,7,9,0,7,1,7,0,9,7,0,1,0,9,0,7,9,7,1,0,7,0,9"
2,7,9,60,1,1,7705908,0.101,"0,9,2,0,7,9,7,2,9,2,0,2,9,7,9,2,9,7,0,7,2,0,2,9,2,0,7,0,2,0,7,9,7,0,7,9,2,9,7,9,0,7,0,2,9,2,0,2,9,7,9,2,9,0,2,0,7,9,2,7"
1,8,9,60,1,1,7707828,0.102,"0,9,1,0,8,9,8,1,9,1,0,1,9,8,9,1,9,8,0,8,1,0,1,9,1,0,8,0,1,0,8,9,8,0,8,9,1,9,8,9,0,8,0,1,9,1,0,1,9,8,9,1,9,0,1,0,8,9,1,8"
1,2,10,245,0,0,400000144,8.960,"0,1,0,2,0,1,0,10,0,1,0,2,1,0,1,10,2,0,2,1,0,2,10,0,10,1,0,2,10,2,1,10,2,10,0,10,1,0,10,0,2,0,10,0,1,0,2,1,2,10,2,1,0,10,0,1,0,2,0,1,0,10,1,2,1,0,2,1,2,10,2,1,2,0,2,10,0,10,1,2,1,10,0,1,0,2,0,1,0,10,0,1,2,10,2,0,10,2,10,1,10,0,10,1,10,2,1,0,10,0,2,0,1,10,2,1,2,0,2,1,2,10,2,0,10,2,10,1,10,2,10,0,2,0,1,10,2,10,0,10,1,10,0,10,2,0,1,0,10,2,0,2,1,2,10,2,0,10,1,10,2,0,10,0,1,0,10,0,2,0,1,10,2,10,0,2,0,1,0,2,0,10,2,0,2,1,2,10,2,1,2,0,1,0,10,0,2,1,2,0,2,10,0,10,1,10,0,2,10,2,1,10,2,10,0,10,1,10,0,10,2,0,10,0,1,0,2,1,2,10,1,0,1,2,0,1,0,10,0,1,0,2,0,1,0"
1,3,10,238,0,0,400000180,8.912,"0,1,0,3,0,1,0,10,0,1,0,3,1,0,1,10,1,3,1,0,3,0,10,0,1,0,10,0,3,10,0,1,10,3,1,3,0,1,0,10,3,0,1,10,1,3,10,1,10,0,10,1,10,3,10,0,3,1,3,10,0,3,0,1,3,0,3,10,1,10,3,0,10,0,1,0,10,0,3,0,1,3,1,10,1,0,1,3,0,1,0,10,0,1,0,3,1,3,10,0,1,0,10,0,3,0,10,0,1,10,3,10,0,3,0,1,3,0,3,10,3,1,10,1,0,10,1,10,3,10,0,3,0,1,0,10,0,3,10,0,10,1,10,0,10,3,10,1,3,10,3,0,10,1,10,0,10,3,10,0,1,10,1,3,1,0,1,10,0,1,0,3,10,0,10,1,10,0,10,3,10,0,1,3,1,10,1,3,0,3,10,3,0,1,0,10,1,0,1,3,1,0,1,10,1,3,10,0,10,1,0,10,0,3,0,1,0,10,1,10,3,10,0,10,1,10,3,1,0,1,10,3,10,0,3,0,1,3"
2,3,10,216,0,0,400000184,8.470,"0,2,0,3,0,2,0,10,0,2,0,3,2,0,2,10,2,0,2,3,2,10,3,0,3,2,10,2,0,2,10,3,10,0,2,0,10,3,0,3,2,3,0,10,2,0,10,0,3,10,2,10,3,10,0,10,3,2,10,2,0,10,2,10,3,10,0,10,3,10,2,3,10,3,0,2,3,2,10,3,10,0,3,0,2,0,10,2,3,2,0,10,2,10,3,10,2,10,0,10,3,0,2,3,10,3,0,2,0,10,0,2,3,10,2,10,0,2,0,3,2,3,10,0,3,0,2,0,10,0,2,0,3,2,0,2,10,2,0,2,3,2,10,3,0,3,2,10,2,0,2,10,3,10,0,3,10,2,0,3,2,0,2,10,0,3,0,10,0,2,10,2,3,0,10,3,10,2,10,3,10,0,10,2,0,2,3,0,3,10,3,2,3,10,3,0,10,3,10,2,0,2,3,0,3,10,0,2,0,3,10,0,10,2,10,0"
1,4,10,230,0,0,400000264,8.776,"0,1,0,4,0,1,0,10,0,1,0,4,1,0,1,10,1,0,1,4,1,10,4,0,4,1,0,1,10,0,1,0,4,0,10,4,0,4,1,4,10,1,0,10,4,0,10,1,0,1,4,1,0,1,10,1,4,10,4,0,4,10,1,10,4,10,0,4,0,1,0,4,10,4,1,4,0,1,10,0,1,0,4,0,1,0,10,0,4,10,1,10,4,10,0,4,0,1,4,0,4,10,4,1,4,10,4,0,10,4,10,1,10,4,10,0,10,1,0,10,0,4,10,4,1,10,4,10,0,4,10,4,1,0,4,0,10,0,1,0,4,0,10,4,10,1,4,0,4,1,10,1,0,4,0,1,0,10,0,1,0,4,1,10,1,4,1,0,1,4,10,0,4,10,4,1,10,0,1,0,4,0,10,0,4,0,1,4,10,4,0,10,4,10,1,10,4,10,0,10,1,0,1,4,10,1,0,10,0,4,0,1,4,1,10,1,0,1,10,1,4,10,0,1,0,10,0,4,10,4"
3,4,10,238,0,0,400000184,8.619,"0,3,0,4,0,3,0,10,0,3,0,4,3,0,3,10,3,0,3,4,3,10,4,0,4,3,0,4,0,10,0,3,0,4,3,0,3,10,3,0,3,4,0,4,10,0,10,3,10,0,4,10,4,3,4,0,4,10,0,3,0,4,3,0,3,10,0,4,10,0,10,3,0,4,3,0,10,3,10,4,10,3,10,0,10,4,0,10,0,3,0,4,0,10,4,3,4,10,0,10,4,3,10,3,0,10,3,10,4,10,0,10,4,10,3,4,10,4,0,4,3,4,10,3,10,0,10,3,4,10,4,0,10,0,3,0,4,0,3,0,10,3,4,3,10,3,0,10,0,4,10,3,10,4,0,10,4,3,4,0,4,10,0,3,10,3,4,3,0,4,3,4,10,0,4,0,3,0,10,0,3,0,4,3,0,3,10,3,0,3,4,3,10,4,0,4,3,0,4,0,10,0,3,10,3,4,10,4,0,10,3,10,4,3,10,3,0,3,4,0,3,0,10,4,3,10,4,10,0,3,0,10,0,3,4,10,3,4"
1,5,10,266,0,0,400000204,9.203,"0,1,0,5,0,1,0,10,0,1,0,5,1,0,1,10,1,0,1,5,1,10,5,0,10,1,0,1,5,0,1,0,10,0,5,0,10,0,1,10,5,10,0,5,10,5,1,10,0,1,0,5,1,0,1,10,1,5,1,10,1,0,10,1,10,5,0,10,5,1,5,10,0,5,0,1,0,10,1,10,5,0,5,1,10,5,10,0,10,5,10,1,10,5,0,1,0,10,1,10,5,10,1,10,0,1,10,1,5,1,0,1,5,1,10,5,1,0,10,0,5,0,1,10,1,5,1,0,1,5,1,10,5,10,0,10,5,1,10,5,10,0,5,0,1,0,5,10,0,10,1,0,1,5,1,10,0,5,10,5,1,10,1,0,1,5,1,0,1,10,0,1,0,5,10,5,1,0,1,10,0,1,0,5,0,10,0,5,0,1,5,10,0,10,5,10,1,5,1,0,5,1,5,10,1,5,1,0,5,0,10,0,5,1,10,5,10,0,10,5,10,1,10,0,1,10,1,5,0,5,10,1,10,0,1,10,1,5,1,0,1,5,1,10,5,0,1,0,10,0,5,10,5,1,10,5,0,1,0,10,1,0,1,5,1,0"
2,5,10,262,0,0,400000168,8.863,"0,2,0,5,0,2,0,10,0,2,0,5,2,0,2,10,2,0,2,5,2,10,5,0,10,2,5,10,0,5,0,2,0,5,0,10,0,5,2,5,10,0,10,5,10,2,0,2,5,0,2,0,10,2,5,2,10,2,0,10,5,10,0,10,2,10,0,5,2,0,5,0,10,5,2,10,5,10,0,10,5,10,2,10,0,2,10,2,5,0,5,10,2,10,0,2,10,2,5,2,10,2,0,2,5,0,5,10,0,5,2,0,2,10,2,5,0,10,5,10,2,10,5,10,0,10,2,0,10,0,5,0,2,0,5,0,10,5,10,2,10,5,0,2,0,10,2,0,2,5,2,10,5,0,10,0,2,0,5,0,2,0,10,2,0,2,5,2,0,2,10,2,5,10,2,10,0,5,2,0,5,0,10,5,10,2,0,10,2,5,2,10,0,2,0,5,0,2,0,10,0,5,10,0,10,2,0,5,2,10,5,10,0,10,5,10,2,10,0,2,10,2,5,2,10,2,0,10,0,5,0,10,0,2,10,0,10,5,2,10,2,0,2,5,2,10,2,0,10,0,5,0,2,0,10,2,5,2,10,0,2,10"
3,5,10,237,0,0,400000176,8.633,"0,3,0,5,0,3,0,10,0,3,0,5,3,0,3,10,3,0,3,5,3,10,5,3,5,0,5,10,0,3,10,3,5,10,0,5,0,3,0,5,0,10,0,3,5,3,10,5,10,0,10,5,10,3,10,0,5,0,10,0,3,5,3,10,3,0,3,10,3,5,10,5,0,10,5,10,3,10,0,10,3,10,5,3,10,3,0,3,10,3,5,3,0,5,3,5,10,5,0,10,3,0,3,5,3,10,0,10,5,10,3,10,5,10,0,5,0,3,0,10,0,3,0,5,3,0,3,10,3,5,10,5,0,3,5,3,10,3,0,3,5,0,3,0,10,0,3,0,5,0,10,5,0,5,3,0,3,10,3,0,5,0,3,0,10,3,10,5,10,3,0,10,0,5,10,0,10,3,10,5,10,3,10,0,3,10,3,5,0,5,10,3,5,3,0,3,10,3,0,3,5,0,3,10,5,0,3,5,0,5,10,5,0,5,3,5,10,3,5,3,0,3,5,3,10,5,10,0,10,5,10,3,5,10,0,3,0"
4,5,10,234,0,0,400000184,8.607,"0,4,0,5,0,4,0,10,0,4,0,5,4,0,4,10,4,0,4,5,4,10,5,10,0,10,5,4,5,10,5,4,0,4,10,0,4,0,5,0,10,0,5,0,4,5,0,10,5,10,4,10,0,5,0,10,0,4,5,4,10,4,0,4,10,4,5,10,5,0,10,5,10,4,10,0,10,4,10,5,4,10,4,0,4,10,4,5,4,0,5,4,5,10,5,0,10,4,0,4,5,4,10,0,10,5,10,4,10,5,10,0,5,0,4,0,10,0,4,0,5,4,0,4,10,4,5,10,5,0,4,5,4,10,4,0,4,5,0,4,0,10,0,4,0,5,0,10,5,0,5,4,0,4,10,4,0,5,0,4,0,10,4,10,5,10,4,0,10,0,5,10,0,10,4,10,5,10,4,10,0,4,10,4,5,0,5,10,4,10,0,5,0,4,0,10,0,4,0,5,4,10,4,5,4,0,4,5,10,4,10,0,10,4,10,5,10,4,0,4,5,0,5,10,0,4,5,10,4,10,0,10,4,5"
1,6,10,290,0,0,400000304,9.895,"0,1,0,6,0,1,0,10,0,1,0,6,1,0,1,10,1,0,1,6,1,10,6,0,6,1,0,1,10,0,1,0,6,0,10,0,6,0,1,6,0,10,1,6,10,1,10,0,10,1,6,10,6,0,6,1,6,10,1,0,1,10,1,6,1,10,0,6,10,0,10,1,0,6,1,0,1,10,1,0,1,6,1,10,6,1,6,0,6,10,6,1,10,1,0,1,6,1,10,1,0,10,6,10,1,6,10,6,0,10,0,1,10,0,10,6,10,1,10,6,10,0,6,10,6,1,6,10,6,0,6,1,0,10,1,10,6,1,6,0,6,1,6,10,1,6,1,0,1,10,1,0,1,6,0,10,6,10,1,6,10,6,0,6,1,0,1,10,1,0,6,10,0,10,1,10,0,6,10,6,1,10,1,0,1,6,0,6,10,1,6,1,0,1,10,1,0,1,6,0,1,0,10,0,6,0,1,6,1,10,0,1,6,0,6,10,6,0,6,1,6,0,10,0,1,10,0,10,6,10,1,10,6,10,0,6,1,0,1,10,0,6,10,6,1,6,0,6,1,6,10,1,6,0,1,0,10,1,0,1,6,1,10,6,0,6,1,10,6,10,0,10,1,0,6,1,0,1,10,0,10,6,0,1,6,1,10,1,6,0"
3,6,10,232,0,0,400000248,8.487,"0,3,0,6,0,3,0,10,0,3,0,6,3,0,3,10,6,0,6,3,6,10,0,10,3,6,3,0,10,0,6,10,0,10,3,10,0,10,6,10,3,6,10,6,0,10,0,3,10,0,6,10,6,3,6,0,6,3,6,10,3,0,6,0,3,0,10,6,10,0,3,10,6,3,6,0,3,10,0,3,0,6,0,3,0,10,0,6,10,0,10,3,10,6,10,3,10,0,3,6,3,0,10,0,6,0,3,6,3,10,6,3,0,6,0,10,6,10,3,10,6,0,10,0,3,10,0,10,6,10,3,10,6,10,0,6,10,6,3,0,3,10,6,10,0,6,10,6,3,6,10,6,0,6,3,0,3,10,0,3,6,10,6,0,10,6,10,3,10,0,3,6,3,10,0,3,0,6,0,3,0,10,0,3,6,3,10,0,10,6,0,10,0,3,10,6,3,10,0,10,3,6,10,6,0,6,10,6,3,6,10,0,3,10,6,3,10,0,3,0,6,3,6,10,0,3,10,6,3,10,0,3"
1,7,10,275,0,0,400000272,9.261,"0,1,0,7,0,1,0,10,0,1,0,7,1,0,1,10,1,0,1,7,1,10,7,0,7,1,0,1,10,0,1,0,7,0,10,7,0,7,1,0,1,10,7,10,1,10,0,7,0,10,1,0,1,7,1,10,1,0,10,7,10,1,7,10,7,0,7,1,0,10,1,10,7,10,0,1,0,10,0,7,0,10,0,1,10,7,1,7,0,7,10,7,1,10,7,10,0,10,7,10,1,10,0,1,10,1,7,10,7,0,10,7,1,10,1,0,1,7,0,7,10,0,7,0,1,0,10,1,0,1,7,1,10,1,7,1,0,7,0,10,7,1,10,1,0,10,1,10,7,10,0,10,7,10,1,7,1,0,7,1,7,10,0,7,0,1,0,10,0,7,0,1,7,10,1,0,1,10,7,10,0,1,10,0,7,0,1,7,1,10,1,0,1,7,0,1,0,10,0,1,0,7,0,10,7,0,7,1,0,10,0,1,0,7,1,10,1,7,0,7,10,0,7,0,1,7,1,10,1,0,10,1,10,7,10,0,7,10,7,1,7,0,1,7,1,10,1,0,1,7,0,1,0,10,0,1,0,7,1,7,10,1,10,0,10,7,10,1,7,0,7,10,7,0,7"
2,7,10,283,0,0,400000284,9.506,"0,2,0,7,0,2,0,10,0,2,0,7,2,0,2,10,2,0,2,7,2,10,7,0,7,2,0,2,10,0,2,0,7,0,10,0,7,0,2,7,0,10,2,7,10,7,0,7,10,7,2,7,0,2,7,2,10,0,2,0,7,0,10,0,7,0,2,7,2,10,7,2,7,0,10,7,10,2,10,7,10,0,10,7,2,0,2,10,0,2,0,7,0,10,7,2,10,7,0,10,0,2,10,0,10,7,10,2,10,7,10,0,7,10,7,2,7,10,7,0,7,2,0,10,2,10,7,10,0,10,2,0,10,0,7,0,2,7,0,7,10,2,10,7,10,0,7,2,7,0,10,0,7,2,0,2,10,2,0,7,2,7,10,2,7,2,0,2,10,2,0,2,7,0,2,0,10,0,2,0,7,0,10,7,2,10,0,2,0,7,2,0,2,10,7,2,7,0,7,10,7,2,10,2,0,10,0,7,0,10,2,0,2,7,0,2,0,10,0,7,0,10,0,2,10,2,7,10,0,10,2,7,10,7,0,10,7,10,2,0,2,10,7,2,7,0,7,10,0,7,0,2,0,10,0,2,0,7,2,0,10,7,10,0,10,7,2,0,2,10,0,2,7,10,7,2,7,0,7,2,7,10,2"
3,7,10,60,1,1,7707316,0.101,"0,10,3,0,7,10,7,3,10,3,0,3,10,7,10,3,10,7,0,7,3,0,3,10,3,0,7,0,3,0,7,10,7,0,7,10,3,10,7,10,0,7,0,3,10,3,0,3,10,7,10,3,10,0,3,0,7,10,3,7"
1,8,10,353,0,0,400000448,10.918,"0,1,0,8,0,1,0,10,0,1,0,8,1,0,1,10,1,0,1,8,1,10,8,0,8,1,0,1,10,0,10,8,10,0,10,1,0,10,0,8,0,1,8,1,10,8,0,8,1,0,8,0,10,0,1,0,8,1,0,1,10,1,8,1,0,8,10,0,1,10,1,8,10,1,10,0,8,10,8,1,8,10,8,0,8,1,0,10,0,8,10,0,10,1,0,10,0,8,1,8,10,0,10,8,1,10,1,0,10,1,10,8,10,0,10,8,10,1,8,10,8,0,8,10,8,1,8,0,1,10,1,8,10,8,0,10,8,10,1,10,0,1,10,1,8,1,0,8,1,8,10,8,0,8,1,0,1,10,1,0,1,8,0,1,0,10,8,1,10,1,0,10,8,1,8,0,8,10,8,0,8,1,0,10,0,1,0,8,0,1,10,8,1,8,0,1,0,10,0,1,0,8,1,0,1,10,1,8,1,10,1,0,10,8,1,0,10,1,0,1,8,10,8,0,10,0,1,0,8,0,10,8,0,8,1,10,8,10,0,10,8,10,1,10,0,1,10,1,8,0,1,8,10,8,1,0,1,10,0,1,0,8,0,1,0,10,0,8,10,8,1,10,0,1,10,1,8,10,8,0,8,10,1,8,1,0,8,1,8,10,8,0,8,10,8,1,10,8,10,0,10,8,10,1,10,0,1,10,1,8,0,8,1,8,10,8,1,8,0,1,0,10,0,1,0,8,0,10,1,10,8,1,10,1,0,8,0,10,1,10,0,8,10,8,1,10,8,10,0,1,10,0,8"
1,9,10,60,1,1,7707828,0.100,"0,10,1,0,9,10,9,1,10,1,0,1,10,9,10,1,10,9,0,9,1,0,1,10,1,0,9,0,1,0,9,10,9,0,9,10,1,10,9,10,0,9,0,1,10,1,0,1,10,9,10,1,10,0,1,0,9,10,1,9"
1,2,11,285,0,0,400000172,9.136,"0,1,0,2,0,1,0,11,0,1,0,2,1,0,1,11,2,0,2,1,0,2,11,0,11,1,0,11,2,1,2,11,2,0,2,11,1,0,11,2,11,1,0,1,2,0,1,0,11,0,2,0,11,0,1,11,0,11,2,11,1,11,0,1,0,2,1,2,11,0,2,11,1,11,2,0,11,0,1,11,0,11,2,11,1,11,2,11,0,2,11,2,1,2,11,2,0,2,1,0,1,11,0,2,11,2,1,11,2,11,0,11,1,11,0,11,2,0,11,0,1,0,11,0,2,0,1,2,1,11,0,2,11,1,11,0,2,0,11,1,0,2,1,2,11,2,1,2,0,2,1,11,1,0,2,0,1,0,11,0,1,0,2,1,11,2,1,0,1,2,11,1,11,0,11,1,2,1,0,2,0,11,0,1,0,11,0,2,11,0,11,1,11,0,11,2,11,1,2,1,0,1,11,0,11,2,11,1,11,2,11,0,2,11,2,1,2,0,2,11,0,1,0,11,0,2,11,2,1,11,2,11,0,11,1,0,11,0,2,0,11,0,1,0,2,1,2,11,1,0,1,2,0,1,0,11,0,1,0,2,1,2,11,2,0,2,11,2,1,11,2,0,11,0,1,0,2,11,1,2,11,2,0,11,0"
1,3,11,288,0,0,400000208,9.438,"0,1,0,3,0,1,0,11,0,1,0,3,1,0,1,11,1,3,1,0,3,0,11,0,1,0,11,0,3,11,0,1,11,1,3,1,0,3,0,11,1,3,0,11,3,11,1,11,3,11,0,11,1,0,11,0,3,0,1,3,0,3,11,1,11,0,11,3,0,3,1,3,11,3,0,11,3,11,1,11,3,11,0,11,1,0,11,0,3,11,1,11,3,0,3,1,11,1,0,1,11,3,11,1,0,11,0,3,0,1,0,3,0,11,3,1,0,1,3,1,11,3,11,0,3,0,1,11,0,11,3,11,0,11,1,11,3,1,11,1,0,3,1,3,11,3,0,3,1,0,3,0,11,1,11,0,11,3,1,3,0,1,3,1,11,1,0,1,3,0,1,0,11,0,1,0,3,0,11,3,1,3,0,1,3,1,11,1,0,11,0,3,0,1,3,11,3,0,11,3,11,1,11,0,11,3,0,1,3,1,11,1,3,0,1,0,11,0,1,0,3,0,11,1,3,11,3,0,11,0,1,11,0,11,3,11,1,11,3,11,0,3,1,3,0,3,11,0,11,1,11,0,11,3,0,11,0,1,0,3,0,11,3,0,3,1,3,0,3,11,3,1,11,1,0,11,0,3,0,1,3,0,3,11,1,3,11,0"
2,3,11,268,0,0,400000180,9.349,"0,2,0,3,0,2,0,11,0,2,0,3,2,0,2,11,2,0,2,3,2,11,3,0,3,2,0,2,11,0,2,0,3,11,0,11,2,11,0,11,3,11,2,3,0,3,11,0,3,0,2,3,0,3,11,2,3,11,0,11,3,2,11,2,0,11,2,11,3,11,0,11,3,11,2,3,11,3,0,3,2,3,11,2,11,0,11,2,3,0,2,3,2,11,2,3,0,2,0,11,0,3,0,2,3,11,2,11,0,11,3,11,2,3,0,3,2,11,2,0,11,2,3,0,3,11,0,3,0,2,0,11,0,2,0,3,2,3,11,0,2,0,3,2,0,2,11,2,0,2,3,0,3,11,2,3,2,0,3,2,3,11,0,11,3,11,0,2,3,2,0,2,11,2,0,3,2,0,11,0,3,0,2,3,11,2,11,0,11,3,11,2,3,0,3,2,11,2,3,0,2,0,11,0,3,11,2,3,2,0,3,2,3,11,3,0,3,11,3,2,11,3,0,2,11,0,11,3,11,0,11,2,11,3,2,11,2,0,11,0,3,11,3,2,3,0,3,11,0,2,0,11,3,11,0,11,2,3,2,0,11,0,2,3,0,3,11,3"
1,4,11,336,0,0,400000220,10.597,"0,1,0,4,0,1,0,11,0,1,0,4,1,0,1,11,1,0,1,4,1,11,4,0,4,1,0,1,11,0,1,0,4,0,11,0,4,0,1,4,0,11,1,4,11,1,11,0,1,11,4,0,1,4,0,4,11,4,0,4,1,0,1,11,1,0,1,4,1,11,4,1,4,0,1,0,11,1,11,4,11,0,11,4,11,1,4,11,4,0,4,1,0,11,0,4,11,0,11,1,0,1,4,1,11,1,0,11,4,11,0,11,1,11,0,4,11,4,1,11,4,11,0,11,1,11,0,11,4,0,11,0,1,0,4,0,11,4,11,1,11,0,11,1,11,4,1,0,1,11,0,11,4,0,4,1,0,4,0,11,1,0,1,4,1,0,1,11,1,4,11,4,0,4,11,1,0,11,1,11,4,11,1,0,11,0,4,11,0,1,11,4,1,4,0,1,0,11,0,1,4,0,4,11,0,4,0,1,0,11,0,1,0,4,1,0,1,11,1,4,1,0,4,0,11,0,1,0,11,0,4,11,1,11,4,0,4,1,11,1,0,1,4,0,4,11,0,4,1,0,1,11,1,4,1,11,1,0,11,1,4,11,4,0,11,4,11,1,11,0,11,1,11,4,1,11,0,4,0,11,0,1,0,11,4,0,4,1,4,11,0,11,1,4,1,11,0,1,0,4,1,4,11,1,0,11,0,4,0,11,0,1,0,4,1,4,11,1,0,1,4,0,1,0,11,0,4,0,1,4,0,4,11,1,11,4"
2,4,11,260,0,0,400000168,9.296,"0,2,0,4,0,2,0,11,0,2,0,4,2,0,2,11,4,0,4,2,0,4,11,0,11,2,0,4,11,4,2,11,4,11,0,11,2,0,11,0,4,0,11,0,2,0,4,2,4,11,4,2,0,11,0,2,0,4,0,2,0,11,2,4,2,0,4,2,4,11,4,2,4,0,4,11,0,11,2,4,2,11,0,2,0,4,0,2,0,11,0,2,4,11,4,0,11,4,11,2,11,0,11,2,11,4,2,0,11,0,4,0,2,11,4,2,4,0,4,2,4,11,4,0,11,4,11,2,11,4,11,0,4,0,2,11,4,11,0,11,2,11,0,11,4,0,2,0,11,4,0,4,2,4,11,4,0,11,2,11,4,0,11,0,2,0,11,0,4,0,2,11,4,11,0,4,0,2,0,4,0,11,0,2,4,2,0,2,4,11,4,0,4,2,4,0,4,11,0,11,2,0,4,11,4,2,11,4,11,0,11,2,11,0,11,4,0,2,0,4,0,11,4,2,11,4,11,0,2,4,2,11,2,0,4,0,2,0,11,0,2,0,4,2,11,2,0,4,2,4,11,2,11,0,2,11,2,4,0,2"
3,4,11,310,0,0,400000172,9.814,"0,3,0,4,0,3,0,11,0,3,0,4,3,0,3,11,3,0,3,4,3,11,4,0,4,11,3,4,11,0,11,3,0,3,4,0,3,0,11,0,4,0,11,0,3,11,0,4,3,4,11,4,0,4,11,4,3,11,3,0,11,3,11,4,11,0,11,4,11,3,4,11,4,0,4,3,4,0,4,11,0,3,0,11,0,4,11,4,3,11,3,0,4,3,4,11,3,4,3,0,11,0,4,0,3,4,3,11,3,0,3,4,0,3,0,11,0,4,0,3,4,0,4,11,4,3,4,0,3,11,3,0,3,4,0,11,3,4,0,4,11,0,11,3,4,11,0,3,0,4,0,11,0,4,0,3,4,11,4,0,11,4,11,3,11,0,11,4,0,3,4,0,4,11,0,11,3,0,3,4,3,11,0,11,3,11,4,3,4,0,4,11,4,3,11,4,11,0,11,4,11,3,11,0,3,11,3,4,11,0,4,11,4,3,11,3,0,3,4,0,3,0,11,0,4,0,3,4,11,3,11,0,11,4,11,3,4,11,4,0,4,3,0,4,0,11,3,4,11,4,0,11,0,3,0,4,0,3,0,11,3,0,3,4,3,11,3,0,11,0,4,0,3,0,4,0,11,4,3,11,4,11,0,3,0,4,0,11,4,11,3,11,0,11,3,11,4,3,11,3,0,4,11,4,3,11,3,0,3,11"
1,5,11,354,0,0,400000296,10.477,"0,1,0,5,0,1,0,11,0,1,0,5,1,0,1,11,1,0,1,5,1,11,5,0,5,11,1,5,11,0,5,0,1,0,5,0,11,0,1,5,1,11,1,5,0,11,5,11,1,11,5,11,0,11,1,0,5,0,1,0,11,0,1,5,11,1,5,1,0,1,5,11,1,11,0,11,1,11,5,11,0,1,5,1,11,5,11,0,11,5,11,1,5,11,5,0,5,1,0,5,0,11,1,11,5,11,1,0,1,5,1,0,11,0,1,0,5,1,5,11,5,0,5,1,0,5,0,11,0,1,0,5,1,0,1,11,1,0,1,5,0,5,11,0,1,5,11,1,5,1,0,1,5,11,1,11,0,11,5,1,5,0,1,0,11,0,5,0,1,5,11,5,0,11,5,11,1,11,0,11,1,11,5,1,0,5,11,5,0,1,0,11,1,0,1,5,1,11,1,0,11,1,11,5,11,0,11,5,11,1,5,1,0,5,11,5,1,11,5,11,0,11,5,11,1,11,0,1,11,1,5,11,5,0,11,1,0,1,5,0,11,1,5,0,5,11,0,11,1,11,5,11,0,5,11,5,1,5,11,5,0,5,1,0,11,0,1,0,5,1,5,11,1,5,0,5,1,5,11,1,11,0,11,5,1,5,0,1,5,1,11,1,5,1,0,1,11,0,1,0,5,0,11,5,0,5,1,0,11,0,1,5,1,11,1,0,11,0,5,11,5,1,5,0,5,1,5,11,1,0,11,0,5,11,5,1,11,0,11,5,1,11,1,0,11,1,11,5,0,5,1,5,11,1"
2,5,11,269,0,0,400000316,9.129,"0,2,0,5,0,2,0,11,0,2,0,5,2,0,2,11,2,0,2,5,2,11,5,0,5,2,0,2,11,0,2,0,5,0,11,5,0,5,2,5,11,2,0,11,2,11,5,0,2,5,2,11,5,11,0,11,5,11,2,11,0,2,0,5,0,2,0,11,0,5,11,5,2,5,0,11,0,2,11,0,11,5,11,2,11,5,11,0,5,11,5,2,5,11,5,0,5,2,0,11,0,2,5,2,11,2,5,0,11,5,11,2,11,5,0,11,0,2,0,11,5,0,5,2,0,2,11,2,0,2,5,0,2,0,11,5,2,5,0,5,11,2,11,0,5,11,2,5,2,0,2,11,2,0,2,5,0,2,0,11,5,2,5,0,2,0,11,0,2,0,5,0,11,5,2,5,0,2,5,2,11,2,0,11,0,5,0,2,11,5,11,2,11,5,0,5,2,0,5,0,11,0,2,0,11,0,5,11,5,2,11,2,0,11,5,11,2,5,11,5,0,11,5,11,2,5,2,0,2,11,2,5,2,0,5,0,11,5,0,5,2,0,5,0,11,2,0,2,5,0,5,11,0,11,2,0,2,5,11,2,11,0,11,5,0,5,2,5,11"
3,5,11,292,0,0,400000328,9.821,"0,3,0,5,0,3,0,11,0,3,0,5,3,0,3,11,3,0,3,5,3,11,5,0,5,3,0,3,11,0,11,5,11,0,11,3,11,5,3,11,3,0,3,5,0,11,0,3,5,0,5,11,5,3,5,11,5,0,11,0,3,11,0,11,5,11,3,11,5,11,0,5,11,3,0,5,3,5,11,5,3,5,0,5,11,0,5,0,3,0,11,3,11,5,3,5,0,5,11,0,5,0,3,0,11,0,3,0,5,3,0,3,11,3,0,3,5,3,11,5,0,11,0,3,0,5,0,11,5,3,5,11,5,0,11,3,0,5,3,0,11,3,11,5,11,0,11,5,11,3,5,3,0,5,3,5,11,5,0,5,11,5,3,11,5,11,0,3,0,5,11,5,3,11,5,11,0,11,5,11,3,11,0,3,11,3,5,11,0,11,5,3,11,5,0,11,0,3,0,5,3,5,11,5,0,5,11,5,3,11,5,11,0,11,3,11,5,3,5,0,3,11,3,0,3,5,0,5,11,5,0,3,0,5,0,11,5,11,3,11,5,0,11,0,3,11,3,5,3,0,3,11,0,3,0,5,0,3,0,11,0,5,11,5,3,5,0,11,5,0,3,0,11,5,11,3,0,3,5,11,5,0,11,5,11,3,5,0,5,11,0,11"
4,5,11,257,0,0,400000208,8.890,"0,4,0,5,0,4,0,11,0,4,0,5,4,0,4,11,4,0,4,5,4,11,5,0,5,4,0,4,11,0,4,0,5,0,11,0,5,0,4,5,4,11,5,11,0,4,11,5,4,5,0,4,5,4,11,4,0,11,5,11,0,11,4,11,0,5,11,5,4,11,5,11,0,11,4,11,0,11,5,0,11,0,4,0,5,4,11,5,11,0,11,4,5,11,4,0,4,5,0,4,0,11,0,5,0,4,5,11,5,0,11,5,11,4,11,5,11,0,11,4,0,4,5,4,0,4,11,4,5,0,5,4,5,0,11,0,4,0,11,5,11,4,0,4,5,0,4,0,11,0,4,0,5,0,11,5,0,5,4,0,11,0,4,0,5,0,4,11,0,11,5,11,4,11,0,4,5,4,11,5,4,5,0,4,0,11,0,4,0,5,0,11,5,4,11,5,11,0,11,5,11,4,11,0,4,11,4,5,4,0,5,11,0,11,4,0,11,0,5,0,4,0,5,0,11,5,4,11,4,0,4,11,4,5,4,0,5,4,5,11,0,4,0,11,0,5,11,4,11,5,11,0,5,11,4,0,5"
1,6,11,283,0,0,400000300,9.869,"0,1,0,6,0,1,0,11,0,1,0,6,1,0,1,11,1,0,1,6,1,11,6,0,6,1,11,6,11,0,6,0,1,0,6,0,11,0,1,11,0,11,6,11,1,6,11,6,0,11,1,0,1,6,1,11,6,1,6,0,11,6,11,1,11,6,11,0,11,6,1,0,1,11,0,11,6,11,0,11,1,0,11,0,6,0,1,0,6,0,11,6,0,1,11,6,1,6,0,1,6,11,0,11,6,11,1,11,6,0,1,6,1,11,1,6,0,1,0,11,0,1,6,11,6,0,11,0,1,0,6,0,1,0,11,1,0,1,6,11,6,0,1,0,11,1,0,1,6,1,11,1,6,1,0,6,1,11,6,11,0,11,1,6,1,0,11,1,0,6,0,11,0,1,11,6,11,1,11,0,11,1,6,0,1,6,1,11,6,0,11,6,11,1,11,6,11,0,11,1,0,11,0,6,1,6,11,0,11,1,0,11,0,6,0,1,0,11,1,0,1,6,1,11,1,0,11,0,6,0,1,11,1,6,11,1,11,0,1,6,1,11,6,11,0,11,6,11,1,11,0,6,1,6,11,1,6,0,1,0,11,0,6,11,0,11,1,11,0,11,6,11,1,6,1,0,6,0,11,6,11,1,11"
2,6,11,272,0,0,400000140,9.494,"0,2,0,6,0,2,0,11,0,2,0,6,2,0,2,11,2,6,2,0,6,0,11,0,2,0,11,0,6,11,0,2,11,2,6,2,0,6,11,0,11,2,0,6,2,6,11,6,0,11,6,11,2,0,6,0,11,0,2,0,11,0,6,11,2,11,6,11,0,11,6,2,11,2,0,11,2,11,6,11,0,11,6,11,2,6,11,6,0,2,6,2,11,2,0,11,2,11,6,11,2,11,0,11,6,0,11,0,2,6,0,2,11,2,6,11,6,0,6,2,6,11,2,0,2,6,0,2,0,11,2,11,6,11,2,11,0,11,6,0,11,0,2,0,6,2,6,11,2,0,2,6,0,2,0,11,0,2,0,6,0,11,6,0,6,2,0,11,0,2,6,2,11,0,11,6,11,2,6,0,2,0,11,2,0,2,6,2,11,6,2,6,0,6,11,6,2,11,0,2,6,2,11,6,11,0,11,6,11,2,11,6,0,2,6,2,11,2,6,2,0,2,11,0,11,6,2,11,0,2,0,6,0,11,0,2,0,6,2,11,2,6,0,6,11,0,6,0,2,11,2,6,11,2,11,0,11,6,0,11,0,2,0,6,2,0,2,11,2,0,2,6"
3,6,11,260,0,0,400000268,9.154,"0,3,0,6,0,3,0,11,0,3,0,6,3,0,3,11,6,0,6,3,0,6,11,0,11,3,0,6,11,6,3,11,6,11,0,11,3,11,0,11,6,0,11,0,3,0,6,3,11,3,0,11,3,11,6,3,0,6,3,11,3,6,0,3,0,11,0,3,0,6,0,3,11,3,6,0,6,3,6,11,6,3,6,0,3,0,11,6,3,0,11,3,11,6,11,3,11,0,11,6,0,11,0,3,0,11,0,6,0,3,6,3,11,6,3,0,6,0,11,6,11,3,11,6,0,11,0,3,11,0,11,6,11,3,11,6,11,0,6,11,6,3,0,3,11,6,11,0,6,11,6,3,6,11,6,0,6,3,0,6,0,11,3,11,0,11,6,3,6,0,11,6,11,3,11,6,11,0,11,3,6,0,3,0,11,0,3,0,6,0,11,6,0,6,3,6,11,6,3,6,0,3,6,11,0,3,6,0,3,0,11,0,3,0,6,0,11,6,3,6,0,11,6,11,3,11,0,11,6,0,11,0,3,0,6,0,3,0,11,3,0,6,3,6,11,3,11,0,3,0,6,0,3,11,3,0,3,6,0,3"
4,6,11,241,0,0,400000284,8.995,"0,4,0,6,0,4,0,11,0,4,0,6,4,0,4,11,4,0,4,6,4,11,6,0,6,4,0,4,11,0,4,0,6,11,0,11,4,11,6,4,11,4,0,6,11,0,4,0,6,4,6,11,6,0,6,11,6,4,11,6,11,0,4,0,6,11,6,4,11,6,11,0,11,6,11,4,11,0,4,11,4,6,11,0,11,6,11,4,11,6,0,11,0,4,0,6,11,6,0,6,4,0,4,11,4,0,6,0,4,0,11,4,11,6,11,4,0,11,0,6,0,11,0,4,0,11,6,11,4,0,4,6,0,4,0,11,0,4,0,6,0,11,6,0,6,4,6,0,6,11,6,4,11,0,4,0,6,0,11,0,4,11,6,11,0,4,11,4,6,11,6,0,11,4,0,4,6,0,4,0,11,6,0,6,4,6,11,6,4,6,0,4,11,4,0,4,6,0,11,6,4,11,6,11,0,11,6,11,4,11,0,4,11,4,6,11,0,11,6,11,4,6,4,0,4,6,4,11,6,4,6,0,11,0,6,0,11,4,6,11,6"
5,6,11,60,1,1,7707668,0.124,"0,11,5,0,6,11,6,5,11,5,0,5,11,6,11,5,11,6,0,6,5,0,5,11,5,0,6,0,5,0,6,11,6,0,6,11,5,11,6,11,0,6,0,5,11,5,0,5,11,6,11,5,11,0,5,0,6,11,5,6"
1,7,11,400,0,0,400000344,10.804,"0,1,0,7,0,1,0,11,0,1,0,7,1,0,1,11,1,0,1,7,1,11,7,0,7,1,0,1,11,0,1,0,7,0,11,7,1,7,0,11,0,1,11,0,11,7,1,7,0,11,7,11,1,11,0,1,11,1,7,1,0,7,1,7,11,7,0,11,7,11,1,11,7,11,0,11,1,0,7,0,11,7,11,1,7,11,7,0,1,7,0,11,0,7,0,1,0,7,11,1,7,0,1,7,11,1,11,0,11,7,0,11,0,1,0,7,1,0,1,11,0,11,7,1,11,1,0,1,7,1,0,1,11,0,1,0,7,0,1,0,11,0,7,11,0,11,1,0,7,0,1,11,0,1,7,1,11,1,0,11,0,7,0,11,1,11,0,11,7,1,7,11,0,7,0,1,0,7,0,11,0,1,11,7,1,0,1,7,11,7,1,7,0,11,0,7,0,11,1,11,7,11,0,11,7,11,1,7,1,0,1,11,1,7,1,0,7,11,7,1,11,7,11,0,7,1,0,11,1,11,7,11,0,11,7,11,1,7,11,7,0,7,11,7,1,7,0,1,0,11,7,1,7,11,7,1,0,1,11,1,7,11,0,11,7,11,1,11,7,0,11,0,1,0,7,1,11,7,11,0,7,11,7,1,0,7,0,11,0,1,0,7,1,7,11,7,1,7,0,1,7,11,1,0,7,0,1,0,11,0,1,0,7,1,7,11,1,7,1,0,11,1,11,7,11,0,11,1,0,11,0,7,0,1,7,11,1,0,1,7,0,7,11,7,1,11,7,11,0,11,7,11,1,11,0,1,11,1,7,11,0,11,7,11,1,11,7,0,11,0,1,0,7,1,0,1,11,7,11,0,1,11,1,7,1,0,7,1,7,11,1,11,0,7,11,7,1,11,7,11"
2,7,11,332,0,0,400000304,10.676,"0,2,0,7,0,2,0,11,0,2,0,7,2,0,2,11,2,0,2,7,2,11,7,0,7,2,0,2,11,0,11,7,11,0,11,2,0,11,0,7,0,2,7,2,11,7,0,7,2,0,7,0,11,0,2,0,7,2,0,2,11,2,7,2,0,7,11,0,2,11,2,7,11,2,11,0,7,11,7,2,7,11,7,0,7,2,0,11,0,7,11,0,11,2,0,11,0,7,2,7,11,0,11,7,2,11,2,0,11,2,11,7,11,0,11,7,11,2,7,11,7,0,7,11,7,2,7,0,2,7,2,11,7,11,0,11,7,11,2,11,0,2,11,2,7,0,2,7,11,7,2,0,7,0,11,0,7,2,0,2,11,2,0,2,7,2,11,0,11,7,11,2,7,2,0,7,2,7,11,7,0,11,2,0,2,7,0,7,11,0,7,0,2,0,11,0,2,0,7,2,0,2,11,2,0,2,7,2,11,7,0,11,0,2,0,7,2,11,7,0,7,2,0,2,11,2,7,2,11,2,0,11,7,2,7,11,7,0,7,11,2,7,2,0,2,11,2,7,11,2,11,0,11,7,11,2,7,11,7,0,7,11,7,2,11,2,0,7,11,0,7,0,2,11,7,0,2,7,2,11,7,11,0,11,2,11,7,2,11,2,0,2,7,2,11,7,0,7,2,0,2,11,2,0,2,7,2,11,0,7,0,11,0,7,2,7,11,7,0,7,11,7,2,11,2,0,7,2,7,11,7,2"
3,7,11,290,0,0,400000220,9.401,"0,3,0,7,0,3,0,11,0,3,0,7,3,0,3,11,3,0,3,7,3,11,7,0,7,3,11,7,11,0,7,11,7,3,0,3,11,0,3,0,7,0,11,0,3,11,0,11,7,11,3,7,11,7,0,3,0,11,3,0,3,7,3,11,7,3,7,0,11,3,11,7,11,0,11,7,11,3,7,3,0,7,11,7,0,3,0,11,7,11,0,11,3,11,0,11,7,0,3,0,7,0,11,0,7,3,0,3,11,3,0,7,0,11,7,11,3,11,7,0,7,11,7,3,11,3,0,3,7,3,0,3,11,0,11,7,11,3,0,3,7,0,3,11,0,11,7,0,11,0,3,0,7,0,3,0,11,3,0,3,7,11,7,0,3,0,11,3,0,3,7,3,0,3,11,3,7,11,3,11,0,7,0,3,7,3,11,0,7,0,3,0,11,7,11,0,11,7,3,7,0,7,3,11,3,7,3,11,0,11,7,11,3,11,7,11,0,7,0,3,7,11,0,11,3,0,11,0,7,0,3,0,7,0,11,7,3,0,11,3,0,3,7,3,0,3,11,3,7,11,0,11,7,11,3,7,0,3,11,0,3,0,7,0,3,0,11,0,7,11,7,3,11,7,11,0,7,11,7,3,0,3,11,3,7,11,0,7,11,7"
4,7,11,60,1,1,7707796,0.098,"0,11,4,0,7,11,7,4,11,4,0,4,11,7,11,4,11,7,0,7,4,0,4,11,4,0,7,0,4,0,7,11,7,0,7,11,4,11,7,11,0,7,0,4,11,4,0,4,11,7,11,4,11,0,4,0,7,11,4,7"
1,8,11,336,0,0,400000316,10.867,"0,1,0,8,0,1,0,11,0,1,0,8,1,0,1,11,1,0,1,8,1,11,8,0,8,1,0,1,11,0,1,0,8,0,11,8,0,8,1,0,1,11,8,11,1,0,11,0,8,0,11,0,1,0,11,8,11,1,11,0,11,1,11,8,1,8,0,1,0,11,1,0,8,1,8,11,8,0,1,0,11,0,8,11,1,11,8,11,0,8,1,11,1,0,11,1,11,8,11,0,11,8,11,1,8,11,8,0,8,1,8,11,1,11,0,11,1,8,11,8,0,11,0,1,0,8,1,11,1,8,0,8,1,11,8,11,0,8,11,8,1,8,0,8,1,8,11,1,0,1,8,0,1,0,11,1,0,1,8,0,8,11,1,11,8,11,0,11,8,11,1,8,0,8,1,8,11,1,0,11,0,8,0,11,0,1,0,8,1,0,1,11,8,1,8,0,1,0,11,0,1,0,8,1,0,1,11,1,8,1,11,1,0,11,1,8,11,8,0,8,1,0,1,11,0,1,0,8,0,11,8,11,1,11,8,0,8,1,8,11,1,11,0,1,0,8,1,11,8,1,8,0,8,1,8,11,8,0,11,8,11,1,11,8,11,0,8,0,1,8,11,1,0,1,11,8,11,1,0,11,8,0,8,1,8,11,1,8,1,0,1,11,0,1,0,8,0,1,0,11,0,8,11,1,11,8,11,0,11,8,1,11,1,0,1,8,11,8,0,1,0,11,1,11,8,11,0,8,11,8,1,8,11,8,0,8"
2,8,11,331,0,0,400000196,9.845,"0,2,0,8,0,2,0,11,0,2,0,8,2,0,2,11,2,0,2,8,2,11,8,0,8,2,0,2,11,0,2,0,8,0,11,0,8,0,2,8,0,11,2,8,11,2,11,0,8,0,11,0,2,11,2,8,2,0,2,8,2,11,8,11,0,8,0,2,8,2,11,8,11,0,11,2,11,0,11,8,0,11,0,2,0,8,2,8,11,8,2,8,0,8,11,2,11,8,11,0,11,8,11,2,8,0,2,8,11,2,11,0,11,8,11,0,11,2,0,11,0,8,0,11,0,2,0,8,2,8,11,8,0,2,11,0,11,8,11,0,11,2,11,8,2,11,2,0,2,8,0,8,11,2,11,0,2,0,8,0,2,0,11,0,8,11,0,11,2,11,8,2,0,8,11,8,0,2,0,11,2,0,2,8,0,8,11,2,8,2,0,2,11,2,0,2,8,0,2,0,11,0,2,0,8,0,11,8,2,8,0,2,0,11,2,0,2,8,2,11,8,11,0,11,2,8,0,2,0,11,0,2,0,8,0,11,8,0,8,2,11,8,11,0,11,2,0,2,8,11,8,2,8,0,2,11,2,0,8,0,2,11,0,11,8,11,2,11,8,11,0,8,2,8,11,0,11,2,0,2,8,2,11,8,2,8,0,8,11,8,2,11,0,2,8,0,2,0,11,0,2,0,8,0,11,8,2,11,0,2,11,2,8,11,0,11,8,2,8,11,0,8,2,0,8,0,11,2,8,2,11"
3,8,11,60,1,1,7707796,0.103,"0,11,3,0,8,11,8,3,11,3,0,3,11,8,11,3,11,8,0,8,3,0,3,11,3,0,8,0,3,0,8,11,8,0,8,11,3,11,8,11,0,8,0,3,11,3,0,3,11,8,11,3,11,0,3,0,8,11,3,8"
1,9,11,406,0,0,400000528,12.346,"0,1,0,9,0,1,0,11,0,1,0,9,1,0,1,11,1,0,1,9,1,11,9,0,9,1,0,1,11,0,11,9,11,0,11,1,0,11,0,9,0,1,9,1,11,9,0,9,1,0,9,0,11,0,1,0,9,1,0,1,11,1,0,1,9,0,9,11,0,1,0,9,11,0,11,1,11,0,11,9,11,1,9,0,9,1,9,11,9,1,0,9,0,11,0,9,1,0,1,11,1,0,1,9,1,11,9,11,0,11,9,11,1,9,11,0,9,1,11,1,0,11,0,9,0,1,9,0,9,11,9,1,9,11,9,0,11,9,11,1,11,9,11,0,11,1,0,9,0,11,9,11,1,9,11,9,0,1,9,0,11,0,1,11,1,9,11,1,11,0,11,9,0,11,0,1,11,1,9,0,1,0,11,0,1,0,9,0,11,9,1,9,0,1,9,1,11,1,0,11,9,11,1,9,11,9,0,9,11,9,1,9,0,1,11,1,0,9,0,11,9,0,9,1,11,0,1,0,9,0,1,11,0,11,9,0,11,0,1,0,9,0,1,0,11,1,0,1,9,1,0,1,11,1,9,11,1,11,0,9,11,0,1,0,9,1,0,1,11,0,9,0,11,0,1,0,11,9,0,9,1,9,11,9,0,11,0,1,0,9,1,11,1,0,11,1,11,9,1,9,0,9,11,9,1,11,9,11,0,11,1,11,9,1,11,1,0,1,9,0,9,11,1,11,9,0,11,1,0,11,0,9,1,9,11,0,9,0,1,0,11,0,1,0,9,1,0,11,1,11,9,1,0,9,11,0,11,1,11,9,1,11,1,0,1,11,1,9,1,0,9,11,0,11,1,0,1,9,1,0,1,11,0,1,0,9,0,11,0,9,0,1,9,11,1,9,0,1,11,0,11,9,0,11,1,9"
2,9,11,60,1,1,7707828,0.099,"0,11,2,0,9,11,9,2,11,2,0,2,11,9,11,2,11,9,0,9,2,0,2,11,2,0,9,0,2,0,9,11,9,0,9,11,2,11,9,11,0,9,0,2,11,2,0,2,11,9,11,2,11,0,2,0,9,11,2,9"
1,10,11,60,1,1,7707828,0.099,"0,11,1,0,10,11,10,1,11,1,0,1,11,10,11,1,11,10,0,10,1,0,1,11,1,0,10,0,1,0,10,11,10,0,10,11,1,11,10,11,0,10,0,1,11,1,0,1,11,10,11,1,11,0,1,0,10,11,1,10"
1,2,12,318,0,0,400000280,9.905,"0,1,0,2,0,1,0,12,0,1,0,2,1,0,1,12,2,0,2,1,0,2,12,0,12,1,0,2,12,2,1,12,2,12,0,12,1,0,12,0,2,0,12,0,1,0,2,1,2,12,2,1,0,12,0,1,0,2,0,1,0,12,1,2,1,0,2,1,2,12,2,1,2,0,1,0,12,0,2,1,2,12,2,0,2,12,2,1,12,0,12,2,0,12,0,1,12,2,1,2,0,1,0,12,0,2,0,12,0,1,12,2,12,1,12,0,12,1,2,12,2,0,12,2,1,12,0,1,0,2,1,12,2,1,2,0,2,1,2,12,2,0,12,2,12,1,12,2,12,0,2,0,1,12,0,12,2,12,1,12,2,12,0,2,12,2,1,2,0,2,12,0,12,1,0,2,0,1,0,12,1,12,2,12,1,12,0,12,2,0,12,0,1,0,12,0,2,0,1,2,0,2,12,1,2,1,0,2,0,12,0,1,0,2,0,12,2,12,1,12,2,12,0,2,12,2,1,2,0,2,1,2,12,1,0,2,0,1,0,12,0,1,0,2,1,2,12,2,0,1,0,2,0,12,2,12,1,12,0,2,12,0,1,0,12,2,0,2,1,0,2,0,12,0,1,0,12,0,2,12,0,12,1,12,0,12,2,12,1,2,0,2,1,12,1,2,0,1,12,0,12,2,12,0,1,0,2,1,0,12,2,1,0,2,0,12,0,2"
1,3,12,352,0,0,400000360,11.016,"0,1,0,3,0,1,0,12,0,1,0,3,1,0,1,12,1,3,1,0,3,0,12,0,1,0,12,0,3,12,0,1,12,1,3,1,0,3,0,12,0,1,3,12,3,1,3,12,0,12,1,3,12,1,0,1,3,0,1,0,12,3,12,0,1,12,1,3,12,1,12,0,12,3,12,0,12,1,0,3,0,12,1,12,3,1,3,0,3,12,3,1,12,3,12,0,12,3,12,1,12,0,1,12,1,3,12,0,12,3,12,1,12,3,0,12,0,1,12,0,3,1,3,12,3,0,12,0,1,0,3,0,1,0,12,1,0,3,1,3,12,3,0,12,0,1,0,12,3,12,0,12,1,3,1,12,0,1,0,3,1,3,12,3,0,3,1,3,12,1,0,1,3,0,1,0,12,0,3,0,1,3,1,12,1,3,1,0,3,1,3,12,0,1,0,3,1,3,12,3,1,3,0,3,12,0,3,0,1,12,3,1,12,1,0,3,0,1,0,12,1,12,3,12,0,12,1,12,3,1,3,0,3,12,0,3,0,1,0,12,0,1,0,3,1,12,1,3,0,3,1,3,0,12,0,3,1,0,1,12,0,12,3,12,1,3,1,0,12,1,12,3,12,0,12,3,12,1,3,12,3,0,3,1,3,0,3,12,0,1,12,0,3,12,1,3,12,3,0,12,1,12,0,12,3,0,3,1,0,1,12,1,3,0,3,1,3,0,12,0,1,0,3,0,1,0,12,1,12,3,1,12,1,0,12,1,12,3,0,3,1,3,12,0,1,0,3,1,3,12,0,3"
2,3,12,326,0,0,400000348,10.987,"0,2,0,3,0,2,0,12,0,2,0,3,2,0,2,12,2,0,2,3,2,12,3,0,3,2,0,2,12,0,2,0,3,12,0,12,2,12,0,12,3,12,0,2,3,0,3,12,0,12,2,0,2,3,0,2,0,12,3,0,3,2,3,0,3,12,3,2,0,12,0,3,0,2,12,2,3,2,12,0,3,12,0,12,2,12,0,12,3,12,2,3,12,3,0,2,3,2,12,2,0,2,12,2,3,12,0,12,3,12,2,12,3,0,12,0,2,12,0,12,3,12,2,12,3,12,0,3,12,3,2,0,2,3,12,2,12,0,12,3,12,0,12,2,0,3,0,2,0,12,2,3,2,12,0,12,3,2,3,0,3,2,12,0,2,0,3,0,2,0,12,0,3,12,0,12,2,0,3,2,3,12,3,0,12,3,12,2,12,3,12,0,12,2,0,12,0,3,12,3,2,12,0,2,0,3,0,2,12,2,3,2,12,0,3,12,3,2,3,12,3,0,3,2,0,2,12,2,0,2,3,0,2,0,12,3,2,3,0,2,0,12,0,2,0,3,0,12,3,0,3,2,0,12,2,12,3,2,3,0,2,12,2,0,3,0,2,12,0,12,3,12,2,12,0,12,3,0,3,2,3,12,3,2,3,0,2,0,12,2,3,12,3,0,3,2,0,3,0,12,0,2,0,3,2,0,2,12,2,3,12,3,0,3,2,0,12,2,3,0,2,0,12,0,2,0"
1,4,12,330,0,0,400000252,10.685,"0,1,0,4,0,1,0,12,0,1,0,4,1,0,1,12,1,0,1,4,1,12,4,0,4,1,0,1,12,0,1,0,4,0,12,0,4,0,1,4,0,12,1,4,12,1,12,0,4,0,12,0,1,4,1,12,1,0,1,12,1,4,12,0,12,1,0,12,0,4,0,12,0,1,12,1,4,12,1,12,0,12,4,12,0,12,1,0,12,4,0,4,1,0,4,0,12,1,0,12,4,12,0,1,12,1,4,1,0,4,12,4,1,0,4,0,12,0,4,0,1,0,4,12,1,12,0,1,0,4,0,1,0,12,1,0,1,4,1,12,4,1,4,0,1,12,0,12,4,12,0,1,12,1,4,1,0,4,0,12,0,1,0,4,0,12,4,1,4,0,12,0,1,0,4,12,4,1,12,4,12,0,12,1,12,4,1,12,1,0,4,0,1,0,12,1,4,12,1,12,0,12,1,12,4,12,0,4,12,4,1,12,0,1,12,4,12,1,0,12,0,4,0,12,0,1,0,4,12,4,1,0,1,4,12,1,12,0,12,4,12,1,4,0,1,4,12,4,1,0,4,0,12,0,4,0,1,0,4,12,4,1,0,1,12,0,1,0,4,1,12,1,0,4,1,4,12,4,0,4,12,4,1,12,1,0,4,1,12,4,12,0,12,1,12,4,12,0,4,1,4,0,4,12,0,12,1,0,12,4,1,0,1,12,0,12,4,0,4,1,0,1,12,0,12,4,1,0,12,1"
3,4,12,346,0,0,400000304,10.511,"0,3,0,4,0,3,0,12,0,3,0,4,3,0,3,12,3,0,3,4,3,12,4,0,4,3,0,3,12,0,3,0,4,0,12,0,4,0,3,4,3,12,0,3,12,4,12,0,3,12,0,4,0,3,4,3,12,3,0,3,4,3,12,4,0,4,3,12,4,12,0,12,3,12,4,3,0,4,12,3,4,0,3,0,12,0,3,0,4,0,12,4,3,4,0,12,4,12,3,12,0,3,0,4,0,12,0,3,12,4,12,3,12,0,12,3,4,12,4,0,12,4,12,3,12,0,12,3,12,4,3,12,3,0,3,4,3,12,4,12,0,4,3,0,4,0,12,3,4,12,3,12,0,12,3,12,4,12,0,4,12,4,3,0,4,0,12,4,12,3,4,3,0,3,4,12,0,4,0,3,0,4,0,12,0,3,12,3,4,3,0,3,12,3,4,12,0,12,4,12,3,4,0,4,3,12,3,0,3,4,0,4,12,0,4,0,3,0,12,0,3,0,4,3,0,3,12,3,0,3,4,3,12,4,0,4,3,0,3,12,0,3,0,4,0,12,4,3,12,4,0,4,12,3,4,3,0,3,12,3,4,12,4,0,12,0,3,12,4,12,3,12,0,12,3,4,12,4,0,12,0,3,0,4,0,12,4,3,4,12,0,12,4,3,12,3,0,3,4,0,3,0,12,4,0,4,3,4,0,4,12,4,3,12,3,0,3,4,3,12,3,0,12,4,12,3,0,3,4,0,4,12,0,12,3,12,4,12,3,12,0,3,4,12,4,3"
1,5,12,350,0,0,400000396,11.272,"0,1,0,5,0,1,0,12,0,1,0,5,1,0,1,12,1,0,1,5,1,12,5,0,5,1,0,1,12,0,1,0,5,0,12,5,1,5,12,0,5,12,1,5,1,0,1,5,12,0,5,12,5,1,12,1,0,1,12,1,5,1,0,12,0,5,0,12,1,12,5,12,0,12,5,12,1,5,1,0,12,5,0,5,1,5,0,5,12,5,1,12,1,0,12,1,12,5,12,0,12,5,12,1,5,12,5,0,1,0,12,5,12,1,5,12,5,0,5,12,5,1,5,0,1,5,1,12,5,0,5,12,5,1,12,0,1,12,1,5,12,5,0,12,0,1,0,5,12,5,0,1,5,1,12,1,0,1,5,0,12,0,1,12,0,12,5,0,12,0,1,5,1,12,0,1,5,0,5,12,5,0,5,1,5,12,1,0,1,5,0,1,0,12,1,0,1,5,0,5,12,0,5,0,1,0,12,0,1,0,5,1,0,1,12,1,5,1,12,1,0,12,1,5,0,12,5,12,1,12,5,0,12,0,1,0,12,0,5,0,1,12,1,5,0,5,12,1,12,5,0,12,0,1,12,0,12,5,12,1,12,5,12,0,5,12,1,5,0,1,5,1,12,5,12,0,12,5,1,5,12,5,0,12,0,1,0,5,0,1,0,12,1,0,1,5,12,5,0,1,0,12,1,0,1,5,1,12,1,5,1,0,5,0,12,5,1,12,5,12,0,12,5,12,1,12,0,1,5,1,0,12,0,5,0,1,5,12,5,1,5,0,1,0,12,5,0,1,5,1"
2,5,12,327,0,0,400000372,11.454,"0,2,0,5,0,2,0,12,0,2,0,5,2,0,2,12,2,0,2,5,2,12,5,0,5,12,2,5,12,0,5,0,2,0,5,0,12,0,2,5,2,12,2,5,0,12,5,12,2,12,5,0,12,0,2,12,2,5,2,0,2,5,2,12,5,2,5,0,5,12,0,2,0,5,2,0,2,12,2,5,2,12,2,0,12,2,5,12,0,2,0,5,2,0,2,12,2,5,12,0,12,5,12,2,12,5,0,12,0,2,12,0,12,5,12,2,5,0,5,12,0,5,0,2,0,12,0,2,0,5,2,12,2,0,12,2,12,5,2,5,0,2,0,12,0,5,12,2,12,5,12,0,12,5,2,12,2,0,12,2,12,5,12,0,12,5,12,2,5,12,5,0,5,12,5,2,5,0,2,0,12,2,0,5,12,5,2,12,5,12,0,12,5,12,2,5,2,0,2,12,2,0,2,5,0,12,2,12,0,12,5,2,5,0,5,12,5,0,5,2,0,2,12,0,2,0,5,2,0,2,12,5,2,5,0,2,0,12,2,12,5,2,5,0,2,12,2,5,12,2,12,0,12,2,12,5,12,0,5,2,5,12,2,5,2,0,5,12,0,5,2,0,2,12,2,0,5,2,5,12,2,12,0,12,2,5,12,5,0,12,0,2,0,12,5,0,5,2,0,5,0,12,0,2,0,12,0,5,12,2,0,2,12,2,5,12,2,0,5,0,2,0,12,0,2,5,12"
3,5,12,347,0,0,400000340,11.201,"0,3,0,5,0,3,0,12,0,3,0,5,3,0,3,12,3,0,3,5,3,12,5,0,5,3,0,3,12,0,3,0,5,0,12,0,5,0,3,5,3,12,0,3,12,5,12,0,3,12,0,5,0,3,5,3,12,3,0,3,5,3,12,5,0,5,3,12,5,12,0,12,5,12,3,12,0,3,0,5,12,5,3,12,3,0,3,5,0,3,0,12,0,5,0,12,0,3,12,5,12,3,12,0,12,3,5,12,5,0,12,5,12,3,12,0,12,3,12,5,3,12,3,0,3,5,3,12,5,12,0,12,3,12,5,12,0,5,0,3,0,5,12,5,3,12,5,12,0,3,5,0,3,0,12,3,5,12,0,3,12,3,5,3,12,3,0,3,5,0,3,0,12,5,3,5,0,5,12,5,0,5,3,0,3,12,3,5,12,0,12,5,3,5,12,0,5,0,3,0,12,0,3,0,5,3,0,3,12,5,0,5,3,0,3,12,3,0,3,5,3,12,5,0,5,3,0,5,0,12,5,12,3,12,5,12,0,12,3,0,3,5,3,12,3,5,3,0,5,3,5,12,5,0,5,3,0,3,12,0,3,0,5,3,0,3,12,5,12,3,12,0,5,0,3,0,5,12,5,3,12,5,12,0,12,5,12,3,12,0,3,12,3,5,12,5,0,12,5,3,12,3,0,3,5,3,0,3,12,0,5,0,3,5,0,5,12,5,3,12,5,12,0,12,3,0,12,0,5,0,3,0,12,3,0,3,5,12,5,0,3,5,0,12,0,3,0"
4,5,12,290,0,0,400000228,9.771,"0,4,0,5,0,4,0,12,0,4,0,5,4,0,4,12,4,0,4,5,4,12,5,0,5,4,0,4,12,0,4,0,5,0,12,5,4,12,5,12,0,4,0,5,4,5,12,4,0,12,4,12,5,12,4,12,0,12,5,0,5,4,5,0,5,12,5,4,0,4,5,4,12,5,12,0,12,5,4,12,4,0,12,4,12,5,12,0,12,5,12,4,5,12,5,0,5,4,5,12,4,12,0,12,5,12,0,12,4,0,5,0,4,0,12,4,12,5,12,4,12,0,4,12,4,5,0,12,0,4,0,5,0,4,0,12,4,12,5,4,0,4,5,12,5,4,0,5,0,12,0,5,4,0,4,12,0,4,0,5,0,12,0,5,0,4,5,0,5,12,5,4,5,0,4,0,12,5,0,12,4,12,5,4,12,4,0,4,5,0,4,0,12,0,5,12,4,12,5,12,0,12,5,4,12,4,0,12,4,12,5,12,0,12,5,12,4,5,12,5,0,5,4,0,12,4,12,5,12,4,0,12,0,5,12,0,12,4,5,4,0,5,0,12,0,4,0,5,4,0,4,12,4,5,12,5,0,5,4,5,12,5,0,12,4,12,0,5,0,4,12,0,5,4,5,12,5,0,4,12,4,5,4,0,12,0,4,0,5,0"
1,6,12,325,0,0,400000336,10.044,"0,1,0,6,0,1,0,12,0,1,0,6,1,0,1,12,1,0,1,6,1,12,6,0,12,0,1,0,6,0,12,6,1,6,12,0,6,12,1,6,1,0,1,6,1,12,1,0,12,1,12,6,12,0,12,6,12,1,6,12,0,6,0,1,0,6,0,12,0,1,6,12,1,12,0,1,0,6,0,1,0,12,1,0,1,6,1,12,1,0,12,1,12,6,0,6,1,12,1,0,6,0,1,0,6,12,6,0,6,12,1,12,6,0,12,1,0,1,6,1,12,1,0,12,1,12,6,12,1,12,0,1,0,6,12,1,12,6,12,0,12,6,12,1,6,0,6,12,0,6,0,1,6,0,6,12,0,12,1,12,6,12,1,12,0,1,12,1,6,1,0,1,6,1,12,6,0,1,0,6,0,12,0,6,1,0,6,12,6,1,12,6,12,0,1,6,1,0,1,12,0,12,6,0,12,0,1,0,6,0,1,0,12,1,0,1,6,1,0,1,12,1,6,12,0,6,1,0,6,0,12,6,1,6,12,0,6,12,1,6,1,0,1,6,1,12,1,0,12,1,12,6,12,1,12,0,12,6,0,12,0,1,12,6,12,1,0,1,6,1,0,12,0,6,1,6,12,6,0,12,0,1,0,6,0,1,0,12,1,0,1,6,1,12,1,6,1,0,6,12,1,12,6,12,0,6,0,1,0,12,1,0,1,6,1,12,6,12,0,1,0,6,0,12,0"
5,6,12,321,0,0,400000204,9.858,"0,5,0,6,0,5,0,12,0,5,0,6,5,0,5,12,5,0,5,6,5,12,6,0,12,5,0,5,6,0,5,0,12,0,6,0,12,0,5,12,0,12,6,12,0,12,5,12,6,5,0,6,0,12,6,5,0,12,5,0,5,6,5,0,5,12,5,6,12,5,12,0,5,6,0,5,12,0,12,6,12,5,12,6,12,0,6,12,5,6,0,12,0,6,0,5,0,6,12,5,6,12,6,0,6,12,5,6,5,0,5,12,5,0,5,6,0,6,12,0,6,0,5,0,12,0,5,0,6,5,0,5,12,5,0,5,6,5,12,6,5,6,0,12,6,12,5,6,5,0,5,12,0,5,0,6,0,5,0,12,0,6,12,6,5,12,6,12,0,6,12,6,5,12,5,0,5,6,12,0,6,0,5,6,5,12,5,0,5,12,5,6,12,5,12,0,12,5,12,6,12,0,6,12,6,5,12,5,0,5,12,6,12,5,12,0,5,0,6,0,12,0,5,12,0,12,6,12,0,12,5,12,6,5,0,6,0,12,0,6,0,5,0,12,5,0,5,6,12,6,0,5,0,12,5,0,5,6,5,12,5,6,5,0,6,12,5,12,0,12,6,0,6,5,12,5,6,0,5,0,12,0,5,0,6,0,12,6,5,12,6,12,0,12,6,12,5,6,5,0,6,5,12,0,6,12,6,5,12,5,0,5,12,5,6,5,0,12,6,12,5"
1,7,12,427,0,0,400000536,12.625,"0,1,0,7,0,1,0,12,0,1,0,7,1,0,1,12,1,0,1,7,1,12,7,0,7,1,0,1,12,0,1,0,7,0,12,0,7,0,1,7,0,12,1,7,12,1,12,0,7,0,12,0,1,12,1,7,1,0,1,7,1,12,7,0,1,7,12,1,12,0,1,7,0,12,7,12,1,12,7,12,0,12,1,0,12,0,7,0,1,0,12,1,7,1,0,7,0,12,0,7,0,1,7,0,12,7,12,1,7,1,0,7,0,12,0,1,0,7,1,0,1,12,1,0,1,7,1,12,7,1,7,0,1,12,1,0,1,7,0,12,7,0,7,1,12,0,12,7,0,12,0,1,0,12,0,7,0,1,7,12,7,0,1,0,12,1,0,1,7,1,12,7,1,7,0,7,12,7,1,12,7,12,0,12,7,12,1,12,0,1,7,0,7,12,7,1,12,0,1,7,1,0,12,0,1,7,0,7,12,0,12,1,12,0,12,7,12,1,0,7,0,12,7,12,1,12,7,12,0,7,12,7,1,7,0,7,1,7,12,1,12,0,12,7,0,12,0,1,7,12,1,0,12,1,7,12,7,0,7,1,7,12,1,7,1,0,1,12,1,0,1,7,0,1,0,12,0,7,0,1,7,1,12,7,12,0,7,0,1,0,12,0,7,12,0,12,1,12,7,12,1,12,0,1,7,12,7,1,7,0,7,1,12,7,1,0,1,12,0,1,0,7,12,7,1,12,7,0,12,0,1,0,12,0,7,0,1,7,12,7,0,1,7,1,12,1,0,1,7,0,1,0,12,0,1,0,7,1,7,12,0,1,0,12,0,7,0,12,0,1,12,7,12,0,7,12,7,1,7,0,7,12,0,7,0,1,12,1,0,7,1,7,12,1,7,1,0,1,12,0,1,0,7,0,1,0,12,1,12,7,12,0,1,0,7,1,0,1,12,1,7,1,12,1,0,12,1"
2,7,12,322,0,0,400000316,10.454,"0,2,0,7,0,2,0,12,0,2,0,7,2,0,2,12,2,0,2,7,2,12,7,0,7,2,12,7,12,0,7,0,2,0,7,0,12,0,2,12,0,12,7,12,0,12,2,12,7,2,12,2,0,12,7,12,0,2,0,7,2,0,2,12,2,0,2,7,2,12,7,2,7,0,12,2,12,7,12,0,12,7,12,2,7,0,7,2,12,7,2,0,7,0,12,0,2,12,0,12,7,12,0,12,2,12,7,2,0,2,12,0,12,7,0,12,0,2,0,7,0,2,0,12,2,0,2,7,12,2,12,0,2,0,7,0,12,7,12,2,12,7,12,0,12,7,2,7,0,2,7,2,12,7,2,7,0,2,0,12,0,7,2,12,7,12,0,7,0,2,0,12,0,2,0,7,2,0,2,12,2,0,2,7,2,12,7,2,7,0,2,0,12,0,2,7,2,0,2,12,0,12,7,12,2,12,0,2,12,2,7,2,12,2,0,2,7,0,12,7,12,2,12,7,12,0,12,2,0,12,0,7,2,7,12,0,12,2,0,12,0,7,0,12,0,2,0,7,2,0,2,12,2,0,2,7,2,12,7,0,7,2,12,7,12,0,12,2,0,7,2,12,7,2,0,7,0,12,0,2,12,0,12,7,12,2,12,7,12,0,7,2,12,2,7,2,0,2,7,12,2,12,0,12,2,12,7,12,0,2,0,7,2,0,2,12,7,12,0,12,2,7"
3,7,12,321,0,0,400000368,11.381,"0,3,0,7,0,3,0,12,0,3,0,7,3,0,3,12,3,0,3,7,3,12,7,0,7,3,0,3,12,0,3,0,7,0,12,7,3,7,12,0,7,12,3,7,3,0,3,7,3,12,3,0,7,12,0,12,3,0,7,12,3,7,12,7,0,7,12,3,0,12,0,7,0,12,0,3,0,7,3,7,12,3,12,0,3,0,7,3,7,12,7,0,7,12,7,3,12,7,12,0,12,7,12,3,12,0,3,12,3,7,12,0,7,12,3,7,3,0,3,12,0,7,0,3,12,0,12,7,12,3,12,7,12,0,7,12,7,3,0,7,0,12,0,3,0,12,0,7,12,3,12,0,3,0,7,3,0,3,12,3,7,12,0,12,7,3,7,0,7,3,12,3,0,3,7,0,7,12,0,7,0,3,0,12,0,3,0,7,3,0,3,12,3,0,3,7,3,12,7,0,7,3,0,3,12,3,0,3,7,0,3,0,12,0,7,12,7,3,12,7,12,0,7,12,7,3,0,7,0,12,0,7,0,3,0,12,3,0,3,7,3,0,3,12,0,12,7,0,12,3,7,3,0,7,3,7,12,0,12,7,12,3,12,7,12,0,7,0,3,0,12,7,12,0,12,3,0,3,7,3,12,3,0,12,7,12,3,0,12,0,7,0,3,0,7,0,12,7,12,3,7,0,3,0,12,3,0,3,7,3,12,7,12,0,7,0,3,0,7,12,3"
4,7,12,306,0,0,400000268,9.978,"0,4,0,7,0,4,0,12,0,4,0,7,4,0,4,12,4,0,4,7,4,12,7,0,7,4,0,4,12,0,4,0,7,0,12,7,4,12,7,12,0,7,0,4,7,0,7,12,7,4,7,12,7,0,12,7,12,4,0,7,4,12,4,0,7,0,12,4,12,7,4,7,0,7,12,7,4,12,7,12,0,12,7,12,4,7,4,0,12,7,12,0,12,4,12,0,7,12,0,4,0,7,0,12,7,12,4,7,0,4,7,4,12,7,12,0,12,7,4,7,0,7,12,7,0,7,4,0,4,12,0,4,0,7,0,12,0,7,0,4,7,0,12,4,7,12,4,12,0,12,4,7,12,7,0,7,12,4,7,4,0,4,12,4,7,12,4,12,0,12,7,0,4,0,7,0,12,0,7,4,0,4,12,0,4,0,7,0,12,0,7,0,4,7,0,7,12,4,7,4,0,7,0,12,0,7,0,4,0,12,4,12,7,12,0,4,12,0,7,0,4,12,4,7,12,7,0,7,12,4,12,7,12,0,4,0,7,12,0,12,4,12,7,12,4,12,0,4,0,7,4,0,4,12,0,4,0,7,12,0,12,4,0,4,7,0,7,12,7,0,4,0,7,0,12,7,12,4,0,4,7,12,4,12,0,12,7,12,0,12,4,0,7,12,7,0,7,4,12,4,0,12,0,7,12,0"
5,7,12,60,1,1,7707828,0.100,"0,12,5,0,7,12,7,5,12,5,0,5,12,7,12,5,12,7,0,7,5,0,5,12,5,0,7,0,5,0,7,12,7,0,7,12,5,12,7,12,0,7,0,5,12,5,0,5,12,7,12,5,12,0,5,0,7,12,5,7"
1,8,12,365,0,0,400000368,11.662,"0,1,0,8,0,1,0,12,0,1,0,8,1,0,1,12,1,0,1,8,1,12,8,0,8,1,0,1,12,0,1,0,8,0,12,0,8,0,1,8,0,8,12,1,0,1,12,1,8,12,8,0,1,0,8,12,0,12,1,12,0,8,12,8,1,12,1,0,1,12,1,8,1,0,8,1,8,12,0,1,0,8,0,12,0,8,0,1,8,1,12,1,0,12,1,12,8,12,0,8,0,1,0,8,12,8,1,12,8,12,0,12,8,12,1,12,0,1,12,1,8,0,12,8,12,1,8,0,1,8,1,12,1,8,1,0,1,12,0,1,0,8,1,12,8,12,0,8,0,1,8,0,12,8,12,1,12,0,12,1,12,8,1,12,1,0,1,8,0,8,12,1,8,0,1,0,12,0,8,0,1,8,0,8,12,8,0,8,1,8,12,1,8,1,0,8,12,8,0,1,0,8,0,1,12,1,0,8,1,8,12,1,8,1,0,1,12,1,0,1,8,0,1,0,12,0,1,0,8,0,12,8,0,8,1,0,1,12,1,8,1,0,1,12,0,8,0,1,8,1,12,1,0,12,1,12,8,0,12,0,1,0,8,0,12,0,1,12,8,12,0,8,12,8,1,8,0,1,0,12,8,12,1,12,0,1,8,1,0,1,12,0,8,0,12,0,1,12,0,8,1,8,12,1,12,0,12,1,12,8,12,0,8,12,8,1,12,1,0,1,12,1,8,1,0,8,12,8,1,12,8,12,0,12,1,0,1,8,1,0,12,0,1,0,8,12,8,1,0,8,0,12,0,1,0,12,0,8,12,0,1,8,12,1,8"
3,8,12,333,0,0,400000288,11.216,"0,3,0,8,0,3,0,12,0,3,0,8,3,0,3,12,3,0,3,8,3,12,8,0,8,3,0,3,12,0,3,0,8,0,12,0,8,0,3,8,3,12,0,3,12,8,12,0,3,12,0,8,0,3,8,3,12,3,0,3,8,3,12,8,0,8,3,0,8,0,12,8,3,12,8,12,0,12,8,12,3,8,3,0,3,8,12,0,8,0,3,0,8,12,0,12,3,12,0,12,8,12,0,3,0,8,12,8,3,12,8,12,0,12,8,12,3,12,0,3,12,3,8,12,8,0,12,3,12,8,0,12,0,3,0,12,0,8,0,3,8,3,12,3,0,8,12,0,3,0,8,3,8,12,8,0,12,8,12,3,12,0,12,3,12,8,3,0,3,8,3,12,3,8,0,12,0,3,0,8,3,12,3,8,0,8,3,12,8,12,0,8,0,3,0,12,0,8,0,3,8,3,12,3,8,3,0,3,12,0,3,0,8,0,3,0,12,3,12,8,3,0,8,0,12,0,3,0,8,0,12,8,12,3,8,0,8,3,8,12,3,0,8,0,3,0,12,0,3,0,8,3,8,12,3,8,3,0,12,3,12,8,12,3,12,0,12,8,0,3,0,12,3,12,8,3,8,0,3,0,12,0,8,0,3,8,12,8,0,12,8,12,3,12,0,12,3,12,8,3,0,3,12,8,12,0,8,12,8,3,8,0,3,12,3,8,0,3,0,12,0,8,12,8,3,0,3,8,3,12,0,8,0"
1,9,12,452,0,0,400000372,12.839,"0,1,0,9,0,1,0,12,0,1,0,9,1,0,1,12,1,0,1,9,1,12,9,0,9,1,0,1,12,0,1,0,9,0,12,9,0,9,1,0,1,12,9,12,1,0,12,0,9,0,12,0,1,0,12,9,12,1,12,0,12,1,12,9,1,9,0,1,0,12,0,1,0,9,0,12,9,0,9,1,0,1,12,1,9,12,0,9,1,9,12,1,12,0,12,9,12,1,9,12,9,0,9,12,9,1,9,0,1,0,12,0,9,0,12,0,1,12,9,12,0,9,12,9,1,12,1,0,12,1,12,9,12,0,12,9,12,1,9,12,9,0,9,12,9,1,9,0,1,12,1,9,12,1,12,0,12,1,12,9,12,0,9,1,9,0,12,0,1,12,0,12,9,12,1,12,0,1,12,1,9,1,0,1,12,0,9,12,0,1,12,9,1,9,0,9,12,9,1,12,9,12,0,12,1,0,12,0,9,0,1,0,12,1,12,9,1,0,1,12,0,1,0,9,0,12,0,9,0,1,9,12,9,0,12,0,1,12,1,9,1,12,1,0,1,9,0,1,0,12,0,1,0,9,0,12,9,0,9,1,0,1,12,1,0,1,9,1,12,0,9,0,1,9,0,9,12,9,1,12,1,0,1,12,9,12,0,12,1,0,1,9,1,0,12,9,0,12,0,1,0,12,9,0,9,1,9,0,9,12,9,1,12,9,12,0,1,12,1,9,12,9,0,9,12,9,1,12,9,12,0,12,1,12,0,12,9,0,12,0,1,9,0,9,12,9,0,9,1,9,12,1,12,0,12,1,9,0,9,12,0,9,0,1,0,12,1,0,1,9,1,12,9,12,0,12,1,12,0,12,9,0,12,0,1,0,9,0,1,0,12,1,0,1,9,1,12,9,0,9,1,0,9,0,12,0,1,12,9,12,1,12,0,12,1,9,12,9,0,9,1,9,12,1,12,0,12,1,12,9,1,12,1,0,9,12,0,12,1,0,1,9,1,0,1,12,0,1,9,0,12,1"
2,9,12,434,0,0,400000488,14.139,"0,2,0,9,0,2,0,12,0,2,0,9,2,0,2,12,2,0,2,9,2,12,9,0,9,2,0,2,12,0,2,0,9,0,12,9,2,9,0,12,0,2,12,0,12,9,0,12,0,2,9,0,9,12,9,0,9,2,9,0,12,2,0,9,0,12,2,12,0,9,12,2,9,12,9,0,9,12,9,2,9,0,2,0,12,2,9,2,12,2,0,12,9,12,0,2,0,12,0,9,2,9,12,0,9,0,2,0,12,0,2,0,9,2,9,12,2,9,2,0,2,12,2,0,2,9,0,2,0,12,0,2,0,9,0,12,9,2,9,0,2,0,12,2,0,2,9,12,2,12,0,12,9,12,0,12,2,0,9,0,2,0,12,0,2,9,0,9,12,9,2,9,0,2,0,12,2,0,2,9,0,2,0,12,2,12,9,12,0,9,12,9,2,9,12,9,0,9,2,0,9,0,12,0,9,0,2,9,2,12,9,0,12,0,2,12,0,12,9,12,2,12,9,12,0,9,2,0,2,12,2,0,9,2,9,12,9,0,9,12,9,2,12,9,12,0,12,9,12,2,12,0,2,12,2,9,12,9,0,9,12,2,12,9,12,0,9,0,2,0,12,9,12,0,12,2,0,2,9,2,0,2,12,0,2,9,0,12,9,0,9,2,9,0,9,12,9,2,12,2,0,2,12,9,12,0,12,9,2,9,12,9,0,2,0,9,0,12,9,12,2,12,0,12,9,0,2,0,12,2,0,2,9,0,9,12,0,9,0,2,0,12,0,2,0,9,2,0,2,12,2,9,2,0,9,0,12,0,2,0,9,0,12,9,2,12,9,0,12,0,2,12,0,12,9,12,2,12,9,12,0,9,12,2,0,9,2,9,12,2,12,0,12,9,0,2,0,9,0,12,0,9,2,0,2,12,2,9,2,0,9,0,12,9,12,2,9,12,9,0,12,9,12,2,9,2,0,9,0,12,9,2,9,12"
1,10,12,457,0,0,400000604,14.708,"0,1,0,10,0,1,0,12,0,1,0,10,1,0,1,12,1,0,1,10,1,12,10,0,10,1,0,1,12,0,12,10,12,0,12,1,0,12,0,10,0,1,10,1,12,10,0,10,1,0,10,0,12,0,1,0,10,1,0,1,12,1,0,1,10,0,10,12,0,1,0,10,12,0,12,1,12,0,12,10,12,1,10,0,10,1,10,12,10,1,0,10,0,12,0,10,1,0,1,12,1,0,1,10,1,12,0,12,10,12,1,12,10,12,0,10,1,10,12,1,12,0,1,0,10,0,12,1,12,0,10,12,10,1,10,12,0,10,0,1,10,0,10,12,10,1,10,12,10,0,12,10,12,1,12,0,12,1,12,10,1,10,0,10,12,10,0,10,1,0,12,0,1,10,0,1,12,1,10,12,10,0,12,10,12,1,12,0,12,1,12,10,1,12,1,0,1,10,1,12,10,0,12,1,12,10,0,10,1,0,10,0,12,0,1,0,10,1,0,1,12,1,0,1,10,1,12,10,0,12,1,12,10,1,10,0,10,12,10,0,10,1,0,10,12,0,1,12,1,10,1,0,10,1,10,12,0,10,0,1,0,12,0,1,0,10,1,0,1,12,1,0,1,10,1,12,10,1,10,0,1,0,12,1,12,10,12,1,0,12,0,10,0,1,10,1,12,1,0,1,10,0,12,0,10,0,1,10,1,12,10,1,10,0,1,10,1,12,10,12,0,10,12,1,10,1,0,1,12,1,10,12,1,12,0,12,1,12,10,12,0,10,12,10,1,12,1,0,10,1,10,12,10,0,10,12,10,1,12,10,0,12,1,12,0,10,0,12,1,0,1,10,1,12,0,10,12,1,10,12,0,10,1,0,10,0,12,0,10,0,1,0,12,1,0,1,10,1,0,1,12,0,12,10,12,1,12,0,12,10,0,1,0,12,1,0,1,10,0,12,10,12,1,10,0,1,12,10,1,10,0,10,1,10,12,10,0,12,10,12,1,12,0,1,12,1,10,0,12,0,10,0,1,10,12,0,12"
1,11,12,60,1,1,7707828,0.099,"0,12,1,0,11,12,11,1,12,1,0,1,12,11,12,1,12,11,0,11,1,0,1,12,1,0,11,0,1,0,11,12,11,0,11,12,1,12,11,12,0,11,0,1,12,1,0,1,12,11,12,1,12,0,1,0,11,12,1,11"
1,2,13,337,0,0,400000304,9.827,"0,1,0,2,0,1,0,13,0,1,0,2,1,0,1,13,2,0,2,1,0,2,13,0,13,1,0,2,13,2,1,13,2,13,0,13,1,0,13,0,2,0,13,0,1,0,2,1,2,13,2,1,0,13,0,1,0,2,0,1,0,13,1,2,1,0,2,1,2,13,2,1,2,0,1,0,13,0,2,13,0,13,1,13,2,1,2,0,2,1,2,13,2,1,0,13,1,13,2,13,1,13,0,13,2,0,13,0,1,0,2,1,13,2,0,2,13,1,13,0,2,13,1,0,1,2,0,1,0,13,0,2,0,13,0,1,13,0,13,2,13,1,13,0,1,0,2,1,2,13,0,2,13,1,13,2,0,13,0,1,13,0,13,2,13,1,13,2,13,0,2,13,2,1,2,13,2,0,2,1,0,2,0,13,2,1,2,13,0,13,1,13,2,1,0,2,0,13,0,1,0,13,0,2,13,0,13,1,13,2,13,0,2,13,2,1,2,0,1,13,1,2,13,1,13,0,1,0,2,1,13,1,0,2,1,2,13,2,1,2,0,2,1,13,1,0,2,0,1,0,13,0,1,0,2,1,2,13,0,1,0,2,0,13,1,13,0,13,2,0,2,1,2,13,2,0,13,2,13,1,13,2,13,0,13,1,0,13,0,2,0,13,0,1,0,2,1,0,1,13,0,13,2,13,1,2,1,0,1,2,1,13,1,0,2,0,1,0,13,0,1,0,2,1,13,2,0,2,1,0,1,13,0,1,2,0,1"
1,3,13,413,0,0,400000448,13.156,"0,1,0,3,0,1,0,13,0,1,0,3,1,0,1,13,1,3,1,0,3,0,13,0,1,0,13,0,3,13,0,1,13,1,3,1,0,3,0,13,0,1,3,13,3,1,3,0,3,1,13,0,13,3,13,1,13,3,13,0,3,1,3,13,1,13,0,1,0,3,0,1,13,0,13,3,0,13,0,1,3,1,13,0,1,3,0,3,13,3,1,3,0,1,3,1,13,1,0,1,3,0,1,0,13,0,1,0,3,0,13,3,1,3,0,1,3,1,13,3,0,13,1,0,13,0,3,1,3,0,13,3,13,1,13,3,0,3,1,3,13,3,1,3,0,1,0,13,3,0,1,3,1,13,1,0,3,1,0,13,0,1,3,0,3,13,0,13,1,3,0,1,3,1,13,0,3,1,13,3,13,0,13,3,13,1,13,0,1,13,1,3,1,0,3,0,13,0,1,13,0,13,3,13,0,13,1,13,3,1,13,1,0,13,3,13,0,13,1,13,0,3,13,3,1,3,13,3,0,3,13,1,0,1,3,0,3,13,3,0,1,0,13,1,0,1,3,1,13,1,0,13,1,13,3,13,0,3,0,1,3,0,13,3,1,13,3,13,0,13,3,13,1,13,0,1,13,1,3,0,1,0,13,0,3,13,0,13,1,0,1,3,0,1,0,13,1,0,1,3,0,3,13,3,0,3,1,0,3,13,1,0,13,1,13,3,13,1,0,13,0,3,0,13,0,1,0,3,1,3,13,3,0,1,13,0,1,0,3,1,3,13,3,1,3,0,1,3,1,13,1,0,1,3,0,1,0,13,0,1,0,3,1,3,13,3,0,1,0,3,0,13,3,13,1,13,0,1,0,3,0,1,0,13,1,0,3,1,3,13,1,3,1,0,13,1,13,3,13,1,13,0,13,3,0,1,0,13,0,3,0,13,0"
2,3,13,360,0,0,400000456,12.761,"0,2,0,3,0,2,0,13,0,2,0,3,2,0,2,13,2,0,2,3,2,13,3,0,3,2,0,2,13,0,2,0,3,13,0,13,2,13,0,13,3,13,0,2,3,0,3,13,0,2,3,2,13,3,2,3,0,13,2,0,2,3,2,0,13,2,13,3,13,0,13,2,13,3,2,3,0,3,13,3,2,13,3,13,0,13,3,13,2,13,0,2,13,2,3,13,0,3,13,2,13,3,0,13,0,2,0,3,0,13,3,2,3,0,13,3,13,2,13,0,2,13,2,3,2,0,3,2,3,13,0,3,0,2,0,3,0,13,0,2,13,0,13,3,0,2,3,2,13,3,0,13,0,2,13,0,13,3,13,2,13,3,13,0,3,2,13,2,0,2,3,2,0,2,13,0,3,0,13,2,0,13,3,13,2,13,0,2,0,3,2,3,13,3,2,3,0,2,3,2,13,2,0,2,3,0,2,0,13,0,2,0,3,2,3,13,3,2,3,0,3,13,0,2,0,13,0,3,0,13,2,3,2,0,2,13,0,13,3,13,2,13,3,13,0,3,13,3,2,3,0,2,13,0,13,3,0,3,2,0,3,0,13,0,2,0,13,0,3,13,0,13,2,13,0,13,3,13,2,3,13,3,0,13,2,13,0,13,3,0,2,13,2,3,2,0,3,0,13,0,2,13,0,13,3,13,2,3,13,3,0,3,2,0,3,0,13,3,13,2,13,0,3,0,2,0,13,0,2,0,3,2,13,2,0,3,0,13,3,13,2,0,13,2,3,2,0,3,2,3,13,3,0,13,0,2,3,13,0,3"
1,4,13,404,0,0,400000504,13.184,"0,1,0,4,0,1,0,13,0,1,0,4,1,0,1,13,1,0,1,4,1,13,4,0,4,1,0,1,13,0,1,0,4,0,13,0,4,0,1,4,0,13,1,4,13,1,13,0,4,0,13,0,1,4,1,13,1,0,1,13,1,4,13,0,4,13,1,4,1,0,4,1,4,13,4,0,13,4,13,1,13,0,1,0,4,1,4,13,1,0,4,0,1,0,13,0,1,4,0,4,13,4,1,4,13,4,0,13,4,13,1,13,4,13,0,13,1,0,13,0,4,1,13,4,0,13,4,13,1,0,1,13,1,4,13,4,0,1,4,0,13,0,4,1,0,1,13,0,13,4,13,0,13,1,13,4,1,13,1,0,13,0,4,0,1,4,1,13,1,0,1,4,0,1,0,13,0,4,0,1,4,1,13,1,0,13,0,4,13,1,13,4,0,4,13,1,4,1,0,4,0,13,0,4,0,1,0,13,4,1,4,0,1,0,13,0,1,0,4,1,0,1,13,1,4,1,0,4,1,4,13,0,4,0,1,0,4,0,13,0,1,4,1,13,1,0,13,4,0,4,1,4,13,1,4,1,0,13,1,13,4,13,0,13,1,0,1,4,1,0,1,13,0,1,0,4,13,1,4,13,4,0,13,0,1,13,0,13,4,13,1,13,4,13,0,4,13,4,1,4,0,1,13,0,13,4,13,0,1,13,1,4,1,13,0,1,0,4,1,4,13,4,1,4,0,4,13,1,0,1,4,0,4,13,4,0,4,1,0,4,0,13,1,0,1,4,1,13,4,13,0,4,1,0,4,0,13,4,13,1,13,0,13,1,13,4,1,13,1,0,4,13,0,1,0,4,1,4,13,1,4,0,4,1,4,13,1,13,0,13,4,0,4,1,4,0,13,0,1,0,4,0,1,0"
2,4,13,314,0,0,400000392,10.208,"0,2,0,4,0,2,0,13,0,2,0,4,2,0,2,13,4,0,4,2,0,4,13,0,13,2,0,4,13,4,2,13,4,13,0,13,2,0,13,0,4,0,13,0,2,0,4,2,4,13,4,2,0,13,0,2,0,4,0,2,0,13,2,4,2,0,4,2,4,13,4,2,4,0,2,0,13,0,4,2,4,13,4,0,4,13,4,2,13,0,13,4,0,4,2,0,2,13,0,4,0,2,13,0,13,4,13,0,13,2,13,4,2,4,0,13,0,2,4,0,4,13,4,2,4,13,4,0,13,4,13,2,13,4,13,0,13,2,0,13,0,4,13,2,13,4,0,13,4,2,4,0,4,13,0,13,2,0,13,0,4,0,2,0,4,0,13,4,2,0,4,13,0,13,2,13,0,4,13,4,2,4,13,4,0,4,2,13,0,13,4,0,4,2,4,0,4,13,0,4,0,2,0,13,0,2,0,4,2,4,13,0,4,0,2,4,0,4,13,2,13,0,13,4,13,0,13,2,0,2,4,0,2,0,13,0,4,0,13,0,2,13,0,13,4,13,2,13,4,13,0,4,13,4,2,0,13,2,0,2,4,0,4,13,4,2,13,0,13,2,4,13,2,0,13,0,4,0,13,0,2,0,4,2,0,2,13,4,2,4,0,2,0,13,0,4,13,4,2,4,0,2,13,2,4,13,4,0,13,0,2,13,2,4"
3,4,13,361,0,0,400000428,11.377,"0,3,0,4,0,3,0,13,0,3,0,4,3,0,3,13,3,0,3,4,3,13,4,0,4,3,0,3,13,0,3,0,4,0,13,4,0,4,3,0,3,13,4,13,3,0,13,0,4,0,13,0,3,0,13,4,13,3,13,0,13,3,13,4,3,4,0,3,0,13,0,4,0,3,4,0,4,13,4,3,13,4,13,0,13,3,0,3,4,3,13,3,4,3,0,4,13,4,3,13,4,13,0,13,4,13,3,13,0,3,13,3,4,13,0,13,4,3,13,4,0,13,0,3,0,13,4,3,13,4,13,0,4,0,3,0,4,0,13,0,3,13,3,4,13,3,13,0,13,4,13,0,13,3,0,13,0,4,0,13,0,3,0,4,3,0,3,13,4,0,13,0,3,0,13,4,0,4,3,4,13,4,0,13,0,3,13,4,3,13,3,0,13,0,4,0,3,13,3,0,3,4,0,4,13,4,0,4,3,0,4,0,13,0,3,0,4,3,0,3,13,3,0,3,4,0,4,13,0,3,13,3,4,3,0,3,4,3,13,4,13,0,13,4,3,13,4,13,0,4,0,3,0,4,0,13,0,3,4,3,0,3,13,0,4,0,13,0,3,13,3,4,13,4,0,3,4,3,13,3,0,13,3,13,4,13,0,13,4,13,3,4,13,0,3,0,13,0,4,13,3,13,4,0,4,3,13,4,3,0,3,13,0,3,0,4,0,13,0,4,0,3,4,0,4,13,4,3,13,4,13,0,13,3,13,4,3,4,0,3,13,0,3,0,4,3,4,13,4,0,13,0,3,0,13,4,3,13,4,13,0"
1,5,13,397,0,0,400000512,13.825,"0,1,0,5,0,1,0,13,0,1,0,5,1,0,1,13,1,0,1,5,1,13,5,0,5,1,0,1,13,0,1,0,5,0,13,0,5,0,1,5,0,5,13,1,0,1,13,1,5,1,13,1,0,13,5,13,0,1,0,5,0,13,5,1,13,1,0,13,5,1,5,13,5,0,5,13,1,0,1,5,0,1,0,13,0,5,0,13,0,1,13,1,5,13,0,13,5,13,1,5,0,13,0,5,0,1,13,1,5,1,13,0,13,1,13,5,1,5,0,5,1,13,1,5,1,13,0,13,5,13,1,13,5,13,0,5,0,1,13,5,13,0,13,1,13,0,13,5,0,1,0,5,0,13,5,1,13,1,0,13,5,1,5,13,5,0,5,13,5,1,13,0,13,5,0,13,0,1,13,5,1,5,0,1,0,13,0,1,0,5,0,13,1,5,13,5,0,5,13,1,5,1,0,1,13,0,1,0,5,1,5,13,0,5,0,1,0,13,0,1,0,5,1,0,1,13,1,0,1,5,1,13,5,1,5,0,1,13,1,0,1,5,0,5,13,0,13,1,0,5,13,5,0,5,1,0,1,13,5,13,0,5,0,1,0,13,0,1,0,5,1,13,0,13,5,0,5,1,0,1,13,1,5,1,0,1,13,0,5,13,5,1,13,5,13,0,13,1,13,0,13,5,0,13,0,1,5,0,5,13,0,13,1,13,5,1,5,0,5,13,0,5,0,1,0,13,0,1,0,5,1,0,1,13,5,0,5,1,0,1,13,1,0,1,5,1,13,5,0,5,1,0,5,0,13,0,1,13,0,13,5,1,5,0,1,5,1,13,1,0,13,5,13,0,13,1,0,13,5,1,5,13,5,0,13,0,1,0,5,0,1,0,13,1,0,5,1"
2,5,13,390,0,0,400000244,11.204,"0,2,0,5,0,2,0,13,0,2,0,5,2,0,2,13,2,0,2,5,2,13,5,0,5,2,0,2,13,0,2,0,5,0,13,0,5,0,2,5,0,5,13,2,0,2,13,2,5,2,13,2,0,13,5,13,0,2,0,5,0,13,5,2,13,5,13,0,5,0,2,0,13,0,2,0,5,2,13,2,0,13,0,5,13,5,2,13,5,13,0,13,2,13,0,13,5,0,13,0,2,0,13,0,5,0,2,5,0,5,13,0,2,0,13,5,0,13,2,13,5,13,0,5,2,0,5,0,13,5,13,2,5,2,0,2,13,2,5,13,0,13,5,13,2,13,5,0,13,0,2,13,0,13,5,13,2,13,5,13,0,5,2,5,13,0,13,2,0,13,0,5,0,13,0,2,0,5,2,5,13,2,13,0,13,5,13,0,13,2,0,5,13,5,2,13,2,0,2,5,2,0,2,13,0,2,5,0,5,13,0,5,2,0,13,0,2,5,2,0,13,2,13,5,13,0,13,2,0,13,0,5,0,13,0,2,0,5,2,5,13,5,2,5,0,5,13,0,2,0,5,2,0,2,13,0,2,0,5,2,5,13,5,0,2,0,5,0,2,13,2,5,2,0,2,5,2,13,5,13,0,13,2,13,5,13,0,5,0,2,0,5,0,13,0,2,5,2,0,2,13,2,0,2,5,0,13,0,5,2,5,13,5,2,0,13,2,5,13,2,13,0,13,2,13,5,13,0,5,13,5,2,0,13,0,2,0,5,0,2,13,0,13,5,13,0,2,13,2,5,2,0,5,13,5,2,0,5,0,13,0,2,0,13,0,5,13,2,5,0,5,13,0,13,2,13,5,13,0,13,2,0,5,0,2,13,2,5,2,0"
3,5,13,370,0,0,400000356,11.565,"0,3,0,5,0,3,0,13,0,3,0,5,3,0,3,13,3,0,3,5,3,13,5,0,5,13,3,5,13,0,5,0,3,0,5,0,13,0,3,5,3,13,3,5,0,13,5,13,3,13,5,0,13,0,3,13,3,5,3,0,3,13,0,5,0,3,13,0,13,5,0,5,3,5,0,5,13,0,5,0,3,0,13,0,3,0,5,3,0,3,13,3,5,13,0,5,0,3,0,5,13,5,3,5,13,0,13,3,13,5,3,5,0,3,5,3,13,3,0,3,13,3,5,13,3,13,0,13,3,13,5,13,0,5,3,5,13,3,13,0,3,0,5,3,5,13,5,3,0,5,0,13,0,5,0,3,0,13,3,0,3,5,3,13,3,0,13,3,13,5,13,0,5,13,5,3,5,0,5,13,0,3,0,13,0,5,13,3,13,5,13,0,13,5,3,13,3,0,13,3,13,5,13,0,13,5,13,3,5,13,5,0,3,13,0,5,13,0,3,13,3,5,3,0,3,13,3,5,13,5,0,5,3,0,5,0,13,5,13,3,13,5,13,0,5,13,3,0,5,13,0,5,0,3,0,5,0,13,5,13,3,5,0,5,3,13,3,0,3,13,5,13,0,5,0,3,0,13,0,3,0,5,3,0,3,13,3,0,3,5,3,13,5,13,0,5,13,5,3,5,0,3,5,3,13,3,0,3,5,0,5,13,5,0,5,3,5,13,0,13,5,13,3,5,0,5,3,13,3,0,13,3,13,5,13,3,13,0,13,5,0,13,0,3,13,5,3,5,0,3,0,13,3,5,3,13,0,13,3,13,5,0,5,13,3,5,3,0,3,13"
4,5,13,341,0,0,400000352,11.315,"0,4,0,5,0,4,0,13,0,4,0,5,4,0,4,13,4,0,4,5,4,13,5,0,5,4,0,4,13,0,13,5,13,0,13,4,0,13,0,5,0,4,5,4,13,5,0,5,4,0,5,0,13,0,4,0,5,4,0,4,13,4,0,4,5,0,5,13,0,4,0,5,13,0,13,4,13,0,13,5,13,4,5,0,5,4,5,13,5,4,0,5,0,13,0,5,4,0,4,13,4,0,5,4,5,13,4,13,0,13,4,13,5,13,0,4,5,4,13,5,13,0,13,5,13,4,5,13,5,0,5,4,5,13,4,5,4,0,13,4,13,5,13,4,13,0,13,5,4,5,0,4,5,13,0,4,5,0,5,13,5,0,5,4,5,13,4,5,4,0,4,13,0,4,0,5,13,4,5,13,5,0,4,0,5,13,0,13,4,13,5,4,13,4,0,4,5,0,4,0,13,0,4,0,5,4,5,13,4,0,5,0,4,0,13,0,4,5,0,5,13,5,0,5,4,5,13,0,4,0,5,4,0,4,13,4,5,13,0,13,4,0,13,0,5,0,4,5,13,5,4,5,0,5,4,13,5,13,0,13,5,13,4,13,5,0,5,4,13,4,0,13,4,13,5,13,0,5,4,5,0,13,0,5,4,0,4,13,4,0,5,4,5,13,5,0,5,4,0,5,0,13,0,4,0,5,4,0,4,13,4,5,13,4,13,0,4,5,0,5,13,5,4,0,4,13,5,13,4,13,0,13,4,13,5,4,0,4,5,4,0"
1,6,13,405,0,0,400000504,12.699,"0,1,0,6,0,1,0,13,0,1,0,6,1,0,1,13,1,0,1,6,1,13,6,0,6,13,1,6,13,0,6,0,1,0,6,0,13,0,1,6,1,13,1,6,0,13,6,13,1,13,6,0,13,0,1,13,1,6,1,0,1,6,1,13,6,1,6,0,6,13,0,1,0,6,1,0,1,13,1,6,1,13,1,0,13,1,6,13,0,1,0,6,1,0,1,13,1,6,13,0,13,6,13,1,13,6,0,13,0,1,13,0,13,6,13,1,6,0,6,13,0,6,0,1,0,13,0,1,0,6,1,0,1,13,1,6,13,1,13,0,13,1,13,6,1,6,0,13,6,0,1,0,13,0,6,13,6,1,13,1,0,13,1,13,6,13,0,13,6,13,1,6,13,6,0,6,13,6,1,6,0,1,0,13,0,6,13,6,1,13,6,13,0,6,13,6,1,13,1,0,1,13,1,6,1,0,6,1,6,13,1,13,0,1,6,0,6,13,0,6,0,1,0,13,0,1,0,6,1,0,1,13,1,6,1,0,6,13,6,1,13,1,0,1,13,1,6,13,1,13,0,13,6,13,1,6,13,6,0,6,13,6,1,6,0,1,13,1,6,0,1,0,13,1,0,1,6,13,6,0,13,6,13,1,13,0,1,13,1,6,1,0,6,0,13,1,6,1,0,1,13,1,0,1,6,0,6,13,0,6,0,1,0,13,1,0,1,6,1,13,1,6,1,0,6,1,13,0,6,13,6,1,6,13,0,6,0,1,0,6,0,13,0,6,1,13,1,0,1,6,0,13,0,6,1,0,6,13,6,1,13,6,13,0,13,6,13,1,13,0,1,0,6,0,13,1,13,6,1,13,1,0,1,6,0,1,0,13,0,6,0,1,6,13,1,13,0,1,0,6,13,0,1,0,13"
2,6,13,373,0,0,400000252,11.300,"0,2,0,6,0,2,0,13,0,2,0,6,2,0,2,13,2,6,2,0,6,0,13,0,2,0,13,0,6,13,0,2,13,2,6,2,0,6,0,13,0,2,6,13,6,2,6,0,6,2,13,0,13,6,13,2,13,6,13,0,6,2,6,13,2,13,0,2,0,6,2,13,2,0,6,2,6,13,6,2,6,0,6,2,13,0,2,0,6,0,2,0,13,0,6,13,2,6,0,6,2,13,2,6,0,2,0,13,2,13,6,13,2,13,0,13,6,0,6,2,6,13,6,0,13,6,13,2,13,6,13,0,6,0,2,13,6,13,2,13,0,13,2,13,6,2,0,2,13,0,2,0,6,0,13,6,2,13,2,0,2,6,13,6,2,0,6,13,0,13,2,13,6,13,0,6,13,6,2,6,13,6,0,6,2,0,6,0,13,2,6,2,13,2,0,13,6,13,0,2,0,6,0,2,13,2,0,2,6,0,6,13,6,2,6,0,2,6,2,13,2,0,2,6,0,2,0,13,0,2,0,6,2,6,13,0,2,0,6,0,13,2,13,0,13,2,6,2,0,2,13,6,0,6,2,0,2,13,2,6,2,13,2,0,13,6,13,2,6,13,6,0,6,2,6,13,2,13,0,6,0,2,6,2,13,0,2,13,6,13,0,6,13,6,2,0,13,2,13,6,13,2,13,0,13,6,0,13,0,2,0,6,2,13,6,13,0,6,0,2,0,6,0,13,6,0,6,2,6,13,6,0,13,6,13,2,13,0,2,13,2,6,0,6,13,0,6,0,2,0,13,0,2,0,6,2,0,2,13,6,13,2,13,0,6,2,0,13,0,6,13,0,13"
3,6,13,315,0,0,400000224,10.013,"0,3,0,6,0,3,0,13,0,3,0,6,3,0,3,13,6,0,6,3,0,6,13,0,13,3,0,6,3,6,13,3,6,3,0,13,3,13,6,13,0,13,3,0,3,6,0,3,0,13,0,6,0,13,0,3,13,0,13,6,13,3,13,6,13,0,6,13,6,3,0,3,13,6,13,0,6,13,6,3,6,0,6,3,6,13,3,6,0,3,0,13,0,6,0,13,0,3,13,6,13,3,13,0,3,6,0,6,13,6,3,0,3,13,6,3,0,13,0,3,0,6,0,3,0,13,3,6,3,0,6,3,6,13,6,3,6,0,3,0,13,0,6,13,0,13,3,6,0,3,6,3,13,0,13,6,13,3,6,3,0,6,3,6,13,6,0,6,13,6,3,13,6,13,0,13,3,13,0,13,6,0,3,13,0,6,13,6,3,6,0,3,0,13,0,3,6,13,3,13,0,13,3,6,13,6,0,6,13,6,3,6,0,3,0,13,3,0,6,13,6,3,6,0,3,0,13,0,6,0,13,0,3,13,0,13,6,3,6,0,13,0,3,13,0,13,6,13,3,13,6,13,0,6,3,6,13,0,13,3,0,13,0,6,0,3,6,0,6,13,6,3,6,13,6,0,13,6,13,3,13,6,13,0,13,3,0,13,0,6,13,6,3,6,13,6,0,13,6,13,3,0,6,0,13,0,3,0,13,0,6,13,3,0,13"
4,6,13,333,0,0,400000392,11.270,"0,4,0,6,0,4,0,13,0,4,0,6,4,0,4,13,4,0,4,6,4,13,6,0,6,4,0,4,13,0,4,0,6,13,0,13,4,13,0,13,6,13,0,4,6,0,6,13,0,4,6,4,13,6,4,6,0,13,4,0,4,6,4,0,13,4,13,6,13,0,13,4,13,6,4,6,0,6,13,6,4,13,6,13,0,13,6,13,4,13,0,4,13,4,6,13,0,6,13,4,13,6,0,13,0,4,0,6,0,13,6,13,4,6,13,6,0,6,4,6,0,6,13,0,4,0,6,4,0,4,13,0,4,0,6,13,0,13,4,13,6,4,6,0,4,13,6,0,13,6,13,4,13,6,13,0,13,4,0,13,0,6,0,13,0,4,0,6,4,0,4,13,4,6,13,4,13,0,4,6,0,6,13,0,6,0,4,0,13,0,4,0,6,4,0,4,13,6,13,0,4,0,6,4,0,4,13,4,0,4,6,4,13,6,4,6,0,13,4,13,6,13,0,4,0,6,13,6,4,0,4,13,0,4,0,6,0,4,0,13,0,6,13,0,13,4,0,6,0,4,0,13,4,13,6,13,4,0,4,6,4,13,6,0,6,13,6,4,13,4,0,13,4,13,6,13,0,13,6,13,4,6,13,6,0,4,13,0,4,0,6,0,4,0,13,4,13,6,13,0,13,4,13,6,4,6,0,6,4,6,13,6,0,4,0,13,0,6,4,13,4,0,4,13,6,0,6,4,6,13,0,4,0"
5,6,13,393,0,0,400000484,12.275,"0,5,0,6,0,5,0,13,0,5,0,6,5,0,5,13,5,0,5,6,5,13,6,0,6,5,0,5,13,0,5,0,6,0,13,0,6,0,5,6,0,6,13,5,0,5,13,5,6,5,13,5,0,13,6,13,0,5,0,6,0,13,6,5,13,6,13,0,13,6,13,5,13,0,5,13,5,6,0,13,0,5,0,6,0,5,0,13,5,13,6,5,0,5,6,13,6,5,0,6,0,13,6,13,5,13,0,13,6,13,5,6,5,0,5,13,5,6,13,5,13,0,13,5,13,6,13,0,6,13,6,5,13,0,13,5,13,6,13,5,0,13,0,6,0,5,0,13,5,0,5,6,5,13,6,5,6,0,13,6,13,5,13,6,13,0,13,5,6,0,6,13,0,13,5,6,5,0,6,0,13,0,5,0,13,0,6,13,0,5,13,6,5,13,0,5,6,0,6,13,6,5,6,0,5,13,5,0,5,6,0,6,13,0,6,0,5,0,13,0,5,0,6,5,0,5,13,5,0,5,6,5,13,6,5,6,0,5,0,13,5,0,6,0,5,0,13,5,13,6,13,0,13,6,13,5,6,5,0,6,0,13,6,13,5,13,0,13,6,0,13,0,5,0,6,0,5,0,13,5,6,0,13,5,0,13,0,6,5,6,0,6,5,13,5,6,5,13,0,13,5,6,13,6,0,6,5,0,6,0,13,0,5,13,6,13,5,13,0,13,5,6,13,6,0,13,6,13,5,13,0,13,5,13,6,5,13,5,0,5,13,5,6,5,0,6,0,13,6,13,5,0,5,6,13,5,13,0,13,6,13,0,13,5,0,6,0,5,0,13,5,13,6,5,0,5,6,13,5,6,0,6,13,0,6,0,5,13,6,5,6,0,6"
1,7,13,342,0,0,400000404,11.147,"0,1,0,7,0,1,0,13,0,1,0,7,1,0,1,13,1,0,1,7,1,13,7,0,7,1,13,7,13,0,7,0,1,0,7,0,13,0,1,13,0,13,7,13,0,13,1,13,7,1,0,7,13,7,1,13,1,0,1,7,1,0,1,13,0,1,0,7,0,13,7,13,1,7,0,7,13,0,7,0,1,0,13,0,1,0,7,1,0,1,13,1,0,1,7,1,13,7,1,7,0,1,0,13,0,1,0,7,0,13,1,13,7,13,1,0,1,7,1,13,1,7,1,0,7,0,13,1,13,7,13,0,13,7,13,1,7,0,7,1,7,13,1,0,7,13,0,7,0,1,0,7,0,13,0,1,13,0,13,7,13,0,13,1,0,1,7,13,0,13,7,13,1,13,7,13,0,7,1,7,13,1,7,1,0,7,1,7,13,1,13,0,13,7,13,0,13,1,0,7,0,1,0,13,1,7,1,13,0,13,7,13,1,7,0,1,7,1,13,1,7,1,0,1,13,0,1,0,7,0,1,0,13,1,13,7,0,13,1,0,1,7,1,13,1,0,13,7,13,1,7,13,7,0,13,0,1,0,13,0,7,0,13,1,7,13,0,7,0,1,0,13,0,1,0,7,1,0,1,13,1,0,1,7,1,13,7,0,13,1,0,1,7,1,0,13,0,7,0,1,0,7,0,13,7,13,1,13,7,13,0,13,7,1,0,1,7,1,13,1,7,0,1,0,13,1,0,7,13,7,1,7,13,0,13,1,13,7,0,1,7,1"
2,7,13,350,0,0,400000424,11.808,"0,2,0,7,0,2,0,13,0,2,0,7,2,0,2,13,2,0,2,7,2,13,7,0,7,2,0,2,13,0,2,0,7,0,13,7,0,7,2,0,2,13,7,13,2,0,13,0,7,0,13,0,2,0,13,7,13,2,13,0,13,2,13,7,2,7,0,2,0,13,0,2,0,7,0,13,7,0,7,2,7,13,2,13,0,13,7,0,7,2,0,13,0,7,13,0,13,2,13,0,13,7,13,2,7,13,7,0,7,13,7,2,13,2,0,13,2,7,13,7,0,7,2,7,0,7,13,0,7,0,2,13,2,7,13,2,13,0,13,7,13,0,13,2,0,13,0,7,0,13,0,2,0,7,2,0,2,13,0,7,0,13,0,2,13,2,7,13,0,13,7,2,7,13,0,7,0,2,0,13,0,7,0,2,7,2,13,2,0,2,7,0,2,0,13,0,2,0,7,0,13,7,0,7,2,7,0,7,13,0,13,2,7,2,0,7,0,13,2,7,2,0,2,13,2,0,2,7,0,7,13,0,2,0,13,0,7,13,2,13,7,13,0,7,0,2,7,2,13,2,0,13,2,13,7,13,0,13,7,13,2,7,13,7,0,2,7,0,13,0,2,7,2,0,2,13,7,0,13,2,0,2,7,2,13,2,7,2,0,7,13,7,2,13,7,13,0,13,2,0,2,7,0,7,13,7,0,7,2,0,7,0,13,0,2,0,7,2,7,13,2,0,2,7,0,2,0,13,0,7,13,0,13,2,7,0,2,7,2,13,0,7,13,2,13,0,2,0,7,13"
3,7,13,356,0,0,400000380,12.455,"0,3,0,7,0,3,0,13,0,3,0,7,3,0,3,13,3,0,3,7,3,13,7,0,7,3,0,3,13,0,13,7,13,0,13,3,0,13,0,7,0,3,7,3,13,7,0,7,3,0,7,0,13,0,3,0,7,3,0,3,13,3,0,3,7,0,7,13,0,3,0,7,13,0,13,3,13,0,13,7,13,3,7,0,7,3,7,13,7,3,0,7,0,13,0,7,3,0,3,13,3,0,3,7,3,13,0,13,7,13,3,13,7,13,0,7,3,7,13,3,13,0,3,0,7,3,13,7,3,7,0,7,3,7,13,7,0,13,7,13,3,13,7,13,0,7,0,3,13,7,13,3,13,0,13,3,13,7,3,0,3,13,7,13,0,13,7,3,7,13,0,7,3,0,7,0,13,0,7,0,3,0,13,3,13,7,13,3,13,0,3,13,3,7,0,13,0,7,0,3,7,3,13,3,0,3,7,0,3,0,13,0,7,0,3,7,0,7,13,7,3,7,0,3,13,0,3,7,3,0,13,3,13,7,3,13,0,7,0,13,0,3,0,13,7,0,7,3,7,0,7,13,7,3,13,7,13,0,13,7,13,3,13,0,3,13,3,7,13,7,0,3,13,0,3,0,7,0,3,13,0,13,7,0,13,3,0,7,3,7,13,7,0,7,3,0,7,0,13,0,7,0,3,0,13,3,0,3,7,0,13,0,7,0,3,0,7,13,0,13,3,13,7,13,3,13,0,3,13,3,7,3,0,3,7,3,13,7,0,3,0,7,0,13,0,7,3,13,7,0,13,7,3,13,3,0"
4,7,13,363,0,0,400000268,10.607,"0,4,0,7,0,4,0,13,0,4,0,7,4,0,4,13,4,0,4,7,4,13,7,0,7,4,0,4,13,0,4,0,7,0,13,0,7,0,4,7,0,7,13,4,0,4,13,4,7,4,13,4,0,13,7,13,0,4,0,7,0,13,7,13,4,7,4,0,7,0,13,0,7,0,4,0,13,4,13,7,13,0,13,7,13,4,7,13,7,0,7,13,7,4,7,0,4,7,4,13,7,13,0,13,7,13,4,13,7,0,4,7,13,4,13,0,13,7,13,0,13,4,0,7,0,13,7,0,7,4,7,13,4,0,4,7,13,7,0,13,7,13,4,13,0,13,7,0,13,0,4,0,13,0,7,0,4,7,0,7,13,4,0,4,13,4,7,13,0,4,0,7,0,13,7,13,4,7,13,0,7,0,4,7,4,13,4,0,7,4,0,13,0,4,7,0,7,13,0,7,0,4,0,13,0,4,0,7,4,0,4,13,4,0,4,7,4,13,7,0,7,4,0,4,13,0,4,0,7,0,13,7,0,7,4,7,13,4,7,4,0,13,7,13,4,13,0,7,0,13,0,4,13,7,4,7,0,7,13,7,4,13,7,13,0,13,7,13,4,13,0,4,7,4,13,0,13,7,0,13,0,4,0,13,0,7,0,4,7,0,7,13,0,13,4,13,7,4,7,0,13,7,4,0,4,13,0,4,0,7,0,4,0,13,0,7,13,4,13,0,7,0,4,7,4,13,4,0,4,13,4,7,13,4,13,0,7,13,7,4,13,4,0,13,0,7,13,7,4,7,0,13,7,0,4,0,7,0,13,0,7,4,13"
5,7,13,322,0,0,400000248,10.256,"0,5,0,7,0,5,0,13,0,5,0,7,5,0,5,13,5,0,5,7,5,13,7,0,7,5,0,5,13,0,5,0,7,0,13,0,7,0,5,7,0,13,5,13,7,5,7,0,5,7,13,0,5,13,0,13,7,13,0,5,13,5,7,5,13,5,0,5,7,0,5,0,13,0,7,0,13,0,5,13,7,0,13,5,0,5,7,5,13,5,0,13,7,13,5,7,13,7,0,13,0,5,13,0,13,7,13,5,13,7,13,0,7,13,7,5,7,0,7,13,0,13,5,0,5,7,13,5,0,13,0,7,13,0,13,5,13,7,13,5,13,0,5,7,5,0,5,13,0,5,7,13,7,0,13,0,5,0,7,0,5,0,13,5,7,0,7,5,7,13,5,13,0,13,7,0,13,0,5,0,7,0,13,7,5,7,0,5,0,13,0,5,0,7,5,0,5,13,5,7,5,0,7,5,7,13,0,13,5,0,13,0,7,0,13,0,5,0,7,5,13,5,0,7,0,13,7,13,5,13,0,5,13,5,7,5,0,7,5,7,13,7,0,13,7,13,5,13,7,13,0,13,5,0,7,0,13,7,13,5,7,5,0,7,13,0,7,0,5,0,7,0,13,0,5,13,5,7,13,5,13,0,13,7,13,0,13,5,0,7,0,5,0,13,0,5,7,0,7,13,7,0,5,0,13,0,5,7,5,0,5,13,0,13,7,5,0,13,0,5,0,13"
6,7,13,60,1,1,7707828,0.101,"0,13,6,0,7,13,7,6,13,6,0,6,13,7,13,6,13,7,0,7,6,0,6,13,6,0,7,0,6,0,7,13,7,0,7,13,6,13,7,13,0,7,0,6,13,6,0,6,13,7,13,6,13,0,6,0,7,13,6,7"
1,8,13,422,0,0,400000504,13.738,"0,1,0,8,0,1,0,13,0,1,0,8,1,0,1,13,1,0,1,8,1,13,8,0,8,1,0,1,13,0,1,0,8,0,13,8,1,8,0,13,0,1,13,0,13,8,0,13,0,1,8,0,8,13,8,0,8,1,8,0,13,1,0,1,8,0,8,13,0,13,1,0,1,8,13,0,1,13,0,13,8,13,0,13,1,13,8,1,13,1,0,1,8,0,13,0,1,8,1,13,8,13,0,8,0,1,8,13,0,13,8,13,1,13,8,13,0,8,1,8,13,1,8,1,0,8,0,13,8,13,1,13,0,1,13,1,8,1,0,8,0,13,0,8,0,1,0,13,1,13,8,13,0,13,8,13,1,8,13,8,0,1,0,13,1,13,8,1,13,1,0,1,8,1,0,1,13,0,13,8,0,13,0,1,0,8,1,0,1,13,1,0,1,8,0,8,13,0,1,13,1,8,1,13,0,13,8,13,1,8,1,0,8,0,13,8,1,8,0,1,8,1,13,1,0,1,8,0,1,0,13,0,1,0,8,0,13,8,0,8,1,0,13,0,1,0,8,0,1,13,0,13,8,0,13,1,8,1,13,1,0,8,0,13,1,0,1,8,1,0,1,13,1,0,8,13,8,1,13,1,0,1,13,8,13,0,8,13,8,1,0,1,13,1,0,8,0,13,0,1,13,8,13,1,13,0,13,1,8,13,8,0,13,8,13,1,13,0,1,8,1,13,8,1,8,0,8,13,0,8,0,1,0,13,1,0,1,8,13,0,13,8,13,1,8,1,0,1,13,1,0,1,8,0,1,0,13,0,1,0,8,0,13,8,1,8,0,1,8,1,13,1,0,13,0,8,0,13,0,1,13,0,13,8,1,8,0,8,13,0,13,1,13,8,13,1,13,0,1,8,1,13,8,13,0,8,0,1,0,8,13,0,13,1,13,8,1,13,1,0,8,0"
2,8,13,442,0,0,400000492,13.827,"0,2,0,8,0,2,0,13,0,2,0,8,2,0,2,13,2,0,2,8,2,13,8,0,8,2,0,2,13,0,2,0,8,0,13,0,8,0,2,8,0,13,2,8,13,2,13,0,8,0,13,0,2,8,2,13,2,0,2,13,2,8,13,0,8,13,2,8,2,0,2,8,13,8,0,8,2,8,0,8,13,0,13,2,13,8,13,0,13,2,0,2,8,2,0,13,2,13,8,13,0,13,2,13,8,2,8,0,8,13,8,2,13,8,13,0,13,8,13,2,13,0,2,13,2,8,13,0,13,8,13,2,13,8,0,13,0,2,0,8,0,13,0,2,13,2,8,2,13,0,2,13,2,8,13,8,0,13,8,13,2,13,0,13,2,13,8,2,13,0,8,0,2,8,2,13,2,8,2,0,2,13,0,2,0,8,0,13,0,2,13,8,13,0,8,13,8,2,13,0,2,13,2,8,0,8,13,0,8,0,2,8,0,8,13,2,8,2,0,2,13,2,0,2,8,0,8,13,2,0,2,8,0,2,0,13,0,2,0,8,0,13,8,0,8,2,8,13,8,2,8,0,2,0,13,0,2,0,8,0,2,13,8,2,8,0,2,0,13,2,13,8,13,0,8,13,8,2,8,0,2,0,13,8,0,2,8,2,13,2,0,2,13,2,8,13,0,13,2,8,13,8,0,13,0,2,8,2,13,0,2,0,8,0,13,8,2,8,13,8,0,13,0,2,13,0,13,8,13,2,13,8,13,0,8,13,8,2,8,13,8,0,8,2,0,8,0,13,8,13,2,13,0,8,13,0,2,0,8,2,0,2,13,0,13,8,13,2,13,0,2,8,2,13,8,2,8,0,2,0,13,2,0,2,8,0,2,0,13,8,0,8,2,8,0,8,13,8,2,0,2,13,0,13,8,13,2,8,13,8,0,2,8,2,13,2,0,2,8,0,13,0,8,2,8,0,13,8,13,2,13,0,13,2,13,8,2,13,0,2,0,8"
3,8,13,315,0,0,400000332,10.509,"0,3,0,8,0,3,0,13,0,3,0,8,3,0,3,13,3,0,3,8,3,13,8,0,8,3,13,8,13,0,8,0,3,0,8,0,13,0,3,13,0,13,8,13,0,13,3,13,8,3,8,0,13,3,0,8,0,13,3,13,0,8,13,3,8,3,0,3,8,3,13,3,8,0,8,13,3,13,8,13,0,13,8,13,3,8,0,3,8,13,8,3,0,8,0,13,0,8,3,8,13,3,13,0,13,8,13,0,13,3,0,13,0,8,0,13,0,3,0,8,3,0,3,13,0,8,13,0,13,3,8,3,0,3,13,0,13,8,13,0,13,3,13,8,3,13,3,0,3,8,3,0,3,13,0,13,8,13,3,0,3,8,0,3,13,0,13,8,0,13,0,3,0,8,0,3,0,13,3,0,3,8,3,0,3,13,3,8,13,0,8,3,0,3,13,0,3,0,8,13,0,13,3,13,8,3,8,0,3,8,3,13,8,3,8,0,13,8,13,3,13,8,13,0,13,8,3,0,3,13,0,3,0,8,13,8,0,3,8,13,0,13,3,0,13,0,8,0,13,0,3,0,8,3,0,3,13,0,8,13,8,3,8,0,3,13,3,8,0,3,0,13,0,8,13,0,13,3,13,8,13,3,13,0,3,13,3,8,0,13,0,3,13,3,8,3,13,3,0,3,8,13,8,3,8,13,0,13,3,13,8,13,3,13,0"
4,8,13,334,0,0,400000252,10.276,"0,4,0,8,0,4,0,13,0,4,0,8,4,0,4,13,8,0,8,4,0,8,13,0,13,4,0,8,4,8,13,4,8,4,0,13,4,13,8,13,0,13,4,0,4,8,0,4,0,13,0,8,0,13,0,4,13,0,13,8,13,4,13,8,13,0,8,13,8,4,0,4,13,8,13,0,8,13,8,4,8,0,8,4,8,13,4,8,0,4,0,13,0,8,0,13,0,4,13,8,13,4,13,0,4,8,0,8,13,8,4,0,4,13,8,4,0,13,0,4,0,8,0,4,0,13,4,8,4,0,8,4,8,13,8,4,8,0,4,0,13,0,8,13,0,13,4,8,0,4,8,4,13,0,13,8,13,4,8,4,0,8,4,8,13,8,0,8,13,8,4,13,8,13,0,13,8,13,4,13,0,4,13,4,8,0,4,0,13,4,13,8,13,0,8,13,8,4,8,13,8,0,8,4,0,8,0,13,8,4,13,0,4,0,8,0,4,0,13,0,8,13,0,13,4,8,4,0,13,0,8,13,0,13,4,13,0,13,8,13,4,8,13,8,0,13,0,4,13,4,8,4,0,4,8,4,13,8,0,8,4,13,4,0,13,4,13,8,13,0,13,8,13,4,8,13,8,0,8,13,8,4,8,0,4,8,4,13,8,13,0,13,4,8,13,4,0,4,8,13,8,0,4,8,0,13,0,4,13,0,13,8,13,0,13,4,13,8,4,0,8,4,13,8,13,0,8,13,8,4,8,0,4,13"
5,8,13,60,1,1,7707828,0.100,"0,13,5,0,8,13,8,5,13,5,0,5,13,8,13,5,13,8,0,8,5,0,5,13,5,0,8,0,5,0,8,13,8,0,8,13,5,13,8,13,0,8,0,5,13,5,0,5,13,8,13,5,13,0,5,0,8,13,5,8"
1,9,13,571,0,0,400000704,14.178,"0,1,0,9,0,1,0,13,0,1,0,9,1,0,1,13,1,0,1,9,1,13,9,0,9,1,0,1,13,0,1,0,9,0,13,0,9,0,1,9,0,9,13,1,0,1,9,0,9,13,9,0,9,1,9,13,0,13,9,13,0,1,0,9,0,13,9,13,1,9,1,0,1,13,9,13,1,13,0,1,9,0,1,0,13,0,1,0,9,0,13,9,1,13,9,0,13,0,1,13,0,13,9,13,1,13,9,13,0,9,13,1,9,1,0,9,1,9,13,9,0,13,9,13,1,0,13,0,9,0,1,0,13,1,0,1,9,1,13,1,9,1,0,9,13,9,1,13,9,13,0,13,1,0,9,1,0,13,1,9,0,9,13,0,9,0,1,0,13,0,1,0,9,1,13,0,13,1,13,9,1,9,0,13,0,9,1,0,1,13,1,9,1,0,9,1,9,13,0,9,0,1,0,13,0,1,0,9,1,0,1,13,1,0,1,9,1,13,9,1,9,0,1,0,13,1,9,1,0,13,1,13,9,13,0,9,13,9,1,0,13,1,0,1,9,0,9,13,0,9,0,1,0,13,0,1,0,9,1,0,1,13,1,9,13,0,9,0,1,0,9,13,0,13,1,13,9,1,13,1,0,1,9,1,13,9,0,9,1,13,9,13,0,13,1,13,9,13,0,9,0,1,0,13,1,13,9,1,13,1,0,1,9,0,1,0,13,1,9,13,0,9,0,1,0,13,9,13,0,13,1,13,0,13,9,0,1,9,13,0,13,9,13,1,13,9,13,0,9,1,9,13,0,9,0,1,0,13,1,9,1,0,13,1,13,9,13,0,13,9,13,1,9,13,9,0,9,1,0,1,13,9,13,0,1,13,1,9,1,13,1,0,1,9,0,1,0,13,1,9,13,0,9,0,1,0,13,9,13,1,13,0,1,0,9,1,0,1,13,1,9,13,9,0,9,13,9,1,9,0,1,13,0,13,9,0,13,0,1,0,9,0,1,0,13,1,0,1,9,13,9,0,9,1,0,13,1,0,1,9,1,0,1,13,1,9,13,1,13,0,1,9,1,0,1,13,0,13,9,13,0,1,0,13,0,9,1,9,0,13,9,13,1,13,0,1,9,1,13,0,13,9,13,1,13,9,13,0,9,1,9,13,1,9,1,0,1,9,1,13,9,13,0,13,1,0,1,9,0,1,0,13,0,9,13,1,9,1,0,9,0,13,9,1,9,13,9,0,13,1,13,0,13,9,0,9,1,9,0,13,0,1,0,9,1,9,13,9,1,0,13"
2,9,13,449,0,0,400000528,13.473,"0,2,0,9,0,2,0,13,0,2,0,9,2,0,2,13,2,0,2,9,2,13,9,0,9,2,0,2,13,0,13,9,13,0,13,2,0,13,0,9,0,2,9,2,13,9,0,9,2,0,9,0,13,0,2,0,9,2,0,2,13,2,0,2,9,0,9,13,0,2,0,9,13,0,13,2,13,0,13,9,13,2,9,0,9,2,9,13,9,2,0,9,0,13,0,9,2,0,2,13,2,0,2,9,2,13,0,13,9,13,2,13,9,13,0,9,2,9,13,2,13,0,2,0,9,0,13,2,13,0,9,13,9,2,9,13,0,9,0,2,9,0,9,13,9,2,9,13,9,0,13,9,13,2,13,9,13,0,13,2,0,9,0,13,9,13,2,9,13,9,0,9,2,0,9,0,13,9,2,13,2,0,2,13,2,9,2,13,0,13,9,13,2,13,9,13,0,9,0,2,0,13,2,13,9,2,0,2,13,0,2,0,9,0,13,0,9,0,2,9,13,0,9,2,0,2,13,0,13,9,13,2,13,9,13,0,9,13,9,2,9,13,9,0,9,2,0,2,13,9,13,0,13,2,0,9,0,2,0,13,0,2,9,0,9,13,0,9,0,2,0,13,0,2,0,9,2,0,2,13,2,0,2,9,2,13,9,2,9,0,2,0,13,2,9,2,0,13,2,13,9,13,0,9,13,9,2,0,2,13,0,2,0,9,2,0,2,13,9,2,9,0,9,2,9,13,9,0,2,0,13,2,13,9,2,9,0,9,13,9,2,13,9,13,0,13,9,13,2,13,0,2,0,9,0,2,13,9,13,2,13,0,13,2,13,9,2,0,2,13,0,2,0,9,2,9,13,2,13,0,13,9,2,9,13,0,9,0,2,0,13,0,2,0,9,2,0,2,13,2,0,2,9,2,13,9,0,13,9,2,13,2,0,13,2,13,9,13,0,9,13,9,2,9,0,9,13,0,2,0,9,2,0,2,13,0,9,13,0,2,13,9,0,9,2,9,0,13,2"
3,9,13,439,0,0,400000332,12.768,"0,3,0,9,0,3,0,13,0,3,0,9,3,0,3,13,3,9,3,0,9,0,13,0,3,0,13,0,9,13,0,3,13,3,9,3,0,9,0,13,0,3,9,13,9,3,9,0,9,3,13,0,13,9,13,3,0,3,13,3,9,0,9,13,3,13,0,13,9,13,0,13,3,0,9,0,13,3,13,9,3,13,0,9,0,3,9,0,9,13,9,3,9,13,9,0,13,9,13,3,13,9,13,0,13,3,0,13,0,9,13,3,9,13,9,0,9,13,9,3,13,3,0,3,13,9,0,13,0,3,0,13,0,9,0,3,9,0,9,13,0,3,13,9,3,9,0,9,13,9,3,13,9,13,0,13,9,13,3,13,0,3,13,3,9,0,3,0,13,0,9,13,9,3,9,13,0,9,0,3,0,13,0,3,0,9,3,0,3,13,9,3,9,0,9,3,9,13,9,0,13,0,3,9,0,13,9,13,3,13,0,3,0,9,0,13,0,3,0,9,3,13,9,3,9,0,3,0,13,0,3,0,9,3,0,3,13,3,9,3,0,9,3,9,13,9,0,9,3,0,9,0,13,3,0,3,9,3,0,3,13,3,9,0,13,0,3,13,3,9,0,9,13,0,9,0,3,9,13,9,3,9,0,3,13,9,0,13,9,13,3,13,9,13,0,13,3,0,13,0,9,13,3,9,0,3,0,13,0,9,0,3,9,0,9,13,9,0,9,3,9,13,3,0,13,0,9,0,13,3,13,9,13,3,0,3,13,9,3,9,0,9,13,9,3,13,9,13,0,13,9,13,3,13,0,3,13,3,9,13,0,13,9,13,3,9,3,0,9,3,9,13,3,9,3,0,9,0,13,0,3,0,9,0,13,9,13,3,13,9,13,0,13,3,9,3,13,3,0,13,0,9,0,3,0,13,3,0,3,9,3,0,3,13,3,9,13,0,9,3,9,13,3,13,0,13,3,9,3,13,3,0,9,0,3,0,9,13,3"
4,9,13,60,1,1,7707828,0.100,"0,13,4,0,9,13,9,4,13,4,0,4,13,9,13,4,13,9,0,9,4,0,4,13,4,0,9,0,4,0,9,13,9,0,9,13,4,13,9,13,0,9,0,4,13,4,0,4,13,9,13,4,13,0,4,0,9,13,4,9"
1,10,13,490,0,0,400000628,15.409,"0,1,0,10,0,1,0,13,0,1,0,10,1,0,1,13,1,0,1,10,1,13,10,0,10,1,0,1,13,0,1,0,10,0,13,10,0,10,1,0,1,13,10,13,1,0,13,0,10,0,13,0,1,0,13,10,13,1,13,0,13,1,13,10,1,10,0,1,0,13,0,1,0,10,0,13,10,0,10,1,0,1,13,1,10,13,0,10,1,10,13,1,13,0,13,1,13,10,13,0,10,1,10,13,1,10,1,0,10,0,13,10,0,10,1,13,10,13,0,13,1,0,13,0,10,13,10,1,10,13,10,0,13,10,13,1,13,0,13,1,13,10,1,13,0,1,0,10,0,13,10,13,1,10,13,10,0,13,10,13,1,10,1,0,1,10,1,13,1,0,13,0,10,13,1,13,10,0,10,13,10,0,1,0,10,0,1,13,1,0,1,10,13,10,0,1,10,1,13,1,0,1,13,1,10,13,1,13,0,13,10,13,1,10,13,10,0,1,0,13,10,0,10,1,10,13,1,10,1,0,1,13,0,1,0,10,13,1,10,13,10,0,13,0,1,0,10,0,1,0,13,1,13,10,1,13,1,0,1,10,1,0,1,13,0,1,0,10,0,13,0,10,0,1,10,1,13,1,0,1,10,0,1,0,13,10,0,10,1,10,13,10,0,13,0,1,0,13,10,1,13,1,0,1,13,10,1,10,0,1,0,13,0,10,13,10,1,10,0,1,10,1,13,1,0,1,13,1,10,13,1,13,0,13,10,13,0,13,1,0,10,1,13,1,10,0,10,13,1,13,10,13,0,13,10,13,1,10,0,10,1,10,13,1,10,0,13,0,1,0,10,1,13,10,1,0,10,13,0,13,1,13,10,13,1,13,0,1,10,1,13,10,1,10,0,1,13,0,10,0,1,10,1,13,1,0,1,10,0,1,0,13,0,10,0,1,10,0,10,13,10,1,10,13,10,0,13,0,1,0,10,1,0,1,13,1,10,13,0,13,1,10,1,0,10,1,10,13,10,0,10,13,10,1,13,10,13,0,13,1,13,10,1,10,0,1,10,1,13,1,0,13,10,13,1,10,13,10,0,13,0,1,0,10,1,13,1,0,10,1"
2,10,13,477,0,0,400000580,14.568,"0,2,0,10,0,2,0,13,0,2,0,10,2,0,2,13,2,0,2,10,2,13,10,0,10,2,0,2,13,0,2,0,10,0,13,0,10,0,2,10,0,10,13,2,0,2,10,0,10,13,10,0,10,2,10,13,0,13,10,13,0,2,0,10,0,13,0,10,0,2,10,2,13,0,10,0,2,0,13,0,2,0,10,2,13,2,0,10,2,10,13,10,0,10,2,10,13,2,13,0,13,10,13,2,10,13,10,0,2,10,2,13,2,0,2,13,2,10,13,0,2,10,13,10,0,13,0,2,13,0,13,10,13,2,13,10,13,0,10,13,10,2,10,13,10,0,10,2,0,2,13,0,13,10,13,2,13,10,13,0,10,2,10,13,2,10,2,0,2,10,2,13,2,0,13,2,13,10,2,10,0,2,0,13,0,2,0,10,0,13,2,13,10,2,10,0,10,2,10,13,10,0,13,10,13,2,10,0,2,13,0,2,10,0,10,13,0,10,0,2,0,13,0,2,0,10,2,0,2,13,10,0,13,2,13,10,0,10,13,2,10,2,0,2,13,2,0,2,10,0,10,13,0,10,0,2,0,13,0,2,0,10,2,0,2,13,2,0,2,10,2,13,10,0,10,2,0,2,13,2,0,2,10,0,2,0,13,0,10,13,10,2,13,0,13,2,10,2,13,2,10,0,10,2,10,13,0,13,10,13,0,2,10,0,2,0,13,0,2,0,10,0,13,10,0,10,2,0,2,13,2,10,2,0,10,2,10,13,10,0,13,10,13,2,0,2,10,13,2,0,10,0,13,0,2,13,2,10,13,0,13,10,13,2,10,2,0,10,2,10,13,10,0,10,13,10,2,13,10,13,0,13,10,13,2,13,0,2,13,2,10,13,0,13,10,13,2,10,0,2,0,13,0,2,0,10,0,2,13,2,10,2,0,2,10,2,13,10,13,0,13,10,2,10,13,10,0,2,0,10,0,13,2,13,10,0,13,0,2,0,10,0,2,0,13,2,13,10,2,13,2,0,2,10,2,0,2,13,0,2,0,10,0,13,0,10,0,2,10,2,13,2,0,2,10,2,0"
3,10,13,60,1,1,7707828,0.108,"0,13,3,0,10,13,10,3,13,3,0,3,13,10,13,3,13,10,0,10,3,0,3,13,3,0,10,0,3,0,10,13,10,0,10,13,3,13,10,13,0,10,0,3,13,3,0,3,13,10,13,3,13,0,3,0,10,13,3,10"
1,11,13,482,0,0,400000624,15.495,"0,1,0,11,0,1,0,13,0,1,0,11,1,0,1,13,1,0,1,11,1,13,11,0,11,1,0,1,13,0,13,11,13,0,13,1,0,13,0,11,0,1,11,1,13,11,0,11,1,0,11,0,13,0,1,0,11,1,0,1,13,1,0,1,11,0,11,13,0,1,0,11,13,0,13,1,13,0,13,11,13,1,11,0,11,1,11,13,11,1,0,11,0,13,0,11,1,0,1,13,1,0,1,11,1,13,0,13,11,13,1,13,11,13,0,11,1,11,13,1,13,0,1,0,11,0,13,1,13,0,11,13,11,1,11,13,0,11,0,1,11,0,11,13,11,1,11,13,11,0,13,1,13,11,1,11,0,1,11,1,13,0,13,1,11,13,11,0,13,11,13,1,13,0,13,1,13,11,1,13,0,1,0,11,1,11,13,0,1,13,0,13,11,0,11,1,11,13,11,0,13,11,13,1,13,0,1,13,1,11,0,1,0,13,0,1,0,11,0,1,13,11,1,0,11,0,13,0,11,0,1,0,11,13,11,1,0,11,1,13,1,0,13,0,11,0,1,0,13,1,0,1,11,1,0,1,13,0,13,11,1,13,1,0,1,11,1,0,1,13,0,1,0,11,0,13,11,0,11,1,11,13,1,0,1,11,13,11,0,13,11,13,1,13,0,1,11,1,13,11,1,11,0,1,0,13,11,0,1,11,1,13,1,0,1,13,1,11,13,1,13,0,13,11,13,1,11,1,0,13,1,0,11,0,1,13,0,13,11,13,1,13,11,13,0,11,13,11,1,11,13,11,0,11,1,0,11,0,13,0,1,0,13,0,11,13,0,1,11,13,1,13,0,13,1,13,11,13,0,11,13,11,1,11,0,1,13,1,0,1,11,1,0,13,1,13,11,1,13,1,0,1,11,1,0,1,13,0,1,0,11,0,13,11,0,11,1,13,1,11,1,0,13,11,0,1,11,1,13,1,0,1,13,1,11,13,0,13,11,13,1,11,0,13,1,0,1,11,0,11,13,11,0,11,1,0,11,0,13,0,1,0,11,1,0,1,13,1,0,1,11,0,11,13,11,0,1,0,13,0,11,1"
2,11,13,60,1,1,7707828,0.100,"0,13,2,0,11,13,11,2,13,2,0,2,13,11,13,2,13,11,0,11,2,0,2,13,2,0,11,0,2,0,11,13,11,0,11,13,2,13,11,13,0,11,0,2,13,2,0,2,13,11,13,2,13,0,2,0,11,13,2,11"
1,12,13,60,1,1,7707828,0.100,"0,13,1,0,12,13,12,1,13,1,0,1,13,12,13,1,13,12,0,12,1,0,1,13,1,0,12,0,1,0,12,13,12,0,12,13,1,13,12,13,0,12,0,1,13,1,0,1,13,12,13,1,13,0,1,0,12,13,1,12"
1,2,14,379,0,0,400000344,10.747,"0,1,0,2,0,1,0,14,0,1,0,2,1,0,1,14,2,0,2,1,0,2,14,0,14,1,0,2,1,2,14,1,2,1,0,14,1,14,2,14,0,14,1,0,1,2,0,1,0,14,0,2,0,14,0,1,14,0,14,2,14,1,14,2,14,0,2,1,14,2,0,14,0,1,0,14,2,0,2,1,2,14,2,1,2,0,1,0,14,0,1,0,2,1,0,1,14,2,1,2,0,2,1,2,14,2,1,0,14,0,2,14,2,1,2,14,2,0,14,2,14,1,14,0,1,0,2,1,14,0,2,14,2,1,2,14,0,2,0,1,0,2,0,14,0,1,2,1,14,0,14,2,0,14,0,1,14,2,14,1,14,0,1,2,0,2,14,2,1,2,14,2,0,14,2,14,1,14,2,14,0,14,1,0,14,0,2,14,1,14,2,0,14,2,1,2,0,1,0,14,1,14,2,14,0,14,1,0,14,0,2,0,14,0,1,0,2,1,0,1,14,0,2,14,2,1,2,0,2,1,2,14,1,14,0,14,2,0,14,0,1,0,2,1,14,2,0,14,0,1,14,0,14,2,14,1,14,2,14,0,2,14,2,1,2,0,1,14,1,2,14,1,14,0,1,0,2,1,14,1,0,2,1,2,14,2,1,2,0,2,1,14,0,1,2,0,1,0,14,0,1,0,2,0,14,2,1,2,0,14,0,1,14,0,14,2,14,1,2,0,2,1,2,14,1,2,0,14,0,1,0,2,0,1,0,14,1,14,2,14,1,14,0,14,2,0,14,0,1,0,2,0,1,0,14,1,0,2,1,2,14,1,14,0,1,14,1,2,0,1,0,14,0,1,0,2,0,1,0"
1,3,14,506,0,0,400000660,15.514,"0,1,0,3,0,1,0,14,0,1,0,3,1,0,1,14,1,3,1,0,3,0,14,0,1,0,14,0,3,14,0,1,14,1,3,1,0,3,0,14,0,1,3,14,3,1,3,0,3,1,3,14,1,0,1,14,3,14,1,14,3,0,3,14,1,3,0,1,0,14,0,1,3,14,3,0,14,3,14,1,14,0,14,1,14,3,1,0,3,0,14,0,1,0,3,1,14,1,0,14,1,14,3,1,0,3,0,14,3,14,1,3,0,3,1,3,14,1,0,1,14,3,1,14,0,1,0,3,0,1,0,14,0,1,3,1,14,0,1,14,3,14,0,3,14,3,1,14,0,1,0,3,0,1,0,14,0,3,14,0,14,1,14,0,14,3,14,1,3,14,3,0,14,1,14,0,14,3,14,0,1,14,1,3,1,14,0,3,0,1,3,0,14,3,14,1,14,3,14,0,14,3,1,3,0,1,3,1,14,3,0,3,1,0,1,14,1,0,1,3,1,14,0,14,1,14,3,14,1,14,0,1,3,1,14,0,14,3,0,3,1,0,14,1,3,0,1,0,14,0,1,0,3,0,14,3,0,3,1,14,0,14,3,14,1,0,1,14,3,1,3,0,1,0,14,0,1,3,0,3,14,3,1,3,0,1,3,1,14,1,0,1,3,0,1,0,14,0,1,0,3,1,3,14,3,1,0,1,3,1,0,14,0,3,0,1,0,3,0,14,3,14,1,14,0,1,0,3,0,1,0,14,1,0,1,3,14,1,14,0,14,1,14,3,14,0,1,0,3,1,3,14,3,1,0,3,0,14,0,1,0,14,0,3,14,3,1,14,1,0,14,1,14,3,14,0,14,3,14,1,3,14,3,0,3,1,3,0,3,14,0,1,14,0,14,3,1,0,1,3,1,14,3,0,1,0,14,1,14,3,14,0,14,1,0,14,0,3,1,3,14,1,3,1,0,1,14,1,0,1,3,0,1,0,14,0,3,14,1,14,0,1,0,3,1,3,14,3,1,3,0,1,3,1,14,1,0,1,3,0,1,0,14,0,1,0,3,1,3,14,1,0,3,0,14,0,1,0,14,0,3,14,1,14,0,3,14,3,1,3,0,1,14,1,0,1,3,0,3,14,0,1,0,14,0,1"
2,3,14,444,0,0,400000552,13.860,"0,2,0,3,0,2,0,14,0,2,0,3,2,0,2,14,2,0,2,3,2,14,3,0,3,2,0,2,14,0,2,0,3,14,0,14,2,14,0,14,3,14,0,2,3,0,3,14,0,2,3,2,14,2,0,3,14,3,2,3,0,3,2,3,14,2,0,2,3,0,2,0,14,0,2,0,3,2,3,14,0,3,0,2,3,0,3,14,2,14,3,14,0,3,0,2,0,14,2,0,2,3,0,14,3,14,2,14,3,14,0,14,2,0,14,0,3,2,3,14,0,14,2,0,14,0,3,0,2,0,14,2,0,2,3,2,0,2,14,2,3,14,0,14,2,3,14,3,0,14,0,2,0,3,0,2,0,14,2,3,2,0,3,2,3,14,3,0,14,3,14,2,14,3,14,0,3,0,2,14,2,3,0,2,0,14,0,3,14,2,14,3,14,0,14,3,2,14,2,0,14,2,14,3,14,0,14,3,14,2,3,14,3,0,2,3,2,14,2,0,14,0,3,2,14,3,2,3,0,3,2,3,14,3,0,14,3,14,2,14,3,14,0,14,2,0,3,0,14,2,0,2,3,0,2,0,14,3,14,2,14,3,0,3,2,3,14,0,2,0,3,2,3,14,3,2,3,0,2,3,2,14,2,0,2,3,0,2,0,14,0,2,0,3,2,3,14,3,2,3,0,3,2,14,0,2,0,3,0,2,14,0,14,3,14,0,2,0,3,2,0,14,2,3,2,14,0,14,2,3,14,0,3,14,3,2,3,14,3,0,3,2,0,2,14,0,2,3,14,3,0,14,3,14,2,14,3,14,0,14,2,0,14,0,3,0,14,0,2,0,3,2,14,3,14,0,14,2,14,3,2,0,2,3,2,14,3,2,0,14,3,0,3,2,0,14,2,3,0,2,0,14,0,2,0,3,0,14,3,0,3,2,3,0,3,14,0,14,2,14,0,14,3,0,14,0,2,3,0,3,14,0,14,2,0,2,3,0,2,0,14,0,2,0"
1,4,14,492,0,0,400000592,15.231,"0,1,0,4,0,1,0,14,0,1,0,4,1,0,1,14,1,0,1,4,1,14,4,0,4,1,0,1,14,0,1,0,4,0,14,0,4,0,1,4,0,14,1,4,14,1,14,0,1,14,4,0,1,4,0,4,14,4,0,4,1,0,1,14,1,4,1,0,4,1,4,14,0,4,0,1,0,14,0,1,0,4,1,0,1,14,1,4,1,0,4,1,4,14,4,1,4,0,1,0,14,1,0,4,14,4,1,14,4,14,0,14,1,14,0,14,4,0,1,0,4,0,14,0,4,1,14,1,0,1,4,0,14,0,4,1,4,14,0,14,4,1,14,1,0,1,4,1,0,1,14,0,4,0,1,14,0,14,4,14,0,14,1,14,4,1,14,1,0,4,0,14,1,0,1,4,1,14,1,0,1,4,0,4,14,4,1,14,4,14,0,14,1,14,4,1,0,4,14,4,0,1,0,14,0,4,14,1,14,4,14,0,14,4,1,14,1,0,14,1,14,4,14,0,14,4,14,1,4,14,4,0,1,4,1,14,4,14,0,4,0,1,4,1,14,1,0,1,14,1,4,14,1,14,0,14,4,14,1,4,0,1,14,1,4,14,4,0,4,1,0,4,0,14,0,1,0,4,1,0,1,14,4,14,0,1,0,4,1,0,1,14,1,4,1,14,1,0,14,4,0,14,1,14,0,4,14,4,1,14,4,14,0,14,1,14,0,14,4,0,14,0,1,4,0,4,14,4,1,4,0,1,14,0,4,0,1,4,1,14,1,0,14,1,14,4,14,0,14,1,0,1,4,14,1,4,0,4,14,0,4,0,1,0,14,1,0,1,4,1,0,1,14,1,4,14,0,14,1,4,1,0,1,4,14,4,1,4,0,1,0,14,4,0,1,4,1,14,1,0,1,4,0,1,0,14,0,1,0,4,0,14,4,0,4,1,0,1,14,1,0,4,1,4,14,4,0,4,1,0,1,14,1,0,4,0,14,0,1,14,4,14,1,14,0,14,1,4,0,1,4,1,14,1,4,1,0,1,14,0,1,0,4,1,4,14,4,1,4,0,4,14,0,1,0,14,4,14,1,0,1,4,0,1,0,14,1,4,1,0,4,0"
3,4,14,411,0,0,400000496,13.390,"0,3,0,4,0,3,0,14,0,3,0,4,3,0,3,14,3,0,3,4,3,14,4,0,4,3,0,3,14,0,3,0,4,0,14,4,0,4,3,0,3,14,4,14,3,0,14,0,4,0,14,3,4,3,0,4,0,14,0,4,0,3,4,0,4,14,4,3,14,4,14,0,3,0,4,14,0,3,14,3,4,3,14,0,14,4,14,3,4,0,3,14,0,14,4,0,14,0,3,4,0,4,14,4,3,14,4,14,0,14,4,14,3,14,0,3,14,3,4,14,0,14,4,3,4,14,0,4,0,3,4,3,14,3,4,0,3,0,14,3,0,4,14,3,4,3,0,4,14,0,14,3,14,4,14,0,4,14,4,3,4,0,4,3,4,14,3,14,0,3,4,0,4,14,0,4,0,3,0,14,0,3,0,4,3,14,3,4,3,0,4,0,14,3,0,4,14,4,3,4,14,0,14,3,14,4,3,4,0,3,4,3,14,3,0,14,4,0,4,3,0,3,14,3,0,3,4,0,3,0,14,0,4,0,3,4,0,4,14,3,4,3,0,4,0,14,0,3,0,4,3,0,3,14,3,4,3,0,4,14,0,14,3,14,0,14,4,14,3,4,14,4,0,3,4,0,14,0,4,3,0,3,14,3,4,3,0,4,14,0,3,4,0,4,14,4,0,4,3,4,14,0,3,14,3,4,14,4,0,14,4,14,3,14,0,14,3,14,4,3,0,3,4,3,14,4,0,4,14,3,14,0,14,3,4,0,4,14,4,0,3,0,14,0,3,4,3,14,3,0,14,0,4,3,4,14,0,4,0,3,0,14,0,3,0,4,3,0,3,14,3,4,3,14,3,0,14,0,4,0,3,14,4,14,3,14,4,0,4,3,4,0,14,0,4,0,3,4,3,14,0,14,3,14,0,4,3,0,3,14,0"
1,5,14,477,0,0,400000628,14.393,"0,1,0,5,0,1,0,14,0,1,0,5,1,0,1,14,1,0,1,5,1,14,5,0,5,1,0,1,14,0,1,0,5,0,14,0,5,0,1,5,0,5,14,1,0,1,14,1,5,1,14,1,0,14,5,14,0,1,0,5,0,14,5,1,14,5,14,0,5,0,1,0,14,0,1,0,5,1,14,1,0,14,0,5,14,5,1,14,5,14,0,14,1,14,0,14,5,0,1,0,14,1,14,5,1,5,0,1,5,1,14,1,0,1,14,1,5,14,5,0,5,14,5,1,5,0,1,14,0,1,0,5,0,1,0,14,0,5,14,1,5,14,0,14,5,1,14,1,0,14,1,14,5,14,0,14,5,14,1,5,14,0,5,0,1,5,14,1,14,0,14,5,14,0,14,1,0,14,0,5,0,14,0,1,0,5,1,0,1,14,5,0,14,5,14,1,14,5,14,0,14,1,0,14,0,5,1,5,14,5,0,5,14,5,1,14,1,0,1,14,1,5,1,0,5,0,14,0,1,14,1,5,14,1,14,0,14,5,0,14,0,1,14,1,5,0,5,1,5,0,14,0,1,0,5,0,1,0,14,1,14,5,1,14,1,0,1,5,1,0,1,14,0,1,0,5,14,5,1,0,1,14,0,1,0,5,0,1,0,14,0,5,14,0,14,1,0,5,0,1,0,14,1,14,5,1,0,1,5,14,5,0,1,0,5,14,0,14,1,14,0,14,5,14,1,5,14,5,0,1,5,1,14,1,5,1,0,1,14,0,1,0,5,1,5,14,5,0,14,0,1,0,5,0,1,0,14,1,0,1,5,14,1,14,0,14,1,14,5,14,0,5,0,1,0,14,0,5,14,0,14,1,14,0,14,5,14,1,5,14,5,0,14,1,14,0,14,5,14,0,1,14,1,5,1,0,5,14,5,1,0,5,0,14,0,1,0,5,1,5,14,0,5,1,0,1,14,1,5,1,14,1,0,14,1,5,14,5,0,14,1,0,1,5,0,1,0,14,0,5,14,1,5,14,5,0,5,14,5,1,14,1,0,5,1,14,5,14,0,14,5,14,1,14,0,5,1"
2,5,14,515,0,0,400000696,14.104,"0,2,0,5,0,2,0,14,0,2,0,5,2,0,2,14,2,0,2,5,2,14,5,0,5,2,0,2,14,0,2,0,5,0,14,5,0,5,2,0,2,14,5,14,2,0,14,0,5,0,14,2,5,2,0,5,0,14,0,5,0,2,5,0,5,14,5,2,5,0,2,0,14,2,5,14,5,0,14,5,14,2,0,14,0,5,0,2,0,14,2,0,2,5,2,14,5,0,14,2,14,0,5,0,2,0,14,5,2,5,14,5,0,5,14,2,5,14,0,14,5,14,2,14,5,0,2,5,14,2,5,2,0,2,5,2,14,2,0,14,2,14,5,2,5,0,5,14,5,2,14,5,14,0,14,5,14,2,14,0,2,14,2,5,14,0,14,5,14,2,14,5,0,14,0,2,0,5,14,5,2,14,2,0,2,14,2,5,2,0,5,2,5,14,0,14,2,5,2,0,14,0,5,2,0,5,14,5,2,14,5,14,0,14,2,14,0,14,5,0,2,5,2,14,5,0,14,0,2,0,5,2,0,2,14,5,2,5,0,5,14,5,0,5,2,0,5,0,14,0,2,0,5,2,14,5,14,0,14,2,5,2,0,14,0,2,0,5,0,2,0,14,2,5,14,5,0,5,2,0,5,0,14,0,2,0,5,2,0,2,14,2,0,2,5,2,14,5,2,5,0,2,0,14,0,5,2,5,0,14,5,14,2,14,0,2,0,5,2,0,14,0,2,0,5,2,5,14,5,0,5,2,0,5,0,14,0,2,14,0,14,5,0,5,2,14,5,14,0,14,2,0,2,5,2,0,14,2,0,2,5,0,5,14,5,2,5,14,5,0,14,0,2,0,14,5,2,14,5,14,0,14,5,14,2,14,0,2,14,2,5,0,14,5,0,5,2,0,2,14,2,0,2,5,2,14,5,2,5,0,14,2,14,5,14,0,2,0,14,0,5,2,5,14,5,0,5,14,5,2,14,2,0,2,5,0,5,14,2,5,2,0,2,5,2,14,2,0,5,0,14,5,0,5,2,0,5,0,14,2,0,2,5,2,0,2,14,2,5,0,5,14,2,14,0,2,0,5,0,2,14,0,14,5,14,0,2,5,2,14,2,5,0,5,14,0,5,0,2,0,5,0,14,0,2,14,2,5,0,5,2,5,14,0,2"
3,5,14,442,0,0,400000500,13.260,"0,3,0,5,0,3,0,14,0,3,0,5,3,0,3,14,3,0,3,5,3,14,5,0,5,3,0,3,14,0,3,0,5,0,14,5,0,5,3,0,3,14,5,14,3,0,14,0,5,0,14,0,3,0,14,5,14,3,14,0,14,3,14,5,3,5,0,3,0,14,0,3,0,5,0,14,5,0,5,3,0,14,3,5,14,5,0,14,5,14,3,14,0,3,14,3,5,3,0,5,3,5,14,5,0,14,5,14,3,14,5,14,0,5,0,3,14,0,14,5,14,3,14,5,14,0,5,14,5,3,5,14,5,0,5,3,0,14,3,5,14,5,0,14,5,14,3,0,14,0,5,0,3,5,0,5,14,3,5,3,0,3,14,3,5,14,0,14,5,14,3,14,5,0,14,0,3,0,14,5,14,3,14,5,0,5,3,0,3,14,3,0,3,5,0,3,0,14,0,5,0,3,5,0,5,14,3,5,3,0,3,14,3,5,14,0,14,3,5,14,5,0,14,0,3,0,5,3,5,14,5,0,5,3,0,5,0,14,0,3,0,5,3,5,14,3,0,3,5,0,3,0,14,0,5,0,3,5,0,5,14,5,3,14,3,0,14,0,5,0,14,0,3,0,5,3,0,3,14,0,5,0,14,0,3,14,3,5,14,0,14,5,14,3,5,3,0,5,14,5,0,3,0,14,0,5,14,3,5,14,5,0,14,0,3,14,0,14,5,14,3,14,5,14,0,5,14,3,5,3,0,3,14,5,14,0,5,14,5,3,14,5,14,0,5,0,3,5,0,5,14,0,5,0,3,5,3,14,3,0,3,5,0,3,0,14,0,3,0,5,0,14,5,0,5,3,0,14,3,14,5,14,0,14,3,0,5,0,3,0,14,3,14,5,3,0,5,3,5,14,3,14,0,14,5,0,5,3,14,5,14,0,14,3,14,5,14,0,5,0,3,0,14,0,5,14,3,14,5,0,5,14,5,0,3,0,5,0,14,5,0,5"
4,5,14,488,0,0,400000408,12.889,"0,4,0,5,0,4,0,14,0,4,0,5,4,0,4,14,4,0,4,5,4,14,5,0,5,14,4,5,14,0,5,0,4,0,5,0,14,0,4,5,4,14,4,5,0,14,5,14,4,14,5,0,14,0,4,14,4,5,4,0,4,5,4,14,5,4,5,0,5,14,0,4,0,5,4,0,4,14,4,5,4,14,4,0,14,4,5,14,0,4,0,5,4,0,4,14,4,5,14,0,14,5,14,4,14,5,0,14,0,4,14,0,14,5,14,4,5,0,5,14,0,5,0,4,0,14,0,4,0,5,4,14,4,0,14,4,14,5,4,5,0,4,0,14,0,5,14,4,14,5,14,0,14,5,4,14,4,0,14,4,14,5,14,0,14,5,14,4,5,14,5,0,5,14,5,4,5,0,4,0,14,0,5,14,4,14,5,14,0,14,5,4,14,4,0,4,14,4,5,4,0,14,0,5,14,5,4,5,14,0,5,0,4,5,0,5,14,4,14,0,4,0,5,0,4,0,14,4,0,4,5,4,14,4,0,14,0,5,4,0,5,14,5,0,4,5,4,14,4,0,4,14,4,5,14,4,0,14,0,5,14,0,14,4,14,5,14,4,14,0,4,14,5,0,5,14,5,4,5,14,0,5,0,4,0,14,0,4,0,5,4,14,4,5,0,5,14,4,5,14,0,14,4,14,5,4,0,4,5,4,14,4,5,0,4,0,14,0,5,0,4,5,14,4,0,14,4,5,14,5,0,5,4,0,5,0,14,0,5,0,4,0,14,4,0,4,5,0,14,0,5,0,4,5,14,4,14,0,4,5,0,14,4,0,4,5,4,0,4,14,4,5,14,4,14,0,4,5,0,14,4,0,5,4,5,14,5,0,5,4,0,14,0,4,5,0,4,14,4,5,14,4,14,0,14,4,14,5,14,0,5,14,5,4,14,0,4,0,5,4,5,14,5,0,5,4,0,5,0,14,0,4,0,5,4,0,4,14,4,5,4,0,5,0,14,4,14,0,14,5,0,4,0,5,14,5,4,14,4,0,4,14,4,5,14,4,14,0,14,5,14,4,5,14,5,0,5,4,0,4,14,0,14,5,4,0,5,0"
1,6,14,532,0,0,400000644,15.683,"0,1,0,6,0,1,0,14,0,1,0,6,1,0,1,14,1,0,1,6,1,14,6,0,6,1,0,1,14,0,1,0,6,0,14,6,0,6,1,0,1,14,6,14,1,0,14,0,6,0,14,1,6,1,0,6,0,14,0,6,0,1,6,0,6,14,6,1,6,0,1,0,14,0,6,14,1,6,14,6,0,6,14,6,1,14,1,0,1,6,1,14,1,0,14,0,6,0,14,1,14,6,14,0,14,6,14,1,6,1,0,6,14,6,0,6,1,0,14,6,14,0,14,1,14,0,6,14,0,1,0,6,1,0,1,14,0,14,6,14,1,0,1,14,1,6,14,6,0,1,6,0,14,0,6,1,0,1,14,1,0,1,6,1,14,6,1,6,0,6,14,6,0,6,1,0,14,0,1,0,6,1,0,14,6,1,6,0,1,0,14,0,1,0,6,1,0,1,14,1,6,1,14,1,0,14,0,6,0,1,0,14,0,6,14,6,1,6,0,1,6,1,14,0,1,0,6,0,1,0,14,0,1,6,14,1,14,0,14,1,14,6,14,0,6,1,6,0,14,0,1,6,1,0,14,1,14,6,1,6,0,6,1,6,14,6,0,14,6,14,1,14,0,14,6,0,6,1,0,1,14,1,6,1,14,1,0,14,6,14,0,14,1,14,0,6,14,6,1,14,6,14,0,14,1,14,0,14,6,0,1,0,14,6,14,1,6,14,6,0,6,1,6,0,6,14,0,1,0,6,14,0,14,1,0,1,6,0,6,14,1,6,1,0,1,14,1,6,14,6,0,1,0,6,0,14,1,14,0,6,14,6,1,14,6,14,0,14,1,14,0,14,6,0,1,0,14,6,0,6,1,0,1,14,1,6,1,14,1,0,14,0,6,14,6,1,0,6,0,14,0,1,0,6,1,6,14,1,6,1,0,1,14,1,0,1,6,0,1,0,14,0,1,0,6,0,14,6,0,6,1,0,1,14,1,6,0,6,1,14,6,14,0,6,0,1,0,14,1,14,6,0,14,0,1,0,6,0,1,0,14,1,6,1,14,1,0,14,0,6,1,0,14,1,14,6,14,0,14,6,14,1,6,0,6,14,0,6,0,1,0,14,0,1,0,6,1,14,0,14,6,14,1,6,1,0,6,14,6,0,1,0,14,0,1,6,14,6,0,6,1,6,0,6,14,0,1,0,6,1,0,1"
3,6,14,321,0,0,400000168,10.493,"0,3,0,6,0,3,0,14,0,3,0,6,3,0,3,14,6,0,6,3,0,6,14,0,14,3,0,6,3,6,14,3,6,3,0,14,3,14,6,14,0,14,3,0,3,6,0,3,0,14,0,6,0,14,0,3,14,0,14,6,14,0,14,3,14,6,3,6,0,14,3,14,0,14,6,0,3,0,6,0,14,0,6,3,14,6,3,6,0,6,3,14,6,14,0,14,6,3,0,3,14,0,14,6,14,3,14,6,14,0,6,14,6,3,0,3,14,6,14,0,6,14,6,3,6,14,6,0,6,3,0,6,0,14,3,14,6,0,6,3,0,6,0,14,0,3,0,14,0,6,14,3,14,0,6,0,3,6,0,6,14,6,3,14,6,14,0,14,3,14,0,14,6,0,14,0,3,0,14,0,6,0,3,6,0,6,14,0,3,0,14,6,0,14,3,14,6,14,0,6,0,3,0,6,14,6,3,6,0,3,0,14,0,3,0,6,0,3,14,3,6,0,6,3,6,14,6,3,6,0,3,0,14,6,0,6,3,0,6,0,14,3,14,0,14,6,3,6,14,6,3,0,3,6,3,14,6,14,0,14,3,14,0,14,6,0,14,0,3,0,14,0,6,0,3,6,0,6,14,0,3,0,14,6,14,3,14,6,0,6,3,6,14,6,3,6,0,3,0,14,6,3,6,0,6,14,3,14,6,14,0,3,0,14,0,3,6,3,0,3,6"
5,6,14,378,0,0,400000284,11.146,"0,5,0,6,0,5,0,14,0,5,0,6,5,0,5,14,5,0,5,6,5,14,6,0,6,5,0,5,14,0,5,0,6,0,14,0,6,0,5,6,0,14,5,14,6,5,6,0,5,6,14,0,5,14,0,14,6,14,0,5,6,0,6,14,6,0,6,5,6,14,5,0,5,14,5,6,14,6,0,14,6,14,5,14,0,5,14,5,6,5,0,6,5,6,14,0,14,5,14,6,5,6,0,6,14,6,5,14,6,14,0,14,6,14,5,14,0,5,14,5,6,14,0,14,6,5,14,6,0,6,5,6,14,5,0,5,14,5,6,5,14,0,6,0,5,0,14,5,14,6,14,5,0,14,0,6,14,6,5,6,0,6,14,0,6,0,5,14,5,6,5,0,6,14,0,6,0,5,0,6,0,14,0,5,14,0,14,6,14,5,14,0,5,6,5,0,5,14,0,14,6,0,6,5,6,0,6,14,0,6,0,5,0,14,0,5,0,6,5,0,5,14,6,5,6,0,5,0,14,0,5,0,6,0,14,6,0,6,5,6,14,5,14,0,5,0,6,14,0,14,5,14,0,14,6,14,5,6,0,6,14,5,6,5,0,6,0,14,0,6,0,5,6,0,6,14,6,5,6,0,5,0,14,5,6,5,14,0,14,5,6,14,0,6,0,5,6,0,6,14,6,5,14,6,14,0,14,5,14,6,5,14,5,0,5,6,5,14,6,0,14,5,14,0,6,0,5,0,14,5,6,5,14,5,0,5,14,6,5,6,0,6,14,0,6,0,5,0,6,0,14,0,5,14,5,6,14,6,0,5,0,14,6,0,6,5,6,0,6,14,6,0,5,14,5,6,14,6"
1,7,14,350,0,0,400000464,11.204,"0,1,0,7,0,1,0,14,0,1,0,7,1,0,1,14,1,0,1,7,1,14,7,0,14,0,1,0,7,0,14,7,1,7,14,0,7,14,1,7,1,0,1,7,1,14,1,0,14,1,14,7,14,1,14,0,14,7,0,14,0,1,14,1,7,1,14,0,1,0,7,0,1,14,0,14,7,0,7,1,0,14,1,14,7,14,0,7,14,7,1,0,7,0,14,0,7,0,1,0,7,14,1,14,0,1,0,7,0,1,0,14,1,0,1,7,1,14,1,7,1,0,7,1,14,0,7,14,7,1,7,14,0,7,0,1,0,7,0,14,0,1,7,1,14,7,1,7,0,1,7,1,14,0,14,7,14,1,14,7,14,0,7,1,7,0,7,14,0,1,7,14,1,7,1,0,1,7,1,14,1,0,14,1,14,7,14,1,14,0,1,0,7,14,1,14,7,14,0,14,7,14,1,7,0,7,14,1,14,0,1,0,7,0,14,7,1,7,14,0,7,14,1,14,0,1,14,1,7,1,0,7,1,7,14,0,7,0,1,0,7,0,14,0,7,1,14,7,14,0,14,7,14,1,14,0,1,14,1,7,0,14,0,7,0,1,0,7,14,1,14,0,1,14,1,7,1,14,1,0,1,7,0,1,0,14,1,7,14,0,7,0,1,0,7,0,14,0,7,1,7,14,7,0,7,14,7,1,14,1,0,7,0,1,0,14,1,7,1,14,1,0,14,7,0,1,14,0,14,7,14,0,14,1,14,7,0,1,0,14,0,7,1,14,7,0,7,14,7,0"
2,7,14,350,0,0,400000388,11.275,"0,2,0,7,0,2,0,14,0,2,0,7,2,0,2,14,2,0,2,7,2,14,7,0,14,0,2,0,7,0,14,7,2,7,14,0,7,14,2,7,2,0,2,7,2,14,2,0,14,2,14,7,14,2,14,0,14,7,0,14,0,2,14,2,7,2,14,0,2,0,7,0,2,14,0,14,7,0,7,2,0,14,2,14,7,14,0,7,14,7,2,0,7,0,14,0,7,0,2,0,7,14,2,14,0,2,0,7,0,2,0,14,2,0,2,7,2,14,2,7,2,0,7,2,14,0,7,14,7,2,7,14,0,7,0,2,0,7,0,14,0,2,7,2,14,7,2,7,0,2,7,2,14,0,14,7,14,2,14,7,14,0,7,2,7,0,7,14,0,2,7,14,2,7,2,0,2,7,2,14,2,0,14,2,14,7,14,2,14,0,2,0,7,14,2,14,7,14,0,14,7,14,2,7,0,7,14,2,14,0,2,0,7,0,14,7,2,7,14,0,7,14,2,14,0,2,14,2,7,2,0,7,2,7,14,0,7,0,2,0,7,0,14,0,7,2,14,7,14,0,14,7,14,2,14,0,2,14,2,7,0,14,0,7,0,2,0,7,14,2,14,0,2,14,2,7,2,14,2,0,2,7,0,2,0,14,2,7,14,0,7,0,2,0,7,0,14,0,7,2,7,14,7,0,7,14,7,2,14,2,0,7,0,2,0,14,2,7,2,14,2,0,14,7,0,2,14,0,14,7,14,0,14,2,14,7,0,2,0,14,0,7,2,14,7,0,7,14,7,0"
3,7,14,350,0,0,400000408,11.161,"0,3,0,7,0,3,0,14,0,3,0,7,3,0,3,14,3,0,3,7,3,14,7,0,14,0,3,0,7,0,14,7,3,7,14,0,7,14,3,7,3,0,3,7,3,14,3,0,14,3,14,7,14,3,14,0,14,7,0,14,0,3,14,3,7,3,14,0,3,0,7,0,3,14,0,14,7,0,7,3,0,14,3,14,7,14,0,7,14,7,3,0,7,0,14,0,7,0,3,0,7,14,3,14,0,3,0,7,0,3,0,14,3,0,3,7,3,14,3,7,3,0,7,3,14,0,7,14,7,3,7,14,0,7,0,3,0,7,0,14,0,3,7,3,14,7,3,7,0,3,7,3,14,0,14,7,14,3,14,7,14,0,7,3,7,0,7,14,0,3,7,14,3,7,3,0,3,7,3,14,3,0,14,3,14,7,14,3,14,0,3,0,7,14,3,14,7,14,0,14,7,14,3,7,0,7,14,3,14,0,3,0,7,0,14,7,3,7,14,0,7,14,3,14,0,3,14,3,7,3,0,7,3,7,14,0,7,0,3,0,7,0,14,0,7,3,14,7,14,0,14,7,14,3,14,0,3,14,3,7,0,14,0,7,0,3,0,7,14,3,14,0,3,14,3,7,3,14,3,0,3,7,0,3,0,14,3,7,14,0,7,0,3,0,7,0,14,0,7,3,7,14,7,0,7,14,7,3,14,3,0,7,0,3,0,14,3,7,3,14,3,0,14,7,0,3,14,0,14,7,14,0,14,3,14,7,0,3,0,14,0,7,3,14,7,0,7,14,7,0"
4,7,14,349,0,0,400000304,11.046,"0,4,0,7,0,4,0,14,0,4,0,7,4,0,4,14,4,0,4,7,4,14,7,0,14,0,4,0,7,0,14,7,4,7,14,0,7,14,4,7,4,0,4,7,4,14,4,0,14,4,14,7,14,4,14,0,14,7,0,14,0,4,14,4,7,4,14,0,4,0,7,0,4,14,0,14,7,0,7,4,0,14,4,14,7,14,0,7,14,7,4,0,7,0,14,0,7,0,4,0,7,14,4,14,0,4,0,7,0,4,0,14,4,0,4,7,4,14,4,7,4,0,7,4,14,0,7,14,7,4,7,14,0,7,0,4,0,7,0,14,0,4,7,4,14,7,4,7,0,4,7,4,14,0,14,7,14,4,14,7,14,0,7,4,7,0,7,14,0,4,7,14,4,7,4,0,4,7,4,14,4,0,14,4,14,7,14,4,14,0,4,0,7,14,4,14,7,14,0,14,7,14,4,7,0,7,14,4,14,0,4,0,7,0,14,7,4,7,14,0,7,14,4,14,0,4,14,4,7,4,0,7,4,7,14,0,7,0,4,0,7,0,14,0,7,4,14,7,14,0,14,7,14,4,14,0,4,14,4,7,0,14,0,7,0,4,0,7,14,4,14,0,4,14,4,7,4,14,4,0,4,7,0,4,0,14,4,7,14,0,7,0,4,0,7,0,14,0,7,4,7,14,7,0,7,14,7,4,14,4,0,7,0,4,0,14,4,7,4,14,4,0,14,7,0,4,14,0,14,7,14,0,14,4,14,7,0,4,0,14,0,4,7,14,7,0,7,14,7"
5,7,14,349,0,0,400000440,10.822,"0,5,0,7,0,5,0,14,0,5,0,7,5,0,5,14,5,0,5,7,5,14,7,0,14,0,5,0,7,0,14,7,5,7,14,7,0,7,14,5,7,5,0,5,7,5,14,5,0,14,5,14,7,14,5,14,0,14,7,0,14,0,5,14,7,5,0,7,0,14,0,7,0,5,0,14,5,0,5,7,14,7,0,5,0,14,5,0,5,7,5,0,5,14,5,7,14,7,0,5,14,5,0,5,7,0,14,0,7,0,5,0,7,14,0,14,5,14,7,0,14,7,5,7,0,5,7,5,14,5,0,5,14,5,7,14,5,14,0,14,5,14,7,14,0,7,14,7,5,14,5,0,5,14,5,7,14,5,0,14,0,7,0,5,0,14,0,7,14,7,5,14,7,14,0,7,14,7,5,0,7,0,14,0,7,0,5,0,7,14,5,7,5,0,7,14,0,14,5,14,7,14,5,14,0,5,0,7,0,5,14,5,0,5,7,0,7,14,0,7,0,5,0,14,0,5,0,7,5,0,5,14,5,0,5,7,5,14,7,5,7,0,7,14,7,0,7,5,0,14,0,7,5,0,5,14,5,7,5,14,5,0,14,5,14,7,14,0,14,5,0,5,7,14,5,0,14,0,7,0,14,5,14,7,14,0,7,5,0,7,0,14,0,7,0,5,0,14,5,0,5,7,5,0,5,14,5,7,14,0,14,5,0,5,7,0,5,0,14,0,7,14,7,5,14,7,14,0,7,14,7,5,14,5,0,5,14,5,7,5,0,7,5,7,14,5,14,0,7"
6,7,14,347,0,0,400000324,10.597,"0,6,0,7,0,6,0,14,0,6,0,7,6,0,6,14,6,0,6,7,6,14,7,0,14,0,6,0,7,0,14,7,6,7,14,0,7,14,6,7,6,0,6,7,6,14,6,0,14,6,14,7,14,6,14,0,14,7,0,14,0,6,14,6,7,6,14,0,6,0,7,0,6,14,0,14,7,0,7,6,0,14,6,14,7,14,0,7,14,7,6,0,7,0,14,0,7,0,6,0,7,14,6,14,0,6,0,7,0,6,0,14,6,0,6,7,6,14,6,7,6,0,7,6,14,0,7,14,7,6,7,14,0,7,0,6,0,7,0,14,0,6,7,6,14,7,6,7,0,6,7,6,14,0,14,7,14,6,14,7,14,0,7,6,7,0,7,14,0,6,7,14,6,7,6,0,6,7,6,14,6,0,14,6,14,7,14,6,14,0,6,0,7,14,6,14,7,14,0,14,7,14,6,7,0,7,14,6,14,0,6,0,7,0,14,0,6,14,0,14,7,14,0,14,6,14,7,6,14,6,0,6,7,6,0,6,14,0,7,0,14,0,6,0,14,7,6,14,7,14,0,7,6,0,7,0,14,0,7,0,6,0,14,6,0,6,7,14,7,0,6,0,14,6,0,6,7,6,0,6,14,6,7,14,6,14,0,14,6,14,7,14,0,7,0,6,0,7,0,14,0,6,7,14,7,0,14,7,14,6,14,7,14,0,14,6,0,7,0,6,14,6,7,6,14,0,14,7,14,6,14,7,14,0,7,0,6,0,14,0,6,0,7,6,14,0,6"
1,8,14,547,0,0,400000744,15.371,"0,1,0,8,0,1,0,14,0,1,0,8,1,0,1,14,1,0,1,8,1,14,8,0,8,1,0,1,14,0,1,0,8,0,14,0,8,0,1,8,0,14,1,8,14,1,14,0,8,0,14,0,1,14,1,8,1,0,1,8,1,14,8,0,1,8,14,1,14,0,1,8,0,14,8,14,1,14,8,14,0,14,1,0,14,0,8,0,1,0,8,0,14,8,0,1,8,1,14,8,14,0,8,0,1,0,14,0,1,0,8,1,0,1,14,1,0,1,8,1,14,8,0,8,1,0,1,14,0,14,8,0,8,1,14,8,14,0,14,1,0,14,0,8,0,1,0,8,0,14,8,1,14,1,0,1,8,1,14,8,1,8,0,8,14,8,1,14,1,0,14,8,14,1,8,14,8,0,8,1,0,8,0,14,0,1,14,1,8,14,8,0,14,8,14,1,14,0,14,1,14,8,1,0,8,0,14,0,1,14,0,14,8,1,14,1,0,1,8,1,14,1,0,14,0,8,0,1,0,14,1,0,1,8,1,0,1,14,1,8,14,8,0,8,1,0,14,0,1,8,1,0,14,1,14,8,14,0,14,1,0,8,1,8,14,8,0,8,14,8,1,14,8,14,0,14,1,0,14,0,8,14,1,8,1,0,8,0,14,0,1,0,14,0,8,14,0,14,1,14,0,14,8,14,1,8,14,8,0,14,1,14,0,14,8,0,8,1,8,0,14,8,14,1,8,14,8,0,8,1,8,0,8,14,0,8,0,1,14,0,14,8,14,0,14,1,14,0,8,1,8,14,8,0,14,0,1,0,8,1,0,1,14,1,8,1,0,8,1,8,14,8,0,8,14,8,1,14,8,14,0,1,0,8,14,8,1,14,8,14,0,14,1,14,0,14,8,0,1,0,8,0,14,8,14,1,14,8,0,8,14,8,1,14,1,0,1,8,1,0,1,14,0,14,8,0,14,0,1,0,8,0,1,0,14,1,0,1,8,1,14,8,1,8,0,1,0,14,1,0,1,8,0,1,0,14,1,14,8,14,0,8,14,8,1,14,1,0,1,8,0,8,14,8,1,8,14,8,0,14,8,14,1,14,0,14,8,0,14,0,1,0,8,0,14,8,1,8,0,1,8,1,14,1,0,1,8,0,1,0,14,0,8,0,1,8,14,8,0,14,0,1,0,8,0,14,0,1,14,8,14,0,1,14,1,8,14,8,0,14,8,1,8,14,8,0,8"
3,8,14,484,0,0,400000608,13.163,"0,3,0,8,0,3,0,14,0,3,0,8,3,0,3,14,3,0,3,8,3,14,8,0,8,3,0,3,14,0,14,8,14,0,14,3,0,14,0,8,0,3,8,3,14,8,0,8,3,0,8,0,14,0,3,0,8,3,0,3,14,3,0,3,8,0,8,14,0,3,0,8,14,0,14,3,14,0,14,8,14,3,8,0,8,3,8,14,8,3,0,8,0,14,0,8,3,0,3,14,3,0,3,8,3,14,0,14,8,14,3,14,8,14,0,8,3,8,14,3,14,0,3,0,8,3,14,8,3,8,0,8,3,8,14,8,0,14,8,14,3,8,0,8,3,8,14,3,14,0,14,3,8,14,8,0,14,8,14,3,14,0,14,3,14,8,3,14,0,3,0,8,0,14,3,14,0,8,14,8,3,8,14,0,8,0,3,8,3,14,3,0,3,8,0,14,0,3,14,3,8,14,3,14,0,14,8,14,0,14,3,0,8,0,14,3,14,8,3,8,0,8,14,8,0,8,3,0,8,0,14,0,3,0,8,3,0,3,14,8,3,14,0,14,8,14,3,8,0,3,0,14,0,3,8,0,8,14,0,8,0,3,0,14,0,3,0,8,3,0,3,14,3,0,3,8,3,14,8,3,8,0,3,0,14,3,14,8,14,0,3,0,14,0,8,14,3,8,0,3,0,14,0,8,0,3,8,0,8,14,8,0,8,3,8,14,3,14,0,14,3,14,8,14,0,3,0,14,0,8,14,3,8,0,3,0,14,3,0,3,8,14,3,14,0,14,3,14,8,14,0,3,8,3,14,8,14,0,14,8,14,3,8,14,8,0,8,3,8,14,3,14,0,3,14,3,8,0,3,0,14,0,8,0,3,8,14,3,14,0,14,8,14,3,8,14,8,0,8,14,8,3,8,0,3,8,3,14,0,8,14,3,8,14,0,8,0,3,0,14,0,3,0,8,3,0,3,14,3,0,3,8,3,14,8,14,0,8,3,14,3,0,14,3,14,8,14,0,8,14,8,3,8,0,8,14,0,3,0,14,0,8,14,3,8,0,14,8,14,3,14,8,14,0,14,3,0,14,0,8,14,3,8,3"
5,8,14,332,0,0,400000416,11.749,"0,5,0,8,0,5,0,14,0,5,0,8,5,0,5,14,5,0,5,8,5,14,8,0,8,5,0,5,14,0,5,0,8,0,14,0,8,0,5,8,0,8,14,5,0,5,14,5,8,5,14,5,0,14,8,14,0,5,0,8,0,14,8,5,14,5,0,14,8,5,8,14,8,0,8,14,5,8,5,0,5,8,5,14,5,0,8,14,8,5,14,8,14,0,14,8,14,5,8,5,0,5,8,14,5,14,0,14,5,14,8,14,0,8,0,5,0,8,0,14,8,0,8,5,14,0,5,0,8,5,8,14,5,8,5,0,5,14,0,5,0,8,0,14,8,0,8,5,14,5,0,14,5,14,8,14,5,14,0,14,8,0,14,0,5,0,8,0,5,0,14,5,0,8,5,8,14,8,5,0,8,0,14,0,8,0,5,0,14,8,5,8,0,5,0,14,0,5,0,8,5,0,5,14,5,8,5,0,8,5,8,14,8,0,14,0,5,0,8,0,5,0,14,5,0,8,5,14,8,14,0,14,5,0,14,0,8,5,0,5,14,5,0,5,8,5,14,8,5,8,0,14,8,14,5,14,8,14,0,14,5,8,5,0,8,5,14,0,14,8,0,14,0,5,0,14,0,8,0,5,8,0,8,14,5,8,5,0,8,0,14,0,5,0,8,5,0,5,14,8,14,5,14,0,14,5,14,8,5,8,0,8,5,14,5,8,5,0,8,0,14,0,5,8,14,5,8,5,0,5,8,5"
1,9,14,519,0,0,400000612,14.892,"0,1,0,9,0,1,0,14,0,1,0,9,1,0,1,14,1,0,1,9,1,14,9,0,9,1,0,1,14,0,1,0,9,0,14,0,9,0,1,9,0,9,14,1,0,1,14,1,9,14,9,0,1,0,9,14,0,14,1,14,0,9,14,9,1,14,1,0,1,14,1,9,1,0,9,1,9,14,0,1,0,9,0,14,0,9,0,1,9,1,14,1,0,1,9,0,14,0,1,14,0,14,9,14,1,14,0,1,0,9,1,0,1,14,1,9,1,14,1,0,14,1,14,9,14,0,14,9,14,1,9,0,1,0,14,0,9,1,9,14,9,0,9,14,9,1,14,1,0,1,14,1,9,14,1,14,0,14,9,14,1,9,14,9,0,9,14,9,1,9,0,1,9,1,14,1,0,14,9,14,1,9,14,9,0,14,1,0,1,9,0,9,14,0,9,0,1,14,0,14,9,14,1,14,0,1,9,0,1,0,14,0,1,0,9,0,14,9,0,9,1,9,0,9,14,0,14,1,9,14,9,0,9,1,9,14,1,14,0,1,9,0,14,0,9,1,9,0,14,9,1,14,1,0,1,9,1,0,1,14,0,1,0,9,0,1,0,14,0,9,14,1,9,1,0,1,14,9,14,0,14,1,0,9,0,1,0,14,0,1,9,0,9,14,0,9,0,1,0,14,0,1,0,9,1,0,1,14,1,0,1,9,1,14,9,1,9,0,1,0,14,0,1,9,0,9,14,9,1,9,0,1,0,14,0,9,14,1,14,9,14,0,9,1,0,1,14,1,0,1,9,1,14,9,1,9,0,9,14,0,1,14,1,9,14,9,0,9,14,9,1,14,9,14,0,14,1,14,9,1,14,1,0,1,14,1,9,1,0,9,1,9,14,1,14,0,14,9,14,1,9,0,9,1,14,9,1,0,1,14,0,1,0,9,0,14,0,9,0,1,9,14,1,14,0,14,9,0,14,0,1,0,9,0,1,0,14,1,0,1,9,1,0,1,14,1,9,14,1,14,0,9,0,1,0,14,0,1,0,9,1,9,14,9,0,9,14,9,1,14,1,0,1,9,14,9,0,14,9,14,1,14,0,14,1,14,9,1,14,1,0,1,9,1,0,1,14,0,14,9,0,9,1,9,14,1,9,1,0,1,9,1,14,1,0,14,0,9,0"
2,9,14,545,0,0,400000416,13.785,"0,2,0,9,0,2,0,14,0,2,0,9,2,0,2,14,2,0,2,9,2,14,9,0,9,2,0,2,14,0,2,0,9,0,14,0,9,0,2,9,0,14,2,9,14,2,14,0,9,0,14,0,2,14,2,9,2,0,2,9,2,14,9,0,2,9,14,2,14,0,2,9,0,14,9,14,2,14,9,14,0,14,2,0,14,0,9,0,2,0,9,0,14,9,0,2,9,2,14,9,14,0,9,0,2,0,14,0,2,0,9,2,0,2,14,2,0,2,9,2,14,9,0,9,2,0,2,14,0,14,9,0,9,2,14,9,14,0,14,2,0,14,0,9,0,2,0,9,0,14,9,2,14,2,0,2,9,2,14,9,2,9,0,9,14,9,2,14,9,14,0,14,2,14,9,2,14,2,0,2,9,0,14,9,14,2,14,9,14,0,14,2,0,14,0,9,0,2,0,14,2,9,14,0,14,2,0,2,9,0,2,14,2,0,2,9,0,9,14,9,0,9,2,9,0,14,0,2,14,0,14,9,14,2,14,9,14,0,9,2,0,2,14,2,9,2,0,9,2,9,14,9,0,9,14,9,2,14,9,14,0,14,2,14,9,2,9,0,2,0,14,2,9,14,2,14,0,14,2,14,9,14,0,9,14,9,2,14,2,0,14,9,14,2,0,14,0,9,0,14,0,2,0,9,2,9,14,2,14,0,14,2,14,9,14,0,9,2,9,14,2,9,2,0,2,14,2,9,14,0,9,0,2,0,14,2,9,2,0,14,2,14,9,14,2,14,0,14,9,0,14,0,2,0,14,0,9,0,2,9,14,2,14,0,14,2,9,2,0,2,9,14,9,0,14,0,2,0,9,0,2,0,14,2,0,2,9,2,0,2,14,2,9,14,2,14,0,9,2,9,14,9,0,2,0,14,9,14,2,9,2,0,2,14,2,0,2,9,0,14,0,2,14,0,14,9,14,2,14,9,14,0,9,2,14,2,0,2,9,0,9,14,9,2,9,14,9,0,14,9,14,2,14,9,14,0,14,2,0,14,0,9,14,2,14,9,14,0,14,9,2,14,2,0,2,9,0,2,0,14,0,2,0,9,0,14,9,14,2,0,9,2,0,2,14,2,0,9,2,9,14,2,9,2,0,14,0,9,2,9,0,14,9,14,2,14,9,14,0,14,2,0,9,2,0,14,2,9,0,9,14,9,2,14,0,2,0,9,2,9,14,2,0,2,14"
3,9,14,361,0,0,400000412,12.495,"0,3,0,9,0,3,0,14,0,3,0,9,3,0,3,14,3,9,3,0,9,0,14,0,3,0,14,0,9,14,0,3,14,3,9,3,0,9,0,14,0,3,9,14,9,3,9,0,9,3,9,14,3,0,3,9,0,3,0,14,0,3,0,9,0,14,9,0,9,3,0,14,3,9,14,9,0,14,9,14,3,0,14,0,9,0,3,0,14,0,9,14,3,14,0,3,14,3,9,14,0,9,3,9,14,0,14,3,14,9,3,9,0,9,14,9,0,9,3,0,14,0,3,9,3,0,14,3,14,9,14,0,9,0,3,0,14,0,3,0,9,3,0,3,14,9,0,9,3,9,14,9,3,9,0,3,14,3,0,3,9,0,14,3,14,9,14,0,9,0,3,9,0,9,14,9,3,9,14,9,0,14,9,14,3,14,9,14,0,14,3,0,9,0,14,3,14,9,14,3,0,3,9,3,14,9,14,0,9,14,9,3,9,0,3,0,14,0,9,3,14,3,9,3,0,9,0,14,0,3,0,14,0,9,14,0,14,3,14,9,14,0,9,14,9,3,9,0,9,14,0,3,0,14,9,14,0,14,3,9,3,0,14,3,14,9,14,0,14,9,14,3,9,14,9,0,9,14,9,3,9,0,3,9,3,14,9,14,0,14,3,9,14,3,0,3,9,14,9,0,3,0,14,0,9,3,14,3,0,14,3,14,9,14,0,14,9,14,3,9,14,9,0,9,3,9,0,9,14,0,3,0,14,0,9,0,14,3,9,14,9,0,14,3,0,14,0,9,0,14,0,3,0,9,3,0,3,14,0,9,0"
4,9,14,341,0,0,400000256,10.479,"0,4,0,9,0,4,0,14,0,4,0,9,4,0,4,14,4,0,4,9,4,14,9,0,9,4,14,9,14,0,9,0,4,0,9,0,14,0,4,14,0,14,9,14,0,14,4,14,9,4,0,9,4,9,14,4,14,0,14,9,4,0,9,0,14,0,9,4,0,4,14,4,0,4,9,4,0,14,0,9,4,9,0,14,9,14,4,9,4,0,4,9,4,14,4,0,9,14,9,4,14,9,14,0,14,9,14,4,9,4,0,14,9,14,4,14,0,9,0,14,0,4,9,4,0,14,4,14,9,4,9,0,4,14,4,9,0,4,0,14,0,4,0,9,0,14,9,14,4,0,4,9,14,4,14,0,14,9,14,0,14,4,0,14,0,9,0,14,0,4,0,9,4,0,4,14,0,9,0,14,4,0,14,9,14,4,9,4,0,9,0,14,0,4,0,9,4,0,4,14,4,0,4,9,4,14,9,4,9,0,4,14,0,14,9,14,0,4,0,9,0,14,9,4,14,4,0,4,9,0,4,0,14,0,9,0,14,0,4,14,9,4,0,4,14,0,14,9,14,4,14,9,14,0,9,4,14,4,9,4,0,14,0,4,9,0,14,9,14,4,9,0,4,9,4,14,4,9,4,0,4,14,0,4,0,9,0,14,0,4,14,4,9,14,0,14,9,14,4,9,4,0,9,4,9,14,4,9,4,0,9,0,14,9,0,9,4,14,9,14,0,14,9,14,4,14,9,0,4,9,4,14,9,14,0,9,0,4,9,0,9"
5,9,14,60,1,1,7707828,0.101,"0,14,5,0,9,14,9,5,14,5,0,5,14,9,14,5,14,9,0,9,5,0,5,14,5,0,9,0,5,0,9,14,9,0,9,14,5,14,9,14,0,9,0,5,14,5,0,5,14,9,14,5,14,0,5,0,9,14,5,9"
1,10,14,600,0,0,400000612,16.401,"0,1,0,10,0,1,0,14,0,1,0,10,1,0,1,14,1,0,1,10,1,14,10,0,10,1,0,1,14,0,1,0,10,0,14,0,10,0,1,10,0,10,14,1,0,1,10,0,10,14,10,0,10,1,10,14,0,14,10,14,0,1,0,10,0,14,0,10,0,1,10,1,14,0,10,0,1,0,14,0,1,0,10,1,14,1,0,10,1,10,14,10,0,10,1,0,10,0,14,0,1,0,14,0,10,14,1,10,14,0,10,0,1,0,10,14,10,1,10,0,10,1,10,14,1,14,0,14,10,1,10,14,10,0,14,0,1,0,14,0,10,0,14,1,10,14,10,0,10,14,10,1,10,0,1,0,14,0,1,0,10,1,0,1,14,1,10,1,0,10,14,10,1,14,10,14,0,14,1,0,1,10,14,10,0,14,0,1,0,10,14,10,0,10,1,0,1,14,10,1,14,0,14,10,1,10,14,10,0,10,14,10,1,14,0,14,1,14,10,14,1,0,14,0,10,14,0,14,1,14,10,14,1,14,0,1,10,1,0,1,14,0,10,0,14,1,14,0,14,10,1,10,0,10,14,0,1,14,1,10,1,0,10,1,10,14,10,0,10,14,10,1,14,0,14,1,14,10,14,1,0,10,1,0,1,14,0,10,14,1,0,14,0,10,0,14,0,1,0,10,1,0,1,14,1,10,1,0,10,0,14,0,1,14,1,10,14,0,14,10,14,1,10,1,0,10,14,10,0,1,0,10,0,1,14,1,0,10,1,10,14,1,10,1,0,1,14,1,0,1,10,0,1,0,14,0,1,0,10,0,14,10,0,10,1,0,1,14,1,0,1,10,0,1,0,14,10,0,10,1,10,0,10,14,10,0,1,14,1,10,1,0,10,0,14,0,10,1,14,10,14,0,14,10,14,1,14,0,1,0,10,14,0,1,14,1,10,1,0,1,14,0,1,0,10,0,14,10,0,10,1,0,14,0,1,0,10,0,1,14,10,14,0,14,10,1,10,0,10,14,0,14,1,14,0,14,10,14,1,10,14,10,0,10,1,10,0,10,14,0,1,10,14,1,10,1,0,14,10,0,14,0,1,10,1,0,1,14,0,14,10,14,1,10,14,10,0,14,0,1,0,10,0,14,10,1,10,0,1,0,14,0,1,0,10,1,0,1,14,1,10,1,0,10,0,14,1,10,14,10,0,10,14,1,0,1,10,0,1,14,0,14,10,14,0,1,14,1,10,14,10,0,10,14,10,1,14,10,14,0,1,10,1,0,1,14,0,10,14,10,1,10,0,10,14,0,10,0,1,0,14,0,1,0,10,1,14,1,10,1,0,10,0,14,10,1,10,14,0,14"
3,10,14,441,0,0,400000424,12.769,"0,3,0,10,0,3,0,14,0,3,0,10,3,0,3,14,3,0,3,10,3,14,10,0,10,3,0,3,14,0,3,0,10,0,14,0,10,0,3,10,0,14,3,10,14,3,14,0,10,0,14,0,3,14,3,10,3,0,3,10,3,14,10,0,3,10,14,3,14,0,3,10,0,14,10,14,3,14,10,14,0,14,3,0,14,0,10,0,3,0,10,0,14,10,0,3,10,3,14,10,14,0,10,0,3,0,14,0,3,0,10,3,0,3,14,3,0,3,10,3,14,10,0,10,3,0,3,14,0,14,10,0,10,3,14,10,14,0,14,3,0,14,0,10,0,3,0,10,0,14,10,3,14,3,0,3,10,3,14,10,3,10,0,10,14,10,3,14,10,14,0,14,3,14,10,3,10,0,10,14,3,14,0,3,14,3,10,14,0,14,3,0,3,10,0,3,0,14,0,10,0,14,0,3,14,0,14,10,14,3,14,10,14,0,10,14,10,3,0,3,14,10,14,0,10,14,10,3,10,14,10,0,10,3,0,3,14,10,0,3,14,0,14,10,14,0,14,3,14,10,3,14,3,0,10,0,3,0,14,10,14,3,14,10,0,10,3,10,14,10,3,10,0,3,0,14,10,0,3,10,3,14,3,0,3,10,0,3,0,14,0,3,0,10,0,14,10,14,3,14,10,0,10,14,10,0,3,0,14,3,0,3,10,3,14,10,3,10,0,10,14,10,3,14,0,3,14,10,14,3,0,14,0,10,14,0,14,3,10,3,14,0,3,0,10,0,3,14,0,14,10,0,14,0,3,0,10,0,3,0,14,3,0,3,10,3,14,10,3,10,0,3,0,14,3,0,3,10,0,3,0,14,3,14,10,14,0,3,0,14,0,10,14,10,3,14,10,14,0,3,14,3,10,3,0,10,3,10,14,0,3,14,10,14,0,3,0,10,3,0,3,14,3,0,3,10,3,14,10,3,10,0,3,0,14,3,0,3,10,3,0"
1,11,14,573,0,0,400000724,17.008,"0,1,0,11,0,1,0,14,0,1,0,11,1,0,1,14,1,0,1,11,1,14,11,0,11,1,0,1,14,0,1,0,11,0,14,11,0,11,1,0,1,14,11,14,1,0,14,0,11,0,14,0,1,0,14,11,14,1,14,0,14,1,14,11,1,11,0,1,0,14,0,1,0,11,0,14,11,0,11,1,0,1,14,1,11,14,0,11,1,11,14,1,14,0,14,1,14,11,14,0,11,1,11,14,0,11,0,1,11,0,11,14,1,14,11,14,1,0,11,1,11,14,1,0,11,0,1,0,14,0,1,0,11,1,14,1,11,1,0,1,11,14,1,14,0,14,1,14,11,14,0,1,0,11,14,11,0,1,11,1,14,1,11,0,1,0,14,1,14,11,1,0,11,0,14,0,1,0,11,1,0,1,14,1,0,1,11,0,11,14,1,0,1,11,1,14,1,11,1,0,11,14,11,0,11,1,0,1,14,1,0,11,0,1,0,14,11,14,0,1,14,1,11,14,11,0,11,1,11,14,1,11,1,0,1,14,1,11,14,0,11,0,1,11,14,1,14,0,14,1,14,11,14,0,11,14,11,1,11,14,11,0,11,1,0,14,1,11,1,0,11,0,14,0,1,14,11,14,0,11,14,11,1,14,1,0,14,1,14,11,14,0,14,11,14,1,11,14,11,0,1,0,14,11,14,1,11,14,11,0,11,14,11,1,11,0,1,0,14,1,14,11,1,11,0,11,14,11,1,14,11,14,0,14,1,14,11,1,14,1,0,1,11,0,1,0,14,0,11,0,14,0,1,14,11,0,1,11,0,11,14,0,1,14,11,14,1,0,1,11,1,14,11,0,11,14,11,1,11,14,0,11,0,1,0,14,0,1,0,11,1,11,14,0,1,0,11,1,0,1,14,1,0,1,11,1,14,11,1,11,0,14,1,0,11,1,0,14,1,14,11,14,1,0,14,0,11,0,14,1,0,1,11,0,11,14,11,1,11,14,11,0,14,1,0,14,11,0,1,11,1,14,1,0,1,14,1,11,14,1,14,0,14,11,14,1,11,14,11,0,11,14,11,1,11,0,1,0,14,1,14,11,14,0,1,0,14,0,11,14,11,1,11,0,14,0,11,0,1,11,1,14,1,11,0,1,0,14,1,0,1,11,1,14,1,11,1,0,11,0,14,0,11,0,1,0,14,1,14,11,14,1,14,0,14,11,1,11,14,11,0,1,14,0,14,11,0,1,11,1,14,1,0,1,11,0,14,0,11,0,1,11,1,14,1,11,0,11,1,11,14,0,14"
2,11,14,481,0,0,400000616,15.173,"0,2,0,11,0,2,0,14,0,2,0,11,2,0,2,14,2,0,2,11,2,14,11,0,11,2,0,2,14,0,2,0,11,0,14,0,11,0,2,11,0,11,14,2,0,2,14,2,11,14,11,0,2,0,11,14,0,14,2,14,0,11,2,0,11,0,14,0,11,0,2,0,14,2,0,2,11,2,0,2,14,0,14,11,14,2,11,2,0,11,2,11,14,11,0,11,14,11,2,14,0,2,11,0,11,14,0,2,14,0,11,14,2,0,2,14,2,11,2,14,0,11,0,2,0,11,14,2,14,11,14,0,14,11,2,14,11,0,11,14,11,2,11,14,0,2,14,11,2,14,2,0,2,14,2,11,14,11,0,11,2,11,0,11,14,0,11,2,0,2,14,0,2,11,14,11,0,11,14,2,14,0,2,14,2,11,2,14,2,0,2,11,0,2,0,14,2,14,11,0,14,0,2,0,11,0,2,0,14,2,0,11,14,2,11,2,0,2,11,14,0,14,2,14,11,0,11,2,11,0,14,0,11,0,2,14,2,0,11,2,11,14,2,11,2,0,2,14,2,0,2,11,0,2,0,14,11,14,2,0,2,11,0,2,0,14,0,2,0,11,0,14,11,0,11,2,0,2,14,2,0,2,11,2,14,0,11,0,2,11,0,11,14,11,2,11,14,11,0,14,2,0,11,2,11,14,2,11,2,0,2,14,2,0,2,11,0,2,0,14,11,0,14,2,14,0,11,0,2,11,0,11,14,11,2,11,0,2,14,2,11,14,11,0,11,14,11,2,14,11,14,0,14,2,14,11,2,11,0,2,14,2,11,0,2,0,14,2,0,2,11,14,11,0,11,2,11,0,11,14,0,14,2,0,14,0,11,0,2,11,2,14,2,0,2,11,0,2,0,14,0,2,0,11,2,11,14,0,2,0,14,0,11,0,14,0,2,14,11,14,2,14,0,2,0,11,0,2,14,2,0,2,11,0,11,14,11,0,11,2,11,0,14,0,2,14,0,14,11,2,14,11,0,11,2,11,14,2,0,2,14,2,11,14,0,2,0,11,0,2,14,2,11,2,14,0,14,2,14,11,14"
3,11,14,60,1,1,7707828,0.102,"0,14,3,0,11,14,11,3,14,3,0,3,14,11,14,3,14,11,0,11,3,0,3,14,3,0,11,0,3,0,11,14,11,0,11,14,3,14,11,14,0,11,0,3,14,3,0,3,14,11,14,3,14,0,3,0,11,14,3,11"
1,12,14,503,0,0,400000660,15.860,"0,1,0,12,0,1,0,14,0,1,0,12,1,0,1,14,1,0,1,12,1,14,12,0,12,1,0,1,14,0,14,12,14,0,14,1,0,14,0,12,0,1,12,1,14,12,0,12,1,0,12,0,14,0,1,0,12,1,0,1,14,1,0,1,12,0,12,14,0,1,0,12,14,0,14,1,14,0,14,12,14,1,12,0,12,1,12,14,12,1,0,12,0,14,0,12,1,0,1,14,1,0,1,12,1,14,0,14,12,14,1,14,12,14,0,12,1,12,14,1,14,0,1,0,12,0,14,1,14,0,12,14,12,1,12,14,0,12,0,1,12,0,12,14,12,1,12,14,12,0,14,1,14,12,1,12,0,1,12,1,14,0,14,1,12,14,12,0,14,12,14,1,14,0,14,1,14,12,1,0,1,14,0,1,0,12,1,12,14,12,0,12,1,12,14,1,14,0,14,12,14,1,14,0,1,12,1,14,12,1,12,0,1,0,14,1,0,1,12,0,1,0,14,12,0,12,1,12,0,12,14,12,1,0,14,0,12,0,1,14,12,1,14,1,0,1,14,1,12,14,12,0,12,1,0,12,0,14,0,12,0,1,0,14,1,0,1,12,1,0,1,14,0,14,12,0,1,14,1,0,1,12,1,0,14,1,14,12,14,1,14,0,14,1,12,1,0,12,0,14,0,1,0,12,1,0,1,14,1,0,1,12,0,12,14,12,0,12,1,0,12,0,14,1,14,12,14,0,14,12,14,1,12,0,12,1,12,14,1,0,14,0,12,0,1,0,14,1,0,1,12,14,1,14,0,14,1,14,12,14,0,1,12,1,14,12,14,0,14,12,14,1,12,14,12,0,12,1,0,12,0,14,0,1,14,12,1,14,0,1,12,0,12,14,12,1,14,0,14,12,1,14,1,0,1,12,1,0,1,14,0,14,12,0,12,1,12,0,12,14,0,12,0,1,0,14,0,1,0,12,1,0,1,14,1,0,1,12,1,14,12,14,0,1,14,1,12,1,0,1,14,0,1,0,12,0,14,0,12,0,1,12,14,0,14,1,14,12,14,1,14,0,1,12,1,14,12,14,0,14,12,14,1,12,14,0,12,0,1,0,12,0,14,0,12,1,14,12,14,0,12,0,1"
1,13,14,60,1,1,7707828,0.100,"0,14,1,0,13,14,13,1,14,1,0,1,14,13,14,1,14,13,0,13,1,0,1,14,1,0,13,0,1,0,13,14,13,0,13,14,1,14,13,14,0,13,0,1,14,1,0,1,14,13,14,1,14,0,1,0,13,14,1,13"
1,2,15,378,0,0,400000396,11.067,"0,1,0,2,0,1,0,15,0,1,0,2,1,0,1,15,2,0,2,1,0,2,15,0,15,1,0,2,1,2,15,1,2,1,0,15,1,15,2,15,0,15,1,0,1,2,0,1,0,15,0,2,0,15,0,1,15,0,15,2,15,1,15,2,15,0,2,0,1,15,2,15,0,2,15,2,1,2,15,2,0,2,1,0,15,0,1,2,1,15,2,15,0,15,1,0,15,0,2,0,15,0,1,0,2,1,2,15,2,1,0,15,0,1,0,2,0,1,0,15,1,2,1,0,2,1,2,15,2,1,2,0,1,0,15,0,2,15,0,15,1,2,0,1,2,1,15,0,15,2,15,1,2,1,0,2,1,2,15,2,0,2,15,2,1,15,2,15,0,15,1,15,2,1,2,0,1,0,15,1,15,2,15,1,15,0,15,2,0,15,0,1,0,15,0,2,0,1,2,15,1,2,0,1,15,0,15,2,15,1,2,15,2,0,2,15,2,1,2,0,1,0,15,0,2,0,1,2,15,2,1,0,1,15,2,15,0,15,1,0,1,2,0,1,0,15,0,2,0,15,0,1,15,0,15,2,15,1,15,0,1,0,2,1,2,15,0,2,15,1,15,2,0,15,0,1,15,0,15,2,15,1,15,2,15,0,2,15,2,1,2,15,2,0,2,1,0,15,0,2,15,2,1,15,2,15,0,15,1,0,15,0,2,15,1,2,0,1,0,15,0,1,0,2,0,15,2,0,2,1,2,0,2,15,0,15,1,15,0,15,2,15,1,2,15,2,0,2,15,2,1,2,0,1,2,1,15,2,15,0,15,1,0,1,2,15,1,0,2,0,15,0,1,2,1,0,1,2"
1,3,15,431,0,0,400000556,13.371,"0,1,0,3,0,1,0,15,0,1,0,3,1,0,1,15,1,3,1,0,3,0,15,0,1,0,15,0,3,15,0,1,15,1,3,1,0,3,0,15,0,1,3,15,3,1,3,0,3,1,3,15,1,0,1,3,0,1,0,15,0,1,0,3,0,15,3,1,3,0,15,0,1,15,0,15,3,15,0,15,1,15,3,1,0,1,3,1,15,3,0,3,15,1,3,15,0,3,0,1,0,3,0,15,0,1,3,15,3,0,15,3,15,1,15,0,1,0,3,0,15,0,1,15,0,15,3,15,0,15,1,15,3,1,0,1,15,3,15,0,3,15,3,1,3,0,1,15,1,3,0,1,0,15,0,3,15,1,15,3,15,0,15,3,1,15,1,0,1,3,1,15,3,1,3,0,3,15,3,1,15,1,0,1,3,0,15,3,0,3,1,0,1,15,0,1,0,3,1,0,1,15,0,15,3,15,0,1,15,1,3,15,3,0,3,1,0,15,1,0,1,3,0,3,15,0,3,0,1,0,15,0,1,0,3,1,0,1,15,1,3,1,0,3,1,3,15,3,0,3,1,0,3,0,15,0,1,0,3,1,15,1,3,0,3,15,3,1,15,1,0,15,0,3,0,1,0,15,1,0,1,3,15,1,15,0,15,1,15,3,15,0,3,1,0,1,15,1,3,1,0,3,1,3,15,3,1,3,0,3,15,0,1,0,15,3,15,1,0,1,3,1,15,3,0,15,3,15,1,15,3,15,0,15,1,0,15,0,3,15,3,1,15,1,0,1,15,3,0,15,0,1,0,15,0,3,0,1,3,0,3,15,1,15,0,1,0,3,15,1,0,3,1,3,15,3,1,3,0,3,15,0,3,0,1,0,15,0,3,15,0,15,1,15,3,15,0,3,1,3,0,3,15,0,15,1,0,1,3,1,0,1,15,0,1,0,3,0,15,0,1,15,1,3,0,1,3,15,3,0,3"
2,3,15,414,0,0,400000552,13.599,"0,2,0,3,0,2,0,15,0,2,0,3,2,0,2,15,2,0,2,3,2,15,3,0,3,2,0,2,15,0,2,0,3,15,0,15,2,15,0,15,3,15,0,2,3,0,3,15,0,2,3,2,15,2,0,3,15,3,2,3,0,3,2,3,15,2,0,2,3,0,2,0,15,0,2,0,3,0,15,3,0,3,2,0,15,2,15,3,15,0,2,0,15,0,2,3,2,0,2,3,15,3,0,15,3,2,15,2,0,15,2,15,3,15,0,3,15,3,2,0,3,0,15,0,2,0,15,0,3,15,0,15,2,15,0,15,3,15,2,3,15,3,0,2,15,0,15,3,0,15,2,3,2,15,2,0,3,0,15,0,2,3,15,3,0,3,2,3,0,3,15,0,2,3,0,15,3,15,2,15,3,15,0,15,2,0,15,0,3,0,15,0,2,0,3,2,0,2,15,2,3,2,0,3,0,15,2,3,0,15,3,15,2,3,15,0,2,0,3,2,3,15,3,2,3,0,2,3,2,15,2,0,2,3,0,2,0,15,0,3,0,2,3,0,3,15,3,2,3,0,2,15,2,0,3,0,2,0,15,3,15,2,0,15,0,3,0,2,0,3,0,15,3,0,2,3,2,15,3,15,0,3,0,2,0,15,3,15,0,15,2,15,0,15,3,0,2,3,0,15,3,15,2,3,15,3,0,3,2,3,0,3,15,0,3,0,2,0,3,0,15,0,2,15,0,15,3,0,3,2,3,0,3,15,3,0,2,15,0,15,3,15,0,2,15,2,3,2,0,3,0,15,0,2,0,15,0,3,15,0,15,2,15,0,15,3,15,2,3,15,3,0,15,0,2,0,15,3,0,3,2,3,0,3,15,3,2,15,3,15,0,3,0,2,15,0,15,3,15,0,15,2,15,3,2,15,2,0,3,15,3,0,3,15"
1,4,15,552,0,0,400000696,14.955,"0,1,0,4,0,1,0,15,0,1,0,4,1,0,1,15,1,0,1,4,1,15,4,0,4,1,0,1,15,0,1,0,4,0,15,0,4,0,1,4,0,15,1,4,15,1,15,0,1,15,4,0,1,4,0,4,15,4,0,4,1,0,1,15,1,0,1,4,1,15,4,1,4,0,1,0,15,1,15,4,15,0,15,4,15,1,4,0,4,1,4,15,1,0,4,0,1,0,15,0,1,0,4,1,4,15,4,0,15,4,15,1,15,4,15,0,15,1,0,15,0,4,15,1,4,1,0,1,15,1,4,15,0,15,4,15,1,4,1,0,4,0,15,1,4,0,1,4,1,15,1,4,0,1,0,15,0,1,0,4,0,15,4,0,4,1,4,15,4,1,4,0,1,15,1,0,1,4,1,0,15,1,15,4,15,0,15,4,15,1,4,0,1,15,4,1,0,4,0,15,0,1,0,15,0,4,15,0,15,1,15,0,15,4,15,1,4,15,4,0,15,1,0,15,4,0,1,15,1,4,15,1,15,0,15,1,15,4,15,0,4,15,4,1,4,15,4,0,4,1,0,1,15,0,4,1,15,4,15,0,15,4,15,1,15,0,1,15,1,4,1,15,1,0,1,4,0,1,0,15,1,15,4,0,1,4,15,4,0,15,0,1,4,0,15,1,15,4,15,1,0,1,4,15,1,4,0,4,15,0,4,0,1,4,0,4,15,1,4,1,0,1,15,1,0,1,4,0,1,0,15,4,1,4,0,1,0,15,0,1,0,4,0,15,4,0,4,1,4,15,1,0,15,4,15,0,1,0,15,4,0,1,4,1,15,1,0,1,4,0,1,0,15,0,1,0,4,1,4,15,0,1,15,0,15,4,15,0,1,15,1,4,1,15,1,0,1,15,4,15,0,1,0,4,1,4,15,4,1,0,4,0,15,0,1,0,4,1,4,15,0,15,4,1,15,1,0,15,1,15,4,15,0,15,4,15,1,4,15,0,4,0,1,4,1,15,4,15,0,15,1,15,4,1,15,1,0,1,15,1,4,1,0,4,15,0,1,0,4,1,4,15,4,0,4,1,0,4,0,15,0,4,0,1,0,15,1,4,1,0,15,0,4,0,15,1,15,4,15,0,4,0,1,4,1,15,1,4,0,1,0,15,0,4,0,1,0,15,1,15,4,15,1,15,0,15,4,0,15,0,1,0,4,0,1,0,15,1,4,0,4,15,4,1,15,0,1,0,4,1,15,0"
2,4,15,371,0,0,400000328,10.959,"0,2,0,4,0,2,0,15,0,2,0,4,2,0,2,15,4,0,4,2,0,4,15,0,15,2,0,4,2,4,15,2,4,2,0,15,2,15,4,15,0,15,2,0,2,4,0,2,0,15,0,4,0,15,0,2,15,0,15,4,15,2,15,4,15,0,4,0,2,15,0,4,15,4,2,4,15,4,0,4,2,0,4,0,15,0,2,15,4,15,2,15,0,2,4,15,0,4,15,4,2,0,15,0,2,0,4,0,2,0,15,2,4,2,0,4,2,4,15,4,2,4,0,2,0,15,0,2,4,15,4,0,15,4,15,2,15,0,2,4,0,4,15,4,2,4,15,4,0,15,4,15,2,15,4,15,0,15,2,0,15,0,4,15,4,2,15,4,15,0,4,15,4,2,0,4,0,15,0,2,0,4,2,15,4,15,0,15,2,15,0,15,4,0,15,0,2,0,4,0,2,0,15,2,0,4,2,4,15,4,0,15,4,15,2,4,0,2,0,15,0,4,0,15,0,2,15,0,15,4,15,2,15,4,15,0,4,15,4,2,4,0,2,15,2,4,15,2,15,0,2,0,4,2,15,2,0,4,2,4,15,4,2,4,0,4,2,15,0,2,4,0,2,0,15,0,2,0,4,2,4,15,4,0,2,0,4,0,15,4,15,2,15,0,4,15,0,2,0,15,4,0,4,2,0,4,0,15,0,2,0,15,0,4,15,0,15,2,15,0,15,4,15,2,4,0,4,15,2,15,0,2,0,4,0,2,15,2,0,2,4,0,4,15,2,4,2,0,4,2,4,15,0,15,2,0,15,0,4,15,2,15,4,0,4,2,15,4,0,2,0"
3,4,15,547,0,0,400000672,16.508,"0,3,0,4,0,3,0,15,0,3,0,4,3,0,3,15,3,0,3,4,3,15,4,0,4,3,0,3,15,0,3,0,4,0,15,0,4,0,3,4,0,15,3,4,15,3,15,0,4,0,15,0,3,4,3,15,3,0,3,15,3,4,15,0,4,15,4,3,4,15,4,0,4,3,0,3,15,0,3,0,4,0,15,0,4,0,3,4,0,4,15,3,15,4,15,0,15,4,15,3,4,3,0,3,15,4,15,0,15,3,15,0,15,4,0,3,0,4,15,4,0,3,4,3,15,3,0,3,15,3,4,15,3,0,15,0,4,15,0,15,3,15,4,3,15,3,0,4,3,4,15,4,0,4,15,4,3,15,4,15,0,15,4,15,3,15,0,3,15,3,4,15,0,15,4,15,3,15,4,0,15,0,3,0,4,3,0,3,15,3,4,3,15,3,0,15,3,15,4,15,0,15,4,15,3,4,15,0,3,0,15,0,4,3,15,4,15,0,4,3,15,3,4,3,0,4,3,15,0,4,3,0,4,0,15,0,4,0,3,0,15,3,4,3,0,4,0,15,4,15,3,15,4,15,0,15,3,0,4,3,0,3,15,3,0,3,4,0,4,15,4,0,3,4,3,15,4,3,4,0,4,15,4,0,4,3,0,3,15,3,0,3,4,0,3,0,15,0,4,0,3,4,0,4,15,4,0,4,3,4,15,3,4,3,0,4,15,0,4,0,3,15,4,15,3,15,0,3,4,0,3,0,15,0,3,0,4,0,15,4,0,4,3,0,15,3,4,15,4,0,4,3,15,3,0,3,4,15,0,15,4,15,3,15,4,0,15,0,3,0,15,4,0,4,3,0,3,15,3,0,3,4,3,15,0,4,15,4,3,15,3,0,15,3,15,4,15,0,15,4,15,3,4,15,0,3,0,15,0,3,4,3,15,3,4,0,4,15,3,15,4,0,15,3,0,15,0,4,0,15,0,3,0,4,3,15,3,0,4,0,15,4,15,3,4,3,0,3,15,3,0,3,4,0,3,0,15,0,3,0,4,0,15,4,0,4,3,0,3,15,3,4,3,0,4,15,4,0,3,0,15,4,15,3,4,15,4,0,3,0,15,0,4,0,15,0,3,15,3,4,3,0,3,15,3,4,15,0,15,4,15,3,4,15,0,3,0,15,0,4,15,3,15,4,0,4,3,4,15,0,3,0,4,0,15,0,4,0,3,4,15,0,3,4,3,0,3"
1,5,15,460,0,0,400000576,14.612,"0,1,0,5,0,1,0,15,0,1,0,5,1,0,1,15,1,0,1,5,1,15,5,0,5,1,0,1,15,0,1,0,5,0,15,0,5,0,1,5,0,5,15,1,0,1,15,1,5,1,15,1,0,15,5,15,0,1,0,5,0,15,5,1,5,15,5,0,15,0,1,0,5,0,1,0,15,1,0,1,5,15,5,0,15,0,1,15,0,15,5,15,1,15,5,15,0,5,0,1,5,15,1,0,1,15,5,15,1,0,15,0,5,0,1,0,5,0,15,5,15,1,5,1,0,1,5,1,15,1,0,15,1,15,5,0,5,1,15,1,0,5,0,15,0,1,15,5,15,1,15,0,15,1,5,15,5,0,15,5,15,1,15,0,15,1,15,5,1,15,1,0,1,5,1,15,5,0,15,1,0,15,5,0,1,5,0,5,15,5,0,5,1,5,15,1,0,1,5,15,5,0,15,5,15,1,15,0,15,1,15,5,1,15,1,0,1,5,1,0,1,15,0,1,0,5,15,1,5,0,1,5,1,15,0,15,1,15,5,0,1,5,0,5,15,5,0,5,1,0,1,15,1,0,1,5,0,1,0,15,0,5,0,1,5,0,5,15,5,0,5,1,5,15,1,5,1,0,5,15,0,1,5,0,15,5,15,1,15,0,1,5,1,0,1,15,1,0,5,1,5,15,5,1,5,0,5,1,15,0,1,0,5,0,1,0,15,0,5,15,5,1,15,1,0,5,15,0,15,1,15,0,15,5,15,1,5,1,0,15,0,5,15,5,1,5,0,1,5,1,15,1,0,1,15,1,5,15,1,15,0,15,1,15,5,15,0,5,15,5,1,0,15,1,15,5,15,1,0,15,0,5,0,15,0,1,0,5,15,5,1,15,1,0,15,1,15,5,15,0,15,5,15,1,5,0,5,15,1,5,1,0,1,15,1,0,1,5,0,1,0,15,0,5,0,15,0,1,15,0,5,15,1,0,1,5,0,5,15,1,15,5,0,15,0,1,0,5,15,1,15,5,15,0,15,5,15,1,5,1"
2,5,15,580,0,0,400000668,16.274,"0,2,0,5,0,2,0,15,0,2,0,5,2,0,2,15,2,0,2,5,2,15,5,0,5,2,0,2,15,0,2,0,5,0,15,0,5,0,2,5,0,5,15,2,0,2,15,2,5,2,15,2,0,15,5,15,0,2,0,5,0,15,5,2,5,15,5,0,15,0,2,0,5,0,2,0,15,2,0,2,5,15,5,0,15,0,2,15,0,15,5,15,2,15,5,15,0,5,0,2,5,15,2,0,2,15,5,15,2,0,15,0,5,0,2,0,5,0,15,5,15,2,5,2,0,2,5,2,15,2,0,15,2,15,5,2,5,0,2,0,15,0,5,0,2,0,15,2,15,5,15,0,15,5,15,2,5,15,5,0,2,5,2,15,5,15,0,15,5,15,2,15,0,2,15,2,5,2,0,2,15,0,15,5,15,2,15,0,15,5,0,2,0,5,15,5,0,5,2,15,2,0,15,2,15,5,2,0,2,5,2,15,2,5,0,2,0,15,0,2,0,5,0,2,15,2,5,0,5,2,15,5,15,0,5,0,2,15,2,5,15,2,15,0,15,5,15,0,15,2,0,5,0,15,5,0,5,2,0,2,15,0,2,5,15,5,2,5,0,15,2,0,5,0,15,5,15,2,15,0,2,15,2,5,2,0,2,5,2,15,5,0,5,2,0,5,0,15,0,2,15,0,15,5,2,5,0,2,5,2,15,2,0,2,5,0,2,0,15,0,2,0,5,2,5,15,0,2,0,5,0,15,0,5,0,2,5,15,5,2,5,0,2,0,15,0,2,5,2,0,2,15,5,15,2,15,5,0,2,0,5,0,15,0,5,0,2,5,15,5,0,15,5,15,2,15,0,15,2,15,5,2,15,0,5,0,2,0,5,15,5,2,5,15,0,2,15,2,5,2,15,2,0,2,5,0,2,0,15,0,5,0,2,5,15,5,2,5,0,5,2,15,0,15,2,15,5,2,5,0,5,15,5,2,15,5,15,0,15,5,15,2,15,0,2,15,2,5,2,15,2,0,15,0,5,2,5,15,2,15,0,15,5,0,15,0,2,0,5,2,0,2,15,5,2,15,0,15,5,2,5,0,2,5,2,15,2,0,2,5,0,2,0,15,0,2,0,5,0,15,5,0,5,2,15,0,15,2,15,5,2,0,15,0,5,0,2,5,2,15,2,0,2,15,2,5,15,0,15,5,15,2,15,5,0,15,0,2,15,0,5,2,15,5,15,0,5,0,2,5,15,5,2,5,0,2,15,2,0,5,0,2,0,5,15,5,0,5,15,2,15,0,5,0,2,0,5,15,2,15"
3,5,15,451,0,0,400000556,13.736,"0,3,0,5,0,3,0,15,0,3,0,5,3,0,3,15,3,0,3,5,3,15,5,0,5,3,0,3,15,0,3,0,5,0,15,0,5,0,3,5,0,5,15,3,0,3,15,3,5,3,15,3,0,15,5,15,0,3,0,5,0,15,5,3,5,15,5,0,15,0,3,0,5,0,3,0,15,3,0,3,5,15,5,0,15,0,3,15,0,15,5,15,3,15,5,15,0,5,0,3,5,15,3,0,3,15,5,15,3,0,15,0,5,0,3,0,5,0,15,5,15,3,5,3,0,3,5,3,15,3,0,15,3,15,5,3,5,0,3,0,15,0,5,0,3,0,15,3,15,5,15,0,15,5,15,3,5,15,5,0,3,5,3,15,5,15,0,15,5,15,3,15,0,3,15,3,5,3,0,3,15,0,15,5,15,3,15,0,15,5,0,3,0,15,5,0,5,3,5,15,3,15,0,15,5,0,3,0,15,3,15,5,3,15,3,0,3,5,3,0,3,15,0,5,0,3,5,0,5,15,5,3,15,0,15,5,3,5,0,3,0,15,3,0,3,5,15,3,15,0,15,5,15,0,15,3,0,5,15,5,0,5,3,5,0,5,15,0,3,0,5,3,0,3,15,0,5,15,3,5,3,0,3,15,3,0,3,5,0,3,0,15,0,3,0,5,0,15,5,0,5,3,0,3,15,3,5,3,0,3,15,0,15,5,15,0,3,0,5,0,15,5,3,15,5,15,0,5,3,0,5,0,15,0,5,0,3,0,15,3,0,3,5,0,5,15,0,15,3,15,0,5,15,5,3,15,3,0,3,15,3,5,3,15,0,15,5,3,5,0,3,0,15,0,5,3,0,5,15,5,3,15,5,15,0,15,5,15,3,15,0,3,0,5,0,15,3,5,15,3,15,0,15,3,15,5,3,5,0,3,5,3,15,3,0,3,15,3,5,15,3,0,15,0,5,0,3,5,0,5,15,0,3,15,3,5,15,5,0,5,3,5,15,5,0,15,3,0,3,5,0"
4,5,15,437,0,0,400000484,13.001,"0,4,0,5,0,4,0,15,0,4,0,5,4,0,4,15,4,0,4,5,4,15,5,0,5,4,0,4,15,0,4,0,5,0,15,0,5,0,4,5,0,5,15,4,0,4,15,4,5,4,15,4,0,15,5,15,0,4,0,5,0,15,5,4,5,15,5,0,15,0,4,0,5,0,4,0,15,4,0,4,5,15,5,0,15,0,4,15,0,15,5,15,4,15,5,15,0,5,0,4,5,15,4,0,4,15,5,15,4,0,15,0,5,0,4,0,15,4,0,4,5,4,15,4,0,15,4,15,5,15,4,15,0,15,5,0,15,0,4,15,5,15,4,15,0,15,4,5,15,5,0,5,4,0,5,0,15,0,4,15,0,15,5,15,0,15,4,15,5,4,15,4,0,4,5,0,4,0,15,5,4,15,5,15,0,4,0,5,0,15,0,5,0,4,5,15,5,0,15,5,15,4,15,5,15,0,15,4,0,15,0,5,0,4,5,0,5,15,4,0,15,4,15,5,0,5,15,4,5,4,0,4,15,4,0,4,5,0,4,0,15,0,5,0,4,5,0,5,15,5,0,5,4,5,15,4,0,4,5,0,4,0,15,0,5,0,4,5,4,15,4,5,4,0,4,15,0,4,0,5,0,4,0,15,4,15,5,15,0,15,4,15,5,4,0,4,5,15,5,0,5,4,0,4,15,0,4,0,5,0,15,0,5,0,4,5,0,5,15,4,0,15,5,15,4,5,4,0,5,15,0,4,15,0,15,5,15,0,15,4,15,5,4,5,0,15,5,4,15,4,0,4,5,0,4,0,15,0,5,0,15,0,4,15,4,5,0,4,15,0,15,5,15,4,15,5,15,0,5,15,4,5,4,0,5,15,0,15,4,15,5,15,4,15,0,4,15,4,5,4,15,4,0,4,5,0,4,0,15,0,5,15,5,4,15,5,15,0,15,4,0,4,5,0,4,15,0,15,5,0,5,4,5,15,5,0,15"
1,6,15,557,0,0,400000780,16.977,"0,1,0,6,0,1,0,15,0,1,0,6,1,0,1,15,1,0,1,6,1,15,6,0,6,1,0,1,15,0,1,0,6,0,15,6,1,6,15,0,6,15,1,6,1,0,1,6,1,15,1,0,6,0,15,0,1,15,1,6,15,1,15,0,6,15,6,1,6,0,6,15,0,1,0,15,0,6,15,1,15,6,0,15,6,1,15,1,0,15,1,15,6,0,15,0,1,0,15,0,6,0,15,1,6,15,0,15,1,6,1,0,15,0,6,1,0,6,15,6,1,6,0,1,0,15,1,0,1,6,0,1,0,15,1,15,6,1,0,6,15,1,6,1,0,1,6,1,15,1,0,15,1,15,6,15,0,15,1,0,15,0,6,0,1,6,15,1,15,0,15,1,6,15,6,0,15,6,15,1,15,0,15,1,15,6,1,15,1,0,6,1,6,15,1,15,0,15,1,15,6,15,0,6,0,1,0,15,6,1,6,15,6,0,1,15,1,6,1,0,1,6,1,15,6,0,6,1,0,6,0,15,0,1,0,6,1,0,1,15,1,6,15,6,0,15,6,15,1,15,0,15,1,15,6,1,15,1,0,1,6,0,1,0,15,6,15,1,0,15,0,6,0,1,0,6,0,15,6,0,1,6,1,15,1,0,6,1,0,15,0,6,15,0,15,1,15,6,1,6,0,6,1,15,1,6,1,0,15,0,1,6,0,6,15,0,6,0,1,0,15,0,1,0,6,1,0,1,15,1,0,1,6,1,15,6,1,6,0,1,0,15,0,1,0,6,0,1,15,6,1,0,6,1,6,15,6,1,6,0,6,15,0,1,0,15,0,6,15,1,0,6,15,6,1,15,1,0,15,1,15,6,0,15,0,1,0,15,0,6,0,1,6,0,6,15,0,15,1,15,6,1,6,0,6,15,6,1,15,6,15,0,15,6,15,1,15,0,1,15,1,6,15,6,0,15,1,0,1,6,0,1,0,15,0,6,15,6,1,15,0,1,15,1,6,15,6,0,6,1,6,15,1,6,1,0,1,15,1,0,1,6,0,6,15,1,6,0,1,0,15,0,6,0,1,6,0,6,15,6,1,6,0,1,15,1,0,1,6,0,15,0,6,1,6,15,0,15,6,1,15,1,0,15,1,15,6,15,0,15,6,15,1,6,15,0,6,0,1,6,0,6,15,6,1,15,0,15,6,0,15,0,1,15,1,6,1,0,15,0,1,0,6,1,6,15,6,0,15,0,1,0,6,15,6,0,6"
2,6,15,462,0,0,400000616,14.233,"0,2,0,6,0,2,0,15,0,2,0,6,2,0,2,15,2,6,2,0,6,0,15,0,2,0,15,0,6,15,0,2,15,2,6,2,0,6,0,15,0,2,6,15,6,2,6,0,6,2,6,15,2,0,2,6,0,2,0,15,0,2,0,6,0,15,6,0,6,2,0,15,2,6,15,6,0,15,6,15,2,0,15,0,6,0,2,0,15,0,6,15,2,15,0,2,15,2,6,15,0,6,2,15,6,15,0,15,6,15,2,15,0,2,6,2,0,15,0,2,6,0,6,15,6,0,6,2,6,15,2,0,2,6,15,2,15,0,2,0,6,15,6,2,15,6,15,0,15,6,15,2,15,0,2,15,2,6,15,0,15,6,15,2,15,6,0,15,0,2,0,15,0,6,0,15,2,6,2,15,2,0,6,0,15,0,2,15,6,2,6,0,6,15,6,2,15,6,15,0,15,2,0,15,0,6,0,15,0,2,15,2,6,0,15,0,6,0,2,0,6,0,15,6,2,6,0,15,0,2,0,15,6,15,2,15,6,0,6,2,15,2,0,2,6,0,6,15,6,2,6,0,2,6,2,15,2,0,2,6,0,2,0,15,0,2,0,6,0,15,6,0,6,2,0,2,15,0,2,6,0,6,15,6,2,15,6,15,0,15,2,0,2,6,2,0,2,15,0,2,0,6,0,15,0,2,15,0,15,6,15,0,15,2,15,6,2,6,0,2,0,15,6,15,2,0,15,0,6,0,2,0,6,0,15,6,0,2,6,15,0,15,2,15,6,2,6,0,6,15,6,2,15,6,15,0,15,6,15,2,15,0,2,15,2,6,15,0,6,2,6,0,15,0,2,0,6,2,15,6,15,0,6,15,6,2,6,0,6,2,6,15,2,6,0,2,15,2,0,6,0,2,0,6,15,6,0,2,6,2,15,6,15,0,15,2,15,0,15,6,0,2,6,2,15,6,0,15,0,2,0,6,2,0,2,15,6,0,6,15,6,2,15,2,0,2,6,2,0,2,15,0,2,0,6,15,2,15,0,15,2,6"
4,6,15,397,0,0,400000392,12.458,"0,4,0,6,0,4,0,15,0,4,0,6,4,0,4,15,4,0,4,6,4,15,6,0,6,4,0,4,15,0,4,0,6,15,0,15,4,15,0,15,6,15,0,4,6,0,6,15,0,4,6,4,15,6,4,6,0,15,4,0,4,6,4,0,15,4,15,6,15,0,15,4,15,6,4,6,0,6,4,6,15,4,6,4,0,15,6,15,4,6,4,0,4,6,4,15,4,0,6,0,4,0,15,0,4,0,6,4,15,4,6,4,0,6,0,15,6,0,4,6,4,15,6,15,0,15,4,15,6,4,0,4,15,0,4,0,6,0,15,0,4,15,4,6,4,15,4,0,15,4,15,6,15,0,15,6,15,4,6,15,6,0,4,15,4,6,15,6,0,6,15,6,4,6,0,4,6,4,15,4,0,15,0,6,15,6,4,15,0,15,6,0,15,0,4,15,4,6,15,6,0,6,4,0,6,0,15,0,4,0,6,4,15,4,0,6,4,6,15,4,15,0,15,6,15,4,6,0,6,4,15,4,0,6,0,4,15,0,6,15,6,4,6,0,6,4,6,15,4,0,4,6,0,4,0,15,0,6,0,4,6,15,4,6,4,0,4,6,4,15,4,0,15,0,6,4,0,15,6,15,4,15,0,6,0,4,0,15,0,4,0,6,4,6,15,6,0,15,6,15,4,0,6,0,4,0,15,4,15,6,15,0,15,6,15,4,6,15,6,0,4,6,4,15,4,6,4,0,4,6,15,0,15,4,15,6,0,6,4,0,6,0,15,0,4,0,6,4,0,4,15,4,6,4,0,6,0,15,6,4,0,15,4,15,6,15,4,15,0,15,6,0,15,0,4,15,4,6,0,4,0,15,0,6,0,4,6,4,15,6,15,0,15,6,4,6,15"
5,6,15,393,0,0,400000468,12.503,"0,5,0,6,0,5,0,15,0,5,0,6,5,0,5,15,5,0,5,6,5,15,6,0,6,5,0,5,15,0,5,0,6,0,15,6,5,15,6,15,0,5,0,6,5,6,15,5,0,15,5,15,6,15,5,15,0,5,0,6,15,0,15,5,0,15,0,6,5,6,15,6,0,5,0,15,6,0,6,5,6,0,6,15,6,5,0,5,15,6,15,5,0,15,0,6,0,15,5,6,15,5,15,0,15,5,15,6,15,0,6,15,6,5,6,15,6,0,6,5,0,5,15,5,6,15,5,15,0,15,5,15,6,5,6,0,5,0,15,6,0,6,5,6,0,6,15,6,0,5,15,0,5,0,6,0,5,15,0,15,6,0,15,5,6,5,0,5,6,15,6,0,15,6,15,5,15,0,15,5,15,6,5,15,5,0,6,5,0,15,0,5,0,6,0,5,15,6,5,0,5,15,6,15,0,15,6,5,6,15,0,6,0,5,6,5,15,5,6,0,5,0,15,0,5,0,6,0,5,15,6,5,0,6,0,15,0,6,0,5,0,6,15,6,5,6,0,6,5,6,15,5,15,0,15,6,5,0,6,15,0,6,0,5,0,6,0,15,6,15,5,15,0,15,5,15,6,5,0,5,15,0,5,0,6,0,15,0,6,0,5,6,0,6,15,5,6,5,0,5,15,0,5,0,6,5,15,6,15,0,6,15,6,5,6,0,5,15,5,6,15,5,15,0,15,6,15,5,6,15,6,0,5,0,15,6,0,6,5,6,15,6,5,6,0,5,15,5,6,15,5,15,0,5,0,6,15,6,0,6,5,15,5,6,0,5,0,15,0,5,0,6,0,15,6,0,6,5,6,15,6,0,15,5,0,6,0,15,5,15,6,15,0"
1,7,15,498,0,0,400000668,15.976,"0,1,0,7,0,1,0,15,0,1,0,7,1,0,1,15,1,0,1,7,1,15,7,0,7,15,1,7,15,0,7,0,1,0,7,0,15,0,1,7,1,15,1,7,0,15,7,15,1,15,7,0,15,0,1,15,1,7,1,0,1,7,1,15,7,1,7,0,7,15,0,1,0,7,1,0,1,15,1,7,1,15,1,0,15,1,7,15,0,1,0,7,1,0,1,15,1,7,15,0,15,7,15,1,15,7,0,15,0,1,0,15,7,15,1,15,7,0,7,15,7,0,1,0,7,0,1,15,1,0,1,7,0,7,15,7,1,15,7,15,0,1,15,1,7,1,0,1,7,1,15,7,1,0,15,7,0,7,1,0,1,15,1,0,1,7,0,1,0,15,0,7,0,1,7,0,7,15,7,0,7,1,0,1,15,0,1,0,7,15,0,15,1,15,7,15,0,7,0,1,15,0,7,1,7,15,1,7,1,0,1,7,1,15,1,0,15,1,15,7,15,0,7,15,7,1,15,1,0,7,1,7,15,7,0,7,15,7,1,15,7,15,0,15,7,15,1,15,0,1,15,1,7,15,7,0,7,15,7,1,15,7,15,0,1,15,1,7,1,0,1,15,1,7,15,7,0,1,15,1,7,1,0,15,0,1,0,7,0,1,0,15,1,7,1,0,15,0,7,15,0,15,1,7,1,0,15,1,15,7,15,0,7,15,7,1,7,0,7,1,7,15,1,15,0,1,7,0,7,15,0,7,0,1,0,15,0,1,0,7,1,0,1,15,7,15,0,1,0,7,1,0,1,15,1,7,1,15,1,0,15,0,7,15,1,15,7,0,7,1,15,1,7,0,1,0,15,0,1,0,7,0,15,7,1,15,7,15,0,15,7,15,1,15,0,1,15,1,7,0,7,15,1,15,0,7,0,15,1,0,1,7,1,0,15,1,15,7,1,15,1,0,1,7,1,0,1,15,0,1,0,7,0,1,0,15,0,7,15,1,7,1,0,1,15,1,7,15,0,15,7,15,1,15,7,0,15,0,1,0,7,0,1,0,15,1,15,7,15,1,0,1,7,1,0,15,0,1,0,7,15,7,0,7,1,0,1,15,7,1,7,0,1,7,1,15,0,15"
2,7,15,527,0,0,400000736,16.496,"0,2,0,7,0,2,0,15,0,2,0,7,2,0,2,15,2,0,2,7,2,15,7,0,7,2,0,2,15,0,2,0,7,0,15,7,2,7,15,0,7,15,2,7,2,0,2,7,2,15,2,0,7,0,15,0,2,15,2,7,15,2,15,0,7,15,7,2,7,0,7,15,0,2,0,15,0,7,15,2,15,7,0,15,7,2,15,2,0,15,2,15,7,0,15,0,2,0,15,0,7,0,2,7,15,7,0,15,0,2,0,7,2,7,15,2,0,2,15,7,15,2,15,0,7,0,2,0,7,15,7,2,15,7,15,0,15,7,15,2,15,0,2,15,2,7,15,0,15,7,15,2,15,7,0,15,0,2,0,15,0,7,0,2,7,0,7,15,2,15,7,15,0,2,0,7,15,0,15,2,15,7,15,2,15,0,2,7,2,0,2,15,0,15,7,0,15,0,2,0,7,0,2,0,15,2,0,7,2,7,15,7,2,0,7,0,15,7,15,2,15,0,7,2,0,2,15,0,15,7,15,2,15,7,15,0,7,15,7,2,0,2,15,2,7,0,7,15,2,7,2,0,2,15,2,0,2,7,0,2,0,15,7,2,15,7,15,0,2,0,15,0,7,2,7,15,0,7,0,2,0,15,0,2,0,7,2,0,2,15,2,0,2,7,2,15,7,0,7,2,0,7,0,15,0,2,0,7,2,15,2,0,15,2,15,7,2,15,2,0,7,0,2,15,0,2,7,2,15,7,2,7,0,7,15,7,0,7,2,0,15,7,2,15,7,15,0,15,7,15,2,15,0,2,15,2,7,0,15,7,2,7,0,2,0,15,2,7,15,7,0,15,7,15,2,0,15,0,7,0,15,0,2,0,7,2,0,2,15,2,0,2,7,2,15,7,2,7,0,2,0,15,0,7,15,0,15,2,15,7,15,0,7,15,7,2,7,0,7,2,7,15,2,15,0,15,2,7,15,7,0,15,7,15,2,15,0,15,2,15,7,2,15,0,2,0,7,2,0,15,7,15,0,15,2,15,0,7,15,7,2,7,15,7,0,7,2,0,2,15,0,7,0,2,15,0,15,7,15,0,15,2,15,7,2,0,2,7,2,15,7,0,15,0,2,0,7,0,2,0,15,2,0,2,7,2,15,2,0,15,0,7,2,15,7,15,0,15,7,2,0,2,15,0,2,7,15"
3,7,15,538,0,0,400000588,14.495,"0,3,0,7,0,3,0,15,0,3,0,7,3,0,3,15,3,0,3,7,3,15,7,0,7,3,0,3,15,0,3,0,7,0,15,0,7,0,3,7,0,7,15,3,0,3,15,3,7,3,15,3,0,15,7,15,0,3,0,7,0,15,7,3,15,0,3,15,3,7,15,0,15,7,15,3,15,7,0,15,0,3,15,0,15,7,15,3,7,0,7,3,7,15,3,0,7,0,3,0,15,0,3,0,7,3,15,7,0,7,3,0,3,15,3,7,3,0,7,3,7,15,7,3,7,0,7,15,0,3,15,7,0,7,3,7,0,15,0,3,7,0,3,15,3,7,15,7,0,15,0,3,15,0,15,7,15,3,15,7,15,0,7,15,3,7,3,0,3,7,15,3,15,0,15,3,15,7,15,0,3,7,3,15,7,15,0,15,7,15,3,15,0,7,0,15,0,3,0,15,0,7,15,3,15,7,15,0,7,3,0,7,15,0,3,7,3,0,3,15,3,0,7,15,0,3,0,7,15,7,3,15,7,15,0,15,7,15,3,15,0,3,15,3,7,0,7,15,3,15,0,3,15,3,7,3,0,3,7,3,15,7,0,7,3,0,3,15,0,3,0,7,15,7,0,7,15,3,15,7,15,0,7,0,3,0,15,0,3,0,7,3,15,0,3,7,0,7,15,7,3,7,0,3,15,0,7,0,3,7,3,15,3,0,3,7,0,3,0,15,0,3,0,7,0,15,7,0,7,3,0,15,0,3,0,7,3,15,7,3,7,0,7,3,7,15,7,0,15,0,3,15,7,0,7,3,0,7,0,15,0,3,15,0,15,7,15,3,7,15,7,0,7,3,7,15,3,15,0,7,0,3,7,3,15,3,0,3,7,0,3,0,15,0,7,0,3,7,3,15,7,15,0,7,0,3,0,7,0,15,0,3,15,0,15,7,15,3,15,0,3,15,3,7,3,0,7,0,15,7,15,3,7,3,0,15,3,15,7,15,0,15,7,15,3,7,15,7,0,7,3,7,15,3,7,3,0,3,7,3,15,7,15,0,7,3,7,15,0,7,0,3,0,15,0,7,15,3,7,3,0,3,7,15,3,15,0,15,7,15,3,7,15,7,0,3,0,7,15,0,15,3,15,0,7,0,3,0,15,0,3,0,7,3,7,15,3,7,0,3,15,3,0,7,0,3,0,15,7,15,3,15,7,0,7,15,7,0"
4,7,15,454,0,0,400000532,13.021,"0,4,0,7,0,4,0,15,0,4,0,7,4,0,4,15,4,0,4,7,4,15,7,0,7,4,0,4,15,0,15,7,15,0,15,4,0,15,0,7,0,4,7,4,15,7,0,7,4,0,7,0,15,0,4,0,7,4,0,4,15,4,0,4,7,0,7,15,0,4,0,7,15,0,15,4,15,0,15,7,15,4,7,0,7,4,7,15,7,4,0,7,0,15,0,7,4,0,4,15,4,0,4,7,4,15,0,15,7,15,4,15,7,15,0,7,4,7,15,4,15,0,4,0,7,4,15,7,4,7,0,7,4,7,15,7,0,15,7,15,4,7,0,7,4,7,15,4,15,0,15,4,7,15,7,0,15,7,15,4,15,0,15,4,15,7,4,0,4,15,7,4,7,0,4,0,15,7,0,4,15,4,7,15,7,0,15,0,4,15,0,15,7,15,4,15,7,15,0,7,0,4,7,4,15,7,0,7,4,0,7,0,15,0,4,0,7,4,0,4,15,4,7,4,0,7,15,0,4,0,7,15,7,4,7,15,0,4,15,4,7,4,15,4,0,4,7,0,4,0,15,0,4,0,7,4,7,15,4,0,15,0,7,0,4,0,7,0,15,7,0,7,4,7,15,7,0,15,0,4,0,7,0,4,0,15,4,0,4,7,4,15,4,0,15,0,7,15,7,4,15,7,15,0,7,15,7,4,15,4,0,4,7,0,15,0,4,7,0,7,15,7,4,7,15,7,0,15,7,15,4,15,7,15,0,15,4,0,15,0,7,4,7,0,15,7,15,4,15,0,4,7,4,0,15,4,0,7,4,7,15,4,7,4,0,4,15,4,0,4,7,0,4,0,15,0,4,0,7,0,15,7,0,7,4,7,0,7,15,7,4,15,7,15,0,4,0,7,0,15,7,4,15,7,15,0,15,7,15,4,15,0,4,15,4,7,0,15,0,7,0,4,7,4,15,4,7,4,0,4,15,0,4,0,7,0,4,0,15,0,7,15,7,4,7,15,7,0,7,4,15,0,4,15"
5,7,15,501,0,0,400000396,13.239,"0,5,0,7,0,5,0,15,0,5,0,7,5,0,5,15,5,0,5,7,5,15,7,0,7,5,0,5,15,0,5,0,7,0,15,7,5,15,7,15,0,5,0,7,5,7,15,5,0,15,5,15,7,15,5,15,0,5,0,7,15,0,15,5,0,15,0,7,5,7,15,7,0,15,0,5,0,7,0,5,0,15,5,0,5,7,15,0,7,5,7,15,0,15,7,5,15,0,5,0,7,0,15,7,0,7,5,7,15,7,0,15,7,15,5,15,0,5,15,5,7,5,0,5,7,5,15,7,0,15,7,5,15,5,0,15,5,15,7,15,0,15,7,15,5,7,15,7,0,5,0,15,7,15,5,7,15,7,0,7,5,7,0,7,15,0,15,5,0,7,5,7,15,7,0,15,7,15,5,15,0,15,5,15,7,5,0,5,15,7,15,0,7,0,5,15,5,7,5,0,7,15,7,0,7,5,0,15,0,5,0,7,5,15,0,7,5,7,15,5,15,0,5,7,5,15,0,5,0,7,0,5,0,15,0,5,7,15,5,0,15,5,15,7,15,5,15,0,15,7,0,15,0,5,7,15,5,7,5,0,7,0,15,0,5,0,7,5,0,5,15,7,5,7,0,7,15,7,0,7,5,0,7,0,15,0,5,0,7,5,0,5,15,5,0,5,7,0,7,15,7,0,5,0,7,0,15,7,15,5,15,0,5,0,7,0,5,0,15,5,0,5,7,5,15,5,0,15,5,15,7,15,5,15,0,15,7,0,7,5,15,5,0,15,0,7,0,5,0,15,5,0,5,7,15,7,5,7,0,7,5,7,15,5,0,15,7,15,5,7,5,0,5,7,5,15,5,0,15,5,15,7,15,0,15,7,15,5,7,0,7,15,5,7,5,0,5,15,0,7,15,5,7,15,7,0,7,15,7,5,7,0,5,0,15,0,7,0,5,0,15,5,15,7,5,7,0,5,15,7,15,5,15,0,7,0,15,0,5,15,7,5,7,0,5,0,15,0,5,0,7,5,0,5,15,5,7,5,0,7,5,7,15,7,5,7,0,7,15,0,5,0,7,5,0,5,15,0,5,0,7,5,7,15,7,0,15,5,15,0,15,7,15,0,5,15,5,7,15,7,0"
6,7,15,396,0,0,400000488,13.441,"0,6,0,7,0,6,0,15,0,6,0,7,6,0,6,15,6,0,6,7,6,15,7,0,7,6,0,6,15,0,6,0,7,0,15,0,7,0,6,7,0,7,15,6,0,6,15,6,7,6,15,6,0,15,7,15,0,6,0,7,0,15,7,6,15,7,15,0,7,0,6,0,15,0,6,0,7,6,15,6,0,15,0,7,15,7,6,15,7,15,0,15,6,15,0,15,7,0,6,0,15,6,15,7,6,7,0,6,7,6,15,6,0,6,15,6,7,15,7,0,7,15,7,6,15,7,15,0,15,6,15,7,6,15,6,0,6,7,0,7,15,6,15,0,15,7,15,0,15,6,0,7,0,15,7,0,7,6,7,15,6,15,0,7,15,6,0,6,7,0,6,0,15,0,7,0,15,0,6,15,7,0,7,6,7,0,15,6,15,0,15,7,15,0,6,15,6,7,6,15,6,0,6,7,0,6,0,15,6,15,7,0,7,6,0,7,0,15,0,7,0,6,0,15,6,0,6,7,0,15,0,7,0,6,7,6,15,6,7,0,6,0,15,6,0,6,7,6,15,6,7,6,0,7,6,15,7,15,0,15,6,15,0,15,7,0,6,0,15,7,0,7,6,7,15,6,15,0,6,7,6,0,15,6,0,7,0,15,7,0,7,6,0,6,15,0,7,0,6,15,0,15,7,15,0,15,6,15,7,0,6,0,15,6,15,7,15,6,15,0,15,7,6,7,15,7,6,0,6,15,6,7,6,15,6,0,15,0,7,0,6,15,6,7,6,0,7,0,15,7,0,7,6,15,7,15,0,15,7,15,6,15,0,6,0,7,15,7,6,15,6,0,6,7,0,6,0,15,0,7,0,15,0,6,15,6,7,6,0,15,0,7,0,15,6,15"
1,8,15,341,0,0,400000428,10.473,"0,1,0,8,0,1,0,15,0,1,0,8,1,0,1,15,1,0,1,8,1,15,8,0,8,1,15,8,15,0,8,0,1,0,8,0,15,0,1,15,0,15,8,15,0,15,1,15,8,1,0,1,8,15,8,0,15,0,1,0,8,0,1,0,15,1,0,1,8,1,0,1,15,1,8,15,8,0,1,0,8,0,15,8,1,8,15,0,8,15,1,8,1,0,1,8,1,15,1,0,8,15,8,1,15,8,15,0,15,8,15,1,8,1,0,1,15,8,15,1,15,0,1,0,8,0,1,15,0,15,8,15,0,1,15,1,8,15,1,15,0,15,8,15,0,15,1,0,15,0,8,0,15,0,1,0,8,1,0,1,15,0,15,8,1,15,1,0,1,8,1,0,1,15,0,1,0,8,0,15,8,1,15,8,15,0,15,8,15,1,15,0,1,0,8,1,0,15,1,15,8,1,15,1,0,1,8,1,0,1,15,0,1,0,8,15,8,1,0,1,15,0,1,0,8,0,1,0,15,0,8,15,8,1,0,15,0,1,0,8,1,15,1,8,0,1,8,15,1,15,0,15,8,15,0,15,1,0,1,8,0,1,0,15,0,8,0,15,0,1,15,0,15,8,15,0,15,1,15,8,1,0,8,15,0,15,1,15,0,8,0,1,0,15,1,8,15,0,8,0,1,8,15,1,8,1,0,1,8,1,15,1,0,15,0,8,0,1,0,15,0,8,15,1,15,0,8,0,1,0,15,8,15,1,8,15,8,0,15,8,15"
2,8,15,522,0,0,400000656,15.459,"0,2,0,8,0,2,0,15,0,2,0,8,2,0,2,15,2,0,2,8,2,15,8,0,8,2,0,2,15,0,2,0,8,0,15,0,8,0,2,8,0,15,2,8,15,2,15,0,2,15,8,0,2,8,0,8,15,8,0,8,2,0,2,15,2,0,2,8,2,15,8,2,8,0,2,0,15,2,15,8,15,0,15,8,15,2,8,0,8,2,8,15,2,0,8,0,2,0,15,0,2,0,8,2,8,15,8,0,15,8,15,2,15,8,15,0,15,2,0,15,0,8,15,2,8,2,0,2,15,2,8,15,0,15,8,15,2,8,2,0,8,15,8,0,8,2,0,2,15,0,2,0,8,0,15,0,8,0,2,8,0,8,15,8,2,8,0,2,0,15,8,0,2,8,2,15,2,0,2,8,0,2,0,15,0,2,0,8,0,15,8,0,8,2,0,15,0,2,8,2,0,2,15,8,15,2,15,8,0,8,2,8,15,8,2,8,0,2,0,15,0,2,0,8,2,0,2,15,2,8,2,15,2,0,15,8,2,0,8,0,15,8,2,15,2,0,15,2,15,8,15,0,15,8,15,2,8,15,0,2,8,0,8,15,0,2,15,2,8,2,0,8,2,8,15,8,0,8,15,8,2,15,0,15,8,0,15,0,2,0,8,0,15,8,15,2,8,2,0,15,2,15,8,15,0,15,8,15,2,8,15,8,0,8,2,0,15,0,8,15,8,2,15,2,0,2,15,2,8,15,2,15,0,15,8,15,0,15,2,0,2,8,2,0,15,2,0,2,8,0,8,15,8,2,0,2,15,2,8,15,8,0,15,8,15,2,0,15,0,8,0,15,0,2,0,8,2,8,15,8,2,8,0,8,15,0,2,0,8,2,0,2,15,0,2,0,8,2,8,15,0,8,0,2,0,8,0,15,0,2,15,0,15,8,15,2,15,0,2,0,8,0,15,8,15,2,8,15,8,0,15,8,15,2,8,2,0,2,15,2,0,2,8,0,15,0,2,8,0,8,15,0,15,2,15,8,2,8,0,8,15,8,2,15,8,15,0,15,8,15,2,8,2,0,15,8,15,0,15,2,15,0,8,15,0,2,0,15,0,8,0,15,2,8,2,0,2,15,8,0,8,15,8,2,8,15,0,2,0,8,0,15,2,8,2,15,2,0,8,0,2,0"
3,8,15,513,0,0,400000744,15.046,"0,3,0,8,0,3,0,15,0,3,0,8,3,0,3,15,3,0,3,8,3,15,8,0,8,3,0,3,15,0,3,0,8,0,15,8,3,8,15,0,8,15,3,8,3,0,3,8,3,15,3,0,8,0,15,0,3,15,3,8,15,3,15,0,8,15,8,3,8,0,8,15,0,3,0,15,0,8,15,3,15,8,0,15,8,3,15,3,0,15,3,15,8,15,0,15,8,15,3,8,15,8,0,3,8,3,15,3,0,3,8,0,15,8,15,3,15,0,15,3,15,8,3,15,3,0,3,8,3,0,3,15,0,8,0,15,0,3,15,8,15,3,15,0,3,15,8,0,3,8,3,15,8,15,0,8,3,15,0,8,0,3,8,3,15,3,0,3,8,0,15,0,8,0,3,0,8,15,3,15,0,15,8,0,8,3,8,0,8,15,0,8,0,3,0,15,0,3,0,8,3,0,3,15,8,0,8,3,0,3,15,3,0,3,8,3,15,8,0,8,3,0,8,0,15,0,3,0,8,3,0,3,15,8,15,0,3,15,8,0,8,15,8,3,8,15,0,3,0,8,3,0,3,15,3,8,15,3,15,0,15,8,15,0,15,3,0,8,15,0,3,15,3,8,3,0,8,15,0,3,0,8,3,8,15,8,0,8,15,8,3,15,8,15,0,3,0,8,15,8,3,15,8,15,0,15,8,15,3,15,0,3,15,3,8,15,0,8,15,3,15,8,0,15,0,3,0,8,0,15,8,3,8,15,0,15,8,3,15,0,3,15,3,8,15,0,8,0,3,0,15,3,0,3,8,3,15,3,8,3,0,8,0,15,8,3,8,15,0,8,15,3,15,0,3,15,3,8,0,15,8,15,3,15,8,0,15,0,3,0,15,0,8,0,15,3,15,8,0,8,15,3,8,3,0,3,15,3,0,3,8,0,3,0,15,0,3,0,8,0,15,8,3,8,0,3,8,3,15,8,15,0,8,15,8,3,15,8,15,0,8,0,3,0,15,3,15,8,3,0,3,15,0,3,0,8,0,15,0,3,15,0,15,8,15,3,15,8,15,0,8,15,3,0,3,15,3,8,15,8,0,15,8,15,3,0,15,0,8,0,3,8,0,8,15,0,3,15,3,8,3,15,0,3,0,8,0,3,0,15,0,8,3"
4,8,15,349,0,0,400000172,11.458,"0,4,0,8,0,4,0,15,0,4,0,8,4,0,4,15,8,0,8,4,0,8,15,0,15,4,0,8,4,8,15,4,8,4,0,15,4,15,8,15,0,15,4,0,4,8,0,4,0,15,0,8,0,15,0,4,15,0,15,8,15,0,15,4,15,8,4,8,0,15,4,15,0,15,8,0,4,0,8,0,15,0,8,4,15,8,4,8,0,8,4,15,8,15,0,15,8,4,0,4,15,0,15,8,15,4,15,8,15,0,8,15,8,4,0,4,15,8,15,0,8,15,8,4,8,15,8,0,8,4,0,8,0,15,4,15,8,0,8,4,0,8,0,15,0,4,0,15,0,8,15,4,15,0,8,0,4,8,0,8,15,8,4,15,8,15,0,8,4,0,15,4,15,8,15,0,15,4,0,15,0,8,0,15,0,4,0,8,4,0,4,15,0,15,8,15,4,0,4,8,0,4,15,8,15,0,8,15,8,4,8,0,4,0,15,0,4,0,8,4,0,4,15,8,4,8,0,8,4,8,15,8,4,0,15,4,8,4,0,15,0,8,0,4,8,15,4,15,0,15,4,8,15,8,0,8,15,8,4,8,0,4,15,0,4,0,8,0,4,0,15,0,8,15,0,15,4,15,0,15,8,15,4,8,15,8,0,8,4,0,4,15,0,15,8,15,4,8,15,8,0,8,15,8,4,8,0,4,8,4,15,8,0,15,0,4,0,8,0,15,8,0,8,4,8,15,8,4,8,0,4,15,0,8,15,0,15,4,15,0,15,8,15,4,8,0,4,8,4"
5,8,15,525,0,0,400000432,14.309,"0,5,0,8,0,5,0,15,0,5,0,8,5,0,5,15,5,0,5,8,5,15,8,0,8,5,0,5,15,0,5,0,8,0,15,8,5,15,8,15,0,5,0,8,5,8,15,5,0,15,5,15,8,15,5,15,0,5,0,8,15,0,15,5,0,15,0,8,5,8,15,8,0,15,0,5,0,8,0,5,0,15,5,0,5,8,15,0,8,5,8,15,0,15,8,5,15,0,5,0,8,0,15,8,0,8,5,8,15,8,0,15,8,15,5,15,0,5,8,5,15,8,5,8,0,5,0,15,0,5,8,5,0,5,15,0,15,8,15,0,15,5,15,8,0,8,15,8,5,15,0,15,5,8,5,15,0,5,0,8,5,8,15,8,0,8,15,8,5,15,8,15,0,15,8,15,5,15,0,5,15,5,8,15,0,15,8,15,5,15,8,0,15,0,5,0,8,15,8,5,0,8,15,0,15,5,15,8,5,15,5,0,5,8,0,5,0,15,0,8,0,5,8,5,15,5,0,8,0,15,8,0,8,5,8,15,8,0,15,8,15,5,0,5,8,0,5,0,15,0,8,15,0,15,5,0,8,5,15,8,15,0,15,8,15,5,15,0,5,15,5,8,15,8,0,15,0,5,0,8,15,8,0,8,5,15,5,8,5,0,8,0,15,0,5,0,8,5,15,5,0,15,5,15,8,15,0,15,5,0,15,0,8,0,5,0,15,5,0,5,8,15,8,0,8,5,0,5,15,5,0,5,8,0,5,0,15,0,8,0,5,8,0,8,15,8,0,8,5,0,5,15,5,0,8,0,5,0,15,8,15,5,15,0,5,0,8,0,5,0,15,5,0,5,8,15,8,0,8,5,0,5,15,5,0,8,5,8,15,5,15,0,15,8,15,5,8,0,8,15,0,8,0,5,8,5,15,5,0,8,0,5,0,15,5,8,15,8,0,15,5,0,8,15,0,15,5,15,0,15,8,15,5,8,15,8,0,8,15,8,5,15,5,0,5,15,8,15,0,15,8,5,8,15,8,0,15,0,5,0,8,0,5,0,15,5,15,8,5,8,0,5,15,8,15,5,15,0,8,0,5,8,0,8,15,8,5,8,15,8,0,15,8,5,0,5,8,5,15,5,8,0,5,0,15,5,0,5,8,15,8,0,5,0,8,0,5,15,5,0,5,8,5,0,5"
6,8,15,449,0,0,400000568,14.272,"0,6,0,8,0,6,0,15,0,6,0,8,6,0,6,15,6,0,6,8,6,15,8,0,8,6,0,6,15,0,6,0,8,0,15,0,8,0,6,8,0,15,6,8,15,6,15,0,8,0,15,0,6,8,6,15,6,0,6,15,6,8,15,0,8,15,6,8,6,0,6,8,15,8,0,8,6,8,0,8,15,0,15,6,15,8,15,0,15,6,0,6,8,6,0,15,6,15,8,15,0,15,6,15,8,6,8,0,8,15,8,6,15,8,15,0,15,8,15,6,15,0,6,15,6,8,15,0,15,8,15,6,15,8,0,15,0,6,0,8,0,15,0,6,15,6,8,6,15,6,0,15,6,15,8,15,0,15,8,15,6,8,0,8,6,15,6,0,15,6,8,15,0,8,0,6,0,15,0,6,0,8,6,0,6,15,6,8,6,0,8,6,8,15,0,8,15,6,15,8,15,0,15,8,6,0,8,0,15,0,8,0,6,0,15,6,8,6,0,8,6,8,15,8,6,8,0,6,0,15,0,6,8,0,8,15,0,8,0,6,0,15,0,6,0,8,6,0,6,15,6,8,6,0,8,0,15,0,8,6,0,6,15,0,15,8,15,6,0,8,6,15,6,0,8,0,15,8,0,8,6,8,0,8,15,8,6,15,8,15,0,15,6,15,8,6,8,0,8,15,0,6,0,8,15,0,15,6,0,6,8,6,15,6,0,15,6,15,8,15,0,15,8,15,6,8,6,0,15,8,15,6,8,15,8,0,8,15,8,6,15,6,0,6,8,0,15,0,6,15,0,15,8,15,6,8,15,8,0,15,0,6,8,0,8,15,8,0,8,6,8,15,6,8,6,0,15,0,8,0,6,0,8,0,15,8,6,8,0,6,0,15,6,15,8,6,0,6,15,8,6,8,0,8,6,8,15,8,6,0,15,6,15,8,15,6,15,0,15,8,0,8,6,8,15,8,0,8,6,0,6,15,0,15,8,15,6,0,6,15,6,8,0,8,6,8,15,6,0"
7,8,15,60,1,1,7707828,0.100,"0,15,7,0,8,15,8,7,15,7,0,7,15,8,15,7,15,8,0,8,7,0,7,15,7,0,8,0,7,0,8,15,8,0,8,15,7,15,8,15,0,8,0,7,15,7,0,7,15,8,15,7,15,0,7,0,8,15,7,8"
1,9,15,455,0,0,400000468,14.289,"0,1,0,9,0,1,0,15,0,1,0,9,1,0,1,15,1,0,1,9,1,15,9,0,9,1,0,1,15,0,1,0,9,0,15,9,1,9,0,15,0,1,15,0,15,9,0,15,0,1,9,0,9,15,9,0,9,1,9,0,15,1,0,1,9,0,9,15,0,15,1,0,1,9,15,0,1,15,0,15,9,15,0,15,1,15,9,1,15,1,0,1,9,0,15,0,1,9,1,15,9,1,9,0,9,15,9,0,9,1,0,1,15,0,15,9,15,0,1,15,1,9,1,15,0,15,9,15,1,15,9,15,0,9,0,1,0,9,15,1,9,15,9,0,9,15,9,1,9,0,1,9,1,15,0,9,15,0,15,1,9,1,0,15,1,9,15,9,0,9,1,0,9,0,15,0,1,0,9,1,0,1,15,1,9,15,0,9,1,9,15,1,15,0,15,9,0,15,0,1,0,15,0,9,0,1,9,0,9,15,1,9,1,0,9,0,15,0,1,0,9,1,0,1,15,1,9,1,0,9,1,9,15,9,0,9,1,0,15,0,1,0,9,0,1,15,9,15,0,15,1,9,1,0,9,1,15,0,9,1,0,1,15,1,0,1,9,1,15,9,1,9,0,9,15,9,1,15,9,15,0,15,9,15,1,9,1,0,15,9,1,0,9,0,15,0,9,1,0,1,15,1,0,1,9,1,0,15,0,9,1,9,15,0,15,9,1,15,1,0,15,1,15,9,15,0,15,9,15,1,9,15,9,0,9,15,9,1,9,0,1,15,1,9,15,1,15,0,15,9,0,9,1,9,0,15,0,1,0,9,1,9,15,0,15,1,9,1,15,0,1,0,9,0,1,0,15,0,1,9,1,15,1,0,15,0,9,15,0,15,1,15,9,15,1,15,0,1,9,15,0,9,15,9,1,9,15,0,9,0,1,0,9,15,0,15,1,15,9,1,15,1,0,15,0,9,1,0,1,15,1,0,1,9,1,0,15,9,15,1,9,1,0,15,0,9,0,15,1,9,15,9,0,9,15"
2,9,15,543,0,0,400000548,13.834,"0,2,0,9,0,2,0,15,0,2,0,9,2,0,2,15,2,0,2,9,2,15,9,0,9,2,0,2,15,0,2,0,9,0,15,9,0,9,2,0,2,15,9,15,2,0,15,0,9,0,15,0,2,0,15,9,15,2,15,0,15,2,15,9,2,9,0,2,0,15,0,2,0,9,0,15,9,0,9,2,0,2,15,2,9,15,0,9,2,9,15,2,15,0,15,2,15,9,15,0,9,2,9,15,0,9,0,2,9,0,9,15,2,15,0,9,15,2,0,2,15,2,9,0,9,2,9,0,15,0,2,0,9,0,2,0,15,2,15,9,0,15,2,0,2,9,2,15,2,0,15,9,15,2,9,15,9,0,9,2,9,15,2,0,15,9,2,15,0,2,0,9,0,2,0,15,0,9,15,0,15,2,15,9,15,2,15,0,2,15,9,2,9,0,2,15,9,15,2,15,0,15,2,9,15,9,0,9,15,9,2,9,15,0,15,2,15,9,2,9,0,2,9,2,15,2,0,15,2,15,9,15,2,15,0,15,9,0,15,0,2,9,15,9,0,9,2,15,2,9,0,2,0,15,0,2,9,2,15,2,0,2,15,2,9,15,9,0,9,15,2,15,0,15,9,0,9,2,9,0,9,15,0,9,0,2,0,15,0,2,0,9,2,0,2,15,9,0,9,15,9,0,2,15,0,2,0,9,0,2,0,15,0,9,15,0,15,2,15,9,15,2,15,0,2,0,9,15,0,9,2,9,0,15,9,15,2,15,0,2,0,9,0,2,15,0,2,0,9,2,9,15,9,2,0,9,0,15,0,9,0,2,0,15,9,2,9,0,2,0,15,0,2,0,9,2,0,2,15,2,9,2,15,2,0,15,9,0,9,2,0,15,2,9,0,2,0,15,0,2,0,9,0,15,9,0,9,2,9,15,9,0,15,0,2,15,2,9,2,15,0,2,0,9,0,15,0,2,15,2,9,2,15,0,15,9,15,2,15,9,15,0,9,0,2,15,0,9,15,9,2,9,0,9,2,9,15,2,9,2,0,2,15,0,2,0,9,0,2,0,15,0,9,15,2,9,2,0,2,9,15,2,15,0,15,9,0,9,2,15,9,0,15,0,2,0,9,0,2,0,15,2,9,2,15,2,0,15,2,9,0,9,15,0,15,2,15,0,15,9,15,2,9,15,9,0,2,9,2,15,9,15,0,9,15,9,2,15,9,15,0,9,0"
4,9,15,440,0,0,400000504,14.277,"0,4,0,9,0,4,0,15,0,4,0,9,4,0,4,15,4,0,4,9,4,15,9,0,9,4,0,4,15,0,4,0,9,0,15,9,4,9,15,0,9,15,4,9,4,0,4,9,4,15,4,0,9,0,15,0,4,15,4,9,15,4,15,0,9,15,9,4,9,0,9,15,0,4,0,15,0,9,15,4,15,9,0,15,9,4,15,4,0,15,4,15,9,15,0,15,9,15,4,9,15,9,0,4,9,4,15,4,0,4,9,0,9,15,9,4,9,0,9,15,0,4,0,9,15,0,15,4,15,0,15,9,15,4,9,15,9,0,15,4,0,4,9,4,15,4,9,4,0,9,4,15,9,15,0,9,0,4,0,15,0,4,0,9,4,0,4,15,9,15,0,4,15,9,4,9,0,9,15,9,0,9,4,0,15,0,4,0,9,0,4,15,0,15,9,0,15,0,4,0,9,0,4,0,15,4,0,4,9,4,15,4,0,15,0,9,0,4,9,0,9,15,0,15,4,15,9,4,9,0,4,9,4,15,4,0,4,15,4,9,15,0,9,0,4,0,9,0,15,0,4,15,0,15,9,15,4,9,15,9,0,9,4,0,15,0,9,4,0,4,15,4,9,15,0,15,9,4,9,0,15,0,4,9,4,15,9,4,9,0,9,15,9,4,15,9,15,0,15,9,15,4,15,0,4,15,4,9,15,0,15,9,15,4,9,0,4,9,15,9,4,0,9,0,15,0,4,15,0,15,9,0,4,9,4,15,4,9,0,4,0,15,4,0,4,9,15,9,0,15,0,4,0,15,0,9,15,0,15,4,15,9,15,0,9,15,9,4,0,4,15,4,9,15,9,0,9,15,4,15,9,15,0,9,0,4,0,9,0,15,0,9,4,15,4,9,4,0,4,9,15,4,15,0,15,4,9,0,9,15,0,9,0,4,0,15,0,4,0,9,4,15,0,15,4,15,9,0,9,4,0,4,15,0,4,0,9,0,4,0"
5,9,15,453,0,0,400000652,15.055,"0,5,0,9,0,5,0,15,0,5,0,9,5,0,5,15,5,0,5,9,5,15,9,0,9,5,0,5,15,0,5,0,9,0,15,9,5,15,9,15,0,5,0,9,5,9,15,5,0,15,5,15,9,15,5,15,0,5,0,9,15,0,15,5,0,15,0,9,5,9,15,9,0,15,0,5,0,9,0,5,0,15,5,0,5,9,15,0,9,5,9,15,0,15,5,15,9,0,5,0,9,0,15,0,9,0,5,9,15,9,0,15,9,15,5,9,15,9,0,5,0,15,0,5,9,15,5,9,5,0,15,9,15,0,15,5,15,0,15,9,0,5,0,15,5,0,5,9,0,15,9,5,9,15,0,15,9,15,5,0,5,9,15,5,15,0,15,5,15,9,15,5,0,9,0,15,9,15,5,15,9,15,0,9,15,9,5,9,0,5,9,5,15,0,9,15,0,15,5,0,5,9,5,15,9,0,15,9,15,5,15,9,15,0,15,5,0,5,9,5,15,5,0,5,9,0,15,0,5,9,5,15,5,0,9,0,15,9,0,9,5,9,0,9,15,9,5,15,0,5,15,9,15,5,0,15,0,9,0,5,0,15,0,9,15,9,5,0,9,5,15,5,9,0,5,0,15,0,5,0,9,0,15,5,9,5,0,9,0,15,0,9,0,5,9,0,9,15,9,5,15,5,0,5,9,0,15,0,9,0,5,9,0,15,5,15,0,15,9,15,0,5,9,0,9,15,9,0,9,5,9,15,5,0,5,9,15,9,0,15,9,15,5,15,0,15,5,15,9,5,15,5,0,5,9,0,15,9,15,5,9,5,0,5,9,5,15,9,5,9,0,9,15,0,9,0,5,9,5,15,5,0,9,0,5,0,15,9,15,5,15,0,5,0,9,0,15,0,9,0,5,9,0,9,15,5,15,0,9,0,5,15,5,9,0,5,15,9,15,5,15,0,15,5,15,9,5,0,5,15,0,5,0,9,0,5,0,15,5,15,9,15,0,5,0,9,0,15,5,15,9,5,9"
1,10,15,447,0,0,400000608,14.590,"0,1,0,10,0,1,0,15,0,1,0,10,1,0,1,15,1,0,1,10,1,15,10,0,10,1,0,1,15,0,1,0,10,0,15,0,10,0,1,10,0,10,15,1,0,1,10,0,10,15,10,0,10,1,10,15,0,15,10,15,1,10,0,1,10,1,15,0,15,1,15,10,1,0,1,10,1,15,1,10,0,1,0,15,0,1,0,10,0,1,15,10,15,0,10,0,1,0,10,15,10,1,15,10,15,0,1,10,1,0,1,15,0,15,10,15,1,15,10,15,0,10,15,10,1,0,1,15,10,15,0,10,15,10,1,10,0,10,15,0,10,0,1,0,10,0,15,0,1,15,0,15,10,0,1,10,1,15,1,0,10,0,1,0,10,15,10,0,10,15,1,15,10,15,1,0,1,15,10,1,10,0,1,0,15,1,10,1,0,15,1,15,10,15,0,15,1,0,15,0,10,0,1,0,10,0,15,10,0,1,15,10,1,10,0,1,0,15,0,1,0,10,1,0,1,15,1,10,1,15,1,0,15,0,10,0,1,0,10,0,15,10,0,10,1,10,15,1,10,1,0,10,15,0,15,1,0,1,10,1,0,1,15,1,10,15,1,15,0,10,15,10,1,10,15,10,0,10,1,0,15,0,10,1,10,15,1,15,0,1,0,10,0,1,0,15,0,10,15,0,15,1,10,0,10,15,10,1,0,1,15,0,1,10,15,10,0,15,10,15,1,15,10,15,0,15,1,0,15,0,10,1,15,10,0,15,10,1,15,1,0,1,10,1,15,10,1,10,0,15,10,15,1,15,10,15,0,15,1,10,1,0,10,0,15,1,15,10,15,0,15,10,15,1,10,0,10,15,0,10,0,1,0,15,0,10,15,1,10,15,10,0,10,15,10,1,10,0,1,15,1,10,15,10,0,15,10,15,1,15,0,1,10,0,1,0,15,0,1,0,10,0,15,10,1,10,0,15,0,1,0,15,10,15,1,0,15,10,1,10,15,10,0,1,0,15,0"
2,10,15,543,0,0,400000676,16.539,"0,2,0,10,0,2,0,15,0,2,0,10,2,0,2,15,2,0,2,10,2,15,10,0,10,2,0,2,15,0,2,0,10,0,15,0,10,0,2,10,0,10,15,2,0,2,10,0,10,15,10,0,10,2,10,15,0,15,10,15,2,10,0,2,10,2,15,0,15,2,15,10,2,0,2,10,2,15,2,10,0,2,0,15,0,2,0,10,0,2,15,2,10,0,10,2,10,0,15,0,10,0,2,15,2,10,2,15,0,15,2,10,15,10,0,10,2,0,10,0,15,0,10,0,2,0,15,2,15,10,15,0,15,10,15,2,10,0,2,10,15,2,15,0,15,2,10,2,0,2,15,2,0,2,10,0,10,15,0,2,0,15,0,10,15,10,2,10,15,0,15,10,15,2,10,2,0,2,15,2,10,15,2,15,0,15,2,15,10,15,0,10,15,10,2,0,2,15,10,15,0,10,15,10,2,10,0,10,15,0,10,0,2,0,10,0,15,0,2,15,2,10,0,15,10,2,15,10,15,0,15,10,15,2,15,0,2,15,2,10,2,0,10,2,10,15,2,0,2,15,10,15,0,10,0,2,10,0,10,15,2,10,2,0,2,15,0,2,0,10,0,15,0,10,0,2,10,0,10,15,2,10,15,0,15,2,15,10,2,10,0,2,0,15,10,0,10,2,10,15,2,10,2,0,2,15,2,0,2,10,0,2,0,15,10,15,2,0,2,10,0,2,0,15,0,2,0,10,0,15,10,0,10,2,0,2,15,0,2,10,0,10,15,10,2,15,2,0,2,10,2,15,2,0,15,0,10,0,2,0,15,0,10,15,2,15,10,15,0,10,0,2,0,10,15,10,0,10,15,2,15,10,15,2,0,2,10,15,10,2,0,10,0,15,0,2,0,10,2,0,2,15,2,0,2,10,2,15,10,2,10,0,15,0,2,0,15,10,15,0,15,10,2,10,0,2,10,2,15,10,2,10,0,15,10,15,2,15,10,15,0,15,2,10,0,10,15,0,15,2,15,0,15,10,0,15,0,2,10,0,10,15,0,15,2,0,2,10,2,15,10,2,10,0,10,15,10,0,10,2,0,10,0,15,0,2,0,10,2,0,2,15,2,10,2,0,10,15,10,0,2,0,10,15,0,15,2,15,0,15,10,15,2,10,0,2,15,2,10,15,10,0,10,2,0,15,0,2,0,10,0,2,15,10,2,15,2,0,2,15,2,10,2"
3,10,15,382,0,0,400000516,13.310,"0,3,0,10,0,3,0,15,0,3,0,10,3,0,3,15,3,0,3,10,3,15,10,0,10,3,0,3,15,0,3,0,10,0,15,0,10,0,3,10,0,10,15,3,0,3,10,0,10,15,10,0,10,3,10,15,0,15,10,15,3,10,0,3,10,3,15,0,15,3,15,10,3,0,3,10,3,15,10,0,3,0,10,0,15,0,10,0,3,10,3,15,0,3,10,0,10,15,10,3,10,0,3,15,3,10,15,3,15,0,15,10,15,3,10,15,10,0,10,15,10,3,15,3,0,10,0,15,10,0,3,15,10,0,15,0,3,0,15,0,10,0,3,15,10,15,0,10,15,10,3,10,0,3,0,15,10,0,3,10,3,15,3,0,3,10,0,3,0,15,0,3,0,10,0,15,10,3,15,10,0,15,3,0,15,0,10,15,10,3,15,0,15,10,3,15,3,0,3,15,3,10,3,0,15,10,0,10,3,0,3,15,0,3,0,10,3,0,3,15,0,15,10,15,3,15,0,15,10,0,3,0,15,3,0,3,10,0,10,15,0,10,0,3,0,15,0,3,0,10,3,0,3,15,3,0,3,10,3,15,10,0,10,3,0,3,15,0,3,0,10,0,15,10,0,10,3,0,15,3,15,10,3,0,10,15,3,10,3,0,3,10,3,15,3,0,15,3,15,10,0,15,10,3,10,15,0,10,0,3,10,3,15,10,0,3,15,0,3,0,10,0,3,0,15,0,10,15,0,15,3,10,3,15,0,3,0,10,0,15,10,0,10,3,15,10,15,0,15,3,15,10,3,10,0,15,10,3,15,3,0,3,10,0,10,15,0,10,0,3,15,0,15,10,15,0,15,3,15,0,10,3"
4,10,15,419,0,0,400000392,12.614,"0,4,0,10,0,4,0,15,0,4,0,10,4,0,4,15,4,0,4,10,4,15,10,0,10,4,0,4,15,0,4,0,10,0,15,0,10,0,4,10,0,10,15,4,0,4,10,0,10,15,10,0,10,4,10,15,0,15,10,15,4,10,0,4,10,4,15,0,15,4,15,10,4,0,4,10,4,15,10,0,4,0,10,0,15,0,10,0,4,10,4,15,4,0,15,4,15,10,15,4,15,0,15,10,0,10,4,0,10,0,15,10,0,10,4,15,10,15,0,15,4,15,10,15,0,10,4,10,15,4,10,4,0,4,15,4,10,15,0,10,15,4,10,0,4,0,15,0,10,0,4,10,15,10,0,15,10,15,4,15,0,15,4,15,10,4,0,15,0,4,0,10,4,10,15,4,10,4,0,4,15,4,0,4,10,0,4,0,15,0,10,0,4,10,15,4,15,0,15,4,10,15,10,0,15,10,4,0,4,15,0,4,0,10,0,15,0,10,0,4,10,0,10,15,4,10,4,0,4,15,4,0,4,10,0,4,0,15,0,4,0,10,0,15,10,0,10,4,0,15,0,4,0,10,0,4,15,0,15,10,15,4,0,4,15,4,0,10,0,15,0,10,4,10,0,15,10,15,4,15,10,0,15,0,4,15,4,10,4,0,4,10,4,15,10,15,0,10,4,0,4,15,0,4,0,10,0,15,0,10,0,4,10,0,15,10,15,4,10,4,0,4,15,0,10,0,15,4,15,10,15,0,10,4,0,10,0,15,10,15,4,10,15,10,0,15,10,15,4,10,4,0,4,10,15,4,15,0,4,15,4,10,4,0,4,10,4,15,10,15,0,10,0,4,10,0,10,15,10,4,10,15,10,0,15,10,15,4,15,0,4,10,4,15,10,4,10,0,4,0,15,0,10,0,4,10,0,10,15,4,15,0,15,10,4,10,0,10,4"
1,11,15,698,0,0,400000872,18.058,"0,1,0,11,0,1,0,15,0,1,0,11,1,0,1,15,1,0,1,11,1,15,11,0,11,1,0,1,15,0,1,0,11,0,15,0,11,0,1,11,0,11,15,1,0,1,11,0,11,15,11,0,11,1,11,15,0,15,11,15,0,1,0,11,0,15,0,11,0,1,11,1,15,1,0,1,11,0,15,0,1,15,0,15,11,15,1,11,15,11,0,11,15,11,1,11,0,1,15,1,11,0,11,15,0,11,0,1,0,11,0,15,0,1,15,0,15,11,0,11,1,0,11,0,15,1,0,1,11,1,15,1,0,1,11,0,11,15,1,11,15,0,15,11,1,15,1,0,1,15,1,11,1,0,15,0,11,0,1,15,1,11,1,0,1,11,1,15,11,0,11,1,0,11,0,15,0,1,0,11,1,0,1,15,1,0,1,11,0,11,15,0,1,15,1,11,1,0,1,11,1,15,11,15,0,15,1,0,15,0,11,1,0,1,15,1,11,1,0,11,0,15,0,1,0,11,0,15,11,1,11,0,15,0,1,15,0,15,11,15,1,11,15,11,0,15,1,0,1,11,0,15,11,0,11,1,11,0,11,15,11,1,15,11,15,0,15,11,15,1,11,1,0,1,11,15,0,15,11,15,1,15,11,15,0,11,0,1,0,11,0,15,0,1,15,0,15,11,0,11,1,0,1,15,1,11,0,11,1,15,11,15,0,15,1,15,11,1,0,1,15,0,1,0,11,1,15,11,1,0,11,0,15,0,11,0,1,0,15,1,0,1,11,1,0,1,15,1,11,15,1,15,0,1,0,11,0,15,0,1,15,11,15,1,0,1,15,11,1,0,11,1,11,15,11,1,11,0,11,15,0,11,0,1,11,15,1,0,15,0,11,0,1,11,0,11,15,11,1,15,11,15,0,15,11,15,1,15,0,1,11,1,15,11,15,0,15,11,15,1,11,15,11,0,11,1,11,0,11,15,0,11,1,0,15,1,15,11,15,0,15,11,15,1,11,0,11,15,0,11,0,1,0,11,0,15,0,1,15,1,11,15,1,15,0,11,15,0,1,0,11,1,0,1,15,11,0,11,15,11,1,11,15,11,0,15,1,15,11,1,15,1,0,1,11,1,0,1,15,0,11,0,15,0,1,15,1,11,15,11,0,11,1,0,11,0,15,0,1,0,11,1,0,1,15,1,0,1,11,1,15,11,1,11,0,1,0,15,1,0,1,11,15,1,15,0,15,11,15,1,11,1,0,11,1,11,15,11,0,15,0,1,0,11,1,0,1,15,11,1,11,0,1,0,15,1,15,11,15,1,0,15,0,11,15,0,15,1,15,11,15,1,15,0,1,15,1,11,0,11,15,11,1,11,15,11,0,15,1,15,0,15,11,0,11,1,0,1,15,0,11,0,1,11,0,11,15,11,0,11,1,11,15,1,0,1,11,0,1,0,15,1,11,15,0,11,0,1,0,11,0,15,0,1,15,0,15,11,0,11,1,0,15,1,15,11,15,0,11,15,11,1,11,0,11,15,0,11,0,1,0,15,1,15,11,0,15,1,0,1,11,1,15,11,0,11,15,11"
2,11,15,479,0,0,400000584,14.845,"0,2,0,11,0,2,0,15,0,2,0,11,2,0,2,15,2,0,2,11,2,15,11,0,11,2,0,2,15,0,15,11,15,0,15,2,0,15,0,11,0,2,11,2,15,11,0,11,2,0,11,0,15,0,2,0,11,2,0,2,15,2,0,2,11,0,11,15,0,2,0,11,15,0,15,2,15,0,15,11,15,2,11,0,11,2,11,15,11,2,0,11,0,15,0,11,2,0,2,15,2,0,2,11,2,15,0,15,11,15,2,15,11,15,0,11,2,11,15,2,15,0,2,0,11,0,15,2,15,0,11,15,11,2,11,15,0,11,0,2,11,0,11,15,11,2,11,15,11,0,15,2,15,11,2,11,0,2,11,2,15,0,15,2,11,15,11,0,15,11,15,2,15,0,15,2,15,11,2,0,2,15,0,2,0,11,2,11,15,11,0,11,15,11,2,15,0,15,11,2,15,2,0,15,0,11,0,2,0,15,2,0,2,11,2,0,2,15,0,15,11,0,2,0,15,11,0,11,2,11,0,11,15,11,0,2,0,15,0,11,15,2,15,11,15,0,11,0,2,0,15,0,2,0,11,2,15,2,0,15,2,15,11,15,0,15,11,15,2,11,0,2,11,2,15,11,15,0,15,11,15,2,11,15,11,0,11,2,11,0,11,15,0,2,11,0,15,11,15,2,11,15,0,2,11,0,2,0,15,0,2,0,11,2,11,15,11,0,11,2,0,11,0,15,0,2,0,11,2,0,2,15,2,11,2,0,11,0,15,2,0,11,2,11,15,11,0,2,0,15,11,15,0,2,15,2,11,2,15,2,0,2,11,0,2,0,15,0,2,0,11,2,11,15,11,0,11,2,11,15,2,0,2,11,0,11,15,11,2,15,11,15,0,15,2,15,11,2,15,2,0,2,11,2,0,2,15,0,11,15,11,2,11,15,0,11,0,2,0,11,0,15,0,2,15,0,15,11,2,15,2,0,2,11,2,0,2,15,0,2,0,11,0,15,11,0,11,2,0,2,15,2,0,2,11,2,15,11,0,11,15,11,2,11,15,0,11,0,2,0,15,2,15,11,2,0,11,0,15"
3,11,15,506,0,0,400000512,13.890,"0,3,0,11,0,3,0,15,0,3,0,11,3,0,3,15,3,0,3,11,3,15,11,0,11,3,0,3,15,0,3,0,11,0,15,0,11,0,3,11,0,11,15,3,0,3,11,0,11,15,11,0,11,3,11,15,0,15,11,15,0,3,0,11,0,15,0,11,0,3,11,3,15,3,0,11,0,15,11,0,11,3,11,15,3,11,3,0,3,15,3,0,3,11,0,3,0,15,0,3,0,11,0,15,11,3,15,3,0,3,11,15,3,11,0,11,15,0,11,0,3,0,11,0,15,0,3,15,11,15,0,11,15,11,3,15,11,15,0,3,0,11,3,0,15,3,15,11,15,3,0,3,11,3,15,3,11,3,0,11,0,15,0,3,0,15,0,11,15,3,15,0,3,0,11,3,11,15,0,15,11,3,15,3,0,15,3,15,11,15,0,15,11,15,3,11,15,11,0,3,11,3,15,11,15,0,15,3,0,3,11,3,15,3,0,15,3,15,11,15,0,15,3,0,15,0,11,0,3,11,3,15,11,15,0,3,15,3,11,3,15,3,0,3,15,11,0,11,3,0,3,15,3,0,3,11,0,3,0,15,0,11,0,3,11,0,11,15,3,15,11,0,15,3,0,3,11,3,0,15,3,15,11,15,3,15,0,15,11,0,11,3,11,0,15,0,3,0,15,11,15,0,15,3,0,3,11,3,0,3,15,0,3,11,0,11,15,0,11,0,3,0,15,0,3,0,11,3,0,3,15,3,0,3,11,3,15,11,3,11,0,3,0,15,0,3,0,11,0,15,11,3,11,0,15,0,3,0,15,11,15,0,15,3,11,3,15,0,3,0,11,0,15,0,3,0,11,3,11,15,11,3,0,3,11,3,15,11,15,0,11,15,11,3,15,11,15,0,3,0,11,0,15,11,15,3,15,0,15,11,0,15,0,3,0,11,0,3,0,15,3,15,11,3,0,3,15,0,3,0,11,0,3,0,15,0,11,15,11,3,11,15,0,3,0,11,3,0,3,15,3,11,15,3,15,0,3,11,0,3,15,0,15,11,15,0,15,3,15,0,11,0,3,0,15,3,15,11,3,11,0,3,15,0,3,0,11,0,3,0,15,0,11,15,3,11,0,3,0,15,0,11,0,3,11,0"
4,11,15,60,1,1,7707828,0.103,"0,15,4,0,11,15,11,4,15,4,0,4,15,11,15,4,15,11,0,11,4,0,4,15,4,0,11,0,4,0,11,15,11,0,11,15,4,15,11,15,0,11,0,4,15,4,0,4,15,11,15,4,15,0,4,0,11,15,4,11"
1,12,15,789,0,0,400001016,21.688,"0,1,0,12,0,1,0,15,0,1,0,12,1,0,1,15,1,0,1,12,1,15,12,0,12,1,0,1,15,0,1,0,12,0,15,12,0,12,1,0,1,15,12,15,1,0,15,0,12,0,15,0,1,0,15,12,15,1,15,0,15,1,15,12,1,12,0,1,0,15,0,1,0,12,0,15,12,0,12,1,0,1,15,1,12,15,0,12,1,12,15,1,15,0,15,1,15,12,15,0,12,1,12,15,0,12,0,1,0,12,0,15,0,12,1,15,12,0,12,1,15,1,12,1,0,15,0,12,1,0,1,15,1,12,1,0,1,15,0,15,12,15,1,15,0,15,12,0,1,12,0,15,0,12,1,0,1,15,1,12,15,12,0,12,15,12,1,15,12,15,0,15,1,15,0,15,12,0,1,0,12,0,15,12,15,1,15,12,0,12,15,12,0,1,0,12,0,1,15,1,0,12,1,12,15,12,0,12,15,12,1,15,1,0,15,1,15,12,15,0,15,12,15,1,12,15,12,0,1,0,15,12,15,1,12,15,12,0,12,15,12,1,12,0,1,12,1,15,0,12,15,1,15,12,0,12,1,0,12,0,15,12,0,12,1,15,12,15,0,15,1,15,12,1,0,1,12,1,15,1,12,0,15,0,12,0,1,12,15,1,12,1,0,1,12,1,15,1,0,15,1,15,12,1,0,12,15,0,15,1,15,0,15,12,15,1,12,15,12,0,12,15,12,1,15,1,0,1,12,1,15,12,0,12,15,12,1,12,15,0,12,0,1,0,15,0,1,0,12,1,12,15,12,1,0,1,15,1,12,15,12,0,15,12,15,1,15,0,1,12,1,0,1,15,0,15,12,0,15,0,1,0,12,1,0,1,15,1,0,1,12,0,12,15,12,1,12,0,12,15,0,1,0,12,1,0,1,15,0,15,12,0,15,0,1,0,12,0,1,0,15,1,0,1,12,1,15,1,0,15,0,12,0,1,0,15,0,12,15,12,1,15,0,1,12,0,1,0,15,1,12,1,15,0,1,15,12,15,0,15,1,0,1,12,15,1,0,12,0,15,0,1,0,15,0,12,15,1,0,15,12,0,12,1,12,0,15,12,15,1,15,0,1,12,1,0,15,0,1,0,12,15,12,0,12,1,0,15,1,0,1,12,1,0,1,15,1,12,15,0,12,15,12,1,12,15,12,0,15,0,1,12,0,12,15,12,1,15,12,15,0,15,1,15,0,15,12,0,15,1,12,1,15,1,0,12,0,15,0,12,1,12,0,12,15,1,15,0,15,12,0,12,1,12,0,12,15,12,1,15,12,15,0,15,12,15,1,12,1,0,12,15,12,1,15,12,15,0,15,1,15,0,15,12,0,15,0,1,12,15,12,0,12,1,15,1,12,0,1,0,15,1,15,12,1,15,1,0,12,1,12,15,12,1,12,0,12,15,0,12,0,1,12,15,1,0,12,1,15,12,15,0,15,12,15,1,15,12,0,12,1,12,15,1,15,0,1,0,12,0,1,15,0,15,12,0,15,0,1,0,12,0,1,0,15,1,0,1,12,1,15,1,0,15,0,12,0,1,0,12,0,15,12,1,15,12,15,0,1,12,1,0,1,12,15,0,15,1,15,12,15,1,15,0,1,0,12,15,0,15,1,15,12,15,0,12,15,12,1,12,0,12,1,12,15,1,15,0,12,15,0,1,0,12,1,0,1,15,1,12,15,1,15,0,15,12,15,1,12,0,1,15,0,15,12,0,1,12,0,12,15,1,0,1,12,1,0,15,0"
2,12,15,612,0,0,400000784,17.424,"0,2,0,12,0,2,0,15,0,2,0,12,2,0,2,15,2,0,2,12,2,15,12,0,12,2,0,2,15,0,2,0,12,0,15,0,12,0,2,12,0,12,15,2,0,2,12,0,12,15,12,0,12,2,12,15,0,15,12,15,0,2,0,12,0,15,0,12,0,2,12,2,15,0,2,0,12,0,15,0,2,15,0,15,12,15,0,15,2,0,2,12,0,12,15,12,0,12,2,12,15,0,15,12,15,2,12,2,0,2,12,15,2,15,0,15,12,2,12,15,0,12,0,2,0,15,2,12,15,2,0,15,0,12,15,0,15,2,15,12,15,2,15,0,2,15,12,2,12,0,2,12,15,2,15,0,15,12,15,2,12,15,12,0,12,15,12,2,12,0,2,0,15,0,2,12,2,0,2,15,12,15,0,2,15,2,12,2,0,2,12,2,15,12,2,12,0,12,15,12,2,15,2,0,15,0,12,15,2,15,0,2,15,2,12,15,2,15,0,2,0,12,2,0,2,15,0,2,0,12,2,12,15,2,12,0,2,0,15,0,2,0,12,0,15,12,2,15,12,15,0,2,12,2,15,2,0,12,0,15,2,15,12,15,0,15,12,15,2,12,0,12,2,12,15,12,2,0,12,0,15,0,2,12,2,15,12,2,0,15,0,12,15,0,15,2,15,12,2,15,2,0,2,12,0,2,0,15,0,12,0,2,12,0,12,15,2,12,2,0,2,15,2,0,2,12,0,2,0,15,0,2,0,12,0,15,12,0,12,2,0,2,15,0,2,12,0,12,15,12,2,0,2,15,2,12,2,15,2,0,15,0,12,0,2,0,12,0,15,12,15,2,15,12,0,12,2,12,0,15,0,12,0,2,15,2,12,2,0,12,0,15,0,12,0,2,0,15,2,15,12,15,0,15,12,15,2,12,15,12,0,12,2,12,15,2,15,0,12,2,0,2,15,2,0,12,15,12,2,15,12,15,0,2,15,0,12,0,2,0,15,2,12,15,12,0,12,2,0,12,0,15,0,2,0,12,2,0,2,15,2,0,2,12,0,12,15,0,2,12,2,15,2,0,2,15,2,12,15,12,0,15,0,2,0,12,0,15,12,2,12,0,15,12,15,2,12,2,0,2,12,2,15,2,0,12,15,12,2,15,12,15,0,15,2,15,0,15,12,0,2,15,2,12,2,0,12,15,12,0,12,2,0,15,2,15,12,15,0,15,12,15,2,12,15,12,0,12,15,12,2,12,0,2,12,2,15,12,0,12,15,2,15,12,15,0,2,0,15,12,0,2,12,2,15,2,0,2,12,2,15,12,0,12,2,0,12,0,15,12,2,15,0,2,0,12,0,15,0,12,0,2,12,0,12,15,12,2,12,0,12,15"
1,13,15,811,0,0,400001116,24.489,"0,1,0,13,0,1,0,15,0,1,0,13,1,0,1,15,1,0,1,13,1,15,13,0,13,1,0,1,15,0,15,13,15,0,15,1,0,15,0,13,0,1,13,1,15,13,0,13,1,0,13,0,15,0,1,0,13,1,0,1,15,1,0,1,13,0,13,15,0,1,0,13,15,0,15,1,15,0,15,13,15,1,13,0,13,1,13,15,13,1,0,13,0,15,0,13,1,0,1,15,1,0,1,13,1,15,0,15,13,15,1,15,13,15,0,13,1,13,15,1,15,0,1,0,13,0,15,1,15,0,13,15,13,1,13,15,0,13,0,1,13,0,13,15,13,1,13,15,13,0,15,1,15,13,1,13,0,1,13,1,15,0,15,1,13,15,13,0,15,13,15,1,15,0,15,1,15,13,1,0,1,15,0,1,0,13,1,13,15,13,0,13,1,13,15,1,15,0,15,13,15,1,15,0,1,13,1,15,13,1,13,0,1,0,15,1,0,1,13,0,1,0,15,1,15,13,1,15,1,0,13,1,13,15,13,1,13,0,13,15,0,13,0,1,13,1,15,0,1,0,13,0,1,0,15,0,13,1,13,15,0,15,1,0,15,0,13,0,1,0,15,1,0,1,13,1,15,1,0,15,1,15,13,0,15,0,1,15,1,13,15,13,0,15,0,1,0,13,0,15,13,1,13,0,1,0,15,0,1,0,13,1,0,15,1,15,13,1,15,1,0,13,1,13,15,13,0,15,13,15,1,15,0,15,1,15,13,1,15,1,0,1,13,1,15,13,15,0,13,15,1,13,1,0,1,15,1,0,1,13,0,1,0,15,0,13,0,15,0,1,15,0,13,15,1,13,15,13,0,15,0,1,0,13,0,15,13,0,13,1,13,15,13,0,15,13,15,1,15,13,15,0,15,1,0,15,0,13,15,13,1,13,0,15,0,13,0,1,13,1,15,1,0,1,15,1,13,15,1,15,0,15,1,15,13,15,0,13,15,13,1,15,0,15,1,13,1,15,0,1,13,0,13,15,13,1,13,15,13,0,15,13,15,1,15,13,15,0,15,1,0,15,0,13,15,1,13,15,13,0,13,15,13,1,15,1,0,1,13,0,15,0,1,13,0,13,15,13,1,13,15,13,0,15,13,15,1,15,0,15,13,0,1,0,13,15,13,1,15,1,0,1,13,0,1,0,15,0,1,0,13,0,15,13,0,13,1,13,0,13,15,0,15,1,0,15,13,0,13,1,13,15,13,0,15,13,15,1,15,13,15,0,15,1,0,15,0,13,15,1,15,13,0,13,1,0,13,0,15,0,1,0,13,1,15,1,0,15,1,15,13,15,1,15,0,15,13,0,13,1,13,0,15,1,15,13,1,15,1,0,1,13,0,15,13,1,0,13,0,15,0,13,0,1,0,15,1,0,1,13,1,0,1,15,0,15,13,0,1,13,1,15,1,0,1,15,1,13,15,1,15,0,15,1,15,13,15,0,13,0,1,13,15,1,0,1,15,13,15,1,15,0,13,0,1,0,15,0,1,0,13,1,13,15,13,0,13,15,13,1,15,13,15,0,1,15,1,13,1,0,13,1,13,15,1,15,0,15,1,15,13,15,0,13,15,13,1,13,15,13,0,15,0,1,13,15,13,0,13,1,13,0,13,15,0,1,0,15,0,13,15,13,1,13,15,0,15,1,15,13,1,13,0,13,1,15,1,13,1,0,13,0,15,0,1,0,13,1,15,1,0,15,1,15,13,15,0,15,1,0,13,1,0,1,15,13,0,13,15,13,1,13,15,13,0,15,1,15,0,15,13,15,0,1,15,1,13,1,0,15,13"
2,13,15,60,1,1,7707828,0.099,"0,15,2,0,13,15,13,2,15,2,0,2,15,13,15,2,15,13,0,13,2,0,2,15,2,0,13,0,2,0,13,15,13,0,13,15,2,15,13,15,0,13,0,2,15,2,0,2,15,13,15,2,15,0,2,0,13,15,2,13"
1,14,15,60,1,1,7707828,0.103,"0,15,1,0,14,15,14,1,15,1,0,1,15,14,15,1,15,14,0,14,1,0,1,15,1,0,14,0,1,0,14,15,14,0,14,15,1,15,14,15,0,14,0,1,15,1,0,1,15,14,15,1,15,0,1,0,14,15,1,14"
1,2,16,381,0,0,400000428,12.296,"0,1,0,2,0,1,0,16,0,1,0,2,1,0,1,16,2,0,2,1,0,2,16,0,16,1,0,2,1,2,16,1,2,1,0,16,1,16,2,16,0,16,1,0,1,2,0,1,0,16,0,2,0,16,0,1,16,0,16,2,16,0,16,1,16,2,1,0,2,16,1,16,2,16,0,16,2,16,1,2,1,0,2,1,2,16,1,2,1,0,2,0,16,0,1,0,16,0,2,16,2,1,16,2,16,0,16,1,0,16,0,2,0,16,0,1,0,2,1,2,16,2,1,0,16,0,1,0,2,0,1,0,16,1,2,1,0,2,1,2,16,2,1,2,0,1,0,16,0,2,16,0,16,1,2,0,1,2,1,16,0,16,2,16,1,2,1,0,2,1,2,16,2,0,2,16,2,1,16,2,16,0,16,2,16,1,16,0,1,0,2,1,2,16,1,2,0,1,0,16,0,1,2,0,2,16,0,16,1,16,0,2,16,2,1,16,2,16,0,16,1,16,0,16,2,0,16,0,1,2,1,16,0,16,2,0,16,0,1,0,16,0,2,0,1,2,1,16,0,2,0,16,0,1,16,2,16,1,16,0,1,16,2,0,2,16,2,1,2,16,0,2,0,1,0,16,0,1,0,2,1,0,1,16,2,0,2,1,2,16,2,1,2,0,1,16,1,0,2,1,0,16,1,16,2,1,16,1,0,2,1,2,16,2,0,16,2,16,1,16,0,16,1,16,2,1,2,0,1,16,0,16,2,0,16,0,1,0,2,0,1,0,16,1,0,2,1,2,16,2,1,0,2,0,16,2,16,1,16,0,16,2,0,16,0,1,0,2,1,0,1,16,2,1,2,0,1,0,16,0,2"
1,3,16,568,0,0,400000744,16.693,"0,1,0,3,0,1,0,16,0,1,0,3,1,0,1,16,1,3,1,0,3,0,16,0,1,0,16,0,3,16,0,1,16,1,3,1,0,3,0,16,0,1,3,16,3,1,3,0,3,1,3,16,1,0,1,3,0,1,0,16,0,1,0,3,0,16,3,0,3,1,0,16,1,3,16,3,0,16,3,16,1,0,16,0,3,0,1,0,16,0,3,16,1,16,0,1,16,1,3,16,0,3,1,3,16,0,16,1,16,3,1,3,0,3,16,3,0,3,1,0,1,16,0,3,0,16,1,16,3,16,1,0,1,16,1,0,3,0,1,0,3,16,3,0,3,1,16,1,0,3,1,3,16,3,0,3,1,3,16,1,16,0,16,3,16,1,3,16,3,0,1,3,1,16,1,0,1,16,1,3,16,1,16,0,16,1,16,3,16,0,3,16,3,1,16,0,16,1,3,16,1,0,1,3,1,16,3,16,0,1,0,3,16,3,1,0,1,3,1,0,16,0,1,0,16,3,16,0,1,16,1,3,1,0,1,16,0,16,3,16,0,16,1,16,3,0,3,16,3,1,16,0,1,0,3,0,16,1,3,16,3,0,3,16,3,1,3,0,1,3,1,16,3,0,16,0,1,0,3,0,1,0,16,1,0,3,1,3,16,1,3,1,0,16,1,16,3,16,1,16,0,16,1,3,0,3,16,0,16,1,16,0,3,0,1,0,16,0,1,0,3,1,3,16,0,1,0,3,1,0,1,16,1,0,1,3,0,3,16,3,1,3,0,1,3,1,16,1,0,1,3,0,1,0,16,0,1,0,3,1,3,16,1,16,0,16,3,1,3,16,3,0,16,0,1,0,3,1,0,1,16,3,1,3,0,3,1,3,16,3,0,1,16,1,3,16,3,0,3,16,3,1,16,3,16,0,16,1,16,0,16,3,0,1,3,0,16,3,1,16,1,0,1,3,0,1,0,16,3,0,3,1,3,0,3,16,3,1,16,0,1,0,3,1,16,3,16,0,16,1,3,0,1,16,0,1,0,3,0,1,0,16,1,16,3,1,0,1,3,1,16,3,0,16,3,1,16,1,0,16,1,16,3,16,0,16,3,16,1,3,16,0,1,0,16,0,1,3,1,16,3,1,0,3,16,0,16,1,16,3,16,0,3,16,3,1,3,0,3,1,3,16,1,0,3,16,1,3,16,3,0,1,0,16,1,0,1,3,1,0,1,16,1,3,16,0,3,1,3,16,1,16,0,16,3,0,1,3,0,3,16,1,0,1,16,1,3,0"
2,3,16,510,0,0,400000660,14.936,"0,2,0,3,0,2,0,16,0,2,0,3,2,0,2,16,2,0,2,3,2,16,3,0,3,2,0,2,16,0,2,0,3,16,0,16,2,16,0,16,3,16,0,2,3,0,3,16,0,2,3,2,16,2,0,3,16,3,2,3,0,3,2,3,16,2,0,2,3,0,2,0,16,0,2,0,3,0,16,3,0,3,2,0,2,16,3,16,2,16,0,2,3,2,0,2,16,0,3,0,16,0,2,16,3,2,0,16,2,16,3,16,2,16,0,16,3,0,2,0,3,0,16,0,3,2,16,3,2,3,0,3,2,3,16,3,0,16,3,16,2,0,2,3,16,2,16,0,16,3,16,0,16,2,0,16,0,3,2,16,2,0,2,3,16,3,0,3,16,2,16,0,16,3,0,3,2,0,3,0,16,0,2,0,16,0,3,16,0,16,2,3,2,0,16,0,3,16,0,16,2,16,0,16,3,16,2,3,16,3,0,16,2,16,0,16,3,16,0,2,16,2,3,2,0,16,0,2,3,0,3,16,3,2,16,3,16,0,16,2,16,0,16,3,0,16,0,2,0,16,0,3,0,2,3,16,3,2,3,0,2,0,16,2,3,2,16,2,0,16,3,0,16,2,16,0,3,16,3,2,3,16,0,2,0,3,2,3,16,3,2,3,0,2,3,2,16,2,0,2,3,0,2,0,16,3,16,2,0,2,3,0,2,0,16,0,2,0,3,0,16,3,0,3,2,0,2,16,3,16,0,2,16,2,3,2,0,3,2,3,16,0,3,16,2,16,3,16,0,16,3,2,0,2,16,0,2,0,3,0,16,3,2,3,16,3,0,16,0,2,3,2,16,0,2,0,3,0,2,0,16,0,2,3,2,16,2,0,16,0,3,16,0,16,2,16,3,16,2,16,0,2,3,16,0,3,16,3,2,0,2,3,2,16,0,16,3,0,16,0,2,0,3,0,16,3,16,2,3,16,0,3,0,2,3,0,3,16,3,2,3,16,3,0,16,3,16,2,0,2,3,16,2,16,0,16,2,16,3,16,0,3,16,3,2,16,0,16,2,16,3,16,2,0,16,0,3,0,2,0,16,2,0,2,3,16,3,2,3,16,0,2,0,16,0,3,0,16,0,2,16,3,16,0,3,16,3,2,16,0"
1,4,16,546,0,0,400000676,16.358,"0,1,0,4,0,1,0,16,0,1,0,4,1,0,1,16,1,0,1,4,1,16,4,0,4,1,0,1,16,0,1,0,4,0,16,0,4,0,1,4,0,16,1,4,16,1,16,0,4,0,16,0,1,4,1,16,1,0,1,16,1,4,16,0,4,16,1,4,1,0,4,1,4,16,0,4,0,1,0,16,0,4,16,0,16,1,16,0,16,4,16,1,4,16,4,0,16,0,1,0,4,0,16,4,0,4,1,4,16,1,4,1,0,1,4,1,16,1,0,16,0,4,0,1,16,4,16,1,16,0,4,1,4,16,4,0,1,16,0,1,0,4,0,1,16,0,16,4,0,16,0,1,0,4,1,0,1,16,1,0,1,4,1,16,4,0,4,1,0,1,16,0,1,0,4,0,16,0,4,0,1,4,1,16,0,4,0,1,4,0,4,16,4,0,4,1,0,1,16,4,1,16,0,16,4,0,16,0,1,0,4,0,16,4,1,4,0,1,0,16,0,4,0,1,0,16,1,4,1,16,1,0,16,0,4,16,0,16,1,16,4,16,1,16,0,1,16,1,4,1,0,1,4,1,16,4,0,16,1,0,16,0,4,1,4,0,16,4,16,1,16,4,16,0,16,1,0,16,0,4,16,1,16,4,16,0,16,4,1,16,1,0,1,16,1,4,1,0,4,0,16,0,1,0,16,0,4,16,1,16,0,1,16,1,4,16,1,16,0,1,0,4,1,16,1,0,4,1,4,16,4,0,4,1,0,1,16,4,1,0,4,0,16,0,1,0,4,1,0,1,16,1,0,1,4,1,16,4,0,4,16,1,16,0,1,16,4,1,0,4,0,16,0,1,0,16,0,4,16,0,16,1,16,4,16,1,16,0,1,4,1,0,16,0,4,16,0,1,16,4,1,4,0,4,16,4,0,4,1,0,4,0,16,0,1,16,0,16,4,16,1,4,0,1,4,16,1,0,16,0,4,0,1,0,4,0,16,4,1,4,0,1,4,1,16,1,0,1,4,0,1,0,16,0,1,0,4,1,4,16,0,4,0,1,0,16,0,4,16,0,16,1,16,4,1,0,4,0,16,0,1,0,4,1,0,1,16,4,1,4,0,4,16,4,1,16,1,0,16,1,16,4,1,16,1,0,16,0,4,0,1,16,1,0,1,4,0,4,16,1,16,4,0,16,0,1,0,4,0,1,0,16,1,0,1,4,16,1,16,0,1,0,4,0,1,0"
3,4,16,435,0,0,400000596,14.642,"0,3,0,4,0,3,0,16,0,3,0,4,3,0,3,16,3,0,3,4,3,16,4,0,4,3,0,3,16,0,3,0,4,0,16,0,4,0,3,4,0,16,3,4,16,3,16,0,4,0,16,0,3,4,3,16,3,0,3,16,3,4,16,0,4,16,4,3,4,16,4,0,4,3,0,3,16,0,3,0,4,0,16,0,4,0,3,4,0,4,16,3,4,16,0,16,4,16,3,16,4,0,3,4,16,3,4,0,3,0,16,0,4,16,0,16,3,16,0,16,4,16,3,4,16,4,0,3,0,4,16,0,3,16,3,4,3,16,3,0,3,4,0,3,0,16,0,4,16,3,4,3,0,4,16,0,16,3,16,4,16,0,16,3,0,3,4,0,4,16,4,0,4,3,4,16,3,4,3,0,3,16,0,4,0,3,4,0,4,16,4,0,4,3,4,16,3,4,3,0,4,0,16,4,16,3,16,4,0,3,4,3,16,3,4,3,0,3,16,0,4,0,3,4,0,4,16,4,3,4,0,3,0,16,0,3,0,4,3,0,3,16,4,0,4,3,0,3,16,3,0,3,4,3,16,4,3,4,0,4,3,4,16,4,0,16,0,3,0,4,3,4,16,3,4,3,0,16,3,16,4,16,0,16,3,0,4,3,4,16,4,3,4,0,4,16,0,4,0,3,4,16,3,0,16,0,4,0,3,0,16,3,0,3,4,16,4,3,4,0,4,3,4,16,3,0,16,3,16,4,3,0,3,4,16,4,3,4,0,16,0,3,16,0,16,4,16,3,16,4,16,0,4,16,4,3,4,0,4,3,4,16,3,16,0,16,4,3,0,4,0,16,0,4,0,3,0,16,3,0,3,4,0,4,16,0,3,16,3,4,3,0,4,16,4,0,3,4,0,16,4,16,3,16,4,16,0,16,3,0,3,4,0,3,16,3,0,3,4,0,4,16,3,4,0,3,0,16,3,0,3,4,3,0,3"
1,5,16,577,0,0,400000768,17.550,"0,1,0,5,0,1,0,16,0,1,0,5,1,0,1,16,1,0,1,5,1,16,5,0,5,1,0,1,16,0,1,0,5,0,16,0,5,0,1,5,0,5,16,1,0,1,16,1,5,1,16,1,0,16,5,16,0,1,0,5,0,16,5,1,5,16,5,0,5,16,1,0,1,5,1,16,0,16,1,5,16,0,5,0,1,0,5,16,0,16,1,16,5,16,0,5,16,5,1,0,5,0,16,0,5,0,1,0,16,1,16,5,16,0,16,1,0,5,0,1,16,1,0,1,5,16,5,0,1,0,5,16,0,16,1,16,0,5,16,5,1,16,1,0,16,5,0,5,1,5,16,5,0,16,5,16,1,16,5,16,0,16,1,0,16,0,5,16,1,5,16,0,5,1,0,1,16,1,5,1,16,1,0,16,5,16,1,0,16,0,5,16,5,1,5,16,0,16,1,16,0,5,0,16,0,1,5,1,0,1,5,16,0,16,1,0,16,5,0,5,1,5,0,5,16,5,0,1,0,16,5,16,0,16,1,16,0,16,5,0,1,0,16,5,0,5,1,0,1,16,1,0,1,5,0,1,0,16,5,1,5,0,5,16,1,16,5,0,16,0,1,0,16,0,5,0,1,5,0,5,16,1,5,1,0,5,0,16,0,1,0,5,1,0,1,16,1,0,1,5,1,16,5,0,5,1,0,1,16,0,16,5,16,0,1,0,5,0,16,0,5,0,1,5,1,16,1,0,1,5,1,16,5,0,5,1,16,5,16,0,5,0,1,0,5,0,16,0,5,1,16,5,16,0,16,5,16,1,16,0,1,5,0,1,16,0,16,5,0,16,1,0,1,5,0,1,0,16,5,0,5,1,5,16,1,5,1,0,16,0,5,0,16,1,16,5,16,0,5,1,0,1,16,1,5,1,16,1,0,16,5,16,1,5,16,5,0,16,0,1,16,0,16,5,16,1,16,5,16,0,5,16,5,1,5,16,5,0,5,1,0,1,16,0,16,5,1,5,0,16,5,16,1,16,0,16,5,16,1,5,1,0,1,16,1,5,1,0,5,0,16,5,16,1,16,0,5,0,16,0,1,5,1,16,0,1,0,5,0,16,0,5,0,1,5,0,5,16,5,1,16,5,16,0,5,0,1,0,5,16,0,16,1,16,5,16,0,5,1,0,16,0,1,5,1,16,1,0,5,16,5,1,16,5,16,0,16,1,16,0,16,5,0,16,0,1,5,0,5,16,5,0,5,1,5,16,0,16,1,16,5,0,1,0,16,0,5,0,16,0,1,16,5,0,1,16,1"
2,5,16,575,0,0,400000768,15.400,"0,2,0,5,0,2,0,16,0,2,0,5,2,0,2,16,2,0,2,5,2,16,5,0,5,2,0,2,16,0,2,0,5,0,16,0,5,0,2,5,0,5,16,2,0,2,16,2,5,2,16,2,0,16,5,16,0,2,0,5,0,16,5,2,5,16,5,0,16,0,2,0,5,0,2,0,16,2,0,2,5,16,0,16,5,16,2,16,5,0,16,0,2,0,16,0,5,0,16,2,16,5,0,5,16,5,2,5,16,5,0,16,0,2,16,0,16,5,16,2,16,5,16,0,5,16,2,0,2,5,2,16,5,0,5,16,2,16,0,2,0,5,0,2,0,16,2,0,2,5,16,5,0,16,5,16,2,16,0,16,5,0,16,0,2,0,16,0,5,0,2,5,16,5,0,2,0,16,0,2,5,2,0,2,16,0,16,5,16,2,0,2,16,2,5,16,5,0,5,2,0,2,16,0,2,5,0,5,16,0,5,0,2,0,16,0,2,0,5,2,0,2,16,2,0,2,5,2,16,5,0,5,2,0,2,16,0,2,0,5,0,16,5,0,5,2,5,16,2,0,16,2,5,16,0,2,0,5,2,0,2,16,2,5,2,16,2,0,16,5,16,2,5,16,5,0,5,2,0,16,2,16,5,16,2,16,0,16,5,0,16,0,2,0,5,2,5,16,0,16,2,5,2,0,2,5,16,5,0,5,2,5,0,5,16,0,16,2,16,5,2,16,2,0,16,0,5,0,16,0,2,16,0,16,5,16,2,16,5,16,0,5,16,5,2,0,16,2,5,16,2,16,0,5,0,16,0,2,5,2,16,5,2,5,0,5,16,5,2,16,5,16,0,16,5,16,2,16,0,2,16,2,5,16,5,0,5,2,0,5,0,16,0,2,0,5,2,0,2,16,2,5,2,16,2,0,16,0,5,16,2,16,5,16,0,5,2,16,2,5,2,0,2,5,2,16,5,0,5,2,0,5,0,16,0,5,0,2,5,2,16,5,0,2,0,16,2,0,2,5,2,16,2,5,2,0,5,16,2,16,0,16,5,0,5,2,0,5,0,16,0,2,16,0,16,5,16,2,16,5,16,0,5,2,5,0,16,0,2,5,2,16,2,0,5,16,5,2,16,5,16,0,16,5,16,2,16,0,2,16,2,5,2,16,2,0,2,5,0,5,16,2,5,0,16,0,2,0,16,5,16,2,5,16,5,0,5,2,5,16,2,5,2,0,2,5,2,16,5,16,0,2,16,0,5,0,16,2,0,2,5,0,2,0,16,5,16,2,0,16,0,5,0,2,5"
3,5,16,526,0,0,400000744,14.885,"0,3,0,5,0,3,0,16,0,3,0,5,3,0,3,16,3,0,3,5,3,16,5,0,5,3,0,3,16,0,3,0,5,0,16,5,0,5,3,0,3,16,5,16,3,0,16,0,5,0,16,3,5,3,0,5,0,16,0,5,0,3,5,0,5,16,5,3,5,0,3,0,16,0,5,16,3,16,0,5,16,5,3,5,0,3,0,16,5,16,3,0,3,5,3,16,3,5,3,0,5,16,5,3,16,3,0,16,3,16,5,16,0,5,3,5,0,5,16,0,3,16,0,16,5,16,0,16,3,16,5,3,16,3,0,3,5,3,16,5,16,0,16,3,16,5,16,0,5,3,5,0,5,16,0,3,16,3,5,3,16,0,3,0,5,0,3,0,16,0,3,5,3,16,0,16,5,0,16,0,3,16,5,16,0,3,16,3,5,16,5,0,5,3,0,5,0,16,0,5,0,3,5,3,16,0,5,0,3,0,16,0,3,0,5,3,16,3,5,3,0,5,16,0,5,0,3,0,5,0,16,0,3,16,0,16,5,16,3,16,0,3,16,3,5,3,16,3,0,3,5,0,16,0,3,16,0,16,5,16,3,16,5,16,0,5,16,5,3,0,3,16,3,5,3,16,3,0,16,0,5,0,3,5,3,16,3,5,3,0,5,3,5,16,5,0,5,16,5,3,16,0,16,5,3,16,3,0,3,5,3,16,5,0,5,16,5,3,16,0,16,3,16,5,16,3,0,16,0,5,16,0,16,3,16,5,16,3,16,0,3,16,3,5,3,0,3,16,0,5,0,16,3,16,5,16,3,0,3,5,3,16,5,0,5,16,5,3,16,0,16,3,5,16,3,0,16,0,5,0,16,3,16,5,16,3,0,3,16,3,5,0,5,16,0,5,0,3,0,16,0,3,0,5,3,0,3,16,3,5,3,16,3,0,16,5,3,0,5,0,16,5,3,16,3,0,16,3,16,5,16,0,16,5,16,3,5,16,0,3,5,0,5,16,0,3,16,3,5,3,16,3,0,3,5,0,3,0,16,5,0,16,3,16,0,5,16,5,3,5,16,0,16,3,0,3,5,0,5,16,0,5,0,3,0,16,0,3,0,5,3,0,16,5,3,16,3,0,16,0,5,0,3,5,16,5,3,5,0,3,0,16,3,5,3,16,3,0,16,0,5,16,3,16,0,3"
4,5,16,586,0,0,400000684,16.567,"0,4,0,5,0,4,0,16,0,4,0,5,4,0,4,16,4,0,4,5,4,16,5,0,5,4,0,4,16,0,4,0,5,0,16,0,5,0,4,5,4,16,0,4,16,5,16,0,4,16,0,5,0,4,5,4,16,4,0,4,5,4,16,5,0,5,4,0,5,0,16,5,4,16,0,5,16,4,5,4,0,4,16,0,5,16,0,16,4,16,0,16,5,0,5,4,0,5,0,16,0,4,16,5,16,0,5,16,5,4,5,16,5,0,5,4,0,4,16,0,5,16,5,4,16,5,16,0,4,16,4,5,4,0,5,4,5,16,0,4,0,16,0,5,0,16,0,4,16,5,16,4,0,4,5,0,5,16,5,4,16,5,16,0,16,5,16,4,16,0,4,16,4,5,16,0,5,16,5,4,16,4,0,4,5,16,5,0,4,0,5,16,0,16,4,0,4,5,4,16,4,0,16,4,16,5,16,0,16,5,16,4,5,0,16,5,4,16,4,0,4,16,5,4,5,0,5,16,5,4,5,0,4,0,16,0,5,0,4,5,16,5,4,5,0,4,0,16,4,0,4,5,4,16,4,5,4,0,5,4,16,5,0,5,16,4,16,5,0,16,0,4,16,4,5,4,16,0,4,0,5,4,0,16,4,5,16,5,0,16,0,4,0,16,0,5,0,4,5,0,5,16,5,4,5,0,4,16,0,5,0,4,5,4,16,4,0,4,5,0,4,0,16,0,5,0,4,5,0,5,16,5,4,16,0,4,0,5,0,4,0,16,0,5,16,0,16,4,0,5,0,4,0,16,4,16,5,16,4,0,4,5,4,0,16,0,4,5,0,5,16,0,16,4,16,5,4,5,0,16,5,16,4,16,0,16,4,16,5,4,0,4,16,5,4,5,0,5,4,5,16,5,0,16,5,16,4,5,4,0,5,0,16,4,5,0,4,5,4,16,4,5,0,4,0,16,0,4,0,5,0,4,16,4,5,0,5,16,0,5,0,4,0,16,0,4,0,5,4,16,4,0,16,4,16,5,4,0,5,16,0,16,4,0,5,4,0,4,16,5,0,5,16,5,4,5,16,0,4,16,5,4,16,4,0,4,16,4,5,16,5,0,5,16,4,16,5,16,0,4,0,16,0,5,16,4,16,5,16,0,16,5,4,16,4,0,4,5,0,5,16,5,4,5,0,4,16,4,0,4,5,0,5,16,5,0,4,0,16,0,5,16,5,4,5,16,0,5,16,5,4,16,4,0,5,4,0,16,0,5,16,0,16,4,16,0,16,5,16,4,5,4,0,4,16,5,0,5,16,5,0,4,16,5,4,16"
1,6,16,539,0,0,400000696,16.934,"0,1,0,6,0,1,0,16,0,1,0,6,1,0,1,16,1,0,1,6,1,16,6,0,6,1,0,1,16,0,1,0,6,0,16,0,6,0,1,6,0,6,16,1,0,1,16,1,6,1,16,1,0,16,6,16,0,1,0,6,0,16,6,1,16,0,1,16,1,6,16,0,16,6,16,1,16,6,0,16,0,1,16,0,16,6,16,1,6,0,6,1,6,16,1,0,6,0,1,0,16,0,1,0,6,1,6,16,0,6,1,0,1,16,1,6,0,6,1,16,6,16,0,16,1,16,6,1,6,0,1,0,16,1,0,1,6,1,16,1,6,1,0,6,1,16,6,16,0,6,0,1,6,1,16,1,0,1,6,0,1,0,16,0,1,0,6,1,6,16,0,1,0,6,0,16,0,6,0,1,6,16,6,0,16,6,16,1,6,1,0,1,16,1,0,1,6,0,6,16,0,1,0,6,1,0,1,16,1,0,1,6,1,16,6,1,6,0,1,0,16,1,16,6,16,0,16,6,16,1,6,0,6,16,0,6,0,1,6,1,16,6,0,16,1,0,16,0,6,0,16,0,1,0,6,1,0,1,16,1,6,1,0,6,1,6,16,0,6,16,1,16,0,1,0,6,0,16,0,1,16,6,16,0,6,16,6,1,16,1,0,16,1,16,6,16,0,16,6,16,1,6,16,6,0,1,0,16,6,16,1,0,1,6,1,16,1,6,1,0,6,16,6,1,16,6,16,0,6,1,0,16,6,0,1,6,1,16,1,0,16,0,6,16,1,16,6,16,0,6,1,0,6,0,16,0,6,0,1,0,16,1,0,1,6,1,0,1,16,1,6,16,0,16,6,1,6,0,1,6,1,16,1,0,1,6,0,1,0,16,0,6,0,1,6,1,16,1,6,0,6,16,0,6,0,1,0,6,0,16,0,1,16,0,16,6,0,1,6,16,6,1,0,1,16,1,6,0,16,0,1,16,0,16,6,16,1,16,6,16,0,6,1,6,16,1,6,1,0,1,16,0,6,16,1,16,0,6,0,1,6,0,6,16,6,1,6,0,1,6,1,16,1,6,1,0,6,0,16,6,1,16,1,0,1,6,0,1,0,16,0,1,0,6,0,16,6,0,6,1,0,1,16,1,0,1,6,1,16,6,0,6,16,1,16,6,0,16,0,1,0,6,1,6,16,0,1,16,1,6,1,16,0,1,0,6,1,0,1"
3,6,16,360,0,0,400000432,11.289,"0,3,0,6,0,3,0,16,0,3,0,6,3,0,3,16,6,0,6,3,0,6,16,0,16,3,0,6,3,6,16,3,6,3,0,16,3,16,6,16,0,16,3,0,3,6,0,3,0,16,0,6,0,16,0,3,16,0,16,6,16,0,16,3,16,6,3,6,0,16,3,16,0,16,6,0,3,0,6,0,16,0,6,3,16,6,3,6,0,6,3,16,6,16,0,16,6,3,0,3,16,0,16,6,16,3,16,6,16,0,6,16,6,3,0,3,16,6,16,0,6,16,6,3,6,16,6,0,6,3,0,6,0,16,6,3,16,0,3,0,6,0,3,0,16,0,6,16,0,16,3,6,0,6,16,6,3,6,16,6,0,16,3,0,6,0,3,16,3,0,6,3,16,6,16,0,16,3,16,0,16,6,0,16,0,3,0,16,0,6,0,3,6,0,6,16,0,3,0,16,6,0,16,3,16,6,16,0,6,0,3,6,16,6,3,6,0,3,0,16,0,3,0,6,3,0,3,16,6,3,6,0,6,3,6,16,6,3,0,16,3,6,3,0,16,0,6,0,3,6,16,3,16,0,16,3,6,16,6,0,6,16,6,3,6,0,3,16,0,3,0,6,0,3,0,16,0,6,16,0,16,3,0,6,3,6,16,3,16,0,16,3,16,6,16,0,6,16,6,3,6,16,6,0,6,3,0,16,3,16,6,3,0,6,0,16,0,3,0,16,0,6,16,6,3,6,16,0,6,0,3,6,0,6,16,6,3,6,16,6,0,16,3,16,6,0,6,3,0,6,0,16,3,16,6,0,6,16,6,0"
5,6,16,395,0,0,400000456,13.771,"0,5,0,6,0,5,0,16,0,5,0,6,5,0,5,16,5,0,5,6,5,16,6,0,6,5,0,5,16,0,16,6,16,0,16,5,0,16,0,6,0,5,6,5,16,6,0,6,5,0,6,0,16,0,5,0,6,5,0,5,16,5,0,5,6,0,6,16,0,5,0,6,16,0,16,5,16,0,16,6,16,5,6,0,6,5,6,16,6,5,0,6,0,16,0,6,5,0,5,16,5,0,5,6,5,16,0,16,6,16,5,16,6,16,0,6,5,6,16,5,16,0,5,0,6,0,16,5,16,0,6,16,6,5,6,16,0,6,0,5,6,0,6,16,6,5,6,16,6,0,16,6,16,5,16,0,16,6,0,16,0,5,0,6,0,16,6,16,5,16,6,16,0,16,5,6,5,16,5,0,16,6,16,0,5,0,16,6,0,5,6,0,6,16,6,0,6,5,6,16,5,16,0,5,16,5,6,16,5,16,0,6,0,5,0,16,0,5,0,6,5,6,16,6,5,0,5,6,5,16,0,16,5,6,16,6,0,6,5,6,0,6,16,0,6,0,5,0,16,0,5,0,6,5,0,5,16,5,0,5,6,5,16,6,5,6,0,5,16,0,5,6,5,0,16,5,16,6,16,0,5,6,0,6,16,6,0,6,5,6,16,5,6,5,0,16,5,16,6,16,5,16,0,16,6,5,6,0,16,6,5,16,5,0,5,16,6,16,0,16,5,0,5,6,0,5,0,16,0,6,16,5,6,5,0,6,0,16,6,0,6,5,6,16,6,5,6,0,5,0,16,5,16,6,5,6,0,6,16,6,5,16,6,16,0,16,6,16,5,6,5,0,5,16,0,5,0,6,16,5,6,0,6,16,0,16,5,0,16,6,5,6,16,6,5"
1,7,16,636,0,0,400000840,17.777,"0,1,0,7,0,1,0,16,0,1,0,7,1,0,1,16,1,0,1,7,1,16,7,0,7,1,0,1,16,0,1,0,7,0,16,7,0,7,1,0,1,16,7,16,1,0,16,0,7,0,16,1,7,1,0,7,0,16,0,7,0,1,7,0,7,16,7,1,7,0,1,0,16,0,7,16,1,7,0,16,7,16,1,16,7,16,0,16,1,0,1,7,0,1,0,16,0,7,0,16,0,1,16,0,7,16,1,7,16,7,0,7,16,7,1,7,0,1,0,16,0,1,0,7,0,16,7,0,7,1,7,0,7,16,0,16,1,7,0,7,16,7,1,7,16,7,0,16,1,16,0,16,7,0,1,7,0,7,16,7,0,7,1,7,16,1,7,1,0,1,16,0,16,7,16,1,16,7,16,0,7,16,7,1,0,16,0,7,16,0,16,1,16,0,16,7,16,1,7,1,0,1,16,0,1,0,7,0,16,0,1,16,1,7,0,7,16,0,7,0,1,7,16,7,1,7,0,1,16,0,7,16,0,16,1,16,0,16,7,16,1,7,0,7,1,7,16,7,1,0,7,0,16,7,0,7,1,7,16,7,1,7,0,1,16,1,7,0,1,0,16,0,1,0,7,0,1,16,7,1,7,0,7,1,16,7,16,0,16,1,16,7,16,0,7,0,1,0,16,0,1,0,7,1,0,16,1,16,7,1,16,0,1,7,0,1,0,16,0,1,0,7,1,7,16,7,0,7,1,0,7,0,16,0,1,0,7,1,0,1,16,1,0,1,7,0,7,16,1,7,1,0,1,16,1,0,1,7,0,1,0,16,0,7,16,7,1,16,0,1,16,1,7,1,16,1,0,1,7,0,16,0,1,7,1,16,7,1,7,0,7,16,7,1,16,7,16,0,16,1,16,0,16,7,0,16,0,1,7,1,16,1,0,16,0,7,0,1,0,16,1,0,1,7,1,0,1,16,1,7,16,7,0,16,0,1,0,16,7,0,7,1,7,0,7,16,7,1,16,0,16,7,1,7,0,1,7,1,16,1,0,16,1,16,7,0,1,7,0,7,16,1,16,7,0,16,0,1,16,0,16,7,16,1,16,7,16,0,7,16,7,1,7,0,1,16,0,16,7,16,1,0,16,1,7,1,0,7,1,7,16,7,0,7,16,7,1,16,0,7,1,0,7,0,16,0,7,1,0,1,16,1,0,1,7,1,16,7,0,7,1,16,1,0,16,1,16,7,16,0,7,16,7,1,7,0,7,1,7,16,1,7,0,16,1,16,7,1,7,0,1,0,16,0,1,0,7,1,0,1,16,1,7,1,16,1,0,16,1,16,7,16,0,7,1,7,16,1,7,1,0,1,16,1,0,1,7,0,7,16,0,7,0,1,0,16,1,0,1,7,1,0,1,16,0,16,7,1,0,1,7,1,16,7,1,7"
2,7,16,573,0,0,400000592,14.994,"0,2,0,7,0,2,0,16,0,2,0,7,2,0,2,16,2,0,2,7,2,16,7,0,7,16,2,7,16,0,7,0,2,0,7,0,16,0,2,7,2,16,2,7,0,16,7,16,2,16,7,0,16,0,2,16,2,7,2,0,2,7,2,16,7,2,7,0,7,16,0,2,0,7,2,0,2,16,2,7,2,16,2,0,16,2,7,16,0,2,0,7,2,0,2,16,2,7,16,0,16,7,16,2,16,7,0,16,0,2,0,16,7,16,2,16,7,0,7,16,7,0,2,0,7,0,2,16,2,0,2,7,0,7,16,7,2,16,7,16,0,2,16,2,7,2,0,2,7,2,16,7,2,0,16,7,0,7,2,0,2,16,2,0,2,7,0,2,0,16,0,7,0,2,7,0,7,16,2,7,2,0,7,0,16,7,16,2,16,7,0,16,0,2,0,7,0,2,0,16,2,0,2,7,2,16,2,0,16,7,16,0,16,2,16,0,7,16,7,2,7,16,0,2,0,7,2,7,16,7,0,7,16,7,2,16,7,16,0,16,7,16,2,16,0,2,16,2,7,16,0,16,7,2,16,7,0,7,2,7,16,2,16,0,2,0,7,2,0,2,16,0,2,0,7,2,7,16,2,16,0,16,7,16,2,7,0,7,16,0,7,0,2,0,16,0,2,0,7,2,16,2,0,16,0,7,16,0,16,2,0,16,0,7,2,0,2,16,2,7,2,16,2,0,16,2,16,7,0,2,0,16,2,16,7,16,2,16,0,16,7,2,7,16,7,0,2,0,7,16,0,2,16,2,7,2,16,0,2,0,7,0,2,0,16,0,7,16,7,2,16,7,16,0,7,16,7,2,0,2,7,2,16,7,16,0,16,7,2,16,2,0,16,2,16,7,16,0,16,7,16,2,7,0,2,7,2,16,7,16,0,16,7,16,2,7,16,7,0,7,2,7,0,7,16,0,7,0,2,0,16,2,7,2,16,0,16,2,7,16,7,0,16,7,16,2,16,0,16,2,16,7,2,0,2,7,16,7,0,16,0,2,0,7,0,2,0,16,2,0,2,7,2,16,7,2,7,0,16,7,16,2,7,2,0,2,16,2,7,16,2,16,0,16,2,16,7,16,0,7,16,7,2,7,16,7,0,7,2,0,16,2,7,16,7,0,16,7,16,2,16,0,2,16,2,7,2,0,7,2,7,16,7,2,7,0,7,16,0,2,0,7,2,0,2,16,2,7,2,16,2,0,16,2,7,0,7,2,7,16,2,16,0,16,2,16,7,2,16,0,7,0,2"
3,7,16,447,0,0,400000520,14.436,"0,3,0,7,0,3,0,16,0,3,0,7,3,0,3,16,3,0,3,7,3,16,7,0,7,3,0,3,16,0,3,0,7,0,16,7,0,7,3,0,3,16,7,16,3,0,16,0,7,0,16,0,3,0,16,7,16,3,16,0,16,3,16,7,3,7,0,3,0,16,0,3,0,7,0,16,7,0,7,3,0,3,16,3,7,16,0,7,16,7,3,7,16,7,0,16,0,3,0,16,7,16,0,16,3,0,3,7,16,7,3,7,16,0,16,3,16,7,16,3,16,0,3,0,7,16,3,16,0,16,7,16,0,16,3,0,7,0,16,7,0,7,3,0,3,16,0,3,7,16,0,7,16,7,3,7,16,7,0,7,3,0,7,0,16,0,7,0,3,7,3,16,0,7,0,3,0,16,7,16,0,16,3,16,0,16,7,0,3,0,16,7,16,3,7,16,0,7,3,0,7,0,16,0,7,0,3,7,3,16,3,0,7,0,3,0,16,3,16,7,16,3,0,16,0,7,0,16,0,3,0,16,7,3,7,0,3,0,16,0,3,0,7,3,0,3,16,3,7,3,0,7,0,16,7,0,7,3,0,7,0,16,3,16,7,16,0,7,0,3,0,16,0,3,0,7,3,0,3,16,3,7,16,0,16,3,7,16,7,0,16,0,3,16,0,7,3,7,0,7,16,7,0,3,7,3,16,3,7,3,0,3,16,0,3,0,7,0,16,7,3,16,7,16,0,16,7,16,3,16,0,3,16,3,7,16,0,16,7,16,3,7,3,0,3,7,16,3,16,0,3,16,3,7,3,0,3,7,3,16,7,0,7,3,0,7,0,16,0,3,0,7,3,0,3,16,3,7,3,16,3,0,16,0,7,0,3,0,16,0,7,16,3,16,7,16,0,7,3,0,16,0,3,7,3,0,16,3,7,16,7,0,7,3,7,0,7,16,0,7,0,3,0,16,0,3,0,7,3,0,3,16,7,0,16,3,0,16,0,7,0,16,0,3,0,7,3"
4,7,16,518,0,0,400000668,15.097,"0,4,0,7,0,4,0,16,0,4,0,7,4,0,4,16,4,0,4,7,4,16,7,0,7,4,0,4,16,0,4,0,7,0,16,0,7,0,4,7,4,16,0,4,16,7,16,0,4,16,0,7,0,4,7,4,16,4,0,4,7,4,16,7,0,7,4,0,7,0,16,7,16,4,16,7,0,4,0,16,0,4,7,16,7,0,7,4,0,4,16,4,7,16,4,16,0,4,0,7,16,0,16,4,16,7,16,0,7,0,4,16,0,7,16,7,4,7,0,16,0,7,4,0,4,16,0,16,7,16,4,7,4,0,7,4,7,16,7,0,7,16,7,4,16,7,16,0,16,4,16,0,16,7,0,4,16,4,7,16,4,16,0,7,0,16,4,0,4,7,4,16,7,0,7,4,16,7,16,0,16,4,16,0,16,7,0,4,0,16,7,0,7,4,7,0,7,16,7,4,16,0,16,4,7,4,0,7,4,16,7,0,16,0,4,0,7,0,4,0,16,4,0,4,7,4,16,4,0,16,0,7,4,0,16,4,16,7,16,0,7,16,7,4,7,0,4,16,4,7,0,4,0,16,0,4,0,7,0,16,7,16,4,0,4,7,0,7,16,7,4,7,0,4,7,4,16,4,0,4,7,0,4,0,16,0,4,0,7,4,7,16,0,4,0,7,0,16,0,7,0,4,7,4,16,7,0,7,16,4,16,0,16,4,7,4,0,16,0,7,0,4,7,4,16,4,7,4,0,4,16,0,4,0,7,0,16,0,4,16,0,16,7,16,4,16,7,16,0,7,4,7,16,4,7,4,0,7,0,16,7,16,4,0,16,0,7,0,4,7,4,16,4,0,4,7,0,4,0,16,0,7,0,4,7,0,7,16,7,4,7,16,7,0,16,7,16,4,16,0,4,0,7,0,16,7,4,16,7,16,0,16,7,16,4,16,0,4,16,4,7,16,0,16,7,16,4,7,4,0,4,7,16,7,0,7,4,0,16,0,4,0,7,4,16,0,7,16,0,16,4,7,4,0,16,4,16,7,16,4,16,0,16,4,7,4,0,4,16,4,0,4,7,0,7,16,4,7,4,0,4,16,0,4,0,7,0,4,0,16,0,7,16,7,4,16,4,0,4,7,4,16,7,0,7,4,16,7,16,0,7,0,4,0,16,0,4,0"
5,7,16,546,0,0,400000740,17.308,"0,5,0,7,0,5,0,16,0,5,0,7,5,0,5,16,5,0,5,7,5,16,7,0,7,5,0,5,16,0,5,0,7,0,16,0,7,0,5,7,0,7,16,5,0,5,16,5,7,5,16,5,0,16,7,16,0,5,0,7,0,16,7,5,16,7,16,0,7,0,5,0,16,0,5,0,7,5,16,5,0,16,0,7,16,7,5,16,7,16,0,16,5,16,0,16,7,0,5,0,16,5,16,7,5,7,0,5,7,5,16,5,0,5,16,5,7,16,0,5,7,0,5,0,16,0,5,7,0,7,16,7,5,16,0,16,5,7,5,0,16,0,7,16,0,16,5,0,7,5,0,16,0,5,7,0,7,16,0,7,0,5,0,16,0,5,0,7,5,0,5,16,5,0,5,7,5,16,7,5,7,0,5,0,16,0,5,0,7,0,16,7,5,7,0,5,0,16,0,7,16,7,5,16,7,16,0,16,5,0,7,5,7,16,5,7,5,0,5,16,5,0,5,7,0,16,5,16,0,16,7,5,7,0,5,0,16,0,7,0,16,0,5,16,0,16,7,16,5,16,7,16,0,7,5,7,16,5,7,5,0,7,16,0,5,0,16,7,16,5,16,7,0,7,5,0,5,16,5,7,5,16,5,0,16,5,16,7,16,5,16,0,16,7,0,5,7,5,16,7,0,16,7,16,5,16,7,16,0,16,5,0,16,0,7,0,5,0,16,5,7,16,5,16,0,16,5,16,7,5,7,0,16,7,5,16,5,0,5,7,0,5,0,16,0,5,0,7,0,16,7,5,16,5,0,5,7,0,16,7,5,7,16,0,16,5,0,16,0,7,16,7,5,0,7,0,16,0,7,0,5,0,16,5,0,5,7,0,16,0,7,5,7,16,5,7,5,0,5,16,5,0,5,7,0,5,0,16,0,7,0,5,7,16,5,16,0,16,7,5,16,7,0,7,16,5,7,5,0,7,5,7,16,0,16,7,5,16,5,0,16,5,16,7,16,0,16,7,16,5,7,0,7,16,0,16,5,0,16,0,7,5,0,7,16,7,0,5,7,5,16,5,7,0,7,16,0,7,0,5,0,16,0,5,0,7,5,0,5,16,5,7,5,0,7,5,7,16,0,7,16,5,16,7,16,0,16,7,5,0,5,16,5,0,7,16,0,7,0,5,0,7,0,16,0,5,16,0,16,7,16,5,16,0,5,0,7,16,5,7,16,7,0,16,5,16"
6,7,16,456,0,0,400000512,14.025,"0,6,0,7,0,6,0,16,0,6,0,7,6,0,6,16,6,0,6,7,6,16,7,0,7,6,0,6,16,0,6,0,7,0,16,0,7,0,6,7,0,7,16,6,0,6,16,6,7,6,16,6,0,16,7,16,0,6,0,7,0,16,7,6,7,16,7,0,16,0,6,0,7,0,6,0,16,6,0,7,6,7,16,6,16,0,16,7,16,0,16,6,0,16,0,7,0,6,0,7,0,16,7,16,6,7,16,7,0,16,7,16,6,7,6,0,6,7,6,16,6,0,16,6,16,7,16,0,16,7,16,6,7,0,7,6,7,16,6,16,0,16,6,7,16,7,0,16,0,6,0,7,16,0,7,6,7,0,7,16,7,0,6,16,6,0,6,7,6,0,16,6,16,7,16,6,16,0,16,7,0,6,0,16,7,0,7,6,7,16,6,16,0,6,7,0,6,0,16,0,6,0,7,0,16,7,0,7,6,0,6,16,0,6,7,0,7,16,7,6,16,7,16,0,16,6,0,7,6,0,6,16,6,0,6,7,6,16,7,6,7,0,6,0,16,0,6,7,0,7,16,0,7,0,6,0,16,0,6,0,7,6,0,6,16,6,0,6,7,6,16,7,6,7,0,6,0,16,0,6,0,7,0,6,16,7,6,7,0,7,6,7,16,7,0,16,0,6,0,16,7,0,7,6,0,6,16,6,7,6,0,6,16,0,7,16,7,6,16,7,16,0,16,6,0,16,0,7,16,6,7,6,0,7,0,16,0,7,0,6,0,16,6,0,6,7,6,16,6,0,16,0,7,0,6,16,6,7,0,7,6,7,16,0,16,7,6,16,6,0,16,6,16,7,16,0,16,7,16,6,7,16,7,0,6,0,7,16,0,7,6,7,16,6,7,6,0,6,16,6,0,6,7,0,6,0,16,0,7,0,6,7,16,6,0,6,7,16,7,0,7,16,6,16,0,16,7,0,6,0,7,0,16,0,7,6,0,6,16,6,0,6,7,6,0,16,0,7,6,7,0,16,7,6,16,7"
1,8,16,394,0,0,400000448,12.286,"0,1,0,8,0,1,0,16,0,1,0,8,1,0,1,16,1,0,1,8,1,16,8,0,16,0,1,0,8,0,16,8,1,8,16,0,8,16,1,8,1,0,1,8,1,16,1,0,16,1,16,8,16,0,16,8,16,1,8,16,0,1,0,16,0,8,16,1,16,8,0,8,1,16,1,0,1,8,0,8,16,0,8,0,1,0,16,0,1,0,8,1,0,1,16,1,0,1,8,1,16,8,16,0,8,1,0,1,16,0,1,0,8,0,16,8,16,1,16,8,0,16,0,1,16,1,8,1,16,0,1,0,8,1,0,1,16,1,8,1,16,1,0,16,1,16,8,16,1,16,0,16,8,0,16,0,1,8,16,1,8,1,0,1,8,1,16,8,16,0,8,0,1,8,16,0,16,8,16,1,16,8,16,0,8,1,8,16,1,8,1,0,8,0,16,8,16,1,8,0,8,16,0,8,0,1,0,8,0,16,0,1,16,1,8,0,1,16,0,16,8,16,0,16,1,16,8,1,16,1,0,1,8,1,0,1,16,0,1,8,0,16,1,16,8,16,0,8,1,0,8,0,16,0,8,0,1,0,16,1,0,1,8,16,8,0,1,0,16,1,0,1,8,1,0,1,16,1,8,16,1,16,0,1,8,1,0,1,16,0,16,8,0,1,0,8,0,16,8,16,1,8,1,0,1,16,1,8,16,1,16,0,16,1,16,8,16,0,8,16,8,1,0,16,0,8,0,1,16,1,8,0,8,16,1,16,0,1,16,1,8,1,0,1,16,0,1,0,8,0,1,0,16,0,8,16,0,16,1,0,8,0,1,16,1,0,1,16,8,16,1,16,8,0,8,16,8,0,1,0,8,16,0,16,1,16,8,16,0,8,0,1,16,1"
3,8,16,385,0,0,400000488,12.465,"0,3,0,8,0,3,0,16,0,3,0,8,3,0,3,16,3,0,3,8,3,16,8,0,16,0,3,0,8,0,16,8,3,8,16,0,8,16,3,8,3,0,3,8,3,16,3,0,16,3,16,8,16,0,16,8,16,3,8,16,0,3,0,16,0,8,16,3,16,8,0,8,3,16,3,0,3,8,0,8,16,0,8,0,3,0,16,0,3,0,8,3,0,3,16,3,0,3,8,3,16,8,16,0,8,3,0,3,16,0,3,0,8,0,16,8,16,3,16,8,0,16,0,3,16,3,8,3,16,0,3,0,8,3,0,3,16,3,8,3,16,3,0,16,3,16,8,16,3,16,0,16,8,0,16,0,3,8,16,3,8,3,0,3,8,3,16,8,16,0,8,0,3,8,16,0,16,8,16,3,16,8,16,0,8,3,8,16,3,8,3,0,8,0,16,8,16,3,8,0,8,16,0,8,0,3,0,8,0,16,0,3,16,3,8,0,3,16,0,16,8,16,0,16,3,16,8,3,16,3,0,3,8,3,0,3,16,0,3,8,0,16,3,16,8,16,0,8,3,0,8,0,16,0,8,0,3,0,16,3,0,3,8,16,8,0,3,0,16,3,0,3,8,3,0,3,16,3,8,16,3,16,0,3,8,3,0,3,16,0,16,8,0,3,0,8,0,16,8,16,3,8,3,0,3,16,3,8,16,3,16,0,16,8,16,0,16,3,0,8,16,3,8,3,0,8,0,16,3,16,0,16,8,0,3,0,8,0,16,0,8,3,0,3,16,3,0,3,8,3,0,16,8,16,3,8,3,0,16,0,8,0,16,3,16,8,16,0,8,3,0,16,3,16,8,3,16,3,0,3,8,0,8,16,0"
5,8,16,376,0,0,400000228,12.371,"0,5,0,8,0,5,0,16,0,5,0,8,5,0,5,16,5,0,5,8,5,16,8,0,16,0,5,0,8,0,16,8,5,8,16,0,8,16,5,8,5,0,5,8,5,16,5,0,16,5,16,8,16,5,16,0,16,8,0,5,0,16,8,16,5,8,5,0,5,16,0,5,0,8,0,16,8,16,5,16,8,16,0,8,16,8,5,0,8,0,16,0,8,0,5,0,8,16,5,16,8,16,0,8,0,5,0,16,0,5,0,8,5,0,5,16,8,16,0,5,0,8,5,0,5,16,5,0,5,8,5,16,8,16,0,8,5,0,5,16,5,0,8,0,16,0,8,5,16,8,16,0,16,8,5,16,5,0,5,16,8,0,8,5,0,5,16,5,8,5,16,5,0,16,5,16,8,0,8,5,16,5,0,16,5,16,8,16,0,16,8,16,5,8,16,0,8,0,5,8,0,16,5,16,0,16,8,16,0,5,16,5,8,5,16,5,0,5,16,8,16,0,8,0,5,8,5,16,0,5,0,8,0,5,0,16,0,5,8,16,5,8,5,0,8,16,5,16,0,16,8,0,5,0,8,0,16,8,16,5,16,8,16,0,8,16,8,5,0,8,0,16,0,8,0,5,0,8,16,5,16,8,16,5,0,5,8,16,5,8,0,8,16,0,8,0,5,0,16,0,5,0,8,5,0,5,16,5,0,5,8,5,16,8,5,8,0,16,0,8,0,5,8,5,16,5,0,16,5,16,8,16,0,8,16,8,5,0,16,0,8,0,5,0,8,0,16,8,5,0,16,8,16,5,8,5,0,5,8,5,16,5,0,16,5,16,8,16,0,8,5,8,16,0,16,5"
7,8,16,351,0,0,400000428,12.159,"0,7,0,8,0,7,0,16,0,7,0,8,7,0,7,16,7,0,7,8,7,16,8,0,16,0,7,0,8,0,16,8,7,8,16,0,8,16,7,8,7,0,7,8,7,16,7,0,16,7,16,8,16,0,16,8,16,7,8,16,0,8,0,7,0,8,0,16,0,8,7,16,8,16,0,8,7,0,7,16,7,8,7,0,8,7,8,16,8,0,16,0,7,0,8,0,7,0,16,7,0,7,8,7,0,7,16,7,8,16,7,16,0,7,0,8,7,0,16,8,16,7,16,0,7,0,8,0,7,0,16,0,8,16,0,16,7,16,8,7,16,7,0,16,0,8,7,0,7,16,7,8,7,16,7,0,16,7,16,8,16,7,16,0,16,8,0,16,0,7,16,8,16,7,0,16,7,8,7,0,7,16,0,16,8,16,0,7,0,8,0,16,8,16,7,16,8,16,0,16,8,7,0,8,0,16,0,8,0,7,0,16,7,0,7,8,7,0,7,16,7,8,16,0,8,16,8,7,0,16,0,7,0,8,0,7,16,0,16,8,16,0,16,7,16,8,7,16,7,0,8,0,16,7,16,8,7,16,7,0,7,8,7,0,7,16,0,7,0,8,16,8,7,0,7,16,0,7,0,8,0,16,0,8,0,7,8,16,7,16,0,7,16,7,8,7,0,8,16,0,8,7,0,16,7,16,8,16,0,8,16,8,7,0,16,0,8,0,7,0,8,0,16,8,16,7,8,0,8,7,16,7,0,8,0,7,0,16,0,7,0,8,7,16,8,7,0,7,8,16,7"
1,9,16,492,0,0,400000660,14.409,"0,1,0,9,0,1,0,16,0,1,0,9,1,0,1,16,1,0,1,9,1,16,9,0,9,1,0,1,16,0,1,0,9,0,16,0,9,0,1,9,0,16,1,9,16,1,16,0,9,0,16,0,1,16,1,9,1,0,1,9,1,16,9,0,1,9,16,1,16,0,1,9,0,16,9,16,1,16,9,16,0,16,1,0,16,0,9,0,1,0,9,0,16,9,0,1,9,1,16,1,9,1,0,1,16,9,16,0,16,1,0,9,1,16,1,0,16,0,9,0,16,0,1,0,9,1,0,1,16,1,0,1,9,1,16,9,0,9,1,0,1,16,0,16,9,0,9,1,9,16,9,1,9,0,1,9,1,16,1,9,1,0,1,16,0,1,0,9,16,0,16,1,16,0,16,9,16,1,0,1,9,0,9,16,9,1,9,16,9,0,16,9,16,1,16,9,16,0,16,1,0,1,9,0,9,16,0,16,1,0,16,0,9,16,0,16,1,0,1,9,0,9,16,1,9,1,0,1,16,0,16,9,16,1,9,16,9,0,9,1,9,16,1,9,1,0,1,16,0,1,0,9,0,1,0,16,1,16,9,0,1,0,16,0,9,0,16,0,1,16,9,16,1,16,0,1,0,9,1,0,1,16,1,9,16,9,0,9,16,1,16,9,16,0,9,0,1,0,9,16,0,16,1,16,0,16,9,16,1,0,9,0,16,9,16,1,16,9,16,0,9,16,9,1,9,0,9,16,0,1,0,9,1,9,16,9,0,9,16,9,1,16,9,16,0,1,0,9,16,9,1,16,9,16,0,16,1,16,0,16,9,0,16,0,1,9,1,16,1,0,16,0,9,0,16,0,1,0,9,1,0,1,16,1,0,1,9,1,16,9,16,0,9,0,1,16,0,16,9,16,1,9,16,9,0,9,16,9,1,9,0,1,9,1,16,1,0,1,9,0,1,0,16,0,9,16,9,1,16,1,0,1,9,0,1,0,16,0,9,0,16,0,1,16,9,0,1,16,0,1,0,9,16,9,1,16,1,0,1,9,16,9,1,9,16,0,16,1,16,9,16,1,16,0,1,0,9,0,16,1,9,16,0,16,1,0,1,9,1,16,1,0"
2,9,16,341,0,0,400000352,11.014,"0,2,0,9,0,2,0,16,0,2,0,9,2,0,2,16,2,0,2,9,2,16,9,0,9,2,16,9,16,0,9,0,2,0,9,0,16,0,2,16,0,16,9,16,0,16,2,16,9,2,0,2,9,16,9,0,16,0,2,0,9,0,2,0,16,2,0,2,9,2,0,2,16,2,9,16,9,0,2,0,9,0,16,9,2,9,16,0,9,16,2,9,2,0,2,9,2,16,2,0,9,16,9,2,16,9,16,0,16,9,16,2,9,2,0,2,16,9,16,2,16,0,2,0,9,0,2,16,0,16,9,16,0,2,16,2,9,16,2,16,0,16,9,16,0,16,2,0,16,0,9,0,16,0,2,0,9,2,0,2,16,0,16,9,2,16,2,0,2,9,2,0,2,16,0,2,0,9,0,16,9,2,16,9,16,0,16,9,16,2,16,0,2,0,9,2,0,16,2,16,9,2,16,2,0,2,9,2,0,2,16,0,2,0,9,16,9,2,0,2,16,0,2,0,9,0,2,0,16,0,9,16,9,2,0,16,0,2,0,9,2,16,2,9,0,2,9,16,2,16,0,16,9,16,0,16,2,0,2,9,0,2,0,16,0,9,0,16,0,2,16,0,16,9,16,0,16,2,16,9,2,0,9,16,0,16,2,16,0,9,0,2,0,16,2,9,16,0,9,0,2,9,16,2,9,2,0,2,9,2,16,2,0,16,0,9,0,2,0,16,0,9,16,2,16,0,9,0,2,0,16,9,16,2,9,16,9,0,16,9,16"
3,9,16,605,0,0,400000712,15.976,"0,3,0,9,0,3,0,16,0,3,0,9,3,0,3,16,3,9,3,0,9,0,16,0,3,0,16,0,9,16,0,3,16,3,9,3,0,9,0,16,0,3,9,16,9,3,9,0,9,3,9,16,3,0,3,9,0,3,0,16,0,3,0,9,0,16,9,0,9,3,0,16,3,9,16,9,0,16,9,16,3,0,16,0,9,0,3,0,16,0,9,16,3,16,0,3,16,3,9,16,0,9,3,9,16,0,16,3,16,9,3,9,0,9,16,9,0,9,3,0,3,16,3,9,3,0,3,16,0,9,0,3,16,3,9,3,0,16,0,9,16,0,16,3,16,0,16,9,0,9,3,9,16,9,0,16,3,16,0,16,9,16,0,3,16,3,9,16,3,16,0,16,9,0,3,0,16,3,0,3,9,0,9,16,9,3,16,3,0,9,3,9,16,9,0,9,16,9,3,16,9,16,0,16,9,16,3,16,0,3,16,3,9,16,0,16,9,16,3,16,9,0,16,0,3,0,16,9,0,9,3,9,0,9,16,9,3,16,3,0,3,16,9,0,16,9,16,3,16,9,16,0,16,3,0,16,0,9,0,16,0,3,16,3,9,3,0,9,0,16,0,3,0,9,0,16,9,16,3,16,9,16,0,9,16,9,3,9,0,3,9,3,16,0,3,0,9,0,3,0,16,0,9,3,9,16,9,0,16,3,0,3,9,3,16,0,16,3,16,0,9,0,3,0,16,0,3,0,9,3,9,16,0,3,0,9,3,0,3,16,3,0,3,9,0,9,16,9,0,9,3,9,0,16,3,0,3,9,3,0,16,3,16,9,16,0,3,0,9,3,9,16,9,3,9,0,3,9,3,16,3,0,16,3,16,9,16,3,16,0,16,9,0,3,0,16,3,16,9,3,16,3,0,9,0,3,16,0,9,16,9,3,9,0,3,9,3,16,0,3,0,9,0,3,0,16,0,3,9,16,3,0,16,3,9,16,9,0,16,0,3,0,16,0,9,0,3,9,16,9,0,16,9,16,3,16,0,16,3,16,9,3,16,0,9,0,16,0,3,9,16,3,0,3,9,0,9,16,9,3,9,16,9,0,16,9,16,3,0,3,9,16,9,0,16,9,16,3,16,9,16,0,16,3,0,16,0,9,16,3,16,9,16,0,16,9,3,16,3,0,3,9,3,0,3,16,0,3,9,0,9,16,0,16,3,16,9,16,0,9,16,9,3,9,16,9,0,16,0,3,16,9,3,0,3,9,16,9,3,9,0,16,0,3,0,9,0,3,0,16,3,9,3,16,3,0,16,0,9,0,16,3,16,9,16,0,9,0,3,9,3,16,9,0,9,16,3,16,0,16,9,0,3,0,9"
4,9,16,534,0,0,400000580,15.677,"0,4,0,9,0,4,0,16,0,4,0,9,4,0,4,16,4,0,4,9,4,16,9,0,9,4,0,4,16,0,4,0,9,0,16,0,9,0,4,9,4,16,0,4,16,9,16,0,4,16,0,9,0,4,9,4,16,4,0,4,9,4,16,9,0,9,4,0,9,0,16,9,4,16,0,9,16,4,9,4,0,4,16,0,9,16,0,16,4,16,0,16,9,0,9,4,0,9,0,16,0,4,16,9,16,0,9,16,9,4,16,9,16,0,9,0,4,9,0,9,16,9,4,9,16,9,0,16,9,16,4,16,9,16,0,16,4,0,4,9,4,16,4,9,4,0,9,0,16,9,4,9,16,0,9,16,4,16,0,16,9,0,9,4,9,0,16,0,4,0,9,4,16,9,0,16,0,4,16,0,16,9,16,4,9,16,9,0,9,16,9,4,16,4,0,9,0,16,4,0,4,9,4,16,9,4,9,0,9,16,9,0,9,4,0,9,0,16,0,4,0,9,4,0,4,16,4,9,4,0,9,16,0,4,9,0,16,9,16,4,16,9,0,9,4,9,16,4,0,4,16,4,9,16,9,0,16,0,4,0,9,4,0,4,16,4,0,4,9,4,16,9,0,9,4,0,4,16,4,0,4,9,0,4,0,16,0,9,0,4,9,0,9,16,9,4,9,0,4,0,16,0,4,9,0,4,0,16,4,16,9,4,16,4,0,4,9,4,0,4,16,0,4,9,16,9,4,9,0,4,0,16,0,9,0,4,9,16,9,0,16,9,16,4,9,16,9,0,16,0,4,16,9,16,4,0,4,9,4,0,16,9,0,16,0,4,0,16,0,9,0,4,9,0,9,16,4,9,4,0,4,16,4,9,16,0,9,0,4,0,16,9,16,0,16,4,9,4,0,16,4,16,9,16,0,16,9,16,4,9,16,9,0,9,4,9,16,4,9,4,0,4,16,4,9,16,0,16,9,4,9,0,16,9,0,4,0,16,4,16,9,16,0,16,4,0,9,0,4,0,16,0,4,9,0,9,16,9,4,0,16,0,4,0,9,0,4,0,16,4,9,4,0,9,4,9,16,9,0,9,4,0,16,0,9,16,0,16,4,16,9,4,9,0,16,0,4,0,9,4,16,4,9,4,0,4,9,16,4,16,0,16,4,16,9,16,4,0,4,9,0,9,16,9,4,16,0,4,16,9,4,0,16,0"
5,9,16,454,0,0,400000592,14.817,"0,5,0,9,0,5,0,16,0,5,0,9,5,0,5,16,5,0,5,9,5,16,9,0,9,5,0,5,16,0,5,0,9,0,16,0,9,0,5,9,0,9,16,5,0,5,16,5,9,5,16,5,0,16,9,16,0,5,0,9,0,16,9,5,9,16,9,0,9,16,5,0,5,16,5,9,0,16,9,16,5,16,9,16,0,16,5,0,16,0,9,5,16,5,0,5,9,5,0,5,16,0,9,0,5,9,0,9,16,0,5,16,0,9,16,9,5,16,9,16,0,5,0,16,0,5,9,5,16,5,0,16,9,16,0,16,5,16,0,9,16,9,5,16,9,16,0,16,5,16,0,16,9,0,16,0,5,0,9,0,16,9,0,9,5,16,9,16,0,16,9,16,5,16,0,5,16,5,9,0,9,16,0,9,0,5,0,16,0,5,0,9,5,16,0,16,5,16,9,16,5,16,0,5,0,9,0,5,16,5,0,5,9,16,9,5,9,0,5,0,16,0,5,9,0,9,16,0,9,0,5,0,16,0,5,0,9,5,0,5,16,9,16,0,5,0,9,5,0,5,16,5,0,5,9,5,16,9,5,9,0,5,0,16,0,5,0,9,0,5,16,9,5,0,9,0,16,0,5,16,5,9,16,0,16,5,9,16,9,0,9,5,0,9,0,16,0,5,16,0,16,9,5,0,9,0,16,9,5,16,9,16,0,16,9,16,5,16,0,5,16,5,9,5,0,5,16,0,16,9,0,9,5,0,5,16,0,9,0,5,9,0,9,16,0,16,5,16,9,5,9,0,9,16,9,5,16,9,16,0,16,9,16,5,16,0,5,16,5,9,16,0,16,9,16,5,16,9,0,16,0,5,0,9,5,9,16,9,5,0,5,16,5,9,5,16,5,0,16,0,9,0,16,0,5,0,9,5,0,5,16,0,16,9,0,9,5,16,5,0,9,5,9,16,9,5,9,0,9,16,0,9,0,5,0,16,0,5,0,9,5,9,16,5,0,16,0,9,0,5,16,0,5,0"
6,9,16,544,0,0,400000676,15.897,"0,6,0,9,0,6,0,16,0,6,0,9,6,0,6,16,6,0,6,9,6,16,9,0,9,6,0,6,16,0,6,0,9,16,0,16,6,16,0,16,9,16,0,6,9,0,9,16,0,6,9,6,16,9,6,9,0,9,16,0,6,0,16,0,9,0,16,6,9,6,16,6,0,6,16,9,6,9,0,9,6,9,16,9,0,6,0,16,6,16,9,0,9,16,9,6,9,16,9,0,16,6,16,0,16,9,16,0,6,9,0,9,16,9,0,6,9,6,16,9,16,0,9,6,0,6,16,0,6,0,9,16,0,16,6,16,9,16,0,16,6,0,6,9,6,16,6,0,16,6,16,9,16,0,16,9,16,6,9,16,9,0,6,16,6,9,16,9,0,9,16,9,6,9,0,6,16,6,9,16,6,16,0,6,9,0,16,9,16,6,16,0,16,9,0,16,0,6,0,9,6,9,16,6,0,6,16,9,16,0,16,9,6,9,16,9,0,6,0,16,9,0,9,6,9,16,9,6,9,0,6,9,16,6,16,0,6,9,0,6,0,16,0,6,0,9,0,16,9,0,9,6,16,0,6,16,6,9,0,9,16,9,6,9,16,9,0,16,0,6,16,0,9,16,9,6,16,0,6,0,9,0,6,16,0,16,9,0,16,0,6,0,9,0,6,0,16,6,0,6,9,6,0,6,16,6,9,16,0,9,6,16,9,0,16,0,6,0,9,0,6,0,16,6,0,9,6,9,16,9,0,9,6,9,16,6,0,6,9,0,6,0,16,6,9,16,6,16,0,16,6,16,9,16,0,9,6,0,9,16,0,6,9,6,16,9,6,9,0,9,6,9,16,9,0,16,9,16,6,9,0,6,0,16,6,9,16,9,0,16,9,16,6,16,0,16,6,16,9,6,0,6,16,0,16,9,0,9,6,0,6,16,9,6,16,0,16,9,6,9,16,9,0,6,16,0,9,16,9,6,9,0,9,6,9,16,6,0,6,9,0,6,0,16,6,16,9,0,16,0,6,0,9,0,6,0,16,6,0,6,9,6,16,6,9,6,0,9,0,16,0,6,16,0,16,9,6,0,9,6,9,16,0,16,9,16,6,0,6,9,16,6,16,0,16,9,16,0,16,6,0,16,0,9,0,6,0,16,6,16,9,16,0,9,0,6,9,0,9,16,9,6,16,9,16,0,16,6,0,9,0,16,6,0,6,9,0,9,16,6,0,16,6,16"
7,9,16,60,1,1,7707828,0.100,"0,16,7,0,9,16,9,7,16,7,0,7,16,9,16,7,16,9,0,9,7,0,7,16,7,0,9,0,7,0,9,16,9,0,9,16,7,16,9,16,0,9,0,7,16,7,0,7,16,9,16,7,16,0,7,0,9,16,7,9"
1,10,16,539,0,0,400000648,14.980,"0,1,0,10,0,1,0,16,0,1,0,10,1,0,1,16,1,0,1,10,1,16,10,0,10,1,0,1,16,0,1,0,10,0,16,0,10,0,1,10,0,10,16,1,0,1,16,1,10,16,10,0,1,0,10,16,0,16,1,16,0,10,0,1,0,16,0,1,0,10,1,10,16,0,1,0,10,1,0,1,16,1,0,1,10,1,16,10,0,10,16,1,16,0,1,0,10,0,1,16,0,16,10,16,1,16,0,16,10,0,1,0,16,1,16,10,1,10,0,10,1,10,16,10,0,1,0,10,0,16,0,10,0,1,10,16,1,0,1,16,10,16,0,1,0,16,0,10,0,16,0,1,16,10,1,0,16,1,16,10,16,1,16,0,16,10,0,1,10,0,16,10,16,1,10,16,0,10,0,1,10,0,10,16,1,16,0,10,0,16,0,1,0,16,0,10,16,1,16,10,16,0,10,1,16,1,10,1,0,16,0,10,0,1,0,10,0,16,10,1,10,0,1,10,1,16,1,10,1,0,10,0,16,0,1,0,10,1,0,1,16,1,10,1,16,1,0,16,1,16,10,16,0,10,0,1,0,16,0,10,0,1,10,1,16,10,0,16,1,0,16,0,10,16,1,16,10,16,0,10,1,10,0,10,16,0,1,10,1,0,1,16,10,16,0,1,0,16,10,0,10,1,0,10,0,16,0,1,0,16,0,10,16,1,16,0,10,0,1,10,1,16,1,0,1,10,0,1,0,16,0,1,0,10,0,16,10,0,10,1,0,1,16,0,1,0,10,1,0,1,16,10,1,10,0,10,16,10,0,10,1,0,10,0,16,0,10,0,1,0,16,1,0,1,10,0,16,10,0,1,10,16,0,16,10,16,1,16,10,0,1,10,16,1,10,0,1,0,16,0,1,10,0,10,16,0,10,0,1,0,16,0,1,0,10,1,0,1,16,1,10,1,16,1,0,16,10,16,0,1,0,10,16,0,1,10,1,16,10,16,0,16,10,16,1,10,16,10,0,10,1,10,16,1,0,16,10,0,10,1,10,0,16,0,1,0,10,1,16,10,0,16,0,1,16,0,16,10,1,16,1,0,1,10,0,1,0,16,0,1,0,10,0,16,10,0,10,1,0,1,16,1,10,16,10,0,10,1,0,10,0,16,0,1,0,10,1,16,10,0,16,0,1,16,0,16,10,16,1,10,1,0,10,16,0,1,0,16,10"
3,10,16,452,0,0,400000624,15.234,"0,3,0,10,0,3,0,16,0,3,0,10,3,0,3,16,3,0,3,10,3,16,10,0,10,3,0,3,16,0,16,10,16,0,16,3,0,16,0,10,0,3,10,3,16,10,0,10,3,0,10,0,16,0,3,0,10,3,0,3,16,3,0,3,10,0,10,16,0,3,0,10,16,0,16,3,16,0,16,10,16,3,10,0,10,3,10,16,10,3,0,10,0,16,0,10,3,0,3,16,3,0,3,10,3,16,0,16,10,16,3,16,10,16,0,10,3,10,16,3,16,0,3,0,10,0,16,3,16,0,10,16,10,3,10,16,0,10,0,3,10,0,10,16,10,3,10,16,10,0,16,3,16,10,3,10,0,3,10,3,16,0,16,3,10,16,10,0,16,10,16,3,16,0,16,3,16,10,3,0,3,16,0,16,10,0,16,0,3,10,0,10,16,10,0,10,3,10,0,16,3,16,0,16,10,16,0,3,16,3,10,3,0,3,16,0,3,0,10,0,3,0,16,0,10,16,0,16,3,16,10,3,0,10,3,10,16,10,3,10,0,10,16,0,10,0,3,10,3,16,0,3,0,10,0,3,0,16,0,10,3,10,16,0,16,3,0,16,0,10,0,3,0,16,3,0,3,10,3,16,3,0,16,3,16,10,0,16,0,3,0,10,0,16,10,3,10,0,16,10,16,3,10,3,0,3,16,3,10,16,3,16,0,16,3,16,10,16,0,10,16,10,3,10,0,10,16,0,16,3,16,10,16,0,16,3,0,10,0,3,0,16,0,3,10,0,10,16,10,3,10,0,3,0,16,0,3,0,10,3,0,3,16,3,10,3,16,3,0,16,3,10,16,0,10,0,3,10,0,16,10,3,10,16,0,16,10,3,16,0,3,0,10,0,16,0,10,0,3,10,0,10,16,10,3,10,16,10,0,16,10,16,3,0,16,0,10,16,10,3,10,0,3,0,16,0,3,10,16,3,16,0,16,3,10,16,10,0,16,10,3,0,16,3,16,10,3,10,0,3,16,10"
5,10,16,374,0,0,400000360,11.284,"0,5,0,10,0,5,0,16,0,5,0,10,5,0,5,16,10,0,10,5,0,10,16,0,16,5,0,10,5,10,16,5,10,5,0,16,5,16,10,16,0,16,5,0,5,10,0,5,0,16,0,10,0,16,0,5,16,0,16,10,16,0,16,5,16,10,5,0,10,16,5,16,10,16,0,16,10,16,5,10,5,0,10,5,10,16,0,10,0,5,0,16,0,10,0,5,10,5,16,10,5,10,0,5,10,5,16,10,16,0,16,5,10,0,5,16,0,5,10,0,10,16,10,5,10,16,10,0,16,10,16,5,16,10,16,0,16,5,0,5,10,5,16,10,16,0,16,5,16,0,16,10,0,16,0,5,0,10,5,16,5,0,10,5,10,16,5,16,0,16,5,16,10,5,16,0,5,10,16,10,5,10,0,10,5,16,10,5,0,5,16,0,5,0,10,5,16,5,0,10,5,10,16,5,16,0,16,10,0,16,0,5,0,16,0,10,16,10,5,0,16,0,5,0,10,0,5,0,16,5,10,5,0,10,5,10,16,5,10,5,0,10,0,16,0,5,0,16,0,10,16,5,16,10,16,0,10,5,0,10,0,16,5,10,5,0,10,5,10,16,10,5,10,0,10,16,0,5,0,10,16,10,5,16,10,16,0,16,10,16,5,16,0,5,10,0,16,5,16,0,16,10,16,0,16,5,0,5,10,0,5,0,16,5,0,5,10,16,10,5,10,0,5,16,5,0,10,0,5,16,0,16,10,16,5,10,16,10,0,10,5,10,0,10,16,0,5,10,16,5,16,0,5,0,10,5,0,5,16,0,5,0,10,5,10,16,10,5,0,5,10,5,16,0"
1,11,16,597,0,0,400000832,18.417,"0,1,0,11,0,1,0,16,0,1,0,11,1,0,1,16,1,0,1,11,1,16,11,0,11,1,0,1,16,0,1,0,11,0,16,0,11,0,1,11,0,11,16,1,0,1,11,0,11,16,11,0,11,1,11,16,0,16,11,16,0,1,0,11,0,16,0,11,0,1,11,1,16,1,0,11,0,16,11,0,11,1,11,16,1,11,1,0,1,11,1,16,1,0,16,0,11,1,16,0,11,16,11,1,11,16,0,1,16,0,16,11,16,0,16,1,16,11,1,16,1,0,1,11,1,16,11,16,0,16,1,11,0,1,0,16,0,1,0,11,0,16,11,0,11,1,16,11,16,0,16,11,16,1,16,0,11,0,1,0,16,1,16,11,16,1,16,0,16,11,1,11,16,11,1,0,1,16,1,11,16,11,0,16,11,16,1,11,16,11,0,1,0,11,0,16,11,1,16,0,11,0,1,0,16,1,11,1,16,0,16,11,16,1,11,0,1,11,1,16,1,11,1,0,11,0,16,1,0,11,1,11,16,11,0,1,11,0,16,0,11,0,1,0,11,16,1,16,0,1,16,11,0,1,11,1,16,11,0,16,11,16,1,16,11,16,0,16,1,0,11,0,16,11,0,11,1,0,1,16,1,11,1,0,1,16,0,11,0,16,0,1,0,16,11,0,11,1,0,11,0,16,1,16,0,11,16,11,1,11,0,1,11,1,16,1,0,1,11,0,1,0,16,11,16,1,0,1,11,0,1,0,16,0,1,0,11,0,16,11,0,11,1,0,1,16,0,1,0,11,16,0,16,1,16,11,16,0,11,0,1,16,0,11,16,11,1,11,0,1,0,16,0,1,0,11,1,0,1,16,11,1,11,0,11,16,0,16,1,16,11,1,16,1,0,1,11,0,1,0,16,0,11,16,0,16,1,16,0,16,11,0,11,1,0,16,1,16,11,16,0,16,11,16,1,11,16,11,0,11,1,0,1,16,0,1,11,16,11,0,16,11,16,1,16,0,1,16,1,11,1,0,1,11,1,16,11,0,1,11,16,1,16,0,1,0,11,0,16,0,1,0,11,1,11,16,11,0,16,11,16,1,0,16,0,11,16,11,1,16,1,0,1,11,1,0,1,16,0,1,0,11,0,1,0,16,0,11,16,0,16,1,0,11,0,1,16,1,11,0,11,16,11,0,1,0,11,16,0,16,1,16,0,16,11,16,1,11,16,11,0,16,1,16,0,16,11,16,0,1,16,1,11,1,16,1,0,1,11,0,11,16,0,1,0,11,16,0,16,1,16,0,16,11,16,1,11,1,0,16,11,16,1,16,0,11,0,16,0,11,1,11,0,11,16,0,16"
2,11,16,557,0,0,400000744,17.852,"0,2,0,11,0,2,0,16,0,2,0,11,2,0,2,16,2,0,2,11,2,16,11,0,11,2,0,2,16,0,2,0,11,0,16,11,2,11,0,16,0,2,16,0,16,11,0,16,0,2,11,0,11,16,11,0,11,2,11,0,16,2,0,2,11,0,11,16,0,16,2,0,2,11,16,0,2,16,0,16,11,16,0,16,2,16,11,2,16,2,0,2,11,0,16,0,2,11,2,16,11,2,11,0,16,0,11,0,16,2,16,0,16,11,2,11,16,11,0,11,16,11,2,16,0,16,11,2,11,0,2,11,2,16,11,0,11,16,11,2,16,0,16,2,11,16,2,0,16,0,11,0,2,11,2,16,2,0,2,11,0,2,0,16,0,2,0,11,0,16,11,2,16,2,0,2,16,11,16,0,16,2,16,0,16,11,0,11,2,11,16,11,0,11,2,0,2,16,0,11,0,2,16,0,16,11,16,2,11,2,0,2,16,2,0,2,11,0,2,0,16,0,2,0,11,0,16,11,0,11,2,0,2,16,0,2,0,11,16,0,16,2,16,0,16,11,16,0,2,11,2,0,2,16,2,0,2,11,0,16,0,2,16,0,16,11,0,11,2,11,16,11,0,16,11,16,2,16,0,2,16,2,11,16,11,0,11,2,0,16,0,11,16,0,16,2,0,11,2,0,2,16,2,0,2,11,2,16,11,2,11,0,11,16,0,11,0,2,16,11,16,2,16,0,2,0,11,0,16,11,0,11,2,11,16,11,0,16,11,16,2,16,11,16,0,11,0,2,16,11,16,0,16,2,16,0,16,11,0,2,0,11,16,0,11,2,0,2,16,2,11,16,11,0,16,11,16,2,16,0,16,2,16,11,2,0,11,16,0,11,2,0,2,16,2,0,2,11,2,16,0,11,16,11,2,11,16,0,11,0,2,0,16,0,2,0,11,2,0,2,16,2,11,2,0,11,2,11,16,11,2,11,0,2,0,16,0,11,0,2,11,16,11,2,11,0,11,2,16,11,16,0,16,2,16,0,16,11,0,16,2,0,11,0,2,16,2,11,2,16,0,16,11,2,11,0,16,0,2,16,0,16,11,16,2,16,11,16,0,11,16,11,2,11,0,11,16,0,16,2,16,0,11,16,11,2,16,2,0,2,16,11,2,11,0,11,16,11,2,11,0,2,0,16,0,2,0,11,0,16,11,0,11,2,11,16,2,16,0,16,2,16,11,16,0,11,16,11,2,11,0,11,16,0,2,16,2"
3,11,16,536,0,0,400000616,17.081,"0,3,0,11,0,3,0,16,0,3,0,11,3,0,3,16,3,0,3,11,3,16,11,0,11,3,0,3,16,0,3,0,11,0,16,0,11,0,3,11,0,16,3,11,16,3,16,0,11,0,16,0,3,16,3,11,3,0,3,11,3,16,11,0,3,11,16,3,16,0,3,11,0,16,11,16,3,16,11,16,0,16,3,0,16,0,11,0,3,0,11,0,16,11,0,3,11,3,16,11,16,0,11,0,3,0,16,0,3,0,11,3,0,3,16,3,0,3,11,3,16,11,0,11,3,0,3,16,0,3,0,11,16,11,0,11,16,3,16,11,16,0,3,0,11,16,11,3,11,0,11,3,11,16,3,0,3,11,0,11,16,11,3,16,3,0,16,3,16,11,16,0,16,11,16,3,11,3,0,16,0,3,0,11,16,11,0,11,3,16,0,3,0,11,0,3,0,16,0,11,16,0,16,3,16,11,16,0,11,0,3,11,0,11,16,3,16,11,16,0,16,11,16,3,11,3,0,3,16,0,3,0,11,0,16,11,3,11,0,16,11,16,3,11,3,0,11,3,11,16,11,0,11,16,11,3,16,11,16,0,3,0,11,16,11,3,16,11,16,0,16,3,16,0,16,11,0,3,0,16,11,16,3,11,16,11,0,11,3,11,16,3,11,3,0,16,0,11,0,3,16,3,11,16,3,16,0,16,11,16,0,16,3,0,16,0,11,3,11,16,0,16,3,0,16,0,11,0,3,0,16,3,0,3,11,3,16,11,0,16,3,0,16,0,11,16,3,16,11,0,11,16,3,11,3,0,3,11,16,3,16,0,3,16,11,3,0,11,0,16,0,3,0,11,3,0,3,16,3,0,3,11,3,16,11,3,11,0,3,16,3,0,3,11,0,11,16,11,0,3,0,16,0,11,16,11,3,16,11,16,0,3,16,3,11,3,0,11,3,11,16,3,16,0,16,3,11,16,11,0,11,16,3,16,0,16,11,16,0,16,3,0,3,11,16,3,0,16,0,11,0,16,0,3,0,11,3,0,3,16,3,0,3,11,3,16,11,16,0,11,0,3,0,16,3,0,3,11,3,16,11,16,0,16,11,16,3,11,16,11,0,11,3,11,16,3,11,3,0,3,16,3,0,3,11,0,3,0,16,0,3,0,11,0,16,11,16,3,11,3,0,3,11,16,3,16,0,16,11,16,3,11,0,3,16,3"
4,11,16,471,0,0,400000644,15.913,"0,4,0,11,0,4,0,16,0,4,0,11,4,0,4,16,4,0,4,11,4,16,11,0,11,4,0,4,16,0,4,0,11,0,16,0,11,0,4,11,4,16,0,4,16,11,16,0,4,16,0,11,0,4,11,4,16,4,0,4,11,4,16,11,0,11,4,0,11,0,16,11,4,16,0,11,16,4,11,4,0,4,16,0,11,16,0,16,4,16,0,16,11,0,11,4,0,11,0,16,0,4,16,11,16,0,11,16,11,4,11,16,11,0,11,4,0,4,16,4,11,0,11,16,4,16,11,16,0,16,11,16,4,11,4,0,16,11,4,0,11,0,16,0,11,0,4,0,16,4,0,4,11,4,16,11,4,11,0,16,0,11,4,0,4,16,0,4,0,11,0,16,0,11,0,4,11,0,11,16,11,4,11,0,4,0,16,0,11,16,4,16,0,11,16,11,4,11,0,4,11,4,16,4,0,4,11,0,4,0,16,0,4,0,11,0,16,11,16,4,0,4,11,0,11,16,11,4,11,16,11,0,16,11,16,4,16,0,16,11,0,11,4,16,11,0,16,0,4,0,11,16,4,11,0,4,11,16,4,16,0,16,4,16,11,16,0,11,16,11,4,11,0,11,4,11,16,4,0,4,16,11,16,0,11,16,11,4,16,4,0,4,16,4,11,16,4,16,0,16,11,16,0,16,4,0,16,11,4,11,0,4,0,16,0,4,0,11,0,16,11,4,11,0,16,11,16,4,16,0,16,11,0,11,4,0,4,16,4,0,4,11,0,4,0,16,0,11,0,4,11,0,11,16,11,4,16,0,4,0,11,0,4,0,16,0,11,16,0,16,4,16,0,16,11,0,11,4,11,16,11,0,16,11,16,4,16,0,16,11,0,16,0,4,0,11,4,11,16,4,0,16,4,16,11,4,11,0,11,16,0,16,4,16,11,16,0,11,16,11,4,11,16,11,0,11,4,0,4,16,4,11,16,11,0,16,4,16,11,4,16,4,0,4,11,0,4,0,16,0,11,0,16,0,4,16,4,11,0,16,0,4,16,0,16,11,16,0,16,4,0"
5,11,16,60,1,1,7707828,0.099,"0,16,5,0,11,16,11,5,16,5,0,5,16,11,16,5,16,11,0,11,5,0,5,16,5,0,11,0,5,0,11,16,11,0,11,16,5,16,11,16,0,11,0,5,16,5,0,5,16,11,16,5,16,0,5,0,11,16,5,11"
1,12,16,607,0,0,400000852,18.603,"0,1,0,12,0,1,0,16,0,1,0,12,1,0,1,16,1,0,1,12,1,16,12,0,12,1,0,1,16,0,1,0,12,0,16,0,12,0,1,12,0,12,16,1,0,1,12,0,12,16,12,0,12,1,12,16,0,16,12,16,0,1,0,12,0,16,0,12,0,1,12,1,16,0,12,0,1,12,0,12,16,12,0,12,1,12,16,1,0,1,16,1,12,16,0,12,1,16,12,16,0,16,12,16,1,16,0,1,0,12,0,16,0,12,0,1,12,0,12,16,1,0,16,1,16,12,0,1,16,12,1,12,0,12,1,16,0,1,16,1,12,0,16,0,1,0,12,0,1,0,16,1,12,1,0,12,1,12,16,12,0,12,1,0,12,0,16,0,1,0,12,1,0,1,16,12,16,0,12,16,12,1,16,12,16,0,1,16,1,12,1,0,1,12,1,16,12,0,12,16,12,1,12,16,0,1,0,12,1,0,16,1,16,12,16,0,16,12,16,1,12,16,12,0,12,16,12,1,12,0,1,0,16,0,12,16,1,12,0,12,16,0,16,1,16,0,16,12,16,1,0,1,16,1,0,12,0,1,0,16,12,16,0,1,16,12,0,12,1,12,0,16,0,1,0,12,0,1,0,16,1,16,12,0,16,1,0,1,12,1,16,1,12,1,0,12,1,12,16,12,0,16,0,1,12,0,16,12,16,1,16,12,16,0,16,1,0,16,0,12,0,1,0,12,0,16,12,0,1,12,16,1,12,0,1,16,12,16,0,16,1,0,1,12,0,1,16,1,0,1,12,0,12,16,12,0,12,1,0,12,0,16,0,1,0,12,1,0,1,16,1,0,1,12,0,12,16,1,0,1,12,1,16,1,12,1,0,12,0,16,12,0,12,1,16,1,12,0,1,0,16,0,1,0,12,0,16,12,16,1,16,12,16,0,16,1,0,16,0,12,0,16,0,1,0,12,1,0,1,16,1,0,1,12,1,16,12,16,0,12,0,1,16,1,12,0,1,0,16,0,12,0,1,0,16,1,16,12,16,0,16,12,16,1,12,16,12,0,12,16,12,1,12,0,1,16,0,12,16,12,1,16,12,16,0,1,16,1,12,1,16,1,0,1,12,0,1,0,16,0,12,0,1,12,16,12,1,12,0,12,1,16,0,1,16,1,12,16,0,16,12,16,1,12,0,16,1,0,16,0,12,0,16,0,1,0,12,1,0,1,16,12,1,12,0,1,0,16,0,1,0,12,1,0,1,16,1,12,1,16,1,0,16,0,12,16,1,0,12,1,12,16,12,1,12,0,12,16,0,12,0,1,0,12,0,16,12,16,1,0,1,12,1,0,16,0,1,12,0,12,16,0,16,1,12,1,0"
3,12,16,616,0,0,400000836,19.068,"0,3,0,12,0,3,0,16,0,3,0,12,3,0,3,16,3,0,3,12,3,16,12,0,12,3,0,3,16,0,3,0,12,0,16,0,12,0,3,12,0,16,3,12,16,3,16,0,3,16,12,0,3,12,0,12,16,12,0,12,3,0,3,16,3,0,3,12,3,16,12,3,12,0,3,0,16,3,16,12,16,0,16,12,16,3,12,0,12,3,12,16,3,0,12,0,3,0,16,0,3,0,12,3,12,16,12,0,16,12,16,3,16,12,16,0,16,3,0,16,0,12,16,3,12,3,0,3,16,3,12,16,0,16,12,16,3,12,3,0,12,0,16,3,0,12,3,12,16,3,12,3,0,3,16,3,0,3,12,0,3,0,16,12,0,12,3,0,3,16,3,12,16,12,0,3,12,16,0,16,3,0,16,0,12,0,16,0,3,0,12,3,0,3,16,12,3,12,0,3,0,16,0,3,0,12,3,0,3,16,3,12,3,16,3,0,16,0,12,0,3,12,16,3,0,3,12,0,12,16,12,3,12,0,3,12,3,16,0,3,0,12,0,16,12,0,12,3,0,16,0,3,0,12,0,3,16,0,16,12,16,3,12,16,12,0,3,0,12,16,0,12,3,12,16,3,12,3,0,3,16,0,3,0,12,0,16,12,0,12,3,16,3,0,16,3,16,12,16,0,16,12,16,3,12,0,16,0,12,0,3,0,12,0,16,12,3,16,12,16,0,16,12,16,3,12,3,0,12,3,12,16,12,0,12,16,12,3,16,12,16,0,16,12,16,3,16,0,3,16,3,12,0,12,3,12,0,16,0,3,0,16,12,3,16,3,0,3,16,12,3,12,0,12,3,12,16,12,0,3,16,0,12,0,16,3,16,12,3,16,0,3,12,0,3,0,16,0,3,0,12,0,16,12,3,16,0,16,12,0,12,3,12,0,16,12,16,3,16,12,16,0,16,12,3,12,0,3,0,16,3,0,3,12,3,16,12,3,12,0,12,16,12,0,12,3,0,3,16,3,0,12,0,3,0,16,12,16,3,16,12,0,12,16,3,12,3,0,3,16,3,0,3,12,0,3,0,16,12,16,3,0,16,0,12,0,16,0,3,0,12,3,0,3,16,3,0,3,12,0,12,16,0,3,0,12,3,0,3,16,3,12,3,16,3,0,16,12,0,16,3,0,12,3,12,16,12,3,0,12,0,16,0,3,0,12,3,16,12,16,0,16,12,3,16,3,0,3,12,3,16,12,0,16,3,0,16,0,12,0,16,0,3,0,12,3,0,3,16,0,16,12,16,0,3,16,3,12,3,16,3,0,3,12,0,3,0,16,0,3,0,12,3,12,16,12,0,3,16,3,0,3,16,12,16,0,16,12,3,12,16,0,12,0,3,0"
1,13,16,622,0,0,400000816,18.944,"0,1,0,13,0,1,0,16,0,1,0,13,1,0,1,16,1,0,1,13,1,16,13,0,13,1,0,1,16,0,1,0,13,0,16,13,0,13,1,0,1,16,13,16,1,0,16,0,13,0,16,0,1,0,16,13,16,1,16,0,16,1,16,13,1,13,0,1,0,16,0,1,0,13,0,16,13,0,13,1,0,1,16,1,13,16,0,13,1,13,16,1,16,0,16,1,16,13,16,0,13,1,13,16,0,13,0,1,0,13,0,16,0,1,13,16,13,0,13,1,16,1,13,1,0,13,0,16,0,1,0,13,1,0,1,16,1,13,16,1,16,0,16,1,16,13,1,13,0,1,16,13,0,16,0,1,0,16,13,0,13,1,13,16,13,0,16,13,16,1,16,13,16,0,13,0,1,13,16,0,1,16,0,16,13,16,0,1,16,1,13,1,16,0,1,0,13,0,16,1,16,13,1,13,0,13,16,1,16,13,16,0,13,0,1,0,13,0,16,0,1,13,1,0,1,16,0,16,13,16,1,16,0,1,16,1,13,1,16,1,0,1,13,0,13,16,0,1,16,0,16,13,0,13,1,13,16,0,16,13,1,16,1,0,1,13,1,0,1,16,0,1,0,13,0,16,0,13,0,1,13,0,16,13,1,16,1,0,1,16,13,1,13,0,13,1,13,16,13,0,16,1,16,0,13,0,1,13,0,16,1,16,0,16,1,13,1,0,1,16,1,0,1,13,0,13,16,13,0,13,1,0,13,0,16,0,1,0,13,1,0,1,16,1,0,1,13,0,13,16,0,13,1,0,1,16,1,13,1,16,1,0,16,1,13,16,13,0,13,1,0,13,0,16,0,1,0,13,1,0,1,16,13,16,0,16,1,0,1,13,1,0,1,16,1,13,16,1,16,0,16,13,0,1,0,13,16,0,13,1,0,1,16,1,13,1,0,13,1,13,16,13,0,16,13,16,1,16,0,16,13,0,1,0,13,16,13,1,0,1,16,0,1,0,13,1,0,1,16,13,1,13,0,13,16,13,0,13,1,0,13,0,16,0,1,16,0,16,13,1,13,0,13,16,13,0,13,1,0,1,16,1,13,16,13,0,16,13,16,1,13,16,13,0,16,0,1,0,16,13,16,1,16,0,16,1,16,13,1,13,0,13,1,16,1,13,1,0,13,0,16,1,0,13,1,13,16,13,0,13,1,0,13,0,16,0,1,0,13,1,0,1,16,1,13,1,0,13,16,13,1,16,13,16,0,16,1,16,0,16,13,0,16,0,1,13,1,16,0,1,13,0,13,16,0,13,0,1,0,16,0,1,0,13,1,0,16,13,1,16,1,0,1,16,1,13,1,0,13,1,13,16,0,16,1,16,13,1,13,0,1,13,16,13,1,13,0,1,0,16,1,0"
2,13,16,695,0,0,400000764,17.532,"0,2,0,13,0,2,0,16,0,2,0,13,2,0,2,16,2,0,2,13,2,16,13,0,13,2,0,2,16,0,2,0,13,0,16,0,13,0,2,13,0,13,16,2,0,2,13,0,13,16,13,0,13,2,13,16,0,16,13,16,0,2,0,13,0,16,0,13,0,2,13,2,16,0,2,0,13,0,16,0,2,16,0,16,13,16,2,13,0,2,0,16,0,13,0,2,13,16,13,0,2,13,2,16,2,0,16,13,0,13,2,13,0,13,16,13,2,16,13,16,0,13,2,13,0,13,16,0,16,2,0,13,0,2,16,2,13,2,0,13,16,0,16,2,16,0,13,16,13,2,13,16,13,0,13,16,2,16,0,16,13,16,0,16,2,0,2,13,2,16,13,0,13,16,2,13,16,0,16,2,0,2,13,2,0,2,16,0,2,0,13,0,16,13,0,13,2,13,16,13,0,16,0,2,0,13,16,2,16,13,16,0,16,13,2,16,2,0,16,2,16,13,0,13,2,0,13,0,16,0,2,0,16,0,13,16,0,16,2,16,13,2,0,2,16,0,2,0,13,2,0,2,16,0,16,13,0,2,0,16,13,0,13,2,13,16,13,0,13,2,0,2,16,2,0,2,13,0,2,0,16,13,16,2,16,0,2,13,0,2,0,16,0,2,0,13,0,16,13,0,13,2,0,16,0,2,0,13,2,13,16,13,2,0,13,0,16,13,16,2,16,13,0,2,13,2,16,2,13,2,0,2,16,0,2,0,13,0,2,0,16,2,16,13,16,0,2,13,0,2,0,16,0,2,0,13,0,16,13,0,13,2,13,16,2,0,2,16,13,2,16,0,2,0,13,0,16,2,0,16,13,16,2,13,16,13,0,13,16,13,2,13,0,2,13,2,16,13,0,13,16,13,2,16,2,0,16,0,13,0,2,0,16,2,13,2,0,13,0,16,0,13,0,2,13,0,13,16,13,2,13,16,13,0,16,13,16,2,0,16,0,13,0,2,13,0,13,16,2,13,2,0,2,16,0,16,13,16,2,16,13,16,0,13,16,13,2,13,16,13,0,13,2,0,13,0,16,13,16,2,13,16,13,0,16,13,16,2,0,16,0,13,0,16,0,2,0,13,2,13,16,13,2,13,0,13,16,0,13,0,2,0,13,0,16,13,16,2,0,13,0,16,0,2,13,2,0,2,16,0,16,13,16,2,13,0,13,16,0,13,0,2,13,2,16,2,0,2,13,0,2,0,16,13,0,13,2,0,2,16,0,16,13,0,16,2,16,0,16,13,0,13,2,0,2,16,0,13,0,2,13,0,13,16,13,0,13,2,13,16,2,16,0,16,13,2,0,13,16,13,2,16,2,0,2,13,2,16,13,0,13,2,0,2,16,0,2,0,13,0,16,13,16,2,16,0,2,16,2,13,16,0,13,2,13,16,2,16,0,16,13,16,2,13,16,13,0,13,16,13,2,13,0,2,16,0,16,13,0,2,13,2,16,2,0,16,13,16,2,0,16,0,13,16,13,2,13,16,0,13,0,2,0,13,16,0,16,2,0,16,13,2,13,0,2"
3,13,16,60,1,1,7707828,0.111,"0,16,3,0,13,16,13,3,16,3,0,3,16,13,16,3,16,13,0,13,3,0,3,16,3,0,13,0,3,0,13,16,13,0,13,16,3,16,13,16,0,13,0,3,16,3,0,3,16,13,16,3,16,0,3,0,13,16,3,13"
1,14,16,709,0,0,400000976,20.038,"0,1,0,14,0,1,0,16,0,1,0,14,1,0,1,16,1,0,1,14,1,16,14,0,14,1,0,1,16,0,16,14,16,0,16,1,0,16,0,14,0,1,14,1,16,14,0,14,1,0,14,0,16,0,1,0,14,1,0,1,16,1,0,1,14,0,14,16,0,1,0,14,16,0,16,1,16,0,16,14,16,1,14,0,14,1,14,16,14,1,0,14,0,16,0,14,1,0,1,16,1,0,1,14,1,16,0,16,14,16,1,16,14,16,0,14,1,14,16,1,16,0,1,0,14,0,16,1,16,0,14,16,14,1,14,16,0,14,0,1,14,0,14,16,14,1,14,16,14,0,16,1,16,14,1,14,0,1,14,1,16,0,16,1,14,16,14,0,16,14,16,1,16,0,16,1,16,14,1,0,1,16,0,1,0,14,1,14,16,14,0,14,1,14,16,1,16,0,16,14,16,1,16,0,1,14,1,16,14,1,14,0,1,0,16,1,0,1,14,0,1,0,16,1,16,14,1,16,1,0,14,1,14,16,14,0,14,1,0,14,0,16,0,14,0,1,0,16,1,14,1,0,14,0,16,14,16,1,14,1,0,1,16,1,0,1,14,0,1,0,16,0,14,0,1,14,1,16,0,16,1,16,14,16,1,16,0,1,14,1,0,1,16,0,16,14,16,1,0,14,0,1,0,16,0,1,14,0,14,16,14,1,16,14,16,0,16,14,16,1,16,0,1,16,1,14,16,0,16,14,16,1,14,0,1,0,16,1,14,16,0,1,16,1,14,1,16,1,0,1,14,0,1,0,16,0,1,0,14,1,14,16,14,1,0,1,14,1,16,14,16,0,1,16,14,1,14,0,14,1,14,16,14,0,16,14,16,1,16,14,16,0,14,0,1,14,1,16,1,14,0,1,0,16,1,0,1,14,16,14,0,16,14,1,16,1,0,16,1,16,14,16,0,16,14,16,1,14,16,14,0,1,0,16,14,16,1,14,16,14,0,14,16,14,1,14,0,1,0,16,1,14,16,14,0,14,16,1,16,0,16,1,14,0,1,16,0,1,14,0,14,16,14,0,14,1,14,0,16,0,1,0,14,0,1,0,16,1,16,14,1,0,1,14,1,16,14,0,14,16,1,16,0,16,1,14,1,0,14,0,16,14,1,14,0,16,14,16,1,16,14,16,0,16,14,1,14,0,16,0,1,16,0,16,14,16,1,16,0,1,16,1,14,1,16,1,0,1,14,0,1,0,16,14,1,14,16,14,0,16,1,0,14,1,0,16,1,16,14,16,1,16,0,16,14,0,14,1,14,16,14,0,14,1,0,16,0,1,0,14,1,16,1,14,1,0,1,14,16,0,14,16,14,1,16,0,1,16,1,14,1,16,1,0,1,14,0,1,0,16,0,1,0,14,1,14,16,1,0,16,0,14,0,1,0,14,0,16,14,0,14,1,14,16,14,0,16,0,1,14,0,1,16,1,0,14,1,14,16,14,0,16,14,16,1,16,14,16,0,16,1,0,1,14,1,0,16,14,16,1,16,0,1,0,14,0,16,14,0,14,1,14,16,14,0,16,14,16,1,0,1,14,16,14,1,14,0,14,1"
1,15,16,60,1,1,7707828,0.101,"0,16,1,0,15,16,15,1,16,1,0,1,16,15,16,1,16,15,0,15,1,0,1,16,1,0,15,0,1,0,15,16,15,0,15,16,1,16,15,16,0,15,0,1,16,1,0,1,16,15,16,1,16,0,1,0,15,16,1,15"
1,2,17,395,0,0,400000376,12.122,"0,1,0,2,0,1,0,17,0,1,0,2,1,0,1,17,2,0,2,1,0,2,17,0,17,1,0,2,1,2,17,1,2,1,0,17,1,17,2,17,0,17,1,0,1,2,0,1,0,17,0,2,0,17,0,1,17,0,17,2,17,0,17,1,17,2,1,0,2,17,1,17,2,17,0,17,2,17,1,2,1,0,2,1,2,17,1,2,1,0,2,0,17,0,1,0,17,0,2,17,2,1,17,2,17,0,17,1,0,17,0,2,0,17,0,1,0,2,1,2,17,2,1,0,17,0,1,0,2,0,1,0,17,1,2,1,0,2,1,2,17,2,1,2,0,1,0,17,0,2,17,0,17,1,2,0,1,2,1,17,0,17,2,17,1,2,1,0,2,1,2,17,2,0,2,17,2,1,17,2,17,0,17,2,17,1,17,0,1,17,1,2,1,0,1,17,0,17,2,17,0,17,1,17,2,1,2,0,2,1,2,17,1,2,0,1,0,17,0,1,0,2,0,17,1,17,2,17,0,2,1,0,1,17,1,2,17,1,17,0,17,2,17,0,17,1,0,17,0,2,0,17,0,1,0,2,1,0,1,17,0,17,2,17,1,0,1,2,0,1,17,2,17,0,2,17,2,1,2,0,1,0,17,0,1,0,2,1,0,1,17,2,1,2,0,2,1,2,17,2,1,0,17,1,17,2,1,2,0,1,0,17,2,0,17,1,17,0,2,17,2,1,17,2,17,0,17,1,17,0,17,2,0,17,0,1,0,17,0,2,0,1,2,1,17,2,1,2,0,1,2,1,17,2,17,0,17,1,0,1,2,0,1,0,17,0,2,0,17,0,1,17,0,17,2,17,1,17,0,1,0,2,1,2,17,0,17,1,2,1,0,17,0,2,1"
1,3,17,590,0,0,400000732,16.657,"0,1,0,3,0,1,0,17,0,1,0,3,1,0,1,17,1,3,1,0,3,0,17,0,1,0,17,0,3,17,0,1,17,1,3,1,0,3,0,17,0,1,3,17,3,1,3,0,3,1,3,17,1,0,1,3,0,1,0,17,0,1,0,3,0,17,3,0,3,1,0,17,1,3,17,3,0,17,3,17,1,0,17,0,3,0,1,0,17,0,3,17,1,17,0,1,17,1,3,17,0,3,1,3,17,0,17,1,17,3,1,3,0,3,17,3,0,3,1,0,1,17,0,3,0,17,1,0,17,3,17,1,3,1,0,1,17,0,1,0,3,0,17,0,1,17,0,17,3,17,0,17,1,0,1,3,0,17,1,3,17,1,17,0,17,1,17,3,17,0,3,1,3,17,1,17,0,17,3,0,3,1,0,3,0,17,0,1,0,17,0,3,17,0,17,1,3,1,0,17,1,17,3,17,0,3,17,3,1,17,1,0,3,1,3,17,3,0,3,1,0,1,17,0,1,3,0,3,17,3,1,0,17,1,17,3,17,1,0,17,0,3,0,1,0,17,1,0,1,3,1,17,1,3,1,0,3,1,3,17,3,1,3,0,3,17,0,1,0,3,1,0,1,17,0,1,0,3,1,3,17,0,3,0,1,0,3,0,17,0,1,17,3,1,0,17,0,1,0,3,0,1,0,17,1,17,3,1,0,1,3,1,17,3,0,17,3,1,17,0,1,0,3,1,0,17,3,17,0,17,1,17,0,3,17,3,1,3,17,3,0,3,1,0,3,0,17,1,0,1,3,1,17,3,17,0,1,3,0,1,0,17,0,1,0,3,0,17,3,0,3,1,0,1,17,3,1,0,3,0,17,3,17,1,17,0,1,17,1,3,0,1,0,17,0,3,0,17,0,1,17,0,17,3,17,1,17,0,1,17,1,3,0,3,17,1,17,0,3,0,17,1,0,1,3,1,0,1,17,1,3,17,3,0,17,3,1,17,1,0,17,1,17,3,17,0,17,3,17,1,3,17,3,0,3,17,3,1,3,0,1,17,1,0,1,3,1,0,17,1,17,3,17,1,17,0,17,3,0,1,0,17,1,0,1,3,1,0,1,17,0,17,3,1,17,1,0,1,3,1,17,3,1,3,0,17,3,17,1,17,3,17,0,17,1,0,1,3,1,0,1,17,0,1,0,3,17,1,3,17,3,0,3,17,3,1,3,0,1,3,1,17,0,1,0,3,0,1,0,17,0,3,17,3,1,3,0,3,17,0,1,0,17,3,17,0,1,17,3,1,17,1,0,17,3,17,0,1,0,3,0,1,17,1,0,1,3,0,1,0"
2,3,17,473,0,0,400000616,14.846,"0,2,0,3,0,2,0,17,0,2,0,3,2,0,2,17,2,0,2,3,2,17,3,0,3,2,0,2,17,0,2,0,3,17,0,17,2,17,0,17,3,17,0,2,3,0,3,17,0,2,3,2,17,2,0,3,17,3,2,3,0,3,2,3,17,2,0,2,3,0,2,0,17,0,2,0,3,0,17,3,0,3,2,0,2,17,0,17,3,2,0,3,17,3,2,17,2,0,17,2,17,3,0,17,0,2,0,17,0,3,0,2,3,2,17,0,2,17,3,17,0,3,17,3,2,3,0,3,2,3,17,2,0,2,3,0,3,17,0,17,2,0,2,3,17,2,17,0,17,2,17,3,17,0,3,17,3,2,17,2,0,2,3,17,3,2,3,17,0,17,3,17,0,2,0,3,17,3,2,3,0,3,2,3,17,2,0,2,3,0,2,0,17,0,3,0,2,3,2,17,0,3,2,17,3,17,0,17,3,17,2,17,0,2,17,2,3,0,2,0,17,0,2,0,3,0,2,17,3,2,3,0,2,17,3,17,2,17,0,3,0,2,3,0,3,17,0,3,0,2,3,2,17,3,2,3,0,2,3,2,17,0,2,0,3,0,2,0,17,0,2,3,17,3,2,3,0,3,2,17,0,2,0,3,0,2,0,17,0,3,17,0,17,2,0,3,0,2,0,17,2,3,2,17,0,2,17,3,2,3,0,3,17,3,0,3,2,0,17,0,2,3,2,17,2,0,17,0,3,17,0,17,2,17,3,17,2,17,0,2,3,17,3,2,3,0,17,0,3,0,2,17,2,0,3,2,3,17,3,2,3,0,3,2,17,2,0,2,3,2,0,2,17,0,17,3,2,17,2,0,2,3,0,2,0,17,0,3,0,17,0,2,17,2,3,17,0,17,3,2,3,0,17,0,3,0,2,17,2,3,2,0,2,3,2,17,3,17,0,3,2,3,0,17,0,3,0,2,17,2,3,17,3,0,17,3,17,2,17,0,17,2,17,3,2,17,0,3,0,17,0,2,3,2,0,2,3,17,0,3,17,3,2,17,3,0,2,17,2,0,2,17,3"
1,4,17,740,0,0,400000980,18.858,"0,1,0,4,0,1,0,17,0,1,0,4,1,0,1,17,1,0,1,4,1,17,4,0,4,1,0,1,17,0,1,0,4,0,17,0,4,0,1,4,0,17,1,4,17,1,17,0,1,17,4,0,1,4,0,4,17,4,0,4,1,0,1,17,1,0,1,4,1,17,4,1,4,0,1,0,17,1,17,4,17,0,17,4,17,1,4,0,4,1,4,17,1,0,4,0,1,0,17,0,1,0,4,1,4,17,4,0,17,4,17,1,17,4,17,0,17,1,0,17,0,4,17,1,4,1,0,1,17,1,4,17,0,17,1,0,17,0,4,17,0,17,1,0,1,4,0,1,0,17,4,0,4,1,4,17,1,4,1,0,1,4,1,17,1,0,17,0,4,0,17,0,1,0,4,1,0,1,17,1,0,1,4,0,4,17,0,4,0,1,4,0,4,17,0,17,1,0,17,4,0,4,1,4,17,1,4,1,0,17,1,17,4,17,1,17,0,17,4,0,17,0,1,0,4,0,17,4,17,1,4,1,0,1,17,1,0,1,4,0,4,17,0,1,0,4,17,0,17,1,0,17,0,4,1,4,0,17,4,17,1,17,4,0,17,0,1,17,0,17,4,17,1,17,4,17,0,4,17,4,1,4,0,1,17,0,1,0,4,17,1,17,4,17,0,17,4,1,17,1,0,1,17,1,4,1,0,4,1,4,17,0,4,17,1,17,0,1,17,1,4,0,4,17,0,4,0,1,0,17,1,0,1,4,1,17,4,1,4,0,4,17,4,0,4,1,0,17,1,4,17,4,0,17,4,17,1,0,17,0,4,0,1,0,17,1,0,1,4,1,17,1,0,17,1,17,4,17,0,4,17,4,1,4,17,4,0,17,0,1,0,4,17,4,1,17,4,17,0,17,4,17,1,17,0,1,17,1,4,17,0,17,4,17,1,17,4,0,17,0,1,0,17,0,4,0,17,1,17,4,0,4,1,0,4,0,17,4,1,17,4,17,0,17,4,17,1,17,0,1,17,1,4,17,0,4,17,1,17,4,0,17,0,1,0,4,0,17,0,1,17,1,4,1,0,1,4,1,17,4,0,1,0,4,0,17,4,0,1,17,1,4,17,4,0,17,1,17,0,17,4,0,1,17,1,4,17,4,0,4,17,4,1,4,0,1,4,1,17,4,17,0,1,17,1,4,1,17,1,0,1,4,0,1,0,17,4,0,4,1,0,1,17,1,0,1,4,0,1,0,17,0,4,0,17,0,1,17,0,4,1,4,17,1,4,1,0,1,4,1,17,1,0,17,0,4,17,1,17,0,4,17,4,1,4,17,4,0,4,17,1,17,0,4,17,0,1,0,4,1,0,1,17,1,4,1,0,4,17,4,0,1,0,17,1,17,4,17,1,17,0,1,17,1,4,0,1,0,17,0,4,17,0,17,1,17,0,17,4,17,1,4,17,4,0,17,1,17,0,17,4,0,1,0,4,17,0,4,1,4,17,1,4,1,0,17,4,0,1,0,17,1,17,4,17,0,1,0,17,0,4,0,17,0,1,17,4,1,4,0,1,0,17,0,1,4,1,17,1,0,1,17,1,4,17,4,0,17,1,17,0,17,4,0,4,1,4,17,4,1,4,0,1,4,1,17,0,17,4,17,0,1,0,4,0,17,1,4,1,17"
2,4,17,395,0,0,400000336,11.529,"0,2,0,4,0,2,0,17,0,2,0,4,2,0,2,17,4,0,4,2,0,4,17,0,17,2,0,4,2,4,17,2,4,2,0,17,2,17,4,17,0,17,2,0,2,4,0,2,0,17,0,4,0,17,0,2,17,0,17,4,17,0,17,2,17,4,2,0,4,17,2,17,4,17,0,17,4,17,2,4,2,0,4,2,4,17,2,4,2,0,4,0,17,0,2,0,17,0,4,17,4,2,17,4,17,0,17,2,0,17,0,4,0,17,0,2,0,4,2,4,17,4,2,0,17,0,2,0,4,0,2,0,17,2,4,2,0,4,2,4,17,4,2,4,0,2,0,17,0,4,17,0,17,2,4,0,2,4,2,17,0,17,4,17,2,4,2,0,4,2,4,17,4,0,4,17,4,2,17,4,17,0,17,4,17,2,17,0,2,17,2,4,2,0,2,17,0,17,4,17,0,17,2,17,4,2,4,0,4,2,4,17,2,4,0,2,0,17,0,2,0,4,0,17,2,17,4,17,0,4,2,0,2,17,2,4,17,2,17,0,17,4,17,0,17,2,0,17,0,4,0,17,0,2,0,4,2,0,2,17,0,17,4,17,2,0,2,4,0,2,17,4,17,0,4,17,4,2,4,0,2,0,17,0,2,0,4,2,0,2,17,4,2,4,0,4,2,4,17,4,2,0,17,2,17,4,2,4,0,2,0,17,4,0,17,2,17,0,4,17,4,2,17,4,17,0,17,2,17,0,17,4,0,17,0,2,0,17,0,4,0,2,4,2,17,4,2,4,0,2,4,2,17,4,17,0,17,2,0,2,4,0,2,0,17,0,4,0,17,0,2,17,0,17,4,17,2,17,0,2,0,4,2,4,17,0,17,2,4,2,0,17,0,4,2"
3,4,17,713,0,0,400000956,18.906,"0,3,0,4,0,3,0,17,0,3,0,4,3,0,3,17,3,0,3,4,3,17,4,0,4,3,0,3,17,0,3,0,4,0,17,0,4,0,3,4,0,17,3,4,17,3,17,0,3,17,4,0,3,4,0,4,17,4,0,4,3,4,17,3,0,3,17,3,4,17,4,0,3,4,0,17,0,3,4,0,3,17,3,4,17,3,17,0,17,3,17,4,17,0,4,0,3,0,4,0,17,0,3,4,3,0,3,17,0,4,17,0,17,3,4,3,0,4,3,4,17,4,0,4,17,4,3,17,0,4,0,17,0,3,0,17,4,3,17,4,17,0,17,4,17,3,17,0,3,17,3,4,0,3,0,17,0,4,0,17,0,3,17,3,4,3,0,3,4,3,17,4,17,0,4,0,3,4,0,17,4,17,3,17,4,17,0,17,3,0,17,0,4,0,3,0,17,3,4,17,3,17,0,17,3,17,4,17,0,4,17,4,3,17,0,3,17,3,4,3,17,3,0,17,0,4,3,0,17,3,17,4,17,0,4,17,4,3,4,17,4,0,4,3,0,3,17,3,0,4,0,17,4,0,4,3,17,3,0,17,3,17,4,17,3,17,0,17,4,0,17,0,3,4,0,4,17,0,17,3,0,3,4,0,4,17,3,4,3,0,3,4,3,17,3,0,17,4,17,0,17,3,0,17,4,3,0,3,17,0,17,4,0,4,3,0,3,17,0,4,0,3,4,0,4,17,0,4,0,3,4,3,17,4,3,4,0,3,4,3,17,0,3,0,4,0,17,4,17,3,17,0,17,3,17,4,3,17,3,0,3,17,3,4,3,0,4,17,0,4,0,3,0,4,0,17,0,3,17,0,17,4,3,17,3,0,3,4,0,4,17,4,0,4,3,0,4,0,17,0,3,0,4,3,0,3,17,3,0,3,4,0,4,17,0,3,17,3,4,3,0,4,3,4,17,4,0,4,3,0,4,0,17,0,3,0,4,3,17,3,4,3,0,4,0,17,3,4,0,17,4,17,3,17,4,0,17,0,3,0,17,0,4,0,3,4,3,17,3,0,4,0,17,3,0,4,3,4,17,3,4,3,0,17,3,17,4,17,0,17,4,17,3,4,17,0,3,4,0,4,17,4,0,4,3,4,17,3,4,3,0,3,17,3,4,17,0,4,3,17,4,0,17,0,3,0,4,0,17,4,3,4,0,17,4,17,3,4,3,0,3,4,3,17,3,0,17,4,17,0,17,3,17,0,4,17,4,3,17,4,17,0,17,3,17,0,17,4,0,17,0,3,0,4,0,3,0,17,3,4,17,3,17,0,17,3,17,4,17,0,4,3,4,0,4,17,0,3,4,3,0,3,17,3,0,4,3,4,17,4,3,4,0,4,3,17,3,0,4,0,17,4,0,4,3,0,4,0,17,3,0,3,4,3,0,3,17,3,4,17,0,17,3,0,17,0,4,0,3,4,3,17,4,3,0,4,0,17,4,17,3,17,4,17,0,17,3,0,17,0,4,3,4,17,0,4,0,3,0,17,0,3,0,4,3,0,17,3,17,4,3,4,0,3,17,3,0,4,0,3,0,17,4,17,3,17,4,0,4,17,3,17,4"
1,5,17,753,0,0,400001028,21.756,"0,1,0,5,0,1,0,17,0,1,0,5,1,0,1,17,1,0,1,5,1,17,5,0,5,1,0,1,17,0,1,0,5,0,17,0,5,0,1,5,0,5,17,1,0,1,17,1,5,1,17,1,0,17,5,17,0,1,0,5,0,17,5,1,5,17,5,0,5,17,1,0,1,5,1,17,0,17,5,17,1,17,5,17,0,5,0,1,0,17,0,1,0,5,1,0,1,17,1,5,17,0,17,1,0,1,5,0,5,17,5,1,0,1,5,17,1,17,0,17,1,17,5,17,1,0,5,1,17,5,1,5,0,5,1,5,17,5,0,17,5,17,1,0,17,0,5,0,1,0,17,1,17,5,17,1,0,1,17,1,5,17,5,0,5,17,1,0,17,1,17,5,17,1,17,0,17,5,0,17,0,1,5,0,5,17,0,17,1,17,5,17,0,5,17,5,1,0,1,17,1,5,17,5,0,5,1,5,0,5,17,0,1,0,5,1,0,1,17,0,5,17,1,17,5,0,5,17,1,5,1,0,1,17,1,5,17,5,0,17,5,17,1,17,0,17,1,17,5,1,17,1,0,5,0,17,1,0,1,5,1,17,5,1,5,0,5,17,0,17,1,17,5,17,1,17,0,1,0,5,0,17,0,5,0,1,5,17,5,0,1,0,17,1,0,1,5,0,1,0,17,5,0,5,1,5,0,5,17,5,0,1,17,0,5,0,1,17,1,0,5,1,17,5,1,5,0,5,1,5,17,5,0,17,5,17,1,0,5,1,5,17,1,17,0,17,1,5,17,5,0,17,0,1,0,5,0,17,5,0,5,1,17,5,17,0,5,0,1,5,1,17,1,5,1,0,1,17,0,1,0,5,1,17,5,0,17,0,1,0,17,0,5,0,1,5,0,5,17,1,5,1,0,5,0,17,0,1,0,5,1,0,1,17,1,0,1,5,1,17,5,1,5,0,1,0,17,0,1,5,0,5,17,5,1,5,0,1,5,1,17,0,17,1,17,0,5,1,5,17,5,0,17,0,1,0,17,0,5,0,1,5,0,5,17,5,1,5,0,1,0,17,1,0,1,5,1,17,5,1,5,0,1,17,0,17,5,0,5,1,5,17,5,0,17,5,17,1,17,0,17,5,0,1,5,17,5,1,0,1,17,5,17,1,17,0,5,0,1,0,17,0,1,0,5,1,5,17,5,0,5,1,0,5,0,17,0,1,0,17,0,5,17,1,0,17,5,0,5,1,0,1,17,1,5,1,17,1,0,17,1,5,17,0,5,17,1,5,0,17,0,1,17,0,17,5,17,0,17,1,17,5,1,17,1,0,17,5,17,0,17,1,17,0,5,17,5,1,5,17,5,0,5,1,0,17,0,1,0,5,1,5,17,0,17,5,1,17,1,0,1,5,1,0,1,17,0,1,0,5,0,17,0,5,0,1,5,17,5,0,17,5,17,1,17,5,17,0,5,0,1,17,0,17,5,17,1,17,0,1,17,1,5,1,0,5,17,0,1,0,5,1,5,17,5,1,0,1,5,1,17,0,17,5,1,17,1,0,1,5,1,0,1,17,0,1,0,5,0,1,0,17,0,5,17,1,17,5,0,5,1,5,0,17,0,1,0,5,1,17,1,5,1,0,1,5,17,0,17,1,17,5,1,0,1,5,17,1,5,0,5,17,0,17,1,17,0,17,5,17,1,5,0"
2,5,17,534,0,0,400000688,17.166,"0,2,0,5,0,2,0,17,0,2,0,5,2,0,2,17,2,0,2,5,2,17,5,0,5,2,0,2,17,0,2,0,5,0,17,0,5,0,2,5,0,5,17,2,0,2,17,2,5,2,17,2,0,17,5,17,0,2,0,5,0,17,5,2,5,17,5,0,5,17,2,0,2,5,2,17,0,17,2,5,17,0,5,0,2,0,5,17,0,17,2,17,5,17,0,5,17,5,2,0,5,0,17,0,5,0,2,0,17,2,17,5,17,0,5,0,2,0,17,2,0,2,5,2,17,2,0,17,5,0,5,2,5,17,0,5,17,2,17,5,17,0,17,5,2,0,2,17,0,17,5,17,2,17,5,17,0,5,17,5,2,0,5,0,17,0,2,0,5,0,17,5,17,2,17,0,17,2,17,5,2,0,17,0,2,0,5,0,2,0,17,2,17,5,17,2,17,0,2,17,2,5,2,0,2,5,2,17,5,0,2,0,5,0,17,0,5,0,2,5,2,17,2,5,0,5,2,5,17,2,17,0,5,17,2,0,2,5,0,2,17,0,5,17,0,2,17,2,5,17,2,17,0,5,17,5,2,5,17,5,0,5,2,0,5,0,17,5,2,5,17,0,17,2,0,2,5,2,0,17,0,2,0,5,2,5,17,5,0,5,2,0,5,0,17,0,2,0,5,2,0,2,17,2,0,2,5,0,5,17,0,2,17,2,5,2,0,5,2,5,17,2,17,0,17,5,0,5,2,5,0,5,17,0,5,0,2,0,17,2,0,2,5,2,17,2,0,17,0,5,2,5,17,5,0,17,2,17,0,17,5,0,2,17,5,2,17,2,0,2,17,5,2,5,0,5,2,5,17,5,0,17,5,17,2,17,0,17,2,17,5,2,0,17,5,2,5,0,2,5,17,0,2,17,0,17,5,17,0,17,2,17,5,2,17,2,0,2,5,2,0,2,17,0,2,5,0,5,17,5,2,0,2,5,2,17,5,17,0,17,5,2,0,5,0,17,0,5,0,2,0,17,2,0,2,5,2,0,2,17,0,17,5,2,0,2,5,2,17,2,5,0,2,5,17,5,0,17,5,17,2,0,2,17,2,5,2,17,2,0,17,0,5,0,2,0,5,0,17,5,2,17,5,17,0,17,5,17,2,17,0,2,17,2,5,2,17,2,0,2,5,0,5,17,0,2,5,17,2,17,0,2,17,5"
3,5,17,623,0,0,400000792,14.963,"0,3,0,5,0,3,0,17,0,3,0,5,3,0,3,17,3,0,3,5,3,17,5,0,5,3,0,3,17,0,3,0,5,0,17,0,5,0,3,5,0,5,17,3,0,3,17,3,5,3,17,3,0,17,5,17,0,3,0,5,0,17,5,3,5,17,5,0,5,17,3,0,3,5,3,17,0,17,3,5,17,0,5,0,3,0,5,17,0,17,3,17,0,17,5,17,0,3,0,5,17,5,3,0,5,17,3,17,0,17,5,3,0,3,5,3,17,3,5,0,3,0,17,0,3,0,5,0,17,3,5,3,0,5,0,17,0,5,0,3,5,0,5,17,3,5,3,0,3,17,3,5,17,5,0,17,5,17,3,17,0,3,5,3,0,3,17,3,0,5,17,5,3,5,0,3,0,17,0,3,0,5,0,17,5,17,3,17,0,17,3,17,5,3,17,3,0,3,17,3,5,3,0,5,0,17,5,3,17,5,17,0,17,5,17,3,17,0,3,17,3,5,17,0,5,17,3,17,5,0,17,0,3,0,5,0,17,0,3,17,3,5,0,3,0,17,0,5,0,3,5,0,5,17,5,3,17,3,0,3,5,3,17,3,0,17,5,17,3,5,17,5,0,17,3,0,3,5,0,3,0,17,0,5,17,0,17,3,5,17,5,0,17,0,3,17,3,5,17,5,0,3,5,3,17,3,0,3,17,3,5,17,0,17,5,17,3,17,5,0,17,0,3,17,0,17,5,17,3,17,5,17,0,5,17,5,3,0,17,3,5,3,17,0,17,5,0,17,0,3,0,5,0,17,5,0,5,3,5,17,3,0,17,3,5,17,5,0,17,5,17,3,17,0,17,3,17,5,3,17,0,3,0,5,0,17,3,17,0,5,17,3,5,17,5,0,17,0,3,5,3,0,3,17,3,0,3,5,0,17,0,5,0,3,0,5,17,0,17,3,17,5,17,3,17,0,3,0,5,0,3,17,5,17,0,5,17,5,3,5,0,3,0,17,5,17,3,5,3,0,3,17,3,0,3,5,0,3,0,17,5,17,3,0,3,5,0,3,0,17,0,3,0,5,0,17,5,0,5,3,17,3,5,0,3,17,0,17,5,17,0,17,3,17,5,0,3,0,17,3,0,3,5,3,0,3,17,3,5,17,3,17,0,17,3,17,5,3,5,0,3,17,5,17,0,17,3,17,0,17,5,0,3,0,17,3,17,5,3,17,3,0,3,5,0,5,17,5,0,3,0,17,3,0,5,17,5,3,17,5,17,0,17,3,17,0,17,5,0,5,3,0,5,0,17,5,0,5,3,0,3,17,3,0,5,0,17,0,3,17,3,5,17,5,0,3,5,3,17,3,0,3,5,0,5,17,3,5,0,3,0,17,0,3,0,5,0,3,17,3,5,0,3"
4,5,17,582,0,0,400000744,16.451,"0,4,0,5,0,4,0,17,0,4,0,5,4,0,4,17,4,0,4,5,4,17,5,0,5,4,0,4,17,0,4,0,5,0,17,5,0,5,4,0,4,17,5,17,4,0,17,0,5,0,17,0,4,0,17,5,17,4,17,0,17,4,17,5,4,5,0,4,0,17,0,4,0,5,0,17,5,0,5,4,0,4,17,4,5,17,0,5,4,5,17,4,17,0,17,5,17,4,5,0,5,17,0,17,4,0,4,5,0,5,17,0,4,0,5,17,0,17,4,17,0,17,5,17,4,0,5,0,17,5,17,4,17,5,17,0,5,17,5,4,0,5,0,17,0,4,17,4,5,0,4,17,0,17,5,17,4,5,17,5,0,5,17,5,4,5,0,4,0,17,4,5,0,5,17,0,5,0,4,0,17,0,4,0,5,4,0,4,17,5,17,0,4,17,4,5,4,0,5,4,5,17,0,17,5,17,0,4,5,0,4,0,17,0,4,5,17,4,17,0,17,4,17,5,17,0,5,17,5,4,17,4,0,4,5,0,5,17,5,0,4,0,17,0,5,17,4,5,17,5,0,4,17,4,0,4,5,4,0,4,17,0,5,0,4,5,4,17,5,4,5,0,5,17,5,0,5,4,0,4,17,5,0,5,4,0,5,0,17,0,5,0,4,5,4,17,0,4,0,5,4,0,4,17,5,17,0,17,5,4,5,0,4,5,4,17,4,0,4,5,0,5,17,0,4,0,5,4,0,4,17,4,5,4,17,4,0,17,4,17,5,17,0,5,17,5,4,0,4,17,0,4,0,5,0,17,0,5,0,4,5,0,5,17,5,0,5,4,5,17,4,0,4,5,0,5,17,0,17,4,0,5,4,0,4,17,4,0,4,5,4,17,5,17,0,4,0,5,17,5,4,0,4,5,17,4,17,0,17,4,17,5,17,0,5,17,5,4,5,17,5,0,5,4,0,4,17,5,0,5,17,5,4,17,0,17,4,17,5,17,4,0,17,0,5,17,0,17,4,17,5,17,4,17,0,4,17,4,5,4,0,5,4,5,17,0,5,17,4,17,0,17,5,0,4,5,0,5,17,5,0,5,4,0,4,17,4,5,0,5,17,0,5,0,4,0,17,0,4,0,5,4,0,4,17,4,5,4,0,5,0,17,5,4,5,0,17,5,17,4,17,5,17,0,17,4,0,17,0,5,17,5,4,0,4,17,4,5,4,17,4,0,17,5,17,0,17,4,0,5,4,0,4,17,0,5,0,17,4,17,0,17,5,4,5,0,5,4,17,4,5,4,0,5,0,17,0,4,0,17,0,5"
1,6,17,638,0,0,400000744,18.210,"0,1,0,6,0,1,0,17,0,1,0,6,1,0,1,17,1,0,1,6,1,17,6,0,6,1,0,1,17,0,1,0,6,0,17,0,6,0,1,6,0,6,17,1,0,1,17,1,6,1,17,1,0,17,6,17,0,1,0,6,0,17,6,1,17,6,17,0,6,0,1,0,17,0,1,0,6,1,17,1,0,17,0,6,17,6,1,17,6,17,0,17,1,17,0,17,6,0,1,0,17,1,17,6,1,6,0,1,6,1,17,1,0,1,17,1,6,17,0,1,6,0,1,0,17,0,1,6,0,6,17,6,1,0,1,6,17,1,17,0,1,17,1,6,0,6,17,0,6,0,1,0,17,0,6,17,0,17,1,17,0,17,6,0,6,1,6,17,6,0,6,1,0,1,17,1,6,17,0,6,1,6,17,1,17,0,17,1,17,6,17,0,6,17,6,1,6,0,6,17,0,17,1,17,0,17,6,0,17,0,1,6,17,6,0,6,1,6,0,6,17,0,17,1,6,17,1,0,1,6,0,1,0,17,0,1,0,6,0,17,6,0,6,1,17,6,17,0,17,1,17,6,1,0,6,0,17,0,1,0,17,0,6,17,0,17,1,17,0,17,6,17,1,6,17,6,0,1,17,0,17,6,0,1,17,1,6,1,0,1,6,1,17,6,0,6,1,0,1,17,1,0,1,6,0,1,0,17,0,6,0,1,6,17,1,17,0,17,6,17,1,6,0,6,17,0,6,0,1,0,17,0,1,0,6,1,6,17,0,1,0,6,1,0,1,17,1,0,1,6,0,6,17,6,1,6,0,1,6,1,17,1,0,1,17,1,6,17,0,6,1,6,0,17,0,1,6,0,17,1,17,6,1,6,0,6,1,17,6,17,0,17,1,17,0,17,6,0,1,17,0,6,17,6,1,6,0,1,0,17,0,6,0,1,6,0,6,17,6,1,17,6,17,0,6,0,1,17,1,0,6,1,6,17,1,6,1,0,1,17,1,0,1,6,0,1,0,17,0,6,0,17,0,1,17,6,17,0,1,17,1,6,1,0,1,17,0,6,0,17,0,1,17,6,0,6,1,0,6,0,17,0,1,0,17,0,6,17,0,17,1,6,1,0,17,0,6,17,0,17,1,17,0,17,6,17,1,6,17,6,0,17,0,1,17,6,17,0,1,17,1,6,1,17,1,0,1,6,0,17,0,1,17,0,17,6,17,1,17,6,17,0,6,1,6,17,0,17,1,0,17,0,6,1,6,17,0,6,0,1,0,17,0,6,0,1,6,1,17,1,0,1,17,1,6,17,6,0,6,1,6,17,6,0,17,0,1,0,6,17,6,1,17,6,17,0,17,1,17,6,1,17,1,0,6,1,6,17,6,0,6,1,0,17,1,17,6,17,1,0,17,0,6,0,17,0,1,0,17,6,17,1,17,0,17,1,17,6"
2,6,17,564,0,0,400000532,15.540,"0,2,0,6,0,2,0,17,0,2,0,6,2,0,2,17,2,6,2,0,6,0,17,0,2,0,17,0,6,17,0,2,17,2,6,2,0,6,0,17,0,2,6,17,6,2,6,0,6,2,6,17,2,0,2,6,0,2,0,17,0,2,0,6,0,17,6,0,6,2,0,17,2,6,17,6,0,17,6,17,2,0,17,0,6,0,2,0,17,0,6,17,2,17,0,2,17,2,6,17,0,6,2,6,17,0,17,2,17,6,2,6,0,6,17,6,0,6,2,0,2,17,0,6,0,17,2,17,6,17,0,2,6,0,2,0,17,0,2,0,6,2,6,17,2,6,2,0,6,2,6,17,0,6,0,2,6,2,17,6,17,0,6,0,2,6,17,6,0,17,6,17,2,17,0,2,17,2,6,0,2,6,17,6,0,17,6,17,2,17,6,17,0,17,2,0,6,0,17,6,17,2,17,0,2,0,6,2,0,2,17,0,2,0,6,2,6,17,6,0,6,2,0,17,0,6,17,6,2,6,17,6,0,17,6,2,17,2,0,17,2,17,6,0,17,0,2,0,6,0,17,0,2,17,6,17,0,6,17,6,2,17,2,0,17,2,17,6,17,0,17,6,17,2,6,17,6,0,2,0,17,6,17,2,6,17,6,0,6,17,6,2,6,0,2,0,17,2,6,2,17,0,17,2,6,17,6,0,17,6,17,2,17,0,17,2,17,6,2,17,2,0,2,6,2,0,2,17,0,2,6,0,17,2,17,6,2,6,0,2,0,17,6,0,6,2,6,0,6,17,6,2,17,6,17,0,17,6,17,2,6,2,0,17,0,6,2,0,2,17,2,6,17,0,17,2,6,2,0,6,0,17,6,0,6,2,6,17,6,2,6,0,2,6,2,17,0,2,0,6,0,2,0,17,0,6,2,6,17,0,6,2,0,2,17,2,6,0,6,2,17,6,17,0,17,6,2,17,2,0,17,0,6,0,17,0,2,0,6,2,0,2,17,6,17,0,2,0,6,2,0,2,17,2,6,2,0,6,2,6,17,6,0,6,17,6,2,17,6,17,0,17,2,17,0,17,6,0,2,0,17,6,17,2,6,2,0,6,17,6,2,0,6,0,17,0,2,0,17,0,6,17,0,17,2,6,2,0,17,2,17,6,17,0,17,6,17,2,6,17,0,6,0,2,0,17,6,17,2,6,17,6,0,6,17,6,2,6,0,2,6,2,17,2,0,17,0,6,0,2,17,6,17,2,17,0,2,17,6,0,6,17,6,0"
3,6,17,466,0,0,400000372,11.747,"0,3,0,6,0,3,0,17,0,3,0,6,3,0,3,17,6,0,6,3,0,6,17,0,17,3,0,6,3,6,17,3,6,3,0,17,3,17,6,17,0,17,3,0,3,6,0,3,0,17,0,6,0,17,0,3,17,0,17,6,17,0,17,3,17,6,3,6,0,17,3,17,0,17,6,0,3,0,6,0,17,0,6,3,17,6,3,6,0,6,3,17,6,17,0,17,6,3,0,3,17,0,17,6,17,3,17,6,17,0,6,17,6,3,0,3,17,6,17,0,6,17,6,3,6,17,6,0,6,3,0,6,0,17,3,17,6,0,6,3,0,6,0,17,0,3,0,17,0,6,17,3,17,0,6,0,3,6,0,6,17,6,3,17,6,17,0,17,3,17,0,17,6,0,17,0,3,0,17,0,6,0,3,6,0,6,17,0,3,0,17,6,0,17,3,17,6,17,0,6,0,3,0,6,17,6,3,6,0,3,0,17,0,3,0,6,0,17,3,6,3,0,6,3,6,17,6,3,6,0,3,0,17,6,0,6,3,0,6,0,17,3,17,0,17,6,3,6,17,6,3,0,3,6,3,17,6,17,0,17,3,17,0,17,6,0,17,0,3,6,3,0,3,6,17,0,17,6,17,3,6,3,0,6,3,6,17,6,0,6,17,6,3,17,6,17,0,17,6,17,3,17,0,3,17,3,6,3,0,3,6,3,17,6,0,6,3,17,6,17,0,17,3,17,0,17,6,0,17,0,3,0,6,3,17,3,0,17,0,6,17,6,3,6,0,6,3,6,17,3,0,6,0,3,0,17,0,3,0,6,3,17,3,0,17,0,6,17,6,3,17,0,6,0,17,0,3,0,17,6,0,17,3,17,0,17,6,17,0,3,6,3,17,6,17,0,17,6,17,3,6,17,6,0,6,3,6,0,6,17,0,3,6,17,3,17,0,17,3,6,17,6,0,6,3,0,17,3,17,6,3,0,6,0,17,0,3,0,17,0,6,17,0,17,3,17,6,17,3,17,0,3,0,6,3,6,17,3,17,0,17,6,17,3,17,0"
4,6,17,631,0,0,400000904,19.033,"0,4,0,6,0,4,0,17,0,4,0,6,4,0,4,17,4,0,4,6,4,17,6,0,6,4,0,4,17,0,4,0,6,17,0,17,4,17,0,17,6,17,0,4,6,0,6,17,0,4,6,4,17,4,0,6,17,6,4,6,0,6,4,6,17,4,0,4,6,0,4,0,17,0,4,0,6,0,17,6,0,6,4,0,4,17,0,17,6,4,0,6,17,6,4,17,4,0,17,4,17,6,0,17,0,4,0,17,0,6,0,4,6,4,17,0,4,17,6,17,0,6,17,6,4,6,0,6,4,6,17,4,0,4,6,0,6,17,0,17,4,0,4,6,17,4,17,0,17,4,17,6,17,0,6,17,6,4,6,0,4,17,4,6,17,6,0,6,4,6,17,6,0,17,4,17,0,6,0,4,17,4,6,4,0,6,0,17,4,0,6,4,6,17,6,0,6,4,0,6,0,17,0,4,0,17,0,6,17,4,17,6,17,0,6,4,0,17,0,4,6,4,0,17,4,17,6,4,6,0,6,4,17,6,17,0,17,4,17,6,4,0,6,17,6,0,4,0,17,0,6,17,4,17,6,17,0,17,6,4,17,4,0,17,4,17,6,17,0,17,6,17,4,6,17,6,0,6,17,6,4,6,0,4,6,4,17,4,0,17,4,17,6,17,0,17,6,17,4,6,4,0,6,4,6,17,0,6,0,4,0,6,0,17,0,4,17,0,17,6,0,4,0,6,17,6,4,17,4,0,17,4,17,6,17,0,17,6,17,4,6,17,6,0,6,4,6,0,6,17,0,17,4,0,17,0,6,17,0,17,4,0,4,6,4,0,17,6,0,17,0,4,0,17,0,6,0,4,6,0,6,17,6,4,6,0,4,0,17,0,4,0,6,4,0,4,17,6,0,6,4,6,17,6,4,6,0,4,0,17,4,0,4,6,0,4,0,17,4,17,6,4,17,0,4,0,6,0,4,17,0,17,6,17,0,4,17,4,6,17,6,0,4,0,17,4,0,4,6,4,17,4,6,4,0,6,17,6,4,17,4,0,17,4,17,6,17,0,17,6,17,4,6,17,0,4,6,0,4,0,17,6,17,0,4,17,4,6,17,4,17,0,17,6,17,0,17,4,0,17,0,6,0,4,0,6,0,17,6,0,4,6,17,0,17,4,0,4,6,17,6,4,0,6,0,17,0,4,0,6,4,0,4,17,4,6,4,0,6,4,6,17,6,4,6,0,4,0,17,0,6,17,6,4,17,0,17,6,4,17,4,0,4,6,0,4,0,17,0,6,0,17,0,4,17,4,6,4,0,17,6,17,0,17,4,17,0,6,17,6,4,6,0,17,0,6,4,0,17,6,17,4,17,0,4,6,0,4,0,17,0,4,0,6,0,17,6,4,17,0,6,0,4,0,6,17,6,4,0,6,0"
5,6,17,589,0,0,400000656,16.020,"0,5,0,6,0,5,0,17,0,5,0,6,5,0,5,17,5,0,5,6,5,17,6,0,6,17,5,6,17,0,6,0,5,0,6,0,17,0,5,6,5,17,5,6,0,17,6,17,5,17,6,0,17,0,5,17,5,6,5,0,5,6,5,17,6,5,6,0,6,17,0,5,0,6,5,0,5,17,5,6,5,17,5,0,17,5,6,17,0,5,0,6,5,0,5,17,5,6,17,0,17,6,17,5,17,6,0,17,0,5,0,17,6,17,5,17,6,0,6,17,6,0,5,0,6,0,5,17,5,0,5,6,0,6,17,6,5,17,6,17,0,5,17,5,6,5,0,5,6,5,17,6,5,0,17,6,0,6,5,0,5,17,5,0,5,6,0,5,0,17,0,6,0,5,6,0,6,17,5,6,5,0,6,0,17,6,17,5,6,5,0,5,17,5,0,5,6,0,17,0,5,6,0,6,17,6,5,6,17,6,0,17,6,5,17,0,6,0,17,0,5,6,5,17,0,17,6,17,5,17,6,17,0,6,5,6,17,0,17,5,0,17,6,5,6,0,5,6,5,17,5,0,5,17,5,6,17,5,0,17,6,0,17,5,0,6,17,6,5,17,6,17,0,17,6,17,5,17,0,5,17,5,6,17,0,17,6,17,5,6,0,5,0,17,0,6,0,5,6,0,6,17,6,5,6,17,6,0,17,6,17,5,17,6,17,0,17,5,0,6,0,5,0,17,5,6,0,6,17,0,6,0,5,0,17,0,5,0,6,5,0,5,17,6,5,17,0,17,5,6,17,6,0,6,17,5,0,5,6,0,6,17,6,5,6,17,6,0,17,6,17,5,17,0,5,17,5,6,17,0,17,6,5,6,0,5,6,5,17,6,17,0,5,17,5,6,5,17,5,0,5,6,0,5,0,17,6,5,6,0,6,17,5,17,6,17,0,5,0,6,0,5,17,5,0,5,6,0,6,17,6,0,6,5,0,6,0,17,0,5,0,6,5,0,5,17,5,0,5,6,0,6,17,6,5,0,17,5,0,5,6,5,0,5,17,5,6,17,5,17,0,17,6,0,5,6,5,17,5,0,6,5,0,17,0,5,0,6,0,5,17,6,17,0,6,17,6,5,6,0,5,17,0,17,6,17,5,17,6,17,0,6,17,6,5,6,17,6,0,6,5,0,5,17,5,6,5,17,5,0,17,0,6,0,5,0,6,0,17,6,0,5,6,17,6,5,0,5,17,6,17,5,17,0,6,0,5,17,5,0,5,6,5,0,5,17,0,6,0,5,17,0,17,6,0,17,0,5,6,5,0,5,17,0,6,0,17,5,0"
1,7,17,700,0,0,400000828,18.722,"0,1,0,7,0,1,0,17,0,1,0,7,1,0,1,17,1,0,1,7,1,17,7,0,7,1,0,1,17,0,1,0,7,0,17,0,7,0,1,7,0,7,17,1,0,1,17,1,7,17,7,0,1,0,7,17,0,17,1,17,0,7,0,1,0,17,0,1,0,7,1,7,17,0,1,0,7,1,0,1,17,1,0,1,7,0,7,17,7,0,7,1,0,7,0,17,0,1,0,17,0,7,17,7,1,7,0,17,0,1,7,1,0,1,17,7,17,1,0,17,0,7,17,7,1,7,0,7,1,7,17,1,7,0,1,0,17,1,0,1,7,17,7,0,1,0,7,0,17,1,17,0,17,1,7,1,17,1,7,0,7,17,1,17,7,17,0,17,7,17,1,7,0,7,1,7,17,1,0,7,0,17,0,7,1,7,17,1,7,0,1,0,17,1,0,1,7,17,1,17,0,17,7,17,1,7,0,7,17,0,7,0,1,7,17,1,0,17,0,7,0,17,0,1,0,7,1,0,1,17,1,0,1,7,0,7,17,0,1,0,7,1,0,1,17,1,7,1,17,1,0,17,1,7,0,17,7,17,1,7,0,17,0,1,0,7,0,1,0,17,1,17,7,1,7,0,7,1,7,17,7,0,17,7,17,1,7,1,0,17,1,17,7,17,0,17,7,17,1,7,17,7,0,7,1,0,7,0,17,0,1,17,0,17,7,17,1,17,7,17,0,7,0,1,7,1,17,7,17,0,17,7,17,1,17,0,1,17,1,7,17,0,17,7,17,1,7,0,1,7,1,17,7,17,0,17,7,1,7,17,7,0,17,0,1,0,7,1,7,17,1,7,0,7,1,7,17,1,17,0,1,17,1,7,1,0,7,0,17,0,1,0,7,1,0,1,17,1,0,1,7,0,7,17,1,17,0,1,17,1,7,17,0,17,7,17,1,7,0,1,0,17,0,7,17,0,17,1,17,7,17,0,7,17,7,1,7,0,1,7,1,17,1,0,1,17,1,7,17,7,0,17,0,1,0,7,0,1,0,17,1,7,1,0,7,1,7,17,7,0,7,1,0,17,1,0,1,7,0,7,17,0,7,0,1,0,17,0,1,0,7,1,0,1,17,1,0,1,7,1,17,7,17,0,7,0,1,0,7,17,0,17,1,0,1,7,1,0,17,1,17,7,17,0,7,17,7,1,7,0,7,1,7,17,1,0,7,0,17,0,1,17,1,7,1,17,1,0,1,7,0,1,0,17,0,1,0,7,1,7,17,7,0,17,7,17,1,7,1,0,1,17,0,1,0,7,17,0,17,1,17,0,17,7,17,1,0,1,7,1,17,7,17,0,17,1,17,7,17,0,7,1,7,0,17,7,0,1,7,1,17,7,1,7,0,17,7,0,1,0,7,0,17,0,7,1,17,7,17,0,17,7,17,1,17,0,1,17,1,7,1,0,7,17,0,1,0,17,7,17,0,1,17,7,1,7,0,1,0,17,0,1,0,7,1,0,1,17,1,7,1,0,7,1,7,17,7,1,7,0,7,17,0,1,17,7,0,17,1,0,1,7,1,17,7,1,7,0,1,0"
2,7,17,630,0,0,400000584,15.091,"0,2,0,7,0,2,0,17,0,2,0,7,2,0,2,17,2,0,2,7,2,17,7,0,7,2,0,2,17,0,2,0,7,0,17,0,7,0,2,7,0,7,17,2,0,2,17,2,7,2,17,2,0,17,7,17,0,2,0,7,0,17,7,2,17,0,2,17,2,7,17,0,17,7,17,2,17,7,0,17,0,2,17,0,17,7,17,2,7,0,7,2,7,17,2,0,7,0,2,0,17,0,2,0,7,2,7,17,0,7,2,0,2,17,2,7,2,0,7,2,7,17,7,0,17,7,17,2,0,2,7,2,17,7,17,0,17,7,2,17,2,0,17,0,7,0,17,2,0,2,7,2,17,7,0,7,17,2,17,0,2,17,2,7,0,17,7,17,2,17,7,17,0,17,2,0,17,0,7,0,2,0,7,0,17,7,0,2,17,2,0,2,7,17,7,0,17,7,17,2,17,0,2,7,2,17,7,2,7,0,2,0,17,0,2,7,0,7,17,0,7,0,2,0,17,0,2,0,7,2,7,17,2,7,2,0,2,17,2,0,2,7,0,2,0,17,0,2,0,7,0,17,7,0,7,2,0,17,0,2,0,7,0,2,17,0,17,7,17,0,2,17,2,7,2,0,2,7,2,17,7,2,0,7,0,17,0,7,2,0,2,17,0,2,0,7,0,17,0,7,0,2,7,2,17,7,0,7,17,2,17,7,0,17,0,2,17,0,17,7,17,2,17,7,17,0,7,2,7,17,2,7,2,0,2,17,0,2,0,7,17,2,17,0,17,7,17,0,17,2,0,2,7,2,0,17,0,2,0,7,17,7,2,0,7,0,17,0,2,0,17,0,7,17,0,17,2,17,0,17,7,17,2,7,17,7,0,17,2,17,0,17,7,0,7,2,0,2,17,2,7,17,2,17,0,17,2,17,7,17,0,7,0,2,0,17,0,7,17,0,17,2,17,0,17,7,17,2,7,17,7,0,2,0,17,7,0,7,2,7,17,2,7,2,0,17,7,17,2,17,0,17,2,17,7,2,7,0,7,17,0,2,0,7,2,0,2,17,2,0,2,7,2,17,7,17,0,17,2,0,2,7,0,2,0,17,2,0,2,7,0,7,17,0,7,0,2,17,0,17,7,17,0,17,2,17,0,7,2,7,17,7,0,2,0,17,0,2,7,2,0,2,17,0,17,7,17,2,7,17,7,0,7,2,7,17,2,7,2,0,17,0,7,0,2,7,2,17,2,0,2,7,0,2,0,17,0,2,0,7,0,17,7,0,7,2,0,17,0,2,7,2,17,2,7,0,7,2,7,17,2,17,0,17,2,7,0,7,17,0,7,0,2,0,7,0,17,0,2,17,0,17,7,17,2,17,0,2,0,7,0,2,17,0,17,7,0,7,2,7,17,2,7,2,0,17,7,17,0,17"
3,7,17,554,0,0,400000660,15.944,"0,3,0,7,0,3,0,17,0,3,0,7,3,0,3,17,3,0,3,7,3,17,7,0,7,17,3,7,17,0,7,0,3,0,7,0,17,0,3,7,3,17,3,7,0,17,7,17,3,17,7,0,17,0,3,17,3,7,3,0,3,7,3,17,7,3,7,0,7,17,0,3,0,7,3,0,3,17,3,7,3,17,3,0,17,3,7,17,0,3,0,7,3,0,3,17,3,7,17,0,17,7,17,3,17,7,0,17,0,3,0,17,7,17,3,17,7,0,7,17,7,0,3,0,7,0,3,17,3,0,3,7,0,7,17,7,3,17,7,17,0,3,17,3,7,3,0,3,7,3,17,7,3,0,17,7,0,7,3,0,3,17,3,0,3,7,0,3,0,17,0,7,0,3,7,0,7,17,3,7,3,0,7,0,17,7,17,3,7,3,0,3,17,3,0,3,7,0,17,0,3,7,0,7,17,7,3,7,17,7,0,17,7,17,3,17,7,17,0,17,3,0,7,3,7,17,7,0,3,7,0,17,0,7,3,0,3,17,0,3,0,7,17,7,3,7,17,0,17,3,7,3,17,3,0,3,17,3,7,17,0,17,7,17,3,17,7,0,17,0,3,0,7,17,3,17,7,17,0,17,7,17,3,7,0,7,17,0,7,0,3,0,17,3,17,7,0,17,3,0,3,7,3,17,7,17,0,17,7,17,3,7,17,7,0,7,3,0,7,0,17,0,7,0,3,7,3,17,7,3,0,7,0,17,0,3,0,7,3,0,3,17,3,7,3,0,7,3,7,17,0,17,7,17,0,3,7,0,7,17,0,3,7,3,0,3,7,17,7,0,17,7,17,3,17,7,17,0,17,3,0,7,0,17,3,17,7,3,17,3,0,3,7,3,0,3,17,0,3,7,0,7,17,0,17,3,0,3,7,17,3,17,0,17,7,17,0,17,3,0,7,0,3,0,17,0,3,7,0,7,17,0,7,0,3,0,17,0,3,0,7,3,0,3,17,3,7,3,0,7,0,17,3,17,7,0,7,3,17,7,0,3,0,17,3,0,3,7,3,0,3,17,3,7,17,3,17,0,7,0,3,17,3,7,17,3,17,0,17,3,17,7,17,0,7,0,3,7,3,17,7,3,0,7,0,17,0,3,0,7,0,17,7,17,3,17,0,3,17,3,7,3,0,3,7,3,17,7,3,0,17,0,3,0,7,3,7,17,0,7,0,3,7,0,7,17,3,17,0,17,7,17,0,17"
4,7,17,561,0,0,400000812,17.466,"0,4,0,7,0,4,0,17,0,4,0,7,4,0,4,17,4,0,4,7,4,17,7,0,7,4,0,4,17,0,4,0,7,0,17,0,7,0,4,7,0,7,17,4,0,4,17,4,7,4,17,4,0,17,7,17,0,4,0,7,0,17,7,4,17,7,17,0,7,0,4,0,17,0,4,0,7,4,17,4,0,17,0,7,17,7,4,17,7,17,0,17,4,17,0,17,7,0,4,0,17,4,17,7,4,7,0,4,7,4,17,4,0,4,17,4,7,17,0,4,7,0,4,0,17,0,4,7,0,7,17,7,4,0,4,7,17,4,17,0,4,17,4,7,0,7,17,0,7,0,4,0,17,0,7,17,0,17,4,17,0,17,7,0,7,4,7,17,7,0,7,4,0,4,17,4,7,17,0,7,4,7,17,4,17,0,17,4,17,7,17,0,7,17,7,4,7,0,7,17,0,17,4,17,0,17,7,0,17,0,4,7,17,7,0,17,0,4,0,17,0,7,0,4,7,0,7,17,0,4,17,4,7,4,0,7,17,0,7,4,7,0,17,7,17,4,17,7,17,0,17,7,4,7,0,17,7,0,4,0,17,0,7,17,4,7,4,0,4,7,17,0,17,4,17,7,4,0,4,7,4,17,4,7,0,4,0,17,0,7,0,4,7,0,7,17,4,17,7,17,0,4,7,0,4,0,17,0,4,0,7,0,17,7,0,7,4,0,4,17,4,0,4,7,0,4,0,17,7,0,7,4,7,17,7,0,17,4,0,4,7,4,0,4,17,4,7,17,4,17,0,7,0,4,7,4,17,7,0,7,4,17,7,17,0,17,4,0,17,0,7,4,7,17,0,7,0,4,0,17,0,4,0,7,4,0,4,17,7,0,7,4,7,17,0,17,7,4,17,4,0,17,4,17,7,17,0,17,7,17,4,7,0,17,0,4,17,0,17,7,4,0,7,0,17,0,7,0,4,0,17,4,0,4,7,0,17,0,7,4,7,0,7,17,4,17,7,17,0,4,0,7,4,0,4,17,4,7,4,17,4,0,17,4,17,7,17,0,17,4,0,7,0,4,17,4,7,0,7,4,17,7,17,0,7,0,4,0,17,0,7,17,0,17,4,17,0,17,7,17,4,7,17,7,0,17,4,17,0,17,7,17,0,4,17,4,7,4,17,4,0,4,17,7,0,17,0,4,17,7,4,7,0,7,17,0,4,0,17,7,17,4,0,4,17,4,7,4,17,4,0,17,0,7,17,4,17,0,17,7,17"
5,7,17,514,0,0,400000480,14.294,"0,5,0,7,0,5,0,17,0,5,0,7,5,0,5,17,5,0,5,7,5,17,7,0,7,5,0,5,17,0,17,7,17,0,17,5,0,17,0,7,0,5,7,5,17,7,0,7,5,0,7,0,17,0,5,0,7,5,0,5,17,5,0,5,7,0,7,17,0,5,0,7,17,0,17,5,17,0,17,7,17,5,7,0,7,5,7,17,7,5,0,7,0,17,0,7,5,0,5,17,5,0,5,7,5,17,0,17,7,17,5,17,7,17,0,7,5,7,17,5,17,0,5,0,7,0,17,5,17,0,7,17,7,5,7,17,0,7,0,5,7,0,7,17,7,5,7,17,7,0,17,5,17,7,5,7,0,5,7,5,17,0,17,5,7,17,7,0,17,7,17,5,17,0,17,5,17,7,5,0,5,17,0,17,7,0,17,0,5,7,0,7,17,7,0,7,5,7,17,0,17,5,0,5,7,17,0,17,5,17,7,17,5,17,0,5,0,7,0,5,0,17,5,0,5,7,17,0,17,5,17,7,0,7,5,7,17,5,0,17,0,7,0,5,0,7,0,17,7,0,7,5,7,17,7,0,17,5,17,7,5,17,5,0,17,0,7,0,5,17,5,0,5,7,0,7,17,7,0,7,5,0,7,0,17,0,5,0,7,5,0,5,17,5,0,5,7,0,7,17,5,0,5,17,5,7,5,17,5,0,17,7,17,5,0,5,7,0,7,17,7,0,5,0,7,0,5,17,5,0,5,7,0,7,17,7,5,7,17,7,0,17,7,17,5,17,0,17,7,0,17,0,5,0,17,0,7,17,7,5,7,0,5,0,17,5,0,5,7,0,5,0,17,5,17,7,17,5,17,0,17,5,7,0,5,17,0,17,7,17,5,17,7,17,0,7,17,7,5,7,0,7,17,0,17,5,17,7,5,17,5,0,5,17,5,7,5,0,7,0,17,7,17,5,7,17,7,0,7,5,7,0,7,17,0,7,0,5,17,5,7,5,0,7,0,17,0,5,0,7,5,0,5,17,5,7,5,17,5,0,17,7,17,0,5,0,7,5,0,5,17,7,0,7,17,7,5,7,17,7,0,17,5,17,7,5,17,5,0,17,5,17,7,0,7,17,5,7,0,17,0,5,0,7,5,17,7,17,0,17,5,0,17,0"
6,7,17,493,0,0,400000664,14.312,"0,6,0,7,0,6,0,17,0,6,0,7,6,0,6,17,6,0,6,7,6,17,7,0,7,6,0,6,17,0,6,0,7,0,17,0,7,0,6,7,0,17,6,17,7,6,7,0,6,7,17,0,6,17,0,17,7,17,0,6,7,0,7,17,7,0,7,6,7,17,6,0,6,7,0,6,0,17,0,6,0,7,6,7,17,7,0,17,0,6,7,0,17,7,17,6,17,0,17,6,17,7,6,0,6,7,6,17,6,7,0,6,0,17,0,7,6,7,17,0,17,6,7,6,0,6,7,17,7,6,0,7,0,17,7,17,6,7,17,7,0,17,7,17,6,0,17,0,7,17,7,6,17,6,0,17,0,7,17,6,17,0,6,17,6,7,6,0,7,6,7,17,7,6,7,0,7,17,0,6,0,7,17,0,17,6,17,0,17,7,17,6,7,6,0,6,17,6,0,6,7,0,6,0,17,7,6,17,7,17,0,7,0,6,0,17,0,6,0,7,6,17,7,6,7,0,7,6,7,17,7,0,17,6,17,0,7,0,6,7,0,7,17,6,0,17,0,7,0,17,0,6,0,7,6,0,6,17,6,7,6,0,7,0,17,0,7,0,6,7,0,7,17,6,0,6,7,0,7,17,7,0,7,6,7,17,6,0,6,7,17,7,0,17,0,6,0,7,0,17,7,6,7,0,6,0,17,6,17,7,17,6,17,0,17,7,0,6,7,0,17,0,7,6,0,6,17,6,0,6,7,6,0,17,0,7,0,6,7,17,7,6,7,0,6,7,17,0,17,7,17,0,6,0,7,0,6,17,6,7,17,6,17,0,17,6,17,7,17,0,7,17,7,6,17,0,17,6,17,7,6,0,7,6,7,17,7,6,7,0,7,17,0,7,0,6,7,17,6,0,17,0,7,0,6,17,6,7,6,0,6,7,6,17,7,0,17,7,17,6,17,7,17,0,7,0,6,17,0,17,7,0,17,0,6,7,6,0,6,17,6,0,6,7,0,7,17,0,7,0,6,7,0,7,17,6,7,6,0,6,17,6,7,17,7,0,6,17,0,17,7,0,6,17,6,0,6,7,0,7,17,7,0,7,6,0,7,17,0,6,7,6,0"
1,8,17,534,0,0,400000644,15.709,"0,1,0,8,0,1,0,17,0,1,0,8,1,0,1,17,1,0,1,8,1,17,8,0,8,17,1,8,17,0,8,0,1,0,8,0,17,0,1,8,1,17,1,8,0,17,8,17,1,17,8,0,17,0,1,17,1,8,1,0,1,8,1,17,8,1,8,0,8,17,0,1,0,8,1,0,1,17,1,8,1,17,1,0,17,1,8,17,0,1,0,8,1,0,1,17,1,8,17,0,17,8,17,1,17,8,0,17,0,1,0,17,8,17,1,17,8,0,8,17,8,0,1,0,8,0,1,17,1,0,1,8,0,8,17,8,1,17,8,17,0,1,17,1,8,1,0,1,8,1,17,8,1,0,17,8,0,8,1,0,1,17,0,1,0,8,0,17,0,8,0,1,8,0,8,17,8,0,8,1,8,17,1,0,1,17,1,8,17,0,17,8,17,1,17,8,0,17,0,1,0,8,1,8,17,8,0,8,1,0,17,0,1,0,8,1,17,1,8,1,0,1,8,17,1,17,0,17,1,17,8,17,0,8,17,8,1,17,0,1,17,8,1,0,8,0,17,8,0,8,1,17,8,17,0,17,8,17,1,17,0,8,1,8,17,1,17,0,17,1,17,8,1,17,1,0,1,8,1,17,8,0,8,1,17,8,17,0,17,8,17,1,17,0,1,17,1,8,0,1,8,17,8,1,0,1,17,0,1,0,8,0,17,8,0,8,1,0,17,1,17,8,1,0,8,1,8,17,1,17,0,17,8,17,1,8,17,8,0,8,1,0,8,0,17,0,8,0,1,8,1,17,0,8,0,1,0,17,8,17,0,17,1,0,8,1,17,1,0,17,0,8,0,1,0,17,1,0,1,8,1,0,1,17,1,8,17,1,17,0,1,0,8,1,17,8,17,0,17,8,1,8,0,8,17,0,1,17,1,8,1,0,1,17,0,1,0,8,0,17,0,1,17,8,1,0,8,0,17,8,0,8,1,17,8,17,0,17,1,17,0,17,8,0,17,0,1,8,1,0,17,1,17,8,17,1,17,0,17,1,8,1,0,1,17,1,0,1,8,0,8,17,8,1,17,1,0,17,1,8,17,8,0,17,0,1,0,8,0,1,0,17,1,0,1,8,1,0,1,17,1,8,17,1,17,0,1,0,8,17,0,17,1,17,8,1,17,1,0,1,8,0,1,0,17,1,17,8,0,8,17,1,8,0"
2,8,17,651,0,0,400000720,16.150,"0,2,0,8,0,2,0,17,0,2,0,8,2,0,2,17,2,0,2,8,2,17,8,0,8,2,0,2,17,0,2,0,8,0,17,0,8,0,2,8,0,17,2,8,17,2,17,0,2,17,8,0,2,8,0,8,17,8,0,8,2,0,2,17,2,0,2,8,2,17,8,2,8,0,2,0,17,2,17,8,17,0,17,8,17,2,8,0,8,2,8,17,2,0,8,0,2,0,17,0,2,0,8,2,8,17,8,0,17,8,17,2,17,8,17,0,17,2,0,17,0,8,17,2,8,0,2,0,17,0,2,0,8,0,17,8,0,8,2,8,17,8,0,17,2,0,2,8,2,17,0,17,2,17,0,8,0,17,0,8,2,8,0,17,8,17,2,17,8,17,0,17,2,0,17,0,8,17,2,17,8,17,0,17,8,2,17,2,0,2,8,2,17,8,2,8,0,8,17,0,2,0,8,2,8,17,2,17,0,17,8,0,2,0,8,0,17,0,8,2,0,2,17,0,17,8,17,2,17,8,17,0,8,0,2,8,17,8,2,0,2,8,17,2,0,17,0,8,0,2,0,17,2,0,2,8,2,0,2,17,0,17,8,2,17,2,0,2,8,2,17,8,17,0,8,2,8,0,8,17,0,2,8,2,0,2,17,2,0,2,8,0,8,17,0,8,0,2,0,17,0,2,0,8,2,0,2,17,8,17,0,2,0,8,2,0,2,17,2,8,2,17,2,0,17,2,8,0,17,8,17,2,8,0,2,17,0,2,0,8,0,2,0,17,0,8,17,0,17,2,17,8,2,0,8,17,2,17,8,17,0,17,8,17,2,8,2,0,8,17,8,0,8,2,0,2,17,0,8,0,17,2,17,0,17,8,2,8,0,2,8,2,17,2,8,2,0,2,17,0,2,0,8,0,2,0,17,0,8,17,2,17,0,2,0,8,2,0,2,17,2,8,17,2,17,0,17,2,17,8,2,8,0,8,2,17,8,17,0,17,8,17,2,17,0,2,17,2,8,0,17,0,2,0,8,0,2,0,17,2,8,17,2,0,17,8,2,8,17,8,0,8,17,8,2,17,0,17,8,0,17,0,2,17,8,2,0,17,2,8,17,8,0,17,8,17,2,17,0,17,2,17,8,2,17,2,0,2,8,2,17,8,17,0,17,2,0,17,0,8,0,2,0,17,2,8,17,8,0,17,2,8,2,17,2,0,8,0,17,8,17,2,17,0,17,2,17,8,2,17,2,0,2,17,2,8,2,0,8,2,8,17,8,0,8,2,0,17,0,2,8,2,0,2,17,8,17,0,2,0,17,0,8,0,17,0,2,17,8,17,0,2,17,2,8,17,8,0,17,8,17,2,17,0,2,8,2,17,0,2,0,8,0,2,0,17,0,8,17,8,2,17,2,0,2,8,2,17,8,0,8,17,8,2,17,0,8,2,17,2,0,17,0,8,17,2,17,8,17,0,17"
3,8,17,597,0,0,400000828,17.920,"0,3,0,8,0,3,0,17,0,3,0,8,3,0,3,17,3,0,3,8,3,17,8,0,8,3,0,3,17,0,3,0,8,0,17,8,0,8,3,0,3,17,8,17,3,0,17,0,8,0,17,0,3,0,17,8,17,3,17,0,17,3,17,8,3,8,0,3,0,17,0,3,0,8,0,17,8,0,8,3,0,3,17,3,8,17,0,8,3,8,17,3,17,0,17,3,17,8,17,0,8,3,8,17,0,8,0,3,8,3,17,8,0,8,17,3,17,0,17,8,0,8,3,0,3,17,0,17,8,0,3,0,17,3,0,3,8,3,0,3,17,3,8,17,0,8,3,0,8,17,0,17,3,0,17,8,3,8,0,8,17,8,0,8,3,0,3,17,3,0,8,3,8,17,3,8,3,0,3,17,3,0,3,8,0,3,0,17,0,8,0,3,8,0,8,17,8,0,8,3,0,3,17,3,0,3,8,3,0,17,8,0,8,3,8,0,17,8,17,3,17,0,8,3,8,0,8,17,0,3,0,17,0,8,0,17,3,0,3,8,3,0,3,17,3,0,8,17,0,17,3,0,8,17,8,0,8,3,0,3,17,8,17,3,17,8,0,8,3,8,17,8,3,8,0,3,0,17,0,8,0,17,0,3,17,3,8,3,0,17,0,8,17,0,17,3,17,0,17,8,17,3,8,0,8,3,17,3,0,17,3,17,8,3,0,3,17,8,3,8,0,8,17,8,3,17,8,17,0,17,8,17,3,17,0,3,17,3,8,17,0,17,8,3,8,0,3,0,17,0,8,17,0,17,3,17,0,17,8,17,3,8,0,3,17,3,8,17,8,0,8,3,8,0,8,17,0,8,0,3,0,17,0,8,17,3,8,3,0,3,17,3,0,3,8,0,3,17,0,17,8,0,8,3,8,17,3,8,3,0,17,3,17,8,17,0,17,3,0,3,8,3,0,3,17,0,3,0,8,0,17,0,8,0,3,8,3,17,3,0,3,8,0,3,0,17,8,0,8,3,8,0,8,17,8,3,0,3,17,3,8,0,8,17,0,8,0,3,0,17,3,0,3,8,3,17,3,0,17,0,8,17,8,3,17,8,17,0,17,3,17,0,17,8,0,8,3,0,3,17,8,3,8,0,8,17,0,8,0,3,0,17,0,3,0,8,3,0,3,17,3,8,3,17,3,0,17,0,8,0,3,0,17,0,8,17,3,17,0,8,17,8,3,17,3,0,17,3,17,8,17,0,17,8,17,3,8,17,8,0,3,8,3,17,8,17,0,17,8,17,3,17,0,3,17,3,8,3,0,3,17,0,17,8,0,17,3,0,3,8,3,0,3,17,3,0,3"
4,8,17,396,0,0,400000360,11.414,"0,4,0,8,0,4,0,17,0,4,0,8,4,0,4,17,8,0,8,4,0,8,17,0,17,4,0,8,4,8,17,4,8,4,0,17,4,17,8,17,0,17,4,0,4,8,0,4,0,17,0,8,0,17,0,4,17,0,17,8,17,0,17,4,17,8,4,8,0,17,4,17,0,17,8,0,4,0,8,0,17,0,8,4,17,8,4,8,0,8,4,17,8,17,0,17,8,4,0,4,17,0,17,8,17,4,17,8,17,0,8,17,8,4,0,4,17,8,17,0,8,17,8,4,8,17,8,0,8,4,0,8,0,17,4,17,8,0,8,4,0,8,0,17,0,4,0,17,0,8,17,4,17,0,8,0,4,8,0,8,17,8,4,17,8,17,0,17,4,17,0,17,8,0,17,0,4,0,17,0,8,0,4,8,0,8,17,0,4,0,17,8,0,17,4,17,8,17,0,8,0,4,0,8,17,8,4,8,0,4,0,17,0,4,0,8,0,17,4,8,4,0,8,4,8,17,8,4,8,0,4,0,17,8,0,8,4,0,8,0,17,4,17,0,17,8,4,8,17,8,4,0,4,8,4,17,8,17,0,17,4,17,0,17,8,0,17,0,4,8,4,0,4,8,17,0,17,8,17,4,8,4,0,8,4,8,17,8,0,8,17,8,4,17,8,17,0,17,8,17,4,17,0,4,17,4,8,4,0,4,8,4,17,8,0,8,4,17,8,17,0,17,4,17,0,17,8,0,17,0,4,0,8,4,17,4,0,17,0,8,17,8,4,17,4,0,8,4,0,17,0,4,0,8,0,4,17,8,4,0,8,4,8,17,8,4,8,0,8,17,0,17,4,17,0,17,8,0,17,0,4,8,17,4,17,0,4,0,8,0,4,17,0,4,0,8"
5,8,17,467,0,0,400000536,14.741,"0,5,0,8,0,5,0,17,0,5,0,8,5,0,5,17,5,0,5,8,5,17,8,0,8,5,0,5,17,0,5,0,8,0,17,0,8,0,5,8,0,8,17,5,0,5,17,5,8,5,17,5,0,17,8,17,0,5,0,8,0,17,8,5,8,17,8,0,8,17,5,0,5,8,5,17,0,17,8,17,5,17,8,17,0,8,0,5,0,17,0,5,0,8,5,0,5,17,5,8,17,0,17,5,8,5,0,8,0,17,8,5,8,17,0,17,8,5,17,5,0,17,5,17,8,17,0,17,8,17,5,8,0,8,5,17,5,0,17,0,8,17,0,17,5,0,17,0,8,5,0,5,17,5,8,17,5,17,0,5,0,8,0,17,0,8,0,5,8,0,8,17,5,8,5,0,5,17,0,5,0,8,17,5,17,8,17,0,17,8,17,5,8,0,8,17,0,8,0,5,0,8,0,17,0,5,17,8,5,17,0,5,8,0,8,17,8,5,8,0,5,8,5,17,5,0,5,8,0,5,0,17,0,5,0,8,5,8,17,0,8,0,5,0,17,0,5,0,8,5,0,5,17,5,8,17,5,17,0,5,0,8,0,5,17,0,17,8,17,5,17,0,5,8,0,17,0,8,5,8,0,8,5,17,5,8,0,5,17,0,5,0,8,0,5,0,17,0,8,17,8,5,8,0,17,0,5,17,0,17,8,17,5,17,0,5,17,5,8,0,8,5,8,0,17,0,5,17,0,17,8,0,8,5,17,8,17,0,17,8,17,5,17,0,5,17,5,8,17,0,17,8,5,8,0,8,5,17,0,5,17,5,8,5,17,0,5,0,8,0,17,5,0,17,8,17,5,0,5,8,17,8,0,8,17,5,0,17,0,8,0,17,0,5,0,8,5,0,5,17,5,8,5,0,8,17,8,5,0,8,0,17,8,17,5,17,8,0,5,0,17,5,0,5,8,5,17,8,17,0,17,8,17,5,17,0,5,17,5,8,5,17,5,0,5,8,0,8,17,8,5,0,17,5,0,5,8,5,0,5,17,0,17,8,0,17,0"
6,8,17,553,0,0,400000736,17.183,"0,6,0,8,0,6,0,17,0,6,0,8,6,0,6,17,6,0,6,8,6,17,8,0,8,6,0,6,17,0,6,0,8,0,17,0,8,0,6,8,0,17,6,8,17,6,17,0,6,17,8,0,6,8,0,8,17,8,0,8,6,8,17,6,0,6,17,6,8,17,8,0,6,17,0,8,0,6,17,6,0,8,6,17,8,17,0,17,8,17,6,17,0,6,17,6,8,0,6,0,17,0,8,0,6,8,0,8,17,8,0,8,6,0,6,17,0,17,8,17,0,6,17,6,8,6,0,6,8,6,17,8,17,0,17,8,6,17,6,0,17,6,17,8,17,0,17,8,17,6,8,17,0,8,0,6,0,17,0,8,17,0,17,6,8,6,17,6,0,6,17,6,8,17,8,0,8,6,17,0,6,0,8,0,6,0,17,0,8,17,0,17,6,0,6,8,6,17,6,0,17,6,17,8,17,6,17,0,17,8,0,17,0,6,8,6,17,0,17,8,0,17,0,6,0,8,0,6,0,17,6,17,8,0,8,17,6,8,17,0,17,6,0,6,8,6,0,6,17,0,6,0,8,0,17,8,0,8,6,0,17,6,0,8,6,8,17,6,8,6,0,6,17,6,0,6,8,0,6,0,17,8,17,6,0,6,8,0,6,0,17,0,6,0,8,0,17,8,0,8,6,0,17,0,6,0,8,6,8,17,6,8,6,0,6,17,0,6,0,8,0,6,0,17,0,8,17,0,17,6,8,6,17,0,6,8,0,8,17,8,6,17,8,17,0,17,6,17,0,17,8,0,17,0,6,8,6,17,0,6,0,8,0,6,0,17,0,8,6,8,17,0,17,6,0,6,8,6,17,6,0,17,6,17,8,17,6,17,0,17,8,0,17,0,6,17,8,17,6,17,0,17,6,8,17,8,0,8,6,0,8,0,17,0,6,17,6,8,17,6,17,0,17,8,0,17,0,6,0,17,0,8,0,6,8,17,6,17,0,6,8,0,6,0,17,0,6,0,8,0,17,8,0,8,6,0,17,0,6,8,6,0,6,8,17,8,6,0,8,0,17,8,17,6,17,0,6,0,8,17,0,17,6,17,8,17,6,17,0,6,17,6,8,6,0,8,17,8,6,17,8,17,0,8,0,6,17,6,0,6,8,6,0,6,17,0,8,0,17,0,6,0,17,8,0,8,6,8,0,8,17,8,6,17,8,17,0,6,0,8,0,6,17,6,8,6,17,0,17,6,17,0,8"
7,8,17,544,0,0,400000768,16.927,"0,7,0,8,0,7,0,17,0,7,0,8,7,0,7,17,7,0,7,8,7,17,8,0,8,7,0,7,17,0,7,0,8,0,17,0,8,0,7,8,0,8,17,7,0,7,17,7,8,7,17,7,0,17,8,17,0,7,0,8,0,17,8,7,17,8,17,0,8,0,7,0,17,0,7,0,8,7,17,7,0,17,0,8,17,8,7,17,8,17,0,17,7,17,0,17,8,0,7,0,17,7,17,8,7,8,0,7,8,7,17,7,0,7,17,7,8,17,0,7,8,0,7,0,17,0,7,8,0,8,17,8,7,0,17,7,17,8,7,0,17,0,8,17,0,17,7,8,0,7,0,17,0,7,8,0,8,17,0,8,0,7,0,17,0,7,0,8,7,0,7,17,7,0,7,8,7,17,8,0,8,7,0,7,17,0,7,0,8,17,0,8,7,8,0,17,8,17,7,8,17,0,7,0,8,7,0,7,17,7,8,7,17,7,0,17,7,17,8,17,0,8,17,8,7,0,17,7,0,7,8,0,8,17,7,8,0,7,0,17,0,8,0,17,0,7,17,0,17,8,17,7,17,8,17,0,8,7,17,8,0,17,0,7,17,7,8,7,17,0,7,0,8,0,17,8,7,8,0,17,8,17,7,17,0,17,8,17,7,8,7,0,7,17,7,8,17,7,17,0,17,7,17,8,17,0,8,17,8,7,17,0,17,7,17,8,17,7,0,17,0,8,0,7,0,17,7,8,17,7,17,0,17,7,17,8,17,0,8,17,8,7,17,7,0,7,8,0,7,0,17,0,8,0,7,8,17,8,0,17,8,17,7,17,0,7,8,0,8,17,0,17,7,0,17,0,8,0,7,0,8,0,17,8,7,8,0,7,0,17,7,0,7,8,17,8,7,8,0,17,0,8,0,7,17,8,17,7,17,0,8,0,17,7,0,7,8,7,0,7,17,7,8,17,7,17,0,17,7,17,8,7,8,0,17,8,17,7,17,0,17,8,0,8,7,0,7,17,0,7,0,8,0,17,0,8,0,7,8,17,8,0,17,8,17,7,17,8,17,0,17,7,0,8,0,7,17,7,8,7,17,0,17,7,8,17,8,0,17,8,17,7,17,0,17,7,17,8,7,17,7,0,7,8,7,17,8,7,8,0,17,0,7,8,0,8,17,8,7,17,8,17,0,17,7,17,0,17,8,0,7,8,0,8,17,0,17,7,0,8,7,8,17,7"
1,9,17,350,0,0,400000404,10.973,"0,1,0,9,0,1,0,17,0,1,0,9,1,0,1,17,1,0,1,9,1,17,9,0,9,1,17,9,17,0,9,0,1,0,9,0,17,0,1,17,0,17,9,17,0,17,1,17,9,1,0,1,9,17,9,0,17,0,1,0,9,0,1,0,17,1,0,1,9,1,0,1,17,1,9,17,9,0,1,0,9,0,17,9,1,9,17,0,9,17,1,9,1,0,1,9,1,17,1,0,9,17,9,1,17,9,17,0,17,9,17,1,9,1,0,1,17,9,17,1,17,0,1,0,9,0,1,17,0,17,9,17,0,1,17,1,9,17,1,17,0,17,9,17,0,17,1,0,17,0,9,0,17,0,1,0,9,1,0,1,17,0,17,9,1,9,17,9,1,0,1,17,0,17,9,0,17,0,1,0,9,0,1,0,17,1,0,1,9,17,9,0,1,0,17,1,0,1,9,1,0,1,17,1,9,17,1,17,0,1,9,0,1,0,17,1,17,9,17,0,17,1,0,9,0,17,9,17,1,9,1,0,1,17,1,0,1,9,0,1,0,17,0,9,0,17,0,1,17,0,17,9,17,1,9,0,9,17,0,9,0,1,9,17,1,0,9,1,17,9,17,0,17,9,17,1,17,9,0,9,1,17,1,9,1,0,1,9,1,17,9,0,9,1,17,9,17,0,9,0,1,0,17,1,0,1,9,1,0,1,17,0,17,9,1,0,1,9,1,17,1,9,1,0,9,17,9,1,17,9,17,0,17,1,0,9,1,9,17,1,9,0,1,17,1,0,9,0,17,9"
2,9,17,573,0,0,400000804,15.840,"0,2,0,9,0,2,0,17,0,2,0,9,2,0,2,17,2,0,2,9,2,17,9,0,9,2,0,2,17,0,2,0,9,0,17,0,9,0,2,9,0,9,17,2,0,2,9,0,9,17,9,0,9,2,9,17,0,17,9,17,0,2,0,9,0,17,0,9,0,2,9,2,17,0,2,0,9,0,17,9,0,9,2,9,17,2,9,2,0,2,9,2,17,2,0,17,0,9,17,2,9,17,9,0,17,0,2,0,17,0,9,0,17,2,9,17,9,0,9,17,2,9,2,0,2,9,17,0,9,17,9,2,17,0,17,2,17,9,2,17,0,9,0,2,9,2,17,2,0,2,9,0,2,0,17,9,17,2,17,0,9,0,2,17,0,17,9,17,2,17,9,17,0,9,2,9,17,2,9,2,0,9,17,0,17,2,17,9,17,2,17,0,2,17,2,9,2,17,2,0,2,9,0,2,0,17,0,9,17,2,17,9,17,0,17,9,2,17,2,0,2,17,9,2,9,0,9,17,9,2,17,2,0,17,0,9,0,2,0,9,0,17,9,2,9,0,2,9,2,17,2,0,2,9,0,2,0,17,0,9,0,17,0,2,17,0,9,2,9,0,9,17,0,2,17,0,17,9,17,0,17,2,0,2,9,2,17,2,9,2,0,9,2,17,9,0,2,0,17,0,9,17,2,9,2,0,2,17,2,0,2,9,0,2,0,17,0,2,0,9,0,17,9,2,9,0,2,9,2,17,2,9,2,0,9,0,17,0,2,0,9,2,17,2,0,17,2,17,9,2,9,0,2,9,2,17,2,0,2,17,2,9,17,2,17,0,17,9,0,9,2,9,17,2,17,0,2,17,2,9,0,2,0,17,0,2,0,9,0,17,9,0,9,2,0,17,2,0,9,2,9,17,2,9,2,0,17,2,17,9,17,2,17,0,17,9,0,2,9,2,17,9,17,0,17,9,17,2,9,17,9,0,9,2,9,17,2,9,2,0,2,17,0,17,9,0,17,0,2,17,0,17,9,0,9,2,0,9,0,17,2,0,2,9,2,0,2,17,2,9,17,0,17,2,0,17,0,9,17,2,9,17,9,0,2,17,0,17,9,0,9,2,0,9,0,17,0,2,0,17,0,9,17,2,17,0,9,0,2,9,2,17,2,0,2,9,0,2,0,17,0,9,0,2,9,0,9,17,2,9,2,0,9,0,17,0,2,17,2,9,2,0,2,9,2,17,9,2,9,0,9,17,0,2,17,0,17,9,17,0,17,2,0,2,9,2,17,2,0,17,2,17,9"
3,9,17,656,0,0,400000672,18.217,"0,3,0,9,0,3,0,17,0,3,0,9,3,0,3,17,3,9,3,0,9,0,17,0,3,0,17,0,9,17,0,3,17,3,9,3,0,9,0,17,0,3,9,17,9,3,9,0,9,3,9,17,3,0,3,9,0,3,0,17,0,3,0,9,0,17,9,0,9,3,0,17,3,9,17,9,0,17,9,17,3,0,17,0,9,0,3,0,17,0,9,17,3,17,0,3,17,3,9,17,0,9,3,9,17,0,17,3,17,9,3,9,0,9,17,9,0,9,3,0,3,17,0,9,0,17,3,17,9,17,3,0,3,17,3,9,0,9,17,3,9,0,3,0,17,0,3,0,9,0,17,9,3,9,0,3,9,3,17,9,3,9,0,3,0,17,9,0,9,3,9,17,3,17,0,17,3,9,17,9,0,9,17,9,3,9,17,0,17,3,17,9,17,3,17,0,3,0,9,0,17,0,3,17,9,17,0,9,17,9,3,9,17,9,0,17,0,3,0,9,17,9,0,9,3,0,3,17,3,0,3,9,3,17,0,17,3,17,9,3,9,0,17,0,3,0,17,9,17,3,17,0,17,3,17,9,3,9,0,17,3,17,9,3,17,3,0,3,17,3,9,3,0,9,17,9,3,17,9,17,0,9,17,9,3,17,3,0,17,3,17,9,17,0,17,9,17,3,9,17,9,0,9,17,9,3,9,0,3,17,3,9,17,9,0,9,17,9,3,17,9,17,0,17,3,0,3,9,0,3,17,3,0,3,9,0,9,17,3,17,9,0,17,0,3,17,0,17,9,17,3,17,9,17,0,9,17,9,3,9,17,9,0,9,3,0,3,17,0,17,9,0,17,0,3,0,9,0,3,0,17,3,9,3,0,9,3,9,17,9,0,9,3,0,3,17,3,0,3,9,3,17,9,3,9,0,9,17,9,3,17,9,17,0,17,3,17,9,3,9,0,3,17,3,9,17,3,17,0,17,9,17,0,17,3,0,9,17,0,3,17,3,9,17,9,0,9,17,9,3,9,0,3,17,3,0,9,0,3,0,9,17,9,0,9,17,3,17,9,0,17,3,0,17,0,9,0,17,0,3,0,9,3,17,9,3,9,0,3,0,17,0,3,0,9,3,0,3,17,3,9,3,0,9,3,9,17,9,0,9,3,0,17,0,3,0,9,3,9,17,0,3,17,9,3,17,3,0,3,17,3,9,3,0,9,3,9,17,9,0,9,17,9,3,17,9,17,0,17,3,17,0,17,9,0,3,17,9,0,17,9,17,3,0,3,9,0,9,17,9,3,9,0,3,9,3,17,0,3,0,9,0,17,0,3,0,9,3,9,17,3,0,3,17,9,17,0,17,3,0,3,9,0,3,0,17,0,9,0,17,0,3,17,0,17,9,17,3,17,0,3,9,0,17,9,17,3,9,17,9,0,9,3,0,9,0,17,9,17,3,0,17,3,9,3,17,0,3,0,9,3,9,17,9,0,3"
4,9,17,451,0,0,400000580,14.855,"0,4,0,9,0,4,0,17,0,4,0,9,4,0,4,17,4,0,4,9,4,17,9,0,9,4,0,4,17,0,17,9,17,0,17,4,0,17,0,9,0,4,9,4,17,9,0,9,4,0,9,0,17,0,4,0,9,4,0,4,17,4,0,4,9,0,9,17,0,4,0,9,17,0,17,4,17,0,17,9,17,4,9,0,9,4,9,17,9,4,0,9,0,17,0,9,4,0,4,17,4,0,4,9,4,17,0,17,9,17,4,17,9,17,0,9,4,9,17,4,17,0,4,0,9,0,17,4,17,0,9,17,9,4,9,17,0,9,0,4,9,0,9,17,9,4,9,17,9,0,17,4,17,9,4,9,0,4,9,4,17,0,17,4,9,17,9,0,17,9,17,4,17,0,17,4,17,9,4,0,4,17,0,17,9,0,17,0,4,9,0,9,17,9,0,9,4,9,0,17,4,17,0,17,9,17,0,4,17,4,9,4,0,4,17,0,4,0,9,0,4,0,17,0,9,17,0,17,4,17,9,4,0,9,4,9,17,9,4,9,0,9,17,0,9,0,4,9,4,17,0,4,0,9,0,4,0,17,0,9,4,9,17,0,17,4,0,17,0,9,0,4,0,17,4,0,4,9,4,17,4,0,17,4,17,9,0,17,0,4,0,9,0,17,9,4,9,0,17,9,17,4,9,4,0,4,17,4,9,17,4,17,0,17,4,17,9,17,0,9,4,0,17,9,17,4,17,9,0,9,4,0,9,0,17,9,4,9,0,4,0,17,4,0,4,9,17,4,9,0,9,17,4,17,9,0,17,0,4,17,4,9,4,0,4,17,0,4,0,9,0,17,0,9,0,4,9,0,9,17,4,0,17,4,17,9,0,4,9,17,9,0,17,0,4,0,9,0,17,9,0,9,4,9,17,9,0,17,9,17,4,17,9,17,0,17,4,0,17,0,9,4,17,9,0,9,4,0,4,17,0,9,17,9,4,17,9,17,0,17,4,0,17,0,9,17,4,17,9,17,4"
5,9,17,607,0,0,400000828,17.505,"0,5,0,9,0,5,0,17,0,5,0,9,5,0,5,17,5,0,5,9,5,17,9,0,9,5,0,5,17,0,5,0,9,0,17,0,9,0,5,9,0,9,17,5,0,5,17,5,9,5,17,5,0,17,9,17,0,5,0,9,0,17,9,5,17,0,5,17,5,9,17,0,17,9,17,5,17,9,0,17,0,5,17,0,17,9,17,5,9,0,9,5,9,17,5,0,9,0,5,0,17,0,5,0,9,5,9,17,0,9,5,0,5,17,5,9,5,0,9,5,9,17,9,0,17,9,17,5,0,5,9,5,17,9,17,0,17,9,17,5,17,0,5,9,0,9,17,0,9,0,5,0,17,5,0,5,9,0,17,9,17,5,9,5,0,5,17,5,9,17,5,17,0,17,5,17,9,5,9,0,17,9,17,5,17,0,17,5,17,9,5,17,5,0,5,9,0,9,17,0,17,5,17,0,9,17,9,5,17,9,17,0,17,5,17,0,17,9,0,17,0,5,0,9,0,5,0,17,5,0,9,17,5,9,5,0,5,9,17,5,17,0,17,9,5,9,17,9,0,5,0,9,17,0,17,5,17,0,9,17,9,5,17,9,17,0,5,0,9,17,9,5,9,0,9,5,9,17,5,0,5,9,0,5,0,17,5,0,5,9,0,9,17,9,5,17,9,17,0,17,5,0,17,0,9,5,9,17,5,9,0,5,17,0,5,0,9,0,5,0,17,0,9,17,0,17,5,0,5,9,0,9,17,9,5,9,0,5,9,5,17,5,0,5,9,0,5,0,17,0,5,0,9,0,17,9,0,9,5,0,17,0,5,0,9,0,5,17,0,17,9,17,5,17,0,5,0,9,0,5,0,17,5,0,5,9,5,17,5,0,17,5,17,9,0,9,5,17,5,0,9,5,0,17,0,9,17,0,17,5,17,9,17,5,17,0,5,9,5,17,9,5,9,0,5,9,5,17,0,17,5,17,0,9,0,5,9,0,17,9,5,0,5,17,0,5,0,9,0,5,0,17,0,9,17,0,17,5,0,9,5,0,17,0,5,9,0,9,17,9,0,9,5,9,17,0,17,5,17,9,5,9,0,9,5,9,17,9,0,17,9,17,5,17,9,17,0,9,0,5,17,9,17,0,17,5,17,0,17,9,0,9,5,0,17,0,5,9,5,17,5,0,17,0,9,5,0,17,5,17,9,17,0,17,5,0,17,0,9,0,17,0,5,0,9,5,0,5,17,0,9,0,17,0,5,0,17,9,0,9,5,9,17,5,9,5,0,5,17,0,5,0,9,17,5,9,17,9,0,5,17,0,17,9,17,0,5,17,5,9,5,17,5,0,5,17,9,0,17,0,5,0,17,0,9,0,5"
6,9,17,426,0,0,400000464,13.273,"0,6,0,9,0,6,0,17,0,6,0,9,6,0,6,17,6,0,6,9,6,17,9,0,9,6,0,6,17,0,6,0,9,17,0,17,6,17,0,17,9,17,0,6,9,0,9,17,0,6,9,6,17,9,6,9,0,9,17,0,6,0,17,0,9,0,17,6,0,6,9,0,9,17,9,6,17,9,17,0,17,6,17,0,17,9,0,17,0,6,0,9,0,17,9,17,6,9,6,0,9,6,9,17,9,0,9,17,9,6,17,9,17,0,17,6,17,0,17,9,0,9,6,9,17,6,0,6,17,6,9,17,0,6,0,17,0,9,0,17,0,6,17,9,17,0,6,17,6,9,17,9,0,9,6,9,0,9,17,0,6,0,17,0,9,17,0,6,9,6,17,6,0,17,9,0,17,0,6,0,17,0,9,0,6,9,17,6,0,9,0,6,0,17,0,6,0,9,6,9,17,6,9,6,0,6,17,6,0,6,9,0,6,17,9,17,0,17,6,9,0,9,17,9,6,0,6,17,9,6,0,9,0,17,0,6,0,17,0,9,17,6,17,0,6,17,6,9,17,9,0,17,6,0,9,0,6,17,6,0,9,6,9,17,9,0,9,17,9,6,17,9,17,0,17,9,17,6,17,0,6,9,0,9,17,9,6,0,9,6,17,6,0,17,6,17,9,17,0,17,6,0,17,0,9,0,17,0,6,17,6,9,6,0,17,0,9,0,6,0,9,0,17,9,6,9,0,6,0,17,0,9,17,9,6,9,0,6,9,6,17,9,17,0,17,6,9,6,17,6,0,17,0,9,6,0,17,6,17,9,17,0,17,9,17,6,9,17,9,0,9,17,9,6,9,0,6,17,0,9,0,6,9,6,17,6,0,17,9,17,6,9,17,9,0,17,0,6,0,9,0,6,0,17,6,17,9,6,0,6,9,17,9,6,9,0,17,0,6,9,0,9,17,9,6,9"
7,9,17,516,0,0,400000688,15.671,"0,7,0,9,0,7,0,17,0,7,0,9,7,0,7,17,7,0,7,9,7,17,9,0,9,7,0,7,17,0,7,0,9,0,17,0,9,0,7,9,0,9,17,7,0,7,17,7,9,7,17,7,0,17,9,17,0,7,0,9,0,17,9,7,9,17,9,0,9,17,7,0,7,17,7,9,0,17,9,17,7,17,9,17,0,17,7,0,17,0,9,7,17,7,0,7,9,7,0,7,17,0,9,0,7,9,0,9,17,0,7,17,0,9,17,9,7,17,9,17,0,7,0,17,0,7,9,7,17,7,0,17,9,17,0,17,7,17,0,9,17,9,7,17,9,17,0,17,7,17,0,17,9,0,17,0,7,0,9,0,17,9,7,17,9,17,0,9,0,7,0,9,0,17,9,0,7,9,7,17,9,7,9,0,17,9,17,7,17,0,7,17,7,9,7,0,7,17,0,7,0,9,17,9,0,7,9,17,0,17,7,0,17,0,9,0,7,0,9,0,17,9,0,9,7,17,0,7,17,7,9,17,9,0,9,17,7,0,7,9,0,7,0,17,0,9,17,7,9,7,0,7,17,7,0,7,9,0,7,0,17,0,7,0,9,0,17,9,0,9,7,0,7,17,0,7,0,9,7,0,7,17,9,7,9,0,9,7,9,17,9,0,17,7,0,7,9,0,9,17,0,9,0,7,9,0,9,17,0,17,7,17,9,17,7,17,0,7,9,7,17,9,7,9,0,7,0,17,0,7,0,9,7,0,17,7,17,9,17,7,0,17,0,9,0,17,0,7,0,9,17,7,9,7,0,9,0,17,0,9,0,7,9,0,9,17,9,7,17,9,17,0,17,9,17,7,9,7,0,9,7,17,9,17,0,17,9,17,7,17,0,7,17,7,9,7,0,9,17,0,7,17,0,9,17,9,7,9,17,9,0,9,17,7,17,0,17,9,0,9,7,0,7,17,0,7,0,9,0,17,0,9,0,7,9,7,17,7,0,7,17,7,9,17,7,17,0,17,9,0,17,0,7,0,9,7,0,7,17,0,9,17,7,9,17,0,9,7,0,9,0,17,0,9,0,7,0,17,7,0,7,9,0,17,0,9,0,7,9,7,17,7,9,7,0,7,9,17,0,17,9,17,7,17,9,17,0,9,0,7,9,0,17,9,17,7"
8,9,17,60,1,1,7707828,0.101,"0,17,8,0,9,17,9,8,17,8,0,8,17,9,17,8,17,9,0,9,8,0,8,17,8,0,9,0,8,0,9,17,9,0,9,17,8,17,9,17,0,9,0,8,17,8,0,8,17,9,17,8,17,0,8,0,9,17,8,9"
1,10,17,575,0,0,400000772,17.293,"0,1,0,10,0,1,0,17,0,1,0,10,1,0,1,17,1,0,1,10,1,17,10,0,10,1,0,1,17,0,1,0,10,0,17,10,1,10,0,17,0,1,17,0,17,10,0,17,0,1,10,0,10,17,10,0,10,1,10,0,17,1,0,1,10,0,10,17,0,17,1,0,1,10,17,0,1,17,0,17,10,17,0,17,1,17,10,1,17,1,0,1,10,0,17,0,1,10,1,17,10,1,10,0,10,17,10,0,10,1,0,1,17,0,17,10,1,17,1,0,1,10,0,10,17,0,17,1,0,17,0,10,0,1,0,10,0,17,10,0,1,10,17,10,1,0,1,17,0,1,0,10,17,0,10,1,10,17,1,10,1,0,1,17,1,0,1,10,0,1,0,17,10,1,10,0,1,0,17,0,1,0,10,0,17,1,17,0,17,10,0,1,0,10,17,10,1,10,0,1,0,17,1,0,1,10,0,1,0,17,1,17,10,1,0,17,0,10,17,0,17,1,17,10,17,1,17,0,1,10,1,17,0,1,0,10,1,0,1,17,10,17,0,10,17,10,1,10,0,1,10,1,17,1,0,1,17,1,10,17,0,1,10,0,1,0,17,0,1,0,10,0,17,10,0,10,1,17,0,17,10,17,1,0,1,17,1,10,0,10,1,17,10,17,0,10,0,1,0,10,17,0,17,1,17,0,17,10,17,1,10,17,10,0,10,17,10,1,17,1,0,10,0,17,0,1,10,17,10,0,17,10,1,0,1,10,1,17,1,10,0,1,10,17,10,0,17,0,1,0,17,10,0,17,0,1,17,1,10,17,10,0,17,1,10,1,17,1,0,17,1,10,0,10,1,10,17,10,1,0,10,0,17,0,1,10,1,0,1,17,1,0,1,10,0,17,0,10,0,1,0,10,17,1,10,1,0,10,0,17,10,17,1,17,0,1,10,1,0,17,0,1,0,10,17,10,1,0,10,0,17,0,1,0,17,0,10,17,0,17,1,17,10,17,0,10,17,10,1,0,10,1,17,1,0,17,1,17,10,0,10,1,0,10,0,17,0,1,0,10,1,0,1,17,1,10,1,0,10,1,10,17,10,0,10,17,10,1,17,10,0,17,0,1,0,17,10,17,1,17,0,17,1,17,10,1,10,0,10,17,10,1,17,10,17,0,17,1,0,17,0,10,17,10,1,10,17,0,10,0,1,0,17,0,1,0,10,1,10,17,1,0,1,17,10,17,0,17,10,1,10,17,0,10,0,1,0,17,10,1,10,17,10,0,10,17,1,10,17,0,17,1,17,0,17"
2,10,17,625,0,0,400000868,16.184,"0,2,0,10,0,2,0,17,0,2,0,10,2,0,2,17,2,0,2,10,2,17,10,0,10,2,0,2,17,0,2,0,10,0,17,0,10,0,2,10,0,10,17,2,0,2,10,0,10,17,10,0,10,2,10,17,0,17,10,17,0,2,0,10,0,17,2,10,2,0,2,10,17,0,17,2,0,17,0,10,0,17,0,2,0,10,2,10,17,10,0,17,0,2,10,0,17,10,17,2,17,10,17,0,17,2,0,17,0,10,0,17,0,2,0,10,2,10,17,0,2,17,0,17,10,17,0,2,17,2,10,17,2,17,0,10,0,2,10,2,17,2,0,2,10,0,2,0,17,0,10,0,17,0,2,17,0,10,17,10,2,10,17,0,10,0,2,0,17,0,2,0,10,2,0,2,17,10,0,10,2,0,2,17,2,0,2,10,2,17,10,0,10,2,0,10,0,17,10,17,2,0,2,10,17,2,0,17,0,10,17,0,17,2,17,10,17,2,17,0,2,10,2,0,2,17,0,2,10,17,10,2,10,0,2,17,2,0,10,0,2,0,17,10,17,2,10,17,10,0,17,2,17,10,2,10,0,10,2,10,17,10,0,17,10,17,2,17,10,17,0,10,0,2,17,0,17,10,17,2,17,0,2,0,10,2,10,17,2,17,0,10,17,10,2,10,0,10,17,10,2,17,0,2,10,2,0,17,0,2,0,17,10,17,0,2,17,2,10,2,17,2,0,2,10,17,0,10,0,2,0,10,0,17,0,2,17,0,17,10,17,2,17,0,2,17,2,10,2,0,2,17,0,2,0,10,0,17,10,2,17,2,0,2,10,2,17,10,0,10,17,2,17,0,2,17,10,2,0,10,0,17,0,2,17,0,17,10,17,2,17,10,17,0,10,17,10,2,10,0,10,2,10,17,2,10,0,17,0,2,0,17,10,17,2,0,17,10,2,10,0,10,2,17,2,0,2,10,2,0,2,17,0,17,10,17,2,0,2,10,0,2,17,0,17,10,0,17,0,2,0,10,0,2,0,17,2,0,2,10,2,0,2,17,2,10,17,10,0,10,2,0,17,2,10,0,2,0,17,0,2,0,10,0,17,10,0,10,2,10,17,10,2,10,0,2,10,2,17,0,10,0,17,0,2,17,2,10,2,0,10,17,10,2,17,10,17,0,17,2,17,10,2,0,10,0,17,0,10,2,0,2,17,2,0,2,10,2,17,10,2,10,0,10,17,0,10,0,2,17,2,10,2,0,10,0,17,0,2,0,10,2,0,2,17,2,0,2,10,2,17,10,2,10,0,17,2,0,2,10,2,0,17,2,17,10,17,0,10,17,10,2,10,0,2,17,0,10,0,2,10,2,17,2,0,2,10,0,2,0,17,0,10,17,10,2,10,0,2,0,17,2,0,2,10"
3,10,17,351,0,0,400000380,10.909,"0,3,0,10,0,3,0,17,0,3,0,10,3,0,3,17,3,0,3,10,3,17,10,0,10,3,17,10,17,0,10,0,3,0,10,0,17,0,3,17,0,17,10,17,0,17,3,17,10,3,0,3,10,17,10,0,17,0,3,0,10,0,3,0,17,3,0,3,10,3,0,3,17,3,10,17,10,0,3,0,10,0,17,10,3,10,17,0,10,17,3,10,3,0,3,10,3,17,3,0,10,17,10,3,17,10,17,0,17,10,17,3,10,3,0,3,17,10,17,3,17,0,3,0,10,0,3,17,0,17,10,17,0,3,17,3,10,17,3,17,0,17,10,17,0,17,3,0,17,0,10,0,17,0,3,0,10,3,0,3,17,0,10,0,17,0,3,17,3,10,17,0,17,10,17,3,10,3,0,3,17,0,3,0,10,3,17,10,17,0,10,0,3,0,17,0,3,0,10,3,0,3,17,3,0,3,10,3,17,10,3,10,0,3,0,17,0,3,10,3,0,3,17,0,17,10,17,3,17,0,3,17,3,10,3,17,3,0,3,10,0,17,10,17,3,17,10,17,0,17,3,0,17,0,10,0,17,0,3,0,10,3,0,3,17,0,10,17,0,3,17,3,10,3,0,3,10,3,17,10,3,10,0,17,3,17,10,3,17,0,3,0,10,0,3,17,0,17,10,17,0,17,3,17,10,0,3,0,17,3,17,10,17,3,17,0,17,10,3,10,17,10,3,0,3,17,3,10,3,17,3,0,17,0,10,17,0,17,3,17,10,3,0,10,0,17,10,3,17,10,17"
4,10,17,631,0,0,400000888,19.494,"0,4,0,10,0,4,0,17,0,4,0,10,4,0,4,17,4,0,4,10,4,17,10,0,10,4,0,4,17,0,4,0,10,0,17,0,10,0,4,10,0,10,17,4,0,4,10,0,10,17,10,0,10,4,10,17,0,17,10,17,0,4,0,10,4,10,17,0,4,10,17,4,17,0,17,4,10,17,10,0,17,10,4,17,0,4,0,10,0,17,0,10,0,4,10,0,10,17,4,10,4,0,4,10,4,17,4,0,10,0,17,0,4,10,17,10,0,10,4,17,4,0,17,4,17,10,17,4,17,0,17,10,0,4,10,17,0,17,10,17,4,17,10,17,0,10,0,4,10,0,10,17,0,10,0,4,10,4,17,4,0,4,10,4,17,10,17,0,10,17,10,4,0,10,0,17,0,4,17,0,17,10,17,4,17,10,17,0,10,4,10,17,4,10,4,0,4,17,4,10,17,4,17,0,17,4,17,10,17,0,10,17,10,4,17,0,4,17,10,4,10,0,10,4,10,17,10,0,17,10,17,4,17,10,17,0,17,4,0,10,0,17,10,17,4,10,17,10,0,4,10,4,17,4,0,4,10,0,4,0,17,0,10,17,0,17,4,17,10,17,0,10,17,10,4,10,0,10,17,0,4,0,17,0,10,17,4,10,0,10,4,17,4,0,10,0,4,0,17,0,4,0,10,4,10,17,4,0,4,10,17,4,17,0,17,10,17,4,17,0,4,0,10,17,0,17,4,17,10,17,0,10,17,10,4,10,0,10,17,0,4,0,10,4,0,4,17,4,10,17,0,10,4,10,17,4,17,0,17,10,17,4,10,0,10,17,0,10,0,4,10,0,10,17,0,17,4,17,0,10,0,4,0,17,0,4,0,10,4,10,17,0,4,0,10,4,0,4,17,4,0,4,10,0,10,17,4,10,4,0,10,4,10,17,0,17,10,17,0,4,0,10,0,17,0,10,0,4,10,4,17,4,0,10,0,4,0,17,4,17,10,17,0,10,17,10,4,10,17,10,0,10,4,0,4,17,4,10,17,4,17,0,17,4,17,10,4,10,0,4,17,0,17,10,17,4,17,10,17,0,10,17,10,4,10,17,10,0,10,4,0,4,17,10,17,0,10,0,4,0,10,17,4,10,4,0,10,0,17,10,17,4,17,10,17,0,17,4,0,17,0,10,17,10,4,17,4,0,4,17,10,4,10,0,4,0,17,0,4,0,10,0,4,17,10,4,0,10,0,17,0,4,0,17,0,10,17,0,17,4,17,10,4,17,4,0,17,0,10,0,4,17,4,0,4,10,4,0,4,17,0,10,0,4,17,4,10,17,4,17,0,17,4,17,10,17,0,10,17,10,4,10,17,10,0,10,4,0,17,4,17,10,17,0,4,17,0,10,0,4,10,4,17,10,4,0,10,17,0,10,4"
5,10,17,380,0,0,400000364,11.319,"0,5,0,10,0,5,0,17,0,5,0,10,5,0,5,17,10,0,10,5,0,10,17,0,17,5,0,10,5,10,17,5,10,5,0,17,5,17,10,17,0,17,5,0,5,10,0,5,0,17,0,10,0,17,0,5,17,0,17,10,17,0,17,5,17,10,5,0,10,17,5,17,10,17,0,17,10,17,5,10,5,0,10,5,10,17,5,10,5,0,10,0,17,0,5,0,10,0,17,10,17,5,10,17,10,0,17,10,17,5,0,17,0,10,0,17,0,5,0,10,17,10,5,10,0,5,0,17,0,5,0,10,5,0,5,17,10,5,10,0,10,5,10,17,10,5,0,17,5,17,10,5,10,0,5,0,17,0,5,0,10,0,17,5,17,10,17,0,17,10,17,5,10,5,0,10,5,10,17,10,0,10,17,10,5,17,10,17,0,17,10,17,5,17,0,5,17,5,10,5,0,10,17,0,17,5,17,10,0,10,5,10,17,10,5,10,0,5,17,0,5,0,10,0,5,0,17,5,17,10,17,0,17,5,17,10,5,10,0,5,17,5,10,17,5,17,0,17,10,17,0,17,5,0,17,0,10,0,17,0,5,0,10,5,0,5,17,0,17,10,17,0,17,5,0,17,10,5,10,0,5,10,5,17,0,17,5,10,17,10,0,10,17,10,5,10,0,5,10,5,17,0,10,0,5,0,17,0,5,0,10,5,10,17,10,5,0,17,5,17,10,17,5,17,0,17,10,0,17,0,5,0,10,0,5,0,17,5,0,10,5,10,17,5,10,0,17,0,5,0,17,10,17,5,10,17,10,0,10,17,10,5,10,0,5,0,17,5,0,10,17,10,5,10,0,5,0,17,0,10"
6,10,17,650,0,0,400000860,16.605,"0,6,0,10,0,6,0,17,0,6,0,10,6,0,6,17,6,0,6,10,6,17,10,0,10,6,0,6,17,0,6,0,10,0,17,0,10,0,6,10,0,10,17,6,0,6,17,6,10,6,17,6,0,17,10,17,0,6,0,10,0,17,10,6,10,17,10,0,10,17,6,0,6,10,6,17,0,17,6,10,17,0,10,0,6,0,10,17,0,17,6,17,0,17,10,17,0,6,10,0,17,10,17,6,17,10,17,0,17,10,6,10,0,10,17,0,6,17,6,10,6,0,10,6,10,17,0,10,0,6,0,10,0,17,0,6,10,6,17,10,17,0,6,0,10,0,17,0,10,0,6,10,17,10,0,17,10,17,6,17,0,17,6,17,10,6,0,10,0,17,0,10,0,6,0,17,6,0,6,10,0,17,10,6,17,6,0,6,10,17,10,0,10,6,0,17,6,0,6,10,0,10,17,0,10,0,6,0,17,0,6,0,10,6,0,6,17,6,0,6,10,6,17,10,0,10,6,0,10,0,17,0,6,0,10,6,0,6,17,10,6,17,0,17,6,10,17,10,0,10,17,6,0,6,10,0,6,0,17,0,10,17,0,17,6,17,0,17,10,0,10,6,10,17,6,17,0,17,6,17,10,6,17,6,0,6,10,0,6,0,17,6,17,10,17,0,6,0,17,0,10,6,10,17,0,10,0,6,0,17,0,6,0,10,6,0,17,10,6,17,6,0,6,17,10,6,10,0,10,17,10,6,17,10,17,0,6,17,6,10,6,17,6,0,6,10,0,17,0,6,10,6,17,10,6,10,0,10,17,10,6,17,10,17,0,17,10,17,6,10,6,0,6,17,0,17,10,17,6,17,10,17,0,10,17,10,6,0,17,0,10,17,0,17,6,17,0,17,10,17,6,10,6,0,6,17,6,10,17,0,17,10,6,10,0,10,6,17,6,10,0,6,0,17,0,10,0,6,10,6,17,6,10,6,0,6,17,0,6,0,10,0,6,0,17,6,17,10,0,10,6,17,10,17,0,17,6,17,0,17,10,0,6,0,17,6,17,10,6,17,6,0,6,10,0,6,0,17,0,6,0,10,6,10,17,6,10,0,6,0,17,0,6,0,10,0,17,10,0,10,6,0,17,0,6,10,0,6,17,6,10,17,6,17,0,17,10,0,17,0,6,10,0,10,17,0,17,6,0,6,10,0,10,17,6,10,6,0,6,17,6,10,17,6,17,0,17,6,17,10,17,0,10,17,10,6,17,6,0,17,10,0,10,6,0,10,0,17,0,6,17,0,17,10,17,6,10,0,6,17,0,6,0,10,6,17,6,10,0,6,10,17,10,0,10,6,0,17,6,10,6,0,10,0,17,0,6,0,10,6,0,6,17,6,0,6,10,6,17,10,6,10,0,17,0,6,17,0,17,10,17,6,17,10,17,0,10,6,0,6,17,6,10,0,6,10,17,10,0,6"
7,10,17,60,1,1,7707828,0.106,"0,17,7,0,10,17,10,7,17,7,0,7,17,10,17,7,17,10,0,10,7,0,7,17,7,0,10,0,7,0,10,17,10,0,10,17,7,17,10,17,0,10,0,7,17,7,0,7,17,10,17,7,17,0,7,0,10,17,7,10"
1,11,17,710,0,0,400000984,20.958,"0,1,0,11,0,1,0,17,0,1,0,11,1,0,1,17,1,0,1,11,1,17,11,0,11,1,0,1,17,0,1,0,11,0,17,0,11,0,1,11,0,11,17,1,0,1,11,0,11,17,11,0,11,1,11,17,0,17,11,17,0,1,0,11,1,11,17,0,1,11,17,1,17,0,17,1,11,17,11,0,17,11,1,17,0,1,0,11,0,17,0,11,0,1,11,0,11,17,1,11,1,0,1,11,1,17,1,0,11,0,17,0,1,11,1,17,1,11,0,11,17,1,17,11,0,17,0,1,17,0,17,11,1,11,0,17,11,17,1,17,11,17,0,17,11,1,11,0,11,17,0,1,17,11,1,11,0,11,17,0,11,0,1,0,11,0,17,0,1,17,0,17,11,0,1,0,11,17,11,1,17,1,0,1,11,0,1,0,17,0,1,0,11,0,17,11,1,11,17,11,0,11,17,1,11,1,0,1,11,17,1,17,0,17,11,1,11,0,11,17,0,1,17,11,17,0,11,0,1,0,17,1,0,1,11,1,17,1,0,17,1,17,11,17,0,17,11,17,1,11,0,17,1,0,17,0,11,1,11,0,17,11,1,17,11,17,0,17,11,17,1,17,0,1,17,1,11,17,0,11,17,11,1,0,1,17,1,11,17,11,0,11,17,11,1,11,0,17,0,11,0,1,0,11,0,17,11,1,17,11,0,17,0,1,17,0,11,17,11,1,11,0,1,17,1,11,0,1,0,17,0,1,0,11,0,17,11,17,1,11,0,17,0,1,17,0,17,11,17,1,11,17,11,0,11,1,0,17,1,0,11,1,17,11,17,0,17,1,17,11,1,17,1,0,1,11,1,0,1,17,0,17,11,17,1,11,0,11,1,11,17,1,11,0,17,0,11,0,1,0,11,0,17,11,1,11,0,1,0,17,1,17,11,1,17,1,0,1,11,1,0,1,17,0,1,0,11,0,1,0,17,0,11,17,0,17,1,0,1,11,0,1,0,17,1,0,1,11,17,11,1,11,0,17,0,11,0,1,0,11,0,17,11,1,11,0,17,0,1,17,0,17,11,17,1,11,17,11,0,17,1,0,1,11,1,17,11,0,11,1,17,11,17,0,11,0,1,0,17,0,1,0,11,1,11,17,1,11,1,0,1,17,1,0,1,11,0,1,0,17,0,1,0,11,0,17,11,17,1,11,0,11,1,11,17,1,0,17,1,17,11,17,1,17,0,17,11,0,1,11,17,0,17,11,17,1,17,11,17,0,11,0,1,11,0,11,17,11,1,11,17,11,0,17,11,17,1,0,1,11,0,1,0,17,0,11,0,1,11,0,11,17,11,0,11,1,11,17,1,17,0,17,11,0,11,1,11,17,1,11,1,0,1,17,1,0,1,11,0,1,0,17,11,17,1,0,1,11,0,1,0,17,0,1,0,11,0,17,11,0,11,1,17,1,0,11,0,17,11,0,11,1,11,0,11,17,11,1,17,1,0,17,0,11,17,11,1,0,11,0,17,0,1,0,11,1,0,1,17,1,11,1,0,11,1,11,17,11,1,11,0,1,0,17,11,1,11,0,11,17,1,17,11,17,0,17,11,17,1,17"
2,11,17,710,0,0,400000984,22.137,"0,2,0,11,0,2,0,17,0,2,0,11,2,0,2,17,2,0,2,11,2,17,11,0,11,2,0,2,17,0,2,0,11,0,17,11,0,11,2,0,2,17,11,17,2,0,17,0,11,0,17,0,2,0,17,11,17,2,17,0,17,2,17,11,2,11,0,2,0,17,0,2,0,11,0,17,11,0,11,2,0,2,17,2,11,17,0,11,2,11,17,2,17,0,17,2,17,11,17,0,11,2,11,17,0,11,0,2,0,11,0,17,0,2,11,17,11,0,11,2,17,2,11,2,0,11,0,17,0,2,0,11,2,0,2,17,2,11,17,2,17,0,17,11,17,2,11,17,11,0,11,17,11,2,17,2,0,2,11,0,17,0,11,0,2,0,11,17,0,17,2,17,11,17,0,11,17,11,2,11,0,2,11,2,17,11,0,11,17,11,2,11,17,0,2,0,17,0,11,17,2,17,11,17,0,17,11,2,17,2,0,17,2,17,11,17,0,17,11,17,2,11,17,11,0,2,11,2,17,2,11,2,0,2,11,17,0,17,2,17,11,2,11,0,11,2,11,17,11,0,2,0,17,0,2,11,2,0,2,17,11,17,2,17,0,2,0,11,2,17,2,11,0,11,17,2,17,11,17,0,17,11,17,2,11,0,2,0,17,0,11,17,0,17,2,17,11,17,0,11,17,11,2,11,0,11,2,11,17,2,0,11,17,0,11,0,2,17,2,11,0,2,0,17,0,2,0,11,0,17,11,0,11,2,17,0,2,0,11,2,11,17,2,11,2,0,17,2,17,11,17,0,17,2,0,2,11,2,0,17,11,0,17,0,2,0,17,0,11,0,2,11,0,11,17,2,11,2,0,11,0,17,0,2,0,11,2,0,2,17,2,0,2,11,0,11,17,2,0,2,11,2,17,0,17,2,17,0,11,0,2,0,17,0,2,0,11,2,11,17,2,0,11,0,17,11,0,2,11,2,17,2,0,17,11,17,0,17,2,17,0,11,17,11,2,11,0,2,11,2,17,2,0,2,11,0,2,0,17,11,0,11,2,11,0,11,17,11,0,2,17,0,11,0,2,17,2,0,2,11,17,11,0,17,11,17,2,11,0,11,17,0,17,2,17,0,17,11,17,2,0,2,17,2,0,11,0,17,0,2,0,17,0,11,17,11,2,0,17,0,11,17,0,17,2,17,0,17,11,0,11,2,11,0,11,17,11,2,17,11,17,0,17,11,17,2,11,2,0,11,17,0,17,2,17,11,17,2,17,0,2,17,2,11,2,17,2,0,2,11,0,11,17,0,2,17,2,11,17,2,17,0,11,17,11,2,11,0,11,17,0,2,0,17,0,11,17,11,2,17,2,0,2,17,11,0,17,0,2,0,17,0,11,0,2,11,0,11,17,11,0,11,2,0,2,17,2,11,0,17,0,11,0,17,2,17,11,17,0,17,11,17,2,11,2,0,2,11,17,11,0,11,2,0,2,17,2,0,11,0,2,0,17,11,17,0,17,2,0,2,11,2,0,2,17,0,2,0,11,0,17,0,11,0,2,11,0,11,17,11,2,17,0,2,0,11,2,11,17,11,2,11,0,11,17,0,11,0,2,11"
3,11,17,481,0,0,400000632,15.368,"0,3,0,11,0,3,0,17,0,3,0,11,3,0,3,17,3,0,3,11,3,17,11,0,11,3,0,3,17,0,17,11,17,0,17,3,0,17,0,11,0,3,11,3,17,11,0,11,3,0,11,0,17,0,3,0,11,3,0,3,17,3,0,3,11,0,11,17,0,3,0,11,17,0,17,3,17,0,17,11,17,3,11,0,11,3,11,17,11,3,0,11,0,17,0,11,3,0,3,17,3,0,3,11,3,17,0,17,11,17,3,17,11,17,0,11,3,11,17,3,17,0,3,0,11,0,17,3,17,0,11,17,11,3,11,17,0,11,0,3,11,0,11,17,11,3,11,17,11,0,17,3,17,11,3,11,0,3,11,3,17,0,17,3,11,17,11,0,17,11,17,3,17,0,17,3,17,11,3,0,3,17,0,3,0,11,3,11,17,11,0,11,3,11,17,3,17,0,17,11,17,3,17,0,3,11,3,17,11,3,11,0,3,0,17,3,0,3,11,0,3,0,17,11,0,11,3,11,0,11,17,11,3,0,17,0,11,0,3,17,11,3,17,3,0,3,17,3,11,17,11,0,11,3,0,11,0,17,0,11,0,3,0,17,3,0,3,11,3,0,3,17,0,17,11,0,3,17,3,0,3,11,3,0,17,3,17,11,17,3,17,0,17,3,11,3,0,11,0,17,0,11,3,11,17,11,3,0,3,17,11,17,0,3,0,11,3,0,3,17,3,0,3,11,3,17,11,17,0,3,0,11,3,11,17,11,0,11,17,11,3,17,11,17,0,17,11,17,3,17,0,3,17,3,11,3,0,3,11,3,17,11,0,11,3,17,3,0,17,3,17,11,17,0,11,17,11,3,11,0,3,0,17,11,0,3,11,3,17,3,11,0,3,0,17,0,3,0,11,0,17,11,0,11,3,11,0,11,17,11,3,17,11,17,0,17,11,17,3,11,3,0,3,11,17,11,3,11,17,0,17,3,17,11,17,3,17,0,3,0,11,3,0,3,17,3,11,17,11,0,11,17,11,3,11,0,17,0,3,17,0,17,11,17,3,17,11,17,0,11,17,11,3,0,3,17,11,17,3,17,11"
4,11,17,708,0,0,400000960,19.799,"0,4,0,11,0,4,0,17,0,4,0,11,4,0,4,17,4,0,4,11,4,17,11,0,11,4,0,4,17,0,4,0,11,0,17,0,11,0,4,11,0,11,17,4,0,4,17,4,11,17,11,0,4,0,11,17,0,17,4,17,0,11,0,4,0,17,0,4,0,11,4,11,17,0,11,0,4,0,17,4,0,4,11,4,17,4,0,17,4,17,11,0,17,11,4,11,0,4,11,4,17,4,0,4,17,4,11,17,11,0,4,17,4,11,17,4,17,0,17,4,17,11,4,11,0,11,17,0,4,0,11,4,0,4,17,0,4,0,11,17,0,11,4,11,0,17,11,17,4,11,4,0,4,11,4,17,4,0,11,17,11,4,17,4,0,4,17,4,11,17,4,17,0,17,11,17,0,17,4,0,11,17,11,0,11,4,11,0,17,4,17,11,17,4,0,4,11,4,17,11,17,0,17,11,17,4,17,0,4,11,4,17,11,4,11,0,11,17,11,0,11,4,0,11,17,0,4,11,4,17,11,4,0,17,0,11,17,11,4,17,11,17,0,17,4,17,0,17,11,0,4,17,4,0,4,11,0,4,17,11,17,0,11,17,11,4,11,0,4,11,4,17,4,11,4,0,4,17,0,4,0,11,4,11,17,11,4,0,11,0,17,11,0,11,4,11,17,11,4,11,0,4,0,17,4,17,11,17,0,11,4,11,17,0,11,0,4,0,17,0,4,0,11,4,0,4,17,4,11,17,4,17,0,17,11,17,4,11,0,4,0,17,0,4,0,11,0,17,11,0,11,4,0,17,0,4,0,11,4,11,17,4,11,4,0,4,17,4,0,4,11,0,4,0,17,0,4,0,11,0,17,11,0,11,4,0,4,17,0,4,0,11,4,0,4,17,11,4,11,0,11,17,0,11,0,4,11,4,17,11,4,11,0,4,11,4,17,0,17,4,17,0,11,4,11,17,11,0,17,0,4,0,11,4,0,4,17,4,11,17,0,11,4,0,4,17,0,4,0,11,0,17,0,11,0,4,11,0,11,17,4,0,4,11,0,4,17,0,17,11,17,4,11,17,11,0,11,4,0,4,17,4,11,4,17,4,0,17,11,17,4,11,17,11,0,11,4,0,17,4,17,11,17,0,4,0,11,0,17,4,11,4,0,11,4,11,17,11,0,11,17,11,4,17,11,17,0,4,0,11,17,11,4,17,11,17,0,17,11,17,4,17,0,4,17,4,11,0,11,17,4,11,0,4,0,17,0,11,17,4,17,0,11,17,11,4,11,0,11,17,11,4,17,4,0,4,11,4,0,4,17,0,4,11,0,17,4,17,11,17,0,11,0,4,0,11,17,11,0,11,4,0,4,17,4,0,4,11,0,4,0,17,0,11,0,17,0,4,17,4,11,4,0,17,0,11,0,17,4,17,0,17,11,4,11,17,11,0,4,0,17,4,0,4,11,4,17,11,4,11,0,11,17,11,4,17,0,17,11,0,17,0,4,17,4,11,17,0,11,17,11,4,11,17,11,0,11,4,0,11,0,17,0,11,0,4,0,17,4,11,4,0,17,0,11,0,17,4,17,11,0,11,17,4,11,0,4,0"
5,11,17,344,0,0,400000416,11.057,"0,5,0,11,0,5,0,17,0,5,0,11,5,0,5,17,5,0,5,11,5,17,11,0,11,5,17,11,17,0,11,0,5,0,11,0,17,0,5,17,0,17,11,17,0,17,5,17,11,5,0,5,11,17,11,0,17,0,5,0,11,0,5,0,17,5,0,5,11,5,0,5,17,5,11,17,11,0,5,0,11,0,17,11,5,11,17,0,11,17,5,11,5,0,5,11,5,17,5,0,11,17,11,5,17,11,17,0,17,11,17,5,11,5,0,5,17,11,17,5,17,0,5,0,11,0,5,17,0,17,11,17,0,5,17,5,11,17,5,17,0,17,11,17,0,17,5,0,17,0,11,0,17,0,5,0,11,5,0,5,17,0,17,11,5,11,17,11,5,0,5,17,0,17,11,0,17,0,5,0,11,0,5,0,17,5,0,5,11,17,11,0,5,0,17,5,0,5,11,5,0,5,17,5,11,17,5,17,0,5,11,0,5,0,17,5,17,11,17,0,17,5,0,11,0,17,11,17,5,11,5,0,5,17,5,0,5,11,0,5,0,17,0,11,0,17,0,5,17,0,17,11,17,5,11,0,11,17,0,11,0,5,11,17,5,0,11,5,17,11,17,0,17,11,17,5,17,11,0,11,5,17,5,11,5,0,5,11,5,17,11,0,11,5,17,11,17,0,11,0,5,0,17,5,0,5,11,5,0,5,17,0,17,11,5,0,5,11,5,17,5,11,5,0,11,17,11,5,17,11,17,0,17,5,0,11,5,11,17,11,5,11,0,11"
6,11,17,60,1,1,7707828,0.099,"0,17,6,0,11,17,11,6,17,6,0,6,17,11,17,6,17,11,0,11,6,0,6,17,6,0,11,0,6,0,11,17,11,0,11,17,6,17,11,17,0,11,0,6,17,6,0,6,17,11,17,6,17,0,6,0,11,17,6,11"
1,12,17,733,0,0,400001016,19.680,"0,1,0,12,0,1,0,17,0,1,0,12,1,0,1,17,1,0,1,12,1,17,12,0,12,1,0,1,17,0,1,0,12,0,17,0,12,0,1,12,0,12,17,1,0,1,12,0,12,17,12,0,12,1,12,17,0,17,12,17,0,1,0,12,0,17,0,12,0,1,12,1,17,0,12,0,1,0,17,0,1,0,12,1,17,1,0,12,1,12,17,12,0,12,1,0,12,0,17,0,1,0,17,0,12,17,1,12,17,0,12,0,1,0,12,17,12,1,12,0,12,1,12,17,1,17,0,17,12,1,12,17,12,0,17,0,1,0,12,1,17,1,0,17,0,12,17,0,17,1,17,12,17,1,17,0,1,12,17,12,0,17,12,17,1,17,0,1,12,1,0,1,17,0,12,17,12,1,12,0,12,1,12,17,1,12,1,0,1,12,1,17,1,0,17,0,12,0,1,17,0,1,12,1,17,0,17,1,12,17,12,0,17,0,1,0,12,0,1,0,17,1,0,1,12,1,0,1,17,1,12,17,1,17,0,1,0,12,0,1,0,17,0,1,12,17,1,17,0,17,1,12,17,12,0,17,0,1,0,12,0,17,0,1,17,12,17,0,12,0,1,0,17,1,0,1,12,1,17,12,1,12,0,12,17,12,1,17,1,0,17,1,17,12,17,0,12,0,1,0,12,0,17,0,1,17,0,17,12,17,1,17,12,17,0,12,17,1,12,1,0,1,12,17,1,17,0,17,1,17,12,17,0,1,12,1,17,12,17,0,17,12,17,1,12,17,12,0,12,1,12,17,1,0,1,17,12,1,17,0,17,12,0,17,0,1,17,0,17,12,1,17,12,0,12,17,1,12,1,0,1,12,1,17,1,0,12,17,12,1,12,0,17,0,12,0,1,17,1,0,1,12,1,0,1,17,0,12,0,17,1,17,0,17,12,1,12,17,0,12,0,1,0,17,0,12,17,0,17,1,17,0,17,12,17,1,12,0,12,1,17,12,1,0,12,0,17,12,0,12,1,12,17,12,1,12,0,1,12,1,17,0,17,12,0,17,0,1,17,12,17,1,17,0,1,0,12,1,12,17,1,12,0,1,0,17,0,1,0,12,0,17,1,12,17,12,0,17,1,0,12,1,12,17,1,12,1,0,1,17,1,0,1,12,0,1,0,17,12,1,12,0,1,0,17,0,1,0,12,0,17,12,0,12,1,17,0,17,12,17,1,0,1,17,1,12,0,12,17,0,12,0,1,0,17,1,0,1,12,1,17,1,12,1,0,12,17,1,0,12,0,17,12,0,1,17,1,12,17,12,0,17,12,17,1,17,0,17,1,17,12,1,0,17,0,1,0,12,1,12,17,1,0,1,17,12,17,0,17,1,0,12,0,1,0,17,0,1,12,0,12,17,0,12,0,1,0,17,0,1,0,12,1,0,1,17,1,12,1,0,12,0,17,0,1,0,17,0,12,17,1,17,0,1,17,1,12,1,0,1,17,0,12,0,1,12,1,17,1,0,1,12,1,17,12,0,12,17,1,17,12,17,0,1,0,17,0,1,12,1,17,12,1,12,0,1,0,17,1,12,0,12,17,0,12,0,1,0,17,0,1,0,12,1,0,1,17,12,17,0,1,0,17,0,1,12,1,0,1,17,1,0,1"
2,12,17,652,0,0,400000560,16.501,"0,2,0,12,0,2,0,17,0,2,0,12,2,0,2,17,2,0,2,12,2,17,12,0,12,2,0,2,17,0,2,0,12,0,17,0,12,0,2,12,0,12,17,2,0,2,12,0,12,17,12,0,12,2,12,17,0,17,12,17,0,2,0,12,0,17,0,12,0,2,12,2,17,2,0,12,0,17,12,0,12,2,12,17,2,12,2,0,2,12,2,17,2,0,17,0,12,2,17,12,17,0,17,12,17,2,17,0,2,0,12,17,12,2,12,17,0,2,17,2,12,17,0,12,0,2,0,17,2,0,2,12,2,17,2,12,2,0,12,2,12,17,0,2,17,12,17,2,0,2,12,2,17,12,17,0,12,0,2,0,12,0,17,0,2,12,17,2,17,0,2,0,12,0,2,0,17,2,0,2,12,2,17,2,0,17,2,17,12,17,0,12,0,2,0,17,2,0,2,12,0,12,17,12,0,2,17,0,17,12,17,0,17,2,17,12,2,0,12,17,0,12,2,0,2,17,2,12,2,17,2,0,17,0,12,17,12,2,12,17,12,0,17,12,17,2,17,0,17,12,0,12,2,17,2,12,0,2,0,17,0,12,17,12,2,17,12,17,0,17,2,17,0,17,12,0,17,0,2,0,12,0,17,12,17,2,17,0,2,12,0,2,0,17,0,2,0,12,0,17,12,2,12,0,2,12,2,17,2,0,2,12,0,12,17,0,2,17,2,12,17,2,17,0,17,12,0,12,2,0,17,0,12,17,0,17,2,17,12,17,0,12,17,12,2,12,17,12,0,17,0,2,17,12,2,12,0,12,2,17,2,0,2,12,17,0,17,12,17,0,2,0,12,0,2,17,2,0,2,12,0,12,17,12,0,2,12,2,17,2,12,2,0,2,12,17,0,17,2,0,2,12,2,0,2,17,0,2,0,12,0,17,0,2,17,2,12,2,0,2,12,2,17,12,2,0,12,17,0,17,2,0,17,0,12,0,2,12,0,12,17,2,0,17,2,17,12,17,2,17,0,17,12,0,17,0,2,17,12,2,0,12,0,17,0,12,0,2,0,17,2,0,2,12,2,0,2,17,2,12,17,0,17,12,2,12,17,0,12,0,2,0,17,0,2,0,12,2,12,17,2,12,2,0,2,17,2,0,2,12,0,2,0,17,0,2,0,12,0,17,12,2,12,0,2,0,17,0,2,0,12,2,0,2,17,2,12,17,12,0,17,2,17,12,0,17,0,2,0,17,0,12,0,2,12,0,12,17,0,2,0,17,0,12,0,17,2,0,2,12,2,17,2,12,2,0,12,2,12,17,12,0,17,0,2,17,12,17,2,17,0,2,0,12,0,17,0,12,0,2,12,0,17,12,17,2,17,0,17,2,17,12,2,17,2,0,12,17,12,2,12,0,17,0,12,0,2,12,17,2,0,17,2,17,12,2,0,2,12,2,17,12,0,12,17,12,2,17,0,2,0,12"
3,12,17,677,0,0,400000908,20.193,"0,3,0,12,0,3,0,17,0,3,0,12,3,0,3,17,3,0,3,12,3,17,12,0,12,3,0,3,17,0,3,0,12,0,17,0,12,0,3,12,0,17,3,12,17,3,17,0,3,17,12,0,3,12,0,12,17,12,0,12,3,0,3,17,12,3,12,0,12,17,0,12,0,3,0,17,0,3,0,12,3,0,3,17,3,0,3,12,3,17,12,0,17,3,0,17,0,12,0,17,0,3,0,12,3,0,3,17,0,12,0,17,0,3,17,12,0,12,17,12,3,12,17,0,3,17,0,17,12,17,0,17,3,17,12,3,17,3,0,3,12,0,3,0,17,0,12,0,3,12,17,3,0,3,12,0,12,17,0,12,3,12,0,12,17,0,17,3,12,17,0,12,0,3,0,17,0,12,17,0,17,3,17,12,3,12,0,12,17,0,17,3,17,12,17,3,17,0,3,12,3,17,12,3,12,0,3,0,17,0,12,0,17,0,3,17,12,17,0,12,17,12,3,17,0,3,17,3,12,0,17,12,0,12,3,12,0,12,17,12,3,17,12,17,0,12,0,3,0,12,17,3,17,12,17,0,17,12,17,3,12,3,0,3,12,17,3,17,0,17,3,17,12,17,3,0,12,0,17,12,17,3,17,12,17,0,12,17,12,3,12,0,12,17,0,3,0,17,0,12,0,17,3,12,17,3,17,0,17,3,12,0,3,0,17,0,3,0,12,0,17,12,0,12,3,0,3,17,3,12,0,12,3,17,12,17,0,12,0,3,0,12,0,17,0,3,12,17,12,0,17,12,17,3,17,12,17,0,17,3,0,3,12,3,0,17,3,17,12,17,0,3,0,12,17,12,3,12,0,3,17,3,0,3,12,3,0,17,3,17,12,17,0,17,3,0,3,12,3,0,3,17,0,3,0,12,0,17,0,12,0,3,12,0,17,3,12,17,3,17,0,3,12,0,17,3,0,3,12,3,0,3,17,3,12,17,12,0,12,3,12,0,12,17,0,12,0,3,0,17,0,3,0,12,3,17,3,12,0,3,12,17,3,17,0,17,3,17,12,17,0,12,0,3,0,12,17,12,0,12,17,3,17,0,3,17,3,12,3,0,12,17,12,3,17,12,17,0,17,12,17,3,17,0,3,17,3,12,17,0,17,12,17,3,17,12,0,17,0,3,0,12,3,17,3,12,0,12,17,3,17,0,3,17,3,12,3,17,3,0,3,12,0,3,0,17,0,3,0,12,3,12,17,12,3,12,0,12,17,0,12,0,3,0,17,0,3,0,12,3,0,3,17,3,0,3,12,3,17,12,17,0,12,3,0,3,17,0,3,0,12,0,17,12,3,17,12,17,0,17,12,17,3,17,0,3,0,12,0,17,3,17,12,3,17,3,0,3,12,3,0,3,17,0,3,0,12,0,17,0,3,17,12,17,3,17,0,3,0,12,3,0,3,17,12,3,12,0,12,17,0,12,0,3,0,17,3,0,3,12,0,17,0,12,0,3,12,0,17,3,17,0,17,12,17,0,3"
4,12,17,774,0,0,400000888,20.575,"0,4,0,12,0,4,0,17,0,4,0,12,4,0,4,17,4,12,4,0,12,0,17,0,4,0,17,0,12,17,0,4,17,4,12,4,0,12,0,17,0,4,12,17,12,4,12,0,12,4,12,17,4,0,4,12,0,4,0,17,0,4,0,12,0,17,12,0,12,4,0,17,4,12,17,12,0,17,12,17,4,0,17,0,12,0,4,0,17,0,12,17,4,17,0,4,17,4,12,17,0,12,4,12,17,0,17,4,17,12,4,12,0,12,17,12,0,12,4,0,4,17,0,12,0,17,4,0,17,12,17,4,12,4,0,4,17,0,4,0,12,0,17,0,4,17,0,17,12,17,0,17,4,0,4,12,0,17,4,12,17,4,17,0,17,4,17,12,17,0,12,17,12,4,12,0,4,17,4,12,17,4,17,0,17,4,17,12,17,0,12,0,4,0,17,4,0,4,12,4,17,12,0,17,4,17,12,0,12,4,0,12,0,17,12,0,12,4,17,12,17,0,17,12,17,4,17,12,0,4,12,4,17,12,0,4,0,17,0,12,4,17,12,17,0,17,12,4,17,4,0,17,4,17,12,17,0,17,12,17,4,12,17,12,0,12,4,12,17,4,17,0,17,12,17,4,17,0,4,12,4,17,12,4,12,0,12,4,12,17,12,0,17,12,17,4,0,4,12,0,4,0,17,4,12,4,0,17,4,17,12,17,0,17,4,17,12,4,12,0,12,17,12,0,12,4,0,17,0,4,0,12,0,4,17,0,17,12,0,17,0,4,12,0,4,17,4,12,17,4,17,0,17,4,17,12,17,0,12,17,12,4,17,4,0,12,0,17,12,0,12,4,12,17,12,4,12,0,4,17,4,0,12,4,0,17,0,12,17,12,4,17,4,0,17,12,17,4,0,17,0,12,0,17,0,4,0,17,12,4,17,0,4,0,12,0,4,0,17,0,4,12,4,17,0,4,17,12,17,0,12,0,4,12,4,17,0,4,0,12,0,4,0,17,0,12,4,12,17,4,12,4,0,12,4,12,17,0,12,0,4,0,17,0,12,17,12,4,17,12,17,0,4,0,17,12,0,4,12,4,17,4,0,12,0,4,0,17,0,4,0,12,4,17,12,17,0,17,4,0,17,0,12,0,4,0,12,0,17,12,17,4,12,17,0,12,4,0,12,17,0,17,4,17,0,17,12,17,4,12,17,12,0,4,12,4,17,12,17,0,17,4,0,4,12,0,17,0,12,0,4,12,4,17,12,4,12,0,4,12,4,17,12,17,0,12,17,12,4,17,12,17,0,12,0,4,0,17,12,4,17,12,17,0,17,12,17,4,17,0,4,17,4,12,17,0,12,17,12,4,12,17,12,0,12,4,0,17,4,12,0,4,0,17,0,4,0,12,0,17,12,0,12,4,0,17,4,17,12,17,4,17,0,17,12,0,17,0,4,17,4,12,17,0,12,0,4,0,17,0,4,0,12,4,0,4,17,4,12,4,0,12,0,17,0,4,0,17,0,12,17,0,17,4,17,12,4,12,0,12,17,0,12,0,4,0,12,0,17,0,4,17,4,12,4,0,12,4,12,17,12,0,12,17,12,4,17,4,0,4,17,12,17,4,17,0,12,0,4,0,12,17,12,4,17,12,17,0,17,4,17,0,17,12,0,17,4,12,4,17,4,0,17,0,12,0,4,0,12,0,17,12,0,12,4,12,17,4,17,0,17,4,12,17,4,17,0,4,0,12,0,4,0,17"
5,12,17,60,1,1,7707828,0.103,"0,17,5,0,12,17,12,5,17,5,0,5,17,12,17,5,17,12,0,12,5,0,5,17,5,0,12,0,5,0,12,17,12,0,12,17,5,17,12,17,0,12,0,5,17,5,0,5,17,12,17,5,17,0,5,0,12,17,5,12"
1,13,17,719,0,0,400001072,21.540,"0,1,0,13,0,1,0,17,0,1,0,13,1,0,1,17,1,0,1,13,1,17,13,0,13,1,0,1,17,0,1,0,13,0,17,0,13,0,1,13,0,13,17,1,0,1,13,0,13,17,13,0,13,1,13,17,0,17,13,17,0,1,0,13,0,17,0,13,0,1,13,1,17,0,1,0,13,0,17,0,1,17,0,17,13,17,1,13,0,1,0,17,0,13,0,1,13,17,13,0,1,13,1,17,1,0,1,13,0,1,0,17,0,1,0,13,0,17,13,0,13,1,0,1,17,0,1,13,0,13,17,13,1,13,17,13,0,17,13,17,1,0,13,0,17,13,17,1,17,13,17,0,17,1,0,13,0,17,1,17,13,1,13,0,1,0,17,0,1,13,0,13,17,0,13,0,1,0,17,0,1,0,13,1,17,13,17,0,17,1,17,0,17,13,0,17,0,1,0,13,0,17,13,0,13,1,13,17,1,17,0,17,13,17,1,13,17,13,0,13,17,13,1,17,1,0,13,17,13,0,13,1,13,0,13,17,0,1,0,13,1,13,17,1,13,1,0,1,17,0,17,13,17,0,17,1,17,13,0,13,1,0,13,0,17,0,1,0,17,0,13,17,0,1,17,13,1,13,0,13,1,13,17,13,0,17,13,17,1,0,17,0,13,17,13,1,17,1,0,17,0,13,1,0,1,17,1,0,1,13,1,17,13,0,13,1,17,13,17,0,13,0,1,0,17,0,1,0,13,1,0,1,17,1,13,1,0,13,1,13,17,0,17,1,13,1,17,1,0,1,17,1,13,17,0,17,13,17,1,13,0,17,0,13,0,1,17,1,0,1,13,0,13,17,13,1,17,1,0,1,13,1,0,1,17,0,17,13,0,17,0,1,0,13,1,0,1,17,1,0,1,13,0,13,17,0,13,0,1,13,0,13,17,1,13,1,0,1,17,1,13,1,0,13,0,17,0,1,0,13,1,0,1,17,1,0,1,13,1,17,13,1,13,0,1,0,17,1,17,13,17,1,17,0,17,13,0,1,0,13,0,17,13,1,17,1,0,1,13,0,1,0,17,0,1,0,13,0,17,13,1,17,13,0,17,0,1,17,0,17,13,17,1,13,17,13,0,13,1,0,13,0,17,1,13,17,0,17,1,0,1,13,1,17,13,0,17,13,17,1,13,1,0,13,1,13,17,13,0,13,17,13,1,17,13,17,0,17,1,0,17,0,13,1,13,17,13,0,17,0,1,0,13,0,17,13,0,13,1,13,17,1,17,0,17,13,0,17,0,1,17,1,13,1,17,0,1,0,13,0,1,17,0,17,13,0,17,1,0,13,1,13,17,13,1,0,13,0,17,0,1,0,13,1,0,1,17,1,0,1,13,0,13,17,1,0,1,17,1,13,1,17,1,0,17,13,17,1,0,1,13,0,13,17,13,0,1,0,13,0,1,17,1,0,1,17,13,17,1,17,0,1,0,13,0,17,0,13,0,1,13,0,13,17,13,1,17,13,17,0,13,0,1,0,17,13,17,0,17,1,0,1,13,1,0,17,1,17,13,17,0,17,13,17,1,13,17,0,13,0,1,13,1,17,1,0,1,13,1,17,13,17,0,17,1,0,13,1,17"
2,13,17,792,0,0,400001036,19.143,"0,2,0,13,0,2,0,17,0,2,0,13,2,0,2,17,2,0,2,13,2,17,13,0,13,2,0,2,17,0,17,13,17,0,17,2,0,17,0,13,0,2,13,2,17,13,0,13,2,0,13,0,17,0,2,0,13,2,0,2,17,2,0,2,13,0,13,17,0,2,0,13,17,0,17,2,17,0,17,13,17,2,13,0,13,2,13,17,13,2,0,13,0,17,0,13,2,0,2,17,2,0,2,13,2,17,0,17,13,17,2,17,13,17,0,13,2,13,17,2,17,0,2,0,13,0,17,2,17,0,13,17,13,2,13,17,0,13,0,2,13,0,13,17,13,2,13,17,13,0,17,2,17,13,2,13,0,2,13,2,17,0,17,2,13,17,13,0,17,13,17,2,17,0,17,2,17,13,2,0,2,17,0,2,0,13,2,13,17,13,0,13,2,13,17,2,17,0,17,13,17,2,17,0,2,13,2,17,13,2,13,0,2,0,17,2,0,2,13,0,2,0,17,2,17,13,2,17,2,0,13,2,13,17,13,2,13,0,13,17,0,13,0,2,13,2,17,0,2,0,13,0,2,0,17,0,13,2,13,17,0,17,2,0,17,0,13,0,2,0,17,2,0,2,13,2,17,2,0,17,2,17,13,17,0,13,2,0,2,17,2,13,2,0,13,17,13,0,2,0,17,2,0,2,13,17,13,0,17,13,17,2,17,0,17,2,17,13,2,17,2,0,2,13,2,17,13,17,0,13,2,13,17,2,13,2,0,2,17,2,0,2,13,0,2,0,17,0,2,0,13,0,17,13,0,13,2,13,0,13,17,0,17,2,17,0,17,13,0,17,2,13,2,0,2,17,0,17,13,17,2,17,13,17,0,13,17,13,2,13,0,13,17,0,13,0,2,17,0,17,13,17,2,17,13,17,0,13,0,2,13,2,17,0,2,0,13,0,17,0,2,17,2,13,17,2,17,0,17,13,17,0,17,2,0,13,0,17,2,17,13,2,13,0,13,17,13,2,17,13,17,0,17,13,17,2,13,2,0,17,13,17,2,17,0,17,2,17,13,2,13,0,2,13,2,17,2,0,2,17,2,13,17,2,17,0,17,2,17,13,17,0,13,17,13,2,17,0,17,2,17,13,2,0,13,2,13,17,0,2,0,13,2,0,2,17,2,0,2,13,2,17,13,17,0,17,13,17,2,17,0,2,0,13,0,17,0,13,0,2,13,0,13,17,13,2,13,17,13,0,17,13,2,0,2,17,0,17,13,17,2,17,13,17,0,13,17,13,2,13,0,13,2,13,17,2,17,0,2,13,2,0,2,17,0,17,13,17,2,17,0,2,17,2,13,2,17,2,0,2,13,0,2,0,17,2,13,2,17,2,0,17,13,17,0,2,0,17,13,0,13,2,0,2,17,2,0,2,13,0,2,0,17,13,2,13,0,13,17,13,0,13,2,0,17,2,13,2,17,0,17,13,17,0,2,13,0,2,0,17,0,2,13,17,2,17,0,17,2,17,13,17,0,13,17,13,2,13,0,13,17,0,2,0,13,2,13,17,13,0,13,17,13,2,17,13,17,0,17,13,17,2,17,0,2,17,2,13,17,0,17,13,2,13,0,17,13,2,0,2,17,0,17,13,17,2,17,0,2,17,2,13,2,0,2,17,0,13,0,2,13,0,13,17,13,2,13,17,13,0,17,2,0,2,13,2,0,2,17,2,13,17,2,17,0,17,13,17,2,13,0,2,17,2,13,17,13,0,13,17,2,17,13,17,0,2,0,17,0,2,13,17"
3,13,17,717,0,0,400000948,20.288,"0,3,0,13,0,3,0,17,0,3,0,13,3,0,3,17,3,0,3,13,3,17,13,0,13,3,0,3,17,0,3,0,13,0,17,13,3,13,0,17,0,3,17,0,17,13,0,17,0,3,13,0,13,17,13,0,13,3,13,0,17,3,0,3,13,0,13,17,0,17,3,0,3,13,17,0,3,17,0,17,13,17,0,17,3,17,13,3,17,3,0,3,13,0,17,0,3,13,3,17,13,3,13,0,13,17,13,0,13,3,0,3,17,0,17,13,17,0,3,0,13,0,17,0,13,0,3,13,3,17,3,0,3,13,0,3,0,17,13,0,13,3,13,0,13,17,13,0,3,17,3,13,3,0,13,0,17,0,3,17,0,17,13,17,3,17,13,17,0,13,17,13,3,13,17,13,0,13,3,0,13,0,17,0,3,0,13,3,13,17,3,17,0,3,0,13,3,13,17,13,0,17,13,17,3,17,0,17,13,0,17,0,3,0,17,0,13,17,13,3,0,17,13,3,17,3,0,3,17,3,13,3,0,13,17,13,3,17,13,17,0,13,0,3,17,0,17,13,17,3,17,13,17,0,13,17,13,3,13,0,3,13,3,17,13,17,0,13,17,13,3,17,13,17,0,13,0,3,0,13,17,13,0,13,3,0,3,17,13,3,0,17,0,13,17,0,17,3,17,0,17,13,17,3,13,17,13,0,13,17,13,3,17,3,0,3,17,13,3,13,0,13,17,13,3,13,0,3,0,17,0,3,0,13,3,0,3,17,3,13,3,17,3,0,17,13,17,0,17,3,0,3,13,3,0,17,13,0,13,3,13,0,13,17,13,3,17,0,17,3,17,13,17,3,0,17,0,13,0,3,0,17,3,0,3,13,3,17,3,0,17,0,13,17,13,3,13,0,17,0,13,0,3,13,3,17,3,0,3,13,0,3,0,17,0,3,0,13,0,17,13,0,13,3,0,3,17,13,3,13,0,13,3,13,17,13,0,3,17,0,17,13,0,3,13,3,17,3,0,3,13,0,3,0,17,0,3,0,13,0,17,13,3,13,0,17,13,17,3,17,0,17,3,17,13,3,0,13,17,13,3,17,3,0,3,13,3,17,13,3,13,0,13,3,13,17,13,0,17,3,17,13,0,13,3,0,3,17,3,13,0,13,3,13,17,0,17,13,3,17,0,3,0,13,0,17,0,3,17,13,17,0,13,17,13,3,13,0,13,17,0,17,3,17,0,17,13,17,3,13,17,13,0,13,17,13,3,17,3,0,13,3,13,17,13,0,13,17,13,3,17,13,17,0,17,3,17,13,3,13,0,17,0,3,0,13,0,3,0,17,3,17,13,3,13,0,3,13,17,3,17,0,17,13,0,13,3,13,17,13,3,13,0,3,13,3,17,3,13,3,0,3,17,0,3,0,13,3,17,3,13,0,3,13,17,13,0,13,3,0,17,0,3,13,3,17,0,17,13,17,0,3,0,17,0,13,3,13,0,13,17,13,0,13,3,0,17,0,3,13,3,17,13,3,13,0,13,17,13,3,17,13,17,0,17,13,17,3,17,0,3,0,13,3,17,3,13,3,0,3,13,17,3,17,0,3,0,13,17,13,3,13,17,0,3,17,3"
4,13,17,60,1,1,7707828,0.103,"0,17,4,0,13,17,13,4,17,4,0,4,17,13,17,4,17,13,0,13,4,0,4,17,4,0,13,0,4,0,13,17,13,0,13,17,4,17,13,17,0,13,0,4,17,4,0,4,17,13,17,4,17,0,4,0,13,17,4,13"
1,14,17,1066,0,0,400001476,28.177,"0,1,0,14,0,1,0,17,0,1,0,14,1,0,1,17,1,0,1,14,1,17,14,0,14,1,0,1,17,0,1,0,14,0,17,14,0,14,1,0,1,17,14,17,1,0,17,0,14,0,17,0,1,0,17,14,17,1,17,0,17,1,17,14,1,14,0,1,0,17,0,1,0,14,0,17,14,0,14,1,0,1,17,1,14,17,0,14,1,14,17,1,17,0,17,1,17,14,17,0,14,1,14,17,0,14,0,1,0,14,0,17,0,1,14,17,14,0,14,1,17,1,14,1,0,14,0,17,0,1,0,14,1,0,1,17,1,14,17,1,17,0,14,0,17,1,0,14,1,14,17,14,0,14,1,0,14,0,17,0,1,17,1,14,0,1,0,17,0,14,0,1,0,17,1,17,14,17,0,17,1,17,14,1,0,1,17,0,1,0,14,0,17,0,1,17,1,14,1,17,1,0,1,14,0,1,0,17,0,1,0,14,0,17,14,0,14,1,0,1,17,0,1,0,14,1,0,1,17,14,1,14,0,1,0,17,1,17,14,17,0,1,0,17,14,0,14,1,0,1,17,1,0,1,14,1,0,17,0,14,1,14,0,14,17,14,0,14,1,0,17,0,1,0,14,1,0,17,14,1,17,14,17,0,17,14,17,1,14,1,0,14,1,14,17,1,14,1,0,14,0,17,0,14,1,0,1,17,1,14,1,17,1,0,17,0,14,0,17,0,1,17,0,17,14,17,1,17,14,17,0,14,17,14,1,14,0,14,17,0,1,0,17,0,14,17,1,0,1,14,0,1,0,17,14,1,17,0,1,17,14,1,14,0,14,1,14,17,14,0,17,1,17,0,17,14,0,14,1,14,0,14,17,0,14,0,1,0,17,1,0,1,14,0,17,14,1,14,17,0,17,1,0,17,14,0,1,14,1,17,1,0,1,14,0,1,0,17,0,1,0,14,1,14,17,0,1,0,14,0,17,0,14,0,1,14,1,17,14,1,14,0,14,17,14,0,14,1,0,14,0,17,0,14,0,1,0,17,1,14,17,0,17,1,0,1,14,1,17,14,17,0,14,1,14,0,17,0,14,0,17,1,17,0,14,17,14,1,14,17,14,0,14,1,17,1,0,14,1,14,17,14,0,17,1,17,0,17,14,17,0,1,17,1,14,1,17,1,0,1,14,0,1,0,17,0,14,0,1,14,1,17,1,14,0,1,14,1,17,14,17,0,1,0,17,14,0,14,1,14,0,14,17,14,1,17,14,17,0,14,1,14,0,17,0,14,1,0,1,17,0,17,14,17,1,17,14,17,0,14,1,14,17,0,17,1,0,1,14,0,14,17,14,1,14,0,1,14,1,17,1,0,17,1,17,14,17,1,17,0,1,0,14,0,17,14,17,1,17,14,0,17,14,17,1,14,1,0,1,17,14,17,1,0,17,0,14,0,1,14,0,14,17,14,1,14,17,14,0,17,14,17,1,0,1,14,17,14,0,17,14,17,1,17,14,17,0,17,1,0,17,0,14,1,0,1,17,1,14,17,14,0,14,17,14,1,17,14,17,0,1,14,1,17,14,17,0,17,14,17,1,17,0,1,17,1,14,1,0,1,17,0,1,0,14,17,14,1,17,14,0,17,0,1,0,17,14,17,1,17,0,17,1,17,14,1,14,0,14,17,14,1,14,0,1,0,17,0,14,1,14,17,0,14,1,0,1,17,1,0,1,14,1,17,14,1,14,0,14,17,14,0,14,1,0,17,14,17,1,14,17,14,0,1,14,0,17,0,1,17,1,14,0,14,17,0,17,1,17,14,17,1,17,0,1,14,17,14,0,17,0,1,17,1,14,1,0,1,17,0,14,0,1,14,0,14,17,14,1,14,0,1,0,17,0,1,0,14,1,0,1,17,1,14,1,0,14,17,0,1,17,1,14,17,1,17,0,17,14,0,17,0,1,0,14,1,17,1,14,1,0,14,17,0,17,1,17,0,14,17,14,1,14,17,14,0,14,1,0,17,1,14,1,0,14,0,17,0,1,14,1,17,1,0,1,17,1,14,17,0,17,14,17,1,14,1,0,1,17,1,14,1,0,14,17,14,1,17,14,17,0,14,1,0,17,1,17,14,17,0,17,14,17,1,14,17,14,0,14,17,14,1,14,0,1,17,0,14,17,14,1,17,14,17,0,1,17,1,14,1,0,14,0,17,0,1,14,17,1,0,17,1,17,14,17,1,17,0,17,14,0,17,0,1,0,14,0,17,14,17,1,14,0,14,1,14,17,1,0,14,0,1,0,17,0,1,0,14,1,14,17,1,14,1,0,14,1,14,17,1,17,0,17,1,14,17,14,0,14,17,14,1,14,17,0,17,1,0,1,14,0,1,0,17,14,0,17,1,17,14,17,0,14,1,14,0"
2,14,17,563,0,0,400000676,16.821,"0,2,0,14,0,2,0,17,0,2,0,14,2,0,2,17,2,0,2,14,2,17,14,0,14,2,0,2,17,0,2,0,14,0,17,0,14,0,2,14,0,14,17,2,0,2,14,0,14,17,14,0,14,2,14,17,0,17,14,17,0,2,0,14,0,17,0,14,0,2,14,2,17,0,2,0,14,0,17,0,2,17,0,17,14,2,17,2,0,2,14,2,0,2,17,0,2,0,14,0,2,0,17,0,14,17,0,17,2,0,2,14,0,2,0,17,14,0,14,2,14,0,14,17,14,0,2,17,2,0,2,14,0,14,17,14,2,14,0,2,14,2,17,2,14,2,0,2,17,0,14,0,17,2,17,14,2,17,0,2,14,0,14,17,14,2,14,17,14,0,17,2,14,2,17,2,0,17,0,14,0,2,0,14,0,17,14,0,2,14,2,17,2,14,0,17,14,0,14,2,14,0,14,17,14,2,17,14,17,0,17,2,17,14,2,0,2,14,2,17,2,14,0,17,14,17,2,17,14,17,0,17,2,0,2,14,2,0,17,0,2,0,14,17,14,0,14,2,17,2,0,2,17,14,0,17,14,17,2,14,0,14,2,14,17,14,2,0,17,2,0,2,14,2,0,2,17,2,14,17,2,17,0,2,0,14,0,2,0,17,0,14,17,2,14,17,14,0,2,17,2,0,2,14,0,14,17,0,14,0,2,0,17,0,2,0,14,2,0,2,17,2,0,2,14,2,17,14,0,14,2,17,2,0,17,0,14,0,2,0,17,2,0,2,14,17,14,0,17,14,17,2,17,0,2,17,2,14,2,0,2,17,0,17,14,17,2,0,2,14,0,2,0,17,0,2,0,14,2,14,17,0,14,2,0,2,17,2,14,2,0,14,17,14,2,17,14,17,0,14,0,2,0,17,2,0,2,14,2,0,2,17,2,14,17,2,17,0,17,14,17,0,17,2,0,14,0,17,14,17,2,14,2,0,2,17,2,14,17,2,17,0,17,14,17,2,14,17,14,0,14,17,14,2,17,2,0,17,14,0,14,2,14,0,14,17,14,2,17,2,0,17,0,14,0,17,2,0,2,14,2,17,2,0,17,2,17,14,17,0,17,2,0,17,0,14,2,14,0,14,17,0,17,2,17,14,17,0,14,17,14,2,14,0,2,14,2,17,0,2,17,14,17,0,14,0,2,0,17,2,0,2,14,2,17,14,2,14,0,2,0,17,2,14,0,14,17,14,2,14,17,14,0,17,2,17,0,17,14,0,14,2,17"
3,14,17,60,1,1,7707828,0.103,"0,17,3,0,14,17,14,3,17,3,0,3,17,14,17,3,17,14,0,14,3,0,3,17,3,0,14,0,3,0,14,17,14,0,14,17,3,17,14,17,0,14,0,3,17,3,0,3,17,14,17,3,17,0,3,0,14,17,3,14"
1,15,17,738,0,0,400001008,22.124,"0,1,0,15,0,1,0,17,0,1,0,15,1,0,1,17,1,0,1,15,1,17,15,0,15,1,0,1,17,0,17,15,17,0,17,1,0,17,0,15,0,1,15,1,17,15,0,15,1,0,15,0,17,0,1,0,15,1,0,1,17,1,0,1,15,0,15,17,0,1,0,15,17,0,17,1,17,0,17,15,17,1,15,0,15,1,15,17,15,1,0,15,0,17,0,15,1,0,1,17,1,0,1,15,1,17,0,17,15,17,1,17,15,17,0,15,1,15,17,1,17,0,1,0,15,0,17,1,17,0,15,17,15,1,15,17,0,15,0,1,15,0,15,17,15,1,15,17,15,0,17,1,17,15,1,15,0,1,15,1,17,0,17,1,15,17,15,0,17,15,17,1,17,0,17,1,17,15,1,0,1,17,0,1,0,15,1,15,17,15,0,15,1,15,17,1,17,0,17,15,17,1,17,0,1,15,1,17,15,1,15,0,1,0,17,1,0,1,15,0,1,0,17,1,17,15,1,17,1,0,15,1,15,17,15,0,15,1,0,15,0,17,0,15,0,1,0,17,1,15,1,0,15,0,17,15,17,1,15,1,0,1,17,1,0,1,15,0,1,0,17,0,15,0,1,15,1,17,0,17,1,17,15,17,1,17,0,1,15,1,0,1,17,0,17,15,17,1,0,15,0,1,0,17,0,1,15,0,15,17,15,1,17,15,17,0,17,15,17,1,17,0,1,17,1,15,0,17,15,17,1,15,0,17,0,1,17,0,17,15,17,0,17,1,0,1,15,1,0,1,17,0,1,0,15,0,17,0,15,0,1,15,0,17,1,17,0,17,15,0,15,1,15,17,15,0,17,15,17,1,17,15,17,0,17,1,0,1,15,1,17,15,0,17,15,17,1,15,1,0,15,0,17,0,15,1,0,1,17,1,15,17,1,17,0,17,1,17,15,17,0,15,0,1,0,17,1,17,15,17,0,17,15,17,1,15,17,15,0,15,17,15,1,15,0,1,15,1,17,15,0,15,17,15,1,17,1,0,17,0,15,0,17,0,1,0,15,17,15,0,15,1,15,0,15,17,0,1,0,15,17,15,1,17,15,17,0,17,15,17,1,17,0,1,17,1,15,1,17,1,0,1,15,0,15,17,0,1,17,15,1,17,1,0,17,15,17,0,17,1,0,1,15,0,15,17,15,0,15,1,0,15,0,17,0,1,0,15,1,0,1,17,1,15,1,0,15,17,0,15,1,0,17,1,17,15,17,0,17,1,0,17,0,15,0,1,15,1,17,1,0,1,17,1,15,17,1,17,0,17,1,17,15,17,0,15,17,15,1,17,0,17,1,17,15,1,15,0,1,17,1,0,1,15,0,15,17,15,0,15,1,15,17,1,17,0,17,1,17,15,17,0,15,17,15,1,15,17,15,0,15,1,0,15,0,17,1,15,17,15,0,15,17,1,15,1,0,1,15,1,17,1,15,0,17,15,1,17,1,0,1,17,1,15,1,17,0,17,15,17,1,17,15,17,0,15,0,1,15,17,0,1,17,0,17,15,17,0,17,1,17,15,1,0,1,17,0,1,0,15,1,0,1,17,0,17,15,0,1,0,15,0,17,15,1,15,17,15,0,17,1,15,1,17,1,0,15,0,17,0,15,1,15,0,15,1,17,1"
2,15,17,60,1,1,7707828,0.101,"0,17,2,0,15,17,15,2,17,2,0,2,17,15,17,2,17,15,0,15,2,0,2,17,2,0,15,0,2,0,15,17,15,0,15,17,2,17,15,17,0,15,0,2,17,2,0,2,17,15,17,2,17,0,2,0,15,17,2,15"
1,16,17,60,1,1,7707828,0.100,"0,17,1,0,16,17,16,1,17,1,0,1,17,16,17,1,17,16,0,16,1,0,1,17,1,0,16,0,1,0,16,17,16,0,16,17,1,17,16,17,0,16,0,1,17,1,0,1,17,16,17,1,17,0,1,0,16,17,1,16"
1,2,18,400,0,0,400000380,12.494,"0,1,0,2,0,1,0,18,0,1,0,2,1,0,1,18,2,0,2,1,0,2,18,0,18,1,0,2,1,2,18,1,2,1,0,18,1,18,2,18,0,18,1,0,1,2,0,1,0,18,0,2,0,18,0,1,18,0,18,2,18,0,18,1,18,2,1,0,2,18,1,18,2,18,0,18,2,18,1,2,1,0,2,1,2,18,1,2,1,0,2,0,18,0,1,0,18,0,2,18,2,1,18,2,18,0,18,1,0,18,0,2,0,18,0,1,0,2,1,2,18,2,1,0,18,0,1,0,2,0,1,0,18,1,2,1,0,2,1,2,18,2,1,2,0,1,0,18,0,2,18,0,18,1,2,0,1,2,1,18,0,18,2,18,1,2,1,0,2,1,2,18,2,0,2,18,2,1,18,2,18,0,18,2,18,1,18,0,1,18,1,2,1,0,1,18,0,18,2,18,0,18,1,18,2,1,2,0,2,1,2,18,1,2,0,1,0,18,0,1,0,2,0,18,1,18,2,18,0,2,1,0,1,18,1,2,18,1,18,0,18,2,18,0,18,1,0,18,0,2,0,18,0,1,0,2,1,0,1,18,0,18,2,18,1,0,1,2,0,1,18,2,18,0,2,18,2,1,2,0,1,0,18,0,1,0,2,1,0,1,18,2,1,2,0,2,1,2,18,2,1,0,18,1,18,2,1,2,0,1,0,18,2,0,18,1,18,0,2,18,2,1,18,2,18,0,18,1,18,0,18,2,0,18,0,1,0,18,0,2,0,1,2,18,2,1,2,0,2,1,18,0,1,0,2,0,1,0,18,0,2,18,0,18,1,0,2,1,2,18,1,18,0,18,2,18,0,18,1,0,18,0,2,0,18,0,1,0,2,1,2,18,0,18,2,1,18,0,1,0"
1,3,18,495,0,0,400000580,15.039,"0,1,0,3,0,1,0,18,0,1,0,3,1,0,1,18,1,3,1,0,3,0,18,0,1,0,18,0,3,18,0,1,18,1,3,1,0,3,0,18,0,1,3,18,3,1,3,0,3,1,3,18,1,0,1,3,0,1,0,18,0,1,0,3,0,18,3,0,3,1,0,18,1,3,18,3,0,18,3,18,1,0,18,0,3,0,1,0,18,0,3,18,1,18,0,1,18,1,3,18,0,3,1,3,18,0,18,1,18,3,1,3,0,3,18,3,0,3,1,0,1,18,0,3,0,18,1,0,18,3,18,1,3,1,0,1,18,0,1,0,3,0,18,0,1,18,0,18,3,18,0,18,1,0,1,3,0,18,1,3,18,1,18,0,18,1,18,3,18,0,3,1,3,18,1,3,1,0,3,0,18,0,1,0,18,0,3,18,0,18,1,18,3,1,3,0,1,18,1,3,18,1,18,0,18,3,18,1,3,18,3,0,3,18,3,1,3,0,1,0,18,0,3,18,3,1,3,0,1,3,1,18,0,1,0,3,0,1,0,18,0,1,3,18,3,0,3,1,0,18,0,1,0,3,0,1,18,0,18,3,18,0,18,1,18,3,1,0,1,3,18,3,0,3,1,18,0,18,3,0,18,0,1,0,3,0,1,0,18,1,3,0,3,1,3,18,3,1,3,0,1,0,18,0,1,0,3,1,0,1,18,3,0,3,1,0,1,18,1,0,1,3,1,18,0,18,1,18,0,3,0,18,0,1,3,1,18,1,3,0,3,18,3,0,1,0,18,1,18,3,18,1,18,0,18,3,0,18,0,1,18,1,3,0,1,0,18,0,1,0,3,0,18,1,18,3,0,3,1,0,1,18,1,3,1,0,3,1,3,18,3,0,3,18,3,1,18,3,0,1,0,18,0,3,18,3,1,18,3,18,0,18,1,18,0,18,3,0,18,1,0,1,3,0,1,0,18,0,3,18,0,18,1,18,3,18,0,3,18,3,1,3,0,1,3,1,18,0,1,0,3,0,1,0,18,0,1,3,18,1,0,18,0,3,0,18,0,1,0,18,3,18,1,18,0,1,0,3,18,3,1,0,1,18,3,18,1,18,0,18,1,18,3,1,3"
2,3,18,651,0,0,400000932,19.015,"0,2,0,3,0,2,0,18,0,2,0,3,2,0,2,18,2,0,2,3,2,18,3,0,3,2,0,2,18,0,2,0,3,18,0,18,2,18,0,18,3,18,0,2,3,0,3,18,0,2,3,2,18,2,0,3,18,3,2,3,0,3,2,3,18,2,0,2,3,0,2,0,18,0,2,0,3,0,18,3,0,3,2,0,2,18,0,18,3,2,0,3,18,3,2,18,2,0,18,2,18,3,0,18,0,2,0,18,0,3,0,2,3,2,18,0,2,18,3,18,0,3,18,3,2,3,0,3,2,3,18,2,0,2,3,0,3,18,0,18,2,0,2,3,18,2,18,0,18,2,18,3,18,0,3,18,3,2,3,0,2,18,2,3,18,2,18,0,18,3,0,18,0,2,3,2,18,0,2,0,3,0,2,0,18,0,3,18,0,18,2,18,0,18,3,18,2,3,18,3,0,18,2,18,0,18,3,18,0,2,18,2,3,2,0,2,3,2,18,3,0,18,3,18,2,0,2,18,2,3,18,3,0,3,2,0,3,0,18,0,2,0,18,0,3,18,2,3,0,3,2,18,2,0,18,2,18,3,18,0,18,3,18,2,3,18,3,0,3,2,0,18,2,18,3,2,3,0,3,2,3,18,3,0,2,0,3,0,18,0,3,0,2,3,18,2,0,2,3,18,3,0,18,3,2,18,0,18,2,3,2,18,0,2,0,3,0,2,18,0,18,3,0,18,0,2,0,3,0,2,0,18,2,0,2,3,2,18,2,3,2,0,3,0,18,0,2,3,2,18,0,18,2,18,3,0,3,18,2,3,2,0,3,0,18,0,2,0,3,2,0,2,18,2,3,2,0,3,2,3,18,3,2,3,0,2,0,18,0,2,3,0,3,18,3,2,3,18,3,0,18,0,2,3,18,3,0,18,3,18,2,18,3,18,0,18,2,0,18,0,3,2,18,3,2,3,0,2,0,18,0,3,0,2,0,18,2,18,3,2,18,2,0,18,2,18,3,2,3,0,2,3,18,3,2,3,0,2,0,18,3,0,2,3,2,18,2,0,2,3,0,2,0,18,0,2,0,3,0,18,3,18,2,0,2,3,18,3,0,3,18,2,18,0,3,0,18,0,2,0,18,0,3,18,2,3,18,0,18,3,2,18,2,0,18,2,18,3,18,0,18,3,18,2,3,18,3,0,3,18,3,2,3,0,2,18,0,18,3,18,2,0,2,18,3,2,3,0,2,0,18,2,18,3,0,18,0,2,0,3,0,2,0,18,2,0,2,3,2,0,2,18,2,3,18,0,18,2,3,2,0,3,2,3,18,3,0,3,18,3,2,18,3,18,0,2,18,2,3,2,0,2,18,0,2,0,3,0,2,0,18,2,18,3,18,0,18,3,18,2,3,18,3,0,2,3,2,18,2,0,2,3,0,2,0,18,3,18,0,18,2,0,3,0,2,18,2,0,2,18,3"
1,4,18,1062,0,0,400001488,27.252,"0,1,0,4,0,1,0,18,0,1,0,4,1,0,1,18,1,0,1,4,1,18,4,0,4,1,0,1,18,0,1,0,4,0,18,0,4,0,1,4,0,18,1,4,18,1,18,0,1,18,4,0,1,4,0,4,18,4,0,4,1,0,1,18,1,0,1,4,1,18,4,1,4,0,1,0,18,1,18,4,18,0,18,4,18,1,4,0,4,1,4,18,1,0,4,0,1,0,18,0,1,0,4,1,4,18,4,0,18,4,18,1,18,4,18,0,18,1,0,18,0,4,18,1,4,0,1,0,18,1,0,1,4,18,1,18,0,18,1,18,4,18,0,1,0,4,18,4,1,4,0,4,1,4,18,1,0,1,4,0,1,0,18,0,1,0,4,0,18,4,0,4,1,0,18,0,1,0,4,1,4,18,1,18,0,18,4,18,0,18,1,0,18,0,4,0,1,0,18,1,4,18,1,0,1,18,4,1,4,0,4,1,18,1,0,18,0,4,18,4,1,18,4,18,0,18,1,18,0,18,4,0,18,1,4,1,0,4,0,18,0,4,1,4,18,4,0,4,18,4,1,18,1,0,1,4,1,18,4,0,4,18,1,18,4,18,0,1,0,4,18,0,18,1,18,4,18,1,18,0,1,18,1,4,0,1,0,18,0,4,18,0,18,1,4,0,4,18,4,1,4,18,4,0,18,1,18,0,18,4,18,0,1,18,1,4,18,1,18,0,18,4,18,0,18,1,0,18,0,4,0,1,4,1,18,4,18,0,18,4,18,1,18,0,1,18,1,4,1,18,1,0,18,0,4,1,0,1,18,1,4,1,18,1,0,18,1,18,4,18,0,4,0,1,4,1,18,4,1,0,4,0,18,0,4,0,1,0,18,1,0,1,4,1,0,1,18,1,4,18,0,4,0,1,4,0,4,18,4,1,4,18,4,0,18,4,18,1,18,4,18,0,18,1,0,18,0,4,18,1,4,0,4,18,0,18,1,0,1,4,1,0,18,1,18,4,18,1,18,0,18,4,0,18,0,1,18,4,18,1,18,0,18,1,4,18,4,0,4,1,0,4,0,18,4,18,1,18,0,4,0,18,1,0,1,4,1,0,1,18,1,4,0,18,0,1,18,0,18,4,18,1,4,1,0,4,18,0,4,0,1,0,4,0,18,0,1,18,4,18,1,0,1,4,1,0,18,0,1,4,0,4,18,4,1,4,0,1,4,1,18,1,0,1,18,1,4,18,0,1,0,18,0,4,1,4,0,4,18,1,18,0,18,4,0,4,1,4,18,4,1,4,0,1,0,18,1,18,4,1,4,0,18,4,18,1,18,4,18,0,18,1,0,18,0,4,0,18,0,1,0,4,1,4,18,1,0,1,18,4,18,1,18,0,4,0,1,18,0,4,18,4,1,4,0,4,1,4,18,1,4,0,1,0,18,0,1,4,0,4,18,0,4,0,1,0,18,0,1,0,4,1,0,1,18,4,0,18,1,18,4,0,4,18,1,4,1,0,1,18,1,0,1,4,0,1,0,18,0,4,0,1,4,0,4,18,4,1,4,0,1,18,0,1,0,4,1,4,18,4,1,4,0,1,4,1,18,1,0,1,4,0,1,0,18,4,18,1,4,18,4,0,4,18,4,1,4,0,1,0,18,0,1,0,4,0,18,1,18,4,1,18,1,0,18,4,18,1,0,18,0,4,18,4,1,0,1,18,0,1,0,4,0,18,0,4,0,1,4,0,4,18,4,1,4,0,1,18,0,4,0,1,4,1,18,1,0,4,0,1,18,0,18,4,18,0,1,18,1,4,1,0,1,4,1,18,4,18,0,18,4,1,4,18,4,0,1,0,4,0,18,4,18,1,18,0,18,4,18,1,4,0,4,1,18,1,0,1,4,18,0,18,1,0,18,0,4,0,1,0,4,0,18,4,1,18,4,0,18,1,0,18,0,4,18,4,1,4,18,4,0,18,4,18,1,18,0,18,1,18,4,1,18,0,4,0,18,0,1,18,4,18,1,0,1,18,4,1,4,0,4,18,0,1,18,4,0,18,0,1,0,18,0,4,0,1,4,1,18,1,0,18,1,18,4,18,1,18,0,18,4,0,18,0,1,18,1,4,1,0,4,1,4,18,4,1,4,0,4,18,0,18,1,4,1,0,4,0,18,1,4,1,0,1,18,1,0,1,4,0,18,0,4,0,1,0,4,18,1,4,18,4,0,18,1,4,0,1,0,18,1,18,4,18,0,18,1,0,18,0,4,0,18,0,1,0,4,1,0,1,18,1,4,18,1,18,0,1,4,0,4,18,0,18,1,18,0,18,4,18,1,4,18,4,0,4,1,4,18,1,0,1,18,4,18,1,0,18,0,4,0,1,4,1,18,1,4,1,0,4,1,4"
3,4,18,733,0,0,400000836,20.429,"0,3,0,4,0,3,0,18,0,3,0,4,3,0,3,18,3,0,3,4,3,18,4,0,4,3,0,3,18,0,3,0,4,0,18,0,4,0,3,4,0,18,3,4,18,3,18,0,3,18,4,0,3,4,0,4,18,4,0,4,3,0,3,18,4,3,4,0,4,18,4,3,18,3,0,18,3,4,3,18,3,0,18,0,4,3,0,3,18,0,3,0,4,18,4,0,4,3,0,18,3,0,3,4,3,0,3,18,3,4,18,3,18,0,3,4,3,0,3,18,0,4,18,0,18,3,18,0,18,4,18,3,4,0,3,4,18,3,0,4,0,18,0,3,0,18,0,4,18,3,18,0,3,0,4,3,0,3,18,3,4,18,3,18,0,3,0,4,18,0,18,3,18,0,18,4,18,3,4,18,4,0,3,4,3,18,3,0,3,4,3,18,4,18,0,18,3,0,4,0,18,4,0,4,3,0,4,0,18,4,18,3,0,3,18,4,3,4,0,3,4,3,18,3,0,3,18,3,4,18,3,18,0,18,4,18,3,4,0,4,3,4,18,3,0,18,4,0,18,0,3,4,3,0,18,3,18,4,18,3,18,0,18,4,0,18,0,3,18,4,18,3,18,0,18,3,4,18,4,0,4,18,4,3,4,0,18,3,18,4,3,18,3,0,3,4,0,4,18,0,4,0,3,0,18,3,4,18,3,18,0,18,3,18,4,3,4,0,18,4,18,3,18,0,18,4,0,18,0,3,0,4,0,3,0,18,3,0,4,18,4,3,4,0,18,3,18,0,18,4,0,3,4,3,18,3,0,3,18,3,4,18,3,18,0,18,3,18,4,18,0,4,0,3,0,18,0,3,0,4,3,18,0,3,4,0,4,18,4,3,4,0,3,18,0,4,0,3,4,3,18,3,0,3,4,0,3,0,18,0,4,18,0,18,3,0,3,4,3,18,3,0,18,3,18,4,0,4,3,4,0,18,3,0,4,3,0,3,18,3,0,3,4,3,18,4,3,4,0,4,18,4,0,4,3,0,3,18,0,3,0,4,0,18,0,4,0,3,4,0,4,18,4,3,18,0,3,4,3,18,4,18,0,18,4,18,3,18,0,3,4,3,18,0,3,0,4,0,18,0,4,0,3,4,0,18,3,4,0,3,4,3,18,3,4,0,18,4,0,4,3,0,18,4,18,3,18,0,3,0,4,3,0,3,18,3,4,18,3,18,0,18,4,18,3,4,18,4,0,3,0,18,4,18,3,4,18,4,0,4,3,4,18,3,4,3,0,3,4,3,18,3,0,18,4,18,0,3,0,18,0,4,3,4,18,3,4,3,0,4,18,0,4,3,0,3,18,0,3,0,4,0,18,0,4,0,3,4,0,4,18,3,18,4,18,0,18,4,18,3,4,3,0,3,18,3,4,3,0,4,0,18,4,3,4,18,4,0,18,0,3,0,4,18,4,3,18,4,18,0,18,4,18,3,18,0,3,18,3,4,18,0,18,4,18,3,18,4,0,18,0,3,0,4,0,3,0,18,3,4,3,18,0,18,4,0,18,0,3,18,3,4,18,3,18,0,4,18,4,3,4,0,3,4,3,18,4,0,18,3,0,18,4,0,3,4,0,4,18,3,0,18,0,4,0,18,0,3,0,4,3,0,3"
1,5,18,569,0,0,400000768,18.425,"0,1,0,5,0,1,0,18,0,1,0,5,1,0,1,18,1,0,1,5,1,18,5,0,5,1,0,1,18,0,1,0,5,0,18,0,5,0,1,5,0,5,18,1,0,1,18,1,5,1,18,1,0,18,5,18,0,1,0,5,0,18,5,1,5,18,5,0,18,0,1,0,5,0,1,0,18,1,0,1,5,18,0,18,5,18,1,18,5,0,18,0,1,0,18,0,5,0,18,1,18,5,0,5,18,5,1,5,18,5,0,18,0,1,18,0,18,5,18,1,18,5,18,0,5,18,1,0,1,5,1,18,1,5,1,0,5,0,18,0,1,0,5,0,18,5,1,5,18,0,18,1,18,0,5,0,18,1,0,5,1,0,1,18,1,0,1,5,1,18,5,0,5,1,0,1,18,0,1,0,5,0,18,0,5,0,1,5,0,5,18,1,5,1,0,1,5,1,18,1,0,18,0,5,0,1,0,5,0,18,5,1,18,5,0,18,0,1,0,18,5,18,1,18,0,18,1,18,5,1,5,0,1,18,1,0,1,5,0,5,18,0,5,0,1,5,0,5,18,1,5,1,0,1,5,1,18,1,0,18,1,18,5,0,5,1,18,1,0,5,0,1,18,0,18,5,18,1,18,5,18,0,5,18,1,0,5,1,5,18,1,0,5,18,0,5,0,1,0,5,0,18,0,1,18,0,18,5,18,1,18,0,1,5,1,18,5,18,0,18,5,18,1,18,0,5,0,18,0,1,5,18,5,1,5,0,1,0,18,1,5,1,0,18,1,18,5,18,1,18,0,18,1,5,1,0,18,0,1,5,0,18,5,18,1,18,0,18,5,0,18,0,1,0,5,0,1,0,18,1,0,1,5,18,1,5,0,5,18,0,5,0,1,0,18,0,1,0,5,1,18,0,18,5,18,1,18,5,18,0,5,1,5,18,1,5,1,0,1,18,1,0,1,5,0,1,0,18,5,1,5,0,1,0,18,0,1,0,5,0,18,5,0,5,1,5,18,5,0,18,1,0,1,5,1,0,1,18,1,0,5,0,18,1,18,0,5,18,5,1,5,18,0,5,0,1,0,18,0,5,18,0,18,1,18,0,18,5,0,5,1,0,18,1,18,5,18,0,18,5,18,1,5,18,5,0,5,1,0,5,0,18,1,0,18,5,18,1,18,0,1,0,5,1,0,1,18,1,5,1,18,1,0,18,1,5,18,0,5,0,1,0,5,18,0,18,1,18,0,18,5,18,1,5,18,5,0,18,1,18,0,18,5,0,1,5,0,18,5"
2,5,18,632,0,0,400000860,18.893,"0,2,0,5,0,2,0,18,0,2,0,5,2,0,2,18,2,0,2,5,2,18,5,0,5,2,0,2,18,0,2,0,5,0,18,0,5,0,2,5,0,5,18,2,0,2,18,2,5,2,18,2,0,18,5,18,0,2,0,5,0,18,5,2,5,18,5,0,5,18,2,0,2,5,2,18,0,18,2,5,18,0,5,0,2,0,5,18,0,18,2,18,0,18,5,18,0,2,0,5,18,5,2,0,5,18,2,18,0,18,5,2,0,2,5,2,18,2,5,0,2,0,18,0,2,0,5,0,18,2,5,2,0,5,0,18,0,5,0,2,0,18,5,18,0,18,2,5,2,18,2,0,18,0,5,0,2,5,0,5,18,5,2,5,0,2,5,2,18,0,18,5,2,5,0,2,5,2,18,2,0,2,5,0,2,0,18,0,2,0,5,2,5,18,0,2,0,5,0,18,0,5,0,2,5,2,18,5,2,5,0,2,5,2,18,0,2,0,5,0,18,0,5,0,2,5,0,18,2,5,18,5,0,18,0,2,0,18,0,5,18,0,18,2,18,5,2,5,0,2,18,2,5,0,2,0,18,0,5,0,2,5,0,5,18,5,2,18,2,0,2,5,2,18,2,0,18,5,18,2,5,2,0,5,0,18,0,2,18,0,18,5,18,0,18,2,18,5,2,5,0,5,18,5,0,5,2,0,2,18,2,0,5,18,0,5,0,2,0,5,0,18,0,2,18,0,18,5,18,2,5,2,0,5,0,18,0,2,18,0,18,5,18,0,18,2,18,5,2,0,2,18,5,18,0,18,5,2,5,18,5,0,2,0,5,0,18,2,18,0,5,18,5,2,18,2,0,18,5,18,0,2,0,18,0,2,5,2,0,18,2,18,5,2,5,0,2,18,2,0,5,0,2,0,5,18,5,0,2,5,2,18,5,18,0,5,18,5,2,0,5,0,18,0,2,0,5,0,18,5,18,2,18,0,18,5,18,2,5,2,0,2,18,2,5,2,0,5,0,18,0,5,0,2,5,0,18,2,18,5,18,0,5,0,2,0,18,0,2,0,5,2,0,2,18,5,0,5,2,0,2,18,2,0,2,5,2,18,5,0,5,2,0,5,0,18,0,2,0,5,2,5,18,2,5,0,5,2,5,18,2,18,0,18,5,18,0,18,2,0,5,0,18,2,0,2,5,2,0,2,18,2,5,18,2,18,0,2,5,0,5,18,5,2,18,5,18,0,18,2,18,0,18,5,0,2,18,2,5,2,0,5,18,0,5,0,2,0,5,0,18,0,2,18,5,18,0,5,18,5,2,5,18,5,0,5,2,0,5,0,18,2,0,2,5,2,0,2,18,2,0,5,18,5,0,5,18,2,18,0,18,5,0,2,0,5,0,18,0,5,2,18,2,0,2,5,18,0,5,18,5,2"
3,5,18,678,0,0,400000792,19.575,"0,3,0,5,0,3,0,18,0,3,0,5,3,0,3,18,3,0,3,5,3,18,5,0,5,3,0,3,18,0,3,0,5,0,18,0,5,0,3,5,0,5,18,3,0,3,18,3,5,3,18,3,0,18,5,18,0,3,0,5,0,18,5,3,5,18,5,0,5,18,3,0,3,5,3,18,0,18,3,5,18,0,5,0,3,0,5,18,0,18,3,18,5,18,0,5,18,5,3,0,5,0,18,0,5,0,3,0,18,3,18,5,0,5,3,0,3,18,3,5,18,0,18,3,0,18,0,5,0,3,5,0,5,18,3,18,5,18,0,5,0,3,18,5,18,3,18,0,18,3,5,18,3,0,3,18,3,5,3,18,0,5,0,3,5,0,18,3,5,18,5,0,5,18,3,5,3,0,3,18,3,5,18,5,0,18,0,3,18,0,18,5,18,3,18,5,18,0,5,18,5,3,0,5,0,18,5,18,3,18,5,18,0,18,3,0,18,0,5,0,3,0,18,3,0,3,5,3,18,5,0,18,5,3,18,3,0,18,3,18,5,18,0,5,18,5,3,5,18,5,0,18,0,3,0,5,0,18,5,3,5,0,3,5,3,18,3,0,3,5,0,5,18,0,3,0,5,18,0,18,3,18,5,18,0,5,3,0,18,5,0,5,3,5,0,5,18,5,3,18,5,18,0,18,5,18,3,18,0,3,0,5,0,18,5,3,5,0,3,5,3,18,5,3,5,0,3,0,18,5,18,0,3,18,3,5,3,18,3,0,3,5,0,3,0,18,0,3,0,5,0,18,5,3,5,0,3,0,18,0,3,0,5,3,0,3,18,3,5,3,0,5,0,18,5,3,5,18,5,0,5,18,3,5,3,0,5,0,18,3,18,0,5,18,5,3,18,5,18,0,18,3,0,18,0,5,0,3,0,5,0,18,5,18,3,5,18,5,0,5,3,0,5,0,18,0,5,0,3,5,3,18,0,18,5,3,18,3,0,3,5,0,18,0,5,0,3,0,5,18,0,18,3,18,0,18,5,18,3,0,5,0,18,5,0,5,3,5,18,3,0,18,5,0,18,3,0,3,5,3,18,3,0,18,3,18,5,18,0,18,5,18,3,5,0,3,18,0,3,5,0,5,18,5,3,5,18,5,0,18,5,18,3,18,5,18,0,18,3,0,18,0,5,18,3,18,5,18,0,18,5,3,18,3,0,3,5,3,18,5,18,0,5,0,3,0,5,18,0,18,3,0,3,5,3,18,3,0,18,3,18,5,18,3,18,0,18,5,0,18,0,3,18,5,18,3,18,0,3,0,5,3,5,18,5,0,5,18,5,3,18,0,5,0,3,5,3,18,3,5,0,3,0,18,0,3,0,5,0,18,5,0,5,3,5,0,5,18,0,18,3,0,5,0,18,5,0,5,3,5,18,5,3,5,0,3,5,18,3,0,18,0,5,18,0,18,3,18,5,18,3,18,0,3,0,5,3,0,3,18,5,3,5,0,5,3,5,18,5,3,0,18,0,3,0,5,0,3"
4,5,18,685,0,0,400000848,19.842,"0,4,0,5,0,4,0,18,0,4,0,5,4,0,4,18,4,0,4,5,4,18,5,0,5,4,0,4,18,0,4,0,5,0,18,5,0,5,4,0,4,18,5,18,4,0,18,0,5,0,18,4,5,4,0,5,0,18,0,5,0,4,5,0,5,18,5,4,5,0,4,0,18,0,5,18,4,18,5,18,0,18,5,4,0,4,5,4,18,4,5,0,4,0,18,0,4,5,0,5,18,0,5,0,4,0,18,0,4,0,5,4,0,4,18,4,0,4,5,4,18,5,0,5,4,0,4,18,0,4,0,5,0,18,5,4,18,5,0,18,4,0,18,0,5,18,5,4,18,0,18,5,4,18,4,0,4,5,0,4,0,18,5,0,18,4,18,0,5,18,5,4,5,18,5,0,5,4,0,5,0,18,0,4,0,5,4,0,4,18,4,0,4,5,0,5,18,0,4,0,5,18,0,18,4,18,5,4,5,0,18,5,18,4,18,5,18,0,18,4,5,4,0,4,18,0,5,18,0,18,4,18,0,18,5,18,4,5,0,5,18,0,5,0,4,0,5,0,18,0,4,18,5,18,0,4,0,5,4,0,4,18,4,5,18,4,18,0,18,4,18,5,4,5,0,5,18,5,4,18,0,18,4,18,5,18,4,0,18,0,5,18,0,18,4,18,5,18,4,18,0,4,5,4,0,4,18,0,18,5,0,5,4,5,18,5,0,18,5,18,4,18,5,18,0,5,0,4,5,18,4,18,0,18,5,0,18,0,4,0,5,0,18,5,0,5,4,5,18,5,0,18,0,4,5,4,18,0,4,0,5,0,4,0,18,0,5,4,18,5,0,18,0,4,0,18,5,18,4,18,0,4,5,4,0,4,18,0,5,18,5,4,5,0,5,18,0,4,0,18,0,5,18,5,4,5,18,0,18,5,18,4,0,4,5,18,4,18,0,18,5,18,4,18,0,4,0,5,0,4,0,18,0,5,18,5,4,5,0,18,0,4,0,18,5,18,0,4,18,4,5,4,18,4,0,4,5,0,4,0,18,0,4,0,5,4,5,18,0,4,5,0,4,0,18,0,4,5,0,5,18,5,0,5,4,5,0,18,4,0,4,5,4,0,18,4,18,5,18,0,5,4,0,5,0,18,0,5,0,4,0,18,4,5,18,4,18,0,18,4,18,5,18,0,5,4,5,18,0,18,4,18,5,0,5,4,0,5,0,18,0,4,0,5,4,0,4,18,5,4,5,0,5,18,5,4,5,0,4,0,18,0,5,0,4,5,0,5,18,4,5,4,0,4,18,4,0,4,5,0,4,0,18,0,5,0,4,5,18,5,4,5,0,4,0,18,0,5,18,4,18,5,18,0,5,0,4,5,18,5,4,5,0,4,0,18,0,5,0,4,5,0,5,18,5,0,5,4,5,18,4,5,4,0,5,0,18,5,0,4,5,4,18,4,0,4,5,0,4,0,18,0,5,0,4,5,0,5,18,5,0,5,4,0,4,18,4,0,5,4,5,18,5,0,4,18,0,18,5,0,4,5,18,5,0"
1,6,18,783,0,0,400000988,20.210,"0,1,0,6,0,1,0,18,0,1,0,6,1,0,1,18,1,0,1,6,1,18,6,0,6,1,0,1,18,0,1,0,6,0,18,0,6,0,1,6,0,6,18,1,0,1,18,1,6,1,18,1,0,18,6,18,0,1,0,6,0,18,6,1,6,18,6,0,18,0,1,0,6,0,1,0,18,1,0,1,6,18,6,0,18,0,1,18,0,18,6,18,1,18,6,18,0,6,0,1,6,18,1,0,1,18,6,18,1,0,18,0,6,0,1,0,6,0,18,6,1,6,18,6,0,18,1,6,1,18,1,0,1,18,1,6,18,0,18,1,0,1,6,0,1,0,18,1,0,1,6,18,6,1,6,0,1,0,18,0,1,0,6,0,18,6,0,6,1,6,18,1,18,0,18,6,0,6,1,0,18,0,1,6,1,18,1,6,0,6,1,6,18,1,18,0,18,1,18,6,18,0,6,18,6,1,6,0,6,1,6,18,1,0,1,18,6,18,0,6,0,1,0,6,0,18,6,0,6,1,6,18,6,0,18,6,18,1,18,0,18,6,0,6,1,0,18,0,1,6,1,18,0,18,6,18,1,18,6,18,0,6,1,6,18,1,18,0,1,18,1,6,0,1,6,18,6,0,1,0,18,0,6,0,18,0,1,18,6,18,1,18,0,1,0,6,18,0,1,18,1,6,1,0,1,6,1,18,6,0,1,0,6,0,18,1,18,6,1,6,0,6,18,0,6,0,1,0,18,0,6,18,6,1,0,1,18,0,18,6,18,1,18,6,18,0,6,1,6,18,0,6,0,1,6,1,18,0,18,1,18,6,0,6,18,1,6,1,0,1,18,1,6,18,1,18,0,18,1,18,6,18,0,6,18,6,1,18,0,18,1,18,6,18,1,0,18,0,6,0,18,1,0,1,6,1,18,6,18,0,6,0,1,18,0,18,6,18,1,18,6,18,0,6,18,1,0,6,18,0,6,0,1,0,6,0,18,6,18,1,6,0,6,1,18,1,0,1,6,18,0,18,6,18,0,1,0,6,0,18,6,1,18,6,18,0,18,6,18,1,18,0,1,18,1,6,18,6,0,6,1,6,18,1,6,1,0,1,18,1,0,1,6,0,6,18,6,1,0,18,0,1,0,6,0,1,18,6,18,0,18,6,1,6,0,6,18,0,18,1,18,6,18,1,18,0,1,6,1,0,18,0,1,6,0,18,6,18,1,6,18,6,0,6,1,0,6,0,18,0,6,0,1,6,1,18,6,0,18,0,1,0,6,0,1,0,18,1,0,1,6,1,0,1,18,1,6,18,0,6,0,1,6,18,0,18,1,0,18,0,6,0,1,0,6,0,18,6,0,1,6,1,18,6,18,0,1,0,6,18,0,18,1,18,6,18,1,18,0,1,18,1,6,1,18,1,0,1,6,0,18,0,6,1,6,18,6,0,1,18,1,6,18,1,18,0,18,1,18,6,18,0,6,18,6,1,6,0,6,18,0,18,1,18,6,18,0,18,1,0,1,6,1,0,18,0,1,0,6,1,6,18,0,6,18,1,18,0,6,0,18,0,1,0,18,0,6,18,1,6,0,18,0,6,0,1,0,6,0,18,6,1,6,0,1,6,1,18,1,0,1,18,1,6,18,0,18,1,0,1,6,0,6,18,0,18,1,18,0,18,6,18,1,0,1,18,1,6,18,6,0,18,6,1,0,1,18,0,1,0,6,0,1,0,18,0,6,18,6,1,6,18,6,0,18,6,1,0,18,0,6,18,6"
5,6,18,554,0,0,400000768,17.175,"0,5,0,6,0,5,0,18,0,5,0,6,5,0,5,18,5,0,5,6,5,18,6,0,6,5,0,5,18,0,5,0,6,0,18,0,6,0,5,6,0,6,18,5,0,5,18,5,6,5,18,5,0,18,6,18,0,5,0,6,0,18,6,5,6,18,6,0,18,0,5,0,6,0,5,0,18,5,0,5,6,18,6,0,18,0,5,18,0,18,6,18,5,18,6,18,0,6,0,5,6,18,5,0,5,18,6,18,5,0,18,0,6,0,5,0,6,0,18,6,5,18,6,18,0,6,0,5,6,5,18,5,0,5,18,5,6,18,5,18,0,6,0,5,18,5,6,18,5,18,0,18,5,18,6,18,0,6,0,5,0,6,18,5,18,6,18,0,18,6,18,5,6,0,6,18,0,6,0,5,6,0,6,18,5,6,18,0,18,5,0,5,6,5,18,6,0,6,5,0,6,0,18,0,5,18,0,18,6,18,5,18,6,18,0,6,5,18,0,5,18,5,6,5,18,0,5,0,6,0,18,0,5,18,5,6,0,5,6,18,6,0,5,0,6,0,18,0,6,0,5,6,18,6,0,5,6,5,18,6,18,0,18,6,5,18,5,0,18,0,6,0,5,6,0,6,18,5,6,5,0,5,18,5,0,5,6,0,5,0,18,6,5,6,0,5,0,18,0,5,0,6,0,18,6,0,6,5,6,18,5,0,18,0,6,0,5,18,0,5,6,5,0,5,18,5,0,6,18,6,0,6,18,5,18,0,18,6,0,6,5,0,6,0,18,6,0,6,5,18,6,18,0,18,5,18,0,18,6,0,6,5,18,0,5,18,5,6,5,18,5,0,5,6,0,5,0,18,0,6,18,5,6,5,0,6,0,18,0,6,0,5,6,0,6,18,6,5,6,0,5,0,18,5,6,5,18,0,18,5,6,18,6,0,18,0,5,0,6,0,18,6,0,6,5,18,6,18,0,18,6,18,5,18,6,0,5,0,18,0,6,18,5,18,6,18,0,18,6,5,18,5,0,5,18,5,6,5,0,18,6,18,5,6,18,6,0,6,5,0,18,0,6,5,6,18,5,18,0,5,6,0,5,0,18,0,5,0,6,0,18,6,5,6,0,18,0,5,0,6,18,6,5,18,6,18,0,18,6,18,5,18,0,5,6,5,18,0,18,6,0,18,0,5,0,6,0,5,0,18,5,0,5,6,5,18,6,0,18,5,0,18,6,0,5,6,0,6,18,5,18,0,6,0"
1,7,18,686,0,0,400000828,19.142,"0,1,0,7,0,1,0,18,0,1,0,7,1,0,1,18,1,0,1,7,1,18,7,0,7,1,0,1,18,0,1,0,7,0,18,7,1,7,18,0,7,18,1,7,1,0,1,7,1,18,1,0,7,0,18,0,1,18,1,7,18,1,18,0,7,18,7,1,7,0,7,18,0,1,0,18,0,7,18,1,18,7,0,18,7,1,18,1,0,18,1,18,7,18,0,18,7,18,1,7,18,7,0,1,7,1,18,1,0,1,7,0,7,18,1,7,0,1,0,18,0,7,18,1,7,18,7,0,7,18,7,1,7,0,1,7,1,18,0,7,0,1,0,18,0,1,0,7,1,7,18,1,7,1,0,1,18,0,7,18,7,1,18,7,18,0,18,1,0,7,0,1,18,1,7,0,7,18,0,7,0,1,0,18,0,1,0,7,1,0,1,18,1,0,1,7,1,18,7,0,7,1,0,1,18,0,1,0,7,0,18,7,1,7,18,0,7,18,1,7,1,0,1,7,1,18,1,0,7,18,0,18,1,18,0,7,18,7,1,7,0,7,18,7,1,18,1,0,7,1,7,18,7,0,18,7,18,1,0,18,0,7,0,18,0,1,0,7,18,7,1,0,1,18,1,0,7,18,0,18,1,18,0,18,7,18,1,7,1,0,7,1,7,18,7,0,18,7,18,1,18,7,18,0,18,1,0,18,0,7,18,1,7,18,0,18,7,1,18,1,0,1,7,1,0,1,18,0,1,0,7,18,7,1,18,7,18,0,18,1,0,18,0,7,0,1,0,18,1,0,1,7,1,0,1,18,0,18,7,0,1,7,1,18,1,7,0,7,18,7,1,7,18,7,0,18,0,1,0,18,0,7,18,0,1,18,1,7,1,0,1,7,1,18,7,0,7,1,18,7,18,0,18,7,18,1,18,0,1,18,1,7,18,7,0,1,0,18,0,7,0,18,0,1,18,7,18,1,18,0,18,1,7,18,7,0,18,7,18,1,18,0,18,1,18,7,1,18,1,0,7,1,7,18,7,0,7,18,7,1,18,1,0,1,18,7,0,18,7,18,1,18,7,18,0,18,1,0,18,0,7,0,1,7,0,7,18,1,7,1,0,1,18,1,7,18,0,7,1,7,18,1,18,0,18,1,7,18,7,0,7,18,7,1,7,0,18,1,18,7,1,7,0,7,1,7,18,1,7,1,0,1,18,1,0,1,7,0,1,0,18,0,7,0,1,7,1,18,7,18,0,18,1,18,7,1,18,1,0,1,7,1,18,7,1,7,0,7,18,0,1,0,18,7,18,1,7,18,7,0,18,1,18,7,0,18,0,1,0,7,0,1,0,18,1,7,1,0,18,1,18,7,18,0,7,18,7,1,18,0,1,18,1,7,1,18,1,0,1,7,0,7,18,0,18,1,7,1,0,18,1,18,7,18,0,18,7,18,1,7,18,7,0,7,1,7,18,1,0,18,7,18,1,0,1,7,1,18,1,7,1,0,7,18,7,0,1,0,7,0,18,1,18,7,1,18,0,1,7,0,1,0,18,1,0,1"
2,7,18,928,0,0,400001348,21.384,"0,2,0,7,0,2,0,18,0,2,0,7,2,0,2,18,2,0,2,7,2,18,7,0,7,2,0,2,18,0,2,0,7,0,18,7,0,7,2,0,2,18,7,18,2,0,18,0,7,0,18,2,7,2,0,7,0,18,0,7,0,2,7,0,7,18,7,2,7,0,2,0,18,0,7,18,2,7,0,18,7,18,2,18,7,18,0,18,2,0,2,7,0,2,0,18,0,7,0,18,0,2,18,0,7,18,2,7,18,7,0,7,18,7,2,7,0,2,0,18,0,7,18,2,18,7,18,0,18,7,2,18,2,0,18,2,7,18,0,18,7,2,7,0,2,0,18,0,2,0,7,2,0,2,18,2,7,2,0,7,0,18,7,2,7,18,0,7,18,2,18,0,2,0,7,0,18,0,7,0,2,7,0,7,18,2,7,18,0,18,7,18,2,18,7,0,2,7,18,7,0,2,0,18,2,0,2,7,2,18,7,0,7,2,0,7,0,18,0,7,0,2,0,18,2,7,18,0,2,18,2,7,2,18,2,0,2,7,0,2,0,18,0,2,0,7,0,18,7,0,7,2,0,2,18,0,2,0,7,2,0,2,18,7,2,7,0,7,18,7,0,7,2,0,7,0,18,0,2,0,7,2,0,2,18,2,7,18,0,18,7,18,2,7,0,2,7,2,18,0,7,0,2,7,0,7,18,7,0,7,2,7,18,2,0,2,7,18,7,0,18,7,18,2,18,7,18,0,18,2,0,18,0,7,2,7,18,7,0,18,0,2,0,7,0,18,0,2,18,2,7,2,18,2,0,2,7,0,2,0,18,0,2,0,7,0,18,7,0,7,2,0,2,18,0,7,2,18,7,2,7,0,7,2,18,7,18,0,18,7,2,18,2,0,18,0,7,18,0,2,7,2,0,2,18,0,18,7,0,18,0,2,7,0,7,18,7,2,7,18,7,0,18,7,18,2,18,7,18,0,18,2,0,18,0,7,0,2,7,18,7,0,18,7,18,2,7,0,2,0,18,2,18,7,18,2,18,0,2,18,2,7,2,0,2,7,2,18,7,0,2,0,7,0,18,0,7,0,2,7,18,7,2,7,0,7,2,18,0,18,2,18,7,0,2,7,2,18,7,0,18,0,2,18,0,18,7,18,2,18,7,18,0,7,18,2,7,0,2,7,18,2,18,0,18,7,0,18,0,2,7,0,7,18,7,2,7,18,7,0,18,7,18,2,18,7,18,0,18,2,0,18,0,7,18,7,2,7,18,0,18,7,18,2,7,2,0,2,18,0,7,18,0,18,2,18,0,18,7,18,2,7,0,2,18,2,0,7,0,18,7,0,7,2,0,18,0,2,0,7,2,7,18,2,18,0,18,7,18,2,7,18,7,0,7,2,7,0,7,18,0,7,2,18,2,7,2,0,7,18,2,0,7,0,18,7,18,2,0,2,7,0,2,0,18,0,2,0,7,0,18,7,0,7,2,0,18,0,2,0,7,2,7,18,2,7,2,0,2,18,2,0,2,7,0,2,0,18,0,7,0,18,0,2,18,7,2,7,0,2,18,7,18,0,7,18,7,2,7,0,7,2,7,18,2,0,7,18,0,7,0,2,18,2,0,2,7,18,7,0,2,7,2,18,2,0,2,7,2,18,7,18,0,18,7,18,2,18,0,2,7,0,7,18,0,7,0,2,0,18,2,0,2,7,18,7,0,2,7,2,18,2,0,2,18,2,7,18,2,0,18,0,7,18,0,2,18,2,7,2,0,7,2,7,18,7,0,18,7,18,2,18,7,18,0,18,2,0,18,0,7,18,7,2,18,7,18,0,7,18,7,2,0,7,0,18,0,7,0,2,0,18,2,18,7,2,7,0,2,0,18,2,18,7,18,0,7,18,7,2,7,0,2,7,2,18,2,0,2,7,0,2,0,18,0,2,0,7,2,7,18,7,2,0,7,0,18,0,7,0,2,0,18,7,18,2,7,18,7,0,7,2,0,18,0,2,0,7,2,18,2,7,2,0,7,2,18,0,18,7,0,7,2,7,18,7,0,18,7,18,2,18,0,2,18,2,7,18,7,0,7,2,18,2,7,2,0,7"
3,7,18,846,0,0,400001052,20.104,"0,3,0,7,0,3,0,18,0,3,0,7,3,0,3,18,3,0,3,7,3,18,7,0,7,3,0,3,18,0,3,0,7,0,18,0,7,0,3,7,0,7,18,3,0,3,18,3,7,3,18,3,0,18,7,18,0,3,0,7,0,18,7,3,18,7,18,0,7,0,3,0,18,0,3,0,7,3,18,3,0,18,0,7,18,7,3,18,7,18,0,18,3,18,0,18,7,0,3,0,18,3,18,7,3,7,0,3,7,3,18,3,0,3,18,3,7,18,0,3,7,0,3,0,18,0,3,7,0,7,18,7,3,0,3,7,18,3,18,0,3,18,3,7,0,7,18,0,7,0,3,0,18,0,7,18,0,18,3,18,0,18,7,0,7,3,7,18,7,0,7,3,0,3,18,3,7,18,0,7,3,7,18,3,18,0,18,3,18,7,18,0,7,18,7,3,7,0,7,18,0,18,3,18,0,18,7,0,18,0,3,7,18,7,0,18,0,3,0,18,0,7,0,3,7,0,7,18,0,3,18,3,7,3,0,3,7,3,18,7,18,0,18,3,0,7,0,18,7,0,7,3,7,0,7,18,0,18,3,18,0,18,7,18,3,7,0,3,7,3,18,7,18,0,7,3,0,18,3,0,3,7,3,0,3,18,3,7,18,7,0,7,3,7,18,7,0,18,0,3,0,18,0,7,0,3,7,0,7,18,7,3,7,0,3,0,18,0,3,0,7,3,0,3,18,7,0,7,3,0,3,18,3,0,3,7,3,18,7,3,7,0,7,18,0,3,0,7,3,0,3,18,0,7,18,3,18,7,0,7,18,3,7,3,0,3,18,3,7,18,3,18,0,18,7,18,0,18,3,0,7,0,18,7,0,7,3,7,0,7,18,0,18,3,18,7,3,18,3,0,3,7,3,0,3,18,0,3,0,7,18,7,3,7,0,3,0,18,0,3,7,3,0,3,18,0,18,7,0,18,0,3,18,0,18,7,0,7,3,0,7,0,18,0,3,18,0,18,7,18,0,18,3,18,7,3,7,0,7,18,0,7,0,3,0,18,3,0,3,7,18,0,7,18,7,3,0,3,18,3,7,3,18,3,0,18,7,18,3,7,18,7,0,18,0,3,0,18,0,7,18,0,18,3,18,7,18,0,7,18,7,3,7,0,3,18,3,7,18,7,0,18,7,18,3,18,0,18,3,18,7,3,18,3,0,3,18,3,7,3,0,7,18,0,3,0,7,18,7,3,18,7,18,0,18,7,18,3,18,0,3,18,3,7,18,7,0,18,7,18,3,0,18,0,7,0,3,7,0,7,18,0,18,3,18,7,3,18,3,0,3,7,0,3,0,18,7,18,3,0,18,0,7,0,3,0,7,0,18,7,0,7,3,18,0,3,7,3,18,0,18,7,0,18,0,3,18,7,18,3,18,0,18,3,7,18,7,0,7,3,18,3,0,3,7,0,7,18,0,7,3,0,3,18,3,0,3,7,3,18,7,3,7,0,7,18,7,3,18,0,3,7,0,7,18,0,7,0,3,0,18,0,3,0,7,3,0,3,18,7,18,0,3,0,7,3,0,3,18,3,0,3,7,3,18,7,3,7,0,3,18,3,0,3,7,0,18,3,18,7,18,0,7,0,3,7,18,7,0,3,7,3,18,3,0,18,3,18,7,18,0,18,7,18,3,7,18,0,7,0,3,0,18,0,3,0,7,3,0,3,18,7,0,7,3,7,18,0,18,7,18,3,7,3,0,3,18,3,0,3,7,0,3,0,18,0,7,18,3,7,3,0,7,18,0,7,0,3,0,7,0,18,0,3,18,0,18,7,18,3,7,0,7,18,0,18,3,18,0,18,7,0,18,3,0,3,7,3,18,3,0,18,7,18,3,7,18,7,0,18,0,3,7,18,0,7"
4,7,18,766,0,0,400000956,17.919,"0,4,0,7,0,4,0,18,0,4,0,7,4,0,4,18,4,0,4,7,4,18,7,0,7,18,4,7,18,0,7,0,4,0,7,0,18,0,4,7,4,18,4,7,0,18,7,18,4,18,7,0,18,0,4,18,4,7,4,0,4,7,4,18,7,4,7,0,7,18,0,4,0,7,4,0,4,18,4,7,4,18,4,0,18,4,7,18,0,4,0,7,4,0,4,18,4,7,18,0,18,7,18,4,18,7,0,18,0,4,0,18,7,18,4,18,7,0,7,18,7,0,4,0,7,0,4,18,4,0,4,7,0,7,18,7,4,18,7,18,0,4,18,4,7,4,0,4,7,4,18,7,4,0,18,7,0,7,4,0,4,18,0,4,0,7,0,18,0,7,0,4,7,0,7,18,7,0,7,4,7,18,4,18,0,18,7,18,4,18,0,4,0,7,4,18,0,18,7,0,18,0,4,0,7,0,4,0,18,4,7,4,0,18,4,18,7,18,4,18,0,18,7,0,18,0,4,0,7,4,7,18,7,0,18,4,18,0,18,7,18,0,4,18,4,7,18,4,18,0,18,7,18,0,18,4,0,7,0,18,4,18,7,4,18,4,0,4,18,4,7,4,0,7,4,7,18,0,4,18,4,7,18,0,4,7,0,4,0,18,0,4,0,7,0,18,7,0,7,4,18,7,18,0,18,4,0,18,0,7,4,0,4,18,4,7,4,18,4,0,18,0,7,0,18,4,7,18,4,18,0,18,4,18,7,18,0,7,18,7,4,0,18,0,7,0,4,18,4,0,7,4,7,18,4,18,0,18,7,0,7,4,7,0,7,18,0,7,0,4,0,18,0,4,0,7,4,0,4,18,4,7,4,0,7,4,7,18,0,7,0,4,7,4,18,7,18,0,18,7,18,4,7,18,0,4,0,7,4,0,18,4,18,7,4,18,4,0,4,7,4,0,4,18,0,4,0,7,18,7,4,0,4,18,0,4,0,7,0,4,0,18,0,7,18,7,4,0,7,0,18,0,4,0,7,4,0,4,18,4,7,4,18,4,0,18,0,7,0,18,4,18,7,18,0,7,0,4,7,0,7,18,7,4,18,4,0,4,7,0,4,0,18,0,7,0,4,7,0,7,18,7,0,7,4,0,4,18,0,4,7,0,7,18,7,4,7,18,7,0,18,7,18,4,18,0,18,4,18,7,4,7,0,7,18,4,18,0,4,18,4,7,4,0,4,7,4,18,7,4,0,7,0,18,0,7,0,4,0,18,7,4,18,4,0,18,7,0,7,4,7,18,7,0,18,4,18,0,18,7,18,0,4,18,4,7,18,4,18,0,18,7,18,0,18,4,0,7,0,18,4,18,7,4,18,4,0,4,18,4,7,4,0,7,18,7,0,4,7,0,18,0,4,18,4,7,4,0,4,18,0,4,0,7,0,4,0,18,0,7,18,4,7,4,0,7,0,18,0,7,0,4,7,0,7,18,7,4,7,18,7,0,18,7,4,18,0,4,0,7,4,0,4,18,4,7,4,18,4,0,18,0,7,18,7,4,18,4,0,7,4,7,18,7,0,7,18,7,4,18,7,18,0,18,4,18,7,4,0,7,18,7,4,18,4,0,4,18,4,7,4,0,18,0,4,0,18,7,18,4,7,18,7,0,7,4,0,18,0,4,7,4,0,4,18,7,18,0,18,4,0,4,7,4,0,18,0,4,0,7,4,7,18,0,7,18"
5,7,18,420,0,0,400000508,14.448,"0,5,0,7,0,5,0,18,0,5,0,7,5,0,5,18,5,0,5,7,5,18,7,0,7,5,0,5,18,0,5,0,7,0,18,0,7,0,5,7,0,7,18,5,0,5,18,5,7,5,18,5,0,18,7,18,0,5,0,7,0,18,7,5,7,18,7,0,18,0,5,0,7,0,5,0,18,5,0,5,7,18,0,18,7,18,5,18,7,0,18,0,5,0,18,0,7,0,18,5,18,7,0,7,18,7,5,7,18,7,0,18,0,5,18,0,18,7,18,5,18,7,18,0,7,18,5,0,5,7,5,18,5,7,5,0,7,0,18,0,5,0,7,0,18,7,5,7,18,0,18,5,0,18,0,7,18,5,18,0,7,18,7,5,7,0,7,18,0,5,18,7,18,0,7,0,5,0,7,0,18,7,0,7,5,18,5,7,5,0,5,7,5,18,7,0,18,5,0,18,0,7,0,18,0,5,0,7,5,0,5,18,5,7,5,0,7,0,18,0,7,0,5,0,18,7,5,7,0,5,7,5,18,5,7,5,0,7,0,18,5,7,0,18,7,18,5,7,0,18,5,7,5,0,7,0,18,0,5,0,7,0,18,7,5,7,0,5,7,5,18,5,0,5,18,5,7,18,5,18,0,18,7,18,5,7,0,5,7,18,5,0,7,0,18,7,0,7,5,18,0,5,0,7,0,5,18,0,18,7,0,18,0,5,7,5,18,7,5,7,0,5,7,5,18,7,18,0,18,7,18,5,18,7,0,5,7,18,5,18,0,18,7,18,0,18,5,0,18,0,7,5,7,18,0,7,0,5,0,18,0,5,0,7,5,18,5,7,5,0,7,18,0,18,5,18,7,5,0,7,18,7,0,5,0,7,18,0,18,5,18,0,18,7,18,5,7,5,0,5,18,7,18,5,0,18,7,5,7,0,5,7,5,18,5,7,5,0,7,0"
6,7,18,699,0,0,400000812,18.513,"0,6,0,7,0,6,0,18,0,6,0,7,6,0,6,18,6,0,6,7,6,18,7,0,7,6,0,6,18,0,6,0,7,0,18,7,6,18,7,18,0,6,0,7,6,7,18,6,0,18,6,18,7,18,6,18,0,6,0,7,18,0,18,6,0,18,0,7,6,7,18,7,0,6,0,18,7,0,7,6,7,0,7,18,7,6,0,6,18,6,7,18,0,7,6,7,18,6,18,0,18,6,18,7,18,0,6,0,18,0,7,18,6,7,6,0,6,18,7,18,0,18,7,6,7,18,7,0,6,0,7,0,18,6,18,7,0,18,0,6,0,7,0,6,0,18,6,0,6,7,18,6,7,0,7,18,0,18,6,0,7,0,6,0,18,6,18,7,18,6,18,0,6,18,6,7,6,0,6,18,0,6,0,7,0,6,0,18,6,18,7,6,0,18,0,7,0,6,0,7,0,18,7,6,7,0,6,0,18,0,6,0,7,6,0,6,18,6,7,18,7,0,6,0,18,6,18,7,18,0,6,0,18,0,7,18,7,6,7,0,7,6,7,18,6,0,6,7,0,7,18,0,18,6,18,7,18,6,18,0,6,18,6,7,6,0,6,18,0,7,18,6,18,0,6,0,7,0,6,18,6,0,6,7,0,7,18,0,7,0,6,7,0,7,18,0,18,6,18,7,6,18,6,0,18,0,7,0,6,7,6,18,0,6,7,0,7,18,7,6,7,18,7,0,18,7,18,6,18,7,18,0,18,6,0,6,7,0,7,18,0,18,6,0,18,0,7,18,0,18,6,0,6,7,0,7,18,6,7,18,0,18,7,6,18,6,0,18,6,18,7,18,0,18,7,18,6,7,18,7,0,7,6,7,18,6,7,6,0,18,6,18,7,18,0,18,7,18,6,7,6,0,6,18,6,0,6,7,0,18,6,18,0,18,7,6,7,0,6,7,6,18,0,7,18,7,6,7,18,7,0,7,6,0,7,0,18,6,18,0,18,7,6,7,0,18,7,6,18,6,0,6,7,0,6,0,18,0,7,0,6,7,18,7,0,18,7,18,6,18,0,18,6,18,7,6,18,6,0,6,7,6,0,6,18,0,6,0,7,0,18,7,0,7,6,18,6,0,18,6,18,7,6,0,6,18,7,6,7,0,7,18,7,0,7,6,0,6,18,0,6,0,7,0,18,0,7,0,6,7,0,7,18,6,18,0,7,0,6,7,0,7,18,7,6,7,18,7,0,18,7,6,0,6,7,6,18,7,18,0,18,6,0,7,0,18,7,0,7,6,0,6,18,7,6,0,7,0,18,0,6,0,18,0,7,18,0,18,6,18,0,18,7,18,6,7,6,0,7,18,7,0,6,0,18,0,7,18,6,18,7,18,0,7,0,6,7,0,7,18,7,6,7,18,7,0,18,7,18,6,18,0,18,6,18,7,6,18,0,6,0,7,6,18,0,7,18,0,18,6,18,0,7,18,7,6,7,0,7,6,7,18,6,7,0,6,0,18,0,6,0,7,0,6,18,6,7,18,6,18,0,6,18,6,7,18,7,0,7,6,7,18,7,0,18,6,0,6,7"
1,8,18,818,0,0,400001116,22.308,"0,1,0,8,0,1,0,18,0,1,0,8,1,0,1,18,1,0,1,8,1,18,8,0,8,1,0,1,18,0,1,0,8,0,18,8,0,8,1,0,1,18,8,18,1,0,18,0,8,0,18,1,8,1,0,8,0,18,0,8,0,1,8,0,8,18,8,1,8,0,1,0,18,0,8,18,1,8,0,18,8,18,1,18,8,18,0,18,1,0,1,8,0,1,0,18,0,8,0,18,0,1,18,0,8,18,1,8,18,8,0,8,18,8,1,8,0,1,0,18,0,8,18,1,18,8,18,0,18,8,1,18,1,0,18,1,8,18,0,18,8,1,8,0,1,0,18,0,1,0,8,1,0,1,18,1,8,1,0,8,0,18,0,1,18,8,18,0,8,18,8,1,18,8,18,0,8,0,1,0,8,18,8,1,8,0,8,1,8,18,1,18,0,18,8,18,1,8,18,8,0,8,1,0,8,0,18,1,0,1,8,1,18,1,0,18,8,18,0,1,0,8,0,1,18,1,0,1,8,0,8,18,8,0,1,0,8,0,1,18,1,8,1,0,1,8,1,18,8,18,0,8,1,18,0,1,18,1,8,1,18,1,0,1,8,0,1,0,18,1,18,8,0,18,0,1,0,8,0,1,0,18,1,0,1,8,1,18,1,8,1,0,8,0,18,0,8,0,1,8,0,8,18,1,8,1,0,1,8,1,18,1,0,8,0,18,1,18,8,18,0,18,8,18,1,8,0,8,18,0,8,0,1,8,1,18,1,0,1,8,0,1,0,18,0,8,0,1,8,0,8,18,8,0,8,1,0,1,18,0,8,0,1,18,0,18,8,18,0,18,1,18,0,8,1,8,18,8,0,8,18,8,1,18,0,18,8,0,8,1,0,1,18,0,18,8,1,18,1,0,1,18,1,8,1,0,8,0,18,1,0,8,1,8,18,8,0,8,18,8,1,18,8,0,18,1,18,0,8,0,18,0,1,8,1,0,18,1,18,8,18,0,18,1,18,8,1,8,0,8,18,8,1,18,8,18,0,18,8,18,1,18,0,1,18,1,8,18,0,18,8,1,18,8,0,8,1,8,18,1,0,1,18,1,8,1,18,0,1,0,8,0,1,18,0,18,8,18,1,8,0,8,1,8,18,8,1,0,18,1,18,8,18,1,18,0,18,8,0,8,1,8,18,0,18,1,8,18,0,8,0,1,0,18,1,0,1,8,1,18,8,0,8,1,18,8,18,0,8,0,1,0,8,0,18,8,0,8,1,8,18,8,0,18,0,1,18,8,1,8,0,1,8,1,18,1,0,18,1,18,8,0,8,18,8,0,1,0,18,1,0,1,8,0,8,18,1,8,1,0,1,18,1,0,1,8,0,1,0,18,0,1,0,8,0,18,8,0,8,1,0,1,18,1,0,1,8,0,1,0,18,8,0,8,1,8,0,8,18,8,1,18,0,18,8,0,8,1,0,1,18,1,0,1,8,1,18,8,18,0,18,8,18,1,18,0,1,18,1,8,1,18,1,0,1,8,0,1,0,18,1,18,8,18,0,1,0,18,0,1,8,18,8,1,8,0,8,1,8,18,1,0,1,8,0,1,0,18,1,0,1,8,0,8,18,0,8,0,1,8,0,8,18,0,18,1,18,8,1,8,0,8,18,0,8,0,1,8,1,18,1,0,1,18,1,8,18,1,18,0,8,0,18,0,1,18,8,18,1,18,0,1,8,0,8,18,8,1,18,8,18,0,18,1,18,0,18,8,0,18,0,1,8,1,18,1,0,18,0,8,0,1,0,8,0,18,8,1,8,0,18,8,18,1,8,1,0,8,18,8,1,0,8,0,18,8,18,1"
3,8,18,727,0,0,400001052,21.425,"0,3,0,8,0,3,0,18,0,3,0,8,3,0,3,18,3,0,3,8,3,18,8,0,8,3,0,3,18,0,3,0,8,0,18,0,8,0,3,8,0,8,18,3,0,3,18,3,8,3,18,3,0,18,8,18,0,3,0,8,0,18,8,3,18,0,3,18,3,8,18,0,18,8,18,3,18,8,0,18,0,3,18,0,18,8,18,3,8,0,8,3,8,18,3,0,8,0,3,0,18,0,3,0,8,3,8,18,0,8,3,0,3,18,3,8,0,8,3,18,8,18,0,18,3,18,8,3,0,3,8,3,18,3,8,0,3,0,18,0,8,0,18,0,3,18,0,18,8,3,18,3,0,3,8,3,18,8,18,0,18,8,18,3,18,8,0,8,3,18,3,8,3,0,3,8,3,18,8,0,18,0,3,18,0,18,8,18,3,18,8,18,0,8,18,8,3,8,0,3,8,3,18,8,0,18,8,18,3,18,8,18,0,18,3,0,18,0,8,0,18,0,3,0,8,3,0,3,18,0,8,0,18,3,18,8,18,3,0,3,18,8,3,0,8,3,8,18,0,3,0,18,0,8,3,18,8,18,0,18,8,18,3,18,0,3,18,3,8,18,0,18,8,18,3,8,3,0,3,8,3,18,8,3,8,0,18,8,18,3,18,0,3,0,8,0,3,18,3,0,3,8,0,8,18,0,8,0,3,0,18,0,3,0,8,3,0,3,18,3,0,3,8,3,18,8,0,18,0,3,0,8,18,0,8,3,8,18,3,18,0,18,8,18,0,18,3,0,18,0,8,0,3,0,8,0,18,8,0,3,8,18,0,18,3,18,8,3,0,3,8,18,3,8,0,3,0,18,0,8,0,3,8,0,8,18,3,8,3,0,3,18,3,0,3,8,0,8,18,3,0,3,8,0,3,0,18,0,3,0,8,0,18,8,0,8,3,0,18,3,18,8,3,18,3,0,3,8,0,3,0,18,0,3,0,8,0,18,8,3,18,3,0,18,0,8,0,18,0,3,18,0,18,8,18,3,18,0,3,0,8,3,18,3,0,18,3,18,8,18,0,18,8,18,3,8,18,8,0,3,8,3,18,3,8,3,0,3,18,0,3,0,8,3,18,3,8,0,8,18,3,18,0,8,18,3,0,3,8,0,3,0,18,0,3,0,8,0,18,8,0,8,3,0,18,0,3,0,8,0,3,18,0,18,8,18,3,18,0,18,8,0,3,8,18,8,0,3,0,18,3,0,8,3,18,3,8,0,8,3,8,18,0,18,3,8,18,0,8,0,3,0,8,18,0,18,3,18,0,18,8,18,3,8,18,8,0,18,3,18,0,18,8,18,0,3,18,3,8,3,0,3,8,3,18,8,18,0,18,8,18,3,8,18,8,0,8,3,8,18,3,8,3,0,3,8,3,18,3,0,18,0,8,0,18,3,18,0,18,8,0,8,3,0,8,0,18,0,3,18,3,8,3,0,3,18,0,3,0,8,0,3,0,18,0,8,18,0,18,3,8,0,3,0,18,0,3,8,0,8,18,8,3,0,3,18,8,18,3,18,0,18,3,18,8,3,0,3,8,3,18,8,0,18,0,3,0,8,0,3,0,18,3,0,3,8,3,18,8,3,8,0,18,0,3,18,3"
5,8,18,565,0,0,400000640,16.779,"0,5,0,8,0,5,0,18,0,5,0,8,5,0,5,18,5,0,5,8,5,18,8,0,8,5,0,5,18,0,18,8,18,0,18,5,0,18,0,8,0,5,8,5,18,8,0,8,5,0,8,0,18,0,5,0,8,5,0,5,18,5,0,5,8,0,8,18,0,5,0,8,18,0,18,5,18,0,18,8,18,5,8,0,8,5,8,18,8,5,0,8,0,18,0,8,5,0,5,18,5,0,5,8,5,18,0,18,8,18,5,18,8,18,0,8,5,8,18,5,18,0,5,0,8,0,18,5,18,0,8,18,8,5,8,18,0,8,0,5,8,0,8,18,8,5,8,18,8,0,18,5,18,8,5,8,0,5,8,5,18,0,18,5,8,18,8,0,18,8,18,5,18,0,18,5,18,8,5,0,5,18,0,5,0,8,5,8,18,8,0,8,18,8,5,18,8,18,0,5,0,8,18,0,18,5,18,0,18,8,18,5,8,18,8,0,18,5,18,0,18,8,18,0,5,18,5,8,5,0,5,18,0,5,0,8,0,5,0,18,5,18,8,5,0,18,0,8,0,5,0,8,0,18,8,5,8,0,18,8,18,5,18,0,5,0,8,5,0,18,8,18,5,8,18,8,0,8,5,8,0,8,18,0,8,0,5,0,8,0,18,0,5,18,8,5,8,0,5,0,18,0,5,0,8,5,0,5,18,5,8,5,0,8,0,18,5,18,0,18,5,8,5,0,5,18,0,8,18,8,5,8,0,8,18,0,8,0,5,0,18,0,5,0,8,5,8,18,5,18,0,5,0,8,0,5,18,0,18,8,18,0,18,5,18,8,5,18,5,0,18,0,8,5,18,8,5,8,0,8,5,8,18,8,0,18,8,18,5,18,0,18,5,18,8,5,0,8,18,8,5,18,5,0,18,5,18,8,5,18,5,0,8,0,5,0,18,5,8,5,18,0,18,5,8,18,8,0,8,5,0,8,0,18,0,8,0,5,0,18,5,8,5,0,8,0,18,8,18,5,18,0,5,18,5,8,5,0,5,18,0,5,0,8,0,5,0,18,5,18,8,18,0,5,8,0,5,0,18,0,5,0,8,0,18,8,0,8,5,8,0,8,18,0,18,5,8,0,8,5,8,18,5,0,5,18,8,18,0,5,0,8,18,8,5,18,8,18,0,18,5,18,0,18,8,0,5,18,5,0,5,8,5,0,18,8,0,8,5,8,0,8,18,8,5,18,0,18,5,8,5,0,5,8,18,0,8,18,8,5,0,5,8,18,5"
7,8,18,491,0,0,400000632,16.716,"0,7,0,8,0,7,0,18,0,7,0,8,7,0,7,18,7,0,7,8,7,18,8,0,8,7,0,7,18,0,7,0,8,0,18,0,8,0,7,8,0,8,18,7,0,7,18,7,8,7,18,7,0,18,8,18,0,7,0,8,0,18,8,7,8,18,8,0,18,0,7,0,8,0,7,0,18,7,0,7,8,18,0,18,8,18,7,18,8,0,18,0,7,0,18,8,0,8,7,8,0,18,8,18,7,18,8,18,0,18,7,0,8,0,18,7,18,8,7,18,7,0,7,8,7,18,8,7,8,0,8,18,0,7,0,8,18,0,18,7,0,7,8,7,18,8,18,0,18,7,0,18,0,8,0,18,0,7,0,8,7,0,7,18,8,7,8,0,7,0,18,0,8,0,7,8,0,8,18,8,7,8,0,7,8,7,18,7,0,7,8,0,8,18,7,18,0,18,7,8,0,7,0,18,0,7,0,8,0,18,8,0,8,7,18,0,7,18,7,8,0,8,7,18,8,18,0,18,7,0,18,0,8,7,18,7,8,7,0,7,8,7,18,8,0,8,7,18,7,0,18,0,8,7,8,18,8,0,8,18,8,7,18,0,18,8,0,18,0,7,18,0,18,8,7,8,18,0,8,18,7,18,0,7,18,7,8,18,7,18,0,8,18,8,7,8,0,8,18,0,7,0,18,8,18,7,18,8,0,8,7,0,7,18,7,0,7,8,7,18,8,7,8,0,18,8,18,7,18,0,18,8,0,8,7,8,0,8,18,8,0,7,18,7,0,7,8,0,8,18,0,8,0,7,0,18,0,7,0,8,7,0,7,18,8,0,8,18,8,0,7,18,8,7,18,7,0,7,18,7,8,7,0,8,7,8,18,0,8,0,7,0,18,7,0,7,8,0,8,18,8,7,18,8,18,0,18,7,18,8,7,0,7,18,8,7,8,0,8,7,8,18,8,0,18,8,18,7,0,8,0,18,0,7,8,7,0,7,8,18,8,0,18,8,18,7,18,8,18,0,18,7,0,18,0,8,18,7,18,8,18,0,18,8,7,18,7,0,7,18,7,8,7,0,18,8,18,7,8,18,0,7,0,8,0,18,8,18,7,8,0"
1,9,18,422,0,0,400000512,13.391,"0,1,0,9,0,1,0,18,0,1,0,9,1,0,1,18,1,0,1,9,1,18,9,0,18,0,1,0,9,0,18,9,1,9,18,0,9,18,1,9,1,0,1,9,1,18,1,0,18,1,18,9,18,0,18,9,18,1,9,18,0,1,0,18,0,9,18,1,18,9,0,9,1,18,1,0,1,9,0,9,18,0,9,0,1,0,18,0,1,0,9,1,0,1,18,1,0,1,9,1,18,9,18,0,9,1,0,1,18,0,1,0,9,0,18,9,18,1,18,9,0,18,0,1,18,1,9,1,18,0,1,0,9,1,0,1,18,1,9,1,18,1,0,18,1,18,9,0,9,1,18,1,0,18,1,18,9,18,1,18,0,18,9,0,18,0,1,18,9,18,1,0,1,9,1,0,18,0,1,0,9,18,9,1,0,9,18,1,18,9,18,0,18,9,18,1,9,0,9,18,0,9,0,1,0,9,0,18,9,18,1,18,9,18,0,18,1,0,1,9,0,1,18,1,0,1,9,0,9,18,0,9,0,1,0,18,0,1,0,9,1,0,1,18,1,0,1,9,1,18,9,1,9,0,18,9,18,1,9,1,0,1,18,0,1,0,9,0,18,0,9,0,1,9,0,18,9,18,1,18,9,18,0,18,1,0,18,0,9,1,0,1,18,1,9,1,0,9,18,0,18,1,18,9,18,1,18,0,1,18,1,9,1,18,1,0,1,9,0,1,0,18,1,9,1,18,0,1,18,9,18,0,18,1,0,1,9,0,1,18,0,18,9,0,18,0,1,0,9,0,1,0,18,1,0,1,9,18,9,0,1,0,18,1,0,1,9,1,0,1,18,1,9,18,1,18,0,1,0,9,0,18,9,1,9,0,1,0,18,1,18,9,18,1,18,0,1,18,1,9,1,0,1,9,1,18,9,0,1,0,18,1,0,1,9,1,18,1,9,1,0,9"
2,9,18,420,0,0,400000536,13.317,"0,2,0,9,0,2,0,18,0,2,0,9,2,0,2,18,2,0,2,9,2,18,9,0,18,0,2,0,9,0,18,9,2,9,18,0,9,18,2,9,2,0,2,9,2,18,2,0,18,2,18,9,18,0,18,9,18,2,9,18,0,2,0,18,0,9,18,2,18,9,0,9,2,18,2,0,2,9,0,9,18,0,9,0,2,0,18,0,2,0,9,2,0,2,18,2,0,2,9,2,18,9,18,0,9,2,0,2,18,0,2,0,9,0,18,9,18,2,18,9,0,18,0,2,18,2,9,2,18,0,2,0,9,2,0,2,18,2,9,2,18,2,0,18,2,18,9,18,2,18,0,18,9,0,2,9,2,18,2,0,2,9,0,18,0,2,18,0,18,9,18,2,18,9,18,0,9,18,2,9,0,18,0,9,0,2,0,9,18,2,18,0,2,18,9,2,0,2,9,18,9,0,18,9,18,2,9,2,0,2,18,2,0,2,9,0,2,0,18,9,18,2,0,2,9,0,2,0,18,0,2,0,9,0,18,9,18,2,18,9,0,2,0,9,0,18,0,9,0,2,9,18,9,0,18,9,18,2,18,9,18,0,9,0,2,0,18,2,0,2,9,18,0,9,18,9,2,0,2,18,2,9,18,9,0,18,9,18,2,18,0,18,2,18,9,2,18,2,0,2,9,2,18,9,0,9,2,0,2,18,2,9,18,9,0,18,9,18,2,9,18,9,0,2,0,18,0,9,0,18,0,2,18,9,18,0,9,0,2,0,18,2,18,9,2,18,0,2,0,9,2,18,9,0,18,0,2,0,9,0,2,0,18,2,0,2,9,2,18,2,9,2,0,9,18,0,18,2,18,9,18,2,18,0,2,18,2,9,2,0,2,9,2,18,9,0,2,18,0,2,0,9,18,9,0,2,9,18,2,18,0,2,18,2,9,2,0,2,9,2"
4,9,18,407,0,0,400000404,13.001,"0,4,0,9,0,4,0,18,0,4,0,9,4,0,4,18,4,0,4,9,4,18,9,0,18,0,4,0,9,0,18,9,4,9,18,0,9,18,4,9,4,0,4,9,4,18,4,0,18,4,18,9,18,0,18,9,18,4,9,18,0,4,0,18,0,9,18,4,18,9,0,9,4,18,4,0,4,9,0,9,18,0,9,0,4,0,18,0,4,0,9,4,0,4,18,4,0,4,9,4,18,9,18,0,9,4,0,4,18,0,4,0,9,0,18,9,18,4,18,9,0,18,0,4,18,4,9,4,18,0,4,0,9,4,0,4,18,4,9,4,18,4,0,18,4,18,9,0,9,4,18,4,0,18,4,18,9,18,4,18,0,18,9,0,18,0,4,18,9,18,4,0,4,9,4,0,18,0,4,0,9,18,9,4,0,9,18,4,18,9,18,0,18,9,18,4,9,0,9,18,0,9,0,4,9,0,9,18,0,18,4,18,9,18,0,18,4,0,4,9,0,4,18,4,0,4,9,0,9,18,0,9,0,4,0,18,0,4,0,9,4,0,4,18,4,0,4,9,4,18,9,18,0,9,4,9,18,4,9,4,0,4,18,0,4,0,9,0,18,0,9,0,4,9,0,18,9,18,4,18,9,18,0,18,4,0,9,0,18,4,0,4,9,4,18,4,0,18,0,9,18,0,18,4,18,9,18,4,18,0,4,18,4,9,4,18,4,0,4,9,0,9,18,9,4,18,4,0,4,9,4,0,4,18,0,4,0,9,0,18,0,4,18,0,18,9,18,4,18,0,4,18,4,9,4,0,9,18,0,9,4,0,4,18,4,0,4,9,4,0,18,0,9,0,4,0,9,0,18,9,18,4,0,18,0,9,0,4,0,18,4,0,4,9,4,18,4,0,18,9,0,18,4,0,9,4,0"
5,9,18,402,0,0,400000460,12.731,"0,5,0,9,0,5,0,18,0,5,0,9,5,0,5,18,5,0,5,9,5,18,9,0,18,0,5,0,9,0,18,9,5,9,18,0,9,18,5,9,5,0,5,9,5,18,5,0,18,5,18,9,18,0,18,9,18,5,9,18,0,5,0,18,0,9,18,5,18,9,0,9,5,18,5,0,5,9,0,9,18,0,9,0,5,0,18,0,5,0,9,5,0,5,18,5,0,5,9,5,18,9,18,0,9,5,0,5,18,0,5,0,9,0,18,9,18,5,18,9,0,18,0,5,18,5,9,5,18,0,5,0,9,5,0,5,18,5,9,5,18,5,0,18,5,18,9,18,5,18,0,18,9,0,18,0,5,18,5,9,18,5,18,0,5,18,5,9,0,5,0,18,0,9,0,18,0,5,18,5,9,0,5,18,0,18,9,18,5,18,9,18,0,9,18,9,5,0,9,0,18,9,18,5,9,5,0,9,5,9,18,0,9,0,5,0,9,0,18,0,9,5,18,9,18,0,9,0,5,9,5,18,5,9,5,0,9,5,18,0,18,9,0,18,0,5,0,9,0,5,0,18,5,0,5,9,5,0,5,18,5,9,18,5,18,0,5,9,5,0,5,18,0,18,9,0,5,0,9,0,18,9,18,5,18,0,5,18,5,9,18,0,9,0,5,9,5,18,5,0,5,18,5,9,18,5,18,0,18,5,18,9,18,0,9,18,9,5,18,0,5,9,0,9,18,0,9,0,5,0,18,0,5,0,9,5,18,5,0,18,5,18,9,18,5,18,0,5,0,9,0,5,0,18,5,0,5,9,5,18,5,9,5,0,9,18,5,0,18,5,18,9,18,5,18,0,18,9,0,5,0,9,18,9,0,5,9,5,18,5,0,5,9,0,9,18,0,5,9,0,5,0"
7,9,18,416,0,0,400000460,12.844,"0,7,0,9,0,7,0,18,0,7,0,9,7,0,7,18,7,0,7,9,7,18,9,0,18,0,7,0,9,0,18,9,7,9,18,0,9,18,7,9,7,0,7,9,7,18,7,0,18,7,18,9,18,0,18,9,18,7,9,18,0,7,0,18,0,9,18,7,18,9,0,9,7,18,7,0,7,9,0,9,18,0,9,0,7,0,18,0,7,0,9,7,0,7,18,7,0,7,9,7,18,9,18,0,9,7,0,7,18,0,7,0,9,0,18,9,18,7,18,9,0,18,0,7,18,7,9,7,18,0,7,0,9,7,0,7,18,7,9,7,18,7,0,18,7,18,9,18,7,18,0,18,9,0,18,0,7,9,18,7,9,7,0,7,9,7,18,9,18,0,9,0,7,9,18,0,18,9,18,7,18,9,18,0,9,7,9,18,7,9,7,0,9,0,18,9,18,7,9,0,9,18,0,9,0,7,0,9,0,18,0,7,18,7,9,0,7,18,0,18,9,18,0,18,7,18,9,7,0,7,18,0,7,0,9,7,0,7,18,0,18,9,0,18,0,7,0,9,0,7,0,18,7,0,7,9,7,0,7,18,7,9,18,7,18,0,7,9,7,0,7,18,0,18,9,0,7,0,9,0,18,9,18,7,18,0,7,18,7,9,18,0,9,0,7,9,7,18,7,0,7,18,7,9,18,7,18,0,18,7,18,9,18,0,9,18,9,7,18,0,7,9,0,9,18,0,9,0,7,0,18,0,7,0,9,7,0,7,18,7,9,18,7,18,0,7,0,9,0,18,9,7,9,0,18,9,18,7,18,0,7,18,7,9,7,18,7,0,7,9,0,9,18,9,7,18,7,0,7,9,7,0,7,18,0,7,0,9,0,7,0,18,0,9,18,7,9,7,0,7,9,18,0,18,7,0,18,0,9,0,18,0,7,0,9,7"
8,9,18,396,0,0,400000524,12.671,"0,8,0,9,0,8,0,18,0,8,0,9,8,0,8,18,8,0,8,9,8,18,9,0,18,0,8,0,9,0,18,9,8,9,18,0,9,18,8,9,8,0,8,9,8,18,8,0,18,8,18,9,18,0,18,9,18,8,9,18,0,8,0,18,0,9,18,8,18,9,0,9,8,18,8,0,8,9,0,9,18,0,9,0,8,0,18,0,8,0,9,8,0,8,18,8,0,8,9,8,18,9,18,0,9,8,0,8,18,0,8,0,9,0,18,9,18,8,18,9,0,18,0,8,18,8,9,8,18,0,8,0,9,8,0,8,18,8,9,8,18,8,0,18,8,18,9,18,8,18,0,18,9,0,18,0,8,18,8,9,18,8,18,0,8,18,8,9,0,8,0,18,0,9,0,18,0,8,18,8,9,0,8,18,0,18,9,18,8,18,9,18,0,9,18,9,8,0,9,0,18,9,18,8,9,8,0,9,8,9,18,0,9,0,8,0,9,0,18,0,9,8,18,9,18,0,9,0,8,9,8,18,8,9,8,0,9,8,18,0,18,9,0,18,0,8,0,9,0,8,0,18,8,0,8,9,8,0,8,18,8,9,18,8,18,0,8,9,8,0,8,18,0,9,18,9,8,9,0,18,0,9,0,8,0,9,0,18,9,8,18,9,18,0,18,9,18,8,18,0,8,18,8,9,0,9,18,8,18,0,8,18,8,9,8,18,8,0,8,9,0,8,0,18,8,18,9,8,9,0,18,9,18,8,18,0,8,0,9,0,18,9,0,9,8,0,8,18,8,0,8,9,8,0,18,9,0,8,9,8,18,8,0,8,18,8,9,18,8,18,0,18,9,0,8,0,18,8,0,8,9,8,18,8,0,18,0,9,8,0,8,18,0,8,0,9"
1,10,18,770,0,0,400001096,20.630,"0,1,0,10,0,1,0,18,0,1,0,10,1,0,1,18,1,0,1,10,1,18,10,0,10,1,0,1,18,0,1,0,10,0,18,0,10,0,1,10,0,18,1,10,18,1,18,0,10,0,18,0,1,18,1,10,1,0,1,10,1,18,10,0,1,10,18,1,18,0,1,10,0,18,10,18,1,18,10,18,0,18,1,0,18,0,10,0,1,0,10,0,18,10,0,1,10,1,18,1,10,1,0,1,18,10,18,0,18,1,0,10,1,18,1,0,18,0,10,0,18,0,1,0,10,1,0,1,18,1,0,1,10,1,18,10,0,10,1,0,1,18,0,18,10,0,10,1,10,18,10,1,10,0,1,10,1,18,1,0,1,10,0,10,18,1,18,10,18,0,18,10,18,1,10,0,1,0,18,1,18,10,1,18,1,0,1,10,1,0,1,18,0,1,0,10,18,0,18,1,18,0,18,10,18,1,10,0,1,0,18,1,18,10,18,1,18,0,1,18,1,10,1,0,1,10,1,18,10,18,0,1,18,10,1,10,0,10,18,10,1,18,10,18,0,18,1,18,0,18,10,0,1,18,10,1,10,0,10,1,10,18,10,0,18,10,18,1,0,10,1,18,1,0,18,0,10,0,18,0,1,18,0,18,10,18,1,18,10,18,0,10,1,18,0,10,18,0,18,1,10,1,0,10,0,18,0,1,0,10,1,0,1,18,1,0,1,10,1,18,10,0,10,1,0,1,18,0,18,10,18,1,18,10,18,0,10,18,10,1,10,0,1,10,1,18,1,10,1,0,1,18,0,10,0,1,10,0,10,18,10,1,18,1,0,18,10,0,18,0,1,18,1,10,1,0,10,0,18,0,1,0,10,1,0,1,18,1,0,1,10,1,18,10,0,18,0,1,18,1,10,1,18,1,0,18,1,18,10,18,0,18,1,0,18,0,10,0,18,0,1,0,10,1,0,1,18,0,10,18,10,1,10,18,0,10,0,1,0,18,0,1,0,10,1,0,1,18,1,0,1,10,1,18,10,0,10,1,0,1,18,1,10,18,10,0,18,10,18,1,0,18,0,10,0,1,0,10,0,18,10,0,1,18,10,1,10,0,1,0,18,0,1,0,10,1,0,1,18,1,10,1,0,10,1,10,18,10,1,10,0,1,0,18,10,1,0,18,1,18,10,1,0,18,10,1,10,0,1,0,18,0,1,0,10,0,18,1,10,1,0,10,1,10,18,10,0,18,10,18,1,18,0,18,10,0,18,0,1,0,10,1,18,10,1,10,0,10,1,10,18,10,0,18,10,18,1,10,1,0,10,18,1,0,18,1,18,10,18,1,18,0,18,10,0,18,0,1,0,10,0,18,10,18,1,18,10,0,18,0,1,18,1,10,1,0,1,10,1,18,10,18,0,10,0,1,0,18,0,1,0,10,1,0,1,18,1,0,1,10,1,18,10,1,10,0,10,18,10,1,18,0,18,1,18,10,1,0,10,0,18,0,10,1,0,1,18,0,1,0,10,18,10,1,18,1,0,1,10,1,0,1,18,0,1,0,10,0,1,0,18,0,10,18,0,18,1,0,1,10,0,1,18,0,18,10,18,1,18,10,18,0,10,1,10,18,1,10,1,0,10,0,18,1,18,10,0,18,0,1,0,10,0,1,0,18,1,0,1,10,18,1,18,0,1,0,10,1,10,18,10,1,10,0,10,18,0,18,1,0,1,10,0,1,18,1,0,1,10,1"
3,10,18,715,0,0,400000832,18.440,"0,3,0,10,0,3,0,18,0,3,0,10,3,0,3,18,3,0,3,10,3,18,10,0,10,3,0,3,18,0,3,0,10,0,18,0,10,0,3,10,0,10,18,3,0,3,18,3,10,18,10,0,3,0,10,18,0,18,3,18,0,10,0,3,0,18,0,3,0,10,3,10,18,0,3,0,10,3,0,3,18,3,0,3,10,3,18,10,0,10,18,3,18,0,3,0,10,0,3,0,18,3,0,3,10,18,3,18,0,18,10,18,3,10,18,10,0,3,0,10,0,3,18,3,10,3,18,0,10,18,3,10,3,0,3,10,3,18,3,0,18,3,18,10,18,3,18,0,3,0,10,3,0,3,18,0,3,0,10,3,10,18,10,0,3,0,18,10,18,0,3,18,3,10,3,0,3,18,0,18,10,18,3,18,10,18,0,10,0,3,10,0,10,18,3,10,3,0,3,10,3,18,3,10,0,18,10,18,3,18,10,18,0,18,3,0,3,10,3,0,18,0,10,0,18,3,18,10,3,18,0,10,3,18,10,18,0,18,10,18,3,18,0,3,18,3,10,3,18,3,0,3,10,0,10,18,3,18,0,3,18,3,10,18,0,18,10,18,3,10,18,0,3,0,18,0,10,0,18,3,0,3,10,3,18,0,18,3,18,0,10,3,0,10,0,18,10,18,3,10,18,10,0,3,10,3,18,3,0,3,10,0,10,18,0,10,0,3,0,18,0,3,0,10,3,0,18,3,18,10,3,0,18,0,3,0,10,18,10,0,3,10,3,18,10,18,0,18,10,18,3,18,0,3,18,3,10,3,0,3,10,3,18,10,0,3,18,0,3,0,10,0,3,18,0,18,10,18,3,10,3,0,3,10,3,18,3,0,10,0,18,10,0,10,3,0,10,0,18,3,18,10,18,0,10,0,3,0,18,0,3,0,10,3,0,3,18,10,18,0,3,0,10,3,0,3,18,3,0,3,10,3,18,10,3,10,0,3,0,18,0,3,0,10,0,18,3,10,3,0,10,3,10,18,10,0,18,3,0,3,10,0,18,3,18,0,18,10,3,10,18,10,3,0,18,3,0,3,10,3,0,3,18,3,10,18,3,18,0,3,0,10,0,3,0,18,0,10,18,0,18,3,0,10,3,10,18,3,18,0,18,10,18,3,10,18,10,0,3,10,3,18,10,18,0,10,0,3,10,3,18,0,10,3,0,10,0,18,0,10,3,0,3,18,3,0,3,10,3,0,18,10,0,3,10,0,18,10,18,3,18,0,3,18,3,10,0,3,0,18,0,10,0,18,0,3,18,10,0,10,18,10,3,0,3,18,0,18,10,18,3,18,0,3,10,3,18,10,18,0,18,10,18,3,10,18,10,0,10,3,10,0,10,18,0,3,0,18,0,10,18,3,18,10,18,0,18,10,3,18,3,0,3,10,0,18,10,3,18,10,0,18,0,3,0,18,0,10,0,3,10,0,10,18,10,3,10,0,3,18,3,10,0,3,0,18,0,10,0,3,10,3,18,10,18,0,18,10,3,18,3,0,18,0,10,0,18,3,0,3,10,3,0,3,18,3,0,10,18,10,3,10,0,3,0,18,0,3,10,18,10,0,18,0,3"
5,10,18,440,0,0,400000284,12.067,"0,5,0,10,0,5,0,18,0,5,0,10,5,0,5,18,10,0,10,5,0,10,18,0,18,5,0,10,5,10,18,5,10,5,0,18,5,18,10,18,0,18,5,0,5,10,0,5,0,18,0,10,0,18,0,5,18,0,18,10,18,0,18,5,18,10,5,10,0,18,5,18,0,18,10,0,5,0,10,0,18,0,10,5,18,10,5,10,0,10,5,18,10,18,0,18,10,5,0,5,18,0,18,10,18,5,18,10,18,0,10,18,10,5,0,5,18,10,18,0,10,18,10,5,10,18,10,0,10,5,0,10,0,18,5,18,10,0,10,5,0,10,0,18,0,5,0,18,0,10,18,5,18,0,10,0,5,10,0,10,18,10,5,18,10,18,0,18,5,18,0,18,10,0,18,0,5,0,18,0,10,0,5,10,0,10,18,0,5,0,18,10,0,18,5,18,10,18,0,10,0,5,0,10,18,10,5,10,0,5,0,18,0,5,0,10,0,5,18,5,10,0,10,5,10,18,10,5,10,0,5,0,18,0,10,5,10,0,10,18,0,18,5,18,0,10,18,10,5,10,18,0,10,0,5,10,0,10,18,10,5,10,18,10,0,18,10,18,5,18,10,18,0,18,5,0,18,0,10,5,10,0,10,18,0,18,5,18,10,18,0,10,18,10,5,10,0,10,5,10,18,5,10,0,5,0,18,0,5,0,10,0,5,18,5,10,0,10,5,18,10,18,0,18,5,18,10,5,0,10,0,18,0,5,0,18,0,10,18,0,18,5,18,0,18,10,18,5,10,18,10,0,18,5,18,0,10,18,0,5,0,10,5,10,18,5,18,0,18,10,18,5,10,18,10,0,10,18,10,5,10,0,5,18,5,0,10,0,5,18,0,10,18,10,5,18,10,18,0,5,0,10,18,0,18,5,18,0,18,10,18,0,5,10,5,18,10,18,0,18,10,5,10,0,5,10,5,18,0,10,18,0,18,5,0,10,0,5,0,10"
7,10,18,591,0,0,400000748,18.123,"0,7,0,10,0,7,0,18,0,7,0,10,7,0,7,18,7,0,7,10,7,18,10,0,10,7,0,7,18,0,7,0,10,0,18,0,10,0,7,10,0,18,7,18,10,7,10,0,7,10,18,0,7,18,0,18,10,18,0,7,10,0,10,18,10,0,10,7,10,18,7,0,7,10,0,7,0,18,0,7,0,10,7,10,18,10,0,18,0,7,10,0,18,10,18,7,18,0,18,7,18,10,7,0,7,10,7,18,7,10,0,7,0,18,0,7,10,18,10,0,10,7,0,18,7,10,0,7,18,0,18,10,18,7,10,18,10,0,10,7,10,18,7,10,7,0,7,10,7,18,10,18,0,18,10,7,18,7,0,18,7,18,10,18,0,18,10,18,7,10,0,7,10,7,18,7,10,7,0,10,0,18,0,7,18,0,18,10,7,18,10,0,10,18,7,18,0,7,18,7,10,7,0,7,18,0,7,0,10,0,7,0,18,0,10,18,7,10,0,10,18,0,18,7,18,10,7,10,0,7,10,7,18,7,0,18,7,18,10,18,0,10,18,10,7,10,18,10,0,10,7,0,10,0,18,0,7,18,10,7,0,18,7,10,18,10,0,18,10,7,0,7,18,0,18,10,0,18,0,7,0,10,0,7,0,18,7,0,10,7,10,18,10,7,0,10,0,18,0,10,0,7,0,18,10,7,10,0,7,0,18,0,7,0,10,7,0,7,18,7,10,7,0,10,0,18,10,0,10,7,10,18,7,10,7,0,10,18,0,18,7,0,7,10,0,7,0,18,0,10,0,18,0,7,18,0,10,7,10,0,10,7,18,7,0,18,7,18,10,18,7,18,0,18,10,0,18,0,7,0,18,0,10,0,7,10,18,7,18,0,7,10,0,7,0,18,0,7,0,10,0,18,10,0,10,7,10,18,10,0,18,10,18,7,0,7,10,7,0,18,0,10,18,0,7,10,18,7,18,0,18,7,18,10,18,0,10,18,10,7,18,0,7,10,0,10,18,0,7,18,10,0,18,7,0,7,10,7,18,10,7,10,0,10,18,10,7,18,10,18,0,18,10,18,7,10,7,0,10,18,7,0,18,7,18,10,18,7,18,0,18,10,0,18,0,7,0,10,0,18,10,18,7,10,18,10,0,10,7,0,18,7,18,10,7,18,7,0,7,10,0,18,0,7,18,0,18,10,0,7,10,18,10,0,18,0,7,0,10,0,7,0,18,7,0,7,10,7,18,10,7,10,0,10,7,10,18,10,0,18,10,18,7,10,7,0,10,0,18,7,0,7,10,7,18,7,10,7,0,10,0,18,10,18,7,18,0,18,10,0,7"
1,11,18,592,0,0,400000748,17.975,"0,1,0,11,0,1,0,18,0,1,0,11,1,0,1,18,1,0,1,11,1,18,11,0,11,1,0,1,18,0,1,0,11,0,18,0,11,0,1,11,0,11,18,1,0,1,18,1,11,18,11,0,1,0,11,18,0,18,1,18,0,11,0,1,0,18,0,1,0,11,1,11,18,0,1,0,11,1,0,1,18,1,0,1,11,0,11,18,11,0,11,1,0,11,0,18,0,1,0,18,0,11,18,11,1,11,0,11,18,0,11,0,1,18,0,18,11,18,0,18,1,18,0,11,1,0,1,18,0,11,1,11,0,11,18,0,11,1,18,0,1,18,1,11,18,0,18,11,18,1,18,11,0,1,11,0,11,18,11,0,1,11,1,18,1,0,11,0,18,0,1,0,18,0,11,18,11,1,11,0,1,11,1,18,1,11,1,0,1,18,0,11,18,1,18,0,1,0,11,0,18,0,11,0,1,11,0,11,18,1,18,11,18,1,0,1,18,1,0,11,0,18,1,18,0,11,18,11,1,18,11,18,0,18,1,18,0,18,11,0,18,0,1,11,0,11,18,0,18,1,0,1,11,0,11,18,11,1,11,18,11,0,18,11,18,1,18,0,1,0,11,0,1,18,11,1,11,0,1,0,18,1,18,11,18,1,0,18,0,11,0,1,0,18,0,11,18,1,18,0,1,0,11,1,11,18,11,1,11,0,11,18,0,1,0,11,1,0,1,18,1,0,1,11,0,11,18,0,11,0,1,0,18,0,1,0,11,1,0,1,18,1,0,1,11,1,18,11,0,18,0,1,0,18,11,1,11,0,11,18,0,1,0,18,0,11,0,18,1,0,1,11,1,18,0,18,1,18,11,0,11,18,11,1,18,0,18,1,11,1,0,1,11,18,11,0,18,0,1,0,11,1,0,1,18,1,0,1,11,1,18,11,1,11,0,11,18,11,0,11,1,0,11,0,18,0,1,0,11,1,11,18,11,0,18,1,18,11,1,18,1,0,18,1,18,11,0,18,11,1,11,0,18,0,1,18,0,18,11,18,1,18,11,18,0,11,18,11,1,11,0,11,1,11,18,1,18,0,11,18,11,1,18,11,18,0,1,0,11,0,18,0,11,0,1,11,18,11,1,11,0,1,11,18,0,18,1,0,1,11,1,0,1,18,0,1,0,11,0,18,11,18,1,0,11,0,18,0,1,0,18,0,11,18,11,1,18,11,18,0,1,18,1,11,1,0,1,18,0,11,0,18,0,1,0,18,11,1,18,11,18,0,11,0,1,11,18,11,0,1,11,1,18,1,0,1,11,0,11,18,0,1,18,11,18,1,0,1,18,11,1,11"
2,11,18,599,0,0,400000760,18.562,"0,2,0,11,0,2,0,18,0,2,0,11,2,0,2,18,2,0,2,11,2,18,11,0,11,2,0,2,18,0,2,0,11,0,18,0,11,0,2,11,0,18,2,11,18,2,18,0,11,0,18,0,2,18,2,11,2,0,2,11,2,18,11,0,2,11,18,2,18,0,2,11,0,18,11,18,2,18,11,18,0,18,2,0,18,0,11,0,2,0,11,0,18,11,0,2,11,2,18,2,11,2,0,2,18,11,18,0,18,2,0,11,2,18,2,0,18,0,11,0,18,0,2,0,11,2,0,2,18,2,0,2,11,2,18,11,0,11,2,0,2,18,0,18,11,0,11,2,11,18,11,2,11,0,2,11,2,18,0,18,11,2,11,0,2,11,2,18,2,0,2,11,0,2,0,18,0,11,18,0,18,2,18,11,2,18,2,0,2,18,2,11,18,11,0,11,18,2,11,18,11,0,18,0,2,11,0,18,11,18,2,18,0,18,11,0,18,0,2,0,11,0,2,0,18,2,0,2,11,2,18,2,0,18,0,11,0,18,2,11,18,2,18,0,2,11,0,11,18,11,2,18,11,18,0,11,0,2,0,11,18,11,0,11,2,0,2,18,2,11,2,0,11,2,11,18,11,0,11,18,11,2,18,11,18,0,18,2,18,11,2,0,11,18,11,0,2,0,11,18,0,2,18,0,18,11,18,0,18,2,18,11,2,0,11,2,18,11,18,0,18,11,18,2,18,11,0,11,2,11,18,11,2,11,0,2,0,18,2,11,18,0,18,2,0,2,11,0,2,0,18,0,11,0,18,0,2,18,0,18,11,18,2,18,0,2,0,11,18,2,11,0,11,18,2,18,11,0,18,0,2,0,11,0,2,0,18,2,0,2,11,2,0,2,18,2,11,18,0,11,0,2,11,2,18,2,11,2,0,11,2,11,18,11,0,11,2,0,2,18,2,11,18,0,18,2,0,2,11,0,2,0,18,0,11,18,0,18,2,18,11,18,0,11,2,0,18,11,0,2,11,2,18,11,2,11,0,18,11,18,2,18,11,18,0,18,2,0,18,0,11,18,2,18,11,18,0,11,0,2,0,11,0,18,0,2,11,2,0,2,11,18,11,0,18,0,2,18,0,18,11,18,2,11,0,11,18,2,18,0,2,0,11,2,11,18,2,11,2,0,2,18,2,0,2,11,0,2,0,18,0,2,0,11,0,18,11,18,2,18,0,11,2,0,18,2,0,2,11,2,0,2,18,2,11,18,2,18,0,18,11,18,0,18,2,0,18,0,11,0,18,0,2,0,11,2,0,2,18,2,11,18,0,18,2,11,2,0,11,0,18,0,11,0,2,0,18,11,18"
3,11,18,797,0,0,400001108,22.808,"0,3,0,11,0,3,0,18,0,3,0,11,3,0,3,18,3,0,3,11,3,18,11,0,11,3,0,3,18,0,3,0,11,0,18,0,11,0,3,11,0,11,18,3,0,3,11,0,11,18,11,0,11,3,11,18,0,18,11,18,0,3,0,11,3,11,18,0,3,11,18,3,18,0,18,3,11,18,11,0,18,11,3,18,0,3,0,11,0,18,0,11,0,3,11,0,11,18,3,11,3,0,3,11,3,18,3,0,11,0,18,0,3,11,3,18,3,0,3,18,3,11,18,0,18,3,0,18,0,11,18,3,11,18,0,11,3,0,3,18,3,0,11,0,18,0,11,3,11,18,11,0,18,3,0,11,3,11,18,3,11,3,0,18,3,18,11,18,3,18,0,18,11,0,3,11,0,18,11,18,3,11,18,11,0,11,3,0,11,0,18,0,11,0,3,11,3,18,0,11,0,18,0,3,18,11,18,3,0,3,11,0,11,18,11,0,3,11,3,18,3,0,3,11,3,18,11,0,18,11,18,3,18,11,18,0,18,3,0,18,0,11,3,11,18,3,11,3,0,18,0,3,11,0,11,18,11,3,11,18,11,0,18,11,18,3,18,11,18,0,18,3,0,11,0,18,11,0,11,3,11,18,3,18,0,18,3,18,11,3,18,3,0,11,18,11,3,18,3,0,3,18,3,11,3,0,18,0,3,0,11,18,11,0,3,11,3,18,3,0,11,18,0,18,3,18,0,18,11,18,3,11,18,11,0,3,18,0,18,11,0,11,3,0,11,0,18,0,3,18,0,18,11,3,11,18,11,0,18,0,3,18,0,18,11,0,18,0,3,18,3,11,3,18,3,0,3,11,0,3,0,18,0,11,0,3,11,0,11,18,3,11,3,0,3,11,3,18,3,0,18,0,11,18,0,3,18,11,3,18,3,0,3,18,3,11,3,0,11,3,11,18,11,0,18,11,18,3,18,11,18,0,18,3,0,11,0,3,18,3,0,11,3,11,18,11,3,0,11,0,18,0,11,0,3,0,18,3,11,3,0,18,0,11,0,18,3,18,0,11,18,3,11,3,0,3,18,3,0,3,11,0,3,0,18,0,3,0,11,0,18,11,3,11,0,3,11,3,18,3,11,3,0,11,0,18,11,0,11,3,0,11,0,18,11,18,3,11,18,0,3,11,0,11,18,0,18,3,0,18,0,11,3,0,3,18,3,0,3,11,3,18,0,11,0,3,11,3,18,0,18,11,0,11,3,11,18,11,0,18,11,18,3,18,0,18,3,18,11,3,0,3,11,18,11,0,18,0,3,0,11,3,0,3,18,3,0,3,11,3,18,11,3,11,0,18,11,18,3,11,3,0,3,18,0,3,0,11,0,18,0,11,0,3,11,18,11,3,11,0,3,0,18,3,18,11,3,11,0,18,11,18,3,18,11,18,0,18,3,0,18,0,11,18,11,3,18,3,0,11,18,0,3,0,11,3,11,18,3,0,3,11,18,3,18,0,18,3,18,11,18,3,0,3,11,18,11,3,11,0,11,3,11,18,3,18,0,18,3,18,11,18,0,11,18,11,3,11,18,11,0,18,0,3,18,11,0,11,3,0,11,18,0,18,3,0,18,0,11,3,0,3,18,3,11,18,3,18,0,18,11,18,3,11,0,11,18,3,11,3,0,3,18,0,11,18,11,3,11,18,11,0,11,3,0,11,0,18,0,3,0,11,3,11,18,0,3,18,3,11,3,18,0,11,0,3,11,0,11,18,11,3,18,11,18,0,18,3,18,11,3,0,3,18,3,0,3"
4,11,18,345,0,0,400000412,11.096,"0,4,0,11,0,4,0,18,0,4,0,11,4,0,4,18,4,0,4,11,4,18,11,0,11,4,18,11,18,0,11,0,4,0,11,0,18,0,4,18,0,18,11,18,0,18,4,18,11,4,0,4,11,18,11,0,18,0,4,0,11,0,4,0,18,4,0,4,11,4,0,4,18,4,11,18,11,0,4,0,11,0,18,11,4,11,18,0,11,18,4,11,4,0,4,11,4,18,4,0,11,18,11,4,18,11,18,0,18,11,18,4,11,4,0,4,18,11,18,4,18,0,4,0,11,0,4,18,0,18,11,18,0,4,18,4,11,18,4,18,0,18,11,18,0,18,4,0,18,0,11,0,18,0,4,0,11,4,0,4,18,0,18,11,4,11,18,11,4,0,4,18,0,18,11,0,18,0,4,0,11,0,4,0,18,4,0,4,11,18,11,0,4,0,18,4,0,4,11,4,0,4,18,4,11,18,4,18,0,4,11,0,4,0,18,4,18,11,18,0,18,4,0,11,0,18,11,18,4,11,4,0,4,18,4,0,4,11,0,4,0,18,0,11,0,18,0,4,18,0,18,11,18,4,11,0,11,18,0,11,0,4,11,18,4,0,11,4,18,11,18,0,18,11,18,4,18,11,0,11,4,18,4,11,4,0,4,11,4,18,11,0,11,4,18,11,18,0,11,0,4,0,18,4,0,4,11,4,0,4,18,0,18,11,4,0,4,11,4,18,4,11,4,0,11,18,11,4,18,11,18,0,18,4,0,4,11,18,4,18,0,4,18,4,11"
5,11,18,629,0,0,400000848,19.680,"0,5,0,11,0,5,0,18,0,5,0,11,5,0,5,18,5,0,5,11,5,18,11,0,11,5,0,5,18,0,5,0,11,0,18,11,5,11,18,0,11,18,5,11,5,0,5,11,5,18,5,0,11,0,18,0,5,18,5,11,18,5,18,0,11,18,11,5,11,0,11,18,0,5,0,18,0,11,18,5,18,11,0,18,11,5,18,5,0,5,18,5,11,5,0,11,0,18,0,5,0,18,0,11,18,5,0,18,11,0,11,5,11,0,18,11,18,5,18,0,18,11,0,18,0,5,11,0,5,18,5,11,18,5,18,0,18,11,18,5,11,0,11,18,5,11,5,0,5,18,5,0,5,11,0,18,0,5,11,0,11,18,11,5,18,11,18,0,18,5,18,0,18,11,0,18,0,5,11,0,5,18,5,11,18,5,18,0,18,5,18,11,18,0,11,18,11,5,18,0,18,5,18,11,5,11,0,11,5,11,18,5,11,0,5,18,11,18,5,18,0,18,5,18,11,5,0,5,11,5,18,5,11,0,18,0,5,0,11,18,5,11,18,11,0,5,18,0,18,11,18,0,18,5,18,11,5,18,5,0,5,11,0,18,0,5,18,0,18,11,0,5,11,0,18,0,11,5,0,5,18,5,11,0,5,11,18,11,0,5,11,0,18,0,5,18,0,18,11,18,5,18,11,18,0,11,5,18,5,11,5,0,5,11,18,0,11,18,11,5,0,18,0,11,0,5,0,11,0,18,11,5,11,0,5,11,5,18,5,0,5,11,0,5,0,18,0,11,0,5,11,0,11,18,5,18,0,11,0,18,5,0,5,11,5,0,18,5,18,11,18,0,18,5,0,11,0,18,11,0,11,5,0,18,5,0,11,5,11,18,11,5,11,0,11,18,0,18,5,18,11,5,18,5,0,18,11,0,5,0,18,5,18,11,18,0,18,5,0,18,0,11,0,5,0,11,0,18,11,5,18,0,5,0,11,5,0,5,18,5,11,5,18,5,0,18,5,18,11,0,18,0,5,0,11,5,0,5,18,0,18,11,18,0,5,18,5,11,18,11,0,11,18,11,5,11,0,5,11,5,18,11,18,0,18,5,0,5,11,5,18,5,0,18,5,18,11,18,0,18,11,18,5,11,5,0,11,18,11,5,18,11,18,0,18,11,18,5,18,0,5,18,5,11,18,11,0,18,5,18,11,0,18,0,5,0,18,0,11,0,18,5,18,11,0,18,11,5,11,0,5,0,18,0,5,11,5,0,5,18,0,18,11,18,5,11,5,0,11,18,11,5,18,11,18,0,18,5,18,11,5,18,5,0,5,11,0,5,0,18,0,5,0,11,0,18,11,18,5,0,18,11,5,11,0,11,5,18,5,0,18,5,18,11,18,0,18,11,18,5,11,18,0,11,5,11,0,18,0"
6,11,18,620,0,0,400000716,16.809,"0,6,0,11,0,6,0,18,0,6,0,11,6,0,6,18,6,0,6,11,6,18,11,0,11,6,0,6,18,0,6,0,11,0,18,11,6,18,11,18,0,6,0,11,6,11,18,6,0,18,6,18,11,18,6,18,0,6,0,11,18,0,18,6,0,18,0,11,6,11,18,11,0,6,0,18,11,0,11,6,11,0,11,18,11,6,0,6,18,6,11,18,0,11,6,11,18,6,18,0,18,6,18,11,18,0,6,0,18,0,11,18,6,11,6,0,6,11,18,11,0,11,18,6,18,11,18,0,11,0,6,0,18,6,18,11,18,0,18,11,18,6,11,18,11,0,11,18,11,6,11,0,6,11,6,18,11,0,11,18,6,11,18,0,11,0,6,0,18,6,11,6,0,18,0,11,18,11,6,18,11,18,0,18,6,18,0,18,11,0,6,0,11,0,18,11,6,0,6,18,0,6,0,11,18,11,6,11,0,11,6,11,18,6,0,6,11,0,6,0,18,6,0,6,11,0,11,18,0,6,0,18,11,18,6,0,18,11,6,11,0,6,0,18,0,6,11,6,0,6,18,11,18,6,18,0,18,6,18,11,6,0,6,11,18,11,0,18,0,6,0,18,11,18,6,18,11,0,11,18,11,6,0,6,18,11,6,11,0,11,18,11,0,11,6,0,18,0,11,18,0,18,6,0,11,6,11,18,11,0,6,18,0,11,0,6,18,6,11,18,6,18,0,6,18,6,11,0,6,0,18,0,6,0,11,0,18,11,0,11,6,0,18,0,6,11,6,0,18,6,18,11,18,0,11,0,6,11,6,18,11,0,11,6,0,11,0,18,0,6,0,11,6,0,6,18,6,0,6,11,6,18,11,0,11,6,0,11,0,18,0,6,0,11,6,11,18,11,6,11,0,11,18,0,11,0,6,0,11,0,18,11,18,6,18,11,0,11,18,11,6,0,6,18,6,11,0,18,0,6,0,11,0,6,0,18,6,11,0,6,18,0,18,11,0,18,6,0,11,0,6,18,6,11,6,0,18,11,18,6,11,18,11,0,11,18,11,6,11,0,6,11,6,18,6,0,6,11,0,6,0,18,0,11,18,6,18,11,18,0,18,11,6,18,6,0,18,6,18,11,18,0,18,11,18,6,11,0,11,18,6,18,0,6,18,6,11,6,0,11,6,11,18,11,0,11,18,11,6,18,11,18,0,18,6,18,11,6,11,0,11,6,18,11,18,0,11,0,6,0,18,0,6,0,11,6,0,18,6,18,11,18,6,0,6,11,0,6,0,18,0,11,0,6,11,6,18,6,11,0,11,18,11,0,6,0,11,0,18,6,18,0,18,11,0,11,6,11,18,11,0,18,11,18,6,18,0,6,0,11,6,11,18,6,11,0,11,6,11,0"
7,11,18,60,1,1,7707828,0.100,"0,18,7,0,11,18,11,7,18,7,0,7,18,11,18,7,18,11,0,11,7,0,7,18,7,0,11,0,7,0,11,18,11,0,11,18,7,18,11,18,0,11,0,7,18,7,0,7,18,11,18,7,18,0,7,0,11,18,7,11"
1,12,18,684,0,0,400000896,19.976,"0,1,0,12,0,1,0,18,0,1,0,12,1,0,1,18,1,0,1,12,1,18,12,0,12,1,0,1,18,0,1,0,12,0,18,0,12,0,1,12,0,12,18,1,0,1,12,0,12,18,12,0,12,1,12,18,0,18,12,18,1,12,0,1,12,1,18,0,18,1,18,12,1,0,1,12,1,18,1,12,0,1,0,18,0,1,0,12,0,1,18,1,12,0,1,12,18,12,0,18,0,1,0,18,0,12,0,18,1,18,12,1,18,1,0,18,1,18,12,1,12,0,18,12,18,1,18,12,18,0,18,1,0,12,0,18,1,18,12,1,12,0,12,18,0,12,0,1,0,12,0,18,0,1,18,0,18,12,0,1,12,1,18,1,0,12,0,1,0,12,18,12,1,18,12,18,0,18,1,18,12,1,0,1,18,0,1,0,12,1,0,1,18,12,1,12,0,12,18,0,12,0,1,0,18,0,1,0,12,1,0,1,18,12,0,12,1,0,1,18,1,0,1,12,1,18,12,0,12,1,0,12,0,18,0,1,18,1,12,1,18,1,0,18,1,18,12,0,12,18,12,1,12,18,12,0,18,1,0,12,1,0,1,18,12,18,1,0,18,0,12,0,18,0,1,0,12,1,0,1,18,1,0,1,12,1,18,12,0,12,1,0,12,0,18,12,18,1,18,12,18,0,12,18,1,12,1,0,1,18,0,1,0,12,0,18,12,0,12,1,0,18,1,12,18,12,0,18,12,18,1,18,0,18,1,18,12,1,18,0,1,12,18,12,0,12,1,0,1,18,1,12,1,18,1,0,18,1,18,12,18,1,18,0,18,12,0,1,12,1,18,12,18,0,12,18,12,1,18,12,18,0,12,0,1,0,18,1,0,1,12,18,1,18,0,18,1,18,12,18,0,1,0,12,0,18,12,1,18,12,18,0,12,0,1,0,18,0,12,0,1,12,1,18,1,0,1,12,1,18,12,18,0,18,1,12,1,0,1,12,18,12,1,0,12,0,18,12,18,1,18,12,18,0,18,1,12,0,12,18,0,12,0,1,0,12,0,18,0,1,18,12,1,0,18,0,1,0,12,0,1,0,18,1,18,12,1,0,1,18,12,1,12,0,12,18,12,1,18,12,18,0,18,1,18,12,1,0,12,0,18,0,1,12,1,0,1,18,0,12,18,12,1,18,0,1,18,1,12,1,18,1,0,1,12,0,1,0,18,0,1,0,12,1,12,18,1,0,12,0,1,0,18,0,1,12,0,12,18,12,0,12,1,12,18,1,12,1,0,18,0,12,0,1,12,1,18,1,0,1,18,1,12,18,12,0,12,18,1,12,18,12,0,18,0,1,0,12,18,12,0,1,12,18,1,12,1,0,12,18,12,0,12,1,0,1,18,0,1,0,12,0,18,0,12,0,1,12,0,12,18,12,1,12,18,12,0,18,12,18,1,0,12,0,18,0,1,12,1,0,1,12,18,12,1,12,18,0,18,12,18,1,12,1,0,1,12,1,18,1,0,18,0,12,0,1,12,0,12,18,1,0,18,12"
5,12,18,605,0,0,400000808,18.611,"0,5,0,12,0,5,0,18,0,5,0,12,5,0,5,18,5,0,5,12,5,18,12,0,12,5,0,5,18,0,5,0,12,0,18,0,12,0,5,12,0,12,18,5,0,5,12,0,12,18,12,0,12,5,12,18,0,18,12,18,5,12,0,5,12,5,18,0,18,5,18,12,5,0,5,12,5,18,5,12,0,5,0,18,0,5,0,12,0,5,18,12,5,12,0,12,5,12,18,12,0,18,0,5,0,12,5,12,18,5,12,5,0,18,5,18,12,18,0,18,12,18,5,12,18,12,0,5,18,0,12,0,18,5,18,12,18,0,12,0,5,0,18,0,5,0,12,5,0,5,18,12,0,12,5,0,12,18,0,18,5,18,0,12,18,12,5,12,18,0,12,0,5,12,5,18,5,0,5,18,5,12,18,0,18,5,0,5,12,0,12,18,0,12,0,5,0,18,0,5,0,12,5,0,5,18,5,0,5,12,5,18,12,5,12,0,5,18,5,0,5,12,0,12,18,0,12,0,5,0,18,5,18,12,18,0,12,18,12,5,12,0,5,18,5,0,5,12,5,0,18,5,18,12,5,12,0,12,18,12,5,18,12,18,0,18,12,18,5,12,5,0,12,18,0,18,5,0,18,0,12,0,5,0,12,0,18,12,0,12,5,12,18,5,12,5,0,5,18,0,5,0,12,0,18,12,5,12,18,0,18,12,18,5,0,5,12,18,12,5,12,0,18,0,12,5,0,5,18,5,12,5,18,5,0,18,5,18,12,18,5,18,0,18,12,0,12,5,12,18,12,0,18,12,18,5,18,12,18,0,12,0,5,0,18,0,12,18,0,18,5,18,12,5,18,5,0,5,18,5,12,18,12,0,12,18,5,18,0,18,12,0,12,5,18,5,0,18,0,12,0,5,0,12,0,18,12,0,12,5,12,18,12,0,18,0,5,18,5,12,5,18,0,5,0,12,0,18,0,5,0,12,5,18,12,0,12,5,0,5,18,5,0,5,12,5,18,0,18,5,18,12,5,0,5,12,18,5,12,0,12,18,0,18,5,18,12,18,0,12,5,12,0,12,18,0,12,5,18,0,5,18,5,12,5,18,5,0,5,12,0,18,0,12,0,5,0,12,18,0,18,5,0,18,12,5,0,12,0,18,12,18,5,18,12,18,0,12,18,12,5,12,0,5,0,18,5,0,12,18,12,5,18,12,18,0,18,12,18,5,18,0,5,18,5,12,18,0,12,18,12,5,18,5,0,5,12,5,0,5,18,0,12,0,5,18,5,12,18,12,0,12,18,5,18,12,18,0,12,0,5,18,0,18,12,0,18,0,5,12,5,18,5,12,0,12,18,0,12,5,18,0,5,18,5"
1,13,18,1159,0,0,400001628,31.472,"0,1,0,13,0,1,0,18,0,1,0,13,1,0,1,18,1,0,1,13,1,18,13,0,13,1,0,1,18,0,1,0,13,0,18,0,13,0,1,13,0,13,18,1,0,1,13,0,13,18,13,0,13,1,13,18,0,18,13,18,0,1,0,13,0,18,0,13,0,1,13,1,18,0,1,0,13,0,18,0,1,18,0,18,13,1,18,1,0,1,13,1,0,1,18,0,13,0,1,13,0,13,18,13,1,13,18,13,0,18,13,18,1,0,13,1,18,1,0,13,0,18,0,13,1,18,13,0,18,13,18,1,18,13,18,0,18,1,0,1,13,0,18,0,1,18,0,18,13,0,18,0,1,13,1,18,1,13,0,13,1,13,0,18,0,1,0,13,0,1,0,18,1,18,13,0,18,0,1,0,13,0,18,13,0,13,1,13,0,13,18,0,18,1,13,18,13,0,18,13,18,1,0,1,13,1,0,18,0,1,0,13,1,13,18,13,1,13,0,13,1,18,0,1,0,13,0,1,0,18,0,13,18,0,18,1,0,13,0,1,0,18,1,18,13,1,18,1,0,1,13,0,1,0,18,0,1,0,13,0,18,13,0,13,1,0,1,18,0,1,0,13,1,0,1,18,13,1,13,0,13,1,13,18,13,0,1,0,18,0,13,0,18,0,1,18,1,13,1,0,18,0,1,0,13,1,13,18,13,0,18,1,18,13,1,18,1,0,1,13,1,18,13,0,13,1,0,1,18,1,0,1,13,0,1,0,18,0,13,0,18,0,1,18,13,0,1,18,0,1,0,13,18,13,1,18,13,18,0,18,13,18,1,18,0,1,18,1,13,18,13,0,18,1,18,13,0,18,0,1,0,13,0,1,0,18,1,13,18,0,18,1,0,1,13,1,0,1,18,0,1,0,13,0,18,0,13,0,1,13,0,13,18,1,0,18,13,18,1,0,1,18,13,1,13,0,13,18,13,1,18,1,0,1,13,1,0,1,18,0,1,0,13,0,18,13,1,18,13,18,0,13,1,0,13,18,0,18,1,18,0,18,13,18,1,13,18,13,0,13,18,13,1,18,1,0,1,13,0,13,18,13,1,13,18,13,0,18,0,1,0,18,0,13,0,1,13,1,18,1,0,1,13,1,18,13,0,13,18,1,13,18,0,18,1,0,1,13,1,0,18,13,0,18,0,1,0,18,0,13,0,1,13,0,13,18,13,0,13,1,0,1,18,0,1,13,18,13,0,18,13,18,1,18,13,18,0,18,1,0,18,0,13,0,1,13,18,13,1,0,1,18,1,13,18,0,13,1,13,18,1,18,0,18,13,18,1,13,18,13,0,13,18,13,1,13,0,1,0,18,13,1,13,18,13,1,0,1,18,13,1,18,0,18,13,0,13,1,0,1,18,0,1,0,13,0,18,0,13,0,1,13,18,13,0,18,13,18,1,18,0,1,18,1,13,18,0,13,18,13,1,13,18,13,0,13,1,0,18,0,1,13,1,0,18,1,18,13,18,0,18,1,18,13,1,13,0,13,1,13,18,13,0,18,13,18,1,18,13,18,0,18,1,0,18,0,13,18,13,1,18,13,18,0,13,18,13,1,0,13,0,18,0,1,0,18,0,13,18,13,1,18,1,0,18,13,18,1,13,18,13,0,13,1,13,18,1,18,0,1,13,0,13,18,0,13,0,1,0,18,0,1,0,13,1,13,18,0,18,13,18,1,18,13,18,0,13,1,0,1,18,1,0,1,13,1,18,13,1,13,0,13,1,13,18,13,0,18,0,1,0,13,18,13,1,13,18,0,18,13,18,1,0,1,13,18,1,18,0,18,13,18,0,18,1,0,13,18,13,0,13,1,18,1,0,18,0,13,0,1,13,0,13,18,13,0,13,1,13,18,1,13,1,0,18,13,18,0,18,1,0,13,0,1,18,0,1,13,0,13,18,0,13,0,1,0,18,0,1,0,13,1,0,1,18,1,0,1,13,1,18,13,0,18,0,1,0,13,0,18,13,0,13,1,13,18,13,0,18,0,1,13,18,1,13,1,0,1,13,18,1,18,0,1,18,13,0,13,18,13,0,1,0,18,0,1,13,1,0,18,1,13,18,1,18,0,18,1,18,13,18,0,13,18,13,1,0,13,0,18,13,18,1,18,13,18,0,13,18,13,1,13,0,13,1,13,18,1,13,1,0,18,1,18,13,1,13,0,1,0,18,0,13,18,1,18,13,0,13,18,1,13,1,0,13,0,18,0,1,0,13,1,0,1,18,1,0,1,13,1,18,13,1,13,0,18,13,18,1,18,0,1,18,1,13,0,13,18,0,13,1,0,1,18,0,1,0,13,18,0,18,1,18,0,18,13,18,1,0,13,0,18,13,18,1,18,13,18,0,13,18,13,1,13,0,13,18,0,13,0,1,0,13,0,18,13,18,1,18,13,18,0,13,18,13,1,0,18,0,13,18,13,1,13,18,13,0,13,1,18,1,13,1,0,18,0,13,18,13,1,18,13,18,0,1,18,1,13,1,0,1,18,0,13,18,0,18,1,18,0,18,13,0,13,1,0,13,0,18,0,1,18,1,13,1,0,13,1,13,18,0,13,18,1,18,0,1,18,1"
2,13,18,899,0,0,400001196,26.403,"0,2,0,13,0,2,0,18,0,2,0,13,2,0,2,18,2,0,2,13,2,18,13,0,13,2,0,2,18,0,2,0,13,0,18,0,13,0,2,13,0,13,18,2,0,2,18,2,13,18,13,0,2,0,13,18,0,18,2,18,0,13,0,2,0,18,0,2,0,13,2,13,18,0,2,0,13,2,0,2,18,2,0,2,13,2,18,13,0,13,2,18,13,18,0,13,0,2,18,2,13,18,13,0,13,2,13,18,2,13,2,0,2,18,2,13,18,0,18,2,0,18,0,13,0,18,0,2,0,13,2,13,18,13,0,13,18,13,2,18,0,2,18,2,13,18,13,0,13,2,13,18,2,13,2,0,2,13,2,18,2,0,18,0,13,2,13,18,2,18,0,13,18,0,2,0,18,13,0,13,2,0,2,18,2,0,2,13,2,18,13,2,13,0,13,18,13,0,13,2,0,2,18,2,0,2,13,0,2,0,18,0,13,0,18,0,2,18,2,13,2,0,13,2,13,18,13,0,13,2,0,13,0,18,0,2,18,0,18,13,18,2,13,18,13,0,2,18,0,18,13,0,2,13,2,18,2,0,18,2,18,13,18,0,18,13,18,2,13,18,13,0,13,18,13,2,13,0,2,0,18,0,2,13,2,18,2,0,13,18,13,2,18,13,18,0,18,13,18,2,18,0,2,13,0,18,0,2,18,2,13,2,0,2,18,0,2,0,13,0,18,0,2,18,0,18,13,2,13,0,2,13,2,18,2,0,18,13,18,2,13,18,13,0,13,2,13,0,13,18,0,13,0,2,0,18,2,18,13,18,0,18,13,18,2,13,18,13,0,2,18,2,13,18,2,18,0,18,2,18,13,18,0,13,0,2,0,18,2,18,13,18,0,18,13,18,2,13,18,13,0,13,18,13,2,13,0,2,0,18,0,13,0,18,0,2,18,0,13,18,2,13,18,13,0,18,0,2,0,13,2,0,2,18,13,2,13,0,13,18,13,2,18,13,18,0,18,13,18,2,13,2,0,18,13,18,2,18,0,18,2,18,13,2,0,2,13,2,18,13,0,13,18,13,2,18,0,2,0,13,0,18,0,2,18,0,18,13,18,2,18,0,2,13,2,18,0,2,0,13,0,2,0,18,0,2,13,2,18,2,0,13,18,13,2,13,0,18,0,13,0,2,0,13,0,18,13,2,13,0,18,13,18,2,18,0,18,2,18,13,2,0,2,18,13,2,13,0,13,2,13,18,13,0,18,0,2,18,13,2,13,0,13,2,18,2,0,2,13,18,0,18,2,0,2,13,2,0,2,18,0,2,0,13,0,18,0,13,0,2,13,18,0,13,2,0,2,18,2,13,2,0,2,18,0,13,0,2,13,0,13,18,13,0,13,2,13,18,2,13,2,0,13,18,13,0,13,2,0,18,2,18,13,2,18,2,0,2,13,0,18,0,2,13,2,18,13,2,13,0,18,0,13,0,2,0,13,0,18,13,18,2,13,18,13,0,18,13,18,2,0,2,18,2,13,2,18,2,0,18,0,13,0,18,0,2,18,0,13,18,13,2,13,0,18,0,13,0,18,2,18,13,18,0,18,13,18,2,13,2,0,18,13,18,2,13,18,13,0,13,18,13,2,13,0,2,18,0,2,13,2,0,18,2,18,13,18,2,18,0,18,2,13,0,13,18,0,13,2,0,2,18,2,0,13,2,13,18,13,2,0,13,0,18,13,0,13,2,18,2,0,18,0,13,0,18,0,2,0,13,2,0,2,18,2,0,2,13,0,13,18,0,13,2,0,2,18,2,13,2,0,2,18,0,18,13,18,0,18,2,0,18,0,13,0,2,0,18,2,18,13,18,0,18,13,18,2,13,18,13,0,13,2,13,0,13,18,0,13,2,0,18,13,18,0,18,2,18,0,13,2,0,13,0,18,0,13,2,18,2,0,2,13,0,13,18,13,0,13,2,13,18,2,18,0,18,2,13,0,2,13,2,18,0,13,0,2,0,18,0,2,0,13,2,13,18,0,2,13"
3,13,18,618,0,0,400000840,18.475,"0,3,0,13,0,3,0,18,0,3,0,13,3,0,3,18,3,0,3,13,3,18,13,0,13,3,0,3,18,0,3,0,13,0,18,0,13,0,3,13,0,13,18,3,0,3,13,0,13,18,13,0,13,3,13,18,0,18,13,18,0,3,0,13,0,18,0,13,0,3,13,3,18,3,0,13,0,18,13,0,13,3,13,18,3,13,3,0,3,13,3,18,3,0,18,0,13,3,18,0,13,18,13,3,13,18,0,3,18,0,18,13,18,0,18,3,18,13,3,18,3,0,3,13,3,18,13,18,0,18,3,13,0,3,0,18,0,3,0,13,0,18,13,0,13,3,18,13,18,0,18,13,18,3,18,0,13,0,3,0,18,3,18,13,18,3,18,0,18,13,3,13,18,13,3,0,3,18,3,13,18,13,0,18,13,18,3,13,18,13,0,3,0,13,0,18,13,3,18,0,13,0,3,0,18,3,13,3,18,0,18,13,18,3,13,0,3,13,3,18,3,13,3,0,13,0,18,3,0,13,3,13,18,13,0,3,13,0,18,0,13,0,3,0,13,18,3,18,0,3,18,13,0,3,13,3,18,13,0,18,13,18,3,18,13,18,0,18,3,0,13,0,18,13,0,13,3,0,3,18,3,13,3,0,3,18,0,13,0,18,0,3,0,18,13,0,13,3,0,13,0,18,3,18,0,13,18,13,3,13,0,3,13,3,18,3,0,3,13,0,3,0,18,13,18,3,0,3,13,0,3,0,18,0,3,0,13,0,18,13,0,13,3,0,3,18,0,3,0,13,18,0,18,3,18,13,18,0,13,0,3,0,13,0,18,0,13,3,18,3,13,3,0,3,13,18,3,18,0,18,13,0,3,0,13,18,13,3,0,3,18,0,3,0,13,0,18,0,3,18,0,18,13,18,3,18,13,18,0,13,0,3,0,18,13,18,3,13,18,13,0,18,13,18,3,0,3,13,3,18,3,13,3,0,13,18,13,0,13,3,0,3,18,3,0,3,13,0,3,0,18,13,0,13,3,13,18,3,18,0,18,13,3,0,13,0,18,0,13,0,3,0,18,3,0,3,13,0,13,18,0,18,3,13,3,0,18,3,18,13,18,3,18,0,18,13,0,18,0,3,13,18,13,3,13,0,3,0,18,0,13,0,18,0,3,18,0,18,13,18,3,18,13,18,0,13,0,3,0,13,18,13,3,18,13,18,0,18,13,18,3,18,0,3,18,3,13,3,0,3,13,3,18,13,0,18,3,18,0,13,0,3,0,13,18,3,13,18,13,0,13,18,3,0,18,0,13,0,18,0,3,0,13,3,18,3,0,13,0,18,13,0,13,3,13,18,3,13,3,0,3,18,0,3,0,13,0,3,0,18,0,13,18,3,13,18,0,18"
4,13,18,603,0,0,400000776,17.987,"0,4,0,13,0,4,0,18,0,4,0,13,4,0,4,18,4,0,4,13,4,18,13,0,13,4,0,4,18,0,4,0,13,0,18,0,13,0,4,13,0,18,4,13,18,4,18,0,13,0,18,0,4,18,4,13,4,0,4,13,4,18,13,0,4,13,18,4,18,0,4,13,0,18,13,18,4,18,13,18,0,18,4,0,18,0,13,0,4,0,13,0,18,13,0,4,13,4,18,4,13,4,0,4,18,13,18,0,18,4,0,13,4,18,4,0,18,0,13,0,18,0,4,0,13,4,0,4,18,4,0,4,13,4,18,13,0,13,4,0,4,18,0,18,13,0,13,4,13,18,13,4,13,0,4,13,4,18,4,0,4,13,0,13,18,4,18,13,18,0,18,13,18,4,13,0,4,0,18,4,18,13,4,18,4,0,4,13,4,0,4,18,0,4,0,13,18,0,18,4,18,0,18,13,18,4,13,0,4,0,18,4,18,13,18,4,18,0,4,18,4,13,4,0,4,13,4,18,13,18,0,4,18,13,4,13,0,13,18,13,4,18,13,18,0,18,4,18,0,18,13,0,4,18,13,4,13,0,13,4,13,18,13,0,18,13,18,4,0,13,4,18,4,0,18,0,13,0,18,0,4,18,0,18,13,18,4,18,13,18,0,13,4,18,0,13,18,0,18,4,13,4,0,13,0,18,0,4,0,13,4,0,4,18,4,0,4,13,4,18,13,0,13,4,0,4,18,0,18,13,18,4,18,13,18,0,13,18,13,4,13,0,4,13,4,18,4,13,4,0,4,18,0,13,0,4,13,0,13,18,13,4,18,4,0,18,0,13,0,4,18,4,0,4,13,4,0,4,18,0,13,0,18,0,4,0,18,13,0,13,4,0,13,0,18,0,4,18,13,18,0,13,18,13,4,18,4,0,18,13,18,0,4,0,18,13,0,13,4,0,4,18,0,4,0,13,4,0,4,18,13,4,13,0,13,18,13,4,18,4,0,4,18,13,0,18,13,18,4,18,13,18,0,18,4,0,18,0,13,4,18,13,4,13,0,4,0,18,0,13,0,18,0,4,18,4,13,18,0,18,4,0,18,0,13,0,18,0,4,0,13,4,0,4,18,4,0,4,13,4,18,13,0,18,4,0,4,13,0,4,0,18,0,13,0,18,0,4,18,0,18,13,4,18,13,0,13,18,13,4,13,18,0,4,18,13,18,0,4,0,13,0,4,18,4,0,4,13,0,13,18,13,0,4,13,4,18,4,13,4,0,4,18,0,4,0,13,0,4,0,18,0,13,18,4,18,0,4,0,13,0,4,0,18,4,0,4,13,4,18,4,0,18,0,13,18,13,4,0,4,13,4,0"
5,13,18,60,1,1,7707828,0.102,"0,18,5,0,13,18,13,5,18,5,0,5,18,13,18,5,18,13,0,13,5,0,5,18,5,0,13,0,5,0,13,18,13,0,13,18,5,18,13,18,0,13,0,5,18,5,0,5,18,13,18,5,18,0,5,0,13,18,5,13"
1,14,18,779,0,0,400001064,22.220,"0,1,0,14,0,1,0,18,0,1,0,14,1,0,1,18,1,0,1,14,1,18,14,0,14,1,0,1,18,0,1,0,14,0,18,0,14,0,1,14,0,14,18,1,0,1,14,0,14,18,14,0,14,1,14,18,0,18,14,18,0,1,0,14,0,18,0,14,0,1,14,1,18,0,1,0,14,0,18,0,1,18,0,18,14,18,0,18,1,0,1,14,0,14,18,1,0,14,1,0,1,18,1,0,1,14,0,14,18,14,0,14,1,0,14,0,18,1,0,1,14,0,14,18,0,18,1,18,0,14,18,14,1,14,18,0,18,1,18,0,14,0,1,18,1,0,1,18,14,18,1,18,14,0,14,1,14,18,1,0,1,18,1,14,1,18,0,1,0,14,1,0,1,18,14,18,0,18,1,18,0,18,14,0,1,14,0,14,18,1,0,1,14,1,18,0,18,14,1,14,18,14,0,14,18,14,1,18,0,18,1,18,14,18,1,0,18,0,14,0,1,14,18,14,0,1,0,18,0,14,0,18,0,1,18,14,18,1,18,0,18,1,14,18,14,0,14,18,1,18,0,18,1,14,1,0,1,14,18,0,14,1,0,1,18,1,0,1,14,1,0,18,0,14,0,1,0,14,0,18,14,18,1,0,1,14,0,14,18,14,1,0,1,14,1,18,14,0,18,1,0,1,14,1,18,1,0,18,1,18,14,18,0,18,14,18,1,14,0,14,1,14,18,1,18,0,1,18,1,14,0,1,0,18,0,14,18,0,18,1,0,14,0,1,0,18,0,1,14,0,14,18,14,1,14,0,1,0,18,0,1,0,14,1,0,1,18,1,14,1,0,14,18,0,1,18,1,14,18,1,18,0,18,14,0,18,0,1,0,14,0,18,14,1,18,1,0,1,14,1,0,1,18,0,1,0,14,0,1,0,18,0,14,18,0,18,1,0,14,0,1,0,18,0,1,14,0,14,18,14,0,1,14,1,18,1,0,14,0,1,0,18,1,14,18,0,14,0,1,0,18,0,1,0,14,1,0,1,18,1,14,1,18,1,0,18,0,14,18,1,18,0,14,18,14,1,18,14,18,0,1,0,14,18,14,0,1,14,1,18,1,0,1,14,1,18,14,0,14,1,0,14,0,18,0,1,0,14,1,0,1,18,14,18,0,18,1,0,1,14,1,18,1,14,1,0,14,18,1,18,14,18,0,1,0,14,1,14,18,14,0,18,14,18,1,18,14,18,0,18,1,0,1,14,1,0,18,14,18,0,18,1,18,0,18,14,0,1,0,14,0,18,0,14,1,18,14,1,14,0,1,18,0,14,1,0,1,18,1,0,1,14,1,18,14,1,14,0,14,18,14,1,18,0,1,0,14,0,18,0,1,18,14,18,1,18,0,1,14,1,0,1,18,1,0,14,1,14,18,1,14,1,0,1,18,1,0,1,14,0,1,0,18,0,14,0,1,14,1,18,14,1,0,14,0,18,0,14,0,1,0,18,1,18,14,18,0,1,0,14,1,0,1,18,1,0,1,14,1,18,14,0,14,18,1,18,0,14,0,1,14,0,14,18,14,1,14,18,14,0,18,14,18,1,0,1,14,18,1,18,0,18,14,0,18,0,1,0,14,1,14,18,1,14,1,0,1,18,1,0,1,14,0,1,0,18,0,14,18,0,18,1,18,14,18,0,14,0,1,14,1,18,0,1,14,0,14,18,0,14,0,1,0,18,0,1,0,14,1,0,18,1,14,0,14,18,0,14,0"
3,14,18,646,0,0,400000712,17.684,"0,3,0,14,0,3,0,18,0,3,0,14,3,0,3,18,3,0,3,14,3,18,14,0,14,3,0,3,18,0,3,0,14,0,18,0,14,0,3,14,0,14,18,3,0,3,14,0,14,18,14,0,14,3,14,18,0,18,14,18,0,3,0,14,0,18,0,14,0,3,14,3,18,0,14,0,3,0,18,0,3,0,14,3,18,3,0,14,3,14,18,14,0,14,3,0,14,0,18,0,3,0,18,0,14,18,3,14,18,0,14,0,3,0,14,18,14,3,14,0,14,3,14,18,3,18,0,18,14,3,14,18,14,0,18,0,3,0,14,3,18,3,0,18,0,14,18,0,18,3,18,14,18,3,18,0,3,14,18,14,0,18,14,18,3,18,0,3,14,3,0,3,18,0,14,18,14,3,14,0,14,3,14,18,3,14,3,0,3,14,3,18,3,0,18,0,14,0,18,0,3,0,14,3,14,18,14,0,3,0,14,18,0,3,14,3,18,14,18,0,18,3,18,14,3,0,3,18,0,3,0,14,0,18,0,14,0,3,14,18,0,18,3,0,18,0,14,3,14,18,0,18,14,18,3,18,14,18,0,14,3,14,0,14,18,0,14,3,18,0,3,0,14,3,14,18,0,18,14,3,18,3,0,3,18,14,3,14,0,3,0,18,0,3,0,14,0,3,18,3,14,0,14,18,0,18,3,0,18,0,14,0,3,0,14,0,18,14,0,14,3,18,3,0,14,0,3,0,18,0,3,0,14,3,18,3,0,14,3,14,18,14,0,18,3,0,3,14,3,0,3,18,3,14,18,3,18,0,14,3,14,18,14,0,3,0,18,0,14,0,18,0,3,18,3,14,3,18,3,0,3,14,0,3,0,18,0,3,0,14,3,14,18,0,14,0,3,0,18,0,14,18,0,18,3,18,14,18,0,14,3,14,18,3,18,0,18,3,18,14,3,18,3,0,3,14,0,14,18,14,3,18,3,0,18,14,18,0,3,0,14,0,3,18,3,0,3,14,18,14,3,14,0,14,3,14,18,3,0,3,18,14,18,0,14,0,3,14,0,14,18,14,3,14,18,14,0,18,14,18,3,18,14,18,0,18,3,0,18,0,14,18,14,3,14,18,0,14,0,3,14,3,18,0,3,18,14,18,0,3,0,18,0,14,3,14,18,0,14,0,3,0,18,0,3,0,14,3,0,3,18,3,14,3,0,14,18,14,0,3,0,14,18,0,3,18,3,14,18,3,18,0,18,14,0,18,0,3,0,14,3,18,3,0,14,3,14,18,14,0,14,18,14,3,18,14,18,0,18,14,18,3,18,0,3,14,3,0,18,0,14,18,14,3,14,18,0,3,18,3,14,3,18,3,0,3,14,0,3,0,18,3,14,18,14,0,14,3,14,18,14,0,18,0,3,18,3,14,18,0,3,0,18,0,14,3,14,0,14,3,18,3,0,3,14,0"
1,15,18,949,0,0,400001160,24.841,"0,1,0,15,0,1,0,18,0,1,0,15,1,0,1,18,1,0,1,15,1,18,15,0,15,1,0,1,18,0,1,0,15,0,18,15,0,15,1,0,1,18,15,18,1,0,18,0,15,0,18,0,1,0,18,15,18,1,18,0,18,1,18,15,1,15,0,1,0,18,0,1,0,15,0,18,15,0,15,1,0,1,18,1,15,18,0,15,1,15,18,1,18,0,18,1,18,15,18,0,15,1,15,18,0,15,0,1,0,15,0,18,0,1,15,18,15,0,15,1,18,1,15,1,0,15,0,18,0,1,0,15,1,0,1,18,1,15,18,1,18,0,15,0,18,1,0,15,1,15,18,15,0,15,1,0,15,0,18,0,1,18,1,15,0,1,0,18,0,15,0,1,0,18,1,18,15,18,0,18,1,18,15,1,0,1,18,0,1,0,15,0,1,0,18,1,18,15,1,0,18,15,0,15,1,15,0,15,18,15,1,18,15,18,0,18,15,18,1,18,0,1,18,1,15,0,15,18,15,1,0,1,18,15,1,15,0,15,1,15,18,15,0,1,0,18,15,18,1,18,15,0,15,18,1,15,0,1,0,18,1,0,1,15,18,15,0,1,0,18,0,15,0,18,0,1,18,15,18,0,1,0,15,1,0,18,15,1,18,15,18,0,18,15,18,1,18,0,1,15,1,18,15,1,15,0,15,18,15,1,18,15,18,0,18,15,18,1,15,1,0,18,15,18,0,18,1,0,15,0,1,18,1,15,18,15,0,18,15,18,1,18,0,1,18,1,15,1,0,1,15,1,18,15,0,1,18,0,18,15,0,1,15,18,1,15,0,1,18,0,1,0,15,0,1,0,18,0,15,18,1,18,0,1,18,1,15,18,0,15,18,1,15,0,1,15,1,18,15,0,15,18,1,15,18,0,15,0,1,0,18,1,18,15,18,0,18,15,18,1,15,18,15,0,15,1,15,0,15,18,0,1,0,15,18,0,18,1,0,18,0,15,1,0,15,18,15,1,18,15,18,0,18,1,18,15,1,0,1,15,1,18,1,15,0,1,0,18,0,1,15,0,15,18,0,15,0,1,0,18,0,1,0,15,1,0,1,18,1,15,1,0,15,0,18,0,1,18,1,15,18,0,18,1,0,18,0,15,0,1,15,0,15,18,15,1,18,0,18,1,18,15,1,0,1,15,1,18,1,15,0,18,0,1,18,0,18,15,18,1,18,15,18,0,15,1,15,18,1,18,0,1,18,1,15,1,0,15,1,15,18,15,1,15,0,15,18,0,1,0,15,1,0,1,18,1,15,1,0,15,0,18,1,15,0,18,15,18,1,18,15,18,0,18,1,0,15,0,1,0,18,1,15,18,0,1,18,1,15,1,18,1,0,1,15,0,15,18,0,15,0,1,0,18,0,1,0,15,1,0,1,18,15,18,0,1,0,15,1,0,1,18,1,15,1,18,1,0,18,1,18,15,18,0,18,1,0,1,15,0,1,0,18,1,0,1,15,0,15,18,15,1,0,1,15,18,1,0,18,1,18,15,18,1,18,0,18,15,0,18,0,1,15,18,1,0,1,15,0,15,18,15,0,15,1,0,15,0,18,0,1,0,18,0,15,18,1,0,1,15,0,1,0,18,15,18,0,1,18,1,15,1,18,1,0,1,18,15,18,0,18,1,18,0,18,15,0,15,1,18,0,18,15,18,1,18,15,18,0,15,1,15,18,1,15,1,0,15,18,0,18,1,18,0,15,0,1,0,18,1,18,15,0,15,1,18,1,0,1,15,1,0,1,18,0,15,0,1,15,0,15,18,0,15,0,1,18,0,18,15,18,1,18,0,1,15,1,0,18,0,1,15,0,15,18,15,0,15,1,15,18,1,18,0,1,15,18,15,0,18,15,18,1,18,15,18,0,15,0,1,0,18,0,15,18,1,18,15,18,0,18,15,1,18,1,0,1,18,15,1,15,0,15,18,0,1,18,15,18,0,1,0,15,1,0,1,18,1,0,1,15,1,18,15,1,15,0,1,18,0,18,15,18,1,18,15,18,0,15,18,15,1,15,0,15,18,0,18,1,0,15,1,0,1,18,1,0,1,15,1,18,15,1,15,0,15,18,15,1,18,0,18,1,15,1,0,1,18,15"
2,15,18,800,0,0,400001112,19.379,"0,2,0,15,0,2,0,18,0,2,0,15,2,0,2,18,2,0,2,15,2,18,15,0,15,2,0,2,18,0,2,0,15,0,18,0,15,0,2,15,0,15,18,2,0,2,15,0,15,18,15,0,15,2,15,18,0,18,15,18,0,2,0,15,0,18,0,15,0,2,15,2,18,0,2,0,15,0,18,0,2,18,0,18,15,2,18,2,0,2,15,2,0,2,18,0,2,0,15,0,2,0,18,0,15,18,0,18,2,0,2,15,0,2,0,18,15,0,15,2,15,0,15,18,15,0,2,18,2,0,2,15,0,15,18,15,2,15,0,2,15,2,18,2,15,2,0,2,18,0,15,0,18,0,2,0,18,15,2,18,15,18,0,18,15,2,18,2,0,2,15,0,15,18,15,0,2,15,0,15,18,0,18,2,0,18,0,15,0,2,15,18,15,0,18,15,18,2,18,15,18,0,18,2,0,2,15,0,18,15,18,2,15,18,15,0,2,15,2,18,2,0,2,15,0,15,18,0,2,0,15,18,0,18,2,18,15,2,15,0,2,0,18,0,2,0,15,2,0,2,18,2,15,2,0,15,0,18,2,18,15,2,15,0,15,18,15,0,15,2,0,15,0,18,0,2,0,15,2,0,2,18,2,15,18,15,0,2,18,15,0,18,0,2,0,18,15,0,15,2,15,0,18,15,18,2,18,0,18,15,18,2,15,2,0,2,18,2,15,18,2,18,0,18,2,18,15,18,0,15,18,15,2,18,2,0,15,0,2,18,0,18,15,18,0,18,2,18,0,15,0,2,0,15,18,15,0,2,15,2,18,15,18,0,15,2,18,0,2,18,2,15,0,18,15,18,2,18,15,0,18,0,2,18,0,18,15,18,2,18,15,18,0,15,18,15,2,15,0,15,2,15,18,2,0,15,0,18,15,0,15,2,18,2,15,0,2,0,18,0,15,18,2,18,15,0,15,2,18,15,2,0,2,18,2,15,18,0,15,2,18,15,18,0,18,15,18,2,18,0,2,0,15,2,18,0,18,15,0,18,0,2,0,15,2,0,2,18,2,15,18,0,15,2,15,18,2,18,0,18,15,0,15,2,15,0,15,18,0,15,0,2,0,18,0,15,18,0,18,2,18,15,2,0,15,0,18,0,2,0,15,2,0,2,18,2,15,18,15,0,18,0,2,18,0,18,15,18,2,18,15,18,0,15,18,2,15,2,0,2,18,2,0,2,15,0,18,0,15,2,15,18,2,15,0,2,18,0,18,15,0,18,0,2,0,15,0,2,0,18,2,0,2,15,2,0,2,18,2,15,18,2,18,0,2,0,15,0,2,18,15,18,0,15,18,2,0,2,15,2,18,2,15,2,0,15,0,18,15,0,15,2,0,15,0,18,2,0,2,15,0,15,18,0,18,2,18,0,15,18,15,2,15,0,18,0,15,2,0,2,18,2,15,2,18,2,0,18,0,15,18,15,2,15,18,15,0,18,15,18,2,18,0,18,2,18,15,2,18,0,15,0,18,0,2,0,18,15,2,18,0,2,18,2,15,2,18,2,0,18,0,15,18,2,18,15,0,15,18,2,15,2,0,15,0,18,0,2,18,0,18,15,2,18,2,0,2,15,2,0,2,18,0,2,0,15,0,18,15,0,15,2,0,2,18,2,15,18,15,0,15,2,15,0,15,18,0,2,18,0,18,15,18,0,18,2,18,15,2,18,2,0,18,0,15,0,18,0,2,0,15,2,18,2,0,15,0,18,15,18,2,18,0,18,2,18,15,2,18,2,0,2,15,2,18,15,0,18,15,18"
1,16,18,710,0,0,400000876,20.943,"0,1,0,16,0,1,0,18,0,1,0,16,1,0,1,18,1,0,1,16,1,18,16,0,16,1,0,1,18,0,18,16,18,0,18,1,0,18,0,16,0,1,16,1,18,16,0,16,1,0,16,0,18,0,1,0,16,1,0,1,18,1,0,1,16,0,16,18,0,1,0,16,18,0,18,1,18,0,18,16,18,1,16,0,16,1,16,18,16,1,0,16,0,18,0,16,1,0,1,18,1,0,1,16,1,18,0,18,16,18,1,18,16,18,0,16,1,16,18,1,18,0,1,0,16,0,18,1,18,0,16,18,16,1,16,18,0,16,0,1,16,0,16,18,16,1,16,18,16,0,18,1,18,16,1,16,0,1,16,1,18,0,18,1,16,18,16,0,18,16,18,1,18,0,18,1,18,16,1,0,1,18,0,1,0,16,1,16,18,16,0,16,1,16,18,1,18,0,18,16,18,1,18,0,1,16,1,18,16,1,16,0,1,0,18,1,0,1,16,0,1,0,18,1,18,16,1,18,1,0,16,1,16,18,16,0,16,1,0,16,0,18,0,16,0,1,0,18,1,16,1,0,16,0,18,16,18,1,16,1,0,1,18,1,0,1,16,0,1,0,18,0,16,0,1,16,1,18,0,18,1,18,16,18,1,18,0,1,16,1,0,1,18,0,18,16,18,1,0,16,0,1,0,18,0,1,16,0,16,18,16,1,18,16,18,0,18,16,18,1,18,0,1,18,1,16,0,18,16,18,1,16,0,18,0,1,18,0,18,16,18,0,18,1,0,1,16,1,0,1,18,0,1,0,16,0,18,0,16,0,1,16,0,18,1,18,0,18,16,0,16,1,16,18,16,0,18,16,18,1,18,16,18,0,18,1,0,1,16,1,18,16,0,18,16,18,1,16,1,0,16,0,18,0,16,1,0,1,18,1,16,18,1,18,0,18,1,18,16,18,0,16,0,1,0,18,1,18,16,18,0,18,16,18,1,16,18,16,0,16,18,16,1,16,0,1,16,1,18,16,0,16,18,16,1,18,1,0,18,0,16,0,18,0,1,0,16,18,16,0,16,1,16,0,16,18,0,1,0,16,18,16,1,18,16,18,0,18,16,18,1,18,0,1,18,1,16,1,0,1,16,1,18,16,0,1,0,16,0,18,0,16,0,1,16,18,16,0,18,16,18,1,18,0,1,0,16,0,1,0,18,1,0,1,16,1,18,1,0,18,1,18,16,18,0,18,1,0,1,16,0,16,18,0,1,18,0,18,16,18,0,18,1,0,1,16,18,1,18,0,18,16,18,1,16,18,16,0,16,1,16,18,1,0,18,16,18,1,0,1,16,0,1,0,18,16,18,0,1,18,0,16,0,1,16,0,16,18,16,1,16,18,16,0,18,0,1,16,18,16,0,18,16,18,1,18,16,18,0,18,1,0,18,0,16,18,16,1,0,16,0,18,0,1,0,16,1,0,1,18,1,16,18,1,18,0,18,1,18,16,18,0,16,18,16,1,18,0,18,1,18,16,18,1,0,18,0,16,0,1,16,0,16,18,16,1,18,16,18,0,18,1,0,16,0,18,16,18,1,18,16,18,0,18,1,16,1,18,1,0"
1,17,18,60,1,1,7707828,0.101,"0,18,1,0,17,18,17,1,18,1,0,1,18,17,18,1,18,17,0,17,1,0,1,18,1,0,17,0,1,0,17,18,17,0,17,18,1,18,17,18,0,17,0,1,18,1,0,1,18,17,18,1,18,0,1,0,17,18,1,17"
