R 1 36 54 6 180 3 1 2 0 4 1 0 4 3 2 3 0 1 0 5 1 4 2 0 2 1 3 4 1 3 4 0 5 0 2 1 3 2 4 1 0 4 5 0 3 2 5 2 5 1 1 4 5 3 4 2 0 3 5 | 12 12  0 6 2 0 7 1 1 6 1 1 8 2 2 7 2 2 9 1 3 8 1 3 10 2 4 9 2 4 11 1 5 10 1 5 11 2
R 2 36 54 6 82 3 4 5 0 2 1 1 2 0 3 4 0 3 4 1 1 2 3 1 2 3 0 2 3 0 4 1 1 4 0 3 2 4 3 1 5 0 1 2 4 5 3 4 5 3 2 5 1 2 5 0 0 5 4 | 12 13  0 6 1 0 7 1 0 11 1 1 6 2 1 8 1 2 7 2 2 9 1 3 8 2 3 10 1 4 9 2 4 11 1 5 10 2 5 11 1
R 3 36 54 6 308 1 2 3 0 4 3 0 4 1 1 2 0 2 4 3 3 1 5 3 4 1 0 2 1 0 2 3 3 4 1 5 1 4 0 3 2 0 4 5 2 5 1 3 2 5 4 5 3 0 5 1 0 2 4 | 12 13  0 6 1 0 7 2 1 6 2 1 8 1 2 7 1 2 9 1 2 11 1 3 8 2 3 10 1 4 9 2 4 11 1 5 10 2 5 11 1
R 4 36 54 6 73 3 4 5 0 2 1 1 2 0 3 4 0 1 2 3 4 0 5 1 2 3 0 2 3 0 4 1 5 0 3 5 4 2 0 1 4 0 1 2 4 5 3 4 5 3 2 5 1 4 0 5 1 2 3 | 12 14  0 6 1 0 7 1 0 11 1 1 6 2 1 8 1 2 7 2 2 10 1 3 8 2 3 10 1 4 9 1 4 10 1 4 11 1 5 9 2 5 11 1
R 5 36 54 6 119 3 4 5 0 2 1 1 2 0 3 4 0 3 1 2 5 4 0 1 2 3 0 2 3 0 4 1 0 4 2 4 1 5 3 0 5 0 1 2 4 5 3 4 5 3 2 5 1 5 0 4 1 3 2 | 12 14  0 6 1 0 7 1 0 11 1 1 6 2 1 8 1 2 7 2 2 10 1 3 8 2 3 11 1 4 9 1 4 10 1 4 11 1 5 9 2 5 10 1
R 6 36 54 6 15232 3 1 2 0 4 1 0 4 3 2 4 3 2 0 1 3 1 5 0 2 1 3 4 1 3 4 1 5 1 4 0 2 3 0 3 2 4 5 0 3 2 5 2 5 1 0 5 1 3 5 4 0 2 4 | 12 14  0 6 2 0 7 1 1 6 1 1 8 1 1 11 1 2 7 2 2 10 1 3 8 2 3 11 1 4 9 1 4 10 1 4 11 1 5 9 2 5 10 1
R 7 36 54 6 78 1 2 3 0 4 3 0 4 1 1 2 0 0 3 4 1 2 5 3 4 1 0 2 1 0 2 4 5 2 0 3 4 1 3 0 1 0 4 5 2 5 1 3 2 5 3 5 4 1 5 2 3 4 0 | 12 14  0 6 1 0 7 2 1 6 2 1 8 1 2 7 1 2 10 1 2 11 1 3 8 2 3 11 1 4 9 1 4 10 1 4 11 1 5 9 2 5 10 1
R 8 36 54 6 61 3 4 5 0 2 1 1 2 0 3 4 0 3 4 0 1 3 2 1 2 3 0 2 3 0 4 1 1 4 0 2 3 4 3 0 5 0 1 2 4 5 3 4 5 3 2 5 1 2 5 1 5 0 4 | 12 15  0 6 1 0 7 1 0 11 1 1 6 2 1 8 1 2 7 2 2 9 1 3 8 2 3 10 1 4 9 1 4 10 1 4 11 1 5 9 1 5 10 1 5 11 1
R 9 36 54 6 49 1 2 3 0 4 3 0 4 1 1 2 0 2 4 5 1 3 0 3 4 1 0 2 1 0 2 3 3 4 0 1 5 4 0 2 1 0 4 5 2 5 1 3 2 5 4 5 3 1 0 3 5 2 4 | 12 15  0 6 1 0 7 2 1 6 2 1 8 1 2 7 1 2 9 1 2 11 1 3 8 2 3 10 1 4 9 1 4 10 1 4 11 1 5 9 1 5 10 1 5 11 1
R 10 36 54 6 93 3 4 5 0 2 1 1 2 0 0 3 4 1 4 2 5 1 2 1 2 3 0 2 4 2 4 0 2 1 4 5 0 1 1 3 5 0 1 2 4 5 3 3 5 4 1 5 2 3 5 0 0 3 4 | 12 14  0 6 1 0 7 1 0 11 1 1 6 2 1 10 1 2 7 2 2 10 1 3 8 1 3 9 1 3 10 1 4 8 2 4 11 1 5 9 2 5 11 1
R 11 36 54 6 64 3 4 5 0 2 1 1 2 0 3 4 0 1 0 2 2 1 5 1 2 3 0 2 3 2 0 5 5 1 0 0 1 4 1 4 2 0 1 2 4 5 3 4 5 3 1 2 5 3 4 5 3 4 0 | 12 14  0 6 1 0 7 1 0 10 1 1 6 2 1 10 1 2 7 2 2 11 1 3 8 1 3 9 1 3 11 1 4 8 2 4 10 1 5 9 2 5 11 1
R 12 36 54 6 59 3 4 5 0 2 1 1 2 0 1 2 3 0 3 4 4 0 2 1 2 3 0 2 4 4 3 2 2 0 3 5 0 1 0 1 4 0 1 2 4 5 3 3 5 4 0 4 5 1 5 2 1 5 3 | 12 14  0 6 1 0 7 1 0 11 1 1 6 2 1 10 1 2 7 2 2 10 1 3 8 1 3 9 1 3 11 1 4 8 2 4 10 1 5 9 2 5 11 1
R 13 36 54 6 102 3 4 5 0 2 1 1 2 0 1 4 5 3 0 4 0 1 2 1 2 3 0 2 4 0 5 4 2 1 4 5 0 1 1 0 3 0 1 2 4 5 3 3 5 4 2 3 0 1 2 5 3 5 4 | 12 14  0 6 1 0 7 1 0 11 1 1 6 2 1 10 1 2 7 2 2 10 1 3 8 2 3 9 1 4 8 1 4 10 1 4 11 1 5 9 2 5 11 1
R 14 36 54 6 54 3 1 2 0 4 1 0 4 3 0 2 4 1 5 2 1 0 3 0 2 1 3 4 1 1 4 2 3 0 4 5 3 0 0 2 1 4 5 0 3 2 5 2 5 1 3 5 1 0 4 3 2 5 4 | 12 14  0 6 2 0 7 1 1 6 1 1 10 1 1 11 1 2 7 2 2 10 1 3 8 2 3 9 1 4 8 1 4 10 1 4 11 1 5 9 2 5 11 1
R 15 36 54 6 977 3 4 5 0 2 1 1 2 0 3 0 4 5 1 4 0 2 3 1 2 3 0 2 3 4 1 0 0 4 1 5 4 2 3 0 5 0 1 2 4 5 3 4 5 3 5 2 1 2 3 0 5 1 4 | 12 15  0 6 1 0 7 1 0 11 1 1 6 2 1 9 1 2 7 2 2 10 1 3 8 1 3 9 1 3 11 1 4 8 2 4 10 1 5 9 1 5 10 1 5 11 1
R 16 36 54 6 146 1 2 3 0 4 3 0 4 1 1 3 5 0 2 5 1 0 2 3 4 1 0 2 1 5 2 1 0 2 3 4 5 0 0 3 1 0 4 5 2 5 1 3 2 5 0 4 2 3 4 1 5 3 4 | 12 15  0 6 1 0 7 2 1 6 2 1 9 1 2 7 1 2 10 1 2 11 1 3 8 1 3 9 1 3 11 1 4 8 2 4 10 1 5 9 1 5 10 1 5 11 1
R 17 36 54 6 102 3 4 5 0 2 1 1 2 0 0 1 2 3 4 5 3 0 4 1 2 3 0 2 4 5 4 0 3 4 2 5 0 1 0 1 3 0 1 2 4 5 3 3 5 4 3 5 4 1 2 0 1 2 5 | 12 15  0 6 1 0 7 1 0 11 1 1 6 2 1 10 1 2 7 2 2 10 1 3 8 1 3 9 1 3 11 1 4 8 2 4 9 1 5 9 1 5 10 1 5 11 1
R 18 36 54 6 343 3 1 2 0 4 1 0 4 3 2 0 3 1 4 5 1 5 2 0 2 1 3 4 1 5 4 3 1 4 2 5 3 0 2 0 1 4 5 0 3 2 5 2 5 1 1 5 4 0 2 3 0 4 3 | 12 15  0 6 2 0 7 1 1 6 1 1 10 1 1 11 1 2 7 2 2 10 1 3 8 1 3 9 1 3 11 1 4 8 2 4 9 1 5 9 1 5 10 1 5 11 1
R 19 36 54 6 372 3 1 2 0 4 1 0 4 3 2 0 4 3 0 1 2 3 5 0 2 1 3 4 1 1 4 5 3 4 0 2 0 3 3 0 2 4 5 0 3 2 5 2 5 1 3 1 5 2 5 4 0 4 1 | 12 16  0 6 2 0 7 1 1 6 1 1 9 1 1 11 1 2 7 2 2 10 1 3 8 1 3 9 1 3 10 1 4 8 1 4 9 1 4 11 1 5 8 1 5 10 1 5 11 1
R 20 36 54 6 93 3 4 5 0 2 1 1 2 0 0 3 4 1 4 0 3 1 2 1 2 3 0 2 4 2 4 0 3 1 4 5 0 1 1 0 3 0 1 2 4 5 3 3 5 4 1 5 2 3 2 5 5 0 4 | 12 16  0 6 1 0 7 1 0 11 1 1 6 2 1 10 1 2 7 2 2 10 1 3 8 1 3 9 1 3 10 1 4 8 1 4 9 1 4 11 1 5 8 1 5 9 1 5 11 1
R 21 36 54 6 118 3 1 2 0 4 1 0 4 3 0 1 2 3 4 5 1 2 0 0 2 1 3 4 1 2 4 0 1 4 2 5 3 0 0 3 1 4 5 0 3 2 5 2 5 1 3 5 4 1 0 2 5 3 4 | 12 16  0 6 2 0 7 1 1 6 1 1 10 1 1 11 1 2 7 2 2 10 1 3 8 1 3 9 1 3 10 1 4 8 1 4 9 1 4 11 1 5 8 1 5 9 1 5 11 1
R 22 36 54 6 128 3 4 5 0 2 1 0 2 1 3 4 1 0 3 2 1 4 5 1 2 3 1 4 0 5 4 2 0 2 4 3 1 5 0 3 1 0 1 2 4 5 3 3 5 4 2 5 0 1 4 5 0 3 2 | 12 15  0 6 1 0 9 1 0 10 1 1 6 2 1 9 1 2 7 1 2 9 1 2 11 1 3 7 2 3 10 1 4 8 1 4 10 1 4 11 1 5 8 2 5 11 1
R 23 36 54 6 868 3 4 5 0 2 1 0 2 1 3 4 1 2 0 3 4 1 5 1 2 3 1 4 0 5 1 3 0 2 4 1 0 4 3 5 2 0 1 2 4 5 3 3 5 4 2 5 0 4 5 1 0 2 3 | 12 15  0 6 1 0 9 1 0 10 1 1 6 2 1 9 1 2 7 1 2 9 1 2 11 1 3 7 2 3 11 1 4 8 1 4 10 1 4 11 1 5 8 2 5 10 1
R 24 36 54 6 91 3 4 5 0 2 1 0 2 1 4 3 1 1 0 2 3 4 5 1 2 3 1 3 0 5 4 1 0 2 4 5 2 3 0 1 4 0 1 2 4 5 3 4 5 3 2 5 0 3 4 5 0 2 1 | 12 15  0 6 1 0 9 1 0 11 1 1 6 2 1 9 1 2 7 1 2 9 1 2 11 1 3 7 2 3 10 1 4 8 1 4 10 1 4 11 1 5 8 2 5 10 1
R 25 36 54 6 5026 3 1 2 0 4 1 0 4 2 5 2 3 1 4 0 3 0 5 0 2 1 3 2 0 5 0 4 3 4 5 4 3 1 0 2 1 4 5 0 3 2 5 5 1 3 1 4 0 3 2 5 1 2 4 | 12 15  0 6 2 0 9 1 1 6 1 1 10 1 1 11 1 2 7 1 2 9 1 2 11 1 3 7 2 3 10 1 4 8 1 4 9 1 4 10 1 5 8 2 5 11 1
R 26 36 54 6 418 3 4 5 0 2 1 1 0 2 3 4 2 0 2 1 3 1 5 1 2 3 2 4 1 5 1 2 0 2 3 5 4 0 1 0 3 0 1 2 4 5 3 3 4 5 0 5 1 3 5 4 0 4 2 | 12 15  0 6 1 0 9 1 0 11 1 1 6 2 1 10 1 2 7 1 2 9 1 2 11 1 3 7 2 3 10 1 4 8 1 4 9 1 4 11 1 5 8 2 5 10 1
R 27 36 54 6 48 3 1 2 0 4 1 0 4 2 5 2 1 1 3 0 5 2 0 0 2 1 1 2 0 0 2 1 3 4 5 3 4 5 0 2 1 4 5 0 3 2 5 5 1 3 3 4 0 5 2 4 3 4 1 | 12 15  0 6 2 0 9 1 1 6 1 1 10 1 1 11 1 2 7 1 2 9 1 2 11 1 3 7 2 3 10 1 4 8 1 4 9 1 4 11 1 5 8 2 5 10 1
R 28 36 54 6 231 3 4 5 0 2 1 0 1 2 4 2 5 1 2 3 0 4 3 1 2 3 5 2 3 0 2 3 1 0 4 4 5 2 4 0 1 0 1 2 4 5 3 4 5 3 0 1 3 4 0 5 5 1 2 | 12 16  0 6 1 0 8 1 0 9 1 1 6 2 1 10 1 2 7 1 2 9 1 2 11 1 3 7 2 3 9 1 4 8 1 4 10 1 4 11 1 5 8 1 5 10 1 5 11 1
R 29 36 54 6 91 3 4 5 0 2 1 1 0 4 3 4 5 0 1 2 1 2 3 1 2 3 5 4 1 2 0 4 0 1 4 3 0 2 3 1 5 0 1 2 4 5 3 3 5 2 0 2 1 3 5 4 5 4 0 | 12 16  0 6 1 0 8 1 0 9 1 1 6 2 1 9 1 2 7 1 2 10 1 2 11 1 3 7 2 3 10 1 4 8 1 4 9 1 4 11 1 5 8 1 5 10 1 5 11 1
R 30 36 54 6 483 3 4 5 0 2 1 1 0 2 5 4 3 1 2 3 4 1 0 1 2 3 3 2 0 0 2 3 1 0 4 4 5 1 1 5 4 0 1 2 4 5 3 4 5 3 1 0 2 4 5 0 5 2 3 | 12 16  0 6 1 0 8 1 0 9 1 1 6 2 1 10 1 2 7 2 2 9 1 3 7 1 3 10 1 3 11 1 4 8 1 4 9 1 4 11 1 5 8 1 5 10 1 5 11 1
R 31 36 54 6 12810 3 4 5 0 2 1 1 0 3 4 3 5 1 2 3 0 4 2 1 2 3 5 3 1 0 2 3 0 3 4 0 4 2 4 1 5 0 1 2 4 5 3 4 5 2 0 2 1 4 5 0 5 1 3 | 12 16  0 6 1 0 8 1 0 9 1 1 6 2 1 10 1 2 7 1 2 10 1 2 11 1 3 7 2 3 10 1 4 8 1 4 9 1 4 11 1 5 8 1 5 9 1 5 11 1
R 32 36 54 6 1430 3 4 5 0 2 1 0 1 3 2 3 4 1 5 0 4 0 2 1 2 3 4 3 0 0 2 3 4 0 5 5 1 2 0 1 4 0 1 2 4 5 3 2 4 5 1 5 0 4 2 3 5 1 3 | 12 16  0 6 1 0 8 1 0 11 1 1 6 2 1 9 1 2 7 1 2 10 1 2 11 1 3 7 2 3 10 1 4 8 1 4 9 1 4 10 1 5 8 1 5 9 1 5 11 1
R 33 36 54 6 247 3 4 5 0 2 1 4 2 3 1 0 3 1 2 3 0 1 2 1 2 3 3 0 2 0 2 3 2 1 4 4 5 1 1 3 0 0 1 2 4 5 3 1 0 5 4 5 2 4 5 0 5 3 4 | 12 16  0 6 1 0 8 1 0 11 1 1 6 2 1 10 1 2 7 1 2 9 1 2 11 1 3 7 2 3 10 1 4 8 1 4 9 1 4 10 1 5 8 1 5 9 1 5 11 1
R 34 36 54 6 109 3 1 2 0 4 1 1 5 4 0 2 4 0 2 3 3 0 5 0 2 1 4 2 1 3 4 5 5 0 2 3 4 0 0 3 1 4 5 0 3 2 5 0 3 2 3 5 1 1 4 5 2 1 4 | 12 16  0 6 2 0 8 1 1 6 1 1 10 1 1 11 1 2 7 1 2 9 1 2 11 1 3 7 2 3 10 1 4 8 1 4 9 1 4 10 1 5 8 1 5 9 1 5 11 1
R 35 36 54 6 252 3 1 2 0 4 1 5 1 4 2 3 4 0 2 3 3 0 5 0 2 1 3 4 1 3 4 5 5 0 2 3 4 0 2 3 1 4 5 0 3 2 5 0 2 3 5 1 0 1 4 5 2 1 4 | 12 16  0 6 2 0 8 1 1 6 1 1 10 1 1 11 1 2 7 2 2 9 1 3 7 1 3 10 1 3 11 1 4 8 1 4 9 1 4 10 1 5 8 1 5 9 1 5 11 1
R 36 36 54 6 63 3 4 5 0 2 1 3 4 0 2 1 4 1 0 2 0 2 1 1 2 3 0 2 4 1 5 0 2 1 3 0 2 4 1 0 4 0 1 2 4 5 3 1 2 5 5 3 0 3 4 5 4 5 3 | 12 17  0 6 1 0 10 1 0 11 1 1 6 2 1 10 1 2 7 1 2 8 1 2 9 1 3 7 1 3 8 1 3 9 1 4 7 1 4 8 1 4 11 1 5 9 1 5 10 1 5 11 1
R 37 36 54 6 290 3 4 5 0 2 1 1 3 2 4 2 1 0 5 2 0 1 3 1 2 3 0 2 1 0 2 3 4 5 1 3 2 5 0 1 4 0 1 2 4 5 3 5 4 0 3 0 5 4 1 3 5 2 4 | 12 17  0 6 1 0 8 1 0 11 1 1 6 2 1 9 1 2 7 1 2 8 1 2 9 1 3 7 1 3 10 1 3 11 1 4 7 1 4 10 1 4 11 1 5 8 1 5 9 1 5 10 1
R 38 36 54 6 66 3 1 2 0 4 1 3 0 2 5 0 1 1 3 2 4 0 5 0 2 1 1 5 2 0 1 2 3 4 5 4 3 0 0 3 1 4 5 0 3 2 5 4 5 1 3 4 2 0 5 4 3 1 2 | 12 17  0 6 2 0 9 1 1 6 1 1 10 1 1 11 1 2 7 1 2 8 1 2 9 1 3 7 1 3 8 1 3 9 1 4 7 1 4 10 1 4 11 1 5 8 1 5 10 1 5 11 1
R 39 36 54 6 48 3 4 5 0 2 1 0 1 2 2 3 1 0 3 1 4 5 0 1 2 3 4 5 1 3 1 0 0 2 3 0 5 2 0 1 4 0 1 2 4 5 3 3 5 4 0 4 5 2 5 4 2 1 3 | 12 17  0 6 1 0 9 1 0 11 1 1 6 2 1 10 1 2 7 1 2 8 1 2 9 1 3 7 1 3 8 1 3 11 1 4 7 1 4 9 1 4 10 1 5 8 1 5 10 1 5 11 1
R 40 36 54 6 123 3 1 2 0 4 1 3 0 2 1 4 5 0 4 1 2 5 3 0 2 1 2 1 5 4 1 3 3 4 5 3 4 0 2 0 1 4 5 0 3 2 5 4 5 1 0 2 3 3 2 5 0 1 4 | 12 17  0 6 2 0 9 1 1 6 1 1 10 1 1 11 1 2 7 1 2 8 1 2 9 1 3 7 1 3 8 1 3 11 1 4 7 1 4 9 1 4 10 1 5 8 1 5 10 1 5 11 1
R 41 36 54 6 353 3 4 5 0 2 1 3 4 1 2 0 1 3 2 0 0 4 2 1 2 3 1 0 4 0 2 3 2 3 4 0 2 4 1 0 5 0 1 2 4 5 3 2 5 0 3 4 5 5 1 4 1 5 3 | 12 17  0 6 1 0 10 1 0 11 1 1 6 2 1 10 1 2 7 1 2 8 1 2 9 1 3 7 1 3 8 1 3 10 1 4 7 1 4 9 1 4 11 1 5 8 1 5 9 1 5 11 1
R 42 36 54 6 94 3 4 5 0 2 1 0 1 2 1 2 0 3 4 5 1 2 0 1 2 3 2 0 4 0 1 3 2 4 0 1 5 2 0 5 1 0 1 2 4 3 5 5 4 3 5 3 4 1 0 2 5 3 4 | 12 18  0 6 1 0 7 1 0 8 1 1 6 1 1 7 1 1 8 1 2 6 1 2 8 1 2 11 1 3 7 1 3 9 1 3 10 1 4 9 1 4 10 1 4 11 1 5 9 1 5 10 1 5 11 1
R 43 36 54 6 48 3 4 5 0 2 1 0 1 2 1 2 3 0 2 1 3 0 4 1 2 3 2 0 4 0 1 3 4 1 2 3 0 2 0 1 5 0 1 2 4 3 5 5 3 4 5 0 4 4 5 3 5 1 2 | 12 18  0 6 1 0 7 1 0 8 1 1 6 1 1 7 1 1 8 1 2 6 1 2 9 1 2 10 1 3 7 1 3 9 1 3 11 1 4 8 1 4 10 1 4 11 1 5 9 1 5 10 1 5 11 1
R 44 36 54 6 168 3 4 5 0 2 1 0 1 2 1 2 0 2 1 3 4 3 5 1 2 3 2 0 4 1 0 4 3 0 2 5 3 1 5 1 2 0 1 2 4 3 5 5 3 4 5 4 3 5 0 4 1 2 0 | 12 18  0 6 1 0 7 1 0 8 1 1 6 1 1 7 1 1 9 1 2 6 1 2 8 1 2 10 1 3 7 1 3 9 1 3 11 1 4 8 1 4 10 1 4 11 1 5 9 1 5 10 1 5 11 1
R 45 36 54 6 48 3 4 5 0 2 1 0 1 2 1 2 3 3 1 4 0 5 4 1 2 3 2 0 4 0 1 4 3 0 1 4 5 2 5 1 3 0 1 2 4 3 5 5 4 3 5 0 4 5 2 0 3 1 2 | 12 18  0 6 1 0 7 1 0 8 1 1 6 1 1 7 1 1 9 1 2 6 1 2 9 1 2 10 1 3 7 1 3 10 1 3 11 1 4 8 1 4 9 1 4 11 1 5 8 1 5 10 1 5 11 1
R 46 36 54 6 137 3 4 5 0 2 1 0 1 2 1 2 4 1 0 3 5 3 4 1 2 3 2 0 4 3 1 4 4 3 0 5 1 2 0 5 1 0 1 2 4 3 5 5 3 4 5 0 3 5 2 4 0 1 2 | 12 18  0 6 1 0 7 1 0 8 1 1 6 1 1 7 1 1 9 1 2 6 1 2 10 1 2 11 1 3 7 1 3 10 1 3 11 1 4 8 1 4 9 1 4 10 1 5 8 1 5 9 1 5 11 1
R 47 36 54 6 112 3 1 2 1 3 4 0 1 5 0 4 3 2 0 1 0 2 1 2 4 3 4 5 1 3 4 1 1 0 5 0 3 2 5 4 2 4 5 0 0 5 2 2 3 4 2 5 1 3 4 5 3 1 0 | 12 13  0 5 2 0 8 1 1 6 2 1 9 1 2 7 2 2 10 1 3 8 2 3 10 1 4 9 2 4 10 1 5 11 1 6 11 1 7 11 1
R 48 36 54 6 54 3 1 2 5 1 3 2 0 1 0 4 3 0 2 4 0 2 1 0 3 1 5 1 0 3 4 1 4 2 1 2 4 0 0 3 4 4 5 0 2 4 0 3 4 5 2 5 1 3 5 1 3 5 2 | 12 13  0 5 2 0 8 1 1 6 2 1 9 1 2 7 2 2 10 1 3 8 2 3 10 1 4 9 2 4 11 1 5 10 1 6 11 1 7 11 1
R 49 36 54 NOT6 A+B chi=-1 | 12 13  0 5 2 0 8 1 1 6 2 1 9 1 2 7 2 2 10 1 3 8 2 3 10 1 4 9 2 4 11 1 5 11 1 6 11 1 7 10 1
R 50 36 54 6 789 3 1 2 1 3 4 2 1 3 0 4 3 1 2 0 0 2 1 2 4 3 5 3 1 3 4 1 0 2 3 0 1 4 0 4 5 4 5 0 0 5 2 0 4 5 2 5 1 4 5 3 3 1 2 | 12 13  0 5 2 0 8 1 1 6 2 1 10 1 2 7 2 2 10 1 3 8 2 3 9 1 4 9 2 4 10 1 5 11 1 6 11 1 7 11 1
R 51 36 54 NOT6 B chi=7 | 12 13  0 5 2 0 8 1 1 6 2 1 10 1 2 7 2 2 10 1 3 8 2 3 9 1 4 9 2 4 11 1 5 11 1 6 10 1 7 11 1
R 52 36 54 NOT6 B chi=7 | 12 13  0 5 2 0 8 1 1 6 2 1 10 1 2 7 2 2 11 1 3 8 2 3 9 1 4 9 2 4 10 1 5 11 1 6 10 1 7 11 1
R 53 36 54 6 12698 1 2 3 4 1 0 0 4 2 5 3 2 5 1 4 3 4 5 5 0 1 0 2 1 2 3 0 4 1 3 5 4 2 0 5 3 0 4 5 2 3 5 3 5 1 1 4 0 0 2 3 1 2 4 | 12 14  0 5 1 0 7 2 1 6 2 1 8 1 2 7 1 2 9 1 2 11 1 3 8 2 3 10 1 4 9 2 4 10 1 5 10 1 5 11 1 6 11 1
R 54 36 54 6 1333 1 2 3 4 1 2 0 4 1 3 0 5 2 3 4 3 4 5 3 2 1 0 2 1 5 0 4 3 4 0 3 2 0 1 5 3 0 4 5 0 5 3 3 2 5 1 2 4 1 5 0 1 2 4 | 12 14  0 5 1 0 7 2 1 6 2 1 8 1 2 7 1 2 9 2 3 8 2 3 10 1 4 9 1 4 10 1 4 11 1 5 10 1 5 11 1 6 11 1
R 55 36 54 6 743 3 1 2 3 2 0 0 2 3 1 4 3 4 2 5 0 2 1 1 0 2 3 4 5 3 4 2 5 2 1 0 5 4 4 0 1 4 5 0 4 5 1 1 4 5 0 5 2 0 3 1 3 3 2 | 12 14  0 5 2 0 7 1 1 6 2 1 8 1 2 7 1 2 9 1 2 11 1 3 8 2 3 10 1 4 9 2 4 10 1 5 10 1 6 11 1 7 11 1
R 56 36 54 6 145 3 1 2 1 4 0 0 4 3 3 5 4 1 2 0 0 2 1 2 0 1 3 4 1 3 4 1 0 2 3 1 0 4 0 2 5 4 5 0 3 2 5 2 5 1 0 2 1 4 5 3 3 5 4 | 12 14  0 5 2 0 7 1 1 6 1 1 8 2 2 7 2 2 9 1 3 8 1 3 10 1 3 11 1 4 9 2 4 10 1 5 11 1 6 10 1 6 11 1
R 57 36 54 6 53 3 1 2 5 1 3 2 0 3 0 2 4 4 1 0 0 2 1 0 3 1 3 4 5 4 2 1 0 1 2 3 0 4 4 1 0 4 5 0 2 4 0 1 4 5 3 5 1 3 5 2 3 5 2 | 12 14  0 5 2 0 7 1 1 6 2 1 8 1 2 7 1 2 9 1 2 11 1 3 8 2 3 10 1 4 9 2 4 10 1 5 11 1 6 10 1 7 11 1
R 58 36 54 6 663 1 2 3 3 0 5 0 4 2 4 1 2 3 0 1 3 4 5 4 5 0 0 2 1 2 1 0 3 1 4 0 2 4 5 0 3 0 4 5 1 2 4 3 5 1 3 5 0 2 5 4 1 2 3 | 12 15  0 5 1 0 7 2 1 6 2 1 8 1 2 7 1 2 9 1 2 11 1 3 8 2 3 9 1 4 9 1 4 10 1 4 11 1 5 10 1 5 11 1 6 10 1
R 59 36 54 6 60 1 2 3 5 2 3 0 4 1 1 0 4 1 2 3 3 4 5 1 3 2 0 2 1 4 0 3 3 4 0 2 1 4 0 3 1 0 4 5 0 4 1 3 2 5 2 5 3 5 0 4 1 2 5 | 12 15  0 5 1 0 7 2 1 6 2 1 8 1 2 7 1 2 9 1 2 11 1 3 8 2 3 10 1 4 9 1 4 10 1 4 11 1 5 9 1 5 11 1 6 10 1
R 60 36 54 6 1298 3 1 2 4 0 5 0 2 3 1 4 2 0 3 4 0 2 1 2 5 0 3 4 5 1 2 0 4 3 5 1 4 0 1 0 3 4 5 0 1 3 2 1 4 5 3 0 5 1 2 5 3 4 2 | 12 14  0 5 2 0 7 1 1 6 2 1 10 1 2 7 1 2 8 2 3 8 1 3 9 1 3 10 1 4 9 2 4 11 1 5 10 1 6 11 1 7 11 1
R 61 36 54 6 57 1 2 3 4 1 0 0 4 2 5 3 4 0 1 2 3 4 5 2 0 1 0 2 1 4 3 0 2 1 5 3 4 0 0 5 3 0 4 5 3 5 2 3 5 1 1 2 0 3 4 5 1 2 4 | 12 14  0 5 1 0 7 2 1 6 2 1 10 1 2 7 1 2 8 1 2 11 1 3 8 2 3 9 1 4 9 2 4 10 1 5 10 1 5 11 1 6 11 1
R 62 36 54 6 202 3 1 2 4 1 0 0 2 3 1 4 2 5 3 4 0 2 1 2 0 1 3 4 5 1 2 0 4 3 1 5 4 0 5 1 3 4 5 0 3 5 2 1 4 5 3 5 0 0 2 1 3 4 2 | 12 14  0 5 2 0 7 1 1 6 2 1 10 1 2 7 1 2 8 2 3 8 1 3 9 1 3 11 1 4 9 2 4 10 1 5 10 1 6 11 1 7 11 1
R 63 36 54 NOT6 B chi=7 | 12 14  0 5 2 0 7 1 1 6 2 1 10 1 2 7 1 2 8 2 3 8 1 3 9 1 3 11 1 4 9 2 4 10 1 5 11 1 6 10 1 7 11 1
R 64 36 54 NOT6 B chi=7 | 12 14  0 5 2 0 7 1 1 6 2 1 10 1 2 7 2 2 8 1 3 8 1 3 9 1 3 11 1 4 9 2 4 10 1 5 11 1 6 10 1 8 11 1
R 65 36 54 NOT6 B chi=7 | 12 14  0 5 2 0 7 1 1 6 2 1 10 1 2 7 2 2 8 1 3 8 1 3 9 2 4 9 1 4 10 1 4 11 1 5 11 1 6 10 1 8 11 1
R 66 36 54 6 630 3 4 5 5 1 0 1 0 4 5 2 3 4 0 2 1 2 3 2 0 1 4 0 5 3 2 0 4 3 1 0 3 2 1 0 4 0 1 2 3 4 2 2 3 5 1 4 0 5 1 3 4 5 5 | 12 15  0 5 1 0 7 1 0 11 1 1 6 2 1 9 1 2 7 2 2 8 1 3 8 2 3 9 1 4 9 1 4 10 1 4 11 1 5 10 1 5 11 1 6 10 1
R 67 36 54 6 202 1 2 3 4 1 0 0 4 2 5 3 4 2 0 1 3 4 5 2 0 1 0 2 1 4 3 0 5 4 1 0 3 2 5 0 3 0 4 5 3 5 2 3 5 1 1 2 0 3 5 4 1 2 4 | 12 15  0 5 1 0 7 2 1 6 2 1 9 1 2 7 1 2 8 1 2 11 1 3 8 2 3 9 1 4 9 1 4 10 1 4 11 1 5 10 1 5 11 1 6 10 1
R 68 36 54 6 96 3 1 2 2 3 0 0 2 3 4 1 5 4 0 2 0 2 1 4 0 3 3 4 5 5 1 0 2 5 3 0 1 4 4 0 1 4 5 0 1 5 4 1 4 5 2 3 0 1 5 3 3 2 2 | 12 15  0 5 2 0 7 1 1 6 2 1 9 1 2 7 1 2 8 1 2 11 1 3 8 2 3 9 1 4 9 1 4 10 1 4 11 1 5 10 1 6 10 1 7 11 1
R 69 36 54 NOT6 B chi=7 | 12 15  0 5 1 0 7 2 1 6 2 1 10 1 2 7 1 2 8 1 2 11 1 3 8 2 3 9 1 4 9 1 4 10 1 4 11 1 5 9 1 5 11 1 6 10 1
R 70 36 54 NOT6 B chi=7 | 12 15  0 5 1 0 7 2 1 6 2 1 10 1 2 7 1 2 8 2 3 8 1 3 9 1 3 11 1 4 9 1 4 10 1 4 11 1 5 9 1 5 11 1 6 10 1
R 71 36 54 NOT6 B chi=7 | 12 15  0 5 2 0 7 1 1 6 2 1 10 1 2 7 1 2 8 1 2 11 1 3 8 2 3 9 1 4 9 1 4 10 1 4 11 1 5 9 1 6 10 1 7 11 1
R 72 36 54 6 163 1 2 3 4 1 2 0 4 1 3 4 0 2 0 1 3 4 5 0 2 1 0 2 1 1 0 4 3 5 4 3 0 2 1 3 0 0 4 5 3 5 0 3 2 5 2 1 5 3 5 4 1 2 4 | 12 15  0 5 1 0 7 2 1 6 2 1 9 1 2 7 1 2 9 1 2 10 1 3 8 1 3 9 1 3 11 1 4 8 2 4 10 1 5 10 1 5 11 1 6 11 1
R 73 36 54 6 1212 3 4 5 5 3 4 1 2 0 1 0 2 4 2 5 1 2 3 2 4 3 0 2 3 5 2 3 1 0 4 0 1 2 1 0 4 0 1 2 0 1 2 4 5 3 4 5 3 0 1 3 4 5 5 | 12 15  0 5 1 0 7 1 0 11 1 1 6 2 1 9 1 2 7 2 2 9 1 3 8 1 3 9 1 3 11 1 4 8 2 4 10 1 5 10 1 5 11 1 6 10 1
R 74 36 54 6 823 1 2 3 0 2 5 0 4 2 5 0 1 3 1 4 3 4 5 4 5 2 0 2 1 4 1 5 1 0 3 2 3 4 5 0 3 0 4 5 1 3 4 3 5 1 3 2 4 0 2 5 1 2 0 | 12 15  0 5 1 0 7 2 1 6 2 1 9 1 2 7 1 2 9 1 2 11 1 3 8 1 3 9 1 3 11 1 4 8 2 4 10 1 5 10 1 5 11 1 6 10 1
R 75 36 54 6 57 3 4 5 5 1 0 1 2 0 5 2 3 4 0 2 1 2 3 2 0 1 0 2 3 0 3 2 4 5 1 0 3 2 1 0 4 0 1 2 3 4 2 4 5 3 1 4 0 5 1 3 4 5 5 | 12 15  0 5 1 0 7 1 0 11 1 1 6 2 1 9 1 2 7 2 2 9 1 3 8 2 3 9 1 4 8 1 4 10 1 4 11 1 5 10 1 5 11 1 6 10 1
R 76 36 54 6 3404 3 4 5 2 5 4 1 2 0 1 0 2 4 3 5 1 2 3 0 4 5 0 2 3 5 3 2 3 1 4 5 1 0 1 0 4 0 1 2 1 3 0 4 5 3 4 5 3 0 1 2 4 5 2 | 12 15  0 5 1 0 7 1 0 11 1 1 6 2 1 9 1 2 7 2 2 10 1 3 8 1 3 9 1 3 11 1 4 8 2 4 9 1 5 10 1 5 11 1 6 10 1
R 77 36 54 6 94 1 2 3 5 2 1 0 4 1 0 2 3 1 4 5 3 4 5 0 1 2 0 2 1 5 4 2 4 3 1 4 3 0 0 3 1 0 4 5 3 4 0 3 2 5 1 5 4 0 3 2 1 2 5 | 12 15  0 5 1 0 7 2 1 6 2 1 9 1 2 7 1 2 10 1 2 11 1 3 8 1 3 9 1 3 11 1 4 8 2 4 9 1 5 10 1 5 11 1 6 10 1
R 78 36 54 6 65 3 1 2 1 4 0 0 4 3 0 3 4 1 2 5 0 2 1 0 2 1 3 4 1 5 2 0 3 4 1 0 2 4 1 3 0 4 5 0 3 2 5 2 5 1 1 5 2 3 4 0 3 5 4 | 12 15  0 5 2 0 7 1 1 6 1 1 9 1 1 11 1 2 7 2 2 10 1 3 8 1 3 9 1 3 11 1 4 8 2 4 9 1 5 10 1 6 10 1 6 11 1
R 79 36 54 6 49 3 1 2 5 1 0 0 4 3 2 0 4 1 3 2 0 2 1 2 0 1 3 4 1 4 1 5 3 4 0 0 2 4 1 3 0 4 5 0 3 4 2 2 5 1 3 1 5 0 5 4 3 5 2 | 12 15  0 5 2 0 7 1 1 6 2 1 9 1 2 7 2 2 10 1 3 8 1 3 9 1 3 11 1 4 8 1 4 9 1 4 11 1 5 10 1 6 10 1 8 11 1
R 80 36 54 6 69 1 2 3 0 1 2 0 4 1 1 0 2 3 4 2 3 4 5 4 2 1 0 2 1 2 4 1 3 0 2 0 3 5 1 4 3 0 4 5 3 5 4 3 5 2 3 4 5 0 5 1 1 2 0 | 12 15  0 5 1 0 7 2 1 6 2 1 9 1 2 7 1 2 9 1 2 10 1 3 8 1 3 10 1 3 11 1 4 8 2 4 10 1 5 9 1 5 11 1 6 11 1
R 81 36 54 NOT6 B chi=7 | 12 15  0 5 1 0 7 1 0 11 1 1 6 2 1 9 1 2 7 2 2 9 1 3 8 1 3 10 1 3 11 1 4 8 2 4 10 1 5 10 1 5 11 1 6 9 1
R 82 36 54 NOT6 B chi=7 | 12 15  0 5 1 0 7 2 1 6 2 1 9 1 2 7 1 2 9 1 2 11 1 3 8 1 3 10 1 3 11 1 4 8 2 4 10 1 5 10 1 5 11 1 6 9 1
R 83 36 54 NOT6 B chi=7 | 12 15  0 5 2 0 7 1 1 6 2 1 9 1 2 7 1 2 9 1 2 11 1 3 8 1 3 10 1 3 11 1 4 8 2 4 10 1 5 10 1 6 9 1 7 11 1
R 84 36 54 NOT6 A+B chi=-1 | 12 15  0 5 2 0 7 1 1 6 2 1 9 1 2 7 2 2 9 1 3 8 1 3 10 1 3 11 1 4 8 1 4 10 1 4 11 1 5 10 1 6 9 1 8 11 1
R 85 36 54 NOT6 B chi=7 | 12 15  0 5 1 0 7 1 0 11 1 1 6 2 1 9 1 2 7 2 2 10 1 3 8 1 3 9 1 3 11 1 4 8 2 4 10 1 5 10 1 5 11 1 6 9 1
R 86 36 54 NOT6 B chi=7 | 12 15  0 5 1 0 7 2 1 6 2 1 9 1 2 7 1 2 10 1 2 11 1 3 8 1 3 9 1 3 11 1 4 8 2 4 10 1 5 10 1 5 11 1 6 9 1
R 87 36 54 NOT6 B chi=7 | 12 15  0 5 1 0 7 2 1 6 2 1 9 1 2 7 1 2 10 1 2 11 1 3 8 2 3 9 1 4 8 1 4 10 1 4 11 1 5 10 1 5 11 1 6 9 1
R 88 36 54 6 49 3 1 2 0 5 3 0 4 3 3 4 1 0 2 1 0 2 1 2 4 0 3 4 1 0 1 4 2 1 3 2 0 4 0 1 5 4 5 0 1 4 2 2 5 1 2 5 0 3 5 4 3 5 3 | 12 15  0 5 2 0 7 1 1 6 1 1 9 1 1 11 1 2 7 2 2 10 1 3 8 2 3 9 1 4 8 1 4 10 1 4 11 1 5 10 1 6 9 1 6 11 1
R 89 36 54 NOT6 B chi=7 | 12 15  0 5 2 0 7 1 1 6 2 1 9 1 2 7 2 2 10 1 3 8 1 3 9 1 3 11 1 4 8 1 4 10 1 4 11 1 5 10 1 6 9 1 8 11 1
R 90 36 54 6 53 3 4 5 5 0 2 1 0 4 1 3 4 0 1 2 1 2 3 1 2 0 4 0 3 2 1 0 4 3 0 2 1 4 0 1 3 0 1 2 3 4 1 2 5 3 2 5 0 3 5 4 4 5 5 | 12 13  0 5 1 0 7 1 0 11 1 1 6 2 1 9 1 2 7 2 2 8 1 3 9 2 3 10 1 4 10 2 4 11 1 5 8 2 6 11 1
R 91 36 54 6 391 3 4 5 5 4 0 1 0 4 0 1 2 3 2 5 1 2 3 2 0 4 4 0 3 2 1 0 5 2 0 1 3 4 0 1 3 0 1 2 1 3 2 2 5 3 3 5 4 1 4 0 4 5 5 | 12 14  0 5 1 0 7 1 0 11 1 1 6 2 1 10 1 2 7 2 2 8 1 3 9 1 3 10 1 3 11 1 4 9 2 4 10 1 5 8 2 6 11 1
R 92 36 54 NOT6 B chi=7 | 12 14  0 5 1 0 7 1 0 11 1 1 6 2 1 10 1 2 7 2 2 8 1 3 9 1 3 10 1 3 11 1 4 9 2 4 11 1 5 8 2 6 10 1
R 93 36 54 6 81 3 1 2 2 0 1 0 4 3 3 4 5 2 0 1 0 2 1 1 4 0 3 4 1 0 3 1 2 4 0 0 4 5 2 1 3 4 5 0 3 4 5 2 5 1 2 1 0 5 3 4 3 2 5 | 12 16  0 5 2 0 7 1 1 6 1 1 8 1 1 9 1 2 7 2 2 9 1 3 8 1 3 10 1 3 11 1 4 8 1 4 10 1 4 11 1 5 9 1 6 10 1 6 11 1
R 94 36 54 6 331 1 2 3 3 1 4 0 4 1 0 1 2 5 2 3 3 4 5 5 4 1 0 2 1 2 0 4 1 5 2 3 4 0 0 3 1 0 4 5 0 2 5 3 2 5 3 4 5 1 0 4 1 2 3 | 12 16  0 5 1 0 7 2 1 6 2 1 8 1 2 7 1 2 10 1 2 11 1 3 8 1 3 9 1 3 10 1 4 8 1 4 9 1 4 11 1 5 10 1 5 11 1 6 9 1
R 95 36 54 6 1203 1 2 3 3 0 2 0 4 1 4 2 3 3 2 1 3 4 5 4 2 0 0 2 1 3 4 0 3 1 2 2 5 4 0 1 3 0 4 5 1 5 4 3 2 5 1 0 5 5 0 4 1 2 3 | 12 16  0 5 1 0 7 2 1 6 2 1 9 1 2 7 1 2 8 1 2 9 1 3 8 1 3 9 1 3 11 1 4 8 1 4 10 1 4 11 1 5 10 1 5 11 1 6 10 1
R 96 36 54 6 156 1 2 3 4 0 5 0 4 2 1 2 4 3 0 1 3 4 5 1 5 0 0 2 1 3 1 4 2 4 0 0 3 2 5 0 3 0 4 5 2 3 1 3 5 1 0 3 5 2 5 4 1 2 4 | 12 16  0 5 1 0 7 2 1 6 2 1 9 1 2 7 1 2 8 1 2 11 1 3 8 1 3 9 1 3 10 1 4 8 1 4 9 1 4 11 1 5 10 1 5 11 1 6 10 1
R 97 36 54 6 88 3 1 2 2 0 5 0 2 3 1 4 3 4 0 2 0 2 1 3 5 0 3 4 5 2 5 3 4 1 0 0 1 4 4 0 1 4 5 0 1 4 3 1 4 5 0 2 5 1 5 3 3 2 2 | 12 16  0 5 2 0 7 1 1 6 2 1 9 1 2 7 1 2 8 1 2 11 1 3 8 1 3 9 1 3 10 1 4 8 1 4 9 1 4 11 1 5 10 1 6 10 1 7 11 1
R 98 36 54 NOT6 B chi=7 | 12 16  0 5 1 0 7 2 1 6 2 1 10 1 2 7 1 2 8 1 2 9 1 3 8 1 3 9 1 3 11 1 4 8 1 4 9 1 4 11 1 5 10 1 5 11 1 6 10 1
R 99 36 54 6 48 1 2 3 2 0 1 0 4 1 2 4 0 3 1 2 3 4 5 4 1 0 0 2 1 3 4 0 3 2 0 1 4 5 3 1 0 0 4 5 3 5 4 3 2 5 1 3 5 5 0 4 1 2 2 | 12 16  0 5 1 0 7 2 1 6 2 1 9 1 2 7 1 2 8 1 2 9 1 3 8 1 3 10 1 3 11 1 4 8 1 4 10 1 4 11 1 5 9 1 5 11 1 6 10 1
R 100 36 54 6 896 3 1 2 0 3 4 0 2 3 5 2 3 0 1 2 0 2 1 2 4 3 3 4 5 1 2 3 1 0 5 1 2 5 4 0 3 4 5 0 1 5 2 1 5 4 0 4 1 4 3 5 3 0 2 | 12 16  0 5 2 0 7 1 1 6 2 1 9 1 2 7 1 2 8 1 2 9 1 3 8 1 3 10 1 3 11 1 4 8 1 4 10 1 4 11 1 5 9 1 6 10 1 7 11 1
R 101 36 54 NOT6 B chi=7 | 12 16  0 5 1 0 7 1 0 11 1 1 6 2 1 10 1 2 7 2 2 8 1 3 8 1 3 9 1 3 10 1 4 8 1 4 9 1 4 11 1 5 9 1 5 11 1 6 10 1
R 102 36 54 NOT6 B chi=7 | 12 16  0 5 1 0 7 2 1 6 2 1 10 1 2 7 1 2 8 1 2 11 1 3 8 1 3 9 1 3 10 1 4 8 1 4 9 1 4 11 1 5 9 1 5 11 1 6 10 1
R 103 36 54 NOT6 B chi=7 | 12 16  0 5 2 0 7 1 1 6 2 1 9 1 2 7 1 2 8 1 2 9 1 3 8 1 3 10 1 3 11 1 4 8 1 4 10 1 4 11 1 5 10 1 6 9 1 7 11 1
R 104 36 54 NOT6 A+B chi=-1 | 12 14  0 5 2 0 9 1 1 6 2 1 10 1 2 7 1 2 8 1 2 11 1 3 7 1 3 8 2 4 9 2 4 10 1 5 11 1 6 10 1 7 11 1
R 105 36 54 6 518 3 1 2 2 0 4 2 1 3 0 4 5 3 0 5 0 2 1 1 4 0 3 4 1 4 0 2 3 4 5 0 1 5 2 0 3 4 5 0 3 5 1 0 5 4 2 1 3 2 4 1 3 2 5 | 12 15  0 5 2 0 9 1 1 6 2 1 9 1 2 7 1 2 8 1 2 11 1 3 7 1 3 8 2 4 9 1 4 10 1 4 11 1 5 10 1 6 10 1 7 11 1
R 106 36 54 NOT6 A+B chi=-1 | 12 15  0 5 2 0 9 1 1 6 2 1 10 1 2 7 1 2 8 1 2 11 1 3 7 1 3 8 2 4 9 1 4 10 1 4 11 1 5 9 1 6 10 1 7 11 1
R 107 36 54 NOT6 A+B chi=-1 | 12 14  0 5 2 0 10 1 1 6 2 1 10 1 2 7 1 2 8 2 3 7 1 3 9 2 4 8 1 4 9 1 4 11 1 5 10 1 6 11 1 7 11 1
R 108 36 54 6 3466 3 4 5 0 1 4 1 0 2 4 3 2 5 0 4 1 2 3 3 4 1 2 3 0 4 0 1 2 4 5 2 3 5 1 0 4 0 1 2 2 5 3 4 5 3 1 5 0 2 3 1 4 5 0 | 12 15  0 5 1 0 9 1 0 11 1 1 6 2 1 9 1 2 7 1 2 8 1 2 11 1 3 7 2 3 9 1 4 8 2 4 10 1 5 10 1 5 11 1 6 10 1
R 109 36 54 6 77 3 1 2 4 0 2 1 4 0 0 3 1 3 5 4 0 2 1 1 2 0 2 0 1 5 4 1 3 4 5 0 1 5 0 4 2 4 5 0 3 5 1 5 2 3 4 2 5 0 2 1 3 4 3 | 12 15  0 5 2 0 9 1 1 6 2 1 9 1 2 7 1 2 8 2 3 7 1 3 9 1 3 11 1 4 8 1 4 10 1 4 11 1 5 10 1 6 10 1 7 11 1
R 110 36 54 6 186 3 4 5 0 1 2 1 0 2 4 3 2 5 0 4 1 2 3 3 2 1 2 3 1 4 0 2 0 2 5 5 4 3 1 0 4 0 1 2 4 5 3 4 5 3 0 5 1 1 3 2 4 5 0 | 12 15  0 5 1 0 9 1 0 11 1 1 6 2 1 9 1 2 7 1 2 8 1 2 11 1 3 7 2 3 10 1 4 8 2 4 10 1 5 9 1 5 11 1 6 10 1
R 111 36 54 6 379 3 4 5 0 1 2 1 2 5 4 0 2 4 0 3 1 2 3 3 2 1 4 5 2 3 0 2 0 2 5 1 3 4 1 0 4 0 1 2 4 5 3 0 3 4 1 5 3 1 5 2 4 5 0 | 12 15  0 5 1 0 9 1 0 11 1 1 6 2 1 9 1 2 7 2 2 8 1 3 7 1 3 10 1 3 11 1 4 8 2 4 10 1 5 9 1 5 11 1 6 10 1
R 112 36 54 NOT6 A+B chi=-1 | 12 15  0 5 2 0 9 1 1 6 1 1 9 1 1 11 1 2 7 1 2 8 1 2 11 1 3 7 2 3 10 1 4 8 2 4 10 1 5 9 1 6 10 1 6 11 1
R 113 36 54 NOT6 A+B chi=-1 | 12 15  0 5 2 0 9 1 1 6 1 1 9 1 1 11 1 2 7 2 2 8 1 3 7 1 3 10 1 3 11 1 4 8 2 4 10 1 5 9 1 6 10 1 6 11 1
R 114 36 54 NOT6 A+B chi=-1 | 12 15  0 5 2 0 9 1 1 6 2 1 9 1 2 7 1 2 8 2 3 7 1 3 10 1 3 11 1 4 8 1 4 10 1 4 11 1 5 9 1 6 10 1 7 11 1
R 115 36 54 NOT6 B chi=7 | 12 15  0 5 1 0 9 1 0 11 1 1 6 2 1 10 1 2 7 1 2 8 1 2 11 1 3 7 2 3 9 1 4 8 2 4 10 1 5 9 1 5 11 1 6 10 1
R 116 36 54 NOT6 B chi=7 | 12 15  0 5 1 0 9 1 0 11 1 1 6 2 1 10 1 2 7 1 2 8 2 3 7 2 3 9 1 4 8 1 4 10 1 4 11 1 5 9 1 5 11 1 6 10 1
R 117 36 54 NOT6 A+B chi=-1 | 12 15  0 5 2 0 9 1 1 6 2 1 10 1 2 7 1 2 8 2 3 7 1 3 9 1 3 11 1 4 8 1 4 10 1 4 11 1 5 9 1 6 10 1 7 11 1
R 118 36 54 6 206 3 4 5 1 2 3 1 5 2 3 2 0 4 0 1 1 2 3 5 3 2 0 2 1 0 2 3 0 3 4 2 0 5 3 1 4 0 1 2 0 4 5 3 4 0 4 5 1 5 3 2 4 5 1 | 12 16  0 5 1 0 8 1 0 9 1 1 6 2 1 9 1 2 7 1 2 8 1 2 11 1 3 7 2 3 9 1 4 8 1 4 10 1 4 11 1 5 10 1 5 11 1 6 10 1
R 119 36 54 6 1349 3 1 2 1 5 4 0 3 2 4 1 5 0 3 4 0 2 1 3 2 5 5 1 0 3 4 5 2 4 5 0 2 1 0 3 4 4 5 0 0 3 2 4 1 5 2 3 0 2 1 5 3 4 1 | 12 16  0 5 2 0 8 1 1 6 1 1 10 1 1 11 1 2 7 1 2 8 1 2 11 1 3 7 2 3 9 1 4 8 1 4 9 1 4 10 1 5 9 1 6 10 1 6 11 1
R 120 36 54 NOT6 B chi=7 | 12 16  0 5 1 0 8 1 0 9 1 1 6 2 1 9 1 2 7 1 2 8 1 2 11 1 3 7 2 3 10 1 4 8 1 4 10 1 4 11 1 5 10 1 5 11 1 6 9 1
R 121 36 54 NOT6 B chi=7 | 12 16  0 5 1 0 9 1 0 11 1 1 6 2 1 10 1 2 7 1 2 8 1 2 11 1 3 7 2 3 8 1 4 8 1 4 9 1 4 10 1 5 9 1 5 11 1 6 10 1
R 122 36 54 6 67 3 4 5 1 3 0 4 1 2 5 0 1 1 2 4 1 2 3 4 0 3 3 2 1 0 2 5 1 0 5 0 4 2 3 4 1 0 1 2 2 5 4 0 5 3 4 3 2 3 5 0 4 5 1 | 12 16  0 5 1 0 8 1 0 9 1 1 6 2 1 9 1 2 7 2 2 9 1 3 7 1 3 10 1 3 11 1 4 8 1 4 10 1 4 11 1 5 8 1 5 11 1 6 10 1
R 123 36 54 6 88 3 4 5 1 0 2 3 0 1 4 1 5 1 2 4 1 2 3 4 2 0 5 1 2 0 2 5 1 0 3 0 4 3 3 4 1 0 1 2 3 5 4 4 5 2 0 3 2 3 5 0 4 5 1 | 12 16  0 5 1 0 8 1 0 9 1 1 6 2 1 9 1 2 7 1 2 10 1 2 11 1 3 7 2 3 10 1 4 8 1 4 9 1 4 11 1 5 8 1 5 11 1 6 10 1
R 124 36 54 NOT6 B chi=7 | 12 16  0 5 1 0 8 1 0 9 1 1 6 2 1 10 1 2 7 2 2 9 1 3 7 1 3 10 1 3 11 1 4 8 1 4 9 1 4 11 1 5 8 1 5 11 1 6 10 1
R 125 36 54 NOT6 B chi=7 | 12 16  0 5 1 0 8 1 0 9 1 1 6 2 1 9 1 2 7 1 2 10 1 2 11 1 3 7 2 3 10 1 4 8 1 4 10 1 4 11 1 5 8 1 5 11 1 6 9 1
R 126 36 54 NOT6 B chi=7 | 12 16  0 5 2 0 8 1 1 6 2 1 10 1 2 7 1 2 9 1 2 11 1 3 7 1 3 9 1 3 11 1 4 8 1 4 9 1 4 11 1 5 10 1 6 10 1 7 8 1
R 127 36 54 NOT6 B chi=7 | 12 16  0 5 2 0 9 1 1 6 2 1 10 1 2 7 1 2 8 1 2 11 1 3 7 1 3 9 1 3 11 1 4 8 1 4 9 1 4 11 1 5 10 1 6 10 1 7 8 1
R 128 36 54 NOT6 A+B chi=-1 | 12 13  0 5 1 0 7 1 0 11 1 1 6 2 1 8 1 2 8 2 2 9 1 3 9 2 3 10 1 4 10 2 4 11 1 5 7 2 6 11 1
R 129 36 54 NOT6 A+B chi=-1 | 12 14  0 5 1 0 7 1 0 11 1 1 6 2 1 8 1 2 8 2 2 10 1 3 9 1 3 10 1 3 11 1 4 9 2 4 10 1 5 7 2 6 11 1
R 130 36 54 NOT6 A+B chi=-1 | 12 14  0 5 1 0 7 1 0 10 1 1 6 2 1 10 1 2 8 1 2 9 1 2 11 1 3 8 2 3 10 1 4 9 2 4 11 1 5 7 2 6 11 1
R 131 36 54 NOT6 A+B chi=-1 | 12 14  0 5 1 0 7 1 0 11 1 1 6 2 1 10 1 2 8 1 2 9 1 2 11 1 3 8 2 3 10 1 4 9 2 4 10 1 5 7 2 6 11 1
R 132 36 54 NOT6 A+B chi=-1 | 12 14  0 5 1 0 7 1 0 11 1 1 6 2 1 10 1 2 8 1 2 9 1 2 10 1 3 8 2 3 11 1 4 9 2 4 11 1 5 7 2 6 10 1
R 133 36 54 NOT6 A+B chi=-1 | 12 14  0 5 1 0 7 1 0 11 1 1 6 2 1 10 1 2 8 1 2 9 1 2 11 1 3 8 2 3 10 1 4 9 2 4 11 1 5 7 2 6 10 1
R 134 36 54 NOT6 A+B chi=-1 | 12 14  0 5 1 0 7 1 0 11 1 1 6 2 1 10 1 2 8 2 2 9 1 3 8 1 3 10 1 3 11 1 4 9 2 4 11 1 5 7 2 6 10 1
R 135 36 54 NOT6 A+B chi=-1 | 12 15  0 5 1 0 7 1 0 11 1 1 6 2 1 10 1 2 8 1 2 9 1 2 11 1 3 8 2 3 9 1 4 9 1 4 10 1 4 11 1 5 7 2 6 10 1
R 136 36 54 NOT6 A+B chi=-1 | 12 16  0 5 1 0 7 1 0 11 1 1 6 2 1 10 1 2 8 1 2 9 1 2 10 1 3 8 1 3 9 1 3 11 1 4 8 1 4 9 1 4 11 1 5 7 2 6 10 1
R 137 36 54 NOT6 B chi=7 | 12 17  0 5 1 0 8 1 0 10 1 1 6 2 1 10 1 2 7 1 2 8 1 2 9 1 3 7 1 3 8 1 3 11 1 4 7 1 4 9 1 4 11 1 5 9 1 5 11 1 6 10 1
R 138 36 54 NOT6 B chi=7 | 12 17  0 5 1 0 9 1 0 10 1 1 6 2 1 10 1 2 7 1 2 8 1 2 9 1 3 7 1 3 8 1 3 11 1 4 7 1 4 8 1 4 11 1 5 9 1 5 11 1 6 10 1
R 139 36 54 6 48 3 4 5 0 1 3 2 1 4 0 2 3 1 0 4 1 2 3 2 0 5 4 1 0 3 2 1 4 0 3 2 1 0 0 1 4 0 1 2 4 2 5 3 5 0 4 5 1 2 5 3 4 5 3 | 12 14  0 5 1 0 6 1 0 11 1 1 6 1 1 7 1 1 11 1 2 7 2 2 8 1 3 8 2 3 9 1 4 9 2 4 10 1 5 10 2 6 11 1
R 140 36 54 6 1112 3 4 5 0 4 2 1 3 4 0 2 3 1 0 4 1 2 3 2 0 5 3 4 0 3 2 1 4 0 3 2 1 0 0 3 1 0 1 2 3 1 5 2 0 5 4 5 1 2 5 3 4 5 4 | 12 14  0 5 1 0 6 1 0 11 1 1 6 1 1 7 2 2 7 1 2 8 1 2 11 1 3 8 2 3 9 1 4 9 2 4 10 1 5 10 2 6 11 1
R 141 36 54 6 370 3 4 5 1 2 4 3 5 0 2 4 3 1 0 4 1 2 3 0 2 5 3 2 1 4 5 3 4 0 3 2 1 0 0 3 1 0 1 2 3 0 5 4 1 2 0 1 5 2 5 3 4 5 4 | 12 14  0 5 1 0 6 1 0 11 1 1 6 1 1 7 2 2 7 1 2 8 2 3 8 1 3 9 1 3 11 1 4 9 2 4 10 1 5 10 2 6 11 1
R 142 36 54 6 68 3 4 5 1 2 0 3 5 0 2 4 3 1 0 4 1 2 3 0 2 3 1 5 0 2 5 3 4 0 3 2 1 0 0 3 1 0 1 2 4 5 3 2 1 4 0 1 5 2 5 3 4 5 4 | 12 14  0 5 1 0 6 1 0 11 1 1 6 2 1 7 1 2 7 1 2 8 2 3 8 1 3 9 1 3 11 1 4 9 2 4 10 1 5 10 2 7 11 1
R 143 36 54 6 48 3 4 5 0 1 4 3 1 2 0 3 4 1 0 2 1 2 3 2 0 4 2 1 0 4 3 1 2 0 3 1 0 4 0 5 1 0 1 2 5 3 2 4 5 0 2 5 1 4 5 3 5 4 3 | 12 15  0 5 1 0 6 1 0 10 1 1 6 1 1 7 1 1 11 1 2 7 2 2 8 1 3 8 2 3 9 1 4 9 2 4 10 1 5 10 1 5 11 1 6 11 1
R 144 36 54 6 730 3 4 5 1 5 0 2 4 5 3 0 4 1 0 2 1 2 3 0 2 4 3 5 1 0 4 2 2 0 3 1 0 4 1 3 0 0 1 2 3 2 4 0 1 3 5 1 2 4 5 3 5 4 5 | 12 15  0 5 1 0 6 1 0 10 1 1 6 1 1 7 2 2 7 1 2 8 2 3 8 1 3 9 1 3 11 1 4 9 2 4 10 1 5 10 1 5 11 1 6 11 1
R 145 36 54 6 1286 3 4 5 1 2 0 3 5 4 1 2 5 0 4 2 1 2 3 0 4 5 3 2 1 0 5 3 4 2 1 1 0 4 5 3 0 0 1 2 3 4 5 0 1 2 4 0 3 5 3 1 5 4 2 | 12 15  0 5 1 0 6 1 0 10 1 1 6 1 1 7 2 2 7 1 2 8 2 3 8 1 3 9 2 4 9 1 4 10 1 4 11 1 5 10 1 5 11 1 6 11 1
R 146 36 54 6 401 3 4 5 1 2 4 1 5 2 0 3 4 1 0 2 1 2 3 4 2 5 0 1 3 4 3 1 2 0 3 1 0 4 1 0 5 0 1 2 0 3 5 4 0 3 2 5 1 4 5 3 5 4 2 | 12 15  0 5 1 0 6 1 0 10 1 1 6 2 1 7 1 2 7 1 2 8 1 2 11 1 3 8 2 3 9 1 4 9 2 4 10 1 5 10 1 5 11 1 7 11 1
R 147 36 54 6 5628 1 2 3 0 4 1 1 2 3 0 4 5 2 0 1 3 4 5 0 2 1 3 4 0 5 4 2 1 0 4 3 0 2 0 5 3 0 4 5 3 2 5 5 0 4 1 3 2 3 5 4 1 2 1 | 12 15  0 5 1 0 6 2 1 6 1 1 7 1 1 10 1 2 7 1 2 8 1 2 11 1 3 8 2 3 9 1 4 9 2 4 10 1 5 10 1 5 11 1 7 11 1
R 148 36 54 6 48 1 2 3 0 4 1 2 4 1 3 0 4 2 0 1 3 4 5 0 2 1 3 5 1 0 4 2 1 0 4 3 0 2 1 3 0 0 4 5 3 2 5 0 3 5 1 2 5 3 5 4 1 2 4 | 12 15  0 5 1 0 6 2 1 6 1 1 7 1 1 10 1 2 7 1 2 8 2 3 8 1 3 9 1 3 11 1 4 9 2 4 10 1 5 10 1 5 11 1 7 11 1
R 149 36 54 6 173 3 1 2 0 2 3 1 4 5 2 0 4 1 0 3 0 2 1 3 4 5 2 1 3 0 4 1 3 0 2 1 0 5 1 5 0 4 5 0 1 5 4 0 2 3 5 1 3 4 5 2 3 2 4 | 12 15  0 5 2 0 6 1 1 6 1 1 7 1 1 10 1 2 7 1 2 8 2 3 8 1 3 9 1 3 11 1 4 9 2 4 10 1 5 10 1 6 11 1 7 11 1
R 150 36 54 6 101 1 2 3 0 4 1 2 4 5 3 0 4 2 0 1 3 4 5 0 2 1 5 4 0 2 3 5 1 0 4 3 0 2 3 1 0 0 4 5 3 2 5 1 3 0 1 2 5 3 5 4 1 2 4 | 12 15  0 5 1 0 6 2 1 6 1 1 7 1 1 10 1 2 7 2 2 8 1 3 8 1 3 9 1 3 11 1 4 9 2 4 10 1 5 10 1 5 11 1 8 11 1
R 151 36 54 6 20925 3 4 5 1 2 0 3 4 0 5 2 4 0 1 5 1 2 3 0 2 4 1 5 0 4 2 0 5 1 3 2 5 0 0 1 4 0 1 2 3 5 4 2 5 1 1 3 0 2 4 3 4 5 3 | 12 15  0 5 1 0 6 1 0 11 1 1 6 2 1 7 1 2 7 1 2 8 1 2 10 1 3 8 2 3 9 1 4 9 2 4 10 1 5 10 1 5 11 1 7 11 1
R 152 36 54 6 120 1 2 3 0 4 1 2 3 0 4 5 3 0 1 2 3 4 5 0 2 1 3 4 0 3 1 0 2 1 3 4 2 0 0 4 3 0 4 5 3 2 5 1 4 5 2 0 1 4 5 3 1 2 5 | 12 15  0 5 1 0 6 2 1 6 1 1 7 2 2 7 1 2 8 1 2 10 1 3 8 1 3 9 1 3 11 1 4 9 2 4 10 1 5 10 1 5 11 1 8 11 1
R 153 36 54 6 76 1 2 3 0 4 1 2 3 0 3 5 4 1 0 2 3 4 5 0 2 1 3 4 0 1 5 2 0 5 3 4 2 0 1 4 0 0 4 5 3 2 5 1 4 5 0 1 2 4 3 5 1 2 3 | 12 15  0 5 1 0 6 2 1 6 1 1 7 2 2 7 1 2 8 1 2 10 1 3 8 1 3 9 2 4 9 1 4 10 1 4 11 1 5 10 1 5 11 1 8 11 1
R 154 36 54 6 91 3 1 2 0 2 3 1 4 2 3 5 4 0 1 3 0 2 1 3 4 5 1 2 0 4 5 2 1 5 3 1 0 4 0 4 1 4 5 0 1 4 5 3 0 5 1 0 2 4 2 5 3 2 3 | 12 15  0 5 2 0 6 1 1 6 1 1 7 2 2 7 1 2 8 1 2 10 1 3 8 1 3 9 2 4 9 1 4 10 1 4 11 1 5 10 1 6 11 1 8 11 1
R 155 36 54 6 176 3 4 5 0 1 2 3 4 0 1 2 4 5 0 3 1 2 3 2 0 5 4 1 0 2 4 3 3 0 1 5 0 2 0 1 4 0 1 2 4 3 5 2 1 5 0 5 3 2 4 1 4 5 3 | 12 15  0 5 1 0 6 1 0 11 1 1 6 1 1 7 2 2 7 1 2 8 2 3 8 1 3 9 1 3 10 1 4 9 2 4 10 1 5 10 1 5 11 1 6 11 1
R 156 36 54 6 73 1 2 3 0 4 2 1 4 0 2 3 1 5 0 4 3 4 5 0 2 1 3 1 0 2 4 1 4 0 3 5 0 2 0 5 3 0 4 5 3 5 1 2 3 5 0 5 4 1 2 3 1 2 4 | 12 15  0 5 1 0 6 2 1 6 1 1 7 1 1 11 1 2 7 1 2 8 2 3 8 1 3 9 1 3 10 1 4 9 2 4 10 1 5 10 1 5 11 1 7 11 1
R 157 36 54 6 171 3 1 2 0 2 3 2 3 0 1 4 3 5 0 2 0 2 1 3 4 5 1 2 0 5 3 2 2 0 1 5 0 4 0 4 1 4 5 0 1 4 5 5 1 4 0 5 2 3 4 1 3 2 3 | 12 15  0 5 2 0 6 1 1 6 1 1 7 1 1 11 1 2 7 1 2 8 2 3 8 1 3 9 1 3 10 1 4 9 2 4 10 1 5 10 1 6 11 1 7 11 1
R 158 36 54 6 96071 1 2 3 0 4 2 5 4 1 0 3 1 5 2 4 3 4 5 0 2 1 1 4 3 5 0 1 4 2 3 5 2 0 0 5 3 0 4 5 3 5 1 0 2 3 2 5 4 0 1 3 1 2 4 | 12 15  0 5 1 0 6 2 1 6 1 1 7 1 1 11 1 2 7 2 2 8 1 3 8 1 3 9 1 3 10 1 4 9 2 4 10 1 5 10 1 5 11 1 8 11 1
R 159 36 54 6 372 3 1 2 0 2 3 1 4 0 2 3 1 4 5 3 0 2 1 3 4 5 1 2 0 3 4 1 3 0 1 2 4 0 1 4 3 4 5 0 1 4 5 3 2 5 0 4 5 2 1 0 3 2 5 | 12 15  0 5 2 0 6 1 1 6 1 1 7 2 2 7 1 2 8 2 3 8 1 3 9 1 3 10 1 4 9 1 4 10 1 4 11 1 5 10 1 6 11 1 9 11 1
R 160 36 54 6 238 3 1 2 0 2 3 4 2 5 3 2 4 1 0 2 0 2 1 3 4 5 5 2 1 4 3 5 2 0 3 4 0 1 0 1 4 4 5 0 1 4 5 0 3 1 0 1 5 4 5 3 3 2 2 | 12 15  0 5 2 0 6 1 1 6 1 1 7 1 1 10 1 2 7 2 2 8 1 3 8 1 3 9 1 3 11 1 4 9 2 4 10 1 5 11 1 6 10 1 8 11 1
R 161 36 54 6 468 3 4 5 1 2 0 2 3 5 3 0 2 1 2 4 1 2 3 0 2 3 1 4 5 4 2 3 3 0 1 0 2 5 1 3 0 0 1 2 4 5 3 0 4 1 1 5 4 0 5 3 4 5 2 | 12 16  0 5 1 0 6 1 0 9 1 1 6 2 1 7 1 2 7 1 2 9 1 2 10 1 3 8 1 3 9 1 3 11 1 4 8 2 4 10 1 5 10 1 5 11 1 7 11 1
R 162 36 54 6 2001 1 2 3 0 4 1 5 2 0 2 1 5 0 3 4 3 4 5 0 2 1 3 4 0 4 3 2 2 0 1 5 4 0 0 3 1 0 4 5 3 2 5 1 4 3 0 3 4 1 5 2 1 2 5 | 12 16  0 5 1 0 6 2 1 6 1 1 7 1 1 9 1 2 7 1 2 9 1 2 10 1 3 8 1 3 9 1 3 11 1 4 8 2 4 10 1 5 10 1 5 11 1 7 11 1
R 163 36 54 6 2111 1 2 3 0 4 1 2 5 0 0 4 5 3 2 1 3 4 5 0 2 1 3 4 0 2 5 4 3 0 1 2 4 0 0 3 1 0 4 5 3 2 5 1 4 3 1 3 2 0 5 4 1 2 5 | 12 16  0 5 1 0 6 2 1 6 1 1 7 1 1 9 1 2 7 1 2 9 1 2 10 1 3 8 2 3 9 1 4 8 1 4 10 1 4 11 1 5 10 1 5 11 1 7 11 1
R 164 36 54 6 1701 3 1 2 0 2 3 4 2 5 0 2 1 5 3 4 0 2 1 3 4 5 1 2 0 4 3 2 0 4 2 1 4 5 0 3 1 4 5 0 1 4 5 3 1 0 5 3 4 0 1 2 3 2 5 | 12 16  0 5 2 0 6 1 1 6 1 1 7 1 1 9 1 2 7 1 2 9 1 2 10 1 3 8 1 3 9 1 3 11 1 4 8 2 4 10 1 5 10 1 6 11 1 7 11 1
R 165 36 54 6 91 3 1 2 0 2 3 2 4 1 3 4 5 0 2 5 0 2 1 3 4 5 1 2 0 2 5 4 4 1 3 2 0 4 0 3 1 4 5 0 1 4 5 3 0 5 0 1 2 3 1 4 3 2 5 | 12 16  0 5 2 0 6 1 1 6 1 1 7 1 1 9 1 2 7 1 2 9 1 2 10 1 3 8 2 3 9 1 4 8 1 4 10 1 4 11 1 5 10 1 6 11 1 7 11 1
R 166 36 54 6 410 1 2 3 0 4 1 2 4 3 5 0 1 2 5 3 3 4 5 0 2 1 3 4 0 3 2 1 3 0 4 5 2 4 1 0 3 0 4 5 3 2 5 1 5 0 4 2 3 0 1 4 1 2 5 | 12 16  0 5 1 0 6 2 1 6 1 1 7 1 1 9 1 2 7 2 2 10 1 3 8 1 3 9 1 3 10 1 4 8 1 4 9 1 4 11 1 5 10 1 5 11 1 8 11 1
R 167 36 54 6 237 1 2 3 0 4 1 2 4 3 5 3 2 3 0 1 3 4 5 0 2 1 3 4 0 2 0 1 3 0 4 2 5 4 5 1 3 0 4 5 3 2 5 1 5 0 4 1 0 5 2 4 1 2 3 | 12 16  0 5 1 0 6 2 1 6 1 1 7 1 1 9 1 2 7 2 2 10 1 3 8 1 3 9 1 3 11 1 4 8 1 4 9 1 4 11 1 5 10 1 5 11 1 8 10 1
R 168 36 54 6 501 1 2 3 0 4 1 2 3 4 2 4 0 0 1 3 3 4 5 0 2 1 3 4 0 3 0 2 3 1 4 5 2 0 0 1 3 0 4 5 3 2 5 1 0 5 1 5 3 5 2 4 1 2 4 | 12 16  0 5 1 0 6 2 1 6 1 1 7 2 2 7 1 2 9 1 2 11 1 3 8 1 3 9 1 3 10 1 4 8 1 4 9 1 4 10 1 5 10 1 5 11 1 8 11 1
R 169 36 54 6 51 3 1 2 0 2 3 4 2 1 2 3 0 0 3 4 0 2 1 3 4 5 1 2 0 1 0 2 4 3 5 2 4 0 0 4 1 4 5 0 1 4 5 3 5 0 4 1 5 5 2 1 3 2 3 | 12 16  0 5 2 0 6 1 1 6 1 1 7 1 1 11 1 2 7 2 2 9 1 3 8 1 3 9 1 3 10 1 4 8 1 4 9 1 4 10 1 5 10 1 6 11 1 8 11 1
R 170 36 54 6 910 3 4 5 3 0 4 1 0 2 2 1 3 0 4 5 1 2 3 2 0 4 2 0 3 5 4 3 1 0 4 5 1 0 0 2 1 0 1 2 5 1 2 4 5 3 0 4 5 1 2 3 5 4 3 | 12 16  0 5 1 0 6 1 0 9 1 1 6 1 1 7 1 1 10 1 2 7 2 2 9 1 3 8 1 3 10 1 3 11 1 4 8 2 4 10 1 5 9 1 5 11 1 6 11 1
R 171 36 54 6 1469 3 4 5 2 3 4 0 1 2 3 4 5 0 1 5 1 2 3 0 2 4 5 3 2 5 1 4 1 0 4 0 3 2 0 1 5 0 1 2 5 0 1 4 3 5 0 1 2 2 3 4 5 4 3 | 12 16  0 5 1 0 6 1 0 9 1 1 6 1 1 7 2 2 7 1 2 9 1 2 10 1 3 8 1 3 10 1 3 11 1 4 8 2 4 10 1 5 9 1 5 11 1 6 11 1
R 172 36 54 6 1349 3 4 5 1 2 0 0 1 2 1 0 5 3 4 5 1 2 3 0 2 3 5 1 2 5 4 1 1 0 4 0 3 2 1 3 5 0 1 2 4 5 3 4 3 5 3 4 2 0 2 1 5 4 0 | 12 16  0 5 1 0 6 1 0 9 1 1 6 2 1 7 1 2 7 1 2 9 1 2 10 1 3 8 1 3 10 1 3 11 1 4 8 2 4 10 1 5 9 1 5 11 1 7 11 1
R 173 36 54 6 58 3 4 5 3 0 4 1 0 2 4 2 3 5 0 1 1 2 3 4 0 2 2 0 3 1 0 3 1 0 4 2 0 5 1 5 4 0 1 2 5 1 2 4 5 3 5 1 0 2 4 3 5 4 3 | 12 16  0 5 1 0 6 1 0 9 1 1 6 1 1 7 1 1 11 1 2 7 2 2 9 1 3 8 1 3 10 1 3 11 1 4 8 2 4 10 1 5 9 1 5 10 1 6 11 1
R 174 36 54 6 25252 3 4 5 2 3 4 0 1 2 0 3 4 1 4 5 1 2 3 4 2 0 5 3 2 5 4 3 1 0 4 2 1 0 0 4 1 0 1 2 5 0 1 4 3 5 1 5 2 0 2 3 5 4 3 | 12 16  0 5 1 0 6 1 0 9 1 1 6 1 1 7 2 2 7 1 2 9 1 2 11 1 3 8 1 3 10 1 3 11 1 4 8 2 4 10 1 5 9 1 5 10 1 6 11 1
R 175 36 54 6 567 3 4 5 1 2 0 4 3 5 4 1 3 0 2 5 1 2 3 0 2 4 5 3 2 5 2 4 1 5 0 0 3 1 4 0 1 0 1 2 5 4 3 0 1 2 0 5 2 1 3 4 4 5 3 | 12 16  0 5 1 0 6 1 0 10 1 1 6 1 1 7 1 1 9 1 2 7 2 2 9 1 3 8 1 3 10 1 3 11 1 4 8 2 4 10 1 5 9 1 5 11 1 6 11 1
R 176 36 54 6 128 1 2 3 0 4 1 0 2 1 3 0 2 1 4 5 3 4 5 0 2 1 4 5 1 5 4 2 3 0 2 0 3 1 1 4 3 0 4 5 3 2 5 3 4 5 1 4 5 0 3 2 1 2 0 | 12 16  0 5 1 0 6 2 1 6 1 1 7 1 1 9 1 2 7 1 2 9 1 2 10 1 3 8 1 3 10 1 3 11 1 4 8 2 4 10 1 5 9 1 5 11 1 7 11 1
R 177 36 54 6 7652 3 1 2 0 2 3 0 5 3 2 0 1 3 4 5 0 2 1 3 4 5 2 4 3 5 4 2 1 0 5 0 1 3 3 5 1 4 5 0 1 5 4 1 2 4 3 5 4 0 1 2 3 2 0 | 12 16  0 5 2 0 6 1 1 6 1 1 7 1 1 9 1 2 7 1 2 9 1 2 10 1 3 8 1 3 10 1 3 11 1 4 8 2 4 10 1 5 9 1 6 11 1 7 11 1
R 178 36 54 6 16623 3 4 5 1 2 0 4 2 5 4 3 5 0 1 3 1 2 3 0 2 4 5 2 3 2 5 3 1 5 0 0 1 4 4 0 1 0 1 2 5 4 3 0 1 3 0 1 2 4 5 2 4 5 3 | 12 16  0 5 1 0 6 1 0 10 1 1 6 1 1 7 1 1 9 1 2 7 2 2 10 1 3 8 2 3 9 1 4 8 1 4 10 1 4 11 1 5 9 1 5 11 1 6 11 1
R 179 36 54 6 115 1 2 3 0 4 1 2 4 3 0 2 1 1 3 0 3 4 5 0 2 1 3 4 1 4 1 5 3 0 2 0 2 3 1 4 3 0 4 5 3 2 5 0 5 1 3 4 5 2 4 5 1 2 0 | 12 16  0 5 1 0 6 2 1 6 1 1 7 1 1 9 1 2 7 2 2 10 1 3 8 1 3 9 1 3 10 1 4 8 1 4 10 1 4 11 1 5 9 1 5 11 1 8 11 1
R 180 36 54 6 3627 3 4 5 1 5 3 0 2 5 2 5 4 0 1 4 1 2 3 0 2 3 5 2 3 4 1 5 1 0 4 3 0 2 0 4 1 0 1 2 4 0 2 1 4 3 0 1 3 2 3 5 4 5 5 | 12 16  0 5 1 0 6 1 0 9 1 1 6 1 1 7 1 1 11 1 2 7 2 2 9 1 3 8 1 3 10 1 3 11 1 4 8 2 4 10 1 5 10 1 5 11 1 6 9 1
R 181 36 54 6 214 3 1 2 0 2 3 0 4 2 3 0 1 5 4 2 0 2 1 3 4 5 2 5 3 2 4 1 4 0 1 0 4 5 3 1 2 4 5 0 1 4 5 1 3 5 5 2 4 0 3 1 3 2 0 | 12 16  0 5 2 0 6 1 1 6 1 1 7 1 1 9 1 2 7 1 2 9 1 2 11 1 3 8 1 3 10 1 3 11 1 4 8 2 4 10 1 5 10 1 6 9 1 7 11 1
R 182 36 54 6 2287 3 4 5 1 2 5 3 4 0 0 1 5 4 2 5 1 2 3 0 2 3 0 4 2 5 2 3 1 0 4 1 5 0 3 1 4 0 1 2 4 3 0 1 5 2 4 3 2 0 1 3 4 5 5 | 12 16  0 5 1 0 6 1 0 9 1 1 6 1 1 7 1 1 11 1 2 7 2 2 10 1 3 8 1 3 9 1 3 11 1 4 8 2 4 10 1 5 10 1 5 11 1 6 9 1
R 183 36 54 6 307 3 4 5 1 2 0 3 4 5 0 5 2 1 2 4 1 2 3 0 2 3 4 2 1 4 2 3 1 0 4 0 2 5 3 0 1 0 1 2 4 3 5 0 1 2 1 3 4 0 5 3 4 5 5 | 12 16  0 5 1 0 6 1 0 9 1 1 6 1 1 7 2 2 7 1 2 10 1 2 11 1 3 8 1 3 9 1 3 11 1 4 8 2 4 10 1 5 10 1 5 11 1 6 9 1
R 184 36 54 6 673 3 4 5 1 2 4 5 0 3 2 0 1 4 0 2 1 2 3 4 2 5 3 0 2 1 3 2 4 1 5 3 2 0 1 0 4 0 1 2 0 3 5 1 4 2 4 3 5 5 1 3 4 5 0 | 12 16  0 5 1 0 6 1 0 11 1 1 6 2 1 7 1 2 7 2 2 9 1 3 8 1 3 9 1 3 10 1 4 8 1 4 10 1 4 11 1 5 10 1 5 11 1 8 9 1
R 185 36 54 6 290 1 2 3 0 4 1 2 3 4 1 3 0 1 0 2 3 4 5 0 2 1 3 4 0 2 0 3 3 5 4 4 2 0 1 0 3 0 4 5 3 2 5 1 0 5 4 2 5 5 3 4 1 2 1 | 12 16  0 5 1 0 6 2 1 6 1 1 7 2 2 7 1 2 9 1 2 11 1 3 8 1 3 9 1 3 10 1 4 8 1 4 10 1 4 11 1 5 10 1 5 11 1 8 9 1
R 186 36 54 6 366 3 1 2 0 2 3 4 5 2 1 0 3 4 0 2 0 2 1 3 4 5 2 5 3 2 3 5 4 1 2 1 4 0 4 0 1 4 5 0 1 4 5 0 1 3 4 5 2 1 5 3 3 2 0 | 12 16  0 5 2 0 6 1 1 6 1 1 7 1 1 11 1 2 7 2 2 9 1 3 8 1 3 9 1 3 10 1 4 8 1 4 10 1 4 11 1 5 10 1 6 11 1 8 9 1
R 187 36 54 6 10682 1 2 4 0 3 1 5 2 4 0 1 2 3 4 0 3 4 5 0 2 1 4 2 3 2 4 5 4 3 1 5 4 0 3 0 1 0 3 5 4 5 2 0 1 3 3 5 4 1 2 5 1 2 0 | 12 16  0 5 1 0 6 2 1 6 1 1 7 1 1 10 1 2 7 2 2 10 1 3 8 1 3 9 1 3 11 1 4 8 1 4 9 1 4 11 1 5 10 1 5 11 1 8 9 1
R 188 36 54 6 533 1 2 3 0 4 1 2 3 4 3 0 1 5 0 2 3 4 5 0 2 1 3 4 0 1 5 4 4 2 3 3 0 2 5 1 3 0 4 5 3 2 5 1 5 0 2 5 4 3 1 4 1 2 0 | 12 16  0 5 1 0 6 2 1 6 1 1 7 2 2 7 1 2 10 1 2 11 1 3 8 1 3 9 1 3 10 1 4 8 1 4 9 1 4 11 1 5 10 1 5 11 1 8 9 1
R 189 36 54 6 264 3 1 2 0 2 3 4 5 1 5 4 3 1 0 2 0 2 1 3 4 5 1 5 0 3 2 5 0 4 3 2 4 5 4 0 1 4 5 0 1 4 5 2 3 0 0 2 1 4 5 3 3 2 1 | 12 16  0 5 2 0 6 1 1 6 1 1 7 1 1 11 1 2 7 2 2 10 1 3 8 1 3 9 1 3 10 1 4 8 1 4 9 1 4 11 1 5 10 1 6 11 1 8 9 1
R 190 36 54 6 10343 3 4 5 1 2 4 5 0 3 5 1 2 0 4 3 1 2 4 4 2 5 3 0 4 2 1 0 3 4 2 4 0 1 0 1 3 0 1 2 0 3 5 1 2 4 0 3 4 1 2 5 3 5 5 | 12 14  0 5 1 0 6 1 0 11 1 1 6 2 1 7 1 2 7 2 2 8 1 3 9 1 3 10 1 3 11 1 4 9 1 4 10 2 5 8 2 9 11 1
R 191 36 54 6 139 3 4 5 1 2 0 3 4 0 1 4 5 3 2 0 1 2 3 0 2 4 1 5 0 2 4 0 3 1 2 3 0 5 0 1 4 0 1 2 3 5 4 2 1 5 3 0 2 5 4 1 4 5 3 | 12 17  0 5 1 0 6 1 0 11 1 1 6 2 1 7 1 2 7 1 2 8 1 2 9 1 3 8 1 3 9 1 3 10 1 4 8 1 4 9 1 4 10 1 5 10 1 5 11 1 7 11 1
R 192 36 54 6 78 1 2 3 0 4 2 3 4 5 0 4 1 2 0 1 3 4 5 0 2 1 1 3 0 2 4 1 3 0 4 0 5 2 5 0 3 0 4 5 3 5 1 2 0 1 5 2 3 3 5 4 1 2 4 | 12 17  0 5 1 0 6 2 1 6 1 1 7 1 1 11 1 2 7 1 2 8 1 2 9 1 3 8 1 3 9 1 3 10 1 4 8 1 4 9 1 4 11 1 5 10 1 5 11 1 7 10 1
R 193 36 54 6 103 3 4 5 1 2 3 0 1 5 4 2 5 0 4 1 1 2 3 0 2 4 5 2 1 0 1 5 1 4 2 3 0 5 4 0 1 0 1 2 5 4 0 4 3 2 0 3 1 3 5 2 4 5 3 | 12 17  0 5 1 0 6 1 0 8 1 1 6 1 1 8 1 1 9 1 2 7 1 2 9 1 2 11 1 3 7 2 3 10 1 4 8 1 4 9 1 4 10 1 5 10 1 5 11 1 6 11 1
R 194 36 54 6 2029 3 4 5 1 2 3 3 0 5 4 1 5 0 2 4 1 2 3 0 2 4 2 5 0 0 1 5 4 1 3 3 2 5 4 0 1 0 1 2 5 4 0 1 4 2 3 0 2 3 5 1 4 5 3 | 12 17  0 5 1 0 6 1 0 8 1 1 6 1 1 8 1 1 9 1 2 7 2 2 9 1 3 7 1 3 10 1 3 11 1 4 8 1 4 9 1 4 10 1 5 10 1 5 11 1 6 11 1
R 195 36 54 6 6925 3 4 5 1 2 3 0 5 4 1 2 4 0 5 1 1 2 3 0 2 3 4 2 0 0 1 4 1 5 2 3 1 4 3 1 0 0 1 2 4 5 0 1 3 2 3 5 0 3 2 4 4 5 5 | 12 17  0 5 1 0 6 1 0 8 1 1 6 1 1 8 1 1 9 1 2 7 1 2 9 1 2 11 1 3 7 2 3 10 1 4 8 1 4 10 1 4 11 1 5 9 1 5 10 1 6 11 1
R 196 36 54 6 1496 3 4 5 1 2 3 0 1 5 3 4 5 0 2 4 1 2 3 0 2 4 5 4 2 0 3 5 1 5 2 3 1 0 4 0 1 0 1 2 5 4 0 3 4 2 0 1 2 1 3 5 4 5 3 | 12 17  0 5 1 0 6 1 0 8 1 1 6 1 1 8 1 1 9 1 2 7 1 2 10 1 2 11 1 3 7 2 3 10 1 4 8 1 4 9 1 4 10 1 5 9 1 5 11 1 6 11 1
R 197 36 54 6 1496 3 4 5 1 2 3 0 1 5 3 4 5 0 2 5 1 2 3 0 2 3 5 4 2 0 3 4 1 5 2 3 1 0 3 0 1 0 1 2 4 5 0 3 4 2 0 1 2 1 3 4 4 5 5 | 12 17  0 5 1 0 6 1 0 8 1 1 6 1 1 8 1 1 9 1 2 7 1 2 10 1 2 11 1 3 7 2 3 10 1 4 8 1 4 9 1 4 11 1 5 9 1 5 10 1 6 11 1
R 198 36 54 6 420 3 4 5 1 2 5 3 0 1 4 5 1 0 2 4 1 2 3 0 2 3 2 1 0 0 1 4 3 1 4 3 2 5 0 4 1 0 1 2 4 3 0 4 5 2 3 0 2 5 1 3 4 5 5 | 12 17  0 5 1 0 6 1 0 8 1 1 6 1 1 8 1 1 9 1 2 7 2 2 9 1 3 7 1 3 10 1 3 11 1 4 8 1 4 10 1 4 11 1 5 10 1 5 11 1 6 9 1
R 199 36 54 6 107 3 4 5 1 2 5 1 0 4 2 4 5 0 3 1 1 2 3 0 2 3 5 4 1 0 1 4 3 1 4 3 0 2 2 1 0 0 1 2 4 3 0 2 5 3 0 3 1 5 2 4 4 5 5 | 12 17  0 5 1 0 6 1 0 8 1 1 6 1 1 8 1 1 9 1 2 7 1 2 10 1 2 11 1 3 7 2 3 10 1 4 8 1 4 9 1 4 11 1 5 10 1 5 11 1 6 9 1
R 200 36 54 6 48 3 4 5 1 2 0 1 0 2 4 3 2 3 4 0 1 2 3 0 2 4 2 3 0 3 2 0 1 4 5 2 1 0 1 0 4 0 1 2 5 4 3 4 5 3 1 5 0 1 2 5 4 5 3 | 12 17  0 5 1 0 6 1 0 11 1 1 6 1 1 8 1 1 9 1 2 7 1 2 8 1 2 11 1 3 7 2 3 9 1 4 8 1 4 9 1 4 10 1 5 10 1 5 11 1 6 10 1
R 201 36 54 6 103 1 2 3 0 4 2 1 4 2 0 3 4 5 0 1 3 4 5 0 2 1 2 0 1 3 1 4 3 0 2 5 0 4 0 5 3 0 4 5 3 5 1 3 0 5 5 1 2 2 4 3 1 2 4 | 12 17  0 5 1 0 6 2 1 6 1 1 8 1 1 11 1 2 7 1 2 8 1 2 9 1 3 7 1 3 9 1 3 10 1 4 8 1 4 9 1 4 10 1 5 10 1 5 11 1 7 11 1
R 202 36 54 6 163 1 2 3 0 4 2 1 4 5 4 0 3 2 0 1 3 4 5 0 2 1 2 0 1 0 4 5 3 4 1 0 3 2 5 0 3 0 4 5 3 5 1 3 2 0 5 1 2 3 5 4 1 2 4 | 12 17  0 5 1 0 6 2 1 6 1 1 9 1 1 11 1 2 7 1 2 8 1 2 9 1 3 7 1 3 8 1 3 9 1 4 8 1 4 10 1 4 11 1 5 10 1 5 11 1 7 10 1
R 203 36 54 6 70 1 2 3 0 4 1 2 4 1 3 0 4 0 1 2 3 4 5 0 2 1 1 0 2 0 4 2 3 5 1 3 4 0 0 3 1 0 4 5 3 2 5 3 5 0 5 1 2 3 4 5 1 2 4 | 12 17  0 5 1 0 6 2 1 6 1 1 10 1 1 11 1 2 7 1 2 8 1 2 9 1 3 7 1 3 8 1 3 9 1 4 8 1 4 9 1 4 10 1 5 10 1 5 11 1 7 11 1
R 204 36 54 6 1571 3 4 5 0 1 2 0 4 1 2 1 5 3 4 0 1 2 3 2 0 5 5 1 0 1 0 4 0 4 1 3 2 4 2 0 1 0 1 2 4 3 5 2 5 3 3 4 0 2 1 5 5 4 3 | 12 17  0 5 1 0 6 1 0 8 1 1 6 1 1 8 1 1 9 1 2 7 1 2 10 1 2 11 1 3 7 2 3 10 1 4 9 1 4 10 1 4 11 1 5 8 1 5 11 1 6 9 1
R 205 36 54 6 1856 3 4 5 2 1 0 1 3 0 4 0 5 2 4 5 1 2 3 0 2 3 5 0 2 1 0 4 3 2 0 4 3 1 1 4 0 0 1 2 4 3 5 4 5 2 1 3 2 1 0 3 4 5 5 | 12 17  0 5 1 0 6 1 0 8 1 1 6 1 1 8 1 1 9 1 2 7 1 2 10 1 2 11 1 3 7 2 3 10 1 4 9 1 4 10 1 4 11 1 5 9 1 5 11 1 6 8 1
R 206 36 54 6 221 3 4 5 2 1 0 2 1 4 5 0 3 4 0 2 1 2 3 0 2 3 3 0 2 1 0 4 1 0 2 1 4 0 2 4 3 0 1 2 4 3 5 5 3 0 1 4 2 5 3 1 4 5 5 | 12 17  0 5 1 0 6 1 0 8 1 1 6 1 1 8 1 1 11 1 2 7 1 2 9 1 2 11 1 3 7 2 3 10 1 4 9 1 4 10 1 4 11 1 5 9 1 5 10 1 6 8 1
R 207 36 54 6 57 3 4 5 1 2 0 1 0 2 3 4 5 4 2 0 1 2 3 0 2 3 3 2 0 1 0 4 3 2 0 4 1 2 1 0 4 0 1 2 4 5 3 4 5 3 1 0 2 1 5 3 4 5 5 | 12 17  0 5 1 0 6 1 0 8 1 1 6 1 1 9 1 1 10 1 2 7 2 2 8 1 3 7 1 3 10 1 3 11 1 4 9 1 4 10 1 4 11 1 5 9 1 5 11 1 6 8 1
R 208 36 54 6 87 3 4 5 1 2 0 0 1 4 2 3 5 2 0 5 1 2 3 0 2 3 5 3 0 1 0 4 3 2 0 1 4 2 2 0 1 0 1 2 4 5 3 2 5 3 1 4 0 3 1 4 4 5 5 | 12 17  0 5 1 0 6 1 0 8 1 1 6 1 1 9 1 1 10 1 2 7 1 2 10 1 2 11 1 3 7 2 3 10 1 4 8 1 4 9 1 4 11 1 5 9 1 5 11 1 6 8 1
R 209 36 54 6 454 3 4 5 1 0 2 0 2 4 3 0 1 4 0 2 1 2 3 2 0 3 4 3 5 1 4 2 0 1 2 3 2 0 1 0 4 0 1 2 4 5 3 1 5 3 2 4 5 5 1 3 4 5 0 | 12 17  0 5 1 0 6 1 0 11 1 1 6 2 1 8 1 2 7 1 2 8 1 2 9 1 3 7 1 3 9 1 3 10 1 4 9 1 4 10 1 4 11 1 5 10 1 5 11 1 7 8 1
R 210 36 54 6 675 1 2 3 0 4 2 0 3 4 5 0 1 2 0 1 3 4 5 0 2 1 4 5 2 1 4 3 0 1 4 3 2 0 5 0 3 0 4 5 3 5 1 1 2 5 3 2 4 3 5 4 1 2 0 | 12 17  0 5 1 0 6 2 1 6 1 1 8 1 1 11 1 2 7 1 2 8 1 2 9 1 3 7 1 3 9 1 3 10 1 4 9 1 4 10 1 4 11 1 5 10 1 5 11 1 7 8 1
R 211 36 54 6 48 3 4 5 1 2 0 3 5 4 0 1 5 1 0 2 1 2 3 0 2 3 2 1 3 1 4 0 2 0 5 3 1 0 0 1 4 0 1 2 4 5 3 0 2 1 4 2 3 3 4 5 4 5 5 | 12 17  0 5 1 0 6 1 0 11 1 1 6 2 1 8 1 2 7 1 2 8 1 2 9 1 3 7 1 3 10 1 3 11 1 4 9 1 4 10 1 4 11 1 5 9 1 5 10 1 7 8 1
R 212 36 54 6 717 1 2 3 0 4 1 2 5 4 0 5 2 3 0 1 3 4 5 0 2 1 3 1 2 3 4 0 2 0 4 5 1 0 0 3 4 0 4 5 3 2 5 0 1 3 4 3 1 5 4 2 1 2 5 | 12 17  0 5 1 0 6 2 1 6 1 1 8 1 1 11 1 2 7 1 2 8 1 2 9 1 3 7 1 3 10 1 3 11 1 4 9 1 4 10 1 4 11 1 5 9 1 5 10 1 7 8 1
R 213 36 54 6 761 1 2 3 0 4 2 3 1 2 4 0 5 3 0 1 3 4 5 0 2 1 2 0 5 0 4 1 3 1 4 2 4 0 5 0 3 0 4 5 3 5 1 4 5 0 1 2 3 2 5 4 1 2 3 | 12 17  0 5 1 0 6 2 1 6 1 1 9 1 1 11 1 2 7 1 2 8 1 2 9 1 3 7 1 3 8 1 3 10 1 4 9 1 4 10 1 4 11 1 5 10 1 5 11 1 7 8 1
R 214 36 54 6 295 1 2 3 0 4 1 1 0 4 1 2 3 1 3 2 3 4 5 0 2 1 3 4 5 0 3 2 1 2 4 3 4 0 0 3 1 0 4 5 3 2 5 2 5 3 0 4 5 0 5 4 1 2 1 | 12 17  0 5 1 0 6 2 1 6 1 1 10 1 1 11 1 2 7 1 2 8 1 2 9 1 3 7 1 3 8 1 3 9 1 4 9 1 4 10 1 4 11 1 5 10 1 5 11 1 7 8 1
R 215 36 54 6 212 1 2 3 0 4 1 5 2 0 1 3 2 2 4 5 3 4 5 0 2 1 4 3 2 3 4 0 2 0 1 3 4 2 5 1 0 0 4 5 3 2 5 1 4 3 0 5 4 1 3 0 1 2 5 | 12 17  0 5 1 0 6 2 1 6 1 1 8 1 1 9 1 2 7 1 2 9 1 2 11 1 3 7 1 3 10 1 3 11 1 4 8 1 4 9 1 4 10 1 5 10 1 5 11 1 7 8 1
R 216 36 54 6 48 1 2 3 0 4 2 2 3 4 2 0 1 1 5 0 3 4 5 0 2 1 1 5 4 3 1 0 0 3 4 2 0 4 5 0 3 0 4 5 3 5 1 0 1 5 3 5 4 4 2 3 1 2 2 | 12 17  0 5 1 0 6 2 1 6 1 1 8 1 1 11 1 2 7 1 2 9 1 2 10 1 3 7 1 3 9 1 3 11 1 4 8 1 4 9 1 4 10 1 5 10 1 5 11 1 7 8 1
R 217 36 54 6 1176 1 2 3 0 4 2 5 4 2 3 0 1 2 0 1 3 4 5 0 2 1 1 3 4 4 0 5 1 4 0 3 2 0 5 0 3 0 4 5 3 5 1 0 1 3 5 2 4 3 5 4 1 2 2 | 12 17  0 5 1 0 6 2 1 6 1 1 9 1 1 11 1 2 7 1 2 8 1 2 9 1 3 7 1 3 9 1 3 10 1 4 8 1 4 10 1 4 11 1 5 10 1 5 11 1 7 8 1
R 218 36 54 6 48 1 2 3 0 4 2 2 0 1 2 3 4 5 0 1 3 4 5 0 2 1 1 4 5 3 0 1 3 4 0 2 0 4 5 0 3 0 4 5 3 5 1 3 5 4 0 1 5 4 2 3 1 2 2 | 12 17  0 5 1 0 6 2 1 6 1 1 9 1 1 11 1 2 7 1 2 8 1 2 11 1 3 7 1 3 9 1 3 10 1 4 8 1 4 9 1 4 10 1 5 10 1 5 11 1 7 8 1
R 219 36 54 6 112 1 2 3 0 4 1 3 4 1 0 1 2 0 2 3 3 4 5 0 2 1 2 1 4 4 5 3 3 2 1 3 4 0 0 3 1 0 4 5 3 2 5 5 2 0 3 4 5 1 5 4 1 2 0 | 12 17  0 5 1 0 6 2 1 6 1 1 10 1 1 11 1 2 7 1 2 8 1 2 9 1 3 7 1 3 9 1 3 10 1 4 8 1 4 9 1 4 11 1 5 10 1 5 11 1 7 8 1
R 220 36 54 6 78 3 4 5 1 2 3 0 2 1 0 4 5 4 3 1 1 2 3 0 2 4 0 1 5 4 1 2 3 0 1 3 2 5 4 0 1 0 1 2 5 4 0 3 5 4 3 2 1 5 0 2 4 5 3 | 12 18  0 5 1 0 6 1 0 7 1 1 6 1 1 7 1 1 8 1 2 7 1 2 8 1 2 9 1 3 8 1 3 9 1 3 10 1 4 9 1 4 10 1 4 11 1 5 10 1 5 11 1 6 11 1
R 221 36 54 6 265 3 4 5 1 2 0 4 0 3 2 1 3 2 4 0 1 2 3 0 2 4 2 4 5 1 3 0 2 1 0 0 3 4 2 0 1 0 1 2 5 3 4 1 2 5 0 5 4 5 1 3 4 5 3 | 12 18  0 5 1 0 6 1 0 10 1 1 6 1 1 7 1 1 8 1 2 7 1 2 8 1 2 9 1 3 7 1 3 10 1 3 11 1 4 8 1 4 10 1 4 11 1 5 9 1 5 11 1 6 9 1
R 222 36 54 6 144 3 4 5 0 1 2 3 4 0 1 4 5 3 2 0 1 2 3 2 0 5 1 0 4 0 4 1 2 4 0 3 1 2 3 0 5 0 1 2 4 3 5 2 1 5 3 0 2 5 4 1 5 4 3 | 12 18  0 5 1 0 6 1 0 7 1 1 6 1 1 7 1 1 8 1 2 8 1 2 9 1 2 10 1 3 9 1 3 10 1 3 11 1 4 9 1 4 10 1 4 11 1 5 7 1 5 11 1 6 8 1
R 223 36 54 6 152 3 4 5 2 1 0 2 4 0 1 5 2 0 5 3 1 2 3 0 2 3 1 0 4 3 2 0 2 0 1 4 1 5 3 2 0 0 1 2 4 3 5 1 3 5 3 0 4 4 2 1 4 5 5 | 12 18  0 5 1 0 6 1 0 7 1 1 6 1 1 7 1 1 8 1 2 8 1 2 10 1 2 11 1 3 9 1 3 10 1 3 11 1 4 9 1 4 10 1 4 11 1 5 8 1 5 9 1 6 7 1
R 224 36 54 6 64 3 4 5 1 2 5 0 2 4 0 3 5 2 4 1 1 2 3 0 2 3 1 0 4 2 3 1 1 0 2 3 5 4 2 4 0 0 1 2 4 0 3 3 5 1 4 2 1 5 0 3 4 5 5 | 12 18  0 5 1 0 6 1 0 7 1 1 6 1 1 8 1 1 9 1 2 7 1 2 9 1 2 10 1 3 8 1 3 10 1 3 11 1 4 8 1 4 10 1 4 11 1 5 9 1 5 11 1 6 7 1
R 225 36 54 6 10197 3 4 5 5 1 3 0 4 2 1 2 4 3 0 5 1 2 4 2 4 3 4 0 1 4 2 3 5 0 4 1 0 3 0 2 1 0 1 2 0 2 4 1 3 5 0 5 3 1 2 4 5 3 5 | 12 15  0 5 1 0 8 1 0 10 1 1 6 1 1 7 1 1 11 1 2 6 1 2 7 2 3 8 2 3 9 1 4 9 2 4 10 1 5 10 1 5 11 1 6 11 1
R 226 36 54 6 20013 3 4 5 2 3 5 3 4 0 1 2 4 5 0 1 1 2 3 1 0 2 4 3 5 4 2 5 1 0 3 2 0 5 0 1 4 0 1 2 4 0 1 5 1 2 0 3 5 2 4 3 4 5 3 | 12 15  0 5 1 0 8 1 0 11 1 1 6 1 1 7 1 1 10 1 2 6 1 2 7 2 3 8 2 3 9 1 4 9 2 4 10 1 5 10 1 5 11 1 6 11 1
R 227 36 54 6 13189 1 2 3 5 1 0 3 4 2 0 4 2 5 1 4 3 4 5 2 0 1 4 3 5 0 2 1 4 1 3 5 2 0 0 5 3 0 4 5 3 2 4 5 0 1 3 5 1 0 2 3 1 2 4 | 12 15  0 5 1 0 8 2 1 6 1 1 7 1 1 10 1 2 6 1 2 7 2 3 8 1 3 9 1 3 11 1 4 9 2 4 10 1 5 10 1 5 11 1 6 11 1
R 228 36 54 6 91 1 2 3 2 0 1 4 5 3 0 4 1 2 3 4 3 4 5 3 1 0 5 4 2 0 2 1 3 4 0 3 2 0 1 5 3 0 4 5 5 3 4 2 0 1 3 2 5 1 5 0 1 2 4 | 12 15  0 5 1 0 8 2 1 6 1 1 7 1 1 10 1 2 6 1 2 7 2 3 8 1 3 9 2 4 9 1 4 10 1 4 11 1 5 10 1 5 11 1 6 11 1
R 229 36 54 6 74 3 1 2 0 3 4 1 4 5 0 4 3 1 2 0 0 2 1 2 4 0 3 1 0 3 4 1 0 2 4 1 0 5 1 3 2 4 5 0 1 5 2 3 2 0 2 5 1 3 5 4 3 5 4 | 12 15  0 5 2 0 8 1 1 6 1 1 7 1 1 10 1 2 6 1 2 7 1 2 11 1 3 8 2 3 9 1 4 9 2 4 10 1 5 10 1 6 11 1 7 11 1
R 230 36 54 6 21981 3 1 2 5 3 0 3 4 1 0 2 3 4 2 5 0 2 1 1 0 2 4 3 5 3 4 5 5 2 1 4 5 0 4 0 1 4 5 0 4 1 2 5 0 2 1 4 5 0 3 1 3 3 2 | 12 15  0 5 2 0 8 1 1 6 1 1 7 1 1 10 1 2 6 1 2 7 2 3 8 1 3 9 1 3 11 1 4 9 2 4 10 1 5 10 1 6 11 1 8 11 1
R 231 36 54 6 10623 1 2 4 5 1 2 0 4 3 0 3 1 5 2 4 3 4 5 3 4 2 4 0 1 0 2 1 4 2 3 5 4 0 0 3 1 0 3 5 0 3 4 1 2 5 4 5 2 0 1 3 1 2 5 | 12 15  0 5 1 0 8 2 1 6 1 1 7 1 1 11 1 2 6 1 2 7 2 3 8 1 3 9 1 3 10 1 4 9 2 4 10 1 5 10 1 5 11 1 6 11 1
R 232 36 54 6 48 3 1 2 3 2 4 0 1 5 2 0 3 4 1 0 0 2 1 4 1 2 1 0 3 3 4 5 0 1 2 3 0 4 4 1 0 4 5 0 0 5 1 3 2 4 1 4 5 3 5 2 3 5 2 | 12 15  0 5 2 0 8 1 1 6 1 1 7 1 1 10 1 2 6 1 2 7 2 3 8 1 3 9 1 3 11 1 4 9 2 4 10 1 5 11 1 6 10 1 8 11 1
R 233 36 54 6 497 3 1 2 2 0 4 1 3 5 0 3 4 1 0 3 0 2 1 4 3 0 3 1 2 2 1 3 3 4 5 1 0 4 1 2 4 4 5 0 1 5 3 2 0 4 5 1 2 4 2 5 3 5 0 | 12 16  0 5 2 0 9 1 1 6 1 1 7 1 1 11 1 2 6 1 2 7 2 3 8 1 3 9 1 3 10 1 4 8 1 4 9 1 4 10 1 5 10 1 6 11 1 8 11 1
R 234 36 54 NOT6 A+B chi=-1 | 12 16  0 5 2 0 10 1 1 6 1 1 7 1 1 9 1 2 6 1 2 7 1 2 10 1 3 8 1 3 9 1 3 11 1 4 8 2 4 9 1 5 10 1 6 11 1 7 11 1
R 235 36 54 6 10687 3 4 5 2 5 0 3 4 1 0 1 2 4 3 5 1 2 3 1 0 2 4 3 5 5 3 0 1 2 4 0 2 5 0 1 4 0 1 2 4 1 3 5 0 2 4 5 3 1 2 0 4 5 3 | 12 16  0 5 1 0 10 1 0 11 1 1 6 1 1 7 1 1 9 1 2 6 1 2 7 2 3 8 1 3 9 1 3 10 1 4 8 2 4 9 1 5 10 1 5 11 1 6 11 1
R 236 36 54 NOT6 A+B chi=-1 | 12 16  0 5 2 0 10 1 1 6 1 1 7 1 1 9 1 2 6 1 2 7 2 3 8 1 3 9 1 3 10 1 4 8 1 4 9 1 4 11 1 5 10 1 6 11 1 8 11 1
R 237 36 54 6 263 3 4 5 0 1 4 3 5 2 1 0 2 4 2 5 1 2 3 2 3 0 5 3 1 5 2 3 0 2 5 1 0 4 0 2 1 0 1 2 5 2 3 1 0 4 4 3 5 0 1 3 4 5 4 | 12 16  0 5 1 0 9 1 0 10 1 1 6 1 1 7 1 1 11 1 2 6 1 2 7 2 3 8 1 3 9 1 3 10 1 4 8 2 4 10 1 5 9 1 5 11 1 6 11 1
R 238 36 54 6 146 3 4 5 1 3 4 2 5 0 1 0 2 4 2 5 1 2 3 0 2 1 5 2 3 5 2 3 0 2 5 1 0 4 1 0 3 0 1 2 5 0 2 3 1 4 4 3 5 0 1 3 4 5 4 | 12 16  0 5 1 0 9 1 0 10 1 1 6 1 1 7 1 1 11 1 2 6 1 2 7 2 3 8 1 3 9 1 3 11 1 4 8 2 4 10 1 5 9 1 5 10 1 6 11 1
R 239 36 54 6 470 3 1 2 2 0 3 1 4 5 0 3 2 5 1 4 0 2 1 3 4 0 4 1 2 4 1 0 3 4 5 1 5 0 2 1 3 4 5 0 1 5 4 2 0 3 5 1 4 3 2 0 3 5 2 | 12 16  0 5 2 0 9 1 1 6 1 1 7 1 1 11 1 2 6 1 2 7 2 3 8 1 3 9 1 3 10 1 4 8 1 4 10 1 4 11 1 5 10 1 6 11 1 8 9 1
R 240 36 54 NOT6 A+B chi=-1 | 12 16  0 5 2 0 10 1 1 6 1 1 7 1 1 10 1 2 6 1 2 7 2 3 8 1 3 9 1 3 11 1 4 8 1 4 9 1 4 11 1 5 10 1 6 11 1 8 9 1
R 241 36 54 NOT6 A+B chi=-1 | 12 16  0 5 2 0 10 1 1 6 1 1 7 1 1 11 1 2 6 1 2 7 2 3 8 1 3 9 1 3 10 1 4 8 1 4 9 1 4 11 1 5 10 1 6 11 1 8 9 1
R 242 36 54 6 384 3 4 5 0 1 4 3 5 2 2 5 3 1 0 2 1 2 3 2 3 0 5 3 1 0 2 3 0 3 5 1 2 5 0 2 1 0 1 2 5 2 3 1 0 4 4 1 0 5 4 3 4 5 4 | 12 17  0 5 1 0 8 1 0 9 1 1 6 1 1 7 1 1 11 1 2 6 1 2 7 2 3 8 1 3 9 1 3 10 1 4 8 1 4 9 1 4 10 1 5 10 1 5 11 1 6 11 1
R 243 36 54 6 155 3 4 5 5 2 3 0 4 1 1 2 4 0 5 1 1 2 3 1 4 3 4 0 2 0 2 5 0 1 3 3 1 4 0 1 2 0 1 2 0 1 4 2 3 5 3 5 0 4 2 3 4 5 5 | 12 17  0 5 1 0 8 1 0 9 1 1 6 1 1 7 1 1 11 1 2 6 1 2 7 2 3 8 1 3 9 1 3 10 1 4 9 1 4 10 1 4 11 1 5 8 1 5 10 1 6 11 1
R 244 36 54 6 645 3 4 5 5 1 2 0 2 5 3 1 4 1 0 4 1 2 3 3 2 4 4 1 5 1 2 0 4 0 3 2 1 0 0 1 3 0 1 2 0 3 4 1 3 4 0 2 5 2 5 3 4 5 5 | 12 14  0 5 1 0 9 1 0 11 1 1 6 1 1 7 1 1 11 1 2 6 1 2 8 2 3 7 2 3 8 1 4 9 2 4 10 1 5 10 2 6 11 1
R 245 36 54 6 12131 3 4 5 2 5 3 1 4 5 0 1 2 1 0 4 1 2 3 3 4 0 1 5 2 2 4 1 4 0 3 2 1 0 0 1 3 0 1 2 1 0 4 2 0 3 3 5 4 2 5 3 4 5 5 | 12 14  0 5 1 0 9 1 0 11 1 1 6 1 1 7 2 2 6 1 2 8 2 3 7 1 3 8 1 3 11 1 4 9 2 4 10 1 5 10 2 6 11 1
R 246 36 54 6 340 1 2 3 4 1 2 0 2 4 3 1 5 0 4 1 3 4 5 3 2 5 5 1 4 1 2 0 0 2 1 3 0 4 0 3 1 0 4 5 0 3 5 1 3 5 0 2 4 3 2 5 1 2 4 | 12 15  0 5 1 0 9 2 1 6 1 1 7 1 1 10 1 2 6 1 2 8 2 3 7 2 3 8 1 4 9 1 4 10 1 4 11 1 5 10 1 5 11 1 6 11 1
R 247 36 54 6 317 3 1 2 2 0 1 3 5 0 4 5 1 0 4 3 0 2 1 1 4 0 3 5 1 5 4 2 3 4 1 2 4 0 1 2 3 4 5 0 3 4 5 2 1 4 2 0 3 2 5 1 3 5 0 | 12 15  0 5 2 0 9 1 1 6 1 1 7 1 1 10 1 2 6 1 2 8 1 2 11 1 3 7 1 3 8 2 4 9 2 4 10 1 5 10 1 6 11 1 7 11 1
R 248 36 54 6 1102 1 2 3 0 1 2 3 4 2 4 1 5 0 4 1 3 4 5 2 4 1 5 1 3 0 5 2 0 2 1 3 0 4 0 3 1 0 4 5 3 4 5 0 5 1 0 2 3 3 2 5 1 2 4 | 12 15  0 5 1 0 9 2 1 6 1 1 7 1 1 10 1 2 6 2 2 8 1 3 7 2 3 8 1 4 9 1 4 10 1 4 11 1 5 10 1 5 11 1 8 11 1
R 249 36 54 6 427 3 4 5 2 3 4 1 4 2 0 3 5 2 1 0 1 2 3 0 1 2 5 3 2 3 4 1 0 2 5 3 0 1 2 0 3 0 1 2 5 0 1 3 0 5 1 4 2 3 4 5 4 5 4 | 12 16  0 5 1 0 9 1 0 10 1 1 6 1 1 7 1 1 11 1 2 6 1 2 8 2 3 7 2 3 8 1 4 9 1 4 10 1 4 11 1 5 9 1 5 10 1 6 11 1
R 250 36 54 6 1904 3 4 5 4 5 2 1 3 5 0 3 4 2 1 0 1 2 3 0 1 5 3 5 4 2 3 1 0 2 5 3 0 1 2 0 3 0 1 2 3 0 1 2 0 4 2 5 1 3 4 5 4 5 4 | 12 16  0 5 1 0 9 1 0 10 1 1 6 1 1 7 2 2 6 1 2 8 2 3 7 1 3 8 1 3 11 1 4 9 1 4 10 1 4 11 1 5 9 1 5 10 1 6 11 1
R 251 36 54 6 653 3 4 5 2 4 5 0 3 4 1 0 2 1 2 0 1 2 3 5 3 4 0 4 2 0 2 3 1 0 3 1 0 5 4 1 0 0 1 2 0 1 3 1 5 2 5 4 3 4 5 3 4 5 2 | 12 16  0 5 1 0 8 1 0 9 1 1 6 1 1 7 2 2 6 1 2 9 1 2 10 1 3 7 1 3 9 1 3 11 1 4 8 2 4 10 1 5 10 1 5 11 1 6 11 1
R 252 36 54 6 85 1 2 3 0 4 3 4 1 2 5 2 1 0 4 1 3 4 5 3 2 5 1 2 4 0 2 1 1 0 5 3 0 4 0 3 1 0 4 5 1 5 2 0 3 5 0 3 4 3 2 5 1 2 4 | 12 16  0 5 1 0 8 2 1 6 1 1 7 1 1 9 1 2 6 1 2 9 1 2 10 1 3 7 2 3 9 1 4 8 1 4 10 1 4 11 1 5 10 1 5 11 1 6 11 1
R 253 36 54 6 9959 3 4 5 0 3 5 4 1 3 2 1 4 2 3 0 1 2 3 2 5 3 4 1 3 0 2 4 0 3 1 2 0 5 4 0 1 0 1 2 1 4 2 0 5 2 0 5 3 5 4 1 4 5 3 | 12 16  0 5 1 0 8 1 0 9 1 1 6 2 1 7 1 2 6 1 2 9 1 2 11 1 3 7 2 3 10 1 4 8 1 4 9 1 4 10 1 5 10 1 5 11 1 8 11 1
R 254 36 54 6 5424 3 4 5 0 3 5 1 2 4 4 1 3 1 2 0 1 2 3 4 2 0 1 3 0 0 2 4 1 3 5 1 2 5 4 0 1 0 1 2 1 2 4 3 5 0 5 0 2 5 4 3 4 5 3 | 12 16  0 5 1 0 8 1 0 9 1 1 6 1 1 7 2 2 6 2 2 9 1 3 7 1 3 10 1 3 11 1 4 8 1 4 9 1 4 10 1 5 10 1 5 11 1 8 11 1
R 255 36 54 6 395 1 2 3 1 4 2 0 3 1 5 0 4 0 4 2 3 4 5 2 0 1 4 0 3 0 2 1 3 1 4 5 0 2 0 5 3 0 4 5 3 5 0 5 2 4 1 2 3 3 5 1 1 2 4 | 12 16  0 5 1 0 8 2 1 6 1 1 7 1 1 9 1 2 6 1 2 9 1 2 10 1 3 7 2 3 10 1 4 8 1 4 9 1 4 11 1 5 10 1 5 11 1 6 11 1
R 256 36 54 6 100 3 1 2 2 3 1 4 0 2 0 3 5 0 2 3 0 2 1 1 0 2 5 3 2 3 4 5 0 2 1 4 5 0 4 0 1 4 5 0 4 0 5 5 3 1 1 4 2 1 4 5 3 3 2 | 12 16  0 5 2 0 8 1 1 6 1 1 7 1 1 9 1 2 6 1 2 9 1 2 10 1 3 7 2 3 10 1 4 8 1 4 9 1 4 11 1 5 10 1 6 11 1 8 11 1
R 257 36 54 6 57 1 2 3 3 0 4 3 1 2 5 1 2 0 4 2 3 4 5 2 4 0 2 1 4 0 2 1 1 3 4 0 5 2 5 0 3 0 4 5 1 5 2 5 0 4 0 3 4 3 5 1 1 2 3 | 12 16  0 5 1 0 8 2 1 6 1 1 7 1 1 9 1 2 6 1 2 9 1 2 11 1 3 7 2 3 10 1 4 8 1 4 9 1 4 11 1 5 10 1 5 11 1 6 10 1
R 258 36 54 6 159 1 2 3 1 4 0 3 0 1 5 2 4 0 4 2 3 4 5 2 0 1 3 4 1 0 2 1 0 4 3 5 2 0 0 5 3 0 4 5 3 2 5 5 2 4 0 1 3 3 5 1 1 2 4 | 12 16  0 5 1 0 8 2 1 6 1 1 7 2 2 6 1 2 9 1 2 10 1 3 7 1 3 9 1 3 10 1 4 8 1 4 9 1 4 11 1 5 10 1 5 11 1 6 11 1
R 259 36 54 6 4740 3 4 5 0 1 4 2 5 4 5 1 3 0 1 2 1 2 3 4 5 1 3 1 2 2 0 3 1 0 4 0 3 4 0 2 1 0 1 2 2 5 3 0 3 1 0 4 2 4 3 5 5 4 5 | 12 16  0 5 1 0 8 1 0 9 1 1 6 1 1 7 1 1 11 1 2 6 2 2 10 1 3 7 2 3 10 1 4 8 1 4 9 1 4 10 1 5 9 1 5 11 1 8 11 1
R 260 36 54 6 57 3 4 5 0 3 4 5 1 4 1 0 2 0 1 2 1 2 3 1 4 3 2 0 4 2 0 3 1 0 4 1 0 3 0 2 1 0 1 2 2 5 1 0 2 3 3 5 4 4 3 5 5 4 5 | 12 16  0 5 1 0 8 1 0 9 1 1 6 2 1 7 1 2 6 1 2 10 1 2 11 1 3 7 2 3 10 1 4 8 1 4 9 1 4 10 1 5 9 1 5 11 1 8 11 1
R 261 36 54 6 530 3 4 5 0 3 4 1 4 2 5 3 1 0 1 2 1 2 3 2 4 3 1 3 2 2 0 5 1 0 4 0 1 5 0 1 4 0 1 2 1 5 2 0 5 3 0 4 2 4 3 5 5 4 3 | 12 16  0 5 1 0 8 1 0 9 1 1 6 1 1 7 1 1 11 1 2 6 2 2 10 1 3 7 2 3 10 1 4 8 1 4 9 1 4 11 1 5 9 1 5 10 1 8 11 1
R 262 36 54 6 64 3 4 5 1 2 5 0 3 4 0 1 4 0 1 2 1 2 3 0 5 2 4 1 3 2 0 5 1 0 4 2 1 0 0 1 4 0 1 2 3 4 0 1 5 2 2 5 3 4 3 5 5 4 3 | 12 16  0 5 1 0 8 1 0 9 1 1 6 2 1 7 1 2 6 1 2 10 1 2 11 1 3 7 2 3 10 1 4 8 1 4 9 1 4 11 1 5 9 1 5 10 1 8 11 1
R 263 36 54 6 368 1 2 3 3 5 0 1 0 2 2 1 3 0 4 1 3 4 5 2 0 5 4 5 3 0 2 1 3 0 2 1 3 0 0 4 3 0 4 5 4 1 2 3 4 5 0 4 5 3 5 2 1 2 1 | 12 16  0 5 1 0 8 2 1 6 1 1 7 2 2 6 1 2 9 1 2 10 1 3 7 1 3 10 1 3 11 1 4 8 1 4 9 1 4 10 1 5 9 1 5 11 1 6 11 1
R 264 36 54 6 48 3 4 5 5 1 2 4 0 2 0 3 4 1 2 0 1 2 3 0 2 1 4 3 2 0 2 3 3 0 2 1 0 4 1 0 4 0 1 2 3 4 0 5 1 3 1 5 2 4 5 3 4 5 5 | 12 16  0 5 1 0 8 1 0 11 1 1 6 2 1 7 1 2 6 1 2 9 1 2 11 1 3 7 2 3 10 1 4 8 1 4 9 1 4 10 1 5 9 1 5 10 1 8 11 1
R 265 36 54 6 56 3 1 2 2 0 1 3 4 5 0 5 1 0 4 3 0 2 1 1 4 0 3 0 1 3 4 1 2 1 3 2 4 0 0 2 4 4 5 0 3 4 5 2 0 1 2 4 3 2 5 1 3 5 5 | 12 16  0 5 2 0 8 1 1 6 1 1 7 1 1 10 1 2 6 1 2 9 1 2 11 1 3 7 1 3 9 1 3 11 1 4 8 2 4 10 1 5 10 1 6 9 1 7 11 1
R 266 36 54 6 111 1 2 3 0 2 3 0 1 2 5 1 4 0 4 1 3 4 5 4 5 2 4 1 2 0 2 1 5 1 3 3 0 4 0 1 3 0 4 5 1 5 4 3 4 5 0 3 2 3 2 5 1 2 0 | 12 16  0 5 1 0 8 2 1 6 1 1 7 1 1 11 1 2 6 1 2 9 1 2 10 1 3 7 2 3 9 1 4 8 1 4 10 1 4 11 1 5 10 1 5 11 1 6 9 1
R 267 36 54 6 178 3 1 2 1 0 4 0 2 1 0 3 5 0 4 3 0 2 1 4 5 1 2 0 1 3 4 1 2 3 4 0 2 4 3 1 0 4 5 0 2 3 5 3 5 4 4 1 2 2 5 1 3 0 5 | 12 16  0 5 2 0 8 1 1 6 1 1 7 1 1 11 1 2 6 1 2 9 1 2 11 1 3 7 1 3 9 1 3 11 1 4 8 2 4 10 1 5 10 1 6 9 1 7 10 1
R 268 36 54 6 5263 1 2 3 2 3 0 5 1 2 4 1 5 0 4 2 3 4 5 0 5 4 5 1 3 0 2 1 4 1 3 4 2 0 5 0 3 0 4 5 1 4 5 3 0 4 0 2 3 3 5 1 1 2 2 | 12 16  0 5 1 0 8 2 1 6 1 1 7 1 1 10 1 2 6 1 2 9 1 2 11 1 3 7 2 3 10 1 4 8 1 4 9 1 4 11 1 5 10 1 5 11 1 6 9 1
R 269 36 54 6 61 3 4 5 1 0 2 3 4 2 5 0 4 1 0 4 1 2 3 2 3 0 4 0 3 4 0 3 1 4 2 1 0 2 1 0 4 0 1 2 4 5 3 1 0 5 1 2 3 2 5 3 4 5 5 | 12 16  0 5 1 0 8 1 0 11 1 1 6 1 1 7 1 1 11 1 2 6 1 2 9 1 2 10 1 3 7 2 3 10 1 4 8 2 4 9 1 5 10 1 5 11 1 6 9 1
R 270 36 54 6 4332 1 2 3 0 1 2 5 3 1 5 1 4 0 4 2 3 4 5 2 5 0 4 1 3 0 2 1 3 2 4 5 4 0 5 0 3 0 4 5 3 5 4 4 0 2 0 2 3 3 5 1 1 2 1 | 12 16  0 5 1 0 8 2 1 6 1 1 7 1 1 11 1 2 6 1 2 9 1 2 10 1 3 7 2 3 10 1 4 8 1 4 9 1 4 11 1 5 10 1 5 11 1 6 9 1
R 271 36 54 6 455 1 2 3 2 4 0 5 0 1 3 1 2 0 4 2 3 4 5 1 3 2 5 4 2 0 2 1 3 4 1 4 2 0 5 0 3 0 4 5 5 1 3 4 2 3 0 5 4 3 5 1 1 2 0 | 12 16  0 5 1 0 8 2 1 6 1 1 7 2 2 6 1 2 9 1 2 10 1 3 7 1 3 10 1 3 11 1 4 8 1 4 9 1 4 11 1 5 10 1 5 11 1 6 9 1
R 272 36 54 6 104 3 1 2 1 0 2 4 5 2 5 3 4 0 2 3 0 2 1 2 3 1 4 3 2 3 4 5 1 0 2 0 4 5 4 1 0 4 5 0 4 5 3 0 3 1 0 1 2 1 4 5 3 5 2 | 12 16  0 5 2 0 8 1 1 6 1 1 7 1 1 11 1 2 6 1 2 9 1 2 10 1 3 7 2 3 10 1 4 8 1 4 9 1 4 11 1 5 10 1 6 9 1 8 11 1
R 273 36 54 6 61 3 1 2 2 3 1 4 0 3 4 0 2 0 2 3 0 2 1 1 4 2 0 3 2 3 4 5 2 0 5 1 4 0 4 1 0 4 5 0 0 4 5 5 1 2 1 5 3 1 4 5 3 3 2 | 12 16  0 5 2 0 8 1 1 6 1 1 7 2 2 6 1 2 9 1 2 10 1 3 7 1 3 10 1 3 11 1 4 8 1 4 9 1 4 11 1 5 10 1 6 9 1 8 11 1
R 274 36 54 6 48 1 2 3 3 0 4 0 1 2 2 0 1 0 4 1 3 4 5 4 2 5 1 0 4 0 2 1 3 1 4 3 2 0 3 1 0 0 4 5 1 2 5 3 5 4 3 5 4 3 2 5 1 2 0 | 12 16  0 5 1 0 8 2 1 6 1 1 7 1 1 11 1 2 6 1 2 9 1 2 11 1 3 7 2 3 10 1 4 8 1 4 9 1 4 10 1 5 10 1 5 11 1 6 9 1
R 275 36 54 6 150 3 1 2 1 3 2 4 2 5 0 3 4 0 2 3 0 2 1 0 2 5 4 3 2 3 4 5 2 1 4 1 0 5 4 0 1 4 5 0 4 0 5 1 0 3 1 5 2 1 5 4 3 3 2 | 12 16  0 5 2 0 8 1 1 6 1 1 7 1 1 11 1 2 6 1 2 9 1 2 11 1 3 7 2 3 10 1 4 8 1 4 9 1 4 10 1 5 10 1 6 9 1 8 11 1
R 276 36 54 6 3861 3 1 2 2 5 1 0 1 5 3 0 4 0 2 3 0 2 1 3 1 5 4 5 2 3 4 5 1 2 4 1 0 5 3 0 1 4 5 0 4 0 3 2 3 4 1 2 5 1 5 4 3 0 2 | 12 16  0 5 2 0 8 1 1 6 1 1 7 2 2 6 1 2 9 1 2 11 1 3 7 1 3 10 1 3 11 1 4 8 1 4 9 1 4 10 1 5 10 1 6 9 1 8 11 1
R 277 36 54 6 307 3 4 5 3 4 0 1 0 2 2 5 4 1 5 0 1 2 3 2 0 3 1 4 3 0 2 3 1 0 4 5 0 2 1 0 4 0 1 2 1 2 5 4 5 3 0 1 3 4 3 2 4 5 5 | 12 16  0 5 1 0 8 1 0 9 1 1 6 1 1 7 2 2 6 2 2 9 1 3 7 1 3 10 1 3 11 1 4 8 1 4 10 1 4 11 1 5 10 1 5 11 1 8 9 1
R 278 36 54 NOT6 A+B chi=-1 | 12 16  0 5 2 0 10 1 1 6 1 1 7 1 1 9 1 2 6 1 2 8 2 3 7 1 3 9 1 3 10 1 4 8 1 4 9 1 4 11 1 5 10 1 6 11 1 7 11 1
R 279 36 54 NOT6 A+B chi=-1 | 12 16  0 5 2 0 10 1 1 6 1 1 7 1 1 9 1 2 6 2 2 8 1 3 7 1 3 9 1 3 10 1 4 8 1 4 9 1 4 11 1 5 10 1 7 11 1 8 11 1
R 280 36 54 6 21997 3 4 5 1 2 3 3 5 4 0 4 5 0 1 2 1 2 3 4 0 2 5 4 2 1 5 3 0 1 3 0 2 5 0 1 4 0 1 2 5 0 4 1 0 2 1 3 2 4 5 3 4 5 3 | 12 16  0 5 1 0 10 1 0 11 1 1 6 1 1 7 1 1 9 1 2 6 1 2 8 2 3 7 2 3 9 1 4 8 1 4 9 1 4 10 1 5 10 1 5 11 1 6 11 1
R 281 36 54 NOT6 A+B chi=-1 | 12 16  0 5 2 0 10 1 1 6 1 1 7 1 1 9 1 2 6 2 2 8 1 3 7 1 3 9 1 3 11 1 4 8 1 4 9 1 4 10 1 5 10 1 7 11 1 8 11 1
R 282 36 54 6 372 3 4 5 2 5 4 3 2 4 1 0 2 0 1 2 1 2 3 4 0 1 3 5 2 2 1 4 0 2 5 1 0 3 0 3 4 0 1 2 3 0 1 5 0 1 4 3 5 3 5 4 4 5 2 | 12 16  0 5 1 0 9 1 0 10 1 1 6 1 1 7 2 2 6 1 2 8 1 2 11 1 3 7 1 3 9 1 3 10 1 4 8 2 4 10 1 5 9 1 5 11 1 6 11 1
R 283 36 54 6 5449 3 4 5 1 2 5 0 4 3 1 0 2 1 5 2 1 2 3 0 5 2 3 1 5 1 4 0 0 2 5 1 0 3 1 3 4 0 1 2 3 4 0 1 2 5 4 3 5 3 4 0 4 5 2 | 12 16  0 5 1 0 9 1 0 10 1 1 6 2 1 7 1 2 6 1 2 8 2 3 7 1 3 9 1 3 10 1 4 8 1 4 10 1 4 11 1 5 9 1 5 11 1 7 11 1
R 284 36 54 6 447 3 4 5 3 1 4 1 2 5 0 1 2 4 0 2 1 2 3 4 5 3 2 1 3 2 0 3 0 2 5 1 0 4 0 2 4 0 1 2 2 0 5 0 4 3 4 5 3 1 5 3 4 5 1 | 12 16  0 5 1 0 9 1 0 10 1 1 6 1 1 7 1 1 11 1 2 6 1 2 8 1 2 11 1 3 7 2 3 9 1 4 8 2 4 10 1 5 9 1 5 10 1 6 11 1
R 285 36 54 6 661 3 4 5 2 5 4 3 2 4 1 0 2 1 0 2 1 2 3 4 0 1 3 5 2 2 0 3 0 2 5 1 0 4 1 3 4 0 1 2 3 0 1 5 1 0 4 3 5 4 5 3 4 5 2 | 12 16  0 5 1 0 9 1 0 10 1 1 6 1 1 7 2 2 6 1 2 8 1 2 11 1 3 7 1 3 9 1 3 11 1 4 8 2 4 10 1 5 9 1 5 10 1 6 11 1
R 286 36 54 6 227 3 4 5 2 3 4 1 2 5 1 0 2 0 4 2 1 2 3 0 1 3 5 3 2 4 2 1 0 2 5 1 0 4 3 4 0 0 1 2 5 0 1 4 0 3 4 3 5 5 3 1 4 5 2 | 12 16  0 5 1 0 9 1 0 10 1 1 6 1 1 7 2 2 6 1 2 8 2 3 7 1 3 9 1 3 11 1 4 8 1 4 10 1 4 11 1 5 9 1 5 10 1 6 11 1
R 287 36 54 6 450 3 4 5 0 5 4 2 3 4 1 0 2 1 0 2 1 2 3 4 3 1 2 3 5 2 0 3 0 2 5 1 0 4 1 2 4 0 1 2 2 1 3 0 5 1 4 3 5 4 5 3 4 5 0 | 12 16  0 5 1 0 9 1 0 10 1 1 6 1 1 7 1 1 11 1 2 6 2 2 8 1 3 7 1 3 9 1 3 11 1 4 8 2 4 10 1 5 9 1 5 10 1 7 11 1
R 288 36 54 6 1283 3 4 5 4 2 5 1 3 5 1 0 2 0 4 2 1 2 3 0 5 2 3 1 5 4 3 1 0 2 5 1 0 4 3 4 0 0 1 2 1 3 0 4 0 2 4 3 5 5 3 1 4 5 2 | 12 16  0 5 1 0 9 1 0 10 1 1 6 2 1 7 1 2 6 1 2 8 2 3 7 1 3 9 1 3 11 1 4 8 1 4 10 1 4 11 1 5 9 1 5 10 1 7 11 1
R 289 36 54 6 191 3 4 5 0 4 5 3 2 5 2 1 3 1 0 2 1 2 3 1 2 4 3 1 4 0 2 3 2 3 0 0 2 5 3 0 1 0 1 2 3 2 1 0 1 4 0 5 4 5 3 4 4 5 5 | 12 16  0 5 1 0 10 1 0 11 1 1 6 1 1 7 1 1 9 1 2 6 1 2 8 2 3 7 2 3 9 1 4 8 1 4 10 1 4 11 1 5 10 1 5 11 1 6 9 1
R 290 36 54 NOT6 A+B chi=-1 | 12 16  0 5 2 0 10 1 1 6 1 1 7 1 1 9 1 2 6 1 2 8 2 3 7 1 3 9 1 3 11 1 4 8 1 4 10 1 4 11 1 5 10 1 6 9 1 7 11 1
R 291 36 54 6 1843 3 4 5 0 1 2 3 5 4 5 3 4 1 0 2 1 2 3 2 5 0 4 3 2 1 5 3 0 1 4 0 2 5 1 0 4 0 1 2 4 5 3 1 0 2 0 1 2 4 5 3 4 5 3 | 12 16  0 5 1 0 10 1 0 11 1 1 6 1 1 7 1 1 10 1 2 6 1 2 8 2 3 7 2 3 9 1 4 8 1 4 9 1 4 11 1 5 10 1 5 11 1 6 9 1
R 292 36 54 6 115 3 1 2 3 0 2 4 5 2 0 2 1 3 0 4 0 2 1 1 5 3 4 0 1 0 5 4 3 4 5 2 4 0 3 0 1 4 5 0 4 5 1 0 1 3 3 5 4 2 1 5 3 2 2 | 12 16  0 5 2 0 9 1 1 6 1 1 7 1 1 9 1 2 6 1 2 8 2 3 7 1 3 10 1 3 11 1 4 8 1 4 10 1 4 11 1 5 10 1 6 11 1 7 9 1
R 293 36 54 6 92 3 1 2 1 0 2 1 4 5 0 3 2 0 3 4 0 2 1 5 2 0 4 0 1 4 3 2 3 4 5 1 4 0 0 3 5 4 5 0 4 3 5 3 0 2 5 1 4 1 5 2 3 1 2 | 12 16  0 5 2 0 9 1 1 6 1 1 7 1 1 10 1 2 6 1 2 8 1 2 11 1 3 7 1 3 9 1 3 11 1 4 8 2 4 10 1 5 10 1 6 11 1 7 9 1
R 294 36 54 6 222 3 4 5 1 0 2 4 3 2 2 5 0 0 1 4 1 2 3 2 3 0 0 3 1 4 1 5 4 0 5 3 2 0 1 0 4 0 1 2 4 5 3 1 5 0 4 3 1 2 3 5 4 5 2 | 12 16  0 5 1 0 9 1 0 11 1 1 6 1 1 7 1 1 11 1 2 6 2 2 8 1 3 7 1 3 9 1 3 10 1 4 8 2 4 10 1 5 10 1 5 11 1 7 9 1
R 295 36 54 6 48 3 4 5 0 3 4 1 2 5 2 0 1 4 0 2 1 2 3 2 4 3 1 0 4 0 2 1 0 2 3 3 2 0 1 0 4 0 1 2 1 5 2 0 3 4 3 4 5 5 1 3 4 5 5 | 12 16  0 5 1 0 9 1 0 11 1 1 6 2 1 7 1 2 6 1 2 8 2 3 7 1 3 9 1 3 10 1 4 8 1 4 10 1 4 11 1 5 10 1 5 11 1 7 9 1
R 296 36 54 6 55 3 1 2 1 0 2 2 5 4 0 3 2 1 0 3 0 2 1 3 5 1 4 0 1 3 0 2 3 4 5 1 0 5 1 4 0 4 5 0 4 3 5 0 1 3 5 1 4 4 5 2 3 2 2 | 12 16  0 5 2 0 9 1 1 6 1 1 7 1 1 11 1 2 6 1 2 8 1 2 11 1 3 7 1 3 9 1 3 10 1 4 8 2 4 10 1 5 10 1 6 11 1 7 9 1
R 297 36 54 6 141 3 1 2 1 0 2 2 4 1 0 3 2 0 5 3 0 2 1 3 5 1 4 0 1 0 4 2 3 4 5 1 0 5 1 3 0 4 5 0 4 3 5 0 3 5 5 1 4 1 2 4 3 2 2 | 12 16  0 5 2 0 9 1 1 6 1 1 7 1 1 11 1 2 6 1 2 8 2 3 7 1 3 9 1 3 10 1 4 8 1 4 10 1 4 11 1 5 10 1 6 11 1 7 9 1
R 298 36 54 6 879 3 1 2 1 0 2 4 2 3 0 3 2 0 5 4 0 2 1 3 2 0 4 0 1 4 5 3 3 4 5 1 0 5 1 4 0 4 5 0 4 3 5 1 5 0 5 1 4 1 2 3 3 2 2 | 12 16  0 5 2 0 9 1 1 6 1 1 7 1 1 11 1 2 6 2 2 8 1 3 7 1 3 9 1 3 10 1 4 8 1 4 10 1 4 11 1 5 10 1 7 9 1 8 11 1
R 299 36 54 6 2056 3 1 2 1 4 2 1 5 4 0 3 2 3 0 1 0 2 1 0 3 4 4 0 1 2 5 1 3 4 5 4 2 0 1 3 5 4 5 0 5 3 0 2 0 3 5 1 4 4 5 2 3 1 2 | 12 16  0 5 2 0 9 1 1 6 1 1 7 1 1 11 1 2 6 1 2 8 2 3 7 1 3 9 1 3 11 1 4 8 1 4 10 1 4 11 1 5 10 1 6 10 1 7 9 1
R 300 36 54 NOT6 A+B chi=-1 | 12 16  0 5 2 0 10 1 1 6 1 1 7 1 1 9 1 2 6 1 2 8 2 3 7 1 3 10 1 3 11 1 4 8 1 4 9 1 4 11 1 5 10 1 6 11 1 7 9 1
R 301 36 54 NOT6 A+B chi=-1 | 12 16  0 5 2 0 10 1 1 6 1 1 7 1 1 10 1 2 6 1 2 8 1 2 11 1 3 7 1 3 9 1 3 11 1 4 8 2 4 9 1 5 10 1 6 11 1 7 9 1
R 302 36 54 NOT6 A+B chi=-1 | 12 16  0 5 2 0 10 1 1 6 1 1 7 1 1 10 1 2 6 1 2 8 2 3 7 1 3 9 1 3 11 1 4 8 1 4 9 1 4 11 1 5 10 1 6 11 1 7 9 1
R 303 36 54 NOT6 A+B chi=-1 | 12 16  0 5 2 0 10 1 1 6 1 1 7 1 1 11 1 2 6 1 2 8 1 2 11 1 3 7 1 3 9 1 3 10 1 4 8 2 4 9 1 5 10 1 6 11 1 7 9 1
R 304 36 54 NOT6 A+B chi=-1 | 12 16  0 5 2 0 10 1 1 6 1 1 7 1 1 11 1 2 6 1 2 8 2 3 7 1 3 9 1 3 10 1 4 8 1 4 9 1 4 11 1 5 10 1 6 11 1 7 9 1
R 305 36 54 6 91 3 4 5 4 5 0 1 0 2 1 3 2 0 1 4 1 2 3 2 0 5 1 5 4 0 2 3 1 0 3 1 0 2 0 3 1 0 1 2 1 2 3 3 4 5 0 4 5 5 3 2 4 5 4 | 12 17  0 5 1 0 8 1 0 9 1 1 6 1 1 7 2 2 6 1 2 8 1 2 9 1 3 7 1 3 9 1 3 10 1 4 8 1 4 10 1 4 11 1 5 10 1 5 11 1 6 11 1
R 306 36 54 6 2053 3 4 5 3 4 5 1 0 2 1 0 2 4 0 3 1 2 3 0 5 4 2 1 4 0 2 3 1 0 3 1 5 0 4 2 0 0 1 2 1 2 0 3 4 5 5 4 3 5 2 1 4 5 3 | 12 17  0 5 1 0 8 1 0 9 1 1 6 2 1 7 1 2 6 1 2 8 1 2 9 1 3 7 1 3 9 1 3 10 1 4 8 1 4 10 1 4 11 1 5 10 1 5 11 1 7 11 1
R 307 36 54 6 371 3 4 5 2 4 5 1 5 2 0 1 2 0 1 3 1 2 3 3 5 4 1 4 2 0 2 3 1 0 5 1 0 5 0 3 1 0 1 2 1 0 3 0 4 3 5 3 4 5 2 4 4 5 2 | 12 17  0 5 1 0 8 1 0 10 1 1 6 1 1 7 2 2 6 1 2 8 1 2 9 1 3 7 1 3 10 1 3 11 1 4 8 1 4 9 1 4 10 1 5 9 1 5 11 1 6 11 1
R 308 36 54 6 291 3 4 5 3 0 4 2 0 4 1 0 2 1 0 5 1 2 3 1 4 3 2 0 3 0 4 5 2 5 0 1 0 4 3 1 2 0 1 2 2 1 5 5 3 1 4 5 3 2 3 4 4 5 0 | 12 17  0 5 1 0 8 1 0 10 1 1 6 1 1 7 1 1 11 1 2 6 1 2 8 1 2 9 1 3 7 2 3 10 1 4 8 1 4 9 1 4 11 1 5 9 1 5 10 1 6 11 1
R 309 36 54 6 106 3 4 5 3 2 4 0 2 4 0 1 2 1 2 5 1 2 3 1 4 3 0 2 3 2 4 5 0 5 2 1 0 4 3 0 1 0 1 2 0 1 5 5 3 1 4 3 5 0 3 4 4 5 2 | 12 17  0 5 1 0 8 1 0 10 1 1 6 1 1 7 2 2 6 1 2 8 1 2 9 1 3 7 1 3 10 1 3 11 1 4 8 1 4 9 1 4 11 1 5 9 1 5 10 1 6 11 1
R 310 36 54 6 225 3 4 5 1 2 0 2 0 1 5 3 4 0 4 2 1 2 3 3 0 1 4 2 1 0 3 2 4 0 5 1 0 4 0 3 5 0 1 2 4 3 5 5 4 3 0 1 2 5 3 1 5 4 2 | 12 17  0 5 1 0 9 1 0 10 1 1 6 1 1 7 2 2 6 1 2 8 1 2 9 1 3 7 1 3 8 1 3 9 1 4 8 1 4 10 1 4 11 1 5 10 1 5 11 1 6 11 1
R 311 36 54 6 99 3 4 5 2 3 0 0 3 1 1 4 5 2 4 0 1 2 3 1 0 2 4 3 2 3 5 0 0 4 5 1 0 2 0 1 4 0 1 2 4 1 5 5 4 2 0 2 3 1 3 5 4 5 3 | 12 17  0 5 1 0 9 1 0 11 1 1 6 1 1 7 2 2 6 1 2 8 1 2 9 1 3 7 1 3 8 1 3 10 1 4 8 1 4 9 1 4 10 1 5 10 1 5 11 1 6 11 1
R 312 36 54 6 103 3 4 5 2 5 3 0 1 2 0 1 5 1 2 4 1 2 3 4 0 5 1 5 2 0 2 5 1 0 3 4 3 1 0 3 1 0 1 2 1 0 4 3 4 5 3 2 4 3 5 0 4 5 2 | 12 17  0 5 1 0 8 1 0 9 1 1 6 1 1 7 2 2 6 1 2 9 1 2 10 1 3 7 1 3 10 1 3 11 1 4 8 1 4 9 1 4 10 1 5 8 1 5 11 1 6 11 1
R 313 36 54 6 377 3 4 5 1 4 3 0 5 2 0 5 1 1 2 4 1 2 3 2 0 4 5 4 1 0 2 5 1 0 3 3 0 4 3 2 5 0 1 2 5 0 2 3 4 1 3 2 4 3 5 0 4 5 1 | 12 17  0 5 1 0 8 1 0 9 1 1 6 1 1 7 2 2 6 1 2 9 1 2 10 1 3 7 1 3 10 1 3 11 1 4 8 1 4 9 1 4 11 1 5 8 1 5 10 1 6 11 1
R 314 36 54 6 53 3 4 5 1 3 5 0 1 2 0 4 1 1 2 4 1 2 3 2 0 5 4 3 1 0 2 5 1 0 3 3 4 1 0 4 2 0 1 2 4 0 2 3 4 5 5 2 3 3 5 0 4 5 1 | 12 17  0 5 1 0 8 1 0 9 1 1 6 1 1 7 2 2 6 1 2 9 1 2 11 1 3 7 1 3 10 1 3 11 1 4 8 1 4 9 1 4 10 1 5 8 1 5 10 1 6 11 1
R 315 36 54 6 63 3 4 5 3 4 2 0 1 2 0 5 3 1 2 4 1 2 3 2 0 5 1 4 3 0 2 5 1 0 4 4 3 2 0 2 1 0 1 2 1 0 5 4 3 5 2 1 4 3 0 5 4 5 3 | 12 17  0 5 1 0 8 1 0 9 1 1 6 1 1 7 2 2 6 1 2 9 1 2 10 1 3 7 1 3 10 1 3 11 1 4 8 1 4 10 1 4 11 1 5 8 1 5 9 1 6 11 1
R 316 36 54 6 3680 3 4 5 2 4 3 3 0 4 1 5 2 2 1 0 1 2 3 1 3 5 0 4 2 0 2 5 3 0 1 0 2 3 3 2 1 0 1 2 0 1 5 2 1 5 3 4 0 3 4 5 4 5 4 | 12 17  0 5 1 0 8 1 0 9 1 1 6 1 1 7 2 2 6 1 2 10 1 2 11 1 3 7 1 3 10 1 3 11 1 4 8 1 4 9 1 4 10 1 5 8 1 5 9 1 6 11 1
R 317 36 54 6 123 3 4 5 0 4 1 1 3 2 2 5 0 4 5 1 1 2 3 2 1 4 3 4 0 0 2 3 1 0 2 1 3 5 4 1 0 0 1 2 3 2 5 0 4 5 1 4 3 3 0 2 4 5 5 | 12 17  0 5 1 0 8 1 0 10 1 1 6 1 1 7 2 2 6 1 2 8 1 2 9 1 3 7 1 3 10 1 3 11 1 4 9 1 4 10 1 4 11 1 5 9 1 5 11 1 6 8 1
R 318 36 54 6 73 3 4 5 5 0 4 5 3 2 1 0 2 1 2 5 1 2 3 2 1 0 2 0 5 0 2 3 1 3 4 0 5 2 3 1 4 0 1 2 3 1 2 4 0 1 3 4 5 4 3 0 4 5 5 | 12 17  0 5 1 0 8 1 0 9 1 1 6 1 1 7 1 1 11 1 2 6 1 2 9 1 2 10 1 3 7 2 3 9 1 4 8 1 4 10 1 4 11 1 5 10 1 5 11 1 6 8 1
R 319 36 54 6 1005 3 4 5 1 0 2 0 4 1 5 3 4 0 4 2 1 2 3 2 3 1 4 3 0 2 4 5 2 4 1 3 0 5 1 0 4 0 1 2 4 5 3 5 3 2 1 2 0 3 5 1 4 5 0 | 12 17  0 5 1 0 8 1 0 11 1 1 6 1 1 7 1 1 11 1 2 6 1 2 9 1 2 10 1 3 7 2 3 9 1 4 8 1 4 9 1 4 10 1 5 10 1 5 11 1 6 8 1
R 320 36 54 6 48 3 4 5 3 2 4 0 4 2 1 0 2 1 0 5 1 2 3 1 4 2 0 2 3 2 0 3 3 4 0 1 0 2 1 0 4 0 1 2 0 1 5 3 1 5 4 5 3 4 2 3 4 5 5 | 12 17  0 5 1 0 8 1 0 11 1 1 6 1 1 7 2 2 6 1 2 9 1 2 10 1 3 7 1 3 9 1 3 11 1 4 8 1 4 9 1 4 10 1 5 10 1 5 11 1 6 8 1
R 321 36 54 6 158 3 4 5 1 3 2 1 0 4 2 1 4 5 0 3 1 2 3 4 5 3 3 0 4 0 2 3 1 0 2 3 1 5 0 2 4 0 1 2 0 4 5 2 5 3 5 0 3 1 2 4 4 5 1 | 12 17  0 5 1 0 8 1 0 10 1 1 6 1 1 8 1 1 9 1 2 6 1 2 8 1 2 9 1 3 7 1 3 10 1 3 11 1 4 7 2 4 10 1 5 9 1 5 11 1 6 11 1
R 322 36 54 6 6530 3 4 5 3 0 1 2 4 5 1 4 2 0 1 2 1 2 3 5 4 3 2 5 3 2 0 4 1 2 0 1 0 4 3 2 0 0 1 2 2 5 4 0 1 3 0 3 5 4 3 5 4 5 1 | 12 17  0 5 1 0 8 1 0 10 1 1 6 1 1 8 1 1 11 1 2 6 2 2 9 1 3 7 1 3 8 1 3 9 1 4 7 1 4 10 1 4 11 1 5 9 1 5 10 1 7 11 1
R 323 36 54 6 340 3 4 5 1 2 0 0 4 3 5 1 2 0 4 2 1 2 3 3 0 1 0 2 1 2 3 4 4 0 5 1 0 4 0 3 5 0 1 2 4 5 3 5 1 2 3 4 0 5 3 1 5 4 2 | 12 17  0 5 1 0 9 1 0 10 1 1 6 1 1 8 1 1 9 1 2 6 1 2 8 1 2 9 1 3 7 2 3 8 1 4 7 1 4 10 1 4 11 1 5 10 1 5 11 1 6 11 1
R 324 36 54 6 121 3 4 5 1 3 0 4 0 2 1 0 2 4 3 5 1 2 3 2 0 1 5 3 0 3 4 0 1 2 4 0 2 5 1 0 4 0 1 2 4 2 5 5 1 3 4 5 3 1 2 0 4 5 3 | 12 17  0 5 1 0 10 1 0 11 1 1 6 1 1 8 1 1 9 1 2 6 1 2 8 1 2 9 1 3 7 1 3 8 1 3 11 1 4 7 2 4 9 1 5 10 1 5 11 1 6 10 1
R 325 36 54 NOT6 A+B chi=-1 | 12 17  0 5 2 0 10 1 1 6 1 1 8 1 1 9 1 2 6 1 2 8 1 2 9 1 3 7 1 3 8 1 3 11 1 4 7 1 4 9 1 4 11 1 5 10 1 6 11 1 7 10 1
R 326 36 54 6 1386 3 4 5 1 0 2 1 3 2 1 0 5 2 4 5 1 2 3 2 3 0 5 4 3 0 2 5 1 0 3 2 0 1 4 5 2 0 1 2 4 3 5 5 4 0 2 4 3 0 1 3 4 5 1 | 12 17  0 5 1 0 8 1 0 9 1 1 6 1 1 8 1 1 9 1 2 6 1 2 9 1 2 11 1 3 7 1 3 10 1 3 11 1 4 7 2 4 10 1 5 8 1 5 10 1 6 11 1
R 327 36 54 6 2196 3 4 5 0 1 2 3 4 1 0 1 5 0 2 5 1 2 3 3 2 1 5 3 1 0 2 5 0 1 4 2 0 1 3 5 4 0 1 2 4 5 3 0 5 2 2 3 4 4 3 1 4 5 0 | 12 17  0 5 1 0 8 1 0 9 1 1 6 2 1 8 1 2 6 1 2 9 1 2 11 1 3 7 1 3 9 1 3 10 1 4 7 1 4 10 1 4 11 1 5 8 1 5 10 1 7 11 1
R 328 36 54 6 466 3 4 5 1 0 2 0 4 2 3 0 1 5 2 4 1 2 3 2 3 5 4 2 3 0 2 5 1 0 4 4 1 0 3 1 2 0 1 2 4 3 5 1 3 5 5 2 4 0 1 3 4 5 0 | 12 17  0 5 1 0 8 1 0 9 1 1 6 1 1 8 1 1 10 1 2 6 1 2 9 1 2 11 1 3 7 1 3 10 1 3 11 1 4 7 2 4 10 1 5 8 1 5 9 1 6 11 1
R 329 36 54 6 903 3 4 5 1 0 2 0 5 2 0 1 4 3 2 5 1 2 3 2 5 3 5 2 4 0 2 5 1 0 4 3 2 1 1 3 0 0 1 2 4 3 5 1 3 4 3 5 2 0 1 4 4 5 0 | 12 17  0 5 1 0 8 1 0 9 1 1 6 1 1 8 1 1 11 1 2 6 1 2 9 1 2 11 1 3 7 1 3 10 1 3 11 1 4 7 2 4 10 1 5 8 1 5 9 1 6 10 1
R 330 36 54 6 125 3 4 5 1 0 2 4 2 5 0 3 4 5 1 2 1 2 3 5 2 3 2 5 3 0 2 5 1 0 4 1 2 0 1 3 0 0 1 2 4 3 5 0 1 3 1 5 2 0 3 4 4 5 4 | 12 17  0 5 1 0 8 1 0 9 1 1 6 1 1 8 1 1 11 1 2 6 2 2 9 1 3 7 1 3 10 1 3 11 1 4 7 1 4 10 1 4 11 1 5 8 1 5 9 1 7 10 1
R 331 36 54 6 668 3 4 5 1 0 2 4 0 5 1 0 2 3 4 2 1 2 3 2 3 5 3 2 0 0 2 5 1 0 4 1 2 4 4 1 3 0 1 2 4 3 5 1 3 2 4 5 3 1 5 0 4 5 0 | 12 17  0 5 1 0 8 1 0 9 1 1 6 1 1 8 1 1 11 1 2 6 1 2 10 1 2 11 1 3 7 2 3 9 1 4 7 1 4 10 1 4 11 1 5 8 1 5 9 1 6 10 1
R 332 36 54 6 1661 3 4 5 1 5 2 0 3 2 3 0 5 1 4 5 1 2 3 2 0 1 5 4 3 0 2 3 3 0 1 0 5 2 3 1 4 0 1 2 3 4 0 4 5 1 1 4 2 0 2 3 4 5 5 | 12 17  0 5 1 0 8 1 0 9 1 1 6 1 1 8 1 1 11 1 2 6 1 2 9 1 2 10 1 3 7 1 3 9 1 3 11 1 4 7 2 4 10 1 5 10 1 5 11 1 6 8 1
R 333 36 54 6 48 3 4 5 1 5 2 0 3 2 5 1 2 4 0 1 1 2 3 2 0 1 4 2 1 0 2 3 1 0 3 0 5 2 3 1 4 0 1 2 3 4 0 4 5 1 0 3 4 5 3 2 4 5 5 | 12 17  0 5 1 0 8 1 0 9 1 1 6 1 1 8 1 1 11 1 2 6 1 2 9 1 2 10 1 3 7 2 3 9 1 4 7 1 4 10 1 4 11 1 5 10 1 5 11 1 6 8 1
R 334 36 54 6 6388 3 4 5 1 5 4 2 0 1 5 2 3 4 0 2 1 2 3 4 2 1 1 3 2 2 4 0 3 0 5 3 2 0 1 0 4 0 1 2 0 3 2 3 4 5 0 4 1 5 1 3 4 5 5 | 12 17  0 5 1 0 8 1 0 11 1 1 6 1 1 8 1 1 9 1 2 6 1 2 9 1 2 10 1 3 7 2 3 9 1 4 7 1 4 10 1 4 11 1 5 10 1 5 11 1 6 8 1
R 335 36 54 6 128 3 4 5 0 4 1 0 1 2 3 0 2 1 4 5 1 2 3 2 1 3 5 4 2 2 4 5 1 0 4 0 3 1 3 0 1 0 1 2 5 3 2 4 3 5 1 4 5 0 3 2 5 4 0 | 12 17  0 5 1 0 8 1 0 9 1 1 6 1 1 8 1 1 11 1 2 6 1 2 9 1 2 10 1 3 7 1 3 10 1 3 11 1 4 7 2 4 10 1 5 9 1 5 11 1 6 8 1
R 336 36 54 6 935 3 4 5 1 5 2 0 5 4 2 0 1 4 3 5 1 2 3 2 4 1 5 3 1 0 2 3 1 0 5 3 0 4 2 0 4 0 1 2 0 4 3 3 2 1 4 5 3 0 2 1 4 5 5 | 12 17  0 5 1 0 8 1 0 10 1 1 6 1 1 8 1 1 9 1 2 6 1 2 9 1 2 11 1 3 7 1 3 10 1 3 11 1 4 7 2 4 10 1 5 9 1 5 11 1 6 8 1
R 337 36 54 6 61 3 4 5 5 2 4 1 0 4 1 0 2 4 3 2 1 2 3 4 1 2 2 3 0 2 4 0 3 0 2 3 1 4 1 0 4 0 1 2 0 3 1 3 5 2 4 5 3 1 5 0 4 5 5 | 12 17  0 5 1 0 8 1 0 11 1 1 6 1 1 8 1 1 9 1 2 6 1 2 9 1 2 10 1 3 7 1 3 10 1 3 11 1 4 7 2 4 10 1 5 9 1 5 11 1 6 8 1
R 338 36 54 6 148 3 4 5 1 5 2 4 5 0 0 1 2 3 4 5 1 2 3 2 4 1 5 4 2 0 2 3 1 0 5 3 1 0 3 0 4 0 1 2 0 4 3 3 2 1 3 4 5 0 1 2 4 5 5 | 12 17  0 5 1 0 8 1 0 11 1 1 6 1 1 8 1 1 9 1 2 6 1 2 9 1 2 11 1 3 7 1 3 10 1 3 11 1 4 7 2 4 10 1 5 9 1 5 10 1 6 8 1
R 339 36 54 6 1342 3 4 5 2 5 4 0 3 1 0 1 2 4 5 2 1 2 3 4 3 1 2 5 0 0 4 5 1 0 4 3 5 1 2 3 0 0 1 2 0 3 1 5 2 4 4 3 5 1 3 0 5 4 2 | 12 17  0 5 1 0 8 1 0 9 1 1 6 1 1 8 1 1 11 1 2 6 1 2 10 1 2 11 1 3 7 1 3 9 1 3 11 1 4 7 2 4 10 1 5 9 1 5 10 1 6 8 1
R 340 36 54 6 67 3 4 5 2 5 0 1 2 4 1 0 2 3 4 0 1 2 3 0 4 3 3 2 0 4 0 5 1 0 4 2 0 1 1 3 5 0 1 2 1 3 4 5 3 0 4 5 3 1 5 2 5 4 2 | 12 17  0 5 1 0 8 1 0 9 1 1 6 1 1 8 1 1 11 1 2 6 1 2 10 1 2 11 1 3 7 2 3 9 1 4 7 1 4 10 1 4 11 1 5 9 1 5 10 1 6 8 1
R 341 36 54 6 15345 3 4 5 0 1 2 3 4 0 1 0 2 3 4 5 1 2 3 2 4 5 5 4 1 4 3 1 0 2 3 3 0 2 3 0 1 0 1 2 3 5 4 1 2 5 3 5 4 0 2 1 4 5 0 | 12 17  0 5 1 0 9 1 0 11 1 1 6 1 1 8 1 1 9 1 2 6 1 2 8 1 2 9 1 3 7 1 3 10 1 3 11 1 4 7 2 4 10 1 5 10 1 5 11 1 6 8 1
R 342 36 54 6 1675 3 4 5 0 1 5 4 1 2 3 4 0 1 0 2 1 2 3 5 4 0 2 0 3 3 2 5 0 2 4 1 0 4 3 0 1 0 1 2 2 4 3 3 0 5 1 5 2 4 5 3 5 4 1 | 12 17  0 5 1 0 9 1 0 10 1 1 6 1 1 8 1 1 9 1 2 6 1 2 8 1 2 11 1 3 7 1 3 9 1 3 11 1 4 7 2 4 10 1 5 10 1 5 11 1 6 8 1
R 343 36 54 6 235 3 4 5 1 0 4 2 3 0 5 3 2 1 0 2 1 2 3 4 3 5 0 2 3 3 2 1 2 1 4 0 2 5 3 0 1 0 1 2 2 5 3 1 4 5 1 4 0 5 3 4 4 5 0 | 12 17  0 5 1 0 10 1 0 11 1 1 6 1 1 8 1 1 9 1 2 6 1 2 8 1 2 9 1 3 7 2 3 9 1 4 7 1 4 10 1 4 11 1 5 10 1 5 11 1 6 8 1
R 344 36 54 6 231 3 4 5 0 3 5 0 1 2 1 0 2 4 2 5 1 2 3 2 5 3 5 2 3 3 2 1 0 1 4 0 2 5 1 0 4 0 1 2 1 4 2 4 5 3 4 5 3 0 1 3 4 5 0 | 12 17  0 5 1 0 10 1 0 11 1 1 6 1 1 8 1 1 9 1 2 6 1 2 8 1 2 10 1 3 7 1 3 9 1 3 11 1 4 7 2 4 9 1 5 10 1 5 11 1 6 8 1
R 345 36 54 NOT6 A+B chi=-1 | 12 17  0 5 2 0 10 1 1 6 1 1 8 1 1 9 1 2 6 1 2 8 1 2 11 1 3 7 1 3 9 1 3 11 1 4 7 1 4 9 1 4 11 1 5 10 1 6 8 1 7 10 1
R 346 36 54 6 399 3 4 5 5 1 2 5 0 4 1 5 2 3 0 2 1 2 3 2 0 1 2 0 5 0 2 3 1 3 4 0 5 2 3 1 4 0 1 2 4 0 3 3 1 2 3 4 0 1 4 5 4 5 5 | 12 17  0 5 1 0 8 1 0 9 1 1 6 1 1 9 1 1 10 1 2 6 1 2 10 1 2 11 1 3 7 1 3 8 1 3 11 1 4 7 2 4 9 1 5 10 1 5 11 1 6 8 1
R 347 36 54 6 50 3 4 5 0 5 2 1 5 0 0 1 2 3 4 1 1 2 3 2 1 0 4 2 1 0 2 3 1 0 4 3 0 5 3 1 0 0 1 2 4 3 1 3 2 4 3 5 4 0 5 2 4 5 5 | 12 17  0 5 1 0 8 1 0 9 1 1 6 1 1 9 1 1 10 1 2 6 1 2 10 1 2 11 1 3 7 2 3 8 1 4 7 1 4 9 1 4 11 1 5 10 1 5 11 1 6 8 1
R 348 36 54 6 59 3 4 5 2 3 5 4 1 0 3 4 0 1 0 2 1 2 3 0 1 2 2 0 3 2 0 4 1 0 4 3 0 5 4 1 5 0 1 2 4 1 0 5 2 3 1 5 2 4 5 3 5 4 3 | 12 17  0 5 1 0 8 1 0 9 1 1 6 1 1 10 1 1 11 1 2 6 1 2 10 1 2 11 1 3 7 1 3 8 1 3 11 1 4 7 2 4 9 1 5 9 1 5 10 1 6 8 1
R 349 36 54 6 3172 3 4 5 4 5 1 3 0 4 4 3 2 0 1 2 1 2 3 1 0 4 0 2 3 4 2 5 1 0 4 5 0 1 2 4 3 0 1 2 2 3 0 5 2 1 1 5 0 4 3 5 5 4 3 | 12 17  0 5 1 0 8 1 0 9 1 1 6 1 1 10 1 1 11 1 2 6 1 2 10 1 2 11 1 3 7 2 3 8 1 4 7 1 4 9 1 4 11 1 5 9 1 5 10 1 6 8 1
R 350 36 54 6 1016 3 4 5 4 0 1 2 0 1 5 2 3 4 0 2 1 2 3 1 5 4 4 3 2 5 2 1 2 0 3 3 2 0 1 0 4 0 1 2 2 3 5 3 4 5 0 1 4 5 1 3 4 5 0 | 12 17  0 5 1 0 9 1 0 11 1 1 6 1 1 8 1 1 9 1 2 6 1 2 9 1 2 10 1 3 7 2 3 8 1 4 7 1 4 10 1 4 11 1 5 10 1 5 11 1 6 8 1
R 351 36 54 6 6874 3 4 5 5 2 3 0 4 2 3 0 1 5 1 4 1 2 3 1 4 2 4 1 3 2 0 5 0 2 5 1 0 4 3 0 5 0 1 2 0 1 4 5 3 1 5 4 2 0 2 3 5 4 3 | 12 17  0 5 1 0 9 1 0 10 1 1 6 1 1 8 1 1 9 1 2 6 1 2 10 1 2 11 1 3 7 1 3 8 1 3 11 1 4 7 2 4 9 1 5 10 1 5 11 1 6 8 1
R 352 36 54 6 2051 3 4 5 2 5 4 0 4 2 4 1 5 3 0 1 1 2 3 1 3 2 2 5 1 3 5 0 0 4 2 1 0 4 3 0 5 0 1 2 0 1 3 5 3 1 0 3 2 4 5 2 5 4 4 | 12 17  0 5 1 0 9 1 0 10 1 1 6 1 1 8 1 1 9 1 2 6 1 2 10 1 2 11 1 3 7 2 3 8 1 4 7 1 4 9 1 4 11 1 5 10 1 5 11 1 6 8 1
R 353 36 54 6 231 3 4 5 1 3 5 0 1 2 1 0 2 4 2 5 1 2 3 2 5 3 5 2 3 3 2 0 1 0 4 0 2 5 1 0 4 0 1 2 0 4 2 4 5 3 4 5 3 0 1 3 4 5 1 | 12 17  0 5 1 0 10 1 0 11 1 1 6 1 1 8 1 1 9 1 2 6 1 2 9 1 2 10 1 3 7 1 3 8 1 3 11 1 4 7 2 4 9 1 5 10 1 5 11 1 6 8 1
R 354 36 54 6 48 3 4 5 4 1 3 0 1 2 5 1 2 4 0 2 1 2 3 2 3 5 3 2 1 0 2 4 4 0 3 0 2 5 1 0 4 0 1 2 0 5 2 4 5 3 0 4 3 5 1 3 4 5 1 | 12 17  0 5 1 0 10 1 0 11 1 1 6 1 1 8 1 1 9 1 2 6 1 2 9 1 2 10 1 3 7 2 3 8 1 4 7 1 4 9 1 4 11 1 5 10 1 5 11 1 6 8 1
R 355 36 54 NOT6 A+B chi=-1 | 12 17  0 5 2 0 10 1 1 6 1 1 8 1 1 9 1 2 6 1 2 9 1 2 11 1 3 7 1 3 8 1 3 10 1 4 7 1 4 9 1 4 11 1 5 10 1 6 8 1 7 11 1
R 356 36 54 NOT6 A+B chi=-1 | 12 17  0 5 2 0 10 1 1 6 1 1 8 1 1 9 1 2 6 1 2 9 1 2 11 1 3 7 1 3 8 1 3 11 1 4 7 1 4 9 1 4 11 1 5 10 1 6 8 1 7 10 1
R 357 36 54 6 352 3 4 5 0 1 2 0 3 5 0 1 5 4 2 1 1 2 3 2 3 5 4 5 1 3 1 2 0 2 5 1 0 3 0 1 4 0 1 2 4 5 3 1 4 2 2 3 4 0 5 3 4 5 0 | 12 17  0 5 1 0 9 1 0 10 1 1 6 1 1 8 1 1 9 1 2 6 1 2 10 1 2 11 1 3 7 2 3 8 1 4 7 1 4 10 1 4 11 1 5 9 1 5 11 1 6 8 1
R 358 36 54 6 1506 3 4 5 1 3 2 0 4 2 1 0 5 3 4 5 1 2 3 2 0 1 5 4 2 0 2 5 0 1 4 3 0 1 5 4 3 0 1 2 4 5 0 5 3 1 3 4 2 0 1 2 4 5 3 | 12 17  0 5 1 0 8 1 0 9 1 1 6 1 1 9 1 1 11 1 2 6 1 2 9 1 2 11 1 3 7 1 3 10 1 3 11 1 4 7 2 4 10 1 5 8 1 5 10 1 6 8 1
R 359 36 54 6 349 3 4 5 1 3 2 0 3 1 2 5 0 1 0 4 1 2 3 2 0 1 4 0 5 0 2 5 0 1 3 4 1 3 2 0 1 0 1 2 4 5 0 5 2 4 1 4 3 2 3 5 4 5 3 | 12 17  0 5 1 0 8 1 0 9 1 1 6 1 1 9 1 1 10 1 2 6 1 2 10 1 2 11 1 3 7 1 3 9 1 3 11 1 4 7 2 4 10 1 5 8 1 5 11 1 6 8 1
R 360 36 54 6 217 3 4 5 1 3 2 1 0 4 1 5 0 4 2 1 1 2 3 4 5 3 0 2 3 1 0 2 0 1 3 5 4 2 4 1 0 0 1 2 0 4 5 2 5 3 4 3 2 5 0 3 4 5 1 | 12 18  0 5 1 0 7 1 0 9 1 1 6 1 1 7 1 1 8 1 2 6 1 2 7 1 2 8 1 3 9 1 3 10 1 3 11 1 4 9 1 4 10 1 4 11 1 5 8 1 5 11 1 6 10 1
R 361 36 54 6 498 3 4 5 1 0 2 1 3 2 1 0 2 0 4 1 1 2 3 2 4 5 0 2 3 1 0 3 1 0 2 4 0 2 3 1 0 0 1 2 3 4 5 0 4 5 5 3 4 3 5 2 4 5 1 | 12 18  0 5 1 0 7 1 0 8 1 1 6 1 1 7 1 1 8 1 2 6 1 2 8 1 2 9 1 3 7 1 3 10 1 3 11 1 4 9 1 4 10 1 4 11 1 5 9 1 5 11 1 6 10 1
R 362 36 54 6 75 3 4 5 1 5 2 0 2 4 0 1 4 3 1 5 1 2 3 4 0 1 0 2 3 1 0 5 1 5 4 3 0 5 3 1 4 0 1 2 3 4 0 5 3 1 5 3 2 4 0 2 4 5 2 | 12 18  0 5 1 0 7 1 0 8 1 1 6 1 1 7 1 1 11 1 2 6 1 2 8 1 2 10 1 3 7 1 3 9 1 3 10 1 4 8 1 4 9 1 4 11 1 5 10 1 5 11 1 6 9 1
R 363 36 54 6 276 3 4 5 1 3 2 4 3 5 0 1 2 4 0 1 1 2 3 5 4 2 0 2 3 1 0 2 1 0 3 0 1 4 4 1 5 0 1 2 0 4 5 1 2 0 5 4 3 3 5 2 4 5 3 | 12 18  0 5 1 0 7 1 0 9 1 1 6 1 1 7 1 1 8 1 2 6 1 2 10 1 2 11 1 3 7 1 3 9 1 3 10 1 4 8 1 4 9 1 4 11 1 5 8 1 5 10 1 6 11 1
R 364 36 54 6 455 3 4 5 1 3 2 4 2 5 0 1 2 4 0 1 1 2 3 5 4 1 0 2 3 1 0 2 1 0 3 3 1 4 4 0 5 0 1 2 0 4 5 3 0 1 5 4 3 3 5 2 4 5 2 | 12 18  0 5 1 0 7 1 0 9 1 1 6 1 1 7 1 1 8 1 2 6 1 2 10 1 2 11 1 3 7 1 3 9 1 3 11 1 4 8 1 4 9 1 4 10 1 5 8 1 5 10 1 6 11 1
R 365 36 54 6 90 3 4 5 0 1 2 2 0 1 3 5 1 0 4 5 1 2 3 5 2 1 4 1 0 0 2 3 0 1 5 2 3 5 3 4 1 0 1 2 3 5 4 4 3 5 2 4 0 3 1 2 4 5 0 | 12 18  0 5 1 0 8 1 0 9 1 1 6 1 1 7 1 1 8 1 2 6 1 2 7 1 2 8 1 3 7 1 3 9 1 3 11 1 4 9 1 4 10 1 4 11 1 5 10 1 5 11 1 6 10 1
R 366 36 54 6 48 3 4 5 3 4 2 2 1 0 3 0 1 4 0 2 1 2 3 0 2 4 1 4 5 0 2 3 2 0 1 3 2 0 1 0 4 0 1 2 1 0 5 5 3 4 2 4 5 5 1 3 4 5 3 | 12 18  0 5 1 0 8 1 0 11 1 1 6 1 1 7 1 1 8 1 2 6 1 2 7 1 2 8 1 3 7 1 3 9 1 3 10 1 4 9 1 4 10 1 4 11 1 5 10 1 5 11 1 6 9 1
R 367 36 54 6 151 3 4 5 1 5 2 0 5 3 2 0 1 4 0 2 1 2 3 2 0 1 5 4 1 0 3 2 0 2 3 3 2 0 1 0 4 0 1 2 3 0 4 4 2 1 3 4 5 5 1 3 4 5 5 | 12 18  0 5 1 0 9 1 0 11 1 1 6 1 1 7 1 1 8 1 2 6 1 2 7 1 2 8 1 3 7 1 3 9 1 3 10 1 4 8 1 4 10 1 4 11 1 5 10 1 5 11 1 6 9 1
R 368 36 54 6 160 3 4 5 2 5 1 4 2 3 0 1 2 4 0 2 1 2 3 0 1 3 5 3 2 4 2 1 3 4 0 0 2 5 1 0 4 0 1 2 4 0 3 5 1 0 4 5 3 5 1 3 4 5 2 | 12 18  0 5 1 0 10 1 0 11 1 1 6 1 1 7 1 1 8 1 2 6 1 2 7 1 2 8 1 3 7 1 3 9 1 3 10 1 4 8 1 4 9 1 4 11 1 5 10 1 5 11 1 6 9 1
R 369 36 54 6 91 3 4 5 0 1 4 0 5 4 1 2 3 0 1 2 1 2 3 4 5 1 0 2 3 0 1 4 1 3 5 3 0 2 1 2 4 0 1 2 3 2 5 2 1 3 4 5 0 5 3 4 4 5 0 | 12 18  0 5 1 0 7 1 0 8 1 1 6 1 1 9 1 1 10 1 2 6 1 2 10 1 2 11 1 3 7 1 3 8 1 3 9 1 4 7 1 4 8 1 4 9 1 5 10 1 5 11 1 6 11 1
R 370 36 54 6 129 3 4 5 0 4 3 1 0 4 1 5 2 0 4 2 1 2 3 2 1 4 4 2 3 0 4 5 1 0 4 3 0 5 1 2 3 0 1 2 5 1 2 3 2 5 0 3 4 5 3 1 5 4 0 | 12 18  0 5 1 0 8 1 0 9 1 1 6 1 1 7 1 1 8 1 2 6 1 2 10 1 2 11 1 3 7 1 3 8 1 3 11 1 4 7 1 4 9 1 4 10 1 5 9 1 5 10 1 6 11 1
R 371 36 54 6 51 3 4 5 1 4 5 0 3 2 2 0 1 4 0 2 1 2 3 2 0 1 3 2 1 3 0 4 0 2 4 0 3 2 1 0 4 0 1 2 3 0 2 4 1 5 4 5 3 5 1 3 4 5 5 | 12 18  0 5 1 0 9 1 0 11 1 1 6 1 1 7 1 1 8 1 2 6 1 2 8 1 2 9 1 3 7 1 3 8 1 3 9 1 4 7 1 4 10 1 4 11 1 5 10 1 5 11 1 6 10 1
R 372 36 54 6 283 3 4 5 2 3 0 3 4 2 4 5 1 0 1 2 1 2 3 1 0 2 1 3 2 4 2 5 0 3 4 0 2 5 0 1 4 0 1 2 4 5 1 5 0 1 0 3 2 4 5 3 4 5 3 | 12 18  0 5 1 0 10 1 0 11 1 1 6 1 1 7 1 1 8 1 2 6 1 2 8 1 2 9 1 3 7 1 3 8 1 3 9 1 4 7 1 4 9 1 4 10 1 5 10 1 5 11 1 6 11 1
R 373 36 54 6 98 3 4 5 3 5 2 2 0 1 1 5 0 4 0 2 1 2 3 1 2 4 0 1 2 0 3 5 2 0 3 3 2 0 1 0 4 0 1 2 0 4 1 3 4 5 3 2 4 5 1 3 4 5 5 | 12 18  0 5 1 0 9 1 0 11 1 1 6 1 1 7 1 1 8 1 2 6 1 2 8 1 2 10 1 3 7 1 3 8 1 3 9 1 4 7 1 4 10 1 4 11 1 5 10 1 5 11 1 6 9 1
R 374 36 54 6 216 3 4 5 0 1 2 3 4 5 2 4 5 3 0 1 1 2 3 2 3 0 3 4 1 0 2 5 3 0 4 0 4 1 3 1 2 0 1 2 4 5 3 1 2 0 0 1 3 2 5 4 4 5 5 | 12 18  0 5 1 0 8 1 0 9 1 1 6 1 1 7 1 1 8 1 2 6 1 2 10 1 2 11 1 3 7 1 3 9 1 3 10 1 4 7 1 4 9 1 4 11 1 5 8 1 5 10 1 6 11 1
R 375 36 54 6 1681 3 4 5 1 5 3 0 2 1 1 2 4 0 2 5 1 2 3 3 4 1 0 2 5 0 1 3 2 0 1 4 1 5 0 5 3 0 1 2 0 4 2 5 3 4 3 5 0 4 3 1 4 5 2 | 12 18  0 5 1 0 7 1 0 8 1 1 6 1 1 9 1 1 10 1 2 6 1 2 10 1 2 11 1 3 7 1 3 8 1 3 10 1 4 8 1 4 9 1 4 11 1 5 7 1 5 9 1 6 11 1
R 376 36 54 6 214 3 4 5 2 0 3 4 1 0 1 2 4 0 5 1 1 2 3 3 4 5 0 2 5 0 1 3 3 1 4 1 0 2 4 1 2 0 1 2 1 4 5 2 5 3 3 5 0 4 2 3 4 5 0 | 12 18  0 5 1 0 7 1 0 8 1 1 6 1 1 10 1 1 11 1 2 6 1 2 10 1 2 11 1 3 7 1 3 8 1 3 9 1 4 8 1 4 9 1 4 10 1 5 7 1 5 9 1 6 11 1
R 377 36 54 6 23594 3 4 5 1 3 2 3 5 4 1 2 0 0 2 5 1 2 3 2 5 1 0 2 5 1 0 4 5 3 2 1 0 3 0 4 2 0 1 2 4 0 5 0 2 1 3 4 5 3 1 4 4 5 3 | 12 18  0 5 1 0 7 1 0 8 1 1 6 1 1 9 1 1 11 1 2 6 1 2 10 1 2 11 1 3 7 1 3 9 1 3 10 1 4 8 1 4 9 1 4 10 1 5 7 1 5 8 1 6 11 1
R 378 36 54 6 582 3 4 5 5 0 1 5 2 4 3 0 1 4 0 2 1 2 3 4 3 0 0 2 4 3 5 1 0 1 2 3 2 0 1 0 4 0 1 2 2 3 4 1 0 3 2 4 5 5 1 3 4 5 5 | 12 18  0 5 1 0 7 1 0 11 1 1 6 1 1 7 1 1 8 1 2 6 1 2 8 1 2 9 1 3 8 1 3 9 1 3 10 1 4 9 1 4 10 1 4 11 1 5 10 1 5 11 1 6 7 1
R 379 36 54 6 3271 3 4 5 0 4 1 1 0 2 5 2 4 3 0 5 1 2 3 2 1 3 2 4 5 0 5 1 3 4 0 3 5 2 1 0 4 0 1 2 5 3 2 4 5 3 3 1 0 4 2 1 4 5 0 | 12 18  0 5 1 0 7 1 0 11 1 1 6 1 1 7 1 1 8 1 2 6 1 2 9 1 2 11 1 3 8 1 3 9 1 3 10 1 4 8 1 4 9 1 4 10 1 5 10 1 5 11 1 6 7 1
R 380 36 54 6 116 3 4 5 1 5 2 0 5 3 0 2 1 4 0 1 1 2 3 2 0 1 0 2 3 1 0 4 3 1 2 5 1 0 0 4 3 0 1 2 3 4 0 4 2 1 3 4 5 5 3 2 5 4 5 | 12 18  0 5 1 0 7 1 0 8 1 1 6 1 1 7 1 1 9 1 2 6 1 2 10 1 2 11 1 3 8 1 3 9 1 3 11 1 4 9 1 4 10 1 4 11 1 5 8 1 5 10 1 6 7 1
R 381 36 54 6 3383 3 4 5 0 1 2 3 4 0 2 3 5 4 0 1 1 2 3 2 4 5 4 3 1 0 2 3 0 3 1 3 0 5 2 1 4 0 1 2 3 5 4 1 2 5 4 1 0 5 2 3 4 5 0 | 12 18  0 5 1 0 8 1 0 9 1 1 6 1 1 7 1 1 8 1 2 6 1 2 7 1 2 8 1 3 9 1 3 10 1 3 11 1 4 9 1 4 10 1 4 11 1 5 10 1 5 11 1 6 7 1
R 382 36 54 6 107 3 4 5 0 1 2 5 2 4 0 1 4 3 2 0 1 2 3 4 5 0 1 4 3 0 2 3 1 0 5 1 0 2 3 0 4 0 1 2 3 5 4 1 0 3 5 3 2 4 5 1 4 5 2 | 12 18  0 5 1 0 8 1 0 9 1 1 6 1 1 7 1 1 8 1 2 6 1 2 7 1 2 10 1 3 8 1 3 9 1 3 11 1 4 9 1 4 10 1 4 11 1 5 10 1 5 11 1 6 7 1
R 383 36 54 6 74 3 4 5 1 4 5 1 0 2 3 1 4 0 2 4 1 2 3 2 5 4 4 3 0 0 4 2 1 0 4 1 3 2 3 0 5 0 1 2 0 2 3 3 5 4 5 0 2 3 5 1 5 4 1 | 12 18  0 5 1 0 8 1 0 9 1 1 6 1 1 7 1 1 8 1 2 6 1 2 7 1 2 10 1 3 8 1 3 10 1 3 11 1 4 9 1 4 10 1 4 11 1 5 9 1 5 11 1 6 7 1
R 384 36 54 6 437 3 4 5 0 1 2 0 3 5 2 5 0 2 4 1 1 2 3 2 3 5 3 1 2 0 2 5 0 1 3 1 4 5 2 4 0 0 1 2 4 5 3 1 4 2 4 3 1 5 0 3 4 5 0 | 12 18  0 5 1 0 8 1 0 9 1 1 6 1 1 7 1 1 8 1 2 6 1 2 7 1 2 10 1 3 9 1 3 10 1 3 11 1 4 9 1 4 10 1 4 11 1 5 8 1 5 11 1 6 7 1
R 385 36 54 6 102 3 4 5 0 5 2 1 4 5 1 2 3 4 1 0 1 2 3 2 1 0 0 2 3 1 0 4 4 0 3 1 5 2 3 1 4 0 1 2 4 3 1 3 2 0 4 5 0 5 3 2 4 5 5 | 12 18  0 5 1 0 7 1 0 8 1 1 6 1 1 8 1 1 9 1 2 6 1 2 9 1 2 11 1 3 7 1 3 8 1 3 10 1 4 9 1 4 10 1 4 11 1 5 10 1 5 11 1 6 7 1
R 386 36 54 6 152 3 4 5 0 5 2 1 5 0 1 2 3 0 1 4 1 2 3 2 1 0 0 2 3 1 0 4 3 0 2 4 5 1 3 1 0 0 1 2 4 3 1 3 2 4 4 5 0 5 3 2 4 5 5 | 12 18  0 5 1 0 7 1 0 8 1 1 6 1 1 8 1 1 9 1 2 6 1 2 10 1 2 11 1 3 7 1 3 8 1 3 10 1 4 9 1 4 10 1 4 11 1 5 9 1 5 11 1 6 7 1
R 387 36 54 6 80 3 4 5 0 2 4 3 4 5 1 2 0 1 5 0 1 2 3 1 4 0 0 2 3 1 0 3 3 0 2 1 4 5 2 0 4 0 1 2 3 5 1 2 0 1 4 5 3 4 2 3 4 5 5 | 12 18  0 5 1 0 7 1 0 8 1 1 6 1 1 8 1 1 9 1 2 6 1 2 10 1 2 11 1 3 7 1 3 9 1 3 10 1 4 8 1 4 10 1 4 11 1 5 9 1 5 11 1 6 7 1
R 388 36 54 6 591 3 4 5 0 5 1 1 5 0 1 2 3 0 2 4 1 2 3 3 1 0 0 2 3 0 1 4 4 2 1 5 2 0 3 0 1 0 1 2 2 3 4 4 3 2 4 5 0 3 5 1 4 5 5 | 12 18  0 5 1 0 7 1 0 8 1 1 6 1 1 9 1 1 11 1 2 6 1 2 10 1 2 11 1 3 7 1 3 8 1 3 9 1 4 8 1 4 9 1 4 10 1 5 10 1 5 11 1 6 7 1
R 389 36 54 6 372 3 4 5 5 0 4 5 1 2 1 2 3 1 0 3 1 2 3 3 1 0 0 2 3 2 3 4 1 2 0 0 1 4 3 1 5 0 1 2 2 1 3 4 3 0 4 0 5 5 2 4 4 5 5 | 12 18  0 5 1 0 7 1 0 11 1 1 6 1 1 8 1 1 9 1 2 6 1 2 10 1 2 11 1 3 7 1 3 8 1 3 9 1 4 8 1 4 10 1 4 11 1 5 9 1 5 10 1 6 7 1
R 390 36 54 6 201 3 4 5 0 1 2 0 3 1 1 4 2 4 5 0 1 2 3 2 3 1 2 4 5 1 0 4 3 0 2 3 0 1 5 4 1 0 1 2 4 3 5 5 4 2 3 5 0 1 2 3 5 4 0 | 12 18  0 5 1 0 7 1 0 8 1 1 6 1 1 8 1 1 9 1 2 6 1 2 9 1 2 11 1 3 7 1 3 10 1 3 11 1 4 9 1 4 10 1 4 11 1 5 8 1 5 10 1 6 7 1
R 391 36 54 6 119 3 4 5 0 1 2 0 3 4 0 1 5 2 4 1 1 2 3 2 3 1 2 4 5 1 0 4 4 0 1 3 1 0 2 5 3 0 1 2 4 3 5 5 2 1 3 2 4 3 5 0 5 4 0 | 12 18  0 5 1 0 7 1 0 8 1 1 6 1 1 8 1 1 9 1 2 6 1 2 10 1 2 11 1 3 7 1 3 9 1 3 11 1 4 9 1 4 10 1 4 11 1 5 8 1 5 10 1 6 7 1
R 392 36 54 6 127 3 4 5 5 4 3 0 1 2 2 0 4 1 0 2 1 2 3 2 0 4 4 2 1 1 0 3 0 2 3 3 2 0 1 0 4 0 1 2 1 0 2 3 4 5 3 5 1 4 5 3 4 5 5 | 12 18  0 5 1 0 9 1 0 11 1 1 6 1 1 7 1 1 8 1 2 6 1 2 8 1 2 9 1 3 7 1 3 8 1 3 10 1 4 9 1 4 10 1 4 11 1 5 10 1 5 11 1 6 7 1
R 393 36 54 6 266 3 4 5 0 4 2 3 0 1 4 0 2 2 0 1 1 2 3 2 3 5 1 4 2 0 1 4 2 0 3 3 0 2 1 0 4 0 1 2 1 3 5 4 2 5 5 1 3 3 4 5 4 5 0 | 12 18  0 5 1 0 9 1 0 11 1 1 6 1 1 7 1 1 8 1 2 6 1 2 8 1 2 9 1 3 7 1 3 10 1 3 11 1 4 8 1 4 9 1 4 10 1 5 10 1 5 11 1 6 7 1
R 394 36 54 6 1325 3 4 5 0 1 2 0 3 2 0 1 5 1 2 5 1 2 3 2 3 5 3 1 2 0 2 5 1 0 5 2 1 0 4 1 3 0 1 2 4 5 3 1 4 5 4 3 2 3 4 0 4 5 0 | 12 18  0 5 1 0 8 1 0 9 1 1 6 1 1 7 1 1 8 1 2 6 1 2 9 1 2 11 1 3 7 1 3 10 1 3 11 1 4 9 1 4 10 1 4 11 1 5 8 1 5 10 1 6 7 1
R 395 36 54 6 95 3 4 5 1 3 2 0 4 1 1 0 4 3 2 5 1 2 3 2 4 1 4 3 0 0 2 3 1 0 2 3 1 4 3 0 1 0 1 2 0 4 5 3 5 2 2 5 3 1 0 4 4 5 5 | 12 18  0 5 1 0 8 1 0 10 1 1 6 1 1 8 1 1 9 1 2 6 1 2 10 1 2 11 1 3 7 1 3 8 1 3 9 1 4 7 1 4 10 1 4 11 1 5 9 1 5 11 1 6 7 1
R 396 36 54 6 187 3 4 5 0 3 2 2 0 1 5 0 1 4 0 2 1 2 3 1 2 4 2 1 3 5 3 0 0 2 5 3 2 0 1 0 4 0 1 2 5 1 4 3 4 5 4 2 3 5 1 3 4 5 0 | 12 18  0 5 1 0 9 1 0 11 1 1 6 1 1 8 1 1 9 1 2 6 1 2 8 1 2 10 1 3 7 1 3 8 1 3 9 1 4 7 1 4 10 1 4 11 1 5 10 1 5 11 1 6 7 1
R 397 36 54 6 237 3 4 5 1 3 2 0 3 2 5 0 1 0 1 4 1 2 3 2 0 1 0 2 5 0 1 3 1 4 2 3 0 1 4 0 5 0 1 2 4 5 0 5 4 1 3 4 2 5 2 3 4 5 3 | 12 18  0 5 1 0 7 1 0 8 1 1 6 1 1 8 1 1 9 1 2 6 1 2 8 1 2 11 1 3 9 1 3 10 1 3 11 1 4 9 1 4 10 1 4 11 1 5 7 1 5 10 1 6 7 1
R 398 36 54 6 642 3 4 5 1 3 2 0 3 1 5 0 1 0 4 2 1 2 3 2 0 1 0 2 5 0 1 3 4 1 3 4 0 1 2 0 5 0 1 2 4 5 0 5 2 4 4 2 3 5 3 1 4 5 3 | 12 18  0 5 1 0 7 1 0 8 1 1 6 1 1 8 1 1 9 1 2 6 1 2 9 1 2 11 1 3 8 1 3 10 1 3 11 1 4 9 1 4 10 1 4 11 1 5 7 1 5 10 1 6 7 1
R 399 36 54 NOT6 A+B chi=-1 | 12 15  0 5 1 0 6 1 0 10 1 1 7 1 1 8 1 1 11 1 2 7 1 2 8 2 3 9 1 3 10 1 3 11 1 4 9 2 4 10 1 5 6 2 7 11 1
R 400 36 54 NOT6 A+B chi=-1 | 12 15  0 5 1 0 6 1 0 11 1 1 7 1 1 8 1 1 10 1 2 7 1 2 8 2 3 9 1 3 10 1 3 11 1 4 9 2 4 10 1 5 6 2 7 11 1
R 401 36 54 NOT6 A+B chi=-1 | 12 14  0 5 1 0 6 1 0 11 1 1 7 1 1 8 1 1 11 1 2 7 1 2 9 2 3 8 2 3 10 1 4 9 1 4 10 2 5 6 2 7 11 1
R 402 36 54 NOT6 A+B chi=-1 | 12 14  0 5 1 0 6 1 0 11 1 1 7 1 1 8 2 2 7 1 2 9 2 3 8 1 3 10 1 3 11 1 4 9 1 4 10 2 5 6 2 7 11 1
R 403 36 54 6 8689 3 4 5 3 1 5 4 2 5 0 1 2 1 0 4 1 2 3 0 2 5 5 2 1 2 1 4 4 0 5 0 1 3 0 4 1 0 1 2 4 0 2 0 3 1 3 5 4 2 3 5 4 5 3 | 12 15  0 5 1 0 6 1 0 10 1 1 7 1 1 8 1 1 11 1 2 7 2 2 9 1 3 8 2 3 10 1 4 9 2 4 10 1 5 6 1 5 11 1 6 11 1
R 404 36 54 6 114 3 4 5 2 5 3 0 3 4 1 0 5 1 0 2 1 2 3 0 2 5 4 3 1 0 5 2 2 0 5 0 1 3 1 4 0 0 1 2 0 1 4 2 5 1 3 4 2 3 4 5 4 5 3 | 12 15  0 5 1 0 6 1 0 10 1 1 7 1 1 8 2 2 7 2 2 9 1 3 8 1 3 10 1 3 11 1 4 9 2 4 10 1 5 6 1 5 11 1 6 11 1
R 405 36 54 NOT6 A+B chi=-1 | 12 15  0 5 1 0 6 1 0 10 1 1 7 1 1 8 1 1 11 1 2 7 1 2 9 1 2 11 1 3 8 2 3 10 1 4 9 2 4 10 1 5 6 2 7 11 1
R 406 36 54 NOT6 A+B chi=-1 | 12 15  0 5 1 0 6 1 0 10 1 1 7 1 1 8 2 2 7 1 2 9 1 2 11 1 3 8 1 3 10 1 3 11 1 4 9 2 4 10 1 5 6 2 7 11 1
R 407 36 54 NOT6 A+B chi=-1 | 12 15  0 5 1 0 6 1 0 10 1 1 7 1 1 8 2 2 7 1 2 9 2 3 8 1 3 10 1 3 11 1 4 9 1 4 10 1 4 11 1 5 6 2 7 11 1
R 408 36 54 NOT6 A+B chi=-1 | 12 15  0 5 1 0 6 1 0 10 1 1 7 2 1 8 1 2 7 1 2 9 2 3 8 1 3 10 1 3 11 1 4 9 1 4 10 1 4 11 1 5 6 2 8 11 1
R 409 36 54 NOT6 A+B chi=-1 | 12 15  0 5 1 0 6 1 0 11 1 1 7 1 1 8 1 1 10 1 2 7 1 2 9 2 3 8 2 3 10 1 4 9 1 4 10 1 4 11 1 5 6 2 7 11 1
R 410 36 54 NOT6 A+B chi=-1 | 12 15  0 5 1 0 6 1 0 11 1 1 7 1 1 8 2 2 7 1 2 9 1 2 11 1 3 8 1 3 10 1 3 11 1 4 9 2 4 10 1 5 6 2 7 10 1
R 411 36 54 6 53 3 4 5 1 0 3 4 3 2 5 0 4 0 2 1 1 2 3 0 2 5 2 3 0 4 0 3 1 0 4 1 5 2 4 1 0 0 1 2 4 5 2 1 5 0 1 2 3 3 4 5 4 5 3 | 12 16  0 5 1 0 6 1 0 9 1 1 7 1 1 8 1 1 11 1 2 7 2 2 10 1 3 8 2 3 10 1 4 9 1 4 10 1 4 11 1 5 6 1 5 9 1 6 11 1
R 412 36 54 6 743 3 4 5 5 2 3 4 0 3 0 1 4 0 2 1 1 2 3 0 2 5 0 3 2 4 1 5 1 0 4 0 2 3 4 1 0 0 1 2 1 4 0 5 1 2 2 3 5 3 4 5 4 5 3 | 12 16  0 5 1 0 6 1 0 9 1 1 7 2 1 8 1 2 7 1 2 10 1 2 11 1 3 8 2 3 10 1 4 9 1 4 10 1 4 11 1 5 6 1 5 9 1 6 11 1
R 413 36 54 6 1061 3 4 5 1 0 2 3 2 4 0 3 5 1 4 5 1 2 3 0 2 5 4 2 5 5 4 3 0 1 3 2 1 0 1 4 0 0 1 2 3 4 5 0 1 5 1 4 2 0 2 3 4 5 3 | 12 16  0 5 1 0 6 1 0 9 1 1 7 1 1 9 1 1 11 1 2 7 2 2 9 1 3 8 1 3 10 1 3 11 1 4 8 2 4 10 1 5 6 1 5 10 1 6 11 1
R 414 36 54 6 1112 3 4 5 1 3 2 5 4 0 4 1 0 3 2 5 1 2 3 0 2 5 0 4 2 5 2 4 0 1 3 3 1 0 5 1 4 0 1 2 5 4 0 1 3 2 3 5 2 0 1 4 4 5 3 | 12 16  0 5 1 0 6 1 0 9 1 1 7 1 1 9 1 1 11 1 2 7 2 2 10 1 3 8 1 3 9 1 3 11 1 4 8 2 4 10 1 5 6 1 5 10 1 6 11 1
R 415 36 54 6 91 3 4 5 0 1 2 3 4 1 2 3 0 1 4 5 1 2 3 0 2 5 4 2 1 5 4 3 0 1 3 0 4 1 2 0 1 0 1 2 3 5 4 0 2 5 1 5 4 0 2 3 4 5 3 | 12 16  0 5 1 0 6 1 0 9 1 1 7 2 1 9 1 2 7 1 2 10 1 2 11 1 3 8 1 3 9 1 3 11 1 4 8 2 4 10 1 5 6 1 5 10 1 6 11 1
R 416 36 54 6 2976 3 4 5 0 1 2 4 5 2 1 0 3 4 3 5 1 2 3 0 2 5 2 5 3 5 3 2 1 0 4 0 1 4 4 0 1 0 1 2 4 3 5 0 1 3 4 5 2 0 1 2 4 5 3 | 12 16  0 5 1 0 6 1 0 9 1 1 7 1 1 9 1 1 11 1 2 7 2 2 10 1 3 8 1 3 10 1 3 11 1 4 8 2 4 10 1 5 6 1 5 9 1 6 11 1
R 417 36 54 6 1732 3 4 5 1 0 2 3 4 2 1 3 0 4 0 5 1 2 3 0 2 5 3 2 0 5 0 3 1 0 4 4 1 2 1 0 4 0 1 2 4 5 3 1 0 5 4 5 2 1 2 3 4 5 3 | 12 16  0 5 1 0 6 1 0 9 1 1 7 2 1 9 1 2 7 1 2 10 1 2 11 1 3 8 1 3 10 1 3 11 1 4 8 2 4 10 1 5 6 1 5 9 1 6 11 1
R 418 36 54 6 175 3 4 5 1 0 2 3 4 0 1 5 2 4 0 3 1 2 3 0 2 5 3 2 0 1 0 4 2 0 1 4 5 0 3 1 4 0 1 2 4 5 3 1 2 5 4 3 0 5 1 2 4 5 3 | 12 17  0 5 1 0 6 1 0 8 1 1 7 2 1 8 1 2 7 1 2 10 1 2 11 1 3 9 1 3 10 1 3 11 1 4 9 1 4 10 1 4 11 1 5 6 1 5 8 1 6 9 1
R 419 36 54 6 250 3 4 5 0 2 1 2 4 0 0 1 2 3 5 4 1 2 3 2 0 5 3 0 5 1 4 2 1 0 4 0 3 1 0 4 3 0 1 2 4 3 5 1 3 5 4 3 5 0 2 1 5 4 2 | 12 17  0 5 1 0 6 1 0 9 1 1 5 1 1 6 1 1 10 1 2 7 1 2 8 2 3 7 1 3 9 1 3 11 1 4 8 1 4 10 1 4 11 1 5 9 1 6 10 1 7 11 1
R 420 36 54 6 85 3 4 5 0 2 1 3 4 2 1 0 2 0 5 1 1 2 3 2 0 4 2 0 3 4 0 2 3 1 2 0 3 4 1 0 4 0 1 2 4 3 5 1 5 0 4 5 3 3 4 2 5 5 1 | 12 17  0 5 1 0 6 1 0 11 1 1 5 1 1 6 2 2 7 1 2 8 1 2 9 1 3 7 1 3 10 1 3 11 1 4 8 1 4 9 1 4 10 1 5 11 1 7 9 1 8 10 1
R 421 36 54 6 182 3 4 5 0 2 5 2 1 4 2 4 0 3 0 1 1 2 3 0 2 3 1 2 0 1 0 2 3 0 4 1 0 5 2 3 5 0 1 2 4 3 1 5 3 0 5 3 1 4 5 2 5 4 4 | 12 17  0 5 1 0 6 1 0 10 1 1 5 1 1 7 1 1 9 1 2 6 1 2 8 1 2 11 1 3 7 1 3 10 1 3 11 1 4 8 2 4 9 1 5 9 1 6 10 1 7 11 1
R 422 36 54 6 2942 3 4 5 0 2 1 0 1 2 3 0 5 2 5 4 1 2 3 2 0 5 4 5 0 1 0 4 0 4 1 2 5 1 0 4 3 0 1 2 4 3 5 4 3 5 1 2 4 3 0 1 5 3 2 | 12 18  0 5 1 0 6 1 0 8 1 1 5 1 1 10 1 1 11 1 2 6 1 2 8 1 2 9 1 3 7 1 3 9 1 3 10 1 4 7 1 4 10 1 4 11 1 5 8 1 6 9 1 7 11 1
R 423 36 54 6 343 3 4 5 0 2 5 1 2 3 0 5 2 0 4 1 1 2 3 4 2 3 2 1 5 2 1 0 0 1 4 3 0 4 3 4 2 0 1 2 4 3 1 0 4 5 4 3 1 3 2 5 5 5 0 | 12 18  0 5 1 0 6 1 0 9 1 1 5 1 1 8 1 1 11 1 2 6 1 2 8 1 2 9 1 3 7 1 3 9 1 3 10 1 4 7 1 4 10 1 4 11 1 5 8 1 6 10 1 7 11 1
R 424 36 54 6 148 3 4 5 0 2 5 0 3 1 1 0 3 2 0 4 1 2 3 2 0 5 4 3 5 2 1 0 0 3 4 0 4 1 1 4 2 0 1 2 4 3 1 4 5 2 2 4 5 1 5 3 5 3 0 | 12 18  0 5 1 0 6 1 0 9 1 1 5 1 1 8 1 1 9 1 2 6 1 2 9 1 2 10 1 3 7 1 3 8 1 3 11 1 4 7 1 4 10 1 4 11 1 5 8 1 6 10 1 7 11 1
R 425 36 54 NOT6 A+B chi=-1 | 12 14  0 4 1 0 8 1 0 11 1 1 5 1 1 9 1 1 11 1 2 6 2 2 10 1 3 7 2 3 10 1 4 8 2 5 9 2 6 10 1 7 11 1
R 426 36 54 NOT6 A+B chi=-1 | 12 15  0 4 1 0 8 1 0 11 1 1 5 1 1 9 1 1 11 1 2 6 2 2 9 1 3 7 2 3 10 1 4 8 2 5 9 1 5 11 1 6 10 1 7 10 1
R 427 36 54 NOT6 A+B chi=-1 | 12 15  0 4 1 0 8 1 0 11 1 1 5 2 1 9 1 2 6 1 2 9 1 2 11 1 3 7 2 3 10 1 4 8 2 5 9 1 6 10 1 6 11 1 7 10 1
R 428 36 54 NOT6 B chi=7 | 12 16  0 4 1 0 8 1 0 9 1 1 5 1 1 8 1 1 11 1 2 6 2 2 9 1 3 7 2 3 10 1 4 8 1 4 11 1 5 9 1 5 11 1 6 10 1 7 10 1
R 429 36 54 NOT6 B chi=7 | 12 16  0 4 1 0 8 1 0 9 1 1 5 2 1 8 1 2 6 1 2 9 1 2 11 1 3 7 2 3 10 1 4 8 1 4 11 1 5 10 1 6 9 1 6 11 1 7 10 1
R 430 36 54 NOT6 B chi=7 | 12 17  0 4 1 0 7 1 0 8 1 1 5 1 1 8 1 1 10 1 2 6 2 2 10 1 3 7 1 3 8 1 3 9 1 4 9 1 4 11 1 5 9 1 5 11 1 6 10 1 7 11 1
R 431 36 54 NOT6 B chi=7 | 12 17  0 4 1 0 7 1 0 8 1 1 5 1 1 8 1 1 11 1 2 6 2 2 10 1 3 7 1 3 8 1 3 9 1 4 9 1 4 11 1 5 9 1 5 10 1 6 10 1 7 11 1
R 432 36 54 6 395 1 2 3 2 0 4 3 1 2 0 4 1 3 4 5 1 4 2 5 2 3 0 2 1 0 3 4 3 2 0 3 2 4 3 0 1 0 4 5 3 1 5 0 5 4 3 2 5 1 2 0 5 1 4 | 12 17  0 4 1 0 7 2 1 5 1 1 8 1 1 9 1 2 6 1 2 8 1 2 9 1 3 7 1 3 8 1 3 10 1 4 9 1 4 11 1 5 10 1 5 11 1 6 10 1 6 11 1
R 433 36 54 6 303 3 1 2 2 1 4 4 0 3 0 2 3 0 2 1 5 3 4 5 1 0 3 4 5 0 1 2 2 0 4 0 4 1 5 0 3 4 5 0 0 3 5 2 5 1 1 4 5 3 2 1 3 4 2 | 12 17  0 4 2 0 7 1 1 5 1 1 8 1 1 9 1 2 6 1 2 8 1 2 9 1 3 7 1 3 8 1 3 10 1 4 9 1 5 10 1 5 11 1 6 10 1 6 11 1 7 11 1
R 434 36 54 6 142 1 2 3 2 3 4 1 0 3 0 4 1 3 4 5 5 1 2 5 4 0 0 2 1 0 3 4 2 1 0 0 2 4 0 3 5 0 4 5 0 1 5 2 5 4 3 2 5 1 2 3 4 3 1 | 12 17  0 4 1 0 7 2 1 5 1 1 8 1 1 10 1 2 6 1 2 8 1 2 9 1 3 7 1 3 8 1 3 9 1 4 10 1 4 11 1 5 9 1 5 11 1 6 10 1 6 11 1
R 435 36 54 6 101 1 2 3 2 0 4 1 4 2 0 4 1 3 4 5 5 1 0 3 2 5 0 2 1 0 3 4 3 0 2 0 5 4 1 3 0 0 4 5 3 1 5 0 5 3 3 2 5 1 2 4 2 1 4 | 12 17  0 4 1 0 7 2 1 5 1 1 8 1 1 11 1 2 6 1 2 8 1 2 10 1 3 7 1 3 8 1 3 9 1 4 10 1 4 11 1 5 9 1 5 10 1 6 9 1 6 11 1
R 436 36 54 NOT6 B chi=7 | 12 17  0 4 1 0 7 1 0 8 1 1 5 1 1 8 1 1 10 1 2 6 2 2 10 1 3 7 1 3 9 1 3 11 1 4 8 1 4 9 1 5 9 1 5 11 1 6 10 1 7 11 1
R 437 36 54 NOT6 B chi=7 | 12 17  0 4 1 0 7 1 0 8 1 1 5 1 1 8 1 1 11 1 2 6 2 2 10 1 3 7 1 3 9 1 3 10 1 4 8 1 4 9 1 5 9 1 5 11 1 6 10 1 7 11 1
R 438 36 54 NOT6 B chi=7 | 12 17  0 4 1 0 7 1 0 8 1 1 5 1 1 9 1 1 10 1 2 6 2 2 10 1 3 7 1 3 8 1 3 9 1 4 8 1 4 11 1 5 9 1 5 11 1 6 10 1 7 11 1
R 439 36 54 NOT6 B chi=7 | 12 17  0 4 1 0 7 1 0 8 1 1 5 1 1 9 1 1 10 1 2 6 2 2 10 1 3 7 1 3 8 1 3 11 1 4 8 1 4 9 1 5 9 1 5 11 1 6 10 1 7 11 1
R 440 36 54 NOT6 B chi=7 | 12 17  0 4 1 0 7 1 0 10 1 1 5 1 1 8 1 1 11 1 2 6 2 2 10 1 3 7 1 3 8 1 3 9 1 4 8 1 4 9 1 5 9 1 5 11 1 6 10 1 7 11 1
R 441 36 54 6 565 1 2 3 4 0 5 1 4 2 0 4 2 3 4 5 5 1 0 2 0 1 0 2 1 0 3 4 3 4 1 2 0 3 0 5 3 0 4 5 3 1 2 3 5 0 3 5 1 1 2 2 4 5 4 | 12 17  0 4 1 0 7 2 1 5 1 1 8 1 1 9 1 2 6 1 2 8 1 2 9 1 3 7 1 3 9 1 3 11 1 4 10 1 4 11 1 5 8 1 5 10 1 6 10 1 6 11 1
R 442 36 54 6 103 3 4 5 4 5 3 2 1 0 1 2 0 1 2 3 1 3 4 4 0 2 0 2 3 1 0 3 4 0 5 2 5 0 0 1 4 0 1 2 0 2 1 5 4 3 4 5 3 4 5 5 2 1 3 | 12 17  0 4 1 0 7 1 0 11 1 1 5 1 1 8 1 1 9 1 2 6 1 2 8 1 2 10 1 3 7 2 3 9 1 4 10 1 4 11 1 5 8 1 5 9 1 6 10 1 6 11 1
R 443 36 54 6 2079 1 2 3 2 4 5 1 5 0 0 4 2 3 4 5 1 5 3 2 0 1 0 2 1 3 0 5 1 0 4 2 3 0 0 5 3 0 4 5 0 1 3 3 2 4 3 5 1 1 2 4 2 5 4 | 12 17  0 4 1 0 7 2 1 5 1 1 8 1 1 9 1 2 6 1 2 8 1 2 10 1 3 7 1 3 9 1 3 11 1 4 10 1 4 11 1 5 8 1 5 9 1 6 10 1 6 11 1
R 444 36 54 6 113 1 2 3 2 4 1 3 0 5 0 4 1 3 4 5 0 1 2 2 5 0 0 2 1 0 3 1 2 5 1 4 3 0 0 3 1 0 4 5 3 5 0 1 2 4 3 2 5 1 2 4 5 3 4 | 12 17  0 4 1 0 7 2 1 5 1 1 8 1 1 9 1 2 6 1 2 8 1 2 9 1 3 7 1 3 10 1 3 11 1 4 10 1 4 11 1 5 8 1 5 10 1 6 9 1 6 11 1
R 445 36 54 6 1406 1 2 3 1 4 5 0 4 5 0 4 2 3 4 5 2 0 1 1 2 0 0 2 1 3 0 4 1 2 3 0 3 4 0 5 3 0 4 5 3 2 0 3 1 2 3 5 1 1 2 5 4 4 5 | 12 17  0 4 1 0 7 2 1 5 1 1 8 1 1 9 1 2 6 1 2 8 1 2 10 1 3 7 1 3 9 1 3 11 1 4 10 1 4 11 1 5 8 1 5 11 1 6 9 1 6 10 1
R 446 36 54 6 470 3 1 2 2 3 5 4 3 0 0 2 3 0 2 1 1 0 2 2 1 4 3 4 5 1 4 3 2 0 5 4 2 5 4 0 1 4 5 0 4 0 1 5 2 1 1 4 5 3 5 3 3 0 2 | 12 17  0 4 2 0 7 1 1 5 1 1 8 1 1 9 1 2 6 1 2 8 1 2 10 1 3 7 1 3 9 1 3 11 1 4 10 1 5 8 1 5 11 1 6 9 1 6 10 1 7 11 1
R 447 36 54 6 1716 1 2 3 5 0 4 0 1 2 0 4 2 3 4 5 3 2 5 2 4 1 0 2 1 1 2 4 1 3 4 0 2 3 5 0 3 0 4 5 1 3 2 3 5 4 3 5 1 1 2 0 4 0 5 | 12 17  0 4 1 0 7 2 1 5 1 1 8 1 1 9 1 2 6 1 2 8 1 2 11 1 3 7 1 3 9 1 3 11 1 4 10 1 4 11 1 5 8 1 5 10 1 6 9 1 6 10 1
R 448 36 54 6 239 1 2 3 5 0 1 4 1 2 0 4 1 3 4 5 3 1 4 3 2 5 0 2 1 0 2 1 5 4 2 3 0 4 0 3 1 0 4 5 2 4 3 0 3 5 3 2 5 1 2 5 0 1 4 | 12 17  0 4 1 0 7 2 1 5 1 1 8 1 1 9 1 2 6 1 2 8 1 2 10 1 3 7 1 3 10 1 3 11 1 4 10 1 4 11 1 5 8 1 5 9 1 6 9 1 6 11 1
R 449 36 54 6 67 1 2 3 2 5 4 0 5 3 0 4 1 3 4 5 1 3 2 4 1 0 0 2 1 3 0 4 1 0 2 0 2 5 0 4 3 0 4 5 0 1 3 2 4 1 3 2 5 1 2 5 4 3 5 | 12 17  0 4 1 0 7 2 1 5 1 1 8 1 1 9 1 2 6 1 2 9 1 2 11 1 3 7 1 3 8 1 3 9 1 4 10 1 4 11 1 5 8 1 5 10 1 6 10 1 6 11 1
R 450 36 54 6 102 3 4 5 3 5 4 0 2 1 1 2 0 1 2 3 1 4 2 3 5 0 0 2 3 1 0 4 2 0 5 0 4 1 0 3 4 0 1 2 0 2 1 4 3 5 4 5 3 4 5 5 3 2 1 | 12 17  0 4 1 0 7 1 0 11 1 1 5 1 1 8 1 1 9 1 2 6 1 2 9 1 2 11 1 3 7 2 3 8 1 4 9 1 4 10 1 5 8 1 5 10 1 6 10 1 6 11 1
R 451 36 54 6 109 1 2 3 2 3 4 0 1 5 0 4 1 3 4 5 1 4 2 3 5 0 0 2 1 3 0 4 2 0 4 0 1 5 0 3 2 0 4 5 0 1 5 2 3 4 3 2 5 1 2 5 3 4 1 | 12 17  0 4 1 0 7 2 1 5 1 1 8 1 1 9 1 2 6 1 2 9 1 2 11 1 3 7 1 3 8 1 3 11 1 4 9 1 4 10 1 5 8 1 5 10 1 6 10 1 6 11 1
R 452 36 54 NOT6 B chi=7 | 12 17  0 4 1 0 7 1 0 10 1 1 5 1 1 8 1 1 9 1 2 6 2 2 10 1 3 7 1 3 8 1 3 9 1 4 9 1 4 11 1 5 8 1 5 11 1 6 10 1 7 11 1
R 453 36 54 NOT6 B chi=7 | 12 17  0 4 1 0 7 1 0 10 1 1 5 1 1 8 1 1 9 1 2 6 2 2 10 1 3 7 1 3 8 1 3 11 1 4 9 1 4 11 1 5 8 1 5 9 1 6 10 1 7 11 1
R 454 36 54 6 365 1 2 3 5 3 2 4 0 2 0 4 1 3 4 5 2 4 1 3 2 5 0 2 1 3 0 4 0 5 2 0 1 2 1 4 3 0 4 5 0 1 4 1 3 5 3 2 5 1 2 5 3 4 0 | 12 17  0 4 1 0 7 2 1 5 1 1 8 1 1 9 1 2 6 1 2 10 1 2 11 1 3 7 1 3 8 1 3 10 1 4 9 1 4 11 1 5 8 1 5 9 1 6 10 1 6 11 1
R 455 36 54 NOT6 B chi=7 | 12 17  0 4 1 0 7 1 0 11 1 1 5 1 1 8 1 1 9 1 2 6 2 2 10 1 3 7 1 3 8 1 3 10 1 4 9 1 4 11 1 5 8 1 5 9 1 6 10 1 7 11 1
R 456 36 54 6 B 1 2 3 4 5 1 3 0 1 0 5 3 5 3 2 1 3 0 2 1 4 4 0 3 2 3 4 0 2 5 0 5 1 3 2 5 0 4 5 2 0 3 5 2 4 2 1 4 1 5 4 3 0 1 | 12 17  0 4 2 0 7 1 1 5 1 1 8 1 1 9 1 2 6 1 2 10 1 2 11 1 3 7 1 3 8 1 3 10 1 4 9 1 5 8 1 5 9 1 6 10 1 6 11 1 7 11 1
R 457 36 54 NOT6 B chi=7 | 12 17  0 4 1 0 7 1 0 8 1 1 5 1 1 8 1 1 9 1 2 6 2 2 9 1 3 7 1 3 10 1 3 11 1 4 10 1 4 11 1 5 10 1 5 11 1 6 9 1 7 8 1
R 458 36 54 6 115 3 4 5 2 4 3 0 1 2 0 1 4 1 2 3 5 3 0 4 2 1 0 2 5 1 4 2 0 1 3 1 4 3 5 0 1 0 1 2 1 0 5 3 5 4 3 5 2 4 5 2 4 0 3 | 12 16  0 4 1 0 7 1 0 9 1 1 5 1 1 8 2 2 6 2 2 9 1 3 8 1 3 9 1 3 11 1 4 7 1 4 10 1 5 10 1 5 11 1 6 10 1 7 11 1
R 459 36 54 6 71 3 4 5 2 5 0 1 0 2 1 3 4 1 2 3 1 0 3 3 2 0 0 2 5 4 5 2 1 0 4 0 3 4 1 0 4 0 1 2 4 1 3 4 5 3 0 2 5 4 5 5 2 1 3 | 12 16  0 4 1 0 7 1 0 9 1 1 5 1 1 8 2 2 6 2 2 9 1 3 8 1 3 10 1 3 11 1 4 7 1 4 9 1 5 10 1 5 11 1 6 10 1 7 11 1
R 460 36 54 NOT6 B chi=7 | 12 16  0 4 1 0 7 1 0 9 1 1 5 1 1 8 2 2 6 2 2 10 1 3 8 1 3 9 1 3 11 1 4 7 1 4 9 1 5 10 1 5 11 1 6 10 1 7 11 1
R 461 36 54 NOT6 B chi=7 | 12 16  0 4 1 0 7 1 0 9 1 1 5 1 1 8 2 2 6 2 2 10 1 3 8 1 3 9 1 3 11 1 4 7 1 4 10 1 5 9 1 5 11 1 6 10 1 7 11 1
R 462 36 54 6 B 2 3 1 3 2 5 0 5 1 4 3 0 0 5 3 4 5 2 4 3 1 5 3 4 0 3 1 2 0 4 2 3 0 4 2 5 4 0 5 0 1 4 2 4 3 2 5 1 2 1 3 5 0 1 | 12 16  0 4 1 0 7 1 0 9 1 1 5 2 1 8 1 2 6 1 2 10 1 2 11 1 3 8 2 3 9 1 4 7 1 4 10 1 5 9 1 6 10 1 6 11 1 7 11 1
R 463 36 54 NOT6 A+B chi=-1 | 12 16  0 4 1 0 7 1 0 11 1 1 5 1 1 8 1 1 9 1 2 6 2 2 10 1 3 8 1 3 9 1 3 10 1 4 7 2 5 9 1 5 11 1 6 10 1 8 11 1
R 464 36 54 NOT6 A+B chi=-1 | 12 16  0 4 1 0 7 1 0 11 1 1 5 1 1 8 1 1 9 1 2 6 2 2 10 1 3 8 1 3 9 1 3 11 1 4 7 2 5 9 1 5 10 1 6 10 1 8 11 1
R 465 36 54 NOT6 A+B chi=-1 | 12 16  0 4 1 0 7 1 0 11 1 1 5 1 1 8 2 2 6 1 2 9 1 2 10 1 3 8 1 3 9 1 3 11 1 4 7 2 5 10 1 5 11 1 6 9 1 6 10 1
R 466 36 54 NOT6 A+B chi=-1 | 12 14  0 4 1 0 7 1 0 11 1 1 5 1 1 8 1 1 11 1 2 6 1 2 9 1 2 11 1 3 9 2 3 10 1 4 7 2 5 8 2 6 10 2
R 467 36 54 NOT6 A+B chi=-1 | 12 15  0 4 1 0 7 1 0 10 1 1 5 1 1 8 1 1 11 1 2 6 1 2 9 2 3 9 1 3 10 1 3 11 1 4 7 2 5 8 2 6 10 1 6 11 1
R 468 36 54 NOT6 B chi=7 | 12 16  0 4 1 0 7 1 0 9 1 1 5 1 1 8 1 1 11 1 2 6 2 2 10 1 3 9 1 3 10 1 3 11 1 4 7 1 4 9 1 5 8 2 6 10 1 7 11 1
R 469 36 54 NOT6 A+B chi=-1 | 12 16  0 4 1 0 7 1 0 11 1 1 5 1 1 8 1 1 11 1 2 6 1 2 9 1 2 10 1 3 9 1 3 10 1 3 11 1 4 7 2 5 8 2 6 9 1 6 10 1
R 470 36 54 NOT6 B chi=7 | 12 17  0 4 1 0 7 1 0 8 1 1 5 1 1 9 1 1 10 1 2 6 2 2 10 1 3 8 1 3 9 1 3 11 1 4 7 1 4 8 1 5 9 1 5 11 1 6 10 1 7 11 1
R 471 36 54 NOT6 A+B chi=-1 | 12 17  0 4 1 0 7 1 0 10 1 1 5 1 1 8 1 1 9 1 2 6 1 2 10 1 2 11 1 3 8 1 3 9 1 3 11 1 4 7 2 5 8 1 5 9 1 6 10 1 6 11 1
R 472 36 54 6 72 3 4 5 1 3 2 1 0 4 0 2 4 1 2 3 2 4 1 3 5 1 0 2 3 1 0 2 1 0 4 1 2 4 0 3 2 0 1 2 0 4 5 2 5 3 5 3 1 4 5 3 5 0 4 | 12 18  0 4 1 0 7 1 0 9 1 1 5 1 1 7 1 1 8 1 2 6 1 2 7 1 2 8 1 3 9 1 3 10 1 3 11 1 4 8 1 4 10 1 5 9 1 5 11 1 6 10 1 6 11 1
R 473 36 54 6 65 3 4 5 1 0 2 1 3 2 0 1 4 1 2 3 2 4 5 2 5 1 0 2 3 1 0 3 1 0 2 0 5 3 1 4 2 0 1 2 3 4 5 0 4 5 5 3 2 4 5 1 0 4 3 | 12 18  0 4 1 0 7 1 0 8 1 1 5 1 1 7 1 1 8 1 2 6 1 2 8 1 2 9 1 3 7 1 3 9 1 3 10 1 4 9 1 4 11 1 5 10 1 5 11 1 6 10 1 6 11 1
R 474 36 54 6 74 3 4 5 1 0 2 1 5 2 0 1 3 1 2 3 4 2 0 4 2 1 0 2 3 1 0 3 0 1 2 1 2 0 4 0 3 0 1 2 3 4 5 0 4 3 5 4 2 4 5 5 1 3 5 | 12 18  0 4 1 0 7 1 0 8 1 1 5 1 1 7 1 1 8 1 2 6 1 2 8 1 2 9 1 3 7 1 3 10 1 3 11 1 4 9 1 4 10 1 5 9 1 5 11 1 6 10 1 6 11 1
R 475 36 54 6 544 3 4 5 1 0 2 1 0 2 1 0 4 1 2 3 4 5 0 2 5 1 0 2 3 1 0 3 0 3 5 1 0 3 1 4 2 0 1 2 3 4 5 3 4 5 5 2 3 4 5 1 2 4 0 | 12 18  0 4 1 0 7 1 0 8 1 1 5 1 1 7 1 1 8 1 2 6 1 2 8 1 2 11 1 3 7 1 3 9 1 3 11 1 4 9 1 4 10 1 5 9 1 5 10 1 6 10 1 6 11 1
R 476 36 54 6 213 3 4 5 1 3 2 0 2 4 0 4 3 1 2 3 2 5 1 4 1 2 0 2 3 1 0 2 0 3 5 4 1 0 2 5 4 0 1 2 0 4 5 5 3 1 5 2 1 4 5 4 3 3 0 | 12 18  0 4 1 0 7 1 0 9 1 1 5 1 1 7 1 1 8 1 2 6 1 2 8 1 2 9 1 3 7 1 3 10 1 3 11 1 4 8 1 4 10 1 5 9 1 5 11 1 6 10 1 6 11 1
R 477 36 54 6 55 3 4 5 1 3 2 0 1 4 0 1 2 1 2 3 4 5 1 3 5 0 0 2 3 1 0 2 1 3 0 0 1 5 0 2 4 0 1 2 0 4 5 2 3 5 5 4 3 4 5 2 3 4 1 | 12 18  0 4 1 0 7 1 0 10 1 1 5 1 1 7 1 1 8 1 2 6 1 2 8 1 2 11 1 3 7 1 3 9 1 3 10 1 4 8 1 4 9 1 5 9 1 5 11 1 6 10 1 6 11 1
R 478 36 54 6 57 3 4 5 1 3 2 0 1 4 0 1 2 1 2 3 5 4 1 3 5 0 0 2 3 1 0 2 1 3 0 0 1 5 0 2 4 0 1 2 0 4 5 2 3 5 5 4 3 4 5 2 3 4 1 | 12 18  0 4 1 0 7 1 0 10 1 1 5 1 1 7 1 1 8 1 2 6 1 2 8 1 2 11 1 3 7 1 3 9 1 3 11 1 4 8 1 4 9 1 5 9 1 5 10 1 6 10 1 6 11 1
R 479 36 54 6 983 3 4 5 1 3 2 0 1 4 4 0 1 1 2 3 4 2 3 3 5 0 0 2 3 1 0 2 0 2 4 0 3 1 3 0 4 0 1 2 0 4 5 2 3 5 5 3 2 4 5 5 1 1 4 | 12 18  0 4 1 0 7 1 0 10 1 1 5 1 1 7 1 1 8 1 2 6 1 2 8 1 2 11 1 3 7 1 3 9 1 3 11 1 4 8 1 4 9 1 5 10 1 5 11 1 6 9 1 6 10 1
R 480 36 54 6 142 3 4 5 1 3 2 0 4 5 0 1 4 1 2 3 2 4 3 1 5 0 0 2 3 1 0 2 1 0 4 0 3 5 0 2 4 0 1 2 0 4 5 2 3 1 5 3 2 4 5 5 1 4 3 | 12 18  0 4 1 0 7 1 0 9 1 1 5 1 1 7 1 1 8 1 2 6 1 2 9 1 2 11 1 3 7 1 3 8 1 3 10 1 4 8 1 4 11 1 5 9 1 5 10 1 6 10 1 6 11 1
R 481 36 54 6 124 3 4 5 2 3 1 0 1 4 0 1 5 1 2 3 0 1 2 4 3 5 0 2 3 0 1 4 2 5 1 4 1 3 0 2 4 0 1 2 4 5 0 2 3 5 4 2 3 5 4 3 5 0 1 | 12 18  0 4 1 0 7 1 0 8 1 1 5 1 1 7 1 1 9 1 2 6 1 2 9 1 2 11 1 3 7 1 3 10 1 3 11 1 4 8 1 4 9 1 5 8 1 5 10 1 6 10 1 6 11 1
R 482 36 54 6 404 3 4 5 2 3 1 0 2 4 1 5 0 1 2 3 0 1 2 4 1 5 0 2 3 0 1 4 2 4 3 5 3 1 1 0 4 0 1 2 4 5 0 3 1 5 4 2 3 5 4 3 5 0 2 | 12 18  0 4 1 0 7 1 0 8 1 1 5 1 1 7 1 1 9 1 2 6 1 2 9 1 2 11 1 3 7 1 3 10 1 3 11 1 4 8 1 4 10 1 5 8 1 5 9 1 6 10 1 6 11 1
R 483 36 54 6 120 3 4 5 1 0 2 0 1 3 1 2 5 1 2 3 3 2 0 5 4 1 0 2 5 1 0 3 2 1 0 1 4 2 4 2 3 0 1 2 4 3 5 2 4 5 4 3 0 4 5 5 1 3 0 | 12 18  0 4 1 0 7 1 0 8 1 1 5 1 1 7 1 1 8 1 2 6 1 2 9 1 2 11 1 3 8 1 3 9 1 3 10 1 4 7 1 4 9 1 5 10 1 5 11 1 6 10 1 6 11 1
R 484 36 54 6 123 3 4 5 1 0 2 0 1 2 0 4 3 1 2 3 2 3 5 5 2 1 0 2 5 1 0 4 3 4 1 4 3 2 2 0 4 0 1 2 4 3 5 4 3 5 2 1 5 4 5 0 1 0 3 | 12 18  0 4 1 0 7 1 0 8 1 1 5 1 1 7 1 1 10 1 2 6 1 2 8 1 2 9 1 3 9 1 3 10 1 3 11 1 4 7 1 4 8 1 5 9 1 5 11 1 6 10 1 6 11 1
R 485 36 54 6 1841 3 4 5 1 0 2 3 1 4 2 1 3 1 2 3 2 4 0 4 2 5 0 2 5 0 1 4 1 3 0 5 0 2 2 3 4 0 1 2 5 3 4 0 2 5 5 4 0 4 5 3 1 3 1 | 12 18  0 4 1 0 7 1 0 8 1 1 5 1 1 7 1 1 9 1 2 6 1 2 9 1 2 11 1 3 9 1 3 10 1 3 11 1 4 7 1 4 8 1 5 8 1 5 10 1 6 10 1 6 11 1
R 486 36 54 6 547 3 4 5 1 0 2 2 0 4 1 2 0 1 2 3 4 2 5 4 3 5 0 2 5 0 1 3 3 1 2 4 0 3 1 2 4 0 1 2 3 4 5 1 5 3 3 4 5 4 5 0 1 2 0 | 12 18  0 4 1 0 7 1 0 8 1 1 5 1 1 8 1 1 9 1 2 6 1 2 8 1 2 11 1 3 7 1 3 9 1 3 11 1 4 7 1 4 10 1 5 9 1 5 10 1 6 10 1 6 11 1
R 487 36 54 6 160 3 4 5 0 1 2 4 5 0 1 2 0 1 2 3 2 3 5 2 3 4 0 2 5 1 0 4 3 4 1 2 3 0 4 2 1 0 1 2 4 3 5 1 2 3 3 4 5 4 5 0 1 5 0 | 12 18  0 4 1 0 7 1 0 8 1 1 5 1 1 8 1 1 9 1 2 6 1 2 9 1 2 11 1 3 7 1 3 10 1 3 11 1 4 7 1 4 8 1 5 9 1 5 10 1 6 10 1 6 11 1
R 488 36 54 6 717 3 4 5 0 1 2 4 5 3 1 2 4 1 2 3 3 2 0 0 2 5 0 2 5 1 0 4 3 4 2 1 2 3 0 4 1 0 1 2 4 3 5 1 0 2 3 0 5 4 5 1 5 4 3 | 12 18  0 4 1 0 7 1 0 8 1 1 5 1 1 8 1 1 9 1 2 6 1 2 10 1 2 11 1 3 7 1 3 9 1 3 11 1 4 7 1 4 8 1 5 9 1 5 10 1 6 10 1 6 11 1
R 489 36 54 6 253 3 4 5 3 0 4 1 0 2 2 1 0 1 2 3 1 5 3 2 4 5 0 2 5 3 0 1 0 2 3 2 3 4 1 3 2 0 1 2 2 1 5 3 4 5 3 4 5 4 5 0 4 1 0 | 12 18  0 4 1 0 7 1 0 8 1 1 5 1 1 9 1 1 10 1 2 6 1 2 9 1 2 11 1 3 7 1 3 8 1 3 9 1 4 7 1 4 8 1 5 10 1 5 11 1 6 10 1 6 11 1
R 490 36 54 6 366 3 4 5 1 5 2 1 4 5 1 2 0 1 2 3 2 3 4 2 0 1 0 2 5 0 1 3 0 1 4 2 3 0 1 2 3 0 1 2 0 4 3 3 2 0 3 4 5 4 5 5 1 5 4 | 12 18  0 4 1 0 7 1 0 8 1 1 5 1 1 8 1 1 9 1 2 6 1 2 9 1 2 11 1 3 7 1 3 10 1 3 11 1 4 7 1 4 9 1 5 8 1 5 10 1 6 10 1 6 11 1
R 491 36 54 6 48 3 4 5 0 4 1 0 1 2 3 0 4 1 2 3 1 3 0 2 0 5 2 3 4 1 0 4 0 4 1 3 1 2 0 2 1 0 1 2 2 5 3 4 3 5 1 2 5 5 4 4 5 3 0 | 12 18  0 4 1 0 6 1 0 8 1 1 5 1 1 7 1 1 11 1 2 6 1 2 8 1 2 9 1 3 7 1 3 9 1 3 10 1 4 8 1 4 11 1 5 10 1 5 11 1 6 9 1 7 10 1
R 492 36 54 6 131 3 4 5 0 1 3 1 2 4 3 5 1 1 2 3 5 4 0 0 2 4 2 3 1 1 2 0 4 0 1 3 4 2 0 1 5 0 1 2 2 5 4 5 0 3 4 2 0 4 5 1 3 3 5 | 12 18  0 4 1 0 6 1 0 11 1 1 5 1 1 8 1 1 11 1 2 6 1 2 7 1 2 8 1 3 7 1 3 9 1 3 10 1 4 8 1 4 9 1 5 10 1 5 11 1 6 9 1 7 10 1
R 493 36 54 6 136 3 4 5 5 3 1 1 2 3 0 2 4 1 2 3 2 4 5 0 2 3 4 2 5 0 3 4 2 0 1 0 1 2 0 1 4 0 1 2 0 2 4 4 0 5 1 3 5 4 5 1 3 5 3 | 12 18  0 4 1 0 6 1 0 11 1 1 5 1 1 8 1 1 9 1 2 6 1 2 7 1 2 8 1 3 7 1 3 9 1 3 10 1 4 10 1 4 11 1 5 8 1 5 10 1 6 9 1 7 11 1
R 494 36 54 6 91 3 4 5 0 1 2 1 2 3 1 0 5 1 2 3 5 2 0 0 2 3 2 5 3 1 0 4 0 1 2 0 3 4 4 2 0 0 1 2 4 3 5 4 0 5 4 2 3 4 5 3 1 5 1 | 12 18  0 4 1 0 6 1 0 8 1 1 5 1 1 8 1 1 10 1 2 6 1 2 7 1 2 9 1 3 7 1 3 10 1 3 11 1 4 9 1 4 11 1 5 9 1 5 10 1 6 8 1 7 11 1
R 495 36 54 6 465 3 4 5 5 3 4 1 2 5 0 1 2 1 2 3 1 4 5 0 2 3 2 0 5 3 1 4 1 0 4 0 3 4 5 2 0 0 1 2 0 2 1 4 3 0 4 3 5 5 4 2 3 5 1 | 12 18  0 4 1 0 6 1 0 9 1 1 5 1 1 8 1 1 11 1 2 6 1 2 7 1 2 8 1 3 7 1 3 9 1 3 10 1 4 9 1 4 11 1 5 10 1 5 11 1 6 8 1 7 10 1
R 496 36 54 6 465 3 4 5 0 1 4 1 2 3 0 4 5 1 2 3 5 3 0 0 2 3 2 4 5 1 0 4 1 2 0 0 3 4 2 0 1 0 1 2 2 3 5 4 0 5 1 3 2 4 5 1 4 5 3 | 12 18  0 4 1 0 6 1 0 8 1 1 5 1 1 9 1 1 11 1 2 6 1 2 7 1 2 9 1 3 7 1 3 8 1 3 10 1 4 9 1 4 10 1 5 10 1 5 11 1 6 8 1 7 11 1
R 497 36 54 6 682 3 4 5 2 5 4 1 2 5 0 1 2 1 2 3 0 1 5 0 2 3 2 0 5 3 5 2 1 0 4 3 1 4 0 3 2 0 1 2 3 0 1 4 3 0 4 3 5 4 5 2 4 5 1 | 12 17  0 4 1 0 6 1 0 9 1 1 5 1 1 8 2 2 6 1 2 7 1 2 10 1 3 8 1 3 9 1 3 11 1 4 7 1 4 9 1 5 10 1 5 11 1 6 10 1 7 11 1
R 498 36 54 6 73 3 4 5 0 1 2 0 1 2 3 4 5 1 2 3 3 5 1 2 3 1 1 4 0 0 2 5 1 0 4 4 1 2 0 4 3 0 1 2 4 3 5 4 5 3 0 2 1 4 5 0 2 5 3 | 12 18  0 4 1 0 8 1 0 9 1 1 5 1 1 9 1 1 11 1 2 6 1 2 7 1 2 8 1 3 6 1 3 7 1 3 11 1 4 8 1 4 10 1 5 10 1 5 11 1 6 9 1 7 10 1
R 499 36 54 6 449 3 4 5 2 3 0 5 3 4 0 1 2 1 2 3 0 1 3 0 2 5 4 3 0 2 1 5 1 0 4 4 0 1 2 4 0 0 1 2 4 5 1 1 2 0 4 3 5 4 5 2 5 3 3 | 12 17  0 4 1 0 6 1 0 9 1 1 5 1 1 7 1 1 11 1 2 7 2 2 8 1 3 8 1 3 9 1 3 10 1 4 6 1 4 9 1 5 10 1 5 11 1 6 10 1 8 11 1
R 500 36 54 6 970 3 4 5 0 4 2 5 1 3 0 1 2 1 2 3 5 1 0 0 2 5 3 1 0 2 5 3 1 0 4 3 0 2 5 0 4 0 1 2 3 5 1 2 4 0 4 3 5 4 5 4 2 3 1 | 12 17  0 4 1 0 6 1 0 9 1 1 5 1 1 7 1 1 11 1 2 7 2 2 8 1 3 8 1 3 9 1 3 10 1 4 6 1 4 9 1 5 10 1 5 11 1 6 11 1 8 10 1
R 501 36 54 6 2548 3 4 5 0 4 5 1 2 3 0 1 2 1 2 3 5 3 0 0 2 5 1 4 0 2 5 3 1 0 4 3 0 2 5 0 1 0 1 2 1 2 3 5 0 4 4 3 5 4 5 4 2 3 1 | 12 17  0 4 1 0 6 1 0 9 1 1 5 1 1 7 2 2 7 1 2 8 1 2 11 1 3 8 1 3 9 1 3 10 1 4 6 1 4 9 1 5 10 1 5 11 1 6 11 1 8 10 1
R 502 36 54 6 81 3 4 5 1 5 0 1 2 3 0 2 4 1 2 3 0 3 1 0 2 5 4 3 5 1 0 4 2 0 1 0 4 3 2 4 0 0 1 2 4 2 3 0 4 5 3 5 1 4 5 2 5 3 1 | 12 18  0 4 1 0 6 1 0 8 1 1 5 1 1 7 1 1 11 1 2 7 1 2 9 1 2 10 1 3 8 1 3 9 1 3 10 1 4 6 1 4 8 1 5 10 1 5 11 1 6 9 1 7 11 1
R 503 36 54 6 462 3 4 5 0 1 2 2 1 3 0 4 5 1 2 3 3 5 0 0 2 5 3 4 1 4 0 2 1 0 4 4 0 1 2 0 3 0 1 2 4 3 5 0 5 4 2 1 3 4 5 2 1 3 5 | 12 17  0 4 1 0 6 1 0 9 1 1 5 1 1 9 1 1 10 1 2 7 1 2 8 1 2 11 1 3 7 1 3 8 2 4 6 1 4 9 1 5 10 1 5 11 1 6 10 1 7 11 1
R 504 36 54 6 292 3 4 5 0 1 2 1 0 3 2 0 4 1 2 3 3 5 0 0 2 5 4 3 5 1 0 4 4 0 1 0 2 3 1 4 2 0 1 2 4 3 5 2 4 5 1 5 3 4 5 2 1 3 0 | 12 18  0 4 1 0 6 1 0 8 1 1 5 1 1 8 1 1 9 1 2 7 1 2 10 1 2 11 1 3 7 1 3 10 1 3 11 1 4 6 1 4 8 1 5 9 1 5 10 1 6 9 1 7 11 1
R 505 36 54 6 52 3 4 5 0 1 2 1 5 3 0 5 4 1 2 3 2 3 0 0 2 5 4 2 3 1 0 4 4 0 1 0 3 1 2 0 4 0 1 2 4 3 5 0 2 4 1 2 3 4 5 5 1 3 5 | 12 18  0 4 1 0 6 1 0 8 1 1 5 1 1 8 1 1 10 1 2 7 1 2 9 1 2 10 1 3 7 1 3 10 1 3 11 1 4 6 1 4 8 1 5 9 1 5 11 1 6 9 1 7 11 1
R 506 36 54 6 1176 3 4 5 2 5 4 0 1 2 3 4 0 1 2 3 3 0 5 0 2 5 2 3 0 1 0 4 0 1 4 2 1 0 3 1 4 0 1 2 1 3 0 4 3 5 1 2 5 4 5 4 2 3 5 | 12 18  0 4 1 0 6 1 0 8 1 1 5 1 1 9 1 1 11 1 2 7 1 2 8 1 2 9 1 3 7 1 3 9 1 3 10 1 4 6 1 4 8 1 5 10 1 5 11 1 6 10 1 7 11 1
R 507 36 54 6 725 3 4 5 4 0 5 0 1 2 3 4 2 1 2 3 5 1 0 0 2 5 2 3 0 1 0 4 0 3 4 1 4 0 3 1 2 0 1 2 3 1 2 4 3 5 1 5 0 4 5 2 4 3 5 | 12 18  0 4 1 0 6 1 0 8 1 1 5 1 1 9 1 1 10 1 2 7 1 2 8 1 2 9 1 3 7 1 3 10 1 3 11 1 4 6 1 4 8 1 5 9 1 5 11 1 6 10 1 7 11 1
R 508 36 54 6 411 3 4 5 0 1 3 0 1 2 1 4 0 1 2 3 2 3 5 0 2 5 3 5 0 1 0 4 4 1 0 2 0 4 2 3 4 0 1 2 4 2 5 4 3 5 2 3 5 4 5 1 0 3 1 | 12 18  0 4 1 0 6 1 0 8 1 1 5 1 1 9 1 1 10 1 2 7 1 2 8 1 2 9 1 3 7 1 3 10 1 3 11 1 4 6 1 4 8 1 5 10 1 5 11 1 6 9 1 7 11 1
R 509 36 54 6 13998 3 4 5 5 0 4 0 1 2 3 1 5 1 2 3 2 4 3 0 2 5 2 3 5 1 0 4 1 0 4 1 5 2 3 0 4 0 1 2 1 2 3 4 3 5 0 4 2 4 5 5 0 3 1 | 12 18  0 4 1 0 6 1 0 8 1 1 5 1 1 9 1 1 10 1 2 7 1 2 8 1 2 11 1 3 7 1 3 10 1 3 11 1 4 6 1 4 8 1 5 9 1 5 10 1 6 9 1 7 11 1
