R 1 42 63 6 2420 3 1 2 0 4 1 0 4 3 2 3 0 5 1 2 1 4 2 4 0 3 0 2 1 3 4 5 3 4 0 2 1 4 1 3 2 3 0 2 0 4 1 4 5 0 3 2 5 1 2 5 1 4 5 0 3 4 0 3 5 1 5 2 | 14 14  0 7 2 0 8 1 1 7 1 1 9 2 2 8 2 2 10 1 3 9 1 3 11 2 4 10 2 4 12 1 5 11 1 5 13 2 6 12 2 6 13 1
R 2 42 63 6 2080 3 4 5 0 2 1 1 2 0 3 4 0 3 4 1 1 3 2 0 2 5 1 2 3 0 2 3 0 4 1 1 4 0 2 3 5 5 2 3 0 1 4 0 1 2 4 5 3 4 5 3 2 5 1 2 5 0 0 4 5 1 4 3 | 14 15  0 7 1 0 8 1 0 13 1 1 7 2 1 9 1 2 8 2 2 10 1 3 9 2 3 11 1 4 10 2 4 12 1 5 11 2 5 13 1 6 12 2 6 13 1
R 3 42 63 6 436 3 1 2 0 4 1 0 4 3 2 4 3 1 2 0 0 2 1 3 4 5 0 2 1 3 4 1 3 4 0 0 2 3 1 2 4 5 4 1 0 2 3 4 5 0 3 2 5 2 5 1 1 5 0 4 5 3 3 5 4 0 2 1 | 14 15  0 7 2 0 8 1 1 7 1 1 9 1 1 13 1 2 8 2 2 10 1 3 9 2 3 11 1 4 10 2 4 12 1 5 11 2 5 13 1 6 12 2 6 13 1
R 4 42 63 6 1242 3 1 2 0 4 1 0 4 3 2 3 0 1 2 0 4 5 1 3 4 5 0 2 1 3 4 1 3 4 0 0 2 3 1 5 0 5 4 2 4 1 3 4 5 0 3 2 5 2 5 1 1 4 5 4 5 3 2 3 0 0 1 2 | 14 15  0 7 2 0 8 1 1 7 1 1 9 2 2 8 2 2 10 1 3 9 1 3 11 1 3 13 1 4 10 2 4 12 1 5 11 2 5 13 1 6 12 2 6 13 1
R 5 42 63 6 1375 3 4 5 0 2 1 1 2 0 3 4 0 3 4 1 0 1 2 3 2 5 1 2 3 0 2 3 0 4 1 1 4 0 5 2 4 2 3 5 0 1 3 0 1 2 4 5 3 4 5 3 2 5 1 2 5 0 3 4 5 0 1 4 | 14 16  0 7 1 0 8 1 0 13 1 1 7 2 1 9 1 2 8 2 2 10 1 3 9 2 3 12 1 4 10 2 4 12 1 5 11 1 5 12 1 5 13 1 6 11 2 6 13 1
R 6 42 63 6 125 3 1 2 0 4 1 0 4 3 2 4 3 1 2 0 0 2 1 3 4 5 0 2 1 3 4 1 3 4 0 0 2 3 5 4 1 1 2 4 0 2 3 4 5 0 3 2 5 2 5 1 1 5 0 4 5 3 3 5 4 0 2 1 | 14 16  0 7 2 0 8 1 1 7 1 1 9 1 1 13 1 2 8 2 2 10 1 3 9 2 3 12 1 4 10 2 4 12 1 5 11 1 5 12 1 5 13 1 6 11 2 6 13 1
R 7 42 63 6 36400 3 4 5 0 2 1 1 2 0 3 4 0 3 5 1 1 0 2 4 3 5 1 2 3 0 2 3 0 4 1 1 5 0 5 3 0 5 2 4 3 1 4 0 1 2 4 5 3 4 5 3 2 5 1 2 4 0 4 3 5 1 2 0 | 14 16  0 7 1 0 8 1 0 13 1 1 7 2 1 9 1 2 8 2 2 10 1 3 9 2 3 12 1 4 10 2 4 13 1 5 11 1 5 12 1 5 13 1 6 11 2 6 12 1
R 8 42 63 6 123 3 1 2 0 4 1 0 4 3 2 4 3 1 2 0 0 3 4 5 1 2 0 2 1 3 4 1 3 4 0 0 2 4 2 1 4 2 5 3 3 0 1 4 5 0 3 2 5 2 5 1 1 5 0 3 5 4 5 1 2 0 3 4 | 14 16  0 7 2 0 8 1 1 7 1 1 9 1 1 13 1 2 8 2 2 10 1 3 9 2 3 12 1 4 10 2 4 13 1 5 11 1 5 12 1 5 13 1 6 11 2 6 12 1
R 9 42 63 6 83 1 2 3 0 4 3 0 4 1 1 2 0 2 4 3 3 0 2 5 1 4 3 4 1 0 2 1 0 2 3 3 4 0 4 1 2 4 5 0 2 3 1 0 4 5 2 5 1 3 2 5 4 5 3 1 5 0 5 1 4 0 3 2 | 14 16  0 7 1 0 8 2 1 7 2 1 9 1 2 8 1 2 10 1 2 13 1 3 9 2 3 12 1 4 10 2 4 13 1 5 11 1 5 12 1 5 13 1 6 11 2 6 12 1
R 10 42 63 6 7803 3 1 2 0 4 1 0 4 3 2 3 0 1 2 0 1 3 4 2 4 5 0 2 1 3 4 1 3 4 0 0 2 3 5 4 0 3 1 2 4 2 1 4 5 0 3 2 5 2 5 1 1 4 5 4 5 3 2 5 0 1 3 0 | 14 16  0 7 2 0 8 1 1 7 1 1 9 2 2 8 2 2 10 1 3 9 1 3 12 1 3 13 1 4 10 2 4 13 1 5 11 1 5 12 1 5 13 1 6 11 2 6 12 1
R 11 42 63 6 193 3 1 2 0 4 1 0 4 3 2 4 3 1 2 0 0 5 3 4 1 2 0 2 1 3 4 1 3 4 0 0 2 3 1 2 3 4 1 5 2 0 4 4 5 0 3 2 5 2 5 1 1 5 0 4 5 3 4 2 1 5 0 3 | 14 17  0 7 2 0 8 1 1 7 1 1 9 1 1 13 1 2 8 2 2 10 1 3 9 2 3 11 1 4 10 2 4 12 1 5 11 1 5 12 1 5 13 1 6 11 1 6 12 1 6 13 1
R 12 42 63 6 1187 3 1 2 0 4 1 0 4 3 2 3 0 1 2 0 4 2 3 1 4 5 0 2 1 3 4 1 3 4 0 0 2 3 1 3 0 5 4 2 4 2 1 4 5 0 3 2 5 2 5 1 1 4 5 4 5 3 5 1 0 2 0 3 | 14 17  0 7 2 0 8 1 1 7 1 1 9 2 2 8 2 2 10 1 3 9 1 3 11 1 3 13 1 4 10 2 4 12 1 5 11 1 5 12 1 5 13 1 6 11 1 6 12 1 6 13 1
R 13 42 63 6 2882 3 4 5 0 2 1 1 2 0 3 4 0 3 0 4 5 1 2 1 2 3 1 2 3 0 2 3 0 4 1 2 1 4 1 4 0 3 2 5 3 0 5 0 1 2 4 5 3 4 5 3 2 5 1 5 2 1 0 3 4 5 0 4 | 14 17  0 7 1 0 8 1 0 13 1 1 7 2 1 9 1 2 8 2 2 11 1 3 9 2 3 12 1 4 10 1 4 11 1 4 13 1 5 10 2 5 12 1 6 11 1 6 12 1 6 13 1
R 14 42 63 6 213 3 1 2 0 4 1 0 4 3 2 3 0 1 3 2 5 2 4 4 0 1 0 2 1 3 4 1 3 4 0 4 2 0 0 2 3 1 3 5 1 2 4 4 5 0 3 2 5 2 5 1 1 4 5 5 4 0 1 3 0 5 2 3 | 14 17  0 7 2 0 8 1 1 7 1 1 9 2 2 8 2 2 11 1 3 9 1 3 12 1 3 13 1 4 10 1 4 11 1 4 13 1 5 10 2 5 12 1 6 11 1 6 12 1 6 13 1
R 15 42 63 6 128 3 4 5 0 2 1 1 2 0 3 4 0 4 0 2 5 3 1 1 2 3 1 2 3 0 2 3 0 4 1 1 3 2 0 3 5 5 4 2 1 0 4 0 1 2 4 5 3 4 5 3 2 5 1 5 1 3 0 4 2 4 0 5 | 14 17  0 7 1 0 8 1 0 13 1 1 7 2 1 9 1 2 8 2 2 12 1 3 9 2 3 12 1 4 10 1 4 11 1 4 13 1 5 10 2 5 11 1 6 11 1 6 12 1 6 13 1
R 16 42 63 6 913 1 2 3 0 4 3 0 4 1 1 2 0 1 0 4 2 3 5 2 5 3 3 4 1 0 2 1 0 2 3 5 3 4 2 3 0 4 5 1 2 0 1 0 4 5 2 5 1 3 2 5 4 5 3 2 5 3 0 1 4 1 0 4 | 14 17  0 7 1 0 8 2 1 7 2 1 9 1 2 8 1 2 12 1 2 13 1 3 9 2 3 12 1 4 10 1 4 11 1 4 13 1 5 10 2 5 11 1 6 11 1 6 12 1 6 13 1
R 17 42 63 6 702 1 2 3 0 4 3 0 4 1 1 2 0 2 3 4 1 4 2 0 5 3 3 4 1 0 2 1 0 2 3 0 4 2 3 4 0 1 4 5 3 2 1 0 4 5 2 5 1 3 2 5 4 5 3 5 1 0 3 5 0 1 2 4 | 14 18  0 7 1 0 8 2 1 7 2 1 9 1 2 8 1 2 11 1 2 13 1 3 9 2 3 12 1 4 10 1 4 11 1 4 12 1 5 10 1 5 11 1 5 13 1 6 10 1 6 12 1 6 13 1
R 18 42 63 6 281 3 4 5 0 2 1 1 2 0 3 4 0 2 1 3 5 3 1 0 2 4 1 2 3 0 2 3 0 4 1 0 3 1 4 1 2 5 4 2 0 3 5 0 1 2 4 5 3 4 5 3 2 5 1 4 5 0 2 0 4 5 3 1 | 14 18  0 7 1 0 8 1 0 13 1 1 7 2 1 9 1 2 8 2 2 12 1 3 9 2 3 12 1 4 10 1 4 11 1 4 12 1 5 10 1 5 11 1 5 13 1 6 10 1 6 11 1 6 13 1
R 19 42 63 6 2660 1 2 3 0 4 3 0 4 1 1 2 0 1 2 3 2 3 5 4 0 5 3 4 1 0 2 1 0 2 3 0 3 5 0 2 1 4 5 1 2 3 4 0 4 5 2 5 1 3 2 5 4 5 3 4 5 0 1 4 0 2 3 1 | 14 18  0 7 1 0 8 2 1 7 2 1 9 1 2 8 1 2 12 1 2 13 1 3 9 2 3 12 1 4 10 1 4 11 1 4 12 1 5 10 1 5 11 1 5 13 1 6 10 1 6 11 1 6 13 1
R 20 42 63 6 1711 3 4 5 0 2 1 1 2 0 4 1 3 2 3 5 0 1 2 3 4 0 1 2 3 0 2 3 5 3 0 2 1 4 0 4 1 4 1 2 0 3 5 0 1 2 4 5 3 4 5 3 2 0 5 1 4 0 3 5 4 2 5 1 | 14 16  0 7 1 0 8 1 0 13 1 1 7 2 1 11 1 2 8 2 2 12 1 3 9 1 3 10 1 3 12 1 4 9 2 4 12 1 5 10 2 5 13 1 6 11 2 6 13 1
R 21 42 63 6 6202 3 4 5 0 2 1 1 2 0 4 1 3 2 3 0 5 1 2 3 4 0 1 2 3 0 2 3 0 3 4 2 1 3 0 4 1 1 0 5 4 5 2 0 1 2 4 5 3 4 5 3 2 5 0 1 5 4 0 4 3 2 5 1 | 14 16  0 7 1 0 8 1 0 12 1 1 7 2 1 11 1 2 8 2 2 13 1 3 9 1 3 10 1 3 13 1 4 9 2 4 12 1 5 10 2 5 12 1 6 11 2 6 13 1
R 22 42 63 6 91 3 4 5 0 2 1 1 2 0 0 1 2 3 4 2 5 1 3 3 4 0 1 2 3 0 2 3 2 4 0 3 1 2 0 4 1 1 4 5 0 3 5 0 1 2 4 5 3 4 5 3 3 5 4 1 5 0 0 4 2 2 5 1 | 14 16  0 7 1 0 8 1 0 13 1 1 7 2 1 11 1 2 8 2 2 12 1 3 9 1 3 10 1 3 13 1 4 9 2 4 12 1 5 10 2 5 12 1 6 11 2 6 13 1
R 23 42 63 6 857 3 1 2 0 4 1 0 4 3 1 0 2 3 5 2 5 0 4 2 4 3 0 2 1 3 4 1 2 5 4 4 0 2 3 4 0 0 5 3 3 2 1 4 5 0 3 2 5 2 5 1 3 5 4 0 1 4 1 3 2 1 5 0 | 14 16  0 7 2 0 8 1 1 7 1 1 11 1 1 13 1 2 8 2 2 12 1 3 9 1 3 10 1 3 13 1 4 9 2 4 12 1 5 10 2 5 12 1 6 11 2 6 13 1
R 24 42 63 6 261 1 2 3 0 4 3 0 4 1 0 3 4 1 4 2 5 2 3 1 2 0 3 4 1 0 2 1 2 4 0 3 2 1 0 2 4 3 4 5 0 3 1 0 4 5 2 5 1 3 2 5 1 5 2 3 5 0 0 4 1 3 5 4 | 14 16  0 7 1 0 8 2 1 7 2 1 11 1 2 8 1 2 12 1 2 13 1 3 9 1 3 10 1 3 13 1 4 9 2 4 12 1 5 10 2 5 12 1 6 11 2 6 13 1
R 25 42 63 6 68 3 4 5 0 2 1 1 2 0 5 2 0 3 1 2 1 4 3 3 4 0 1 2 3 0 2 3 1 0 2 3 4 2 0 4 1 4 1 5 0 3 5 0 1 2 4 5 3 4 5 3 3 4 1 5 0 4 0 5 2 2 5 1 | 14 16  0 7 1 0 8 1 0 13 1 1 7 2 1 11 1 2 8 2 2 12 1 3 9 2 3 10 1 4 9 1 4 12 1 4 13 1 5 10 2 5 12 1 6 11 2 6 13 1
R 26 42 63 6 29640 1 2 3 0 4 3 0 4 1 0 2 4 5 3 4 5 1 3 1 2 0 3 4 1 0 2 1 5 4 2 3 1 4 0 2 4 3 5 0 0 3 1 0 4 5 2 5 1 3 2 5 1 3 5 0 1 2 0 2 4 3 5 4 | 14 16  0 7 1 0 8 2 1 7 2 1 11 1 2 8 1 2 12 1 2 13 1 3 9 2 3 10 1 4 9 1 4 12 1 4 13 1 5 10 2 5 12 1 6 11 2 6 13 1
R 27 42 63 6 117 3 4 5 0 2 1 1 2 0 0 4 1 2 1 3 3 2 5 3 4 0 1 2 3 0 2 3 3 1 0 5 2 4 0 4 1 4 5 2 0 1 3 0 1 2 4 5 3 4 5 3 2 3 5 4 5 0 0 1 4 2 5 1 | 14 16  0 7 1 0 8 1 0 13 1 1 7 2 1 11 1 2 8 2 2 12 1 3 9 1 3 10 1 3 13 1 4 9 2 4 12 1 5 10 2 5 13 1 6 11 2 6 12 1
R 28 42 63 6 85 3 4 5 0 2 1 1 2 0 4 3 5 1 2 3 1 0 2 3 4 0 1 2 3 0 2 3 1 5 3 2 0 3 0 4 1 4 5 2 0 1 4 0 1 2 4 5 3 4 5 3 0 2 1 4 0 5 4 5 3 2 5 1 | 14 16  0 7 1 0 8 1 0 13 1 1 7 2 1 11 1 2 8 2 2 12 1 3 9 2 3 10 1 4 9 1 4 12 1 4 13 1 5 10 2 5 13 1 6 11 2 6 12 1
R 29 42 63 6 786 3 4 5 0 2 1 1 2 0 0 1 2 3 5 2 5 1 4 3 4 0 1 2 3 0 2 4 2 5 0 4 1 2 5 0 1 3 4 5 0 1 3 0 1 2 4 5 3 3 5 4 3 5 4 1 4 0 0 3 2 2 1 5 | 14 17  0 7 1 0 8 1 0 13 1 1 7 2 1 11 1 2 8 2 2 11 1 3 9 1 3 10 1 3 13 1 4 9 2 4 12 1 5 10 2 5 12 1 6 11 1 6 12 1 6 13 1
R 30 42 63 6 88 3 1 2 0 4 1 0 4 3 1 0 3 2 4 3 5 0 2 1 2 5 0 2 1 3 4 1 3 4 1 2 0 4 5 3 0 5 2 3 2 0 1 4 5 0 3 2 5 2 5 1 2 5 4 0 5 1 1 3 4 4 0 3 | 14 17  0 7 2 0 8 1 1 7 1 1 11 1 1 13 1 2 8 2 2 11 1 3 9 1 3 10 1 3 13 1 4 9 2 4 12 1 5 10 2 5 12 1 6 11 1 6 12 1 6 13 1
R 31 42 63 6 119 3 1 2 0 4 1 0 4 3 2 4 5 1 0 3 3 0 2 1 2 5 0 2 1 3 4 1 3 5 4 2 0 1 5 3 0 4 2 3 2 0 1 4 5 0 3 2 5 2 5 1 0 1 3 2 5 4 4 5 1 4 0 3 | 14 17  0 7 2 0 8 1 1 7 1 1 11 1 1 13 1 2 8 2 2 11 1 3 9 2 3 10 1 4 9 1 4 12 1 4 13 1 5 10 2 5 12 1 6 11 1 6 12 1 6 13 1
R 32 42 63 6 4166 3 4 5 0 2 1 1 2 0 1 2 3 0 3 4 4 0 5 3 2 1 1 2 3 0 2 3 4 3 2 5 0 2 0 4 1 1 5 4 1 3 0 0 1 2 4 5 3 4 5 3 0 4 5 1 5 2 1 3 2 5 0 4 | 14 17  0 7 1 0 8 1 0 13 1 1 7 2 1 11 1 2 8 2 2 12 1 3 9 1 3 10 1 3 13 1 4 9 2 4 11 1 5 10 2 5 12 1 6 11 1 6 12 1 6 13 1
R 33 42 63 6 243 3 1 2 0 4 1 0 4 3 1 3 4 0 2 4 5 2 3 1 2 0 0 2 1 3 4 1 4 2 1 3 2 4 3 4 0 0 2 5 0 3 1 4 5 0 3 2 5 2 5 1 0 5 2 3 5 1 0 1 4 5 3 4 | 14 17  0 7 2 0 8 1 1 7 1 1 11 1 1 13 1 2 8 2 2 12 1 3 9 1 3 10 1 3 13 1 4 9 2 4 11 1 5 10 2 5 12 1 6 11 1 6 12 1 6 13 1
R 34 42 63 6 358 3 1 2 0 4 1 0 4 3 5 0 4 2 3 4 3 1 2 1 2 0 0 2 1 3 4 1 3 4 0 2 1 5 3 4 0 0 2 4 2 3 1 4 5 0 3 2 5 2 5 1 1 2 3 5 1 0 0 4 5 5 3 4 | 14 17  0 7 2 0 8 1 1 7 1 1 11 1 1 13 1 2 8 2 2 12 1 3 9 2 3 10 1 4 9 1 4 11 1 4 13 1 5 10 2 5 12 1 6 11 1 6 12 1 6 13 1
R 35 42 63 6 14355 1 2 3 0 4 3 0 4 1 0 4 5 1 3 5 1 2 3 4 0 2 3 4 1 0 2 1 1 5 4 3 2 0 0 2 3 4 5 1 0 3 4 0 4 5 2 5 1 3 2 5 2 3 1 0 4 2 4 5 0 5 3 1 | 14 17  0 7 1 0 8 2 1 7 2 1 11 1 2 8 1 2 12 1 2 13 1 3 9 2 3 10 1 4 9 1 4 11 1 4 13 1 5 10 2 5 12 1 6 11 1 6 12 1 6 13 1
R 36 42 63 6 71814 3 4 5 0 2 1 1 4 2 1 0 2 3 4 0 2 0 1 5 3 4 1 2 3 2 4 0 5 2 0 4 3 0 0 1 4 4 1 5 1 3 2 0 1 2 4 5 3 3 5 0 3 4 5 1 2 5 5 3 4 1 2 0 | 14 17  0 7 1 0 8 1 0 11 1 1 7 2 1 11 1 2 8 2 2 13 1 3 9 2 3 11 1 4 9 1 4 12 1 4 13 1 5 10 1 5 12 1 5 13 1 6 10 2 6 12 1
R 37 42 63 6 63049 3 1 2 0 4 1 0 4 3 2 0 5 4 1 3 3 1 2 0 4 5 0 2 1 3 4 1 3 1 5 5 4 3 3 4 0 0 2 1 2 0 4 4 5 0 3 2 5 2 5 1 4 1 3 0 2 5 0 4 5 1 2 3 | 14 17  0 7 2 0 8 1 1 7 1 1 11 1 1 12 1 2 8 2 2 13 1 3 9 1 3 11 1 3 13 1 4 9 2 4 11 1 5 10 1 5 12 1 5 13 1 6 10 2 6 12 1
R 38 42 63 6 1555 3 4 5 0 2 1 1 2 0 3 1 5 4 0 2 3 0 2 4 1 5 1 2 3 0 2 3 2 0 5 5 1 2 0 4 1 5 4 0 3 1 4 0 1 2 4 5 3 4 5 3 4 2 0 1 3 5 4 1 5 0 3 2 | 14 17  0 7 1 0 8 1 0 13 1 1 7 2 1 11 1 2 8 2 2 12 1 3 9 1 3 11 1 3 13 1 4 9 2 4 11 1 5 10 1 5 12 1 5 13 1 6 10 2 6 12 1
R 39 42 63 6 62972 3 1 2 0 4 1 0 4 3 2 0 5 4 1 3 0 2 3 4 1 5 0 2 1 3 4 1 3 1 5 5 1 3 3 4 0 2 0 4 2 0 4 4 5 0 3 2 5 2 5 1 4 1 3 0 2 5 4 5 1 0 2 3 | 14 17  0 7 2 0 8 1 1 7 1 1 11 1 1 13 1 2 8 2 2 12 1 3 9 1 3 11 1 3 13 1 4 9 2 4 11 1 5 10 1 5 12 1 5 13 1 6 10 2 6 12 1
R 40 42 63 6 652 3 4 5 0 2 1 1 2 0 4 0 3 1 3 5 0 1 2 3 4 2 1 2 3 0 2 3 5 3 2 2 4 0 0 4 1 1 5 3 1 0 4 0 1 2 4 5 3 4 5 3 1 5 2 0 4 2 3 4 5 1 5 0 | 14 17  0 7 1 0 8 1 0 13 1 1 7 2 1 11 1 2 8 2 2 13 1 3 9 1 3 11 1 3 12 1 4 9 2 4 11 1 5 10 1 5 12 1 5 13 1 6 10 2 6 12 1
R 41 42 63 6 11900 3 1 2 0 4 1 0 4 3 0 3 2 4 2 5 2 0 1 3 4 1 0 2 1 3 4 1 5 2 0 1 4 2 3 4 1 4 0 3 0 3 2 4 5 0 3 2 5 2 5 1 4 5 1 1 3 0 3 5 4 0 5 2 | 14 17  0 7 2 0 8 1 1 7 1 1 11 1 1 13 1 2 8 2 2 13 1 3 9 1 3 11 1 3 12 1 4 9 2 4 11 1 5 10 1 5 12 1 5 13 1 6 10 2 6 12 1
R 42 42 63 6 8167 3 4 5 0 2 1 1 2 0 0 1 2 3 5 4 0 2 4 5 1 3 1 2 3 0 2 3 4 2 1 5 4 2 0 1 3 5 4 0 1 5 0 0 1 2 4 5 3 4 5 3 3 5 4 0 1 2 1 3 5 0 2 4 | 14 17  0 7 1 0 8 1 0 11 1 1 7 2 1 12 1 2 8 2 2 13 1 3 9 2 3 11 1 4 9 1 4 12 1 4 13 1 5 10 2 5 11 1 6 10 1 6 12 1 6 13 1
R 43 42 63 6 636 3 4 5 0 2 1 1 2 0 3 0 4 1 4 5 0 1 2 3 2 5 1 2 3 0 2 3 5 4 2 5 2 4 0 4 1 1 5 0 1 0 3 0 1 2 4 5 3 4 5 3 1 2 5 0 3 2 3 5 4 0 1 4 | 14 17  0 7 1 0 8 1 0 13 1 1 7 2 1 11 1 2 8 2 2 12 1 3 9 1 3 11 1 3 13 1 4 9 2 4 12 1 5 10 1 5 11 1 5 12 1 6 10 2 6 13 1
R 44 42 63 6 371 3 1 2 0 4 1 0 4 3 0 2 4 1 3 5 1 4 2 0 2 5 0 2 1 3 4 1 1 4 2 5 2 1 3 4 0 0 3 4 2 5 0 4 5 0 3 2 5 2 5 1 3 5 1 0 2 4 0 5 3 3 4 1 | 14 17  0 7 2 0 8 1 1 7 1 1 11 1 1 12 1 2 8 2 2 13 1 3 9 2 3 11 1 4 9 1 4 12 1 4 13 1 5 10 1 5 11 1 5 13 1 6 10 2 6 12 1
R 45 42 63 6 16272 3 4 5 0 2 1 1 2 0 3 0 4 5 2 1 0 1 2 3 4 5 1 2 3 0 2 3 1 2 4 5 4 2 0 4 1 5 1 0 3 0 5 0 1 2 4 5 3 4 5 3 5 2 1 0 3 4 3 5 4 0 1 2 | 14 17  0 7 1 0 8 1 0 13 1 1 7 2 1 11 1 2 8 2 2 12 1 3 9 1 3 11 1 3 13 1 4 9 2 4 12 1 5 10 1 5 11 1 5 13 1 6 10 2 6 12 1
R 46 42 63 6 118 3 1 2 0 4 1 0 4 3 2 3 4 5 1 0 1 0 2 3 2 5 0 2 1 3 4 1 0 1 2 5 2 4 3 4 0 5 0 3 2 3 1 4 5 0 3 2 5 2 5 1 5 1 0 3 4 2 3 5 4 0 1 4 | 14 17  0 7 2 0 8 1 1 7 1 1 11 1 1 13 1 2 8 2 2 12 1 3 9 1 3 11 1 3 13 1 4 9 2 4 12 1 5 10 1 5 11 1 5 13 1 6 10 2 6 12 1
R 47 42 63 6 1762 1 2 3 0 4 3 0 4 1 1 5 2 0 3 2 1 3 0 2 4 5 3 4 1 0 2 1 2 3 4 5 4 1 0 2 3 5 3 0 0 2 1 0 4 5 2 5 1 3 2 5 0 4 3 1 5 4 2 5 4 0 3 1 | 14 17  0 7 1 0 8 2 1 7 2 1 11 1 2 8 1 2 12 1 2 13 1 3 9 1 3 11 1 3 13 1 4 9 2 4 12 1 5 10 1 5 11 1 5 13 1 6 10 2 6 12 1
R 48 42 63 6 89 3 4 5 0 2 1 1 2 0 0 3 4 1 2 3 0 4 2 1 3 5 1 2 3 0 2 3 2 4 3 5 3 2 0 4 1 4 1 0 0 1 5 0 1 2 4 5 3 4 5 3 1 5 2 0 5 4 1 5 3 0 4 2 | 14 17  0 7 1 0 8 1 0 13 1 1 7 2 1 11 1 2 8 2 2 12 1 3 9 2 3 11 1 4 9 1 4 12 1 4 13 1 5 10 1 5 11 1 5 13 1 6 10 2 6 12 1
R 49 42 63 6 231 3 1 2 0 4 1 0 4 3 0 2 4 1 3 4 1 0 2 3 2 5 0 2 1 3 4 1 1 4 2 5 2 4 3 4 0 2 0 3 0 3 1 4 5 0 3 2 5 2 5 1 3 5 1 0 5 2 3 5 4 0 1 4 | 14 17  0 7 2 0 8 1 1 7 1 1 11 1 1 13 1 2 8 2 2 12 1 3 9 2 3 11 1 4 9 1 4 12 1 4 13 1 5 10 1 5 11 1 5 13 1 6 10 2 6 12 1
R 50 42 63 6 37051 3 4 5 0 2 1 1 2 0 0 3 4 1 5 2 0 2 1 4 3 5 1 2 3 0 2 4 2 5 0 5 3 1 1 2 4 5 0 1 3 0 4 0 1 2 4 5 3 3 5 4 1 5 2 3 4 0 4 3 5 0 2 1 | 14 17  0 7 1 0 8 1 0 13 1 1 7 2 1 12 1 2 8 2 2 12 1 3 9 1 3 11 1 3 12 1 4 9 2 4 11 1 5 10 1 5 11 1 5 13 1 6 10 2 6 13 1
R 51 42 63 6 46260 3 4 5 0 2 1 1 2 0 2 0 5 1 3 5 0 3 4 1 4 2 1 2 3 0 2 4 5 3 4 2 4 5 0 1 2 5 0 1 1 0 3 0 1 2 4 5 3 3 5 4 1 3 4 0 2 4 1 5 2 0 3 5 | 14 17  0 7 1 0 8 1 0 13 1 1 7 2 1 12 1 2 8 2 2 12 1 3 9 1 3 11 1 3 13 1 4 9 2 4 11 1 5 10 1 5 11 1 5 12 1 6 10 2 6 13 1
R 52 42 63 6 15222 3 4 5 0 2 1 1 2 0 1 0 2 3 4 5 1 2 3 0 3 4 1 2 3 0 2 4 5 4 1 4 3 2 3 0 2 5 0 1 3 0 1 0 1 2 4 5 3 3 5 4 3 5 4 0 2 1 0 4 5 1 5 2 | 14 17  0 7 1 0 8 1 0 13 1 1 7 2 1 12 1 2 8 2 2 12 1 3 9 1 3 11 1 3 13 1 4 9 2 4 11 1 5 10 1 5 11 1 5 13 1 6 10 2 6 12 1
R 53 42 63 6 868 3 1 2 0 4 1 0 4 3 5 0 1 2 3 4 3 4 2 0 1 2 0 2 1 3 4 1 4 3 1 2 1 4 2 4 0 5 3 0 2 0 3 4 5 0 3 2 5 2 5 1 2 3 4 0 5 1 0 5 1 3 5 4 | 14 17  0 7 2 0 8 1 1 7 1 1 12 1 1 13 1 2 8 2 2 12 1 3 9 1 3 11 1 3 13 1 4 9 2 4 11 1 5 10 1 5 11 1 5 13 1 6 10 2 6 12 1
R 54 42 63 6 1002 3 4 5 0 2 1 1 2 0 0 1 2 3 5 2 1 5 4 3 0 4 1 2 3 0 2 4 2 5 0 2 4 5 4 1 3 5 0 1 0 1 3 0 1 2 4 5 3 3 5 4 3 5 4 1 4 0 0 3 2 1 2 5 | 14 17  0 7 1 0 8 1 0 13 1 1 7 2 1 12 1 2 8 2 2 12 1 3 9 1 3 11 1 3 13 1 4 9 2 4 11 1 5 10 2 5 11 1 6 10 1 6 12 1 6 13 1
R 55 42 63 6 2027 3 1 2 0 4 1 0 4 3 1 0 3 2 5 3 0 2 4 1 5 2 0 2 1 3 4 1 3 5 4 3 4 2 2 0 1 5 3 0 2 0 1 4 5 0 3 2 5 2 5 1 2 5 4 0 1 4 1 5 3 0 4 3 | 14 17  0 7 2 0 8 1 1 7 1 1 12 1 1 13 1 2 8 2 2 12 1 3 9 1 3 11 1 3 13 1 4 9 2 4 11 1 5 10 2 5 11 1 6 10 1 6 12 1 6 13 1
R 56 42 63 6 46772 3 4 5 0 2 1 1 2 0 1 0 4 3 4 5 0 1 2 3 5 2 1 2 3 0 2 3 5 4 2 2 5 0 0 3 1 5 4 1 1 0 4 0 1 2 4 5 3 4 5 3 3 5 2 0 1 2 3 4 5 1 4 0 | 14 17  0 7 1 0 8 1 0 13 1 1 7 2 1 12 1 2 8 2 2 13 1 3 9 1 3 11 1 3 12 1 4 9 2 4 11 1 5 10 1 5 11 1 5 13 1 6 10 2 6 12 1
R 57 42 63 6 6049 3 1 2 0 4 1 0 4 3 2 0 5 3 4 5 2 0 1 3 4 1 0 2 1 3 4 1 5 4 2 1 4 0 1 0 3 4 5 3 0 3 2 4 5 0 3 2 5 2 5 1 3 4 1 0 1 2 3 5 4 2 5 0 | 14 17  0 7 2 0 8 1 1 7 1 1 12 1 1 13 1 2 8 2 2 13 1 3 9 1 3 11 1 3 12 1 4 9 2 4 11 1 5 10 1 5 11 1 5 13 1 6 10 2 6 12 1
R 58 42 63 6 81 3 4 5 0 2 1 1 2 0 1 0 3 4 3 2 4 0 5 3 1 2 1 2 3 0 2 3 2 3 0 3 5 0 4 2 1 4 5 1 1 0 4 0 1 2 4 5 3 4 5 3 4 5 2 1 5 0 1 2 3 4 0 5 | 14 17  0 7 1 0 8 1 0 13 1 1 7 2 1 12 1 2 8 2 2 13 1 3 9 1 3 11 1 3 12 1 4 9 2 4 11 1 5 10 2 5 11 1 6 10 1 6 12 1 6 13 1
R 59 42 63 6 966 3 1 2 0 4 1 0 4 3 2 0 4 3 4 5 1 2 0 2 3 1 0 2 1 3 4 1 5 4 2 3 4 0 3 0 1 2 0 3 1 2 4 4 5 0 3 2 5 2 5 1 3 1 5 0 1 2 5 4 3 4 5 0 | 14 18  0 7 2 0 8 1 1 7 1 1 10 1 1 11 1 2 8 2 2 12 1 3 9 1 3 10 1 3 13 1 4 9 2 4 11 1 5 10 1 5 12 1 5 13 1 6 11 1 6 12 1 6 13 1
R 60 42 63 6 4353 3 1 2 0 4 1 0 4 3 0 2 1 3 4 1 0 5 2 3 4 5 0 2 1 3 4 1 1 4 0 3 5 1 0 3 2 5 2 4 4 0 3 4 5 0 3 2 5 2 5 1 3 4 5 2 5 0 4 3 1 0 1 2 | 14 18  0 7 2 0 8 1 1 7 1 1 10 1 1 11 1 2 8 2 2 11 1 3 9 1 3 11 1 3 13 1 4 9 2 4 12 1 5 10 1 5 12 1 5 13 1 6 10 1 6 12 1 6 13 1
R 61 42 63 6 125 3 1 2 0 4 1 0 4 3 2 0 1 3 4 5 2 4 3 1 2 0 0 2 1 3 4 1 5 4 1 3 4 0 0 2 3 0 2 4 2 3 1 4 5 0 3 2 5 2 5 1 3 4 5 0 2 1 1 5 0 5 3 4 | 14 18  0 7 2 0 8 1 1 7 1 1 10 1 1 11 1 2 8 2 2 12 1 3 9 1 3 11 1 3 13 1 4 9 2 4 11 1 5 10 1 5 12 1 5 13 1 6 10 1 6 12 1 6 13 1
R 62 42 63 6 1376 3 1 2 0 4 1 0 4 3 1 0 5 2 3 5 0 2 1 2 3 4 0 2 1 3 4 1 5 3 4 4 5 1 0 3 2 2 0 1 3 2 0 4 5 0 3 2 5 2 5 1 2 3 4 0 1 4 3 4 5 0 5 1 | 14 18  0 7 2 0 8 1 1 7 1 1 10 1 1 11 1 2 8 2 2 11 1 3 9 1 3 12 1 3 13 1 4 9 2 4 12 1 5 10 1 5 11 1 5 13 1 6 10 1 6 12 1 6 13 1
R 63 42 63 6 86 3 1 2 0 4 1 0 4 3 1 0 3 2 4 3 2 4 5 1 2 0 0 2 1 3 4 1 4 3 0 3 4 0 2 0 1 5 2 4 2 1 3 4 5 0 3 2 5 2 5 1 2 5 4 1 0 5 1 3 0 5 3 4 | 14 18  0 7 2 0 8 1 1 7 1 1 10 1 1 11 1 2 8 2 2 12 1 3 9 2 3 11 1 4 9 1 4 12 1 4 13 1 5 10 1 5 11 1 5 13 1 6 10 1 6 12 1 6 13 1
R 64 42 63 6 110 3 1 2 0 4 1 0 4 3 0 3 4 5 1 2 2 4 3 1 2 0 0 2 1 3 4 1 2 1 4 3 4 0 0 2 4 3 2 5 0 3 1 4 5 0 3 2 5 2 5 1 5 1 2 0 3 4 1 5 0 5 3 4 | 14 18  0 7 2 0 8 1 1 7 1 1 10 1 1 13 1 2 8 2 2 11 1 3 9 1 3 12 1 3 13 1 4 9 2 4 12 1 5 10 1 5 11 1 5 12 1 6 10 1 6 11 1 6 13 1
R 65 42 63 6 446 3 4 5 0 2 1 1 2 0 5 0 1 2 1 3 3 0 4 3 4 2 1 2 3 0 2 3 3 1 0 4 2 5 0 4 1 4 1 2 3 0 5 0 1 2 4 5 3 4 5 3 2 3 4 4 5 0 1 2 5 0 5 1 | 14 18  0 7 1 0 8 1 0 13 1 1 7 2 1 11 1 2 8 2 2 12 1 3 9 1 3 10 1 3 13 1 4 9 2 4 12 1 5 10 1 5 11 1 5 12 1 6 10 1 6 11 1 6 13 1
R 66 42 63 6 1787 1 2 3 0 4 3 0 4 1 4 3 5 2 1 5 1 0 2 4 3 0 3 4 1 0 2 1 1 5 3 4 0 5 0 2 3 3 4 1 0 2 4 0 4 5 2 5 1 3 2 5 0 2 1 4 0 3 3 4 5 2 5 1 | 14 18  0 7 1 0 8 2 1 7 2 1 11 1 2 8 1 2 12 1 2 13 1 3 9 2 3 10 1 4 9 1 4 12 1 4 13 1 5 10 1 5 11 1 5 12 1 6 10 1 6 11 1 6 13 1
R 67 42 63 6 1810 3 4 5 0 2 1 1 2 0 1 2 4 5 0 3 0 3 4 1 3 2 1 2 3 0 2 4 3 0 2 2 0 4 1 4 3 5 0 1 3 1 5 0 1 2 4 5 3 3 5 4 5 3 0 1 4 2 1 5 2 5 0 4 | 14 18  0 7 1 0 8 1 0 13 1 1 7 2 1 12 1 2 8 2 2 12 1 3 9 1 3 10 1 3 13 1 4 9 2 4 11 1 5 10 1 5 11 1 5 12 1 6 10 1 6 11 1 6 13 1
R 68 42 63 6 446 3 1 2 0 4 1 0 4 3 3 5 4 2 1 4 0 1 2 3 2 0 0 2 1 3 4 1 4 1 0 2 0 4 3 2 4 5 3 0 2 3 1 4 5 0 3 2 5 2 5 1 2 1 0 3 5 0 3 5 4 5 1 4 | 14 18  0 7 2 0 8 1 1 7 1 1 12 1 1 13 1 2 8 2 2 12 1 3 9 1 3 10 1 3 13 1 4 9 2 4 11 1 5 10 1 5 11 1 5 12 1 6 10 1 6 11 1 6 13 1
R 69 42 63 6 4666 3 4 5 0 2 1 1 2 0 5 3 4 2 1 5 0 1 2 3 0 4 1 2 3 0 2 4 0 2 5 3 1 4 2 5 4 5 0 1 0 1 3 0 1 2 4 5 3 3 5 4 1 2 0 4 0 3 3 5 4 1 2 5 | 14 19  0 7 1 0 8 1 0 13 1 1 7 2 1 12 1 2 8 2 2 12 1 3 9 1 3 10 1 3 11 1 4 9 1 4 10 1 4 11 1 5 9 1 5 10 1 5 13 1 6 11 1 6 12 1 6 13 1
R 70 42 63 6 487 3 1 2 0 4 1 0 4 3 2 4 3 5 2 0 1 0 3 1 5 2 0 2 1 3 4 1 0 3 4 1 4 2 5 2 3 5 3 0 2 0 1 4 5 0 3 2 5 2 5 1 5 0 1 1 3 4 2 5 4 0 4 3 | 14 19  0 7 2 0 8 1 1 7 1 1 12 1 1 13 1 2 8 2 2 12 1 3 9 1 3 10 1 3 11 1 4 9 1 4 10 1 4 11 1 5 9 1 5 10 1 5 13 1 6 11 1 6 12 1 6 13 1
R 71 42 63 6 58 3 1 2 0 4 1 0 4 3 2 0 4 3 4 5 1 2 0 1 3 2 0 2 1 3 4 1 1 4 0 3 4 0 2 0 3 2 4 5 2 3 1 4 5 0 3 2 5 2 5 1 3 1 5 2 1 0 5 3 4 5 4 0 | 14 19  0 7 2 0 8 1 1 7 1 1 10 1 1 13 1 2 8 2 2 11 1 3 9 1 3 10 1 3 11 1 4 9 1 4 12 1 4 13 1 5 9 1 5 12 1 5 13 1 6 10 1 6 11 1 6 12 1
R 72 42 63 6 176 1 2 3 0 4 3 0 4 1 0 1 2 2 0 1 3 5 2 4 3 5 3 4 1 0 2 1 5 2 1 4 1 0 0 2 3 5 3 0 3 2 4 0 4 5 2 5 1 3 2 5 3 5 4 4 3 5 0 4 1 2 1 0 | 14 19  0 7 1 0 8 2 1 7 2 1 11 1 2 8 1 2 12 1 2 13 1 3 9 1 3 10 1 3 11 1 4 9 1 4 10 1 4 11 1 5 9 1 5 12 1 5 13 1 6 10 1 6 12 1 6 13 1
R 73 42 63 6 114 3 1 2 0 4 1 0 4 3 0 2 4 0 3 2 1 3 2 4 5 1 0 2 1 3 4 1 1 4 2 1 2 3 3 4 0 0 2 5 0 3 4 4 5 0 3 2 5 2 5 1 3 5 1 5 4 1 0 5 4 0 3 2 | 14 19  0 7 2 0 8 1 1 7 1 1 11 1 1 13 1 2 8 2 2 12 1 3 9 1 3 10 1 3 11 1 4 9 1 4 10 1 4 13 1 5 9 1 5 11 1 5 12 1 6 10 1 6 12 1 6 13 1
R 74 42 63 6 1500 1 2 3 0 4 3 0 4 1 0 1 2 3 2 5 0 4 1 5 4 3 3 4 1 0 2 1 4 5 1 4 3 0 0 2 3 5 4 0 3 2 1 0 4 5 2 5 1 3 2 5 3 5 4 0 1 4 2 5 3 2 1 0 | 14 19  0 7 1 0 8 2 1 7 2 1 11 1 2 8 1 2 12 1 2 13 1 3 9 1 3 10 1 3 11 1 4 9 1 4 10 1 4 13 1 5 9 1 5 11 1 5 12 1 6 10 1 6 12 1 6 13 1
R 75 42 63 6 1877 3 4 5 0 2 1 1 2 0 1 4 2 0 3 4 3 2 1 5 3 0 1 2 3 0 2 4 2 0 4 3 4 1 0 3 2 5 0 1 3 1 5 0 1 2 4 5 3 3 5 4 3 0 5 1 5 2 5 4 0 2 1 4 | 14 19  0 7 1 0 8 1 0 13 1 1 7 2 1 12 1 2 8 2 2 12 1 3 9 1 3 10 1 3 11 1 4 9 1 4 10 1 4 12 1 5 9 1 5 11 1 5 13 1 6 10 1 6 11 1 6 13 1
R 76 42 63 6 703 3 1 2 0 4 1 0 4 3 3 4 5 0 1 2 2 1 3 0 5 2 0 2 1 3 4 1 2 0 4 1 2 3 0 1 5 5 3 0 2 3 4 4 5 0 3 2 5 2 5 1 1 0 2 3 5 4 5 4 0 4 3 1 | 14 19  0 7 2 0 8 1 1 7 1 1 12 1 1 13 1 2 8 2 2 12 1 3 9 1 3 10 1 3 11 1 4 9 1 4 10 1 4 12 1 5 9 1 5 11 1 5 13 1 6 10 1 6 11 1 6 13 1
R 77 42 63 6 1675 3 4 5 0 2 1 1 0 2 3 2 4 0 4 3 1 3 5 0 1 2 1 2 3 4 2 5 5 3 0 0 2 4 0 1 3 2 1 4 1 3 0 0 1 2 4 5 3 3 4 5 0 1 5 1 5 2 2 4 0 5 3 4 | 14 18  0 7 1 0 10 1 0 11 1 1 7 2 1 10 1 2 8 1 2 11 1 2 13 1 3 8 2 3 11 1 4 9 1 4 12 1 4 13 1 5 9 2 5 12 1 6 10 1 6 12 1 6 13 1
R 78 42 63 6 569 3 4 5 0 2 1 0 1 2 3 4 1 3 0 4 2 5 4 0 1 2 1 2 3 4 2 1 5 4 0 0 2 4 0 1 3 5 4 1 2 0 3 0 1 2 4 5 3 3 5 4 0 2 5 1 2 5 3 0 1 5 3 4 | 14 18  0 7 1 0 10 1 0 11 1 1 7 2 1 10 1 2 8 2 2 11 1 3 8 1 3 12 1 3 13 1 4 9 2 4 11 1 5 9 1 5 12 1 5 13 1 6 10 1 6 12 1 6 13 1
R 79 42 63 6 1133 3 4 5 0 2 1 3 0 5 4 1 2 3 1 2 4 0 5 0 1 2 1 2 3 2 1 5 5 0 2 0 2 4 0 1 4 1 5 3 3 0 4 0 1 2 4 5 3 4 2 1 0 3 5 4 0 5 1 3 2 5 3 4 | 14 18  0 7 1 0 10 1 0 13 1 1 7 2 1 10 1 2 8 1 2 11 1 2 13 1 3 8 2 3 11 1 4 9 1 4 12 1 4 13 1 5 9 2 5 12 1 6 10 1 6 11 1 6 12 1
R 80 42 63 6 318 3 4 5 0 2 1 3 0 4 1 4 2 3 1 2 0 4 5 0 1 2 1 2 3 2 4 0 5 4 2 0 2 4 0 1 4 1 5 3 1 0 3 0 1 2 4 5 3 1 2 5 3 5 0 0 5 4 1 3 2 5 3 4 | 14 18  0 7 1 0 10 1 0 13 1 1 7 2 1 10 1 2 8 1 2 11 1 2 13 1 3 8 2 3 12 1 4 9 1 4 11 1 4 13 1 5 9 2 5 12 1 6 10 1 6 11 1 6 12 1
R 81 42 63 6 579 3 4 5 0 2 1 0 3 4 1 2 4 1 2 3 0 3 4 0 1 2 1 2 3 2 4 3 4 3 1 0 2 4 0 1 4 2 0 5 3 0 1 0 1 2 4 5 3 1 5 2 0 3 5 0 5 4 2 5 1 5 3 4 | 14 18  0 7 1 0 10 1 0 13 1 1 7 2 1 10 1 2 8 2 2 11 1 3 8 1 3 12 1 3 13 1 4 9 1 4 11 1 4 13 1 5 9 2 5 12 1 6 10 1 6 11 1 6 12 1
R 82 42 63 6 13507 3 4 5 0 2 1 3 4 0 1 0 2 3 4 5 2 1 5 1 2 0 1 2 3 2 0 5 5 1 4 2 0 4 0 1 4 0 2 3 1 5 3 0 1 2 4 5 3 1 5 2 3 4 5 2 1 0 0 3 4 3 5 4 | 14 18  0 7 1 0 10 1 0 11 1 1 7 2 1 11 1 2 8 1 2 10 1 2 13 1 3 8 2 3 11 1 4 9 1 4 12 1 4 13 1 5 9 2 5 12 1 6 10 1 6 12 1 6 13 1
R 83 42 63 6 230 3 4 5 0 2 1 3 4 2 0 1 2 2 0 4 5 1 3 0 1 3 1 2 3 5 2 4 3 1 0 0 2 3 0 1 4 5 1 4 3 0 2 0 1 2 4 5 3 0 1 5 3 5 4 5 3 1 2 4 0 4 2 5 | 14 18  0 7 1 0 10 1 0 11 1 1 7 2 1 11 1 2 8 2 2 10 1 3 8 1 3 11 1 3 13 1 4 9 1 4 12 1 4 13 1 5 9 2 5 12 1 6 10 1 6 12 1 6 13 1
R 84 42 63 6 77 3 4 5 0 2 1 0 1 2 3 4 5 0 1 2 3 4 2 0 4 1 1 2 3 4 2 1 2 4 0 0 2 3 0 1 4 1 4 5 0 3 5 0 1 2 4 5 3 3 5 4 0 2 1 3 5 4 1 5 0 5 3 2 | 14 18  0 7 1 0 10 1 0 11 1 1 7 2 1 11 1 2 8 2 2 10 1 3 8 1 3 12 1 3 13 1 4 9 1 4 11 1 4 13 1 5 9 2 5 12 1 6 10 1 6 12 1 6 13 1
R 85 42 63 6 2375 3 4 5 0 2 1 0 1 5 2 3 5 1 0 2 3 4 0 1 4 2 1 2 3 4 5 1 5 2 0 0 2 3 0 1 4 4 3 5 2 0 1 0 1 2 4 5 3 2 3 4 0 1 4 3 4 5 1 2 5 5 0 3 | 14 18  0 7 1 0 10 1 0 11 1 1 7 2 1 11 1 2 8 2 2 10 1 3 8 1 3 12 1 3 13 1 4 9 2 4 11 1 5 9 1 5 12 1 5 13 1 6 10 1 6 12 1 6 13 1
R 86 42 63 6 713 3 4 5 0 2 1 1 3 2 5 2 0 0 1 3 4 3 5 1 0 2 1 2 3 0 2 3 5 3 2 0 2 3 4 5 1 1 5 0 0 1 4 0 1 2 4 5 3 5 4 0 1 4 3 4 2 5 0 1 2 5 4 3 | 14 18  0 7 1 0 10 1 0 13 1 1 7 2 1 11 1 2 8 1 2 10 1 2 11 1 3 8 2 3 12 1 4 9 1 4 11 1 4 13 1 5 9 2 5 12 1 6 10 1 6 12 1 6 13 1
R 87 42 63 6 83 3 4 5 0 2 1 1 3 2 5 2 4 1 0 3 2 4 0 0 1 3 1 2 3 4 2 0 2 3 0 0 2 3 4 5 1 3 1 4 1 0 5 0 1 2 4 5 3 5 4 0 1 3 0 4 5 2 1 5 3 5 2 4 | 14 18  0 7 1 0 10 1 0 13 1 1 7 2 1 11 1 2 8 1 2 10 1 2 11 1 3 8 2 3 12 1 4 9 2 4 11 1 5 9 1 5 12 1 5 13 1 6 10 1 6 12 1 6 13 1
R 88 42 63 6 391 3 1 2 0 4 1 0 3 2 4 2 5 0 2 4 1 3 5 1 0 4 0 2 1 5 2 1 1 4 2 3 4 5 4 3 0 4 0 3 0 2 1 4 5 0 3 2 5 4 1 5 0 3 1 3 5 1 0 2 4 2 5 3 | 14 18  0 7 2 0 10 1 1 7 1 1 11 1 1 13 1 2 8 1 2 10 1 2 11 1 3 8 2 3 12 1 4 9 2 4 11 1 5 9 1 5 12 1 5 13 1 6 10 1 6 12 1 6 13 1
R 89 42 63 6 287 3 4 5 0 2 1 1 0 2 3 4 5 0 3 4 1 2 5 0 1 2 1 2 3 5 4 2 5 2 4 0 2 3 1 0 3 0 5 1 1 4 0 0 1 2 4 5 3 3 4 5 0 1 2 1 5 2 0 3 4 5 4 3 | 14 18  0 7 1 0 10 1 0 11 1 1 7 2 1 12 1 2 8 1 2 10 1 2 13 1 3 8 2 3 12 1 4 9 1 4 11 1 4 13 1 5 9 2 5 11 1 6 10 1 6 12 1 6 13 1
R 90 42 63 6 10435 3 4 5 0 2 1 0 1 2 3 4 1 1 0 2 3 2 5 0 4 3 1 2 3 4 2 1 5 2 4 0 2 3 0 1 3 0 4 5 3 0 1 0 1 2 4 5 3 3 5 4 0 2 5 3 5 4 0 1 4 5 1 2 | 14 18  0 7 1 0 10 1 0 11 1 1 7 2 1 12 1 2 8 2 2 10 1 3 8 1 3 12 1 3 13 1 4 9 1 4 11 1 4 13 1 5 9 2 5 11 1 6 10 1 6 12 1 6 13 1
R 91 42 63 6 13452 3 4 5 0 2 1 0 1 2 3 4 1 2 4 5 0 3 5 0 1 2 1 2 3 5 2 1 5 3 4 0 2 4 0 1 4 0 2 1 0 5 3 0 1 2 4 5 3 3 4 5 0 5 2 0 3 1 1 2 4 3 5 4 | 14 18  0 7 1 0 10 1 0 11 1 1 7 2 1 11 1 2 8 2 2 10 1 3 8 1 3 12 1 3 13 1 4 9 1 4 12 1 4 13 1 5 9 2 5 12 1 6 10 1 6 11 1 6 13 1
R 92 42 63 6 124 3 4 5 0 2 1 1 3 2 5 2 0 1 0 2 4 3 5 0 1 3 1 2 3 0 2 1 5 3 2 0 2 3 4 5 1 3 4 0 1 0 5 0 1 2 4 5 3 5 4 0 3 4 1 4 5 3 0 1 2 5 2 4 | 14 18  0 7 1 0 10 1 0 13 1 1 7 2 1 11 1 2 8 1 2 10 1 2 11 1 3 8 2 3 12 1 4 9 1 4 12 1 4 13 1 5 9 2 5 12 1 6 10 1 6 11 1 6 13 1
R 93 42 63 6 169 3 4 5 0 2 1 1 0 2 3 4 2 1 4 3 0 3 5 0 1 2 1 2 3 2 4 0 5 3 2 0 2 3 0 1 4 5 4 1 1 3 0 0 1 2 4 5 3 3 4 5 1 5 0 0 5 2 1 4 2 5 3 4 | 14 18  0 7 1 0 10 1 0 11 1 1 7 2 1 12 1 2 8 1 2 10 1 2 13 1 3 8 2 3 12 1 4 9 1 4 11 1 4 13 1 5 9 2 5 12 1 6 10 1 6 11 1 6 13 1
R 94 42 63 6 7025 3 4 5 0 2 1 0 1 2 3 4 1 0 1 3 2 5 3 0 4 2 1 2 3 4 2 1 5 3 1 0 2 3 0 1 4 0 4 5 2 3 0 0 1 2 4 5 3 3 5 4 0 2 5 2 4 5 0 1 4 5 3 1 | 14 18  0 7 1 0 10 1 0 11 1 1 7 2 1 12 1 2 8 2 2 10 1 3 8 1 3 12 1 3 13 1 4 9 2 4 11 1 5 9 1 5 12 1 5 13 1 6 10 1 6 11 1 6 13 1
R 95 42 63 6 62 3 4 5 0 2 1 1 0 2 3 4 2 3 1 2 5 0 4 0 1 3 1 2 3 2 4 0 4 0 3 0 2 3 4 5 1 1 5 2 1 0 3 0 1 2 4 5 3 3 4 5 1 5 0 5 0 4 1 2 3 5 2 4 | 14 18  0 7 1 0 10 1 0 13 1 1 7 2 1 11 1 2 8 1 2 10 1 2 13 1 3 8 2 3 12 1 4 9 1 4 11 1 4 13 1 5 9 2 5 12 1 6 10 1 6 11 1 6 12 1
R 96 42 63 6 704 3 4 5 0 2 1 0 1 2 3 4 2 3 0 1 5 1 2 0 4 3 1 2 3 4 2 1 2 1 3 0 2 3 0 4 5 4 1 0 0 3 5 0 1 2 4 5 3 3 5 4 0 5 1 5 2 4 0 4 3 5 1 2 | 14 18  0 7 1 0 10 1 0 13 1 1 7 2 1 11 1 2 8 2 2 10 1 3 8 1 3 12 1 3 13 1 4 9 1 4 11 1 4 13 1 5 9 2 5 12 1 6 10 1 6 11 1 6 12 1
R 97 42 63 6 14105 3 4 5 0 2 1 3 4 5 1 0 5 0 1 2 1 2 3 0 4 2 1 2 3 5 0 4 2 0 4 0 1 4 5 3 2 2 1 3 0 1 5 0 1 2 4 5 3 1 0 2 2 3 4 3 5 4 5 0 4 1 5 3 | 14 19  0 7 1 0 9 1 0 10 1 1 7 2 1 10 1 2 8 1 2 12 1 2 13 1 3 8 2 3 12 1 4 9 1 4 10 1 4 11 1 5 9 1 5 11 1 5 13 1 6 11 1 6 12 1 6 13 1
R 98 42 63 6 1023 3 4 5 0 2 1 1 0 2 3 4 0 1 2 3 1 0 2 4 5 3 1 2 3 3 2 0 0 2 3 1 0 4 5 1 3 4 0 5 1 2 4 0 1 2 4 5 3 4 5 3 1 2 5 4 5 0 5 4 3 2 1 0 | 14 19  0 7 1 0 9 1 0 10 1 1 7 2 1 12 1 2 8 2 2 10 1 3 8 1 3 12 1 3 13 1 4 9 1 4 10 1 4 11 1 5 9 1 5 11 1 5 13 1 6 11 1 6 12 1 6 13 1
R 99 42 63 6 2124 3 4 5 0 2 1 4 2 1 0 1 5 1 2 3 0 4 3 0 5 2 1 2 3 5 1 4 0 2 3 4 5 2 0 2 1 0 3 5 0 1 4 0 1 2 4 5 3 0 3 5 2 3 4 4 0 5 5 1 2 4 1 3 | 14 19  0 7 1 0 9 1 0 13 1 1 7 2 1 10 1 2 8 1 2 11 1 2 13 1 3 8 2 3 12 1 4 9 1 4 10 1 4 11 1 5 9 1 5 10 1 5 12 1 6 11 1 6 12 1 6 13 1
R 100 42 63 6 5155 3 4 5 0 2 1 4 1 2 0 2 3 1 2 3 0 1 3 4 0 5 1 2 3 3 2 5 0 2 3 0 1 2 4 5 1 4 1 0 0 3 4 0 1 2 4 5 3 0 3 5 1 4 5 4 5 0 5 4 2 2 3 1 | 14 19  0 7 1 0 9 1 0 13 1 1 7 2 1 11 1 2 8 1 2 10 1 2 13 1 3 8 2 3 12 1 4 9 1 4 10 1 4 11 1 5 9 1 5 10 1 5 12 1 6 11 1 6 12 1 6 13 1
R 101 42 63 6 153 3 1 2 0 4 1 1 5 3 2 0 3 0 2 3 0 1 4 2 4 5 0 2 1 3 0 4 3 4 5 2 5 1 4 3 0 2 1 0 2 3 1 4 5 0 3 2 5 2 0 4 1 5 4 1 4 5 2 3 5 1 3 0 | 14 19  0 7 2 0 9 1 1 7 1 1 11 1 1 13 1 2 8 1 2 10 1 2 13 1 3 8 2 3 12 1 4 9 1 4 10 1 4 11 1 5 9 1 5 10 1 5 12 1 6 11 1 6 12 1 6 13 1
R 102 42 63 6 663 3 4 5 0 2 1 0 3 5 1 4 5 1 2 3 0 4 2 0 2 1 1 2 3 5 4 3 0 2 3 0 1 4 4 2 5 2 1 0 1 0 5 0 1 2 4 5 3 1 4 2 0 2 3 4 0 5 5 1 3 5 3 4 | 14 19  0 7 1 0 9 1 0 10 1 1 7 2 1 10 1 2 8 1 2 12 1 2 13 1 3 8 2 3 12 1 4 9 1 4 11 1 4 12 1 5 9 1 5 11 1 5 13 1 6 10 1 6 11 1 6 13 1
R 103 42 63 6 121 3 4 5 0 2 1 4 2 5 0 1 3 1 2 3 0 1 4 3 0 2 1 2 3 3 5 2 0 2 3 0 1 4 2 0 1 4 5 1 0 4 3 0 1 2 4 5 3 0 1 3 4 2 5 4 5 0 5 3 2 5 4 1 | 14 19  0 7 1 0 9 1 0 10 1 1 7 2 1 12 1 2 8 2 2 10 1 3 8 1 3 12 1 3 13 1 4 9 1 4 11 1 4 12 1 5 9 1 5 11 1 5 13 1 6 10 1 6 11 1 6 13 1
R 104 42 63 6 124 3 4 5 0 2 1 0 1 3 4 3 5 1 2 3 0 1 2 2 0 4 1 2 3 5 3 2 0 2 3 0 1 4 4 5 1 4 0 1 0 2 3 0 1 2 4 5 3 4 2 5 0 1 2 4 5 0 5 3 4 3 5 1 | 14 19  0 7 1 0 9 1 0 10 1 1 7 2 1 11 1 2 8 1 2 11 1 2 13 1 3 8 2 3 12 1 4 9 1 4 10 1 4 11 1 5 9 1 5 12 1 5 13 1 6 10 1 6 12 1 6 13 1
R 105 42 63 6 77 3 4 5 0 2 1 1 0 3 2 4 0 1 2 3 0 1 3 2 5 4 1 2 3 2 3 0 0 2 3 0 1 4 4 5 1 4 1 5 2 3 0 0 1 2 4 5 3 4 5 2 1 3 5 4 5 0 5 2 4 3 0 1 | 14 19  0 7 1 0 9 1 0 10 1 1 7 2 1 11 1 2 8 2 2 11 1 3 8 1 3 12 1 3 13 1 4 9 1 4 10 1 4 11 1 5 9 1 5 12 1 5 13 1 6 10 1 6 12 1 6 13 1
R 106 42 63 6 234 3 4 5 0 2 1 0 1 2 4 5 3 1 2 3 0 1 3 2 0 4 1 2 3 3 5 2 0 2 3 0 1 4 1 5 4 4 0 1 0 3 2 0 1 2 4 5 3 4 3 5 0 1 2 4 5 0 5 2 4 3 5 1 | 14 19  0 7 1 0 9 1 0 10 1 1 7 2 1 12 1 2 8 1 2 11 1 2 13 1 3 8 2 3 11 1 4 9 1 4 10 1 4 11 1 5 9 1 5 12 1 5 13 1 6 10 1 6 12 1 6 13 1
R 107 42 63 6 124 3 4 5 0 2 1 3 0 1 2 4 5 1 2 3 0 1 3 0 2 4 1 2 3 5 4 3 0 2 3 0 1 4 4 5 1 0 2 1 2 3 0 0 1 2 4 5 3 2 4 5 0 1 3 4 5 0 5 2 4 3 5 1 | 14 19  0 7 1 0 9 1 0 10 1 1 7 2 1 11 1 2 8 1 2 12 1 2 13 1 3 8 2 3 12 1 4 9 1 4 10 1 4 11 1 5 9 1 5 11 1 5 13 1 6 10 1 6 12 1 6 13 1
R 108 42 63 6 517 3 4 5 0 2 1 0 4 3 1 5 3 1 2 3 0 1 2 0 2 4 1 2 3 2 3 4 0 2 3 0 1 4 1 5 4 0 5 2 0 1 3 0 1 2 4 5 3 1 5 2 0 4 2 4 5 0 5 3 4 3 1 5 | 14 19  0 7 1 0 9 1 0 10 1 1 7 2 1 12 1 2 8 2 2 11 1 3 8 1 3 12 1 3 13 1 4 9 1 4 10 1 4 11 1 5 9 1 5 11 1 5 13 1 6 10 1 6 12 1 6 13 1
R 109 42 63 6 57 3 4 5 0 2 1 4 1 5 3 2 0 1 2 3 0 1 3 0 2 4 1 2 3 0 2 1 0 2 3 0 1 4 2 3 5 4 0 5 4 3 1 0 1 2 4 5 3 3 0 2 4 5 1 4 5 0 5 4 2 3 1 5 | 14 19  0 7 1 0 9 1 0 10 1 1 7 2 1 12 1 2 8 1 2 11 1 2 13 1 3 8 2 3 12 1 4 9 1 4 10 1 4 13 1 5 9 1 5 11 1 5 12 1 6 10 1 6 11 1 6 13 1
R 110 42 63 6 249 3 4 5 0 2 1 3 0 1 4 5 2 1 2 3 0 1 2 0 5 4 1 2 3 2 5 1 0 2 3 0 1 4 4 1 5 5 0 4 3 2 0 0 1 2 4 5 3 4 2 5 0 3 1 4 5 0 5 3 4 3 2 1 | 14 19  0 7 1 0 9 1 0 10 1 1 7 2 1 12 1 2 8 1 2 12 1 2 13 1 3 8 2 3 12 1 4 9 1 4 10 1 4 11 1 5 9 1 5 11 1 5 13 1 6 10 1 6 11 1 6 13 1
R 111 42 63 6 71 3 4 5 0 2 1 4 0 2 5 1 3 1 3 2 1 4 0 0 3 2 1 2 3 3 1 2 0 4 2 0 2 3 4 5 1 0 3 5 1 0 4 0 1 2 4 5 3 5 1 3 0 4 2 5 4 0 3 5 2 1 4 5 | 14 19  0 7 1 0 10 1 0 13 1 1 7 2 1 11 1 2 8 1 2 12 1 2 13 1 3 8 2 3 12 1 4 9 1 4 10 1 4 11 1 5 9 1 5 10 1 5 11 1 6 9 1 6 12 1 6 13 1
R 112 42 63 6 1280 3 4 5 0 2 1 3 0 4 5 2 4 1 0 2 0 2 1 5 3 1 1 2 3 4 2 1 5 2 1 0 2 3 1 0 4 5 4 0 3 0 5 0 1 2 4 5 3 5 2 1 0 3 1 3 4 5 4 5 3 0 2 4 | 14 19  0 7 1 0 10 1 0 13 1 1 7 2 1 12 1 2 8 1 2 11 1 2 13 1 3 8 2 3 12 1 4 9 1 4 10 1 4 11 1 5 9 1 5 10 1 5 11 1 6 9 1 6 12 1 6 13 1
R 113 42 63 6 1086 3 1 2 0 4 1 0 1 5 2 4 5 0 3 2 0 5 1 3 4 2 0 2 1 5 4 1 1 5 2 3 4 5 1 2 0 3 4 0 2 0 3 4 5 0 3 2 5 2 3 4 0 3 1 4 1 5 3 2 4 0 5 1 | 14 19  0 7 2 0 10 1 1 7 1 1 12 1 1 13 1 2 8 1 2 11 1 2 13 1 3 8 2 3 12 1 4 9 1 4 10 1 4 11 1 5 9 1 5 10 1 5 11 1 6 9 1 6 12 1 6 13 1
R 114 42 63 6 122 3 1 2 0 4 1 1 0 4 2 3 5 0 3 2 0 5 1 3 4 2 0 2 1 3 4 0 1 5 2 3 4 5 1 2 0 3 4 1 2 3 0 4 5 0 3 2 5 2 5 3 1 0 4 4 1 5 3 2 4 0 5 1 | 14 19  0 7 2 0 10 1 1 7 1 1 12 1 1 13 1 2 8 2 2 11 1 3 8 1 3 12 1 3 13 1 4 9 1 4 10 1 4 11 1 5 9 1 5 10 1 5 11 1 6 9 1 6 12 1 6 13 1
R 115 42 63 6 109 3 4 5 0 2 1 0 1 2 3 2 4 1 3 2 0 3 1 4 5 0 1 2 3 4 2 5 2 0 1 0 2 3 4 5 1 1 0 3 0 3 4 0 1 2 4 5 3 3 4 5 0 1 5 5 4 0 4 5 2 3 2 1 | 14 19  0 7 1 0 10 1 0 12 1 1 7 2 1 11 1 2 8 1 2 12 1 2 13 1 3 8 2 3 12 1 4 9 1 4 10 1 4 11 1 5 9 1 5 10 1 5 13 1 6 9 1 6 11 1 6 13 1
R 116 42 63 6 57 3 4 5 0 2 1 0 1 2 4 2 3 1 3 2 0 3 1 4 5 0 1 2 3 3 2 5 2 0 1 0 2 3 4 5 1 1 4 0 0 3 4 0 1 2 4 5 3 4 3 5 0 1 5 5 4 0 4 5 2 3 2 1 | 14 19  0 7 1 0 10 1 0 13 1 1 7 2 1 11 1 2 8 1 2 12 1 2 13 1 3 8 2 3 12 1 4 9 1 4 10 1 4 11 1 5 9 1 5 10 1 5 12 1 6 9 1 6 11 1 6 13 1
R 117 42 63 6 68 3 1 2 0 4 1 2 0 4 5 1 3 0 3 2 0 4 1 2 3 5 0 2 1 3 1 4 2 1 5 3 4 5 4 3 0 0 3 2 2 0 1 4 5 0 3 2 5 5 1 3 0 2 4 4 1 5 3 2 5 0 1 4 | 14 19  0 7 2 0 10 1 1 7 1 1 11 1 1 13 1 2 8 1 2 12 1 2 13 1 3 8 2 3 12 1 4 9 1 4 10 1 4 11 1 5 9 1 5 10 1 5 12 1 6 9 1 6 11 1 6 13 1
R 118 42 63 6 4643 3 4 5 0 2 1 1 0 2 4 3 5 1 0 2 0 3 1 4 3 5 1 2 3 5 3 1 4 5 1 0 2 3 4 0 1 0 5 2 3 0 4 0 1 2 4 5 3 4 3 5 0 2 1 3 4 5 2 5 4 0 2 1 | 14 19  0 7 1 0 10 1 0 13 1 1 7 2 1 12 1 2 8 1 2 11 1 2 13 1 3 8 2 3 12 1 4 9 1 4 10 1 4 11 1 5 9 1 5 10 1 5 12 1 6 9 1 6 11 1 6 13 1
R 119 42 63 6 171 3 1 2 0 4 1 1 4 5 0 2 3 0 3 2 0 4 1 3 2 5 0 2 1 3 2 1 2 1 5 3 4 5 0 2 4 4 3 0 0 3 1 4 5 0 3 2 5 0 3 2 4 5 1 4 1 5 3 2 5 0 1 4 | 14 19  0 7 2 0 10 1 1 7 1 1 12 1 1 13 1 2 8 1 2 11 1 2 13 1 3 8 2 3 12 1 4 9 1 4 10 1 4 11 1 5 9 1 5 10 1 5 12 1 6 9 1 6 11 1 6 13 1
R 120 42 63 6 261 3 4 5 0 2 1 2 1 4 3 0 4 1 0 2 0 3 1 3 2 5 1 2 3 0 4 1 4 5 1 0 2 3 3 2 4 0 5 2 1 0 3 0 1 2 4 5 3 3 5 0 2 1 5 3 4 5 2 5 4 0 1 4 | 14 19  0 7 1 0 10 1 0 13 1 1 7 2 1 12 1 2 8 2 2 11 1 3 8 1 3 12 1 3 13 1 4 9 1 4 10 1 4 11 1 5 9 1 5 10 1 5 12 1 6 9 1 6 11 1 6 13 1
R 121 42 63 6 1418 3 1 2 0 4 1 0 1 4 2 5 3 0 3 2 0 4 1 2 4 5 0 2 1 2 4 1 2 1 5 3 4 5 0 3 4 4 3 0 0 2 1 4 5 0 3 2 5 3 5 2 0 1 4 4 1 5 3 2 5 0 1 3 | 14 19  0 7 2 0 10 1 1 7 1 1 12 1 1 13 1 2 8 2 2 11 1 3 8 1 3 12 1 3 13 1 4 9 1 4 10 1 4 11 1 5 9 1 5 10 1 5 12 1 6 9 1 6 11 1 6 13 1
R 122 42 63 6 6078 3 4 5 0 2 1 2 0 1 4 3 5 2 0 1 3 4 5 1 2 0 1 2 3 5 3 1 1 4 0 0 5 2 0 2 4 3 0 4 2 5 1 0 1 2 4 5 3 4 5 3 0 2 1 3 4 5 2 1 0 5 3 4 | 14 19  0 7 1 0 11 1 0 12 1 1 7 2 1 11 1 2 8 1 2 12 1 2 13 1 3 8 2 3 12 1 4 9 1 4 10 1 4 11 1 5 9 1 5 10 1 5 13 1 6 9 1 6 10 1 6 13 1
R 123 42 63 6 6078 3 4 5 0 2 1 0 1 2 4 3 5 2 0 1 3 4 5 1 2 0 1 2 3 5 3 2 1 4 0 0 5 2 0 2 4 4 3 1 0 1 5 0 1 2 4 5 3 4 5 3 0 1 2 3 4 5 2 1 0 5 3 4 | 14 19  0 7 1 0 11 1 0 13 1 1 7 2 1 11 1 2 8 1 2 12 1 2 13 1 3 8 2 3 12 1 4 9 1 4 10 1 4 11 1 5 9 1 5 10 1 5 12 1 6 9 1 6 10 1 6 13 1
R 124 42 63 6 83 3 4 5 0 2 1 3 4 2 0 1 2 2 0 1 3 4 5 1 3 0 1 2 3 5 2 4 1 4 0 0 3 2 0 2 3 0 1 4 3 5 1 0 1 2 4 5 3 0 1 5 3 5 4 3 5 4 2 1 0 5 4 2 | 14 19  0 7 1 0 11 1 0 12 1 1 7 2 1 12 1 2 8 2 2 11 1 3 8 1 3 12 1 3 13 1 4 9 1 4 10 1 4 11 1 5 9 1 5 10 1 5 13 1 6 9 1 6 10 1 6 13 1
R 125 42 63 6 10868 3 4 5 0 2 1 1 0 2 3 4 5 2 0 1 4 3 0 3 1 2 1 2 3 5 4 2 5 4 2 3 0 1 0 2 3 0 4 1 1 0 3 0 1 2 4 5 3 3 4 5 0 1 2 3 4 5 1 2 5 0 5 4 | 14 19  0 7 1 0 11 1 0 13 1 1 7 2 1 12 1 2 8 1 2 11 1 2 13 1 3 8 2 3 12 1 4 9 1 4 10 1 4 11 1 5 9 1 5 10 1 5 12 1 6 9 1 6 10 1 6 13 1
R 126 42 63 6 110 3 1 2 0 4 1 0 4 2 5 2 3 3 0 1 1 2 4 5 0 3 0 2 1 3 2 1 5 1 3 0 4 2 3 4 5 4 3 0 0 2 1 4 5 0 3 2 5 5 1 3 0 4 1 4 5 2 0 3 5 2 1 4 | 14 19  0 7 2 0 11 1 1 7 1 1 12 1 1 13 1 2 8 1 2 11 1 2 13 1 3 8 2 3 12 1 4 9 1 4 10 1 4 11 1 5 9 1 5 10 1 5 12 1 6 9 1 6 10 1 6 13 1
R 127 42 63 6 249 3 4 5 0 2 1 3 0 1 4 5 2 0 1 2 2 0 1 4 3 5 1 2 3 2 5 1 5 2 1 4 1 0 0 2 3 5 0 4 3 0 4 0 1 2 4 5 3 4 2 5 0 3 1 3 5 4 4 3 5 0 2 1 | 14 19  0 7 1 0 11 1 0 13 1 1 7 2 1 12 1 2 8 1 2 12 1 2 13 1 3 8 2 3 12 1 4 9 1 4 10 1 4 11 1 5 9 1 5 10 1 5 11 1 6 9 1 6 10 1 6 13 1
R 128 42 63 6 1578 3 1 2 0 4 1 0 3 2 4 2 5 3 0 2 5 0 1 4 1 5 0 2 1 5 2 0 1 5 2 0 1 2 3 4 5 3 4 1 0 3 4 4 5 0 3 2 5 4 5 1 1 3 0 4 5 1 3 4 2 0 3 2 | 14 19  0 7 2 0 11 1 1 7 1 1 12 1 1 13 1 2 8 1 2 12 1 2 13 1 3 8 2 3 12 1 4 9 1 4 10 1 4 11 1 5 9 1 5 10 1 5 11 1 6 9 1 6 10 1 6 13 1
R 129 42 63 6 291 3 4 5 0 2 1 1 3 2 1 4 0 0 3 2 5 3 1 4 2 0 1 2 3 0 4 2 0 2 3 4 5 1 1 3 0 4 1 2 0 3 5 0 1 2 4 5 3 5 4 0 3 5 2 1 4 5 2 0 4 5 3 1 | 14 20  0 7 1 0 9 1 0 13 1 1 7 2 1 10 1 2 8 1 2 9 1 2 10 1 3 8 1 3 9 1 3 10 1 4 8 1 4 11 1 4 12 1 5 11 1 5 12 1 5 13 1 6 11 1 6 12 1 6 13 1
R 130 42 63 6 190 3 1 2 0 4 1 3 0 2 5 0 1 4 1 5 2 3 5 4 0 2 0 2 1 1 5 2 0 1 2 3 4 5 0 3 1 4 5 0 2 3 4 4 5 0 3 2 5 4 5 1 3 4 2 0 3 2 4 1 0 5 3 1 | 14 20  0 7 2 0 10 1 1 7 1 1 12 1 1 13 1 2 8 1 2 9 1 2 10 1 3 8 1 3 9 1 3 10 1 4 8 1 4 9 1 4 11 1 5 11 1 5 12 1 5 13 1 6 11 1 6 12 1 6 13 1
R 131 42 63 6 872 3 4 5 0 2 1 1 3 2 2 4 5 0 5 2 0 1 3 0 1 3 1 2 3 0 2 1 0 2 3 4 5 1 0 3 5 1 2 5 3 0 4 0 1 2 4 5 3 5 4 0 3 1 0 4 3 1 5 2 4 2 4 5 | 14 20  0 7 1 0 9 1 0 13 1 1 7 2 1 10 1 2 8 1 2 9 1 2 10 1 3 8 1 3 11 1 3 12 1 4 8 1 4 12 1 4 13 1 5 9 1 5 10 1 5 11 1 6 11 1 6 12 1 6 13 1
R 132 42 63 6 103 3 1 2 0 4 1 3 0 2 5 0 1 1 3 2 0 4 5 2 3 5 0 2 1 1 5 2 0 1 2 3 4 5 3 5 1 4 3 0 3 0 2 4 5 0 3 2 5 4 5 1 3 4 2 0 4 5 3 2 1 0 1 4 | 14 20  0 7 2 0 10 1 1 7 1 1 12 1 1 13 1 2 8 1 2 9 1 2 10 1 3 8 1 3 9 1 3 10 1 4 8 1 4 11 1 4 12 1 5 9 1 5 11 1 5 13 1 6 11 1 6 12 1 6 13 1
R 133 42 63 6 127 3 1 2 0 4 1 3 0 2 2 3 1 0 4 1 0 4 5 5 3 2 0 2 1 1 2 5 0 1 3 3 4 5 3 2 4 4 3 0 2 0 1 4 5 0 3 2 5 4 5 1 0 4 5 3 2 5 2 1 3 0 1 4 | 14 20  0 7 2 0 10 1 1 7 1 1 12 1 1 13 1 2 8 1 2 9 1 2 10 1 3 8 1 3 9 1 3 12 1 4 8 1 4 10 1 4 11 1 5 9 1 5 11 1 5 13 1 6 11 1 6 12 1 6 13 1
R 134 42 63 6 69 3 4 5 0 2 1 3 4 5 4 2 0 1 0 2 1 3 2 0 1 3 1 2 3 0 2 3 1 4 2 3 0 4 0 2 3 4 5 1 1 0 5 0 1 2 4 5 3 1 0 2 5 3 1 4 5 3 5 4 0 5 2 4 | 14 20  0 7 1 0 11 1 0 13 1 1 7 2 1 12 1 2 8 1 2 9 1 2 10 1 3 8 1 3 9 1 3 10 1 4 8 1 4 10 1 4 13 1 5 9 1 5 11 1 5 12 1 6 11 1 6 12 1 6 13 1
R 135 42 63 6 3632 3 4 5 0 2 1 4 5 2 3 1 5 0 1 4 3 0 2 0 2 1 1 2 3 0 2 5 1 5 2 4 1 3 0 3 5 0 2 4 1 0 4 0 1 2 4 5 3 1 3 0 4 0 2 3 5 2 4 1 5 4 5 3 | 14 20  0 7 1 0 12 1 0 13 1 1 7 2 1 12 1 2 8 1 2 9 1 2 10 1 3 8 1 3 9 1 3 10 1 4 8 1 4 10 1 4 11 1 5 9 1 5 11 1 5 13 1 6 11 1 6 12 1 6 13 1
R 136 42 63 6 304 3 4 5 0 2 1 3 0 4 2 4 1 5 3 4 1 0 2 0 2 1 1 2 3 5 4 1 0 2 4 1 3 0 2 3 5 0 2 4 1 0 4 0 1 2 4 5 3 2 1 5 3 5 0 0 2 1 3 4 5 4 5 3 | 14 20  0 7 1 0 12 1 0 13 1 1 7 2 1 12 1 2 8 1 2 9 1 2 10 1 3 8 1 3 9 1 3 11 1 4 8 1 4 10 1 4 11 1 5 9 1 5 10 1 5 13 1 6 11 1 6 12 1 6 13 1
R 137 42 63 6 427 3 4 5 0 2 1 0 1 2 0 2 3 4 1 3 4 5 2 0 1 3 1 2 3 4 2 5 1 3 2 0 2 3 0 4 1 1 0 5 0 3 4 0 1 2 4 5 3 3 5 4 1 4 5 0 2 5 0 3 1 5 2 4 | 14 20  0 7 1 0 10 1 0 13 1 1 7 2 1 11 1 2 8 1 2 9 1 2 10 1 3 8 1 3 9 1 3 11 1 4 8 1 4 12 1 4 13 1 5 9 1 5 12 1 5 13 1 6 10 1 6 11 1 6 12 1
R 138 42 63 6 270 3 4 5 0 2 1 3 4 0 1 2 0 2 0 1 4 3 2 4 1 5 1 2 3 0 1 4 4 2 5 1 2 3 5 0 3 0 2 4 1 0 4 0 1 2 4 5 3 2 1 5 5 3 4 3 4 5 0 1 5 0 2 3 | 14 20  0 7 1 0 12 1 0 13 1 1 7 2 1 12 1 2 8 1 2 9 1 2 10 1 3 8 1 3 9 1 3 10 1 4 8 1 4 11 1 4 12 1 5 9 1 5 11 1 5 13 1 6 10 1 6 11 1 6 13 1
R 139 42 63 6 1051 3 4 5 0 2 1 0 1 2 0 3 1 3 2 4 5 3 1 5 0 2 1 2 3 4 5 1 1 3 2 0 2 3 0 5 2 0 3 4 0 1 5 0 1 2 4 5 3 3 5 4 2 5 4 0 1 5 0 2 4 4 1 3 | 14 20  0 7 1 0 10 1 0 13 1 1 7 2 1 11 1 2 8 1 2 9 1 2 10 1 3 8 1 3 10 1 3 11 1 4 8 1 4 11 1 4 12 1 5 9 1 5 12 1 5 13 1 6 9 1 6 12 1 6 13 1
R 140 42 63 6 130 3 4 5 0 2 1 0 1 2 0 3 1 2 3 1 0 3 4 4 2 5 1 2 3 4 5 1 4 3 1 0 2 3 0 5 2 0 3 2 0 1 4 0 1 2 4 5 3 3 5 4 2 5 4 0 4 5 2 1 5 0 1 3 | 14 20  0 7 1 0 10 1 0 13 1 1 7 2 1 11 1 2 8 1 2 9 1 2 10 1 3 8 1 3 10 1 3 11 1 4 8 1 4 12 1 4 13 1 5 9 1 5 11 1 5 12 1 6 9 1 6 12 1 6 13 1
R 141 42 63 6 153 3 1 2 0 4 1 3 0 2 0 4 1 3 2 5 2 4 3 0 1 5 0 2 1 2 1 5 1 4 3 3 4 5 3 4 0 0 2 1 0 2 3 4 5 0 3 2 5 4 5 1 3 2 5 0 4 1 0 1 5 2 3 4 | 14 20  0 7 2 0 10 1 1 7 1 1 11 1 1 13 1 2 8 1 2 9 1 2 10 1 3 8 1 3 10 1 3 11 1 4 8 1 4 12 1 4 13 1 5 9 1 5 11 1 5 12 1 6 9 1 6 12 1 6 13 1
R 142 42 63 6 57 3 1 2 0 4 1 3 0 2 0 4 1 1 3 2 5 2 3 0 5 4 0 2 1 1 2 5 1 4 3 3 4 5 0 3 2 3 4 0 0 2 1 4 5 0 3 2 5 4 5 1 3 2 5 0 5 4 0 4 1 2 1 3 | 14 20  0 7 2 0 10 1 1 7 1 1 12 1 1 13 1 2 8 1 2 9 1 2 10 1 3 8 1 3 10 1 3 11 1 4 8 1 4 12 1 4 13 1 5 9 1 5 11 1 5 12 1 6 9 1 6 11 1 6 13 1
R 143 42 63 6 101 3 4 5 0 2 1 3 4 5 0 1 2 1 3 2 0 3 1 4 0 2 1 2 3 2 0 4 1 2 5 1 0 3 0 2 3 4 0 5 1 3 4 0 1 2 4 5 3 1 0 2 3 5 4 5 4 0 4 5 2 3 1 5 | 14 20  0 7 1 0 11 1 0 13 1 1 7 2 1 12 1 2 8 1 2 9 1 2 10 1 3 8 1 3 10 1 3 11 1 4 8 1 4 10 1 4 13 1 5 9 1 5 11 1 5 12 1 6 9 1 6 12 1 6 13 1
R 144 42 63 6 105 3 4 5 0 2 1 3 4 0 3 1 4 2 0 1 1 4 2 3 2 0 1 2 3 0 1 4 2 4 0 1 3 0 3 2 4 0 2 4 1 3 5 0 1 2 4 5 3 2 1 5 5 2 0 3 4 5 3 5 0 5 1 4 | 14 20  0 7 1 0 12 1 0 13 1 1 7 2 1 12 1 2 8 1 2 9 1 2 10 1 3 8 1 3 10 1 3 11 1 4 8 1 4 10 1 4 12 1 5 9 1 5 11 1 5 13 1 6 9 1 6 11 1 6 13 1
R 145 42 63 6 710 3 4 5 0 2 1 2 3 5 0 1 2 0 3 1 1 2 5 4 0 3 1 2 3 4 1 5 0 3 5 1 2 3 0 2 3 0 5 2 0 1 4 0 1 2 4 5 3 0 1 4 3 5 4 2 5 4 4 0 3 2 1 5 | 14 20  0 7 1 0 11 1 0 13 1 1 7 2 1 12 1 2 8 1 2 9 1 2 10 1 3 8 1 3 10 1 3 11 1 4 8 1 4 11 1 4 12 1 5 9 1 5 10 1 5 13 1 6 9 1 6 12 1 6 13 1
R 146 42 63 6 76 3 1 2 0 4 1 3 2 5 3 0 2 0 4 1 1 0 4 2 5 3 0 2 1 1 5 2 2 4 3 1 3 0 3 4 5 3 4 0 2 0 1 4 5 0 3 2 5 0 1 4 4 5 1 3 2 5 5 2 3 0 1 4 | 14 20  0 7 2 0 11 1 1 7 1 1 12 1 1 13 1 2 8 1 2 9 1 2 10 1 3 8 1 3 10 1 3 11 1 4 8 1 4 11 1 4 12 1 5 9 1 5 10 1 5 13 1 6 9 1 6 12 1 6 13 1
R 147 42 63 6 557 3 4 5 0 2 1 5 2 3 4 5 0 1 3 2 2 0 1 0 1 3 1 2 3 3 0 2 1 2 5 5 0 3 0 2 3 4 5 1 1 0 4 0 1 2 4 5 3 4 0 1 1 2 3 5 4 0 3 4 5 4 2 5 | 14 20  0 7 1 0 11 1 0 13 1 1 7 2 1 12 1 2 8 1 2 9 1 2 10 1 3 8 1 3 10 1 3 13 1 4 8 1 4 11 1 4 12 1 5 9 1 5 10 1 5 11 1 6 9 1 6 12 1 6 13 1
R 148 42 63 6 749 3 4 5 0 2 1 3 4 0 1 2 4 2 0 1 2 3 5 4 1 0 1 2 3 0 1 4 4 2 5 2 1 0 3 1 5 0 2 4 0 3 4 0 1 2 4 5 3 2 1 5 5 3 0 3 4 5 0 4 1 3 2 5 | 14 20  0 7 1 0 12 1 0 13 1 1 7 2 1 12 1 2 8 1 2 9 1 2 10 1 3 8 1 3 10 1 3 11 1 4 8 1 4 11 1 4 12 1 5 9 1 5 10 1 5 13 1 6 9 1 6 11 1 6 13 1
R 149 42 63 6 133 3 4 5 0 2 1 3 0 4 2 5 4 4 1 3 1 2 0 2 0 1 1 2 3 4 5 0 0 1 4 1 2 3 2 3 5 0 2 4 0 1 4 0 1 2 4 5 3 1 2 5 3 0 1 2 0 5 5 4 3 3 4 5 | 14 20  0 7 1 0 12 1 0 13 1 1 7 2 1 12 1 2 8 1 2 9 1 2 10 1 3 8 1 3 10 1 3 11 1 4 8 1 4 11 1 4 13 1 5 9 1 5 10 1 5 13 1 6 9 1 6 11 1 6 12 1
R 150 42 63 6 1199 3 4 5 0 2 1 1 0 2 1 2 3 0 2 4 4 0 3 3 1 5 1 2 3 2 0 5 0 1 3 4 3 2 1 0 2 1 4 0 5 3 4 0 1 2 4 3 5 5 4 3 4 0 5 5 3 1 1 5 2 4 2 0 | 14 21  0 7 1 0 8 1 0 9 1 1 7 1 1 8 1 1 10 1 2 7 1 2 8 1 2 12 1 3 9 1 3 10 1 3 11 1 4 9 1 4 11 1 4 13 1 5 10 1 5 12 1 5 13 1 6 11 1 6 12 1 6 13 1
R 151 42 63 6 497 3 4 5 0 2 1 0 1 2 1 2 3 0 3 2 4 1 5 3 0 4 1 2 3 2 0 4 0 1 3 4 5 2 0 1 2 3 5 0 4 1 3 0 1 2 4 3 5 5 4 3 5 0 4 1 4 5 3 2 0 5 1 2 | 14 21  0 7 1 0 8 1 0 9 1 1 7 1 1 8 1 1 9 1 2 7 1 2 9 1 2 10 1 3 8 1 3 10 1 3 11 1 4 10 1 4 12 1 4 13 1 5 11 1 5 12 1 5 13 1 6 11 1 6 12 1 6 13 1
R 152 42 63 6 581 3 4 5 0 2 1 0 1 2 1 2 0 3 4 0 2 3 4 3 5 1 1 2 3 2 0 4 0 1 3 0 4 1 5 2 4 3 5 0 1 3 2 0 1 2 4 3 5 5 4 3 5 3 4 2 1 5 5 1 0 0 2 4 | 14 21  0 7 1 0 8 1 0 9 1 1 7 1 1 8 1 1 9 1 2 7 1 2 9 1 2 10 1 3 8 1 3 11 1 3 12 1 4 10 1 4 11 1 4 13 1 5 10 1 5 12 1 5 13 1 6 11 1 6 12 1 6 13 1
R 153 42 63 6 151 3 4 5 0 2 1 0 1 2 1 2 3 0 2 5 4 3 0 1 3 4 1 2 3 2 0 4 0 1 3 1 4 0 5 3 2 5 0 3 4 1 2 0 1 2 4 3 5 5 3 4 5 0 4 4 1 3 2 1 5 5 2 0 | 14 21  0 7 1 0 8 1 0 9 1 1 7 1 1 8 1 1 9 1 2 7 1 2 10 1 2 11 1 3 8 1 3 11 1 3 12 1 4 9 1 4 11 1 4 13 1 5 10 1 5 12 1 5 13 1 6 10 1 6 12 1 6 13 1
R 154 42 63 6 114 3 4 5 0 2 1 0 1 2 1 2 0 0 2 3 4 3 5 3 1 4 1 2 3 2 0 4 0 1 3 1 4 5 3 0 2 5 2 4 1 3 0 0 1 2 4 3 5 5 3 4 5 3 4 4 1 5 2 1 0 0 5 2 | 14 21  0 7 1 0 8 1 0 9 1 1 7 1 1 8 1 1 9 1 2 7 1 2 10 1 2 11 1 3 8 1 3 12 1 3 13 1 4 9 1 4 12 1 4 13 1 5 10 1 5 11 1 5 12 1 6 10 1 6 11 1 6 13 1
R 155 42 63 6 388 3 4 5 0 2 1 0 1 2 1 2 0 1 2 3 3 5 4 5 4 0 1 2 3 2 0 4 1 0 4 3 0 2 5 3 2 5 4 1 0 5 1 0 1 2 4 3 5 5 3 4 5 4 3 5 0 4 1 0 2 1 2 3 | 14 21  0 7 1 0 8 1 0 9 1 1 7 1 1 8 1 1 10 1 2 7 1 2 9 1 2 11 1 3 8 1 3 10 1 3 12 1 4 9 1 4 11 1 4 13 1 5 10 1 5 12 1 5 13 1 6 11 1 6 12 1 6 13 1
R 156 42 63 6 292 3 4 5 0 2 1 0 1 2 3 1 4 1 2 3 0 2 4 3 0 5 1 2 3 2 0 4 0 1 3 3 0 1 4 5 2 5 2 1 0 4 3 0 1 2 4 3 5 5 4 3 5 2 0 4 0 5 5 3 1 1 4 2 | 14 21  0 7 1 0 8 1 0 9 1 1 7 1 1 8 1 1 10 1 2 7 1 2 10 1 2 11 1 3 8 1 3 10 1 3 12 1 4 9 1 4 11 1 4 13 1 5 9 1 5 12 1 5 13 1 6 11 1 6 12 1 6 13 1
R 157 42 63 6 152 3 4 5 0 2 1 0 1 2 1 2 3 0 2 3 1 4 0 3 4 5 1 2 3 2 0 4 1 0 3 3 0 1 4 5 2 4 0 2 5 1 3 0 1 2 4 3 5 5 4 3 5 0 4 4 1 5 5 3 2 2 1 0 | 14 21  0 7 1 0 8 1 0 9 1 1 7 1 1 8 1 1 10 1 2 7 1 2 10 1 2 11 1 3 8 1 3 11 1 3 13 1 4 9 1 4 11 1 4 12 1 5 9 1 5 12 1 5 13 1 6 10 1 6 12 1 6 13 1
R 158 42 63 6 187 3 4 5 0 2 1 0 1 2 1 2 0 2 1 3 5 3 4 3 4 0 1 2 3 2 0 4 3 0 4 3 0 1 5 0 1 2 4 5 1 3 2 0 1 2 4 3 5 5 4 3 5 3 4 5 4 0 1 2 0 2 1 5 | 14 21  0 7 1 0 8 1 0 9 1 1 7 1 1 8 1 1 10 1 2 7 1 2 10 1 2 11 1 3 8 1 3 12 1 3 13 1 4 9 1 4 11 1 4 12 1 5 9 1 5 11 1 5 13 1 6 10 1 6 12 1 6 13 1
R 159 42 63 6 132 3 4 5 0 2 1 0 1 2 1 2 0 1 2 3 3 4 5 3 4 0 1 2 3 2 0 4 3 0 5 3 0 1 0 4 2 4 2 1 5 3 1 0 1 2 4 3 5 5 4 3 5 3 4 4 5 0 1 0 2 2 1 5 | 14 21  0 7 1 0 8 1 0 9 1 1 7 1 1 8 1 1 10 1 2 7 1 2 10 1 2 11 1 3 8 1 3 12 1 3 13 1 4 9 1 4 11 1 4 13 1 5 9 1 5 12 1 5 13 1 6 10 1 6 11 1 6 12 1
R 160 42 63 6 150 3 4 5 0 2 1 0 1 2 1 2 3 2 0 3 1 4 3 0 5 4 1 2 3 2 0 4 1 0 3 0 3 4 4 1 2 0 3 5 5 1 2 0 1 2 4 3 5 5 3 4 5 0 4 4 1 5 5 2 0 2 1 3 | 14 21  0 7 1 0 8 1 0 9 1 1 7 1 1 8 1 1 10 1 2 7 1 2 11 1 2 12 1 3 8 1 3 11 1 3 13 1 4 9 1 4 10 1 4 11 1 5 9 1 5 12 1 5 13 1 6 10 1 6 12 1 6 13 1
R 161 42 63 6 97 3 4 5 0 2 1 0 1 2 1 2 3 1 0 3 2 3 4 5 0 4 1 2 3 2 0 4 3 0 4 0 3 2 4 1 5 2 0 1 5 3 1 0 1 2 4 3 5 5 3 4 5 4 0 5 4 2 1 0 5 1 3 2 | 14 21  0 7 1 0 8 1 0 9 1 1 7 1 1 8 1 1 10 1 2 7 1 2 11 1 2 13 1 3 8 1 3 12 1 3 13 1 4 9 1 4 10 1 4 11 1 5 9 1 5 11 1 5 12 1 6 10 1 6 12 1 6 13 1
R 162 42 63 6 131 3 4 5 0 2 1 0 1 2 1 2 3 0 1 3 3 2 5 0 4 5 1 2 3 0 2 3 0 1 5 5 2 4 5 1 4 0 3 1 0 3 2 0 1 2 4 3 5 5 3 4 4 0 5 5 2 4 4 1 0 3 2 1 | 14 21  0 7 1 0 8 1 0 9 1 1 7 1 1 10 1 1 13 1 2 7 1 2 11 1 2 12 1 3 8 1 3 10 1 3 12 1 4 8 1 4 11 1 4 13 1 5 9 1 5 10 1 5 11 1 6 9 1 6 12 1 6 13 1
R 163 42 63 6 1048 3 1 2 1 3 4 5 1 3 0 4 3 0 1 2 2 0 4 0 2 1 0 4 3 2 3 1 3 4 1 2 1 4 4 0 5 0 2 3 0 4 2 4 5 0 2 5 0 0 4 2 2 5 1 3 5 4 1 3 5 3 1 5 | 14 15  0 6 2 0 9 1 1 7 2 1 10 1 2 8 2 2 11 1 3 9 2 3 12 1 4 10 2 4 12 1 5 11 2 5 12 1 6 13 1 7 13 1 8 13 1
R 164 42 63 6 362 3 1 2 0 3 4 5 1 4 0 4 3 2 0 1 3 0 2 0 2 1 2 4 3 3 4 1 3 4 1 1 0 5 2 0 4 2 0 4 1 3 2 4 5 0 1 5 2 0 2 3 2 5 1 3 4 5 1 5 4 3 0 5 | 14 15  0 6 2 0 9 1 1 7 2 1 10 1 2 8 2 2 11 1 3 9 2 3 12 1 4 10 2 4 12 1 5 11 2 5 13 1 6 12 1 7 13 1 8 13 1
R 165 42 63 6 88 3 1 2 2 3 5 0 3 4 0 4 3 0 1 2 1 2 0 0 2 1 0 5 3 2 4 3 3 4 1 2 1 5 0 2 3 0 1 4 4 5 1 4 5 0 1 4 0 1 5 2 2 5 1 3 4 5 4 5 3 3 2 0 | 14 15  0 6 2 0 9 1 1 7 2 1 10 1 2 8 2 2 12 1 3 9 2 3 11 1 4 10 2 4 12 1 5 11 2 5 12 1 6 13 1 7 13 1 8 13 1
R 166 42 63 6 373 3 1 2 5 1 4 2 4 3 0 4 3 3 0 2 1 2 0 0 2 1 3 4 1 0 3 4 3 4 1 2 0 4 0 2 4 1 2 3 5 1 0 4 5 0 0 2 3 1 5 0 2 5 1 1 5 4 3 5 4 3 5 2 | 14 15  0 6 2 0 9 1 1 7 2 1 10 1 2 8 2 2 12 1 3 9 2 3 11 1 4 10 2 4 12 1 5 11 2 5 13 1 6 13 1 7 12 1 8 13 1
R 167 42 63 NOT6 B chi=7 | 14 15  0 6 2 0 9 1 1 7 2 1 10 1 2 8 2 2 12 1 3 9 2 3 11 1 4 10 2 4 12 1 5 11 2 5 13 1 6 13 1 7 13 1 8 12 1
R 168 42 63 NOT6 B chi=7 | 14 15  0 6 2 0 9 1 1 7 2 1 10 1 2 8 2 2 12 1 3 9 2 3 11 1 4 10 2 4 13 1 5 11 2 5 12 1 6 13 1 7 13 1 8 12 1
R 169 42 63 6 1541 3 1 2 2 0 3 1 2 4 0 4 3 1 2 0 3 4 1 0 2 1 4 3 0 5 4 2 3 4 1 0 2 3 1 4 0 1 2 3 4 0 5 4 5 0 1 5 4 0 3 5 2 5 1 4 5 3 2 5 0 3 2 1 | 14 15  0 6 2 0 9 1 1 7 2 1 12 1 2 8 2 2 12 1 3 9 2 3 10 1 4 10 2 4 11 1 5 11 2 5 12 1 6 13 1 7 13 1 8 13 1
R 170 42 63 NOT6 B chi=7 | 14 15  0 6 2 0 9 1 1 7 2 1 12 1 2 8 2 2 12 1 3 9 2 3 10 1 4 10 2 4 11 1 5 11 2 5 13 1 6 13 1 7 12 1 8 13 1
R 171 42 63 NOT6 B chi=7 | 14 15  0 6 2 0 9 1 1 7 2 1 12 1 2 8 2 2 13 1 3 9 2 3 10 1 4 10 2 4 11 1 5 11 2 5 12 1 6 13 1 7 12 1 8 13 1
R 172 42 63 6 1753 3 1 2 3 0 2 4 0 1 1 3 4 2 5 4 5 0 3 0 2 1 1 2 0 2 1 0 4 5 1 3 0 4 3 4 5 2 0 5 1 2 5 4 5 0 4 5 1 3 5 2 2 5 0 0 3 1 1 2 4 3 3 4 | 14 16  0 6 2 0 11 1 1 7 2 1 11 1 2 8 2 2 11 1 3 9 1 3 10 1 3 13 1 4 9 2 4 12 1 5 10 2 5 12 1 6 12 1 7 13 1 8 13 1
R 173 42 63 6 20879 3 1 2 4 0 2 3 0 1 0 1 3 5 3 4 4 2 5 0 2 1 1 2 0 2 1 0 4 3 2 5 2 1 3 4 5 0 1 5 0 5 4 4 5 0 3 5 1 4 5 2 5 4 2 0 1 2 0 3 1 3 4 3 | 14 16  0 6 2 0 11 1 1 7 2 1 11 1 2 8 2 2 11 1 3 9 1 3 10 1 3 13 1 4 9 2 4 12 1 5 10 2 5 13 1 6 12 1 7 12 1 8 13 1
R 174 42 63 6 4854 3 1 2 3 0 2 0 5 3 2 4 0 3 0 1 1 3 4 0 2 1 1 2 0 1 3 5 1 0 2 4 3 2 3 4 5 0 4 5 1 2 4 4 5 0 4 5 1 2 4 1 3 1 5 4 5 2 0 5 2 3 3 0 | 14 16  0 6 2 0 11 1 1 7 2 1 11 1 2 8 2 2 12 1 3 9 1 3 10 1 3 13 1 4 9 2 4 11 1 5 10 2 5 12 1 6 12 1 7 13 1 8 13 1
R 175 42 63 NOT6 B chi=7 | 14 16  0 6 2 0 11 1 1 7 2 1 11 1 2 8 2 2 12 1 3 9 1 3 10 1 3 13 1 4 9 2 4 11 1 5 10 2 5 12 1 6 13 1 7 13 1 8 12 1
R 176 42 63 NOT6 A+B chi=-1 | 14 16  0 6 2 0 11 1 1 7 2 1 11 1 2 8 2 2 12 1 3 9 1 3 10 1 3 13 1 4 9 2 4 12 1 5 10 2 5 13 1 6 11 1 7 12 1 8 13 1
R 177 42 63 NOT6 A+B chi=-1 | 14 16  0 6 2 0 11 1 1 7 2 1 11 1 2 8 2 2 12 1 3 9 1 3 10 1 3 13 1 4 9 2 4 12 1 5 10 2 5 13 1 6 11 1 7 13 1 8 12 1
R 178 42 63 6 83 3 1 2 0 2 3 2 0 4 0 3 2 0 5 1 1 4 5 0 2 1 4 3 2 5 4 0 1 5 2 3 4 5 1 0 3 4 5 1 0 1 2 4 5 0 1 5 4 1 3 5 4 1 5 3 2 4 0 2 3 3 0 2 | 14 18  0 6 2 0 10 1 1 7 2 1 11 1 2 8 2 2 11 1 3 9 1 3 10 1 3 13 1 4 9 1 4 10 1 4 13 1 5 9 1 5 11 1 5 13 1 6 12 1 7 12 1 8 12 1
R 179 42 63 NOT6 B chi=7 | 14 18  0 6 2 0 10 1 1 7 2 1 11 1 2 8 2 2 12 1 3 9 1 3 10 1 3 13 1 4 9 1 4 10 1 4 13 1 5 9 1 5 11 1 5 13 1 6 11 1 7 12 1 8 12 1
R 180 42 63 NOT6 B chi=7 | 14 18  0 6 2 0 10 1 1 7 2 1 11 1 2 8 2 2 12 1 3 9 1 3 10 1 3 13 1 4 9 1 4 10 1 4 13 1 5 9 1 5 11 1 5 13 1 6 12 1 7 11 1 8 12 1
R 181 42 63 6 115 1 2 3 4 1 0 0 4 2 2 4 3 5 3 1 0 1 2 3 4 5 2 0 1 0 2 1 3 4 0 1 3 0 2 1 3 5 2 4 0 5 3 0 4 5 3 5 2 3 5 1 1 5 0 2 4 0 4 5 3 1 2 4 | 14 16  0 6 1 0 8 2 1 7 2 1 9 1 2 8 1 2 10 1 2 13 1 3 9 2 3 11 1 4 10 2 4 12 1 5 11 2 5 12 1 6 12 1 6 13 1 7 13 1
R 182 42 63 6 72 1 2 3 4 1 2 0 4 1 0 3 4 2 3 4 2 0 1 3 4 5 0 2 1 0 2 1 4 3 2 3 4 0 1 0 4 3 0 2 1 5 3 0 4 5 3 5 0 3 2 5 1 5 2 1 5 0 3 5 4 1 2 4 | 14 16  0 6 1 0 8 2 1 7 2 1 9 1 2 8 1 2 10 2 3 9 2 3 11 1 4 10 1 4 12 1 4 13 1 5 11 2 5 12 1 6 12 1 6 13 1 7 13 1
R 183 42 63 6 12593 3 1 2 3 2 0 0 2 3 1 4 3 4 5 1 5 0 2 0 2 1 1 0 2 3 4 5 3 4 5 1 5 2 2 0 1 4 0 5 4 0 1 4 5 0 4 5 1 1 4 5 0 2 5 0 3 2 3 4 1 3 3 2 | 14 16  0 6 2 0 8 1 1 7 2 1 9 1 2 8 1 2 10 1 2 13 1 3 9 2 3 11 1 4 10 2 4 12 1 5 11 2 5 12 1 6 12 1 7 13 1 8 13 1
R 184 42 63 6 94 3 1 2 2 1 4 0 4 3 1 3 2 1 2 0 0 3 4 0 2 1 3 4 1 3 4 1 0 5 2 0 2 4 4 3 2 1 5 0 0 4 3 4 5 0 0 5 3 2 5 1 4 0 5 3 5 4 1 5 2 3 2 1 | 14 16  0 6 2 0 8 1 1 7 2 1 9 1 2 8 2 2 10 1 3 9 1 3 11 1 3 13 1 4 10 2 4 12 1 5 11 2 5 12 1 6 12 1 7 13 1 9 13 1
R 185 42 63 6 2862 3 1 2 5 2 0 0 2 3 1 5 3 1 4 0 2 4 5 0 2 1 1 0 2 3 4 5 3 5 4 1 2 0 5 4 3 1 0 2 4 0 1 4 5 0 3 4 1 1 4 5 0 2 4 3 2 5 0 1 3 3 5 2 | 14 16  0 6 2 0 8 1 1 7 2 1 9 1 2 8 1 2 10 2 3 9 2 3 12 1 4 10 1 4 11 1 4 12 1 5 11 2 5 12 1 6 13 1 7 13 1 8 13 1
R 186 42 63 6 1155 3 1 2 5 2 4 0 2 3 1 0 3 1 4 2 0 5 3 0 2 1 1 4 2 3 4 5 3 0 2 1 2 0 3 5 4 1 4 0 0 1 3 4 5 0 0 3 1 1 4 5 4 5 2 3 0 5 1 2 4 3 5 2 | 14 16  0 6 2 0 8 1 1 7 2 1 9 1 2 8 1 2 10 2 3 9 2 3 12 1 4 10 1 4 11 1 4 12 1 5 11 2 5 13 1 6 12 1 7 13 1 8 13 1
R 187 42 63 6 66 1 2 3 4 1 0 0 4 2 2 4 3 5 3 4 2 0 1 3 4 5 2 0 1 0 2 1 3 4 0 4 3 2 1 0 3 5 2 4 0 5 3 0 4 5 3 5 2 3 5 1 1 5 0 0 1 2 4 5 3 1 2 4 | 14 16  0 6 1 0 8 2 1 7 2 1 9 1 2 8 1 2 10 1 2 13 1 3 9 2 3 12 1 4 10 2 4 11 1 5 11 2 5 12 1 6 12 1 6 13 1 7 13 1
R 188 42 63 6 704 1 2 3 4 2 0 0 4 1 1 4 3 2 3 4 0 1 5 3 4 5 1 0 2 0 2 1 3 4 5 3 4 0 5 1 3 0 2 4 0 1 3 0 4 5 3 5 1 3 2 5 0 2 5 1 0 5 2 4 3 1 2 4 | 14 16  0 6 1 0 8 2 1 7 2 1 9 1 2 8 1 2 10 2 3 9 2 3 12 1 4 10 1 4 11 1 4 13 1 5 11 2 5 12 1 6 12 1 6 13 1 7 13 1
R 189 42 63 6 104 3 1 2 3 2 0 0 2 3 1 4 3 4 2 5 1 0 3 0 2 1 1 0 2 3 4 5 3 4 0 5 2 1 3 0 2 1 5 4 4 0 1 4 5 0 4 5 1 1 4 5 2 5 0 0 3 1 4 5 2 3 3 2 | 14 16  0 6 2 0 8 1 1 7 2 1 9 1 2 8 1 2 10 1 2 13 1 3 9 2 3 12 1 4 10 2 4 11 1 5 11 2 5 12 1 6 12 1 7 13 1 8 13 1
R 190 42 63 6 57 3 1 2 4 1 0 0 2 3 2 4 3 1 4 2 5 0 3 0 2 1 2 0 1 3 4 5 3 4 0 1 2 0 3 0 2 1 5 4 5 1 3 4 5 0 3 5 2 1 4 5 1 5 0 3 5 0 1 4 2 3 4 2 | 14 16  0 6 2 0 8 1 1 7 2 1 9 1 2 8 1 2 10 2 3 9 2 3 12 1 4 10 1 4 11 1 4 13 1 5 11 2 5 12 1 6 12 1 7 13 1 8 13 1
R 191 42 63 6 420 3 1 2 5 0 4 0 2 3 3 1 2 1 4 2 0 3 5 0 2 1 3 4 0 3 4 5 2 1 4 1 2 0 5 3 2 1 0 4 3 0 1 4 5 0 1 2 3 1 4 5 0 5 4 3 0 5 1 4 2 3 5 2 | 14 16  0 6 2 0 8 1 1 7 2 1 9 1 2 8 1 2 10 2 3 9 2 3 13 1 4 10 1 4 11 1 4 12 1 5 11 2 5 12 1 6 12 1 7 13 1 8 13 1
R 192 42 63 6 410 3 1 2 4 5 2 0 4 3 0 1 3 1 2 0 3 4 1 0 2 1 2 3 4 3 4 1 0 5 4 0 2 3 1 4 0 2 1 3 4 2 0 4 5 0 0 1 3 2 5 1 2 4 5 4 5 3 2 5 0 3 5 1 | 14 16  0 6 2 0 8 1 1 7 1 1 9 2 2 8 2 2 10 1 3 9 1 3 12 1 3 13 1 4 10 2 4 11 1 5 11 2 5 12 1 6 13 1 7 12 1 7 13 1
R 193 42 63 6 374 3 1 2 5 1 4 0 2 4 3 0 2 1 3 0 2 4 3 0 2 1 3 4 1 3 4 5 2 0 4 1 2 0 3 4 0 1 3 2 4 1 0 4 5 0 0 2 3 1 3 5 1 5 4 4 2 5 1 5 0 3 5 2 | 14 16  0 6 2 0 8 1 1 7 2 1 9 1 2 8 1 2 10 2 3 9 2 3 12 1 4 10 1 4 11 1 4 13 1 5 11 2 5 12 1 6 13 1 7 12 1 8 13 1
R 194 42 63 6 358 3 1 2 5 0 4 0 4 3 2 1 3 1 4 3 0 4 2 0 2 1 2 4 0 3 4 1 3 1 4 0 2 3 2 4 1 0 2 3 0 1 5 4 5 0 1 3 2 2 5 1 0 5 4 5 0 2 3 5 1 3 5 4 | 14 16  0 6 2 0 8 1 1 7 2 1 9 1 2 8 2 2 10 1 3 9 2 3 12 1 4 10 1 4 11 1 4 13 1 5 11 2 5 12 1 6 13 1 7 12 1 10 13 1
R 195 42 63 6 358 3 1 2 5 0 4 0 4 3 3 1 2 1 2 0 3 4 5 0 2 1 3 4 0 3 4 1 2 1 4 0 2 3 5 2 1 0 3 2 0 1 5 4 5 0 1 2 3 2 5 1 0 5 4 5 3 4 0 1 2 3 5 4 | 14 16  0 6 2 0 8 1 1 7 2 1 9 1 2 8 2 2 10 1 3 9 2 3 12 1 4 10 1 4 11 2 5 11 1 5 12 1 5 13 1 6 13 1 7 12 1 10 13 1
R 196 42 63 6 903 1 2 3 5 1 3 0 4 1 2 0 5 2 3 4 1 0 2 3 4 5 2 3 1 0 2 1 5 0 4 3 4 0 1 2 3 0 4 2 1 0 3 0 4 5 0 4 2 3 2 5 1 3 4 1 0 5 5 3 4 1 2 5 | 14 17  0 6 1 0 8 2 1 7 2 1 9 1 2 8 1 2 10 2 3 9 2 3 11 1 4 10 1 4 11 1 4 13 1 5 11 1 5 12 1 5 13 1 6 12 1 6 13 1 7 12 1
R 197 42 63 6 472 3 1 2 4 5 1 0 4 3 3 0 4 1 2 0 1 2 4 0 2 1 0 3 5 3 4 1 2 5 4 0 2 3 1 0 4 5 2 4 1 2 0 4 5 0 2 0 3 2 5 1 1 2 5 4 5 3 5 0 3 3 1 4 | 14 17  0 6 2 0 8 1 1 7 1 1 9 2 2 8 2 2 10 1 3 9 1 3 11 1 3 13 1 4 10 2 4 11 1 5 11 1 5 12 1 5 13 1 6 12 1 7 12 1 7 13 1
R 198 42 63 6 12438 3 1 2 2 3 0 0 2 3 4 2 1 4 1 5 4 0 2 0 2 1 4 0 3 3 4 5 1 2 0 5 1 3 4 5 2 0 1 4 4 0 1 4 5 0 1 5 4 1 4 5 3 5 0 0 2 3 1 5 3 3 2 2 | 14 17  0 6 2 0 8 1 1 7 2 1 9 1 2 8 1 2 10 1 2 13 1 3 9 2 3 11 1 4 10 2 4 11 1 5 11 1 5 12 1 5 13 1 6 12 1 7 12 1 8 13 1
R 199 42 63 6 357 1 2 3 5 0 4 0 4 1 1 2 3 2 3 4 5 0 1 3 4 5 1 4 0 0 2 1 3 2 4 3 4 0 3 0 4 0 1 2 5 1 3 0 4 5 2 3 1 3 2 5 0 5 4 1 5 0 2 3 4 1 2 5 | 14 17  0 6 1 0 8 2 1 7 2 1 9 1 2 8 1 2 10 2 3 9 2 3 12 1 4 10 1 4 11 1 4 13 1 5 11 1 5 12 1 5 13 1 6 11 1 6 13 1 7 12 1
R 200 42 63 6 336 3 1 2 3 4 5 0 4 3 1 2 4 1 2 0 3 4 0 0 2 1 1 0 3 3 4 1 2 4 3 0 2 4 1 5 0 2 0 4 3 1 2 4 5 0 2 0 1 2 5 1 5 3 0 3 5 4 2 1 5 3 5 4 | 14 17  0 6 2 0 8 1 1 7 1 1 9 2 2 8 2 2 10 1 3 9 1 3 12 1 3 13 1 4 10 2 4 11 1 5 11 1 5 12 1 5 13 1 6 11 1 7 12 1 7 13 1
R 201 42 63 6 820 3 1 2 4 3 5 0 2 3 0 1 4 4 1 5 4 0 2 0 2 1 0 5 3 3 4 5 4 1 3 5 1 0 2 4 5 0 2 1 4 0 1 4 5 0 1 2 0 1 4 5 2 5 3 2 3 0 1 5 3 3 4 2 | 14 17  0 6 2 0 8 1 1 7 2 1 9 1 2 8 1 2 10 1 2 13 1 3 9 2 3 12 1 4 10 2 4 11 1 5 11 1 5 12 1 5 13 1 6 11 1 7 12 1 8 13 1
R 202 42 63 6 85 3 4 5 3 1 2 1 2 0 0 3 4 1 0 2 4 3 5 1 2 3 0 2 1 0 2 3 4 3 2 5 3 1 1 4 0 2 0 5 1 0 4 0 1 2 4 5 0 4 5 3 1 5 2 4 5 3 0 2 1 4 5 3 | 14 17  0 6 1 0 8 1 0 13 1 1 7 2 1 9 1 2 8 2 2 11 1 3 9 2 3 11 1 4 10 1 4 11 1 4 13 1 5 10 2 5 12 1 6 12 1 6 13 1 7 12 1
R 203 42 63 6 91 1 2 3 2 1 4 0 4 2 0 2 3 5 0 1 3 1 2 3 4 5 0 4 1 0 2 1 3 2 4 2 1 5 1 3 0 4 3 0 5 0 3 0 4 5 3 5 0 3 5 1 1 5 4 3 2 4 0 4 5 1 2 2 | 14 17  0 6 1 0 8 2 1 7 2 1 9 1 2 8 1 2 11 1 2 13 1 3 9 2 3 11 1 4 10 1 4 11 1 4 13 1 5 10 2 5 12 1 6 12 1 6 13 1 7 12 1
R 204 42 63 6 234 3 4 5 5 1 0 1 2 0 2 4 3 5 1 3 4 0 2 1 2 3 2 0 1 0 2 3 3 4 0 2 3 1 1 4 5 0 3 2 1 0 4 0 1 2 3 4 2 4 5 3 1 5 0 0 4 2 5 1 3 4 5 5 | 14 17  0 6 1 0 8 1 0 13 1 1 7 2 1 9 1 2 8 2 2 11 1 3 9 2 3 11 1 4 10 2 4 11 1 5 10 1 5 12 1 5 13 1 6 12 1 6 13 1 7 12 1
R 205 42 63 6 124 1 2 3 0 3 4 0 4 1 2 0 1 2 0 1 5 3 4 3 4 5 2 4 3 0 2 1 1 0 4 4 3 1 4 5 0 3 0 2 3 5 1 0 4 5 1 5 2 3 2 5 3 5 4 5 3 4 0 2 1 1 2 0 | 14 17  0 6 1 0 8 2 1 7 2 1 9 1 2 8 1 2 11 1 2 12 1 3 9 2 3 12 1 4 10 1 4 11 1 4 13 1 5 10 2 5 11 1 6 12 1 6 13 1 7 13 1
R 206 42 63 6 399 3 4 5 5 0 3 1 2 0 1 2 4 1 0 2 4 3 5 1 2 3 1 3 0 0 2 3 4 2 3 5 3 2 4 1 0 0 1 2 1 0 4 0 1 2 2 4 1 4 5 3 0 5 3 4 5 3 0 1 2 4 5 5 | 14 17  0 6 1 0 8 1 0 13 1 1 7 2 1 9 1 2 8 2 2 11 1 3 9 2 3 12 1 4 10 1 4 11 1 4 13 1 5 10 2 5 11 1 6 12 1 6 13 1 7 12 1
R 207 42 63 6 775 1 2 3 5 0 4 0 4 2 3 1 2 3 0 1 5 2 4 3 4 5 3 4 0 0 2 1 2 1 4 4 2 3 4 1 0 0 3 2 5 0 3 0 4 5 1 2 3 3 5 1 0 5 4 5 2 4 0 1 3 1 2 5 | 14 17  0 6 1 0 8 2 1 7 2 1 9 1 2 8 1 2 11 1 2 13 1 3 9 2 3 12 1 4 10 1 4 11 1 4 13 1 5 10 2 5 11 1 6 12 1 6 13 1 7 12 1
R 208 42 63 6 1495 3 1 2 5 2 0 0 4 3 1 3 4 1 5 2 3 0 4 0 2 1 0 1 3 3 4 1 4 3 2 4 0 5 0 2 3 0 1 4 1 5 4 4 5 0 4 1 3 2 5 1 0 5 2 3 4 0 1 2 5 3 5 2 | 14 17  0 6 2 0 8 1 1 7 1 1 9 1 1 13 1 2 8 2 2 11 1 3 9 2 3 12 1 4 10 1 4 11 1 4 13 1 5 10 2 5 11 1 6 12 1 7 12 1 7 13 1
R 209 42 63 6 686 3 1 2 4 5 1 0 4 3 3 0 4 1 5 2 3 0 4 0 2 1 2 1 0 3 4 1 3 5 4 4 0 5 0 2 3 0 1 4 1 2 3 4 5 0 3 0 2 2 5 1 1 2 5 3 4 0 1 2 5 3 5 4 | 14 17  0 6 2 0 8 1 1 7 1 1 9 2 2 8 2 2 11 1 3 9 1 3 12 1 3 13 1 4 10 1 4 11 1 4 13 1 5 10 2 5 11 1 6 12 1 7 12 1 7 13 1
R 210 42 63 6 10730 3 1 2 5 0 2 0 2 3 1 3 4 3 0 2 1 4 5 0 2 1 1 2 0 3 4 5 4 3 2 5 4 3 1 2 0 0 1 4 1 0 3 4 5 0 3 4 1 1 4 5 0 5 2 1 5 4 0 2 3 3 5 2 | 14 17  0 6 2 0 8 1 1 7 2 1 9 1 2 8 1 2 11 1 2 13 1 3 9 2 3 12 1 4 10 1 4 11 1 4 13 1 5 10 2 5 11 1 6 12 1 7 12 1 8 13 1
R 211 42 63 6 496 3 1 2 5 0 2 0 4 3 1 3 4 1 0 2 4 3 0 0 2 1 1 2 0 3 4 1 4 3 2 2 4 5 0 2 3 0 1 4 4 3 1 4 5 0 3 4 1 2 5 1 0 5 2 3 4 5 1 5 2 3 5 0 | 14 17  0 6 2 0 8 1 1 7 2 1 9 1 2 8 2 2 11 1 3 9 2 3 12 1 4 10 1 4 11 1 4 13 1 5 10 1 5 11 1 5 13 1 6 12 1 7 12 1 10 13 1
R 212 42 63 6 137 1 2 3 4 3 5 0 4 1 2 0 1 0 1 2 3 4 2 3 4 5 2 5 3 0 2 1 1 0 5 4 2 1 3 2 0 3 0 4 3 0 1 0 4 5 0 1 2 3 5 2 3 4 5 3 5 4 0 1 5 1 2 4 | 14 17  0 6 1 0 8 2 1 7 2 1 9 1 2 8 1 2 11 1 2 12 1 3 9 2 3 12 1 4 10 2 4 11 1 5 10 1 5 12 1 5 13 1 6 11 1 6 13 1 7 13 1
R 213 42 63 6 360 1 2 3 5 0 4 0 4 1 2 1 3 1 3 2 0 4 2 3 4 5 2 4 0 0 2 1 3 1 4 2 4 1 3 4 0 0 2 3 0 3 1 0 4 5 1 3 2 3 2 5 0 5 4 0 5 4 3 5 1 1 2 5 | 14 17  0 6 1 0 8 2 1 7 2 1 9 1 2 8 1 2 11 1 2 13 1 3 9 2 3 12 1 4 10 1 4 11 1 4 13 1 5 10 2 5 12 1 6 11 1 6 13 1 7 12 1
R 214 42 63 6 165 3 4 5 4 2 5 1 2 0 0 3 4 4 3 5 1 0 2 1 2 3 0 5 2 0 2 3 4 3 2 2 5 3 1 5 0 0 1 3 1 0 4 0 1 2 1 3 0 4 5 3 1 5 2 0 1 2 4 5 3 4 5 4 | 14 17  0 6 1 0 8 1 0 13 1 1 7 2 1 9 1 2 8 2 2 11 1 3 9 2 3 12 1 4 10 2 4 11 1 5 10 1 5 12 1 5 13 1 6 11 1 6 13 1 7 12 1
R 215 42 63 6 360 1 2 3 5 0 3 0 4 1 2 1 4 0 1 2 3 5 2 3 4 5 2 3 0 0 2 1 4 1 3 5 2 1 3 4 0 0 2 4 0 3 1 0 4 5 1 4 2 3 2 5 0 5 3 3 4 5 0 1 4 1 2 5 | 14 17  0 6 1 0 8 2 1 7 2 1 9 1 2 8 1 2 11 1 2 13 1 3 9 2 3 12 1 4 10 2 4 11 1 5 10 1 5 12 1 5 13 1 6 11 1 6 13 1 7 12 1
R 216 42 63 6 3652 3 4 5 1 3 4 1 2 0 0 1 2 4 5 2 1 0 5 1 2 3 0 4 3 0 2 3 2 1 5 1 0 4 2 0 5 0 5 2 3 1 4 0 1 2 2 5 0 4 5 3 3 4 5 1 3 0 3 4 2 4 5 1 | 14 18  0 6 1 0 8 1 0 10 1 1 7 2 1 9 1 2 8 2 2 10 1 3 9 2 3 10 1 4 11 1 4 12 1 4 13 1 5 11 1 5 12 1 5 13 1 6 11 1 6 13 1 7 12 1
R 217 42 63 6 340 3 1 2 0 2 5 0 4 3 1 3 2 0 1 2 0 3 4 0 2 1 5 4 1 3 4 1 3 2 0 0 2 3 1 4 5 1 4 2 0 3 5 4 5 0 3 1 4 2 5 1 5 4 0 5 3 4 2 5 1 3 0 2 | 14 18  0 6 2 0 8 1 1 7 1 1 9 2 2 8 2 2 10 1 3 9 1 3 10 1 3 11 1 4 10 1 4 12 1 4 13 1 5 11 1 5 12 1 5 13 1 6 11 1 7 12 1 7 13 1
R 218 42 63 6 991 1 2 3 5 2 3 0 4 1 1 0 5 4 2 3 1 2 0 3 4 5 1 3 2 0 2 1 5 0 4 3 4 0 3 2 1 2 4 0 1 0 3 0 4 5 0 4 1 3 2 5 2 3 4 1 0 5 5 3 4 1 2 5 | 14 18  0 6 1 0 8 2 1 7 2 1 9 1 2 8 1 2 10 1 2 11 1 3 9 2 3 11 1 4 10 1 4 11 1 4 13 1 5 10 1 5 12 1 5 13 1 6 12 1 6 13 1 7 12 1
R 219 42 63 6 490 1 2 3 5 0 4 0 4 1 3 1 2 4 2 0 3 1 2 3 4 5 3 4 0 0 2 1 2 1 4 3 4 0 2 0 1 0 3 2 4 1 3 0 4 5 1 2 3 3 2 5 0 5 4 1 3 5 5 4 0 1 2 5 | 14 18  0 6 1 0 8 2 1 7 2 1 9 1 2 8 1 2 10 1 2 11 1 3 9 2 3 12 1 4 10 1 4 11 1 4 13 1 5 10 1 5 11 1 5 13 1 6 12 1 6 13 1 7 12 1
R 220 42 63 6 104 1 2 3 4 1 5 0 4 2 0 2 3 1 2 4 3 0 1 3 4 5 0 5 1 0 2 1 3 2 1 3 1 4 0 4 2 0 3 2 5 0 3 0 4 5 2 3 0 3 5 1 4 5 1 0 3 5 2 5 4 1 2 4 | 14 18  0 6 1 0 8 2 1 7 2 1 9 1 2 8 1 2 10 1 2 13 1 3 9 2 3 11 1 4 10 1 4 11 1 4 12 1 5 10 1 5 11 1 5 13 1 6 12 1 6 13 1 7 12 1
R 221 42 63 6 77 1 2 3 0 3 4 0 4 1 2 0 1 2 4 3 1 2 0 3 4 5 2 4 3 0 2 1 1 0 4 3 4 0 3 0 2 4 1 2 5 1 3 0 4 5 1 5 2 3 2 5 3 5 4 1 5 0 5 3 4 1 2 0 | 14 18  0 6 1 0 8 2 1 7 2 1 9 1 2 8 1 2 10 1 2 11 1 3 9 2 3 11 1 4 10 1 4 12 1 4 13 1 5 10 1 5 12 1 5 13 1 6 11 1 6 13 1 7 12 1
R 222 42 63 6 1034 3 4 5 5 0 3 1 2 4 1 2 4 0 3 1 4 0 2 1 2 3 1 3 0 4 2 0 4 2 3 1 3 2 3 2 0 0 1 4 1 0 4 0 1 2 2 4 1 3 5 0 0 5 3 4 5 2 5 1 3 4 5 5 | 14 18  0 6 1 0 8 1 0 13 1 1 7 2 1 9 1 2 8 2 2 10 1 3 9 2 3 12 1 4 10 1 4 11 1 4 12 1 5 10 1 5 11 1 5 13 1 6 11 1 6 13 1 7 12 1
R 223 42 63 6 118 1 2 3 4 3 5 0 4 2 0 1 4 1 2 4 3 0 1 3 4 5 0 5 3 0 2 1 4 1 3 3 1 4 0 2 4 0 2 1 5 0 3 0 4 5 1 2 0 3 5 1 2 5 3 0 3 5 2 5 4 1 2 4 | 14 18  0 6 1 0 8 2 1 7 2 1 9 1 2 8 1 2 10 1 2 13 1 3 9 2 3 12 1 4 10 1 4 11 1 4 12 1 5 10 1 5 11 1 5 13 1 6 11 1 6 13 1 7 12 1
R 224 42 63 6 149 3 1 2 3 4 0 0 4 3 1 2 5 1 2 3 0 4 3 0 2 1 5 2 0 3 4 1 1 4 3 0 2 3 2 4 5 0 2 1 0 1 5 4 5 0 1 2 5 2 5 1 0 3 4 4 0 5 5 1 2 3 4 3 | 14 18  0 6 2 0 8 1 1 7 1 1 9 2 2 8 2 2 10 1 3 9 1 3 12 1 3 13 1 4 10 1 4 11 1 4 12 1 5 10 1 5 11 1 5 13 1 6 11 1 7 12 1 7 13 1
R 225 42 63 6 627 3 1 2 4 3 5 0 2 3 0 1 4 5 4 2 1 3 0 0 2 1 0 5 3 3 4 5 4 1 3 1 2 0 0 1 2 4 0 5 5 3 1 4 5 0 1 2 0 1 4 5 2 5 3 3 1 0 5 2 4 3 4 2 | 14 18  0 6 2 0 8 1 1 7 2 1 9 1 2 8 1 2 10 1 2 11 1 3 9 2 3 11 1 4 10 1 4 12 1 4 13 1 5 10 1 5 12 1 5 13 1 6 12 1 7 11 1 8 13 1
R 226 42 63 6 949 1 2 3 4 1 0 0 4 2 5 1 4 2 3 5 0 1 2 3 4 5 2 0 1 0 2 1 4 1 2 5 3 0 2 1 5 3 4 0 0 5 3 0 4 5 3 5 2 3 5 1 0 3 2 1 4 0 3 4 5 1 2 4 | 14 16  0 6 1 0 8 2 1 7 2 1 12 1 2 8 1 2 9 1 2 13 1 3 9 2 3 10 1 4 10 2 4 11 1 5 11 2 5 12 1 6 12 1 6 13 1 7 13 1
R 227 42 63 6 986 3 1 2 4 1 0 0 2 3 1 4 2 5 3 4 0 2 5 0 2 1 2 0 1 3 4 5 1 2 0 4 3 0 5 2 1 4 5 0 5 1 3 4 5 0 3 5 2 1 4 5 3 5 0 1 2 0 3 4 1 3 4 2 | 14 16  0 6 2 0 8 1 1 7 2 1 12 1 2 8 1 2 9 2 3 9 1 3 10 1 3 13 1 4 10 2 4 11 1 5 11 2 5 12 1 6 12 1 7 13 1 8 13 1
R 228 42 63 6 100 3 1 2 3 2 0 0 2 3 1 4 0 2 3 1 4 3 5 0 2 1 1 0 2 3 4 5 1 2 0 3 4 1 5 3 2 4 5 0 4 0 1 4 5 0 4 5 1 1 4 5 3 2 5 0 4 5 0 1 2 3 3 2 | 14 16  0 6 2 0 8 1 1 7 2 1 12 1 2 8 1 2 9 2 3 9 1 3 10 2 4 10 1 4 11 1 4 13 1 5 11 2 5 12 1 6 12 1 7 13 1 8 13 1
R 229 42 63 NOT6 B chi=7 | 14 16  0 6 2 0 8 1 1 7 2 1 12 1 2 8 1 2 9 2 3 9 1 3 10 1 3 13 1 4 10 2 4 11 1 5 11 2 5 12 1 6 13 1 7 12 1 8 13 1
R 230 42 63 NOT6 B chi=7 | 14 16  0 6 2 0 8 1 1 7 2 1 12 1 2 8 1 2 9 2 3 9 1 3 10 2 4 10 1 4 11 1 4 13 1 5 11 2 5 12 1 6 13 1 7 12 1 8 13 1
R 231 42 63 NOT6 B chi=7 | 14 16  0 6 2 0 8 1 1 7 2 1 12 1 2 8 2 2 9 1 3 9 1 3 10 1 3 13 1 4 10 2 4 11 1 5 11 2 5 12 1 6 13 1 7 12 1 9 13 1
R 232 42 63 NOT6 B chi=7 | 14 16  0 6 2 0 8 1 1 7 2 1 12 1 2 8 2 2 9 1 3 9 1 3 10 2 4 10 1 4 11 1 4 13 1 5 11 2 5 12 1 6 13 1 7 12 1 9 13 1
R 233 42 63 NOT6 B chi=7 | 14 16  0 6 2 0 8 1 1 7 2 1 12 1 2 8 2 2 9 1 3 9 1 3 10 2 4 10 1 4 11 2 5 11 1 5 12 1 5 13 1 6 13 1 7 12 1 9 13 1
R 234 42 63 NOT6 B chi=7 | 14 16  0 6 2 0 8 1 1 7 2 1 12 1 2 8 2 2 9 1 3 9 2 3 10 1 4 10 1 4 11 1 4 13 1 5 11 2 5 12 1 6 13 1 7 12 1 10 13 1
R 235 42 63 NOT6 B chi=7 | 14 16  0 6 2 0 8 1 1 7 2 1 12 1 2 8 2 2 9 1 3 9 2 3 10 1 4 10 1 4 11 2 5 11 1 5 12 1 5 13 1 6 13 1 7 12 1 10 13 1
R 236 42 63 6 1113 3 4 5 5 1 0 1 2 4 3 0 5 1 2 3 4 0 2 1 2 3 2 0 1 4 2 3 5 0 1 3 2 0 4 3 1 0 3 2 1 0 4 0 1 2 3 4 2 0 5 3 2 4 1 4 5 0 5 1 3 4 5 5 | 14 17  0 6 1 0 8 1 0 13 1 1 7 2 1 11 1 2 8 2 2 9 1 3 9 2 3 10 1 4 10 2 4 11 1 5 11 1 5 12 1 5 13 1 6 12 1 6 13 1 7 12 1
R 237 42 63 6 986 1 2 3 4 1 0 0 4 2 5 3 4 1 2 5 2 0 1 3 4 5 2 0 1 0 2 1 4 3 1 5 2 0 4 5 1 0 3 2 5 0 3 0 4 5 3 5 2 3 5 1 0 2 1 3 4 0 3 5 4 1 2 4 | 14 17  0 6 1 0 8 2 1 7 2 1 11 1 2 8 1 2 9 1 2 13 1 3 9 2 3 10 1 4 10 2 4 11 1 5 11 1 5 12 1 5 13 1 6 12 1 6 13 1 7 12 1
R 238 42 63 6 38316 1 2 3 2 4 1 0 4 1 2 3 4 0 3 5 1 0 2 3 4 5 0 1 4 0 2 1 3 4 0 5 3 1 2 5 4 4 3 0 1 0 3 0 4 5 3 5 0 3 2 5 1 0 5 2 4 1 3 5 4 1 2 2 | 14 17  0 6 1 0 8 2 1 7 2 1 11 1 2 8 1 2 9 2 3 9 1 3 10 1 3 13 1 4 10 2 4 11 1 5 11 1 5 12 1 5 13 1 6 12 1 6 13 1 7 12 1
R 239 42 63 6 270 3 1 2 1 2 5 0 2 3 1 4 2 5 4 0 3 0 1 0 2 1 0 5 2 3 4 5 1 2 0 0 4 1 3 4 2 5 0 4 5 1 3 4 5 0 3 4 0 1 4 5 3 5 0 2 3 1 5 2 4 3 1 2 | 14 17  0 6 2 0 8 1 1 7 2 1 11 1 2 8 1 2 9 2 3 9 1 3 10 1 3 13 1 4 10 2 4 11 1 5 11 1 5 12 1 5 13 1 6 12 1 7 12 1 8 13 1
R 240 42 63 NOT6 B chi=7 | 14 17  0 6 1 0 8 2 1 7 2 1 12 1 2 8 1 2 9 2 3 9 1 3 10 1 3 13 1 4 10 2 4 11 1 5 11 1 5 12 1 5 13 1 6 11 1 6 13 1 7 12 1
R 241 42 63 NOT6 B chi=7 | 14 17  0 6 1 0 8 2 1 7 2 1 12 1 2 8 1 2 9 2 3 9 1 3 10 2 4 10 1 4 11 1 4 13 1 5 11 1 5 12 1 5 13 1 6 11 1 6 13 1 7 12 1
R 242 42 63 6 57 1 2 3 5 2 0 0 4 1 2 4 3 5 1 3 0 2 1 3 4 5 1 0 2 0 2 1 3 4 0 2 3 1 3 4 0 5 2 4 0 3 1 0 4 5 3 4 1 3 2 5 1 5 0 0 4 2 5 3 4 1 2 5 | 14 17  0 6 1 0 8 2 1 7 2 1 11 1 2 8 1 2 9 1 2 11 1 3 9 2 3 12 1 4 10 2 4 11 1 5 10 1 5 12 1 5 13 1 6 12 1 6 13 1 7 13 1
R 243 42 63 6 163 3 1 2 4 3 5 0 2 3 4 5 1 1 4 0 2 0 3 0 2 1 1 5 3 3 4 5 1 5 0 3 0 1 0 2 4 2 4 5 1 3 0 4 5 0 0 2 1 1 4 5 2 3 0 2 3 5 4 5 1 3 4 2 | 14 17  0 6 2 0 8 1 1 7 2 1 11 1 2 8 1 2 9 1 2 11 1 3 9 2 3 12 1 4 10 1 4 11 1 4 13 1 5 10 2 5 12 1 6 12 1 7 13 1 8 13 1
R 244 42 63 6 27527 3 1 2 5 0 4 0 2 3 4 5 1 1 0 2 3 2 5 0 2 1 2 4 0 3 4 5 1 5 0 5 2 4 1 3 0 3 2 1 4 1 0 4 5 0 1 3 2 1 4 5 2 3 0 3 4 5 0 1 4 3 5 2 | 14 17  0 6 2 0 8 1 1 7 2 1 11 1 2 8 1 2 9 1 2 11 1 3 9 2 3 12 1 4 10 1 4 11 1 4 13 1 5 10 2 5 12 1 6 13 1 7 12 1 8 13 1
R 245 42 63 6 1210 3 1 2 3 2 0 0 2 3 1 4 2 4 3 5 0 1 3 0 2 1 5 0 2 3 4 5 1 2 0 2 5 3 3 1 4 1 0 4 4 0 1 4 5 0 1 4 5 1 4 5 3 0 5 0 1 2 4 2 5 3 3 2 | 14 17  0 6 2 0 8 1 1 7 2 1 11 1 2 8 1 2 9 2 3 9 1 3 11 1 3 12 1 4 10 2 4 11 1 5 10 1 5 12 1 5 13 1 6 12 1 7 13 1 8 13 1
R 246 42 63 6 2961 3 1 2 4 2 5 0 2 3 1 4 0 1 0 2 3 4 5 0 2 1 1 5 2 3 4 5 1 2 0 5 4 0 3 0 5 2 1 3 4 1 0 4 5 0 0 3 1 1 4 5 3 2 5 3 4 5 1 2 0 3 4 2 | 14 17  0 6 2 0 8 1 1 7 2 1 11 1 2 8 1 2 9 2 3 9 1 3 11 1 3 12 1 4 10 1 4 11 1 4 13 1 5 10 2 5 12 1 6 13 1 7 12 1 8 13 1
R 247 42 63 6 1859 1 2 3 3 5 0 0 4 2 5 1 4 3 4 1 2 0 1 3 4 5 1 0 5 0 2 1 4 1 3 1 0 4 2 4 5 0 2 4 5 0 3 0 4 5 2 4 1 3 5 1 0 2 3 2 0 5 3 5 4 1 2 3 | 14 17  0 6 1 0 8 2 1 7 2 1 11 1 2 8 1 2 9 1 2 13 1 3 9 2 3 11 1 4 10 1 4 11 1 4 12 1 5 10 2 5 13 1 6 12 1 6 13 1 7 12 1
R 248 42 63 6 624 1 2 3 5 0 4 0 4 2 5 3 1 2 0 1 3 1 5 3 4 5 1 4 0 0 2 1 1 3 0 5 1 4 2 3 4 0 3 2 5 0 3 0 4 5 2 3 1 3 5 1 2 4 0 3 5 4 0 2 4 1 2 5 | 14 17  0 6 1 0 8 2 1 7 2 1 11 1 2 8 1 2 9 1 2 13 1 3 9 2 3 11 1 4 10 1 4 11 1 4 13 1 5 10 2 5 12 1 6 12 1 6 13 1 7 12 1
R 249 42 63 6 1517 1 2 3 4 0 5 0 4 1 2 3 4 1 0 2 3 2 4 3 4 5 2 5 0 0 2 1 3 4 0 4 2 5 1 4 3 0 3 2 1 0 3 0 4 5 1 3 2 3 2 5 1 0 5 3 5 4 0 1 5 1 2 4 | 14 17  0 6 1 0 8 2 1 7 2 1 11 1 2 8 1 2 9 2 3 9 1 3 11 1 3 13 1 4 10 1 4 11 1 4 13 1 5 10 2 5 12 1 6 12 1 6 13 1 7 12 1
R 250 42 63 6 118 3 4 5 5 1 0 1 2 0 3 4 1 5 2 3 4 0 2 1 2 3 2 0 1 0 2 3 1 4 0 1 3 2 3 4 5 0 3 2 1 0 4 0 1 2 3 4 2 4 5 3 2 5 0 0 4 1 5 1 3 4 5 5 | 14 17  0 6 1 0 8 1 0 13 1 1 7 2 1 11 1 2 8 2 2 9 1 3 9 2 3 11 1 4 10 2 4 11 1 5 10 1 5 12 1 5 13 1 6 12 1 6 13 1 7 12 1
R 251 42 63 6 482 1 2 3 4 1 0 0 4 2 5 3 1 3 4 5 2 0 1 3 4 5 2 0 1 0 2 1 1 3 4 1 5 4 5 3 0 0 3 2 5 0 3 0 4 5 3 5 2 3 5 1 0 2 4 0 2 1 3 5 4 1 2 4 | 14 17  0 6 1 0 8 2 1 7 2 1 11 1 2 8 1 2 9 1 2 13 1 3 9 2 3 11 1 4 10 2 4 11 1 5 10 1 5 12 1 5 13 1 6 12 1 6 13 1 7 12 1
R 252 42 63 6 290 3 1 2 2 0 4 0 2 3 4 5 1 1 0 2 4 2 3 0 2 1 1 4 0 3 4 5 1 5 0 3 2 0 2 3 4 4 1 5 4 0 1 4 5 0 3 5 1 1 4 5 2 3 0 4 5 3 1 5 0 3 2 2 | 14 17  0 6 2 0 8 1 1 7 2 1 11 1 2 8 1 2 9 1 2 13 1 3 9 2 3 11 1 4 10 1 4 11 1 4 13 1 5 10 2 5 12 1 6 12 1 7 12 1 8 13 1
R 253 42 63 6 679 3 1 2 5 2 1 0 2 4 1 3 0 0 2 4 3 4 5 0 2 1 4 1 2 3 4 5 1 2 0 5 4 2 3 0 1 3 4 0 4 1 0 4 5 0 0 3 4 1 3 5 4 2 5 3 5 1 0 1 2 3 5 2 | 14 17  0 6 2 0 8 1 1 7 2 1 11 1 2 8 1 2 9 2 3 9 1 3 12 1 3 13 1 4 10 1 4 11 1 4 12 1 5 10 2 5 11 1 6 13 1 7 12 1 8 13 1
R 254 42 63 6 273 1 2 3 3 1 0 0 4 2 5 3 1 2 0 1 3 4 5 3 4 5 2 0 1 0 2 1 1 3 0 5 4 1 4 3 0 2 5 4 5 0 3 0 4 5 4 5 2 3 5 1 2 4 0 3 5 4 0 2 1 1 2 3 | 14 17  0 6 1 0 8 2 1 7 2 1 11 1 2 8 1 2 9 1 2 13 1 3 9 2 3 12 1 4 10 1 4 11 1 4 13 1 5 10 2 5 11 1 6 12 1 6 13 1 7 12 1
R 255 42 63 6 273 1 2 3 4 1 0 0 4 1 2 3 4 2 0 1 3 4 5 3 4 5 2 0 1 0 2 1 3 4 0 5 4 1 4 3 0 0 3 2 5 1 3 0 4 5 3 5 2 3 2 5 1 5 0 3 5 4 0 2 1 1 2 4 | 14 17  0 6 1 0 8 2 1 7 2 1 11 1 2 8 1 2 9 2 3 9 1 3 12 1 3 13 1 4 10 1 4 11 1 4 13 1 5 10 2 5 11 1 6 12 1 6 13 1 7 12 1
R 256 42 63 6 176 3 1 2 2 4 3 0 4 3 1 2 0 5 0 2 3 1 4 0 2 1 3 0 4 3 4 1 0 2 4 4 1 2 4 0 3 5 1 0 1 2 3 4 5 0 1 5 0 2 5 1 3 5 4 3 1 4 0 5 2 3 2 5 | 14 17  0 6 2 0 8 1 1 7 1 1 11 1 1 13 1 2 8 2 2 9 1 3 9 2 3 12 1 4 10 1 4 11 1 4 13 1 5 10 2 5 11 1 6 12 1 7 12 1 7 13 1
R 257 42 63 6 151 3 1 2 1 3 0 0 2 3 4 5 1 1 0 2 4 2 5 0 2 1 2 0 3 3 4 5 1 5 0 5 2 3 4 1 0 4 2 5 4 0 1 4 5 0 4 5 2 1 4 5 2 3 0 4 5 3 0 1 3 3 1 2 | 14 17  0 6 2 0 8 1 1 7 2 1 11 1 2 8 1 2 9 1 2 13 1 3 9 2 3 12 1 4 10 1 4 11 1 4 13 1 5 10 2 5 11 1 6 12 1 7 12 1 8 13 1
R 258 42 63 6 212 3 1 2 2 4 3 0 4 3 1 2 0 0 1 2 4 3 0 0 2 1 0 3 4 3 4 1 0 2 4 2 4 5 1 2 3 5 1 0 4 3 1 4 5 0 1 5 0 2 5 1 3 5 4 3 4 5 1 5 2 3 2 0 | 14 17  0 6 2 0 8 1 1 7 2 1 11 1 2 8 2 2 9 1 3 9 2 3 12 1 4 10 1 4 11 1 4 13 1 5 10 1 5 11 1 5 13 1 6 12 1 7 12 1 10 13 1
R 259 42 63 NOT6 B chi=7 | 14 17  0 6 2 0 8 1 1 7 2 1 12 1 2 8 1 2 9 1 2 11 1 3 9 2 3 12 1 4 10 1 4 11 1 4 13 1 5 10 2 5 11 1 6 13 1 7 12 1 8 13 1
R 260 42 63 6 647 3 1 2 4 1 0 0 2 3 1 4 2 0 2 5 3 4 5 0 2 1 2 0 1 3 4 5 1 2 0 5 4 2 3 0 1 4 5 0 5 1 3 4 5 0 3 5 2 1 4 5 3 5 0 3 4 1 0 1 2 3 4 2 | 14 17  0 6 2 0 8 1 1 7 2 1 12 1 2 8 1 2 9 2 3 9 1 3 11 1 3 13 1 4 10 1 4 11 1 4 12 1 5 10 2 5 11 1 6 12 1 7 13 1 8 13 1
R 261 42 63 6 620 3 1 2 0 3 4 0 2 3 1 4 0 1 0 2 3 2 5 0 2 1 1 4 3 3 4 5 1 2 0 5 2 4 2 0 4 3 1 0 5 3 1 4 5 0 2 5 1 1 4 5 3 5 2 3 5 4 0 1 4 3 0 2 | 14 17  0 6 2 0 8 1 1 7 2 1 11 1 2 8 1 2 9 2 3 9 1 3 11 1 3 12 1 4 10 1 4 12 1 4 13 1 5 10 2 5 12 1 6 11 1 7 13 1 8 13 1
R 262 42 63 NOT6 B chi=7 | 14 17  0 6 2 0 8 1 1 7 2 1 12 1 2 8 1 2 9 1 2 11 1 3 9 2 3 12 1 4 10 1 4 11 1 4 13 1 5 10 2 5 13 1 6 11 1 7 12 1 8 13 1
R 263 42 63 NOT6 B chi=7 | 14 17  0 6 2 0 8 1 1 7 2 1 11 1 2 8 1 2 9 2 3 9 1 3 11 1 3 12 1 4 10 1 4 12 1 4 13 1 5 10 2 5 12 1 6 13 1 7 11 1 8 13 1
R 264 42 63 NOT6 B chi=7 | 14 17  0 6 1 0 8 1 0 13 1 1 7 2 1 11 1 2 8 2 2 9 1 3 9 2 3 11 1 4 10 1 4 12 1 4 13 1 5 10 2 5 12 1 6 12 1 6 13 1 7 11 1
R 265 42 63 NOT6 B chi=7 | 14 17  0 6 1 0 8 2 1 7 2 1 11 1 2 8 1 2 9 1 2 13 1 3 9 2 3 11 1 4 10 1 4 12 1 4 13 1 5 10 2 5 12 1 6 12 1 6 13 1 7 11 1
R 266 42 63 NOT6 B chi=7 | 14 17  0 6 1 0 8 2 1 7 2 1 11 1 2 8 1 2 9 2 3 9 1 3 11 1 3 13 1 4 10 1 4 12 1 4 13 1 5 10 2 5 12 1 6 12 1 6 13 1 7 11 1
R 267 42 63 NOT6 B chi=7 | 14 17  0 6 2 0 8 1 1 7 2 1 11 1 2 8 1 2 9 1 2 13 1 3 9 2 3 11 1 4 10 1 4 12 1 4 13 1 5 10 2 5 12 1 6 12 1 7 11 1 8 13 1
R 268 42 63 NOT6 B chi=7 | 14 17  0 6 2 0 8 1 1 7 2 1 11 1 2 8 1 2 9 2 3 9 1 3 11 1 3 13 1 4 10 1 4 12 1 4 13 1 5 10 2 5 12 1 6 12 1 7 11 1 8 13 1
R 269 42 63 NOT6 B chi=7 | 14 17  0 6 2 0 8 1 1 7 2 1 11 1 2 8 2 2 9 1 3 9 2 3 11 1 4 10 1 4 12 1 4 13 1 5 10 1 5 12 1 5 13 1 6 12 1 7 11 1 10 13 1
R 270 42 63 NOT6 B chi=7 | 14 17  0 6 2 0 8 1 1 7 2 1 11 1 2 8 1 2 9 2 3 9 1 3 12 1 3 13 1 4 10 1 4 11 1 4 12 1 5 10 2 5 12 1 6 13 1 7 11 1 8 13 1
R 271 42 63 NOT6 B chi=7 | 14 17  0 6 1 0 8 2 1 7 2 1 11 1 2 8 1 2 9 1 2 13 1 3 9 2 3 12 1 4 10 1 4 11 1 4 12 1 5 10 2 5 13 1 6 12 1 6 13 1 7 11 1
R 272 42 63 NOT6 B chi=7 | 14 17  0 6 1 0 8 2 1 7 2 1 11 1 2 8 1 2 9 1 2 13 1 3 9 2 3 12 1 4 10 1 4 11 1 4 13 1 5 10 2 5 12 1 6 12 1 6 13 1 7 11 1
R 273 42 63 NOT6 B chi=7 | 14 17  0 6 1 0 8 2 1 7 2 1 11 1 2 8 1 2 9 2 3 9 1 3 12 1 3 13 1 4 10 1 4 11 1 4 13 1 5 10 2 5 12 1 6 12 1 6 13 1 7 11 1
R 274 42 63 NOT6 B chi=7 | 14 17  0 6 1 0 8 2 1 7 2 1 11 1 2 8 1 2 9 1 2 13 1 3 9 2 3 12 1 4 10 2 4 11 1 5 10 1 5 12 1 5 13 1 6 12 1 6 13 1 7 11 1
R 275 42 63 NOT6 B chi=7 | 14 17  0 6 1 0 8 2 1 7 2 1 11 1 2 8 1 2 9 2 3 9 1 3 12 1 3 13 1 4 10 2 4 11 1 5 10 1 5 12 1 5 13 1 6 12 1 6 13 1 7 11 1
R 276 42 63 6 2172 3 1 2 4 0 5 0 4 3 1 2 0 1 4 2 3 0 4 0 2 1 1 5 3 3 4 1 0 2 4 0 2 4 1 2 5 1 5 0 3 4 2 4 5 0 2 3 1 2 5 1 3 5 4 3 5 0 1 2 5 3 4 0 | 14 17  0 6 2 0 8 1 1 7 1 1 11 1 1 13 1 2 8 2 2 9 1 3 9 2 3 12 1 4 10 2 4 11 1 5 10 1 5 12 1 5 13 1 6 12 1 7 11 1 7 13 1
R 277 42 63 NOT6 B chi=7 | 14 17  0 6 2 0 8 1 1 7 2 1 11 1 2 8 1 2 9 1 2 13 1 3 9 2 3 12 1 4 10 1 4 11 1 4 13 1 5 10 2 5 12 1 6 12 1 7 11 1 8 13 1
R 278 42 63 NOT6 B chi=7 | 14 17  0 6 2 0 8 1 1 7 2 1 11 1 2 8 1 2 9 1 2 13 1 3 9 2 3 12 1 4 10 2 4 11 1 5 10 1 5 12 1 5 13 1 6 12 1 7 11 1 8 13 1
R 279 42 63 NOT6 B chi=7 | 14 17  0 6 2 0 8 1 1 7 2 1 11 1 2 8 2 2 9 1 3 9 2 3 12 1 4 10 1 4 11 1 4 13 1 5 10 1 5 12 1 5 13 1 6 12 1 7 11 1 10 13 1
R 280 42 63 6 10245 3 4 5 5 0 2 1 2 4 5 0 3 1 3 4 0 1 2 1 2 4 1 2 0 4 2 5 3 0 4 2 1 0 4 3 0 2 1 4 0 1 3 0 1 2 3 4 1 0 3 5 1 2 4 2 5 0 3 5 4 3 5 5 | 14 15  0 6 1 0 8 1 0 13 1 1 7 2 1 11 1 2 8 2 2 9 1 3 9 2 3 10 1 4 11 2 4 12 1 5 12 2 5 13 1 6 10 2 7 13 1
R 281 42 63 6 10583 3 4 5 5 4 0 1 2 4 5 0 3 0 1 2 3 2 5 1 2 4 2 0 4 4 2 5 3 0 4 2 1 0 5 2 0 1 3 4 0 1 3 0 1 2 1 3 2 0 3 5 1 2 4 3 5 4 1 4 0 3 5 5 | 14 16  0 6 1 0 8 1 0 13 1 1 7 2 1 12 1 2 8 2 2 9 1 3 9 2 3 10 1 4 11 1 4 12 1 4 13 1 5 11 2 5 12 1 6 10 2 7 13 1
R 282 42 63 NOT6 B chi=7 | 14 16  0 6 1 0 8 1 0 13 1 1 7 2 1 12 1 2 8 2 2 9 1 3 9 2 3 10 1 4 11 1 4 12 1 4 13 1 5 11 2 5 13 1 6 10 2 7 12 1
R 283 42 63 6 63 3 4 5 1 0 2 1 2 0 3 4 1 2 4 5 4 0 1 1 2 3 4 2 0 0 2 3 1 4 0 1 3 5 1 0 2 3 4 5 2 0 4 0 1 2 3 5 4 4 5 3 2 5 0 3 0 1 5 2 3 4 5 1 | 14 18  0 6 1 0 8 1 0 10 1 1 7 2 1 10 1 2 8 2 2 9 1 3 9 2 3 10 1 4 11 1 4 12 1 4 13 1 5 11 1 5 12 1 5 13 1 6 11 1 6 13 1 7 12 1
R 284 42 63 6 507 1 2 3 1 0 2 0 4 1 2 4 3 5 1 2 1 0 3 3 4 5 4 2 0 0 2 1 3 4 0 3 1 2 3 0 2 4 3 5 5 0 1 0 4 5 3 5 4 3 2 5 1 5 0 4 0 3 5 2 4 1 2 1 | 14 18  0 6 1 0 8 2 1 7 2 1 10 1 2 8 1 2 9 1 2 10 1 3 9 2 3 10 1 4 11 1 4 12 1 4 13 1 5 11 1 5 12 1 5 13 1 6 11 1 6 13 1 7 12 1
R 285 42 63 6 502 3 4 5 3 1 2 1 2 0 3 4 1 4 0 2 0 4 3 1 2 3 4 2 1 0 2 3 1 4 0 0 1 3 3 0 2 2 5 4 1 4 0 0 1 2 0 5 4 4 5 3 2 5 0 5 1 3 5 1 2 4 5 3 | 14 18  0 6 1 0 8 1 0 10 1 1 7 2 1 10 1 2 8 2 2 9 1 3 9 2 3 12 1 4 10 1 4 11 1 4 13 1 5 11 1 5 12 1 5 13 1 6 11 1 6 13 1 7 12 1
R 286 42 63 6 345 3 1 2 0 3 4 0 4 3 1 2 0 4 5 2 1 5 3 0 2 1 2 4 0 3 4 1 0 2 4 1 2 0 1 0 5 5 1 4 4 3 2 4 5 0 1 5 2 2 5 1 3 5 4 3 0 1 4 2 0 3 3 5 | 14 18  0 6 2 0 8 1 1 7 1 1 10 1 1 11 1 2 8 2 2 9 1 3 9 2 3 11 1 4 10 1 4 12 1 4 13 1 5 10 1 5 12 1 5 13 1 6 11 1 7 12 1 7 13 1
R 287 42 63 6 405 3 1 2 2 4 5 0 2 3 4 5 1 2 0 3 1 0 2 0 2 1 0 5 4 3 4 5 1 5 0 1 2 3 0 1 3 2 4 5 4 0 1 4 5 0 1 3 0 1 4 5 2 3 0 5 4 1 4 5 3 3 2 2 | 14 18  0 6 2 0 8 1 1 7 2 1 10 1 2 8 1 2 9 1 2 13 1 3 9 2 3 12 1 4 10 1 4 11 1 4 12 1 5 10 1 5 11 1 5 13 1 6 12 1 7 11 1 8 13 1
R 288 42 63 6 4706 3 1 2 4 3 5 0 2 3 4 2 1 5 0 4 1 0 2 0 2 1 2 5 3 3 4 5 1 2 0 3 5 2 1 4 0 5 1 0 4 0 1 4 5 0 0 1 2 1 4 5 3 5 0 1 3 2 4 5 3 3 4 2 | 14 18  0 6 2 0 8 1 1 7 2 1 11 1 2 8 1 2 9 1 2 13 1 3 9 2 3 10 1 4 10 1 4 11 1 4 12 1 5 10 1 5 11 1 5 13 1 6 12 1 7 12 1 8 13 1
R 289 42 63 6 380 3 1 2 2 0 3 0 2 3 1 4 2 2 3 5 5 0 1 0 2 1 5 3 0 3 4 5 1 2 0 0 3 1 4 2 0 4 1 5 5 1 3 4 5 0 1 4 5 1 4 5 3 5 0 4 1 0 2 3 4 3 2 2 | 14 18  0 6 2 0 8 1 1 7 2 1 11 1 2 8 1 2 9 2 3 9 1 3 10 1 3 13 1 4 10 1 4 11 1 4 12 1 5 10 1 5 11 1 5 13 1 6 12 1 7 12 1 8 13 1
R 290 42 63 NOT6 B chi=7 | 14 18  0 6 1 0 8 2 1 7 2 1 12 1 2 8 1 2 9 2 3 9 1 3 10 1 3 11 1 4 10 1 4 11 1 4 13 1 5 10 1 5 11 1 5 13 1 6 12 1 6 13 1 7 12 1
R 291 42 63 NOT6 B chi=7 | 14 18  0 6 1 0 8 1 0 13 1 1 7 2 1 12 1 2 8 2 2 9 1 3 9 2 3 10 1 4 10 1 4 11 1 4 12 1 5 10 1 5 11 1 5 13 1 6 11 1 6 13 1 7 12 1
R 292 42 63 NOT6 B chi=7 | 14 18  0 6 1 0 8 2 1 7 2 1 12 1 2 8 1 2 9 2 3 9 1 3 10 1 3 13 1 4 10 1 4 11 1 4 12 1 5 10 1 5 11 1 5 13 1 6 11 1 6 13 1 7 12 1
R 293 42 63 NOT6 B chi=7 | 14 18  0 6 2 0 8 1 1 7 2 1 12 1 2 8 1 2 9 1 2 13 1 3 9 2 3 10 1 4 10 1 4 11 1 4 12 1 5 10 1 5 11 1 5 13 1 6 11 1 7 12 1 8 13 1
R 294 42 63 NOT6 B chi=7 | 14 18  0 6 2 0 8 1 1 7 2 1 11 1 2 8 2 2 9 1 3 9 1 3 10 1 3 11 1 4 10 1 4 12 1 4 13 1 5 10 1 5 12 1 5 13 1 6 12 1 7 11 1 9 13 1
R 295 42 63 NOT6 B chi=7 | 14 18  0 6 1 0 8 2 1 7 2 1 10 1 2 8 1 2 9 1 2 10 1 3 9 2 3 12 1 4 11 1 4 12 1 4 13 1 5 11 1 5 12 1 5 13 1 6 11 1 6 13 1 7 10 1
R 296 42 63 6 1995 3 4 5 0 1 2 1 2 0 2 0 5 4 3 5 0 4 1 1 2 3 5 2 1 0 2 3 5 3 1 0 1 4 1 0 2 2 4 5 3 4 0 0 1 2 3 4 5 4 5 3 4 3 1 0 2 1 5 3 2 4 5 0 | 14 18  0 6 1 0 8 1 0 10 1 1 7 2 1 10 1 2 8 2 2 10 1 3 9 1 3 11 1 3 13 1 4 9 2 4 12 1 5 11 1 5 12 1 5 13 1 6 11 1 6 13 1 7 12 1
R 297 42 63 6 518 3 1 2 1 3 2 0 4 3 0 1 3 4 2 5 0 1 2 0 2 1 4 0 3 3 4 1 5 2 3 0 3 2 1 4 5 1 0 5 0 2 4 4 5 0 5 4 0 2 5 1 4 2 5 0 1 3 5 4 3 3 2 1 | 14 18  0 6 2 0 8 1 1 7 1 1 10 1 1 11 1 2 8 2 2 10 1 3 9 1 3 11 1 3 13 1 4 9 2 4 12 1 5 10 1 5 12 1 5 13 1 6 11 1 7 12 1 7 13 1
R 298 42 63 6 1327 3 1 2 2 4 5 0 2 3 1 0 3 2 4 0 3 1 2 0 2 1 3 5 4 3 4 5 2 3 0 1 2 4 1 0 5 4 1 0 3 1 0 4 5 0 0 1 3 1 5 4 4 5 2 1 3 5 0 5 4 3 2 2 | 14 18  0 6 2 0 8 1 1 7 2 1 10 1 2 8 1 2 10 1 2 11 1 3 9 2 3 11 1 4 9 1 4 12 1 4 13 1 5 10 1 5 12 1 5 13 1 6 11 1 7 12 1 8 13 1
R 299 42 63 6 693 3 1 2 1 3 2 0 4 3 1 0 4 2 4 5 0 1 3 0 2 1 0 2 3 3 4 1 5 4 3 0 3 2 1 4 5 0 2 1 2 5 0 4 5 0 5 4 0 2 5 1 2 5 3 0 1 3 5 2 4 3 4 1 | 14 18  0 6 2 0 8 1 1 7 1 1 10 1 1 11 1 2 8 2 2 10 1 3 9 1 3 12 1 3 13 1 4 9 2 4 12 1 5 10 1 5 11 1 5 13 1 6 11 1 7 12 1 7 13 1
R 300 42 63 6 57 1 2 3 0 2 4 0 4 1 1 0 3 2 4 3 1 2 0 3 4 5 1 4 2 0 2 1 4 3 0 3 0 4 2 3 1 4 0 2 5 1 3 0 4 5 3 5 1 3 2 5 2 5 4 1 5 0 5 3 4 1 2 0 | 14 18  0 6 1 0 8 2 1 7 2 1 10 1 2 8 1 2 10 1 2 11 1 3 9 2 3 11 1 4 9 1 4 12 1 4 13 1 5 10 1 5 12 1 5 13 1 6 12 1 6 13 1 7 11 1
R 301 42 63 6 1734 1 2 3 0 2 4 0 4 1 0 2 1 3 1 4 3 2 0 3 4 5 1 4 2 0 2 1 4 1 5 3 0 4 2 3 1 3 2 0 4 0 3 0 4 5 3 5 1 3 2 5 3 4 5 0 2 5 5 4 1 1 2 0 | 14 18  0 6 1 0 8 2 1 7 2 1 10 1 2 8 1 2 10 1 2 11 1 3 9 1 3 12 1 3 13 1 4 9 2 4 12 1 5 10 1 5 11 1 5 13 1 6 12 1 6 13 1 7 11 1
R 302 42 63 6 15265 1 2 3 4 5 0 0 4 1 1 0 2 3 4 5 1 2 3 3 4 5 1 0 5 0 2 1 5 4 1 3 4 5 0 3 2 3 0 2 1 3 0 0 4 5 2 3 1 3 2 5 3 5 4 0 2 1 0 4 5 1 2 4 | 14 18  0 6 1 0 8 2 1 7 2 1 10 1 2 8 1 2 10 1 2 11 1 3 9 1 3 12 1 3 13 1 4 9 2 4 12 1 5 10 1 5 12 1 5 13 1 6 11 1 6 13 1 7 11 1
R 303 42 63 6 15265 3 1 2 2 4 0 0 2 3 1 0 2 3 4 5 1 2 3 0 2 1 1 0 4 3 4 5 5 4 1 2 3 4 0 1 5 3 0 2 1 3 0 4 5 0 3 5 1 1 5 4 3 5 4 0 2 1 0 4 5 3 2 2 | 14 18  0 6 2 0 8 1 1 7 2 1 10 1 2 8 1 2 10 1 2 11 1 3 9 1 3 12 1 3 13 1 4 9 2 4 12 1 5 10 1 5 12 1 5 13 1 6 11 1 7 11 1 8 13 1
R 304 42 63 6 640 3 4 5 5 3 4 1 2 0 1 0 2 4 3 2 5 0 4 1 2 3 0 4 3 0 2 3 2 3 0 5 2 4 0 1 2 4 3 1 1 0 4 0 1 2 1 2 0 4 5 3 4 5 3 1 5 0 1 3 2 4 5 5 | 14 18  0 6 1 0 8 1 0 13 1 1 7 2 1 10 1 2 8 2 2 10 1 3 9 1 3 12 1 3 13 1 4 9 2 4 12 1 5 10 1 5 11 1 5 12 1 6 11 1 6 13 1 7 11 1
R 305 42 63 6 230 1 2 3 3 2 5 0 4 2 2 0 1 3 4 1 4 0 3 3 4 5 0 5 2 0 2 1 1 4 0 4 1 3 2 0 4 3 4 2 5 0 3 0 4 5 1 4 0 3 5 1 3 5 4 2 5 0 2 5 1 1 2 3 | 14 18  0 6 1 0 8 2 1 7 2 1 10 1 2 8 1 2 10 1 2 13 1 3 9 1 3 12 1 3 13 1 4 9 2 4 12 1 5 10 1 5 11 1 5 12 1 6 11 1 6 13 1 7 11 1
R 306 42 63 6 242 3 1 2 0 1 2 0 4 3 3 4 5 0 2 1 3 1 4 0 2 1 2 4 0 3 4 1 1 5 4 3 4 2 0 3 2 0 1 4 0 3 2 4 5 0 3 5 4 2 5 1 0 2 1 3 5 4 0 2 5 3 5 1 | 14 18  0 6 2 0 8 1 1 7 1 1 10 1 1 11 1 2 8 2 2 11 1 3 9 2 3 10 1 4 9 1 4 11 1 4 13 1 5 10 1 5 12 1 5 13 1 6 12 1 7 12 1 7 13 1
R 307 42 63 6 647 1 2 3 4 1 0 0 4 2 2 1 5 3 4 5 2 0 1 3 4 5 2 0 1 0 2 1 5 4 2 4 5 1 3 1 0 0 3 2 5 0 3 0 4 5 3 5 2 3 5 1 3 0 4 0 1 2 3 5 4 1 2 4 | 14 18  0 6 1 0 8 2 1 7 2 1 10 1 2 8 1 2 11 1 2 13 1 3 9 1 3 10 1 3 11 1 4 9 2 4 11 1 5 10 1 5 12 1 5 13 1 6 12 1 6 13 1 7 12 1
R 308 42 63 6 1048 3 1 2 0 1 3 0 4 3 5 1 2 3 0 4 1 4 3 0 2 1 4 5 0 3 4 1 4 0 5 1 2 3 0 2 3 4 2 5 0 4 1 4 5 0 2 4 5 2 5 1 3 0 4 1 2 5 5 0 2 3 1 3 | 14 18  0 6 2 0 8 1 1 7 1 1 10 1 1 13 1 2 8 2 2 11 1 3 9 1 3 10 1 3 11 1 4 9 2 4 11 1 5 10 1 5 12 1 5 13 1 6 12 1 7 12 1 7 13 1
R 309 42 63 6 119 3 1 2 2 3 5 0 4 3 0 1 2 0 3 1 4 0 2 0 2 1 0 5 3 3 4 1 4 5 1 4 2 1 0 2 3 0 1 4 5 2 3 4 5 0 1 4 0 2 5 1 3 5 4 2 5 4 3 5 1 3 2 0 | 14 18  0 6 2 0 8 1 1 7 2 1 10 1 2 8 2 2 11 1 3 9 1 3 10 1 3 11 1 4 9 1 4 11 1 4 13 1 5 10 1 5 12 1 5 13 1 6 12 1 7 12 1 9 13 1
R 310 42 63 6 292 3 1 2 0 1 2 0 4 3 2 1 4 3 5 4 0 3 1 0 2 1 5 2 0 3 4 1 0 4 1 3 1 2 0 3 2 5 2 4 0 3 5 4 5 0 3 5 4 2 5 1 3 5 0 2 0 1 4 5 2 3 1 4 | 14 18  0 6 2 0 8 1 1 7 1 1 10 1 1 11 1 2 8 2 2 11 1 3 9 2 3 10 1 4 9 1 4 12 1 4 13 1 5 10 1 5 11 1 5 13 1 6 12 1 7 12 1 7 13 1
R 311 42 63 6 224 3 1 2 2 0 1 0 4 3 3 1 4 5 2 4 2 0 3 0 2 1 1 4 0 3 4 1 4 2 3 0 3 1 2 4 0 0 5 4 2 3 1 4 5 0 3 4 5 2 5 1 5 2 0 0 1 3 5 1 4 3 2 5 | 14 18  0 6 2 0 8 1 1 7 1 1 10 1 1 11 1 2 8 2 2 11 1 3 9 1 3 10 1 3 13 1 4 9 2 4 12 1 5 10 1 5 12 1 5 13 1 6 11 1 7 12 1 7 13 1
R 312 42 63 6 79 3 1 2 5 1 2 0 4 3 1 0 3 2 4 5 0 4 3 0 2 1 0 2 1 3 4 1 4 3 0 1 3 2 0 3 2 1 4 5 2 0 5 4 5 0 3 0 4 2 5 1 2 5 4 1 0 3 5 2 1 3 5 4 | 14 18  0 6 2 0 8 1 1 7 1 1 10 1 1 11 1 2 8 2 2 11 1 3 9 2 3 10 1 4 9 1 4 12 1 4 13 1 5 10 1 5 12 1 5 13 1 6 12 1 7 11 1 7 13 1
R 313 42 63 6 783 1 2 3 4 3 5 0 4 2 3 4 1 2 0 1 2 0 1 3 4 5 2 5 3 0 2 1 1 0 4 0 1 4 3 1 2 3 2 0 5 0 3 0 4 5 0 1 2 3 5 1 2 5 0 3 5 4 3 5 4 1 2 4 | 14 18  0 6 1 0 8 2 1 7 2 1 10 1 2 8 1 2 11 1 2 13 1 3 9 1 3 10 1 3 11 1 4 9 2 4 12 1 5 10 1 5 12 1 5 13 1 6 12 1 6 13 1 7 11 1
R 314 42 63 6 706 3 1 2 1 4 5 0 4 3 0 1 2 3 4 5 3 0 2 0 2 1 0 2 1 3 4 1 5 4 2 3 2 1 0 2 3 1 0 4 3 0 5 4 5 0 3 0 2 2 5 1 3 5 4 0 1 2 4 5 1 3 5 4 | 14 18  0 6 2 0 8 1 1 7 1 1 10 1 1 13 1 2 8 2 2 11 1 3 9 1 3 10 1 3 11 1 4 9 2 4 12 1 5 10 1 5 12 1 5 13 1 6 12 1 7 11 1 7 13 1
R 315 42 63 6 635 1 2 3 1 0 4 0 4 1 0 1 2 4 3 5 1 3 2 3 4 5 3 4 0 0 2 1 5 3 0 1 2 4 4 5 2 3 4 0 0 3 1 0 4 5 2 5 3 3 2 5 4 5 3 1 2 0 0 5 4 1 2 1 | 14 18  0 6 1 0 8 2 1 7 2 1 10 1 2 8 1 2 12 1 2 13 1 3 9 1 3 10 1 3 11 1 4 9 2 4 11 1 5 10 1 5 12 1 5 13 1 6 12 1 6 13 1 7 11 1
R 316 42 63 6 247 3 4 5 5 1 3 1 2 0 1 0 2 4 3 2 5 0 4 1 2 3 4 3 1 0 2 3 2 3 0 0 2 3 1 4 0 1 5 2 1 0 4 0 1 2 0 2 4 4 5 3 4 5 3 1 5 0 1 2 3 4 5 5 | 14 18  0 6 1 0 8 1 0 13 1 1 7 2 1 10 1 2 8 2 2 11 1 3 9 1 3 10 1 3 13 1 4 9 2 4 12 1 5 10 1 5 11 1 5 12 1 6 12 1 6 13 1 7 11 1
R 317 42 63 6 442 1 2 3 2 3 4 0 4 2 2 0 1 3 4 1 1 0 2 3 4 5 1 4 3 0 2 1 1 4 0 0 2 3 4 1 0 3 2 4 5 0 3 0 4 5 0 5 1 3 5 1 3 5 4 2 5 0 4 3 5 1 2 2 | 14 18  0 6 1 0 8 2 1 7 2 1 10 1 2 8 1 2 11 1 2 13 1 3 9 1 3 10 1 3 13 1 4 9 2 4 12 1 5 10 1 5 11 1 5 12 1 6 12 1 6 13 1 7 11 1
R 318 42 63 6 219 3 4 5 2 4 3 1 2 0 5 1 3 4 0 2 2 0 1 1 2 3 0 3 4 0 2 3 4 3 1 2 1 5 5 1 0 3 0 2 1 0 4 0 1 2 1 5 0 4 5 3 0 2 4 5 1 3 3 4 5 4 5 2 | 14 18  0 6 1 0 8 1 0 13 1 1 7 2 1 10 1 2 8 2 2 11 1 3 9 2 3 10 1 4 9 1 4 12 1 4 13 1 5 10 1 5 11 1 5 12 1 6 12 1 6 13 1 7 11 1
R 319 42 63 6 1694 1 2 3 4 3 2 0 4 2 3 1 4 2 0 1 5 0 1 3 4 5 1 2 3 0 2 1 5 4 1 0 4 2 3 1 0 3 0 2 5 0 3 0 4 5 0 5 1 3 5 1 0 2 5 3 5 4 3 2 4 1 2 4 | 14 18  0 6 1 0 8 2 1 7 2 1 10 1 2 8 1 2 11 1 2 13 1 3 9 2 3 10 1 4 9 1 4 12 1 4 13 1 5 10 1 5 11 1 5 12 1 6 12 1 6 13 1 7 11 1
R 320 42 63 6 102 3 1 2 5 4 0 0 4 3 4 2 5 0 1 3 1 3 2 0 2 1 0 2 1 3 4 1 3 5 2 1 4 0 0 2 3 1 4 5 2 3 0 4 5 0 3 2 1 2 5 1 0 1 3 4 2 5 5 4 0 3 5 4 | 14 18  0 6 2 0 8 1 1 7 1 1 10 1 1 13 1 2 8 2 2 11 1 3 9 2 3 10 1 4 9 1 4 12 1 4 13 1 5 10 1 5 11 1 5 12 1 6 12 1 7 11 1 7 13 1
R 321 42 63 6 97 3 1 2 3 1 5 0 2 3 1 0 2 4 3 2 4 0 3 0 2 1 4 5 1 3 4 5 2 3 0 0 2 3 1 2 0 1 4 5 4 0 1 4 5 0 0 2 4 1 4 5 4 5 3 1 5 0 1 5 2 3 3 2 | 14 18  0 6 2 0 8 1 1 7 2 1 10 1 2 8 1 2 11 1 2 13 1 3 9 1 3 10 1 3 13 1 4 9 2 4 12 1 5 10 1 5 11 1 5 12 1 6 12 1 7 11 1 8 13 1
R 322 42 63 6 87 3 1 2 5 1 0 0 4 3 2 4 5 0 1 3 1 3 2 0 2 1 2 0 1 3 4 1 3 5 2 3 4 0 0 2 3 1 4 5 2 0 4 4 5 0 3 4 2 2 5 1 0 1 3 4 2 5 5 4 0 3 5 1 | 14 18  0 6 2 0 8 1 1 7 2 1 10 1 2 8 2 2 11 1 3 9 1 3 10 1 3 13 1 4 9 1 4 12 1 4 13 1 5 10 1 5 11 1 5 12 1 6 12 1 7 11 1 9 13 1
R 323 42 63 6 911 1 2 3 3 2 5 0 4 1 3 4 1 0 1 2 0 2 3 3 4 5 1 5 2 0 2 1 2 1 5 0 3 4 2 0 4 3 4 0 0 3 1 0 4 5 0 4 1 3 2 5 0 2 5 3 4 5 5 1 4 1 2 3 | 14 18  0 6 1 0 8 2 1 7 2 1 10 1 2 8 1 2 12 1 2 13 1 3 9 1 3 10 1 3 11 1 4 9 2 4 12 1 5 10 1 5 11 1 5 13 1 6 12 1 6 13 1 7 11 1
R 324 42 63 6 109 3 4 5 2 0 1 1 2 0 1 0 2 4 2 3 5 3 4 1 2 3 4 1 0 0 2 3 3 2 5 3 2 0 1 4 3 1 5 0 1 0 4 0 1 2 3 5 4 4 5 3 4 5 3 0 1 5 1 0 2 4 5 2 | 14 18  0 6 1 0 8 1 0 13 1 1 7 2 1 10 1 2 8 2 2 12 1 3 9 1 3 10 1 3 13 1 4 9 2 4 11 1 5 10 1 5 11 1 5 12 1 6 12 1 6 13 1 7 11 1
R 325 42 63 6 123 1 2 3 1 2 4 0 4 1 0 2 3 1 3 5 0 1 2 3 4 5 0 4 2 0 2 1 5 3 2 1 3 2 4 0 5 3 4 0 0 3 1 0 4 5 3 5 0 3 2 5 1 5 4 0 4 2 4 3 5 1 2 1 | 14 18  0 6 1 0 8 2 1 7 2 1 10 1 2 8 1 2 12 1 2 13 1 3 9 1 3 10 1 3 13 1 4 9 2 4 11 1 5 10 1 5 11 1 5 12 1 6 12 1 6 13 1 7 11 1
R 326 42 63 6 435 1 2 3 3 1 0 0 4 1 2 0 4 3 4 5 3 1 2 3 4 5 4 0 1 0 2 1 5 4 1 3 4 0 2 3 0 4 5 2 3 1 0 0 4 5 2 5 4 3 2 5 3 1 5 0 2 1 5 0 4 1 2 3 | 14 18  0 6 1 0 8 2 1 7 2 1 11 1 2 8 1 2 10 1 2 11 1 3 9 1 3 10 1 3 13 1 4 9 2 4 11 1 5 10 1 5 12 1 5 13 1 6 12 1 6 13 1 7 12 1
R 327 42 63 6 989 1 2 3 5 3 4 0 4 1 0 2 4 1 3 2 1 2 0 3 4 5 1 4 3 0 2 1 1 4 2 3 4 0 2 0 3 4 2 0 1 0 3 0 4 5 0 2 1 3 2 5 3 5 1 0 4 5 5 3 4 1 2 5 | 14 18  0 6 1 0 8 2 1 7 2 1 11 1 2 8 1 2 10 1 2 11 1 3 9 2 3 10 1 4 9 1 4 11 1 4 13 1 5 10 1 5 12 1 5 13 1 6 12 1 6 13 1 7 12 1
R 328 42 63 6 169 3 1 2 2 3 0 0 2 3 2 0 4 1 4 5 3 1 2 0 2 1 1 0 3 3 4 5 5 4 3 1 2 0 4 2 0 4 1 5 3 1 0 4 5 0 4 5 1 1 4 5 1 3 5 0 2 3 5 0 4 3 2 2 | 14 18  0 6 2 0 8 1 1 7 2 1 11 1 2 8 1 2 10 1 2 11 1 3 9 1 3 10 1 3 13 1 4 9 2 4 11 1 5 10 1 5 12 1 5 13 1 6 12 1 7 12 1 8 13 1
R 329 42 63 6 144 3 1 2 5 3 2 0 4 3 1 0 2 0 4 5 0 1 3 0 2 1 0 2 3 3 4 1 5 4 2 0 2 3 1 4 3 4 1 0 2 1 5 4 5 0 1 4 0 2 5 1 3 4 5 1 2 3 5 2 4 3 5 0 | 14 18  0 6 2 0 8 1 1 7 2 1 11 1 2 8 2 2 10 1 3 9 1 3 10 1 3 11 1 4 9 1 4 11 1 4 13 1 5 10 1 5 12 1 5 13 1 6 12 1 7 12 1 9 13 1
R 330 42 63 6 1070 1 2 3 3 4 5 0 4 1 0 2 4 1 3 2 1 2 0 3 4 5 1 5 4 0 2 1 1 4 2 3 4 0 0 2 3 4 0 2 5 0 1 0 4 5 0 2 1 3 2 5 3 5 1 0 5 4 5 4 3 1 2 3 | 14 18  0 6 1 0 8 2 1 7 2 1 11 1 2 8 1 2 10 1 2 11 1 3 9 2 3 10 1 4 9 1 4 12 1 4 13 1 5 10 1 5 11 1 5 13 1 6 12 1 6 13 1 7 12 1
R 331 42 63 6 176 3 1 2 1 0 4 0 2 3 2 0 4 1 3 5 1 3 2 0 2 1 2 4 0 3 4 5 5 3 4 1 2 0 1 3 4 0 2 5 1 3 0 4 5 0 3 5 2 1 4 5 1 3 5 0 2 4 5 0 4 3 1 2 | 14 18  0 6 2 0 8 1 1 7 2 1 11 1 2 8 1 2 10 1 2 11 1 3 9 1 3 10 1 3 13 1 4 9 2 4 12 1 5 10 1 5 11 1 5 13 1 6 12 1 7 12 1 8 13 1
R 332 42 63 6 183 3 1 2 1 2 4 0 4 3 1 0 2 3 4 5 0 1 3 0 2 1 3 0 2 3 4 1 5 4 2 0 2 3 3 2 1 0 1 5 0 5 4 4 5 0 5 0 3 2 5 1 3 4 5 0 1 2 5 4 2 3 4 1 | 14 18  0 6 2 0 8 1 1 7 1 1 11 1 1 13 1 2 8 2 2 10 1 3 9 1 3 10 1 3 11 1 4 9 2 4 12 1 5 10 1 5 11 1 5 13 1 6 12 1 7 12 1 7 13 1
R 333 42 63 6 199 3 1 2 2 1 4 0 4 3 1 0 2 3 2 5 0 1 3 0 2 1 0 4 1 3 4 1 5 2 4 0 2 3 3 2 1 4 0 5 0 3 5 4 5 0 3 5 0 2 5 1 3 4 5 0 1 4 5 4 2 3 2 1 | 14 18  0 6 2 0 8 1 1 7 2 1 11 1 2 8 2 2 10 1 3 9 1 3 10 1 3 11 1 4 9 1 4 12 1 4 13 1 5 10 1 5 11 1 5 13 1 6 12 1 7 12 1 9 13 1
R 334 42 63 NOT6 B chi=7 | 14 18  0 6 2 0 8 1 1 7 2 1 12 1 2 8 1 2 10 1 2 11 1 3 9 1 3 10 1 3 13 1 4 9 2 4 11 1 5 10 1 5 11 1 5 13 1 6 12 1 7 12 1 8 13 1
R 335 42 63 6 5138 1 2 3 2 0 1 0 4 1 2 3 4 5 0 4 3 1 2 3 4 5 4 1 0 0 2 1 4 0 3 3 4 0 3 2 0 1 5 4 5 1 3 0 4 5 3 5 4 3 2 5 5 1 0 1 2 3 5 0 4 1 2 2 | 14 18  0 6 1 0 8 2 1 7 2 1 11 1 2 8 1 2 10 1 2 11 1 3 9 1 3 10 1 3 13 1 4 9 2 4 12 1 5 10 1 5 12 1 5 13 1 6 11 1 6 13 1 7 12 1
R 336 42 63 6 273 1 2 3 2 0 1 0 4 1 0 2 4 3 1 2 2 3 4 3 4 5 4 1 0 0 2 1 1 4 2 3 4 0 3 2 0 0 4 3 5 3 1 0 4 5 3 5 4 3 2 5 3 5 1 0 5 4 5 1 0 1 2 2 | 14 18  0 6 1 0 8 2 1 7 2 1 11 1 2 8 1 2 10 1 2 11 1 3 9 2 3 10 1 4 9 1 4 12 1 4 13 1 5 10 1 5 12 1 5 13 1 6 11 1 6 13 1 7 12 1
R 337 42 63 6 298 3 1 2 0 3 4 0 2 3 2 1 5 4 0 5 1 3 0 0 2 1 2 4 3 3 4 5 5 0 3 1 2 0 1 0 5 4 1 5 4 3 1 4 5 0 1 5 2 1 5 4 4 3 0 1 2 3 4 2 5 3 0 2 | 14 18  0 6 2 0 8 1 1 7 2 1 11 1 2 8 1 2 10 1 2 11 1 3 9 1 3 10 1 3 13 1 4 9 2 4 12 1 5 10 1 5 12 1 5 13 1 6 11 1 7 12 1 8 13 1
R 338 42 63 6 360 3 1 2 0 3 4 0 2 3 0 2 4 5 1 2 1 3 0 0 2 1 2 4 3 3 4 5 3 4 2 1 2 0 1 0 5 3 1 5 4 0 1 4 5 0 1 5 2 1 5 4 1 5 3 0 4 3 4 2 5 3 0 2 | 14 18  0 6 2 0 8 1 1 7 2 1 11 1 2 8 1 2 10 1 2 11 1 3 9 2 3 10 1 4 9 1 4 12 1 4 13 1 5 10 1 5 12 1 5 13 1 6 11 1 7 12 1 8 13 1
R 339 42 63 6 85 1 2 3 2 0 1 0 4 2 1 3 2 4 2 5 3 0 1 3 4 5 3 1 0 0 2 1 5 2 1 3 1 4 4 2 0 0 3 4 5 0 3 0 4 5 4 5 3 3 5 1 4 0 5 0 3 1 2 5 4 1 2 2 | 14 18  0 6 1 0 8 2 1 7 2 1 11 1 2 8 1 2 10 1 2 13 1 3 9 1 3 10 1 3 11 1 4 9 2 4 12 1 5 10 1 5 12 1 5 13 1 6 11 1 6 13 1 7 12 1
R 340 42 63 NOT6 B chi=7 | 14 18  0 6 1 0 8 2 1 7 2 1 12 1 2 8 1 2 10 1 2 11 1 3 9 1 3 10 1 3 13 1 4 9 2 4 11 1 5 10 1 5 12 1 5 13 1 6 11 1 6 13 1 7 12 1
R 341 42 63 NOT6 B chi=7 | 14 18  0 6 2 0 8 1 1 7 2 1 12 1 2 8 1 2 10 1 2 11 1 3 9 1 3 10 1 3 13 1 4 9 2 4 11 1 5 10 1 5 12 1 5 13 1 6 11 1 7 12 1 8 13 1
R 342 42 63 NOT6 B chi=7 | 14 18  0 6 1 0 8 1 0 13 1 1 7 2 1 12 1 2 8 2 2 10 1 3 9 1 3 10 1 3 11 1 4 9 2 4 12 1 5 10 1 5 11 1 5 13 1 6 11 1 6 13 1 7 12 1
R 343 42 63 NOT6 B chi=7 | 14 18  0 6 1 0 8 2 1 7 2 1 12 1 2 8 1 2 10 1 2 13 1 3 9 1 3 10 1 3 11 1 4 9 2 4 12 1 5 10 1 5 11 1 5 13 1 6 11 1 6 13 1 7 12 1
R 344 42 63 NOT6 B chi=7 | 14 18  0 6 1 0 8 2 1 7 2 1 11 1 2 8 1 2 10 1 2 11 1 3 9 1 3 10 1 3 13 1 4 9 2 4 12 1 5 10 1 5 12 1 5 13 1 6 12 1 6 13 1 7 11 1
R 345 42 63 NOT6 B chi=7 | 14 18  0 6 1 0 8 2 1 7 2 1 11 1 2 8 1 2 10 1 2 11 1 3 9 2 3 10 1 4 9 1 4 12 1 4 13 1 5 10 1 5 12 1 5 13 1 6 12 1 6 13 1 7 11 1
R 346 42 63 NOT6 B chi=7 | 14 18  0 6 2 0 8 1 1 7 2 1 11 1 2 8 1 2 10 1 2 11 1 3 9 1 3 10 1 3 13 1 4 9 2 4 12 1 5 10 1 5 12 1 5 13 1 6 12 1 7 11 1 8 13 1
R 347 42 63 NOT6 B chi=7 | 14 18  0 6 2 0 8 1 1 7 2 1 11 1 2 8 1 2 10 1 2 11 1 3 9 2 3 10 1 4 9 1 4 12 1 4 13 1 5 10 1 5 12 1 5 13 1 6 12 1 7 11 1 8 13 1
R 348 42 63 NOT6 B chi=7 | 14 18  0 6 1 0 8 2 1 7 2 1 11 1 2 8 1 2 10 1 2 13 1 3 9 1 3 10 1 3 11 1 4 9 2 4 12 1 5 10 1 5 12 1 5 13 1 6 12 1 6 13 1 7 11 1
R 349 42 63 6 204 3 1 2 3 4 5 0 4 3 1 0 2 3 2 4 0 1 3 0 2 1 5 2 1 3 4 1 4 2 5 0 2 3 1 0 3 1 0 4 2 0 5 4 5 0 0 2 1 2 5 1 3 4 5 0 1 5 5 2 4 3 4 3 | 14 18  0 6 2 0 8 1 1 7 1 1 11 1 1 13 1 2 8 2 2 10 1 3 9 1 3 10 1 3 11 1 4 9 2 4 12 1 5 10 1 5 12 1 5 13 1 6 12 1 7 11 1 7 13 1
R 350 42 63 NOT6 B chi=7 | 14 18  0 6 1 0 8 1 0 13 1 1 7 2 1 11 1 2 8 2 2 10 1 3 9 1 3 10 1 3 13 1 4 9 2 4 12 1 5 10 1 5 11 1 5 12 1 6 12 1 6 13 1 7 11 1
R 351 42 63 NOT6 B chi=7 | 14 18  0 6 1 0 8 2 1 7 2 1 11 1 2 8 1 2 10 1 2 13 1 3 9 1 3 10 1 3 13 1 4 9 2 4 12 1 5 10 1 5 11 1 5 12 1 6 12 1 6 13 1 7 11 1
R 352 42 63 NOT6 B chi=7 | 14 18  0 6 1 0 8 1 0 13 1 1 7 2 1 11 1 2 8 2 2 10 1 3 9 2 3 10 1 4 9 1 4 12 1 4 13 1 5 10 1 5 11 1 5 12 1 6 12 1 6 13 1 7 11 1
R 353 42 63 6 85 1 2 3 4 1 0 0 4 2 1 2 3 4 3 5 2 0 1 3 4 5 2 0 1 0 2 1 5 3 2 0 4 1 3 4 1 0 3 2 5 0 3 0 4 5 3 5 2 3 5 1 4 5 0 0 1 2 3 5 4 1 2 4 | 14 18  0 6 1 0 8 2 1 7 2 1 11 1 2 8 1 2 11 1 2 13 1 3 9 1 3 10 1 3 11 1 4 9 2 4 10 1 5 10 1 5 12 1 5 13 1 6 12 1 6 13 1 7 12 1
R 354 42 63 NOT6 B chi=7 | 14 18  0 6 1 0 8 2 1 7 2 1 11 1 2 8 1 2 12 1 2 13 1 3 9 1 3 10 1 3 11 1 4 9 2 4 10 1 5 10 1 5 12 1 5 13 1 6 12 1 6 13 1 7 11 1
R 355 42 63 NOT6 B chi=7 | 14 18  0 6 1 0 8 1 0 13 1 1 7 2 1 11 1 2 8 2 2 12 1 3 9 1 3 10 1 3 13 1 4 9 2 4 10 1 5 10 1 5 11 1 5 12 1 6 12 1 6 13 1 7 11 1
R 356 42 63 NOT6 B chi=7 | 14 18  0 6 1 0 8 2 1 7 2 1 11 1 2 8 1 2 12 1 2 13 1 3 9 1 3 10 1 3 13 1 4 9 2 4 10 1 5 10 1 5 11 1 5 12 1 6 12 1 6 13 1 7 11 1
R 357 42 63 6 56125 3 1 2 5 3 4 0 4 3 3 0 5 4 1 2 2 0 1 0 2 1 4 2 0 3 4 1 2 1 5 0 1 4 0 1 3 2 0 4 2 5 4 4 5 0 1 2 0 2 5 1 4 2 1 0 3 5 3 4 5 3 5 3 | 14 18  0 6 2 0 8 1 1 7 1 1 11 1 1 13 1 2 8 2 2 12 1 3 9 1 3 10 1 3 13 1 4 9 2 4 10 1 5 10 1 5 11 1 5 12 1 6 12 1 7 11 1 7 13 1
R 358 42 63 NOT6 B chi=7 | 14 18  0 6 2 0 8 1 1 7 2 1 11 1 2 8 2 2 12 1 3 9 1 3 10 1 3 13 1 4 9 1 4 10 1 4 13 1 5 10 1 5 11 1 5 12 1 6 12 1 7 11 1 9 13 1
R 359 42 63 6 600 1 2 3 5 3 0 0 4 1 5 2 4 3 1 2 1 2 0 3 4 5 4 0 3 0 2 1 3 4 2 3 2 0 5 1 0 4 1 2 3 0 1 0 4 5 1 2 4 3 5 2 0 1 3 5 0 4 4 3 5 1 2 5 | 14 18  0 6 1 0 8 2 1 7 2 1 11 1 2 8 1 2 10 1 2 11 1 3 9 2 3 11 1 4 9 1 4 12 1 4 13 1 5 10 1 5 12 1 5 13 1 6 10 1 6 13 1 7 12 1
R 360 42 63 6 103 3 1 2 0 4 1 0 2 3 3 2 4 0 1 2 3 4 0 0 2 1 2 1 4 3 4 5 5 4 2 1 4 0 0 3 1 4 3 2 3 0 1 4 5 0 3 5 2 1 5 4 0 1 5 3 5 4 2 1 5 3 0 2 | 14 18  0 6 2 0 8 1 1 7 2 1 11 1 2 8 1 2 10 1 2 11 1 3 9 2 3 11 1 4 9 1 4 12 1 4 13 1 5 10 1 5 12 1 5 13 1 6 10 1 7 12 1 8 13 1
R 361 42 63 NOT6 B chi=7 | 14 18  0 6 1 0 8 2 1 7 2 1 12 1 2 8 1 2 10 1 2 11 1 3 9 1 3 11 1 3 13 1 4 9 2 4 11 1 5 10 1 5 12 1 5 13 1 6 10 1 6 13 1 7 12 1
R 362 42 63 6 234 1 2 3 0 2 3 0 4 1 0 1 2 4 5 3 1 2 0 3 4 5 1 3 2 0 2 1 3 5 2 3 2 0 0 4 3 1 5 4 4 0 1 0 4 5 4 5 1 3 5 2 4 3 5 0 1 2 4 5 3 1 2 0 | 14 18  0 6 1 0 8 2 1 7 2 1 11 1 2 8 1 2 10 1 2 11 1 3 9 1 3 12 1 3 13 1 4 9 2 4 12 1 5 10 1 5 11 1 5 13 1 6 10 1 6 13 1 7 12 1
R 363 42 63 NOT6 B chi=7 | 14 18  0 6 1 0 8 2 1 7 2 1 11 1 2 8 1 2 10 1 2 11 1 3 9 1 3 12 1 3 13 1 4 9 2 4 12 1 5 10 1 5 12 1 5 13 1 6 10 1 6 13 1 7 11 1
R 364 42 63 NOT6 B chi=7 | 14 18  0 6 2 0 8 1 1 7 2 1 11 1 2 8 1 2 10 1 2 11 1 3 9 1 3 12 1 3 13 1 4 9 2 4 12 1 5 10 1 5 12 1 5 13 1 6 10 1 7 11 1 8 13 1
R 365 42 63 6 740 3 1 2 0 1 2 0 4 3 1 3 5 2 0 4 0 1 3 0 2 1 5 2 4 3 4 1 4 5 3 1 3 2 0 3 2 1 0 4 2 5 0 4 5 0 3 5 4 2 5 1 0 2 4 1 5 3 5 2 4 3 0 1 | 14 18  0 6 2 0 8 1 1 7 1 1 10 1 1 11 1 2 8 2 2 11 1 3 9 2 3 10 1 4 9 1 4 12 1 4 13 1 5 11 1 5 12 1 5 13 1 6 12 1 7 10 1 7 13 1
R 366 42 63 6 408 3 1 2 1 0 3 0 4 3 3 4 1 0 2 1 2 3 4 0 2 1 5 4 0 3 4 1 0 1 4 0 2 4 2 1 3 2 0 4 5 3 2 4 5 0 2 5 4 2 5 1 2 5 0 3 5 4 1 5 0 3 3 1 | 14 18  0 6 2 0 8 1 1 7 1 1 10 1 1 11 1 2 8 2 2 12 1 3 9 2 3 11 1 4 9 1 4 12 1 4 13 1 5 10 1 5 11 1 5 13 1 6 12 1 7 10 1 7 13 1
R 367 42 63 6 132 3 1 2 2 0 1 0 4 3 1 0 5 2 3 5 3 4 2 0 2 1 1 4 0 3 4 1 5 3 4 0 3 2 2 4 0 2 0 1 1 3 5 4 5 0 3 4 5 2 5 1 2 3 4 0 1 4 1 5 0 3 5 2 | 14 18  0 6 2 0 8 1 1 7 1 1 10 1 1 11 1 2 8 2 2 11 1 3 9 1 3 12 1 3 13 1 4 9 2 4 12 1 5 10 1 5 12 1 5 13 1 6 11 1 7 10 1 7 13 1
R 368 42 63 6 174 3 1 2 0 1 2 0 4 3 1 4 0 3 0 5 4 3 2 0 2 1 4 2 1 3 4 1 2 0 1 0 3 2 2 4 0 1 4 3 3 5 4 4 5 0 3 5 4 2 5 1 3 5 2 4 2 1 1 5 0 3 0 5 | 14 18  0 6 2 0 8 1 1 7 2 1 10 1 2 8 2 2 10 1 3 9 1 3 11 1 3 13 1 4 9 1 4 12 1 4 13 1 5 11 1 5 12 1 5 13 1 6 11 1 7 12 1 9 10 1
R 369 42 63 6 206 3 1 2 2 5 3 0 4 3 0 3 4 1 0 2 0 1 2 0 2 1 1 3 5 3 4 1 4 2 5 2 4 3 0 2 3 5 1 0 1 0 4 4 5 0 0 4 1 2 5 1 1 5 2 3 4 5 5 4 3 3 2 0 | 14 18  0 6 2 0 8 1 1 7 2 1 10 1 2 8 2 2 11 1 3 9 1 3 10 1 3 13 1 4 9 1 4 11 1 4 13 1 5 11 1 5 12 1 5 13 1 6 12 1 7 12 1 9 10 1
R 370 42 63 6 270 3 1 2 1 4 5 0 4 3 1 5 2 0 3 2 3 0 1 0 2 1 0 5 4 3 4 1 2 0 1 0 2 3 3 2 4 5 2 0 1 3 4 4 5 0 2 3 0 2 5 1 3 4 0 4 1 5 5 4 2 3 1 5 | 14 18  0 6 2 0 8 1 1 7 2 1 11 1 2 8 2 2 10 1 3 9 1 3 10 1 3 13 1 4 9 1 4 11 1 4 13 1 5 11 1 5 12 1 5 13 1 6 12 1 7 12 1 9 10 1
R 371 42 63 6 1853 3 1 2 2 0 3 0 4 3 1 0 2 0 2 1 5 4 3 0 2 1 5 3 0 3 4 1 5 2 1 2 4 3 0 2 3 4 1 5 4 1 0 4 5 0 1 4 5 2 5 1 3 4 5 4 5 3 1 0 2 3 2 0 | 14 18  0 6 2 0 8 1 1 7 2 1 10 1 2 8 2 2 11 1 3 9 1 3 11 1 3 13 1 4 9 1 4 11 1 4 13 1 5 10 1 5 12 1 5 13 1 6 12 1 7 12 1 9 10 1
R 372 42 63 6 455 3 1 2 1 5 3 0 4 3 1 0 2 1 3 4 0 2 1 0 2 1 2 3 5 3 4 1 5 2 4 4 0 5 0 2 3 0 2 4 1 3 0 4 5 0 0 4 2 2 5 1 3 4 5 0 5 2 3 5 4 3 1 1 | 14 18  0 6 2 0 8 1 1 7 2 1 10 1 2 8 2 2 11 1 3 9 1 3 11 1 3 13 1 4 9 1 4 12 1 4 13 1 5 10 1 5 11 1 5 13 1 6 12 1 7 12 1 9 10 1
R 373 42 63 6 334 3 1 2 5 1 0 0 4 3 4 5 2 1 5 3 2 4 0 0 2 1 2 0 1 3 4 1 0 1 2 3 4 0 5 1 4 0 2 4 4 3 2 4 5 0 3 4 2 2 5 1 3 0 1 4 2 0 1 3 5 3 5 5 | 14 18  0 6 2 0 8 1 1 7 2 1 10 1 2 8 2 2 12 1 3 9 1 3 11 1 3 13 1 4 9 1 4 11 1 4 13 1 5 10 1 5 11 1 5 13 1 6 12 1 7 12 1 9 10 1
R 374 42 63 6 104 3 1 2 1 3 0 0 4 3 1 4 5 0 5 2 1 2 3 0 2 1 2 0 3 3 4 1 2 0 1 0 2 3 4 5 3 4 2 5 0 1 4 4 5 0 4 5 2 2 5 1 3 0 2 4 1 3 4 0 5 3 1 5 | 14 18  0 6 2 0 8 1 1 7 2 1 11 1 2 8 2 2 10 1 3 9 1 3 11 1 3 13 1 4 9 1 4 11 1 4 13 1 5 10 1 5 12 1 5 13 1 6 12 1 7 12 1 9 10 1
R 375 42 63 6 781 3 1 2 2 3 4 0 4 3 1 4 2 3 0 5 1 2 0 0 2 1 1 4 3 3 4 1 2 0 1 0 2 3 0 2 4 4 0 5 3 1 4 4 5 0 0 5 1 2 5 1 3 5 0 4 1 2 4 3 5 3 2 5 | 14 18  0 6 2 0 8 1 1 7 2 1 11 1 2 8 2 2 10 1 3 9 1 3 11 1 3 13 1 4 9 1 4 12 1 4 13 1 5 10 1 5 11 1 5 13 1 6 12 1 7 12 1 9 10 1
R 376 42 63 NOT6 B chi=7 | 14 18  0 6 2 0 8 1 1 7 2 1 12 1 2 8 2 2 10 1 3 9 1 3 11 1 3 13 1 4 9 1 4 11 1 4 13 1 5 10 1 5 11 1 5 13 1 6 12 1 7 12 1 9 10 1
R 377 42 63 6 202 3 1 2 5 1 0 0 4 3 3 4 5 2 0 4 1 0 2 0 2 1 2 0 1 3 4 1 5 2 4 4 1 5 3 4 0 0 2 4 2 3 1 4 5 0 3 4 2 2 5 1 1 2 0 3 1 5 3 5 4 3 5 0 | 14 18  0 6 2 0 8 1 1 7 2 1 11 1 2 8 2 2 12 1 3 9 1 3 10 1 3 13 1 4 9 1 4 11 1 4 13 1 5 10 1 5 11 1 5 13 1 6 12 1 7 12 1 9 10 1
R 378 42 63 NOT6 B chi=7 | 14 18  0 6 2 0 8 1 1 7 2 1 12 1 2 8 2 2 11 1 3 9 1 3 10 1 3 13 1 4 9 1 4 11 1 4 13 1 5 10 1 5 11 1 5 13 1 6 12 1 7 12 1 9 10 1
R 379 42 63 NOT6 B chi=7 | 14 18  0 6 2 0 8 1 1 7 2 1 10 1 2 8 2 2 12 1 3 9 1 3 11 1 3 13 1 4 9 1 4 11 1 4 13 1 5 11 1 5 12 1 5 13 1 6 12 1 7 10 1 9 10 1
R 380 42 63 6 942 3 4 5 5 2 4 1 0 4 3 0 5 1 3 4 0 1 2 1 2 3 3 4 2 4 0 3 2 1 0 5 0 1 4 3 0 2 1 4 0 1 3 0 1 2 0 1 3 2 5 3 2 4 1 2 5 0 3 5 4 4 5 5 | 14 15  0 6 1 0 8 1 0 13 1 1 7 2 1 10 1 2 8 2 2 9 1 3 10 2 3 11 1 4 11 2 4 12 1 5 12 2 5 13 1 6 9 2 7 13 1
R 381 42 63 6 515 3 4 5 5 2 0 1 0 4 1 4 3 0 1 2 3 2 5 1 2 3 1 0 2 4 0 3 2 1 0 3 4 2 5 2 4 1 0 3 0 1 3 0 1 2 3 4 1 2 5 3 0 5 2 3 5 4 0 1 4 4 5 5 | 14 16  0 6 1 0 8 1 0 13 1 1 7 2 1 10 1 2 8 2 2 9 1 3 10 2 3 12 1 4 11 1 4 12 1 4 13 1 5 11 2 5 12 1 6 9 2 7 13 1
R 382 42 63 6 114 3 4 5 4 1 2 1 0 4 0 3 4 0 1 2 3 2 4 1 2 3 0 2 1 4 0 3 2 1 0 4 3 2 4 2 5 1 0 3 0 1 3 0 1 2 3 5 0 2 5 3 1 5 2 3 5 4 0 1 5 4 5 4 | 14 16  0 6 1 0 8 1 0 13 1 1 7 2 1 10 1 2 8 2 2 9 1 3 10 2 3 12 1 4 11 1 4 12 1 4 13 1 5 11 2 5 13 1 6 9 2 7 12 1
R 383 42 63 6 96 3 4 5 5 2 0 1 0 4 0 1 2 3 4 2 5 1 3 1 2 3 1 0 2 4 0 3 2 1 0 2 4 0 3 1 2 3 4 5 0 1 3 0 1 2 3 4 1 2 5 3 3 5 4 1 5 0 0 4 2 4 5 5 | 14 16  0 6 1 0 8 1 0 13 1 1 7 2 1 12 1 2 8 2 2 9 1 3 10 1 3 11 1 3 13 1 4 10 2 4 12 1 5 11 2 5 12 1 6 9 2 7 13 1
R 384 42 63 NOT6 B chi=7 | 14 16  0 6 1 0 8 1 0 13 1 1 7 2 1 12 1 2 8 2 2 9 1 3 10 1 3 11 1 3 13 1 4 10 2 4 12 1 5 11 2 5 13 1 6 9 2 7 12 1
R 385 42 63 NOT6 B chi=7 | 14 16  0 6 1 0 8 1 0 13 1 1 7 2 1 12 1 2 8 2 2 9 1 3 10 2 3 11 1 4 10 1 4 12 1 4 13 1 5 11 2 5 13 1 6 9 2 7 12 1
R 386 42 63 6 2005 3 4 5 2 3 4 1 0 4 0 1 2 3 2 5 1 0 2 1 2 3 0 4 3 4 0 3 2 1 0 5 2 4 1 2 3 0 1 5 0 1 3 0 1 2 1 5 0 2 5 3 3 5 4 0 1 4 4 3 5 4 5 2 | 14 17  0 6 1 0 8 1 0 13 1 1 7 2 1 11 1 2 8 2 2 9 1 3 10 1 3 11 1 3 13 1 4 10 2 4 12 1 5 11 1 5 12 1 5 13 1 6 9 2 7 12 1
R 387 42 63 NOT6 B chi=7 | 14 17  0 6 1 0 8 1 0 13 1 1 7 2 1 12 1 2 8 2 2 9 1 3 10 1 3 11 1 3 13 1 4 10 2 4 11 1 5 11 1 5 12 1 5 13 1 6 9 2 7 12 1
R 388 42 63 6 138 1 2 3 2 0 3 0 4 1 2 4 5 1 2 3 4 0 2 3 4 5 4 3 0 0 2 1 3 4 0 2 1 0 2 3 5 0 5 4 4 1 3 0 4 5 1 5 4 3 2 5 1 3 0 5 4 0 1 3 5 1 2 2 | 14 19  0 6 1 0 8 2 1 7 2 1 10 1 2 8 1 2 9 1 2 10 1 3 9 1 3 10 1 3 11 1 4 9 1 4 11 1 4 13 1 5 11 1 5 12 1 5 13 1 6 12 1 6 13 1 7 12 1
R 389 42 63 6 235 1 2 3 3 1 5 0 4 1 2 4 3 1 2 0 0 2 4 3 4 5 2 5 1 0 2 1 3 4 0 0 4 3 4 1 2 0 2 4 5 1 0 0 4 5 0 4 2 3 2 5 1 0 5 5 3 4 1 5 3 1 2 3 | 14 19  0 6 1 0 8 2 1 7 2 1 10 1 2 8 1 2 9 1 2 10 1 3 9 1 3 11 1 3 12 1 4 9 1 4 11 1 4 13 1 5 10 1 5 11 1 5 13 1 6 12 1 6 13 1 7 12 1
R 390 42 63 6 941 1 2 3 3 2 4 0 4 1 2 4 5 1 2 0 0 3 1 3 4 5 5 4 2 0 2 1 3 4 0 0 2 1 1 3 2 4 5 0 4 1 0 0 4 5 0 1 5 3 2 5 1 3 0 5 4 3 4 2 5 1 2 3 | 14 19  0 6 1 0 8 2 1 7 2 1 11 1 2 8 1 2 9 1 2 10 1 3 9 1 3 10 1 3 11 1 4 9 1 4 11 1 4 13 1 5 10 1 5 12 1 5 13 1 6 12 1 6 13 1 7 12 1
R 391 42 63 NOT6 B chi=7 | 14 19  0 6 1 0 8 2 1 7 2 1 12 1 2 8 1 2 9 1 2 10 1 3 9 1 3 10 1 3 11 1 4 9 1 4 11 1 4 13 1 5 10 1 5 11 1 5 13 1 6 12 1 6 13 1 7 12 1
R 392 42 63 6 133 1 2 3 2 0 1 0 4 1 2 4 5 1 2 3 5 0 2 3 4 5 5 1 0 0 2 1 3 4 0 0 2 1 3 4 2 4 5 3 5 0 1 0 4 5 3 4 5 3 2 5 1 3 0 5 0 4 4 1 3 1 2 2 | 14 19  0 6 1 0 8 2 1 7 2 1 11 1 2 8 1 2 9 1 2 10 1 3 9 1 3 10 1 3 11 1 4 9 1 4 12 1 4 13 1 5 10 1 5 12 1 5 13 1 6 11 1 6 13 1 7 12 1
R 393 42 63 NOT6 B chi=7 | 14 19  0 6 1 0 8 2 1 7 2 1 12 1 2 8 1 2 9 1 2 10 1 3 9 1 3 10 1 3 13 1 4 9 1 4 11 1 4 12 1 5 10 1 5 11 1 5 13 1 6 11 1 6 13 1 7 12 1
R 394 42 63 NOT6 B chi=7 | 14 19  0 6 1 0 8 2 1 7 2 1 11 1 2 8 1 2 9 1 2 10 1 3 9 1 3 10 1 3 11 1 4 9 1 4 12 1 4 13 1 5 10 1 5 12 1 5 13 1 6 12 1 6 13 1 7 11 1
R 395 42 63 6 123 1 2 3 2 3 5 0 4 2 3 4 0 1 2 5 2 0 1 3 4 5 0 5 3 0 2 1 1 3 0 2 4 0 2 4 5 3 1 4 5 0 3 0 4 5 1 4 0 3 5 1 2 5 1 4 3 0 3 5 4 1 2 2 | 14 19  0 6 1 0 8 2 1 7 2 1 11 1 2 8 1 2 9 1 2 13 1 3 9 1 3 10 1 3 11 1 4 9 1 4 10 1 4 12 1 5 11 1 5 12 1 5 13 1 6 10 1 6 13 1 7 12 1
R 396 42 63 6 66 1 2 3 3 1 2 0 4 2 1 4 2 0 3 5 3 0 1 3 4 5 4 2 1 0 2 1 3 1 2 4 0 2 0 3 1 0 4 5 5 0 3 0 4 5 0 5 4 3 5 1 0 3 5 4 2 1 5 2 4 1 2 3 | 14 19  0 6 1 0 8 2 1 7 2 1 11 1 2 8 1 2 9 1 2 13 1 3 9 1 3 10 1 3 11 1 4 9 1 4 11 1 4 12 1 5 10 1 5 12 1 5 13 1 6 10 1 6 13 1 7 12 1
R 397 42 63 6 1114 1 2 3 4 3 5 0 4 1 0 4 1 0 2 4 1 3 2 3 4 5 0 5 3 0 2 1 1 2 4 4 1 5 3 2 0 3 4 0 0 3 1 0 4 5 1 2 0 3 2 5 3 2 5 5 3 1 0 5 4 1 2 4 | 14 19  0 6 1 0 8 2 1 7 2 1 10 1 2 8 1 2 12 1 2 13 1 3 9 1 3 10 1 3 11 1 4 9 1 4 10 1 4 11 1 5 9 1 5 12 1 5 13 1 6 12 1 6 13 1 7 11 1
R 398 42 63 6 388 3 1 2 2 0 1 0 4 3 3 0 4 2 3 4 5 1 2 0 2 1 1 4 0 3 4 1 5 2 4 0 3 1 1 3 4 2 4 0 0 2 3 4 5 0 3 4 5 2 5 1 1 2 5 0 5 1 3 0 4 3 2 5 | 14 19  0 6 2 0 8 1 1 7 1 1 10 1 1 12 1 2 8 2 2 12 1 3 9 1 3 10 1 3 11 1 4 9 1 4 10 1 4 13 1 5 9 1 5 11 1 5 13 1 6 12 1 7 11 1 7 13 1
R 399 42 63 6 214 1 2 3 0 2 5 0 4 1 3 4 1 0 1 2 0 2 3 3 4 5 3 5 2 0 2 1 2 1 4 0 1 5 2 3 4 3 4 0 0 3 1 0 4 5 1 4 3 3 2 5 0 2 5 3 4 5 5 1 4 1 2 0 | 14 19  0 6 1 0 8 2 1 7 2 1 10 1 2 8 1 2 12 1 2 13 1 3 9 1 3 10 1 3 11 1 4 9 1 4 10 1 4 12 1 5 9 1 5 11 1 5 13 1 6 12 1 6 13 1 7 11 1
R 400 42 63 6 347 1 2 3 4 1 0 0 4 2 5 3 1 3 2 4 2 0 1 3 4 5 2 0 1 0 2 1 0 1 4 3 1 2 4 3 5 0 3 2 5 0 3 0 4 5 3 5 2 3 5 1 2 4 0 5 0 1 3 5 4 1 2 4 | 14 19  0 6 1 0 8 2 1 7 2 1 11 1 2 8 1 2 10 1 2 13 1 3 9 1 3 10 1 3 11 1 4 9 1 4 10 1 4 11 1 5 9 1 5 12 1 5 13 1 6 12 1 6 13 1 7 12 1
R 401 42 63 6 57 1 2 3 4 1 0 0 4 1 2 0 4 1 3 2 3 4 2 3 4 5 2 0 1 0 2 1 4 1 2 3 4 0 3 4 1 0 3 2 5 0 3 0 4 5 3 5 2 3 2 5 3 1 5 0 5 4 5 0 1 1 2 4 | 14 19  0 6 1 0 8 2 1 7 2 1 11 1 2 8 1 2 10 1 2 12 1 3 9 1 3 10 1 3 11 1 4 9 1 4 10 1 4 13 1 5 9 1 5 11 1 5 13 1 6 12 1 6 13 1 7 12 1
R 402 42 63 6 847 1 2 3 0 1 3 0 4 2 3 4 5 1 2 0 2 0 1 3 4 5 2 3 1 0 2 1 0 1 4 1 3 2 0 4 3 4 5 2 5 0 3 0 4 5 4 5 2 3 5 1 2 0 1 5 4 3 3 5 4 1 2 0 | 14 19  0 6 1 0 8 2 1 7 2 1 11 1 2 8 1 2 10 1 2 13 1 3 9 1 3 10 1 3 11 1 4 9 1 4 10 1 4 12 1 5 9 1 5 11 1 5 13 1 6 12 1 6 13 1 7 12 1
R 403 42 63 6 195 1 2 3 3 1 4 0 4 2 2 0 3 5 0 1 1 3 2 3 4 5 0 4 1 0 2 1 1 4 2 1 3 0 2 3 4 0 5 2 5 0 3 0 4 5 2 5 0 3 5 1 5 4 1 3 2 4 0 5 4 1 2 3 | 14 19  0 6 1 0 8 2 1 7 2 1 11 1 2 8 1 2 10 1 2 13 1 3 9 1 3 10 1 3 11 1 4 9 1 4 10 1 4 13 1 5 9 1 5 11 1 5 12 1 6 12 1 6 13 1 7 12 1
R 404 42 63 NOT6 B chi=7 | 14 19  0 6 1 0 8 2 1 7 2 1 12 1 2 8 1 2 10 1 2 13 1 3 9 1 3 10 1 3 11 1 4 9 1 4 10 1 4 11 1 5 9 1 5 12 1 5 13 1 6 11 1 6 13 1 7 12 1
R 405 42 63 NOT6 B chi=7 | 14 19  0 6 1 0 8 2 1 7 2 1 12 1 2 8 1 2 10 1 2 13 1 3 9 1 3 10 1 3 11 1 4 9 1 4 10 1 4 12 1 5 9 1 5 11 1 5 13 1 6 11 1 6 13 1 7 12 1
R 406 42 63 6 410 1 2 3 4 5 0 0 4 1 3 1 2 5 2 1 0 3 4 3 4 5 1 0 5 0 2 1 0 2 1 4 1 3 3 4 5 0 3 2 5 3 0 0 4 5 2 3 1 3 2 5 4 5 0 3 0 4 5 2 1 1 2 4 | 14 19  0 6 1 0 8 2 1 7 2 1 11 1 2 8 1 2 11 1 2 12 1 3 9 1 3 10 1 3 11 1 4 9 1 4 10 1 4 13 1 5 9 1 5 10 1 5 13 1 6 12 1 6 13 1 7 12 1
R 407 42 63 6 2767 1 2 3 2 0 1 0 4 2 3 4 5 1 2 4 2 0 1 3 4 5 4 1 0 0 2 1 0 1 4 2 4 3 3 2 1 0 5 4 5 0 3 0 4 5 3 5 4 3 5 1 2 1 0 5 0 3 3 5 4 1 2 2 | 14 19  0 6 1 0 8 2 1 7 2 1 11 1 2 8 1 2 11 1 2 13 1 3 9 1 3 10 1 3 11 1 4 9 1 4 10 1 4 12 1 5 9 1 5 10 1 5 13 1 6 12 1 6 13 1 7 12 1
R 408 42 63 6 218 1 2 3 5 2 1 0 4 1 1 5 0 2 3 4 0 2 3 3 4 5 0 1 2 0 2 1 0 3 4 3 2 1 4 5 2 4 3 0 0 3 1 0 4 5 3 4 0 3 2 5 2 4 3 5 0 1 1 5 4 1 2 5 | 14 19  0 6 1 0 8 2 1 7 2 1 11 1 2 8 1 2 12 1 2 13 1 3 9 1 3 10 1 3 11 1 4 9 1 4 10 1 4 11 1 5 9 1 5 10 1 5 13 1 6 12 1 6 13 1 7 12 1
R 409 42 63 NOT6 B chi=7 | 14 19  0 6 1 0 8 2 1 7 2 1 12 1 2 8 1 2 11 1 2 13 1 3 9 1 3 10 1 3 11 1 4 9 1 4 10 1 4 11 1 5 9 1 5 10 1 5 13 1 6 12 1 6 13 1 7 12 1
R 410 42 63 NOT6 B chi=7 | 14 19  0 6 1 0 8 2 1 7 2 1 12 1 2 8 1 2 11 1 2 13 1 3 9 1 3 10 1 3 11 1 4 9 1 4 10 1 4 12 1 5 9 1 5 10 1 5 13 1 6 11 1 6 13 1 7 12 1
R 411 42 63 6 103 3 1 2 2 0 1 0 4 3 0 3 4 2 4 5 1 2 3 0 2 1 1 4 0 3 4 1 1 4 0 3 2 4 0 3 2 2 4 0 1 3 5 4 5 0 3 4 5 2 5 1 2 5 1 3 1 0 5 0 4 3 5 2 | 14 19  0 6 2 0 8 1 1 7 1 1 11 1 1 12 1 2 8 2 2 12 1 3 9 1 3 10 1 3 11 1 4 9 1 4 10 1 4 13 1 5 9 1 5 10 1 5 13 1 6 12 1 7 11 1 7 13 1
R 412 42 63 6 476 3 1 2 0 3 4 3 0 2 1 4 5 0 4 3 2 0 1 0 2 1 2 4 3 2 4 0 4 1 3 3 4 1 1 0 5 2 0 4 1 3 2 4 5 0 1 5 2 1 5 4 3 0 2 2 5 1 3 4 5 3 0 5 | 14 16  0 6 2 0 10 1 1 7 2 1 11 1 2 8 1 2 9 1 2 13 1 3 8 1 3 9 2 4 10 2 4 12 1 5 11 2 5 12 1 6 12 1 7 13 1 8 13 1
R 413 42 63 NOT6 B chi=7 | 14 16  0 6 2 0 10 1 1 7 2 1 12 1 2 8 1 2 9 1 2 13 1 3 8 1 3 9 2 4 10 2 4 11 1 5 11 2 5 12 1 6 13 1 7 12 1 8 13 1
R 414 42 63 6 223 3 1 2 0 1 5 5 1 2 0 4 3 0 4 3 0 4 3 0 2 1 4 5 1 3 4 2 4 0 1 3 4 1 0 3 2 5 2 4 0 3 1 4 5 0 2 3 4 0 3 4 1 2 5 2 5 1 5 1 2 3 0 5 | 14 17  0 6 2 0 10 1 1 7 2 1 11 1 2 8 1 2 9 1 2 13 1 3 8 1 3 9 2 4 10 2 4 11 1 5 11 1 5 12 1 5 13 1 6 12 1 7 12 1 8 13 1
R 415 42 63 NOT6 B chi=7 | 14 17  0 6 2 0 10 1 1 7 2 1 12 1 2 8 1 2 9 1 2 13 1 3 8 1 3 9 2 4 10 2 4 11 1 5 11 1 5 12 1 5 13 1 6 11 1 7 12 1 8 13 1
R 416 42 63 6 1033 3 1 2 4 0 2 0 2 4 3 5 1 0 1 3 4 3 5 0 2 1 1 2 0 1 3 0 5 3 2 5 3 2 3 4 5 0 1 5 0 1 2 4 5 0 3 5 1 5 1 3 2 0 4 4 2 5 0 1 2 3 4 4 | 14 17  0 6 2 0 11 1 1 7 2 1 11 1 2 8 1 2 9 1 2 13 1 3 8 1 3 9 2 4 10 1 4 11 1 4 13 1 5 10 2 5 12 1 6 12 1 7 12 1 8 13 1
R 417 42 63 NOT6 A+B chi=-1 | 14 17  0 6 2 0 11 1 1 7 2 1 11 1 2 8 1 2 9 1 2 13 1 3 8 1 3 9 2 4 10 1 4 12 1 4 13 1 5 10 2 5 12 1 6 11 1 7 12 1 8 13 1
R 418 42 63 NOT6 A+B chi=-1 | 14 17  0 6 2 0 11 1 1 7 2 1 12 1 2 8 1 2 9 1 2 13 1 3 8 1 3 9 2 4 10 1 4 11 1 4 13 1 5 10 2 5 12 1 6 11 1 7 12 1 8 13 1
R 419 42 63 6 450 3 1 2 2 4 3 5 2 4 0 3 1 0 2 3 0 1 5 0 2 1 0 3 4 1 3 4 3 0 2 3 4 5 1 2 4 0 1 5 0 1 2 4 5 0 1 5 0 0 1 3 2 4 5 1 5 4 2 3 4 3 2 5 | 14 18  0 6 2 0 10 1 1 7 2 1 11 1 2 8 1 2 9 1 2 13 1 3 8 1 3 9 2 4 10 1 4 11 1 4 12 1 5 10 1 5 11 1 5 13 1 6 12 1 7 12 1 8 13 1
R 420 42 63 NOT6 B chi=7 | 14 18  0 6 2 0 10 1 1 7 2 1 12 1 2 8 1 2 9 1 2 13 1 3 8 1 3 9 2 4 10 1 4 11 1 4 12 1 5 10 1 5 11 1 5 13 1 6 11 1 7 12 1 8 13 1
R 421 42 63 6 1201 3 1 2 2 0 1 4 5 3 1 2 5 0 2 4 0 4 3 0 2 1 5 1 0 0 1 3 2 5 4 4 2 1 3 4 1 2 4 0 3 0 4 4 5 0 3 4 5 2 0 1 4 0 3 3 5 1 2 5 1 3 2 5 | 14 16  0 6 2 0 11 1 1 7 2 1 12 1 2 8 1 2 9 2 3 8 1 3 10 2 4 9 1 4 10 1 4 13 1 5 11 2 5 12 1 6 12 1 7 13 1 8 13 1
R 422 42 63 NOT6 A+B chi=-1 | 14 16  0 6 2 0 11 1 1 7 2 1 12 1 2 8 1 2 9 2 3 8 1 3 10 2 4 9 1 4 10 1 4 13 1 5 11 2 5 12 1 6 13 1 7 12 1 8 13 1
R 423 42 63 6 313 3 1 2 2 0 4 5 1 3 0 2 3 2 1 4 3 0 5 0 2 1 1 4 0 3 2 1 4 1 3 4 2 0 3 4 5 0 1 5 2 0 3 4 5 0 3 5 1 0 2 4 4 1 5 0 5 3 2 4 1 3 2 5 | 14 17  0 6 2 0 11 1 1 7 2 1 11 1 2 8 1 2 9 1 2 13 1 3 8 1 3 10 2 4 9 2 4 10 1 5 11 1 5 12 1 5 13 1 6 12 1 7 12 1 8 13 1
R 424 42 63 6 972 3 1 2 2 0 4 3 5 2 1 4 5 0 1 3 3 0 5 0 2 1 1 4 0 0 1 2 4 5 3 3 4 1 3 4 5 0 1 5 2 0 3 4 5 0 3 5 1 4 0 1 3 0 2 2 5 4 2 4 1 3 2 5 | 14 17  0 6 2 0 11 1 1 7 2 1 11 1 2 8 1 2 9 2 3 8 1 3 10 2 4 9 1 4 10 1 4 13 1 5 11 1 5 12 1 5 13 1 6 12 1 7 12 1 8 13 1
R 425 42 63 NOT6 A+B chi=-1 | 14 17  0 6 2 0 11 1 1 7 2 1 12 1 2 8 1 2 9 1 2 13 1 3 8 1 3 10 2 4 9 2 4 10 1 5 11 1 5 12 1 5 13 1 6 11 1 7 12 1 8 13 1
R 426 42 63 6 3374 1 2 3 4 5 2 3 1 4 2 0 5 0 1 2 0 4 1 3 4 5 0 2 5 5 0 4 2 1 5 0 2 1 3 1 2 3 0 4 0 3 1 0 4 5 1 3 0 2 0 5 1 3 4 3 4 5 3 2 5 1 2 4 | 14 17  0 6 1 0 10 2 1 7 2 1 11 1 2 8 1 2 9 1 2 11 1 3 8 2 3 11 1 4 9 2 4 12 1 5 10 1 5 12 1 5 13 1 6 12 1 6 13 1 7 13 1
R 427 42 63 6 662 3 4 5 1 0 5 1 0 2 4 3 2 5 3 0 1 2 4 1 2 3 3 5 0 2 3 0 0 3 1 4 2 5 4 2 5 0 3 2 1 0 4 0 1 2 2 4 3 4 5 3 1 5 0 2 4 1 0 3 5 4 5 1 | 14 17  0 6 1 0 10 1 0 13 1 1 7 2 1 11 1 2 8 1 2 9 1 2 13 1 3 8 2 3 11 1 4 9 2 4 11 1 5 10 2 5 12 1 6 12 1 6 13 1 7 12 1
R 428 42 63 6 795 1 2 3 5 2 1 0 2 3 1 5 3 5 2 4 0 4 1 3 4 5 0 1 2 3 5 2 4 2 3 0 2 1 4 5 1 4 3 0 0 1 3 0 4 5 3 4 0 1 5 4 0 4 2 0 1 3 3 2 5 1 2 5 | 14 17  0 6 1 0 10 2 1 7 2 1 11 1 2 8 1 2 9 1 2 13 1 3 8 2 3 11 1 4 9 2 4 11 1 5 10 1 5 12 1 5 13 1 6 12 1 6 13 1 7 12 1
R 429 42 63 6 4836 1 2 3 5 2 1 1 3 5 0 2 3 2 0 4 0 4 1 3 4 5 0 1 2 2 5 3 4 0 1 0 2 1 4 3 2 4 3 0 0 1 3 0 4 5 3 4 0 0 4 2 1 5 4 3 5 1 3 2 5 1 2 5 | 14 17  0 6 1 0 10 2 1 7 2 1 11 1 2 8 2 2 9 1 3 8 1 3 11 1 3 13 1 4 9 2 4 11 1 5 10 1 5 12 1 5 13 1 6 12 1 6 13 1 7 12 1
R 430 42 63 6 248 3 1 2 1 4 0 0 3 4 1 4 2 5 2 3 0 4 3 0 2 1 0 2 1 2 4 0 3 2 1 3 4 1 3 4 5 0 2 4 1 3 0 4 5 0 3 2 5 1 5 2 3 5 0 0 4 1 2 5 1 3 5 4 | 14 17  0 6 2 0 10 1 1 7 1 1 11 1 1 13 1 2 8 1 2 9 1 2 13 1 3 8 2 3 11 1 4 9 2 4 11 1 5 10 2 5 12 1 6 12 1 7 12 1 7 13 1
R 431 42 63 6 29627 3 1 2 1 4 0 0 2 4 5 3 4 5 1 3 0 4 3 0 2 1 0 2 1 5 4 2 3 1 4 3 4 1 3 5 0 0 2 4 1 3 0 4 5 0 3 2 5 1 3 5 0 1 2 0 2 4 2 5 1 3 5 4 | 14 17  0 6 2 0 10 1 1 7 1 1 11 1 1 13 1 2 8 2 2 9 1 3 8 1 3 11 1 3 13 1 4 9 2 4 11 1 5 10 2 5 12 1 6 12 1 7 12 1 7 13 1
R 432 42 63 6 926 3 1 2 5 1 0 3 5 4 2 0 4 1 0 2 0 4 3 0 2 1 2 0 1 4 1 5 2 5 3 3 4 1 3 4 0 0 2 4 1 2 4 4 5 0 3 4 2 2 0 1 3 1 5 4 5 3 2 5 1 3 5 0 | 14 17  0 6 2 0 10 1 1 7 2 1 11 1 2 8 1 2 9 2 3 8 1 3 11 1 3 13 1 4 9 1 4 11 1 4 13 1 5 10 2 5 12 1 6 12 1 7 12 1 8 13 1
R 433 42 63 6 4500 1 2 3 4 5 2 3 0 4 1 2 4 2 0 1 0 4 1 3 4 5 0 2 5 4 2 5 1 0 4 0 2 1 1 4 3 3 2 0 1 3 0 0 4 5 1 3 0 1 2 5 0 3 5 3 5 4 3 2 5 1 2 4 | 14 17  0 6 1 0 10 2 1 7 2 1 11 1 2 8 1 2 9 1 2 13 1 3 8 2 3 11 1 4 9 2 4 12 1 5 10 1 5 11 1 5 12 1 6 12 1 6 13 1 7 13 1
R 434 42 63 6 87 1 2 3 4 1 5 1 3 4 0 2 4 0 1 2 0 4 2 3 4 5 0 5 1 0 4 3 2 1 4 0 2 1 2 4 1 0 3 2 5 0 3 0 4 5 2 3 0 2 5 0 1 3 5 3 5 4 3 5 1 1 2 4 | 14 17  0 6 1 0 10 2 1 7 2 1 11 1 2 8 2 2 9 1 3 8 1 3 11 1 3 12 1 4 9 2 4 13 1 5 10 1 5 11 1 5 13 1 6 12 1 6 13 1 7 12 1
R 435 42 63 6 76 3 4 5 3 2 1 1 0 2 4 3 2 5 3 0 1 0 4 1 2 3 4 1 2 2 3 0 0 3 1 4 0 2 5 3 1 2 5 0 1 0 4 0 1 2 0 5 4 4 5 3 1 5 0 2 4 1 3 5 2 4 5 3 | 14 17  0 6 1 0 10 1 0 13 1 1 7 2 1 11 1 2 8 1 2 9 1 2 13 1 3 8 2 3 11 1 4 9 2 4 12 1 5 10 2 5 11 1 6 12 1 6 13 1 7 12 1
R 436 42 63 6 93 1 2 3 4 0 3 0 1 2 3 4 2 5 1 4 0 4 2 3 4 5 2 3 0 2 4 0 4 1 3 0 2 1 1 4 3 0 5 2 5 0 3 0 4 5 1 5 2 3 5 4 1 5 0 0 2 3 3 5 1 1 2 4 | 14 17  0 6 1 0 10 2 1 7 2 1 11 1 2 8 1 2 9 1 2 13 1 3 8 2 3 11 1 4 9 2 4 12 1 5 10 1 5 11 1 5 13 1 6 12 1 6 13 1 7 12 1
R 437 42 63 6 370 1 2 3 3 0 4 5 0 4 3 1 2 3 1 2 0 4 2 3 4 5 2 4 0 3 4 0 2 1 4 0 2 1 1 3 4 0 5 2 5 0 3 0 4 5 1 5 2 1 2 3 5 0 4 0 5 4 3 5 1 1 2 3 | 14 17  0 6 1 0 10 2 1 7 2 1 11 1 2 8 2 2 9 1 3 8 1 3 11 1 3 13 1 4 9 2 4 12 1 5 10 1 5 11 1 5 13 1 6 12 1 6 13 1 7 12 1
R 438 42 63 6 108 3 1 2 1 0 2 3 2 5 0 4 1 1 0 3 0 4 3 0 2 1 4 5 2 1 5 2 3 0 2 3 4 1 3 0 2 4 1 5 3 4 0 4 5 0 3 4 5 0 4 1 3 5 2 4 5 2 2 5 1 3 0 1 | 14 17  0 6 2 0 10 1 1 7 1 1 11 1 1 13 1 2 8 2 2 9 1 3 8 1 3 11 1 3 13 1 4 9 2 4 12 1 5 10 2 5 11 1 6 12 1 7 12 1 7 13 1
R 439 42 63 6 376 3 1 2 0 1 5 1 3 5 0 2 1 0 4 3 0 4 3 0 2 1 4 5 1 5 0 4 2 3 1 3 4 1 3 0 2 5 2 4 0 3 5 4 5 0 2 3 4 2 0 4 3 5 4 5 1 2 2 5 1 3 0 1 | 14 17  0 6 2 0 10 1 1 7 2 1 11 1 2 8 1 2 9 2 3 8 1 3 11 1 3 13 1 4 9 1 4 12 1 4 13 1 5 10 2 5 11 1 6 12 1 7 12 1 8 13 1
R 440 42 63 6 1717 1 2 3 0 1 2 1 0 2 3 5 2 4 0 3 0 4 1 3 4 5 4 2 1 2 5 0 3 0 1 0 2 1 3 0 2 4 3 5 1 4 3 0 4 5 3 5 4 3 4 5 1 4 0 2 5 1 3 5 2 1 2 0 | 14 17  0 6 1 0 10 2 1 7 2 1 11 1 2 8 1 2 9 1 2 13 1 3 8 2 3 12 1 4 9 2 4 12 1 5 10 1 5 11 1 5 12 1 6 11 1 6 13 1 7 13 1
R 441 42 63 6 167 1 2 3 0 1 2 1 4 2 3 0 2 5 0 3 0 4 1 3 4 5 4 2 1 2 0 1 3 0 4 0 2 1 3 0 2 3 4 5 5 3 1 0 4 5 3 5 4 3 5 0 4 5 1 1 2 4 3 5 2 1 2 0 | 14 17  0 6 1 0 10 2 1 7 2 1 11 1 2 8 1 2 9 1 2 13 1 3 8 2 3 12 1 4 9 2 4 13 1 5 10 1 5 11 1 5 12 1 6 11 1 6 13 1 7 12 1
R 442 42 63 6 9807 1 2 3 0 1 2 4 1 5 0 3 2 3 0 2 0 4 1 3 4 5 4 2 1 3 5 1 2 0 4 0 2 1 3 0 2 3 4 5 1 0 3 0 4 5 3 5 4 0 2 3 4 1 5 1 5 4 3 5 2 1 2 0 | 14 17  0 6 1 0 10 2 1 7 2 1 11 1 2 8 2 2 9 1 3 8 1 3 12 1 3 13 1 4 9 2 4 13 1 5 10 1 5 11 1 5 12 1 6 11 1 6 13 1 7 12 1
R 443 42 63 NOT6 B chi=7 | 14 17  0 6 1 0 10 2 1 7 2 1 11 1 2 8 1 2 9 1 2 11 1 3 8 2 3 12 1 4 9 2 4 13 1 5 10 1 5 12 1 5 13 1 6 12 1 6 13 1 7 11 1
R 444 42 63 NOT6 B chi=7 | 14 17  0 6 1 0 10 1 0 13 1 1 7 2 1 11 1 2 8 1 2 9 1 2 13 1 3 8 2 3 11 1 4 9 2 4 12 1 5 10 2 5 12 1 6 12 1 6 13 1 7 11 1
R 445 42 63 NOT6 B chi=7 | 14 17  0 6 1 0 10 2 1 7 2 1 11 1 2 8 1 2 9 1 2 13 1 3 8 2 3 11 1 4 9 2 4 12 1 5 10 1 5 12 1 5 13 1 6 12 1 6 13 1 7 11 1
R 446 42 63 NOT6 B chi=7 | 14 17  0 6 1 0 10 2 1 7 2 1 11 1 2 8 2 2 9 1 3 8 1 3 11 1 3 13 1 4 9 2 4 12 1 5 10 1 5 12 1 5 13 1 6 12 1 6 13 1 7 11 1
R 447 42 63 NOT6 B chi=7 | 14 17  0 6 1 0 10 2 1 7 2 1 11 1 2 8 1 2 9 2 3 8 2 3 11 1 4 9 1 4 12 1 4 13 1 5 10 1 5 12 1 5 13 1 6 12 1 6 13 1 7 11 1
R 448 42 63 6 2161 3 1 2 4 0 5 3 0 4 1 4 2 2 0 1 0 4 3 0 2 1 1 5 3 2 4 0 1 0 5 3 4 1 1 2 5 2 4 0 3 4 2 4 5 0 2 3 1 1 2 5 3 5 0 3 4 5 2 5 1 3 4 0 | 14 17  0 6 2 0 10 1 1 7 1 1 11 1 1 13 1 2 8 1 2 9 1 2 13 1 3 8 2 3 11 1 4 9 2 4 12 1 5 10 2 5 12 1 6 12 1 7 11 1 7 13 1
R 449 42 63 6 58 3 1 2 1 5 4 4 1 3 0 3 2 0 2 1 0 4 3 0 2 1 0 4 3 2 3 1 0 1 4 3 4 1 0 2 4 2 4 0 3 2 5 4 5 0 2 3 0 0 2 5 4 5 1 3 5 4 2 5 1 3 5 1 | 14 17  0 6 2 0 10 1 1 7 1 1 11 1 1 13 1 2 8 1 2 9 2 3 8 2 3 11 1 4 9 1 4 12 1 4 13 1 5 10 2 5 12 1 6 12 1 7 11 1 7 13 1
R 450 42 63 NOT6 B chi=7 | 14 17  0 6 2 0 10 1 1 7 2 1 11 1 2 8 1 2 9 2 3 8 1 3 11 1 3 13 1 4 9 1 4 12 1 4 13 1 5 10 2 5 12 1 6 12 1 7 11 1 8 13 1
R 451 42 63 NOT6 B chi=7 | 14 17  0 6 2 0 10 1 1 7 2 1 11 1 2 8 2 2 9 1 3 8 1 3 11 1 3 13 1 4 9 1 4 12 1 4 13 1 5 10 2 5 12 1 6 12 1 7 11 1 9 13 1
R 452 42 63 NOT6 B chi=7 | 14 17  0 6 1 0 10 1 0 13 1 1 7 2 1 11 1 2 8 1 2 9 1 2 13 1 3 8 2 3 12 1 4 9 2 4 12 1 5 10 2 5 11 1 6 12 1 6 13 1 7 11 1
R 453 42 63 NOT6 B chi=7 | 14 17  0 6 1 0 10 1 0 13 1 1 7 2 1 11 1 2 8 2 2 9 1 3 8 1 3 12 1 3 13 1 4 9 2 4 12 1 5 10 2 5 11 1 6 12 1 6 13 1 7 11 1
R 454 42 63 NOT6 B chi=7 | 14 17  0 6 1 0 10 2 1 7 2 1 11 1 2 8 1 2 9 1 2 13 1 3 8 2 3 12 1 4 9 2 4 12 1 5 10 1 5 11 1 5 13 1 6 12 1 6 13 1 7 11 1
R 455 42 63 NOT6 B chi=7 | 14 17  0 6 1 0 10 2 1 7 2 1 11 1 2 8 2 2 9 1 3 8 1 3 12 1 3 13 1 4 9 2 4 12 1 5 10 1 5 11 1 5 13 1 6 12 1 6 13 1 7 11 1
R 456 42 63 6 83 3 1 2 1 5 2 1 0 3 4 3 2 5 0 4 0 4 3 0 2 1 0 2 1 2 3 0 4 0 2 3 4 1 0 3 2 1 4 5 1 3 5 4 5 0 3 4 0 4 5 2 1 5 0 1 3 2 2 5 1 3 5 4 | 14 17  0 6 2 0 10 1 1 7 1 1 11 1 1 13 1 2 8 1 2 9 1 2 13 1 3 8 2 3 12 1 4 9 2 4 12 1 5 10 2 5 11 1 6 12 1 7 11 1 7 13 1
R 457 42 63 6 4812 3 1 2 1 5 2 4 2 5 1 0 3 0 3 4 0 4 3 0 2 1 0 2 1 0 5 2 4 3 1 3 4 1 0 3 2 2 4 0 1 3 5 4 5 0 3 4 0 1 3 0 4 5 2 2 5 1 2 5 1 3 5 4 | 14 17  0 6 2 0 10 1 1 7 1 1 11 1 1 13 1 2 8 2 2 9 1 3 8 1 3 12 1 3 13 1 4 9 2 4 12 1 5 10 2 5 11 1 6 12 1 7 11 1 7 13 1
R 458 42 63 NOT6 A+B chi=-1 | 14 17  0 6 2 0 10 1 1 7 2 1 11 1 2 8 1 2 9 2 3 8 1 3 12 1 3 13 1 4 9 1 4 12 1 4 13 1 5 10 2 5 11 1 6 12 1 7 11 1 8 13 1
R 459 42 63 NOT6 B chi=7 | 14 17  0 6 2 0 10 1 1 7 2 1 11 1 2 8 1 2 9 1 2 13 1 3 8 2 3 12 1 4 9 2 4 12 1 5 10 1 5 11 1 5 13 1 6 12 1 7 11 1 10 13 1
R 460 42 63 NOT6 B chi=7 | 14 17  0 6 1 0 10 2 1 7 2 1 11 1 2 8 1 2 9 1 2 13 1 3 8 2 3 12 1 4 9 2 4 13 1 5 10 1 5 11 1 5 12 1 6 12 1 6 13 1 7 11 1
R 461 42 63 NOT6 A+B chi=-1 | 14 16  0 6 2 0 12 1 1 7 2 1 12 1 2 8 1 2 9 2 3 8 1 3 10 2 4 9 1 4 11 1 4 13 1 5 10 1 5 11 2 6 12 1 7 13 1 8 13 1
R 462 42 63 6 13225 3 1 2 3 0 2 1 2 5 3 5 4 0 3 1 0 2 3 0 2 1 1 2 0 4 5 1 3 2 1 0 5 3 3 4 5 2 0 5 1 0 4 4 5 0 4 5 1 3 0 4 0 1 2 5 2 4 4 1 5 3 3 2 | 14 17  0 6 2 0 11 1 1 7 2 1 11 1 2 8 1 2 9 2 3 8 1 3 10 2 4 9 1 4 11 1 4 12 1 5 10 1 5 12 1 5 13 1 6 12 1 7 13 1 8 13 1
R 463 42 63 6 180 3 4 5 0 1 2 1 0 2 4 3 2 5 3 0 0 4 5 1 2 3 3 2 1 2 3 0 0 3 2 5 4 1 0 4 5 2 3 5 1 0 4 0 1 2 4 5 3 4 5 3 1 5 0 1 4 2 2 3 1 4 5 0 | 14 17  0 6 1 0 11 1 0 13 1 1 7 2 1 11 1 2 8 1 2 9 1 2 13 1 3 8 2 3 10 1 4 9 2 4 11 1 5 10 2 5 12 1 6 12 1 6 13 1 7 12 1
R 464 42 63 6 3072 3 1 2 4 0 2 2 0 4 0 5 1 3 0 1 4 3 5 0 2 1 1 2 0 4 5 3 1 0 2 5 3 2 3 4 5 0 1 5 2 1 4 4 5 0 3 5 1 1 3 5 2 4 3 4 5 2 0 1 2 3 4 0 | 14 17  0 6 2 0 11 1 1 7 2 1 11 1 2 8 1 2 9 1 2 13 1 3 8 1 3 10 1 3 13 1 4 9 2 4 11 1 5 10 2 5 12 1 6 12 1 7 12 1 8 13 1
R 465 42 63 6 2918 3 1 2 4 0 2 1 5 4 1 2 5 0 3 1 0 3 4 0 2 1 1 2 0 0 4 5 2 5 1 4 3 2 3 4 5 0 1 5 0 3 2 4 5 0 3 5 1 2 0 3 3 0 4 4 2 5 1 5 2 3 4 1 | 14 17  0 6 2 0 11 1 1 7 2 1 11 1 2 8 1 2 9 2 3 8 1 3 10 1 3 13 1 4 9 1 4 11 1 4 13 1 5 10 2 5 12 1 6 12 1 7 12 1 8 13 1
R 466 42 63 6 868 3 1 2 4 0 2 1 5 4 2 4 0 0 3 1 3 5 4 0 2 1 1 2 0 3 0 1 2 5 1 5 4 2 3 4 5 0 1 5 0 2 3 4 5 0 3 5 1 2 0 3 5 1 3 4 2 5 0 2 1 3 4 4 | 14 17  0 6 2 0 11 1 1 7 2 1 11 1 2 8 1 2 9 2 3 8 1 3 10 2 4 9 1 4 11 1 4 13 1 5 10 1 5 12 1 5 13 1 6 12 1 7 12 1 8 13 1
R 467 42 63 6 5440 3 1 2 4 0 2 5 1 3 2 4 0 0 3 1 3 5 4 0 2 1 1 2 0 0 3 1 2 5 1 5 4 2 3 4 5 0 1 5 0 4 2 4 5 0 3 5 1 2 4 0 5 1 3 4 2 5 0 2 1 3 4 3 | 14 17  0 6 2 0 11 1 1 7 2 1 11 1 2 8 2 2 9 1 3 8 1 3 10 2 4 9 1 4 11 1 4 13 1 5 10 1 5 12 1 5 13 1 6 12 1 7 12 1 9 13 1
R 468 42 63 NOT6 B chi=7 | 14 17  0 6 2 0 11 1 1 7 2 1 12 1 2 8 1 2 9 2 3 8 1 3 10 1 3 11 1 4 9 1 4 11 1 4 13 1 5 10 2 5 12 1 6 13 1 7 12 1 8 13 1
R 469 42 63 6 154 3 4 5 0 1 2 1 0 2 4 3 2 5 3 0 0 1 4 1 2 3 3 2 1 2 3 0 0 3 1 4 1 5 0 2 5 2 4 3 1 0 4 0 1 2 4 5 3 4 5 3 1 5 0 2 4 1 2 3 5 4 5 0 | 14 17  0 6 1 0 11 1 0 13 1 1 7 2 1 11 1 2 8 1 2 9 1 2 13 1 3 8 2 3 10 1 4 9 2 4 12 1 5 10 2 5 12 1 6 11 1 6 13 1 7 12 1
R 470 42 63 6 137 3 4 5 0 1 2 3 5 1 0 2 4 4 0 2 1 0 3 1 2 3 3 2 1 4 2 1 0 5 3 3 0 2 0 2 5 1 3 4 1 0 4 0 1 2 4 5 3 0 2 4 3 5 1 1 5 3 4 5 2 4 5 0 | 14 17  0 6 1 0 11 1 0 13 1 1 7 2 1 11 1 2 8 1 2 9 2 3 8 2 3 10 1 4 9 1 4 12 1 4 13 1 5 10 2 5 12 1 6 11 1 6 13 1 7 12 1
R 471 42 63 NOT6 A+B chi=-1 | 14 17  0 6 2 0 11 1 1 7 1 1 11 1 1 13 1 2 8 1 2 9 1 2 13 1 3 8 2 3 10 1 4 9 2 4 12 1 5 10 2 5 12 1 6 11 1 7 12 1 7 13 1
R 472 42 63 NOT6 A+B chi=-1 | 14 17  0 6 2 0 11 1 1 7 1 1 11 1 1 13 1 2 8 1 2 9 2 3 8 2 3 10 1 4 9 1 4 12 1 4 13 1 5 10 2 5 12 1 6 11 1 7 12 1 7 13 1
R 473 42 63 NOT6 A+B chi=-1 | 14 17  0 6 2 0 11 1 1 7 2 1 11 1 2 8 1 2 9 1 2 13 1 3 8 1 3 10 1 3 13 1 4 9 2 4 12 1 5 10 2 5 12 1 6 11 1 7 12 1 8 13 1
R 474 42 63 NOT6 A+B chi=-1 | 14 17  0 6 2 0 11 1 1 7 2 1 11 1 2 8 1 2 9 2 3 8 1 3 10 1 3 13 1 4 9 1 4 12 1 4 13 1 5 10 2 5 12 1 6 11 1 7 12 1 8 13 1
R 475 42 63 NOT6 A+B chi=-1 | 14 17  0 6 2 0 11 1 1 7 2 1 11 1 2 8 1 2 9 2 3 8 1 3 10 2 4 9 1 4 12 1 4 13 1 5 10 1 5 12 1 5 13 1 6 11 1 7 12 1 8 13 1
R 476 42 63 NOT6 A+B chi=-1 | 14 17  0 6 2 0 11 1 1 7 2 1 11 1 2 8 2 2 9 1 3 8 1 3 10 2 4 9 1 4 12 1 4 13 1 5 10 1 5 12 1 5 13 1 6 11 1 7 12 1 9 13 1
R 477 42 63 NOT6 B chi=7 | 14 17  0 6 1 0 11 1 0 13 1 1 7 2 1 12 1 2 8 1 2 9 1 2 13 1 3 8 2 3 10 1 4 9 2 4 11 1 5 10 2 5 12 1 6 11 1 6 13 1 7 12 1
R 478 42 63 NOT6 B chi=7 | 14 17  0 6 1 0 11 1 0 13 1 1 7 2 1 12 1 2 8 2 2 9 1 3 8 1 3 10 1 3 13 1 4 9 2 4 11 1 5 10 2 5 12 1 6 11 1 6 13 1 7 12 1
R 479 42 63 NOT6 B chi=7 | 14 17  0 6 1 0 11 1 0 13 1 1 7 2 1 12 1 2 8 2 2 9 1 3 8 1 3 10 2 4 9 2 4 11 1 5 10 1 5 12 1 5 13 1 6 11 1 6 13 1 7 12 1
R 480 42 63 NOT6 A+B chi=-1 | 14 17  0 6 2 0 11 1 1 7 2 1 12 1 2 8 1 2 9 1 2 13 1 3 8 1 3 10 1 3 13 1 4 9 2 4 11 1 5 10 2 5 12 1 6 11 1 7 12 1 8 13 1
R 481 42 63 NOT6 A+B chi=-1 | 14 17  0 6 2 0 11 1 1 7 2 1 12 1 2 8 1 2 9 2 3 8 1 3 10 1 3 13 1 4 9 1 4 11 1 4 13 1 5 10 2 5 12 1 6 11 1 7 12 1 8 13 1
R 482 42 63 NOT6 A+B chi=-1 | 14 17  0 6 2 0 11 1 1 7 2 1 12 1 2 8 1 2 9 2 3 8 1 3 10 2 4 9 1 4 11 1 4 13 1 5 10 1 5 12 1 5 13 1 6 11 1 7 12 1 8 13 1
R 483 42 63 NOT6 A+B chi=-1 | 14 17  0 6 2 0 11 1 1 7 2 1 12 1 2 8 2 2 9 1 3 8 1 3 10 2 4 9 1 4 11 1 4 13 1 5 10 1 5 12 1 5 13 1 6 11 1 7 12 1 9 13 1
R 484 42 63 6 159 3 1 2 2 0 4 2 4 3 1 0 3 1 0 2 3 0 5 0 2 1 1 4 0 3 1 4 5 4 2 3 4 5 0 1 5 0 2 3 1 2 3 4 5 0 3 5 1 5 0 1 2 4 5 3 5 4 2 4 1 3 2 0 | 14 18  0 6 2 0 10 1 1 7 2 1 10 1 2 8 1 2 9 2 3 8 1 3 12 1 3 13 1 4 9 1 4 12 1 4 13 1 5 10 1 5 11 1 5 12 1 6 11 1 7 11 1 8 13 1
R 485 42 63 6 2237 3 4 5 1 4 0 3 5 2 1 0 2 1 4 3 1 0 2 1 2 3 2 0 4 1 2 5 3 4 0 0 2 3 3 1 5 0 3 2 1 0 4 0 1 2 3 5 2 0 4 1 3 5 4 2 5 0 4 5 3 4 5 1 | 14 18  0 6 1 0 10 1 0 13 1 1 7 2 1 11 1 2 8 2 2 9 1 3 8 1 3 10 1 3 11 1 4 9 2 4 11 1 5 10 1 5 12 1 5 13 1 6 12 1 6 13 1 7 12 1
R 486 42 63 6 536 3 4 5 1 0 3 0 3 5 1 4 2 2 1 4 1 0 2 1 2 3 5 3 0 2 5 3 4 1 3 0 2 3 1 2 0 0 2 4 1 0 4 0 1 2 2 4 5 1 4 2 0 5 3 0 5 3 4 5 3 4 5 1 | 14 18  0 6 1 0 10 1 0 13 1 1 7 2 1 11 1 2 8 2 2 9 1 3 8 1 3 10 1 3 11 1 4 9 2 4 12 1 5 10 1 5 12 1 5 13 1 6 11 1 6 13 1 7 12 1
R 487 42 63 NOT6 B chi=7 | 14 18  0 6 1 0 10 1 0 11 1 1 7 2 1 11 1 2 8 2 2 9 1 3 8 1 3 10 1 3 13 1 4 9 2 4 12 1 5 10 1 5 12 1 5 13 1 6 12 1 6 13 1 7 11 1
R 488 42 63 NOT6 B chi=7 | 14 18  0 6 2 0 10 1 1 7 2 1 11 1 2 8 1 2 9 1 2 13 1 3 8 1 3 10 1 3 11 1 4 9 2 4 12 1 5 10 1 5 12 1 5 13 1 6 12 1 7 11 1 8 13 1
R 489 42 63 NOT6 B chi=7 | 14 18  0 6 2 0 10 1 1 7 2 1 11 1 2 8 1 2 9 2 3 8 1 3 10 1 3 11 1 4 9 1 4 12 1 4 13 1 5 10 1 5 12 1 5 13 1 6 12 1 7 11 1 8 13 1
R 490 42 63 NOT6 B chi=7 | 14 18  0 6 2 0 10 1 1 7 2 1 11 1 2 8 1 2 9 2 3 8 1 3 10 1 3 13 1 4 9 1 4 12 1 4 13 1 5 10 1 5 11 1 5 12 1 6 12 1 7 11 1 8 13 1
R 491 42 63 6 248 3 1 2 4 0 2 2 5 4 3 0 1 0 1 5 3 5 4 0 2 1 1 2 0 1 0 2 3 5 2 2 4 1 3 4 5 0 1 5 0 4 3 4 5 0 3 5 1 3 0 1 4 5 2 4 3 2 0 2 1 3 4 5 | 14 18  0 6 2 0 11 1 1 7 2 1 11 1 2 8 1 2 9 2 3 8 1 3 10 1 3 11 1 4 9 1 4 10 1 4 13 1 5 10 1 5 12 1 5 13 1 6 12 1 7 12 1 8 13 1
R 492 42 63 NOT6 B chi=7 | 14 18  0 6 2 0 11 1 1 7 2 1 12 1 2 8 1 2 9 2 3 8 1 3 10 1 3 11 1 4 9 1 4 10 1 4 13 1 5 10 1 5 11 1 5 13 1 6 12 1 7 12 1 8 13 1
R 493 42 63 NOT6 A+B chi=-1 | 14 18  0 6 2 0 11 1 1 7 2 1 12 1 2 8 1 2 9 2 3 8 1 3 10 1 3 11 1 4 9 1 4 10 1 4 13 1 5 10 1 5 12 1 5 13 1 6 11 1 7 12 1 8 13 1
R 494 42 63 NOT6 B chi=7 | 14 18  0 6 1 0 10 1 0 11 1 1 7 2 1 12 1 2 8 1 2 9 2 3 8 2 3 11 1 4 9 1 4 12 1 4 13 1 5 10 1 5 11 1 5 13 1 6 10 1 6 13 1 7 12 1
R 495 42 63 NOT6 B chi=7 | 14 18  0 6 1 0 10 1 0 11 1 1 7 2 1 11 1 2 8 2 2 9 1 3 8 1 3 12 1 3 13 1 4 9 2 4 12 1 5 10 1 5 12 1 5 13 1 6 10 1 6 13 1 7 11 1
R 496 42 63 NOT6 B chi=7 | 14 18  0 6 1 0 10 1 0 13 1 1 7 2 1 11 1 2 8 2 2 9 1 3 8 1 3 12 1 3 13 1 4 9 2 4 12 1 5 10 1 5 11 1 5 12 1 6 10 1 6 13 1 7 11 1
R 497 42 63 NOT6 A+B chi=-1 | 14 18  0 6 2 0 10 1 1 7 2 1 11 1 2 8 1 2 9 2 3 8 1 3 12 1 3 13 1 4 9 1 4 12 1 4 13 1 5 10 1 5 11 1 5 12 1 6 10 1 7 11 1 8 13 1
R 498 42 63 NOT6 B chi=7 | 14 18  0 6 2 0 10 1 1 7 2 1 12 1 2 8 1 2 9 2 3 8 1 3 11 1 3 13 1 4 9 1 4 11 1 4 13 1 5 10 1 5 11 1 5 13 1 6 12 1 7 12 1 8 10 1
R 499 42 63 NOT6 A+B chi=-1 | 14 18  0 6 2 0 10 1 1 7 2 1 11 1 2 8 1 2 9 1 2 13 1 3 8 1 3 11 1 3 13 1 4 9 2 4 12 1 5 11 1 5 12 1 5 13 1 6 10 1 7 12 1 8 10 1
R 500 42 63 6 1267 3 1 2 0 3 2 0 1 3 5 3 4 2 0 3 1 4 5 0 2 1 1 2 4 4 3 2 5 4 3 3 4 5 1 0 5 1 5 2 2 0 1 4 5 0 5 1 4 5 2 4 0 1 2 1 4 5 0 2 3 3 0 3 | 14 18  0 6 2 0 10 1 1 7 1 1 10 1 1 11 1 2 8 1 2 10 1 2 13 1 3 8 2 3 11 1 4 9 1 4 12 1 4 13 1 5 9 2 5 12 1 6 11 1 7 12 1 7 13 1
R 501 42 63 6 1017 3 1 2 0 3 2 3 0 1 2 4 0 0 5 3 1 3 4 0 2 1 2 4 1 2 1 0 4 3 2 3 4 5 1 0 5 5 4 0 1 3 2 4 5 0 5 1 4 4 5 2 3 1 5 1 2 4 0 5 2 3 3 0 | 14 18  0 6 2 0 10 1 1 7 1 1 10 1 1 11 1 2 8 2 2 10 1 3 8 1 3 12 1 3 13 1 4 9 1 4 11 1 4 13 1 5 9 2 5 12 1 6 11 1 7 12 1 7 13 1
R 502 42 63 6 1601 3 1 2 0 3 2 3 0 1 2 4 0 4 0 3 1 5 3 0 2 1 4 2 1 2 1 0 2 3 0 3 4 5 1 0 5 4 5 2 1 3 4 4 5 0 5 1 4 4 5 2 3 1 5 1 5 2 4 0 2 3 3 0 | 14 18  0 6 2 0 10 1 1 7 1 1 10 1 1 11 1 2 8 2 2 10 1 3 8 1 3 12 1 3 13 1 4 9 2 4 11 1 5 9 1 5 12 1 5 13 1 6 11 1 7 12 1 7 13 1
R 503 42 63 6 908 3 1 2 2 0 4 0 5 3 1 3 2 5 0 4 1 2 3 0 2 1 1 4 0 2 3 0 3 2 4 3 4 5 0 1 5 3 0 1 1 4 2 4 5 0 3 5 1 1 2 4 4 5 0 1 2 3 0 5 4 3 2 5 | 14 18  0 6 2 0 10 1 1 7 2 1 10 1 2 8 1 2 10 1 2 11 1 3 8 1 3 12 1 3 13 1 4 9 1 4 12 1 4 13 1 5 9 2 5 12 1 6 11 1 7 11 1 8 13 1
R 504 42 63 6 119 3 4 5 1 0 2 1 5 2 3 0 4 3 0 1 4 1 5 1 2 3 3 2 0 4 0 5 5 1 2 0 2 3 1 0 4 0 3 5 3 1 4 0 1 2 4 5 3 3 4 0 1 2 5 4 5 2 0 3 2 4 5 1 | 14 18  0 6 1 0 10 1 0 11 1 1 7 2 1 11 1 2 8 1 2 10 1 2 13 1 3 8 2 3 10 1 4 9 1 4 11 1 4 13 1 5 9 2 5 12 1 6 12 1 6 13 1 7 12 1
R 505 42 63 6 119 3 4 5 1 0 3 1 5 2 3 0 4 5 2 1 4 0 1 1 2 3 5 3 0 4 0 5 0 1 2 0 2 3 1 3 4 0 2 5 3 1 4 0 1 2 2 4 5 3 4 0 1 2 5 3 4 0 5 3 2 4 5 1 | 14 18  0 6 1 0 10 1 0 11 1 1 7 2 1 11 1 2 8 1 2 10 1 2 13 1 3 8 2 3 10 1 4 9 2 4 11 1 5 9 1 5 12 1 5 13 1 6 12 1 6 13 1 7 12 1
R 506 42 63 NOT6 B chi=7 | 14 18  0 6 1 0 10 1 0 11 1 1 7 2 1 12 1 2 8 1 2 10 1 2 13 1 3 8 2 3 10 1 4 9 1 4 11 1 4 13 1 5 9 2 5 11 1 6 12 1 6 13 1 7 12 1
R 507 42 63 6 1573 3 4 5 2 4 0 0 2 1 3 1 4 1 0 2 4 3 2 1 2 3 1 0 4 4 1 5 2 3 0 2 0 3 3 2 0 4 3 1 1 0 4 0 1 2 3 5 1 3 4 5 0 2 5 4 5 3 1 5 0 4 5 2 | 14 18  0 6 1 0 10 1 0 13 1 1 7 2 1 11 1 2 8 1 2 10 1 2 11 1 3 8 2 3 10 1 4 9 1 4 12 1 4 13 1 5 9 2 5 12 1 6 11 1 6 13 1 7 12 1
R 508 42 63 6 66243 3 1 2 3 0 4 2 3 0 4 0 1 5 0 1 2 3 4 0 2 1 2 4 3 1 0 2 4 3 1 3 4 5 1 0 4 2 4 0 3 1 2 4 5 0 1 2 5 4 1 5 3 5 2 2 3 4 0 5 1 3 5 0 | 14 18  0 6 2 0 10 1 1 7 1 1 11 1 1 13 1 2 8 1 2 10 1 2 11 1 3 8 2 3 10 1 4 9 1 4 12 1 4 13 1 5 9 2 5 12 1 6 11 1 7 12 1 7 13 1
R 509 42 63 NOT6 B chi=7 | 14 18  0 6 1 0 10 1 0 11 1 1 7 2 1 11 1 2 8 1 2 10 1 2 13 1 3 8 2 3 10 1 4 9 1 4 12 1 4 13 1 5 9 2 5 12 1 6 12 1 6 13 1 7 11 1
R 510 42 63 NOT6 B chi=7 | 14 18  0 6 1 0 10 1 0 13 1 1 7 2 1 11 1 2 8 1 2 10 1 2 11 1 3 8 2 3 10 1 4 9 1 4 12 1 4 13 1 5 9 2 5 12 1 6 12 1 6 13 1 7 11 1
R 511 42 63 6 619 3 1 2 1 5 3 0 4 2 5 1 3 3 0 1 4 5 2 0 2 1 3 2 4 3 1 2 2 5 1 3 4 5 0 2 1 0 5 4 4 0 3 4 5 0 0 4 2 5 1 3 0 4 2 4 2 5 0 3 1 3 5 1 | 14 18  0 6 2 0 10 1 1 7 1 1 11 1 1 13 1 2 8 1 2 10 1 2 11 1 3 8 2 3 10 1 4 9 1 4 12 1 4 13 1 5 9 2 5 12 1 6 12 1 7 11 1 7 13 1
R 512 42 63 NOT6 B chi=7 | 14 18  0 6 2 0 10 1 1 7 2 1 11 1 2 8 1 2 10 1 2 11 1 3 8 1 3 10 1 3 13 1 4 9 1 4 12 1 4 13 1 5 9 2 5 12 1 6 12 1 7 11 1 8 13 1
R 513 42 63 6 14745 3 4 5 2 1 4 1 5 2 3 2 0 4 0 1 3 2 5 1 2 3 5 4 1 0 2 4 5 2 1 0 2 3 0 1 3 0 3 5 3 1 4 0 1 2 0 3 5 3 4 0 1 5 4 3 5 2 0 4 1 4 5 2 | 14 18  0 6 1 0 10 1 0 11 1 1 7 2 1 11 1 2 8 1 2 10 1 2 13 1 3 8 2 3 11 1 4 9 1 4 10 1 4 13 1 5 9 2 5 12 1 6 12 1 6 13 1 7 12 1
R 514 42 63 6 100 3 4 5 1 0 2 0 1 2 3 4 1 1 2 0 3 4 5 1 2 3 3 2 0 4 2 1 5 4 2 0 2 3 1 0 4 0 3 5 3 0 1 0 1 2 4 5 3 3 5 4 0 5 2 3 5 4 0 1 2 4 5 1 | 14 18  0 6 1 0 10 1 0 11 1 1 7 2 1 11 1 2 8 2 2 10 1 3 8 1 3 11 1 3 13 1 4 9 1 4 10 1 4 13 1 5 9 2 5 12 1 6 12 1 6 13 1 7 12 1
R 515 42 63 6 76 3 4 5 5 2 1 1 5 2 3 0 2 3 0 1 4 5 0 1 2 3 0 1 2 2 0 5 5 1 0 0 2 3 3 1 4 2 3 0 3 1 4 0 1 2 3 4 0 3 4 0 1 4 5 2 4 5 3 1 2 4 5 5 | 14 18  0 6 1 0 10 1 0 11 1 1 7 2 1 11 1 2 8 1 2 10 1 2 13 1 3 8 2 3 11 1 4 9 2 4 10 1 5 9 1 5 12 1 5 13 1 6 12 1 6 13 1 7 12 1
R 516 42 63 6 159 3 4 5 1 0 2 0 1 2 3 4 1 3 0 4 1 2 5 1 2 3 3 2 0 4 2 1 5 4 0 0 2 3 1 0 4 2 3 5 3 0 1 0 1 2 4 5 3 3 5 4 0 5 2 1 2 5 3 0 4 4 5 1 | 14 18  0 6 1 0 10 1 0 11 1 1 7 2 1 11 1 2 8 2 2 10 1 3 8 1 3 11 1 3 13 1 4 9 2 4 10 1 5 9 1 5 12 1 5 13 1 6 12 1 6 13 1 7 12 1
R 517 42 63 6 273 3 4 5 5 1 0 0 2 1 4 3 5 5 2 1 4 0 2 1 2 3 2 0 1 5 3 1 0 1 2 2 4 3 5 4 0 0 3 2 1 0 4 0 1 2 3 4 2 4 5 3 0 2 1 3 4 0 5 1 3 4 5 5 | 14 18  0 6 1 0 10 1 0 13 1 1 7 2 1 11 1 2 8 1 2 10 1 2 11 1 3 8 2 3 11 1 4 9 2 4 10 1 5 9 1 5 12 1 5 13 1 6 12 1 6 13 1 7 12 1
R 518 42 63 6 898 3 1 2 0 3 4 0 3 2 4 2 1 0 3 1 4 2 5 0 2 1 4 1 0 1 2 0 5 2 0 3 4 5 1 3 4 4 1 5 0 2 4 4 5 0 5 2 1 4 1 5 3 5 0 4 2 5 1 3 0 3 2 3 | 14 18  0 6 2 0 10 1 1 7 1 1 11 1 1 13 1 2 8 1 2 10 1 2 11 1 3 8 2 3 11 1 4 9 1 4 10 1 4 13 1 5 9 2 5 12 1 6 12 1 7 12 1 7 13 1
R 519 42 63 6 121 3 1 2 2 4 3 0 3 2 0 1 5 3 0 1 2 4 0 0 2 1 0 3 4 5 1 3 2 1 0 3 4 5 1 2 4 4 1 0 3 2 5 4 5 0 1 5 0 4 1 5 2 3 4 4 5 2 3 5 1 3 2 0 | 14 18  0 6 2 0 10 1 1 7 2 1 11 1 2 8 1 2 10 1 2 11 1 3 8 1 3 11 1 3 13 1 4 9 2 4 10 1 5 9 1 5 12 1 5 13 1 6 12 1 7 12 1 8 13 1
R 520 42 63 6 3405 3 4 5 3 0 5 4 3 2 1 0 2 0 4 1 5 2 3 1 2 3 1 5 0 0 2 3 3 2 0 4 2 5 4 3 0 5 1 2 1 0 4 0 1 2 2 4 1 1 5 0 4 5 3 5 3 2 1 4 0 4 5 3 | 14 18  0 6 1 0 10 1 0 13 1 1 7 2 1 11 1 2 8 2 2 10 1 3 8 1 3 11 1 3 13 1 4 9 1 4 10 1 4 11 1 5 9 2 5 12 1 6 12 1 6 13 1 7 12 1
R 521 42 63 NOT6 B chi=7 | 14 18  0 6 1 0 10 1 0 11 1 1 7 2 1 12 1 2 8 2 2 10 1 3 8 1 3 11 1 3 13 1 4 9 1 4 10 1 4 13 1 5 9 2 5 11 1 6 12 1 6 13 1 7 12 1
R 522 42 63 6 4030 3 4 5 2 4 5 0 4 1 5 2 3 4 3 2 1 0 2 1 2 3 1 5 4 3 2 4 0 2 3 2 4 5 3 0 5 0 1 3 1 0 4 0 1 2 0 3 1 5 3 2 0 1 4 1 5 0 4 5 3 4 5 2 | 14 18  0 6 1 0 10 1 0 13 1 1 7 2 1 11 1 2 8 1 2 10 1 2 11 1 3 8 2 3 12 1 4 9 2 4 10 1 5 9 1 5 12 1 5 13 1 6 11 1 6 13 1 7 12 1
R 523 42 63 6 3157 3 1 2 3 0 4 0 3 2 5 4 2 0 4 1 5 1 3 0 2 1 2 5 3 2 4 3 3 1 2 3 4 5 1 0 5 5 1 4 2 1 0 4 5 0 1 2 5 5 1 4 0 1 3 5 2 3 0 4 2 3 0 4 | 14 18  0 6 2 0 10 1 1 7 1 1 11 1 1 13 1 2 8 1 2 10 1 2 11 1 3 8 2 3 12 1 4 9 1 4 10 1 4 13 1 5 9 2 5 12 1 6 11 1 7 12 1 7 13 1
R 524 42 63 6 69 3 1 2 0 3 4 0 3 2 0 5 1 3 0 1 2 4 0 0 2 1 2 4 3 4 1 3 2 1 0 3 4 5 1 0 5 3 2 1 2 4 5 4 5 0 1 5 2 5 1 4 2 4 3 4 5 2 3 5 1 3 0 0 | 14 18  0 6 2 0 10 1 1 7 2 1 11 1 2 8 1 2 10 1 2 11 1 3 8 1 3 12 1 3 13 1 4 9 2 4 10 1 5 9 1 5 12 1 5 13 1 6 11 1 7 12 1 8 13 1
R 525 42 63 6 11208 4 1 2 1 5 4 0 2 4 3 4 5 3 0 1 2 4 0 0 2 1 2 3 1 5 4 2 2 1 0 3 4 5 1 0 3 3 0 4 1 0 2 3 5 0 0 2 3 3 1 5 0 1 2 4 5 2 3 1 5 4 5 4 | 14 18  0 6 2 0 10 1 1 7 1 1 12 1 1 13 1 2 8 1 2 10 1 2 11 1 3 8 2 3 11 1 4 9 2 4 10 1 5 9 1 5 12 1 5 13 1 6 11 1 7 12 1 7 13 1
R 526 42 63 NOT6 B chi=7 | 14 18  0 6 2 0 10 1 1 7 2 1 12 1 2 8 1 2 10 1 2 11 1 3 8 1 3 11 1 3 13 1 4 9 2 4 10 1 5 9 1 5 12 1 5 13 1 6 11 1 7 12 1 8 13 1
R 527 42 63 NOT6 B chi=7 | 14 18  0 6 2 0 10 1 1 7 2 1 12 1 2 8 1 2 10 1 2 13 1 3 8 2 3 11 1 4 9 1 4 10 1 4 11 1 5 9 1 5 12 1 5 13 1 6 11 1 7 12 1 9 13 1
R 528 42 63 NOT6 B chi=7 | 14 18  0 6 1 0 10 1 0 11 1 1 7 2 1 11 1 2 8 1 2 10 1 2 13 1 3 8 2 3 12 1 4 9 1 4 10 1 4 13 1 5 9 2 5 12 1 6 12 1 6 13 1 7 11 1
R 529 42 63 NOT6 B chi=7 | 14 18  0 6 1 0 10 1 0 11 1 1 7 2 1 11 1 2 8 2 2 10 1 3 8 1 3 12 1 3 13 1 4 9 1 4 10 1 4 13 1 5 9 2 5 12 1 6 12 1 6 13 1 7 11 1
R 530 42 63 NOT6 B chi=7 | 14 18  0 6 1 0 10 1 0 11 1 1 7 2 1 11 1 2 8 2 2 10 1 3 8 1 3 12 1 3 13 1 4 9 2 4 10 1 5 9 1 5 12 1 5 13 1 6 12 1 6 13 1 7 11 1
R 531 42 63 6 3655 3 1 2 5 4 1 0 3 2 4 5 1 0 3 1 5 2 4 0 2 1 3 2 5 1 5 2 4 2 1 3 4 5 0 2 1 0 4 5 5 3 0 4 5 0 0 3 2 4 1 5 0 3 2 5 2 4 0 3 1 3 4 1 | 14 18  0 6 2 0 10 1 1 7 1 1 11 1 1 13 1 2 8 1 2 10 1 2 11 1 3 8 2 3 12 1 4 9 1 4 10 1 4 13 1 5 9 2 5 12 1 6 12 1 7 11 1 7 13 1
R 532 42 63 6 484 3 1 2 4 5 1 0 3 2 4 1 5 3 0 1 2 4 0 0 2 1 3 0 5 5 1 2 2 1 0 3 4 5 0 2 1 4 0 5 2 4 3 4 5 0 2 3 0 4 1 5 0 3 2 4 5 2 3 1 5 3 4 1 | 14 18  0 6 2 0 10 1 1 7 1 1 11 1 1 13 1 2 8 1 2 10 1 2 11 1 3 8 2 3 12 1 4 9 2 4 10 1 5 9 1 5 12 1 5 13 1 6 12 1 7 11 1 7 13 1
R 533 42 63 NOT6 B chi=7 | 14 18  0 6 2 0 10 1 1 7 2 1 11 1 2 8 1 2 10 1 2 11 1 3 8 1 3 12 1 3 13 1 4 9 1 4 10 1 4 13 1 5 9 2 5 12 1 6 12 1 7 11 1 8 13 1
R 534 42 63 NOT6 B chi=7 | 14 18  0 6 2 0 10 1 1 7 2 1 11 1 2 8 1 2 10 1 2 11 1 3 8 1 3 12 1 3 13 1 4 9 2 4 10 1 5 9 1 5 12 1 5 13 1 6 12 1 7 11 1 8 13 1
R 535 42 63 6 91 3 4 5 3 4 0 3 1 2 5 0 4 1 0 2 4 3 2 1 2 3 5 0 4 4 0 2 2 3 0 1 4 3 2 0 3 5 1 2 1 0 4 0 1 2 1 2 5 5 0 4 1 3 2 4 5 3 1 5 0 4 5 3 | 14 18  0 6 1 0 11 1 0 13 1 1 7 2 1 11 1 2 8 1 2 10 1 2 11 1 3 8 2 3 10 1 4 9 1 4 10 1 4 13 1 5 9 2 5 12 1 6 12 1 6 13 1 7 12 1
R 536 42 63 6 838 3 1 2 4 0 2 3 0 1 2 0 5 1 4 5 3 0 4 0 2 1 1 2 0 1 2 5 2 5 4 4 0 3 3 4 5 0 1 5 2 3 1 4 5 0 3 5 1 4 5 2 3 1 4 0 3 2 1 2 5 3 4 0 | 14 18  0 6 2 0 11 1 1 7 2 1 11 1 2 8 1 2 10 1 2 11 1 3 8 1 3 10 1 3 13 1 4 9 2 4 10 1 5 9 1 5 12 1 5 13 1 6 12 1 7 12 1 8 13 1
R 537 42 63 6 1021 3 1 2 4 0 2 2 0 4 0 1 5 1 0 3 4 3 5 0 2 1 1 2 0 4 3 5 5 3 2 1 0 2 3 4 5 0 1 5 2 1 4 4 5 0 3 5 1 1 3 5 2 4 3 4 5 2 0 1 2 3 4 0 | 14 18  0 6 2 0 11 1 1 7 2 1 11 1 2 8 1 2 10 1 2 13 1 3 8 1 3 10 1 3 13 1 4 9 1 4 10 1 4 11 1 5 9 2 5 12 1 6 12 1 7 12 1 8 13 1
R 538 42 63 NOT6 B chi=7 | 14 18  0 6 1 0 11 1 0 13 1 1 7 2 1 12 1 2 8 1 2 10 1 2 11 1 3 8 2 3 10 1 4 9 1 4 10 1 4 13 1 5 9 2 5 11 1 6 12 1 6 13 1 7 12 1
R 539 42 63 6 3542 3 1 2 3 4 5 3 0 2 4 5 1 4 2 5 0 3 1 0 2 1 0 5 2 1 5 2 3 5 2 0 1 4 3 4 5 0 1 5 2 1 4 4 5 0 1 2 0 4 5 1 0 3 2 0 1 3 4 2 5 3 4 3 | 14 18  0 6 2 0 11 1 1 7 1 1 12 1 1 13 1 2 8 1 2 10 1 2 11 1 3 8 2 3 10 1 4 9 2 4 10 1 5 9 1 5 11 1 5 13 1 6 12 1 7 12 1 7 13 1
R 540 42 63 NOT6 B chi=7 | 14 18  0 6 1 0 11 1 0 13 1 1 7 2 1 12 1 2 8 1 2 10 1 2 13 1 3 8 2 3 10 1 4 9 1 4 10 1 4 11 1 5 9 2 5 11 1 6 12 1 6 13 1 7 12 1
R 541 42 63 NOT6 B chi=7 | 14 18  0 6 2 0 11 1 1 7 2 1 12 1 2 8 1 2 10 1 2 13 1 3 8 1 3 10 1 3 13 1 4 9 1 4 10 1 4 11 1 5 9 2 5 11 1 6 12 1 7 12 1 8 13 1
R 542 42 63 NOT6 B chi=7 | 14 18  0 6 1 0 11 1 0 13 1 1 7 2 1 12 1 2 8 1 2 10 1 2 11 1 3 8 2 3 10 1 4 9 1 4 10 1 4 13 1 5 9 2 5 12 1 6 11 1 6 13 1 7 12 1
R 543 42 63 NOT6 B chi=7 | 14 18  0 6 1 0 11 1 0 13 1 1 7 2 1 12 1 2 8 1 2 10 1 2 11 1 3 8 2 3 10 1 4 9 2 4 10 1 5 9 1 5 12 1 5 13 1 6 11 1 6 13 1 7 12 1
R 544 42 63 NOT6 A+B chi=-1 | 14 18  0 6 2 0 11 1 1 7 1 1 12 1 1 13 1 2 8 1 2 10 1 2 11 1 3 8 2 3 10 1 4 9 1 4 10 1 4 13 1 5 9 2 5 12 1 6 11 1 7 12 1 7 13 1
R 545 42 63 NOT6 A+B chi=-1 | 14 18  0 6 2 0 11 1 1 7 1 1 12 1 1 13 1 2 8 1 2 10 1 2 11 1 3 8 2 3 10 1 4 9 2 4 10 1 5 9 1 5 12 1 5 13 1 6 11 1 7 12 1 7 13 1
R 546 42 63 NOT6 A+B chi=-1 | 14 18  0 6 2 0 11 1 1 7 2 1 12 1 2 8 1 2 10 1 2 11 1 3 8 1 3 10 1 3 13 1 4 9 2 4 10 1 5 9 1 5 12 1 5 13 1 6 11 1 7 12 1 8 13 1
R 547 42 63 NOT6 A+B chi=-1 | 14 18  0 6 2 0 11 1 1 7 1 1 12 1 1 13 1 2 8 1 2 10 1 2 13 1 3 8 2 3 10 1 4 9 1 4 10 1 4 11 1 5 9 2 5 12 1 6 11 1 7 12 1 7 13 1
R 548 42 63 NOT6 A+B chi=-1 | 14 18  0 6 2 0 11 1 1 7 2 1 12 1 2 8 1 2 10 1 2 13 1 3 8 1 3 10 1 3 13 1 4 9 1 4 10 1 4 11 1 5 9 2 5 12 1 6 11 1 7 12 1 8 13 1
R 549 42 63 6 1763 3 4 5 0 1 2 1 5 2 3 0 2 3 1 0 4 0 5 1 2 3 3 2 1 2 0 5 5 0 2 0 2 5 0 1 3 1 4 3 3 1 4 0 1 2 4 5 3 3 4 0 1 4 5 4 5 2 1 3 2 4 5 0 | 14 18  0 6 1 0 10 1 0 11 1 1 7 2 1 10 1 2 8 1 2 11 1 2 13 1 3 8 2 3 11 1 4 9 1 4 12 1 4 13 1 5 9 2 5 12 1 6 10 1 6 13 1 7 12 1
R 550 42 63 6 128 3 4 5 0 1 2 1 5 2 3 2 0 4 1 0 3 5 0 1 2 3 3 2 1 0 2 1 0 5 2 0 2 5 0 1 3 3 5 4 3 1 4 0 1 2 4 5 3 3 4 0 4 5 1 3 5 2 1 4 2 4 5 0 | 14 18  0 6 1 0 10 1 0 11 1 1 7 2 1 10 1 2 8 1 2 11 1 2 13 1 3 8 2 3 12 1 4 9 1 4 11 1 4 13 1 5 9 2 5 12 1 6 10 1 6 13 1 7 12 1
R 551 42 63 6 158 3 4 5 0 1 2 0 1 2 3 4 1 3 0 4 5 2 0 1 2 3 3 2 1 4 2 1 5 4 0 0 2 5 0 1 3 2 4 3 3 0 1 0 1 2 4 5 3 3 5 4 0 5 2 1 2 5 3 1 4 4 5 0 | 14 18  0 6 1 0 10 1 0 11 1 1 7 2 1 10 1 2 8 2 2 11 1 3 8 1 3 12 1 3 13 1 4 9 2 4 11 1 5 9 1 5 12 1 5 13 1 6 10 1 6 13 1 7 12 1
R 552 42 63 6 2985 3 4 5 0 1 2 0 1 2 3 5 2 1 0 4 3 4 5 1 2 3 3 2 1 2 5 4 5 4 2 0 2 5 1 3 4 0 1 3 3 0 1 0 1 2 4 5 3 3 5 4 0 1 4 3 5 2 0 1 2 4 5 0 | 14 18  0 6 1 0 10 1 0 11 1 1 7 2 1 10 1 2 8 1 2 11 1 2 13 1 3 8 2 3 12 1 4 9 1 4 12 1 4 13 1 5 9 2 5 12 1 6 10 1 6 13 1 7 11 1
R 553 42 63 6 1865 3 4 5 0 1 2 1 0 2 3 4 5 1 2 0 4 0 5 1 2 3 3 2 1 5 2 0 5 0 3 0 2 5 1 3 4 2 1 4 1 0 4 0 1 2 4 5 3 3 4 5 1 0 2 4 5 3 1 2 3 4 5 0 | 14 18  0 6 1 0 10 1 0 11 1 1 7 2 1 10 1 2 8 2 2 11 1 3 8 1 3 12 1 3 13 1 4 9 1 4 12 1 4 13 1 5 9 2 5 12 1 6 10 1 6 13 1 7 11 1
R 554 42 63 6 2636 3 4 5 1 2 3 1 4 2 5 2 0 3 0 1 4 1 5 1 2 3 5 3 2 0 2 1 5 1 3 0 2 5 0 3 4 2 0 4 3 1 4 0 1 2 0 4 5 5 3 0 3 4 1 4 5 2 0 2 3 4 5 1 | 14 18  0 6 1 0 10 1 0 11 1 1 7 2 1 11 1 2 8 1 2 10 1 2 13 1 3 8 2 3 11 1 4 9 1 4 12 1 4 13 1 5 9 2 5 12 1 6 10 1 6 13 1 7 12 1
R 555 42 63 6 124 3 4 5 1 0 2 0 1 2 3 4 1 1 0 2 5 3 4 1 2 3 3 2 0 3 2 1 4 3 2 0 2 5 1 0 4 0 4 5 3 0 1 0 1 2 4 5 3 4 5 3 0 5 2 5 3 4 0 1 2 4 5 1 | 14 18  0 6 1 0 10 1 0 11 1 1 7 2 1 11 1 2 8 2 2 10 1 3 8 1 3 11 1 3 13 1 4 9 1 4 12 1 4 13 1 5 9 2 5 12 1 6 10 1 6 13 1 7 12 1
R 556 42 63 6 122 3 4 5 1 0 2 1 4 2 5 3 0 3 0 1 4 1 2 1 2 3 3 2 0 0 3 2 2 1 0 0 2 5 1 0 4 4 5 3 3 1 4 0 1 2 4 5 3 5 3 0 1 4 2 4 5 2 3 5 0 4 5 1 | 14 18  0 6 1 0 10 1 0 11 1 1 7 2 1 11 1 2 8 1 2 10 1 2 13 1 3 8 2 3 12 1 4 9 1 4 11 1 4 13 1 5 9 2 5 12 1 6 10 1 6 13 1 7 12 1
R 557 42 63 6 124 3 4 5 1 0 2 0 1 2 3 4 1 1 0 2 3 4 5 1 2 3 4 2 0 3 2 1 5 4 2 0 2 5 1 0 3 0 4 3 3 0 1 0 1 2 3 5 4 4 5 3 0 5 2 3 5 4 0 1 2 4 5 1 | 14 18  0 6 1 0 10 1 0 11 1 1 7 2 1 11 1 2 8 2 2 10 1 3 8 1 3 12 1 3 13 1 4 9 1 4 11 1 4 13 1 5 9 2 5 12 1 6 10 1 6 13 1 7 12 1
R 558 42 63 6 15444 3 4 5 2 5 3 1 4 2 5 2 0 4 1 2 3 0 1 1 2 3 0 3 5 0 2 3 5 2 1 0 2 5 1 3 4 4 1 0 3 1 4 0 1 2 1 4 0 5 3 0 1 4 3 0 3 5 4 5 2 4 5 2 | 14 18  0 6 1 0 10 1 0 11 1 1 7 2 1 11 1 2 8 1 2 10 1 2 13 1 3 8 2 3 12 1 4 9 2 4 11 1 5 9 1 5 12 1 5 13 1 6 10 1 6 13 1 7 12 1
R 559 42 63 6 100 3 4 5 3 1 0 0 1 2 3 4 1 5 2 4 3 0 2 1 2 3 4 0 1 3 2 1 1 4 2 0 2 5 3 0 5 0 2 4 3 0 1 0 1 2 2 5 4 4 5 3 0 5 2 0 3 1 5 1 4 4 5 3 | 14 18  0 6 1 0 10 1 0 11 1 1 7 2 1 11 1 2 8 2 2 10 1 3 8 1 3 12 1 3 13 1 4 9 2 4 11 1 5 9 1 5 12 1 5 13 1 6 10 1 6 13 1 7 12 1
R 560 42 63 NOT6 B chi=7 | 14 18  0 6 1 0 10 1 0 11 1 1 7 2 1 12 1 2 8 1 2 10 1 2 13 1 3 8 2 3 11 1 4 9 1 4 11 1 4 13 1 5 9 2 5 12 1 6 10 1 6 13 1 7 12 1
R 561 42 63 NOT6 B chi=7 | 14 18  0 6 1 0 10 1 0 11 1 1 7 2 1 12 1 2 8 2 2 10 1 3 8 1 3 11 1 3 13 1 4 9 1 4 11 1 4 13 1 5 9 2 5 12 1 6 10 1 6 13 1 7 12 1
R 562 42 63 NOT6 B chi=7 | 14 18  0 6 1 0 10 1 0 11 1 1 7 2 1 12 1 2 8 1 2 10 1 2 13 1 3 8 2 3 11 1 4 9 2 4 11 1 5 9 1 5 12 1 5 13 1 6 10 1 6 13 1 7 12 1
R 563 42 63 NOT6 B chi=7 | 14 18  0 6 1 0 10 1 0 11 1 1 7 2 1 12 1 2 8 2 2 10 1 3 8 1 3 11 1 3 13 1 4 9 2 4 11 1 5 9 1 5 12 1 5 13 1 6 10 1 6 13 1 7 12 1
R 564 42 63 NOT6 B chi=7 | 14 18  0 6 1 0 10 1 0 11 1 1 7 2 1 12 1 2 8 1 2 10 1 2 13 1 3 8 2 3 12 1 4 9 1 4 11 1 4 13 1 5 9 2 5 11 1 6 10 1 6 13 1 7 12 1
R 565 42 63 NOT6 B chi=7 | 14 18  0 6 1 0 10 1 0 11 1 1 7 2 1 12 1 2 8 2 2 10 1 3 8 1 3 12 1 3 13 1 4 9 1 4 11 1 4 13 1 5 9 2 5 11 1 6 10 1 6 13 1 7 12 1
R 566 42 63 NOT6 B chi=7 | 14 18  0 6 1 0 10 1 0 11 1 1 7 2 1 11 1 2 8 1 2 10 1 2 13 1 3 8 2 3 12 1 4 9 1 4 12 1 4 13 1 5 9 2 5 12 1 6 10 1 6 13 1 7 11 1
R 567 42 63 NOT6 B chi=7 | 14 18  0 6 1 0 10 1 0 11 1 1 7 2 1 11 1 2 8 2 2 10 1 3 8 1 3 12 1 3 13 1 4 9 1 4 12 1 4 13 1 5 9 2 5 12 1 6 10 1 6 13 1 7 11 1
R 568 42 63 NOT6 A+B chi=-1 | 14 18  0 6 2 0 10 1 1 7 2 1 11 1 2 8 1 2 10 1 2 11 1 3 8 1 3 12 1 3 13 1 4 9 1 4 12 1 4 13 1 5 9 2 5 12 1 6 10 1 7 11 1 8 13 1
R 569 42 63 6 2770 3 1 2 4 0 2 1 5 0 4 2 3 1 2 5 3 0 4 0 2 1 1 2 0 3 0 1 4 5 2 3 4 5 5 3 0 0 1 5 4 2 1 4 5 0 3 5 1 4 2 3 5 1 0 0 3 4 1 2 5 3 4 2 | 14 18  0 6 2 0 10 1 1 7 2 1 10 1 2 8 1 2 11 1 2 13 1 3 8 1 3 11 1 3 13 1 4 9 2 4 11 1 5 9 1 5 12 1 5 13 1 6 12 1 7 12 1 8 10 1
R 570 42 63 6 31164 3 1 2 4 0 2 0 2 5 3 1 4 1 0 3 5 2 4 0 2 1 1 2 0 4 1 0 4 2 0 3 4 5 2 3 5 0 1 5 3 1 5 4 5 0 3 5 1 3 1 4 5 2 0 5 4 2 1 3 0 3 4 2 | 14 18  0 6 2 0 10 1 1 7 2 1 10 1 2 8 1 2 11 1 2 13 1 3 8 1 3 12 1 3 13 1 4 9 1 4 11 1 4 13 1 5 9 2 5 11 1 6 12 1 7 12 1 8 10 1
R 571 42 63 6 468 3 1 2 3 0 2 1 2 3 0 2 4 0 5 3 4 1 3 0 2 1 1 2 0 3 0 1 3 1 0 3 4 5 2 4 5 2 5 4 0 4 1 4 5 0 4 5 1 4 0 5 5 1 3 4 1 2 2 5 0 3 3 2 | 14 18  0 6 2 0 10 1 1 7 2 1 10 1 2 8 1 2 11 1 2 13 1 3 8 1 3 12 1 3 13 1 4 9 1 4 11 1 4 13 1 5 9 2 5 12 1 6 11 1 7 12 1 8 10 1
R 572 42 63 6 4554 3 1 2 2 3 5 0 3 2 1 2 4 5 0 1 4 2 3 0 2 1 1 5 3 4 1 0 3 2 5 3 4 5 0 4 2 4 1 0 1 5 3 4 5 0 0 4 1 5 1 4 3 5 0 4 3 2 0 1 5 3 2 2 | 14 18  0 6 2 0 10 1 1 7 2 1 11 1 2 8 1 2 10 1 2 13 1 3 8 1 3 11 1 3 13 1 4 9 1 4 11 1 4 13 1 5 9 2 5 12 1 6 12 1 7 12 1 8 10 1
R 573 42 63 6 79 3 1 2 1 3 0 0 3 2 1 2 4 5 2 4 3 0 1 0 2 1 4 0 3 4 1 0 3 4 2 3 4 5 2 1 0 0 2 5 1 5 3 4 5 0 2 5 4 5 1 4 3 5 0 0 1 3 5 4 2 3 1 2 | 14 18  0 6 2 0 10 1 1 7 2 1 11 1 2 8 1 2 10 1 2 13 1 3 8 1 3 11 1 3 13 1 4 9 2 4 11 1 5 9 1 5 12 1 5 13 1 6 12 1 7 12 1 8 10 1
R 574 42 63 NOT6 B chi=7 | 14 18  0 6 2 0 10 1 1 7 2 1 12 1 2 8 1 2 10 1 2 13 1 3 8 1 3 11 1 3 13 1 4 9 1 4 11 1 4 13 1 5 9 2 5 11 1 6 12 1 7 12 1 8 10 1
R 575 42 63 NOT6 B chi=7 | 14 18  0 6 2 0 10 1 1 7 2 1 12 1 2 8 1 2 10 1 2 13 1 3 8 1 3 11 1 3 13 1 4 9 2 4 11 1 5 9 1 5 12 1 5 13 1 6 11 1 7 12 1 8 10 1
R 576 42 63 NOT6 B chi=7 | 14 18  0 6 2 0 10 1 1 7 2 1 11 1 2 8 1 2 10 1 2 13 1 3 8 1 3 11 1 3 13 1 4 9 1 4 12 1 4 13 1 5 9 2 5 12 1 6 12 1 7 11 1 8 10 1
R 577 42 63 6 113 3 1 2 2 1 4 1 2 0 0 4 3 0 3 2 4 2 5 0 2 1 0 4 1 3 0 1 5 2 1 3 4 5 3 2 4 4 0 5 1 4 0 4 5 0 3 5 0 4 5 3 5 1 2 4 1 5 0 3 1 3 2 2 | 14 18  0 6 2 0 10 1 1 7 2 1 11 1 2 8 1 2 11 1 2 13 1 3 8 1 3 11 1 3 13 1 4 9 1 4 10 1 4 13 1 5 9 2 5 12 1 6 12 1 7 12 1 8 10 1
R 578 42 63 6 135 3 1 2 1 4 3 1 2 5 0 2 3 3 0 2 1 4 0 0 2 1 0 3 4 3 0 1 1 2 0 3 4 5 2 5 4 4 2 0 1 3 5 4 5 0 2 5 0 4 3 0 5 1 4 4 5 1 3 5 2 3 1 2 | 14 18  0 6 2 0 10 1 1 7 2 1 11 1 2 8 1 2 11 1 2 13 1 3 8 1 3 11 1 3 13 1 4 9 2 4 10 1 5 9 1 5 12 1 5 13 1 6 12 1 7 12 1 8 10 1
R 579 42 63 6 148 3 1 2 5 3 1 1 2 0 0 4 3 0 3 2 4 2 5 0 2 1 0 1 3 3 0 1 5 2 1 3 4 5 2 4 3 4 2 0 1 4 0 4 5 0 2 4 0 4 5 3 5 1 2 4 1 5 0 3 1 3 5 2 | 14 18  0 6 2 0 10 1 1 7 2 1 11 1 2 8 1 2 11 1 2 13 1 3 8 1 3 12 1 3 13 1 4 9 1 4 10 1 4 13 1 5 9 2 5 11 1 6 12 1 7 12 1 8 10 1
R 580 42 63 6 805 3 1 2 2 3 4 1 2 5 2 0 3 3 0 2 1 4 0 0 2 1 1 4 3 3 0 1 1 2 0 3 4 5 0 5 4 4 0 5 1 3 2 4 5 0 0 5 1 4 3 0 5 1 4 4 5 1 3 2 5 3 2 2 | 14 18  0 6 2 0 10 1 1 7 2 1 11 1 2 8 1 2 11 1 2 13 1 3 8 1 3 12 1 3 13 1 4 9 2 4 10 1 5 9 1 5 11 1 5 13 1 6 12 1 7 12 1 8 10 1
R 581 42 63 NOT6 B chi=7 | 14 18  0 6 2 0 10 1 1 7 2 1 12 1 2 8 1 2 11 1 2 13 1 3 8 1 3 11 1 3 13 1 4 9 2 4 10 1 5 9 1 5 12 1 5 13 1 6 11 1 7 12 1 8 10 1
R 582 42 63 NOT6 B chi=7 | 14 18  0 6 2 0 10 1 1 7 2 1 12 1 2 8 1 2 11 1 2 13 1 3 8 1 3 12 1 3 13 1 4 9 1 4 10 1 4 13 1 5 9 2 5 11 1 6 11 1 7 12 1 8 10 1
R 583 42 63 6 686 3 1 2 4 0 2 5 0 1 0 3 1 0 2 4 3 5 4 0 2 1 1 2 0 1 2 5 5 4 2 3 4 1 3 4 5 0 1 5 2 3 0 4 5 0 3 5 1 3 2 4 4 2 5 1 3 5 0 2 1 3 4 0 | 14 18  0 6 2 0 11 1 1 7 2 1 11 1 2 8 1 2 10 1 2 13 1 3 8 1 3 11 1 3 13 1 4 9 2 4 10 1 5 9 1 5 12 1 5 13 1 6 12 1 7 12 1 8 10 1
R 584 42 63 NOT6 A+B chi=-1 | 14 18  0 6 2 0 11 1 1 7 2 1 12 1 2 8 1 2 10 1 2 13 1 3 8 1 3 11 1 3 13 1 4 9 2 4 10 1 5 9 1 5 12 1 5 13 1 6 11 1 7 12 1 8 10 1
R 585 42 63 6 930 3 1 2 4 0 2 0 3 1 3 5 4 3 0 1 2 4 5 0 2 1 1 2 0 1 5 2 5 4 1 2 4 0 3 4 5 0 1 5 0 2 3 4 5 0 3 5 1 4 2 5 0 2 1 2 5 4 0 3 1 3 4 3 | 14 18  0 6 2 0 11 1 1 7 2 1 11 1 2 8 1 2 11 1 2 13 1 3 8 1 3 12 1 3 13 1 4 9 1 4 10 1 4 13 1 5 9 2 5 10 1 6 12 1 7 12 1 8 10 1
R 586 42 63 NOT6 B chi=7 | 14 18  0 6 2 0 11 1 1 7 2 1 12 1 2 8 1 2 11 1 2 13 1 3 8 1 3 11 1 3 13 1 4 9 1 4 10 1 4 13 1 5 9 2 5 10 1 6 12 1 7 12 1 8 10 1
R 587 42 63 NOT6 A+B chi=-1 | 14 18  0 6 2 0 11 1 1 7 2 1 12 1 2 8 1 2 11 1 2 13 1 3 8 1 3 12 1 3 13 1 4 9 1 4 10 1 4 13 1 5 9 2 5 10 1 6 11 1 7 12 1 8 10 1
R 588 42 63 NOT6 A+B chi=-1 | 14 18  0 6 2 0 10 1 1 7 2 1 11 1 2 8 1 2 11 1 2 13 1 3 8 1 3 11 1 3 13 1 4 9 1 4 12 1 4 13 1 5 9 2 5 12 1 6 10 1 7 12 1 8 10 1
R 589 42 63 NOT6 A+B chi=-1 | 14 18  0 6 2 0 10 1 1 7 2 1 11 1 2 8 1 2 11 1 2 13 1 3 8 1 3 12 1 3 13 1 4 9 1 4 11 1 4 13 1 5 9 2 5 12 1 6 10 1 7 12 1 8 10 1
R 590 42 63 NOT6 A+B chi=-1 | 14 18  0 6 2 0 10 1 1 7 2 1 12 1 2 8 1 2 11 1 2 13 1 3 8 1 3 11 1 3 13 1 4 9 2 4 11 1 5 9 1 5 12 1 5 13 1 6 10 1 7 12 1 8 10 1
R 591 42 63 NOT6 A+B chi=-1 | 14 18  0 6 2 0 10 1 1 7 2 1 12 1 2 8 1 2 11 1 2 13 1 3 8 1 3 12 1 3 13 1 4 9 1 4 11 1 4 13 1 5 9 2 5 11 1 6 10 1 7 12 1 8 10 1
R 592 42 63 6 78 3 4 5 0 1 2 1 5 2 3 0 2 0 1 4 3 0 5 1 2 3 3 2 1 2 0 1 0 2 3 0 1 5 2 5 0 3 4 5 3 1 4 0 1 2 4 5 3 3 4 0 4 5 1 5 3 2 4 1 2 4 5 0 | 14 19  0 6 1 0 9 1 0 10 1 1 7 2 1 10 1 2 8 1 2 9 1 2 13 1 3 8 2 3 12 1 4 9 1 4 11 1 4 12 1 5 10 1 5 11 1 5 13 1 6 11 1 6 13 1 7 12 1
R 593 42 63 6 118 3 4 5 0 1 2 1 5 2 3 2 0 4 0 1 4 0 3 1 2 3 4 2 1 0 2 1 0 2 3 0 1 3 0 2 5 4 3 5 3 1 4 0 1 2 3 5 4 3 4 0 4 5 1 5 3 2 5 1 2 4 5 0 | 14 19  0 6 1 0 9 1 0 10 1 1 7 2 1 10 1 2 8 1 2 9 1 2 13 1 3 8 2 3 12 1 4 9 1 4 11 1 4 13 1 5 10 1 5 11 1 5 12 1 6 11 1 6 13 1 7 12 1
R 594 42 63 6 130 3 4 5 1 0 2 1 0 2 3 4 5 0 1 4 4 2 3 1 2 3 4 2 0 5 4 2 0 2 3 1 3 5 1 2 0 0 3 4 3 4 0 0 1 2 3 5 4 3 4 5 0 1 2 5 3 2 0 5 1 4 5 1 | 14 19  0 6 1 0 9 1 0 10 1 1 7 2 1 10 1 2 8 1 2 9 1 2 13 1 3 8 2 3 12 1 4 9 1 4 11 1 4 13 1 5 10 1 5 11 1 5 13 1 6 11 1 6 12 1 7 12 1
R 595 42 63 NOT6 B chi=7 | 14 19  0 6 1 0 9 1 0 10 1 1 7 2 1 12 1 2 8 1 2 9 1 2 13 1 3 8 2 3 10 1 4 9 1 4 11 1 4 12 1 5 10 1 5 11 1 5 13 1 6 11 1 6 13 1 7 12 1
R 596 42 63 NOT6 B chi=7 | 14 19  0 6 1 0 9 1 0 10 1 1 7 2 1 12 1 2 8 2 2 9 1 3 8 1 3 10 1 3 13 1 4 9 1 4 11 1 4 12 1 5 10 1 5 11 1 5 13 1 6 11 1 6 13 1 7 12 1
R 597 42 63 NOT6 B chi=7 | 14 19  0 6 1 0 9 1 0 10 1 1 7 2 1 12 1 2 8 1 2 9 1 2 13 1 3 8 2 3 10 1 4 9 1 4 11 1 4 13 1 5 10 1 5 11 1 5 13 1 6 11 1 6 12 1 7 12 1
R 598 42 63 NOT6 B chi=7 | 14 19  0 6 2 0 11 1 1 7 2 1 12 1 2 8 1 2 9 1 2 10 1 3 8 1 3 9 1 3 10 1 4 9 1 4 11 1 4 13 1 5 10 1 5 11 1 5 13 1 6 12 1 7 12 1 8 13 1
R 599 42 63 6 114 3 4 5 1 0 2 1 2 4 3 4 5 1 2 0 4 0 3 1 2 3 4 2 0 5 4 2 0 2 3 1 0 3 5 2 0 0 3 4 3 1 4 0 1 2 3 5 4 3 5 0 0 1 2 4 3 5 5 1 2 4 5 1 | 14 19  0 6 1 0 9 1 0 10 1 1 7 2 1 10 1 2 8 1 2 10 1 2 13 1 3 8 2 3 12 1 4 9 1 4 11 1 4 13 1 5 9 1 5 11 1 5 13 1 6 11 1 6 12 1 7 12 1
R 600 42 63 NOT6 B chi=7 | 14 19  0 6 1 0 9 1 0 10 1 1 7 2 1 12 1 2 8 1 2 10 1 2 13 1 3 8 2 3 10 1 4 9 1 4 11 1 4 13 1 5 9 1 5 11 1 5 13 1 6 11 1 6 12 1 7 12 1
R 601 42 63 6 949 3 4 5 1 0 2 1 0 4 5 2 4 1 2 5 4 0 3 1 2 3 5 2 0 4 2 0 0 2 3 1 0 4 0 2 5 5 3 4 3 1 4 0 1 2 3 4 5 5 3 2 1 3 0 4 3 0 5 1 2 4 5 1 | 14 19  0 6 1 0 9 1 0 10 1 1 7 2 1 10 1 2 8 1 2 11 1 2 13 1 3 8 2 3 12 1 4 9 1 4 10 1 4 13 1 5 9 1 5 11 1 5 12 1 6 11 1 6 13 1 7 12 1
R 602 42 63 6 88 3 4 5 1 0 2 2 3 4 0 1 4 1 2 3 4 0 1 1 2 3 3 2 0 4 1 2 0 2 3 1 0 4 3 0 5 0 3 4 1 2 4 0 1 2 4 5 3 0 1 5 3 5 2 4 5 0 5 2 3 4 5 1 | 14 19  0 6 1 0 9 1 0 10 1 1 7 2 1 10 1 2 8 1 2 11 1 2 13 1 3 8 2 3 12 1 4 9 1 4 10 1 4 13 1 5 9 1 5 11 1 5 13 1 6 11 1 6 12 1 7 12 1
R 603 42 63 6 124 3 4 5 1 0 2 1 0 2 5 3 4 1 2 3 0 1 4 1 2 3 3 2 0 4 3 2 0 2 3 1 0 4 1 5 2 0 4 5 3 1 0 0 1 2 4 5 3 5 3 4 0 1 2 4 5 0 5 3 2 4 5 1 | 14 19  0 6 1 0 9 1 0 10 1 1 7 2 1 10 1 2 8 1 2 12 1 2 13 1 3 8 2 3 12 1 4 9 1 4 10 1 4 11 1 5 9 1 5 11 1 5 13 1 6 11 1 6 13 1 7 12 1
R 604 42 63 6 68 3 4 5 1 0 3 0 4 2 5 2 1 1 2 3 4 0 1 1 2 3 2 3 0 1 2 3 0 2 3 1 0 4 4 1 5 0 2 5 3 0 4 0 1 2 4 5 2 5 3 1 0 4 3 4 5 0 5 3 2 4 5 1 | 14 19  0 6 1 0 9 1 0 10 1 1 7 2 1 11 1 2 8 1 2 10 1 2 13 1 3 8 2 3 11 1 4 9 1 4 10 1 4 11 1 5 9 1 5 12 1 5 13 1 6 12 1 6 13 1 7 12 1
R 605 42 63 NOT6 B chi=7 | 14 19  0 6 1 0 9 1 0 10 1 1 7 2 1 12 1 2 8 2 2 10 1 3 8 1 3 11 1 3 13 1 4 9 1 4 10 1 4 13 1 5 9 1 5 11 1 5 12 1 6 11 1 6 13 1 7 12 1
R 606 42 63 NOT6 B chi=7 | 14 19  0 6 1 0 9 1 0 10 1 1 7 2 1 12 1 2 8 2 2 10 1 3 8 1 3 11 1 3 13 1 4 9 1 4 10 1 4 13 1 5 9 1 5 11 1 5 13 1 6 11 1 6 12 1 7 12 1
R 607 42 63 NOT6 B chi=7 | 14 19  0 6 1 0 9 1 0 10 1 1 7 2 1 12 1 2 8 2 2 10 1 3 8 1 3 12 1 3 13 1 4 9 1 4 10 1 4 11 1 5 9 1 5 11 1 5 13 1 6 11 1 6 13 1 7 12 1
R 608 42 63 NOT6 B chi=7 | 14 19  0 6 1 0 9 1 0 10 1 1 7 2 1 11 1 2 8 1 2 10 1 2 13 1 3 8 2 3 12 1 4 9 1 4 10 1 4 11 1 5 9 1 5 12 1 5 13 1 6 12 1 6 13 1 7 11 1
R 609 42 63 6 501 3 4 5 1 4 0 3 2 5 1 0 4 1 2 3 0 1 2 1 2 3 2 0 4 4 5 2 0 2 3 0 1 4 3 5 1 0 3 2 3 1 0 0 1 2 3 5 2 0 1 4 3 5 2 4 5 0 5 3 4 4 5 1 | 14 19  0 6 1 0 9 1 0 10 1 1 7 2 1 11 1 2 8 2 2 11 1 3 8 1 3 12 1 3 13 1 4 9 1 4 10 1 4 11 1 5 9 1 5 10 1 5 13 1 6 12 1 6 13 1 7 12 1
R 610 42 63 6 944 3 4 5 0 2 5 1 0 4 3 4 5 1 2 3 0 1 2 1 2 3 1 5 2 5 4 2 0 2 3 0 1 4 3 0 2 1 3 4 1 3 5 0 1 2 3 4 1 3 5 2 0 1 2 4 5 0 5 3 4 4 5 0 | 14 19  0 6 1 0 9 1 0 10 1 1 7 2 1 11 1 2 8 1 2 11 1 2 13 1 3 8 2 3 12 1 4 9 1 4 10 1 4 13 1 5 9 1 5 10 1 5 13 1 6 11 1 6 12 1 7 12 1
R 611 42 63 NOT6 B chi=7 | 14 19  0 6 1 0 9 1 0 10 1 1 7 2 1 12 1 2 8 1 2 11 1 2 13 1 3 8 2 3 11 1 4 9 1 4 10 1 4 13 1 5 9 1 5 10 1 5 13 1 6 11 1 6 12 1 7 12 1
R 612 42 63 6 109 3 4 5 1 0 4 1 0 4 5 2 3 1 2 3 0 1 2 1 2 3 3 4 0 3 2 4 0 2 3 0 1 4 1 2 5 0 2 5 3 1 0 0 1 2 2 5 3 5 3 2 0 1 4 4 5 0 5 3 4 4 5 1 | 14 19  0 6 1 0 9 1 0 10 1 1 7 2 1 11 1 2 8 1 2 12 1 2 13 1 3 8 2 3 12 1 4 9 1 4 10 1 4 11 1 5 9 1 5 10 1 5 13 1 6 11 1 6 13 1 7 12 1
R 613 42 63 NOT6 B chi=7 | 14 19  0 6 1 0 9 1 0 10 1 1 7 2 1 12 1 2 8 2 2 11 1 3 8 1 3 12 1 3 13 1 4 9 1 4 10 1 4 11 1 5 9 1 5 10 1 5 13 1 6 11 1 6 13 1 7 12 1
R 614 42 63 NOT6 B chi=7 | 14 19  0 6 1 0 9 1 0 10 1 1 7 2 1 11 1 2 8 1 2 12 1 2 13 1 3 8 2 3 12 1 4 9 1 4 10 1 4 11 1 5 9 1 5 10 1 5 13 1 6 12 1 6 13 1 7 11 1
R 615 42 63 6 130 3 4 5 4 0 3 0 1 4 5 2 4 1 2 3 1 0 2 1 2 3 1 3 0 4 2 3 0 2 3 2 4 5 1 2 0 0 1 5 3 0 1 0 1 2 2 5 1 5 3 2 0 1 3 4 0 5 5 3 4 4 5 4 | 14 19  0 6 1 0 9 1 0 12 1 1 7 2 1 10 1 2 8 1 2 11 1 2 13 1 3 8 2 3 12 1 4 9 1 4 10 1 4 11 1 5 9 1 5 10 1 5 13 1 6 11 1 6 13 1 7 12 1
R 616 42 63 6 697 3 4 5 3 2 4 4 0 2 5 1 3 3 0 1 1 2 0 1 2 3 1 4 2 3 1 2 2 0 5 0 3 4 3 0 2 5 0 1 1 0 4 0 1 2 0 5 1 5 1 3 0 4 2 4 2 5 3 5 4 4 5 3 | 14 19  0 6 1 0 9 1 0 13 1 1 7 2 1 10 1 2 8 1 2 11 1 2 13 1 3 8 2 3 12 1 4 9 1 4 10 1 4 11 1 5 9 1 5 10 1 5 12 1 6 11 1 6 13 1 7 12 1
R 617 42 63 6 63 3 4 5 2 4 0 1 0 2 4 3 2 1 2 3 1 4 0 1 2 3 1 0 4 2 3 0 0 2 3 5 3 4 1 0 2 4 3 1 1 0 4 0 1 2 3 5 1 4 5 3 1 5 0 4 0 5 5 2 3 4 5 2 | 14 19  0 6 1 0 9 1 0 13 1 1 7 2 1 10 1 2 8 1 2 12 1 2 13 1 3 8 2 3 12 1 4 9 1 4 10 1 4 11 1 5 9 1 5 10 1 5 11 1 6 11 1 6 13 1 7 12 1
R 618 42 63 6 124 3 4 5 1 0 2 1 0 2 5 3 4 1 2 3 0 1 4 1 2 3 3 2 0 4 3 2 0 2 3 1 0 4 2 0 1 0 4 5 1 3 5 0 1 2 4 5 3 5 3 4 0 1 2 4 5 0 5 3 2 5 4 1 | 14 19  0 6 1 0 9 1 0 10 1 1 7 2 1 10 1 2 8 1 2 12 1 2 13 1 3 8 2 3 12 1 4 9 1 4 11 1 4 13 1 5 9 1 5 11 1 5 13 1 6 10 1 6 11 1 7 12 1
R 619 42 63 6 62 3 4 5 1 0 2 0 1 4 2 3 1 1 2 5 4 0 3 1 2 3 3 2 0 2 4 1 0 2 3 1 0 4 0 3 5 3 5 2 0 4 1 0 1 2 4 5 3 3 5 2 0 4 5 4 0 3 5 1 2 5 4 1 | 14 19  0 6 1 0 9 1 0 10 1 1 7 2 1 10 1 2 8 2 2 11 1 3 8 1 3 12 1 3 13 1 4 9 1 4 12 1 4 13 1 5 9 1 5 12 1 5 13 1 6 10 1 6 11 1 7 11 1
R 620 42 63 6 121 3 4 5 3 0 1 0 1 2 4 5 2 1 2 5 0 4 3 1 2 3 2 1 0 2 5 0 0 2 3 1 0 4 3 5 1 2 4 5 4 0 1 0 1 2 4 5 2 4 3 5 1 3 0 4 0 3 5 1 2 5 4 3 | 14 19  0 6 1 0 9 1 0 10 1 1 7 2 1 11 1 2 8 1 2 10 1 2 13 1 3 8 2 3 11 1 4 9 1 4 12 1 4 13 1 5 9 1 5 12 1 5 13 1 6 10 1 6 11 1 7 12 1
R 621 42 63 NOT6 B chi=7 | 14 19  0 6 1 0 9 1 0 10 1 1 7 2 1 12 1 2 8 2 2 10 1 3 8 1 3 12 1 3 13 1 4 9 1 4 11 1 4 13 1 5 9 1 5 11 1 5 13 1 6 10 1 6 11 1 7 12 1
R 622 42 63 NOT6 B chi=7 | 14 19  0 6 1 0 9 1 0 10 1 1 7 2 1 11 1 2 8 1 2 10 1 2 13 1 3 8 2 3 12 1 4 9 1 4 12 1 4 13 1 5 9 1 5 12 1 5 13 1 6 10 1 6 11 1 7 11 1
R 623 42 63 NOT6 B chi=7 | 14 19  0 6 1 0 9 1 0 10 1 1 7 2 1 11 1 2 8 2 2 10 1 3 8 1 3 12 1 3 13 1 4 9 1 4 12 1 4 13 1 5 9 1 5 12 1 5 13 1 6 10 1 6 11 1 7 11 1
R 624 42 63 6 104 3 4 5 4 1 3 0 3 4 1 2 4 1 2 0 4 0 2 1 2 3 0 3 1 4 2 3 0 2 3 3 2 0 2 4 1 1 0 5 1 0 4 0 1 2 2 5 0 1 5 2 0 5 3 4 5 3 5 1 3 4 5 4 | 14 19  0 6 1 0 9 1 0 12 1 1 7 2 1 11 1 2 8 1 2 11 1 2 13 1 3 8 2 3 12 1 4 9 1 4 10 1 4 11 1 5 9 1 5 10 1 5 13 1 6 10 1 6 13 1 7 12 1
R 625 42 63 NOT6 B chi=7 | 14 19  0 6 1 0 9 1 0 12 1 1 7 2 1 12 1 2 8 1 2 11 1 2 13 1 3 8 2 3 11 1 4 9 1 4 10 1 4 11 1 5 9 1 5 10 1 5 13 1 6 10 1 6 13 1 7 12 1
R 626 42 63 NOT6 B chi=7 | 14 19  0 6 2 0 11 1 1 7 2 1 12 1 2 8 1 2 9 1 2 10 1 3 8 1 3 10 1 3 13 1 4 9 1 4 10 1 4 13 1 5 9 1 5 11 1 5 13 1 6 12 1 7 12 1 8 11 1
R 627 42 63 6 1389 3 4 5 2 1 5 1 0 2 4 3 2 3 4 0 5 0 2 1 2 3 3 5 1 2 3 0 0 3 1 2 0 4 4 2 5 5 3 0 1 0 4 0 1 2 0 4 3 4 5 3 1 5 0 2 5 1 4 3 1 4 5 2 | 14 19  0 6 1 0 10 1 0 13 1 1 7 2 1 11 1 2 8 1 2 9 1 2 13 1 3 8 2 3 11 1 4 9 1 4 10 1 4 11 1 5 9 1 5 10 1 5 12 1 6 12 1 6 13 1 7 12 1
R 628 42 63 6 354 3 4 5 2 0 4 5 3 1 0 1 2 1 3 2 0 2 4 1 2 3 3 4 0 2 1 4 4 3 5 0 2 3 1 2 0 0 3 1 0 1 5 0 1 2 1 5 3 0 2 4 3 5 4 0 4 5 1 5 3 4 5 2 | 14 19  0 6 1 0 10 1 0 13 1 1 7 2 1 11 1 2 8 1 2 9 1 2 13 1 3 8 2 3 12 1 4 9 1 4 10 1 4 11 1 5 9 1 5 10 1 5 13 1 6 11 1 6 12 1 7 12 1
R 629 42 63 NOT6 B chi=7 | 14 19  0 6 1 0 10 1 0 12 1 1 7 2 1 12 1 2 8 2 2 9 1 3 8 1 3 11 1 3 13 1 4 9 1 4 10 1 4 11 1 5 9 1 5 10 1 5 13 1 6 11 1 6 13 1 7 12 1
R 630 42 63 NOT6 B chi=7 | 14 19  0 6 1 0 10 1 0 13 1 1 7 2 1 12 1 2 8 1 2 9 1 2 13 1 3 8 2 3 11 1 4 9 1 4 10 1 4 11 1 5 9 1 5 10 1 5 12 1 6 11 1 6 13 1 7 12 1
R 631 42 63 NOT6 B chi=7 | 14 19  0 6 1 0 10 1 0 13 1 1 7 2 1 12 1 2 8 2 2 9 1 3 8 1 3 11 1 3 13 1 4 9 1 4 10 1 4 11 1 5 9 1 5 10 1 5 12 1 6 11 1 6 13 1 7 12 1
R 632 42 63 6 95 3 1 2 1 5 3 1 2 4 0 3 4 0 3 2 3 5 0 0 2 1 4 2 1 4 3 2 2 0 1 3 4 5 1 0 5 2 0 3 1 4 0 4 5 0 0 4 2 0 3 5 1 5 2 5 1 4 4 2 1 3 5 3 | 14 19  0 6 2 0 10 1 1 7 1 1 12 1 1 13 1 2 8 1 2 9 1 2 13 1 3 8 2 3 11 1 4 9 1 4 10 1 4 11 1 5 9 1 5 10 1 5 12 1 6 11 1 7 12 1 7 13 1
R 633 42 63 NOT6 B chi=7 | 14 19  0 6 1 0 10 1 0 13 1 1 7 2 1 12 1 2 8 1 2 9 1 2 13 1 3 8 2 3 11 1 4 9 1 4 10 1 4 11 1 5 9 1 5 10 1 5 13 1 6 11 1 6 12 1 7 12 1
R 634 42 63 NOT6 B chi=7 | 14 19  0 6 1 0 10 1 0 13 1 1 7 2 1 12 1 2 8 2 2 9 1 3 8 1 3 12 1 3 13 1 4 9 1 4 10 1 4 11 1 5 9 1 5 10 1 5 11 1 6 11 1 6 13 1 7 12 1
R 635 42 63 6 688 3 1 2 2 1 5 3 2 4 5 0 4 0 3 2 0 4 1 0 2 1 5 0 1 4 0 1 1 2 5 3 4 5 1 3 0 2 4 5 0 3 2 4 5 0 3 4 0 5 0 1 2 3 1 4 1 5 3 2 5 3 2 4 | 14 19  0 6 2 0 10 1 1 7 1 1 11 1 1 12 1 2 8 1 2 9 1 2 13 1 3 8 2 3 12 1 4 9 1 4 10 1 4 11 1 5 9 1 5 10 1 5 13 1 6 12 1 7 11 1 7 13 1
R 636 42 63 NOT6 B chi=7 | 14 19  0 6 2 0 11 1 1 7 2 1 12 1 2 8 1 2 9 1 2 10 1 3 8 1 3 11 1 3 13 1 4 9 1 4 10 1 4 13 1 5 9 1 5 10 1 5 13 1 6 12 1 7 12 1 8 11 1
R 637 42 63 NOT6 B chi=7 | 14 19  0 6 1 0 11 1 0 12 1 1 7 2 1 12 1 2 8 1 2 9 1 2 13 1 3 8 2 3 10 1 4 9 1 4 10 1 4 11 1 5 9 1 5 10 1 5 13 1 6 11 1 6 13 1 7 12 1
R 638 42 63 NOT6 B chi=7 | 14 19  0 6 1 0 11 1 0 13 1 1 7 2 1 12 1 2 8 1 2 9 1 2 13 1 3 8 2 3 10 1 4 9 1 4 10 1 4 11 1 5 9 1 5 10 1 5 12 1 6 11 1 6 13 1 7 12 1
R 639 42 63 6 3222 3 4 5 3 2 4 5 0 1 4 1 3 1 2 4 0 2 3 1 2 3 5 4 2 3 1 2 0 2 5 0 1 3 0 4 2 4 0 1 3 4 1 0 1 2 0 1 5 4 3 2 0 5 2 3 5 0 4 1 5 4 5 3 | 14 19  0 6 1 0 9 1 0 10 1 1 7 2 1 10 1 2 8 1 2 11 1 2 13 1 3 8 2 3 12 1 4 9 1 4 11 1 4 13 1 5 10 1 5 11 1 5 12 1 6 9 1 6 13 1 7 12 1
R 640 42 63 6 1277 3 4 5 0 3 5 1 5 2 3 0 4 1 2 0 4 0 1 1 2 3 1 5 3 4 0 2 0 2 5 0 1 3 2 0 5 3 1 4 3 1 4 0 1 2 2 4 1 3 4 0 1 5 2 3 4 5 5 3 2 4 5 0 | 14 19  0 6 1 0 9 1 0 10 1 1 7 2 1 11 1 2 8 1 2 10 1 2 13 1 3 8 2 3 12 1 4 9 1 4 11 1 4 12 1 5 10 1 5 11 1 5 13 1 6 9 1 6 13 1 7 12 1
R 641 42 63 NOT6 B chi=7 | 14 19  0 6 1 0 9 1 0 10 1 1 7 2 1 12 1 2 8 1 2 10 1 2 13 1 3 8 2 3 11 1 4 9 1 4 11 1 4 12 1 5 10 1 5 11 1 5 13 1 6 9 1 6 13 1 7 12 1
R 642 42 63 NOT6 B chi=7 | 14 19  0 6 1 0 9 1 0 10 1 1 7 2 1 12 1 2 8 2 2 10 1 3 8 1 3 11 1 3 13 1 4 9 1 4 11 1 4 13 1 5 10 1 5 11 1 5 12 1 6 9 1 6 13 1 7 12 1
R 643 42 63 6 1386 3 4 5 2 1 5 3 0 1 4 2 5 1 2 4 0 2 3 1 2 3 3 5 1 5 2 3 0 2 5 0 1 3 0 4 2 1 4 0 3 4 1 0 1 2 0 4 3 4 5 2 0 1 3 3 5 0 4 1 5 4 5 2 | 14 19  0 6 1 0 9 1 0 10 1 1 7 2 1 11 1 2 8 1 2 11 1 2 13 1 3 8 2 3 12 1 4 9 1 4 10 1 4 13 1 5 10 1 5 11 1 5 12 1 6 9 1 6 13 1 7 12 1
R 644 42 63 NOT6 B chi=7 | 14 19  0 6 1 0 9 1 0 10 1 1 7 2 1 12 1 2 8 1 2 11 1 2 13 1 3 8 2 3 11 1 4 9 1 4 10 1 4 13 1 5 10 1 5 11 1 5 12 1 6 9 1 6 13 1 7 12 1
R 645 42 63 6 97 3 4 5 2 0 1 0 1 4 3 2 5 1 2 4 0 2 5 1 2 3 4 1 0 5 2 0 0 2 5 0 1 3 5 2 1 1 3 4 3 0 4 0 1 2 3 5 4 3 5 2 1 4 0 3 5 0 4 3 1 4 5 2 | 14 19  0 6 1 0 9 1 0 10 1 1 7 2 1 11 1 2 8 1 2 12 1 2 13 1 3 8 2 3 12 1 4 9 1 4 10 1 4 11 1 5 10 1 5 11 1 5 13 1 6 9 1 6 13 1 7 12 1
R 646 42 63 NOT6 B chi=7 | 14 19  0 6 1 0 9 1 0 10 1 1 7 2 1 12 1 2 8 2 2 11 1 3 8 1 3 12 1 3 13 1 4 9 1 4 10 1 4 11 1 5 10 1 5 11 1 5 13 1 6 9 1 6 13 1 7 12 1
R 647 42 63 6 789 3 4 5 1 5 2 4 5 3 1 0 3 1 2 4 0 2 1 1 2 3 3 2 5 2 3 5 0 2 5 0 1 3 0 1 4 2 0 4 1 4 3 0 1 2 0 4 3 0 1 2 4 5 2 3 5 0 4 3 5 4 5 1 | 14 19  0 6 1 0 9 1 0 10 1 1 7 2 1 11 1 2 8 2 2 11 1 3 8 1 3 12 1 3 13 1 4 9 1 4 10 1 4 13 1 5 10 1 5 12 1 5 13 1 6 9 1 6 11 1 7 12 1
R 648 42 63 6 137 3 4 5 0 1 3 4 0 1 3 2 5 1 2 4 0 2 5 1 2 3 4 3 1 5 2 1 0 2 5 0 1 3 2 0 1 3 2 4 5 4 3 0 1 2 2 5 4 3 5 2 0 4 1 3 5 0 4 3 1 4 5 0 | 14 19  0 6 1 0 9 1 0 10 1 1 7 2 1 11 1 2 8 1 2 12 1 2 13 1 3 8 2 3 12 1 4 9 1 4 10 1 4 13 1 5 10 1 5 11 1 5 13 1 6 9 1 6 11 1 7 12 1
R 649 42 63 NOT6 B chi=7 | 14 19  0 6 1 0 9 1 0 10 1 1 7 2 1 12 1 2 8 2 2 11 1 3 8 1 3 12 1 3 13 1 4 9 1 4 10 1 4 13 1 5 10 1 5 11 1 5 13 1 6 9 1 6 11 1 7 12 1
R 650 42 63 NOT6 B chi=7 | 14 19  0 6 1 0 9 1 0 10 1 1 7 2 1 11 1 2 8 1 2 12 1 2 13 1 3 8 2 3 12 1 4 9 1 4 10 1 4 13 1 5 10 1 5 12 1 5 13 1 6 9 1 6 11 1 7 11 1
R 651 42 63 6 863 3 4 5 1 0 5 0 3 4 2 1 4 2 1 0 3 1 2 1 2 3 3 5 0 4 1 3 0 2 5 3 0 1 1 4 2 0 2 4 2 0 3 0 1 2 2 4 3 2 5 1 0 5 3 3 4 5 0 5 4 4 5 1 | 14 19  0 6 1 0 9 1 0 10 1 1 7 2 1 11 1 2 8 1 2 11 1 2 13 1 3 8 2 3 12 1 4 9 1 4 10 1 4 13 1 5 11 1 5 12 1 5 13 1 6 9 1 6 10 1 7 12 1
R 652 42 63 NOT6 B chi=7 | 14 19  0 6 1 0 9 1 0 10 1 1 7 2 1 12 1 2 8 1 2 11 1 2 13 1 3 8 2 3 11 1 4 9 1 4 10 1 4 13 1 5 11 1 5 12 1 5 13 1 6 9 1 6 10 1 7 12 1
R 653 42 63 6 120 3 4 5 2 1 3 1 3 4 0 2 5 1 2 0 0 2 5 1 2 3 0 3 1 5 2 1 0 2 5 1 0 4 5 2 3 3 0 4 1 0 3 0 1 2 4 5 0 0 5 2 3 4 1 3 4 5 3 1 4 4 5 2 | 14 19  0 6 1 0 9 1 0 10 1 1 7 2 1 11 1 2 8 1 2 12 1 2 13 1 3 8 2 3 12 1 4 9 1 4 11 1 4 13 1 5 10 1 5 11 1 5 13 1 6 9 1 6 10 1 7 12 1
R 654 42 63 NOT6 B chi=7 | 14 19  0 6 1 0 9 1 0 10 1 1 7 2 1 12 1 2 8 2 2 11 1 3 8 1 3 12 1 3 13 1 4 9 1 4 11 1 4 13 1 5 10 1 5 11 1 5 13 1 6 9 1 6 10 1 7 12 1
R 655 42 63 NOT6 B chi=7 | 14 19  0 6 2 0 11 1 1 7 2 1 12 1 2 8 1 2 9 1 2 10 1 3 8 1 3 9 1 3 13 1 4 10 1 4 11 1 4 13 1 5 10 1 5 11 1 5 13 1 6 12 1 7 12 1 8 9 1
R 656 42 63 NOT6 B chi=7 | 14 19  0 6 2 0 10 1 1 7 2 1 12 1 2 8 1 2 9 1 2 10 1 3 8 1 3 11 1 3 13 1 4 9 1 4 11 1 4 13 1 5 10 1 5 11 1 5 13 1 6 12 1 7 12 1 8 9 1
R 657 42 63 NOT6 B chi=7 | 14 19  0 6 2 0 11 1 1 7 2 1 12 1 2 8 1 2 9 1 2 10 1 3 8 1 3 10 1 3 13 1 4 9 1 4 11 1 4 13 1 5 10 1 5 11 1 5 13 1 6 12 1 7 12 1 8 9 1
R 658 42 63 NOT6 B chi=7 | 14 19  0 6 2 0 11 1 1 7 2 1 12 1 2 8 1 2 10 1 2 11 1 3 8 1 3 10 1 3 13 1 4 9 1 4 10 1 4 13 1 5 9 1 5 11 1 5 13 1 6 12 1 7 12 1 8 9 1
R 659 42 63 NOT6 A+B chi=-1 | 14 15  0 6 1 0 8 1 0 13 1 1 7 2 1 9 1 2 9 2 2 10 1 3 10 2 3 11 1 4 11 2 4 12 1 5 12 2 5 13 1 6 8 2 7 13 1
R 660 42 63 NOT6 A+B chi=-1 | 14 16  0 6 1 0 8 1 0 13 1 1 7 2 1 9 1 2 9 2 2 10 1 3 10 2 3 12 1 4 11 1 4 12 1 4 13 1 5 11 2 5 12 1 6 8 2 7 13 1
R 661 42 63 NOT6 A+B chi=-1 | 14 16  0 6 1 0 8 1 0 12 1 1 7 2 1 9 1 2 9 2 2 12 1 3 10 1 3 11 1 3 13 1 4 10 2 4 12 1 5 11 2 5 13 1 6 8 2 7 13 1
R 662 42 63 NOT6 A+B chi=-1 | 14 16  0 6 1 0 8 1 0 12 1 1 7 2 1 9 1 2 9 2 2 13 1 3 10 1 3 11 1 3 13 1 4 10 2 4 12 1 5 11 2 5 12 1 6 8 2 7 13 1
R 663 42 63 NOT6 A+B chi=-1 | 14 16  0 6 1 0 8 1 0 13 1 1 7 2 1 9 1 2 9 2 2 12 1 3 10 1 3 11 1 3 13 1 4 10 2 4 12 1 5 11 2 5 12 1 6 8 2 7 13 1
R 664 42 63 NOT6 A+B chi=-1 | 14 16  0 6 1 0 8 1 0 13 1 1 7 2 1 9 1 2 9 2 2 12 1 3 10 1 3 11 1 3 13 1 4 10 2 4 12 1 5 11 2 5 13 1 6 8 2 7 12 1
R 665 42 63 NOT6 A+B chi=-1 | 14 16  0 6 1 0 8 1 0 12 1 1 7 2 1 12 1 2 9 1 2 10 1 2 13 1 3 9 2 3 11 1 4 10 2 4 12 1 5 11 2 5 13 1 6 8 2 7 13 1
R 666 42 63 NOT6 A+B chi=-1 | 14 16  0 6 1 0 8 1 0 13 1 1 7 2 1 12 1 2 9 1 2 10 1 2 13 1 3 9 2 3 11 1 4 10 2 4 12 1 5 11 2 5 12 1 6 8 2 7 13 1
R 667 42 63 NOT6 A+B chi=-1 | 14 16  0 6 1 0 8 1 0 13 1 1 7 2 1 12 1 2 9 1 2 10 1 2 13 1 3 9 2 3 11 1 4 10 2 4 12 1 5 11 2 5 13 1 6 8 2 7 12 1
R 668 42 63 NOT6 A+B chi=-1 | 14 16  0 6 1 0 8 1 0 13 1 1 7 2 1 12 1 2 9 2 2 10 1 3 9 1 3 11 1 3 13 1 4 10 2 4 12 1 5 11 2 5 13 1 6 8 2 7 12 1
R 669 42 63 NOT6 A+B chi=-1 | 14 16  0 6 1 0 8 1 0 13 1 1 7 2 1 12 1 2 9 1 2 10 2 3 9 2 3 11 1 4 10 1 4 12 1 4 13 1 5 11 2 5 13 1 6 8 2 7 12 1
R 670 42 63 NOT6 A+B chi=-1 | 14 17  0 6 1 0 8 1 0 13 1 1 7 2 1 11 1 2 9 1 2 10 1 2 13 1 3 9 2 3 11 1 4 10 2 4 12 1 5 11 1 5 12 1 5 13 1 6 8 2 7 12 1
R 671 42 63 NOT6 A+B chi=-1 | 14 17  0 6 1 0 8 1 0 13 1 1 7 2 1 11 1 2 9 2 2 10 1 3 9 1 3 11 1 3 13 1 4 10 2 4 12 1 5 11 1 5 12 1 5 13 1 6 8 2 7 12 1
R 672 42 63 NOT6 A+B chi=-1 | 14 17  0 6 1 0 8 1 0 13 1 1 7 2 1 12 1 2 9 1 2 10 1 2 13 1 3 9 2 3 11 1 4 10 2 4 11 1 5 11 1 5 12 1 5 13 1 6 8 2 7 12 1
R 673 42 63 NOT6 A+B chi=-1 | 14 17  0 6 1 0 8 1 0 13 1 1 7 2 1 12 1 2 9 2 2 10 1 3 9 1 3 11 1 3 13 1 4 10 2 4 11 1 5 11 1 5 12 1 5 13 1 6 8 2 7 12 1
R 674 42 63 NOT6 A+B chi=-1 | 14 17  0 6 1 0 8 1 0 11 1 1 7 2 1 11 1 2 9 2 2 11 1 3 9 1 3 12 1 3 13 1 4 10 1 4 12 1 4 13 1 5 10 2 5 12 1 6 8 2 7 13 1
R 675 42 63 NOT6 A+B chi=-1 | 14 17  0 6 1 0 8 1 0 13 1 1 7 2 1 11 1 2 9 1 2 11 1 2 13 1 3 9 2 3 11 1 4 10 1 4 12 1 4 13 1 5 10 2 5 12 1 6 8 2 7 12 1
R 676 42 63 NOT6 A+B chi=-1 | 14 17  0 6 1 0 8 1 0 13 1 1 7 2 1 11 1 2 9 1 2 11 1 2 13 1 3 9 2 3 12 1 4 10 1 4 11 1 4 13 1 5 10 2 5 12 1 6 8 2 7 12 1
R 677 42 63 NOT6 A+B chi=-1 | 14 17  0 6 1 0 8 1 0 13 1 1 7 2 1 11 1 2 9 2 2 11 1 3 9 1 3 12 1 3 13 1 4 10 1 4 11 1 4 13 1 5 10 2 5 12 1 6 8 2 7 12 1
R 678 42 63 NOT6 A+B chi=-1 | 14 17  0 6 1 0 8 1 0 13 1 1 7 2 1 12 1 2 9 1 2 11 1 2 12 1 3 9 2 3 11 1 4 10 1 4 11 1 4 13 1 5 10 2 5 12 1 6 8 2 7 13 1
R 679 42 63 NOT6 A+B chi=-1 | 14 17  0 6 1 0 8 1 0 13 1 1 7 2 1 11 1 2 9 1 2 11 1 2 12 1 3 9 2 3 12 1 4 10 1 4 12 1 4 13 1 5 10 2 5 13 1 6 8 2 7 11 1
R 680 42 63 NOT6 A+B chi=-1 | 14 17  0 6 1 0 8 1 0 13 1 1 7 2 1 11 1 2 9 1 2 11 1 2 12 1 3 9 2 3 13 1 4 10 1 4 12 1 4 13 1 5 10 2 5 12 1 6 8 2 7 11 1
R 681 42 63 NOT6 A+B chi=-1 | 14 17  0 6 1 0 8 1 0 13 1 1 7 2 1 11 1 2 9 1 2 11 1 2 13 1 3 9 2 3 12 1 4 10 1 4 12 1 4 13 1 5 10 2 5 12 1 6 8 2 7 11 1
R 682 42 63 NOT6 A+B chi=-1 | 14 17  0 6 1 0 8 1 0 13 1 1 7 2 1 11 1 2 9 2 2 11 1 3 9 1 3 12 1 3 13 1 4 10 1 4 12 1 4 13 1 5 10 2 5 12 1 6 8 2 7 11 1
R 683 42 63 NOT6 A+B chi=-1 | 14 18  0 6 1 0 8 1 0 13 1 1 7 2 1 12 1 2 9 1 2 10 1 2 13 1 3 9 2 3 11 1 4 10 1 4 11 1 4 12 1 5 10 1 5 11 1 5 13 1 6 8 2 7 12 1
R 684 42 63 NOT6 A+B chi=-1 | 14 19  0 6 1 0 8 1 0 13 1 1 7 2 1 12 1 2 9 1 2 10 1 2 11 1 3 9 1 3 10 1 3 11 1 4 9 1 4 10 1 4 13 1 5 11 1 5 12 1 5 13 1 6 8 2 7 12 1
R 685 42 63 NOT6 A+B chi=-1 | 14 19  0 6 1 0 8 1 0 13 1 1 7 2 1 12 1 2 9 1 2 10 1 2 11 1 3 9 1 3 10 1 3 12 1 4 9 1 4 11 1 4 13 1 5 10 1 5 11 1 5 13 1 6 8 2 7 12 1
R 686 42 63 NOT6 B chi=7 | 14 20  0 6 1 0 11 1 0 12 1 1 7 2 1 12 1 2 8 1 2 9 1 2 10 1 3 8 1 3 9 1 3 10 1 4 8 1 4 9 1 4 13 1 5 10 1 5 11 1 5 13 1 6 11 1 6 13 1 7 12 1
R 687 42 63 NOT6 B chi=7 | 14 20  0 6 1 0 9 1 0 12 1 1 7 2 1 12 1 2 8 1 2 9 1 2 10 1 3 8 1 3 11 1 3 13 1 4 8 1 4 11 1 4 13 1 5 9 1 5 10 1 5 11 1 6 10 1 6 13 1 7 12 1
R 688 42 63 NOT6 B chi=7 | 14 20  0 6 1 0 10 1 0 11 1 1 7 2 1 11 1 2 8 1 2 9 1 2 10 1 3 8 1 3 9 1 3 10 1 4 8 1 4 12 1 4 13 1 5 9 1 5 12 1 5 13 1 6 12 1 6 13 1 7 11 1
R 689 42 63 NOT6 B chi=7 | 14 20  0 6 1 0 10 1 0 12 1 1 7 2 1 12 1 2 8 1 2 9 1 2 10 1 3 8 1 3 9 1 3 13 1 4 8 1 4 10 1 4 11 1 5 9 1 5 11 1 5 13 1 6 11 1 6 13 1 7 12 1
R 690 42 63 NOT6 B chi=7 | 14 20  0 6 1 0 10 1 0 13 1 1 7 2 1 12 1 2 8 1 2 9 1 2 10 1 3 8 1 3 9 1 3 13 1 4 8 1 4 10 1 4 11 1 5 9 1 5 11 1 5 13 1 6 11 1 6 12 1 7 12 1
R 691 42 63 NOT6 B chi=7 | 14 20  0 6 1 0 11 1 0 12 1 1 7 2 1 12 1 2 8 1 2 9 1 2 10 1 3 8 1 3 9 1 3 11 1 4 8 1 4 10 1 4 13 1 5 9 1 5 10 1 5 13 1 6 11 1 6 13 1 7 12 1
R 692 42 63 6 865 3 4 5 1 0 2 4 0 3 2 1 4 0 2 3 1 0 4 1 2 3 4 2 5 3 0 2 4 1 0 3 2 1 4 0 3 2 1 0 1 3 4 0 1 2 3 4 5 1 5 2 3 5 0 4 5 1 2 5 3 4 5 0 | 14 16  0 6 1 0 7 1 0 13 1 1 7 1 1 8 1 1 13 1 2 8 2 2 9 1 3 9 2 3 10 1 4 10 2 4 11 1 5 11 2 5 12 1 6 12 2 7 13 1
R 693 42 63 6 493 3 4 5 2 3 4 0 1 3 2 1 4 0 2 3 1 0 4 1 2 3 4 2 0 5 3 2 4 1 0 3 2 1 4 0 3 2 1 0 0 1 4 0 1 2 5 0 1 4 2 5 3 5 0 4 5 1 2 5 3 4 5 3 | 14 16  0 6 1 0 7 1 0 13 1 1 7 1 1 8 2 2 8 1 2 9 1 2 13 1 3 9 2 3 10 1 4 10 2 4 11 1 5 11 2 5 12 1 6 12 2 7 13 1
R 694 42 63 6 72 3 4 5 1 2 0 3 4 5 1 2 4 0 2 3 1 0 4 1 2 3 0 2 3 5 2 1 0 4 3 3 2 1 4 0 3 2 1 0 0 1 5 0 1 2 5 3 4 0 1 2 5 0 3 4 5 1 2 5 3 4 5 4 | 14 16  0 6 1 0 7 1 0 13 1 1 7 1 1 8 2 2 8 1 2 9 2 3 9 1 3 10 1 3 13 1 4 10 2 4 11 1 5 11 2 5 12 1 6 12 2 7 13 1
R 695 42 63 6 92 3 4 5 1 2 0 3 4 5 1 2 4 0 2 3 1 0 4 1 2 3 0 2 5 1 3 0 2 4 3 3 2 1 4 0 3 2 1 0 0 1 5 0 1 2 3 4 5 2 0 1 5 0 3 4 5 1 2 5 3 4 5 4 | 14 16  0 6 1 0 7 1 0 13 1 1 7 2 1 8 1 2 8 1 2 9 2 3 9 1 3 10 1 3 13 1 4 10 2 4 11 1 5 11 2 5 12 1 6 12 2 8 13 1
R 696 42 63 6 5128 3 4 5 1 2 0 3 4 2 1 5 0 2 4 3 1 0 4 1 2 3 0 2 3 1 5 2 0 4 3 2 5 1 4 0 3 2 1 0 0 3 1 0 1 2 4 5 3 0 1 5 2 3 4 0 1 5 2 5 3 4 5 4 | 14 16  0 6 1 0 7 1 0 13 1 1 7 2 1 8 1 2 8 1 2 9 2 3 9 1 3 10 2 4 10 1 4 11 1 4 13 1 5 11 2 5 12 1 6 12 2 8 13 1
R 697 42 63 6 518 3 4 5 1 4 3 2 0 4 3 1 2 0 3 4 1 0 2 1 2 3 2 4 0 4 0 3 2 1 0 4 3 1 2 0 3 1 0 4 1 2 5 0 1 2 5 2 0 1 5 3 4 5 0 2 5 1 4 5 3 5 4 3 | 14 17  0 6 1 0 7 1 0 12 1 1 7 1 1 8 1 1 13 1 2 8 2 2 9 1 3 9 2 3 10 1 4 10 2 4 11 1 5 11 2 5 12 1 6 12 1 6 13 1 7 13 1
R 698 42 63 6 964 3 4 5 1 2 0 3 5 1 2 4 5 3 0 4 1 0 2 1 2 3 0 2 4 3 2 1 0 5 3 1 4 2 2 0 3 1 0 4 1 3 0 0 1 2 3 4 5 0 2 4 1 0 3 5 1 2 4 5 3 5 4 5 | 14 17  0 6 1 0 7 1 0 12 1 1 7 1 1 8 2 2 8 1 2 9 2 3 9 1 3 10 2 4 10 1 4 11 1 4 13 1 5 11 2 5 12 1 6 12 1 6 13 1 7 13 1
R 699 42 63 6 365 3 4 5 1 2 0 3 4 1 0 2 4 1 3 5 0 4 2 1 2 3 0 4 5 3 2 1 0 4 3 1 2 0 4 3 1 1 0 4 5 3 0 0 1 2 3 4 5 0 2 5 1 3 5 4 0 2 5 3 1 5 4 2 | 14 17  0 6 1 0 7 1 0 12 1 1 7 1 1 8 2 2 8 1 2 9 2 3 9 1 3 10 2 4 10 1 4 11 2 5 11 1 5 12 1 5 13 1 6 12 1 6 13 1 7 13 1
R 700 42 63 6 1947 3 4 5 1 2 4 0 2 4 3 1 2 0 3 4 1 0 2 1 2 3 4 2 5 3 0 4 2 1 0 4 3 1 2 0 3 1 0 4 0 3 1 0 1 2 0 3 5 1 3 5 4 5 0 2 5 1 4 5 3 5 4 2 | 14 17  0 6 1 0 7 1 0 12 1 1 7 2 1 8 1 2 8 1 2 9 1 2 13 1 3 9 2 3 10 1 4 10 2 4 11 1 5 11 2 5 12 1 6 12 1 6 13 1 8 13 1
R 701 42 63 6 338 3 4 5 1 2 0 2 3 5 1 4 2 0 3 4 1 0 2 1 2 3 0 2 3 1 4 5 0 3 2 4 3 1 2 0 3 1 0 4 5 0 1 0 1 2 4 5 3 0 1 4 5 0 3 2 5 1 4 5 3 5 4 2 | 14 17  0 6 1 0 7 1 0 12 1 1 7 2 1 8 1 2 8 1 2 9 2 3 9 1 3 10 1 3 13 1 4 10 2 4 11 1 5 11 2 5 12 1 6 12 1 6 13 1 8 13 1
R 702 42 63 6 1630 3 4 5 1 2 0 4 5 3 1 4 2 0 3 4 1 0 2 1 2 3 0 2 4 3 5 1 0 4 3 4 3 1 2 0 3 1 0 4 0 1 5 0 1 2 3 5 4 0 2 1 5 0 3 2 5 1 4 5 3 5 4 2 | 14 17  0 6 1 0 7 1 0 12 1 1 7 2 1 8 1 2 8 2 2 9 1 3 9 1 3 10 1 3 13 1 4 10 2 4 11 1 5 11 2 5 12 1 6 12 1 6 13 1 9 13 1
R 703 42 63 6 875 1 2 3 0 4 1 3 2 0 4 1 2 0 3 4 2 0 1 3 4 5 0 2 1 4 3 5 2 1 0 4 3 2 1 0 4 3 0 2 3 4 1 0 4 5 3 2 5 1 4 5 3 5 0 1 5 2 3 5 4 1 2 0 | 14 17  0 6 1 0 7 2 1 7 1 1 8 1 1 12 1 2 8 1 2 9 1 2 13 1 3 9 2 3 10 1 4 10 2 4 11 1 5 11 2 5 12 1 6 12 1 6 13 1 8 13 1
R 704 42 63 6 77 1 2 3 0 4 1 2 5 4 1 3 2 0 3 4 2 0 1 3 4 5 0 2 1 4 5 0 1 5 2 4 3 2 1 0 4 3 0 2 0 4 1 0 4 5 3 2 5 1 0 3 4 0 5 1 5 2 3 5 4 1 2 3 | 14 17  0 6 1 0 7 2 1 7 1 1 8 1 1 12 1 2 8 1 2 9 2 3 9 1 3 10 1 3 13 1 4 10 2 4 11 1 5 11 2 5 12 1 6 12 1 6 13 1 8 13 1
R 705 42 63 6 43969 1 2 3 0 4 1 1 2 4 3 5 0 4 1 3 2 0 1 3 4 5 0 2 1 4 5 0 3 2 1 4 5 3 1 0 4 3 0 2 0 4 3 0 4 5 3 2 5 3 0 5 4 1 2 0 2 5 3 5 4 1 2 1 | 14 17  0 6 1 0 7 2 1 7 1 1 8 1 1 12 1 2 8 1 2 9 2 3 9 1 3 10 2 4 10 1 4 11 1 4 13 1 5 11 2 5 12 1 6 12 1 6 13 1 8 13 1
R 706 42 63 6 520 3 1 2 0 2 3 3 5 4 1 2 3 0 2 4 1 0 3 0 2 1 3 4 5 4 2 0 1 5 3 4 2 1 3 0 2 1 0 5 0 4 1 4 5 0 1 5 4 1 0 2 4 0 5 3 5 1 4 5 2 3 2 3 | 14 17  0 6 2 0 7 1 1 7 1 1 8 1 1 12 1 2 8 1 2 9 2 3 9 1 3 10 1 3 13 1 4 10 2 4 11 1 5 11 2 5 12 1 6 12 1 7 13 1 8 13 1
R 707 42 63 6 973 3 1 2 0 2 3 2 5 1 3 4 5 2 0 4 1 0 3 0 2 1 3 4 5 1 2 3 0 5 2 1 4 3 3 0 2 1 0 5 1 5 0 4 5 0 1 5 4 0 3 4 1 0 2 5 1 3 4 5 2 3 2 4 | 14 17  0 6 2 0 7 1 1 7 1 1 8 1 1 12 1 2 8 1 2 9 2 3 9 1 3 10 2 4 10 1 4 11 1 4 13 1 5 11 2 5 12 1 6 12 1 7 13 1 8 13 1
R 708 42 63 6 78 1 2 3 0 4 1 2 4 3 1 3 2 0 3 4 2 0 1 3 4 5 0 2 1 3 4 1 0 2 5 4 3 2 1 0 4 3 0 2 0 4 1 0 4 5 3 2 5 0 5 1 4 0 5 1 5 2 3 5 4 1 2 3 | 14 17  0 6 1 0 7 2 1 7 1 1 8 1 1 12 1 2 8 2 2 9 1 3 9 1 3 10 1 3 13 1 4 10 2 4 11 1 5 11 2 5 12 1 6 12 1 6 13 1 9 13 1
R 709 42 63 6 91 1 2 3 0 4 1 2 4 3 2 4 1 3 0 4 2 0 1 3 4 5 0 2 1 3 4 0 1 2 5 3 4 2 1 0 4 3 0 2 1 3 0 0 4 5 3 2 5 1 5 0 3 0 5 1 2 5 3 5 4 1 2 4 | 14 17  0 6 1 0 7 2 1 7 1 1 8 1 1 12 1 2 8 2 2 9 1 3 9 1 3 10 2 4 10 1 4 11 1 4 13 1 5 11 2 5 12 1 6 12 1 6 13 1 9 13 1
R 710 42 63 6 983 3 1 2 0 2 3 5 1 4 1 2 3 0 2 4 1 0 3 0 2 1 3 4 5 4 1 3 0 2 4 4 2 1 3 0 2 1 0 5 0 5 3 4 5 0 1 5 4 0 2 3 5 0 4 3 5 1 4 5 2 3 2 1 | 14 17  0 6 2 0 7 1 1 7 1 1 8 1 1 12 1 2 8 2 2 9 1 3 9 1 3 10 1 3 13 1 4 10 2 4 11 1 5 11 2 5 12 1 6 12 1 7 13 1 9 13 1
R 711 42 63 6 137 3 4 5 1 2 0 3 4 0 1 4 5 2 1 3 0 2 4 1 2 3 0 2 4 1 5 0 5 4 2 3 1 0 4 2 3 1 2 0 0 1 4 0 1 2 3 5 4 2 1 5 0 3 2 4 5 0 1 5 3 4 5 3 | 14 17  0 6 1 0 7 1 0 13 1 1 7 2 1 8 1 2 8 1 2 9 1 2 12 1 3 9 2 3 10 1 4 10 2 4 11 1 5 11 2 5 12 1 6 12 1 6 13 1 8 13 1
R 712 42 63 6 1070 1 2 3 0 4 1 2 3 0 1 3 2 5 3 4 0 1 2 3 4 5 0 2 1 3 4 0 5 1 2 4 3 0 2 1 3 4 2 0 1 5 0 0 4 5 3 2 5 1 4 5 0 5 4 1 2 0 4 5 3 1 2 3 | 14 17  0 6 1 0 7 2 1 7 1 1 8 2 2 8 1 2 9 1 2 12 1 3 9 1 3 10 1 3 13 1 4 10 2 4 11 1 5 11 2 5 12 1 6 12 1 6 13 1 9 13 1
R 713 42 63 6 185 1 2 3 0 4 1 2 3 0 1 5 4 3 2 5 0 1 2 3 4 5 0 2 1 3 4 0 3 1 0 2 5 1 2 1 3 4 2 0 0 4 3 0 4 5 3 2 5 1 4 5 2 0 3 4 0 1 4 5 3 1 2 5 | 14 17  0 6 1 0 7 2 1 7 1 1 8 2 2 8 1 2 9 1 2 12 1 3 9 1 3 10 2 4 10 1 4 11 1 4 13 1 5 11 2 5 12 1 6 12 1 6 13 1 9 13 1
R 714 42 63 6 96 1 2 3 0 4 1 2 3 0 3 4 1 2 5 4 1 0 2 3 4 5 0 2 1 3 4 0 1 5 2 0 4 3 1 5 2 4 2 0 1 4 0 0 4 5 3 2 5 1 4 5 0 2 5 1 0 3 4 3 5 1 2 3 | 14 17  0 6 1 0 7 2 1 7 1 1 8 2 2 8 1 2 9 1 2 12 1 3 9 1 3 10 2 4 10 1 4 11 2 5 11 1 5 12 1 5 13 1 6 12 1 6 13 1 9 13 1
R 715 42 63 6 1530 3 1 2 0 2 3 1 4 2 3 4 0 5 2 4 1 0 3 0 2 1 3 4 5 1 2 0 5 3 1 4 2 1 3 0 2 1 0 4 3 5 0 4 5 0 1 4 5 3 0 5 2 5 1 0 3 1 4 5 2 3 2 4 | 14 17  0 6 2 0 7 1 1 7 1 1 8 2 2 8 1 2 9 1 2 12 1 3 9 1 3 10 1 3 13 1 4 10 2 4 11 1 5 11 2 5 12 1 6 12 1 7 13 1 9 13 1
R 716 42 63 6 100 3 1 2 0 2 3 1 4 2 4 5 3 2 0 4 1 0 3 0 2 1 3 4 5 1 2 0 3 5 1 2 5 4 3 0 2 1 0 4 1 3 0 4 5 0 1 4 5 3 0 5 2 0 1 3 1 5 4 5 2 3 2 4 | 14 17  0 6 2 0 7 1 1 7 1 1 8 2 2 8 1 2 9 1 2 12 1 3 9 1 3 10 2 4 10 1 4 11 1 4 13 1 5 11 2 5 12 1 6 12 1 7 13 1 9 13 1
R 717 42 63 6 10146 3 1 2 0 2 3 1 4 2 0 4 5 2 3 1 0 5 3 0 2 1 3 4 5 1 2 0 3 4 2 1 4 0 5 3 2 1 0 4 0 1 3 4 5 0 1 4 5 3 0 5 1 2 3 5 0 4 1 2 4 3 2 5 | 14 17  0 6 2 0 7 1 1 7 1 1 8 2 2 8 1 2 9 1 2 12 1 3 9 1 3 10 2 4 10 1 4 11 2 5 11 1 5 12 1 5 13 1 6 12 1 7 13 1 9 13 1
R 718 42 63 6 1990 3 1 2 0 4 3 1 2 3 1 5 4 0 2 5 1 0 3 0 2 1 3 4 1 0 2 3 4 0 2 5 2 1 3 0 2 1 4 5 0 3 4 4 5 0 2 5 1 4 5 0 3 0 2 3 4 1 4 5 2 3 5 1 | 14 17  0 6 2 0 7 1 1 7 2 1 8 1 2 8 1 2 9 1 2 12 1 3 9 1 3 10 1 3 13 1 4 10 2 4 11 1 5 11 2 5 12 1 6 12 1 8 13 1 9 13 1
R 719 42 63 6 97 1 2 3 0 4 1 2 3 0 4 1 5 3 2 4 0 1 2 3 4 5 0 2 1 3 4 0 5 1 3 0 2 1 2 1 3 4 2 0 0 5 3 0 4 5 3 2 5 1 4 5 0 2 3 5 0 1 4 5 3 1 2 4 | 14 17  0 6 1 0 7 2 1 7 1 1 8 2 2 8 1 2 9 1 2 12 1 3 9 2 3 10 1 4 10 1 4 11 1 4 13 1 5 11 2 5 12 1 6 12 1 6 13 1 10 13 1
R 720 42 63 6 980 3 1 2 0 2 3 1 4 2 0 4 5 2 3 4 1 0 3 0 2 1 3 4 5 1 2 0 5 4 3 1 2 5 3 0 2 1 0 4 0 1 3 4 5 0 1 4 5 3 0 5 1 2 3 0 1 5 4 5 2 3 2 4 | 14 17  0 6 2 0 7 1 1 7 1 1 8 2 2 8 1 2 9 1 2 12 1 3 9 2 3 10 1 4 10 1 4 11 1 4 13 1 5 11 2 5 12 1 6 12 1 7 13 1 10 13 1
R 721 42 63 6 765 3 4 5 1 2 0 3 4 0 1 2 4 5 2 3 1 0 4 1 2 3 0 2 4 1 5 0 2 4 3 3 2 1 4 0 5 1 0 2 0 1 4 0 1 2 3 5 4 2 1 5 0 5 3 0 4 1 2 3 5 4 5 3 | 14 17  0 6 1 0 7 1 0 13 1 1 7 2 1 8 1 2 8 1 2 9 2 3 9 1 3 10 1 3 12 1 4 10 2 4 11 1 5 11 2 5 12 1 6 12 1 6 13 1 8 13 1
R 722 42 63 6 66 1 2 3 0 4 2 1 4 0 2 3 1 5 3 4 2 0 1 3 4 5 0 2 1 3 1 0 2 4 1 4 3 2 1 0 3 5 0 2 0 5 3 0 4 5 3 5 1 2 3 5 0 5 4 0 1 2 4 5 3 1 2 4 | 14 17  0 6 1 0 7 2 1 7 1 1 8 1 1 13 1 2 8 1 2 9 2 3 9 1 3 10 1 3 12 1 4 10 2 4 11 1 5 11 2 5 12 1 6 12 1 6 13 1 8 13 1
R 723 42 63 6 752 3 1 2 0 2 3 2 3 0 1 4 3 5 2 4 1 0 3 0 2 1 3 4 5 1 2 0 5 3 2 4 2 1 3 0 5 1 0 4 0 4 1 4 5 0 1 4 5 5 1 4 0 5 2 0 3 1 2 4 5 3 2 3 | 14 17  0 6 2 0 7 1 1 7 1 1 8 1 1 13 1 2 8 1 2 9 2 3 9 1 3 10 1 3 12 1 4 10 2 4 11 1 5 11 2 5 12 1 6 12 1 7 13 1 8 13 1
R 724 42 63 6 72 1 2 3 0 4 2 5 3 1 0 2 1 5 3 4 2 0 1 3 4 5 0 2 1 1 3 0 5 2 1 4 3 2 1 0 5 3 0 2 0 5 3 0 4 5 3 5 1 2 4 0 3 5 4 0 1 2 3 4 5 1 2 4 | 14 17  0 6 1 0 7 2 1 7 1 1 8 1 1 13 1 2 8 2 2 9 1 3 9 1 3 10 1 3 12 1 4 10 2 4 11 1 5 11 2 5 12 1 6 12 1 6 13 1 9 13 1
R 725 42 63 6 1393 1 2 3 0 4 1 2 3 0 1 4 2 3 0 2 5 0 1 3 4 5 0 2 1 3 4 0 1 3 2 5 4 2 1 0 4 3 0 2 1 5 3 0 4 5 3 2 5 1 4 5 0 3 5 1 5 4 2 3 4 1 2 0 | 14 17  0 6 1 0 7 2 1 7 1 1 8 2 2 8 1 2 9 2 3 9 1 3 10 1 3 12 1 4 10 1 4 11 1 4 13 1 5 11 2 5 12 1 6 12 1 6 13 1 10 13 1
R 726 42 63 6 265 1 2 3 0 4 1 2 3 0 1 4 2 3 4 5 0 2 1 3 4 5 0 2 1 3 4 0 1 3 2 5 0 2 1 4 3 3 0 2 0 5 1 0 4 5 3 2 5 1 4 5 0 3 5 1 0 2 5 4 3 1 2 4 | 14 17  0 6 1 0 7 2 1 7 1 1 8 2 2 8 1 2 9 2 3 9 1 3 10 1 3 12 1 4 10 1 4 11 2 5 11 1 5 12 1 5 13 1 6 12 1 6 13 1 10 13 1
R 727 42 63 6 1698 3 1 2 0 2 3 1 4 0 2 3 1 4 1 3 2 0 5 0 2 1 3 4 5 1 2 0 3 4 1 3 5 2 5 0 1 2 0 4 0 4 3 4 5 0 1 4 5 3 2 5 0 4 5 0 2 5 3 4 1 3 2 1 | 14 17  0 6 2 0 7 1 1 7 1 1 8 2 2 8 1 2 9 2 3 9 1 3 10 1 3 12 1 4 10 1 4 11 1 4 13 1 5 11 2 5 12 1 6 12 1 7 13 1 10 13 1
R 728 42 63 6 104 3 1 2 0 2 3 1 4 0 2 3 1 3 5 4 0 2 3 0 2 1 3 4 5 1 2 0 3 4 1 0 5 2 1 5 3 2 0 4 0 4 1 4 5 0 1 4 5 3 2 5 0 4 5 1 0 2 4 1 5 3 2 3 | 14 17  0 6 2 0 7 1 1 7 1 1 8 2 2 8 1 2 9 2 3 9 1 3 10 1 3 12 1 4 10 1 4 11 2 5 11 1 5 12 1 5 13 1 6 12 1 7 13 1 10 13 1
R 729 42 63 6 100 3 4 5 0 1 2 3 4 0 1 2 3 0 4 1 2 4 5 1 2 3 2 0 5 4 1 0 2 4 3 0 2 1 5 4 1 3 0 2 0 1 4 0 1 2 4 3 5 2 1 5 0 4 5 3 2 5 0 3 1 4 5 3 | 14 17  0 6 1 0 7 1 0 13 1 1 7 1 1 8 2 2 8 1 2 9 2 3 9 1 3 10 2 4 10 1 4 11 1 4 12 1 5 11 2 5 12 1 6 12 1 6 13 1 7 13 1
R 730 42 63 6 117 1 2 3 0 4 2 1 4 0 2 3 1 0 4 2 3 1 5 3 4 5 0 2 1 3 1 0 2 4 1 0 3 2 5 1 4 3 0 2 0 5 3 0 4 5 3 5 1 2 3 5 0 4 5 1 3 5 0 2 4 1 2 4 | 14 17  0 6 1 0 7 2 1 7 1 1 8 1 1 13 1 2 8 1 2 9 2 3 9 1 3 10 2 4 10 1 4 11 1 4 12 1 5 11 2 5 12 1 6 12 1 6 13 1 8 13 1
R 731 42 63 6 100 3 1 2 0 2 3 2 3 0 1 4 2 0 3 1 4 3 5 0 2 1 3 4 5 1 2 0 5 3 2 0 4 1 5 3 1 2 0 4 0 4 1 4 5 0 1 4 5 5 1 4 0 3 5 2 4 5 0 2 1 3 2 3 | 14 17  0 6 2 0 7 1 1 7 1 1 8 1 1 13 1 2 8 1 2 9 2 3 9 1 3 10 2 4 10 1 4 11 1 4 12 1 5 11 2 5 12 1 6 12 1 7 13 1 8 13 1
R 732 42 63 6 233 3 4 5 1 2 0 3 5 1 0 2 3 1 4 0 2 4 5 1 2 3 0 2 3 1 5 0 4 2 5 1 2 0 5 4 3 1 2 0 0 1 4 0 1 2 4 5 3 2 4 0 1 4 5 3 2 5 0 1 3 4 5 3 | 14 17  0 6 1 0 7 1 0 13 1 1 7 2 1 8 1 2 8 2 2 9 1 3 9 1 3 10 2 4 10 1 4 11 1 4 12 1 5 11 2 5 12 1 6 12 1 6 13 1 9 13 1
R 733 42 63 6 162 1 2 3 0 4 2 5 3 1 0 2 1 3 4 2 0 1 5 3 4 5 0 2 1 1 3 0 5 2 1 3 2 0 5 1 4 3 0 2 0 5 3 0 4 5 3 5 1 2 4 0 3 4 5 1 0 5 2 3 4 1 2 4 | 14 17  0 6 1 0 7 2 1 7 1 1 8 1 1 13 1 2 8 2 2 9 1 3 9 1 3 10 2 4 10 1 4 11 1 4 12 1 5 11 2 5 12 1 6 12 1 6 13 1 9 13 1
R 734 42 63 6 82 1 2 3 0 4 1 2 3 4 0 4 1 2 3 0 4 1 5 3 4 5 0 2 1 3 4 0 1 5 2 3 4 0 5 1 3 4 2 0 0 1 3 0 4 5 3 2 5 1 0 5 3 2 5 1 4 5 0 2 3 1 2 4 | 14 17  0 6 1 0 7 2 1 7 1 1 8 2 2 8 1 2 9 1 2 13 1 3 9 1 3 10 2 4 10 1 4 11 1 4 12 1 5 11 2 5 12 1 6 12 1 6 13 1 9 13 1
R 735 42 63 6 10397 3 1 2 0 2 3 4 2 1 0 3 4 1 2 3 5 0 4 0 2 1 3 4 5 1 2 0 4 5 2 1 3 0 4 0 2 1 4 5 0 4 1 4 5 0 1 4 5 3 5 0 1 2 5 4 5 0 1 3 2 3 2 3 | 14 17  0 6 2 0 7 1 1 7 1 1 8 1 1 13 1 2 8 2 2 9 1 3 9 1 3 10 2 4 10 1 4 11 1 4 12 1 5 11 2 5 12 1 6 12 1 7 13 1 9 13 1
R 736 42 63 6 109 1 2 3 0 4 2 5 3 1 0 4 2 0 1 2 3 1 4 3 4 5 0 2 1 1 3 0 2 4 1 3 0 2 4 1 5 3 0 2 0 5 3 0 4 5 3 5 1 2 4 0 3 5 1 5 3 4 0 2 5 1 2 4 | 14 17  0 6 1 0 7 2 1 7 1 1 8 1 1 13 1 2 8 2 2 9 1 3 9 2 3 10 1 4 10 1 4 11 1 4 12 1 5 11 2 5 12 1 6 12 1 6 13 1 10 13 1
R 737 42 63 6 2227 3 1 2 0 2 3 1 4 0 2 3 1 0 4 5 0 3 2 0 2 1 3 4 5 1 2 0 3 4 1 0 3 2 4 2 5 1 0 5 1 4 3 4 5 0 1 4 5 3 2 5 0 4 5 1 3 2 1 4 5 3 2 0 | 14 17  0 6 2 0 7 1 1 7 1 1 8 2 2 8 1 2 9 2 3 9 1 3 10 2 4 10 1 4 11 1 4 12 1 5 11 1 5 12 1 5 13 1 6 12 1 7 13 1 11 13 1
R 738 42 63 6 19211 3 1 2 0 2 3 4 5 2 1 4 0 3 5 4 1 0 2 0 2 1 3 4 5 2 5 1 0 3 2 5 4 1 2 0 3 4 0 1 0 1 5 4 5 0 1 4 5 0 3 1 5 2 3 0 1 2 4 5 3 3 2 4 | 14 17  0 6 2 0 7 1 1 7 1 1 8 1 1 12 1 2 8 2 2 9 1 3 9 1 3 10 2 4 10 1 4 11 1 4 13 1 5 11 2 5 12 1 6 13 1 7 12 1 9 13 1
R 739 42 63 6 1060 3 1 2 0 4 3 1 2 5 3 0 4 2 1 5 3 0 1 0 2 1 3 4 1 0 2 3 4 0 2 5 3 4 1 0 2 3 1 4 0 2 5 4 5 0 2 5 1 4 3 0 1 5 2 0 3 4 4 5 2 3 5 1 | 14 17  0 6 2 0 7 1 1 7 2 1 8 1 2 8 1 2 9 1 2 12 1 3 9 2 3 10 1 4 10 1 4 11 1 4 13 1 5 11 2 5 12 1 6 13 1 8 12 1 10 13 1
R 740 42 63 6 4052 3 1 2 0 2 3 1 4 0 2 4 3 1 0 2 4 5 3 0 2 1 3 4 5 1 2 0 3 5 0 1 4 2 3 5 0 1 3 2 4 1 0 4 5 0 1 4 5 3 2 5 1 0 5 3 4 5 1 2 0 3 2 4 | 14 17  0 6 2 0 7 1 1 7 1 1 8 2 2 8 1 2 9 1 2 12 1 3 9 1 3 10 2 4 10 1 4 11 1 4 13 1 5 11 2 5 12 1 6 13 1 7 13 1 9 12 1
R 741 42 63 6 420 1 2 3 0 4 1 2 4 0 1 3 2 3 2 5 0 1 4 3 4 5 0 2 1 3 4 0 1 4 2 4 1 3 3 2 0 0 4 2 0 3 1 0 4 5 3 2 5 1 3 5 0 4 5 0 1 4 2 5 3 1 2 5 | 14 18  0 6 1 0 7 2 1 7 1 1 8 1 1 11 1 2 8 1 2 9 2 3 9 1 3 11 1 3 12 1 4 10 1 4 11 1 4 13 1 5 10 2 5 12 1 6 12 1 6 13 1 8 13 1
R 742 42 63 6 149 1 2 3 0 4 1 2 4 0 1 3 2 0 4 5 1 2 5 3 4 5 0 2 1 3 4 0 1 4 2 1 5 4 0 2 3 0 4 2 0 3 1 0 4 5 3 2 5 1 3 5 0 4 5 2 3 1 0 3 4 1 2 5 | 14 18  0 6 1 0 7 2 1 7 1 1 8 1 1 11 1 2 8 1 2 9 2 3 9 1 3 11 1 3 12 1 4 10 2 4 11 1 5 10 1 5 12 1 5 13 1 6 12 1 6 13 1 8 13 1
R 743 42 63 6 124 3 1 2 0 2 3 2 4 0 1 3 5 0 1 2 5 3 4 0 2 1 3 4 5 1 2 0 3 4 2 4 3 2 0 1 4 1 0 5 0 3 1 4 5 0 1 4 5 3 1 5 0 2 4 5 3 4 0 1 2 3 2 5 | 14 18  0 6 2 0 7 1 1 7 1 1 8 1 1 11 1 2 8 1 2 9 2 3 9 1 3 11 1 3 12 1 4 10 1 4 11 1 4 13 1 5 10 2 5 12 1 6 12 1 7 13 1 8 13 1
R 744 42 63 6 917 1 2 3 0 4 1 2 4 3 0 2 5 5 0 2 1 3 4 3 4 5 0 2 1 3 4 0 1 2 3 4 3 5 2 0 3 0 4 2 1 4 0 0 4 5 3 2 5 1 5 0 4 1 3 1 4 3 0 2 5 1 2 5 | 14 18  0 6 1 0 7 2 1 7 1 1 8 1 1 11 1 2 8 2 2 9 1 3 9 1 3 11 1 3 12 1 4 10 1 4 11 1 4 13 1 5 10 2 5 12 1 6 12 1 6 13 1 9 13 1
R 745 42 63 6 919 1 2 3 0 4 1 3 5 4 2 0 1 1 0 2 4 3 5 3 4 5 0 2 1 4 3 1 1 0 4 5 3 2 3 0 4 3 0 2 1 4 0 0 4 5 3 2 5 0 2 1 3 5 4 4 5 3 0 1 2 1 2 5 | 14 18  0 6 1 0 7 2 1 7 1 1 8 1 1 12 1 2 8 1 2 9 1 2 11 1 3 9 2 3 12 1 4 10 1 4 11 1 4 13 1 5 10 2 5 11 1 6 12 1 6 13 1 8 13 1
R 746 42 63 6 10438 3 1 2 0 2 3 2 5 4 1 0 3 1 0 2 4 3 5 0 2 1 3 4 5 1 2 3 3 0 2 5 3 2 0 1 4 1 0 5 1 5 0 4 5 0 1 5 4 0 1 3 4 5 2 4 5 3 0 1 2 3 2 4 | 14 18  0 6 2 0 7 1 1 7 1 1 8 1 1 12 1 2 8 1 2 9 1 2 11 1 3 9 2 3 12 1 4 10 1 4 11 1 4 13 1 5 10 2 5 11 1 6 12 1 7 13 1 8 13 1
R 747 42 63 6 57 3 4 5 0 1 2 3 4 0 1 4 2 2 0 4 5 1 3 1 2 3 2 0 5 4 1 0 2 4 0 3 1 4 3 2 0 1 5 2 0 1 4 0 1 2 4 3 5 2 1 5 3 5 0 5 1 3 0 2 4 4 5 3 | 14 18  0 6 1 0 7 1 0 13 1 1 7 1 1 8 2 2 8 1 2 9 1 2 11 1 3 9 2 3 12 1 4 10 1 4 11 1 4 12 1 5 10 2 5 11 1 6 12 1 6 13 1 7 13 1
R 748 42 63 6 57 3 1 2 0 2 3 1 4 0 2 4 3 5 0 3 1 2 4 0 2 1 3 4 5 1 2 0 3 4 0 3 2 0 1 2 0 1 5 4 1 5 3 4 5 0 1 4 5 3 2 5 1 5 0 1 4 2 5 3 0 3 2 4 | 14 18  0 6 2 0 7 1 1 7 1 1 8 2 2 8 1 2 9 1 2 11 1 3 9 2 3 12 1 4 10 1 4 11 1 4 12 1 5 10 1 5 11 1 5 13 1 6 12 1 7 13 1 10 13 1
R 749 42 63 6 2325 3 4 5 1 2 0 3 4 5 1 0 4 1 0 2 4 2 5 1 2 3 0 2 4 5 2 1 4 0 5 5 2 3 0 1 4 2 1 0 1 0 4 0 1 2 5 3 4 0 1 2 2 3 5 4 5 3 0 1 3 4 5 3 | 14 18  0 6 1 0 7 1 0 13 1 1 7 1 1 8 2 2 8 1 2 9 1 2 11 1 3 9 2 3 12 1 4 10 1 4 11 1 4 13 1 5 10 2 5 11 1 6 12 1 6 13 1 7 12 1
R 750 42 63 6 393 3 1 2 0 2 3 1 4 0 2 4 3 5 2 1 0 2 3 0 2 1 3 4 5 1 2 0 3 4 0 1 0 3 3 2 4 5 1 4 5 0 1 4 5 0 1 4 5 3 2 5 1 5 0 4 0 3 5 1 4 3 2 2 | 14 18  0 6 2 0 7 1 1 7 1 1 8 2 2 8 1 2 9 1 2 11 1 3 9 2 3 12 1 4 10 1 4 11 1 4 13 1 5 10 1 5 11 1 5 13 1 6 12 1 7 13 1 10 12 1
R 751 42 63 6 221 1 2 3 0 4 2 1 4 0 2 3 1 4 0 1 5 2 3 3 4 5 0 2 1 3 1 0 2 4 1 3 2 1 3 4 0 5 0 2 0 5 3 0 4 5 3 5 1 2 3 5 0 5 4 5 2 3 0 4 1 1 2 4 | 14 18  0 6 1 0 7 2 1 7 1 1 8 1 1 13 1 2 8 1 2 9 2 3 9 1 3 11 1 3 12 1 4 10 1 4 11 1 4 12 1 5 10 2 5 11 1 6 12 1 6 13 1 8 13 1
R 752 42 63 6 100 3 1 2 0 2 3 2 3 0 1 4 3 1 0 2 3 4 5 0 2 1 3 4 5 1 2 0 5 3 2 5 4 1 0 2 3 1 0 4 0 4 1 4 5 0 1 4 5 5 1 4 0 5 2 3 4 5 0 2 1 3 2 3 | 14 18  0 6 2 0 7 1 1 7 1 1 8 1 1 13 1 2 8 1 2 9 2 3 9 1 3 11 1 3 12 1 4 10 1 4 11 1 4 12 1 5 10 2 5 11 1 6 12 1 7 13 1 8 13 1
R 753 42 63 6 176 1 2 3 0 4 1 2 3 0 1 4 2 4 2 0 3 4 1 3 4 5 0 2 1 3 4 0 1 3 2 1 0 2 3 4 2 3 4 0 0 5 1 0 4 5 3 2 5 1 4 5 0 5 3 3 1 5 5 0 2 1 2 4 | 14 18  0 6 1 0 7 2 1 7 1 1 8 2 2 8 1 2 9 2 3 9 1 3 11 1 3 13 1 4 10 1 4 11 1 4 12 1 5 10 1 5 11 1 5 12 1 6 12 1 6 13 1 10 13 1
R 754 42 63 6 111 3 1 2 0 2 3 4 2 1 0 4 3 2 5 1 0 4 3 0 2 1 3 4 5 1 2 0 3 4 1 1 0 2 0 5 4 2 4 5 0 4 1 4 5 0 1 4 5 3 5 0 2 5 1 4 3 0 5 2 1 3 2 3 | 14 18  0 6 2 0 7 1 1 7 1 1 8 1 1 13 1 2 8 2 2 9 1 3 9 2 3 11 1 4 10 1 4 11 1 4 12 1 5 10 1 5 11 1 5 12 1 6 12 1 7 13 1 10 13 1
R 755 42 63 6 10438 3 4 5 1 3 2 0 3 4 1 0 2 0 1 3 2 4 5 1 2 3 2 0 5 4 3 1 2 0 3 5 4 3 1 0 4 1 0 2 0 2 1 0 1 2 4 0 5 2 5 1 4 5 3 2 4 5 0 1 3 5 4 3 | 14 18  0 6 1 0 7 1 0 11 1 1 7 1 1 8 1 1 12 1 2 8 2 2 9 1 3 9 2 3 11 1 4 10 1 4 12 1 4 13 1 5 10 2 5 12 1 6 11 1 6 13 1 7 13 1
R 756 42 63 6 1460 3 4 5 1 2 0 3 5 4 0 1 2 3 4 5 0 1 5 1 2 3 0 2 4 5 2 1 0 5 3 5 1 4 1 0 4 0 3 2 0 1 5 0 1 2 5 3 4 0 1 2 4 3 5 0 1 2 2 3 4 5 4 3 | 14 18  0 6 1 0 7 1 0 11 1 1 7 1 1 8 2 2 8 1 2 9 2 3 9 1 3 11 1 3 12 1 4 10 1 4 12 1 4 13 1 5 10 2 5 12 1 6 11 1 6 13 1 7 13 1
R 757 42 63 6 221 3 4 5 1 2 0 3 4 1 0 1 2 4 0 1 5 2 3 1 2 3 0 2 3 1 4 0 2 3 5 3 2 1 1 0 4 3 4 0 5 2 0 0 1 2 4 5 3 2 5 0 4 3 5 5 2 3 0 4 1 5 4 1 | 14 18  0 6 1 0 7 1 0 11 1 1 7 2 1 8 1 2 8 2 2 9 1 3 9 1 3 11 1 3 12 1 4 10 1 4 12 1 4 13 1 5 10 2 5 12 1 6 11 1 6 13 1 9 13 1
R 758 42 63 6 124 3 4 5 1 3 2 0 3 4 1 0 2 1 5 4 0 3 4 1 2 3 0 2 5 4 3 1 2 0 3 4 3 5 1 0 4 2 0 1 0 4 1 0 1 2 4 0 5 2 5 1 4 5 3 0 3 2 1 2 5 5 4 3 | 14 18  0 6 1 0 7 1 0 11 1 1 7 1 1 8 1 1 13 1 2 8 2 2 9 1 3 9 2 3 11 1 4 10 1 4 12 1 4 13 1 5 10 2 5 12 1 6 11 1 6 12 1 7 13 1
R 759 42 63 6 169517 3 4 5 1 2 0 3 5 4 0 1 2 0 3 4 1 4 5 1 2 3 0 2 5 4 2 1 0 5 3 5 4 3 1 0 4 2 1 0 0 4 1 0 1 2 4 3 5 0 1 2 4 3 5 1 5 2 0 2 3 5 4 3 | 14 18  0 6 1 0 7 1 0 11 1 1 7 1 1 8 2 2 8 1 2 9 2 3 9 1 3 11 1 3 13 1 4 10 1 4 12 1 4 13 1 5 10 2 5 12 1 6 11 1 6 12 1 7 13 1
R 760 42 63 6 136 3 4 5 1 2 0 3 0 4 1 0 2 1 0 5 2 3 4 1 2 3 0 2 3 1 4 5 2 0 3 4 3 5 1 0 4 2 0 1 1 2 3 0 1 2 4 5 3 2 1 5 4 5 3 2 3 4 0 1 5 5 4 0 | 14 18  0 6 1 0 7 1 0 11 1 1 7 2 1 8 1 2 8 1 2 9 1 2 13 1 3 9 2 3 11 1 4 10 1 4 12 1 4 13 1 5 10 2 5 12 1 6 11 1 6 12 1 8 13 1
R 761 42 63 6 136 3 4 5 1 2 4 0 2 5 1 0 3 4 1 3 0 2 5 1 2 3 0 2 4 5 2 1 3 0 5 5 2 4 1 0 2 0 3 1 4 0 1 0 1 2 5 0 3 3 4 1 2 4 5 0 5 2 1 3 4 4 5 3 | 14 18  0 6 1 0 7 1 0 12 1 1 7 1 1 8 1 1 11 1 2 8 2 2 9 1 3 9 2 3 11 1 4 10 1 4 12 1 4 13 1 5 10 2 5 12 1 6 11 1 6 13 1 7 13 1
R 762 42 63 6 21624 1 2 3 0 4 1 1 4 3 0 2 1 2 0 1 4 3 5 3 4 5 0 2 1 3 4 5 0 4 1 5 3 1 3 0 2 4 3 0 4 0 2 0 4 5 3 2 5 0 2 5 3 4 5 4 5 3 0 2 1 1 2 1 | 14 18  0 6 1 0 7 2 1 7 1 1 8 1 1 11 1 2 8 1 2 9 2 3 9 1 3 11 1 3 13 1 4 10 1 4 12 1 4 13 1 5 10 2 5 12 1 6 11 1 6 12 1 8 13 1
R 763 42 63 6 162 1 2 3 0 4 1 2 4 3 0 2 1 0 3 4 1 2 5 3 4 5 0 2 1 3 4 0 1 2 5 5 2 4 3 0 2 3 1 0 0 3 1 0 4 5 3 2 5 1 5 0 3 4 5 1 5 2 0 3 4 1 2 4 | 14 18  0 6 1 0 7 2 1 7 1 1 8 1 1 11 1 2 8 2 2 9 1 3 9 1 3 11 1 3 13 1 4 10 1 4 12 1 4 13 1 5 10 2 5 12 1 6 11 1 6 12 1 9 13 1
R 764 42 63 6 702 1 2 3 0 4 1 2 4 5 3 0 1 1 0 2 4 3 0 3 4 5 0 2 1 5 4 3 1 0 4 2 4 5 3 0 2 3 0 1 4 3 1 0 4 5 3 2 5 0 1 3 2 5 4 3 4 5 1 5 2 1 2 0 | 14 18  0 6 1 0 7 2 1 7 1 1 8 1 1 11 1 2 8 2 2 9 1 3 9 2 3 11 1 4 10 1 4 12 1 4 13 1 5 10 1 5 12 1 5 13 1 6 11 1 6 12 1 10 13 1
R 765 42 63 6 910 1 2 3 0 4 1 2 3 0 1 4 2 1 0 5 2 3 5 3 4 5 0 2 1 3 4 0 3 1 2 5 3 4 4 2 0 0 1 2 1 3 0 0 4 5 3 2 5 1 4 5 0 3 5 2 3 4 0 1 4 1 2 5 | 14 18  0 6 1 0 7 2 1 7 1 1 8 2 2 8 1 2 9 1 2 11 1 3 9 1 3 11 1 3 12 1 4 10 1 4 12 1 4 13 1 5 10 2 5 12 1 6 11 1 6 13 1 9 13 1
R 766 42 63 6 918 3 1 2 0 4 3 1 2 3 0 4 3 0 1 5 2 4 5 0 2 1 3 4 1 0 2 3 2 0 3 5 4 3 1 4 5 1 0 2 0 2 1 4 5 0 2 5 1 4 5 0 1 2 5 2 4 3 0 1 3 3 5 4 | 14 18  0 6 2 0 7 1 1 7 2 1 8 1 2 8 1 2 9 1 2 11 1 3 9 1 3 11 1 3 12 1 4 10 1 4 12 1 4 13 1 5 10 2 5 12 1 6 11 1 8 13 1 9 13 1
R 767 42 63 6 1242769 1 2 3 0 4 1 0 2 3 4 1 5 1 0 2 3 2 5 3 4 5 0 2 1 3 4 5 5 1 3 5 2 4 4 0 2 3 0 1 3 2 1 0 4 5 3 2 5 1 4 5 0 2 3 3 5 4 0 1 4 1 2 0 | 14 18  0 6 1 0 7 2 1 7 1 1 8 1 1 13 1 2 8 1 2 9 1 2 11 1 3 9 2 3 11 1 4 10 1 4 12 1 4 13 1 5 10 2 5 12 1 6 11 1 6 12 1 8 13 1
R 768 42 63 6 117 1 2 3 0 4 1 2 3 0 1 4 2 1 0 2 3 2 5 3 4 5 0 2 1 3 4 0 3 1 5 5 2 4 4 2 0 3 0 1 1 0 3 0 4 5 3 2 5 1 4 5 0 3 5 3 5 4 0 1 4 1 2 2 | 14 18  0 6 1 0 7 2 1 7 1 1 8 2 2 8 1 2 9 1 2 11 1 3 9 1 3 11 1 3 13 1 4 10 1 4 12 1 4 13 1 5 10 2 5 12 1 6 11 1 6 12 1 9 13 1
R 769 42 63 6 248 1 2 3 0 4 1 2 3 0 4 1 5 1 0 2 4 3 0 3 4 5 0 2 1 3 4 0 5 1 3 2 4 5 4 2 0 3 0 1 4 3 1 0 4 5 3 2 5 1 4 5 0 2 3 3 4 5 1 5 2 1 2 0 | 14 18  0 6 1 0 7 2 1 7 1 1 8 2 2 8 1 2 9 1 2 11 1 3 9 2 3 11 1 4 10 1 4 12 1 4 13 1 5 10 1 5 12 1 5 13 1 6 11 1 6 12 1 10 13 1
R 770 42 63 6 1209 3 4 5 1 2 0 3 4 1 2 5 0 0 3 5 4 1 2 1 2 3 0 2 4 5 2 1 0 5 1 2 1 5 3 0 2 3 0 4 4 0 1 0 1 2 5 3 4 0 2 5 3 4 1 4 1 2 0 3 5 4 5 3 | 14 18  0 6 1 0 7 1 0 12 1 1 7 1 1 8 2 2 8 1 2 9 1 2 11 1 3 9 2 3 12 1 4 10 1 4 11 1 4 13 1 5 10 2 5 12 1 6 11 1 6 13 1 7 13 1
R 771 42 63 6 864 3 4 5 1 2 0 3 4 1 2 0 4 0 4 5 1 3 5 1 2 3 0 2 4 5 2 1 4 0 5 1 5 4 3 0 2 1 0 3 4 0 1 0 1 2 5 3 4 0 2 5 1 3 5 2 3 1 0 4 2 4 5 3 | 14 18  0 6 1 0 7 1 0 12 1 1 7 1 1 8 2 2 8 1 2 9 1 2 11 1 3 9 2 3 12 1 4 10 2 4 11 1 5 10 1 5 12 1 5 13 1 6 11 1 6 13 1 7 13 1
R 772 42 63 6 522 3 4 5 1 2 0 2 3 4 5 0 3 5 4 2 1 0 2 1 2 3 0 2 3 1 4 5 3 0 4 3 2 4 0 2 5 1 0 5 1 3 0 0 1 2 4 5 3 0 5 1 1 2 4 0 1 3 5 3 4 4 5 2 | 14 18  0 6 1 0 7 1 0 12 1 1 7 2 1 8 1 2 8 1 2 9 1 2 11 1 3 9 2 3 12 1 4 10 2 4 11 1 5 10 1 5 12 1 5 13 1 6 11 1 6 13 1 8 13 1
R 773 42 63 6 2659 1 2 3 0 4 1 2 4 3 0 1 5 0 1 5 3 2 5 3 4 5 0 2 1 3 4 0 5 1 3 3 5 1 2 0 4 2 0 4 0 3 1 0 4 5 3 2 5 1 0 5 2 4 3 2 4 3 0 1 4 1 2 5 | 14 18  0 6 1 0 7 2 1 7 1 1 8 1 1 12 1 2 8 1 2 9 1 2 11 1 3 9 2 3 12 1 4 10 2 4 11 1 5 10 1 5 12 1 5 13 1 6 11 1 6 13 1 8 13 1
R 774 42 63 6 3490 3 1 2 0 2 3 2 4 1 0 5 4 0 2 5 3 1 5 0 2 1 3 4 5 1 2 0 4 5 1 5 1 2 2 0 4 0 4 3 0 3 1 4 5 0 1 4 5 3 0 5 2 3 1 3 1 4 0 4 2 3 2 5 | 14 18  0 6 2 0 7 1 1 7 1 1 8 1 1 12 1 2 8 1 2 9 1 2 11 1 3 9 2 3 12 1 4 10 1 4 11 1 4 13 1 5 10 2 5 12 1 6 11 1 7 13 1 8 13 1
R 775 42 63 6 929 3 4 5 1 2 5 3 2 4 1 0 5 4 0 1 5 3 2 1 2 3 0 2 3 4 2 1 5 0 3 2 3 1 1 0 4 0 2 5 3 1 4 0 1 2 4 3 0 0 5 1 2 4 3 5 3 2 0 4 1 4 5 5 | 14 18  0 6 1 0 7 1 0 11 1 1 7 1 1 8 1 1 13 1 2 8 2 2 9 1 3 9 2 3 11 1 4 10 1 4 12 1 4 13 1 5 10 2 5 12 1 6 12 1 6 13 1 7 11 1
R 776 42 63 6 15803 3 4 5 1 2 5 3 2 4 5 0 1 1 0 2 3 4 5 1 2 3 0 2 3 4 2 5 1 0 2 5 4 1 3 1 4 3 0 2 3 0 1 0 1 2 4 3 0 0 1 5 3 4 2 3 5 4 0 2 1 4 5 5 | 14 18  0 6 1 0 7 1 0 13 1 1 7 1 1 8 1 1 11 1 2 8 2 2 9 1 3 9 2 3 11 1 4 10 1 4 12 1 4 13 1 5 10 2 5 12 1 6 12 1 6 13 1 7 11 1
R 777 42 63 6 2028 3 1 2 0 2 3 2 3 4 0 1 2 0 4 3 1 3 5 0 2 1 3 4 5 1 2 0 5 3 2 5 3 2 4 0 1 1 4 0 0 4 1 4 5 0 1 4 5 5 0 1 4 3 5 1 5 2 0 4 2 3 2 3 | 14 18  0 6 2 0 7 1 1 7 1 1 8 1 1 11 1 2 8 1 2 9 2 3 9 1 3 11 1 3 13 1 4 10 1 4 12 1 4 13 1 5 10 2 5 12 1 6 12 1 7 11 1 8 13 1
R 778 42 63 6 4649 3 1 2 0 2 3 0 4 2 1 4 5 5 2 3 0 1 3 0 2 1 3 4 5 1 2 5 5 4 2 3 1 5 1 4 3 2 0 4 0 3 1 4 5 0 1 4 5 3 1 5 0 3 2 0 1 4 2 4 5 3 2 0 | 14 18  0 6 2 0 7 1 1 7 1 1 8 1 1 11 1 2 8 1 2 9 1 2 13 1 3 9 2 3 11 1 4 10 1 4 12 1 4 13 1 5 10 2 5 12 1 6 12 1 7 13 1 8 11 1
R 779 42 63 6 1171 1 2 3 0 4 1 0 2 3 4 2 1 0 2 5 1 3 4 3 4 5 0 2 1 3 4 5 1 2 3 4 3 5 2 3 1 0 4 2 4 0 1 0 4 5 3 2 5 1 4 5 0 5 3 1 4 3 0 2 5 1 2 0 | 14 18  0 6 1 0 7 2 1 7 1 1 8 1 1 11 1 2 8 1 2 9 1 2 13 1 3 9 2 3 12 1 4 10 1 4 11 1 4 13 1 5 10 2 5 12 1 6 12 1 6 13 1 8 11 1
R 780 42 63 6 569 1 2 3 0 4 1 0 2 3 1 4 2 5 0 3 1 2 0 3 4 5 0 2 1 3 4 5 1 2 0 4 3 0 2 3 1 4 0 2 5 1 3 0 4 5 3 2 5 1 4 5 3 5 0 1 2 4 5 3 4 1 2 0 | 14 18  0 6 1 0 7 2 1 7 1 1 8 1 1 11 1 2 8 1 2 9 2 3 9 1 3 12 1 3 13 1 4 10 2 4 11 1 5 10 1 5 12 1 5 13 1 6 12 1 6 13 1 8 11 1
R 781 42 63 6 229 3 1 2 0 2 3 0 2 1 4 3 2 4 0 5 1 3 5 0 2 1 3 4 5 1 2 5 2 3 0 5 3 2 1 4 3 1 5 4 4 0 1 4 5 0 1 4 5 3 4 5 1 5 0 1 2 3 0 4 2 3 2 0 | 14 18  0 6 2 0 7 1 1 7 1 1 8 1 1 11 1 2 8 1 2 9 1 2 13 1 3 9 2 3 12 1 4 10 1 4 11 1 4 13 1 5 10 2 5 12 1 6 12 1 7 13 1 8 11 1
R 782 42 63 6 1070 3 4 5 1 0 4 3 2 5 1 0 3 2 0 1 4 0 2 1 2 3 4 0 3 5 2 1 3 0 2 1 3 2 4 1 5 3 2 0 1 0 4 0 1 2 2 5 3 0 4 1 4 5 2 4 3 5 5 1 3 4 5 0 | 14 18  0 6 1 0 7 1 0 13 1 1 7 2 1 8 1 2 8 2 2 9 1 3 9 2 3 11 1 4 10 1 4 11 1 4 12 1 5 10 1 5 12 1 5 13 1 6 12 1 6 13 1 10 11 1
R 783 42 63 6 409 1 2 3 0 4 1 2 3 0 1 4 2 5 0 3 1 0 2 3 4 5 0 2 1 3 4 0 1 3 2 3 4 2 4 3 1 5 2 0 5 0 1 0 4 5 3 2 5 1 4 5 0 5 3 1 2 4 5 3 4 1 2 0 | 14 18  0 6 1 0 7 2 1 7 1 1 8 2 2 8 1 2 9 2 3 9 1 3 11 1 3 13 1 4 10 1 4 11 1 4 12 1 5 10 1 5 12 1 5 13 1 6 12 1 6 13 1 10 11 1
R 784 42 63 6 286 3 1 2 0 2 3 1 4 2 0 3 5 0 1 2 3 4 0 0 2 1 3 4 5 1 2 0 5 3 2 2 4 5 4 3 1 1 0 4 3 0 1 4 5 0 1 4 5 3 0 5 1 4 2 3 5 4 1 2 5 3 2 0 | 14 18  0 6 2 0 7 1 1 7 1 1 8 2 2 8 1 2 9 1 2 12 1 3 9 2 3 12 1 4 10 1 4 11 1 4 13 1 5 10 1 5 11 1 5 13 1 6 12 1 7 13 1 10 11 1
R 785 42 63 6 156 1 2 3 0 4 1 2 3 0 1 4 2 2 0 1 5 0 3 3 4 5 0 2 1 3 4 0 1 3 2 1 5 4 4 3 2 3 0 2 5 0 1 0 4 5 3 2 5 1 4 5 0 5 3 3 5 4 2 1 4 1 2 0 | 14 18  0 6 1 0 7 2 1 7 1 1 8 2 2 8 1 2 9 2 3 9 1 3 12 1 3 13 1 4 10 1 4 11 1 4 12 1 5 10 1 5 11 1 5 13 1 6 12 1 6 13 1 10 11 1
R 786 42 63 6 270 3 1 2 0 2 3 1 4 2 5 3 0 1 3 4 2 0 1 0 2 1 3 4 5 1 2 0 0 3 1 4 2 5 0 3 4 2 4 0 5 1 3 4 5 0 1 4 5 3 5 0 2 4 1 0 2 5 3 5 4 3 2 1 | 14 18  0 6 2 0 7 1 1 7 1 1 8 2 2 8 1 2 9 1 2 13 1 3 9 2 3 12 1 4 10 1 4 11 1 4 12 1 5 10 1 5 11 1 5 13 1 6 12 1 7 13 1 10 11 1
R 787 42 63 6 794 3 4 5 1 0 4 5 2 3 1 0 4 5 1 2 0 4 3 1 2 3 4 0 5 3 2 1 4 0 3 2 1 0 3 4 2 4 0 1 0 1 3 0 1 2 2 3 5 0 4 1 2 5 3 0 3 4 1 2 5 4 5 5 | 14 16  0 6 1 0 7 1 0 13 1 1 7 2 1 8 1 2 8 2 2 9 1 3 9 2 3 10 1 4 11 1 4 12 1 4 13 1 5 11 1 5 12 2 6 10 2 11 13 1
R 788 42 63 6 96 1 2 3 0 4 2 1 4 0 2 3 1 3 4 0 4 2 1 3 4 5 0 2 1 3 1 0 2 4 1 0 3 1 4 0 2 3 2 4 0 5 3 0 4 5 3 5 1 2 3 5 0 4 5 2 1 5 5 3 0 1 2 4 | 14 19  0 6 1 0 7 2 1 7 1 1 8 1 1 13 1 2 8 1 2 9 2 3 9 1 3 10 1 3 11 1 4 10 1 4 11 1 4 12 1 5 10 1 5 11 1 5 12 1 6 12 1 6 13 1 8 13 1
R 789 42 63 6 62 3 1 2 0 2 3 2 3 0 1 4 2 3 4 5 0 3 1 0 2 1 3 4 5 1 2 0 5 3 2 0 4 1 1 3 4 2 0 5 0 4 1 4 5 0 1 4 5 5 1 4 0 3 5 2 0 1 5 2 4 3 2 3 | 14 19  0 6 2 0 7 1 1 7 1 1 8 1 1 13 1 2 8 1 2 9 2 3 9 1 3 10 1 3 11 1 4 10 1 4 11 1 4 12 1 5 10 1 5 11 1 5 12 1 6 12 1 7 13 1 8 13 1
R 790 42 63 6 133 3 4 5 1 2 0 3 5 1 0 2 3 2 4 5 1 4 0 1 2 3 0 2 3 1 5 0 4 2 5 1 2 0 1 4 3 2 0 5 0 1 4 0 1 2 4 5 3 2 4 0 1 4 5 3 0 1 5 2 3 4 5 3 | 14 19  0 6 1 0 7 1 0 13 1 1 7 2 1 8 1 2 8 2 2 9 1 3 9 1 3 10 1 3 11 1 4 10 1 4 11 1 4 12 1 5 10 1 5 11 1 5 12 1 6 12 1 6 13 1 9 13 1
R 791 42 63 6 68 1 2 3 0 4 2 5 3 1 0 2 1 3 4 0 4 1 2 3 4 5 0 2 1 1 3 0 5 2 1 2 3 0 4 0 1 3 2 4 0 5 3 0 4 5 3 5 1 2 4 0 3 4 5 1 2 5 5 3 0 1 2 4 | 14 19  0 6 1 0 7 2 1 7 1 1 8 1 1 13 1 2 8 2 2 9 1 3 9 1 3 10 1 3 11 1 4 10 1 4 11 1 4 12 1 5 10 1 5 11 1 5 12 1 6 12 1 6 13 1 9 13 1
R 792 42 63 6 94 1 2 3 0 4 1 2 3 4 0 3 5 2 1 5 1 0 2 3 4 5 0 2 1 3 4 0 1 3 2 4 2 5 1 0 3 2 4 0 1 0 3 0 4 5 3 2 5 1 0 5 4 1 2 0 4 3 3 5 4 1 2 5 | 14 19  0 6 1 0 7 2 1 7 1 1 8 2 2 8 1 2 9 1 2 13 1 3 9 1 3 10 1 3 11 1 4 10 1 4 11 1 4 12 1 5 10 1 5 11 1 5 13 1 6 12 1 6 13 1 9 12 1
R 793 42 63 6 304 3 1 2 0 2 3 4 2 1 4 0 5 4 3 5 1 0 2 0 2 1 3 4 5 1 2 0 3 4 1 1 2 5 3 4 0 4 2 0 4 0 1 4 5 0 1 4 5 3 5 0 2 3 1 0 2 1 4 5 3 3 2 5 | 14 19  0 6 2 0 7 1 1 7 1 1 8 1 1 13 1 2 8 2 2 9 1 3 9 1 3 10 1 3 11 1 4 10 1 4 11 1 4 12 1 5 10 1 5 11 1 5 13 1 6 12 1 7 13 1 9 12 1
R 794 42 63 6 1753 3 1 2 2 0 3 4 1 0 2 4 0 3 4 5 1 3 2 0 2 1 3 4 5 0 1 2 3 4 0 4 1 0 1 4 2 2 3 4 0 3 1 4 5 0 1 4 5 3 5 2 1 3 5 0 1 2 5 0 4 3 2 5 | 14 19  0 6 2 0 7 1 1 7 1 1 8 1 1 10 1 2 8 2 2 9 1 3 9 1 3 11 1 3 12 1 4 11 1 4 12 1 4 13 1 5 11 1 5 12 1 5 13 1 6 10 1 7 10 1 9 13 1
R 795 42 63 6 2023 3 4 5 1 2 0 3 4 1 5 1 3 0 2 4 2 0 4 1 2 3 0 2 4 5 2 1 4 2 5 0 1 4 0 3 1 3 0 2 4 0 1 0 1 2 5 3 4 0 5 2 0 4 2 1 3 5 3 5 1 4 5 3 | 14 19  0 6 1 0 7 1 0 10 1 1 7 1 1 8 2 2 8 1 2 10 1 2 11 1 3 9 1 3 11 1 3 13 1 4 9 2 4 12 1 5 10 1 5 11 1 5 12 1 6 12 1 6 13 1 7 13 1
R 796 42 63 6 97 3 4 5 1 2 0 3 4 1 0 3 2 4 1 5 2 0 4 1 2 3 0 2 4 5 2 1 4 2 3 0 1 4 0 3 5 1 0 2 4 0 1 0 1 2 5 3 4 0 5 2 1 5 4 0 3 2 3 1 5 4 5 3 | 14 19  0 6 1 0 7 1 0 10 1 1 7 1 1 8 2 2 8 1 2 10 1 2 11 1 3 9 2 3 11 1 4 9 1 4 12 1 4 13 1 5 10 1 5 11 1 5 12 1 6 12 1 6 13 1 7 13 1
R 797 42 63 6 751 3 4 5 1 2 0 2 3 1 3 0 2 5 2 4 0 4 1 1 2 3 0 2 3 1 4 5 4 2 1 0 1 3 0 2 4 3 0 5 1 3 0 0 1 2 4 5 3 0 4 5 5 1 4 0 3 1 5 3 2 4 5 2 | 14 19  0 6 1 0 7 1 0 10 1 1 7 2 1 8 1 2 8 1 2 10 1 2 11 1 3 9 1 3 11 1 3 13 1 4 9 2 4 12 1 5 10 1 5 11 1 5 12 1 6 12 1 6 13 1 8 13 1
R 798 42 63 6 976 3 4 5 1 2 0 3 4 1 0 5 4 3 1 4 0 2 5 1 2 3 0 2 3 4 2 1 4 1 2 0 1 4 3 0 5 3 0 4 3 0 1 0 1 2 4 3 5 0 5 2 3 1 2 0 5 2 3 1 4 4 5 5 | 14 19  0 6 1 0 7 1 0 10 1 1 7 1 1 8 2 2 8 1 2 10 1 2 11 1 3 9 1 3 11 1 3 13 1 4 9 2 4 12 1 5 10 1 5 12 1 5 13 1 6 11 1 6 12 1 7 13 1
R 799 42 63 6 1011 3 4 5 1 2 0 3 4 1 4 0 2 1 5 0 2 5 4 1 2 3 0 2 3 4 2 1 1 2 0 0 1 4 3 0 5 3 4 0 2 4 1 0 1 2 4 3 5 0 5 2 3 5 1 4 2 3 3 1 0 4 5 5 | 14 19  0 6 1 0 7 1 0 10 1 1 7 1 1 8 2 2 8 1 2 10 1 2 11 1 3 9 2 3 11 1 4 9 1 4 12 1 4 13 1 5 10 1 5 12 1 5 13 1 6 11 1 6 12 1 7 13 1
R 800 42 63 6 1165 3 4 5 1 2 0 3 4 1 0 5 2 3 1 2 0 5 4 1 2 3 0 2 3 1 4 0 2 1 4 0 1 4 3 2 5 3 0 1 0 3 2 0 1 2 4 5 3 2 5 0 3 1 4 0 5 4 3 2 1 4 5 5 | 14 19  0 6 1 0 7 1 0 10 1 1 7 2 1 8 1 2 8 1 2 10 1 2 11 1 3 9 1 3 11 1 3 13 1 4 9 2 4 12 1 5 10 1 5 12 1 5 13 1 6 11 1 6 12 1 8 13 1
R 801 42 63 6 124 1 2 3 0 4 2 1 4 3 0 1 3 2 4 5 2 0 1 3 4 5 0 2 1 3 1 0 5 4 3 2 4 1 0 1 2 0 3 2 5 0 3 0 4 5 3 5 1 2 0 5 2 5 4 0 1 3 3 5 4 1 2 4 | 14 19  0 6 1 0 7 2 1 7 1 1 8 1 1 13 1 2 8 1 2 10 1 2 11 1 3 9 1 3 10 1 3 11 1 4 9 2 4 11 1 5 10 1 5 12 1 5 13 1 6 12 1 6 13 1 8 12 1
R 802 42 63 6 117 1 2 3 0 4 2 3 4 5 2 0 1 3 1 5 0 1 2 3 4 5 0 2 1 1 3 0 5 1 4 0 2 3 2 1 3 0 5 2 5 0 3 0 4 5 3 5 1 2 1 0 3 5 4 0 2 4 4 5 3 1 2 4 | 14 19  0 6 1 0 7 2 1 7 1 1 8 1 1 13 1 2 8 1 2 10 1 2 11 1 3 9 1 3 10 1 3 13 1 4 9 2 4 11 1 5 10 1 5 11 1 5 12 1 6 12 1 6 13 1 8 12 1
R 803 42 63 6 137 3 4 5 1 2 0 3 4 0 0 2 1 3 4 5 1 2 4 1 2 3 0 2 4 1 5 0 5 4 1 2 4 3 3 0 2 1 2 0 0 1 4 0 1 2 3 5 4 2 1 5 3 5 4 0 2 1 0 5 3 4 5 3 | 14 19  0 6 1 0 7 1 0 13 1 1 7 2 1 8 1 2 8 1 2 10 1 2 12 1 3 9 1 3 10 1 3 11 1 4 9 2 4 11 1 5 10 1 5 11 1 5 12 1 6 12 1 6 13 1 8 13 1
R 804 42 63 6 412 1 2 3 0 4 1 2 3 4 2 4 0 0 3 1 5 1 4 3 4 5 0 2 1 3 4 0 1 0 2 5 3 4 2 1 3 5 4 0 0 1 3 0 4 5 3 2 5 1 0 5 3 1 5 5 4 2 2 0 3 1 2 4 | 14 19  0 6 1 0 7 2 1 7 1 1 8 2 2 8 1 2 10 1 2 13 1 3 9 1 3 10 1 3 11 1 4 9 1 4 11 1 4 12 1 5 10 1 5 11 1 5 12 1 6 12 1 6 13 1 9 13 1
R 805 42 63 6 358 3 1 2 0 2 3 4 2 1 2 3 0 0 3 4 1 3 5 0 2 1 3 4 5 1 2 0 1 0 2 3 4 5 1 4 3 2 5 0 0 4 1 4 5 0 1 4 5 3 5 0 4 1 5 5 2 1 2 0 4 3 2 3 | 14 19  0 6 2 0 7 1 1 7 1 1 8 1 1 13 1 2 8 2 2 10 1 3 9 1 3 10 1 3 11 1 4 9 1 4 11 1 4 12 1 5 10 1 5 11 1 5 12 1 6 12 1 7 13 1 9 13 1
R 806 42 63 6 215 1 2 3 0 4 1 2 3 4 1 5 2 5 0 3 1 0 2 3 4 5 0 2 1 3 4 0 2 0 1 4 3 2 3 5 1 0 4 2 1 0 3 0 4 5 3 2 5 1 0 5 3 0 4 4 1 2 5 3 4 1 2 5 | 14 19  0 6 1 0 7 2 1 7 1 1 8 2 2 8 1 2 11 1 2 13 1 3 9 1 3 10 1 3 11 1 4 9 1 4 10 1 4 11 1 5 10 1 5 12 1 5 13 1 6 12 1 6 13 1 9 12 1
R 807 42 63 6 91 3 1 2 0 2 3 4 2 1 2 3 5 0 4 1 4 0 2 0 2 1 3 4 5 1 2 0 1 0 3 4 3 5 4 5 2 0 1 4 4 0 1 4 5 0 1 4 5 3 5 0 4 0 1 5 2 3 1 5 3 3 2 2 | 14 19  0 6 2 0 7 1 1 7 1 1 8 1 1 13 1 2 8 2 2 11 1 3 9 1 3 10 1 3 11 1 4 9 1 4 10 1 4 11 1 5 10 1 5 12 1 5 13 1 6 12 1 7 13 1 9 12 1
R 808 42 63 6 10525 1 2 4 0 3 1 5 2 4 2 4 5 3 0 1 0 1 2 3 4 5 0 2 1 4 2 3 1 0 2 0 4 2 3 1 4 5 4 0 0 3 1 0 3 5 4 5 2 0 1 3 3 1 0 4 5 2 3 5 4 1 2 5 | 14 19  0 6 1 0 7 2 1 7 1 1 8 1 1 12 1 2 8 2 2 12 1 3 9 1 3 10 1 3 11 1 4 9 1 4 10 1 4 11 1 5 10 1 5 11 1 5 13 1 6 12 1 6 13 1 9 13 1
R 809 42 63 6 100 1 2 3 0 4 1 2 3 4 1 4 5 4 0 3 2 0 1 3 4 5 0 2 1 3 4 0 2 0 1 0 4 5 1 3 4 3 0 2 1 5 3 0 4 5 3 2 5 1 5 0 3 2 0 5 1 2 3 5 4 1 2 4 | 14 19  0 6 1 0 7 2 1 7 1 1 8 2 2 8 1 2 12 1 2 13 1 3 9 1 3 10 1 3 11 1 4 9 1 4 10 1 4 11 1 5 10 1 5 11 1 5 12 1 6 12 1 6 13 1 9 13 1
R 810 42 63 6 136 3 1 2 0 2 3 4 5 1 2 3 5 4 0 1 2 0 3 0 2 1 3 4 5 1 5 0 1 0 2 0 3 5 2 1 4 2 4 5 0 4 1 4 5 0 1 4 5 2 3 0 4 1 0 5 2 3 4 5 1 3 2 3 | 14 19  0 6 2 0 7 1 1 7 1 1 8 1 1 13 1 2 8 2 2 12 1 3 9 1 3 10 1 3 11 1 4 9 1 4 10 1 4 11 1 5 10 1 5 11 1 5 12 1 6 12 1 7 13 1 9 13 1
R 811 42 63 6 590 3 4 5 2 5 4 0 1 2 3 0 5 1 2 4 0 5 1 1 2 3 0 2 4 3 5 2 4 2 0 1 0 4 0 3 1 3 1 5 2 1 0 0 1 2 3 0 1 4 3 5 1 2 4 3 5 0 4 2 3 5 4 5 | 14 19  0 6 1 0 7 1 0 10 1 1 7 1 1 8 2 2 8 1 2 10 1 2 11 1 3 9 1 3 11 1 3 13 1 4 9 2 4 12 1 5 11 1 5 12 1 5 13 1 6 10 1 6 12 1 7 13 1
R 812 42 63 6 426 3 4 5 2 5 4 0 1 2 0 3 4 1 2 5 0 5 3 1 2 3 0 2 4 3 5 2 2 4 3 1 0 4 0 3 1 2 0 5 0 3 1 0 1 2 3 0 1 4 3 5 1 5 2 0 3 4 4 1 2 5 4 5 | 14 19  0 6 1 0 7 1 0 10 1 1 7 1 1 8 2 2 8 1 2 10 1 2 11 1 3 9 2 3 11 1 4 9 1 4 12 1 4 13 1 5 11 1 5 12 1 5 13 1 6 10 1 6 12 1 7 13 1
R 813 42 63 6 542 3 4 5 1 2 0 0 1 2 3 0 4 5 1 4 5 0 3 1 2 3 0 2 3 5 1 2 4 1 3 1 0 4 0 3 1 2 5 0 5 3 4 0 1 2 4 5 3 4 3 5 5 2 1 0 2 3 4 1 2 5 4 0 | 14 19  0 6 1 0 7 1 0 10 1 1 7 2 1 8 1 2 8 1 2 10 1 2 11 1 3 9 1 3 11 1 3 13 1 4 9 2 4 12 1 5 11 1 5 12 1 5 13 1 6 10 1 6 12 1 8 13 1
R 814 42 63 6 1787 3 4 5 2 3 4 0 1 2 4 0 1 2 1 5 4 0 3 1 2 3 0 2 4 5 3 2 5 1 4 1 0 4 2 0 1 3 2 0 4 0 1 0 1 2 5 0 1 4 3 5 2 3 5 0 3 4 5 1 2 5 4 3 | 14 19  0 6 1 0 7 1 0 10 1 1 7 1 1 8 2 2 8 1 2 10 1 2 13 1 3 9 1 3 11 1 3 12 1 4 9 2 4 12 1 5 11 1 5 12 1 5 13 1 6 10 1 6 11 1 7 13 1
R 815 42 63 6 1110 3 4 5 1 2 3 0 2 5 2 5 4 1 0 4 3 0 1 1 2 3 0 2 3 5 2 3 4 0 3 1 0 4 1 0 2 2 1 0 1 4 3 0 1 2 4 0 5 1 4 3 1 3 0 2 5 3 5 4 2 4 5 5 | 14 19  0 6 1 0 7 1 0 10 1 1 7 1 1 8 1 1 13 1 2 8 2 2 10 1 3 9 1 3 11 1 3 13 1 4 9 2 4 12 1 5 11 1 5 12 1 5 13 1 6 11 1 6 12 1 7 10 1
R 816 42 63 6 7596 3 4 5 1 2 0 3 4 5 0 4 2 5 1 3 4 1 5 1 2 3 0 2 3 5 4 1 3 1 2 1 0 4 3 2 5 0 4 1 3 4 0 0 1 2 4 3 5 0 2 1 5 3 1 0 4 2 0 3 2 4 5 5 | 14 19  0 6 1 0 7 1 0 10 1 1 7 1 1 8 1 1 13 1 2 8 2 2 11 1 3 9 1 3 10 1 3 13 1 4 9 2 4 12 1 5 11 1 5 12 1 5 13 1 6 11 1 6 12 1 7 10 1
R 817 42 63 6 4475 3 4 5 1 2 0 3 4 2 0 1 5 2 4 5 0 4 1 1 2 3 0 2 3 4 2 1 5 4 1 1 0 4 1 0 2 3 0 4 0 3 2 0 1 2 4 3 5 0 5 1 2 3 4 0 3 1 3 2 5 4 5 5 | 14 19  0 6 1 0 7 1 0 10 1 1 7 1 1 8 2 2 8 1 2 11 1 2 13 1 3 9 1 3 10 1 3 13 1 4 9 2 4 12 1 5 11 1 5 12 1 5 13 1 6 11 1 6 12 1 7 10 1
R 818 42 63 6 459 3 4 5 1 2 4 5 0 1 0 2 4 3 0 1 4 0 2 1 2 3 4 2 5 1 0 3 4 3 5 2 4 1 0 1 2 3 2 0 1 0 4 0 1 2 0 3 5 2 4 3 1 5 3 2 4 5 5 1 3 4 5 0 | 14 19  0 6 1 0 7 1 0 13 1 1 7 2 1 8 1 2 8 2 2 10 1 3 9 1 3 10 1 3 11 1 4 9 1 4 11 1 4 12 1 5 11 1 5 12 1 5 13 1 6 12 1 6 13 1 9 10 1
R 819 42 63 6 142 1 2 3 0 4 1 2 3 4 4 3 5 2 0 1 1 0 2 3 4 5 0 2 1 3 4 0 5 2 1 1 5 3 0 2 3 4 2 0 1 0 3 0 4 5 3 2 5 1 0 5 0 2 1 3 4 5 5 3 4 1 2 4 | 14 19  0 6 1 0 7 2 1 7 1 1 8 2 2 8 1 2 10 1 2 13 1 3 9 1 3 10 1 3 11 1 4 9 1 4 11 1 4 12 1 5 11 1 5 12 1 5 13 1 6 12 1 6 13 1 9 10 1
R 820 42 63 6 122 3 1 2 0 2 3 4 1 5 3 1 2 1 0 3 4 0 2 0 2 1 3 4 5 5 1 3 2 0 3 4 2 5 0 3 2 1 4 0 4 0 1 4 5 0 1 4 5 0 2 3 4 0 5 5 4 2 1 5 3 3 2 1 | 14 19  0 6 2 0 7 1 1 7 1 1 8 1 1 13 1 2 8 2 2 10 1 3 9 1 3 10 1 3 11 1 4 9 1 4 11 1 4 12 1 5 11 1 5 12 1 5 13 1 6 12 1 7 13 1 9 10 1
R 821 42 63 6 91 3 4 5 1 2 0 3 4 1 0 5 3 1 2 0 4 2 5 1 2 3 0 2 3 1 4 0 3 2 0 2 3 1 1 0 5 2 4 0 1 3 4 0 1 2 4 5 3 2 5 0 1 4 2 4 3 5 3 1 0 4 5 5 | 14 19  0 6 1 0 7 1 0 13 1 1 7 2 1 8 1 2 8 2 2 10 1 3 9 1 3 10 1 3 11 1 4 9 1 4 12 1 4 13 1 5 11 1 5 12 1 5 13 1 6 11 1 6 12 1 9 10 1
R 822 42 63 6 146 1 2 3 0 4 1 2 3 0 3 1 4 0 5 4 1 5 2 3 4 5 0 2 1 3 4 0 2 4 1 1 3 0 2 0 4 5 3 0 1 4 3 0 4 5 3 2 5 1 4 5 0 2 5 3 1 2 3 4 0 1 2 5 | 14 19  0 6 1 0 7 2 1 7 1 1 8 2 2 8 1 2 10 1 2 13 1 3 9 1 3 10 1 3 11 1 4 9 1 4 12 1 4 13 1 5 11 1 5 12 1 5 13 1 6 11 1 6 12 1 9 10 1
R 823 42 63 6 1704 1 2 3 0 4 1 2 3 4 1 0 5 2 0 3 1 0 2 3 4 5 0 2 1 3 4 0 5 3 1 4 2 5 1 3 2 4 2 0 1 0 3 0 4 5 3 2 5 1 0 5 2 3 4 4 1 5 5 3 4 1 2 0 | 14 19  0 6 1 0 7 2 1 7 1 1 8 2 2 8 1 2 11 1 2 13 1 3 9 1 3 10 1 3 11 1 4 9 1 4 10 1 4 12 1 5 11 1 5 12 1 5 13 1 6 12 1 6 13 1 9 10 1
R 824 42 63 6 1054 3 1 2 0 2 3 4 2 1 4 0 5 1 0 3 4 0 2 0 2 1 3 4 5 1 2 0 3 1 5 2 3 4 4 5 2 1 4 0 4 0 1 4 5 0 1 4 5 3 5 0 2 1 3 4 5 2 1 5 3 3 2 0 | 14 19  0 6 2 0 7 1 1 7 1 1 8 1 1 13 1 2 8 2 2 11 1 3 9 1 3 10 1 3 11 1 4 9 1 4 10 1 4 12 1 5 11 1 5 12 1 5 13 1 6 12 1 7 13 1 9 10 1
R 825 42 63 6 173 1 2 3 0 4 1 2 3 4 0 2 3 2 1 4 5 0 1 3 4 5 0 2 1 3 4 0 4 3 5 1 4 0 0 1 2 3 0 4 5 1 3 0 4 5 3 2 5 1 5 0 1 5 4 0 3 5 3 2 4 1 2 2 | 14 19  0 6 1 0 7 2 1 7 1 1 8 2 2 8 1 2 12 1 2 13 1 3 9 1 3 10 1 3 11 1 4 9 1 4 10 1 4 11 1 5 11 1 5 12 1 5 13 1 6 12 1 6 13 1 9 10 1
R 826 42 63 6 284 3 1 2 0 2 3 4 1 5 0 2 4 5 1 3 4 0 2 0 2 1 3 4 5 5 1 2 4 5 0 1 2 4 0 1 2 0 4 5 4 0 1 4 5 0 1 4 5 0 3 2 1 5 3 2 0 4 5 1 3 3 2 3 | 14 19  0 6 2 0 7 1 1 7 1 1 8 1 1 13 1 2 8 2 2 12 1 3 9 1 3 10 1 3 11 1 4 9 1 4 10 1 4 11 1 5 11 1 5 12 1 5 13 1 6 12 1 7 13 1 9 10 1
R 827 42 63 6 57 1 2 3 0 4 1 2 3 0 0 4 2 1 2 5 3 4 1 3 4 5 0 2 1 3 4 0 3 2 4 1 3 0 1 2 4 2 4 0 0 1 3 0 4 5 3 2 5 1 4 5 1 3 5 0 3 4 2 0 5 1 2 5 | 14 19  0 6 1 0 7 2 1 7 1 1 8 2 2 8 1 2 10 1 2 11 1 3 9 1 3 11 1 3 13 1 4 9 1 4 12 1 4 13 1 5 10 1 5 11 1 5 12 1 6 12 1 6 13 1 9 10 1
R 828 42 63 6 131 1 2 3 0 4 1 2 3 4 1 3 4 1 0 2 5 0 2 3 4 5 0 2 1 3 4 0 2 0 4 3 5 2 0 3 4 5 2 4 1 0 3 0 4 5 3 2 5 1 0 5 5 2 0 3 5 4 4 1 3 1 2 1 | 14 19  0 6 1 0 7 2 1 7 1 1 8 2 2 8 1 2 10 1 2 13 1 3 9 1 3 11 1 3 12 1 4 9 1 4 11 1 4 13 1 5 10 1 5 11 1 5 12 1 6 12 1 6 13 1 9 10 1
R 829 42 63 6 788 3 1 2 0 2 3 4 2 1 3 4 0 1 0 2 4 1 5 0 2 1 3 4 5 1 2 0 2 0 3 3 4 5 4 1 0 2 5 4 4 0 1 4 5 0 1 4 5 3 5 0 5 2 1 4 5 3 2 3 0 3 2 1 | 14 19  0 6 2 0 7 1 1 7 1 1 8 1 1 13 1 2 8 2 2 10 1 3 9 1 3 11 1 3 12 1 4 9 1 4 11 1 4 13 1 5 10 1 5 11 1 5 12 1 6 12 1 7 13 1 9 10 1
R 830 42 63 6 63 1 2 3 0 4 1 2 3 4 5 0 3 2 0 1 1 0 2 3 4 5 0 2 1 3 4 0 1 2 5 2 4 3 1 3 5 4 2 0 1 0 3 0 4 5 3 2 5 1 0 5 4 1 2 3 4 5 5 3 4 1 2 0 | 14 19  0 6 1 0 7 2 1 7 1 1 8 2 2 8 1 2 11 1 2 13 1 3 9 1 3 10 1 3 11 1 4 9 1 4 11 1 4 12 1 5 10 1 5 12 1 5 13 1 6 12 1 6 13 1 9 10 1
R 831 42 63 6 192 3 1 2 0 2 3 4 2 1 0 4 5 1 0 3 4 0 2 0 2 1 3 4 5 1 2 0 5 1 3 2 4 5 3 4 2 1 4 0 4 0 1 4 5 0 1 4 5 3 5 0 2 3 1 4 5 2 1 5 3 3 2 0 | 14 19  0 6 2 0 7 1 1 7 1 1 8 1 1 13 1 2 8 2 2 11 1 3 9 1 3 10 1 3 11 1 4 9 1 4 11 1 4 12 1 5 10 1 5 12 1 5 13 1 6 12 1 7 13 1 9 10 1
R 832 42 63 6 97 1 2 3 0 4 1 2 3 4 1 0 2 1 3 2 5 1 0 3 4 5 0 2 1 3 4 0 2 4 5 3 0 2 3 1 4 5 0 2 1 0 3 0 4 5 3 2 5 1 0 5 3 5 4 0 5 4 4 2 3 1 2 1 | 14 19  0 6 1 0 7 2 1 7 1 1 8 2 2 8 1 2 11 1 2 13 1 3 9 1 3 10 1 3 13 1 4 9 1 4 11 1 4 12 1 5 10 1 5 11 1 5 12 1 6 12 1 6 13 1 9 10 1
R 833 42 63 6 80 3 1 2 0 2 3 4 2 1 1 0 2 1 3 4 0 5 3 0 2 1 3 4 5 1 2 0 2 3 5 3 0 2 3 4 5 1 0 4 4 0 1 4 5 0 1 4 5 3 5 0 4 5 3 0 2 5 4 1 2 3 2 1 | 14 19  0 6 2 0 7 1 1 7 1 1 8 1 1 13 1 2 8 2 2 11 1 3 9 1 3 10 1 3 13 1 4 9 1 4 11 1 4 12 1 5 10 1 5 11 1 5 12 1 6 12 1 7 13 1 9 10 1
R 834 42 63 6 10525 1 2 4 0 3 1 5 2 4 0 3 4 0 1 2 1 0 2 3 4 5 0 2 1 4 2 3 4 1 2 2 5 4 1 0 3 5 4 0 3 0 1 0 3 5 4 5 2 0 1 3 5 1 2 3 5 4 3 4 5 1 2 0 | 14 19  0 6 1 0 7 2 1 7 1 1 8 1 1 12 1 2 8 2 2 12 1 3 9 1 3 10 1 3 11 1 4 9 1 4 11 1 4 13 1 5 10 1 5 11 1 5 13 1 6 12 1 6 13 1 9 10 1
R 835 42 63 6 81 1 2 3 0 4 1 2 3 4 5 2 4 2 0 1 3 0 1 3 4 5 0 2 1 3 4 0 4 1 5 1 0 4 3 0 4 3 0 2 5 1 3 0 4 5 3 2 5 1 5 0 0 3 1 3 5 4 5 2 4 1 2 2 | 14 19  0 6 1 0 7 2 1 7 1 1 8 2 2 8 1 2 12 1 2 13 1 3 9 1 3 10 1 3 11 1 4 9 1 4 11 1 4 12 1 5 10 1 5 11 1 5 13 1 6 12 1 6 13 1 9 10 1
R 836 42 63 6 176 3 1 2 0 2 3 4 5 1 5 2 0 4 0 3 1 0 2 0 2 1 3 4 5 1 5 0 1 4 2 2 3 5 1 3 0 2 4 5 4 0 1 4 5 0 1 4 5 2 3 0 3 1 4 5 2 1 4 5 3 3 2 0 | 14 19  0 6 2 0 7 1 1 7 1 1 8 1 1 13 1 2 8 2 2 12 1 3 9 1 3 10 1 3 11 1 4 9 1 4 11 1 4 12 1 5 10 1 5 11 1 5 13 1 6 12 1 7 13 1 9 10 1
R 837 42 63 6 10837 3 4 5 1 2 4 5 0 3 5 1 2 0 2 5 3 1 4 1 2 4 4 2 5 3 0 4 2 1 0 3 2 4 4 1 5 1 2 0 0 1 3 0 1 2 0 3 5 1 2 4 0 3 4 1 3 4 0 2 5 3 5 5 | 14 16  0 6 1 0 7 1 0 13 1 1 7 2 1 8 1 2 8 2 2 9 1 3 10 1 3 11 1 3 13 1 4 10 1 4 12 2 5 11 2 5 12 1 6 9 2 10 13 1
R 838 42 63 6 22323 3 4 5 1 2 4 5 0 3 2 5 3 1 4 5 0 1 2 1 2 4 4 2 5 3 0 4 2 1 0 3 4 0 1 5 2 2 4 1 0 1 3 0 1 2 0 3 5 1 2 4 1 0 4 2 0 3 3 5 4 3 5 5 | 14 16  0 6 1 0 7 1 0 13 1 1 7 2 1 8 1 2 8 2 2 9 1 3 10 1 3 11 2 4 10 1 4 12 2 5 11 1 5 12 1 5 13 1 6 9 2 10 13 1
R 839 42 63 6 70 3 4 5 1 2 0 3 4 0 1 4 5 1 2 3 2 5 0 1 2 3 0 2 4 1 5 0 2 4 0 2 1 3 0 3 5 1 5 2 0 1 4 0 1 2 3 5 4 2 1 5 3 0 2 5 4 0 4 1 3 4 5 3 | 14 20  0 6 1 0 7 1 0 13 1 1 7 2 1 8 1 2 8 1 2 9 1 2 10 1 3 9 1 3 10 1 3 11 1 4 9 1 4 11 1 4 12 1 5 10 1 5 11 1 5 12 1 6 12 1 6 13 1 8 13 1
R 840 42 63 6 57 1 2 3 0 4 2 3 4 0 1 4 3 5 1 2 2 0 1 3 4 5 0 2 1 1 3 0 2 4 3 2 1 4 1 0 3 0 5 2 5 0 3 0 4 5 3 5 1 2 1 5 5 0 2 0 4 3 3 5 4 1 2 4 | 14 20  0 6 1 0 7 2 1 7 1 1 8 1 1 13 1 2 8 1 2 9 1 2 10 1 3 9 1 3 10 1 3 11 1 4 9 1 4 11 1 4 12 1 5 10 1 5 11 1 5 13 1 6 12 1 6 13 1 8 12 1
R 841 42 63 6 419 1 2 3 0 4 2 3 4 2 3 0 1 4 1 5 2 0 1 3 4 5 0 2 1 1 3 2 5 0 2 0 1 4 3 1 0 3 2 4 5 0 3 0 4 5 3 5 1 0 1 5 4 2 5 3 2 0 3 5 4 1 2 4 | 14 20  0 6 1 0 7 2 1 7 1 1 8 1 1 13 1 2 8 1 2 9 1 2 10 1 3 9 1 3 10 1 3 12 1 4 9 1 4 11 1 4 12 1 5 10 1 5 11 1 5 13 1 6 12 1 6 13 1 8 11 1
R 842 42 63 6 181 1 2 3 0 4 2 3 4 5 2 0 1 0 3 1 5 1 2 3 4 5 0 2 1 1 3 0 1 2 4 0 2 3 3 5 1 5 2 0 5 0 3 0 4 5 3 5 1 2 0 1 3 5 4 5 2 4 4 0 3 1 2 4 | 14 20  0 6 1 0 7 2 1 7 1 1 8 1 1 13 1 2 8 1 2 9 1 2 10 1 3 9 1 3 10 1 3 13 1 4 9 1 4 11 1 4 12 1 5 10 1 5 11 1 5 12 1 6 12 1 6 13 1 8 11 1
R 843 42 63 6 272 1 2 3 0 4 1 2 4 1 5 0 1 3 2 0 5 3 2 3 4 5 0 2 1 3 4 1 4 0 1 0 2 4 2 3 0 2 3 1 5 3 0 0 4 5 3 2 5 0 3 5 2 3 4 5 4 1 1 0 4 1 2 5 | 14 20  0 6 1 0 7 2 1 7 1 1 8 1 1 12 1 2 8 1 2 9 1 2 10 1 3 9 1 3 10 1 3 11 1 4 9 1 4 12 1 4 13 1 5 10 1 5 12 1 5 13 1 6 11 1 6 13 1 8 11 1
R 844 42 63 6 421 3 1 2 0 2 3 0 2 1 4 0 3 5 2 1 0 4 3 0 2 1 3 4 5 1 2 3 2 4 1 0 3 2 4 1 5 0 1 4 5 3 0 4 5 0 1 4 5 5 3 4 5 1 2 0 3 4 5 2 1 3 2 0 | 14 20  0 6 2 0 7 1 1 7 1 1 8 1 1 12 1 2 8 1 2 9 1 2 10 1 3 9 1 3 10 1 3 11 1 4 9 1 4 12 1 4 13 1 5 10 1 5 12 1 5 13 1 6 11 1 7 13 1 8 11 1
R 845 42 63 6 126 3 4 5 1 2 0 3 4 0 1 4 5 3 1 2 0 2 4 1 2 3 0 2 4 1 5 0 0 3 4 4 2 1 2 5 3 1 2 0 0 1 4 0 1 2 3 5 4 2 1 5 2 3 0 5 0 4 1 5 3 4 5 3 | 14 20  0 6 1 0 7 1 0 13 1 1 7 2 1 8 1 2 8 1 2 11 1 2 12 1 3 9 1 3 10 1 3 11 1 4 9 1 4 10 1 4 11 1 5 9 1 5 10 1 5 12 1 6 12 1 6 13 1 8 13 1
R 846 42 63 6 336 3 4 5 1 2 0 3 4 5 5 3 0 2 1 4 1 0 2 1 2 3 0 2 3 1 4 0 0 2 3 1 4 3 1 2 5 0 3 2 1 0 4 0 1 2 4 5 3 2 0 1 1 2 4 5 0 3 4 5 3 4 5 5 | 14 20  0 6 1 0 7 1 0 13 1 1 7 2 1 8 1 2 8 1 2 11 1 2 12 1 3 9 1 3 10 1 3 11 1 4 9 1 4 10 1 4 11 1 5 9 1 5 10 1 5 13 1 6 12 1 6 13 1 8 12 1
R 847 42 63 6 303 1 2 3 0 4 2 5 4 1 5 3 4 3 1 0 2 0 1 3 4 5 0 2 1 1 3 0 0 1 4 1 3 4 2 3 5 0 5 2 5 0 3 0 4 5 3 5 1 2 0 3 2 0 1 5 2 4 3 5 4 1 2 4 | 14 20  0 6 1 0 7 2 1 7 1 1 8 1 1 13 1 2 8 1 2 11 1 2 12 1 3 9 1 3 10 1 3 11 1 4 9 1 4 10 1 4 11 1 5 9 1 5 10 1 5 13 1 6 12 1 6 13 1 8 12 1
R 848 42 63 6 1243 3 4 5 1 2 3 0 1 4 2 4 5 0 1 3 5 2 4 1 2 3 0 2 4 5 4 3 4 2 3 0 1 5 1 5 2 2 0 1 4 0 1 0 1 2 5 4 0 2 3 5 0 1 3 5 4 2 0 1 3 4 5 3 | 14 19  0 6 1 0 7 1 0 10 1 1 7 1 1 10 1 1 11 1 2 8 1 2 10 1 2 12 1 3 8 2 3 11 1 4 9 1 4 12 1 4 13 1 5 9 2 5 12 1 6 11 1 6 13 1 7 13 1
R 849 42 63 6 96 3 4 5 1 2 3 1 0 2 4 5 0 0 1 3 4 2 5 1 2 3 0 2 4 3 2 0 5 2 0 0 1 5 1 5 2 1 3 4 4 0 1 0 1 2 5 4 0 4 5 3 1 3 2 4 5 2 1 3 0 4 5 3 | 14 19  0 6 1 0 7 1 0 10 1 1 7 1 1 10 1 1 11 1 2 8 2 2 10 1 3 8 1 3 11 1 3 12 1 4 9 1 4 12 1 4 13 1 5 9 2 5 12 1 6 11 1 6 13 1 7 13 1
R 850 42 63 6 2134 3 4 5 1 2 3 0 1 5 2 4 5 1 0 5 2 4 5 1 2 3 0 2 3 5 4 3 5 4 3 0 1 4 1 5 2 2 0 1 2 0 1 0 1 2 4 5 0 2 3 4 0 1 3 2 4 3 0 1 3 4 5 5 | 14 19  0 6 1 0 7 1 0 10 1 1 7 1 1 10 1 1 11 1 2 8 1 2 10 1 2 13 1 3 8 2 3 11 1 4 9 1 4 12 1 4 13 1 5 9 2 5 12 1 6 11 1 6 12 1 7 13 1
R 851 42 63 6 164 3 4 5 1 2 3 1 0 2 4 5 0 5 1 2 3 0 4 1 2 3 0 2 3 3 2 0 4 0 2 0 1 4 1 5 2 3 4 1 3 1 0 0 1 2 4 5 0 4 5 3 1 3 2 3 0 4 1 5 2 4 5 5 | 14 19  0 6 1 0 7 1 0 10 1 1 7 1 1 10 1 1 11 1 2 8 2 2 10 1 3 8 1 3 11 1 3 13 1 4 9 1 4 12 1 4 13 1 5 9 2 5 12 1 6 11 1 6 12 1 7 13 1
R 852 42 63 6 2134 3 4 5 1 2 3 0 1 5 2 4 5 1 0 5 2 4 5 1 2 3 0 2 3 5 4 3 5 4 3 0 1 4 1 5 2 2 0 1 2 0 1 0 1 2 4 5 0 2 3 4 0 1 3 2 4 3 0 1 3 4 5 5 | 14 19  0 6 1 0 7 1 0 10 1 1 7 1 1 10 1 1 11 1 2 8 1 2 10 1 2 13 1 3 8 2 3 11 1 4 9 1 4 12 1 4 13 1 5 9 2 5 12 1 6 11 1 6 13 1 7 12 1
R 853 42 63 6 164 3 4 5 1 2 3 1 0 2 4 5 0 5 1 2 3 0 4 1 2 3 0 2 3 3 2 0 4 0 2 0 1 4 1 5 2 3 4 1 3 1 0 0 1 2 4 5 0 4 5 3 1 3 2 3 0 4 1 5 2 4 5 5 | 14 19  0 6 1 0 7 1 0 10 1 1 7 1 1 10 1 1 11 1 2 8 2 2 10 1 3 8 1 3 11 1 3 13 1 4 9 1 4 12 1 4 13 1 5 9 2 5 12 1 6 11 1 6 13 1 7 12 1
R 854 42 63 6 B 5 2 1 5 3 0 1 5 3 4 2 0 2 5 4 3 0 4 4 1 2 4 3 1 0 2 1 4 0 5 3 5 2 4 0 3 1 2 3 3 2 4 3 0 4 2 1 4 4 0 2 3 5 1 3 0 1 2 1 5 5 0 5 | 14 19  0 6 1 0 7 1 0 10 1 1 7 1 1 10 1 1 12 1 2 8 1 2 10 1 2 11 1 3 8 2 3 11 1 4 9 1 4 12 1 4 13 1 5 9 2 5 12 1 6 11 1 6 13 1 7 13 1
R 855 42 63 6 525 3 4 5 1 2 3 0 4 2 5 2 1 4 1 0 5 0 3 1 2 3 0 2 3 1 2 3 3 0 2 0 1 4 1 5 2 4 0 1 3 0 4 0 1 2 4 5 0 5 3 1 0 4 3 5 3 2 1 4 2 4 5 5 | 14 19  0 6 1 0 7 1 0 10 1 1 7 1 1 10 1 1 11 1 2 8 1 2 10 1 2 13 1 3 8 2 3 12 1 4 9 1 4 11 1 4 13 1 5 9 2 5 12 1 6 11 1 6 12 1 7 13 1
R 856 42 63 6 359 3 4 5 1 2 3 1 0 2 3 4 5 4 2 0 5 0 1 1 2 3 0 2 3 3 2 0 1 0 3 0 1 4 1 5 2 2 1 4 3 0 4 0 1 2 4 5 0 4 5 3 1 0 2 5 3 1 2 4 3 4 5 5 | 14 19  0 6 1 0 7 1 0 10 1 1 7 1 1 10 1 1 11 1 2 8 2 2 10 1 3 8 1 3 12 1 3 13 1 4 9 1 4 11 1 4 13 1 5 9 2 5 12 1 6 11 1 6 12 1 7 13 1
R 857 42 63 6 24534 3 4 5 1 2 3 0 1 5 2 4 5 2 0 5 1 4 5 1 2 3 0 2 3 5 4 3 3 5 0 0 1 4 1 5 2 2 1 4 2 0 1 0 1 2 4 5 0 2 3 4 0 1 3 1 4 3 2 0 3 4 5 5 | 14 19  0 6 1 0 7 1 0 10 1 1 7 1 1 10 1 1 11 1 2 8 1 2 10 1 2 13 1 3 8 2 3 12 1 4 9 2 4 11 1 5 9 1 5 12 1 5 13 1 6 11 1 6 12 1 7 13 1
R 858 42 63 6 525 3 4 5 1 2 3 0 4 2 5 2 1 4 1 0 5 0 3 1 2 3 0 2 3 1 2 3 3 0 2 0 1 4 1 5 2 4 0 1 3 0 4 0 1 2 4 5 0 5 3 1 0 4 3 5 3 2 1 4 2 4 5 5 | 14 19  0 6 1 0 7 1 0 10 1 1 7 1 1 10 1 1 11 1 2 8 1 2 10 1 2 13 1 3 8 2 3 12 1 4 9 1 4 11 1 4 13 1 5 9 2 5 12 1 6 11 1 6 13 1 7 12 1
R 859 42 63 6 359 3 4 5 1 2 3 1 0 2 3 4 5 4 2 0 5 0 1 1 2 3 0 2 3 3 2 0 1 0 3 0 1 4 1 5 2 2 1 4 3 0 4 0 1 2 4 5 0 4 5 3 1 0 2 5 3 1 2 4 3 4 5 5 | 14 19  0 6 1 0 7 1 0 10 1 1 7 1 1 10 1 1 11 1 2 8 2 2 10 1 3 8 1 3 12 1 3 13 1 4 9 1 4 11 1 4 13 1 5 9 2 5 12 1 6 11 1 6 13 1 7 12 1
R 860 42 63 6 24534 3 4 5 1 2 3 0 1 5 2 4 5 2 0 5 1 4 5 1 2 3 0 2 3 5 4 3 3 5 0 0 1 4 1 5 2 2 1 4 2 0 1 0 1 2 4 5 0 2 3 4 0 1 3 1 4 3 2 0 3 4 5 5 | 14 19  0 6 1 0 7 1 0 10 1 1 7 1 1 10 1 1 11 1 2 8 1 2 10 1 2 13 1 3 8 2 3 12 1 4 9 2 4 11 1 5 9 1 5 12 1 5 13 1 6 11 1 6 13 1 7 12 1
R 861 42 63 6 67 3 4 5 1 2 3 1 0 2 3 4 5 5 0 4 1 2 0 1 2 3 0 2 3 3 2 0 3 4 0 0 1 4 1 5 2 2 1 4 3 0 1 0 1 2 4 5 0 4 5 3 1 0 2 1 2 3 5 3 4 4 5 5 | 14 19  0 6 1 0 7 1 0 10 1 1 7 1 1 10 1 1 11 1 2 8 2 2 10 1 3 8 1 3 12 1 3 13 1 4 9 2 4 11 1 5 9 1 5 12 1 5 13 1 6 11 1 6 13 1 7 12 1
R 862 42 63 6 733 3 4 5 1 2 5 0 4 2 3 1 5 4 0 1 5 3 2 1 2 3 0 2 3 5 1 2 2 3 1 0 1 4 3 1 4 0 2 5 3 0 4 0 1 2 4 3 0 3 5 1 0 4 2 5 3 2 0 4 1 4 5 5 | 14 19  0 6 1 0 7 1 0 10 1 1 7 1 1 10 1 1 11 1 2 8 1 2 10 1 2 13 1 3 8 2 3 11 1 4 9 1 4 12 1 4 13 1 5 9 2 5 12 1 6 12 1 6 13 1 7 11 1
R 863 42 63 6 185 3 4 5 1 2 5 1 0 2 5 3 0 0 1 4 2 4 5 1 2 3 0 2 3 5 2 0 5 4 3 0 1 4 3 1 4 1 2 0 2 1 0 0 1 2 4 3 0 3 4 5 1 2 4 2 5 3 0 1 3 4 5 5 | 14 19  0 6 1 0 7 1 0 10 1 1 7 1 1 10 1 1 11 1 2 8 2 2 10 1 3 8 1 3 11 1 3 13 1 4 9 1 4 12 1 4 13 1 5 9 2 5 12 1 6 12 1 6 13 1 7 11 1
R 864 42 63 6 118 3 4 5 1 2 5 0 1 3 2 4 3 1 4 0 5 0 2 1 2 3 0 2 3 3 4 0 2 0 3 0 1 4 3 1 4 1 2 5 2 0 1 0 1 2 4 3 0 2 5 4 1 5 0 5 2 3 1 4 3 4 5 5 | 14 19  0 6 1 0 7 1 0 10 1 1 7 1 1 10 1 1 11 1 2 8 1 2 10 1 2 13 1 3 8 2 3 12 1 4 9 1 4 11 1 4 13 1 5 9 2 5 12 1 6 12 1 6 13 1 7 11 1
R 865 42 63 6 222 3 4 5 1 2 5 1 0 2 3 4 5 1 5 0 4 0 2 1 2 3 0 2 3 5 2 0 2 0 3 0 1 4 3 1 4 1 2 5 1 0 4 0 1 2 4 3 0 3 4 5 1 0 2 4 2 3 1 5 3 4 5 5 | 14 19  0 6 1 0 7 1 0 10 1 1 7 1 1 10 1 1 11 1 2 8 2 2 10 1 3 8 1 3 12 1 3 13 1 4 9 1 4 11 1 4 13 1 5 9 2 5 12 1 6 12 1 6 13 1 7 11 1
R 866 42 63 6 125 3 4 5 1 2 5 0 1 2 3 2 4 3 0 1 4 5 0 1 2 3 0 2 3 4 2 5 2 1 0 0 1 4 3 1 4 3 0 2 3 0 1 0 1 2 4 3 0 3 5 4 0 1 5 4 5 2 3 1 2 4 5 5 | 14 19  0 6 1 0 7 1 0 10 1 1 7 1 1 10 1 1 11 1 2 8 1 2 10 1 2 13 1 3 8 2 3 12 1 4 9 2 4 11 1 5 9 1 5 12 1 5 13 1 6 12 1 6 13 1 7 11 1
R 867 42 63 6 2200 3 4 5 1 2 3 0 5 2 1 3 4 1 4 0 3 0 5 1 2 3 0 2 4 4 3 5 5 0 2 0 1 5 2 1 0 4 1 3 3 0 1 0 1 2 5 4 0 1 3 4 0 2 5 3 5 2 1 4 2 4 5 3 | 14 19  0 6 1 0 7 1 0 10 1 1 7 1 1 10 1 1 12 1 2 8 1 2 10 1 2 13 1 3 8 2 3 11 1 4 9 1 4 12 1 4 13 1 5 9 2 5 12 1 6 11 1 6 13 1 7 11 1
R 868 42 63 6 234 3 4 5 1 2 3 1 0 2 3 4 0 0 1 2 5 4 3 1 2 3 0 2 4 3 2 0 3 4 2 0 1 5 2 1 0 4 1 5 3 1 0 0 1 2 5 4 0 4 5 3 1 5 2 5 3 4 0 1 2 4 5 3 | 14 19  0 6 1 0 7 1 0 10 1 1 7 1 1 10 1 1 12 1 2 8 2 2 10 1 3 8 1 3 11 1 3 13 1 4 9 1 4 12 1 4 13 1 5 9 2 5 12 1 6 11 1 6 13 1 7 11 1
R 869 42 63 6 21553 3 4 5 1 2 4 0 1 3 2 3 4 4 0 1 5 2 3 1 2 3 0 2 4 4 3 5 3 2 1 0 1 5 2 1 0 2 4 0 3 1 4 0 1 2 5 3 0 2 4 5 0 1 5 5 3 2 0 4 1 4 5 3 | 14 19  0 6 1 0 7 1 0 10 1 1 7 1 1 10 1 1 13 1 2 8 1 2 10 1 2 12 1 3 8 2 3 11 1 4 9 1 4 12 1 4 13 1 5 9 2 5 12 1 6 11 1 6 13 1 7 11 1
R 870 42 63 6 242 3 4 5 1 2 3 0 4 2 5 2 1 3 1 0 4 0 5 1 2 3 0 2 4 1 2 3 5 0 2 0 1 5 2 1 0 5 1 4 3 0 4 0 1 2 5 4 0 5 3 1 0 4 3 4 5 2 1 3 2 4 5 3 | 14 19  0 6 1 0 7 1 0 10 1 1 7 1 1 10 1 1 12 1 2 8 1 2 10 1 2 13 1 3 8 2 3 12 1 4 9 1 4 11 1 4 13 1 5 9 2 5 12 1 6 11 1 6 13 1 7 11 1
R 871 42 63 6 83 3 4 5 1 2 3 1 0 2 3 4 5 3 1 0 4 0 2 1 2 3 0 2 4 3 2 0 2 0 3 0 1 5 2 1 0 1 5 4 3 1 4 0 1 2 5 4 0 4 5 3 1 2 0 4 5 2 1 5 3 4 5 3 | 14 19  0 6 1 0 7 1 0 10 1 1 7 1 1 10 1 1 12 1 2 8 2 2 10 1 3 8 1 3 12 1 3 13 1 4 9 1 4 11 1 4 13 1 5 9 2 5 12 1 6 11 1 6 13 1 7 11 1
R 872 42 63 6 240 3 4 5 1 2 3 0 4 2 5 1 3 1 0 3 4 5 0 1 2 3 0 2 4 3 1 2 5 3 0 0 1 5 2 1 0 4 1 5 3 0 4 0 1 2 5 4 0 5 3 1 0 4 2 2 4 5 1 3 2 4 5 3 | 14 19  0 6 1 0 7 1 0 10 1 1 7 1 1 10 1 1 12 1 2 8 1 2 10 1 2 13 1 3 8 2 3 12 1 4 9 2 4 11 1 5 9 1 5 12 1 5 13 1 6 11 1 6 13 1 7 11 1
R 873 42 63 6 226 3 4 5 1 2 3 1 0 2 3 4 0 2 3 4 0 5 1 1 2 3 0 2 4 3 2 0 5 4 3 0 1 5 2 1 0 1 4 2 3 1 0 0 1 2 5 4 0 4 5 3 1 5 2 0 1 5 2 3 4 4 5 3 | 14 19  0 6 1 0 7 1 0 10 1 1 7 1 1 10 1 1 12 1 2 8 2 2 10 1 3 8 1 3 12 1 3 13 1 4 9 2 4 11 1 5 9 1 5 12 1 5 13 1 6 11 1 6 13 1 7 11 1
R 874 42 63 6 296 3 4 5 1 2 4 3 0 2 4 2 5 0 1 3 4 3 5 1 2 3 0 2 4 5 2 3 5 3 2 0 1 4 3 2 5 1 0 4 4 0 1 0 1 2 5 0 3 4 5 1 0 1 3 4 5 2 0 1 2 4 5 3 | 14 19  0 6 1 0 7 1 0 10 1 1 7 1 1 11 1 1 12 1 2 8 1 2 10 1 2 11 1 3 8 2 3 10 1 4 9 1 4 12 1 4 13 1 5 9 2 5 12 1 6 11 1 6 13 1 7 13 1
R 875 42 63 6 1763 3 4 5 1 2 5 0 2 3 4 1 5 1 0 5 3 4 5 1 2 3 0 2 3 5 1 3 5 4 2 1 0 4 0 2 5 3 0 1 3 1 4 0 1 2 4 3 0 4 5 1 0 2 3 3 4 2 0 1 2 4 5 5 | 14 19  0 6 1 0 7 1 0 10 1 1 7 1 1 11 1 1 13 1 2 8 1 2 10 1 2 11 1 3 8 2 3 10 1 4 9 1 4 12 1 4 13 1 5 9 2 5 12 1 6 11 1 6 12 1 7 13 1
R 876 42 63 6 187 1 2 3 0 4 1 2 3 4 1 3 2 2 3 0 1 0 4 3 4 5 0 2 1 0 1 2 4 0 3 3 4 0 2 3 1 5 4 2 1 4 0 0 4 5 3 2 5 5 1 0 4 5 0 1 4 5 2 5 3 1 2 3 | 14 19  0 6 1 0 7 2 1 7 1 1 10 1 1 11 1 2 8 1 2 10 1 2 11 1 3 8 1 3 10 1 3 12 1 4 9 1 4 11 1 4 13 1 5 9 2 5 12 1 6 12 1 6 13 1 8 13 1
R 877 42 63 6 344 1 2 3 0 4 1 2 3 4 1 3 2 1 0 5 4 2 0 3 4 5 0 2 1 0 1 2 4 5 0 3 4 0 2 3 1 5 4 2 1 4 0 0 4 5 3 2 5 5 1 0 4 5 0 2 3 4 1 3 5 1 2 3 | 14 19  0 6 1 0 7 2 1 7 1 1 10 1 1 11 1 2 8 1 2 10 1 2 11 1 3 8 1 3 10 1 3 12 1 4 9 2 4 11 1 5 9 1 5 12 1 5 13 1 6 12 1 6 13 1 8 13 1
R 878 42 63 6 66 3 1 2 0 2 3 2 5 4 1 0 3 1 2 0 5 3 4 0 2 1 3 4 5 3 1 4 4 3 2 1 2 0 0 4 2 1 5 0 1 3 0 4 5 0 1 4 5 0 3 1 2 5 4 5 3 4 0 1 2 3 2 5 | 14 19  0 6 2 0 7 1 1 7 1 1 10 1 1 11 1 2 8 1 2 10 1 2 11 1 3 8 1 3 10 1 3 12 1 4 9 1 4 11 1 4 13 1 5 9 2 5 12 1 6 12 1 7 13 1 8 13 1
R 879 42 63 6 209 3 1 2 0 2 3 2 5 4 1 0 3 2 1 5 3 0 5 0 2 1 3 4 5 3 1 4 3 5 1 1 2 0 0 4 2 2 5 0 1 3 0 4 5 0 1 4 5 0 3 1 2 5 4 0 4 3 2 1 4 3 2 5 | 14 19  0 6 2 0 7 1 1 7 1 1 10 1 1 11 1 2 8 1 2 10 1 2 11 1 3 8 1 3 10 1 3 12 1 4 9 2 4 11 1 5 9 1 5 12 1 5 13 1 6 12 1 7 13 1 8 13 1
R 880 42 63 6 414 3 4 5 1 2 4 2 0 3 1 4 5 4 1 3 0 2 5 1 2 3 0 2 4 5 4 3 5 2 4 5 2 1 1 0 2 0 3 1 4 0 1 0 1 2 5 0 3 1 4 5 0 2 3 0 5 2 1 3 4 4 5 3 | 14 19  0 6 1 0 7 1 0 12 1 1 7 1 1 10 1 1 11 1 2 8 1 2 10 1 2 11 1 3 8 2 3 10 1 4 9 1 4 12 1 4 13 1 5 9 2 5 12 1 6 11 1 6 13 1 7 13 1
R 881 42 63 6 257 1 2 3 0 4 1 2 0 1 3 4 2 5 0 2 4 1 3 3 4 5 0 2 1 1 3 2 3 1 2 4 5 0 3 0 2 3 0 4 1 5 0 0 4 5 3 2 5 5 3 4 0 1 5 4 1 3 0 5 2 1 2 4 | 14 19  0 6 1 0 7 2 1 7 1 1 10 1 1 11 1 2 8 1 2 10 1 2 11 1 3 8 1 3 10 1 3 12 1 4 9 1 4 12 1 4 13 1 5 9 2 5 12 1 6 11 1 6 13 1 8 13 1
R 882 42 63 6 164 3 1 2 0 2 3 4 0 3 1 4 2 5 0 2 4 1 3 0 2 1 3 4 5 2 1 3 3 1 2 2 4 0 1 0 5 3 0 4 1 5 0 4 5 0 1 5 4 5 1 2 0 3 5 4 1 3 0 5 2 3 2 4 | 14 19  0 6 2 0 7 1 1 7 1 1 10 1 1 11 1 2 8 1 2 10 1 2 11 1 3 8 1 3 10 1 3 12 1 4 9 1 4 12 1 4 13 1 5 9 2 5 12 1 6 11 1 7 13 1 8 13 1
R 883 42 63 6 2440 3 4 5 1 2 3 1 4 0 2 0 5 1 0 5 2 4 5 1 2 3 0 2 3 5 0 1 5 4 3 2 4 3 1 0 2 2 0 1 1 0 4 0 1 2 4 0 5 2 5 3 3 4 1 2 4 3 0 1 3 4 5 5 | 14 19  0 6 1 0 7 1 0 13 1 1 7 1 1 10 1 1 11 1 2 8 1 2 10 1 2 11 1 3 8 2 3 10 1 4 9 1 4 12 1 4 13 1 5 9 2 5 12 1 6 11 1 6 12 1 7 13 1
R 884 42 63 6 5271 3 4 5 1 2 0 3 0 4 1 4 2 1 0 3 4 2 5 1 2 3 0 2 3 2 4 5 5 2 3 1 4 0 1 2 0 0 1 4 4 1 0 0 1 2 4 5 3 1 2 5 0 5 3 4 5 2 0 1 3 4 5 3 | 14 19  0 6 1 0 7 1 0 12 1 1 7 2 1 10 1 2 8 1 2 10 1 2 11 1 3 8 1 3 10 1 3 11 1 4 9 1 4 12 1 4 13 1 5 9 2 5 12 1 6 11 1 6 13 1 8 13 1
R 885 42 63 6 1377 1 2 3 0 4 1 2 0 4 3 1 2 1 0 5 2 3 5 3 4 5 0 2 1 4 1 2 5 3 1 3 4 0 3 2 0 0 2 4 1 3 0 0 4 5 3 2 5 3 1 5 0 5 4 2 3 4 0 4 1 1 2 5 | 14 19  0 6 1 0 7 2 1 7 1 1 10 1 1 12 1 2 8 1 2 10 1 2 11 1 3 8 1 3 10 1 3 11 1 4 9 1 4 12 1 4 13 1 5 9 2 5 12 1 6 11 1 6 13 1 8 13 1
R 886 42 63 6 65 3 1 2 0 2 3 2 1 4 4 0 3 1 2 3 5 0 4 0 2 1 3 4 5 3 4 1 4 0 3 1 2 0 2 0 4 4 1 2 1 0 3 4 5 0 1 4 5 0 3 5 2 5 1 5 0 4 1 2 3 3 2 5 | 14 19  0 6 2 0 7 1 1 7 1 1 10 1 1 12 1 2 8 1 2 10 1 2 11 1 3 8 1 3 10 1 3 11 1 4 9 1 4 12 1 4 13 1 5 9 2 5 12 1 6 11 1 7 13 1 8 13 1
R 887 42 63 6 107 3 4 5 1 2 0 2 4 1 3 0 4 1 0 2 4 3 2 1 2 3 0 2 3 1 0 4 2 3 0 4 1 0 3 2 5 4 3 1 1 0 4 0 1 2 4 5 3 3 5 0 5 2 1 4 5 3 1 5 0 4 5 2 | 14 19  0 6 1 0 7 1 0 13 1 1 7 2 1 10 1 2 8 1 2 10 1 2 11 1 3 8 1 3 10 1 3 11 1 4 9 1 4 12 1 4 13 1 5 9 2 5 12 1 6 11 1 6 13 1 8 12 1
R 888 42 63 6 137 1 2 3 0 4 2 1 3 2 0 1 4 2 0 1 3 4 1 3 4 5 0 2 1 2 0 3 1 4 0 4 1 3 0 4 2 3 4 2 5 0 3 0 4 5 3 5 1 4 0 5 5 2 3 3 5 4 2 5 0 1 2 1 | 14 19  0 6 1 0 7 2 1 7 1 1 10 1 1 13 1 2 8 1 2 10 1 2 11 1 3 8 1 3 10 1 3 11 1 4 9 1 4 12 1 4 13 1 5 9 2 5 12 1 6 11 1 6 13 1 8 12 1
R 889 42 63 6 10056 3 4 5 1 2 4 3 0 2 4 1 5 4 2 5 0 1 3 1 2 3 0 2 4 5 1 2 3 5 2 0 1 4 3 2 5 0 1 4 4 0 1 0 1 2 5 0 3 4 5 1 0 3 2 0 1 3 4 5 2 4 5 3 | 14 19  0 6 1 0 7 1 0 10 1 1 7 1 1 11 1 1 12 1 2 8 1 2 10 1 2 11 1 3 8 2 3 12 1 4 9 2 4 10 1 5 9 1 5 12 1 5 13 1 6 11 1 6 13 1 7 13 1
R 890 42 63 6 88 3 4 5 1 2 5 4 2 3 0 1 5 1 0 2 3 5 0 1 2 3 0 2 3 5 1 3 4 2 0 0 3 1 0 2 5 2 0 1 3 1 4 0 1 2 4 3 0 0 5 1 2 4 3 3 5 4 1 4 2 4 5 5 | 14 19  0 6 1 0 7 1 0 10 1 1 7 1 1 11 1 1 13 1 2 8 1 2 10 1 2 11 1 3 8 2 3 12 1 4 9 2 4 10 1 5 9 1 5 12 1 5 13 1 6 11 1 6 12 1 7 13 1
R 891 42 63 6 88 3 4 5 1 2 5 4 2 3 0 1 5 1 0 2 3 5 0 1 2 3 0 2 3 5 1 3 4 2 0 0 3 1 0 2 5 2 0 1 3 1 4 0 1 2 4 3 0 0 5 1 2 4 3 3 5 4 1 4 2 4 5 5 | 14 19  0 6 1 0 7 1 0 10 1 1 7 1 1 11 1 1 13 1 2 8 1 2 10 1 2 11 1 3 8 2 3 12 1 4 9 2 4 10 1 5 9 1 5 12 1 5 13 1 6 11 1 6 13 1 7 12 1
R 892 42 63 6 103 3 4 5 1 2 0 1 3 2 0 1 4 3 2 4 1 0 5 1 2 3 0 2 3 2 4 3 5 4 2 0 1 3 1 0 2 4 5 0 3 0 1 0 1 2 4 5 3 0 4 5 5 3 2 0 1 5 3 2 4 4 5 1 | 14 19  0 6 1 0 7 1 0 10 1 1 7 2 1 12 1 2 8 1 2 10 1 2 11 1 3 8 1 3 11 1 3 13 1 4 9 2 4 10 1 5 9 1 5 12 1 5 13 1 6 11 1 6 13 1 8 12 1
R 893 42 63 6 410 1 2 3 0 4 2 2 3 1 2 0 1 4 0 5 1 2 5 3 4 5 0 2 1 1 5 4 5 2 4 3 1 0 2 0 4 3 0 1 5 0 3 0 4 5 3 5 1 0 4 5 3 5 4 1 2 3 0 3 4 1 2 2 | 14 19  0 6 1 0 7 2 1 7 1 1 10 1 1 13 1 2 8 1 2 10 1 2 11 1 3 8 1 3 12 1 3 13 1 4 9 1 4 10 1 4 11 1 5 9 2 5 12 1 6 11 1 6 13 1 8 12 1
R 894 42 63 6 298 1 2 3 0 4 1 4 2 5 1 3 2 3 4 0 2 0 1 3 4 5 0 2 1 0 1 2 1 0 4 3 2 5 3 5 4 3 0 2 1 3 0 0 4 5 3 2 5 3 0 1 5 4 0 2 1 5 3 5 4 1 2 4 | 14 19  0 6 1 0 7 2 1 7 1 1 11 1 1 12 1 2 8 1 2 10 1 2 11 1 3 8 1 3 10 1 3 11 1 4 9 1 4 10 1 4 13 1 5 9 2 5 12 1 6 12 1 6 13 1 8 13 1
R 895 42 63 6 328 3 1 2 0 2 3 4 5 2 3 4 1 2 4 0 1 0 3 0 2 1 3 4 5 0 1 2 3 0 2 5 1 4 4 2 3 1 0 5 1 3 0 4 5 0 1 5 4 3 0 1 5 2 0 1 3 5 4 5 2 3 2 4 | 14 19  0 6 2 0 7 1 1 7 1 1 11 1 1 12 1 2 8 1 2 10 1 2 11 1 3 8 1 3 10 1 3 11 1 4 9 1 4 10 1 4 13 1 5 9 2 5 12 1 6 12 1 7 13 1 8 13 1
R 896 42 63 6 203 3 1 2 0 2 3 2 3 1 4 0 2 4 3 5 0 1 3 0 2 1 3 4 5 1 0 2 2 5 3 3 4 0 2 1 4 1 0 5 0 4 1 4 5 0 1 5 4 4 5 0 5 1 3 0 1 2 4 2 5 3 2 3 | 14 19  0 6 2 0 7 1 1 7 1 1 11 1 1 12 1 2 8 1 2 10 1 2 11 1 3 8 1 3 10 1 3 11 1 4 9 2 4 10 1 5 9 1 5 12 1 5 13 1 6 12 1 7 13 1 8 13 1
R 897 42 63 6 140 1 2 3 0 4 2 1 4 2 3 0 1 0 2 4 3 1 5 3 4 5 0 2 1 2 0 1 5 1 4 0 3 2 1 4 3 3 0 2 0 5 3 0 4 5 3 5 1 3 5 0 5 4 2 3 1 5 0 2 4 1 2 4 | 14 19  0 6 1 0 7 2 1 7 1 1 11 1 1 13 1 2 8 1 2 10 1 2 11 1 3 8 1 3 10 1 3 11 1 4 9 1 4 10 1 4 12 1 5 9 2 5 12 1 6 12 1 6 13 1 8 13 1
R 898 42 63 6 66 3 4 5 1 2 0 3 4 5 0 3 1 1 0 2 4 3 2 1 2 3 0 2 3 1 0 4 2 3 0 4 0 3 1 5 2 5 1 2 1 0 4 0 1 2 4 5 3 2 1 0 5 2 4 4 5 3 1 5 0 4 5 3 | 14 19  0 6 1 0 7 1 0 13 1 1 7 2 1 11 1 2 8 1 2 10 1 2 11 1 3 8 1 3 10 1 3 11 1 4 9 1 4 10 1 4 13 1 5 9 2 5 12 1 6 12 1 6 13 1 8 12 1
R 899 42 63 6 126 1 2 3 0 4 2 1 4 5 3 0 5 2 0 1 3 4 1 3 4 5 0 2 1 2 0 1 1 4 0 0 3 4 1 4 3 2 3 4 5 0 3 0 4 5 3 5 1 3 2 0 4 1 2 3 5 4 2 5 0 1 2 5 | 14 19  0 6 1 0 7 2 1 7 1 1 11 1 1 13 1 2 8 1 2 10 1 2 11 1 3 8 1 3 10 1 3 11 1 4 9 1 4 10 1 4 13 1 5 9 2 5 12 1 6 12 1 6 13 1 8 12 1
R 900 42 63 6 82 3 4 5 1 2 0 1 4 0 5 3 1 5 2 3 4 0 2 1 2 3 0 2 3 2 0 1 1 3 2 3 4 0 1 4 5 0 3 2 1 0 4 0 1 2 4 5 3 3 5 2 4 2 0 0 4 1 5 1 3 4 5 5 | 14 19  0 6 1 0 7 1 0 13 1 1 7 2 1 11 1 2 8 1 2 10 1 2 11 1 3 8 1 3 10 1 3 11 1 4 9 2 4 10 1 5 9 1 5 12 1 5 13 1 6 12 1 6 13 1 8 12 1
R 901 42 63 6 141 1 2 3 0 4 2 1 4 2 3 0 1 3 4 5 2 0 1 3 4 5 0 2 1 2 0 1 1 5 4 0 3 2 1 4 3 0 3 2 5 0 3 0 4 5 3 5 1 3 5 0 5 4 2 0 2 1 3 5 4 1 2 4 | 14 19  0 6 1 0 7 2 1 7 1 1 11 1 1 13 1 2 8 1 2 10 1 2 11 1 3 8 1 3 10 1 3 11 1 4 9 2 4 10 1 5 9 1 5 12 1 5 13 1 6 12 1 6 13 1 8 12 1
R 902 42 63 6 134 3 1 2 0 2 3 2 3 5 4 0 1 1 0 2 4 3 2 0 2 1 3 4 5 1 0 3 2 3 0 0 4 3 1 5 2 4 1 5 4 0 1 4 5 0 1 4 5 4 1 0 5 2 3 4 5 3 1 5 0 3 2 2 | 14 19  0 6 2 0 7 1 1 7 1 1 11 1 1 13 1 2 8 1 2 10 1 2 11 1 3 8 1 3 10 1 3 11 1 4 9 1 4 10 1 4 13 1 5 9 2 5 12 1 6 12 1 7 13 1 8 12 1
R 903 42 63 6 1225 3 1 2 0 2 3 2 3 1 0 2 4 1 3 5 4 0 2 0 2 1 3 4 5 1 0 3 4 5 3 3 0 2 2 1 5 0 1 4 4 0 1 4 5 0 1 4 5 4 5 0 5 1 3 0 2 4 1 5 3 3 2 2 | 14 19  0 6 2 0 7 1 1 7 1 1 11 1 1 13 1 2 8 1 2 10 1 2 11 1 3 8 1 3 10 1 3 11 1 4 9 2 4 10 1 5 9 1 5 12 1 5 13 1 6 12 1 7 13 1 8 12 1
R 904 42 63 6 1753 1 2 3 0 4 2 1 4 5 0 3 4 3 5 1 0 1 2 3 4 5 0 2 1 2 0 1 2 1 3 3 4 5 1 3 0 5 0 4 0 5 3 0 4 5 3 5 1 3 0 2 5 1 2 0 2 4 4 5 3 1 2 4 | 14 19  0 6 1 0 7 2 1 7 1 1 11 1 1 13 1 2 8 1 2 10 1 2 11 1 3 8 1 3 10 1 3 12 1 4 9 1 4 10 1 4 11 1 5 9 2 5 12 1 6 12 1 6 13 1 8 13 1
R 905 42 63 6 862 1 2 3 0 4 2 3 4 5 2 0 1 1 2 5 3 0 5 3 4 5 0 2 1 1 2 4 5 0 4 0 2 3 1 4 3 2 3 0 5 0 3 0 4 5 3 5 1 0 1 2 3 5 4 3 4 0 1 2 4 1 2 5 | 14 19  0 6 1 0 7 2 1 7 1 1 11 1 1 13 1 2 8 1 2 10 1 2 11 1 3 8 1 3 10 1 3 13 1 4 9 1 4 10 1 4 11 1 5 9 2 5 12 1 6 12 1 6 13 1 8 12 1
R 906 42 63 6 63 3 4 5 1 2 0 2 4 5 3 1 0 1 0 2 4 2 3 1 2 3 0 2 3 0 3 4 3 2 1 1 3 4 2 0 5 5 1 0 1 0 4 0 1 2 4 5 3 1 0 3 5 2 4 4 5 3 0 5 1 4 5 2 | 14 19  0 6 1 0 7 1 0 13 1 1 7 2 1 12 1 2 8 1 2 10 1 2 11 1 3 8 1 3 10 1 3 11 1 4 9 1 4 10 1 4 13 1 5 9 2 5 11 1 6 12 1 6 13 1 8 12 1
R 907 42 63 6 6285 1 2 3 0 4 1 4 2 5 1 3 0 0 2 3 1 4 5 3 4 5 0 2 1 0 1 2 5 4 3 3 1 4 4 0 2 4 3 0 0 3 1 0 4 5 3 2 5 3 0 1 4 2 5 1 5 4 0 2 3 1 2 5 | 14 19  0 6 1 0 7 2 1 7 1 1 12 1 1 13 1 2 8 1 2 10 1 2 11 1 3 8 1 3 10 1 3 11 1 4 9 1 4 10 1 4 13 1 5 9 2 5 11 1 6 12 1 6 13 1 8 12 1
R 908 42 63 6 891 3 1 2 0 4 3 5 4 1 4 3 2 1 4 0 0 3 5 0 2 1 3 4 1 0 1 2 2 0 1 3 4 5 5 3 4 0 2 4 1 3 0 4 5 0 2 5 1 3 0 2 5 1 0 3 2 5 4 1 2 3 4 5 | 14 19  0 6 2 0 7 1 1 7 2 1 12 1 2 8 1 2 10 1 2 11 1 3 8 1 3 10 1 3 11 1 4 9 1 4 10 1 4 13 1 5 9 1 5 11 1 5 13 1 6 12 1 8 13 1 9 12 1
R 909 42 63 6 133 1 2 3 0 4 1 0 4 3 4 1 2 1 3 2 0 4 5 3 4 5 0 2 1 3 2 5 5 4 3 1 4 0 0 2 1 3 4 0 0 3 1 0 4 5 3 2 5 1 2 5 0 3 5 0 5 4 1 2 3 1 2 4 | 14 19  0 6 1 0 7 2 1 7 1 1 12 1 1 13 1 2 8 1 2 10 1 2 11 1 3 8 1 3 10 1 3 12 1 4 9 1 4 10 1 4 11 1 5 9 2 5 11 1 6 12 1 6 13 1 8 13 1
R 910 42 63 6 214 3 4 5 0 1 2 3 0 2 5 1 4 0 1 4 2 4 3 1 2 3 2 0 3 4 1 2 3 4 0 1 0 4 4 3 0 3 1 2 0 2 1 0 1 2 4 3 5 5 1 4 0 3 2 2 5 3 1 5 0 5 4 5 | 14 19  0 6 1 0 7 1 0 10 1 1 7 1 1 10 1 1 11 1 2 8 1 2 11 1 2 12 1 3 8 2 3 11 1 4 9 1 4 12 1 4 13 1 5 9 2 5 12 1 6 10 1 6 13 1 7 13 1
R 911 42 63 6 30430 3 4 5 0 1 2 3 5 4 1 0 2 2 0 1 3 4 5 1 2 3 2 0 3 2 0 4 5 4 2 1 0 4 0 3 1 3 0 1 3 1 2 0 1 2 4 3 5 1 2 0 3 5 4 3 5 4 0 1 2 5 4 5 | 14 19  0 6 1 0 7 1 0 10 1 1 7 1 1 10 1 1 11 1 2 8 1 2 11 1 2 13 1 3 8 2 3 11 1 4 9 1 4 12 1 4 13 1 5 9 2 5 12 1 6 10 1 6 12 1 7 13 1
R 912 42 63 6 1418 3 4 5 0 1 2 3 0 4 1 2 5 0 1 5 2 4 5 1 2 3 2 0 3 5 2 4 5 4 0 1 0 4 0 3 1 3 1 2 2 1 0 0 1 2 4 3 5 1 2 5 0 3 4 2 4 3 1 3 0 5 4 5 | 14 19  0 6 1 0 7 1 0 10 1 1 7 1 1 10 1 1 11 1 2 8 1 2 11 1 2 13 1 3 8 2 3 11 1 4 9 1 4 12 1 4 13 1 5 9 2 5 12 1 6 10 1 6 13 1 7 12 1
R 913 42 63 6 698 3 4 5 0 1 2 0 1 5 2 3 5 2 4 3 0 1 4 1 2 3 2 0 3 5 3 4 1 3 4 1 0 4 3 0 2 0 2 1 0 2 1 0 1 2 4 3 5 2 4 3 0 1 4 0 5 1 2 5 3 5 4 5 | 14 19  0 6 1 0 7 1 0 10 1 1 7 1 1 10 1 1 11 1 2 8 1 2 11 1 2 12 1 3 8 2 3 12 1 4 9 2 4 11 1 5 9 1 5 12 1 5 13 1 6 10 1 6 13 1 7 13 1
R 914 42 63 6 66 3 4 5 0 1 2 3 5 4 1 2 0 2 1 0 5 3 4 1 2 3 2 0 3 0 2 3 4 3 2 1 0 4 0 3 1 1 5 0 2 1 4 0 1 2 4 3 5 1 2 0 4 5 3 5 4 3 0 1 2 5 4 5 | 14 19  0 6 1 0 7 1 0 10 1 1 7 1 1 10 1 1 11 1 2 8 1 2 11 1 2 13 1 3 8 2 3 12 1 4 9 1 4 11 1 4 13 1 5 9 2 5 12 1 6 10 1 6 12 1 7 13 1
R 915 42 63 6 127 3 4 5 0 1 2 0 3 4 1 2 3 0 1 5 2 4 5 1 2 3 2 0 3 2 4 3 5 4 3 1 0 4 0 3 1 2 0 1 0 1 2 0 1 2 4 3 5 1 5 2 0 5 4 2 4 3 0 1 3 5 4 5 | 14 19  0 6 1 0 7 1 0 10 1 1 7 1 1 10 1 1 11 1 2 8 2 2 11 1 3 8 1 3 12 1 3 13 1 4 9 1 4 11 1 4 13 1 5 9 2 5 12 1 6 10 1 6 12 1 7 13 1
R 916 42 63 6 244 3 4 5 0 1 2 0 3 4 1 2 5 2 0 5 3 1 4 1 2 3 2 0 3 2 4 3 4 5 0 1 0 4 0 3 1 2 0 1 3 1 2 0 1 2 4 3 5 1 5 2 0 3 4 1 3 4 2 5 0 5 4 5 | 14 19  0 6 1 0 7 1 0 10 1 1 7 1 1 10 1 1 11 1 2 8 2 2 11 1 3 8 1 3 12 1 3 13 1 4 9 2 4 11 1 5 9 1 5 12 1 5 13 1 6 10 1 6 12 1 7 13 1
R 917 42 63 6 105 3 4 5 0 1 2 0 3 4 1 2 4 0 1 5 3 2 5 1 2 3 2 0 3 2 4 3 5 2 4 1 0 4 0 3 1 0 2 1 3 1 0 0 1 2 4 3 5 1 5 2 0 3 5 3 4 2 0 1 4 5 4 5 | 14 19  0 6 1 0 7 1 0 10 1 1 7 1 1 10 1 1 11 1 2 8 2 2 11 1 3 8 1 3 12 1 3 13 1 4 9 1 4 11 1 4 13 1 5 9 2 5 12 1 6 10 1 6 13 1 7 12 1
R 918 42 63 6 217 3 4 5 0 1 2 0 5 4 1 3 2 0 1 3 2 4 5 1 2 3 2 0 3 2 3 0 5 4 3 1 0 4 3 0 1 4 1 2 0 1 2 0 1 2 4 3 5 1 2 3 4 5 0 2 5 4 0 1 3 5 4 5 | 14 19  0 6 1 0 7 1 0 10 1 1 7 1 1 10 1 1 11 1 2 8 1 2 11 1 2 13 1 3 8 2 3 12 1 4 9 1 4 12 1 4 13 1 5 9 2 5 12 1 6 10 1 6 11 1 7 13 1
R 919 42 63 6 164 3 4 5 0 1 2 1 0 4 2 3 4 5 0 2 4 1 3 1 2 3 2 0 3 2 4 0 3 1 2 1 0 4 3 0 1 3 0 4 1 2 4 0 1 2 4 3 5 3 5 2 1 5 0 4 1 3 0 5 2 5 4 5 | 14 19  0 6 1 0 7 1 0 10 1 1 7 1 1 10 1 1 11 1 2 8 2 2 11 1 3 8 1 3 12 1 3 13 1 4 9 1 4 12 1 4 13 1 5 9 2 5 12 1 6 10 1 6 11 1 7 13 1
R 920 42 63 6 124 3 4 5 0 1 2 1 0 3 2 4 5 0 3 4 1 4 2 1 2 3 2 0 5 5 4 3 2 4 0 1 0 4 2 0 1 2 1 3 0 4 1 0 1 2 4 3 5 2 5 4 0 1 3 1 5 2 3 5 0 5 4 3 | 14 19  0 6 1 0 7 1 0 10 1 1 7 1 1 10 1 1 13 1 2 8 1 2 11 1 2 12 1 3 8 2 3 11 1 4 9 1 4 12 1 4 13 1 5 9 2 5 12 1 6 10 1 6 11 1 7 13 1
R 921 42 63 6 57 3 4 5 0 1 2 0 3 4 5 1 2 1 4 2 0 3 4 1 2 3 2 0 5 2 1 4 0 2 4 1 0 4 3 1 5 0 2 3 0 4 1 0 1 2 4 3 5 5 2 1 0 3 4 3 5 0 1 5 2 5 4 3 | 14 19  0 6 1 0 7 1 0 10 1 1 7 1 1 10 1 1 13 1 2 8 1 2 11 1 2 12 1 3 8 2 3 12 1 4 9 2 4 11 1 5 9 1 5 12 1 5 13 1 6 10 1 6 11 1 7 13 1
R 922 42 63 6 210 3 4 5 0 1 2 3 0 4 1 4 2 0 1 4 2 3 5 1 2 3 2 0 5 2 4 0 5 3 4 1 0 4 0 4 1 3 1 2 2 1 0 0 1 2 4 3 5 1 2 5 3 5 0 2 5 3 0 1 4 5 4 3 | 14 19  0 6 1 0 7 1 0 10 1 1 7 1 1 10 1 1 11 1 2 8 1 2 11 1 2 13 1 3 8 2 3 12 1 4 9 1 4 12 1 4 13 1 5 9 2 5 12 1 6 10 1 6 13 1 7 11 1
R 923 42 63 6 1352 3 4 5 0 1 2 0 3 4 1 2 4 4 3 5 0 1 5 1 2 3 2 0 5 2 4 3 5 1 4 1 0 4 0 4 1 0 2 3 0 5 1 0 1 2 4 3 5 1 5 2 0 5 3 0 1 2 2 3 4 5 4 3 | 14 19  0 6 1 0 7 1 0 10 1 1 7 1 1 10 1 1 11 1 2 8 2 2 11 1 3 8 1 3 12 1 3 13 1 4 9 1 4 12 1 4 13 1 5 9 2 5 12 1 6 10 1 6 13 1 7 11 1
R 924 42 63 6 925 3 4 5 1 2 5 2 4 3 5 0 1 2 0 1 4 3 5 1 2 3 0 2 3 1 0 2 5 3 1 0 2 5 3 1 4 3 0 4 2 1 4 0 1 2 4 3 0 5 1 0 3 4 2 4 5 3 0 2 1 4 5 5 | 14 19  0 6 1 0 7 1 0 12 1 1 7 1 1 10 1 1 11 1 2 8 1 2 10 1 2 13 1 3 8 2 3 11 1 4 9 1 4 12 1 4 13 1 5 9 2 5 12 1 6 10 1 6 11 1 7 13 1
R 925 42 63 6 737 3 4 5 1 2 5 2 0 3 4 1 5 1 0 5 2 4 5 1 2 3 0 2 3 5 1 2 5 4 3 0 2 5 3 1 4 2 1 0 1 0 4 0 1 2 4 3 0 4 1 5 0 3 2 2 4 3 0 1 3 4 5 5 | 14 19  0 6 1 0 7 1 0 13 1 1 7 1 1 10 1 1 11 1 2 8 1 2 10 1 2 12 1 3 8 2 3 11 1 4 9 1 4 12 1 4 13 1 5 9 2 5 12 1 6 10 1 6 11 1 7 13 1
R 926 42 63 6 89 3 4 5 1 2 5 2 4 3 5 1 0 0 1 5 4 2 3 1 2 3 0 2 3 0 1 4 3 2 1 0 2 5 3 1 4 3 0 5 2 1 4 0 1 2 4 3 0 5 1 0 2 3 4 4 2 3 0 5 1 4 5 5 | 14 19  0 6 1 0 7 1 0 12 1 1 7 1 1 10 1 1 11 1 2 8 1 2 10 1 2 13 1 3 8 2 3 12 1 4 9 1 4 11 1 4 13 1 5 9 2 5 12 1 6 10 1 6 11 1 7 13 1
R 927 42 63 6 66 3 4 5 1 2 5 0 2 3 1 4 5 1 5 0 3 0 2 1 2 3 0 2 3 1 3 2 2 0 5 0 2 5 3 1 4 0 1 4 3 0 1 0 1 2 4 3 0 4 5 1 0 3 2 3 2 4 1 4 5 4 5 5 | 14 19  0 6 1 0 7 1 0 12 1 1 7 1 1 10 1 1 11 1 2 8 2 2 10 1 3 8 1 3 12 1 3 13 1 4 9 1 4 11 1 4 13 1 5 9 2 5 12 1 6 10 1 6 11 1 7 13 1
R 928 42 63 6 235 3 4 5 1 2 5 0 2 3 1 4 5 1 0 5 3 2 0 1 2 3 0 2 3 1 3 2 2 5 0 0 2 5 3 1 4 0 1 4 3 0 1 0 1 2 4 3 0 4 5 1 0 3 2 3 4 2 1 5 4 4 5 5 | 14 19  0 6 1 0 7 1 0 12 1 1 7 1 1 10 1 1 11 1 2 8 2 2 10 1 3 8 1 3 12 1 3 13 1 4 9 2 4 11 1 5 9 1 5 12 1 5 13 1 6 10 1 6 11 1 7 13 1
R 929 42 63 6 899 3 4 5 1 2 5 0 1 2 4 2 3 1 0 5 3 4 5 1 2 3 0 2 3 3 2 1 5 4 1 1 0 4 0 3 2 0 2 5 3 1 4 0 1 2 4 3 0 4 3 5 0 5 1 3 4 2 0 2 1 4 5 5 | 14 19  0 6 1 0 7 1 0 10 1 1 7 1 1 12 1 1 13 1 2 8 1 2 10 1 2 11 1 3 8 2 3 12 1 4 9 1 4 11 1 4 13 1 5 9 2 5 11 1 6 12 1 6 13 1 7 10 1
R 930 42 63 6 2642 3 4 5 1 2 5 0 4 2 5 3 2 3 0 1 4 1 5 1 2 3 0 2 3 2 3 1 5 1 3 1 0 4 0 2 5 0 4 2 3 1 4 0 1 2 4 3 0 5 3 1 0 4 1 4 5 2 0 2 3 4 5 5 | 14 19  0 6 1 0 7 1 0 10 1 1 7 1 1 11 1 1 13 1 2 8 1 2 10 1 2 11 1 3 8 2 3 12 1 4 9 1 4 12 1 4 13 1 5 9 2 5 12 1 6 11 1 6 13 1 7 10 1
R 931 42 63 6 166 3 4 5 1 2 0 2 0 5 4 3 5 2 0 1 4 3 5 1 2 3 0 2 3 3 5 0 5 3 2 1 0 4 3 2 0 4 1 0 2 1 4 0 1 2 4 5 3 1 4 3 2 1 0 4 5 3 0 1 2 4 5 5 | 14 19  0 6 1 0 7 1 0 10 1 1 7 1 1 11 1 1 12 1 2 8 2 2 10 1 3 8 1 3 11 1 3 13 1 4 9 1 4 12 1 4 13 1 5 9 2 5 12 1 6 11 1 6 13 1 7 10 1
R 932 42 63 6 1882 3 4 5 1 2 5 4 0 2 3 5 2 3 1 0 4 0 5 1 2 3 0 2 3 3 2 0 5 0 2 1 0 4 0 2 5 1 3 4 3 1 4 0 1 2 4 3 0 1 5 3 4 1 0 4 5 2 1 3 2 4 5 5 | 14 19  0 6 1 0 7 1 0 10 1 1 7 1 1 11 1 1 13 1 2 8 2 2 10 1 3 8 1 3 11 1 3 12 1 4 9 1 4 12 1 4 13 1 5 9 2 5 12 1 6 11 1 6 13 1 7 10 1
R 933 42 63 6 2848 3 4 5 1 2 0 0 4 2 5 3 1 4 0 5 3 2 5 1 2 3 0 2 3 1 3 2 5 2 4 1 0 4 3 2 0 5 1 0 3 0 4 0 1 2 4 5 3 5 3 1 0 4 2 3 1 2 0 1 4 4 5 5 | 14 19  0 6 1 0 7 1 0 10 1 1 7 1 1 11 1 1 12 1 2 8 1 2 10 1 2 13 1 3 8 2 3 12 1 4 9 1 4 11 1 4 13 1 5 9 2 5 12 1 6 11 1 6 13 1 7 10 1
R 934 42 63 6 243 3 4 5 1 2 0 1 0 2 3 4 5 4 5 2 0 1 3 1 2 3 0 2 3 3 2 0 3 1 5 1 0 4 3 2 0 1 4 2 1 0 4 0 1 2 4 5 3 4 5 3 1 0 2 0 1 3 2 4 5 4 5 5 | 14 19  0 6 1 0 7 1 0 10 1 1 7 1 1 11 1 1 12 1 2 8 2 2 10 1 3 8 1 3 12 1 3 13 1 4 9 1 4 11 1 4 13 1 5 9 2 5 12 1 6 11 1 6 13 1 7 10 1
R 935 42 63 6 214 3 4 5 1 2 0 1 0 2 3 4 5 3 4 5 1 2 0 1 2 3 0 2 3 3 2 0 1 5 4 1 0 4 3 2 0 1 4 2 3 0 1 0 1 2 4 5 3 4 5 3 1 0 2 0 2 1 3 5 4 4 5 5 | 14 19  0 6 1 0 7 1 0 10 1 1 7 1 1 11 1 1 12 1 2 8 2 2 10 1 3 8 1 3 12 1 3 13 1 4 9 2 4 11 1 5 9 1 5 12 1 5 13 1 6 11 1 6 13 1 7 10 1
R 936 42 63 6 134 1 2 3 0 4 1 2 5 4 0 1 2 0 2 3 1 4 5 3 4 5 0 2 1 3 1 2 5 4 2 3 4 0 0 2 1 3 4 0 4 0 1 0 4 5 3 2 5 0 1 3 4 5 3 1 4 5 0 3 2 1 2 5 | 14 19  0 6 1 0 7 2 1 7 1 1 10 1 1 11 1 2 8 1 2 10 1 2 11 1 3 8 1 3 12 1 3 13 1 4 9 1 4 11 1 4 13 1 5 9 2 5 12 1 6 12 1 6 13 1 8 10 1
R 937 42 63 6 723 1 2 3 0 4 1 2 5 4 0 1 2 1 0 3 4 5 3 3 4 5 0 2 1 3 1 2 4 3 0 3 4 0 0 2 1 5 4 0 4 3 1 0 4 5 3 2 5 0 1 3 4 3 5 2 5 4 1 2 0 1 2 5 | 14 19  0 6 1 0 7 2 1 7 1 1 10 1 1 11 1 2 8 1 2 10 1 2 11 1 3 8 1 3 12 1 3 13 1 4 9 2 4 11 1 5 9 1 5 12 1 5 13 1 6 12 1 6 13 1 8 10 1
R 938 42 63 6 241 3 1 2 0 2 3 2 5 4 3 0 4 0 2 1 5 1 3 0 2 1 3 4 5 1 3 4 3 1 2 1 2 0 0 4 2 5 0 4 3 1 0 4 5 0 1 4 5 0 3 1 2 1 5 5 3 4 0 4 2 3 2 5 | 14 19  0 6 2 0 7 1 1 7 1 1 10 1 1 11 1 2 8 1 2 10 1 2 11 1 3 8 1 3 12 1 3 13 1 4 9 1 4 11 1 4 13 1 5 9 2 5 12 1 6 12 1 7 13 1 8 10 1
R 939 42 63 6 215 1 2 3 0 4 1 2 3 4 0 1 5 3 0 2 4 1 5 3 4 5 0 2 1 4 1 2 5 1 3 3 4 0 3 0 4 2 0 4 3 0 1 0 4 5 3 2 5 0 1 5 3 2 4 4 1 5 0 2 3 1 2 5 | 14 19  0 6 1 0 7 2 1 7 1 1 10 1 1 11 1 2 8 1 2 10 1 2 12 1 3 8 1 3 11 1 3 13 1 4 9 1 4 11 1 4 13 1 5 9 2 5 12 1 6 12 1 6 13 1 8 10 1
R 940 42 63 6 144 3 1 2 0 2 3 2 1 4 0 4 3 1 2 5 0 3 5 0 2 1 3 4 5 3 4 1 5 3 1 1 2 0 4 0 2 2 0 4 0 1 3 4 5 0 1 4 5 0 3 5 2 1 5 0 3 4 2 4 1 3 2 5 | 14 19  0 6 2 0 7 1 1 7 1 1 10 1 1 11 1 2 8 1 2 10 1 2 12 1 3 8 1 3 11 1 3 13 1 4 9 1 4 11 1 4 13 1 5 9 2 5 12 1 6 12 1 7 13 1 8 10 1
R 941 42 63 6 260 3 1 2 0 2 3 2 1 4 0 4 3 0 1 4 3 2 5 0 2 1 3 4 5 3 4 1 3 4 1 1 2 0 4 0 2 2 0 4 0 1 3 4 5 0 1 4 5 0 3 5 2 1 5 2 5 3 0 1 4 3 2 5 | 14 19  0 6 2 0 7 1 1 7 1 1 10 1 1 11 1 2 8 1 2 10 1 2 12 1 3 8 1 3 11 1 3 13 1 4 9 2 4 11 1 5 9 1 5 12 1 5 13 1 6 12 1 7 13 1 8 10 1
R 942 42 63 6 417 1 2 3 0 4 1 2 3 4 0 1 5 5 1 2 0 2 4 3 4 5 0 2 1 4 1 2 4 2 5 3 4 0 2 0 1 3 4 0 0 1 3 0 4 5 3 2 5 0 1 5 3 4 2 0 3 4 1 3 5 1 2 5 | 14 19  0 6 1 0 7 2 1 7 1 1 10 1 1 11 1 2 8 1 2 10 1 2 13 1 3 8 1 3 11 1 3 12 1 4 9 1 4 11 1 4 13 1 5 9 2 5 12 1 6 12 1 6 13 1 8 10 1
R 943 42 63 6 377 1 2 3 0 4 1 2 3 4 0 1 5 3 2 4 0 1 2 3 4 5 0 2 1 4 1 2 1 4 2 3 4 0 2 0 3 3 0 4 0 1 3 0 4 5 3 2 5 0 1 5 3 4 2 0 5 1 3 5 4 1 2 5 | 14 19  0 6 1 0 7 2 1 7 1 1 10 1 1 11 1 2 8 1 2 10 1 2 13 1 3 8 1 3 11 1 3 12 1 4 9 2 4 11 1 5 9 1 5 12 1 5 13 1 6 12 1 6 13 1 8 10 1
R 944 42 63 6 686 3 1 2 0 2 3 2 1 4 0 4 5 1 2 3 5 0 3 0 2 1 3 4 5 3 4 1 3 0 4 1 2 0 1 4 2 2 0 5 0 3 1 4 5 0 1 4 5 0 3 5 2 3 1 5 0 4 1 2 4 3 2 5 | 14 19  0 6 2 0 7 1 1 7 1 1 10 1 1 11 1 2 8 1 2 10 1 2 13 1 3 8 1 3 11 1 3 12 1 4 9 1 4 11 1 4 13 1 5 9 2 5 12 1 6 12 1 7 13 1 8 10 1
R 945 42 63 6 162 3 1 2 0 2 3 2 1 4 0 4 5 1 3 5 0 2 3 0 2 1 3 4 5 3 4 1 4 5 3 1 2 0 1 0 2 2 0 4 0 3 1 4 5 0 1 4 5 0 3 5 2 3 1 0 2 4 1 5 4 3 2 5 | 14 19  0 6 2 0 7 1 1 7 1 1 10 1 1 11 1 2 8 1 2 10 1 2 13 1 3 8 1 3 11 1 3 12 1 4 9 2 4 11 1 5 9 1 5 12 1 5 13 1 6 12 1 7 13 1 8 10 1
R 946 42 63 6 352 1 2 3 0 4 1 2 1 4 3 1 2 3 4 0 2 0 1 3 4 5 0 2 1 4 3 2 1 0 4 3 4 5 0 2 4 3 0 2 3 0 1 0 4 5 3 2 5 5 0 3 0 5 4 2 1 5 3 5 4 1 2 1 | 14 19  0 6 1 0 7 2 1 7 1 1 10 1 1 12 1 2 8 1 2 10 1 2 11 1 3 8 1 3 11 1 3 13 1 4 9 1 4 11 1 4 13 1 5 9 2 5 12 1 6 12 1 6 13 1 8 10 1
R 947 42 63 6 299 3 1 2 0 2 3 5 4 3 3 1 2 2 4 0 1 0 3 0 2 1 3 4 5 2 0 4 3 0 2 4 1 2 1 5 4 1 0 5 3 0 1 4 5 0 1 5 4 1 0 2 5 0 4 1 3 5 4 5 2 3 2 3 | 14 19  0 6 2 0 7 1 1 7 1 1 10 1 1 12 1 2 8 1 2 10 1 2 11 1 3 8 1 3 11 1 3 13 1 4 9 1 4 11 1 4 13 1 5 9 2 5 12 1 6 12 1 7 13 1 8 10 1
R 948 42 63 6 249 3 4 5 1 2 0 3 0 1 5 0 4 1 0 2 4 3 2 1 2 3 0 2 3 1 4 3 2 3 0 4 1 5 2 3 0 1 2 5 1 0 4 0 1 2 4 5 3 5 2 4 2 1 3 4 5 3 1 5 0 4 5 0 | 14 19  0 6 1 0 7 1 0 13 1 1 7 2 1 10 1 2 8 1 2 10 1 2 11 1 3 8 1 3 11 1 3 12 1 4 9 1 4 11 1 4 13 1 5 9 2 5 12 1 6 12 1 6 13 1 8 10 1
R 949 42 63 6 93 1 2 3 0 4 2 5 0 4 3 0 1 2 0 1 3 4 1 3 4 5 0 2 1 4 1 5 1 4 0 1 4 3 2 3 0 3 4 2 5 0 3 0 4 5 3 5 1 3 2 1 2 4 5 3 5 4 2 5 0 1 2 0 | 14 19  0 6 1 0 7 2 1 7 1 1 10 1 1 13 1 2 8 1 2 10 1 2 11 1 3 8 1 3 11 1 3 12 1 4 9 1 4 11 1 4 13 1 5 9 2 5 12 1 6 12 1 6 13 1 8 10 1
R 950 42 63 6 591 3 4 5 1 2 0 3 4 5 2 0 1 5 1 3 4 0 2 1 2 3 0 2 3 1 0 4 2 3 1 4 1 2 3 0 5 3 2 0 1 0 4 0 1 2 4 5 3 2 0 1 3 4 5 0 4 2 5 1 3 4 5 5 | 14 19  0 6 1 0 7 1 0 13 1 1 7 2 1 10 1 2 8 1 2 10 1 2 11 1 3 8 1 3 11 1 3 12 1 4 9 2 4 11 1 5 9 1 5 12 1 5 13 1 6 12 1 6 13 1 8 10 1
R 951 42 63 6 111 1 2 3 0 4 2 2 3 5 2 0 1 3 1 5 2 0 1 3 4 5 0 2 1 1 5 4 4 5 1 3 1 0 0 2 3 3 2 0 5 0 3 0 4 5 3 5 1 0 4 1 3 5 4 0 2 4 3 5 4 1 2 2 | 14 19  0 6 1 0 7 2 1 7 1 1 10 1 1 13 1 2 8 1 2 10 1 2 11 1 3 8 1 3 11 1 3 12 1 4 9 2 4 11 1 5 9 1 5 12 1 5 13 1 6 12 1 6 13 1 8 10 1
R 952 42 63 6 122 3 1 2 0 2 3 5 1 0 4 0 3 1 0 2 4 3 2 0 2 1 3 4 5 2 4 1 2 3 0 1 5 3 2 3 0 1 4 5 4 0 1 4 5 0 1 4 5 3 2 4 5 1 2 4 5 3 1 5 0 3 2 0 | 14 19  0 6 2 0 7 1 1 7 1 1 10 1 1 13 1 2 8 1 2 10 1 2 11 1 3 8 1 3 11 1 3 12 1 4 9 1 4 11 1 4 13 1 5 9 2 5 12 1 6 12 1 7 13 1 8 10 1
R 953 42 63 6 117 1 2 3 0 4 2 2 3 5 2 0 1 0 2 1 3 1 5 3 4 5 0 2 1 1 5 4 5 1 4 3 1 0 0 2 3 3 0 2 5 0 3 0 4 5 3 5 1 0 4 1 3 5 4 3 4 5 0 2 4 1 2 2 | 14 19  0 6 1 0 7 2 1 7 1 1 10 1 1 13 1 2 8 1 2 10 1 2 11 1 3 8 1 3 11 1 3 13 1 4 9 1 4 11 1 4 12 1 5 9 2 5 12 1 6 12 1 6 13 1 8 10 1
R 954 42 63 6 214 1 2 3 0 4 1 2 0 1 1 4 2 3 0 2 5 1 4 3 4 5 0 2 1 3 4 2 4 1 2 4 5 0 3 0 2 4 3 0 5 0 1 0 4 5 3 2 5 5 3 4 0 5 3 5 1 4 0 3 2 1 2 1 | 14 19  0 6 1 0 7 2 1 7 1 1 10 1 1 11 1 2 8 1 2 10 1 2 11 1 3 8 1 3 12 1 3 13 1 4 9 1 4 12 1 4 13 1 5 9 2 5 12 1 6 11 1 6 13 1 8 10 1
R 955 42 63 6 217 1 2 3 0 4 1 0 3 2 0 2 1 1 0 2 3 4 5 3 4 5 0 2 1 1 2 3 5 4 2 3 4 1 3 0 2 5 0 3 4 0 1 0 4 5 3 2 5 4 5 1 5 4 3 3 4 5 0 1 2 1 2 0 | 14 19  0 6 1 0 7 2 1 7 1 1 10 1 1 11 1 2 8 1 2 10 1 2 12 1 3 8 1 3 11 1 3 13 1 4 9 1 4 12 1 4 13 1 5 9 2 5 12 1 6 11 1 6 13 1 8 10 1
R 956 42 63 6 217 3 1 2 0 2 3 0 4 2 0 1 3 1 0 2 4 3 5 0 2 1 3 4 5 2 1 3 5 3 2 1 2 4 1 0 5 3 0 4 4 0 1 4 5 0 1 5 4 5 3 1 4 2 5 4 5 3 0 1 2 3 2 0 | 14 19  0 6 2 0 7 1 1 7 1 1 10 1 1 11 1 2 8 1 2 10 1 2 12 1 3 8 1 3 11 1 3 13 1 4 9 1 4 12 1 4 13 1 5 9 2 5 12 1 6 11 1 7 13 1 8 10 1
R 957 42 63 6 137 1 2 3 0 4 1 0 3 2 0 2 1 3 0 2 1 4 5 3 4 5 0 2 1 1 2 4 5 4 2 4 3 5 3 0 2 0 3 1 1 0 3 0 4 5 3 2 5 5 1 4 3 4 5 1 4 5 0 3 2 1 2 0 | 14 19  0 6 1 0 7 2 1 7 1 1 10 1 1 11 1 2 8 1 2 10 1 2 13 1 3 8 1 3 11 1 3 12 1 4 9 1 4 12 1 4 13 1 5 9 2 5 12 1 6 11 1 6 13 1 8 10 1
R 958 42 63 6 171 3 1 2 0 2 3 0 4 2 0 1 3 5 0 1 3 2 4 0 2 1 3 4 5 2 1 3 4 2 1 1 2 4 1 0 5 4 0 3 5 0 3 4 5 0 1 5 4 5 3 1 4 2 5 3 2 4 0 5 1 3 2 0 | 14 19  0 6 2 0 7 1 1 7 1 1 10 1 1 11 1 2 8 1 2 10 1 2 13 1 3 8 1 3 11 1 3 12 1 4 9 1 4 12 1 4 13 1 5 9 2 5 12 1 6 11 1 7 13 1 8 10 1
R 959 42 63 6 117 3 4 5 1 2 0 3 5 4 0 5 1 1 0 2 3 2 5 1 2 3 0 2 3 2 1 3 5 2 4 1 4 0 2 0 5 0 1 3 3 0 1 0 1 2 4 5 3 0 2 1 4 3 2 3 5 4 0 1 4 4 5 5 | 14 19  0 6 1 0 7 1 0 12 1 1 7 2 1 10 1 2 8 1 2 10 1 2 11 1 3 8 1 3 11 1 3 13 1 4 9 1 4 12 1 4 13 1 5 9 2 5 12 1 6 11 1 6 13 1 8 10 1
R 960 42 63 6 1384 1 2 3 0 4 1 2 0 4 1 3 2 1 0 5 2 3 5 3 4 5 0 2 1 4 1 2 5 3 1 3 4 0 3 2 0 0 2 4 1 0 3 0 4 5 3 2 5 3 1 5 0 4 5 2 3 4 0 4 1 1 2 5 | 14 19  0 6 1 0 7 2 1 7 1 1 10 1 1 12 1 2 8 1 2 10 1 2 11 1 3 8 1 3 11 1 3 13 1 4 9 1 4 12 1 4 13 1 5 9 2 5 12 1 6 11 1 6 13 1 8 10 1
R 961 42 63 6 78 3 4 5 1 2 0 3 2 4 1 0 4 1 0 2 4 3 2 1 2 3 0 2 3 4 1 5 2 3 0 1 4 0 3 0 2 3 1 4 1 0 4 0 1 2 4 5 3 0 5 1 3 5 2 4 5 3 1 5 0 4 5 2 | 14 19  0 6 1 0 7 1 0 13 1 1 7 2 1 10 1 2 8 1 2 10 1 2 11 1 3 8 1 3 11 1 3 12 1 4 9 1 4 12 1 4 13 1 5 9 2 5 12 1 6 11 1 6 13 1 8 10 1
R 962 42 63 6 71 1 2 3 0 4 2 5 0 1 2 0 3 2 0 1 3 4 1 3 4 5 0 2 1 1 3 5 1 4 0 3 1 2 4 2 0 4 2 3 5 0 3 0 4 5 3 5 1 2 4 3 4 5 1 3 5 4 2 5 0 1 2 0 | 14 19  0 6 1 0 7 2 1 7 1 1 10 1 1 13 1 2 8 1 2 10 1 2 11 1 3 8 1 3 11 1 3 12 1 4 9 1 4 12 1 4 13 1 5 9 2 5 12 1 6 11 1 6 13 1 8 10 1
R 963 42 63 6 139 3 4 5 1 2 0 3 5 4 0 5 1 1 0 2 3 4 5 1 2 3 0 2 3 2 1 3 5 4 2 1 4 0 3 0 5 3 0 1 0 1 4 0 1 2 4 5 3 0 2 1 4 2 3 3 4 5 0 1 2 4 5 5 | 14 19  0 6 1 0 7 1 0 13 1 1 7 2 1 10 1 2 8 1 2 10 1 2 11 1 3 8 1 3 11 1 3 13 1 4 9 1 4 12 1 4 13 1 5 9 2 5 12 1 6 11 1 6 12 1 8 10 1
R 964 42 63 6 107 1 2 3 0 4 1 2 5 4 0 1 3 3 0 2 4 2 5 3 4 5 0 2 1 3 1 2 5 2 3 3 4 0 2 0 4 4 0 1 0 3 4 0 4 5 3 2 5 0 1 3 4 5 2 4 5 1 0 1 3 1 2 5 | 14 19  0 6 1 0 7 2 1 7 1 1 10 1 1 13 1 2 8 1 2 10 1 2 11 1 3 8 1 3 11 1 3 13 1 4 9 1 4 12 1 4 13 1 5 9 2 5 12 1 6 11 1 6 12 1 8 10 1
R 965 42 63 6 5271 3 1 2 0 2 3 2 1 4 0 4 5 1 0 3 4 2 5 0 2 1 3 4 5 3 4 1 5 2 3 1 2 0 2 0 4 4 0 1 0 4 1 4 5 0 1 4 5 0 3 5 2 1 3 4 5 2 0 1 3 3 2 5 | 14 19  0 6 2 0 7 1 1 7 1 1 10 1 1 13 1 2 8 1 2 10 1 2 11 1 3 8 1 3 11 1 3 13 1 4 9 1 4 12 1 4 13 1 5 9 2 5 12 1 6 11 1 7 12 1 8 10 1
R 966 42 63 6 748 3 4 5 1 2 0 3 5 4 0 1 2 4 2 0 5 1 3 1 2 3 0 2 3 2 1 3 3 1 2 1 4 0 2 0 5 4 1 0 0 3 4 0 1 2 4 5 3 0 2 1 4 3 5 5 3 1 0 4 2 4 5 5 | 14 19  0 6 1 0 7 1 0 13 1 1 7 2 1 10 1 2 8 1 2 10 1 2 11 1 3 8 1 3 12 1 3 13 1 4 9 1 4 11 1 4 13 1 5 9 2 5 12 1 6 11 1 6 12 1 8 10 1
R 967 42 63 6 15211 3 4 5 1 2 0 0 3 4 3 1 2 1 0 2 3 4 5 1 2 3 0 2 3 2 4 5 5 4 1 1 2 0 1 4 0 3 0 2 3 0 1 0 1 2 4 5 3 1 5 2 0 4 5 3 5 4 0 2 1 4 5 3 | 14 19  0 6 1 0 7 1 0 13 1 1 7 2 1 11 1 2 8 1 2 10 1 2 11 1 3 8 1 3 10 1 3 11 1 4 9 1 4 12 1 4 13 1 5 9 2 5 12 1 6 12 1 6 13 1 8 10 1
R 968 42 63 6 134 1 2 3 0 4 2 0 3 4 5 1 2 2 0 1 3 1 5 3 4 5 0 2 1 2 5 3 5 1 4 1 2 0 1 3 0 3 0 2 5 0 3 0 4 5 3 5 1 1 5 2 0 3 4 3 5 4 0 2 4 1 2 4 | 14 19  0 6 1 0 7 2 1 7 1 1 11 1 1 13 1 2 8 1 2 10 1 2 11 1 3 8 1 3 10 1 3 11 1 4 9 1 4 12 1 4 13 1 5 9 2 5 12 1 6 12 1 6 13 1 8 10 1
R 969 42 63 6 153 3 1 2 0 2 3 0 2 4 2 1 3 4 0 2 1 3 5 0 2 1 3 4 5 3 4 5 5 3 2 1 3 0 1 2 0 1 0 4 4 0 1 4 5 0 1 4 5 1 5 3 0 4 5 1 5 3 0 4 2 3 2 2 | 14 19  0 6 2 0 7 1 1 7 1 1 11 1 1 13 1 2 8 1 2 10 1 2 11 1 3 8 1 3 10 1 3 11 1 4 9 1 4 12 1 4 13 1 5 9 2 5 12 1 6 12 1 7 13 1 8 10 1
R 970 42 63 6 69 1 2 3 0 4 1 1 2 4 5 1 3 3 4 0 2 0 1 3 4 5 0 2 1 4 5 2 1 0 4 0 3 4 3 4 1 3 0 2 5 0 3 0 4 5 3 2 5 3 5 0 0 2 4 2 5 1 3 5 4 1 2 1 | 14 19  0 6 1 0 7 2 1 7 1 1 11 1 1 12 1 2 8 1 2 10 1 2 11 1 3 8 1 3 10 1 3 13 1 4 9 1 4 11 1 4 13 1 5 9 2 5 12 1 6 12 1 6 13 1 8 10 1
R 971 42 63 6 47223 3 1 2 0 2 3 1 0 4 5 1 2 2 4 3 1 0 3 0 2 1 3 4 5 4 5 3 3 0 2 0 2 4 2 4 1 1 0 5 0 3 1 4 5 0 1 5 4 2 5 3 0 3 4 1 0 5 4 5 2 3 2 1 | 14 19  0 6 2 0 7 1 1 7 1 1 11 1 1 12 1 2 8 1 2 10 1 2 11 1 3 8 1 3 10 1 3 13 1 4 9 1 4 11 1 4 13 1 5 9 2 5 12 1 6 12 1 7 13 1 8 10 1
R 972 42 63 6 93 3 4 5 1 2 0 0 3 4 0 1 2 1 0 2 4 3 5 1 2 3 0 2 3 2 4 3 5 3 1 3 2 1 1 4 0 0 5 2 1 0 4 0 1 2 4 5 3 1 5 2 5 4 3 4 5 3 0 2 1 4 5 0 | 14 19  0 6 1 0 7 1 0 13 1 1 7 2 1 11 1 2 8 1 2 10 1 2 11 1 3 8 1 3 10 1 3 12 1 4 9 1 4 11 1 4 13 1 5 9 2 5 12 1 6 12 1 6 13 1 8 10 1
R 973 42 63 6 97 1 2 3 0 4 2 0 2 3 0 1 5 5 0 1 3 2 1 3 4 5 0 2 1 3 4 5 1 2 5 2 1 3 1 3 0 0 2 4 5 0 3 0 4 5 3 5 1 1 5 4 2 4 3 3 2 4 0 4 5 1 2 0 | 14 19  0 6 1 0 7 2 1 7 1 1 11 1 1 13 1 2 8 1 2 10 1 2 11 1 3 8 1 3 10 1 3 12 1 4 9 1 4 11 1 4 13 1 5 9 2 5 12 1 6 12 1 6 13 1 8 10 1
R 974 42 63 6 219 3 4 5 1 2 0 3 4 5 2 0 1 5 1 3 4 0 2 1 2 3 0 2 3 1 0 4 4 3 1 0 2 3 1 5 2 3 2 0 1 0 4 0 1 2 4 5 3 2 1 0 3 4 5 0 2 4 5 1 3 4 5 5 | 14 19  0 6 1 0 7 1 0 13 1 1 7 2 1 11 1 2 8 1 2 10 1 2 11 1 3 8 1 3 10 1 3 12 1 4 9 2 4 11 1 5 9 1 5 12 1 5 13 1 6 12 1 6 13 1 8 10 1
R 975 42 63 6 118 3 4 5 1 2 0 0 3 4 1 0 5 1 0 2 4 3 5 1 2 3 0 2 3 4 5 3 5 3 2 2 1 4 1 0 3 1 5 0 1 0 4 0 1 2 4 5 3 1 5 2 2 3 4 4 5 3 0 1 2 4 5 0 | 14 19  0 6 1 0 7 1 0 13 1 1 7 2 1 12 1 2 8 1 2 10 1 2 11 1 3 8 1 3 10 1 3 11 1 4 9 1 4 11 1 4 13 1 5 9 2 5 12 1 6 12 1 6 13 1 8 10 1
R 976 42 63 6 679 1 2 3 0 4 1 0 1 2 3 4 0 5 2 3 0 1 4 3 4 5 0 2 1 2 4 5 4 1 5 4 3 1 3 0 2 3 4 0 0 3 1 0 4 5 3 2 5 3 5 4 1 2 5 0 1 4 2 3 5 1 2 0 | 14 19  0 6 1 0 7 2 1 7 1 1 12 1 1 13 1 2 8 1 2 10 1 2 11 1 3 8 1 3 10 1 3 11 1 4 9 1 4 11 1 4 13 1 5 9 2 5 12 1 6 12 1 6 13 1 8 10 1
R 977 42 63 6 220 3 4 5 1 0 4 1 0 4 3 2 0 5 2 1 4 0 2 1 2 3 4 0 5 4 2 5 0 1 2 2 3 1 1 3 4 3 2 0 1 0 4 0 1 2 2 3 5 3 5 2 1 4 5 3 4 0 5 1 3 4 5 0 | 14 19  0 6 1 0 7 1 0 13 1 1 7 2 1 12 1 2 8 1 2 10 1 2 11 1 3 8 1 3 10 1 3 11 1 4 9 2 4 11 1 5 9 1 5 12 1 5 13 1 6 12 1 6 13 1 8 10 1
R 978 42 63 6 203 1 2 3 0 4 1 0 1 3 2 4 0 0 4 2 1 3 2 3 4 5 0 2 1 3 4 5 1 2 4 4 2 1 2 0 3 3 4 0 0 3 1 0 4 5 3 2 5 2 5 4 1 3 5 3 5 1 0 5 4 1 2 0 | 14 19  0 6 1 0 7 2 1 7 1 1 12 1 1 13 1 2 8 1 2 10 1 2 11 1 3 8 1 3 10 1 3 11 1 4 9 2 4 11 1 5 9 1 5 12 1 5 13 1 6 12 1 6 13 1 8 10 1
R 979 42 63 6 103 3 4 5 1 2 0 0 1 5 0 3 4 1 0 2 4 3 2 1 2 3 0 2 3 2 5 4 2 3 1 1 2 3 3 0 4 1 5 0 1 0 4 0 1 2 4 5 3 3 4 2 1 5 2 4 5 3 0 5 1 4 5 0 | 14 19  0 6 1 0 7 1 0 13 1 1 7 2 1 12 1 2 8 1 2 10 1 2 11 1 3 8 1 3 10 1 3 12 1 4 9 1 4 11 1 4 13 1 5 9 2 5 11 1 6 12 1 6 13 1 8 10 1
R 980 42 63 6 799 1 2 3 0 4 1 4 3 5 0 1 2 0 2 3 1 4 5 3 4 5 0 2 1 2 0 4 5 4 3 1 2 3 4 0 1 3 4 0 0 3 1 0 4 5 3 2 5 1 0 2 3 4 5 1 5 4 0 2 3 1 2 5 | 14 19  0 6 1 0 7 2 1 7 1 1 12 1 1 13 1 2 8 1 2 10 1 2 11 1 3 8 1 3 10 1 3 12 1 4 9 1 4 11 1 4 13 1 5 9 2 5 11 1 6 12 1 6 13 1 8 10 1
R 981 42 63 6 1682 3 1 2 0 4 3 2 1 4 3 1 5 1 4 0 0 3 5 0 2 1 3 4 1 4 5 2 2 0 1 0 3 4 5 3 4 0 2 4 3 0 1 4 5 0 2 5 1 3 5 0 0 2 4 3 2 5 4 1 2 3 1 5 | 14 19  0 6 2 0 7 1 1 7 2 1 12 1 2 8 1 2 10 1 2 11 1 3 8 1 3 10 1 3 13 1 4 9 1 4 11 1 4 13 1 5 9 1 5 11 1 5 13 1 6 12 1 8 10 1 9 12 1
R 982 42 63 6 95 1 2 3 0 4 1 0 1 2 0 3 5 0 1 2 3 2 4 3 4 5 0 2 1 2 4 5 4 2 5 4 1 3 3 2 0 3 0 1 0 1 3 0 4 5 3 5 2 3 5 4 1 2 4 3 4 5 0 1 5 1 2 0 | 14 19  0 6 1 0 7 2 1 7 1 1 11 1 1 12 1 2 8 1 2 10 1 2 11 1 3 8 1 3 10 1 3 13 1 4 9 1 4 12 1 4 13 1 5 9 2 5 12 1 6 11 1 6 13 1 8 10 1
R 983 42 63 6 397 1 2 3 0 4 1 0 2 5 5 1 2 2 0 4 3 1 4 3 4 5 0 2 1 3 1 2 4 1 5 3 4 0 2 0 4 0 4 2 3 0 1 0 4 5 3 2 5 4 1 3 0 3 4 3 1 5 0 2 5 1 2 5 | 14 19  0 6 1 0 7 2 1 7 1 1 10 1 1 11 1 2 8 1 2 11 1 2 12 1 3 8 1 3 11 1 3 13 1 4 9 1 4 10 1 4 13 1 5 9 2 5 12 1 6 12 1 6 13 1 8 10 1
R 984 42 63 6 188 1 2 3 0 4 1 3 0 4 1 2 5 0 2 4 1 3 2 3 4 5 0 2 1 4 1 3 1 4 2 3 4 0 0 3 2 3 2 0 4 1 0 0 4 5 3 2 5 2 1 5 0 4 3 3 5 1 0 4 5 1 2 5 | 14 19  0 6 1 0 7 2 1 7 1 1 10 1 1 11 1 2 8 1 2 11 1 2 12 1 3 8 1 3 11 1 3 13 1 4 9 2 4 10 1 5 9 1 5 12 1 5 13 1 6 12 1 6 13 1 8 10 1
R 985 42 63 6 521 3 1 2 0 2 3 0 3 5 5 1 2 2 0 4 1 3 4 0 2 1 3 4 5 2 1 3 4 3 2 1 2 0 1 0 4 0 4 5 3 0 1 4 5 0 1 4 5 4 2 1 0 3 4 1 3 5 0 5 2 3 2 5 | 14 19  0 6 2 0 7 1 1 7 1 1 10 1 1 11 1 2 8 1 2 11 1 2 12 1 3 8 1 3 11 1 3 13 1 4 9 1 4 10 1 4 13 1 5 9 2 5 12 1 6 12 1 7 13 1 8 10 1
R 986 42 63 6 21344 3 1 2 0 2 3 3 5 0 4 2 1 2 4 5 1 0 3 0 2 1 3 4 5 1 0 5 3 0 2 1 2 3 5 1 2 1 0 5 4 3 0 4 5 0 1 5 4 2 4 1 3 0 5 1 0 3 4 5 2 3 2 4 | 14 19  0 6 2 0 7 1 1 7 1 1 10 1 1 12 1 2 8 1 2 11 1 2 13 1 3 8 1 3 11 1 3 13 1 4 9 1 4 10 1 4 11 1 5 9 2 5 12 1 6 12 1 7 13 1 8 10 1
R 987 42 63 6 556 1 2 3 0 4 2 2 3 4 2 0 1 1 3 5 0 2 5 3 4 5 0 2 1 1 5 4 5 2 3 3 1 0 3 0 4 0 2 4 5 0 3 0 4 5 3 5 1 0 1 5 3 5 4 0 4 2 1 4 3 1 2 2 | 14 19  0 6 1 0 7 2 1 7 1 1 10 1 1 13 1 2 8 1 2 11 1 2 12 1 3 8 1 3 11 1 3 13 1 4 9 1 4 10 1 4 11 1 5 9 2 5 12 1 6 12 1 6 13 1 8 10 1
R 988 42 63 6 172 3 1 2 0 2 3 0 4 5 3 1 2 2 0 4 1 4 5 0 2 1 3 4 5 2 1 4 5 4 3 1 2 0 4 0 2 1 0 4 3 0 1 4 5 0 1 4 5 3 1 2 0 5 4 1 3 5 0 2 3 3 2 5 | 14 19  0 6 2 0 7 1 1 7 1 1 10 1 1 11 1 2 8 1 2 11 1 2 12 1 3 8 1 3 12 1 3 13 1 4 9 1 4 10 1 4 13 1 5 9 2 5 11 1 6 12 1 7 13 1 8 10 1
R 989 42 63 6 259 3 1 2 0 2 3 4 3 5 1 5 0 0 2 4 1 3 2 0 2 1 3 4 5 2 1 3 3 4 2 1 2 0 1 0 3 4 0 5 4 1 0 4 5 0 1 4 5 0 2 1 4 2 3 1 5 3 0 4 5 3 2 5 | 14 19  0 6 2 0 7 1 1 7 1 1 10 1 1 11 1 2 8 1 2 11 1 2 12 1 3 8 1 3 12 1 3 13 1 4 9 2 4 10 1 5 9 1 5 11 1 5 13 1 6 12 1 7 13 1 8 10 1
R 990 42 63 6 3752 3 1 2 0 2 3 0 1 3 0 4 2 2 1 0 5 3 4 0 2 1 3 4 5 2 3 1 4 3 2 1 2 4 1 0 5 4 0 1 5 0 3 4 5 0 1 5 4 4 2 5 5 3 1 5 3 4 0 1 2 3 2 0 | 14 19  0 6 2 0 7 1 1 7 1 1 10 1 1 11 1 2 8 1 2 11 1 2 12 1 3 8 1 3 12 1 3 13 1 4 9 1 4 10 1 4 13 1 5 9 2 5 12 1 6 11 1 7 13 1 8 10 1
R 991 42 63 6 117 1 2 3 0 4 2 2 3 5 2 0 1 2 0 1 3 1 5 3 4 5 0 2 1 1 5 4 5 1 4 3 1 0 3 0 2 0 2 3 5 0 3 0 4 5 3 5 1 0 4 1 3 5 4 3 4 5 0 2 4 1 2 2 | 14 19  0 6 1 0 7 2 1 7 1 1 10 1 1 13 1 2 8 1 2 11 1 2 12 1 3 8 1 3 12 1 3 13 1 4 9 1 4 10 1 4 11 1 5 9 2 5 12 1 6 11 1 6 13 1 8 10 1
R 992 42 63 6 928 1 2 3 0 4 1 5 2 4 3 1 2 3 4 0 2 0 1 3 4 5 0 2 1 4 1 2 1 0 4 2 3 4 3 4 0 3 0 2 3 0 1 0 4 5 3 2 5 3 0 1 0 5 4 2 1 5 3 5 4 1 2 5 | 14 19  0 6 1 0 7 2 1 7 1 1 11 1 1 12 1 2 8 1 2 10 1 2 11 1 3 8 1 3 11 1 3 13 1 4 9 1 4 10 1 4 13 1 5 9 2 5 12 1 6 12 1 6 13 1 8 10 1
R 993 42 63 6 2524 3 1 2 0 2 3 5 4 3 5 1 2 2 4 0 1 0 3 0 2 1 3 4 5 2 3 4 3 0 2 4 2 1 1 4 0 1 0 5 3 0 1 4 5 0 1 5 4 1 0 2 0 3 4 1 3 5 4 5 2 3 2 5 | 14 19  0 6 2 0 7 1 1 7 1 1 11 1 1 12 1 2 8 1 2 10 1 2 11 1 3 8 1 3 11 1 3 13 1 4 9 1 4 10 1 4 13 1 5 9 2 5 12 1 6 12 1 7 13 1 8 10 1
R 994 42 63 6 648 3 1 2 0 2 3 0 1 4 5 0 2 4 2 5 0 1 3 0 2 1 3 4 5 4 5 3 3 5 2 1 2 4 2 1 0 1 0 5 4 1 0 4 5 0 1 5 4 2 5 3 1 4 3 0 1 3 4 2 5 3 2 0 | 14 19  0 6 2 0 7 1 1 7 1 1 11 1 1 12 1 2 8 1 2 10 1 2 11 1 3 8 1 3 11 1 3 13 1 4 9 2 4 10 1 5 9 1 5 12 1 5 13 1 6 12 1 7 13 1 8 10 1
R 995 42 63 6 57 3 4 5 1 2 0 5 1 3 2 0 4 1 0 2 4 3 2 1 2 3 0 2 3 3 4 5 2 3 0 0 1 3 4 1 0 1 2 5 1 0 4 0 1 2 4 5 3 0 4 2 1 5 3 4 5 3 1 5 0 4 5 2 | 14 19  0 6 1 0 7 1 0 13 1 1 7 2 1 11 1 2 8 1 2 10 1 2 11 1 3 8 1 3 11 1 3 12 1 4 9 1 4 10 1 4 13 1 5 9 2 5 12 1 6 12 1 6 13 1 8 10 1
R 996 42 63 6 66 1 2 3 0 4 2 5 3 4 2 0 1 2 0 1 3 4 1 3 4 5 0 2 1 4 1 5 1 4 0 0 3 4 1 3 0 3 4 2 5 0 3 0 4 5 3 5 1 0 1 2 3 4 5 3 5 4 2 5 0 1 2 2 | 14 19  0 6 1 0 7 2 1 7 1 1 11 1 1 13 1 2 8 1 2 10 1 2 11 1 3 8 1 3 11 1 3 12 1 4 9 1 4 10 1 4 13 1 5 9 2 5 12 1 6 12 1 6 13 1 8 10 1
R 997 42 63 6 1124 3 4 5 1 2 0 0 3 4 2 0 1 5 1 3 4 0 2 1 2 3 0 2 3 1 2 4 4 3 1 2 3 5 1 5 0 3 2 0 1 0 4 0 1 2 4 5 3 5 1 2 3 4 5 0 2 4 5 1 3 4 5 0 | 14 19  0 6 1 0 7 1 0 13 1 1 7 2 1 11 1 2 8 1 2 10 1 2 11 1 3 8 1 3 11 1 3 12 1 4 9 2 4 10 1 5 9 1 5 12 1 5 13 1 6 12 1 6 13 1 8 10 1
R 998 42 63 6 111 1 2 3 0 4 2 0 2 3 5 0 1 3 1 5 2 0 1 3 4 5 0 2 1 1 4 2 4 5 1 2 5 3 1 3 0 3 2 0 5 0 3 0 4 5 3 5 1 5 1 4 3 2 4 0 2 4 3 5 4 1 2 0 | 14 19  0 6 1 0 7 2 1 7 1 1 11 1 1 13 1 2 8 1 2 10 1 2 11 1 3 8 1 3 11 1 3 12 1 4 9 2 4 10 1 5 9 1 5 12 1 5 13 1 6 12 1 6 13 1 8 10 1
R 999 42 63 6 1300 3 1 2 0 2 3 5 2 4 1 0 3 1 0 2 4 3 2 0 2 1 3 4 5 3 0 5 2 3 0 3 1 4 1 2 0 1 4 5 4 0 1 4 5 0 1 4 5 1 0 3 4 5 2 4 5 3 1 5 0 3 2 2 | 14 19  0 6 2 0 7 1 1 7 1 1 11 1 1 13 1 2 8 1 2 10 1 2 11 1 3 8 1 3 11 1 3 12 1 4 9 1 4 10 1 4 13 1 5 9 2 5 12 1 6 12 1 7 13 1 8 10 1
R 1000 42 63 6 289 3 1 2 0 2 3 5 1 4 4 0 3 1 2 3 4 0 2 0 2 1 3 4 5 2 4 1 4 3 2 1 0 5 2 5 0 1 4 0 4 0 1 4 5 0 1 4 5 0 2 3 5 1 2 0 5 4 1 5 3 3 2 3 | 14 19  0 6 2 0 7 1 1 7 1 1 11 1 1 13 1 2 8 1 2 10 1 2 11 1 3 8 1 3 11 1 3 12 1 4 9 2 4 10 1 5 9 1 5 12 1 5 13 1 6 12 1 7 13 1 8 10 1
R 1001 42 63 6 117 1 2 3 0 4 2 0 2 3 5 0 1 0 2 1 3 1 5 3 4 5 0 2 1 1 4 2 5 1 4 2 5 3 1 3 0 3 0 2 5 0 3 0 4 5 3 5 1 5 1 4 3 2 4 3 4 5 0 2 4 1 2 0 | 14 19  0 6 1 0 7 2 1 7 1 1 11 1 1 13 1 2 8 1 2 10 1 2 11 1 3 8 1 3 11 1 3 13 1 4 9 1 4 10 1 4 12 1 5 9 2 5 12 1 6 12 1 6 13 1 8 10 1
R 1002 42 63 6 3181 3 1 2 0 2 3 3 0 2 1 2 5 2 4 5 1 0 3 0 2 1 3 4 5 5 4 0 3 0 2 1 5 3 2 1 0 1 0 5 4 1 3 4 5 0 1 5 4 1 4 5 3 4 0 1 0 3 4 5 2 3 2 2 | 14 19  0 6 2 0 7 1 1 7 1 1 11 1 1 12 1 2 8 1 2 10 1 2 13 1 3 8 1 3 11 1 3 13 1 4 9 1 4 10 1 4 11 1 5 9 2 5 12 1 6 12 1 7 13 1 8 10 1
R 1003 42 63 6 560 1 2 3 0 4 2 0 2 1 5 0 1 0 2 3 1 3 4 3 4 5 0 2 1 1 4 2 4 3 5 2 3 1 3 1 0 0 4 2 5 0 3 0 4 5 3 5 1 5 4 3 3 2 4 1 5 4 0 2 5 1 2 0 | 14 19  0 6 1 0 7 2 1 7 1 1 11 1 1 13 1 2 8 1 2 10 1 2 12 1 3 8 1 3 11 1 3 13 1 4 9 1 4 10 1 4 11 1 5 9 2 5 12 1 6 12 1 6 13 1 8 10 1
R 1004 42 63 6 346 1 2 3 0 4 2 2 0 1 2 3 4 0 3 5 1 2 5 3 4 5 0 2 1 1 4 5 5 2 3 3 0 1 3 4 0 0 2 4 5 0 3 0 4 5 3 5 1 3 5 4 0 1 5 1 4 2 0 4 3 1 2 2 | 14 19  0 6 1 0 7 2 1 7 1 1 11 1 1 13 1 2 8 1 2 10 1 2 13 1 3 8 1 3 11 1 3 12 1 4 9 1 4 10 1 4 11 1 5 9 2 5 12 1 6 12 1 6 13 1 8 10 1
R 1005 42 63 6 1119 3 1 2 0 2 3 5 1 4 0 1 3 1 2 3 5 0 2 0 2 1 3 4 5 3 2 5 5 3 2 0 3 4 2 1 0 1 0 5 4 0 1 4 5 0 1 5 4 0 2 3 4 2 5 0 4 5 1 4 3 3 2 1 | 14 19  0 6 2 0 7 1 1 7 1 1 11 1 1 12 1 2 8 1 2 10 1 2 11 1 3 8 1 3 12 1 3 13 1 4 9 2 4 10 1 5 9 1 5 11 1 5 13 1 6 12 1 7 13 1 8 10 1
R 1006 42 63 6 99 3 4 5 1 2 0 3 1 5 0 3 4 1 0 2 4 2 5 1 2 3 0 2 3 2 5 4 5 2 3 4 1 0 2 0 1 1 5 0 1 0 4 0 1 2 4 5 3 0 2 4 1 5 2 4 5 3 0 1 3 4 5 3 | 14 19  0 6 1 0 7 1 0 13 1 1 7 2 1 12 1 2 8 1 2 10 1 2 11 1 3 8 1 3 11 1 3 12 1 4 9 1 4 10 1 4 13 1 5 9 2 5 11 1 6 12 1 6 13 1 8 10 1
R 1007 42 63 6 826 1 2 3 0 4 1 0 4 5 0 1 2 0 2 3 1 3 4 3 4 5 0 2 1 2 5 4 4 3 5 4 2 1 3 0 1 3 4 0 0 3 1 0 4 5 3 2 5 1 3 2 3 4 5 1 5 4 0 2 5 1 2 0 | 14 19  0 6 1 0 7 2 1 7 1 1 12 1 1 13 1 2 8 1 2 10 1 2 11 1 3 8 1 3 11 1 3 12 1 4 9 1 4 10 1 4 13 1 5 9 2 5 11 1 6 12 1 6 13 1 8 10 1
R 1008 42 63 6 104 3 4 5 1 2 0 2 0 1 5 3 4 4 3 5 1 0 2 1 2 3 0 2 3 1 5 2 2 5 3 0 3 1 2 3 0 1 5 0 1 0 4 0 1 2 4 5 3 3 5 4 0 1 2 0 1 2 4 5 3 4 5 4 | 14 19  0 6 1 0 7 1 0 13 1 1 7 2 1 12 1 2 8 1 2 10 1 2 11 1 3 8 1 3 11 1 3 12 1 4 9 2 4 10 1 5 9 1 5 11 1 5 13 1 6 12 1 6 13 1 8 10 1
R 1009 42 63 6 718 1 2 3 0 4 1 2 1 4 0 1 2 1 3 5 0 2 3 3 4 5 0 2 1 4 0 2 2 5 3 0 5 4 3 2 1 3 4 0 0 3 1 0 4 5 3 2 5 5 3 0 3 4 5 0 4 2 1 5 4 1 2 1 | 14 19  0 6 1 0 7 2 1 7 1 1 12 1 1 13 1 2 8 1 2 10 1 2 11 1 3 8 1 3 11 1 3 12 1 4 9 2 4 10 1 5 9 1 5 11 1 5 13 1 6 12 1 6 13 1 8 10 1
R 1010 42 63 6 75 3 1 2 0 4 3 5 1 4 2 0 3 2 0 1 3 4 1 0 2 1 3 4 1 3 0 4 1 4 0 3 2 5 0 2 4 2 0 4 2 1 3 4 5 0 2 5 1 2 0 3 5 1 4 3 4 5 2 5 0 3 1 5 | 14 19  0 6 2 0 7 1 1 7 2 1 12 1 2 8 1 2 10 1 2 11 1 3 8 1 3 11 1 3 13 1 4 9 1 4 10 1 4 12 1 5 9 1 5 11 1 5 13 1 6 12 1 8 10 1 9 13 1
R 1011 42 63 6 155 3 1 2 0 4 3 2 3 5 0 1 2 1 4 0 0 3 5 0 2 1 3 4 1 5 4 2 2 0 1 3 1 5 4 2 3 0 2 4 3 0 1 4 5 0 2 5 1 1 4 0 3 5 4 3 2 5 4 1 2 3 0 5 | 14 19  0 6 2 0 7 1 1 7 2 1 12 1 2 8 1 2 10 1 2 11 1 3 8 1 3 11 1 3 13 1 4 9 1 4 10 1 4 13 1 5 9 1 5 11 1 5 13 1 6 12 1 8 10 1 9 12 1
R 1012 42 63 6 120 1 2 3 0 4 1 0 4 5 1 3 2 1 0 2 3 2 5 3 4 5 0 2 1 2 1 4 5 2 4 3 2 0 1 0 3 3 4 0 0 3 1 0 4 5 3 2 5 3 1 2 0 5 4 3 4 5 0 1 4 1 2 5 | 14 19  0 6 1 0 7 2 1 7 1 1 12 1 1 13 1 2 8 1 2 10 1 2 11 1 3 8 1 3 12 1 3 13 1 4 9 1 4 10 1 4 11 1 5 9 2 5 11 1 6 12 1 6 13 1 8 10 1
R 1013 42 63 6 127 1 2 3 0 4 1 0 2 3 0 1 2 0 2 1 3 4 5 3 4 5 0 2 1 4 5 2 5 4 2 2 1 3 3 1 0 3 4 0 0 3 1 0 4 5 3 2 5 1 5 4 3 4 5 3 4 5 0 1 2 1 2 0 | 14 19  0 6 1 0 7 2 1 7 1 1 12 1 1 13 1 2 8 1 2 10 1 2 13 1 3 8 1 3 11 1 3 12 1 4 9 1 4 10 1 4 11 1 5 9 2 5 11 1 6 12 1 6 13 1 8 10 1
R 1014 42 63 6 85 1 2 3 0 4 1 0 1 2 0 2 3 3 1 4 2 0 5 3 4 5 0 2 1 4 2 5 5 0 4 2 1 3 1 3 2 3 4 0 0 3 1 0 4 5 3 2 5 3 4 5 1 5 4 2 5 0 1 3 4 1 2 0 | 14 19  0 6 1 0 7 2 1 7 1 1 12 1 1 13 1 2 8 1 2 11 1 2 12 1 3 8 1 3 11 1 3 13 1 4 9 1 4 10 1 4 11 1 5 9 2 5 10 1 6 12 1 6 13 1 8 10 1
R 1015 42 63 6 124 1 2 3 0 4 1 2 4 0 1 3 2 3 0 1 2 4 5 3 4 5 0 2 1 0 1 2 5 4 3 2 3 0 3 0 5 2 1 0 4 1 3 0 4 5 3 5 2 3 1 5 5 4 0 2 4 5 0 1 3 1 2 4 | 14 19  0 6 1 0 7 2 1 7 1 1 10 1 1 11 1 2 8 1 2 11 1 2 12 1 3 8 1 3 11 1 3 13 1 4 9 1 4 12 1 4 13 1 5 9 2 5 12 1 6 10 1 6 13 1 8 10 1
R 1016 42 63 6 137 1 2 3 0 4 1 2 4 0 1 3 2 1 0 2 4 3 5 3 4 5 0 2 1 0 1 2 5 3 2 2 3 0 3 0 4 3 1 4 5 0 1 0 4 5 3 5 2 3 1 5 5 0 4 4 5 3 0 1 2 1 2 4 | 14 19  0 6 1 0 7 2 1 7 1 1 10 1 1 11 1 2 8 1 2 11 1 2 12 1 3 8 1 3 12 1 3 13 1 4 9 1 4 11 1 4 13 1 5 9 2 5 12 1 6 10 1 6 13 1 8 10 1
R 1017 42 63 6 371 3 1 2 0 2 3 2 4 0 1 2 3 5 0 4 1 2 3 0 2 1 3 4 5 0 3 4 3 2 5 4 1 0 1 0 3 2 1 4 5 0 1 4 5 0 1 5 4 1 5 3 5 0 4 1 2 3 0 4 5 3 2 2 | 14 19  0 6 2 0 7 1 1 7 1 1 10 1 1 11 1 2 8 1 2 11 1 2 12 1 3 8 1 3 12 1 3 13 1 4 9 1 4 11 1 4 13 1 5 9 2 5 12 1 6 10 1 7 13 1 8 10 1
R 1018 42 63 6 891 3 4 5 1 2 3 0 1 5 2 4 5 1 4 2 0 3 5 1 2 3 0 2 3 5 4 3 0 1 4 1 5 2 2 0 1 3 4 1 3 2 0 0 1 2 4 5 0 2 3 4 0 1 3 3 0 5 4 2 1 4 5 5 | 14 20  0 6 1 0 7 1 0 9 1 1 7 1 1 9 1 1 10 1 2 8 1 2 9 1 2 13 1 3 8 2 3 10 1 4 11 1 4 12 1 4 13 1 5 11 1 5 12 1 5 13 1 6 10 1 6 11 1 7 12 1
R 1019 42 63 6 57 3 4 5 1 2 3 1 0 2 4 5 0 1 4 5 0 3 2 1 2 3 0 2 3 3 2 0 0 1 4 1 5 2 2 0 1 3 0 4 3 4 1 0 1 2 4 5 0 4 5 3 1 3 2 3 2 0 4 1 5 4 5 5 | 14 20  0 6 1 0 7 1 0 9 1 1 7 1 1 9 1 1 10 1 2 8 2 2 9 1 3 8 1 3 10 1 3 13 1 4 11 1 4 12 1 4 13 1 5 11 1 5 12 1 5 13 1 6 10 1 6 11 1 7 12 1
R 1020 42 63 6 513 3 4 5 1 2 5 0 3 2 4 1 5 4 2 5 0 4 1 1 2 3 0 2 3 5 1 2 0 1 4 3 1 4 1 0 2 2 0 4 4 5 3 0 1 2 4 3 0 4 5 1 0 3 2 3 1 0 5 3 2 4 5 5 | 14 20  0 6 1 0 7 1 0 9 1 1 7 1 1 9 1 1 10 1 2 8 1 2 9 1 2 13 1 3 8 2 3 10 1 4 11 1 4 12 1 4 13 1 5 11 1 5 12 1 5 13 1 6 11 1 6 12 1 7 10 1
R 1021 42 63 6 88 3 4 5 1 2 5 1 0 2 5 3 0 2 4 5 0 4 1 1 2 3 0 2 3 5 2 0 0 1 4 3 1 4 1 0 2 3 1 4 2 5 0 0 1 2 4 3 0 3 4 5 1 2 4 3 0 1 5 2 3 4 5 5 | 14 20  0 6 1 0 7 1 0 9 1 1 7 1 1 9 1 1 10 1 2 8 2 2 9 1 3 8 1 3 10 1 3 13 1 4 11 1 4 12 1 4 13 1 5 11 1 5 12 1 5 13 1 6 11 1 6 12 1 7 10 1
R 1022 42 63 6 275 1 2 3 0 4 1 2 3 4 2 0 1 4 2 1 0 3 2 3 4 5 0 2 1 1 5 3 3 4 0 2 0 4 0 2 1 3 0 4 4 3 1 0 4 5 3 2 5 0 1 5 4 5 3 3 5 0 4 1 5 1 2 2 | 14 20  0 6 1 0 7 2 1 7 1 1 9 1 1 11 1 2 8 1 2 9 1 2 10 1 3 8 1 3 9 1 3 10 1 4 11 1 4 12 1 4 13 1 5 11 1 5 12 1 5 13 1 6 10 1 6 13 1 8 12 1
R 1023 42 63 6 370 3 1 2 0 2 3 2 1 4 4 0 3 5 1 0 5 3 2 0 2 1 3 4 5 3 4 1 1 2 0 2 0 4 0 1 2 4 3 0 5 3 1 4 5 0 1 4 5 0 3 5 2 5 1 3 2 4 4 1 0 3 2 5 | 14 20  0 6 2 0 7 1 1 7 1 1 9 1 1 11 1 2 8 1 2 9 1 2 10 1 3 8 1 3 9 1 3 10 1 4 11 1 4 12 1 4 13 1 5 11 1 5 12 1 5 13 1 6 10 1 7 13 1 8 12 1
R 1024 42 63 6 124 3 4 5 1 2 3 0 1 4 3 4 5 0 2 5 1 0 2 1 2 3 0 2 3 5 4 2 0 1 4 1 4 2 3 2 0 3 0 1 3 0 1 0 1 2 4 5 0 3 5 2 0 1 2 3 1 4 3 5 4 4 5 5 | 14 20  0 6 1 0 7 1 0 9 1 1 7 1 1 9 1 1 10 1 2 8 1 2 10 1 2 13 1 3 8 2 3 12 1 4 9 1 4 11 1 4 13 1 5 10 1 5 11 1 5 12 1 6 11 1 6 12 1 7 13 1
R 1025 42 63 6 84 3 4 5 1 2 3 5 0 4 3 1 4 0 2 5 2 0 1 1 2 3 0 2 3 2 4 0 0 1 4 1 5 3 3 2 0 2 1 4 3 0 1 0 1 2 4 5 0 1 3 2 5 0 2 3 1 4 4 5 3 4 5 5 | 14 20  0 6 1 0 7 1 0 9 1 1 7 1 1 9 1 1 10 1 2 8 2 2 10 1 3 8 1 3 12 1 3 13 1 4 9 1 4 11 1 4 13 1 5 10 1 5 11 1 5 12 1 6 11 1 6 12 1 7 13 1
R 1026 42 63 6 124 3 4 5 1 2 3 0 1 4 3 4 5 0 2 5 0 1 2 1 2 3 0 2 3 5 4 2 0 1 4 1 4 2 3 0 1 3 2 0 3 0 1 0 1 2 4 5 0 3 5 2 0 1 2 3 1 4 3 4 5 4 5 5 | 14 20  0 6 1 0 7 1 0 9 1 1 7 1 1 9 1 1 10 1 2 8 1 2 10 1 2 13 1 3 8 2 3 11 1 4 9 1 4 12 1 4 13 1 5 10 1 5 11 1 5 12 1 6 12 1 6 13 1 7 11 1
R 1027 42 63 6 478 3 4 5 1 2 3 0 1 3 4 2 5 0 2 5 1 0 4 1 2 3 0 2 4 5 2 3 0 1 5 4 5 3 1 2 0 1 0 2 4 0 1 0 1 2 5 4 0 4 5 2 0 1 3 3 1 4 2 3 5 4 5 3 | 14 20  0 6 1 0 7 1 0 9 1 1 7 1 1 9 1 1 10 1 2 8 1 2 11 1 2 13 1 3 8 2 3 12 1 4 9 1 4 10 1 4 11 1 5 10 1 5 11 1 5 12 1 6 12 1 6 13 1 7 13 1
R 1028 42 63 6 6937 3 4 5 1 2 3 5 2 3 4 1 3 0 4 1 5 0 4 1 2 3 0 2 4 4 3 2 0 1 5 4 1 3 5 0 3 1 2 5 4 0 1 0 1 2 5 4 0 0 1 4 5 0 2 3 5 2 2 1 3 4 5 3 | 14 20  0 6 1 0 7 1 0 9 1 1 7 1 1 9 1 1 10 1 2 8 2 2 11 1 3 8 1 3 12 1 3 13 1 4 9 1 4 10 1 4 11 1 5 10 1 5 11 1 5 12 1 6 12 1 6 13 1 7 13 1
R 1029 42 63 6 211 3 4 5 1 2 3 0 4 1 3 2 5 0 2 4 1 0 5 1 2 3 0 2 3 5 2 4 0 1 4 1 4 2 3 2 0 3 1 0 3 0 1 0 1 2 4 5 0 3 5 2 0 1 4 3 5 1 3 2 4 4 5 5 | 14 20  0 6 1 0 7 1 0 9 1 1 7 1 1 9 1 1 10 1 2 8 1 2 11 1 2 13 1 3 8 2 3 12 1 4 9 1 4 10 1 4 11 1 5 10 1 5 12 1 5 13 1 6 11 1 6 12 1 7 13 1
R 1030 42 63 6 474 3 4 5 1 2 3 4 0 1 5 1 2 0 2 4 0 5 4 1 2 3 0 2 3 2 1 3 0 1 4 1 4 2 2 0 5 0 4 1 3 4 0 0 1 2 4 5 0 5 3 2 0 4 3 3 5 1 3 1 2 4 5 5 | 14 20  0 6 1 0 7 1 0 9 1 1 7 1 1 9 1 1 10 1 2 8 1 2 11 1 2 13 1 3 8 2 3 12 1 4 9 1 4 10 1 4 13 1 5 10 1 5 11 1 5 12 1 6 11 1 6 12 1 7 13 1
R 1031 42 63 6 100 3 4 5 1 2 3 0 1 3 4 2 5 0 2 4 1 0 4 1 2 3 0 2 4 5 2 0 0 1 5 1 4 2 3 0 2 4 1 3 4 0 1 0 1 2 5 4 0 4 5 2 1 3 0 3 5 1 3 5 2 4 5 3 | 14 20  0 6 1 0 7 1 0 9 1 1 7 1 1 9 1 1 10 1 2 8 1 2 12 1 2 13 1 3 8 2 3 12 1 4 9 1 4 10 1 4 11 1 5 10 1 5 11 1 5 12 1 6 11 1 6 13 1 7 13 1
R 1032 42 63 6 164 3 4 5 1 2 3 5 0 2 3 1 4 0 2 4 0 1 4 1 2 3 0 2 3 4 1 2 0 1 4 1 4 2 3 0 2 3 4 0 3 1 0 0 1 2 4 5 0 3 1 4 0 5 2 3 5 1 3 5 2 4 5 5 | 14 20  0 6 1 0 7 1 0 9 1 1 7 1 1 9 1 1 10 1 2 8 1 2 12 1 2 13 1 3 8 2 3 12 1 4 9 1 4 10 1 4 11 1 5 10 1 5 11 1 5 13 1 6 11 1 6 12 1 7 13 1
R 1033 42 63 6 124 3 4 5 1 2 5 3 0 1 2 4 5 0 2 1 4 5 0 1 2 3 0 2 3 2 1 0 0 1 4 3 1 4 2 5 0 3 1 5 2 0 4 0 1 2 4 3 0 4 5 2 3 0 1 5 3 4 1 2 3 4 5 5 | 14 20  0 6 1 0 7 1 0 9 1 1 7 1 1 9 1 1 10 1 2 8 2 2 10 1 3 8 1 3 12 1 3 13 1 4 9 1 4 11 1 4 12 1 5 11 1 5 12 1 5 13 1 6 11 1 6 13 1 7 10 1
R 1034 42 63 6 139 3 4 5 1 2 5 2 0 4 1 3 5 0 3 1 0 4 2 1 2 3 0 2 3 5 3 2 0 1 4 3 1 4 1 0 2 4 0 1 2 3 0 0 1 2 4 3 0 1 3 5 0 4 2 5 2 4 5 3 1 4 5 5 | 14 20  0 6 1 0 7 1 0 9 1 1 7 1 1 9 1 1 10 1 2 8 1 2 11 1 2 13 1 3 8 2 3 12 1 4 9 1 4 10 1 4 13 1 5 11 1 5 12 1 5 13 1 6 11 1 6 12 1 7 10 1
R 1035 42 63 6 194 3 4 5 1 2 5 5 0 1 4 2 3 0 3 4 1 2 4 1 2 3 0 2 3 3 2 1 0 1 4 3 4 1 0 2 5 4 2 0 3 4 1 0 1 2 4 3 0 4 3 2 0 5 1 5 2 1 3 5 0 4 5 5 | 14 20  0 6 1 0 7 1 0 9 1 1 7 1 1 9 1 1 10 1 2 8 1 2 12 1 2 13 1 3 8 2 3 12 1 4 9 1 4 10 1 4 11 1 5 11 1 5 12 1 5 13 1 6 11 1 6 13 1 7 10 1
R 1036 42 63 6 133 3 4 5 1 2 5 0 1 3 2 3 5 0 2 4 1 0 4 1 2 3 0 2 3 5 3 4 0 1 4 3 1 4 3 2 0 2 1 0 2 0 1 0 1 2 4 3 0 2 5 4 0 1 4 5 1 3 2 5 3 4 5 5 | 14 20  0 6 1 0 7 1 0 9 1 1 7 1 1 9 1 1 10 1 2 8 1 2 12 1 2 13 1 3 8 2 3 12 1 4 9 1 4 11 1 4 12 1 5 10 1 5 11 1 5 13 1 6 11 1 6 13 1 7 10 1
R 1037 42 63 6 116 3 4 5 1 2 5 0 1 3 4 3 5 0 2 4 1 0 4 1 2 3 0 2 3 5 3 0 0 1 4 3 1 4 3 2 0 4 1 2 0 4 1 0 1 2 4 3 0 4 5 2 1 2 0 5 1 3 2 5 3 4 5 5 | 14 20  0 6 1 0 7 1 0 9 1 1 7 1 1 9 1 1 10 1 2 8 1 2 12 1 2 13 1 3 8 2 3 12 1 4 9 1 4 11 1 4 13 1 5 10 1 5 11 1 5 12 1 6 11 1 6 13 1 7 10 1
R 1038 42 63 6 57 1 2 3 0 4 1 2 3 4 0 5 2 1 2 3 0 1 4 3 4 5 0 2 1 1 0 2 3 4 0 2 3 1 4 3 5 5 0 2 0 3 1 0 4 5 3 2 5 5 1 0 3 4 1 5 0 4 2 3 5 1 2 4 | 14 20  0 6 1 0 7 2 1 7 1 1 9 1 1 10 1 2 8 1 2 9 1 2 10 1 3 8 1 3 10 1 3 11 1 4 9 1 4 11 1 4 12 1 5 11 1 5 12 1 5 13 1 6 12 1 6 13 1 8 13 1
R 1039 42 63 6 64 1 2 3 0 4 1 2 3 4 0 5 2 1 2 4 3 0 1 3 4 5 0 2 1 1 0 2 3 4 0 2 3 1 5 3 1 5 0 2 4 0 3 0 4 5 3 2 5 5 1 0 3 4 1 5 0 3 2 4 5 1 2 4 | 14 20  0 6 1 0 7 2 1 7 1 1 9 1 1 10 1 2 8 1 2 9 1 2 10 1 3 8 1 3 10 1 3 13 1 4 9 1 4 11 1 4 12 1 5 11 1 5 12 1 5 13 1 6 12 1 6 13 1 8 11 1
R 1040 42 63 6 221 1 2 3 0 4 1 2 0 4 5 1 0 1 2 3 2 5 1 3 4 5 0 2 1 4 5 0 3 4 0 2 3 1 5 2 4 5 2 0 3 1 0 0 4 5 3 2 5 3 1 5 2 4 3 5 0 4 0 3 4 1 2 1 | 14 20  0 6 1 0 7 2 1 7 1 1 9 1 1 10 1 2 8 1 2 9 1 2 13 1 3 8 1 3 10 1 3 12 1 4 9 1 4 11 1 4 12 1 5 10 1 5 11 1 5 13 1 6 12 1 6 13 1 8 11 1
R 1041 42 63 6 97 3 1 2 0 2 3 2 0 4 4 2 3 1 3 0 5 1 2 0 2 1 3 4 5 5 4 3 1 2 0 0 4 2 3 5 1 1 0 4 3 1 0 4 5 0 1 4 5 1 3 5 0 1 5 5 4 2 3 0 4 3 2 2 | 14 20  0 6 2 0 7 1 1 7 1 1 9 1 1 10 1 2 8 1 2 9 1 2 13 1 3 8 1 3 10 1 3 12 1 4 9 1 4 11 1 4 12 1 5 10 1 5 11 1 5 13 1 6 12 1 7 13 1 8 11 1
R 1042 42 63 6 78 1 2 3 0 4 2 3 4 5 1 2 5 3 0 1 2 0 1 3 4 5 0 2 1 0 2 3 2 1 4 1 4 3 4 0 1 3 2 0 5 0 3 0 4 5 3 5 1 1 0 2 4 3 0 5 2 4 3 5 4 1 2 5 | 14 20  0 6 1 0 7 2 1 7 1 1 10 1 1 13 1 2 8 1 2 9 1 2 10 1 3 8 1 3 9 1 3 10 1 4 9 1 4 11 1 4 12 1 5 11 1 5 12 1 5 13 1 6 12 1 6 13 1 8 11 1
R 1043 42 63 6 63 3 4 5 1 2 0 0 3 4 0 1 2 1 4 3 0 2 5 1 2 3 0 2 3 2 4 5 1 2 3 1 4 0 5 3 2 4 0 1 0 3 1 0 1 2 4 5 3 1 5 2 3 4 5 0 2 5 1 3 4 4 5 0 | 14 20  0 6 1 0 7 1 0 13 1 1 7 2 1 10 1 2 8 1 2 9 1 2 10 1 3 8 1 3 9 1 3 10 1 4 9 1 4 12 1 4 13 1 5 11 1 5 12 1 5 13 1 6 11 1 6 12 1 8 11 1
R 1044 42 63 6 122 1 2 3 0 4 2 2 5 4 4 1 0 3 1 2 3 0 1 3 4 5 0 2 1 0 4 5 1 0 2 2 1 4 3 1 4 4 0 2 5 0 3 0 4 5 3 5 1 1 3 0 2 5 3 4 5 0 2 5 4 1 2 3 | 14 20  0 6 1 0 7 2 1 7 1 1 11 1 1 13 1 2 8 1 2 9 1 2 10 1 3 8 1 3 9 1 3 10 1 4 9 1 4 10 1 4 11 1 5 11 1 5 12 1 5 13 1 6 12 1 6 13 1 8 12 1
R 1045 42 63 6 240 1 2 3 0 4 1 2 5 0 3 5 2 1 0 4 1 3 2 3 4 5 0 2 1 1 0 2 4 3 5 3 2 0 2 1 4 3 4 0 0 3 1 0 4 5 3 2 5 3 1 4 4 0 1 2 5 3 0 5 4 1 2 5 | 14 20  0 6 1 0 7 2 1 7 1 1 12 1 1 13 1 2 8 1 2 9 1 2 10 1 3 8 1 3 9 1 3 10 1 4 9 1 4 10 1 4 11 1 5 11 1 5 12 1 5 13 1 6 12 1 6 13 1 8 11 1
R 1046 42 63 6 75 1 2 3 0 4 2 1 4 0 0 3 2 3 1 5 1 4 2 3 4 5 0 2 1 2 0 1 3 4 5 1 2 0 1 3 4 3 2 0 0 5 3 0 4 5 3 5 1 3 2 5 5 1 4 0 2 4 3 0 5 1 2 4 | 14 20  0 6 1 0 7 2 1 7 1 1 11 1 1 13 1 2 8 1 2 9 1 2 10 1 3 8 1 3 9 1 3 10 1 4 9 1 4 11 1 4 12 1 5 10 1 5 11 1 5 12 1 6 12 1 6 13 1 8 13 1
R 1047 42 63 6 96 1 2 3 0 4 2 3 4 2 4 1 3 5 0 1 2 0 1 3 4 5 0 2 1 0 2 3 1 4 2 5 1 4 3 1 0 3 2 0 5 0 3 0 4 5 3 5 1 1 5 0 5 0 2 3 2 4 3 5 4 1 2 4 | 14 20  0 6 1 0 7 2 1 7 1 1 11 1 1 13 1 2 8 1 2 9 1 2 10 1 3 8 1 3 9 1 3 10 1 4 9 1 4 11 1 4 12 1 5 10 1 5 12 1 5 13 1 6 12 1 6 13 1 8 11 1
R 1048 42 63 6 124 1 2 3 0 4 1 0 4 5 3 1 2 0 1 2 0 2 3 3 4 5 0 2 1 2 1 4 4 2 5 0 3 5 1 3 2 3 4 0 0 3 1 0 4 5 3 2 5 3 1 2 5 0 4 3 4 5 1 5 4 1 2 0 | 14 20  0 6 1 0 7 2 1 7 1 1 12 1 1 13 1 2 8 1 2 9 1 2 10 1 3 8 1 3 9 1 3 10 1 4 9 1 4 11 1 4 12 1 5 10 1 5 11 1 5 13 1 6 12 1 6 13 1 8 11 1
R 1049 42 63 6 63 1 2 3 0 4 1 2 4 3 5 0 1 2 4 3 1 2 0 3 4 5 0 2 1 1 3 2 3 4 0 0 3 4 1 2 4 2 4 0 3 1 0 0 4 5 3 2 5 0 1 5 4 2 3 1 0 5 5 3 4 1 2 5 | 14 20  0 6 1 0 7 2 1 7 1 1 9 1 1 10 1 2 8 1 2 10 1 2 11 1 3 8 1 3 10 1 3 12 1 4 9 1 4 11 1 4 12 1 5 9 1 5 11 1 5 13 1 6 12 1 6 13 1 8 13 1
R 1050 42 63 6 138 3 1 2 0 2 3 4 0 3 2 1 0 2 4 1 4 3 2 0 2 1 3 4 5 3 1 0 1 2 0 0 4 1 3 4 5 2 4 0 4 3 1 4 5 0 1 4 5 5 2 1 4 3 5 3 0 5 5 1 0 3 2 2 | 14 20  0 6 2 0 7 1 1 7 1 1 9 1 1 10 1 2 8 1 2 10 1 2 12 1 3 8 1 3 10 1 3 13 1 4 9 1 4 11 1 4 12 1 5 9 1 5 11 1 5 13 1 6 12 1 7 13 1 8 11 1
R 1051 42 63 6 86 1 2 3 0 4 1 0 2 3 0 4 1 2 4 5 1 2 0 3 4 5 0 2 1 5 4 3 3 4 0 2 0 1 4 1 2 4 5 2 3 0 1 0 4 5 3 2 5 1 4 5 2 3 5 1 3 0 5 3 4 1 2 0 | 14 20  0 6 1 0 7 2 1 7 1 1 9 1 1 10 1 2 8 1 2 10 1 2 11 1 3 8 1 3 11 1 3 13 1 4 9 1 4 10 1 4 11 1 5 9 1 5 12 1 5 13 1 6 12 1 6 13 1 8 12 1
R 1052 42 63 6 1292 3 1 2 0 2 3 0 1 4 2 5 3 2 4 1 3 4 0 0 2 1 3 4 5 3 2 1 1 2 0 1 4 3 0 5 1 2 4 0 3 5 0 4 5 0 1 4 5 5 2 3 0 4 1 3 0 5 5 2 1 3 2 4 | 14 20  0 6 2 0 7 1 1 7 1 1 9 1 1 10 1 2 8 1 2 10 1 2 11 1 3 8 1 3 11 1 3 12 1 4 9 1 4 10 1 4 12 1 5 9 1 5 11 1 5 13 1 6 12 1 7 13 1 8 13 1
R 1053 42 63 6 98 3 1 2 0 2 3 0 1 4 2 5 3 2 4 1 3 4 0 0 2 1 3 4 5 3 2 0 1 2 0 1 4 3 0 2 5 1 4 5 0 3 1 4 5 0 1 4 5 5 2 3 1 4 0 3 0 5 5 1 2 3 2 4 | 14 20  0 6 2 0 7 1 1 7 1 1 9 1 1 10 1 2 8 1 2 10 1 2 11 1 3 8 1 3 11 1 3 12 1 4 9 1 4 10 1 4 13 1 5 9 1 5 11 1 5 12 1 6 12 1 7 13 1 8 13 1
R 1054 42 63 6 2009 3 4 5 1 2 0 1 0 2 4 3 5 3 1 4 2 3 0 1 2 3 0 2 4 5 3 2 2 4 5 3 1 0 0 1 3 2 1 0 1 0 4 0 1 2 5 3 4 4 5 3 0 1 2 0 2 5 1 4 5 4 5 3 | 14 20  0 6 1 0 7 1 0 13 1 1 7 1 1 9 1 1 10 1 2 8 1 2 10 1 2 13 1 3 8 2 3 11 1 4 9 1 4 10 1 4 11 1 5 9 1 5 11 1 5 12 1 6 12 1 6 13 1 7 12 1
R 1055 42 63 6 1115 1 2 3 0 4 1 0 1 3 0 2 3 2 4 5 1 2 0 3 4 5 0 2 1 3 2 4 3 4 0 2 0 1 5 0 4 2 1 3 1 5 3 0 4 5 3 2 5 5 4 2 1 5 4 1 3 0 5 3 4 1 2 0 | 14 20  0 6 1 0 7 2 1 7 1 1 9 1 1 10 1 2 8 1 2 10 1 2 11 1 3 8 1 3 12 1 3 13 1 4 9 1 4 10 1 4 12 1 5 9 1 5 11 1 5 12 1 6 11 1 6 13 1 8 13 1
R 1056 42 63 6 876 1 2 3 0 4 1 0 1 2 5 1 3 4 2 3 1 2 0 3 4 5 0 2 1 3 2 4 3 4 0 3 2 1 4 0 2 0 5 1 0 5 3 0 4 5 3 2 5 5 4 3 0 2 4 1 0 5 5 3 4 1 2 1 | 14 20  0 6 1 0 7 2 1 7 1 1 9 1 1 10 1 2 8 1 2 10 1 2 12 1 3 8 1 3 12 1 3 13 1 4 9 1 4 10 1 4 11 1 5 9 1 5 11 1 5 12 1 6 11 1 6 13 1 8 13 1
R 1057 42 63 6 1263 3 4 5 1 2 0 4 3 5 1 0 2 2 4 1 0 5 3 1 2 3 0 2 4 2 5 3 5 2 1 1 3 0 4 0 1 0 5 2 1 0 4 0 1 2 5 3 4 0 1 2 4 5 3 0 5 3 4 2 1 4 5 3 | 14 20  0 6 1 0 7 1 0 13 1 1 7 1 1 9 1 1 10 1 2 8 2 2 10 1 3 8 1 3 11 1 3 13 1 4 9 1 4 10 1 4 12 1 5 9 1 5 11 1 5 12 1 6 12 1 6 13 1 7 11 1
R 1058 42 63 6 1141 3 4 5 1 2 0 3 1 2 0 4 1 4 0 3 3 2 5 1 2 3 0 2 4 5 2 1 2 4 5 3 1 0 2 1 0 3 0 4 3 0 1 0 1 2 5 3 4 0 4 5 3 5 2 1 2 5 0 1 4 4 5 3 | 14 20  0 6 1 0 7 1 0 12 1 1 7 1 1 9 1 1 10 1 2 8 2 2 10 1 3 8 1 3 12 1 3 13 1 4 9 1 4 10 1 4 11 1 5 9 1 5 12 1 5 13 1 6 11 1 6 13 1 7 11 1
R 1059 42 63 6 87 1 2 3 0 4 1 0 1 3 4 0 2 2 4 5 1 2 0 3 4 5 0 2 1 5 4 1 3 4 0 2 0 1 3 5 2 3 4 2 4 0 1 0 4 5 3 2 5 2 4 5 3 1 5 1 3 0 5 4 3 1 2 0 | 14 20  0 6 1 0 7 2 1 7 1 1 9 1 1 10 1 2 8 1 2 10 1 2 13 1 3 8 1 3 11 1 3 12 1 4 9 1 4 10 1 4 12 1 5 9 1 5 11 1 5 13 1 6 12 1 6 13 1 8 11 1
R 1060 42 63 6 57 3 1 2 0 2 3 0 3 4 5 2 3 2 4 1 3 1 0 0 2 1 3 4 5 1 2 4 1 2 0 1 4 3 2 0 5 5 0 4 0 1 3 4 5 0 1 4 5 5 2 1 0 1 4 3 0 5 5 4 2 3 2 3 | 14 20  0 6 2 0 7 1 1 7 1 1 9 1 1 10 1 2 8 1 2 10 1 2 12 1 3 8 1 3 11 1 3 13 1 4 9 1 4 10 1 4 13 1 5 9 1 5 11 1 5 12 1 6 12 1 7 13 1 8 11 1
R 1061 42 63 6 329 1 2 3 0 4 1 0 1 2 0 2 3 2 4 5 3 1 0 3 4 5 0 2 1 3 2 5 3 4 0 0 2 1 1 4 3 5 0 2 1 4 3 0 4 5 3 2 5 4 5 3 1 4 5 1 3 0 5 4 2 1 2 0 | 14 20  0 6 1 0 7 2 1 7 1 1 9 1 1 10 1 2 8 1 2 11 1 2 12 1 3 8 1 3 12 1 3 13 1 4 9 1 4 10 1 4 11 1 5 9 1 5 10 1 5 11 1 6 12 1 6 13 1 8 13 1
R 1062 42 63 6 129 3 4 5 1 2 5 1 0 2 3 4 0 0 1 4 3 2 5 1 2 3 0 2 3 3 2 0 3 4 5 1 4 2 1 0 4 2 1 0 3 1 0 0 1 2 4 0 3 4 5 3 1 5 2 2 5 3 1 0 4 5 4 5 | 14 20  0 6 1 0 7 1 0 11 1 1 7 1 1 9 1 1 10 1 2 8 2 2 11 1 3 8 1 3 12 1 3 13 1 4 9 1 4 10 1 4 12 1 5 9 1 5 10 1 5 13 1 6 11 1 6 12 1 7 13 1
R 1063 42 63 6 167 1 2 3 0 4 1 0 2 1 3 5 2 2 4 5 3 1 0 3 4 5 0 2 1 1 3 2 3 4 0 0 2 1 3 4 2 0 4 5 3 1 0 0 4 5 3 2 5 4 5 3 0 1 4 1 3 0 5 4 2 1 2 5 | 14 20  0 6 1 0 7 2 1 7 1 1 9 1 1 10 1 2 8 1 2 11 1 2 12 1 3 8 1 3 12 1 3 13 1 4 9 1 4 10 1 4 11 1 5 9 1 5 10 1 5 12 1 6 11 1 6 13 1 8 13 1
R 1064 42 63 6 194 3 1 2 0 2 3 0 2 3 4 5 3 2 4 1 4 1 0 0 2 1 3 4 5 3 1 0 1 2 0 4 1 3 2 4 0 0 4 2 1 4 3 4 5 0 1 4 5 4 1 5 2 1 0 3 0 5 5 2 3 3 2 5 | 14 20  0 6 2 0 7 1 1 7 1 1 9 1 1 10 1 2 8 1 2 11 1 2 12 1 3 8 1 3 12 1 3 13 1 4 9 1 4 10 1 4 11 1 5 9 1 5 10 1 5 12 1 6 11 1 7 13 1 8 13 1
R 1065 42 63 6 120 3 4 5 1 2 0 4 1 3 0 2 5 3 4 0 1 2 4 1 2 3 0 2 4 5 2 4 2 4 0 1 3 2 1 5 0 0 3 1 4 0 1 0 1 2 5 3 4 0 5 2 1 3 4 1 5 2 5 0 3 4 5 3 | 14 20  0 6 1 0 7 1 0 12 1 1 7 1 1 9 1 1 10 1 2 8 1 2 12 1 2 13 1 3 8 2 3 12 1 4 9 1 4 10 1 4 11 1 5 9 1 5 10 1 5 11 1 6 11 1 6 13 1 7 13 1
R 1066 42 63 6 917 3 4 5 1 2 0 1 0 5 2 4 5 3 4 5 1 2 0 1 2 3 0 2 3 5 4 3 2 4 0 1 3 2 1 0 5 2 0 1 1 0 4 0 1 2 4 3 5 2 4 3 0 1 3 1 0 2 5 4 3 4 5 5 | 14 20  0 6 1 0 7 1 0 13 1 1 7 1 1 9 1 1 10 1 2 8 1 2 12 1 2 13 1 3 8 2 3 12 1 4 9 1 4 10 1 4 11 1 5 9 1 5 10 1 5 11 1 6 11 1 6 12 1 7 13 1
R 1067 42 63 6 313 1 2 3 0 4 1 0 1 2 3 4 0 4 2 3 2 1 0 3 4 5 0 2 1 2 4 5 3 4 0 2 3 1 4 0 2 4 3 1 3 0 1 0 4 5 3 2 5 3 5 4 1 2 5 1 0 5 5 4 3 1 2 0 | 14 20  0 6 1 0 7 2 1 7 1 1 9 1 1 10 1 2 8 1 2 12 1 2 13 1 3 8 1 3 12 1 3 13 1 4 9 1 4 10 1 4 11 1 5 9 1 5 10 1 5 11 1 6 11 1 6 13 1 8 12 1
R 1068 42 63 6 133 1 2 3 0 4 1 2 0 1 4 1 3 2 4 5 3 2 0 3 4 5 0 2 1 5 4 0 3 4 0 0 2 1 5 3 2 3 4 2 4 0 3 0 4 5 3 2 5 3 4 5 2 0 5 1 3 0 5 4 1 1 2 1 | 14 20  0 6 1 0 7 2 1 7 1 1 9 1 1 10 1 2 8 1 2 11 1 2 12 1 3 8 1 3 11 1 3 13 1 4 9 1 4 10 1 4 12 1 5 9 1 5 10 1 5 13 1 6 12 1 6 13 1 8 11 1
R 1069 42 63 6 121 3 4 5 1 2 3 1 0 4 2 3 4 0 2 5 5 0 1 1 2 3 0 2 3 3 4 0 5 2 3 1 0 2 4 1 0 0 1 3 2 1 4 0 1 2 4 0 5 2 5 3 1 5 0 1 3 4 4 2 3 4 5 5 | 14 20  0 6 1 0 7 1 0 12 1 1 7 1 1 9 1 1 10 1 2 8 2 2 10 1 3 8 1 3 12 1 3 13 1 4 9 1 4 11 1 4 12 1 5 9 1 5 11 1 5 13 1 6 10 1 6 11 1 7 13 1
R 1070 42 63 6 236 3 4 5 1 2 3 1 0 2 3 5 4 0 1 4 0 2 5 1 2 3 0 2 3 4 5 2 2 4 3 1 0 2 0 1 3 0 1 4 3 1 0 0 1 2 4 0 5 3 5 4 0 1 2 5 3 2 1 4 3 4 5 5 | 14 20  0 6 1 0 7 1 0 11 1 1 7 1 1 9 1 1 10 1 2 8 1 2 11 1 2 13 1 3 8 2 3 12 1 4 9 1 4 10 1 4 13 1 5 9 1 5 11 1 5 12 1 6 10 1 6 12 1 7 13 1
R 1071 42 63 6 71 3 4 5 1 2 3 3 1 2 5 0 2 0 1 4 0 5 4 1 2 3 0 2 3 4 2 1 2 4 3 1 0 2 0 1 5 3 4 0 3 1 0 0 1 2 4 0 5 0 5 4 3 1 4 5 3 2 1 3 2 4 5 5 | 14 20  0 6 1 0 7 1 0 11 1 1 7 1 1 9 1 1 10 1 2 8 2 2 11 1 3 8 1 3 12 1 3 13 1 4 9 1 4 10 1 4 13 1 5 9 1 5 11 1 5 12 1 6 10 1 6 12 1 7 13 1
R 1072 42 63 6 61 1 2 3 0 4 2 1 4 5 0 3 1 2 3 1 2 4 0 3 4 5 0 2 1 2 0 1 0 3 1 1 3 2 0 4 3 5 4 2 0 5 3 0 4 5 3 5 1 3 2 0 5 4 2 4 5 0 5 1 3 1 2 4 | 14 20  0 6 1 0 7 2 1 7 1 1 10 1 1 13 1 2 8 1 2 9 1 2 10 1 3 8 1 3 10 1 3 11 1 4 9 1 4 11 1 4 12 1 5 9 1 5 11 1 5 12 1 6 12 1 6 13 1 8 13 1
R 1073 42 63 6 295 1 2 3 0 4 1 0 2 4 0 4 5 1 3 2 0 2 1 3 4 5 0 2 1 5 4 2 2 1 4 3 4 0 2 0 1 3 0 4 3 5 1 0 4 5 3 2 5 3 5 1 1 3 2 0 5 4 3 5 4 1 2 0 | 14 20  0 6 1 0 7 2 1 7 1 1 10 1 1 11 1 2 8 1 2 9 1 2 10 1 3 8 1 3 11 1 3 12 1 4 9 1 4 10 1 4 11 1 5 9 1 5 12 1 5 13 1 6 12 1 6 13 1 8 13 1
R 1074 42 63 6 307 1 2 3 0 4 1 0 2 4 5 1 4 1 3 2 0 2 5 3 4 5 0 2 1 4 1 2 2 1 4 3 4 0 0 3 1 5 2 0 3 4 0 0 4 5 3 2 5 3 5 1 0 2 3 0 5 4 3 4 1 1 2 5 | 14 20  0 6 1 0 7 2 1 7 1 1 10 1 1 11 1 2 8 1 2 9 1 2 10 1 3 8 1 3 11 1 3 12 1 4 9 1 4 10 1 4 12 1 5 9 1 5 11 1 5 13 1 6 12 1 6 13 1 8 13 1
R 1075 42 63 6 133 3 1 2 0 2 3 0 2 4 1 0 4 1 2 3 0 3 5 0 2 1 3 4 5 5 3 4 3 1 4 1 2 0 0 1 2 4 2 5 1 3 0 4 5 0 1 4 5 1 5 3 2 3 5 0 5 4 2 4 1 3 2 0 | 14 20  0 6 2 0 7 1 1 7 1 1 10 1 1 11 1 2 8 1 2 9 1 2 10 1 3 8 1 3 11 1 3 13 1 4 9 1 4 10 1 4 13 1 5 9 1 5 11 1 5 12 1 6 12 1 7 13 1 8 12 1
R 1076 42 63 6 112 1 2 3 0 4 2 1 4 5 0 3 1 1 3 5 4 0 2 3 4 5 0 2 1 2 0 1 4 3 5 1 3 0 2 3 1 5 0 4 0 5 3 0 4 5 3 5 1 3 0 2 5 4 2 2 4 0 1 5 3 1 2 4 | 14 20  0 6 1 0 7 2 1 7 1 1 10 1 1 13 1 2 8 1 2 9 1 2 10 1 3 8 1 3 11 1 3 12 1 4 9 1 4 10 1 4 11 1 5 9 1 5 11 1 5 12 1 6 12 1 6 13 1 8 13 1
R 1077 42 63 6 361 1 2 3 0 4 2 1 4 0 3 4 1 5 3 2 2 0 1 3 4 5 0 2 1 2 0 1 2 4 1 5 3 4 3 1 0 0 3 2 5 0 3 0 4 5 3 5 1 3 5 2 5 0 2 0 1 4 3 5 4 1 2 4 | 14 20  0 6 1 0 7 2 1 7 1 1 11 1 1 13 1 2 8 1 2 9 1 2 10 1 3 8 1 3 10 1 3 11 1 4 9 1 4 10 1 4 11 1 5 9 1 5 12 1 5 13 1 6 12 1 6 13 1 8 12 1
R 1078 42 63 6 203 1 2 3 0 4 2 1 4 0 0 3 2 3 2 1 5 4 1 3 4 5 0 2 1 2 0 1 4 3 1 3 2 4 1 3 0 5 0 2 0 5 3 0 4 5 3 5 1 3 2 5 5 1 4 5 0 4 0 2 3 1 2 4 | 14 20  0 6 1 0 7 2 1 7 1 1 11 1 1 13 1 2 8 1 2 9 1 2 10 1 3 8 1 3 10 1 3 11 1 4 9 1 4 10 1 4 12 1 5 9 1 5 11 1 5 12 1 6 12 1 6 13 1 8 13 1
R 1079 42 63 6 307 1 2 3 0 4 1 2 4 0 3 4 2 5 4 1 0 1 2 3 4 5 0 2 1 1 0 2 1 4 2 5 2 4 0 3 5 3 4 0 0 3 1 0 4 5 3 2 5 3 5 1 5 0 1 0 3 2 3 4 5 1 2 4 | 14 20  0 6 1 0 7 2 1 7 1 1 12 1 1 13 1 2 8 1 2 9 1 2 10 1 3 8 1 3 10 1 3 11 1 4 9 1 4 10 1 4 11 1 5 9 1 5 11 1 5 12 1 6 12 1 6 13 1 8 13 1
R 1080 42 63 6 200 1 2 3 0 4 2 3 2 4 2 0 1 3 1 5 2 0 1 3 4 5 0 2 1 1 5 4 2 1 4 3 0 4 3 1 0 3 2 0 5 0 3 0 4 5 3 5 1 0 5 1 3 5 4 0 2 4 3 5 4 1 2 2 | 14 20  0 6 1 0 7 2 1 7 1 1 11 1 1 13 1 2 8 1 2 9 1 2 10 1 3 8 1 3 10 1 3 12 1 4 9 1 4 10 1 4 11 1 5 9 1 5 12 1 5 13 1 6 12 1 6 13 1 8 11 1
R 1081 42 63 6 220 1 2 3 0 4 2 3 5 4 0 2 1 2 0 1 3 1 4 3 4 5 0 2 1 1 2 5 1 0 4 2 0 3 1 3 0 3 4 2 5 0 3 0 4 5 3 5 1 0 2 1 3 4 5 3 5 4 5 2 0 1 2 4 | 14 20  0 6 1 0 7 2 1 7 1 1 11 1 1 13 1 2 8 1 2 9 1 2 10 1 3 8 1 3 10 1 3 12 1 4 9 1 4 10 1 4 13 1 5 9 1 5 11 1 5 12 1 6 12 1 6 13 1 8 11 1
R 1082 42 63 6 144 1 2 3 0 4 2 2 3 4 2 0 1 0 3 1 1 2 5 3 4 5 0 2 1 1 5 4 1 3 4 0 2 3 3 1 0 0 2 4 5 0 3 0 4 5 3 5 1 0 5 1 3 5 4 2 4 5 0 4 3 1 2 2 | 14 20  0 6 1 0 7 2 1 7 1 1 11 1 1 13 1 2 8 1 2 9 1 2 10 1 3 8 1 3 10 1 3 13 1 4 9 1 4 10 1 4 12 1 5 9 1 5 11 1 5 12 1 6 12 1 6 13 1 8 11 1
R 1083 42 63 6 98 1 2 3 0 4 2 1 4 0 0 3 1 2 3 4 5 2 1 3 4 5 0 2 1 2 0 1 4 3 1 3 2 0 3 1 2 5 0 4 0 5 3 0 4 5 3 5 1 3 2 5 5 4 2 5 1 0 0 4 3 1 2 4 | 14 20  0 6 1 0 7 2 1 7 1 1 11 1 1 13 1 2 8 1 2 9 1 2 10 1 3 8 1 3 11 1 3 12 1 4 9 1 4 10 1 4 11 1 5 9 1 5 10 1 5 12 1 6 12 1 6 13 1 8 13 1
R 1084 42 63 6 1965 1 2 3 0 4 2 3 4 0 2 0 1 1 4 5 2 1 3 3 4 5 0 2 1 1 0 5 2 4 3 3 1 0 1 4 2 0 3 2 5 0 3 0 4 5 3 5 1 2 1 5 3 5 4 0 2 3 5 4 0 1 2 4 | 14 20  0 6 1 0 7 2 1 7 1 1 11 1 1 13 1 2 8 1 2 9 1 2 10 1 3 8 1 3 12 1 3 13 1 4 9 1 4 10 1 4 11 1 5 9 1 5 10 1 5 11 1 6 12 1 6 13 1 8 12 1
R 1085 42 63 6 66 1 2 3 0 4 1 0 4 2 4 1 2 3 4 5 1 3 0 3 4 5 0 2 1 3 2 5 1 4 0 0 3 4 1 5 2 3 4 0 0 3 1 0 4 5 3 2 5 1 3 5 0 3 5 2 1 0 5 2 4 1 2 4 | 14 20  0 6 1 0 7 2 1 7 1 1 12 1 1 13 1 2 8 1 2 9 1 2 10 1 3 8 1 3 11 1 3 12 1 4 9 1 4 10 1 4 11 1 5 9 1 5 10 1 5 11 1 6 12 1 6 13 1 8 13 1
R 1086 42 63 6 163 3 4 5 1 2 0 3 5 4 5 4 3 2 1 0 1 0 2 1 2 3 0 2 3 1 4 3 0 2 3 1 0 3 4 1 2 2 0 5 1 0 4 0 1 2 4 5 3 0 1 2 2 0 1 5 4 3 4 5 3 4 5 5 | 14 20  0 6 1 0 7 1 0 13 1 1 7 2 1 11 1 2 8 1 2 9 1 2 10 1 3 8 1 3 11 1 3 12 1 4 9 1 4 10 1 4 12 1 5 9 1 5 10 1 5 13 1 6 12 1 6 13 1 8 11 1
R 1087 42 63 6 374 1 2 3 0 4 2 3 5 4 3 1 4 1 2 0 2 0 1 3 4 5 0 2 1 4 1 2 0 1 4 2 0 3 1 4 0 5 2 4 5 0 3 0 4 5 3 5 1 0 2 1 5 2 0 5 4 3 3 5 4 1 2 3 | 14 20  0 6 1 0 7 2 1 7 1 1 11 1 1 13 1 2 8 1 2 9 1 2 10 1 3 8 1 3 11 1 3 12 1 4 9 1 4 10 1 4 12 1 5 9 1 5 10 1 5 13 1 6 12 1 6 13 1 8 11 1
R 1088 42 63 6 200 1 2 3 0 4 2 3 2 4 2 0 1 3 1 5 2 0 1 3 4 5 0 2 1 1 5 4 2 1 4 0 3 4 3 1 0 3 0 2 5 0 3 0 4 5 3 5 1 0 5 1 3 5 4 0 2 4 3 5 4 1 2 2 | 14 20  0 6 1 0 7 2 1 7 1 1 11 1 1 13 1 2 8 1 2 9 1 2 10 1 3 8 1 3 12 1 3 13 1 4 9 1 4 10 1 4 11 1 5 9 1 5 10 1 5 12 1 6 12 1 6 13 1 8 11 1
R 1089 42 63 6 187 3 4 5 2 3 0 1 0 2 4 3 2 3 5 4 5 0 1 1 2 3 0 2 4 2 3 0 0 3 1 5 4 2 1 5 3 2 5 0 1 0 4 0 1 2 5 4 1 4 5 3 1 5 0 2 1 0 4 3 2 4 5 3 | 14 20  0 6 1 0 7 1 0 13 1 1 7 1 1 11 1 1 12 1 2 8 1 2 9 1 2 13 1 3 8 2 3 10 1 4 9 1 4 10 1 4 11 1 5 9 1 5 10 1 5 11 1 6 12 1 6 13 1 7 12 1
R 1090 42 63 6 153 3 4 5 0 1 2 0 2 4 5 3 4 1 4 5 0 3 1 1 2 3 2 0 3 4 3 1 1 0 4 2 0 1 3 4 2 0 5 3 0 1 4 0 1 2 4 3 5 5 1 3 0 2 1 3 0 2 5 4 2 5 4 5 | 14 20  0 6 1 0 7 1 0 9 1 1 7 1 1 9 1 1 11 1 2 8 1 2 11 1 2 13 1 3 8 2 3 12 1 4 10 1 4 11 1 4 12 1 5 10 1 5 12 1 5 13 1 6 9 1 6 10 1 7 13 1
R 1091 42 63 6 66 3 4 5 0 1 2 0 3 4 1 2 3 1 4 5 4 0 2 1 2 3 2 0 5 2 4 3 1 0 4 0 4 1 2 0 1 2 5 3 0 4 1 0 1 2 4 3 5 1 5 2 0 4 5 3 0 2 5 1 3 5 4 3 | 14 20  0 6 1 0 7 1 0 9 1 1 7 1 1 9 1 1 10 1 2 8 2 2 10 1 3 8 1 3 12 1 3 13 1 4 11 1 4 12 1 4 13 1 5 11 1 5 12 1 5 13 1 6 9 1 6 11 1 7 10 1
R 1092 42 63 6 117 3 4 5 0 1 2 1 0 4 2 3 5 3 4 0 2 1 4 1 2 3 2 0 5 5 3 4 1 0 4 0 4 1 2 0 4 2 1 3 2 1 0 0 1 2 4 3 5 2 3 5 0 1 4 2 1 5 5 0 3 5 4 3 | 14 20  0 6 1 0 7 1 0 9 1 1 7 1 1 9 1 1 10 1 2 8 1 2 11 1 2 13 1 3 8 2 3 12 1 4 10 1 4 11 1 4 12 1 5 11 1 5 12 1 5 13 1 6 9 1 6 13 1 7 10 1
R 1093 42 63 6 232 3 4 5 0 1 2 0 1 3 5 2 4 3 4 0 1 4 2 1 2 3 2 0 5 4 2 1 1 0 4 0 4 1 2 1 0 5 4 3 2 0 3 0 1 2 4 3 5 5 2 4 0 3 1 2 5 1 3 0 5 5 4 3 | 14 20  0 6 1 0 7 1 0 9 1 1 7 1 1 9 1 1 10 1 2 8 1 2 12 1 2 13 1 3 8 2 3 12 1 4 10 1 4 11 1 4 13 1 5 11 1 5 12 1 5 13 1 6 9 1 6 11 1 7 10 1
R 1094 42 63 6 2749 3 4 5 2 1 0 3 5 4 0 1 2 1 2 5 4 0 5 1 2 3 0 2 3 2 1 5 1 0 4 2 3 0 2 0 5 4 3 1 1 0 4 0 1 2 4 3 5 0 1 2 3 4 5 4 3 0 1 2 3 4 5 5 | 14 20  0 6 1 0 7 1 0 9 1 1 7 1 1 9 1 1 10 1 2 8 1 2 10 1 2 13 1 3 8 2 3 12 1 4 10 1 4 11 1 4 12 1 5 11 1 5 12 1 5 13 1 6 11 1 6 13 1 7 9 1
R 1095 42 63 6 2915 3 4 5 2 1 0 2 5 4 1 0 3 3 4 0 2 1 5 1 2 3 0 2 3 3 0 5 1 0 4 2 3 0 1 0 2 1 4 3 2 1 4 0 1 2 4 3 5 1 3 0 2 4 5 1 5 2 4 0 3 4 5 5 | 14 20  0 6 1 0 7 1 0 9 1 1 7 1 1 9 1 1 10 1 2 8 1 2 11 1 2 13 1 3 8 2 3 12 1 4 10 1 4 11 1 4 12 1 5 10 1 5 12 1 5 13 1 6 11 1 6 13 1 7 9 1
R 1096 42 63 6 74 3 4 5 2 1 0 2 0 4 5 1 3 3 4 0 2 1 5 1 2 3 0 2 3 3 1 4 1 0 4 2 3 0 1 2 0 0 3 5 2 1 4 0 1 2 4 3 5 5 1 3 0 2 4 1 5 2 4 3 0 4 5 5 | 14 20  0 6 1 0 7 1 0 9 1 1 7 1 1 9 1 1 10 1 2 8 1 2 12 1 2 13 1 3 8 2 3 12 1 4 10 1 4 11 1 4 12 1 5 10 1 5 11 1 5 13 1 6 11 1 6 13 1 7 9 1
R 1097 42 63 6 124 3 4 5 2 1 0 1 0 2 3 4 5 3 4 0 2 1 5 1 2 3 0 2 3 5 4 2 1 0 4 2 3 0 1 2 0 3 0 1 1 4 3 0 1 2 4 3 5 3 4 5 0 1 2 1 5 2 4 3 0 4 5 5 | 14 20  0 6 1 0 7 1 0 9 1 1 7 1 1 9 1 1 10 1 2 8 1 2 12 1 2 13 1 3 8 2 3 12 1 4 10 1 4 11 1 4 13 1 5 10 1 5 11 1 5 13 1 6 11 1 6 12 1 7 9 1
R 1098 42 63 6 811 3 4 5 2 1 0 3 5 4 1 2 4 2 4 0 3 1 0 1 2 3 0 2 3 4 2 0 1 0 4 3 2 0 1 0 4 3 1 2 3 1 4 0 1 2 4 3 5 1 2 0 3 5 0 1 3 5 5 4 2 4 5 5 | 14 20  0 6 1 0 7 1 0 9 1 1 7 1 1 9 1 1 10 1 2 8 1 2 11 1 2 13 1 3 8 2 3 12 1 4 10 1 4 11 1 4 12 1 5 11 1 5 12 1 5 13 1 6 10 1 6 13 1 7 9 1
R 1099 42 63 6 175 3 4 5 2 1 0 1 0 3 2 4 5 2 4 5 0 1 3 1 2 3 0 2 3 5 4 3 1 0 4 3 2 0 3 1 4 0 2 1 1 2 0 0 1 2 4 3 5 2 4 5 0 1 3 1 0 3 2 5 4 4 5 5 | 14 20  0 6 1 0 7 1 0 9 1 1 7 1 1 9 1 1 10 1 2 8 1 2 12 1 2 13 1 3 8 2 3 12 1 4 10 1 4 11 1 4 13 1 5 11 1 5 12 1 5 13 1 6 10 1 6 11 1 7 9 1
R 1100 42 63 6 60 3 4 5 2 1 5 1 0 4 2 4 3 2 4 0 3 0 1 1 2 3 0 2 3 3 4 0 1 0 4 1 0 2 3 0 4 1 2 3 2 4 1 0 1 2 4 3 0 2 5 3 1 5 0 3 1 5 5 2 4 4 5 5 | 14 20  0 6 1 0 7 1 0 9 1 1 7 1 1 9 1 1 13 1 2 8 1 2 11 1 2 13 1 3 8 2 3 12 1 4 10 1 4 11 1 4 12 1 5 10 1 5 11 1 5 12 1 6 10 1 6 13 1 7 9 1
R 1101 42 63 6 98 3 4 5 2 1 0 1 0 4 2 3 5 2 4 1 3 0 4 1 2 3 0 2 3 2 4 0 1 0 4 1 0 2 3 1 4 3 1 0 4 3 2 0 1 2 4 3 5 3 5 2 1 4 0 3 0 5 5 2 1 4 5 5 | 14 20  0 6 1 0 7 1 0 9 1 1 7 1 1 9 1 1 13 1 2 8 2 2 11 1 3 8 1 3 12 1 3 13 1 4 10 1 4 11 1 4 12 1 5 10 1 5 12 1 5 13 1 6 10 1 6 11 1 7 9 1
R 1102 42 63 6 471 3 4 5 2 1 0 3 1 2 5 0 4 2 4 1 0 3 4 1 2 3 0 2 3 4 0 3 1 0 4 1 0 2 3 4 1 4 2 1 3 0 2 0 1 2 4 3 5 5 0 4 1 2 3 3 0 5 5 2 1 4 5 5 | 14 20  0 6 1 0 7 1 0 9 1 1 7 1 1 9 1 1 12 1 2 8 1 2 12 1 2 13 1 3 8 2 3 12 1 4 10 1 4 11 1 4 13 1 5 10 1 5 11 1 5 13 1 6 10 1 6 11 1 7 9 1
R 1103 42 63 6 1048 3 4 5 1 2 0 0 4 2 5 1 3 2 5 4 4 0 1 1 2 3 0 2 3 3 1 2 1 0 4 4 2 1 4 1 0 0 2 5 3 0 4 0 1 2 4 3 5 5 3 1 0 4 2 0 3 1 5 3 2 4 5 5 | 14 20  0 6 1 0 7 1 0 9 1 1 7 1 1 10 1 1 11 1 2 8 1 2 9 1 2 13 1 3 8 2 3 11 1 4 10 1 4 11 1 4 12 1 5 10 1 5 12 1 5 13 1 6 12 1 6 13 1 7 9 1
R 1104 42 63 6 435 3 4 5 1 2 0 1 0 2 3 4 5 5 2 1 4 0 5 1 2 3 0 2 3 3 2 0 1 0 4 4 5 1 1 3 2 0 5 2 1 0 4 0 1 2 4 3 5 4 5 3 1 0 2 0 4 3 2 1 3 4 5 5 | 14 20  0 6 1 0 7 1 0 9 1 1 7 1 1 10 1 1 11 1 2 8 2 2 9 1 3 8 1 3 11 1 3 13 1 4 10 1 4 11 1 4 12 1 5 10 1 5 12 1 5 13 1 6 12 1 6 13 1 7 9 1
R 1105 42 63 6 110 3 4 5 1 2 0 1 0 2 3 4 5 5 0 4 1 2 5 1 2 3 0 2 3 3 2 0 1 0 4 2 5 4 1 3 0 1 2 5 1 0 4 0 1 2 4 3 5 4 5 3 1 0 2 1 2 3 0 4 3 4 5 5 | 14 20  0 6 1 0 7 1 0 9 1 1 7 1 1 10 1 1 11 1 2 8 2 2 9 1 3 8 1 3 12 1 3 13 1 4 10 1 4 11 1 4 12 1 5 10 1 5 11 1 5 13 1 6 12 1 6 13 1 7 9 1
R 1106 42 63 6 901 3 4 5 1 2 3 0 1 5 2 4 5 0 4 1 2 3 4 1 2 3 0 2 3 5 4 3 1 0 4 2 4 1 1 0 2 3 4 1 3 0 2 0 1 2 4 0 5 2 3 4 0 1 3 3 2 5 5 0 1 4 5 5 | 14 20  0 6 1 0 7 1 0 9 1 1 7 1 1 10 1 1 11 1 2 8 1 2 9 1 2 13 1 3 8 2 3 11 1 4 10 1 4 12 1 4 13 1 5 10 1 5 12 1 5 13 1 6 11 1 6 12 1 7 9 1
R 1107 42 63 6 342 3 4 5 1 2 3 1 0 2 4 5 0 5 0 4 2 3 1 1 2 3 0 2 3 3 2 0 1 0 4 2 4 1 1 0 2 3 1 0 3 4 5 0 1 2 4 0 5 4 5 3 1 3 2 3 2 1 5 4 0 4 5 5 | 14 20  0 6 1 0 7 1 0 9 1 1 7 1 1 10 1 1 11 1 2 8 2 2 9 1 3 8 1 3 11 1 3 13 1 4 10 1 4 12 1 4 13 1 5 10 1 5 12 1 5 13 1 6 11 1 6 12 1 7 9 1
R 1108 42 63 6 83 3 4 5 1 2 0 1 0 2 3 4 5 2 4 3 1 0 5 1 2 3 0 2 3 3 2 0 1 0 4 3 2 0 1 4 5 2 1 4 0 3 1 0 1 2 4 5 3 4 5 3 1 0 2 1 0 5 2 3 4 4 5 5 | 14 20  0 6 1 0 7 1 0 9 1 1 7 1 1 10 1 1 11 1 2 8 2 2 9 1 3 8 1 3 12 1 3 13 1 4 10 1 4 11 1 4 13 1 5 11 1 5 12 1 5 13 1 6 10 1 6 12 1 7 9 1
R 1109 42 63 6 879 3 4 5 1 2 0 3 1 4 5 0 4 0 2 5 3 2 1 1 2 3 0 2 3 4 0 3 1 0 4 2 5 1 1 4 2 3 2 0 3 0 1 0 1 2 4 3 5 5 0 2 1 2 3 3 1 4 4 0 5 4 5 5 | 14 20  0 6 1 0 7 1 0 9 1 1 7 1 1 10 1 1 11 1 2 8 1 2 10 1 2 13 1 3 8 2 3 11 1 4 9 1 4 12 1 4 13 1 5 10 1 5 11 1 5 12 1 6 12 1 6 13 1 7 9 1
R 1110 42 63 6 968 3 4 5 1 2 0 5 1 3 4 0 1 0 2 4 2 5 4 1 2 3 0 2 3 2 3 1 1 0 4 2 4 1 4 1 0 0 5 2 3 4 0 0 1 2 4 3 5 0 4 2 5 3 2 3 5 1 0 3 1 4 5 5 | 14 20  0 6 1 0 7 1 0 9 1 1 7 1 1 10 1 1 11 1 2 8 2 2 11 1 3 8 1 3 12 1 3 13 1 4 9 1 4 10 1 4 13 1 5 10 1 5 11 1 5 12 1 6 12 1 6 13 1 7 9 1
R 1111 42 63 6 802 3 4 5 1 2 3 0 1 4 2 4 5 0 2 4 5 0 1 1 2 3 0 2 3 5 4 3 1 0 4 2 4 1 1 0 2 0 1 4 0 2 3 0 1 2 4 0 5 2 3 5 0 1 3 3 5 1 3 2 4 4 5 5 | 14 20  0 6 1 0 7 1 0 9 1 1 7 1 1 10 1 1 11 1 2 8 1 2 11 1 2 13 1 3 8 2 3 12 1 4 9 1 4 10 1 4 13 1 5 10 1 5 12 1 5 13 1 6 11 1 6 12 1 7 9 1
R 1112 42 63 6 1505 3 4 5 1 2 3 1 0 5 3 4 5 0 2 4 0 2 4 1 2 3 0 2 3 5 4 2 1 0 4 2 4 3 1 0 2 3 0 1 3 4 0 0 1 2 4 0 5 3 4 2 0 1 2 3 5 1 1 3 5 4 5 5 | 14 20  0 6 1 0 7 1 0 9 1 1 7 1 1 10 1 1 11 1 2 8 1 2 12 1 2 13 1 3 8 2 3 12 1 4 9 1 4 10 1 4 13 1 5 10 1 5 11 1 5 12 1 6 11 1 6 13 1 7 9 1
R 1113 42 63 6 66 3 4 5 1 2 4 3 1 2 0 2 4 3 0 1 4 0 2 1 2 3 4 2 3 4 0 3 0 1 5 3 4 1 0 1 2 3 2 0 1 0 4 0 1 2 0 5 3 5 4 0 1 5 3 2 4 5 5 1 3 4 5 2 | 14 20  0 6 1 0 7 1 0 13 1 1 7 2 1 9 1 2 8 1 2 9 1 2 10 1 3 8 1 3 10 1 3 11 1 4 10 1 4 11 1 4 12 1 5 11 1 5 12 1 5 13 1 6 12 1 6 13 1 8 9 1
R 1114 42 63 6 107 1 2 3 0 4 2 5 2 4 1 2 3 3 0 1 2 0 1 3 4 5 0 2 1 4 3 5 3 4 1 0 1 2 0 1 4 3 2 0 5 0 3 0 4 5 3 5 1 1 0 3 0 4 5 5 2 4 3 5 4 1 2 2 | 14 20  0 6 1 0 7 2 1 7 1 1 9 1 1 13 1 2 8 1 2 9 1 2 10 1 3 8 1 3 10 1 3 11 1 4 10 1 4 11 1 4 12 1 5 11 1 5 12 1 5 13 1 6 12 1 6 13 1 8 9 1
R 1115 42 63 6 81 3 4 5 1 2 0 3 5 4 0 1 5 1 2 3 4 2 0 1 2 3 0 2 3 2 1 3 1 4 0 2 0 4 3 0 5 2 0 1 1 3 4 0 1 2 4 5 3 0 2 1 4 3 2 5 4 0 1 3 5 4 5 5 | 14 20  0 6 1 0 7 1 0 13 1 1 7 2 1 9 1 2 8 1 2 9 1 2 10 1 3 8 1 3 10 1 3 11 1 4 10 1 4 12 1 4 13 1 5 11 1 5 12 1 5 13 1 6 11 1 6 12 1 8 9 1
R 1116 42 63 6 94 3 1 2 0 2 3 2 1 4 0 4 3 4 0 1 2 5 3 0 2 1 3 4 5 3 4 1 1 2 0 1 4 3 2 4 0 2 0 4 0 3 1 4 5 0 1 4 5 0 3 5 2 5 1 2 3 5 0 1 4 3 2 5 | 14 20  0 6 2 0 7 1 1 7 1 1 9 1 1 10 1 2 8 1 2 9 1 2 13 1 3 8 1 3 11 1 3 12 1 4 10 1 4 11 1 4 12 1 5 10 1 5 11 1 5 13 1 6 12 1 7 13 1 8 9 1
R 1117 42 63 6 1040 3 1 2 0 2 3 2 1 4 0 4 3 5 1 3 5 0 2 0 2 1 3 4 5 3 4 1 1 2 0 0 1 3 2 0 4 2 1 4 5 0 3 4 5 0 1 4 5 0 3 5 2 1 5 2 0 4 4 3 1 3 2 5 | 14 20  0 6 2 0 7 1 1 7 1 1 9 1 1 10 1 2 8 1 2 9 1 2 11 1 3 8 1 3 11 1 3 12 1 4 10 1 4 12 1 4 13 1 5 10 1 5 12 1 5 13 1 6 11 1 7 13 1 8 9 1
R 1118 42 63 6 133 1 2 3 0 4 1 2 3 4 0 1 2 0 5 1 3 2 4 3 4 5 0 2 1 4 1 2 3 4 0 3 0 4 2 0 4 3 1 2 3 0 1 0 4 5 3 2 5 0 1 5 3 5 4 2 3 4 1 0 5 1 2 5 | 14 20  0 6 1 0 7 2 1 7 1 1 9 1 1 10 1 2 8 1 2 9 1 2 11 1 3 8 1 3 12 1 3 13 1 4 10 1 4 11 1 4 12 1 5 10 1 5 12 1 5 13 1 6 11 1 6 13 1 8 9 1
R 1119 42 63 6 369 3 1 2 0 2 3 2 1 4 0 4 1 5 4 0 3 5 2 0 2 1 3 4 5 3 4 1 1 2 0 0 4 2 2 0 4 5 4 1 3 0 1 4 5 0 1 4 5 0 3 5 2 3 5 3 1 2 1 0 4 3 2 5 | 14 20  0 6 2 0 7 1 1 7 1 1 9 1 1 10 1 2 8 1 2 9 1 2 11 1 3 8 1 3 12 1 3 13 1 4 10 1 4 11 1 4 12 1 5 10 1 5 12 1 5 13 1 6 11 1 7 13 1 8 9 1
R 1120 42 63 6 60 3 4 5 1 2 0 3 5 4 0 1 5 2 4 3 1 0 2 1 2 3 0 2 3 2 1 3 1 4 0 0 2 3 1 3 4 0 2 5 1 0 4 0 1 2 4 5 3 0 2 1 4 2 3 5 0 1 4 5 3 4 5 5 | 14 20  0 6 1 0 7 1 0 13 1 1 7 2 1 9 1 2 8 1 2 9 1 2 10 1 3 8 1 3 11 1 3 12 1 4 10 1 4 11 1 4 12 1 5 10 1 5 11 1 5 13 1 6 12 1 6 13 1 8 9 1
R 1121 42 63 6 166 1 2 3 0 4 2 3 5 4 2 1 4 3 1 0 2 0 1 3 4 5 0 2 1 0 2 5 1 3 0 2 1 4 1 3 4 3 0 2 5 0 3 0 4 5 3 5 1 1 2 0 3 0 5 5 2 4 3 5 4 1 2 4 | 14 20  0 6 1 0 7 2 1 7 1 1 9 1 1 13 1 2 8 1 2 9 1 2 10 1 3 8 1 3 11 1 3 12 1 4 10 1 4 11 1 4 12 1 5 10 1 5 11 1 5 13 1 6 12 1 6 13 1 8 9 1
R 1122 42 63 6 76 1 2 3 0 4 2 2 3 1 2 0 1 2 4 0 3 5 1 3 4 5 0 2 1 1 5 4 3 1 0 0 2 1 3 0 4 3 2 4 5 0 3 0 4 5 3 5 1 0 4 5 3 5 4 3 1 5 4 2 0 1 2 2 | 14 20  0 6 1 0 7 2 1 7 1 1 9 1 1 13 1 2 8 1 2 9 1 2 10 1 3 8 1 3 11 1 3 13 1 4 10 1 4 11 1 4 12 1 5 10 1 5 11 1 5 12 1 6 12 1 6 13 1 8 9 1
R 1123 42 63 6 103 3 4 5 1 2 0 3 5 4 0 5 1 1 5 2 0 3 2 1 2 3 0 2 3 2 1 3 1 4 0 2 0 5 2 0 1 3 4 5 3 0 1 0 1 2 4 5 3 0 2 1 4 3 2 3 0 4 4 1 5 4 5 5 | 14 20  0 6 1 0 7 1 0 13 1 1 7 2 1 9 1 2 8 1 2 9 1 2 10 1 3 8 1 3 10 1 3 12 1 4 11 1 4 12 1 4 13 1 5 11 1 5 12 1 5 13 1 6 10 1 6 11 1 8 9 1
R 1124 42 63 6 133 3 4 5 1 2 0 3 5 4 0 1 3 0 4 2 1 2 5 1 2 3 0 2 3 2 1 3 1 4 0 2 0 5 4 1 0 4 2 3 0 1 3 0 1 2 4 5 3 0 2 1 4 2 5 3 1 5 3 0 4 4 5 5 | 14 20  0 6 1 0 7 1 0 13 1 1 7 2 1 9 1 2 8 1 2 9 1 2 10 1 3 8 1 3 11 1 3 12 1 4 10 1 4 12 1 4 13 1 5 11 1 5 12 1 5 13 1 6 10 1 6 11 1 8 9 1
R 1125 42 63 6 118 3 4 5 1 2 0 3 5 4 0 1 2 0 1 5 4 2 3 1 2 3 0 2 3 2 1 3 1 4 0 2 0 5 3 4 0 3 1 2 0 1 4 0 1 2 4 5 3 0 2 1 4 5 3 3 2 4 1 0 5 4 5 5 | 14 20  0 6 1 0 7 1 0 13 1 1 7 2 1 9 1 2 8 1 2 9 1 2 10 1 3 8 1 3 12 1 3 13 1 4 10 1 4 11 1 4 12 1 5 11 1 5 12 1 5 13 1 6 10 1 6 11 1 8 9 1
R 1126 42 63 6 149 1 2 3 0 4 1 2 3 4 0 1 5 0 1 4 3 5 2 3 4 5 0 2 1 4 1 2 3 4 0 2 0 4 1 3 0 3 1 5 0 3 4 0 4 5 3 2 5 0 1 5 3 4 2 3 5 2 4 0 1 1 2 5 | 14 20  0 6 1 0 7 2 1 7 1 1 9 1 1 13 1 2 8 1 2 9 1 2 10 1 3 8 1 3 12 1 3 13 1 4 10 1 4 11 1 4 12 1 5 11 1 5 12 1 5 13 1 6 10 1 6 11 1 8 9 1
R 1127 42 63 6 359 3 4 5 1 2 0 0 3 4 3 1 2 5 2 1 0 3 4 1 2 3 0 2 3 2 4 5 1 2 0 1 4 0 1 0 2 3 4 1 3 0 5 0 1 2 4 5 3 1 5 2 0 4 5 3 0 4 5 2 1 4 5 3 | 14 20  0 6 1 0 7 1 0 13 1 1 7 2 1 10 1 2 8 1 2 9 1 2 10 1 3 8 1 3 9 1 3 10 1 4 11 1 4 12 1 4 13 1 5 11 1 5 12 1 5 13 1 6 11 1 6 12 1 8 9 1
R 1128 42 63 6 688 1 2 3 0 4 1 0 2 4 0 1 5 1 2 3 0 2 4 3 4 5 0 2 1 4 1 5 1 2 4 3 4 0 2 3 4 5 0 2 0 3 1 0 4 5 3 2 5 3 5 1 2 3 4 5 0 4 1 3 5 1 2 0 | 14 20  0 6 1 0 7 2 1 7 1 1 10 1 1 11 1 2 8 1 2 9 1 2 10 1 3 8 1 3 9 1 3 13 1 4 10 1 4 11 1 4 12 1 5 11 1 5 12 1 5 13 1 6 12 1 6 13 1 8 9 1
R 1129 42 63 6 117 1 2 3 0 4 2 0 2 4 1 3 0 1 5 2 3 0 1 3 4 5 0 2 1 4 3 5 3 1 2 1 0 2 3 1 4 0 4 2 5 0 3 0 4 5 3 5 1 1 5 3 2 4 5 4 0 3 2 5 4 1 2 0 | 14 20  0 6 1 0 7 2 1 7 1 1 11 1 1 13 1 2 8 1 2 9 1 2 10 1 3 8 1 3 9 1 3 10 1 4 10 1 4 11 1 4 12 1 5 11 1 5 12 1 5 13 1 6 12 1 6 13 1 8 9 1
R 1130 42 63 6 67 1 2 3 0 4 2 1 2 3 5 3 4 5 0 1 2 0 1 3 4 5 0 2 1 0 5 2 2 4 1 1 5 4 1 4 0 3 2 0 5 0 3 0 4 5 3 5 1 4 5 0 1 0 2 2 3 4 3 5 4 1 2 3 | 14 20  0 6 1 0 7 2 1 7 1 1 11 1 1 13 1 2 8 1 2 9 1 2 10 1 3 8 1 3 9 1 3 11 1 4 10 1 4 11 1 4 12 1 5 10 1 5 12 1 5 13 1 6 12 1 6 13 1 8 9 1
R 1131 42 63 6 333 1 2 3 0 4 2 2 3 5 2 0 1 2 1 3 0 4 1 3 4 5 0 2 1 1 5 4 3 1 0 0 2 3 1 3 4 0 4 2 5 0 3 0 4 5 3 5 1 0 4 1 3 5 4 4 0 5 5 2 3 1 2 2 | 14 20  0 6 1 0 7 2 1 7 1 1 11 1 1 13 1 2 8 1 2 9 1 2 10 1 3 8 1 3 9 1 3 13 1 4 10 1 4 11 1 4 12 1 5 10 1 5 11 1 5 12 1 6 12 1 6 13 1 8 9 1
R 1132 42 63 6 78 1 2 3 0 4 1 2 1 3 5 1 4 0 1 2 0 2 3 3 4 5 0 2 1 0 5 2 0 4 3 2 5 4 3 2 1 3 4 0 0 3 1 0 4 5 3 2 5 4 5 0 3 2 0 3 4 5 1 5 4 1 2 1 | 14 20  0 6 1 0 7 2 1 7 1 1 12 1 1 13 1 2 8 1 2 9 1 2 10 1 3 8 1 3 9 1 3 11 1 4 10 1 4 11 1 4 12 1 5 10 1 5 11 1 5 13 1 6 12 1 6 13 1 8 9 1
R 1133 42 63 6 60 1 2 3 0 4 1 2 5 3 1 5 0 2 4 3 0 4 1 3 4 5 0 2 1 4 1 3 3 4 0 0 3 1 2 4 5 2 0 4 3 1 0 0 4 5 3 2 5 0 4 1 2 3 4 1 0 5 2 3 5 1 2 5 | 14 20  0 6 1 0 7 2 1 7 1 1 9 1 1 10 1 2 8 1 2 10 1 2 11 1 3 8 1 3 11 1 3 13 1 4 9 1 4 11 1 4 12 1 5 10 1 5 12 1 5 13 1 6 12 1 6 13 1 8 9 1
R 1134 42 63 6 122 1 2 3 0 4 1 1 2 5 3 0 1 2 4 3 4 0 5 3 4 5 0 2 1 4 3 1 3 4 0 0 2 3 4 1 0 4 0 2 5 3 1 0 4 5 3 2 5 0 4 3 2 5 4 1 5 0 1 2 3 1 2 5 | 14 20  0 6 1 0 7 2 1 7 1 1 9 1 1 10 1 2 8 1 2 10 1 2 11 1 3 8 1 3 11 1 3 13 1 4 9 1 4 12 1 4 13 1 5 10 1 5 11 1 5 12 1 6 12 1 6 13 1 8 9 1
R 1135 42 63 6 323 3 1 2 0 2 3 5 1 2 0 3 5 2 4 0 3 4 1 0 2 1 3 4 5 2 3 1 1 2 0 4 0 1 3 4 5 2 4 0 3 0 1 4 5 0 1 4 5 0 3 4 4 2 1 3 1 5 2 0 5 3 2 5 | 14 20  0 6 2 0 7 1 1 7 1 1 9 1 1 10 1 2 8 1 2 10 1 2 13 1 3 8 1 3 11 1 3 12 1 4 9 1 4 11 1 4 13 1 5 10 1 5 11 1 5 12 1 6 12 1 7 13 1 8 9 1
R 1136 42 63 6 63 3 1 2 0 2 3 0 5 3 3 1 4 2 4 0 5 1 2 0 2 1 3 4 5 2 3 4 1 2 0 1 0 2 1 4 0 5 3 4 3 1 0 4 5 0 1 4 5 1 4 2 0 5 2 3 1 5 3 0 4 3 2 5 | 14 20  0 6 2 0 7 1 1 7 1 1 9 1 1 10 1 2 8 1 2 10 1 2 11 1 3 8 1 3 11 1 3 12 1 4 9 1 4 12 1 4 13 1 5 10 1 5 12 1 5 13 1 6 11 1 7 13 1 8 9 1
R 1137 42 63 6 233 3 1 2 0 2 3 5 3 4 1 0 3 2 4 0 1 5 2 0 2 1 3 4 5 2 1 3 1 2 0 0 4 2 1 0 4 5 0 3 4 1 3 4 5 0 1 4 5 0 1 2 4 2 5 3 5 1 3 4 0 3 2 5 | 14 20  0 6 2 0 7 1 1 7 1 1 9 1 1 10 1 2 8 1 2 10 1 2 11 1 3 8 1 3 12 1 3 13 1 4 9 1 4 11 1 4 12 1 5 10 1 5 12 1 5 13 1 6 11 1 7 13 1 8 9 1
R 1138 42 63 6 133 3 1 2 0 2 3 0 3 1 5 1 2 2 4 0 5 4 3 0 2 1 3 4 5 2 1 3 1 2 0 4 1 3 2 0 4 4 0 5 3 0 1 4 5 0 1 4 5 4 2 5 0 3 4 3 1 5 0 1 2 3 2 5 | 14 20  0 6 2 0 7 1 1 7 1 1 9 1 1 10 1 2 8 1 2 10 1 2 11 1 3 8 1 3 12 1 3 13 1 4 9 1 4 12 1 4 13 1 5 10 1 5 11 1 5 12 1 6 11 1 7 13 1 8 9 1
R 1139 42 63 6 139 1 2 3 0 4 1 3 1 4 0 5 2 2 4 5 0 3 1 3 4 5 0 2 1 4 2 3 3 4 0 0 2 1 5 1 3 3 0 4 4 1 0 0 4 5 3 2 5 0 2 5 1 4 3 1 3 0 4 2 5 1 2 5 | 14 20  0 6 1 0 7 2 1 7 1 1 9 1 1 10 1 2 8 1 2 11 1 2 12 1 3 8 1 3 11 1 3 13 1 4 9 1 4 10 1 4 11 1 5 10 1 5 12 1 5 13 1 6 12 1 6 13 1 8 9 1
R 1140 42 63 6 361 1 2 3 0 4 1 4 5 2 2 0 1 2 5 3 0 4 1 3 4 5 0 2 1 3 2 1 3 4 0 0 2 1 0 5 4 0 4 2 4 3 1 0 4 5 3 2 5 0 1 3 4 3 5 1 4 0 3 2 5 1 2 5 | 14 20  0 6 1 0 7 2 1 7 1 1 9 1 1 10 1 2 8 1 2 11 1 2 12 1 3 8 1 3 11 1 3 13 1 4 9 1 4 10 1 4 13 1 5 10 1 5 11 1 5 12 1 6 12 1 6 13 1 8 9 1
R 1141 42 63 6 93 3 1 2 0 2 3 0 4 5 1 2 3 2 4 1 5 0 3 0 2 1 3 4 5 3 1 4 1 2 0 4 1 3 2 4 0 2 0 5 0 1 3 4 5 0 1 4 5 2 3 1 0 5 4 3 0 5 2 1 4 3 2 5 | 14 20  0 6 2 0 7 1 1 7 1 1 9 1 1 10 1 2 8 1 2 11 1 2 12 1 3 8 1 3 11 1 3 13 1 4 9 1 4 10 1 4 13 1 5 10 1 5 11 1 5 12 1 6 12 1 7 13 1 8 9 1
R 1142 42 63 6 60 3 1 2 0 2 3 0 4 3 2 3 1 2 4 1 4 0 5 0 2 1 3 4 5 1 3 4 1 2 0 4 1 3 2 4 0 0 2 3 4 0 1 4 5 0 1 4 5 2 1 5 0 4 5 3 0 5 2 1 3 3 2 5 | 14 20  0 6 2 0 7 1 1 7 1 1 9 1 1 10 1 2 8 1 2 11 1 2 12 1 3 8 1 3 12 1 3 13 1 4 9 1 4 10 1 4 11 1 5 10 1 5 12 1 5 13 1 6 11 1 7 13 1 8 9 1
R 1143 42 63 6 203 1 2 3 0 4 1 2 5 0 1 3 2 2 4 5 0 3 1 3 4 5 0 2 1 0 1 2 3 4 0 0 2 1 3 2 4 3 4 5 1 3 0 0 4 5 3 2 5 3 1 4 4 0 5 1 3 0 4 5 2 1 2 5 | 14 20  0 6 1 0 7 2 1 7 1 1 9 1 1 10 1 2 8 1 2 12 1 2 13 1 3 8 1 3 12 1 3 13 1 4 9 1 4 10 1 4 11 1 5 10 1 5 11 1 5 12 1 6 11 1 6 13 1 8 9 1
R 1144 42 63 6 679 3 1 2 0 2 3 5 0 3 5 1 3 2 4 1 0 4 2 0 2 1 3 4 5 2 1 3 1 2 0 4 1 3 2 4 0 0 1 4 5 0 3 4 5 0 1 4 5 4 2 1 0 2 4 3 0 5 5 3 1 3 2 5 | 14 20  0 6 2 0 7 1 1 7 1 1 9 1 1 12 1 2 8 1 2 10 1 2 11 1 3 8 1 3 12 1 3 13 1 4 9 1 4 10 1 4 11 1 5 10 1 5 12 1 5 13 1 6 11 1 7 13 1 8 9 1
R 1145 42 63 6 387 3 4 5 1 2 0 1 2 4 5 0 1 3 4 0 5 2 4 1 2 3 0 2 3 4 3 1 1 4 0 2 0 4 1 0 2 2 4 0 3 1 5 0 1 2 4 5 3 0 5 3 2 3 4 2 1 5 3 1 0 4 5 5 | 14 20  0 6 1 0 7 1 0 13 1 1 7 2 1 9 1 2 8 1 2 10 1 2 11 1 3 8 1 3 12 1 3 13 1 4 9 1 4 10 1 4 11 1 5 10 1 5 12 1 5 13 1 6 11 1 6 12 1 8 9 1
R 1146 42 63 6 87 1 2 3 0 4 2 5 1 4 0 2 3 3 0 1 2 0 1 3 4 5 0 2 1 4 3 5 1 2 4 3 1 2 0 1 4 3 2 0 5 0 3 0 4 5 3 5 1 2 3 0 1 4 5 5 2 4 3 5 4 1 2 0 | 14 20  0 6 1 0 7 2 1 7 1 1 10 1 1 13 1 2 8 1 2 9 1 2 10 1 3 8 1 3 10 1 3 11 1 4 9 1 4 11 1 4 12 1 5 11 1 5 12 1 5 13 1 6 12 1 6 13 1 8 9 1
R 1147 42 63 6 585 3 4 5 1 2 0 0 3 4 1 4 2 3 2 1 4 0 5 1 2 3 0 2 3 2 4 5 1 2 0 1 4 0 1 0 5 2 4 1 0 3 4 0 1 2 4 5 3 1 5 2 0 5 3 4 0 5 2 3 1 4 5 3 | 14 20  0 6 1 0 7 1 0 13 1 1 7 2 1 10 1 2 8 1 2 9 1 2 10 1 3 8 1 3 10 1 3 11 1 4 9 1 4 12 1 4 13 1 5 11 1 5 12 1 5 13 1 6 11 1 6 12 1 8 9 1
R 1148 42 63 6 109 1 2 3 0 4 1 0 2 4 1 3 2 2 3 5 1 0 2 3 4 5 0 2 1 4 1 5 1 3 0 3 4 0 5 0 2 4 0 3 2 3 1 0 4 5 3 2 5 3 5 1 0 5 4 4 1 0 3 5 4 1 2 2 | 14 20  0 6 1 0 7 2 1 7 1 1 10 1 1 13 1 2 8 1 2 9 1 2 10 1 3 8 1 3 10 1 3 11 1 4 9 1 4 12 1 4 13 1 5 11 1 5 12 1 5 13 1 6 11 1 6 12 1 8 9 1
R 1149 42 63 6 502 1 2 3 0 4 2 4 2 5 3 1 2 0 1 5 3 0 1 3 4 5 0 2 1 0 1 2 2 0 3 1 3 4 3 1 4 0 2 4 5 0 3 0 4 5 3 5 1 3 1 0 4 5 0 4 2 3 2 5 4 1 2 5 | 14 20  0 6 1 0 7 2 1 7 1 1 11 1 1 13 1 2 8 1 2 9 1 2 10 1 3 8 1 3 10 1 3 11 1 4 9 1 4 10 1 4 12 1 5 11 1 5 12 1 5 13 1 6 12 1 6 13 1 8 9 1
R 1150 42 63 6 380 1 2 3 0 4 1 2 4 0 1 0 4 3 0 2 1 3 2 3 4 5 0 2 1 3 5 4 4 3 2 2 1 0 1 2 4 3 4 0 0 3 1 0 4 5 3 2 5 1 5 3 2 5 3 1 4 5 0 5 4 1 2 0 | 14 20  0 6 1 0 7 2 1 7 1 1 12 1 1 13 1 2 8 1 2 9 1 2 10 1 3 8 1 3 10 1 3 11 1 4 9 1 4 10 1 4 11 1 5 11 1 5 12 1 5 13 1 6 12 1 6 13 1 8 9 1
R 1151 42 63 6 71 1 2 3 0 4 1 0 2 4 0 3 2 0 5 1 1 2 3 3 4 5 0 2 1 1 5 2 3 1 4 3 4 0 3 2 4 5 2 0 0 1 3 0 4 5 3 2 5 3 5 1 4 1 5 2 3 4 5 0 4 1 2 0 | 14 20  0 6 1 0 7 2 1 7 1 1 10 1 1 11 1 2 8 1 2 9 1 2 10 1 3 8 1 3 11 1 3 13 1 4 9 1 4 12 1 4 13 1 5 10 1 5 11 1 5 12 1 6 12 1 6 13 1 8 9 1
R 1152 42 63 6 137 1 2 3 0 4 2 1 4 3 0 2 3 5 0 1 2 0 1 3 4 5 0 2 1 3 5 4 4 2 1 2 1 4 1 3 0 3 2 0 5 0 3 0 4 5 3 5 1 2 5 0 1 5 4 3 2 4 3 5 4 1 2 0 | 14 20  0 6 1 0 7 2 1 7 1 1 11 1 1 13 1 2 8 1 2 9 1 2 10 1 3 8 1 3 10 1 3 11 1 4 9 1 4 11 1 4 12 1 5 10 1 5 12 1 5 13 1 6 12 1 6 13 1 8 9 1
R 1153 42 63 6 138 1 2 3 0 4 2 1 4 3 0 2 3 2 0 1 5 0 1 3 4 5 0 2 1 3 2 4 4 5 1 1 2 4 1 3 0 3 0 2 5 0 3 0 4 5 3 5 1 5 2 0 1 5 4 3 5 4 3 2 4 1 2 0 | 14 20  0 6 1 0 7 2 1 7 1 1 11 1 1 13 1 2 8 1 2 9 1 2 10 1 3 8 1 3 10 1 3 11 1 4 9 1 4 12 1 4 13 1 5 10 1 5 11 1 5 12 1 6 12 1 6 13 1 8 9 1
R 1154 42 63 6 57 1 2 3 0 4 2 3 4 5 2 0 1 0 1 3 1 5 2 3 4 5 0 2 1 1 0 4 2 1 3 0 2 3 1 3 4 0 2 4 5 0 3 0 4 5 3 5 1 2 0 1 3 5 4 4 2 5 4 0 3 1 2 5 | 14 20  0 6 1 0 7 2 1 7 1 1 11 1 1 13 1 2 8 1 2 9 1 2 10 1 3 8 1 3 10 1 3 13 1 4 9 1 4 11 1 4 12 1 5 10 1 5 11 1 5 12 1 6 12 1 6 13 1 8 9 1
R 1155 42 63 6 95 1 2 3 0 4 1 0 2 5 3 1 4 0 2 3 0 1 2 3 4 5 0 2 1 5 1 4 3 2 5 0 4 2 2 3 1 3 4 0 0 3 1 0 4 5 3 2 5 3 4 1 2 5 0 1 5 4 3 4 5 1 2 0 | 14 20  0 6 1 0 7 2 1 7 1 1 12 1 1 13 1 2 8 1 2 9 1 2 10 1 3 8 1 3 10 1 3 11 1 4 9 1 4 11 1 4 13 1 5 10 1 5 11 1 5 12 1 6 12 1 6 13 1 8 9 1
R 1156 42 63 6 169 1 2 3 0 4 2 2 0 1 3 4 5 2 5 3 2 0 1 3 4 5 0 2 1 1 4 5 3 0 1 0 4 5 3 4 2 3 2 0 5 0 3 0 4 5 3 5 1 3 5 4 0 2 1 4 1 0 3 5 4 1 2 2 | 14 20  0 6 1 0 7 2 1 7 1 1 11 1 1 13 1 2 8 1 2 9 1 2 12 1 3 8 1 3 10 1 3 11 1 4 9 1 4 10 1 4 11 1 5 10 1 5 12 1 5 13 1 6 12 1 6 13 1 8 9 1
R 1157 42 63 6 140 1 2 3 0 4 2 3 1 4 0 2 5 2 0 1 4 1 5 3 4 5 0 2 1 4 2 1 1 0 4 4 2 3 1 3 0 2 0 4 5 0 3 0 4 5 3 5 1 0 2 5 3 1 4 3 5 4 0 2 3 1 2 5 | 14 20  0 6 1 0 7 2 1 7 1 1 11 1 1 13 1 2 8 1 2 9 1 2 12 1 3 8 1 3 10 1 3 11 1 4 9 1 4 10 1 4 13 1 5 10 1 5 11 1 5 12 1 6 12 1 6 13 1 8 9 1
R 1158 42 63 6 62 1 2 3 0 4 2 2 0 1 2 3 5 0 2 1 5 3 1 3 4 5 0 2 1 1 4 5 3 0 1 3 0 2 1 3 0 5 4 2 5 0 3 0 4 5 3 5 1 3 5 4 0 1 4 4 5 3 4 2 0 1 2 2 | 14 20  0 6 1 0 7 2 1 7 1 1 11 1 1 13 1 2 8 1 2 9 1 2 13 1 3 8 1 3 10 1 3 11 1 4 9 1 4 10 1 4 12 1 5 10 1 5 11 1 5 12 1 6 12 1 6 13 1 8 9 1
R 1159 42 63 6 142 1 2 3 0 4 1 0 2 3 0 4 2 1 5 3 0 1 2 3 4 5 0 2 1 3 4 2 2 1 3 4 5 2 0 5 1 3 4 0 0 3 1 0 4 5 3 2 5 1 5 4 5 1 3 4 0 2 3 4 5 1 2 0 | 14 20  0 6 1 0 7 2 1 7 1 1 12 1 1 13 1 2 8 1 2 9 1 2 13 1 3 8 1 3 10 1 3 11 1 4 9 1 4 10 1 4 11 1 5 10 1 5 11 1 5 12 1 6 12 1 6 13 1 8 9 1
R 1160 42 63 6 108 1 2 3 0 4 1 2 3 4 0 4 2 2 0 1 3 5 1 3 4 5 0 2 1 1 4 2 1 3 0 3 4 0 2 0 4 3 2 4 0 1 3 0 4 5 3 2 5 0 1 5 3 1 5 4 5 3 2 0 4 1 2 5 | 14 20  0 6 1 0 7 2 1 7 1 1 10 1 1 12 1 2 8 1 2 10 1 2 11 1 3 8 1 3 12 1 3 13 1 4 9 1 4 10 1 4 11 1 5 9 1 5 12 1 5 13 1 6 11 1 6 13 1 8 9 1
R 1161 42 63 6 244 3 1 2 0 2 3 2 1 4 1 0 3 4 0 3 5 1 2 0 2 1 3 4 5 3 4 2 3 5 0 1 2 0 2 0 4 0 1 4 5 1 3 4 5 0 1 4 5 0 3 5 5 2 4 2 5 1 4 3 0 3 2 1 | 14 20  0 6 2 0 7 1 1 7 1 1 10 1 1 12 1 2 8 1 2 10 1 2 11 1 3 8 1 3 12 1 3 13 1 4 9 1 4 10 1 4 11 1 5 9 1 5 12 1 5 13 1 6 11 1 7 13 1 8 9 1
R 1162 42 63 6 57 1 2 3 0 4 2 3 4 5 2 0 1 1 3 5 2 0 1 3 4 5 0 2 1 1 0 4 4 2 1 0 2 3 3 4 1 3 2 0 5 0 3 0 4 5 3 5 1 2 1 0 3 5 4 0 4 2 3 5 4 1 2 5 | 14 20  0 6 1 0 7 2 1 7 1 1 11 1 1 13 1 2 8 1 2 10 1 2 11 1 3 8 1 3 10 1 3 12 1 4 9 1 4 10 1 4 11 1 5 9 1 5 12 1 5 13 1 6 12 1 6 13 1 8 9 1
R 1163 42 63 6 71 1 2 3 0 4 2 5 0 4 2 1 5 2 0 1 3 4 1 3 4 5 0 2 1 4 2 3 1 4 0 1 0 3 1 4 2 2 4 0 5 0 3 0 4 5 3 5 1 1 2 3 0 4 3 3 5 4 2 0 5 1 2 5 | 14 20  0 6 1 0 7 2 1 7 1 1 11 1 1 13 1 2 8 1 2 10 1 2 11 1 3 8 1 3 10 1 3 12 1 4 9 1 4 10 1 4 13 1 5 9 1 5 11 1 5 12 1 6 12 1 6 13 1 8 9 1
R 1164 42 63 6 57 1 2 3 0 4 2 3 4 5 2 0 1 0 3 1 1 2 5 3 4 5 0 2 1 1 0 4 4 1 3 0 2 3 1 3 2 0 2 4 5 0 3 0 4 5 3 5 1 2 1 0 3 5 4 2 4 5 0 4 3 1 2 5 | 14 20  0 6 1 0 7 2 1 7 1 1 11 1 1 13 1 2 8 1 2 10 1 2 11 1 3 8 1 3 10 1 3 13 1 4 9 1 4 10 1 4 12 1 5 9 1 5 11 1 5 12 1 6 12 1 6 13 1 8 9 1
R 1165 42 63 6 437 1 2 3 0 4 1 4 0 2 0 1 2 1 3 4 0 2 3 3 4 5 0 2 1 2 1 4 4 2 3 3 0 5 1 4 2 3 4 0 0 3 1 0 4 5 3 2 5 5 1 3 3 4 5 5 2 0 1 5 4 1 2 0 | 14 20  0 6 1 0 7 2 1 7 1 1 12 1 1 13 1 2 8 1 2 10 1 2 11 1 3 8 1 3 10 1 3 12 1 4 9 1 4 10 1 4 11 1 5 9 1 5 11 1 5 13 1 6 12 1 6 13 1 8 9 1
R 1166 42 63 6 5437 3 4 5 1 0 4 2 5 0 3 5 1 0 1 2 3 4 5 1 2 3 4 0 3 2 1 0 1 0 2 5 3 4 5 4 0 1 2 3 0 1 3 0 1 2 2 5 3 3 1 4 4 0 2 3 5 4 1 2 0 4 5 5 | 14 17  0 6 1 0 7 1 0 13 1 1 7 2 1 8 1 2 9 1 2 10 1 2 12 1 3 9 1 3 10 2 4 11 1 4 12 1 4 13 1 5 11 2 5 12 1 6 8 2 9 13 1
R 1167 42 63 6 11623 3 4 5 0 2 4 0 1 2 4 3 2 5 3 1 1 0 4 1 2 3 4 0 3 5 2 0 2 3 1 1 3 4 4 0 3 0 1 5 0 4 1 0 1 2 5 1 3 4 5 3 0 5 1 0 2 4 2 5 3 4 5 2 | 14 17  0 6 1 0 7 1 0 12 1 1 7 1 1 8 2 2 9 1 2 10 1 2 13 1 3 9 2 3 11 1 4 10 2 4 12 1 5 11 2 5 12 1 6 8 1 6 13 1 7 13 1
R 1168 42 63 6 4886 3 4 5 0 2 4 2 5 4 1 3 4 0 1 2 0 1 2 1 2 3 4 0 3 5 2 0 4 3 0 1 5 2 2 1 4 1 0 3 0 4 1 0 1 2 5 1 3 1 0 3 2 5 0 4 5 3 3 5 4 4 5 2 | 14 17  0 6 1 0 7 1 0 12 1 1 7 1 1 8 2 2 9 1 2 10 2 3 9 2 3 11 1 4 10 1 4 12 1 4 13 1 5 11 2 5 12 1 6 8 1 6 13 1 7 13 1
R 1169 42 63 6 474 3 4 5 1 0 4 3 1 4 1 2 5 0 1 2 3 0 2 1 2 3 4 0 3 2 1 0 4 5 3 2 1 4 2 0 5 0 1 3 3 2 0 0 1 2 2 5 3 2 0 5 0 3 4 3 5 4 1 4 5 4 5 1 | 14 17  0 6 1 0 7 1 0 12 1 1 7 2 1 8 1 2 9 1 2 10 1 2 13 1 3 9 1 3 11 1 3 13 1 4 10 2 4 12 1 5 11 2 5 12 1 6 8 2 9 13 1
R 1170 42 63 6 2617 3 4 5 1 0 4 2 4 3 3 5 4 1 0 2 1 0 2 1 2 3 4 0 3 2 1 0 1 3 2 5 4 2 2 0 5 0 1 3 3 0 1 0 1 2 2 5 3 5 0 1 0 1 2 3 4 5 3 4 5 4 5 4 | 14 17  0 6 1 0 7 1 0 12 1 1 7 2 1 8 1 2 9 1 2 10 2 3 9 1 3 11 1 3 13 1 4 10 1 4 12 1 4 13 1 5 11 2 5 12 1 6 8 2 9 13 1
R 1171 42 63 6 15294 3 4 5 1 0 4 3 2 4 1 5 4 1 0 2 0 3 2 1 2 3 4 0 3 2 1 0 0 4 2 5 1 4 3 5 1 0 1 3 4 3 0 0 1 2 2 5 3 1 5 0 3 0 2 3 4 5 4 5 1 4 5 2 | 14 17  0 6 1 0 7 1 0 12 1 1 7 2 1 8 1 2 9 2 2 10 1 3 9 1 3 11 2 4 10 1 4 12 1 4 13 1 5 11 1 5 12 1 5 13 1 6 8 2 10 13 1
R 1172 42 63 6 25153 3 4 5 1 0 4 1 2 3 4 5 3 5 0 4 0 1 2 1 2 3 4 0 3 2 1 0 3 0 2 4 0 2 1 5 4 1 4 3 0 1 3 0 1 2 2 5 3 4 5 0 1 0 2 1 3 2 3 5 4 4 5 5 | 14 17  0 6 1 0 7 1 0 13 1 1 7 2 1 8 1 2 9 1 2 10 1 2 12 1 3 9 1 3 11 2 4 10 2 4 12 1 5 11 1 5 12 1 5 13 1 6 8 2 9 13 1
R 1173 42 63 6 7869 3 4 5 1 0 4 0 1 2 3 0 2 5 4 3 4 0 1 1 2 3 4 0 3 2 1 0 4 2 5 3 4 2 1 0 3 5 1 4 0 1 3 0 1 2 2 5 3 3 5 4 1 4 5 0 1 2 2 5 3 4 5 0 | 14 17  0 6 1 0 7 1 0 13 1 1 7 2 1 8 1 2 9 1 2 10 1 2 13 1 3 9 1 3 11 1 3 13 1 4 10 2 4 12 1 5 11 2 5 12 1 6 8 2 9 12 1
R 1174 42 63 6 138 3 4 5 1 0 4 4 5 3 0 1 2 1 0 2 5 3 4 1 2 3 4 0 3 2 1 0 2 0 4 1 5 4 4 3 2 0 3 1 0 1 3 0 1 2 2 5 3 1 0 2 3 5 4 3 4 5 0 1 2 4 5 5 | 14 17  0 6 1 0 7 1 0 13 1 1 7 2 1 8 1 2 9 1 2 10 2 3 9 1 3 11 1 3 13 1 4 10 1 4 12 1 4 13 1 5 11 2 5 12 1 6 8 2 9 12 1
R 1175 42 63 6 348 3 4 5 1 2 3 0 2 1 0 4 1 5 4 2 0 3 5 1 2 3 0 2 4 0 1 5 4 1 2 3 0 2 0 5 1 3 5 2 4 0 1 0 1 2 5 4 0 3 5 4 3 5 2 1 3 0 4 1 2 4 5 3 | 14 21  0 6 1 0 7 1 0 8 1 1 7 1 1 8 1 1 9 1 2 8 1 2 9 1 2 10 1 3 9 1 3 10 1 3 11 1 4 10 1 4 11 1 4 12 1 5 11 1 5 12 1 5 13 1 6 12 1 6 13 1 7 13 1
R 1176 42 63 6 73 3 4 5 1 2 5 0 3 1 2 4 1 0 3 2 4 0 5 1 2 3 0 2 3 0 1 4 3 1 4 0 2 1 3 0 2 3 1 0 5 2 4 0 1 2 4 3 0 5 2 4 3 5 0 5 4 1 1 2 3 4 5 5 | 14 21  0 6 1 0 7 1 0 8 1 1 7 1 1 8 1 1 9 1 2 8 1 2 9 1 2 10 1 3 10 1 3 11 1 3 13 1 4 10 1 4 12 1 4 13 1 5 11 1 5 12 1 5 13 1 6 11 1 6 12 1 7 9 1
R 1177 42 63 6 122 3 4 5 1 2 4 0 1 3 2 4 5 1 0 2 0 4 3 1 2 3 0 2 4 2 0 5 1 3 2 4 5 3 0 1 4 2 1 0 1 0 4 0 1 2 5 3 0 4 5 2 1 0 3 4 5 3 1 2 5 4 5 3 | 14 21  0 6 1 0 7 1 0 13 1 1 7 1 1 8 1 1 9 1 2 8 1 2 9 1 2 10 1 3 8 1 3 10 1 3 11 1 4 9 1 4 11 1 4 13 1 5 10 1 5 11 1 5 12 1 6 12 1 6 13 1 7 12 1
R 1178 42 63 6 148 3 4 5 1 2 0 2 5 3 3 0 4 1 4 5 1 0 2 1 2 3 0 2 4 3 2 1 1 3 0 2 0 3 2 4 3 1 5 0 1 0 4 0 1 2 3 4 5 0 4 1 5 1 2 2 0 3 4 5 3 4 5 5 | 14 21  0 6 1 0 7 1 0 13 1 1 7 1 1 8 1 1 9 1 2 8 1 2 9 1 2 11 1 3 8 1 3 10 1 3 12 1 4 9 1 4 11 1 4 12 1 5 10 1 5 11 1 5 13 1 6 12 1 6 13 1 7 10 1
R 1179 42 63 6 346 3 4 5 1 2 0 4 0 3 1 2 3 4 1 0 5 2 4 1 2 3 0 2 4 2 4 5 1 3 0 2 1 0 0 1 4 5 1 2 3 4 0 0 1 2 5 3 4 1 2 5 0 5 4 5 3 2 3 0 1 4 5 3 | 14 21  0 6 1 0 7 1 0 11 1 1 7 1 1 8 1 1 9 1 2 8 1 2 9 1 2 10 1 3 8 1 3 11 1 3 12 1 4 9 1 4 12 1 4 13 1 5 11 1 5 12 1 5 13 1 6 10 1 6 13 1 7 10 1
R 1180 42 63 6 121 3 4 5 1 2 3 0 1 2 3 4 0 0 4 5 1 2 5 1 2 3 0 2 3 4 2 5 1 0 2 1 0 3 3 0 1 2 4 0 3 1 4 0 1 2 4 0 5 3 5 4 1 5 2 3 2 1 4 3 0 4 5 5 | 14 21  0 6 1 0 7 1 0 10 1 1 7 1 1 8 1 1 9 1 2 8 1 2 10 1 2 11 1 3 8 1 3 12 1 3 13 1 4 9 1 4 11 1 4 12 1 5 10 1 5 12 1 5 13 1 6 9 1 6 11 1 7 13 1
R 1181 42 63 6 317 3 4 5 1 2 0 4 1 5 2 3 4 3 0 4 1 0 2 1 2 3 0 2 4 0 2 4 1 3 5 4 5 2 1 3 0 2 1 0 1 0 4 0 1 2 5 3 4 3 2 0 5 0 1 1 2 5 4 5 3 4 5 3 | 14 21  0 6 1 0 7 1 0 13 1 1 7 1 1 10 1 1 11 1 2 8 1 2 9 1 2 10 1 3 8 1 3 9 1 3 10 1 4 8 1 4 11 1 4 12 1 5 9 1 5 11 1 5 13 1 6 12 1 6 13 1 7 12 1
R 1182 42 63 6 823 3 4 5 0 1 2 3 4 0 1 4 0 3 4 2 1 2 5 1 2 3 2 0 5 1 0 4 0 4 1 2 0 1 2 4 3 1 2 4 5 3 0 0 1 2 4 3 5 2 1 5 3 5 2 5 0 1 0 3 4 5 4 3 | 14 21  0 6 1 0 7 1 0 8 1 1 7 1 1 8 1 1 9 1 2 9 1 2 11 1 2 12 1 3 10 1 3 11 1 3 13 1 4 10 1 4 12 1 4 13 1 5 11 1 5 12 1 5 13 1 6 8 1 6 10 1 7 9 1
R 1183 42 63 6 115 3 4 5 2 1 0 2 4 0 1 4 0 3 5 2 5 3 1 1 2 3 0 2 3 1 0 4 3 2 0 2 0 1 4 1 2 1 3 4 3 5 0 0 1 2 4 3 5 1 3 5 3 5 2 4 0 1 0 2 4 4 5 5 | 14 21  0 6 1 0 7 1 0 8 1 1 7 1 1 8 1 1 9 1 2 9 1 2 11 1 2 12 1 3 10 1 3 11 1 3 13 1 4 10 1 4 12 1 4 13 1 5 11 1 5 12 1 5 13 1 6 9 1 6 10 1 7 8 1
R 1184 42 63 6 144 3 4 5 2 1 0 2 4 0 0 3 1 4 1 5 2 4 5 1 2 3 0 2 3 1 0 4 1 0 2 4 3 5 2 1 0 3 1 4 4 2 0 0 1 2 4 3 5 3 1 5 5 2 4 0 2 3 3 0 1 4 5 5 | 14 21  0 6 1 0 7 1 0 8 1 1 7 1 1 8 1 1 13 1 2 9 1 2 10 1 2 11 1 3 9 1 3 10 1 3 11 1 4 10 1 4 12 1 4 13 1 5 11 1 5 12 1 5 13 1 6 9 1 6 12 1 7 8 1
R 1185 42 63 6 138 3 4 5 2 1 0 2 4 1 0 3 1 0 4 5 2 5 3 1 2 3 0 2 3 1 0 4 1 0 2 3 4 1 2 0 3 4 5 1 3 2 0 0 1 2 4 3 5 3 0 5 5 4 2 2 3 1 1 0 4 4 5 5 | 14 21  0 6 1 0 7 1 0 8 1 1 7 1 1 8 1 1 13 1 2 9 1 2 10 1 2 11 1 3 9 1 3 11 1 3 12 1 4 10 1 4 12 1 4 13 1 5 11 1 5 12 1 5 13 1 6 9 1 6 10 1 7 8 1
R 1186 42 63 6 134 3 4 5 1 2 0 0 2 5 5 3 4 3 1 2 5 0 4 1 2 3 0 2 3 1 0 4 2 5 4 3 4 2 5 1 0 3 2 0 3 0 1 0 1 2 4 3 5 3 1 4 1 0 2 0 4 5 1 3 2 4 5 5 | 14 21  0 6 1 0 7 1 0 8 1 1 7 1 1 9 1 1 10 1 2 8 1 2 12 1 2 13 1 3 9 1 3 10 1 3 11 1 4 9 1 4 11 1 4 12 1 5 10 1 5 11 1 5 13 1 6 12 1 6 13 1 7 8 1
R 1187 42 63 6 79 3 4 5 1 2 0 0 2 4 3 1 2 3 5 0 1 4 5 1 2 3 0 2 3 1 0 4 5 2 4 1 3 0 3 2 0 1 0 2 3 4 1 0 1 2 4 3 5 3 1 5 0 4 5 1 4 2 2 3 0 4 5 5 | 14 21  0 6 1 0 7 1 0 8 1 1 7 1 1 9 1 1 10 1 2 8 1 2 11 1 2 12 1 3 9 1 3 10 1 3 11 1 4 9 1 4 12 1 4 13 1 5 10 1 5 12 1 5 13 1 6 11 1 6 13 1 7 8 1
R 1188 42 63 6 188 3 4 5 1 2 3 0 2 4 2 5 1 0 3 5 4 1 0 1 2 3 0 2 3 1 0 4 1 0 2 5 2 3 3 1 4 1 0 2 3 0 4 0 1 2 4 0 5 3 5 1 3 4 0 4 1 2 5 3 2 4 5 5 | 14 21  0 6 1 0 7 1 0 8 1 1 7 1 1 10 1 1 12 1 2 8 1 2 11 1 2 13 1 3 9 1 3 10 1 3 11 1 4 9 1 4 10 1 4 11 1 5 9 1 5 12 1 5 13 1 6 12 1 6 13 1 7 8 1
R 1189 42 63 6 451 3 4 5 1 2 5 0 2 4 5 4 2 4 1 0 3 0 1 1 2 3 0 2 3 1 0 4 0 1 2 1 4 2 3 4 5 1 0 2 3 0 4 0 1 2 4 0 3 3 5 1 3 0 1 5 3 2 4 5 2 4 5 5 | 14 21  0 6 1 0 7 1 0 8 1 1 7 1 1 11 1 1 12 1 2 8 1 2 12 1 2 13 1 3 9 1 3 10 1 3 11 1 4 9 1 4 10 1 4 11 1 5 9 1 5 10 1 5 13 1 6 12 1 6 13 1 7 8 1
R 1190 42 63 6 696 3 4 5 5 1 4 0 3 2 1 0 2 5 3 4 1 0 2 1 2 3 2 3 4 3 0 1 2 0 5 4 3 1 2 0 3 1 0 4 0 2 1 0 1 2 0 2 3 1 4 5 3 4 5 0 2 1 4 5 3 5 4 5 | 14 17  0 6 1 0 9 1 0 12 1 1 7 1 1 8 1 1 13 1 2 7 1 2 8 2 3 9 2 3 10 1 4 10 2 4 11 1 5 11 2 5 12 1 6 12 1 6 13 1 7 13 1
R 1191 42 63 6 117 3 4 5 2 3 0 3 4 1 1 0 4 2 1 3 0 2 4 1 2 3 1 0 2 4 3 5 4 0 2 3 1 0 4 2 3 1 2 0 0 1 4 0 1 2 4 1 5 5 0 2 3 5 2 4 5 0 1 5 3 4 5 3 | 14 17  0 6 1 0 9 1 0 13 1 1 7 1 1 8 1 1 12 1 2 7 1 2 8 2 3 9 2 3 10 1 4 10 2 4 11 1 5 11 2 5 12 1 6 12 1 6 13 1 7 13 1
R 1192 42 63 6 163 1 2 3 1 4 2 3 4 0 0 4 2 5 3 4 2 0 1 3 4 5 2 0 1 4 3 5 0 2 1 4 3 2 1 0 4 3 0 2 0 5 3 0 4 5 3 0 5 5 1 2 3 5 1 0 1 2 3 5 4 1 2 4 | 14 17  0 6 1 0 9 2 1 7 1 1 8 1 1 12 1 2 7 1 2 8 2 3 9 1 3 10 1 3 13 1 4 10 2 4 11 1 5 11 2 5 12 1 6 12 1 6 13 1 7 13 1
R 1193 42 63 6 259 1 2 3 2 4 1 3 4 0 0 4 1 2 3 4 0 1 5 3 4 5 1 0 2 4 3 5 0 2 1 3 4 0 5 1 3 2 0 4 0 1 3 0 4 5 3 0 5 5 1 2 3 2 5 1 0 5 2 4 3 1 2 4 | 14 17  0 6 1 0 9 2 1 7 1 1 8 1 1 12 1 2 7 1 2 8 2 3 9 1 3 10 2 4 10 1 4 11 1 4 13 1 5 11 2 5 12 1 6 12 1 6 13 1 7 13 1
R 1194 42 63 6 124 1 2 3 3 0 1 4 5 2 0 4 1 2 3 0 1 4 2 3 4 5 1 2 0 5 4 3 0 2 1 3 4 0 1 3 2 3 2 0 0 5 1 0 4 5 5 2 4 3 0 1 3 2 5 1 4 5 0 5 3 1 2 4 | 14 17  0 6 1 0 9 2 1 7 1 1 8 1 1 12 1 2 7 1 2 8 2 3 9 1 3 10 2 4 10 1 4 11 2 5 11 1 5 12 1 5 13 1 6 12 1 6 13 1 7 13 1
R 1195 42 63 6 78 3 1 2 2 0 3 3 4 5 0 4 3 1 2 0 3 4 1 0 2 1 1 3 0 4 0 2 3 4 1 0 2 3 1 4 0 2 4 5 2 1 4 4 5 0 4 5 1 2 1 0 2 5 1 4 5 3 2 5 0 3 5 3 | 14 17  0 6 2 0 9 1 1 7 1 1 8 1 1 12 1 2 7 1 2 8 1 2 13 1 3 9 2 3 10 1 4 10 2 4 11 1 5 11 2 5 12 1 6 12 1 7 13 1 8 13 1
R 1196 42 63 6 109 3 1 2 2 3 0 3 4 1 0 2 3 4 1 2 0 3 4 0 2 1 1 0 2 4 3 5 3 4 5 2 1 0 4 3 2 1 4 0 4 0 1 4 5 0 4 1 5 5 0 2 1 4 5 3 5 0 1 5 2 3 3 2 | 14 17  0 6 2 0 9 1 1 7 1 1 8 1 1 12 1 2 7 1 2 8 2 3 9 1 3 10 1 3 13 1 4 10 2 4 11 1 5 11 2 5 12 1 6 12 1 7 13 1 9 13 1
R 1197 42 63 6 154 3 1 2 1 4 2 3 4 0 0 2 3 1 4 2 5 0 3 0 2 1 2 0 1 4 3 5 3 4 5 1 2 0 3 0 2 1 0 4 5 1 3 4 5 0 3 0 5 5 1 2 1 4 5 3 5 0 1 4 2 3 4 2 | 14 17  0 6 2 0 9 1 1 7 1 1 8 1 1 12 1 2 7 1 2 8 2 3 9 1 3 10 2 4 10 1 4 11 1 4 13 1 5 11 2 5 12 1 6 12 1 7 13 1 9 13 1
R 1198 42 63 6 643 1 2 3 5 1 2 0 4 3 0 4 1 2 4 5 3 0 1 3 4 5 3 4 2 4 0 1 0 2 1 5 4 3 1 0 4 3 0 2 0 3 1 0 4 5 0 3 4 1 2 5 3 2 5 0 1 3 2 5 4 1 2 5 | 14 17  0 6 1 0 9 2 1 7 1 1 8 1 1 13 1 2 7 1 2 8 2 3 9 1 3 10 1 3 12 1 4 10 2 4 11 1 5 11 2 5 12 1 6 12 1 6 13 1 7 13 1
R 1199 42 63 6 189 1 2 3 5 1 2 0 4 3 0 4 1 2 3 0 4 1 5 3 4 5 3 4 2 4 0 1 0 2 1 3 4 0 5 1 3 4 2 0 0 3 1 0 4 5 0 3 4 1 2 5 3 2 5 1 4 5 0 2 3 1 2 5 | 14 17  0 6 1 0 9 2 1 7 1 1 8 1 1 13 1 2 7 1 2 8 2 3 9 1 3 10 2 4 10 1 4 11 1 4 12 1 5 11 2 5 12 1 6 12 1 6 13 1 7 13 1
R 1200 42 63 6 227 3 1 2 5 1 2 0 4 3 0 2 3 1 4 2 0 3 5 0 2 1 3 4 2 4 0 1 3 4 5 1 2 0 5 3 2 1 0 4 3 0 1 4 5 0 0 3 4 1 2 5 1 4 5 3 0 5 1 4 2 3 5 2 | 14 17  0 6 2 0 9 1 1 7 1 1 8 1 1 13 1 2 7 1 2 8 2 3 9 1 3 10 2 4 10 1 4 11 1 4 12 1 5 11 2 5 12 1 6 12 1 7 13 1 9 13 1
R 1201 42 63 6 488 3 1 2 3 0 2 1 4 5 0 2 4 1 3 0 2 4 3 0 2 1 2 4 0 4 1 3 3 4 5 1 2 0 3 4 0 1 3 2 4 1 0 4 5 0 1 5 4 3 0 2 1 3 5 4 2 5 1 5 0 3 5 2 | 14 17  0 6 2 0 9 1 1 7 1 1 8 1 1 12 1 2 7 1 2 8 2 3 9 1 3 10 2 4 10 1 4 11 1 4 13 1 5 11 2 5 12 1 6 13 1 7 12 1 9 13 1
R 1202 42 63 6 482 3 1 2 0 1 3 2 4 5 0 4 3 1 4 3 0 4 2 0 2 1 3 4 0 4 2 1 3 4 1 0 2 3 2 4 1 0 2 3 0 1 5 4 5 0 2 5 4 1 0 3 2 5 1 5 0 2 3 5 1 3 5 4 | 14 17  0 6 2 0 9 1 1 7 1 1 8 1 1 12 1 2 7 1 2 8 2 3 9 2 3 10 1 4 10 1 4 11 1 4 13 1 5 11 2 5 12 1 6 13 1 7 12 1 10 13 1
R 1203 42 63 6 1520 1 2 3 1 4 2 3 4 5 0 4 1 3 4 0 2 0 1 3 4 5 5 2 1 4 3 0 0 2 1 1 0 4 3 1 4 3 0 2 3 5 0 0 4 5 3 5 0 0 1 2 3 2 5 2 5 1 3 5 4 1 2 4 | 14 18  0 6 1 0 9 2 1 7 1 1 8 1 1 11 1 2 7 1 2 8 2 3 9 1 3 11 1 3 12 1 4 10 1 4 11 1 4 13 1 5 10 2 5 12 1 6 12 1 6 13 1 7 13 1
R 1204 42 63 6 22571 3 1 2 1 4 0 4 5 2 0 2 3 2 4 3 1 0 3 0 2 1 0 2 1 5 4 3 3 4 5 3 0 2 2 1 4 1 0 5 0 1 3 4 5 0 5 2 3 3 0 1 1 5 4 1 0 5 4 5 2 3 4 2 | 14 18  0 6 2 0 9 1 1 7 1 1 8 1 1 11 1 2 7 1 2 8 2 3 9 1 3 11 1 3 12 1 4 10 1 4 11 1 4 13 1 5 10 2 5 12 1 6 12 1 7 13 1 9 13 1
R 1205 42 63 6 489 3 1 2 2 3 5 0 3 1 0 2 3 4 5 2 0 1 3 0 2 1 1 0 2 3 0 5 3 4 5 3 2 5 2 1 4 1 0 5 4 0 1 4 5 0 4 1 0 5 2 4 1 5 4 0 1 3 4 2 5 3 3 2 | 14 18  0 6 2 0 9 1 1 7 1 1 8 1 1 11 1 2 7 1 2 8 2 3 9 1 3 11 1 3 12 1 4 10 2 4 11 1 5 10 1 5 12 1 5 13 1 6 12 1 7 13 1 9 13 1
R 1206 42 63 6 1049 1 2 3 0 2 3 1 2 5 0 4 2 5 0 1 3 1 2 3 4 5 3 4 5 2 1 0 0 2 1 2 1 5 1 0 3 4 3 0 5 0 3 0 4 5 1 5 4 0 3 4 3 5 1 3 2 4 0 4 5 1 2 2 | 14 18  0 6 1 0 9 2 1 7 1 1 8 1 1 11 1 2 7 1 2 8 2 3 9 1 3 11 1 3 13 1 4 10 1 4 11 1 4 13 1 5 10 2 5 12 1 6 12 1 6 13 1 7 12 1
R 1207 42 63 6 4112 3 1 2 1 4 0 2 4 5 0 2 3 3 4 5 1 0 2 0 2 1 3 0 5 4 2 1 3 4 5 2 0 5 5 1 2 4 1 0 0 1 3 4 5 0 2 5 3 1 0 3 1 4 5 1 0 2 3 4 5 3 4 2 | 14 18  0 6 2 0 9 1 1 7 1 1 8 1 1 11 1 2 7 1 2 8 2 3 9 1 3 11 1 3 13 1 4 10 1 4 11 1 4 13 1 5 10 2 5 12 1 6 12 1 7 13 1 9 12 1
R 1208 42 63 6 2850 3 1 2 2 4 5 0 3 1 0 2 3 3 2 4 0 1 2 0 2 1 1 0 4 3 0 5 3 4 5 5 4 2 2 3 1 4 1 0 0 1 3 4 5 0 3 1 0 5 2 4 1 4 5 0 1 5 3 5 4 3 2 2 | 14 18  0 6 2 0 9 1 1 7 1 1 8 1 1 11 1 2 7 1 2 8 2 3 9 1 3 11 1 3 13 1 4 10 2 4 11 1 5 10 1 5 12 1 5 13 1 6 12 1 7 13 1 9 12 1
R 1209 42 63 6 5242 3 1 2 3 4 5 2 0 1 0 4 3 2 1 3 4 0 5 0 2 1 1 0 4 0 2 5 3 4 1 5 0 3 1 2 4 2 4 0 2 4 1 4 5 0 2 1 0 3 4 5 2 5 1 4 5 0 1 2 3 3 5 3 | 14 18  0 6 2 0 9 1 1 7 1 1 8 1 1 11 1 2 7 1 2 8 1 2 12 1 3 9 2 3 12 1 4 10 1 4 11 1 4 13 1 5 10 2 5 11 1 6 12 1 7 13 1 8 13 1
R 1210 42 63 6 155 1 2 3 2 4 0 3 4 1 0 4 1 0 1 2 3 4 5 3 4 5 1 0 2 4 3 5 0 2 1 5 4 0 1 2 3 3 4 0 0 3 1 0 4 5 3 1 5 5 0 2 3 2 5 3 4 5 1 2 0 1 2 4 | 14 18  0 6 1 0 9 2 1 7 1 1 8 1 1 11 1 2 7 1 2 8 2 3 9 1 3 12 1 3 13 1 4 10 1 4 11 1 4 12 1 5 10 2 5 11 1 6 12 1 6 13 1 7 13 1
R 1211 42 63 6 2109 3 1 2 2 4 0 3 4 5 0 4 3 2 0 1 3 4 1 0 2 1 1 0 5 4 3 2 3 4 1 1 4 0 3 2 0 2 0 4 2 3 1 4 5 0 3 5 1 2 0 1 2 5 1 3 4 5 2 5 0 3 4 5 | 14 18  0 6 2 0 9 1 1 7 1 1 8 1 1 11 1 2 7 1 2 8 2 3 9 2 3 12 1 4 10 1 4 11 1 4 12 1 5 10 1 5 11 1 5 13 1 6 12 1 7 13 1 10 13 1
R 1212 42 63 6 231 1 2 3 5 1 2 0 4 3 0 4 1 2 0 1 5 3 4 3 4 5 3 4 2 4 0 1 0 2 1 4 3 1 4 5 0 3 0 2 0 3 1 0 4 5 0 3 4 1 2 5 3 2 5 5 3 4 0 2 1 1 2 5 | 14 18  0 6 1 0 9 2 1 7 1 1 8 1 1 13 1 2 7 1 2 8 2 3 9 1 3 11 1 3 12 1 4 10 1 4 11 1 4 12 1 5 10 2 5 11 1 6 12 1 6 13 1 7 13 1
R 1213 42 63 6 488 3 1 2 0 1 3 2 4 5 0 4 3 1 3 2 1 4 0 0 2 1 3 4 0 4 2 1 3 4 1 0 4 2 0 2 3 1 4 5 2 0 3 4 5 0 2 5 4 1 0 3 2 5 1 5 4 0 3 5 2 3 5 1 | 14 18  0 6 2 0 9 1 1 7 1 1 8 1 1 13 1 2 7 1 2 8 2 3 9 2 3 11 1 4 10 1 4 11 1 4 12 1 5 10 1 5 11 1 5 12 1 6 12 1 7 13 1 10 13 1
R 1214 42 63 6 884 3 4 5 3 4 1 0 2 5 1 0 2 0 1 4 2 3 5 1 2 3 1 0 3 2 0 4 2 0 3 5 3 4 1 0 4 3 2 1 0 2 1 0 1 2 2 5 0 4 1 3 4 5 3 2 5 3 0 1 4 5 4 5 | 14 18  0 6 1 0 9 1 0 11 1 1 7 1 1 8 1 1 12 1 2 7 1 2 8 2 3 9 2 3 11 1 4 10 1 4 12 1 4 13 1 5 10 2 5 12 1 6 11 1 6 13 1 7 13 1
R 1215 42 63 6 154 3 4 5 1 2 4 3 5 0 1 0 2 1 0 4 2 3 4 1 2 3 0 3 1 5 3 2 2 0 3 4 3 5 1 0 4 2 0 1 1 0 2 0 1 2 5 0 3 2 1 4 4 5 3 2 3 5 0 1 5 5 4 4 | 14 18  0 6 1 0 9 1 0 11 1 1 7 1 1 8 1 1 13 1 2 7 1 2 8 2 3 9 2 3 11 1 4 10 1 4 12 1 4 13 1 5 10 2 5 12 1 6 11 1 6 12 1 7 13 1
R 1216 42 63 6 20816 3 4 5 0 3 4 1 3 5 1 2 0 1 0 3 4 2 5 1 2 3 2 4 5 3 1 0 0 2 3 5 2 3 1 0 5 0 1 4 4 1 0 0 1 2 1 5 2 0 2 4 4 5 3 4 5 2 0 1 3 4 5 3 | 14 18  0 6 1 0 9 1 0 12 1 1 7 1 1 8 1 1 11 1 2 7 1 2 8 2 3 9 2 3 11 1 4 10 1 4 12 1 4 13 1 5 10 2 5 12 1 6 11 1 6 13 1 7 13 1
R 1217 42 63 6 112 1 2 3 0 1 2 3 4 5 0 4 1 0 1 2 3 2 5 3 4 5 2 4 0 4 3 1 0 2 1 5 2 4 3 0 2 3 0 1 0 3 1 0 4 5 3 5 4 1 0 2 3 5 2 3 5 4 0 1 4 1 2 5 | 14 18  0 6 1 0 9 2 1 7 1 1 8 1 1 11 1 2 7 1 2 8 2 3 9 1 3 11 1 3 12 1 4 10 1 4 12 1 4 13 1 5 10 2 5 12 1 6 11 1 6 13 1 7 13 1
R 1218 42 63 6 249 1 2 3 1 3 4 0 2 5 0 4 1 1 0 2 3 2 5 3 4 5 4 2 1 2 0 3 0 2 1 5 2 4 3 4 0 0 3 1 1 0 3 0 4 5 0 5 2 3 1 4 3 2 5 3 5 4 0 1 4 1 2 5 | 14 18  0 6 1 0 9 2 1 7 1 1 8 1 1 13 1 2 7 1 2 8 2 3 9 1 3 11 1 3 12 1 4 10 1 4 11 1 4 13 1 5 10 2 5 12 1 6 11 1 6 12 1 7 13 1
R 1219 42 63 6 15620 3 4 5 1 3 4 0 2 5 1 2 0 1 0 2 3 4 5 1 2 3 4 2 1 2 0 3 0 2 3 5 4 1 1 0 4 3 0 2 3 0 1 0 1 2 0 5 2 3 1 4 4 5 3 3 5 4 0 2 1 4 5 5 | 14 18  0 6 1 0 9 1 0 13 1 1 7 1 1 8 1 1 11 1 2 7 1 2 8 2 3 9 2 3 11 1 4 10 1 4 12 1 4 13 1 5 10 2 5 12 1 6 12 1 6 13 1 7 11 1
R 1220 42 63 6 540 3 1 2 0 1 2 3 4 5 0 4 3 3 0 4 2 1 0 0 2 1 2 4 0 4 3 1 3 4 1 4 2 5 0 3 2 1 0 4 2 1 3 4 5 0 3 5 4 1 0 2 2 5 1 1 2 5 3 5 4 3 5 0 | 14 18  0 6 2 0 9 1 1 7 1 1 8 1 1 11 1 2 7 1 2 8 2 3 9 2 3 11 1 4 10 1 4 12 1 4 13 1 5 10 1 5 12 1 5 13 1 6 12 1 7 11 1 10 13 1
R 1221 42 63 6 90 3 4 5 3 0 4 1 2 5 1 0 4 5 2 1 4 0 2 1 2 3 4 2 0 2 1 3 4 0 5 0 1 2 3 1 4 3 2 0 1 0 4 0 1 2 1 5 2 3 0 4 2 3 5 3 4 0 5 1 3 4 5 5 | 14 18  0 6 1 0 9 1 0 13 1 1 7 1 1 8 1 1 11 1 2 7 1 2 8 2 3 9 2 3 12 1 4 10 2 4 11 1 5 10 1 5 12 1 5 13 1 6 12 1 6 13 1 7 11 1
R 1222 42 63 6 484 1 2 3 0 1 3 2 4 5 0 4 1 0 4 2 1 3 2 3 4 5 3 4 0 4 2 1 0 2 1 1 2 4 0 2 3 3 4 0 0 3 1 0 4 5 2 5 4 1 0 3 3 2 5 3 5 1 0 5 4 1 2 5 | 14 18  0 6 1 0 9 2 1 7 1 1 8 1 1 11 1 2 7 1 2 8 2 3 9 1 3 12 1 3 13 1 4 10 2 4 11 1 5 10 1 5 12 1 5 13 1 6 12 1 6 13 1 7 11 1
R 1223 42 63 6 476 3 1 2 5 0 3 2 1 4 0 4 3 3 4 1 0 2 1 0 2 1 3 2 4 0 4 3 3 4 1 0 1 4 2 1 3 2 0 4 0 2 5 4 5 0 1 2 4 0 5 3 2 5 1 2 5 0 3 5 4 3 5 1 | 14 18  0 6 2 0 9 1 1 7 1 1 8 1 1 11 1 2 7 1 2 8 1 2 13 1 3 9 2 3 12 1 4 10 2 4 11 1 5 10 1 5 12 1 5 13 1 6 12 1 7 11 1 8 13 1
R 1224 42 63 6 482 3 1 2 0 1 2 3 4 5 0 4 3 1 5 2 0 5 3 0 2 1 2 4 0 4 3 1 3 4 1 2 0 1 0 2 3 1 4 5 0 3 2 4 5 0 3 5 4 1 0 2 2 5 1 3 4 0 4 2 1 3 5 5 | 14 18  0 6 2 0 9 1 1 7 1 1 8 1 1 13 1 2 7 1 2 8 2 3 9 2 3 11 1 4 10 1 4 11 1 4 12 1 5 10 1 5 12 1 5 13 1 6 12 1 7 13 1 10 11 1
R 1225 42 63 6 86 3 1 2 2 0 1 3 5 4 0 4 3 0 2 4 5 1 3 0 2 1 1 4 0 5 3 2 3 4 1 4 5 0 1 2 4 2 4 0 0 1 2 4 5 0 3 4 5 2 0 1 2 5 1 1 5 3 2 0 4 3 5 3 | 14 18  0 6 2 0 9 1 1 7 1 1 8 1 1 12 1 2 7 1 2 8 2 3 9 2 3 12 1 4 10 1 4 11 1 4 13 1 5 10 1 5 11 1 5 13 1 6 12 1 7 13 1 10 11 1
R 1226 42 63 6 476 3 1 2 3 0 2 1 4 5 0 4 3 2 0 1 3 4 5 0 2 1 2 4 0 4 1 3 3 4 1 1 4 0 0 3 2 2 0 4 1 3 2 4 5 0 1 5 4 3 0 2 2 5 1 3 4 5 2 1 0 3 5 5 | 14 18  0 6 2 0 9 1 1 7 1 1 8 1 1 13 1 2 7 1 2 8 2 3 9 2 3 12 1 4 10 1 4 11 1 4 12 1 5 10 1 5 11 1 5 13 1 6 12 1 7 13 1 10 11 1
R 1227 42 63 6 254 1 2 3 5 1 2 0 4 3 0 4 1 4 2 3 2 1 0 3 4 5 3 4 2 4 0 1 0 2 1 3 4 0 2 3 1 4 0 2 0 3 1 0 4 5 0 3 4 1 2 5 3 2 5 1 0 5 5 4 3 1 2 5 | 14 19  0 6 1 0 9 2 1 7 1 1 8 1 1 13 1 2 7 1 2 8 2 3 9 1 3 10 1 3 11 1 4 10 1 4 11 1 4 12 1 5 10 1 5 11 1 5 12 1 6 12 1 6 13 1 7 13 1
R 1228 42 63 6 99 3 1 2 0 1 4 3 5 2 0 2 3 4 0 2 1 4 3 0 2 1 2 3 0 5 3 1 3 4 5 2 5 3 1 4 0 4 1 0 0 2 1 4 5 0 5 2 3 1 0 4 1 4 5 1 3 5 0 2 5 3 4 2 | 14 19  0 6 2 0 9 1 1 7 1 1 8 1 1 13 1 2 7 1 2 8 2 3 9 1 3 10 1 3 11 1 4 10 1 4 11 1 4 12 1 5 10 1 5 11 1 5 13 1 6 12 1 7 13 1 9 12 1
R 1229 42 63 6 131 3 1 2 2 0 1 3 5 4 1 2 4 3 5 0 0 4 3 0 2 1 1 4 0 5 3 2 0 3 1 5 3 2 3 4 1 2 4 0 1 0 2 4 5 0 3 4 5 2 0 1 5 0 3 2 1 4 2 5 1 3 5 4 | 14 17  0 6 2 0 11 1 1 7 1 1 8 1 1 12 1 2 7 1 2 8 2 3 9 1 3 10 1 3 13 1 4 9 1 4 10 2 5 11 2 5 12 1 6 12 1 7 13 1 9 13 1
R 1230 42 63 6 891 3 1 2 0 1 2 3 4 5 0 3 4 1 2 5 0 4 3 0 2 1 2 4 0 4 3 1 4 2 0 2 1 3 3 4 1 0 3 2 0 1 4 4 5 0 3 5 4 1 0 2 1 5 2 3 0 4 2 5 1 3 5 5 | 14 17  0 6 2 0 11 1 1 7 1 1 8 1 1 12 1 2 7 1 2 8 2 3 9 1 3 10 1 3 13 1 4 9 1 4 10 2 5 11 2 5 12 1 6 13 1 7 12 1 9 13 1
R 1231 42 63 6 651 3 1 2 2 0 3 1 4 5 3 0 2 0 5 1 5 0 4 0 2 1 3 4 0 4 1 2 1 5 2 4 0 1 3 4 5 2 0 5 2 1 3 4 5 0 1 5 4 2 0 3 4 5 1 3 2 4 2 3 1 3 5 0 | 14 18  0 6 2 0 11 1 1 7 1 1 8 1 1 13 1 2 7 1 2 8 2 3 9 1 3 10 1 3 11 1 4 9 1 4 11 1 4 12 1 5 10 2 5 12 1 6 12 1 7 13 1 9 13 1
R 1232 42 63 NOT6 A+B chi=-1 | 14 18  0 6 2 0 12 1 1 7 1 1 8 1 1 11 1 2 7 1 2 8 1 2 12 1 3 9 2 3 10 1 4 9 1 4 11 1 4 13 1 5 10 2 5 11 1 6 12 1 7 13 1 8 13 1
R 1233 42 63 6 726 3 4 5 2 3 0 3 4 1 0 1 2 4 3 2 5 1 4 1 2 3 1 0 2 4 3 5 2 3 1 4 1 3 4 2 0 0 2 5 0 1 4 0 1 2 4 1 5 5 0 2 4 5 3 0 5 1 0 2 3 4 5 3 | 14 18  0 6 1 0 12 1 0 13 1 1 7 1 1 8 1 1 11 1 2 7 1 2 8 2 3 9 1 3 10 1 3 12 1 4 9 2 4 11 1 5 10 2 5 11 1 6 12 1 6 13 1 7 13 1
R 1234 42 63 NOT6 A+B chi=-1 | 14 18  0 6 2 0 12 1 1 7 1 1 8 1 1 11 1 2 7 1 2 8 2 3 9 1 3 10 1 3 12 1 4 9 1 4 11 1 4 13 1 5 10 2 5 11 1 6 12 1 7 13 1 9 13 1
R 1235 42 63 NOT6 A+B chi=-1 | 14 18  0 6 2 0 12 1 1 7 1 1 8 1 1 11 1 2 7 1 2 8 2 3 9 1 3 10 1 3 13 1 4 9 1 4 11 1 4 13 1 5 10 2 5 11 1 6 12 1 7 13 1 9 12 1
R 1236 42 63 NOT6 A+B chi=-1 | 14 18  0 6 2 0 12 1 1 7 1 1 8 1 1 11 1 2 7 1 2 8 2 3 9 1 3 10 2 4 9 1 4 11 1 4 13 1 5 10 1 5 11 1 5 13 1 6 12 1 7 13 1 9 12 1
R 1237 42 63 NOT6 A+B chi=-1 | 14 18  0 6 2 0 12 1 1 7 1 1 8 1 1 13 1 2 7 1 2 8 2 3 9 1 3 10 1 3 11 1 4 9 1 4 11 1 4 12 1 5 10 2 5 11 1 6 12 1 7 13 1 9 13 1
R 1238 42 63 6 16423 3 4 5 0 1 4 3 5 2 4 1 2 0 3 2 5 0 1 1 2 3 2 3 0 5 3 1 2 3 1 1 0 4 0 2 5 0 3 5 0 2 1 0 1 2 5 2 3 1 0 4 0 5 3 4 5 1 2 3 4 4 5 4 | 14 18  0 6 1 0 11 1 0 12 1 1 7 1 1 8 1 1 13 1 2 7 1 2 8 2 3 9 1 3 10 1 3 11 1 4 9 2 4 12 1 5 10 2 5 12 1 6 11 1 6 13 1 7 13 1
R 1239 42 63 6 117 3 4 5 0 1 4 3 5 2 4 3 5 1 0 2 0 1 2 1 2 3 2 3 0 5 3 1 0 5 3 2 1 4 0 2 5 1 0 3 0 2 1 0 1 2 5 2 3 1 0 4 1 2 0 4 3 5 3 5 4 4 5 4 | 14 18  0 6 1 0 11 1 0 12 1 1 7 1 1 8 1 1 13 1 2 7 1 2 8 2 3 9 2 3 10 1 4 9 1 4 11 1 4 12 1 5 10 2 5 12 1 6 11 1 6 13 1 7 13 1
R 1240 42 63 6 113 3 4 5 0 2 4 3 5 1 3 4 1 0 1 2 2 0 5 1 2 3 1 3 0 5 3 2 2 1 3 5 0 3 0 2 5 1 0 4 0 1 2 0 1 2 5 1 3 2 0 4 0 2 5 4 5 3 1 4 3 4 5 4 | 14 18  0 6 1 0 11 1 0 12 1 1 7 1 1 8 1 1 13 1 2 7 1 2 8 2 3 9 1 3 10 1 3 13 1 4 9 2 4 11 1 5 10 2 5 12 1 6 11 1 6 12 1 7 13 1
R 1241 42 63 6 123 3 4 5 1 3 4 2 5 0 4 3 5 1 0 2 1 0 2 1 2 3 0 2 1 5 2 3 1 5 3 2 0 3 0 2 5 1 0 4 1 0 3 0 1 2 5 0 2 3 1 4 0 2 1 4 3 5 4 5 3 4 5 4 | 14 18  0 6 1 0 11 1 0 12 1 1 7 1 1 8 1 1 13 1 2 7 1 2 8 2 3 9 2 3 10 1 4 9 1 4 11 1 4 13 1 5 10 2 5 12 1 6 11 1 6 12 1 7 13 1
R 1242 42 63 NOT6 A+B chi=-1 | 14 18  0 6 2 0 12 1 1 7 1 1 8 1 1 11 1 2 7 1 2 8 1 2 13 1 3 9 1 3 10 2 4 9 2 4 11 1 5 10 1 5 12 1 5 13 1 6 12 1 7 11 1 8 13 1
R 1243 42 63 NOT6 A+B chi=-1 | 14 18  0 6 2 0 12 1 1 7 1 1 8 1 1 11 1 2 7 1 2 8 2 3 9 1 3 10 1 3 13 1 4 9 2 4 11 1 5 10 1 5 12 1 5 13 1 6 12 1 7 11 1 10 13 1
R 1244 42 63 6 803 3 1 2 2 0 3 1 4 5 3 0 2 1 2 4 4 0 5 0 2 1 3 4 0 4 1 2 4 1 0 5 0 1 3 4 5 2 0 4 1 2 3 4 5 0 1 5 4 2 0 3 5 4 1 3 5 0 2 3 1 3 5 2 | 14 18  0 6 2 0 11 1 1 7 1 1 8 1 1 13 1 2 7 1 2 8 2 3 9 1 3 10 1 3 11 1 4 9 1 4 12 1 4 13 1 5 10 2 5 12 1 6 12 1 7 13 1 9 11 1
R 1245 42 63 6 429 3 1 2 1 2 5 0 2 3 1 2 4 0 3 2 5 0 3 0 2 1 3 0 1 2 0 5 4 0 1 3 0 2 3 4 5 1 4 5 1 3 5 4 5 0 4 3 0 5 1 4 3 5 0 5 1 4 1 4 2 3 2 2 | 14 18  0 6 2 0 11 1 1 7 1 1 8 1 1 12 1 2 7 1 2 8 2 3 9 1 3 10 1 3 13 1 4 9 1 4 11 1 4 13 1 5 10 2 5 12 1 6 12 1 7 13 1 9 11 1
R 1246 42 63 6 409 3 1 2 4 3 5 2 3 0 1 2 0 0 3 2 3 4 1 0 2 1 1 0 4 3 2 5 4 0 1 3 2 1 3 4 5 0 4 5 0 1 2 4 5 0 2 0 1 5 1 4 3 4 5 5 1 4 0 2 5 3 3 2 | 14 18  0 6 2 0 11 1 1 7 1 1 8 1 1 12 1 2 7 1 2 8 2 3 9 1 3 10 2 4 9 1 4 11 1 4 13 1 5 10 1 5 12 1 5 13 1 6 12 1 7 13 1 9 11 1
R 1247 42 63 6 118 3 1 2 5 1 4 0 3 2 1 2 0 0 3 2 4 3 5 0 2 1 2 3 4 3 0 1 4 0 1 5 3 2 3 4 5 1 4 0 0 2 1 4 5 0 0 2 3 1 4 5 3 4 5 5 1 4 0 1 2 3 5 2 | 14 18  0 6 2 0 11 1 1 7 1 1 8 1 1 13 1 2 7 1 2 8 2 3 9 1 3 10 1 3 12 1 4 9 1 4 11 1 4 13 1 5 10 2 5 12 1 6 12 1 7 13 1 9 11 1
R 1248 42 63 6 420 3 1 2 1 3 4 0 2 5 1 2 0 0 3 2 5 3 4 0 2 1 4 2 1 2 0 3 4 0 1 4 3 2 3 4 5 1 0 5 1 0 3 4 5 0 0 5 2 3 1 4 3 5 4 5 1 4 0 1 2 3 5 2 | 14 18  0 6 2 0 11 1 1 7 1 1 8 1 1 13 1 2 7 1 2 8 2 3 9 1 3 10 1 3 13 1 4 9 1 4 11 1 4 12 1 5 10 2 5 12 1 6 12 1 7 13 1 9 11 1
R 1249 42 63 NOT6 A+B chi=-1 | 14 18  0 6 2 0 12 1 1 7 1 1 8 1 1 13 1 2 7 1 2 8 2 3 9 1 3 10 1 3 11 1 4 9 1 4 12 1 4 13 1 5 10 2 5 11 1 6 12 1 7 13 1 9 11 1
R 1250 42 63 NOT6 A+B chi=-1 | 14 18  0 6 2 0 12 1 1 7 1 1 8 1 1 12 1 2 7 1 2 8 2 3 9 1 3 10 1 3 13 1 4 9 1 4 11 1 4 13 1 5 10 2 5 11 1 6 12 1 7 13 1 9 11 1
R 1251 42 63 NOT6 A+B chi=-1 | 14 18  0 6 2 0 12 1 1 7 1 1 8 1 1 13 1 2 7 1 2 8 2 3 9 1 3 10 1 3 12 1 4 9 1 4 11 1 4 13 1 5 10 2 5 11 1 6 12 1 7 13 1 9 11 1
R 1252 42 63 NOT6 A+B chi=-1 | 14 18  0 6 2 0 12 1 1 7 1 1 8 1 1 13 1 2 7 1 2 8 2 3 9 1 3 10 1 3 13 1 4 9 1 4 11 1 4 12 1 5 10 2 5 11 1 6 12 1 7 13 1 9 11 1
R 1253 42 63 6 207 3 4 5 0 1 4 3 5 2 1 5 2 0 2 4 0 1 3 1 2 3 2 3 0 5 3 1 4 2 3 0 2 3 1 0 5 1 0 5 0 2 1 0 1 2 5 2 3 1 0 4 0 4 3 1 5 3 5 2 4 4 5 4 | 14 19  0 6 1 0 10 1 0 12 1 1 7 1 1 8 1 1 13 1 2 7 1 2 8 2 3 9 1 3 10 1 3 11 1 4 9 2 4 12 1 5 10 1 5 11 1 5 12 1 6 11 1 6 13 1 7 13 1
R 1254 42 63 6 475 3 4 5 3 0 2 1 4 5 3 4 0 1 0 2 2 5 4 1 2 3 2 4 0 4 1 3 2 0 3 2 0 4 3 5 0 1 0 4 1 3 2 0 1 2 1 5 4 3 0 2 1 5 2 4 5 3 3 1 0 4 5 5 | 14 19  0 6 1 0 10 1 0 12 1 1 7 1 1 8 1 1 13 1 2 7 1 2 8 2 3 9 1 3 10 1 3 11 1 4 9 2 4 12 1 5 10 1 5 11 1 5 13 1 6 11 1 6 12 1 7 13 1
R 1255 42 63 6 481 3 1 2 0 1 2 3 4 5 3 0 2 5 0 1 0 5 4 0 2 1 2 4 0 4 3 1 1 5 2 0 1 2 3 4 5 5 1 4 0 3 2 4 5 0 3 5 4 1 0 2 4 5 1 3 4 2 3 2 1 3 5 0 | 14 19  0 6 2 0 11 1 1 7 1 1 8 1 1 13 1 2 7 1 2 8 2 3 9 1 3 10 1 3 11 1 4 9 1 4 10 1 4 11 1 5 10 1 5 12 1 5 13 1 6 12 1 7 13 1 9 12 1
R 1256 42 63 6 483 3 1 2 3 0 2 1 4 5 3 0 2 5 0 3 0 4 1 0 2 1 2 4 0 4 1 3 1 5 3 0 1 2 3 4 5 2 4 0 3 1 2 4 5 0 1 5 4 3 0 2 4 5 1 2 4 1 3 2 5 3 5 0 | 14 19  0 6 2 0 11 1 1 7 1 1 8 1 1 13 1 2 7 1 2 8 2 3 9 1 3 10 1 3 11 1 4 9 1 4 10 1 4 12 1 5 10 1 5 11 1 5 12 1 6 12 1 7 13 1 9 13 1
R 1257 42 63 NOT6 A+B chi=-1 | 14 19  0 6 2 0 12 1 1 7 1 1 8 1 1 12 1 2 7 1 2 8 2 3 9 1 3 10 1 3 11 1 4 9 1 4 10 1 4 11 1 5 10 1 5 11 1 5 13 1 6 12 1 7 13 1 9 13 1
R 1258 42 63 NOT6 A+B chi=-1 | 14 19  0 6 2 0 12 1 1 7 1 1 8 1 1 13 1 2 7 1 2 8 2 3 9 1 3 10 1 3 11 1 4 9 1 4 10 1 4 11 1 5 10 1 5 11 1 5 12 1 6 12 1 7 13 1 9 13 1
R 1259 42 63 6 1789 3 4 5 0 1 4 3 5 2 2 1 0 3 0 5 1 2 4 1 2 3 2 3 0 5 3 1 5 0 4 0 2 5 1 0 3 2 3 1 0 2 1 0 1 2 5 2 3 1 0 4 3 4 5 1 2 4 3 5 0 4 5 4 | 14 19  0 6 1 0 10 1 0 11 1 1 7 1 1 8 1 1 13 1 2 7 1 2 8 2 3 9 1 3 11 1 3 12 1 4 9 2 4 12 1 5 10 1 5 11 1 5 12 1 6 10 1 6 13 1 7 13 1
R 1260 42 63 6 582 3 4 5 2 0 3 1 4 5 0 5 2 3 1 4 1 2 4 1 2 3 3 4 0 4 1 2 4 1 2 0 2 5 1 0 3 3 4 0 1 2 3 0 1 2 1 5 4 2 0 3 3 4 1 0 5 2 3 5 0 4 5 5 | 14 19  0 6 1 0 10 1 0 11 1 1 7 1 1 8 1 1 13 1 2 7 1 2 8 2 3 9 1 3 11 1 3 12 1 4 9 2 4 12 1 5 10 1 5 11 1 5 13 1 6 10 1 6 12 1 7 13 1
R 1261 42 63 6 1520 3 4 5 0 1 3 2 4 5 0 2 5 3 1 5 1 2 4 1 2 3 3 4 0 4 2 1 5 1 2 0 2 5 1 0 3 3 4 1 0 2 3 0 1 2 2 5 4 1 0 3 3 4 1 0 4 2 3 5 0 4 5 5 | 14 19  0 6 1 0 10 1 0 11 1 1 7 1 1 8 1 1 13 1 2 7 1 2 8 2 3 9 1 3 11 1 3 13 1 4 9 2 4 12 1 5 10 1 5 11 1 5 12 1 6 10 1 6 12 1 7 13 1
R 1262 42 63 6 132 3 4 5 0 1 4 3 5 2 0 1 2 4 3 5 1 2 4 1 2 3 2 3 0 5 3 1 5 3 1 0 2 5 1 0 4 4 3 2 0 2 1 0 1 2 5 2 3 1 0 4 4 3 5 0 2 1 3 0 5 4 5 4 | 14 19  0 6 1 0 10 1 0 11 1 1 7 1 1 8 1 1 13 1 2 7 1 2 8 2 3 9 1 3 11 1 3 12 1 4 9 2 4 12 1 5 10 1 5 12 1 5 13 1 6 10 1 6 11 1 7 13 1
R 1263 42 63 6 488 3 4 5 2 4 5 3 4 1 0 3 4 2 5 1 2 1 0 1 2 3 0 1 2 4 3 5 1 5 4 0 2 5 3 0 1 1 2 3 2 0 3 0 1 2 3 1 0 5 0 2 2 5 1 0 3 4 3 4 5 4 5 4 | 14 19  0 6 1 0 10 1 0 11 1 1 7 1 1 8 1 1 12 1 2 7 1 2 8 2 3 9 1 3 12 1 3 13 1 4 9 2 4 12 1 5 10 1 5 11 1 5 13 1 6 10 1 6 11 1 7 13 1
R 1264 42 63 6 186 3 4 5 1 2 4 3 5 0 3 0 4 2 1 5 2 1 0 1 2 3 0 3 1 5 3 2 5 1 4 0 2 5 3 0 1 0 2 3 1 0 2 0 1 2 5 0 3 2 1 4 2 1 5 0 3 4 3 4 5 4 5 4 | 14 19  0 6 1 0 10 1 0 11 1 1 7 1 1 8 1 1 13 1 2 7 1 2 8 2 3 9 1 3 12 1 3 13 1 4 9 2 4 12 1 5 10 1 5 11 1 5 12 1 6 10 1 6 11 1 7 13 1
R 1265 42 63 6 481 3 1 2 0 1 2 3 4 5 0 3 2 1 2 4 0 4 5 0 2 1 2 4 0 4 3 1 4 1 0 3 4 5 0 1 2 1 5 4 0 3 2 4 5 0 3 5 4 1 0 2 5 1 4 3 5 0 3 2 1 3 5 2 | 14 19  0 6 2 0 10 1 1 7 1 1 8 1 1 13 1 2 7 1 2 8 2 3 9 1 3 10 1 3 11 1 4 9 1 4 11 1 4 12 1 5 11 1 5 12 1 5 13 1 6 12 1 7 13 1 9 10 1
R 1266 42 63 6 75 3 1 2 5 2 4 0 3 1 3 0 2 5 3 4 0 1 3 0 2 1 1 3 4 3 0 2 2 5 1 0 4 2 3 4 5 1 0 4 0 1 2 4 5 0 0 1 3 2 4 5 4 5 1 0 1 2 2 5 4 3 5 3 | 14 19  0 6 2 0 11 1 1 7 1 1 8 1 1 13 1 2 7 1 2 8 2 3 9 1 3 10 1 3 11 1 4 9 1 4 10 1 4 12 1 5 11 1 5 12 1 5 13 1 6 12 1 7 13 1 9 10 1
R 1267 42 63 NOT6 A+B chi=-1 | 14 19  0 6 2 0 12 1 1 7 1 1 8 1 1 13 1 2 7 1 2 8 2 3 9 1 3 10 1 3 11 1 4 9 1 4 10 1 4 11 1 5 11 1 5 12 1 5 13 1 6 12 1 7 13 1 9 10 1
R 1268 42 63 6 481 3 1 2 0 1 3 2 4 5 1 3 4 0 2 5 0 2 3 0 2 1 3 4 0 4 2 1 4 0 1 3 4 5 3 2 1 1 0 5 0 2 3 4 5 0 2 5 4 1 0 3 5 0 2 3 4 1 1 5 4 3 5 2 | 14 19  0 6 2 0 10 1 1 7 1 1 8 1 1 13 1 2 7 1 2 8 2 3 9 1 3 11 1 3 12 1 4 9 1 4 11 1 4 13 1 5 10 1 5 11 1 5 12 1 6 12 1 7 13 1 9 10 1
R 1269 42 63 6 105 3 1 2 0 1 4 3 5 2 3 0 2 0 4 1 0 4 3 0 2 1 2 3 0 5 3 1 1 2 5 1 4 3 3 4 5 2 0 4 0 2 1 4 5 0 5 2 3 1 0 4 4 5 1 3 2 5 2 1 5 3 4 0 | 14 19  0 6 2 0 11 1 1 7 1 1 8 1 1 13 1 2 7 1 2 8 2 3 9 1 3 10 1 3 11 1 4 9 1 4 11 1 4 12 1 5 10 1 5 12 1 5 13 1 6 12 1 7 13 1 9 10 1
R 1270 42 63 6 512 3 1 2 0 1 3 2 4 5 0 2 4 0 3 4 1 0 3 0 2 1 3 4 0 4 2 1 1 4 2 2 1 3 3 4 5 1 0 4 0 2 3 4 5 0 2 5 4 1 0 3 3 5 1 5 1 2 4 2 5 3 5 0 | 14 19  0 6 2 0 11 1 1 7 1 1 8 1 1 13 1 2 7 1 2 8 2 3 9 1 3 10 1 3 13 1 4 9 1 4 11 1 4 12 1 5 10 1 5 11 1 5 12 1 6 12 1 7 13 1 9 10 1
R 1271 42 63 NOT6 A+B chi=-1 | 14 19  0 6 2 0 12 1 1 7 1 1 8 1 1 12 1 2 7 1 2 8 2 3 9 1 3 10 1 3 11 1 4 9 1 4 11 1 4 13 1 5 10 1 5 11 1 5 13 1 6 12 1 7 13 1 9 10 1
R 1272 42 63 NOT6 A+B chi=-1 | 14 19  0 6 2 0 12 1 1 7 1 1 8 1 1 13 1 2 7 1 2 8 2 3 9 1 3 10 1 3 11 1 4 9 1 4 11 1 4 12 1 5 10 1 5 11 1 5 13 1 6 12 1 7 13 1 9 10 1
R 1273 42 63 6 481 3 4 5 0 1 2 3 4 5 1 2 3 0 1 2 0 4 5 1 2 3 2 4 0 4 3 1 0 2 3 0 1 4 1 5 2 3 0 1 0 3 2 0 1 2 3 5 4 1 0 2 4 5 0 5 3 4 3 2 1 4 5 5 | 14 20  0 6 1 0 9 1 0 10 1 1 7 1 1 8 1 1 13 1 2 7 1 2 8 2 3 9 1 3 10 1 3 11 1 4 9 1 4 10 1 4 12 1 5 11 1 5 12 1 5 13 1 6 11 1 6 12 1 7 13 1
R 1274 42 63 6 122 3 4 5 0 1 4 3 5 2 1 2 3 0 1 4 0 2 5 1 2 3 2 3 0 5 3 1 0 2 3 0 1 4 5 1 2 3 5 0 0 2 1 0 1 2 5 2 3 1 0 4 4 5 0 5 3 2 3 4 1 4 5 4 | 14 20  0 6 1 0 9 1 0 10 1 1 7 1 1 8 1 1 13 1 2 7 1 2 8 2 3 9 1 3 10 1 3 11 1 4 9 1 4 11 1 4 12 1 5 10 1 5 11 1 5 12 1 6 12 1 6 13 1 7 13 1
R 1275 42 63 6 481 3 4 5 0 1 3 2 4 5 1 2 3 0 1 4 0 2 5 1 2 3 3 4 0 4 2 1 0 2 3 0 1 4 1 5 2 3 0 1 0 2 3 0 1 2 2 5 4 1 0 3 4 5 0 5 3 2 3 4 1 4 5 5 | 14 20  0 6 1 0 9 1 0 10 1 1 7 1 1 8 1 1 13 1 2 7 1 2 8 2 3 9 1 3 10 1 3 11 1 4 9 1 4 11 1 4 12 1 5 10 1 5 12 1 5 13 1 6 11 1 6 12 1 7 13 1
R 1276 42 63 6 82 3 4 5 5 1 4 0 3 2 3 4 0 4 1 2 1 0 2 1 2 3 2 3 4 3 0 1 0 2 3 1 4 0 2 4 3 1 0 4 0 2 1 0 1 2 0 2 3 1 4 5 1 2 5 5 3 0 4 5 3 5 4 5 | 14 20  0 6 1 0 11 1 0 12 1 1 7 1 1 8 1 1 13 1 2 7 1 2 8 2 3 9 1 3 10 1 3 11 1 4 9 1 4 10 1 4 11 1 5 9 1 5 10 1 5 12 1 6 12 1 6 13 1 7 13 1
R 1277 42 63 6 102 3 4 5 1 2 4 3 5 0 1 2 4 0 2 5 1 3 0 1 2 3 0 3 1 5 3 2 0 2 5 0 1 3 2 1 0 3 5 4 1 0 2 0 1 2 5 0 3 2 1 4 3 5 0 4 3 1 4 2 5 4 5 4 | 14 20  0 6 1 0 9 1 0 10 1 1 7 1 1 8 1 1 13 1 2 7 1 2 8 2 3 9 1 3 10 1 3 12 1 4 10 1 4 11 1 4 12 1 5 11 1 5 12 1 5 13 1 6 9 1 6 11 1 7 13 1
R 1278 42 63 6 95 3 4 5 1 3 4 2 5 0 1 2 0 1 2 5 0 4 3 1 2 3 0 2 1 5 2 3 0 2 5 0 1 3 2 0 4 3 5 1 1 0 3 0 1 2 5 0 2 3 1 4 3 4 5 4 3 0 5 1 2 4 5 4 | 14 20  0 6 1 0 9 1 0 10 1 1 7 1 1 8 1 1 13 1 2 7 1 2 8 2 3 9 1 3 12 1 3 13 1 4 10 1 4 11 1 4 12 1 5 10 1 5 11 1 5 12 1 6 9 1 6 11 1 7 13 1
R 1279 42 63 6 164 3 4 5 5 1 3 0 4 2 1 2 0 0 2 5 1 4 5 1 2 3 2 4 3 4 0 1 0 2 5 1 0 4 2 5 3 1 3 0 0 2 1 0 1 2 0 2 4 1 3 5 3 4 5 3 1 4 0 2 3 4 5 5 | 14 20  0 6 1 0 9 1 0 10 1 1 7 1 1 8 1 1 13 1 2 7 1 2 8 2 3 9 1 3 11 1 3 12 1 4 10 1 4 11 1 4 12 1 5 11 1 5 12 1 5 13 1 6 9 1 6 10 1 7 13 1
R 1280 42 63 6 10691 3 4 5 5 1 3 0 3 5 2 1 4 1 2 4 3 0 5 1 2 4 2 3 4 4 1 5 1 3 0 4 2 3 5 0 4 1 0 3 0 2 1 0 1 2 0 2 4 1 2 4 0 3 5 0 5 3 1 2 4 5 3 5 | 14 17  0 6 1 0 10 1 0 12 1 1 7 1 1 8 1 1 13 1 2 7 1 2 9 2 3 8 2 3 9 1 4 10 2 4 11 1 5 11 2 5 12 1 6 12 1 6 13 1 7 13 1
R 1281 42 63 6 158127 3 4 5 2 3 0 0 3 2 5 1 4 1 0 4 5 1 2 1 2 3 1 0 2 4 1 2 5 3 0 4 0 5 2 1 3 5 2 0 0 1 4 0 1 2 4 5 1 5 1 4 0 3 2 2 3 5 0 4 3 4 5 3 | 14 17  0 6 1 0 10 1 0 13 1 1 7 1 1 8 1 1 12 1 2 7 1 2 9 2 3 8 2 3 9 1 4 10 2 4 11 1 5 11 2 5 12 1 6 12 1 6 13 1 7 13 1
R 1282 42 63 6 168675 1 2 3 4 1 0 0 3 4 2 1 5 0 4 2 5 1 4 3 4 5 2 0 1 5 1 4 5 3 0 0 2 1 4 1 3 2 4 0 0 5 3 0 4 5 3 2 5 5 1 2 0 3 4 3 5 1 0 2 3 1 2 4 | 14 17  0 6 1 0 10 2 1 7 1 1 8 1 1 12 1 2 7 1 2 9 2 3 8 2 3 9 1 4 10 1 4 11 1 4 13 1 5 11 2 5 12 1 6 12 1 6 13 1 7 13 1
R 1283 42 63 6 28759 1 2 3 2 0 1 1 4 2 3 0 5 0 4 1 2 3 4 3 4 5 3 1 2 5 0 2 0 4 1 0 2 1 3 4 0 3 2 0 1 5 3 0 4 5 5 3 4 0 3 5 1 4 2 3 2 5 1 5 0 1 2 4 | 14 17  0 6 1 0 10 2 1 7 1 1 8 1 1 12 1 2 7 1 2 9 2 3 8 2 3 9 1 4 10 1 4 11 2 5 11 1 5 12 1 5 13 1 6 12 1 6 13 1 7 13 1
R 1284 42 63 6 340 3 1 2 0 3 4 1 4 2 3 4 5 0 4 3 1 2 0 0 2 1 2 4 0 1 3 0 4 3 2 3 4 1 0 2 4 1 0 5 3 1 2 4 5 0 1 5 2 3 5 0 2 0 1 2 5 1 3 5 4 3 5 4 | 14 17  0 6 2 0 10 1 1 7 1 1 8 1 1 12 1 2 7 1 2 9 1 2 13 1 3 8 1 3 9 2 4 10 2 4 11 1 5 11 2 5 12 1 6 12 1 7 13 1 8 13 1
R 1285 42 63 6 526 1 2 3 2 3 1 0 1 4 4 0 3 0 4 2 5 4 1 3 4 5 4 1 3 3 0 5 2 0 1 0 2 1 1 4 3 0 4 2 0 5 3 0 4 5 0 4 5 2 5 3 1 2 5 3 5 1 0 2 3 1 2 4 | 14 17  0 6 1 0 10 2 1 7 1 1 8 1 1 12 1 2 7 2 2 9 1 3 8 2 3 9 1 4 10 1 4 11 1 4 13 1 5 11 2 5 12 1 6 12 1 6 13 1 9 13 1
R 1286 42 63 6 205 1 2 3 2 0 1 3 4 1 5 0 4 0 4 1 2 3 4 3 4 5 1 4 0 4 0 3 5 2 1 0 2 1 3 4 0 3 2 0 1 5 3 0 4 5 3 5 4 2 5 0 1 2 3 3 2 5 1 5 0 1 2 4 | 14 17  0 6 1 0 10 2 1 7 1 1 8 1 1 12 1 2 7 2 2 9 1 3 8 2 3 9 1 4 10 1 4 11 2 5 11 1 5 12 1 5 13 1 6 12 1 6 13 1 9 13 1
R 1287 42 63 6 54604 3 1 2 2 3 0 0 3 2 5 1 4 0 2 3 4 1 5 0 2 1 1 0 2 4 1 2 5 3 0 3 4 5 5 1 0 2 5 4 4 0 1 4 5 0 4 5 1 5 1 4 0 3 2 1 4 5 2 3 0 3 3 2 | 14 17  0 6 2 0 10 1 1 7 1 1 8 1 1 12 1 2 7 1 2 9 2 3 8 2 3 9 1 4 10 1 4 11 1 4 13 1 5 11 2 5 12 1 6 12 1 7 13 1 10 13 1
R 1288 42 63 6 14915 3 1 2 5 4 2 0 2 3 3 0 4 0 2 3 4 1 5 0 2 1 3 2 4 4 0 5 1 0 2 3 4 5 5 1 2 0 5 4 4 0 1 4 5 0 0 3 1 1 5 4 1 2 5 1 4 5 0 3 2 3 3 2 | 14 17  0 6 2 0 10 1 1 7 1 1 8 1 1 12 1 2 7 2 2 9 1 3 8 2 3 9 1 4 10 1 4 11 1 4 13 1 5 11 2 5 12 1 6 12 1 9 13 1 10 13 1
R 1289 42 63 6 11117 1 2 4 5 1 2 0 2 5 3 1 4 0 3 1 5 2 4 3 4 5 3 2 4 4 1 5 1 2 0 0 2 1 4 2 3 5 4 0 0 3 1 0 3 5 0 3 4 1 3 4 0 2 5 4 5 2 0 1 3 1 2 5 | 14 17  0 6 1 0 10 2 1 7 1 1 8 1 1 13 1 2 7 1 2 9 2 3 8 2 3 9 1 4 10 1 4 11 1 4 12 1 5 11 2 5 12 1 6 12 1 6 13 1 7 13 1
R 1290 42 63 6 22603 1 2 4 2 5 3 1 4 5 0 1 2 0 3 1 5 2 4 3 4 5 3 4 0 1 5 2 2 4 1 0 2 1 4 2 3 5 4 0 0 3 1 0 3 5 1 0 4 2 0 3 3 5 4 4 5 2 0 1 3 1 2 5 | 14 17  0 6 1 0 10 2 1 7 1 1 8 2 2 7 1 2 9 2 3 8 1 3 9 1 3 13 1 4 10 1 4 11 1 4 12 1 5 11 2 5 12 1 6 12 1 6 13 1 7 13 1
R 1291 42 63 6 5361 3 1 2 4 5 1 2 3 5 0 3 4 0 2 3 4 2 5 0 2 1 1 2 0 3 5 4 4 3 2 3 4 5 5 2 3 4 0 1 0 1 4 4 5 0 3 0 2 4 0 1 1 5 2 1 4 5 0 1 3 3 5 2 | 14 17  0 6 2 0 10 1 1 7 1 1 8 2 2 7 1 2 9 2 3 8 1 3 9 1 3 13 1 4 10 1 4 11 1 4 12 1 5 11 2 5 12 1 6 13 1 7 13 1 10 12 1
R 1292 42 63 6 452 3 4 5 1 3 4 2 4 1 0 3 5 1 0 2 4 2 5 1 2 3 0 2 1 5 3 1 3 4 2 5 2 3 0 2 5 1 0 4 1 0 3 0 1 2 5 0 2 3 0 5 2 4 1 4 3 5 0 1 3 4 5 4 | 14 18  0 6 1 0 11 1 0 12 1 1 7 1 1 8 1 1 13 1 2 7 1 2 9 2 3 8 2 3 9 1 4 10 1 4 11 1 4 13 1 5 10 2 5 12 1 6 11 1 6 12 1 7 13 1
R 1293 42 63 6 4639 3 4 5 2 4 1 1 3 5 0 3 4 1 0 2 4 2 5 1 2 3 5 1 2 3 4 2 0 3 1 5 2 3 0 2 5 1 0 4 1 0 3 0 1 2 3 0 5 0 2 4 1 5 2 4 3 5 0 1 3 4 5 4 | 14 18  0 6 1 0 11 1 0 12 1 1 7 1 1 8 2 2 7 1 2 9 2 3 8 1 3 9 1 3 13 1 4 10 1 4 11 1 4 13 1 5 10 2 5 12 1 6 11 1 6 12 1 7 13 1
R 1294 42 63 NOT6 A+B chi=-1 | 14 18  0 6 2 0 12 1 1 7 1 1 8 1 1 12 1 2 7 1 2 9 2 3 8 2 3 9 1 4 10 1 4 11 1 4 13 1 5 10 1 5 11 1 5 13 1 6 12 1 7 13 1 10 11 1
R 1295 42 63 NOT6 A+B chi=-1 | 14 18  0 6 2 0 12 1 1 7 1 1 8 1 1 12 1 2 7 2 2 9 1 3 8 2 3 9 1 4 10 1 4 11 1 4 13 1 5 10 1 5 11 1 5 13 1 6 12 1 9 13 1 10 11 1
R 1296 42 63 NOT6 A+B chi=-1 | 14 18  0 6 2 0 12 1 1 7 1 1 8 1 1 13 1 2 7 1 2 9 2 3 8 2 3 9 1 4 10 1 4 11 1 4 12 1 5 10 1 5 11 1 5 13 1 6 12 1 7 13 1 10 11 1
R 1297 42 63 NOT6 A+B chi=-1 | 14 18  0 6 2 0 12 1 1 7 1 1 8 2 2 7 1 2 9 2 3 8 1 3 9 1 3 13 1 4 10 1 4 11 1 4 12 1 5 10 1 5 11 1 5 13 1 6 12 1 7 13 1 10 11 1
R 1298 42 63 6 385 3 4 5 0 1 4 3 4 0 2 1 5 2 5 3 1 0 2 1 2 3 2 3 0 5 1 0 1 4 3 0 2 3 0 3 5 1 2 5 0 2 1 0 1 2 5 2 3 1 2 5 3 4 0 4 1 0 5 4 3 4 5 4 | 14 19  0 6 1 0 10 1 0 11 1 1 7 1 1 8 1 1 13 1 2 7 1 2 9 2 3 8 2 3 9 1 4 10 1 4 11 1 4 12 1 5 10 1 5 11 1 5 12 1 6 12 1 6 13 1 7 13 1
R 1299 42 63 6 7557 3 4 5 4 5 2 1 3 5 0 1 4 2 5 3 1 0 2 1 2 3 0 3 5 1 5 4 2 3 1 0 2 3 0 3 5 1 2 5 0 2 1 0 1 2 1 0 3 2 0 4 2 5 3 4 1 0 5 4 3 4 5 4 | 14 19  0 6 1 0 10 1 0 11 1 1 7 1 1 8 2 2 7 1 2 9 2 3 8 1 3 9 1 3 13 1 4 10 1 4 11 1 4 12 1 5 10 1 5 11 1 5 12 1 6 12 1 6 13 1 7 13 1
R 1300 42 63 6 688 3 4 5 5 2 3 0 3 5 1 2 4 1 2 4 0 5 1 1 2 3 1 3 4 4 2 5 2 3 0 0 2 5 0 1 3 3 1 4 0 1 2 0 1 2 0 1 4 2 1 4 0 3 5 3 5 0 4 2 3 4 5 5 | 14 19  0 6 1 0 10 1 0 11 1 1 7 1 1 8 1 1 13 1 2 7 1 2 9 2 3 8 2 3 9 1 4 10 1 4 11 1 4 12 1 5 11 1 5 12 1 5 13 1 6 10 1 6 12 1 7 13 1
R 1301 42 63 6 11665 3 4 5 3 5 1 2 4 5 0 2 3 1 2 4 0 5 1 1 2 3 1 4 0 2 5 3 3 4 2 0 2 5 0 1 3 3 1 4 0 1 2 0 1 2 2 0 4 3 0 1 1 5 4 3 5 0 4 2 3 4 5 5 | 14 19  0 6 1 0 10 1 0 11 1 1 7 1 1 8 2 2 7 1 2 9 2 3 8 1 3 9 1 3 13 1 4 10 1 4 11 1 4 12 1 5 11 1 5 12 1 5 13 1 6 10 1 6 12 1 7 13 1
R 1302 42 63 6 419 3 4 5 3 5 0 4 1 2 4 1 3 2 1 0 0 3 4 1 2 3 2 1 0 4 5 3 0 2 4 4 3 1 0 3 1 2 5 0 4 0 1 0 1 2 4 1 2 3 5 0 0 5 2 5 4 3 2 5 1 4 5 3 | 14 18  0 6 1 0 9 1 0 11 1 1 7 1 1 8 2 2 7 2 2 10 1 3 8 1 3 11 1 3 13 1 4 9 1 4 11 1 4 12 1 5 10 2 5 12 1 6 12 1 6 13 1 9 13 1
R 1303 42 63 6 96 3 4 5 0 3 4 2 5 4 1 0 2 1 2 3 0 1 5 1 2 3 1 4 3 2 0 3 0 2 4 0 5 2 1 0 5 1 5 2 4 0 1 0 1 2 2 5 1 0 1 3 4 5 3 5 4 0 4 3 2 4 5 3 | 14 18  0 6 1 0 9 1 0 11 1 1 7 2 1 8 1 2 7 1 2 10 2 3 8 2 3 11 1 4 9 1 4 11 1 4 12 1 5 10 1 5 12 1 5 13 1 6 12 1 6 13 1 9 13 1
R 1304 42 63 6 120 3 4 5 3 0 1 4 2 5 5 0 2 1 2 4 1 0 3 1 2 3 5 2 1 2 0 4 0 2 4 3 0 5 1 0 5 2 1 0 3 4 1 0 1 2 4 5 2 0 3 1 1 3 4 5 3 0 2 4 5 4 5 3 | 14 18  0 6 1 0 9 1 0 11 1 1 7 1 1 8 1 1 13 1 2 7 2 2 10 1 3 8 2 3 11 1 4 9 1 4 11 1 4 13 1 5 10 2 5 12 1 6 12 1 6 13 1 9 12 1
R 1305 42 63 6 2859 3 4 5 2 0 3 1 5 3 0 4 1 1 2 4 0 4 2 1 2 3 3 5 0 1 0 2 4 2 0 2 4 1 4 1 3 0 2 5 0 1 4 0 1 2 1 4 5 2 4 0 5 2 3 3 5 0 3 5 1 4 5 3 | 14 18  0 6 1 0 9 1 0 13 1 1 7 1 1 8 1 1 11 1 2 7 2 2 10 1 3 8 1 3 11 1 3 12 1 4 9 2 4 11 1 5 10 2 5 12 1 6 12 1 6 13 1 8 13 1
R 1306 42 63 6 682 1 2 3 1 5 4 2 3 4 0 3 1 0 4 2 5 0 1 3 4 5 4 3 5 2 0 1 0 2 1 1 0 3 2 1 3 5 0 4 0 5 3 0 4 5 2 3 0 0 1 5 5 4 2 3 5 1 2 4 3 1 2 4 | 14 18  0 6 1 0 9 2 1 7 1 1 8 1 1 11 1 2 7 2 2 10 1 3 8 1 3 11 1 3 12 1 4 9 1 4 11 1 4 13 1 5 10 2 5 12 1 6 12 1 6 13 1 8 13 1
R 1307 42 63 6 302 3 1 2 0 1 2 3 5 4 0 3 1 0 4 3 2 0 5 0 2 1 2 4 0 1 3 2 3 4 1 1 5 3 3 0 2 0 5 4 2 4 1 4 5 0 3 5 4 1 0 2 4 5 2 2 5 1 4 1 3 3 5 0 | 14 18  0 6 2 0 9 1 1 7 1 1 8 1 1 11 1 2 7 1 2 10 2 3 8 1 3 11 1 3 12 1 4 9 2 4 11 1 5 10 1 5 12 1 5 13 1 6 12 1 7 13 1 8 13 1
R 1308 42 63 6 5250 1 2 3 1 2 3 3 0 4 4 2 5 0 4 1 2 0 1 3 4 5 5 3 2 5 2 1 0 2 1 1 0 4 0 4 3 3 0 2 3 1 0 0 4 5 0 4 5 1 2 5 0 3 1 3 2 5 3 5 4 1 2 4 | 14 18  0 6 1 0 9 2 1 7 1 1 8 1 1 11 1 2 7 1 2 10 1 2 13 1 3 8 2 3 11 1 4 9 1 4 11 1 4 12 1 5 10 2 5 12 1 6 12 1 6 13 1 7 13 1
R 1309 42 63 6 209815 1 2 3 0 2 1 3 4 5 3 2 5 0 4 1 0 2 1 3 4 5 1 3 0 5 2 1 0 2 1 2 4 3 0 3 4 3 0 2 0 4 1 0 4 5 4 3 5 2 0 1 0 4 1 3 2 5 5 4 3 1 2 5 | 14 18  0 6 1 0 9 2 1 7 1 1 8 1 1 11 1 2 7 1 2 10 2 3 8 2 3 11 1 4 9 1 4 11 1 4 12 1 5 10 1 5 12 1 5 13 1 6 12 1 6 13 1 7 13 1
R 1310 42 63 6 152 1 2 3 1 2 3 0 3 4 4 0 2 0 4 1 2 0 1 3 4 5 4 3 2 2 5 1 0 2 1 1 0 4 0 4 3 3 0 2 1 4 3 0 4 5 0 4 5 1 5 2 3 1 5 3 2 5 3 5 4 1 2 0 | 14 18  0 6 1 0 9 2 1 7 1 1 8 1 1 11 1 2 7 2 2 10 1 3 8 1 3 11 1 3 13 1 4 9 1 4 11 1 4 12 1 5 10 2 5 12 1 6 12 1 6 13 1 8 13 1
R 1311 42 63 6 10397 3 4 5 0 2 3 4 1 3 5 1 4 0 1 2 2 0 4 1 2 3 3 1 2 4 1 2 2 0 5 4 0 1 0 4 5 3 0 2 0 1 4 0 1 2 4 5 1 0 5 2 0 3 2 4 3 5 3 5 1 4 5 3 | 14 18  0 6 1 0 9 1 0 13 1 1 7 1 1 8 1 1 11 1 2 7 2 2 10 1 3 8 2 3 11 1 4 9 1 4 11 1 4 12 1 5 10 2 5 12 1 6 12 1 6 13 1 9 13 1
R 1312 42 63 6 85 1 2 3 1 2 3 0 3 4 4 2 5 0 4 1 0 2 1 3 4 5 4 3 2 5 2 1 0 2 1 1 0 3 0 4 3 3 0 2 0 5 1 0 4 5 0 4 5 1 5 2 0 3 1 3 2 5 5 4 3 1 2 4 | 14 18  0 6 1 0 9 2 1 7 1 1 8 1 1 11 1 2 7 2 2 10 1 3 8 2 3 11 1 4 9 1 4 11 1 4 12 1 5 10 1 5 12 1 5 13 1 6 12 1 6 13 1 10 13 1
R 1313 42 63 6 5044 3 4 5 2 3 0 0 3 1 4 1 2 1 0 4 2 4 5 1 2 3 1 0 2 4 3 2 4 0 5 5 4 1 0 2 1 3 0 2 0 1 4 0 1 2 4 1 5 5 2 4 0 3 5 2 3 5 0 3 1 4 5 3 | 14 18  0 6 1 0 9 1 0 13 1 1 7 1 1 8 2 2 7 1 2 10 1 2 11 1 3 8 1 3 11 1 3 12 1 4 9 2 4 11 1 5 10 2 5 12 1 6 12 1 6 13 1 7 13 1
R 1314 42 63 6 428 1 2 3 1 4 0 0 3 4 2 3 1 0 4 2 1 5 2 3 4 5 2 0 1 3 4 1 0 2 1 2 5 3 0 1 3 0 2 4 0 5 3 0 4 5 3 2 5 5 1 2 0 4 5 3 5 1 0 4 3 1 2 4 | 14 18  0 6 1 0 9 2 1 7 1 1 8 2 2 7 1 2 10 1 2 11 1 3 8 1 3 11 1 3 12 1 4 9 1 4 11 1 4 13 1 5 10 2 5 12 1 6 12 1 6 13 1 7 13 1
R 1315 42 63 6 532 1 2 3 0 1 4 2 3 5 4 0 1 0 4 2 1 3 4 3 4 5 3 4 1 2 0 1 0 2 1 4 3 5 0 1 3 2 4 0 0 5 3 0 4 5 2 5 3 0 1 4 5 2 3 3 5 1 0 2 5 1 2 4 | 14 18  0 6 1 0 9 2 1 7 2 1 8 1 2 7 1 2 10 1 2 11 1 3 8 1 3 11 1 3 12 1 4 9 1 4 11 1 4 13 1 5 10 2 5 12 1 6 12 1 6 13 1 8 13 1
R 1316 42 63 6 1002 3 1 2 2 3 0 0 3 2 5 1 4 0 2 3 4 3 5 0 2 1 1 0 2 4 3 2 3 4 5 5 3 1 0 5 2 0 5 4 4 0 1 4 5 0 4 1 5 5 4 1 0 3 2 1 4 5 0 2 1 3 3 2 | 14 18  0 6 2 0 9 1 1 7 1 1 8 2 2 7 1 2 10 1 2 11 1 3 8 1 3 11 1 3 12 1 4 9 1 4 11 1 4 13 1 5 10 2 5 12 1 6 12 1 7 13 1 9 13 1
R 1317 42 63 6 658 3 1 2 0 2 3 1 4 2 3 4 1 0 2 3 5 0 3 0 2 1 4 3 2 1 0 2 3 4 5 3 0 1 5 1 2 5 0 4 4 0 1 4 5 0 1 5 4 0 5 3 5 0 2 1 4 5 2 4 1 3 3 2 | 14 18  0 6 2 0 9 1 1 7 2 1 8 1 2 7 1 2 10 1 2 11 1 3 8 1 3 11 1 3 12 1 4 9 1 4 11 1 4 13 1 5 10 2 5 12 1 6 12 1 8 13 1 9 13 1
R 1318 42 63 6 5533 3 1 2 2 5 4 3 0 4 1 3 5 0 2 3 1 0 2 0 2 1 1 4 5 0 5 2 3 4 5 2 0 5 3 1 2 4 1 0 4 0 1 4 5 0 0 1 3 2 1 5 4 0 2 1 4 5 3 4 5 3 3 2 | 14 18  0 6 2 0 9 1 1 7 1 1 8 2 2 7 1 2 10 1 2 11 1 3 8 1 3 11 1 3 13 1 4 9 1 4 11 1 4 13 1 5 10 2 5 12 1 6 12 1 7 13 1 9 12 1
R 1319 42 63 6 5536 3 1 2 2 5 4 3 0 4 1 2 5 0 2 3 1 0 2 0 2 1 0 4 5 3 1 5 3 4 5 2 0 5 3 1 2 4 1 0 1 0 4 4 5 0 1 3 0 2 1 5 4 0 3 1 4 5 3 4 5 3 2 2 | 14 18  0 6 2 0 9 1 1 7 2 1 8 1 2 7 1 2 10 1 2 11 1 3 8 1 3 11 1 3 13 1 4 9 1 4 11 1 4 13 1 5 10 2 5 12 1 6 12 1 8 13 1 9 12 1
R 1320 42 63 6 148 1 2 3 0 3 4 5 2 1 4 1 2 0 4 1 0 5 3 3 4 5 1 2 0 3 2 5 0 2 1 3 5 4 5 0 1 3 0 4 0 3 1 0 4 5 5 1 2 3 4 0 0 3 5 3 2 5 1 2 4 1 2 4 | 14 18  0 6 1 0 9 2 1 7 1 1 8 1 1 11 1 2 7 2 2 10 1 3 8 1 3 11 1 3 12 1 4 9 1 4 12 1 4 13 1 5 10 2 5 11 1 6 12 1 6 13 1 8 13 1
R 1321 42 63 6 470 3 1 2 3 0 4 2 4 5 2 0 1 0 4 3 3 1 4 0 2 1 5 2 0 1 0 4 3 4 1 3 4 2 3 1 0 2 4 0 3 2 1 4 5 0 1 2 5 3 0 1 3 4 5 2 5 1 5 2 0 3 4 5 | 14 18  0 6 2 0 9 1 1 7 1 1 8 1 1 11 1 2 7 1 2 10 2 3 8 1 3 11 1 3 12 1 4 9 2 4 12 1 5 10 1 5 11 1 5 13 1 6 12 1 7 13 1 8 13 1
R 1322 42 63 6 210 3 1 2 3 0 4 1 4 2 2 0 1 0 4 3 3 5 4 0 2 1 2 4 3 1 0 4 3 4 1 0 5 2 3 1 0 2 4 0 2 1 3 4 5 0 1 2 5 0 5 3 3 4 5 2 5 1 1 2 0 3 5 4 | 14 18  0 6 2 0 9 1 1 7 1 1 8 1 1 11 1 2 7 2 2 10 1 3 8 1 3 11 1 3 12 1 4 9 2 4 12 1 5 10 1 5 11 1 5 13 1 6 12 1 8 13 1 10 13 1
R 1323 42 63 6 2214 3 4 5 2 3 0 0 3 1 1 3 5 1 2 4 2 4 0 1 2 3 1 0 2 5 3 0 4 2 3 5 3 0 2 1 4 1 0 2 0 1 4 0 1 2 4 1 5 5 2 4 2 4 0 0 5 3 1 3 5 4 5 3 | 14 18  0 6 1 0 9 1 0 13 1 1 7 1 1 8 1 1 11 1 2 7 1 2 10 2 3 8 2 3 11 1 4 9 2 4 12 1 5 10 1 5 11 1 5 12 1 6 12 1 6 13 1 7 13 1
R 1324 42 63 6 25183 1 2 3 1 2 3 4 5 3 4 0 5 0 4 1 0 1 2 3 4 5 3 0 2 5 0 2 0 2 1 1 5 4 1 5 3 3 4 0 0 3 1 0 4 5 5 4 0 1 0 2 1 3 2 3 2 5 3 4 5 1 2 4 | 14 18  0 6 1 0 9 2 1 7 1 1 8 1 1 11 1 2 7 1 2 10 2 3 8 2 3 11 1 4 9 1 4 12 1 4 13 1 5 10 1 5 11 1 5 12 1 6 12 1 6 13 1 7 13 1
R 1325 42 63 6 256 1 2 3 1 3 0 2 0 4 4 3 5 0 4 1 4 1 2 3 4 5 4 0 1 5 3 2 0 2 1 3 2 5 4 1 0 3 4 0 0 3 1 0 4 5 2 4 5 3 5 1 0 1 2 3 2 5 0 3 5 1 2 4 | 14 18  0 6 1 0 9 2 1 7 1 1 8 1 1 11 1 2 7 2 2 10 1 3 8 2 3 11 1 4 9 1 4 12 1 4 13 1 5 10 1 5 11 1 5 12 1 6 12 1 6 13 1 10 13 1
R 1326 42 63 6 114 3 1 2 1 2 4 0 3 4 0 5 3 0 4 3 2 0 1 0 2 1 4 3 2 3 2 1 3 4 1 1 0 4 1 0 5 2 0 4 4 2 3 4 5 0 0 5 3 1 5 2 4 2 1 2 5 1 3 4 5 3 0 5 | 14 18  0 6 2 0 9 1 1 7 1 1 8 1 1 11 1 2 7 2 2 10 1 3 8 1 3 11 1 3 13 1 4 9 2 4 12 1 5 10 1 5 11 1 5 12 1 6 12 1 8 13 1 10 13 1
R 1327 42 63 6 84 1 2 3 0 1 4 2 3 1 0 3 1 0 4 2 5 4 2 3 4 5 3 4 1 2 0 1 0 2 1 0 3 2 3 4 1 5 2 0 0 5 3 0 4 5 2 5 3 0 4 5 5 2 4 3 5 1 1 0 3 1 2 4 | 14 18  0 6 1 0 9 2 1 7 2 1 8 1 2 7 1 2 10 2 3 8 1 3 11 1 3 12 1 4 9 1 4 11 1 4 13 1 5 10 1 5 11 1 5 12 1 6 12 1 6 13 1 8 13 1
R 1328 42 63 6 263 3 1 2 2 0 4 2 5 4 1 3 2 0 4 3 1 3 0 0 2 1 3 5 4 0 1 2 3 4 1 0 5 2 0 3 2 1 4 5 1 3 0 4 5 0 1 3 5 0 1 3 5 4 0 2 5 1 4 5 2 3 2 4 | 14 18  0 6 2 0 9 1 1 7 1 1 8 1 1 13 1 2 7 1 2 10 2 3 8 1 3 11 1 3 12 1 4 9 2 4 11 1 5 10 1 5 11 1 5 12 1 6 12 1 7 13 1 8 13 1
R 1329 42 63 6 264 3 1 2 2 0 4 1 4 5 1 3 2 0 4 3 1 3 0 0 2 1 5 4 2 0 1 2 3 4 1 0 3 5 0 3 2 1 4 5 3 2 0 4 5 0 1 3 5 0 3 2 5 4 0 2 5 1 4 5 2 3 4 1 | 14 18  0 6 2 0 9 1 1 7 1 1 8 1 1 13 1 2 7 2 2 10 1 3 8 1 3 11 1 3 12 1 4 9 2 4 11 1 5 10 1 5 11 1 5 12 1 6 12 1 8 13 1 10 13 1
R 1330 42 63 6 31499 3 4 5 1 5 0 4 5 2 2 3 5 1 0 2 0 1 4 1 2 3 2 0 3 5 3 0 2 0 3 1 5 4 1 0 4 4 1 2 0 2 1 0 1 2 4 2 3 1 0 3 1 4 0 4 5 3 2 5 3 5 4 5 | 14 18  0 6 1 0 9 1 0 11 1 1 7 1 1 8 1 1 12 1 2 7 1 2 10 2 3 8 2 3 12 1 4 9 2 4 11 1 5 10 1 5 12 1 5 13 1 6 11 1 6 13 1 7 13 1
R 1331 42 63 6 544 3 4 5 0 1 4 2 4 3 5 3 1 0 1 2 0 2 5 1 2 3 3 4 0 1 3 2 2 0 3 5 2 1 1 0 4 0 4 3 0 2 1 0 1 2 2 5 3 1 5 0 0 4 2 4 3 5 3 4 1 5 4 5 | 14 18  0 6 1 0 9 1 0 11 1 1 7 1 1 8 1 1 13 1 2 7 2 2 10 1 3 8 2 3 12 1 4 9 1 4 11 1 4 12 1 5 10 2 5 12 1 6 11 1 6 13 1 9 13 1
R 1332 42 63 6 10100 3 4 5 2 3 0 5 1 4 5 1 4 0 1 2 3 0 2 1 2 3 4 1 3 5 3 2 2 0 3 2 0 4 1 0 4 0 1 3 0 2 1 0 1 2 5 1 4 0 2 3 0 2 3 4 3 5 1 5 4 5 4 5 | 14 18  0 6 1 0 9 1 0 11 1 1 7 1 1 8 2 2 7 2 2 10 1 3 8 1 3 12 1 3 13 1 4 9 1 4 11 1 4 12 1 5 10 2 5 12 1 6 11 1 6 13 1 9 13 1
R 1333 42 63 6 126 3 4 5 4 5 2 2 3 4 1 0 4 1 0 2 1 0 3 1 2 3 1 2 0 3 5 4 2 0 3 3 0 5 1 0 4 2 0 1 2 1 3 0 1 2 3 0 1 5 1 0 2 3 5 4 5 3 2 4 5 5 4 4 | 14 18  0 6 1 0 9 1 0 11 1 1 7 1 1 8 2 2 7 1 2 10 1 2 13 1 3 8 1 3 12 1 3 13 1 4 9 2 4 11 1 5 10 2 5 12 1 6 11 1 6 12 1 7 13 1
R 1334 42 63 6 312 3 4 5 0 3 4 1 4 2 5 2 1 0 1 2 0 3 5 1 2 3 2 4 0 1 2 3 2 0 5 5 3 2 1 0 4 0 5 1 0 1 4 0 1 2 1 5 2 3 5 0 0 4 3 4 3 5 1 4 2 5 4 3 | 14 18  0 6 1 0 9 1 0 11 1 1 7 1 1 8 1 1 13 1 2 7 2 2 10 1 3 8 2 3 12 1 4 9 1 4 11 1 4 13 1 5 10 2 5 12 1 6 11 1 6 12 1 9 13 1
R 1335 42 63 6 9964 3 4 5 2 5 1 4 0 3 0 3 4 0 1 2 2 1 4 1 2 3 3 0 2 4 5 2 2 0 5 4 1 3 1 0 4 2 1 0 0 1 4 0 1 2 4 0 3 1 5 2 1 5 2 4 3 5 0 5 3 5 4 3 | 14 18  0 6 1 0 9 1 0 11 1 1 7 1 1 8 2 2 7 2 2 10 1 3 8 1 3 12 1 3 13 1 4 9 1 4 11 1 4 13 1 5 10 2 5 12 1 6 11 1 6 12 1 9 13 1
R 1336 42 63 6 8878 3 4 5 3 5 2 0 1 4 1 0 3 1 0 2 5 2 3 1 2 3 4 0 5 1 5 3 2 0 3 3 2 0 1 0 4 5 2 1 2 0 1 0 1 2 1 0 4 2 5 3 2 4 5 4 5 3 1 4 0 5 4 3 | 14 18  0 6 1 0 9 1 0 11 1 1 7 1 1 8 2 2 7 1 2 10 1 2 13 1 3 8 1 3 12 1 3 13 1 4 9 2 4 11 1 5 10 2 5 12 1 6 11 1 6 13 1 7 12 1
R 1337 42 63 6 504 3 4 5 0 3 4 1 3 5 5 1 2 1 2 0 2 0 3 1 2 3 2 4 5 2 1 4 0 2 3 0 3 1 1 0 5 3 0 5 1 2 0 0 1 2 1 5 2 0 2 4 0 3 4 4 5 3 5 1 4 4 5 3 | 14 18  0 6 1 0 9 1 0 12 1 1 7 1 1 8 1 1 11 1 2 7 1 2 10 2 3 8 2 3 12 1 4 9 2 4 11 1 5 10 1 5 12 1 5 13 1 6 11 1 6 13 1 7 13 1
R 1338 42 63 6 124 1 2 3 4 5 3 1 2 4 1 0 2 0 4 1 0 2 3 3 4 5 0 2 3 1 5 4 0 2 1 3 2 4 3 0 2 3 1 0 0 5 1 0 4 5 1 0 2 5 0 3 3 4 5 3 5 2 1 5 4 1 2 4 | 14 18  0 6 1 0 9 2 1 7 1 1 8 2 2 7 1 2 10 1 2 13 1 3 8 1 3 11 1 3 12 1 4 9 1 4 11 1 4 12 1 5 10 2 5 12 1 6 11 1 6 13 1 7 13 1
R 1339 42 63 6 93 1 2 3 3 1 4 1 2 5 0 1 2 0 4 1 0 2 3 3 4 5 0 4 5 2 1 5 0 2 1 3 2 4 3 0 4 0 3 1 0 2 3 0 4 5 2 0 5 3 0 4 3 4 5 3 2 5 1 5 4 1 2 1 | 14 18  0 6 1 0 9 2 1 7 1 1 8 1 1 13 1 2 7 1 2 10 1 2 13 1 3 8 2 3 11 1 4 9 1 4 11 1 4 12 1 5 10 2 5 12 1 6 11 1 6 12 1 7 13 1
R 1340 42 63 6 92 1 2 3 2 4 3 1 2 4 1 0 2 0 4 1 0 2 3 3 4 5 0 1 4 5 4 2 0 2 1 3 2 4 3 0 4 0 3 1 1 0 3 0 4 5 5 0 1 3 0 5 3 5 4 3 2 5 1 5 4 1 2 2 | 14 18  0 6 1 0 9 2 1 7 1 1 8 2 2 7 1 2 10 1 2 13 1 3 8 1 3 11 1 3 13 1 4 9 1 4 11 1 4 12 1 5 10 2 5 12 1 6 11 1 6 12 1 7 13 1
R 1341 42 63 6 1112 3 4 5 2 3 5 4 1 5 4 0 2 1 2 0 0 3 4 1 2 3 5 1 0 4 3 2 0 2 3 4 3 2 3 0 2 1 4 0 1 0 4 0 1 2 4 0 1 2 3 0 5 1 3 4 5 3 1 5 2 4 5 5 | 14 18  0 6 1 0 9 1 0 13 1 1 7 1 1 8 2 2 7 2 2 10 1 3 8 1 3 11 1 3 13 1 4 9 1 4 11 1 4 12 1 5 10 2 5 12 1 6 11 1 6 12 1 9 13 1
R 1342 42 63 6 198 1 2 3 3 0 5 0 1 2 2 1 0 0 4 2 5 1 3 3 4 5 2 5 4 0 1 3 0 2 1 3 1 4 3 2 1 5 2 0 5 0 3 0 4 5 1 2 4 3 5 4 4 5 3 3 5 1 0 2 4 1 2 0 | 14 18  0 6 1 0 9 2 1 7 1 1 8 1 1 11 1 2 7 1 2 10 1 2 13 1 3 8 2 3 12 1 4 9 1 4 11 1 4 13 1 5 10 2 5 12 1 6 12 1 6 13 1 7 11 1
R 1343 42 63 6 87735 3 4 5 3 5 4 1 2 5 2 0 1 1 0 2 4 0 2 1 2 3 4 1 5 1 0 5 2 0 5 3 2 1 3 0 4 3 2 0 1 0 4 0 1 2 0 2 1 3 0 4 3 4 5 3 4 5 5 1 3 4 5 2 | 14 18  0 6 1 0 9 1 0 13 1 1 7 1 1 8 1 1 11 1 2 7 1 2 10 2 3 8 2 3 12 1 4 9 2 4 11 1 5 10 1 5 12 1 5 13 1 6 12 1 6 13 1 7 11 1
R 1344 42 63 6 260 3 1 2 4 5 2 1 0 2 1 3 0 0 2 3 5 3 4 0 2 1 2 1 3 0 3 2 3 4 5 4 3 0 1 0 2 1 4 5 4 1 0 4 5 0 0 1 3 4 5 3 4 5 2 1 4 5 1 2 0 3 5 2 | 14 18  0 6 2 0 9 1 1 7 1 1 8 1 1 11 1 2 7 1 2 10 1 2 13 1 3 8 2 3 12 1 4 9 1 4 11 1 4 13 1 5 10 2 5 12 1 6 12 1 7 11 1 9 13 1
R 1345 42 63 6 829 3 1 2 5 1 2 0 3 1 0 3 1 0 4 3 2 5 4 0 2 1 2 0 1 1 3 2 3 4 1 4 5 0 0 3 2 0 4 5 2 4 3 4 5 0 3 0 4 4 2 5 4 5 2 2 5 1 3 1 0 3 5 1 | 14 18  0 6 2 0 9 1 1 7 1 1 8 1 1 11 1 2 7 1 2 10 1 2 13 1 3 8 2 3 12 1 4 9 2 4 11 1 5 10 1 5 12 1 5 13 1 6 12 1 7 11 1 10 13 1
R 1346 42 63 6 15495 1 2 3 4 0 2 0 1 2 3 0 1 0 4 2 5 1 4 3 4 5 2 5 4 1 0 4 0 2 1 4 1 2 3 2 1 3 4 0 5 0 3 0 4 5 1 3 5 3 5 4 2 5 4 3 5 1 0 3 2 1 2 0 | 14 18  0 6 1 0 9 2 1 7 1 1 8 1 1 12 1 2 7 1 2 10 1 2 13 1 3 8 2 3 11 1 4 9 1 4 11 1 4 13 1 5 10 2 5 12 1 6 12 1 6 13 1 7 11 1
R 1347 42 63 6 2154 3 4 5 2 0 1 2 3 5 4 5 3 1 0 2 4 0 2 1 2 3 1 4 5 3 5 0 2 0 5 0 3 2 4 1 3 3 2 0 1 0 4 0 1 2 3 4 5 0 1 4 1 2 0 3 4 5 5 1 3 4 5 2 | 14 18  0 6 1 0 9 1 0 13 1 1 7 1 1 8 1 1 12 1 2 7 1 2 10 2 3 8 2 3 11 1 4 9 2 4 11 1 5 10 1 5 12 1 5 13 1 6 12 1 6 13 1 7 11 1
R 1348 42 63 6 2058 1 2 3 2 0 1 4 5 3 5 3 4 0 4 2 2 0 1 3 4 5 1 5 0 4 3 0 0 2 1 2 5 4 1 2 3 3 2 0 5 0 3 0 4 5 3 5 4 2 0 1 1 2 0 3 5 1 3 5 4 1 2 4 | 14 18  0 6 1 0 9 2 1 7 1 1 8 1 1 12 1 2 7 1 2 10 2 3 8 2 3 11 1 4 9 1 4 11 1 4 13 1 5 10 1 5 12 1 5 13 1 6 12 1 6 13 1 7 11 1
R 1349 42 63 6 209 3 1 2 3 5 4 0 1 2 0 1 2 0 4 3 3 4 0 0 2 1 2 0 4 2 1 4 3 4 1 1 3 5 0 3 2 1 0 4 3 4 2 4 5 0 1 0 2 3 4 5 3 5 4 2 5 1 2 5 1 3 5 0 | 14 18  0 6 2 0 9 1 1 7 1 1 8 1 1 12 1 2 7 1 2 10 1 2 13 1 3 8 2 3 11 1 4 9 2 4 11 1 5 10 1 5 12 1 5 13 1 6 12 1 7 11 1 10 13 1
R 1350 42 63 6 261 3 4 5 3 4 0 1 0 2 1 2 3 1 2 4 5 0 4 1 2 3 2 0 3 1 4 3 4 2 3 4 0 3 0 2 1 1 0 2 1 0 4 0 1 2 1 2 5 4 5 3 0 4 5 0 5 3 1 2 3 4 5 5 | 14 18  0 6 1 0 9 1 0 13 1 1 7 1 1 8 2 2 7 1 2 10 1 2 13 1 3 8 1 3 11 1 3 12 1 4 9 2 4 11 1 5 10 2 5 12 1 6 12 1 6 13 1 7 11 1
R 1351 42 63 6 508 1 2 3 0 3 2 0 1 2 5 1 0 0 4 2 5 1 3 3 4 5 2 5 4 1 3 0 0 2 1 3 1 4 3 2 1 5 2 0 5 0 3 0 4 5 1 4 5 3 5 4 2 4 3 3 5 1 0 2 4 1 2 0 | 14 18  0 6 1 0 9 2 1 7 1 1 8 2 2 7 1 2 10 1 2 13 1 3 8 1 3 11 1 3 12 1 4 9 1 4 11 1 4 13 1 5 10 2 5 12 1 6 12 1 6 13 1 7 11 1
R 1352 42 63 6 285 1 2 3 1 4 3 4 5 3 5 0 1 0 4 2 2 0 1 3 4 5 0 2 3 5 4 1 0 2 1 1 5 4 3 0 1 3 2 0 5 0 3 0 4 5 5 0 2 1 0 2 3 2 4 3 5 1 3 5 4 1 2 4 | 14 18  0 6 1 0 9 2 1 7 1 1 8 2 2 7 1 2 10 2 3 8 1 3 11 1 3 12 1 4 9 1 4 11 1 4 13 1 5 10 1 5 12 1 5 13 1 6 12 1 6 13 1 7 11 1
R 1353 42 63 6 7940 3 1 2 3 4 5 2 5 4 1 3 2 0 4 3 0 1 3 0 2 1 1 0 4 4 2 0 3 4 1 3 5 2 0 3 2 1 4 5 2 1 4 4 5 0 2 1 0 3 0 1 5 4 0 2 5 1 4 2 5 3 5 3 | 14 18  0 6 2 0 9 1 1 7 1 1 8 1 1 13 1 2 7 1 2 10 2 3 8 1 3 11 1 3 12 1 4 9 2 4 11 1 5 10 1 5 12 1 5 13 1 6 12 1 7 11 1 8 13 1
R 1354 42 63 6 88 3 1 2 3 4 1 1 0 2 5 0 2 0 2 3 5 3 4 0 2 1 2 1 3 0 4 3 3 4 5 4 3 2 1 0 2 1 5 0 4 1 0 4 5 0 0 2 5 4 5 3 1 3 4 1 4 5 0 1 2 3 5 2 | 14 18  0 6 2 0 9 1 1 7 1 1 8 2 2 7 1 2 10 1 2 13 1 3 8 1 3 11 1 3 12 1 4 9 1 4 11 1 4 13 1 5 10 2 5 12 1 6 12 1 7 11 1 9 13 1
R 1355 42 63 6 3942 3 1 2 1 3 5 2 3 1 4 0 3 0 2 3 4 0 2 0 2 1 0 2 1 4 3 1 3 4 5 5 3 2 2 0 5 1 4 0 4 0 1 4 5 0 4 0 2 5 0 4 5 1 2 1 4 5 1 5 3 3 3 2 | 14 18  0 6 2 0 9 1 1 7 1 1 8 2 2 7 1 2 10 2 3 8 1 3 11 1 3 12 1 4 9 1 4 11 1 4 13 1 5 10 1 5 12 1 5 13 1 6 12 1 7 11 1 9 13 1
R 1356 42 63 6 3921 1 2 3 2 4 5 3 0 4 3 1 2 0 4 1 2 0 1 3 4 5 5 0 2 3 4 2 0 2 1 1 0 4 5 1 3 3 0 2 3 1 0 0 4 5 3 0 1 1 2 5 5 0 4 3 2 5 3 5 4 1 2 4 | 14 18  0 6 1 0 9 2 1 7 1 1 8 2 2 7 1 2 10 1 2 13 1 3 8 1 3 11 1 3 13 1 4 9 1 4 11 1 4 12 1 5 10 2 5 12 1 6 12 1 6 13 1 7 11 1
R 1357 42 63 6 2182 3 1 2 2 4 3 2 0 4 5 1 2 0 2 3 1 0 3 0 2 1 1 0 4 5 4 2 3 4 5 3 0 2 4 3 1 1 0 5 3 1 0 4 5 0 5 0 1 3 1 5 3 0 4 1 5 4 4 5 2 3 2 2 | 14 18  0 6 2 0 9 1 1 7 1 1 8 2 2 7 1 2 10 1 2 13 1 3 8 1 3 11 1 3 13 1 4 9 1 4 11 1 4 12 1 5 10 2 5 12 1 6 12 1 7 11 1 9 13 1
R 1358 42 63 6 1052 3 1 2 1 4 5 3 5 2 1 0 2 0 4 3 4 0 1 0 2 1 2 0 1 4 0 5 3 4 1 4 5 3 0 3 2 0 2 4 1 2 4 4 5 0 3 2 0 4 0 1 3 4 5 2 5 1 2 5 3 3 5 1 | 14 18  0 6 2 0 9 1 1 7 1 1 8 1 1 13 1 2 7 1 2 10 2 3 8 1 3 11 1 3 13 1 4 9 2 4 11 1 5 10 1 5 12 1 5 13 1 6 12 1 7 11 1 8 12 1
R 1359 42 63 6 17232 3 1 2 3 4 5 2 5 3 1 0 4 0 2 3 0 1 2 0 2 1 0 2 3 1 4 3 3 4 5 4 5 2 2 0 1 4 1 0 1 3 0 4 5 0 1 0 2 4 0 1 5 3 2 1 4 5 3 5 4 3 5 2 | 14 18  0 6 2 0 9 1 1 7 1 1 8 2 2 7 1 2 10 2 3 8 1 3 11 1 3 13 1 4 9 1 4 11 1 4 13 1 5 10 1 5 12 1 5 13 1 6 12 1 7 11 1 9 12 1
R 1360 42 63 6 2915 1 2 3 0 1 2 0 2 3 4 5 3 0 4 1 1 2 4 3 4 5 4 2 1 3 5 2 0 2 1 4 2 5 1 4 3 3 0 4 0 1 3 0 4 5 3 4 5 5 1 4 0 1 2 3 2 5 0 3 5 1 2 0 | 14 18  0 6 1 0 9 2 1 7 1 1 8 1 1 12 1 2 7 1 2 10 1 2 13 1 3 8 2 3 11 1 4 9 1 4 12 1 4 13 1 5 10 2 5 11 1 6 12 1 6 13 1 7 11 1
R 1361 42 63 6 5355 3 4 5 0 3 4 2 5 4 5 2 3 1 2 0 1 0 2 1 2 3 4 5 0 3 2 4 0 2 3 3 5 2 0 1 3 1 0 5 1 0 4 0 1 2 1 5 2 3 0 1 0 1 4 4 5 3 4 5 3 4 5 2 | 14 18  0 6 1 0 9 1 0 13 1 1 7 1 1 8 1 1 12 1 2 7 1 2 10 2 3 8 2 3 11 1 4 9 2 4 12 1 5 10 1 5 11 1 5 13 1 6 12 1 6 13 1 7 11 1
R 1362 42 63 6 1896 1 2 3 0 1 2 3 4 1 4 1 5 0 4 1 0 2 3 3 4 5 2 4 0 5 1 0 0 2 1 5 4 3 4 3 2 3 0 4 0 3 1 0 4 5 3 4 5 5 0 2 2 3 0 3 2 5 1 5 4 1 2 1 | 14 18  0 6 1 0 9 2 1 7 1 1 8 1 1 12 1 2 7 1 2 10 2 3 8 2 3 11 1 4 9 1 4 12 1 4 13 1 5 10 1 5 11 1 5 13 1 6 12 1 6 13 1 7 11 1
R 1363 42 63 6 117 3 4 5 2 4 0 1 2 0 3 1 4 1 2 0 3 2 5 1 2 3 0 3 4 1 4 2 0 2 3 5 2 4 5 1 0 0 3 1 3 1 0 0 1 2 1 3 5 5 3 4 0 5 2 4 5 3 0 1 4 4 5 2 | 14 18  0 6 1 0 9 1 0 12 1 1 7 1 1 8 2 2 7 1 2 10 1 2 13 1 3 8 1 3 12 1 3 13 1 4 9 2 4 11 1 5 10 2 5 12 1 6 11 1 6 13 1 7 11 1
R 1364 42 63 6 7642 1 2 3 2 4 0 1 3 2 5 3 1 0 4 1 0 4 5 3 4 5 0 1 2 1 3 4 0 2 1 5 4 1 2 3 0 5 0 3 5 3 0 0 4 5 3 5 1 5 0 4 0 2 4 3 5 2 2 3 1 1 2 4 | 14 18  0 6 1 0 9 2 1 7 1 1 8 1 1 13 1 2 7 1 2 10 1 2 13 1 3 8 2 3 12 1 4 9 1 4 11 1 4 12 1 5 10 2 5 12 1 6 11 1 6 13 1 7 11 1
R 1365 42 63 6 57 1 2 3 2 4 0 1 3 0 1 3 2 0 4 1 4 2 5 3 4 5 0 1 2 3 4 2 0 2 1 5 3 1 2 3 0 5 0 3 4 0 1 0 4 5 3 1 5 5 2 4 0 4 5 3 5 2 0 1 3 1 2 4 | 14 18  0 6 1 0 9 2 1 7 1 1 8 2 2 7 1 2 10 2 3 8 1 3 12 1 3 13 1 4 9 1 4 11 1 4 12 1 5 10 1 5 12 1 5 13 1 6 11 1 6 13 1 7 11 1
R 1366 42 63 6 267 3 4 5 1 2 5 0 3 4 4 0 2 1 0 4 2 0 1 1 2 3 4 3 2 2 4 1 4 0 5 1 0 5 1 3 2 3 0 2 1 0 4 0 1 2 0 3 4 1 5 2 5 1 3 2 3 5 3 4 5 4 5 0 | 14 18  0 6 1 0 9 1 0 13 1 1 7 1 1 8 1 1 11 1 2 7 2 2 10 1 3 8 1 3 12 1 3 13 1 4 9 2 4 11 1 5 10 2 5 12 1 6 12 1 6 13 1 8 11 1
R 1367 42 63 6 727 1 2 3 0 2 5 1 3 4 3 1 2 0 4 2 2 0 1 3 4 5 4 3 2 4 1 5 0 2 1 1 0 3 1 0 3 4 0 2 5 0 3 0 4 5 1 3 4 0 5 2 0 5 4 3 5 1 4 5 3 1 2 2 | 14 18  0 6 1 0 9 2 1 7 1 1 8 1 1 11 1 2 7 2 2 10 1 3 8 1 3 12 1 3 13 1 4 9 1 4 11 1 4 13 1 5 10 2 5 12 1 6 12 1 6 13 1 8 11 1
R 1368 42 63 6 761 1 2 3 0 2 4 5 3 4 1 3 2 0 4 1 0 1 5 3 4 5 4 3 0 2 1 4 0 2 1 5 1 4 0 3 2 3 0 4 0 1 3 0 4 5 5 3 1 1 2 0 0 5 4 3 2 5 2 3 4 1 2 5 | 14 18  0 6 1 0 9 2 1 7 1 1 8 1 1 11 1 2 7 2 2 10 1 3 8 1 3 12 1 3 13 1 4 9 1 4 12 1 4 13 1 5 10 2 5 11 1 6 12 1 6 13 1 8 11 1
R 1369 42 63 6 204 3 1 2 3 1 4 4 5 2 0 2 1 0 4 3 0 1 3 0 2 1 2 4 0 1 0 4 3 4 1 3 5 4 2 3 1 2 4 0 0 3 2 4 5 0 5 2 0 3 0 1 3 5 4 2 5 1 2 4 5 3 1 5 | 14 18  0 6 2 0 9 1 1 7 1 1 8 1 1 11 1 2 7 1 2 10 2 3 8 1 3 12 1 3 13 1 4 9 2 4 12 1 5 10 1 5 11 1 5 13 1 6 12 1 7 13 1 8 11 1
R 1370 42 63 6 224 3 1 2 2 0 1 3 4 1 1 0 3 0 4 3 5 2 4 0 2 1 1 4 0 3 0 2 3 4 1 4 2 3 0 4 5 2 4 0 2 3 1 4 5 0 3 4 5 2 5 0 5 2 4 2 5 1 0 1 3 3 5 1 | 14 18  0 6 2 0 9 1 1 7 1 1 8 1 1 12 1 2 7 1 2 10 1 2 13 1 3 8 1 3 11 1 3 13 1 4 9 2 4 12 1 5 10 2 5 11 1 6 12 1 7 13 1 8 11 1
R 1371 42 63 6 58 3 1 2 2 0 1 3 4 0 5 1 3 0 4 3 1 2 4 0 2 1 1 4 0 3 5 2 3 4 1 2 4 3 0 4 3 2 4 0 0 2 1 4 5 0 3 4 5 2 1 5 0 2 4 2 5 1 0 5 3 3 5 1 | 14 18  0 6 2 0 9 1 1 7 1 1 8 1 1 12 1 2 7 1 2 10 2 3 8 1 3 11 1 3 13 1 4 9 2 4 12 1 5 10 1 5 11 1 5 13 1 6 12 1 7 13 1 8 11 1
R 1372 42 63 6 382 1 2 3 0 2 3 1 4 5 0 1 2 0 4 1 2 0 3 3 4 5 5 4 2 2 1 3 0 2 1 3 0 5 1 4 2 3 0 4 0 1 3 0 4 5 1 5 4 0 3 2 4 3 5 3 2 5 1 4 5 1 2 0 | 14 18  0 6 1 0 9 2 1 7 1 1 8 1 1 13 1 2 7 2 2 10 1 3 8 1 3 11 1 3 12 1 4 9 1 4 12 1 4 13 1 5 10 2 5 11 1 6 12 1 6 13 1 8 11 1
R 1373 42 63 6 73 3 1 2 3 0 4 1 5 2 2 0 1 0 4 3 0 3 4 0 2 1 2 5 4 1 0 4 3 4 1 4 3 2 0 3 1 2 4 0 1 2 3 4 5 0 1 2 5 3 0 4 3 4 5 2 5 1 1 5 2 3 0 5 | 14 18  0 6 2 0 9 1 1 7 1 1 8 1 1 13 1 2 7 1 2 10 1 2 13 1 3 8 1 3 11 1 3 12 1 4 9 2 4 12 1 5 10 2 5 11 1 6 12 1 7 13 1 8 11 1
R 1374 42 63 6 212 3 1 2 3 0 4 2 4 5 2 0 1 0 4 3 3 1 4 0 2 1 5 2 0 1 0 4 3 4 1 3 4 2 0 3 1 2 4 0 2 1 3 4 5 0 1 2 5 3 0 1 3 4 5 2 5 1 5 2 0 3 4 5 | 14 18  0 6 2 0 9 1 1 7 1 1 8 1 1 13 1 2 7 1 2 10 2 3 8 1 3 11 1 3 12 1 4 9 2 4 12 1 5 10 1 5 11 1 5 13 1 6 12 1 7 13 1 8 11 1
R 1375 42 63 6 177 3 4 5 1 0 2 4 5 3 4 0 2 1 0 4 2 0 1 1 2 3 4 2 0 1 3 2 4 0 2 1 5 4 3 1 5 3 0 2 1 0 4 0 1 2 3 5 4 1 0 2 5 1 3 3 5 2 3 4 5 4 5 0 | 14 18  0 6 1 0 9 1 0 13 1 1 7 2 1 8 1 2 7 1 2 10 2 3 8 1 3 12 1 3 13 1 4 9 2 4 11 1 5 10 1 5 11 1 5 12 1 6 12 1 6 13 1 8 11 1
R 1376 42 63 6 65 1 2 3 2 0 4 1 3 5 3 1 2 0 4 2 4 0 1 3 4 5 1 4 0 2 3 5 0 2 1 2 3 1 3 1 0 4 0 2 5 0 3 0 4 5 3 5 1 2 0 4 0 5 4 3 5 1 5 2 3 1 2 4 | 14 18  0 6 1 0 9 2 1 7 2 1 8 1 2 7 1 2 10 2 3 8 1 3 12 1 3 13 1 4 9 1 4 11 1 4 13 1 5 10 1 5 11 1 5 12 1 6 12 1 6 13 1 8 11 1
R 1377 42 63 6 5108 3 1 2 4 1 5 2 3 5 4 0 2 0 2 3 4 0 3 0 2 1 0 5 1 2 4 5 3 4 5 4 3 2 5 2 0 1 0 4 4 1 0 4 5 0 2 3 0 4 0 1 1 5 3 1 4 5 5 1 2 3 3 2 | 14 18  0 6 2 0 9 1 1 7 2 1 8 1 2 7 1 2 10 2 3 8 1 3 12 1 3 13 1 4 9 1 4 11 1 4 13 1 5 10 1 5 11 1 5 12 1 6 12 1 8 11 1 9 13 1
R 1378 42 63 6 556 3 1 2 1 2 4 5 3 4 3 0 1 0 4 3 1 0 2 0 2 1 4 3 0 2 0 1 3 4 1 2 5 4 0 2 3 4 2 0 3 1 4 4 5 0 5 3 0 1 2 0 4 5 2 2 5 1 3 4 5 3 5 1 | 14 18  0 6 2 0 9 1 1 7 1 1 8 1 1 13 1 2 7 2 2 10 1 3 8 1 3 12 1 3 13 1 4 9 2 4 11 1 5 10 1 5 11 1 5 13 1 6 12 1 8 11 1 10 12 1
R 1379 42 63 6 1033 3 4 5 3 5 4 0 1 4 1 0 2 1 2 0 3 2 5 1 2 3 4 1 3 2 0 3 0 2 3 5 2 1 1 0 4 3 2 0 1 0 4 0 1 2 0 1 2 2 5 3 4 5 3 4 5 3 0 4 1 4 5 5 | 14 18  0 6 1 0 9 1 0 11 1 1 7 1 1 8 1 1 13 1 2 7 2 2 10 1 3 8 2 3 11 1 4 9 1 4 12 1 4 13 1 5 10 2 5 12 1 6 12 1 6 13 1 9 11 1
R 1380 42 63 6 65 3 4 5 0 3 4 1 2 4 1 0 2 5 1 3 5 0 2 1 2 3 1 4 3 2 0 3 0 2 3 2 0 3 1 0 4 1 2 5 0 1 4 0 1 2 2 5 1 0 5 3 4 5 3 4 0 2 1 4 3 4 5 5 | 14 18  0 6 1 0 9 1 0 11 1 1 7 2 1 8 1 2 7 1 2 10 1 2 13 1 3 8 2 3 11 1 4 9 1 4 12 1 4 13 1 5 10 2 5 12 1 6 12 1 6 13 1 9 11 1
R 1381 42 63 6 69 3 4 5 0 3 4 1 2 3 1 0 2 1 2 5 0 5 4 1 2 3 1 4 3 2 0 3 0 2 3 0 2 1 1 0 4 2 0 5 3 4 1 0 1 2 2 5 1 0 4 5 4 5 3 4 3 0 3 1 2 4 5 5 | 14 18  0 6 1 0 9 1 0 11 1 1 7 2 1 8 1 2 7 1 2 10 2 3 8 2 3 11 1 4 9 1 4 12 1 4 13 1 5 10 1 5 12 1 5 13 1 6 12 1 6 13 1 9 11 1
R 1382 42 63 6 63 3 4 5 1 2 3 2 0 4 0 5 2 1 2 0 3 4 1 1 2 3 3 0 1 4 2 1 0 2 3 1 4 0 0 1 5 3 2 5 0 3 4 0 1 2 4 0 5 5 3 1 3 4 1 4 5 3 2 5 0 4 5 2 | 14 18  0 6 1 0 9 1 0 11 1 1 7 1 1 8 2 2 7 1 2 11 1 2 12 1 3 8 1 3 11 1 3 13 1 4 9 2 4 10 1 5 10 2 5 12 1 6 12 1 6 13 1 7 13 1
R 1383 42 63 6 124 3 4 5 3 4 5 0 2 4 0 1 2 1 2 0 4 3 1 1 2 3 0 5 4 2 1 4 0 2 4 5 2 1 1 0 3 3 0 2 4 0 1 0 1 2 1 2 0 3 5 1 3 5 4 5 3 4 0 5 2 4 5 3 | 14 18  0 6 1 0 9 1 0 11 1 1 7 2 1 8 1 2 7 1 2 11 1 2 12 1 3 8 2 3 11 1 4 9 1 4 10 2 5 10 1 5 12 1 5 13 1 6 12 1 6 13 1 9 13 1
R 1384 42 63 6 266 3 1 2 2 3 0 0 3 1 1 4 5 0 2 3 4 5 2 0 2 1 1 0 2 5 4 0 3 4 5 2 5 1 2 1 3 0 5 4 4 0 1 4 5 0 4 1 5 5 4 2 2 3 0 1 4 5 0 3 1 3 3 2 | 14 18  0 6 2 0 9 1 1 7 1 1 8 1 1 11 1 2 7 1 2 11 1 2 12 1 3 8 2 3 11 1 4 9 1 4 10 1 4 13 1 5 10 2 5 12 1 6 12 1 7 13 1 9 13 1
R 1385 42 63 6 469 1 2 3 2 4 5 5 0 1 0 3 2 0 4 1 2 4 3 3 4 5 1 0 2 3 4 2 0 2 1 3 4 0 4 0 3 5 4 2 0 1 3 0 4 5 3 0 1 4 2 3 5 1 4 3 2 5 1 5 0 1 2 5 | 14 18  0 6 1 0 9 2 1 7 1 1 8 2 2 7 1 2 11 1 2 12 1 3 8 1 3 11 1 3 13 1 4 9 1 4 10 1 4 11 1 5 10 2 5 12 1 6 12 1 6 13 1 7 13 1
R 1386 42 63 6 72 1 2 3 4 2 3 5 0 1 0 3 2 0 4 1 2 4 3 3 4 5 5 3 2 1 0 2 0 2 1 3 4 0 4 0 3 5 4 2 0 4 1 0 4 5 0 1 5 4 2 3 4 1 5 3 2 5 1 5 0 1 2 3 | 14 18  0 6 1 0 9 2 1 7 2 1 8 1 2 7 1 2 11 1 2 12 1 3 8 1 3 11 1 3 13 1 4 9 1 4 10 1 4 11 1 5 10 2 5 12 1 6 12 1 6 13 1 8 13 1
R 1387 42 63 6 434 1 2 3 1 3 2 3 0 2 0 4 5 0 4 1 2 4 3 3 4 5 2 0 1 5 4 3 0 2 1 3 4 0 1 0 2 2 5 4 4 0 3 0 4 5 4 0 5 5 4 1 1 2 3 3 2 5 1 5 0 1 2 3 | 14 18  0 6 1 0 9 2 1 7 1 1 8 1 1 13 1 2 7 1 2 11 1 2 13 1 3 8 2 3 11 1 4 9 1 4 10 1 4 11 1 5 10 2 5 12 1 6 12 1 6 13 1 7 12 1
R 1388 42 63 6 67 1 2 3 1 3 0 0 3 1 5 4 2 0 4 1 2 4 3 3 4 5 2 0 1 4 3 1 0 2 1 3 4 0 4 3 0 2 5 4 5 0 1 0 4 5 4 2 5 5 2 4 0 1 3 3 2 5 1 5 0 1 2 3 | 14 18  0 6 1 0 9 2 1 7 1 1 8 2 2 7 1 2 11 1 2 13 1 3 8 1 3 11 1 3 13 1 4 9 1 4 10 1 4 11 1 5 10 2 5 12 1 6 12 1 6 13 1 7 12 1
R 1389 42 63 6 72 3 4 5 3 4 2 0 1 2 0 5 4 1 2 0 3 4 1 1 2 3 2 0 5 1 4 3 0 2 3 1 4 0 1 3 5 3 0 2 0 2 1 0 1 2 1 0 5 3 4 5 2 1 3 4 5 3 2 5 0 4 5 4 | 14 18  0 6 1 0 9 1 0 11 1 1 7 1 1 8 2 2 7 1 2 11 1 2 12 1 3 8 1 3 12 1 3 13 1 4 9 2 4 10 1 5 10 2 5 11 1 6 12 1 6 13 1 7 13 1
R 1390 42 63 6 124 3 4 5 3 4 5 1 0 2 0 1 2 1 2 0 2 3 5 1 2 3 0 5 4 2 1 3 0 2 3 1 4 5 0 1 3 0 5 2 1 3 0 0 1 2 1 2 0 3 5 4 4 5 3 4 5 3 0 4 1 4 5 2 | 14 18  0 6 1 0 9 1 0 11 1 1 7 2 1 8 1 2 7 1 2 11 1 2 13 1 3 8 2 3 12 1 4 9 2 4 10 1 5 10 1 5 11 1 5 12 1 6 12 1 6 13 1 10 13 1
R 1391 42 63 6 1604 3 1 2 2 3 0 0 3 2 1 4 3 0 2 3 4 1 5 0 2 1 1 0 2 3 4 2 3 4 5 5 1 0 1 2 3 0 4 5 4 0 1 4 5 0 4 1 5 5 4 1 0 5 2 1 4 5 2 3 0 3 3 2 | 14 18  0 6 2 0 9 1 1 7 1 1 8 1 1 11 1 2 7 1 2 11 1 2 12 1 3 8 2 3 12 1 4 9 1 4 10 1 4 13 1 5 10 2 5 11 1 6 12 1 7 13 1 9 13 1
R 1392 42 63 6 124 3 1 2 2 1 4 3 4 5 0 1 3 0 2 3 2 3 0 0 2 1 5 4 2 3 1 5 3 4 5 1 2 0 0 3 1 2 0 4 0 4 1 4 5 0 3 0 5 0 1 2 2 4 5 1 4 5 5 4 1 3 2 3 | 14 18  0 6 2 0 9 1 1 7 1 1 8 1 1 11 1 2 7 2 2 11 1 3 8 2 3 12 1 4 9 1 4 10 1 4 13 1 5 10 1 5 11 1 5 12 1 6 12 1 9 13 1 10 13 1
R 1393 42 63 6 29554 3 1 2 3 4 2 1 0 2 0 1 4 0 2 3 4 1 5 0 2 1 2 0 3 4 1 5 3 4 5 5 1 2 0 3 4 0 2 4 4 1 0 4 5 0 5 0 1 4 5 3 2 3 5 1 4 5 0 3 2 3 1 2 | 14 18  0 6 2 0 9 1 1 7 1 1 8 1 1 11 1 2 7 1 2 11 1 2 13 1 3 8 2 3 12 1 4 9 1 4 10 1 4 13 1 5 10 2 5 11 1 6 12 1 7 12 1 9 13 1
R 1394 42 63 6 100 1 2 3 2 4 0 0 3 1 5 1 4 0 4 1 2 3 4 3 4 5 1 0 2 3 4 2 0 2 1 3 4 0 3 5 1 5 4 0 0 1 3 0 4 5 3 1 5 5 4 2 0 2 3 3 2 5 1 0 5 1 2 4 | 14 18  0 6 1 0 9 2 1 7 1 1 8 2 2 7 1 2 11 1 2 12 1 3 8 1 3 11 1 3 12 1 4 9 1 4 10 2 5 10 1 5 11 1 5 13 1 6 12 1 6 13 1 7 13 1
R 1395 42 63 6 693 3 1 2 2 3 0 0 3 1 4 5 3 0 2 3 4 2 5 0 2 1 1 0 2 4 3 2 3 4 5 5 2 1 5 3 0 0 5 4 4 0 1 4 5 0 4 1 5 5 4 2 0 2 1 1 4 5 0 3 1 3 3 2 | 14 18  0 6 2 0 9 1 1 7 1 1 8 2 2 7 1 2 11 1 2 12 1 3 8 1 3 11 1 3 12 1 4 9 1 4 10 1 4 13 1 5 10 2 5 11 1 6 12 1 7 13 1 9 13 1
R 1396 42 63 6 104 1 2 3 3 5 4 0 1 2 0 2 1 0 4 1 2 4 3 3 4 5 2 0 3 1 5 3 0 2 1 3 4 0 3 1 2 4 0 2 0 5 1 0 4 5 1 0 2 5 4 3 4 5 3 3 2 5 1 5 0 1 2 4 | 14 18  0 6 1 0 9 2 1 7 1 1 8 2 2 7 1 2 11 1 2 12 1 3 8 1 3 12 1 3 13 1 4 9 1 4 10 1 4 11 1 5 10 2 5 11 1 6 12 1 6 13 1 7 13 1
R 1397 42 63 6 914 3 1 2 5 0 2 0 3 4 3 0 1 0 2 3 4 2 1 0 2 1 2 3 4 1 0 5 3 4 5 1 2 0 1 3 4 2 0 4 5 3 1 4 5 0 1 3 4 5 2 1 2 4 5 1 4 5 3 5 0 3 0 2 | 14 18  0 6 2 0 9 1 1 7 1 1 8 1 1 13 1 2 7 1 2 11 1 2 12 1 3 8 2 3 12 1 4 9 1 4 10 1 4 11 1 5 10 2 5 11 1 6 12 1 7 13 1 9 13 1
R 1398 42 63 6 468 3 1 2 5 2 4 0 3 4 0 4 1 0 2 3 4 2 1 0 2 1 1 4 2 5 0 3 3 4 5 1 2 0 1 3 4 2 0 4 5 0 1 4 5 0 0 3 1 5 2 1 2 5 3 1 4 5 3 5 0 3 4 2 | 14 18  0 6 2 0 9 1 1 7 2 1 8 1 2 7 1 2 11 1 2 12 1 3 8 1 3 12 1 3 13 1 4 9 1 4 10 1 4 11 1 5 10 2 5 11 1 6 12 1 8 13 1 9 13 1
R 1399 42 63 6 86 1 2 3 5 3 4 0 1 2 2 0 1 0 4 1 5 2 3 3 4 5 2 4 3 1 0 5 0 2 1 3 4 0 3 1 2 4 0 2 0 1 3 0 4 5 0 1 2 5 4 3 3 4 5 3 2 5 1 0 4 1 2 5 | 14 18  0 6 1 0 9 2 1 7 2 1 8 1 2 7 1 2 11 1 2 12 1 3 8 2 3 12 1 4 9 1 4 10 1 4 11 1 5 10 1 5 11 1 5 13 1 6 12 1 6 13 1 10 13 1
R 1400 42 63 6 933 3 1 2 2 4 5 0 1 5 3 1 2 0 2 3 5 4 0 0 2 1 5 1 3 0 4 2 3 4 5 1 2 0 0 2 4 1 4 5 0 3 1 4 5 0 0 1 3 2 4 3 5 0 4 1 4 5 3 1 2 3 2 5 | 14 18  0 6 2 0 9 1 1 7 1 1 8 2 2 7 2 2 11 1 3 8 1 3 12 1 3 13 1 4 9 1 4 10 1 4 11 1 5 10 1 5 11 1 5 12 1 6 12 1 9 13 1 10 13 1
R 1401 42 63 6 348 3 1 2 3 0 4 0 2 5 1 0 2 0 2 3 4 1 5 0 2 1 1 4 5 2 0 5 3 4 5 5 1 3 4 2 0 4 1 0 1 2 3 4 5 0 2 1 5 3 1 4 3 4 5 1 4 5 0 2 3 3 0 2 | 14 18  0 6 2 0 9 1 1 7 1 1 8 1 1 13 1 2 7 1 2 11 1 2 13 1 3 8 2 3 12 1 4 9 1 4 10 1 4 11 1 5 10 2 5 11 1 6 12 1 7 13 1 9 12 1
R 1402 42 63 6 175 3 1 2 4 2 3 2 0 4 0 1 2 0 2 3 4 1 5 0 2 1 1 3 4 0 2 4 3 4 5 5 1 2 1 0 4 4 1 0 3 5 0 4 5 0 0 1 5 5 3 1 3 5 4 1 4 5 0 3 2 3 2 2 | 14 18  0 6 2 0 9 1 1 7 1 1 8 2 2 7 1 2 11 1 2 13 1 3 8 1 3 12 1 3 13 1 4 9 1 4 10 1 4 11 1 5 10 2 5 11 1 6 12 1 7 13 1 9 12 1
R 1403 42 63 6 1037 3 4 5 3 4 0 0 1 2 2 1 5 1 2 4 3 0 5 1 2 3 2 0 3 1 4 3 4 2 3 5 0 2 1 0 4 0 3 1 0 2 1 0 1 2 1 2 5 4 3 5 0 4 3 0 5 3 1 4 2 5 4 5 | 14 18  0 6 1 0 9 1 0 11 1 1 7 1 1 8 2 2 7 1 2 11 1 2 12 1 3 8 1 3 12 1 3 13 1 4 9 2 4 10 1 5 10 2 5 12 1 6 11 1 6 13 1 7 13 1
R 1404 42 63 6 72 3 4 5 4 3 2 0 1 2 0 4 5 1 2 4 0 1 3 1 2 3 0 2 3 1 4 2 4 2 0 3 1 4 1 0 4 3 0 2 0 3 1 0 1 2 1 5 0 4 3 5 3 1 2 3 5 0 2 5 4 5 4 5 | 14 18  0 6 1 0 9 1 0 11 1 1 7 2 1 8 1 2 7 1 2 11 1 2 12 1 3 8 1 3 12 1 3 13 1 4 9 2 4 10 1 5 10 2 5 12 1 6 11 1 6 13 1 8 13 1
R 1405 42 63 6 194 3 4 5 4 3 2 0 1 2 0 4 1 1 2 5 0 4 2 1 2 3 0 2 3 1 4 2 0 4 5 3 2 1 1 0 4 0 4 3 5 0 1 0 1 2 1 5 0 4 3 5 3 5 2 3 0 4 5 1 3 5 4 2 | 14 18  0 6 1 0 9 1 0 11 1 1 7 2 1 8 1 2 7 1 2 11 1 2 12 1 3 8 2 3 12 1 4 9 1 4 10 2 5 10 1 5 12 1 5 13 1 6 11 1 6 13 1 9 13 1
R 1406 42 63 6 682 3 4 5 1 3 2 0 1 2 0 5 1 1 0 2 5 3 4 1 2 3 2 5 3 0 3 1 2 0 5 4 3 1 1 0 4 2 5 0 3 0 2 0 1 2 0 4 5 4 3 5 2 3 4 3 4 5 0 2 1 5 4 1 | 14 18  0 6 1 0 9 1 0 11 1 1 7 1 1 8 2 2 7 1 2 11 1 2 13 1 3 8 1 3 12 1 3 13 1 4 9 2 4 10 1 5 10 2 5 12 1 6 11 1 6 12 1 7 13 1
R 1407 42 63 6 634 3 4 5 3 4 0 1 0 2 2 0 1 1 0 2 5 3 4 1 2 3 2 0 3 1 4 3 2 0 5 4 3 2 1 0 4 0 5 1 3 1 2 0 1 2 1 2 5 4 5 3 5 3 4 3 4 5 0 1 2 5 4 0 | 14 18  0 6 1 0 9 1 0 11 1 1 7 1 1 8 1 1 13 1 2 7 2 2 11 1 3 8 1 3 12 1 3 13 1 4 9 2 4 10 1 5 10 2 5 12 1 6 11 1 6 12 1 8 13 1
R 1408 42 63 6 76 3 4 5 4 3 2 0 1 2 2 0 5 1 2 4 3 0 1 1 2 3 0 2 3 1 4 5 4 2 3 1 0 2 1 0 4 3 0 5 3 0 1 0 1 2 1 5 0 4 3 5 3 1 4 0 5 3 4 5 2 5 4 2 | 14 18  0 6 1 0 9 1 0 11 1 1 7 2 1 8 1 2 7 1 2 11 1 2 13 1 3 8 1 3 12 1 3 13 1 4 9 2 4 10 1 5 10 2 5 12 1 6 11 1 6 12 1 8 13 1
R 1409 42 63 6 96 3 4 5 3 4 0 1 0 2 2 4 1 2 3 5 1 0 4 1 2 3 2 0 3 1 4 0 0 2 5 4 0 3 1 0 4 2 5 1 2 1 4 0 1 2 1 2 5 4 5 3 3 5 0 4 1 0 2 5 3 5 4 3 | 14 18  0 6 1 0 9 1 0 11 1 1 7 1 1 8 1 1 13 1 2 7 2 2 11 1 3 8 2 3 12 1 4 9 1 4 10 1 4 13 1 5 10 2 5 12 1 6 11 1 6 12 1 9 13 1
R 1410 42 63 6 128 3 4 5 4 3 2 0 1 2 0 4 1 2 4 1 0 3 2 1 2 3 0 2 3 1 4 2 0 4 5 3 4 2 1 0 4 3 0 1 0 3 1 0 1 2 1 5 0 4 3 5 3 5 2 3 0 5 1 5 4 5 4 2 | 14 18  0 6 1 0 9 1 0 11 1 1 7 2 1 8 1 2 7 1 2 11 1 2 13 1 3 8 2 3 12 1 4 9 1 4 10 2 5 10 1 5 12 1 5 13 1 6 11 1 6 12 1 9 13 1
R 1411 42 63 6 493 3 4 5 3 4 0 1 0 2 1 2 4 3 4 2 0 1 3 1 2 3 2 0 3 1 4 3 2 4 0 5 4 3 1 0 4 2 0 1 0 1 2 0 1 2 1 2 5 4 5 3 0 3 5 5 0 1 2 5 4 5 4 3 | 14 18  0 6 1 0 9 1 0 11 1 1 7 1 1 8 2 2 7 2 2 11 1 3 8 1 3 12 1 3 13 1 4 9 1 4 10 2 5 10 1 5 12 1 5 13 1 6 11 1 6 12 1 9 13 1
R 1412 42 63 6 248 3 4 5 4 3 2 0 1 2 0 4 1 1 2 4 0 3 2 1 2 3 0 2 3 1 4 2 4 2 3 5 0 4 1 0 4 3 0 1 0 3 1 0 1 2 1 5 0 4 3 5 3 5 2 0 5 3 1 5 4 5 4 2 | 14 18  0 6 1 0 9 1 0 11 1 1 7 2 1 8 1 2 7 1 2 11 1 2 13 1 3 8 2 3 12 1 4 9 2 4 10 1 5 10 1 5 12 1 5 13 1 6 11 1 6 12 1 10 13 1
R 1413 42 63 6 19927 3 4 5 2 5 4 0 4 2 3 0 1 1 2 4 5 0 3 1 2 3 1 4 2 0 5 2 4 2 5 3 0 4 1 0 4 2 0 1 3 0 5 0 1 2 0 1 3 5 3 1 4 5 2 0 3 5 1 2 4 5 4 3 | 14 18  0 6 1 0 9 1 0 11 1 1 7 1 1 8 2 2 7 1 2 11 1 2 13 1 3 8 1 3 12 1 3 13 1 4 9 2 4 10 1 5 10 2 5 12 1 6 11 1 6 13 1 7 12 1
R 1414 42 63 6 682 3 4 5 3 4 0 1 0 2 2 1 4 1 2 4 5 0 3 1 2 3 2 0 3 4 1 5 4 2 5 3 0 4 1 0 4 1 0 2 2 1 0 0 1 2 1 2 5 4 5 3 0 5 3 0 3 5 1 2 4 5 4 3 | 14 18  0 6 1 0 9 1 0 11 1 1 7 1 1 8 1 1 13 1 2 7 2 2 11 1 3 8 1 3 12 1 3 13 1 4 9 2 4 10 1 5 10 2 5 12 1 6 11 1 6 13 1 8 12 1
R 1415 42 63 6 1867 3 4 5 3 4 0 1 0 2 2 4 1 0 1 4 2 3 5 1 2 3 2 0 3 1 4 3 2 0 3 5 3 1 1 0 4 0 5 2 2 1 0 0 1 2 1 2 5 4 5 3 0 5 3 5 2 3 0 4 1 5 4 4 | 14 18  0 6 1 0 9 1 0 11 1 1 7 1 1 8 1 1 13 1 2 7 2 2 11 1 3 8 2 3 12 1 4 9 1 4 10 1 4 13 1 5 10 2 5 12 1 6 11 1 6 13 1 9 12 1
R 1416 42 63 6 210 1 2 3 3 4 0 0 2 1 1 4 2 0 4 1 2 3 5 3 4 5 1 0 3 2 4 0 0 2 1 5 3 4 3 2 0 3 2 1 0 5 1 0 4 5 2 1 5 5 4 3 3 5 0 3 2 5 0 1 4 1 2 4 | 14 18  0 6 1 0 9 2 1 7 1 1 8 1 1 12 1 2 7 1 2 11 1 2 13 1 3 8 2 3 12 1 4 9 1 4 10 1 4 11 1 5 10 2 5 12 1 6 11 1 6 13 1 7 13 1
R 1417 42 63 6 378 3 1 2 1 4 2 3 0 4 3 4 0 0 2 3 5 1 2 0 2 1 2 3 5 0 4 2 3 4 5 2 1 4 1 0 5 1 0 3 1 3 0 4 5 0 0 3 5 1 2 5 1 5 2 1 5 4 0 3 4 3 4 2 | 14 18  0 6 2 0 9 1 1 7 1 1 8 1 1 12 1 2 7 1 2 11 1 2 13 1 3 8 2 3 12 1 4 9 1 4 10 1 4 11 1 5 10 2 5 12 1 6 11 1 7 13 1 9 13 1
R 1418 42 63 6 855 1 2 3 0 3 2 0 2 1 1 5 3 0 4 1 2 4 5 3 4 5 1 2 4 3 5 0 0 2 1 5 4 1 3 2 0 4 3 2 1 5 3 0 4 5 5 1 4 3 4 5 2 4 0 3 2 5 0 3 1 1 2 0 | 14 18  0 6 1 0 9 2 1 7 1 1 8 1 1 13 1 2 7 1 2 11 1 2 12 1 3 8 2 3 12 1 4 9 1 4 10 1 4 11 1 5 10 2 5 12 1 6 11 1 6 13 1 7 13 1
R 1419 42 63 6 236 1 2 3 0 3 1 0 2 1 5 2 0 0 4 1 2 3 4 3 4 5 1 2 4 5 3 0 0 2 1 4 3 1 3 2 0 4 0 2 1 5 3 0 4 5 5 2 4 3 4 5 1 3 4 3 2 5 0 5 1 1 2 0 | 14 18  0 6 1 0 9 2 1 7 1 1 8 2 2 7 1 2 11 1 2 12 1 3 8 1 3 12 1 3 13 1 4 9 1 4 10 1 4 11 1 5 10 2 5 12 1 6 11 1 6 13 1 7 13 1
R 1420 42 63 6 96 3 4 5 3 4 1 0 2 4 0 3 2 0 1 2 3 1 5 1 2 3 0 1 4 2 3 1 2 0 5 5 1 2 3 2 0 0 3 4 0 1 4 0 1 2 2 5 0 3 1 5 4 5 1 4 3 5 0 4 2 4 5 3 | 14 18  0 6 1 0 9 1 0 13 1 1 7 2 1 8 1 2 7 1 2 11 1 2 12 1 3 8 2 3 12 1 4 9 1 4 10 1 4 11 1 5 10 2 5 12 1 6 11 1 6 13 1 9 13 1
R 1421 42 63 6 57 3 1 2 1 5 2 3 0 4 0 4 3 0 2 3 5 1 2 0 2 1 2 0 4 3 4 1 3 4 5 2 1 4 1 0 5 2 3 0 3 0 1 4 5 0 3 0 4 1 2 5 2 5 1 1 5 4 0 3 4 3 5 2 | 14 18  0 6 2 0 9 1 1 7 1 1 8 1 1 13 1 2 7 1 2 11 1 2 12 1 3 8 2 3 12 1 4 9 1 4 10 1 4 11 1 5 10 2 5 12 1 6 11 1 7 13 1 9 13 1
R 1422 42 63 6 718 3 1 2 1 4 2 3 0 4 3 0 2 0 2 3 5 1 4 0 2 1 0 2 4 1 3 2 3 4 5 4 1 3 1 0 5 1 2 0 5 3 0 4 5 0 3 5 0 1 2 5 5 4 1 1 5 4 0 2 3 3 4 2 | 14 18  0 6 2 0 9 1 1 7 2 1 8 1 2 7 1 2 11 1 2 12 1 3 8 1 3 12 1 3 13 1 4 9 1 4 10 1 4 11 1 5 10 2 5 12 1 6 11 1 8 13 1 9 13 1
R 1423 42 63 6 1165 1 2 3 3 2 5 0 2 1 1 2 0 0 4 1 2 3 4 3 4 5 1 5 4 0 2 4 0 2 1 4 3 5 3 2 0 1 3 0 3 1 0 0 4 5 0 1 4 3 4 5 3 5 4 3 2 5 0 1 5 1 2 2 | 14 18  0 6 1 0 9 2 1 7 1 1 8 1 1 13 1 2 7 1 2 11 1 2 13 1 3 8 2 3 12 1 4 9 1 4 10 1 4 11 1 5 10 2 5 12 1 6 11 1 6 12 1 7 13 1
R 1424 42 63 6 5711 1 2 3 2 4 3 0 2 1 1 0 2 0 4 1 2 3 5 3 4 5 1 5 4 0 4 2 0 2 1 5 3 4 3 2 0 0 3 1 3 0 1 0 4 5 0 1 5 3 4 5 3 5 4 3 2 5 0 1 4 1 2 2 | 14 18  0 6 1 0 9 2 1 7 1 1 8 2 2 7 1 2 11 1 2 13 1 3 8 1 3 12 1 3 13 1 4 9 1 4 10 1 4 11 1 5 10 2 5 12 1 6 11 1 6 12 1 7 13 1
R 1425 42 63 6 1365 1 2 3 3 4 0 2 0 1 1 0 2 0 4 1 2 3 5 3 4 5 1 0 4 2 4 5 0 2 1 5 3 1 3 2 0 4 3 0 1 2 3 0 4 5 2 1 5 3 5 4 3 5 4 3 2 5 0 4 1 1 2 0 | 14 18  0 6 1 0 9 2 1 7 1 1 8 1 1 13 1 2 7 2 2 11 1 3 8 1 3 12 1 3 13 1 4 9 1 4 10 1 4 11 1 5 10 2 5 12 1 6 11 1 6 12 1 8 13 1
R 1426 42 63 6 2997 1 2 3 1 0 2 0 2 1 3 4 0 0 4 1 2 3 5 3 4 5 3 2 1 0 4 5 0 2 1 5 3 1 3 2 0 2 3 4 4 1 0 0 4 5 4 3 5 5 4 3 1 2 5 3 2 5 0 4 1 1 2 0 | 14 18  0 6 1 0 9 2 1 7 1 1 8 1 1 13 1 2 7 1 2 11 1 2 13 1 3 8 2 3 12 1 4 9 1 4 10 1 4 11 1 5 10 2 5 12 1 6 11 1 6 13 1 7 12 1
R 1427 42 63 6 2166 1 2 3 2 5 3 0 2 1 1 0 2 0 4 1 2 4 5 3 4 5 1 0 3 4 5 2 0 2 1 5 4 3 3 2 0 0 5 1 4 0 1 0 4 5 4 0 1 5 4 3 3 4 5 3 2 5 0 1 3 1 2 2 | 14 18  0 6 1 0 9 2 1 7 1 1 8 2 2 7 1 2 11 1 2 13 1 3 8 1 3 12 1 3 13 1 4 9 1 4 10 1 4 11 1 5 10 2 5 12 1 6 11 1 6 13 1 7 12 1
R 1428 42 63 6 1785 3 1 2 4 5 3 3 0 4 0 1 2 0 2 3 5 1 4 0 2 1 2 3 5 0 5 4 3 4 5 4 1 2 1 0 5 3 1 0 3 1 0 4 5 0 0 1 2 1 2 5 3 5 4 1 5 4 0 3 2 3 4 2 | 14 18  0 6 2 0 9 1 1 7 1 1 8 2 2 7 1 2 11 1 2 13 1 3 8 1 3 12 1 3 13 1 4 9 1 4 10 1 4 11 1 5 10 2 5 12 1 6 11 1 7 12 1 9 13 1
R 1429 42 63 6 65 3 4 5 1 0 4 3 4 2 5 0 3 1 2 0 0 1 2 1 2 3 2 4 0 3 0 2 0 2 3 5 1 2 1 0 4 1 3 4 1 3 5 0 1 2 3 5 2 1 5 0 1 4 2 4 5 3 4 3 5 5 4 0 | 14 18  0 6 1 0 9 1 0 11 1 1 7 1 1 8 1 1 13 1 2 7 2 2 12 1 3 8 2 3 12 1 4 9 2 4 10 1 5 10 1 5 11 1 5 12 1 6 11 1 6 13 1 10 13 1
R 1430 42 63 6 361 3 4 5 5 2 4 3 0 4 3 0 1 1 2 0 0 1 2 1 2 3 3 4 2 1 0 4 0 2 3 5 1 2 1 0 4 2 0 3 1 3 5 0 1 2 0 1 3 5 1 2 2 5 4 4 5 3 4 3 5 5 4 0 | 14 18  0 6 1 0 9 1 0 11 1 1 7 2 1 8 1 2 7 1 2 12 1 2 13 1 3 8 2 3 12 1 4 9 2 4 10 1 5 10 1 5 11 1 5 12 1 6 11 1 6 13 1 10 13 1
R 1431 42 63 6 10159 3 4 5 3 5 1 1 0 3 0 2 3 1 2 4 3 0 5 1 2 4 4 1 5 0 5 3 4 2 3 5 0 4 1 0 3 2 0 1 1 2 0 0 1 2 0 2 4 2 4 5 1 5 4 0 5 3 1 2 4 5 3 3 | 14 18  0 6 1 0 9 1 0 11 1 1 7 1 1 8 2 2 7 1 2 12 1 2 13 1 3 8 1 3 12 1 3 13 1 4 9 2 4 10 1 5 10 2 5 11 1 6 11 1 6 12 1 7 13 1
R 1432 42 63 6 311 3 4 5 1 2 3 4 3 0 5 2 4 3 0 4 1 0 2 1 2 3 0 3 2 4 2 3 4 0 2 2 0 3 1 0 4 1 5 0 1 4 5 0 1 2 4 5 0 1 5 2 0 1 3 5 1 2 4 5 3 5 4 3 | 14 18  0 6 1 0 9 1 0 11 1 1 7 1 1 8 1 1 13 1 2 7 2 2 12 1 3 8 2 3 12 1 4 9 1 4 10 1 4 13 1 5 10 2 5 11 1 6 11 1 6 12 1 9 13 1
R 1433 42 63 6 1029 3 4 5 5 1 3 4 2 3 2 0 4 3 0 4 1 0 2 1 2 3 2 3 1 4 0 3 4 0 2 2 0 3 1 0 4 2 0 5 1 4 5 0 1 2 0 4 2 5 1 0 1 5 3 5 1 2 4 5 3 5 4 3 | 14 18  0 6 1 0 9 1 0 11 1 1 7 2 1 8 1 2 7 1 2 12 1 2 13 1 3 8 2 3 12 1 4 9 1 4 10 1 4 13 1 5 10 2 5 11 1 6 11 1 6 12 1 9 13 1
R 1434 42 63 6 192 3 4 5 1 0 3 4 5 2 5 0 4 2 3 4 0 1 2 1 2 3 2 5 0 4 0 2 0 2 4 5 3 2 1 0 4 3 1 5 4 1 0 0 1 2 4 5 2 1 3 0 1 3 2 5 0 1 4 3 5 5 4 3 | 14 18  0 6 1 0 9 1 0 11 1 1 7 1 1 8 1 1 13 1 2 7 2 2 12 1 3 8 2 3 12 1 4 9 1 4 10 2 5 10 1 5 11 1 5 13 1 6 11 1 6 12 1 9 13 1
R 1435 42 63 6 407 3 4 5 5 2 3 4 0 3 4 0 1 2 3 4 0 1 2 1 2 3 4 3 2 1 0 3 0 2 4 5 3 2 1 0 4 2 0 5 4 1 0 0 1 2 0 1 4 5 1 2 2 5 3 5 0 1 4 3 5 5 4 3 | 14 18  0 6 1 0 9 1 0 11 1 1 7 2 1 8 1 2 7 1 2 12 1 2 13 1 3 8 2 3 12 1 4 9 1 4 10 2 5 10 1 5 11 1 5 13 1 6 11 1 6 12 1 9 13 1
R 1436 42 63 6 100 3 4 5 0 2 4 3 4 1 5 2 3 1 2 0 4 3 1 1 2 3 1 4 0 3 2 4 0 2 4 5 2 1 3 0 2 3 1 5 4 0 1 0 1 2 3 5 1 2 5 0 0 1 4 5 3 4 0 5 2 4 5 3 | 14 18  0 6 1 0 9 1 0 12 1 1 7 1 1 8 1 1 11 1 2 7 2 2 12 1 3 8 2 3 12 1 4 9 1 4 10 2 5 10 1 5 11 1 5 13 1 6 11 1 6 13 1 9 13 1
R 1437 42 63 6 202 3 4 5 0 2 4 1 4 3 5 1 2 0 1 2 3 4 0 1 2 3 3 4 0 2 1 4 2 0 5 4 1 0 1 0 2 5 2 3 0 1 4 0 1 2 1 5 3 2 5 0 0 3 4 4 3 5 2 5 1 4 5 3 | 14 18  0 6 1 0 9 1 0 13 1 1 7 1 1 8 1 1 11 1 2 7 2 2 12 1 3 8 2 3 12 1 4 9 1 4 10 2 5 10 1 5 11 1 5 12 1 6 11 1 6 13 1 9 13 1
R 1438 42 63 6 215 3 4 5 0 2 4 1 4 3 5 1 2 1 2 0 3 4 0 1 2 3 3 4 0 2 1 4 0 2 4 1 5 0 1 0 2 5 2 3 0 1 4 0 1 2 1 5 3 2 5 0 0 3 4 3 5 4 2 5 1 4 5 3 | 14 18  0 6 1 0 9 1 0 13 1 1 7 1 1 8 1 1 11 1 2 7 2 2 12 1 3 8 2 3 12 1 4 9 2 4 10 1 5 10 1 5 11 1 5 12 1 6 11 1 6 13 1 10 13 1
R 1439 42 63 6 65 1 2 3 2 4 5 0 3 1 0 1 2 0 4 1 2 3 4 3 4 5 1 0 4 3 4 2 0 2 1 3 4 0 3 2 0 4 2 1 0 3 1 0 4 5 3 0 1 2 4 5 5 3 4 3 2 5 1 5 0 1 2 5 | 14 18  0 6 1 0 9 2 1 7 1 1 8 2 2 7 1 2 11 1 2 12 1 3 8 1 3 12 1 3 13 1 4 9 1 4 10 2 5 10 1 5 11 1 5 12 1 6 11 1 6 13 1 7 13 1
R 1440 42 63 6 686 3 4 5 5 3 0 2 1 4 2 5 1 0 1 2 3 4 0 1 2 3 2 0 3 1 5 4 2 0 5 4 1 0 1 0 2 2 5 3 0 1 4 0 1 2 1 4 2 5 3 0 0 3 4 4 3 5 2 5 1 4 5 3 | 14 18  0 6 1 0 9 1 0 13 1 1 7 2 1 8 1 2 7 1 2 11 1 2 12 1 3 8 2 3 12 1 4 9 1 4 10 2 5 10 1 5 11 1 5 12 1 6 11 1 6 13 1 9 13 1
R 1441 42 63 6 699 3 4 5 5 3 0 2 1 4 2 5 1 1 2 0 3 4 0 1 2 3 2 0 3 1 5 4 0 2 4 1 5 0 1 0 2 2 5 3 0 1 4 0 1 2 1 4 2 5 3 0 0 3 4 3 5 4 2 5 1 4 5 3 | 14 18  0 6 1 0 9 1 0 13 1 1 7 2 1 8 1 2 7 1 2 11 1 2 12 1 3 8 2 3 12 1 4 9 2 4 10 1 5 10 1 5 11 1 5 12 1 6 11 1 6 13 1 10 13 1
R 1442 42 63 6 10525 1 2 4 3 5 4 1 0 2 1 0 2 0 3 1 5 2 4 3 4 5 2 1 5 2 0 5 0 2 1 4 2 3 5 4 0 3 0 1 1 0 3 0 3 5 0 1 2 3 4 5 3 4 5 4 5 2 0 1 3 1 2 4 | 14 18  0 6 1 0 9 2 1 7 1 1 8 1 1 13 1 2 7 1 2 12 1 2 13 1 3 8 2 3 12 1 4 9 1 4 10 1 4 11 1 5 10 2 5 11 1 6 11 1 6 12 1 7 13 1
R 1443 42 63 6 494 3 1 2 0 3 4 1 4 5 5 2 0 0 4 3 1 2 0 0 2 1 2 4 0 3 2 4 3 4 1 0 2 4 4 2 1 1 0 5 1 3 5 4 5 0 1 5 2 3 0 2 1 3 4 2 5 1 3 5 4 3 5 0 | 14 18  0 6 2 0 9 1 1 7 1 1 8 1 1 12 1 2 7 1 2 11 1 2 13 1 3 8 1 3 11 1 3 13 1 4 9 2 4 10 1 5 10 2 5 12 1 6 12 1 7 11 1 8 13 1
R 1444 42 63 6 7202 3 1 2 3 1 4 1 0 2 5 0 1 0 2 3 4 2 5 0 2 1 2 5 3 1 0 4 3 4 5 5 2 1 3 0 2 0 5 4 4 1 0 4 5 0 0 5 2 4 5 3 2 3 4 1 4 5 0 3 1 3 1 2 | 14 18  0 6 2 0 9 1 1 7 1 1 8 1 1 12 1 2 7 1 2 11 1 2 13 1 3 8 2 3 11 1 4 9 1 4 10 1 4 13 1 5 10 2 5 12 1 6 12 1 7 11 1 9 13 1
R 1445 42 63 6 27713 3 1 2 1 0 2 5 4 0 5 4 3 0 2 3 4 2 5 0 2 1 2 3 0 3 4 0 3 4 5 5 2 0 1 4 2 1 5 4 4 1 0 4 5 0 4 5 3 1 3 2 1 2 0 1 4 5 1 3 0 3 5 2 | 14 18  0 6 2 0 9 1 1 7 1 1 8 1 1 13 1 2 7 1 2 11 1 2 12 1 3 8 2 3 11 1 4 9 1 4 10 1 4 13 1 5 10 2 5 12 1 6 12 1 7 11 1 9 13 1
R 1446 42 63 6 10585 1 2 4 0 1 2 3 0 2 5 1 4 0 3 1 5 2 4 3 4 5 2 4 5 4 1 3 0 2 1 4 2 3 5 1 2 5 4 0 3 0 1 0 3 5 3 5 4 1 4 5 0 2 3 4 5 2 0 1 3 1 2 0 | 14 18  0 6 1 0 9 2 1 7 1 1 8 1 1 13 1 2 7 1 2 11 1 2 13 1 3 8 2 3 11 1 4 9 1 4 10 1 4 12 1 5 10 2 5 12 1 6 12 1 6 13 1 7 11 1
R 1447 42 63 6 210 3 1 2 2 0 4 3 4 5 1 2 0 0 4 3 1 2 0 0 2 1 5 4 2 0 3 4 3 4 1 0 2 4 4 1 5 5 1 0 2 1 3 4 5 0 3 1 5 1 2 0 5 3 4 2 5 1 3 5 4 3 0 2 | 14 18  0 6 2 0 9 1 1 7 1 1 8 1 1 13 1 2 7 1 2 11 1 2 13 1 3 8 1 3 11 1 3 13 1 4 9 2 4 10 1 5 10 2 5 12 1 6 12 1 7 11 1 8 12 1
R 1448 42 63 6 45968 3 1 2 1 3 2 1 0 2 4 0 3 0 2 3 4 1 5 0 2 1 2 5 3 3 0 2 3 4 5 5 1 2 3 0 4 1 0 4 4 1 0 4 5 0 0 4 5 4 5 3 1 5 2 1 4 5 0 3 2 3 1 2 | 14 18  0 6 2 0 9 1 1 7 1 1 8 1 1 12 1 2 7 1 2 11 1 2 13 1 3 8 2 3 12 1 4 9 1 4 10 1 4 13 1 5 10 2 5 11 1 6 12 1 7 11 1 9 13 1
R 1449 42 63 6 38977 3 4 5 1 0 2 3 4 2 5 0 4 1 2 4 5 0 1 1 2 3 2 3 0 4 0 3 4 2 5 1 0 3 4 1 2 1 0 2 1 0 4 0 1 2 4 5 3 1 0 5 1 2 3 0 3 5 2 4 3 4 5 5 | 14 18  0 6 1 0 9 1 0 13 1 1 7 1 1 8 1 1 13 1 2 7 1 2 11 1 2 12 1 3 8 2 3 12 1 4 9 2 4 10 1 5 10 2 5 11 1 6 12 1 6 13 1 7 11 1
R 1450 42 63 6 236 1 2 3 2 3 5 2 0 1 1 0 2 0 4 1 2 3 4 3 4 5 5 0 4 1 3 2 0 2 1 3 4 0 3 5 1 4 2 0 1 3 0 0 4 5 1 0 4 3 4 5 5 3 4 3 2 5 1 0 5 1 2 2 | 14 18  0 6 1 0 9 2 1 7 1 1 8 2 2 7 1 2 11 1 2 12 1 3 8 1 3 12 1 3 13 1 4 9 1 4 10 2 5 10 1 5 11 1 5 13 1 6 12 1 6 13 1 7 11 1
R 1451 42 63 6 647 3 1 2 1 0 2 3 4 2 5 0 3 0 2 3 4 1 5 0 2 1 2 3 0 3 0 2 3 4 5 5 1 3 4 1 2 1 0 4 4 1 0 4 5 0 4 5 3 1 0 5 1 4 2 1 4 5 0 2 3 3 5 2 | 14 18  0 6 2 0 9 1 1 7 1 1 8 1 1 13 1 2 7 1 2 11 1 2 12 1 3 8 2 3 12 1 4 9 1 4 10 1 4 13 1 5 10 2 5 11 1 6 12 1 7 11 1 9 13 1
R 1452 42 63 6 2471 3 1 2 3 5 1 1 0 3 4 0 2 0 2 3 4 5 2 0 2 1 2 1 5 0 5 3 3 4 5 2 5 1 0 2 4 1 4 0 4 1 0 4 5 0 0 2 4 4 5 2 1 5 3 1 4 5 0 3 1 3 3 2 | 14 18  0 6 2 0 9 1 1 7 1 1 8 2 2 7 1 2 11 1 2 12 1 3 8 1 3 12 1 3 13 1 4 9 1 4 10 1 4 13 1 5 10 2 5 11 1 6 12 1 7 11 1 9 13 1
R 1453 42 63 6 197 3 1 2 1 0 2 1 3 5 5 0 3 0 2 3 1 4 2 0 2 1 2 4 5 3 0 4 3 4 5 1 2 0 3 2 0 1 0 5 5 1 3 4 5 0 3 5 4 0 4 2 1 2 4 1 4 5 3 5 0 3 1 2 | 14 18  0 6 2 0 9 1 1 7 1 1 8 1 1 13 1 2 7 1 2 11 1 2 12 1 3 8 2 3 12 1 4 9 1 4 10 2 5 10 1 5 11 1 5 13 1 6 12 1 7 11 1 9 13 1
R 1454 42 63 6 299 3 1 2 2 1 5 5 0 3 3 0 2 0 2 3 1 4 2 0 2 1 3 5 1 0 1 2 3 4 5 1 2 0 0 4 3 4 5 0 5 1 3 4 5 0 0 3 4 4 1 2 5 1 4 1 4 5 3 5 0 3 2 2 | 14 18  0 6 2 0 9 1 1 7 1 1 8 2 2 7 1 2 11 1 2 12 1 3 8 1 3 12 1 3 13 1 4 9 1 4 10 2 5 10 1 5 11 1 5 13 1 6 12 1 7 11 1 9 13 1
R 1455 42 63 6 220 1 2 3 3 2 4 5 1 0 0 1 2 0 4 1 2 3 0 3 4 5 4 1 3 2 1 3 0 2 1 3 4 0 1 2 5 4 0 2 5 0 3 0 4 5 5 0 1 2 3 4 4 5 3 3 2 5 1 4 5 1 2 0 | 14 18  0 6 1 0 9 2 1 7 1 1 8 1 1 13 1 2 7 1 2 11 1 2 13 1 3 8 2 3 12 1 4 9 1 4 10 2 5 10 1 5 11 1 5 12 1 6 12 1 6 13 1 7 11 1
R 1456 42 63 6 5730 3 1 2 3 0 4 3 1 5 1 0 2 0 2 4 5 2 3 0 2 1 5 1 4 2 0 5 3 4 5 3 2 4 1 0 5 4 1 0 2 1 0 4 5 0 2 1 5 0 2 4 3 4 5 1 5 3 0 1 4 3 3 2 | 14 18  0 6 2 0 9 1 1 7 1 1 8 1 1 13 1 2 7 1 2 11 1 2 13 1 3 8 2 3 12 1 4 9 1 4 10 1 4 13 1 5 10 2 5 11 1 6 12 1 7 11 1 9 12 1
R 1457 42 63 6 8147 3 1 2 2 5 3 0 3 4 0 1 2 0 2 4 5 1 2 0 2 1 4 3 5 0 5 2 3 4 5 2 1 4 3 1 0 4 1 0 0 1 5 4 5 0 0 1 4 1 5 2 3 5 4 1 5 3 0 3 4 3 2 2 | 14 18  0 6 2 0 9 1 1 7 1 1 8 2 2 7 1 2 11 1 2 13 1 3 8 1 3 12 1 3 13 1 4 9 1 4 10 1 4 13 1 5 10 2 5 11 1 6 12 1 7 11 1 9 12 1
R 1458 42 63 6 2360 3 1 2 3 0 4 2 5 4 1 0 2 0 2 3 1 5 0 0 2 1 4 5 1 2 0 5 3 4 5 1 2 0 5 3 4 4 1 0 1 2 3 4 5 0 2 1 5 3 1 0 3 4 5 1 4 5 3 2 4 3 0 2 | 14 18  0 6 2 0 9 1 1 7 1 1 8 1 1 13 1 2 7 1 2 11 1 2 13 1 3 8 2 3 12 1 4 9 1 4 10 2 5 10 1 5 11 1 5 13 1 6 12 1 7 11 1 9 12 1
R 1459 42 63 6 165 3 1 2 2 5 1 3 1 4 3 0 4 0 4 3 1 2 0 0 2 1 0 3 5 4 5 2 3 4 1 0 2 3 2 0 4 0 1 5 2 3 1 4 5 0 4 0 3 2 5 0 1 2 5 2 5 1 5 3 4 3 1 4 | 14 18  0 6 2 0 9 1 1 7 1 1 8 2 2 7 1 2 11 1 2 13 1 3 8 1 3 12 1 3 13 1 4 9 2 4 10 1 5 10 1 5 11 1 5 13 1 6 12 1 7 11 1 10 12 1
R 1460 42 63 6 2535 3 1 2 3 4 0 1 0 2 2 5 4 0 2 3 4 1 5 0 2 1 2 0 3 1 5 0 3 4 5 5 1 2 4 1 0 0 5 4 1 2 3 4 5 0 1 2 5 4 5 3 3 1 0 1 4 5 0 3 2 3 4 2 | 14 18  0 6 2 0 9 1 1 7 1 1 8 1 1 13 1 2 7 2 2 11 1 3 8 1 3 12 1 3 13 1 4 9 1 4 10 1 4 11 1 5 10 2 5 12 1 6 12 1 8 13 1 9 11 1
R 1461 42 63 6 803 3 1 2 1 5 4 3 0 4 3 0 2 0 2 3 4 2 5 0 2 1 2 3 5 2 0 5 3 4 5 5 2 3 4 0 1 1 0 4 3 0 1 4 5 0 0 3 2 1 2 5 1 4 5 1 4 5 0 1 3 3 4 2 | 14 18  0 6 2 0 9 1 1 7 1 1 8 1 1 13 1 2 7 1 2 12 1 2 13 1 3 8 2 3 12 1 4 9 1 4 10 1 4 11 1 5 10 2 5 11 1 6 12 1 7 13 1 9 11 1
R 1462 42 63 6 268 3 1 2 2 3 0 3 4 2 4 1 5 0 2 3 0 1 3 0 2 1 1 0 2 4 3 2 3 4 5 0 5 2 3 1 4 1 0 5 4 0 1 4 5 0 4 1 5 5 1 0 0 3 2 1 5 4 4 2 5 3 3 2 | 14 19  0 6 2 0 9 1 1 7 1 1 8 2 2 7 1 2 10 1 2 11 1 3 8 1 3 10 1 3 11 1 4 9 1 4 11 1 4 12 1 5 10 1 5 12 1 5 13 1 6 12 1 7 13 1 9 13 1
R 1463 42 63 6 102 1 2 3 1 4 0 0 3 2 3 2 1 0 4 2 5 1 4 3 4 5 2 0 1 3 4 1 0 2 1 4 3 2 1 0 3 5 0 2 0 5 3 0 4 5 3 2 5 5 1 4 0 5 4 3 5 1 0 2 3 1 2 4 | 14 19  0 6 1 0 9 2 1 7 1 1 8 2 2 7 1 2 10 1 2 11 1 3 8 1 3 10 1 3 12 1 4 9 1 4 11 1 4 13 1 5 10 1 5 11 1 5 12 1 6 12 1 6 13 1 7 13 1
R 1464 42 63 6 1638 3 4 5 0 2 3 1 4 2 0 3 4 1 0 4 2 5 1 1 2 3 4 3 2 1 0 2 4 0 2 5 4 1 1 0 3 0 5 2 0 1 4 0 1 2 1 5 4 0 3 5 5 2 1 3 5 2 0 4 3 4 5 3 | 14 19  0 6 1 0 9 1 0 13 1 1 7 2 1 8 1 2 7 1 2 10 1 2 11 1 3 8 1 3 10 1 3 12 1 4 9 2 4 11 1 5 10 1 5 11 1 5 12 1 6 12 1 6 13 1 8 13 1
R 1465 42 63 6 94 3 4 5 4 3 5 0 1 3 1 0 2 1 2 3 0 4 5 1 2 3 1 5 3 2 0 3 0 2 4 0 3 5 1 2 4 1 5 0 4 0 1 0 1 2 0 2 1 4 5 2 4 5 3 5 4 0 1 3 2 4 5 3 | 14 19  0 6 1 0 9 1 0 10 1 1 7 2 1 8 1 2 7 1 2 11 1 2 13 1 3 8 2 3 12 1 4 9 1 4 10 1 4 11 1 5 10 1 5 11 1 5 12 1 6 12 1 6 13 1 9 13 1
R 1466 42 63 6 361 3 4 5 2 3 5 4 0 1 4 1 3 1 2 3 0 2 4 1 2 3 1 0 3 4 3 2 0 2 4 0 3 5 4 2 1 1 2 5 4 0 1 0 1 2 4 0 1 2 5 3 5 0 2 5 4 0 1 5 3 4 5 3 | 14 19  0 6 1 0 9 1 0 10 1 1 7 1 1 8 2 2 7 2 2 11 1 3 8 1 3 12 1 3 13 1 4 9 1 4 10 1 4 11 1 5 10 1 5 11 1 5 12 1 6 12 1 6 13 1 9 13 1
R 1467 42 63 6 57 3 4 5 5 2 3 0 1 4 0 1 4 1 2 3 0 2 5 1 2 3 0 3 2 4 1 3 0 2 3 0 1 4 1 2 5 2 0 4 3 0 1 0 1 2 1 4 0 5 3 2 2 5 3 4 5 0 3 1 4 4 5 5 | 14 19  0 6 1 0 9 1 0 10 1 1 7 2 1 8 1 2 7 1 2 11 1 2 13 1 3 8 2 3 12 1 4 9 1 4 10 1 4 11 1 5 10 1 5 12 1 5 13 1 6 11 1 6 12 1 9 13 1
R 1468 42 63 6 65 3 4 5 2 3 0 0 2 4 1 5 3 1 2 0 1 2 4 1 2 3 1 0 4 5 3 2 0 2 3 1 0 4 3 2 5 0 4 1 0 3 1 0 1 2 5 1 4 3 1 5 0 2 4 4 5 3 5 0 3 4 5 2 | 14 19  0 6 1 0 9 1 0 10 1 1 7 1 1 8 2 2 7 1 2 11 1 2 13 1 3 8 1 3 12 1 3 13 1 4 9 2 4 10 1 5 10 1 5 11 1 5 12 1 6 11 1 6 12 1 7 13 1
R 1469 42 63 6 73 3 4 5 3 2 4 1 0 4 0 1 3 1 2 5 0 2 4 1 2 3 0 4 2 3 1 2 0 2 3 0 1 4 3 0 2 0 4 1 3 1 4 0 1 2 1 5 0 3 5 2 4 5 2 4 3 0 5 1 3 4 5 5 | 14 19  0 6 1 0 9 1 0 10 1 1 7 2 1 8 1 2 7 1 2 11 1 2 13 1 3 8 2 3 12 1 4 9 1 4 10 1 4 13 1 5 10 1 5 11 1 5 12 1 6 11 1 6 12 1 9 13 1
R 1470 42 63 6 4626 3 4 5 0 1 3 4 5 3 5 1 2 1 2 3 0 2 4 1 2 3 3 5 2 2 1 4 0 2 4 0 3 5 1 5 2 0 1 3 4 0 1 0 1 2 4 5 2 0 1 2 0 3 4 5 4 0 1 3 5 4 5 3 | 14 19  0 6 1 0 9 1 0 10 1 1 7 1 1 8 1 1 13 1 2 7 2 2 12 1 3 8 2 3 12 1 4 9 1 4 10 1 4 11 1 5 10 1 5 11 1 5 12 1 6 11 1 6 13 1 9 13 1
R 1471 42 63 6 57 3 4 5 4 2 3 0 1 3 0 1 4 1 2 3 0 2 5 1 2 3 0 3 2 4 1 3 0 2 4 0 3 5 1 5 2 2 1 0 4 0 1 0 1 2 1 5 0 4 5 2 2 5 3 5 4 0 1 3 4 4 5 3 | 14 19  0 6 1 0 9 1 0 10 1 1 7 2 1 8 1 2 7 1 2 12 1 2 13 1 3 8 2 3 12 1 4 9 1 4 10 1 4 11 1 5 10 1 5 11 1 5 12 1 6 11 1 6 13 1 9 13 1
R 1472 42 63 6 4626 3 4 5 0 1 4 3 5 4 5 1 2 1 2 3 0 2 5 1 2 3 4 5 2 2 1 3 0 2 3 0 3 4 1 5 2 0 1 4 3 0 1 0 1 2 3 5 2 0 1 2 0 4 3 4 5 0 1 3 4 4 5 5 | 14 19  0 6 1 0 9 1 0 10 1 1 7 1 1 8 1 1 13 1 2 7 2 2 12 1 3 8 2 3 12 1 4 9 1 4 10 1 4 11 1 5 10 1 5 11 1 5 13 1 6 11 1 6 12 1 9 13 1
R 1473 42 63 6 62 3 4 5 0 2 4 5 1 4 1 0 3 1 2 3 0 2 5 1 2 3 1 4 2 3 0 2 0 2 3 0 3 4 1 5 2 1 0 4 3 0 1 0 1 2 3 5 1 0 3 2 4 5 2 4 5 0 1 3 4 4 5 5 | 14 19  0 6 1 0 9 1 0 10 1 1 7 2 1 8 1 2 7 1 2 12 1 2 13 1 3 8 2 3 12 1 4 9 1 4 10 1 4 11 1 5 10 1 5 11 1 5 13 1 6 11 1 6 12 1 9 13 1
R 1474 42 63 6 73 3 4 5 2 3 0 1 0 4 1 4 5 1 2 5 2 3 0 1 2 3 4 0 2 1 3 2 0 2 3 0 1 4 3 1 4 3 0 5 2 0 1 0 1 2 1 4 5 3 5 2 0 2 3 4 3 0 5 1 4 4 5 5 | 14 19  0 6 1 0 9 1 0 10 1 1 7 1 1 8 2 2 7 2 2 11 1 3 8 1 3 12 1 3 13 1 4 9 1 4 10 1 4 11 1 5 10 1 5 12 1 5 13 1 6 12 1 6 13 1 9 11 1
R 1475 42 63 6 73 3 4 5 1 0 4 2 4 3 5 0 2 1 2 5 0 3 1 1 2 3 3 4 0 2 0 3 0 2 3 0 1 4 3 1 4 1 2 5 2 1 0 0 1 2 2 5 3 1 5 0 1 4 3 4 3 0 5 2 4 4 5 5 | 14 19  0 6 1 0 9 1 0 10 1 1 7 1 1 8 1 1 13 1 2 7 2 2 12 1 3 8 2 3 12 1 4 9 1 4 10 1 4 11 1 5 10 1 5 11 1 5 13 1 6 12 1 6 13 1 9 11 1
R 1476 42 63 6 4827 3 4 5 2 3 5 1 0 4 0 2 4 1 2 5 0 3 1 1 2 3 0 5 3 4 2 1 0 2 3 0 1 4 3 1 4 3 2 0 2 1 0 0 1 2 1 4 0 2 5 3 3 5 1 4 3 0 5 2 4 4 5 5 | 14 19  0 6 1 0 9 1 0 10 1 1 7 2 1 8 1 2 7 1 2 12 1 2 13 1 3 8 2 3 12 1 4 9 1 4 10 1 4 11 1 5 10 1 5 11 1 5 13 1 6 12 1 6 13 1 9 11 1
R 1477 42 63 6 1960 3 1 2 3 4 1 2 5 4 0 2 5 0 2 3 3 1 4 0 2 1 1 2 3 5 4 3 3 4 5 1 0 2 2 0 4 1 0 5 5 3 1 4 5 0 5 0 2 0 3 1 1 3 4 1 4 5 5 2 0 3 4 2 | 14 19  0 6 2 0 9 1 1 7 1 1 8 2 2 7 1 2 10 1 2 11 1 3 8 1 3 11 1 3 12 1 4 9 1 4 10 1 4 11 1 5 10 1 5 12 1 5 13 1 6 12 1 7 13 1 9 13 1
R 1478 42 63 6 72 1 2 3 3 0 4 2 3 4 1 0 2 0 4 1 1 2 3 3 4 5 1 4 0 2 0 4 0 2 1 3 0 4 1 2 3 4 5 2 1 3 0 0 4 5 2 1 5 5 1 0 3 5 4 3 2 5 5 0 4 1 2 3 | 14 19  0 6 1 0 9 2 1 7 1 1 8 1 1 13 1 2 7 1 2 10 1 2 11 1 3 8 2 3 11 1 4 9 1 4 10 1 4 11 1 5 10 1 5 12 1 5 13 1 6 12 1 6 13 1 7 12 1
R 1479 42 63 6 472 3 1 2 1 3 5 2 5 4 0 2 1 0 2 3 1 4 0 0 2 1 4 5 3 2 3 1 3 4 5 1 0 2 2 0 4 5 4 0 5 0 1 4 5 0 2 0 4 0 3 1 5 3 4 1 4 5 5 2 3 3 1 2 | 14 19  0 6 2 0 9 1 1 7 1 1 8 2 2 7 1 2 10 1 2 11 1 3 8 1 3 11 1 3 13 1 4 9 1 4 10 1 4 11 1 5 10 1 5 12 1 5 13 1 6 12 1 7 12 1 9 13 1
R 1480 42 63 6 121 3 1 2 3 4 2 1 5 4 0 1 3 0 2 3 0 4 2 0 2 1 0 5 3 1 4 3 3 4 5 2 3 5 2 0 1 4 1 0 0 2 1 4 5 0 1 0 5 2 0 3 2 4 5 1 4 5 1 5 3 3 4 2 | 14 19  0 6 2 0 9 1 1 7 1 1 8 2 2 7 1 2 10 1 2 11 1 3 8 1 3 11 1 3 13 1 4 9 1 4 10 1 4 11 1 5 10 1 5 12 1 5 13 1 6 12 1 7 13 1 9 12 1
R 1481 42 63 6 57 1 2 3 1 3 2 2 3 4 0 3 4 0 4 1 1 2 0 3 4 5 4 2 1 4 3 2 0 2 1 3 0 4 2 0 4 0 1 3 1 5 0 0 4 5 5 0 4 0 1 5 1 5 2 3 2 5 5 3 4 1 2 3 | 14 19  0 6 1 0 9 2 1 7 1 1 8 1 1 13 1 2 7 1 2 10 1 2 11 1 3 8 2 3 12 1 4 9 1 4 10 1 4 12 1 5 10 1 5 11 1 5 12 1 6 11 1 6 13 1 7 13 1
R 1482 42 63 6 100 1 2 3 4 5 1 2 3 4 3 0 4 0 4 1 1 2 0 3 4 5 1 2 5 3 5 4 0 2 1 3 0 4 2 0 4 0 1 3 1 3 0 0 4 5 3 0 2 0 1 5 1 2 5 3 2 5 5 3 4 1 2 4 | 14 19  0 6 1 0 9 2 1 7 1 1 8 2 2 7 1 2 10 1 2 11 1 3 8 1 3 12 1 3 13 1 4 9 1 4 10 1 4 12 1 5 10 1 5 11 1 5 12 1 6 11 1 6 13 1 7 13 1
R 1483 42 63 6 813 1 2 3 0 4 5 2 3 4 3 1 4 0 4 1 1 2 0 3 4 5 1 5 4 2 3 5 0 2 1 3 0 4 2 0 4 0 1 3 3 0 1 0 4 5 2 3 1 0 1 5 0 2 5 3 2 5 5 3 4 1 2 4 | 14 19  0 6 1 0 9 2 1 7 2 1 8 1 2 7 1 2 10 1 2 11 1 3 8 1 3 12 1 3 13 1 4 9 1 4 10 1 4 12 1 5 10 1 5 11 1 5 12 1 6 11 1 6 13 1 8 13 1
R 1484 42 63 6 258 3 4 5 0 1 4 2 4 3 5 1 2 0 1 2 3 4 0 1 2 3 3 4 0 2 1 3 2 0 5 1 0 4 0 4 1 5 2 4 2 0 1 0 1 2 2 5 3 1 5 0 0 4 3 4 3 5 2 1 5 5 4 3 | 14 19  0 6 1 0 9 1 0 10 1 1 7 1 1 8 1 1 13 1 2 7 2 2 12 1 3 8 2 3 12 1 4 9 1 4 10 1 4 11 1 5 11 1 5 12 1 5 13 1 6 10 1 6 13 1 9 11 1
R 1485 42 63 6 118 3 4 5 2 4 5 0 1 4 3 1 2 0 1 2 3 4 0 1 2 3 3 5 4 2 1 0 2 0 5 1 0 4 0 4 1 3 2 4 2 0 1 0 1 2 0 1 3 2 5 3 4 5 0 4 3 5 2 1 5 5 4 3 | 14 19  0 6 1 0 9 1 0 10 1 1 7 2 1 8 1 2 7 1 2 12 1 2 13 1 3 8 2 3 12 1 4 9 1 4 10 1 4 11 1 5 11 1 5 12 1 5 13 1 6 10 1 6 13 1 9 11 1
R 1486 42 63 6 1678 1 2 3 4 1 3 2 0 3 2 1 5 0 4 1 1 2 0 3 4 5 3 2 5 5 1 0 0 2 1 3 2 0 0 4 3 2 1 4 0 4 3 0 4 5 0 2 5 4 1 5 3 4 0 3 5 2 4 5 3 1 2 1 | 14 19  0 6 1 0 9 2 1 7 1 1 8 1 1 13 1 2 7 1 2 11 1 2 12 1 3 8 2 3 12 1 4 9 1 4 10 1 4 11 1 5 10 1 5 11 1 5 12 1 6 10 1 6 13 1 7 13 1
R 1487 42 63 6 89 1 2 3 3 5 4 2 0 3 1 2 3 0 4 1 1 2 0 3 4 5 1 0 5 2 5 3 0 2 1 3 2 0 0 4 3 2 1 4 0 4 1 0 4 5 2 0 1 4 1 5 4 0 5 3 5 2 4 5 3 1 2 3 | 14 19  0 6 1 0 9 2 1 7 1 1 8 2 2 7 1 2 11 1 2 12 1 3 8 1 3 12 1 3 13 1 4 9 1 4 10 1 4 11 1 5 10 1 5 11 1 5 12 1 6 10 1 6 13 1 7 13 1
R 1488 42 63 6 104 1 2 3 4 3 5 2 0 3 1 2 3 0 4 1 1 2 0 3 4 5 1 5 3 0 2 5 0 2 1 3 2 0 0 4 3 2 1 4 0 4 1 0 4 5 0 2 1 4 1 5 4 0 5 3 5 2 4 5 3 1 2 3 | 14 19  0 6 1 0 9 2 1 7 2 1 8 1 2 7 1 2 11 1 2 12 1 3 8 1 3 12 1 3 13 1 4 9 1 4 10 1 4 11 1 5 10 1 5 11 1 5 12 1 6 10 1 6 13 1 8 13 1
R 1489 42 63 6 118 1 2 3 4 5 3 2 0 3 1 0 2 0 4 1 1 2 0 3 4 5 3 1 5 2 5 4 0 2 1 3 2 0 0 4 3 4 0 1 1 2 3 0 4 5 2 0 1 4 1 5 3 5 4 3 5 2 4 5 3 1 2 0 | 14 19  0 6 1 0 9 2 1 7 1 1 8 2 2 7 1 2 11 1 2 13 1 3 8 1 3 12 1 3 13 1 4 9 1 4 10 1 4 11 1 5 10 1 5 11 1 5 12 1 6 10 1 6 12 1 7 13 1
R 1490 42 63 6 114 3 4 5 4 3 5 1 0 2 2 0 1 1 2 5 3 4 5 1 2 3 2 5 3 1 0 3 0 2 3 0 2 5 3 4 1 2 4 1 1 0 4 0 1 2 0 1 2 4 5 3 4 5 3 4 3 0 1 2 0 4 5 5 | 14 19  0 6 1 0 9 1 0 13 1 1 7 2 1 8 1 2 7 1 2 11 1 2 13 1 3 8 2 3 12 1 4 9 1 4 10 1 4 11 1 5 10 1 5 11 1 5 12 1 6 10 1 6 12 1 9 13 1
R 1491 42 63 6 72 1 2 3 0 1 2 2 3 4 5 3 4 0 4 1 1 2 0 3 4 5 4 2 1 4 3 1 0 2 1 3 0 4 2 0 3 2 0 4 3 0 1 0 4 5 3 5 4 0 1 5 0 2 1 3 2 5 4 3 5 1 2 5 | 14 19  0 6 1 0 9 2 1 7 1 1 8 1 1 13 1 2 7 1 2 10 1 2 12 1 3 8 2 3 11 1 4 9 1 4 10 1 4 11 1 5 11 1 5 12 1 5 13 1 6 12 1 6 13 1 7 10 1
R 1492 42 63 6 538 3 1 2 0 4 1 2 1 4 3 5 4 0 2 3 5 2 0 0 2 1 3 1 4 4 5 2 3 4 5 1 0 2 0 1 4 2 0 4 3 0 1 4 5 0 2 3 5 0 3 5 0 1 2 1 4 5 3 1 4 3 5 2 | 14 19  0 6 2 0 9 1 1 7 1 1 8 1 1 13 1 2 7 1 2 10 1 2 12 1 3 8 2 3 11 1 4 9 1 4 10 1 4 11 1 5 11 1 5 12 1 5 13 1 6 12 1 7 10 1 9 13 1
R 1493 42 63 6 513 3 1 2 0 4 1 2 1 4 5 2 0 0 2 3 5 4 3 0 2 1 3 1 4 2 4 0 3 4 5 1 0 2 4 1 0 2 0 4 5 3 1 4 5 0 2 3 5 0 3 5 1 3 4 1 4 5 2 1 0 3 5 2 | 14 19  0 6 2 0 9 1 1 7 1 1 8 2 2 7 1 2 10 1 2 12 1 3 8 1 3 11 1 3 13 1 4 9 1 4 10 1 4 11 1 5 11 1 5 12 1 5 13 1 6 12 1 7 10 1 9 13 1
R 1494 42 63 6 96 1 2 3 0 2 1 4 1 2 3 2 5 0 4 2 3 0 1 3 4 5 3 1 0 5 2 1 0 2 1 1 3 4 4 0 2 3 0 4 5 0 3 0 4 5 4 3 5 5 0 3 0 4 1 3 5 1 5 2 4 1 2 2 | 14 19  0 6 1 0 9 2 1 7 1 1 8 1 1 12 1 2 7 1 2 10 1 2 11 1 3 8 2 3 12 1 4 9 1 4 10 1 4 13 1 5 11 1 5 12 1 5 13 1 6 11 1 6 13 1 7 10 1
R 1495 42 63 6 63 1 2 3 0 1 5 2 3 4 4 1 2 0 4 1 0 5 2 3 4 5 4 2 1 2 1 5 0 2 1 3 0 4 2 0 4 3 0 1 0 4 3 0 4 5 3 4 2 0 1 5 0 3 5 3 2 5 3 4 1 1 2 5 | 14 19  0 6 1 0 9 2 1 7 1 1 8 1 1 13 1 2 7 1 2 10 1 2 11 1 3 8 2 3 12 1 4 9 1 4 10 1 4 13 1 5 11 1 5 12 1 5 13 1 6 11 1 6 12 1 7 10 1
R 1496 42 63 6 505 1 2 3 1 0 2 3 4 5 4 3 5 0 4 1 0 1 2 3 4 5 2 4 0 5 3 1 0 2 1 4 1 3 3 0 2 0 3 4 4 1 0 0 4 5 3 4 5 1 0 2 0 2 1 3 2 5 4 5 3 1 2 5 | 14 19  0 6 1 0 9 2 1 7 1 1 8 1 1 13 1 2 7 1 2 10 1 2 12 1 3 8 2 3 12 1 4 9 1 4 10 1 4 11 1 5 11 1 5 12 1 5 13 1 6 11 1 6 13 1 7 10 1
R 1497 42 63 6 231 3 1 2 1 0 2 0 4 2 5 3 4 0 2 3 0 3 1 0 2 1 2 3 1 4 3 2 3 4 5 1 4 2 1 0 5 0 3 5 4 1 0 4 5 0 4 5 3 5 3 1 0 1 2 1 5 4 2 4 5 3 0 2 | 14 19  0 6 2 0 9 1 1 7 1 1 8 1 1 13 1 2 7 1 2 10 1 2 12 1 3 8 2 3 12 1 4 9 1 4 10 1 4 11 1 5 11 1 5 12 1 5 13 1 6 11 1 7 10 1 9 13 1
R 1498 42 63 6 706 3 1 2 2 3 5 4 1 3 4 0 2 0 2 3 0 3 1 0 2 1 5 1 2 4 3 2 3 4 5 1 0 4 1 0 5 0 2 3 4 1 0 4 5 0 4 0 1 0 2 5 5 1 3 1 5 4 2 4 5 3 3 2 | 14 19  0 6 2 0 9 1 1 7 1 1 8 2 2 7 1 2 10 1 2 12 1 3 8 1 3 12 1 3 13 1 4 9 1 4 10 1 4 11 1 5 11 1 5 12 1 5 13 1 6 11 1 7 10 1 9 13 1
R 1499 42 63 6 9323 3 4 5 1 0 2 3 4 0 5 0 4 1 2 4 1 5 2 1 2 3 2 3 0 4 0 3 4 2 3 2 1 4 1 5 0 1 2 0 1 0 4 0 1 2 4 5 3 1 2 5 1 2 3 0 5 3 0 4 3 4 5 5 | 14 19  0 6 1 0 9 1 0 13 1 1 7 1 1 8 1 1 13 1 2 7 1 2 11 1 2 12 1 3 8 2 3 10 1 4 9 2 4 11 1 5 10 1 5 11 1 5 12 1 6 12 1 6 13 1 7 10 1
R 1500 42 63 6 282 1 2 3 0 1 2 3 4 2 5 1 3 0 4 2 0 5 1 3 4 5 2 4 0 3 1 0 0 2 1 4 2 1 1 4 3 3 0 2 5 0 3 0 4 5 3 5 4 1 0 5 2 4 0 3 5 1 3 2 4 1 2 5 | 14 19  0 6 1 0 9 2 1 7 1 1 8 1 1 13 1 2 7 1 2 11 1 2 12 1 3 8 2 3 10 1 4 9 1 4 11 1 4 13 1 5 10 1 5 11 1 5 12 1 6 12 1 6 13 1 7 10 1
R 1501 42 63 6 169 1 2 3 0 2 1 0 1 2 3 4 5 0 4 2 3 0 1 3 4 5 3 1 2 5 4 2 0 2 1 1 3 4 3 0 1 0 4 2 5 0 3 0 4 5 4 3 5 5 4 3 0 1 2 3 5 1 2 5 4 1 2 0 | 14 19  0 6 1 0 9 2 1 7 1 1 8 1 1 11 1 2 7 1 2 11 1 2 12 1 3 8 2 3 11 1 4 9 1 4 10 1 4 13 1 5 10 1 5 12 1 5 13 1 6 12 1 6 13 1 7 10 1
R 1502 42 63 6 62 1 2 3 3 0 1 2 1 5 5 0 4 0 4 1 2 4 3 3 4 5 4 1 3 4 0 3 0 2 1 3 4 0 1 0 2 4 2 0 5 3 1 0 4 5 2 5 4 0 4 3 1 2 3 3 2 5 1 5 0 1 2 5 | 14 19  0 6 1 0 9 2 1 7 1 1 8 1 1 13 1 2 7 1 2 11 1 2 12 1 3 8 2 3 11 1 4 9 1 4 10 1 4 11 1 5 10 1 5 12 1 5 13 1 6 12 1 6 13 1 7 10 1
R 1503 42 63 6 189 3 1 2 5 1 2 0 3 5 3 1 4 0 2 3 2 4 0 0 2 1 2 3 1 4 1 2 3 4 5 1 2 0 3 4 0 1 0 4 5 0 3 4 5 0 0 3 4 4 1 2 0 5 2 1 4 5 3 5 1 3 5 2 | 14 19  0 6 2 0 9 1 1 7 1 1 8 1 1 13 1 2 7 1 2 11 1 2 12 1 3 8 2 3 11 1 4 9 1 4 10 1 4 11 1 5 10 1 5 12 1 5 13 1 6 12 1 7 10 1 9 13 1
R 1504 42 63 6 3301 3 1 2 1 4 5 5 3 4 0 2 1 0 2 3 2 4 0 0 2 1 0 3 4 2 4 1 3 4 5 1 2 0 2 1 4 1 0 4 5 0 3 4 5 0 2 0 3 1 0 2 5 3 4 1 4 5 3 5 1 3 5 2 | 14 19  0 6 2 0 9 1 1 7 1 1 8 2 2 7 1 2 11 1 2 12 1 3 8 1 3 11 1 3 13 1 4 9 1 4 10 1 4 11 1 5 10 1 5 12 1 5 13 1 6 12 1 7 10 1 9 13 1
R 1505 42 63 6 250 1 2 3 0 4 3 3 1 2 5 1 2 0 4 2 4 1 0 3 4 5 2 3 5 2 1 4 0 2 1 3 1 0 0 1 3 4 0 2 5 0 3 0 4 5 1 5 2 0 5 4 0 3 4 3 5 1 2 5 3 1 2 4 | 14 19  0 6 1 0 9 2 1 7 1 1 8 1 1 11 1 2 7 1 2 12 1 2 13 1 3 8 2 3 11 1 4 9 1 4 10 1 4 13 1 5 10 1 5 11 1 5 12 1 6 12 1 6 13 1 7 10 1
R 1506 42 63 6 7610 3 4 5 1 0 2 3 4 0 5 0 4 1 2 4 1 5 2 1 2 3 2 3 0 4 0 3 4 2 3 0 1 2 1 4 5 1 2 0 1 0 4 0 1 2 4 5 3 1 2 5 1 2 3 0 5 3 4 0 3 4 5 5 | 14 19  0 6 1 0 9 1 0 13 1 1 7 1 1 8 1 1 13 1 2 7 1 2 11 1 2 12 1 3 8 2 3 11 1 4 9 2 4 10 1 5 10 1 5 11 1 5 12 1 6 12 1 6 13 1 7 10 1
R 1507 42 63 6 1867 3 4 5 3 2 4 0 4 5 1 0 2 1 0 4 5 1 2 1 2 3 1 4 2 0 2 3 4 0 3 2 1 0 3 1 4 0 2 5 1 0 4 0 1 2 0 1 5 3 2 1 4 5 3 2 5 3 4 0 3 4 5 5 | 14 19  0 6 1 0 9 1 0 13 1 1 7 1 1 8 2 2 7 1 2 11 1 2 12 1 3 8 1 3 11 1 3 13 1 4 9 2 4 10 1 5 10 1 5 11 1 5 12 1 6 12 1 6 13 1 7 10 1
R 1508 42 63 6 73 1 2 3 0 1 2 0 3 2 5 1 4 0 4 2 0 1 5 3 4 5 2 4 5 4 1 0 0 2 1 3 1 2 5 1 3 4 0 2 5 0 3 0 4 5 3 5 4 1 4 5 2 3 0 3 5 1 4 2 3 1 2 0 | 14 19  0 6 1 0 9 2 1 7 1 1 8 1 1 13 1 2 7 1 2 11 1 2 12 1 3 8 2 3 11 1 4 9 1 4 10 1 4 13 1 5 10 1 5 11 1 5 12 1 6 12 1 6 13 1 7 10 1
R 1509 42 63 6 89 1 2 3 4 2 3 0 2 1 0 1 2 0 4 2 5 1 3 3 4 5 1 3 4 0 2 4 0 2 1 3 1 0 3 2 1 5 0 4 5 0 3 0 4 5 0 1 5 5 4 3 3 5 4 3 5 1 4 0 2 1 2 2 | 14 19  0 6 1 0 9 2 1 7 1 1 8 2 2 7 1 2 11 1 2 12 1 3 8 1 3 11 1 3 13 1 4 9 1 4 10 1 4 13 1 5 10 1 5 11 1 5 12 1 6 12 1 6 13 1 7 10 1
R 1510 42 63 6 1557 3 1 2 1 0 2 3 5 1 5 0 4 0 2 3 5 2 4 0 2 1 2 3 1 4 0 3 3 4 5 1 2 0 5 2 1 0 4 5 4 1 0 4 5 0 4 5 3 0 4 2 1 2 3 1 4 5 3 0 1 3 5 2 | 14 19  0 6 2 0 9 1 1 7 1 1 8 1 1 13 1 2 7 1 2 11 1 2 12 1 3 8 2 3 11 1 4 9 1 4 10 1 4 13 1 5 10 1 5 11 1 5 12 1 6 12 1 7 10 1 9 13 1
R 1511 42 63 6 57 1 2 3 4 3 2 0 2 1 1 0 3 0 4 1 2 4 5 3 4 5 1 2 3 3 0 4 0 2 1 3 4 0 2 1 0 3 4 2 4 1 0 0 4 5 0 1 5 4 5 3 2 5 4 3 2 5 1 3 0 1 2 5 | 14 19  0 6 1 0 9 2 1 7 1 1 8 1 1 13 1 2 7 1 2 12 1 2 13 1 3 8 2 3 11 1 4 9 1 4 10 1 4 11 1 5 10 1 5 11 1 5 12 1 6 12 1 6 13 1 7 10 1
R 1512 42 63 6 57 1 2 3 3 4 1 0 2 1 0 2 3 0 4 1 2 4 5 3 4 5 1 2 3 0 4 3 0 2 1 3 4 0 2 1 0 3 4 2 4 0 1 0 4 5 0 2 5 4 5 3 1 4 5 3 2 5 1 3 0 1 2 5 | 14 19  0 6 1 0 9 2 1 7 1 1 8 2 2 7 1 2 12 1 2 13 1 3 8 1 3 11 1 3 13 1 4 9 1 4 10 1 4 11 1 5 10 1 5 11 1 5 12 1 6 12 1 6 13 1 7 10 1
R 1513 42 63 6 156 3 1 2 2 5 3 0 4 3 0 1 5 0 2 3 2 4 1 0 2 1 1 4 3 0 5 2 3 4 5 1 2 0 1 3 4 2 4 0 0 1 3 4 5 0 0 1 4 2 1 5 3 2 4 1 4 5 3 0 5 3 5 2 | 14 19  0 6 2 0 9 1 1 7 1 1 8 2 2 7 1 2 12 1 2 13 1 3 8 1 3 11 1 3 13 1 4 9 1 4 10 1 4 11 1 5 10 1 5 11 1 5 12 1 6 12 1 7 10 1 9 13 1
R 1514 42 63 6 117 1 2 3 0 3 1 0 2 1 2 3 5 0 4 1 0 2 4 3 4 5 1 2 4 5 3 4 0 2 1 4 3 1 3 2 0 0 3 2 5 0 1 0 4 5 5 2 4 3 4 5 0 1 4 3 2 5 5 1 3 1 2 0 | 14 19  0 6 1 0 9 2 1 7 1 1 8 1 1 13 1 2 7 1 2 11 1 2 12 1 3 8 2 3 12 1 4 9 1 4 10 1 4 11 1 5 10 1 5 12 1 5 13 1 6 11 1 6 13 1 7 10 1
R 1515 42 63 6 128 3 1 2 1 3 2 3 0 4 4 3 5 0 2 3 1 5 0 0 2 1 2 5 4 5 3 0 3 4 5 2 1 0 1 0 5 1 3 4 4 0 1 4 5 0 0 4 5 1 2 5 1 2 0 1 5 4 4 2 3 3 3 2 | 14 19  0 6 2 0 9 1 1 7 1 1 8 1 1 13 1 2 7 1 2 11 1 2 12 1 3 8 2 3 12 1 4 9 1 4 10 1 4 11 1 5 10 1 5 12 1 5 13 1 6 11 1 7 10 1 9 13 1
R 1516 42 63 6 345 1 2 3 0 3 1 4 2 0 2 3 5 0 4 1 0 2 1 3 4 5 1 2 3 5 3 4 0 2 1 4 5 1 3 0 2 2 3 0 4 0 1 0 4 5 4 2 5 5 1 3 0 1 4 3 2 5 3 4 5 1 2 0 | 14 19  0 6 1 0 9 2 1 7 1 1 8 1 1 13 1 2 7 1 2 12 1 2 13 1 3 8 2 3 12 1 4 9 1 4 10 1 4 11 1 5 10 1 5 11 1 5 12 1 6 11 1 6 13 1 7 10 1
R 1517 42 63 6 72 1 2 3 0 3 1 0 2 4 5 2 3 0 4 1 0 2 1 3 4 5 1 2 3 4 3 0 0 2 1 4 5 1 3 0 2 2 3 4 5 0 1 0 4 5 4 2 5 5 1 3 1 0 4 3 2 5 3 4 5 1 2 0 | 14 19  0 6 1 0 9 2 1 7 1 1 8 2 2 7 1 2 12 1 2 13 1 3 8 1 3 12 1 3 13 1 4 9 1 4 10 1 4 11 1 5 10 1 5 11 1 5 12 1 6 11 1 6 13 1 7 10 1
R 1518 42 63 6 74 3 4 5 3 4 0 1 0 2 1 2 4 1 2 5 0 3 5 1 2 3 2 0 3 1 4 3 0 2 3 1 0 4 2 0 5 3 2 1 0 1 4 0 1 2 1 2 5 4 5 3 0 5 3 4 3 0 1 4 2 4 5 5 | 14 19  0 6 1 0 9 1 0 10 1 1 7 1 1 8 2 2 7 2 2 10 1 3 8 1 3 12 1 3 13 1 4 9 1 4 11 1 4 12 1 5 11 1 5 12 1 5 13 1 6 11 1 6 13 1 9 10 1
R 1519 42 63 6 507 3 4 5 1 3 4 2 5 4 5 0 1 2 1 0 4 0 2 1 2 3 5 4 3 1 0 2 0 2 3 1 0 4 1 0 2 3 4 0 2 1 4 0 1 2 0 2 5 1 3 0 3 4 2 4 3 5 5 1 3 4 5 5 | 14 19  0 6 1 0 9 1 0 10 1 1 7 2 1 8 1 2 7 1 2 11 1 2 13 1 3 8 2 3 12 1 4 9 1 4 10 1 4 13 1 5 11 1 5 12 1 5 13 1 6 11 1 6 12 1 9 10 1
R 1520 42 63 6 93 3 4 5 1 0 3 4 3 2 5 0 4 2 1 0 2 4 5 1 2 3 2 3 1 4 0 2 0 2 3 1 0 4 3 2 0 5 4 3 1 4 0 0 1 2 4 5 2 0 5 1 1 3 2 4 3 5 1 0 3 4 5 5 | 14 19  0 6 1 0 9 1 0 10 1 1 7 1 1 8 1 1 13 1 2 7 2 2 12 1 3 8 2 3 12 1 4 9 1 4 10 1 4 11 1 5 11 1 5 12 1 5 13 1 6 11 1 6 13 1 9 10 1
R 1521 42 63 6 87 3 4 5 1 3 5 4 0 3 2 0 1 2 1 0 2 4 5 1 2 3 2 5 3 1 0 4 0 2 3 1 0 4 3 2 0 2 1 3 1 4 0 0 1 2 0 4 2 1 5 2 3 5 4 4 3 5 1 0 3 4 5 5 | 14 19  0 6 1 0 9 1 0 10 1 1 7 2 1 8 1 2 7 1 2 12 1 2 13 1 3 8 2 3 12 1 4 9 1 4 10 1 4 11 1 5 11 1 5 12 1 5 13 1 6 11 1 6 13 1 9 10 1
R 1522 42 63 6 219 3 4 5 0 1 4 2 4 3 5 1 3 1 2 0 2 0 5 1 2 3 3 4 0 3 1 4 0 2 3 1 0 4 3 2 0 2 1 5 2 0 1 0 1 2 2 5 3 1 5 0 0 2 4 4 5 3 3 1 4 4 5 5 | 14 19  0 6 1 0 9 1 0 10 1 1 7 1 1 8 1 1 13 1 2 7 2 2 12 1 3 8 2 3 12 1 4 9 1 4 11 1 4 12 1 5 10 1 5 11 1 5 13 1 6 11 1 6 13 1 9 10 1
R 1523 42 63 6 28968 3 4 5 0 3 4 5 1 4 5 1 2 1 2 0 2 0 5 1 2 3 5 4 3 2 1 4 0 2 3 1 0 4 3 2 0 0 1 5 2 0 1 0 1 2 1 2 5 0 2 3 0 3 4 4 5 3 3 1 4 4 5 5 | 14 19  0 6 1 0 9 1 0 10 1 1 7 2 1 8 1 2 7 1 2 12 1 2 13 1 3 8 2 3 12 1 4 9 1 4 11 1 4 12 1 5 10 1 5 11 1 5 13 1 6 11 1 6 13 1 9 10 1
R 1524 42 63 6 1081 3 4 5 5 1 2 0 2 3 3 0 4 1 5 2 1 0 4 1 2 3 3 2 4 4 0 2 1 2 0 5 1 3 4 0 3 2 1 0 0 1 3 0 1 2 0 3 4 1 4 5 1 5 2 3 0 4 2 5 3 4 5 5 | 14 16  0 6 1 0 11 1 0 13 1 1 7 1 1 8 1 1 13 1 2 7 1 2 9 2 3 8 2 3 10 1 4 9 1 4 10 2 5 11 2 5 12 1 6 12 2 7 13 1
R 1525 42 63 6 584 3 4 5 2 5 3 0 4 2 0 1 2 1 3 5 1 0 4 1 2 3 1 0 2 4 5 2 3 4 0 3 1 2 4 0 3 2 1 0 0 1 3 0 1 2 4 0 1 3 1 5 3 5 4 2 0 4 2 5 3 4 5 5 | 14 16  0 6 1 0 11 1 0 13 1 1 7 1 1 8 2 2 7 1 2 9 2 3 8 1 3 10 1 3 13 1 4 9 1 4 10 2 5 11 2 5 12 1 6 12 2 7 13 1
R 1526 42 63 6 480 3 4 5 2 3 4 1 4 0 0 1 5 2 3 4 2 1 0 1 2 3 0 1 2 5 1 4 3 4 1 3 2 0 0 2 5 3 0 1 2 0 3 0 1 2 5 0 1 3 2 5 2 3 4 0 1 5 3 4 5 4 5 4 | 14 18  0 6 1 0 11 1 0 12 1 1 7 1 1 8 1 1 13 1 2 7 1 2 9 2 3 8 2 3 10 1 4 9 1 4 10 2 5 11 1 5 12 1 5 13 1 6 11 1 6 12 1 7 13 1
R 1527 42 63 6 863 3 4 5 4 5 2 1 4 0 0 3 4 2 3 5 2 1 0 1 2 3 0 1 2 3 5 4 5 4 1 3 2 0 0 2 5 3 0 1 2 0 3 0 1 2 3 0 1 5 2 3 2 5 1 0 1 4 3 4 5 4 5 4 | 14 18  0 6 1 0 11 1 0 12 1 1 7 1 1 8 2 2 7 1 2 9 2 3 8 1 3 10 1 3 13 1 4 9 1 4 10 2 5 11 1 5 12 1 5 13 1 6 11 1 6 12 1 7 13 1
R 1528 42 63 6 29652 3 1 2 2 1 3 1 5 4 3 0 2 0 3 1 5 0 4 0 2 1 4 0 3 1 5 2 2 5 1 4 0 1 3 4 5 2 0 5 2 0 4 4 5 0 5 0 4 2 0 3 4 5 1 4 2 5 2 3 1 3 1 3 | 14 18  0 6 2 0 11 1 1 7 1 1 8 1 1 12 1 2 7 1 2 9 2 3 8 1 3 10 1 3 11 1 4 9 1 4 11 1 4 13 1 5 10 2 5 12 1 6 12 1 7 13 1 8 13 1
R 1529 42 63 6 1660 3 4 5 2 3 0 0 3 2 1 4 3 4 1 5 2 4 5 1 2 3 1 0 2 4 3 2 5 1 3 5 4 3 0 4 2 0 5 2 0 1 4 0 1 2 4 1 5 5 4 1 0 2 5 0 2 3 0 1 3 4 5 3 | 14 18  0 6 1 0 11 1 0 13 1 1 7 1 1 8 2 2 7 1 2 9 1 2 12 1 3 8 1 3 10 1 3 11 1 4 9 2 4 11 1 5 10 2 5 12 1 6 12 1 6 13 1 7 13 1
R 1530 42 63 NOT6 A+B chi=-1 | 14 18  0 6 2 0 12 1 1 7 1 1 8 1 1 11 1 2 7 1 2 9 1 2 12 1 3 8 1 3 10 2 4 9 2 4 11 1 5 10 1 5 11 1 5 13 1 6 12 1 7 13 1 8 13 1
R 1531 42 63 NOT6 A+B chi=-1 | 14 18  0 6 2 0 12 1 1 7 1 1 8 1 1 12 1 2 7 1 2 9 1 2 11 1 3 8 1 3 10 2 4 9 2 4 11 1 5 10 1 5 11 1 5 13 1 6 12 1 7 13 1 8 13 1
R 1532 42 63 NOT6 A+B chi=-1 | 14 18  0 6 2 0 12 1 1 7 1 1 8 2 2 7 1 2 9 1 2 11 1 3 8 1 3 10 2 4 9 1 4 11 1 4 12 1 5 10 1 5 11 1 5 13 1 6 12 1 7 13 1 9 13 1
R 1533 42 63 NOT6 A+B chi=-1 | 14 18  0 6 2 0 12 1 1 7 2 1 8 1 2 7 1 2 9 1 2 11 1 3 8 1 3 10 1 3 13 1 4 9 1 4 11 1 4 12 1 5 10 2 5 11 1 6 12 1 8 13 1 9 13 1
R 1534 42 63 NOT6 A+B chi=-1 | 14 18  0 6 2 0 12 1 1 7 2 1 8 1 2 7 1 2 9 1 2 11 1 3 8 2 3 10 1 4 9 1 4 11 1 4 12 1 5 10 1 5 11 1 5 13 1 6 12 1 9 13 1 10 13 1
R 1535 42 63 6 279 3 4 5 0 5 2 2 3 4 1 3 4 1 0 2 0 1 2 1 2 3 1 3 0 4 3 0 5 3 2 2 1 4 0 2 5 1 0 3 0 1 4 0 1 2 4 1 3 5 0 1 2 5 0 4 3 5 3 5 4 4 5 2 | 14 18  0 6 1 0 11 1 0 12 1 1 7 1 1 8 1 1 13 1 2 7 1 2 9 2 3 8 2 3 10 1 4 9 1 4 11 1 4 12 1 5 10 2 5 12 1 6 11 1 6 13 1 7 13 1
R 1536 42 63 6 71 3 4 5 1 3 2 0 2 4 0 4 3 1 0 2 1 5 2 1 2 3 4 2 1 0 3 1 3 0 5 2 4 0 0 2 5 1 0 3 1 3 4 0 1 2 0 4 5 3 5 1 2 1 5 4 3 5 3 4 0 4 5 2 | 14 18  0 6 1 0 11 1 0 12 1 1 7 1 1 8 2 2 7 2 2 9 1 3 8 1 3 10 2 4 9 1 4 11 1 4 12 1 5 10 1 5 12 1 5 13 1 6 11 1 6 13 1 9 13 1
R 1537 42 63 6 63 3 4 5 1 5 2 3 1 4 0 3 4 0 1 2 1 0 2 1 2 3 0 3 5 4 3 1 2 1 3 2 0 3 0 2 5 1 0 4 0 4 2 0 1 2 4 0 3 2 0 5 2 5 1 4 5 3 4 5 3 4 5 1 | 14 18  0 6 1 0 11 1 0 12 1 1 7 1 1 8 1 1 13 1 2 7 1 2 9 1 2 13 1 3 8 2 3 10 1 4 9 2 4 11 1 5 10 2 5 12 1 6 11 1 6 12 1 7 13 1
R 1538 42 63 6 225 3 4 5 0 4 5 3 1 4 3 2 4 0 1 2 1 0 2 1 2 3 5 3 0 1 4 0 2 1 3 2 0 3 0 2 5 1 0 4 3 2 1 0 1 2 1 2 3 2 0 5 5 1 0 4 5 3 4 5 3 4 5 4 | 14 18  0 6 1 0 11 1 0 12 1 1 7 1 1 8 2 2 7 1 2 9 1 2 13 1 3 8 1 3 10 1 3 13 1 4 9 2 4 11 1 5 10 2 5 12 1 6 11 1 6 12 1 7 13 1
R 1539 42 63 6 244 3 4 5 1 5 2 2 3 4 0 3 4 1 0 2 1 0 2 1 2 3 0 3 1 4 3 1 5 3 2 2 0 3 0 2 5 1 0 4 1 0 4 0 1 2 4 0 3 5 0 1 2 5 1 4 3 5 4 5 3 4 5 2 | 14 18  0 6 1 0 11 1 0 12 1 1 7 1 1 8 1 1 13 1 2 7 1 2 9 2 3 8 2 3 10 1 4 9 1 4 11 1 4 13 1 5 10 2 5 12 1 6 11 1 6 12 1 7 13 1
R 1540 42 63 6 3929 3 4 5 1 4 0 2 3 4 3 5 4 1 0 2 1 0 2 1 2 3 0 2 1 3 4 1 5 3 2 2 0 3 0 2 5 1 0 4 1 0 3 0 1 2 3 2 5 5 0 1 0 1 2 4 3 5 4 5 3 4 5 4 | 14 18  0 6 1 0 11 1 0 12 1 1 7 1 1 8 2 2 7 1 2 9 2 3 8 1 3 10 1 3 13 1 4 9 1 4 11 1 4 13 1 5 10 2 5 12 1 6 11 1 6 12 1 7 13 1
R 1541 42 63 6 62 3 4 5 3 1 2 0 4 5 0 3 4 1 0 2 1 0 2 1 2 3 0 2 1 4 3 1 3 2 5 2 0 3 0 2 5 1 0 4 1 3 4 0 1 2 4 5 0 3 1 2 2 5 1 4 3 5 4 5 3 4 5 0 | 14 18  0 6 1 0 11 1 0 12 1 1 7 2 1 8 1 2 7 1 2 9 1 2 13 1 3 8 2 3 10 1 4 9 1 4 11 1 4 13 1 5 10 2 5 12 1 6 11 1 6 12 1 9 13 1
R 1542 42 63 6 352 3 4 5 0 3 4 1 2 4 1 2 5 1 0 2 0 4 2 1 2 3 4 2 0 1 3 0 3 1 5 4 2 1 0 2 5 1 0 4 3 4 0 0 1 2 1 2 5 3 5 0 4 0 3 4 3 5 5 3 1 4 5 2 | 14 18  0 6 1 0 11 1 0 12 1 1 7 1 1 8 2 2 7 2 2 9 1 3 8 1 3 10 2 4 9 1 4 11 1 4 13 1 5 10 1 5 12 1 5 13 1 6 11 1 6 12 1 9 13 1
R 1543 42 63 6 732 3 4 5 0 4 5 3 2 5 2 3 4 1 0 2 5 0 1 1 2 3 1 2 4 4 3 5 0 2 3 1 0 4 2 0 3 0 2 5 3 0 1 0 1 2 3 2 1 0 1 4 0 1 5 5 3 4 2 3 4 4 5 5 | 14 18  0 6 1 0 12 1 0 13 1 1 7 1 1 8 1 1 11 1 2 7 1 2 9 2 3 8 2 3 10 1 4 9 1 4 12 1 4 13 1 5 10 2 5 11 1 6 12 1 6 13 1 7 11 1
R 1544 42 63 NOT6 A+B chi=-1 | 14 18  0 6 2 0 12 1 1 7 1 1 8 1 1 11 1 2 7 1 2 9 1 2 13 1 3 8 1 3 10 1 3 13 1 4 9 2 4 12 1 5 10 2 5 11 1 6 12 1 7 11 1 8 13 1
R 1545 42 63 NOT6 A+B chi=-1 | 14 18  0 6 2 0 12 1 1 7 1 1 8 1 1 11 1 2 7 1 2 9 1 2 13 1 3 8 1 3 10 2 4 9 2 4 12 1 5 10 1 5 11 1 5 13 1 6 12 1 7 11 1 8 13 1
R 1546 42 63 NOT6 A+B chi=-1 | 14 18  0 6 2 0 12 1 1 7 1 1 8 1 1 11 1 2 7 1 2 9 2 3 8 1 3 10 2 4 9 1 4 12 1 4 13 1 5 10 1 5 11 1 5 13 1 6 12 1 7 11 1 8 13 1
R 1547 42 63 NOT6 A+B chi=-1 | 14 18  0 6 2 0 12 1 1 7 1 1 8 1 1 13 1 2 7 1 2 9 1 2 11 1 3 8 1 3 10 2 4 9 2 4 12 1 5 10 1 5 11 1 5 13 1 6 12 1 7 11 1 8 13 1
R 1548 42 63 NOT6 A+B chi=-1 | 14 18  0 6 2 0 12 1 1 7 1 1 8 1 1 13 1 2 7 1 2 9 1 2 13 1 3 8 1 3 10 1 3 13 1 4 9 2 4 11 1 5 10 2 5 11 1 6 12 1 7 11 1 8 12 1
R 1549 42 63 NOT6 A+B chi=-1 | 14 18  0 6 2 0 12 1 1 7 1 1 8 1 1 13 1 2 7 1 2 9 2 3 8 1 3 10 1 3 13 1 4 9 1 4 11 1 4 13 1 5 10 2 5 11 1 6 12 1 7 11 1 8 12 1
R 1550 42 63 6 87 3 1 2 4 2 5 3 0 2 1 4 2 0 2 1 0 3 4 0 2 1 1 5 2 0 4 3 4 0 1 4 3 1 3 4 5 2 4 0 0 1 5 4 5 0 0 3 1 4 5 1 5 0 3 3 5 4 2 5 1 3 2 2 | 14 18  0 6 2 0 11 1 1 7 2 1 8 1 2 7 1 2 9 1 2 11 1 3 8 1 3 10 1 3 13 1 4 9 1 4 12 1 4 13 1 5 10 2 5 12 1 6 12 1 8 13 1 9 11 1
R 1551 42 63 6 246 3 4 5 1 4 2 5 2 0 0 3 4 1 5 4 1 0 2 1 2 3 0 2 1 4 3 1 4 3 2 2 0 3 2 4 0 1 0 4 0 5 1 0 1 2 5 0 3 3 4 1 2 5 1 0 3 2 4 5 3 5 4 5 | 14 18  0 6 1 0 11 1 0 12 1 1 7 1 1 8 1 1 13 1 2 7 2 2 9 1 3 8 2 3 10 1 4 9 1 4 11 1 4 13 1 5 10 2 5 12 1 6 12 1 6 13 1 9 11 1
R 1552 42 63 6 752 3 4 5 1 2 4 0 3 4 5 2 3 1 0 2 1 0 4 1 2 3 4 3 1 3 2 1 2 0 4 4 0 5 0 2 5 1 0 2 1 0 4 0 1 2 0 5 3 2 5 1 0 4 1 5 4 3 2 3 5 4 5 3 | 14 18  0 6 1 0 11 1 0 13 1 1 7 1 1 8 1 1 12 1 2 7 2 2 9 1 3 8 2 3 10 1 4 9 1 4 11 1 4 13 1 5 10 2 5 12 1 6 12 1 6 13 1 9 11 1
R 1553 42 63 6 338 3 1 2 3 4 1 0 1 2 2 3 5 0 3 2 0 4 3 0 2 1 2 1 3 0 4 5 4 0 1 1 3 2 3 4 5 2 0 4 5 0 1 4 5 0 0 2 5 4 5 3 1 0 4 5 1 4 5 1 2 3 3 2 | 14 18  0 6 2 0 11 1 1 7 1 1 8 1 1 12 1 2 7 2 2 9 1 3 8 1 3 10 2 4 9 1 4 11 1 4 13 1 5 10 1 5 12 1 5 13 1 6 12 1 8 13 1 9 11 1
R 1554 42 63 6 70 3 1 2 4 3 2 1 0 2 1 4 2 0 3 2 0 3 4 0 2 1 1 2 3 0 4 3 4 0 1 4 3 2 3 4 5 1 4 0 0 1 5 4 5 0 0 5 1 4 3 5 5 0 3 5 1 4 1 5 2 3 2 2 | 14 18  0 6 2 0 11 1 1 7 2 1 8 1 2 7 1 2 9 1 2 12 1 3 8 1 3 10 1 3 13 1 4 9 1 4 11 1 4 13 1 5 10 2 5 12 1 6 12 1 8 13 1 9 11 1
R 1555 42 63 6 100 3 4 5 1 2 3 0 3 4 0 4 1 1 0 2 2 4 5 1 2 3 4 3 1 0 2 1 2 0 4 5 4 1 0 2 5 3 0 2 1 0 4 0 1 2 0 4 5 2 5 1 3 2 5 5 4 3 0 3 1 4 5 3 | 14 18  0 6 1 0 11 1 0 13 1 1 7 1 1 8 2 2 7 2 2 9 1 3 8 1 3 10 1 3 12 1 4 9 1 4 11 1 4 13 1 5 10 2 5 12 1 6 12 1 6 13 1 9 11 1
R 1556 42 63 6 1711 3 1 2 0 2 1 1 4 2 4 3 0 0 3 2 2 3 5 0 2 1 3 1 0 4 2 0 4 0 1 5 3 1 3 4 5 2 4 0 1 3 5 4 5 0 4 3 5 5 3 0 1 2 5 5 1 4 0 4 1 3 2 2 | 14 18  0 6 2 0 11 1 1 7 1 1 8 2 2 7 1 2 9 1 2 13 1 3 8 1 3 10 1 3 12 1 4 9 1 4 11 1 4 13 1 5 10 2 5 12 1 6 12 1 7 13 1 9 11 1
R 1557 42 63 6 2115 3 4 5 4 3 2 1 0 2 0 4 1 2 4 1 2 0 5 1 2 3 0 2 3 1 4 2 0 4 1 5 0 1 4 0 3 3 5 2 1 0 4 0 1 2 1 5 0 4 5 3 3 5 2 3 5 0 3 4 1 4 5 2 | 14 18  0 6 1 0 11 1 0 13 1 1 7 2 1 8 1 2 7 1 2 9 1 2 13 1 3 8 2 3 10 1 4 9 1 4 11 1 4 12 1 5 10 2 5 12 1 6 12 1 6 13 1 9 11 1
R 1558 42 63 6 1112 3 4 5 1 5 4 0 3 4 2 3 5 2 0 1 4 0 2 1 2 3 4 3 2 0 5 1 1 0 4 4 3 2 0 2 3 3 2 0 1 0 4 0 1 2 0 2 3 1 5 2 4 0 1 3 4 5 5 1 3 4 5 5 | 14 18  0 6 1 0 11 1 0 13 1 1 7 1 1 8 2 2 7 2 2 9 1 3 8 1 3 10 2 4 9 1 4 11 1 4 12 1 5 10 1 5 12 1 5 13 1 6 12 1 6 13 1 9 11 1
R 1559 42 63 6 1000 3 1 2 3 4 5 1 0 2 2 0 4 0 3 2 1 0 3 0 2 1 2 5 3 1 4 3 4 0 1 3 0 2 3 4 5 1 0 5 1 4 2 4 5 0 1 0 2 4 3 5 5 1 3 5 1 4 4 5 2 3 0 2 | 14 18  0 6 2 0 11 1 1 7 1 1 8 2 2 7 1 2 9 1 2 13 1 3 8 1 3 10 1 3 13 1 4 9 1 4 11 1 4 12 1 5 10 2 5 12 1 6 12 1 7 13 1 9 11 1
R 1560 42 63 6 420 3 1 2 4 3 5 1 0 2 2 3 4 0 3 2 1 0 3 0 2 1 2 5 3 4 0 1 4 0 1 3 0 2 3 4 5 1 0 5 1 4 2 4 5 0 0 1 2 4 3 5 5 1 0 5 1 4 4 5 2 3 3 2 | 14 18  0 6 2 0 11 1 1 7 2 1 8 1 2 7 1 2 9 1 2 13 1 3 8 1 3 10 1 3 13 1 4 9 1 4 11 1 4 12 1 5 10 2 5 12 1 6 12 1 8 13 1 9 11 1
R 1561 42 63 6 964 3 1 2 3 4 1 0 1 2 2 3 4 0 3 2 0 5 3 0 2 1 2 1 3 4 0 1 4 0 1 5 3 2 3 4 5 1 0 5 0 2 4 4 5 0 0 2 5 4 5 3 5 0 1 5 1 4 4 2 1 3 3 2 | 14 18  0 6 2 0 11 1 1 7 1 1 8 1 1 13 1 2 7 2 2 9 1 3 8 1 3 10 2 4 9 1 4 11 1 4 12 1 5 10 1 5 12 1 5 13 1 6 12 1 8 13 1 9 11 1
R 1562 42 63 6 111 3 1 2 4 3 2 1 0 2 2 4 1 0 3 2 0 5 3 0 2 1 0 2 3 1 4 5 4 0 1 3 4 2 3 4 5 1 0 5 1 3 0 4 5 0 1 5 0 4 3 5 3 0 5 5 1 4 1 2 4 3 2 2 | 14 18  0 6 2 0 11 1 1 7 2 1 8 1 2 7 1 2 9 1 2 13 1 3 8 1 3 10 2 4 9 1 4 11 1 4 12 1 5 10 1 5 12 1 5 13 1 6 12 1 8 13 1 9 11 1
R 1563 42 63 6 13030 3 1 2 3 4 1 0 1 2 2 5 3 0 3 2 1 0 4 0 2 1 2 1 3 0 5 3 4 0 1 4 5 2 3 4 5 0 2 4 0 3 1 4 5 0 0 2 5 4 5 3 4 0 1 5 1 4 3 5 2 3 1 2 | 14 18  0 6 2 0 11 1 1 7 1 1 8 1 1 13 1 2 7 2 2 9 1 3 8 1 3 10 2 4 9 1 4 11 1 4 13 1 5 10 1 5 12 1 5 13 1 6 12 1 8 12 1 9 11 1
R 1564 42 63 6 91 3 1 2 5 2 0 1 4 2 1 4 5 0 3 2 3 0 1 0 2 1 3 0 2 5 4 0 4 0 1 2 4 1 3 4 5 0 2 5 1 3 5 4 5 0 1 4 3 5 3 0 2 0 3 5 1 4 5 4 2 3 1 2 | 14 18  0 6 2 0 11 1 1 7 2 1 8 1 2 7 1 2 9 1 2 13 1 3 8 1 3 10 2 4 9 1 4 11 1 4 13 1 5 10 1 5 12 1 5 13 1 6 12 1 8 12 1 9 11 1
R 1565 42 63 NOT6 A+B chi=-1 | 14 18  0 6 2 0 12 1 1 7 1 1 8 2 2 7 1 2 9 1 2 11 1 3 8 1 3 10 2 4 9 1 4 12 1 4 13 1 5 10 1 5 11 1 5 13 1 6 12 1 7 13 1 9 11 1
R 1566 42 63 NOT6 A+B chi=-1 | 14 18  0 6 2 0 12 1 1 7 2 1 8 1 2 7 1 2 9 1 2 11 1 3 8 1 3 10 1 3 13 1 4 9 1 4 12 1 4 13 1 5 10 2 5 11 1 6 12 1 8 13 1 9 11 1
R 1567 42 63 NOT6 A+B chi=-1 | 14 18  0 6 2 0 12 1 1 7 1 1 8 1 1 12 1 2 7 2 2 9 1 3 8 1 3 10 2 4 9 1 4 11 1 4 13 1 5 10 1 5 11 1 5 13 1 6 12 1 8 13 1 9 11 1
R 1568 42 63 NOT6 A+B chi=-1 | 14 18  0 6 2 0 12 1 1 7 1 1 8 1 1 12 1 2 7 2 2 9 1 3 8 2 3 10 1 4 9 1 4 11 1 4 13 1 5 10 1 5 11 1 5 13 1 6 12 1 9 11 1 10 13 1
R 1569 42 63 NOT6 A+B chi=-1 | 14 18  0 6 2 0 12 1 1 7 1 1 8 1 1 13 1 2 7 1 2 9 1 2 12 1 3 8 2 3 10 1 4 9 1 4 11 1 4 13 1 5 10 2 5 11 1 6 12 1 7 13 1 9 11 1
R 1570 42 63 NOT6 A+B chi=-1 | 14 18  0 6 2 0 12 1 1 7 1 1 8 2 2 7 1 2 9 1 2 12 1 3 8 1 3 10 2 4 9 1 4 11 1 4 13 1 5 10 1 5 11 1 5 13 1 6 12 1 7 13 1 9 11 1
R 1571 42 63 NOT6 A+B chi=-1 | 14 18  0 6 2 0 12 1 1 7 2 1 8 1 2 7 1 2 9 1 2 12 1 3 8 1 3 10 1 3 13 1 4 9 1 4 11 1 4 13 1 5 10 2 5 11 1 6 12 1 8 13 1 9 11 1
R 1572 42 63 NOT6 A+B chi=-1 | 14 18  0 6 2 0 12 1 1 7 1 1 8 1 1 13 1 2 7 1 2 9 1 2 13 1 3 8 2 3 10 1 4 9 1 4 11 1 4 12 1 5 10 2 5 11 1 6 12 1 7 13 1 9 11 1
R 1573 42 63 NOT6 A+B chi=-1 | 14 18  0 6 2 0 12 1 1 7 1 1 8 2 2 7 1 2 9 1 2 13 1 3 8 1 3 10 2 4 9 1 4 11 1 4 12 1 5 10 1 5 11 1 5 13 1 6 12 1 7 13 1 9 11 1
R 1574 42 63 NOT6 A+B chi=-1 | 14 18  0 6 2 0 12 1 1 7 2 1 8 1 2 7 1 2 9 1 2 13 1 3 8 1 3 10 1 3 13 1 4 9 1 4 11 1 4 12 1 5 10 2 5 11 1 6 12 1 8 13 1 9 11 1
R 1575 42 63 NOT6 A+B chi=-1 | 14 18  0 6 2 0 12 1 1 7 2 1 8 1 2 7 1 2 9 1 2 13 1 3 8 1 3 10 2 4 9 1 4 11 1 4 12 1 5 10 1 5 11 1 5 13 1 6 12 1 8 13 1 9 11 1
R 1576 42 63 NOT6 A+B chi=-1 | 14 18  0 6 2 0 12 1 1 7 2 1 8 1 2 7 1 2 9 1 2 13 1 3 8 1 3 10 1 3 13 1 4 9 1 4 11 1 4 13 1 5 10 2 5 11 1 6 12 1 8 12 1 9 11 1
R 1577 42 63 NOT6 A+B chi=-1 | 14 18  0 6 2 0 12 1 1 7 2 1 8 1 2 7 1 2 9 1 2 13 1 3 8 1 3 10 2 4 9 1 4 11 1 4 13 1 5 10 1 5 11 1 5 13 1 6 12 1 8 12 1 9 11 1
R 1578 42 63 6 88 3 1 2 2 1 4 3 4 5 3 0 2 0 2 3 0 1 3 0 2 1 0 4 1 1 3 5 2 4 3 0 2 1 3 4 5 4 1 0 0 5 2 4 5 0 5 0 3 2 0 1 4 5 1 5 4 1 2 5 4 3 3 2 | 14 19  0 6 2 0 11 1 1 7 1 1 8 1 1 10 1 2 7 1 2 9 2 3 8 1 3 10 1 3 11 1 4 9 1 4 10 1 4 13 1 5 11 1 5 12 1 5 13 1 6 12 1 7 13 1 8 12 1
R 1579 42 63 6 9811 3 4 5 3 1 2 4 5 0 1 0 2 1 3 2 0 1 4 1 2 3 5 2 1 4 0 2 3 5 4 0 2 3 1 0 3 1 0 2 0 3 4 0 1 2 0 4 5 3 1 2 3 4 5 0 4 5 5 3 2 4 5 1 | 14 19  0 6 1 0 10 1 0 11 1 1 7 2 1 8 1 2 7 1 2 9 2 3 8 1 3 10 1 3 11 1 4 9 1 4 11 1 4 12 1 5 10 1 5 12 1 5 13 1 6 12 1 6 13 1 8 13 1
R 1580 42 63 6 175 3 4 5 4 5 3 2 0 1 1 0 2 1 3 2 0 1 4 1 2 3 1 0 3 2 5 4 4 2 5 0 2 3 1 0 3 1 0 2 0 3 4 0 1 2 2 0 1 4 5 3 3 4 5 0 4 5 5 3 2 4 5 1 | 14 19  0 6 1 0 10 1 0 11 1 1 7 1 1 8 2 2 7 2 2 9 1 3 8 1 3 10 1 3 11 1 4 9 1 4 11 1 4 12 1 5 10 1 5 12 1 5 13 1 6 12 1 6 13 1 9 13 1
R 1581 42 63 6 167 3 4 5 2 3 0 3 5 4 1 5 2 1 0 2 0 1 3 1 2 3 1 5 2 4 3 2 2 0 3 0 2 3 1 0 5 1 0 5 0 1 4 0 1 2 4 1 5 0 1 2 0 4 3 4 5 3 5 2 4 4 5 3 | 14 19  0 6 1 0 10 1 0 12 1 1 7 1 1 8 2 2 7 1 2 9 1 2 13 1 3 8 1 3 10 1 3 11 1 4 9 2 4 12 1 5 10 1 5 11 1 5 12 1 6 11 1 6 13 1 7 13 1
R 1582 42 63 6 941 3 4 5 1 0 4 2 3 4 1 5 2 0 5 2 0 1 3 1 2 3 5 4 0 3 1 4 1 3 2 0 2 3 1 0 5 1 0 5 4 3 0 0 1 2 2 3 5 1 0 5 0 4 3 4 3 1 5 2 4 4 5 2 | 14 19  0 6 1 0 10 1 0 12 1 1 7 2 1 8 1 2 7 1 2 9 2 3 8 1 3 10 1 3 11 1 4 9 1 4 12 1 4 13 1 5 10 1 5 11 1 5 12 1 6 11 1 6 13 1 8 13 1
R 1583 42 63 6 208 3 4 5 0 2 1 3 0 4 4 3 2 1 0 2 0 1 5 1 2 3 1 3 4 5 2 0 2 0 3 0 4 3 1 5 2 1 0 4 3 1 2 0 1 2 5 3 4 2 1 5 1 5 0 4 5 3 2 3 4 4 5 0 | 14 19  0 6 1 0 10 1 0 12 1 1 7 1 1 8 2 2 7 1 2 9 1 2 13 1 3 8 1 3 10 1 3 11 1 4 9 2 4 12 1 5 10 1 5 11 1 5 13 1 6 11 1 6 12 1 7 13 1
R 1584 42 63 6 63 3 4 5 1 2 3 0 3 4 1 2 4 1 0 2 0 1 4 1 2 3 4 3 1 0 2 5 2 0 3 2 4 3 1 0 2 1 0 4 0 4 3 0 1 2 0 4 5 2 5 1 3 0 5 4 5 3 5 3 2 4 5 1 | 14 19  0 6 1 0 10 1 0 12 1 1 7 1 1 8 1 1 13 1 2 7 2 2 9 1 3 8 1 3 10 1 3 11 1 4 9 2 4 12 1 5 10 1 5 11 1 5 13 1 6 11 1 6 12 1 8 13 1
R 1585 42 63 6 135 3 4 5 0 4 1 3 2 4 1 2 4 0 1 2 0 1 5 1 2 3 2 1 4 0 3 4 0 2 3 0 4 5 1 5 2 1 0 4 3 0 2 0 1 2 3 5 2 0 1 5 5 3 0 4 3 5 2 3 4 4 5 1 | 14 19  0 6 1 0 10 1 0 12 1 1 7 2 1 8 1 2 7 1 2 9 2 3 8 1 3 10 1 3 11 1 4 9 1 4 12 1 4 13 1 5 10 1 5 11 1 5 13 1 6 11 1 6 12 1 8 13 1
R 1586 42 63 6 137 3 1 2 2 1 3 3 5 4 0 3 4 0 2 3 0 1 3 0 2 1 0 5 1 1 4 2 2 5 3 3 4 5 1 0 4 2 1 0 0 2 4 4 5 0 4 0 5 2 0 1 5 1 2 4 5 1 2 5 4 3 3 3 | 14 19  0 6 2 0 10 1 1 7 1 1 8 1 1 13 1 2 7 1 2 9 2 3 8 1 3 10 1 3 11 1 4 9 1 4 12 1 4 13 1 5 10 1 5 11 1 5 12 1 6 11 1 7 13 1 8 12 1
R 1587 42 63 6 243 3 4 5 0 1 2 3 4 1 0 4 1 5 2 3 0 4 2 1 2 3 4 2 1 3 0 1 0 4 3 4 3 1 2 0 5 1 0 4 0 3 5 0 1 2 3 5 4 0 2 5 5 2 3 1 0 4 5 3 1 5 4 2 | 14 19  0 6 1 0 11 1 0 12 1 1 7 2 1 8 1 2 7 1 2 9 2 3 8 1 3 10 1 3 11 1 4 9 1 4 10 1 4 11 1 5 10 1 5 12 1 5 13 1 6 12 1 6 13 1 8 13 1
R 1588 42 63 6 2848 3 4 5 2 5 3 2 0 5 0 1 2 1 0 3 1 2 4 1 2 3 1 4 5 0 5 2 3 0 2 0 2 5 1 0 3 4 3 1 1 3 0 0 1 2 0 1 4 3 1 4 3 4 5 4 5 2 3 5 0 4 5 2 | 14 19  0 6 1 0 10 1 0 11 1 1 7 1 1 8 2 2 7 1 2 9 1 2 13 1 3 8 1 3 11 1 3 12 1 4 9 2 4 12 1 5 10 1 5 11 1 5 12 1 6 10 1 6 13 1 7 13 1
R 1589 42 63 6 131 3 4 5 0 2 3 4 5 3 0 1 2 0 1 5 1 2 4 1 2 3 1 3 2 4 0 5 0 5 4 0 2 5 1 0 3 4 3 1 0 3 1 0 1 2 4 5 1 0 1 2 3 4 5 3 2 4 3 5 0 4 5 2 | 14 19  0 6 1 0 10 1 0 11 1 1 7 2 1 8 1 2 7 1 2 9 2 3 8 1 3 11 1 3 12 1 4 9 1 4 12 1 4 13 1 5 10 1 5 11 1 5 12 1 6 10 1 6 13 1 8 13 1
R 1590 42 63 6 216 3 4 5 1 4 3 2 0 4 0 5 2 3 0 1 1 2 4 1 2 3 3 0 1 2 4 1 1 0 2 0 2 5 1 0 3 3 0 4 3 2 5 0 1 2 2 0 5 5 3 1 3 4 1 4 5 2 3 5 0 4 5 4 | 14 19  0 6 1 0 10 1 0 11 1 1 7 1 1 8 2 2 7 1 2 9 1 2 13 1 3 8 1 3 11 1 3 12 1 4 9 2 4 12 1 5 10 1 5 11 1 5 13 1 6 10 1 6 12 1 7 13 1
R 1591 42 63 6 71 3 4 5 0 3 4 1 2 3 0 5 2 0 5 1 1 2 4 1 2 3 2 4 3 1 0 4 0 2 1 0 2 5 1 0 3 3 0 4 3 2 1 0 1 2 1 5 2 0 4 5 3 4 1 3 2 4 3 5 0 4 5 5 | 14 19  0 6 1 0 10 1 0 11 1 1 7 2 1 8 1 2 7 1 2 9 2 3 8 1 3 11 1 3 12 1 4 9 1 4 12 1 4 13 1 5 10 1 5 11 1 5 13 1 6 10 1 6 12 1 8 13 1
R 1592 42 63 6 92 3 4 5 3 0 4 2 5 4 1 0 2 3 0 1 1 2 4 1 2 3 1 5 3 2 0 4 1 0 2 0 2 5 1 0 3 3 4 1 3 2 0 0 1 2 2 1 5 0 3 1 3 5 4 4 5 2 3 5 0 4 5 4 | 14 19  0 6 1 0 10 1 0 11 1 1 7 1 1 8 1 1 13 1 2 7 1 2 9 1 2 13 1 3 8 2 3 11 1 4 9 2 4 12 1 5 10 1 5 11 1 5 12 1 6 10 1 6 12 1 7 13 1
R 1593 42 63 6 2539 3 4 5 2 5 3 2 0 5 0 1 2 3 0 1 1 2 4 1 2 3 3 4 5 0 5 2 1 0 2 0 2 5 1 0 3 3 4 1 3 1 0 0 1 2 0 1 4 1 3 4 3 4 5 4 5 2 3 5 0 4 5 2 | 14 19  0 6 1 0 10 1 0 11 1 1 7 1 1 8 2 2 7 1 2 9 1 2 13 1 3 8 1 3 11 1 3 13 1 4 9 2 4 12 1 5 10 1 5 11 1 5 12 1 6 10 1 6 12 1 7 13 1
R 1594 42 63 6 1281 3 4 5 4 5 3 1 2 5 0 1 2 0 4 1 1 2 4 1 2 3 3 0 5 2 5 4 4 2 1 0 2 5 1 0 3 3 4 1 0 4 2 0 1 2 2 0 1 4 0 3 3 4 5 5 2 3 3 5 0 4 5 1 | 14 19  0 6 1 0 10 1 0 11 1 1 7 1 1 8 2 2 7 1 2 9 2 3 8 1 3 11 1 3 13 1 4 9 1 4 12 1 4 13 1 5 10 1 5 11 1 5 12 1 6 10 1 6 12 1 7 13 1
R 1595 42 63 6 728 3 4 5 0 1 5 2 3 5 0 1 2 0 4 1 1 2 4 1 2 3 4 5 1 2 0 5 0 3 2 0 2 5 1 0 3 3 4 1 0 4 2 0 1 2 2 3 4 0 1 4 3 4 5 5 2 3 3 5 0 4 5 1 | 14 19  0 6 1 0 10 1 0 11 1 1 7 2 1 8 1 2 7 1 2 9 2 3 8 1 3 11 1 3 13 1 4 9 1 4 12 1 4 13 1 5 10 1 5 11 1 5 12 1 6 10 1 6 12 1 8 13 1
R 1596 42 63 6 612 3 4 5 3 5 4 1 0 4 0 1 2 2 0 3 1 2 4 1 2 3 2 1 3 0 5 3 3 0 1 0 2 5 1 0 4 4 3 2 1 2 0 0 1 2 0 1 2 5 2 3 4 3 5 4 5 1 3 0 5 4 5 4 | 14 19  0 6 1 0 10 1 0 11 1 1 7 1 1 8 2 2 7 1 2 9 1 2 13 1 3 8 1 3 11 1 3 12 1 4 9 2 4 12 1 5 10 1 5 12 1 5 13 1 6 10 1 6 11 1 7 13 1
R 1597 42 63 6 739 3 4 5 0 3 5 1 4 2 0 1 2 0 5 3 1 2 4 1 2 3 1 5 3 2 0 5 0 4 1 0 2 5 1 0 4 4 3 2 0 2 1 0 1 2 2 4 1 0 3 5 4 3 5 2 1 4 3 0 5 4 5 3 | 14 19  0 6 1 0 10 1 0 11 1 1 7 2 1 8 1 2 7 1 2 9 2 3 8 1 3 11 1 3 12 1 4 9 1 4 12 1 4 13 1 5 10 1 5 12 1 5 13 1 6 10 1 6 11 1 8 13 1
R 1598 42 63 6 116 3 4 5 2 4 1 1 4 2 5 0 3 0 3 4 2 1 0 1 2 3 0 1 2 3 0 4 5 4 1 0 2 5 3 0 1 2 3 1 2 0 3 0 1 2 3 5 0 5 0 3 1 2 4 2 5 1 3 4 5 4 5 4 | 14 19  0 6 1 0 10 1 0 11 1 1 7 1 1 8 1 1 12 1 2 7 1 2 9 2 3 8 2 3 12 1 4 9 1 4 12 1 4 13 1 5 10 1 5 11 1 5 13 1 6 10 1 6 11 1 7 13 1
R 1599 42 63 6 110 3 4 5 1 3 2 3 5 4 0 3 4 0 1 2 2 1 0 1 2 3 0 5 1 4 3 1 2 1 4 0 2 5 3 0 1 0 2 3 0 4 2 0 1 2 4 0 5 2 0 1 2 5 1 3 5 4 3 4 5 4 5 3 | 14 19  0 6 1 0 10 1 0 11 1 1 7 1 1 8 1 1 13 1 2 7 1 2 9 1 2 13 1 3 8 2 3 12 1 4 9 2 4 12 1 5 10 1 5 11 1 5 12 1 6 10 1 6 11 1 7 13 1
R 1600 42 63 6 307 3 4 5 1 4 2 3 5 4 3 0 4 0 1 2 2 1 0 1 2 3 0 5 1 3 4 1 2 1 4 0 2 5 3 0 1 0 2 3 2 0 3 0 1 2 3 0 5 2 0 1 2 1 5 3 5 4 3 4 5 4 5 4 | 14 19  0 6 1 0 10 1 0 11 1 1 7 1 1 8 2 2 7 1 2 9 1 2 13 1 3 8 1 3 12 1 3 13 1 4 9 2 4 12 1 5 10 1 5 11 1 5 12 1 6 10 1 6 11 1 7 13 1
R 1601 42 63 6 401 3 4 5 3 1 2 0 4 5 3 0 4 1 3 2 2 1 0 1 2 3 5 2 1 4 0 1 3 4 0 0 2 5 3 0 1 0 2 3 1 2 4 0 1 2 0 4 5 3 1 2 2 1 5 5 4 0 3 4 5 4 5 3 | 14 19  0 6 1 0 10 1 0 11 1 1 7 2 1 8 1 2 7 1 2 9 2 3 8 1 3 12 1 3 13 1 4 9 1 4 12 1 4 13 1 5 10 1 5 11 1 5 12 1 6 10 1 6 11 1 8 13 1
R 1602 42 63 6 788 3 4 5 0 3 4 0 1 2 5 2 1 3 4 5 2 1 0 1 2 3 4 1 3 1 2 4 5 4 1 0 2 5 3 0 1 3 5 2 0 2 3 0 1 2 2 5 1 5 3 4 0 3 4 0 2 1 3 4 5 4 5 0 | 14 19  0 6 1 0 10 1 0 11 1 1 7 1 1 8 1 1 13 1 2 7 1 2 9 1 2 13 1 3 8 2 3 12 1 4 9 2 4 12 1 5 10 1 5 11 1 5 13 1 6 10 1 6 11 1 7 12 1
R 1603 42 63 6 1758 3 4 5 2 4 3 0 3 4 0 1 2 5 1 3 2 1 0 1 2 3 1 0 4 5 4 2 3 1 0 0 2 5 3 0 1 4 1 2 0 2 3 0 1 2 5 0 1 2 5 1 3 5 4 2 4 0 3 4 5 4 5 3 | 14 19  0 6 1 0 10 1 0 11 1 1 7 1 1 8 2 2 7 1 2 9 1 2 13 1 3 8 1 3 12 1 3 13 1 4 9 2 4 12 1 5 10 1 5 11 1 5 13 1 6 10 1 6 11 1 7 12 1
R 1604 42 63 6 164 3 4 5 0 3 5 4 2 3 2 1 4 0 1 5 1 2 4 1 2 3 1 2 3 4 1 3 0 2 4 2 4 0 0 2 5 1 0 3 3 4 1 0 1 2 4 2 1 0 1 5 0 5 3 3 4 2 3 5 0 4 5 5 | 14 19  0 6 1 0 11 1 0 12 1 1 7 1 1 8 1 1 10 1 2 7 1 2 9 2 3 8 2 3 10 1 4 9 1 4 12 1 4 13 1 5 11 1 5 12 1 5 13 1 6 11 1 6 13 1 7 10 1
R 1605 42 63 6 245 3 4 5 1 0 4 2 3 0 1 3 2 1 5 4 0 5 2 1 2 3 3 4 0 2 1 4 1 3 2 0 2 3 1 0 2 0 1 5 3 0 4 0 1 2 2 5 3 1 4 5 0 4 5 0 3 2 3 4 1 4 5 5 | 14 19  0 6 1 0 10 1 0 12 1 1 7 2 1 8 1 2 7 1 2 9 2 3 8 1 3 10 1 3 11 1 4 9 1 4 12 1 4 13 1 5 11 1 5 12 1 5 13 1 6 11 1 6 13 1 8 10 1
R 1606 42 63 6 1662 3 1 2 2 0 4 0 4 5 0 3 4 1 2 4 0 1 3 0 2 1 3 4 5 1 0 2 2 4 0 2 1 3 3 4 5 1 0 4 5 1 2 4 5 0 1 3 5 2 1 3 5 1 2 5 0 3 2 5 4 3 0 4 | 14 19  0 6 2 0 11 1 1 7 1 1 8 1 1 10 1 2 7 1 2 9 2 3 8 1 3 11 1 3 12 1 4 9 1 4 10 1 4 13 1 5 11 1 5 12 1 5 13 1 6 12 1 7 13 1 8 10 1
R 1607 42 63 6 195 3 1 2 3 0 2 2 3 5 1 3 4 0 4 3 0 1 3 0 2 1 5 2 0 4 1 2 1 3 2 2 0 4 3 4 5 1 0 4 0 1 5 4 5 0 4 5 1 1 0 4 0 5 2 5 1 2 2 5 4 3 3 3 | 14 19  0 6 2 0 11 1 1 7 1 1 8 1 1 11 1 2 7 1 2 9 2 3 8 1 3 10 1 3 12 1 4 9 1 4 10 1 4 13 1 5 11 1 5 12 1 5 13 1 6 12 1 7 13 1 8 10 1
R 1608 42 63 6 72 3 4 5 1 0 4 5 3 4 0 3 2 0 1 2 1 2 5 1 2 3 4 3 0 2 0 1 2 1 4 0 2 3 1 0 3 0 5 2 3 1 4 0 1 2 5 3 2 1 2 0 4 5 1 3 5 4 4 3 0 4 5 5 | 14 19  0 6 1 0 10 1 0 11 1 1 7 1 1 8 1 1 13 1 2 7 2 2 9 1 3 8 1 3 11 1 3 12 1 4 9 2 4 11 1 5 10 1 5 12 1 5 13 1 6 12 1 6 13 1 8 10 1
R 1609 42 63 6 124 3 4 5 1 0 2 4 3 2 2 3 1 0 4 5 4 2 0 1 2 3 2 3 0 0 3 1 5 4 3 0 4 5 3 0 2 2 4 1 1 0 4 0 1 2 4 5 3 1 5 0 4 5 0 1 2 3 3 1 5 4 5 2 | 14 19  0 6 1 0 10 1 0 13 1 1 7 1 1 8 1 1 13 1 2 7 2 2 9 1 3 8 1 3 11 1 3 12 1 4 9 2 4 12 1 5 10 1 5 11 1 5 12 1 6 11 1 6 13 1 8 10 1
R 1610 42 63 6 126 3 4 5 0 4 1 3 2 4 2 4 0 1 0 2 4 1 5 1 2 3 2 1 4 0 3 1 0 2 3 0 2 5 1 5 0 3 2 4 1 0 4 0 1 2 3 5 2 0 1 5 5 3 1 4 5 3 3 2 0 4 5 4 | 14 19  0 6 1 0 10 1 0 13 1 1 7 2 1 8 1 2 7 1 2 9 2 3 8 1 3 11 1 3 12 1 4 9 1 4 12 1 4 13 1 5 10 1 5 11 1 5 12 1 6 11 1 6 13 1 8 10 1
R 1611 42 63 6 767 3 1 2 0 1 2 4 2 5 3 1 4 0 2 4 0 2 3 0 2 1 5 2 3 4 1 0 4 0 1 3 4 5 1 0 4 2 5 1 0 4 3 4 5 0 4 3 5 0 1 3 5 2 0 5 3 1 1 5 4 3 2 2 | 14 19  0 6 2 0 10 1 1 7 1 1 8 1 1 13 1 2 7 2 2 9 1 3 8 1 3 11 1 3 12 1 4 9 1 4 12 1 4 13 1 5 10 1 5 11 1 5 12 1 6 11 1 8 10 1 9 13 1
R 1612 42 63 6 76 3 1 2 3 0 2 2 3 1 0 4 1 4 5 3 0 4 3 0 2 1 1 2 5 1 0 2 0 3 2 1 5 3 3 4 5 2 0 4 1 4 0 4 5 0 4 5 1 0 4 5 3 2 5 1 0 2 2 1 5 3 3 4 | 14 19  0 6 2 0 11 1 1 7 1 1 8 1 1 11 1 2 7 1 2 9 2 3 8 1 3 11 1 3 12 1 4 9 1 4 10 1 4 13 1 5 10 1 5 12 1 5 13 1 6 12 1 7 13 1 8 10 1
R 1613 42 63 6 203 3 1 2 2 4 3 5 1 3 0 3 2 3 0 1 0 5 3 0 2 1 3 1 2 4 1 2 5 0 1 2 0 4 3 4 5 1 0 5 0 5 2 4 5 0 5 0 1 0 4 2 5 1 4 4 5 2 1 2 4 3 3 3 | 14 19  0 6 2 0 11 1 1 7 1 1 8 1 1 13 1 2 7 2 2 9 1 3 8 1 3 11 1 3 12 1 4 9 1 4 10 1 4 11 1 5 10 1 5 12 1 5 13 1 6 12 1 8 10 1 9 13 1
R 1614 42 63 6 202 3 4 5 1 4 2 0 3 1 0 4 3 5 1 2 4 0 2 1 2 3 2 0 1 3 4 1 3 2 1 0 4 3 2 4 0 0 3 2 1 0 4 0 1 2 3 0 5 4 2 5 2 5 1 0 4 3 5 1 3 4 5 5 | 14 19  0 6 1 0 10 1 0 13 1 1 7 1 1 8 1 1 10 1 2 7 1 2 10 1 2 11 1 3 8 2 3 11 1 4 9 2 4 11 1 5 9 1 5 12 1 5 13 1 6 12 1 6 13 1 7 12 1
R 1615 42 63 6 139 3 4 5 0 1 2 0 2 1 5 3 4 1 0 4 3 2 5 1 2 3 5 2 1 4 3 1 5 2 4 0 2 3 0 5 2 0 1 3 1 3 4 0 1 2 3 5 4 4 5 3 0 2 1 3 5 2 0 1 4 4 5 0 | 14 19  0 6 1 0 10 1 0 12 1 1 7 1 1 8 1 1 10 1 2 7 1 2 10 1 2 11 1 3 8 2 3 11 1 4 9 1 4 12 1 4 13 1 5 9 2 5 12 1 6 11 1 6 13 1 7 13 1
R 1616 42 63 6 219 3 4 5 3 0 1 2 0 1 4 2 0 4 0 2 5 1 3 1 2 3 1 4 5 0 2 1 3 1 4 2 0 3 3 2 0 5 3 2 1 0 4 0 1 2 2 4 5 3 4 5 3 5 1 5 1 3 0 2 4 4 5 0 | 14 19  0 6 1 0 10 1 0 13 1 1 7 1 1 8 1 1 10 1 2 7 1 2 10 1 2 11 1 3 8 2 3 12 1 4 9 1 4 11 1 4 13 1 5 9 2 5 12 1 6 11 1 6 13 1 7 12 1
R 1617 42 63 6 104 3 1 2 3 0 2 0 4 1 0 5 3 0 1 2 4 3 5 0 2 1 1 2 5 1 0 3 5 3 2 3 4 5 2 3 1 1 4 0 0 2 5 4 5 0 4 5 1 3 2 5 2 4 1 4 5 3 0 1 2 3 0 4 | 14 19  0 6 2 0 10 1 1 7 1 1 8 1 1 10 1 2 7 1 2 10 1 2 11 1 3 8 1 3 11 1 3 13 1 4 9 1 4 12 1 4 13 1 5 9 2 5 12 1 6 12 1 7 11 1 8 13 1
R 1618 42 63 6 251 3 4 5 3 4 0 1 2 4 1 5 2 3 4 0 1 0 2 1 2 3 0 1 4 2 4 3 2 0 3 2 0 5 1 5 4 1 0 4 1 2 0 0 1 2 2 1 5 5 3 0 0 4 3 1 2 5 4 5 3 5 4 3 | 14 19  0 6 1 0 10 1 0 12 1 1 7 1 1 8 2 2 7 1 2 10 1 2 11 1 3 8 1 3 10 1 3 11 1 4 9 1 4 11 1 4 13 1 5 9 2 5 12 1 6 12 1 6 13 1 7 13 1
R 1619 42 63 6 705 3 1 2 4 3 5 0 3 2 0 4 1 0 1 3 2 3 4 0 2 1 1 5 2 1 0 3 4 3 5 3 4 5 0 1 2 2 4 0 0 2 1 4 5 0 0 2 1 4 1 5 5 2 3 2 4 5 0 1 5 3 3 4 | 14 19  0 6 2 0 10 1 1 7 1 1 8 1 1 12 1 2 7 1 2 10 1 2 11 1 3 8 1 3 10 1 3 11 1 4 9 1 4 11 1 4 13 1 5 9 2 5 12 1 6 12 1 7 13 1 8 13 1
R 1620 42 63 6 2651 3 1 2 2 3 4 3 0 2 5 4 0 0 3 1 4 1 5 0 2 1 1 5 2 1 0 3 5 1 0 0 2 4 3 4 5 2 5 4 0 2 1 4 5 0 0 5 1 4 5 1 2 3 1 4 2 5 2 3 0 3 3 4 | 14 19  0 6 2 0 11 1 1 7 1 1 8 1 1 10 1 2 7 1 2 10 1 2 11 1 3 8 1 3 10 1 3 12 1 4 9 1 4 11 1 4 13 1 5 9 2 5 12 1 6 12 1 7 13 1 8 13 1
R 1621 42 63 6 B 1 2 5 5 4 2 5 1 4 0 5 1 4 2 3 0 1 3 4 5 2 2 0 4 4 3 1 3 1 4 1 5 2 3 1 0 0 2 3 0 2 4 3 0 4 1 0 3 3 0 2 2 4 3 0 5 1 2 5 4 1 5 5 | 14 19  0 6 2 0 11 1 1 7 1 1 8 1 1 10 1 2 7 1 2 10 1 2 11 1 3 8 1 3 10 1 3 13 1 4 9 1 4 11 1 4 13 1 5 9 2 5 12 1 6 12 1 7 12 1 8 13 1
R 1622 42 63 6 196 3 1 2 2 3 4 3 0 2 1 0 5 0 3 1 4 1 5 0 2 1 1 5 2 3 0 4 5 1 0 0 2 4 3 4 5 4 2 5 2 1 0 4 5 0 0 5 1 4 5 1 2 3 4 4 2 5 2 3 0 3 3 1 | 14 19  0 6 2 0 11 1 1 7 1 1 8 1 1 10 1 2 7 1 2 10 1 2 11 1 3 8 1 3 10 1 3 13 1 4 9 1 4 11 1 4 13 1 5 9 2 5 12 1 6 12 1 7 13 1 8 12 1
R 1623 42 63 NOT6 A+B chi=-1 | 14 19  0 6 2 0 12 1 1 7 1 1 8 1 1 10 1 2 7 1 2 10 1 2 11 1 3 8 1 3 10 1 3 12 1 4 9 1 4 11 1 4 13 1 5 9 2 5 11 1 6 12 1 7 13 1 8 13 1
R 1624 42 63 NOT6 A+B chi=-1 | 14 19  0 6 2 0 12 1 1 7 1 1 8 1 1 10 1 2 7 1 2 10 1 2 11 1 3 8 1 3 10 1 3 13 1 4 9 1 4 11 1 4 13 1 5 9 2 5 11 1 6 12 1 7 12 1 8 13 1
R 1625 42 63 NOT6 A+B chi=-1 | 14 19  0 6 2 0 12 1 1 7 1 1 8 1 1 10 1 2 7 1 2 10 1 2 11 1 3 8 1 3 10 1 3 13 1 4 9 1 4 11 1 4 13 1 5 9 2 5 11 1 6 12 1 7 13 1 8 12 1
R 1626 42 63 6 15505 3 4 5 0 3 1 5 1 2 2 4 5 1 0 2 3 4 5 1 2 3 2 1 0 5 4 3 5 4 1 4 2 1 0 2 3 3 0 2 3 0 1 0 1 2 4 2 5 3 0 4 0 1 3 3 5 4 0 2 1 4 5 5 | 14 19  0 6 1 0 11 1 0 13 1 1 7 1 1 8 1 1 10 1 2 7 1 2 10 1 2 11 1 3 8 2 3 10 1 4 9 1 4 12 1 4 13 1 5 9 2 5 12 1 6 12 1 6 13 1 7 11 1
R 1627 42 63 6 6866 3 1 2 1 2 4 3 0 2 0 4 1 0 4 3 2 3 5 0 2 1 4 0 1 2 0 1 5 3 1 1 3 5 3 4 5 2 4 0 0 3 2 4 5 0 3 5 0 5 4 1 3 2 5 2 5 1 0 4 1 3 2 4 | 14 19  0 6 2 0 11 1 1 7 1 1 8 1 1 10 1 2 7 1 2 10 1 2 11 1 3 8 1 3 10 1 3 13 1 4 9 1 4 12 1 4 13 1 5 9 2 5 12 1 6 12 1 7 11 1 8 13 1
R 1628 42 63 6 93 3 1 2 1 2 5 0 4 1 3 0 2 0 2 3 4 3 5 0 2 1 3 0 1 2 0 1 5 3 2 3 1 4 3 4 5 1 4 0 0 2 4 4 5 0 4 3 0 5 2 3 4 5 1 4 5 1 0 1 2 3 2 5 | 14 19  0 6 2 0 11 1 1 7 1 1 8 1 1 10 1 2 7 1 2 10 1 2 13 1 3 8 1 3 10 1 3 11 1 4 9 1 4 12 1 4 13 1 5 9 2 5 12 1 6 12 1 7 11 1 8 13 1
R 1629 42 63 NOT6 A+B chi=-1 | 14 19  0 6 2 0 12 1 1 7 1 1 8 1 1 10 1 2 7 1 2 10 1 2 13 1 3 8 1 3 10 1 3 11 1 4 9 2 4 11 1 5 9 1 5 12 1 5 13 1 6 12 1 7 11 1 8 13 1
R 1630 42 63 6 13316 3 4 5 1 4 5 1 3 2 0 2 4 4 1 0 3 0 2 1 2 3 2 5 4 3 4 1 2 0 4 0 2 3 1 0 2 0 3 5 4 3 0 0 1 2 3 0 2 0 4 5 5 3 1 3 5 2 1 5 4 4 5 1 | 14 19  0 6 1 0 10 1 0 12 1 1 7 1 1 8 2 2 7 1 2 10 1 2 11 1 3 8 1 3 11 1 3 12 1 4 9 1 4 10 1 4 13 1 5 9 2 5 12 1 6 11 1 6 13 1 7 13 1
R 1631 42 63 6 421 3 4 5 4 5 2 1 3 2 0 1 4 0 2 1 3 4 5 1 2 3 2 3 5 1 5 4 5 4 2 0 2 3 1 0 2 3 0 1 3 1 0 0 1 2 1 0 3 0 4 5 2 3 5 3 5 4 0 1 2 4 5 4 | 14 19  0 6 1 0 10 1 0 13 1 1 7 1 1 8 2 2 7 1 2 10 1 2 11 1 3 8 1 3 11 1 3 13 1 4 9 1 4 10 1 4 12 1 5 9 2 5 12 1 6 11 1 6 12 1 7 13 1
R 1632 42 63 6 277 3 4 5 3 0 4 0 2 1 1 0 2 2 0 1 5 3 4 1 2 3 1 4 3 2 0 3 4 3 1 2 0 5 5 0 2 1 0 4 3 1 2 0 1 2 2 1 5 5 4 3 4 5 3 5 3 4 0 2 1 4 5 0 | 14 19  0 6 1 0 10 1 0 12 1 1 7 1 1 8 1 1 13 1 2 7 1 2 10 1 2 11 1 3 8 2 3 12 1 4 9 1 4 10 1 4 13 1 5 9 2 5 11 1 6 11 1 6 12 1 7 13 1
R 1633 42 63 6 215 3 4 5 3 2 4 0 2 1 0 1 2 1 0 2 5 3 4 1 2 3 1 4 3 0 2 3 4 3 1 2 0 5 5 0 2 1 0 4 3 0 1 0 1 2 0 1 5 5 4 3 4 3 5 5 3 4 0 2 1 4 5 2 | 14 19  0 6 1 0 10 1 0 12 1 1 7 1 1 8 2 2 7 1 2 10 1 2 11 1 3 8 1 3 12 1 3 13 1 4 9 1 4 10 1 4 13 1 5 9 2 5 11 1 6 11 1 6 12 1 7 13 1
R 1634 42 63 NOT6 A+B chi=-1 | 14 19  0 6 2 0 12 1 1 7 1 1 8 1 1 12 1 2 7 1 2 10 1 2 11 1 3 8 1 3 10 1 3 11 1 4 9 1 4 10 1 4 13 1 5 9 2 5 11 1 6 12 1 7 13 1 8 13 1
R 1635 42 63 6 1579 3 4 5 3 2 4 0 2 5 0 1 2 0 2 1 3 1 4 1 2 3 1 4 5 0 2 3 4 1 5 2 0 3 3 2 0 1 0 4 3 1 0 0 1 2 0 1 5 3 1 4 4 3 5 3 4 5 0 2 5 4 5 2 | 14 19  0 6 1 0 10 1 0 12 1 1 7 1 1 8 2 2 7 1 2 11 1 2 13 1 3 8 1 3 12 1 3 13 1 4 9 1 4 10 1 4 11 1 5 9 2 5 10 1 6 11 1 6 12 1 7 13 1
R 1636 42 63 6 97 3 4 5 0 3 4 1 2 4 1 0 2 2 3 5 0 3 1 1 2 3 1 4 3 2 0 3 1 4 5 0 2 3 0 5 2 1 0 4 0 1 2 0 1 2 2 5 1 0 3 5 4 5 3 0 4 1 2 5 4 4 5 3 | 14 19  0 6 1 0 10 1 0 12 1 1 7 2 1 8 1 2 7 1 2 11 1 2 13 1 3 8 2 3 12 1 4 9 1 4 10 1 4 11 1 5 9 1 5 10 1 5 13 1 6 11 1 6 12 1 9 13 1
R 1637 42 63 6 91 3 4 5 0 1 4 2 4 3 5 1 2 1 3 2 1 0 4 1 2 3 3 4 0 2 1 4 4 5 3 0 2 3 1 0 2 1 3 5 0 2 4 0 1 2 2 5 3 1 5 0 0 3 4 0 4 5 2 5 3 4 5 1 | 14 19  0 6 1 0 10 1 0 12 1 1 7 1 1 8 1 1 13 1 2 7 2 2 12 1 3 8 2 3 12 1 4 9 1 4 10 1 4 11 1 5 9 1 5 10 1 5 11 1 6 11 1 6 13 1 9 13 1
R 1638 42 63 6 66 3 4 5 5 3 4 2 1 4 2 0 1 1 3 2 1 0 4 1 2 3 2 4 3 1 0 4 4 5 3 0 2 3 1 0 2 1 3 5 0 2 4 0 1 2 0 1 2 5 0 3 3 5 4 0 4 5 2 5 3 4 5 1 | 14 19  0 6 1 0 10 1 0 12 1 1 7 2 1 8 1 2 7 1 2 12 1 2 13 1 3 8 2 3 12 1 4 9 1 4 10 1 4 11 1 5 9 1 5 10 1 5 11 1 6 11 1 6 13 1 9 13 1
R 1639 42 63 6 134 3 1 2 2 4 3 0 1 4 0 1 2 0 3 4 1 0 3 0 2 1 3 0 4 5 4 2 2 1 3 3 4 5 1 0 4 1 2 4 0 2 3 4 5 0 5 0 1 2 3 5 3 5 4 5 1 2 4 2 5 3 1 0 | 14 19  0 6 2 0 10 1 1 7 1 1 8 2 2 7 1 2 12 1 2 13 1 3 8 1 3 12 1 3 13 1 4 9 1 4 10 1 4 11 1 5 9 1 5 10 1 5 11 1 6 11 1 7 13 1 9 12 1
R 1640 42 63 NOT6 A+B chi=-1 | 14 19  0 6 2 0 12 1 1 7 1 1 8 2 2 7 1 2 10 1 2 11 1 3 8 1 3 11 1 3 13 1 4 9 1 4 10 1 4 11 1 5 9 1 5 10 1 5 12 1 6 12 1 7 13 1 9 13 1
R 1641 42 63 6 145 3 4 5 2 1 5 0 4 3 0 4 2 1 2 0 2 4 1 1 2 3 3 4 1 0 1 2 3 0 1 2 0 4 4 2 5 1 0 4 0 3 5 0 1 2 0 3 4 2 5 1 5 3 1 4 5 3 5 3 0 5 4 2 | 14 19  0 6 1 0 11 1 0 12 1 1 7 1 1 8 2 2 7 2 2 10 1 3 8 1 3 12 1 3 13 1 4 9 1 4 10 1 4 11 1 5 9 1 5 10 1 5 11 1 6 12 1 6 13 1 9 13 1
R 1642 42 63 6 1403 3 1 2 3 5 4 0 1 4 2 0 5 3 0 2 5 0 1 0 2 1 4 1 3 5 0 1 1 5 2 1 2 0 3 4 5 2 0 4 2 3 4 4 5 0 0 2 1 2 3 5 3 4 1 4 5 1 3 4 2 3 5 0 | 14 19  0 6 2 0 11 1 1 7 1 1 8 1 1 13 1 2 7 1 2 10 1 2 12 1 3 8 2 3 12 1 4 9 1 4 10 1 4 11 1 5 9 1 5 10 1 5 11 1 6 12 1 7 13 1 9 13 1
R 1643 42 63 6 82 3 1 2 3 0 1 0 2 4 4 0 5 3 0 2 5 0 1 0 2 1 4 2 3 5 0 2 1 5 2 1 2 0 3 4 5 4 1 5 3 4 1 4 5 0 5 4 2 1 3 5 1 3 2 4 5 1 3 4 2 3 0 0 | 14 19  0 6 2 0 11 1 1 7 1 1 8 1 1 13 1 2 7 1 2 10 1 2 13 1 3 8 2 3 12 1 4 9 1 4 10 1 4 11 1 5 9 1 5 10 1 5 11 1 6 12 1 7 12 1 9 13 1
R 1644 42 63 6 109 3 1 2 1 5 4 0 2 4 3 0 5 3 0 2 5 0 1 0 2 1 4 0 3 2 5 1 1 5 2 1 2 0 3 4 5 0 2 4 3 1 4 4 5 0 2 0 3 1 3 5 4 1 2 4 5 1 3 4 2 3 5 0 | 14 19  0 6 2 0 11 1 1 7 1 1 8 2 2 7 1 2 10 1 2 13 1 3 8 1 3 12 1 3 13 1 4 9 1 4 10 1 4 11 1 5 9 1 5 10 1 5 11 1 6 12 1 7 12 1 9 13 1
R 1645 42 63 6 716 3 1 2 1 5 2 0 1 4 4 0 3 3 0 2 5 0 1 0 2 1 4 3 5 3 0 2 1 5 2 1 2 0 3 4 5 5 1 4 0 4 2 4 5 0 0 4 3 2 3 5 1 5 2 4 5 1 3 4 2 3 1 0 | 14 19  0 6 2 0 11 1 1 7 1 1 8 1 1 13 1 2 7 1 2 10 1 2 13 1 3 8 2 3 12 1 4 9 1 4 10 1 4 11 1 5 9 1 5 10 1 5 11 1 6 12 1 7 13 1 9 12 1
R 1646 42 63 6 383 3 1 2 2 3 4 0 1 4 0 5 3 3 0 2 5 0 1 0 2 1 4 0 5 1 3 2 1 5 2 1 2 0 3 4 5 5 1 4 0 2 4 4 5 0 1 0 5 2 3 5 4 2 1 4 5 1 3 4 2 3 3 0 | 14 19  0 6 2 0 11 1 1 7 1 1 8 2 2 7 1 2 10 1 2 13 1 3 8 1 3 12 1 3 13 1 4 9 1 4 10 1 4 11 1 5 9 1 5 10 1 5 11 1 6 12 1 7 13 1 9 12 1
R 1647 42 63 NOT6 A+B chi=-1 | 14 19  0 6 2 0 12 1 1 7 1 1 8 1 1 13 1 2 7 1 2 10 1 2 12 1 3 8 2 3 11 1 4 9 1 4 10 1 4 11 1 5 9 1 5 10 1 5 11 1 6 12 1 7 13 1 9 13 1
R 1648 42 63 NOT6 A+B chi=-1 | 14 19  0 6 2 0 12 1 1 7 1 1 8 2 2 7 1 2 10 1 2 12 1 3 8 1 3 11 1 3 13 1 4 9 1 4 10 1 4 11 1 5 9 1 5 10 1 5 11 1 6 12 1 7 13 1 9 13 1
R 1649 42 63 NOT6 A+B chi=-1 | 14 19  0 6 2 0 12 1 1 7 1 1 8 1 1 13 1 2 7 1 2 10 1 2 13 1 3 8 2 3 11 1 4 9 1 4 10 1 4 11 1 5 9 1 5 10 1 5 11 1 6 12 1 7 12 1 9 13 1
R 1650 42 63 6 105 3 4 5 4 3 2 1 0 2 0 4 1 3 1 5 0 3 2 1 2 3 0 2 3 1 4 2 2 0 1 0 3 1 3 5 4 0 2 5 1 0 4 0 1 2 1 5 0 4 5 3 3 5 2 4 2 0 5 4 1 4 5 3 | 14 19  0 6 1 0 12 1 0 13 1 1 7 2 1 8 1 2 7 1 2 10 1 2 13 1 3 8 2 3 11 1 4 9 1 4 10 1 4 11 1 5 9 1 5 10 1 5 11 1 6 12 1 6 13 1 9 12 1
R 1651 42 63 NOT6 A+B chi=-1 | 14 19  0 6 2 0 12 1 1 7 1 1 8 1 1 13 1 2 7 1 2 10 1 2 13 1 3 8 2 3 11 1 4 9 1 4 10 1 4 11 1 5 9 1 5 10 1 5 11 1 6 12 1 7 13 1 9 12 1
R 1652 42 63 NOT6 A+B chi=-1 | 14 19  0 6 2 0 12 1 1 7 1 1 8 2 2 7 1 2 10 1 2 13 1 3 8 1 3 11 1 3 13 1 4 9 1 4 10 1 4 11 1 5 9 1 5 10 1 5 11 1 6 12 1 7 13 1 9 12 1
R 1653 42 63 6 74 3 4 5 3 1 4 1 0 2 0 1 2 2 1 4 5 0 3 1 2 3 2 0 3 2 1 4 3 0 4 0 2 5 1 0 3 3 5 1 0 2 4 0 1 2 5 0 2 4 3 5 3 5 4 5 0 3 1 2 4 4 5 1 | 14 19  0 6 1 0 10 1 0 11 1 1 7 1 1 8 1 1 12 1 2 7 1 2 10 1 2 11 1 3 8 2 3 11 1 4 9 1 4 12 1 4 13 1 5 9 2 5 12 1 6 10 1 6 13 1 7 13 1
R 1654 42 63 6 1672 3 4 5 4 5 3 1 0 2 1 0 2 5 1 3 0 2 4 1 2 3 2 0 5 1 5 4 4 2 3 0 2 5 1 0 3 4 1 0 0 2 1 0 1 2 1 0 2 4 3 5 3 4 5 0 2 4 1 5 3 4 5 3 | 14 19  0 6 1 0 10 1 0 11 1 1 7 1 1 8 2 2 7 1 2 10 1 2 11 1 3 8 1 3 11 1 3 12 1 4 9 1 4 12 1 4 13 1 5 9 2 5 12 1 6 10 1 6 13 1 7 13 1
R 1655 42 63 6 65 3 4 5 4 3 2 1 0 2 1 0 2 3 0 2 5 1 4 1 2 3 0 2 3 4 1 5 4 1 2 0 2 5 1 0 3 4 3 0 1 3 0 0 1 2 1 5 0 4 3 5 3 4 5 5 1 4 0 3 2 4 5 2 | 14 19  0 6 1 0 10 1 0 11 1 1 7 2 1 8 1 2 7 1 2 10 1 2 11 1 3 8 1 3 11 1 3 12 1 4 9 1 4 12 1 4 13 1 5 9 2 5 12 1 6 10 1 6 13 1 8 13 1
R 1656 42 63 6 917 3 4 5 3 1 4 1 0 2 0 1 2 0 1 5 2 4 5 1 2 3 2 0 3 2 1 4 5 4 3 0 2 5 1 0 3 2 1 0 0 5 4 0 1 2 5 0 2 4 3 5 3 5 4 2 4 3 0 1 3 4 5 1 | 14 19  0 6 1 0 10 1 0 11 1 1 7 1 1 8 1 1 13 1 2 7 1 2 10 1 2 11 1 3 8 2 3 11 1 4 9 1 4 12 1 4 13 1 5 9 2 5 12 1 6 10 1 6 12 1 7 13 1
R 1657 42 63 6 1448 3 4 5 4 5 3 1 0 2 1 0 2 1 3 4 5 0 2 1 2 3 2 0 5 1 5 4 2 0 4 0 2 5 1 0 3 3 0 1 1 4 2 0 1 2 1 0 2 4 3 5 3 4 5 5 2 0 1 3 4 4 5 3 | 14 19  0 6 1 0 10 1 0 11 1 1 7 1 1 8 2 2 7 1 2 10 1 2 11 1 3 8 1 3 11 1 3 13 1 4 9 1 4 12 1 4 13 1 5 9 2 5 12 1 6 10 1 6 12 1 7 13 1
R 1658 42 63 6 65 3 4 5 3 0 4 1 0 2 1 0 2 4 0 2 5 1 3 1 2 3 2 1 3 2 0 3 3 1 2 0 2 5 1 0 4 3 4 0 1 5 4 0 1 2 5 1 2 4 3 5 4 5 3 5 1 3 0 4 2 4 5 0 | 14 19  0 6 1 0 10 1 0 11 1 1 7 1 1 8 1 1 13 1 2 7 1 2 10 1 2 12 1 3 8 2 3 11 1 4 9 1 4 12 1 4 13 1 5 9 2 5 12 1 6 10 1 6 11 1 7 13 1
R 1659 42 63 6 3168 3 4 5 3 5 4 1 0 2 0 1 2 0 3 5 1 4 5 1 2 3 2 0 5 1 5 3 5 4 0 0 2 5 1 0 4 1 3 2 0 4 1 0 1 2 1 0 2 4 3 5 4 3 5 1 4 2 2 3 0 4 5 3 | 14 19  0 6 1 0 10 1 0 11 1 1 7 1 1 8 2 2 7 1 2 10 1 2 12 1 3 8 1 3 11 1 3 13 1 4 9 1 4 12 1 4 13 1 5 9 2 5 12 1 6 10 1 6 11 1 7 13 1
R 1660 42 63 6 71 3 4 5 4 3 2 1 0 2 0 1 2 4 0 2 5 1 3 1 2 3 0 2 3 5 1 3 3 1 2 0 2 5 1 0 4 1 4 0 3 0 4 0 1 2 1 5 0 4 3 5 4 3 5 5 3 1 0 4 2 4 5 2 | 14 19  0 6 1 0 10 1 0 11 1 1 7 2 1 8 1 2 7 1 2 10 1 2 12 1 3 8 1 3 11 1 3 13 1 4 9 1 4 12 1 4 13 1 5 9 2 5 12 1 6 10 1 6 11 1 8 13 1
R 1661 42 63 6 81 3 4 5 3 0 4 1 0 2 1 0 2 3 1 2 4 0 5 1 2 3 2 1 3 2 0 3 5 0 3 0 2 5 1 0 4 1 4 2 1 3 4 0 1 2 5 1 2 4 3 5 4 5 3 4 5 0 1 2 3 4 5 0 | 14 19  0 6 1 0 10 1 0 11 1 1 7 1 1 8 1 1 13 1 2 7 1 2 10 1 2 13 1 3 8 2 3 11 1 4 9 1 4 12 1 4 13 1 5 9 2 5 12 1 6 10 1 6 11 1 7 12 1
R 1662 42 63 6 1083 3 4 5 1 3 5 1 0 2 0 4 2 0 1 3 4 2 5 1 2 3 2 5 3 0 3 1 5 2 3 0 2 5 1 0 4 4 2 0 3 4 0 0 1 2 0 2 4 4 3 5 5 3 1 4 5 2 0 1 3 4 5 1 | 14 19  0 6 1 0 10 1 0 11 1 1 7 1 1 8 2 2 7 1 2 10 1 2 13 1 3 8 1 3 11 1 3 13 1 4 9 1 4 12 1 4 13 1 5 9 2 5 12 1 6 10 1 6 11 1 7 12 1
R 1663 42 63 6 102 3 4 5 4 3 5 1 0 2 1 0 2 0 3 4 5 1 2 1 2 3 1 5 3 2 0 3 2 5 3 0 2 5 1 0 4 1 2 0 1 3 0 0 1 2 0 2 1 4 3 5 4 5 3 1 5 2 0 3 4 4 5 4 | 14 19  0 6 1 0 10 1 0 11 1 1 7 2 1 8 1 2 7 1 2 10 1 2 13 1 3 8 2 3 11 1 4 9 1 4 12 1 4 13 1 5 9 1 5 12 1 5 13 1 6 10 1 6 11 1 9 12 1
R 1664 42 63 6 115 3 4 5 2 3 1 0 2 1 0 5 4 1 0 2 4 3 2 1 2 3 4 5 1 0 3 2 2 3 0 0 2 5 3 1 4 3 0 1 1 0 4 0 1 2 0 4 5 3 5 4 1 2 3 4 3 5 1 5 0 4 5 2 | 14 19  0 6 1 0 10 1 0 11 1 1 7 1 1 8 2 2 7 1 2 11 1 2 12 1 3 8 1 3 12 1 3 13 1 4 9 1 4 10 1 4 13 1 5 9 2 5 11 1 6 10 1 6 12 1 7 13 1
R 1665 42 63 6 57 3 4 5 2 5 4 0 4 2 3 0 1 0 1 2 3 4 1 1 2 3 1 3 2 1 0 2 3 2 1 0 2 5 1 0 4 3 0 4 3 0 5 0 1 2 0 3 1 5 3 1 4 5 2 4 5 3 0 5 2 4 5 4 | 14 19  0 6 1 0 10 1 0 11 1 1 7 1 1 8 1 1 13 1 2 7 1 2 11 1 2 12 1 3 8 2 3 12 1 4 9 2 4 10 1 5 9 1 5 11 1 5 13 1 6 10 1 6 12 1 7 13 1
R 1666 42 63 6 243 3 4 5 1 2 5 0 4 2 0 3 1 0 1 2 3 4 1 1 2 3 3 0 2 4 2 1 3 2 1 0 2 5 1 0 4 3 0 4 0 5 3 0 1 2 4 0 3 5 3 1 5 2 4 4 5 3 0 5 2 4 5 1 | 14 19  0 6 1 0 10 1 0 11 1 1 7 1 1 8 2 2 7 1 2 11 1 2 12 1 3 8 1 3 12 1 3 13 1 4 9 2 4 10 1 5 9 1 5 11 1 5 13 1 6 10 1 6 12 1 7 13 1
R 1667 42 63 6 1181 3 4 5 3 4 5 0 2 1 0 1 5 1 0 2 4 3 2 1 2 3 1 5 4 2 3 5 2 3 0 0 2 5 3 1 4 3 0 1 4 2 1 0 1 2 0 2 1 3 5 4 4 2 3 4 3 5 1 5 0 4 5 0 | 14 19  0 6 1 0 10 1 0 11 1 1 7 2 1 8 1 2 7 1 2 11 1 2 12 1 3 8 1 3 12 1 3 13 1 4 9 1 4 10 1 4 13 1 5 9 2 5 11 1 6 10 1 6 12 1 8 13 1
R 1668 42 63 6 769 3 4 5 5 3 4 2 0 1 0 1 5 1 0 2 0 4 2 1 2 3 0 4 3 5 1 2 2 3 5 0 2 5 0 1 4 0 4 1 3 2 1 0 1 2 1 2 0 5 3 4 3 4 2 4 3 5 1 5 3 4 5 0 | 14 19  0 6 1 0 10 1 0 11 1 1 7 2 1 8 1 2 7 1 2 11 1 2 13 1 3 8 2 3 12 1 4 9 1 4 10 1 4 13 1 5 9 1 5 11 1 5 12 1 6 10 1 6 12 1 9 13 1
R 1669 42 63 6 247 3 4 5 2 4 1 1 0 4 0 5 3 1 0 2 4 2 5 1 2 3 3 1 5 0 4 2 5 2 3 0 2 5 1 0 4 2 0 1 1 3 0 0 1 2 0 3 5 2 3 5 1 4 2 4 3 5 0 1 3 4 5 4 | 14 19  0 6 1 0 10 1 0 11 1 1 7 1 1 8 2 2 7 1 2 12 1 2 13 1 3 8 1 3 12 1 3 13 1 4 9 1 4 10 1 4 11 1 5 9 2 5 11 1 6 10 1 6 12 1 7 13 1
R 1670 42 63 6 78 3 4 5 2 0 1 4 3 1 5 0 4 1 0 2 1 3 2 1 2 3 1 3 0 4 0 3 2 3 0 0 2 5 1 0 3 2 4 1 4 2 5 0 1 2 4 5 3 2 5 0 1 2 3 4 3 5 5 4 0 4 5 1 | 14 19  0 6 1 0 10 1 0 11 1 1 7 1 1 8 1 1 13 1 2 7 2 2 12 1 3 8 2 3 12 1 4 9 1 4 10 1 4 11 1 5 9 1 5 11 1 5 13 1 6 10 1 6 12 1 9 13 1
R 1671 42 63 6 931 3 4 5 5 2 3 4 0 1 1 0 5 1 0 2 1 3 2 1 2 3 1 3 2 5 0 4 2 3 0 0 2 5 1 0 3 3 0 1 4 2 5 0 1 2 0 4 1 5 2 3 2 3 4 4 3 5 5 4 0 4 5 1 | 14 19  0 6 1 0 10 1 0 11 1 1 7 2 1 8 1 2 7 1 2 12 1 2 13 1 3 8 2 3 12 1 4 9 1 4 10 1 4 11 1 5 9 1 5 11 1 5 13 1 6 10 1 6 12 1 9 13 1
R 1672 42 63 6 85 3 4 5 3 0 5 0 1 2 2 1 0 1 0 2 4 3 5 1 2 3 2 5 3 0 1 3 5 3 1 0 2 5 1 0 4 4 0 2 3 2 1 0 1 2 1 2 4 4 3 5 4 5 3 4 3 5 0 2 1 4 5 0 | 14 19  0 6 1 0 10 1 0 11 1 1 7 1 1 8 1 1 13 1 2 7 1 2 11 1 2 12 1 3 8 2 3 12 1 4 9 1 4 10 1 4 13 1 5 9 2 5 12 1 6 10 1 6 11 1 7 13 1
R 1673 42 63 6 85 3 4 5 0 3 2 0 1 2 1 5 0 1 0 2 4 3 5 1 2 3 2 5 3 1 3 0 5 3 1 0 2 5 1 0 4 4 0 2 3 2 1 0 1 2 1 4 5 4 3 5 2 3 4 4 3 5 0 2 1 4 5 0 | 14 19  0 6 1 0 10 1 0 11 1 1 7 1 1 8 2 2 7 1 2 11 1 2 12 1 3 8 1 3 12 1 3 13 1 4 9 1 4 10 1 4 13 1 5 9 2 5 12 1 6 10 1 6 11 1 7 13 1
R 1674 42 63 6 196 3 4 5 4 5 2 0 1 2 3 0 1 0 1 2 3 4 2 1 2 3 3 0 5 1 0 2 3 2 1 0 2 5 1 0 4 3 0 4 1 4 3 0 1 2 1 3 0 4 3 5 4 5 2 4 5 3 0 1 5 4 5 2 | 14 19  0 6 1 0 10 1 0 11 1 1 7 1 1 8 1 1 13 1 2 7 1 2 11 1 2 12 1 3 8 2 3 12 1 4 9 2 4 10 1 5 9 1 5 12 1 5 13 1 6 10 1 6 11 1 7 13 1
R 1675 42 63 6 217 3 4 5 2 3 4 0 1 2 0 5 1 0 1 2 3 4 2 1 2 3 5 0 3 1 3 2 3 2 1 0 2 5 1 0 4 3 0 4 0 4 1 0 1 2 1 0 5 4 3 5 4 2 3 4 5 3 0 1 5 4 5 2 | 14 19  0 6 1 0 10 1 0 11 1 1 7 1 1 8 2 2 7 1 2 11 1 2 12 1 3 8 1 3 12 1 3 13 1 4 9 2 4 10 1 5 9 1 5 12 1 5 13 1 6 10 1 6 11 1 7 13 1
R 1676 42 63 6 85 3 4 5 1 3 2 0 1 2 0 5 1 1 0 2 4 3 5 1 2 3 2 5 3 0 3 1 5 3 0 0 2 5 1 0 4 4 2 1 3 0 2 0 1 2 0 4 5 4 3 5 2 3 4 4 3 5 1 2 0 4 5 1 | 14 19  0 6 1 0 10 1 0 11 1 1 7 1 1 8 2 2 7 1 2 11 1 2 13 1 3 8 1 3 12 1 3 13 1 4 9 1 4 10 1 4 12 1 5 9 2 5 12 1 6 10 1 6 11 1 7 13 1
R 1677 42 63 6 180 3 4 5 4 0 3 0 1 2 5 1 0 1 4 2 5 0 2 1 2 3 2 3 5 0 1 2 2 0 3 0 2 5 1 0 4 5 4 1 4 1 3 0 1 2 1 5 2 4 3 5 3 4 2 5 3 0 1 4 3 4 5 0 | 14 19  0 6 1 0 10 1 0 11 1 1 7 1 1 8 1 1 13 1 2 7 1 2 11 1 2 13 1 3 8 2 3 12 1 4 9 1 4 10 1 4 13 1 5 9 2 5 12 1 6 10 1 6 11 1 7 12 1
R 1678 42 63 6 728 3 4 5 3 5 4 0 1 2 1 0 3 1 4 2 5 2 3 1 2 3 2 0 5 1 5 3 3 2 4 0 2 5 1 0 4 0 2 1 4 3 1 0 1 2 1 0 2 4 3 5 4 5 2 5 3 0 0 1 4 4 5 3 | 14 19  0 6 1 0 10 1 0 11 1 1 7 1 1 8 2 2 7 1 2 11 1 2 13 1 3 8 1 3 12 1 3 13 1 4 9 1 4 10 1 4 13 1 5 9 2 5 12 1 6 10 1 6 11 1 7 12 1
R 1679 42 63 6 89 3 4 5 3 0 2 0 1 2 1 0 4 0 1 2 3 4 5 1 2 3 2 1 3 4 0 3 3 2 1 0 2 5 1 0 4 2 5 4 3 1 0 0 1 2 5 1 4 4 3 5 2 5 3 4 5 3 0 1 2 4 5 0 | 14 19  0 6 1 0 10 1 0 11 1 1 7 1 1 8 1 1 13 1 2 7 1 2 11 1 2 13 1 3 8 2 3 12 1 4 9 2 4 10 1 5 9 1 5 12 1 5 13 1 6 10 1 6 11 1 7 12 1
R 1680 42 63 6 65 3 4 5 3 4 0 1 0 2 2 0 1 1 4 2 5 0 3 1 2 3 2 0 3 1 4 5 3 0 2 0 2 5 1 0 4 4 3 1 2 1 3 0 1 2 1 2 5 4 5 3 3 5 4 5 3 0 1 4 2 4 5 0 | 14 19  0 6 1 0 10 1 0 11 1 1 7 1 1 8 1 1 13 1 2 7 2 2 11 1 3 8 1 3 12 1 3 13 1 4 9 1 4 10 1 4 13 1 5 9 2 5 12 1 6 10 1 6 11 1 8 12 1
R 1681 42 63 6 72 3 4 5 3 4 0 1 0 2 1 2 3 1 4 2 5 0 1 1 2 3 2 0 3 1 4 3 2 0 3 0 2 5 1 0 4 0 5 2 1 4 3 0 1 2 1 2 5 4 5 3 0 4 5 5 3 0 4 3 2 4 5 1 | 14 19  0 6 1 0 10 1 0 11 1 1 7 1 1 8 2 2 7 2 2 11 1 3 8 1 3 12 1 3 13 1 4 9 1 4 10 1 4 13 1 5 9 1 5 12 1 5 13 1 6 10 1 6 11 1 9 12 1
R 1682 42 63 6 57 3 4 5 2 0 1 3 4 1 5 0 3 1 0 2 0 4 2 1 2 3 1 4 0 3 0 4 2 3 5 0 2 5 1 0 4 2 3 1 3 2 1 0 1 2 3 5 4 2 5 0 1 2 4 4 3 5 1 3 5 4 5 0 | 14 19  0 6 1 0 10 1 0 11 1 1 7 1 1 8 1 1 13 1 2 7 2 2 12 1 3 8 2 3 12 1 4 9 1 4 10 1 4 12 1 5 9 1 5 11 1 5 13 1 6 10 1 6 11 1 9 13 1
R 1683 42 63 6 62 3 4 5 3 1 4 5 0 1 0 2 3 1 0 2 0 4 2 1 2 3 0 4 1 3 2 4 2 3 5 0 2 5 1 0 4 0 3 1 3 2 1 0 1 2 2 5 0 3 2 4 1 5 4 4 3 5 1 3 5 4 5 0 | 14 19  0 6 1 0 10 1 0 11 1 1 7 2 1 8 1 2 7 1 2 12 1 2 13 1 3 8 2 3 12 1 4 9 1 4 10 1 4 12 1 5 9 1 5 11 1 5 13 1 6 10 1 6 11 1 9 13 1
R 1684 42 63 6 3077 3 4 5 0 3 4 0 1 2 5 1 3 1 0 2 4 2 5 1 2 3 2 4 3 3 1 2 5 2 3 0 2 5 1 0 4 4 1 5 0 1 3 0 1 2 1 5 2 5 3 4 0 4 2 4 3 5 0 1 3 4 5 0 | 14 19  0 6 1 0 10 1 0 11 1 1 7 1 1 8 1 1 13 1 2 7 1 2 12 1 2 13 1 3 8 2 3 12 1 4 9 1 4 10 1 4 13 1 5 9 2 5 11 1 6 10 1 6 11 1 7 12 1
R 1685 42 63 6 109 3 4 5 0 3 4 1 4 2 5 1 3 1 0 2 0 5 2 1 2 3 2 4 3 3 1 4 2 5 3 0 2 5 1 0 4 5 1 2 1 0 3 0 1 2 1 5 2 0 5 3 0 2 4 4 3 5 1 3 4 4 5 0 | 14 19  0 6 1 0 10 1 0 11 1 1 7 1 1 8 1 1 13 1 2 7 2 2 12 1 3 8 2 3 12 1 4 9 1 4 10 1 4 13 1 5 9 1 5 11 1 5 13 1 6 10 1 6 11 1 9 12 1
R 1686 42 63 6 118 3 4 5 1 4 5 0 3 4 2 0 1 1 0 2 0 5 2 1 2 3 2 5 4 1 0 3 2 5 3 0 2 5 1 0 4 2 1 4 1 0 3 0 1 2 0 3 2 1 5 2 4 5 3 4 3 5 1 3 4 4 5 0 | 14 19  0 6 1 0 10 1 0 11 1 1 7 2 1 8 1 2 7 1 2 12 1 2 13 1 3 8 2 3 12 1 4 9 1 4 10 1 4 13 1 5 9 1 5 11 1 5 13 1 6 10 1 6 11 1 9 12 1
R 1687 42 63 6 857 3 4 5 5 1 2 0 3 5 0 1 3 2 5 4 0 1 4 1 2 3 2 0 1 3 1 5 4 1 5 0 2 3 3 0 4 3 0 2 0 4 1 0 1 2 3 0 4 4 1 2 2 4 5 0 1 3 2 3 5 4 5 5 | 14 19  0 6 1 0 10 1 0 11 1 1 7 1 1 8 1 1 10 1 2 7 1 2 11 1 2 13 1 3 8 2 3 11 1 4 9 1 4 12 1 4 13 1 5 9 2 5 12 1 6 12 1 6 13 1 7 10 1
R 1688 42 63 6 3362 3 4 5 5 1 2 0 3 1 0 3 4 1 2 5 0 4 5 1 2 3 2 0 1 4 3 5 5 4 1 0 2 3 1 3 0 3 2 0 0 4 1 0 1 2 3 0 4 4 5 2 1 2 5 0 4 3 2 3 1 4 5 5 | 14 19  0 6 1 0 10 1 0 11 1 1 7 1 1 8 1 1 10 1 2 7 1 2 12 1 2 13 1 3 8 2 3 11 1 4 9 1 4 11 1 4 13 1 5 9 2 5 12 1 6 12 1 6 13 1 7 10 1
R 1689 42 63 6 190 3 4 5 3 5 1 2 0 1 2 4 0 5 1 3 4 0 2 1 2 3 1 2 4 0 4 1 2 3 1 2 0 3 3 0 5 3 2 0 1 0 4 0 1 2 0 2 4 3 4 5 3 5 1 0 4 2 5 1 3 4 5 5 | 14 19  0 6 1 0 10 1 0 13 1 1 7 1 1 8 1 1 10 1 2 7 1 2 11 1 2 12 1 3 8 2 3 11 1 4 9 2 4 11 1 5 9 1 5 12 1 5 13 1 6 12 1 6 13 1 7 10 1
R 1690 42 63 6 591 3 4 5 5 1 2 0 3 5 0 1 4 1 5 2 0 2 4 1 2 3 2 0 1 4 1 5 4 2 5 0 2 3 0 1 3 3 2 0 0 1 4 0 1 2 3 0 4 4 1 2 2 3 5 0 4 3 1 3 5 4 5 5 | 14 19  0 6 1 0 10 1 0 11 1 1 7 1 1 8 1 1 10 1 2 7 1 2 12 1 2 13 1 3 8 2 3 12 1 4 9 1 4 11 1 4 13 1 5 9 2 5 11 1 6 12 1 6 13 1 7 10 1
R 1691 42 63 6 57 3 4 5 2 4 1 0 4 2 5 3 0 3 0 1 4 1 2 1 2 3 1 3 2 0 3 1 2 1 3 2 0 5 1 0 4 2 4 0 3 0 5 0 1 2 0 5 3 5 3 1 2 4 1 4 5 2 0 5 3 5 4 4 | 14 19  0 6 1 0 10 1 0 11 1 1 7 1 1 8 1 1 10 1 2 7 1 2 11 1 2 13 1 3 8 2 3 12 1 4 9 1 4 12 1 4 13 1 5 9 2 5 12 1 6 11 1 6 13 1 7 10 1
R 1692 42 63 6 130 3 4 5 3 2 4 0 1 4 1 0 2 3 0 2 1 4 5 1 2 3 4 1 5 2 0 3 5 4 3 0 4 3 1 0 4 1 2 0 3 0 1 0 1 2 0 1 5 3 5 2 4 5 3 1 4 5 0 2 3 5 4 2 | 14 19  0 6 1 0 10 1 0 11 1 1 7 1 1 8 1 1 10 1 2 7 1 2 12 1 2 13 1 3 8 2 3 11 1 4 9 1 4 12 1 4 13 1 5 9 2 5 12 1 6 11 1 6 13 1 7 10 1
R 1693 42 63 6 252 3 4 5 5 3 4 2 1 4 2 0 1 1 0 2 3 4 0 1 2 3 4 2 0 1 0 5 3 2 0 2 4 5 1 0 4 3 1 4 2 0 1 0 1 2 1 2 0 5 0 3 3 4 5 4 5 3 1 2 5 5 4 3 | 14 19  0 6 1 0 10 1 0 11 1 1 7 1 1 8 1 1 10 1 2 7 1 2 12 1 2 13 1 3 8 2 3 12 1 4 9 2 4 11 1 5 9 1 5 12 1 5 13 1 6 11 1 6 13 1 7 10 1
R 1694 42 63 6 3884 3 1 2 1 2 0 0 3 2 3 4 5 1 2 4 5 0 4 0 2 1 4 0 1 2 3 0 3 4 2 3 4 5 4 1 0 0 1 4 1 5 2 4 5 0 3 4 5 5 1 4 1 2 0 0 5 3 1 2 3 3 2 5 | 14 19  0 6 2 0 10 1 1 7 1 1 8 1 1 11 1 2 7 1 2 10 1 2 13 1 3 8 1 3 11 1 3 13 1 4 9 2 4 11 1 5 9 1 5 12 1 5 13 1 6 12 1 7 10 1 8 12 1
R 1695 42 63 6 66 3 1 2 1 2 0 0 3 2 3 4 5 0 2 1 5 3 4 0 2 1 4 0 1 2 3 0 4 3 2 3 4 5 1 5 2 0 1 4 1 3 0 4 5 0 3 4 5 5 1 4 1 0 2 5 3 4 0 1 2 3 2 5 | 14 19  0 6 2 0 10 1 1 7 1 1 8 1 1 13 1 2 7 1 2 10 1 2 11 1 3 8 1 3 11 1 3 13 1 4 9 1 4 11 1 4 13 1 5 9 2 5 12 1 6 12 1 7 10 1 8 12 1
R 1696 42 63 6 74 3 4 5 1 0 4 5 4 1 5 0 2 1 0 2 4 3 2 1 2 3 2 4 1 2 0 1 2 3 0 4 0 2 3 1 4 3 0 5 1 0 4 0 1 2 3 5 2 0 3 2 3 4 1 4 5 3 1 5 0 4 5 5 | 14 19  0 6 1 0 10 1 0 13 1 1 7 1 1 8 1 1 11 1 2 7 1 2 10 1 2 12 1 3 8 2 3 12 1 4 9 1 4 11 1 4 13 1 5 9 2 5 11 1 6 12 1 6 13 1 7 10 1
R 1697 42 63 6 124 3 4 5 3 4 0 1 0 4 2 4 5 1 0 2 4 3 2 1 2 3 2 0 5 5 4 3 2 3 0 0 2 3 3 1 4 1 2 0 1 0 4 0 1 2 1 2 5 3 5 2 0 1 3 4 5 3 1 5 0 4 5 4 | 14 19  0 6 1 0 10 1 0 13 1 1 7 1 1 8 1 1 12 1 2 7 1 2 10 1 2 11 1 3 8 2 3 12 1 4 9 1 4 11 1 4 13 1 5 9 2 5 11 1 6 12 1 6 13 1 7 10 1
R 1698 42 63 6 124 3 4 5 3 0 4 5 4 1 1 0 2 3 0 2 1 4 5 1 2 3 1 4 3 2 0 3 5 4 3 4 0 2 1 0 4 1 2 0 3 0 1 0 1 2 2 1 5 0 3 2 4 5 3 1 4 5 0 2 3 5 4 5 | 14 19  0 6 1 0 10 1 0 11 1 1 7 1 1 8 1 1 12 1 2 7 1 2 10 1 2 13 1 3 8 2 3 11 1 4 9 1 4 12 1 4 13 1 5 9 2 5 12 1 6 11 1 6 13 1 7 10 1
R 1699 42 63 6 236 3 4 5 3 0 4 5 2 1 1 0 2 0 1 4 2 3 4 1 2 3 1 4 3 2 0 3 4 3 1 4 0 2 1 0 4 3 0 2 2 1 0 0 1 2 2 1 5 0 3 4 4 5 3 2 5 3 0 5 1 5 4 5 | 14 19  0 6 1 0 10 1 0 11 1 1 7 1 1 8 1 1 13 1 2 7 1 2 10 1 2 12 1 3 8 2 3 11 1 4 9 1 4 12 1 4 13 1 5 9 2 5 12 1 6 11 1 6 13 1 7 10 1
R 1700 42 63 6 209 3 4 5 2 1 5 0 5 1 0 4 2 3 0 1 4 5 2 1 2 3 3 4 1 0 1 2 2 5 1 2 0 3 1 0 4 2 0 4 3 0 5 0 1 2 0 3 4 2 4 3 5 3 1 4 5 2 0 3 1 5 4 5 | 14 19  0 6 1 0 10 1 0 11 1 1 7 1 1 8 2 2 7 1 2 10 1 2 12 1 3 8 1 3 11 1 3 13 1 4 9 1 4 12 1 4 13 1 5 9 2 5 12 1 6 11 1 6 13 1 7 10 1
R 1701 42 63 6 1438 3 4 5 0 5 1 1 3 2 2 4 5 2 0 4 5 1 3 1 2 3 2 1 4 5 4 3 3 1 4 0 2 3 1 0 2 3 0 5 2 0 1 0 1 2 3 2 4 0 4 5 0 1 3 5 1 3 0 2 4 4 5 5 | 14 19  0 6 1 0 10 1 0 12 1 1 7 1 1 8 1 1 13 1 2 7 1 2 10 1 2 11 1 3 8 2 3 11 1 4 9 1 4 12 1 4 13 1 5 9 2 5 12 1 6 11 1 6 13 1 7 10 1
R 1702 42 63 6 129 3 4 5 0 4 1 1 3 2 5 2 0 0 1 4 3 2 5 1 2 3 2 1 4 3 4 0 5 2 4 0 2 3 1 0 2 1 0 3 3 1 0 0 1 2 3 2 5 0 4 5 1 3 4 3 5 2 0 1 4 4 5 5 | 14 19  0 6 1 0 10 1 0 12 1 1 7 1 1 8 2 2 7 1 2 10 1 2 11 1 3 8 1 3 11 1 3 13 1 4 9 1 4 12 1 4 13 1 5 9 2 5 12 1 6 11 1 6 13 1 7 10 1
R 1703 42 63 6 625 3 4 5 4 5 3 0 2 4 1 0 4 1 0 2 4 3 2 1 2 3 1 2 5 0 5 4 2 3 0 2 0 3 3 0 2 3 1 4 1 0 4 0 1 2 0 1 2 3 5 1 3 5 2 4 5 3 1 5 0 4 5 4 | 14 19  0 6 1 0 10 1 0 13 1 1 7 1 1 8 2 2 7 1 2 10 1 2 11 1 3 8 1 3 11 1 3 12 1 4 9 1 4 12 1 4 13 1 5 9 2 5 12 1 6 11 1 6 13 1 7 10 1
R 1704 42 63 6 550 3 4 5 0 4 1 1 3 2 2 4 5 5 0 2 3 1 4 1 2 3 2 1 4 5 4 3 4 1 2 0 2 3 1 0 2 3 4 0 0 1 3 0 1 2 3 2 5 0 4 5 0 1 3 3 1 4 0 5 2 4 5 5 | 14 19  0 6 1 0 10 1 0 13 1 1 7 1 1 8 1 1 13 1 2 7 1 2 10 1 2 11 1 3 8 2 3 11 1 4 9 1 4 12 1 4 13 1 5 9 2 5 12 1 6 11 1 6 12 1 7 10 1
R 1705 42 63 6 136 3 4 5 0 4 1 1 3 2 5 2 0 0 1 2 3 4 5 1 2 3 2 1 4 3 4 0 5 4 2 0 2 3 1 0 2 3 1 0 1 0 3 0 1 2 3 2 5 0 4 5 1 3 4 3 4 5 0 1 2 4 5 5 | 14 19  0 6 1 0 10 1 0 13 1 1 7 1 1 8 2 2 7 1 2 10 1 2 11 1 3 8 1 3 11 1 3 13 1 4 9 1 4 12 1 4 13 1 5 9 2 5 12 1 6 11 1 6 12 1 7 10 1
R 1706 42 63 6 738 3 4 5 0 1 4 5 3 1 5 2 1 0 4 2 5 3 2 1 2 3 2 4 1 1 2 3 2 3 1 2 0 3 1 0 4 0 4 5 3 0 5 0 1 2 3 5 2 0 4 2 0 4 3 5 3 1 0 4 1 5 4 5 | 14 19  0 6 1 0 10 1 0 11 1 1 7 1 1 8 1 1 13 1 2 7 1 2 10 1 2 12 1 3 8 2 3 12 1 4 9 1 4 11 1 4 13 1 5 9 2 5 12 1 6 11 1 6 13 1 7 10 1
R 1707 42 63 6 66 3 4 5 4 2 3 0 5 1 0 1 4 0 4 2 5 2 3 1 2 3 1 3 2 0 2 4 3 2 4 2 0 4 1 0 4 3 0 1 3 0 5 0 1 2 0 1 5 4 3 2 3 5 2 5 3 1 0 1 4 5 4 5 | 14 19  0 6 1 0 10 1 0 11 1 1 7 1 1 8 2 2 7 1 2 10 1 2 12 1 3 8 1 3 12 1 3 13 1 4 9 1 4 11 1 4 13 1 5 9 2 5 12 1 6 11 1 6 13 1 7 10 1
R 1708 42 63 6 195 3 4 5 0 1 4 5 2 1 5 2 3 1 0 2 3 4 0 1 2 3 3 4 1 3 2 1 3 2 0 2 0 3 1 0 4 0 4 5 2 0 1 0 1 2 2 5 3 0 4 3 0 4 1 4 5 3 1 2 5 5 4 5 | 14 19  0 6 1 0 10 1 0 11 1 1 7 1 1 8 1 1 13 1 2 7 1 2 10 1 2 12 1 3 8 2 3 12 1 4 9 2 4 11 1 5 9 1 5 12 1 5 13 1 6 11 1 6 13 1 7 10 1
R 1709 42 63 6 66 3 4 5 3 4 5 2 0 1 2 1 4 1 0 2 3 4 0 1 2 3 1 0 4 2 4 3 3 2 0 0 2 3 1 0 4 3 4 1 2 0 1 0 1 2 2 0 1 3 4 5 5 0 3 4 5 3 1 2 5 5 4 5 | 14 19  0 6 1 0 10 1 0 11 1 1 7 1 1 8 2 2 7 1 2 10 1 2 12 1 3 8 1 3 12 1 3 13 1 4 9 2 4 11 1 5 9 1 5 12 1 5 13 1 6 11 1 6 13 1 7 10 1
R 1710 42 63 6 88 3 4 5 1 0 4 5 4 1 5 2 3 4 3 2 1 0 2 1 2 3 3 4 1 3 2 1 0 2 3 4 0 2 1 2 5 0 3 4 1 0 4 0 1 2 2 5 3 0 3 2 0 4 1 1 5 0 4 5 3 4 5 5 | 14 19  0 6 1 0 10 1 0 13 1 1 7 1 1 8 1 1 11 1 2 7 1 2 10 1 2 12 1 3 8 2 3 12 1 4 9 2 4 11 1 5 9 1 5 12 1 5 13 1 6 11 1 6 13 1 7 10 1
R 1711 42 63 6 9683 3 4 5 0 4 1 1 3 2 5 3 2 5 2 0 1 0 4 1 2 3 2 1 4 2 3 4 4 0 3 0 2 3 1 0 2 0 1 5 3 0 1 0 1 2 3 5 2 0 4 5 0 1 4 1 3 4 2 5 3 4 5 5 | 14 19  0 6 1 0 10 1 0 12 1 1 7 1 1 8 1 1 13 1 2 7 1 2 10 1 2 11 1 3 8 2 3 12 1 4 9 1 4 11 1 4 13 1 5 9 2 5 12 1 6 11 1 6 13 1 7 10 1
R 1712 42 63 6 287 3 4 5 0 4 1 1 3 2 2 5 0 0 1 4 5 2 3 1 2 3 2 1 4 3 4 0 3 2 4 0 2 3 1 0 2 1 0 5 3 1 0 0 1 2 3 2 5 0 4 5 1 3 4 5 3 2 0 1 4 4 5 5 | 14 19  0 6 1 0 10 1 0 12 1 1 7 1 1 8 2 2 7 1 2 10 1 2 11 1 3 8 1 3 12 1 3 13 1 4 9 1 4 11 1 4 13 1 5 9 2 5 12 1 6 11 1 6 13 1 7 10 1
R 1713 42 63 6 735 3 4 5 0 4 1 1 3 2 5 2 3 1 0 4 2 5 0 1 2 3 2 1 4 3 2 4 3 4 0 0 2 3 1 0 2 0 1 5 3 0 1 0 1 2 3 5 2 0 4 5 0 1 4 2 5 3 1 3 4 4 5 5 | 14 19  0 6 1 0 10 1 0 12 1 1 7 1 1 8 1 1 13 1 2 7 1 2 10 1 2 11 1 3 8 2 3 12 1 4 9 2 4 11 1 5 9 1 5 12 1 5 13 1 6 11 1 6 13 1 7 10 1
R 1714 42 63 6 77 3 4 5 0 4 2 1 3 2 5 3 1 5 1 0 2 0 4 1 2 3 2 1 4 1 3 0 4 0 3 0 2 3 1 0 2 2 4 1 0 3 5 0 1 2 3 5 1 0 4 5 2 4 0 2 3 4 1 5 3 4 5 5 | 14 19  0 6 1 0 10 1 0 13 1 1 7 1 1 8 1 1 13 1 2 7 1 2 10 1 2 11 1 3 8 2 3 12 1 4 9 1 4 11 1 4 13 1 5 9 2 5 12 1 6 11 1 6 12 1 7 10 1
R 1715 42 63 6 455 3 4 5 0 4 1 1 3 2 2 3 5 0 2 4 1 4 5 1 2 3 2 1 4 3 4 0 5 4 2 0 2 3 1 0 2 3 4 1 0 3 1 0 1 2 3 2 5 0 4 5 1 0 4 1 3 5 0 3 2 4 5 5 | 14 19  0 6 1 0 10 1 0 13 1 1 7 1 1 8 2 2 7 1 2 10 1 2 11 1 3 8 1 3 12 1 3 13 1 4 9 1 4 11 1 4 13 1 5 9 2 5 12 1 6 11 1 6 12 1 7 10 1
R 1716 42 63 6 69 3 4 5 0 4 2 1 3 2 5 1 3 1 0 4 5 2 0 1 2 3 2 1 4 3 1 4 3 4 0 0 2 3 1 0 2 2 0 1 0 3 5 0 1 2 3 5 1 0 4 5 0 2 4 2 5 3 1 3 4 4 5 5 | 14 19  0 6 1 0 10 1 0 13 1 1 7 1 1 8 1 1 13 1 2 7 1 2 10 1 2 11 1 3 8 2 3 12 1 4 9 2 4 11 1 5 9 1 5 12 1 5 13 1 6 11 1 6 12 1 7 10 1
R 1717 42 63 6 66 3 1 2 1 2 0 0 3 2 3 4 5 4 0 1 5 2 3 0 2 1 4 0 1 2 3 0 3 2 4 3 4 5 0 1 4 3 1 0 1 5 2 4 5 0 3 4 5 5 1 4 1 2 0 5 2 3 0 1 4 3 2 5 | 14 19  0 6 2 0 10 1 1 7 1 1 8 1 1 12 1 2 7 1 2 10 1 2 13 1 3 8 1 3 11 1 3 13 1 4 9 1 4 12 1 4 13 1 5 9 2 5 12 1 6 11 1 7 10 1 8 11 1
R 1718 42 63 6 110 3 1 2 1 2 0 0 4 3 0 3 2 1 0 2 4 3 5 0 2 1 3 0 1 2 3 1 5 3 2 3 4 5 4 2 5 4 1 0 0 1 4 4 5 0 4 5 3 5 1 2 4 1 5 4 5 3 0 1 2 3 2 0 | 14 19  0 6 2 0 10 1 1 7 1 1 8 1 1 12 1 2 7 1 2 11 1 2 13 1 3 8 1 3 10 1 3 13 1 4 9 1 4 12 1 4 13 1 5 9 2 5 12 1 6 11 1 7 10 1 8 11 1
R 1719 42 63 6 247 3 1 2 4 3 5 0 3 2 3 0 1 0 1 3 2 3 4 0 2 1 1 5 2 1 0 5 4 3 1 2 4 0 3 4 5 2 4 0 0 1 2 4 5 0 0 2 1 4 1 5 4 5 2 2 5 4 0 5 1 3 3 3 | 14 19  0 6 2 0 11 1 1 7 1 1 8 1 1 10 1 2 7 1 2 11 1 2 13 1 3 8 1 3 10 1 3 11 1 4 9 1 4 12 1 4 13 1 5 9 2 5 12 1 6 12 1 7 10 1 8 13 1
R 1720 42 63 6 978 3 1 2 2 4 0 0 3 2 1 2 4 0 1 3 5 3 4 0 2 1 1 0 2 3 4 0 4 3 2 2 1 3 3 4 5 1 0 5 0 1 5 4 5 0 3 1 5 5 1 4 5 0 3 5 2 4 0 1 2 3 4 2 | 14 19  0 6 2 0 11 1 1 7 1 1 8 1 1 10 1 2 7 1 2 11 1 2 12 1 3 8 1 3 10 1 3 13 1 4 9 1 4 11 1 4 13 1 5 9 2 5 12 1 6 12 1 7 10 1 8 13 1
R 1721 42 63 6 2944 3 1 2 1 5 4 3 1 5 3 0 2 3 0 1 2 4 0 0 2 1 2 3 5 5 0 1 2 1 0 0 2 4 3 4 5 1 0 4 2 4 5 4 5 0 0 2 3 4 2 0 4 5 1 4 5 2 3 5 1 3 1 3 | 14 19  0 6 2 0 11 1 1 7 1 1 8 1 1 10 1 2 7 1 2 12 1 2 13 1 3 8 1 3 10 1 3 11 1 4 9 2 4 11 1 5 9 1 5 12 1 5 13 1 6 12 1 7 10 1 8 13 1
R 1722 42 63 NOT6 A+B chi=-1 | 14 19  0 6 2 0 12 1 1 7 1 1 8 1 1 10 1 2 7 1 2 11 1 2 13 1 3 8 1 3 10 1 3 11 1 4 9 2 4 11 1 5 9 1 5 12 1 5 13 1 6 12 1 7 10 1 8 13 1
R 1723 42 63 NOT6 A+B chi=-1 | 14 19  0 6 2 0 12 1 1 7 1 1 8 1 1 10 1 2 7 1 2 11 1 2 12 1 3 8 1 3 10 1 3 13 1 4 9 1 4 11 1 4 13 1 5 9 2 5 11 1 6 12 1 7 10 1 8 13 1
R 1724 42 63 NOT6 A+B chi=-1 | 14 19  0 6 2 0 11 1 1 7 1 1 8 1 1 10 1 2 7 1 2 12 1 2 13 1 3 8 1 3 10 1 3 11 1 4 9 1 4 12 1 4 13 1 5 9 2 5 12 1 6 11 1 7 10 1 8 13 1
R 1725 42 63 6 104 3 1 2 3 0 2 3 2 5 4 0 1 0 1 3 4 3 5 0 2 1 1 2 5 1 0 2 5 3 2 2 1 0 3 4 5 1 4 0 0 3 5 4 5 0 4 5 1 0 4 1 3 5 2 4 5 2 0 1 2 3 3 4 | 14 19  0 6 2 0 11 1 1 7 1 1 8 1 1 11 1 2 7 1 2 10 1 2 13 1 3 8 1 3 10 1 3 11 1 4 9 1 4 12 1 4 13 1 5 9 2 5 12 1 6 12 1 7 10 1 8 13 1
R 1726 42 63 6 7440 3 1 2 3 0 2 4 3 5 0 5 1 3 0 1 2 4 0 0 2 1 5 1 2 4 1 2 2 1 0 2 0 5 3 4 5 1 0 4 3 4 5 4 5 0 4 5 1 0 1 2 3 4 2 4 5 2 3 5 1 3 3 0 | 14 19  0 6 2 0 11 1 1 7 1 1 8 1 1 11 1 2 7 1 2 10 1 2 12 1 3 8 1 3 10 1 3 13 1 4 9 2 4 11 1 5 9 1 5 12 1 5 13 1 6 12 1 7 10 1 8 13 1
R 1727 42 63 6 1668 3 1 2 3 0 2 2 4 5 5 0 4 0 3 1 4 1 5 0 2 1 1 2 0 4 0 1 5 1 0 1 4 3 3 4 5 2 5 4 0 3 4 4 5 0 4 5 1 3 0 1 3 2 1 4 2 5 2 3 0 3 5 2 | 14 19  0 6 2 0 11 1 1 7 1 1 8 1 1 11 1 2 7 1 2 10 1 2 13 1 3 8 1 3 10 1 3 12 1 4 9 1 4 11 1 4 13 1 5 9 2 5 12 1 6 12 1 7 10 1 8 13 1
R 1728 42 63 6 618 3 1 2 3 0 2 2 4 5 5 0 1 0 3 1 4 2 5 0 2 1 1 2 0 1 0 3 5 2 1 3 1 4 3 4 5 0 4 5 2 0 4 4 5 0 4 5 1 3 0 1 4 2 3 4 2 5 0 3 1 3 5 2 | 14 19  0 6 2 0 11 1 1 7 1 1 8 1 1 11 1 2 7 1 2 10 1 2 13 1 3 8 1 3 10 1 3 13 1 4 9 1 4 11 1 4 13 1 5 9 2 5 12 1 6 12 1 7 10 1 8 12 1
R 1729 42 63 6 147 3 1 2 3 0 2 3 1 5 2 4 3 3 0 1 2 4 0 0 2 1 5 1 2 0 4 3 2 1 0 1 4 5 3 4 5 4 1 0 0 3 2 4 5 0 4 5 1 0 2 4 1 0 5 4 5 2 3 5 1 3 3 2 | 14 19  0 6 2 0 11 1 1 7 1 1 8 1 1 11 1 2 7 1 2 10 1 2 13 1 3 8 1 3 10 1 3 13 1 4 9 2 4 11 1 5 9 1 5 12 1 5 13 1 6 12 1 7 10 1 8 12 1
R 1730 42 63 6 852 3 4 5 0 1 2 5 1 2 4 1 3 3 4 0 1 0 2 1 2 3 2 5 0 3 1 5 2 0 3 4 3 2 0 2 4 1 0 4 3 0 1 0 1 2 3 4 5 4 0 3 0 2 5 1 5 2 4 5 3 5 4 1 | 14 19  0 6 1 0 11 1 0 12 1 1 7 1 1 8 1 1 13 1 2 7 1 2 10 1 2 11 1 3 8 2 3 10 1 4 9 1 4 11 1 4 13 1 5 9 2 5 12 1 6 12 1 6 13 1 7 10 1
R 1731 42 63 6 1463 3 1 2 0 2 5 3 0 2 4 1 0 0 3 1 4 1 5 0 2 1 1 5 2 2 3 0 5 1 2 1 4 3 3 4 5 0 4 5 4 0 2 4 5 0 3 4 1 4 5 1 5 2 3 4 2 5 0 3 2 3 0 1 | 14 19  0 6 2 0 11 1 1 7 1 1 8 1 1 13 1 2 7 1 2 10 1 2 11 1 3 8 1 3 10 1 3 13 1 4 9 1 4 11 1 4 13 1 5 9 2 5 12 1 6 12 1 7 10 1 8 12 1
R 1732 42 63 6 140 3 1 2 2 0 1 3 0 2 5 3 4 3 0 1 2 4 0 0 2 1 1 5 2 0 3 4 2 1 0 1 4 3 3 4 5 4 1 0 2 3 5 4 5 0 3 5 4 4 5 1 1 2 0 4 5 2 3 5 1 3 0 2 | 14 19  0 6 2 0 11 1 1 7 1 1 8 1 1 13 1 2 7 1 2 10 1 2 11 1 3 8 1 3 10 1 3 13 1 4 9 2 4 11 1 5 9 1 5 12 1 5 13 1 6 12 1 7 10 1 8 12 1
R 1733 42 63 NOT6 A+B chi=-1 | 14 19  0 6 2 0 12 1 1 7 1 1 8 1 1 11 1 2 7 1 2 10 1 2 13 1 3 8 1 3 10 1 3 11 1 4 9 2 4 11 1 5 9 1 5 12 1 5 13 1 6 12 1 7 10 1 8 13 1
R 1734 42 63 NOT6 A+B chi=-1 | 14 19  0 6 2 0 12 1 1 7 1 1 8 1 1 11 1 2 7 1 2 10 1 2 13 1 3 8 1 3 10 1 3 12 1 4 9 1 4 11 1 4 13 1 5 9 2 5 11 1 6 12 1 7 10 1 8 13 1
R 1735 42 63 NOT6 A+B chi=-1 | 14 19  0 6 2 0 12 1 1 7 1 1 8 1 1 11 1 2 7 1 2 10 1 2 13 1 3 8 1 3 10 1 3 13 1 4 9 1 4 11 1 4 13 1 5 9 2 5 11 1 6 12 1 7 10 1 8 12 1
R 1736 42 63 NOT6 A+B chi=-1 | 14 19  0 6 2 0 12 1 1 7 1 1 8 1 1 12 1 2 7 1 2 10 1 2 11 1 3 8 1 3 10 1 3 13 1 4 9 1 4 11 1 4 13 1 5 9 2 5 11 1 6 12 1 7 10 1 8 13 1
R 1737 42 63 NOT6 A+B chi=-1 | 14 19  0 6 2 0 12 1 1 7 1 1 8 1 1 13 1 2 7 1 2 10 1 2 11 1 3 8 1 3 10 1 3 13 1 4 9 1 4 11 1 4 13 1 5 9 2 5 11 1 6 12 1 7 10 1 8 12 1
R 1738 42 63 6 2355 3 4 5 3 0 4 0 1 2 5 0 1 0 1 2 3 2 5 1 2 3 2 5 3 1 0 4 5 2 4 3 1 2 0 2 5 1 0 3 3 1 0 0 1 2 1 5 2 4 5 3 2 3 4 3 5 4 0 1 4 4 5 0 | 14 19  0 6 1 0 11 1 0 12 1 1 7 1 1 8 1 1 13 1 2 7 1 2 10 1 2 11 1 3 8 2 3 10 1 4 9 1 4 12 1 4 13 1 5 9 2 5 12 1 6 11 1 6 13 1 7 10 1
R 1739 42 63 NOT6 A+B chi=-1 | 14 19  0 6 2 0 12 1 1 7 1 1 8 1 1 12 1 2 7 1 2 10 1 2 13 1 3 8 1 3 10 1 3 13 1 4 9 1 4 11 1 4 13 1 5 9 2 5 11 1 6 12 1 7 10 1 8 11 1
R 1740 42 63 NOT6 A+B chi=-1 | 14 19  0 6 2 0 12 1 1 7 1 1 8 1 1 13 1 2 7 1 2 10 1 2 12 1 3 8 1 3 10 1 3 13 1 4 9 1 4 11 1 4 13 1 5 9 2 5 11 1 6 12 1 7 10 1 8 11 1
R 1741 42 63 6 104 3 1 2 1 2 0 0 2 3 3 4 5 0 3 2 4 0 1 0 2 1 3 0 1 4 2 1 5 1 3 3 4 5 1 2 0 4 2 5 0 4 3 4 5 0 4 3 5 5 4 1 0 1 2 4 1 5 2 3 5 3 2 0 | 14 19  0 6 2 0 10 1 1 7 1 1 8 2 2 7 1 2 11 1 2 13 1 3 8 1 3 12 1 3 13 1 4 9 1 4 10 1 4 11 1 5 9 1 5 11 1 5 13 1 6 12 1 7 10 1 9 12 1
R 1742 42 63 6 82 3 4 5 1 0 2 0 3 4 5 3 0 0 2 1 4 1 5 1 2 3 2 3 1 0 3 1 5 1 3 2 4 5 3 2 0 5 0 4 1 0 4 0 1 2 4 5 3 5 1 2 2 4 1 4 3 5 0 2 3 4 5 0 | 14 19  0 6 1 0 10 1 0 13 1 1 7 1 1 8 1 1 13 1 2 7 1 2 11 1 2 12 1 3 8 2 3 12 1 4 9 1 4 10 1 4 11 1 5 9 2 5 12 1 6 11 1 6 13 1 7 10 1
R 1743 42 63 6 406 3 4 5 0 1 4 5 4 2 5 1 3 3 4 0 1 0 2 1 2 3 3 4 0 3 1 4 2 0 3 4 3 1 0 2 5 1 0 4 2 0 1 0 1 2 2 5 3 1 0 3 0 2 4 1 2 5 4 5 3 5 4 5 | 14 19  0 6 1 0 11 1 0 12 1 1 7 1 1 8 1 1 13 1 2 7 1 2 10 1 2 11 1 3 8 2 3 11 1 4 9 1 4 10 1 4 13 1 5 9 2 5 12 1 6 12 1 6 13 1 7 10 1
R 1744 42 63 6 162 3 4 5 3 5 0 2 0 1 2 1 4 3 4 0 1 0 2 1 2 3 1 2 3 4 5 3 2 0 3 4 5 1 2 0 3 1 0 4 2 0 1 0 1 2 4 1 2 5 3 4 0 5 3 1 2 5 4 5 3 5 4 0 | 14 19  0 6 1 0 11 1 0 12 1 1 7 1 1 8 2 2 7 1 2 10 1 2 11 1 3 8 1 3 11 1 3 13 1 4 9 1 4 10 1 4 13 1 5 9 2 5 12 1 6 12 1 6 13 1 7 10 1
R 1745 42 63 6 206 3 1 2 5 2 4 3 0 2 0 3 1 1 4 5 2 0 3 0 2 1 1 0 5 2 3 1 3 0 1 0 1 4 3 4 5 2 0 5 3 5 2 4 5 0 3 0 1 4 5 1 5 2 4 2 3 0 4 5 1 3 2 4 | 14 19  0 6 2 0 11 1 1 7 1 1 8 1 1 13 1 2 7 1 2 10 1 2 11 1 3 8 1 3 11 1 3 12 1 4 9 1 4 10 1 4 13 1 5 9 2 5 12 1 6 12 1 7 10 1 8 13 1
R 1746 42 63 6 201 3 1 2 2 5 4 3 0 2 3 0 1 1 0 2 4 5 3 0 2 1 1 3 5 1 0 2 3 2 0 0 1 4 3 4 5 1 4 0 2 3 4 4 5 0 0 3 1 4 5 1 4 5 2 4 3 5 1 2 0 3 2 5 | 14 19  0 6 2 0 11 1 1 7 1 1 8 1 1 13 1 2 7 1 2 10 1 2 11 1 3 8 2 3 11 1 4 9 1 4 10 1 4 12 1 5 9 1 5 12 1 5 13 1 6 12 1 7 10 1 9 13 1
R 1747 42 63 NOT6 A+B chi=-1 | 14 19  0 6 2 0 12 1 1 7 1 1 8 1 1 11 1 2 7 1 2 10 1 2 11 1 3 8 1 3 11 1 3 13 1 4 9 2 4 10 1 5 9 1 5 12 1 5 13 1 6 12 1 7 10 1 8 13 1
R 1748 42 63 6 229 3 1 2 1 0 4 1 2 5 3 0 2 3 0 1 4 5 0 0 2 1 3 4 5 2 0 1 1 5 2 4 2 0 3 4 5 1 0 5 2 3 4 4 5 0 2 3 5 0 3 4 4 5 1 4 5 2 3 2 1 3 1 0 | 14 19  0 6 2 0 11 1 1 7 1 1 8 1 1 13 1 2 7 1 2 10 1 2 12 1 3 8 2 3 11 1 4 9 1 4 10 1 4 11 1 5 9 1 5 12 1 5 13 1 6 12 1 7 10 1 9 13 1
R 1749 42 63 NOT6 A+B chi=-1 | 14 19  0 6 2 0 12 1 1 7 1 1 8 1 1 11 1 2 7 1 2 10 1 2 12 1 3 8 1 3 11 1 3 13 1 4 9 1 4 10 1 4 13 1 5 9 2 5 11 1 6 12 1 7 10 1 8 13 1
R 1750 42 63 6 874 3 4 5 0 1 2 1 3 5 5 4 1 1 0 2 4 2 3 1 2 3 2 3 5 1 4 3 3 2 1 3 2 0 0 4 5 0 2 5 1 0 4 0 1 2 4 5 3 0 4 2 0 2 3 4 5 3 0 5 1 4 5 1 | 14 19  0 6 1 0 12 1 0 13 1 1 7 1 1 8 1 1 12 1 2 7 1 2 10 1 2 11 1 3 8 2 3 11 1 4 9 1 4 10 1 4 13 1 5 9 2 5 11 1 6 12 1 6 13 1 7 10 1
R 1751 42 63 NOT6 A+B chi=-1 | 14 19  0 6 2 0 12 1 1 7 1 1 8 1 1 12 1 2 7 1 2 10 1 2 11 1 3 8 1 3 11 1 3 13 1 4 9 1 4 10 1 4 13 1 5 9 2 5 11 1 6 12 1 7 10 1 8 13 1
R 1752 42 63 NOT6 A+B chi=-1 | 14 19  0 6 2 0 12 1 1 7 1 1 8 1 1 13 1 2 7 1 2 10 1 2 11 1 3 8 1 3 11 1 3 12 1 4 9 1 4 10 1 4 13 1 5 9 2 5 11 1 6 12 1 7 10 1 8 13 1
R 1753 42 63 NOT6 A+B chi=-1 | 14 19  0 6 2 0 12 1 1 7 1 1 8 1 1 13 1 2 7 1 2 10 1 2 11 1 3 8 1 3 11 1 3 13 1 4 9 2 4 10 1 5 9 1 5 11 1 5 13 1 6 12 1 7 10 1 8 12 1
R 1754 42 63 6 1192 3 4 5 0 3 4 0 1 2 5 2 1 0 2 1 5 3 4 1 2 3 2 5 3 1 2 4 4 3 1 3 1 2 0 2 5 3 0 5 0 1 4 0 1 2 1 5 2 4 5 3 0 3 4 5 4 3 0 2 1 4 5 0 | 14 19  0 6 1 0 11 1 0 12 1 1 7 1 1 8 1 1 13 1 2 7 1 2 10 1 2 11 1 3 8 2 3 12 1 4 9 1 4 10 1 4 13 1 5 9 2 5 12 1 6 11 1 6 13 1 7 10 1
R 1755 42 63 6 1981 3 4 5 0 3 2 0 1 2 1 4 5 1 5 0 2 0 3 1 2 3 2 5 3 1 3 0 3 0 5 3 1 2 0 2 5 0 1 4 2 1 4 0 1 2 1 4 5 4 5 3 2 3 0 2 4 3 1 4 5 4 5 0 | 14 19  0 6 1 0 11 1 0 12 1 1 7 1 1 8 2 2 7 1 2 10 1 2 11 1 3 8 1 3 12 1 3 13 1 4 9 1 4 10 1 4 13 1 5 9 2 5 12 1 6 11 1 6 13 1 7 10 1
R 1756 42 63 6 4918 3 1 2 1 0 2 2 4 1 0 3 2 1 5 4 3 0 4 0 2 1 3 2 5 4 0 1 2 4 5 0 4 3 3 4 5 1 4 0 0 2 1 4 5 0 4 3 5 0 5 3 5 1 4 0 3 2 1 2 5 3 1 2 | 14 19  0 6 2 0 11 1 1 7 1 1 8 1 1 12 1 2 7 1 2 10 1 2 13 1 3 8 1 3 11 1 3 13 1 4 9 2 4 10 1 5 9 1 5 12 1 5 13 1 6 12 1 7 10 1 8 11 1
R 1757 42 63 6 853 3 1 2 1 0 2 4 0 5 0 3 2 2 4 3 1 0 3 0 2 1 3 2 5 4 0 1 3 0 2 1 3 4 3 4 5 1 0 5 4 1 2 4 5 0 4 3 5 1 2 3 5 1 4 1 5 0 4 5 2 3 0 2 | 14 19  0 6 2 0 11 1 1 7 1 1 8 1 1 13 1 2 7 1 2 10 1 2 13 1 3 8 1 3 11 1 3 12 1 4 9 1 4 10 1 4 13 1 5 9 2 5 12 1 6 12 1 7 10 1 8 11 1
R 1758 42 63 NOT6 A+B chi=-1 | 14 19  0 6 2 0 12 1 1 7 1 1 8 1 1 13 1 2 7 1 2 10 1 2 12 1 3 8 1 3 11 1 3 13 1 4 9 2 4 10 1 5 9 1 5 11 1 5 13 1 6 12 1 7 10 1 8 11 1
R 1759 42 63 6 20981 3 1 2 3 2 5 0 3 2 3 0 1 0 1 3 5 3 4 0 2 1 1 5 2 2 0 5 4 3 2 2 0 1 3 4 5 1 0 5 0 1 4 4 5 0 0 1 4 4 1 5 4 5 2 5 4 2 0 1 2 3 3 3 | 14 19  0 6 2 0 11 1 1 7 1 1 8 1 1 12 1 2 7 1 2 11 1 2 13 1 3 8 1 3 10 1 3 11 1 4 9 1 4 10 1 4 13 1 5 9 2 5 12 1 6 12 1 7 10 1 8 13 1
R 1760 42 63 6 146 3 1 2 4 2 5 0 3 2 3 0 1 2 4 0 1 0 3 0 2 1 1 3 4 2 3 5 3 0 2 4 0 1 3 4 5 1 0 5 1 4 2 4 5 0 0 1 3 5 1 4 4 5 2 1 3 5 4 5 2 3 2 0 | 14 19  0 6 2 0 11 1 1 7 1 1 8 1 1 13 1 2 7 1 2 11 1 2 12 1 3 8 1 3 10 1 3 11 1 4 9 1 4 10 1 4 13 1 5 9 2 5 12 1 6 12 1 7 10 1 8 13 1
R 1761 42 63 6 1288 3 1 2 2 4 1 0 3 2 0 2 4 3 1 5 4 0 5 0 2 1 1 0 2 4 3 1 5 0 1 2 1 4 3 4 5 2 0 4 0 4 3 4 5 0 3 0 5 4 1 5 5 3 1 4 0 2 2 3 1 3 5 2 | 14 19  0 6 2 0 11 1 1 7 1 1 8 1 1 12 1 2 7 1 2 11 1 2 13 1 3 8 1 3 10 1 3 13 1 4 9 1 4 10 1 4 13 1 5 9 2 5 12 1 6 12 1 7 10 1 8 11 1
R 1762 42 63 6 1644 3 1 2 2 4 1 0 3 2 0 2 4 4 1 5 3 0 5 0 2 1 1 0 2 4 3 1 0 5 1 2 1 4 3 4 5 2 0 4 0 4 3 4 5 0 3 0 5 4 1 5 5 3 1 2 3 0 4 1 2 3 5 2 | 14 19  0 6 2 0 11 1 1 7 1 1 8 1 1 12 1 2 7 1 2 11 1 2 13 1 3 8 1 3 10 1 3 13 1 4 9 2 4 10 1 5 9 1 5 12 1 5 13 1 6 12 1 7 10 1 8 11 1
R 1763 42 63 6 57 3 1 2 2 4 5 0 3 2 0 1 3 4 1 5 2 3 0 0 2 1 1 0 2 4 1 3 0 3 1 2 1 3 3 4 5 4 0 5 0 2 4 4 5 0 3 0 1 4 1 5 5 4 2 2 0 3 4 5 1 3 5 2 | 14 19  0 6 2 0 11 1 1 7 1 1 8 1 1 13 1 2 7 1 2 11 1 2 13 1 3 8 1 3 10 1 3 12 1 4 9 1 4 10 1 4 13 1 5 9 2 5 12 1 6 12 1 7 10 1 8 11 1
R 1764 42 63 NOT6 A+B chi=-1 | 14 19  0 6 2 0 12 1 1 7 1 1 8 1 1 12 1 2 7 1 2 11 1 2 13 1 3 8 1 3 10 1 3 13 1 4 9 1 4 10 1 4 13 1 5 9 2 5 11 1 6 12 1 7 10 1 8 11 1
R 1765 42 63 NOT6 A+B chi=-1 | 14 19  0 6 2 0 12 1 1 7 1 1 8 1 1 13 1 2 7 1 2 11 1 2 12 1 3 8 1 3 10 1 3 13 1 4 9 2 4 10 1 5 9 1 5 11 1 5 13 1 6 12 1 7 10 1 8 11 1
R 1766 42 63 6 1781 3 4 5 1 3 0 0 3 1 2 3 4 0 2 5 1 4 5 1 2 3 2 0 1 4 3 1 5 4 0 0 2 5 3 0 5 1 2 3 0 4 1 0 1 2 4 2 5 5 4 2 0 5 1 1 4 3 2 3 0 4 5 3 | 14 19  0 6 1 0 10 1 0 11 1 1 7 1 1 8 1 1 12 1 2 7 1 2 11 1 2 13 1 3 8 2 3 11 1 4 9 1 4 12 1 4 13 1 5 9 2 5 12 1 6 10 1 6 13 1 7 10 1
R 1767 42 63 6 21713 3 4 5 1 3 5 0 3 2 2 3 4 2 0 1 4 1 5 1 2 3 2 0 1 4 3 5 5 1 2 0 2 5 3 0 1 0 4 3 2 1 4 0 1 2 4 2 0 5 4 1 0 1 5 4 5 3 0 3 2 4 5 3 | 14 19  0 6 1 0 10 1 0 11 1 1 7 1 1 8 1 1 13 1 2 7 1 2 11 1 2 12 1 3 8 2 3 11 1 4 9 1 4 12 1 4 13 1 5 9 2 5 12 1 6 10 1 6 13 1 7 10 1
R 1768 42 63 6 1617 3 4 5 1 3 0 0 3 1 2 3 4 0 2 5 1 4 5 1 2 3 2 0 1 4 3 1 5 4 3 0 2 5 3 0 5 2 1 0 4 1 0 0 1 2 4 2 5 5 4 2 0 5 1 1 4 3 0 2 3 4 5 3 | 14 19  0 6 1 0 10 1 0 11 1 1 7 1 1 8 1 1 13 1 2 7 1 2 11 1 2 13 1 3 8 2 3 11 1 4 9 1 4 12 1 4 13 1 5 9 2 5 12 1 6 10 1 6 12 1 7 10 1
R 1769 42 63 6 114 3 4 5 1 3 5 0 3 2 2 3 0 2 0 1 4 1 5 1 2 3 2 0 1 0 3 4 5 1 3 0 2 5 1 0 3 5 0 2 2 1 4 0 1 2 4 2 0 5 4 1 1 5 4 4 5 3 0 2 3 4 5 3 | 14 19  0 6 1 0 10 1 0 11 1 1 7 1 1 8 1 1 13 1 2 7 1 2 11 1 2 12 1 3 8 2 3 12 1 4 9 1 4 11 1 4 13 1 5 9 2 5 12 1 6 10 1 6 13 1 7 10 1
R 1770 42 63 6 103 3 4 5 1 3 0 0 3 2 2 4 5 2 0 1 4 1 3 1 2 3 2 0 1 4 3 1 3 1 2 0 2 5 1 0 3 0 5 4 2 0 4 0 1 2 4 2 5 5 4 1 0 3 1 4 5 3 0 5 2 4 5 3 | 14 19  0 6 1 0 10 1 0 11 1 1 7 1 1 8 2 2 7 1 2 11 1 2 12 1 3 8 1 3 12 1 3 13 1 4 9 1 4 11 1 4 13 1 5 9 2 5 12 1 6 10 1 6 13 1 7 10 1
R 1771 42 63 6 952 3 4 5 1 3 0 0 3 2 2 5 3 2 1 4 0 4 5 1 2 3 2 0 1 3 5 0 5 4 3 0 2 5 1 0 3 2 4 1 4 2 0 0 1 2 4 2 5 5 4 1 1 4 0 0 5 3 1 2 3 4 5 3 | 14 19  0 6 1 0 10 1 0 11 1 1 7 1 1 8 1 1 13 1 2 7 1 2 11 1 2 13 1 3 8 2 3 12 1 4 9 1 4 11 1 4 13 1 5 9 2 5 12 1 6 10 1 6 12 1 7 10 1
R 1772 42 63 6 85 3 4 5 1 3 0 0 3 2 2 4 1 2 0 1 4 3 5 1 2 3 2 0 1 4 3 1 5 3 2 0 2 5 1 0 3 0 4 1 0 4 2 0 1 2 4 2 5 5 4 1 0 3 5 4 5 3 0 1 2 4 5 3 | 14 19  0 6 1 0 10 1 0 11 1 1 7 1 1 8 2 2 7 1 2 11 1 2 13 1 3 8 1 3 12 1 3 13 1 4 9 1 4 11 1 4 13 1 5 9 2 5 12 1 6 10 1 6 12 1 7 10 1
R 1773 42 63 6 5354 3 4 5 3 2 4 1 5 2 5 0 1 3 5 2 4 0 1 1 2 3 5 4 2 1 0 4 2 0 1 0 2 3 3 1 5 3 0 2 3 1 4 0 1 2 0 1 5 3 4 0 2 3 4 4 0 1 3 5 2 4 5 5 | 14 19  0 6 1 0 10 1 0 11 1 1 7 2 1 8 1 2 7 1 2 10 1 2 13 1 3 8 2 3 11 1 4 9 1 4 11 1 4 12 1 5 9 1 5 12 1 5 13 1 6 12 1 6 13 1 9 10 1
R 1774 42 63 6 130 3 4 5 3 4 1 0 1 2 0 2 4 1 0 5 4 5 3 1 2 3 2 1 4 0 4 3 3 4 0 0 2 3 1 0 3 1 2 5 0 1 4 0 1 2 0 2 5 3 5 4 1 5 3 2 4 3 1 0 2 4 5 5 | 14 19  0 6 1 0 10 1 0 11 1 1 7 1 1 8 2 2 7 2 2 10 1 3 8 1 3 11 1 3 13 1 4 9 1 4 11 1 4 12 1 5 9 1 5 12 1 5 13 1 6 12 1 6 13 1 9 10 1
R 1775 42 63 6 2870 3 4 5 0 3 4 1 2 3 1 0 2 4 5 1 3 0 4 1 2 3 1 4 3 2 0 3 1 0 4 0 2 5 1 0 4 2 0 5 4 1 3 0 1 2 2 5 1 0 4 5 4 5 3 2 3 0 5 1 2 5 4 3 | 14 19  0 6 1 0 10 1 0 11 1 1 7 2 1 8 1 2 7 1 2 10 1 2 13 1 3 8 2 3 11 1 4 9 1 4 12 1 4 13 1 5 9 1 5 12 1 5 13 1 6 11 1 6 12 1 9 10 1
R 1776 42 63 6 167 3 4 5 3 2 4 0 4 1 0 1 2 1 5 4 0 3 5 1 2 3 1 4 2 0 2 3 2 0 1 0 4 3 1 0 4 3 5 1 3 4 0 0 1 2 0 1 5 3 5 2 4 3 5 3 0 2 4 2 1 5 4 5 | 14 19  0 6 1 0 10 1 0 11 1 1 7 1 1 8 2 2 7 2 2 10 1 3 8 1 3 11 1 3 13 1 4 9 1 4 12 1 4 13 1 5 9 1 5 12 1 5 13 1 6 11 1 6 12 1 9 10 1
R 1777 42 63 6 66 3 1 2 2 3 4 3 0 2 0 5 1 0 3 1 0 4 3 0 2 1 1 0 2 5 3 2 1 4 3 4 1 2 3 4 5 2 0 5 0 4 1 4 5 0 5 0 1 4 5 1 4 3 2 5 2 4 2 1 5 3 3 0 | 14 19  0 6 2 0 11 1 1 7 1 1 8 2 2 7 1 2 10 1 2 11 1 3 8 1 3 10 1 3 13 1 4 9 1 4 11 1 4 12 1 5 9 1 5 12 1 5 13 1 6 12 1 7 13 1 9 10 1
R 1778 42 63 NOT6 A+B chi=-1 | 14 19  0 6 2 0 12 1 1 7 2 1 8 1 2 7 1 2 10 1 2 11 1 3 8 1 3 10 1 3 12 1 4 9 1 4 11 1 4 13 1 5 9 1 5 11 1 5 13 1 6 12 1 8 13 1 9 10 1
R 1779 42 63 NOT6 A+B chi=-1 | 14 19  0 6 2 0 12 1 1 7 1 1 8 2 2 7 1 2 10 1 2 11 1 3 8 1 3 10 1 3 13 1 4 9 1 4 11 1 4 12 1 5 9 1 5 11 1 5 13 1 6 12 1 7 13 1 9 10 1
R 1780 42 63 6 140 3 4 5 3 2 5 1 0 5 0 1 4 1 5 2 0 3 2 1 2 3 0 5 2 4 1 3 2 0 1 0 2 3 0 1 3 0 2 5 3 1 4 0 1 2 1 4 0 3 4 2 2 5 3 3 4 0 4 5 1 4 5 5 | 14 19  0 6 1 0 10 1 0 11 1 1 7 2 1 8 1 2 7 1 2 11 1 2 13 1 3 8 2 3 12 1 4 9 1 4 10 1 4 13 1 5 9 1 5 11 1 5 12 1 6 12 1 6 13 1 9 10 1
R 1781 42 63 6 135 3 4 5 4 5 3 0 1 2 1 0 4 1 5 2 0 5 2 1 2 3 2 1 5 0 5 4 2 0 1 0 2 3 0 1 4 3 2 0 3 1 4 0 1 2 0 1 2 3 4 5 3 5 2 3 4 0 4 3 1 4 5 5 | 14 19  0 6 1 0 10 1 0 11 1 1 7 1 1 8 2 2 7 2 2 11 1 3 8 1 3 12 1 3 13 1 4 9 1 4 10 1 4 13 1 5 9 1 5 11 1 5 12 1 6 12 1 6 13 1 9 10 1
R 1782 42 63 6 343 3 4 5 2 1 5 0 4 3 4 0 2 2 4 1 2 0 1 1 2 3 3 4 1 0 1 2 5 1 4 4 0 5 2 0 3 3 0 2 1 0 4 0 1 2 0 3 4 2 5 1 5 1 3 0 3 5 3 4 5 4 5 2 | 14 19  0 6 1 0 10 1 0 13 1 1 7 1 1 8 2 2 7 2 2 11 1 3 8 1 3 12 1 3 13 1 4 9 1 4 10 1 4 11 1 5 9 1 5 11 1 5 12 1 6 12 1 6 13 1 9 10 1
R 1783 42 63 6 716 3 1 2 1 5 2 0 1 4 4 0 3 0 3 2 1 2 4 0 2 1 4 3 5 3 0 2 4 1 0 3 4 5 1 2 0 1 4 5 0 4 2 4 5 0 0 4 3 2 3 5 1 5 2 5 1 4 3 5 0 3 1 2 | 14 19  0 6 2 0 10 1 1 7 1 1 8 1 1 13 1 2 7 1 2 11 1 2 13 1 3 8 2 3 12 1 4 9 1 4 10 1 4 11 1 5 9 1 5 11 1 5 12 1 6 12 1 7 13 1 9 10 1
R 1784 42 63 6 383 3 1 2 2 3 4 0 1 4 0 5 3 0 3 2 1 2 4 0 2 1 4 0 5 1 3 2 4 1 0 3 4 5 1 2 0 1 4 5 0 2 4 4 5 0 1 0 5 2 3 5 4 2 1 5 1 4 3 5 0 3 3 2 | 14 19  0 6 2 0 10 1 1 7 1 1 8 2 2 7 1 2 11 1 2 13 1 3 8 1 3 12 1 3 13 1 4 9 1 4 10 1 4 11 1 5 9 1 5 11 1 5 12 1 6 12 1 7 13 1 9 10 1
R 1785 42 63 6 80 3 1 2 2 0 3 0 1 4 5 0 4 0 3 2 1 2 4 0 2 1 4 3 5 4 0 2 4 1 0 3 4 5 1 2 0 5 1 4 2 1 3 4 5 0 1 5 4 2 3 5 1 3 2 5 1 4 3 5 0 3 0 2 | 14 19  0 6 2 0 10 1 1 7 1 1 8 1 1 13 1 2 7 1 2 11 1 2 13 1 3 8 2 3 12 1 4 9 1 4 10 1 4 11 1 5 9 1 5 11 1 5 13 1 6 12 1 7 12 1 9 10 1
R 1786 42 63 6 1845 3 1 2 2 3 5 0 1 4 1 0 3 0 3 2 1 2 4 0 2 1 4 5 3 0 3 2 4 1 0 3 4 5 1 2 0 5 0 4 2 3 1 4 5 0 0 1 4 2 3 5 5 2 4 5 1 4 3 5 0 3 1 2 | 14 19  0 6 2 0 10 1 1 7 1 1 8 2 2 7 1 2 11 1 2 13 1 3 8 1 3 12 1 3 13 1 4 9 1 4 10 1 4 11 1 5 9 1 5 11 1 5 13 1 6 12 1 7 12 1 9 10 1
R 1787 42 63 6 136 3 4 5 4 3 2 0 1 2 0 4 1 1 0 4 0 3 2 1 2 3 0 2 3 1 4 2 4 3 2 2 4 5 1 0 4 3 0 1 3 0 1 0 1 2 1 5 0 4 3 5 3 5 2 5 3 2 1 5 4 5 4 0 | 14 19  0 6 1 0 10 1 0 11 1 1 7 2 1 8 1 2 7 1 2 11 1 2 13 1 3 8 2 3 12 1 4 9 1 4 10 1 4 13 1 5 9 1 5 12 1 5 13 1 6 11 1 6 12 1 9 10 1
R 1788 42 63 6 117 3 4 5 3 4 0 1 0 2 1 2 4 2 4 0 0 1 3 1 2 3 2 0 3 1 4 3 3 5 4 4 2 3 1 0 4 2 0 1 1 0 2 0 1 2 1 2 5 4 5 3 0 3 5 1 5 3 2 5 4 5 4 0 | 14 19  0 6 1 0 10 1 0 11 1 1 7 1 1 8 2 2 7 2 2 11 1 3 8 1 3 12 1 3 13 1 4 9 1 4 10 1 4 13 1 5 9 1 5 12 1 5 13 1 6 11 1 6 12 1 9 10 1
R 1789 42 63 6 57 3 4 5 1 0 2 3 4 2 4 0 3 0 4 1 0 1 2 1 2 3 2 4 0 3 0 2 2 1 3 2 4 5 1 0 4 1 3 4 3 1 0 0 1 2 3 4 5 1 5 0 1 5 2 5 3 2 4 3 5 5 4 0 | 14 19  0 6 1 0 10 1 0 11 1 1 7 1 1 8 1 1 13 1 2 7 2 2 12 1 3 8 2 3 12 1 4 9 1 4 10 1 4 13 1 5 9 1 5 11 1 5 12 1 6 11 1 6 13 1 9 10 1
R 1790 42 63 6 388 3 4 5 1 2 5 3 0 2 3 0 4 0 4 1 0 1 2 1 2 3 3 5 2 4 0 2 2 1 3 2 4 5 1 0 4 1 0 3 3 1 0 0 1 2 0 4 3 1 4 5 1 5 2 5 3 2 4 3 5 5 4 0 | 14 19  0 6 1 0 10 1 0 11 1 1 7 2 1 8 1 2 7 1 2 12 1 2 13 1 3 8 2 3 12 1 4 9 1 4 10 1 4 13 1 5 9 1 5 11 1 5 12 1 6 11 1 6 13 1 9 10 1
R 1791 42 63 6 6218 3 4 5 4 0 1 2 3 1 5 0 2 1 5 2 0 5 4 1 2 3 1 3 4 2 0 3 2 4 1 0 2 3 1 0 5 0 1 5 2 4 0 0 1 2 2 5 3 0 5 4 1 4 3 0 4 3 3 2 1 4 5 5 | 14 19  0 6 1 0 10 1 0 12 1 1 7 1 1 8 1 1 13 1 2 7 2 2 12 1 3 8 2 3 12 1 4 9 1 4 10 1 4 11 1 5 9 1 5 11 1 5 13 1 6 11 1 6 13 1 9 10 1
R 1792 42 63 6 97 3 4 5 5 3 4 2 0 1 1 0 2 1 5 2 0 5 4 1 2 3 1 4 3 2 0 5 2 4 1 0 2 3 1 0 5 0 1 3 2 4 0 0 1 2 0 2 1 5 4 3 3 4 5 0 4 3 3 2 1 4 5 5 | 14 19  0 6 1 0 10 1 0 12 1 1 7 2 1 8 1 2 7 1 2 12 1 2 13 1 3 8 2 3 12 1 4 9 1 4 10 1 4 11 1 5 9 1 5 11 1 5 13 1 6 11 1 6 13 1 9 10 1
R 1793 42 63 6 273 3 4 5 1 0 2 4 3 2 5 3 0 3 5 2 4 0 1 1 2 3 2 3 0 0 3 1 2 4 1 0 2 5 3 0 5 4 5 2 1 0 4 0 1 2 4 5 3 1 5 0 2 4 1 0 4 1 5 2 3 4 5 3 | 14 19  0 6 1 0 10 1 0 13 1 1 7 1 1 8 1 1 13 1 2 7 2 2 12 1 3 8 2 3 12 1 4 9 1 4 10 1 4 11 1 5 9 1 5 11 1 5 12 1 6 11 1 6 13 1 9 10 1
R 1794 42 63 6 1722 3 4 5 4 3 2 1 0 2 0 4 1 1 0 4 5 0 2 1 2 3 0 2 3 1 4 2 2 3 1 2 4 5 1 5 0 0 4 3 1 0 4 0 1 2 1 5 0 4 5 3 3 5 2 5 3 2 4 3 1 4 5 0 | 14 19  0 6 1 0 10 1 0 13 1 1 7 2 1 8 1 2 7 1 2 12 1 2 13 1 3 8 2 3 12 1 4 9 1 4 10 1 4 11 1 5 9 1 5 11 1 5 12 1 6 11 1 6 13 1 9 10 1
R 1795 42 63 6 107 3 1 2 2 4 3 0 1 3 0 1 2 0 3 2 5 1 4 0 2 1 3 0 4 5 4 2 4 1 0 3 4 5 1 5 0 1 2 3 0 2 3 4 5 0 5 0 1 2 4 5 3 5 4 5 1 4 3 2 0 3 1 2 | 14 19  0 6 2 0 10 1 1 7 1 1 8 2 2 7 1 2 12 1 2 13 1 3 8 1 3 12 1 3 13 1 4 9 1 4 10 1 4 11 1 5 9 1 5 11 1 5 12 1 6 11 1 7 13 1 9 10 1
R 1796 42 63 6 129 3 4 5 0 1 2 3 4 2 4 1 5 1 5 2 4 5 0 1 2 3 2 4 0 5 1 2 2 4 1 0 2 3 1 0 5 3 1 4 0 3 4 0 1 2 3 4 5 1 5 0 0 3 2 0 4 3 3 2 1 4 5 5 | 14 19  0 6 1 0 10 1 0 13 1 1 7 1 1 8 1 1 13 1 2 7 2 2 12 1 3 8 2 3 12 1 4 9 1 4 10 1 4 11 1 5 9 1 5 11 1 5 13 1 6 11 1 6 12 1 9 10 1
R 1797 42 63 6 114 3 4 5 3 2 5 0 1 2 0 1 4 1 5 2 4 5 0 1 2 3 0 5 2 4 1 2 2 4 1 0 2 3 1 0 5 3 1 0 0 3 4 0 1 2 1 4 0 3 4 5 3 5 2 0 4 3 3 2 1 4 5 5 | 14 19  0 6 1 0 10 1 0 13 1 1 7 2 1 8 1 2 7 1 2 12 1 2 13 1 3 8 2 3 12 1 4 9 1 4 10 1 4 11 1 5 9 1 5 11 1 5 13 1 6 11 1 6 12 1 9 10 1
R 1798 42 63 6 625 3 1 2 3 5 4 3 0 2 1 2 3 4 0 1 3 4 0 0 2 1 1 0 5 2 5 3 1 3 0 0 1 2 3 4 5 2 0 4 1 4 2 4 5 0 2 0 1 4 5 1 4 5 0 5 3 2 2 1 5 3 3 4 | 14 19  0 6 2 0 11 1 1 7 1 1 8 2 2 7 1 2 10 1 2 11 1 3 8 1 3 12 1 3 13 1 4 9 1 4 10 1 4 11 1 5 9 1 5 12 1 5 13 1 6 12 1 7 13 1 9 10 1
R 1799 42 63 6 71 3 4 5 3 4 2 0 1 4 0 3 1 5 0 1 0 4 2 1 2 3 0 2 4 1 3 2 1 3 2 3 1 4 0 4 5 1 0 4 3 0 5 0 1 2 1 5 0 3 5 2 4 5 2 4 2 3 5 3 1 5 4 0 | 14 19  0 6 1 0 11 1 0 12 1 1 7 2 1 8 1 2 7 1 2 10 1 2 13 1 3 8 2 3 11 1 4 9 1 4 10 1 4 11 1 5 9 1 5 12 1 5 13 1 6 12 1 6 13 1 9 10 1
R 1800 42 63 6 106 3 4 5 4 5 0 1 0 2 3 1 4 5 0 1 0 4 2 1 2 3 2 0 5 1 5 4 1 4 3 3 1 2 0 4 2 1 0 4 3 0 5 0 1 2 1 2 3 3 4 5 0 5 2 2 4 3 5 3 1 5 4 0 | 14 19  0 6 1 0 11 1 0 12 1 1 7 1 1 8 2 2 7 2 2 10 1 3 8 1 3 11 1 3 13 1 4 9 1 4 10 1 4 11 1 5 9 1 5 12 1 5 13 1 6 12 1 6 13 1 9 10 1
R 1801 42 63 NOT6 A+B chi=-1 | 14 19  0 6 2 0 12 1 1 7 1 1 8 2 2 7 1 2 10 1 2 11 1 3 8 1 3 11 1 3 13 1 4 9 1 4 10 1 4 11 1 5 9 1 5 12 1 5 13 1 6 12 1 7 13 1 9 10 1
R 1802 42 63 6 467 3 1 2 2 3 1 3 0 2 0 5 3 5 2 4 0 3 1 0 2 1 1 5 2 0 3 2 1 0 5 0 4 3 3 4 5 1 4 5 2 1 0 4 5 0 0 4 5 4 5 1 1 2 4 3 1 0 4 2 5 3 3 2 | 14 19  0 6 2 0 11 1 1 7 1 1 8 2 2 7 1 2 10 1 2 11 1 3 8 1 3 12 1 3 13 1 4 9 1 4 10 1 4 12 1 5 9 1 5 11 1 5 13 1 6 12 1 7 13 1 9 10 1
R 1803 42 63 6 3012 3 1 2 4 5 2 3 0 2 3 0 4 5 2 1 0 3 1 0 2 1 1 0 5 3 5 4 1 0 4 0 1 3 3 4 5 2 0 5 3 1 4 4 5 0 3 0 1 4 5 1 2 1 5 3 4 0 5 2 4 3 2 2 | 14 19  0 6 2 0 11 1 1 7 1 1 8 2 2 7 1 2 10 1 2 11 1 3 8 1 3 12 1 3 13 1 4 9 1 4 10 1 4 13 1 5 9 1 5 11 1 5 12 1 6 12 1 7 13 1 9 10 1
R 1804 42 63 6 310 3 1 2 0 2 1 3 0 2 4 3 5 4 0 5 0 3 1 0 2 1 1 3 2 5 3 2 1 3 5 1 4 2 3 4 5 4 1 5 4 0 2 4 5 0 5 4 3 4 5 1 0 1 2 2 3 1 4 2 5 3 0 0 | 14 19  0 6 2 0 11 1 1 7 1 1 8 1 1 13 1 2 7 1 2 10 1 2 11 1 3 8 2 3 12 1 4 9 1 4 10 1 4 13 1 5 9 1 5 11 1 5 13 1 6 12 1 7 12 1 9 10 1
R 1805 42 63 NOT6 A+B chi=-1 | 14 19  0 6 2 0 12 1 1 7 2 1 8 1 2 7 1 2 10 1 2 11 1 3 8 1 3 11 1 3 12 1 4 9 1 4 10 1 4 13 1 5 9 1 5 11 1 5 13 1 6 12 1 8 13 1 9 10 1
R 1806 42 63 NOT6 A+B chi=-1 | 14 19  0 6 2 0 12 1 1 7 1 1 8 2 2 7 1 2 10 1 2 11 1 3 8 1 3 11 1 3 13 1 4 9 1 4 10 1 4 12 1 5 9 1 5 11 1 5 13 1 6 12 1 7 13 1 9 10 1
R 1807 42 63 NOT6 A+B chi=-1 | 14 19  0 6 2 0 12 1 1 7 1 1 8 2 2 7 1 2 10 1 2 11 1 3 8 1 3 11 1 3 13 1 4 9 1 4 10 1 4 13 1 5 9 1 5 11 1 5 12 1 6 12 1 7 13 1 9 10 1
R 1808 42 63 NOT6 A+B chi=-1 | 14 19  0 6 2 0 12 1 1 7 1 1 8 1 1 13 1 2 7 1 2 10 1 2 11 1 3 8 2 3 11 1 4 9 1 4 10 1 4 13 1 5 9 1 5 11 1 5 13 1 6 12 1 7 12 1 9 10 1
R 1809 42 63 6 1170 3 1 2 4 5 2 0 3 4 3 0 1 3 0 2 0 4 1 0 2 1 2 3 1 1 0 5 1 2 5 1 3 4 3 4 5 2 0 4 3 0 2 4 5 0 0 3 1 5 2 1 2 4 5 4 5 1 3 2 5 3 4 0 | 14 19  0 6 2 0 11 1 1 7 1 1 8 1 1 13 1 2 7 1 2 10 1 2 12 1 3 8 2 3 12 1 4 9 1 4 10 1 4 11 1 5 9 1 5 11 1 5 13 1 6 12 1 7 13 1 9 10 1
R 1810 42 63 6 304 3 4 5 2 1 5 0 5 4 4 0 2 3 0 1 2 0 1 1 2 3 4 5 1 0 1 2 5 1 4 2 3 5 2 0 3 3 0 2 1 0 4 0 1 2 0 3 4 2 3 1 5 1 3 2 4 5 3 4 5 4 5 0 | 14 19  0 6 1 0 11 1 0 13 1 1 7 1 1 8 2 2 7 2 2 10 1 3 8 1 3 12 1 3 13 1 4 9 1 4 10 1 4 11 1 5 9 1 5 11 1 5 12 1 6 12 1 6 13 1 9 10 1
R 1811 42 63 6 80 3 1 2 1 0 3 5 4 0 0 2 3 3 0 2 0 4 1 0 2 1 2 3 0 1 5 3 1 2 5 1 3 4 3 4 5 2 4 0 1 2 4 4 5 0 4 5 2 1 2 3 4 1 5 4 5 1 3 2 5 3 0 0 | 14 19  0 6 2 0 11 1 1 7 2 1 8 1 2 7 1 2 10 1 2 13 1 3 8 1 3 12 1 3 13 1 4 9 1 4 10 1 4 11 1 5 9 1 5 11 1 5 12 1 6 12 1 8 13 1 9 10 1
R 1812 42 63 NOT6 A+B chi=-1 | 14 19  0 6 2 0 12 1 1 7 1 1 8 1 1 13 1 2 7 1 2 10 1 2 12 1 3 8 2 3 11 1 4 9 1 4 10 1 4 11 1 5 9 1 5 11 1 5 13 1 6 12 1 7 13 1 9 10 1
R 1813 42 63 NOT6 A+B chi=-1 | 14 19  0 6 2 0 12 1 1 7 1 1 8 2 2 7 1 2 10 1 2 12 1 3 8 1 3 11 1 3 13 1 4 9 1 4 10 1 4 11 1 5 9 1 5 11 1 5 13 1 6 12 1 7 13 1 9 10 1
R 1814 42 63 NOT6 A+B chi=-1 | 14 19  0 6 2 0 12 1 1 7 2 1 8 1 2 7 1 2 10 1 2 13 1 3 8 1 3 11 1 3 12 1 4 9 1 4 10 1 4 11 1 5 9 1 5 11 1 5 13 1 6 12 1 8 13 1 9 10 1
R 1815 42 63 6 82 3 4 5 4 3 2 1 0 2 0 4 1 5 2 3 0 1 2 1 2 3 0 2 3 1 4 2 3 0 5 4 3 1 0 3 1 0 2 5 1 0 4 0 1 2 1 5 0 4 5 3 3 5 2 1 0 4 4 5 3 4 5 2 | 14 19  0 6 1 0 12 1 0 13 1 1 7 2 1 8 1 2 7 1 2 10 1 2 13 1 3 8 2 3 11 1 4 9 1 4 10 1 4 11 1 5 9 1 5 11 1 5 12 1 6 12 1 6 13 1 9 10 1
R 1816 42 63 6 100 3 4 5 3 5 4 0 2 4 1 0 2 4 0 3 4 1 2 1 2 3 4 2 3 0 5 3 2 3 0 0 1 2 4 3 1 0 2 5 1 0 4 0 1 2 0 1 2 1 5 3 4 5 3 1 5 2 5 0 3 4 5 4 | 14 19  0 6 1 0 12 1 0 13 1 1 7 1 1 8 2 2 7 2 2 10 1 3 8 1 3 11 1 3 13 1 4 9 1 4 10 1 4 11 1 5 9 1 5 11 1 5 12 1 6 12 1 6 13 1 9 10 1
R 1817 42 63 NOT6 A+B chi=-1 | 14 19  0 6 2 0 12 1 1 7 1 1 8 2 2 7 1 2 10 1 2 13 1 3 8 1 3 11 1 3 13 1 4 9 1 4 10 1 4 11 1 5 9 1 5 11 1 5 12 1 6 12 1 7 13 1 9 10 1
R 1818 42 63 NOT6 A+B chi=-1 | 14 19  0 6 2 0 12 1 1 7 1 1 8 1 1 13 1 2 7 2 2 10 1 3 8 1 3 11 1 3 13 1 4 9 1 4 10 1 4 11 1 5 9 1 5 11 1 5 12 1 6 12 1 8 13 1 9 10 1
R 1819 42 63 NOT6 A+B chi=-1 | 14 19  0 6 2 0 12 1 1 7 2 1 8 1 2 7 1 2 10 1 2 13 1 3 8 1 3 11 1 3 13 1 4 9 1 4 10 1 4 11 1 5 9 1 5 11 1 5 12 1 6 12 1 8 13 1 9 10 1
R 1820 42 63 NOT6 A+B chi=-1 | 14 19  0 6 2 0 12 1 1 7 1 1 8 1 1 13 1 2 7 2 2 10 1 3 8 1 3 11 1 3 13 1 4 9 1 4 10 1 4 11 1 5 9 1 5 11 1 5 13 1 6 12 1 8 12 1 9 10 1
R 1821 42 63 6 57 3 4 5 3 4 0 2 0 1 1 2 4 0 1 2 0 3 5 1 2 3 1 0 4 2 4 3 2 3 5 3 2 1 0 2 5 0 1 3 0 1 4 0 1 2 2 1 5 3 5 4 0 5 3 4 5 3 1 4 2 4 5 0 | 14 19  0 6 1 0 11 1 0 12 1 1 7 1 1 8 2 2 7 2 2 10 1 3 8 1 3 12 1 3 13 1 4 9 1 4 10 1 4 11 1 5 9 1 5 12 1 5 13 1 6 11 1 6 13 1 9 10 1
R 1822 42 63 6 192 3 4 5 0 3 4 1 2 4 1 0 2 2 0 1 3 4 5 1 2 3 1 4 3 2 0 3 1 4 5 4 3 0 0 2 3 1 0 4 0 5 1 0 1 2 2 5 1 0 5 3 4 5 3 3 5 4 0 1 2 5 4 2 | 14 19  0 6 1 0 11 1 0 12 1 1 7 2 1 8 1 2 7 1 2 11 1 2 13 1 3 8 2 3 12 1 4 9 1 4 10 1 4 11 1 5 9 1 5 10 1 5 13 1 6 12 1 6 13 1 9 10 1
R 1823 42 63 6 68 3 1 2 0 2 1 0 3 2 3 4 0 3 0 1 5 3 4 0 2 1 1 5 2 3 2 0 2 5 1 0 4 2 3 4 5 1 4 0 1 4 3 4 5 0 3 4 5 4 1 5 1 5 2 4 5 2 0 1 2 3 0 3 | 14 19  0 6 2 0 11 1 1 7 1 1 8 2 2 7 1 2 11 1 2 13 1 3 8 1 3 12 1 3 13 1 4 9 1 4 10 1 4 11 1 5 9 1 5 10 1 5 12 1 6 12 1 7 13 1 9 10 1
R 1824 42 63 NOT6 A+B chi=-1 | 14 19  0 6 2 0 12 1 1 7 1 1 8 2 2 7 1 2 11 1 2 12 1 3 8 1 3 11 1 3 13 1 4 9 1 4 10 1 4 11 1 5 9 1 5 10 1 5 13 1 6 12 1 7 13 1 9 10 1
R 1825 42 63 6 208 3 4 5 1 0 2 4 3 2 5 0 4 0 1 2 3 4 0 1 2 3 2 3 0 4 0 3 2 4 5 4 3 1 0 2 3 1 5 2 1 0 4 0 1 2 4 5 3 1 5 0 1 2 3 3 5 4 1 2 5 4 5 0 | 14 19  0 6 1 0 11 1 0 13 1 1 7 1 1 8 1 1 13 1 2 7 2 2 12 1 3 8 2 3 12 1 4 9 1 4 10 1 4 11 1 5 9 1 5 10 1 5 11 1 6 12 1 6 13 1 9 10 1
R 1826 42 63 6 799 3 4 5 5 2 3 4 0 2 4 0 1 0 1 2 3 4 0 1 2 3 4 3 2 1 0 5 2 4 5 4 3 1 0 2 3 3 0 2 1 0 4 0 1 2 0 1 4 5 1 3 2 3 5 3 5 4 1 2 5 4 5 0 | 14 19  0 6 1 0 11 1 0 13 1 1 7 2 1 8 1 2 7 1 2 12 1 2 13 1 3 8 2 3 12 1 4 9 1 4 10 1 4 11 1 5 9 1 5 10 1 5 11 1 6 12 1 6 13 1 9 10 1
R 1827 42 63 6 244 3 4 5 3 2 5 0 4 1 1 0 2 0 2 3 1 4 0 1 2 3 1 4 2 0 2 3 3 4 5 4 1 2 0 3 1 0 2 5 3 0 1 0 1 2 0 1 4 3 5 2 5 3 4 1 5 4 2 3 5 4 5 0 | 14 19  0 6 1 0 12 1 0 13 1 1 7 1 1 8 2 2 7 2 2 11 1 3 8 1 3 12 1 3 13 1 4 9 1 4 10 1 4 11 1 5 9 1 5 10 1 5 11 1 6 12 1 6 13 1 9 10 1
R 1828 42 63 NOT6 A+B chi=-1 | 14 19  0 6 2 0 12 1 1 7 1 1 8 2 2 7 1 2 11 1 2 13 1 3 8 1 3 12 1 3 13 1 4 9 1 4 10 1 4 11 1 5 9 1 5 10 1 5 11 1 6 12 1 7 13 1 9 10 1
R 1829 42 63 NOT6 A+B chi=-1 | 14 19  0 6 2 0 12 1 1 7 2 1 8 1 2 7 1 2 11 1 2 13 1 3 8 1 3 12 1 3 13 1 4 9 1 4 10 1 4 11 1 5 9 1 5 10 1 5 11 1 6 12 1 8 13 1 9 10 1
R 1830 42 63 6 90 3 4 5 1 0 2 4 3 2 5 3 0 0 1 2 5 0 4 1 2 3 2 3 0 0 3 1 3 5 2 1 4 3 0 2 5 4 5 2 1 0 4 0 1 2 4 5 3 1 5 0 2 4 1 4 5 3 1 2 3 4 5 0 | 14 19  0 6 1 0 11 1 0 13 1 1 7 1 1 8 1 1 13 1 2 7 2 2 12 1 3 8 2 3 12 1 4 9 1 4 10 1 4 11 1 5 9 1 5 10 1 5 12 1 6 11 1 6 13 1 9 10 1
R 1831 42 63 6 88 3 4 5 4 3 2 1 0 2 0 4 1 0 1 2 4 0 5 1 2 3 0 2 3 1 4 2 3 5 1 1 4 2 0 2 5 0 4 3 1 0 4 0 1 2 1 5 0 4 5 3 3 5 2 4 5 3 2 3 1 4 5 0 | 14 19  0 6 1 0 11 1 0 13 1 1 7 2 1 8 1 2 7 1 2 12 1 2 13 1 3 8 2 3 12 1 4 9 1 4 10 1 4 11 1 5 9 1 5 10 1 5 12 1 6 11 1 6 13 1 9 10 1
R 1832 42 63 NOT6 A+B chi=-1 | 14 19  0 6 2 0 11 1 1 7 1 1 8 2 2 7 1 2 12 1 2 13 1 3 8 1 3 12 1 3 13 1 4 9 1 4 10 1 4 11 1 5 9 1 5 10 1 5 12 1 6 11 1 7 13 1 9 10 1
R 1833 42 63 6 653 3 4 5 3 1 2 0 5 2 5 0 4 1 3 2 3 0 1 1 2 3 5 2 1 4 0 3 2 0 1 0 2 5 1 0 3 1 2 5 3 0 4 0 1 2 0 4 5 3 4 1 1 2 3 4 5 0 5 4 2 4 5 3 | 14 19  0 6 1 0 10 1 0 11 1 1 7 2 1 8 1 2 7 1 2 11 1 2 13 1 3 8 2 3 12 1 4 9 1 4 11 1 4 12 1 5 9 1 5 12 1 5 13 1 6 10 1 6 13 1 9 10 1
R 1834 42 63 6 75 3 4 5 3 0 1 4 2 1 5 0 4 1 3 2 0 4 2 1 2 3 1 2 0 4 0 2 2 0 1 0 2 5 0 1 4 3 4 1 4 3 5 0 1 2 4 5 2 3 5 0 1 3 2 4 5 0 5 3 1 4 5 3 | 14 19  0 6 1 0 10 1 0 11 1 1 7 1 1 8 1 1 13 1 2 7 2 2 12 1 3 8 2 3 12 1 4 9 1 4 11 1 4 13 1 5 9 1 5 11 1 5 13 1 6 10 1 6 12 1 9 10 1
R 1835 42 63 6 928 3 4 5 5 2 3 4 0 1 1 0 5 1 3 2 0 4 2 1 2 3 1 3 2 5 0 4 2 0 1 0 2 5 0 1 4 2 0 1 4 3 5 0 1 2 0 4 1 5 3 2 2 3 4 4 5 0 5 3 1 4 5 3 | 14 19  0 6 1 0 10 1 0 11 1 1 7 2 1 8 1 2 7 1 2 12 1 2 13 1 3 8 2 3 12 1 4 9 1 4 11 1 4 13 1 5 9 1 5 11 1 5 13 1 6 10 1 6 12 1 9 10 1
R 1836 42 63 6 161 3 4 5 4 5 2 1 3 2 1 0 4 1 2 5 4 0 3 1 2 3 2 1 4 3 5 4 0 2 3 1 0 2 0 1 3 0 4 1 4 3 2 0 1 2 3 0 1 0 4 5 2 5 3 4 3 0 5 2 1 4 5 5 | 14 20  0 6 1 0 9 1 0 11 1 1 7 1 1 8 2 2 7 1 2 9 1 2 10 1 3 8 1 3 9 1 3 10 1 4 11 1 4 12 1 4 13 1 5 11 1 5 12 1 5 13 1 6 10 1 6 12 1 7 13 1
R 1837 42 63 6 181 3 4 5 2 5 3 1 0 2 1 0 2 0 1 4 2 5 4 1 2 3 4 0 5 1 5 2 0 2 3 1 0 3 1 4 3 0 2 5 0 1 4 0 1 2 1 0 4 3 4 5 3 4 5 5 2 3 0 1 3 4 5 2 | 14 20  0 6 1 0 9 1 0 10 1 1 7 1 1 8 2 2 7 1 2 9 1 2 10 1 3 8 1 3 10 1 3 11 1 4 9 1 4 11 1 4 12 1 5 11 1 5 12 1 5 13 1 6 12 1 6 13 1 7 13 1
R 1838 42 63 6 181 3 4 5 3 2 5 1 0 2 1 0 2 0 1 4 2 5 4 1 2 3 1 5 2 4 0 5 0 2 3 1 0 3 1 4 3 0 2 5 0 1 4 0 1 2 0 4 1 3 4 5 3 4 5 5 2 3 0 1 3 4 5 2 | 14 20  0 6 1 0 9 1 0 10 1 1 7 2 1 8 1 2 7 1 2 9 1 2 10 1 3 8 1 3 10 1 3 11 1 4 9 1 4 11 1 4 12 1 5 11 1 5 12 1 5 13 1 6 12 1 6 13 1 8 13 1
R 1839 42 63 6 6897 3 4 5 4 5 0 1 0 2 1 3 2 0 4 2 5 4 1 1 2 3 2 0 5 1 5 4 0 2 3 1 0 3 1 0 2 4 1 0 5 3 2 0 1 2 1 2 3 3 4 5 0 4 5 5 3 1 3 2 0 4 5 4 | 14 20  0 6 1 0 9 1 0 10 1 1 7 1 1 8 2 2 7 1 2 9 1 2 10 1 3 8 1 3 10 1 3 11 1 4 9 1 4 12 1 4 13 1 5 11 1 5 12 1 5 13 1 6 11 1 6 12 1 7 13 1
R 1840 42 63 6 761 3 4 5 3 4 5 1 0 2 1 3 2 0 1 2 4 0 5 1 2 3 1 5 4 2 3 4 0 2 3 1 0 3 1 0 2 3 1 0 4 0 2 0 1 2 0 2 1 3 4 5 0 4 5 5 4 3 3 2 1 4 5 5 | 14 20  0 6 1 0 9 1 0 10 1 1 7 2 1 8 1 2 7 1 2 9 1 2 10 1 3 8 1 3 10 1 3 11 1 4 9 1 4 12 1 4 13 1 5 11 1 5 12 1 5 13 1 6 11 1 6 12 1 8 13 1
R 1841 42 63 6 62 3 4 5 0 3 5 1 3 2 2 4 3 0 1 2 4 0 1 1 2 3 2 1 5 4 3 0 0 2 3 1 0 2 1 0 3 0 4 5 1 2 4 0 1 2 4 1 2 0 4 5 5 1 0 5 4 3 3 5 2 4 5 3 | 14 20  0 6 1 0 9 1 0 11 1 1 7 1 1 8 2 2 7 1 2 9 1 2 10 1 3 8 1 3 12 1 3 13 1 4 9 1 4 11 1 4 12 1 5 10 1 5 11 1 5 12 1 6 10 1 6 13 1 7 13 1
R 1842 42 63 6 990 3 4 5 0 2 5 1 3 2 3 1 4 0 1 2 4 0 1 1 2 3 5 3 2 4 2 0 0 2 3 1 0 2 1 0 3 0 1 4 3 5 4 0 1 2 4 1 3 0 4 5 5 2 0 5 4 3 3 5 2 4 5 1 | 14 20  0 6 1 0 9 1 0 11 1 1 7 1 1 8 2 2 7 1 2 9 1 2 10 1 3 8 1 3 12 1 3 13 1 4 9 1 4 11 1 4 12 1 5 10 1 5 11 1 5 13 1 6 10 1 6 12 1 7 13 1
R 1843 42 63 6 164 3 4 5 1 5 0 1 3 2 2 3 4 0 1 2 4 0 1 1 2 3 2 3 5 4 5 1 0 2 3 1 0 2 1 0 3 3 0 4 0 2 4 0 1 2 4 2 3 0 4 5 0 1 5 5 4 3 3 5 2 4 5 1 | 14 20  0 6 1 0 9 1 0 11 1 1 7 1 1 8 2 2 7 1 2 9 1 2 10 1 3 8 1 3 12 1 3 13 1 4 9 1 4 11 1 4 13 1 5 10 1 5 11 1 5 12 1 6 10 1 6 12 1 7 13 1
R 1844 42 63 6 209 3 4 5 3 0 4 2 4 1 1 0 2 1 5 3 0 2 5 1 2 3 1 4 0 2 0 3 0 2 3 3 2 5 1 0 4 4 2 1 1 3 0 0 1 2 2 1 5 3 5 0 4 5 3 4 0 2 1 3 4 4 5 5 | 14 20  0 6 1 0 9 1 0 11 1 1 7 1 1 8 1 1 13 1 2 7 1 2 9 1 2 10 1 3 8 2 3 11 1 4 9 1 4 12 1 4 13 1 5 10 1 5 12 1 5 13 1 6 10 1 6 11 1 7 12 1
R 1845 42 63 6 695 3 4 5 4 5 3 0 1 2 2 0 1 3 4 1 0 5 4 1 2 3 2 0 5 1 5 4 3 1 0 0 2 3 0 1 4 3 2 5 0 3 1 0 1 2 1 0 2 3 5 4 3 4 5 2 5 0 3 1 2 4 5 4 | 14 20  0 6 1 0 10 1 0 11 1 1 7 1 1 8 2 2 7 1 2 9 1 2 10 1 3 8 1 3 9 1 3 10 1 4 9 1 4 11 1 4 12 1 5 11 1 5 12 1 5 13 1 6 12 1 6 13 1 7 13 1
R 1846 42 63 6 198 3 4 5 3 4 0 2 1 3 2 1 4 1 0 4 0 2 4 1 2 3 0 1 3 2 4 3 1 4 3 0 2 5 1 0 4 2 0 1 3 2 0 0 1 2 2 1 5 5 0 4 0 5 3 2 3 5 3 5 1 5 4 4 | 14 20  0 6 1 0 10 1 0 11 1 1 7 1 1 8 2 2 7 1 2 9 1 2 10 1 3 8 1 3 9 1 3 10 1 4 9 1 4 12 1 4 13 1 5 11 1 5 12 1 5 13 1 6 11 1 6 12 1 7 13 1
R 1847 42 63 6 65 3 4 5 2 4 3 0 1 2 0 1 4 1 2 3 4 0 2 1 2 3 3 1 5 0 4 2 0 2 3 1 0 4 3 4 1 3 2 0 1 4 0 0 1 2 0 1 5 4 3 5 3 2 5 4 5 0 5 1 3 4 5 2 | 14 20  0 6 1 0 9 1 0 10 1 1 7 1 1 8 2 2 7 1 2 10 1 2 11 1 3 8 1 3 11 1 3 12 1 4 9 1 4 10 1 4 11 1 5 9 1 5 12 1 5 13 1 6 12 1 6 13 1 7 13 1
R 1848 42 63 6 65 3 4 5 4 2 3 0 1 2 0 1 4 1 2 3 4 0 2 1 2 3 0 3 2 4 1 5 0 2 3 1 0 4 3 4 1 3 2 0 1 4 0 0 1 2 1 5 0 4 3 5 3 2 5 4 5 0 5 1 3 4 5 2 | 14 20  0 6 1 0 9 1 0 10 1 1 7 2 1 8 1 2 7 1 2 10 1 2 11 1 3 8 1 3 11 1 3 12 1 4 9 1 4 10 1 4 11 1 5 9 1 5 12 1 5 13 1 6 12 1 6 13 1 8 13 1
R 1849 42 63 6 217 3 4 5 2 3 5 0 1 2 0 4 2 1 2 3 0 1 4 1 2 3 5 0 3 1 3 2 0 2 3 1 0 4 1 5 2 4 0 3 0 1 4 0 1 2 1 0 4 4 3 5 5 1 3 4 5 0 5 3 2 4 5 2 | 14 20  0 6 1 0 9 1 0 10 1 1 7 1 1 8 2 2 7 1 2 10 1 2 12 1 3 8 1 3 12 1 3 13 1 4 9 1 4 10 1 4 11 1 5 9 1 5 11 1 5 12 1 6 11 1 6 13 1 7 13 1
R 1850 42 63 6 72 3 4 5 2 4 5 0 1 2 0 3 2 1 2 3 0 1 4 1 2 3 3 0 5 1 4 2 0 2 3 1 0 4 1 5 2 3 1 0 0 3 4 0 1 2 1 0 3 4 3 5 5 4 1 4 5 0 5 3 2 4 5 2 | 14 20  0 6 1 0 9 1 0 10 1 1 7 1 1 8 2 2 7 1 2 10 1 2 13 1 3 8 1 3 12 1 3 13 1 4 9 1 4 10 1 4 11 1 5 9 1 5 11 1 5 12 1 6 11 1 6 12 1 7 13 1
R 1851 42 63 6 72 3 4 5 3 4 2 0 1 4 0 5 4 1 2 3 0 1 2 1 2 3 2 0 5 1 4 3 0 2 3 0 1 4 1 3 5 3 0 2 0 2 1 0 1 2 1 0 5 3 2 5 2 1 3 4 5 0 5 3 4 4 5 4 | 14 20  0 6 1 0 9 1 0 10 1 1 7 1 1 8 2 2 7 1 2 11 1 2 12 1 3 8 1 3 12 1 3 13 1 4 9 1 4 10 1 4 11 1 5 9 1 5 10 1 5 11 1 6 12 1 6 13 1 7 13 1
R 1852 42 63 6 314 3 4 5 3 4 2 0 1 4 0 5 4 1 2 3 0 1 2 1 2 3 5 0 3 1 4 3 0 2 3 0 1 4 1 2 5 2 0 3 0 2 1 0 1 2 1 0 5 2 3 5 2 1 3 4 5 0 5 3 4 4 5 4 | 14 20  0 6 1 0 9 1 0 10 1 1 7 1 1 8 2 2 7 1 2 11 1 2 12 1 3 8 1 3 12 1 3 13 1 4 9 1 4 10 1 4 11 1 5 9 1 5 10 1 5 12 1 6 11 1 6 13 1 7 13 1
R 1853 42 63 6 271 3 4 5 2 4 5 0 1 4 0 3 2 1 2 3 0 1 2 1 2 3 3 0 4 1 4 2 0 2 3 0 1 4 1 2 5 3 0 1 0 5 3 0 1 2 1 0 3 5 3 2 5 4 1 4 5 0 5 3 4 4 5 2 | 14 20  0 6 1 0 9 1 0 10 1 1 7 1 1 8 2 2 7 1 2 11 1 2 12 1 3 8 1 3 12 1 3 13 1 4 9 1 4 10 1 4 11 1 5 9 1 5 10 1 5 13 1 6 11 1 6 12 1 7 13 1
R 1854 42 63 6 72 3 4 5 2 4 5 0 1 4 0 3 4 1 2 3 0 1 2 1 2 3 3 0 5 1 4 2 0 2 3 0 1 4 1 2 5 3 1 0 0 3 2 0 1 2 1 0 3 2 3 5 5 2 1 4 5 0 5 3 4 4 5 4 | 14 20  0 6 1 0 9 1 0 10 1 1 7 1 1 8 2 2 7 1 2 11 1 2 13 1 3 8 1 3 12 1 3 13 1 4 9 1 4 10 1 4 11 1 5 9 1 5 10 1 5 12 1 6 11 1 6 12 1 7 13 1
R 1855 42 63 6 368 3 4 5 2 4 1 1 0 4 0 5 3 2 5 3 1 0 2 1 2 3 3 1 5 0 4 2 0 2 3 0 3 5 1 2 5 2 0 1 1 3 0 0 1 2 0 3 5 2 3 5 1 4 2 4 1 0 5 4 3 4 5 4 | 14 20  0 6 1 0 9 1 0 10 1 1 7 1 1 8 2 2 7 1 2 12 1 2 13 1 3 8 1 3 12 1 3 13 1 4 9 1 4 10 1 4 11 1 5 9 1 5 10 1 5 11 1 6 11 1 6 12 1 7 13 1
R 1856 42 63 6 77 3 4 5 1 3 2 0 1 2 0 5 1 1 2 5 0 4 3 1 2 3 2 5 3 0 3 1 0 2 3 1 0 4 2 0 5 4 5 1 3 0 2 0 1 2 0 4 5 4 3 5 2 3 4 4 3 0 5 1 2 5 4 1 | 14 20  0 6 1 0 9 1 0 10 1 1 7 1 1 8 2 2 7 1 2 10 1 2 13 1 3 8 1 3 12 1 3 13 1 4 9 1 4 11 1 4 12 1 5 9 1 5 11 1 5 12 1 6 10 1 6 11 1 7 13 1
R 1857 42 63 6 63 3 4 5 4 3 2 0 1 2 0 2 5 1 2 3 0 1 4 1 2 3 0 2 3 1 4 5 0 2 3 1 0 4 2 0 1 4 3 5 3 0 1 0 1 2 1 5 0 4 3 5 3 1 4 4 5 0 5 3 2 5 4 2 | 14 20  0 6 1 0 9 1 0 10 1 1 7 2 1 8 1 2 7 1 2 10 1 2 13 1 3 8 1 3 12 1 3 13 1 4 9 1 4 11 1 4 12 1 5 9 1 5 11 1 5 12 1 6 10 1 6 11 1 8 13 1
R 1858 42 63 6 661 3 4 5 2 5 1 3 2 4 3 0 4 1 2 0 0 1 2 1 2 3 1 4 5 3 5 2 0 2 3 0 2 3 1 0 4 1 0 4 1 3 0 0 1 2 3 0 4 0 1 5 1 2 5 5 4 3 4 3 5 5 4 2 | 14 20  0 6 1 0 10 1 0 11 1 1 7 1 1 8 2 2 7 1 2 9 1 2 10 1 3 8 1 3 12 1 3 13 1 4 9 1 4 10 1 4 12 1 5 9 1 5 11 1 5 12 1 6 11 1 6 13 1 7 13 1
R 1859 42 63 6 493 3 4 5 1 2 0 3 2 4 3 5 4 1 2 0 0 1 2 1 2 3 4 5 1 3 2 1 0 2 3 0 2 3 1 0 4 1 0 5 0 3 4 0 1 2 3 4 5 0 1 5 0 2 1 5 4 3 4 3 5 5 4 2 | 14 20  0 6 1 0 10 1 0 11 1 1 7 1 1 8 2 2 7 1 2 9 1 2 10 1 3 8 1 3 12 1 3 13 1 4 9 1 4 10 1 4 12 1 5 9 1 5 11 1 5 13 1 6 11 1 6 12 1 7 13 1
R 1860 42 63 6 167 3 4 5 4 2 3 0 4 1 1 0 4 2 5 1 0 4 2 1 2 3 1 3 2 0 2 4 4 3 1 2 0 5 1 0 4 3 0 5 2 1 0 0 1 2 0 1 5 5 2 3 3 2 5 0 4 3 5 3 1 5 4 4 | 14 20  0 6 1 0 10 1 0 11 1 1 7 1 1 8 2 2 7 1 2 9 1 2 10 1 3 8 1 3 12 1 3 13 1 4 9 1 4 10 1 4 13 1 5 9 1 5 11 1 5 12 1 6 11 1 6 12 1 7 13 1
R 1861 42 63 6 96 3 4 5 3 0 4 0 2 1 1 0 2 0 4 3 2 1 5 1 2 3 1 4 3 2 0 3 2 3 5 0 2 4 1 5 0 1 0 4 3 1 2 0 1 2 2 1 5 5 4 3 4 5 3 1 5 2 0 3 4 4 5 0 | 14 20  0 6 1 0 10 1 0 12 1 1 7 1 1 8 1 1 13 1 2 7 1 2 9 1 2 10 1 3 8 2 3 12 1 4 9 1 4 10 1 4 11 1 5 9 1 5 11 1 5 13 1 6 11 1 6 12 1 7 13 1
R 1862 42 63 6 57 3 4 5 3 2 4 0 2 1 0 1 2 0 4 1 3 2 5 1 2 3 1 4 3 0 2 3 3 5 1 0 2 4 0 5 2 1 0 4 3 0 1 0 1 2 0 1 5 5 4 3 4 3 5 2 5 3 0 1 4 4 5 2 | 14 20  0 6 1 0 10 1 0 12 1 1 7 1 1 8 2 2 7 1 2 9 1 2 10 1 3 8 1 3 12 1 3 13 1 4 9 1 4 10 1 4 11 1 5 9 1 5 11 1 5 13 1 6 11 1 6 12 1 7 13 1
R 1863 42 63 6 105 3 4 5 3 5 4 0 1 2 1 0 2 0 4 1 5 3 4 1 2 3 2 1 5 0 5 3 1 4 2 0 2 3 3 5 0 0 4 1 1 0 3 0 1 2 0 1 2 3 5 4 4 3 5 3 5 2 0 1 2 4 5 4 | 14 20  0 6 1 0 10 1 0 13 1 1 7 1 1 8 2 2 7 1 2 9 1 2 10 1 3 8 1 3 12 1 3 13 1 4 9 1 4 10 1 4 11 1 5 9 1 5 11 1 5 12 1 6 11 1 6 12 1 7 13 1
R 1864 42 63 6 188 3 4 5 1 2 0 0 2 1 3 4 1 4 5 2 0 4 2 1 2 3 3 0 1 4 2 1 3 2 1 4 0 5 2 4 0 1 0 4 0 3 5 0 1 2 4 3 5 5 4 3 0 2 5 0 1 3 5 3 1 5 4 2 | 14 20  0 6 1 0 11 1 0 12 1 1 7 1 1 8 2 2 7 1 2 9 1 2 10 1 3 8 1 3 10 1 3 11 1 4 9 1 4 10 1 4 11 1 5 9 1 5 12 1 5 13 1 6 12 1 6 13 1 7 13 1
R 1865 42 63 6 184 3 4 5 0 1 2 3 4 5 0 4 1 1 2 3 0 4 2 1 2 3 4 2 1 3 0 1 0 1 3 3 0 4 2 4 5 1 0 4 0 3 5 0 1 2 3 5 4 0 2 1 5 2 3 4 5 0 5 3 1 5 4 2 | 14 20  0 6 1 0 11 1 0 12 1 1 7 2 1 8 1 2 7 1 2 9 1 2 10 1 3 8 1 3 10 1 3 11 1 4 9 1 4 10 1 4 11 1 5 9 1 5 12 1 5 13 1 6 12 1 6 13 1 8 13 1
R 1866 42 63 6 172 3 4 5 0 2 3 1 4 2 0 3 1 3 5 4 2 4 0 1 2 3 4 3 2 1 0 2 4 0 1 3 0 2 0 4 5 3 2 5 0 1 4 0 1 2 1 5 4 0 3 5 5 4 2 2 1 0 5 3 1 4 5 3 | 14 20  0 6 1 0 11 1 0 13 1 1 7 2 1 8 1 2 7 1 2 9 1 2 10 1 3 8 1 3 10 1 3 11 1 4 9 1 4 10 1 4 12 1 5 9 1 5 11 1 5 12 1 6 12 1 6 13 1 8 13 1
R 1867 42 63 6 348 3 4 5 0 1 4 3 4 5 5 1 3 2 5 1 0 4 2 1 2 3 2 4 1 3 1 4 4 1 3 2 0 5 2 0 3 1 0 4 3 0 5 0 1 2 3 5 2 0 2 1 0 2 4 0 3 4 5 3 1 5 4 5 | 14 20  0 6 1 0 11 1 0 12 1 1 7 1 1 8 1 1 13 1 2 7 1 2 9 1 2 10 1 3 8 2 3 10 1 4 9 1 4 10 1 4 11 1 5 9 1 5 12 1 5 13 1 6 12 1 6 13 1 7 11 1
R 1868 42 63 6 57 3 4 5 4 2 3 0 3 5 0 1 4 2 1 5 0 4 2 1 2 3 1 3 2 0 2 4 4 2 3 1 0 3 2 0 4 1 0 4 3 0 5 0 1 2 0 1 5 4 1 2 3 5 2 0 4 3 5 3 1 5 4 5 | 14 20  0 6 1 0 11 1 0 12 1 1 7 1 1 8 2 2 7 1 2 9 1 2 10 1 3 8 1 3 10 1 3 13 1 4 9 1 4 10 1 4 11 1 5 9 1 5 12 1 5 13 1 6 12 1 6 13 1 7 11 1
R 1869 42 63 6 236 3 4 5 1 0 2 0 3 1 5 0 3 2 4 5 0 2 1 1 2 3 2 3 1 3 0 2 3 5 1 5 0 1 2 4 5 3 2 0 1 0 4 0 1 2 4 5 3 5 2 4 1 4 2 0 3 1 4 3 5 4 5 0 | 14 20  0 6 1 0 11 1 0 13 1 1 7 1 1 8 1 1 13 1 2 7 1 2 9 1 2 10 1 3 8 2 3 10 1 4 9 1 4 10 1 4 12 1 5 9 1 5 11 1 5 12 1 6 12 1 6 13 1 7 11 1
R 1870 42 63 6 259 3 4 5 0 2 3 1 4 2 0 4 1 3 2 1 5 0 4 1 2 3 4 3 2 1 0 2 5 4 1 0 1 2 2 0 4 3 0 5 0 1 4 0 1 2 1 5 4 0 3 5 5 3 2 0 4 5 2 3 1 4 5 3 | 14 20  0 6 1 0 11 1 0 13 1 1 7 2 1 8 1 2 7 1 2 9 1 2 10 1 3 8 1 3 11 1 3 12 1 4 9 1 4 10 1 4 11 1 5 9 1 5 10 1 5 12 1 6 12 1 6 13 1 8 13 1
R 1871 42 63 NOT6 A+B chi=-1 | 14 20  0 6 2 0 12 1 1 7 1 1 8 1 1 12 1 2 7 1 2 9 1 2 10 1 3 8 1 3 11 1 3 13 1 4 9 1 4 10 1 4 11 1 5 9 1 5 10 1 5 11 1 6 12 1 7 13 1 8 13 1
R 1872 42 63 6 83 3 4 5 0 2 3 1 4 2 0 1 2 3 4 5 0 3 1 1 2 3 1 3 2 4 0 2 0 4 1 1 3 2 3 5 0 0 2 5 0 1 4 0 1 2 4 5 1 0 3 5 5 4 3 2 0 1 5 4 2 4 5 3 | 14 20  0 6 1 0 12 1 0 13 1 1 7 2 1 8 1 2 7 1 2 9 1 2 10 1 3 8 1 3 11 1 3 12 1 4 9 1 4 10 1 4 11 1 5 9 1 5 10 1 5 11 1 6 12 1 6 13 1 8 13 1
R 1873 42 63 6 97 3 4 5 3 0 4 0 2 4 1 0 2 0 1 2 3 1 5 1 2 3 1 4 3 2 0 3 3 2 5 1 0 4 0 2 5 1 0 4 3 1 2 0 1 2 2 1 5 5 1 3 4 5 3 4 5 3 0 2 4 4 5 0 | 14 20  0 6 1 0 11 1 0 12 1 1 7 1 1 8 1 1 13 1 2 7 1 2 9 1 2 10 1 3 8 2 3 12 1 4 9 1 4 10 1 4 11 1 5 9 1 5 10 1 5 13 1 6 11 1 6 12 1 7 13 1
R 1874 42 63 6 130 3 4 5 3 2 4 0 4 3 0 1 2 0 1 2 1 5 2 1 2 3 1 4 3 0 2 3 5 2 3 1 0 4 0 2 5 1 0 4 3 0 1 0 1 2 0 1 5 5 1 2 4 3 5 4 5 3 0 3 4 4 5 2 | 14 20  0 6 1 0 11 1 0 12 1 1 7 1 1 8 2 2 7 1 2 9 1 2 10 1 3 8 1 3 12 1 3 13 1 4 9 1 4 10 1 4 11 1 5 9 1 5 10 1 5 13 1 6 11 1 6 12 1 7 13 1
R 1875 42 63 NOT6 A+B chi=-1 | 14 20  0 6 2 0 12 1 1 7 1 1 8 1 1 13 1 2 7 1 2 9 1 2 10 1 3 8 1 3 11 1 3 13 1 4 9 1 4 10 1 4 11 1 5 9 1 5 10 1 5 13 1 6 12 1 7 11 1 8 12 1
R 1876 42 63 6 57 3 4 5 0 3 1 0 1 2 2 4 0 3 4 1 2 5 0 1 2 3 2 1 3 5 3 0 1 3 0 0 2 5 0 1 4 3 4 2 1 2 4 0 1 2 5 2 4 4 5 3 1 5 3 2 5 0 4 3 1 4 5 0 | 14 20  0 6 1 0 10 1 0 11 1 1 7 1 1 8 2 2 7 1 2 9 1 2 10 1 3 8 1 3 12 1 3 13 1 4 9 1 4 11 1 4 12 1 5 9 1 5 11 1 5 12 1 6 10 1 6 13 1 7 13 1
R 1877 42 63 6 68 3 4 5 3 4 0 0 1 2 1 2 5 1 0 3 2 4 5 1 2 3 2 0 3 1 4 3 4 1 3 0 2 5 0 3 4 2 0 1 0 1 2 0 1 2 1 2 5 4 5 3 0 3 4 2 5 4 0 1 3 4 5 5 | 14 20  0 6 1 0 10 1 0 11 1 1 7 1 1 8 2 2 7 1 2 9 1 2 10 1 3 8 1 3 12 1 3 13 1 4 9 1 4 11 1 4 12 1 5 9 1 5 11 1 5 13 1 6 10 1 6 12 1 7 13 1
R 1878 42 63 6 124 3 4 5 4 5 3 1 0 2 1 0 2 3 4 5 1 5 0 1 2 3 2 0 3 1 5 4 0 2 5 1 0 3 1 3 0 2 0 4 3 1 4 0 1 2 1 0 2 4 3 5 3 4 5 2 1 0 4 3 2 4 5 5 | 14 20  0 6 1 0 9 1 0 10 1 1 7 1 1 8 2 2 7 1 2 9 1 2 10 1 3 8 1 3 10 1 3 11 1 4 11 1 4 12 1 4 13 1 5 11 1 5 12 1 5 13 1 6 9 1 6 12 1 7 13 1
R 1879 42 63 6 57 3 4 5 4 3 2 1 0 2 1 0 2 3 4 5 1 5 0 1 2 3 0 2 3 4 1 2 0 2 5 1 0 3 1 3 0 2 1 4 3 0 4 0 1 2 1 5 0 4 3 5 3 4 5 2 0 1 4 3 2 4 5 5 | 14 20  0 6 1 0 9 1 0 10 1 1 7 2 1 8 1 2 7 1 2 9 1 2 10 1 3 8 1 3 10 1 3 11 1 4 11 1 4 12 1 4 13 1 5 11 1 5 12 1 5 13 1 6 9 1 6 12 1 8 13 1
R 1880 42 63 6 581 3 4 5 2 4 3 1 5 2 0 5 1 1 2 0 2 4 3 1 2 3 0 1 4 5 4 2 0 2 5 0 1 3 3 1 4 5 3 0 3 2 1 0 1 2 5 0 1 3 4 0 3 2 4 3 4 5 5 1 0 4 5 2 | 14 20  0 6 1 0 9 1 0 10 1 1 7 1 1 8 2 2 7 1 2 10 1 2 11 1 3 8 1 3 11 1 3 13 1 4 9 1 4 12 1 4 13 1 5 10 1 5 12 1 5 13 1 6 9 1 6 11 1 7 12 1
R 1881 42 63 6 72 3 4 5 2 3 5 0 1 3 0 4 3 1 2 4 0 2 1 1 2 3 4 0 5 1 3 2 0 2 5 0 1 3 1 2 3 2 0 4 0 1 4 0 1 2 1 0 4 2 4 5 5 1 2 3 5 0 4 5 3 4 5 3 | 14 20  0 6 1 0 9 1 0 10 1 1 7 1 1 8 2 2 7 1 2 11 1 2 12 1 3 8 1 3 12 1 3 13 1 4 9 1 4 10 1 4 11 1 5 10 1 5 11 1 5 12 1 6 9 1 6 13 1 7 13 1
R 1882 42 63 6 108 3 4 5 1 3 2 0 5 3 0 4 1 1 2 4 0 2 1 1 2 3 4 0 3 5 3 1 0 2 5 0 1 3 1 2 3 2 0 4 0 2 4 0 1 2 5 0 4 2 4 1 2 3 5 3 5 0 4 5 3 4 5 1 | 14 20  0 6 1 0 9 1 0 10 1 1 7 1 1 8 2 2 7 1 2 11 1 2 12 1 3 8 1 3 12 1 3 13 1 4 9 1 4 10 1 4 11 1 5 10 1 5 11 1 5 13 1 6 9 1 6 12 1 7 13 1
R 1883 42 63 6 757 3 4 5 2 4 0 0 3 1 1 5 2 1 2 4 0 2 3 1 2 3 1 0 5 3 4 2 0 2 5 0 1 3 3 4 1 0 2 4 0 3 1 0 1 2 3 1 5 4 2 5 0 3 4 3 5 0 4 1 5 4 5 2 | 14 20  0 6 1 0 9 1 0 10 1 1 7 1 1 8 2 2 7 1 2 11 1 2 12 1 3 8 1 3 12 1 3 13 1 4 9 1 4 10 1 4 11 1 5 10 1 5 12 1 5 13 1 6 9 1 6 11 1 7 13 1
R 1884 42 63 6 118 3 4 5 4 5 3 1 0 3 0 2 1 1 2 4 0 2 5 1 2 3 3 0 4 1 5 4 0 2 5 0 1 3 2 0 1 4 1 3 0 5 3 0 1 2 1 0 2 5 4 2 3 5 4 3 5 0 4 3 1 4 5 2 | 14 20  0 6 1 0 9 1 0 10 1 1 7 1 1 8 2 2 7 1 2 11 1 2 12 1 3 8 1 3 12 1 3 13 1 4 9 1 4 10 1 4 12 1 5 10 1 5 11 1 5 13 1 6 9 1 6 11 1 7 13 1
R 1885 42 63 6 217 3 4 5 2 3 4 1 0 3 0 5 1 1 2 4 0 2 5 1 2 3 4 5 3 1 3 2 0 2 5 0 1 3 2 0 1 5 4 3 2 1 4 0 1 2 1 0 5 2 4 5 4 2 3 3 5 0 4 3 1 4 5 0 | 14 20  0 6 1 0 9 1 0 10 1 1 7 1 1 8 2 2 7 1 2 11 1 2 13 1 3 8 1 3 12 1 3 13 1 4 9 1 4 10 1 4 12 1 5 10 1 5 11 1 5 12 1 6 9 1 6 11 1 7 13 1
R 1886 42 63 6 57 3 4 5 2 3 4 1 0 3 0 4 1 1 2 4 0 2 5 1 2 3 0 4 3 1 2 3 0 2 5 0 1 3 2 0 1 5 4 3 2 1 0 0 1 2 1 5 0 2 4 5 5 2 3 3 5 0 4 3 1 4 5 4 | 14 20  0 6 1 0 9 1 0 10 1 1 7 2 1 8 1 2 7 1 2 11 1 2 13 1 3 8 1 3 12 1 3 13 1 4 9 1 4 10 1 4 12 1 5 10 1 5 11 1 5 12 1 6 9 1 6 11 1 8 13 1
R 1887 42 63 6 96 3 4 5 3 5 2 2 0 3 0 1 3 1 2 4 0 5 1 1 2 3 4 2 5 0 5 3 0 2 5 0 1 3 3 1 4 1 0 2 2 1 0 0 1 2 0 1 4 1 4 5 2 5 4 3 5 0 4 2 3 4 5 3 | 14 20  0 6 1 0 9 1 0 10 1 1 7 1 1 8 2 2 7 1 2 12 1 2 13 1 3 8 1 3 12 1 3 13 1 4 9 1 4 10 1 4 11 1 5 10 1 5 11 1 5 12 1 6 9 1 6 11 1 7 13 1
R 1888 42 63 6 94 3 4 5 0 3 2 0 1 2 1 4 5 1 2 0 3 5 0 1 2 3 2 5 3 1 3 0 0 2 5 1 0 4 0 4 2 3 1 5 3 1 2 0 1 2 1 4 5 4 3 5 2 3 0 3 4 5 1 2 4 4 5 0 | 14 20  0 6 1 0 9 1 0 10 1 1 7 1 1 8 2 2 7 1 2 10 1 2 11 1 3 8 1 3 11 1 3 12 1 4 9 1 4 12 1 4 13 1 5 11 1 5 12 1 5 13 1 6 9 1 6 10 1 7 13 1
R 1889 42 63 6 64 3 4 5 2 4 0 0 1 2 1 5 2 1 2 4 0 3 4 1 2 3 3 0 5 1 4 2 0 2 5 1 0 4 3 4 2 0 3 1 0 4 1 0 1 2 1 3 5 4 3 5 0 4 3 3 0 5 1 2 5 4 5 2 | 14 20  0 6 1 0 9 1 0 10 1 1 7 1 1 8 2 2 7 1 2 10 1 2 11 1 3 8 1 3 12 1 3 13 1 4 9 1 4 11 1 4 12 1 5 11 1 5 12 1 5 13 1 6 9 1 6 10 1 7 13 1
R 1890 42 63 6 227 3 4 5 3 4 2 3 0 4 0 1 5 2 1 0 1 2 3 1 2 3 1 0 4 5 4 3 0 2 5 3 0 1 2 0 3 1 2 4 0 2 1 0 1 2 5 0 1 2 1 5 2 3 4 3 4 5 4 0 5 4 5 3 | 14 20  0 6 1 0 9 1 0 10 1 1 7 1 1 8 2 2 7 1 2 11 1 2 12 1 3 8 1 3 12 1 3 13 1 4 9 1 4 10 1 4 11 1 5 11 1 5 12 1 5 13 1 6 9 1 6 10 1 7 13 1
R 1891 42 63 6 57 3 4 5 0 2 5 1 3 4 1 3 2 1 2 0 0 2 4 1 2 3 4 1 0 3 2 0 0 2 5 1 0 4 2 3 5 0 1 3 1 4 3 0 1 2 3 1 4 5 0 2 5 4 0 3 4 5 3 1 5 4 5 2 | 14 20  0 6 1 0 9 1 0 10 1 1 7 1 1 8 2 2 7 1 2 11 1 2 12 1 3 8 1 3 12 1 3 13 1 4 9 1 4 11 1 4 12 1 5 10 1 5 11 1 5 13 1 6 9 1 6 10 1 7 13 1
R 1892 42 63 6 356 3 4 5 2 4 0 1 2 3 3 5 4 1 2 0 0 2 5 1 2 3 3 1 0 5 4 2 0 2 5 1 0 4 5 2 3 1 0 3 0 4 3 0 1 2 5 1 3 4 0 5 0 2 1 3 4 5 3 1 4 4 5 2 | 14 20  0 6 1 0 9 1 0 10 1 1 7 1 1 8 2 2 7 1 2 11 1 2 13 1 3 8 1 3 12 1 3 13 1 4 9 1 4 11 1 4 12 1 5 10 1 5 11 1 5 12 1 6 9 1 6 10 1 7 13 1
R 1893 42 63 6 123 3 4 5 0 3 1 1 5 2 2 4 5 0 4 1 3 0 5 1 2 3 2 1 0 4 3 0 0 2 3 3 1 5 1 3 4 0 5 2 1 0 4 0 1 2 4 2 5 3 4 0 1 0 3 2 5 3 4 1 2 4 5 5 | 14 20  0 6 1 0 9 1 0 11 1 1 7 1 1 8 2 2 7 1 2 9 1 2 10 1 3 8 1 3 11 1 3 13 1 4 10 1 4 11 1 4 12 1 5 10 1 5 12 1 5 13 1 6 12 1 6 13 1 7 9 1
R 1894 42 63 6 77 3 4 5 1 0 2 0 4 1 5 3 0 2 3 0 4 2 1 1 2 3 2 3 1 0 3 1 2 4 5 0 3 1 4 2 3 5 2 0 1 0 4 0 1 2 4 5 3 5 3 2 2 4 1 4 5 1 5 0 3 4 5 0 | 14 20  0 6 1 0 9 1 0 13 1 1 7 1 1 8 1 1 13 1 2 7 1 2 9 1 2 10 1 3 8 2 3 11 1 4 10 1 4 11 1 4 12 1 5 10 1 5 11 1 5 12 1 6 12 1 6 13 1 7 9 1
R 1895 42 63 6 120 3 4 5 3 0 4 5 2 1 1 0 2 3 4 5 0 2 1 1 2 3 1 4 3 2 0 3 4 0 2 0 3 1 1 0 4 2 1 5 2 3 0 0 1 2 2 1 5 0 3 4 4 5 3 2 0 1 5 3 4 5 4 5 | 14 20  0 6 1 0 9 1 0 11 1 1 7 1 1 8 1 1 13 1 2 7 1 2 9 1 2 10 1 3 8 2 3 11 1 4 10 1 4 12 1 4 13 1 5 10 1 5 12 1 5 13 1 6 11 1 6 12 1 7 9 1
R 1896 42 63 6 238 3 4 5 0 4 1 1 3 2 2 4 5 1 5 0 3 5 2 1 2 3 2 1 4 5 4 3 0 2 3 1 0 2 2 0 1 3 1 5 3 0 4 0 1 2 3 2 5 0 4 5 0 1 3 3 4 2 4 0 1 4 5 5 | 14 20  0 6 1 0 9 1 0 12 1 1 7 1 1 8 1 1 13 1 2 7 1 2 9 1 2 10 1 3 8 2 3 10 1 4 11 1 4 12 1 4 13 1 5 11 1 5 12 1 5 13 1 6 10 1 6 11 1 7 9 1
R 1897 42 63 6 106 3 4 5 0 4 1 1 3 2 5 2 0 1 4 2 5 3 0 1 2 3 2 1 4 3 4 0 0 2 3 1 0 2 2 0 1 0 3 4 3 1 5 0 1 2 3 2 5 0 4 5 1 3 4 3 5 0 4 1 2 4 5 5 | 14 20  0 6 1 0 9 1 0 12 1 1 7 1 1 8 2 2 7 1 2 9 1 2 10 1 3 8 1 3 10 1 3 13 1 4 11 1 4 12 1 4 13 1 5 11 1 5 12 1 5 13 1 6 10 1 6 11 1 7 9 1
R 1898 42 63 6 112 3 4 5 0 4 1 1 3 2 2 3 0 0 4 5 4 1 2 1 2 3 2 1 4 3 4 0 0 2 3 1 0 2 2 4 0 1 0 3 1 4 3 0 1 2 3 2 5 0 4 5 1 4 5 3 1 2 3 5 0 4 5 5 | 14 20  0 6 1 0 9 1 0 12 1 1 7 1 1 8 2 2 7 1 2 9 1 2 10 1 3 8 1 3 12 1 3 13 1 4 10 1 4 11 1 4 13 1 5 11 1 5 12 1 5 13 1 6 10 1 6 11 1 7 9 1
R 1899 42 63 6 2472 3 4 5 3 0 5 2 5 0 1 2 4 1 2 3 0 1 4 1 2 3 4 1 0 4 2 5 0 2 3 1 0 3 2 3 4 1 0 2 3 1 0 0 1 2 2 1 4 3 4 1 0 3 5 4 0 5 5 3 2 4 5 5 | 14 20  0 6 1 0 9 1 0 10 1 1 7 1 1 8 1 1 13 1 2 7 1 2 10 1 2 11 1 3 8 2 3 10 1 4 9 1 4 11 1 4 12 1 5 11 1 5 12 1 5 13 1 6 12 1 6 13 1 7 9 1
R 1900 42 63 6 1324 3 4 5 4 5 1 2 0 5 3 0 2 1 2 3 0 1 4 1 2 3 3 0 1 2 5 4 0 2 3 0 1 4 2 3 4 1 0 2 3 1 0 0 1 2 2 0 3 4 3 1 1 5 4 4 0 5 5 3 2 4 5 5 | 14 20  0 6 1 0 9 1 0 10 1 1 7 1 1 8 2 2 7 1 2 10 1 2 11 1 3 8 1 3 10 1 3 13 1 4 9 1 4 11 1 4 12 1 5 11 1 5 12 1 5 13 1 6 12 1 6 13 1 7 9 1
R 1901 42 63 6 3459 3 4 5 1 3 0 0 3 1 2 3 4 2 4 5 1 0 5 1 2 3 2 0 1 4 3 1 0 2 5 3 0 5 0 4 5 0 1 4 1 2 3 0 1 2 4 2 5 5 4 2 0 5 1 1 3 0 3 2 4 4 5 3 | 14 20  0 6 1 0 9 1 0 10 1 1 7 1 1 8 1 1 13 1 2 7 1 2 10 1 2 11 1 3 8 2 3 10 1 4 11 1 4 12 1 4 13 1 5 11 1 5 12 1 5 13 1 6 9 1 6 12 1 7 9 1
R 1902 42 63 6 103 3 4 5 3 4 1 2 1 0 2 3 4 1 0 4 0 2 4 1 2 3 0 1 3 5 4 3 4 2 1 0 2 3 1 0 4 2 0 1 3 2 0 0 1 2 2 0 5 5 3 4 0 1 5 2 3 5 3 5 1 5 4 4 | 14 20  0 6 1 0 10 1 0 11 1 1 7 1 1 9 1 1 10 1 2 7 1 2 9 1 2 10 1 3 8 2 3 9 1 4 8 1 4 12 1 4 13 1 5 11 1 5 12 1 5 13 1 6 11 1 6 12 1 7 13 1
R 1903 42 63 6 88 3 4 5 0 1 2 2 0 1 0 3 4 1 2 5 0 4 3 1 2 3 5 2 1 2 4 3 4 1 0 0 2 3 2 3 5 4 0 1 3 0 1 0 1 2 3 5 4 4 3 5 1 5 2 0 3 4 1 2 5 4 5 0 | 14 20  0 6 1 0 10 1 0 13 1 1 7 1 1 9 1 1 10 1 2 7 1 2 9 1 2 10 1 3 8 2 3 9 1 4 8 1 4 12 1 4 13 1 5 11 1 5 12 1 5 13 1 6 11 1 6 12 1 7 11 1
R 1904 42 63 6 1073 3 4 5 2 4 5 1 3 0 1 0 4 3 2 5 0 1 2 1 2 3 0 1 2 5 2 4 4 0 3 2 3 1 2 0 3 1 0 4 3 1 0 0 1 2 3 1 0 4 2 5 3 5 2 0 1 4 4 3 5 5 4 5 | 14 20  0 6 1 0 11 1 0 12 1 1 7 1 1 9 1 1 10 1 2 7 1 2 9 1 2 10 1 3 8 1 3 9 1 3 13 1 4 8 2 4 10 1 5 11 1 5 12 1 5 13 1 6 12 1 6 13 1 7 11 1
R 1905 42 63 6 200 3 4 5 1 0 2 1 3 2 1 0 5 2 4 5 0 1 4 1 2 3 2 4 5 5 4 1 0 2 3 1 0 3 0 1 2 3 0 5 4 2 0 0 1 2 3 4 5 0 4 5 2 4 3 0 3 1 5 3 2 4 5 1 | 14 20  0 6 1 0 9 1 0 10 1 1 7 1 1 9 1 1 10 1 2 7 1 2 10 1 2 11 1 3 8 1 3 11 1 3 13 1 4 8 2 4 12 1 5 9 1 5 11 1 5 12 1 6 12 1 6 13 1 7 13 1
R 1906 42 63 6 641 3 4 5 1 0 2 1 3 2 0 1 4 2 4 5 0 1 3 1 2 3 4 2 5 5 4 3 0 2 3 1 0 3 1 0 2 2 0 1 0 3 4 0 1 2 3 4 5 0 4 5 2 3 5 0 1 3 5 4 2 4 5 1 | 14 20  0 6 1 0 9 1 0 10 1 1 7 1 1 9 1 1 10 1 2 7 1 2 10 1 2 11 1 3 8 1 3 11 1 3 13 1 4 8 2 4 12 1 5 9 1 5 12 1 5 13 1 6 11 1 6 12 1 7 13 1
R 1907 42 63 6 209 3 4 5 1 0 2 1 3 2 2 0 1 5 4 3 0 1 4 1 2 3 2 4 5 3 4 1 0 2 3 1 0 3 1 0 2 0 3 5 4 2 0 0 1 2 3 4 5 0 4 5 5 4 3 0 2 1 5 3 2 4 5 1 | 14 20  0 6 1 0 9 1 0 10 1 1 7 1 1 9 1 1 10 1 2 7 1 2 10 1 2 11 1 3 8 1 3 12 1 3 13 1 4 8 2 4 12 1 5 9 1 5 11 1 5 12 1 6 11 1 6 13 1 7 13 1
R 1908 42 63 6 164 3 4 5 1 0 2 1 3 2 5 1 2 3 0 4 0 1 4 1 2 3 2 4 5 4 0 2 0 2 3 1 0 3 1 0 2 3 4 1 5 0 3 0 1 2 3 4 5 0 4 5 3 0 4 1 5 2 5 3 2 4 5 1 | 14 20  0 6 1 0 9 1 0 10 1 1 7 1 1 9 1 1 10 1 2 7 1 2 10 1 2 11 1 3 8 1 3 12 1 3 13 1 4 8 2 4 12 1 5 9 1 5 11 1 5 13 1 6 11 1 6 12 1 7 13 1
R 1909 42 63 6 1603 3 4 5 1 0 2 1 3 2 1 0 2 3 5 4 0 1 4 1 2 3 4 2 5 4 5 2 0 2 3 1 0 3 1 0 2 0 4 3 3 1 0 0 1 2 3 4 5 0 4 5 3 5 4 0 1 2 5 3 2 4 5 1 | 14 20  0 6 1 0 9 1 0 10 1 1 7 1 1 9 1 1 10 1 2 7 1 2 10 1 2 11 1 3 8 1 3 12 1 3 13 1 4 8 2 4 12 1 5 9 1 5 11 1 5 13 1 6 11 1 6 13 1 7 12 1
R 1910 42 63 6 684 3 4 5 1 0 2 1 3 2 1 4 5 3 0 2 0 1 4 1 2 3 4 2 5 2 5 4 0 2 3 1 0 3 0 4 3 1 0 2 3 1 0 0 1 2 3 4 5 0 4 5 0 3 2 1 5 4 5 3 2 4 5 1 | 14 20  0 6 1 0 9 1 0 10 1 1 7 1 1 9 1 1 10 1 2 7 1 2 10 1 2 11 1 3 8 2 3 11 1 4 8 1 4 12 1 4 13 1 5 9 1 5 12 1 5 13 1 6 12 1 6 13 1 7 11 1
R 1911 42 63 6 243 3 4 5 1 0 2 1 3 2 2 0 3 1 4 5 0 4 1 1 2 3 2 4 5 5 4 3 0 2 3 1 0 3 4 0 3 1 0 2 2 1 0 0 1 2 3 4 5 0 4 5 1 5 4 0 2 3 5 2 3 4 5 1 | 14 20  0 6 1 0 9 1 0 10 1 1 7 1 1 9 1 1 10 1 2 7 1 2 10 1 2 11 1 3 8 1 3 12 1 3 13 1 4 8 2 4 12 1 5 9 1 5 11 1 5 13 1 6 12 1 6 13 1 7 11 1
R 1912 42 63 6 1313 3 4 5 1 0 2 0 2 5 1 4 5 3 0 2 0 1 4 1 2 3 5 2 4 0 5 4 0 2 3 4 1 2 3 0 1 2 1 5 3 1 0 0 1 2 3 4 5 1 3 4 2 3 0 1 5 4 5 3 2 4 5 0 | 14 20  0 6 1 0 9 1 0 11 1 1 7 1 1 9 1 1 10 1 2 7 1 2 10 1 2 11 1 3 8 2 3 10 1 4 8 1 4 11 1 4 13 1 5 9 1 5 12 1 5 13 1 6 12 1 6 13 1 7 12 1
R 1913 42 63 6 179 3 4 5 1 3 2 2 0 4 0 2 3 1 4 5 1 0 3 1 2 3 4 2 1 5 4 3 0 2 3 3 0 5 1 0 2 2 1 0 1 0 4 0 1 2 0 4 5 5 1 3 1 4 5 0 2 3 5 4 2 4 5 3 | 14 20  0 6 1 0 9 1 0 10 1 1 7 1 1 9 1 1 11 1 2 7 1 2 10 1 2 11 1 3 8 1 3 12 1 3 13 1 4 8 2 4 12 1 5 9 1 5 10 1 5 13 1 6 11 1 6 12 1 7 13 1
R 1914 42 63 6 691 3 4 5 1 0 2 3 2 4 3 5 4 0 1 5 0 1 2 1 2 3 4 2 5 2 4 5 0 2 3 0 1 3 0 2 5 3 0 1 4 3 0 0 1 2 3 4 5 0 1 5 0 1 2 3 4 2 5 4 3 4 5 1 | 14 20  0 6 1 0 9 1 0 10 1 1 7 1 1 9 1 1 13 1 2 7 2 2 10 1 3 8 1 3 11 1 3 12 1 4 8 1 4 12 1 4 13 1 5 9 1 5 10 1 5 11 1 6 11 1 6 12 1 8 13 1
R 1915 42 63 6 57 3 4 5 1 3 2 0 1 4 2 1 4 5 0 3 0 1 2 1 2 3 4 5 3 3 0 1 0 2 3 1 3 5 1 0 2 2 0 4 0 2 4 0 1 2 0 4 5 2 3 5 5 0 3 2 4 1 5 4 3 4 5 1 | 14 20  0 6 1 0 9 1 0 10 1 1 7 1 1 9 1 1 11 1 2 7 1 2 11 1 2 12 1 3 8 1 3 10 1 3 13 1 4 8 2 4 12 1 5 9 1 5 10 1 5 12 1 6 11 1 6 13 1 7 13 1
R 1916 42 63 6 86 3 4 5 1 3 2 0 1 4 2 0 3 5 1 4 1 0 2 1 2 3 4 5 3 5 3 0 0 2 3 1 0 4 1 0 2 2 3 1 0 2 4 0 1 2 0 4 5 2 3 5 1 4 5 2 0 3 5 3 4 4 5 1 | 14 20  0 6 1 0 9 1 0 10 1 1 7 1 1 9 1 1 11 1 2 7 1 2 11 1 2 12 1 3 8 2 3 10 1 4 8 1 4 12 1 4 13 1 5 9 1 5 10 1 5 12 1 6 11 1 6 13 1 7 13 1
R 1917 42 63 6 132 3 4 5 3 4 0 0 1 2 1 0 2 3 4 5 2 1 5 1 2 3 2 0 3 5 4 2 2 0 4 1 0 4 3 1 0 3 0 1 3 1 2 0 1 2 1 5 2 4 3 5 3 5 4 0 1 2 3 4 0 5 4 5 | 14 20  0 6 1 0 9 1 0 10 1 1 7 1 1 9 1 1 11 1 2 7 1 2 10 1 2 11 1 3 8 1 3 12 1 3 13 1 4 8 2 4 12 1 5 9 1 5 11 1 5 13 1 6 10 1 6 12 1 7 13 1
R 1918 42 63 6 169 3 4 5 3 4 0 0 1 2 0 1 2 3 4 5 1 2 5 1 2 3 2 0 3 5 4 2 2 0 4 1 0 4 3 1 2 0 3 1 3 1 0 0 1 2 1 5 2 4 3 5 3 4 5 0 1 2 3 0 4 5 4 5 | 14 20  0 6 1 0 9 1 0 10 1 1 7 1 1 9 1 1 13 1 2 7 1 2 10 1 2 12 1 3 8 1 3 11 1 3 13 1 4 8 2 4 12 1 5 9 1 5 11 1 5 12 1 6 10 1 6 13 1 7 11 1
R 1919 42 63 6 111 3 4 5 3 4 0 0 1 2 3 2 5 0 1 2 1 5 4 1 2 3 2 0 3 4 5 2 2 0 4 1 0 4 3 1 2 3 0 1 3 1 0 0 1 2 1 5 2 4 3 5 0 1 4 3 4 5 3 0 2 5 4 5 | 14 20  0 6 1 0 9 1 0 10 1 1 7 1 1 9 1 1 13 1 2 7 1 2 10 1 2 12 1 3 8 2 3 11 1 4 8 1 4 12 1 4 13 1 5 9 1 5 11 1 5 12 1 6 10 1 6 13 1 7 11 1
R 1920 42 63 6 96 3 4 5 1 3 2 0 2 4 2 0 1 5 3 4 0 1 3 1 2 3 4 2 1 4 3 1 0 2 3 1 0 2 4 0 1 2 0 5 0 3 5 0 1 2 0 4 5 5 3 1 5 3 4 0 2 1 5 2 4 4 5 3 | 14 20  0 6 1 0 9 1 0 13 1 1 7 1 1 9 1 1 10 1 2 7 1 2 10 1 2 13 1 3 8 1 3 11 1 3 13 1 4 8 2 4 12 1 5 9 1 5 11 1 5 12 1 6 10 1 6 11 1 7 12 1
R 1921 42 63 6 69 3 4 5 2 0 1 5 3 4 0 1 2 3 4 5 0 1 2 1 2 3 4 3 2 2 3 0 0 2 3 1 0 4 0 3 1 0 1 4 2 5 1 0 1 2 5 4 3 0 1 2 4 3 5 1 2 0 5 4 3 5 4 5 | 14 20  0 6 1 0 9 1 0 10 1 1 7 1 1 9 1 1 13 1 2 7 2 2 12 1 3 8 1 3 10 1 3 11 1 4 8 1 4 11 1 4 13 1 5 9 1 5 11 1 5 12 1 6 10 1 6 13 1 8 12 1
R 1922 42 63 6 486 3 4 5 1 0 2 1 3 5 1 0 2 3 4 0 4 1 2 1 2 3 2 5 0 3 2 0 0 2 3 1 0 4 3 1 0 4 1 5 3 2 4 0 1 2 3 4 5 4 2 0 4 5 3 1 2 5 5 3 0 5 4 1 | 14 20  0 6 1 0 9 1 0 10 1 1 7 1 1 9 1 1 11 1 2 7 1 2 11 1 2 12 1 3 8 2 3 10 1 4 8 1 4 12 1 4 13 1 5 9 1 5 12 1 5 13 1 6 10 1 6 11 1 7 13 1
R 1923 42 63 6 728 3 4 5 1 3 2 1 0 3 0 1 4 2 4 5 0 1 2 1 2 3 5 4 3 5 4 3 0 2 3 1 0 2 0 1 4 2 1 0 3 2 0 0 1 2 0 4 5 2 5 4 2 3 5 0 1 3 5 3 4 4 5 1 | 14 20  0 6 1 0 9 1 0 11 1 1 7 1 1 9 1 1 10 1 2 7 1 2 11 1 2 12 1 3 8 1 3 10 1 3 13 1 4 8 2 4 12 1 5 9 1 5 11 1 5 13 1 6 10 1 6 12 1 7 13 1
R 1924 42 63 6 53772 3 4 5 1 3 2 3 0 5 0 1 4 2 3 4 0 1 2 1 2 3 2 4 5 4 3 5 0 2 3 1 0 2 0 3 1 0 1 4 2 1 0 0 1 2 0 4 5 1 2 4 2 3 5 0 1 5 5 4 3 4 5 3 | 14 20  0 6 1 0 9 1 0 11 1 1 7 1 1 9 1 1 10 1 2 7 1 2 12 1 2 13 1 3 8 1 3 10 1 3 13 1 4 8 2 4 11 1 5 9 1 5 11 1 5 12 1 6 10 1 6 12 1 7 13 1
R 1925 42 63 6 472 3 4 5 1 3 2 1 0 5 0 1 4 2 3 4 0 1 2 1 2 3 2 4 5 4 3 5 0 2 3 1 0 2 4 0 1 3 0 1 0 2 3 0 1 2 0 4 5 3 2 4 2 3 5 0 1 5 5 3 4 4 5 1 | 14 20  0 6 1 0 9 1 0 12 1 1 7 1 1 9 1 1 10 1 2 7 1 2 11 1 2 12 1 3 8 1 3 10 1 3 13 1 4 8 2 4 12 1 5 9 1 5 11 1 5 13 1 6 10 1 6 11 1 7 13 1
R 1926 42 63 6 26774 3 4 5 1 3 2 0 5 2 0 1 4 2 4 5 0 1 3 1 2 3 2 5 4 5 4 3 0 2 3 1 0 2 1 0 4 1 0 5 0 1 2 0 1 2 0 4 5 1 3 4 2 3 5 0 1 3 5 2 4 4 5 3 | 14 20  0 6 1 0 9 1 0 12 1 1 7 1 1 9 1 1 10 1 2 7 1 2 12 1 2 13 1 3 8 1 3 10 1 3 13 1 4 8 2 4 11 1 5 9 1 5 11 1 5 12 1 6 10 1 6 11 1 7 13 1
R 1927 42 63 6 57 3 4 5 1 3 2 0 5 2 1 0 4 2 3 4 0 4 1 1 2 3 4 5 3 3 4 0 0 2 3 1 0 2 3 1 4 1 0 5 0 4 1 0 1 2 0 4 5 1 4 3 2 5 3 1 0 5 5 2 3 4 5 2 | 14 20  0 6 1 0 9 1 0 12 1 1 7 1 1 9 1 1 10 1 2 7 1 2 12 1 2 13 1 3 8 2 3 10 1 4 8 1 4 11 1 4 13 1 5 9 1 5 11 1 5 12 1 6 10 1 6 11 1 7 13 1
R 1928 42 63 6 133 3 4 5 1 3 2 0 4 5 1 0 2 3 2 5 0 1 4 1 2 3 2 4 3 5 2 4 0 2 3 1 0 2 1 0 4 3 0 1 3 1 0 0 1 2 0 4 5 1 3 2 3 5 4 0 1 4 5 3 2 4 5 5 | 14 20  0 6 1 0 9 1 0 11 1 1 7 1 1 9 1 1 10 1 2 7 1 2 11 1 2 12 1 3 8 1 3 11 1 3 13 1 4 8 2 4 12 1 5 9 1 5 10 1 5 13 1 6 10 1 6 12 1 7 13 1
R 1929 42 63 6 57 3 4 5 3 4 0 0 1 2 4 0 3 5 1 2 2 5 4 1 2 3 2 0 3 2 1 3 2 0 4 3 5 0 1 0 4 0 2 4 4 3 1 0 1 2 1 5 2 4 3 5 5 1 2 0 4 3 3 1 0 4 5 5 | 14 20  0 6 1 0 9 1 0 11 1 1 7 1 1 9 1 1 10 1 2 7 1 2 11 1 2 13 1 3 8 1 3 12 1 3 13 1 4 8 2 4 12 1 5 9 1 5 10 1 5 13 1 6 10 1 6 11 1 7 12 1
R 1930 42 63 6 489 3 4 5 0 1 2 2 0 1 1 0 4 5 2 4 3 5 0 1 2 3 5 2 1 4 2 0 4 1 0 0 2 3 0 1 5 3 5 2 1 3 4 0 1 2 3 5 4 4 3 5 5 3 2 1 3 0 2 4 1 4 5 0 | 14 20  0 6 1 0 10 1 0 11 1 1 7 1 1 9 1 1 10 1 2 7 1 2 9 1 2 10 1 3 8 1 3 11 1 3 13 1 4 8 2 4 12 1 5 9 1 5 11 1 5 12 1 6 12 1 6 13 1 7 13 1
R 1931 42 63 6 231 3 4 5 0 1 2 2 0 1 3 2 5 1 0 4 3 4 0 1 2 3 5 2 1 0 5 2 4 1 0 0 2 3 3 1 4 3 0 2 1 3 4 0 1 2 3 5 4 4 3 5 1 4 0 3 5 2 2 5 1 4 5 0 | 14 20  0 6 1 0 10 1 0 11 1 1 7 1 1 9 1 1 10 1 2 7 1 2 9 1 2 10 1 3 8 2 3 11 1 4 8 1 4 12 1 4 13 1 5 9 1 5 11 1 5 12 1 6 12 1 6 13 1 7 13 1
R 1932 42 63 6 257 3 4 5 3 1 2 0 4 1 0 1 2 4 5 2 0 4 1 1 2 3 2 0 3 2 5 0 4 1 2 4 0 3 1 0 4 3 1 5 0 4 2 0 1 2 4 0 5 5 3 2 4 3 5 1 3 0 5 2 3 5 4 1 | 14 20  0 6 1 0 10 1 0 11 1 1 7 1 1 9 1 1 10 1 2 7 1 2 9 1 2 10 1 3 8 1 3 11 1 3 13 1 4 8 2 4 12 1 5 9 1 5 12 1 5 13 1 6 11 1 6 12 1 7 13 1
R 1933 42 63 6 110 3 4 5 3 1 4 2 0 5 1 0 2 3 4 0 1 2 4 1 2 3 5 2 3 3 2 0 1 0 3 0 4 2 1 0 4 2 1 0 3 1 5 0 1 2 0 2 5 1 4 3 4 5 3 1 5 2 5 3 0 5 4 4 | 14 20  0 6 1 0 10 1 0 11 1 1 7 1 1 9 1 1 10 1 2 7 1 2 9 1 2 10 1 3 8 2 3 11 1 4 8 1 4 12 1 4 13 1 5 9 1 5 12 1 5 13 1 6 11 1 6 12 1 7 13 1
R 1934 42 63 6 137 3 4 5 3 2 4 2 0 1 3 0 2 1 4 5 0 1 2 1 2 3 1 4 5 5 4 2 0 2 3 0 2 3 1 0 4 1 0 3 1 3 0 0 1 2 0 1 5 3 5 4 1 4 5 0 3 2 4 3 5 5 4 2 | 14 20  0 6 1 0 10 1 0 11 1 1 7 1 1 9 1 1 10 1 2 7 1 2 9 1 2 10 1 3 8 1 3 12 1 3 13 1 4 8 2 4 12 1 5 9 1 5 11 1 5 12 1 6 11 1 6 13 1 7 13 1
R 1935 42 63 6 92 3 4 5 0 1 2 2 0 1 3 0 2 4 1 5 4 5 0 1 2 3 5 2 1 5 1 3 4 1 0 0 2 3 5 0 2 2 0 4 1 3 4 0 1 2 3 5 4 4 3 5 4 1 5 0 2 3 2 3 1 4 5 0 | 14 20  0 6 1 0 10 1 0 13 1 1 7 1 1 9 1 1 10 1 2 7 1 2 9 1 2 10 1 3 8 1 3 11 1 3 13 1 4 8 2 4 12 1 5 9 1 5 11 1 5 12 1 6 11 1 6 12 1 7 13 1
R 1936 42 63 6 178 3 4 5 0 1 2 2 0 1 2 0 4 5 1 3 4 3 5 1 2 3 5 2 1 3 1 4 4 1 0 0 2 3 2 3 5 3 0 5 2 1 4 0 1 2 3 5 4 4 3 5 5 1 3 0 2 4 2 1 0 4 5 0 | 14 20  0 6 1 0 10 1 0 12 1 1 7 1 1 9 1 1 10 1 2 7 1 2 9 1 2 10 1 3 8 1 3 12 1 3 13 1 4 8 2 4 12 1 5 9 1 5 11 1 5 13 1 6 11 1 6 13 1 7 11 1
R 1937 42 63 6 254 3 4 5 4 1 0 3 1 2 1 0 2 4 3 2 1 0 4 1 2 3 2 0 4 2 3 0 1 5 4 2 0 3 0 3 2 4 3 1 1 0 4 0 1 2 3 2 5 5 0 4 4 5 3 1 5 0 3 5 2 4 5 1 | 14 20  0 6 1 0 10 1 0 13 1 1 7 1 1 9 1 1 10 1 2 7 1 2 9 1 2 10 1 3 8 1 3 12 1 3 13 1 4 8 2 4 12 1 5 9 1 5 11 1 5 12 1 6 11 1 6 13 1 7 11 1
R 1938 42 63 6 928 3 4 5 0 1 2 2 0 1 0 1 5 2 4 5 4 3 0 1 2 3 5 2 1 5 4 3 4 1 0 0 2 3 2 3 5 2 1 0 0 1 4 0 1 2 3 5 4 4 3 5 2 4 3 0 1 3 2 1 5 4 5 0 | 14 20  0 6 1 0 10 1 0 13 1 1 7 1 1 9 1 1 10 1 2 7 1 2 9 1 2 10 1 3 8 1 3 12 1 3 13 1 4 8 2 4 12 1 5 9 1 5 11 1 5 13 1 6 11 1 6 12 1 7 11 1
R 1939 42 63 6 957 3 4 5 1 2 3 4 0 2 3 4 0 1 5 2 1 0 2 1 2 3 3 0 1 2 0 4 0 2 3 4 1 5 0 2 5 0 1 3 1 3 4 0 1 2 4 5 0 5 1 3 1 5 2 3 4 0 4 3 5 4 5 2 | 14 20  0 6 1 0 11 1 0 12 1 1 7 1 1 9 1 1 10 1 2 7 1 2 9 1 2 10 1 3 8 2 3 10 1 4 8 1 4 12 1 4 13 1 5 9 1 5 11 1 5 12 1 6 11 1 6 13 1 7 13 1
R 1940 42 63 6 202 3 4 5 2 1 4 4 0 3 5 2 1 0 4 2 3 0 1 1 2 3 5 4 1 0 1 2 0 1 2 2 3 4 4 0 2 1 0 4 3 0 5 0 1 2 0 3 5 2 5 1 3 4 0 5 3 1 4 5 2 5 4 3 | 14 20  0 6 1 0 11 1 0 12 1 1 7 1 1 9 1 1 10 1 2 7 1 2 9 1 2 10 1 3 8 2 3 10 1 4 8 1 4 12 1 4 13 1 5 9 1 5 11 1 5 13 1 6 12 1 6 13 1 7 11 1
R 1941 42 63 6 86 3 4 5 1 2 5 4 0 3 1 0 2 4 3 2 0 1 2 1 2 3 3 0 1 2 3 0 0 2 5 1 3 4 1 4 3 0 2 5 1 0 4 0 1 2 4 3 0 5 1 2 4 5 3 1 5 0 4 5 3 4 5 2 | 14 20  0 6 1 0 12 1 0 13 1 1 7 1 1 9 1 1 10 1 2 7 1 2 9 1 2 10 1 3 8 1 3 10 1 3 13 1 4 8 2 4 11 1 5 9 1 5 11 1 5 12 1 6 12 1 6 13 1 7 11 1
R 1942 42 63 6 484 3 4 5 2 3 5 0 4 1 4 2 3 1 0 2 4 1 2 1 2 3 1 0 3 1 3 2 4 0 3 2 4 5 3 4 1 0 2 5 1 0 4 0 1 2 4 1 0 5 2 3 0 5 1 4 5 3 5 0 3 4 5 2 | 14 20  0 6 1 0 12 1 0 13 1 1 7 1 1 9 1 1 10 1 2 7 1 2 9 1 2 10 1 3 8 2 3 10 1 4 8 1 4 11 1 4 13 1 5 9 1 5 11 1 5 12 1 6 12 1 6 13 1 7 11 1
R 1943 42 63 NOT6 A+B chi=-1 | 14 20  0 6 2 0 12 1 1 7 1 1 9 1 1 10 1 2 7 1 2 9 1 2 10 1 3 8 1 3 10 1 3 13 1 4 8 1 4 11 1 4 13 1 5 9 1 5 11 1 5 13 1 6 12 1 7 11 1 8 12 1
R 1944 42 63 6 82 3 4 5 1 3 0 0 3 2 0 1 4 2 3 4 2 1 5 1 2 3 2 0 1 3 4 1 3 4 5 1 2 0 0 2 5 0 1 3 2 0 4 0 1 2 4 2 5 5 1 4 2 5 3 0 5 1 0 4 3 4 5 3 | 14 20  0 6 1 0 11 1 0 12 1 1 7 1 1 9 1 1 10 1 2 7 1 2 9 1 2 10 1 3 8 2 3 10 1 4 8 1 4 12 1 4 13 1 5 9 1 5 12 1 5 13 1 6 11 1 6 13 1 7 11 1
R 1945 42 63 6 213 3 4 5 0 1 3 0 2 4 3 4 0 1 0 2 1 5 2 1 2 3 3 2 4 2 0 3 1 2 3 0 4 5 1 0 2 1 0 4 1 5 3 0 1 2 5 4 2 1 5 3 1 5 2 4 5 3 0 3 4 4 5 0 | 14 20  0 6 1 0 10 1 0 12 1 1 7 1 1 9 1 1 10 1 2 7 1 2 9 1 2 11 1 3 8 1 3 11 1 3 13 1 4 8 2 4 12 1 5 9 1 5 10 1 5 13 1 6 11 1 6 12 1 7 13 1
R 1946 42 63 6 127 3 4 5 0 1 2 3 2 5 0 1 4 3 2 5 0 4 1 1 2 3 5 2 0 5 2 4 4 1 2 0 2 3 3 0 5 1 0 3 0 3 4 0 1 2 3 5 4 4 0 1 3 5 2 0 1 4 3 5 2 4 5 1 | 14 20  0 6 1 0 10 1 0 12 1 1 7 1 1 9 1 1 10 1 2 7 1 2 9 1 2 11 1 3 8 1 3 12 1 3 13 1 4 8 2 4 12 1 5 9 1 5 10 1 5 11 1 6 11 1 6 13 1 7 13 1
R 1947 42 63 6 201 3 4 5 2 5 4 1 5 3 3 4 0 1 0 2 0 1 2 1 2 3 0 1 2 2 0 3 5 3 2 1 3 4 2 0 4 1 0 4 1 3 0 0 1 2 3 1 0 4 0 2 1 5 2 4 5 3 4 5 3 5 4 5 | 14 20  0 6 1 0 11 1 0 12 1 1 7 1 1 9 1 1 10 1 2 7 1 2 9 1 2 10 1 3 8 1 3 11 1 3 13 1 4 8 2 4 12 1 5 9 1 5 10 1 5 11 1 6 12 1 6 13 1 7 13 1
R 1948 42 63 NOT6 A+B chi=-1 | 14 20  0 6 2 0 12 1 1 7 1 1 9 1 1 10 1 2 7 1 2 9 1 2 10 1 3 8 1 3 11 1 3 13 1 4 8 1 4 11 1 4 13 1 5 9 1 5 10 1 5 11 1 6 12 1 7 13 1 8 12 1
R 1949 42 63 6 189 3 4 5 2 5 1 1 3 4 1 0 2 4 2 5 0 3 4 1 2 3 0 1 2 5 2 3 3 4 5 2 3 1 0 2 5 1 0 4 1 3 0 0 1 2 3 0 4 5 2 0 4 3 5 0 1 3 1 5 2 4 5 4 | 14 20  0 6 1 0 11 1 0 12 1 1 7 1 1 9 1 1 10 1 2 7 1 2 9 1 2 10 1 3 8 1 3 11 1 3 13 1 4 8 2 4 12 1 5 9 1 5 10 1 5 13 1 6 11 1 6 12 1 7 13 1
R 1950 42 63 6 15240 3 4 5 1 4 2 3 0 5 1 0 2 3 4 5 0 1 2 1 2 3 2 0 1 5 4 1 0 4 2 3 1 4 0 2 3 3 0 2 3 0 1 0 1 2 3 5 0 4 1 2 3 5 4 0 2 1 3 5 4 4 5 5 | 14 20  0 6 1 0 11 1 0 13 1 1 7 1 1 9 1 1 10 1 2 7 1 2 9 1 2 10 1 3 8 1 3 12 1 3 13 1 4 8 2 4 12 1 5 9 1 5 10 1 5 11 1 6 12 1 6 13 1 7 11 1
R 1951 42 63 6 327 3 4 5 0 1 2 0 2 1 5 0 4 3 1 2 5 3 4 1 2 3 5 2 1 2 1 4 3 4 0 0 2 3 0 5 2 3 1 5 1 3 4 0 1 2 3 5 4 4 5 3 3 1 2 0 5 4 2 1 0 4 5 0 | 14 20  0 6 1 0 10 1 0 12 1 1 7 1 1 9 1 1 10 1 2 7 1 2 10 1 2 11 1 3 8 1 3 9 1 3 13 1 4 8 2 4 12 1 5 9 1 5 11 1 5 12 1 6 11 1 6 13 1 7 13 1
R 1952 42 63 6 103 3 4 5 0 1 2 0 2 1 3 2 5 1 0 4 3 0 5 1 2 3 5 2 1 0 5 2 3 1 4 0 2 3 0 5 2 0 1 3 1 3 4 0 1 2 3 5 4 4 5 3 1 4 0 3 5 2 2 1 4 4 5 0 | 14 20  0 6 1 0 10 1 0 12 1 1 7 1 1 9 1 1 10 1 2 7 1 2 10 1 2 11 1 3 8 2 3 9 1 4 8 1 4 12 1 4 13 1 5 9 1 5 11 1 5 12 1 6 11 1 6 13 1 7 13 1
R 1953 42 63 6 62 3 4 5 3 0 4 0 4 1 1 0 2 4 3 2 0 5 2 1 2 3 2 4 3 2 3 0 0 1 3 2 1 4 4 2 5 3 5 0 1 0 4 0 1 2 1 2 5 5 3 2 4 5 3 1 5 0 4 3 1 4 5 0 | 14 20  0 6 1 0 11 1 0 13 1 1 7 1 1 9 1 1 10 1 2 7 1 2 10 1 2 12 1 3 8 1 3 9 1 3 13 1 4 8 2 4 10 1 5 9 1 5 11 1 5 12 1 6 12 1 6 13 1 7 11 1
R 1954 42 63 6 80 3 4 5 3 4 2 0 1 2 0 1 4 5 3 4 1 2 0 1 2 3 2 0 3 4 3 2 1 4 3 0 2 3 1 0 4 0 4 1 0 2 1 0 1 2 1 0 5 4 3 5 5 2 3 0 1 2 5 4 3 5 4 5 | 14 20  0 6 1 0 10 1 0 11 1 1 7 1 1 9 1 1 10 1 2 7 1 2 11 1 2 12 1 3 8 1 3 9 1 3 13 1 4 8 2 4 12 1 5 9 1 5 10 1 5 12 1 6 11 1 6 13 1 7 13 1
R 1955 42 63 6 269 3 4 5 3 4 2 0 1 2 0 2 4 5 1 4 1 5 0 1 2 3 2 0 3 5 4 2 1 4 3 0 2 3 1 0 4 0 4 1 0 2 1 0 1 2 1 0 5 4 3 5 1 3 5 0 2 3 2 4 3 5 4 5 | 14 20  0 6 1 0 10 1 0 11 1 1 7 1 1 9 1 1 10 1 2 7 1 2 11 1 2 12 1 3 8 2 3 9 1 4 8 1 4 12 1 4 13 1 5 9 1 5 10 1 5 12 1 6 11 1 6 13 1 7 13 1
R 1956 42 63 6 148 3 4 5 2 1 4 4 5 3 3 4 0 1 0 2 1 2 0 1 2 3 3 5 2 2 0 3 1 0 4 0 2 3 1 0 4 1 0 5 2 1 3 0 1 2 0 3 5 1 2 0 1 2 5 4 5 3 5 4 3 5 4 4 | 14 20  0 6 1 0 10 1 0 11 1 1 7 1 1 9 1 1 10 1 2 7 1 2 12 1 2 13 1 3 8 1 3 9 1 3 13 1 4 8 2 4 11 1 5 9 1 5 10 1 5 12 1 6 11 1 6 12 1 7 13 1
R 1957 42 63 6 399 3 4 5 1 3 2 0 1 2 3 0 1 2 4 5 5 4 0 1 2 3 2 5 3 5 4 3 0 3 2 0 2 4 1 0 5 1 0 4 3 0 2 0 1 2 0 4 5 4 3 5 2 5 4 0 1 3 1 3 2 4 5 1 | 14 20  0 6 1 0 10 1 0 12 1 1 7 1 1 9 1 1 10 1 2 7 1 2 12 1 2 13 1 3 8 1 3 9 1 3 13 1 4 8 2 4 11 1 5 9 1 5 10 1 5 11 1 6 11 1 6 12 1 7 13 1
R 1958 42 63 6 639 3 4 5 1 3 2 0 1 2 3 4 5 2 0 1 0 4 5 1 2 3 2 5 3 1 5 4 0 5 3 0 2 4 3 0 2 1 0 4 3 0 2 0 1 2 0 4 5 4 3 5 0 2 1 3 5 4 2 3 1 4 5 1 | 14 20  0 6 1 0 10 1 0 12 1 1 7 1 1 9 1 1 10 1 2 7 1 2 12 1 2 13 1 3 8 2 3 9 1 4 8 1 4 11 1 4 13 1 5 9 1 5 10 1 5 11 1 6 11 1 6 12 1 7 13 1
R 1959 42 63 6 451 3 4 5 1 3 5 0 4 2 1 0 2 4 3 5 3 0 2 1 2 3 2 0 1 5 3 2 3 2 4 1 0 5 0 3 4 0 2 5 1 0 4 0 1 2 4 0 2 5 3 1 4 5 3 0 1 2 1 4 5 4 5 3 | 14 20  0 6 1 0 12 1 0 13 1 1 7 1 1 9 1 1 10 1 2 7 1 2 10 1 2 11 1 3 8 1 3 9 1 3 13 1 4 8 2 4 11 1 5 9 1 5 10 1 5 11 1 6 12 1 6 13 1 7 12 1
R 1960 42 63 NOT6 A+B chi=-1 | 14 20  0 6 2 0 12 1 1 7 1 1 9 1 1 10 1 2 7 1 2 10 1 2 11 1 3 8 1 3 9 1 3 13 1 4 8 1 4 11 1 4 13 1 5 9 1 5 10 1 5 11 1 6 12 1 7 13 1 8 12 1
R 1961 42 63 6 2330 3 4 5 0 3 2 0 1 2 1 0 4 5 2 3 5 1 4 1 2 3 2 1 3 3 2 4 5 4 0 1 0 3 0 2 5 1 3 5 1 2 4 0 1 2 5 1 4 4 5 3 5 2 3 0 1 4 3 2 0 4 5 0 | 14 20  0 6 1 0 11 1 0 12 1 1 7 1 1 9 1 1 10 1 2 7 1 2 10 1 2 11 1 3 8 1 3 9 1 3 13 1 4 8 2 4 12 1 5 9 1 5 10 1 5 12 1 6 11 1 6 13 1 7 13 1
R 1962 42 63 6 57 3 4 5 0 3 2 0 1 2 5 1 3 2 0 4 5 0 1 1 2 3 2 1 3 0 3 1 5 4 2 1 0 3 0 2 5 0 3 5 1 2 4 0 1 2 5 1 4 4 5 3 2 4 0 5 1 3 3 2 4 4 5 0 | 14 20  0 6 1 0 11 1 0 12 1 1 7 1 1 9 1 1 10 1 2 7 1 2 10 1 2 11 1 3 8 2 3 9 1 4 8 1 4 12 1 4 13 1 5 9 1 5 10 1 5 12 1 6 11 1 6 13 1 7 13 1
R 1963 42 63 6 82 3 4 5 2 0 1 3 1 5 3 4 5 0 1 2 0 1 2 1 2 3 5 1 4 2 5 3 0 3 2 0 3 1 0 2 5 1 0 4 3 2 0 0 1 2 3 5 4 0 2 4 0 1 2 4 3 5 4 5 3 4 5 1 | 14 20  0 6 1 0 11 1 0 12 1 1 7 1 1 9 1 1 13 1 2 7 2 2 10 1 3 8 1 3 9 1 3 10 1 4 8 1 4 12 1 4 13 1 5 9 1 5 10 1 5 11 1 6 11 1 6 12 1 8 13 1
R 1964 42 63 6 569 3 4 5 1 0 2 4 3 2 3 0 4 1 4 0 0 2 5 1 2 3 2 3 0 5 4 3 0 3 1 1 4 2 4 2 5 3 2 0 1 0 4 0 1 2 4 5 3 1 5 0 1 2 5 2 3 5 4 3 1 4 5 0 | 14 20  0 6 1 0 11 1 0 13 1 1 7 1 1 9 1 1 13 1 2 7 2 2 10 1 3 8 1 3 9 1 3 10 1 4 8 1 4 11 1 4 12 1 5 9 1 5 10 1 5 12 1 6 12 1 6 13 1 8 11 1
R 1965 42 63 6 112 3 4 5 0 1 4 3 4 2 4 2 3 0 4 2 5 1 0 1 2 3 2 4 0 1 3 2 2 3 0 1 3 4 2 0 5 1 0 4 3 0 5 0 1 2 3 5 2 1 5 0 0 1 5 5 3 1 4 2 3 5 4 4 | 14 20  0 6 1 0 11 1 0 12 1 1 7 1 1 9 1 1 13 1 2 7 2 2 10 1 3 8 1 3 9 1 3 10 1 4 8 1 4 12 1 4 13 1 5 9 1 5 10 1 5 11 1 6 12 1 6 13 1 8 11 1
R 1966 42 63 6 108 3 4 5 0 1 2 3 4 5 5 0 1 3 1 2 2 5 0 1 2 3 2 3 0 2 1 5 3 1 0 0 2 5 0 3 4 1 0 4 3 1 2 0 1 2 4 5 3 1 2 0 3 2 4 0 4 5 4 1 3 4 5 5 | 14 20  0 6 1 0 10 1 0 11 1 1 7 1 1 9 1 1 10 1 2 7 1 2 12 1 2 13 1 3 8 1 3 9 1 3 13 1 4 8 2 4 11 1 5 9 1 5 11 1 5 12 1 6 10 1 6 12 1 7 13 1
R 1967 42 63 6 698 3 4 5 1 0 2 1 3 2 1 0 5 2 3 5 0 1 4 1 2 3 2 3 0 5 3 4 0 2 5 1 0 3 4 5 2 0 2 1 3 1 0 0 1 2 4 3 5 5 4 0 2 3 4 0 1 4 3 5 2 4 5 1 | 14 20  0 6 1 0 9 1 0 10 1 1 7 1 1 9 1 1 10 1 2 7 1 2 10 1 2 11 1 3 8 1 3 12 1 3 13 1 4 8 2 4 12 1 5 11 1 5 12 1 5 13 1 6 9 1 6 13 1 7 11 1
R 1968 42 63 6 1587 3 4 5 1 0 2 4 2 5 5 1 0 0 3 4 3 1 2 1 2 3 5 2 3 2 3 5 0 2 5 1 0 4 2 1 4 3 4 1 1 3 0 0 1 2 4 3 5 0 1 3 4 3 2 1 5 2 5 0 4 4 5 0 | 14 20  0 6 1 0 9 1 0 10 1 1 7 1 1 9 1 1 13 1 2 7 2 2 10 1 3 8 1 3 11 1 3 12 1 4 8 1 4 12 1 4 13 1 5 11 1 5 12 1 5 13 1 6 9 1 6 10 1 8 11 1
R 1969 42 63 6 86 3 4 5 1 0 2 3 4 5 1 0 2 3 4 0 2 1 5 1 2 3 2 3 1 3 2 0 0 2 5 1 0 4 1 3 4 1 4 0 2 0 3 0 1 2 4 3 5 0 2 1 4 5 3 1 2 5 0 3 4 4 5 5 | 14 20  0 6 1 0 9 1 0 10 1 1 7 1 1 9 1 1 11 1 2 7 1 2 11 1 2 13 1 3 8 2 3 10 1 4 8 1 4 12 1 4 13 1 5 11 1 5 12 1 5 13 1 6 9 1 6 10 1 7 12 1
R 1970 42 63 6 173 3 4 5 1 0 2 4 3 0 1 0 2 3 4 5 0 1 2 1 2 3 2 3 5 3 2 0 0 2 5 1 0 4 3 1 4 2 4 1 1 3 0 0 1 2 4 3 5 1 2 5 4 5 3 1 0 2 5 3 4 4 5 0 | 14 20  0 6 1 0 9 1 0 10 1 1 7 1 1 9 1 1 13 1 2 7 1 2 11 1 2 12 1 3 8 2 3 10 1 4 8 1 4 12 1 4 13 1 5 11 1 5 12 1 5 13 1 6 9 1 6 10 1 7 11 1
R 1971 42 63 6 4175 3 4 5 1 0 2 0 3 4 3 4 5 1 2 5 1 2 0 1 2 3 4 2 5 5 2 4 0 2 5 0 1 3 1 3 2 0 1 3 1 3 4 0 1 2 3 4 5 1 5 2 1 0 2 0 3 4 3 4 5 4 5 0 | 14 20  0 6 1 0 9 1 0 10 1 1 7 1 1 10 1 1 11 1 2 7 1 2 10 1 2 12 1 3 8 1 3 11 1 3 13 1 4 8 2 4 12 1 5 9 1 5 11 1 5 12 1 6 9 1 6 13 1 7 13 1
R 1972 42 63 6 65 3 4 5 1 3 2 0 1 2 1 3 4 5 0 4 1 2 0 1 2 3 2 0 3 4 0 2 0 2 5 0 1 3 3 2 5 1 4 3 0 4 1 0 1 2 5 4 0 4 5 3 5 0 2 1 3 2 3 4 5 4 5 1 | 14 20  0 6 1 0 9 1 0 10 1 1 7 1 1 10 1 1 12 1 2 7 1 2 10 1 2 13 1 3 8 1 3 11 1 3 13 1 4 8 2 4 12 1 5 9 1 5 11 1 5 12 1 6 9 1 6 13 1 7 11 1
R 1973 42 63 6 223 3 4 5 1 3 2 0 1 4 3 2 1 4 0 5 1 2 0 1 2 3 2 0 4 0 1 2 0 2 5 0 1 3 3 5 2 1 4 3 3 0 4 0 1 2 5 4 0 3 5 2 4 5 0 3 2 1 3 4 5 4 5 1 | 14 20  0 6 1 0 9 1 0 10 1 1 7 1 1 10 1 1 12 1 2 7 1 2 10 1 2 13 1 3 8 2 3 11 1 4 8 1 4 12 1 4 13 1 5 9 1 5 11 1 5 12 1 6 9 1 6 13 1 7 11 1
R 1974 42 63 6 1399 3 4 5 0 1 2 0 4 3 1 0 5 2 4 5 1 2 4 1 2 3 2 4 5 5 4 3 0 2 5 1 0 3 4 3 1 0 1 2 4 2 1 0 1 2 3 4 5 1 2 5 2 4 3 0 1 3 3 5 0 4 5 0 | 14 20  0 6 1 0 9 1 0 10 1 1 7 1 1 10 1 1 11 1 2 7 1 2 11 1 2 12 1 3 8 1 3 12 1 3 13 1 4 8 2 4 12 1 5 9 1 5 10 1 5 11 1 6 9 1 6 13 1 7 13 1
R 1975 42 63 6 880 3 4 5 0 1 2 0 4 3 5 0 1 2 3 4 1 2 4 1 2 3 2 4 1 4 3 1 0 2 5 1 0 3 4 3 1 2 4 0 2 5 3 0 1 2 3 4 5 5 2 1 2 3 4 0 5 1 3 5 0 4 5 0 | 14 20  0 6 1 0 9 1 0 10 1 1 7 1 1 10 1 1 11 1 2 7 1 2 11 1 2 13 1 3 8 1 3 12 1 3 13 1 4 8 2 4 12 1 5 9 1 5 10 1 5 11 1 6 9 1 6 12 1 7 13 1
R 1976 42 63 6 82 3 4 5 1 0 2 3 4 0 0 2 1 0 3 5 1 2 4 1 2 3 4 2 0 4 5 2 0 2 5 1 0 3 4 1 3 3 0 1 2 3 1 0 1 2 3 5 4 1 2 5 3 5 4 1 2 4 3 5 0 4 5 0 | 14 20  0 6 1 0 9 1 0 10 1 1 7 2 1 10 1 2 7 1 2 11 1 2 13 1 3 8 1 3 11 1 3 12 1 4 8 1 4 12 1 4 13 1 5 9 1 5 10 1 5 11 1 6 9 1 6 12 1 8 13 1
R 1977 42 63 6 1278 3 4 5 1 0 2 3 4 5 0 5 1 0 2 3 1 2 4 1 2 3 4 2 0 3 1 4 0 2 5 1 0 3 2 1 4 2 3 5 1 3 5 0 1 2 3 5 4 1 0 2 2 3 4 5 1 4 3 5 0 4 5 0 | 14 20  0 6 1 0 9 1 0 10 1 1 7 2 1 10 1 2 7 1 2 11 1 2 13 1 3 8 1 3 11 1 3 12 1 4 8 1 4 12 1 4 13 1 5 9 1 5 10 1 5 12 1 6 9 1 6 11 1 8 13 1
R 1978 42 63 6 1865 3 4 5 0 1 2 0 5 1 2 3 0 4 0 5 1 2 4 1 2 3 2 5 1 5 0 1 0 2 5 1 0 3 3 4 1 4 3 2 0 4 2 0 1 2 3 4 5 4 2 3 4 5 1 2 3 1 3 5 0 4 5 0 | 14 20  0 6 1 0 9 1 0 10 1 1 7 1 1 10 1 1 13 1 2 7 1 2 11 1 2 13 1 3 8 1 3 12 1 3 13 1 4 8 2 4 12 1 5 9 1 5 10 1 5 11 1 6 9 1 6 11 1 7 12 1
R 1979 42 63 6 1239 3 4 5 0 2 5 3 1 5 0 1 3 2 4 0 1 2 4 1 2 3 5 1 2 3 4 5 0 2 5 1 0 3 3 4 1 4 2 1 0 3 2 0 1 2 3 4 1 0 4 2 2 5 4 1 3 5 3 5 0 4 5 0 | 14 20  0 6 1 0 9 1 0 10 1 1 7 1 1 10 1 1 13 1 2 7 2 2 11 1 3 8 1 3 12 1 3 13 1 4 8 1 4 12 1 4 13 1 5 9 1 5 10 1 5 11 1 6 9 1 6 11 1 8 12 1
R 1980 42 63 6 144 3 4 5 0 1 2 3 1 0 3 0 1 2 4 5 1 2 4 1 2 3 4 5 0 2 1 0 0 2 5 1 0 3 3 4 1 4 2 3 3 0 2 0 1 2 3 4 5 2 5 4 4 5 2 3 0 1 3 5 0 4 5 1 | 14 20  0 6 1 0 9 1 0 10 1 1 7 1 1 10 1 1 13 1 2 7 1 2 12 1 2 13 1 3 8 2 3 11 1 4 8 1 4 12 1 4 13 1 5 9 1 5 10 1 5 11 1 6 9 1 6 11 1 7 12 1
R 1981 42 63 6 124 3 4 5 0 5 2 1 0 3 3 2 5 4 0 1 1 2 4 1 2 3 2 1 4 1 5 2 0 2 5 1 0 3 4 5 3 2 1 3 3 0 4 0 1 2 3 4 1 5 2 4 0 4 1 3 5 2 3 5 0 4 5 0 | 14 20  0 6 1 0 9 1 0 10 1 1 7 1 1 10 1 1 13 1 2 7 1 2 11 1 2 12 1 3 8 2 3 11 1 4 8 1 4 12 1 4 13 1 5 9 1 5 10 1 5 12 1 6 9 1 6 13 1 7 11 1
R 1982 42 63 6 910 3 4 5 0 1 2 0 4 3 1 0 5 2 3 5 1 2 4 1 2 3 3 5 1 5 3 4 0 2 5 1 0 4 4 3 2 2 0 1 1 2 3 0 1 2 4 3 5 2 1 5 2 3 4 0 1 4 3 0 5 4 5 0 | 14 20  0 6 1 0 9 1 0 10 1 1 7 1 1 10 1 1 11 1 2 7 1 2 11 1 2 13 1 3 8 1 3 12 1 3 13 1 4 8 2 4 12 1 5 9 1 5 11 1 5 12 1 6 9 1 6 10 1 7 13 1
R 1983 42 63 6 344 3 4 5 0 1 2 0 5 3 2 0 4 1 3 5 1 2 4 1 2 3 3 5 1 5 3 4 0 2 5 1 0 4 4 3 2 1 3 2 2 0 1 0 1 2 4 3 5 2 1 4 1 5 3 0 2 4 3 0 5 4 5 0 | 14 20  0 6 1 0 9 1 0 10 1 1 7 1 1 10 1 1 11 1 2 7 1 2 11 1 2 13 1 3 8 1 3 12 1 3 13 1 4 8 2 4 12 1 5 9 1 5 11 1 5 13 1 6 9 1 6 10 1 7 12 1
R 1984 42 63 6 59 3 4 5 0 1 2 1 3 5 3 0 1 2 5 4 1 2 0 1 2 3 2 3 5 4 1 0 0 2 5 1 0 4 3 0 2 0 3 5 2 1 3 0 1 2 4 3 5 0 2 4 2 5 4 3 1 0 3 4 5 4 5 1 | 14 20  0 6 1 0 9 1 0 10 1 1 7 1 1 10 1 1 11 1 2 7 1 2 12 1 2 13 1 3 8 2 3 11 1 4 8 1 4 12 1 4 13 1 5 9 1 5 12 1 5 13 1 6 9 1 6 10 1 7 11 1
R 1985 42 63 6 552 3 4 5 0 1 2 4 0 5 1 0 3 4 2 3 1 2 4 1 2 3 2 3 5 3 2 1 0 2 5 1 0 4 2 1 4 4 3 0 4 3 1 0 1 2 4 3 5 1 3 2 4 5 2 0 5 1 3 5 0 4 5 0 | 14 20  0 6 1 0 9 1 0 10 1 1 7 1 1 10 1 1 13 1 2 7 1 2 11 1 2 12 1 3 8 1 3 11 1 3 13 1 4 8 2 4 12 1 5 9 1 5 12 1 5 13 1 6 9 1 6 10 1 7 11 1
R 1986 42 63 6 1037 3 4 5 0 1 2 5 0 4 1 2 3 5 0 3 1 2 4 1 2 3 3 5 2 5 3 2 0 2 5 1 0 4 1 3 4 1 2 0 4 3 1 0 1 2 4 3 5 1 2 3 0 4 5 1 4 2 3 5 0 4 5 0 | 14 20  0 6 1 0 9 1 0 10 1 1 7 1 1 10 1 1 13 1 2 7 1 2 11 1 2 12 1 3 8 2 3 11 1 4 8 1 4 12 1 4 13 1 5 9 1 5 12 1 5 13 1 6 9 1 6 10 1 7 11 1
R 1987 42 63 6 65 3 4 5 0 1 2 4 3 5 3 1 2 5 0 4 1 2 0 1 2 3 2 3 0 4 0 2 0 2 5 1 0 4 3 1 2 4 3 1 0 1 3 0 1 2 4 3 5 1 0 2 5 0 4 1 3 2 3 4 5 4 5 5 | 14 20  0 6 1 0 9 1 0 10 1 1 7 1 1 10 1 1 12 1 2 7 1 2 11 1 2 13 1 3 8 1 3 12 1 3 13 1 4 8 2 4 12 1 5 9 1 5 11 1 5 13 1 6 9 1 6 10 1 7 11 1
R 1988 42 63 6 117 3 4 5 0 1 2 1 4 5 1 0 3 4 2 5 1 2 4 1 2 3 2 3 5 5 2 3 0 2 5 1 0 4 2 4 0 0 1 4 4 3 1 0 1 2 4 3 5 0 3 2 4 5 2 0 1 3 3 5 0 4 5 1 | 14 20  0 6 1 0 9 1 0 10 1 1 7 1 1 10 1 1 13 1 2 7 1 2 11 1 2 12 1 3 8 1 3 12 1 3 13 1 4 8 2 4 12 1 5 9 1 5 11 1 5 13 1 6 9 1 6 10 1 7 11 1
R 1989 42 63 6 175 3 4 5 0 1 2 3 4 5 4 5 2 3 0 1 1 2 0 1 2 3 2 3 0 1 0 4 0 2 5 1 0 4 3 1 2 2 1 3 0 4 3 0 1 2 4 3 5 1 0 2 3 0 1 2 5 4 3 4 5 4 5 5 | 14 20  0 6 1 0 9 1 0 10 1 1 7 1 1 10 1 1 13 1 2 7 1 2 12 1 2 13 1 3 8 1 3 11 1 3 13 1 4 8 2 4 12 1 5 9 1 5 11 1 5 12 1 6 9 1 6 10 1 7 11 1
R 1990 42 63 6 67 3 4 5 1 0 2 3 4 0 5 0 2 3 0 1 1 2 4 1 2 3 3 2 0 1 2 4 0 2 5 1 0 4 1 5 3 4 3 0 2 1 3 0 1 2 4 5 3 1 2 5 3 4 1 5 2 4 3 5 0 4 5 0 | 14 20  0 6 1 0 9 1 0 10 1 1 7 2 1 10 1 2 7 1 2 11 1 2 13 1 3 8 1 3 11 1 3 12 1 4 8 1 4 12 1 4 13 1 5 9 1 5 12 1 5 13 1 6 9 1 6 10 1 8 11 1
R 1991 42 63 6 90 3 4 5 1 0 2 3 4 0 1 2 4 3 1 5 1 2 0 1 2 3 3 2 0 0 4 5 0 2 5 1 0 4 0 3 2 1 4 3 2 1 3 0 1 2 4 5 3 1 2 5 3 5 0 2 4 0 3 5 4 4 5 1 | 14 20  0 6 1 0 9 1 0 10 1 1 7 2 1 10 1 2 7 1 2 12 1 2 13 1 3 8 1 3 11 1 3 12 1 4 8 1 4 11 1 4 13 1 5 9 1 5 12 1 5 13 1 6 9 1 6 10 1 8 11 1
R 1992 42 63 6 83 3 4 5 1 0 2 3 4 0 0 4 5 2 3 1 1 2 0 1 2 3 3 2 0 1 2 4 0 2 5 1 0 4 4 1 3 3 1 5 3 2 0 0 1 2 4 5 3 1 2 5 3 2 1 5 0 4 3 5 4 4 5 0 | 14 20  0 6 1 0 9 1 0 10 1 1 7 2 1 10 1 2 7 1 2 11 1 2 13 1 3 8 1 3 12 1 3 13 1 4 8 1 4 12 1 4 13 1 5 9 1 5 11 1 5 12 1 6 9 1 6 10 1 8 11 1
R 1993 42 63 6 127 3 4 5 2 4 5 1 3 0 0 3 4 2 1 4 2 1 0 1 2 3 0 1 2 4 1 3 0 2 5 3 0 1 4 1 3 2 0 5 2 0 3 0 1 2 3 0 1 5 2 4 2 5 1 0 5 3 3 4 5 4 5 4 | 14 20  0 6 1 0 9 1 0 10 1 1 7 1 1 11 1 1 12 1 2 7 1 2 11 1 2 12 1 3 8 1 3 11 1 3 13 1 4 8 2 4 12 1 5 9 1 5 10 1 5 13 1 6 9 1 6 10 1 7 13 1
R 1994 42 63 6 148 3 4 5 3 0 4 1 3 2 2 0 1 4 3 5 2 1 0 1 2 3 4 1 0 5 3 1 0 2 5 3 0 1 0 2 3 0 4 2 1 2 4 0 1 2 2 1 5 5 4 0 4 5 3 0 2 1 3 4 5 4 5 3 | 14 20  0 6 1 0 9 1 0 10 1 1 7 1 1 11 1 1 13 1 2 7 1 2 11 1 2 13 1 3 8 1 3 12 1 3 13 1 4 8 2 4 12 1 5 9 1 5 10 1 5 11 1 6 9 1 6 10 1 7 12 1
R 1995 42 63 6 492 3 4 5 3 0 4 2 0 1 1 0 2 3 4 5 2 1 0 1 2 3 1 4 3 5 4 2 0 2 5 3 0 1 0 2 3 3 1 0 4 2 1 0 1 2 2 1 5 5 4 3 3 4 5 0 1 2 3 4 5 4 5 0 | 14 20  0 6 1 0 9 1 0 10 1 1 7 1 1 11 1 1 12 1 2 7 1 2 12 1 2 13 1 3 8 1 3 11 1 3 13 1 4 8 2 4 12 1 5 9 1 5 10 1 5 11 1 6 9 1 6 10 1 7 13 1
R 1996 42 63 6 141 3 4 5 0 2 4 5 1 3 3 0 4 2 1 5 2 1 0 1 2 3 4 5 0 5 1 4 0 2 5 3 0 1 1 2 4 0 2 3 0 1 2 0 1 2 1 5 3 2 0 4 2 1 5 0 3 4 3 4 5 4 5 3 | 14 20  0 6 1 0 9 1 0 10 1 1 7 1 1 11 1 1 13 1 2 7 1 2 11 1 2 13 1 3 8 1 3 12 1 3 13 1 4 8 2 4 12 1 5 9 1 5 10 1 5 12 1 6 9 1 6 10 1 7 11 1
R 1997 42 63 6 109 3 4 5 2 0 1 0 3 4 5 0 4 3 1 2 2 1 0 1 2 3 1 3 5 2 4 0 0 2 5 3 0 1 3 4 1 2 4 1 0 2 3 0 1 2 4 5 3 2 5 1 1 3 2 5 0 4 3 4 5 4 5 0 | 14 20  0 6 1 0 9 1 0 10 1 1 7 1 1 11 1 1 12 1 2 7 1 2 12 1 2 13 1 3 8 2 3 11 1 4 8 1 4 12 1 4 13 1 5 9 1 5 10 1 5 13 1 6 9 1 6 10 1 7 11 1
R 1998 42 63 6 66 3 4 5 1 5 2 0 3 1 2 0 1 3 4 5 5 2 0 1 2 3 2 0 1 5 1 0 0 2 3 1 3 4 3 2 0 2 1 4 0 5 3 0 1 2 3 4 0 4 5 2 3 4 5 2 0 1 1 3 4 4 5 5 | 14 20  0 6 1 0 9 1 0 10 1 1 7 1 1 9 1 1 10 1 2 7 1 2 11 1 2 13 1 3 8 2 3 10 1 4 8 1 4 12 1 4 13 1 5 11 1 5 12 1 5 13 1 6 11 1 6 12 1 7 9 1
R 1999 42 63 6 224 3 4 5 1 5 2 0 3 2 3 0 1 2 5 0 4 5 1 1 2 3 2 0 1 2 1 0 0 2 3 3 4 5 1 0 2 1 3 5 3 4 0 0 1 2 3 4 0 4 1 5 4 5 2 3 4 1 3 0 2 4 5 5 | 14 20  0 6 1 0 9 1 0 12 1 1 7 1 1 9 1 1 10 1 2 7 1 2 10 1 2 11 1 3 8 2 3 10 1 4 8 1 4 12 1 4 13 1 5 11 1 5 12 1 5 13 1 6 11 1 6 13 1 7 9 1
R 2000 42 63 6 473 3 4 5 1 5 2 0 3 5 2 0 1 5 1 4 0 4 2 1 2 3 2 0 1 4 1 3 0 2 3 4 1 3 0 1 5 5 2 0 2 0 4 0 1 2 3 4 0 4 2 1 5 4 3 0 2 3 5 3 1 4 5 5 | 14 20  0 6 1 0 9 1 0 11 1 1 7 1 1 9 1 1 10 1 2 7 1 2 10 1 2 13 1 3 8 1 3 11 1 3 13 1 4 8 2 4 12 1 5 10 1 5 11 1 5 12 1 6 12 1 6 13 1 7 9 1
R 2001 42 63 6 329 3 4 5 1 5 2 0 3 5 5 1 2 4 0 1 3 0 2 1 2 3 2 0 1 3 2 1 0 2 3 3 1 4 0 1 5 3 0 5 2 0 4 0 1 2 3 4 0 4 2 1 0 4 3 5 2 3 5 4 1 4 5 5 | 14 20  0 6 1 0 9 1 0 11 1 1 7 1 1 9 1 1 10 1 2 7 1 2 10 1 2 13 1 3 8 2 3 11 1 4 8 1 4 12 1 4 13 1 5 10 1 5 11 1 5 12 1 6 12 1 6 13 1 7 9 1
R 2002 42 63 6 325 3 4 5 2 4 1 2 0 3 0 1 2 4 5 2 0 4 1 1 2 3 3 1 4 2 5 0 4 0 3 0 2 1 1 0 4 3 1 5 4 2 0 0 1 2 0 5 3 5 4 1 4 3 5 1 3 0 5 2 3 5 4 2 | 14 20  0 6 1 0 9 1 0 11 1 1 7 1 1 9 1 1 10 1 2 7 1 2 10 1 2 13 1 3 8 1 3 11 1 3 13 1 4 8 2 4 12 1 5 10 1 5 12 1 5 13 1 6 11 1 6 12 1 7 9 1
R 2003 42 63 6 108 3 4 5 1 5 2 3 0 5 1 0 2 3 4 0 1 2 4 1 2 3 2 0 4 3 2 0 0 2 3 1 3 4 1 0 4 2 1 0 1 3 5 0 1 2 3 4 0 1 2 4 4 5 3 1 5 2 5 3 0 5 4 5 | 14 20  0 6 1 0 9 1 0 11 1 1 7 1 1 9 1 1 10 1 2 7 1 2 10 1 2 13 1 3 8 2 3 11 1 4 8 1 4 12 1 4 13 1 5 10 1 5 12 1 5 13 1 6 11 1 6 12 1 7 9 1
R 2004 42 63 6 139 3 4 5 1 2 0 3 2 4 1 0 2 4 3 2 1 0 4 1 2 3 0 3 1 2 3 0 4 0 5 1 4 2 3 0 2 4 3 1 1 0 4 0 1 2 4 3 5 5 0 1 4 5 3 1 5 0 3 5 2 4 5 2 | 14 20  0 6 1 0 9 1 0 13 1 1 7 1 1 9 1 1 10 1 2 7 1 2 10 1 2 11 1 3 8 1 3 12 1 3 13 1 4 8 2 4 12 1 5 10 1 5 11 1 5 12 1 6 11 1 6 13 1 7 9 1
R 2005 42 63 6 259 3 4 5 1 5 2 0 3 2 5 0 2 3 1 4 0 1 4 1 2 3 2 0 1 4 1 2 0 2 3 3 4 5 1 0 2 3 4 0 1 0 3 0 1 2 3 4 0 4 1 5 3 1 4 0 5 2 2 3 5 4 5 5 | 14 20  0 6 1 0 9 1 0 13 1 1 7 1 1 9 1 1 10 1 2 7 1 2 10 1 2 11 1 3 8 1 3 12 1 3 13 1 4 8 2 4 12 1 5 10 1 5 11 1 5 13 1 6 11 1 6 12 1 7 9 1
R 2006 42 63 6 395 3 4 5 1 5 2 0 3 1 1 0 2 4 3 5 0 2 4 1 2 3 2 0 1 5 3 2 0 2 3 3 1 4 3 0 2 0 4 1 0 1 4 0 1 2 3 4 0 4 2 5 4 5 3 0 1 2 5 1 3 4 5 5 | 14 20  0 6 1 0 9 1 0 13 1 1 7 1 1 9 1 1 10 1 2 7 1 2 10 1 2 13 1 3 8 1 3 11 1 3 13 1 4 8 2 4 12 1 5 10 1 5 11 1 5 12 1 6 11 1 6 12 1 7 9 1
R 2007 42 63 6 94 3 4 5 1 5 2 0 3 1 3 0 1 4 2 5 5 0 2 1 2 3 2 0 1 5 2 3 0 2 3 0 1 4 3 2 0 0 5 1 3 1 4 0 1 2 3 4 0 4 5 2 4 5 2 0 1 3 3 1 4 4 5 5 | 14 20  0 6 1 0 9 1 0 10 1 1 7 1 1 9 1 1 13 1 2 7 1 2 11 1 2 12 1 3 8 1 3 10 1 3 13 1 4 8 2 4 12 1 5 10 1 5 11 1 5 12 1 6 11 1 6 13 1 7 9 1
R 2008 42 63 6 295 3 4 5 1 5 2 0 5 1 1 0 2 4 3 2 3 0 4 1 2 3 2 0 1 2 3 0 0 2 3 3 1 4 4 2 1 3 0 5 1 0 4 0 1 2 3 4 0 4 3 2 4 5 3 1 5 0 2 5 1 4 5 5 | 14 20  0 6 1 0 9 1 0 13 1 1 7 1 1 9 1 1 10 1 2 7 1 2 11 1 2 12 1 3 8 1 3 10 1 3 13 1 4 8 2 4 11 1 5 10 1 5 11 1 5 12 1 6 12 1 6 13 1 7 9 1
R 2009 42 63 6 89 3 4 5 1 0 2 3 4 5 4 3 2 1 0 2 5 0 4 1 2 3 2 4 0 0 2 3 0 2 3 1 3 4 4 1 0 3 2 5 1 0 4 0 1 2 3 4 5 1 2 0 1 5 0 4 5 3 2 3 1 4 5 5 | 14 20  0 6 1 0 9 1 0 13 1 1 7 1 1 9 1 1 10 1 2 7 1 2 11 1 2 12 1 3 8 2 3 10 1 4 8 1 4 11 1 4 13 1 5 10 1 5 11 1 5 12 1 6 12 1 6 13 1 7 9 1
R 2010 42 63 6 369 3 4 5 1 5 2 3 5 1 1 0 2 3 4 0 2 5 0 1 2 3 2 0 1 3 2 0 0 2 3 1 0 4 0 5 1 4 3 5 1 3 2 0 1 2 3 4 0 4 2 0 4 5 3 1 2 5 3 1 4 5 4 5 | 14 20  0 6 1 0 9 1 0 10 1 1 7 1 1 9 1 1 13 1 2 7 1 2 11 1 2 12 1 3 8 2 3 10 1 4 8 1 4 12 1 4 13 1 5 11 1 5 12 1 5 13 1 6 10 1 6 11 1 7 9 1
R 2011 42 63 6 88 3 4 5 5 1 2 5 0 3 0 1 4 3 4 2 0 2 4 1 2 3 2 4 3 2 4 0 4 2 0 1 0 4 0 3 1 1 2 3 3 0 5 0 1 2 0 3 4 1 2 4 3 5 2 1 5 0 3 5 1 5 4 5 | 14 20  0 6 1 0 9 1 0 10 1 1 7 1 1 9 1 1 11 1 2 7 1 2 11 1 2 12 1 3 8 1 3 11 1 3 13 1 4 8 2 4 12 1 5 10 1 5 12 1 5 13 1 6 10 1 6 13 1 7 9 1
R 2012 42 63 6 57 3 4 5 5 3 1 1 0 2 5 0 2 3 1 4 0 2 4 1 2 3 2 1 4 1 2 0 2 0 3 1 0 4 0 4 3 1 3 2 3 0 5 0 1 2 0 4 2 3 5 4 3 4 1 5 0 2 3 5 1 5 4 5 | 14 20  0 6 1 0 9 1 0 10 1 1 7 1 1 9 1 1 11 1 2 7 1 2 11 1 2 12 1 3 8 2 3 11 1 4 8 1 4 12 1 4 13 1 5 10 1 5 12 1 5 13 1 6 10 1 6 13 1 7 9 1
R 2013 42 63 6 88 3 4 5 5 1 2 5 0 3 0 1 4 3 4 2 0 2 4 1 2 3 2 4 3 2 4 0 4 2 0 1 0 4 0 3 1 2 1 3 3 0 5 0 1 2 0 3 4 1 2 4 3 5 2 1 5 0 3 5 1 5 4 5 | 14 20  0 6 1 0 9 1 0 10 1 1 7 1 1 9 1 1 11 1 2 7 1 2 11 1 2 12 1 3 8 1 3 12 1 3 13 1 4 8 2 4 12 1 5 10 1 5 11 1 5 13 1 6 10 1 6 13 1 7 9 1
R 2014 42 63 6 78 3 4 5 1 5 2 0 5 3 4 0 1 5 2 3 0 2 1 1 2 3 2 0 1 3 2 1 0 2 3 1 0 4 1 3 5 0 3 4 2 0 5 0 1 2 3 4 0 4 2 1 5 2 3 0 4 1 3 4 5 5 4 5 | 14 20  0 6 1 0 9 1 0 10 1 1 7 1 1 9 1 1 11 1 2 7 1 2 11 1 2 13 1 3 8 1 3 12 1 3 13 1 4 8 2 4 12 1 5 10 1 5 11 1 5 12 1 6 10 1 6 13 1 7 9 1
R 2015 42 63 6 125 3 4 5 1 5 2 0 3 5 0 1 4 2 3 5 0 2 1 1 2 3 2 0 1 5 3 4 0 2 3 1 0 4 1 3 2 2 3 0 0 1 5 0 1 2 3 4 0 4 1 2 2 5 3 0 1 4 3 4 5 5 4 5 | 14 20  0 6 1 0 9 1 0 10 1 1 7 1 1 9 1 1 11 1 2 7 1 2 12 1 2 13 1 3 8 1 3 11 1 3 13 1 4 8 2 4 12 1 5 10 1 5 11 1 5 12 1 6 10 1 6 13 1 7 9 1
R 2016 42 63 6 618 3 4 5 1 5 2 0 3 5 3 1 4 5 0 2 0 2 1 1 2 3 2 0 1 2 0 4 0 2 3 1 0 4 2 3 5 1 0 3 3 1 5 0 1 2 3 4 0 4 1 2 5 0 2 1 3 4 3 4 5 5 4 5 | 14 20  0 6 1 0 9 1 0 10 1 1 7 1 1 9 1 1 13 1 2 7 1 2 11 1 2 12 1 3 8 1 3 11 1 3 13 1 4 8 2 4 12 1 5 10 1 5 11 1 5 12 1 6 10 1 6 13 1 7 9 1
R 2017 42 63 6 474 3 4 5 0 4 1 0 1 2 1 0 3 5 2 4 0 2 4 1 2 3 2 1 3 4 2 3 2 4 5 3 0 5 1 0 4 0 2 1 4 0 1 0 1 2 5 3 2 4 3 5 5 4 2 0 1 3 1 5 3 4 5 0 | 14 20  0 6 1 0 9 1 0 11 1 1 7 1 1 9 1 1 10 1 2 7 1 2 11 1 2 13 1 3 8 1 3 12 1 3 13 1 4 8 2 4 12 1 5 10 1 5 12 1 5 13 1 6 10 1 6 11 1 7 9 1
R 2018 42 63 6 107 3 4 5 1 3 2 0 5 2 1 0 2 3 4 0 4 5 1 1 2 3 2 4 1 3 2 0 0 2 3 1 0 2 1 0 4 4 3 5 1 0 3 0 1 2 0 4 5 3 1 4 4 5 3 1 2 5 3 0 2 4 5 5 | 14 20  0 6 1 0 9 1 0 11 1 1 7 1 1 9 1 1 10 1 2 7 1 2 12 1 2 13 1 3 8 2 3 11 1 4 8 1 4 12 1 4 13 1 5 10 1 5 12 1 5 13 1 6 10 1 6 11 1 7 9 1
R 2019 42 63 6 191 3 4 5 3 1 2 0 3 1 2 0 4 5 1 3 0 4 2 1 2 3 2 4 1 3 1 0 0 2 5 3 0 2 1 0 4 3 4 5 2 0 1 0 1 2 0 4 5 5 2 4 5 1 3 2 4 0 1 3 5 4 5 3 | 14 20  0 6 1 0 9 1 0 11 1 1 7 1 1 9 1 1 10 1 2 7 1 2 12 1 2 13 1 3 8 1 3 12 1 3 13 1 4 8 2 4 12 1 5 10 1 5 11 1 5 13 1 6 10 1 6 11 1 7 9 1
R 2020 42 63 6 121 3 4 5 1 3 2 0 4 5 0 1 2 3 2 4 5 0 1 1 2 3 2 4 1 4 2 5 0 2 3 1 0 2 3 1 0 1 0 3 0 3 4 0 1 2 0 4 5 3 2 1 3 4 5 0 1 5 3 4 2 4 5 5 | 14 20  0 6 1 0 9 1 0 12 1 1 7 1 1 9 1 1 10 1 2 7 1 2 11 1 2 13 1 3 8 1 3 12 1 3 13 1 4 8 2 4 12 1 5 10 1 5 11 1 5 13 1 6 10 1 6 11 1 7 9 1
R 2021 42 63 6 1585 3 4 5 1 3 2 0 4 5 0 2 1 3 1 4 5 0 2 1 2 3 2 4 1 4 1 5 0 2 3 1 0 2 3 1 0 2 0 3 0 3 4 0 1 2 0 4 5 3 2 1 3 4 5 0 2 5 3 4 1 4 5 5 | 14 20  0 6 1 0 9 1 0 13 1 1 7 1 1 9 1 1 10 1 2 7 1 2 11 1 2 12 1 3 8 1 3 12 1 3 13 1 4 8 2 4 12 1 5 10 1 5 11 1 5 13 1 6 10 1 6 11 1 7 9 1
R 2022 42 63 6 176 3 4 5 1 3 2 0 4 2 3 0 5 2 1 5 4 0 1 1 2 3 2 4 1 5 1 4 0 2 3 1 0 2 3 4 0 0 2 3 0 1 3 0 1 2 0 4 5 3 1 5 2 1 4 0 3 4 3 2 5 4 5 5 | 14 20  0 6 1 0 9 1 0 13 1 1 7 1 1 9 1 1 10 1 2 7 1 2 11 1 2 13 1 3 8 1 3 12 1 3 13 1 4 8 2 4 12 1 5 10 1 5 11 1 5 12 1 6 10 1 6 11 1 7 9 1
R 2023 42 63 6 77 3 4 5 1 3 2 0 4 2 3 1 4 5 0 1 0 5 2 1 2 3 2 4 1 2 4 1 0 2 3 1 0 2 3 0 4 3 1 0 0 3 5 0 1 2 0 4 5 3 5 1 0 5 2 3 2 4 3 1 4 4 5 5 | 14 20  0 6 1 0 9 1 0 13 1 1 7 1 1 9 1 1 10 1 2 7 1 2 12 1 2 13 1 3 8 2 3 11 1 4 8 1 4 12 1 4 13 1 5 10 1 5 11 1 5 12 1 6 10 1 6 11 1 7 9 1
R 2024 42 63 6 249 3 4 5 1 5 2 0 3 1 4 0 2 5 1 3 5 4 0 1 2 3 2 0 1 3 1 2 0 2 3 3 5 0 3 0 4 4 1 5 0 1 4 0 1 2 3 4 0 4 2 5 5 1 3 0 4 2 1 2 3 4 5 5 | 14 20  0 6 1 0 9 1 0 13 1 1 7 1 1 9 1 1 12 1 2 7 1 2 10 1 2 13 1 3 8 1 3 11 1 3 13 1 4 8 2 4 12 1 5 10 1 5 11 1 5 12 1 6 10 1 6 11 1 7 9 1
R 2025 42 63 6 232 3 4 5 1 5 2 0 3 1 4 3 5 1 0 2 4 5 0 1 2 3 2 0 1 0 5 3 0 2 3 3 5 0 2 4 1 3 1 4 0 1 4 0 1 2 3 4 0 4 2 5 1 2 0 4 5 3 1 3 2 4 5 5 | 14 20  0 6 1 0 9 1 0 13 1 1 7 1 1 9 1 1 12 1 2 7 1 2 10 1 2 13 1 3 8 2 3 11 1 4 8 1 4 12 1 4 13 1 5 10 1 5 11 1 5 12 1 6 10 1 6 11 1 7 9 1
R 2026 42 63 6 200 3 4 5 0 1 2 3 4 0 3 1 4 5 0 2 0 2 4 1 2 3 2 4 5 2 0 4 4 3 1 0 2 3 1 0 4 1 2 3 3 0 5 0 1 2 3 5 4 1 2 5 5 0 2 1 3 4 3 5 1 5 4 0 | 14 20  0 6 1 0 10 1 0 11 1 1 7 1 1 9 1 1 10 1 2 7 1 2 9 1 2 10 1 3 8 1 3 12 1 3 13 1 4 8 2 4 12 1 5 11 1 5 12 1 5 13 1 6 11 1 6 13 1 7 9 1
R 2027 42 63 6 549 3 4 5 0 1 2 3 4 0 2 0 4 1 4 5 0 3 2 1 2 3 2 4 5 5 4 2 4 3 1 0 2 3 1 0 2 3 0 4 3 0 1 0 1 2 3 5 4 1 2 5 1 3 5 0 3 2 5 1 4 4 5 0 | 14 20  0 6 1 0 10 1 0 13 1 1 7 1 1 9 1 1 10 1 2 7 1 2 9 1 2 10 1 3 8 1 3 11 1 3 13 1 4 8 2 4 12 1 5 11 1 5 12 1 5 13 1 6 11 1 6 12 1 7 9 1
R 2028 42 63 6 200 3 4 5 1 0 3 2 4 0 3 4 2 0 1 5 1 2 4 1 2 3 3 4 5 0 2 4 4 2 1 2 1 3 0 2 5 1 0 3 3 4 1 0 1 2 2 5 4 1 3 5 1 5 0 3 4 2 3 5 0 4 5 0 | 14 20  0 6 1 0 11 1 0 12 1 1 7 1 1 9 1 1 10 1 2 7 1 2 9 1 2 10 1 3 8 2 3 10 1 4 8 1 4 12 1 4 13 1 5 11 1 5 12 1 5 13 1 6 11 1 6 13 1 7 9 1
R 2029 42 63 6 625 3 4 5 0 1 2 5 1 3 1 0 4 3 4 5 0 1 2 1 2 3 4 5 0 5 4 1 4 3 2 0 2 3 0 1 5 3 0 2 3 1 0 0 1 2 3 5 4 2 0 4 3 5 2 0 2 1 5 3 4 4 5 1 | 14 20  0 6 1 0 10 1 0 11 1 1 7 1 1 9 1 1 10 1 2 7 1 2 9 1 2 11 1 3 8 1 3 12 1 3 13 1 4 8 2 4 12 1 5 10 1 5 11 1 5 13 1 6 12 1 6 13 1 7 9 1
R 2030 42 63 6 72 3 4 5 0 1 2 0 4 5 0 1 2 4 3 5 0 1 4 1 2 3 2 4 5 4 2 1 4 1 3 0 2 3 0 1 5 3 0 5 0 1 4 0 1 2 3 5 4 1 2 3 3 5 4 0 1 2 5 3 2 4 5 0 | 14 20  0 6 1 0 10 1 0 11 1 1 7 1 1 9 1 1 10 1 2 7 1 2 9 1 2 13 1 3 8 2 3 11 1 4 8 1 4 12 1 4 13 1 5 10 1 5 11 1 5 12 1 6 12 1 6 13 1 7 9 1
R 2031 42 63 6 137 3 4 5 2 0 1 3 0 5 1 0 2 3 4 0 1 2 4 1 2 3 1 4 5 3 2 0 4 3 2 2 0 3 1 0 4 2 1 0 1 3 5 0 1 2 3 5 4 2 1 4 4 5 3 1 5 2 5 3 0 5 4 0 | 14 20  0 6 1 0 10 1 0 11 1 1 7 1 1 9 1 1 10 1 2 7 1 2 9 1 2 13 1 3 8 2 3 11 1 4 8 1 4 12 1 4 13 1 5 10 1 5 12 1 5 13 1 6 11 1 6 12 1 7 9 1
R 2032 42 63 6 117 3 4 5 0 1 2 3 4 5 1 0 4 3 2 5 0 1 2 1 2 3 2 4 0 5 2 4 1 3 2 0 2 3 1 0 4 0 1 3 3 1 0 0 1 2 3 4 5 1 0 2 3 5 2 0 1 4 4 3 5 5 4 5 | 14 20  0 6 1 0 10 1 0 11 1 1 7 1 1 9 1 1 10 1 2 7 1 2 9 1 2 12 1 3 8 1 3 12 1 3 13 1 4 8 2 4 12 1 5 10 1 5 11 1 5 13 1 6 11 1 6 13 1 7 9 1
R 2033 42 63 6 330 3 4 5 0 1 2 0 3 4 1 0 2 3 2 5 0 1 4 1 2 3 4 2 5 5 2 4 1 4 3 0 2 3 1 0 2 0 1 3 3 1 0 0 1 2 3 5 4 1 2 5 3 5 4 0 1 4 5 3 2 4 5 0 | 14 20  0 6 1 0 10 1 0 12 1 1 7 1 1 9 1 1 10 1 2 7 1 2 9 1 2 11 1 3 8 1 3 12 1 3 13 1 4 8 2 4 12 1 5 10 1 5 11 1 5 13 1 6 11 1 6 13 1 7 9 1
R 2034 42 63 6 8716 3 4 5 0 1 2 5 0 3 2 1 4 3 0 5 0 1 4 1 2 3 4 5 2 5 0 4 1 3 4 0 2 3 1 0 2 3 1 0 1 3 5 0 1 2 3 5 4 1 2 4 3 5 0 1 2 4 5 3 2 4 5 0 | 14 20  0 6 1 0 10 1 0 13 1 1 7 1 1 9 1 1 10 1 2 7 1 2 9 1 2 13 1 3 8 1 3 11 1 3 13 1 4 8 2 4 12 1 5 10 1 5 11 1 5 12 1 6 11 1 6 12 1 7 9 1
R 2035 42 63 6 301 3 4 5 1 0 3 1 2 4 3 4 0 1 0 2 1 4 2 1 2 3 4 3 5 2 0 3 0 4 2 1 2 3 2 0 4 1 0 4 3 1 0 0 1 2 2 5 4 0 3 5 1 5 2 4 5 3 0 3 5 5 4 1 | 14 20  0 6 1 0 11 1 0 12 1 1 7 1 1 9 1 1 10 1 2 7 1 2 9 1 2 10 1 3 8 1 3 11 1 3 13 1 4 8 2 4 12 1 5 10 1 5 11 1 5 13 1 6 12 1 6 13 1 7 9 1
R 2036 42 63 6 144 3 4 5 0 2 4 1 0 5 1 0 2 4 3 5 4 1 2 1 2 3 4 3 5 5 3 2 2 1 4 1 0 2 4 3 1 0 2 5 1 0 4 0 1 2 1 5 3 2 3 4 4 5 3 0 1 2 5 0 3 4 5 0 | 14 20  0 6 1 0 12 1 0 13 1 1 7 1 1 9 1 1 10 1 2 7 1 2 9 1 2 10 1 3 8 1 3 11 1 3 13 1 4 8 2 4 11 1 5 10 1 5 11 1 5 12 1 6 12 1 6 13 1 7 9 1
R 2037 42 63 6 120 3 4 5 0 2 4 1 0 5 3 0 1 4 2 5 1 4 2 1 2 3 4 3 5 5 2 3 2 1 4 1 0 2 0 2 5 0 1 4 3 4 1 0 1 2 1 5 3 2 3 4 4 5 2 0 1 3 5 3 0 4 5 0 | 14 20  0 6 1 0 11 1 0 12 1 1 7 1 1 9 1 1 10 1 2 7 1 2 9 1 2 10 1 3 8 1 3 12 1 3 13 1 4 8 2 4 12 1 5 10 1 5 11 1 5 13 1 6 11 1 6 13 1 7 9 1
R 2038 42 63 NOT6 A+B chi=-1 | 14 20  0 6 2 0 11 1 1 7 1 1 9 1 1 10 1 2 7 1 2 9 1 2 10 1 3 8 1 3 12 1 3 13 1 4 8 1 4 12 1 4 13 1 5 10 1 5 12 1 5 13 1 6 11 1 7 9 1 8 11 1
R 2039 42 63 6 481 3 4 5 2 0 3 4 0 5 1 0 2 4 3 5 4 1 2 1 2 3 1 3 5 5 3 2 1 4 2 4 2 3 4 3 0 0 2 5 1 0 4 0 1 2 4 5 1 2 3 1 4 5 3 0 1 2 0 5 3 4 5 0 | 14 20  0 6 1 0 12 1 0 13 1 1 7 1 1 9 1 1 10 1 2 7 1 2 9 1 2 11 1 3 8 1 3 10 1 3 13 1 4 8 2 4 11 1 5 10 1 5 11 1 5 12 1 6 12 1 6 13 1 7 9 1
R 2040 42 63 NOT6 A+B chi=-1 | 14 20  0 6 2 0 12 1 1 7 1 1 9 1 1 10 1 2 7 1 2 9 1 2 11 1 3 8 1 3 10 1 3 13 1 4 8 1 4 11 1 4 13 1 5 10 1 5 11 1 5 13 1 6 12 1 7 9 1 8 12 1
R 2041 42 63 6 124 3 4 5 0 1 2 0 3 5 1 0 2 3 4 5 0 2 1 1 2 3 2 3 5 5 4 1 3 1 2 0 2 5 1 0 4 0 3 2 1 0 3 0 1 2 4 5 3 1 4 2 3 5 4 0 2 1 3 4 5 4 5 0 | 14 20  0 6 1 0 10 1 0 11 1 1 7 1 1 9 1 1 10 1 2 7 1 2 9 1 2 13 1 3 8 1 3 12 1 3 13 1 4 8 2 4 12 1 5 11 1 5 12 1 5 13 1 6 10 1 6 11 1 7 9 1
R 2042 42 63 6 106 3 4 5 2 0 1 3 1 5 1 0 2 3 4 0 1 2 4 1 2 3 4 5 0 4 2 0 4 3 2 0 2 5 1 0 3 2 3 1 3 0 1 0 1 2 3 5 4 2 0 4 3 5 4 1 5 2 3 5 0 4 5 1 | 14 20  0 6 1 0 10 1 0 11 1 1 7 1 1 9 1 1 12 1 2 7 1 2 9 1 2 13 1 3 8 2 3 11 1 4 8 1 4 12 1 4 13 1 5 10 1 5 11 1 5 12 1 6 10 1 6 13 1 7 9 1
R 2043 42 63 6 173 3 4 5 1 5 2 0 3 5 1 5 2 3 0 2 4 0 1 1 2 3 2 0 1 2 0 5 0 2 3 0 1 3 4 1 3 0 2 5 3 1 4 0 1 2 3 4 0 4 2 1 3 4 0 1 4 5 5 3 2 4 5 5 | 14 20  0 6 1 0 9 1 0 10 1 1 7 1 1 10 1 1 11 1 2 7 1 2 11 1 2 12 1 3 8 1 3 9 1 3 13 1 4 8 2 4 10 1 5 11 1 5 12 1 5 13 1 6 12 1 6 13 1 7 9 1
R 2044 42 63 6 760 3 4 5 0 5 2 1 4 0 0 1 2 3 4 1 3 5 2 1 2 3 3 1 0 4 2 1 0 2 3 1 0 4 3 4 2 5 2 0 3 0 1 0 1 2 4 3 1 2 5 3 3 5 4 0 5 2 0 1 4 4 5 5 | 14 20  0 6 1 0 9 1 0 10 1 1 7 1 1 10 1 1 11 1 2 7 1 2 11 1 2 12 1 3 8 2 3 9 1 4 8 1 4 10 1 4 13 1 5 11 1 5 12 1 5 13 1 6 12 1 6 13 1 7 9 1
R 2045 42 63 6 123 3 4 5 1 4 2 0 3 5 1 0 2 3 2 5 5 4 1 1 2 3 2 0 1 5 2 4 0 2 3 0 1 3 1 5 2 3 1 4 4 0 3 0 1 2 3 5 0 4 2 1 3 4 5 0 1 4 3 0 2 4 5 5 | 14 20  0 6 1 0 9 1 0 10 1 1 7 1 1 10 1 1 11 1 2 7 1 2 12 1 2 13 1 3 8 1 3 9 1 3 13 1 4 8 2 4 10 1 5 11 1 5 12 1 5 13 1 6 11 1 6 12 1 7 9 1
R 2046 42 63 6 2187 3 4 5 0 5 2 5 1 3 0 1 2 3 4 1 0 4 5 1 2 3 3 1 0 4 2 1 0 2 3 1 0 4 3 0 5 2 1 4 5 0 3 0 1 2 4 3 1 2 0 4 3 5 4 0 5 2 2 3 1 4 5 5 | 14 20  0 6 1 0 9 1 0 10 1 1 7 1 1 10 1 1 11 1 2 7 1 2 12 1 2 13 1 3 8 2 3 9 1 4 8 1 4 10 1 4 13 1 5 11 1 5 12 1 5 13 1 6 11 1 6 12 1 7 9 1
R 2047 42 63 6 150 3 4 5 2 3 0 1 3 2 3 4 0 1 0 2 5 4 1 1 2 3 0 1 2 2 0 3 2 0 4 1 0 4 3 1 0 5 2 4 1 5 3 0 1 2 4 5 1 5 0 4 1 5 2 4 5 3 2 3 0 5 4 3 | 14 20  0 6 1 0 9 1 0 10 1 1 7 1 1 11 1 1 12 1 2 7 1 2 12 1 2 13 1 3 8 1 3 9 1 3 13 1 4 8 2 4 10 1 5 11 1 5 12 1 5 13 1 6 10 1 6 11 1 7 9 1
R 2048 42 63 6 63 3 4 5 1 3 2 0 3 1 4 3 2 0 1 2 0 5 4 1 2 3 2 0 1 0 2 3 4 2 5 1 0 4 3 0 1 4 1 5 0 2 3 0 1 2 4 5 0 5 2 4 1 5 0 4 3 5 2 3 1 5 4 3 | 14 20  0 6 1 0 9 1 0 10 1 1 7 1 1 11 1 1 12 1 2 7 1 2 12 1 2 13 1 3 8 2 3 9 1 4 8 1 4 10 1 4 13 1 5 11 1 5 12 1 5 13 1 6 10 1 6 11 1 7 9 1
R 2049 42 63 6 302 3 4 5 2 0 3 1 0 2 5 0 4 3 1 4 0 2 4 1 2 3 3 1 2 2 4 0 5 4 3 2 0 4 1 0 4 1 3 2 3 0 5 0 1 2 4 1 5 5 3 4 1 3 2 5 0 2 3 5 1 5 4 0 | 14 20  0 6 1 0 10 1 0 11 1 1 7 1 1 9 1 1 10 1 2 7 1 2 10 1 2 12 1 3 8 2 3 9 1 4 8 1 4 12 1 4 13 1 5 11 1 5 12 1 5 13 1 6 11 1 6 13 1 7 9 1
R 2050 42 63 6 317 3 4 5 0 1 2 0 4 1 1 0 3 4 2 5 3 2 0 1 2 3 5 4 1 4 3 0 1 3 2 0 2 3 0 2 5 2 0 1 1 3 4 0 1 2 3 5 4 2 5 3 2 5 4 1 3 0 1 4 5 4 5 0 | 14 20  0 6 1 0 10 1 0 13 1 1 7 1 1 9 1 1 10 1 2 7 1 2 10 1 2 11 1 3 8 2 3 9 1 4 8 1 4 12 1 4 13 1 5 11 1 5 12 1 5 13 1 6 11 1 6 12 1 7 9 1
R 2051 42 63 6 365 3 4 5 0 1 2 3 4 2 3 4 5 2 0 1 0 1 5 1 2 3 2 5 0 1 0 5 1 3 2 0 2 3 1 3 5 1 0 2 3 0 4 0 1 2 3 5 4 1 0 5 2 0 1 3 4 5 4 3 2 4 5 4 | 14 20  0 6 1 0 10 1 0 11 1 1 7 1 1 9 1 1 10 1 2 7 1 2 11 1 2 12 1 3 8 1 3 9 1 3 13 1 4 8 2 4 10 1 5 11 1 5 12 1 5 13 1 6 12 1 6 13 1 7 9 1
R 2052 42 63 6 192 3 4 5 0 1 2 1 4 2 3 1 5 0 2 1 3 0 4 1 2 3 2 4 0 0 5 1 4 3 2 0 2 3 3 1 4 0 5 2 3 0 1 0 1 2 3 5 4 5 0 3 2 4 0 3 5 4 5 1 2 4 5 1 | 14 20  0 6 1 0 10 1 0 11 1 1 7 1 1 9 1 1 10 1 2 7 1 2 11 1 2 12 1 3 8 2 3 9 1 4 8 1 4 10 1 4 13 1 5 11 1 5 12 1 5 13 1 6 12 1 6 13 1 7 9 1
R 2053 42 63 6 202 3 4 5 0 2 5 1 0 4 0 1 3 2 3 4 0 2 4 1 2 3 3 5 4 4 3 5 2 3 1 4 2 0 1 0 4 2 0 1 2 3 0 0 1 2 1 4 3 2 3 5 2 5 4 0 1 5 3 5 1 5 4 0 | 14 20  0 6 1 0 10 1 0 11 1 1 7 1 1 9 1 1 10 1 2 7 1 2 12 1 2 13 1 3 8 1 3 9 1 3 13 1 4 8 2 4 10 1 5 11 1 5 12 1 5 13 1 6 11 1 6 12 1 7 9 1
R 2054 42 63 6 299 3 4 5 4 1 2 1 0 4 2 3 5 0 1 3 0 2 4 1 2 3 3 5 4 4 5 3 0 3 2 0 2 4 1 0 4 2 0 1 2 3 0 0 1 2 0 5 3 2 3 5 0 1 4 2 5 4 3 5 1 5 4 1 | 14 20  0 6 1 0 10 1 0 11 1 1 7 1 1 9 1 1 10 1 2 7 1 2 12 1 2 13 1 3 8 2 3 9 1 4 8 1 4 10 1 4 13 1 5 11 1 5 12 1 5 13 1 6 11 1 6 12 1 7 9 1
R 2055 42 63 6 115 3 4 5 0 3 5 0 1 2 1 0 4 3 2 4 0 1 2 1 2 3 2 5 4 4 2 5 2 1 3 1 0 3 0 2 3 1 0 4 3 1 0 0 1 2 1 4 2 3 4 5 3 5 2 0 1 5 4 3 5 5 4 0 | 14 20  0 6 1 0 11 1 0 12 1 1 7 1 1 9 1 1 10 1 2 7 1 2 10 1 2 11 1 3 8 1 3 9 1 3 13 1 4 8 2 4 10 1 5 11 1 5 12 1 5 13 1 6 12 1 6 13 1 7 9 1
R 2056 42 63 6 125 3 4 5 0 3 4 0 1 2 3 5 2 1 0 4 0 1 2 1 2 3 2 4 5 4 2 5 1 2 3 1 0 3 0 2 3 1 0 4 3 1 0 0 1 2 1 5 2 3 4 5 0 1 4 3 5 2 4 3 5 5 4 0 | 14 20  0 6 1 0 11 1 0 12 1 1 7 1 1 9 1 1 10 1 2 7 1 2 10 1 2 11 1 3 8 2 3 9 1 4 8 1 4 10 1 4 13 1 5 11 1 5 12 1 5 13 1 6 12 1 6 13 1 7 9 1
R 2057 42 63 6 402 3 4 5 0 1 2 0 2 3 3 0 5 1 2 4 0 1 4 1 2 3 4 2 5 4 2 3 1 3 4 0 2 3 1 0 5 1 0 2 3 1 0 0 1 2 3 5 4 1 4 5 1 2 4 0 5 3 5 3 2 4 5 0 | 14 20  0 6 1 0 10 1 0 11 1 1 7 1 1 9 1 1 10 1 2 7 1 2 11 1 2 12 1 3 8 1 3 9 1 3 13 1 4 8 2 4 11 1 5 10 1 5 12 1 5 13 1 6 12 1 6 13 1 7 9 1
R 2058 42 63 6 673 3 4 5 0 1 2 0 2 3 3 4 0 1 5 2 0 1 4 1 2 3 4 2 5 2 0 4 1 4 3 0 2 3 1 3 5 1 0 2 3 1 0 0 1 2 3 5 4 1 4 5 1 5 2 3 0 4 5 3 2 4 5 0 | 14 20  0 6 1 0 10 1 0 11 1 1 7 1 1 9 1 1 10 1 2 7 1 2 11 1 2 12 1 3 8 2 3 9 1 4 8 1 4 11 1 4 13 1 5 10 1 5 12 1 5 13 1 6 12 1 6 13 1 7 9 1
R 2059 42 63 6 3509 3 4 5 0 1 2 1 4 2 4 1 5 3 0 5 0 1 2 1 2 3 2 4 5 2 5 1 4 3 0 0 2 3 0 1 4 0 5 2 3 1 0 0 1 2 3 5 4 0 5 3 0 3 2 4 1 2 5 3 4 4 5 1 | 14 20  0 6 1 0 10 1 0 11 1 1 7 1 1 9 1 1 10 1 2 7 1 2 11 1 2 12 1 3 8 2 3 9 1 4 8 1 4 12 1 4 13 1 5 10 1 5 11 1 5 13 1 6 12 1 6 13 1 7 9 1
R 2060 42 63 6 57 3 4 5 3 4 2 0 1 2 1 0 4 2 3 4 0 1 5 1 2 3 2 0 3 3 4 0 1 4 2 0 2 3 1 0 4 3 4 1 2 1 0 0 1 2 1 0 5 4 3 5 2 5 3 1 0 5 4 2 3 5 4 5 | 14 20  0 6 1 0 10 1 0 11 1 1 7 1 1 9 1 1 10 1 2 7 1 2 11 1 2 12 1 3 8 2 3 9 1 4 8 1 4 12 1 4 13 1 5 10 1 5 12 1 5 13 1 6 11 1 6 13 1 7 9 1
R 2061 42 63 6 72 3 4 5 0 1 2 3 4 5 5 3 4 1 2 0 0 1 2 1 2 3 2 4 0 0 4 3 1 3 2 0 2 3 1 0 4 2 1 5 1 0 3 0 1 2 3 4 5 1 0 2 1 2 0 5 3 4 4 3 5 5 4 5 | 14 20  0 6 1 0 10 1 0 11 1 1 7 1 1 9 1 1 10 1 2 7 1 2 12 1 2 13 1 3 8 2 3 9 1 4 8 1 4 12 1 4 13 1 5 10 1 5 11 1 5 13 1 6 11 1 6 12 1 7 9 1
R 2062 42 63 6 143 3 4 5 0 2 5 5 0 1 0 1 4 3 4 2 0 4 2 1 2 3 4 5 3 2 4 5 1 4 2 0 1 2 2 0 3 1 0 4 3 0 5 0 1 2 1 3 4 2 3 4 3 5 2 0 1 5 5 3 1 5 4 0 | 14 20  0 6 1 0 11 1 0 12 1 1 7 1 1 9 1 1 10 1 2 7 1 2 10 1 2 11 1 3 8 1 3 9 1 3 13 1 4 8 2 4 11 1 5 10 1 5 12 1 5 13 1 6 12 1 6 13 1 7 9 1
R 2063 42 63 6 137 3 4 5 0 2 4 5 0 1 0 5 2 3 1 4 0 4 2 1 2 3 3 5 4 4 2 5 1 2 3 0 1 2 4 0 2 1 0 4 3 0 5 0 1 2 1 5 3 2 4 3 1 3 4 0 5 2 5 3 1 5 4 0 | 14 20  0 6 1 0 11 1 0 12 1 1 7 1 1 9 1 1 10 1 2 7 1 2 10 1 2 11 1 3 8 2 3 9 1 4 8 1 4 11 1 4 13 1 5 10 1 5 12 1 5 13 1 6 12 1 6 13 1 7 9 1
R 2064 42 63 6 199 3 4 5 0 1 4 2 5 4 5 2 1 0 4 2 3 0 1 1 2 3 4 2 0 0 1 2 3 1 4 3 2 1 0 4 2 1 0 4 3 0 5 0 1 2 3 2 5 1 0 3 3 4 0 5 3 1 4 5 2 5 4 5 | 14 20  0 6 1 0 11 1 0 12 1 1 7 1 1 9 1 1 10 1 2 7 1 2 10 1 2 11 1 3 8 2 3 9 1 4 8 1 4 12 1 4 13 1 5 10 1 5 11 1 5 13 1 6 12 1 6 13 1 7 9 1
R 2065 42 63 NOT6 A+B chi=-1 | 14 20  0 6 2 0 12 1 1 7 1 1 9 1 1 10 1 2 7 1 2 10 1 2 11 1 3 8 1 3 9 1 3 12 1 4 8 1 4 11 1 4 13 1 5 10 1 5 11 1 5 13 1 6 12 1 7 9 1 8 13 1
R 2066 42 63 6 66 3 4 5 5 3 4 1 0 4 1 0 2 4 3 2 0 1 2 1 2 3 4 2 5 2 3 0 0 3 4 0 2 3 1 3 4 0 2 5 1 0 4 0 1 2 0 2 1 3 5 2 4 5 3 1 5 0 4 5 3 4 5 1 | 14 20  0 6 1 0 12 1 0 13 1 1 7 1 1 9 1 1 10 1 2 7 1 2 10 1 2 11 1 3 8 1 3 9 1 3 13 1 4 8 2 4 11 1 5 10 1 5 11 1 5 12 1 6 12 1 6 13 1 7 9 1
R 2067 42 63 6 473 3 4 5 1 0 4 5 0 3 4 2 5 1 0 2 4 1 2 1 2 3 4 5 3 1 5 2 3 2 4 1 2 0 4 1 3 0 2 5 1 0 4 0 1 2 2 5 3 1 4 2 0 3 1 4 5 3 5 0 3 4 5 0 | 14 20  0 6 1 0 12 1 0 13 1 1 7 1 1 9 1 1 10 1 2 7 1 2 10 1 2 11 1 3 8 2 3 9 1 4 8 1 4 11 1 4 13 1 5 10 1 5 11 1 5 12 1 6 12 1 6 13 1 7 9 1
R 2068 42 63 NOT6 A+B chi=-1 | 14 20  0 6 2 0 12 1 1 7 1 1 9 1 1 10 1 2 7 1 2 10 1 2 11 1 3 8 1 3 9 1 3 13 1 4 8 1 4 11 1 4 13 1 5 10 1 5 11 1 5 13 1 6 12 1 7 9 1 8 12 1
R 2069 42 63 6 73 3 4 5 3 4 5 0 1 2 1 2 0 3 4 0 1 2 5 1 2 3 2 0 3 3 0 2 1 2 4 1 0 3 0 2 5 1 0 4 3 1 4 0 1 2 1 0 2 4 5 3 4 5 3 1 5 2 4 3 0 4 5 5 | 14 20  0 6 1 0 11 1 0 12 1 1 7 1 1 9 1 1 10 1 2 7 1 2 10 1 2 11 1 3 8 2 3 9 1 4 8 1 4 12 1 4 13 1 5 10 1 5 12 1 5 13 1 6 11 1 6 13 1 7 9 1
R 2070 42 63 6 122 3 4 5 3 0 4 1 4 2 1 0 2 4 3 2 5 0 4 1 2 3 2 5 0 2 3 0 0 1 3 1 2 4 4 0 3 3 5 2 1 0 4 0 1 2 1 2 5 3 5 0 4 5 3 1 5 0 3 2 1 4 5 4 | 14 20  0 6 1 0 11 1 0 13 1 1 7 1 1 9 1 1 10 1 2 7 1 2 11 1 2 12 1 3 8 1 3 9 1 3 13 1 4 8 2 4 10 1 5 10 1 5 11 1 5 12 1 6 12 1 6 13 1 7 9 1
R 2071 42 63 6 690 3 4 5 0 5 4 1 2 5 4 3 2 1 0 2 1 0 4 1 2 3 3 1 0 0 2 3 1 2 4 0 2 4 4 2 3 1 0 5 1 0 4 0 1 2 2 3 1 4 0 3 1 5 0 4 5 3 3 5 2 4 5 5 | 14 20  0 6 1 0 11 1 0 13 1 1 7 1 1 9 1 1 10 1 2 7 1 2 11 1 2 12 1 3 8 2 3 9 1 4 8 1 4 10 1 4 13 1 5 10 1 5 11 1 5 12 1 6 12 1 6 13 1 7 9 1
R 2072 42 63 NOT6 A+B chi=-1 | 14 20  0 6 2 0 12 1 1 7 1 1 9 1 1 10 1 2 7 1 2 11 1 2 13 1 3 8 1 3 9 1 3 12 1 4 8 1 4 10 1 4 11 1 5 10 1 5 11 1 5 13 1 6 12 1 7 9 1 8 13 1
R 2073 42 63 NOT6 A+B chi=-1 | 14 20  0 6 2 0 12 1 1 7 1 1 9 1 1 10 1 2 7 1 2 11 1 2 13 1 3 8 1 3 9 1 3 13 1 4 8 1 4 10 1 4 11 1 5 10 1 5 11 1 5 13 1 6 12 1 7 9 1 8 12 1
R 2074 42 63 6 84 3 4 5 3 0 4 2 4 1 1 0 2 4 3 2 0 4 1 1 2 3 1 2 0 2 3 0 0 1 3 4 3 1 2 4 5 3 2 0 1 0 4 0 1 2 5 2 1 3 5 0 4 5 3 1 5 0 2 3 5 4 5 4 | 14 20  0 6 1 0 11 1 0 13 1 1 7 1 1 9 1 1 12 1 2 7 1 2 10 1 2 11 1 3 8 1 3 9 1 3 13 1 4 8 2 4 10 1 5 10 1 5 11 1 5 12 1 6 12 1 6 13 1 7 9 1
R 2075 42 63 6 360 3 4 5 0 5 4 2 1 5 4 3 2 1 0 2 4 0 1 1 2 3 3 1 0 0 2 3 1 2 4 4 1 3 4 0 2 2 0 5 1 0 4 0 1 2 2 3 1 4 0 3 1 5 0 4 5 3 2 5 3 4 5 5 | 14 20  0 6 1 0 11 1 0 13 1 1 7 1 1 9 1 1 12 1 2 7 1 2 10 1 2 11 1 3 8 2 3 9 1 4 8 1 4 10 1 4 13 1 5 10 1 5 11 1 5 12 1 6 12 1 6 13 1 7 9 1
R 2076 42 63 6 63 3 4 5 0 1 2 0 3 2 2 0 1 3 4 5 4 1 0 1 2 3 2 3 5 4 1 0 3 1 2 0 2 5 1 0 3 4 1 2 3 0 4 0 1 2 4 5 3 1 4 5 3 5 4 2 0 1 5 3 2 4 5 0 | 14 20  0 6 1 0 10 1 0 11 1 1 7 1 1 9 1 1 10 1 2 7 1 2 11 1 2 12 1 3 8 2 3 9 1 4 8 1 4 12 1 4 13 1 5 11 1 5 12 1 5 13 1 6 10 1 6 13 1 7 9 1
R 2077 42 63 6 693 3 4 5 1 4 2 0 3 5 5 1 2 3 0 4 1 2 5 1 2 3 2 0 1 3 2 1 0 2 3 0 3 4 1 5 4 0 5 2 3 1 4 0 1 2 3 5 0 4 1 2 0 4 3 5 1 2 4 3 0 4 5 5 | 14 20  0 6 1 0 9 1 0 10 1 1 7 1 1 10 1 1 11 1 2 7 1 2 10 1 2 11 1 3 8 2 3 11 1 4 8 1 4 12 1 4 13 1 5 9 1 5 12 1 5 13 1 6 12 1 6 13 1 7 9 1
R 2078 42 63 6 363 3 4 5 5 4 1 0 3 2 1 0 4 3 4 5 1 2 5 1 2 3 2 0 1 5 4 1 0 2 3 3 1 4 5 0 4 3 0 2 3 1 4 0 1 2 3 0 2 4 5 1 3 5 2 0 2 1 4 3 0 4 5 5 | 14 20  0 6 1 0 9 1 0 10 1 1 7 1 1 10 1 1 11 1 2 7 1 2 10 1 2 11 1 3 8 1 3 12 1 3 13 1 4 8 2 4 12 1 5 9 1 5 11 1 5 13 1 6 12 1 6 13 1 7 9 1
R 2079 42 63 6 545 3 4 5 2 5 0 1 5 4 2 3 0 1 0 4 1 2 3 1 2 3 3 0 4 4 0 3 0 2 3 1 3 5 1 2 4 1 2 0 2 0 1 0 1 2 1 4 3 2 0 3 1 5 4 2 5 3 4 0 5 4 5 5 | 14 20  0 6 1 0 9 1 0 10 1 1 7 1 1 10 1 1 11 1 2 7 1 2 10 1 2 13 1 3 8 1 3 11 1 3 13 1 4 8 2 4 12 1 5 9 1 5 11 1 5 12 1 6 12 1 6 13 1 7 9 1
R 2080 42 63 6 883 3 4 5 4 2 3 0 1 5 3 0 4 1 2 5 1 2 5 1 2 3 3 1 4 5 2 4 0 2 3 0 3 1 0 5 2 2 0 1 3 1 4 0 1 2 0 5 1 2 4 3 1 5 2 0 3 4 4 3 0 4 5 5 | 14 20  0 6 1 0 9 1 0 10 1 1 7 1 1 10 1 1 11 1 2 7 1 2 10 1 2 12 1 3 8 1 3 12 1 3 13 1 4 8 2 4 12 1 5 9 1 5 11 1 5 13 1 6 11 1 6 13 1 7 9 1
R 2081 42 63 6 509 3 4 5 0 1 5 4 2 3 1 0 4 3 2 5 1 2 5 1 2 3 3 4 1 5 2 4 0 2 3 1 0 3 2 0 1 0 5 2 3 1 4 0 1 2 2 4 3 0 5 1 3 5 2 0 1 4 4 3 0 4 5 5 | 14 20  0 6 1 0 9 1 0 10 1 1 7 1 1 10 1 1 11 1 2 7 1 2 11 1 2 12 1 3 8 1 3 10 1 3 13 1 4 8 2 4 11 1 5 9 1 5 12 1 5 13 1 6 12 1 6 13 1 7 9 1
R 2082 42 63 6 638 3 4 5 1 2 0 0 5 4 2 0 5 4 3 5 1 2 3 1 2 3 3 0 1 5 3 2 0 2 3 3 0 4 1 5 4 1 2 0 2 0 4 0 1 2 4 5 3 2 3 1 4 1 3 0 1 2 4 0 5 4 5 5 | 14 20  0 6 1 0 9 1 0 10 1 1 7 1 1 10 1 1 11 1 2 7 1 2 12 1 2 13 1 3 8 1 3 10 1 3 13 1 4 8 2 4 11 1 5 9 1 5 11 1 5 12 1 6 12 1 6 13 1 7 9 1
R 2083 42 63 6 97 3 4 5 1 2 3 0 5 3 2 1 0 4 0 5 1 2 5 1 2 3 3 0 1 5 0 3 0 2 3 0 1 4 1 5 2 2 1 0 2 4 3 0 1 2 4 5 0 2 4 1 4 3 5 1 2 3 4 3 0 4 5 5 | 14 20  0 6 1 0 9 1 0 10 1 1 7 1 1 10 1 1 11 1 2 7 1 2 12 1 2 13 1 3 8 1 3 10 1 3 13 1 4 8 2 4 11 1 5 9 1 5 12 1 5 13 1 6 11 1 6 12 1 7 9 1
R 2084 42 63 6 353 3 4 5 1 2 3 0 5 3 2 0 5 4 1 0 1 2 5 1 2 3 3 0 1 3 5 0 0 2 3 0 1 4 1 5 2 2 1 0 2 4 3 0 1 2 4 5 0 2 4 1 1 4 3 2 3 5 4 3 0 4 5 5 | 14 20  0 6 1 0 9 1 0 10 1 1 7 1 1 10 1 1 11 1 2 7 1 2 12 1 2 13 1 3 8 2 3 10 1 4 8 1 4 11 1 4 13 1 5 9 1 5 12 1 5 13 1 6 11 1 6 12 1 7 9 1
R 2085 42 63 6 252 3 4 5 0 3 2 1 4 0 1 0 4 3 2 4 1 2 5 1 2 3 2 1 0 4 2 1 0 2 3 1 0 4 4 0 3 3 2 0 3 1 4 0 1 2 4 5 1 3 2 5 3 5 2 0 5 1 4 3 0 4 5 5 | 14 20  0 6 1 0 9 1 0 10 1 1 7 1 1 10 1 1 11 1 2 7 1 2 11 1 2 12 1 3 8 1 3 11 1 3 13 1 4 8 2 4 12 1 5 9 1 5 10 1 5 13 1 6 12 1 6 13 1 7 9 1
R 2086 42 63 6 136 3 4 5 0 3 2 1 4 0 1 2 4 5 0 4 1 2 5 1 2 3 2 1 0 5 4 2 0 2 3 1 0 4 4 0 3 1 2 0 3 1 4 0 1 2 4 5 1 3 2 5 0 3 5 1 3 2 4 3 0 4 5 5 | 14 20  0 6 1 0 9 1 0 10 1 1 7 1 1 10 1 1 11 1 2 7 1 2 11 1 2 12 1 3 8 2 3 11 1 4 8 1 4 12 1 4 13 1 5 9 1 5 10 1 5 13 1 6 12 1 6 13 1 7 9 1
R 2087 42 63 6 172 3 4 5 0 5 2 1 5 0 0 1 4 2 4 5 1 2 3 1 2 3 2 1 0 5 4 3 0 2 3 1 0 4 3 4 5 1 2 0 2 1 0 0 1 2 4 3 1 3 2 4 2 5 3 0 1 3 4 5 0 4 5 5 | 14 20  0 6 1 0 9 1 0 10 1 1 7 1 1 10 1 1 11 1 2 7 1 2 11 1 2 13 1 3 8 1 3 12 1 3 13 1 4 8 2 4 12 1 5 9 1 5 10 1 5 11 1 6 12 1 6 13 1 7 9 1
R 2088 42 63 6 148 3 4 5 0 4 2 1 3 0 3 0 4 1 2 5 1 2 5 1 2 3 2 1 0 5 2 3 0 2 3 1 0 4 3 0 2 1 4 0 3 1 4 0 1 2 3 5 1 4 5 2 1 5 2 0 4 3 4 3 0 4 5 5 | 14 20  0 6 1 0 9 1 0 10 1 1 7 1 1 10 1 1 11 1 2 7 1 2 11 1 2 12 1 3 8 1 3 12 1 3 13 1 4 8 2 4 12 1 5 9 1 5 10 1 5 13 1 6 11 1 6 13 1 7 9 1
R 2089 42 63 6 100 3 4 5 0 5 2 1 4 0 2 0 1 3 4 5 1 2 3 1 2 3 2 1 0 5 4 2 0 2 3 1 0 4 3 0 2 3 0 1 3 1 4 0 1 2 4 3 1 3 5 2 3 4 5 0 1 2 4 5 0 4 5 5 | 14 20  0 6 1 0 9 1 0 10 1 1 7 1 1 10 1 1 11 1 2 7 1 2 11 1 2 13 1 3 8 1 3 12 1 3 13 1 4 8 2 4 12 1 5 9 1 5 10 1 5 13 1 6 11 1 6 12 1 7 9 1
R 2090 42 63 6 197 3 4 5 0 5 2 1 4 0 4 1 0 3 2 5 1 2 3 1 2 3 2 1 0 5 2 1 0 2 3 1 0 4 3 0 2 3 4 0 3 1 4 0 1 2 4 3 1 3 2 5 3 5 2 0 4 1 4 5 0 4 5 5 | 14 20  0 6 1 0 9 1 0 10 1 1 7 1 1 10 1 1 11 1 2 7 1 2 12 1 2 13 1 3 8 1 3 11 1 3 13 1 4 8 2 4 12 1 5 9 1 5 10 1 5 13 1 6 11 1 6 12 1 7 9 1
R 2091 42 63 6 474 3 4 5 2 5 0 0 4 1 2 0 3 5 1 4 1 2 3 1 2 3 3 0 1 4 1 3 0 2 3 3 0 4 1 2 5 4 2 0 2 0 1 0 1 2 4 1 3 2 5 3 5 1 4 0 2 3 4 5 0 4 5 5 | 14 20  0 6 1 0 9 1 0 10 1 1 7 1 1 10 1 1 11 1 2 7 1 2 12 1 2 13 1 3 8 1 3 12 1 3 13 1 4 8 2 4 12 1 5 9 1 5 10 1 5 11 1 6 11 1 6 13 1 7 9 1
R 2092 42 63 6 72 3 4 5 0 5 2 4 1 0 4 0 1 5 2 3 1 2 3 1 2 3 3 1 0 3 2 1 0 2 3 1 0 4 1 2 5 2 4 0 3 0 4 0 1 2 4 3 1 2 3 5 5 3 2 0 4 1 4 5 0 4 5 5 | 14 20  0 6 1 0 9 1 0 10 1 1 7 1 1 10 1 1 13 1 2 7 1 2 11 1 2 12 1 3 8 1 3 12 1 3 13 1 4 8 2 4 12 1 5 9 1 5 10 1 5 11 1 6 11 1 6 13 1 7 9 1
R 2093 42 63 6 162 3 4 5 5 0 4 1 2 0 0 3 4 1 2 5 1 2 3 1 2 3 3 1 0 5 2 4 0 2 3 3 2 4 1 2 0 1 0 3 1 4 0 0 1 2 2 1 3 4 5 3 1 5 2 0 3 4 4 0 5 4 5 5 | 14 20  0 6 1 0 9 1 0 12 1 1 7 1 1 10 1 1 11 1 2 7 1 2 10 1 2 13 1 3 8 1 3 12 1 3 13 1 4 8 2 4 12 1 5 9 1 5 10 1 5 11 1 6 11 1 6 13 1 7 9 1
R 2094 42 63 6 124 3 4 5 5 0 4 1 2 0 0 1 2 3 4 5 1 2 3 1 2 3 3 1 0 5 4 2 0 2 3 3 2 4 1 2 0 3 1 0 1 0 4 0 1 2 2 1 3 4 5 3 3 4 5 0 1 2 4 0 5 4 5 5 | 14 20  0 6 1 0 9 1 0 13 1 1 7 1 1 10 1 1 11 1 2 7 1 2 10 1 2 13 1 3 8 1 3 12 1 3 13 1 4 8 2 4 12 1 5 9 1 5 10 1 5 11 1 6 11 1 6 12 1 7 9 1
R 2095 42 63 6 75 3 4 5 3 5 0 4 0 1 0 4 2 5 2 1 1 2 3 1 2 3 2 0 1 1 2 3 0 2 3 1 0 4 4 1 5 3 2 0 3 4 0 0 1 2 4 2 1 3 5 2 5 3 1 0 4 3 4 5 0 4 5 5 | 14 20  0 6 1 0 9 1 0 10 1 1 7 1 1 11 1 1 12 1 2 7 1 2 12 1 2 13 1 3 8 1 3 10 1 3 13 1 4 8 2 4 11 1 5 9 1 5 10 1 5 11 1 6 12 1 6 13 1 7 9 1
R 2096 42 63 6 73 3 4 5 0 5 4 1 5 2 1 0 2 3 4 0 1 2 3 1 2 3 3 1 4 3 2 0 0 2 3 1 0 4 2 1 4 0 2 5 3 0 1 0 1 2 2 3 1 0 3 4 4 5 3 1 5 2 4 5 0 4 5 5 | 14 20  0 6 1 0 9 1 0 10 1 1 7 1 1 11 1 1 12 1 2 7 1 2 12 1 2 13 1 3 8 2 3 10 1 4 8 1 4 11 1 4 13 1 5 9 1 5 10 1 5 11 1 6 12 1 6 13 1 7 9 1
R 2097 42 63 6 403 3 4 5 5 4 0 0 5 3 1 0 2 4 3 2 1 2 5 1 2 3 3 0 1 2 3 0 0 2 3 3 2 4 5 1 4 2 5 0 1 0 4 0 1 2 2 1 3 4 2 1 4 5 3 1 5 0 4 0 3 4 5 5 | 14 20  0 6 1 0 9 1 0 13 1 1 7 1 1 10 1 1 12 1 2 7 1 2 11 1 2 12 1 3 8 1 3 10 1 3 13 1 4 8 2 4 11 1 5 9 1 5 10 1 5 11 1 6 12 1 6 13 1 7 9 1
R 2098 42 63 6 613 3 4 5 5 0 4 1 2 5 4 0 1 3 2 0 1 2 3 1 2 3 3 1 0 5 1 0 0 2 3 3 2 4 1 2 0 2 0 4 1 3 4 0 1 2 2 1 3 4 3 0 2 3 5 4 1 5 4 0 5 4 5 5 | 14 20  0 6 1 0 9 1 0 13 1 1 7 1 1 10 1 1 11 1 2 7 1 2 12 1 2 13 1 3 8 2 3 10 1 4 8 1 4 12 1 4 13 1 5 9 1 5 10 1 5 11 1 6 11 1 6 12 1 7 9 1
R 2099 42 63 6 63 3 4 5 0 1 2 0 3 1 0 3 4 1 2 4 0 4 5 1 2 3 2 3 1 1 4 3 2 4 5 1 0 4 3 0 2 0 4 3 0 5 1 0 1 2 4 3 5 5 4 2 2 5 1 0 5 3 3 1 2 5 4 0 | 14 20  0 6 1 0 9 1 0 10 1 1 7 1 1 10 1 1 11 1 2 7 1 2 11 1 2 12 1 3 8 2 3 11 1 4 8 1 4 12 1 4 13 1 5 9 1 5 12 1 5 13 1 6 10 1 6 13 1 7 9 1
R 2100 42 63 6 1397 3 4 5 0 1 2 0 3 2 1 0 4 2 4 5 1 4 5 1 2 3 2 3 1 5 4 3 2 4 5 1 0 4 3 0 4 2 0 1 5 1 2 0 1 2 4 3 5 5 1 4 2 5 3 0 1 3 3 2 0 5 4 0 | 14 20  0 6 1 0 9 1 0 10 1 1 7 1 1 10 1 1 11 1 2 7 1 2 11 1 2 13 1 3 8 1 3 12 1 3 13 1 4 8 2 4 12 1 5 9 1 5 11 1 5 13 1 6 10 1 6 12 1 7 9 1
R 2101 42 63 6 518 3 4 5 0 1 2 0 3 4 1 3 2 0 2 5 1 0 4 1 2 3 2 3 1 5 2 4 2 4 5 1 0 4 3 1 0 0 2 3 0 3 1 0 1 2 4 3 5 5 2 1 0 5 4 1 3 4 3 5 2 5 4 0 | 14 20  0 6 1 0 9 1 0 10 1 1 7 1 1 10 1 1 13 1 2 7 1 2 11 1 2 12 1 3 8 1 3 11 1 3 13 1 4 8 2 4 12 1 5 9 1 5 12 1 5 13 1 6 10 1 6 11 1 7 9 1
R 2102 42 63 6 164 3 4 5 0 4 2 2 3 4 5 1 2 4 0 3 0 3 1 1 2 3 1 2 4 3 0 2 2 0 5 1 0 4 3 0 5 3 1 4 0 2 4 0 1 2 5 3 1 0 5 1 4 0 3 1 5 2 4 2 5 5 4 3 | 14 20  0 6 1 0 9 1 0 10 1 1 7 1 1 10 1 1 11 1 2 7 1 2 12 1 2 13 1 3 8 1 3 12 1 3 13 1 4 8 2 4 12 1 5 9 1 5 11 1 5 13 1 6 10 1 6 11 1 7 9 1
R 2103 42 63 6 692 3 4 5 0 1 2 0 3 4 0 1 5 3 4 5 1 0 2 1 2 3 2 3 1 5 4 2 2 4 5 1 0 4 3 1 0 3 0 1 0 5 3 0 1 2 4 3 5 5 2 1 3 4 2 0 1 2 3 5 4 5 4 0 | 14 20  0 6 1 0 9 1 0 10 1 1 7 1 1 10 1 1 12 1 2 7 1 2 11 1 2 13 1 3 8 1 3 12 1 3 13 1 4 8 2 4 12 1 5 9 1 5 11 1 5 13 1 6 10 1 6 11 1 7 9 1
R 2104 42 63 6 74 3 4 5 0 1 2 0 3 4 1 3 4 5 0 2 1 0 2 1 2 3 2 3 1 2 0 4 2 4 5 1 0 4 3 1 0 2 5 3 0 3 1 0 1 2 4 3 5 5 2 1 5 0 2 1 3 4 3 5 4 5 4 0 | 14 20  0 6 1 0 9 1 0 10 1 1 7 1 1 10 1 1 13 1 2 7 1 2 11 1 2 12 1 3 8 1 3 12 1 3 13 1 4 8 2 4 12 1 5 9 1 5 11 1 5 13 1 6 10 1 6 11 1 7 9 1
R 2105 42 63 6 782 3 4 5 0 1 2 0 3 1 2 0 4 3 1 4 4 0 5 1 2 3 2 3 1 4 1 0 2 4 5 1 0 4 3 0 1 5 4 3 0 3 2 0 1 2 4 3 5 5 2 4 3 5 1 2 5 0 3 2 1 5 4 0 | 14 20  0 6 1 0 9 1 0 10 1 1 7 1 1 10 1 1 13 1 2 7 1 2 12 1 2 13 1 3 8 1 3 11 1 3 13 1 4 8 2 4 12 1 5 9 1 5 11 1 5 12 1 6 10 1 6 11 1 7 9 1
R 2106 42 63 6 100 3 4 5 5 0 4 1 5 2 1 0 3 2 4 0 1 2 5 1 2 3 2 1 4 4 3 0 0 2 3 0 2 5 2 1 0 5 1 4 0 1 3 0 1 2 3 1 2 0 3 4 2 5 4 1 3 5 4 3 0 4 5 5 | 14 20  0 6 1 0 9 1 0 13 1 1 7 1 1 10 1 1 12 1 2 7 1 2 10 1 2 13 1 3 8 2 3 11 1 4 8 1 4 12 1 4 13 1 5 9 1 5 11 1 5 12 1 6 10 1 6 11 1 7 9 1
R 2107 42 63 6 267 3 4 5 0 5 4 4 1 5 1 0 2 3 4 0 1 2 3 1 2 3 3 4 0 3 2 0 0 2 3 1 0 4 3 5 1 1 0 4 2 4 1 0 1 2 1 2 3 2 0 3 4 5 3 1 2 5 4 5 0 5 4 5 | 14 20  0 6 1 0 9 1 0 10 1 1 7 1 1 11 1 1 12 1 2 7 1 2 11 1 2 13 1 3 8 2 3 10 1 4 8 1 4 12 1 4 13 1 5 9 1 5 12 1 5 13 1 6 10 1 6 11 1 7 9 1
R 2108 42 63 6 133 3 4 5 0 3 1 2 4 5 0 1 2 4 5 2 1 0 5 1 2 3 1 2 3 2 5 0 2 0 4 1 0 4 3 5 1 0 2 3 0 1 4 0 1 2 4 2 5 0 1 3 4 3 5 1 3 0 3 4 2 5 4 5 | 14 20  0 6 1 0 9 1 0 10 1 1 7 1 1 11 1 1 12 1 2 7 1 2 12 1 2 13 1 3 8 1 3 10 1 3 13 1 4 8 2 4 11 1 5 9 1 5 12 1 5 13 1 6 10 1 6 11 1 7 9 1
R 2109 42 63 6 255 3 4 5 1 0 4 5 2 3 1 0 2 3 4 0 5 1 2 1 2 3 3 4 1 3 2 0 2 0 3 1 0 4 2 0 1 2 1 0 5 4 3 0 1 2 2 3 5 0 4 1 4 5 3 1 5 2 4 3 0 5 4 5 | 14 20  0 6 1 0 9 1 0 10 1 1 7 1 1 11 1 1 12 1 2 7 1 2 12 1 2 13 1 3 8 2 3 10 1 4 8 1 4 11 1 4 13 1 5 9 1 5 12 1 5 13 1 6 10 1 6 11 1 7 9 1
R 2110 42 63 6 109 3 4 5 0 2 5 4 5 1 1 0 2 3 4 0 1 2 3 1 2 3 3 1 0 3 2 0 0 2 3 1 0 4 2 1 0 3 4 5 2 4 1 0 1 2 4 3 1 2 0 3 4 5 3 1 2 5 4 5 0 5 4 5 | 14 20  0 6 1 0 9 1 0 10 1 1 7 1 1 11 1 1 12 1 2 7 1 2 12 1 2 13 1 3 8 2 3 10 1 4 8 1 4 12 1 4 13 1 5 9 1 5 11 1 5 13 1 6 10 1 6 11 1 7 9 1
R 2111 42 63 6 130 3 4 5 2 4 5 3 1 0 0 1 2 3 4 5 0 1 2 1 2 3 0 1 2 5 4 2 2 0 3 1 0 4 1 3 4 3 1 0 2 0 3 0 1 2 3 0 1 4 2 5 3 5 4 0 1 2 4 3 5 5 4 5 | 14 20  0 6 1 0 9 1 0 10 1 1 7 1 1 11 1 1 13 1 2 7 1 2 11 1 2 13 1 3 8 1 3 12 1 3 13 1 4 8 2 4 12 1 5 9 1 5 10 1 5 11 1 6 10 1 6 12 1 7 9 1
R 2112 42 63 6 137 3 4 5 2 4 0 1 3 5 3 0 1 2 4 5 0 1 2 1 2 3 0 1 2 5 4 1 2 0 3 1 0 4 3 1 0 2 0 3 2 3 4 0 1 2 3 5 1 4 2 0 2 4 5 0 3 1 4 3 5 5 4 5 | 14 20  0 6 1 0 9 1 0 10 1 1 7 1 1 11 1 1 13 1 2 7 1 2 11 1 2 13 1 3 8 1 3 12 1 3 13 1 4 8 2 4 12 1 5 9 1 5 10 1 5 12 1 6 10 1 6 11 1 7 9 1
R 2113 42 63 6 450 3 4 5 2 4 0 1 3 5 4 0 5 3 1 2 0 1 2 1 2 3 0 1 2 2 1 5 2 0 3 1 0 4 3 1 0 2 3 4 4 0 3 0 1 2 3 5 1 4 0 2 3 2 1 0 4 5 4 3 5 5 4 5 | 14 20  0 6 1 0 9 1 0 10 1 1 7 1 1 11 1 1 12 1 2 7 1 2 12 1 2 13 1 3 8 1 3 11 1 3 13 1 4 8 2 4 12 1 5 9 1 5 10 1 5 13 1 6 10 1 6 11 1 7 9 1
R 2114 42 63 6 517 3 4 5 2 0 4 3 4 5 0 2 1 5 1 3 1 2 0 1 2 3 1 4 0 3 1 4 0 2 3 3 0 2 2 0 4 2 1 5 1 0 3 0 1 2 3 1 5 2 1 0 5 3 4 0 2 4 4 5 3 4 5 5 | 14 20  0 6 1 0 9 1 0 13 1 1 7 1 1 10 1 1 13 1 2 7 1 2 11 1 2 12 1 3 8 1 3 11 1 3 13 1 4 8 2 4 12 1 5 9 1 5 10 1 5 12 1 6 10 1 6 11 1 7 9 1
R 2115 42 63 6 91 3 4 5 2 0 4 3 4 0 5 1 4 3 2 1 1 2 0 1 2 3 1 4 0 3 4 1 0 2 3 3 0 2 2 4 0 2 1 4 1 0 3 0 1 2 3 1 5 2 1 5 0 2 3 5 0 4 4 5 3 4 5 5 | 14 20  0 6 1 0 9 1 0 13 1 1 7 1 1 10 1 1 13 1 2 7 1 2 11 1 2 12 1 3 8 2 3 11 1 4 8 1 4 12 1 4 13 1 5 9 1 5 10 1 5 12 1 6 10 1 6 11 1 7 9 1
R 2116 42 63 6 245 3 4 5 0 1 2 0 3 1 2 0 5 4 1 5 0 3 2 1 2 3 4 5 1 5 1 3 1 3 2 0 2 3 0 3 4 0 2 5 2 0 1 0 1 2 3 5 4 2 5 4 4 1 3 0 2 3 4 5 1 4 5 0 | 14 20  0 6 1 0 10 1 0 11 1 1 7 1 1 9 1 1 10 1 2 7 1 2 10 1 2 13 1 3 8 1 3 11 1 3 13 1 4 8 2 4 12 1 5 9 1 5 11 1 5 12 1 6 12 1 6 13 1 7 9 1
R 2117 42 63 6 1817 3 4 5 0 1 2 0 3 1 5 2 3 1 0 4 0 5 2 1 2 3 4 5 1 4 3 2 1 3 2 0 2 3 0 1 5 3 5 0 2 0 1 0 1 2 3 5 4 2 5 4 0 1 4 5 2 3 4 3 1 4 5 0 | 14 20  0 6 1 0 10 1 0 11 1 1 7 1 1 9 1 1 10 1 2 7 1 2 10 1 2 13 1 3 8 2 3 11 1 4 8 1 4 12 1 4 13 1 5 9 1 5 11 1 5 12 1 6 12 1 6 13 1 7 9 1
R 2118 42 63 6 149 3 4 5 5 0 1 2 0 3 0 1 2 4 5 2 0 4 1 1 2 3 1 3 5 2 5 0 3 2 1 2 0 4 1 0 4 3 1 5 4 2 0 0 1 2 2 4 3 4 5 1 4 3 5 1 3 0 5 2 3 5 4 0 | 14 20  0 6 1 0 10 1 0 11 1 1 7 1 1 9 1 1 10 1 2 7 1 2 10 1 2 13 1 3 8 1 3 11 1 3 13 1 4 8 2 4 12 1 5 9 1 5 12 1 5 13 1 6 11 1 6 12 1 7 9 1
R 2119 42 63 6 104 3 4 5 3 5 4 1 2 0 1 0 2 3 4 0 1 2 4 1 2 3 0 2 5 3 2 0 0 1 3 2 4 3 1 0 4 2 1 0 1 3 5 0 1 2 1 2 0 3 5 4 4 5 3 1 5 2 5 3 0 5 4 4 | 14 20  0 6 1 0 10 1 0 11 1 1 7 1 1 9 1 1 10 1 2 7 1 2 10 1 2 13 1 3 8 2 3 11 1 4 8 1 4 12 1 4 13 1 5 9 1 5 12 1 5 13 1 6 11 1 6 12 1 7 9 1
R 2120 42 63 6 123 3 4 5 5 1 2 1 0 3 0 1 4 3 4 2 0 4 2 1 2 3 2 0 3 2 4 0 3 4 2 0 4 5 1 0 4 2 1 3 3 0 5 0 1 2 4 0 3 5 2 4 3 5 2 1 5 0 5 3 1 5 4 1 | 14 20  0 6 1 0 10 1 0 11 1 1 7 1 1 9 1 1 10 1 2 7 1 2 10 1 2 12 1 3 8 1 3 12 1 3 13 1 4 8 2 4 12 1 5 9 1 5 11 1 5 13 1 6 11 1 6 13 1 7 9 1
R 2121 42 63 6 392 3 4 5 0 1 2 0 4 1 1 5 2 0 2 4 0 5 3 1 2 3 5 4 1 4 2 5 1 3 2 0 2 3 2 0 5 0 1 3 0 1 4 0 1 2 3 5 4 2 5 3 0 4 3 1 3 5 4 1 2 4 5 0 | 14 20  0 6 1 0 10 1 0 12 1 1 7 1 1 9 1 1 10 1 2 7 1 2 10 1 2 11 1 3 8 1 3 12 1 3 13 1 4 8 2 4 12 1 5 9 1 5 11 1 5 13 1 6 11 1 6 13 1 7 9 1
R 2122 42 63 6 123 3 4 5 1 0 5 3 2 4 1 0 2 4 3 2 1 0 4 1 2 3 5 3 4 2 3 0 2 0 5 4 0 2 3 0 2 4 3 1 1 0 4 0 1 2 2 4 3 0 5 1 4 5 3 1 5 0 3 5 2 4 5 1 | 14 20  0 6 1 0 10 1 0 13 1 1 7 1 1 9 1 1 10 1 2 7 1 2 10 1 2 11 1 3 8 1 3 12 1 3 13 1 4 8 2 4 12 1 5 9 1 5 11 1 5 12 1 6 11 1 6 13 1 7 9 1
R 2123 42 63 6 187 3 4 5 0 1 2 0 4 1 5 1 2 3 0 4 3 0 2 1 2 3 5 4 1 4 0 2 1 3 2 0 2 3 0 2 5 3 4 1 0 1 3 0 1 2 3 5 4 2 5 3 3 0 4 1 5 2 4 1 5 4 5 0 | 14 20  0 6 1 0 10 1 0 13 1 1 7 1 1 9 1 1 10 1 2 7 1 2 10 1 2 11 1 3 8 1 3 12 1 3 13 1 4 8 2 4 12 1 5 9 1 5 11 1 5 13 1 6 11 1 6 12 1 7 9 1
R 2124 42 63 6 453 3 4 5 0 1 2 4 0 2 3 4 0 1 0 2 1 5 3 1 2 3 2 3 5 2 0 3 3 1 2 0 2 4 1 0 4 0 1 5 3 4 1 0 1 2 4 5 3 1 3 5 1 5 2 4 5 3 4 2 0 5 4 0 | 14 20  0 6 1 0 10 1 0 11 1 1 7 1 1 9 1 1 10 1 2 7 1 2 12 1 2 13 1 3 8 1 3 10 1 3 13 1 4 8 2 4 11 1 5 9 1 5 12 1 5 13 1 6 11 1 6 12 1 7 9 1
R 2125 42 63 6 143 3 4 5 0 2 5 5 0 1 0 1 4 3 4 2 0 4 2 1 2 3 4 5 3 2 4 5 1 4 2 0 1 2 2 0 3 1 0 4 3 0 5 0 1 2 1 3 4 2 3 4 3 5 2 0 1 5 5 3 1 5 4 0 | 14 20  0 6 1 0 11 1 0 12 1 1 7 1 1 9 1 1 10 1 2 7 1 2 10 1 2 11 1 3 8 1 3 10 1 3 13 1 4 8 2 4 11 1 5 9 1 5 12 1 5 13 1 6 12 1 6 13 1 7 9 1
R 2126 42 63 6 120 3 4 5 0 4 1 2 0 1 0 2 5 3 1 4 0 4 2 1 2 3 1 2 3 1 5 2 2 4 1 0 3 4 4 0 2 1 0 4 3 0 5 0 1 2 5 3 2 4 5 3 3 4 1 0 5 2 5 3 1 5 4 0 | 14 20  0 6 1 0 11 1 0 12 1 1 7 1 1 9 1 1 10 1 2 7 1 2 10 1 2 11 1 3 8 2 3 10 1 4 8 1 4 11 1 4 13 1 5 9 1 5 12 1 5 13 1 6 12 1 6 13 1 7 9 1
R 2127 42 63 6 57 3 4 5 2 1 4 0 4 5 5 2 1 0 4 2 3 0 1 1 2 3 3 4 1 0 1 2 1 0 2 2 3 4 0 4 2 1 0 4 3 0 5 0 1 2 0 3 5 2 1 3 3 4 0 5 3 1 4 5 2 5 4 5 | 14 20  0 6 1 0 11 1 0 12 1 1 7 1 1 9 1 1 10 1 2 7 1 2 10 1 2 11 1 3 8 2 3 10 1 4 8 1 4 12 1 4 13 1 5 9 1 5 11 1 5 13 1 6 12 1 6 13 1 7 9 1
R 2128 42 63 6 704 3 4 5 4 0 5 3 0 4 1 0 2 4 3 2 0 1 2 1 2 3 1 3 4 2 3 0 3 2 5 2 4 0 1 3 4 0 2 5 1 0 4 0 1 2 2 1 3 5 1 2 4 5 3 1 5 0 4 5 3 4 5 0 | 14 20  0 6 1 0 12 1 0 13 1 1 7 1 1 9 1 1 10 1 2 7 1 2 10 1 2 11 1 3 8 1 3 10 1 3 13 1 4 8 2 4 11 1 5 9 1 5 11 1 5 12 1 6 12 1 6 13 1 7 9 1
R 2129 42 63 6 111 3 4 5 1 4 5 1 0 3 4 2 5 1 0 2 4 1 2 1 2 3 2 5 3 3 5 2 2 4 0 0 1 4 4 1 3 0 2 5 1 0 4 0 1 2 0 3 2 4 5 2 0 1 3 4 5 3 5 0 3 4 5 1 | 14 20  0 6 1 0 12 1 0 13 1 1 7 1 1 9 1 1 10 1 2 7 1 2 10 1 2 11 1 3 8 2 3 10 1 4 8 1 4 11 1 4 13 1 5 9 1 5 11 1 5 12 1 6 12 1 6 13 1 7 9 1
R 2130 42 63 NOT6 A+B chi=-1 | 14 20  0 6 2 0 12 1 1 7 1 1 9 1 1 10 1 2 7 1 2 10 1 2 11 1 3 8 1 3 10 1 3 13 1 4 8 1 4 11 1 4 13 1 5 9 1 5 11 1 5 13 1 6 12 1 7 9 1 8 12 1
R 2131 42 63 6 117 3 4 5 5 0 2 1 3 2 0 1 4 3 2 5 1 0 4 1 2 3 2 1 4 5 2 4 4 0 3 0 2 3 1 0 2 1 0 3 3 1 0 0 1 2 3 1 4 0 4 5 3 5 2 0 1 4 2 5 3 4 5 5 | 14 20  0 6 1 0 10 1 0 12 1 1 7 1 1 9 1 1 13 1 2 7 1 2 10 1 2 11 1 3 8 1 3 12 1 3 13 1 4 8 2 4 12 1 5 9 1 5 10 1 5 11 1 6 11 1 6 13 1 7 9 1
R 2132 42 63 6 110 3 4 5 1 0 4 0 4 5 1 0 2 4 3 2 3 0 2 1 2 3 2 4 5 2 3 0 2 3 1 2 0 4 3 0 5 3 1 4 1 0 4 0 1 2 3 5 2 1 3 2 4 5 3 1 5 0 4 5 1 4 5 0 | 14 20  0 6 1 0 10 1 0 13 1 1 7 1 1 9 1 1 12 1 2 7 1 2 10 1 2 11 1 3 8 1 3 12 1 3 13 1 4 8 2 4 12 1 5 9 1 5 10 1 5 11 1 6 11 1 6 13 1 7 9 1
R 2133 42 63 6 257 3 4 5 3 4 5 0 1 2 3 4 0 1 0 2 3 1 2 1 2 3 5 1 2 2 0 3 2 4 5 3 0 1 0 2 4 1 0 4 3 1 0 0 1 2 0 1 2 4 5 3 1 5 2 4 5 3 0 4 5 5 4 3 | 14 20  0 6 1 0 11 1 0 12 1 1 7 1 1 9 1 1 10 1 2 7 1 2 10 1 2 11 1 3 8 1 3 11 1 3 13 1 4 8 2 4 12 1 5 9 1 5 10 1 5 13 1 6 12 1 6 13 1 7 9 1
R 2134 42 63 NOT6 A+B chi=-1 | 14 20  0 6 2 0 12 1 1 7 1 1 9 1 1 10 1 2 7 1 2 10 1 2 11 1 3 8 1 3 11 1 3 13 1 4 8 1 4 11 1 4 13 1 5 9 1 5 10 1 5 13 1 6 12 1 7 9 1 8 12 1
R 2135 42 63 6 15290 3 4 5 5 4 3 0 1 2 1 0 2 3 4 5 2 0 1 1 2 3 2 0 4 5 4 1 4 2 1 1 0 3 0 2 3 3 0 2 3 0 1 0 1 2 1 0 2 3 5 4 3 5 4 0 2 1 3 4 5 4 5 5 | 14 20  0 6 1 0 11 1 0 13 1 1 7 1 1 9 1 1 10 1 2 7 1 2 10 1 2 11 1 3 8 1 3 12 1 3 13 1 4 8 2 4 12 1 5 9 1 5 10 1 5 11 1 6 12 1 6 13 1 7 9 1
R 2136 42 63 6 117 3 4 5 3 4 5 0 1 2 1 0 4 3 2 5 1 5 2 1 2 3 2 0 3 5 2 4 2 1 4 1 0 3 0 2 5 0 1 3 3 1 4 0 1 2 1 0 2 4 5 3 3 5 2 0 1 4 3 4 0 4 5 5 | 14 20  0 6 1 0 11 1 0 12 1 1 7 1 1 9 1 1 10 1 2 7 1 2 10 1 2 11 1 3 8 1 3 12 1 3 13 1 4 8 2 4 12 1 5 9 1 5 10 1 5 13 1 6 11 1 6 13 1 7 9 1
R 2137 42 63 6 220 3 4 5 0 1 4 0 3 1 5 2 3 0 4 2 5 0 1 1 2 3 2 4 1 1 3 2 1 2 3 5 3 0 0 4 5 1 0 4 3 0 5 0 1 2 3 5 2 5 4 2 0 4 1 5 3 1 4 2 3 5 4 0 | 14 20  0 6 1 0 11 1 0 12 1 1 7 1 1 9 1 1 13 1 2 7 1 2 10 1 2 11 1 3 8 2 3 10 1 4 8 1 4 12 1 4 13 1 5 9 1 5 10 1 5 11 1 6 12 1 6 13 1 7 9 1
R 2138 42 63 6 1168 3 4 5 0 1 2 0 3 4 1 0 2 4 3 5 5 1 2 1 2 3 2 3 5 5 3 2 3 1 2 3 1 4 1 0 4 0 2 5 1 0 4 0 1 2 4 5 3 1 2 5 4 5 3 0 1 2 4 0 3 4 5 0 | 14 20  0 6 1 0 12 1 0 13 1 1 7 1 1 9 1 1 12 1 2 7 1 2 10 1 2 11 1 3 8 1 3 10 1 3 13 1 4 8 2 4 11 1 5 9 1 5 10 1 5 11 1 6 12 1 6 13 1 7 9 1
R 2139 42 63 NOT6 A+B chi=-1 | 14 20  0 6 2 0 12 1 1 7 1 1 9 1 1 13 1 2 7 1 2 10 1 2 11 1 3 8 1 3 10 1 3 13 1 4 8 1 4 11 1 4 13 1 5 9 1 5 10 1 5 11 1 6 12 1 7 9 1 8 12 1
R 2140 42 63 6 575 3 4 5 0 1 2 0 3 2 1 0 2 3 4 5 0 1 5 1 2 3 2 3 5 5 4 2 3 1 2 0 2 5 1 0 3 0 4 1 3 1 0 0 1 2 4 5 3 1 4 5 3 5 4 0 1 2 4 3 2 4 5 0 | 14 20  0 6 1 0 10 1 0 11 1 1 7 1 1 9 1 1 10 1 2 7 1 2 11 1 2 12 1 3 8 1 3 11 1 3 13 1 4 8 2 4 12 1 5 9 1 5 12 1 5 13 1 6 10 1 6 13 1 7 9 1
R 2141 42 63 6 1040 3 4 5 0 1 2 0 3 2 0 1 5 3 4 5 1 0 2 1 2 3 2 3 5 5 4 2 3 1 2 0 2 5 1 0 3 1 0 3 4 0 1 0 1 2 4 5 3 1 4 5 3 4 2 0 1 2 4 5 3 4 5 0 | 14 20  0 6 1 0 10 1 0 11 1 1 7 1 1 9 1 1 10 1 2 7 1 2 11 1 2 12 1 3 8 1 3 12 1 3 13 1 4 8 2 4 12 1 5 9 1 5 11 1 5 13 1 6 10 1 6 13 1 7 9 1
R 2142 42 63 6 1040 3 4 5 0 1 2 0 3 2 0 1 5 3 4 5 1 0 2 1 2 3 2 3 5 5 4 2 3 1 2 0 2 5 1 0 3 3 1 0 0 1 4 0 1 2 4 5 3 1 4 5 3 4 2 0 1 2 4 5 3 4 5 0 | 14 20  0 6 1 0 10 1 0 11 1 1 7 1 1 9 1 1 10 1 2 7 1 2 11 1 2 13 1 3 8 1 3 12 1 3 13 1 4 8 2 4 12 1 5 9 1 5 11 1 5 13 1 6 10 1 6 12 1 7 9 1
R 2143 42 63 6 692 3 4 5 0 1 2 0 4 2 1 0 5 2 4 5 0 1 3 1 2 3 2 3 5 5 4 3 3 1 2 0 2 5 1 0 4 0 2 1 1 0 4 0 1 2 4 5 3 1 3 5 2 4 3 0 1 3 4 5 2 4 5 0 | 14 20  0 6 1 0 10 1 0 11 1 1 7 1 1 9 1 1 10 1 2 7 1 2 11 1 2 13 1 3 8 1 3 12 1 3 13 1 4 8 2 4 12 1 5 9 1 5 12 1 5 13 1 6 10 1 6 11 1 7 9 1
R 2144 42 63 6 144 3 4 5 0 1 2 3 0 5 1 0 2 3 4 0 1 5 2 1 2 3 2 3 5 3 2 0 3 1 2 0 2 5 1 0 4 1 0 5 1 4 3 0 1 2 4 5 3 1 4 2 4 5 3 1 2 5 4 3 0 4 5 0 | 14 20  0 6 1 0 10 1 0 11 1 1 7 1 1 9 1 1 10 1 2 7 1 2 12 1 2 13 1 3 8 2 3 11 1 4 8 1 4 12 1 4 13 1 5 9 1 5 12 1 5 13 1 6 10 1 6 11 1 7 9 1
R 2145 42 63 6 280 3 4 5 3 4 5 1 0 2 1 0 2 4 3 5 0 5 2 1 2 3 2 0 3 5 3 2 1 2 4 0 2 5 0 1 3 4 3 0 1 0 4 0 1 2 1 0 2 4 3 5 4 5 3 0 1 2 3 4 1 4 5 5 | 14 20  0 6 1 0 10 1 0 11 1 1 7 1 1 9 1 1 13 1 2 7 1 2 10 1 2 12 1 3 8 1 3 11 1 3 13 1 4 8 2 4 12 1 5 9 1 5 11 1 5 12 1 6 10 1 6 13 1 7 9 1
R 2146 42 63 6 641 3 4 5 3 4 5 1 0 2 5 2 3 4 0 2 0 5 1 1 2 3 2 0 3 1 3 2 1 2 4 0 2 5 0 3 5 3 4 0 1 0 4 0 1 2 1 0 2 4 3 5 0 4 1 5 1 3 3 4 2 4 5 5 | 14 20  0 6 1 0 10 1 0 11 1 1 7 1 1 9 1 1 13 1 2 7 1 2 10 1 2 12 1 3 8 2 3 11 1 4 8 1 4 12 1 4 13 1 5 9 1 5 11 1 5 12 1 6 10 1 6 13 1 7 9 1
R 2147 42 63 6 302 3 4 5 2 4 0 0 4 5 1 0 2 4 3 2 3 4 1 1 2 3 1 0 2 2 3 0 0 3 1 3 5 4 2 4 5 3 0 2 1 0 4 0 1 2 5 1 3 3 2 1 4 5 3 1 5 0 2 0 5 4 5 4 | 14 20  0 6 1 0 11 1 0 13 1 1 7 1 1 10 1 1 11 1 2 7 1 2 10 1 2 12 1 3 8 1 3 9 1 3 13 1 4 8 2 4 10 1 5 9 1 5 11 1 5 12 1 6 12 1 6 13 1 7 9 1
R 2148 42 63 6 112 3 4 5 3 1 5 0 5 4 4 3 2 1 0 2 0 4 1 1 2 3 4 0 1 0 2 3 1 4 2 1 4 3 0 2 3 3 0 5 1 0 4 0 1 2 2 0 4 3 2 1 1 5 0 4 5 3 3 5 2 4 5 5 | 14 20  0 6 1 0 11 1 0 13 1 1 7 1 1 10 1 1 11 1 2 7 1 2 10 1 2 12 1 3 8 2 3 9 1 4 8 1 4 10 1 4 13 1 5 9 1 5 11 1 5 12 1 6 12 1 6 13 1 7 9 1
R 2149 42 63 6 1168 3 4 5 1 3 4 0 1 2 1 0 2 4 3 5 5 0 2 1 2 3 2 5 3 5 3 2 3 0 2 3 0 4 0 1 4 0 2 5 1 0 4 0 1 2 0 2 5 4 5 3 4 5 3 0 1 2 4 1 3 4 5 1 | 14 20  0 6 1 0 12 1 0 13 1 1 7 1 1 10 1 1 11 1 2 7 1 2 10 1 2 12 1 3 8 1 3 9 1 3 13 1 4 8 2 4 11 1 5 9 1 5 10 1 5 11 1 6 12 1 6 13 1 7 9 1
R 2150 42 63 6 97 3 4 5 3 4 5 0 1 2 4 2 5 1 0 2 1 5 0 1 2 3 2 0 3 3 5 2 0 1 4 1 2 3 0 1 4 0 2 5 1 0 4 0 1 2 1 0 2 4 5 3 0 1 3 4 5 3 2 4 3 4 5 5 | 14 20  0 6 1 0 12 1 0 13 1 1 7 1 1 10 1 1 11 1 2 7 1 2 10 1 2 12 1 3 8 2 3 9 1 4 8 1 4 11 1 4 13 1 5 9 1 5 10 1 5 11 1 6 12 1 6 13 1 7 9 1
R 2151 42 63 NOT6 A+B chi=-1 | 14 20  0 6 2 0 12 1 1 7 1 1 10 1 1 11 1 2 7 1 2 10 1 2 13 1 3 8 1 3 9 1 3 13 1 4 8 1 4 11 1 4 13 1 5 9 1 5 10 1 5 11 1 6 12 1 7 9 1 8 12 1
R 2152 42 63 NOT6 A+B chi=-1 | 14 20  0 6 2 0 12 1 1 7 1 1 10 1 1 13 1 2 7 1 2 11 1 2 13 1 3 8 1 3 9 1 3 10 1 4 8 1 4 11 1 4 13 1 5 9 1 5 10 1 5 11 1 6 12 1 7 9 1 8 12 1
R 2153 42 63 6 238 3 4 5 2 4 1 0 4 2 3 0 1 4 2 5 0 5 1 1 2 3 1 3 2 5 2 1 2 0 1 0 5 4 0 2 3 1 0 4 3 0 5 0 1 2 0 3 5 5 3 1 4 5 2 0 3 1 3 2 4 5 4 4 | 14 20  0 6 1 0 11 1 0 12 1 1 7 1 1 10 1 1 11 1 2 7 1 2 12 1 2 13 1 3 8 1 3 9 1 3 13 1 4 8 2 4 10 1 5 9 1 5 10 1 5 11 1 6 12 1 6 13 1 7 9 1
R 2154 42 63 6 1011 3 4 5 2 4 1 0 4 2 4 1 2 3 0 1 4 5 0 1 2 3 1 0 2 5 2 1 0 3 1 4 3 2 0 4 2 1 0 4 3 0 5 0 1 2 3 0 5 5 3 1 0 3 5 4 5 2 2 1 3 5 4 4 | 14 20  0 6 1 0 11 1 0 12 1 1 7 1 1 10 1 1 11 1 2 7 1 2 12 1 2 13 1 3 8 2 3 9 1 4 8 1 4 10 1 4 13 1 5 9 1 5 10 1 5 11 1 6 12 1 6 13 1 7 9 1
R 2155 42 63 6 190 3 4 5 0 4 5 5 2 1 1 0 2 4 3 2 3 4 0 1 2 3 1 5 0 2 3 0 0 3 1 4 2 5 0 2 3 3 2 5 1 0 4 0 1 2 2 3 1 3 4 0 4 5 3 1 5 0 2 1 5 4 5 4 | 14 20  0 6 1 0 11 1 0 13 1 1 7 1 1 10 1 1 12 1 2 7 1 2 11 1 2 12 1 3 8 1 3 9 1 3 13 1 4 8 2 4 10 1 5 9 1 5 10 1 5 11 1 6 12 1 6 13 1 7 9 1
R 2156 42 63 6 287 3 4 5 5 3 2 1 5 0 4 3 2 1 0 2 0 4 1 1 2 3 0 1 3 0 2 3 1 4 2 0 4 3 2 0 3 1 5 2 1 0 4 0 1 2 4 1 0 2 4 3 1 5 0 4 5 3 3 2 5 4 5 5 | 14 20  0 6 1 0 11 1 0 13 1 1 7 1 1 10 1 1 12 1 2 7 1 2 11 1 2 12 1 3 8 2 3 9 1 4 8 1 4 10 1 4 13 1 5 9 1 5 10 1 5 11 1 6 12 1 6 13 1 7 9 1
R 2157 42 63 6 695 3 4 5 1 3 2 0 4 2 1 0 5 2 3 5 0 1 4 1 2 3 2 0 1 5 3 4 0 2 5 0 1 4 5 4 3 0 2 1 2 1 0 0 1 2 4 5 0 5 3 1 2 3 4 0 1 4 2 5 3 4 5 3 | 14 20  0 6 1 0 9 1 0 10 1 1 7 1 1 10 1 1 11 1 2 7 1 2 10 1 2 11 1 3 8 1 3 12 1 3 13 1 4 8 2 4 12 1 5 11 1 5 12 1 5 13 1 6 9 1 6 13 1 7 9 1
R 2158 42 63 6 242 3 4 5 1 3 2 0 3 1 0 1 4 3 2 4 0 5 2 1 2 3 2 0 1 4 2 1 0 2 5 0 1 3 4 1 5 2 0 3 3 0 4 0 1 2 4 5 0 5 2 4 3 5 2 0 5 1 4 3 1 4 5 3 | 14 20  0 6 1 0 9 1 0 10 1 1 7 1 1 10 1 1 11 1 2 7 1 2 11 1 2 12 1 3 8 1 3 12 1 3 13 1 4 8 2 4 12 1 5 10 1 5 11 1 5 13 1 6 9 1 6 13 1 7 9 1
R 2159 42 63 6 106 3 4 5 1 3 2 0 3 1 2 0 1 3 4 5 0 5 2 1 2 3 2 0 1 5 4 2 0 2 5 0 1 3 4 1 5 3 0 1 2 0 3 0 1 2 4 5 0 5 2 4 3 4 5 0 1 2 4 3 1 4 5 3 | 14 20  0 6 1 0 9 1 0 10 1 1 7 1 1 10 1 1 11 1 2 7 1 2 11 1 2 13 1 3 8 1 3 12 1 3 13 1 4 8 2 4 12 1 5 10 1 5 11 1 5 13 1 6 9 1 6 12 1 7 9 1
R 2160 42 63 6 434 3 4 5 1 3 0 0 3 1 5 2 4 1 3 4 2 5 0 1 2 3 2 0 1 4 3 5 0 2 5 3 0 4 3 5 1 0 2 1 1 4 0 0 1 2 4 5 2 5 2 4 1 0 3 0 2 5 1 4 3 4 5 3 | 14 20  0 6 1 0 9 1 0 10 1 1 7 1 1 10 1 1 13 1 2 7 1 2 11 1 2 12 1 3 8 1 3 11 1 3 13 1 4 8 2 4 12 1 5 10 1 5 11 1 5 12 1 6 9 1 6 13 1 7 9 1
R 2161 42 63 6 231 3 4 5 1 3 0 0 3 4 0 1 2 4 3 5 1 5 2 1 2 3 2 0 1 5 3 0 0 2 5 1 0 3 3 4 5 2 1 4 0 1 4 0 1 2 4 2 5 5 1 2 4 5 3 1 2 0 4 0 3 4 5 3 | 14 20  0 6 1 0 9 1 0 10 1 1 7 1 1 11 1 1 12 1 2 7 1 2 11 1 2 13 1 3 8 1 3 10 1 3 13 1 4 8 2 4 12 1 5 10 1 5 11 1 5 12 1 6 9 1 6 13 1 7 9 1
R 2162 42 63 6 418 3 4 5 1 3 0 0 3 4 4 2 3 5 1 2 2 5 1 1 2 3 2 0 1 5 3 2 0 2 5 0 1 4 3 4 5 1 2 3 0 1 4 0 1 2 4 2 5 5 1 2 0 1 5 4 0 3 3 0 4 4 5 3 | 14 20  0 6 1 0 9 1 0 10 1 1 7 1 1 11 1 1 12 1 2 7 1 2 11 1 2 13 1 3 8 2 3 10 1 4 8 1 4 12 1 4 13 1 5 10 1 5 11 1 5 12 1 6 9 1 6 13 1 7 9 1
R 2163 42 63 6 180 3 4 5 1 0 2 1 3 2 0 1 4 1 3 5 2 4 0 1 2 3 4 2 5 0 2 3 1 0 3 1 0 2 3 0 5 4 0 1 2 4 3 0 1 2 3 4 5 0 4 5 5 3 2 4 2 0 1 3 5 4 5 1 | 14 21  0 6 1 0 8 1 0 9 1 1 7 1 1 8 1 1 9 1 2 7 1 2 9 1 2 10 1 3 8 1 3 10 1 3 11 1 4 10 1 4 12 1 4 13 1 5 11 1 5 12 1 5 13 1 6 11 1 6 12 1 7 13 1
R 2164 42 63 6 67 3 4 5 1 0 2 1 3 2 0 1 2 0 4 1 4 5 3 1 2 3 4 2 5 0 2 3 1 0 3 1 0 2 3 1 0 4 0 5 2 3 4 0 1 2 3 4 5 0 4 5 5 4 3 3 2 5 2 1 0 4 5 1 | 14 21  0 6 1 0 8 1 0 9 1 1 7 1 1 8 1 1 9 1 2 7 1 2 9 1 2 10 1 3 8 1 3 11 1 3 12 1 4 10 1 4 12 1 4 13 1 5 11 1 5 12 1 5 13 1 6 10 1 6 11 1 7 13 1
R 2165 42 63 6 105 3 4 5 1 0 2 1 3 2 0 1 2 1 4 0 3 5 4 1 2 3 4 2 5 0 2 3 0 1 4 1 3 0 3 0 2 1 2 5 0 3 4 0 1 2 3 4 5 0 5 4 5 3 4 2 5 3 1 0 2 4 5 1 | 14 21  0 6 1 0 8 1 0 9 1 1 7 1 1 8 1 1 10 1 2 7 1 2 9 1 2 10 1 3 8 1 3 9 1 3 11 1 4 10 1 4 11 1 4 12 1 5 11 1 5 12 1 5 13 1 6 12 1 6 13 1 7 13 1
R 2166 42 63 6 111 3 4 5 1 3 2 0 4 3 0 1 2 1 2 5 0 1 4 1 2 3 5 4 3 0 2 3 1 0 4 4 5 2 0 2 3 1 0 2 3 1 0 0 1 2 0 4 5 2 5 1 5 3 4 3 0 4 5 3 2 4 5 1 | 14 21  0 6 1 0 8 1 0 9 1 1 7 1 1 8 1 1 12 1 2 7 1 2 9 1 2 11 1 3 8 1 3 10 1 3 11 1 4 9 1 4 10 1 4 13 1 5 11 1 5 12 1 5 13 1 6 12 1 6 13 1 7 10 1
R 2167 42 63 6 67 3 4 5 1 3 2 1 0 2 0 1 2 0 4 1 4 5 3 1 2 3 4 2 5 0 2 3 1 0 2 0 1 4 3 1 0 3 0 5 2 3 4 0 1 2 0 4 5 3 5 4 5 3 4 3 2 5 2 1 0 4 5 1 | 14 21  0 6 1 0 8 1 0 10 1 1 7 1 1 8 1 1 9 1 2 7 1 2 10 1 2 11 1 3 8 1 3 10 1 3 12 1 4 9 1 4 12 1 4 13 1 5 11 1 5 12 1 5 13 1 6 9 1 6 11 1 7 13 1
R 2168 42 63 6 71 3 4 5 1 3 2 0 5 1 0 1 2 0 4 1 2 3 4 1 2 3 2 5 3 0 2 3 1 0 2 1 0 4 3 0 5 2 4 1 3 4 0 0 1 2 0 4 5 4 3 2 5 3 4 3 2 5 5 1 0 4 5 1 | 14 21  0 6 1 0 8 1 0 10 1 1 7 1 1 8 1 1 9 1 2 7 1 2 12 1 2 13 1 3 8 1 3 10 1 3 11 1 4 9 1 4 11 1 4 13 1 5 10 1 5 11 1 5 12 1 6 9 1 6 12 1 7 13 1
R 2169 42 63 6 197 3 4 5 1 3 2 0 3 5 0 1 2 0 4 2 1 5 3 1 2 3 5 2 4 0 2 3 1 0 2 1 0 3 3 4 0 1 2 5 0 5 1 0 1 2 0 4 5 1 2 4 5 3 4 3 5 1 4 0 2 4 5 3 | 14 21  0 6 1 0 8 1 0 10 1 1 7 1 1 8 1 1 9 1 2 7 1 2 11 1 2 12 1 3 8 1 3 12 1 3 13 1 4 9 1 4 10 1 4 11 1 5 10 1 5 12 1 5 13 1 6 9 1 6 11 1 7 13 1
R 2170 42 63 6 340 3 4 5 1 3 2 0 5 4 0 1 2 0 4 2 1 5 3 1 2 3 2 4 3 0 2 3 1 0 2 1 0 3 4 1 2 3 5 0 0 1 4 0 1 2 0 4 5 1 2 3 5 3 4 3 5 1 4 0 2 4 5 5 | 14 21  0 6 1 0 8 1 0 10 1 1 7 1 1 8 1 1 9 1 2 7 1 2 12 1 2 13 1 3 8 1 3 11 1 3 12 1 4 9 1 4 10 1 4 12 1 5 10 1 5 11 1 5 13 1 6 9 1 6 13 1 7 11 1
R 2171 42 63 6 211 3 4 5 0 1 2 2 0 1 3 4 5 0 2 4 0 5 1 1 2 3 5 2 1 4 1 0 0 2 3 1 2 5 2 0 4 5 3 4 1 0 3 0 1 2 3 5 4 4 3 5 2 0 1 3 1 5 3 2 4 4 5 0 | 14 21  0 6 1 0 9 1 0 13 1 1 7 1 1 8 1 1 9 1 2 7 1 2 8 1 2 9 1 3 8 1 3 10 1 3 11 1 4 10 1 4 12 1 4 13 1 5 11 1 5 12 1 5 13 1 6 10 1 6 11 1 7 12 1
R 2172 42 63 6 621 3 4 5 0 1 2 2 0 1 3 4 0 0 1 2 5 4 3 1 2 3 5 2 1 4 1 0 0 2 3 2 4 3 3 2 0 4 1 0 3 1 5 0 1 2 3 5 4 4 3 5 2 1 5 5 3 4 1 2 0 4 5 0 | 14 21  0 6 1 0 9 1 0 13 1 1 7 1 1 8 1 1 9 1 2 7 1 2 8 1 2 9 1 3 8 1 3 10 1 3 11 1 4 10 1 4 12 1 4 13 1 5 11 1 5 12 1 5 13 1 6 11 1 6 12 1 7 10 1
R 2173 42 63 6 71 3 4 5 3 2 4 2 0 1 1 0 2 1 2 5 0 4 3 1 2 3 1 4 5 0 2 3 0 2 3 3 0 1 3 4 2 1 0 5 1 0 4 0 1 2 0 1 5 3 5 4 4 5 3 4 0 3 5 1 2 4 5 2 | 14 21  0 6 1 0 9 1 0 13 1 1 7 1 1 8 1 1 9 1 2 7 1 2 8 1 2 9 1 3 8 1 3 11 1 3 13 1 4 10 1 4 11 1 4 12 1 5 10 1 5 11 1 5 12 1 6 12 1 6 13 1 7 10 1
R 2174 42 63 6 217 3 4 5 0 1 2 2 0 1 4 3 0 4 1 0 5 3 2 1 2 3 5 2 1 4 1 0 0 2 3 2 3 5 2 0 1 1 4 3 3 0 4 0 1 2 3 5 4 4 3 5 2 1 5 3 2 5 4 0 1 4 5 0 | 14 21  0 6 1 0 9 1 0 13 1 1 7 1 1 8 1 1 9 1 2 7 1 2 8 1 2 9 1 3 8 1 3 10 1 3 12 1 4 11 1 4 12 1 4 13 1 5 11 1 5 12 1 5 13 1 6 10 1 6 11 1 7 10 1
R 2175 42 63 6 249 3 4 5 0 1 2 2 0 1 3 4 1 5 0 3 5 4 2 1 2 3 5 2 1 4 1 0 0 2 3 2 3 5 2 4 1 0 3 4 1 3 5 0 1 2 3 5 4 4 3 5 2 0 5 1 2 4 3 1 0 4 5 0 | 14 21  0 6 1 0 9 1 0 13 1 1 7 1 1 8 1 1 9 1 2 7 1 2 8 1 2 9 1 3 8 1 3 11 1 3 12 1 4 10 1 4 12 1 4 13 1 5 11 1 5 12 1 5 13 1 6 10 1 6 11 1 7 10 1
R 2176 42 63 6 319 3 4 5 0 1 2 2 0 1 3 4 0 4 0 5 2 5 1 1 2 3 5 2 1 4 1 0 0 2 3 2 3 5 1 0 4 2 5 4 1 0 3 0 1 2 3 5 4 4 3 5 2 1 5 1 2 3 3 0 4 4 5 0 | 14 21  0 6 1 0 9 1 0 13 1 1 7 1 1 8 1 1 9 1 2 7 1 2 8 1 2 9 1 3 8 1 3 12 1 3 13 1 4 10 1 4 11 1 4 12 1 5 11 1 5 12 1 5 13 1 6 10 1 6 11 1 7 10 1
R 2177 42 63 6 210 3 4 5 0 1 2 3 2 5 0 4 1 1 5 0 4 2 1 1 2 3 5 2 0 4 1 2 0 2 3 3 0 5 0 1 3 2 4 5 4 1 0 0 1 2 3 5 4 4 0 1 3 5 2 4 3 2 5 0 3 4 5 1 | 14 21  0 6 1 0 9 1 0 11 1 1 7 1 1 8 1 1 9 1 2 7 1 2 8 1 2 10 1 3 8 1 3 9 1 3 10 1 4 11 1 4 12 1 4 13 1 5 11 1 5 12 1 5 13 1 6 10 1 6 13 1 7 12 1
R 2178 42 63 6 156 3 4 5 1 3 5 0 4 2 0 1 2 0 1 4 2 3 5 1 2 3 2 0 1 4 2 5 0 4 1 0 2 3 1 0 5 3 5 0 1 2 4 0 1 2 4 0 2 5 1 3 3 5 4 5 3 2 4 1 0 4 5 3 | 14 21  0 6 1 0 10 1 0 11 1 1 7 1 1 8 1 1 9 1 2 7 1 2 8 1 2 9 1 3 8 1 3 9 1 3 10 1 4 10 1 4 11 1 4 12 1 5 11 1 5 12 1 5 13 1 6 12 1 6 13 1 7 13 1
R 2179 42 63 6 103 3 4 5 3 5 4 2 0 1 0 1 2 1 2 5 4 0 3 1 2 3 1 0 4 0 2 3 2 1 3 0 2 5 0 1 3 2 4 0 4 3 1 0 1 2 2 1 0 3 5 4 4 5 3 4 3 0 5 1 2 4 5 5 | 14 21  0 6 1 0 10 1 0 11 1 1 7 1 1 8 1 1 9 1 2 7 1 2 8 1 2 9 1 3 8 1 3 9 1 3 10 1 4 11 1 4 12 1 4 13 1 5 11 1 5 12 1 5 13 1 6 10 1 6 12 1 7 13 1
R 2180 42 63 6 3278 3 4 5 1 4 2 3 0 5 0 1 2 2 3 5 4 0 1 1 2 3 2 0 1 0 4 2 3 1 4 0 2 3 0 3 1 3 0 5 2 1 4 0 1 2 3 5 0 4 1 2 3 5 4 4 1 0 5 2 3 4 5 5 | 14 21  0 6 1 0 10 1 0 11 1 1 7 1 1 8 1 1 9 1 2 7 1 2 8 1 2 9 1 3 8 1 3 9 1 3 10 1 4 11 1 4 12 1 4 13 1 5 11 1 5 12 1 5 13 1 6 12 1 6 13 1 7 10 1
R 2181 42 63 6 113 3 4 5 1 4 0 3 0 2 1 5 2 2 3 5 4 0 1 1 2 3 2 0 1 4 2 0 3 1 4 0 2 3 0 1 3 0 2 5 3 1 4 0 1 2 3 5 2 4 1 5 3 4 0 0 4 1 5 3 2 4 5 5 | 14 21  0 6 1 0 10 1 0 11 1 1 7 1 1 8 1 1 9 1 2 7 1 2 8 1 2 9 1 3 8 1 3 10 1 3 13 1 4 9 1 4 11 1 4 12 1 5 11 1 5 12 1 5 13 1 6 12 1 6 13 1 7 10 1
R 2182 42 63 6 57 3 4 5 1 4 5 0 5 2 1 0 2 3 1 4 0 2 4 1 2 3 2 0 1 3 2 4 1 0 4 0 2 4 1 0 4 1 3 2 3 0 5 0 1 2 3 0 2 4 1 3 5 3 4 5 0 2 3 5 1 5 4 5 | 14 21  0 6 1 0 10 1 0 11 1 1 7 1 1 8 1 1 9 1 2 7 1 2 8 1 2 9 1 3 8 1 3 10 1 3 12 1 4 9 1 4 12 1 4 13 1 5 11 1 5 12 1 5 13 1 6 11 1 6 13 1 7 10 1
R 2183 42 63 6 84 3 4 5 1 4 5 3 5 2 0 2 3 1 0 4 1 2 5 1 2 3 2 0 1 4 3 1 3 2 4 0 2 3 1 0 5 0 5 2 3 1 4 0 1 2 3 2 0 4 0 1 5 4 1 5 3 2 4 3 0 4 5 5 | 14 21  0 6 1 0 10 1 0 11 1 1 7 1 1 8 1 1 9 1 2 7 1 2 8 1 2 9 1 3 8 1 3 11 1 3 12 1 4 9 1 4 11 1 4 13 1 5 10 1 5 12 1 5 13 1 6 12 1 6 13 1 7 10 1
R 2184 42 63 6 143 3 4 5 1 5 2 0 3 5 0 3 2 1 4 0 1 2 5 1 2 3 2 0 1 3 5 1 0 3 2 0 2 3 1 0 4 5 0 2 3 1 4 0 1 2 3 0 4 4 2 1 4 5 1 5 3 2 4 3 0 4 5 5 | 14 21  0 6 1 0 10 1 0 11 1 1 7 1 1 8 1 1 9 1 2 7 1 2 8 1 2 9 1 3 8 1 3 11 1 3 12 1 4 9 1 4 12 1 4 13 1 5 10 1 5 11 1 5 13 1 6 12 1 6 13 1 7 10 1
R 2185 42 63 6 187 3 4 5 3 5 0 1 2 4 5 0 1 3 1 4 0 4 2 1 2 3 0 2 4 5 1 3 1 4 5 2 0 1 4 0 2 1 0 4 3 0 5 0 1 2 1 4 2 5 0 3 2 4 3 0 5 2 5 3 1 5 4 3 | 14 21  0 6 1 0 11 1 0 12 1 1 7 1 1 8 1 1 9 1 2 7 1 2 8 1 2 9 1 3 8 1 3 10 1 3 11 1 4 9 1 4 11 1 4 13 1 5 10 1 5 12 1 5 13 1 6 12 1 6 13 1 7 10 1
R 2186 42 63 6 74 3 4 5 3 0 4 1 0 2 0 1 2 1 4 5 3 0 2 1 2 3 4 1 5 0 2 3 1 2 3 1 3 2 0 2 5 0 1 4 3 0 4 0 1 2 2 1 5 3 5 4 4 5 3 0 3 2 4 5 1 4 5 0 | 14 21  0 6 1 0 11 1 0 12 1 1 7 1 1 8 1 1 9 1 2 7 1 2 8 1 2 9 1 3 8 1 3 10 1 3 11 1 4 9 1 4 12 1 4 13 1 5 10 1 5 12 1 5 13 1 6 11 1 6 13 1 7 10 1
R 2187 42 63 6 521 3 4 5 1 3 0 0 3 2 4 2 5 1 5 4 0 2 1 1 2 3 2 0 1 4 3 5 1 2 0 0 2 5 1 0 4 2 3 5 1 4 0 0 1 2 4 2 5 5 1 4 0 1 3 3 0 2 3 4 5 4 5 3 | 14 21  0 6 1 0 10 1 0 11 1 1 7 1 1 8 1 1 9 1 2 7 1 2 8 1 2 9 1 3 8 1 3 12 1 3 13 1 4 9 1 4 12 1 4 13 1 5 11 1 5 12 1 5 13 1 6 10 1 6 11 1 7 10 1
R 2188 42 63 6 64 3 4 5 0 1 2 3 4 2 0 1 4 5 0 1 5 2 3 1 2 3 2 3 0 1 3 4 0 2 5 0 1 3 3 0 4 2 1 4 0 2 1 0 1 2 4 5 3 1 0 5 2 5 3 4 2 3 1 0 4 4 5 5 | 14 21  0 6 1 0 9 1 0 10 1 1 7 1 1 8 1 1 9 1 2 7 1 2 8 1 2 10 1 3 8 1 3 12 1 3 13 1 4 10 1 4 11 1 4 12 1 5 11 1 5 12 1 5 13 1 6 9 1 6 11 1 7 13 1
R 2189 42 63 6 103 3 4 5 0 1 2 3 4 2 0 1 4 0 2 5 1 5 3 1 2 3 2 3 0 1 3 4 0 2 5 0 1 3 4 1 2 2 1 0 3 0 4 0 1 2 4 5 3 1 0 5 2 3 5 4 3 1 0 4 2 4 5 5 | 14 21  0 6 1 0 9 1 0 10 1 1 7 1 1 8 1 1 9 1 2 7 1 2 8 1 2 10 1 3 8 1 3 12 1 3 13 1 4 10 1 4 11 1 4 13 1 5 11 1 5 12 1 5 13 1 6 9 1 6 12 1 7 11 1
R 2190 42 63 6 1002 3 4 5 1 5 2 2 0 4 1 2 3 0 1 4 4 0 3 1 2 3 3 2 1 0 2 3 0 3 5 4 1 5 1 2 0 1 3 0 2 0 4 0 1 2 0 4 3 5 1 3 4 0 5 5 2 3 2 5 1 4 5 4 | 14 21  0 6 1 0 8 1 0 9 1 1 7 1 1 9 1 1 10 1 2 7 1 2 9 1 2 11 1 3 8 1 3 10 1 3 11 1 4 8 1 4 12 1 4 13 1 5 10 1 5 12 1 5 13 1 6 11 1 6 13 1 7 12 1
R 2191 42 63 6 78 3 4 5 0 1 2 0 3 4 1 2 3 0 1 4 2 5 0 1 2 3 2 3 5 0 2 3 1 0 4 3 4 1 1 0 3 5 1 2 2 0 4 0 1 2 4 3 5 1 2 5 4 5 0 5 2 3 4 3 1 4 5 0 | 14 21  0 6 1 0 8 1 0 9 1 1 7 1 1 9 1 1 10 1 2 7 1 2 10 1 2 11 1 3 8 1 3 9 1 3 10 1 4 8 1 4 11 1 4 13 1 5 11 1 5 12 1 5 13 1 6 12 1 6 13 1 7 12 1
R 2192 42 63 6 86 3 4 5 0 1 2 0 3 4 1 2 3 0 1 2 4 5 0 1 2 3 2 3 1 0 2 3 1 0 4 3 4 1 0 5 2 5 4 2 3 0 1 0 1 2 4 3 5 5 2 1 4 5 0 5 3 4 3 1 2 4 5 0 | 14 21  0 6 1 0 8 1 0 9 1 1 7 1 1 9 1 1 10 1 2 7 1 2 10 1 2 11 1 3 8 1 3 9 1 3 10 1 4 8 1 4 12 1 4 13 1 5 11 1 5 12 1 5 13 1 6 11 1 6 13 1 7 12 1
R 2193 42 63 6 103 3 4 5 0 1 2 0 5 4 1 2 3 0 1 4 0 3 2 1 2 3 2 5 3 0 2 3 1 0 4 1 4 2 3 0 5 3 0 1 1 2 4 0 1 2 4 3 5 1 2 3 4 5 0 5 3 2 5 1 4 4 5 0 | 14 21  0 6 1 0 8 1 0 9 1 1 7 1 1 9 1 1 12 1 2 7 1 2 12 1 2 13 1 3 8 1 3 9 1 3 10 1 4 8 1 4 10 1 4 11 1 5 10 1 5 11 1 5 12 1 6 11 1 6 13 1 7 13 1
R 2194 42 63 6 63 3 4 5 0 4 2 2 4 0 1 2 3 0 1 4 4 5 1 1 2 3 1 2 0 0 2 3 1 0 4 1 5 3 5 0 2 3 4 0 1 2 4 0 1 2 5 3 1 3 1 5 4 5 0 5 2 3 0 2 3 4 5 4 | 14 21  0 6 1 0 8 1 0 9 1 1 7 1 1 9 1 1 11 1 2 7 1 2 12 1 2 13 1 3 8 1 3 9 1 3 13 1 4 8 1 4 10 1 4 11 1 5 10 1 5 12 1 5 13 1 6 11 1 6 12 1 7 10 1
R 2195 42 63 6 57 3 4 5 0 1 4 1 5 2 1 2 3 0 1 2 0 4 3 1 2 3 2 5 4 0 2 3 0 1 4 1 3 5 3 0 2 4 0 1 0 3 2 0 1 2 3 2 5 0 3 4 4 5 0 5 3 4 1 2 5 4 5 1 | 14 21  0 6 1 0 8 1 0 9 1 1 7 1 1 10 1 1 11 1 2 7 1 2 12 1 2 13 1 3 8 1 3 9 1 3 10 1 4 8 1 4 9 1 4 10 1 5 11 1 5 12 1 5 13 1 6 11 1 6 12 1 7 13 1
R 2196 42 63 6 63 3 4 5 1 3 2 0 4 1 1 2 3 0 1 2 0 4 5 1 2 3 2 4 3 0 2 3 0 1 4 1 5 2 3 0 1 4 0 2 3 0 5 0 1 2 0 4 5 5 3 2 4 5 0 5 3 4 3 2 1 4 5 1 | 14 21  0 6 1 0 8 1 0 9 1 1 7 1 1 11 1 1 12 1 2 7 1 2 12 1 2 13 1 3 8 1 3 9 1 3 10 1 4 8 1 4 9 1 4 13 1 5 10 1 5 11 1 5 12 1 6 10 1 6 11 1 7 13 1
R 2197 42 63 6 69 3 4 5 2 1 3 3 1 4 1 2 0 0 1 4 0 5 2 1 2 3 0 3 2 0 2 3 0 1 4 2 5 4 4 2 1 3 0 5 3 0 1 0 1 2 4 5 0 5 0 2 4 3 5 5 3 2 3 1 4 4 5 1 | 14 21  0 6 1 0 8 1 0 9 1 1 7 1 1 9 1 1 11 1 2 7 1 2 10 1 2 13 1 3 8 1 3 10 1 3 11 1 4 8 1 4 11 1 4 12 1 5 9 1 5 12 1 5 13 1 6 12 1 6 13 1 7 10 1
R 2198 42 63 6 680 3 4 5 2 0 4 1 0 4 1 2 0 0 1 3 3 2 5 1 2 3 5 3 4 0 2 3 3 0 1 4 5 1 1 2 4 3 2 0 2 1 0 0 1 2 1 5 3 2 5 3 4 3 5 5 2 4 4 0 1 4 5 0 | 14 21  0 6 1 0 8 1 0 9 1 1 7 1 1 9 1 1 11 1 2 7 1 2 12 1 2 13 1 3 8 1 3 10 1 3 11 1 4 8 1 4 10 1 4 13 1 5 9 1 5 11 1 5 12 1 6 12 1 6 13 1 7 10 1
R 2199 42 63 6 509 3 4 5 2 4 1 0 2 3 1 2 0 0 1 4 3 2 5 1 2 3 5 0 4 0 2 3 3 0 4 4 5 1 2 3 1 1 0 2 3 0 1 0 1 2 3 5 0 1 4 5 4 3 5 5 3 2 1 0 4 4 5 2 | 14 21  0 6 1 0 8 1 0 9 1 1 7 1 1 9 1 1 11 1 2 7 1 2 11 1 2 12 1 3 8 1 3 10 1 3 11 1 4 8 1 4 12 1 4 13 1 5 9 1 5 10 1 5 13 1 6 12 1 6 13 1 7 10 1
R 2200 42 63 6 198 3 4 5 2 1 3 2 4 5 1 2 0 0 1 4 2 0 5 1 2 3 5 3 1 0 2 3 0 1 4 4 5 0 4 2 1 3 0 5 2 0 1 0 1 2 4 5 0 0 1 3 4 3 5 5 3 2 3 1 4 4 5 2 | 14 21  0 6 1 0 8 1 0 9 1 1 7 1 1 9 1 1 11 1 2 7 1 2 12 1 2 13 1 3 8 1 3 10 1 3 11 1 4 8 1 4 11 1 4 12 1 5 9 1 5 10 1 5 13 1 6 12 1 6 13 1 7 10 1
R 2201 42 63 6 106 3 4 5 2 0 4 1 3 4 1 2 3 0 1 2 1 0 5 1 2 3 4 3 2 0 2 3 0 3 5 2 5 4 1 2 0 3 0 1 0 1 4 0 1 2 5 1 3 0 2 5 4 0 5 5 4 3 4 3 2 4 5 1 | 14 21  0 6 1 0 8 1 0 9 1 1 7 1 1 9 1 1 11 1 2 7 1 2 12 1 2 13 1 3 8 1 3 10 1 3 11 1 4 8 1 4 12 1 4 13 1 5 9 1 5 10 1 5 13 1 6 11 1 6 12 1 7 10 1
R 2202 42 63 6 149 3 4 5 0 1 4 0 3 2 1 2 3 0 1 2 5 0 4 1 2 3 2 3 4 0 2 3 0 1 4 1 2 5 3 0 1 4 0 1 3 5 2 0 1 2 5 3 2 1 4 5 4 5 0 5 3 4 3 2 1 4 5 0 | 14 21  0 6 1 0 8 1 0 9 1 1 7 1 1 10 1 1 11 1 2 7 1 2 11 1 2 12 1 3 8 1 3 9 1 3 10 1 4 8 1 4 12 1 4 13 1 5 9 1 5 12 1 5 13 1 6 10 1 6 11 1 7 13 1
R 2203 42 63 6 98 3 4 5 2 4 3 0 5 1 1 2 3 0 1 4 0 2 1 1 2 3 3 0 2 0 2 3 0 1 4 1 5 2 0 4 3 2 1 4 0 3 5 0 1 2 5 1 0 4 3 2 4 5 0 5 3 2 3 5 4 4 5 1 | 14 21  0 6 1 0 8 1 0 9 1 1 7 1 1 11 1 1 12 1 2 7 1 2 12 1 2 13 1 3 8 1 3 9 1 3 10 1 4 8 1 4 10 1 4 11 1 5 9 1 5 11 1 5 13 1 6 10 1 6 12 1 7 13 1
R 2204 42 63 6 603 3 4 5 0 1 2 3 2 0 0 3 1 1 4 2 4 1 5 1 2 3 5 2 0 1 3 2 0 2 3 1 0 4 4 3 5 1 0 2 0 3 4 0 1 2 3 5 4 4 5 1 4 5 2 0 3 5 0 3 2 4 5 1 | 14 21  0 6 1 0 9 1 0 10 1 1 7 1 1 8 1 1 9 1 2 7 1 2 10 1 2 11 1 3 8 1 3 9 1 3 11 1 4 8 1 4 10 1 4 12 1 5 11 1 5 12 1 5 13 1 6 12 1 6 13 1 7 13 1
R 2205 42 63 6 129 3 4 5 0 1 2 3 4 5 0 3 1 4 5 2 0 2 1 1 2 3 5 4 1 1 3 2 0 2 3 1 0 4 0 5 3 1 0 4 0 3 5 0 1 2 3 5 4 0 2 1 4 5 2 0 1 3 3 4 5 5 4 2 | 14 21  0 6 1 0 9 1 0 10 1 1 7 1 1 8 1 1 9 1 2 7 1 2 12 1 2 13 1 3 8 1 3 9 1 3 11 1 4 8 1 4 11 1 4 12 1 5 10 1 5 11 1 5 12 1 6 10 1 6 13 1 7 13 1
R 2206 42 63 6 136 3 4 5 3 4 2 0 1 2 0 2 1 4 3 5 0 4 5 1 2 3 2 0 3 4 1 5 0 2 3 3 0 2 1 0 4 3 1 4 4 0 2 0 1 2 1 0 5 4 3 5 3 4 5 2 0 1 1 2 3 4 5 5 | 14 21  0 6 1 0 9 1 0 11 1 1 7 1 1 8 1 1 9 1 2 7 1 2 11 1 2 13 1 3 8 1 3 9 1 3 10 1 4 8 1 4 12 1 4 13 1 5 10 1 5 12 1 5 13 1 6 10 1 6 11 1 7 12 1
R 2207 42 63 6 91 3 4 5 3 4 5 1 0 2 2 5 0 3 1 4 0 2 4 1 2 3 2 1 4 0 2 4 0 3 4 2 0 3 1 0 4 1 3 2 3 0 5 0 1 2 0 1 2 3 5 4 3 1 4 5 0 2 3 5 1 5 4 5 | 14 21  0 6 1 0 10 1 0 11 1 1 7 1 1 8 1 1 9 1 2 7 1 2 9 1 2 12 1 3 8 1 3 9 1 3 10 1 4 8 1 4 12 1 4 13 1 5 11 1 5 12 1 5 13 1 6 11 1 6 13 1 7 10 1
R 2208 42 63 6 145 3 4 5 1 4 2 0 3 5 0 1 2 4 3 5 2 1 0 1 2 3 2 0 1 4 0 2 3 1 4 0 2 3 0 2 5 3 0 1 1 3 4 0 1 2 3 5 0 4 2 1 3 5 4 1 2 0 3 4 5 4 5 5 | 14 21  0 6 1 0 10 1 0 13 1 1 7 1 1 8 1 1 9 1 2 7 1 2 9 1 2 11 1 3 8 1 3 9 1 3 10 1 4 8 1 4 12 1 4 13 1 5 11 1 5 12 1 5 13 1 6 11 1 6 12 1 7 10 1
R 2209 42 63 6 57 3 4 5 0 3 1 1 0 2 0 2 3 2 4 5 0 4 1 1 2 3 2 1 3 4 3 5 2 0 1 0 3 1 2 4 5 3 0 2 1 0 4 0 1 2 5 2 4 4 5 3 1 5 4 0 3 1 2 3 5 4 5 0 | 14 21  0 6 1 0 11 1 0 13 1 1 7 1 1 8 1 1 9 1 2 7 1 2 10 1 2 13 1 3 8 1 3 9 1 3 10 1 4 8 1 4 9 1 4 12 1 5 10 1 5 11 1 5 12 1 6 12 1 6 13 1 7 11 1
R 2210 42 63 6 1088 3 4 5 3 0 4 5 0 4 2 1 3 1 0 2 0 1 2 1 2 3 2 4 3 0 2 3 1 3 0 3 1 5 2 1 4 0 2 5 1 0 4 0 1 2 5 1 2 1 2 3 5 4 0 4 5 3 4 5 3 4 5 0 | 14 21  0 6 1 0 12 1 0 13 1 1 7 1 1 8 1 1 9 1 2 7 1 2 10 1 2 11 1 3 8 1 3 9 1 3 11 1 4 8 1 4 9 1 4 13 1 5 10 1 5 11 1 5 12 1 6 12 1 6 13 1 7 10 1
R 2211 42 63 6 86 3 4 5 0 1 2 0 3 2 3 0 4 4 1 5 0 1 2 1 2 3 5 2 4 4 3 2 0 2 3 3 0 1 2 1 5 0 1 4 3 1 0 0 1 2 3 5 4 1 4 5 1 5 2 0 3 2 5 3 4 4 5 0 | 14 21  0 6 1 0 9 1 0 10 1 1 7 1 1 8 1 1 9 1 2 7 1 2 10 1 2 12 1 3 8 1 3 10 1 3 13 1 4 8 1 4 11 1 4 12 1 5 9 1 5 12 1 5 13 1 6 11 1 6 13 1 7 11 1
R 2212 42 63 6 369 3 4 5 0 1 2 2 0 5 2 3 0 1 5 3 0 1 4 1 2 3 5 2 4 1 3 0 0 2 3 3 0 5 1 4 2 2 1 5 3 1 0 0 1 2 3 5 4 1 3 4 4 1 5 2 4 0 5 3 2 4 5 0 | 14 21  0 6 1 0 9 1 0 10 1 1 7 1 1 8 1 1 9 1 2 7 1 2 11 1 2 13 1 3 8 1 3 10 1 3 11 1 4 8 1 4 10 1 4 11 1 5 9 1 5 12 1 5 13 1 6 12 1 6 13 1 7 12 1
R 2213 42 63 6 57 3 4 5 0 1 2 4 3 5 1 5 2 5 0 2 0 1 4 1 2 3 2 4 0 3 1 2 0 2 3 0 1 5 3 0 5 0 1 4 4 2 1 0 1 2 3 5 4 1 2 0 0 4 3 4 1 3 5 3 2 4 5 5 | 14 21  0 6 1 0 9 1 0 10 1 1 7 1 1 8 1 1 9 1 2 7 1 2 12 1 2 13 1 3 8 1 3 10 1 3 12 1 4 8 1 4 11 1 4 13 1 5 9 1 5 10 1 5 11 1 6 11 1 6 12 1 7 13 1
R 2214 42 63 6 173 3 4 5 3 2 4 4 2 5 0 1 2 1 2 0 5 0 3 1 2 3 5 4 3 2 0 3 0 2 3 1 0 4 3 0 2 1 0 5 4 1 5 0 1 2 0 1 5 1 3 0 4 3 5 5 4 3 4 1 2 5 4 2 | 14 21  0 6 1 0 9 1 0 10 1 1 7 1 1 8 1 1 9 1 2 7 1 2 12 1 2 13 1 3 8 1 3 10 1 3 11 1 4 8 1 4 11 1 4 13 1 5 9 1 5 11 1 5 12 1 6 10 1 6 12 1 7 13 1
R 2215 42 63 6 105 3 4 5 3 2 4 2 0 5 0 1 2 1 2 4 0 1 3 1 2 3 5 1 3 2 0 3 0 2 3 1 0 4 2 0 1 3 0 4 1 4 5 0 1 2 0 1 5 4 1 3 4 3 5 5 3 0 4 5 2 5 4 2 | 14 21  0 6 1 0 9 1 0 10 1 1 7 1 1 8 1 1 9 1 2 7 1 2 12 1 2 13 1 3 8 1 3 10 1 3 12 1 4 8 1 4 11 1 4 13 1 5 9 1 5 11 1 5 12 1 6 10 1 6 11 1 7 13 1
R 2216 42 63 6 69 3 4 5 3 2 4 0 5 3 1 3 2 0 1 4 0 4 2 1 2 3 1 0 4 0 2 4 1 3 2 0 2 3 4 2 5 1 0 4 3 0 5 0 1 2 5 1 0 2 4 1 5 4 0 3 5 2 5 3 1 5 4 3 | 14 21  0 6 1 0 11 1 0 12 1 1 7 1 1 8 1 1 9 1 2 7 1 2 9 1 2 10 1 3 8 1 3 10 1 3 11 1 4 8 1 4 10 1 4 13 1 5 9 1 5 12 1 5 13 1 6 12 1 6 13 1 7 11 1
R 2217 42 63 6 207 3 4 5 2 5 3 0 2 4 0 1 2 0 3 1 4 1 5 1 2 3 3 0 4 4 1 5 1 0 3 0 2 3 1 0 5 0 5 2 4 3 1 0 1 2 1 0 4 5 3 1 3 5 4 2 5 4 2 3 0 4 5 2 | 14 21  0 6 1 0 10 1 0 11 1 1 7 1 1 8 1 1 9 1 2 7 1 2 11 1 2 12 1 3 8 1 3 9 1 3 10 1 4 8 1 4 10 1 4 11 1 5 9 1 5 12 1 5 13 1 6 12 1 6 13 1 7 13 1
R 2218 42 63 6 230 3 4 5 2 3 0 0 3 2 4 1 5 3 1 4 0 1 2 1 2 3 1 0 2 3 4 0 1 2 3 4 5 2 0 1 3 0 2 5 0 1 4 0 1 2 4 1 5 5 1 4 2 0 3 5 0 2 4 5 3 4 5 3 | 14 21  0 6 1 0 12 1 0 13 1 1 7 1 1 8 1 1 9 1 2 7 1 2 10 1 2 11 1 3 8 1 3 9 1 3 10 1 4 8 1 4 10 1 4 11 1 5 9 1 5 11 1 5 12 1 6 12 1 6 13 1 7 13 1
R 2219 42 63 6 62 3 4 5 3 4 0 0 1 2 0 1 2 2 4 5 1 5 3 1 2 3 2 0 3 2 1 3 1 3 4 0 2 5 1 0 4 0 1 2 3 4 0 0 1 2 1 5 2 4 3 5 4 5 3 0 3 1 0 4 2 4 5 5 | 14 21  0 6 1 0 10 1 0 11 1 1 7 1 1 8 1 1 9 1 2 7 1 2 11 1 2 13 1 3 8 1 3 9 1 3 10 1 4 8 1 4 12 1 4 13 1 5 9 1 5 12 1 5 13 1 6 10 1 6 11 1 7 12 1
R 2220 42 63 6 57 3 4 5 0 3 1 1 0 2 2 0 1 2 3 4 0 4 5 1 2 3 2 1 3 3 5 1 0 2 3 2 4 5 0 4 3 1 0 2 1 0 4 0 1 2 5 2 4 4 5 3 4 5 3 0 1 5 1 2 3 4 5 0 | 14 21  0 6 1 0 10 1 0 13 1 1 7 1 1 8 1 1 9 1 2 7 1 2 11 1 2 13 1 3 8 1 3 9 1 3 10 1 4 8 1 4 11 1 4 12 1 5 9 1 5 11 1 5 12 1 6 12 1 6 13 1 7 10 1
R 2221 42 63 6 340 3 4 5 3 0 4 3 2 1 1 2 3 0 1 2 0 5 4 1 2 3 4 1 0 0 2 3 2 1 4 0 2 5 1 0 4 0 2 3 3 5 1 0 1 2 2 1 5 5 4 0 5 0 4 4 3 5 3 1 2 5 4 3 | 14 21  0 6 1 0 10 1 0 11 1 1 7 1 1 8 1 1 9 1 2 7 1 2 12 1 2 13 1 3 8 1 3 9 1 3 10 1 4 8 1 4 11 1 4 12 1 5 9 1 5 12 1 5 13 1 6 11 1 6 13 1 7 10 1
R 2222 42 63 6 57 3 4 5 3 5 4 0 4 1 1 0 2 1 2 3 0 2 5 1 2 3 1 2 3 2 0 3 0 1 3 2 5 1 2 0 5 3 5 0 1 0 4 0 1 2 0 1 2 5 3 2 4 5 3 5 0 4 4 3 1 4 5 4 | 14 21  0 6 1 0 11 1 0 13 1 1 7 1 1 8 1 1 9 1 2 7 1 2 11 1 2 12 1 3 8 1 3 9 1 3 13 1 4 8 1 4 10 1 4 11 1 5 9 1 5 10 1 5 12 1 6 12 1 6 13 1 7 10 1
R 2223 42 63 6 102 3 4 5 0 1 2 3 4 5 1 2 5 3 0 1 0 2 4 1 2 3 2 3 0 3 1 4 0 2 5 0 1 4 0 3 2 0 4 1 3 1 2 0 1 2 4 5 3 1 2 0 0 3 4 2 5 4 5 1 3 4 5 5 | 14 21  0 6 1 0 9 1 0 10 1 1 7 1 1 8 1 1 9 1 2 7 1 2 12 1 2 13 1 3 8 1 3 10 1 3 11 1 4 8 1 4 11 1 4 13 1 5 10 1 5 11 1 5 12 1 6 9 1 6 12 1 7 13 1
R 2224 42 63 6 160 3 4 5 3 5 1 0 1 4 2 5 0 1 5 2 0 4 2 1 2 3 2 1 4 0 1 2 4 0 5 2 1 3 2 0 3 1 0 4 3 0 5 0 1 2 0 2 4 3 5 2 3 1 4 4 3 0 5 3 1 5 4 5 | 14 21  0 6 1 0 11 1 0 12 1 1 7 1 1 9 1 1 11 1 2 7 1 2 10 1 2 13 1 3 8 1 3 9 1 3 10 1 4 8 1 4 9 1 4 10 1 5 8 1 5 12 1 5 13 1 6 12 1 6 13 1 7 11 1
R 2225 42 63 6 717 3 4 5 0 2 1 3 5 4 0 1 2 2 0 1 4 3 5 1 2 3 1 5 0 5 2 1 4 1 0 0 2 3 3 0 4 0 5 2 1 2 4 0 1 2 4 5 3 2 1 0 3 5 4 4 3 5 0 2 1 4 5 3 | 14 21  0 6 1 0 10 1 0 11 1 1 7 1 1 11 1 1 12 1 2 7 1 2 12 1 2 13 1 3 8 1 3 9 1 3 10 1 4 8 1 4 9 1 4 10 1 5 8 1 5 9 1 5 11 1 6 12 1 6 13 1 7 13 1
R 2226 42 63 6 212 3 4 5 0 4 2 0 5 1 4 2 0 3 1 4 1 0 3 1 2 3 1 2 4 0 3 4 1 2 5 4 0 3 1 0 4 3 0 5 2 3 1 0 1 2 5 3 1 3 2 4 1 3 5 5 0 2 2 4 5 5 4 0 | 14 21  0 6 1 0 10 1 0 11 1 1 7 1 1 11 1 1 12 1 2 7 1 2 12 1 2 13 1 3 8 1 3 9 1 3 10 1 4 8 1 4 9 1 4 10 1 5 8 1 5 9 1 5 13 1 6 11 1 6 12 1 7 13 1
R 2227 42 63 6 128 3 4 5 1 0 4 3 2 0 3 4 0 4 1 2 1 0 2 1 2 3 4 3 5 0 2 3 1 4 0 2 4 3 1 0 4 2 0 1 3 2 1 0 1 2 2 3 5 1 5 4 1 2 5 5 3 0 4 5 3 5 4 0 | 14 21  0 6 1 0 10 1 0 11 1 1 7 1 1 12 1 1 13 1 2 7 1 2 12 1 2 13 1 3 8 1 3 9 1 3 10 1 4 8 1 4 9 1 4 10 1 5 8 1 5 9 1 5 11 1 6 11 1 6 12 1 7 13 1
R 2228 42 63 6 130 3 4 5 1 2 3 0 4 2 3 5 0 1 2 4 2 0 1 1 2 3 3 0 1 0 1 3 2 4 3 2 5 1 0 2 4 1 0 4 0 3 5 0 1 2 4 0 5 5 3 1 2 1 4 5 0 3 4 5 3 5 4 2 | 14 21  0 6 1 0 11 1 0 12 1 1 7 1 1 10 1 1 11 1 2 7 1 2 12 1 2 13 1 3 8 1 3 9 1 3 10 1 4 8 1 4 9 1 4 10 1 5 8 1 5 9 1 5 11 1 6 12 1 6 13 1 7 13 1
R 2229 42 63 6 103 3 4 5 2 3 4 0 1 2 3 5 4 1 3 0 2 0 1 1 2 3 4 0 2 0 1 4 5 0 3 3 1 2 1 2 3 0 2 5 0 1 4 0 1 2 1 5 0 5 4 3 2 1 0 5 2 4 3 4 5 4 5 3 | 14 21  0 6 1 0 12 1 0 13 1 1 7 1 1 10 1 1 11 1 2 7 1 2 11 1 2 12 1 3 8 1 3 9 1 3 10 1 4 8 1 4 9 1 4 10 1 5 8 1 5 9 1 5 11 1 6 12 1 6 13 1 7 13 1
R 2230 42 63 6 141 3 4 5 2 4 1 4 0 2 3 5 0 1 3 4 2 0 1 1 2 3 1 3 2 0 1 4 2 5 3 3 0 1 2 0 5 3 0 2 1 0 4 0 1 2 0 5 3 5 1 3 2 1 4 5 0 2 3 4 5 4 5 4 | 14 21  0 6 1 0 11 1 0 13 1 1 7 1 1 10 1 1 11 1 2 7 1 2 12 1 2 13 1 3 8 1 3 9 1 3 10 1 4 8 1 4 9 1 4 10 1 5 8 1 5 9 1 5 12 1 6 12 1 6 13 1 7 11 1
R 2231 42 63 6 69 3 4 5 1 0 2 0 4 1 2 4 5 4 1 0 3 0 2 1 2 3 2 3 1 0 1 2 3 4 1 0 4 2 2 4 5 3 0 5 1 0 4 0 1 2 4 5 3 5 3 2 3 0 1 5 2 3 4 5 1 4 5 0 | 14 21  0 6 1 0 11 1 0 13 1 1 7 1 1 10 1 1 13 1 2 7 1 2 11 1 2 12 1 3 8 1 3 9 1 3 10 1 4 8 1 4 9 1 4 10 1 5 8 1 5 9 1 5 12 1 6 12 1 6 13 1 7 11 1
R 2232 42 63 6 75 3 4 5 1 0 2 1 3 2 0 4 5 0 1 3 1 5 2 1 2 3 2 3 0 0 2 5 1 0 3 1 4 2 3 1 0 2 3 5 0 5 4 0 1 2 4 3 5 5 4 0 3 2 1 5 4 2 4 0 3 4 5 1 | 14 21  0 6 1 0 8 1 0 9 1 1 7 1 1 8 1 1 9 1 2 7 1 2 9 1 2 10 1 3 10 1 3 11 1 3 12 1 4 10 1 4 12 1 4 13 1 5 11 1 5 12 1 5 13 1 6 8 1 6 11 1 7 13 1
R 2233 42 63 6 106 3 4 5 1 0 2 3 4 2 0 5 1 2 4 5 4 0 1 1 2 3 2 3 0 0 2 5 0 1 4 1 4 3 0 2 1 0 4 2 3 1 4 0 1 2 4 3 5 1 5 0 3 2 4 3 1 0 5 3 2 4 5 5 | 14 21  0 6 1 0 8 1 0 9 1 1 7 1 1 8 1 1 10 1 2 7 1 2 9 1 2 10 1 3 9 1 3 10 1 3 11 1 4 11 1 4 12 1 4 13 1 5 11 1 5 12 1 5 13 1 6 8 1 6 13 1 7 12 1
R 2234 42 63 6 170 3 4 5 1 0 2 3 4 2 0 2 5 1 5 3 4 1 0 1 2 3 2 3 0 0 2 5 0 1 4 3 2 4 1 3 0 2 0 1 1 3 4 0 1 2 4 3 5 1 5 0 3 1 4 0 4 2 2 3 5 4 5 5 | 14 21  0 6 1 0 8 1 0 9 1 1 7 1 1 8 1 1 11 1 2 7 1 2 9 1 2 13 1 3 9 1 3 10 1 3 11 1 4 10 1 4 12 1 4 13 1 5 11 1 5 12 1 5 13 1 6 8 1 6 12 1 7 10 1
R 2235 42 63 6 321 3 4 5 3 2 4 0 5 2 1 2 4 0 2 1 0 3 1 1 2 3 1 5 3 0 2 5 0 1 3 3 1 2 0 2 4 3 0 4 0 1 4 0 1 2 0 1 5 4 1 3 3 5 0 4 5 3 4 5 2 4 5 2 | 14 21  0 6 1 0 8 1 0 9 1 1 7 1 1 11 1 1 12 1 2 7 1 2 12 1 2 13 1 3 8 1 3 9 1 3 10 1 4 9 1 4 10 1 4 11 1 5 10 1 5 11 1 5 12 1 6 8 1 6 13 1 7 13 1
R 2236 42 63 6 11854 3 4 5 2 1 3 0 4 5 1 2 4 0 2 1 0 1 5 1 2 3 3 0 5 0 2 5 0 1 3 3 1 4 5 1 2 4 2 0 0 4 2 0 1 2 4 0 5 2 1 3 3 5 0 4 3 5 2 4 3 4 5 1 | 14 21  0 6 1 0 8 1 0 9 1 1 7 1 1 11 1 1 13 1 2 7 1 2 12 1 2 13 1 3 8 1 3 9 1 3 10 1 4 9 1 4 11 1 4 12 1 5 10 1 5 11 1 5 12 1 6 8 1 6 10 1 7 13 1
R 2237 42 63 6 94 3 4 5 0 3 4 1 5 2 1 2 0 1 2 3 2 0 4 1 2 3 4 1 3 0 2 5 0 1 3 2 3 0 3 1 4 0 2 5 1 4 0 0 1 2 5 2 1 0 4 3 3 4 5 4 5 0 5 1 3 4 5 2 | 14 21  0 6 1 0 8 1 0 9 1 1 7 1 1 11 1 1 12 1 2 7 1 2 12 1 2 13 1 3 8 1 3 10 1 3 11 1 4 9 1 4 10 1 4 11 1 5 9 1 5 10 1 5 12 1 6 8 1 6 13 1 7 13 1
R 2238 42 63 6 170 3 4 5 0 1 3 1 4 5 1 2 0 1 2 5 0 2 3 1 2 3 2 3 5 0 2 5 0 1 3 2 0 1 2 1 3 0 5 4 3 0 4 0 1 2 4 5 2 0 3 2 3 4 5 4 3 0 5 4 1 4 5 1 | 14 21  0 6 1 0 8 1 0 9 1 1 7 1 1 11 1 1 12 1 2 7 1 2 12 1 2 13 1 3 8 1 3 11 1 3 13 1 4 9 1 4 10 1 4 11 1 5 9 1 5 10 1 5 12 1 6 8 1 6 10 1 7 13 1
R 2239 42 63 6 57 3 4 5 0 1 2 4 3 2 1 2 0 3 4 5 0 5 1 1 2 3 2 3 0 0 2 5 1 0 4 3 1 2 0 3 1 1 3 4 0 4 2 0 1 2 4 3 5 1 0 5 3 4 5 2 0 1 4 2 3 4 5 5 | 14 21  0 6 1 0 8 1 0 9 1 1 7 1 1 9 1 1 11 1 2 7 1 2 10 1 2 13 1 3 8 1 3 10 1 3 12 1 4 11 1 4 12 1 4 13 1 5 11 1 5 12 1 5 13 1 6 8 1 6 9 1 7 10 1
R 2240 42 63 6 235 3 4 5 0 1 2 3 4 5 1 2 0 4 5 3 2 0 1 1 2 3 2 3 0 0 2 5 1 0 4 3 2 1 0 3 1 1 4 0 2 3 4 0 1 2 4 3 5 1 2 0 3 4 5 0 2 1 4 3 5 4 5 5 | 14 21  0 6 1 0 8 1 0 9 1 1 7 1 1 9 1 1 11 1 2 7 1 2 11 1 2 13 1 3 8 1 3 10 1 3 12 1 4 10 1 4 12 1 4 13 1 5 11 1 5 12 1 5 13 1 6 8 1 6 9 1 7 10 1
R 2241 42 63 6 367 3 4 5 0 1 2 1 3 4 1 2 4 5 0 2 0 3 1 1 2 3 2 3 5 0 2 5 1 0 4 3 0 2 3 4 1 0 2 3 1 0 4 0 1 2 4 3 5 0 5 2 3 5 0 4 1 3 2 4 5 4 5 1 | 14 21  0 6 1 0 8 1 0 9 1 1 7 1 1 9 1 1 11 1 2 7 1 2 12 1 2 13 1 3 8 1 3 10 1 3 11 1 4 10 1 4 12 1 4 13 1 5 11 1 5 12 1 5 13 1 6 8 1 6 9 1 7 10 1
R 2242 42 63 6 320 3 4 5 0 1 2 3 4 2 1 2 0 4 5 3 1 0 5 1 2 3 2 3 0 0 2 5 1 0 4 3 2 1 1 4 3 0 3 2 0 1 4 0 1 2 4 3 5 1 0 5 3 4 5 0 1 2 2 4 3 4 5 5 | 14 21  0 6 1 0 8 1 0 9 1 1 7 1 1 9 1 1 12 1 2 7 1 2 11 1 2 13 1 3 8 1 3 10 1 3 11 1 4 10 1 4 12 1 4 13 1 5 11 1 5 12 1 5 13 1 6 8 1 6 9 1 7 10 1
R 2243 42 63 6 71 3 4 5 0 3 4 1 0 3 1 2 0 0 2 4 1 5 2 1 2 3 2 1 3 0 2 5 1 0 4 5 2 3 1 0 3 4 0 3 1 2 4 0 1 2 5 1 2 4 2 5 3 4 5 3 5 1 0 4 3 4 5 0 | 14 21  0 6 1 0 8 1 0 9 1 1 7 1 1 10 1 1 11 1 2 7 1 2 12 1 2 13 1 3 8 1 3 10 1 3 12 1 4 9 1 4 11 1 4 12 1 5 10 1 5 11 1 5 13 1 6 8 1 6 9 1 7 13 1
R 2244 42 63 6 71 3 4 5 3 1 4 0 2 3 1 2 0 0 2 4 1 2 5 1 2 3 4 0 3 0 2 5 1 0 4 2 3 5 1 0 3 2 3 1 0 4 1 0 1 2 5 2 0 1 4 5 3 4 5 3 1 5 0 4 3 4 5 2 | 14 21  0 6 1 0 8 1 0 9 1 1 7 1 1 11 1 1 12 1 2 7 1 2 12 1 2 13 1 3 8 1 3 10 1 3 11 1 4 9 1 4 10 1 4 12 1 5 10 1 5 11 1 5 13 1 6 8 1 6 9 1 7 13 1
R 2245 42 63 6 64 3 4 5 3 0 4 1 5 3 1 2 0 0 2 4 1 2 5 1 2 3 2 5 4 0 2 5 1 0 4 2 3 5 1 0 3 0 4 1 1 2 0 0 1 2 1 2 5 0 2 4 3 4 5 3 1 5 0 4 3 4 5 3 | 14 21  0 6 1 0 8 1 0 9 1 1 7 1 1 11 1 1 13 1 2 7 1 2 12 1 2 13 1 3 8 1 3 10 1 3 11 1 4 9 1 4 10 1 4 12 1 5 10 1 5 11 1 5 12 1 6 8 1 6 9 1 7 13 1
R 2246 42 63 6 223 3 4 5 1 0 3 4 2 0 1 2 0 0 2 5 1 4 5 1 2 3 3 4 5 0 2 5 1 0 4 2 5 3 1 3 0 2 0 1 4 2 1 0 1 2 2 4 5 1 5 3 3 4 5 3 1 4 0 2 3 4 5 0 | 14 21  0 6 1 0 8 1 0 9 1 1 7 1 1 12 1 1 13 1 2 7 1 2 12 1 2 13 1 3 8 1 3 10 1 3 11 1 4 9 1 4 10 1 4 11 1 5 10 1 5 11 1 5 12 1 6 8 1 6 9 1 7 13 1
R 2247 42 63 6 210 3 4 5 3 2 4 0 4 5 1 2 0 0 2 1 4 3 5 1 2 3 1 4 2 0 2 5 1 0 4 2 0 3 3 0 2 4 3 0 3 1 4 0 1 2 0 1 5 3 1 2 3 4 5 3 4 5 1 2 0 4 5 5 | 14 21  0 6 1 0 8 1 0 9 1 1 7 1 1 10 1 1 11 1 2 7 1 2 12 1 2 13 1 3 8 1 3 10 1 3 13 1 4 9 1 4 11 1 4 12 1 5 11 1 5 12 1 5 13 1 6 8 1 6 9 1 7 10 1
R 2248 42 63 6 71 3 4 5 4 0 3 0 1 2 1 2 0 0 2 4 1 3 4 1 2 3 3 2 4 0 2 5 1 0 4 2 1 3 3 4 2 1 3 0 4 1 0 0 1 2 1 5 2 5 4 3 3 4 5 3 1 5 0 2 5 4 5 0 | 14 21  0 6 1 0 8 1 0 9 1 1 7 1 1 10 1 1 13 1 2 7 1 2 12 1 2 13 1 3 8 1 3 10 1 3 11 1 4 9 1 4 11 1 4 12 1 5 11 1 5 12 1 5 13 1 6 8 1 6 9 1 7 10 1
R 2249 42 63 6 1291 3 4 5 0 2 5 4 0 3 1 2 0 0 2 4 5 3 1 1 2 3 3 1 2 0 2 5 1 0 4 2 3 5 3 2 4 1 0 3 4 0 5 0 1 2 4 1 3 5 2 1 3 4 5 3 1 5 0 4 2 4 5 0 | 14 21  0 6 1 0 8 1 0 9 1 1 7 1 1 11 1 1 13 1 2 7 1 2 12 1 2 13 1 3 8 1 3 10 1 3 11 1 4 9 1 4 10 1 4 12 1 5 11 1 5 12 1 5 13 1 6 8 1 6 9 1 7 10 1
R 2250 42 63 6 98 3 4 5 1 2 3 3 5 1 1 2 0 0 2 4 4 5 0 1 2 3 0 3 1 0 2 5 1 0 4 3 2 0 4 2 3 0 2 1 4 1 3 0 1 2 4 0 5 2 4 0 3 4 5 3 1 5 1 3 2 4 5 5 | 14 21  0 6 1 0 8 1 0 9 1 1 7 1 1 11 1 1 13 1 2 7 1 2 12 1 2 13 1 3 8 1 3 10 1 3 11 1 4 9 1 4 11 1 4 12 1 5 10 1 5 12 1 5 13 1 6 8 1 6 9 1 7 10 1
R 2251 42 63 6 57 3 4 5 1 3 5 2 1 0 1 2 0 0 2 4 1 4 3 1 2 3 0 2 3 0 2 5 1 0 4 3 5 0 3 4 2 3 0 1 4 1 2 0 1 2 4 2 0 5 4 3 3 4 5 3 1 5 2 0 5 4 5 1 | 14 21  0 6 1 0 8 1 0 9 1 1 7 1 1 12 1 1 13 1 2 7 1 2 12 1 2 13 1 3 8 1 3 10 1 3 11 1 4 9 1 4 11 1 4 12 1 5 10 1 5 11 1 5 13 1 6 8 1 6 9 1 7 10 1
R 2252 42 63 6 82 3 4 5 1 5 2 0 5 4 1 4 0 0 3 2 1 2 5 1 2 3 2 4 1 0 2 3 1 0 5 2 0 1 2 0 3 1 0 4 5 3 4 0 1 2 0 4 3 3 2 1 3 5 2 4 5 1 4 3 0 4 5 5 | 14 21  0 6 1 0 8 1 0 12 1 1 7 1 1 8 1 1 9 1 2 7 1 2 9 1 2 11 1 3 10 1 3 11 1 3 13 1 4 10 1 4 12 1 4 13 1 5 11 1 5 12 1 5 13 1 6 9 1 6 10 1 7 8 1
R 2253 42 63 6 125 3 4 5 1 5 2 0 3 2 0 2 1 0 4 1 3 5 4 1 2 3 2 0 1 0 2 3 1 0 4 3 1 2 3 4 0 4 0 2 3 5 1 0 1 2 3 4 0 4 1 5 3 4 5 5 3 2 2 1 0 5 4 5 | 14 21  0 6 1 0 8 1 0 9 1 1 7 1 1 8 1 1 10 1 2 7 1 2 11 1 2 12 1 3 9 1 3 10 1 3 11 1 4 10 1 4 12 1 4 13 1 5 11 1 5 12 1 5 13 1 6 9 1 6 13 1 7 8 1
R 2254 42 63 6 92 3 4 5 1 5 2 0 3 2 0 2 1 3 4 1 0 5 4 1 2 3 2 0 1 0 2 3 1 0 4 3 1 2 0 4 3 4 1 2 3 5 0 0 1 2 3 4 0 4 5 1 3 4 5 0 5 2 2 3 1 5 4 5 | 14 21  0 6 1 0 8 1 0 9 1 1 7 1 1 8 1 1 12 1 2 7 1 2 10 1 2 11 1 3 9 1 3 10 1 3 11 1 4 10 1 4 12 1 4 13 1 5 11 1 5 12 1 5 13 1 6 9 1 6 13 1 7 8 1
R 2255 42 63 6 76 3 4 5 1 3 2 0 4 5 5 0 1 1 2 3 0 4 2 1 2 3 2 4 1 0 2 3 1 0 2 3 1 0 0 2 3 0 1 4 4 3 5 0 1 2 0 4 5 3 2 1 3 4 2 4 5 0 5 3 1 4 5 5 | 14 21  0 6 1 0 8 1 0 12 1 1 7 1 1 8 1 1 9 1 2 7 1 2 10 1 2 11 1 3 9 1 3 10 1 3 13 1 4 11 1 4 12 1 4 13 1 5 11 1 5 12 1 5 13 1 6 9 1 6 10 1 7 8 1
R 2256 42 63 6 125 3 4 5 1 3 2 0 4 1 0 4 5 0 2 1 4 2 5 1 2 3 2 4 1 0 2 3 1 0 2 1 0 4 4 5 3 2 0 3 0 1 4 0 1 2 0 4 5 3 2 5 3 1 2 3 4 5 0 1 3 4 5 5 | 14 21  0 6 1 0 8 1 0 10 1 1 7 1 1 8 1 1 9 1 2 7 1 2 11 1 2 12 1 3 9 1 3 11 1 3 13 1 4 10 1 4 12 1 4 13 1 5 11 1 5 12 1 5 13 1 6 9 1 6 10 1 7 8 1
R 2257 42 63 6 231 3 4 5 0 1 2 3 4 0 1 2 0 0 2 1 4 5 3 1 2 3 2 4 5 4 3 1 0 2 3 0 1 3 3 2 0 2 4 1 5 1 0 0 1 2 3 5 4 1 2 5 4 5 3 5 3 4 1 0 2 4 5 0 | 14 21  0 6 1 0 9 1 0 10 1 1 7 1 1 8 1 1 9 1 2 7 1 2 8 1 2 9 1 3 10 1 3 11 1 3 13 1 4 10 1 4 12 1 4 13 1 5 11 1 5 12 1 5 13 1 6 11 1 6 12 1 7 8 1
R 2258 42 63 6 600 3 4 5 0 1 2 5 1 3 0 1 2 3 4 5 4 0 1 1 2 3 4 5 0 4 3 2 0 2 3 0 1 5 0 3 1 0 2 5 3 1 4 0 1 2 3 5 4 2 0 4 5 3 4 2 1 0 5 3 2 4 5 1 | 14 21  0 6 1 0 9 1 0 10 1 1 7 1 1 8 1 1 9 1 2 7 1 2 8 1 2 10 1 3 9 1 3 10 1 3 11 1 4 11 1 4 12 1 4 13 1 5 11 1 5 12 1 5 13 1 6 12 1 6 13 1 7 8 1
R 2259 42 63 6 77 3 4 5 0 1 2 3 0 5 0 1 4 1 2 5 0 2 3 1 2 3 2 4 5 1 3 2 0 2 3 1 0 5 3 0 5 2 0 1 3 1 4 0 1 2 3 5 4 1 4 2 5 3 2 4 3 0 1 4 5 4 5 0 | 14 21  0 6 1 0 9 1 0 10 1 1 7 1 1 8 1 1 9 1 2 7 1 2 8 1 2 13 1 3 9 1 3 10 1 3 11 1 4 10 1 4 12 1 4 13 1 5 11 1 5 12 1 5 13 1 6 11 1 6 12 1 7 8 1
R 2260 42 63 6 1407 3 4 5 0 3 4 0 1 2 1 0 2 4 0 2 1 5 4 1 2 3 4 1 5 1 2 3 0 2 4 0 2 3 1 0 4 3 5 2 1 4 0 0 1 2 2 5 1 3 4 5 3 4 5 5 1 3 3 0 2 4 5 0 | 14 21  0 6 1 0 10 1 0 11 1 1 7 1 1 8 1 1 9 1 2 7 1 2 8 1 2 9 1 3 9 1 3 10 1 3 11 1 4 10 1 4 12 1 4 13 1 5 11 1 5 12 1 5 13 1 6 12 1 6 13 1 7 8 1
R 2261 42 63 6 459 3 4 5 1 0 4 1 2 3 1 3 2 1 0 2 0 4 5 1 2 3 3 4 5 0 3 2 1 2 4 0 2 3 0 3 5 1 0 2 1 4 0 0 1 2 2 5 3 0 4 5 0 4 5 5 4 3 1 3 2 4 5 1 | 14 21  0 6 1 0 10 1 0 11 1 1 7 1 1 8 1 1 9 1 2 7 1 2 8 1 2 9 1 3 9 1 3 10 1 3 12 1 4 10 1 4 11 1 4 13 1 5 11 1 5 12 1 5 13 1 6 12 1 6 13 1 7 8 1
R 2262 42 63 6 82 3 4 5 0 3 4 0 1 2 1 0 2 1 2 5 0 4 3 1 2 3 4 1 5 1 2 3 0 2 3 0 2 5 0 1 3 3 4 2 0 4 1 0 1 2 2 5 1 3 4 5 4 3 5 4 0 3 5 1 2 4 5 0 | 14 21  0 6 1 0 10 1 0 11 1 1 7 1 1 8 1 1 9 1 2 7 1 2 8 1 2 9 1 3 9 1 3 10 1 3 12 1 4 11 1 4 12 1 4 13 1 5 11 1 5 12 1 5 13 1 6 10 1 6 13 1 7 8 1
R 2263 42 63 6 208 3 4 5 1 0 2 3 4 0 4 3 2 1 2 4 5 0 1 1 2 3 2 4 5 4 3 1 3 1 2 0 2 5 0 1 3 0 4 2 3 1 4 0 1 2 3 5 4 1 2 5 0 5 1 3 5 0 4 3 2 4 5 0 | 14 21  0 6 1 0 10 1 0 11 1 1 7 1 1 8 1 1 9 1 2 7 1 2 8 1 2 9 1 3 9 1 3 11 1 3 12 1 4 10 1 4 12 1 4 13 1 5 11 1 5 12 1 5 13 1 6 10 1 6 13 1 7 8 1
R 2264 42 63 6 68 3 4 5 0 1 2 0 3 5 0 2 1 3 4 0 4 1 2 1 2 3 2 3 5 3 1 2 0 2 5 1 0 4 2 3 0 4 0 1 1 4 3 0 1 2 4 5 3 1 4 2 3 4 5 1 2 5 5 3 0 4 5 0 | 14 21  0 6 1 0 9 1 0 10 1 1 7 1 1 8 1 1 9 1 2 7 1 2 8 1 2 13 1 3 10 1 3 11 1 3 12 1 4 11 1 4 12 1 4 13 1 5 11 1 5 12 1 5 13 1 6 9 1 6 10 1 7 8 1
R 2265 42 63 6 76 3 4 5 1 4 2 0 3 5 1 2 0 2 4 5 4 0 1 1 2 3 2 0 1 0 2 3 0 3 4 1 5 4 1 0 2 3 4 0 1 4 2 0 1 2 3 5 0 4 1 2 4 3 5 3 1 0 5 2 3 4 5 5 | 14 21  0 6 1 0 8 1 0 9 1 1 7 1 1 9 1 1 10 1 2 7 1 2 9 1 2 10 1 3 8 1 3 10 1 3 13 1 4 11 1 4 12 1 4 13 1 5 11 1 5 12 1 5 13 1 6 11 1 6 12 1 7 8 1
R 2266 42 63 6 109 3 4 5 1 4 2 0 5 2 1 2 0 0 3 5 4 5 1 1 2 3 2 0 1 0 2 3 0 1 4 5 1 2 4 1 3 0 2 5 3 0 4 0 1 2 3 5 0 4 3 1 4 3 5 4 2 1 0 3 2 4 5 5 | 14 21  0 6 1 0 8 1 0 9 1 1 7 1 1 9 1 1 10 1 2 7 1 2 9 1 2 13 1 3 8 1 3 10 1 3 11 1 4 10 1 4 11 1 4 12 1 5 11 1 5 12 1 5 13 1 6 12 1 6 13 1 7 8 1
R 2267 42 63 6 157 3 4 5 0 5 2 1 4 0 1 2 3 1 3 4 0 5 2 1 2 3 2 1 0 0 2 3 1 0 4 3 0 4 1 5 2 3 0 4 2 3 1 0 1 2 4 3 1 3 2 5 4 5 0 5 2 0 3 1 4 4 5 5 | 14 21  0 6 1 0 8 1 0 9 1 1 7 1 1 9 1 1 10 1 2 7 1 2 10 1 2 13 1 3 8 1 3 9 1 3 11 1 4 10 1 4 12 1 4 13 1 5 11 1 5 12 1 5 13 1 6 11 1 6 12 1 7 8 1
R 2268 42 63 6 346 3 4 5 0 5 2 1 4 5 1 2 3 1 0 5 4 2 0 1 2 3 2 1 0 0 2 3 1 0 4 4 3 5 0 2 5 2 3 1 1 0 4 0 1 2 4 3 1 3 0 2 4 5 0 2 3 4 1 5 3 4 5 5 | 14 21  0 6 1 0 8 1 0 9 1 1 7 1 1 9 1 1 10 1 2 7 1 2 12 1 2 13 1 3 8 1 3 9 1 3 10 1 4 10 1 4 11 1 4 12 1 5 11 1 5 12 1 5 13 1 6 11 1 6 13 1 7 8 1
R 2269 42 63 6 299 3 4 5 0 5 2 1 4 5 1 2 3 4 1 0 0 2 5 1 2 3 2 1 0 0 2 3 1 0 4 0 4 5 1 5 2 3 0 1 2 3 4 0 1 2 4 3 1 3 2 0 4 5 0 2 3 5 3 4 1 4 5 5 | 14 21  0 6 1 0 8 1 0 9 1 1 7 1 1 9 1 1 10 1 2 7 1 2 12 1 2 13 1 3 8 1 3 9 1 3 11 1 4 10 1 4 11 1 4 13 1 5 10 1 5 12 1 5 13 1 6 11 1 6 12 1 7 8 1
R 2270 42 63 6 59 3 4 5 2 5 0 0 4 1 1 2 3 3 4 5 2 1 0 1 2 3 3 0 1 0 2 3 3 0 4 1 2 5 2 4 0 0 3 1 2 1 4 0 1 2 4 1 3 2 3 5 4 5 0 1 2 0 5 4 3 4 5 5 | 14 21  0 6 1 0 8 1 0 9 1 1 7 1 1 9 1 1 10 1 2 7 1 2 11 1 2 12 1 3 8 1 3 9 1 3 10 1 4 11 1 4 12 1 4 13 1 5 11 1 5 12 1 5 13 1 6 10 1 6 13 1 7 8 1
R 2271 42 63 6 62 3 4 5 0 5 2 1 4 5 1 2 3 0 1 3 5 0 2 1 2 3 2 1 0 0 2 3 1 0 4 3 0 2 3 0 1 5 1 4 2 3 5 0 1 2 4 3 1 3 2 0 4 5 0 5 2 4 4 3 1 4 5 5 | 14 21  0 6 1 0 8 1 0 9 1 1 7 1 1 9 1 1 10 1 2 7 1 2 11 1 2 13 1 3 8 1 3 9 1 3 12 1 4 10 1 4 12 1 4 13 1 5 11 1 5 12 1 5 13 1 6 10 1 6 11 1 7 8 1
R 2272 42 63 6 63 3 4 5 1 4 2 0 3 5 1 2 0 0 2 5 1 5 4 1 2 3 2 0 1 0 2 3 0 1 3 1 5 4 3 4 2 0 2 5 0 4 1 0 1 2 3 5 0 4 2 1 4 3 5 4 1 3 0 3 2 4 5 5 | 14 21  0 6 1 0 8 1 0 9 1 1 7 1 1 9 1 1 10 1 2 7 1 2 10 1 2 12 1 3 8 1 3 10 1 3 11 1 4 9 1 4 11 1 4 13 1 5 11 1 5 12 1 5 13 1 6 12 1 6 13 1 7 8 1
R 2273 42 63 6 225 3 4 5 0 5 3 4 2 3 1 2 5 1 4 2 5 0 1 1 2 3 3 4 1 0 2 3 1 3 5 2 4 0 0 2 1 0 5 2 3 1 4 0 1 2 2 4 1 0 5 1 4 3 0 0 3 5 4 3 2 4 5 5 | 14 21  0 6 1 0 8 1 0 9 1 1 7 1 1 9 1 1 10 1 2 7 1 2 10 1 2 12 1 3 8 1 3 11 1 3 13 1 4 9 1 4 10 1 4 11 1 5 11 1 5 12 1 5 13 1 6 12 1 6 13 1 7 8 1
R 2274 42 63 6 76 3 4 5 1 5 2 0 5 3 1 2 5 4 0 1 0 2 3 1 2 3 2 0 1 0 2 3 0 1 3 4 3 5 0 2 5 2 0 1 3 1 4 0 1 2 3 4 0 4 2 1 4 3 0 5 3 2 1 4 5 4 5 5 | 14 21  0 6 1 0 8 1 0 9 1 1 7 1 1 9 1 1 10 1 2 7 1 2 10 1 2 11 1 3 8 1 3 12 1 3 13 1 4 9 1 4 11 1 4 13 1 5 10 1 5 12 1 5 13 1 6 11 1 6 12 1 7 8 1
R 2275 42 63 6 1948 3 4 5 1 4 2 0 3 5 1 2 0 2 5 1 0 5 4 1 2 3 2 0 1 0 2 3 0 1 3 5 1 4 1 3 4 2 0 5 2 4 0 0 1 2 3 5 0 4 2 1 4 3 5 4 0 3 2 3 1 4 5 5 | 14 21  0 6 1 0 8 1 0 9 1 1 7 1 1 9 1 1 10 1 2 7 1 2 11 1 2 12 1 3 8 1 3 10 1 3 11 1 4 9 1 4 11 1 4 13 1 5 10 1 5 12 1 5 13 1 6 12 1 6 13 1 7 8 1
R 2276 42 63 6 57 3 4 5 1 4 2 0 3 5 1 2 0 0 5 2 3 5 1 1 2 3 2 0 1 0 2 3 0 1 3 5 1 2 3 2 4 3 5 0 0 1 4 0 1 2 3 5 0 4 1 2 4 3 5 4 1 3 4 0 2 4 5 5 | 14 21  0 6 1 0 8 1 0 9 1 1 7 1 1 9 1 1 10 1 2 7 1 2 11 1 2 13 1 3 8 1 3 10 1 3 11 1 4 9 1 4 12 1 4 13 1 5 10 1 5 11 1 5 12 1 6 12 1 6 13 1 7 8 1
R 2277 42 63 6 1765 3 4 5 1 4 2 0 5 1 1 2 0 0 2 5 5 3 4 1 2 3 2 0 1 0 2 3 0 1 3 5 1 4 4 1 2 5 2 0 3 0 4 0 1 2 3 5 0 4 3 2 4 3 5 4 3 1 2 0 1 4 5 5 | 14 21  0 6 1 0 8 1 0 9 1 1 7 1 1 9 1 1 10 1 2 7 1 2 12 1 2 13 1 3 8 1 3 10 1 3 11 1 4 9 1 4 11 1 4 13 1 5 10 1 5 11 1 5 12 1 6 12 1 6 13 1 7 8 1
R 2278 42 63 6 167 3 4 5 1 2 0 0 5 4 1 2 3 2 5 3 4 0 1 1 2 3 3 0 1 0 2 3 3 0 4 4 1 2 1 2 0 0 3 5 2 1 4 0 1 2 4 5 3 2 3 1 4 0 5 1 4 0 5 2 3 4 5 5 | 14 21  0 6 1 0 8 1 0 9 1 1 7 1 1 9 1 1 10 1 2 7 1 2 11 1 2 12 1 3 8 1 3 10 1 3 11 1 4 9 1 4 12 1 4 13 1 5 10 1 5 12 1 5 13 1 6 11 1 6 13 1 7 8 1
R 2279 42 63 6 114 3 4 5 1 0 2 3 5 4 1 2 3 0 2 4 0 5 1 1 2 3 2 4 0 0 2 3 0 1 3 4 1 2 1 0 2 0 5 3 3 1 4 0 1 2 3 4 5 1 2 0 4 0 5 5 3 1 3 4 2 4 5 5 | 14 21  0 6 1 0 8 1 0 9 1 1 7 1 1 9 1 1 10 1 2 7 1 2 12 1 2 13 1 3 8 1 3 10 1 3 11 1 4 9 1 4 11 1 4 12 1 5 10 1 5 12 1 5 13 1 6 11 1 6 13 1 7 8 1
R 2280 42 63 6 57 3 4 5 4 0 2 1 3 5 1 2 3 0 5 2 0 1 4 1 2 3 2 1 0 0 2 3 0 1 3 4 3 5 1 0 2 4 2 3 0 1 4 0 1 2 3 5 1 4 0 2 4 0 5 4 1 3 2 3 5 4 5 5 | 14 21  0 6 1 0 8 1 0 9 1 1 7 1 1 9 1 1 10 1 2 7 1 2 12 1 2 13 1 3 8 1 3 10 1 3 11 1 4 9 1 4 12 1 4 13 1 5 10 1 5 11 1 5 12 1 6 11 1 6 13 1 7 8 1
R 2281 42 63 6 82 3 4 5 0 2 4 3 4 0 1 2 0 1 2 5 3 1 5 1 2 3 1 4 0 0 2 3 1 0 3 3 0 2 4 2 5 2 1 0 3 1 4 0 1 2 3 5 1 2 1 5 4 5 3 4 3 0 0 4 2 4 5 5 | 14 21  0 6 1 0 8 1 0 9 1 1 7 1 1 9 1 1 10 1 2 7 1 2 11 1 2 12 1 3 8 1 3 10 1 3 11 1 4 9 1 4 12 1 4 13 1 5 11 1 5 12 1 5 13 1 6 10 1 6 13 1 7 8 1
R 2282 42 63 6 118 3 4 5 0 2 4 3 4 1 1 2 0 1 5 2 4 0 5 1 2 3 1 4 0 0 2 3 1 0 3 3 0 2 4 1 5 2 4 1 0 2 4 0 1 2 3 5 1 2 0 5 4 5 3 4 0 3 2 3 1 4 5 5 | 14 21  0 6 1 0 8 1 0 9 1 1 7 1 1 9 1 1 10 1 2 7 1 2 12 1 2 13 1 3 8 1 3 10 1 3 11 1 4 9 1 4 11 1 4 13 1 5 11 1 5 12 1 5 13 1 6 10 1 6 12 1 7 8 1
R 2283 42 63 6 102 3 4 5 1 4 5 0 3 2 1 2 3 0 2 5 1 0 4 1 2 3 2 0 1 0 2 3 0 1 4 3 4 5 1 2 4 3 2 0 3 0 1 0 1 2 3 2 0 4 1 5 4 5 0 3 1 4 3 5 2 4 5 5 | 14 21  0 6 1 0 8 1 0 9 1 1 7 1 1 10 1 1 11 1 2 7 1 2 10 1 2 11 1 3 8 1 3 9 1 3 10 1 4 9 1 4 12 1 4 13 1 5 11 1 5 12 1 5 13 1 6 12 1 6 13 1 7 8 1
R 2284 42 63 6 298 3 4 5 0 5 4 2 5 0 1 2 3 0 2 1 1 4 5 1 2 3 3 1 0 0 2 3 0 1 4 1 2 4 2 0 5 5 3 0 2 4 1 0 1 2 2 3 1 4 1 3 4 5 0 3 5 4 3 2 0 4 5 5 | 14 21  0 6 1 0 8 1 0 9 1 1 7 1 1 10 1 1 11 1 2 7 1 2 12 1 2 13 1 3 8 1 3 9 1 3 10 1 4 9 1 4 10 1 4 12 1 5 11 1 5 12 1 5 13 1 6 11 1 6 13 1 7 8 1
R 2285 42 63 6 107 3 4 5 0 5 1 2 5 4 1 2 3 0 2 4 4 0 1 1 2 3 4 1 0 0 2 3 0 1 4 4 2 1 3 2 1 0 2 5 3 0 4 0 1 2 2 3 4 3 0 1 4 5 0 3 5 1 5 3 2 4 5 5 | 14 21  0 6 1 0 8 1 0 9 1 1 7 1 1 10 1 1 11 1 2 7 1 2 11 1 2 12 1 3 8 1 3 9 1 3 10 1 4 9 1 4 11 1 4 13 1 5 10 1 5 12 1 5 13 1 6 12 1 6 13 1 7 8 1
R 2286 42 63 6 57 3 4 5 1 3 2 4 0 1 1 2 3 0 2 4 0 4 5 1 2 3 2 0 1 0 2 3 0 1 4 4 3 1 1 4 2 3 0 2 3 4 0 0 1 2 4 5 0 3 5 2 4 5 0 3 5 1 2 3 1 4 5 5 | 14 21  0 6 1 0 8 1 0 9 1 1 7 1 1 10 1 1 11 1 2 7 1 2 12 1 2 13 1 3 8 1 3 9 1 3 10 1 4 9 1 4 11 1 4 13 1 5 10 1 5 11 1 5 12 1 6 12 1 6 13 1 7 8 1
R 2287 42 63 6 201 3 4 5 2 5 4 0 3 4 1 2 5 0 2 1 5 0 1 1 2 3 1 0 4 0 2 3 0 1 4 5 1 2 2 0 3 0 5 2 3 1 4 0 1 2 3 0 1 2 5 1 4 3 0 5 3 4 4 3 2 4 5 5 | 14 21  0 6 1 0 8 1 0 9 1 1 7 1 1 10 1 1 11 1 2 7 1 2 11 1 2 12 1 3 8 1 3 9 1 3 13 1 4 9 1 4 10 1 4 11 1 5 10 1 5 12 1 5 13 1 6 12 1 6 13 1 7 8 1
R 2288 42 63 6 57 3 4 5 3 5 4 5 0 2 1 2 3 0 2 1 0 4 1 1 2 3 2 1 4 0 2 3 0 1 4 4 1 2 0 2 3 3 0 5 3 0 1 0 1 2 0 1 2 3 1 4 4 5 0 3 5 4 3 5 2 4 5 5 | 14 21  0 6 1 0 8 1 0 9 1 1 7 1 1 11 1 1 13 1 2 7 1 2 12 1 2 13 1 3 8 1 3 9 1 3 10 1 4 9 1 4 10 1 4 11 1 5 10 1 5 11 1 5 12 1 6 12 1 6 13 1 7 8 1
R 2289 42 63 6 110 3 4 5 5 0 4 1 2 0 1 2 3 0 1 4 3 5 2 1 2 3 3 1 0 0 2 3 2 3 4 1 2 0 2 1 4 5 4 0 1 0 3 0 1 2 2 1 3 4 3 5 4 0 5 5 3 2 0 1 4 4 5 5 | 14 21  0 6 1 0 8 1 0 13 1 1 7 1 1 9 1 1 10 1 2 7 1 2 12 1 2 13 1 3 8 1 3 9 1 3 10 1 4 9 1 4 11 1 4 12 1 5 11 1 5 12 1 5 13 1 6 10 1 6 11 1 7 8 1
R 2290 42 63 6 122 3 4 5 1 4 5 0 3 5 1 2 0 0 4 2 1 2 5 1 2 3 2 0 1 0 2 3 1 0 3 2 4 5 1 0 5 3 2 4 0 1 4 0 1 2 3 0 2 4 1 2 4 3 5 5 1 3 4 0 3 4 5 5 | 14 21  0 6 1 0 8 1 0 9 1 1 7 1 1 10 1 1 11 1 2 7 1 2 12 1 2 13 1 3 8 1 3 10 1 3 12 1 4 9 1 4 10 1 4 11 1 5 9 1 5 12 1 5 13 1 6 11 1 6 13 1 7 8 1
R 2291 42 63 6 105 3 4 5 0 1 2 0 3 4 1 0 5 2 3 5 2 1 0 1 2 3 2 3 1 2 4 5 1 0 4 3 0 2 1 3 0 0 5 3 2 1 5 0 1 2 4 3 5 5 1 2 3 4 2 4 1 0 5 4 3 5 4 0 | 14 21  0 6 1 0 8 1 0 9 1 1 7 1 1 9 1 1 10 1 2 7 1 2 10 1 2 12 1 3 8 1 3 10 1 3 11 1 4 11 1 4 12 1 4 13 1 5 11 1 5 12 1 5 13 1 6 9 1 6 13 1 7 8 1
R 2292 42 63 6 145 3 4 5 0 1 2 0 3 1 0 1 2 3 5 4 5 4 0 1 2 3 2 3 1 2 4 5 1 0 4 3 0 2 4 0 1 5 3 1 3 0 5 0 1 2 4 3 5 5 4 2 3 5 4 1 0 2 3 2 1 5 4 0 | 14 21  0 6 1 0 8 1 0 9 1 1 7 1 1 9 1 1 10 1 2 7 1 2 10 1 2 11 1 3 8 1 3 11 1 3 12 1 4 10 1 4 12 1 4 13 1 5 11 1 5 12 1 5 13 1 6 9 1 6 13 1 7 8 1
R 2293 42 63 6 297 3 4 5 0 1 2 0 3 1 0 1 4 4 5 2 3 2 0 1 2 3 2 3 1 2 4 5 1 0 4 3 0 2 0 4 5 3 2 1 3 0 1 0 1 2 4 3 5 5 4 2 3 5 2 1 3 0 1 4 5 5 4 0 | 14 21  0 6 1 0 8 1 0 9 1 1 7 1 1 9 1 1 10 1 2 7 1 2 10 1 2 11 1 3 8 1 3 12 1 3 13 1 4 10 1 4 11 1 4 12 1 5 11 1 5 12 1 5 13 1 6 9 1 6 13 1 7 8 1
R 2294 42 63 6 120 3 4 5 0 1 2 0 3 1 0 1 4 2 5 0 5 3 4 1 2 3 2 3 1 2 4 5 1 0 4 3 0 1 3 4 0 5 0 3 2 1 5 0 1 2 4 3 5 5 2 4 3 2 5 4 1 3 1 2 0 5 4 0 | 14 21  0 6 1 0 8 1 0 9 1 1 7 1 1 9 1 1 10 1 2 7 1 2 11 1 2 12 1 3 8 1 3 10 1 3 11 1 4 10 1 4 12 1 4 13 1 5 11 1 5 12 1 5 13 1 6 9 1 6 13 1 7 8 1
R 2295 42 63 6 267 3 4 5 0 1 2 0 3 4 0 1 4 3 2 5 2 1 0 1 2 3 2 3 1 2 4 5 1 0 4 3 0 1 2 3 0 1 3 4 2 0 5 0 1 2 4 3 5 5 2 1 3 2 5 4 1 0 4 5 3 5 4 0 | 14 21  0 6 1 0 8 1 0 9 1 1 7 1 1 9 1 1 10 1 2 7 1 2 12 1 2 13 1 3 8 1 3 10 1 3 11 1 4 10 1 4 11 1 4 12 1 5 11 1 5 12 1 5 13 1 6 9 1 6 13 1 7 8 1
R 2296 42 63 6 365 3 4 5 0 1 2 0 3 1 0 1 4 2 3 4 5 4 0 1 2 3 2 3 1 2 4 5 1 0 4 4 3 0 3 1 0 5 4 1 0 2 3 0 1 2 4 3 5 5 2 4 3 2 5 1 5 0 2 3 1 5 4 0 | 14 21  0 6 1 0 8 1 0 9 1 1 7 1 1 9 1 1 10 1 2 7 1 2 12 1 2 13 1 3 8 1 3 11 1 3 13 1 4 10 1 4 11 1 4 12 1 5 10 1 5 12 1 5 13 1 6 9 1 6 11 1 7 8 1
R 2297 42 63 6 57 3 4 5 3 0 4 1 2 5 1 2 3 0 2 1 5 4 0 1 2 3 4 1 0 0 2 3 1 0 4 2 0 3 2 3 4 0 2 1 3 1 5 0 1 2 2 5 1 3 4 0 4 0 5 3 4 5 1 3 2 5 4 5 | 14 21  0 6 1 0 8 1 0 9 1 1 7 1 1 10 1 1 11 1 2 7 1 2 12 1 2 13 1 3 8 1 3 11 1 3 12 1 4 9 1 4 10 1 4 11 1 5 10 1 5 12 1 5 13 1 6 9 1 6 13 1 7 8 1
R 2298 42 63 6 77 3 4 5 1 4 2 0 5 3 1 2 3 0 2 1 0 5 4 1 2 3 2 0 4 0 2 3 1 0 4 3 0 1 1 3 5 4 2 3 1 2 0 0 1 2 3 5 0 1 2 4 4 0 5 3 4 5 2 1 3 5 4 5 | 14 21  0 6 1 0 8 1 0 9 1 1 7 1 1 10 1 1 11 1 2 7 1 2 11 1 2 13 1 3 8 1 3 12 1 3 13 1 4 9 1 4 11 1 4 12 1 5 10 1 5 12 1 5 13 1 6 9 1 6 10 1 7 8 1
R 2299 42 63 6 76 3 4 5 5 2 4 0 1 5 1 2 3 0 2 1 3 0 4 1 2 3 3 1 4 0 2 3 1 0 4 1 0 5 0 3 2 3 2 0 4 2 1 0 1 2 0 3 1 2 4 3 4 5 0 3 4 5 2 1 5 5 4 5 | 14 21  0 6 1 0 8 1 0 9 1 1 7 1 1 10 1 1 11 1 2 7 1 2 12 1 2 13 1 3 8 1 3 11 1 3 13 1 4 9 1 4 11 1 4 12 1 5 10 1 5 12 1 5 13 1 6 9 1 6 10 1 7 8 1
R 2300 42 63 6 238 3 4 5 0 2 5 4 5 1 1 2 3 0 2 4 1 4 0 1 2 3 1 4 0 0 2 3 1 0 4 2 1 0 2 3 0 3 4 5 4 2 1 0 1 2 3 4 1 2 0 3 4 5 0 3 5 1 3 2 5 5 4 5 | 14 21  0 6 1 0 8 1 0 9 1 1 7 1 1 11 1 1 12 1 2 7 1 2 12 1 2 13 1 3 8 1 3 11 1 3 13 1 4 9 1 4 10 1 4 11 1 5 10 1 5 12 1 5 13 1 6 9 1 6 10 1 7 8 1
R 2301 42 63 6 199 3 4 5 0 1 2 0 4 1 0 5 3 4 1 2 0 3 2 1 2 3 5 4 1 1 3 2 0 2 3 2 0 5 2 0 1 0 4 3 3 1 4 0 1 2 3 5 4 2 5 3 4 1 2 3 5 0 4 1 5 4 5 0 | 14 21  0 6 1 0 9 1 0 13 1 1 7 1 1 8 1 1 9 1 2 7 1 2 9 1 2 10 1 3 8 1 3 10 1 3 12 1 4 11 1 4 12 1 4 13 1 5 11 1 5 12 1 5 13 1 6 10 1 6 11 1 7 8 1
R 2302 42 63 6 160 3 4 5 3 0 5 2 1 4 1 0 2 0 2 4 1 4 0 1 2 3 5 1 4 4 2 5 2 0 3 1 0 4 2 1 0 0 4 3 3 2 1 0 1 2 2 1 4 3 5 0 3 5 4 3 5 1 3 2 5 5 4 0 | 14 21  0 6 1 0 9 1 0 10 1 1 7 1 1 8 1 1 9 1 2 7 1 2 9 1 2 13 1 3 8 1 3 12 1 3 13 1 4 10 1 4 11 1 4 12 1 5 11 1 5 12 1 5 13 1 6 10 1 6 11 1 7 8 1
R 2303 42 63 6 3328 3 4 5 5 4 3 0 1 2 2 0 1 2 3 5 4 0 1 1 2 3 2 0 4 4 2 1 1 0 3 0 2 3 0 3 1 3 0 5 2 1 4 0 1 2 1 0 2 3 5 4 3 4 5 4 1 0 5 2 3 4 5 5 | 14 21  0 6 1 0 10 1 0 11 1 1 7 1 1 8 1 1 9 1 2 7 1 2 9 1 2 10 1 3 8 1 3 9 1 3 10 1 4 11 1 4 12 1 4 13 1 5 11 1 5 12 1 5 13 1 6 12 1 6 13 1 7 8 1
R 2304 42 63 6 133 3 4 5 5 0 3 0 1 2 4 1 2 0 1 4 3 0 2 1 2 3 2 1 5 2 4 3 4 1 3 0 2 3 0 1 5 1 2 0 3 0 4 0 1 2 4 1 2 3 5 4 5 0 3 5 3 2 4 5 1 4 5 0 | 14 21  0 6 1 0 10 1 0 11 1 1 7 1 1 8 1 1 9 1 2 7 1 2 9 1 2 10 1 3 8 1 3 9 1 3 11 1 4 10 1 4 12 1 4 13 1 5 11 1 5 12 1 5 13 1 6 12 1 6 13 1 7 8 1
R 2305 42 63 6 91 3 4 5 3 0 1 0 1 2 5 2 4 0 1 4 3 2 0 1 2 3 4 1 5 4 2 3 3 2 1 0 2 3 1 0 5 1 0 2 3 0 4 0 1 2 2 5 4 3 5 4 1 0 3 5 3 2 4 5 1 4 5 0 | 14 21  0 6 1 0 10 1 0 11 1 1 7 1 1 8 1 1 9 1 2 7 1 2 9 1 2 10 1 3 8 1 3 9 1 3 12 1 4 10 1 4 11 1 4 13 1 5 11 1 5 12 1 5 13 1 6 12 1 6 13 1 7 8 1
R 2306 42 63 6 155 3 4 5 3 5 4 0 5 2 1 0 2 3 1 4 0 2 4 1 2 3 2 1 3 2 0 4 3 0 4 0 2 4 1 0 4 1 3 2 3 0 5 0 1 2 0 1 2 4 1 3 3 5 4 5 0 2 3 5 1 5 4 5 | 14 21  0 6 1 0 10 1 0 11 1 1 7 1 1 8 1 1 9 1 2 7 1 2 9 1 2 10 1 3 8 1 3 9 1 3 12 1 4 10 1 4 12 1 4 13 1 5 11 1 5 12 1 5 13 1 6 11 1 6 13 1 7 8 1
R 2307 42 63 6 261 3 4 5 4 1 5 0 3 4 0 1 2 2 0 4 1 0 2 1 2 3 5 3 4 2 1 5 2 4 1 0 1 4 0 2 3 3 2 0 1 0 4 0 1 2 2 3 0 1 5 2 4 3 5 3 5 1 4 5 3 4 5 0 | 14 21  0 6 1 0 11 1 0 13 1 1 7 1 1 8 1 1 9 1 2 7 1 2 9 1 2 10 1 3 8 1 3 9 1 3 10 1 4 10 1 4 11 1 4 12 1 5 11 1 5 12 1 5 13 1 6 12 1 6 13 1 7 8 1
R 2308 42 63 6 82 3 4 5 3 4 5 0 1 2 1 0 2 1 2 5 0 4 3 1 2 3 2 0 3 2 1 4 1 0 3 0 2 5 0 1 3 3 4 2 0 4 1 0 1 2 1 0 2 4 5 3 3 4 5 4 0 3 5 1 2 4 5 5 | 14 21  0 6 1 0 10 1 0 11 1 1 7 1 1 8 1 1 9 1 2 7 1 2 9 1 2 10 1 3 8 1 3 9 1 3 12 1 4 11 1 4 12 1 4 13 1 5 11 1 5 12 1 5 13 1 6 10 1 6 13 1 7 8 1
R 2309 42 63 6 174 3 4 5 3 2 4 0 4 1 1 0 2 0 5 3 2 4 5 1 2 3 1 4 2 2 0 3 0 2 3 4 3 5 0 4 1 3 0 2 1 0 4 0 1 2 0 1 5 3 2 5 4 5 3 4 1 2 0 3 1 4 5 5 | 14 21  0 6 1 0 9 1 0 13 1 1 7 1 1 8 1 1 9 1 2 7 1 2 10 1 2 12 1 3 8 1 3 11 1 3 13 1 4 9 1 4 10 1 4 11 1 5 10 1 5 11 1 5 12 1 6 12 1 6 13 1 7 8 1
R 2310 42 63 6 397 3 4 5 3 2 5 0 1 2 0 2 1 1 4 5 3 0 4 1 2 3 5 0 4 4 1 5 1 0 3 0 2 3 3 1 4 0 2 5 3 0 1 0 1 2 1 0 4 3 5 4 3 5 4 2 0 3 5 1 2 4 5 2 | 14 21  0 6 1 0 10 1 0 11 1 1 7 1 1 8 1 1 9 1 2 7 1 2 9 1 2 10 1 3 8 1 3 10 1 3 13 1 4 9 1 4 11 1 4 12 1 5 11 1 5 12 1 5 13 1 6 12 1 6 13 1 7 8 1
R 2311 42 63 6 70 3 4 5 2 0 4 3 0 1 3 0 1 1 2 4 4 0 2 1 2 3 4 3 1 1 5 4 2 3 4 2 0 3 0 2 1 3 2 0 1 0 4 0 1 2 5 3 1 2 5 4 2 4 5 0 5 3 5 1 3 4 5 0 | 14 21  0 6 1 0 10 1 0 13 1 1 7 1 1 8 1 1 9 1 2 7 1 2 9 1 2 10 1 3 8 1 3 11 1 3 12 1 4 9 1 4 10 1 4 11 1 5 11 1 5 12 1 5 13 1 6 12 1 6 13 1 7 8 1
R 2312 42 63 6 13177 3 4 5 5 1 0 3 2 4 3 0 1 2 0 1 4 0 2 1 2 3 4 2 1 1 3 5 5 4 1 0 3 2 2 0 3 3 2 0 1 0 4 0 1 2 3 4 2 5 0 1 2 4 5 3 4 5 5 1 3 4 5 0 | 14 21  0 6 1 0 11 1 0 13 1 1 7 1 1 8 1 1 9 1 2 7 1 2 9 1 2 10 1 3 8 1 3 10 1 3 11 1 4 9 1 4 11 1 4 12 1 5 10 1 5 12 1 5 13 1 6 12 1 6 13 1 7 8 1
R 2313 42 63 6 120 3 4 5 3 1 5 0 2 4 2 0 1 3 0 1 4 0 2 1 2 3 5 4 3 1 2 5 3 4 1 0 1 2 0 2 3 3 2 0 1 0 4 0 1 2 2 4 0 1 5 3 3 4 5 2 4 5 5 1 3 4 5 0 | 14 21  0 6 1 0 11 1 0 13 1 1 7 1 1 8 1 1 9 1 2 7 1 2 9 1 2 10 1 3 8 1 3 11 1 3 12 1 4 9 1 4 10 1 4 11 1 5 10 1 5 12 1 5 13 1 6 12 1 6 13 1 7 8 1
R 2314 42 63 6 248 3 4 5 0 3 4 1 0 2 0 2 1 1 0 2 4 3 5 1 2 3 4 1 5 1 2 3 0 2 3 3 1 0 4 2 3 0 5 2 1 0 4 0 1 2 2 5 1 3 5 4 4 5 3 4 5 3 2 0 1 4 5 0 | 14 21  0 6 1 0 11 1 0 13 1 1 7 1 1 8 1 1 9 1 2 7 1 2 9 1 2 10 1 3 8 1 3 11 1 3 12 1 4 9 1 4 10 1 4 13 1 5 10 1 5 11 1 5 12 1 6 12 1 6 13 1 7 8 1
R 2315 42 63 6 320 3 4 5 3 4 5 2 0 1 5 0 3 1 4 2 4 0 2 1 2 3 1 0 4 2 1 3 0 2 3 4 2 3 4 0 5 3 2 0 1 0 4 0 1 2 2 0 1 3 4 5 4 1 2 5 0 3 5 1 3 4 5 5 | 14 21  0 6 1 0 11 1 0 13 1 1 7 1 1 8 1 1 9 1 2 7 1 2 9 1 2 12 1 3 8 1 3 10 1 3 11 1 4 9 1 4 10 1 4 11 1 5 10 1 5 12 1 5 13 1 6 12 1 6 13 1 7 8 1
R 2316 42 63 6 274 3 4 5 3 4 5 0 1 2 0 5 4 1 2 3 0 5 1 1 2 3 2 0 3 1 2 4 1 0 3 0 2 5 0 1 4 5 3 4 3 1 0 0 1 2 1 0 2 4 5 3 3 1 2 4 5 0 3 2 4 4 5 5 | 14 21  0 6 1 0 10 1 0 11 1 1 7 1 1 8 1 1 9 1 2 7 1 2 9 1 2 10 1 3 8 1 3 12 1 3 13 1 4 9 1 4 11 1 4 12 1 5 11 1 5 12 1 5 13 1 6 10 1 6 13 1 7 8 1
R 2317 42 63 6 165 3 4 5 3 4 1 0 1 2 2 0 1 3 4 1 0 5 2 1 2 3 2 0 4 4 2 5 3 1 0 0 2 3 0 1 4 3 2 5 3 0 1 0 1 2 5 0 2 3 5 4 3 4 5 2 5 0 3 1 4 4 5 1 | 14 21  0 6 1 0 10 1 0 11 1 1 7 1 1 8 1 1 13 1 2 7 1 2 9 1 2 10 1 3 8 1 3 9 1 3 10 1 4 9 1 4 11 1 4 12 1 5 11 1 5 12 1 5 13 1 6 12 1 6 13 1 7 8 1
R 2318 42 63 6 221 3 4 5 3 0 2 2 0 5 0 4 1 1 3 2 1 0 4 1 2 3 1 2 5 1 4 3 4 3 5 0 2 3 1 0 2 0 3 4 2 1 0 0 1 2 4 5 1 3 1 4 2 5 3 0 4 5 2 5 3 4 5 0 | 14 21  0 6 1 0 10 1 0 12 1 1 7 1 1 8 1 1 9 1 2 7 1 2 12 1 2 13 1 3 8 1 3 12 1 3 13 1 4 9 1 4 10 1 4 11 1 5 9 1 5 10 1 5 11 1 6 11 1 6 13 1 7 8 1
R 2319 42 63 6 119 3 4 5 0 3 2 0 1 4 0 4 2 1 4 2 3 1 0 1 2 3 2 1 4 1 3 2 0 4 2 3 1 4 0 2 3 1 0 4 3 0 5 0 1 2 5 4 1 3 5 2 5 3 1 3 0 5 5 2 4 5 4 0 | 14 21  0 6 1 0 11 1 0 12 1 1 7 1 1 8 1 1 9 1 2 7 1 2 10 1 2 13 1 3 8 1 3 12 1 3 13 1 4 9 1 4 10 1 4 11 1 5 9 1 5 10 1 5 11 1 6 12 1 6 13 1 7 8 1
R 2320 42 63 6 573 3 4 5 1 0 2 1 3 2 0 1 2 5 4 0 3 4 5 1 2 3 2 3 5 3 0 2 3 5 0 0 2 4 5 4 1 3 0 2 1 0 4 0 1 2 4 5 3 0 4 5 4 3 5 1 3 2 2 0 1 4 5 1 | 14 21  0 6 1 0 10 1 0 13 1 1 7 1 1 8 1 1 13 1 2 7 1 2 9 1 2 10 1 3 8 1 3 11 1 3 12 1 4 9 1 4 10 1 4 11 1 5 9 1 5 11 1 5 12 1 6 12 1 6 13 1 7 8 1
R 2321 42 63 6 241 3 4 5 0 1 2 0 3 2 1 0 2 1 5 4 3 0 5 1 2 3 2 3 5 3 1 2 0 2 5 1 0 3 0 1 2 5 4 0 3 1 4 0 1 2 4 5 3 1 4 5 4 5 3 3 2 0 4 1 2 4 5 0 | 14 21  0 6 1 0 9 1 0 10 1 1 7 1 1 8 1 1 9 1 2 7 1 2 10 1 2 11 1 3 8 1 3 10 1 3 12 1 4 11 1 4 12 1 4 13 1 5 11 1 5 12 1 5 13 1 6 9 1 6 13 1 7 8 1
R 2322 42 63 6 121 3 4 5 0 1 2 0 3 4 0 1 3 1 2 5 0 2 5 1 2 3 2 3 5 3 1 2 0 2 5 0 1 5 3 1 0 4 2 3 0 1 4 0 1 2 4 5 3 1 2 5 4 5 2 3 4 0 4 1 3 4 5 0 | 14 21  0 6 1 0 9 1 0 10 1 1 7 1 1 8 1 1 9 1 2 7 1 2 11 1 2 13 1 3 8 1 3 12 1 3 13 1 4 10 1 4 11 1 4 12 1 5 10 1 5 12 1 5 13 1 6 9 1 6 11 1 7 8 1
R 2323 42 63 6 224 3 4 5 0 1 2 0 3 2 0 1 3 4 1 5 0 2 5 1 2 3 2 3 5 3 1 2 0 2 5 0 1 5 3 0 4 1 3 2 0 1 4 0 1 2 4 5 3 1 4 5 4 5 2 3 2 0 4 1 3 4 5 0 | 14 21  0 6 1 0 9 1 0 10 1 1 7 1 1 8 1 1 9 1 2 7 1 2 12 1 2 13 1 3 8 1 3 12 1 3 13 1 4 10 1 4 11 1 4 12 1 5 10 1 5 11 1 5 13 1 6 9 1 6 11 1 7 8 1
R 2324 42 63 6 57 3 4 5 0 1 2 0 3 4 0 1 5 0 2 1 2 3 5 1 2 3 2 3 5 3 1 2 0 2 5 1 0 4 3 1 5 3 1 0 0 2 4 0 1 2 4 5 3 1 2 5 4 2 3 3 4 5 0 4 1 4 5 0 | 14 21  0 6 1 0 9 1 0 10 1 1 7 1 1 8 1 1 9 1 2 7 1 2 11 1 2 13 1 3 8 1 3 12 1 3 13 1 4 10 1 4 11 1 4 12 1 5 11 1 5 12 1 5 13 1 6 9 1 6 10 1 7 8 1
R 2325 42 63 6 75 3 4 5 1 3 2 0 4 2 1 0 4 2 3 5 5 1 0 1 2 3 2 4 1 4 3 0 0 2 3 1 0 2 1 0 3 3 1 4 0 5 2 0 1 2 0 4 5 3 5 1 2 5 3 1 0 4 4 2 3 4 5 5 | 14 21  0 6 1 0 9 1 0 11 1 1 7 1 1 9 1 1 10 1 2 7 1 2 11 1 2 13 1 3 8 1 3 9 1 3 10 1 4 8 1 4 12 1 4 13 1 5 11 1 5 12 1 5 13 1 6 10 1 6 12 1 7 8 1
R 2326 42 63 6 77 3 4 5 0 1 2 3 0 4 2 0 1 3 1 0 2 5 4 1 2 3 2 4 5 5 1 2 1 3 0 0 2 3 1 3 4 1 2 0 3 4 0 0 1 2 3 5 4 1 2 5 3 4 5 4 5 2 0 3 1 4 5 0 | 14 21  0 6 1 0 10 1 0 11 1 1 7 1 1 9 1 1 10 1 2 7 1 2 9 1 2 12 1 3 8 1 3 9 1 3 10 1 4 8 1 4 11 1 4 13 1 5 11 1 5 12 1 5 13 1 6 12 1 6 13 1 7 8 1
R 2327 42 63 6 57 3 4 5 1 3 4 1 0 2 0 5 2 3 1 4 0 2 4 1 2 3 2 5 4 2 3 0 0 3 4 2 4 0 1 0 4 1 3 2 3 0 5 0 1 2 0 2 5 3 5 4 4 1 3 5 0 2 3 5 1 5 4 1 | 14 21  0 6 1 0 10 1 0 11 1 1 7 1 1 9 1 1 10 1 2 7 1 2 9 1 2 12 1 3 8 1 3 9 1 3 10 1 4 8 1 4 12 1 4 13 1 5 11 1 5 12 1 5 13 1 6 11 1 6 13 1 7 8 1
R 2328 42 63 6 86 3 4 5 3 2 4 1 0 2 0 5 1 3 4 5 1 0 2 1 2 3 5 1 2 1 4 5 0 2 3 0 2 3 2 0 4 1 5 0 1 0 4 0 1 2 0 1 5 4 5 3 2 4 3 0 1 2 4 5 3 4 5 3 | 14 21  0 6 1 0 10 1 0 13 1 1 7 1 1 9 1 1 10 1 2 7 1 2 9 1 2 12 1 3 8 1 3 10 1 3 11 1 4 8 1 4 11 1 4 12 1 5 9 1 5 11 1 5 13 1 6 12 1 6 13 1 7 8 1
R 2329 42 63 6 66 3 4 5 3 2 4 0 3 1 1 3 2 4 0 5 1 0 2 1 2 3 1 4 2 5 0 1 0 2 3 0 2 3 0 4 3 1 5 2 1 0 4 0 1 2 0 1 5 5 4 2 4 5 0 2 1 3 4 5 3 4 5 3 | 14 21  0 6 1 0 10 1 0 13 1 1 7 1 1 9 1 1 10 1 2 7 1 2 10 1 2 11 1 3 8 1 3 9 1 3 12 1 4 8 1 4 11 1 4 12 1 5 9 1 5 11 1 5 13 1 6 12 1 6 13 1 7 8 1
R 2330 42 63 6 92 3 4 5 3 4 2 0 1 2 5 0 1 1 2 5 3 0 4 1 2 3 2 0 3 3 1 4 4 1 2 0 2 3 1 0 4 2 0 5 0 3 1 0 1 2 1 0 5 4 3 5 2 3 4 0 3 4 5 1 2 5 4 5 | 14 21  0 6 1 0 10 1 0 11 1 1 7 1 1 9 1 1 10 1 2 7 1 2 11 1 2 13 1 3 8 1 3 9 1 3 10 1 4 8 1 4 12 1 4 13 1 5 9 1 5 12 1 5 13 1 6 11 1 6 12 1 7 8 1
R 2331 42 63 6 135 3 4 5 3 2 4 0 4 1 2 0 1 3 2 4 0 1 2 1 2 3 1 4 3 4 1 0 0 2 3 0 2 3 1 0 4 2 4 0 3 5 1 0 1 2 0 1 5 5 3 2 3 5 4 5 1 0 4 3 5 5 4 2 | 14 21  0 6 1 0 10 1 0 11 1 1 7 1 1 9 1 1 10 1 2 7 1 2 12 1 2 13 1 3 8 1 3 9 1 3 10 1 4 8 1 4 12 1 4 13 1 5 9 1 5 11 1 5 12 1 6 11 1 6 13 1 7 8 1
R 2332 42 63 6 400 3 4 5 3 0 4 1 2 4 1 3 2 0 4 5 1 0 2 1 2 3 4 1 0 2 4 5 0 2 3 2 0 5 1 3 4 1 2 0 1 0 4 0 1 2 2 1 5 5 3 0 0 5 4 1 2 3 4 5 3 4 5 3 | 14 21  0 6 1 0 10 1 0 13 1 1 7 1 1 9 1 1 12 1 2 7 1 2 10 1 2 11 1 3 8 1 3 9 1 3 10 1 4 8 1 4 11 1 4 12 1 5 9 1 5 11 1 5 13 1 6 12 1 6 13 1 7 8 1
R 2333 42 63 6 188 3 4 5 1 3 2 0 3 1 0 5 2 4 2 0 3 4 1 1 2 3 2 0 1 0 2 5 0 1 3 4 1 5 0 2 1 3 4 2 3 4 0 0 1 2 4 5 0 5 2 4 4 3 1 3 5 1 5 0 2 4 5 3 | 14 21  0 6 1 0 8 1 0 9 1 1 7 1 1 9 1 1 10 1 2 7 1 2 10 1 2 11 1 3 9 1 3 10 1 3 12 1 4 11 1 4 12 1 4 13 1 5 11 1 5 12 1 5 13 1 6 8 1 6 13 1 7 8 1
R 2334 42 63 6 228 3 4 5 1 3 2 0 3 1 0 2 1 0 4 3 4 2 5 1 2 3 2 0 1 0 2 5 0 1 3 4 1 3 2 0 3 2 4 0 5 4 1 0 1 2 4 5 0 5 2 4 4 5 3 5 1 2 1 3 0 4 5 3 | 14 21  0 6 1 0 8 1 0 9 1 1 7 1 1 9 1 1 10 1 2 7 1 2 10 1 2 11 1 3 9 1 3 11 1 3 13 1 4 10 1 4 12 1 4 13 1 5 11 1 5 12 1 5 13 1 6 8 1 6 12 1 7 8 1
R 2335 42 63 6 185 3 4 5 1 3 2 0 3 1 0 2 5 0 4 2 3 5 1 1 2 3 2 0 1 0 2 5 0 1 3 4 1 3 2 1 0 4 0 5 5 2 3 0 1 2 4 5 0 5 2 4 4 3 1 5 3 1 4 2 0 4 5 3 | 14 21  0 6 1 0 8 1 0 9 1 1 7 1 1 9 1 1 10 1 2 7 1 2 10 1 2 13 1 3 9 1 3 11 1 3 12 1 4 10 1 4 12 1 4 13 1 5 11 1 5 12 1 5 13 1 6 8 1 6 11 1 7 8 1
R 2336 42 63 6 99 3 4 5 1 3 2 0 3 2 5 0 1 0 4 5 1 3 2 1 2 3 2 0 1 0 2 5 0 1 3 1 4 2 3 1 0 4 5 3 2 5 0 0 1 2 4 5 0 5 4 1 4 2 3 3 2 1 5 0 4 4 5 3 | 14 21  0 6 1 0 8 1 0 9 1 1 7 1 1 9 1 1 10 1 2 7 1 2 11 1 2 12 1 3 9 1 3 11 1 3 13 1 4 10 1 4 12 1 4 13 1 5 10 1 5 12 1 5 13 1 6 8 1 6 11 1 7 8 1
R 2337 42 63 6 92 3 4 5 1 3 2 0 3 2 0 2 1 1 5 4 4 0 3 1 2 3 2 0 1 0 2 5 0 1 3 4 5 2 3 1 0 4 0 2 3 4 1 0 1 2 4 5 0 5 4 1 4 3 5 3 2 0 1 5 2 4 5 3 | 14 21  0 6 1 0 8 1 0 9 1 1 7 1 1 9 1 1 10 1 2 7 1 2 11 1 2 12 1 3 9 1 3 12 1 3 13 1 4 10 1 4 11 1 4 13 1 5 10 1 5 12 1 5 13 1 6 8 1 6 11 1 7 8 1
R 2338 42 63 6 183 3 4 5 1 3 0 0 3 1 2 3 0 2 5 1 4 2 5 1 2 3 2 0 1 0 2 5 3 0 4 1 4 0 3 5 1 5 2 3 2 1 0 0 1 2 4 5 2 5 2 4 1 4 5 3 0 4 0 1 3 4 5 3 | 14 21  0 6 1 0 8 1 0 9 1 1 7 1 1 9 1 1 10 1 2 7 1 2 11 1 2 12 1 3 9 1 3 11 1 3 13 1 4 10 1 4 12 1 4 13 1 5 11 1 5 12 1 5 13 1 6 8 1 6 10 1 7 8 1
R 2339 42 63 NOT6 A+B chi=-1 | 14 17  0 6 1 0 7 1 0 12 1 1 8 1 1 9 1 1 13 1 2 8 1 2 9 2 3 10 1 3 11 1 3 13 1 4 10 2 4 12 1 5 11 2 5 12 1 6 7 2 8 13 1
R 2340 42 63 NOT6 A+B chi=-1 | 14 17  0 6 1 0 7 1 0 12 1 1 8 1 1 9 1 1 13 1 2 8 1 2 9 2 3 10 2 3 11 1 4 10 1 4 12 1 4 13 1 5 11 2 5 12 1 6 7 2 8 13 1
R 2341 42 63 NOT6 A+B chi=-1 | 14 17  0 6 1 0 7 1 0 13 1 1 8 1 1 9 1 1 12 1 2 8 1 2 9 2 3 10 1 3 11 1 3 13 1 4 10 2 4 12 1 5 11 2 5 12 1 6 7 2 8 13 1
R 2342 42 63 NOT6 A+B chi=-1 | 14 17  0 6 1 0 7 1 0 13 1 1 8 1 1 9 1 1 12 1 2 8 1 2 9 2 3 10 2 3 11 1 4 10 1 4 12 1 4 13 1 5 11 2 5 12 1 6 7 2 8 13 1
R 2343 42 63 NOT6 A+B chi=-1 | 14 17  0 6 1 0 7 1 0 13 1 1 8 1 1 9 1 1 12 1 2 8 1 2 9 2 3 10 1 3 11 1 3 13 1 4 10 2 4 12 1 5 11 2 5 13 1 6 7 2 8 12 1
R 2344 42 63 NOT6 A+B chi=-1 | 14 17  0 6 1 0 7 1 0 12 1 1 8 1 1 9 1 1 13 1 2 8 1 2 10 2 3 9 2 3 10 1 4 11 1 4 12 1 4 13 1 5 11 2 5 12 1 6 7 2 8 13 1
R 2345 42 63 NOT6 A+B chi=-1 | 14 17  0 6 1 0 7 1 0 12 1 1 8 1 1 9 2 2 8 1 2 10 2 3 9 1 3 10 1 3 13 1 4 11 1 4 12 1 4 13 1 5 11 2 5 12 1 6 7 2 8 13 1
R 2346 42 63 NOT6 A+B chi=-1 | 14 16  0 6 1 0 7 1 0 13 1 1 8 1 1 9 1 1 13 1 2 8 1 2 10 2 3 9 2 3 11 1 4 10 1 4 12 2 5 11 2 5 12 1 6 7 2 8 13 1
R 2347 42 63 NOT6 A+B chi=-1 | 14 16  0 6 1 0 7 1 0 13 1 1 8 1 1 9 2 2 8 1 2 10 2 3 9 1 3 11 1 3 13 1 4 10 1 4 12 2 5 11 2 5 12 1 6 7 2 8 13 1
R 2348 42 63 NOT6 A+B chi=-1 | 14 16  0 6 1 0 7 1 0 13 1 1 8 1 1 9 2 2 8 1 2 10 2 3 9 1 3 11 2 4 10 1 4 12 2 5 11 1 5 12 1 5 13 1 6 7 2 8 13 1
R 2349 42 63 6 398 3 4 5 0 5 3 1 3 4 4 1 5 0 1 2 3 0 2 1 2 3 0 2 5 4 3 0 5 1 3 2 1 4 2 0 5 0 1 3 0 1 4 0 1 2 1 4 2 2 5 0 0 2 3 3 5 4 1 4 5 4 5 3 | 14 17  0 6 1 0 7 1 0 12 1 1 8 1 1 9 1 1 13 1 2 8 2 2 10 1 3 9 2 3 11 1 4 10 2 4 12 1 5 11 2 5 12 1 6 7 1 6 13 1 7 13 1
R 2350 42 63 6 666 3 4 5 1 0 2 3 5 4 5 3 4 0 1 2 1 0 2 1 2 3 0 2 5 5 2 0 4 3 1 2 1 4 2 0 5 0 1 3 0 1 4 0 1 2 3 4 5 1 0 2 0 2 1 3 5 4 3 4 5 4 5 3 | 14 17  0 6 1 0 7 1 0 12 1 1 8 2 1 9 1 2 8 1 2 10 1 2 13 1 3 9 2 3 11 1 4 10 2 4 12 1 5 11 2 5 12 1 6 7 1 6 13 1 7 13 1
R 2351 42 63 6 9926 3 4 5 4 0 1 2 5 3 2 3 4 1 0 5 1 0 2 1 2 3 0 2 5 2 1 0 4 3 1 4 5 2 2 0 5 0 1 3 1 4 0 0 1 2 3 5 2 4 0 1 0 5 1 3 4 2 3 4 5 4 5 3 | 14 17  0 6 1 0 7 1 0 12 1 1 8 2 1 9 1 2 8 1 2 10 2 3 9 2 3 11 1 4 10 1 4 12 1 4 13 1 5 11 2 5 12 1 6 7 1 6 13 1 7 13 1
R 2352 42 63 NOT6 A+B chi=-1 | 14 17  0 6 1 0 7 1 0 12 1 1 8 1 1 9 1 1 13 1 2 8 1 2 10 1 2 13 1 3 9 2 3 11 1 4 10 2 4 12 1 5 11 2 5 12 1 6 7 2 8 13 1
R 2353 42 63 NOT6 A+B chi=-1 | 14 17  0 6 1 0 7 1 0 12 1 1 8 1 1 9 2 2 8 1 2 10 1 2 13 1 3 9 1 3 11 1 3 13 1 4 10 2 4 12 1 5 11 2 5 12 1 6 7 2 8 13 1
R 2354 42 63 NOT6 A+B chi=-1 | 14 17  0 6 1 0 7 1 0 12 1 1 8 1 1 9 1 1 13 1 2 8 1 2 10 2 3 9 2 3 11 1 4 10 1 4 12 1 4 13 1 5 11 2 5 12 1 6 7 2 8 13 1
R 2355 42 63 NOT6 A+B chi=-1 | 14 17  0 6 1 0 7 1 0 12 1 1 8 1 1 9 2 2 8 1 2 10 2 3 9 1 3 11 1 3 13 1 4 10 1 4 12 1 4 13 1 5 11 2 5 12 1 6 7 2 8 13 1
R 2356 42 63 NOT6 A+B chi=-1 | 14 17  0 6 1 0 7 1 0 12 1 1 8 1 1 9 2 2 8 1 2 10 1 2 13 1 3 9 1 3 11 2 4 10 2 4 12 1 5 11 1 5 12 1 5 13 1 6 7 2 8 13 1
R 2357 42 63 NOT6 A+B chi=-1 | 14 17  0 6 1 0 7 1 0 12 1 1 8 1 1 9 2 2 8 1 2 10 2 3 9 1 3 11 2 4 10 1 4 12 1 4 13 1 5 11 1 5 12 1 5 13 1 6 7 2 8 13 1
R 2358 42 63 NOT6 A+B chi=-1 | 14 17  0 6 1 0 7 1 0 12 1 1 8 1 1 9 1 1 13 1 2 8 2 2 10 1 3 9 2 3 11 1 4 10 1 4 12 1 4 13 1 5 11 2 5 12 1 6 7 2 10 13 1
R 2359 42 63 NOT6 A+B chi=-1 | 14 17  0 6 1 0 7 1 0 12 1 1 8 1 1 9 2 2 8 2 2 10 1 3 9 1 3 11 1 3 13 1 4 10 1 4 12 1 4 13 1 5 11 2 5 12 1 6 7 2 10 13 1
R 2360 42 63 NOT6 A+B chi=-1 | 14 17  0 6 1 0 7 1 0 12 1 1 8 1 1 9 2 2 8 2 2 10 1 3 9 1 3 11 2 4 10 1 4 12 1 4 13 1 5 11 1 5 12 1 5 13 1 6 7 2 10 13 1
R 2361 42 63 NOT6 A+B chi=-1 | 14 17  0 6 1 0 7 1 0 13 1 1 8 1 1 9 1 1 12 1 2 8 1 2 10 1 2 13 1 3 9 2 3 11 1 4 10 2 4 12 1 5 11 2 5 12 1 6 7 2 8 13 1
R 2362 42 63 NOT6 A+B chi=-1 | 14 17  0 6 1 0 7 1 0 13 1 1 8 1 1 9 1 1 12 1 2 8 1 2 10 2 3 9 2 3 11 1 4 10 1 4 12 1 4 13 1 5 11 2 5 12 1 6 7 2 8 13 1
R 2363 42 63 NOT6 A+B chi=-1 | 14 17  0 6 1 0 7 1 0 13 1 1 8 1 1 9 1 1 13 1 2 8 1 2 10 1 2 12 1 3 9 2 3 11 1 4 10 2 4 12 1 5 11 2 5 12 1 6 7 2 8 13 1
R 2364 42 63 NOT6 A+B chi=-1 | 14 17  0 6 1 0 7 1 0 13 1 1 8 1 1 9 2 2 8 1 2 10 1 2 12 1 3 9 1 3 11 1 3 13 1 4 10 2 4 12 1 5 11 2 5 12 1 6 7 2 8 13 1
R 2365 42 63 NOT6 A+B chi=-1 | 14 17  0 6 1 0 7 1 0 13 1 1 8 1 1 9 2 2 8 1 2 10 1 2 12 1 3 9 1 3 11 2 4 10 2 4 12 1 5 11 1 5 12 1 5 13 1 6 7 2 8 13 1
R 2366 42 63 NOT6 A+B chi=-1 | 14 17  0 6 1 0 7 1 0 13 1 1 8 2 1 9 1 2 8 1 2 10 1 2 12 1 3 9 1 3 11 1 3 13 1 4 10 2 4 12 1 5 11 2 5 12 1 6 7 2 9 13 1
R 2367 42 63 NOT6 A+B chi=-1 | 14 17  0 6 1 0 7 1 0 13 1 1 8 1 1 9 2 2 8 1 2 10 1 2 12 1 3 9 1 3 11 1 3 13 1 4 10 2 4 13 1 5 11 2 5 12 1 6 7 2 8 12 1
R 2368 42 63 NOT6 A+B chi=-1 | 14 17  0 6 1 0 7 1 0 13 1 1 8 1 1 9 2 2 8 1 2 10 1 2 13 1 3 9 1 3 11 1 3 13 1 4 10 2 4 12 1 5 11 2 5 12 1 6 7 2 8 12 1
R 2369 42 63 NOT6 A+B chi=-1 | 14 17  0 6 1 0 7 1 0 13 1 1 8 1 1 9 1 1 13 1 2 8 1 2 10 2 3 9 2 3 11 1 4 10 1 4 12 1 4 13 1 5 11 2 5 12 1 6 7 2 8 12 1
R 2370 42 63 NOT6 A+B chi=-1 | 14 17  0 6 1 0 7 1 0 13 1 1 8 1 1 9 1 1 13 1 2 8 2 2 10 1 3 9 2 3 11 1 4 10 1 4 12 1 4 13 1 5 11 2 5 12 1 6 7 2 10 12 1
R 2371 42 63 6 3897 3 4 5 1 0 3 4 3 2 5 4 2 0 4 5 0 2 1 1 2 3 0 2 5 2 3 0 2 4 0 5 4 3 1 0 4 1 5 2 4 1 0 0 1 2 4 5 2 1 5 0 1 3 0 1 2 3 3 4 5 4 5 3 | 14 18  0 6 1 0 7 1 0 11 1 1 8 1 1 9 1 1 13 1 2 8 2 2 10 1 3 9 2 3 12 1 4 10 2 4 12 1 5 11 1 5 12 1 5 13 1 6 7 1 6 11 1 7 13 1
R 2372 42 63 6 1287 3 4 5 1 2 5 4 3 5 4 0 3 0 1 2 0 2 1 1 2 3 0 2 5 5 3 0 4 2 1 2 1 5 1 0 4 0 2 3 4 1 0 0 1 2 4 0 3 1 2 0 5 1 2 3 4 5 3 4 5 4 5 3 | 14 18  0 6 1 0 7 1 0 11 1 1 8 1 1 9 2 2 8 2 2 10 1 3 9 1 3 12 1 3 13 1 4 10 2 4 12 1 5 11 1 5 12 1 5 13 1 6 7 1 6 11 1 7 13 1
R 2373 42 63 6 399 3 4 5 3 4 5 1 0 2 1 0 2 3 0 5 1 4 5 1 2 3 0 2 5 1 5 4 2 0 5 5 4 2 0 1 3 1 3 0 1 4 0 0 1 2 0 2 1 3 4 5 3 4 5 1 4 2 0 3 2 4 5 3 | 14 18  0 6 1 0 7 1 0 11 1 1 8 2 1 9 1 2 8 1 2 11 1 2 12 1 3 9 2 3 11 1 4 10 1 4 12 1 4 13 1 5 10 2 5 12 1 6 7 1 6 13 1 7 13 1
R 2374 42 63 NOT6 A+B chi=-1 | 14 18  0 6 1 0 7 1 0 11 1 1 8 1 1 9 2 2 8 1 2 11 1 2 12 1 3 9 1 3 11 1 3 13 1 4 10 1 4 12 1 4 13 1 5 10 2 5 12 1 6 7 2 8 13 1
R 2375 42 63 NOT6 A+B chi=-1 | 14 18  0 6 1 0 7 1 0 11 1 1 8 2 1 9 1 2 8 1 2 11 1 2 12 1 3 9 1 3 11 1 3 13 1 4 10 1 4 12 1 4 13 1 5 10 2 5 12 1 6 7 2 9 13 1
R 2376 42 63 6 169 3 4 5 3 4 5 1 0 2 2 0 1 1 0 2 3 4 5 1 2 3 0 2 5 2 5 4 1 0 4 5 2 0 0 1 3 3 1 2 0 1 4 0 1 2 0 1 2 3 4 5 3 5 4 3 4 5 1 0 2 4 5 3 | 14 18  0 6 1 0 7 1 0 11 1 1 8 2 1 9 1 2 8 1 2 11 1 2 12 1 3 9 2 3 12 1 4 10 2 4 11 1 5 10 1 5 12 1 5 13 1 6 7 1 6 13 1 7 13 1
R 2377 42 63 NOT6 A+B chi=-1 | 14 18  0 6 1 0 7 1 0 11 1 1 8 1 1 9 1 1 13 1 2 8 1 2 11 1 2 12 1 3 9 2 3 12 1 4 10 1 4 11 1 4 13 1 5 10 2 5 12 1 6 7 2 8 13 1
R 2378 42 63 NOT6 A+B chi=-1 | 14 18  0 6 1 0 7 1 0 11 1 1 8 1 1 9 2 2 8 1 2 11 1 2 12 1 3 9 1 3 12 1 3 13 1 4 10 1 4 11 1 4 13 1 5 10 2 5 12 1 6 7 2 8 13 1
R 2379 42 63 NOT6 A+B chi=-1 | 14 18  0 6 1 0 7 1 0 11 1 1 8 1 1 9 2 2 8 1 2 11 1 2 12 1 3 9 1 3 12 1 3 13 1 4 10 2 4 11 1 5 10 1 5 12 1 5 13 1 6 7 2 8 13 1
R 2380 42 63 6 527 3 4 5 3 4 1 0 1 2 0 5 3 0 1 2 4 3 5 1 2 3 0 2 5 2 1 4 0 4 3 5 3 2 0 1 3 5 1 0 0 1 4 0 1 2 0 2 5 3 5 4 1 4 2 4 5 3 0 1 2 4 5 3 | 14 18  0 6 1 0 7 1 0 11 1 1 8 1 1 9 2 2 8 2 2 11 1 3 9 1 3 12 1 3 13 1 4 10 1 4 11 1 4 12 1 5 10 2 5 12 1 6 7 1 6 13 1 7 13 1
R 2381 42 63 NOT6 A+B chi=-1 | 14 18  0 6 1 0 7 1 0 11 1 1 8 1 1 9 1 1 13 1 2 8 1 2 11 1 2 13 1 3 9 2 3 12 1 4 10 1 4 11 1 4 12 1 5 10 2 5 12 1 6 7 2 8 13 1
R 2382 42 63 NOT6 A+B chi=-1 | 14 18  0 6 1 0 7 1 0 11 1 1 8 1 1 9 2 2 8 1 2 11 1 2 13 1 3 9 1 3 12 1 3 13 1 4 10 1 4 11 1 4 12 1 5 10 2 5 12 1 6 7 2 8 13 1
R 2383 42 63 NOT6 A+B chi=-1 | 14 18  0 6 1 0 7 1 0 11 1 1 8 2 1 9 1 2 8 1 2 11 1 2 13 1 3 9 2 3 12 1 4 10 1 4 11 1 4 12 1 5 10 1 5 12 1 5 13 1 6 7 2 10 13 1
R 2384 42 63 6 756 3 4 5 3 4 1 0 1 2 2 5 0 2 3 0 1 4 5 1 2 3 0 2 5 2 1 4 0 5 1 5 4 3 0 1 3 2 4 0 2 0 1 0 1 2 0 2 5 3 5 4 3 4 1 1 5 4 0 2 3 4 5 3 | 14 18  0 6 1 0 7 1 0 11 1 1 8 1 1 9 1 1 13 1 2 8 2 2 11 1 3 9 2 3 12 1 4 10 1 4 11 1 4 13 1 5 10 2 5 12 1 6 7 1 6 12 1 7 13 1
R 2385 42 63 6 283 3 4 5 3 4 1 0 1 2 0 2 3 0 3 4 1 4 5 1 2 3 0 2 5 2 1 4 0 4 3 5 4 3 0 1 3 2 1 0 0 4 1 0 1 2 0 2 5 3 5 4 1 4 5 1 5 2 0 2 3 4 5 3 | 14 18  0 6 1 0 7 1 0 11 1 1 8 1 1 9 2 2 8 2 2 11 1 3 9 1 3 12 1 3 13 1 4 10 1 4 11 1 4 13 1 5 10 2 5 12 1 6 7 1 6 12 1 7 13 1
R 2386 42 63 NOT6 A+B chi=-1 | 14 18  0 6 1 0 7 1 0 11 1 1 8 1 1 9 1 1 13 1 2 8 2 2 12 1 3 9 2 3 12 1 4 10 1 4 11 1 4 12 1 5 10 1 5 11 1 5 13 1 6 7 2 10 13 1
R 2387 42 63 NOT6 A+B chi=-1 | 14 18  0 6 1 0 7 1 0 11 1 1 8 2 1 9 1 2 8 1 2 12 1 2 13 1 3 9 2 3 12 1 4 10 1 4 11 1 4 12 1 5 10 1 5 11 1 5 13 1 6 7 2 10 13 1
R 2388 42 63 6 13387 3 4 5 0 3 4 1 4 2 5 1 3 1 0 2 3 2 4 1 2 3 0 2 5 2 4 3 3 1 2 4 2 5 0 1 3 0 1 4 1 0 4 0 1 2 1 5 2 0 5 3 0 4 2 3 4 5 0 1 5 4 5 3 | 14 18  0 6 1 0 7 1 0 11 1 1 8 1 1 9 1 1 13 1 2 8 2 2 12 1 3 9 2 3 12 1 4 10 1 4 11 1 4 13 1 5 10 2 5 11 1 6 7 1 6 12 1 7 13 1
R 2389 42 63 6 1773134 3 4 5 0 2 4 5 3 4 5 0 1 1 0 2 3 2 4 1 2 3 0 2 5 5 4 2 1 0 3 4 2 5 0 1 3 2 0 4 1 0 4 0 1 2 1 3 5 0 1 2 2 4 3 3 4 5 0 1 5 4 5 3 | 14 18  0 6 1 0 7 1 0 11 1 1 8 2 1 9 1 2 8 1 2 12 1 2 13 1 3 9 2 3 12 1 4 10 1 4 11 1 4 13 1 5 10 2 5 11 1 6 7 1 6 12 1 7 13 1
R 2390 42 63 NOT6 A+B chi=-1 | 14 18  0 6 1 0 7 1 0 13 1 1 8 1 1 9 1 1 11 1 2 8 2 2 12 1 3 9 2 3 12 1 4 10 1 4 11 1 4 12 1 5 10 1 5 11 1 5 13 1 6 7 2 10 13 1
R 2391 42 63 NOT6 A+B chi=-1 | 14 18  0 6 1 0 7 1 0 13 1 1 8 1 1 9 1 1 11 1 2 8 2 2 12 1 3 9 2 3 12 1 4 10 1 4 11 1 4 13 1 5 10 1 5 11 1 5 13 1 6 7 2 10 12 1
R 2392 42 63 6 206 3 4 5 3 4 0 1 0 2 1 2 3 4 0 3 5 1 2 1 2 3 0 2 5 2 0 3 1 4 3 2 1 3 1 0 4 2 4 0 5 0 1 0 1 2 1 2 5 4 5 3 0 5 4 5 1 2 0 4 3 4 5 3 | 14 18  0 6 1 0 7 1 0 11 1 1 8 1 1 9 2 2 8 2 2 11 1 3 9 1 3 12 1 3 13 1 4 10 1 4 12 1 4 13 1 5 10 2 5 12 1 6 7 1 6 11 1 7 13 1
R 2393 42 63 NOT6 A+B chi=-1 | 14 18  0 6 1 0 7 1 0 13 1 1 8 1 1 9 1 1 13 1 2 8 1 2 11 1 2 12 1 3 9 2 3 12 1 4 10 1 4 11 1 4 13 1 5 10 2 5 12 1 6 7 2 8 11 1
R 2394 42 63 NOT6 A+B chi=-1 | 14 18  0 6 1 0 7 1 0 13 1 1 8 1 1 9 1 1 13 1 2 8 2 2 12 1 3 9 2 3 12 1 4 10 1 4 11 1 4 12 1 5 10 1 5 11 1 5 13 1 6 7 2 10 11 1
R 2395 42 63 NOT6 A+B chi=-1 | 14 19  0 6 1 0 7 1 0 13 1 1 8 1 1 9 2 2 8 1 2 10 1 2 11 1 3 9 1 3 12 1 3 13 1 4 10 1 4 11 1 4 12 1 5 10 1 5 11 1 5 12 1 6 7 2 8 13 1
R 2396 42 63 6 138 3 4 5 3 4 0 1 0 2 1 2 3 1 3 5 0 4 2 1 2 3 0 2 5 2 0 3 1 4 3 1 0 4 2 0 1 2 5 3 4 0 1 0 1 2 1 2 5 4 5 3 0 4 5 4 0 2 5 1 3 4 5 3 | 14 19  0 6 1 0 7 1 0 10 1 1 8 1 1 9 2 2 8 2 2 10 1 3 9 1 3 12 1 3 13 1 4 11 1 4 12 1 4 13 1 5 11 1 5 12 1 5 13 1 6 7 1 6 10 1 7 11 1
R 2397 42 63 6 65 3 4 5 0 1 2 4 3 2 2 0 3 5 1 4 0 1 4 1 2 3 0 2 5 2 3 0 4 1 3 1 0 4 5 1 4 0 1 2 4 0 2 0 1 2 4 3 5 1 5 0 5 4 1 0 2 3 2 5 3 4 5 3 | 14 19  0 6 1 0 7 1 0 10 1 1 8 1 1 10 1 1 13 1 2 8 2 2 11 1 3 9 1 3 12 1 3 13 1 4 9 2 4 12 1 5 11 1 5 12 1 5 13 1 6 7 1 6 10 1 7 11 1
R 2398 42 63 6 31148 3 4 5 1 0 2 3 4 0 0 1 4 5 2 3 1 2 3 1 2 3 0 2 5 3 2 0 3 2 1 1 0 4 4 1 0 5 2 4 3 1 0 0 1 2 4 5 3 1 2 5 5 3 2 0 4 1 5 0 4 4 5 3 | 14 19  0 6 1 0 7 1 0 10 1 1 8 2 1 10 1 2 8 1 2 11 1 2 13 1 3 9 1 3 12 1 3 13 1 4 9 2 4 12 1 5 11 1 5 12 1 5 13 1 6 7 1 6 10 1 7 11 1
R 2399 42 63 6 1743 3 4 5 0 1 2 4 3 2 1 5 3 0 4 3 0 4 2 1 2 3 0 2 5 2 3 0 3 4 2 1 0 4 2 0 1 1 4 5 4 3 0 0 1 2 4 3 5 1 5 0 0 4 2 1 5 2 5 3 1 4 5 3 | 14 19  0 6 1 0 7 1 0 10 1 1 8 1 1 10 1 1 13 1 2 8 2 2 12 1 3 9 1 3 11 1 3 13 1 4 9 2 4 12 1 5 11 1 5 12 1 5 13 1 6 7 1 6 10 1 7 11 1
R 2400 42 63 6 2984 3 4 5 1 0 2 3 4 0 1 0 5 3 2 5 4 3 2 1 2 3 0 2 5 3 2 0 5 2 0 1 0 4 2 0 1 4 5 3 3 1 4 0 1 2 4 5 3 1 2 5 3 4 2 1 4 0 5 1 0 4 5 3 | 14 19  0 6 1 0 7 1 0 10 1 1 8 2 1 10 1 2 8 1 2 12 1 2 13 1 3 9 1 3 11 1 3 13 1 4 9 2 4 12 1 5 11 1 5 12 1 5 13 1 6 7 1 6 10 1 7 11 1
R 2401 42 63 6 61 3 4 5 0 1 2 4 3 2 0 1 3 2 4 5 3 0 1 1 2 3 0 2 5 2 3 0 4 3 1 1 0 4 2 0 1 1 5 4 0 3 2 0 1 2 4 3 5 1 5 0 2 5 4 0 3 1 5 2 4 4 5 3 | 14 19  0 6 1 0 7 1 0 10 1 1 8 1 1 10 1 1 13 1 2 8 2 2 12 1 3 9 2 3 11 1 4 9 1 4 12 1 4 13 1 5 11 1 5 12 1 5 13 1 6 7 1 6 10 1 7 11 1
R 2402 42 63 6 165 3 4 5 1 0 2 3 4 0 0 1 3 2 5 1 3 4 2 1 2 3 0 2 5 3 2 0 4 3 1 1 0 4 2 0 1 4 1 5 2 3 0 0 1 2 4 5 3 1 2 5 2 5 4 0 3 4 5 0 1 4 5 3 | 14 19  0 6 1 0 7 1 0 10 1 1 8 2 1 10 1 2 8 1 2 12 1 2 13 1 3 9 2 3 11 1 4 9 1 4 12 1 4 13 1 5 11 1 5 12 1 5 13 1 6 7 1 6 10 1 7 11 1
R 2403 42 63 6 124 3 4 5 1 0 4 2 4 5 1 0 3 4 3 2 0 2 1 1 2 3 0 2 5 5 4 1 2 3 0 1 0 4 0 2 3 2 1 4 4 1 0 0 1 2 2 5 3 0 3 1 4 5 2 1 5 0 3 4 5 4 5 3 | 14 19  0 6 1 0 7 1 0 10 1 1 8 1 1 11 1 1 12 1 2 8 2 2 11 1 3 9 1 3 12 1 3 13 1 4 9 2 4 12 1 5 10 1 5 11 1 5 13 1 6 7 1 6 10 1 7 13 1
R 2404 42 63 6 1375 3 4 5 3 2 4 0 1 4 1 0 5 3 4 5 0 2 1 1 2 3 0 2 5 4 1 5 5 4 1 1 0 4 0 2 3 2 0 3 1 0 4 0 1 2 0 1 5 2 3 5 3 4 2 0 2 1 3 4 5 4 5 3 | 14 19  0 6 1 0 7 1 0 10 1 1 8 1 1 11 1 1 13 1 2 8 2 2 11 1 3 9 1 3 12 1 3 13 1 4 9 2 4 12 1 5 10 1 5 11 1 5 12 1 6 7 1 6 10 1 7 13 1
R 2405 42 63 6 1358 3 4 5 0 1 5 2 4 5 4 3 2 1 0 3 0 2 1 1 2 3 0 2 5 5 4 1 0 2 3 1 0 4 1 2 5 3 0 2 4 1 0 0 1 2 2 3 4 0 3 1 1 5 0 4 5 2 3 4 5 4 5 3 | 14 19  0 6 1 0 7 1 0 10 1 1 8 1 1 11 1 1 12 1 2 8 2 2 12 1 3 9 2 3 11 1 4 9 1 4 12 1 4 13 1 5 10 1 5 11 1 5 13 1 6 7 1 6 10 1 7 13 1
R 2406 42 63 6 965 3 4 5 3 0 4 2 5 1 2 3 1 0 4 5 0 2 1 1 2 3 0 2 5 1 5 0 5 4 1 1 0 4 0 2 3 2 4 3 2 1 0 0 1 2 2 1 5 3 4 0 0 5 4 2 3 1 3 4 5 4 5 3 | 14 19  0 6 1 0 7 1 0 10 1 1 8 1 1 11 1 1 13 1 2 8 2 2 12 1 3 9 1 3 11 1 3 13 1 4 9 2 4 12 1 5 10 1 5 11 1 5 12 1 6 7 1 6 10 1 7 13 1
R 2407 42 63 6 327 3 4 5 0 3 4 1 2 3 1 3 4 0 4 5 0 2 1 1 2 3 0 2 5 1 4 3 5 4 1 1 0 4 0 2 3 2 0 3 0 4 1 0 1 2 2 5 1 0 4 5 0 5 2 2 3 1 3 4 5 4 5 3 | 14 19  0 6 1 0 7 1 0 10 1 1 8 2 1 11 1 2 8 1 2 12 1 2 13 1 3 9 1 3 11 1 3 13 1 4 9 2 4 12 1 5 10 1 5 11 1 5 12 1 6 7 1 6 10 1 7 13 1
R 2408 42 63 6 191 3 4 5 1 5 3 0 3 4 1 0 2 3 4 5 0 2 1 1 2 3 0 2 5 4 3 5 5 4 1 1 0 4 2 0 1 0 3 2 1 0 3 0 1 2 0 4 2 1 2 5 3 5 4 0 2 1 3 4 5 4 5 3 | 14 19  0 6 1 0 7 1 0 10 1 1 8 1 1 11 1 1 13 1 2 8 2 2 11 1 3 9 1 3 12 1 3 13 1 4 9 2 4 12 1 5 10 1 5 12 1 5 13 1 6 7 1 6 10 1 7 11 1
R 2409 42 63 6 89 3 4 5 0 1 3 2 4 1 4 0 3 2 3 5 0 2 1 1 2 3 0 2 5 4 3 1 5 3 1 1 0 4 2 0 1 0 3 2 2 0 4 0 1 2 2 5 4 0 5 3 2 5 1 0 4 1 3 4 5 4 5 3 | 14 19  0 6 1 0 7 1 0 10 1 1 8 2 1 11 1 2 8 1 2 12 1 2 13 1 3 9 1 3 11 1 3 13 1 4 9 2 4 12 1 5 10 1 5 12 1 5 13 1 6 7 1 6 10 1 7 11 1
R 2410 42 63 6 1159 3 4 5 0 1 3 2 5 4 4 0 3 1 5 3 0 2 1 1 2 3 0 2 5 4 3 1 5 3 0 1 0 4 2 0 1 5 3 2 1 0 4 0 1 2 2 5 4 0 1 3 1 2 5 4 0 2 3 4 5 4 5 3 | 14 19  0 6 1 0 7 1 0 10 1 1 8 2 1 11 1 2 8 1 2 12 1 2 13 1 3 9 2 3 11 1 4 9 1 4 12 1 4 13 1 5 10 1 5 12 1 5 13 1 6 7 1 6 10 1 7 11 1
R 2411 42 63 6 96 3 4 5 1 2 3 0 4 3 3 0 1 4 1 5 0 2 4 1 2 3 0 2 5 3 4 1 5 1 3 1 0 4 2 0 1 0 2 4 4 0 3 0 1 2 0 4 5 2 5 1 4 5 2 0 2 3 3 5 1 4 5 3 | 14 19  0 6 1 0 7 1 0 10 1 1 8 1 1 11 1 1 13 1 2 8 2 2 12 1 3 9 1 3 12 1 3 13 1 4 9 2 4 12 1 5 10 1 5 11 1 5 13 1 6 7 1 6 10 1 7 11 1
R 2412 42 63 6 221 3 4 5 0 1 3 2 4 1 3 0 1 5 2 4 0 2 4 1 2 3 0 2 5 4 3 1 4 2 1 1 0 4 2 0 1 4 3 0 2 0 5 0 1 2 2 5 4 0 5 3 5 2 4 0 3 1 3 5 1 4 5 3 | 14 19  0 6 1 0 7 1 0 10 1 1 8 2 1 11 1 2 8 1 2 12 1 2 13 1 3 9 1 3 12 1 3 13 1 4 9 2 4 12 1 5 10 1 5 11 1 5 13 1 6 7 1 6 10 1 7 11 1
R 2413 42 63 6 59 3 4 5 0 1 2 4 3 2 0 1 3 2 4 5 1 3 0 1 2 3 0 2 5 2 3 0 1 0 4 5 1 4 1 2 0 0 2 3 3 4 1 0 1 2 4 3 5 1 5 0 2 4 5 3 1 0 5 4 2 4 5 3 | 14 20  0 6 1 0 7 1 0 9 1 1 8 1 1 9 1 1 13 1 2 8 2 2 10 1 3 10 1 3 11 1 3 12 1 4 11 1 4 12 1 4 13 1 5 11 1 5 12 1 5 13 1 6 7 1 6 9 1 7 10 1
R 2414 42 63 6 193 3 4 5 1 0 2 3 4 0 1 2 0 3 5 2 1 3 4 1 2 3 0 2 5 3 2 0 1 0 4 4 1 0 2 4 0 1 3 5 3 2 1 0 1 2 4 5 3 1 2 5 5 3 4 1 0 4 5 2 0 4 5 3 | 14 20  0 6 1 0 7 1 0 9 1 1 8 2 1 9 1 2 8 1 2 10 1 2 13 1 3 10 1 3 11 1 3 12 1 4 11 1 4 12 1 4 13 1 5 11 1 5 12 1 5 13 1 6 7 1 6 9 1 7 10 1
R 2415 42 63 6 118 3 4 5 1 0 2 3 4 0 1 3 2 0 3 4 2 5 1 1 2 3 0 2 5 3 2 0 1 0 4 2 0 1 3 4 1 1 4 5 2 3 0 0 1 2 4 5 3 1 2 5 4 5 0 5 2 1 0 3 4 4 5 3 | 14 20  0 6 1 0 7 1 0 9 1 1 8 2 1 9 1 2 8 1 2 12 1 2 13 1 3 10 1 3 11 1 3 12 1 4 10 1 4 11 1 4 13 1 5 11 1 5 12 1 5 13 1 6 7 1 6 9 1 7 10 1
R 2416 42 63 6 129 3 4 5 0 2 1 0 3 4 2 5 1 0 1 2 4 3 5 1 2 3 2 0 5 1 2 0 5 2 3 5 3 2 1 0 4 0 3 1 0 1 3 0 1 2 4 3 5 5 1 2 3 0 4 4 3 5 0 1 2 5 4 4 | 14 19  0 6 1 0 7 1 0 11 1 1 6 1 1 7 1 1 12 1 2 8 1 2 9 1 2 13 1 3 8 1 3 9 2 4 10 1 4 11 1 4 13 1 5 10 2 5 12 1 6 11 1 7 12 1 8 13 1
R 2417 42 63 6 83 3 4 5 0 2 1 3 0 4 1 2 5 1 0 2 0 3 4 1 2 3 2 0 5 4 1 5 2 0 3 4 3 2 1 0 4 0 3 1 1 2 3 0 1 2 4 3 5 2 1 5 3 0 4 4 5 3 1 5 2 5 4 0 | 14 19  0 6 1 0 7 1 0 11 1 1 6 1 1 7 1 1 12 1 2 8 1 2 9 1 2 13 1 3 8 1 3 10 1 3 13 1 4 9 2 4 11 1 5 10 2 5 12 1 6 11 1 7 12 1 8 13 1
R 2418 42 63 6 67 3 4 5 0 2 1 2 3 4 1 5 2 0 1 2 0 3 4 1 2 3 2 0 5 0 5 3 1 3 2 4 3 2 1 0 4 0 3 1 0 1 4 0 1 2 4 3 5 1 0 5 4 0 3 4 3 5 1 5 2 5 4 2 | 14 19  0 6 1 0 7 1 0 11 1 1 6 1 1 7 1 1 12 1 2 8 1 2 9 2 3 8 1 3 10 1 3 13 1 4 9 1 4 11 1 4 13 1 5 10 2 5 12 1 6 11 1 7 12 1 8 13 1
R 2419 42 63 6 1033 3 4 5 0 2 1 3 5 4 2 4 0 0 1 2 3 5 4 1 2 3 2 0 5 1 0 5 2 5 3 3 4 2 1 0 4 0 3 1 0 3 2 0 1 2 4 3 5 2 0 1 3 1 5 4 3 5 0 2 1 5 4 4 | 14 19  0 6 1 0 7 1 0 11 1 1 6 1 1 7 1 1 12 1 2 8 1 2 9 2 3 8 1 3 10 2 4 9 1 4 11 1 4 13 1 5 10 1 5 12 1 5 13 1 6 11 1 7 12 1 8 13 1
R 2420 42 63 6 668 3 4 5 0 2 1 5 3 4 1 2 0 0 1 2 3 5 4 1 2 3 2 0 5 1 4 3 2 0 5 5 2 1 1 0 4 0 3 1 0 4 2 0 1 2 4 3 5 0 2 1 5 3 4 4 3 5 0 2 1 5 4 3 | 14 19  0 6 1 0 7 1 0 11 1 1 6 1 1 7 1 1 12 1 2 8 2 2 9 1 3 8 1 3 10 2 4 9 1 4 11 1 4 13 1 5 10 1 5 12 1 5 13 1 6 11 1 7 12 1 9 13 1
R 2421 42 63 6 158 3 4 5 0 2 1 3 2 1 0 4 5 0 4 5 2 1 3 1 2 3 2 0 5 1 4 2 0 2 3 3 1 4 1 0 4 2 3 0 0 3 1 0 1 2 4 3 5 0 4 5 3 2 1 1 3 2 0 5 4 5 4 5 | 14 19  0 6 1 0 7 1 0 11 1 1 6 1 1 7 1 1 13 1 2 8 1 2 9 2 3 8 1 3 10 1 3 12 1 4 9 1 4 11 1 4 13 1 5 10 2 5 12 1 6 11 1 7 13 1 8 12 1
R 2422 42 63 6 526 3 4 5 0 2 1 3 2 4 2 5 4 1 0 2 3 0 1 1 2 3 2 0 4 4 0 3 2 0 3 1 0 4 3 1 4 3 1 2 1 0 4 0 1 2 4 3 5 5 1 0 1 3 0 4 5 3 2 5 4 5 2 5 | 14 19  0 6 1 0 7 1 0 13 1 1 6 1 1 7 2 2 8 1 2 9 1 2 12 1 3 8 1 3 10 1 3 11 1 4 9 1 4 11 1 4 13 1 5 10 2 5 12 1 6 13 1 8 11 1 9 12 1
R 2423 42 63 6 9898 3 4 5 0 2 1 2 3 4 3 5 4 0 4 1 1 0 2 1 2 3 2 0 4 4 5 2 1 0 2 5 1 4 0 2 3 0 1 3 1 0 4 0 1 2 4 3 5 1 5 0 0 1 2 3 2 5 4 5 3 5 3 4 | 14 20  0 6 1 0 7 1 0 13 1 1 6 1 1 7 2 2 8 1 2 9 1 2 10 1 3 8 1 3 11 1 3 12 1 4 9 1 4 10 1 4 11 1 5 11 1 5 12 1 5 13 1 6 13 1 8 10 1 9 12 1
R 2424 42 63 6 303 3 4 5 0 2 1 2 5 1 3 1 5 3 0 4 1 0 2 1 2 3 2 0 4 0 1 2 4 3 5 2 0 3 0 3 1 3 2 4 1 0 4 0 1 2 4 3 5 3 0 4 4 2 0 2 1 5 4 5 3 5 5 1 | 14 20  0 6 1 0 7 1 0 13 1 1 6 1 1 7 2 2 8 1 2 9 1 2 11 1 3 8 1 3 11 1 3 12 1 4 9 1 4 10 1 4 11 1 5 10 1 5 12 1 5 13 1 6 13 1 8 10 1 9 12 1
R 2425 42 63 6 125 3 4 5 0 2 1 0 1 2 0 3 5 2 0 5 1 4 5 1 2 3 2 0 4 2 3 5 5 4 2 1 0 4 3 0 1 0 3 1 2 4 1 0 1 2 4 3 5 4 3 5 1 2 4 1 4 3 0 3 2 5 5 0 | 14 20  0 6 1 0 7 1 0 10 1 1 6 1 1 7 1 1 11 1 2 8 1 2 10 1 2 12 1 3 8 1 3 11 1 3 12 1 4 9 1 4 11 1 4 13 1 5 9 2 5 12 1 6 10 1 7 13 1 8 13 1
R 2426 42 63 6 181 3 4 5 0 2 1 1 0 2 3 4 5 0 5 2 3 5 1 1 2 3 2 0 4 3 2 0 4 3 2 1 0 4 0 3 1 0 1 2 3 1 4 0 1 2 4 3 5 4 5 3 1 2 0 1 4 3 0 4 2 5 5 5 | 14 20  0 6 1 0 7 1 0 10 1 1 6 1 1 7 1 1 11 1 2 8 2 2 10 1 3 8 1 3 11 1 3 13 1 4 9 1 4 11 1 4 12 1 5 9 1 5 12 1 5 13 1 6 10 1 7 12 1 9 13 1
R 2427 42 63 6 137 3 4 5 0 2 1 0 1 2 3 0 4 3 0 1 2 4 5 1 2 3 2 0 5 2 3 1 5 4 1 1 0 4 0 3 1 0 3 2 3 2 4 0 1 2 4 3 5 4 3 5 5 2 1 2 4 5 0 3 1 5 4 0 | 14 20  0 6 1 0 7 1 0 10 1 1 6 1 1 7 1 1 11 1 2 8 1 2 10 1 2 12 1 3 8 1 3 11 1 3 13 1 4 9 1 4 12 1 4 13 1 5 9 2 5 12 1 6 10 1 7 11 1 8 13 1
R 2428 42 63 6 171 3 4 5 0 2 1 0 1 2 3 5 4 5 0 1 3 2 4 1 2 3 2 0 5 2 3 1 4 2 1 1 0 4 0 3 1 3 4 0 0 3 2 0 1 2 4 3 5 4 3 5 0 2 1 3 2 4 0 5 1 5 4 5 | 14 20  0 6 1 0 7 1 0 10 1 1 6 1 1 7 1 1 11 1 2 8 1 2 10 1 2 13 1 3 8 1 3 11 1 3 13 1 4 9 1 4 12 1 4 13 1 5 9 2 5 12 1 6 10 1 7 11 1 8 12 1
R 2429 42 63 6 118 3 4 5 0 2 1 0 1 2 4 3 5 0 3 4 1 0 5 1 2 3 2 0 5 5 3 2 4 5 3 1 0 4 0 3 1 2 1 4 0 3 1 0 1 2 4 3 5 4 3 5 0 1 2 1 5 2 2 3 4 5 4 0 | 14 20  0 6 1 0 7 1 0 10 1 1 6 1 1 7 1 1 11 1 2 8 1 2 10 1 2 13 1 3 8 2 3 11 1 4 9 1 4 12 1 4 13 1 5 9 1 5 12 1 5 13 1 6 10 1 7 11 1 9 12 1
R 2430 42 63 6 111 3 4 5 0 2 1 0 1 2 5 0 3 0 3 4 1 2 4 1 2 3 2 0 5 3 5 2 2 4 3 1 0 4 0 3 1 2 1 3 4 0 1 0 1 2 4 3 5 4 3 5 1 4 2 1 5 2 0 5 3 5 4 0 | 14 20  0 6 1 0 7 1 0 10 1 1 6 1 1 7 1 1 11 1 2 8 1 2 10 1 2 13 1 3 8 1 3 12 1 3 13 1 4 9 2 4 11 1 5 9 1 5 12 1 5 13 1 6 10 1 7 11 1 8 12 1
R 2431 42 63 6 568 3 4 5 0 2 1 0 5 2 1 4 5 0 1 4 2 3 5 1 2 3 2 0 4 2 3 5 5 3 4 1 0 4 2 0 1 3 0 1 0 1 2 0 1 2 4 3 5 1 3 4 0 3 2 2 5 3 0 1 4 5 5 4 | 14 20  0 6 1 0 7 1 0 10 1 1 6 1 1 7 1 1 12 1 2 8 1 2 10 1 2 13 1 3 8 1 3 11 1 3 12 1 4 9 1 4 11 1 4 13 1 5 9 2 5 12 1 6 10 1 7 13 1 8 11 1
R 2432 42 63 6 1687 3 4 5 0 2 1 0 5 2 1 0 2 0 3 4 5 1 4 1 2 3 2 0 4 4 2 3 2 4 3 1 0 4 5 4 1 3 0 1 0 1 2 0 1 2 4 3 5 1 3 4 5 3 4 1 5 2 0 2 3 5 5 0 | 14 20  0 6 1 0 7 1 0 10 1 1 6 1 1 7 1 1 12 1 2 8 1 2 10 1 2 13 1 3 8 1 3 11 1 3 12 1 4 9 2 4 11 1 5 9 1 5 12 1 5 13 1 6 10 1 7 13 1 8 11 1
R 2433 42 63 6 223 3 4 5 0 2 1 0 1 2 3 4 0 3 1 5 1 0 2 1 2 3 2 0 4 2 4 5 2 5 3 4 3 1 3 0 1 3 2 0 1 0 4 0 1 2 4 3 5 3 5 4 1 2 5 0 2 4 4 5 3 5 0 1 | 14 20  0 6 1 0 7 1 0 13 1 1 6 1 1 7 2 2 8 1 2 10 1 2 11 1 3 8 1 3 10 1 3 11 1 4 9 1 4 11 1 4 12 1 5 9 1 5 12 1 5 13 1 6 13 1 8 10 1 9 12 1
R 2434 42 63 6 496 3 4 5 0 2 1 3 4 2 1 0 2 0 5 4 3 1 5 1 2 3 2 0 4 2 0 3 4 3 5 1 4 2 3 0 2 3 0 4 1 0 4 0 1 2 4 3 5 1 0 5 4 5 3 2 3 1 0 4 2 5 5 1 | 14 20  0 6 1 0 7 1 0 13 1 1 6 1 1 7 2 2 8 1 2 10 1 2 11 1 3 8 1 3 12 1 3 13 1 4 9 1 4 10 1 4 11 1 5 9 1 5 11 1 5 12 1 6 13 1 8 10 1 9 12 1
R 2435 42 63 6 1377 3 4 5 0 5 3 1 2 4 3 4 2 1 0 2 0 5 1 1 2 3 4 2 3 4 5 0 2 0 3 4 0 2 3 1 2 0 3 4 1 0 4 0 1 2 4 1 2 0 5 3 1 5 0 4 5 3 3 4 2 5 5 1 | 14 19  0 6 1 0 7 1 0 13 1 1 6 1 1 8 2 2 7 2 2 8 1 3 9 1 3 10 1 3 11 1 4 9 1 4 12 1 4 13 1 5 10 1 5 11 1 5 12 1 6 13 1 9 11 1 10 12 1
R 2436 42 63 6 368 1 2 3 0 4 2 5 0 1 3 4 5 0 2 3 0 1 5 3 4 5 0 2 1 1 4 0 1 0 3 2 4 5 3 1 2 4 1 3 5 3 0 0 4 5 1 3 5 3 2 4 2 1 0 4 5 1 3 4 2 2 5 0 | 14 19  0 6 1 0 7 2 1 6 1 1 8 2 2 7 1 2 8 1 2 13 1 3 9 1 3 10 1 3 11 1 4 9 1 4 12 1 4 13 1 5 10 1 5 11 1 5 12 1 6 13 1 9 11 1 10 12 1
R 2437 42 63 6 96 3 4 5 0 2 1 1 0 2 3 2 5 0 4 2 1 3 4 1 2 3 2 0 5 5 2 1 3 0 1 4 3 0 1 0 4 1 3 2 0 4 3 0 1 2 4 3 5 3 4 5 0 4 1 5 3 1 2 5 0 5 4 2 | 14 19  0 6 1 0 7 1 0 11 1 1 6 1 1 8 1 1 13 1 2 7 1 2 9 1 2 12 1 3 8 2 3 10 1 4 9 1 4 11 1 4 13 1 5 10 2 5 12 1 6 11 1 7 12 1 9 13 1
R 2438 42 63 6 1008 3 4 5 0 2 5 0 3 1 2 3 1 4 0 5 1 2 5 1 2 3 2 0 4 1 2 4 5 2 3 3 0 4 0 5 1 0 1 4 2 0 1 0 1 2 4 3 1 5 2 4 0 4 5 1 2 3 0 4 3 5 3 5 | 14 20  0 6 1 0 7 1 0 12 1 1 6 1 1 8 1 1 10 1 2 7 1 2 10 1 2 13 1 3 8 1 3 11 1 3 12 1 4 9 1 4 11 1 4 13 1 5 9 2 5 12 1 6 10 1 7 11 1 8 13 1
R 2439 42 63 6 1594 3 4 5 0 2 5 0 3 1 2 3 1 2 3 5 0 4 5 1 2 3 2 0 4 1 2 4 1 5 3 3 0 4 0 5 2 0 3 4 2 0 1 0 1 2 4 3 1 5 2 4 0 4 5 0 4 1 2 1 3 5 3 5 | 14 20  0 6 1 0 7 1 0 12 1 1 6 1 1 8 1 1 10 1 2 7 1 2 10 1 2 13 1 3 8 1 3 11 1 3 12 1 4 9 2 4 11 1 5 9 1 5 12 1 5 13 1 6 10 1 7 11 1 8 13 1
R 2440 42 63 6 153 3 4 5 0 2 1 2 1 4 3 4 0 0 1 2 4 5 0 1 2 3 0 2 3 4 2 0 3 5 1 1 0 4 1 0 4 2 5 1 2 3 4 0 1 2 4 3 5 5 3 0 1 2 5 4 3 5 2 3 1 5 4 0 | 14 20  0 6 1 0 7 1 0 10 1 1 6 1 1 8 2 2 7 1 2 11 1 2 12 1 3 8 1 3 11 1 3 13 1 4 9 1 4 10 1 4 11 1 5 9 1 5 12 1 5 13 1 6 10 1 7 12 1 9 13 1
R 2441 42 63 6 219 3 4 5 0 2 1 1 3 0 3 4 5 0 1 2 4 2 5 1 2 3 0 2 4 2 4 0 5 2 1 1 0 4 0 3 4 2 3 1 4 1 0 0 1 2 4 3 5 5 4 2 1 2 0 4 3 5 0 3 1 5 3 5 | 14 20  0 6 1 0 7 1 0 10 1 1 6 1 1 8 1 1 11 1 2 7 1 2 12 1 2 13 1 3 8 1 3 11 1 3 12 1 4 9 1 4 10 1 4 13 1 5 9 2 5 11 1 6 10 1 7 13 1 8 12 1
R 2442 42 63 6 1004 3 4 5 0 2 1 1 2 5 3 4 5 0 1 2 0 4 5 1 2 3 0 2 3 5 4 1 2 5 1 1 0 4 2 4 0 3 1 4 3 4 2 0 1 2 4 3 5 4 3 0 0 2 1 4 3 5 3 2 1 5 5 0 | 14 20  0 6 1 0 7 1 0 10 1 1 6 1 1 8 1 1 13 1 2 7 1 2 11 1 2 12 1 3 8 2 3 11 1 4 9 1 4 10 1 4 12 1 5 9 1 5 12 1 5 13 1 6 10 1 7 11 1 9 13 1
R 2443 42 63 6 174 3 4 5 0 2 1 1 2 0 3 0 5 0 1 2 4 3 5 1 2 3 0 2 4 5 2 1 5 3 2 1 0 4 2 5 4 3 0 1 4 1 0 0 1 2 4 3 5 5 3 4 4 1 2 4 3 5 0 1 2 5 3 0 | 14 20  0 6 1 0 7 1 0 10 1 1 6 1 1 8 1 1 12 1 2 7 1 2 11 1 2 12 1 3 8 1 3 11 1 3 13 1 4 9 1 4 10 1 4 13 1 5 9 2 5 12 1 6 10 1 7 13 1 8 11 1
R 2444 42 63 6 240 3 4 5 0 2 1 1 3 0 0 3 4 0 1 2 4 2 5 1 2 3 0 2 4 4 5 1 5 2 3 1 0 4 1 2 4 3 0 2 4 1 0 0 1 2 4 3 5 5 4 2 2 5 1 4 3 5 0 1 3 5 3 0 | 14 20  0 6 1 0 7 1 0 10 1 1 6 1 1 8 1 1 12 1 2 7 1 2 12 1 2 13 1 3 8 1 3 11 1 3 12 1 4 9 1 4 10 1 4 13 1 5 9 2 5 11 1 6 10 1 7 13 1 8 11 1
R 2445 42 63 6 1222 3 4 5 0 2 1 1 2 0 3 2 5 3 5 4 0 1 5 1 2 3 0 2 3 5 2 4 2 4 5 2 4 0 1 0 3 3 0 1 4 0 3 0 1 2 4 3 5 4 3 5 0 1 4 0 1 2 3 4 2 5 5 1 | 14 20  0 6 1 0 7 1 0 11 1 1 6 1 1 8 1 1 13 1 2 7 1 2 10 1 2 11 1 3 8 2 3 11 1 4 9 1 4 10 1 4 12 1 5 9 1 5 12 1 5 13 1 6 10 1 7 12 1 9 13 1
R 2446 42 63 6 1479 3 4 5 0 2 1 5 0 2 3 4 2 0 4 1 3 5 2 1 2 3 2 0 3 4 2 0 1 3 4 3 0 4 1 0 4 0 2 4 3 5 1 0 1 2 4 3 5 4 1 3 1 5 0 5 2 3 0 1 4 5 5 2 | 14 20  0 6 1 0 7 1 0 11 1 1 6 1 1 8 2 2 7 1 2 10 1 2 11 1 3 8 1 3 11 1 3 13 1 4 9 1 4 10 1 4 12 1 5 9 1 5 12 1 5 13 1 6 10 1 7 12 1 9 13 1
R 2447 42 63 6 5026 3 4 5 0 2 1 1 2 0 0 1 2 3 0 5 5 4 1 1 2 3 0 2 3 4 0 2 1 5 2 1 0 4 5 2 0 1 3 4 5 3 4 0 1 2 4 5 3 4 3 5 5 3 4 4 1 2 3 0 2 5 1 0 | 14 20  0 6 1 0 7 1 0 10 1 1 6 2 1 8 1 2 7 1 2 11 1 2 12 1 3 8 1 3 10 1 3 11 1 4 9 1 4 11 1 4 12 1 5 9 1 5 12 1 5 13 1 7 10 1 8 13 1 9 13 1
R 2448 42 63 6 3181 3 4 5 0 2 1 1 2 5 0 5 2 4 0 5 3 1 0 1 2 3 0 2 3 2 5 1 1 5 0 1 0 4 3 4 2 0 2 4 3 1 4 0 1 2 4 3 5 4 3 0 4 3 1 2 3 1 4 5 2 5 5 0 | 14 20  0 6 1 0 7 1 0 10 1 1 6 1 1 8 1 1 11 1 2 7 1 2 12 1 2 13 1 3 8 1 3 10 1 3 12 1 4 9 2 4 11 1 5 9 1 5 12 1 5 13 1 6 13 1 7 10 1 8 11 1
R 2449 42 63 6 159 3 4 5 0 2 5 1 2 0 1 3 0 0 3 4 3 1 2 1 2 3 0 2 3 2 1 5 2 4 5 1 2 0 1 4 0 3 0 4 1 3 4 0 1 2 4 3 1 4 5 3 4 2 5 1 5 2 0 4 5 5 0 3 | 14 20  0 6 1 0 7 1 0 13 1 1 6 1 1 8 1 1 12 1 2 7 2 2 11 1 3 8 1 3 12 1 3 13 1 4 9 1 4 10 1 4 11 1 5 9 1 5 10 1 5 11 1 6 12 1 8 13 1 9 10 1
R 2450 42 63 6 123 3 4 5 0 2 5 3 0 1 3 1 2 0 2 4 1 3 0 1 2 3 2 0 4 2 1 4 4 3 5 3 1 2 0 2 1 0 1 5 3 0 4 0 1 2 4 3 1 5 4 2 0 5 4 1 5 3 2 4 5 5 3 0 | 14 20  0 6 1 0 7 1 0 12 1 1 6 1 1 8 1 1 13 1 2 7 1 2 11 1 2 13 1 3 8 2 3 12 1 4 9 1 4 10 1 4 11 1 5 9 1 5 10 1 5 11 1 6 13 1 7 12 1 9 10 1
R 2451 42 63 6 223 3 4 5 0 2 1 1 0 5 3 4 2 0 2 3 1 4 0 1 2 3 2 0 5 4 2 0 3 4 5 4 1 2 0 2 1 0 1 4 3 4 1 0 1 2 4 3 5 4 3 2 1 5 0 1 5 4 2 3 5 5 3 0 | 14 20  0 6 1 0 7 1 0 12 1 1 6 1 1 8 2 2 7 1 2 11 1 2 13 1 3 8 1 3 12 1 3 13 1 4 9 1 4 10 1 4 11 1 5 9 1 5 10 1 5 11 1 6 13 1 7 12 1 9 10 1
R 2452 42 63 6 287 3 4 5 0 2 5 1 2 0 1 3 4 0 3 4 3 1 2 1 2 3 0 2 3 4 3 2 4 1 0 1 2 4 2 3 0 1 4 0 1 0 4 0 1 2 4 1 3 4 5 3 0 5 2 2 5 1 5 0 4 5 5 3 | 14 20  0 6 1 0 7 1 0 13 1 1 6 1 1 8 1 1 13 1 2 7 1 2 11 1 2 12 1 3 8 2 3 12 1 4 9 1 4 10 1 4 11 1 5 9 1 5 10 1 5 11 1 6 13 1 7 12 1 9 10 1
R 2453 42 63 6 223 3 4 5 0 2 1 1 2 5 4 5 0 0 2 3 1 4 0 1 2 3 0 2 3 4 2 0 3 4 5 4 1 2 0 2 1 3 4 1 1 0 4 0 1 2 4 3 5 4 3 0 1 2 3 1 5 4 2 3 5 5 5 0 | 14 20  0 6 1 0 7 1 0 13 1 1 6 1 1 8 2 2 7 1 2 11 1 2 12 1 3 8 1 3 12 1 3 13 1 4 9 1 4 10 1 4 11 1 5 9 1 5 10 1 5 11 1 6 13 1 7 12 1 9 10 1
R 2454 42 63 6 207 3 4 5 0 2 5 1 0 2 1 4 5 0 3 1 3 2 4 1 2 3 2 0 4 5 0 1 3 4 1 1 0 4 3 0 4 1 3 2 0 4 3 0 1 2 4 3 1 3 5 4 3 0 2 4 2 5 5 0 1 5 5 2 | 14 20  0 6 1 0 7 1 0 10 1 1 6 1 1 10 1 1 11 1 2 7 1 2 10 1 2 12 1 3 8 1 3 9 2 4 8 1 4 11 1 4 13 1 5 9 1 5 12 1 5 13 1 6 11 1 7 12 1 8 13 1
R 2455 42 63 6 492 3 4 5 0 2 3 1 4 2 2 3 5 0 3 1 0 4 1 1 2 3 0 2 3 5 0 2 1 3 2 1 0 4 3 1 4 0 4 2 0 5 1 0 1 2 4 5 1 5 3 0 1 0 4 4 2 5 5 3 2 5 4 3 | 14 20  0 6 1 0 7 1 0 10 1 1 6 1 1 10 1 1 12 1 2 7 1 2 10 1 2 11 1 3 8 1 3 9 2 4 8 1 4 11 1 4 12 1 5 9 1 5 12 1 5 13 1 6 11 1 7 13 1 8 13 1
R 2456 42 63 6 433 3 4 5 0 2 3 1 4 2 1 2 5 0 3 1 0 4 1 1 2 3 0 4 2 5 3 2 0 2 1 1 0 4 3 1 4 4 0 5 2 4 0 0 1 2 4 5 1 5 3 0 0 3 4 4 2 5 5 2 3 5 3 1 | 14 20  0 6 1 0 7 1 0 10 1 1 6 1 1 10 1 1 12 1 2 7 1 2 10 1 2 11 1 3 8 1 3 9 2 4 8 1 4 11 1 4 13 1 5 9 1 5 12 1 5 13 1 6 11 1 7 12 1 8 13 1
R 2457 42 63 6 754 3 4 5 0 2 1 0 1 2 2 4 5 3 5 4 0 1 2 1 2 3 2 0 3 1 5 4 3 4 2 1 0 4 4 2 0 0 3 1 4 0 1 0 1 2 4 3 5 4 3 5 3 0 1 0 1 2 5 4 3 5 5 2 | 14 20  0 6 1 0 7 1 0 10 1 1 6 1 1 11 1 1 12 1 2 7 1 2 10 1 2 11 1 3 8 1 3 9 2 4 8 1 4 11 1 4 12 1 5 9 1 5 12 1 5 13 1 6 10 1 7 13 1 8 13 1
R 2458 42 63 6 66 3 4 5 0 2 1 0 1 2 2 4 5 3 0 4 3 1 4 1 2 3 2 0 5 1 0 5 3 4 2 1 0 4 4 2 0 0 4 1 2 1 3 0 1 2 4 3 5 4 3 5 3 0 1 2 1 5 5 2 0 5 3 4 | 14 20  0 6 1 0 7 1 0 10 1 1 6 1 1 11 1 1 12 1 2 7 1 2 10 1 2 11 1 3 8 1 3 9 2 4 8 1 4 11 1 4 13 1 5 9 1 5 12 1 5 13 1 6 10 1 7 12 1 8 13 1
R 2459 42 63 6 177 3 4 5 0 2 1 0 1 2 1 4 5 3 2 4 0 3 1 1 2 3 2 0 3 0 2 4 3 4 1 1 0 4 4 2 0 3 1 2 4 3 0 0 1 2 4 3 5 4 3 5 3 0 2 5 1 0 5 4 2 5 5 1 | 14 20  0 6 1 0 7 1 0 10 1 1 6 1 1 11 1 1 13 1 2 7 1 2 10 1 2 11 1 3 8 1 3 9 2 4 8 1 4 11 1 4 12 1 5 9 1 5 12 1 5 13 1 6 10 1 7 12 1 8 13 1
R 2460 42 63 6 726 3 4 5 0 2 3 2 1 5 1 5 2 1 0 4 0 3 1 1 2 3 0 2 5 3 4 5 0 5 1 1 0 4 2 1 4 0 4 2 2 3 0 0 1 2 4 5 1 4 3 0 0 3 4 2 3 5 2 5 4 5 3 1 | 14 20  0 6 1 0 7 1 0 10 1 1 6 1 1 11 1 1 12 1 2 7 1 2 10 1 2 11 1 3 8 1 3 9 2 4 8 1 4 12 1 4 13 1 5 9 1 5 12 1 5 13 1 6 10 1 7 11 1 8 13 1
R 2461 42 63 6 716 3 4 5 0 2 1 0 1 2 1 3 5 3 0 4 2 4 3 1 2 3 2 0 5 2 0 5 4 3 1 1 0 4 0 4 1 2 4 1 0 4 2 0 1 2 4 3 5 4 3 5 4 0 2 1 2 5 5 0 1 5 3 3 | 14 20  0 6 1 0 7 1 0 10 1 1 6 1 1 12 1 1 13 1 2 7 1 2 10 1 2 11 1 3 8 1 3 9 2 4 8 1 4 11 1 4 12 1 5 9 1 5 12 1 5 13 1 6 10 1 7 11 1 8 13 1
R 2462 42 63 6 195 3 4 5 0 2 5 1 0 3 2 3 5 0 2 1 1 4 2 1 2 3 2 0 4 5 0 4 1 3 2 2 1 0 0 3 4 4 1 5 0 5 1 0 1 2 4 3 1 5 4 2 1 0 4 3 5 4 5 0 3 5 3 2 | 14 20  0 6 1 0 7 1 0 11 1 1 6 1 1 10 1 1 11 1 2 7 1 2 10 1 2 12 1 3 8 1 3 9 2 4 8 1 4 11 1 4 13 1 5 9 1 5 12 1 5 13 1 6 10 1 7 12 1 8 13 1
R 2463 42 63 6 1062 3 4 5 0 2 5 1 0 3 3 1 5 0 2 1 1 4 3 1 2 3 2 0 4 4 5 1 3 2 0 2 1 0 0 3 4 4 1 5 0 3 5 0 1 2 4 3 1 5 4 2 0 2 4 3 5 4 5 0 2 5 3 1 | 14 20  0 6 1 0 7 1 0 11 1 1 6 1 1 10 1 1 11 1 2 7 1 2 10 1 2 12 1 3 8 2 3 9 1 4 8 1 4 11 1 4 13 1 5 9 1 5 12 1 5 13 1 6 10 1 7 12 1 9 13 1
R 2464 42 63 6 368 3 4 5 0 2 5 1 2 3 2 3 4 0 1 2 0 5 1 1 2 3 4 2 3 4 0 3 1 3 2 2 1 0 0 1 4 0 3 5 0 4 1 0 1 2 4 3 1 0 4 5 1 0 5 5 3 4 4 2 3 5 5 2 | 14 20  0 6 1 0 7 1 0 11 1 1 6 1 1 10 1 1 12 1 2 7 1 2 10 1 2 11 1 3 8 1 3 9 2 4 8 1 4 11 1 4 12 1 5 9 1 5 12 1 5 13 1 6 10 1 7 13 1 8 13 1
R 2465 42 63 6 81 3 4 5 0 2 5 1 2 3 1 5 4 0 4 2 0 3 1 1 2 3 4 2 3 2 0 1 3 5 1 2 1 0 0 1 4 3 0 4 0 3 2 0 1 2 4 3 1 0 4 5 3 0 2 5 3 1 4 2 5 5 5 4 | 14 20  0 6 1 0 7 1 0 11 1 1 6 1 1 10 1 1 13 1 2 7 1 2 10 1 2 11 1 3 8 1 3 9 2 4 8 1 4 11 1 4 12 1 5 9 1 5 12 1 5 13 1 6 10 1 7 12 1 8 13 1
R 2466 42 63 6 123 3 4 5 0 2 1 0 1 2 3 0 4 0 5 1 2 3 4 1 2 3 2 0 5 2 5 3 1 0 4 0 4 1 2 4 1 4 0 3 2 4 1 0 1 2 4 3 5 4 3 5 1 2 5 4 2 3 0 1 5 5 3 0 | 14 21  0 6 1 0 7 1 0 9 1 1 6 1 1 11 1 1 12 1 2 7 1 2 9 1 2 10 1 3 8 1 3 10 1 3 11 1 4 8 1 4 12 1 4 13 1 5 11 1 5 12 1 5 13 1 6 9 1 7 10 1 8 13 1
R 2467 42 63 6 57 3 4 5 0 2 1 1 2 5 0 2 1 0 3 4 3 0 5 1 2 3 0 2 3 4 5 2 2 0 1 1 3 4 3 0 1 2 4 0 3 4 1 0 1 2 4 3 5 4 3 0 3 5 4 1 2 5 4 1 2 5 5 0 | 14 21  0 6 1 0 7 1 0 10 1 1 6 1 1 12 1 1 13 1 2 7 1 2 9 1 2 10 1 3 8 1 3 10 1 3 11 1 4 8 1 4 11 1 4 12 1 5 9 1 5 12 1 5 13 1 6 9 1 7 11 1 8 13 1
R 2468 42 63 6 76 3 4 5 0 2 5 0 3 1 5 1 4 0 2 3 2 1 3 1 2 3 2 0 4 4 2 3 3 1 4 2 0 1 1 2 0 3 0 4 0 1 5 0 1 2 4 3 1 5 2 4 0 2 3 1 5 4 0 4 5 5 3 5 | 14 21  0 6 1 0 7 1 0 13 1 1 6 1 1 11 1 1 12 1 2 7 1 2 12 1 2 13 1 3 8 1 3 9 1 3 10 1 4 8 1 4 10 1 4 11 1 5 9 1 5 10 1 5 11 1 6 12 1 7 13 1 8 9 1
R 2469 42 63 6 107 3 4 5 0 2 1 1 0 2 0 3 2 1 5 4 0 1 3 1 2 3 2 4 5 3 2 5 2 0 4 0 1 3 1 3 0 1 0 4 2 4 3 0 1 2 4 3 5 3 5 4 1 4 5 0 2 3 4 2 5 5 0 1 | 14 21  0 6 1 0 9 1 0 10 1 1 6 1 1 9 1 1 10 1 2 7 1 2 9 1 2 11 1 3 7 1 3 10 1 3 11 1 4 8 1 4 11 1 4 12 1 5 8 1 5 12 1 5 13 1 6 12 1 7 13 1 8 13 1
R 2470 42 63 6 57 3 4 5 0 2 1 1 0 2 0 3 2 1 0 4 3 1 5 1 2 3 2 4 5 2 4 5 2 0 4 0 1 3 1 3 0 1 3 2 4 3 0 0 1 2 4 3 5 3 5 4 1 4 5 3 2 5 0 4 2 5 0 1 | 14 21  0 6 1 0 9 1 0 10 1 1 6 1 1 9 1 1 10 1 2 7 1 2 9 1 2 11 1 3 7 1 3 10 1 3 11 1 4 8 1 4 11 1 4 12 1 5 8 1 5 12 1 5 13 1 6 13 1 7 12 1 8 13 1
R 2471 42 63 6 334 3 4 5 0 2 1 1 0 2 1 3 2 0 1 4 3 5 0 1 2 3 5 2 4 4 3 2 2 0 4 1 0 3 0 3 1 2 0 1 3 4 5 0 1 2 4 3 5 3 5 4 0 5 4 5 2 3 1 4 2 5 1 0 | 14 21  0 6 1 0 9 1 0 10 1 1 6 1 1 9 1 1 11 1 2 7 1 2 9 1 2 10 1 3 7 1 3 10 1 3 11 1 4 8 1 4 11 1 4 12 1 5 8 1 5 12 1 5 13 1 6 12 1 7 13 1 8 13 1
R 2472 42 63 6 73 3 4 5 0 2 5 3 1 2 0 3 1 0 2 1 3 2 5 1 2 3 2 5 1 1 3 5 0 2 5 1 0 4 3 0 4 0 2 4 3 0 1 0 1 2 4 3 1 0 4 5 4 2 5 4 3 5 0 1 4 5 3 2 | 14 21  0 6 1 0 9 1 0 10 1 1 6 1 1 10 1 1 11 1 2 7 1 2 9 1 2 10 1 3 7 1 3 11 1 3 12 1 4 8 1 4 9 1 4 13 1 5 8 1 5 12 1 5 13 1 6 11 1 7 12 1 8 13 1
R 2473 42 63 6 181 3 4 5 0 2 1 0 1 2 3 4 5 0 5 2 3 5 1 1 2 3 2 4 0 4 3 2 2 0 4 0 1 3 0 3 1 0 1 2 3 1 4 0 1 2 4 3 5 3 4 5 1 2 0 1 4 3 0 4 2 5 5 5 | 14 21  0 6 1 0 9 1 0 10 1 1 6 1 1 9 1 1 10 1 2 7 1 2 10 1 2 11 1 3 7 1 3 11 1 3 13 1 4 8 1 4 11 1 4 12 1 5 8 1 5 12 1 5 13 1 6 9 1 7 12 1 8 13 1
R 2474 42 63 6 223 3 4 5 0 2 1 0 1 2 1 3 5 1 0 2 4 3 0 1 2 3 2 4 5 2 4 5 2 0 4 0 1 3 3 0 2 0 1 3 4 3 1 0 1 2 4 3 5 3 4 5 0 4 2 3 4 5 1 5 2 5 1 0 | 14 21  0 6 1 0 9 1 0 10 1 1 6 1 1 9 1 1 10 1 2 7 1 2 10 1 2 11 1 3 7 1 3 11 1 3 12 1 4 8 1 4 12 1 4 13 1 5 8 1 5 12 1 5 13 1 6 9 1 7 11 1 8 13 1
R 2475 42 63 6 522 3 4 5 0 2 1 0 1 2 3 4 2 0 4 1 2 5 3 1 2 3 2 4 0 3 1 0 2 0 4 0 1 3 4 1 2 3 4 0 1 3 4 0 1 2 4 3 5 3 4 5 1 0 5 5 3 2 4 1 0 5 5 2 | 14 21  0 6 1 0 9 1 0 10 1 1 6 1 1 9 1 1 10 1 2 7 1 2 10 1 2 12 1 3 7 1 3 11 1 3 13 1 4 8 1 4 11 1 4 12 1 5 8 1 5 12 1 5 13 1 6 9 1 7 11 1 8 13 1
R 2476 42 63 6 239 3 4 5 0 2 1 1 3 2 0 3 4 0 1 2 3 1 5 1 2 3 2 0 4 5 2 4 2 0 4 0 1 3 4 3 1 0 1 2 0 5 3 0 1 2 4 3 5 5 4 0 1 2 5 3 5 4 0 4 2 5 3 1 | 14 21  0 6 1 0 9 1 0 10 1 1 6 1 1 9 1 1 11 1 2 7 1 2 10 1 2 11 1 3 7 1 3 11 1 3 12 1 4 8 1 4 10 1 4 13 1 5 8 1 5 12 1 5 13 1 6 9 1 7 12 1 8 13 1
R 2477 42 63 6 57 3 4 5 0 2 3 0 2 1 1 4 2 0 1 2 3 4 5 1 2 3 3 1 5 2 3 1 2 0 4 1 0 4 1 0 3 5 0 4 3 0 2 0 1 2 4 5 1 4 3 5 0 3 5 5 4 3 0 2 1 5 2 4 | 14 21  0 6 1 0 9 1 0 10 1 1 6 1 1 10 1 1 12 1 2 7 1 2 9 1 2 13 1 3 7 1 3 10 1 3 11 1 4 8 1 4 11 1 4 12 1 5 8 1 5 12 1 5 13 1 6 9 1 7 11 1 8 13 1
R 2478 42 63 6 67 3 4 5 0 2 1 0 2 1 3 2 4 0 3 1 0 5 2 1 2 3 1 3 0 1 2 4 2 0 4 4 2 0 1 3 5 0 3 4 1 3 5 0 1 2 4 3 5 4 3 5 5 1 0 5 4 2 3 1 4 5 2 0 | 14 21  0 6 1 0 9 1 0 11 1 1 6 1 1 10 1 1 12 1 2 7 1 2 9 1 2 10 1 3 7 1 3 10 1 3 11 1 4 8 1 4 11 1 4 12 1 5 8 1 5 12 1 5 13 1 6 9 1 7 13 1 8 13 1
R 2479 42 63 6 159 3 4 5 0 2 1 0 2 1 3 5 4 0 5 2 1 3 0 1 2 3 1 3 2 2 1 5 2 0 4 4 2 0 0 3 1 3 0 4 1 3 4 0 1 2 4 3 5 4 3 5 0 1 2 3 4 1 4 2 5 5 5 0 | 14 21  0 6 1 0 9 1 0 13 1 1 6 1 1 10 1 1 11 1 2 7 1 2 9 1 2 10 1 3 7 1 3 10 1 3 11 1 4 8 1 4 11 1 4 12 1 5 8 1 5 12 1 5 13 1 6 9 1 7 12 1 8 13 1
R 2480 42 63 6 137 3 4 5 0 2 1 0 2 1 0 1 5 3 0 4 0 5 2 1 2 3 5 1 2 1 5 3 2 0 4 4 2 0 0 1 3 3 4 5 1 2 4 0 1 2 4 3 5 4 3 5 3 4 2 2 1 5 4 1 3 5 0 0 | 14 21  0 6 1 0 9 1 0 11 1 1 6 1 1 10 1 1 11 1 2 7 1 2 9 1 2 10 1 3 7 1 3 11 1 3 12 1 4 8 1 4 10 1 4 13 1 5 8 1 5 12 1 5 13 1 6 9 1 7 12 1 8 13 1
R 2481 42 63 6 191 3 4 5 0 2 1 0 2 1 4 5 3 3 5 4 0 1 2 1 2 3 3 1 0 2 1 5 2 0 4 4 2 0 0 3 1 0 2 3 1 3 4 0 1 2 4 3 5 4 3 5 2 1 0 0 1 2 3 4 5 5 5 4 | 14 21  0 6 1 0 9 1 0 13 1 1 6 1 1 10 1 1 11 1 2 7 1 2 9 1 2 10 1 3 7 1 3 12 1 3 13 1 4 8 1 4 10 1 4 11 1 5 8 1 5 11 1 5 12 1 6 9 1 7 13 1 8 12 1
R 2482 42 63 6 1003 3 4 5 0 2 1 0 1 2 1 3 2 1 0 4 3 5 1 1 2 3 2 4 5 4 5 2 3 1 0 2 0 4 0 1 3 0 3 2 0 4 3 0 1 2 4 3 5 3 4 5 0 4 5 3 2 5 0 4 2 5 1 1 | 14 21  0 6 1 0 10 1 0 11 1 1 6 1 1 10 1 1 12 1 2 7 1 2 9 1 2 10 1 3 7 1 3 11 1 3 13 1 4 8 1 4 9 1 4 11 1 5 8 1 5 12 1 5 13 1 6 9 1 7 12 1 8 13 1
R 2483 42 63 6 104 3 4 5 0 2 1 0 1 2 4 1 5 1 0 4 1 3 2 1 2 3 2 4 5 4 2 5 3 1 0 2 0 4 1 0 3 0 3 4 4 0 2 0 1 2 4 3 5 3 4 5 0 2 3 3 2 5 0 4 5 5 1 1 | 14 21  0 6 1 0 10 1 0 11 1 1 6 1 1 10 1 1 13 1 2 7 1 2 9 1 2 10 1 3 7 1 3 12 1 3 13 1 4 8 1 4 9 1 4 11 1 5 8 1 5 11 1 5 12 1 6 9 1 7 13 1 8 12 1
R 2484 42 63 NOT6 A+B chi=-1 | 14 16  0 5 1 0 10 1 0 13 1 1 6 2 1 11 1 2 7 2 2 11 1 3 8 2 3 11 1 4 9 2 4 12 1 5 10 2 6 12 1 7 12 1 8 13 1 9 13 1
R 2485 42 63 NOT6 A+B chi=-1 | 14 16  0 5 1 0 10 1 0 13 1 1 6 2 1 11 1 2 7 2 2 11 1 3 8 2 3 11 1 4 9 2 4 12 1 5 10 2 6 12 1 7 13 1 8 13 1 9 12 1
R 2486 42 63 NOT6 A+B chi=-1 | 14 16  0 5 1 0 10 1 0 13 1 1 6 2 1 11 1 2 7 2 2 11 1 3 8 2 3 12 1 4 9 2 4 12 1 5 10 2 6 11 1 7 13 1 8 12 1 9 13 1
R 2487 42 63 NOT6 B chi=7 | 14 17  0 5 1 0 9 1 0 13 1 1 6 1 1 11 1 1 13 1 2 7 2 2 11 1 3 8 2 3 12 1 4 9 2 4 10 1 5 10 2 6 11 1 6 13 1 7 12 1 8 12 1
R 2488 42 63 6 875 3 4 5 2 1 5 1 0 2 0 2 4 1 3 0 1 2 3 4 5 1 5 2 0 1 4 2 0 2 5 0 1 3 3 0 2 4 3 5 1 4 0 0 1 2 0 3 4 3 4 5 3 5 1 4 5 2 4 5 2 1 0 3 | 14 18  0 5 1 0 9 1 0 10 1 1 6 2 1 10 1 2 7 2 2 10 1 3 8 2 3 11 1 4 9 1 4 11 1 4 13 1 5 11 1 5 13 1 6 12 1 7 12 1 8 12 1 9 13 1
R 2489 42 63 NOT6 B chi=7 | 14 18  0 5 1 0 9 1 0 10 1 1 6 2 1 10 1 2 7 2 2 10 1 3 8 2 3 12 1 4 9 1 4 11 1 4 13 1 5 11 1 5 13 1 6 11 1 7 12 1 8 12 1 9 13 1
R 2490 42 63 6 459 1 2 3 3 1 4 4 2 3 2 4 0 0 4 1 3 4 5 2 4 1 5 3 2 1 0 2 0 2 1 0 3 4 2 1 0 4 3 0 0 3 1 0 4 5 0 5 2 0 1 5 3 1 5 3 2 5 1 2 3 4 5 4 | 14 18  0 5 1 0 9 2 1 6 2 1 10 1 2 7 2 2 10 1 3 8 1 3 10 1 3 11 1 4 9 1 4 12 1 4 13 1 5 12 1 5 13 1 6 11 1 7 11 1 8 12 1 8 13 1
R 2491 42 63 6 111 1 2 3 1 4 2 1 0 3 3 1 5 0 4 2 3 4 5 2 0 1 2 3 0 4 5 1 0 2 1 4 3 1 3 0 2 4 0 2 0 5 3 0 4 5 3 0 5 4 5 2 0 2 4 3 5 1 1 2 5 4 1 3 | 14 18  0 5 1 0 9 2 1 6 1 1 10 1 1 11 1 2 7 2 2 10 1 3 8 2 3 11 1 4 9 1 4 10 1 4 13 1 5 11 1 5 13 1 6 12 1 6 13 1 7 12 1 8 12 1
R 2492 42 63 6 58 3 1 2 1 3 2 0 2 1 1 0 3 0 4 3 0 2 1 0 2 4 1 4 5 2 3 0 3 4 1 3 0 2 1 4 5 2 5 4 5 0 3 4 5 0 5 4 0 3 5 4 4 5 2 2 5 1 3 3 1 0 2 1 | 14 18  0 5 2 0 9 1 1 6 1 1 10 1 1 11 1 2 7 1 2 10 1 2 13 1 3 8 2 3 11 1 4 9 2 4 10 1 5 11 1 6 12 1 6 13 1 7 12 1 7 13 1 8 12 1
R 2493 42 63 6 98 1 2 3 4 0 3 1 4 2 4 1 5 0 4 2 3 4 5 2 3 0 2 0 1 3 5 1 0 2 1 4 1 3 0 1 2 0 2 3 0 5 3 0 4 5 1 5 2 3 0 5 0 2 3 3 5 1 1 2 4 5 4 4 | 14 18  0 5 1 0 9 2 1 6 2 1 10 1 2 7 1 2 10 1 2 11 1 3 8 2 3 11 1 4 9 1 4 10 1 4 13 1 5 12 1 5 13 1 6 11 1 7 12 1 7 13 1 8 12 1
R 2494 42 63 6 1134 3 1 2 1 0 2 0 2 1 1 3 4 0 4 3 0 2 1 2 4 5 1 5 0 2 4 3 3 4 1 3 0 2 5 3 0 4 0 5 1 3 2 4 5 0 3 4 5 3 5 4 0 5 2 2 5 1 3 1 0 2 4 1 | 14 18  0 5 2 0 9 1 1 6 1 1 10 1 1 13 1 2 7 1 2 10 1 2 11 1 3 8 2 3 11 1 4 9 2 4 10 1 5 12 1 6 11 1 6 13 1 7 12 1 7 13 1 8 12 1
R 2495 42 63 6 125 3 1 2 0 1 2 0 3 1 0 3 2 0 4 3 0 2 1 4 2 1 1 5 3 5 2 0 3 4 1 3 0 2 5 4 3 5 4 2 0 1 4 4 5 0 3 5 4 4 5 2 4 1 5 2 5 1 3 0 0 2 1 3 | 14 18  0 5 2 0 9 1 1 6 2 1 10 1 2 7 1 2 10 1 2 11 1 3 8 1 3 11 1 3 13 1 4 9 2 4 10 1 5 12 1 6 11 1 7 12 1 7 13 1 8 12 1 8 13 1
R 2496 42 63 6 1282 1 2 3 0 2 4 1 0 2 3 0 5 0 4 1 3 4 5 1 4 2 4 2 1 4 5 0 0 2 1 0 3 4 2 1 3 0 4 2 1 5 3 0 4 5 3 5 1 3 5 4 1 2 4 3 2 5 1 2 0 5 0 3 | 14 18  0 5 1 0 9 2 1 6 2 1 10 1 2 7 1 2 10 1 2 13 1 3 8 2 3 11 1 4 9 1 4 10 1 4 11 1 5 12 1 5 13 1 6 11 1 7 12 1 7 13 1 8 12 1
R 2497 42 63 NOT6 B chi=7 | 14 18  0 5 1 0 9 2 1 6 2 1 10 1 2 7 1 2 10 1 2 11 1 3 8 2 3 12 1 4 9 1 4 10 1 4 13 1 5 11 1 5 13 1 6 11 1 7 12 1 7 13 1 8 12 1
R 2498 42 63 6 3690 1 2 3 2 4 5 4 2 3 1 3 2 0 4 1 3 4 5 1 5 4 5 3 2 4 2 1 0 2 1 0 3 4 3 0 1 0 3 2 1 4 0 0 4 5 0 3 1 0 1 5 0 4 5 3 2 5 1 2 2 4 5 3 | 14 18  0 5 1 0 9 2 1 6 2 1 10 1 2 7 2 2 10 1 3 8 1 3 12 1 3 13 1 4 9 1 4 10 1 4 11 1 5 12 1 5 13 1 6 11 1 7 11 1 8 12 1 8 13 1
R 2499 42 63 NOT6 B chi=7 | 14 18  0 5 1 0 9 2 1 6 1 1 10 1 1 11 1 2 7 2 2 10 1 3 8 2 3 11 1 4 9 1 4 10 1 4 13 1 5 12 1 5 13 1 6 12 1 6 13 1 7 12 1 8 11 1
R 2500 42 63 6 191 1 2 3 3 2 4 4 1 3 4 0 2 0 4 1 3 4 5 1 4 2 5 3 1 3 2 5 0 2 1 0 3 4 0 1 2 0 2 5 1 4 3 0 4 5 0 5 1 0 2 5 1 3 5 3 2 5 1 2 3 4 4 0 | 14 18  0 5 1 0 9 2 1 6 2 1 10 1 2 7 2 2 10 1 3 8 1 3 11 1 3 13 1 4 9 1 4 10 1 4 11 1 5 12 1 5 13 1 6 12 1 7 12 1 8 11 1 8 13 1
R 2501 42 63 6 556 3 4 5 0 4 2 1 3 4 3 1 2 1 2 0 1 2 3 3 1 0 2 4 3 5 2 1 0 2 3 1 0 4 0 1 4 2 5 0 0 3 5 0 1 2 5 3 1 0 5 2 0 4 5 4 5 3 5 4 4 2 1 3 | 14 18  0 5 1 0 9 1 0 10 1 1 6 1 1 10 1 1 13 1 2 7 2 2 11 1 3 8 2 3 11 1 4 9 2 4 11 1 5 10 1 5 13 1 6 12 1 6 13 1 7 12 1 8 12 1
R 2502 42 63 NOT6 B chi=7 | 14 18  0 5 1 0 9 1 0 10 1 1 6 1 1 10 1 1 13 1 2 7 2 2 11 1 3 8 2 3 11 1 4 9 2 4 12 1 5 10 1 5 13 1 6 12 1 6 13 1 7 11 1 8 12 1
R 2503 42 63 NOT6 B chi=7 | 14 18  0 5 1 0 9 1 0 10 1 1 6 1 1 10 1 1 13 1 2 7 2 2 11 1 3 8 2 3 12 1 4 9 2 4 11 1 5 10 1 5 13 1 6 12 1 6 13 1 7 11 1 8 12 1
R 2504 42 63 6 201 1 2 3 1 4 2 0 1 3 3 0 4 0 4 1 3 4 5 3 2 5 4 3 1 5 4 0 0 2 1 3 0 4 0 1 2 4 2 5 0 3 1 0 4 5 0 5 3 2 5 4 1 2 5 3 2 5 1 2 1 4 0 3 | 14 18  0 5 1 0 9 2 1 6 1 1 10 1 1 11 1 2 7 2 2 11 1 3 8 2 3 11 1 4 9 1 4 10 1 4 13 1 5 10 1 5 13 1 6 12 1 6 13 1 7 12 1 8 12 1
R 2505 42 63 6 146 3 4 5 0 2 4 1 2 5 2 0 3 0 1 3 1 2 3 3 4 2 3 5 2 5 3 0 2 0 5 1 0 2 1 0 4 3 5 4 0 1 4 0 1 2 1 5 3 0 4 3 1 4 5 4 5 2 4 5 0 1 2 3 | 14 18  0 5 1 0 9 1 0 13 1 1 6 2 1 10 1 2 7 2 2 11 1 3 8 2 3 11 1 4 9 1 4 10 1 4 11 1 5 10 1 5 13 1 6 12 1 7 12 1 8 12 1 9 13 1
R 2506 42 63 NOT6 B chi=7 | 14 18  0 5 1 0 9 2 1 6 2 1 10 1 2 7 1 2 11 1 2 13 1 3 8 2 3 12 1 4 9 1 4 10 1 4 11 1 5 10 1 5 13 1 6 11 1 7 12 1 7 13 1 8 12 1
R 2507 42 63 6 256 1 2 3 0 1 2 3 0 2 5 1 3 0 4 1 3 4 5 4 2 1 1 2 0 3 4 2 0 2 1 3 0 2 3 4 5 1 0 4 0 5 3 0 4 5 3 5 4 4 5 1 0 2 4 3 5 2 1 2 0 3 5 1 | 14 18  0 5 1 0 9 2 1 6 2 1 10 1 2 7 2 2 11 1 3 8 1 3 12 1 3 13 1 4 9 1 4 10 1 4 11 1 5 10 1 5 13 1 6 11 1 7 12 1 8 12 1 8 13 1
R 2508 42 63 NOT6 B chi=7 | 14 18  0 5 1 0 9 1 0 13 1 1 6 2 1 10 1 2 7 2 2 11 1 3 8 2 3 12 1 4 9 1 4 10 1 4 11 1 5 10 1 5 13 1 6 11 1 7 12 1 8 12 1 9 13 1
R 2509 42 63 NOT6 B chi=7 | 14 18  0 5 1 0 9 2 1 6 1 1 10 1 1 11 1 2 7 2 2 11 1 3 8 2 3 12 1 4 9 1 4 10 1 4 13 1 5 10 1 5 13 1 6 12 1 6 13 1 7 11 1 8 12 1
R 2510 42 63 NOT6 B chi=7 | 14 18  0 5 1 0 9 2 1 6 2 1 10 1 2 7 1 2 11 1 2 13 1 3 8 2 3 12 1 4 9 1 4 10 1 4 11 1 5 10 1 5 13 1 6 12 1 7 11 1 7 13 1 8 12 1
R 2511 42 63 NOT6 B chi=7 | 14 18  0 5 1 0 9 2 1 6 2 1 10 1 2 7 2 2 11 1 3 8 1 3 12 1 3 13 1 4 9 1 4 10 1 4 11 1 5 10 1 5 13 1 6 12 1 7 11 1 8 12 1 8 13 1
R 2512 42 63 NOT6 B chi=7 | 14 18  0 5 1 0 9 1 0 13 1 1 6 2 1 10 1 2 7 2 2 11 1 3 8 2 3 12 1 4 9 1 4 10 1 4 11 1 5 10 1 5 13 1 6 12 1 7 11 1 8 12 1 9 13 1
R 2513 42 63 NOT6 B chi=7 | 14 18  0 5 2 0 9 1 1 6 2 1 10 1 2 7 2 2 11 1 3 8 1 3 12 1 3 13 1 4 9 1 4 10 1 4 11 1 5 10 1 6 12 1 7 11 1 8 12 1 8 13 1 9 13 1
R 2514 42 63 NOT6 B chi=7 | 14 18  0 5 1 0 9 1 0 10 1 1 6 2 1 10 1 2 7 2 2 11 1 3 8 2 3 12 1 4 9 1 4 11 1 4 13 1 5 11 1 5 13 1 6 10 1 7 12 1 8 12 1 9 13 1
R 2515 42 63 6 119 3 1 2 0 1 2 4 3 5 0 2 1 0 4 3 0 2 1 2 4 1 2 5 3 4 5 0 3 4 1 1 3 4 3 0 2 0 5 1 0 3 2 4 5 0 3 5 4 0 1 2 3 5 4 2 5 1 3 0 5 4 2 1 | 14 18  0 5 2 0 9 1 1 6 1 1 10 1 1 11 1 2 7 2 2 10 1 3 8 1 3 11 1 3 13 1 4 9 2 4 11 1 5 12 1 6 10 1 6 13 1 7 12 1 8 12 1 8 13 1
R 2516 42 63 NOT6 B chi=7 | 14 18  0 5 1 0 9 2 1 6 1 1 10 1 1 11 1 2 7 2 2 10 1 3 8 2 3 12 1 4 9 1 4 11 1 4 13 1 5 11 1 5 13 1 6 10 1 6 13 1 7 12 1 8 12 1
R 2517 42 63 6 79 1 2 3 2 4 5 4 0 3 5 1 2 0 4 1 3 4 5 1 0 2 2 3 0 3 2 1 0 2 1 1 3 4 0 2 5 4 3 0 0 3 1 0 4 5 3 0 1 1 5 2 0 4 3 3 2 5 1 2 5 4 4 5 | 14 18  0 5 1 0 9 2 1 6 1 1 10 1 1 11 1 2 7 2 2 10 1 3 8 2 3 11 1 4 9 1 4 12 1 4 13 1 5 12 1 5 13 1 6 10 1 6 13 1 7 11 1 8 12 1
R 2518 42 63 6 478 3 1 2 0 2 4 5 2 0 5 1 0 0 4 3 0 2 1 1 4 5 3 4 2 2 0 1 3 4 1 1 2 4 3 0 4 0 2 4 1 5 3 4 5 0 3 5 1 1 3 4 3 4 2 2 5 1 3 0 2 5 0 5 | 14 18  0 5 2 0 9 1 1 6 1 1 10 1 1 11 1 2 7 1 2 10 1 2 13 1 3 8 2 3 11 1 4 9 2 4 12 1 5 12 1 6 10 1 6 13 1 7 11 1 7 13 1 8 12 1
R 2519 42 63 NOT6 B chi=7 | 14 18  0 5 1 0 9 2 1 6 1 1 10 1 1 11 1 2 7 2 2 10 1 3 8 2 3 12 1 4 9 1 4 11 1 4 13 1 5 12 1 5 13 1 6 10 1 6 13 1 7 11 1 8 12 1
R 2520 42 63 NOT6 B chi=7 | 14 18  0 5 2 0 9 1 1 6 1 1 10 1 1 11 1 2 7 1 2 10 1 2 13 1 3 8 2 3 12 1 4 9 2 4 11 1 5 12 1 6 10 1 6 13 1 7 11 1 7 13 1 8 12 1
R 2521 42 63 6 198 3 1 2 0 1 2 5 0 4 3 5 4 0 4 3 0 2 1 2 4 1 2 4 0 2 1 3 3 4 1 1 4 3 0 3 2 0 1 4 3 2 0 4 5 0 3 5 4 1 3 2 0 2 1 2 5 1 3 0 5 5 5 4 | 14 18  0 5 2 0 9 1 1 6 1 1 10 1 1 11 1 2 7 2 2 10 1 3 8 1 3 12 1 3 13 1 4 9 2 4 11 1 5 12 1 6 10 1 6 13 1 7 11 1 8 12 1 8 13 1
R 2522 42 63 NOT6 B chi=7 | 14 18  0 5 1 0 9 1 0 13 1 1 6 1 1 10 1 1 11 1 2 7 2 2 10 1 3 8 2 3 11 1 4 9 2 4 12 1 5 12 1 5 13 1 6 10 1 6 13 1 7 12 1 8 11 1
R 2523 42 63 NOT6 B chi=7 | 14 18  0 5 1 0 9 2 1 6 1 1 10 1 1 11 1 2 7 2 2 10 1 3 8 2 3 11 1 4 9 1 4 12 1 4 13 1 5 12 1 5 13 1 6 10 1 6 13 1 7 12 1 8 11 1
R 2524 42 63 NOT6 B chi=7 | 14 18  0 5 2 0 9 1 1 6 1 1 10 1 1 11 1 2 7 1 2 10 1 2 13 1 3 8 2 3 11 1 4 9 2 4 12 1 5 12 1 6 10 1 6 13 1 7 12 1 7 13 1 8 11 1
R 2525 42 63 6 214 3 1 2 2 3 4 5 1 0 4 1 5 0 4 3 0 2 1 1 4 2 2 0 1 5 2 3 3 4 1 3 0 4 0 1 2 0 2 4 0 4 5 4 5 0 0 1 5 3 4 2 0 3 2 2 5 1 3 5 3 5 4 1 | 14 18  0 5 2 0 9 1 1 6 1 1 10 1 1 11 1 2 7 2 2 10 1 3 8 1 3 11 1 3 13 1 4 9 2 4 12 1 5 12 1 6 10 1 6 13 1 7 12 1 8 11 1 8 13 1
R 2526 42 63 NOT6 B chi=7 | 14 18  0 5 1 0 9 2 1 6 2 1 10 1 2 7 1 2 10 1 2 11 1 3 8 2 3 11 1 4 9 1 4 12 1 4 13 1 5 12 1 5 13 1 6 10 1 7 12 1 7 13 1 8 11 1
R 2527 42 63 6 111 1 2 3 2 1 5 2 0 3 3 2 4 0 4 2 3 4 5 5 0 1 4 3 0 5 4 2 0 2 1 1 0 3 2 3 1 4 0 5 0 5 3 0 4 5 3 4 0 1 5 4 0 1 5 3 5 1 1 2 2 4 2 3 | 14 18  0 5 1 0 9 2 1 6 1 1 10 1 1 11 1 2 7 2 2 11 1 3 8 2 3 11 1 4 9 1 4 10 1 4 13 1 5 12 1 5 13 1 6 10 1 6 13 1 7 12 1 8 12 1
R 2528 42 63 6 304 3 1 2 1 5 2 0 1 3 2 0 4 0 4 3 0 2 1 0 2 1 3 4 5 5 4 0 3 4 1 0 3 2 1 3 2 4 5 1 0 2 3 4 5 0 3 4 0 2 4 5 1 3 5 2 5 1 3 5 4 0 1 2 | 14 18  0 5 2 0 9 1 1 6 1 1 10 1 1 11 1 2 7 1 2 11 1 2 13 1 3 8 2 3 11 1 4 9 2 4 10 1 5 12 1 6 10 1 6 13 1 7 12 1 7 13 1 8 12 1
R 2529 42 63 NOT6 B chi=7 | 14 18  0 5 1 0 9 2 1 6 1 1 10 1 1 11 1 2 7 2 2 11 1 3 8 2 3 12 1 4 9 1 4 10 1 4 13 1 5 11 1 5 13 1 6 10 1 6 13 1 7 12 1 8 12 1
R 2530 42 63 6 66 3 1 2 1 5 2 1 0 3 1 5 4 0 4 3 0 2 1 0 2 1 2 3 0 2 4 3 3 4 1 0 3 2 1 4 5 2 0 4 3 0 5 4 5 0 3 4 0 4 5 2 0 3 2 2 5 1 3 5 4 1 5 1 | 14 18  0 5 2 0 9 1 1 6 1 1 10 1 1 11 1 2 7 2 2 11 1 3 8 1 3 12 1 3 13 1 4 9 2 4 10 1 5 11 1 6 10 1 6 13 1 7 12 1 8 12 1 8 13 1
R 2531 42 63 NOT6 B chi=7 | 14 18  0 5 1 0 9 2 1 6 1 1 10 1 1 11 1 2 7 2 2 11 1 3 8 2 3 12 1 4 9 1 4 10 1 4 13 1 5 12 1 5 13 1 6 10 1 6 13 1 7 11 1 8 12 1
R 2532 42 63 NOT6 B chi=7 | 14 18  0 5 2 0 9 1 1 6 1 1 10 1 1 11 1 2 7 1 2 11 1 2 13 1 3 8 2 3 12 1 4 9 2 4 10 1 5 12 1 6 10 1 6 13 1 7 11 1 7 13 1 8 12 1
R 2533 42 63 NOT6 B chi=7 | 14 18  0 5 1 0 9 2 1 6 1 1 10 1 1 13 1 2 7 2 2 11 1 3 8 2 3 12 1 4 9 1 4 10 1 4 11 1 5 12 1 5 13 1 6 10 1 6 13 1 7 11 1 8 12 1
R 2534 42 63 NOT6 B chi=7 | 14 18  0 5 1 0 9 2 1 6 2 1 10 1 2 7 2 2 11 1 3 8 1 3 12 1 3 13 1 4 9 1 4 10 1 4 11 1 5 12 1 5 13 1 6 10 1 7 11 1 8 12 1 8 13 1
R 2535 42 63 NOT6 A+B chi=-1 | 14 16  0 5 1 0 9 1 0 13 1 1 6 1 1 10 1 1 13 1 2 7 2 2 12 1 3 8 2 3 12 1 4 10 2 4 11 1 5 9 2 6 11 2 7 12 1 8 13 1
R 2536 42 63 NOT6 A+B chi=-1 | 14 17  0 5 1 0 9 1 0 13 1 1 6 1 1 10 2 2 7 2 2 11 1 3 8 2 3 11 1 4 10 1 4 11 1 4 12 1 5 9 2 6 12 1 6 13 1 7 12 1 8 13 1
R 2537 42 63 NOT6 A+B chi=-1 | 14 17  0 5 1 0 9 1 0 13 1 1 6 1 1 10 2 2 7 2 2 11 1 3 8 2 3 11 1 4 10 1 4 11 1 4 13 1 5 9 2 6 12 1 6 13 1 7 12 1 8 12 1
R 2538 42 63 NOT6 A+B chi=-1 | 14 17  0 5 1 0 9 1 0 13 1 1 6 1 1 10 1 1 13 1 2 7 2 2 11 1 3 8 2 3 11 1 4 10 2 4 12 1 5 9 2 6 12 1 6 13 1 7 11 1 8 12 1
R 2539 42 63 NOT6 A+B chi=-1 | 14 17  0 5 1 0 9 1 0 13 1 1 6 1 1 10 2 2 7 2 2 11 1 3 8 2 3 11 1 4 10 1 4 12 1 4 13 1 5 9 2 6 12 1 6 13 1 7 11 1 8 12 1
R 2540 42 63 NOT6 A+B chi=-1 | 14 17  0 5 1 0 9 1 0 13 1 1 6 2 1 10 1 2 7 1 2 11 1 2 13 1 3 8 2 3 11 1 4 10 2 4 12 1 5 9 2 6 12 1 7 11 1 7 13 1 8 12 1
R 2541 42 63 NOT6 A+B chi=-1 | 14 17  0 5 1 0 9 1 0 13 1 1 6 2 1 10 1 2 7 2 2 11 1 3 8 1 3 11 1 3 13 1 4 10 2 4 12 1 5 9 2 6 12 1 7 11 1 8 12 1 8 13 1
R 2542 42 63 NOT6 A+B chi=-1 | 14 17  0 5 1 0 9 1 0 13 1 1 6 1 1 10 2 2 7 2 2 11 1 3 8 2 3 12 1 4 10 1 4 11 1 4 12 1 5 9 2 6 12 1 6 13 1 7 11 1 8 13 1
R 2543 42 63 NOT6 A+B chi=-1 | 14 17  0 5 1 0 9 1 0 13 1 1 6 1 1 10 1 1 13 1 2 7 2 2 11 1 3 8 2 3 12 1 4 10 2 4 11 1 5 9 2 6 12 1 6 13 1 7 11 1 8 12 1
R 2544 42 63 NOT6 A+B chi=-1 | 14 17  0 5 1 0 9 1 0 13 1 1 6 1 1 10 2 2 7 2 2 11 1 3 8 2 3 12 1 4 10 1 4 11 1 4 13 1 5 9 2 6 12 1 6 13 1 7 11 1 8 12 1
R 2545 42 63 NOT6 A+B chi=-1 | 14 17  0 5 1 0 9 1 0 13 1 1 6 2 1 10 1 2 7 1 2 11 1 2 13 1 3 8 2 3 12 1 4 10 2 4 11 1 5 9 2 6 12 1 7 11 1 7 13 1 8 12 1
R 2546 42 63 NOT6 A+B chi=-1 | 14 16  0 5 1 0 9 1 0 12 1 1 6 1 1 10 1 1 13 1 2 7 2 2 11 1 3 8 2 3 12 1 4 11 2 4 12 1 5 9 2 6 10 2 7 13 1 8 13 1
R 2547 42 63 NOT6 A+B chi=-1 | 14 16  0 5 1 0 9 1 0 13 1 1 6 1 1 10 1 1 13 1 2 7 2 2 11 1 3 8 2 3 12 1 4 11 2 4 12 1 5 9 2 6 10 2 7 12 1 8 13 1
R 2548 42 63 NOT6 A+B chi=-1 | 14 16  0 5 1 0 9 1 0 13 1 1 6 1 1 10 1 1 13 1 2 7 2 2 11 1 3 8 2 3 12 1 4 11 2 4 12 1 5 9 2 6 10 2 7 13 1 8 12 1
R 2549 42 63 NOT6 A+B chi=-1 | 14 17  0 5 1 0 9 1 0 13 1 1 6 1 1 10 1 1 13 1 2 7 2 2 11 1 3 8 2 3 11 1 4 11 1 4 12 1 4 13 1 5 9 2 6 10 2 7 12 1 8 12 1
R 2550 42 63 NOT6 A+B chi=-1 | 14 17  0 5 1 0 9 1 0 13 1 1 6 1 1 10 1 1 13 1 2 7 2 2 11 1 3 8 2 3 12 1 4 11 1 4 12 1 4 13 1 5 9 2 6 10 2 7 11 1 8 12 1
R 2551 42 63 NOT6 B chi=7 | 14 19  0 5 1 0 9 1 0 11 1 1 6 1 1 9 1 1 10 1 2 7 2 2 11 1 3 8 2 3 12 1 4 9 1 4 10 1 4 13 1 5 10 1 5 13 1 6 11 1 6 13 1 7 12 1 8 12 1
R 2552 42 63 NOT6 B chi=7 | 14 19  0 5 1 0 9 1 0 13 1 1 6 1 1 9 1 1 10 1 2 7 2 2 11 1 3 8 2 3 12 1 4 9 1 4 10 1 4 11 1 5 10 1 5 13 1 6 11 1 6 13 1 7 12 1 8 12 1
R 2553 42 63 NOT6 B chi=7 | 14 19  0 5 1 0 9 1 0 10 1 1 6 1 1 9 1 1 13 1 2 7 2 2 11 1 3 8 2 3 12 1 4 9 1 4 11 1 4 13 1 5 10 1 5 11 1 6 10 1 6 13 1 7 12 1 8 12 1
R 2554 42 63 NOT6 B chi=7 | 14 19  0 5 1 0 9 1 0 10 1 1 6 1 1 9 1 1 10 1 2 7 2 2 11 1 3 8 2 3 12 1 4 10 1 4 11 1 4 13 1 5 9 1 5 13 1 6 11 1 6 13 1 7 12 1 8 12 1
R 2555 42 63 NOT6 B chi=7 | 14 19  0 5 1 0 9 1 0 10 1 1 6 1 1 10 1 1 11 1 2 7 2 2 11 1 3 8 2 3 12 1 4 9 1 4 10 1 4 13 1 5 9 1 5 13 1 6 11 1 6 13 1 7 12 1 8 12 1
R 2556 42 63 NOT6 B chi=7 | 14 19  0 5 1 0 9 1 0 10 1 1 6 1 1 10 1 1 13 1 2 7 2 2 11 1 3 8 2 3 12 1 4 9 1 4 10 1 4 13 1 5 9 1 5 11 1 6 11 1 6 13 1 7 12 1 8 12 1
R 2557 42 63 NOT6 B chi=7 | 14 19  0 5 1 0 9 1 0 10 1 1 6 1 1 10 1 1 13 1 2 7 2 2 11 1 3 8 2 3 12 1 4 9 1 4 11 1 4 13 1 5 9 1 5 10 1 6 11 1 6 13 1 7 12 1 8 12 1
R 2558 42 63 NOT6 B chi=7 | 14 19  0 5 1 0 9 1 0 10 1 1 6 1 1 11 1 1 13 1 2 7 2 2 11 1 3 8 2 3 12 1 4 9 1 4 10 1 4 13 1 5 9 1 5 10 1 6 11 1 6 13 1 7 12 1 8 12 1
R 2559 42 63 6 57 3 4 5 2 3 5 1 0 2 1 2 3 0 1 4 1 2 3 1 0 3 3 2 0 0 2 4 4 3 2 1 0 5 1 5 2 0 3 4 4 0 1 0 1 2 4 0 1 4 5 3 5 4 0 5 3 2 4 5 5 2 1 3 | 14 19  0 5 1 0 8 1 0 10 1 1 6 1 1 9 2 2 7 2 2 10 1 3 8 1 3 10 1 3 11 1 4 9 1 4 11 1 4 12 1 5 11 1 5 13 1 6 12 1 6 13 1 7 12 1 8 13 1
R 2560 42 63 6 89 3 4 5 2 1 3 1 0 2 1 2 3 0 2 4 1 2 3 5 3 1 3 2 0 0 2 4 4 0 3 1 0 5 1 5 2 0 3 4 0 4 1 0 1 2 0 4 5 4 5 3 5 4 0 1 3 5 4 5 2 1 3 2 | 14 19  0 5 1 0 8 1 0 10 1 1 6 2 1 9 1 2 7 2 2 10 1 3 8 1 3 10 1 3 11 1 4 9 1 4 11 1 4 12 1 5 11 1 5 13 1 6 12 1 7 12 1 8 13 1 9 13 1
R 2561 42 63 6 65 3 4 5 2 4 5 1 0 2 1 2 3 0 1 4 1 2 3 1 0 5 3 2 0 0 2 3 3 4 2 1 0 4 1 5 2 0 4 3 3 0 1 0 1 2 3 0 1 4 5 3 4 5 0 5 3 2 4 5 2 4 1 5 | 14 19  0 5 1 0 8 1 0 10 1 1 6 1 1 9 2 2 7 2 2 10 1 3 8 1 3 10 1 3 11 1 4 9 1 4 11 1 4 13 1 5 11 1 5 12 1 6 12 1 6 13 1 7 12 1 8 13 1
R 2562 42 63 6 169 3 4 5 2 4 5 1 0 2 1 2 3 0 1 4 1 2 3 1 5 4 3 2 0 0 2 3 3 0 2 1 0 4 1 5 2 0 4 3 0 3 1 0 1 2 0 3 1 4 5 3 4 5 0 5 3 2 4 5 2 1 5 4 | 14 19  0 5 1 0 8 1 0 10 1 1 6 2 1 9 1 2 7 2 2 10 1 3 8 1 3 10 1 3 11 1 4 9 1 4 11 1 4 13 1 5 11 1 5 12 1 6 12 1 7 12 1 8 13 1 9 13 1
R 2563 42 63 6 65 3 4 5 2 4 5 1 0 2 1 2 3 0 1 4 1 2 3 1 0 5 3 2 0 0 2 3 3 4 2 1 0 4 1 5 2 3 0 4 0 3 1 0 1 2 3 0 1 4 5 3 4 5 0 5 3 2 4 5 2 4 1 5 | 14 19  0 5 1 0 8 1 0 10 1 1 6 1 1 9 2 2 7 2 2 10 1 3 8 1 3 10 1 3 11 1 4 9 1 4 11 1 4 13 1 5 11 1 5 13 1 6 12 1 6 13 1 7 12 1 8 12 1
R 2564 42 63 6 169 3 4 5 2 4 5 1 0 2 1 2 3 0 1 4 1 2 3 1 5 4 3 2 0 0 2 3 3 0 2 1 0 4 1 5 2 3 0 4 0 3 1 0 1 2 0 3 1 4 5 3 4 5 0 5 3 2 4 5 2 1 5 4 | 14 19  0 5 1 0 8 1 0 10 1 1 6 2 1 9 1 2 7 2 2 10 1 3 8 1 3 10 1 3 11 1 4 9 1 4 11 1 4 13 1 5 11 1 5 13 1 6 12 1 7 12 1 8 12 1 9 13 1
R 2565 42 63 6 57 3 4 5 5 1 3 2 5 0 1 2 3 0 2 4 1 2 3 0 3 1 4 0 5 0 2 4 4 2 3 1 0 5 5 1 2 1 2 0 4 0 1 0 1 2 2 4 0 1 3 4 5 4 0 1 5 3 4 5 5 3 2 3 | 14 19  0 5 1 0 8 1 0 10 1 1 6 2 1 9 1 2 7 1 2 10 1 2 12 1 3 8 1 3 10 1 3 11 1 4 9 2 4 12 1 5 11 1 5 13 1 6 12 1 7 11 1 7 13 1 8 13 1
R 2566 42 63 6 118 3 4 5 4 3 5 4 1 3 2 1 0 0 1 4 1 2 3 0 5 3 2 3 4 0 2 4 4 1 3 0 3 1 2 5 0 2 0 1 4 0 1 0 1 2 1 2 0 0 5 2 5 4 3 2 5 3 4 5 4 1 5 3 | 14 19  0 5 1 0 8 1 0 10 1 1 6 2 1 9 1 2 7 1 2 10 1 2 13 1 3 8 1 3 10 1 3 11 1 4 9 2 4 12 1 5 11 1 5 13 1 6 12 1 7 11 1 7 12 1 8 13 1
R 2567 42 63 6 205 3 4 5 3 4 0 3 0 5 1 2 3 1 5 4 1 2 3 0 2 5 1 5 0 0 2 3 1 4 3 3 0 4 5 1 2 2 0 1 0 1 4 0 1 2 1 2 5 2 4 1 4 5 0 0 3 2 4 5 4 3 3 5 | 14 19  0 5 1 0 8 1 0 10 1 1 6 1 1 9 2 2 7 2 2 10 1 3 8 1 3 10 1 3 11 1 4 9 1 4 12 1 4 13 1 5 11 1 5 13 1 6 12 1 6 13 1 7 11 1 8 12 1
R 2568 42 63 6 3510 3 4 5 1 5 4 5 0 4 1 2 3 0 2 5 1 2 3 0 4 1 3 4 0 0 2 4 3 5 1 1 0 5 2 0 1 1 4 2 4 3 0 0 1 2 3 0 2 1 2 3 5 4 0 4 3 1 4 5 5 2 5 3 | 14 19  0 5 1 0 8 1 0 10 1 1 6 1 1 9 2 2 7 2 2 10 1 3 8 1 3 10 1 3 12 1 4 9 1 4 12 1 4 13 1 5 11 1 5 13 1 6 12 1 6 13 1 7 11 1 8 11 1
R 2569 42 63 6 57 3 4 5 2 3 5 1 0 4 1 2 3 0 1 2 1 2 3 1 0 3 3 4 0 0 2 4 4 3 2 0 1 5 1 2 5 0 3 2 4 0 1 0 1 2 4 0 1 2 5 3 5 4 0 5 3 4 4 5 5 2 1 3 | 14 19  0 5 1 0 8 1 0 10 1 1 6 1 1 9 2 2 7 2 2 11 1 3 8 1 3 10 1 3 11 1 4 9 1 4 10 1 4 12 1 5 11 1 5 13 1 6 12 1 6 13 1 7 12 1 8 13 1
R 2570 42 63 6 215 3 4 5 1 2 5 2 0 4 1 2 3 0 4 2 1 2 3 5 0 1 3 4 0 0 2 3 3 2 1 0 1 4 1 2 5 0 1 3 3 0 4 0 1 2 3 0 4 1 5 3 4 5 0 5 3 1 4 5 4 2 2 5 | 14 19  0 5 1 0 8 1 0 10 1 1 6 1 1 9 2 2 7 2 2 11 1 3 8 1 3 10 1 3 11 1 4 9 1 4 10 1 4 13 1 5 11 1 5 12 1 6 12 1 6 13 1 7 12 1 8 13 1
R 2571 42 63 6 215 3 4 5 1 2 5 2 0 4 1 2 3 0 4 2 1 2 3 5 0 1 3 4 0 0 2 3 3 2 1 0 1 4 1 2 5 3 0 1 0 3 4 0 1 2 3 0 4 1 5 3 4 5 0 5 3 1 4 5 4 2 2 5 | 14 19  0 5 1 0 8 1 0 10 1 1 6 1 1 9 2 2 7 2 2 11 1 3 8 1 3 10 1 3 11 1 4 9 1 4 10 1 4 13 1 5 11 1 5 13 1 6 12 1 6 13 1 7 12 1 8 12 1
R 2572 42 63 6 257 3 4 5 4 1 2 2 0 4 1 2 3 0 5 2 1 2 3 5 2 1 3 4 0 0 2 3 3 0 1 0 1 4 1 2 5 3 0 1 0 3 4 0 1 2 0 3 5 1 5 3 4 5 0 4 3 1 4 5 4 2 5 2 | 14 19  0 5 1 0 8 1 0 10 1 1 6 2 1 9 1 2 7 2 2 11 1 3 8 1 3 10 1 3 11 1 4 9 1 4 10 1 4 13 1 5 11 1 5 13 1 6 12 1 7 12 1 8 12 1 9 13 1
R 2573 42 63 NOT6 B chi=7 | 14 19  0 5 1 0 8 1 0 10 1 1 6 1 1 9 1 1 13 1 2 7 2 2 12 1 3 8 1 3 10 1 3 11 1 4 9 2 4 10 1 5 11 1 5 12 1 6 11 1 6 13 1 7 12 1 8 13 1
R 2574 42 63 NOT6 B chi=7 | 14 19  0 5 1 0 8 1 0 10 1 1 6 1 1 9 2 2 7 2 2 12 1 3 8 1 3 10 1 3 11 1 4 9 1 4 10 1 4 13 1 5 11 1 5 12 1 6 11 1 6 13 1 7 12 1 8 13 1
R 2575 42 63 NOT6 B chi=7 | 14 19  0 5 1 0 8 1 0 10 1 1 6 1 1 9 1 1 13 1 2 7 2 2 12 1 3 8 1 3 10 1 3 11 1 4 9 2 4 10 1 5 11 1 5 13 1 6 11 1 6 12 1 7 12 1 8 13 1
R 2576 42 63 NOT6 B chi=7 | 14 19  0 5 1 0 8 1 0 10 1 1 6 1 1 9 1 1 13 1 2 7 2 2 12 1 3 8 1 3 10 1 3 11 1 4 9 2 4 10 1 5 11 1 5 13 1 6 11 1 6 13 1 7 12 1 8 12 1
R 2577 42 63 NOT6 B chi=7 | 14 19  0 5 1 0 8 1 0 10 1 1 6 1 1 9 2 2 7 2 2 12 1 3 8 1 3 10 1 3 11 1 4 9 1 4 10 1 4 13 1 5 11 1 5 13 1 6 11 1 6 13 1 7 12 1 8 12 1
R 2578 42 63 NOT6 B chi=7 | 14 19  0 5 1 0 8 1 0 10 1 1 6 2 1 9 1 2 7 2 2 12 1 3 8 1 3 10 1 3 11 1 4 9 1 4 10 1 4 13 1 5 11 1 5 13 1 6 11 1 7 12 1 8 12 1 9 13 1
R 2579 42 63 6 289 3 4 5 2 5 4 1 0 4 1 2 5 0 1 2 1 2 3 1 3 4 2 4 0 0 2 3 0 5 2 0 1 4 3 1 4 0 2 3 4 0 1 0 1 2 0 1 3 3 5 2 4 3 0 4 5 3 4 5 5 2 1 5 | 14 19  0 5 1 0 8 1 0 10 1 1 6 1 1 9 2 2 7 2 2 11 1 3 8 1 3 10 1 3 11 1 4 9 1 4 10 1 4 13 1 5 12 1 5 13 1 6 12 1 6 13 1 7 12 1 8 11 1
R 2580 42 63 6 66 3 4 5 2 3 5 1 0 3 1 2 3 0 4 2 1 2 3 0 1 5 5 3 0 0 2 4 4 3 2 0 1 5 2 1 0 4 5 2 0 3 4 0 1 2 4 0 1 2 4 5 5 4 0 5 3 1 4 5 3 2 1 3 | 14 19  0 5 1 0 8 1 0 10 1 1 6 1 1 9 2 2 7 2 2 11 1 3 8 1 3 10 1 3 12 1 4 9 1 4 10 1 4 13 1 5 11 1 5 13 1 6 12 1 6 13 1 7 12 1 8 11 1
R 2581 42 63 6 77 3 4 5 3 1 5 1 0 3 1 2 3 0 4 2 1 2 3 4 5 1 5 3 0 0 2 4 3 0 1 0 1 5 2 1 0 4 5 2 0 3 4 0 1 2 0 2 4 2 4 5 5 4 0 5 3 1 4 5 3 1 3 2 | 14 19  0 5 1 0 8 1 0 10 1 1 6 2 1 9 1 2 7 2 2 11 1 3 8 1 3 10 1 3 12 1 4 9 1 4 10 1 4 13 1 5 11 1 5 13 1 6 12 1 7 12 1 8 11 1 9 13 1
R 2582 42 63 6 57 3 4 5 2 3 4 1 0 3 1 2 3 0 1 2 1 2 3 1 0 4 5 3 0 0 2 4 5 3 2 0 1 5 2 1 0 0 4 2 4 1 3 0 1 2 5 0 1 2 4 5 5 4 0 4 3 5 4 5 3 2 1 3 | 14 19  0 5 1 0 8 1 0 10 1 1 6 1 1 9 2 2 7 2 2 11 1 3 8 1 3 10 1 3 13 1 4 9 1 4 10 1 4 13 1 5 11 1 5 12 1 6 12 1 6 13 1 7 12 1 8 11 1
R 2583 42 63 NOT6 B chi=7 | 14 19  0 5 1 0 8 1 0 10 1 1 6 1 1 9 2 2 7 2 2 12 1 3 8 1 3 10 1 3 11 1 4 9 1 4 10 1 4 13 1 5 12 1 5 13 1 6 11 1 6 13 1 7 12 1 8 11 1
R 2584 42 63 NOT6 B chi=7 | 14 19  0 5 1 0 8 1 0 10 1 1 6 1 1 9 2 2 7 2 2 12 1 3 8 1 3 10 1 3 12 1 4 9 1 4 10 1 4 13 1 5 11 1 5 13 1 6 11 1 6 13 1 7 12 1 8 11 1
R 2585 42 63 NOT6 B chi=7 | 14 19  0 5 1 0 8 1 0 10 1 1 6 2 1 9 1 2 7 2 2 12 1 3 8 1 3 10 1 3 12 1 4 9 1 4 10 1 4 13 1 5 11 1 5 13 1 6 11 1 7 12 1 8 11 1 9 13 1
R 2586 42 63 6 97 1 2 3 1 5 4 2 3 4 0 4 1 2 0 1 3 4 5 0 2 5 1 4 3 0 2 1 3 5 1 3 0 4 2 0 4 3 0 4 3 0 1 0 4 5 3 0 2 0 1 5 3 2 5 4 5 3 1 2 1 4 2 5 | 14 19  0 5 1 0 8 2 1 6 1 1 9 2 2 7 1 2 10 1 2 11 1 3 8 1 3 10 1 3 12 1 4 9 1 4 10 1 4 11 1 5 11 1 5 13 1 6 12 1 6 13 1 7 12 1 7 13 1
R 2587 42 63 6 94 3 1 2 3 5 2 2 1 4 0 2 3 4 0 3 0 2 1 0 2 5 3 4 1 3 4 5 1 5 3 1 0 2 2 0 4 1 0 4 0 1 3 4 5 0 1 0 4 0 3 5 1 4 5 2 5 1 3 3 4 2 5 2 | 14 19  0 5 2 0 8 1 1 6 1 1 9 2 2 7 1 2 10 1 2 11 1 3 8 1 3 10 1 3 12 1 4 9 1 4 10 1 4 11 1 5 11 1 6 12 1 6 13 1 7 12 1 7 13 1 8 13 1
R 2588 42 63 6 575 1 2 3 1 4 5 2 3 4 0 4 1 2 0 1 3 4 5 2 5 4 1 5 2 0 2 1 1 0 3 3 0 4 2 0 4 2 0 3 0 1 4 0 4 5 0 3 2 0 1 5 3 2 5 4 5 3 1 2 1 4 3 5 | 14 19  0 5 1 0 8 2 1 6 2 1 9 1 2 7 1 2 10 1 2 11 1 3 8 1 3 10 1 3 12 1 4 9 1 4 10 1 4 11 1 5 11 1 5 13 1 6 12 1 7 12 1 7 13 1 9 13 1
R 2589 42 63 6 207 3 1 2 3 2 5 2 1 4 0 2 3 4 0 3 0 2 1 1 5 2 3 4 1 3 4 5 3 0 5 1 0 2 2 0 4 1 0 4 0 3 1 4 5 0 0 4 1 0 3 5 1 4 5 2 5 1 3 3 2 5 2 4 | 14 19  0 5 2 0 8 1 1 6 2 1 9 1 2 7 1 2 10 1 2 11 1 3 8 1 3 10 1 3 12 1 4 9 1 4 10 1 4 11 1 5 11 1 6 12 1 7 12 1 7 13 1 8 13 1 9 13 1
R 2590 42 63 6 137 1 2 3 2 4 5 1 4 2 0 4 2 3 1 0 3 4 5 1 5 4 2 0 1 0 2 1 0 3 2 3 4 1 3 0 2 3 1 0 0 5 3 0 4 5 0 3 1 3 0 5 3 5 1 5 2 4 1 2 2 5 4 4 | 14 19  0 5 1 0 8 2 1 6 2 1 9 1 2 7 1 2 10 1 2 11 1 3 8 1 3 10 1 3 13 1 4 9 1 4 10 1 4 11 1 5 11 1 5 13 1 6 12 1 7 12 1 7 13 1 9 12 1
R 2591 42 63 6 162 3 4 5 3 5 2 3 0 2 1 2 4 1 0 3 1 2 3 1 0 3 1 2 0 0 2 4 4 5 3 3 5 2 1 0 2 0 1 4 4 0 1 0 1 2 4 0 1 4 5 1 5 0 3 2 4 5 4 5 5 2 3 3 | 14 19  0 5 1 0 8 1 0 12 1 1 6 1 1 9 2 2 7 2 2 10 1 3 8 1 3 10 1 3 11 1 4 9 1 4 10 1 4 11 1 5 11 1 5 13 1 6 12 1 6 13 1 7 12 1 8 13 1
R 2592 42 63 6 327 1 2 3 2 4 5 2 0 3 0 4 1 2 0 1 3 4 5 0 5 4 1 3 2 0 2 1 3 2 1 4 0 5 3 0 2 1 4 3 1 3 0 0 4 5 1 3 0 4 1 5 3 2 5 5 3 4 1 2 2 0 5 4 | 14 19  0 5 1 0 8 2 1 6 2 1 9 1 2 7 1 2 10 1 2 12 1 3 8 1 3 10 1 3 11 1 4 9 1 4 10 1 4 11 1 5 11 1 5 13 1 6 12 1 7 12 1 7 13 1 9 13 1
R 2593 42 63 6 124 3 1 2 2 3 5 1 0 2 0 2 3 4 0 3 0 2 1 4 5 3 2 3 1 3 4 5 1 0 2 4 0 2 1 0 5 1 3 4 0 4 1 4 5 0 0 1 4 4 3 5 1 5 4 5 1 2 3 2 0 5 2 3 | 14 19  0 5 2 0 8 1 1 6 2 1 9 1 2 7 1 2 10 1 2 12 1 3 8 1 3 10 1 3 11 1 4 9 1 4 10 1 4 11 1 5 11 1 6 12 1 7 12 1 7 13 1 8 13 1 9 13 1
R 2594 42 63 6 162 3 4 5 3 5 2 3 0 2 1 2 3 1 0 4 1 2 3 1 0 5 1 2 0 0 2 3 4 5 3 4 3 2 1 0 2 0 1 4 1 0 4 0 1 2 4 0 1 4 5 1 4 0 5 2 5 3 4 5 2 3 3 5 | 14 19  0 5 1 0 8 1 0 13 1 1 6 1 1 9 2 2 7 2 2 10 1 3 8 1 3 10 1 3 11 1 4 9 1 4 10 1 4 11 1 5 11 1 5 12 1 6 12 1 6 13 1 7 12 1 8 13 1
R 2595 42 63 6 111 3 4 5 2 3 0 2 3 5 1 0 4 1 4 2 1 2 3 1 0 2 1 5 3 4 0 5 4 3 2 2 4 0 1 2 0 0 4 1 0 1 4 0 1 2 4 1 5 0 4 1 2 5 3 0 3 5 4 5 5 3 2 3 | 14 19  0 5 1 0 8 1 0 13 1 1 6 1 1 9 2 2 7 2 2 10 1 3 8 1 3 10 1 3 11 1 4 9 1 4 10 1 4 11 1 5 11 1 5 13 1 6 12 1 6 13 1 7 12 1 8 12 1
R 2596 42 63 6 106 3 4 5 3 5 0 3 5 4 1 2 0 1 4 2 1 2 3 0 2 5 4 1 3 0 2 3 4 5 3 1 0 4 0 1 5 0 2 4 3 0 4 0 1 2 4 1 2 0 2 1 4 5 3 0 5 3 4 5 3 1 2 5 | 14 19  0 5 1 0 8 1 0 13 1 1 6 1 1 9 2 2 7 1 2 10 1 2 12 1 3 8 2 3 10 1 4 9 1 4 10 1 4 11 1 5 11 1 5 12 1 6 12 1 6 13 1 7 11 1 7 13 1
R 2597 42 63 6 2675 1 2 3 1 4 3 2 0 4 0 4 1 2 0 1 3 4 5 2 3 5 4 1 2 0 2 1 0 4 1 3 0 4 2 3 0 1 3 0 2 3 4 0 4 5 0 2 5 3 1 5 3 2 5 3 5 4 1 2 4 1 5 0 | 14 19  0 5 1 0 8 2 1 6 1 1 9 2 2 7 1 2 10 1 2 12 1 3 8 1 3 10 1 3 13 1 4 9 1 4 10 1 4 11 1 5 11 1 5 12 1 6 12 1 6 13 1 7 11 1 7 13 1
R 2598 42 63 6 65 3 4 5 2 4 5 1 0 2 1 2 3 0 1 4 1 2 3 1 0 5 3 2 0 0 2 3 3 4 2 1 0 4 2 0 1 4 5 3 3 0 1 0 1 2 3 0 1 4 5 3 4 5 0 5 3 2 5 4 2 4 1 5 | 14 19  0 5 1 0 8 1 0 10 1 1 6 1 1 9 2 2 7 2 2 10 1 3 8 1 3 11 1 3 12 1 4 9 1 4 11 1 4 13 1 5 10 1 5 11 1 6 12 1 6 13 1 7 12 1 8 13 1
R 2599 42 63 6 526 3 4 5 2 1 5 1 0 2 1 2 3 0 2 4 1 2 3 4 5 1 3 2 0 0 2 3 3 0 1 1 0 4 2 0 1 4 5 3 0 3 4 0 1 2 0 3 4 4 5 3 4 5 0 5 3 1 5 4 2 1 5 2 | 14 19  0 5 1 0 8 1 0 10 1 1 6 2 1 9 1 2 7 2 2 10 1 3 8 1 3 11 1 3 12 1 4 9 1 4 11 1 4 13 1 5 10 1 5 11 1 6 12 1 7 12 1 8 13 1 9 13 1
R 2600 42 63 6 121 3 4 5 2 5 4 1 0 2 1 2 5 0 1 3 1 2 3 4 0 1 3 2 0 0 2 3 3 5 2 1 0 4 2 0 1 0 4 3 3 1 4 0 1 2 3 0 1 4 5 3 4 3 0 4 5 2 5 4 5 2 1 5 | 14 19  0 5 1 0 8 1 0 10 1 1 6 1 1 9 2 2 7 2 2 10 1 3 8 1 3 11 1 3 13 1 4 9 1 4 11 1 4 12 1 5 10 1 5 11 1 6 12 1 6 13 1 7 12 1 8 13 1
R 2601 42 63 6 85 3 4 5 5 2 4 1 0 2 1 2 5 0 1 3 1 2 3 1 4 2 3 2 0 0 2 3 3 0 5 1 0 4 2 0 1 0 4 3 1 3 4 0 1 2 0 3 1 4 5 3 4 3 0 4 5 2 5 4 5 1 5 2 | 14 19  0 5 1 0 8 1 0 10 1 1 6 2 1 9 1 2 7 2 2 10 1 3 8 1 3 11 1 3 13 1 4 9 1 4 11 1 4 12 1 5 10 1 5 11 1 6 12 1 7 12 1 8 13 1 9 13 1
R 2602 42 63 6 314 3 4 5 2 4 1 1 0 2 1 2 3 0 5 4 1 2 3 5 0 1 3 2 0 0 2 3 3 4 2 1 0 4 2 0 1 3 0 4 1 5 3 0 1 2 3 0 5 4 5 3 4 5 0 1 3 2 5 4 2 4 1 5 | 14 19  0 5 1 0 8 1 0 10 1 1 6 1 1 9 2 2 7 2 2 10 1 3 8 1 3 11 1 3 13 1 4 9 1 4 11 1 4 13 1 5 10 1 5 11 1 6 12 1 6 13 1 7 12 1 8 12 1
R 2603 42 63 6 138 3 4 5 4 5 0 0 1 2 1 0 4 1 2 4 1 2 3 3 1 0 2 3 5 4 0 2 2 5 4 1 0 4 3 4 1 0 2 1 3 0 2 0 1 2 2 1 3 4 3 5 3 5 2 0 3 5 5 4 5 4 0 1 | 14 19  0 5 1 0 8 1 0 10 1 1 6 1 1 9 2 2 7 1 2 10 1 2 11 1 3 8 2 3 11 1 4 9 1 4 12 1 4 13 1 5 10 1 5 12 1 6 12 1 6 13 1 7 11 1 7 13 1
R 2604 42 63 6 129 3 4 5 4 2 5 0 1 2 1 5 4 0 3 4 1 2 3 0 5 2 2 3 0 4 0 2 4 3 2 1 0 4 0 3 1 0 3 1 2 3 4 0 1 2 1 3 0 4 3 5 3 2 0 1 5 2 5 4 4 5 1 5 | 14 19  0 5 1 0 8 1 0 10 1 1 6 2 1 9 1 2 7 1 2 10 1 2 12 1 3 8 1 3 11 1 3 13 1 4 9 2 4 12 1 5 10 1 5 11 1 6 12 1 7 11 1 7 13 1 8 13 1
R 2605 42 63 6 118 3 4 5 4 3 5 0 1 2 0 1 4 0 2 4 1 2 3 0 5 3 2 3 5 2 0 5 4 2 3 1 0 4 5 3 1 0 2 1 0 3 2 0 1 2 1 2 0 4 3 5 3 2 5 1 5 3 5 4 4 0 1 4 | 14 19  0 5 1 0 8 1 0 10 1 1 6 2 1 9 1 2 7 1 2 10 1 2 13 1 3 8 1 3 11 1 3 12 1 4 9 2 4 12 1 5 10 1 5 11 1 6 12 1 7 11 1 7 13 1 8 13 1
R 2606 42 63 6 169 3 4 5 3 4 0 3 4 5 0 1 2 1 2 5 1 2 3 0 1 4 1 5 4 2 0 3 2 4 3 1 0 4 0 2 4 1 0 2 0 1 2 0 1 2 2 1 5 0 2 1 4 3 5 0 3 4 5 4 5 3 3 5 | 14 19  0 5 1 0 8 1 0 10 1 1 6 1 1 9 2 2 7 2 2 11 1 3 8 1 3 10 1 3 11 1 4 9 1 4 11 1 4 12 1 5 10 1 5 13 1 6 12 1 6 13 1 7 12 1 8 13 1
R 2607 42 63 6 74 3 4 5 3 4 1 0 3 4 0 1 2 0 5 2 1 2 3 0 1 5 2 4 3 2 0 3 2 4 3 1 0 4 0 1 3 1 5 2 0 1 2 0 1 2 2 0 5 1 5 2 4 3 5 1 4 3 5 4 3 4 0 5 | 14 19  0 5 1 0 8 1 0 10 1 1 6 1 1 9 2 2 7 2 2 11 1 3 8 1 3 10 1 3 11 1 4 9 1 4 11 1 4 13 1 5 10 1 5 12 1 6 12 1 6 13 1 7 12 1 8 13 1
R 2608 42 63 6 81 3 4 5 2 5 3 0 3 4 0 1 2 0 1 2 1 2 3 0 4 5 2 4 3 2 0 3 1 5 2 1 0 4 0 1 3 1 4 2 0 3 1 0 1 2 1 0 4 1 5 2 4 3 5 3 4 5 5 4 3 2 0 5 | 14 19  0 5 1 0 8 1 0 10 1 1 6 1 1 9 2 2 7 2 2 11 1 3 8 1 3 10 1 3 11 1 4 9 1 4 11 1 4 13 1 5 10 1 5 13 1 6 12 1 6 13 1 7 12 1 8 12 1
R 2609 42 63 6 66 3 4 5 3 4 5 1 0 4 0 1 2 1 2 3 1 2 3 1 0 4 2 4 0 2 0 3 2 4 3 1 0 4 3 1 0 0 2 3 1 4 2 0 1 2 2 0 1 3 5 2 4 3 5 5 4 0 5 4 5 3 1 5 | 14 19  0 5 1 0 8 1 0 10 1 1 6 1 1 9 2 2 7 2 2 11 1 3 8 1 3 10 1 3 11 1 4 9 1 4 12 1 4 13 1 5 10 1 5 11 1 6 12 1 6 13 1 7 12 1 8 13 1
R 2610 42 63 6 100 3 4 5 2 4 0 3 4 5 0 1 2 1 3 2 1 2 3 0 3 4 2 5 4 2 0 5 1 4 2 1 0 4 3 1 0 1 0 2 0 4 1 0 1 2 1 3 5 0 1 2 4 3 5 0 5 4 5 4 5 2 3 3 | 14 19  0 5 1 0 8 1 0 10 1 1 6 1 1 9 2 2 7 2 2 11 1 3 8 1 3 10 1 3 13 1 4 9 1 4 11 1 4 12 1 5 10 1 5 11 1 6 12 1 6 13 1 7 12 1 8 13 1
R 2611 42 63 NOT6 B chi=7 | 14 19  0 5 1 0 8 1 0 10 1 1 6 1 1 9 2 2 7 2 2 12 1 3 8 1 3 10 1 3 11 1 4 9 1 4 11 1 4 13 1 5 10 1 5 11 1 6 12 1 6 13 1 7 12 1 8 13 1
R 2612 42 63 NOT6 B chi=7 | 14 19  0 5 1 0 8 1 0 10 1 1 6 1 1 9 2 2 7 2 2 12 1 3 8 1 3 10 1 3 11 1 4 9 1 4 11 1 4 13 1 5 10 1 5 12 1 6 11 1 6 13 1 7 12 1 8 13 1
R 2613 42 63 NOT6 B chi=7 | 14 19  0 5 1 0 8 1 0 10 1 1 6 1 1 9 2 2 7 2 2 12 1 3 8 1 3 10 1 3 12 1 4 9 1 4 11 1 4 13 1 5 10 1 5 11 1 6 11 1 6 13 1 7 12 1 8 13 1
R 2614 42 63 6 357 3 4 5 5 0 4 2 3 5 0 1 2 3 1 2 1 2 3 3 4 0 5 1 4 2 0 3 2 1 4 1 0 4 3 1 0 0 2 3 0 1 2 0 1 2 1 2 3 0 4 1 4 3 5 0 5 4 5 4 5 2 3 5 | 14 19  0 5 1 0 8 1 0 10 1 1 6 2 1 9 1 2 7 1 2 11 1 2 12 1 3 8 1 3 10 1 3 11 1 4 9 2 4 12 1 5 10 1 5 13 1 6 12 1 7 11 1 7 13 1 8 13 1
R 2615 42 63 6 361 3 4 5 5 1 4 4 2 5 0 1 2 2 0 3 1 2 3 2 4 1 0 3 4 2 0 5 3 0 4 1 0 4 0 2 1 1 3 2 0 4 1 0 1 2 0 3 2 1 3 0 4 3 5 1 5 4 5 4 5 5 2 3 | 14 19  0 5 1 0 8 1 0 10 1 1 6 2 1 9 1 2 7 1 2 11 1 2 12 1 3 8 1 3 10 1 3 13 1 4 9 2 4 12 1 5 10 1 5 11 1 6 12 1 7 11 1 7 13 1 8 13 1
R 2616 42 63 6 771 3 4 5 2 4 5 0 3 4 0 1 2 0 1 2 1 2 3 0 3 4 2 4 3 2 0 5 1 4 2 1 0 4 0 1 4 3 1 2 0 5 1 0 1 2 1 0 3 1 5 2 4 3 5 5 4 3 5 4 5 2 0 3 | 14 19  0 5 1 0 8 1 0 10 1 1 6 1 1 9 2 2 7 2 2 11 1 3 8 1 3 10 1 3 11 1 4 9 1 4 12 1 4 13 1 5 10 1 5 13 1 6 12 1 6 13 1 7 12 1 8 11 1
R 2617 42 63 NOT6 B chi=7 | 14 19  0 5 1 0 8 1 0 10 1 1 6 1 1 9 2 2 7 2 2 12 1 3 8 1 3 10 1 3 11 1 4 9 1 4 11 1 4 13 1 5 10 1 5 13 1 6 12 1 6 13 1 7 12 1 8 11 1
R 2618 42 63 6 1996 3 1 2 4 1 5 3 0 4 0 2 3 1 0 4 0 2 1 3 5 1 4 2 3 3 4 5 4 0 5 1 0 4 1 2 0 3 1 2 0 4 3 4 5 0 0 2 3 1 2 5 1 5 4 2 3 5 3 4 0 5 2 1 | 14 19  0 5 2 0 8 1 1 6 2 1 9 1 2 7 1 2 10 1 2 11 1 3 8 1 3 10 1 3 11 1 4 9 1 4 11 1 4 12 1 5 10 1 6 12 1 7 12 1 7 13 1 8 13 1 9 13 1
R 2619 42 63 6 169 1 2 3 4 5 1 1 0 2 0 4 1 2 0 3 3 4 5 2 0 1 2 4 5 0 2 1 3 5 4 3 0 2 3 1 0 0 3 4 2 1 3 0 4 5 3 0 2 3 4 5 3 5 2 1 4 5 1 2 5 4 1 0 | 14 19  0 5 1 0 8 2 1 6 1 1 9 2 2 7 1 2 10 1 2 11 1 3 8 1 3 10 1 3 11 1 4 9 1 4 11 1 4 13 1 5 10 1 5 12 1 6 12 1 6 13 1 7 12 1 7 13 1
R 2620 42 63 6 3035 3 4 5 1 5 4 0 2 3 1 2 5 0 3 5 1 2 3 0 4 1 1 3 2 0 2 3 2 5 1 0 5 2 3 1 4 3 1 4 2 4 0 0 1 2 2 0 3 4 5 1 4 3 0 4 2 1 4 5 5 3 0 5 | 14 19  0 5 1 0 8 1 0 12 1 1 6 1 1 9 2 2 7 2 2 10 1 3 8 1 3 10 1 3 11 1 4 9 1 4 11 1 4 13 1 5 10 1 5 11 1 6 12 1 6 13 1 7 12 1 8 13 1
R 2621 42 63 6 192 3 4 5 1 3 4 0 2 3 1 2 5 0 5 1 1 2 3 4 2 0 1 3 2 0 2 3 5 3 1 0 5 2 3 1 4 2 4 5 1 0 4 0 1 2 5 0 2 4 5 1 4 3 0 4 2 3 4 5 1 3 0 5 | 14 19  0 5 1 0 8 1 0 13 1 1 6 1 1 9 2 2 7 2 2 10 1 3 8 1 3 10 1 3 11 1 4 9 1 4 11 1 4 12 1 5 10 1 5 11 1 6 12 1 6 13 1 7 12 1 8 13 1
R 2622 42 63 6 487 3 4 5 1 3 4 0 2 3 1 2 5 0 5 1 1 2 3 5 4 3 1 3 2 0 2 3 1 0 2 0 5 2 3 1 4 2 4 5 0 1 4 0 1 2 0 2 5 4 5 1 4 3 0 4 2 3 4 5 1 0 5 3 | 14 19  0 5 1 0 8 1 0 13 1 1 6 2 1 9 1 2 7 2 2 10 1 3 8 1 3 10 1 3 11 1 4 9 1 4 11 1 4 12 1 5 10 1 5 11 1 6 12 1 7 12 1 8 13 1 9 13 1
R 2623 42 63 6 1069 1 2 3 1 4 2 1 0 2 0 4 1 0 3 1 3 4 5 5 2 0 2 4 5 0 2 1 3 4 1 3 0 2 3 0 4 3 1 2 0 5 3 0 4 5 3 0 5 3 4 5 3 5 2 2 5 4 1 2 4 1 1 0 | 14 19  0 5 1 0 8 2 1 6 1 1 9 2 2 7 1 2 10 1 2 12 1 3 8 1 3 10 1 3 11 1 4 9 1 4 11 1 4 13 1 5 10 1 5 13 1 6 12 1 6 13 1 7 11 1 7 12 1
R 2624 42 63 6 63 3 1 2 2 3 4 3 0 4 0 2 3 0 1 3 0 2 1 5 0 2 2 4 5 3 4 5 1 3 2 1 0 4 5 0 1 1 2 3 4 0 1 4 5 0 1 0 5 1 2 5 1 5 4 4 2 5 3 4 3 3 0 2 | 14 19  0 5 2 0 8 1 1 6 1 1 9 2 2 7 1 2 10 1 2 12 1 3 8 1 3 10 1 3 11 1 4 9 1 4 11 1 4 13 1 5 10 1 6 12 1 6 13 1 7 11 1 7 12 1 8 13 1
R 2625 42 63 6 4382 1 2 3 4 1 5 1 0 2 0 4 1 0 3 2 3 4 5 3 5 1 2 4 5 0 2 1 2 0 4 3 0 2 3 0 4 3 1 2 0 1 3 0 4 5 0 2 3 3 4 5 3 5 2 1 5 4 1 2 4 1 0 5 | 14 19  0 5 1 0 8 2 1 6 2 1 9 1 2 7 1 2 10 1 2 12 1 3 8 1 3 10 1 3 11 1 4 9 1 4 11 1 4 13 1 5 10 1 5 13 1 6 12 1 7 11 1 7 12 1 9 13 1
R 2626 42 63 6 131 3 1 2 4 3 5 3 0 4 0 2 3 0 1 3 0 2 1 1 5 3 2 4 5 3 4 5 2 0 5 1 0 4 5 0 1 1 3 2 0 4 1 4 5 0 0 2 1 1 2 5 1 5 4 4 2 5 3 4 3 0 2 3 | 14 19  0 5 2 0 8 1 1 6 2 1 9 1 2 7 1 2 10 1 2 12 1 3 8 1 3 10 1 3 11 1 4 9 1 4 11 1 4 13 1 5 10 1 6 12 1 7 11 1 7 12 1 8 13 1 9 13 1
R 2627 42 63 6 538 3 4 5 2 4 5 2 0 4 1 2 5 1 0 2 1 2 3 0 3 4 1 4 0 0 2 3 1 4 2 2 5 0 4 3 1 0 1 3 1 4 0 0 1 2 1 0 3 3 5 1 4 3 0 5 4 3 4 5 5 2 2 5 | 14 19  0 5 1 0 8 1 0 12 1 1 6 1 1 9 2 2 7 2 2 10 1 3 8 1 3 10 1 3 11 1 4 9 1 4 12 1 4 13 1 5 10 1 5 11 1 6 12 1 6 13 1 7 11 1 8 13 1
R 2628 42 63 6 373 3 4 5 5 0 4 2 5 3 1 2 5 3 1 2 1 2 3 3 4 0 0 1 5 0 2 3 2 1 4 0 5 2 1 3 4 0 1 3 2 1 4 0 1 2 1 2 3 4 1 0 4 3 0 0 5 4 4 5 5 2 3 5 | 14 19  0 5 1 0 8 1 0 12 1 1 6 2 1 9 1 2 7 1 2 10 1 2 13 1 3 8 1 3 10 1 3 11 1 4 9 2 4 12 1 5 10 1 5 11 1 6 12 1 7 11 1 7 13 1 8 13 1
R 2629 42 63 NOT6 B chi=7 | 14 19  0 5 1 0 8 1 0 12 1 1 6 1 1 9 2 2 7 2 2 12 1 3 8 1 3 10 1 3 11 1 4 9 1 4 10 1 4 13 1 5 10 1 5 11 1 6 11 1 6 13 1 7 12 1 8 13 1
R 2630 42 63 NOT6 B chi=7 | 14 19  0 5 1 0 8 1 0 13 1 1 6 2 1 9 1 2 7 2 2 12 1 3 8 1 3 10 1 3 11 1 4 9 1 4 10 1 4 12 1 5 10 1 5 11 1 6 11 1 7 12 1 8 13 1 9 13 1
R 2631 42 63 6 32865 3 1 2 1 4 5 4 5 2 0 2 3 0 3 1 0 2 1 0 2 4 1 2 3 3 4 5 3 4 1 1 0 2 0 3 4 0 2 5 1 3 0 4 5 0 3 0 2 0 3 1 1 4 5 5 2 4 3 1 5 5 4 2 | 14 19  0 5 2 0 8 1 1 6 1 1 9 2 2 7 1 2 10 1 2 11 1 3 8 1 3 10 1 3 11 1 4 9 1 4 11 1 4 12 1 5 12 1 6 12 1 6 13 1 7 10 1 7 13 1 8 13 1
R 2632 42 63 6 1036 1 2 3 3 1 4 2 5 4 0 4 1 0 2 3 3 4 5 2 4 1 1 3 2 0 2 1 5 0 4 3 0 4 0 1 2 4 0 2 0 1 5 0 4 5 0 5 2 0 1 3 3 2 5 1 4 5 1 2 3 5 4 3 | 14 19  0 5 1 0 8 2 1 6 2 1 9 1 2 7 1 2 10 1 2 11 1 3 8 1 3 10 1 3 11 1 4 9 1 4 11 1 4 12 1 5 12 1 5 13 1 6 12 1 7 10 1 7 13 1 9 13 1
R 2633 42 63 6 76613 3 1 2 1 3 5 4 5 2 0 2 3 0 4 1 0 2 1 4 5 3 1 2 3 3 4 5 1 0 2 1 0 2 0 3 4 0 2 4 0 1 3 4 5 0 0 2 4 0 3 1 1 4 5 3 2 5 3 1 5 4 2 5 | 14 19  0 5 2 0 8 1 1 6 2 1 9 1 2 7 1 2 10 1 2 11 1 3 8 1 3 10 1 3 11 1 4 9 1 4 11 1 4 12 1 5 12 1 6 12 1 7 10 1 7 13 1 8 13 1 9 13 1
R 2634 42 63 6 131 1 2 3 4 3 2 2 5 4 0 4 1 1 0 3 3 4 5 0 2 1 1 3 2 0 2 1 3 0 4 3 0 4 0 1 2 2 0 5 1 5 3 0 4 5 5 1 0 0 1 3 3 2 5 2 5 4 1 2 3 4 5 4 | 14 19  0 5 1 0 8 2 1 6 1 1 9 1 1 13 1 2 7 1 2 10 1 2 11 1 3 8 1 3 10 1 3 11 1 4 9 2 4 11 1 5 12 1 5 13 1 6 12 1 6 13 1 7 10 1 7 12 1
R 2635 42 63 6 459 1 2 3 1 3 5 2 5 4 0 4 1 0 2 3 3 4 5 0 2 1 1 3 2 0 2 1 4 3 1 3 0 4 0 1 2 2 0 5 0 4 3 0 4 5 4 0 2 0 1 3 3 2 5 5 4 1 1 2 3 5 5 4 | 14 19  0 5 1 0 8 2 1 6 1 1 9 2 2 7 1 2 10 1 2 11 1 3 8 1 3 10 1 3 11 1 4 9 1 4 11 1 4 13 1 5 12 1 5 13 1 6 12 1 6 13 1 7 10 1 7 12 1
R 2636 42 63 6 1395 3 1 2 1 4 5 2 5 4 0 2 3 0 2 1 0 2 1 2 0 4 4 1 3 3 4 5 3 4 1 1 0 2 0 2 4 0 4 5 3 0 1 4 5 0 3 0 2 0 3 1 1 4 5 5 3 4 3 1 5 5 2 2 | 14 19  0 5 2 0 8 1 1 6 1 1 9 2 2 7 1 2 10 1 2 11 1 3 8 1 3 10 1 3 11 1 4 9 1 4 11 1 4 13 1 5 12 1 6 12 1 6 13 1 7 10 1 7 12 1 8 13 1
R 2637 42 63 6 441 1 2 3 3 1 4 2 5 4 0 4 1 0 2 3 3 4 5 2 4 1 1 3 2 0 2 1 3 0 1 3 0 4 0 1 2 2 0 5 0 5 3 0 4 5 0 5 2 0 1 3 3 2 5 5 4 1 1 2 3 5 4 4 | 14 19  0 5 1 0 8 2 1 6 2 1 9 1 2 7 1 2 10 1 2 11 1 3 8 1 3 10 1 3 11 1 4 9 1 4 11 1 4 13 1 5 12 1 5 13 1 6 12 1 7 10 1 7 12 1 9 13 1
R 2638 42 63 6 90 3 1 2 1 3 4 2 5 4 0 2 3 0 2 1 0 2 1 2 4 3 4 1 3 3 4 5 1 0 4 1 0 2 0 2 4 0 4 5 0 5 1 4 5 0 0 5 2 0 3 1 1 4 5 5 3 4 3 1 5 2 2 3 | 14 19  0 5 2 0 8 1 1 6 2 1 9 1 2 7 1 2 10 1 2 11 1 3 8 1 3 10 1 3 11 1 4 9 1 4 11 1 4 13 1 5 12 1 6 12 1 7 10 1 7 12 1 8 13 1 9 13 1
R 2639 42 63 6 270 3 1 2 2 4 0 0 2 5 0 2 3 1 3 4 0 2 1 0 1 2 3 5 4 3 4 5 3 4 2 1 2 5 1 3 0 4 0 1 0 1 3 4 5 0 3 1 5 1 3 4 1 4 5 0 2 5 3 5 4 0 2 2 | 14 19  0 5 2 0 8 1 1 6 1 1 9 2 2 7 1 2 10 1 2 11 1 3 8 1 3 10 1 3 11 1 4 9 1 4 11 1 4 13 1 5 12 1 6 12 1 6 13 1 7 10 1 7 13 1 8 12 1
R 2640 42 63 6 377 3 4 5 5 0 4 4 0 3 1 2 4 3 1 2 1 2 3 3 4 0 5 3 0 0 2 4 2 1 4 5 1 3 1 2 0 0 1 3 4 0 1 0 1 2 1 2 3 1 2 5 5 0 3 0 5 4 4 5 5 4 2 3 | 14 19  0 5 1 0 8 1 0 12 1 1 6 2 1 9 1 2 7 1 2 10 1 2 11 1 3 8 1 3 10 1 3 11 1 4 9 2 4 12 1 5 11 1 5 13 1 6 12 1 7 10 1 7 13 1 8 13 1
R 2641 42 63 6 111 1 2 3 3 5 2 2 0 1 0 4 1 0 1 3 3 4 5 1 2 0 3 4 2 0 2 1 4 5 3 4 0 5 3 2 0 2 1 3 0 4 1 0 4 5 4 0 1 5 3 4 3 2 5 2 4 5 1 2 5 3 1 0 | 14 19  0 5 1 0 8 2 1 6 1 1 9 2 2 7 1 2 10 1 2 11 1 3 8 1 3 10 1 3 11 1 4 9 1 4 12 1 4 13 1 5 11 1 5 13 1 6 12 1 6 13 1 7 10 1 7 12 1
R 2642 42 63 6 1318 3 4 5 3 4 2 3 5 4 1 2 0 5 0 1 1 2 3 5 1 3 1 4 2 0 2 3 1 0 3 1 0 4 2 0 5 4 0 1 3 0 5 0 1 2 0 5 1 0 2 1 4 5 3 2 4 3 4 5 2 4 5 3 | 14 19  0 5 1 0 8 1 0 13 1 1 6 1 1 9 1 1 13 1 2 7 1 2 10 1 2 11 1 3 8 2 3 10 1 4 9 2 4 11 1 5 11 1 5 12 1 6 12 1 6 13 1 7 10 1 7 12 1
R 2643 42 63 6 136 1 2 3 3 1 5 2 3 4 0 4 1 2 0 1 3 4 5 2 5 3 1 4 2 0 2 1 1 0 3 3 0 4 2 0 4 0 1 5 3 2 0 0 4 5 0 2 4 0 1 5 3 2 5 4 5 3 1 2 4 1 5 3 | 14 19  0 5 1 0 8 2 1 6 1 1 9 1 1 13 1 2 7 1 2 10 1 2 11 1 3 8 1 3 10 1 3 13 1 4 9 2 4 11 1 5 11 1 5 12 1 6 12 1 6 13 1 7 10 1 7 12 1
R 2644 42 63 6 1659 3 4 5 1 3 5 3 5 4 1 2 0 0 2 1 1 2 3 5 4 3 1 4 2 0 2 3 0 3 1 1 0 4 2 0 5 4 0 1 3 0 5 0 1 2 0 2 4 0 2 1 4 5 3 5 3 4 4 5 2 1 5 3 | 14 19  0 5 1 0 8 1 0 13 1 1 6 1 1 9 2 2 7 1 2 10 1 2 11 1 3 8 2 3 10 1 4 9 1 4 11 1 4 13 1 5 11 1 5 12 1 6 12 1 6 13 1 7 10 1 7 12 1
R 2645 42 63 6 63 1 2 3 1 2 4 2 3 4 0 4 1 0 5 1 3 4 5 3 0 2 1 4 2 0 2 1 5 2 1 3 0 4 2 0 4 0 1 5 0 3 4 0 4 5 5 0 3 0 1 5 3 2 5 4 3 2 1 2 4 1 5 3 | 14 19  0 5 1 0 8 2 1 6 1 1 9 2 2 7 1 2 10 1 2 11 1 3 8 1 3 10 1 3 13 1 4 9 1 4 11 1 4 13 1 5 11 1 5 12 1 6 12 1 6 13 1 7 10 1 7 12 1
R 2646 42 63 6 72 1 2 3 1 3 0 2 5 4 0 4 1 2 4 3 3 4 5 0 2 1 1 3 2 0 2 1 3 4 0 3 0 4 2 1 5 0 3 2 1 5 0 0 4 5 5 2 4 0 1 3 3 2 5 1 5 0 1 2 4 3 5 4 | 14 19  0 5 1 0 8 2 1 6 1 1 9 1 1 13 1 2 7 1 2 10 1 2 11 1 3 8 1 3 10 1 3 12 1 4 9 2 4 11 1 5 12 1 5 13 1 6 12 1 6 13 1 7 10 1 7 11 1
R 2647 42 63 6 71 1 2 3 1 3 0 2 5 4 0 4 1 4 2 3 3 4 5 0 2 1 1 3 2 0 2 1 5 3 1 3 0 4 2 0 5 0 3 2 1 4 0 0 4 5 5 2 4 0 1 3 3 2 5 0 1 5 1 2 4 3 5 4 | 14 19  0 5 1 0 8 2 1 6 1 1 9 2 2 7 1 2 10 1 2 11 1 3 8 1 3 10 1 3 12 1 4 9 1 4 11 1 4 13 1 5 12 1 5 13 1 6 12 1 6 13 1 7 10 1 7 11 1
R 2648 42 63 6 548 3 1 2 2 5 0 4 2 5 0 2 3 1 4 3 0 2 1 0 1 3 5 3 0 3 4 5 3 4 0 1 3 2 1 4 5 0 1 5 4 1 0 4 5 0 4 1 3 1 0 3 1 5 4 2 5 0 3 2 5 4 2 2 | 14 19  0 5 2 0 8 1 1 6 1 1 9 1 1 13 1 2 7 1 2 10 1 2 11 1 3 8 1 3 10 1 3 12 1 4 9 2 4 11 1 5 12 1 6 12 1 6 13 1 7 10 1 7 11 1 8 13 1
R 2649 42 63 6 171 3 1 2 2 3 0 2 4 5 0 2 3 1 5 2 0 2 1 0 1 3 5 3 1 3 4 5 4 3 2 1 0 2 3 0 5 0 1 5 4 1 0 4 5 0 4 1 5 0 3 1 1 5 4 0 4 3 3 2 5 4 2 2 | 14 19  0 5 2 0 8 1 1 6 1 1 9 2 2 7 1 2 10 1 2 11 1 3 8 1 3 10 1 3 12 1 4 9 1 4 11 1 4 13 1 5 12 1 6 12 1 6 13 1 7 10 1 7 11 1 8 13 1
R 2650 42 63 6 14012 1 2 3 4 1 0 5 4 2 0 4 1 5 2 3 3 4 5 2 0 1 2 3 1 0 2 1 3 4 0 3 0 4 1 5 2 0 3 2 0 1 3 0 4 5 3 5 2 0 1 3 3 2 5 1 0 4 1 2 4 5 4 5 | 14 19  0 5 1 0 8 2 1 6 2 1 9 1 2 7 1 2 10 1 2 11 1 3 8 1 3 10 1 3 12 1 4 9 1 4 11 1 4 13 1 5 12 1 5 13 1 6 12 1 7 10 1 7 11 1 9 13 1
R 2651 42 63 6 240 3 1 2 2 3 0 4 2 5 0 2 3 1 5 2 0 2 1 1 0 3 5 3 1 3 4 5 2 4 0 1 0 2 3 4 5 0 1 5 0 3 1 4 5 0 4 5 1 0 3 1 1 5 4 3 0 4 3 2 4 2 2 5 | 14 19  0 5 2 0 8 1 1 6 2 1 9 1 2 7 1 2 10 1 2 11 1 3 8 1 3 10 1 3 12 1 4 9 1 4 11 1 4 13 1 5 12 1 6 12 1 7 10 1 7 11 1 8 13 1 9 13 1
R 2652 42 63 6 13840 3 1 2 2 4 0 2 1 5 0 2 3 3 5 4 0 2 1 0 1 2 3 4 1 3 4 5 3 4 2 1 0 2 0 3 5 4 0 1 1 0 3 4 5 0 3 1 5 0 3 4 1 4 5 0 1 2 3 5 4 5 2 2 | 14 19  0 5 2 0 8 1 1 6 1 1 9 2 2 7 1 2 10 1 2 11 1 3 8 1 3 10 1 3 13 1 4 9 1 4 11 1 4 13 1 5 12 1 6 12 1 6 13 1 7 10 1 7 11 1 8 12 1
R 2653 42 63 6 373 3 4 5 5 0 4 3 5 4 1 3 0 3 1 2 1 2 3 3 4 0 1 2 4 0 2 4 2 1 4 2 0 3 0 1 5 0 1 3 4 1 0 0 1 2 1 2 3 0 1 2 5 4 2 0 5 4 4 5 5 5 3 3 | 14 19  0 5 1 0 8 1 0 12 1 1 6 2 1 9 1 2 7 1 2 10 1 2 11 1 3 8 1 3 10 1 3 13 1 4 9 2 4 12 1 5 11 1 5 13 1 6 12 1 7 10 1 7 11 1 8 13 1
R 2654 42 63 6 539 1 2 3 3 5 4 5 3 2 0 4 1 2 0 5 3 4 5 0 1 3 2 4 1 0 2 1 2 5 3 3 0 4 0 5 2 0 2 1 3 4 0 0 4 5 2 0 1 0 1 4 3 2 5 4 3 1 1 2 4 5 5 3 | 14 19  0 5 1 0 8 2 1 6 1 1 9 2 2 7 1 2 10 1 2 11 1 3 8 1 3 10 1 3 12 1 4 9 1 4 12 1 4 13 1 5 11 1 5 13 1 6 12 1 6 13 1 7 10 1 7 11 1
R 2655 42 63 6 123 3 4 5 4 2 5 3 5 4 0 1 2 0 3 4 1 2 3 0 5 2 1 4 2 2 0 5 4 3 2 1 0 4 2 0 5 0 3 1 0 1 4 0 1 2 1 3 0 0 2 1 4 3 5 1 5 2 4 5 4 5 3 3 | 14 19  0 5 1 0 8 1 0 13 1 1 6 2 1 9 1 2 7 1 2 10 1 2 11 1 3 8 1 3 10 1 3 12 1 4 9 2 4 12 1 5 11 1 5 13 1 6 12 1 7 10 1 7 11 1 8 13 1
R 2656 42 63 6 252 3 1 2 0 5 4 4 5 2 0 2 3 1 2 5 0 2 1 3 1 0 1 3 4 3 4 5 2 5 0 1 0 2 4 0 5 0 1 2 4 1 3 4 5 0 2 1 3 0 3 1 1 4 5 4 3 0 3 4 5 5 2 2 | 14 19  0 5 2 0 8 1 1 6 1 1 9 2 2 7 1 2 10 1 2 11 1 3 8 1 3 10 1 3 12 1 4 9 1 4 12 1 4 13 1 5 11 1 6 12 1 6 13 1 7 10 1 7 11 1 8 13 1
R 2657 42 63 6 160 3 4 5 2 3 5 1 0 2 1 2 5 0 4 3 1 2 3 1 5 0 3 2 0 0 2 3 4 3 2 1 0 4 2 0 5 3 4 5 0 1 4 0 1 2 4 0 1 4 5 3 4 3 0 5 1 2 4 5 2 3 1 5 | 14 19  0 5 1 0 8 1 0 10 1 1 6 1 1 9 2 2 7 2 2 10 1 3 8 1 3 11 1 3 12 1 4 9 1 4 11 1 4 13 1 5 11 1 5 13 1 6 12 1 6 13 1 7 12 1 8 10 1
R 2658 42 63 6 569 3 4 5 2 4 1 1 0 2 1 2 5 0 5 3 1 2 3 0 1 4 3 2 0 0 2 3 2 5 1 1 0 4 2 0 5 3 4 5 1 0 4 0 1 2 3 5 0 4 5 3 4 3 0 4 1 2 4 5 2 1 5 3 | 14 19  0 5 1 0 8 1 0 10 1 1 6 2 1 9 1 2 7 2 2 10 1 3 8 1 3 11 1 3 12 1 4 9 1 4 11 1 4 13 1 5 11 1 5 13 1 6 12 1 7 12 1 8 10 1 9 13 1
R 2659 42 63 6 551 3 4 5 0 3 4 1 0 2 1 2 5 2 5 3 1 2 3 4 1 0 3 2 0 0 2 3 5 3 0 1 0 4 0 2 5 2 4 5 1 3 4 0 1 2 5 1 2 4 5 3 4 3 0 4 1 0 4 5 3 2 1 5 | 14 19  0 5 1 0 8 1 0 10 1 1 6 1 1 9 2 2 7 2 2 10 1 3 8 1 3 11 1 3 13 1 4 9 1 4 11 1 4 12 1 5 11 1 5 13 1 6 12 1 6 13 1 7 12 1 8 10 1
R 2660 42 63 6 78 3 4 5 0 1 4 1 0 2 1 2 5 2 0 3 1 2 3 5 4 1 3 2 0 0 2 3 3 0 1 1 0 4 0 2 5 2 4 3 1 3 4 0 1 2 2 3 5 4 5 3 4 3 0 4 1 5 4 5 0 1 5 2 | 14 19  0 5 1 0 8 1 0 10 1 1 6 2 1 9 1 2 7 2 2 10 1 3 8 1 3 11 1 3 13 1 4 9 1 4 11 1 4 12 1 5 11 1 5 13 1 6 12 1 7 12 1 8 10 1 9 13 1
R 2661 42 63 6 124 3 4 5 4 2 5 0 1 2 1 2 5 0 3 4 1 2 3 0 5 2 3 5 0 0 2 3 4 3 2 1 0 4 0 3 1 0 2 5 1 3 4 0 1 2 1 3 0 4 3 5 4 3 0 1 5 2 4 5 4 1 2 5 | 14 19  0 5 1 0 8 1 0 10 1 1 6 2 1 9 1 2 7 1 2 10 1 2 11 1 3 8 1 3 12 1 3 13 1 4 9 2 4 11 1 5 12 1 5 13 1 6 11 1 7 12 1 7 13 1 8 10 1
R 2662 42 63 6 222 3 4 5 3 4 5 1 0 2 1 2 5 1 0 3 1 2 3 0 2 4 3 2 0 0 2 3 1 4 3 1 0 4 2 3 5 0 1 2 4 1 0 0 1 2 1 0 2 4 5 3 4 0 3 5 4 2 4 5 5 3 1 5 | 14 19  0 5 1 0 8 1 0 10 1 1 6 1 1 9 2 2 7 2 2 10 1 3 8 1 3 11 1 3 12 1 4 9 1 4 12 1 4 13 1 5 11 1 5 13 1 6 12 1 6 13 1 7 11 1 8 10 1
R 2663 42 63 NOT6 B chi=7 | 14 19  0 5 1 0 8 1 0 10 1 1 6 1 1 9 2 2 7 2 2 12 1 3 8 1 3 11 1 3 13 1 4 9 1 4 10 1 4 11 1 5 11 1 5 13 1 6 12 1 6 13 1 7 12 1 8 10 1
R 2664 42 63 NOT6 B chi=7 | 14 19  0 5 1 0 8 1 0 10 1 1 6 1 1 9 1 1 13 1 2 7 2 2 12 1 3 8 1 3 11 1 3 12 1 4 9 2 4 10 1 5 11 1 5 13 1 6 11 1 6 13 1 7 12 1 8 10 1
R 2665 42 63 NOT6 B chi=7 | 14 19  0 5 1 0 8 1 0 10 1 1 6 1 1 9 2 2 7 2 2 12 1 3 8 1 3 11 1 3 12 1 4 9 1 4 10 1 4 13 1 5 11 1 5 13 1 6 11 1 6 13 1 7 12 1 8 10 1
R 2666 42 63 NOT6 B chi=7 | 14 19  0 5 1 0 8 1 0 10 1 1 6 1 1 9 1 1 13 1 2 7 2 2 12 1 3 8 1 3 11 1 3 13 1 4 9 2 4 10 1 5 11 1 5 13 1 6 11 1 6 12 1 7 12 1 8 10 1
R 2667 42 63 6 870 3 4 5 0 4 2 2 4 5 1 2 0 3 4 1 1 2 3 5 2 0 3 5 4 0 2 3 4 2 1 1 0 4 1 0 2 4 0 1 3 0 1 0 1 2 1 3 5 0 1 3 4 3 5 0 5 2 4 5 3 4 2 5 | 14 19  0 5 1 0 8 1 0 10 1 1 6 1 1 10 1 1 11 1 2 7 2 2 11 1 3 8 1 3 9 2 4 9 1 4 10 1 4 13 1 5 11 1 5 12 1 6 12 1 6 13 1 7 12 1 8 13 1
R 2668 42 63 6 68 3 4 5 0 1 2 5 0 4 1 2 0 4 3 1 1 2 3 2 4 5 2 4 0 0 2 4 5 2 1 1 0 3 3 4 1 0 2 3 4 0 1 0 1 2 3 4 5 1 3 2 5 3 4 0 5 2 4 5 0 1 5 3 | 14 19  0 5 1 0 8 1 0 10 1 1 6 1 1 10 1 1 11 1 2 7 2 2 11 1 3 8 1 3 9 2 4 9 1 4 10 1 4 13 1 5 12 1 5 13 1 6 11 1 6 12 1 7 12 1 8 13 1
R 2669 42 63 NOT6 B chi=7 | 14 19  0 5 1 0 8 1 0 10 1 1 6 1 1 10 1 1 13 1 2 7 2 2 12 1 3 8 1 3 9 2 4 9 1 4 10 1 4 11 1 5 11 1 5 12 1 6 11 1 6 13 1 7 12 1 8 13 1
R 2670 42 63 NOT6 B chi=7 | 14 19  0 5 1 0 8 1 0 10 1 1 6 1 1 10 1 1 13 1 2 7 2 2 12 1 3 8 2 3 9 1 4 9 1 4 10 1 4 11 1 5 11 1 5 12 1 6 11 1 6 13 1 7 12 1 9 13 1
R 2671 42 63 NOT6 B chi=7 | 14 19  0 5 1 0 8 1 0 10 1 1 6 1 1 10 1 1 13 1 2 7 2 2 12 1 3 8 2 3 9 1 4 9 1 4 10 1 4 11 1 5 11 1 5 13 1 6 11 1 6 12 1 7 12 1 9 13 1
R 2672 42 63 6 259 1 2 3 3 1 4 2 0 1 0 4 1 2 3 0 3 4 5 4 2 3 1 5 2 0 2 1 3 4 0 0 1 3 2 0 4 2 4 0 1 3 4 0 4 5 0 2 5 4 5 3 3 2 5 1 4 5 1 2 1 5 3 0 | 14 19  0 5 1 0 8 2 1 6 1 1 10 1 1 11 1 2 7 1 2 10 1 2 11 1 3 8 1 3 9 2 4 9 1 4 10 1 4 12 1 5 11 1 5 13 1 6 12 1 6 13 1 7 12 1 7 13 1
R 2673 42 63 6 65 3 1 2 3 2 4 1 0 3 0 4 3 1 2 0 0 2 1 1 4 5 2 3 5 3 4 1 0 2 3 0 2 4 1 0 4 3 1 4 2 0 4 4 5 0 0 1 5 4 5 2 2 5 1 4 3 5 3 2 3 0 1 5 | 14 19  0 5 2 0 8 1 1 6 1 1 10 1 1 11 1 2 7 1 2 10 1 2 11 1 3 8 2 3 9 1 4 9 1 4 10 1 4 12 1 5 11 1 6 12 1 6 13 1 7 12 1 7 13 1 9 13 1
R 2674 42 63 6 69 1 2 3 3 1 4 1 3 2 0 4 1 2 3 0 3 4 5 4 2 5 0 2 1 0 2 1 3 4 0 0 1 3 4 1 2 0 2 4 0 3 4 0 4 5 0 2 5 4 5 0 3 2 5 1 4 5 1 2 3 1 3 5 | 14 19  0 5 1 0 8 2 1 6 1 1 10 1 1 12 1 2 7 1 2 10 1 2 11 1 3 8 1 3 9 2 4 9 1 4 10 1 4 11 1 5 12 1 5 13 1 6 11 1 6 13 1 7 12 1 7 13 1
R 2675 42 63 6 392 3 4 5 0 3 4 3 1 5 1 2 0 0 3 2 1 2 3 1 2 0 0 5 1 0 2 3 1 4 2 2 5 3 0 5 2 1 0 4 1 3 5 0 1 2 5 1 2 2 4 0 4 5 3 5 4 1 4 5 3 4 3 0 | 14 19  0 5 1 0 8 1 0 13 1 1 6 1 1 10 1 1 12 1 2 7 2 2 10 1 3 8 2 3 9 1 4 9 1 4 10 1 4 11 1 5 11 1 5 12 1 6 11 1 6 13 1 7 12 1 9 13 1
R 2676 42 63 6 397 1 2 3 3 1 4 1 0 2 0 4 1 2 3 0 3 4 5 2 5 1 5 2 4 0 2 1 3 4 0 0 1 3 4 2 0 0 3 2 1 5 3 0 4 5 0 2 5 3 5 4 3 2 5 1 4 5 1 2 3 4 1 0 | 14 19  0 5 1 0 8 2 1 6 1 1 10 1 1 12 1 2 7 1 2 10 1 2 13 1 3 8 1 3 9 2 4 9 1 4 10 1 4 11 1 5 12 1 5 13 1 6 11 1 6 12 1 7 11 1 7 13 1
R 2677 42 63 6 864 3 1 2 3 2 5 2 3 1 0 4 3 1 2 0 0 2 1 5 4 3 1 4 5 3 4 1 0 2 3 0 2 4 4 3 0 0 1 5 2 0 1 4 5 0 0 1 4 0 5 4 2 5 1 4 3 5 3 1 2 2 3 5 | 14 19  0 5 2 0 8 1 1 6 1 1 10 1 1 12 1 2 7 1 2 10 1 2 13 1 3 8 2 3 9 1 4 9 1 4 10 1 4 11 1 5 12 1 6 11 1 6 12 1 7 11 1 7 13 1 9 13 1
R 2678 42 63 6 563 1 2 3 3 0 4 2 4 1 0 4 1 2 3 0 3 4 5 5 2 3 5 1 2 0 2 1 3 4 0 0 1 3 2 1 4 2 5 0 1 3 0 0 4 5 1 2 5 0 5 3 3 2 5 1 4 5 1 2 0 4 3 4 | 14 19  0 5 1 0 8 2 1 6 1 1 10 1 1 13 1 2 7 1 2 10 1 2 12 1 3 8 1 3 9 2 4 9 1 4 10 1 4 11 1 5 12 1 5 13 1 6 11 1 6 12 1 7 11 1 7 13 1
R 2679 42 63 6 2862 1 2 3 3 1 5 5 0 2 0 4 1 2 4 5 3 4 5 0 5 1 4 2 0 0 2 1 3 4 0 2 1 0 1 5 2 2 3 4 0 1 3 0 4 5 2 4 0 1 3 4 3 2 5 1 3 0 1 2 3 4 5 5 | 14 19  0 5 1 0 8 2 1 6 1 1 10 1 1 12 1 2 7 2 2 11 1 3 8 1 3 9 1 3 10 1 4 9 1 4 10 1 4 11 1 5 12 1 5 13 1 6 11 1 6 13 1 7 12 1 9 13 1
R 2680 42 63 6 71 3 1 2 0 5 4 5 0 3 0 2 3 2 4 1 0 2 1 1 2 5 1 3 0 3 4 5 1 2 0 1 3 4 2 4 3 0 2 4 0 3 1 4 5 0 3 2 1 2 4 1 1 4 5 3 0 5 3 0 4 5 2 5 | 14 19  0 5 2 0 8 1 1 6 1 1 10 1 1 12 1 2 7 2 2 11 1 3 8 1 3 9 1 3 10 1 4 9 1 4 10 1 4 11 1 5 12 1 6 11 1 6 13 1 7 12 1 8 13 1 9 13 1
R 2681 42 63 NOT6 B chi=7 | 14 19  0 5 2 0 8 1 1 6 1 1 10 1 1 12 1 2 7 2 2 12 1 3 8 1 3 9 1 3 10 1 4 9 1 4 10 1 4 11 1 5 11 1 6 11 1 6 13 1 7 12 1 8 13 1 9 13 1
R 2682 42 63 NOT6 B chi=7 | 14 19  0 5 1 0 8 2 1 6 1 1 10 1 1 13 1 2 7 2 2 12 1 3 8 1 3 9 1 3 10 1 4 9 1 4 10 1 4 11 1 5 11 1 5 13 1 6 11 1 6 13 1 7 12 1 9 12 1
R 2683 42 63 NOT6 B chi=7 | 14 19  0 5 2 0 8 1 1 6 1 1 10 1 1 13 1 2 7 2 2 12 1 3 8 1 3 9 1 3 10 1 4 9 1 4 10 1 4 11 1 5 11 1 6 11 1 6 13 1 7 12 1 8 13 1 9 12 1
R 2684 42 63 6 994 1 2 3 2 0 3 5 3 2 0 4 1 2 4 5 3 4 5 4 3 0 4 2 1 0 2 1 3 4 0 2 1 0 1 3 2 4 0 5 0 4 3 0 4 5 1 5 4 0 4 1 3 2 5 1 3 0 1 2 2 3 5 5 | 14 19  0 5 1 0 8 2 1 6 2 1 10 1 2 7 1 2 11 1 2 13 1 3 8 1 3 9 1 3 10 1 4 9 1 4 10 1 4 11 1 5 12 1 5 13 1 6 12 1 7 12 1 7 13 1 9 11 1
R 2685 42 63 6 1674 3 1 2 5 0 2 1 0 3 0 2 3 0 4 1 0 2 1 1 4 2 2 3 0 3 4 5 1 2 3 0 3 4 4 1 5 0 2 4 5 1 3 4 5 0 3 1 4 4 5 2 1 4 5 5 2 3 3 5 0 1 2 0 | 14 19  0 5 2 0 8 1 1 6 1 1 10 1 1 13 1 2 7 2 2 11 1 3 8 1 3 9 1 3 10 1 4 9 1 4 10 1 4 12 1 5 11 1 6 12 1 6 13 1 7 12 1 8 13 1 9 11 1
R 2686 42 63 6 196 3 1 2 0 3 5 1 0 5 0 2 3 2 4 1 0 2 1 2 4 3 2 5 0 3 4 5 1 2 0 1 3 4 1 3 4 0 4 2 0 1 3 4 5 0 1 2 4 3 4 2 1 4 5 3 0 5 3 0 5 1 2 5 | 14 19  0 5 2 0 8 1 1 6 1 1 10 1 1 13 1 2 7 2 2 11 1 3 8 1 3 9 1 3 10 1 4 9 1 4 10 1 4 13 1 5 12 1 6 11 1 6 12 1 7 12 1 8 13 1 9 11 1
R 2687 42 63 NOT6 B chi=7 | 14 19  0 5 1 0 8 2 1 6 1 1 10 1 1 13 1 2 7 2 2 12 1 3 8 1 3 9 1 3 10 1 4 9 1 4 10 1 4 11 1 5 12 1 5 13 1 6 11 1 6 13 1 7 12 1 9 11 1
R 2688 42 63 NOT6 B chi=7 | 14 19  0 5 1 0 8 2 1 6 1 1 10 1 1 13 1 2 7 2 2 12 1 3 8 1 3 9 1 3 10 1 4 9 1 4 10 1 4 12 1 5 11 1 5 13 1 6 11 1 6 13 1 7 12 1 9 11 1
R 2689 42 63 NOT6 B chi=7 | 14 19  0 5 2 0 8 1 1 6 1 1 10 1 1 13 1 2 7 2 2 12 1 3 8 1 3 9 1 3 10 1 4 9 1 4 10 1 4 13 1 5 11 1 6 11 1 6 12 1 7 12 1 8 13 1 9 11 1
R 2690 42 63 6 95 3 4 5 0 4 2 3 0 1 1 2 0 3 4 5 1 2 3 1 2 3 2 1 0 0 2 4 5 2 1 1 0 4 3 0 5 2 4 5 0 1 5 0 1 2 5 3 1 4 5 2 5 3 4 0 1 2 5 4 0 4 3 3 | 14 19  0 5 1 0 8 1 0 10 1 1 6 1 1 10 1 1 11 1 2 7 2 2 11 1 3 8 1 3 9 2 4 9 1 4 12 1 4 13 1 5 10 1 5 11 1 6 12 1 6 13 1 7 12 1 8 13 1
R 2691 42 63 6 111 3 4 5 0 1 2 1 0 4 1 5 3 2 0 1 1 2 3 2 3 5 2 4 0 2 0 3 4 5 1 1 0 4 3 1 0 3 4 2 3 0 2 0 1 2 4 3 5 3 5 2 4 0 2 3 5 4 5 4 0 1 1 5 | 14 19  0 5 1 0 8 1 0 10 1 1 6 1 1 10 1 1 13 1 2 7 2 2 11 1 3 8 1 3 9 2 4 9 1 4 11 1 4 13 1 5 10 1 5 11 1 6 12 1 6 13 1 7 12 1 8 12 1
R 2692 42 63 6 1212 3 4 5 0 1 2 1 0 4 4 5 2 1 0 5 1 2 3 2 3 5 2 4 0 0 4 2 3 5 4 1 0 4 3 4 1 0 2 5 2 3 0 0 1 2 4 3 5 3 5 2 3 0 1 2 3 4 5 4 0 1 1 5 | 14 19  0 5 1 0 8 1 0 10 1 1 6 1 1 10 1 1 11 1 2 7 2 2 11 1 3 8 1 3 9 2 4 9 1 4 12 1 4 13 1 5 10 1 5 12 1 6 11 1 6 13 1 7 12 1 8 13 1
R 2693 42 63 6 76 3 4 5 0 1 2 3 0 4 3 1 4 0 1 2 1 2 3 2 3 5 2 4 0 0 4 5 2 1 4 1 0 4 3 4 1 0 5 2 0 2 1 0 1 2 4 3 5 1 5 2 2 0 5 3 5 4 5 4 0 1 3 3 | 14 19  0 5 1 0 8 1 0 10 1 1 6 1 1 10 1 1 11 1 2 7 2 2 11 1 3 8 1 3 9 1 3 13 1 4 9 2 4 12 1 5 10 1 5 13 1 6 11 1 6 12 1 7 12 1 8 13 1
R 2694 42 63 6 514 3 4 5 0 1 2 3 0 4 2 4 5 1 0 2 1 2 3 2 3 5 2 4 0 0 4 5 3 4 2 1 0 4 3 4 1 0 5 2 5 1 0 0 1 2 4 3 5 1 5 2 3 0 1 5 4 3 5 4 0 1 3 2 | 14 19  0 5 1 0 8 1 0 10 1 1 6 1 1 10 1 1 11 1 2 7 2 2 11 1 3 8 1 3 9 2 4 9 1 4 12 1 4 13 1 5 10 1 5 13 1 6 11 1 6 12 1 7 12 1 8 13 1
R 2695 42 63 6 291 3 4 5 0 1 2 1 0 4 4 0 1 2 0 5 1 2 3 2 3 5 2 4 0 2 4 3 5 0 4 1 0 4 3 4 1 3 2 5 5 2 0 0 1 2 4 3 5 3 5 2 5 2 3 1 3 4 5 4 0 1 1 0 | 14 19  0 5 1 0 8 1 0 10 1 1 6 1 1 10 1 1 11 1 2 7 2 2 11 1 3 8 1 3 9 1 3 13 1 4 9 2 4 12 1 5 10 1 5 13 1 6 11 1 6 13 1 7 12 1 8 12 1
R 2696 42 63 NOT6 B chi=7 | 14 19  0 5 1 0 8 1 0 10 1 1 6 1 1 10 1 1 11 1 2 7 2 2 12 1 3 8 2 3 9 1 4 9 1 4 11 1 4 12 1 5 10 1 5 13 1 6 11 1 6 13 1 7 12 1 9 13 1
R 2697 42 63 NOT6 B chi=7 | 14 19  0 5 1 0 8 1 0 10 1 1 6 1 1 10 1 1 11 1 2 7 2 2 12 1 3 8 1 3 9 2 4 9 1 4 11 1 4 13 1 5 10 1 5 12 1 6 11 1 6 13 1 7 12 1 8 13 1
R 2698 42 63 NOT6 B chi=7 | 14 19  0 5 1 0 8 1 0 10 1 1 6 1 1 10 1 1 11 1 2 7 2 2 12 1 3 8 2 3 9 1 4 9 1 4 11 1 4 13 1 5 10 1 5 12 1 6 11 1 6 13 1 7 12 1 9 13 1
R 2699 42 63 6 68 3 4 5 0 1 2 0 1 4 1 5 4 2 0 3 1 2 3 2 3 0 2 4 1 4 0 2 3 0 1 1 0 4 0 3 1 4 3 2 2 3 4 0 1 2 4 3 5 3 5 2 3 2 0 4 5 1 5 4 5 1 0 5 | 14 19  0 5 1 0 8 1 0 10 1 1 6 1 1 10 1 1 12 1 2 7 2 2 11 1 3 8 1 3 9 1 3 13 1 4 9 2 4 12 1 5 10 1 5 11 1 6 11 1 6 13 1 7 12 1 8 13 1
R 2700 42 63 6 57 3 4 5 0 1 2 0 1 4 1 3 4 0 2 3 1 2 3 2 3 0 2 4 1 0 4 5 2 3 1 1 0 4 0 3 1 4 3 2 4 0 2 0 1 2 4 3 5 3 5 2 2 0 5 4 1 5 5 4 5 1 0 3 | 14 19  0 5 1 0 8 1 0 10 1 1 6 1 1 10 1 1 12 1 2 7 2 2 11 1 3 8 1 3 9 2 4 9 1 4 12 1 4 13 1 5 10 1 5 11 1 6 11 1 6 13 1 7 12 1 8 13 1
R 2701 42 63 6 187 3 4 5 0 1 2 0 1 4 2 4 1 0 3 2 1 2 3 2 3 0 2 4 1 0 4 5 3 4 2 1 0 4 0 3 1 4 3 2 0 3 1 0 1 2 4 3 5 3 5 2 3 0 5 1 5 4 5 4 5 1 0 2 | 14 19  0 5 1 0 8 1 0 10 1 1 6 1 1 10 1 1 13 1 2 7 2 2 11 1 3 8 1 3 9 2 4 9 1 4 12 1 4 13 1 5 10 1 5 11 1 6 11 1 6 12 1 7 12 1 8 13 1
R 2702 42 63 NOT6 B chi=7 | 14 19  0 5 1 0 8 1 0 10 1 1 6 1 1 10 1 1 12 1 2 7 2 2 12 1 3 8 1 3 9 1 3 13 1 4 9 2 4 11 1 5 10 1 5 11 1 6 11 1 6 13 1 7 12 1 8 13 1
R 2703 42 63 NOT6 B chi=7 | 14 19  0 5 1 0 8 1 0 10 1 1 6 1 1 10 1 1 12 1 2 7 2 2 12 1 3 8 1 3 9 2 4 9 1 4 11 1 4 13 1 5 10 1 5 11 1 6 11 1 6 13 1 7 12 1 8 13 1
R 2704 42 63 NOT6 B chi=7 | 14 19  0 5 1 0 8 1 0 10 1 1 6 1 1 10 1 1 13 1 2 7 2 2 12 1 3 8 2 3 9 1 4 9 1 4 11 1 4 12 1 5 10 1 5 11 1 6 11 1 6 13 1 7 12 1 9 13 1
R 2705 42 63 NOT6 B chi=7 | 14 19  0 5 1 0 8 1 0 10 1 1 6 1 1 10 1 1 13 1 2 7 2 2 12 1 3 8 1 3 9 2 4 9 1 4 11 1 4 13 1 5 10 1 5 11 1 6 11 1 6 12 1 7 12 1 8 13 1
R 2706 42 63 NOT6 B chi=7 | 14 19  0 5 1 0 8 1 0 10 1 1 6 1 1 10 1 1 13 1 2 7 2 2 12 1 3 8 2 3 9 1 4 9 1 4 11 1 4 13 1 5 10 1 5 11 1 6 11 1 6 12 1 7 12 1 9 13 1
R 2707 42 63 6 57 3 4 5 1 0 2 1 5 4 2 1 3 0 1 4 1 2 3 3 2 0 3 2 5 0 2 3 4 1 2 1 0 4 0 3 5 2 0 1 0 3 4 0 1 2 4 5 3 0 3 2 4 0 5 3 5 2 5 4 1 4 1 5 | 14 19  0 5 1 0 8 1 0 10 1 1 6 2 1 10 1 2 7 1 2 12 1 2 13 1 3 8 1 3 9 1 3 13 1 4 9 2 4 11 1 5 10 1 5 11 1 6 11 1 7 12 1 7 13 1 8 12 1
R 2708 42 63 6 1152 3 4 5 1 0 2 3 1 0 1 2 5 3 4 2 1 2 3 3 2 0 5 0 1 0 2 3 2 4 0 1 0 4 1 2 0 3 4 5 3 1 4 0 1 2 4 5 3 4 5 2 4 3 0 1 5 0 5 4 1 3 2 5 | 14 19  0 5 1 0 8 1 0 10 1 1 6 2 1 10 1 2 7 1 2 11 1 2 12 1 3 8 1 3 9 1 3 13 1 4 9 2 4 12 1 5 10 1 5 11 1 6 12 1 7 11 1 7 13 1 8 13 1
R 2709 42 63 6 254 3 4 5 1 0 2 4 5 1 1 2 0 3 4 1 1 2 3 3 2 0 3 2 5 0 2 3 4 2 1 1 0 4 5 2 0 0 3 4 3 0 1 0 1 2 4 5 3 0 3 2 4 3 5 0 5 2 5 4 1 1 4 5 | 14 19  0 5 1 0 8 1 0 10 1 1 6 2 1 10 1 2 7 1 2 11 1 2 12 1 3 8 1 3 9 2 4 9 1 4 12 1 4 13 1 5 10 1 5 11 1 6 12 1 7 11 1 7 13 1 8 13 1
R 2710 42 63 6 787 3 4 5 0 1 2 2 4 0 1 4 2 3 0 1 1 2 3 2 3 5 1 0 4 0 2 5 3 4 1 1 0 4 2 3 0 1 5 3 3 0 2 0 1 2 4 3 5 3 5 1 3 0 5 2 5 4 5 4 0 1 2 4 | 14 19  0 5 1 0 8 1 0 10 1 1 6 1 1 10 1 1 13 1 2 7 2 2 11 1 3 8 1 3 9 2 4 9 1 4 11 1 4 13 1 5 10 1 5 12 1 6 12 1 6 13 1 7 12 1 8 11 1
R 2711 42 63 6 190 3 4 5 1 0 2 1 5 4 1 2 0 3 4 5 1 2 3 3 2 0 4 3 0 0 2 3 5 4 2 1 0 4 3 0 4 0 2 1 3 2 4 0 1 2 4 5 3 2 3 0 4 3 5 0 1 2 5 4 1 5 1 5 | 14 19  0 5 1 0 8 1 0 10 1 1 6 2 1 10 1 2 7 1 2 12 1 2 13 1 3 8 1 3 9 1 3 13 1 4 9 2 4 11 1 5 10 1 5 12 1 6 11 1 7 12 1 7 13 1 8 11 1
R 2712 42 63 6 993 3 4 5 1 0 2 3 2 1 1 2 0 3 4 5 1 2 3 3 2 0 5 1 4 0 2 3 5 4 2 1 0 4 2 0 1 0 4 3 1 3 0 0 1 2 4 5 3 0 4 5 4 3 5 0 1 2 5 4 1 3 2 5 | 14 19  0 5 1 0 8 1 0 10 1 1 6 2 1 10 1 2 7 1 2 11 1 2 12 1 3 8 1 3 9 1 3 13 1 4 9 2 4 12 1 5 10 1 5 13 1 6 12 1 7 11 1 7 13 1 8 11 1
R 2713 42 63 6 209 3 4 5 2 3 5 3 0 4 2 3 4 0 1 2 1 2 3 1 0 3 2 4 0 0 2 4 5 3 2 1 0 4 3 0 5 4 1 2 4 0 1 0 1 2 4 1 0 1 5 2 5 0 1 4 3 5 5 4 5 2 3 3 | 14 19  0 5 1 0 8 1 0 10 1 1 6 1 1 11 1 1 12 1 2 7 2 2 11 1 3 8 1 3 9 2 4 9 1 4 10 1 4 13 1 5 10 1 5 11 1 6 12 1 6 13 1 7 12 1 8 13 1
R 2714 42 63 NOT6 B chi=7 | 14 19  0 5 1 0 8 1 0 10 1 1 6 1 1 11 1 1 12 1 2 7 2 2 12 1 3 8 2 3 9 1 4 9 1 4 10 1 4 11 1 5 10 1 5 13 1 6 11 1 6 13 1 7 12 1 9 13 1
R 2715 42 63 NOT6 B chi=7 | 14 19  0 5 1 0 8 1 0 10 1 1 6 1 1 11 1 1 13 1 2 7 2 2 12 1 3 8 1 3 9 2 4 9 1 4 10 1 4 11 1 5 10 1 5 12 1 6 11 1 6 13 1 7 12 1 8 13 1
R 2716 42 63 NOT6 B chi=7 | 14 19  0 5 1 0 8 1 0 10 1 1 6 1 1 11 1 1 13 1 2 7 2 2 12 1 3 8 2 3 9 1 4 9 1 4 10 1 4 11 1 5 10 1 5 12 1 6 11 1 6 13 1 7 12 1 9 13 1
R 2717 42 63 NOT6 B chi=7 | 14 19  0 5 1 0 8 1 0 10 1 1 6 2 1 11 1 2 7 1 2 12 1 2 13 1 3 8 2 3 9 1 4 9 1 4 10 1 4 11 1 5 10 1 5 12 1 6 11 1 7 12 1 7 13 1 9 13 1
R 2718 42 63 NOT6 B chi=7 | 14 19  0 5 1 0 8 1 0 10 1 1 6 1 1 11 1 1 12 1 2 7 2 2 12 1 3 8 1 3 9 1 3 13 1 4 9 2 4 10 1 5 10 1 5 11 1 6 11 1 6 13 1 7 12 1 8 13 1
R 2719 42 63 NOT6 B chi=7 | 14 19  0 5 1 0 8 1 0 10 1 1 6 1 1 11 1 1 12 1 2 7 2 2 12 1 3 8 1 3 9 2 4 9 1 4 10 1 4 13 1 5 10 1 5 11 1 6 11 1 6 13 1 7 12 1 8 13 1
R 2720 42 63 6 1643 3 4 5 1 0 2 3 1 4 1 2 0 0 3 4 1 2 3 5 2 0 5 4 1 0 2 3 1 4 2 3 0 2 3 1 0 4 0 2 1 3 5 0 1 2 3 5 4 0 2 5 4 5 3 5 1 2 4 5 1 4 3 0 | 14 19  0 5 1 0 8 1 0 13 1 1 6 1 1 10 1 1 11 1 2 7 2 2 11 1 3 8 2 3 9 1 4 9 1 4 10 1 4 11 1 5 10 1 5 12 1 6 12 1 6 13 1 7 12 1 9 13 1
R 2721 42 63 6 249 3 4 5 5 2 0 3 1 5 1 2 0 3 4 5 1 2 3 1 0 2 2 5 1 0 2 3 4 2 1 1 0 3 3 5 0 0 2 4 3 0 1 0 1 2 3 4 1 0 4 2 4 3 5 0 1 2 4 5 5 4 3 5 | 14 19  0 5 1 0 8 1 0 10 1 1 6 1 1 10 1 1 11 1 2 7 2 2 11 1 3 8 1 3 9 2 4 9 1 4 12 1 4 13 1 5 11 1 5 12 1 6 10 1 6 13 1 7 12 1 8 13 1
R 2722 42 63 6 919 3 4 5 2 5 1 2 0 4 1 3 0 4 3 2 1 2 3 0 1 2 1 4 0 0 2 4 2 3 0 0 1 3 3 2 5 5 1 3 4 1 0 0 1 2 3 4 0 3 5 1 5 4 2 1 5 0 4 5 5 4 2 3 | 14 19  0 5 1 0 8 1 0 10 1 1 6 1 1 10 1 1 11 1 2 7 2 2 11 1 3 8 1 3 9 1 3 13 1 4 9 2 4 12 1 5 11 1 5 13 1 6 10 1 6 12 1 7 12 1 8 13 1
R 2723 42 63 6 6090 3 4 5 5 0 1 4 2 5 1 2 0 4 3 1 1 2 3 2 4 0 1 5 2 0 2 4 5 2 1 0 1 3 3 5 0 2 0 3 4 0 1 0 1 2 3 4 2 0 3 1 5 3 4 0 5 2 4 5 5 1 4 3 | 14 19  0 5 1 0 8 1 0 10 1 1 6 1 1 10 1 1 11 1 2 7 2 2 11 1 3 8 1 3 9 2 4 9 1 4 12 1 4 13 1 5 11 1 5 13 1 6 10 1 6 12 1 7 12 1 8 13 1
R 2724 42 63 6 249 3 4 5 5 2 0 3 1 5 1 2 0 3 4 5 1 2 3 1 0 2 2 5 1 0 2 3 4 2 1 1 0 3 3 5 0 2 0 4 0 3 1 0 1 2 3 4 1 0 4 2 4 3 5 0 1 2 4 5 5 4 3 5 | 14 19  0 5 1 0 8 1 0 10 1 1 6 1 1 10 1 1 11 1 2 7 2 2 11 1 3 8 1 3 9 2 4 9 1 4 12 1 4 13 1 5 11 1 5 13 1 6 10 1 6 13 1 7 12 1 8 12 1
R 2725 42 63 NOT6 B chi=7 | 14 19  0 5 1 0 8 1 0 10 1 1 6 1 1 10 1 1 11 1 2 7 2 2 12 1 3 8 1 3 9 2 4 9 1 4 11 1 4 13 1 5 11 1 5 12 1 6 10 1 6 13 1 7 12 1 8 13 1
R 2726 42 63 NOT6 B chi=7 | 14 19  0 5 1 0 8 1 0 10 1 1 6 1 1 10 1 1 11 1 2 7 2 2 12 1 3 8 1 3 9 1 3 13 1 4 9 2 4 11 1 5 11 1 5 13 1 6 10 1 6 12 1 7 12 1 8 13 1
R 2727 42 63 NOT6 B chi=7 | 14 19  0 5 1 0 8 1 0 10 1 1 6 1 1 10 1 1 11 1 2 7 2 2 12 1 3 8 1 3 9 2 4 9 1 4 11 1 4 13 1 5 11 1 5 13 1 6 10 1 6 12 1 7 12 1 8 13 1
R 2728 42 63 6 413 1 2 3 5 0 1 2 3 0 0 4 1 2 3 4 3 4 5 2 1 3 1 0 2 0 2 1 3 4 0 3 4 5 2 5 1 2 0 4 0 1 3 0 4 5 4 2 3 5 1 4 3 2 5 1 0 5 1 2 0 5 3 4 | 14 19  0 5 1 0 8 2 1 6 1 1 10 1 1 11 1 2 7 1 2 10 1 2 11 1 3 8 1 3 9 2 4 9 1 4 11 1 4 13 1 5 12 1 5 13 1 6 10 1 6 12 1 7 12 1 7 13 1
R 2729 42 63 6 220 3 1 2 5 2 4 2 3 0 0 2 3 4 1 5 0 2 1 4 0 3 4 0 2 3 4 5 5 1 2 3 2 1 1 0 4 4 0 1 4 0 1 4 5 0 1 0 3 1 4 5 1 4 5 0 3 2 3 5 2 5 3 2 | 14 19  0 5 2 0 8 1 1 6 1 1 10 1 1 11 1 2 7 1 2 10 1 2 11 1 3 8 1 3 9 1 3 13 1 4 9 2 4 11 1 5 12 1 6 10 1 6 12 1 7 12 1 7 13 1 8 13 1
R 2730 42 63 6 57772 3 4 5 3 0 5 2 1 0 1 2 0 3 4 1 1 2 3 2 5 4 4 0 2 0 2 3 1 4 5 1 0 5 2 1 3 2 5 0 0 1 4 0 1 2 1 2 4 5 4 3 4 5 3 0 2 5 4 5 3 0 1 3 | 14 19  0 5 1 0 8 1 0 13 1 1 6 1 1 10 1 1 11 1 2 7 1 2 10 1 2 12 1 3 8 2 3 9 1 4 9 2 4 11 1 5 12 1 5 13 1 6 10 1 6 11 1 7 12 1 7 13 1
R 2731 42 63 6 64 1 2 3 1 5 4 2 3 0 0 4 1 2 3 4 3 4 5 2 3 1 1 0 2 0 2 1 3 4 0 3 0 4 1 2 5 2 5 0 0 1 3 0 4 5 0 2 3 5 1 4 3 2 5 1 0 5 1 2 5 4 3 4 | 14 19  0 5 1 0 8 2 1 6 1 1 10 1 1 11 1 2 7 1 2 10 1 2 12 1 3 8 1 3 9 2 4 9 1 4 11 1 4 13 1 5 12 1 5 13 1 6 10 1 6 11 1 7 12 1 7 13 1
R 2732 42 63 6 194 3 1 2 4 5 2 3 5 0 0 2 3 4 2 1 0 2 1 3 1 4 4 0 2 3 4 5 1 2 0 1 0 2 4 3 5 4 1 0 4 0 1 4 5 0 0 3 1 1 4 2 1 4 5 3 5 0 3 5 2 5 3 2 | 14 19  0 5 2 0 8 1 1 6 1 1 10 1 1 11 1 2 7 1 2 10 1 2 12 1 3 8 1 3 9 1 3 13 1 4 9 2 4 11 1 5 12 1 6 10 1 6 11 1 7 12 1 7 13 1 8 13 1
R 2733 42 63 6 72 1 2 3 2 5 4 1 3 0 0 4 1 2 4 3 3 4 5 1 3 2 0 2 1 0 2 1 3 4 0 3 0 4 2 1 5 0 3 2 1 5 0 0 4 5 0 1 3 5 2 4 3 2 5 1 5 0 1 2 5 4 4 3 | 14 19  0 5 1 0 8 2 1 6 1 1 10 1 1 11 1 2 7 1 2 10 1 2 13 1 3 8 1 3 9 1 3 12 1 4 9 2 4 11 1 5 12 1 5 13 1 6 10 1 6 11 1 7 12 1 7 13 1
R 2734 42 63 6 23612 3 1 2 1 3 5 2 5 0 0 2 3 5 2 1 0 2 1 2 0 3 0 1 3 3 4 5 1 2 3 3 0 4 4 2 5 0 1 5 4 1 0 4 5 0 4 2 0 4 1 3 1 5 4 0 4 3 3 5 1 2 5 2 | 14 19  0 5 2 0 8 1 1 6 1 1 10 1 1 11 1 2 7 1 2 10 1 2 13 1 3 8 1 3 9 1 3 12 1 4 9 2 4 11 1 5 12 1 6 10 1 6 11 1 7 12 1 7 13 1 8 13 1
R 2735 42 63 6 133 3 4 5 0 1 5 3 4 2 1 2 0 3 4 0 1 2 3 4 2 1 0 2 4 0 2 4 1 5 0 1 2 3 4 3 5 2 1 0 0 1 4 0 1 2 3 4 2 1 5 0 3 5 4 2 1 5 4 5 5 0 3 3 | 14 19  0 5 1 0 8 1 0 13 1 1 6 1 1 10 1 1 11 1 2 7 2 2 10 1 3 8 2 3 9 1 4 9 1 4 11 1 4 12 1 5 12 1 5 13 1 6 10 1 6 11 1 7 12 1 9 13 1
R 2736 42 63 6 60 1 2 3 2 5 4 3 1 0 0 4 2 1 4 3 3 4 5 1 3 2 2 0 1 0 2 1 3 1 0 3 0 4 2 1 5 0 2 4 0 5 3 0 4 5 0 1 3 4 5 2 3 5 1 2 0 5 1 2 5 4 3 4 | 14 19  0 5 1 0 8 2 1 6 1 1 10 1 1 11 1 2 7 2 2 10 1 3 8 1 3 9 1 3 13 1 4 9 1 4 11 1 4 12 1 5 12 1 5 13 1 6 10 1 6 11 1 7 12 1 9 13 1
R 2737 42 63 6 65 3 1 2 0 5 4 5 3 1 0 2 3 2 3 0 0 2 1 2 4 3 0 1 3 3 4 5 1 2 0 2 1 4 3 1 5 4 2 0 0 4 1 4 5 0 1 3 2 2 4 0 1 4 5 5 4 1 3 5 0 5 2 3 | 14 19  0 5 2 0 8 1 1 6 1 1 10 1 1 11 1 2 7 2 2 10 1 3 8 1 3 9 1 3 13 1 4 9 1 4 11 1 4 12 1 5 12 1 6 10 1 6 11 1 7 12 1 8 13 1 9 13 1
R 2738 42 63 6 10525 1 2 4 2 4 1 0 5 4 0 3 1 5 2 4 3 4 5 0 1 2 3 2 0 0 2 1 4 2 3 3 4 1 0 2 1 5 4 0 0 1 3 0 3 5 3 0 5 1 2 3 4 5 2 0 1 3 1 2 5 4 4 5 | 14 19  0 5 1 0 8 2 1 6 1 1 10 1 1 11 1 2 7 1 2 10 1 2 11 1 3 8 1 3 9 1 3 12 1 4 9 2 4 12 1 5 12 1 5 13 1 6 10 1 6 13 1 7 11 1 7 13 1
R 2739 42 63 6 145 1 2 3 1 4 5 3 2 0 0 4 1 2 3 4 3 4 5 2 0 1 1 0 2 0 2 1 3 4 0 2 3 4 1 0 5 0 3 2 1 5 3 0 4 5 3 0 2 5 1 4 3 2 5 1 5 0 1 2 5 4 3 4 | 14 19  0 5 1 0 8 2 1 6 1 1 10 1 1 11 1 2 7 1 2 10 1 2 11 1 3 8 1 3 9 2 4 9 1 4 12 1 4 13 1 5 12 1 5 13 1 6 10 1 6 12 1 7 11 1 7 13 1
R 2740 42 63 6 347 3 1 2 2 0 1 2 3 5 0 2 3 4 1 5 0 2 1 5 4 0 1 0 2 3 4 5 5 1 0 3 4 1 2 3 0 4 2 5 4 0 1 4 5 0 3 5 4 4 0 1 1 4 5 2 3 0 3 2 1 5 3 2 | 14 19  0 5 2 0 8 1 1 6 1 1 10 1 1 11 1 2 7 1 2 10 1 2 11 1 3 8 1 3 9 1 3 13 1 4 9 2 4 12 1 5 12 1 6 10 1 6 12 1 7 11 1 7 13 1 8 13 1
R 2741 42 63 6 272 3 4 5 3 4 5 5 1 2 1 2 0 3 4 0 1 2 3 0 2 4 4 2 1 0 2 4 1 5 0 0 1 3 2 3 4 2 1 0 0 1 4 0 1 2 1 2 0 0 3 4 3 5 4 2 1 5 4 5 5 3 5 3 | 14 19  0 5 1 0 8 1 0 13 1 1 6 1 1 10 1 1 11 1 2 7 2 2 10 1 3 8 2 3 9 1 4 9 1 4 11 1 4 12 1 5 12 1 5 13 1 6 10 1 6 12 1 7 11 1 9 13 1
R 2742 42 63 6 183 1 2 3 1 3 5 3 0 4 0 4 2 1 4 3 3 4 5 2 0 1 1 4 0 0 2 1 3 1 0 2 4 3 4 1 5 0 2 4 0 5 3 0 4 5 4 0 2 2 5 1 3 5 1 2 0 5 1 2 5 3 3 4 | 14 19  0 5 1 0 8 2 1 6 1 1 10 1 1 11 1 2 7 2 2 10 1 3 8 1 3 9 1 3 13 1 4 9 1 4 11 1 4 12 1 5 12 1 5 13 1 6 10 1 6 12 1 7 11 1 9 13 1
R 2743 42 63 6 109 1 2 3 2 4 5 3 1 0 0 4 1 2 3 4 3 4 5 1 0 2 0 2 1 0 2 1 3 4 0 1 3 4 3 2 5 2 5 0 0 1 3 0 4 5 3 0 1 5 2 4 3 2 5 1 0 5 1 2 5 4 4 3 | 14 19  0 5 1 0 8 2 1 6 1 1 10 1 1 11 1 2 7 1 2 10 1 2 12 1 3 8 1 3 9 2 4 9 1 4 11 1 4 13 1 5 12 1 5 13 1 6 10 1 6 13 1 7 11 1 7 12 1
R 2744 42 63 6 103 3 1 2 2 3 5 0 1 3 0 2 3 4 1 5 0 2 1 1 0 2 2 3 0 3 4 5 5 1 2 1 3 4 0 4 3 0 2 4 4 0 1 4 5 0 4 0 1 4 2 5 1 4 5 0 3 2 3 5 3 5 1 2 | 14 19  0 5 2 0 8 1 1 6 1 1 10 1 1 11 1 2 7 1 2 10 1 2 12 1 3 8 1 3 9 1 3 13 1 4 9 2 4 11 1 5 12 1 6 10 1 6 13 1 7 11 1 7 12 1 8 13 1
R 2745 42 63 6 393 3 1 2 1 2 0 2 3 5 0 4 3 1 2 5 0 2 1 3 0 1 5 4 3 3 4 1 0 2 3 4 2 0 4 1 0 0 2 5 3 1 4 4 5 0 4 3 5 0 1 4 2 5 1 4 3 0 3 5 2 2 1 5 | 14 19  0 5 2 0 8 1 1 6 1 1 10 1 1 11 1 2 7 1 2 10 1 2 12 1 3 8 2 3 9 1 4 9 1 4 11 1 4 13 1 5 12 1 6 10 1 6 13 1 7 11 1 7 12 1 9 13 1
R 2746 42 63 6 132 1 2 3 4 0 5 1 0 2 0 4 1 2 3 4 3 4 5 1 2 5 2 4 0 0 2 1 3 4 0 3 2 4 3 4 5 0 2 3 1 3 0 0 4 5 3 1 2 3 5 4 3 2 5 1 0 5 1 2 0 4 1 5 | 14 19  0 5 1 0 8 2 1 6 1 1 10 1 1 11 1 2 7 1 2 10 1 2 13 1 3 8 1 3 9 2 4 9 1 4 11 1 4 13 1 5 12 1 5 13 1 6 10 1 6 12 1 7 11 1 7 12 1
R 2747 42 63 6 367 3 1 2 1 4 5 1 0 2 0 2 3 4 1 2 0 2 1 5 3 4 2 3 0 3 4 5 2 1 5 4 2 0 0 3 4 0 4 1 4 1 0 4 5 0 0 3 2 4 5 3 1 4 5 0 3 5 3 1 2 1 5 2 | 14 19  0 5 2 0 8 1 1 6 1 1 10 1 1 11 1 2 7 1 2 10 1 2 13 1 3 8 1 3 9 1 3 13 1 4 9 2 4 11 1 5 12 1 6 10 1 6 12 1 7 11 1 7 12 1 8 13 1
R 2748 42 63 6 82627 1 2 3 3 0 5 2 0 1 0 4 1 2 3 4 3 4 5 2 1 0 3 1 2 0 2 1 3 4 0 0 1 4 2 4 5 3 2 0 1 5 3 0 4 5 4 2 1 5 3 4 3 2 5 1 5 0 1 2 5 3 0 4 | 14 19  0 5 1 0 8 2 1 6 1 1 10 1 1 11 1 2 7 1 2 10 1 2 12 1 3 8 1 3 9 2 4 9 1 4 12 1 4 13 1 5 12 1 5 13 1 6 10 1 6 11 1 7 11 1 7 13 1
R 2749 42 63 6 907 3 1 2 3 5 4 2 3 0 0 2 3 4 1 5 0 2 1 2 1 5 1 0 2 3 4 5 5 1 0 1 0 3 2 0 4 2 5 4 4 0 1 4 5 0 0 2 1 4 5 1 1 4 5 2 3 0 3 4 3 5 3 2 | 14 19  0 5 2 0 8 1 1 6 1 1 10 1 1 11 1 2 7 1 2 10 1 2 12 1 3 8 1 3 9 1 3 13 1 4 9 2 4 12 1 5 12 1 6 10 1 6 11 1 7 11 1 7 13 1 8 13 1
R 2750 42 63 6 10614 1 2 4 3 5 1 5 1 2 0 3 1 5 2 4 3 4 5 4 1 0 3 2 4 0 2 1 4 2 3 0 2 1 4 2 5 5 4 0 0 3 1 0 3 5 2 4 0 0 3 4 4 5 2 0 1 3 1 2 5 3 1 5 | 14 19  0 5 1 0 8 2 1 6 1 1 10 1 1 11 1 2 7 1 2 10 1 2 13 1 3 8 1 3 9 1 3 12 1 4 9 2 4 12 1 5 12 1 5 13 1 6 10 1 6 11 1 7 11 1 7 13 1
R 2751 42 63 6 115 3 1 2 1 5 4 0 2 3 0 2 3 4 2 1 0 2 1 3 2 5 3 4 0 3 4 5 1 2 0 0 2 1 1 0 4 3 5 4 1 0 3 4 5 0 0 3 2 1 5 4 1 4 5 3 5 0 3 4 1 2 5 2 | 14 19  0 5 2 0 8 1 1 6 1 1 10 1 1 11 1 2 7 1 2 11 1 2 13 1 3 8 1 3 9 1 3 10 1 4 9 2 4 12 1 5 11 1 6 10 1 6 12 1 7 12 1 7 13 1 8 13 1
R 2752 42 63 6 153 1 2 3 5 0 1 4 0 2 0 4 1 2 4 3 3 4 5 2 3 0 3 2 5 0 2 1 3 4 0 0 4 3 5 4 2 1 0 2 1 4 3 0 4 5 4 2 3 1 3 5 3 2 5 1 5 0 1 2 1 5 4 0 | 14 19  0 5 1 0 8 2 1 6 1 1 10 1 1 11 1 2 7 1 2 12 1 2 13 1 3 8 1 3 9 1 3 10 1 4 9 2 4 11 1 5 11 1 5 13 1 6 10 1 6 12 1 7 12 1 7 13 1
R 2753 42 63 6 72 1 2 3 3 2 4 2 0 1 0 4 1 2 4 3 3 4 5 0 1 2 1 3 0 0 2 1 3 4 0 2 1 3 0 3 4 5 4 2 0 1 4 0 4 5 5 0 1 4 5 3 3 2 5 1 5 0 1 2 4 3 2 5 | 14 19  0 5 1 0 8 2 1 6 1 1 10 1 1 11 1 2 7 1 2 11 1 2 12 1 3 8 1 3 9 1 3 10 1 4 9 2 4 12 1 5 12 1 5 13 1 6 10 1 6 13 1 7 11 1 7 13 1
R 2754 42 63 6 193 1 2 3 4 5 3 4 1 0 0 4 1 2 4 0 3 4 5 3 1 5 2 0 1 0 2 1 3 4 0 5 2 4 4 1 3 0 3 2 0 1 3 0 4 5 2 1 0 3 5 2 3 2 5 1 3 5 1 2 0 4 4 5 | 14 19  0 5 1 0 8 2 1 6 1 1 10 1 1 11 1 2 7 2 2 11 1 3 8 1 3 9 1 3 12 1 4 9 1 4 10 1 4 11 1 5 12 1 5 13 1 6 10 1 6 13 1 7 12 1 9 13 1
R 2755 42 63 6 96 1 2 3 3 5 4 0 2 1 0 4 1 2 3 0 3 4 5 2 0 4 1 3 2 0 2 1 3 4 0 1 0 3 2 1 4 2 0 5 3 5 1 0 4 5 1 2 0 5 3 4 3 2 5 1 4 5 1 2 5 3 4 0 | 14 19  0 5 1 0 8 2 1 6 1 1 10 1 1 11 1 2 7 1 2 11 1 2 13 1 3 8 1 3 9 2 4 9 1 4 10 1 4 11 1 5 12 1 5 13 1 6 10 1 6 12 1 7 12 1 7 13 1
R 2756 42 63 6 698 1 2 3 3 5 4 3 1 2 0 4 2 1 4 0 3 4 5 1 4 3 4 2 1 0 2 1 3 1 0 2 0 4 0 1 3 0 4 5 0 5 3 0 4 5 0 1 2 0 5 4 3 5 1 2 3 5 1 2 5 2 3 4 | 14 19  0 5 1 0 8 2 1 6 1 1 10 1 1 11 1 2 7 2 2 11 1 3 8 1 3 9 1 3 13 1 4 9 1 4 10 1 4 11 1 5 12 1 5 13 1 6 10 1 6 12 1 7 12 1 9 13 1
R 2757 42 63 6 124 3 1 2 1 5 4 1 3 4 0 2 3 2 3 0 0 2 1 2 3 1 5 4 3 3 4 5 1 2 0 3 0 4 0 1 2 0 5 2 0 4 1 4 5 0 0 2 3 0 2 5 1 4 5 5 1 4 3 5 4 1 2 3 | 14 19  0 5 2 0 8 1 1 6 1 1 10 1 1 11 1 2 7 2 2 11 1 3 8 1 3 9 1 3 13 1 4 9 1 4 10 1 4 11 1 5 12 1 6 10 1 6 12 1 7 12 1 8 13 1 9 13 1
R 2758 42 63 6 82 1 2 3 1 4 5 3 0 2 0 4 2 0 4 3 3 4 5 2 0 1 4 2 0 0 2 1 1 4 3 2 3 4 3 0 1 4 2 5 0 5 3 0 4 5 3 0 2 1 5 4 3 5 1 2 1 5 1 2 5 4 3 0 | 14 19  0 5 1 0 8 2 1 6 1 1 10 1 1 11 1 2 7 2 2 11 1 3 8 1 3 9 1 3 13 1 4 9 1 4 10 1 4 11 1 5 12 1 5 13 1 6 10 1 6 13 1 7 12 1 9 12 1
R 2759 42 63 NOT6 B chi=7 | 14 19  0 5 1 0 8 1 0 13 1 1 6 1 1 10 1 1 11 1 2 7 2 2 12 1 3 8 2 3 9 1 4 9 1 4 10 1 4 11 1 5 11 1 5 12 1 6 10 1 6 13 1 7 12 1 9 13 1
R 2760 42 63 NOT6 B chi=7 | 14 19  0 5 1 0 8 1 0 13 1 1 6 1 1 10 1 1 11 1 2 7 2 2 12 1 3 8 1 3 9 2 4 9 1 4 10 1 4 11 1 5 11 1 5 13 1 6 10 1 6 12 1 7 12 1 8 13 1
R 2761 42 63 NOT6 B chi=7 | 14 19  0 5 1 0 8 1 0 13 1 1 6 1 1 10 1 1 11 1 2 7 2 2 12 1 3 8 2 3 9 1 4 9 1 4 10 1 4 11 1 5 11 1 5 13 1 6 10 1 6 12 1 7 12 1 9 13 1
R 2762 42 63 NOT6 B chi=7 | 14 19  0 5 1 0 8 1 0 12 1 1 6 1 1 10 1 1 11 1 2 7 2 2 12 1 3 8 1 3 9 2 4 9 1 4 10 1 4 13 1 5 11 1 5 13 1 6 10 1 6 11 1 7 12 1 8 13 1
R 2763 42 63 6 274 1 2 3 2 1 0 4 0 2 0 4 1 2 4 3 3 4 5 0 4 1 3 2 5 0 2 1 3 4 0 1 3 2 4 3 0 0 1 2 1 4 3 0 4 5 3 4 5 1 3 5 3 2 5 1 5 0 1 2 5 2 4 0 | 14 19  0 5 1 0 8 2 1 6 1 1 10 1 1 11 1 2 7 1 2 12 1 2 13 1 3 8 1 3 9 1 3 12 1 4 9 2 4 10 1 5 11 1 5 13 1 6 10 1 6 11 1 7 12 1 7 13 1
R 2764 42 63 NOT6 B chi=7 | 14 19  0 5 2 0 8 1 1 6 1 1 10 1 1 11 1 2 7 2 2 12 1 3 8 1 3 9 1 3 12 1 4 9 1 4 10 1 4 13 1 5 11 1 6 10 1 6 11 1 7 12 1 8 13 1 9 13 1
R 2765 42 63 6 170 1 2 3 3 1 4 4 0 2 0 4 1 2 3 0 3 4 5 4 2 1 3 2 5 0 2 1 3 4 0 1 0 3 2 0 4 1 0 2 1 4 3 0 4 5 0 2 5 1 3 5 3 2 5 1 4 5 1 2 5 3 4 0 | 14 19  0 5 1 0 8 2 1 6 1 1 10 1 1 11 1 2 7 1 2 12 1 2 13 1 3 8 1 3 9 2 4 9 1 4 10 1 4 12 1 5 11 1 5 13 1 6 10 1 6 11 1 7 12 1 7 13 1
R 2766 42 63 NOT6 B chi=7 | 14 19  0 5 1 0 8 1 0 13 1 1 6 1 1 10 1 1 11 1 2 7 2 2 12 1 3 8 2 3 9 1 4 9 1 4 10 1 4 12 1 5 11 1 5 13 1 6 10 1 6 11 1 7 12 1 9 13 1
R 2767 42 63 NOT6 B chi=7 | 14 19  0 5 1 0 8 2 1 6 1 1 10 1 1 11 1 2 7 2 2 12 1 3 8 1 3 9 1 3 13 1 4 9 1 4 10 1 4 12 1 5 11 1 5 13 1 6 10 1 6 11 1 7 12 1 9 13 1
R 2768 42 63 6 70 3 1 2 3 5 4 3 5 4 0 4 3 1 2 0 0 2 1 1 2 3 2 1 5 3 4 1 0 2 3 2 0 4 0 1 5 1 0 3 2 0 4 4 5 0 0 1 2 0 2 1 2 5 1 4 3 5 3 5 4 4 3 5 | 14 19  0 5 2 0 8 1 1 6 1 1 10 1 1 11 1 2 7 1 2 12 1 2 13 1 3 8 2 3 9 1 4 9 1 4 10 1 4 12 1 5 11 1 6 10 1 6 11 1 7 12 1 7 13 1 9 13 1
R 2769 42 63 NOT6 B chi=7 | 14 19  0 5 2 0 8 1 1 6 1 1 10 1 1 11 1 2 7 2 2 12 1 3 8 1 3 9 1 3 13 1 4 9 1 4 10 1 4 12 1 5 11 1 6 10 1 6 11 1 7 12 1 8 13 1 9 13 1
R 2770 42 63 6 352 3 4 5 0 1 2 3 4 1 1 2 5 3 0 2 1 2 3 3 5 0 2 1 4 0 2 3 2 0 1 1 0 4 0 4 3 2 0 5 1 3 4 0 1 2 4 3 5 0 5 2 4 3 0 4 5 1 4 5 1 2 3 5 | 14 19  0 5 1 0 8 1 0 10 1 1 6 1 1 10 1 1 11 1 2 7 2 2 11 1 3 8 1 3 9 1 3 13 1 4 9 2 4 11 1 5 12 1 5 13 1 6 12 1 6 13 1 7 12 1 8 10 1
R 2771 42 63 6 1632 3 4 5 0 4 2 2 0 1 1 2 3 0 4 5 1 2 3 3 1 2 5 1 0 0 2 3 4 2 1 1 0 4 3 0 2 4 3 5 1 3 0 0 1 2 5 3 1 3 4 5 4 0 5 3 1 2 4 5 0 4 2 5 | 14 19  0 5 1 0 8 1 0 10 1 1 6 1 1 10 1 1 11 1 2 7 2 2 11 1 3 8 1 3 9 2 4 9 1 4 12 1 4 13 1 5 11 1 5 13 1 6 12 1 6 13 1 7 12 1 8 10 1
R 2772 42 63 6 244 3 4 5 0 1 2 3 4 5 1 2 0 3 4 2 1 2 3 3 5 0 0 5 4 0 2 3 4 2 1 1 0 4 3 4 2 0 1 2 0 3 4 0 1 2 4 3 5 1 2 0 4 3 5 0 5 1 4 5 1 2 3 5 | 14 19  0 5 1 0 8 1 0 10 1 1 6 1 1 10 1 1 11 1 2 7 2 2 11 1 3 8 1 3 9 2 4 9 1 4 12 1 4 13 1 5 12 1 5 13 1 6 11 1 6 13 1 7 12 1 8 10 1
R 2773 42 63 NOT6 B chi=7 | 14 19  0 5 1 0 8 1 0 10 1 1 6 1 1 10 1 1 11 1 2 7 2 2 12 1 3 8 1 3 9 2 4 9 1 4 12 1 4 13 1 5 11 1 5 13 1 6 11 1 6 13 1 7 12 1 8 10 1
R 2774 42 63 NOT6 B chi=7 | 14 19  0 5 1 0 8 1 0 10 1 1 6 1 1 10 1 1 13 1 2 7 2 2 12 1 3 8 1 3 9 2 4 9 1 4 11 1 4 13 1 5 11 1 5 12 1 6 11 1 6 13 1 7 12 1 8 10 1
R 2775 42 63 NOT6 B chi=7 | 14 19  0 5 1 0 8 1 0 10 1 1 6 1 1 10 1 1 11 1 2 7 2 2 11 1 3 8 1 3 9 1 3 13 1 4 9 2 4 12 1 5 12 1 5 13 1 6 12 1 6 13 1 7 11 1 8 10 1
R 2776 42 63 NOT6 B chi=7 | 14 19  0 5 1 0 8 1 0 10 1 1 6 2 1 11 1 2 7 2 2 12 1 3 8 1 3 9 1 3 11 1 4 9 1 4 10 1 4 13 1 5 11 1 5 13 1 6 12 1 7 12 1 8 10 1 9 13 1
R 2777 42 63 NOT6 B chi=7 | 14 19  0 5 1 0 8 1 0 11 1 1 6 2 1 11 1 2 7 2 2 12 1 3 8 1 3 9 1 3 10 1 4 9 1 4 10 1 4 13 1 5 11 1 5 13 1 6 12 1 7 12 1 8 10 1 9 13 1
R 2778 42 63 NOT6 B chi=7 | 14 18  0 5 1 0 8 1 0 11 1 1 6 1 1 10 2 2 7 2 2 12 1 3 8 1 3 9 2 4 10 1 4 11 1 4 13 1 5 9 1 5 11 1 6 12 1 6 13 1 7 12 1 8 13 1
R 2779 42 63 NOT6 B chi=7 | 14 18  0 5 1 0 8 1 0 11 1 1 6 1 1 10 1 1 12 1 2 7 2 2 12 1 3 8 2 3 9 1 4 10 1 4 11 1 4 13 1 5 9 2 6 11 1 6 13 1 7 12 1 10 13 1
R 2780 42 63 6 347 3 4 5 2 5 3 4 0 3 1 0 4 0 1 2 1 2 3 1 0 2 2 3 1 4 0 3 2 1 0 4 5 2 1 0 3 4 2 5 0 1 3 0 1 2 4 0 1 5 2 1 2 5 3 3 5 4 4 5 3 5 4 0 | 14 18  0 5 1 0 8 1 0 13 1 1 6 1 1 10 2 2 7 1 2 11 1 2 12 1 3 8 2 3 9 1 4 10 1 4 11 1 4 13 1 5 9 2 6 12 1 6 13 1 7 11 1 7 12 1
R 2781 42 63 6 76 3 4 5 3 5 4 1 5 2 1 0 4 2 0 1 1 2 3 1 4 3 2 3 4 4 0 3 2 1 0 1 0 4 3 0 5 0 1 3 4 0 2 0 1 2 0 2 1 0 4 3 2 5 3 3 4 5 4 5 5 2 5 1 | 14 19  0 5 1 0 8 1 0 12 1 1 6 1 1 10 1 1 11 1 2 7 1 2 12 1 2 13 1 3 8 2 3 9 1 4 10 1 4 11 1 4 13 1 5 9 2 6 10 1 6 11 1 7 12 1 7 13 1
R 2782 42 63 NOT6 B chi=7 | 14 19  0 5 1 0 8 1 0 12 1 1 6 1 1 10 1 1 11 1 2 7 2 2 12 1 3 8 1 3 9 2 4 10 1 4 11 1 4 13 1 5 9 1 5 13 1 6 10 1 6 11 1 7 12 1 8 13 1
R 2783 42 63 6 180 1 2 3 2 3 4 2 0 1 0 4 1 0 2 3 3 4 5 1 4 3 5 1 2 0 2 1 0 3 4 2 0 4 3 0 4 2 1 0 1 4 3 0 4 5 0 1 5 4 5 3 3 2 5 1 4 5 1 2 2 5 3 0 | 14 20  0 5 1 0 8 2 1 6 1 1 9 1 1 10 1 2 7 1 2 9 1 2 10 1 3 8 1 3 9 1 3 11 1 4 11 1 4 12 1 4 13 1 5 10 1 5 13 1 6 11 1 6 12 1 7 12 1 7 13 1
R 2784 42 63 NOT6 B chi=7 | 14 20  0 5 1 0 8 1 0 9 1 1 6 1 1 9 1 1 10 1 2 7 2 2 12 1 3 8 1 3 10 1 3 12 1 4 9 1 4 11 1 4 13 1 5 10 1 5 11 1 6 11 1 6 13 1 7 12 1 8 13 1
R 2785 42 63 NOT6 B chi=7 | 14 20  0 5 1 0 8 1 0 9 1 1 6 1 1 9 1 1 12 1 2 7 2 2 12 1 3 8 1 3 10 1 3 13 1 4 9 1 4 10 1 4 11 1 5 10 1 5 11 1 6 11 1 6 13 1 7 12 1 8 13 1
R 2786 42 63 NOT6 B chi=7 | 14 20  0 5 1 0 8 1 0 9 1 1 6 1 1 9 1 1 13 1 2 7 2 2 12 1 3 8 1 3 10 1 3 12 1 4 9 1 4 10 1 4 11 1 5 10 1 5 11 1 6 11 1 6 13 1 7 12 1 8 13 1
R 2787 42 63 6 399 1 2 3 0 1 2 1 4 5 0 4 2 3 0 1 3 4 5 2 4 5 2 0 1 0 2 1 3 1 2 0 3 1 4 0 3 4 3 2 0 5 3 0 4 5 3 5 4 3 0 2 3 5 1 4 2 5 1 2 1 0 5 4 | 14 20  0 5 1 0 8 2 1 6 1 1 9 1 1 10 1 2 7 1 2 9 1 2 10 1 3 8 1 3 10 1 3 13 1 4 9 1 4 11 1 4 12 1 5 12 1 5 13 1 6 11 1 6 12 1 7 11 1 7 13 1
R 2788 42 63 6 193 1 2 3 3 5 4 2 0 1 0 4 2 2 0 1 3 4 5 0 4 5 4 1 2 0 2 1 0 1 4 2 1 3 4 3 1 2 4 0 5 0 3 0 4 5 1 2 0 3 5 4 3 5 1 3 5 4 1 2 2 3 0 5 | 14 20  0 5 1 0 8 2 1 6 1 1 9 1 1 10 1 2 7 1 2 9 1 2 10 1 3 8 1 3 10 1 3 13 1 4 9 1 4 11 1 4 13 1 5 12 1 5 13 1 6 11 1 6 12 1 7 11 1 7 12 1
R 2789 42 63 6 192 3 1 2 5 2 3 0 2 4 0 2 3 0 1 2 0 2 1 1 0 3 4 3 5 3 4 5 1 2 3 1 0 2 0 5 4 4 0 1 4 3 1 4 5 0 4 0 1 1 5 3 1 4 5 4 3 5 3 5 2 2 0 2 | 14 20  0 5 2 0 8 1 1 6 1 1 9 1 1 11 1 2 7 1 2 9 1 2 10 1 3 8 1 3 10 1 3 12 1 4 9 1 4 12 1 4 13 1 5 11 1 6 10 1 6 11 1 7 12 1 7 13 1 8 13 1
R 2790 42 63 6 85 3 4 5 2 3 4 0 3 4 1 2 0 1 3 2 1 2 3 1 4 2 4 5 0 0 2 3 3 0 2 1 0 4 2 1 0 4 3 1 0 1 4 0 1 2 0 1 5 1 5 2 4 5 3 4 0 5 4 5 5 3 2 3 | 14 20  0 5 1 0 8 1 0 13 1 1 6 1 1 9 1 1 11 1 2 7 1 2 9 1 2 10 1 3 8 2 3 10 1 4 9 1 4 12 1 4 13 1 5 11 1 5 12 1 6 10 1 6 11 1 7 12 1 7 13 1
R 2791 42 63 6 76 1 2 3 0 2 1 1 4 5 0 4 2 4 3 0 3 4 5 1 3 2 2 0 1 0 2 1 3 5 2 1 0 3 1 3 4 4 0 2 0 5 3 0 4 5 5 4 3 3 0 2 3 5 1 1 2 5 1 2 4 0 5 4 | 14 20  0 5 1 0 8 2 1 6 1 1 9 1 1 12 1 2 7 1 2 9 1 2 10 1 3 8 1 3 10 1 3 13 1 4 9 1 4 11 1 4 12 1 5 12 1 5 13 1 6 10 1 6 11 1 7 11 1 7 13 1
R 2792 42 63 6 456 1 2 3 3 1 4 2 3 1 0 4 2 2 0 1 3 4 5 4 2 5 0 1 5 0 2 1 0 1 4 4 2 1 0 3 4 0 2 4 5 0 3 0 4 5 0 2 5 4 5 0 3 5 1 3 5 4 1 2 3 1 2 3 | 14 20  0 5 1 0 8 2 1 6 1 1 9 1 1 12 1 2 7 1 2 9 1 2 10 1 3 8 1 3 10 1 3 13 1 4 9 1 4 11 1 4 13 1 5 12 1 5 13 1 6 10 1 6 11 1 7 11 1 7 12 1
R 2793 42 63 6 202 1 2 3 1 4 5 1 4 0 0 4 2 2 3 5 3 4 5 5 0 1 2 0 1 0 2 1 3 4 5 1 2 0 1 2 4 2 0 3 0 5 3 0 4 5 2 0 3 3 2 5 3 5 1 1 4 0 1 2 3 4 5 4 | 14 20  0 5 1 0 8 2 1 6 1 1 9 1 1 11 1 2 7 1 2 9 1 2 10 1 3 8 1 3 11 1 3 13 1 4 9 1 4 10 1 4 11 1 5 12 1 5 13 1 6 10 1 6 12 1 7 12 1 7 13 1
R 2794 42 63 6 230 1 2 3 4 5 3 1 4 0 0 4 2 5 0 1 3 4 5 3 2 5 2 0 1 0 2 1 5 1 4 3 1 0 1 4 3 2 3 0 0 5 3 0 4 5 1 0 2 3 2 5 3 5 1 3 2 4 1 2 4 0 5 4 | 14 20  0 5 1 0 8 2 1 6 1 1 9 1 1 11 1 2 7 1 2 9 1 2 10 1 3 8 1 3 11 1 3 13 1 4 9 1 4 10 1 4 12 1 5 12 1 5 13 1 6 10 1 6 11 1 7 12 1 7 13 1
R 2795 42 63 6 127 1 2 3 1 4 5 2 4 3 0 4 2 0 5 1 3 4 5 2 0 1 1 3 2 0 2 1 4 3 1 2 0 3 1 0 3 2 4 0 0 5 3 0 4 5 3 0 2 0 5 1 3 5 1 2 4 3 1 2 5 4 4 5 | 14 20  0 5 1 0 8 2 1 6 1 1 9 1 1 11 1 2 7 1 2 9 1 2 10 1 3 8 1 3 11 1 3 13 1 4 9 1 4 10 1 4 12 1 5 12 1 5 13 1 6 10 1 6 13 1 7 11 1 7 12 1
R 2796 42 63 6 64 1 2 3 3 5 4 1 4 2 0 4 2 2 0 1 3 4 5 0 4 5 0 2 1 0 2 1 0 1 4 3 1 4 1 2 3 2 4 0 5 0 3 0 4 5 1 2 0 3 5 0 3 5 1 3 5 4 1 2 2 3 4 5 | 14 20  0 5 1 0 8 2 1 6 1 1 9 1 1 11 1 2 7 1 2 9 1 2 10 1 3 8 1 3 11 1 3 13 1 4 9 1 4 10 1 4 13 1 5 12 1 5 13 1 6 10 1 6 12 1 7 11 1 7 12 1
R 2797 42 63 6 122 1 2 3 2 4 0 2 3 4 0 4 1 1 3 5 3 4 5 0 1 2 5 0 2 0 2 1 3 4 5 2 1 3 2 1 0 4 3 0 0 3 1 0 4 5 3 1 5 1 0 5 3 2 5 2 0 4 1 2 4 5 3 4 | 14 20  0 5 1 0 8 2 1 6 1 1 9 1 1 11 1 2 7 1 2 9 1 2 10 1 3 8 1 3 12 1 3 13 1 4 9 1 4 10 1 4 11 1 5 12 1 5 13 1 6 10 1 6 12 1 7 11 1 7 13 1
R 2798 42 63 6 109 1 2 3 3 2 4 2 4 0 0 4 1 0 1 2 3 4 5 4 1 3 1 0 2 0 2 1 1 2 4 3 2 5 0 3 4 3 4 0 0 3 1 0 4 5 5 0 1 3 5 1 3 2 5 3 4 5 1 2 0 2 5 4 | 14 20  0 5 1 0 8 2 1 6 1 1 9 1 1 11 1 2 7 1 2 9 1 2 10 1 3 8 1 3 12 1 3 13 1 4 9 1 4 10 1 4 12 1 5 12 1 5 13 1 6 10 1 6 11 1 7 11 1 7 13 1
R 2799 42 63 6 459 1 2 3 3 4 5 1 4 5 0 4 2 1 0 2 3 4 5 5 1 3 2 0 1 0 2 1 2 4 3 1 3 0 1 0 3 4 5 0 0 5 3 0 4 5 0 1 2 3 0 2 3 5 1 5 4 3 1 2 4 2 5 4 | 14 20  0 5 1 0 8 2 1 6 1 1 9 1 1 10 1 2 7 1 2 9 1 2 11 1 3 8 1 3 11 1 3 13 1 4 9 1 4 11 1 4 12 1 5 12 1 5 13 1 6 10 1 6 12 1 7 10 1 7 13 1
R 2800 42 63 6 3447 1 2 3 3 4 0 1 4 5 0 4 2 2 0 1 3 4 5 5 2 3 2 0 1 0 2 1 2 1 4 1 3 4 3 0 1 0 3 2 5 0 3 0 4 5 1 5 2 3 0 2 3 5 1 3 5 4 1 2 0 4 5 4 | 14 20  0 5 1 0 8 2 1 6 1 1 9 1 1 10 1 2 7 1 2 9 1 2 11 1 3 8 1 3 11 1 3 13 1 4 9 1 4 12 1 4 13 1 5 12 1 5 13 1 6 10 1 6 11 1 7 10 1 7 12 1
R 2801 42 63 6 1233 1 2 3 1 4 0 3 4 5 0 4 2 2 0 1 3 4 5 2 0 1 2 5 3 0 2 1 2 4 1 3 1 0 3 1 4 0 3 2 5 0 3 0 4 5 3 5 2 1 0 2 3 5 1 3 5 4 1 2 5 4 4 0 | 14 20  0 5 1 0 8 2 1 6 1 1 9 1 1 10 1 2 7 1 2 9 1 2 11 1 3 8 1 3 11 1 3 13 1 4 9 1 4 12 1 4 13 1 5 12 1 5 13 1 6 10 1 6 12 1 7 10 1 7 11 1
R 2802 42 63 6 868 1 2 3 2 4 1 1 5 4 0 4 1 0 2 3 3 4 5 0 1 2 4 0 5 0 2 1 3 4 5 3 0 1 2 3 4 4 3 0 0 3 1 0 4 5 3 0 5 3 2 0 3 2 5 1 5 4 1 2 4 5 2 1 | 14 20  0 5 1 0 8 2 1 6 1 1 9 1 1 10 1 2 7 1 2 9 1 2 11 1 3 8 1 3 12 1 3 13 1 4 9 1 4 11 1 4 13 1 5 12 1 5 13 1 6 10 1 6 12 1 7 10 1 7 11 1
R 2803 42 63 6 154 1 2 3 1 4 5 2 1 0 0 4 2 4 3 1 3 4 5 2 0 1 0 3 2 0 2 1 3 2 1 0 1 3 3 4 0 5 2 4 0 5 3 0 4 5 3 0 2 5 4 3 3 5 1 5 2 0 1 2 5 4 4 1 | 14 20  0 5 1 0 8 2 1 6 1 1 9 1 1 10 1 2 7 1 2 9 1 2 12 1 3 8 1 3 11 1 3 13 1 4 9 1 4 11 1 4 12 1 5 12 1 5 13 1 6 10 1 6 13 1 7 10 1 7 11 1
R 2804 42 63 6 90 1 2 3 2 1 4 0 1 2 0 4 2 0 3 1 3 4 5 0 4 1 2 4 5 0 2 1 3 1 4 5 0 4 3 1 2 4 0 2 5 0 3 0 4 5 5 0 3 3 5 4 3 5 1 2 4 5 1 2 2 3 1 0 | 14 20  0 5 1 0 8 2 1 6 1 1 9 1 1 10 1 2 7 1 2 9 1 2 13 1 3 8 1 3 11 1 3 13 1 4 9 1 4 11 1 4 12 1 5 12 1 5 13 1 6 10 1 6 12 1 7 10 1 7 11 1
R 2805 42 63 NOT6 B chi=7 | 14 20  0 5 1 0 8 1 0 9 1 1 6 1 1 10 1 1 12 1 2 7 2 2 12 1 3 8 1 3 9 1 3 10 1 4 9 1 4 10 1 4 11 1 5 11 1 5 13 1 6 11 1 6 13 1 7 12 1 8 13 1
R 2806 42 63 NOT6 B chi=7 | 14 20  0 5 1 0 8 1 0 9 1 1 6 1 1 10 1 1 13 1 2 7 2 2 12 1 3 8 1 3 9 1 3 10 1 4 9 1 4 10 1 4 11 1 5 11 1 5 13 1 6 11 1 6 12 1 7 12 1 8 13 1
R 2807 42 63 NOT6 B chi=7 | 14 20  0 5 1 0 8 1 0 9 1 1 6 1 1 10 1 1 13 1 2 7 2 2 12 1 3 8 1 3 9 1 3 10 1 4 9 1 4 11 1 4 13 1 5 10 1 5 11 1 6 11 1 6 12 1 7 12 1 8 13 1
R 2808 42 63 NOT6 B chi=7 | 14 20  0 5 1 0 8 1 0 9 1 1 6 1 1 10 1 1 12 1 2 7 2 2 12 1 3 8 1 3 9 1 3 13 1 4 9 1 4 10 1 4 11 1 5 10 1 5 11 1 6 11 1 6 13 1 7 12 1 8 13 1
R 2809 42 63 NOT6 B chi=7 | 14 20  0 5 1 0 8 1 0 9 1 1 6 1 1 11 1 1 12 1 2 7 2 2 12 1 3 8 1 3 9 1 3 10 1 4 9 1 4 10 1 4 11 1 5 10 1 5 13 1 6 11 1 6 13 1 7 12 1 8 13 1
R 2810 42 63 NOT6 B chi=7 | 14 20  0 5 1 0 8 1 0 9 1 1 6 1 1 11 1 1 12 1 2 7 2 2 12 1 3 8 1 3 9 1 3 10 1 4 9 1 4 10 1 4 13 1 5 10 1 5 11 1 6 11 1 6 13 1 7 12 1 8 13 1
R 2811 42 63 NOT6 B chi=7 | 14 20  0 5 1 0 8 1 0 9 1 1 6 1 1 10 1 1 11 1 2 7 2 2 11 1 3 8 1 3 9 1 3 10 1 4 9 1 4 12 1 4 13 1 5 12 1 5 13 1 6 12 1 6 13 1 7 11 1 8 10 1
R 2812 42 63 NOT6 B chi=7 | 14 20  0 5 1 0 8 1 0 9 1 1 6 1 1 11 1 1 12 1 2 7 2 2 12 1 3 8 1 3 9 1 3 10 1 4 9 1 4 10 1 4 13 1 5 11 1 5 13 1 6 11 1 6 13 1 7 12 1 8 10 1
R 2813 42 63 6 114 1 2 3 2 3 4 0 1 2 0 4 1 1 2 0 3 4 5 0 1 3 3 2 4 0 2 1 3 0 4 1 2 3 5 0 2 4 1 5 0 3 5 0 4 5 5 1 0 5 4 3 3 2 5 5 4 3 1 2 2 4 0 1 | 14 20  0 5 1 0 8 2 1 6 1 1 9 1 1 10 1 2 7 1 2 10 1 2 11 1 3 8 1 3 9 1 3 10 1 4 9 1 4 11 1 4 12 1 5 11 1 5 13 1 6 12 1 6 13 1 7 12 1 7 13 1
R 2814 42 63 6 292 1 2 3 2 3 4 0 1 2 0 4 1 2 1 4 3 4 5 0 1 3 2 4 0 0 2 1 3 0 4 1 2 3 0 4 1 2 3 4 0 3 5 0 4 5 5 1 0 3 4 5 3 2 5 5 3 0 1 2 2 4 5 1 | 14 20  0 5 1 0 8 2 1 6 1 1 9 1 1 10 1 2 7 1 2 10 1 2 11 1 3 8 1 3 9 1 3 10 1 4 9 1 4 11 1 4 12 1 5 12 1 5 13 1 6 11 1 6 13 1 7 12 1 7 13 1
R 2815 42 63 6 160 1 2 3 2 3 4 0 1 2 0 4 1 1 2 3 3 4 5 0 1 4 2 5 0 0 2 1 3 0 4 1 2 3 0 5 2 5 4 3 0 3 1 0 4 5 5 1 0 3 4 5 3 2 5 5 4 0 1 2 3 2 1 4 | 14 20  0 5 1 0 8 2 1 6 1 1 9 1 1 10 1 2 7 1 2 10 1 2 13 1 3 8 1 3 9 1 3 10 1 4 9 1 4 11 1 4 12 1 5 11 1 5 13 1 6 11 1 6 12 1 7 12 1 7 13 1
R 2816 42 63 6 289 3 1 2 2 5 4 0 2 1 0 2 3 3 1 2 0 2 1 3 4 5 1 4 0 3 4 5 1 0 2 2 0 4 5 1 4 0 5 3 5 0 1 4 5 0 0 3 1 5 3 4 1 4 5 5 0 4 3 2 1 2 3 2 | 14 20  0 5 2 0 8 1 1 6 1 1 9 1 1 10 1 2 7 1 2 10 1 2 13 1 3 8 1 3 9 1 3 10 1 4 9 1 4 11 1 4 12 1 5 11 1 6 11 1 6 12 1 7 12 1 7 13 1 8 13 1
R 2817 42 63 6 160 1 2 3 2 3 4 0 1 2 0 4 1 1 2 4 3 4 5 0 4 1 5 2 0 0 2 1 3 0 4 1 2 3 3 4 2 0 5 4 0 1 5 0 4 5 5 1 0 3 4 5 3 2 5 5 0 3 1 2 2 3 1 4 | 14 20  0 5 1 0 8 2 1 6 1 1 9 1 1 10 1 2 7 1 2 10 1 2 11 1 3 8 1 3 9 1 3 10 1 4 9 1 4 11 1 4 12 1 5 12 1 5 13 1 6 12 1 6 13 1 7 11 1 7 13 1
R 2818 42 63 6 85 3 1 2 2 5 4 0 4 1 0 2 3 1 3 2 0 2 1 3 1 4 3 5 0 3 4 5 1 0 2 2 0 4 0 2 4 5 3 1 0 1 3 4 5 0 0 3 1 2 3 5 1 4 5 5 0 4 3 2 5 1 4 2 | 14 20  0 5 2 0 8 1 1 6 1 1 9 1 1 10 1 2 7 1 2 10 1 2 11 1 3 8 1 3 9 1 3 10 1 4 9 1 4 12 1 4 13 1 5 11 1 6 12 1 6 13 1 7 11 1 7 12 1 8 13 1
R 2819 42 63 6 123 1 2 3 2 3 4 0 1 2 0 4 1 1 2 0 3 4 5 0 1 3 5 2 4 0 2 1 3 0 4 1 2 3 4 3 1 2 5 0 3 5 0 0 4 5 5 1 0 3 4 5 3 2 5 5 3 4 1 2 2 4 0 1 | 14 20  0 5 1 0 8 2 1 6 1 1 9 1 1 10 1 2 7 1 2 10 1 2 11 1 3 8 1 3 9 1 3 10 1 4 9 1 4 12 1 4 13 1 5 12 1 5 13 1 6 11 1 6 12 1 7 11 1 7 13 1
R 2820 42 63 6 609 1 2 3 2 3 4 0 1 2 0 4 1 3 1 4 3 4 5 1 0 2 4 2 0 0 2 1 3 0 4 1 2 3 0 5 3 2 3 4 0 4 1 0 4 5 5 1 0 3 4 5 3 2 5 5 2 0 1 2 4 3 1 5 | 14 20  0 5 1 0 8 2 1 6 1 1 9 1 1 10 1 2 7 1 2 10 1 2 13 1 3 8 1 3 9 1 3 10 1 4 9 1 4 11 1 4 12 1 5 12 1 5 13 1 6 11 1 6 13 1 7 11 1 7 12 1
R 2821 42 63 6 539 1 2 3 2 0 4 5 4 0 0 4 1 1 2 3 3 4 5 5 1 2 0 1 4 0 2 1 3 0 4 1 2 4 0 2 1 4 2 3 3 5 0 0 4 5 3 1 5 2 3 1 3 2 5 5 0 4 1 2 0 4 3 5 | 14 20  0 5 1 0 8 2 1 6 1 1 9 1 1 10 1 2 7 1 2 10 1 2 13 1 3 8 1 3 9 1 3 11 1 4 9 1 4 10 1 4 11 1 5 12 1 5 13 1 6 12 1 6 13 1 7 11 1 7 12 1
R 2822 42 63 6 976 1 2 3 1 4 2 4 2 1 0 4 2 0 3 5 3 4 5 2 0 1 1 5 4 0 2 1 3 4 1 0 1 2 4 0 3 4 0 2 0 5 3 0 4 5 3 0 5 0 3 5 3 5 1 2 4 1 1 2 5 4 2 3 | 14 20  0 5 1 0 8 2 1 6 1 1 9 1 1 10 1 2 7 1 2 10 1 2 12 1 3 8 1 3 9 1 3 13 1 4 9 1 4 10 1 4 11 1 5 12 1 5 13 1 6 11 1 6 13 1 7 11 1 7 12 1
R 2823 42 63 6 233 1 2 3 2 3 4 5 0 1 0 4 1 2 3 0 3 4 5 4 1 5 1 3 2 0 2 1 3 0 4 0 4 3 2 0 4 1 5 3 0 1 4 0 4 5 0 1 5 4 2 3 3 2 5 5 1 4 1 2 2 3 0 5 | 14 20  0 5 1 0 8 2 1 6 1 1 9 1 1 11 1 2 7 1 2 10 1 2 11 1 3 8 1 3 9 1 3 10 1 4 9 1 4 10 1 4 12 1 5 11 1 5 13 1 6 12 1 6 13 1 7 12 1 7 13 1
R 2824 42 63 6 264 3 1 2 2 1 4 4 0 3 0 2 3 1 4 2 0 2 1 4 3 1 3 2 0 3 4 5 1 0 2 1 0 4 2 0 4 3 1 5 4 0 3 4 5 0 0 3 5 5 2 1 1 4 5 5 3 0 3 2 5 4 1 2 | 14 20  0 5 2 0 8 1 1 6 1 1 9 1 1 11 1 2 7 1 2 10 1 2 11 1 3 8 1 3 9 1 3 10 1 4 9 1 4 10 1 4 12 1 5 11 1 6 12 1 6 13 1 7 12 1 7 13 1 8 13 1
R 2825 42 63 6 759 3 1 2 2 0 4 4 3 0 0 2 3 1 3 2 0 2 1 3 5 4 0 2 5 3 4 5 1 0 2 1 3 0 4 1 5 1 2 3 4 1 0 4 5 0 1 3 5 1 2 5 1 4 5 5 4 0 3 2 0 4 3 2 | 14 20  0 5 2 0 8 1 1 6 1 1 9 1 1 12 1 2 7 1 2 10 1 2 13 1 3 8 1 3 9 1 3 10 1 4 9 1 4 10 1 4 11 1 5 11 1 6 11 1 6 12 1 7 12 1 7 13 1 8 13 1
R 2826 42 63 6 5698 1 2 3 2 0 4 2 4 3 0 4 1 1 2 0 3 4 5 5 1 4 1 5 2 0 2 1 3 0 4 0 4 2 1 3 0 2 0 4 1 5 3 0 4 5 3 1 5 0 1 5 3 2 5 5 3 4 1 2 2 0 4 3 | 14 20  0 5 1 0 8 2 1 6 1 1 9 1 1 11 1 2 7 1 2 10 1 2 12 1 3 8 1 3 9 1 3 10 1 4 9 1 4 10 1 4 13 1 5 12 1 5 13 1 6 11 1 6 13 1 7 11 1 7 12 1
R 2827 42 63 6 229 3 1 2 2 0 4 5 4 2 0 2 3 1 3 0 0 2 1 5 4 2 1 0 5 3 4 5 1 0 2 0 3 4 1 2 3 5 1 4 5 1 0 4 5 0 1 3 5 3 1 0 1 4 5 5 2 4 3 0 3 4 2 2 | 14 20  0 5 2 0 8 1 1 6 1 1 9 1 1 11 1 2 7 1 2 10 1 2 12 1 3 8 1 3 9 1 3 10 1 4 9 1 4 10 1 4 13 1 5 12 1 6 11 1 6 13 1 7 11 1 7 12 1 8 13 1
R 2828 42 63 6 81 3 1 2 2 0 4 0 1 4 0 2 3 1 3 2 0 2 1 5 3 2 3 4 0 3 4 5 1 0 2 1 3 0 3 2 4 4 1 5 5 0 1 4 5 0 1 3 5 5 2 3 1 4 5 5 4 0 3 0 4 1 2 2 | 14 20  0 5 2 0 8 1 1 6 1 1 9 1 1 11 1 2 7 1 2 10 1 2 13 1 3 8 1 3 9 1 3 10 1 4 9 1 4 10 1 4 12 1 5 12 1 6 11 1 6 13 1 7 11 1 7 12 1 8 13 1
R 2829 42 63 NOT6 B chi=7 | 14 20  0 5 1 0 8 1 0 12 1 1 6 1 1 9 1 1 10 1 2 7 2 2 12 1 3 8 1 3 9 1 3 10 1 4 9 1 4 11 1 4 13 1 5 10 1 5 11 1 6 11 1 6 13 1 7 12 1 8 13 1
R 2830 42 63 NOT6 B chi=7 | 14 20  0 5 1 0 8 1 0 13 1 1 6 1 1 9 1 1 10 1 2 7 2 2 12 1 3 8 1 3 9 1 3 10 1 4 9 1 4 11 1 4 13 1 5 10 1 5 11 1 6 11 1 6 13 1 7 12 1 8 12 1
R 2831 42 63 6 230 3 1 2 2 1 4 4 0 2 0 2 3 3 4 0 0 2 1 3 4 1 3 2 5 3 4 5 1 0 2 2 0 4 1 0 4 3 1 0 4 1 3 4 5 0 0 3 5 1 3 5 1 4 5 5 1 2 3 2 5 4 0 2 | 14 20  0 5 2 0 8 1 1 6 1 1 9 1 1 10 1 2 7 1 2 11 1 2 13 1 3 8 1 3 9 1 3 11 1 4 9 1 4 10 1 4 12 1 5 10 1 6 11 1 6 12 1 7 12 1 7 13 1 8 13 1
R 2832 42 63 6 956 1 2 3 2 0 4 0 5 3 0 4 1 1 2 0 3 4 5 1 4 2 3 4 1 0 2 1 3 0 4 2 4 3 2 3 0 1 2 4 1 0 3 0 4 5 3 1 5 2 1 4 3 2 5 5 4 3 1 2 0 5 0 5 | 14 20  0 5 1 0 8 2 1 6 1 1 9 1 1 12 1 2 7 1 2 10 1 2 13 1 3 8 1 3 9 1 3 10 1 4 9 1 4 11 1 4 12 1 5 11 1 5 13 1 6 10 1 6 11 1 7 12 1 7 13 1
R 2833 42 63 6 1680 3 1 2 2 0 4 0 1 2 0 2 3 3 1 0 0 2 1 5 3 4 4 2 5 3 4 5 1 0 2 1 3 0 4 1 5 2 1 3 4 0 3 4 5 0 1 3 5 3 4 5 1 4 5 5 2 4 3 2 0 0 1 2 | 14 20  0 5 2 0 8 1 1 6 1 1 9 1 1 12 1 2 7 1 2 10 1 2 13 1 3 8 1 3 9 1 3 10 1 4 9 1 4 11 1 4 12 1 5 11 1 6 10 1 6 11 1 7 12 1 7 13 1 8 13 1
R 2834 42 63 6 449 1 2 3 2 0 4 5 4 0 0 4 1 1 2 3 3 4 5 1 4 2 0 1 5 0 2 1 3 0 4 2 4 3 2 1 4 5 2 0 1 0 3 0 4 5 3 1 5 2 1 3 3 2 5 5 0 4 1 2 0 5 3 4 | 14 20  0 5 1 0 8 2 1 6 1 1 9 1 1 11 1 2 7 1 2 10 1 2 12 1 3 8 1 3 9 1 3 10 1 4 9 1 4 11 1 4 12 1 5 12 1 5 13 1 6 10 1 6 13 1 7 11 1 7 13 1
R 2835 42 63 6 106 3 1 2 2 0 4 2 1 5 0 2 3 1 3 2 0 2 1 3 4 0 5 4 3 3 4 5 1 0 2 0 1 4 3 1 4 0 2 5 1 0 3 4 5 0 1 3 5 0 3 4 1 4 5 5 0 4 3 2 5 2 1 2 | 14 20  0 5 2 0 8 1 1 6 1 1 9 1 1 11 1 2 7 1 2 10 1 2 12 1 3 8 1 3 9 1 3 10 1 4 9 1 4 11 1 4 13 1 5 12 1 6 10 1 6 13 1 7 11 1 7 12 1 8 13 1
R 2836 42 63 6 75 3 1 2 2 0 4 1 0 2 0 2 3 1 3 2 0 2 1 5 4 3 3 5 0 3 4 5 1 0 2 0 4 1 3 1 4 5 4 2 1 3 0 4 5 0 1 3 5 4 3 5 1 4 5 5 0 4 3 2 0 2 1 2 | 14 20  0 5 2 0 8 1 1 6 1 1 9 1 1 11 1 2 7 1 2 10 1 2 13 1 3 8 1 3 9 1 3 10 1 4 9 1 4 11 1 4 13 1 5 12 1 6 10 1 6 12 1 7 11 1 7 12 1 8 13 1
R 2837 42 63 6 364 1 2 3 2 0 4 2 4 1 0 4 1 1 2 3 3 4 5 5 4 0 0 1 2 0 2 1 3 0 4 3 4 2 5 4 1 5 2 0 1 3 0 0 4 5 3 1 5 5 0 3 3 2 5 5 0 4 1 2 1 2 3 4 | 14 20  0 5 1 0 8 2 1 6 1 1 9 1 1 13 1 2 7 1 2 10 1 2 12 1 3 8 1 3 9 1 3 10 1 4 9 1 4 11 1 4 12 1 5 12 1 5 13 1 6 10 1 6 11 1 7 11 1 7 13 1
R 2838 42 63 6 70 3 1 2 2 0 4 5 1 2 0 2 3 1 3 4 0 2 1 5 3 0 4 0 2 3 4 5 1 0 2 1 3 4 2 3 1 0 5 4 3 1 0 4 5 0 1 3 5 3 0 4 1 4 5 5 0 2 3 2 4 5 1 2 | 14 20  0 5 2 0 8 1 1 6 1 1 9 1 1 13 1 2 7 1 2 10 1 2 13 1 3 8 1 3 9 1 3 10 1 4 9 1 4 11 1 4 12 1 5 12 1 6 10 1 6 11 1 7 11 1 7 12 1 8 13 1
R 2839 42 63 6 247 1 2 3 2 0 4 5 4 1 0 4 1 1 2 0 3 4 5 4 5 2 1 3 0 0 2 1 3 0 4 2 0 3 2 1 4 4 2 3 0 5 1 0 4 5 3 1 5 2 0 3 3 2 5 5 4 3 1 2 1 0 5 4 | 14 20  0 5 1 0 8 2 1 6 1 1 9 1 1 11 1 2 7 1 2 11 1 2 13 1 3 8 1 3 9 1 3 10 1 4 9 1 4 10 1 4 11 1 5 12 1 5 13 1 6 10 1 6 12 1 7 12 1 7 13 1
R 2840 42 63 NOT6 B chi=7 | 14 20  0 5 1 0 8 1 0 12 1 1 6 1 1 9 1 1 11 1 2 7 2 2 12 1 3 8 1 3 9 1 3 10 1 4 9 1 4 10 1 4 11 1 5 11 1 5 13 1 6 10 1 6 13 1 7 12 1 8 13 1
R 2841 42 63 6 158 1 2 3 2 3 4 4 0 2 0 4 1 2 1 0 3 4 5 4 1 3 3 2 5 0 2 1 3 0 4 3 0 1 2 0 4 0 1 2 1 4 3 0 4 5 0 1 5 1 3 5 3 2 5 5 4 3 1 2 2 5 4 0 | 14 20  0 5 1 0 8 2 1 6 1 1 9 1 1 11 1 2 7 1 2 12 1 2 13 1 3 8 1 3 9 1 3 10 1 4 9 1 4 10 1 4 11 1 5 11 1 5 13 1 6 10 1 6 12 1 7 12 1 7 13 1
R 2842 42 63 NOT6 B chi=7 | 14 20  0 5 1 0 8 1 0 12 1 1 6 1 1 9 1 1 11 1 2 7 2 2 12 1 3 8 1 3 9 1 3 10 1 4 9 1 4 10 1 4 13 1 5 11 1 5 13 1 6 10 1 6 11 1 7 12 1 8 13 1
R 2843 42 63 6 163 1 2 3 2 3 4 4 2 0 0 4 1 2 1 3 3 4 5 4 1 5 0 3 2 0 2 1 3 0 4 0 3 1 0 2 4 2 1 4 3 1 0 0 4 5 0 1 5 1 3 5 3 2 5 5 4 0 1 2 2 3 5 4 | 14 20  0 5 1 0 8 2 1 6 1 1 9 1 1 11 1 2 7 1 2 12 1 2 13 1 3 8 1 3 9 1 3 10 1 4 9 1 4 10 1 4 12 1 5 11 1 5 13 1 6 10 1 6 11 1 7 12 1 7 13 1
R 2844 42 63 6 228 3 1 2 2 1 4 5 4 0 0 2 3 1 3 2 0 2 1 4 3 5 0 3 1 3 4 5 1 0 2 0 1 3 0 2 4 1 2 4 5 3 0 4 5 0 0 3 5 2 3 1 1 4 5 5 4 0 3 2 1 5 4 2 | 14 20  0 5 2 0 8 1 1 6 1 1 9 1 1 11 1 2 7 1 2 12 1 2 13 1 3 8 1 3 9 1 3 10 1 4 9 1 4 10 1 4 12 1 5 11 1 6 10 1 6 11 1 7 12 1 7 13 1 8 13 1
R 2845 42 63 NOT6 B chi=7 | 14 20  0 5 1 0 8 1 0 13 1 1 6 1 1 9 1 1 11 1 2 7 2 2 12 1 3 8 1 3 9 1 3 10 1 4 9 1 4 10 1 4 13 1 5 11 1 5 12 1 6 10 1 6 11 1 7 12 1 8 13 1
R 2846 42 63 6 57 3 1 2 2 0 4 5 0 3 0 2 3 1 3 2 0 2 1 4 3 0 4 2 5 3 4 5 1 0 2 0 1 3 1 3 2 1 4 5 4 1 0 4 5 0 1 3 5 1 4 2 1 4 5 5 4 0 3 2 5 0 3 2 | 14 20  0 5 2 0 8 1 1 6 1 1 9 1 1 11 1 2 7 1 2 11 1 2 12 1 3 8 1 3 9 1 3 10 1 4 9 1 4 10 1 4 12 1 5 12 1 6 10 1 6 13 1 7 11 1 7 13 1 8 13 1
R 2847 42 63 6 433 1 2 3 2 0 4 0 4 1 0 4 1 1 2 0 3 4 5 4 5 2 5 1 3 0 2 1 3 0 4 2 0 3 2 1 4 2 3 4 1 5 0 0 4 5 3 1 5 2 3 5 3 2 5 5 4 3 1 2 1 0 0 4 | 14 20  0 5 1 0 8 2 1 6 1 1 9 1 1 11 1 2 7 1 2 11 1 2 12 1 3 8 1 3 9 1 3 10 1 4 9 1 4 10 1 4 13 1 5 12 1 5 13 1 6 10 1 6 12 1 7 11 1 7 13 1
R 2848 42 63 6 283 1 2 3 2 3 4 5 0 2 0 4 1 1 2 0 3 4 5 1 4 5 1 4 2 0 2 1 3 0 4 0 2 4 0 3 2 1 4 0 1 5 3 0 4 5 0 1 5 3 1 4 3 2 5 5 4 3 1 2 3 2 5 0 | 14 20  0 5 1 0 8 2 1 6 1 1 9 1 1 10 1 2 7 1 2 11 1 2 13 1 3 8 1 3 9 1 3 11 1 4 9 1 4 11 1 4 12 1 5 10 1 5 13 1 6 10 1 6 12 1 7 12 1 7 13 1
R 2849 42 63 6 248 3 1 2 2 1 4 5 3 0 0 2 3 1 3 2 0 2 1 3 4 5 0 4 2 3 4 5 1 0 2 0 2 4 1 3 0 1 4 3 5 1 0 4 5 0 0 3 5 1 2 4 1 4 5 5 4 0 3 1 2 5 3 2 | 14 20  0 5 2 0 8 1 1 6 1 1 9 1 1 10 1 2 7 1 2 11 1 2 13 1 3 8 1 3 9 1 3 11 1 4 9 1 4 11 1 4 12 1 5 10 1 6 10 1 6 12 1 7 12 1 7 13 1 8 13 1
R 2850 42 63 6 4546 3 4 5 3 0 4 4 2 3 1 2 0 1 2 0 1 2 3 5 2 4 3 1 0 0 2 3 1 0 4 2 1 0 2 0 4 3 1 5 1 3 5 0 1 2 1 2 5 5 1 0 4 5 3 5 3 4 4 5 3 0 2 4 | 14 20  0 5 1 0 8 1 0 13 1 1 6 1 1 9 1 1 10 1 2 7 1 2 11 1 2 13 1 3 8 2 3 9 1 4 9 1 4 11 1 4 12 1 5 10 1 5 11 1 6 10 1 6 12 1 7 12 1 7 13 1
R 2851 42 63 6 74 1 2 3 2 3 4 0 5 2 0 4 1 1 2 3 3 4 5 1 4 5 2 4 0 0 2 1 3 0 4 0 2 4 5 1 0 1 4 3 0 1 2 0 4 5 0 1 5 1 3 4 3 2 5 5 4 0 1 2 3 2 5 3 | 14 20  0 5 1 0 8 2 1 6 1 1 9 1 1 10 1 2 7 1 2 11 1 2 13 1 3 8 1 3 9 1 3 13 1 4 9 1 4 11 1 4 12 1 5 10 1 5 11 1 6 10 1 6 12 1 7 12 1 7 13 1
R 2852 42 63 6 74 3 1 2 2 1 4 0 1 2 0 2 3 1 3 4 0 2 1 3 4 5 5 2 0 3 4 5 1 0 2 0 2 4 1 3 0 0 4 3 5 1 3 4 5 0 0 3 5 3 4 5 1 4 5 5 2 0 3 1 2 1 4 2 | 14 20  0 5 2 0 8 1 1 6 1 1 9 1 1 10 1 2 7 1 2 11 1 2 12 1 3 8 1 3 9 1 3 11 1 4 9 1 4 12 1 4 13 1 5 10 1 6 10 1 6 11 1 7 12 1 7 13 1 8 13 1
R 2853 42 63 6 346 3 1 2 2 1 4 4 0 2 0 2 3 1 3 2 0 2 1 4 3 5 5 1 0 3 4 5 1 0 2 0 3 4 3 1 0 0 2 4 5 1 3 4 5 0 0 3 5 3 1 5 1 4 5 5 4 0 3 2 1 2 4 2 | 14 20  0 5 2 0 8 1 1 6 1 1 9 1 1 12 1 2 7 1 2 10 1 2 11 1 3 8 1 3 9 1 3 10 1 4 9 1 4 11 1 4 13 1 5 12 1 6 11 1 6 12 1 7 10 1 7 13 1 8 13 1
R 2854 42 63 6 386 3 1 2 2 0 4 5 0 4 0 2 3 1 3 0 0 2 1 3 4 2 3 2 5 3 4 5 1 0 2 1 2 4 3 1 5 4 1 0 3 1 0 4 5 0 1 3 5 1 3 2 1 4 5 5 4 2 3 0 5 0 4 2 | 14 20  0 5 2 0 8 1 1 6 1 1 9 1 1 13 1 2 7 1 2 10 1 2 11 1 3 8 1 3 9 1 3 10 1 4 9 1 4 11 1 4 12 1 5 12 1 6 11 1 6 12 1 7 10 1 7 13 1 8 13 1
R 2855 42 63 NOT6 B chi=7 | 14 20  0 5 1 0 8 1 0 9 1 1 6 1 1 9 1 1 12 1 2 7 2 2 12 1 3 8 1 3 10 1 3 13 1 4 10 1 4 11 1 4 13 1 5 9 1 5 10 1 6 11 1 6 13 1 7 12 1 8 11 1
R 2856 42 63 NOT6 B chi=7 | 14 20  0 5 1 0 8 1 0 9 1 1 6 1 1 11 1 1 12 1 2 7 2 2 12 1 3 8 1 3 9 1 3 10 1 4 10 1 4 11 1 4 13 1 5 9 1 5 13 1 6 11 1 6 13 1 7 12 1 8 10 1
R 2857 42 63 NOT6 B chi=7 | 14 20  0 5 1 0 8 1 0 12 1 1 6 1 1 10 1 1 13 1 2 7 2 2 12 1 3 8 1 3 9 1 3 10 1 4 9 1 4 10 1 4 11 1 5 9 1 5 11 1 6 11 1 6 13 1 7 12 1 8 13 1
R 2858 42 63 NOT6 B chi=7 | 14 20  0 5 1 0 8 1 0 11 1 1 6 1 1 10 1 1 12 1 2 7 2 2 12 1 3 8 1 3 9 1 3 10 1 4 9 1 4 11 1 4 13 1 5 9 1 5 10 1 6 11 1 6 13 1 7 12 1 8 13 1
R 2859 42 63 NOT6 B chi=7 | 14 20  0 5 1 0 8 1 0 12 1 1 6 1 1 10 1 1 11 1 2 7 2 2 12 1 3 8 1 3 9 1 3 10 1 4 9 1 4 11 1 4 13 1 5 9 1 5 10 1 6 11 1 6 13 1 7 12 1 8 13 1
R 2860 42 63 6 214 1 2 3 0 2 4 3 1 2 0 4 1 1 0 2 3 4 5 4 1 5 5 4 3 0 2 1 1 3 0 0 3 4 3 0 2 4 5 0 1 4 3 0 4 5 3 5 1 0 4 5 3 2 5 4 3 5 1 2 2 0 1 2 | 14 20  0 5 1 0 8 2 1 6 1 1 9 1 1 10 1 2 7 1 2 9 1 2 10 1 3 8 1 3 10 1 3 11 1 4 11 1 4 12 1 4 13 1 5 12 1 5 13 1 6 9 1 6 13 1 7 11 1 7 12 1
R 2861 42 63 6 177 1 2 3 5 4 1 1 2 3 0 4 2 2 0 1 3 4 5 3 2 4 3 0 1 0 2 1 4 2 5 0 3 1 1 4 0 0 3 2 5 0 3 0 4 5 0 3 2 5 0 4 3 5 1 3 5 4 1 2 1 5 2 4 | 14 20  0 5 1 0 8 2 1 6 1 1 9 1 1 10 1 2 7 1 2 9 1 2 10 1 3 8 1 3 10 1 3 13 1 4 11 1 4 12 1 4 13 1 5 12 1 5 13 1 6 9 1 6 11 1 7 11 1 7 12 1
R 2862 42 63 6 120 1 2 3 4 3 2 1 4 0 0 4 2 5 0 1 3 4 5 5 2 3 2 0 1 0 2 1 3 1 4 1 4 2 3 1 0 2 3 0 0 5 3 0 4 5 1 5 0 3 2 5 3 5 1 3 2 4 1 2 0 4 5 4 | 14 20  0 5 1 0 8 2 1 6 1 1 9 1 1 10 1 2 7 1 2 9 1 2 10 1 3 8 1 3 11 1 3 13 1 4 10 1 4 11 1 4 12 1 5 12 1 5 13 1 6 9 1 6 11 1 7 12 1 7 13 1
R 2863 42 63 6 92 1 2 3 1 4 5 0 2 3 0 4 2 0 2 1 3 4 5 2 0 1 3 1 5 0 2 1 2 3 4 0 1 4 3 1 2 0 3 4 0 5 3 0 4 5 3 0 2 4 1 5 3 5 1 3 4 5 1 2 5 4 0 2 | 14 20  0 5 1 0 8 2 1 6 1 1 9 1 1 10 1 2 7 1 2 9 1 2 10 1 3 8 1 3 11 1 3 13 1 4 10 1 4 11 1 4 12 1 5 12 1 5 13 1 6 9 1 6 13 1 7 11 1 7 12 1
R 2864 42 63 6 325 1 2 3 5 2 3 2 4 0 0 4 1 0 1 2 3 4 5 4 3 5 1 0 2 0 2 1 1 2 3 5 4 2 1 3 0 3 4 0 0 3 1 0 4 5 1 4 0 3 5 1 3 2 5 3 4 5 1 2 0 2 5 4 | 14 20  0 5 1 0 8 2 1 6 1 1 9 1 1 10 1 2 7 1 2 9 1 2 10 1 3 8 1 3 12 1 3 13 1 4 10 1 4 11 1 4 12 1 5 12 1 5 13 1 6 9 1 6 11 1 7 11 1 7 13 1
R 2865 42 63 6 63 1 2 3 0 2 5 1 2 3 0 4 2 3 0 1 3 4 5 3 1 2 5 4 1 0 2 1 2 1 0 0 3 4 1 3 4 4 0 2 5 0 3 0 4 5 4 3 1 0 4 5 3 5 1 2 5 4 1 2 5 0 2 3 | 14 20  0 5 1 0 8 2 1 6 1 1 9 1 1 10 1 2 7 1 2 9 1 2 10 1 3 8 1 3 11 1 3 13 1 4 11 1 4 12 1 4 13 1 5 12 1 5 13 1 6 9 1 6 11 1 7 10 1 7 12 1
R 2866 42 63 6 490 1 2 3 3 4 5 5 1 0 0 4 1 1 3 2 3 4 5 1 0 4 4 3 0 0 2 1 4 0 2 2 3 5 2 4 1 3 4 0 0 3 1 0 4 5 2 1 0 2 3 4 3 2 5 0 5 4 1 2 5 3 1 5 | 14 20  0 5 1 0 8 2 1 6 1 1 9 1 1 10 1 2 7 1 2 9 1 2 10 1 3 8 1 3 12 1 3 13 1 4 11 1 4 12 1 4 13 1 5 12 1 5 13 1 6 9 1 6 11 1 7 10 1 7 11 1
R 2867 42 63 6 286 1 2 3 3 5 2 1 2 4 0 4 2 3 0 1 3 4 5 0 2 3 0 4 1 0 2 1 0 1 2 1 3 5 3 1 4 4 0 2 5 0 3 0 4 5 1 4 0 5 3 0 3 5 1 2 5 4 1 2 5 4 2 3 | 14 20  0 5 1 0 8 2 1 6 1 1 9 1 1 10 1 2 7 1 2 9 1 2 11 1 3 8 1 3 11 1 3 13 1 4 11 1 4 12 1 4 13 1 5 12 1 5 13 1 6 9 1 6 10 1 7 10 1 7 12 1
R 2868 42 63 6 198 1 2 3 2 5 1 5 0 4 0 4 1 1 3 2 3 4 5 0 4 2 3 2 0 0 2 1 0 3 1 3 2 5 2 1 4 3 4 0 0 3 1 0 4 5 3 4 0 1 2 3 3 2 5 0 5 4 1 2 5 1 4 5 | 14 20  0 5 1 0 8 2 1 6 1 1 9 1 1 10 1 2 7 1 2 9 1 2 11 1 3 8 1 3 12 1 3 13 1 4 11 1 4 12 1 4 13 1 5 12 1 5 13 1 6 9 1 6 10 1 7 10 1 7 11 1
R 2869 42 63 6 86 1 2 3 3 5 4 0 2 1 0 4 2 2 0 1 3 4 5 2 0 5 5 1 3 0 2 1 1 0 3 2 1 4 4 0 1 4 5 2 5 0 3 0 4 5 1 2 0 4 5 3 3 5 1 3 5 4 1 2 4 3 2 0 | 14 20  0 5 1 0 8 2 1 6 1 1 9 1 1 10 1 2 7 1 2 10 1 2 12 1 3 8 1 3 9 1 3 13 1 4 10 1 4 11 1 4 13 1 5 12 1 5 13 1 6 9 1 6 11 1 7 11 1 7 12 1
R 2870 42 63 6 124 3 4 5 3 5 4 0 4 1 1 2 0 0 2 4 1 2 3 1 2 3 1 2 3 0 2 3 1 0 4 2 0 5 3 0 5 1 2 4 3 0 1 0 1 2 0 2 1 5 3 2 4 5 3 1 3 5 4 5 5 4 0 4 | 14 20  0 5 1 0 8 1 0 13 1 1 6 1 1 9 1 1 10 1 2 7 1 2 10 1 2 11 1 3 8 2 3 9 1 4 11 1 4 12 1 4 13 1 5 11 1 5 12 1 6 9 1 6 10 1 7 12 1 7 13 1
R 2871 42 63 6 247 3 4 5 5 4 3 1 4 5 1 2 0 4 0 2 1 2 3 3 2 1 3 0 1 0 2 3 1 0 4 2 5 3 1 0 2 0 3 2 1 0 4 0 1 2 0 2 1 2 0 3 4 5 3 5 1 3 4 5 5 4 4 5 | 14 20  0 5 1 0 8 1 0 13 1 1 6 1 1 9 1 1 10 1 2 7 1 2 10 1 2 11 1 3 8 2 3 9 1 4 11 1 4 12 1 4 13 1 5 12 1 5 13 1 6 9 1 6 10 1 7 11 1 7 12 1
R 2872 42 63 6 171 1 2 3 3 4 5 1 2 3 0 4 2 2 0 1 3 4 5 5 2 1 3 0 1 0 2 1 1 0 3 2 0 5 1 5 4 0 3 2 5 0 3 0 4 5 0 2 1 5 4 0 3 5 1 3 5 4 1 2 4 3 2 4 | 14 20  0 5 1 0 8 2 1 6 1 1 9 1 1 10 1 2 7 1 2 10 1 2 11 1 3 8 1 3 9 1 3 13 1 4 11 1 4 12 1 4 13 1 5 12 1 5 13 1 6 9 1 6 10 1 7 11 1 7 12 1
R 2873 42 63 6 574 1 2 3 5 3 2 2 0 4 0 4 1 3 0 1 3 4 5 2 4 1 1 3 2 0 2 1 3 0 4 0 5 2 0 1 2 5 3 0 3 4 1 0 4 5 0 1 4 5 3 1 3 2 5 4 2 5 1 2 5 3 4 0 | 14 20  0 5 1 0 8 2 1 6 1 1 9 1 1 10 1 2 7 1 2 11 1 2 12 1 3 8 1 3 9 1 3 11 1 4 11 1 4 12 1 4 13 1 5 10 1 5 13 1 6 9 1 6 10 1 7 12 1 7 13 1
R 2874 42 63 6 192 3 1 2 4 5 2 1 0 4 0 2 3 0 3 2 0 2 1 1 3 4 3 5 1 3 4 5 1 0 2 4 0 5 0 2 1 3 2 4 0 1 3 4 5 0 0 3 1 2 3 5 1 4 5 4 1 5 3 5 2 0 4 2 | 14 20  0 5 2 0 8 1 1 6 1 1 9 1 1 10 1 2 7 1 2 11 1 2 12 1 3 8 1 3 9 1 3 11 1 4 11 1 4 12 1 4 13 1 5 10 1 6 9 1 6 10 1 7 12 1 7 13 1 8 13 1
R 2875 42 63 6 134 1 2 3 1 0 3 1 4 5 0 4 2 0 1 2 3 4 5 3 4 5 2 0 1 0 2 1 2 0 4 2 1 3 1 0 3 4 3 2 0 5 3 0 4 5 2 5 4 3 0 2 3 5 1 3 4 5 1 2 1 0 5 4 | 14 20  0 5 1 0 8 2 1 6 1 1 9 1 1 10 1 2 7 1 2 10 1 2 11 1 3 8 1 3 10 1 3 13 1 4 9 1 4 11 1 4 12 1 5 12 1 5 13 1 6 9 1 6 12 1 7 11 1 7 13 1
R 2876 42 63 6 320 1 2 3 3 5 4 1 3 5 0 4 2 2 0 1 3 4 5 1 2 3 5 0 4 0 2 1 1 0 4 2 3 4 0 2 3 0 2 5 5 0 3 0 4 5 0 2 1 2 0 4 3 5 1 3 5 4 1 2 5 4 1 3 | 14 20  0 5 1 0 8 2 1 6 1 1 9 1 1 10 1 2 7 1 2 10 1 2 11 1 3 8 1 3 10 1 3 13 1 4 9 1 4 11 1 4 13 1 5 12 1 5 13 1 6 9 1 6 12 1 7 11 1 7 12 1
R 2877 42 63 6 145 1 2 3 0 2 4 1 3 2 0 4 1 5 0 1 3 4 5 1 4 2 5 2 3 0 2 1 1 3 4 0 3 4 3 0 2 5 0 2 3 0 1 0 4 5 3 5 1 0 5 4 3 2 5 2 4 3 1 2 0 5 1 4 | 14 20  0 5 1 0 8 2 1 6 1 1 9 1 1 10 1 2 7 1 2 10 1 2 12 1 3 8 1 3 10 1 3 11 1 4 9 1 4 11 1 4 12 1 5 12 1 5 13 1 6 9 1 6 13 1 7 11 1 7 13 1
R 2878 42 63 6 326 1 2 3 1 5 3 1 4 5 0 4 2 0 1 2 3 4 5 3 0 5 2 0 1 0 2 1 5 2 4 2 1 3 1 0 3 2 0 3 0 5 3 0 4 5 2 0 4 3 0 2 3 5 1 3 5 4 1 2 1 4 5 4 | 14 20  0 5 1 0 8 2 1 6 1 1 9 1 1 10 1 2 7 1 2 10 1 2 11 1 3 8 1 3 11 1 3 13 1 4 9 1 4 10 1 4 11 1 5 12 1 5 13 1 6 9 1 6 12 1 7 12 1 7 13 1
R 2879 42 63 6 57 1 2 3 4 0 3 1 4 5 0 4 2 2 0 1 3 4 5 3 1 5 2 0 1 0 2 1 1 2 4 2 4 3 1 0 3 2 3 0 0 5 3 0 4 5 2 5 1 3 0 2 3 5 1 3 5 4 1 2 0 4 5 4 | 14 20  0 5 1 0 8 2 1 6 1 1 9 1 1 10 1 2 7 1 2 10 1 2 11 1 3 8 1 3 11 1 3 13 1 4 9 1 4 10 1 4 12 1 5 12 1 5 13 1 6 9 1 6 11 1 7 12 1 7 13 1
R 2880 42 63 6 1819 1 2 3 3 2 4 1 5 0 0 4 2 1 3 2 3 4 5 4 1 5 2 0 1 0 2 1 0 1 2 3 0 4 1 3 4 2 3 0 0 5 3 0 4 5 0 5 1 3 2 4 3 5 1 4 5 0 1 2 3 2 5 4 | 14 20  0 5 1 0 8 2 1 6 1 1 9 1 1 10 1 2 7 1 2 10 1 2 12 1 3 8 1 3 11 1 3 13 1 4 9 1 4 10 1 4 11 1 5 12 1 5 13 1 6 9 1 6 11 1 7 12 1 7 13 1
R 2881 42 63 6 61 3 4 5 3 5 4 0 3 2 1 2 0 1 0 2 1 2 3 1 2 4 1 4 3 0 2 3 2 0 3 1 0 3 4 0 5 5 2 1 1 0 4 0 1 2 0 1 2 5 4 1 4 5 3 4 5 3 4 5 5 3 2 0 | 14 20  0 5 1 0 8 1 0 13 1 1 6 1 1 9 1 1 10 1 2 7 1 2 10 1 2 11 1 3 8 2 3 11 1 4 9 1 4 10 1 4 13 1 5 12 1 5 13 1 6 9 1 6 12 1 7 11 1 7 12 1
R 2882 42 63 6 115 1 2 3 3 5 4 0 3 5 0 4 2 2 0 1 3 4 5 1 2 3 5 1 4 0 2 1 1 0 4 2 0 3 4 2 3 0 2 5 5 0 3 0 4 5 0 2 1 2 4 1 3 5 1 3 5 4 1 2 5 4 0 3 | 14 20  0 5 1 0 8 2 1 6 1 1 9 1 1 10 1 2 7 1 2 10 1 2 11 1 3 8 1 3 11 1 3 13 1 4 9 1 4 10 1 4 13 1 5 12 1 5 13 1 6 9 1 6 12 1 7 11 1 7 12 1
R 2883 42 63 6 429 1 2 3 2 4 1 0 5 2 0 4 1 3 4 0 3 4 5 0 1 2 1 2 5 0 2 1 0 3 1 3 2 5 3 4 2 4 3 0 0 3 1 0 4 5 3 5 0 3 4 1 3 2 5 2 1 5 1 2 4 5 0 4 | 14 20  0 5 1 0 8 2 1 6 1 1 9 1 1 10 1 2 7 1 2 10 1 2 11 1 3 8 1 3 12 1 3 13 1 4 9 1 4 10 1 4 11 1 5 12 1 5 13 1 6 9 1 6 12 1 7 11 1 7 13 1
R 2884 42 63 6 101 1 2 3 1 4 5 1 4 2 0 4 2 0 3 5 3 4 5 2 0 1 5 3 1 0 2 1 2 3 4 0 1 3 1 3 0 0 5 4 0 5 3 0 4 5 3 0 2 0 5 3 3 5 1 1 4 2 1 2 5 4 4 2 | 14 20  0 5 1 0 8 2 1 6 1 1 9 1 1 10 1 2 7 1 2 10 1 2 12 1 3 8 1 3 11 1 3 13 1 4 9 1 4 10 1 4 11 1 5 12 1 5 13 1 6 9 1 6 13 1 7 11 1 7 12 1
R 2885 42 63 6 57 1 2 3 3 1 4 0 1 2 0 4 2 5 0 3 3 4 5 2 0 1 2 4 1 0 2 1 2 5 4 3 0 1 1 3 4 2 0 3 5 0 3 0 4 5 5 0 2 3 5 4 3 5 1 1 4 2 1 2 3 4 0 5 | 14 20  0 5 1 0 8 2 1 6 1 1 9 1 1 10 1 2 7 1 2 10 1 2 13 1 3 8 1 3 11 1 3 13 1 4 9 1 4 10 1 4 11 1 5 12 1 5 13 1 6 9 1 6 12 1 7 11 1 7 12 1
R 2886 42 63 6 106 1 2 3 0 1 3 4 1 2 0 4 1 0 2 3 3 4 5 5 4 1 3 2 5 0 2 1 4 2 3 0 2 1 5 0 2 3 0 4 0 3 1 0 4 5 2 5 4 0 3 5 3 2 5 1 5 4 1 2 0 3 1 4 | 14 20  0 5 1 0 8 2 1 6 1 1 9 1 1 10 1 2 7 1 2 10 1 2 12 1 3 8 1 3 12 1 3 13 1 4 9 1 4 10 1 4 11 1 5 12 1 5 13 1 6 9 1 6 11 1 7 11 1 7 13 1
R 2887 42 63 6 209 1 2 3 0 2 4 5 3 0 0 4 1 1 4 2 3 4 5 5 1 2 4 0 2 0 2 1 2 1 3 3 0 4 2 1 0 4 5 0 3 1 4 0 4 5 3 5 1 1 4 2 3 2 5 0 5 3 1 2 4 0 3 5 | 14 20  0 5 1 0 8 2 1 6 1 1 9 1 1 10 1 2 7 1 2 11 1 2 12 1 3 8 1 3 10 1 3 11 1 4 9 1 4 10 1 4 11 1 5 12 1 5 13 1 6 9 1 6 13 1 7 12 1 7 13 1
R 2888 42 63 6 331 3 4 5 0 3 4 3 2 0 1 2 0 1 4 2 1 2 3 2 5 0 5 4 3 0 2 3 2 1 3 1 0 4 1 2 0 1 0 4 3 1 5 0 1 2 1 5 2 1 5 4 4 5 3 0 5 3 4 5 4 3 2 0 | 14 20  0 5 1 0 8 1 0 13 1 1 6 1 1 9 1 1 10 1 2 7 1 2 11 1 2 13 1 3 8 2 3 10 1 4 9 1 4 10 1 4 11 1 5 11 1 5 12 1 6 9 1 6 12 1 7 12 1 7 13 1
R 2889 42 63 NOT6 B chi=7 | 14 20  0 5 1 0 8 1 0 12 1 1 6 1 1 9 1 1 10 1 2 7 2 2 12 1 3 8 1 3 10 1 3 11 1 4 9 1 4 10 1 4 11 1 5 11 1 5 13 1 6 9 1 6 13 1 7 12 1 8 13 1
R 2890 42 63 NOT6 B chi=7 | 14 20  0 5 1 0 8 1 0 12 1 1 6 1 1 9 1 1 10 1 2 7 2 2 12 1 3 8 1 3 10 1 3 11 1 4 9 1 4 10 1 4 13 1 5 11 1 5 13 1 6 9 1 6 11 1 7 12 1 8 13 1
R 2891 42 63 NOT6 B chi=7 | 14 20  0 5 1 0 8 1 0 12 1 1 6 1 1 9 1 1 10 1 2 7 2 2 12 1 3 8 1 3 10 1 3 13 1 4 9 1 4 10 1 4 11 1 5 11 1 5 13 1 6 9 1 6 11 1 7 12 1 8 13 1
R 2892 42 63 6 B 3 0 5 2 5 3 2 4 0 5 4 1 2 4 3 4 5 0 4 3 1 3 1 2 2 3 1 5 0 3 2 4 0 1 2 4 5 1 0 3 2 4 2 1 4 0 4 1 5 3 1 0 3 2 1 5 0 3 2 5 4 0 5 | 14 20  0 5 2 0 8 1 1 6 1 1 9 1 1 10 1 2 7 1 2 12 1 2 13 1 3 8 1 3 10 1 3 12 1 4 9 1 4 10 1 4 11 1 5 11 1 6 9 1 6 11 1 7 12 1 7 13 1 8 13 1
R 2893 42 63 6 220 1 2 3 0 2 4 5 4 1 0 4 1 1 0 2 3 4 5 4 1 2 2 0 5 0 2 1 2 1 3 3 0 4 2 4 3 5 0 4 0 1 3 0 4 5 3 5 1 3 0 2 3 2 5 4 5 3 1 2 0 5 1 4 | 14 20  0 5 1 0 8 2 1 6 1 1 9 1 1 10 1 2 7 1 2 11 1 2 12 1 3 8 1 3 10 1 3 11 1 4 9 1 4 10 1 4 12 1 5 12 1 5 13 1 6 9 1 6 13 1 7 11 1 7 13 1
R 2894 42 63 6 212 1 2 3 1 4 5 5 1 3 0 4 2 5 0 2 3 4 5 2 0 1 2 0 1 0 2 1 2 3 4 1 0 3 1 0 4 2 5 4 0 5 3 0 4 5 3 0 2 4 2 0 3 5 1 1 4 3 1 2 5 4 5 3 | 14 20  0 5 1 0 8 2 1 6 1 1 9 1 1 10 1 2 7 1 2 11 1 2 12 1 3 8 1 3 10 1 3 13 1 4 9 1 4 10 1 4 11 1 5 12 1 5 13 1 6 9 1 6 13 1 7 11 1 7 12 1
R 2895 42 63 6 81 1 2 3 3 5 4 1 4 2 0 4 2 0 1 5 3 4 5 1 2 3 2 0 1 0 2 1 2 0 4 3 1 0 1 3 4 2 3 0 0 5 3 0 4 5 0 1 2 3 5 0 3 5 1 3 2 4 1 2 5 4 5 4 | 14 20  0 5 1 0 8 2 1 6 1 1 9 1 1 10 1 2 7 1 2 10 1 2 11 1 3 8 1 3 11 1 3 13 1 4 9 1 4 11 1 4 12 1 5 12 1 5 13 1 6 9 1 6 10 1 7 12 1 7 13 1
R 2896 42 63 6 332 3 4 5 2 5 4 1 4 0 1 2 4 4 0 2 1 2 3 3 0 5 2 0 1 4 2 5 1 0 2 3 1 4 1 3 0 0 3 2 1 0 4 0 1 2 1 3 0 3 5 2 0 3 5 5 1 3 4 5 4 2 4 5 | 14 20  0 5 1 0 8 1 0 13 1 1 6 1 1 9 1 1 10 1 2 7 1 2 10 1 2 11 1 3 8 2 3 11 1 4 9 1 4 12 1 4 13 1 5 12 1 5 13 1 6 9 1 6 10 1 7 11 1 7 12 1
R 2897 42 63 6 247 1 2 3 5 4 3 1 2 5 0 4 2 2 0 1 3 4 5 3 2 1 5 0 1 0 2 1 1 0 4 2 5 3 1 0 3 0 3 2 5 0 3 0 4 5 0 2 1 3 0 4 3 5 1 3 5 4 1 2 5 4 2 4 | 14 20  0 5 1 0 8 2 1 6 1 1 9 1 1 10 1 2 7 1 2 10 1 2 11 1 3 8 1 3 11 1 3 13 1 4 9 1 4 12 1 4 13 1 5 12 1 5 13 1 6 9 1 6 10 1 7 11 1 7 12 1
R 2898 42 63 6 2077 1 2 3 1 4 5 2 4 1 0 4 1 0 2 3 3 4 5 2 5 3 0 1 2 0 2 1 3 0 5 0 2 4 2 3 1 4 3 0 0 3 1 0 4 5 0 2 3 3 5 0 3 2 5 1 5 4 1 2 4 1 4 5 | 14 20  0 5 1 0 8 2 1 6 1 1 9 1 1 10 1 2 7 1 2 10 1 2 11 1 3 8 1 3 12 1 3 13 1 4 9 1 4 11 1 4 13 1 5 12 1 5 13 1 6 9 1 6 10 1 7 11 1 7 12 1
R 2899 42 63 6 62 1 2 3 2 5 4 0 1 2 0 4 2 3 1 0 3 4 5 3 0 5 2 4 1 0 2 1 0 1 2 1 3 4 1 3 4 2 3 0 5 0 3 0 4 5 1 3 0 3 5 4 3 5 1 5 2 4 1 2 4 2 0 5 | 14 20  0 5 1 0 8 2 1 6 1 1 9 1 1 10 1 2 7 1 2 10 1 2 13 1 3 8 1 3 11 1 3 13 1 4 9 1 4 11 1 4 12 1 5 12 1 5 13 1 6 9 1 6 10 1 7 11 1 7 12 1
R 2900 42 63 6 148 3 4 5 5 3 4 4 0 2 1 2 0 0 1 4 1 2 3 2 1 3 2 3 5 0 2 3 2 0 5 1 0 4 1 0 2 0 3 1 3 1 4 0 1 2 0 1 2 1 3 5 4 5 3 3 5 2 4 5 4 5 4 0 | 14 20  0 5 1 0 8 1 0 13 1 1 6 1 1 9 1 1 10 1 2 7 1 2 11 1 2 13 1 3 8 2 3 10 1 4 9 1 4 11 1 4 12 1 5 11 1 5 12 1 6 9 1 6 10 1 7 12 1 7 13 1
R 2901 42 63 NOT6 B chi=7 | 14 20  0 5 1 0 8 1 0 12 1 1 6 1 1 9 1 1 10 1 2 7 2 2 12 1 3 8 1 3 10 1 3 11 1 4 9 1 4 11 1 4 13 1 5 11 1 5 13 1 6 9 1 6 10 1 7 12 1 8 13 1
R 2902 42 63 6 276 3 4 5 4 5 3 3 4 5 1 2 0 1 0 2 1 2 3 1 3 2 5 2 0 0 2 3 2 0 3 1 0 5 0 1 3 2 1 5 1 0 4 0 1 2 0 1 2 1 2 0 4 5 3 4 5 3 4 5 5 4 4 3 | 14 20  0 5 1 0 8 1 0 13 1 1 6 1 1 9 1 1 10 1 2 7 1 2 11 1 2 12 1 3 8 2 3 10 1 4 9 1 4 11 1 4 13 1 5 12 1 5 13 1 6 9 1 6 10 1 7 11 1 7 12 1
R 2903 42 63 6 B 3 2 0 2 1 5 1 2 5 4 5 2 3 0 2 5 1 3 3 4 1 4 3 1 4 2 3 1 0 4 3 2 0 0 3 5 1 4 2 1 0 5 4 1 5 0 3 4 0 4 3 0 1 3 5 1 4 0 2 2 5 2 5 | 14 20  0 5 1 0 8 2 1 6 1 1 9 1 1 10 1 2 7 1 2 11 1 2 12 1 3 8 1 3 10 1 3 13 1 4 9 1 4 11 1 4 13 1 5 12 1 5 13 1 6 9 1 6 10 1 7 11 1 7 12 1
R 2904 42 63 6 79 1 2 3 3 5 4 1 5 0 0 4 2 1 2 3 3 4 5 4 2 0 2 0 1 0 2 1 0 1 3 2 1 4 3 4 1 2 3 0 0 5 3 0 4 5 1 2 0 3 2 4 3 5 1 4 5 0 1 2 5 3 5 4 | 14 20  0 5 1 0 8 2 1 6 1 1 9 1 1 10 1 2 7 1 2 11 1 2 12 1 3 8 1 3 11 1 3 13 1 4 9 1 4 10 1 4 11 1 5 12 1 5 13 1 6 9 1 6 10 1 7 12 1 7 13 1
R 2905 42 63 NOT6 B chi=7 | 14 20  0 5 1 0 8 1 0 12 1 1 6 1 1 9 1 1 10 1 2 7 2 2 12 1 3 8 1 3 11 1 3 13 1 4 9 1 4 10 1 4 11 1 5 11 1 5 13 1 6 9 1 6 10 1 7 12 1 8 13 1
R 2906 42 63 6 89 1 2 3 3 5 4 3 1 4 0 4 2 2 0 1 3 4 5 2 1 3 2 5 1 0 2 1 1 0 4 3 2 0 1 0 3 0 2 4 5 0 3 0 4 5 0 2 1 0 2 5 3 5 1 3 5 4 1 2 5 4 4 3 | 14 20  0 5 1 0 8 2 1 6 1 1 9 1 1 10 1 2 7 1 2 11 1 2 12 1 3 8 1 3 11 1 3 13 1 4 9 1 4 10 1 4 13 1 5 12 1 5 13 1 6 9 1 6 10 1 7 11 1 7 12 1
R 2907 42 63 6 98 1 2 3 3 5 4 4 1 2 0 4 1 2 0 1 3 4 5 2 1 3 3 2 5 0 2 1 1 0 4 3 2 0 5 0 2 3 0 4 0 3 1 0 4 5 0 2 1 0 3 5 3 2 5 3 5 4 1 2 5 4 1 4 | 14 20  0 5 1 0 8 2 1 6 1 1 9 1 1 10 1 2 7 1 2 11 1 2 12 1 3 8 1 3 12 1 3 13 1 4 9 1 4 10 1 4 11 1 5 12 1 5 13 1 6 9 1 6 10 1 7 11 1 7 13 1
R 2908 42 63 6 224 1 2 3 2 0 4 1 4 5 0 4 2 2 0 1 3 4 5 1 4 5 2 0 1 0 2 1 1 0 4 2 3 4 1 0 3 4 3 2 0 5 3 0 4 5 3 5 1 3 0 2 3 5 1 3 4 5 1 2 2 0 5 4 | 14 20  0 5 1 0 8 2 1 6 1 1 9 1 1 10 1 2 7 1 2 10 1 2 11 1 3 8 1 3 11 1 3 13 1 4 9 1 4 11 1 4 12 1 5 12 1 5 13 1 6 9 1 6 12 1 7 10 1 7 13 1
R 2909 42 63 6 205 1 2 3 1 4 5 1 3 2 0 4 2 0 3 4 3 4 5 2 0 1 2 0 5 0 2 1 2 3 4 0 3 4 4 1 3 0 2 4 0 5 3 0 4 5 3 0 2 4 5 0 3 5 1 1 2 5 1 2 5 4 1 3 | 14 20  0 5 1 0 8 2 1 6 1 1 9 1 1 10 1 2 7 1 2 10 1 2 11 1 3 8 1 3 11 1 3 13 1 4 9 1 4 11 1 4 12 1 5 12 1 5 13 1 6 9 1 6 13 1 7 10 1 7 12 1
R 2910 42 63 6 242 1 2 3 2 4 5 1 4 5 0 4 2 2 0 1 3 4 5 0 5 1 2 0 1 0 2 1 1 4 5 2 3 4 1 0 3 0 3 2 5 0 3 0 4 5 3 0 1 3 0 2 3 5 1 3 5 4 1 2 2 4 5 4 | 14 20  0 5 1 0 8 2 1 6 1 1 9 1 1 10 1 2 7 1 2 10 1 2 11 1 3 8 1 3 11 1 3 13 1 4 9 1 4 12 1 4 13 1 5 12 1 5 13 1 6 9 1 6 11 1 7 10 1 7 12 1
R 2911 42 63 NOT6 B chi=7 | 14 20  0 5 1 0 8 1 0 9 1 1 6 1 1 9 1 1 12 1 2 7 2 2 12 1 3 8 1 3 10 1 3 11 1 4 10 1 4 11 1 4 13 1 5 10 1 5 13 1 6 11 1 6 13 1 7 12 1 8 9 1
R 2912 42 63 NOT6 B chi=7 | 14 20  0 5 1 0 8 1 0 9 1 1 6 1 1 10 1 1 12 1 2 7 2 2 12 1 3 8 1 3 9 1 3 13 1 4 10 1 4 11 1 4 13 1 5 10 1 5 11 1 6 11 1 6 13 1 7 12 1 8 9 1
R 2913 42 63 NOT6 B chi=7 | 14 20  0 5 1 0 8 1 0 9 1 1 6 1 1 11 1 1 12 1 2 7 2 2 12 1 3 8 1 3 9 1 3 10 1 4 10 1 4 11 1 4 13 1 5 10 1 5 13 1 6 11 1 6 13 1 7 12 1 8 9 1
R 2914 42 63 NOT6 B chi=7 | 14 20  0 5 1 0 8 1 0 9 1 1 6 1 1 11 1 1 12 1 2 7 2 2 12 1 3 8 1 3 10 1 3 11 1 4 9 1 4 10 1 4 13 1 5 10 1 5 13 1 6 11 1 6 13 1 7 12 1 8 9 1
R 2915 42 63 6 471 3 4 5 1 0 2 0 1 2 2 1 4 0 3 5 1 2 3 5 3 0 4 2 1 4 3 1 3 0 2 0 2 5 1 0 3 1 4 3 2 0 4 0 1 2 4 3 5 3 5 4 0 5 3 2 1 4 4 5 2 1 0 5 | 14 19  0 5 1 0 10 1 0 11 1 1 6 1 1 10 1 1 11 1 2 7 2 2 11 1 3 8 1 3 9 1 3 13 1 4 8 1 4 9 2 5 10 1 5 12 1 6 12 1 6 13 1 7 12 1 8 13 1
R 2916 42 63 6 520 3 4 5 1 0 2 1 0 5 0 3 4 1 2 5 1 2 3 5 2 1 3 5 0 4 2 0 2 1 3 0 2 5 1 0 4 3 4 2 0 1 4 0 1 2 4 3 5 2 4 3 1 5 2 3 0 4 4 5 0 3 1 5 | 14 19  0 5 1 0 10 1 0 11 1 1 6 1 1 10 1 1 12 1 2 7 2 2 11 1 3 8 1 3 9 1 3 13 1 4 8 1 4 9 2 5 10 1 5 11 1 6 12 1 6 13 1 7 12 1 8 13 1
R 2917 42 63 6 6966 3 4 5 1 0 2 1 0 2 0 3 1 3 5 4 1 2 3 2 3 1 3 2 0 1 4 0 5 3 2 0 2 5 1 0 4 0 4 3 4 1 2 0 1 2 4 3 5 4 5 3 5 4 2 2 0 1 4 5 5 0 1 3 | 14 19  0 5 1 0 10 1 0 11 1 1 6 1 1 10 1 1 13 1 2 7 2 2 11 1 3 8 1 3 9 1 3 12 1 4 8 1 4 9 2 5 10 1 5 11 1 6 12 1 6 13 1 7 12 1 8 13 1
R 2918 42 63 NOT6 B chi=7 | 14 19  0 5 1 0 10 1 0 11 1 1 6 1 1 10 1 1 11 1 2 7 2 2 12 1 3 8 1 3 9 1 3 12 1 4 8 1 4 9 2 5 10 1 5 13 1 6 11 1 6 13 1 7 12 1 8 13 1
R 2919 42 63 NOT6 B chi=7 | 14 19  0 5 1 0 10 1 0 11 1 1 6 1 1 10 1 1 11 1 2 7 2 2 12 1 3 8 1 3 9 1 3 13 1 4 8 1 4 9 2 5 10 1 5 12 1 6 11 1 6 13 1 7 12 1 8 13 1
R 2920 42 63 6 464 3 4 5 1 0 2 4 0 1 0 1 4 3 5 2 1 2 3 2 3 5 5 1 0 2 3 0 5 3 1 0 2 5 3 0 4 1 3 2 0 2 1 0 1 2 4 3 5 2 3 5 5 2 3 1 0 4 4 5 1 0 4 4 | 14 19  0 5 1 0 10 1 0 11 1 1 6 1 1 10 1 1 12 1 2 7 2 2 11 1 3 8 1 3 9 1 3 13 1 4 8 1 4 9 2 5 10 1 5 13 1 6 11 1 6 12 1 7 12 1 8 13 1
R 2921 42 63 6 118 3 4 5 1 0 2 3 0 5 1 3 4 2 5 0 1 2 3 2 3 1 4 5 0 0 2 1 5 2 3 0 2 5 1 0 3 4 1 2 1 3 0 0 1 2 4 3 5 1 2 4 5 0 2 3 1 4 4 5 5 0 3 4 | 14 19  0 5 1 0 10 1 0 11 1 1 6 1 1 10 1 1 13 1 2 7 2 2 11 1 3 8 1 3 9 1 3 13 1 4 8 1 4 9 2 5 10 1 5 12 1 6 11 1 6 12 1 7 12 1 8 13 1
R 2922 42 63 NOT6 B chi=7 | 14 19  0 5 1 0 10 1 0 11 1 1 6 1 1 10 1 1 12 1 2 7 2 2 12 1 3 8 1 3 9 1 3 13 1 4 8 1 4 9 2 5 10 1 5 11 1 6 11 1 6 13 1 7 12 1 8 13 1
R 2923 42 63 NOT6 B chi=7 | 14 19  0 5 1 0 10 1 0 11 1 1 6 1 1 10 1 1 13 1 2 7 2 2 12 1 3 8 1 3 9 1 3 12 1 4 8 1 4 9 2 5 10 1 5 11 1 6 11 1 6 13 1 7 12 1 8 13 1
R 2924 42 63 6 104 3 4 5 1 3 2 2 0 4 0 1 2 3 4 5 1 2 3 2 0 1 5 4 0 2 3 0 4 3 1 0 2 5 0 1 3 0 1 3 4 1 2 0 1 2 5 4 0 1 3 5 4 5 3 1 0 2 4 5 4 3 2 5 | 14 19  0 5 1 0 10 1 0 11 1 1 6 1 1 11 1 1 13 1 2 7 2 2 11 1 3 8 1 3 9 1 3 10 1 4 8 1 4 9 2 5 10 1 5 12 1 6 12 1 6 13 1 7 12 1 8 13 1
R 2925 42 63 NOT6 B chi=7 | 14 19  0 5 1 0 10 1 0 11 1 1 6 1 1 11 1 1 12 1 2 7 2 2 12 1 3 8 1 3 9 1 3 10 1 4 8 1 4 9 2 5 10 1 5 13 1 6 11 1 6 13 1 7 12 1 8 13 1
R 2926 42 63 NOT6 B chi=7 | 14 19  0 5 1 0 10 1 0 11 1 1 6 1 1 11 1 1 13 1 2 7 2 2 12 1 3 8 1 3 9 1 3 10 1 4 8 1 4 9 2 5 10 1 5 12 1 6 11 1 6 13 1 7 12 1 8 13 1
R 2927 42 63 6 92 3 4 5 1 3 2 1 0 4 1 0 2 3 4 0 1 2 3 2 4 5 3 5 1 3 2 0 0 2 3 1 0 2 1 0 4 1 5 4 2 3 0 0 1 2 0 4 5 2 5 3 4 5 3 1 2 5 4 5 3 1 0 4 | 14 20  0 5 1 0 9 1 0 11 1 1 6 1 1 9 1 1 10 1 2 7 1 2 9 1 2 10 1 3 8 2 3 11 1 4 8 1 4 12 1 4 13 1 5 10 1 5 11 1 6 12 1 6 13 1 7 12 1 7 13 1
R 2928 42 63 6 1399 3 4 5 2 3 0 1 4 5 1 0 5 2 3 5 1 2 3 0 1 2 2 3 4 5 3 4 4 0 3 2 5 0 0 1 4 2 0 1 3 2 0 0 1 2 4 5 1 0 2 3 2 3 4 0 1 4 4 5 3 5 5 1 | 14 20  0 5 1 0 9 1 0 11 1 1 6 1 1 9 1 1 10 1 2 7 1 2 9 1 2 10 1 3 8 1 3 12 1 3 13 1 4 8 2 4 12 1 5 10 1 5 11 1 6 11 1 6 13 1 7 12 1 7 13 1
R 2929 42 63 6 164 3 4 5 1 3 2 1 0 4 5 1 3 2 0 4 1 2 3 2 4 1 3 4 0 4 0 3 0 2 3 1 0 2 0 1 4 2 4 1 0 2 3 0 1 2 0 4 5 2 5 3 2 0 4 1 5 3 4 5 3 5 5 1 | 14 20  0 5 1 0 9 1 0 11 1 1 6 1 1 9 1 1 10 1 2 7 1 2 9 1 2 10 1 3 8 1 3 12 1 3 13 1 4 8 2 4 12 1 5 10 1 5 12 1 6 11 1 6 13 1 7 11 1 7 13 1
R 2930 42 63 6 63 3 4 5 1 3 2 1 0 4 2 1 4 5 0 3 1 2 3 2 4 1 3 5 0 3 0 4 0 2 3 1 0 2 0 1 5 1 3 2 0 2 4 0 1 2 0 4 5 2 5 3 5 0 3 1 2 4 4 5 3 5 4 1 | 14 20  0 5 1 0 9 1 0 11 1 1 6 1 1 9 1 1 10 1 2 7 1 2 9 1 2 10 1 3 8 1 3 12 1 3 13 1 4 8 2 4 12 1 5 10 1 5 13 1 6 11 1 6 12 1 7 11 1 7 13 1
R 2931 42 63 6 173 3 4 5 1 5 2 0 4 1 2 1 4 5 0 3 1 2 3 0 2 4 1 5 0 3 0 4 0 2 3 0 3 5 1 3 4 3 1 5 0 2 1 0 1 2 3 4 0 3 5 2 5 0 3 1 2 4 4 5 1 5 2 4 | 14 20  0 5 1 0 9 1 0 12 1 1 6 1 1 9 1 1 11 1 2 7 1 2 9 1 2 10 1 3 8 1 3 12 1 3 13 1 4 8 2 4 12 1 5 10 1 5 11 1 6 10 1 6 13 1 7 11 1 7 13 1
R 2932 42 63 6 381 3 4 5 1 0 2 1 3 2 0 3 1 2 4 5 1 2 3 2 4 5 5 4 1 5 4 3 0 2 3 1 0 3 1 0 2 1 4 3 0 5 2 0 1 2 3 4 5 0 4 5 2 5 4 0 1 3 4 5 0 1 2 3 | 14 20  0 5 1 0 9 1 0 10 1 1 6 1 1 9 1 1 10 1 2 7 1 2 10 1 2 11 1 3 8 1 3 9 1 3 13 1 4 8 2 4 11 1 5 11 1 5 12 1 6 12 1 6 13 1 7 12 1 7 13 1
R 2933 42 63 6 652 3 4 5 1 0 2 1 5 2 3 0 1 2 4 5 1 2 3 4 2 0 4 3 1 5 1 0 0 2 3 1 0 3 0 1 2 4 3 0 3 2 4 0 1 2 3 4 5 0 4 3 2 4 5 3 1 0 4 5 5 1 2 5 | 14 20  0 5 1 0 9 1 0 10 1 1 6 1 1 9 1 1 10 1 2 7 1 2 10 1 2 11 1 3 8 2 3 9 1 4 8 1 4 12 1 4 13 1 5 11 1 5 12 1 6 11 1 6 13 1 7 12 1 7 13 1
R 2934 42 63 6 73 3 4 5 1 0 2 1 0 2 0 4 1 3 1 2 1 2 3 4 5 0 4 2 5 2 1 5 0 2 3 1 0 3 0 3 2 4 1 3 3 4 0 0 1 2 3 4 5 3 4 5 3 5 2 0 4 5 4 5 1 2 0 1 | 14 20  0 5 1 0 9 1 0 10 1 1 6 1 1 9 1 1 10 1 2 7 1 2 10 1 2 13 1 3 8 1 3 9 1 3 13 1 4 8 2 4 11 1 5 11 1 5 12 1 6 11 1 6 12 1 7 12 1 7 13 1
R 2935 42 63 6 211 3 4 5 1 0 2 1 0 2 0 2 1 4 3 5 1 2 3 4 5 0 2 4 1 5 3 2 0 2 3 1 0 3 1 3 4 2 0 3 0 4 1 0 1 2 3 4 5 3 4 5 4 5 3 0 1 2 4 5 1 2 0 5 | 14 20  0 5 1 0 9 1 0 10 1 1 6 1 1 9 1 1 10 1 2 7 1 2 10 1 2 11 1 3 8 1 3 9 1 3 13 1 4 8 2 4 11 1 5 12 1 5 13 1 6 12 1 6 13 1 7 11 1 7 12 1
R 2936 42 63 6 224 3 4 5 1 0 2 1 0 2 0 4 1 3 1 5 1 2 3 4 2 5 2 5 0 5 1 2 0 2 3 1 0 3 2 5 3 0 3 1 3 4 0 0 1 2 3 4 5 3 4 5 3 5 2 0 4 2 4 5 0 1 1 4 | 14 20  0 5 1 0 9 1 0 10 1 1 6 1 1 9 1 1 10 1 2 7 1 2 10 1 2 13 1 3 8 1 3 9 1 3 13 1 4 8 2 4 12 1 5 11 1 5 12 1 6 11 1 6 13 1 7 11 1 7 12 1
R 2937 42 63 6 114 3 4 5 1 0 2 0 3 1 0 2 1 3 1 5 1 2 3 2 4 5 5 2 0 5 1 4 0 2 3 1 0 3 2 3 0 1 4 2 0 5 3 0 1 2 3 4 5 4 5 2 3 5 4 0 2 4 4 5 1 0 3 1 | 14 20  0 5 1 0 9 1 0 10 1 1 6 1 1 9 1 1 10 1 2 7 1 2 11 1 2 13 1 3 8 1 3 9 1 3 13 1 4 8 2 4 10 1 5 11 1 5 12 1 6 11 1 6 12 1 7 12 1 7 13 1
R 2938 42 63 NOT6 B chi=7 | 14 20  0 5 1 0 9 1 0 10 1 1 6 1 1 9 1 1 10 1 2 7 2 2 12 1 3 8 1 3 9 1 3 11 1 4 8 1 4 10 1 4 12 1 5 11 1 5 13 1 6 11 1 6 13 1 7 12 1 8 13 1
R 2939 42 63 NOT6 B chi=7 | 14 20  0 5 1 0 9 1 0 10 1 1 6 1 1 9 1 1 10 1 2 7 2 2 12 1 3 8 1 3 9 1 3 11 1 4 8 1 4 10 1 4 13 1 5 11 1 5 13 1 6 11 1 6 13 1 7 12 1 8 12 1
R 2940 42 63 6 219 3 4 5 1 3 2 0 1 4 0 2 1 3 1 5 1 2 3 4 2 5 3 4 0 5 1 2 0 2 3 1 0 2 4 3 0 0 1 4 0 2 3 0 1 2 0 4 5 2 3 5 3 5 4 0 4 2 4 5 1 3 5 1 | 14 20  0 5 1 0 9 1 0 12 1 1 6 1 1 9 1 1 10 1 2 7 1 2 10 1 2 13 1 3 8 1 3 9 1 3 13 1 4 8 2 4 11 1 5 10 1 5 11 1 6 11 1 6 12 1 7 12 1 7 13 1
R 2941 42 63 6 238 3 4 5 1 3 2 0 1 4 0 3 1 4 2 5 1 2 3 2 5 1 4 5 0 5 2 1 0 2 3 1 0 2 0 3 5 0 2 4 0 4 1 0 1 2 0 4 5 2 3 5 4 5 2 0 3 1 4 5 4 3 1 3 | 14 20  0 5 1 0 9 1 0 11 1 1 6 1 1 9 1 1 10 1 2 7 1 2 10 1 2 12 1 3 8 1 3 9 1 3 13 1 4 8 2 4 12 1 5 10 1 5 13 1 6 11 1 6 12 1 7 11 1 7 13 1
R 2942 42 63 6 532 3 4 5 1 3 2 0 1 4 0 3 1 4 2 5 1 2 3 4 5 2 3 5 1 5 2 1 0 2 3 1 0 2 3 0 5 3 2 4 0 4 1 0 1 2 0 4 5 2 3 5 4 5 2 0 3 1 4 5 1 3 4 0 | 14 20  0 5 1 0 9 1 0 11 1 1 6 1 1 9 1 1 10 1 2 7 1 2 10 1 2 12 1 3 8 1 3 9 1 3 13 1 4 8 2 4 12 1 5 10 1 5 13 1 6 11 1 6 13 1 7 11 1 7 12 1
R 2943 42 63 6 1711 3 4 5 1 3 2 0 1 4 0 3 1 4 1 2 1 2 3 4 2 5 3 5 0 2 1 5 0 2 3 1 0 2 0 1 2 0 3 4 0 3 4 0 1 2 0 4 5 2 3 5 4 5 2 0 3 5 4 5 3 1 4 1 | 14 20  0 5 1 0 9 1 0 12 1 1 6 1 1 9 1 1 10 1 2 7 1 2 10 1 2 13 1 3 8 1 3 9 1 3 13 1 4 8 2 4 12 1 5 10 1 5 11 1 6 11 1 6 13 1 7 11 1 7 12 1
R 2944 42 63 6 456 3 4 5 2 4 1 0 1 2 1 5 0 2 0 4 1 2 3 0 1 4 2 3 5 4 0 1 0 2 4 3 2 5 1 0 4 3 4 1 3 2 0 0 1 2 3 5 0 4 3 5 2 3 4 3 5 1 4 5 2 5 0 1 | 14 20  0 5 1 0 9 1 0 11 1 1 6 1 1 9 1 1 10 1 2 7 1 2 11 1 2 12 1 3 8 1 3 9 1 3 13 1 4 8 2 4 10 1 5 10 1 5 11 1 6 12 1 6 13 1 7 12 1 7 13 1
R 2945 42 63 6 429 3 4 5 1 3 2 0 1 5 0 3 1 2 4 5 1 2 3 2 4 1 5 2 0 5 4 3 0 2 3 1 0 2 1 0 3 0 1 2 0 3 5 0 1 2 0 4 5 3 4 2 2 5 4 0 1 3 4 5 5 3 4 1 | 14 20  0 5 1 0 9 1 0 11 1 1 6 1 1 9 1 1 10 1 2 7 1 2 11 1 2 13 1 3 8 1 3 9 1 3 13 1 4 8 2 4 10 1 5 10 1 5 12 1 6 11 1 6 12 1 7 12 1 7 13 1
R 2946 42 63 NOT6 B chi=7 | 14 20  0 5 1 0 9 1 0 11 1 1 6 1 1 9 1 1 12 1 2 7 2 2 12 1 3 8 1 3 9 1 3 10 1 4 8 1 4 11 1 4 13 1 5 10 1 5 11 1 6 10 1 6 13 1 7 12 1 8 13 1
R 2947 42 63 NOT6 B chi=7 | 14 20  0 5 1 0 9 1 0 11 1 1 6 1 1 9 1 1 13 1 2 7 2 2 12 1 3 8 1 3 9 1 3 10 1 4 8 1 4 11 1 4 12 1 5 10 1 5 11 1 6 10 1 6 13 1 7 12 1 8 13 1
R 2948 42 63 NOT6 B chi=7 | 14 20  0 5 1 0 9 1 0 13 1 1 6 1 1 9 1 1 11 1 2 7 2 2 12 1 3 8 1 3 9 1 3 10 1 4 8 1 4 11 1 4 12 1 5 10 1 5 11 1 6 10 1 6 13 1 7 12 1 8 13 1
R 2949 42 63 NOT6 B chi=7 | 14 20  0 5 1 0 9 1 0 11 1 1 6 1 1 10 1 1 12 1 2 7 2 2 12 1 3 8 1 3 9 1 3 10 1 4 8 1 4 9 1 4 10 1 5 11 1 5 13 1 6 11 1 6 13 1 7 12 1 8 13 1
R 2950 42 63 NOT6 B chi=7 | 14 20  0 5 1 0 9 1 0 11 1 1 6 1 1 10 1 1 13 1 2 7 2 2 12 1 3 8 1 3 9 1 3 10 1 4 8 1 4 9 1 4 13 1 5 10 1 5 11 1 6 11 1 6 12 1 7 12 1 8 13 1
R 2951 42 63 NOT6 B chi=7 | 14 20  0 5 1 0 9 1 0 11 1 1 6 1 1 11 1 1 12 1 2 7 2 2 12 1 3 8 1 3 9 1 3 10 1 4 8 1 4 9 1 4 10 1 5 10 1 5 13 1 6 11 1 6 13 1 7 12 1 8 13 1
R 2952 42 63 NOT6 B chi=7 | 14 20  0 5 1 0 9 1 0 11 1 1 6 2 1 11 1 2 7 1 2 12 1 2 13 1 3 8 1 3 9 1 3 10 1 4 8 1 4 9 1 4 10 1 5 10 1 5 13 1 6 11 1 7 12 1 7 13 1 8 12 1
R 2953 42 63 6 1256 3 4 5 1 0 2 1 0 2 5 3 4 1 0 4 1 2 3 2 3 1 5 2 0 0 4 3 0 2 5 1 0 3 1 3 2 0 3 4 1 2 4 0 1 2 4 3 5 3 4 5 1 2 0 5 2 3 4 5 5 0 4 1 | 14 20  0 5 1 0 9 1 0 10 1 1 6 1 1 9 1 1 10 1 2 7 1 2 10 1 2 11 1 3 8 2 3 11 1 4 8 1 4 12 1 4 13 1 5 9 1 5 13 1 6 12 1 6 13 1 7 11 1 7 12 1
R 2954 42 63 6 164 3 4 5 1 0 2 1 0 2 5 1 2 3 0 4 1 2 3 2 3 1 5 4 0 4 0 2 0 2 5 1 0 3 3 1 4 3 4 1 0 3 2 0 1 2 4 3 5 3 4 5 3 0 4 1 5 2 4 5 0 5 2 1 | 14 20  0 5 1 0 9 1 0 10 1 1 6 1 1 9 1 1 10 1 2 7 1 2 10 1 2 11 1 3 8 1 3 12 1 3 13 1 4 8 2 4 12 1 5 9 1 5 12 1 6 11 1 6 13 1 7 11 1 7 13 1
R 2955 42 63 6 700 3 4 5 1 0 2 1 0 2 0 1 5 2 4 5 1 2 3 2 3 1 4 5 0 5 4 3 0 2 5 1 0 3 4 1 3 1 2 0 0 2 4 0 1 2 4 3 5 3 4 5 2 4 3 0 1 3 4 5 0 5 2 1 | 14 20  0 5 1 0 9 1 0 10 1 1 6 1 1 9 1 1 10 1 2 7 1 2 10 1 2 11 1 3 8 1 3 12 1 3 13 1 4 8 2 4 12 1 5 9 1 5 13 1 6 11 1 6 12 1 7 11 1 7 13 1
R 2956 42 63 6 707 3 4 5 1 0 2 1 5 2 3 0 1 4 2 5 1 2 3 2 3 5 0 4 1 5 2 1 0 2 5 1 0 3 0 4 3 4 3 2 3 1 4 0 1 2 4 3 5 3 4 0 4 5 2 0 3 1 4 5 1 0 2 5 | 14 20  0 5 1 0 9 1 0 10 1 1 6 1 1 9 1 1 10 1 2 7 1 2 10 1 2 13 1 3 8 1 3 11 1 3 13 1 4 8 2 4 12 1 5 9 1 5 13 1 6 11 1 6 12 1 7 11 1 7 12 1
R 2957 42 63 6 214 3 4 5 1 0 2 1 0 2 3 1 2 5 0 4 1 2 3 2 3 1 4 5 0 4 0 2 0 2 5 1 0 3 4 1 3 4 3 1 0 3 2 0 1 2 4 3 5 3 4 5 5 0 4 1 3 2 4 5 0 5 2 1 | 14 20  0 5 1 0 9 1 0 10 1 1 6 1 1 9 1 1 10 1 2 7 1 2 10 1 2 12 1 3 8 1 3 12 1 3 13 1 4 8 2 4 12 1 5 9 1 5 11 1 6 11 1 6 13 1 7 11 1 7 13 1
R 2958 42 63 6 57 3 4 5 1 0 2 1 0 2 2 1 4 5 0 3 1 2 3 2 3 1 4 5 0 3 0 4 0 2 5 1 0 3 4 1 3 1 0 2 3 4 2 0 1 2 4 3 5 3 4 5 5 3 0 1 2 4 4 5 0 5 2 1 | 14 20  0 5 1 0 9 1 0 10 1 1 6 1 1 9 1 1 10 1 2 7 1 2 10 1 2 13 1 3 8 1 3 12 1 3 13 1 4 8 2 4 12 1 5 9 1 5 11 1 6 11 1 6 12 1 7 11 1 7 13 1
R 2959 42 63 6 258 3 4 5 1 0 2 1 4 5 1 0 2 3 4 5 1 2 3 2 3 5 2 0 1 5 4 2 0 2 5 1 0 3 3 4 1 0 3 4 1 3 2 0 1 2 4 3 5 3 0 2 3 4 5 0 1 2 4 5 1 0 5 4 | 14 20  0 5 1 0 9 1 0 10 1 1 6 1 1 9 1 1 10 1 2 7 1 2 11 1 2 12 1 3 8 1 3 10 1 3 13 1 4 8 2 4 11 1 5 9 1 5 11 1 6 12 1 6 13 1 7 12 1 7 13 1
R 2960 42 63 6 97 3 4 5 1 0 2 0 3 4 0 1 2 3 4 1 1 2 3 2 3 5 2 1 0 4 2 1 0 2 5 1 0 3 1 3 4 0 5 4 0 2 3 0 1 2 4 3 5 5 2 1 3 5 4 0 2 5 4 5 0 1 3 4 | 14 20  0 5 1 0 9 1 0 10 1 1 6 1 1 9 1 1 10 1 2 7 1 2 11 1 2 13 1 3 8 2 3 10 1 4 8 1 4 12 1 4 13 1 5 9 1 5 11 1 6 11 1 6 12 1 7 12 1 7 13 1
R 2961 42 63 6 129 3 4 5 1 0 2 2 5 4 1 0 2 3 4 5 1 2 3 2 3 1 3 0 5 5 4 2 0 2 5 1 0 3 1 3 4 0 1 2 1 3 4 0 1 2 4 3 5 1 3 0 3 4 5 0 1 2 4 5 0 5 4 2 | 14 20  0 5 1 0 9 1 0 10 1 1 6 1 1 9 1 1 10 1 2 7 1 2 12 1 2 13 1 3 8 1 3 10 1 3 13 1 4 8 2 4 11 1 5 9 1 5 11 1 6 11 1 6 12 1 7 12 1 7 13 1
R 2962 42 63 6 254 3 4 5 1 0 2 5 3 1 0 1 2 3 4 5 1 2 3 5 2 0 1 4 2 4 2 1 0 2 5 1 0 3 0 2 4 3 0 4 0 5 1 0 1 2 4 3 5 0 2 4 3 5 4 0 1 2 4 5 3 1 5 3 | 14 20  0 5 1 0 9 1 0 10 1 1 6 1 1 9 1 1 10 1 2 7 1 2 12 1 2 13 1 3 8 2 3 10 1 4 8 1 4 11 1 4 13 1 5 9 1 5 11 1 6 11 1 6 12 1 7 12 1 7 13 1
R 2963 42 63 NOT6 B chi=7 | 14 20  0 5 1 0 9 1 0 10 1 1 6 1 1 9 1 1 10 1 2 7 2 2 12 1 3 8 1 3 10 1 3 13 1 4 8 1 4 11 1 4 13 1 5 9 1 5 11 1 6 11 1 6 13 1 7 12 1 8 12 1
R 2964 42 63 6 112 3 4 5 1 0 2 5 2 0 0 1 2 3 4 1 1 2 3 2 3 5 4 0 5 4 2 1 0 2 5 1 0 3 1 3 0 5 1 4 0 2 4 0 1 2 4 3 5 1 4 3 3 5 4 0 2 5 4 5 0 1 2 3 | 14 20  0 5 1 0 9 1 0 10 1 1 6 1 1 9 1 1 10 1 2 7 1 2 11 1 2 12 1 3 8 2 3 10 1 4 8 1 4 12 1 4 13 1 5 9 1 5 11 1 6 12 1 6 13 1 7 11 1 7 13 1
R 2965 42 63 6 1964 3 4 5 1 0 2 4 5 1 1 5 2 3 0 2 1 2 3 2 3 0 1 0 5 2 0 4 0 2 5 1 0 3 5 0 3 3 2 1 1 3 4 0 1 2 4 3 5 3 2 0 3 4 0 1 5 4 4 5 1 5 4 2 | 14 20  0 5 1 0 9 1 0 10 1 1 6 1 1 9 1 1 10 1 2 7 1 2 11 1 2 12 1 3 8 1 3 10 1 3 13 1 4 8 2 4 12 1 5 9 1 5 13 1 6 11 1 6 12 1 7 11 1 7 13 1
R 2966 42 63 6 65 3 4 5 1 0 2 0 1 2 2 0 1 5 1 4 1 2 3 2 3 5 5 3 0 4 1 3 0 2 5 1 0 4 0 2 4 0 5 4 3 1 2 0 1 2 4 3 5 4 5 3 5 3 4 0 2 3 4 5 1 0 1 2 | 14 20  0 5 1 0 9 1 0 10 1 1 6 1 1 9 1 1 13 1 2 7 1 2 10 1 2 12 1 3 8 1 3 10 1 3 13 1 4 8 2 4 11 1 5 9 1 5 11 1 6 12 1 6 13 1 7 11 1 7 12 1
R 2967 42 63 6 61 3 4 5 1 0 2 0 3 1 3 4 5 2 0 1 1 2 3 2 3 5 4 1 0 1 0 4 0 2 5 3 0 4 0 2 3 3 1 2 1 2 4 0 1 2 4 3 5 2 5 4 2 1 0 3 5 4 4 5 1 0 5 3 | 14 20  0 5 1 0 9 1 0 10 1 1 6 1 1 9 1 1 12 1 2 7 1 2 10 1 2 11 1 3 8 1 3 10 1 3 13 1 4 8 2 4 12 1 5 9 1 5 13 1 6 11 1 6 12 1 7 11 1 7 13 1
R 2968 42 63 6 75 3 4 5 1 0 2 0 1 2 0 1 3 5 3 4 1 2 3 2 3 1 2 5 0 4 3 2 0 2 5 1 0 4 1 3 4 0 1 4 0 3 2 0 1 2 4 3 5 4 3 5 5 2 4 0 1 2 4 5 0 5 3 1 | 14 20  0 5 1 0 9 1 0 10 1 1 6 1 1 9 1 1 11 1 2 7 1 2 10 1 2 13 1 3 8 1 3 11 1 3 13 1 4 8 2 4 12 1 5 9 1 5 10 1 6 11 1 6 12 1 7 12 1 7 13 1
R 2969 42 63 6 57 3 4 5 1 0 2 0 1 2 1 0 3 2 4 5 1 2 3 2 3 1 3 5 0 2 3 0 0 2 5 1 0 4 1 3 4 0 1 4 3 4 2 0 1 2 4 3 5 4 3 5 4 5 2 1 3 0 4 5 0 5 2 1 | 14 20  0 5 1 0 9 1 0 10 1 1 6 1 1 9 1 1 11 1 2 7 1 2 10 1 2 13 1 3 8 2 3 11 1 4 8 1 4 12 1 4 13 1 5 9 1 5 10 1 6 11 1 6 12 1 7 12 1 7 13 1
R 2970 42 63 6 1401 3 4 5 1 0 2 0 1 2 0 5 4 1 2 4 1 2 3 2 3 5 5 3 1 4 2 5 0 2 5 1 0 4 3 4 1 0 3 4 1 4 2 0 1 2 4 3 5 4 3 5 1 2 3 0 3 5 4 5 0 1 2 0 | 14 20  0 5 1 0 9 1 0 10 1 1 6 1 1 9 1 1 13 1 2 7 1 2 10 1 2 11 1 3 8 1 3 11 1 3 13 1 4 8 2 4 12 1 5 9 1 5 10 1 6 11 1 6 12 1 7 12 1 7 13 1
R 2971 42 63 6 65 3 4 5 1 0 2 0 1 2 3 1 2 5 0 4 1 2 3 2 3 1 3 5 0 4 0 2 0 2 5 1 0 4 3 1 4 4 3 1 0 3 2 0 1 2 4 3 5 4 3 5 5 0 4 1 3 2 4 5 0 5 2 1 | 14 20  0 5 1 0 9 1 0 10 1 1 6 1 1 9 1 1 11 1 2 7 1 2 10 1 2 12 1 3 8 1 3 12 1 3 13 1 4 8 2 4 12 1 5 9 1 5 10 1 6 11 1 6 13 1 7 11 1 7 13 1
R 2972 42 63 6 65 3 4 5 1 0 2 0 1 2 2 1 3 5 0 4 1 2 3 2 3 1 3 5 0 4 0 3 0 2 5 1 0 4 3 1 4 1 4 2 0 3 2 0 1 2 4 3 5 4 3 5 5 0 4 1 2 3 4 5 0 5 2 1 | 14 20  0 5 1 0 9 1 0 10 1 1 6 1 1 9 1 1 11 1 2 7 1 2 10 1 2 13 1 3 8 1 3 12 1 3 13 1 4 8 2 4 12 1 5 9 1 5 10 1 6 11 1 6 12 1 7 11 1 7 13 1
R 2973 42 63 6 135 3 4 5 1 0 2 0 1 2 2 0 1 3 1 5 1 2 3 2 3 5 3 5 0 5 1 4 0 2 5 1 0 4 3 1 4 0 3 2 3 0 2 0 1 2 4 3 5 4 3 5 3 5 4 0 2 4 4 5 0 1 2 1 | 14 20  0 5 1 0 9 1 0 10 1 1 6 1 1 9 1 1 11 1 2 7 1 2 10 1 2 13 1 3 8 1 3 12 1 3 13 1 4 8 2 4 12 1 5 9 1 5 10 1 6 11 1 6 13 1 7 11 1 7 12 1
R 2974 42 63 6 843 3 4 5 1 0 2 0 4 2 0 1 3 4 3 5 1 2 3 2 3 0 1 2 4 5 3 2 0 2 5 1 0 4 4 2 3 4 0 1 3 4 0 0 1 2 4 3 5 5 3 1 4 5 2 0 1 2 4 5 1 5 0 3 | 14 20  0 5 1 0 9 1 0 10 1 1 6 1 1 9 1 1 13 1 2 7 1 2 10 1 2 13 1 3 8 1 3 11 1 3 13 1 4 8 2 4 12 1 5 9 1 5 10 1 6 11 1 6 12 1 7 11 1 7 12 1
R 2975 42 63 6 100 3 4 5 1 0 2 1 0 4 0 1 3 2 4 5 1 2 3 2 5 1 3 5 0 5 4 0 0 2 5 1 0 4 2 0 1 3 1 2 2 4 3 0 1 2 4 3 5 2 3 5 2 4 5 1 3 0 4 5 3 0 4 1 | 14 20  0 5 1 0 9 1 0 10 1 1 6 1 1 9 1 1 10 1 2 7 1 2 11 1 2 12 1 3 8 1 3 11 1 3 13 1 4 8 2 4 12 1 5 9 1 5 11 1 6 10 1 6 13 1 7 12 1 7 13 1
R 2976 42 63 NOT6 B chi=7 | 14 20  0 5 1 0 9 1 0 10 1 1 6 1 1 9 1 1 10 1 2 7 2 2 12 1 3 8 1 3 11 1 3 13 1 4 8 1 4 11 1 4 13 1 5 9 1 5 11 1 6 10 1 6 13 1 7 12 1 8 12 1
R 2977 42 63 6 216 3 4 5 1 0 2 0 1 4 1 0 3 5 2 4 1 2 3 2 5 1 3 4 5 4 2 3 0 2 5 1 0 4 1 2 4 5 4 0 2 3 1 0 1 2 4 3 5 2 3 5 5 2 4 0 1 3 4 5 3 0 1 0 | 14 20  0 5 1 0 9 1 0 10 1 1 6 1 1 9 1 1 10 1 2 7 1 2 11 1 2 13 1 3 8 1 3 12 1 3 13 1 4 8 2 4 12 1 5 9 1 5 11 1 6 10 1 6 11 1 7 12 1 7 13 1
R 2978 42 63 6 149 3 4 5 1 0 2 4 0 5 1 0 4 2 4 3 1 2 3 2 5 1 5 2 0 3 4 0 0 2 5 1 0 4 0 1 2 1 4 5 1 2 4 0 1 2 4 3 5 1 3 2 2 5 3 1 5 0 4 5 3 0 4 3 | 14 20  0 5 1 0 9 1 0 10 1 1 6 1 1 9 1 1 10 1 2 7 1 2 11 1 2 12 1 3 8 1 3 11 1 3 13 1 4 8 2 4 12 1 5 9 1 5 13 1 6 10 1 6 13 1 7 11 1 7 12 1
R 2979 42 63 6 92 3 4 5 1 0 2 1 3 2 3 0 1 2 4 5 1 2 3 2 3 0 4 0 1 2 1 0 0 2 5 0 1 3 1 3 4 4 3 5 0 2 4 0 1 2 4 3 5 5 4 0 4 5 2 3 0 1 4 5 5 1 2 3 | 14 20  0 5 1 0 9 1 0 10 1 1 6 1 1 9 1 1 11 1 2 7 1 2 10 1 2 11 1 3 8 2 3 11 1 4 8 1 4 12 1 4 13 1 5 9 1 5 13 1 6 10 1 6 12 1 7 12 1 7 13 1
R 2980 42 63 6 5045 3 4 5 1 0 2 0 1 2 1 0 5 4 3 5 1 2 3 2 3 1 2 4 5 5 3 2 0 2 5 1 0 3 3 1 4 4 3 0 1 2 4 0 1 2 4 3 5 3 4 5 4 2 3 0 1 2 4 5 5 0 0 1 | 14 20  0 5 1 0 9 1 0 10 1 1 6 1 1 9 1 1 11 1 2 7 1 2 10 1 2 12 1 3 8 1 3 11 1 3 13 1 4 8 2 4 12 1 5 9 1 5 13 1 6 10 1 6 13 1 7 11 1 7 12 1
R 2981 42 63 6 1256 3 4 5 1 0 2 0 1 2 5 3 4 1 0 4 1 2 3 2 3 1 5 2 0 0 4 3 0 2 5 1 0 3 1 3 2 0 4 3 1 2 4 0 1 2 4 3 5 3 4 5 1 2 0 5 2 3 4 5 5 0 4 1 | 14 20  0 5 1 0 9 1 0 10 1 1 6 1 1 9 1 1 11 1 2 7 1 2 10 1 2 12 1 3 8 2 3 11 1 4 8 1 4 12 1 4 13 1 5 9 1 5 13 1 6 10 1 6 13 1 7 11 1 7 12 1
R 2982 42 63 6 6859 3 4 5 1 0 2 1 4 2 3 1 0 4 0 5 1 2 3 2 3 5 0 2 5 5 0 2 0 2 5 0 3 4 1 3 2 1 3 4 4 3 0 0 1 2 4 3 5 3 5 0 4 5 2 1 3 2 4 5 1 0 4 1 | 14 20  0 5 1 0 9 1 0 10 1 1 6 1 1 9 1 1 11 1 2 7 1 2 10 1 2 12 1 3 8 1 3 12 1 3 13 1 4 8 2 4 12 1 5 9 1 5 13 1 6 10 1 6 11 1 7 11 1 7 13 1
R 2983 42 63 6 1040 3 4 5 1 0 2 1 4 2 1 0 5 3 4 5 1 2 3 2 3 5 0 2 1 5 4 2 0 2 5 0 3 4 1 3 2 3 0 1 1 3 4 0 1 2 4 3 5 3 5 0 3 4 2 0 1 2 4 5 1 0 4 5 | 14 20  0 5 1 0 9 1 0 10 1 1 6 1 1 9 1 1 11 1 2 7 1 2 10 1 2 13 1 3 8 1 3 12 1 3 13 1 4 8 2 4 12 1 5 9 1 5 12 1 6 10 1 6 11 1 7 11 1 7 13 1
R 2984 42 63 6 893 3 4 5 1 0 2 1 4 2 1 0 5 3 4 5 1 2 3 2 3 5 0 2 1 5 4 1 0 2 5 0 3 4 1 3 2 2 0 3 3 1 4 0 1 2 4 3 5 3 5 0 3 4 2 0 2 1 4 5 1 0 4 5 | 14 20  0 5 1 0 9 1 0 10 1 1 6 1 1 9 1 1 11 1 2 7 1 2 10 1 2 13 1 3 8 1 3 12 1 3 13 1 4 8 2 4 12 1 5 9 1 5 13 1 6 10 1 6 11 1 7 11 1 7 12 1
R 2985 42 63 6 363 3 4 5 1 0 2 1 5 2 4 0 1 3 1 5 1 2 3 2 3 0 2 4 5 5 1 2 0 2 5 0 1 3 2 3 4 4 3 0 3 1 4 0 1 2 4 3 5 3 4 0 3 5 2 0 4 2 4 5 5 1 0 1 | 14 20  0 5 1 0 9 1 0 10 1 1 6 1 1 9 1 1 12 1 2 7 1 2 10 1 2 13 1 3 8 1 3 11 1 3 13 1 4 8 2 4 12 1 5 9 1 5 13 1 6 10 1 6 11 1 7 11 1 7 12 1
R 2986 42 63 6 57 3 4 5 1 0 2 0 3 2 1 2 4 5 0 3 1 2 3 2 3 1 4 5 0 3 0 4 0 2 5 1 0 3 4 1 2 0 1 2 1 4 3 0 1 2 4 3 5 1 4 5 5 3 0 1 2 4 4 5 5 0 3 2 | 14 20  0 5 1 0 9 1 0 10 1 1 6 1 1 9 1 1 13 1 2 7 1 2 10 1 2 12 1 3 8 1 3 12 1 3 13 1 4 8 2 4 12 1 5 9 1 5 11 1 6 10 1 6 11 1 7 11 1 7 13 1
R 2987 42 63 NOT6 B chi=7 | 14 20  0 5 1 0 9 1 0 10 1 1 6 1 1 9 1 1 11 1 2 7 2 2 12 1 3 8 1 3 10 1 3 13 1 4 8 1 4 11 1 4 12 1 5 9 1 5 13 1 6 10 1 6 11 1 7 12 1 8 13 1
R 2988 42 63 6 721 3 4 5 1 0 2 1 0 5 1 4 2 3 0 5 1 2 3 2 3 5 5 3 0 5 0 4 0 2 5 0 3 4 3 1 2 0 2 1 3 2 5 0 1 2 4 3 5 2 3 4 3 5 0 1 2 4 4 5 1 0 4 1 | 14 20  0 5 1 0 9 1 0 10 1 1 6 1 1 9 1 1 11 1 2 7 1 2 12 1 2 13 1 3 8 1 3 10 1 3 13 1 4 8 2 4 11 1 5 9 1 5 12 1 6 10 1 6 11 1 7 12 1 7 13 1
R 2989 42 63 6 201 3 4 5 1 0 2 5 4 1 0 1 2 5 3 1 1 2 3 2 3 5 3 0 5 5 2 1 0 2 5 0 3 4 3 1 2 0 2 1 5 3 4 0 1 2 4 3 5 2 3 0 3 4 5 0 4 2 4 5 1 0 4 1 | 14 20  0 5 1 0 9 1 0 10 1 1 6 1 1 9 1 1 11 1 2 7 1 2 12 1 2 13 1 3 8 2 3 10 1 4 8 1 4 11 1 4 13 1 5 9 1 5 12 1 6 10 1 6 11 1 7 12 1 7 13 1
R 2990 42 63 NOT6 B chi=7 | 14 20  0 5 1 0 9 1 0 10 1 1 6 1 1 9 1 1 11 1 2 7 2 2 12 1 3 8 1 3 10 1 3 13 1 4 8 1 4 11 1 4 13 1 5 9 1 5 13 1 6 10 1 6 11 1 7 12 1 8 12 1
R 2991 42 63 6 375 3 4 5 1 0 2 3 5 4 0 3 2 1 4 5 1 2 3 2 3 1 2 1 5 5 4 3 0 2 5 1 0 3 1 2 4 1 3 0 0 2 4 0 1 2 4 3 5 0 2 1 1 4 5 0 2 3 4 5 5 0 4 3 | 14 20  0 5 1 0 9 1 0 10 1 1 6 1 1 9 1 1 12 1 2 7 1 2 12 1 2 13 1 3 8 1 3 10 1 3 13 1 4 8 2 4 11 1 5 9 1 5 11 1 6 10 1 6 11 1 7 12 1 7 13 1
R 2992 42 63 NOT6 B chi=7 | 14 20  0 5 1 0 9 1 0 10 1 1 6 1 1 9 1 1 13 1 2 7 2 2 12 1 3 8 1 3 10 1 3 13 1 4 8 1 4 11 1 4 13 1 5 9 1 5 11 1 6 10 1 6 11 1 7 12 1 8 12 1
R 2993 42 63 6 76 3 4 5 1 0 2 4 1 5 1 5 2 3 0 2 1 2 3 2 3 0 5 0 1 2 0 5 0 2 5 0 1 3 1 3 0 3 2 4 1 3 4 0 1 2 4 3 5 3 2 0 3 4 0 1 4 5 4 5 5 1 4 2 | 14 20  0 5 1 0 9 1 0 10 1 1 6 1 1 9 1 1 11 1 2 7 1 2 11 1 2 12 1 3 8 1 3 10 1 3 13 1 4 8 2 4 12 1 5 9 1 5 13 1 6 10 1 6 12 1 7 11 1 7 13 1
R 2994 42 63 6 214 3 4 5 1 0 2 1 2 5 1 3 2 5 0 4 1 2 3 2 3 0 3 0 1 4 0 2 0 2 5 0 1 3 2 0 4 3 4 1 1 3 4 0 1 2 4 3 5 4 3 0 5 4 0 1 3 2 4 5 5 1 5 2 | 14 20  0 5 1 0 9 1 0 10 1 1 6 1 1 9 1 1 13 1 2 7 1 2 11 1 2 12 1 3 8 1 3 10 1 3 13 1 4 8 2 4 12 1 5 9 1 5 12 1 6 10 1 6 11 1 7 11 1 7 13 1
R 2995 42 63 6 117 3 4 5 1 0 2 3 0 4 1 0 2 3 2 5 1 2 3 2 4 0 5 4 3 5 2 4 0 2 5 0 1 4 1 3 0 3 1 0 3 5 2 0 1 2 5 3 4 1 2 5 3 5 4 0 1 4 4 5 3 1 2 0 | 14 20  0 5 1 0 9 1 0 10 1 1 6 1 1 9 1 1 11 1 2 7 1 2 11 1 2 12 1 3 8 1 3 11 1 3 13 1 4 8 2 4 12 1 5 9 1 5 10 1 6 10 1 6 13 1 7 12 1 7 13 1
R 2996 42 63 6 132 3 4 5 1 0 2 3 0 4 0 1 2 4 5 1 1 2 3 2 4 0 5 2 3 5 2 1 0 2 5 0 1 4 1 3 0 3 1 0 2 4 5 0 1 2 5 3 4 1 2 5 3 4 5 0 2 3 4 5 3 1 4 0 | 14 20  0 5 1 0 9 1 0 10 1 1 6 1 1 9 1 1 11 1 2 7 1 2 11 1 2 12 1 3 8 2 3 11 1 4 8 1 4 12 1 4 13 1 5 9 1 5 10 1 6 10 1 6 13 1 7 12 1 7 13 1
R 2997 42 63 NOT6 B chi=7 | 14 20  0 5 1 0 9 1 0 10 1 1 6 1 1 9 1 1 11 1 2 7 2 2 12 1 3 8 1 3 11 1 3 13 1 4 8 1 4 11 1 4 13 1 5 9 1 5 10 1 6 10 1 6 13 1 7 12 1 8 12 1
R 2998 42 63 6 925 3 4 5 1 0 2 1 2 4 2 1 3 0 4 5 1 2 3 2 4 0 0 4 5 5 4 3 0 2 5 0 1 4 3 5 2 0 4 1 0 3 2 0 1 2 5 3 4 3 0 5 0 5 4 1 2 3 4 5 3 1 2 1 | 14 20  0 5 1 0 9 1 0 10 1 1 6 1 1 9 1 1 11 1 2 7 1 2 11 1 2 13 1 3 8 1 3 12 1 3 13 1 4 8 2 4 12 1 5 9 1 5 10 1 6 10 1 6 11 1 7 12 1 7 13 1
R 2999 42 63 6 145 3 4 5 1 0 2 4 5 3 2 1 4 0 3 1 1 2 3 2 4 0 1 2 4 0 4 1 0 2 5 0 1 4 3 5 2 2 0 3 4 1 0 0 1 2 5 3 4 0 1 2 3 5 0 2 4 5 4 5 3 1 5 3 | 14 20  0 5 1 0 9 1 0 10 1 1 6 1 1 9 1 1 11 1 2 7 1 2 12 1 2 13 1 3 8 2 3 11 1 4 8 1 4 12 1 4 13 1 5 9 1 5 10 1 6 10 1 6 11 1 7 12 1 7 13 1
R 3000 42 63 6 685 3 4 5 1 0 2 3 1 4 0 1 5 2 3 5 1 2 3 2 4 0 2 4 1 5 3 4 0 2 5 0 1 4 1 3 0 2 0 1 2 0 5 0 1 2 5 3 4 0 2 5 2 3 4 0 1 4 4 5 3 1 5 3 | 14 20  0 5 1 0 9 1 0 10 1 1 6 1 1 9 1 1 11 1 2 7 1 2 11 1 2 12 1 3 8 1 3 12 1 3 13 1 4 8 2 4 12 1 5 9 1 5 10 1 6 10 1 6 13 1 7 11 1 7 13 1
R 3001 42 63 NOT6 B chi=7 | 14 20  0 5 1 0 9 1 0 10 1 1 6 1 1 9 1 1 12 1 2 7 2 2 12 1 3 8 1 3 11 1 3 13 1 4 8 1 4 11 1 4 13 1 5 9 1 5 10 1 6 10 1 6 13 1 7 12 1 8 11 1
R 3002 42 63 6 164 3 4 5 1 0 2 1 0 3 5 1 2 3 0 4 1 2 3 2 3 1 2 5 0 4 0 2 0 2 5 0 1 4 1 3 4 3 4 1 0 3 2 0 1 2 4 3 5 4 5 2 3 0 4 1 5 2 4 5 0 5 3 1 | 14 20  0 5 1 0 9 1 0 10 1 1 6 1 1 9 1 1 11 1 2 7 1 2 10 1 2 11 1 3 8 1 3 12 1 3 13 1 4 8 2 4 12 1 5 9 1 5 12 1 6 11 1 6 13 1 7 10 1 7 13 1
R 3003 42 63 6 111 3 4 5 1 0 2 3 0 1 3 4 5 2 0 1 1 2 3 2 3 5 4 5 0 1 0 4 0 2 5 0 3 5 2 3 4 3 1 2 0 2 4 0 1 2 4 3 5 2 4 5 2 0 1 3 5 4 4 5 1 0 1 3 | 14 20  0 5 1 0 9 1 0 10 1 1 6 1 1 9 1 1 12 1 2 7 1 2 10 1 2 11 1 3 8 1 3 11 1 3 13 1 4 8 2 4 12 1 5 9 1 5 13 1 6 11 1 6 12 1 7 10 1 7 13 1
R 3004 42 63 6 124 3 4 5 1 0 2 3 1 2 0 1 2 3 4 5 1 2 3 2 3 0 0 4 1 5 4 2 0 2 5 1 3 4 0 1 3 3 1 0 4 0 2 0 1 2 4 3 5 5 0 4 3 4 5 0 1 2 4 5 5 1 2 3 | 14 20  0 5 1 0 9 1 0 11 1 1 6 1 1 9 1 1 10 1 2 7 1 2 10 1 2 11 1 3 8 1 3 12 1 3 13 1 4 8 2 4 12 1 5 9 1 5 12 1 6 11 1 6 13 1 7 10 1 7 13 1
R 3005 42 63 6 117 3 4 5 1 0 2 3 1 2 1 0 3 5 2 4 1 2 3 2 3 0 0 4 1 4 2 3 0 2 5 1 3 4 0 1 3 0 4 5 1 2 0 0 1 2 4 3 5 5 0 4 5 2 4 0 1 3 4 5 5 1 2 3 | 14 20  0 5 1 0 9 1 0 11 1 1 6 1 1 9 1 1 10 1 2 7 1 2 10 1 2 11 1 3 8 1 3 12 1 3 13 1 4 8 2 4 12 1 5 9 1 5 13 1 6 11 1 6 12 1 7 10 1 7 13 1
R 3006 42 63 6 779 3 4 5 1 0 2 4 3 0 1 0 2 4 3 2 1 2 3 4 3 0 5 2 4 2 3 0 0 2 5 0 1 3 4 1 5 4 0 2 4 1 3 0 1 2 5 4 3 1 5 2 4 3 5 1 5 0 4 5 2 1 3 0 | 14 20  0 5 1 0 9 1 0 10 1 1 6 1 1 10 1 1 11 1 2 7 1 2 10 1 2 13 1 3 8 1 3 9 1 3 13 1 4 8 2 4 11 1 5 9 1 5 12 1 6 11 1 6 12 1 7 12 1 7 13 1
R 3007 42 63 6 802 3 4 5 1 0 2 0 1 2 0 1 2 3 4 1 1 2 3 4 5 0 4 2 5 3 2 1 0 2 5 0 1 3 0 3 1 4 3 0 2 3 4 0 1 2 3 4 5 3 5 4 4 5 3 0 2 5 4 5 2 1 1 0 | 14 20  0 5 1 0 9 1 0 10 1 1 6 1 1 10 1 1 12 1 2 7 1 2 10 1 2 11 1 3 8 2 3 9 1 4 8 1 4 12 1 4 13 1 5 9 1 5 11 1 6 11 1 6 13 1 7 12 1 7 13 1
R 3008 42 63 NOT6 B chi=7 | 14 20  0 5 1 0 9 1 0 10 1 1 6 1 1 10 1 1 11 1 2 7 2 2 12 1 3 8 1 3 9 1 3 10 1 4 8 1 4 11 1 4 13 1 5 9 1 5 13 1 6 11 1 6 13 1 7 12 1 8 12 1
R 3009 42 63 6 68 3 4 5 0 4 2 0 3 1 0 1 2 3 4 1 1 2 3 1 2 0 5 2 3 3 2 1 0 2 5 1 0 4 3 0 4 2 0 4 3 5 1 0 1 2 5 3 1 4 2 5 4 5 3 0 5 2 4 5 3 4 1 0 | 14 20  0 5 1 0 9 1 0 10 1 1 6 1 1 10 1 1 11 1 2 7 1 2 11 1 2 12 1 3 8 2 3 9 1 4 8 1 4 10 1 4 13 1 5 9 1 5 11 1 6 12 1 6 13 1 7 12 1 7 13 1
R 3010 42 63 6 76 3 4 5 0 2 1 0 5 4 1 0 2 4 3 2 1 2 3 1 4 5 2 1 5 2 3 0 0 2 5 3 1 4 5 3 2 0 1 3 1 3 4 0 1 2 3 5 4 3 1 2 4 3 5 1 5 0 4 5 0 2 4 0 | 14 20  0 5 1 0 9 1 0 10 1 1 6 1 1 10 1 1 11 1 2 7 1 2 11 1 2 13 1 3 8 1 3 9 1 3 13 1 4 8 2 4 10 1 5 9 1 5 12 1 6 11 1 6 12 1 7 12 1 7 13 1
R 3011 42 63 6 57 3 4 5 0 1 2 0 3 4 0 1 2 3 4 1 1 2 3 2 3 5 1 2 0 3 2 1 0 2 5 1 0 4 3 4 1 0 4 2 0 5 3 0 1 2 4 3 5 5 2 1 4 5 3 0 5 2 4 5 0 1 3 4 | 14 20  0 5 1 0 9 1 0 10 1 1 6 1 1 10 1 1 11 1 2 7 1 2 11 1 2 13 1 3 8 2 3 9 1 4 8 1 4 10 1 4 13 1 5 9 1 5 12 1 6 11 1 6 12 1 7 12 1 7 13 1
R 3012 42 63 NOT6 B chi=7 | 14 20  0 5 1 0 9 1 0 10 1 1 6 1 1 11 1 1 12 1 2 7 2 2 12 1 3 8 1 3 9 1 3 10 1 4 8 1 4 10 1 4 13 1 5 9 1 5 11 1 6 11 1 6 13 1 7 12 1 8 13 1
R 3013 42 63 6 57 3 4 5 0 1 2 0 3 1 0 1 2 3 4 2 1 2 3 2 3 5 1 5 0 3 2 1 0 2 5 1 0 4 3 0 4 0 2 4 1 3 4 0 1 2 4 3 5 4 2 5 4 5 3 0 1 5 4 5 1 0 3 2 | 14 20  0 5 1 0 9 1 0 10 1 1 6 1 1 10 1 1 11 1 2 7 1 2 11 1 2 12 1 3 8 2 3 9 1 4 8 1 4 11 1 4 13 1 5 9 1 5 10 1 6 12 1 6 13 1 7 12 1 7 13 1
R 3014 42 63 6 93 3 4 5 0 1 2 0 3 4 0 1 2 3 4 1 1 2 3 2 3 5 2 1 0 3 2 1 0 2 5 1 0 4 3 4 1 0 5 4 0 2 3 0 1 2 4 3 5 5 2 1 4 5 3 0 2 5 4 5 0 1 3 4 | 14 20  0 5 1 0 9 1 0 10 1 1 6 1 1 10 1 1 11 1 2 7 1 2 11 1 2 13 1 3 8 2 3 9 1 4 8 1 4 12 1 4 13 1 5 9 1 5 10 1 6 11 1 6 12 1 7 12 1 7 13 1
R 3015 42 63 NOT6 B chi=7 | 14 20  0 5 1 0 9 1 0 10 1 1 6 1 1 10 1 1 11 1 2 7 2 2 12 1 3 8 1 3 9 1 3 12 1 4 8 1 4 11 1 4 13 1 5 9 1 5 10 1 6 11 1 6 13 1 7 12 1 8 13 1
R 3016 42 63 6 305 3 4 5 0 1 2 1 5 2 1 0 2 4 3 5 1 2 3 2 3 5 4 0 1 5 3 2 0 2 5 1 0 4 4 3 1 0 3 2 1 4 3 0 1 2 4 3 5 3 4 0 4 3 5 0 1 2 4 5 0 1 5 2 | 14 20  0 5 1 0 9 1 0 10 1 1 6 1 1 10 1 1 11 1 2 7 1 2 12 1 2 13 1 3 8 1 3 9 1 3 13 1 4 8 2 4 11 1 5 9 1 5 10 1 6 11 1 6 12 1 7 12 1 7 13 1
R 3017 42 63 6 158 3 4 5 0 1 2 4 5 2 0 1 2 3 4 1 1 2 3 2 3 0 3 1 5 3 2 1 0 2 5 1 0 4 0 3 4 1 0 2 0 4 3 0 1 2 4 3 5 0 3 1 4 5 3 0 2 5 4 5 1 5 4 2 | 14 20  0 5 1 0 9 1 0 10 1 1 6 1 1 10 1 1 11 1 2 7 1 2 12 1 2 13 1 3 8 2 3 9 1 4 8 1 4 11 1 4 13 1 5 9 1 5 10 1 6 11 1 6 12 1 7 12 1 7 13 1
R 3018 42 63 NOT6 B chi=7 | 14 20  0 5 1 0 9 1 0 10 1 1 6 1 1 10 1 1 11 1 2 7 2 2 12 1 3 8 1 3 9 1 3 13 1 4 8 1 4 11 1 4 13 1 5 9 1 5 10 1 6 11 1 6 13 1 7 12 1 8 12 1
R 3019 42 63 6 124 3 4 5 0 1 2 5 2 0 0 1 2 3 4 1 1 2 3 2 3 5 1 0 5 3 2 1 0 2 5 1 0 4 3 0 4 5 1 4 0 2 4 0 1 2 4 3 5 4 1 3 4 5 3 0 2 5 4 5 0 1 2 3 | 14 20  0 5 1 0 9 1 0 10 1 1 6 1 1 10 1 1 11 1 2 7 1 2 11 1 2 12 1 3 8 2 3 9 1 4 8 1 4 12 1 4 13 1 5 9 1 5 10 1 6 12 1 6 13 1 7 11 1 7 13 1
R 3020 42 63 NOT6 B chi=7 | 14 20  0 5 1 0 9 1 0 10 1 1 6 1 1 10 1 1 12 1 2 7 2 2 12 1 3 8 1 3 9 1 3 13 1 4 8 1 4 11 1 4 13 1 5 9 1 5 10 1 6 11 1 6 13 1 7 12 1 8 11 1
R 3021 42 63 6 130 3 4 5 0 5 3 1 3 4 1 0 2 4 2 5 1 2 3 2 3 4 0 2 1 5 2 3 0 2 5 1 0 4 2 1 3 1 4 5 1 0 3 0 1 2 1 4 2 5 0 2 4 3 5 0 1 3 4 5 5 0 3 4 | 14 20  0 5 1 0 9 1 0 10 1 1 6 1 1 11 1 1 12 1 2 7 1 2 11 1 2 13 1 3 8 1 3 9 1 3 13 1 4 8 2 4 10 1 5 9 1 5 10 1 6 11 1 6 12 1 7 12 1 7 13 1
R 3022 42 63 NOT6 B chi=7 | 14 20  0 5 1 0 9 1 0 10 1 1 6 1 1 11 1 1 12 1 2 7 2 2 12 1 3 8 1 3 9 1 3 11 1 4 8 1 4 10 1 4 13 1 5 9 1 5 10 1 6 11 1 6 13 1 7 12 1 8 13 1
R 3023 42 63 NOT6 B chi=7 | 14 20  0 5 1 0 9 1 0 10 1 1 6 1 1 11 1 1 13 1 2 7 2 2 12 1 3 8 1 3 9 1 3 11 1 4 8 1 4 10 1 4 12 1 5 9 1 5 10 1 6 11 1 6 13 1 7 12 1 8 13 1
R 3024 42 63 NOT6 B chi=7 | 14 20  0 5 1 0 9 1 0 10 1 1 6 1 1 11 1 1 12 1 2 7 2 2 12 1 3 8 1 3 9 1 3 13 1 4 8 1 4 10 1 4 13 1 5 9 1 5 10 1 6 11 1 6 13 1 7 12 1 8 11 1
R 3025 42 63 NOT6 B chi=7 | 14 20  0 5 1 0 9 1 0 10 1 1 6 2 1 11 1 2 7 1 2 12 1 2 13 1 3 8 1 3 9 1 3 12 1 4 8 1 4 10 1 4 13 1 5 9 1 5 10 1 6 11 1 7 12 1 7 13 1 8 11 1
R 3026 42 63 6 227 3 4 5 1 5 2 5 1 0 0 1 2 3 4 1 1 2 3 2 3 4 2 0 5 3 2 1 0 2 5 0 1 3 1 0 4 5 3 0 0 3 2 0 1 2 0 4 3 3 2 4 4 5 3 0 2 5 4 5 5 1 1 4 | 14 20  0 5 1 0 9 1 0 10 1 1 6 1 1 10 1 1 11 1 2 7 1 2 11 1 2 12 1 3 8 2 3 9 1 4 8 1 4 12 1 4 13 1 5 9 1 5 11 1 6 10 1 6 13 1 7 12 1 7 13 1
R 3027 42 63 NOT6 B chi=7 | 14 20  0 5 1 0 9 1 0 11 1 1 6 1 1 10 1 1 11 1 2 7 2 2 12 1 3 8 1 3 9 1 3 10 1 4 8 1 4 11 1 4 12 1 5 9 1 5 13 1 6 10 1 6 13 1 7 12 1 8 13 1
R 3028 42 63 NOT6 B chi=7 | 14 20  0 5 1 0 9 1 0 12 1 1 6 1 1 9 1 1 10 1 2 7 2 2 12 1 3 8 1 3 10 1 3 11 1 4 8 1 4 11 1 4 13 1 5 10 1 5 13 1 6 11 1 6 13 1 7 12 1 8 9 1
R 3029 42 63 NOT6 B chi=7 | 14 20  0 5 1 0 9 1 0 13 1 1 6 1 1 9 1 1 10 1 2 7 2 2 12 1 3 8 1 3 10 1 3 11 1 4 8 1 4 11 1 4 13 1 5 10 1 5 12 1 6 11 1 6 13 1 7 12 1 8 9 1
R 3030 42 63 NOT6 B chi=7 | 14 20  0 5 1 0 9 1 0 10 1 1 6 1 1 9 1 1 12 1 2 7 2 2 12 1 3 8 1 3 11 1 3 13 1 4 8 1 4 11 1 4 13 1 5 10 1 5 11 1 6 10 1 6 13 1 7 12 1 8 9 1
R 3031 42 63 NOT6 B chi=7 | 14 20  0 5 1 0 9 1 0 10 1 1 6 1 1 9 1 1 13 1 2 7 2 2 12 1 3 8 1 3 11 1 3 13 1 4 8 1 4 11 1 4 13 1 5 10 1 5 11 1 6 10 1 6 12 1 7 12 1 8 9 1
R 3032 42 63 NOT6 B chi=7 | 14 20  0 5 1 0 9 1 0 10 1 1 6 1 1 10 1 1 12 1 2 7 2 2 12 1 3 8 1 3 9 1 3 13 1 4 8 1 4 10 1 4 11 1 5 11 1 5 13 1 6 11 1 6 13 1 7 12 1 8 9 1
R 3033 42 63 NOT6 B chi=7 | 14 20  0 5 1 0 9 1 0 10 1 1 6 1 1 10 1 1 13 1 2 7 2 2 12 1 3 8 1 3 9 1 3 13 1 4 8 1 4 10 1 4 11 1 5 11 1 5 13 1 6 11 1 6 12 1 7 12 1 8 9 1
R 3034 42 63 NOT6 B chi=7 | 14 20  0 5 1 0 9 1 0 12 1 1 6 1 1 10 1 1 13 1 2 7 2 2 12 1 3 8 1 3 9 1 3 10 1 4 8 1 4 10 1 4 11 1 5 11 1 5 13 1 6 11 1 6 13 1 7 12 1 8 9 1
R 3035 42 63 NOT6 B chi=7 | 14 20  0 5 1 0 9 1 0 13 1 1 6 1 1 10 1 1 12 1 2 7 2 2 12 1 3 8 1 3 9 1 3 10 1 4 8 1 4 10 1 4 11 1 5 11 1 5 13 1 6 11 1 6 13 1 7 12 1 8 9 1
R 3036 42 63 NOT6 B chi=7 | 14 20  0 5 1 0 9 1 0 10 1 1 6 1 1 10 1 1 12 1 2 7 2 2 12 1 3 8 1 3 9 1 3 13 1 4 8 1 4 11 1 4 13 1 5 10 1 5 11 1 6 11 1 6 13 1 7 12 1 8 9 1
R 3037 42 63 NOT6 B chi=7 | 14 20  0 5 1 0 9 1 0 10 1 1 6 1 1 10 1 1 13 1 2 7 2 2 12 1 3 8 1 3 9 1 3 13 1 4 8 1 4 11 1 4 13 1 5 10 1 5 11 1 6 11 1 6 12 1 7 12 1 8 9 1
R 3038 42 63 NOT6 B chi=7 | 14 20  0 5 1 0 9 1 0 12 1 1 6 1 1 10 1 1 11 1 2 7 2 2 12 1 3 8 1 3 9 1 3 10 1 4 8 1 4 11 1 4 13 1 5 10 1 5 13 1 6 11 1 6 13 1 7 12 1 8 9 1
R 3039 42 63 NOT6 B chi=7 | 14 20  0 5 1 0 9 1 0 13 1 1 6 1 1 10 1 1 11 1 2 7 2 2 12 1 3 8 1 3 9 1 3 10 1 4 8 1 4 11 1 4 13 1 5 10 1 5 12 1 6 11 1 6 13 1 7 12 1 8 9 1
R 3040 42 63 NOT6 B chi=7 | 14 20  0 5 1 0 9 1 0 10 1 1 6 1 1 11 1 1 12 1 2 7 2 2 12 1 3 8 1 3 9 1 3 13 1 4 8 1 4 10 1 4 11 1 5 10 1 5 13 1 6 11 1 6 13 1 7 12 1 8 9 1
R 3041 42 63 NOT6 B chi=7 | 14 20  0 5 1 0 9 1 0 11 1 1 6 1 1 11 1 1 12 1 2 7 2 2 12 1 3 8 1 3 9 1 3 10 1 4 8 1 4 10 1 4 13 1 5 10 1 5 13 1 6 11 1 6 13 1 7 12 1 8 9 1
R 3042 42 63 NOT6 B chi=7 | 14 20  0 5 1 0 9 1 0 11 1 1 6 2 1 11 1 2 7 1 2 12 1 2 13 1 3 8 1 3 9 1 3 10 1 4 8 1 4 10 1 4 12 1 5 10 1 5 13 1 6 11 1 7 12 1 7 13 1 8 9 1
R 3043 42 63 NOT6 B chi=7 | 14 20  0 5 1 0 9 1 0 13 1 1 6 1 1 11 1 1 12 1 2 7 2 2 12 1 3 8 1 3 9 1 3 10 1 4 8 1 4 10 1 4 11 1 5 10 1 5 13 1 6 11 1 6 13 1 7 12 1 8 9 1
R 3044 42 63 NOT6 B chi=7 | 14 20  0 5 1 0 9 1 0 13 1 1 6 1 1 11 1 1 12 1 2 7 2 2 12 1 3 8 1 3 9 1 3 10 1 4 8 1 4 10 1 4 13 1 5 10 1 5 11 1 6 11 1 6 13 1 7 12 1 8 9 1
R 3045 42 63 NOT6 B chi=7 | 14 20  0 5 1 0 9 1 0 13 1 1 6 2 1 11 1 2 7 1 2 12 1 2 13 1 3 8 1 3 9 1 3 10 1 4 8 1 4 10 1 4 12 1 5 10 1 5 11 1 6 11 1 7 12 1 7 13 1 8 9 1
R 3046 42 63 NOT6 B chi=7 | 14 20  0 5 1 0 9 1 0 12 1 1 6 1 1 10 1 1 11 1 2 7 2 2 12 1 3 8 1 3 9 1 3 10 1 4 8 1 4 11 1 4 13 1 5 11 1 5 13 1 6 10 1 6 13 1 7 12 1 8 9 1
R 3047 42 63 NOT6 B chi=7 | 14 20  0 5 1 0 10 1 0 11 1 1 6 1 1 10 1 1 13 1 2 7 2 2 12 1 3 8 1 3 9 1 3 10 1 4 8 1 4 9 1 4 13 1 5 11 1 5 13 1 6 11 1 6 12 1 7 12 1 8 9 1
R 3048 42 63 NOT6 B chi=7 | 14 20  0 5 1 0 10 1 0 11 1 1 6 2 1 11 1 2 7 1 2 12 1 2 13 1 3 8 1 3 9 1 3 10 1 4 8 1 4 9 1 4 10 1 5 12 1 5 13 1 6 11 1 7 12 1 7 13 1 8 9 1
R 3049 42 63 NOT6 B chi=7 | 14 20  0 5 1 0 10 1 0 13 1 1 6 1 1 11 1 1 12 1 2 7 2 2 12 1 3 8 1 3 9 1 3 10 1 4 8 1 4 9 1 4 10 1 5 11 1 5 13 1 6 11 1 6 13 1 7 12 1 8 9 1
R 3050 42 63 NOT6 B chi=7 | 14 20  0 5 1 0 10 1 0 11 1 1 6 2 1 11 1 2 7 1 2 12 1 2 13 1 3 8 1 3 9 1 3 10 1 4 8 1 4 9 1 4 12 1 5 10 1 5 13 1 6 11 1 7 12 1 7 13 1 8 9 1
R 3051 42 63 NOT6 B chi=7 | 14 20  0 5 1 0 9 1 0 10 1 1 6 1 1 10 1 1 13 1 2 7 2 2 12 1 3 8 1 3 10 1 3 11 1 4 8 1 4 11 1 4 13 1 5 9 1 5 13 1 6 11 1 6 12 1 7 12 1 8 9 1
R 3052 42 63 NOT6 B chi=7 | 14 20  0 5 1 0 9 1 0 10 1 1 6 1 1 11 1 1 12 1 2 7 2 2 12 1 3 8 1 3 10 1 3 13 1 4 8 1 4 10 1 4 13 1 5 9 1 5 11 1 6 11 1 6 13 1 7 12 1 8 9 1
R 3053 42 63 NOT6 A+B chi=-1 | 14 18  0 5 1 0 8 1 0 11 1 1 6 1 1 9 2 2 7 1 2 10 2 3 9 1 3 11 1 3 12 1 4 10 1 4 11 1 4 13 1 5 8 2 6 12 1 6 13 1 7 12 1 7 13 1
R 3054 42 63 6 103 3 4 5 2 4 3 0 3 4 1 0 2 1 0 2 1 2 3 0 3 1 1 4 3 0 2 5 5 4 2 2 0 5 0 1 3 3 1 2 0 1 4 0 1 2 5 0 1 2 5 1 3 4 5 3 4 5 4 5 4 2 0 3 | 14 18  0 5 1 0 8 1 0 11 1 1 6 1 1 9 2 2 7 2 2 10 1 3 9 1 3 11 1 3 12 1 4 10 2 4 11 1 5 8 1 5 13 1 6 12 1 6 13 1 7 12 1 8 13 1
R 3055 42 63 NOT6 A+B chi=-1 | 14 18  0 5 1 0 8 1 0 11 1 1 6 2 1 9 1 2 7 1 2 10 2 3 9 1 3 11 1 3 12 1 4 10 1 4 11 1 4 13 1 5 8 2 6 12 1 7 12 1 7 13 1 9 13 1
R 3056 42 63 NOT6 A+B chi=-1 | 14 18  0 5 1 0 8 1 0 11 1 1 6 1 1 9 2 2 7 2 2 10 1 3 9 1 3 11 1 3 12 1 4 10 1 4 11 1 4 13 1 5 8 2 6 12 1 6 13 1 7 12 1 10 13 1
R 3057 42 63 NOT6 A+B chi=-1 | 14 18  0 5 1 0 8 1 0 11 1 1 6 2 1 9 1 2 7 2 2 10 1 3 9 1 3 11 1 3 12 1 4 10 1 4 11 1 4 13 1 5 8 2 6 12 1 7 12 1 9 13 1 10 13 1
R 3058 42 63 6 142 3 4 5 0 2 5 0 3 4 1 3 2 1 0 2 1 2 3 5 1 0 1 4 3 0 2 5 4 2 0 2 0 5 0 1 3 4 1 2 5 1 4 0 1 2 4 1 3 2 5 1 5 4 0 3 4 5 4 5 3 2 0 3 | 14 18  0 5 1 0 8 1 0 11 1 1 6 1 1 9 2 2 7 2 2 10 1 3 9 1 3 11 1 3 13 1 4 10 2 4 11 1 5 8 1 5 12 1 6 12 1 6 13 1 7 12 1 8 13 1
R 3059 42 63 6 531 3 4 5 2 3 4 5 0 3 0 1 2 1 2 4 1 2 3 1 0 3 1 3 0 0 2 5 5 3 2 4 2 3 1 0 4 0 1 2 4 0 1 0 1 2 5 0 1 2 4 1 4 3 5 0 5 3 4 5 4 2 5 3 | 14 18  0 5 1 0 8 1 0 11 1 1 6 1 1 9 2 2 7 2 2 10 1 3 9 1 3 11 1 3 13 1 4 10 2 4 12 1 5 8 1 5 11 1 6 12 1 6 13 1 7 12 1 8 13 1
R 3060 42 63 6 455 3 4 5 0 3 4 1 2 5 1 0 2 0 3 2 1 2 3 1 4 3 0 3 1 0 2 5 2 0 3 4 2 1 1 0 4 1 3 2 5 0 4 0 1 2 2 5 1 4 0 3 4 5 3 5 4 1 4 5 0 5 2 3 | 14 18  0 5 1 0 8 1 0 11 1 1 6 2 1 9 1 2 7 1 2 10 2 3 9 2 3 11 1 4 10 1 4 12 1 4 13 1 5 8 1 5 11 1 6 12 1 7 12 1 7 13 1 8 13 1
R 3061 42 63 NOT6 A+B chi=-1 | 14 18  0 5 1 0 8 1 0 11 1 1 6 1 1 9 2 2 7 1 2 10 2 3 9 1 3 11 1 3 12 1 4 10 1 4 12 1 4 13 1 5 8 2 6 11 1 6 13 1 7 12 1 7 13 1
R 3062 42 63 NOT6 A+B chi=-1 | 14 18  0 5 1 0 8 1 0 11 1 1 6 1 1 9 1 1 13 1 2 7 2 2 10 1 3 9 1 3 11 1 3 12 1 4 10 2 4 12 1 5 8 2 6 11 1 6 13 1 7 12 1 9 13 1
R 3063 42 63 NOT6 A+B chi=-1 | 14 18  0 5 1 0 8 1 0 11 1 1 6 2 1 9 1 2 7 1 2 10 2 3 9 1 3 11 1 3 12 1 4 10 1 4 12 1 4 13 1 5 8 2 6 11 1 7 12 1 7 13 1 9 13 1
R 3064 42 63 6 118 3 4 5 0 2 5 4 3 5 1 3 2 0 1 4 1 2 3 4 1 0 0 5 3 0 2 5 3 2 0 4 1 3 0 1 3 0 2 1 5 1 4 0 1 2 3 1 4 1 2 0 5 4 0 2 5 3 4 5 5 2 4 3 | 14 18  0 5 1 0 8 1 0 11 1 1 6 1 1 9 2 2 7 2 2 10 1 3 9 1 3 11 1 3 13 1 4 10 2 4 12 1 5 8 1 5 12 1 6 11 1 6 13 1 7 12 1 8 13 1
R 3065 42 63 NOT6 A+B chi=-1 | 14 18  0 5 1 0 8 1 0 11 1 1 6 2 1 9 1 2 7 2 2 11 1 3 9 1 3 10 1 3 13 1 4 10 1 4 11 1 4 12 1 5 8 2 6 12 1 7 12 1 9 13 1 10 13 1
R 3066 42 63 6 285 3 4 5 4 5 2 0 1 2 3 0 4 1 0 2 1 2 3 0 1 5 4 2 1 0 2 5 3 5 4 2 0 5 0 1 3 1 4 3 2 1 0 0 1 2 3 0 1 3 5 4 2 1 5 3 4 5 4 5 2 4 0 3 | 14 18  0 5 1 0 8 1 0 11 1 1 6 1 1 9 2 2 7 2 2 11 1 3 9 1 3 10 1 3 13 1 4 10 2 4 11 1 5 8 1 5 12 1 6 12 1 6 13 1 7 12 1 8 13 1
R 3067 42 63 6 97 3 4 5 2 0 5 0 1 2 3 2 4 1 0 2 1 2 3 4 5 0 4 2 1 0 2 5 1 3 5 2 0 5 0 1 3 1 4 3 0 1 4 0 1 2 1 3 4 3 5 4 0 1 5 3 4 5 4 5 2 0 3 2 | 14 18  0 5 1 0 8 1 0 11 1 1 6 2 1 9 1 2 7 2 2 11 1 3 9 1 3 10 1 3 13 1 4 10 2 4 11 1 5 8 1 5 12 1 6 12 1 7 12 1 8 13 1 9 13 1
R 3068 42 63 NOT6 A+B chi=-1 | 14 18  0 5 1 0 8 1 0 11 1 1 6 1 1 9 1 1 13 1 2 7 2 2 11 1 3 9 1 3 10 2 4 10 1 4 11 1 4 13 1 5 8 2 6 12 1 6 13 1 7 12 1 9 12 1
R 3069 42 63 6 97 3 4 5 2 0 5 0 1 2 3 5 4 1 0 2 1 2 3 4 5 0 4 2 1 0 2 5 1 3 2 2 0 5 0 1 3 3 1 4 0 1 4 0 1 2 1 3 4 3 5 4 0 1 2 3 4 5 4 5 2 0 3 5 | 14 18  0 5 1 0 8 1 0 11 1 1 6 2 1 9 1 2 7 2 2 11 1 3 9 1 3 10 1 3 13 1 4 10 2 4 11 1 5 8 1 5 13 1 6 12 1 7 12 1 8 13 1 9 12 1
R 3070 42 63 6 99 3 4 5 2 0 5 0 1 2 4 2 1 0 3 4 1 2 3 4 5 0 4 2 1 0 2 5 1 2 3 0 2 4 0 1 3 3 1 4 0 1 4 0 1 2 1 3 4 3 5 4 0 3 5 1 5 2 4 5 2 0 3 5 | 14 18  0 5 1 0 8 1 0 11 1 1 6 2 1 9 1 2 7 2 2 11 1 3 9 1 3 10 2 4 10 1 4 11 1 4 13 1 5 8 1 5 13 1 6 12 1 7 12 1 8 13 1 9 12 1
R 3071 42 63 6 219 3 4 5 5 3 2 1 0 2 2 1 3 0 1 4 1 2 3 1 2 3 3 2 0 0 2 5 0 5 3 4 1 2 1 0 4 0 3 4 0 4 1 0 1 2 0 4 1 4 5 3 4 0 5 3 5 2 4 5 5 1 3 2 | 14 18  0 5 1 0 8 1 0 11 1 1 6 2 1 9 1 2 7 2 2 11 1 3 9 1 3 10 1 3 13 1 4 10 2 4 12 1 5 8 1 5 11 1 6 12 1 7 12 1 8 13 1 9 13 1
R 3072 42 63 NOT6 B chi=7 | 14 18  0 5 1 0 8 1 0 11 1 1 6 1 1 9 2 2 7 2 2 12 1 3 9 1 3 10 2 4 10 1 4 11 1 4 13 1 5 8 1 5 11 1 6 12 1 6 13 1 7 12 1 8 13 1
R 3073 42 63 NOT6 B chi=7 | 14 18  0 5 1 0 8 1 0 11 1 1 6 2 1 9 1 2 7 2 2 12 1 3 9 1 3 10 1 3 13 1 4 10 2 4 11 1 5 8 1 5 11 1 6 12 1 7 12 1 8 13 1 9 13 1
R 3074 42 63 6 654 3 4 5 0 5 2 5 2 0 3 1 4 0 1 2 1 2 3 1 3 5 1 0 2 0 2 5 4 5 0 2 1 4 3 4 2 0 1 3 0 1 4 0 1 2 4 1 3 3 4 1 2 0 5 3 5 4 4 5 0 2 5 3 | 14 18  0 5 1 0 8 1 0 12 1 1 6 1 1 9 2 2 7 2 2 11 1 3 9 1 3 10 1 3 11 1 4 10 2 4 12 1 5 8 1 5 13 1 6 11 1 6 13 1 7 12 1 8 13 1
R 3075 42 63 NOT6 A+B chi=-1 | 14 18  0 5 1 0 8 1 0 12 1 1 6 2 1 9 1 2 7 1 2 11 1 2 13 1 3 9 1 3 10 1 3 11 1 4 10 2 4 12 1 5 8 2 6 11 1 7 12 1 7 13 1 9 13 1
R 3076 42 63 NOT6 A+B chi=-1 | 14 18  0 5 1 0 8 1 0 11 1 1 6 1 1 9 1 1 12 1 2 7 2 2 12 1 3 9 1 3 10 2 4 10 1 4 11 1 4 13 1 5 8 2 6 11 1 6 13 1 7 12 1 9 13 1
R 3077 42 63 NOT6 A+B chi=-1 | 14 18  0 5 1 0 8 1 0 11 1 1 6 1 1 9 2 2 7 1 2 12 1 2 13 1 3 9 1 3 10 1 3 12 1 4 10 2 4 11 1 5 8 2 6 11 1 6 13 1 7 12 1 7 13 1
R 3078 42 63 NOT6 B chi=7 | 14 18  0 5 1 0 8 1 0 11 1 1 6 1 1 9 2 2 7 2 2 12 1 3 9 1 3 10 1 3 12 1 4 10 2 4 11 1 5 8 1 5 13 1 6 11 1 6 13 1 7 12 1 8 13 1
R 3079 42 63 NOT6 A+B chi=-1 | 14 18  0 5 1 0 8 1 0 11 1 1 6 1 1 9 1 1 13 1 2 7 2 2 12 1 3 9 1 3 10 2 4 10 1 4 11 1 4 12 1 5 8 2 6 11 1 6 13 1 7 12 1 9 13 1
R 3080 42 63 NOT6 A+B chi=-1 | 14 18  0 5 1 0 8 1 0 11 1 1 6 1 1 9 1 1 13 1 2 7 2 2 12 1 3 9 2 3 10 1 4 10 1 4 11 1 4 12 1 5 8 2 6 11 1 6 13 1 7 12 1 10 13 1
R 3081 42 63 NOT6 B chi=7 | 14 18  0 5 1 0 8 1 0 11 1 1 6 1 1 9 2 2 7 2 2 12 1 3 9 1 3 10 2 4 10 1 4 11 1 4 13 1 5 8 1 5 12 1 6 11 1 6 13 1 7 12 1 8 13 1
R 3082 42 63 6 B 2 3 1 3 5 2 0 5 1 1 4 3 2 0 5 5 4 3 1 2 5 4 2 5 0 3 1 3 4 2 5 0 1 2 0 4 5 3 2 3 0 4 0 4 5 0 4 1 3 4 2 5 0 2 4 3 1 2 1 3 0 1 5 | 14 18  0 5 1 0 8 1 0 11 1 1 6 2 1 9 1 2 7 1 2 12 1 2 13 1 3 9 2 3 10 1 4 10 2 4 11 1 5 8 1 5 12 1 6 11 1 7 12 1 7 13 1 8 13 1
R 3083 42 63 NOT6 B chi=7 | 14 18  0 5 1 0 8 1 0 11 1 1 6 2 1 9 1 2 7 2 2 12 1 3 9 1 3 10 1 3 13 1 4 10 2 4 11 1 5 8 1 5 12 1 6 11 1 7 12 1 8 13 1 9 13 1
R 3084 42 63 NOT6 A+B chi=-1 | 14 18  0 5 1 0 8 1 0 13 1 1 6 1 1 9 1 1 11 1 2 7 2 2 12 1 3 9 2 3 10 1 4 10 1 4 11 1 4 12 1 5 8 2 6 11 1 6 13 1 7 12 1 10 13 1
R 3085 42 63 NOT6 A+B chi=-1 | 14 18  0 5 1 0 8 1 0 13 1 1 6 1 1 9 1 1 11 1 2 7 2 2 12 1 3 9 1 3 10 1 3 13 1 4 10 2 4 11 1 5 8 2 6 11 1 6 12 1 7 12 1 9 13 1
R 3086 42 63 NOT6 A+B chi=-1 | 14 18  0 5 1 0 8 1 0 13 1 1 6 1 1 9 1 1 11 1 2 7 2 2 12 1 3 9 1 3 10 2 4 10 1 4 11 1 4 13 1 5 8 2 6 11 1 6 12 1 7 12 1 9 13 1
R 3087 42 63 NOT6 A+B chi=-1 | 14 18  0 5 1 0 8 1 0 12 1 1 6 1 1 9 2 2 7 1 2 12 1 2 13 1 3 9 1 3 10 1 3 11 1 4 10 2 4 11 1 5 8 2 6 11 1 6 13 1 7 12 1 7 13 1
R 3088 42 63 NOT6 A+B chi=-1 | 14 18  0 5 1 0 8 1 0 13 1 1 6 1 1 9 2 2 7 1 2 11 1 2 12 1 3 9 1 3 10 2 4 10 1 4 11 1 4 13 1 5 8 2 6 12 1 6 13 1 7 11 1 7 12 1
R 3089 42 63 NOT6 A+B chi=-1 | 14 18  0 5 1 0 8 1 0 13 1 1 6 2 1 9 1 2 7 1 2 11 1 2 12 1 3 9 1 3 10 1 3 13 1 4 10 2 4 11 1 5 8 2 6 12 1 7 11 1 7 12 1 9 13 1
R 3090 42 63 NOT6 A+B chi=-1 | 14 16  0 5 1 0 8 1 0 13 1 1 6 1 1 9 1 1 13 1 2 7 1 2 11 1 2 13 1 3 9 2 3 10 1 4 11 2 4 12 1 5 8 2 6 10 2 7 12 2
R 3091 42 63 NOT6 A+B chi=-1 | 14 17  0 5 1 0 8 1 0 12 1 1 6 1 1 9 1 1 13 1 2 7 1 2 11 2 3 9 2 3 10 1 4 11 1 4 12 1 4 13 1 5 8 2 6 10 2 7 12 1 7 13 1
R 3092 42 63 6 362 3 4 5 0 3 4 5 0 4 5 1 3 3 1 2 1 2 3 2 4 0 3 4 0 0 2 5 3 1 0 4 2 1 2 1 4 0 1 3 0 1 4 0 1 2 1 5 2 1 2 3 2 4 0 0 5 4 4 5 3 5 5 3 | 14 17  0 5 1 0 8 1 0 12 1 1 6 1 1 9 1 1 13 1 2 7 2 2 11 1 3 9 2 3 10 1 4 11 2 4 12 1 5 8 1 5 13 1 6 10 2 7 12 1 8 13 1
R 3093 42 63 NOT6 A+B chi=-1 | 14 19  0 5 1 0 8 1 0 13 1 1 6 1 1 9 1 1 10 1 2 7 2 2 12 1 3 9 1 3 10 1 3 11 1 4 10 1 4 11 1 4 12 1 5 8 2 6 11 1 6 13 1 7 12 1 9 13 1
R 3094 42 63 NOT6 A+B chi=-1 | 14 19  0 5 1 0 8 1 0 13 1 1 6 1 1 9 1 1 10 1 2 7 2 2 12 1 3 9 1 3 10 1 3 11 1 4 10 1 4 11 1 4 13 1 5 8 2 6 11 1 6 12 1 7 12 1 9 13 1
R 3095 42 63 NOT6 A+B chi=-1 | 14 19  0 5 1 0 8 1 0 13 1 1 6 1 1 9 1 1 10 1 2 7 2 2 12 1 3 9 1 3 10 1 3 11 1 4 10 1 4 11 1 4 13 1 5 8 2 6 12 1 6 13 1 7 12 1 9 11 1
R 3096 42 63 6 103 3 4 5 3 4 2 1 0 2 1 0 3 0 3 1 1 2 3 1 2 4 3 2 0 0 2 5 5 4 3 1 0 4 2 0 1 3 4 5 2 1 0 0 1 2 5 0 1 4 5 3 2 4 5 5 2 4 4 5 0 3 1 3 | 14 19  0 5 1 0 8 1 0 10 1 1 6 1 1 9 2 2 7 2 2 10 1 3 9 1 3 11 1 3 13 1 4 11 1 4 12 1 4 13 1 5 8 1 5 10 1 6 12 1 6 13 1 7 12 1 8 11 1
R 3097 42 63 6 66 3 4 5 1 4 5 1 0 2 3 2 4 1 3 0 1 2 3 2 0 1 3 2 0 0 2 5 3 4 1 1 0 4 5 0 4 2 0 3 1 3 2 0 1 2 3 0 2 4 5 3 5 1 0 2 4 5 4 5 5 4 1 3 | 14 19  0 5 1 0 8 1 0 10 1 1 6 1 1 9 2 2 7 2 2 10 1 3 9 1 3 12 1 3 13 1 4 11 1 4 12 1 4 13 1 5 8 1 5 10 1 6 12 1 6 13 1 7 11 1 8 11 1
R 3098 42 63 6 85 3 4 5 3 2 4 3 1 5 0 1 2 3 0 2 1 2 3 1 4 3 4 5 1 0 2 5 0 2 3 1 0 4 2 0 1 0 4 2 3 0 1 0 1 2 0 1 5 0 2 4 4 3 5 5 1 4 4 5 5 2 3 3 | 14 19  0 5 1 0 8 1 0 10 1 1 6 1 1 9 2 2 7 2 2 11 1 3 9 1 3 10 1 3 13 1 4 11 1 4 12 1 4 13 1 5 8 1 5 10 1 6 12 1 6 13 1 7 12 1 8 11 1
R 3099 42 63 NOT6 B chi=7 | 14 19  0 5 1 0 8 1 0 10 1 1 6 1 1 9 2 2 7 2 2 12 1 3 9 1 3 10 1 3 13 1 4 11 1 4 12 1 4 13 1 5 8 1 5 10 1 6 11 1 6 13 1 7 12 1 8 11 1
R 3100 42 63 6 85 3 4 5 2 3 0 4 3 5 1 4 2 0 2 1 1 2 3 1 0 3 1 5 3 0 2 5 4 3 2 1 0 4 0 2 3 0 1 2 4 0 1 0 1 2 4 1 5 0 2 1 0 5 3 3 4 5 4 5 5 2 4 3 | 14 19  0 5 1 0 8 1 0 10 1 1 6 1 1 9 2 2 7 2 2 11 1 3 9 1 3 11 1 3 12 1 4 10 1 4 11 1 4 13 1 5 8 1 5 10 1 6 12 1 6 13 1 7 12 1 8 13 1
R 3101 42 63 6 70 3 4 5 0 2 4 2 3 4 1 3 2 0 2 1 1 2 3 5 1 0 1 4 3 0 2 5 3 2 0 1 0 4 0 2 3 3 0 1 5 1 4 0 1 2 3 1 5 0 5 1 4 5 0 3 4 5 4 5 4 2 2 3 | 14 19  0 5 1 0 8 1 0 10 1 1 6 1 1 9 2 2 7 2 2 11 1 3 9 1 3 11 1 3 13 1 4 10 1 4 11 1 4 12 1 5 8 1 5 10 1 6 12 1 6 13 1 7 12 1 8 13 1
R 3102 42 63 NOT6 B chi=7 | 14 19  0 5 1 0 8 1 0 10 1 1 6 1 1 9 2 2 7 2 2 12 1 3 9 1 3 11 1 3 13 1 4 10 1 4 11 1 4 12 1 5 8 1 5 10 1 6 11 1 6 13 1 7 12 1 8 13 1
R 3103 42 63 6 357 3 4 5 5 0 4 1 2 4 2 1 3 0 2 1 1 2 3 2 4 0 4 0 3 0 2 5 3 1 4 1 0 4 3 5 2 0 1 2 4 0 1 0 1 2 1 3 2 5 0 3 0 5 4 3 4 5 4 5 5 1 2 3 | 14 19  0 5 1 0 8 1 0 10 1 1 6 2 1 9 1 2 7 1 2 11 1 2 12 1 3 9 2 3 12 1 4 10 1 4 11 1 4 13 1 5 8 1 5 10 1 6 12 1 7 11 1 7 13 1 8 13 1
R 3104 42 63 6 907 3 4 5 1 3 2 0 1 3 0 4 3 0 2 1 1 2 3 2 5 0 4 3 1 0 2 5 4 3 1 1 0 4 2 0 1 3 2 5 0 2 4 0 1 2 4 0 5 2 5 4 2 5 1 3 4 5 4 5 1 3 0 3 | 14 19  0 5 1 0 8 1 0 10 1 1 6 1 1 9 2 2 7 2 2 11 1 3 9 1 3 11 1 3 13 1 4 10 1 4 12 1 4 13 1 5 8 1 5 10 1 6 12 1 6 13 1 7 12 1 8 11 1
R 3105 42 63 6 78 3 4 5 2 4 5 0 1 3 0 1 4 0 2 4 1 2 3 0 1 2 4 3 1 0 2 5 3 4 2 1 0 4 2 0 1 1 2 4 0 3 5 0 1 2 3 0 1 2 5 4 5 3 2 3 5 1 4 5 5 4 0 3 | 14 19  0 5 1 0 8 1 0 10 1 1 6 1 1 9 2 2 7 2 2 11 1 3 9 1 3 12 1 3 13 1 4 10 1 4 11 1 4 13 1 5 8 1 5 10 1 6 12 1 6 13 1 7 12 1 8 11 1
R 3106 42 63 NOT6 B chi=7 | 14 19  0 5 1 0 8 1 0 10 1 1 6 1 1 9 2 2 7 2 2 12 1 3 9 1 3 11 1 3 13 1 4 10 1 4 11 1 4 13 1 5 8 1 5 10 1 6 12 1 6 13 1 7 12 1 8 11 1
R 3107 42 63 NOT6 B chi=7 | 14 19  0 5 1 0 8 1 0 10 1 1 6 1 1 9 2 2 7 2 2 11 1 3 9 1 3 12 1 3 13 1 4 10 1 4 12 1 4 13 1 5 8 1 5 10 1 6 12 1 6 13 1 7 11 1 8 11 1
R 3108 42 63 NOT6 A+B chi=-1 | 14 19  0 5 1 0 8 1 0 13 1 1 6 1 1 9 1 1 10 1 2 7 2 2 12 1 3 9 1 3 10 1 3 11 1 4 11 1 4 12 1 4 13 1 5 8 2 6 10 1 6 13 1 7 12 1 9 11 1
R 3109 42 63 NOT6 A+B chi=-1 | 14 19  0 5 1 0 8 1 0 13 1 1 6 1 1 9 2 2 7 1 2 10 1 2 11 1 3 9 1 3 11 1 3 13 1 4 10 1 4 11 1 4 12 1 5 8 2 6 12 1 6 13 1 7 10 1 7 12 1
R 3110 42 63 NOT6 A+B chi=-1 | 14 19  0 5 1 0 8 1 0 13 1 1 6 1 1 9 1 1 10 1 2 7 2 2 12 1 3 9 1 3 10 1 3 11 1 4 11 1 4 12 1 4 13 1 5 8 2 6 11 1 6 13 1 7 12 1 9 10 1
R 3111 42 63 NOT6 A+B chi=-1 | 14 19  0 5 1 0 8 1 0 13 1 1 6 1 1 9 1 1 10 1 2 7 2 2 12 1 3 9 1 3 11 1 3 12 1 4 10 1 4 11 1 4 13 1 5 8 2 6 11 1 6 13 1 7 12 1 9 10 1
R 3112 42 63 NOT6 B chi=7 | 14 18  0 5 1 0 8 1 0 11 1 1 6 2 1 11 1 2 7 2 2 12 1 3 9 1 3 10 1 3 13 1 4 9 1 4 10 2 5 8 1 5 11 1 6 12 1 7 12 1 8 13 1 9 13 1
R 3113 42 63 NOT6 A+B chi=-1 | 14 18  0 5 1 0 8 1 0 11 1 1 6 1 1 11 1 1 12 1 2 7 2 2 12 1 3 9 1 3 10 1 3 13 1 4 9 1 4 10 2 5 8 2 6 11 1 6 13 1 7 12 1 9 13 1
R 3114 42 63 NOT6 A+B chi=-1 | 14 19  0 5 1 0 8 1 0 13 1 1 6 1 1 10 1 1 12 1 2 7 2 2 12 1 3 9 1 3 10 1 3 11 1 4 9 1 4 10 1 4 11 1 5 8 2 6 11 1 6 13 1 7 12 1 9 13 1
R 3115 42 63 6 1641 3 4 5 0 1 2 3 2 5 5 1 3 0 3 4 1 2 3 2 3 0 4 5 2 0 2 5 4 3 2 1 0 4 3 0 1 5 0 4 2 0 1 0 1 2 4 3 5 0 1 4 0 2 4 1 5 2 4 5 1 5 3 3 | 14 19  0 5 1 0 8 1 0 10 1 1 6 1 1 10 1 1 11 1 2 7 2 2 11 1 3 9 1 3 11 1 3 13 1 4 9 2 4 12 1 5 8 1 5 10 1 6 12 1 6 13 1 7 12 1 8 13 1
R 3116 42 63 6 231 3 4 5 0 1 2 0 4 1 2 3 5 0 1 3 1 2 3 2 3 0 2 1 4 0 2 5 1 5 3 1 0 4 3 4 0 4 2 3 2 0 1 0 1 2 4 3 5 3 5 2 0 4 1 2 5 4 4 5 1 5 0 3 | 14 19  0 5 1 0 8 1 0 10 1 1 6 1 1 10 1 1 11 1 2 7 2 2 11 1 3 9 2 3 11 1 4 9 1 4 12 1 4 13 1 5 8 1 5 10 1 6 12 1 6 13 1 7 12 1 8 13 1
R 3117 42 63 NOT6 B chi=7 | 14 19  0 5 1 0 8 1 0 10 1 1 6 1 1 10 1 1 11 1 2 7 2 2 12 1 3 9 1 3 11 1 3 13 1 4 9 2 4 11 1 5 8 1 5 10 1 6 12 1 6 13 1 7 12 1 8 13 1
R 3118 42 63 6 357 3 4 5 0 1 2 1 0 4 2 1 3 0 4 5 1 2 3 2 3 5 2 4 0 0 2 5 5 4 3 1 0 4 3 4 1 0 5 2 2 0 4 0 1 2 4 3 5 3 5 2 0 4 5 1 2 3 4 5 0 1 1 3 | 14 19  0 5 1 0 8 1 0 10 1 1 6 1 1 10 1 1 11 1 2 7 2 2 11 1 3 9 1 3 12 1 3 13 1 4 9 2 4 12 1 5 8 1 5 10 1 6 11 1 6 13 1 7 12 1 8 13 1
R 3119 42 63 NOT6 B chi=7 | 14 19  0 5 1 0 8 1 0 10 1 1 6 1 1 10 1 1 11 1 2 7 2 2 12 1 3 9 2 3 11 1 4 9 1 4 12 1 4 13 1 5 8 1 5 10 1 6 11 1 6 13 1 7 12 1 8 13 1
R 3120 42 63 6 714 3 4 5 0 1 2 3 0 1 1 0 3 4 2 3 1 2 3 2 3 5 4 1 0 0 2 5 3 2 5 1 0 4 2 3 0 1 4 2 4 0 1 0 1 2 4 3 5 2 5 4 4 5 2 0 1 5 4 5 1 0 3 3 | 14 19  0 5 1 0 8 1 0 10 1 1 6 1 1 10 1 1 13 1 2 7 2 2 11 1 3 9 1 3 11 1 3 13 1 4 9 2 4 12 1 5 8 1 5 10 1 6 11 1 6 12 1 7 12 1 8 13 1
R 3121 42 63 NOT6 B chi=7 | 14 19  0 5 1 0 8 1 0 10 1 1 6 1 1 10 1 1 13 1 2 7 2 2 12 1 3 9 1 3 11 1 3 13 1 4 9 2 4 11 1 5 8 1 5 10 1 6 11 1 6 12 1 7 12 1 8 13 1
R 3122 42 63 NOT6 B chi=7 | 14 19  0 5 1 0 8 1 0 10 1 1 6 1 1 10 1 1 11 1 2 7 2 2 11 1 3 9 1 3 12 1 3 13 1 4 9 2 4 12 1 5 8 1 5 10 1 6 12 1 6 13 1 7 11 1 8 13 1
R 3123 42 63 6 89 3 4 5 0 1 2 2 3 0 3 1 4 2 0 1 1 2 3 2 3 5 1 0 3 0 2 5 5 4 1 1 0 4 2 4 0 3 4 1 3 0 2 0 1 2 4 3 5 4 5 1 0 2 5 3 5 4 4 5 0 1 2 3 | 14 19  0 5 1 0 8 1 0 10 1 1 6 1 1 10 1 1 13 1 2 7 2 2 11 1 3 9 2 3 11 1 4 9 1 4 12 1 4 13 1 5 8 1 5 10 1 6 12 1 6 13 1 7 12 1 8 11 1
R 3124 42 63 6 109 3 4 5 1 0 2 1 5 4 1 0 3 2 3 4 1 2 3 3 2 0 2 3 1 0 2 5 4 3 5 1 0 4 2 0 1 3 0 4 1 0 2 0 1 2 4 5 3 0 2 3 2 4 5 0 1 5 4 5 1 5 4 3 | 14 19  0 5 1 0 8 1 0 10 1 1 6 2 1 10 1 2 7 1 2 12 1 2 13 1 3 9 1 3 11 1 3 13 1 4 9 2 4 11 1 5 8 1 5 10 1 6 12 1 7 12 1 7 13 1 8 11 1
R 3125 42 63 6 12064 3 4 5 0 1 2 1 3 4 0 4 1 2 1 5 1 2 3 2 3 0 2 4 3 0 2 5 5 1 4 1 0 4 1 0 4 3 2 0 0 4 2 0 1 2 4 3 5 0 5 2 2 5 3 0 3 4 4 5 5 1 1 3 | 14 19  0 5 1 0 8 1 0 10 1 1 6 1 1 10 1 1 13 1 2 7 2 2 11 1 3 9 1 3 12 1 3 13 1 4 9 2 4 12 1 5 8 1 5 10 1 6 11 1 6 13 1 7 12 1 8 11 1
R 3126 42 63 6 65 3 4 5 1 0 2 1 0 3 4 0 2 5 1 3 1 2 3 3 2 0 2 3 1 0 2 5 3 1 2 1 0 4 5 0 4 0 3 4 1 2 4 0 1 2 4 5 3 4 2 5 5 1 3 0 4 2 4 5 1 5 0 3 | 14 19  0 5 1 0 8 1 0 10 1 1 6 2 1 10 1 2 7 1 2 11 1 2 13 1 3 9 1 3 12 1 3 13 1 4 9 2 4 12 1 5 8 1 5 10 1 6 11 1 7 12 1 7 13 1 8 11 1
R 3127 42 63 NOT6 B chi=7 | 14 19  0 5 1 0 8 1 0 10 1 1 6 1 1 10 1 1 13 1 2 7 2 2 12 1 3 9 2 3 11 1 4 9 1 4 12 1 4 13 1 5 8 1 5 10 1 6 11 1 6 13 1 7 12 1 8 11 1
R 3128 42 63 6 2087 3 4 5 1 0 2 0 4 5 1 0 3 4 3 2 1 2 3 3 2 0 3 5 1 0 2 5 2 3 0 1 0 4 5 0 4 1 2 5 2 3 4 0 1 2 4 5 3 2 3 1 4 2 5 1 5 0 4 5 1 4 0 3 | 14 19  0 5 1 0 8 1 0 10 1 1 6 2 1 10 1 2 7 1 2 12 1 2 13 1 3 9 1 3 11 1 3 13 1 4 9 2 4 12 1 5 8 1 5 10 1 6 11 1 7 12 1 7 13 1 8 11 1
R 3129 42 63 6 81 3 4 5 1 0 2 3 5 4 0 1 3 2 4 1 1 2 3 3 2 0 2 1 3 0 2 5 2 3 1 1 0 4 5 0 4 0 1 4 3 2 0 0 1 2 4 5 3 0 2 1 4 5 2 0 3 5 4 5 1 5 4 3 | 14 19  0 5 1 0 8 1 0 10 1 1 6 2 1 10 1 2 7 1 2 12 1 2 13 1 3 9 2 3 11 1 4 9 1 4 12 1 4 13 1 5 8 1 5 10 1 6 11 1 7 12 1 7 13 1 8 11 1
R 3130 42 63 NOT6 B chi=7 | 14 19  0 5 1 0 8 1 0 10 1 1 6 1 1 10 1 1 13 1 2 7 2 2 11 1 3 9 1 3 12 1 3 13 1 4 9 2 4 12 1 5 8 1 5 10 1 6 12 1 6 13 1 7 11 1 8 11 1
R 3131 42 63 6 82 3 4 5 1 0 2 1 5 3 2 0 1 3 1 4 1 2 3 3 2 0 3 2 4 0 2 5 4 1 2 1 0 4 2 0 1 0 3 5 4 0 3 0 1 2 4 5 3 0 4 2 3 4 5 0 5 2 4 5 1 5 1 3 | 14 19  0 5 1 0 8 1 0 10 1 1 6 2 1 10 1 2 7 1 2 11 1 2 13 1 3 9 1 3 12 1 3 13 1 4 9 2 4 12 1 5 8 1 5 10 1 6 12 1 7 11 1 7 13 1 8 11 1
R 3132 42 63 6 4659 3 4 5 1 3 5 0 3 4 1 0 2 3 4 0 1 2 3 2 5 1 5 4 3 0 2 5 3 2 0 1 0 4 2 0 1 4 1 5 1 0 3 0 1 2 0 4 2 1 2 5 4 5 3 1 2 5 4 5 3 4 0 3 | 14 19  0 5 1 0 8 1 0 10 1 1 6 1 1 11 1 1 13 1 2 7 2 2 11 1 3 9 2 3 10 1 4 9 1 4 12 1 4 13 1 5 8 1 5 10 1 6 12 1 6 13 1 7 12 1 8 11 1
R 3133 42 63 6 2506 3 4 5 0 1 2 4 0 5 1 0 2 3 4 0 1 2 3 5 2 1 2 5 3 0 2 5 3 2 0 1 0 4 4 0 1 3 1 5 1 4 2 0 1 2 3 4 5 1 2 3 4 5 3 1 2 5 4 5 0 4 0 3 | 14 19  0 5 1 0 8 1 0 10 1 1 6 2 1 11 1 2 7 1 2 12 1 2 13 1 3 9 2 3 10 1 4 9 1 4 11 1 4 13 1 5 8 1 5 10 1 6 12 1 7 12 1 7 13 1 8 11 1
R 3134 42 63 NOT6 B chi=7 | 14 19  0 5 1 0 8 1 0 10 1 1 6 2 1 11 1 2 7 2 2 12 1 3 9 1 3 10 1 3 13 1 4 9 1 4 11 1 4 13 1 5 8 1 5 10 1 6 12 1 7 12 1 8 11 1 9 13 1
R 3135 42 63 NOT6 B chi=7 | 14 19  0 5 1 0 8 1 0 10 1 1 6 1 1 11 1 1 13 1 2 7 2 2 12 1 3 9 2 3 10 1 4 9 1 4 12 1 4 13 1 5 8 1 5 10 1 6 11 1 6 13 1 7 12 1 8 11 1
R 3136 42 63 NOT6 B chi=7 | 14 19  0 5 1 0 8 1 0 10 1 1 6 2 1 11 1 2 7 1 2 12 1 2 13 1 3 9 2 3 10 1 4 9 1 4 12 1 4 13 1 5 8 1 5 10 1 6 11 1 7 12 1 7 13 1 8 11 1
R 3137 42 63 NOT6 B chi=7 | 14 19  0 5 1 0 8 1 0 10 1 1 6 2 1 11 1 2 7 2 2 12 1 3 9 1 3 10 1 3 13 1 4 9 1 4 11 1 4 13 1 5 8 1 5 10 1 6 12 1 7 12 1 8 13 1 9 11 1
R 3138 42 63 6 57 3 4 5 1 5 2 1 3 0 2 0 1 3 4 1 1 2 3 2 3 4 2 0 3 0 2 5 1 4 0 0 1 3 1 0 4 3 5 2 2 4 0 0 1 2 0 4 3 4 5 2 3 4 5 2 5 0 4 5 5 1 1 3 | 14 19  0 5 1 0 8 1 0 10 1 1 6 1 1 10 1 1 11 1 2 7 2 2 11 1 3 9 1 3 12 1 3 13 1 4 9 2 4 12 1 5 8 1 5 11 1 6 10 1 6 13 1 7 12 1 8 13 1
R 3139 42 63 NOT6 B chi=7 | 14 19  0 5 1 0 8 1 0 10 1 1 6 1 1 10 1 1 11 1 2 7 2 2 12 1 3 9 2 3 11 1 4 9 1 4 12 1 4 13 1 5 8 1 5 11 1 6 10 1 6 13 1 7 12 1 8 13 1
R 3140 42 63 NOT6 A+B chi=-1 | 14 19  0 5 1 0 8 1 0 13 1 1 6 1 1 10 1 1 11 1 2 7 2 2 12 1 3 9 1 3 10 1 3 11 1 4 9 1 4 11 1 4 13 1 5 8 2 6 10 1 6 12 1 7 12 1 9 13 1
R 3141 42 63 NOT6 A+B chi=-1 | 14 19  0 5 1 0 8 1 0 12 1 1 6 1 1 10 1 1 11 1 2 7 1 2 12 1 2 13 1 3 9 1 3 10 1 3 13 1 4 9 2 4 11 1 5 8 2 6 10 1 6 11 1 7 12 1 7 13 1
R 3142 42 63 NOT6 A+B chi=-1 | 14 19  0 5 1 0 8 1 0 13 1 1 6 1 1 10 1 1 11 1 2 7 2 2 12 1 3 9 1 3 10 1 3 12 1 4 9 1 4 11 1 4 13 1 5 8 2 6 10 1 6 11 1 7 12 1 9 13 1
R 3143 42 63 NOT6 A+B chi=-1 | 14 19  0 5 1 0 8 1 0 13 1 1 6 1 1 10 1 1 11 1 2 7 2 2 12 1 3 9 1 3 10 1 3 13 1 4 9 1 4 11 1 4 13 1 5 8 2 6 10 1 6 11 1 7 12 1 9 12 1
R 3144 42 63 NOT6 A+B chi=-1 | 14 19  0 5 1 0 8 1 0 13 1 1 6 1 1 10 1 1 11 1 2 7 2 2 12 1 3 9 1 3 10 1 3 13 1 4 9 1 4 11 1 4 12 1 5 8 2 6 11 1 6 13 1 7 12 1 9 10 1
R 3145 42 63 NOT6 A+B chi=-1 | 14 19  0 5 1 0 8 1 0 13 1 1 6 1 1 10 1 1 12 1 2 7 2 2 12 1 3 9 1 3 10 1 3 11 1 4 9 1 4 11 1 4 13 1 5 8 2 6 11 1 6 13 1 7 12 1 9 10 1
R 3146 42 63 NOT6 A+B chi=-1 | 14 19  0 5 1 0 8 1 0 13 1 1 6 1 1 10 1 1 13 1 2 7 2 2 12 1 3 9 1 3 10 1 3 11 1 4 9 1 4 11 1 4 12 1 5 8 2 6 11 1 6 13 1 7 12 1 9 10 1
R 3147 42 63 NOT6 A+B chi=-1 | 14 19  0 5 1 0 8 1 0 13 1 1 6 1 1 10 1 1 13 1 2 7 2 2 12 1 3 9 1 3 10 1 3 11 1 4 9 1 4 11 1 4 13 1 5 8 2 6 11 1 6 12 1 7 12 1 9 10 1
R 3148 42 63 NOT6 A+B chi=-1 | 14 19  0 5 1 0 8 1 0 13 1 1 6 1 1 11 1 1 13 1 2 7 2 2 12 1 3 9 1 3 10 1 3 11 1 4 9 1 4 10 1 4 11 1 5 8 2 6 12 1 6 13 1 7 12 1 9 10 1
R 3149 42 63 NOT6 A+B chi=-1 | 14 19  0 5 1 0 8 1 0 13 1 1 6 1 1 11 1 1 13 1 2 7 2 2 12 1 3 9 1 3 10 1 3 11 1 4 9 1 4 10 1 4 12 1 5 8 2 6 11 1 6 13 1 7 12 1 9 10 1
R 3150 42 63 NOT6 A+B chi=-1 | 14 19  0 5 1 0 8 1 0 13 1 1 6 1 1 10 1 1 11 1 2 7 2 2 12 1 3 9 1 3 11 1 3 13 1 4 9 1 4 11 1 4 13 1 5 8 2 6 10 1 6 12 1 7 12 1 9 10 1
R 3151 42 63 NOT6 A+B chi=-1 | 14 16  0 5 1 0 8 1 0 13 1 1 6 1 1 9 1 1 13 1 2 7 1 2 10 1 2 13 1 3 10 2 3 11 1 4 11 2 4 12 1 5 8 2 6 9 2 7 12 2
R 3152 42 63 NOT6 A+B chi=-1 | 14 17  0 5 1 0 8 1 0 12 1 1 6 1 1 9 1 1 13 1 2 7 1 2 10 2 3 10 1 3 11 1 3 13 1 4 11 2 4 12 1 5 8 2 6 9 2 7 12 1 7 13 1
R 3153 42 63 NOT6 A+B chi=-1 | 14 17  0 5 1 0 8 1 0 12 1 1 6 1 1 9 1 1 13 1 2 7 1 2 10 2 3 10 1 3 11 2 4 11 1 4 12 1 4 13 1 5 8 2 6 9 2 7 12 1 7 13 1
R 3154 42 63 NOT6 A+B chi=-1 | 14 17  0 5 1 0 8 1 0 12 1 1 6 1 1 9 1 1 13 1 2 7 2 2 10 1 3 10 1 3 11 1 3 13 1 4 11 2 4 12 1 5 8 2 6 9 2 7 12 1 10 13 1
R 3155 42 63 NOT6 A+B chi=-1 | 14 17  0 5 1 0 8 1 0 13 1 1 6 1 1 9 1 1 13 1 2 7 1 2 10 2 3 10 1 3 11 1 3 12 1 4 11 2 4 12 1 5 8 2 6 9 2 7 12 1 7 13 1
R 3156 42 63 NOT6 A+B chi=-1 | 14 17  0 5 1 0 8 1 0 13 1 1 6 1 1 9 1 1 13 1 2 7 2 2 10 1 3 10 1 3 11 1 3 12 1 4 11 2 4 12 1 5 8 2 6 9 2 7 13 1 10 12 1
R 3157 42 63 NOT6 A+B chi=-1 | 14 18  0 5 1 0 8 1 0 11 1 1 6 1 1 9 1 1 12 1 2 7 1 2 12 1 2 13 1 3 10 1 3 11 1 3 13 1 4 10 2 4 11 1 5 8 2 6 9 2 7 12 1 7 13 1
R 3158 42 63 NOT6 A+B chi=-1 | 14 18  0 5 1 0 8 1 0 11 1 1 6 1 1 9 1 1 13 1 2 7 2 2 12 1 3 10 1 3 11 1 3 12 1 4 10 1 4 11 1 4 13 1 5 8 2 6 9 2 7 12 1 10 13 1
R 3159 42 63 NOT6 B chi=7 | 14 18  0 5 1 0 8 1 0 11 1 1 6 1 1 9 1 1 13 1 2 7 2 2 12 1 3 10 1 3 11 1 3 13 1 4 10 2 4 11 1 5 8 1 5 12 1 6 9 2 7 12 1 8 13 1
R 3160 42 63 NOT6 A+B chi=-1 | 14 18  0 5 1 0 8 1 0 11 1 1 6 1 1 9 1 1 13 1 2 7 2 2 12 1 3 10 1 3 11 1 3 13 1 4 10 1 4 11 1 4 13 1 5 8 2 6 9 2 7 12 1 10 12 1
R 3161 42 63 NOT6 A+B chi=-1 | 14 18  0 5 1 0 8 1 0 13 1 1 6 1 1 9 1 1 13 1 2 7 1 2 11 1 2 12 1 3 10 1 3 11 1 3 13 1 4 10 2 4 12 1 5 8 2 6 9 2 7 11 1 7 12 1
R 3162 42 63 NOT6 A+B chi=-1 | 14 18  0 5 1 0 8 1 0 13 1 1 6 1 1 9 1 1 13 1 2 7 2 2 12 1 3 10 1 3 11 1 3 12 1 4 10 1 4 11 1 4 13 1 5 8 2 6 9 2 7 12 1 10 11 1
R 3163 42 63 NOT6 A+B chi=-1 | 14 17  0 5 1 0 8 1 0 12 1 1 6 1 1 9 1 1 13 1 2 7 1 2 10 1 2 13 1 3 11 1 3 12 1 3 13 1 4 11 2 4 12 1 5 8 2 6 9 2 7 10 2
R 3164 42 63 NOT6 A+B chi=-1 | 14 19  0 5 1 0 8 1 0 13 1 1 6 1 1 9 1 1 13 1 2 7 1 2 10 1 2 11 1 3 10 1 3 11 1 3 12 1 4 10 1 4 11 1 4 12 1 5 8 2 6 9 2 7 12 1 7 13 1
R 3165 42 63 NOT6 A+B chi=-1 | 14 19  0 5 1 0 8 1 0 13 1 1 6 1 1 9 1 1 13 1 2 7 1 2 10 1 2 11 1 3 10 1 3 11 1 3 12 1 4 11 1 4 12 1 4 13 1 5 8 2 6 9 2 7 10 1 7 12 1
R 3166 42 63 NOT6 A+B chi=-1 | 14 20  0 5 1 0 8 1 0 12 1 1 6 1 1 9 1 1 10 1 2 7 1 2 12 1 2 13 1 3 9 1 3 10 1 3 11 1 4 9 1 4 10 1 4 11 1 5 8 2 6 11 1 6 13 1 7 12 1 7 13 1
R 3167 42 63 NOT6 B chi=7 | 14 20  0 5 1 0 8 1 0 9 1 1 6 1 1 9 1 1 11 1 2 7 2 2 11 1 3 10 1 3 12 1 3 13 1 4 10 1 4 12 1 4 13 1 5 8 1 5 9 1 6 12 1 6 13 1 7 11 1 8 10 1
R 3168 42 63 NOT6 A+B chi=-1 | 14 20  0 5 1 0 8 1 0 12 1 1 6 1 1 9 1 1 10 1 2 7 1 2 12 1 2 13 1 3 9 1 3 10 1 3 11 1 4 10 1 4 11 1 4 13 1 5 8 2 6 9 1 6 11 1 7 12 1 7 13 1
R 3169 42 63 6 139 3 4 5 1 5 2 0 4 1 0 1 3 1 2 5 1 2 3 2 0 4 2 5 4 0 2 3 0 3 5 3 1 4 1 0 4 2 5 3 1 3 2 0 1 2 3 4 0 3 5 2 2 5 4 3 0 4 4 5 1 5 1 0 | 14 21  0 5 1 0 8 1 0 11 1 1 6 1 1 8 1 1 10 1 2 7 1 2 8 1 2 9 1 3 10 1 3 11 1 3 12 1 4 11 1 4 12 1 4 13 1 5 9 1 5 10 1 6 9 1 6 13 1 7 12 1 7 13 1
R 3170 42 63 6 319 3 4 5 1 5 2 0 4 1 5 1 0 2 4 3 1 2 3 0 2 4 1 5 0 0 2 3 0 3 5 1 3 4 0 1 3 4 3 0 5 2 1 0 1 2 3 4 0 3 5 2 4 2 3 5 1 0 4 5 1 5 2 4 | 14 21  0 5 1 0 8 1 0 11 1 1 6 1 1 8 1 1 10 1 2 7 1 2 8 1 2 9 1 3 11 1 3 12 1 3 13 1 4 11 1 4 12 1 4 13 1 5 9 1 5 10 1 6 9 1 6 12 1 7 10 1 7 13 1
R 3171 42 63 6 118 3 4 5 1 0 2 1 0 2 0 1 4 1 3 5 1 2 3 2 4 0 2 4 5 0 2 3 1 0 3 1 4 2 0 3 5 0 3 4 1 2 3 0 1 2 3 4 5 3 4 5 5 3 2 0 2 4 4 5 1 5 1 0 | 14 21  0 5 1 0 8 1 0 9 1 1 6 1 1 8 1 1 9 1 2 7 1 2 9 1 2 10 1 3 8 1 3 10 1 3 11 1 4 10 1 4 12 1 4 13 1 5 11 1 5 12 1 6 11 1 6 13 1 7 12 1 7 13 1
R 3172 42 63 6 134 3 4 5 1 0 2 1 0 2 0 1 3 1 4 2 1 2 3 4 5 0 4 5 2 0 2 3 1 0 3 1 3 2 4 0 5 0 3 2 1 4 3 0 1 2 3 4 5 3 4 5 5 4 2 0 3 5 4 5 1 2 1 0 | 14 21  0 5 1 0 8 1 0 9 1 1 6 1 1 8 1 1 9 1 2 7 1 2 9 1 2 10 1 3 8 1 3 10 1 3 11 1 4 10 1 4 11 1 4 12 1 5 12 1 5 13 1 6 12 1 6 13 1 7 11 1 7 13 1
R 3173 42 63 6 733 3 4 5 1 0 2 1 3 2 0 1 4 1 2 5 1 2 3 2 4 0 5 4 3 0 2 3 1 0 3 1 0 2 0 3 5 3 4 2 4 0 1 0 1 2 3 4 5 0 4 5 5 3 2 4 0 3 4 5 1 5 1 2 | 14 21  0 5 1 0 8 1 0 9 1 1 6 1 1 8 1 1 9 1 2 7 1 2 9 1 2 10 1 3 8 1 3 10 1 3 11 1 4 11 1 4 12 1 4 13 1 5 10 1 5 13 1 6 11 1 6 12 1 7 12 1 7 13 1
R 3174 42 63 6 749 3 4 5 1 0 2 1 3 2 0 1 2 5 4 0 1 2 3 4 5 1 4 2 3 0 2 3 1 0 3 1 0 2 1 3 0 4 0 2 3 5 4 0 1 2 3 4 5 0 4 5 5 4 3 3 1 2 4 5 2 0 5 1 | 14 21  0 5 1 0 8 1 0 9 1 1 6 1 1 8 1 1 9 1 2 7 1 2 9 1 2 10 1 3 8 1 3 11 1 3 12 1 4 10 1 4 12 1 4 13 1 5 10 1 5 11 1 6 11 1 6 13 1 7 12 1 7 13 1
R 3175 42 63 6 166 3 4 5 1 0 2 1 5 2 0 1 2 4 1 3 1 2 3 4 2 0 3 4 5 0 2 3 1 0 3 0 1 2 3 1 0 5 4 2 4 0 3 0 1 2 3 4 5 0 4 3 5 4 3 2 0 5 4 5 5 1 1 2 | 14 21  0 5 1 0 8 1 0 9 1 1 6 1 1 8 1 1 9 1 2 7 1 2 9 1 2 10 1 3 8 1 3 11 1 3 12 1 4 11 1 4 12 1 4 13 1 5 10 1 5 11 1 6 10 1 6 13 1 7 12 1 7 13 1
R 3176 42 63 6 247 3 4 5 1 0 2 1 0 2 0 1 4 0 4 5 1 2 3 5 2 4 5 2 1 0 2 3 1 0 3 1 4 2 3 0 5 4 2 0 1 3 5 0 1 2 3 4 5 3 4 5 5 3 2 1 3 2 4 5 1 0 0 4 | 14 21  0 5 1 0 8 1 0 9 1 1 6 1 1 8 1 1 9 1 2 7 1 2 9 1 2 10 1 3 8 1 3 10 1 3 11 1 4 11 1 4 12 1 4 13 1 5 11 1 5 12 1 6 12 1 6 13 1 7 10 1 7 13 1
R 3177 42 63 6 63 3 4 5 1 0 2 1 3 2 0 1 2 1 4 3 1 2 3 4 5 0 4 2 5 0 2 3 1 0 3 0 1 2 0 3 4 4 1 5 0 3 2 0 1 2 3 4 5 0 4 5 5 3 4 2 0 5 4 5 2 1 3 1 | 14 21  0 5 1 0 8 1 0 9 1 1 6 1 1 8 1 1 9 1 2 7 1 2 9 1 2 10 1 3 8 1 3 12 1 3 13 1 4 11 1 4 12 1 4 13 1 5 10 1 5 11 1 6 12 1 6 13 1 7 10 1 7 11 1
R 3178 42 63 6 63 3 4 5 1 0 2 1 3 2 0 1 2 1 3 4 1 2 3 4 5 0 4 2 5 0 2 3 1 0 3 0 1 2 5 4 3 3 1 0 0 4 2 0 1 2 3 4 5 0 4 5 5 4 3 0 2 5 4 5 2 1 3 1 | 14 21  0 5 1 0 8 1 0 9 1 1 6 1 1 8 1 1 9 1 2 7 1 2 9 1 2 10 1 3 8 1 3 12 1 3 13 1 4 11 1 4 12 1 4 13 1 5 10 1 5 12 1 6 11 1 6 13 1 7 10 1 7 11 1
R 3179 42 63 6 100 3 4 5 1 0 2 1 0 2 0 1 4 0 1 5 1 2 3 4 2 5 2 5 4 0 2 3 1 0 3 2 1 5 5 0 3 4 1 2 0 3 4 0 1 2 3 4 5 3 4 5 5 3 2 4 3 2 4 5 0 1 0 1 | 14 21  0 5 1 0 8 1 0 9 1 1 6 1 1 8 1 1 9 1 2 7 1 2 9 1 2 12 1 3 8 1 3 10 1 3 11 1 4 11 1 4 12 1 4 13 1 5 10 1 5 13 1 6 12 1 6 13 1 7 10 1 7 11 1
R 3180 42 63 6 70 3 4 5 1 3 2 1 4 2 0 1 2 0 4 1 1 2 3 4 5 3 2 0 5 0 2 3 0 1 4 3 1 5 1 0 2 4 3 0 0 3 2 0 1 2 0 4 5 3 5 0 5 3 4 3 2 5 4 5 2 1 1 4 | 14 21  0 5 1 0 8 1 0 9 1 1 6 1 1 8 1 1 11 1 2 7 1 2 9 1 2 10 1 3 8 1 3 9 1 3 10 1 4 11 1 4 12 1 4 13 1 5 11 1 5 12 1 6 10 1 6 13 1 7 12 1 7 13 1
R 3181 42 63 6 429 3 4 5 1 0 2 1 0 2 0 1 2 5 1 4 1 2 3 4 5 0 5 2 4 0 2 3 0 1 4 0 5 2 4 1 3 2 3 5 3 1 0 0 1 2 3 4 5 3 5 4 5 3 4 3 0 2 4 5 1 2 0 1 | 14 21  0 5 1 0 8 1 0 9 1 1 6 1 1 8 1 1 11 1 2 7 1 2 9 1 2 13 1 3 8 1 3 9 1 3 10 1 4 10 1 4 12 1 4 13 1 5 12 1 5 13 1 6 10 1 6 11 1 7 11 1 7 12 1
R 3182 42 63 6 1790 3 4 5 1 0 2 1 4 2 0 1 2 1 3 5 1 2 3 4 5 0 2 5 4 0 2 3 0 1 4 0 1 5 5 3 2 4 3 0 0 2 1 0 1 2 3 4 5 0 5 3 5 3 4 0 2 4 4 5 2 1 1 3 | 14 21  0 5 1 0 8 1 0 9 1 1 6 1 1 8 1 1 12 1 2 7 1 2 9 1 2 10 1 3 8 1 3 9 1 3 11 1 4 11 1 4 12 1 4 13 1 5 10 1 5 13 1 6 10 1 6 11 1 7 12 1 7 13 1
R 3183 42 63 6 260 3 4 5 1 0 2 0 2 4 0 1 2 1 2 3 1 2 3 4 5 1 4 5 0 0 2 3 1 0 3 1 2 4 0 3 1 5 3 2 0 4 3 0 1 2 3 4 5 3 5 1 5 3 4 4 0 5 4 5 0 2 2 1 | 14 21  0 5 1 0 8 1 0 9 1 1 6 1 1 8 1 1 9 1 2 7 1 2 10 1 2 12 1 3 8 1 3 10 1 3 11 1 4 9 1 4 10 1 4 11 1 5 12 1 5 13 1 6 12 1 6 13 1 7 11 1 7 13 1
R 3184 42 63 6 289 3 4 5 1 0 2 5 2 3 0 1 4 2 1 5 1 2 3 2 5 0 3 4 1 0 2 3 1 0 3 1 0 2 4 5 3 0 3 5 0 2 1 0 1 2 3 4 5 0 4 1 5 3 2 4 0 3 4 5 1 4 5 2 | 14 21  0 5 1 0 8 1 0 9 1 1 6 1 1 8 1 1 9 1 2 7 1 2 10 1 2 11 1 3 8 1 3 10 1 3 12 1 4 9 1 4 11 1 4 13 1 5 12 1 5 13 1 6 12 1 6 13 1 7 10 1 7 11 1
R 3185 42 63 6 85 3 4 5 1 0 2 3 5 4 0 1 2 1 2 5 1 2 3 4 5 0 1 4 2 0 2 3 1 0 3 1 0 4 2 0 5 0 5 2 1 3 4 0 1 2 3 4 5 0 2 1 5 3 4 4 3 0 4 5 1 2 5 3 | 14 21  0 5 1 0 8 1 0 9 1 1 6 1 1 8 1 1 9 1 2 7 1 2 10 1 2 11 1 3 8 1 3 10 1 3 12 1 4 9 1 4 12 1 4 13 1 5 11 1 5 13 1 6 12 1 6 13 1 7 10 1 7 11 1
R 3186 42 63 6 114 3 4 5 1 3 2 2 4 3 0 1 2 1 0 5 1 2 3 2 4 5 1 3 4 0 2 3 0 3 5 2 0 4 0 1 2 1 3 0 4 0 1 0 1 2 0 4 5 0 1 5 5 4 3 4 3 2 4 5 1 3 2 5 | 14 21  0 5 1 0 8 1 0 9 1 1 6 1 1 8 1 1 11 1 2 7 1 2 9 1 2 10 1 3 8 1 3 12 1 3 13 1 4 9 1 4 10 1 4 13 1 5 11 1 5 12 1 6 10 1 6 11 1 7 12 1 7 13 1
R 3187 42 63 6 1972 3 4 5 1 0 2 2 4 0 0 1 2 1 3 0 1 2 3 2 4 5 3 5 4 0 2 3 1 0 4 2 3 0 3 1 2 4 1 5 0 3 1 0 1 2 3 4 5 1 3 5 5 3 4 5 4 2 4 5 1 0 0 2 | 14 21  0 5 1 0 8 1 0 9 1 1 6 1 1 8 1 1 11 1 2 7 1 2 9 1 2 10 1 3 8 1 3 12 1 3 13 1 4 9 1 4 11 1 4 12 1 5 10 1 5 13 1 6 10 1 6 11 1 7 12 1 7 13 1
R 3188 42 63 6 461 3 4 5 1 0 2 2 4 0 0 1 2 1 5 3 1 2 3 2 4 1 5 0 4 0 2 3 1 3 4 2 3 0 4 3 0 1 5 2 0 3 1 0 1 2 3 4 5 3 5 1 5 3 4 0 2 4 4 5 5 0 1 2 | 14 21  0 5 1 0 8 1 0 9 1 1 6 1 1 8 1 1 11 1 2 7 1 2 9 1 2 10 1 3 8 1 3 12 1 3 13 1 4 9 1 4 11 1 4 12 1 5 10 1 5 13 1 6 10 1 6 12 1 7 11 1 7 13 1
R 3189 42 63 6 95 3 4 5 1 5 2 0 1 2 0 1 2 3 1 5 1 2 3 0 2 4 5 3 0 0 2 3 1 0 5 0 3 2 1 3 4 4 1 0 3 5 2 0 1 2 3 4 0 4 3 5 5 3 4 4 2 0 4 5 1 5 2 1 | 14 21  0 5 1 0 8 1 0 9 1 1 6 1 1 8 1 1 11 1 2 7 1 2 9 1 2 10 1 3 8 1 3 12 1 3 13 1 4 9 1 4 12 1 4 13 1 5 10 1 5 11 1 6 10 1 6 12 1 7 11 1 7 13 1
R 3190 42 63 6 128 3 4 5 1 0 2 1 4 5 0 1 2 3 0 4 1 2 3 2 5 4 5 3 1 0 2 3 0 1 4 0 3 5 1 3 2 5 4 0 3 0 1 0 1 2 3 4 5 0 3 2 5 3 4 5 1 2 4 5 1 0 4 2 | 14 21  0 5 1 0 8 1 0 9 1 1 6 1 1 8 1 1 11 1 2 7 1 2 9 1 2 10 1 3 8 1 3 12 1 3 13 1 4 9 1 4 12 1 4 13 1 5 10 1 5 13 1 6 10 1 6 11 1 7 11 1 7 12 1
R 3191 42 63 6 5860 3 4 5 1 0 2 2 3 1 0 1 2 5 0 4 1 2 3 2 4 1 5 0 3 0 2 3 0 1 4 3 1 4 4 2 5 0 3 2 3 0 1 0 1 2 3 4 5 4 5 0 5 3 4 3 1 2 4 5 0 5 2 1 | 14 21  0 5 1 0 8 1 0 9 1 1 6 1 1 8 1 1 10 1 2 7 1 2 9 1 2 11 1 3 8 1 3 11 1 3 13 1 4 9 1 4 12 1 4 13 1 5 12 1 5 13 1 6 10 1 6 12 1 7 10 1 7 11 1
R 3192 42 63 6 557 3 4 5 1 0 2 5 2 0 0 1 2 1 3 4 1 2 3 4 5 0 3 1 5 0 2 3 1 0 4 3 4 2 5 3 0 3 1 0 5 4 1 0 1 2 3 4 5 4 3 1 5 4 3 5 2 0 4 5 1 2 0 2 | 14 21  0 5 1 0 8 1 0 9 1 1 6 1 1 8 1 1 10 1 2 7 1 2 9 1 2 11 1 3 8 1 3 12 1 3 13 1 4 9 1 4 12 1 4 13 1 5 11 1 5 12 1 6 10 1 6 13 1 7 10 1 7 11 1
R 3193 42 63 6 68 3 4 5 1 3 2 0 2 4 0 1 2 1 0 3 1 2 3 2 4 5 4 3 1 0 2 3 1 0 2 0 3 5 4 1 0 0 5 3 1 4 2 0 1 2 0 4 5 5 3 1 5 3 4 4 2 5 4 5 1 3 2 0 | 14 21  0 5 1 0 8 1 0 10 1 1 6 1 1 8 1 1 9 1 2 7 1 2 9 1 2 10 1 3 8 1 3 11 1 3 12 1 4 10 1 4 11 1 4 13 1 5 9 1 5 11 1 6 12 1 6 13 1 7 12 1 7 13 1
R 3194 42 63 6 116 3 4 5 1 3 2 0 2 4 0 1 2 0 1 3 1 2 3 4 5 1 4 3 2 0 2 3 1 0 2 0 3 5 1 3 0 4 5 1 2 0 4 0 1 2 0 4 5 5 3 1 5 4 3 4 2 5 4 5 2 3 0 1 | 14 21  0 5 1 0 8 1 0 10 1 1 6 1 1 8 1 1 9 1 2 7 1 2 9 1 2 10 1 3 8 1 3 11 1 3 12 1 4 10 1 4 12 1 4 13 1 5 9 1 5 11 1 6 11 1 6 13 1 7 12 1 7 13 1
R 3195 42 63 6 124 3 4 5 2 0 4 2 3 1 0 1 5 2 0 3 1 2 3 1 5 4 0 1 2 0 2 3 3 2 0 0 1 4 4 5 3 1 3 0 4 2 1 0 1 2 3 5 1 4 5 0 4 2 3 1 4 5 4 5 2 0 3 5 | 14 21  0 5 1 0 8 1 0 10 1 1 6 1 1 8 1 1 9 1 2 7 1 2 9 1 2 11 1 3 8 1 3 12 1 3 13 1 4 11 1 4 12 1 4 13 1 5 9 1 5 10 1 6 11 1 6 13 1 7 10 1 7 12 1
R 3196 42 63 6 89 3 4 5 1 3 2 2 5 3 0 1 4 1 0 2 1 2 3 2 4 3 0 1 5 0 2 3 1 0 2 0 3 4 1 2 4 5 0 4 3 0 1 0 1 2 0 4 5 4 1 0 5 3 2 5 3 4 4 5 1 5 3 2 | 14 21  0 5 1 0 8 1 0 10 1 1 6 1 1 8 1 1 9 1 2 7 1 2 10 1 2 11 1 3 8 1 3 9 1 3 13 1 4 10 1 4 12 1 4 13 1 5 9 1 5 11 1 6 12 1 6 13 1 7 11 1 7 12 1
R 3197 42 63 6 831 3 4 5 1 3 2 0 1 2 0 1 4 1 5 2 1 2 3 5 4 3 2 3 0 0 2 3 1 0 2 1 0 4 3 4 2 0 3 5 0 4 1 0 1 2 0 4 5 4 3 5 5 3 2 0 4 3 4 5 1 2 1 5 | 14 21  0 5 1 0 8 1 0 10 1 1 6 1 1 8 1 1 9 1 2 7 1 2 10 1 2 11 1 3 8 1 3 9 1 3 12 1 4 11 1 4 12 1 4 13 1 5 9 1 5 10 1 6 11 1 6 13 1 7 12 1 7 13 1
R 3198 42 63 6 584 3 4 5 1 3 2 1 0 2 0 1 2 4 0 1 1 2 3 4 5 3 4 5 2 0 2 3 1 0 2 0 1 4 3 1 0 0 3 5 2 3 4 0 1 2 0 4 5 3 5 4 5 3 4 3 2 5 4 5 2 1 1 0 | 14 21  0 5 1 0 8 1 0 10 1 1 6 1 1 8 1 1 9 1 2 7 1 2 10 1 2 11 1 3 8 1 3 10 1 3 12 1 4 9 1 4 11 1 4 13 1 5 9 1 5 11 1 6 12 1 6 13 1 7 12 1 7 13 1
R 3199 42 63 6 2418 3 4 5 1 3 2 1 0 2 0 1 2 4 5 0 1 2 3 5 4 1 5 3 2 0 2 3 1 0 2 0 1 4 1 4 0 5 0 3 2 4 5 0 1 2 0 4 5 4 5 3 5 3 4 3 2 1 4 5 2 3 1 0 | 14 21  0 5 1 0 8 1 0 10 1 1 6 1 1 8 1 1 9 1 2 7 1 2 10 1 2 11 1 3 8 1 3 10 1 3 12 1 4 9 1 4 12 1 4 13 1 5 9 1 5 11 1 6 11 1 6 13 1 7 12 1 7 13 1
R 3200 42 63 6 579 3 4 5 1 3 2 1 0 2 0 1 2 4 0 2 1 2 3 4 5 3 4 5 1 0 2 3 1 0 2 0 1 4 1 3 0 3 0 5 4 3 2 0 1 2 0 4 5 3 5 4 5 3 4 3 1 5 4 5 2 1 2 0 | 14 21  0 5 1 0 8 1 0 10 1 1 6 1 1 8 1 1 9 1 2 7 1 2 10 1 2 11 1 3 8 1 3 10 1 3 12 1 4 9 1 4 12 1 4 13 1 5 9 1 5 11 1 6 12 1 6 13 1 7 11 1 7 13 1
R 3201 42 63 6 326 3 4 5 1 3 2 1 2 5 0 1 2 0 4 2 1 2 3 5 4 1 5 4 3 0 2 3 1 0 2 0 1 3 5 4 0 0 4 2 0 1 5 0 1 2 0 4 5 0 4 3 5 3 4 3 5 1 4 5 2 3 1 2 | 14 21  0 5 1 0 8 1 0 10 1 1 6 1 1 8 1 1 9 1 2 7 1 2 10 1 2 13 1 3 8 1 3 11 1 3 13 1 4 9 1 4 10 1 4 11 1 5 9 1 5 12 1 6 11 1 6 12 1 7 12 1 7 13 1
R 3202 42 63 6 96 3 4 5 1 3 2 1 0 2 0 1 2 0 4 2 1 2 3 5 4 3 3 4 1 0 2 3 1 0 2 0 1 3 1 4 0 5 4 2 0 3 5 0 1 2 0 4 5 5 4 3 5 3 4 3 5 1 4 5 2 1 0 2 | 14 21  0 5 1 0 8 1 0 10 1 1 6 1 1 8 1 1 9 1 2 7 1 2 10 1 2 11 1 3 8 1 3 12 1 3 13 1 4 9 1 4 10 1 4 13 1 5 9 1 5 11 1 6 11 1 6 12 1 7 12 1 7 13 1
R 3203 42 63 6 100 3 4 5 1 3 2 1 0 2 0 1 2 0 4 2 1 2 3 5 4 3 3 4 1 0 2 3 1 0 2 0 1 3 1 4 0 4 5 2 3 0 5 0 1 2 0 4 5 5 4 3 5 3 4 3 5 1 4 5 1 2 2 0 | 14 21  0 5 1 0 8 1 0 10 1 1 6 1 1 8 1 1 9 1 2 7 1 2 10 1 2 11 1 3 8 1 3 12 1 3 13 1 4 9 1 4 10 1 4 13 1 5 9 1 5 11 1 6 12 1 6 13 1 7 11 1 7 12 1
R 3204 42 63 6 178 3 4 5 1 3 2 0 1 2 0 1 3 4 5 2 1 2 3 4 5 1 2 3 0 0 2 3 1 0 2 1 0 4 4 3 1 0 5 3 0 4 2 0 1 2 0 4 5 4 3 5 5 2 4 3 0 1 4 5 2 3 1 5 | 14 21  0 5 1 0 8 1 0 10 1 1 6 1 1 8 1 1 9 1 2 7 1 2 10 1 2 11 1 3 8 1 3 11 1 3 12 1 4 9 1 4 11 1 4 13 1 5 9 1 5 10 1 6 12 1 6 13 1 7 12 1 7 13 1
R 3205 42 63 6 204 3 4 5 1 3 2 0 1 2 0 1 3 4 5 1 1 2 3 4 2 5 2 3 0 0 2 3 1 0 2 1 0 4 4 0 1 0 5 3 3 2 4 0 1 2 0 4 5 4 3 5 5 2 4 3 2 0 4 5 3 1 1 5 | 14 21  0 5 1 0 8 1 0 10 1 1 6 1 1 8 1 1 9 1 2 7 1 2 10 1 2 11 1 3 8 1 3 11 1 3 12 1 4 9 1 4 12 1 4 13 1 5 9 1 5 10 1 6 11 1 6 13 1 7 12 1 7 13 1
R 3206 42 63 6 299 3 4 5 2 4 1 0 1 2 1 0 5 0 2 3 1 2 3 0 1 4 2 3 5 0 2 3 3 2 5 1 0 4 3 4 1 2 0 4 1 3 0 0 1 2 3 5 0 4 3 5 4 3 2 1 5 4 4 5 2 5 0 1 | 14 21  0 5 1 0 8 1 0 10 1 1 6 1 1 8 1 1 9 1 2 7 1 2 10 1 2 11 1 3 8 1 3 12 1 3 13 1 4 9 1 4 12 1 4 13 1 5 9 1 5 10 1 6 11 1 6 13 1 7 11 1 7 12 1
R 3207 42 63 6 2238 3 4 5 1 3 2 0 4 3 0 1 2 4 0 5 1 2 3 5 2 1 1 5 4 0 2 3 1 0 2 1 0 4 1 5 0 4 2 0 5 2 3 0 1 2 0 4 5 2 5 1 5 3 4 3 2 1 4 5 3 4 3 0 | 14 21  0 5 1 0 8 1 0 10 1 1 6 1 1 8 1 1 9 1 2 7 1 2 10 1 2 13 1 3 8 1 3 11 1 3 13 1 4 9 1 4 11 1 4 12 1 5 9 1 5 12 1 6 10 1 6 11 1 7 12 1 7 13 1
R 3208 42 63 6 196 3 4 5 1 3 2 3 1 5 0 1 2 0 4 2 1 2 3 2 5 1 5 4 3 0 2 3 1 0 2 1 0 3 1 2 0 5 4 0 3 0 5 0 1 2 0 4 5 0 4 2 5 3 4 3 5 1 4 5 4 3 2 1 | 14 21  0 5 1 0 8 1 0 10 1 1 6 1 1 8 1 1 9 1 2 7 1 2 11 1 2 13 1 3 8 1 3 12 1 3 13 1 4 9 1 4 10 1 4 12 1 5 9 1 5 11 1 6 10 1 6 11 1 7 12 1 7 13 1
R 3209 42 63 6 610 3 4 5 1 3 2 5 2 3 0 1 2 0 5 2 1 2 3 4 5 1 3 4 1 0 2 3 1 0 2 1 0 5 1 3 0 0 2 4 0 5 3 0 1 2 0 4 5 0 1 4 5 4 3 3 4 1 4 5 3 2 5 2 | 14 21  0 5 1 0 8 1 0 10 1 1 6 1 1 8 1 1 9 1 2 7 1 2 12 1 2 13 1 3 8 1 3 11 1 3 12 1 4 9 1 4 10 1 4 13 1 5 9 1 5 11 1 6 10 1 6 11 1 7 12 1 7 13 1
R 3210 42 63 6 81 3 4 5 2 3 0 5 3 4 1 4 0 1 4 2 1 2 3 0 1 2 2 1 5 4 0 3 2 5 0 0 1 4 0 1 4 2 0 4 1 2 3 0 1 2 4 5 1 0 2 1 2 3 5 3 5 0 4 5 3 5 3 4 | 14 21  0 5 1 0 8 1 0 10 1 1 6 1 1 8 1 1 9 1 2 7 1 2 11 1 2 12 1 3 8 1 3 12 1 3 13 1 4 9 1 4 12 1 4 13 1 5 9 1 5 10 1 6 10 1 6 11 1 7 11 1 7 13 1
R 3211 42 63 6 84 3 4 5 1 3 2 1 0 3 0 1 2 0 4 1 1 2 3 2 4 5 2 3 4 0 2 3 1 0 2 0 3 5 1 4 0 4 1 2 5 0 3 0 1 2 0 4 5 5 4 2 5 3 4 3 5 2 4 5 3 1 1 0 | 14 21  0 5 1 0 8 1 0 10 1 1 6 1 1 8 1 1 9 1 2 7 1 2 10 1 2 11 1 3 8 1 3 12 1 3 13 1 4 9 1 4 12 1 4 13 1 5 9 1 5 11 1 6 11 1 6 13 1 7 10 1 7 12 1
R 3212 42 63 6 1082 3 4 5 0 2 4 1 0 2 1 2 0 1 4 0 1 2 3 4 1 5 4 5 2 0 2 3 1 0 3 3 0 2 4 1 2 4 5 0 1 3 4 0 1 2 3 5 1 3 4 5 4 5 3 5 3 2 4 5 0 2 1 0 | 14 21  0 5 1 0 8 1 0 9 1 1 6 1 1 9 1 1 10 1 2 7 1 2 9 1 2 11 1 3 8 1 3 10 1 3 12 1 4 8 1 4 11 1 4 13 1 5 10 1 5 13 1 6 11 1 6 12 1 7 12 1 7 13 1
R 3213 42 63 6 318 3 4 5 4 2 3 0 3 2 1 2 5 1 0 3 1 2 3 5 1 4 1 4 0 0 2 3 0 3 1 0 5 2 1 3 4 0 5 1 4 0 5 0 1 2 0 5 1 5 4 1 4 3 0 5 4 2 4 5 2 3 2 3 | 14 21  0 5 1 0 8 1 0 9 1 1 6 1 1 9 1 1 10 1 2 7 1 2 9 1 2 13 1 3 8 1 3 10 1 3 11 1 4 8 1 4 12 1 4 13 1 5 10 1 5 11 1 6 12 1 6 13 1 7 11 1 7 12 1
R 3214 42 63 6 576 3 4 5 1 0 2 0 4 2 1 2 3 0 1 4 1 2 3 3 2 4 5 1 0 0 2 3 0 1 3 4 5 2 1 0 2 1 4 3 0 5 3 0 1 2 5 4 3 3 5 1 4 0 5 5 3 2 4 5 1 0 2 4 | 14 21  0 5 1 0 8 1 0 9 1 1 6 1 1 9 1 1 10 1 2 7 1 2 9 1 2 13 1 3 8 1 3 10 1 3 11 1 4 8 1 4 11 1 4 13 1 5 11 1 5 12 1 6 10 1 6 12 1 7 12 1 7 13 1
R 3215 42 63 6 75 3 4 5 2 0 4 0 2 1 1 2 3 0 1 2 1 2 3 4 3 0 1 4 5 0 2 3 0 3 5 4 3 2 1 2 0 1 4 0 5 3 1 0 1 2 5 1 3 3 4 5 4 0 5 5 3 4 4 5 1 2 2 0 | 14 21  0 5 1 0 8 1 0 9 1 1 6 1 1 9 1 1 11 1 2 7 1 2 9 1 2 10 1 3 8 1 3 10 1 3 11 1 4 8 1 4 12 1 4 13 1 5 11 1 5 12 1 6 10 1 6 13 1 7 12 1 7 13 1
R 3216 42 63 6 57 3 4 5 3 4 2 2 4 5 1 2 0 0 1 4 1 2 3 0 2 3 3 0 5 0 2 3 0 1 4 2 1 5 3 1 4 2 1 0 0 3 1 0 1 2 1 5 0 1 3 0 4 3 5 5 3 2 4 5 4 5 2 4 | 14 21  0 5 1 0 8 1 0 9 1 1 6 1 1 9 1 1 11 1 2 7 1 2 9 1 2 10 1 3 8 1 3 10 1 3 11 1 4 8 1 4 12 1 4 13 1 5 12 1 5 13 1 6 10 1 6 12 1 7 11 1 7 13 1
R 3217 42 63 6 83 3 4 5 0 4 2 2 3 5 1 2 5 0 1 3 1 2 3 3 5 0 0 1 2 0 2 3 1 3 4 0 1 5 2 0 1 4 1 5 2 0 3 0 1 2 1 5 3 4 0 1 4 3 0 5 4 2 4 5 2 4 3 5 | 14 21  0 5 1 0 8 1 0 9 1 1 6 1 1 9 1 1 10 1 2 7 1 2 9 1 2 13 1 3 8 1 3 11 1 3 12 1 4 8 1 4 11 1 4 12 1 5 10 1 5 11 1 6 10 1 6 13 1 7 12 1 7 13 1
R 3218 42 63 6 145 3 4 5 1 3 2 2 4 0 1 2 5 0 1 3 1 2 3 5 2 4 0 5 1 0 2 3 0 1 3 0 1 2 2 0 1 3 4 5 5 3 0 0 1 2 0 4 5 3 5 1 4 3 0 5 4 2 4 5 3 1 2 4 | 14 21  0 5 1 0 8 1 0 9 1 1 6 1 1 9 1 1 10 1 2 7 1 2 9 1 2 13 1 3 8 1 3 11 1 3 12 1 4 8 1 4 11 1 4 13 1 5 10 1 5 11 1 6 10 1 6 12 1 7 12 1 7 13 1
R 3219 42 63 6 130 3 4 5 5 0 2 2 4 0 1 2 5 0 1 3 1 2 3 4 2 3 0 5 1 0 2 3 0 1 3 5 1 2 2 0 1 1 3 4 5 3 0 0 1 2 1 4 3 3 5 1 4 3 0 5 4 2 4 5 0 5 2 4 | 14 21  0 5 1 0 8 1 0 9 1 1 6 1 1 9 1 1 10 1 2 7 1 2 9 1 2 13 1 3 8 1 3 11 1 3 12 1 4 8 1 4 11 1 4 13 1 5 10 1 5 12 1 6 10 1 6 11 1 7 12 1 7 13 1
R 3220 42 63 6 110 3 4 5 0 1 2 0 1 4 1 2 3 4 0 2 1 2 3 2 5 1 4 5 0 0 2 3 1 0 4 3 4 1 3 2 0 4 1 5 0 4 2 0 1 2 4 3 5 3 2 5 4 5 0 5 1 3 4 5 0 3 2 1 | 14 21  0 5 1 0 8 1 0 9 1 1 6 1 1 9 1 1 10 1 2 7 1 2 10 1 2 11 1 3 8 1 3 9 1 3 10 1 4 8 1 4 11 1 4 12 1 5 11 1 5 13 1 6 12 1 6 13 1 7 12 1 7 13 1
R 3221 42 63 6 471 3 4 5 0 1 2 4 5 3 1 2 3 0 1 2 1 2 3 5 3 0 1 2 4 0 2 3 1 0 4 0 3 1 4 2 5 2 0 3 0 4 1 0 1 2 4 3 5 0 2 1 4 5 0 5 4 3 4 5 1 2 3 5 | 14 21  0 5 1 0 8 1 0 9 1 1 6 1 1 9 1 1 10 1 2 7 1 2 10 1 2 11 1 3 8 1 3 9 1 3 11 1 4 8 1 4 10 1 4 13 1 5 12 1 5 13 1 6 12 1 6 13 1 7 11 1 7 12 1
R 3222 42 63 6 150 3 4 5 0 1 2 3 4 5 1 2 3 0 1 2 1 2 3 3 5 0 0 5 4 0 2 3 1 0 4 0 3 1 4 1 5 5 0 2 1 3 4 0 1 2 4 3 5 1 2 0 4 5 0 5 4 3 4 5 1 2 2 3 | 14 21  0 5 1 0 8 1 0 9 1 1 6 1 1 9 1 1 10 1 2 7 1 2 10 1 2 13 1 3 8 1 3 9 1 3 11 1 4 8 1 4 10 1 4 11 1 5 12 1 5 13 1 6 12 1 6 13 1 7 11 1 7 12 1
R 3223 42 63 6 776 3 4 5 0 4 2 0 2 1 1 2 3 0 1 2 1 2 3 1 3 4 3 5 0 0 2 3 1 0 4 3 0 2 4 5 1 5 3 2 4 0 1 0 1 2 5 3 1 4 5 3 4 5 0 5 4 3 4 5 0 2 2 1 | 14 21  0 5 1 0 8 1 0 9 1 1 6 1 1 9 1 1 10 1 2 7 1 2 10 1 2 11 1 3 8 1 3 9 1 3 11 1 4 8 1 4 12 1 4 13 1 5 10 1 5 13 1 6 12 1 6 13 1 7 11 1 7 12 1
R 3224 42 63 6 85 3 4 5 0 3 2 0 2 1 1 2 5 0 1 4 1 2 3 2 5 3 1 3 0 0 2 3 1 0 4 5 0 2 1 3 4 3 4 1 0 2 4 0 1 2 4 5 1 4 3 5 4 3 0 5 2 3 4 5 0 1 2 5 | 14 21  0 5 1 0 8 1 0 9 1 1 6 1 1 9 1 1 10 1 2 7 1 2 10 1 2 12 1 3 8 1 3 9 1 3 11 1 4 8 1 4 12 1 4 13 1 5 10 1 5 11 1 6 12 1 6 13 1 7 11 1 7 13 1
R 3225 42 63 6 116 3 4 5 0 1 2 0 2 5 1 2 3 0 1 4 1 2 3 5 2 3 3 5 0 0 2 3 1 0 4 3 0 2 1 4 5 2 1 5 0 3 1 0 1 2 4 3 5 1 4 3 4 5 0 5 3 2 4 5 1 0 2 4 | 14 21  0 5 1 0 8 1 0 9 1 1 6 1 1 9 1 1 10 1 2 7 1 2 10 1 2 11 1 3 8 1 3 9 1 3 11 1 4 8 1 4 12 1 4 13 1 5 12 1 5 13 1 6 10 1 6 12 1 7 11 1 7 13 1
R 3226 42 63 6 94 3 4 5 0 1 2 0 2 3 1 2 3 0 1 4 1 2 3 3 2 5 4 5 0 0 2 3 1 0 4 3 4 1 1 2 5 0 1 2 0 4 3 0 1 2 4 3 5 1 4 5 4 5 0 5 2 3 4 5 0 1 3 2 | 14 21  0 5 1 0 8 1 0 9 1 1 6 1 1 9 1 1 10 1 2 7 1 2 11 1 2 12 1 3 8 1 3 9 1 3 11 1 4 8 1 4 10 1 4 11 1 5 12 1 5 13 1 6 10 1 6 13 1 7 12 1 7 13 1
R 3227 42 63 6 112 3 4 5 0 1 2 4 2 0 1 2 5 0 1 4 1 2 3 2 5 4 0 3 1 0 2 3 1 0 4 3 0 5 2 5 0 1 3 4 1 5 2 0 1 2 3 5 4 5 1 3 4 3 0 5 2 3 4 5 1 0 2 4 | 14 21  0 5 1 0 8 1 0 9 1 1 6 1 1 9 1 1 10 1 2 7 1 2 11 1 2 13 1 3 8 1 3 9 1 3 12 1 4 8 1 4 10 1 4 11 1 5 11 1 5 12 1 6 10 1 6 13 1 7 12 1 7 13 1
R 3228 42 63 6 72 3 4 5 0 1 2 3 5 4 1 2 3 0 1 4 1 2 3 3 2 0 2 1 5 0 2 3 1 0 4 1 4 2 0 3 5 0 3 1 0 2 4 0 1 2 4 3 5 0 2 1 4 5 0 5 3 2 4 5 5 1 4 3 | 14 21  0 5 1 0 8 1 0 9 1 1 6 1 1 9 1 1 12 1 2 7 1 2 12 1 2 13 1 3 8 1 3 9 1 3 10 1 4 8 1 4 10 1 4 11 1 5 11 1 5 13 1 6 10 1 6 11 1 7 12 1 7 13 1
R 3229 42 63 6 61 3 4 5 0 1 2 1 0 4 1 2 3 0 1 3 1 2 3 4 2 0 4 2 5 0 2 3 1 0 4 5 1 2 0 3 4 1 3 2 5 3 0 0 1 2 5 3 4 3 2 5 4 5 0 5 4 2 4 5 3 1 0 1 | 14 21  0 5 1 0 8 1 0 9 1 1 6 1 1 9 1 1 13 1 2 7 1 2 11 1 2 12 1 3 8 1 3 9 1 3 10 1 4 8 1 4 12 1 4 13 1 5 10 1 5 11 1 6 10 1 6 11 1 7 12 1 7 13 1
R 3230 42 63 6 250 3 4 5 0 1 2 4 3 0 1 2 3 0 1 4 1 2 3 2 5 0 5 1 3 0 2 3 1 0 4 3 4 2 4 2 1 0 3 5 1 0 2 0 1 2 4 3 5 2 1 5 4 5 0 5 3 2 4 5 1 3 0 4 | 14 21  0 5 1 0 8 1 0 9 1 1 6 1 1 9 1 1 10 1 2 7 1 2 10 1 2 11 1 3 8 1 3 9 1 3 11 1 4 8 1 4 11 1 4 12 1 5 12 1 5 13 1 6 12 1 6 13 1 7 10 1 7 13 1
R 3231 42 63 6 13866 3 4 5 0 4 2 0 1 5 1 2 3 0 1 4 1 2 3 3 2 0 3 2 1 0 2 3 1 0 4 1 2 4 4 3 5 5 0 2 0 3 1 0 1 2 5 3 1 4 3 2 4 5 0 5 3 2 4 5 1 4 5 0 | 14 21  0 5 1 0 8 1 0 9 1 1 6 1 1 9 1 1 12 1 2 7 1 2 10 1 2 11 1 3 8 1 3 9 1 3 10 1 4 8 1 4 12 1 4 13 1 5 12 1 5 13 1 6 11 1 6 13 1 7 10 1 7 11 1
R 3232 42 63 6 165 3 4 5 0 1 4 0 4 1 1 2 3 0 1 2 1 2 3 4 5 0 5 3 4 0 2 3 0 1 4 2 1 4 0 2 5 0 3 2 4 1 2 0 1 2 2 3 5 2 5 3 4 5 0 5 3 4 4 5 1 3 1 0 | 14 21  0 5 1 0 8 1 0 9 1 1 6 1 1 10 1 1 12 1 2 7 1 2 10 1 2 11 1 3 8 1 3 9 1 3 10 1 4 8 1 4 9 1 4 11 1 5 12 1 5 13 1 6 11 1 6 13 1 7 12 1 7 13 1
R 3233 42 63 6 61 3 4 5 0 1 4 0 2 4 1 2 3 0 1 2 1 2 3 2 4 5 1 5 0 0 2 3 0 1 4 1 3 5 3 0 2 1 4 3 0 3 2 0 1 2 3 2 5 3 1 5 4 5 0 5 3 4 4 5 0 1 2 4 | 14 21  0 5 1 0 8 1 0 9 1 1 6 1 1 10 1 1 11 1 2 7 1 2 11 1 2 13 1 3 8 1 3 9 1 3 10 1 4 8 1 4 9 1 4 10 1 5 11 1 5 12 1 6 12 1 6 13 1 7 12 1 7 13 1
R 3234 42 63 6 124 3 4 5 0 1 4 1 5 4 1 2 3 0 1 2 1 2 3 4 2 0 0 3 5 0 2 3 0 1 4 1 3 5 0 3 2 0 2 1 3 2 4 0 1 2 3 2 5 2 3 0 4 5 0 5 3 4 4 5 1 5 4 1 | 14 21  0 5 1 0 8 1 0 9 1 1 6 1 1 10 1 1 11 1 2 7 1 2 12 1 2 13 1 3 8 1 3 9 1 3 10 1 4 8 1 4 9 1 4 10 1 5 11 1 5 12 1 6 11 1 6 13 1 7 12 1 7 13 1
R 3235 42 63 6 467 3 4 5 1 0 4 0 1 3 2 5 3 1 0 2 1 2 3 3 5 0 4 5 1 0 2 3 0 3 5 1 2 5 2 0 1 1 3 2 2 0 4 0 1 2 2 3 5 2 4 5 4 1 0 5 4 3 4 5 4 1 0 3 | 14 21  0 5 1 0 8 1 0 9 1 1 6 1 1 11 1 1 12 1 2 7 1 2 11 1 2 13 1 3 8 1 3 9 1 3 10 1 4 8 1 4 9 1 4 10 1 5 10 1 5 11 1 6 12 1 6 13 1 7 12 1 7 13 1
R 3236 42 63 6 1035 3 4 5 0 5 4 3 4 1 1 2 3 0 1 2 1 2 3 1 3 0 2 5 4 0 2 3 0 1 4 1 2 4 0 3 5 2 3 0 1 0 2 0 1 2 2 3 1 0 2 5 4 5 0 5 3 4 4 5 5 4 1 3 | 14 21  0 5 1 0 8 1 0 9 1 1 6 1 1 10 1 1 11 1 2 7 1 2 11 1 2 12 1 3 8 1 3 9 1 3 10 1 4 8 1 4 9 1 4 11 1 5 12 1 5 13 1 6 10 1 6 13 1 7 12 1 7 13 1
R 3237 42 63 6 174 3 4 5 0 3 2 2 3 0 1 2 3 1 0 4 1 2 3 1 2 5 0 4 5 0 2 3 4 3 5 1 0 2 1 0 4 1 4 3 1 0 2 0 1 2 4 1 5 1 5 4 4 0 5 5 2 3 4 5 3 0 2 3 | 14 21  0 5 1 0 8 1 0 11 1 1 6 1 1 9 1 1 13 1 2 7 1 2 11 1 2 13 1 3 8 1 3 9 1 3 10 1 4 8 1 4 9 1 4 10 1 5 10 1 5 12 1 6 11 1 6 12 1 7 12 1 7 13 1
R 3238 42 63 6 70 3 4 5 0 1 2 0 5 4 1 2 3 1 0 4 1 2 3 2 3 0 4 2 1 0 2 3 1 0 4 3 4 2 0 4 3 1 2 0 1 3 4 0 1 2 4 3 5 3 1 2 4 0 5 5 2 3 5 4 1 5 5 0 | 14 21  0 5 1 0 8 1 0 9 1 1 6 1 1 9 1 1 10 1 2 7 1 2 10 1 2 13 1 3 8 1 3 10 1 3 11 1 4 8 1 4 11 1 4 12 1 5 9 1 5 12 1 6 11 1 6 13 1 7 12 1 7 13 1
R 3239 42 63 6 77 3 4 5 0 1 2 0 2 4 1 2 5 0 1 3 1 2 3 2 3 0 3 1 4 0 2 3 1 0 4 3 4 2 0 1 5 4 5 3 0 1 2 0 1 2 4 3 5 5 1 3 4 0 3 5 2 4 5 4 1 5 2 0 | 14 21  0 5 1 0 8 1 0 9 1 1 6 1 1 9 1 1 10 1 2 7 1 2 10 1 2 13 1 3 8 1 3 10 1 3 11 1 4 8 1 4 12 1 4 13 1 5 9 1 5 11 1 6 12 1 6 13 1 7 11 1 7 12 1
R 3240 42 63 6 67 3 4 5 0 1 2 1 0 3 1 2 5 0 4 3 1 2 3 2 3 0 5 2 1 0 2 3 1 0 4 3 4 2 0 5 1 4 2 3 1 0 4 0 1 2 4 3 5 4 2 5 4 0 3 5 1 2 5 4 1 5 0 3 | 14 21  0 5 1 0 8 1 0 9 1 1 6 1 1 9 1 1 10 1 2 7 1 2 11 1 2 12 1 3 8 1 3 10 1 3 11 1 4 8 1 4 10 1 4 13 1 5 9 1 5 11 1 6 12 1 6 13 1 7 12 1 7 13 1
R 3241 42 63 6 552 3 4 5 2 0 1 2 4 5 1 2 3 0 1 4 1 2 3 4 5 0 0 1 2 0 2 3 0 3 5 3 2 4 1 0 2 0 3 1 1 3 4 0 1 2 3 4 5 3 1 0 4 0 5 5 3 2 4 5 1 2 4 5 | 14 21  0 5 1 0 8 1 0 9 1 1 6 1 1 9 1 1 10 1 2 7 1 2 10 1 2 13 1 3 8 1 3 10 1 3 11 1 4 8 1 4 11 1 4 12 1 5 11 1 5 12 1 6 9 1 6 13 1 7 12 1 7 13 1
R 3242 42 63 6 341 3 4 5 1 0 2 4 2 3 1 2 0 0 1 4 1 2 3 4 5 2 3 0 5 0 2 3 0 3 5 1 4 2 3 1 4 1 0 2 0 3 1 0 1 2 3 4 5 1 0 5 4 3 5 5 3 2 4 5 1 0 2 4 | 14 21  0 5 1 0 8 1 0 9 1 1 6 1 1 9 1 1 10 1 2 7 1 2 10 1 2 12 1 3 8 1 3 10 1 3 11 1 4 8 1 4 12 1 4 13 1 5 12 1 5 13 1 6 9 1 6 11 1 7 11 1 7 13 1
R 3243 42 63 6 60 3 4 5 1 0 2 1 0 2 5 1 4 3 0 5 1 2 3 2 3 0 2 4 1 0 2 5 1 0 3 3 1 4 2 0 4 3 0 4 1 3 2 0 1 2 4 3 5 3 4 5 0 3 2 2 1 4 4 5 1 5 5 0 | 14 21  0 5 1 0 8 1 0 9 1 1 6 1 1 8 1 1 9 1 2 7 1 2 9 1 2 10 1 3 10 1 3 11 1 3 12 1 4 10 1 4 11 1 4 13 1 5 8 1 5 11 1 6 12 1 6 13 1 7 12 1 7 13 1
R 3244 42 63 6 174 3 4 5 1 0 2 1 0 2 4 3 1 1 0 5 1 2 3 2 3 0 2 4 5 0 2 5 1 0 3 1 4 2 0 3 4 0 4 3 2 3 1 0 1 2 4 3 5 3 4 5 0 2 5 3 2 4 4 5 1 5 1 0 | 14 21  0 5 1 0 8 1 0 9 1 1 6 1 1 8 1 1 9 1 2 7 1 2 9 1 2 10 1 3 10 1 3 11 1 3 12 1 4 10 1 4 12 1 4 13 1 5 8 1 5 11 1 6 12 1 6 13 1 7 11 1 7 13 1
R 3245 42 63 6 57 3 4 5 1 0 2 1 0 2 0 3 5 1 4 5 1 2 3 2 3 1 4 2 0 0 2 5 1 0 3 1 3 4 2 1 0 4 2 3 0 3 4 0 1 2 4 3 5 3 4 5 2 4 1 3 0 2 4 5 0 5 5 1 | 14 21  0 5 1 0 8 1 0 9 1 1 6 1 1 8 1 1 9 1 2 7 1 2 9 1 2 10 1 3 10 1 3 11 1 3 12 1 4 11 1 4 12 1 4 13 1 5 8 1 5 11 1 6 10 1 6 13 1 7 12 1 7 13 1
R 3246 42 63 6 368 3 4 5 1 0 2 1 0 2 0 5 3 2 0 1 1 2 3 2 3 5 4 5 1 0 2 5 1 0 3 1 3 0 5 2 4 0 4 3 3 1 2 0 1 2 4 3 5 3 4 5 4 1 2 3 5 4 4 5 1 0 2 0 | 14 21  0 5 1 0 8 1 0 9 1 1 6 1 1 8 1 1 9 1 2 7 1 2 9 1 2 13 1 3 10 1 3 11 1 3 12 1 4 11 1 4 12 1 4 13 1 5 8 1 5 10 1 6 12 1 6 13 1 7 10 1 7 11 1
R 3247 42 63 6 57 3 4 5 1 0 2 0 1 3 1 2 5 0 1 3 1 2 3 2 3 5 4 5 0 0 2 5 1 0 3 2 1 0 2 0 3 4 3 5 2 4 1 0 1 2 4 3 5 2 4 5 4 3 0 4 2 5 4 5 1 0 1 3 | 14 21  0 5 1 0 8 1 0 9 1 1 6 1 1 8 1 1 9 1 2 7 1 2 10 1 2 11 1 3 9 1 3 10 1 3 12 1 4 11 1 4 12 1 4 13 1 5 8 1 5 10 1 6 11 1 6 13 1 7 12 1 7 13 1
R 3248 42 63 6 63 3 4 5 1 0 2 0 1 3 1 2 5 0 5 1 1 2 3 2 3 0 3 4 5 0 2 5 1 0 3 2 1 0 2 0 4 3 4 5 2 3 1 0 1 2 4 3 5 2 4 5 4 3 0 3 2 4 4 5 1 5 1 0 | 14 21  0 5 1 0 8 1 0 9 1 1 6 1 1 8 1 1 9 1 2 7 1 2 10 1 2 11 1 3 9 1 3 10 1 3 12 1 4 11 1 4 12 1 4 13 1 5 8 1 5 10 1 6 12 1 6 13 1 7 11 1 7 13 1
R 3249 42 63 6 87 3 4 5 1 0 2 1 4 5 1 2 0 0 5 3 1 2 3 2 3 5 2 0 1 0 2 5 1 0 3 3 0 4 2 1 5 0 4 3 1 3 2 0 1 2 4 3 5 3 2 0 4 3 5 1 4 2 4 5 1 0 5 4 | 14 21  0 5 1 0 8 1 0 9 1 1 6 1 1 8 1 1 9 1 2 7 1 2 10 1 2 11 1 3 9 1 3 11 1 3 13 1 4 10 1 4 11 1 4 12 1 5 8 1 5 10 1 6 12 1 6 13 1 7 12 1 7 13 1
R 3250 42 63 6 137 3 4 5 1 0 2 1 3 4 1 2 0 0 5 3 1 2 3 2 3 0 4 2 1 0 2 5 1 0 3 3 0 1 2 1 4 4 3 2 4 0 5 0 1 2 4 3 5 5 2 0 4 3 5 4 1 2 4 5 5 1 0 3 | 14 21  0 5 1 0 8 1 0 9 1 1 6 1 1 8 1 1 9 1 2 7 1 2 10 1 2 11 1 3 9 1 3 11 1 3 12 1 4 10 1 4 12 1 4 13 1 5 8 1 5 10 1 6 11 1 6 13 1 7 12 1 7 13 1
R 3251 42 63 6 212 3 4 5 1 0 2 4 0 5 1 2 0 2 1 3 1 2 3 2 3 5 3 5 0 0 2 5 1 0 3 3 1 0 1 4 5 2 4 0 1 3 2 0 1 2 4 3 5 1 2 3 4 3 5 4 0 5 4 5 1 0 2 4 | 14 21  0 5 1 0 8 1 0 9 1 1 6 1 1 8 1 1 9 1 2 7 1 2 10 1 2 11 1 3 9 1 3 12 1 3 13 1 4 10 1 4 11 1 4 12 1 5 8 1 5 10 1 6 12 1 6 13 1 7 11 1 7 13 1
R 3252 42 63 6 251 3 4 5 1 0 2 5 4 1 1 2 0 3 0 1 1 2 3 2 3 5 3 0 5 0 2 5 1 0 3 0 2 1 5 3 4 2 4 0 3 1 2 0 1 2 4 3 5 2 3 0 4 3 5 2 5 4 4 5 1 0 4 1 | 14 21  0 5 1 0 8 1 0 9 1 1 6 1 1 8 1 1 9 1 2 7 1 2 10 1 2 11 1 3 9 1 3 12 1 3 13 1 4 11 1 4 12 1 4 13 1 5 8 1 5 10 1 6 12 1 6 13 1 7 10 1 7 11 1
R 3253 42 63 6 155 3 4 5 1 0 2 1 3 2 0 2 3 1 5 4 1 2 3 2 3 0 4 0 1 0 2 5 0 1 3 1 3 4 2 4 0 5 0 3 1 2 4 0 1 2 4 3 5 5 4 0 5 1 4 2 3 0 4 5 1 5 2 3 | 14 21  0 5 1 0 8 1 0 9 1 1 6 1 1 8 1 1 10 1 2 7 1 2 9 1 2 10 1 3 9 1 3 11 1 3 12 1 4 10 1 4 11 1 4 13 1 5 8 1 5 11 1 6 12 1 6 13 1 7 12 1 7 13 1
R 3254 42 63 6 109 3 4 5 1 0 2 1 4 2 0 3 4 0 1 5 1 2 3 2 3 1 2 3 4 0 2 5 0 1 4 1 4 3 1 3 4 2 5 3 4 0 2 0 1 2 4 3 5 5 3 0 5 2 1 2 4 3 4 5 0 5 0 1 | 14 21  0 5 1 0 8 1 0 9 1 1 6 1 1 8 1 1 10 1 2 7 1 2 9 1 2 10 1 3 9 1 3 11 1 3 12 1 4 10 1 4 12 1 4 13 1 5 8 1 5 11 1 6 11 1 6 13 1 7 12 1 7 13 1
R 3255 42 63 6 191 3 4 5 1 0 2 2 1 4 0 2 5 0 3 4 1 2 3 2 3 1 4 3 1 0 2 5 0 1 5 3 4 2 1 3 4 4 3 0 1 4 2 0 1 2 4 3 5 5 3 0 4 1 3 1 2 5 4 5 0 5 2 0 | 14 21  0 5 1 0 8 1 0 9 1 1 6 1 1 8 1 1 10 1 2 7 1 2 9 1 2 10 1 3 9 1 3 12 1 3 13 1 4 10 1 4 11 1 4 13 1 5 8 1 5 11 1 6 11 1 6 12 1 7 12 1 7 13 1
R 3256 42 63 6 74 3 4 5 1 0 2 0 1 2 0 3 4 1 2 5 1 2 3 2 3 1 3 5 0 0 2 5 1 0 4 1 3 4 3 2 0 0 2 4 3 4 1 0 1 2 4 3 5 4 3 5 2 1 5 4 3 0 4 5 0 5 1 2 | 14 21  0 5 1 0 8 1 0 9 1 1 6 1 1 8 1 1 10 1 2 7 1 2 9 1 2 13 1 3 10 1 3 11 1 3 12 1 4 11 1 4 12 1 4 13 1 5 8 1 5 9 1 6 10 1 6 11 1 7 12 1 7 13 1
R 3257 42 63 6 57 3 4 5 1 0 2 0 1 2 0 3 4 5 0 1 1 2 3 2 3 1 2 3 5 0 2 5 1 0 4 1 3 4 2 4 0 3 1 4 0 3 2 0 1 2 4 3 5 4 3 5 2 5 1 3 2 4 4 5 0 5 1 0 | 14 21  0 5 1 0 8 1 0 9 1 1 6 1 1 8 1 1 10 1 2 7 1 2 9 1 2 13 1 3 10 1 3 12 1 3 13 1 4 11 1 4 12 1 4 13 1 5 8 1 5 9 1 6 10 1 6 11 1 7 11 1 7 12 1
R 3258 42 63 6 91 3 4 5 1 0 2 0 1 2 0 4 5 0 1 3 1 2 3 2 3 5 5 2 1 0 2 5 1 0 4 3 4 1 2 4 0 2 3 5 1 4 0 0 1 2 4 3 5 4 3 5 2 1 3 5 4 2 4 5 0 1 3 0 | 14 21  0 5 1 0 8 1 0 9 1 1 6 1 1 8 1 1 13 1 2 7 1 2 9 1 2 10 1 3 10 1 3 12 1 3 13 1 4 11 1 4 12 1 4 13 1 5 8 1 5 9 1 6 10 1 6 11 1 7 11 1 7 12 1
R 3259 42 63 6 66 3 4 5 1 0 2 0 1 2 1 3 5 4 2 0 1 2 3 2 3 1 3 5 0 0 2 5 1 0 4 3 1 4 0 2 3 3 4 2 0 4 1 0 1 2 4 3 5 4 3 5 4 0 2 5 1 3 4 5 0 5 2 1 | 14 21  0 5 1 0 8 1 0 9 1 1 6 1 1 8 1 1 10 1 2 7 1 2 9 1 2 13 1 3 11 1 3 12 1 3 13 1 4 11 1 4 12 1 4 13 1 5 8 1 5 9 1 6 10 1 6 12 1 7 10 1 7 11 1
R 3260 42 63 6 480 3 4 5 1 0 2 1 0 4 0 3 2 5 1 3 1 2 3 2 5 1 5 4 0 0 2 5 1 0 4 2 0 1 3 2 4 0 1 4 2 5 3 0 1 2 4 3 5 2 3 5 4 1 5 0 2 4 4 5 3 0 3 1 | 14 21  0 5 1 0 8 1 0 9 1 1 6 1 1 8 1 1 9 1 2 7 1 2 10 1 2 11 1 3 10 1 3 11 1 3 12 1 4 11 1 4 12 1 4 13 1 5 8 1 5 10 1 6 9 1 6 13 1 7 12 1 7 13 1
R 3261 42 63 6 604 3 4 5 1 0 2 1 0 4 5 2 0 4 1 3 1 2 3 2 5 1 3 2 0 0 2 5 1 0 4 0 2 1 1 3 0 2 4 5 5 3 4 0 1 2 4 3 5 5 3 2 4 3 1 5 0 2 4 5 3 0 4 1 | 14 21  0 5 1 0 8 1 0 9 1 1 6 1 1 8 1 1 9 1 2 7 1 2 10 1 2 11 1 3 11 1 3 12 1 3 13 1 4 11 1 4 12 1 4 13 1 5 8 1 5 10 1 6 9 1 6 13 1 7 10 1 7 12 1
R 3262 42 63 6 92 3 4 5 1 0 2 1 3 2 0 1 4 1 3 5 1 2 3 2 3 0 4 2 0 0 2 5 0 1 3 1 3 4 2 1 0 4 2 5 0 3 4 0 1 2 4 3 5 5 4 0 2 3 5 4 0 2 4 5 5 1 3 1 | 14 21  0 5 1 0 8 1 0 9 1 1 6 1 1 8 1 1 10 1 2 7 1 2 9 1 2 10 1 3 10 1 3 11 1 3 13 1 4 11 1 4 12 1 4 13 1 5 8 1 5 11 1 6 9 1 6 12 1 7 12 1 7 13 1
R 3263 42 63 6 72 3 4 5 1 0 2 1 5 4 1 2 5 0 5 3 1 2 3 2 3 0 3 0 1 0 2 5 0 1 3 3 4 2 2 0 5 2 0 1 1 3 4 0 1 2 4 3 5 2 0 3 4 3 0 1 4 2 4 5 5 1 4 5 | 14 21  0 5 1 0 8 1 0 9 1 1 6 1 1 8 1 1 10 1 2 7 1 2 10 1 2 11 1 3 9 1 3 12 1 3 13 1 4 10 1 4 12 1 4 13 1 5 8 1 5 12 1 6 9 1 6 11 1 7 11 1 7 13 1
R 3264 42 63 6 74 3 4 5 1 0 2 3 0 5 1 2 5 0 3 1 1 2 3 2 3 0 5 1 2 0 2 5 0 1 3 3 1 2 0 1 4 2 4 3 4 0 5 0 1 2 4 3 5 4 2 1 4 0 3 4 5 2 4 5 5 1 0 3 | 14 21  0 5 1 0 8 1 0 9 1 1 6 1 1 8 1 1 10 1 2 7 1 2 11 1 2 12 1 3 9 1 3 10 1 3 11 1 4 10 1 4 12 1 4 13 1 5 8 1 5 11 1 6 9 1 6 13 1 7 12 1 7 13 1
R 3265 42 63 6 80 3 4 5 1 0 2 1 0 3 1 2 5 0 3 5 1 2 3 2 3 0 4 5 1 0 2 5 0 1 3 3 1 2 0 2 4 1 5 3 0 2 4 0 1 2 4 3 5 2 5 4 4 0 3 4 2 1 4 5 5 1 0 3 | 14 21  0 5 1 0 8 1 0 9 1 1 6 1 1 8 1 1 10 1 2 7 1 2 11 1 2 12 1 3 9 1 3 10 1 3 11 1 4 10 1 4 12 1 4 13 1 5 8 1 5 13 1 6 9 1 6 11 1 7 12 1 7 13 1
R 3266 42 63 6 259 3 4 5 1 0 2 0 1 4 0 2 3 5 1 0 1 2 3 2 3 1 3 4 5 0 2 5 1 0 3 1 2 4 3 4 0 1 2 3 0 2 4 0 1 2 4 3 5 2 3 5 4 5 1 2 4 3 4 5 5 0 1 0 | 14 21  0 5 1 0 8 1 0 9 1 1 6 1 1 8 1 1 11 1 2 7 1 2 10 1 2 13 1 3 9 1 3 12 1 3 13 1 4 11 1 4 12 1 4 13 1 5 8 1 5 10 1 6 9 1 6 10 1 7 11 1 7 12 1
R 3267 42 63 6 296 3 4 5 1 0 2 3 0 4 1 2 0 5 4 1 1 2 3 2 4 0 2 5 3 0 2 5 0 1 4 1 3 0 2 1 3 2 4 5 5 1 0 0 1 2 5 3 4 1 2 5 5 4 3 0 3 2 4 5 3 1 0 4 | 14 21  0 5 1 0 8 1 0 9 1 1 6 1 1 8 1 1 10 1 2 7 1 2 10 1 2 11 1 3 10 1 3 11 1 3 13 1 4 11 1 4 12 1 4 13 1 5 8 1 5 9 1 6 9 1 6 12 1 7 12 1 7 13 1
R 3268 42 63 6 63 3 4 5 1 0 2 3 1 4 1 2 0 1 5 3 1 2 3 2 4 0 0 2 4 0 2 5 0 1 4 1 3 0 2 5 3 4 2 5 1 5 0 0 1 2 5 3 4 5 2 0 5 3 4 4 0 2 4 5 3 1 1 3 | 14 21  0 5 1 0 8 1 0 9 1 1 6 1 1 8 1 1 10 1 2 7 1 2 10 1 2 11 1 3 10 1 3 12 1 3 13 1 4 11 1 4 12 1 4 13 1 5 8 1 5 9 1 6 9 1 6 11 1 7 12 1 7 13 1
R 3269 42 63 6 102 3 4 5 1 0 2 3 0 4 1 2 0 1 5 2 1 2 3 2 4 0 5 4 3 0 2 5 0 1 4 1 3 0 3 1 2 4 2 5 1 5 0 0 1 2 5 3 4 1 2 5 5 3 4 4 0 3 4 5 3 1 0 2 | 14 21  0 5 1 0 8 1 0 9 1 1 6 1 1 8 1 1 10 1 2 7 1 2 10 1 2 11 1 3 10 1 3 12 1 3 13 1 4 11 1 4 12 1 4 13 1 5 8 1 5 9 1 6 9 1 6 12 1 7 11 1 7 13 1
R 3270 42 63 6 108 3 4 5 1 0 2 1 2 4 1 5 2 3 5 0 1 2 3 2 4 0 0 4 1 0 2 5 0 1 4 3 5 2 0 1 2 4 3 5 1 0 3 0 1 2 5 3 4 3 0 5 3 0 4 4 1 2 4 5 3 1 2 5 | 14 21  0 5 1 0 8 1 0 9 1 1 6 1 1 8 1 1 10 1 2 7 1 2 10 1 2 11 1 3 11 1 3 12 1 3 13 1 4 11 1 4 12 1 4 13 1 5 8 1 5 9 1 6 9 1 6 10 1 7 12 1 7 13 1
R 3271 42 63 6 398 3 4 5 1 0 2 3 1 4 2 5 1 5 3 0 1 2 3 2 4 0 2 4 1 0 2 5 0 1 4 1 3 0 0 2 1 4 5 3 2 0 5 0 1 2 5 3 4 0 2 5 3 0 4 4 2 1 4 5 3 1 5 3 | 14 21  0 5 1 0 8 1 0 9 1 1 6 1 1 8 1 1 10 1 2 7 1 2 10 1 2 11 1 3 11 1 3 12 1 3 13 1 4 11 1 4 12 1 4 13 1 5 8 1 5 9 1 6 9 1 6 12 1 7 10 1 7 13 1
R 3272 42 63 6 187 3 4 5 1 0 2 2 5 1 0 3 5 1 5 4 1 2 3 2 3 0 0 1 2 0 2 5 0 1 3 3 1 2 3 1 4 3 0 5 0 4 2 0 1 2 4 3 5 3 4 0 4 2 1 0 2 3 4 5 1 5 5 4 | 14 21  0 5 1 0 8 1 0 9 1 1 6 1 1 8 1 1 10 1 2 7 1 2 9 1 2 10 1 3 10 1 3 11 1 3 13 1 4 11 1 4 12 1 4 13 1 5 8 1 5 11 1 6 12 1 6 13 1 7 9 1 7 12 1
R 3273 42 63 6 60 3 4 5 1 0 2 5 0 3 1 5 2 0 4 3 1 2 3 2 3 1 1 4 0 0 2 5 0 3 4 1 3 2 1 3 4 4 0 2 0 1 2 0 1 2 4 3 5 2 1 4 0 3 4 2 1 5 4 5 0 5 5 3 | 14 21  0 5 1 0 8 1 0 9 1 1 6 1 1 8 1 1 10 1 2 7 1 2 9 1 2 10 1 3 10 1 3 12 1 3 13 1 4 11 1 4 12 1 4 13 1 5 8 1 5 11 1 6 11 1 6 12 1 7 9 1 7 13 1
R 3274 42 63 6 99 3 4 5 1 0 2 1 0 3 1 4 2 0 3 5 1 2 3 2 3 1 2 5 0 0 2 5 0 1 4 1 3 4 2 0 1 3 4 2 0 3 4 0 1 2 4 3 5 4 5 2 3 0 5 4 1 2 4 5 0 5 3 1 | 14 21  0 5 1 0 8 1 0 9 1 1 6 1 1 8 1 1 10 1 2 7 1 2 9 1 2 10 1 3 11 1 3 12 1 3 13 1 4 11 1 4 12 1 4 13 1 5 8 1 5 11 1 6 10 1 6 12 1 7 9 1 7 13 1
R 3275 42 63 6 69 3 4 5 1 0 2 3 0 1 1 5 2 0 1 3 1 2 3 2 3 5 4 5 0 0 2 5 0 3 5 2 3 4 3 1 2 4 0 1 0 1 2 0 1 2 4 3 5 2 4 5 0 3 4 4 2 5 4 5 1 0 1 3 | 14 21  0 5 1 0 8 1 0 9 1 1 6 1 1 8 1 1 11 1 2 7 1 2 9 1 2 10 1 3 10 1 3 12 1 3 13 1 4 11 1 4 12 1 4 13 1 5 8 1 5 12 1 6 10 1 6 11 1 7 9 1 7 13 1
R 3276 42 63 6 91 3 4 5 1 0 2 3 1 4 0 2 3 1 4 5 1 2 3 2 3 0 2 0 1 0 2 5 1 3 0 3 1 5 2 4 0 0 4 3 1 2 4 0 1 2 4 3 5 5 2 0 4 1 5 3 2 0 4 5 1 5 4 3 | 14 21  0 5 1 0 8 1 0 10 1 1 6 1 1 8 1 1 9 1 2 7 1 2 9 1 2 10 1 3 10 1 3 11 1 3 12 1 4 11 1 4 12 1 4 13 1 5 8 1 5 11 1 6 12 1 6 13 1 7 9 1 7 13 1
R 3277 42 63 6 91 3 4 5 1 0 2 3 1 4 0 2 1 3 4 5 1 2 3 2 3 0 2 0 1 0 2 5 1 3 0 3 1 5 0 2 4 2 3 4 0 4 1 0 1 2 4 3 5 5 2 0 4 5 3 1 0 2 4 5 1 5 4 3 | 14 21  0 5 1 0 8 1 0 10 1 1 6 1 1 8 1 1 9 1 2 7 1 2 9 1 2 10 1 3 10 1 3 12 1 3 13 1 4 11 1 4 12 1 4 13 1 5 8 1 5 11 1 6 12 1 6 13 1 7 9 1 7 11 1
R 3278 42 63 6 229 3 4 5 1 0 2 3 1 2 4 1 0 5 3 2 1 2 3 2 3 0 0 4 1 0 2 5 1 3 4 0 1 3 2 0 1 3 2 4 4 5 0 0 1 2 4 3 5 5 0 4 3 5 2 4 0 1 4 5 5 1 2 3 | 14 21  0 5 1 0 8 1 0 10 1 1 6 1 1 8 1 1 9 1 2 7 1 2 9 1 2 10 1 3 11 1 3 12 1 3 13 1 4 11 1 4 12 1 4 13 1 5 8 1 5 11 1 6 10 1 6 12 1 7 9 1 7 13 1
R 3279 42 63 6 342 3 4 5 0 1 2 0 3 1 1 2 4 4 0 3 1 2 3 2 4 5 1 2 5 0 2 5 1 0 3 3 4 1 3 4 1 0 4 2 2 4 3 0 1 2 3 4 5 4 2 5 3 5 0 2 1 5 4 5 0 1 3 0 | 14 21  0 5 1 0 8 1 0 9 1 1 6 1 1 9 1 1 11 1 2 7 1 2 10 1 2 12 1 3 8 1 3 9 1 3 10 1 4 11 1 4 12 1 4 13 1 5 8 1 5 10 1 6 11 1 6 13 1 7 12 1 7 13 1
R 3280 42 63 6 250 3 4 5 0 1 2 0 3 1 1 2 4 1 0 3 1 2 3 2 4 5 2 5 0 0 2 5 1 0 3 3 4 1 2 0 3 0 3 4 1 4 2 0 1 2 3 4 5 4 2 5 3 5 0 4 2 5 4 5 1 0 1 3 | 14 21  0 5 1 0 8 1 0 9 1 1 6 1 1 9 1 1 12 1 2 7 1 2 10 1 2 11 1 3 8 1 3 9 1 3 10 1 4 11 1 4 12 1 4 13 1 5 8 1 5 10 1 6 11 1 6 13 1 7 12 1 7 13 1
R 3281 42 63 6 60 3 4 5 0 1 2 3 5 4 1 2 4 3 0 1 1 2 3 2 4 0 1 2 5 0 2 5 1 0 3 1 3 4 0 3 2 2 0 3 0 1 4 0 1 2 3 4 5 0 1 2 3 5 0 2 4 5 4 5 5 1 4 3 | 14 21  0 5 1 0 8 1 0 9 1 1 6 1 1 9 1 1 11 1 2 7 1 2 12 1 2 13 1 3 8 1 3 9 1 3 10 1 4 10 1 4 11 1 4 12 1 5 8 1 5 13 1 6 10 1 6 11 1 7 12 1 7 13 1
R 3282 42 63 6 64 3 4 5 0 3 2 1 0 4 1 2 4 0 1 3 1 2 3 1 4 0 3 4 5 0 2 5 1 0 3 1 3 4 0 4 2 5 4 1 2 3 0 0 1 2 5 4 1 2 3 5 3 5 0 5 2 4 4 5 2 3 0 1 | 14 21  0 5 1 0 8 1 0 9 1 1 6 1 1 9 1 1 11 1 2 7 1 2 11 1 2 13 1 3 8 1 3 9 1 3 10 1 4 11 1 4 12 1 4 13 1 5 8 1 5 10 1 6 10 1 6 12 1 7 12 1 7 13 1
R 3283 42 63 6 140 3 4 5 1 0 2 3 1 4 1 2 0 0 2 3 1 2 3 4 5 1 4 0 5 0 2 5 0 1 3 1 3 2 1 3 2 4 0 3 0 2 4 0 1 2 3 4 5 2 0 5 3 4 5 5 4 1 4 5 0 2 1 3 | 14 21  0 5 1 0 8 1 0 9 1 1 6 1 1 9 1 1 10 1 2 7 1 2 10 1 2 13 1 3 8 1 3 10 1 3 11 1 4 9 1 4 11 1 4 13 1 5 8 1 5 12 1 6 11 1 6 12 1 7 12 1 7 13 1
R 3284 42 63 6 238 3 4 5 1 5 2 0 3 1 1 2 0 0 4 3 1 2 3 4 2 5 2 1 5 0 2 5 0 1 3 3 1 4 5 3 2 1 4 0 4 2 3 0 1 2 3 4 0 4 2 5 3 4 5 5 1 2 4 5 0 1 3 0 | 14 21  0 5 1 0 8 1 0 9 1 1 6 1 1 9 1 1 10 1 2 7 1 2 10 1 2 13 1 3 8 1 3 11 1 3 12 1 4 9 1 4 11 1 4 12 1 5 8 1 5 10 1 6 11 1 6 13 1 7 12 1 7 13 1
R 3285 42 63 6 1329 3 4 5 1 0 2 3 5 1 1 2 0 0 2 4 1 2 3 4 2 5 0 1 3 0 2 5 0 1 3 3 1 2 4 2 3 0 1 4 3 4 0 0 1 2 3 4 5 4 0 2 3 4 5 5 1 3 4 5 0 1 2 5 | 14 21  0 5 1 0 8 1 0 9 1 1 6 1 1 9 1 1 10 1 2 7 1 2 11 1 2 13 1 3 8 1 3 10 1 3 11 1 4 9 1 4 11 1 4 12 1 5 8 1 5 12 1 6 10 1 6 13 1 7 12 1 7 13 1
R 3286 42 63 6 197 3 4 5 5 4 1 1 2 5 1 2 4 3 0 2 1 2 3 2 3 5 0 3 1 0 2 5 0 1 4 5 3 0 2 4 3 1 3 4 1 0 2 0 1 2 0 3 2 4 0 3 3 5 0 5 4 1 4 5 1 4 2 5 | 14 21  0 5 1 0 8 1 0 9 1 1 6 1 1 9 1 1 10 1 2 7 1 2 11 1 2 13 1 3 8 1 3 11 1 3 12 1 4 9 1 4 10 1 4 11 1 5 8 1 5 12 1 6 10 1 6 13 1 7 12 1 7 13 1
R 3287 42 63 6 415 3 4 5 3 4 1 2 5 0 1 2 5 0 2 1 1 2 3 0 1 4 0 3 5 0 2 5 0 1 4 0 2 1 3 2 5 3 1 4 2 4 0 0 1 2 2 5 0 4 1 3 3 4 0 3 4 5 4 5 3 5 2 1 | 14 21  0 5 1 0 8 1 0 9 1 1 6 1 1 9 1 1 11 1 2 7 1 2 11 1 2 13 1 3 8 1 3 10 1 3 12 1 4 9 1 4 11 1 4 12 1 5 8 1 5 10 1 6 10 1 6 13 1 7 12 1 7 13 1
R 3288 42 63 6 93 3 4 5 0 1 3 0 3 1 1 2 4 0 2 1 1 2 3 3 4 5 5 4 0 0 2 5 0 1 3 2 1 3 2 0 4 1 4 2 0 2 3 0 1 2 2 4 5 2 5 4 3 5 0 4 3 5 4 5 1 0 3 1 | 14 21  0 5 1 0 8 1 0 9 1 1 6 1 1 10 1 1 11 1 2 7 1 2 10 1 2 13 1 3 8 1 3 9 1 3 10 1 4 9 1 4 11 1 4 13 1 5 8 1 5 12 1 6 11 1 6 12 1 7 12 1 7 13 1
R 3289 42 63 6 70 3 4 5 0 1 3 0 3 1 1 2 4 0 2 1 1 2 3 5 4 0 2 5 3 0 2 5 0 1 3 2 1 3 0 4 1 2 0 4 3 4 2 0 1 2 2 4 5 4 5 2 3 5 0 4 3 5 4 5 3 1 1 0 | 14 21  0 5 1 0 8 1 0 9 1 1 6 1 1 10 1 1 12 1 2 7 1 2 10 1 2 11 1 3 8 1 3 9 1 3 10 1 4 9 1 4 12 1 4 13 1 5 8 1 5 11 1 6 11 1 6 13 1 7 12 1 7 13 1
R 3290 42 63 6 116 3 4 5 0 3 1 1 0 4 1 2 4 0 2 3 1 2 3 1 2 5 3 2 0 0 2 5 0 1 3 3 4 1 2 0 4 0 2 1 3 5 4 0 1 2 4 2 5 5 3 2 3 5 0 4 1 5 4 5 3 0 4 1 | 14 21  0 5 1 0 8 1 0 9 1 1 6 1 1 10 1 1 11 1 2 7 1 2 12 1 2 13 1 3 8 1 3 9 1 3 10 1 4 9 1 4 11 1 4 12 1 5 8 1 5 10 1 6 11 1 6 13 1 7 12 1 7 13 1
R 3291 42 63 6 70 3 4 5 1 2 3 0 3 1 1 2 4 0 2 5 1 2 3 3 4 5 2 1 0 0 2 5 0 1 3 2 0 1 4 0 3 1 3 4 0 4 2 0 1 2 0 4 5 4 2 5 3 5 0 4 3 1 4 5 2 1 5 3 | 14 21  0 5 1 0 8 1 0 9 1 1 6 1 1 10 1 1 11 1 2 7 1 2 11 1 2 13 1 3 8 1 3 9 1 3 12 1 4 9 1 4 10 1 4 11 1 5 8 1 5 10 1 6 12 1 6 13 1 7 12 1 7 13 1
R 3292 42 63 6 57 3 4 5 2 0 3 0 1 3 1 2 4 0 5 1 1 2 3 3 4 2 5 4 0 0 2 5 0 1 3 3 1 4 1 0 2 1 2 4 0 2 3 0 1 2 1 4 5 2 5 4 3 5 0 4 2 3 4 5 0 5 3 1 | 14 21  0 5 1 0 8 1 0 9 1 1 6 1 1 11 1 1 12 1 2 7 1 2 11 1 2 13 1 3 8 1 3 9 1 3 10 1 4 9 1 4 10 1 4 11 1 5 8 1 5 10 1 6 12 1 6 13 1 7 12 1 7 13 1
R 3293 42 63 6 170 3 4 5 1 0 4 2 3 5 1 2 4 0 2 1 1 2 3 3 2 0 4 1 3 0 2 5 0 1 3 0 2 1 1 5 3 4 0 2 3 0 4 0 1 2 5 3 2 0 4 1 3 5 0 4 3 5 4 5 4 1 5 2 | 14 21  0 5 1 0 8 1 0 9 1 1 6 1 1 10 1 1 11 1 2 7 1 2 11 1 2 12 1 3 8 1 3 9 1 3 11 1 4 9 1 4 12 1 4 13 1 5 8 1 5 10 1 6 10 1 6 13 1 7 12 1 7 13 1
R 3294 42 63 6 404 3 4 5 0 1 2 0 2 3 1 2 4 4 0 5 1 2 3 2 3 1 1 3 5 0 2 5 1 0 4 4 3 2 1 4 3 2 3 4 1 0 4 0 1 2 4 3 5 4 1 5 3 0 5 2 1 3 4 5 0 5 0 2 | 14 21  0 5 1 0 8 1 0 9 1 1 6 1 1 9 1 1 10 1 2 7 1 2 10 1 2 11 1 3 8 1 3 10 1 3 13 1 4 11 1 4 12 1 4 13 1 5 8 1 5 9 1 6 11 1 6 12 1 7 12 1 7 13 1
R 3295 42 63 6 225 3 4 5 0 1 2 0 2 3 1 2 4 0 5 4 1 2 3 2 3 1 3 1 5 0 2 5 1 0 4 4 3 2 1 3 4 2 1 4 0 4 3 0 1 2 4 3 5 4 1 5 3 0 5 2 3 1 4 5 0 5 0 2 | 14 21  0 5 1 0 8 1 0 9 1 1 6 1 1 9 1 1 10 1 2 7 1 2 10 1 2 13 1 3 8 1 3 10 1 3 11 1 4 11 1 4 12 1 4 13 1 5 8 1 5 9 1 6 11 1 6 12 1 7 12 1 7 13 1
R 3296 42 63 6 333 3 4 5 0 1 2 5 3 4 1 2 0 2 5 1 1 2 3 2 3 0 4 0 3 0 2 5 1 0 4 0 3 1 2 1 3 4 0 2 3 1 4 0 1 2 4 3 5 1 2 0 3 4 5 4 3 0 4 5 5 1 5 2 | 14 21  0 5 1 0 8 1 0 9 1 1 6 1 1 9 1 1 10 1 2 7 1 2 10 1 2 11 1 3 8 1 3 11 1 3 13 1 4 10 1 4 12 1 4 13 1 5 8 1 5 9 1 6 11 1 6 12 1 7 12 1 7 13 1
R 3297 42 63 6 63 3 4 5 0 1 2 3 5 1 1 2 0 2 5 4 1 2 3 2 3 0 0 1 3 0 2 5 1 0 4 0 3 4 3 2 4 3 2 1 1 4 0 0 1 2 4 3 5 4 2 0 3 4 5 1 0 3 4 5 1 5 5 2 | 14 21  0 5 1 0 8 1 0 9 1 1 6 1 1 9 1 1 10 1 2 7 1 2 10 1 2 11 1 3 8 1 3 12 1 3 13 1 4 10 1 4 12 1 4 13 1 5 8 1 5 9 1 6 11 1 6 12 1 7 11 1 7 13 1
R 3298 42 63 6 71 3 4 5 0 1 2 1 0 5 1 2 4 0 3 2 1 2 3 2 3 0 4 5 1 0 2 5 1 0 4 3 4 2 0 4 3 1 3 2 1 3 0 0 1 2 4 3 5 3 2 4 3 0 5 1 4 5 4 5 1 5 0 2 | 14 21  0 5 1 0 8 1 0 9 1 1 6 1 1 9 1 1 10 1 2 7 1 2 11 1 2 13 1 3 8 1 3 10 1 3 11 1 4 10 1 4 12 1 4 13 1 5 8 1 5 9 1 6 11 1 6 12 1 7 12 1 7 13 1
R 3299 42 63 6 248 3 4 5 0 1 2 5 2 0 1 2 4 0 3 5 1 2 3 2 5 1 0 3 4 0 2 5 1 0 4 3 4 2 1 0 4 2 1 3 1 5 0 0 1 2 4 3 5 1 4 3 3 0 5 1 2 4 4 5 3 0 5 2 | 14 21  0 5 1 0 8 1 0 9 1 1 6 1 1 9 1 1 10 1 2 7 1 2 12 1 2 13 1 3 8 1 3 10 1 3 11 1 4 10 1 4 11 1 4 13 1 5 8 1 5 9 1 6 11 1 6 12 1 7 12 1 7 13 1
R 3300 42 63 6 196 3 4 5 0 1 2 0 5 4 1 2 0 5 1 3 1 2 3 2 3 5 4 2 0 0 2 5 1 0 4 3 4 1 0 3 2 2 5 1 1 0 4 0 1 2 4 3 5 1 2 3 3 4 5 4 0 2 4 5 0 1 5 3 | 14 21  0 5 1 0 8 1 0 9 1 1 6 1 1 9 1 1 10 1 2 7 1 2 10 1 2 13 1 3 8 1 3 12 1 3 13 1 4 11 1 4 12 1 4 13 1 5 8 1 5 9 1 6 10 1 6 11 1 7 11 1 7 12 1
R 3301 42 63 6 76 3 4 5 0 1 2 5 1 3 1 2 0 2 5 4 1 2 3 2 3 0 0 3 5 0 2 5 1 0 4 4 3 2 0 5 4 3 2 1 3 4 0 0 1 2 4 3 5 4 0 2 3 4 5 3 0 1 4 5 1 5 1 2 | 14 21  0 5 1 0 8 1 0 9 1 1 6 1 1 9 1 1 10 1 2 7 1 2 10 1 2 11 1 3 8 1 3 12 1 3 13 1 4 11 1 4 12 1 4 13 1 5 8 1 5 9 1 6 11 1 6 12 1 7 10 1 7 13 1
R 3302 42 63 6 172 3 4 5 3 0 4 1 0 2 2 1 0 0 2 5 1 2 3 1 4 3 5 4 1 0 2 5 3 0 1 0 2 3 1 2 4 3 4 2 1 3 0 0 1 2 2 1 5 3 4 5 3 4 5 3 1 4 4 5 0 5 0 2 | 14 21  0 5 1 0 8 1 0 9 1 1 6 1 1 10 1 1 11 1 2 7 1 2 10 1 2 12 1 3 8 1 3 9 1 3 10 1 4 11 1 4 12 1 4 13 1 5 8 1 5 9 1 6 11 1 6 13 1 7 12 1 7 13 1
R 3303 42 63 6 391 3 4 5 3 0 4 1 0 2 2 1 0 5 0 3 1 2 3 1 4 5 5 2 1 0 2 5 3 0 1 0 2 3 1 3 2 2 3 4 1 5 0 0 1 2 2 1 5 3 4 5 3 4 5 4 1 2 4 5 0 3 0 4 | 14 21  0 5 1 0 8 1 0 9 1 1 6 1 1 10 1 1 12 1 2 7 1 2 10 1 2 11 1 3 8 1 3 9 1 3 10 1 4 11 1 4 12 1 4 13 1 5 8 1 5 9 1 6 11 1 6 13 1 7 12 1 7 13 1
R 3304 42 63 6 164 3 4 5 3 0 4 1 0 4 1 2 0 0 2 1 1 2 3 1 4 5 4 3 5 0 2 5 1 0 4 0 2 3 1 2 4 2 1 3 0 4 2 0 1 2 2 1 5 2 5 3 3 4 5 3 4 5 4 5 0 3 0 1 | 14 21  0 5 1 0 8 1 0 9 1 1 6 1 1 10 1 1 12 1 2 7 1 2 10 1 2 11 1 3 8 1 3 10 1 3 11 1 4 9 1 4 12 1 4 13 1 5 8 1 5 9 1 6 11 1 6 13 1 7 12 1 7 13 1
R 3305 42 63 6 57 3 4 5 1 3 4 1 0 2 1 2 0 0 2 4 1 2 3 0 2 3 4 5 1 0 2 5 1 0 4 2 3 5 0 1 3 1 3 2 4 3 0 0 1 2 5 0 2 3 4 5 3 4 5 3 1 5 4 5 4 1 0 2 | 14 21  0 5 1 0 8 1 0 9 1 1 6 1 1 10 1 1 11 1 2 7 1 2 11 1 2 13 1 3 8 1 3 10 1 3 11 1 4 9 1 4 10 1 4 12 1 5 8 1 5 9 1 6 12 1 6 13 1 7 12 1 7 13 1
R 3306 42 63 6 91 3 4 5 1 2 3 3 0 4 1 2 0 0 2 5 1 2 3 0 3 5 4 2 5 0 2 5 1 0 4 5 2 3 1 0 3 4 0 2 1 3 4 0 1 2 4 0 5 1 2 5 3 4 5 3 1 4 4 5 1 2 3 0 | 14 21  0 5 1 0 8 1 0 9 1 1 6 1 1 10 1 1 12 1 2 7 1 2 11 1 2 13 1 3 8 1 3 10 1 3 11 1 4 9 1 4 10 1 4 11 1 5 8 1 5 9 1 6 12 1 6 13 1 7 12 1 7 13 1
R 3307 42 63 6 798 3 4 5 1 2 4 4 3 1 1 2 0 0 2 4 1 2 3 0 4 5 1 0 2 0 2 5 1 0 4 2 3 5 3 2 4 1 0 3 0 1 4 0 1 2 3 0 5 5 0 2 3 4 5 3 1 5 4 5 1 2 4 3 | 14 21  0 5 1 0 8 1 0 9 1 1 6 1 1 10 1 1 13 1 2 7 1 2 11 1 2 13 1 3 8 1 3 10 1 3 11 1 4 9 1 4 10 1 4 12 1 5 8 1 5 9 1 6 11 1 6 12 1 7 12 1 7 13 1
R 3308 42 63 6 169 3 4 5 3 5 0 2 3 5 1 2 0 0 2 4 1 2 3 4 1 5 1 0 3 0 2 5 1 0 4 5 2 3 3 2 1 3 4 0 0 2 4 0 1 2 2 1 4 4 0 1 3 4 5 3 5 1 4 5 0 3 2 5 | 14 21  0 5 1 0 8 1 0 9 1 1 6 1 1 10 1 1 11 1 2 7 1 2 11 1 2 13 1 3 8 1 3 10 1 3 12 1 4 9 1 4 11 1 4 12 1 5 8 1 5 9 1 6 10 1 6 13 1 7 12 1 7 13 1
R 3309 42 63 6 85 3 4 5 3 5 4 3 5 4 1 2 0 0 2 1 1 2 3 1 0 4 2 1 5 0 2 5 1 0 4 2 0 3 2 1 5 1 0 3 0 2 4 0 1 2 2 1 0 0 2 1 3 4 5 3 4 5 4 5 5 3 4 3 | 14 21  0 5 1 0 8 1 0 9 1 1 6 1 1 10 1 1 11 1 2 7 1 2 12 1 2 13 1 3 8 1 3 10 1 3 12 1 4 9 1 4 11 1 4 13 1 5 8 1 5 9 1 6 10 1 6 11 1 7 12 1 7 13 1
R 3310 42 63 6 389 3 4 5 1 0 2 2 5 4 1 2 0 3 4 1 1 2 3 2 4 0 3 1 5 0 2 5 0 1 3 3 1 2 1 0 4 3 0 2 0 3 4 0 1 2 3 4 5 0 3 1 3 4 5 0 2 5 4 5 5 1 4 2 | 14 21  0 5 1 0 8 1 0 9 1 1 6 1 1 9 1 1 10 1 2 7 1 2 11 1 2 13 1 3 8 1 3 10 1 3 11 1 4 10 1 4 11 1 4 12 1 5 8 1 5 13 1 6 9 1 6 12 1 7 12 1 7 13 1
R 3311 42 63 6 99 3 4 5 1 0 2 1 2 3 1 2 0 3 4 5 1 2 3 2 4 0 5 0 1 0 2 5 0 1 3 3 1 2 4 2 3 1 0 4 0 3 4 0 1 2 3 4 5 4 0 5 3 4 5 0 2 1 4 5 5 1 3 2 | 14 21  0 5 1 0 8 1 0 9 1 1 6 1 1 9 1 1 10 1 2 7 1 2 11 1 2 12 1 3 8 1 3 10 1 3 11 1 4 10 1 4 12 1 4 13 1 5 8 1 5 13 1 6 9 1 6 11 1 7 12 1 7 13 1
R 3312 42 63 6 256 3 4 5 1 5 2 5 3 0 1 2 0 1 3 2 1 2 3 2 3 4 0 1 5 0 2 5 0 1 3 1 0 4 5 4 2 3 2 0 1 3 0 0 1 2 0 4 3 4 2 1 3 4 5 0 5 4 4 5 5 1 3 2 | 14 21  0 5 1 0 8 1 0 9 1 1 6 1 1 9 1 1 10 1 2 7 1 2 10 1 2 11 1 3 8 1 3 12 1 3 13 1 4 11 1 4 12 1 4 13 1 5 8 1 5 10 1 6 9 1 6 12 1 7 11 1 7 13 1
R 3313 42 63 6 74 3 4 5 2 3 0 1 2 4 1 4 3 0 4 3 1 2 3 0 1 2 0 2 4 4 3 2 3 2 5 0 1 4 2 1 0 0 1 4 0 1 3 0 1 2 4 1 5 5 0 3 0 5 2 1 2 5 4 5 3 5 3 4 | 14 20  0 5 1 0 7 1 0 12 1 1 6 1 1 8 2 2 7 1 2 9 1 2 10 1 3 8 1 3 10 1 3 13 1 4 9 1 4 10 1 4 11 1 5 11 1 5 12 1 6 12 1 6 13 1 7 11 1 9 13 1
R 3314 42 63 6 2272 3 4 5 3 2 0 1 2 0 5 1 2 4 0 3 1 2 3 1 0 2 0 2 4 3 5 4 5 4 2 1 5 0 2 1 0 0 1 4 3 5 1 0 1 2 4 5 1 5 3 4 0 3 4 1 2 5 4 5 3 3 2 0 | 14 20  0 5 1 0 7 1 0 12 1 1 6 2 1 8 1 2 7 1 2 9 1 2 10 1 3 8 1 3 10 1 3 13 1 4 9 1 4 10 1 4 11 1 5 11 1 5 12 1 6 12 1 7 11 1 8 13 1 9 13 1
R 3315 42 63 6 187 3 4 5 3 5 2 1 2 4 0 1 3 1 0 3 1 2 3 2 0 1 0 2 4 4 5 3 3 2 5 1 0 2 4 0 1 1 0 4 2 0 3 0 1 2 4 0 1 5 0 3 2 5 4 4 2 5 4 5 3 5 3 1 | 14 20  0 5 1 0 7 1 0 12 1 1 6 1 1 8 2 2 7 1 2 9 1 2 10 1 3 8 1 3 10 1 3 13 1 4 9 1 4 11 1 4 12 1 5 10 1 5 11 1 6 12 1 6 13 1 7 11 1 9 13 1
R 3316 42 63 6 194 3 4 5 3 4 2 1 2 4 0 1 3 1 0 3 1 2 3 1 2 4 0 2 4 5 4 3 3 2 5 1 0 2 4 0 1 2 4 3 0 1 5 0 1 2 5 0 1 5 0 3 2 5 4 4 2 5 4 5 0 3 3 1 | 14 20  0 5 1 0 7 1 0 13 1 1 6 1 1 8 2 2 7 1 2 9 1 2 10 1 3 8 1 3 10 1 3 13 1 4 9 1 4 11 1 4 12 1 5 10 1 5 11 1 6 12 1 6 13 1 7 11 1 9 12 1
R 3317 42 63 6 255 3 4 5 0 2 3 1 2 4 0 1 3 5 0 1 1 2 3 1 3 2 0 2 4 5 0 4 2 5 3 1 0 2 4 0 1 5 2 4 0 1 5 0 1 2 4 5 1 5 0 3 2 5 4 4 2 3 4 5 0 3 3 1 | 14 20  0 5 1 0 7 1 0 13 1 1 6 2 1 8 1 2 7 1 2 9 1 2 10 1 3 8 1 3 10 1 3 13 1 4 9 1 4 11 1 4 12 1 5 10 1 5 11 1 6 12 1 7 11 1 8 13 1 9 12 1
R 3318 42 63 6 61 3 4 5 0 4 3 1 2 5 1 0 4 0 4 2 1 2 3 2 5 0 0 2 3 2 1 4 4 2 1 1 0 4 3 0 5 1 2 3 1 0 4 0 1 2 1 5 2 4 0 3 3 2 5 5 3 1 5 4 4 3 5 0 | 14 20  0 5 1 0 7 1 0 10 1 1 6 1 1 8 1 1 13 1 2 7 1 2 9 2 3 8 1 3 11 1 3 12 1 4 9 1 4 10 1 4 11 1 5 10 1 5 11 1 6 12 1 6 13 1 7 13 1 8 12 1
R 3319 42 63 6 284 3 4 5 4 1 0 1 2 0 1 0 4 0 4 2 1 2 3 5 0 2 0 2 3 2 1 4 1 4 2 1 0 4 3 0 5 1 2 3 4 3 5 0 1 2 3 5 2 4 5 3 3 2 5 5 3 1 5 4 4 1 0 0 | 14 20  0 5 1 0 7 1 0 10 1 1 6 1 1 8 1 1 13 1 2 7 2 2 9 1 3 8 1 3 11 1 3 12 1 4 9 1 4 10 1 4 11 1 5 10 1 5 11 1 6 12 1 6 13 1 8 12 1 9 13 1
R 3320 42 63 6 486 3 4 5 3 0 4 1 2 0 2 1 4 3 4 0 1 2 3 5 1 3 0 2 4 0 2 4 1 5 0 3 2 1 2 5 4 2 1 0 0 1 4 0 1 2 2 1 5 3 5 4 5 0 3 2 1 5 4 5 4 0 3 3 | 14 20  0 5 1 0 7 1 0 13 1 1 6 1 1 8 1 1 10 1 2 7 2 2 9 1 3 8 1 3 10 1 3 11 1 4 9 1 4 11 1 4 12 1 5 12 1 5 13 1 6 10 1 6 11 1 8 12 1 9 13 1
R 3321 42 63 6 136 3 4 5 2 0 3 1 2 0 0 3 1 2 4 5 1 2 3 4 3 2 0 2 3 1 0 2 5 4 1 2 1 3 0 4 1 0 3 5 0 1 4 0 1 2 1 4 5 4 5 3 5 4 2 0 3 1 4 5 0 5 3 2 | 14 20  0 5 1 0 7 1 0 13 1 1 6 1 1 8 1 1 10 1 2 7 2 2 9 1 3 8 1 3 10 1 3 11 1 4 9 1 4 11 1 4 12 1 5 12 1 5 13 1 6 10 1 6 11 1 8 13 1 9 12 1
R 3322 42 63 6 566 1 2 3 1 0 4 0 4 2 0 3 1 4 2 1 3 4 5 4 3 5 0 2 1 2 0 1 3 4 1 2 1 3 5 4 0 4 3 0 0 5 3 0 4 5 2 3 5 3 5 1 5 4 2 0 3 5 1 2 0 1 4 2 | 14 20  0 5 1 0 7 2 1 6 1 1 8 1 1 10 1 2 7 1 2 9 1 2 13 1 3 8 1 3 10 1 3 11 1 4 9 1 4 11 1 4 12 1 5 12 1 5 13 1 6 10 1 6 11 1 8 13 1 9 12 1
R 3323 42 63 6 133 3 4 5 3 4 2 1 2 0 0 1 5 3 4 0 1 2 3 0 2 4 0 2 4 4 1 2 1 5 0 1 3 2 4 3 5 2 1 0 0 1 4 0 1 2 1 5 0 3 5 4 3 4 2 2 1 5 4 5 5 3 0 3 | 14 20  0 5 1 0 7 1 0 13 1 1 6 1 1 8 1 1 10 1 2 7 2 2 9 1 3 8 1 3 10 1 3 11 1 4 9 1 4 11 1 4 12 1 5 12 1 5 13 1 6 10 1 6 12 1 8 11 1 9 13 1
R 3324 42 63 6 4356 3 4 5 2 3 5 1 2 4 0 2 1 0 5 2 1 2 3 1 0 2 4 2 5 1 4 5 3 0 4 2 0 3 3 0 1 0 1 5 0 1 4 0 1 2 4 0 1 0 3 5 3 4 5 1 4 3 4 5 5 3 2 2 | 14 20  0 5 1 0 7 1 0 13 1 1 6 1 1 8 1 1 10 1 2 7 2 2 9 1 3 8 1 3 10 1 3 11 1 4 9 1 4 11 1 4 12 1 5 12 1 5 13 1 6 10 1 6 13 1 8 11 1 9 12 1
R 3325 42 63 6 292 1 2 3 1 4 5 0 4 2 0 1 2 5 1 0 3 4 5 2 0 1 0 2 1 2 4 5 4 1 3 1 0 3 3 0 2 2 5 4 0 5 3 0 4 5 3 0 2 3 5 1 3 4 5 2 4 3 1 2 5 4 1 0 | 14 20  0 5 1 0 7 2 1 6 1 1 8 1 1 10 1 2 7 1 2 9 1 2 13 1 3 8 1 3 10 1 3 11 1 4 9 1 4 11 1 4 12 1 5 12 1 5 13 1 6 10 1 6 13 1 8 11 1 9 12 1
R 3326 42 63 6 66 3 4 5 2 3 5 1 2 3 0 4 2 0 1 4 1 2 3 0 1 5 0 2 3 4 3 2 4 5 3 1 0 4 1 0 2 2 0 4 0 3 4 0 1 2 4 0 1 4 0 5 5 3 1 2 3 5 4 5 3 2 5 1 | 14 20  0 5 1 0 7 1 0 10 1 1 6 1 1 8 2 2 7 1 2 9 1 2 11 1 3 8 1 3 10 1 3 13 1 4 9 1 4 11 1 4 12 1 5 11 1 5 13 1 6 12 1 6 13 1 7 10 1 9 12 1
R 3327 42 63 6 597 3 4 5 3 0 4 1 2 0 0 1 2 3 4 5 1 2 3 4 2 5 0 2 3 2 1 3 5 4 1 1 0 4 3 0 2 1 4 2 1 3 4 0 1 2 1 5 2 4 3 5 4 3 5 0 2 1 4 5 3 0 5 0 | 14 20  0 5 1 0 7 1 0 10 1 1 6 1 1 8 1 1 13 1 2 7 1 2 9 1 2 13 1 3 8 1 3 10 1 3 11 1 4 9 2 4 11 1 5 11 1 5 12 1 6 12 1 6 13 1 7 10 1 8 12 1
R 3328 42 63 6 211 3 4 5 4 2 5 1 2 0 0 4 2 4 3 1 1 2 3 5 1 4 0 2 3 1 0 2 4 2 1 1 0 4 3 0 2 0 1 3 4 0 5 0 1 2 0 3 1 4 3 5 5 3 1 0 5 2 4 5 2 3 5 4 | 14 20  0 5 1 0 7 1 0 10 1 1 6 1 1 8 1 1 13 1 2 7 1 2 9 2 3 8 1 3 10 1 3 11 1 4 9 1 4 11 1 4 13 1 5 11 1 5 12 1 6 12 1 6 13 1 7 10 1 8 12 1
R 3329 42 63 6 66 3 4 5 0 1 2 1 2 5 0 4 2 0 3 1 1 2 3 4 2 1 0 2 3 3 0 1 2 0 5 1 0 4 3 0 2 5 4 3 1 3 4 0 1 2 3 5 4 4 3 0 5 3 1 4 5 2 4 5 0 5 2 1 | 14 20  0 5 1 0 7 1 0 10 1 1 6 2 1 8 1 2 7 1 2 9 1 2 13 1 3 8 1 3 10 1 3 11 1 4 9 1 4 11 1 4 12 1 5 11 1 5 13 1 6 12 1 7 10 1 8 13 1 9 12 1
R 3330 42 63 6 95 3 4 5 4 1 2 1 2 0 0 1 2 3 4 5 1 2 3 3 0 2 0 2 3 3 1 5 4 2 1 1 0 4 0 3 4 0 5 2 0 3 1 0 1 2 5 0 3 4 3 5 4 3 5 0 1 2 4 5 1 4 5 2 | 14 20  0 5 1 0 7 1 0 10 1 1 6 1 1 8 1 1 12 1 2 7 1 2 9 2 3 8 1 3 10 1 3 11 1 4 9 1 4 12 1 4 13 1 5 12 1 5 13 1 6 11 1 6 13 1 7 10 1 8 11 1
R 3331 42 63 6 216 3 4 5 4 1 5 1 2 0 0 1 2 3 4 5 1 2 3 3 5 0 0 2 3 2 1 5 4 2 1 1 0 4 5 0 2 2 0 4 0 3 1 0 1 2 2 0 3 4 3 5 4 3 5 0 1 2 4 5 1 4 5 3 | 14 20  0 5 1 0 7 1 0 10 1 1 6 1 1 8 1 1 12 1 2 7 1 2 9 2 3 8 1 3 10 1 3 13 1 4 9 1 4 12 1 4 13 1 5 11 1 5 12 1 6 11 1 6 13 1 7 10 1 8 11 1
R 3332 42 63 6 63 3 4 5 3 0 4 1 2 5 0 1 5 3 0 2 1 2 3 4 1 5 0 2 3 2 0 3 2 0 4 1 0 4 0 2 1 1 2 3 3 1 4 0 1 2 2 1 5 4 3 0 4 3 2 1 5 4 4 5 3 0 5 5 | 14 20  0 5 1 0 7 1 0 10 1 1 6 1 1 8 1 1 12 1 2 7 1 2 9 1 2 13 1 3 8 1 3 10 1 3 13 1 4 9 2 4 12 1 5 11 1 5 13 1 6 11 1 6 12 1 7 10 1 8 11 1
R 3333 42 63 6 62 3 4 5 1 2 5 1 2 0 0 4 2 0 3 4 1 2 3 5 0 1 0 2 3 3 2 1 2 4 1 1 0 4 2 3 5 1 3 0 0 3 4 0 1 2 3 0 4 4 3 5 5 3 1 5 1 2 4 5 4 2 5 0 | 14 20  0 5 1 0 7 1 0 10 1 1 6 1 1 8 2 2 7 1 2 9 1 2 12 1 3 8 1 3 10 1 3 13 1 4 9 1 4 11 1 4 12 1 5 11 1 5 13 1 6 12 1 6 13 1 7 10 1 9 11 1
R 3334 42 63 6 194 3 4 5 1 2 0 4 1 5 3 4 2 0 4 2 1 2 3 0 3 1 0 4 5 4 2 1 2 0 1 4 2 1 1 0 4 0 3 5 0 3 2 0 1 2 4 3 5 2 3 0 0 5 1 5 3 1 5 4 2 5 3 4 | 14 20  0 5 1 0 7 1 0 11 1 1 6 1 1 8 2 2 7 1 2 9 1 2 10 1 3 8 1 3 10 1 3 13 1 4 9 1 4 11 1 4 12 1 5 11 1 5 12 1 6 12 1 6 13 1 7 10 1 9 13 1
R 3335 42 63 6 277 3 4 5 5 4 2 1 2 5 3 0 1 0 1 2 1 2 3 3 1 5 0 2 3 1 0 2 2 0 5 3 1 4 1 0 4 0 3 2 5 3 0 0 1 2 0 3 1 4 3 0 4 5 2 4 3 5 5 4 4 2 5 1 | 14 20  0 5 1 0 7 1 0 11 1 1 6 1 1 8 1 1 13 1 2 7 1 2 9 1 2 10 1 3 8 2 3 10 1 4 9 1 4 11 1 4 12 1 5 11 1 5 13 1 6 12 1 6 13 1 7 10 1 9 12 1
R 3336 42 63 6 504 3 4 5 2 3 5 1 2 5 0 4 1 0 1 2 1 2 3 5 0 3 0 2 3 1 3 2 2 0 5 3 1 4 1 0 4 0 3 2 0 5 1 0 1 2 1 0 4 4 3 0 5 2 3 4 3 5 5 4 4 2 5 1 | 14 20  0 5 1 0 7 1 0 11 1 1 6 1 1 8 2 2 7 1 2 9 1 2 10 1 3 8 1 3 10 1 3 13 1 4 9 1 4 11 1 4 12 1 5 11 1 5 13 1 6 12 1 6 13 1 7 10 1 9 12 1
R 3337 42 63 6 225 3 4 5 0 3 5 1 2 0 1 4 3 0 4 2 1 2 3 4 5 0 0 2 3 2 3 0 2 4 1 1 0 4 4 3 0 2 5 3 1 2 4 0 1 2 2 1 4 4 3 5 5 2 0 5 3 1 4 5 1 3 5 0 | 14 20  0 5 1 0 7 1 0 10 1 1 6 1 1 8 2 2 7 1 2 9 1 2 11 1 3 8 1 3 11 1 3 13 1 4 9 1 4 10 1 4 11 1 5 12 1 5 13 1 6 12 1 6 13 1 7 10 1 9 12 1
R 3338 42 63 6 175 3 4 5 4 5 2 1 2 3 0 1 4 0 4 2 1 2 3 0 1 5 0 2 3 3 5 4 2 4 3 1 0 4 1 0 2 0 3 4 3 0 2 0 1 2 3 0 1 4 0 5 2 3 5 5 3 1 4 5 2 4 5 1 | 14 20  0 5 1 0 7 1 0 10 1 1 6 1 1 8 2 2 7 1 2 9 1 2 11 1 3 8 1 3 11 1 3 13 1 4 9 1 4 10 1 4 12 1 5 11 1 5 12 1 6 12 1 6 13 1 7 10 1 9 13 1
R 3339 42 63 6 79 3 4 5 2 5 4 1 2 0 1 0 3 0 4 2 1 2 3 4 1 0 0 2 3 3 0 4 2 4 1 1 0 4 1 3 2 0 3 2 1 3 4 0 1 2 3 1 0 4 3 5 2 5 4 5 3 1 4 5 5 2 5 0 | 14 20  0 5 1 0 7 1 0 10 1 1 6 1 1 8 1 1 13 1 2 7 1 2 9 1 2 11 1 3 8 2 3 11 1 4 9 1 4 10 1 4 12 1 5 12 1 5 13 1 6 12 1 6 13 1 7 10 1 9 11 1
R 3340 42 63 6 815 3 4 5 3 4 5 1 2 0 0 1 3 0 4 2 1 2 3 0 2 4 0 2 3 1 4 3 2 4 1 1 0 4 1 3 2 0 3 2 4 0 1 0 1 2 1 0 2 4 3 5 5 4 2 5 3 1 4 5 5 3 5 0 | 14 20  0 5 1 0 7 1 0 10 1 1 6 1 1 8 2 2 7 1 2 9 1 2 11 1 3 8 1 3 11 1 3 13 1 4 9 1 4 10 1 4 12 1 5 12 1 5 13 1 6 12 1 6 13 1 7 10 1 9 11 1
R 3341 42 63 6 66 3 4 5 3 4 0 1 2 3 1 5 4 0 4 2 1 2 3 0 2 5 0 2 3 1 4 3 2 4 5 1 0 4 0 1 2 0 2 1 0 1 4 0 1 2 1 2 5 4 0 5 0 3 2 1 3 5 4 5 4 3 5 3 | 14 20  0 5 1 0 7 1 0 10 1 1 6 1 1 8 2 2 7 1 2 9 1 2 11 1 3 8 1 3 12 1 3 13 1 4 9 1 4 10 1 4 12 1 5 11 1 5 13 1 6 12 1 6 13 1 7 10 1 9 11 1
R 3342 42 63 6 424 3 4 5 2 5 3 1 2 5 1 0 4 0 1 2 1 2 3 0 4 5 0 2 3 1 5 2 2 0 4 1 0 4 0 3 2 1 3 4 5 1 0 0 1 2 1 0 4 4 3 0 3 5 2 5 3 4 4 5 2 3 5 1 | 14 20  0 5 1 0 7 1 0 10 1 1 6 1 1 8 2 2 7 1 2 9 1 2 12 1 3 8 1 3 11 1 3 13 1 4 9 1 4 10 1 4 13 1 5 11 1 5 12 1 6 12 1 6 13 1 7 10 1 9 11 1
R 3343 42 63 6 63 3 4 5 1 2 5 1 2 5 0 4 2 0 3 1 1 2 3 4 0 5 0 2 3 3 2 1 2 0 1 3 1 4 1 0 4 0 2 3 0 3 4 0 1 2 3 0 4 4 3 0 5 3 1 4 2 5 4 5 1 2 5 5 | 14 20  0 5 1 0 7 1 0 11 1 1 6 1 1 8 2 2 7 1 2 9 1 2 10 1 3 8 1 3 11 1 3 13 1 4 9 1 4 10 1 4 11 1 5 12 1 5 13 1 6 12 1 6 13 1 7 10 1 9 12 1
R 3344 42 63 6 617 3 4 5 2 3 0 0 1 5 1 4 5 4 2 3 1 2 3 0 1 2 2 0 5 4 3 2 1 2 5 0 4 1 0 2 5 0 1 4 0 1 3 0 1 2 4 1 5 4 3 2 0 3 2 0 5 1 4 5 3 5 3 4 | 14 20  0 5 1 0 7 1 0 12 1 1 6 1 1 8 2 2 7 1 2 9 1 2 10 1 3 8 1 3 11 1 3 13 1 4 9 1 4 10 1 4 11 1 5 11 1 5 12 1 6 12 1 6 13 1 7 10 1 9 13 1
R 3345 42 63 6 105 3 4 5 3 2 0 1 2 5 2 5 3 0 5 1 1 2 3 1 0 2 0 2 3 3 5 0 2 0 1 3 1 4 0 5 2 0 1 4 1 4 3 0 1 2 4 5 1 4 3 0 4 1 0 4 2 3 4 5 3 5 2 5 | 14 20  0 5 1 0 7 1 0 12 1 1 6 2 1 8 1 2 7 1 2 9 1 2 10 1 3 8 1 3 11 1 3 13 1 4 9 1 4 10 1 4 11 1 5 11 1 5 12 1 6 12 1 7 10 1 8 13 1 9 13 1
R 3346 42 63 6 94 3 4 5 1 3 4 1 2 5 0 2 3 0 4 5 1 2 3 4 0 1 0 2 3 2 3 1 2 0 5 3 1 4 1 2 0 0 1 2 0 3 4 0 1 2 2 0 5 4 3 0 4 5 1 1 2 3 4 5 3 5 5 4 | 14 20  0 5 1 0 7 1 0 13 1 1 6 1 1 8 2 2 7 1 2 9 1 2 10 1 3 8 1 3 11 1 3 13 1 4 9 1 4 10 1 4 11 1 5 11 1 5 12 1 6 12 1 6 13 1 7 10 1 9 12 1
R 3347 42 63 6 63 3 4 5 3 1 4 1 2 5 0 1 2 0 3 1 1 2 3 0 4 2 0 2 3 2 1 4 2 0 5 3 1 4 0 3 2 0 1 4 0 3 5 0 1 2 5 0 2 4 3 0 3 5 4 4 2 5 5 4 3 1 5 1 | 14 20  0 5 1 0 7 1 0 12 1 1 6 1 1 8 1 1 13 1 2 7 1 2 9 1 2 10 1 3 8 2 3 11 1 4 9 1 4 10 1 4 11 1 5 12 1 5 13 1 6 12 1 6 13 1 7 10 1 9 11 1
R 3348 42 63 6 107 3 4 5 1 2 0 1 2 5 3 4 1 0 4 5 1 2 3 0 4 2 0 2 3 5 2 1 2 0 5 3 1 4 0 2 1 0 1 4 0 3 5 0 1 2 5 3 4 4 3 0 0 5 2 1 2 3 5 4 3 1 5 4 | 14 20  0 5 1 0 7 1 0 12 1 1 6 1 1 8 2 2 7 1 2 9 1 2 10 1 3 8 1 3 11 1 3 13 1 4 9 1 4 10 1 4 11 1 5 12 1 5 13 1 6 12 1 6 13 1 7 10 1 9 11 1
R 3349 42 63 6 304 3 4 5 2 4 5 1 2 5 1 0 2 1 4 0 1 2 3 0 3 4 0 2 3 1 4 2 0 4 2 3 1 4 2 5 0 0 1 3 4 1 0 0 1 2 1 0 3 4 3 0 5 4 3 5 2 3 4 5 5 2 5 1 | 14 20  0 5 1 0 7 1 0 12 1 1 6 1 1 8 2 2 7 1 2 9 1 2 10 1 3 8 1 3 12 1 3 13 1 4 9 1 4 10 1 4 11 1 5 11 1 5 13 1 6 12 1 6 13 1 7 10 1 9 11 1
R 3350 42 63 6 150 3 4 5 2 1 4 1 2 0 0 5 1 3 4 0 1 2 3 3 4 2 0 2 4 1 3 2 1 5 0 2 0 4 2 4 1 0 3 5 0 1 4 0 1 2 5 0 3 3 5 4 4 3 2 2 1 5 4 5 0 1 5 3 | 14 20  0 5 1 0 7 1 0 13 1 1 6 1 1 8 1 1 10 1 2 7 2 2 9 1 3 8 1 3 11 1 3 12 1 4 9 1 4 10 1 4 11 1 5 12 1 5 13 1 6 11 1 6 12 1 8 10 1 9 13 1
R 3351 42 63 6 289 1 2 3 2 3 4 0 4 2 5 0 3 1 4 0 3 4 5 1 4 2 0 2 1 1 3 2 3 1 0 2 0 4 2 4 3 4 5 0 0 5 3 0 4 5 5 0 1 3 5 1 4 1 2 2 3 5 1 2 0 3 5 4 | 14 20  0 5 1 0 7 2 1 6 1 1 8 1 1 10 1 2 7 1 2 9 1 2 13 1 3 8 1 3 11 1 3 12 1 4 9 1 4 10 1 4 11 1 5 12 1 5 13 1 6 11 1 6 12 1 8 10 1 9 13 1
R 3352 42 63 6 57 1 2 3 1 4 0 0 4 2 0 2 1 0 3 5 3 4 5 2 0 1 0 2 1 3 4 1 1 3 4 1 2 3 2 3 0 4 5 2 0 5 3 0 4 5 3 2 5 3 5 1 5 4 3 2 4 1 1 2 5 4 0 0 | 14 20  0 5 1 0 7 2 1 6 1 1 8 1 1 10 1 2 7 1 2 9 1 2 13 1 3 8 1 3 11 1 3 12 1 4 9 1 4 10 1 4 11 1 5 12 1 5 13 1 6 11 1 6 13 1 8 10 1 9 12 1
R 3353 42 63 6 91 1 2 3 5 3 4 0 4 1 0 2 3 2 5 1 3 4 5 2 0 5 0 2 1 1 2 3 3 4 1 0 1 4 2 3 0 2 0 4 0 1 3 0 4 5 1 0 2 3 2 5 4 1 5 0 3 4 1 2 3 4 5 5 | 14 20  0 5 1 0 7 2 1 6 1 1 8 1 1 10 1 2 7 1 2 9 1 2 12 1 3 8 1 3 12 1 3 13 1 4 9 1 4 10 1 4 11 1 5 11 1 5 13 1 6 12 1 6 13 1 8 10 1 9 11 1
R 3354 42 63 6 220 3 1 2 5 1 2 0 2 3 1 0 4 4 0 3 0 2 1 0 2 5 3 4 5 3 1 4 1 2 3 0 3 2 4 1 5 0 4 2 1 3 0 4 5 0 3 0 4 1 4 5 2 3 5 5 1 2 3 1 4 2 5 0 | 14 20  0 5 2 0 7 1 1 6 1 1 8 1 1 10 1 2 7 1 2 9 1 2 12 1 3 8 1 3 12 1 3 13 1 4 9 1 4 10 1 4 11 1 5 11 1 6 12 1 6 13 1 7 13 1 8 10 1 9 11 1
R 3355 42 63 6 61 3 4 5 0 4 3 1 2 3 1 0 4 0 2 5 1 2 3 2 5 0 0 2 3 2 1 4 0 3 4 1 5 2 3 0 1 1 2 3 0 1 4 0 1 2 1 5 2 4 5 0 3 2 5 1 3 4 4 5 4 3 5 0 | 14 21  0 5 1 0 7 1 0 9 1 1 6 1 1 8 1 1 13 1 2 7 1 2 9 1 2 10 1 3 8 1 3 11 1 3 12 1 4 9 1 4 10 1 4 11 1 5 10 1 5 13 1 6 12 1 6 13 1 7 11 1 8 12 1
R 3356 42 63 6 138 3 4 5 2 5 0 1 2 5 1 5 4 0 3 4 1 2 3 0 1 2 0 2 3 3 5 4 0 1 4 3 4 1 0 2 5 0 1 4 4 1 0 0 1 2 4 1 3 4 3 0 0 3 2 5 2 1 4 5 3 5 5 2 | 14 21  0 5 1 0 7 1 0 9 1 1 6 1 1 8 1 1 13 1 2 7 1 2 9 1 2 10 1 3 8 1 3 11 1 3 12 1 4 9 1 4 10 1 4 11 1 5 11 1 5 12 1 6 12 1 6 13 1 7 10 1 8 13 1
R 3357 42 63 6 175 3 4 5 0 1 4 2 1 0 5 2 4 0 1 5 1 2 3 3 2 4 0 2 3 1 3 4 1 0 4 0 5 2 0 1 2 4 2 1 4 3 0 0 1 2 5 2 3 4 3 5 0 1 3 4 3 2 4 5 0 1 5 5 | 14 21  0 5 1 0 7 1 0 9 1 1 6 1 1 8 1 1 10 1 2 7 1 2 9 1 2 13 1 3 8 1 3 10 1 3 11 1 4 10 1 4 12 1 4 13 1 5 11 1 5 12 1 6 12 1 6 13 1 7 9 1 8 11 1
R 3358 42 63 6 12760 3 4 5 2 4 5 2 1 0 3 0 4 2 1 5 1 2 3 0 1 4 0 2 3 1 3 5 1 0 4 2 3 0 1 2 0 4 3 1 3 0 2 0 1 2 3 0 1 4 3 5 2 1 5 4 3 0 4 5 2 5 5 4 | 14 21  0 5 1 0 7 1 0 9 1 1 6 1 1 8 1 1 13 1 2 7 1 2 9 1 2 10 1 3 8 1 3 10 1 3 11 1 4 10 1 4 11 1 4 12 1 5 11 1 5 12 1 6 12 1 6 13 1 7 9 1 8 13 1
R 3359 42 63 6 99 3 4 5 1 4 5 2 1 0 0 3 4 2 4 5 1 2 3 0 2 1 0 2 3 4 3 2 1 0 4 3 2 0 3 1 4 0 5 2 3 0 4 0 1 2 3 0 2 4 3 5 5 2 1 1 0 3 4 5 4 5 5 1 | 14 21  0 5 1 0 7 1 0 9 1 1 6 1 1 8 1 1 13 1 2 7 1 2 9 1 2 10 1 3 8 1 3 11 1 3 12 1 4 10 1 4 11 1 4 12 1 5 10 1 5 11 1 6 12 1 6 13 1 7 9 1 8 13 1
R 3360 42 63 6 63 3 4 5 1 2 4 1 2 5 0 5 3 0 2 4 1 2 3 4 0 1 0 2 3 3 5 2 1 0 4 0 1 2 1 0 3 0 3 2 1 3 4 0 1 2 3 0 5 4 3 0 1 4 2 3 5 1 4 5 5 2 5 4 | 14 21  0 5 1 0 7 1 0 9 1 1 6 1 1 8 1 1 10 1 2 7 1 2 10 1 2 13 1 3 8 1 3 10 1 3 11 1 4 9 1 4 11 1 4 12 1 5 12 1 5 13 1 6 12 1 6 13 1 7 9 1 8 11 1
R 3361 42 63 6 118 3 4 5 1 2 5 1 2 5 0 5 3 0 2 4 1 2 3 3 0 1 0 2 3 3 2 4 1 0 4 1 0 2 4 3 1 1 0 2 0 3 4 0 1 2 4 0 3 4 0 3 1 4 2 3 5 1 4 5 5 2 5 5 | 14 21  0 5 1 0 7 1 0 9 1 1 6 1 1 8 1 1 10 1 2 7 1 2 11 1 2 12 1 3 8 1 3 10 1 3 11 1 4 9 1 4 12 1 4 13 1 5 12 1 5 13 1 6 10 1 6 13 1 7 9 1 8 11 1
R 3362 42 63 6 123 3 4 5 5 2 1 1 2 0 2 3 4 0 5 2 1 2 3 1 0 3 0 2 3 1 4 5 1 0 2 0 2 5 1 3 0 0 3 5 3 1 4 0 1 2 4 3 0 4 5 3 0 5 1 3 4 1 4 5 2 5 2 4 | 14 20  0 5 1 0 7 1 0 13 1 1 6 1 1 10 1 1 13 1 2 7 2 2 8 1 3 8 1 3 9 1 3 10 1 4 9 1 4 11 1 4 12 1 5 10 1 5 11 1 6 12 1 6 13 1 8 11 1 9 12 1
R 3363 42 63 6 96 1 2 3 0 5 1 0 4 1 2 4 3 1 3 5 3 4 5 3 2 0 0 2 1 3 4 0 4 1 5 2 4 0 0 3 1 1 4 2 0 4 3 0 4 5 4 3 2 3 2 5 1 0 5 2 4 0 1 2 5 1 5 3 | 14 20  0 5 1 0 7 2 1 6 1 1 10 1 1 13 1 2 7 1 2 8 1 2 13 1 3 8 1 3 9 1 3 10 1 4 9 1 4 11 1 4 12 1 5 10 1 5 11 1 6 12 1 6 13 1 8 11 1 9 12 1
R 3364 42 63 6 3384 3 4 5 0 4 2 1 2 3 2 5 4 1 0 5 1 2 3 1 2 0 0 2 3 4 5 1 3 5 2 1 0 4 0 5 2 0 1 3 1 4 0 0 1 2 5 3 1 4 0 5 3 0 1 4 2 3 4 5 3 4 5 2 | 14 20  0 5 1 0 7 1 0 10 1 1 6 1 1 10 1 1 11 1 2 7 1 2 8 1 2 12 1 3 8 1 3 9 2 4 9 1 4 12 1 4 13 1 5 11 1 5 13 1 6 11 1 6 12 1 7 10 1 8 13 1
R 3365 42 63 6 78 3 4 5 0 1 2 1 2 3 2 5 4 0 1 3 1 2 3 5 2 0 0 2 3 4 5 1 3 1 2 1 0 4 0 1 2 0 3 4 0 3 4 0 1 2 4 3 5 4 0 5 3 0 1 4 5 2 4 5 3 1 5 2 | 14 20  0 5 1 0 7 1 0 10 1 1 6 1 1 10 1 1 12 1 2 7 1 2 8 1 2 11 1 3 8 1 3 9 1 3 13 1 4 9 2 4 12 1 5 11 1 5 13 1 6 11 1 6 12 1 7 10 1 8 13 1
R 3366 42 63 6 62 3 4 5 0 1 2 1 2 3 0 3 5 1 4 3 1 2 3 5 2 0 0 2 3 2 5 1 4 3 0 1 0 4 0 1 2 0 3 4 1 2 4 0 1 2 4 3 5 4 0 5 4 1 2 5 2 0 4 5 3 1 5 3 | 14 20  0 5 1 0 7 1 0 10 1 1 6 1 1 10 1 1 12 1 2 7 1 2 8 1 2 11 1 3 8 1 3 9 2 4 9 1 4 12 1 4 13 1 5 11 1 5 13 1 6 11 1 6 12 1 7 10 1 8 13 1
R 3367 42 63 6 240 3 4 5 0 4 2 1 2 0 2 3 5 4 0 1 1 2 3 2 3 4 0 2 3 4 5 0 1 3 2 1 0 4 1 4 3 0 2 5 3 0 4 0 1 2 5 3 1 4 3 5 1 0 4 5 3 2 4 5 0 1 5 2 | 14 20  0 5 1 0 7 1 0 10 1 1 6 1 1 10 1 1 13 1 2 7 1 2 8 1 2 11 1 3 8 1 3 9 2 4 9 1 4 12 1 4 13 1 5 12 1 5 13 1 6 11 1 6 12 1 7 10 1 8 11 1
R 3368 42 63 6 1082 3 4 5 0 4 2 1 2 0 3 0 1 4 0 5 1 2 3 2 3 4 0 2 3 2 4 1 5 0 3 1 0 4 5 2 3 4 1 2 3 0 4 0 1 2 5 3 1 4 3 5 5 4 2 1 2 3 4 5 1 0 5 0 | 14 20  0 5 1 0 7 1 0 10 1 1 6 1 1 10 1 1 13 1 2 7 1 2 8 1 2 12 1 3 8 1 3 9 1 3 13 1 4 9 2 4 12 1 5 11 1 5 13 1 6 11 1 6 12 1 7 10 1 8 11 1
R 3369 42 63 6 72 3 4 5 1 4 3 1 2 0 2 3 5 0 4 2 1 2 3 0 2 4 0 2 3 4 5 0 1 3 2 1 0 4 4 0 3 2 1 5 0 4 3 0 1 2 5 2 0 4 3 5 1 0 4 5 3 1 4 5 3 1 5 2 | 14 20  0 5 1 0 7 1 0 10 1 1 6 1 1 11 1 1 12 1 2 7 1 2 8 1 2 11 1 3 8 1 3 9 2 4 9 1 4 10 1 4 11 1 5 12 1 5 13 1 6 12 1 6 13 1 7 10 1 8 13 1
R 3370 42 63 6 86 3 4 5 3 1 4 1 2 0 3 5 4 1 0 2 1 2 3 4 2 5 0 2 3 2 5 1 2 0 3 1 0 4 1 0 3 0 3 2 0 1 4 0 1 2 0 2 5 4 3 5 0 1 2 4 5 3 4 5 1 3 5 4 | 14 20  0 5 1 0 7 1 0 10 1 1 6 1 1 11 1 1 12 1 2 7 1 2 8 1 2 11 1 3 8 1 3 9 1 3 13 1 4 9 2 4 10 1 5 12 1 5 13 1 6 12 1 6 13 1 7 10 1 8 11 1
R 3371 42 63 6 236 3 4 5 2 3 4 1 2 0 2 3 5 0 4 2 1 2 3 4 0 1 0 2 3 4 5 0 1 3 2 1 0 4 1 3 4 0 2 5 0 3 4 0 1 2 5 0 1 4 3 5 1 0 4 5 3 1 4 5 3 2 5 2 | 14 20  0 5 1 0 7 1 0 10 1 1 6 1 1 11 1 1 12 1 2 7 1 2 8 1 2 11 1 3 8 1 3 9 2 4 9 1 4 10 1 4 13 1 5 12 1 5 13 1 6 12 1 6 13 1 7 10 1 8 11 1
R 3372 42 63 6 94 3 4 5 1 4 2 1 2 5 3 0 4 1 0 2 1 2 3 5 0 1 0 2 3 2 0 4 2 0 3 1 0 4 0 3 2 1 3 4 1 5 3 0 1 2 3 5 0 4 3 0 5 1 2 4 5 3 4 5 2 4 5 1 | 14 20  0 5 1 0 7 1 0 10 1 1 6 1 1 11 1 1 13 1 2 7 1 2 8 1 2 12 1 3 8 1 3 9 1 3 13 1 4 9 2 4 10 1 5 11 1 5 12 1 6 12 1 6 13 1 7 10 1 8 11 1
R 3373 42 63 6 7414 3 4 5 2 4 5 1 2 5 1 2 4 0 3 1 1 2 3 1 5 4 0 2 3 4 2 0 5 2 1 3 1 4 1 0 4 0 2 5 0 4 3 0 1 2 0 3 1 4 3 0 5 0 3 4 2 5 4 5 3 2 5 1 | 14 20  0 5 1 0 7 1 0 11 1 1 6 1 1 11 1 1 12 1 2 7 1 2 8 1 2 10 1 3 8 1 3 9 2 4 9 1 4 10 1 4 11 1 5 12 1 5 13 1 6 12 1 6 13 1 7 10 1 8 13 1
R 3374 42 63 6 350 3 4 5 0 5 2 1 2 5 3 2 4 0 3 1 1 2 3 1 2 0 0 2 3 4 2 0 1 3 5 3 1 4 1 0 4 0 3 2 1 0 4 0 1 2 4 3 1 4 3 0 1 5 0 4 2 5 4 5 5 3 5 2 | 14 20  0 5 1 0 7 1 0 11 1 1 6 1 1 11 1 1 12 1 2 7 1 2 8 1 2 10 1 3 8 2 3 9 1 4 9 1 4 10 1 4 11 1 5 12 1 5 13 1 6 12 1 6 13 1 7 10 1 9 13 1
R 3375 42 63 6 220 3 4 5 2 3 1 1 3 5 1 4 3 2 0 4 1 2 3 0 1 2 0 2 5 3 4 5 2 4 1 0 4 1 3 0 2 0 1 4 4 2 3 0 1 2 4 5 0 4 0 2 2 0 5 3 5 1 4 5 3 5 3 1 | 14 20  0 5 1 0 7 1 0 12 1 1 6 1 1 11 1 1 13 1 2 7 1 2 8 1 2 10 1 3 8 1 3 9 2 4 9 1 4 10 1 4 11 1 5 11 1 5 12 1 6 12 1 6 13 1 7 10 1 8 13 1
R 3376 42 63 6 74 3 4 5 2 3 1 2 1 3 0 1 4 2 0 4 1 2 3 0 1 2 0 4 3 4 1 2 3 0 4 0 5 1 3 0 2 0 1 4 4 2 3 0 1 2 4 5 0 5 0 4 3 5 2 5 3 1 4 5 3 5 2 1 | 14 20  0 5 1 0 7 1 0 12 1 1 6 1 1 11 1 1 13 1 2 7 1 2 8 1 2 10 1 3 8 2 3 9 1 4 9 1 4 10 1 4 11 1 5 11 1 5 12 1 6 12 1 6 13 1 7 10 1 9 13 1
R 3377 42 63 6 291 3 4 5 5 4 2 1 2 5 3 2 4 0 3 1 1 2 3 3 1 5 0 2 3 4 2 5 1 0 2 3 1 4 0 1 2 5 3 0 0 1 4 0 1 2 0 3 1 4 3 0 0 1 5 4 2 5 4 5 4 2 5 3 | 14 20  0 5 1 0 7 1 0 13 1 1 6 1 1 11 1 1 12 1 2 7 1 2 8 1 2 10 1 3 8 2 3 9 1 4 9 1 4 10 1 4 11 1 5 12 1 5 13 1 6 11 1 6 12 1 7 10 1 9 13 1
R 3378 42 63 NOT6 B chi=7 | 14 20  0 5 1 0 7 1 0 12 1 1 6 2 1 12 1 2 7 1 2 8 1 2 10 1 3 8 1 3 9 1 3 11 1 4 9 1 4 10 1 4 13 1 5 11 1 5 13 1 6 12 1 7 10 1 8 11 1 9 13 1
R 3379 42 63 6 627 1 2 3 0 4 2 0 4 1 0 2 3 0 1 3 3 4 5 1 2 0 0 2 1 3 4 5 2 1 3 2 3 1 1 4 0 2 4 5 0 5 3 0 4 5 5 3 1 3 2 5 1 4 5 5 4 2 1 2 3 4 0 0 | 14 20  0 5 1 0 7 2 1 6 1 1 11 1 1 13 1 2 7 1 2 8 1 2 10 1 3 8 1 3 9 1 3 11 1 4 9 1 4 10 1 4 11 1 5 12 1 5 13 1 6 12 1 6 13 1 8 10 1 9 12 1
R 3380 42 63 6 114 1 2 3 4 2 0 0 4 1 0 2 3 0 1 3 3 4 5 0 5 2 0 2 1 3 4 5 2 1 3 2 3 1 1 2 4 0 5 4 1 3 0 0 4 5 1 3 5 3 2 5 1 4 5 5 4 2 1 2 3 4 0 0 | 14 20  0 5 1 0 7 2 1 6 1 1 11 1 1 13 1 2 7 1 2 8 1 2 10 1 3 8 1 3 9 1 3 11 1 4 9 1 4 10 1 4 12 1 5 12 1 5 13 1 6 12 1 6 13 1 8 10 1 9 11 1
R 3381 42 63 NOT6 B chi=7 | 14 20  0 5 1 0 7 1 0 12 1 1 6 2 1 12 1 2 7 1 2 8 1 2 10 1 3 8 1 3 9 1 3 11 1 4 9 1 4 10 1 4 13 1 5 11 1 5 13 1 6 12 1 7 13 1 8 10 1 9 11 1
R 3382 42 63 6 289 1 2 3 5 0 2 0 4 1 0 2 3 3 1 0 3 4 5 1 4 2 0 2 1 3 4 5 2 1 0 2 3 1 0 4 2 3 0 4 1 5 3 0 4 5 3 1 4 3 2 5 1 4 5 5 4 2 1 2 5 0 0 3 | 14 20  0 5 1 0 7 2 1 6 1 1 12 1 1 13 1 2 7 1 2 8 1 2 10 1 3 8 1 3 9 1 3 11 1 4 9 1 4 10 1 4 12 1 5 11 1 5 13 1 6 12 1 6 13 1 8 10 1 9 11 1
R 3383 42 63 6 155 1 2 3 2 0 1 0 4 1 0 2 3 0 2 5 3 4 5 3 1 0 0 2 1 3 4 5 1 2 5 2 3 1 4 3 1 4 2 0 0 4 3 0 4 5 4 5 3 3 2 5 1 4 5 3 4 1 1 2 2 5 0 0 | 14 20  0 5 1 0 7 2 1 6 1 1 11 1 1 12 1 2 7 1 2 8 1 2 10 1 3 8 1 3 9 1 3 12 1 4 9 1 4 10 1 4 13 1 5 12 1 5 13 1 6 11 1 6 13 1 8 10 1 9 11 1
R 3384 42 63 6 332 3 1 2 1 0 3 0 2 3 0 2 4 4 1 0 0 2 1 2 3 5 3 4 5 1 2 5 2 5 0 1 4 3 0 2 3 1 4 0 4 3 1 4 5 0 4 5 2 1 4 5 3 1 5 3 2 5 3 1 0 2 0 4 | 14 20  0 5 2 0 7 1 1 6 1 1 11 1 1 12 1 2 7 1 2 8 1 2 10 1 3 8 1 3 9 1 3 12 1 4 9 1 4 10 1 4 13 1 5 12 1 6 11 1 6 13 1 7 13 1 8 10 1 9 11 1
R 3385 42 63 6 9562 3 4 5 2 5 4 1 2 5 0 2 4 0 1 2 1 2 3 0 3 5 0 2 3 4 0 5 1 2 0 1 5 2 1 0 4 3 1 4 0 3 1 0 1 2 1 0 3 4 3 0 1 3 5 4 3 5 4 5 2 4 5 2 | 14 19  0 5 1 0 7 1 0 11 1 1 6 1 1 10 2 2 7 1 2 8 1 2 12 1 3 8 1 3 9 2 4 10 1 4 11 1 4 13 1 5 9 1 5 11 1 6 12 1 6 13 1 7 12 1 8 13 1
R 3386 42 63 6 44722 3 4 5 3 0 4 1 5 3 2 4 0 1 0 2 1 2 3 1 5 0 0 2 3 0 4 1 2 3 5 2 0 3 1 0 4 2 1 4 3 1 2 0 1 2 2 1 5 4 2 0 3 5 1 4 5 3 4 5 3 4 5 0 | 14 19  0 5 1 0 7 1 0 11 1 1 6 1 1 10 1 1 13 1 2 7 1 2 8 1 2 12 1 3 8 2 3 9 1 4 10 2 4 11 1 5 9 1 5 11 1 6 12 1 6 13 1 7 12 1 9 13 1
R 3387 42 63 6 90 3 4 5 2 0 4 1 2 0 3 4 5 5 1 2 1 2 3 4 5 0 0 2 3 2 4 0 1 0 3 2 1 4 0 1 2 4 1 3 0 1 4 0 1 2 1 5 3 4 3 5 1 0 2 4 3 0 4 5 2 3 5 5 | 14 21  0 5 1 0 7 1 0 9 1 1 6 1 1 9 1 1 10 1 2 7 1 2 8 1 2 12 1 3 8 1 3 10 1 3 13 1 4 9 1 4 11 1 4 12 1 5 11 1 5 13 1 6 12 1 6 13 1 7 10 1 8 11 1
R 3388 42 63 6 530 3 4 5 0 1 2 1 2 0 3 4 5 5 1 4 1 2 3 2 3 5 0 2 3 5 4 2 1 0 4 4 3 2 0 3 5 1 4 3 0 2 4 0 1 2 4 3 5 4 3 5 0 1 2 0 2 3 4 5 0 1 5 1 | 14 21  0 5 1 0 7 1 0 9 1 1 6 1 1 9 1 1 10 1 2 7 1 2 8 1 2 12 1 3 8 1 3 10 1 3 11 1 4 10 1 4 12 1 4 13 1 5 11 1 5 13 1 6 12 1 6 13 1 7 9 1 8 11 1
R 3389 42 63 6 191 3 4 5 0 4 2 1 2 0 3 2 5 4 0 1 1 2 3 3 2 4 0 2 3 5 4 0 1 0 4 4 1 2 1 3 5 2 3 0 3 0 4 0 1 2 5 3 1 4 3 5 1 0 4 3 5 2 4 5 0 1 5 2 | 14 21  0 5 1 0 7 1 0 9 1 1 6 1 1 9 1 1 13 1 2 7 1 2 8 1 2 10 1 3 8 1 3 10 1 3 11 1 4 10 1 4 12 1 4 13 1 5 12 1 5 13 1 6 11 1 6 12 1 7 9 1 8 11 1
R 3390 42 63 6 239 3 4 5 0 4 2 1 2 0 3 1 5 0 1 3 1 2 3 1 2 4 0 2 3 5 2 4 1 0 4 3 0 2 1 3 2 4 0 1 0 3 5 0 1 2 5 3 1 4 3 5 0 2 4 5 4 2 4 5 0 3 5 1 | 14 21  0 5 1 0 7 1 0 9 1 1 6 1 1 9 1 1 10 1 2 7 1 2 8 1 2 11 1 3 8 1 3 12 1 3 13 1 4 10 1 4 11 1 4 13 1 5 10 1 5 12 1 6 11 1 6 12 1 7 9 1 8 13 1
R 3391 42 63 6 93 3 4 5 0 1 2 1 2 0 5 1 4 0 1 5 1 2 3 2 3 5 0 2 3 2 5 4 1 0 4 5 2 0 0 3 1 3 1 4 0 2 4 0 1 2 4 3 5 4 3 5 0 2 3 3 4 2 4 5 0 1 5 1 | 14 21  0 5 1 0 7 1 0 9 1 1 6 1 1 9 1 1 11 1 2 7 1 2 8 1 2 12 1 3 8 1 3 11 1 3 13 1 4 10 1 4 11 1 4 12 1 5 10 1 5 13 1 6 12 1 6 13 1 7 9 1 8 10 1
R 3392 42 63 6 57 3 4 5 0 4 2 1 2 0 3 4 2 5 4 1 1 2 3 3 1 0 0 2 3 2 4 0 1 0 4 0 1 2 1 3 4 3 1 2 0 3 4 0 1 2 5 3 1 4 3 5 1 0 5 3 2 0 4 5 4 2 5 5 | 14 21  0 5 1 0 7 1 0 9 1 1 6 1 1 9 1 1 13 1 2 7 1 2 8 1 2 11 1 3 8 1 3 11 1 3 12 1 4 10 1 4 11 1 4 12 1 5 10 1 5 13 1 6 12 1 6 13 1 7 9 1 8 10 1
R 3393 42 63 6 1281 3 4 5 0 1 2 1 2 0 1 4 5 4 0 5 1 2 3 2 3 1 0 2 3 2 4 5 1 0 4 0 2 3 1 4 2 4 0 3 1 0 4 0 1 2 4 3 5 4 3 5 0 2 3 3 1 2 4 5 5 0 5 1 | 14 21  0 5 1 0 7 1 0 9 1 1 6 1 1 9 1 1 12 1 2 7 1 2 8 1 2 11 1 3 8 1 3 12 1 3 13 1 4 11 1 4 12 1 4 13 1 5 10 1 5 13 1 6 10 1 6 11 1 7 9 1 8 10 1
R 3394 42 63 6 373 3 4 5 0 4 2 1 2 3 0 3 1 4 1 0 1 2 3 2 3 4 0 2 3 5 1 0 1 0 4 3 0 4 4 1 2 2 3 0 1 4 2 0 1 2 5 3 1 4 5 0 4 2 5 2 3 5 4 5 1 0 5 3 | 14 21  0 5 1 0 7 1 0 9 1 1 6 1 1 9 1 1 10 1 2 7 1 2 9 1 2 11 1 3 8 1 3 10 1 3 11 1 4 8 1 4 11 1 4 12 1 5 12 1 5 13 1 6 12 1 6 13 1 7 10 1 8 13 1
R 3395 42 63 6 180 3 4 5 0 1 2 1 2 3 0 1 4 3 5 0 1 2 3 4 2 0 0 2 3 4 3 2 1 0 4 3 0 1 5 1 2 2 0 1 3 4 5 0 1 2 5 3 4 4 5 0 5 2 3 1 4 2 4 5 3 1 5 0 | 14 21  0 5 1 0 7 1 0 9 1 1 6 1 1 9 1 1 10 1 2 7 1 2 9 1 2 11 1 3 8 1 3 10 1 3 12 1 4 8 1 4 12 1 4 13 1 5 11 1 5 12 1 6 11 1 6 13 1 7 10 1 8 13 1
R 3396 42 63 6 124 3 4 5 0 4 2 1 2 3 0 1 4 2 5 0 1 2 3 1 3 0 0 2 3 3 2 4 1 0 4 3 0 4 1 5 2 3 0 1 2 1 5 0 1 2 5 3 1 4 5 0 5 3 2 1 4 3 4 5 2 4 5 0 | 14 21  0 5 1 0 7 1 0 9 1 1 6 1 1 9 1 1 10 1 2 7 1 2 9 1 2 11 1 3 8 1 3 11 1 3 12 1 4 8 1 4 12 1 4 13 1 5 11 1 5 12 1 6 10 1 6 13 1 7 10 1 8 13 1
R 3397 42 63 6 57 3 4 5 0 4 2 1 2 3 0 1 4 2 5 4 1 2 3 1 3 0 0 2 3 4 5 1 1 0 4 3 0 4 1 5 2 0 2 1 0 2 4 0 1 2 5 3 1 4 5 0 2 3 5 0 3 1 4 5 2 4 5 3 | 14 21  0 5 1 0 7 1 0 9 1 1 6 1 1 9 1 1 10 1 2 7 1 2 9 1 2 11 1 3 8 1 3 11 1 3 12 1 4 8 1 4 12 1 4 13 1 5 11 1 5 13 1 6 10 1 6 12 1 7 10 1 8 13 1
R 3398 42 63 6 99 3 4 5 0 5 2 1 2 3 2 0 4 0 5 1 1 2 3 1 3 0 0 2 3 3 5 2 1 0 4 3 0 4 0 1 2 1 4 2 4 3 1 0 1 2 4 3 1 4 5 0 1 3 5 4 3 2 4 5 2 5 5 0 | 14 21  0 5 1 0 7 1 0 9 1 1 6 1 1 9 1 1 10 1 2 7 1 2 9 1 2 12 1 3 8 1 3 11 1 3 12 1 4 8 1 4 12 1 4 13 1 5 11 1 5 13 1 6 10 1 6 11 1 7 10 1 8 13 1
R 3399 42 63 6 97 3 4 5 1 0 4 1 2 5 0 1 2 0 2 4 1 2 3 5 4 0 0 2 3 4 2 1 0 1 3 3 0 2 0 1 4 2 4 5 3 1 4 0 1 2 3 5 2 4 3 0 3 4 5 5 1 3 4 5 2 1 5 0 | 14 21  0 5 1 0 7 1 0 9 1 1 6 1 1 9 1 1 13 1 2 7 1 2 12 1 2 13 1 3 8 1 3 9 1 3 10 1 4 8 1 4 10 1 4 11 1 5 10 1 5 11 1 6 11 1 6 12 1 7 13 1 8 12 1
R 3400 42 63 6 465 3 4 5 0 4 5 1 2 5 1 2 3 2 4 0 1 2 3 3 2 4 0 2 3 3 0 1 1 0 4 1 0 4 4 2 1 2 3 5 1 3 4 0 1 2 1 3 2 4 3 0 4 5 0 5 3 1 4 5 5 0 5 2 | 14 21  0 5 1 0 7 1 0 9 1 1 6 1 1 9 1 1 10 1 2 7 1 2 11 1 2 13 1 3 8 1 3 9 1 3 11 1 4 8 1 4 10 1 4 12 1 5 12 1 5 13 1 6 11 1 6 12 1 7 10 1 8 13 1
R 3401 42 63 6 91 3 4 5 0 1 4 1 2 5 0 1 2 0 3 5 1 2 3 4 2 0 0 2 3 2 4 5 0 1 4 3 1 0 0 3 2 3 1 4 1 2 3 0 1 2 3 2 5 4 3 0 3 5 4 1 2 4 4 5 1 5 5 0 | 14 21  0 5 1 0 7 1 0 9 1 1 6 1 1 10 1 1 11 1 2 7 1 2 9 1 2 12 1 3 8 1 3 9 1 3 10 1 4 8 1 4 12 1 4 13 1 5 11 1 5 12 1 6 11 1 6 13 1 7 10 1 8 13 1
R 3402 42 63 6 73 3 4 5 0 2 4 1 2 5 0 1 2 0 3 1 1 2 3 5 4 0 0 2 3 2 5 1 0 1 4 3 1 4 2 3 4 0 3 2 0 3 1 0 1 2 3 1 5 4 3 0 3 5 4 4 2 5 4 5 1 2 5 0 | 14 21  0 5 1 0 7 1 0 9 1 1 6 1 1 11 1 1 12 1 2 7 1 2 9 1 2 10 1 3 8 1 3 9 1 3 13 1 4 8 1 4 10 1 4 11 1 5 12 1 5 13 1 6 12 1 6 13 1 7 10 1 8 11 1
R 3403 42 63 6 65 3 4 5 0 5 4 1 2 3 0 4 2 0 3 1 1 2 3 1 4 0 0 2 3 2 3 1 0 1 4 3 0 4 1 2 4 0 3 2 1 4 2 0 1 2 2 3 1 4 5 0 5 3 1 4 2 5 4 5 5 3 5 0 | 14 21  0 5 1 0 7 1 0 9 1 1 6 1 1 11 1 1 12 1 2 7 1 2 9 1 2 11 1 3 8 1 3 9 1 3 10 1 4 8 1 4 10 1 4 11 1 5 12 1 5 13 1 6 12 1 6 13 1 7 10 1 8 13 1
R 3404 42 63 6 3691 3 4 5 2 3 0 2 3 0 0 5 4 1 3 5 1 2 3 1 0 2 0 2 4 2 1 5 5 4 3 0 3 4 1 2 3 2 5 0 0 1 4 0 1 2 4 1 5 5 4 1 3 2 1 4 0 2 4 5 5 3 3 0 | 14 21  0 5 1 0 7 1 0 13 1 1 6 1 1 9 1 1 11 1 2 7 1 2 11 1 2 12 1 3 8 1 3 9 1 3 10 1 4 8 1 4 9 1 4 10 1 5 12 1 5 13 1 6 10 1 6 13 1 7 12 1 8 11 1
R 3405 42 63 6 354 3 4 5 0 1 2 0 1 4 0 2 4 5 0 1 1 2 3 2 3 5 2 0 4 4 1 3 1 0 4 3 4 1 2 0 1 0 3 2 2 5 4 0 1 2 4 3 5 3 2 5 5 3 1 2 4 3 5 4 0 1 5 0 | 14 21  0 5 1 0 7 1 0 9 1 1 6 1 1 9 1 1 10 1 2 7 1 2 10 1 2 11 1 3 8 1 3 11 1 3 12 1 4 8 1 4 12 1 4 13 1 5 9 1 5 11 1 6 10 1 6 13 1 7 12 1 8 13 1
R 3406 42 63 6 185 3 4 5 0 1 2 0 1 4 2 0 4 4 5 1 1 2 3 2 3 5 2 0 5 3 4 2 1 0 4 3 4 1 0 2 1 2 1 0 4 3 0 0 1 2 4 3 5 3 2 5 1 3 5 0 3 2 5 4 0 1 4 5 | 14 21  0 5 1 0 7 1 0 9 1 1 6 1 1 9 1 1 10 1 2 7 1 2 10 1 2 11 1 3 8 1 3 11 1 3 12 1 4 8 1 4 12 1 4 13 1 5 9 1 5 12 1 6 10 1 6 13 1 7 11 1 8 13 1
R 3407 42 63 6 70 3 4 5 0 1 2 1 2 0 0 4 3 5 1 4 1 2 3 2 3 0 0 2 4 3 1 4 1 0 4 4 0 1 2 5 0 2 4 5 1 3 2 0 1 2 4 3 5 5 3 4 5 2 1 2 3 0 5 4 1 5 3 0 | 14 21  0 5 1 0 7 1 0 9 1 1 6 1 1 9 1 1 10 1 2 7 1 2 12 1 2 13 1 3 8 1 3 10 1 3 11 1 4 8 1 4 11 1 4 12 1 5 9 1 5 11 1 6 12 1 6 13 1 7 10 1 8 13 1
R 3408 42 63 6 219 3 4 5 0 1 2 1 0 4 3 1 4 2 5 0 1 2 3 2 3 0 2 0 5 4 2 3 1 0 4 0 3 1 0 3 1 2 1 3 2 4 5 0 1 2 4 3 5 3 2 5 5 2 0 1 4 3 5 4 5 1 4 0 | 14 21  0 5 1 0 7 1 0 9 1 1 6 1 1 9 1 1 10 1 2 7 1 2 11 1 2 12 1 3 8 1 3 10 1 3 12 1 4 8 1 4 12 1 4 13 1 5 9 1 5 11 1 6 11 1 6 13 1 7 10 1 8 13 1
R 3409 42 63 6 184 3 4 5 0 1 4 0 1 2 0 5 1 3 5 2 1 2 3 2 4 5 2 0 3 4 3 1 1 0 4 3 1 0 2 0 3 0 2 1 3 4 2 0 1 2 3 2 5 4 3 5 2 4 3 0 4 1 5 4 1 0 5 5 | 14 21  0 5 1 0 7 1 0 9 1 1 6 1 1 10 1 1 11 1 2 7 1 2 9 1 2 10 1 3 8 1 3 11 1 3 12 1 4 8 1 4 12 1 4 13 1 5 9 1 5 10 1 6 11 1 6 13 1 7 12 1 8 13 1
R 3410 42 63 6 200 3 4 5 0 5 4 0 1 2 0 1 3 4 2 0 1 2 3 3 2 5 2 0 3 3 4 5 1 0 4 3 1 0 0 1 2 2 1 3 4 2 1 0 1 2 1 2 3 4 3 5 2 4 5 1 5 3 5 4 4 0 5 0 | 14 21  0 5 1 0 7 1 0 9 1 1 6 1 1 10 1 1 11 1 2 7 1 2 9 1 2 10 1 3 8 1 3 12 1 3 13 1 4 8 1 4 12 1 4 13 1 5 9 1 5 10 1 6 11 1 6 12 1 7 11 1 8 13 1
R 3411 42 63 6 330 3 4 5 0 1 4 0 1 2 0 3 1 5 3 2 1 2 3 2 4 5 2 0 3 2 1 4 1 0 4 3 1 0 3 2 1 0 3 4 0 5 2 0 1 2 3 2 5 4 3 5 5 4 2 0 1 4 5 4 0 1 5 3 | 14 21  0 5 1 0 7 1 0 9 1 1 6 1 1 10 1 1 12 1 2 7 1 2 9 1 2 10 1 3 8 1 3 11 1 3 12 1 4 8 1 4 12 1 4 13 1 5 9 1 5 10 1 6 11 1 6 13 1 7 11 1 8 13 1
R 3412 42 63 6 989 3 4 5 2 3 5 0 1 2 0 1 4 3 4 5 1 2 3 0 5 2 2 0 3 2 4 0 1 0 4 3 0 1 3 1 0 1 2 4 1 2 3 0 1 2 1 4 0 4 3 5 3 2 5 1 2 0 5 4 3 4 5 5 | 14 21  0 5 1 0 7 1 0 9 1 1 6 1 1 11 1 1 13 1 2 7 1 2 9 1 2 10 1 3 8 1 3 10 1 3 11 1 4 8 1 4 11 1 4 12 1 5 9 1 5 10 1 6 12 1 6 13 1 7 12 1 8 13 1
R 3413 42 63 6 197 3 4 5 2 4 5 0 1 2 0 1 4 3 4 5 1 2 3 3 1 5 2 0 3 2 4 0 1 0 4 3 0 1 3 4 0 1 2 4 0 1 3 0 1 2 0 1 3 4 3 5 3 2 5 1 0 2 5 4 2 4 5 5 | 14 21  0 5 1 0 7 1 0 9 1 1 6 1 1 11 1 1 12 1 2 7 1 2 9 1 2 10 1 3 8 1 3 10 1 3 11 1 4 8 1 4 12 1 4 13 1 5 9 1 5 10 1 6 11 1 6 13 1 7 12 1 8 13 1
R 3414 42 63 6 100 3 4 5 3 0 4 0 1 2 1 0 4 0 2 5 1 2 3 2 4 3 2 0 5 3 4 5 1 0 4 0 1 4 2 1 0 2 1 4 1 3 2 0 1 2 1 2 5 4 3 5 2 3 5 1 3 4 5 4 0 5 3 0 | 14 21  0 5 1 0 7 1 0 9 1 1 6 1 1 10 1 1 11 1 2 7 1 2 9 1 2 10 1 3 8 1 3 11 1 3 12 1 4 8 1 4 12 1 4 13 1 5 9 1 5 11 1 6 12 1 6 13 1 7 10 1 8 13 1
R 3415 42 63 6 1759 3 4 5 3 0 4 0 1 2 0 2 1 0 5 4 1 2 3 2 4 3 2 0 5 1 3 4 1 0 4 0 1 4 2 1 4 3 0 2 1 2 5 0 1 2 1 2 5 4 3 5 5 3 4 2 1 3 5 4 0 5 3 0 | 14 21  0 5 1 0 7 1 0 9 1 1 6 1 1 10 1 1 11 1 2 7 1 2 9 1 2 10 1 3 8 1 3 11 1 3 12 1 4 8 1 4 12 1 4 13 1 5 9 1 5 13 1 6 11 1 6 12 1 7 10 1 8 13 1
R 3416 42 63 6 200 3 4 5 3 0 4 0 1 2 0 1 3 4 2 0 1 2 3 4 2 5 2 0 5 3 4 5 1 0 4 0 1 4 1 2 0 2 1 3 4 2 1 0 1 2 1 2 5 4 3 5 2 4 5 1 5 3 5 4 3 0 3 0 | 14 21  0 5 1 0 7 1 0 9 1 1 6 1 1 10 1 1 11 1 2 7 1 2 9 1 2 10 1 3 8 1 3 12 1 3 13 1 4 8 1 4 12 1 4 13 1 5 9 1 5 11 1 6 11 1 6 12 1 7 10 1 8 13 1
R 3417 42 63 6 1237 3 4 5 1 0 4 0 1 2 3 0 4 0 5 2 1 2 3 3 4 1 2 0 5 2 5 3 1 0 4 0 4 1 2 0 1 1 2 4 3 4 2 0 1 2 2 3 5 4 3 5 1 2 5 4 3 1 5 4 0 5 3 0 | 14 21  0 5 1 0 7 1 0 9 1 1 6 1 1 11 1 1 12 1 2 7 1 2 9 1 2 10 1 3 8 1 3 10 1 3 11 1 4 8 1 4 12 1 4 13 1 5 9 1 5 11 1 6 12 1 6 13 1 7 10 1 8 13 1
R 3418 42 63 6 14303 3 4 5 4 2 5 0 1 2 3 0 4 1 0 4 1 2 3 5 3 0 2 0 5 5 4 3 1 0 4 0 4 1 2 1 0 1 3 2 4 1 5 0 1 2 1 0 3 4 3 5 1 2 5 2 3 5 5 4 4 2 3 0 | 14 21  0 5 1 0 7 1 0 9 1 1 6 1 1 12 1 1 13 1 2 7 1 2 9 1 2 10 1 3 8 1 3 10 1 3 11 1 4 8 1 4 11 1 4 12 1 5 9 1 5 11 1 6 12 1 6 13 1 7 10 1 8 13 1
R 3419 42 63 6 169 3 4 5 0 1 2 0 1 2 3 0 4 0 1 4 1 2 3 4 2 5 2 0 5 2 4 3 1 0 4 0 4 1 3 1 2 5 2 1 0 4 3 0 1 2 3 4 5 4 3 5 1 2 5 5 3 2 5 4 0 1 3 0 | 14 21  0 5 1 0 7 1 0 9 1 1 6 1 1 11 1 1 13 1 2 7 1 2 9 1 2 10 1 3 8 1 3 10 1 3 11 1 4 8 1 4 12 1 4 13 1 5 9 1 5 12 1 6 12 1 6 13 1 7 10 1 8 11 1
R 3420 42 63 6 140 3 4 5 0 3 5 0 1 2 3 0 4 1 4 5 1 2 3 4 5 2 2 0 5 2 4 0 1 0 4 0 4 1 3 1 2 0 1 5 1 4 3 0 1 2 1 4 2 4 3 5 1 2 5 3 0 2 5 4 3 0 3 5 | 14 21  0 5 1 0 7 1 0 9 1 1 6 1 1 11 1 1 13 1 2 7 1 2 9 1 2 10 1 3 8 1 3 10 1 3 13 1 4 8 1 4 11 1 4 12 1 5 9 1 5 12 1 6 12 1 6 13 1 7 10 1 8 11 1
R 3421 42 63 6 71 3 4 5 4 2 3 1 2 5 0 4 1 0 5 3 1 2 3 5 1 2 0 2 3 2 3 4 0 3 1 0 5 2 3 1 4 2 0 1 4 1 5 0 1 2 0 5 1 4 3 0 5 2 3 1 4 2 4 5 4 3 5 0 | 14 21  0 5 1 0 7 1 0 9 1 1 6 1 1 9 1 1 10 1 2 7 1 2 10 1 2 11 1 3 8 1 3 11 1 3 12 1 4 8 1 4 12 1 4 13 1 5 10 1 5 12 1 6 9 1 6 13 1 7 11 1 8 13 1
R 3422 42 63 6 75 3 4 5 2 0 4 1 2 3 0 2 4 1 5 2 1 2 3 1 3 0 0 2 3 3 5 0 0 3 5 2 1 4 1 0 2 0 1 4 1 3 4 0 1 2 5 1 3 4 0 5 1 3 5 4 3 0 4 5 4 2 5 2 | 14 21  0 5 1 0 7 1 0 9 1 1 6 1 1 9 1 1 10 1 2 7 1 2 10 1 2 11 1 3 8 1 3 11 1 3 12 1 4 8 1 4 12 1 4 13 1 5 11 1 5 13 1 6 9 1 6 12 1 7 10 1 8 13 1
R 3423 42 63 6 146 3 4 5 1 0 3 1 2 0 5 2 4 1 3 4 1 2 3 2 5 0 0 2 3 4 1 2 0 1 4 1 4 0 3 2 0 5 4 2 1 0 4 0 1 2 4 5 2 4 5 3 0 3 1 5 0 2 4 5 3 1 5 3 | 14 21  0 5 1 0 7 1 0 9 1 1 6 1 1 9 1 1 10 1 2 7 1 2 11 1 2 12 1 3 8 1 3 10 1 3 11 1 4 8 1 4 12 1 4 13 1 5 11 1 5 13 1 6 9 1 6 12 1 7 10 1 8 13 1
R 3424 42 63 6 57 3 4 5 1 0 3 1 2 4 1 4 3 0 5 2 1 2 3 4 3 0 0 2 4 2 5 3 2 5 3 1 2 0 4 0 1 0 3 1 1 0 2 0 1 2 2 4 5 5 0 3 0 2 5 1 4 3 4 5 1 5 3 4 | 14 21  0 5 1 0 7 1 0 12 1 1 6 1 1 9 1 1 10 1 2 7 1 2 9 1 2 10 1 3 8 1 3 11 1 3 12 1 4 8 1 4 12 1 4 13 1 5 10 1 5 11 1 6 9 1 6 13 1 7 11 1 8 13 1
R 3425 42 63 6 2068 3 4 5 3 5 4 1 2 5 0 1 2 0 4 5 1 2 3 0 4 2 0 2 3 2 5 1 0 1 4 2 1 5 1 0 4 3 1 4 3 4 2 0 1 2 1 2 0 4 3 0 4 3 5 3 2 1 4 5 5 3 5 0 | 14 21  0 5 1 0 7 1 0 11 1 1 6 1 1 9 1 1 10 1 2 7 1 2 9 1 2 12 1 3 8 1 3 11 1 3 13 1 4 8 1 4 12 1 4 13 1 5 10 1 5 12 1 6 9 1 6 10 1 7 11 1 8 13 1
R 3426 42 63 6 57 3 4 5 0 1 2 1 2 3 0 5 4 0 1 3 1 2 3 5 2 0 0 2 3 3 1 4 1 0 4 4 3 2 0 1 2 2 0 1 4 5 3 0 1 2 4 3 5 4 0 5 2 1 3 5 4 2 4 5 3 1 5 0 | 14 21  0 5 1 0 7 1 0 9 1 1 6 1 1 9 1 1 10 1 2 7 1 2 10 1 2 11 1 3 8 1 3 10 1 3 12 1 4 8 1 4 12 1 4 13 1 5 11 1 5 12 1 6 11 1 6 13 1 7 9 1 8 13 1
R 3427 42 63 6 57 3 4 5 0 1 2 1 2 5 0 4 3 5 4 1 1 2 3 2 5 0 0 2 3 1 2 0 1 0 4 3 4 2 0 1 5 0 1 4 2 5 3 0 1 2 4 3 5 4 0 3 5 1 2 3 2 0 4 5 3 1 5 4 | 14 21  0 5 1 0 7 1 0 9 1 1 6 1 1 9 1 1 10 1 2 7 1 2 10 1 2 12 1 3 8 1 3 10 1 3 11 1 4 8 1 4 12 1 4 13 1 5 11 1 5 12 1 6 11 1 6 13 1 7 9 1 8 13 1
R 3428 42 63 6 2236 3 4 5 0 1 2 1 2 3 0 2 5 1 5 4 1 2 3 5 2 0 0 2 3 4 5 3 1 0 4 4 3 2 1 0 2 0 1 5 0 1 4 0 1 2 4 3 5 4 0 5 1 3 4 0 2 3 4 5 1 3 5 2 | 14 21  0 5 1 0 7 1 0 9 1 1 6 1 1 9 1 1 10 1 2 7 1 2 10 1 2 11 1 3 8 1 3 11 1 3 12 1 4 8 1 4 12 1 4 13 1 5 11 1 5 13 1 6 10 1 6 12 1 7 9 1 8 13 1
R 3429 42 63 6 65 3 4 5 0 1 2 1 2 5 5 2 3 0 3 1 1 2 3 5 2 0 0 2 3 1 3 5 1 0 4 0 3 2 0 2 5 3 1 4 4 0 1 0 1 2 4 3 5 4 3 0 0 4 1 4 2 5 4 5 1 3 5 2 | 14 21  0 5 1 0 7 1 0 9 1 1 6 1 1 9 1 1 10 1 2 7 1 2 11 1 2 12 1 3 8 1 3 10 1 3 11 1 4 8 1 4 12 1 4 13 1 5 11 1 5 12 1 6 10 1 6 13 1 7 9 1 8 13 1
R 3430 42 63 6 268 3 4 5 0 4 2 1 2 0 0 4 5 2 1 4 1 2 3 3 1 0 0 2 3 5 1 4 1 0 4 4 5 2 1 2 0 3 1 2 0 3 4 0 1 2 5 3 1 4 3 5 2 1 3 3 5 0 4 5 4 2 5 0 | 14 21  0 5 1 0 7 1 0 9 1 1 6 1 1 9 1 1 13 1 2 7 1 2 10 1 2 12 1 3 8 1 3 10 1 3 11 1 4 8 1 4 11 1 4 12 1 5 11 1 5 13 1 6 12 1 6 13 1 7 9 1 8 10 1
R 3431 42 63 6 62 3 4 5 3 0 4 1 2 0 0 1 2 0 5 4 1 2 3 4 1 5 0 2 3 3 5 2 1 0 4 2 0 4 2 1 0 1 2 4 1 4 3 0 1 2 2 1 5 4 3 5 4 3 5 1 3 2 4 5 3 0 5 0 | 14 21  0 5 1 0 7 1 0 9 1 1 6 1 1 10 1 1 11 1 2 7 1 2 10 1 2 13 1 3 8 1 3 9 1 3 10 1 4 8 1 4 12 1 4 13 1 5 11 1 5 12 1 6 11 1 6 12 1 7 9 1 8 13 1
R 3432 42 63 6 435 3 4 5 0 3 4 1 2 3 0 1 2 4 5 1 1 2 3 4 5 0 0 2 3 2 5 3 1 0 4 2 3 4 0 1 2 0 3 4 0 2 4 0 1 2 2 1 5 4 0 5 4 3 5 0 2 3 4 5 3 1 5 1 | 14 21  0 5 1 0 7 1 0 9 1 1 6 1 1 10 1 1 13 1 2 7 1 2 10 1 2 11 1 3 8 1 3 9 1 3 10 1 4 8 1 4 12 1 4 13 1 5 11 1 5 12 1 6 11 1 6 12 1 7 9 1 8 13 1
R 3433 42 63 6 102 3 4 5 2 0 4 1 2 5 0 1 2 0 4 3 1 2 3 5 3 0 0 2 3 3 5 1 1 0 4 0 2 4 1 0 2 1 3 4 1 3 2 0 1 2 1 3 5 4 3 0 4 3 5 2 1 5 4 5 2 4 5 0 | 14 21  0 5 1 0 7 1 0 9 1 1 6 1 1 11 1 1 13 1 2 7 1 2 10 1 2 12 1 3 8 1 3 9 1 3 10 1 4 8 1 4 10 1 4 11 1 5 11 1 5 12 1 6 12 1 6 13 1 7 9 1 8 13 1
R 3434 42 63 6 63 3 4 5 0 3 2 1 2 5 0 1 2 0 4 3 1 2 3 4 1 0 0 2 3 3 5 1 1 0 4 0 2 4 1 3 2 0 5 2 1 3 4 0 1 2 5 4 1 4 3 0 4 3 5 2 1 5 4 5 3 2 5 0 | 14 21  0 5 1 0 7 1 0 9 1 1 6 1 1 11 1 1 12 1 2 7 1 2 10 1 2 13 1 3 8 1 3 9 1 3 10 1 4 8 1 4 10 1 4 11 1 5 12 1 5 13 1 6 12 1 6 13 1 7 9 1 8 11 1
R 3435 42 63 6 940 3 4 5 1 3 4 1 2 0 0 4 2 2 4 5 1 2 3 0 4 1 0 2 3 1 2 0 1 0 4 3 2 0 5 0 4 1 2 4 5 1 3 0 1 2 5 2 0 4 5 3 5 3 1 3 1 0 4 5 3 2 5 4 | 14 21  0 5 1 0 7 1 0 9 1 1 6 1 1 11 1 1 13 1 2 7 1 2 10 1 2 11 1 3 8 1 3 9 1 3 10 1 4 8 1 4 11 1 4 12 1 5 10 1 5 12 1 6 12 1 6 13 1 7 9 1 8 13 1
R 3436 42 63 6 177 3 4 5 3 4 5 1 2 5 0 1 2 3 1 0 1 2 3 5 2 0 0 2 3 2 3 0 1 0 4 0 1 3 2 1 5 0 2 5 3 1 4 0 1 2 1 2 0 4 3 0 4 3 5 5 4 2 4 5 4 3 5 1 | 14 21  0 5 1 0 7 1 0 9 1 1 6 1 1 10 1 1 11 1 2 7 1 2 12 1 2 13 1 3 8 1 3 9 1 3 10 1 4 8 1 4 11 1 4 13 1 5 12 1 5 13 1 6 10 1 6 11 1 7 9 1 8 12 1
R 3437 42 63 6 102 3 4 5 0 3 4 1 2 5 0 1 2 4 0 1 1 2 3 2 4 0 0 2 3 5 2 1 1 0 4 2 5 4 0 1 4 0 3 2 3 1 4 0 1 2 5 1 2 4 3 0 4 3 5 3 5 2 4 5 3 1 5 0 | 14 21  0 5 1 0 7 1 0 9 1 1 6 1 1 10 1 1 11 1 2 7 1 2 10 1 2 13 1 3 8 1 3 9 1 3 11 1 4 8 1 4 12 1 4 13 1 5 12 1 5 13 1 6 11 1 6 12 1 7 9 1 8 10 1
R 3438 42 63 6 154 3 4 5 1 5 0 1 2 5 0 1 2 4 2 3 1 2 3 4 0 5 0 2 3 3 2 5 1 0 4 2 3 0 4 3 0 0 2 5 1 3 4 0 1 2 3 4 2 4 3 0 4 3 5 0 5 1 4 5 1 2 5 1 | 14 21  0 5 1 0 7 1 0 9 1 1 6 1 1 10 1 1 11 1 2 7 1 2 12 1 2 13 1 3 8 1 3 9 1 3 11 1 4 8 1 4 10 1 4 12 1 5 12 1 5 13 1 6 11 1 6 13 1 7 9 1 8 10 1
R 3439 42 63 6 199 3 4 5 2 3 4 1 2 0 0 4 2 3 0 5 1 2 3 4 0 1 0 2 3 1 3 2 1 0 4 2 5 4 1 3 4 0 2 5 0 3 4 0 1 2 5 0 1 4 3 5 5 3 1 4 1 2 4 5 3 2 5 0 | 14 21  0 5 1 0 7 1 0 9 1 1 6 1 1 11 1 1 12 1 2 7 1 2 10 1 2 11 1 3 8 1 3 9 1 3 13 1 4 8 1 4 10 1 4 11 1 5 12 1 5 13 1 6 12 1 6 13 1 7 9 1 8 10 1
R 3440 42 63 6 91 3 4 5 3 0 5 1 2 5 0 1 2 5 2 3 1 2 3 5 1 0 0 2 3 3 2 1 1 0 4 2 0 4 3 1 0 0 2 5 1 3 4 0 1 2 4 1 2 4 3 0 4 3 5 0 4 1 4 5 3 2 5 5 | 14 21  0 5 1 0 7 1 0 9 1 1 6 1 1 10 1 1 11 1 2 7 1 2 12 1 2 13 1 3 8 1 3 9 1 3 11 1 4 8 1 4 11 1 4 12 1 5 12 1 5 13 1 6 10 1 6 13 1 7 9 1 8 10 1
R 3441 42 63 6 110 3 4 5 0 3 4 0 1 2 0 1 2 0 3 4 1 2 3 2 4 5 2 0 5 2 4 1 1 2 3 1 0 4 3 4 1 5 0 2 0 1 4 0 1 2 1 5 2 4 3 5 3 4 5 5 2 1 4 5 0 3 3 0 | 14 21  0 5 1 0 7 1 0 13 1 1 6 1 1 9 1 1 10 1 2 7 1 2 10 1 2 11 1 3 8 1 3 9 1 3 10 1 4 8 1 4 11 1 4 12 1 5 12 1 5 13 1 6 11 1 6 12 1 7 13 1 8 9 1
R 3442 42 63 6 202 3 4 5 2 3 0 1 2 0 1 4 5 3 0 4 1 2 3 1 0 2 0 2 4 5 3 4 4 5 2 2 1 3 1 4 0 2 1 0 0 1 4 0 1 2 4 1 5 5 4 3 2 3 0 1 2 5 4 5 5 3 3 0 | 14 21  0 5 1 0 7 1 0 13 1 1 6 1 1 9 1 1 10 1 2 7 1 2 10 1 2 11 1 3 8 1 3 9 1 3 10 1 4 8 1 4 11 1 4 12 1 5 12 1 5 13 1 6 11 1 6 13 1 7 12 1 8 9 1
R 3443 42 63 6 583 3 4 5 2 4 5 1 2 0 4 0 3 1 0 2 1 2 3 3 0 4 0 2 4 5 2 3 1 4 5 2 1 4 3 1 0 2 0 1 1 0 4 0 1 2 1 3 0 5 3 4 1 2 5 4 5 3 4 5 2 5 3 0 | 14 21  0 5 1 0 7 1 0 13 1 1 6 1 1 9 1 1 10 1 2 7 1 2 10 1 2 11 1 3 8 1 3 9 1 3 10 1 4 8 1 4 11 1 4 13 1 5 12 1 5 13 1 6 11 1 6 12 1 7 12 1 8 9 1
R 3444 42 63 6 167 3 4 5 2 5 0 1 2 3 5 4 1 0 1 4 1 2 3 0 1 2 0 2 3 2 3 4 4 5 2 1 0 2 3 4 0 3 0 1 1 0 3 0 1 2 3 1 4 4 0 5 0 3 2 5 3 2 4 5 4 5 5 1 | 14 21  0 5 1 0 7 1 0 13 1 1 6 1 1 11 1 1 13 1 2 7 1 2 9 1 2 10 1 3 8 1 3 9 1 3 11 1 4 8 1 4 10 1 4 12 1 5 10 1 5 11 1 6 12 1 6 13 1 7 12 1 8 9 1
R 3445 42 63 6 200 3 4 5 0 1 3 2 1 4 1 0 3 2 4 0 1 2 3 5 4 0 0 2 4 3 4 5 4 2 1 1 3 2 2 1 0 0 2 4 0 1 5 0 1 2 2 5 4 5 0 3 2 5 4 1 3 5 4 5 1 3 3 0 | 14 21  0 5 1 0 7 1 0 13 1 1 6 1 1 11 1 1 13 1 2 7 1 2 10 1 2 12 1 3 8 1 3 9 1 3 10 1 4 8 1 4 9 1 4 10 1 5 11 1 5 12 1 6 12 1 6 13 1 7 11 1 8 9 1
R 3446 42 63 6 63 3 4 5 2 3 5 0 1 2 0 3 4 3 1 2 1 2 3 1 0 2 4 0 3 2 4 5 1 2 0 1 3 0 3 1 4 0 2 5 0 1 4 0 1 2 4 0 1 5 4 3 1 5 2 0 4 5 4 5 5 3 2 3 | 14 21  0 5 1 0 7 1 0 13 1 1 6 1 1 11 1 1 12 1 2 7 1 2 10 1 2 12 1 3 8 1 3 9 1 3 10 1 4 8 1 4 9 1 4 10 1 5 12 1 5 13 1 6 11 1 6 13 1 7 11 1 8 9 1
R 3447 42 63 6 2673 3 4 5 2 5 4 2 3 0 1 3 5 1 0 2 1 2 3 0 4 3 0 2 4 2 5 3 3 2 0 0 1 4 3 1 5 2 5 0 1 0 4 0 1 2 1 3 0 5 4 1 0 4 2 4 5 3 4 5 5 2 3 1 | 14 21  0 5 1 0 7 1 0 13 1 1 6 1 1 10 1 1 11 1 2 7 1 2 11 1 2 12 1 3 8 1 3 9 1 3 10 1 4 8 1 4 9 1 4 13 1 5 12 1 5 13 1 6 10 1 6 11 1 7 12 1 8 9 1
R 3448 42 63 6 1059 3 4 5 1 3 2 1 2 0 1 4 0 3 1 4 1 2 3 0 2 5 0 2 3 0 2 4 2 3 0 4 1 2 3 4 1 3 0 4 0 1 4 0 1 2 4 0 5 4 5 3 3 5 2 5 0 2 4 5 1 3 5 1 | 14 21  0 5 1 0 7 1 0 13 1 1 6 1 1 11 1 1 13 1 2 7 1 2 9 1 2 10 1 3 8 1 3 10 1 3 11 1 4 8 1 4 10 1 4 12 1 5 9 1 5 11 1 6 12 1 6 13 1 7 12 1 8 9 1
R 3449 42 63 6 281 3 4 5 1 2 0 1 2 5 3 5 4 0 1 2 1 2 3 0 3 1 0 2 3 2 0 5 5 2 1 0 5 3 1 0 4 3 1 4 0 3 2 0 1 2 5 3 4 4 3 0 0 1 2 4 3 5 4 5 2 4 5 1 | 14 19  0 5 1 0 7 1 0 11 1 1 6 1 1 9 2 2 7 1 2 8 1 2 12 1 3 9 1 3 10 2 4 10 1 4 11 1 4 13 1 5 8 1 5 11 1 6 12 1 6 13 1 7 12 1 8 13 1
R 3450 42 63 6 355 3 4 5 2 0 1 1 2 5 3 0 4 1 0 2 1 2 3 5 1 0 0 2 3 0 2 5 4 3 1 2 0 3 1 0 4 3 1 4 3 2 4 0 1 2 3 4 5 4 3 0 2 1 5 4 5 3 4 5 2 5 1 0 | 14 19  0 5 1 0 7 1 0 11 1 1 6 2 1 9 1 2 7 1 2 8 1 2 12 1 3 9 1 3 10 1 3 13 1 4 10 2 4 11 1 5 8 1 5 11 1 6 12 1 7 12 1 8 13 1 9 13 1
R 3451 42 63 6 444 3 4 5 4 5 0 2 5 4 2 1 3 0 1 2 1 2 3 0 3 5 0 2 4 3 5 2 3 1 0 2 5 3 1 0 4 3 0 2 4 1 0 0 1 2 1 2 3 3 0 1 4 5 0 4 3 5 4 5 4 2 5 1 | 14 19  0 5 1 0 7 1 0 11 1 1 6 1 1 9 1 1 13 1 2 7 1 2 8 2 3 9 2 3 10 1 4 10 1 4 11 1 4 12 1 5 8 1 5 11 1 6 12 1 6 13 1 7 13 1 10 12 1
R 3452 42 63 6 556 3 4 5 0 3 4 2 5 4 1 5 3 0 1 2 1 2 3 1 2 0 0 2 4 3 5 2 5 3 0 2 5 3 1 0 4 3 0 2 4 0 1 0 1 2 5 1 2 3 0 1 4 0 2 4 3 5 4 5 4 3 5 1 | 14 19  0 5 1 0 7 1 0 11 1 1 6 1 1 9 2 2 7 1 2 8 2 3 9 1 3 10 1 3 13 1 4 10 1 4 11 1 4 12 1 5 8 1 5 11 1 6 12 1 6 13 1 7 13 1 10 12 1
R 3453 42 63 6 121 3 4 5 0 1 2 4 1 5 3 4 5 2 0 1 1 2 3 2 3 0 0 4 2 2 1 5 1 0 4 4 0 3 0 3 1 0 2 4 2 1 4 0 1 2 4 3 5 3 0 2 2 1 0 4 5 3 4 5 1 5 5 3 | 14 21  0 5 1 0 7 1 0 9 1 1 6 1 1 9 1 1 11 1 2 7 1 2 8 1 2 10 1 3 11 1 3 12 1 3 13 1 4 11 1 4 12 1 4 13 1 5 8 1 5 9 1 6 10 1 6 13 1 7 10 1 8 12 1
R 3454 42 63 6 119 3 4 5 0 3 2 0 1 4 3 5 2 1 2 5 1 2 3 5 1 0 2 3 0 5 3 1 0 2 3 1 0 4 3 1 4 0 5 2 0 2 1 0 1 2 4 5 1 5 2 3 1 0 4 4 3 0 4 5 2 3 4 5 | 14 20  0 5 1 0 9 1 0 10 1 1 6 1 1 10 1 1 12 1 2 7 1 2 8 1 2 13 1 3 7 1 3 8 2 4 9 1 4 10 1 4 11 1 5 12 1 5 13 1 6 11 1 6 12 1 7 13 1 9 11 1
R 3455 42 63 6 475 3 4 5 0 5 4 2 0 3 1 4 5 0 1 2 1 2 3 3 2 5 3 4 0 4 1 2 2 0 3 1 0 4 3 1 0 0 1 2 1 2 3 0 1 2 1 2 3 1 5 4 2 0 3 4 3 5 5 4 4 0 5 5 | 14 20  0 5 1 0 9 1 0 10 1 1 6 1 1 11 1 1 12 1 2 7 1 2 8 1 2 13 1 3 7 1 3 8 2 4 9 1 4 10 1 4 11 1 5 10 1 5 11 1 6 12 1 6 13 1 7 13 1 9 12 1
R 3456 42 63 6 475 3 4 5 3 0 4 2 0 3 1 4 5 0 1 2 1 2 3 4 2 5 3 4 0 4 1 2 2 0 5 1 0 4 0 1 4 1 2 0 1 2 3 0 1 2 1 2 5 1 5 4 2 0 3 4 3 5 5 4 3 0 5 3 | 14 20  0 5 1 0 9 1 0 10 1 1 6 1 1 11 1 1 12 1 2 7 1 2 8 1 2 13 1 3 7 1 3 8 2 4 9 1 4 10 1 4 11 1 5 10 1 5 12 1 6 12 1 6 13 1 7 13 1 9 11 1
R 3457 42 63 6 580 3 4 5 4 5 0 0 1 4 3 5 2 1 2 5 1 2 3 1 0 3 2 3 0 5 3 1 0 2 3 3 0 5 2 1 4 0 1 2 0 2 1 0 1 2 2 1 3 5 2 3 1 0 4 4 0 3 4 5 4 5 4 5 | 14 20  0 5 1 0 9 1 0 10 1 1 6 1 1 10 1 1 11 1 2 7 1 2 8 1 2 13 1 3 7 1 3 8 2 4 9 1 4 11 1 4 12 1 5 12 1 5 13 1 6 10 1 6 12 1 7 13 1 9 11 1
R 3458 42 63 6 166 1 2 3 4 2 1 1 5 4 0 2 3 0 4 2 3 4 5 3 1 4 3 2 5 2 0 1 0 2 1 1 0 3 0 2 1 4 3 0 0 5 3 0 4 5 0 3 5 0 3 2 1 5 4 3 5 1 1 2 5 2 4 4 | 14 20  0 5 1 0 9 2 1 6 1 1 11 1 1 12 1 2 7 1 2 8 1 2 10 1 3 7 1 3 8 1 3 11 1 4 9 1 4 10 1 4 13 1 5 12 1 5 13 1 6 11 1 6 12 1 7 10 1 8 13 1
R 3459 42 63 6 13828 3 1 2 2 5 3 2 1 3 3 0 4 0 2 3 0 2 1 1 3 4 4 5 2 1 0 2 3 4 5 2 0 1 1 0 3 4 0 5 4 0 1 4 5 0 0 4 1 0 4 5 1 5 2 1 4 5 3 5 2 3 3 2 | 14 20  0 5 2 0 9 1 1 6 1 1 11 1 1 12 1 2 7 1 2 8 1 2 10 1 3 7 1 3 8 1 3 11 1 4 9 1 4 10 1 4 13 1 5 12 1 6 11 1 6 12 1 7 10 1 8 13 1 9 13 1
R 3460 42 63 NOT6 B chi=7 | 14 20  0 5 1 0 9 1 0 12 1 1 6 2 1 12 1 2 7 1 2 8 1 2 10 1 3 7 1 3 8 1 3 11 1 4 9 1 4 10 1 4 13 1 5 11 1 5 13 1 6 12 1 7 10 1 8 11 1 9 13 1
R 3461 42 63 6 B 0 5 2 3 5 0 1 2 3 0 4 3 5 3 4 3 2 5 4 1 5 3 0 5 4 2 1 0 1 4 0 4 3 1 5 4 5 2 1 4 2 3 4 1 3 2 4 1 4 0 5 1 5 2 2 1 0 0 3 0 2 3 5 | 14 20  0 5 2 0 9 1 1 6 1 1 12 1 1 13 1 2 7 1 2 8 1 2 10 1 3 7 1 3 8 1 3 11 1 4 9 1 4 10 1 4 12 1 5 11 1 6 12 1 6 13 1 7 10 1 8 11 1 9 13 1
R 3462 42 63 6 483 3 4 5 0 4 2 2 0 3 1 4 5 1 2 0 1 2 3 3 1 4 3 4 0 4 1 2 0 2 3 1 0 4 3 0 2 4 1 0 2 1 3 0 1 2 5 3 1 1 5 4 2 0 3 4 5 3 4 5 2 0 5 5 | 14 20  0 5 1 0 9 1 0 10 1 1 6 1 1 10 1 1 11 1 2 7 1 2 8 1 2 13 1 3 7 1 3 8 2 4 9 1 4 11 1 4 12 1 5 11 1 5 12 1 6 12 1 6 13 1 7 13 1 9 10 1
R 3463 42 63 6 714 3 4 5 1 5 2 2 0 1 4 0 3 0 5 2 1 2 3 4 0 1 1 4 2 3 5 2 0 2 3 1 3 5 1 5 0 2 4 3 1 3 4 0 1 2 3 4 0 3 4 5 5 2 1 1 4 3 4 5 5 2 0 0 | 14 21  0 5 1 0 9 1 0 10 1 1 6 1 1 9 1 1 13 1 2 7 1 2 8 1 2 9 1 3 7 1 3 11 1 3 12 1 4 8 1 4 10 1 4 11 1 5 11 1 5 13 1 6 12 1 6 13 1 7 10 1 8 12 1
R 3464 42 63 6 63 3 4 5 1 5 2 2 0 1 0 3 1 0 4 2 1 2 3 0 2 4 1 5 2 3 0 5 0 2 3 1 3 4 0 1 2 3 1 4 0 4 3 0 1 2 3 4 0 3 4 5 4 2 5 1 5 3 4 5 5 1 0 2 | 14 21  0 5 1 0 9 1 0 10 1 1 6 1 1 9 1 1 12 1 2 7 1 2 8 1 2 9 1 3 7 1 3 12 1 3 13 1 4 8 1 4 10 1 4 11 1 5 11 1 5 12 1 6 11 1 6 13 1 7 10 1 8 13 1
R 3465 42 63 6 760 3 4 5 1 5 2 2 0 1 4 0 3 3 5 2 1 2 3 4 0 1 1 4 2 0 5 2 0 2 3 1 3 5 5 1 0 4 2 3 1 3 4 0 1 2 3 4 0 3 4 5 5 2 1 1 4 0 4 5 5 2 0 3 | 14 21  0 5 1 0 9 1 0 10 1 1 6 1 1 9 1 1 13 1 2 7 1 2 8 1 2 9 1 3 7 1 3 11 1 3 12 1 4 8 1 4 10 1 4 12 1 5 11 1 5 13 1 6 12 1 6 13 1 7 10 1 8 11 1
R 3466 42 63 6 74 3 4 5 0 3 2 0 1 2 0 3 1 0 5 1 1 2 3 5 2 0 4 5 1 3 1 2 0 2 3 1 3 4 2 5 3 5 0 2 0 4 1 0 1 2 4 5 1 3 5 4 2 5 4 4 3 2 4 5 1 3 0 0 | 14 21  0 5 1 0 9 1 0 10 1 1 6 1 1 10 1 1 12 1 2 7 1 2 8 1 2 9 1 3 7 1 3 9 1 3 11 1 4 8 1 4 12 1 4 13 1 5 12 1 5 13 1 6 11 1 6 13 1 7 10 1 8 11 1
R 3467 42 63 6 95 3 4 5 0 2 1 0 1 2 0 3 1 0 4 2 1 2 3 3 5 0 4 5 1 1 4 2 0 2 3 1 3 4 2 3 0 0 5 2 4 1 3 0 1 2 4 5 3 3 5 4 2 5 4 3 5 1 4 5 1 2 0 0 | 14 21  0 5 1 0 9 1 0 10 1 1 6 1 1 11 1 1 12 1 2 7 1 2 8 1 2 9 1 3 7 1 3 9 1 3 11 1 4 8 1 4 10 1 4 11 1 5 12 1 5 13 1 6 12 1 6 13 1 7 10 1 8 13 1
R 3468 42 63 6 57 3 4 5 0 2 4 0 1 2 0 3 1 0 1 2 1 2 3 4 3 0 4 5 1 3 1 2 0 2 3 1 3 4 2 3 5 0 5 2 0 4 1 0 1 2 5 1 3 3 5 4 2 5 4 4 5 3 4 5 1 2 0 0 | 14 21  0 5 1 0 9 1 0 10 1 1 6 1 1 11 1 1 12 1 2 7 1 2 8 1 2 9 1 3 7 1 3 9 1 3 11 1 4 8 1 4 10 1 4 13 1 5 12 1 5 13 1 6 12 1 6 13 1 7 10 1 8 11 1
R 3469 42 63 6 177 3 4 5 2 5 0 0 1 2 0 3 1 0 4 2 1 2 3 0 4 5 4 5 1 1 4 2 0 2 3 5 2 3 1 3 5 0 1 2 4 1 0 0 1 2 1 4 3 3 5 4 2 5 4 3 1 5 4 5 3 2 0 0 | 14 21  0 5 1 0 9 1 0 11 1 1 6 1 1 11 1 1 13 1 2 7 1 2 8 1 2 9 1 3 7 1 3 9 1 3 10 1 4 8 1 4 10 1 4 12 1 5 12 1 5 13 1 6 12 1 6 13 1 7 10 1 8 11 1
R 3470 42 63 6 173 3 4 5 4 2 0 0 1 2 0 3 1 0 5 2 1 2 3 0 3 5 4 5 1 1 4 2 0 2 3 5 2 3 2 1 5 0 3 1 3 0 1 0 1 2 1 3 5 3 5 4 2 5 4 3 1 4 4 5 2 4 0 0 | 14 21  0 5 1 0 9 1 0 13 1 1 6 1 1 11 1 1 13 1 2 7 1 2 8 1 2 9 1 3 7 1 3 9 1 3 10 1 4 8 1 4 10 1 4 12 1 5 11 1 5 12 1 6 12 1 6 13 1 7 10 1 8 11 1
R 3471 42 63 6 148 3 4 5 0 5 2 0 1 2 0 4 1 4 3 5 1 2 3 3 2 0 5 4 1 1 3 2 0 2 3 1 0 5 0 2 5 3 4 0 4 2 3 0 1 2 4 3 1 3 5 4 2 5 3 0 2 1 4 5 1 5 0 4 | 14 21  0 5 1 0 9 1 0 10 1 1 6 1 1 10 1 1 12 1 2 7 1 2 8 1 2 9 1 3 7 1 3 9 1 3 11 1 4 8 1 4 12 1 4 13 1 5 11 1 5 12 1 6 11 1 6 13 1 7 13 1 8 10 1
R 3472 42 63 6 90 3 4 5 4 2 0 0 3 2 5 1 2 0 4 1 1 2 3 0 3 1 2 1 0 3 4 2 1 4 3 0 2 3 2 5 0 4 1 3 1 0 5 0 1 2 5 1 3 4 1 5 3 0 4 5 2 3 4 5 2 4 5 0 | 14 21  0 5 1 0 10 1 0 13 1 1 6 1 1 11 1 1 13 1 2 7 1 2 8 1 2 9 1 3 7 1 3 9 1 3 10 1 4 8 1 4 9 1 4 11 1 5 11 1 5 12 1 6 12 1 6 13 1 7 10 1 8 12 1
R 3473 42 63 6 1690 3 4 5 1 0 2 1 4 0 1 2 4 1 5 3 1 2 3 2 4 0 0 5 4 4 5 0 0 2 5 0 1 4 3 5 2 0 3 2 2 3 4 0 1 2 5 3 4 2 3 5 3 0 5 2 4 0 4 5 3 1 1 1 | 14 21  0 5 1 0 9 1 0 10 1 1 6 1 1 9 1 1 11 1 2 7 1 2 8 1 2 13 1 3 7 1 3 11 1 3 12 1 4 8 1 4 12 1 4 13 1 5 9 1 5 10 1 6 10 1 6 11 1 7 12 1 8 13 1
R 3474 42 63 6 124 3 4 5 0 4 2 0 1 2 3 4 2 1 5 0 1 2 3 3 1 0 2 3 0 3 1 4 0 2 5 1 0 4 3 1 2 1 2 5 0 3 4 0 1 2 5 3 1 4 5 3 1 5 0 2 4 3 4 5 4 2 5 0 | 14 21  0 5 1 0 9 1 0 10 1 1 6 1 1 10 1 1 13 1 2 7 1 2 8 1 2 9 1 3 7 1 3 10 1 3 11 1 4 8 1 4 11 1 4 12 1 5 9 1 5 13 1 6 12 1 6 13 1 7 11 1 8 12 1
R 3475 42 63 6 90 3 4 5 0 3 1 0 1 2 3 4 2 0 4 5 1 2 3 1 2 0 2 3 0 3 4 1 0 2 5 0 1 4 3 2 1 2 3 5 0 4 1 0 1 2 5 4 2 4 5 3 1 5 0 2 3 1 4 5 4 3 5 0 | 14 21  0 5 1 0 9 1 0 10 1 1 6 1 1 11 1 1 13 1 2 7 1 2 8 1 2 9 1 3 7 1 3 10 1 3 11 1 4 8 1 4 10 1 4 12 1 5 9 1 5 13 1 6 12 1 6 13 1 7 11 1 8 12 1
R 3476 42 63 6 186 3 4 5 2 5 4 0 1 2 3 4 2 2 5 0 1 2 3 0 1 5 2 3 0 3 4 0 0 2 5 0 1 4 3 1 2 1 5 3 0 3 4 0 1 2 3 0 1 4 5 3 1 5 0 1 3 4 4 5 4 2 5 2 | 14 21  0 5 1 0 9 1 0 10 1 1 6 1 1 11 1 1 13 1 2 7 1 2 8 1 2 9 1 3 7 1 3 10 1 3 12 1 4 8 1 4 10 1 4 11 1 5 9 1 5 13 1 6 12 1 6 13 1 7 11 1 8 12 1
R 3477 42 63 6 1242 3 4 5 0 1 2 0 1 2 3 4 1 3 5 1 1 2 3 2 5 0 2 3 1 4 3 2 0 2 5 1 0 4 0 3 4 0 2 1 3 0 4 0 1 2 4 3 5 4 5 3 0 2 5 0 4 2 4 5 1 3 5 1 | 14 21  0 5 1 0 9 1 0 10 1 1 6 1 1 10 1 1 11 1 2 7 1 2 8 1 2 9 1 3 7 1 3 11 1 3 13 1 4 8 1 4 12 1 4 13 1 5 9 1 5 12 1 6 11 1 6 12 1 7 10 1 8 13 1
R 3478 42 63 6 57 3 4 5 0 2 1 0 3 5 1 0 2 0 1 2 1 2 3 4 5 0 2 5 3 3 1 5 0 2 5 1 0 4 3 2 1 3 4 2 0 3 1 0 1 2 3 4 5 1 2 4 4 3 5 4 3 5 4 5 1 2 0 0 | 14 21  0 5 1 0 9 1 0 10 1 1 6 1 1 11 1 1 13 1 2 7 1 2 8 1 2 13 1 3 7 1 3 9 1 3 11 1 4 8 1 4 10 1 4 12 1 5 9 1 5 10 1 6 12 1 6 13 1 7 11 1 8 12 1
R 3479 42 63 6 2041 3 4 5 3 5 1 5 1 2 0 3 1 0 4 2 1 2 3 4 2 5 2 0 1 1 3 2 0 2 3 0 1 5 3 2 0 0 5 1 0 3 4 0 1 2 0 4 2 3 0 4 4 5 2 5 3 1 4 5 3 1 5 4 | 14 21  0 5 1 0 9 1 0 10 1 1 6 1 1 10 1 1 13 1 2 7 1 2 8 1 2 9 1 3 7 1 3 11 1 3 12 1 4 8 1 4 10 1 4 11 1 5 11 1 5 13 1 6 12 1 6 13 1 7 9 1 8 12 1
R 3480 42 63 6 320 3 4 5 5 0 4 5 1 2 0 3 2 1 0 2 1 2 3 4 1 5 2 0 1 3 1 2 0 2 3 1 0 3 0 3 5 5 3 2 1 4 0 0 1 2 3 2 1 3 0 4 4 5 1 5 4 3 4 5 0 2 5 4 | 14 21  0 5 1 0 9 1 0 10 1 1 6 1 1 11 1 1 12 1 2 7 1 2 8 1 2 9 1 3 7 1 3 10 1 3 11 1 4 8 1 4 10 1 4 13 1 5 12 1 5 13 1 6 12 1 6 13 1 7 9 1 8 11 1
R 3481 42 63 6 101 3 4 5 0 1 2 1 4 2 0 3 1 0 5 1 1 2 3 2 3 5 5 3 1 4 0 2 0 4 5 1 0 4 5 3 1 3 0 2 0 4 3 0 1 2 4 3 5 0 5 3 4 2 5 3 4 2 5 4 0 1 2 1 | 14 21  0 5 1 0 9 1 0 10 1 1 6 1 1 10 1 1 12 1 2 7 1 2 8 1 2 9 1 3 7 1 3 11 1 3 13 1 4 8 1 4 12 1 4 13 1 5 10 1 5 11 1 6 11 1 6 12 1 7 9 1 8 13 1
R 3482 42 63 6 283 3 4 5 3 1 5 3 2 4 0 1 5 0 1 2 1 2 3 5 2 4 4 1 5 2 0 3 0 4 3 1 0 4 1 0 3 0 2 1 0 3 5 0 1 2 0 4 2 0 1 5 3 2 4 4 3 5 5 4 3 1 2 5 | 14 21  0 5 1 0 9 1 0 10 1 1 6 1 1 11 1 1 13 1 2 7 1 2 8 1 2 9 1 3 7 1 3 11 1 3 12 1 4 8 1 4 10 1 4 11 1 5 10 1 5 13 1 6 12 1 6 13 1 7 9 1 8 12 1
R 3483 42 63 6 63 3 4 5 0 2 4 5 1 2 0 3 1 0 5 4 1 2 3 1 5 2 2 0 1 4 1 2 0 2 3 1 0 3 3 0 2 1 3 4 0 4 3 0 1 2 3 5 1 3 0 4 4 5 2 3 2 1 4 5 4 0 5 5 | 14 21  0 5 1 0 9 1 0 10 1 1 6 1 1 10 1 1 11 1 2 7 1 2 8 1 2 9 1 3 7 1 3 11 1 3 13 1 4 8 1 4 12 1 4 13 1 5 11 1 5 12 1 6 10 1 6 12 1 7 9 1 8 13 1
R 3484 42 63 6 63 3 4 5 1 2 3 5 1 2 0 3 5 0 4 2 1 2 3 4 0 1 2 0 1 1 4 2 0 2 3 0 1 5 1 5 4 0 3 5 0 2 4 0 1 2 5 4 0 3 0 4 4 2 1 5 3 1 4 5 2 3 5 3 | 14 21  0 5 1 0 9 1 0 10 1 1 6 1 1 10 1 1 11 1 2 7 1 2 8 1 2 9 1 3 7 1 3 11 1 3 13 1 4 8 1 4 11 1 4 12 1 5 12 1 5 13 1 6 12 1 6 13 1 7 9 1 8 10 1
R 3485 42 63 6 3382 3 4 5 4 5 0 5 1 2 0 3 1 4 0 2 1 2 3 3 2 4 2 0 1 1 3 2 0 2 3 1 0 5 3 2 0 4 0 1 4 3 1 0 1 2 1 3 2 3 0 4 4 5 2 5 1 3 4 5 5 0 5 4 | 14 21  0 5 1 0 9 1 0 10 1 1 6 1 1 10 1 1 13 1 2 7 1 2 8 1 2 9 1 3 7 1 3 11 1 3 12 1 4 8 1 4 11 1 4 12 1 5 11 1 5 13 1 6 12 1 6 13 1 7 9 1 8 10 1
R 3486 42 63 6 2998 3 4 5 0 4 1 5 1 2 0 3 2 0 1 4 1 2 3 1 2 5 2 0 1 4 3 2 0 2 3 3 0 4 5 3 4 1 0 2 0 3 1 0 1 2 3 5 2 3 0 4 4 1 5 5 3 2 4 5 0 4 5 1 | 14 21  0 5 1 0 9 1 0 10 1 1 6 1 1 10 1 1 11 1 2 7 1 2 8 1 2 9 1 3 7 1 3 11 1 3 12 1 4 8 1 4 12 1 4 13 1 5 12 1 5 13 1 6 11 1 6 13 1 7 9 1 8 10 1
R 3487 42 63 6 117 3 4 5 2 5 4 3 0 4 1 0 2 0 1 2 1 2 3 4 0 5 4 1 3 2 0 3 4 2 5 1 0 2 1 0 4 3 1 0 2 1 4 0 1 2 1 3 0 2 1 5 5 3 4 4 3 5 4 5 2 3 0 5 | 14 21  0 5 1 0 9 1 0 11 1 1 6 1 1 10 1 1 13 1 2 7 1 2 8 1 2 10 1 3 7 1 3 9 1 3 12 1 4 8 1 4 11 1 4 12 1 5 10 1 5 11 1 6 12 1 6 13 1 7 9 1 8 13 1
R 3488 42 63 6 167 3 4 5 2 0 4 1 4 3 4 2 1 0 1 2 1 2 3 1 3 0 0 2 1 2 5 3 2 0 3 1 0 5 1 0 4 3 0 2 3 5 4 0 1 2 5 3 1 5 0 2 3 5 0 4 3 5 4 5 4 2 4 1 | 14 21  0 5 1 0 9 1 0 11 1 1 6 1 1 10 1 1 13 1 2 7 1 2 8 1 2 10 1 3 7 1 3 9 1 3 13 1 4 8 1 4 11 1 4 12 1 5 10 1 5 11 1 6 12 1 6 13 1 7 9 1 8 12 1
R 3489 42 63 6 184 3 4 5 3 4 5 3 5 1 1 2 0 0 1 2 1 2 3 5 2 1 0 1 3 2 5 3 2 0 4 1 0 3 2 0 5 1 0 4 3 2 0 0 1 2 0 2 1 2 0 4 4 3 5 4 3 5 4 5 4 3 5 1 | 14 21  0 5 1 0 9 1 0 12 1 1 6 1 1 10 1 1 11 1 2 7 1 2 8 1 2 13 1 3 7 1 3 9 1 3 10 1 4 8 1 4 12 1 4 13 1 5 11 1 5 12 1 6 10 1 6 11 1 7 9 1 8 13 1
R 3490 42 63 6 79 3 4 5 0 1 4 5 0 4 5 2 0 1 3 2 1 2 3 3 4 1 4 1 0 2 3 5 0 2 3 1 2 0 1 2 4 3 0 2 1 0 3 0 1 2 2 3 5 2 1 3 3 1 4 0 4 5 4 5 0 5 5 4 | 14 21  0 5 1 0 9 1 0 13 1 1 6 1 1 10 1 1 12 1 2 7 1 2 8 1 2 11 1 3 7 1 3 12 1 3 13 1 4 8 1 4 9 1 4 10 1 5 10 1 5 11 1 6 11 1 6 13 1 7 9 1 8 12 1
R 3491 42 63 6 108 3 4 5 1 0 4 0 1 5 2 5 1 1 3 2 1 2 3 3 4 0 3 4 1 2 3 5 0 2 3 0 2 4 1 2 0 0 1 3 0 2 4 0 1 2 2 5 3 2 4 3 0 4 3 0 4 5 4 5 1 5 5 1 | 14 21  0 5 1 0 9 1 0 12 1 1 6 1 1 10 1 1 11 1 2 7 1 2 8 1 2 10 1 3 7 1 3 12 1 3 13 1 4 8 1 4 9 1 4 11 1 5 11 1 5 13 1 6 10 1 6 12 1 7 9 1 8 13 1
R 3492 42 63 6 62 3 4 5 2 3 5 2 0 1 3 4 2 0 5 1 1 2 3 0 1 2 1 4 2 4 0 1 2 0 3 1 3 4 3 5 0 0 1 4 2 0 3 0 1 2 4 0 1 3 5 4 0 5 1 3 4 2 4 5 3 5 5 2 | 14 21  0 5 1 0 9 1 0 12 1 1 6 1 1 10 1 1 13 1 2 7 1 2 8 1 2 13 1 3 7 1 3 10 1 3 11 1 4 8 1 4 9 1 4 11 1 5 11 1 5 12 1 6 12 1 6 13 1 7 9 1 8 10 1
R 3493 42 63 6 181 3 4 5 1 3 2 2 4 3 0 1 2 3 0 1 1 2 3 5 4 3 5 0 2 1 0 4 2 1 5 0 2 3 0 1 2 3 0 4 4 0 1 0 1 2 0 4 5 1 5 0 4 5 3 2 4 5 4 5 1 2 3 3 | 14 21  0 5 1 0 10 1 0 12 1 1 6 1 1 10 1 1 11 1 2 7 1 2 8 1 2 9 1 3 7 1 3 12 1 3 13 1 4 8 1 4 9 1 4 10 1 5 11 1 5 13 1 6 12 1 6 13 1 7 9 1 8 11 1
R 3494 42 63 6 63 3 4 5 1 5 2 1 4 3 1 0 2 2 0 1 1 2 3 4 0 1 2 5 4 5 0 4 0 2 3 0 2 3 0 1 3 0 2 3 1 3 4 0 1 2 3 4 0 0 2 5 3 4 5 3 4 5 4 5 5 2 1 1 | 14 21  0 5 1 0 10 1 0 11 1 1 6 1 1 11 1 1 13 1 2 7 1 2 8 1 2 9 1 3 7 1 3 10 1 3 11 1 4 8 1 4 9 1 4 10 1 5 12 1 5 13 1 6 12 1 6 13 1 7 9 1 8 12 1
R 3495 42 63 6 84 3 4 5 3 2 0 0 4 1 1 3 2 2 0 1 1 2 3 0 5 4 2 5 4 4 2 1 5 0 3 0 2 3 1 3 4 0 1 2 1 3 0 0 1 2 1 5 4 3 5 2 0 4 5 3 4 5 4 5 3 2 1 0 | 14 21  0 5 1 0 10 1 0 11 1 1 6 1 1 11 1 1 13 1 2 7 1 2 8 1 2 9 1 3 7 1 3 10 1 3 12 1 4 8 1 4 9 1 4 10 1 5 12 1 5 13 1 6 12 1 6 13 1 7 9 1 8 11 1
R 3496 42 63 6 90 3 4 5 0 2 5 0 2 3 1 2 3 5 1 2 1 2 3 4 5 0 3 5 0 2 1 0 1 4 3 0 2 3 1 0 4 5 1 2 0 3 1 0 1 2 1 3 4 1 4 5 4 5 0 3 0 4 4 5 3 2 2 5 | 14 21  0 5 1 0 10 1 0 11 1 1 6 1 1 11 1 1 13 1 2 7 1 2 8 1 2 9 1 3 7 1 3 11 1 3 12 1 4 8 1 4 9 1 4 10 1 5 12 1 5 13 1 6 12 1 6 13 1 7 9 1 8 10 1
R 3497 42 63 6 307 3 4 5 5 4 3 3 4 2 0 1 2 0 3 1 1 2 3 2 1 5 2 0 3 4 0 1 3 1 2 0 2 4 1 0 4 0 1 3 5 2 0 0 1 2 0 2 1 1 5 0 4 3 5 2 4 5 5 4 4 3 5 3 | 14 21  0 5 1 0 10 1 0 11 1 1 6 1 1 12 1 1 13 1 2 7 1 2 8 1 2 9 1 3 7 1 3 11 1 3 12 1 4 8 1 4 9 1 4 10 1 5 11 1 5 13 1 6 12 1 6 13 1 7 9 1 8 10 1
R 3498 42 63 6 106 3 4 5 3 1 4 3 4 5 2 0 1 1 4 0 1 2 3 0 4 2 1 0 3 0 2 3 2 1 4 3 0 1 2 4 5 0 1 4 0 3 5 0 1 2 5 0 2 2 1 0 4 5 3 5 3 2 5 4 3 1 5 4 | 14 21  0 5 1 0 11 1 0 12 1 1 6 1 1 11 1 1 13 1 2 7 1 2 8 1 2 9 1 3 7 1 3 10 1 3 11 1 4 8 1 4 9 1 4 10 1 5 12 1 5 13 1 6 12 1 6 13 1 7 9 1 8 10 1
R 3499 42 63 6 62 3 4 5 2 5 4 2 1 3 1 3 0 4 0 1 1 2 3 1 4 2 0 3 2 1 0 2 3 4 0 2 4 5 1 0 4 2 0 5 0 1 4 0 1 2 0 3 1 5 4 0 4 5 2 5 2 3 4 5 5 3 1 3 | 14 21  0 5 1 0 10 1 0 13 1 1 6 1 1 11 1 1 12 1 2 7 1 2 8 1 2 10 1 3 7 1 3 9 1 3 11 1 4 8 1 4 9 1 4 10 1 5 12 1 5 13 1 6 11 1 6 12 1 7 9 1 8 13 1
R 3500 42 63 6 2397 3 4 5 1 5 4 1 3 2 1 0 2 0 1 5 1 2 3 3 4 2 2 5 3 3 0 5 3 0 2 0 2 4 0 2 4 0 3 5 1 0 4 0 1 2 0 3 2 0 4 5 4 5 3 2 4 3 4 5 5 1 1 1 | 14 21  0 5 1 0 10 1 0 13 1 1 6 1 1 11 1 1 12 1 2 7 1 2 8 1 2 10 1 3 7 1 3 9 1 3 13 1 4 8 1 4 9 1 4 10 1 5 12 1 5 13 1 6 11 1 6 12 1 7 9 1 8 11 1
R 3501 42 63 6 77 3 4 5 0 1 2 1 3 2 0 3 2 1 0 4 1 2 3 3 5 1 2 0 1 3 4 2 0 2 5 1 0 4 3 1 0 5 4 2 4 0 3 0 1 2 4 3 5 4 0 5 5 4 1 5 2 3 4 5 0 2 3 1 | 14 21  0 5 1 0 9 1 0 10 1 1 6 1 1 10 1 1 13 1 2 7 1 2 8 1 2 10 1 3 7 1 3 11 1 3 12 1 4 8 1 4 11 1 4 12 1 5 9 1 5 11 1 6 12 1 6 13 1 7 9 1 8 13 1
R 3502 42 63 6 57 3 4 5 0 1 2 1 3 2 0 3 1 0 5 4 1 2 3 3 2 5 2 0 1 4 3 2 0 2 5 1 0 4 3 0 2 1 3 4 0 4 1 0 1 2 4 3 5 4 0 5 5 4 2 1 2 3 4 5 1 0 3 5 | 14 21  0 5 1 0 9 1 0 10 1 1 6 1 1 10 1 1 11 1 2 7 1 2 8 1 2 10 1 3 7 1 3 11 1 3 13 1 4 8 1 4 12 1 4 13 1 5 9 1 5 12 1 6 11 1 6 12 1 7 9 1 8 13 1
R 3503 42 63 6 158 3 4 5 0 1 2 1 3 2 0 3 1 4 3 5 1 2 3 5 2 0 2 0 1 5 3 2 0 2 5 1 0 4 3 5 1 0 2 1 0 3 4 0 1 2 4 3 5 4 0 5 5 2 4 1 0 2 4 5 3 1 3 4 | 14 21  0 5 1 0 9 1 0 10 1 1 6 1 1 10 1 1 13 1 2 7 1 2 8 1 2 10 1 3 7 1 3 11 1 3 12 1 4 8 1 4 11 1 4 13 1 5 9 1 5 12 1 6 12 1 6 13 1 7 9 1 8 11 1
R 3504 42 63 6 161 3 4 5 4 5 2 1 3 2 0 3 1 0 1 2 1 2 3 3 1 4 2 0 1 3 5 2 0 2 5 0 1 4 3 4 0 0 1 2 4 3 0 0 1 2 0 3 1 4 0 5 5 2 4 4 3 5 4 5 5 2 3 1 | 14 21  0 5 1 0 9 1 0 10 1 1 6 1 1 12 1 1 13 1 2 7 1 2 8 1 2 10 1 3 7 1 3 11 1 3 12 1 4 8 1 4 10 1 4 11 1 5 9 1 5 13 1 6 12 1 6 13 1 7 9 1 8 11 1
R 3505 42 63 6 60 3 4 5 0 5 2 1 3 2 0 3 1 0 4 2 1 2 3 2 1 4 2 0 1 3 4 1 0 2 5 0 1 4 1 3 0 4 3 5 0 2 3 0 1 2 3 4 1 4 0 5 5 2 4 5 3 1 4 5 0 5 3 2 | 14 21  0 5 1 0 9 1 0 10 1 1 6 1 1 11 1 1 12 1 2 7 1 2 8 1 2 10 1 3 7 1 3 12 1 3 13 1 4 8 1 4 10 1 4 13 1 5 9 1 5 11 1 6 12 1 6 13 1 7 9 1 8 11 1
R 3506 42 63 6 63 3 4 5 2 3 0 1 4 5 2 3 4 0 1 2 1 2 3 0 1 3 0 2 5 4 3 2 0 3 5 1 3 2 1 0 4 4 0 1 0 1 2 0 1 2 4 1 5 0 2 3 1 0 5 4 3 5 4 5 2 5 3 4 | 14 19  0 5 1 0 7 1 0 11 1 1 6 1 1 8 2 2 8 1 2 9 1 2 13 1 3 9 1 3 10 2 4 10 1 4 11 1 4 12 1 5 7 1 5 11 1 6 12 1 6 13 1 7 12 1 9 13 1
R 3507 42 63 6 216 3 4 5 2 3 0 1 4 5 2 3 4 0 1 2 1 2 3 1 0 3 0 2 5 2 4 0 0 3 5 1 3 2 1 0 4 4 0 1 3 1 2 0 1 2 4 5 1 3 2 0 1 0 5 4 3 5 4 5 2 3 5 4 | 14 19  0 5 1 0 7 1 0 11 1 1 6 2 1 8 1 2 8 1 2 9 1 2 13 1 3 9 1 3 10 2 4 10 1 4 11 1 4 12 1 5 7 1 5 11 1 6 12 1 7 12 1 8 13 1 9 13 1
R 3508 42 63 6 1076 3 4 5 2 3 5 1 0 4 2 3 5 0 1 2 1 2 3 0 1 3 0 2 5 4 0 2 5 3 1 2 0 5 1 0 4 4 0 1 2 1 4 0 1 2 4 1 0 3 5 2 0 4 1 4 3 5 4 5 2 5 3 3 | 14 19  0 5 1 0 7 1 0 11 1 1 6 1 1 8 1 1 13 1 2 8 2 2 9 1 3 9 2 3 10 1 4 10 1 4 11 1 4 12 1 5 7 1 5 11 1 6 12 1 6 13 1 7 12 1 10 13 1
R 3509 42 63 6 191 3 4 5 2 3 0 1 4 3 5 2 4 0 1 2 1 2 3 0 1 3 0 2 5 4 3 2 4 2 1 5 0 2 1 0 4 4 0 1 0 1 4 0 1 2 4 1 5 0 5 2 0 3 1 4 3 5 4 5 2 5 3 3 | 14 19  0 5 1 0 7 1 0 11 1 1 6 1 1 8 2 2 8 1 2 9 1 2 13 1 3 9 2 3 10 1 4 10 1 4 11 1 4 12 1 5 7 1 5 11 1 6 12 1 6 13 1 7 12 1 10 13 1
R 3510 42 63 6 82 3 4 5 3 1 4 1 2 3 0 2 4 0 1 2 1 2 3 2 4 1 0 2 5 0 5 3 4 2 1 3 0 5 1 0 4 0 4 2 0 4 1 0 1 2 0 5 2 4 0 5 3 5 1 4 3 5 4 5 3 3 1 2 | 14 19  0 5 1 0 7 1 0 11 1 1 6 2 1 8 1 2 8 1 2 9 1 2 12 1 3 9 2 3 10 1 4 10 1 4 11 1 4 13 1 5 7 1 5 11 1 6 12 1 7 13 1 8 12 1 10 13 1
R 3511 42 63 6 57 3 4 5 2 4 3 1 0 4 2 1 3 0 1 2 1 2 3 1 3 5 0 2 5 4 0 2 3 1 0 2 5 3 1 0 4 3 0 2 0 1 4 0 1 2 0 1 5 3 5 2 4 5 0 4 3 5 4 5 4 2 3 1 | 14 19  0 5 1 0 7 1 0 11 1 1 6 1 1 8 1 1 13 1 2 8 2 2 9 1 3 9 2 3 10 1 4 10 1 4 11 1 4 12 1 5 7 1 5 11 1 6 12 1 6 13 1 7 13 1 10 12 1
R 3512 42 63 6 104 3 4 5 1 2 0 3 5 4 1 2 3 0 1 2 1 2 3 0 3 1 0 2 5 5 2 1 0 5 3 2 5 3 1 0 4 3 0 2 0 1 4 0 1 2 5 3 4 0 1 2 4 0 5 4 3 5 4 5 4 2 3 1 | 14 19  0 5 1 0 7 1 0 11 1 1 6 1 1 8 2 2 8 1 2 9 2 3 9 1 3 10 1 3 13 1 4 10 1 4 11 1 4 12 1 5 7 1 5 11 1 6 12 1 6 13 1 7 13 1 10 12 1
R 3513 42 63 6 232 3 4 5 4 1 5 0 3 4 2 1 3 0 1 2 1 2 3 3 5 1 0 2 5 2 0 5 3 1 0 2 5 3 1 0 4 3 0 2 0 2 1 0 1 2 0 2 3 1 2 5 4 5 0 4 3 5 4 5 4 3 4 1 | 14 19  0 5 1 0 7 1 0 11 1 1 6 2 1 8 1 2 8 1 2 9 1 2 13 1 3 9 2 3 10 1 4 10 1 4 11 1 4 12 1 5 7 1 5 11 1 6 12 1 7 13 1 8 13 1 10 12 1
R 3514 42 63 6 232 3 4 5 1 2 5 0 2 3 1 2 3 0 2 4 1 2 3 0 3 1 0 2 5 3 2 1 4 5 3 1 0 4 2 0 1 0 4 3 0 1 4 0 1 2 4 0 3 4 5 1 0 4 5 3 5 1 4 5 2 5 3 2 | 14 20  0 5 1 0 7 1 0 10 1 1 6 1 1 8 1 1 13 1 2 8 2 2 9 1 3 9 1 3 11 1 3 12 1 4 10 1 4 11 1 4 12 1 5 7 1 5 10 1 6 12 1 6 13 1 7 11 1 9 13 1
R 3515 42 63 6 121 3 4 5 1 2 5 3 0 2 1 0 3 0 2 4 1 2 3 5 3 1 0 2 5 2 0 1 3 5 4 1 0 4 2 0 1 2 1 3 3 0 5 0 1 2 0 3 4 4 5 1 2 4 5 3 5 1 4 5 4 2 3 0 | 14 20  0 5 1 0 7 1 0 10 1 1 6 1 1 8 1 1 13 1 2 8 2 2 9 1 3 9 1 3 11 1 3 12 1 4 10 1 4 11 1 4 13 1 5 7 1 5 10 1 6 12 1 6 13 1 7 11 1 9 12 1
R 3516 42 63 6 85 3 4 5 2 5 4 0 3 2 1 0 3 0 2 4 1 2 3 0 1 5 0 2 5 3 5 2 3 5 4 1 0 4 2 0 1 2 1 3 0 4 3 0 1 2 3 0 1 4 1 5 2 4 5 3 5 1 4 5 4 2 3 0 | 14 20  0 5 1 0 7 1 0 10 1 1 6 1 1 8 2 2 8 1 2 9 1 2 13 1 3 9 1 3 11 1 3 12 1 4 10 1 4 11 1 4 13 1 5 7 1 5 10 1 6 12 1 6 13 1 7 11 1 9 12 1
R 3517 42 63 6 521 3 4 5 2 3 5 1 5 2 0 3 2 4 1 5 1 2 3 5 4 0 0 2 5 0 1 2 5 1 2 0 1 3 3 1 4 1 4 0 4 2 5 0 1 2 1 4 0 3 4 0 4 5 1 0 3 2 4 5 2 3 3 5 | 14 20  0 5 1 0 7 1 0 10 1 1 6 1 1 8 1 1 13 1 2 8 1 2 10 1 2 11 1 3 9 1 3 10 1 3 13 1 4 9 2 4 11 1 5 7 1 5 11 1 6 12 1 6 13 1 7 12 1 8 12 1
R 3518 42 63 6 82 3 4 5 2 4 3 1 0 2 0 1 2 0 3 4 1 2 3 0 5 3 0 2 5 1 4 2 4 2 5 0 1 3 3 0 1 2 0 1 1 3 4 0 1 2 1 0 5 3 4 5 3 5 4 1 2 5 4 5 4 2 3 0 | 14 20  0 5 1 0 7 1 0 10 1 1 6 1 1 8 2 2 8 1 2 10 1 2 13 1 3 9 1 3 10 1 3 11 1 4 9 1 4 11 1 4 12 1 5 7 1 5 11 1 6 12 1 6 13 1 7 12 1 9 13 1
R 3519 42 63 6 322 3 4 5 2 4 5 1 3 2 0 1 2 0 3 4 1 2 3 5 0 1 0 2 5 3 4 2 2 4 5 0 1 3 3 0 1 2 1 3 5 1 4 0 1 2 3 0 1 5 4 0 3 5 4 1 2 5 4 5 4 2 3 0 | 14 20  0 5 1 0 7 1 0 10 1 1 6 1 1 8 2 2 8 1 2 10 1 2 13 1 3 9 1 3 10 1 3 11 1 4 9 1 4 11 1 4 12 1 5 7 1 5 11 1 6 12 1 6 13 1 7 13 1 9 12 1
R 3520 42 63 6 157 3 4 5 0 3 4 0 1 2 2 5 0 5 1 3 1 2 3 1 4 3 0 2 5 2 0 3 4 3 2 1 0 4 3 0 1 2 4 1 0 2 1 0 1 2 2 5 1 4 3 5 1 4 3 0 2 4 4 5 0 3 5 5 | 14 20  0 5 1 0 7 1 0 10 1 1 6 2 1 8 1 2 8 1 2 10 1 2 11 1 3 9 1 3 11 1 3 12 1 4 9 1 4 11 1 4 13 1 5 7 1 5 10 1 6 12 1 7 13 1 8 13 1 9 12 1
R 3521 42 63 6 171 3 4 5 2 3 1 0 1 2 5 0 1 3 2 4 1 2 3 0 1 3 0 2 5 3 5 2 4 2 1 1 0 4 4 0 1 4 0 3 2 3 0 0 1 2 4 0 5 4 3 5 3 2 4 0 5 1 4 5 2 5 3 1 | 14 20  0 5 1 0 7 1 0 10 1 1 6 1 1 8 1 1 12 1 2 8 1 2 10 1 2 11 1 3 9 1 3 12 1 3 13 1 4 9 2 4 12 1 5 7 1 5 10 1 6 11 1 6 13 1 7 11 1 8 13 1
R 3522 42 63 6 228 3 4 5 3 2 4 0 1 2 2 0 1 4 3 1 1 2 3 0 4 3 0 2 5 2 0 3 4 1 0 1 0 4 3 1 2 3 4 2 0 4 1 0 1 2 5 1 0 4 3 5 3 5 4 2 0 5 4 5 1 2 3 5 | 14 20  0 5 1 0 7 1 0 10 1 1 6 1 1 8 1 1 11 1 2 8 1 2 10 1 2 12 1 3 9 2 3 11 1 4 9 1 4 12 1 4 13 1 5 7 1 5 10 1 6 12 1 6 13 1 7 13 1 8 11 1
R 3523 42 63 6 117 3 4 5 1 4 3 0 1 2 1 0 3 2 3 5 1 2 3 0 5 1 0 2 5 2 5 3 5 3 4 1 0 4 3 0 2 2 0 1 1 0 2 0 1 2 2 0 5 4 3 5 2 5 4 0 1 4 4 5 4 3 3 1 | 14 20  0 5 1 0 7 1 0 10 1 1 6 1 1 8 1 1 13 1 2 8 1 2 10 1 2 11 1 3 9 1 3 12 1 3 13 1 4 9 2 4 12 1 5 7 1 5 10 1 6 11 1 6 13 1 7 12 1 8 11 1
R 3524 42 63 6 87 3 4 5 0 2 3 0 1 2 1 0 3 4 2 5 1 2 3 4 1 0 0 2 5 2 5 3 5 2 1 1 0 4 2 4 1 0 5 3 4 0 1 0 1 2 5 1 4 4 3 5 4 5 2 0 3 1 4 5 3 2 3 0 | 14 20  0 5 1 0 7 1 0 10 1 1 6 1 1 8 1 1 12 1 2 8 1 2 10 1 2 13 1 3 9 1 3 11 1 3 13 1 4 9 2 4 12 1 5 7 1 5 10 1 6 11 1 6 12 1 7 13 1 8 11 1
R 3525 42 63 6 472 3 4 5 3 2 4 0 1 2 4 0 3 5 2 3 1 2 3 1 4 5 0 2 5 2 0 3 3 2 4 1 0 4 0 2 4 0 3 1 1 0 4 0 1 2 0 1 5 4 3 5 5 1 2 0 1 4 4 5 3 2 3 5 | 14 20  0 5 1 0 7 1 0 10 1 1 6 1 1 8 1 1 13 1 2 8 1 2 10 1 2 12 1 3 9 1 3 11 1 3 13 1 4 9 2 4 12 1 5 7 1 5 10 1 6 11 1 6 12 1 7 13 1 8 11 1
R 3526 42 63 6 202 3 4 5 3 2 4 0 1 2 4 1 3 5 0 3 1 2 3 4 1 5 0 2 5 2 0 3 2 3 1 1 0 4 0 4 1 0 3 4 1 0 4 0 1 2 0 1 5 4 3 5 0 5 2 4 1 2 4 5 3 2 3 5 | 14 20  0 5 1 0 7 1 0 10 1 1 6 1 1 8 1 1 13 1 2 8 1 2 10 1 2 12 1 3 9 2 3 11 1 4 9 1 4 12 1 4 13 1 5 7 1 5 10 1 6 11 1 6 12 1 7 13 1 8 11 1
R 3527 42 63 6 296 3 4 5 2 3 4 0 1 2 0 2 4 1 3 0 1 2 3 1 0 3 0 2 5 5 3 2 4 3 5 1 0 4 3 1 2 1 0 2 4 0 1 0 1 2 5 0 1 4 3 5 1 5 3 2 4 5 4 5 4 2 3 0 | 14 20  0 5 1 0 7 1 0 10 1 1 6 1 1 8 2 2 8 1 2 10 1 2 13 1 3 9 1 3 11 1 3 12 1 4 9 1 4 11 1 4 12 1 5 7 1 5 10 1 6 12 1 6 13 1 7 13 1 9 11 1
R 3528 42 63 6 369 3 4 5 3 4 1 0 5 2 0 1 2 3 4 5 1 2 3 0 1 3 0 2 5 2 4 3 2 3 0 1 0 4 3 1 0 2 1 4 0 1 2 0 1 2 2 0 5 1 4 3 4 3 5 1 2 0 4 5 5 4 3 5 | 14 20  0 5 1 0 7 1 0 10 1 1 6 1 1 8 2 2 8 1 2 11 1 2 13 1 3 9 1 3 10 1 3 11 1 4 9 1 4 11 1 4 12 1 5 7 1 5 10 1 6 12 1 6 13 1 7 12 1 9 13 1
R 3529 42 63 6 124 3 4 5 3 2 4 0 1 3 0 1 2 5 0 3 1 2 3 1 4 2 0 2 5 0 2 3 3 5 1 1 0 4 4 1 0 4 2 3 2 0 1 0 1 2 0 1 5 4 2 5 4 3 5 2 1 4 4 5 5 3 3 0 | 14 20  0 5 1 0 7 1 0 10 1 1 6 1 1 8 2 2 8 1 2 11 1 2 13 1 3 9 1 3 10 1 3 11 1 4 9 1 4 12 1 4 13 1 5 7 1 5 10 1 6 12 1 6 13 1 7 11 1 9 12 1
R 3530 42 63 6 150 3 4 5 3 5 0 0 1 3 0 1 2 4 3 2 1 2 3 0 4 5 0 2 5 2 5 3 2 3 0 1 0 4 5 1 4 2 4 1 3 2 0 0 1 2 2 1 4 4 2 5 4 3 5 1 5 0 4 5 3 1 3 0 | 14 20  0 5 1 0 7 1 0 10 1 1 6 1 1 8 1 1 13 1 2 8 1 2 11 1 2 12 1 3 9 1 3 10 1 3 13 1 4 9 2 4 11 1 5 7 1 5 10 1 6 12 1 6 13 1 7 11 1 8 12 1
R 3531 42 63 6 148 3 4 5 4 5 3 1 0 2 1 0 2 3 4 0 1 2 3 3 1 5 0 2 5 2 0 4 3 2 0 1 0 4 4 0 1 1 3 2 1 2 3 0 1 2 2 1 0 3 5 4 4 5 3 1 2 5 4 5 0 4 3 5 | 14 20  0 5 1 0 7 1 0 10 1 1 6 1 1 8 1 1 13 1 2 8 1 2 11 1 2 12 1 3 9 2 3 10 1 4 9 1 4 11 1 4 13 1 5 7 1 5 10 1 6 12 1 6 13 1 7 11 1 8 12 1
R 3532 42 63 6 377 3 4 5 3 4 5 1 0 4 0 1 2 0 4 3 1 2 3 5 1 0 0 2 5 2 4 3 2 3 5 1 0 4 4 0 1 0 2 1 5 1 4 0 1 2 2 0 1 5 3 2 4 3 5 1 2 5 4 5 4 3 3 0 | 14 20  0 5 1 0 7 1 0 10 1 1 6 1 1 8 2 2 8 1 2 12 1 2 13 1 3 9 1 3 10 1 3 11 1 4 9 1 4 11 1 4 12 1 5 7 1 5 10 1 6 12 1 6 13 1 7 11 1 9 13 1
R 3533 42 63 6 123 3 4 5 4 5 3 0 2 1 0 1 2 1 3 5 1 2 3 3 2 0 0 2 5 1 5 4 2 3 5 1 0 4 3 2 0 2 0 1 0 3 1 0 1 2 1 0 2 3 4 5 4 3 5 0 4 2 4 5 5 4 3 1 | 14 20  0 5 1 0 7 1 0 10 1 1 6 1 1 8 2 2 8 1 2 11 1 2 13 1 3 9 1 3 10 1 3 11 1 4 9 1 4 12 1 4 13 1 5 7 1 5 10 1 6 12 1 6 13 1 7 12 1 9 11 1
R 3534 42 63 6 70 3 4 5 1 2 0 5 4 1 0 1 2 3 4 5 1 2 3 0 3 2 0 2 5 5 2 1 2 3 0 1 0 4 2 4 1 0 3 1 5 0 4 0 1 2 5 3 4 0 3 2 4 3 5 1 0 2 4 5 4 1 3 5 | 14 20  0 5 1 0 7 1 0 10 1 1 6 1 1 8 2 2 8 1 2 11 1 2 13 1 3 9 1 3 10 1 3 12 1 4 9 1 4 11 1 4 12 1 5 7 1 5 10 1 6 12 1 6 13 1 7 13 1 9 11 1
R 3535 42 63 6 57 3 4 5 2 5 3 1 0 4 0 1 2 3 4 2 1 2 3 3 4 5 0 2 5 4 0 3 2 3 0 1 0 4 1 2 4 1 0 4 0 2 3 0 1 2 0 1 4 2 5 3 4 3 5 1 0 5 4 5 2 1 3 5 | 14 20  0 5 1 0 7 1 0 10 1 1 6 1 1 8 1 1 13 1 2 8 2 2 11 1 3 9 1 3 10 1 3 13 1 4 9 1 4 11 1 4 12 1 5 7 1 5 10 1 6 12 1 6 13 1 7 12 1 9 11 1
R 3536 42 63 6 2221 3 4 5 3 4 2 0 5 4 0 1 2 3 4 2 1 2 3 0 1 3 0 2 5 5 4 3 2 3 0 1 0 4 1 2 4 1 0 4 3 2 0 0 1 2 5 0 1 2 3 1 4 3 5 1 0 5 4 5 2 4 3 5 | 14 20  0 5 1 0 7 1 0 10 1 1 6 1 1 8 2 2 8 1 2 11 1 2 13 1 3 9 1 3 10 1 3 13 1 4 9 1 4 11 1 4 12 1 5 7 1 5 10 1 6 12 1 6 13 1 7 12 1 9 11 1
R 3537 42 63 6 57 3 4 5 0 2 5 1 3 2 0 1 2 1 3 5 1 2 3 4 1 0 0 2 5 3 2 0 2 3 5 1 0 4 3 0 2 0 3 1 5 1 4 0 1 2 3 1 4 5 4 0 4 3 5 0 4 2 4 5 5 2 3 1 | 14 20  0 5 1 0 7 1 0 10 1 1 6 1 1 8 2 2 8 1 2 12 1 2 13 1 3 9 1 3 10 1 3 11 1 4 9 1 4 11 1 4 12 1 5 7 1 5 10 1 6 12 1 6 13 1 7 13 1 9 11 1
R 3538 42 63 6 122 3 4 5 3 5 4 0 1 2 3 4 0 5 2 3 1 2 3 0 1 5 0 2 5 2 0 3 1 0 4 0 3 1 2 4 0 5 2 4 3 1 2 0 1 2 2 1 0 4 3 5 2 5 1 4 1 0 4 5 3 4 3 5 | 14 21  0 5 1 0 7 1 0 9 1 1 6 1 1 8 1 1 13 1 2 8 1 2 9 1 2 10 1 3 10 1 3 11 1 3 12 1 4 10 1 4 11 1 4 12 1 5 7 1 5 9 1 6 12 1 6 13 1 7 11 1 8 13 1
R 3539 42 63 6 250 3 4 5 2 3 4 5 2 4 0 3 1 0 1 2 1 2 3 0 1 3 0 2 5 1 3 4 3 0 2 5 3 2 1 0 4 4 0 1 0 1 2 0 1 2 5 0 1 0 1 3 2 4 5 4 3 5 4 5 2 4 3 5 | 14 19  0 5 1 0 7 1 0 11 1 1 6 1 1 10 2 2 8 1 2 9 1 2 13 1 3 8 1 3 9 2 4 10 1 4 11 1 4 12 1 5 7 1 5 11 1 6 12 1 6 13 1 7 12 1 8 13 1
R 3540 42 63 6 571 3 4 5 3 1 4 5 1 3 0 4 2 0 1 2 1 2 3 5 4 1 0 2 5 2 4 3 4 0 1 2 0 3 1 0 4 0 4 2 0 2 1 0 1 2 0 2 5 0 2 4 1 3 5 4 3 5 4 5 3 3 5 1 | 14 19  0 5 1 0 7 1 0 11 1 1 6 2 1 10 1 2 8 1 2 9 1 2 13 1 3 8 1 3 9 2 4 10 1 4 11 1 4 12 1 5 7 1 5 11 1 6 12 1 7 13 1 8 13 1 10 12 1
R 3541 42 63 NOT6 A+B chi=-1 | 14 19  0 5 1 0 7 1 0 13 1 1 6 1 1 10 2 2 8 1 2 9 1 2 11 1 3 8 1 3 9 1 3 12 1 4 10 1 4 11 1 4 13 1 5 7 2 6 12 1 6 13 1 8 11 1 9 12 1
R 3542 42 63 6 483 3 4 5 0 1 2 2 0 3 1 4 5 4 5 1 1 2 3 2 3 0 0 2 5 3 4 0 4 1 2 1 0 4 1 0 4 0 4 2 2 1 3 0 1 2 4 3 5 1 5 4 2 0 3 2 3 0 4 5 5 1 3 5 | 14 20  0 5 1 0 7 1 0 10 1 1 6 1 1 10 1 1 12 1 2 8 1 2 9 1 2 13 1 3 8 1 3 9 2 4 11 1 4 12 1 4 13 1 5 7 1 5 10 1 6 11 1 6 12 1 7 11 1 8 13 1
R 3543 42 63 6 71 3 4 5 1 2 3 5 2 4 0 3 1 0 2 4 1 2 3 5 3 1 0 2 5 1 3 4 3 0 2 1 0 4 2 0 1 0 4 3 0 1 2 0 1 2 0 4 5 0 1 3 2 4 5 3 5 1 4 5 2 4 3 5 | 14 20  0 5 1 0 7 1 0 10 1 1 6 1 1 11 1 1 12 1 2 8 1 2 9 1 2 13 1 3 8 1 3 9 2 4 10 1 4 11 1 4 12 1 5 7 1 5 10 1 6 12 1 6 13 1 7 11 1 8 13 1
R 3544 42 63 6 153 3 4 5 3 5 1 0 3 4 2 5 1 0 2 1 1 2 3 0 4 3 0 2 5 1 2 0 5 2 3 1 0 4 2 0 1 3 2 5 0 1 3 0 1 2 2 4 0 5 1 2 3 0 4 3 4 5 4 5 5 1 3 4 | 14 20  0 5 1 0 7 1 0 10 1 1 6 1 1 11 1 1 12 1 2 8 1 2 9 1 2 13 1 3 8 1 3 9 2 4 10 1 4 12 1 4 13 1 5 7 1 5 10 1 6 11 1 6 12 1 7 11 1 8 13 1
R 3545 42 63 6 257 3 4 5 0 1 2 5 1 3 0 2 3 2 1 4 1 2 3 3 5 0 0 2 5 3 2 1 4 1 3 4 2 0 1 0 4 4 0 1 2 0 3 0 1 2 4 3 5 0 2 4 4 1 5 0 5 3 4 5 2 1 3 5 | 14 19  0 5 1 0 7 1 0 11 1 1 6 1 1 11 1 1 12 1 2 8 1 2 9 1 2 13 1 3 8 1 3 10 2 4 9 2 4 10 1 5 7 1 5 11 1 6 12 1 6 13 1 7 12 1 8 13 1
R 3546 42 63 6 916 3 4 5 0 1 2 3 5 2 1 4 5 0 1 3 1 2 3 3 5 0 0 2 5 0 1 2 4 5 3 3 4 1 1 0 4 4 0 1 2 0 3 0 1 2 4 3 5 4 0 1 3 0 2 2 5 4 4 5 2 1 3 5 | 14 19  0 5 1 0 7 1 0 11 1 1 6 1 1 11 1 1 12 1 2 8 1 2 9 2 3 8 1 3 10 2 4 9 1 4 10 1 4 13 1 5 7 1 5 11 1 6 12 1 6 13 1 7 12 1 8 13 1
R 3547 42 63 6 100 3 4 5 1 0 2 4 5 2 0 1 2 1 3 4 1 2 3 4 5 0 0 2 5 2 0 5 1 5 4 0 1 3 0 3 1 3 4 2 0 2 1 0 1 2 3 4 5 1 0 3 3 5 4 2 0 5 4 5 2 1 3 4 | 14 20  0 5 1 0 7 1 0 10 1 1 6 1 1 10 1 1 12 1 2 8 1 2 9 2 3 8 1 3 10 1 3 11 1 4 9 1 4 12 1 4 13 1 5 7 1 5 11 1 6 11 1 6 12 1 7 13 1 8 13 1
R 3548 42 63 6 840 3 4 5 1 3 2 2 4 5 0 1 2 0 3 1 1 2 3 0 4 3 0 2 5 5 1 2 0 4 2 0 1 3 0 4 1 5 1 4 2 0 5 0 1 2 5 4 0 0 1 3 4 5 3 5 2 4 4 5 2 1 3 3 | 14 20  0 5 1 0 7 1 0 10 1 1 6 1 1 10 1 1 12 1 2 8 1 2 9 2 3 8 1 3 10 1 3 11 1 4 9 1 4 12 1 4 13 1 5 7 1 5 11 1 6 11 1 6 13 1 7 12 1 8 13 1
R 3549 42 63 6 240 3 4 5 0 1 2 2 4 5 0 1 4 0 3 1 1 2 3 2 3 5 0 2 5 5 0 2 1 4 2 1 0 4 3 4 1 3 0 2 0 5 1 0 1 2 4 3 5 1 0 3 3 2 5 5 4 2 4 5 0 1 3 4 | 14 20  0 5 1 0 7 1 0 10 1 1 6 1 1 10 1 1 11 1 2 8 1 2 9 2 3 8 1 3 11 1 3 12 1 4 9 1 4 12 1 4 13 1 5 7 1 5 10 1 6 11 1 6 12 1 7 13 1 8 13 1
R 3550 42 63 6 187 3 4 5 0 1 2 2 5 3 0 1 4 0 1 5 1 2 3 2 3 5 0 2 5 4 0 2 1 5 2 1 0 4 3 4 1 2 0 1 0 3 4 0 1 2 4 3 5 1 0 4 3 2 5 3 4 2 4 5 0 1 3 5 | 14 20  0 5 1 0 7 1 0 10 1 1 6 1 1 10 1 1 11 1 2 8 1 2 9 2 3 8 1 3 11 1 3 12 1 4 9 1 4 12 1 4 13 1 5 7 1 5 10 1 6 11 1 6 13 1 7 12 1 8 13 1
R 3551 42 63 6 118 3 4 5 0 1 2 4 5 2 0 1 3 0 3 1 1 2 3 2 3 5 0 2 5 2 0 5 1 5 4 1 0 4 4 0 1 2 0 3 2 4 1 0 1 2 4 3 5 1 0 3 4 2 5 2 4 5 4 5 1 0 3 3 | 14 20  0 5 1 0 7 1 0 10 1 1 6 1 1 10 1 1 11 1 2 8 1 2 9 2 3 8 1 3 11 1 3 12 1 4 9 1 4 12 1 4 13 1 5 7 1 5 10 1 6 12 1 6 13 1 7 11 1 8 13 1
R 3552 42 63 6 103 3 4 5 0 1 2 2 4 3 1 0 3 1 0 2 1 2 3 3 5 0 0 2 5 3 1 4 5 4 2 1 0 4 4 0 1 0 2 3 1 2 3 0 1 2 4 3 5 5 0 1 2 4 5 3 5 4 4 5 2 1 3 0 | 14 20  0 5 1 0 7 1 0 10 1 1 6 1 1 10 1 1 11 1 2 8 1 2 9 2 3 8 1 3 12 1 3 13 1 4 9 1 4 12 1 4 13 1 5 7 1 5 10 1 6 11 1 6 12 1 7 11 1 8 13 1
R 3553 42 63 6 2135 3 4 5 0 1 2 3 4 1 1 5 3 0 5 4 1 2 3 2 3 0 0 2 5 2 1 3 5 4 3 1 0 4 4 0 1 0 3 1 2 0 5 0 1 2 4 3 5 5 0 2 0 2 4 1 2 3 4 5 5 1 3 4 | 14 20  0 5 1 0 7 1 0 10 1 1 6 1 1 10 1 1 12 1 2 8 1 2 9 2 3 8 1 3 11 1 3 12 1 4 9 1 4 12 1 4 13 1 5 7 1 5 10 1 6 11 1 6 13 1 7 11 1 8 13 1
R 3554 42 63 6 4746 3 4 5 0 1 2 3 5 4 3 0 4 1 2 5 1 2 3 2 3 0 0 2 5 4 0 5 2 5 3 1 0 4 1 0 4 0 4 2 1 2 4 0 1 2 4 3 5 2 0 1 1 2 5 4 3 0 4 5 5 1 3 3 | 14 20  0 5 1 0 7 1 0 10 1 1 6 1 1 10 1 1 12 1 2 8 1 2 9 2 3 8 1 3 11 1 3 13 1 4 9 1 4 12 1 4 13 1 5 7 1 5 10 1 6 11 1 6 12 1 7 11 1 8 13 1
R 3555 42 63 6 126 3 4 5 0 1 2 1 4 5 3 0 4 1 2 4 1 2 3 2 3 0 0 2 5 2 5 4 3 1 0 1 0 4 1 0 4 0 4 2 1 2 3 0 1 2 4 3 5 0 3 2 1 2 5 5 3 0 4 5 5 1 3 4 | 14 20  0 5 1 0 7 1 0 10 1 1 6 1 1 10 1 1 12 1 2 8 2 2 9 1 3 8 1 3 11 1 3 13 1 4 9 1 4 12 1 4 13 1 5 7 1 5 10 1 6 11 1 6 12 1 7 11 1 9 13 1
R 3556 42 63 6 1822 3 4 5 0 1 2 0 1 3 0 2 3 5 1 4 1 2 3 2 3 0 0 2 5 3 4 1 4 1 2 1 0 4 5 2 3 4 3 0 2 0 1 0 1 2 4 3 5 2 5 4 5 4 1 0 3 2 4 5 1 5 3 0 | 14 20  0 5 1 0 7 1 0 10 1 1 6 1 1 10 1 1 12 1 2 8 1 2 9 1 2 13 1 3 8 1 3 11 1 3 12 1 4 9 2 4 12 1 5 7 1 5 10 1 6 11 1 6 13 1 7 13 1 8 11 1
R 3557 42 63 6 1275 3 4 5 0 1 2 2 3 0 1 0 5 5 1 3 1 2 3 2 3 0 0 2 5 4 1 2 5 3 2 1 0 4 3 4 5 3 0 1 2 0 1 0 1 2 4 3 5 5 1 4 3 2 4 0 2 4 4 5 1 5 3 0 | 14 20  0 5 1 0 7 1 0 10 1 1 6 1 1 10 1 1 12 1 2 8 1 2 9 2 3 8 1 3 11 1 3 12 1 4 9 1 4 12 1 4 13 1 5 7 1 5 10 1 6 11 1 6 13 1 7 13 1 8 11 1
R 3558 42 63 6 57 3 4 5 3 5 4 3 4 0 0 1 2 2 1 3 1 2 3 2 1 5 0 2 5 2 0 3 1 4 3 1 0 4 0 1 3 0 2 4 0 2 1 0 1 2 0 2 1 1 2 5 4 3 5 0 5 4 4 5 4 3 3 5 | 14 20  0 5 1 0 7 1 0 10 1 1 6 1 1 11 1 1 12 1 2 8 1 2 9 2 3 8 1 3 10 1 3 11 1 4 9 1 4 12 1 4 13 1 5 7 1 5 10 1 6 11 1 6 12 1 7 13 1 8 13 1
R 3559 42 63 6 190 3 4 5 4 3 0 3 4 0 0 1 2 1 2 5 1 2 3 5 1 3 0 2 5 2 0 3 1 4 3 1 0 4 3 2 4 2 1 0 0 1 2 0 1 2 2 1 5 1 2 5 4 3 5 0 4 3 4 5 0 4 3 5 | 14 20  0 5 1 0 7 1 0 10 1 1 6 1 1 11 1 1 12 1 2 8 1 2 9 2 3 8 1 3 10 1 3 11 1 4 9 1 4 12 1 4 13 1 5 7 1 5 10 1 6 11 1 6 13 1 7 12 1 8 13 1
R 3560 42 63 NOT6 B chi=7 | 14 20  0 5 1 0 7 1 0 10 1 1 6 2 1 12 1 2 8 1 2 9 1 2 12 1 3 8 1 3 10 1 3 11 1 4 9 1 4 11 1 4 13 1 5 7 1 5 10 1 6 12 1 7 11 1 8 13 1 9 13 1
R 3561 42 63 6 90 3 4 5 2 5 4 3 5 4 0 1 2 0 1 3 1 2 3 3 0 5 0 2 5 2 0 3 1 5 3 1 0 4 4 0 1 0 1 2 3 1 4 0 1 2 1 3 0 1 0 2 4 3 5 4 2 5 4 5 4 2 3 5 | 14 20  0 5 1 0 7 1 0 10 1 1 6 1 1 12 1 1 13 1 2 8 1 2 9 2 3 8 1 3 10 1 3 11 1 4 9 1 4 11 1 4 12 1 5 7 1 5 10 1 6 12 1 6 13 1 7 11 1 8 13 1
R 3562 42 63 6 206 3 4 5 4 1 5 4 3 2 0 1 2 0 1 3 1 2 3 5 2 3 0 2 5 0 2 3 5 1 2 1 0 4 4 0 1 0 1 2 4 0 5 0 1 2 0 3 2 1 5 0 4 3 5 4 2 5 4 5 4 1 3 3 | 14 20  0 5 1 0 7 1 0 10 1 1 6 1 1 12 1 1 13 1 2 8 2 2 9 1 3 8 1 3 10 1 3 11 1 4 9 1 4 11 1 4 12 1 5 7 1 5 10 1 6 12 1 6 13 1 7 11 1 9 13 1
R 3563 42 63 6 67 3 4 5 1 5 3 3 1 5 0 1 2 2 1 0 1 2 3 3 2 4 0 2 5 2 5 3 0 1 3 1 0 4 2 0 1 4 0 5 3 2 0 0 1 2 0 4 2 0 2 4 4 3 5 4 5 3 4 5 5 1 3 1 | 14 20  0 5 1 0 7 1 0 10 1 1 6 1 1 11 1 1 12 1 2 8 1 2 9 1 2 13 1 3 8 1 3 10 1 3 13 1 4 9 2 4 12 1 5 7 1 5 10 1 6 11 1 6 12 1 7 11 1 8 13 1
R 3564 42 63 6 67 3 4 5 1 5 3 1 3 2 0 1 2 0 5 1 1 2 3 3 2 4 0 2 5 2 5 3 0 3 1 1 0 4 2 0 1 4 0 5 3 0 2 0 1 2 0 4 2 0 4 5 4 3 5 2 3 4 4 5 5 1 3 1 | 14 20  0 5 1 0 7 1 0 10 1 1 6 1 1 11 1 1 12 1 2 8 1 2 9 2 3 8 1 3 10 1 3 13 1 4 9 1 4 12 1 4 13 1 5 7 1 5 10 1 6 11 1 6 12 1 7 11 1 8 13 1
R 3565 42 63 6 111 3 4 5 0 2 1 1 3 2 0 1 2 0 4 3 1 2 3 4 1 5 0 2 5 2 5 3 0 3 1 1 0 4 3 2 0 4 3 2 0 1 4 0 1 2 3 4 5 0 4 5 4 3 5 2 1 5 4 5 0 2 3 1 | 14 20  0 5 1 0 7 1 0 10 1 1 6 1 1 11 1 1 12 1 2 8 1 2 9 2 3 8 1 3 10 1 3 11 1 4 9 1 4 12 1 4 13 1 5 7 1 5 10 1 6 12 1 6 13 1 7 13 1 8 11 1
R 3566 42 63 NOT6 B chi=7 | 14 20  0 5 1 0 7 1 0 10 1 1 6 2 1 12 1 2 8 1 2 9 1 2 12 1 3 8 1 3 10 1 3 11 1 4 9 1 4 11 1 4 13 1 5 7 1 5 10 1 6 12 1 7 13 1 8 11 1 9 13 1
R 3567 42 63 NOT6 B chi=7 | 14 20  0 5 1 0 7 1 0 10 1 1 6 2 1 12 1 2 8 1 2 9 1 2 13 1 3 8 1 3 10 1 3 11 1 4 9 1 4 11 1 4 13 1 5 7 1 5 10 1 6 12 1 7 13 1 8 11 1 9 12 1
R 3568 42 63 6 245 3 4 5 1 2 5 3 4 2 0 1 2 0 4 5 1 2 3 5 0 3 0 2 5 2 0 3 5 4 2 1 0 4 0 2 4 4 1 3 1 0 4 0 1 2 4 3 0 1 0 5 4 3 5 1 3 2 4 5 1 2 3 5 | 14 20  0 5 1 0 7 1 0 10 1 1 6 1 1 11 1 1 12 1 2 8 1 2 9 1 2 13 1 3 8 1 3 10 1 3 12 1 4 9 2 4 12 1 5 7 1 5 10 1 6 11 1 6 13 1 7 13 1 8 11 1
R 3569 42 63 6 330 3 4 5 0 5 1 3 4 0 1 0 2 2 4 5 1 2 3 1 2 3 0 2 5 2 0 3 1 4 0 1 0 4 4 2 1 2 0 4 3 4 1 0 1 2 4 3 2 1 2 5 4 5 3 3 0 1 4 5 5 0 3 5 | 14 20  0 5 1 0 7 1 0 10 1 1 6 1 1 11 1 1 13 1 2 8 1 2 9 1 2 13 1 3 8 2 3 10 1 4 9 1 4 11 1 4 12 1 5 7 1 5 10 1 6 12 1 6 13 1 7 12 1 9 11 1
R 3570 42 63 6 81 3 4 5 1 5 2 2 5 4 1 0 3 1 0 2 1 2 3 2 3 4 0 2 5 3 1 5 0 5 2 0 1 3 0 1 4 4 2 0 1 4 0 0 1 2 0 4 3 0 1 3 4 2 5 4 3 5 4 5 5 1 3 2 | 14 20  0 5 1 0 7 1 0 10 1 1 6 1 1 10 1 1 11 1 2 8 1 2 9 2 3 8 1 3 11 1 3 12 1 4 9 1 4 12 1 4 13 1 5 7 1 5 11 1 6 10 1 6 12 1 7 13 1 8 13 1
R 3571 42 63 6 87 3 4 5 1 5 2 4 1 3 3 0 1 0 2 1 1 2 3 2 3 4 0 2 5 2 3 5 0 1 4 0 1 3 0 1 4 2 4 0 3 2 0 0 1 2 0 4 3 0 2 5 4 2 5 3 5 4 4 5 5 1 3 1 | 14 20  0 5 1 0 7 1 0 10 1 1 6 1 1 10 1 1 11 1 2 8 1 2 9 2 3 8 1 3 11 1 3 13 1 4 9 1 4 12 1 4 13 1 5 7 1 5 11 1 6 10 1 6 12 1 7 12 1 8 13 1
R 3572 42 63 NOT6 A+B chi=-1 | 14 20  0 5 1 0 7 1 0 12 1 1 6 1 1 12 1 1 13 1 2 8 1 2 9 1 2 10 1 3 8 1 3 11 1 3 13 1 4 9 1 4 10 1 4 11 1 5 7 2 6 12 1 6 13 1 8 10 1 9 11 1
R 3573 42 63 6 155 3 4 5 0 1 2 3 1 4 1 5 4 0 2 3 1 2 3 2 3 0 0 2 5 4 0 2 1 0 4 0 3 1 2 3 4 5 0 4 2 3 4 0 1 2 4 3 5 5 2 0 3 2 0 4 5 1 4 5 1 5 3 1 | 14 21  0 5 1 0 7 1 0 9 1 1 6 1 1 9 1 1 10 1 2 8 1 2 10 1 2 11 1 3 8 1 3 12 1 3 13 1 4 10 1 4 11 1 4 12 1 5 7 1 5 9 1 6 11 1 6 13 1 7 12 1 8 13 1
R 3574 42 63 6 71 3 4 5 0 1 2 1 0 3 0 2 4 0 3 1 1 2 3 2 3 5 0 2 5 3 4 5 1 0 4 4 0 1 2 0 3 2 1 4 1 2 3 0 1 2 4 3 5 2 5 4 1 3 5 2 4 5 4 5 1 0 3 0 | 14 21  0 5 1 0 7 1 0 9 1 1 6 1 1 9 1 1 10 1 2 8 1 2 11 1 2 13 1 3 8 1 3 12 1 3 13 1 4 10 1 4 11 1 4 12 1 5 7 1 5 9 1 6 11 1 6 12 1 7 10 1 8 13 1
R 3575 42 63 6 309 3 4 5 0 1 2 0 1 3 2 1 4 4 5 1 1 2 3 2 3 0 0 2 5 4 3 5 1 0 4 1 0 4 0 4 2 1 2 3 0 4 2 0 1 2 4 3 5 2 4 5 0 5 3 2 3 0 4 5 5 1 3 1 | 14 21  0 5 1 0 7 1 0 9 1 1 6 1 1 9 1 1 11 1 2 8 1 2 12 1 2 13 1 3 8 1 3 12 1 3 13 1 4 10 1 4 11 1 4 12 1 5 7 1 5 9 1 6 10 1 6 11 1 7 10 1 8 13 1
R 3576 42 63 6 57 3 4 5 0 1 2 0 1 2 3 4 0 3 4 5 1 2 3 5 2 1 0 2 5 2 3 0 1 0 4 3 1 0 4 0 1 1 3 2 3 2 4 0 1 2 3 4 5 4 3 5 1 2 5 2 0 1 4 5 4 0 3 5 | 14 21  0 5 1 0 7 1 0 9 1 1 6 1 1 10 1 1 11 1 2 8 1 2 9 1 2 10 1 3 8 1 3 11 1 3 12 1 4 10 1 4 12 1 4 13 1 5 7 1 5 9 1 6 12 1 6 13 1 7 11 1 8 13 1
R 3577 42 63 6 60 3 4 5 2 5 4 0 1 2 3 4 2 3 0 1 1 2 3 3 1 5 0 2 5 2 3 0 1 0 4 0 1 4 2 0 1 0 3 4 3 1 2 0 1 2 0 3 1 4 3 5 1 5 0 2 5 4 4 5 4 2 3 5 | 14 21  0 5 1 0 7 1 0 9 1 1 6 1 1 10 1 1 12 1 2 8 1 2 9 1 2 10 1 3 8 1 3 12 1 3 13 1 4 10 1 4 11 1 4 13 1 5 7 1 5 9 1 6 11 1 6 12 1 7 11 1 8 13 1
R 3578 42 63 6 99 3 4 5 0 2 1 0 1 2 3 4 5 0 2 3 1 2 3 1 3 5 0 2 5 2 3 0 1 0 4 0 3 1 2 4 1 4 3 2 0 1 4 0 1 2 4 3 5 4 3 5 1 2 0 4 1 5 4 5 0 2 3 5 | 14 21  0 5 1 0 7 1 0 9 1 1 6 1 1 11 1 1 12 1 2 8 1 2 9 1 2 10 1 3 8 1 3 10 1 3 11 1 4 10 1 4 12 1 4 13 1 5 7 1 5 9 1 6 12 1 6 13 1 7 13 1 8 11 1
R 3579 42 63 6 350 3 4 5 0 1 3 0 1 2 3 4 2 4 1 0 1 2 3 2 3 0 0 2 5 2 3 1 1 0 4 4 1 0 4 2 0 3 2 4 3 1 4 0 1 2 4 2 5 4 3 5 5 1 0 3 5 2 4 5 1 5 3 0 | 14 21  0 5 1 0 7 1 0 9 1 1 6 1 1 10 1 1 11 1 2 8 1 2 9 1 2 10 1 3 8 1 3 11 1 3 13 1 4 11 1 4 12 1 4 13 1 5 7 1 5 9 1 6 12 1 6 13 1 7 10 1 8 12 1
R 3580 42 63 6 63 3 4 5 0 1 3 0 1 2 4 0 2 0 1 3 1 2 3 2 3 5 0 2 5 3 2 5 1 0 4 4 1 0 2 0 3 1 3 4 4 1 2 0 1 2 4 2 5 4 3 5 1 5 3 4 2 5 4 5 1 0 3 0 | 14 21  0 5 1 0 7 1 0 9 1 1 6 1 1 10 1 1 11 1 2 8 1 2 9 1 2 10 1 3 8 1 3 12 1 3 13 1 4 11 1 4 12 1 4 13 1 5 7 1 5 9 1 6 11 1 6 13 1 7 10 1 8 12 1
R 3581 42 63 6 2045 3 4 5 2 5 0 0 1 2 3 4 0 1 2 3 1 2 3 1 3 5 0 2 5 2 3 0 1 0 4 4 1 0 4 1 2 1 3 0 3 2 4 0 1 2 4 3 1 4 3 5 1 2 5 5 0 4 4 5 2 0 3 5 | 14 21  0 5 1 0 7 1 0 9 1 1 6 1 1 11 1 1 13 1 2 8 1 2 9 1 2 13 1 3 8 1 3 10 1 3 12 1 4 10 1 4 11 1 4 12 1 5 7 1 5 9 1 6 12 1 6 13 1 7 10 1 8 11 1
R 3582 42 63 6 163 3 4 5 0 1 2 0 1 2 3 4 5 4 5 1 1 2 3 2 4 0 0 2 5 2 3 0 1 0 4 1 4 2 3 1 0 0 4 3 2 4 1 0 1 2 3 4 5 4 3 5 1 0 2 3 2 0 4 5 1 5 3 5 | 14 21  0 5 1 0 7 1 0 9 1 1 6 1 1 11 1 1 12 1 2 8 1 2 9 1 2 11 1 3 8 1 3 10 1 3 11 1 4 10 1 4 12 1 4 13 1 5 7 1 5 9 1 6 12 1 6 13 1 7 13 1 8 10 1
R 3583 42 63 6 147 3 4 5 4 0 3 0 1 2 3 4 5 0 1 2 1 2 3 2 3 5 0 2 5 2 3 0 1 0 4 2 1 4 0 3 1 0 1 3 2 1 4 0 1 2 1 2 5 4 3 5 1 0 2 3 4 5 4 5 4 0 3 5 | 14 21  0 5 1 0 7 1 0 9 1 1 6 1 1 12 1 1 13 1 2 8 1 2 9 1 2 11 1 3 8 1 3 10 1 3 11 1 4 10 1 4 11 1 4 12 1 5 7 1 5 9 1 6 12 1 6 13 1 7 13 1 8 10 1
R 3584 42 63 6 72 3 4 5 0 1 3 0 1 2 3 4 2 0 4 5 1 2 3 2 3 5 0 2 5 2 3 0 1 0 4 1 4 2 1 4 0 2 4 3 3 4 0 0 1 2 4 2 5 4 3 5 1 0 5 3 1 2 4 5 0 1 3 5 | 14 21  0 5 1 0 7 1 0 9 1 1 6 1 1 11 1 1 12 1 2 8 1 2 9 1 2 13 1 3 8 1 3 10 1 3 11 1 4 10 1 4 12 1 4 13 1 5 7 1 5 9 1 6 12 1 6 13 1 7 11 1 8 10 1
R 3585 42 63 6 129 3 4 5 1 0 3 0 1 3 4 2 0 0 2 1 1 2 3 4 3 5 0 2 5 3 4 1 1 0 4 2 0 1 2 1 3 2 0 3 4 5 2 0 1 2 2 4 5 2 5 4 5 1 3 3 4 5 4 5 0 1 3 0 | 14 21  0 5 1 0 7 1 0 9 1 1 6 1 1 10 1 1 11 1 2 8 1 2 10 1 2 12 1 3 8 1 3 12 1 3 13 1 4 9 1 4 11 1 4 12 1 5 7 1 5 9 1 6 11 1 6 13 1 7 10 1 8 13 1
R 3586 42 63 6 235 3 4 5 1 5 3 0 4 3 2 1 5 0 2 1 1 2 3 2 3 1 0 2 5 5 3 4 1 0 4 2 0 1 2 0 3 1 0 3 0 2 5 0 1 2 0 4 2 2 5 1 0 4 3 3 4 5 4 5 5 4 3 1 | 14 21  0 5 1 0 7 1 0 9 1 1 6 1 1 10 1 1 12 1 2 8 1 2 10 1 2 11 1 3 8 1 3 12 1 3 13 1 4 9 1 4 11 1 4 12 1 5 7 1 5 9 1 6 11 1 6 13 1 7 10 1 8 13 1
R 3587 42 63 6 158 3 4 5 2 1 4 1 0 3 0 2 3 0 2 1 1 2 3 4 0 5 0 2 5 4 3 5 1 0 4 2 0 1 1 3 2 0 1 3 3 2 4 0 1 2 3 0 5 2 4 5 1 5 4 3 4 5 4 5 2 1 3 0 | 14 21  0 5 1 0 7 1 0 9 1 1 6 1 1 11 1 1 13 1 2 8 1 2 10 1 2 11 1 3 8 1 3 10 1 3 12 1 4 9 1 4 11 1 4 12 1 5 7 1 5 9 1 6 12 1 6 13 1 7 10 1 8 13 1
R 3588 42 63 6 61 3 4 5 1 0 3 0 1 2 3 5 4 0 2 4 1 2 3 3 4 1 0 2 5 2 3 1 1 0 4 2 0 1 1 2 4 0 3 5 3 2 0 0 1 2 2 4 5 5 3 4 0 2 1 3 5 1 4 5 0 5 3 4 | 14 21  0 5 1 0 7 1 0 9 1 1 6 1 1 10 1 1 11 1 2 8 1 2 11 1 2 12 1 3 8 1 3 12 1 3 13 1 4 9 1 4 10 1 4 12 1 5 7 1 5 9 1 6 11 1 6 13 1 7 10 1 8 13 1
R 3589 42 63 6 117 3 4 5 1 2 3 2 0 4 3 1 0 0 2 4 1 2 3 5 3 1 0 2 5 4 3 5 1 0 4 2 0 1 0 4 3 1 0 2 3 1 2 0 1 2 0 4 5 1 3 5 2 5 4 3 5 1 4 5 2 4 3 0 | 14 21  0 5 1 0 7 1 0 9 1 1 6 1 1 10 1 1 11 1 2 8 1 2 12 1 2 13 1 3 8 1 3 12 1 3 13 1 4 9 1 4 10 1 4 11 1 5 7 1 5 9 1 6 11 1 6 12 1 7 10 1 8 13 1
R 3590 42 63 6 185 3 4 5 1 0 3 0 5 1 3 5 2 0 2 4 1 2 3 3 4 1 0 2 5 4 3 1 1 0 4 2 0 1 3 2 0 2 1 0 3 4 2 0 1 2 2 4 5 2 4 3 0 4 1 3 5 1 4 5 5 0 3 5 | 14 21  0 5 1 0 7 1 0 9 1 1 6 1 1 10 1 1 12 1 2 8 1 2 11 1 2 12 1 3 8 1 3 12 1 3 13 1 4 9 1 4 10 1 4 11 1 5 7 1 5 9 1 6 11 1 6 13 1 7 10 1 8 13 1
R 3591 42 63 6 71 3 4 5 0 5 1 1 0 3 2 4 3 0 2 4 1 2 3 1 3 5 0 2 5 3 4 0 1 0 4 2 0 1 2 4 1 0 2 3 2 3 1 0 1 2 2 3 4 2 4 5 1 0 5 3 5 1 4 5 4 0 3 5 | 14 21  0 5 1 0 7 1 0 9 1 1 6 1 1 11 1 1 13 1 2 8 1 2 10 1 2 11 1 3 8 1 3 11 1 3 12 1 4 9 1 4 10 1 4 12 1 5 7 1 5 9 1 6 12 1 6 13 1 7 10 1 8 13 1
R 3592 42 63 6 103 3 4 5 4 0 5 1 0 3 2 4 3 0 2 4 1 2 3 1 2 5 0 2 5 3 4 0 1 0 4 2 0 1 2 3 4 4 3 0 1 2 3 0 1 2 3 1 2 2 4 5 1 5 0 3 5 1 4 5 0 4 3 5 | 14 21  0 5 1 0 7 1 0 9 1 1 6 1 1 11 1 1 12 1 2 8 1 2 10 1 2 11 1 3 8 1 3 12 1 3 13 1 4 9 1 4 10 1 4 12 1 5 7 1 5 9 1 6 11 1 6 13 1 7 10 1 8 13 1
R 3593 42 63 6 134 3 4 5 4 0 3 0 3 4 0 1 2 0 2 1 1 2 3 2 3 5 0 2 5 4 1 5 1 0 4 1 2 3 0 2 3 0 1 3 2 1 4 0 1 2 1 2 5 2 5 1 3 4 5 3 4 5 4 5 4 0 3 0 | 14 21  0 5 1 0 7 1 0 9 1 1 6 1 1 12 1 1 13 1 2 8 1 2 10 1 2 11 1 3 8 1 3 10 1 3 11 1 4 9 1 4 11 1 4 12 1 5 7 1 5 9 1 6 12 1 6 13 1 7 13 1 8 10 1
R 3594 42 63 6 200 3 4 5 1 0 3 1 0 3 2 5 0 0 2 1 1 2 3 4 3 5 0 2 5 3 5 4 1 0 4 5 2 1 2 0 1 2 1 3 3 2 0 0 1 2 2 4 5 2 4 5 1 3 4 3 4 5 4 5 0 1 3 0 | 14 21  0 5 1 0 7 1 0 9 1 1 6 1 1 11 1 1 12 1 2 8 1 2 10 1 2 11 1 3 8 1 3 10 1 3 13 1 4 9 1 4 12 1 4 13 1 5 7 1 5 9 1 6 12 1 6 13 1 7 11 1 8 10 1
R 3595 42 63 NOT6 B chi=7 | 14 19  0 5 1 0 7 1 0 11 1 1 6 1 1 8 1 1 13 1 2 9 1 2 10 2 3 9 1 3 11 1 3 12 1 4 10 1 4 12 1 4 13 1 5 7 1 5 11 1 6 8 2 7 12 1 9 13 1
R 3596 42 63 NOT6 A+B chi=-1 | 14 19  0 5 1 0 7 1 0 13 1 1 6 1 1 8 1 1 13 1 2 9 1 2 10 1 2 11 1 3 9 1 3 12 1 3 13 1 4 10 1 4 11 1 4 12 1 5 7 2 6 8 2 9 11 1 10 12 1
R 3597 42 63 6 355 3 4 5 1 5 2 0 3 4 1 2 3 0 2 4 1 2 3 4 3 2 0 2 5 3 0 1 2 4 3 1 0 4 0 4 5 2 0 1 0 4 3 0 1 2 0 4 3 1 5 2 0 4 5 3 5 1 4 5 5 1 3 2 | 14 20  0 5 1 0 7 1 0 10 1 1 6 1 1 8 1 1 11 1 2 9 2 2 11 1 3 9 1 3 12 1 3 13 1 4 10 1 4 12 1 4 13 1 5 7 1 5 10 1 6 8 1 6 11 1 7 12 1 8 13 1
R 3598 42 63 6 65 3 4 5 2 3 4 3 0 2 5 1 4 0 2 1 1 2 3 1 4 2 0 2 5 0 1 4 4 1 2 1 0 4 2 0 3 0 4 3 1 5 0 0 1 2 0 5 1 5 1 4 0 3 2 3 4 5 4 5 3 5 3 2 | 14 20  0 5 1 0 7 1 0 10 1 1 6 1 1 8 1 1 11 1 2 9 1 2 12 1 2 13 1 3 9 2 3 12 1 4 10 1 4 11 1 4 12 1 5 7 1 5 10 1 6 8 1 6 11 1 7 13 1 8 13 1
R 3599 42 63 6 236 3 4 5 2 3 4 0 2 3 4 1 3 0 2 1 1 2 3 1 4 2 0 2 5 0 1 4 3 1 2 1 0 4 2 0 3 4 1 0 4 0 3 0 1 2 0 5 1 4 5 1 0 5 2 3 4 5 4 5 3 5 3 2 | 14 20  0 5 1 0 7 1 0 10 1 1 6 1 1 8 1 1 11 1 2 9 1 2 12 1 2 13 1 3 9 2 3 12 1 4 10 1 4 11 1 4 13 1 5 7 1 5 10 1 6 8 1 6 11 1 7 12 1 8 13 1
R 3600 42 63 NOT6 B chi=7 | 14 19  0 4 1 0 8 1 0 11 1 1 5 1 1 9 1 1 13 1 2 6 1 2 10 1 2 13 1 3 7 1 3 11 1 3 12 1 4 8 1 4 11 1 5 9 2 6 10 2 7 12 1 7 13 1 8 12 1
R 3601 42 63 NOT6 B chi=7 | 14 20  0 4 1 0 8 1 0 10 1 1 5 1 1 9 1 1 12 1 2 6 1 2 10 1 2 11 1 3 7 1 3 12 1 3 13 1 4 8 1 4 10 1 5 9 2 6 11 1 6 13 1 7 12 1 7 13 1 8 11 1
R 3602 42 63 6 706 3 4 5 0 1 2 3 5 4 0 2 5 1 2 3 2 3 0 0 2 3 3 5 4 0 2 5 1 0 4 0 3 1 3 2 4 5 0 1 4 1 2 0 1 2 4 3 5 1 2 0 1 4 3 4 5 1 5 5 4 2 0 3 | 14 21  0 4 1 0 8 1 0 9 1 1 5 1 1 9 1 1 10 1 2 6 1 2 10 1 2 11 1 3 7 1 3 10 1 3 13 1 4 8 1 4 9 1 5 11 1 5 13 1 6 11 1 6 12 1 7 12 1 7 13 1 8 12 1
R 3603 42 63 6 152 3 4 5 0 1 2 0 1 4 1 3 0 1 2 3 2 3 5 2 4 5 0 4 1 0 2 5 1 0 4 3 4 1 2 0 3 2 1 4 4 2 0 0 1 2 4 3 5 3 2 5 2 4 5 4 5 0 1 1 0 5 3 3 | 14 21  0 4 1 0 8 1 0 9 1 1 5 1 1 9 1 1 10 1 2 6 1 2 10 1 2 11 1 3 7 1 3 11 1 3 13 1 4 8 1 4 9 1 5 10 1 5 13 1 6 11 1 6 12 1 7 12 1 7 13 1 8 12 1
R 3604 42 63 6 B 3 5 2 3 0 1 1 5 4 2 3 4 2 0 5 5 1 0 4 3 2 4 5 0 1 5 3 0 1 2 2 5 0 1 0 4 3 1 5 1 0 4 1 0 4 2 5 4 0 3 2 1 0 5 4 3 3 4 1 5 2 3 2 | 14 21  0 4 1 0 8 1 0 9 1 1 5 1 1 9 1 1 10 1 2 6 1 2 10 1 2 11 1 3 7 1 3 12 1 3 13 1 4 8 1 4 9 1 5 11 1 5 12 1 6 10 1 6 11 1 7 12 1 7 13 1 8 13 1
R 3605 42 63 6 120 3 4 5 0 1 2 0 1 3 0 1 5 1 2 3 2 3 5 5 2 0 4 2 1 0 2 5 1 0 4 4 0 1 0 2 4 1 3 2 3 4 5 0 1 2 4 3 5 4 2 5 3 4 2 4 5 1 0 3 1 5 0 3 | 14 21  0 4 1 0 8 1 0 9 1 1 5 1 1 9 1 1 10 1 2 6 1 2 10 1 2 11 1 3 7 1 3 12 1 3 13 1 4 8 1 4 9 1 5 11 1 5 12 1 6 11 1 6 13 1 7 12 1 7 13 1 8 10 1
R 3606 42 63 6 216 3 4 5 0 1 2 1 0 3 1 0 2 1 2 3 3 5 0 4 3 5 2 4 1 0 2 5 1 0 4 4 0 1 0 2 3 2 4 3 1 3 2 0 1 2 4 3 5 2 4 5 3 5 4 4 5 2 1 1 0 0 5 3 | 14 21  0 4 1 0 8 1 0 9 1 1 5 1 1 9 1 1 10 1 2 6 1 2 11 1 2 12 1 3 7 1 3 11 1 3 13 1 4 8 1 4 9 1 5 10 1 5 11 1 6 12 1 6 13 1 7 12 1 7 13 1 8 10 1
R 3607 42 63 6 500 3 4 5 0 1 2 1 0 3 4 3 0 1 2 3 2 3 0 2 3 5 1 5 4 0 2 5 1 0 4 4 0 1 2 3 4 4 2 0 4 3 2 0 1 2 4 3 5 4 2 5 2 5 1 4 5 5 1 0 1 3 0 3 | 14 21  0 4 1 0 8 1 0 9 1 1 5 1 1 9 1 1 13 1 2 6 1 2 10 1 2 12 1 3 7 1 3 11 1 3 13 1 4 8 1 4 9 1 5 10 1 5 11 1 6 11 1 6 12 1 7 12 1 7 13 1 8 10 1
R 3608 42 63 6 302 3 4 5 0 1 2 1 5 3 4 3 1 1 2 3 2 3 0 4 2 3 5 2 4 0 2 5 1 0 4 2 0 1 0 4 3 4 2 0 4 3 0 0 1 2 4 3 5 0 4 2 0 5 2 4 5 1 5 5 1 3 1 3 | 14 21  0 4 1 0 8 1 0 9 1 1 5 1 1 9 1 1 13 1 2 6 1 2 10 1 2 11 1 3 7 1 3 11 1 3 13 1 4 8 1 4 9 1 5 11 1 5 12 1 6 10 1 6 12 1 7 12 1 7 13 1 8 10 1
