R 75054 54 81 6 2651 3 4 5 1 0 4 0 1 2 3 0 4 0 1 2 0 1 5 2 5 3 1 2 3 3 4 5 2 0 3 4 2 5 3 5 4 1 0 4 0 3 1 2 0 1 3 0 2 1 3 2 2 4 1 0 1 2 2 3 5 4 3 5 1 2 5 3 4 5 2 4 3 0 1 4 5 4 1 0 5 0 | 18 26  0 7 1 0 9 1 0 12 1 1 8 1 1 14 1 1 16 1 2 9 1 2 12 1 2 13 1 3 10 1 3 13 1 3 14 1 4 10 1 4 13 1 4 15 1 5 11 1 5 15 1 5 17 1 6 11 2 6 16 1 7 12 1 7 14 1 8 15 1 8 16 1 9 17 1 10 17 1
R 12346 54 81 6 78 1 2 3 0 4 2 3 5 4 0 3 4 2 0 1 1 2 3 0 1 5 2 0 1 3 4 5 0 2 1 2 4 5 1 0 4 0 2 3 2 1 0 1 5 4 1 4 0 3 2 0 5 0 3 0 4 5 3 5 1 0 2 1 1 5 2 3 5 4 5 4 0 4 2 3 3 5 4 1 2 3 | 18 26  0 8 1 0 9 2 1 9 1 1 15 1 1 17 1 2 10 1 2 11 1 2 12 1 3 10 1 3 13 1 3 15 1 4 11 1 4 12 1 4 16 1 5 11 1 5 13 1 5 14 1 6 12 1 6 14 1 6 15 1 7 14 1 7 16 1 7 17 1 8 16 1 8 17 1 10 13 1
R 24973 54 81 6 120 3 1 2 3 1 4 4 0 5 0 2 3 3 0 2 2 4 1 4 1 5 3 0 1 0 2 1 2 4 5 0 1 3 1 2 0 2 3 1 4 1 3 0 2 4 3 4 5 2 4 0 4 3 0 4 5 0 0 2 5 3 1 2 4 1 5 4 5 1 3 0 5 0 2 3 4 5 2 3 1 5 | 18 25  0 8 2 0 15 1 1 9 1 1 10 2 2 9 1 2 14 1 2 17 1 3 10 1 3 16 1 3 17 1 4 11 1 4 13 1 4 15 1 5 11 1 5 13 1 5 16 1 6 12 1 6 13 1 6 14 1 7 12 1 7 14 1 7 15 1 8 16 1 9 17 1 11 12 1
R 72175 54 81 6 666 3 4 5 0 1 3 1 2 0 3 4 1 0 3 2 1 4 5 0 4 2 1 2 3 3 4 5 0 2 3 1 4 0 4 0 2 1 3 0 2 1 3 4 2 3 1 2 4 5 0 2 0 1 4 0 1 2 2 4 5 4 5 3 2 5 0 1 4 5 2 0 3 1 5 3 4 5 0 1 5 3 | 18 25  0 7 1 0 9 1 0 17 1 1 8 1 1 13 1 1 14 1 2 9 2 2 10 1 3 10 1 3 11 1 3 13 1 4 11 1 4 12 2 5 12 1 5 14 1 5 15 1 6 14 1 6 15 1 6 16 1 7 16 1 7 17 1 8 15 1 8 16 1 10 13 1 11 17 1
R 23202 54 81 6 191 3 4 5 3 4 2 1 2 0 5 1 0 3 4 0 1 0 2 2 4 3 1 5 0 1 2 3 0 2 4 0 1 2 2 0 3 5 4 0 3 1 5 0 4 2 2 1 0 1 0 4 5 1 3 0 1 2 1 5 0 5 3 4 3 4 2 1 5 2 4 5 3 1 0 5 2 3 4 4 5 3 | 18 25  0 8 1 0 14 1 0 16 1 1 9 1 1 10 1 1 17 1 2 9 1 2 12 1 2 13 1 3 10 2 3 13 1 4 11 1 4 15 1 4 17 1 5 11 2 5 16 1 6 12 1 6 13 1 6 14 1 7 12 1 7 14 1 7 17 1 8 15 1 8 16 1 9 15 1
R 34880 54 81 6 111 3 4 5 0 1 2 3 4 2 0 1 4 0 5 1 2 3 4 1 5 0 3 5 2 1 2 3 2 3 0 1 3 4 0 2 5 0 1 3 1 2 4 3 4 0 0 1 2 4 0 5 2 3 1 0 1 2 4 5 3 1 0 5 2 3 5 4 2 3 0 1 5 3 2 4 4 1 0 4 5 5 | 18 27  0 8 1 0 11 1 0 12 1 1 9 1 1 10 1 1 11 1 2 9 1 2 10 1 2 12 1 3 10 1 3 13 1 3 17 1 4 12 1 4 14 1 4 16 1 5 13 1 5 14 1 5 15 1 6 15 1 6 16 1 6 17 1 7 15 1 7 16 1 7 17 1 8 11 1 8 14 1 9 13 1
R 89329 54 81 6 94 3 4 5 0 1 2 1 3 2 0 4 1 0 4 1 2 4 5 0 3 5 1 2 3 2 3 5 0 2 5 2 0 1 1 0 4 3 4 1 4 0 2 5 1 4 0 2 1 0 3 4 2 3 4 0 1 2 4 3 5 4 5 0 3 2 5 2 3 5 3 1 0 4 2 1 4 5 0 1 3 5 | 18 27  0 7 1 0 9 1 0 11 1 1 8 1 1 11 1 1 12 1 2 10 1 2 13 1 2 14 1 3 10 1 3 14 1 3 15 1 4 12 1 4 13 1 4 16 1 5 15 1 5 16 1 5 17 1 6 15 1 6 16 1 6 17 1 7 9 1 7 11 1 8 12 1 8 13 1 9 14 1 10 17 1
R 75611 54 81 6 2418 3 4 5 3 2 5 1 2 0 0 1 2 0 3 4 0 1 5 3 4 5 1 2 3 0 5 2 0 2 3 2 3 5 5 4 2 1 0 4 0 1 3 4 1 2 0 1 5 0 3 1 3 1 2 0 1 2 1 4 0 4 3 5 4 3 5 1 5 2 3 2 4 0 1 2 4 5 3 4 5 0 | 18 26  0 7 1 0 9 1 0 12 1 1 8 1 1 13 1 1 14 1 2 9 1 2 14 1 2 17 1 3 10 1 3 12 1 3 13 1 4 10 1 4 14 1 4 15 1 5 11 1 5 13 1 5 17 1 6 11 2 6 16 1 7 15 1 7 16 1 8 15 1 8 16 1 9 12 1 10 17 1
R 86444 54 81 6 3209 3 4 5 4 1 3 0 3 4 0 2 1 1 0 4 3 4 2 0 1 2 1 2 3 2 3 5 1 4 3 5 4 0 3 1 2 0 2 3 4 2 5 1 2 0 1 0 4 0 1 3 0 2 4 0 1 2 0 2 5 2 5 1 5 4 3 2 5 3 1 0 5 4 3 5 4 5 4 1 0 3 | 18 27  0 7 1 0 13 1 0 15 1 1 8 1 1 16 1 1 17 1 2 9 1 2 11 1 2 12 1 3 9 1 3 11 1 3 17 1 4 10 1 4 12 1 4 14 1 5 10 1 5 13 1 5 14 1 6 12 1 6 15 1 6 16 1 7 14 1 7 15 1 8 16 1 8 17 1 9 11 1 10 13 1
R 56486 54 81 6 125 1 2 3 0 1 3 0 4 2 0 4 1 1 5 3 0 2 3 0 1 2 3 4 5 5 3 2 2 1 4 0 2 1 2 1 3 4 0 3 0 3 4 2 4 5 1 2 3 3 4 0 0 3 1 0 4 5 4 5 2 3 1 5 3 2 5 4 2 0 1 5 4 3 4 5 1 2 0 1 5 0 | 18 26  0 7 1 0 10 2 1 8 1 1 11 1 1 12 1 2 9 1 2 12 1 2 13 1 3 10 1 3 16 1 3 17 1 4 11 1 4 13 1 4 14 1 5 13 1 5 15 1 5 17 1 6 14 1 6 15 1 6 16 1 7 16 1 7 17 1 8 11 1 8 14 1 9 12 1 9 15 1
R 63382 54 81 6 105 3 4 5 0 1 4 5 1 4 1 0 2 3 4 2 1 2 3 0 1 2 1 2 3 3 5 0 3 4 1 3 2 0 0 2 3 1 0 4 1 2 5 1 0 4 0 3 1 4 0 2 3 2 1 0 1 2 2 3 5 0 3 2 4 5 3 1 5 0 4 5 0 5 4 3 4 5 1 4 2 5 | 18 26  0 7 1 0 11 1 0 12 1 1 8 1 1 13 1 1 17 1 2 9 1 2 14 1 2 15 1 3 10 2 3 12 1 4 10 1 4 15 1 4 17 1 5 11 1 5 12 1 5 13 1 6 11 1 6 15 1 6 16 1 7 13 1 7 14 1 8 16 1 8 17 1 9 14 1 9 16 1
R 54293 54 81 6 153 1 2 3 1 0 3 1 4 2 0 4 2 1 0 2 4 5 0 0 3 1 3 4 5 2 3 5 2 0 1 0 2 1 2 0 3 4 1 3 0 1 4 1 4 3 2 3 0 2 4 0 0 5 3 0 4 5 4 5 2 3 0 5 3 5 1 4 3 5 1 2 3 2 4 5 1 2 0 1 5 4 | 18 26  0 7 1 0 10 2 1 8 1 1 11 1 1 12 1 2 9 1 2 12 1 2 13 1 3 10 1 3 12 1 3 17 1 4 11 1 4 13 1 4 14 1 5 11 1 5 14 1 5 16 1 6 13 1 6 15 1 6 16 1 7 16 1 7 17 1 8 14 1 8 15 1 9 15 1 9 17 1
R 82321 54 81 6 2378 3 4 5 2 1 5 5 1 2 0 3 1 0 3 4 2 4 0 4 1 2 1 2 3 3 5 4 2 0 1 1 3 2 4 3 0 0 2 3 3 2 5 1 4 0 0 2 5 1 0 4 3 1 0 0 1 2 0 3 4 3 0 4 4 2 5 5 1 2 1 3 5 0 3 5 4 5 1 2 5 4 | 18 26  0 7 1 0 12 1 0 16 1 1 8 1 1 14 1 1 15 1 2 9 1 2 10 1 2 12 1 3 9 1 3 11 2 4 10 1 4 13 1 4 14 1 5 11 1 5 16 1 5 17 1 6 13 1 6 15 1 6 16 1 7 13 1 7 14 1 8 15 1 8 17 1 9 12 1 10 17 1
R 91092 54 81 6 149891 3 4 5 2 3 5 1 0 3 5 0 1 1 2 4 1 4 3 1 2 3 5 0 2 4 3 0 2 1 4 0 2 4 4 3 2 2 5 3 1 2 0 4 0 1 0 1 3 4 5 3 1 2 4 0 1 2 4 0 1 2 4 5 3 4 2 5 0 3 5 2 0 4 5 1 3 1 5 5 0 3 | 18 26  0 6 1 0 10 1 0 15 1 1 7 1 1 11 2 2 8 1 2 12 1 2 13 1 3 9 1 3 15 1 3 16 1 4 10 1 4 12 1 4 13 1 5 11 1 5 14 1 5 17 1 6 13 1 6 14 1 7 16 1 7 17 1 8 12 1 8 17 1 9 15 1 9 16 1 10 14 1
R 82524 54 81 6 113 3 4 5 0 1 2 0 1 3 2 4 3 1 5 2 1 0 4 0 5 2 1 2 3 2 4 5 3 4 5 2 1 0 0 4 2 0 2 3 1 3 4 2 0 3 5 1 2 3 0 4 3 0 2 0 1 2 3 5 4 2 4 5 0 1 5 3 4 0 3 2 5 4 3 1 4 5 1 0 1 5 | 18 26  0 7 1 0 12 1 0 13 1 1 8 1 1 13 1 1 17 1 2 9 1 2 10 1 2 14 1 3 9 1 3 11 2 4 10 1 4 12 1 4 13 1 5 11 1 5 16 1 5 17 1 6 14 1 6 15 1 6 16 1 7 15 1 7 16 1 8 14 1 8 15 1 9 17 1 10 12 1
R 27616 54 81 6 875 3 4 5 1 4 2 0 3 5 0 1 2 3 4 1 2 0 5 4 1 5 2 5 0 1 2 3 2 0 1 4 2 1 4 5 0 0 2 3 0 1 3 1 5 2 3 1 0 0 4 5 3 2 4 0 1 2 3 5 0 4 2 1 3 5 4 0 2 5 1 3 4 2 3 0 4 3 1 4 5 5 | 18 25  0 8 1 0 12 1 0 13 1 1 9 1 1 13 1 1 14 1 2 9 1 2 15 1 2 16 1 3 10 2 3 12 1 4 10 1 4 16 1 4 17 1 5 11 2 5 13 1 6 11 1 6 14 1 6 17 1 7 15 1 7 16 1 7 17 1 8 14 1 8 15 1 9 12 1
R 63034 54 81 6 278 3 4 5 0 4 2 0 3 4 3 0 1 4 1 2 1 2 3 0 1 2 1 2 3 3 2 4 4 5 0 2 1 3 0 2 3 1 0 4 1 3 5 4 2 0 5 2 1 0 1 4 3 0 4 0 1 2 5 3 1 1 2 5 4 5 2 0 5 3 4 5 0 5 4 3 4 5 1 0 3 2 | 18 26  0 7 1 0 11 1 0 12 1 1 8 1 1 12 1 1 17 1 2 9 1 2 13 1 2 16 1 3 10 1 3 14 1 3 17 1 4 10 2 4 16 1 5 11 1 5 12 1 5 13 1 6 11 1 6 13 1 6 14 1 7 15 1 7 17 1 8 14 1 8 15 1 9 15 1 9 16 1
R 18972 54 81 6 220 3 1 2 2 1 3 4 5 0 0 3 2 3 0 1 1 0 4 2 4 5 0 5 3 0 2 1 0 5 1 4 1 2 2 3 5 5 4 3 2 0 4 3 4 5 1 0 5 2 0 1 2 4 1 4 5 0 4 0 5 2 3 1 5 1 4 4 5 2 2 5 3 0 1 3 1 2 4 3 3 0 | 18 24  0 8 2 0 14 1 1 9 1 1 10 1 1 17 1 2 9 2 2 11 1 3 10 1 3 14 1 3 15 1 4 11 1 4 13 1 4 14 1 5 12 1 5 16 1 5 17 1 6 12 2 6 16 1 7 13 1 7 15 1 7 16 1 8 15 1 10 13 1 11 17 1
R 10646 54 81 6 433 3 1 2 0 2 3 3 4 1 5 2 0 3 1 2 0 2 5 2 4 0 5 3 4 0 2 1 3 4 5 0 1 3 5 2 4 1 2 0 4 1 2 2 0 4 5 0 3 3 1 2 4 3 0 4 5 0 1 4 5 2 0 5 4 3 1 0 4 5 1 3 4 3 1 5 1 2 0 3 2 5 | 18 25  0 8 2 0 9 1 1 9 1 1 12 1 1 13 1 2 10 1 2 13 1 2 14 1 3 10 1 3 13 1 3 17 1 4 11 1 4 15 1 4 17 1 5 11 2 5 16 1 6 12 1 6 15 1 6 16 1 7 14 1 7 15 1 7 16 1 8 14 1 9 17 1 10 12 1
R 70823 54 81 6 1568 3 4 5 1 2 4 1 2 3 0 5 1 0 1 4 0 4 2 5 1 2 1 2 3 4 0 3 0 2 3 5 2 1 4 5 3 2 1 3 1 0 4 1 0 2 3 4 0 5 4 0 0 4 2 0 1 2 5 0 3 4 0 5 4 2 3 2 3 5 5 3 1 0 4 3 4 5 2 1 5 1 | 18 25  0 7 1 0 9 1 0 13 1 1 8 1 1 10 2 2 9 1 2 11 1 2 14 1 3 10 1 3 15 1 3 17 1 4 11 1 4 14 1 4 17 1 5 12 1 5 13 1 5 15 1 6 12 2 6 16 1 7 14 1 7 15 1 8 16 1 8 17 1 9 13 1 11 16 1
R 3657 54 81 6 3714 1 2 3 3 0 2 2 1 3 0 4 1 0 2 4 0 4 1 3 2 4 1 2 3 3 4 5 4 2 0 0 3 1 4 2 1 0 2 1 2 4 0 3 0 4 3 1 2 2 5 4 0 3 1 0 4 5 1 5 4 4 5 0 2 3 5 3 5 1 3 2 5 1 0 5 5 0 4 1 2 3 | 18 22  0 8 1 0 12 2 1 9 2 1 15 1 2 10 2 2 11 1 3 10 1 3 13 2 4 11 2 4 14 1 5 12 1 5 14 1 5 15 1 6 13 1 6 15 1 6 17 1 7 14 1 7 16 1 7 17 1 8 16 1 8 17 1 9 16 1
R 70667 54 81 6 740 3 4 5 2 0 4 1 2 0 1 0 3 0 4 2 0 2 1 3 4 5 1 2 3 1 4 5 0 2 3 3 0 4 2 4 1 5 4 2 1 0 4 1 3 2 3 0 2 1 3 4 3 1 0 0 1 2 3 1 5 4 3 5 2 5 4 5 3 1 3 5 4 0 1 2 4 5 0 2 5 0 | 18 25  0 7 1 0 9 1 0 13 1 1 8 1 1 10 1 1 17 1 2 9 1 2 11 1 2 14 1 3 10 2 3 14 1 4 11 1 4 13 1 4 15 1 5 12 1 5 15 1 5 17 1 6 12 2 6 16 1 7 15 1 7 16 1 8 16 1 8 17 1 9 13 1 11 14 1
R 20816 54 81 6 159 3 4 5 4 2 1 2 0 1 0 3 4 1 0 2 4 2 5 0 1 2 3 2 5 1 2 3 1 3 4 0 2 4 5 2 3 5 2 0 0 2 5 1 0 4 3 0 1 2 4 1 1 0 3 0 1 2 0 3 5 5 4 3 1 5 2 4 3 5 0 1 3 3 5 4 1 4 0 4 5 2 | 18 24  0 8 1 0 13 1 0 14 1 1 9 1 1 10 2 2 9 1 2 15 1 2 16 1 3 10 1 3 16 1 3 17 1 4 11 1 4 13 1 4 17 1 5 11 2 5 14 1 6 12 1 6 15 1 6 17 1 7 12 2 7 16 1 8 13 1 8 14 1 9 15 1
R 68753 54 81 6 2044 3 4 5 1 0 2 3 0 4 1 2 5 0 3 1 0 1 4 2 3 5 1 2 3 2 3 0 2 4 5 0 2 5 1 0 3 2 0 1 3 4 5 1 2 4 3 4 0 0 1 4 1 3 2 0 1 2 4 3 5 1 2 5 4 3 0 4 2 5 2 3 5 0 1 4 4 5 1 5 3 0 | 18 27  0 7 1 0 10 1 0 11 1 1 8 1 1 10 1 1 11 1 2 9 1 2 16 1 2 17 1 3 11 1 3 12 1 3 13 1 4 12 1 4 15 1 4 16 1 5 13 1 5 14 1 5 15 1 6 14 1 6 15 1 6 17 1 7 10 1 7 12 1 8 13 1 8 14 1 9 16 1 9 17 1
R 88000 54 81 6 1677 3 4 5 1 0 3 5 1 3 0 4 2 2 4 5 1 3 5 0 2 1 1 2 3 3 4 0 0 2 5 2 4 3 4 0 1 5 3 4 1 0 4 2 0 1 1 2 3 0 2 3 0 2 1 0 1 2 2 4 5 0 2 4 1 3 5 1 0 3 0 2 4 3 4 5 4 5 5 1 3 5 | 18 25  0 7 1 0 9 1 0 13 1 1 8 1 1 14 1 1 15 1 2 10 1 2 11 1 2 17 1 3 10 1 3 11 2 4 12 1 4 15 1 4 17 1 5 12 2 5 16 1 6 13 1 6 15 1 6 16 1 7 9 1 7 13 1 8 14 1 8 16 1 9 14 1 10 17 1
R 22559 54 81 6 416 3 4 5 2 1 4 3 0 4 0 5 2 1 3 2 0 2 4 0 1 2 0 4 1 1 2 3 0 4 1 2 5 3 4 2 5 0 2 3 1 0 2 0 1 3 0 2 4 3 1 0 1 2 0 0 1 2 3 5 0 2 1 5 1 4 3 0 4 5 1 3 5 5 4 3 3 5 2 4 5 4 | 18 25  0 8 1 0 12 1 0 14 1 1 9 2 1 10 1 2 9 1 2 15 1 2 17 1 3 10 1 3 16 1 3 17 1 4 11 1 4 12 1 4 13 1 5 11 2 5 14 1 6 12 1 6 14 1 6 15 1 7 13 1 7 15 1 7 16 1 8 13 1 8 16 1 10 17 1
R 24863 54 81 6 172 3 1 2 2 4 0 1 0 3 1 3 5 5 4 0 3 0 2 4 0 1 2 5 4 0 2 1 3 0 4 1 4 2 1 3 5 3 4 2 2 4 1 1 2 0 3 4 5 0 4 5 0 1 2 4 5 0 1 3 5 2 5 4 0 2 4 2 1 3 4 5 1 5 3 2 0 1 3 3 5 0 | 18 25  0 8 2 0 15 1 1 9 1 1 10 2 2 9 1 2 13 1 2 14 1 3 10 1 3 16 1 3 17 1 4 11 1 4 12 1 4 13 1 5 11 1 5 14 1 5 15 1 6 12 1 6 14 1 6 15 1 7 13 1 7 16 1 7 17 1 8 16 1 9 17 1 11 12 1
R 81166 54 81 6 334 3 1 2 0 2 4 4 0 2 1 0 3 1 5 4 0 2 3 0 2 3 0 2 1 3 4 2 2 3 5 3 1 2 3 4 5 1 2 4 0 1 2 0 3 1 2 0 4 1 4 0 5 1 3 4 5 0 1 5 3 1 5 3 4 5 2 0 2 3 1 4 5 4 1 5 3 5 0 0 4 2 | 18 26  0 7 2 0 11 1 1 8 1 1 12 1 1 13 1 2 9 1 2 10 1 2 12 1 3 9 1 3 13 1 3 16 1 4 10 1 4 14 1 4 15 1 5 11 1 5 13 1 5 14 1 6 14 1 6 15 1 6 16 1 7 16 1 8 15 1 8 17 1 9 12 1 10 17 1 11 17 1
R 76233 54 81 6 7363 3 4 5 0 1 2 1 2 3 5 1 0 1 0 4 0 4 2 3 1 5 1 2 3 2 4 5 0 2 3 2 0 4 5 1 4 2 5 3 3 1 0 1 0 2 1 3 4 3 0 2 3 4 0 0 1 2 3 4 5 4 0 5 3 4 2 5 2 3 3 5 1 0 2 4 4 5 0 1 5 1 | 18 26  0 7 1 0 9 1 0 15 1 1 8 1 1 13 1 1 16 1 2 9 1 2 12 1 2 14 1 3 10 1 3 12 1 3 17 1 4 10 1 4 13 1 4 14 1 5 11 1 5 15 1 5 17 1 6 11 2 6 16 1 7 14 1 7 17 1 8 15 1 8 16 1 9 13 1 10 12 1
R 67406 54 81 6 355 3 4 5 0 1 4 5 4 0 1 2 3 0 1 2 0 1 4 2 4 3 1 2 3 5 3 0 3 2 5 0 2 3 0 1 4 1 2 4 0 2 3 3 0 1 1 2 5 0 2 1 5 3 4 0 1 2 2 3 5 1 3 2 4 5 0 5 3 4 5 2 3 1 5 0 4 5 4 1 4 0 | 18 27  0 7 1 0 10 1 0 11 1 1 8 1 1 12 1 1 13 1 2 9 1 2 15 1 2 17 1 3 10 1 3 11 1 3 12 1 4 10 1 4 11 1 4 14 1 5 12 1 5 14 1 5 16 1 6 13 1 6 14 1 6 15 1 7 15 1 7 16 1 8 13 1 8 17 1 9 16 1 9 17 1
R 25393 54 81 6 4319 3 4 5 3 4 0 0 1 2 1 2 5 5 3 4 1 2 5 0 1 2 0 4 5 1 2 3 2 0 3 1 4 3 0 2 5 3 1 4 1 5 3 0 2 5 1 0 4 0 4 2 0 1 2 0 1 2 1 2 5 4 3 5 0 3 4 1 2 0 3 0 4 4 5 3 2 1 3 4 5 5 | 18 26  0 8 1 0 14 1 0 15 1 1 9 1 1 10 2 2 9 1 2 15 1 2 16 1 3 10 1 3 16 1 3 17 1 4 11 1 4 12 1 4 13 1 5 11 1 5 12 1 5 13 1 6 11 1 6 12 1 6 14 1 7 13 1 7 16 1 7 17 1 8 14 1 8 15 1 9 17 1
R 4239 54 81 6 129 3 1 2 4 0 2 0 4 2 3 1 2 0 3 1 0 3 4 2 0 1 3 4 5 0 2 1 1 2 0 2 1 0 1 3 2 4 3 2 5 4 2 3 4 1 3 4 5 0 1 5 0 3 2 4 5 0 3 5 1 3 5 1 4 5 0 4 2 5 1 5 2 3 5 4 0 1 2 3 4 0 | 18 22  0 8 2 0 15 1 1 9 2 1 15 1 2 10 1 2 11 1 2 17 1 3 10 2 3 12 1 4 11 1 4 15 1 4 17 1 5 12 2 5 16 1 6 13 1 6 14 1 6 17 1 7 13 2 7 14 1 8 16 1 9 16 1 11 14 1
R 62667 54 81 6 283 3 4 5 1 0 2 4 5 2 0 1 2 3 4 5 0 1 2 4 0 1 1 2 3 2 5 4 3 2 1 4 2 1 0 2 3 0 1 4 3 0 5 1 5 2 3 0 2 2 0 4 1 3 0 0 1 2 3 5 4 0 3 1 3 5 4 0 1 2 5 3 4 2 5 3 4 5 1 0 4 5 | 18 26  0 7 1 0 11 1 0 12 1 1 8 1 1 12 1 1 17 1 2 9 1 2 14 1 2 15 1 3 10 2 3 11 1 4 10 1 4 16 1 4 17 1 5 11 1 5 12 1 5 13 1 6 13 1 6 15 1 6 16 1 7 15 1 7 16 1 8 13 1 8 14 1 9 14 1 9 17 1
R 35221 54 81 6 108 3 4 5 0 2 3 1 3 4 0 1 2 3 2 4 0 1 2 5 2 3 1 0 4 1 2 3 4 3 0 2 1 4 0 1 3 0 2 3 0 3 1 1 5 4 5 2 4 3 0 2 3 0 1 0 1 2 1 5 4 5 2 0 3 5 4 0 5 1 5 3 4 4 0 1 3 5 2 4 5 2 | 18 27  0 8 1 0 12 1 0 13 1 1 9 1 1 10 1 1 11 1 2 9 1 2 11 1 2 15 1 3 10 1 3 11 1 3 12 1 4 10 1 4 13 1 4 16 1 5 12 1 5 14 1 5 17 1 6 13 1 6 14 1 6 15 1 7 15 1 7 16 1 7 17 1 8 16 1 8 17 1 9 14 1
R 92682 54 81 6 410 3 4 5 0 1 2 0 1 3 0 2 1 1 2 4 0 4 5 1 2 3 2 3 0 5 3 4 3 1 0 0 2 4 1 0 4 2 1 0 5 0 3 4 2 5 3 2 1 4 0 1 0 5 2 0 1 2 4 3 5 2 5 4 5 4 3 5 3 0 2 3 1 5 4 1 5 1 0 2 4 3 | 18 27  0 6 1 0 10 1 0 11 1 1 7 1 1 11 1 1 16 1 2 8 1 2 12 1 2 13 1 3 9 1 3 15 1 3 17 1 4 10 1 4 12 1 4 15 1 5 13 1 5 14 1 5 17 1 6 11 1 6 12 1 7 14 1 7 15 1 8 13 1 8 14 1 9 16 1 9 17 1 10 16 1
R 91094 54 81 6 478 3 4 5 2 4 3 1 0 4 0 1 4 1 2 3 0 5 2 1 2 3 5 1 4 5 3 0 3 4 1 0 2 3 0 4 2 2 3 4 1 2 0 1 2 4 1 0 3 0 2 1 3 4 0 0 1 2 0 1 5 2 5 3 2 3 5 4 0 5 3 4 1 4 5 3 2 1 4 0 5 5 | 18 26  0 6 1 0 10 1 0 15 1 1 7 1 1 11 2 2 8 1 2 12 1 2 14 1 3 9 1 3 13 1 3 16 1 4 10 1 4 12 1 4 13 1 5 11 1 5 15 1 5 17 1 6 13 1 6 14 1 7 16 1 7 17 1 8 12 1 8 16 1 9 14 1 9 15 1 10 17 1
R 13361 54 81 6 606 3 4 5 1 2 0 0 2 5 4 3 5 2 1 3 4 5 3 0 2 4 1 0 4 1 2 3 0 2 3 1 0 4 5 2 3 0 1 4 4 5 0 3 4 2 1 4 2 3 0 2 3 0 1 0 1 2 4 3 5 3 1 4 0 2 1 4 5 0 1 2 0 3 5 1 3 5 2 4 5 5 | 18 27  0 8 1 0 9 1 0 10 1 1 9 1 1 13 1 1 14 1 2 10 1 2 14 1 2 17 1 3 11 1 3 12 1 3 13 1 4 11 1 4 12 1 4 14 1 5 11 1 5 13 1 5 15 1 6 12 1 6 15 1 6 16 1 7 15 1 7 16 1 7 17 1 8 16 1 8 17 1 9 10 1
R 43947 54 81 6 6312 3 4 5 4 5 3 1 0 2 1 2 3 1 0 4 0 2 4 5 1 3 1 2 3 0 1 5 3 2 0 0 2 3 2 5 4 3 1 4 1 0 4 2 0 1 3 0 4 5 1 2 3 2 0 0 1 2 2 0 1 4 5 3 4 5 0 3 2 5 5 3 1 0 2 4 5 4 3 4 1 5 | 18 24  0 7 1 0 10 1 0 13 1 1 8 1 1 11 2 2 9 2 2 13 1 3 10 1 3 14 1 3 16 1 4 11 1 4 15 1 4 17 1 5 12 1 5 14 1 5 17 1 6 12 2 6 16 1 7 13 1 7 14 1 8 16 1 8 17 1 9 15 1 10 15 1
R 25545 54 81 6 82 3 4 5 3 4 0 2 1 4 1 2 5 1 2 0 0 2 4 5 0 3 1 5 4 1 2 3 0 1 4 2 4 3 0 2 5 1 0 4 1 3 4 2 3 5 4 3 0 0 2 1 1 0 2 0 1 2 2 1 5 3 5 0 0 3 4 3 4 5 3 1 5 2 1 4 0 2 3 4 5 5 | 18 26  0 8 1 0 11 1 0 12 1 1 9 1 1 10 2 2 9 1 2 13 1 2 14 1 3 10 1 3 16 1 3 17 1 4 11 1 4 14 1 4 15 1 5 12 1 5 14 1 5 16 1 6 13 1 6 15 1 6 16 1 7 13 1 7 15 1 7 17 1 8 11 1 8 12 1 9 17 1
R 25145 54 81 6 115 3 4 5 0 2 1 3 2 4 3 5 0 1 2 0 0 1 2 1 4 5 3 0 2 1 2 3 1 3 4 5 2 0 0 2 3 0 2 3 1 0 4 2 0 1 4 5 0 1 5 3 3 1 0 0 1 2 5 3 4 0 1 5 1 2 4 5 4 3 4 3 5 3 2 0 5 1 4 5 4 2 | 18 26  0 8 1 0 12 1 0 13 1 1 9 1 1 10 2 2 9 1 2 11 1 2 12 1 3 10 1 3 16 1 3 17 1 4 11 1 4 12 1 4 15 1 5 11 1 5 13 1 5 17 1 6 14 1 6 15 1 6 16 1 7 14 1 7 15 1 7 16 1 8 13 1 8 14 1 9 17 1
R 77351 54 81 6 162 3 4 5 0 1 2 1 2 3 0 2 4 1 3 2 0 1 5 5 0 4 1 2 3 2 3 1 0 2 3 4 5 2 1 0 4 4 3 2 3 0 4 0 1 3 1 0 2 2 3 0 1 2 4 0 1 2 4 3 5 4 0 5 3 1 5 0 4 5 2 3 4 2 1 3 4 5 5 0 5 1 | 18 27  0 7 1 0 9 1 0 11 1 1 8 1 1 11 1 1 12 1 2 9 1 2 12 1 2 14 1 3 10 1 3 12 1 3 13 1 4 10 1 4 14 1 4 15 1 5 13 1 5 15 1 5 16 1 6 14 1 6 16 1 6 17 1 7 15 1 7 17 1 8 16 1 8 17 1 9 11 1 10 13 1
R 35479 54 81 6 682 3 4 5 0 1 2 3 4 0 1 2 4 5 0 4 0 1 2 5 0 3 1 2 3 1 2 3 2 4 0 3 1 4 0 2 3 0 1 3 0 1 3 1 2 0 2 0 4 5 2 4 3 1 0 0 1 2 3 5 4 1 5 2 0 5 3 2 3 1 5 3 4 4 2 1 4 0 5 4 5 5 | 18 27  0 8 1 0 11 1 0 12 1 1 9 1 1 10 1 1 11 1 2 9 1 2 14 1 2 17 1 3 10 1 3 12 1 3 14 1 4 10 1 4 15 1 4 16 1 5 11 1 5 16 1 5 17 1 6 12 1 6 13 1 6 15 1 7 13 1 7 16 1 7 17 1 8 14 1 8 15 1 9 13 1
R 38943 54 81 6 516 1 2 3 0 2 3 0 5 2 5 4 2 4 1 3 5 1 4 0 2 4 0 1 3 3 4 5 0 2 1 2 1 3 3 0 4 1 0 2 3 4 5 0 1 5 1 2 0 4 3 2 1 0 3 0 4 5 1 4 5 3 1 4 0 1 3 5 2 0 2 3 0 1 5 3 2 4 5 2 4 5 | 18 26  0 8 1 0 9 2 1 8 1 1 15 1 1 17 1 2 9 1 2 16 1 2 17 1 3 10 1 3 13 1 3 14 1 4 10 1 4 14 1 4 16 1 5 11 1 5 12 1 5 13 1 6 11 1 6 12 1 6 15 1 7 13 1 7 14 1 7 15 1 8 17 1 10 12 1 11 16 1
R 41933 54 81 6 104 3 4 5 2 1 5 0 1 2 1 2 0 0 3 4 3 4 5 2 0 1 1 2 3 0 5 1 2 5 0 0 2 3 4 3 2 4 2 1 1 0 4 1 0 4 0 3 2 0 5 3 0 1 4 0 1 2 3 4 0 4 3 5 4 3 5 1 5 2 0 1 2 3 5 4 4 5 2 1 3 5 | 18 23  0 7 1 0 10 1 0 14 1 1 8 2 1 11 1 2 9 1 2 14 1 2 15 1 3 10 1 3 12 2 4 11 2 4 13 1 5 12 1 5 15 1 5 17 1 6 13 2 6 15 1 7 16 1 7 17 1 8 16 1 9 16 1 9 17 1 10 14 1
R 36283 54 81 6 299 3 4 5 1 5 2 0 3 1 0 2 1 2 4 3 0 4 5 5 1 2 0 3 1 1 2 3 2 0 1 0 2 3 3 1 4 2 0 3 4 5 1 1 0 2 2 0 1 1 3 4 3 0 5 0 1 2 3 4 0 4 2 5 5 4 3 1 0 5 2 3 1 3 0 4 4 5 2 4 5 5 | 18 27  0 8 1 0 10 1 0 16 1 1 9 1 1 10 1 1 11 1 2 9 1 2 11 1 2 12 1 3 11 1 3 12 1 3 13 1 4 12 1 4 13 1 4 14 1 5 13 1 5 14 1 5 17 1 6 15 1 6 16 1 6 17 1 7 15 1 7 16 1 7 17 1 8 14 1 8 15 1 9 10 1
R 76759 54 81 6 75 3 4 5 0 1 2 1 2 3 0 1 4 3 4 2 5 1 4 0 5 3 1 2 3 4 2 0 0 2 3 2 4 0 1 0 4 5 1 2 3 0 1 2 3 4 1 0 4 0 4 3 1 3 2 0 1 2 5 3 4 4 5 0 3 2 5 1 5 0 0 3 2 1 2 4 4 5 3 1 5 5 | 18 27  0 7 1 0 9 1 0 11 1 1 8 1 1 11 1 1 13 1 2 9 1 2 11 1 2 12 1 3 10 1 3 13 1 3 14 1 4 10 1 4 16 1 4 17 1 5 14 1 5 15 1 5 16 1 6 14 1 6 15 1 6 17 1 7 12 1 7 13 1 8 12 1 8 16 1 9 15 1 10 17 1
R 38590 54 81 6 2501 3 4 5 0 2 1 0 1 2 3 0 4 5 1 2 0 4 5 1 3 5 0 2 5 1 2 3 2 0 3 2 5 3 5 3 4 1 0 4 0 3 1 2 1 4 0 1 2 5 2 4 0 4 1 0 1 2 4 3 5 4 3 5 1 2 5 4 3 0 1 3 2 0 2 4 4 1 3 5 5 0 | 18 26  0 8 1 0 9 1 0 12 1 1 8 1 1 16 1 1 17 1 2 9 1 2 12 1 2 13 1 3 10 1 3 13 1 3 14 1 4 10 1 4 15 1 4 16 1 5 11 1 5 14 1 5 17 1 6 11 2 6 15 1 7 13 1 7 16 1 7 17 1 8 12 1 9 15 1 10 14 1
R 6162 54 81 6 218 3 4 5 0 3 4 4 1 3 2 0 5 1 2 0 1 2 3 0 2 1 2 4 0 1 2 3 2 4 3 5 0 3 0 2 5 0 1 3 2 3 0 1 2 3 0 1 4 4 2 1 4 2 1 0 1 2 1 5 2 2 0 5 1 4 3 3 4 5 4 5 0 5 4 3 1 5 3 4 5 0 | 18 25  0 8 1 0 11 1 0 12 1 1 9 2 1 15 1 2 10 1 2 14 1 2 17 1 3 10 2 3 16 1 4 11 1 4 13 1 4 14 1 5 12 1 5 13 1 5 17 1 6 12 1 6 14 1 6 15 1 7 13 1 7 15 1 7 17 1 8 11 1 8 16 1 9 16 1
R 54781 54 81 6 2543 3 1 2 0 2 4 5 0 3 0 2 3 2 5 4 1 0 4 1 3 2 0 2 1 3 5 2 4 3 0 3 4 5 1 2 4 0 2 3 1 0 5 1 0 2 0 1 3 1 4 5 4 3 1 4 5 0 1 5 3 1 4 2 1 4 5 0 1 3 3 5 2 5 4 0 3 4 0 2 5 2 | 18 26  0 7 2 0 10 1 1 8 1 1 11 1 1 14 1 2 9 1 2 12 1 2 16 1 3 10 1 3 14 1 3 15 1 4 11 1 4 12 1 4 13 1 5 11 1 5 12 1 5 13 1 6 14 1 6 15 1 6 16 1 7 16 1 8 13 1 8 17 1 9 15 1 9 17 1 10 17 1
R 69541 54 81 6 81 3 4 5 0 1 2 0 1 4 1 2 0 2 4 3 3 0 2 0 4 1 1 2 3 2 3 5 5 2 1 0 2 5 1 0 4 3 4 1 2 0 3 4 3 2 1 0 3 4 0 2 1 2 3 0 1 2 4 3 5 3 2 5 3 4 5 1 5 0 1 5 4 2 3 5 4 5 0 1 0 4 | 18 27  0 7 1 0 10 1 0 11 1 1 8 1 1 11 1 1 12 1 2 9 1 2 12 1 2 13 1 3 10 1 3 13 1 3 14 1 4 13 1 4 16 1 4 17 1 5 14 1 5 15 1 5 17 1 6 15 1 6 16 1 6 17 1 7 10 1 7 11 1 8 12 1 8 16 1 9 14 1 9 15 1
R 42273 54 81 6 435 1 2 3 5 0 4 1 0 5 0 4 1 3 1 2 0 2 3 1 4 2 3 4 5 3 4 0 2 5 0 0 2 1 2 1 4 3 4 5 1 2 0 3 4 5 3 2 0 0 3 1 2 3 1 0 4 5 1 2 3 3 2 4 3 2 5 0 5 4 1 4 5 3 0 5 1 2 5 1 4 0 | 18 23  0 7 1 0 10 2 1 8 2 1 11 1 2 9 1 2 14 1 2 15 1 3 10 1 3 12 1 3 17 1 4 11 2 4 16 1 5 12 1 5 13 2 6 13 1 6 14 1 6 15 1 7 15 1 7 16 1 8 16 1 9 14 1 9 17 1 12 17 1
R 20315 54 81 6 75 3 1 2 1 0 4 3 0 2 2 1 0 2 4 1 3 0 1 0 2 3 4 1 3 0 2 1 2 3 1 0 2 4 1 0 2 3 1 2 1 3 4 3 4 5 4 2 5 1 4 0 2 3 0 4 5 0 5 3 2 4 5 1 5 3 4 3 0 5 4 5 2 4 1 5 0 5 2 3 0 1 | 18 24  0 8 2 0 14 1 1 9 1 1 10 1 1 13 1 2 9 1 2 13 1 2 14 1 3 10 1 3 16 1 3 17 1 4 11 1 4 13 1 4 17 1 5 11 2 5 14 1 6 12 1 6 15 1 6 16 1 7 12 2 7 16 1 8 15 1 9 15 1 10 17 1
R 32108 54 81 6 193 3 4 5 1 5 2 0 3 1 3 5 4 2 0 4 1 2 0 2 0 1 1 2 3 1 2 3 2 0 5 4 0 3 0 2 5 0 1 3 3 1 4 0 2 3 2 0 3 1 2 4 2 1 5 0 1 2 3 4 0 4 2 5 2 1 0 1 5 3 3 4 5 5 4 3 5 0 4 4 5 1 | 18 26  0 8 1 0 11 1 0 12 1 1 9 1 1 12 1 1 13 1 2 9 1 2 13 1 2 14 1 3 10 1 3 15 1 3 17 1 4 10 2 4 16 1 5 11 1 5 15 1 5 16 1 6 12 1 6 14 1 6 17 1 7 15 1 7 16 1 7 17 1 8 11 1 8 13 1 9 14 1
R 29788 54 81 6 700 3 4 5 0 1 2 0 5 1 0 4 3 2 3 5 2 3 4 0 1 2 1 0 4 1 2 3 2 5 1 5 3 4 3 1 4 0 2 3 0 1 4 3 0 2 3 1 0 0 1 2 5 2 4 0 1 2 3 5 4 4 2 3 2 5 1 0 1 4 0 1 5 5 4 3 5 2 3 4 5 0 | 18 26  0 8 1 0 12 1 0 13 1 1 9 1 1 11 1 1 12 1 2 9 1 2 11 1 2 13 1 3 10 1 3 13 1 3 17 1 4 10 2 4 16 1 5 11 1 5 14 1 5 16 1 6 12 1 6 15 1 6 17 1 7 14 1 7 15 1 7 16 1 8 14 1 8 15 1 9 17 1
R 88443 54 81 6 267 3 4 5 1 0 3 1 4 5 3 0 1 2 0 4 0 1 2 4 3 2 1 2 3 2 3 5 0 2 5 2 0 1 3 4 1 2 3 0 1 0 4 0 4 3 2 0 3 5 1 4 1 5 2 0 1 2 4 5 2 3 0 2 5 2 4 5 1 3 4 3 5 1 5 0 4 5 1 0 3 4 | 18 25  0 7 1 0 9 1 0 13 1 1 8 1 1 15 1 1 16 1 2 10 1 2 11 2 3 10 1 3 14 1 3 15 1 4 11 1 4 14 1 4 17 1 5 12 1 5 13 1 5 14 1 6 12 2 6 16 1 7 9 1 7 13 1 8 15 1 8 17 1 9 16 1 10 17 1
R 55569 54 81 6 258 3 1 2 0 1 4 2 0 5 0 2 3 2 4 1 1 3 0 5 1 2 0 2 1 4 3 0 5 4 0 3 4 5 1 2 0 1 2 0 0 3 4 3 2 1 4 3 5 0 2 4 5 1 0 4 5 0 2 3 5 3 1 4 1 4 5 3 0 5 5 2 4 4 0 3 3 5 1 2 1 2 | 18 26  0 7 2 0 10 1 1 8 1 1 12 1 1 13 1 2 9 1 2 13 1 2 14 1 3 10 1 3 11 1 3 12 1 4 11 1 4 15 1 4 16 1 5 11 1 5 15 1 5 17 1 6 12 1 6 14 1 6 17 1 7 16 1 8 14 1 8 16 1 9 13 1 9 15 1 10 17 1
R 69837 54 81 6 324779 3 4 5 0 4 2 1 2 5 1 3 5 3 0 4 0 4 1 5 1 2 1 2 3 3 2 0 0 2 3 5 3 0 4 0 5 2 3 1 2 1 3 3 1 4 0 5 2 0 1 5 0 2 1 0 1 2 5 1 3 4 3 0 2 0 4 1 2 5 5 2 3 0 4 3 4 5 1 4 5 4 | 18 24  0 7 1 0 9 1 0 16 1 1 8 1 1 10 1 1 15 1 2 9 1 2 11 1 2 14 1 3 10 1 3 12 2 4 11 2 4 13 1 5 12 1 5 14 1 5 17 1 6 13 2 6 16 1 7 15 1 7 17 1 8 15 1 8 16 1 9 14 1 10 17 1
R 25311 54 81 6 226 3 4 5 1 0 2 3 4 0 5 3 0 2 4 1 3 1 2 0 5 4 1 4 2 1 2 3 2 3 0 0 3 1 1 4 0 3 1 4 0 1 2 2 4 3 2 4 5 3 2 0 1 0 4 0 1 2 4 5 3 1 2 5 2 4 1 3 0 5 5 4 0 2 3 1 3 0 5 4 5 5 | 18 26  0 8 1 0 15 1 0 17 1 1 9 1 1 10 1 1 17 1 2 9 1 2 11 1 2 12 1 3 10 2 3 14 1 4 11 1 4 12 1 4 14 1 5 11 1 5 13 1 5 14 1 6 12 1 6 15 1 6 16 1 7 13 1 7 15 1 7 16 1 8 16 1 8 17 1 9 13 1
R 28733 54 81 6 1752 3 4 5 3 4 2 0 1 2 2 0 1 3 4 5 1 2 0 3 0 4 0 5 1 1 2 3 2 0 3 4 1 0 4 0 5 1 4 2 0 2 3 1 0 4 0 3 2 2 1 3 3 1 0 0 1 2 1 0 5 4 3 5 3 5 4 2 1 0 3 4 5 1 2 5 3 4 2 5 4 5 | 18 25  0 8 1 0 13 1 0 14 1 1 9 1 1 12 1 1 13 1 2 9 1 2 14 1 2 15 1 3 10 2 3 13 1 4 10 1 4 15 1 4 16 1 5 11 1 5 16 1 5 17 1 6 11 2 6 16 1 7 12 1 7 15 1 7 17 1 8 14 1 8 17 1 9 12 1
R 64326 54 81 6 317 3 4 5 1 0 2 1 2 4 1 0 3 4 5 0 2 4 5 1 2 3 1 2 3 2 4 0 0 4 1 4 3 0 0 2 5 0 1 4 3 5 2 0 3 4 1 2 0 1 5 2 3 1 4 0 1 2 5 3 4 3 0 5 2 5 4 1 3 2 1 3 0 5 4 0 4 5 3 1 2 5 | 18 26  0 7 1 0 11 1 0 12 1 1 8 1 1 11 1 1 13 1 2 9 1 2 13 1 2 17 1 3 10 2 3 15 1 4 10 1 4 16 1 4 17 1 5 14 1 5 15 1 5 16 1 6 14 1 6 16 1 6 17 1 7 11 1 7 12 1 8 12 1 8 13 1 9 14 1 9 15 1
R 36792 54 81 6 200 3 4 5 3 0 1 0 1 2 0 2 3 3 4 1 0 1 4 0 5 4 2 5 1 1 2 3 2 1 4 4 5 3 3 2 1 0 2 3 0 1 4 5 1 0 1 0 2 3 0 5 3 1 4 0 1 2 5 2 4 3 5 4 1 4 5 0 5 2 5 3 2 3 1 2 3 4 0 4 5 0 | 18 27  0 8 1 0 12 1 0 13 1 1 9 1 1 10 1 1 11 1 2 9 1 2 11 1 2 12 1 3 10 1 3 14 1 3 15 1 4 11 1 4 13 1 4 14 1 5 12 1 5 15 1 5 16 1 6 13 1 6 16 1 6 17 1 7 14 1 7 16 1 7 17 1 8 15 1 8 17 1 9 10 1
R 34527 54 81 6 174 3 4 5 2 4 1 0 3 1 0 1 2 4 5 2 3 0 1 2 4 5 0 5 3 1 2 3 1 0 2 2 5 0 1 4 3 4 3 2 0 2 3 1 0 4 3 5 1 0 2 1 3 4 0 0 1 2 3 0 5 4 2 5 4 3 5 1 3 0 2 5 4 0 3 1 1 4 2 5 4 5 | 18 26  0 8 1 0 13 1 0 14 1 1 9 1 1 12 1 1 13 1 2 9 1 2 15 1 2 16 1 3 10 1 3 14 1 3 17 1 4 10 2 4 15 1 5 11 1 5 12 1 5 13 1 6 11 1 6 16 1 6 17 1 7 12 1 7 16 1 7 17 1 8 14 1 8 15 1 9 11 1
R 65319 54 81 6 1037 3 4 5 3 0 4 2 4 5 3 0 5 1 4 5 2 1 0 1 2 0 1 2 3 1 4 3 0 1 2 4 5 0 0 2 5 3 0 1 2 0 3 1 2 3 3 2 4 2 4 1 1 0 3 0 1 2 2 1 5 3 0 1 1 2 4 3 0 2 3 4 5 4 3 5 4 5 5 0 5 4 | 18 26  0 7 1 0 11 1 0 12 1 1 8 1 1 13 1 1 14 1 2 9 1 2 14 1 2 15 1 3 10 2 3 14 1 4 10 1 4 15 1 4 17 1 5 11 1 5 12 1 5 13 1 6 13 1 6 16 1 6 17 1 7 11 1 7 12 1 8 15 1 8 16 1 9 16 1 9 17 1
R 40932 54 81 6 159 3 4 5 0 1 2 3 0 4 0 2 3 4 3 2 0 1 2 0 2 5 1 2 3 3 2 1 2 4 0 5 3 2 0 2 3 1 4 5 0 2 5 1 0 4 1 3 4 2 4 5 3 0 1 0 1 2 4 5 3 1 5 2 1 4 5 1 5 0 4 3 5 3 1 4 4 5 0 3 0 2 | 18 23  0 7 1 0 13 1 0 14 1 1 8 2 1 13 1 2 9 2 2 15 1 3 10 2 3 15 1 4 11 2 4 12 1 5 11 1 5 14 1 5 17 1 6 12 1 6 16 1 6 17 1 7 13 1 7 14 1 8 15 1 9 16 1 10 16 1 12 17 1
R 94916 54 81 6 153 3 4 5 4 5 2 0 1 2 1 0 3 1 0 4 0 4 5 1 2 3 1 3 5 2 3 0 2 3 1 0 2 5 0 5 4 1 0 4 4 0 1 1 4 3 2 0 4 3 0 4 1 2 0 0 1 2 0 1 3 4 3 5 4 2 5 2 3 5 2 1 3 4 5 2 4 5 1 0 5 3 | 18 26  0 6 1 0 10 1 0 12 1 1 7 1 1 11 2 2 8 1 2 12 1 2 16 1 3 9 1 3 13 1 3 14 1 4 11 1 4 15 1 4 17 1 5 14 1 5 16 1 5 17 1 6 10 1 6 12 1 7 16 1 7 17 1 8 13 1 8 15 1 9 14 1 9 15 1 10 13 1
R 87693 54 81 6 89 3 4 5 3 2 4 0 1 3 0 1 2 4 3 2 2 0 1 3 4 5 1 2 3 4 1 0 0 2 5 2 0 3 2 3 0 4 1 0 1 0 4 3 1 2 5 1 4 4 2 1 0 4 3 0 1 2 5 1 0 4 2 5 4 3 5 1 5 0 3 5 4 2 0 1 4 5 3 2 3 5 | 18 25  0 7 1 0 9 1 0 13 1 1 8 1 1 10 1 1 14 1 2 10 1 2 15 1 2 16 1 3 11 1 3 13 1 3 17 1 4 11 2 4 15 1 5 12 2 5 14 1 6 12 1 6 16 1 6 17 1 7 9 1 7 13 1 8 16 1 8 17 1 9 15 1 10 14 1
R 81321 54 81 6 369 1 2 3 2 0 1 1 0 4 4 0 5 0 3 2 0 4 2 1 3 2 3 4 5 3 1 4 5 4 1 2 0 1 0 2 1 3 5 2 3 2 4 3 1 5 1 0 3 4 2 0 0 5 3 0 4 5 5 4 3 2 3 5 3 1 2 5 1 4 3 5 1 0 4 5 1 2 0 2 0 4 | 18 26  0 7 1 0 11 2 1 8 1 1 12 1 1 16 1 2 9 1 2 10 1 2 13 1 3 9 1 3 12 1 3 14 1 4 10 1 4 13 1 4 15 1 5 11 1 5 15 1 5 17 1 6 13 1 6 14 1 6 16 1 7 16 1 7 17 1 8 14 1 8 15 1 9 12 1 10 17 1
R 10717 54 81 6 158 1 2 3 0 4 1 0 2 1 1 4 3 1 0 3 2 4 3 2 4 5 0 2 5 3 4 5 0 2 1 3 1 2 4 3 0 3 4 0 2 0 1 3 4 2 0 4 5 1 2 4 0 1 3 0 4 5 3 2 5 4 5 3 0 2 5 2 5 4 1 0 5 1 3 0 1 3 4 1 2 5 | 18 25  0 8 1 0 9 2 1 9 1 1 12 1 1 13 1 2 10 1 2 14 1 2 15 1 3 10 1 3 15 1 3 16 1 4 11 2 4 13 1 5 11 1 5 16 1 5 17 1 6 12 1 6 13 1 6 14 1 7 15 1 7 16 1 7 17 1 8 14 1 8 17 1 10 12 1
R 71774 54 81 6 1277 3 4 5 1 5 3 1 2 0 2 3 4 1 0 2 3 4 2 5 0 1 1 2 3 3 4 5 0 2 3 0 4 1 3 2 0 1 0 4 5 2 1 0 5 2 1 3 4 4 0 2 0 1 3 0 1 2 0 2 4 4 3 5 5 0 1 4 5 3 1 0 5 4 3 2 4 5 1 2 5 3 | 18 26  0 7 1 0 9 1 0 12 1 1 8 1 1 10 1 1 17 1 2 9 1 2 13 1 2 15 1 3 10 1 3 13 1 3 14 1 4 11 2 4 12 1 5 11 1 5 15 1 5 17 1 6 13 1 6 14 1 6 15 1 7 14 1 7 16 1 8 16 1 8 17 1 9 12 1 10 16 1
R 90558 54 81 6 2075 1 2 3 0 2 3 2 0 4 1 3 2 0 4 1 5 2 3 3 4 5 4 5 2 1 5 0 5 4 1 0 2 1 1 2 3 0 3 4 0 3 2 1 3 0 0 5 2 1 0 4 1 4 3 0 4 5 1 4 5 3 1 5 0 5 4 3 2 5 0 1 4 1 2 3 0 4 2 2 3 5 | 18 26  0 6 1 0 10 2 1 7 1 1 11 1 1 17 1 2 8 1 2 12 1 2 14 1 3 9 1 3 12 1 3 15 1 4 10 1 4 12 1 4 13 1 5 11 1 5 13 1 5 14 1 6 15 1 6 17 1 7 16 1 7 17 1 8 13 1 8 16 1 9 14 1 9 15 1 11 16 1
R 37251 54 81 6 3361 3 4 5 0 2 1 3 4 1 5 3 2 0 5 2 0 1 3 1 0 2 3 4 5 1 2 3 2 0 4 2 0 4 5 4 3 3 1 4 3 2 0 1 0 4 3 0 1 0 1 2 1 5 2 0 1 2 4 3 5 5 0 2 1 0 4 1 4 3 2 5 4 4 5 3 1 2 0 5 5 3 | 18 24  0 8 1 0 9 1 0 14 1 1 8 1 1 9 1 1 15 1 2 10 1 2 11 2 3 10 1 3 12 1 3 17 1 4 11 1 4 15 1 4 16 1 5 12 2 5 16 1 6 13 2 6 14 1 7 13 1 7 15 1 7 17 1 8 14 1 9 16 1 10 17 1
R 48267 54 81 6 4023 1 2 3 1 4 5 0 3 1 0 4 1 0 2 3 2 4 1 1 0 3 3 4 5 2 5 4 2 1 0 0 2 1 3 4 5 1 5 3 1 0 4 3 2 0 0 4 1 0 5 3 2 3 1 0 4 5 0 3 2 5 4 2 3 2 5 1 4 5 0 3 5 2 5 4 1 2 1 3 4 0 | 18 25  0 7 1 0 10 2 1 8 2 1 13 1 2 9 1 2 14 1 2 16 1 3 10 1 3 11 1 3 17 1 4 11 1 4 12 1 4 13 1 5 12 1 5 13 1 5 14 1 6 12 1 6 15 1 6 17 1 7 14 1 7 15 1 8 16 1 9 15 1 9 16 1 11 17 1
R 64985 54 81 6 275 3 4 5 1 2 3 5 4 1 0 1 2 3 4 1 1 2 0 2 0 4 1 2 3 3 0 2 3 2 5 4 2 1 0 2 5 0 1 3 2 0 3 4 2 1 0 2 1 5 3 0 0 5 3 0 1 2 5 0 4 0 3 2 3 5 4 0 5 2 3 4 5 5 1 3 4 5 4 1 4 1 | 18 26  0 7 1 0 11 1 0 12 1 1 8 1 1 14 1 1 17 1 2 9 1 2 15 1 2 16 1 3 10 2 3 12 1 4 10 1 4 13 1 4 17 1 5 11 1 5 13 1 5 14 1 6 12 1 6 13 1 6 14 1 7 11 1 7 15 1 8 16 1 8 17 1 9 15 1 9 16 1
R 17399 54 81 6 142 3 1 2 3 4 0 1 2 0 1 4 5 0 2 3 1 0 4 2 3 5 2 4 1 0 2 1 0 1 3 5 4 2 3 4 5 2 4 0 1 2 0 1 4 3 2 1 4 1 4 0 0 1 3 4 5 0 2 1 5 4 3 5 0 3 2 1 4 5 3 5 2 1 0 4 3 0 5 3 5 2 | 18 24  0 8 2 0 11 1 1 9 1 1 10 1 1 15 1 2 9 1 2 15 1 2 16 1 3 10 2 3 16 1 4 11 1 4 13 1 4 14 1 5 12 2 5 14 1 6 12 1 6 15 1 6 17 1 7 13 1 7 14 1 7 17 1 8 16 1 9 13 1 11 17 1
R 63976 54 81 6 387 3 4 5 1 0 2 1 3 2 0 3 4 1 5 4 0 2 1 1 5 3 1 2 3 2 3 0 4 2 0 2 4 3 0 2 5 0 1 3 1 3 4 2 3 5 0 1 4 0 5 2 0 1 4 0 1 2 4 3 5 5 4 0 1 5 2 0 3 2 5 4 3 2 0 4 4 5 1 5 1 3 | 18 26  0 7 1 0 11 1 0 12 1 1 8 1 1 11 1 1 13 1 2 9 1 2 12 1 2 13 1 3 10 2 3 15 1 4 10 1 4 16 1 4 17 1 5 12 1 5 14 1 5 15 1 6 13 1 6 14 1 6 16 1 7 11 1 7 17 1 8 14 1 8 15 1 9 16 1 9 17 1
R 72443 54 81 6 81 3 4 5 1 0 2 1 2 5 2 1 4 3 0 1 1 0 2 3 4 5 1 2 3 5 2 0 0 2 3 0 2 4 1 0 2 5 2 0 3 1 4 2 3 5 0 1 3 1 3 2 0 3 4 0 1 2 3 4 5 4 3 0 5 3 0 4 5 2 3 4 5 1 0 2 4 5 4 1 5 1 | 18 25  0 7 1 0 9 1 0 15 1 1 8 1 1 15 1 1 16 1 2 9 1 2 10 1 2 13 1 3 10 1 3 11 1 3 14 1 4 11 2 4 13 1 5 12 2 5 15 1 6 12 1 6 16 1 6 17 1 7 14 1 7 17 1 8 16 1 8 17 1 9 13 1 10 14 1
R 72963 54 81 6 105 3 4 5 1 0 2 1 2 0 3 4 0 0 1 4 3 1 2 1 4 2 1 2 3 5 4 0 0 2 4 1 5 0 4 3 5 1 2 0 2 4 0 3 0 2 3 1 4 0 3 2 0 1 4 0 1 2 3 4 5 3 5 4 2 1 5 2 5 3 0 4 5 3 0 5 4 5 2 1 3 1 | 18 26  0 7 1 0 9 1 0 17 1 1 8 1 1 14 1 1 15 1 2 9 2 2 10 1 3 10 1 3 13 1 3 14 1 4 11 1 4 12 1 4 13 1 5 11 1 5 12 1 5 13 1 6 12 1 6 15 1 6 16 1 7 16 1 7 17 1 8 15 1 8 16 1 10 17 1 11 14 1
R 43071 54 81 6 405 3 1 2 2 4 0 5 2 4 0 2 3 1 3 5 4 2 5 0 3 4 0 2 1 0 1 2 0 4 2 3 4 5 3 4 2 5 2 3 4 0 1 2 3 4 0 1 2 0 1 4 0 1 5 4 5 0 3 1 5 1 0 3 1 4 5 0 4 2 0 1 3 1 5 2 3 5 4 5 3 2 | 18 24  0 7 2 0 10 1 1 8 1 1 11 2 2 9 1 2 14 1 2 15 1 3 10 1 3 12 1 3 13 1 4 11 1 4 15 1 4 17 1 5 12 2 5 13 1 6 14 1 6 15 1 6 16 1 7 16 1 8 16 1 8 17 1 9 14 1 9 17 1 10 13 1
R 93590 54 81 6 195 3 4 5 2 4 3 1 5 0 2 5 4 2 1 0 2 0 4 1 2 3 0 3 4 4 3 1 3 1 5 0 2 3 1 0 4 4 1 2 1 2 3 1 4 0 3 2 0 1 0 2 0 3 4 0 1 2 1 0 5 2 3 4 0 3 1 4 3 5 3 1 5 4 5 5 2 0 5 4 2 5 | 18 27  0 6 1 0 10 1 0 11 1 1 7 1 1 12 1 1 13 1 2 8 1 2 12 1 2 13 1 3 9 1 3 16 1 3 17 1 4 10 1 4 11 1 4 15 1 5 14 1 5 15 1 5 16 1 6 15 1 6 17 1 7 12 1 7 14 1 8 13 1 8 14 1 9 16 1 9 17 1 10 11 1
R 45960 54 81 6 409 3 1 2 1 5 4 2 1 4 0 2 3 0 2 1 1 5 3 0 4 2 0 2 1 2 4 0 0 4 5 3 4 5 3 5 1 0 1 3 2 3 5 4 0 2 4 1 0 0 4 1 4 3 2 4 5 0 3 0 2 3 5 0 1 4 5 4 3 5 4 2 0 1 5 3 3 5 1 2 1 2 | 18 25  0 7 2 0 10 1 1 8 1 1 11 2 2 9 1 2 12 1 2 13 1 3 10 1 3 13 1 3 14 1 4 11 1 4 14 1 4 17 1 5 12 1 5 16 1 5 17 1 6 13 1 6 15 1 6 16 1 7 15 1 8 16 1 8 17 1 9 12 1 9 14 1 10 15 1
R 21540 54 81 6 462 3 1 2 0 2 1 0 3 2 3 4 2 0 5 4 1 3 0 2 4 0 1 0 3 0 2 1 1 3 2 4 2 0 4 1 0 3 0 2 1 5 4 0 4 3 3 4 5 1 0 5 1 3 2 4 5 0 4 3 5 5 1 4 1 5 0 3 2 1 5 2 4 1 3 5 4 5 2 3 0 2 | 18 24  0 8 2 0 15 1 1 9 1 1 10 2 2 9 1 2 15 1 2 16 1 3 10 1 3 14 1 3 17 1 4 11 1 4 13 1 4 14 1 5 11 1 5 14 1 5 17 1 6 12 1 6 13 1 6 17 1 7 12 2 7 16 1 8 16 1 9 13 1 11 15 1
R 46400 54 81 6 86 3 1 2 3 5 4 5 2 0 0 2 3 2 3 0 1 4 3 0 1 4 0 2 1 1 2 3 1 0 2 3 4 5 1 2 0 5 3 2 2 0 4 3 0 1 4 3 0 0 1 4 0 4 1 4 5 0 0 1 2 3 4 1 1 4 5 5 1 4 0 5 2 3 5 2 3 5 4 5 2 3 | 18 24  0 7 2 0 10 1 1 8 1 1 13 1 1 14 1 2 9 2 2 15 1 3 10 1 3 11 1 3 17 1 4 11 1 4 12 2 5 12 1 5 15 1 5 16 1 6 13 1 6 14 1 6 15 1 7 16 1 8 13 1 8 14 1 9 16 1 10 17 1 11 17 1
R 72394 54 81 6 83 3 4 5 3 0 4 1 2 0 3 5 4 1 0 2 5 1 3 4 0 2 1 2 3 2 4 0 0 2 3 2 5 1 2 0 3 0 3 1 1 0 4 1 0 3 2 1 4 0 3 2 1 0 4 0 1 2 1 2 5 4 3 5 0 1 2 4 5 3 2 4 0 5 1 3 4 5 3 5 5 4 | 18 25  0 7 1 0 9 1 0 13 1 1 8 1 1 14 1 1 15 1 2 9 1 2 10 1 2 14 1 3 10 1 3 11 1 3 17 1 4 11 2 4 13 1 5 12 2 5 15 1 6 12 1 6 16 1 6 17 1 7 16 1 7 17 1 8 15 1 8 16 1 9 13 1 10 14 1
R 52744 54 81 6 3415 1 2 3 0 2 4 4 2 5 0 4 1 2 0 4 3 1 2 1 2 0 3 4 5 1 4 0 0 5 2 0 2 1 5 1 0 1 3 4 3 0 4 0 2 3 1 3 4 2 0 3 4 0 1 0 4 5 3 5 1 1 3 0 3 2 5 3 1 5 4 0 5 5 4 3 1 2 2 5 4 2 | 18 25  0 7 1 0 10 2 1 8 1 1 12 1 1 13 1 2 9 2 2 12 1 3 10 1 3 13 1 3 14 1 4 11 1 4 14 1 4 15 1 5 11 1 5 15 1 5 17 1 6 13 1 6 14 1 6 17 1 7 16 1 7 17 1 8 15 1 8 16 1 9 16 1 11 12 1
R 31696 54 81 6 1025 3 4 5 1 4 2 0 3 2 3 1 4 0 2 5 3 4 0 1 0 2 1 0 5 1 2 3 2 0 1 5 2 4 0 4 2 1 3 4 0 2 3 1 0 3 1 0 2 3 0 1 0 4 3 0 1 2 3 5 0 4 5 1 0 5 2 1 3 4 1 5 2 3 4 5 2 4 3 4 5 5 | 18 26  0 8 1 0 13 1 0 14 1 1 9 1 1 11 1 1 12 1 2 9 1 2 14 1 2 17 1 3 10 1 3 15 1 3 17 1 4 10 2 4 16 1 5 11 1 5 12 1 5 16 1 6 11 1 6 13 1 6 17 1 7 12 1 7 14 1 7 15 1 8 15 1 8 16 1 9 13 1
R 80715 54 81 6 75 3 1 2 0 2 4 2 5 3 1 5 4 0 1 2 0 2 3 1 3 2 0 2 1 4 3 0 3 1 4 4 0 3 3 4 5 1 2 0 1 2 3 1 0 2 0 1 3 4 1 5 4 0 1 4 5 0 1 5 3 0 1 4 2 3 0 5 4 3 1 4 5 5 4 0 3 2 5 5 2 2 | 18 26  0 7 2 0 11 1 1 8 1 1 12 1 1 14 1 2 9 1 2 10 1 2 12 1 3 9 1 3 12 1 3 13 1 4 10 1 4 13 1 4 17 1 5 11 1 5 14 1 5 15 1 6 14 1 6 15 1 6 16 1 7 16 1 8 15 1 8 17 1 9 13 1 10 16 1 11 17 1
R 29847 54 81 6 147 3 4 5 2 4 5 3 1 4 0 1 2 3 4 5 1 0 2 2 0 5 0 1 4 1 2 3 0 1 2 4 2 1 1 4 5 2 3 5 0 2 3 0 1 5 3 0 5 2 0 4 1 0 3 0 1 2 3 0 1 5 2 0 3 5 4 0 1 2 3 4 5 4 1 3 5 3 2 4 5 4 | 18 26  0 8 1 0 13 1 0 14 1 1 9 1 1 11 1 1 12 1 2 9 1 2 11 1 2 12 1 3 10 2 3 14 1 4 10 1 4 16 1 4 17 1 5 11 1 5 13 1 5 17 1 6 12 1 6 15 1 6 16 1 7 13 1 7 14 1 7 15 1 8 15 1 8 16 1 9 17 1
R 61610 54 81 6 251 3 4 5 1 0 2 1 0 2 0 2 1 3 1 5 1 4 5 5 0 3 1 2 3 2 4 5 2 4 0 5 1 2 0 2 3 1 0 3 0 3 5 3 2 1 4 3 0 3 1 4 0 5 2 0 1 2 3 4 5 3 4 5 3 5 4 0 4 2 2 0 3 4 2 1 4 5 0 1 1 5 | 18 26  0 7 1 0 11 1 0 12 1 1 8 1 1 11 1 1 12 1 2 9 1 2 12 1 2 16 1 3 10 1 3 11 1 3 17 1 4 10 2 4 15 1 5 13 1 5 16 1 5 17 1 6 14 1 6 16 1 6 17 1 7 13 1 7 15 1 8 14 1 8 15 1 9 13 1 9 14 1
R 18119 54 81 6 75 3 4 5 1 3 2 0 5 4 0 4 1 0 1 2 2 4 3 1 2 0 0 1 3 1 2 3 0 2 3 1 4 2 2 0 3 1 0 4 3 1 0 0 3 4 4 1 2 0 3 1 0 1 2 0 1 2 4 5 0 1 2 3 3 5 2 4 3 5 1 0 5 5 3 4 2 5 4 5 4 5 | 18 25  0 8 1 0 11 1 0 12 1 1 9 2 1 10 1 2 9 1 2 13 1 2 17 1 3 10 2 3 16 1 4 11 1 4 12 1 4 13 1 5 14 1 5 15 1 5 16 1 6 14 1 6 15 1 6 16 1 7 14 1 7 15 1 7 17 1 8 12 1 8 13 1 11 17 1
R 58765 54 81 6 103 3 4 5 1 3 2 0 1 4 3 5 4 2 0 1 2 0 3 0 1 3 1 2 3 4 2 5 4 5 1 1 0 5 2 5 3 0 2 3 1 0 2 1 2 0 4 3 0 0 1 4 2 3 4 0 1 2 0 4 5 2 3 5 2 0 1 3 4 5 4 5 1 5 4 2 4 5 1 3 3 0 | 18 25  0 7 1 0 12 1 0 16 1 1 8 1 1 12 1 1 13 1 2 9 1 2 13 1 2 17 1 3 10 1 3 11 2 4 10 2 4 15 1 5 11 1 5 16 1 5 17 1 6 12 1 6 14 1 6 15 1 7 13 1 7 14 1 8 15 1 8 16 1 9 14 1 9 17 1
R 54649 54 81 6 219 3 1 2 0 2 4 2 4 5 0 2 3 1 0 3 2 4 3 2 0 1 0 2 1 3 4 0 0 5 3 3 4 5 2 1 3 1 0 2 0 1 4 3 1 5 1 4 0 2 0 4 1 3 0 4 5 0 1 5 3 1 3 0 1 4 5 4 5 2 0 5 1 4 3 5 3 2 5 2 4 2 | 18 26  0 7 2 0 10 1 1 8 1 1 11 1 1 12 1 2 9 1 2 13 1 2 14 1 3 10 1 3 12 1 3 13 1 4 11 1 4 12 1 4 15 1 5 11 1 5 15 1 5 16 1 6 14 1 6 15 1 6 16 1 7 16 1 8 13 1 8 17 1 9 14 1 9 17 1 10 17 1
R 86603 54 81 6 91 3 4 5 0 1 2 3 4 5 1 0 2 2 0 1 2 3 4 1 0 5 1 2 3 4 2 5 2 0 4 1 4 0 0 1 3 0 2 3 0 3 5 1 4 2 1 5 3 0 3 2 1 3 4 0 1 2 3 4 5 1 2 0 3 4 5 3 4 5 5 1 0 4 3 2 4 5 1 0 5 2 | 18 27  0 7 1 0 12 1 0 13 1 1 8 1 1 15 1 1 16 1 2 9 1 2 11 1 2 15 1 3 9 1 3 12 1 3 14 1 4 10 1 4 11 1 4 12 1 5 10 1 5 13 1 5 14 1 6 13 1 6 14 1 6 17 1 7 16 1 7 17 1 8 16 1 8 17 1 9 11 1 10 15 1
R 21521 54 81 6 3707 3 1 2 1 5 0 0 2 3 2 4 5 3 0 2 0 4 1 4 5 2 0 1 3 0 2 1 3 0 1 5 4 3 1 2 5 0 2 5 1 4 3 3 4 5 1 2 0 5 1 4 4 2 0 4 5 0 4 2 3 5 4 1 0 1 3 4 5 1 3 2 5 1 3 0 4 2 5 3 2 0 | 18 24  0 8 2 0 14 1 1 9 1 1 10 1 1 17 1 2 9 1 2 15 1 2 17 1 3 10 2 3 15 1 4 11 1 4 13 1 4 14 1 5 11 1 5 14 1 5 15 1 6 12 2 6 13 1 7 12 1 7 16 1 7 17 1 8 16 1 9 13 1 11 16 1
R 70537 54 81 6 845 3 4 5 3 0 4 1 2 0 1 0 2 1 3 2 0 1 5 3 4 5 1 2 3 1 4 5 0 2 3 2 0 3 2 4 0 5 4 2 1 0 4 0 5 2 3 1 2 3 0 1 1 3 4 0 1 2 2 1 5 4 3 5 4 5 3 5 4 0 3 4 2 0 1 2 4 5 3 0 5 1 | 18 25  0 7 1 0 9 1 0 13 1 1 8 1 1 10 1 1 17 1 2 9 1 2 11 1 2 15 1 3 10 2 3 13 1 4 11 1 4 16 1 4 17 1 5 12 1 5 15 1 5 17 1 6 12 2 6 16 1 7 14 1 7 16 1 8 14 1 8 15 1 9 13 1 11 14 1
R 29165 54 81 6 242 3 1 2 3 0 2 0 2 1 1 2 0 0 1 3 2 4 5 3 0 4 4 0 1 0 2 1 1 2 3 3 0 5 0 5 4 2 4 1 1 0 2 3 4 5 4 2 1 0 2 4 0 3 2 4 5 0 4 5 1 5 3 4 4 3 5 2 4 5 1 3 0 2 5 1 5 3 2 3 0 1 | 18 25  0 8 2 0 14 1 1 9 1 1 13 1 1 14 1 2 9 1 2 15 1 2 17 1 3 10 1 3 12 1 3 15 1 4 10 1 4 13 1 4 17 1 5 11 2 5 15 1 6 11 1 6 16 1 6 17 1 7 12 1 7 13 1 7 14 1 8 16 1 9 12 1 10 16 1
R 33727 54 81 6 593 3 4 5 0 1 2 0 3 1 0 1 4 2 4 5 0 3 2 1 2 3 0 4 5 1 2 3 4 5 1 5 4 3 1 3 2 0 2 3 1 0 3 4 5 2 1 2 0 1 0 4 0 2 3 0 1 2 3 5 4 2 5 4 2 3 5 0 1 3 4 5 1 4 0 5 3 2 1 4 5 0 | 18 26  0 8 1 0 12 1 0 13 1 1 9 1 1 11 1 1 12 1 2 9 1 2 12 1 2 17 1 3 10 1 3 15 1 3 17 1 4 10 2 4 16 1 5 11 1 5 13 1 5 14 1 6 13 1 6 14 1 6 15 1 7 14 1 7 16 1 7 17 1 8 15 1 8 16 1 9 11 1
R 24288 54 81 6 265 3 4 5 1 4 0 0 3 2 2 4 5 3 1 4 5 0 2 1 2 0 2 5 1 1 2 3 2 0 1 5 4 3 2 0 1 0 2 3 1 2 0 1 0 3 2 1 4 5 2 4 0 4 3 0 1 2 3 2 5 4 5 1 0 1 3 5 0 2 3 4 1 4 3 5 3 4 0 4 5 5 | 18 25  0 8 1 0 12 1 0 14 1 1 9 1 1 10 1 1 13 1 2 9 1 2 14 1 2 17 1 3 10 2 3 15 1 4 11 1 4 16 1 4 17 1 5 11 2 5 16 1 6 12 1 6 16 1 6 17 1 7 13 1 7 14 1 7 15 1 8 13 1 8 15 1 9 12 1
R 81151 54 81 6 99 3 4 5 3 5 4 1 4 2 3 0 4 0 4 1 0 1 2 0 2 4 1 2 3 2 0 3 0 2 4 1 3 2 2 0 5 1 0 4 3 2 1 1 0 4 0 1 4 3 5 0 2 1 0 0 1 2 1 2 0 3 5 0 1 2 5 5 2 3 4 3 5 3 5 1 5 4 5 4 4 3 | 18 26  0 7 1 0 11 1 0 14 1 1 8 1 1 12 1 1 13 1 2 9 2 2 10 1 3 9 1 3 15 1 3 17 1 4 10 1 4 16 1 4 17 1 5 11 1 5 14 1 5 15 1 6 12 1 6 13 1 6 16 1 7 14 1 7 16 1 8 12 1 8 13 1 10 17 1 11 15 1
R 63052 54 81 6 93 3 4 5 0 1 2 0 3 4 2 0 1 4 3 5 1 2 3 0 1 4 1 2 3 2 3 5 1 2 0 5 1 0 0 2 3 1 0 4 4 2 1 3 0 5 1 3 4 0 3 2 2 5 4 0 1 2 4 3 5 5 2 1 3 4 5 2 1 0 4 5 0 5 3 2 4 5 0 1 4 3 | 18 26  0 7 1 0 11 1 0 12 1 1 8 1 1 12 1 1 16 1 2 9 1 2 15 1 2 17 1 3 10 2 3 13 1 4 10 1 4 14 1 4 17 1 5 11 1 5 12 1 5 13 1 6 11 1 6 13 1 6 14 1 7 14 1 7 15 1 8 15 1 8 16 1 9 16 1 9 17 1
R 2738 54 81 6 75 1 2 3 2 0 1 0 4 1 1 0 3 2 4 0 2 4 5 1 2 3 0 2 1 3 4 5 4 1 0 0 2 1 4 3 0 3 4 0 2 0 1 2 3 1 5 0 2 1 4 5 3 1 0 0 4 5 3 5 4 3 2 5 2 5 4 1 3 5 1 3 0 5 4 0 5 3 4 1 2 2 | 18 24  0 8 1 0 10 2 1 9 2 1 14 1 2 10 1 2 12 1 2 13 1 3 11 2 3 13 1 4 11 1 4 16 1 4 17 1 5 12 1 5 13 1 5 14 1 6 12 1 6 15 1 6 16 1 7 14 1 7 15 1 7 17 1 8 15 1 8 17 1 9 16 1
R 73590 54 81 6 1870 3 4 5 0 4 2 1 2 5 0 3 1 5 2 3 4 0 1 0 2 5 1 2 3 3 1 4 0 2 3 2 0 1 0 3 2 3 1 4 1 0 4 5 1 2 1 5 3 0 2 4 3 0 4 0 1 2 5 3 1 4 3 0 4 2 5 1 4 0 5 3 2 3 4 1 4 5 0 2 5 5 | 18 26  0 7 1 0 9 1 0 13 1 1 8 1 1 13 1 1 17 1 2 9 1 2 10 1 2 12 1 3 10 1 3 12 1 3 13 1 4 11 2 4 15 1 5 11 1 5 16 1 5 17 1 6 14 1 6 15 1 6 16 1 7 14 1 7 17 1 8 14 1 8 15 1 9 12 1 10 16 1
R 77583 54 81 6 75 3 4 5 0 1 3 2 1 0 2 5 4 5 0 1 2 4 5 3 0 1 1 2 3 2 3 0 0 2 3 1 3 2 1 0 4 3 2 0 1 4 0 0 2 1 3 0 4 4 2 0 3 1 4 0 1 2 4 2 5 4 3 5 0 1 3 4 2 3 3 1 0 4 5 2 4 5 1 5 5 5 | 18 27  0 7 1 0 9 1 0 11 1 1 8 1 1 13 1 1 14 1 2 9 1 2 11 1 2 12 1 3 10 1 3 12 1 3 13 1 4 10 1 4 15 1 4 16 1 5 14 1 5 16 1 5 17 1 6 14 1 6 16 1 6 17 1 7 12 1 7 13 1 8 15 1 8 17 1 9 11 1 10 15 1
R 66478 54 81 6 417 3 4 5 1 0 2 1 0 3 0 1 4 2 1 3 0 2 4 5 1 0 1 2 3 2 4 5 5 3 1 0 2 3 1 0 3 1 2 0 5 3 4 2 0 1 2 1 3 1 3 4 2 5 0 0 1 2 3 4 5 2 4 5 5 3 2 4 5 0 1 3 5 4 2 3 4 5 0 1 0 4 | 18 27  0 7 1 0 10 1 0 11 1 1 8 1 1 10 1 1 11 1 2 9 1 2 14 1 2 15 1 3 10 1 3 12 1 3 13 1 4 11 1 4 12 1 4 13 1 5 13 1 5 14 1 5 16 1 6 15 1 6 16 1 6 17 1 7 12 1 7 14 1 8 15 1 8 17 1 9 16 1 9 17 1
R 87918 54 81 6 89 3 4 5 0 2 5 0 3 4 0 3 4 1 2 3 0 2 1 1 2 0 1 2 3 5 3 4 0 2 5 1 3 5 1 4 3 1 4 2 1 0 4 2 0 3 0 2 3 4 2 1 5 0 1 0 1 2 1 4 3 2 5 1 2 5 1 0 5 4 3 4 5 5 4 3 4 5 0 2 3 0 | 18 26  0 7 1 0 9 1 0 13 1 1 8 1 1 10 1 1 12 1 2 10 1 2 12 1 2 14 1 3 11 2 3 15 1 4 11 1 4 16 1 4 17 1 5 13 1 5 14 1 5 15 1 6 14 1 6 15 1 6 16 1 7 9 1 7 13 1 8 16 1 8 17 1 9 17 1 10 12 1
R 78623 54 81 6 325 1 2 3 4 3 2 5 1 2 0 4 3 0 4 1 1 0 3 2 4 0 3 4 5 2 0 1 3 4 2 4 0 1 0 2 1 3 4 5 4 2 1 1 3 2 4 0 5 0 3 2 0 3 1 0 4 5 5 0 1 0 3 4 1 2 5 3 2 5 2 5 4 1 3 5 1 2 3 4 5 0 | 18 25  0 7 1 0 11 2 1 8 1 1 14 1 1 15 1 2 9 1 2 10 1 2 17 1 3 9 1 3 10 2 4 11 1 4 15 1 4 16 1 5 12 1 5 13 1 5 14 1 6 12 1 6 13 1 6 14 1 7 16 1 7 17 1 8 15 1 8 16 1 9 17 1 12 13 1
R 17956 54 81 6 183 3 1 2 3 0 4 1 4 0 2 0 1 0 4 3 1 3 4 2 5 3 0 2 5 0 2 1 2 4 0 1 0 4 3 4 1 4 3 0 2 1 3 0 3 1 1 2 4 2 4 0 0 2 3 4 5 0 1 2 5 3 2 5 3 4 5 2 5 1 5 0 2 1 0 4 4 3 1 3 5 5 | 18 25  0 8 2 0 11 1 1 9 1 1 10 1 1 15 1 2 9 1 2 12 1 2 13 1 3 10 1 3 14 1 3 16 1 4 11 2 4 16 1 5 12 1 5 13 1 5 14 1 6 12 1 6 15 1 6 17 1 7 13 1 7 15 1 7 17 1 8 16 1 9 14 1 10 17 1
R 7925 54 81 6 142 3 4 5 0 1 2 0 3 4 1 2 4 0 1 2 3 4 5 0 2 3 1 4 5 1 2 3 2 0 3 2 4 3 5 4 1 4 3 2 1 0 4 0 3 1 0 2 1 0 4 2 3 0 1 0 1 2 4 3 5 1 5 2 0 3 5 3 4 5 0 2 1 1 5 4 0 3 2 5 4 5 | 18 24  0 8 1 0 9 1 0 13 1 1 9 1 1 13 1 1 14 1 2 10 2 2 14 1 3 10 1 3 15 1 3 17 1 4 11 1 4 14 1 4 16 1 5 11 2 5 16 1 6 12 2 6 15 1 7 12 1 7 16 1 7 17 1 8 13 1 8 17 1 9 15 1
R 71503 54 81 6 462 3 4 5 0 2 1 2 1 0 0 2 4 3 4 5 0 1 5 0 3 2 1 2 3 1 3 4 0 2 3 5 2 4 2 5 4 1 0 4 3 0 1 1 0 2 1 3 0 3 2 1 4 3 5 0 1 2 5 3 4 4 3 5 1 5 3 0 1 2 3 4 2 5 4 1 4 5 2 0 5 0 | 18 26  0 7 1 0 9 1 0 12 1 1 8 1 1 10 1 1 13 1 2 9 1 2 12 1 2 16 1 3 10 1 3 13 1 3 14 1 4 11 2 4 13 1 5 11 1 5 16 1 5 17 1 6 14 1 6 15 1 6 17 1 7 14 1 7 15 1 8 15 1 8 16 1 9 12 1 10 17 1
R 47703 54 81 6 209 3 1 2 2 4 3 2 3 0 0 2 3 4 5 1 5 4 1 2 0 3 0 2 1 0 3 4 1 0 2 3 4 5 1 5 0 1 2 3 2 1 4 3 4 0 2 3 4 4 1 0 4 0 1 4 5 0 1 5 0 4 1 5 1 4 5 2 3 0 0 3 2 4 5 1 3 2 5 3 2 5 | 18 24  0 7 2 0 10 1 1 8 2 1 13 1 2 9 1 2 14 1 2 16 1 3 10 1 3 11 1 3 17 1 4 11 2 4 15 1 5 12 1 5 13 1 5 14 1 6 12 1 6 14 1 6 15 1 7 16 1 8 16 1 9 15 1 9 17 1 10 17 1 12 13 1
R 38754 54 81 6 97 3 4 5 0 2 3 4 1 2 5 1 4 2 0 4 3 0 1 4 2 1 0 1 3 1 2 3 0 4 2 4 0 5 1 2 0 3 1 4 1 0 4 2 3 4 0 2 1 3 2 4 4 0 5 0 1 2 4 5 1 5 0 3 2 0 3 3 5 1 4 5 2 3 5 0 2 4 5 5 3 1 | 18 26  0 8 1 0 9 1 0 13 1 1 8 1 1 13 1 1 17 1 2 9 1 2 12 1 2 13 1 3 10 1 3 14 1 3 15 1 4 10 1 4 15 1 4 16 1 5 11 1 5 14 1 5 17 1 6 11 2 6 16 1 7 12 1 7 15 1 7 16 1 8 12 1 9 17 1 10 14 1
R 53143 54 81 6 1321 1 2 3 2 5 4 3 0 5 0 4 1 2 3 4 0 1 2 1 0 2 3 4 5 0 4 1 1 5 0 0 2 1 4 1 2 3 4 0 0 3 2 1 3 4 4 2 0 0 2 4 3 0 1 0 4 5 3 1 0 2 4 1 3 2 5 0 1 5 3 5 4 4 3 5 1 2 2 5 3 5 | 18 25  0 7 1 0 10 2 1 8 1 1 13 1 1 14 1 2 9 2 2 15 1 3 10 1 3 12 1 3 13 1 4 11 1 4 12 1 4 16 1 5 11 1 5 14 1 5 17 1 6 13 1 6 15 1 6 17 1 7 16 1 7 17 1 8 14 1 8 15 1 9 16 1 11 12 1
R 18352 54 81 6 320 3 4 5 3 0 2 5 1 2 1 3 4 0 1 4 2 0 1 0 1 5 2 3 5 1 2 3 1 2 0 4 3 2 3 1 4 1 0 5 4 5 1 0 2 3 1 0 3 3 2 0 2 0 1 0 1 2 4 5 1 3 0 4 0 5 2 2 5 3 3 4 5 2 3 4 0 1 4 4 5 5 | 18 23  0 8 1 0 14 1 0 15 1 1 9 2 1 10 1 2 9 1 2 11 1 2 14 1 3 10 2 3 12 1 4 11 1 4 15 1 4 17 1 5 12 2 5 16 1 6 13 2 6 15 1 7 13 1 7 16 1 7 17 1 8 16 1 8 17 1 11 14 1
R 87568 54 81 6 1016 3 4 5 3 2 4 0 1 2 4 5 0 2 0 3 4 3 5 1 0 3 1 2 3 1 4 5 0 2 5 2 0 3 3 0 4 0 5 3 1 0 4 2 1 4 3 0 4 2 1 0 1 0 4 0 1 2 0 1 5 4 3 5 2 3 1 1 5 4 1 2 0 4 5 2 4 5 2 3 3 5 | 18 25  0 7 1 0 9 1 0 13 1 1 8 1 1 10 1 1 17 1 2 10 1 2 13 1 2 15 1 3 11 1 3 14 1 3 15 1 4 11 2 4 16 1 5 12 2 5 14 1 6 12 1 6 16 1 6 17 1 7 9 1 7 13 1 8 15 1 8 16 1 9 17 1 10 14 1
R 13337 54 81 6 274 3 4 5 2 1 0 2 4 5 0 1 3 1 3 0 4 3 2 4 5 1 5 0 2 1 2 3 0 2 3 1 0 4 3 2 0 3 1 4 0 1 2 2 1 3 0 2 1 5 4 3 0 5 4 0 1 2 4 3 5 1 0 3 2 4 5 4 5 2 5 0 1 3 0 2 4 1 3 4 5 5 | 18 27  0 8 1 0 9 1 0 10 1 1 9 1 1 10 1 1 11 1 2 11 1 2 12 1 2 13 1 3 12 1 3 14 1 3 15 1 4 13 1 4 14 1 4 16 1 5 13 1 5 14 1 5 17 1 6 15 1 6 16 1 6 17 1 7 15 1 7 16 1 7 17 1 8 11 1 8 12 1 9 10 1
R 65806 54 81 6 1553 3 4 5 3 0 4 0 2 5 1 0 2 1 2 3 5 0 3 4 0 1 1 2 3 1 4 0 1 5 2 0 2 5 2 0 3 3 0 2 1 0 4 2 0 1 0 4 5 1 4 3 1 2 4 0 1 2 2 1 5 3 4 1 4 5 3 5 4 0 1 4 2 5 2 3 4 5 3 5 0 3 | 18 24  0 7 1 0 10 1 0 13 1 1 8 1 1 11 1 1 17 1 2 9 2 2 15 1 3 11 2 3 13 1 4 12 1 4 14 1 4 17 1 5 12 2 5 16 1 6 14 1 6 15 1 6 17 1 7 10 1 7 13 1 8 15 1 8 16 1 9 16 1 10 14 1
R 83833 54 81 6 2184273 3 4 5 1 0 2 1 4 0 0 5 2 1 5 4 1 0 2 3 4 5 1 2 3 2 5 4 2 0 1 4 5 0 5 4 2 0 2 3 0 1 4 1 3 2 0 3 5 3 4 0 3 4 2 0 1 2 3 5 4 3 2 5 4 3 1 3 0 2 3 4 5 0 1 2 4 5 1 0 5 1 | 18 26  0 7 1 0 12 1 0 13 1 1 8 1 1 13 1 1 14 1 2 9 1 2 10 1 2 14 1 3 9 1 3 13 1 3 16 1 4 10 1 4 14 1 4 15 1 5 11 1 5 12 1 5 17 1 6 11 2 6 16 1 7 15 1 7 16 1 8 15 1 8 17 1 9 12 1 10 17 1
R 44529 54 81 6 924 3 4 5 2 3 4 0 2 4 1 2 0 0 1 2 5 0 3 1 2 4 1 2 3 0 4 1 1 4 2 0 2 3 5 3 2 4 2 3 1 0 4 4 0 1 3 0 2 4 1 5 1 2 0 0 1 2 5 0 1 3 5 1 4 5 3 4 3 5 1 2 4 0 5 3 4 5 2 3 0 5 | 18 24  0 7 1 0 10 1 0 13 1 1 8 1 1 11 2 2 9 2 2 15 1 3 10 1 3 15 1 3 16 1 4 11 1 4 13 1 4 14 1 5 12 1 5 14 1 5 17 1 6 12 2 6 14 1 7 15 1 7 17 1 8 16 1 8 17 1 9 16 1 10 13 1
R 290 54 81 6 136 3 1 2 0 4 1 0 4 3 0 2 4 3 1 5 0 2 1 3 4 1 1 0 2 4 5 3 0 2 1 3 4 1 5 1 4 1 4 0 2 1 3 3 4 0 0 3 2 3 2 5 4 0 1 4 5 0 3 2 5 2 5 1 3 5 1 0 2 4 3 4 5 2 5 0 4 5 3 0 1 2 | 18 23  0 9 2 0 10 1 1 9 1 1 14 1 1 15 1 2 10 2 2 15 1 3 11 1 3 13 1 3 14 1 4 11 2 4 16 1 5 12 1 5 15 1 5 17 1 6 12 2 6 16 1 7 13 1 7 14 1 7 17 1 8 13 1 8 16 1 8 17 1
R 89156 54 81 6 1759 3 4 5 1 2 3 0 3 1 0 5 1 1 4 0 2 0 5 0 2 4 1 2 3 3 4 2 0 2 5 1 5 3 5 0 4 1 0 4 2 0 1 4 0 3 2 0 4 3 2 1 2 0 1 0 1 2 0 4 5 4 2 5 2 3 4 2 5 3 1 3 4 3 5 1 4 5 1 5 3 0 | 18 26  0 7 1 0 9 1 0 12 1 1 8 1 1 13 1 1 14 1 2 10 1 2 14 1 2 15 1 3 10 1 3 15 1 3 17 1 4 11 1 4 16 1 4 17 1 5 11 2 5 16 1 6 12 1 6 13 1 6 14 1 7 9 1 7 12 1 8 15 1 8 17 1 9 13 1 10 16 1
R 39277 54 81 6 19270 3 4 5 0 2 1 0 2 1 0 1 2 3 5 4 0 4 3 3 4 5 1 0 2 1 2 3 3 1 2 1 4 5 2 5 4 2 0 4 4 2 0 3 0 1 1 4 3 5 2 0 0 1 4 0 1 2 4 3 5 4 3 5 5 4 3 0 1 2 2 5 1 0 1 2 3 4 5 5 0 3 | 18 26  0 8 1 0 12 1 0 17 1 1 8 1 1 13 1 1 14 1 2 9 1 2 12 1 2 13 1 3 9 1 3 14 1 3 17 1 4 10 1 4 13 1 4 14 1 5 10 1 5 15 1 5 16 1 6 11 2 6 15 1 7 11 1 7 16 1 7 17 1 8 12 1 9 15 1 10 16 1
R 64071 54 81 6 115 3 4 5 1 0 2 0 1 2 1 0 2 3 2 5 0 4 1 1 4 0 1 2 3 2 3 5 2 3 5 5 2 1 0 2 5 1 0 4 3 4 1 3 4 0 4 0 2 0 4 2 3 1 2 0 1 2 4 3 5 4 3 5 3 5 4 0 4 1 2 3 5 2 3 5 4 5 0 1 1 0 | 18 26  0 7 1 0 11 1 0 12 1 1 8 1 1 11 1 1 14 1 2 9 1 2 12 1 2 13 1 3 10 1 3 15 1 3 17 1 4 10 2 4 16 1 5 13 1 5 15 1 5 16 1 6 14 1 6 16 1 6 17 1 7 11 1 7 12 1 8 13 1 8 15 1 9 14 1 9 17 1
R 47831 54 81 6 2066 1 2 3 1 2 5 5 1 3 0 4 2 1 4 0 0 1 2 3 4 5 3 4 5 3 5 2 4 3 1 0 2 1 3 1 0 2 4 0 1 3 2 4 2 0 0 1 2 3 0 4 0 5 3 0 4 5 0 4 3 0 2 4 3 5 1 2 3 5 3 4 5 1 0 2 1 2 1 5 4 5 | 18 24  0 7 1 0 10 2 1 8 2 1 15 1 2 9 2 2 15 1 3 10 1 3 11 1 3 17 1 4 11 1 4 14 1 4 15 1 5 12 1 5 13 1 5 14 1 6 12 1 6 13 1 6 16 1 7 14 1 7 17 1 8 16 1 9 16 1 11 17 1 12 13 1
R 23573 54 81 6 337 3 4 5 0 4 1 1 3 2 5 2 0 3 0 4 2 1 5 1 3 4 0 1 2 1 2 3 2 1 4 3 4 0 5 1 3 0 2 4 2 1 3 0 2 3 1 0 2 0 4 1 1 0 3 0 1 2 3 2 5 0 4 5 1 3 4 2 1 5 0 4 3 5 0 2 3 4 5 4 5 5 | 18 25  0 8 1 0 14 1 0 17 1 1 9 1 1 10 2 2 9 1 2 14 1 2 15 1 3 10 1 3 15 1 3 17 1 4 11 1 4 12 1 4 13 1 5 11 2 5 16 1 6 12 1 6 13 1 6 16 1 7 12 1 7 13 1 7 17 1 8 15 1 8 16 1 9 14 1
R 90527 54 81 6 368 3 1 2 0 2 4 1 0 3 0 3 4 0 2 3 1 5 3 0 2 1 3 4 2 5 3 0 1 4 2 3 4 5 3 1 2 0 1 2 1 3 0 2 5 3 4 0 1 2 5 0 5 3 1 4 5 0 1 5 3 2 5 4 5 2 1 1 4 5 0 2 4 3 5 0 1 4 0 3 2 4 | 18 26  0 6 2 0 10 1 1 7 1 1 11 1 1 12 1 2 8 1 2 12 1 2 14 1 3 9 1 3 13 1 3 16 1 4 10 1 4 12 1 4 13 1 5 11 1 5 15 1 5 16 1 6 16 1 7 15 1 7 17 1 8 14 1 8 17 1 9 14 1 9 15 1 10 17 1 11 13 1
R 64147 54 81 6 722 3 4 5 1 0 2 1 0 4 1 4 2 3 0 5 3 2 5 4 1 0 1 2 3 2 3 5 3 2 0 5 0 4 0 2 5 0 3 4 3 1 2 0 2 1 1 3 0 2 4 5 3 5 4 0 1 2 4 3 5 5 3 2 3 5 0 1 2 4 4 0 1 5 3 2 4 5 1 0 4 1 | 18 26  0 7 1 0 11 1 0 12 1 1 8 1 1 11 1 1 13 1 2 9 1 2 14 1 2 15 1 3 10 1 3 12 1 3 17 1 4 10 2 4 13 1 5 15 1 5 16 1 5 17 1 6 15 1 6 16 1 6 17 1 7 11 1 7 14 1 8 12 1 8 13 1 9 14 1 9 16 1
R 52071 54 81 6 634 3 1 2 3 5 4 5 2 0 0 2 3 1 0 2 4 3 2 1 0 3 0 2 1 1 2 4 3 1 5 3 4 5 2 3 0 2 0 3 1 0 4 0 4 1 5 3 2 1 4 5 4 0 1 4 5 0 0 1 2 4 3 1 1 4 5 4 5 3 1 5 0 4 5 2 3 5 3 2 0 2 | 18 25  0 7 2 0 10 1 1 8 1 1 12 1 1 13 1 2 9 1 2 13 1 2 15 1 3 10 1 3 15 1 3 17 1 4 11 1 4 14 1 4 17 1 5 11 2 5 16 1 6 12 1 6 13 1 6 16 1 7 16 1 8 12 1 8 14 1 9 14 1 9 15 1 10 17 1
R 81668 54 81 6 154 1 2 3 1 0 5 2 4 5 1 3 5 3 0 4 0 4 2 2 0 1 3 4 5 5 4 0 0 1 2 4 3 2 0 2 1 1 0 4 0 2 3 0 3 4 4 2 1 2 4 0 5 0 3 0 4 5 2 4 3 3 0 1 4 2 0 1 2 5 3 5 1 3 5 4 1 2 1 3 5 5 | 18 26  0 7 1 0 11 2 1 8 1 1 13 1 1 16 1 2 9 1 2 10 1 2 13 1 3 9 1 3 14 1 3 15 1 4 10 1 4 12 1 4 13 1 5 11 1 5 15 1 5 17 1 6 12 1 6 14 1 6 17 1 7 16 1 7 17 1 8 14 1 8 15 1 9 12 1 10 16 1
R 22623 54 81 6 151 3 4 5 4 5 0 0 1 2 1 3 2 2 1 3 0 4 5 0 4 1 4 0 5 1 2 3 2 0 4 1 5 4 0 3 1 4 1 2 0 2 3 3 0 5 3 4 0 0 1 4 0 1 2 0 1 2 1 2 3 3 5 4 0 5 4 4 5 0 2 1 3 3 5 2 1 2 3 4 5 5 | 18 25  0 8 1 0 13 1 0 16 1 1 9 1 1 10 2 2 9 1 2 12 1 2 13 1 3 10 1 3 16 1 3 17 1 4 11 2 4 12 1 5 11 1 5 15 1 5 17 1 6 12 1 6 13 1 6 14 1 7 14 1 7 15 1 7 16 1 8 14 1 8 15 1 9 17 1
R 29937 54 81 6 363 3 4 5 0 1 2 3 4 2 0 5 2 3 1 2 0 1 3 2 5 4 4 0 1 1 2 3 2 3 0 2 1 4 1 3 4 0 2 5 0 1 3 1 4 2 1 2 0 0 3 2 3 0 4 0 1 2 4 5 3 1 0 5 3 4 1 0 5 4 2 4 5 0 3 1 3 5 2 4 5 5 | 18 26  0 8 1 0 12 1 0 13 1 1 9 1 1 11 1 1 12 1 2 9 1 2 11 1 2 13 1 3 10 1 3 13 1 3 17 1 4 10 2 4 16 1 5 11 1 5 15 1 5 16 1 6 14 1 6 15 1 6 16 1 7 14 1 7 15 1 7 17 1 8 12 1 8 17 1 9 14 1
R 87487 54 81 6 195 3 4 5 0 4 3 1 5 2 0 1 2 0 4 3 3 0 1 2 4 5 1 2 3 1 3 0 0 2 5 2 4 0 2 4 1 2 1 0 0 1 3 3 1 4 5 3 1 2 5 3 2 0 4 0 1 2 2 1 5 3 4 0 3 5 4 5 2 1 4 5 2 3 0 1 4 5 4 5 3 0 | 18 25  0 7 1 0 9 1 0 13 1 1 8 1 1 10 2 2 10 1 2 13 1 2 14 1 3 11 1 3 13 1 3 15 1 4 11 1 4 15 1 4 16 1 5 12 2 5 14 1 6 12 1 6 15 1 6 17 1 7 9 1 7 14 1 8 16 1 8 17 1 9 17 1 11 16 1
R 75716 54 81 6 286 3 4 5 1 3 0 1 2 5 0 1 2 4 3 5 1 2 5 4 0 5 1 2 3 0 4 3 0 2 3 2 3 0 3 5 2 1 0 4 3 2 1 1 4 0 0 2 4 0 1 2 3 1 4 0 1 2 2 4 5 4 3 0 4 3 5 1 0 2 0 4 3 1 3 2 4 5 1 5 5 5 | 18 26  0 7 1 0 9 1 0 12 1 1 8 1 1 13 1 1 14 1 2 9 1 2 15 1 2 17 1 3 10 1 3 12 1 3 15 1 4 10 1 4 13 1 4 14 1 5 11 2 5 14 1 6 11 1 6 16 1 6 17 1 7 16 1 7 17 1 8 15 1 8 16 1 9 12 1 10 13 1
R 2975 54 81 6 607 1 2 3 2 1 3 0 4 2 0 3 4 1 2 4 1 3 2 5 4 0 2 0 1 3 4 5 4 3 1 0 2 1 4 2 3 2 1 0 0 1 4 1 3 4 2 0 3 0 5 4 5 0 3 0 4 5 0 5 4 3 5 1 1 5 2 0 5 3 4 5 0 3 2 1 3 5 4 1 2 2 | 18 24  0 8 1 0 10 2 1 9 2 1 15 1 2 10 1 2 14 1 2 17 1 3 11 1 3 12 1 3 13 1 4 11 2 4 16 1 5 12 1 5 13 1 5 14 1 6 12 1 6 14 1 6 15 1 7 13 1 7 15 1 7 17 1 8 16 1 8 17 1 9 16 1
R 94171 54 81 6 523 3 4 5 1 3 2 0 1 4 3 4 5 1 5 2 0 3 2 1 2 3 0 4 1 4 2 0 0 1 3 2 0 1 0 2 3 0 1 3 4 3 5 5 4 2 0 3 5 0 1 2 1 2 4 0 1 2 5 4 0 5 3 2 2 1 0 3 4 0 4 5 1 4 5 2 3 1 3 4 5 5 | 18 27  0 6 1 0 11 1 0 12 1 1 7 1 1 12 1 1 14 1 2 8 1 2 14 1 2 15 1 3 9 1 3 14 1 3 17 1 4 10 1 4 11 1 4 13 1 5 10 1 5 12 1 5 13 1 6 15 1 6 16 1 7 13 1 7 16 1 8 15 1 8 17 1 9 16 1 9 17 1 10 11 1
R 71362 54 81 6 1769 3 4 5 1 5 2 1 2 0 3 0 1 3 4 5 0 1 2 2 5 4 1 2 3 0 2 5 0 2 3 4 5 1 2 0 3 2 4 0 3 1 2 1 0 4 0 1 2 3 4 2 0 1 4 0 1 2 4 0 3 4 3 5 2 5 4 1 0 2 4 3 5 1 3 0 4 5 1 3 5 5 | 18 26  0 7 1 0 9 1 0 14 1 1 8 1 1 10 2 2 9 1 2 12 1 2 13 1 3 10 1 3 12 1 3 13 1 4 11 1 4 13 1 4 17 1 5 11 1 5 14 1 5 16 1 6 12 1 6 15 1 6 16 1 7 15 1 7 17 1 8 16 1 8 17 1 9 14 1 11 15 1
R 42215 54 81 6 1938 3 1 2 2 1 4 1 3 5 0 4 3 0 4 2 1 2 0 3 4 1 0 2 1 3 5 1 4 5 3 3 4 1 1 0 2 0 2 3 4 2 1 1 0 5 0 3 2 0 2 4 3 0 1 4 5 0 0 3 5 0 2 4 2 5 1 5 3 1 4 3 5 0 5 2 3 2 4 1 4 5 | 18 23  0 7 2 0 10 1 1 8 1 1 11 1 1 16 1 2 9 2 2 14 1 3 10 2 3 12 1 4 11 1 4 14 1 4 15 1 5 12 1 5 13 2 6 13 1 6 15 1 6 17 1 7 16 1 8 14 1 8 15 1 9 16 1 11 17 1 12 17 1
R 26690 54 81 6 4243 3 4 5 1 0 2 1 3 2 1 0 4 2 3 4 4 3 5 0 1 5 1 0 2 1 2 3 2 3 0 3 4 0 2 5 3 0 2 5 1 0 3 1 4 2 0 1 4 1 5 3 0 2 4 0 1 2 4 3 5 5 4 0 2 5 3 1 0 5 0 1 2 4 2 3 5 3 4 4 5 1 | 18 25  0 8 1 0 12 1 0 13 1 1 9 1 1 12 1 1 13 1 2 9 1 2 13 1 2 14 1 3 10 2 3 14 1 4 10 1 4 16 1 4 17 1 5 11 2 5 15 1 6 11 1 6 16 1 6 17 1 7 14 1 7 15 1 7 16 1 8 12 1 8 15 1 9 17 1
R 72603 54 81 6 3700 3 4 5 1 0 2 1 2 0 3 4 1 4 5 0 2 0 5 1 0 2 1 2 3 3 2 0 0 2 3 4 2 1 2 4 3 5 1 2 1 5 4 3 2 0 1 0 4 4 2 5 3 0 1 0 1 2 4 5 3 4 3 5 0 5 2 1 2 3 4 3 1 3 5 4 4 5 1 5 0 0 | 18 25  0 7 1 0 9 1 0 15 1 1 8 2 1 15 1 2 9 1 2 10 2 3 10 1 3 11 1 3 17 1 4 11 1 4 13 1 4 16 1 5 12 1 5 13 1 5 14 1 6 12 1 6 14 1 6 17 1 7 14 1 7 15 1 8 16 1 9 17 1 11 16 1 12 13 1
R 27180 54 81 6 384 3 4 5 1 5 2 0 3 1 0 2 4 3 5 1 0 1 2 5 4 2 0 1 2 1 2 3 2 0 1 1 5 2 5 2 1 0 2 3 1 3 2 3 2 0 0 1 4 0 4 1 0 4 3 0 1 2 3 4 0 4 5 2 3 5 1 0 4 2 3 4 5 0 3 1 4 3 5 4 5 5 | 18 25  0 8 1 0 12 1 0 15 1 1 9 1 1 12 1 1 13 1 2 9 1 2 14 1 2 17 1 3 10 1 3 13 1 3 14 1 4 10 2 4 16 1 5 11 2 5 15 1 6 11 1 6 16 1 6 17 1 7 13 1 7 15 1 7 17 1 8 14 1 8 16 1 9 12 1
R 30953 54 81 6 152 3 4 5 3 4 5 0 1 2 0 1 2 3 4 5 1 3 2 2 0 1 4 0 5 1 2 3 2 0 4 5 4 2 2 1 4 1 0 3 5 1 3 0 2 3 0 1 2 3 1 0 0 3 4 0 1 2 1 0 2 3 5 4 3 4 5 0 1 2 5 4 0 3 4 5 2 3 1 4 5 5 | 18 26  0 8 1 0 14 1 0 17 1 1 9 1 1 11 1 1 12 1 2 9 1 2 12 1 2 14 1 3 10 1 3 16 1 3 17 1 4 10 2 4 16 1 5 11 1 5 12 1 5 13 1 6 11 1 6 13 1 6 14 1 7 13 1 7 15 1 7 17 1 8 15 1 8 16 1 9 15 1
R 46403 54 81 6 41474 3 1 2 4 5 3 0 3 4 0 2 3 2 4 1 3 0 5 1 0 2 0 2 1 1 2 4 2 4 3 3 4 5 1 2 3 5 0 4 2 0 3 4 1 0 1 0 5 3 2 1 1 5 0 4 5 0 0 1 2 1 5 2 1 5 4 0 3 5 1 2 4 4 5 3 3 5 3 0 2 4 | 18 24  0 7 2 0 10 1 1 8 1 1 13 1 1 14 1 2 9 2 2 15 1 3 10 1 3 11 1 3 15 1 4 11 1 4 12 1 4 16 1 5 12 2 5 16 1 6 13 1 6 14 1 6 17 1 7 15 1 8 13 1 8 14 1 9 16 1 10 17 1 11 17 1
R 31963 54 81 6 95 3 4 5 0 1 2 3 4 1 1 5 2 0 3 1 0 2 1 2 5 4 0 5 3 1 2 3 3 2 1 2 0 1 0 2 5 0 1 3 3 1 4 1 3 4 2 0 3 0 5 1 0 2 4 0 1 2 4 5 3 0 2 5 3 4 0 4 2 5 5 4 3 0 1 3 2 4 1 4 5 5 | 18 26  0 8 1 0 11 1 0 12 1 1 9 2 1 11 1 2 9 1 2 16 1 2 17 1 3 10 1 3 12 1 3 13 1 4 10 1 4 13 1 4 15 1 5 12 1 5 15 1 5 17 1 6 14 1 6 15 1 6 16 1 7 14 1 7 16 1 7 17 1 8 11 1 8 13 1 10 14 1
R 8944 54 81 6 294 1 2 3 0 4 1 2 0 4 2 5 4 0 1 3 5 2 3 1 2 0 1 4 0 3 4 5 0 2 1 1 5 4 4 3 1 3 4 0 0 2 3 1 2 0 4 0 5 4 3 0 5 0 1 0 4 5 3 2 5 3 1 5 0 1 3 2 5 4 0 1 4 5 4 3 2 5 3 1 2 2 | 18 25  0 8 1 0 9 2 1 9 1 1 12 1 1 13 1 2 10 1 2 12 1 2 14 1 3 10 1 3 13 1 3 14 1 4 11 2 4 14 1 5 11 1 5 15 1 5 17 1 6 12 1 6 13 1 6 15 1 7 15 1 7 16 1 7 17 1 8 16 1 8 17 1 10 16 1
R 53345 54 81 6 99 1 2 3 0 2 4 4 0 5 0 4 1 5 0 3 0 1 2 1 0 2 3 4 5 1 4 2 3 5 0 0 2 1 2 4 5 2 1 3 3 0 4 2 1 0 1 5 3 0 2 3 4 0 1 0 4 5 3 5 1 1 2 3 3 2 5 1 4 2 3 4 5 4 5 3 1 2 0 5 4 0 | 18 25  0 7 1 0 10 2 1 8 1 1 12 1 1 13 1 2 9 2 2 14 1 3 10 1 3 13 1 3 14 1 4 11 1 4 14 1 4 15 1 5 11 1 5 15 1 5 17 1 6 12 1 6 13 1 6 17 1 7 16 1 7 17 1 8 15 1 8 16 1 9 16 1 11 12 1
R 71224 54 81 6 200 3 1 2 0 2 4 0 2 3 0 3 2 1 4 3 0 4 5 1 0 2 0 2 1 5 3 0 3 4 5 1 3 2 5 0 3 1 0 2 1 3 2 0 4 3 2 1 5 0 1 5 4 0 1 4 5 0 1 5 3 1 4 5 4 5 1 2 5 0 1 3 2 4 5 3 3 2 4 2 0 4 | 18 26  0 7 2 0 9 1 1 8 1 1 10 1 1 12 1 2 9 1 2 12 1 2 17 1 3 10 1 3 13 1 3 14 1 4 11 1 4 12 1 4 13 1 5 11 1 5 15 1 5 16 1 6 13 1 6 14 1 6 17 1 7 16 1 8 14 1 8 15 1 9 17 1 10 15 1 11 16 1
R 44777 54 81 6 365 3 1 2 3 1 4 2 3 4 0 2 3 0 2 1 2 5 4 0 1 5 0 2 1 2 4 3 1 4 3 3 4 5 0 1 3 3 1 4 1 2 0 4 0 2 0 2 4 4 0 5 0 3 1 4 5 0 0 2 5 0 5 1 1 4 5 4 3 5 0 3 1 2 3 4 3 1 5 2 2 5 | 18 24  0 7 2 0 10 1 1 8 1 1 11 2 2 9 2 2 15 1 3 10 1 3 13 1 3 14 1 4 11 1 4 14 1 4 15 1 5 12 1 5 13 1 5 14 1 6 12 1 6 15 1 6 17 1 7 16 1 8 16 1 8 17 1 9 16 1 10 17 1 12 13 1
R 26237 54 81 6 10586 3 4 5 0 1 2 1 3 4 4 1 2 0 5 2 1 0 2 5 3 4 0 3 1 1 2 3 4 5 0 5 2 1 4 3 2 3 1 2 0 2 3 0 3 2 4 1 0 4 0 5 0 3 1 0 1 2 3 5 4 2 0 5 0 3 5 4 3 1 5 3 4 0 1 2 4 5 2 4 5 1 | 18 25  0 8 1 0 13 1 0 17 1 1 9 1 1 12 1 1 13 1 2 9 1 2 12 1 2 17 1 3 10 2 3 14 1 4 10 1 4 15 1 4 16 1 5 11 1 5 16 1 5 17 1 6 11 2 6 16 1 7 12 1 7 13 1 7 15 1 8 14 1 8 15 1 9 14 1
R 52034 54 81 6 111 3 4 5 1 5 4 1 3 5 1 2 0 1 0 2 4 3 2 0 3 4 1 2 3 2 3 1 2 4 5 0 2 3 2 3 0 2 0 4 0 1 3 0 4 3 5 1 2 1 5 0 1 0 4 0 1 2 0 3 2 0 4 2 4 5 3 4 5 3 1 5 0 1 5 2 4 5 5 4 1 3 | 18 25  0 7 1 0 10 1 0 17 1 1 8 1 1 12 1 1 13 1 2 9 1 2 13 1 2 14 1 3 10 2 3 16 1 4 11 1 4 14 1 4 17 1 5 11 2 5 15 1 6 12 1 6 13 1 6 16 1 7 16 1 7 17 1 8 12 1 8 15 1 9 14 1 9 15 1
R 41945 54 81 6 103 3 1 2 5 1 3 1 0 2 0 2 3 2 5 4 2 4 5 0 1 3 0 2 1 4 3 1 3 2 0 3 4 5 0 5 3 1 2 0 3 1 2 4 1 0 0 4 5 2 3 4 0 1 4 4 5 0 0 2 4 4 5 3 1 4 5 1 0 3 3 1 0 4 5 2 3 5 1 2 2 5 | 18 23  0 7 2 0 10 1 1 8 2 1 11 1 2 9 2 2 14 1 3 10 1 3 12 1 3 14 1 4 11 1 4 13 1 4 17 1 5 12 1 5 15 1 5 16 1 6 13 2 6 15 1 7 15 1 8 16 1 9 16 1 10 14 1 11 17 1 12 17 1
R 29382 54 81 6 18676 3 4 5 1 0 2 1 3 2 1 4 5 0 3 5 0 1 2 0 3 1 5 4 2 1 2 3 2 4 5 5 3 4 0 2 3 1 0 3 1 0 2 2 3 0 5 1 4 2 0 1 0 3 5 0 1 2 3 4 5 0 4 5 0 3 2 1 2 4 5 3 4 4 5 2 3 0 1 4 5 1 | 18 26  0 8 1 0 11 1 0 12 1 1 9 1 1 11 1 1 12 1 2 9 1 2 12 1 2 13 1 3 10 1 3 16 1 3 17 1 4 10 2 4 16 1 5 11 1 5 15 1 5 17 1 6 13 1 6 14 1 6 15 1 7 13 1 7 15 1 7 17 1 8 14 1 8 16 1 9 14 1
R 86341 54 81 6 226 3 4 5 1 5 3 0 1 2 3 4 0 0 1 4 0 2 3 0 2 4 1 2 3 0 4 1 2 4 5 3 4 1 4 3 1 0 2 3 1 0 4 1 3 2 2 0 1 0 2 3 4 2 5 0 1 2 2 4 0 3 5 4 1 2 5 2 5 3 5 4 1 3 5 1 5 4 5 3 0 0 | 18 27  0 7 1 0 12 1 0 13 1 1 8 1 1 16 1 1 17 1 2 9 1 2 11 1 2 12 1 3 9 1 3 11 1 3 12 1 4 10 1 4 14 1 4 15 1 5 10 1 5 14 1 5 17 1 6 13 1 6 15 1 6 16 1 7 13 1 7 15 1 8 16 1 8 17 1 9 11 1 10 14 1
R 18515 54 81 6 129 3 4 5 1 4 3 3 5 1 0 2 4 2 0 3 1 0 3 1 2 4 0 5 1 1 2 3 0 2 1 4 2 1 4 5 3 3 0 5 0 2 5 0 1 3 3 1 4 1 0 2 1 0 4 0 1 2 5 0 2 4 0 2 3 5 1 1 4 5 2 4 5 3 5 0 4 2 3 4 5 3 | 18 24  0 8 1 0 13 1 0 14 1 1 9 1 1 10 1 1 17 1 2 9 1 2 11 2 3 10 2 3 12 1 4 11 1 4 16 1 4 17 1 5 12 2 5 16 1 6 13 1 6 14 1 6 15 1 7 14 1 7 15 1 7 16 1 8 13 1 8 15 1 9 17 1
R 61722 54 81 6 924 3 4 5 1 0 2 1 0 2 3 4 5 0 2 5 0 1 2 1 4 3 1 2 3 4 5 0 2 4 1 2 5 4 0 2 3 1 0 3 1 4 3 2 0 3 3 1 0 4 2 5 0 3 1 0 1 2 3 4 5 3 4 5 0 1 2 3 1 4 5 4 3 2 0 5 4 5 1 2 0 5 | 18 26  0 7 1 0 11 1 0 12 1 1 8 1 1 11 1 1 12 1 2 9 1 2 12 1 2 13 1 3 10 2 3 13 1 4 10 1 4 16 1 4 17 1 5 11 1 5 15 1 5 16 1 6 15 1 6 16 1 6 17 1 7 14 1 7 15 1 8 14 1 8 17 1 9 13 1 9 14 1
R 67315 54 81 6 242 3 4 5 0 4 2 0 1 4 1 2 3 0 1 3 5 2 0 2 1 4 1 2 3 1 2 0 5 4 0 0 2 3 1 0 4 0 5 2 1 3 5 0 1 4 3 2 5 2 0 1 4 0 3 0 1 2 5 3 1 3 2 5 4 5 0 5 4 2 3 4 1 0 3 5 4 5 3 4 2 1 | 18 27  0 7 1 0 10 1 0 11 1 1 8 1 1 11 1 1 12 1 2 9 1 2 13 1 2 16 1 3 10 1 3 11 1 3 13 1 4 10 1 4 16 1 4 17 1 5 14 1 5 15 1 5 17 1 6 15 1 6 16 1 6 17 1 7 12 1 7 14 1 8 12 1 8 13 1 9 14 1 9 15 1
R 9444 54 81 6 2944 3 4 5 1 2 3 1 0 5 2 3 5 1 0 2 4 2 5 0 1 4 0 2 4 1 2 3 0 2 3 5 3 4 5 2 1 2 4 3 1 0 2 2 0 1 2 1 0 4 0 3 1 0 4 0 1 2 4 0 5 2 4 3 0 1 4 4 5 3 0 3 1 5 3 2 1 3 5 4 5 5 | 18 25  0 8 1 0 9 1 0 17 1 1 9 1 1 12 1 1 13 1 2 10 1 2 14 1 2 15 1 3 10 2 3 15 1 4 11 1 4 16 1 4 17 1 5 11 2 5 16 1 6 12 1 6 13 1 6 16 1 7 12 1 7 14 1 7 15 1 8 13 1 8 14 1 9 17 1
R 94866 54 81 6 150 3 4 5 1 4 3 0 1 2 0 1 3 0 2 1 0 1 5 1 2 3 3 2 4 2 3 5 2 3 0 0 2 5 5 4 1 1 0 4 4 0 1 2 0 3 2 3 1 2 4 5 4 0 3 0 1 2 5 0 2 4 3 5 4 2 5 3 4 5 4 3 2 4 5 0 1 1 0 5 1 3 | 18 26  0 6 1 0 10 1 0 12 1 1 7 1 1 11 2 2 8 1 2 12 1 2 13 1 3 9 1 3 13 1 3 14 1 4 11 1 4 14 1 4 17 1 5 15 1 5 16 1 5 17 1 6 10 1 6 12 1 7 16 1 7 17 1 8 14 1 8 15 1 9 15 1 9 16 1 10 13 1
R 42866 54 81 6 350 3 1 2 3 0 4 3 4 2 0 2 3 1 2 0 4 1 5 4 0 2 0 2 1 5 4 3 0 2 4 3 4 5 0 1 3 5 1 2 2 1 4 3 1 5 1 2 0 0 4 5 4 0 1 4 5 0 1 2 5 1 5 0 1 4 5 5 3 4 0 3 2 5 1 3 3 0 2 3 2 4 | 18 24  0 7 2 0 10 1 1 8 1 1 11 1 1 13 1 2 9 2 2 14 1 3 10 1 3 12 1 3 17 1 4 11 1 4 13 1 4 14 1 5 12 2 5 16 1 6 15 1 6 16 1 6 17 1 7 16 1 8 13 1 8 14 1 9 15 1 10 17 1 11 15 1
R 23441 54 81 6 143 3 4 5 1 2 0 5 1 0 3 4 5 3 0 4 2 1 5 1 2 4 0 1 2 1 2 3 0 4 2 5 2 1 5 1 4 0 2 3 1 3 2 4 0 5 1 0 4 2 0 3 0 3 5 0 1 2 5 3 4 3 4 2 0 1 2 2 1 5 0 3 4 5 0 3 4 3 5 5 4 1 | 18 25  0 8 1 0 14 1 0 15 1 1 9 1 1 10 2 2 9 1 2 13 1 2 14 1 3 10 1 3 16 1 3 17 1 4 11 1 4 12 1 4 13 1 5 11 2 5 16 1 6 12 1 6 13 1 6 14 1 7 12 1 7 15 1 7 16 1 8 15 1 8 17 1 9 17 1
R 92461 54 81 6 254 3 4 5 1 5 2 0 3 1 0 1 4 1 2 0 2 0 4 1 2 3 0 4 5 2 1 3 3 5 1 0 2 3 0 1 3 3 1 4 2 0 5 2 1 5 1 2 0 3 0 2 1 4 3 0 1 2 3 4 0 5 2 4 2 3 5 4 3 5 5 1 3 4 5 1 2 0 4 4 0 5 | 18 27  0 6 1 0 10 1 0 11 1 1 7 1 1 11 1 1 12 1 2 8 1 2 12 1 2 13 1 3 9 1 3 15 1 3 16 1 4 10 1 4 13 1 4 17 1 5 11 1 5 13 1 5 14 1 6 14 1 6 15 1 7 16 1 7 17 1 8 14 1 8 15 1 9 16 1 9 17 1 10 12 1
R 74654 54 81 6 1883 3 4 5 2 3 5 1 2 0 0 3 4 0 2 1 1 3 0 4 0 5 1 2 3 0 1 2 0 2 4 4 2 5 5 0 2 3 1 2 1 5 0 0 1 4 2 0 3 4 3 1 4 0 1 0 1 2 4 0 1 5 4 3 1 5 2 3 4 5 4 5 2 1 3 2 4 5 3 5 3 0 | 18 26  0 7 1 0 9 1 0 14 1 1 8 1 1 12 1 1 15 1 2 9 1 2 12 1 2 13 1 3 10 1 3 12 1 3 13 1 4 10 1 4 15 1 4 17 1 5 11 1 5 16 1 5 17 1 6 11 2 6 16 1 7 13 1 7 14 1 8 14 1 8 15 1 9 17 1 10 16 1
R 91669 54 81 6 265 3 4 5 3 1 2 0 1 4 4 1 0 1 2 0 3 4 2 1 2 3 2 0 4 2 4 5 0 5 1 0 2 3 4 2 1 0 3 5 3 4 1 0 1 2 1 3 4 0 2 3 3 4 0 0 1 2 5 4 0 3 2 5 3 2 5 4 3 5 0 5 1 4 5 1 3 0 1 4 2 5 | 18 26  0 6 1 0 10 1 0 12 1 1 7 1 1 12 1 1 13 1 2 8 1 2 13 1 2 16 1 3 9 1 3 15 1 3 17 1 4 10 1 4 11 2 5 11 1 5 14 1 5 17 1 6 14 1 6 15 1 7 12 1 7 14 1 8 15 1 8 16 1 9 16 1 9 17 1 10 13 1
R 38474 54 81 6 149 1 2 3 0 2 3 0 4 2 1 5 4 0 2 3 0 5 3 1 0 4 2 0 1 3 4 5 0 2 1 3 0 4 4 2 3 2 1 3 0 1 2 1 0 4 0 1 2 3 4 1 5 0 3 0 4 5 1 4 5 3 5 1 2 0 3 1 4 5 1 2 4 5 3 2 5 3 4 2 5 0 | 18 26  0 8 1 0 9 2 1 8 1 1 12 1 1 13 1 2 9 1 2 16 1 2 17 1 3 10 1 3 12 1 3 13 1 4 10 1 4 13 1 4 14 1 5 11 1 5 14 1 5 15 1 6 11 1 6 15 1 6 16 1 7 12 1 7 14 1 7 17 1 8 17 1 10 15 1 11 16 1
R 31270 54 81 6 2835 3 4 5 0 1 2 2 0 4 3 4 5 1 0 2 3 0 1 1 2 3 0 1 4 1 2 3 4 2 1 1 5 4 1 3 4 0 2 3 1 0 5 2 3 4 3 2 0 1 0 2 3 1 0 0 1 2 3 5 4 5 3 1 0 2 1 3 5 4 2 4 5 0 4 5 5 3 2 4 5 0 | 18 26  0 8 1 0 12 1 0 13 1 1 9 1 1 11 1 1 12 1 2 9 1 2 13 1 2 15 1 3 10 2 3 14 1 4 10 1 4 15 1 4 17 1 5 11 1 5 13 1 5 14 1 6 11 1 6 15 1 6 16 1 7 12 1 7 16 1 7 17 1 8 16 1 8 17 1 9 14 1
R 11796 54 81 6 142 1 2 3 0 4 1 4 2 3 2 0 1 2 4 5 1 2 3 0 3 1 0 5 2 3 4 5 0 2 1 3 1 5 3 4 0 0 2 1 1 2 3 5 4 3 0 4 3 5 2 0 4 0 1 0 4 5 3 2 5 0 5 1 4 5 3 1 3 0 5 0 4 4 2 5 4 1 3 1 2 2 | 18 26  0 8 1 0 9 2 1 9 1 1 11 1 1 12 1 2 10 1 2 13 1 2 15 1 3 10 1 3 15 1 3 16 1 4 11 1 4 12 1 4 13 1 5 11 1 5 14 1 5 16 1 6 12 1 6 15 1 6 17 1 7 13 1 7 14 1 7 17 1 8 16 1 8 17 1 10 14 1
R 219 54 81 6 118 3 4 5 0 2 1 1 2 0 2 1 3 4 3 5 2 4 0 1 0 3 4 2 0 3 1 2 1 2 3 0 2 3 5 3 2 3 0 2 1 0 2 0 1 4 2 4 3 4 5 1 1 0 4 0 1 2 4 5 3 4 5 3 4 5 0 0 1 2 1 3 5 4 5 2 3 5 1 4 0 5 | 18 22  0 9 1 0 10 1 0 17 1 1 9 2 1 16 1 2 10 2 2 17 1 3 11 1 3 14 1 3 15 1 4 11 2 4 14 1 5 12 1 5 14 1 5 15 1 6 12 2 6 16 1 7 13 2 7 15 1 8 13 1 8 16 1 8 17 1
R 93698 54 81 6 2553 3 4 5 1 3 2 1 0 4 2 5 3 0 2 4 3 5 1 1 2 3 2 4 1 3 4 1 0 3 4 4 3 2 0 2 3 1 0 2 0 3 1 4 1 5 1 2 4 0 3 2 3 4 0 0 1 2 0 4 5 2 5 3 1 4 0 5 3 1 0 4 2 4 5 3 5 0 5 5 2 1 | 18 27  0 6 1 0 11 1 0 13 1 1 7 1 1 11 1 1 12 1 2 8 1 2 11 1 2 12 1 3 9 1 3 13 1 3 14 1 4 10 1 4 15 1 4 16 1 5 10 1 5 16 1 5 17 1 6 12 1 6 15 1 7 14 1 7 16 1 8 15 1 8 17 1 9 13 1 9 14 1 10 17 1
R 40214 54 81 6 155 1 2 3 0 3 2 1 4 0 4 1 0 0 4 2 1 3 2 0 4 5 3 4 5 1 2 3 2 0 1 2 0 1 0 2 1 5 4 2 4 0 3 1 3 0 3 1 4 0 2 3 0 5 3 0 4 5 4 5 1 3 2 5 3 5 2 3 5 1 0 5 4 1 3 2 1 2 0 5 4 4 | 18 23  0 7 1 0 11 2 1 8 2 1 13 1 2 9 1 2 13 1 2 15 1 3 10 2 3 15 1 4 11 1 4 14 1 4 17 1 5 12 1 5 13 1 5 14 1 6 12 2 6 14 1 7 16 1 7 17 1 8 15 1 9 16 1 9 17 1 10 16 1
R 35407 54 81 6 267 3 4 5 0 1 2 0 3 2 3 5 2 4 5 1 0 1 2 0 1 4 3 0 4 1 2 3 2 5 1 1 3 2 0 2 3 0 3 4 4 5 3 1 0 2 0 4 5 1 4 2 3 0 1 0 1 2 3 5 4 4 1 5 4 1 0 0 2 3 5 3 4 5 3 2 1 5 2 4 5 0 | 18 27  0 8 1 0 11 1 0 12 1 1 9 1 1 10 1 1 11 1 2 9 1 2 13 1 2 14 1 3 10 1 3 12 1 3 13 1 4 10 1 4 13 1 4 15 1 5 11 1 5 16 1 5 17 1 6 12 1 6 14 1 6 15 1 7 15 1 7 16 1 7 17 1 8 14 1 8 17 1 9 16 1
R 54553 54 81 6 624 3 1 2 3 4 1 5 3 0 0 2 3 2 3 1 2 0 5 5 1 4 0 2 1 2 1 4 0 4 3 3 4 5 0 4 1 2 0 3 2 5 4 1 2 0 0 1 3 4 2 0 5 1 3 4 5 0 0 2 5 2 1 4 1 4 5 5 4 0 3 4 1 3 2 0 3 3 5 1 5 2 | 18 26  0 7 2 0 10 1 1 8 1 1 11 1 1 12 1 2 9 1 2 12 1 2 17 1 3 10 1 3 14 1 3 15 1 4 11 1 4 12 1 4 13 1 5 11 1 5 15 1 5 16 1 6 13 1 6 15 1 6 17 1 7 16 1 8 14 1 8 16 1 9 13 1 9 14 1 10 17 1
R 19516 54 81 6 672 3 4 5 5 1 2 3 2 4 0 1 5 5 1 4 2 0 4 0 2 3 5 0 1 1 2 3 4 2 5 3 1 4 0 4 1 3 2 5 1 0 4 0 2 3 0 3 5 1 2 0 2 0 1 0 1 2 3 0 4 0 1 5 2 3 4 2 3 0 5 1 3 1 4 5 2 3 4 4 5 5 | 18 23  0 8 1 0 14 1 0 15 1 1 9 1 1 10 1 1 14 1 2 9 2 2 13 1 3 10 1 3 16 1 3 17 1 4 11 2 4 12 1 5 11 1 5 15 1 5 17 1 6 12 2 6 16 1 7 13 2 7 15 1 8 16 1 8 17 1 10 14 1
R 27540 54 81 6 291 3 1 2 2 0 1 1 3 4 2 4 5 3 0 2 1 2 5 0 3 4 0 3 1 0 2 1 4 5 2 1 0 5 4 3 1 0 4 3 3 2 1 0 1 4 3 4 5 2 0 5 2 0 3 4 5 0 3 5 4 0 2 5 3 0 1 4 5 1 0 3 4 2 5 1 5 2 4 3 1 2 | 18 25  0 8 2 0 15 1 1 9 1 1 12 1 1 13 1 2 9 1 2 12 1 2 17 1 3 10 1 3 13 1 3 17 1 4 10 1 4 14 1 4 15 1 5 11 1 5 14 1 5 17 1 6 11 2 6 16 1 7 13 1 7 15 1 7 16 1 8 16 1 9 12 1 10 14 1
R 81830 54 81 6 1447 3 4 5 0 1 2 2 5 3 1 0 4 1 0 4 1 2 3 5 0 2 1 2 3 5 2 0 3 1 5 4 5 2 0 2 3 1 0 4 4 3 2 0 2 1 1 2 0 3 0 4 1 2 4 0 1 2 4 3 5 4 0 1 2 3 5 3 2 5 4 0 5 4 3 1 4 5 1 3 0 5 | 18 26  0 7 1 0 11 1 0 12 1 1 8 1 1 12 1 1 13 1 2 9 1 2 10 2 3 9 1 3 14 1 3 15 1 4 10 1 4 16 1 4 17 1 5 11 1 5 13 1 5 14 1 6 14 1 6 15 1 6 16 1 7 15 1 7 16 1 8 13 1 8 17 1 9 17 1 11 12 1
R 39242 54 81 6 21180 3 4 5 0 2 1 0 2 1 0 3 2 1 0 3 0 5 4 3 0 1 4 2 5 1 2 3 1 3 2 4 5 1 5 2 3 2 0 4 0 1 3 4 2 0 3 4 1 5 1 0 2 3 4 0 1 2 4 3 5 5 3 4 4 5 1 2 5 4 3 2 1 4 2 5 0 1 3 5 0 0 | 18 26  0 8 1 0 12 1 0 13 1 1 8 1 1 14 1 1 15 1 2 9 1 2 12 1 2 13 1 3 9 1 3 13 1 3 14 1 4 10 1 4 14 1 4 16 1 5 10 1 5 15 1 5 17 1 6 11 1 6 16 1 6 17 1 7 11 2 7 16 1 8 12 1 9 15 1 10 17 1
R 56383 54 81 6 192 1 2 3 3 5 4 3 0 4 0 4 2 0 1 2 3 1 4 2 0 1 3 4 5 1 2 3 2 5 0 0 2 1 2 0 4 3 0 1 1 0 3 2 1 4 0 1 3 0 2 4 5 0 3 0 4 5 0 1 2 1 2 5 3 5 1 3 5 4 0 2 5 3 5 4 1 2 5 4 4 3 | 18 26  0 7 1 0 10 2 1 8 1 1 11 1 1 12 1 2 9 1 2 13 1 2 14 1 3 10 1 3 13 1 3 17 1 4 11 1 4 12 1 4 13 1 5 14 1 5 15 1 5 16 1 6 14 1 6 15 1 6 17 1 7 16 1 7 17 1 8 11 1 8 12 1 9 15 1 9 16 1
R 39761 54 81 6 6810 3 4 5 3 2 1 2 3 5 1 0 3 1 2 0 0 4 3 4 1 5 1 2 3 0 1 2 1 0 2 2 3 0 0 2 4 3 4 5 5 1 3 1 3 4 0 4 2 0 2 5 0 1 4 0 1 2 4 5 0 4 0 1 4 5 2 3 5 4 1 2 5 0 2 3 4 5 3 5 3 1 | 18 22  0 7 1 0 11 1 0 17 1 1 8 2 1 12 1 2 9 1 2 14 1 2 15 1 3 10 2 3 14 1 4 11 2 4 13 1 5 12 2 5 15 1 6 13 2 6 15 1 7 16 1 7 17 1 8 16 1 9 14 1 9 17 1 10 16 1
R 57015 54 81 6 91 1 2 3 2 4 1 2 0 1 5 2 1 3 0 4 0 1 2 0 4 1 3 4 5 1 0 2 4 1 0 0 1 2 4 5 2 0 2 1 0 3 1 2 3 5 3 0 4 3 0 4 0 3 1 0 4 5 3 5 0 3 5 4 3 4 0 5 2 1 3 4 5 3 2 5 1 2 5 4 2 1 | 18 24  0 7 1 0 12 2 1 8 1 1 13 1 1 14 1 2 9 2 2 14 1 3 10 2 3 11 1 4 10 1 4 13 1 4 14 1 5 11 1 5 13 1 5 16 1 6 12 1 6 16 1 6 17 1 7 16 1 7 17 1 8 15 1 8 17 1 9 15 1 11 15 1
R 76452 54 81 6 178 1 2 3 2 0 4 0 4 2 2 3 1 0 4 3 1 4 2 0 3 1 3 4 5 4 1 2 0 2 1 1 0 3 2 0 1 3 1 4 4 3 1 0 3 4 2 0 5 2 5 4 0 5 3 0 4 5 5 1 3 3 5 1 4 0 5 5 2 1 3 0 5 5 2 4 1 2 3 0 2 4 | 18 26  0 7 1 0 9 2 1 8 1 1 14 1 1 16 1 2 9 1 2 12 1 2 17 1 3 10 1 3 13 1 3 14 1 4 10 1 4 13 1 4 15 1 5 11 1 5 12 1 5 13 1 6 11 1 6 14 1 6 15 1 7 16 1 7 17 1 8 15 1 8 16 1 10 12 1 11 17 1
R 55091 54 81 6 425 1 2 3 2 3 0 0 1 2 0 4 2 0 1 4 5 3 4 5 1 2 3 4 5 5 0 3 2 4 1 0 2 1 3 1 2 1 4 2 3 1 0 1 3 4 0 2 3 5 0 4 5 0 3 0 4 5 1 4 5 3 5 4 3 5 1 5 3 2 0 1 2 0 4 3 1 2 4 2 0 5 | 18 26  0 7 1 0 10 2 1 8 1 1 11 1 1 12 1 2 9 1 2 13 1 2 17 1 3 10 1 3 14 1 3 17 1 4 11 1 4 12 1 4 13 1 5 11 1 5 15 1 5 16 1 6 12 1 6 15 1 6 16 1 7 16 1 7 17 1 8 13 1 8 14 1 9 14 1 9 15 1
R 23966 54 81 6 509 3 4 5 4 3 2 0 1 3 0 4 1 4 1 0 5 2 3 1 2 0 0 2 4 1 2 3 0 2 3 1 4 3 3 2 4 0 2 5 1 0 4 3 1 5 4 2 1 2 1 0 4 0 3 0 1 2 1 5 0 4 5 2 2 5 3 5 2 3 1 0 4 3 4 5 3 5 1 4 5 0 | 18 25  0 8 1 0 12 1 0 13 1 1 9 2 1 10 1 2 9 1 2 16 1 2 17 1 3 10 2 3 16 1 4 11 1 4 14 1 4 15 1 5 11 1 5 15 1 5 16 1 6 12 1 6 14 1 6 17 1 7 13 1 7 15 1 7 17 1 8 12 1 8 13 1 11 14 1
R 33378 54 81 6 3607 3 4 5 5 0 3 5 1 2 5 1 4 3 0 4 1 2 3 0 2 4 0 2 1 1 2 3 2 1 0 2 4 1 0 2 3 0 1 4 1 4 5 4 5 3 0 3 2 3 0 2 3 1 0 0 1 2 4 2 1 3 0 4 0 3 2 5 1 2 4 5 0 3 5 1 3 5 4 4 5 5 | 18 26  0 8 1 0 11 1 0 12 1 1 9 1 1 13 1 1 14 1 2 9 1 2 14 1 2 15 1 3 10 2 3 14 1 4 10 1 4 15 1 4 17 1 5 11 1 5 12 1 5 13 1 6 12 1 6 15 1 6 16 1 7 13 1 7 16 1 7 17 1 8 16 1 8 17 1 9 11 1
R 65111 54 81 6 795 3 4 5 0 5 3 0 4 1 0 2 4 5 3 4 1 2 4 0 2 1 1 2 3 1 3 0 3 5 1 4 3 1 0 2 5 0 1 3 1 2 3 2 0 4 2 5 4 0 2 3 0 2 1 0 1 2 2 4 1 2 3 5 5 1 3 0 2 1 3 5 0 4 3 5 4 5 5 4 0 4 | 18 26  0 7 1 0 11 1 0 12 1 1 8 1 1 13 1 1 14 1 2 9 1 2 14 1 2 17 1 3 10 1 3 15 1 3 17 1 4 10 2 4 16 1 5 11 1 5 12 1 5 13 1 6 12 1 6 15 1 6 16 1 7 11 1 7 14 1 8 13 1 8 17 1 9 15 1 9 16 1
R 3759 54 81 6 10655 1 2 4 1 3 4 3 4 5 0 1 2 2 0 1 0 3 1 5 2 4 1 0 2 3 4 5 0 4 3 2 5 4 1 0 5 0 2 1 4 2 3 5 4 0 1 2 3 4 2 0 3 0 1 0 3 5 2 5 0 0 1 2 3 5 4 3 4 5 4 5 2 0 1 3 4 3 5 1 2 1 | 18 22  0 8 1 0 12 2 1 9 2 1 15 1 2 10 2 2 11 1 3 10 1 3 15 1 3 17 1 4 11 2 4 16 1 5 12 1 5 13 1 5 14 1 6 13 2 6 14 1 7 15 1 7 16 1 7 17 1 8 14 1 8 17 1 9 16 1
R 53623 54 81 6 447 1 2 3 2 4 1 2 4 5 0 4 1 4 2 3 1 0 3 0 1 2 3 4 5 3 1 4 1 0 2 0 2 1 3 5 2 2 0 4 0 2 4 1 3 4 3 0 5 3 4 0 0 3 1 0 4 5 0 5 3 3 0 1 3 2 5 0 5 1 4 5 2 3 4 5 1 2 2 5 4 1 | 18 25  0 7 1 0 10 2 1 8 2 1 13 1 2 9 1 2 14 1 2 15 1 3 10 1 3 16 1 3 17 1 4 11 1 4 12 1 4 13 1 5 11 1 5 13 1 5 14 1 6 12 1 6 15 1 6 16 1 7 16 1 7 17 1 8 15 1 9 14 1 9 17 1 11 12 1
R 12413 54 81 6 105 1 2 3 0 4 2 2 3 1 2 0 1 5 3 0 2 0 1 2 4 5 4 3 1 3 4 5 0 2 1 1 5 4 0 4 1 0 2 1 3 0 1 4 5 3 3 4 2 3 2 0 5 0 3 0 4 5 3 5 1 0 5 4 3 5 4 2 4 1 3 5 4 3 0 1 5 2 0 1 2 2 | 18 26  0 8 1 0 9 2 1 9 1 1 15 1 1 17 1 2 10 1 2 11 1 2 12 1 3 10 1 3 13 1 3 16 1 4 11 1 4 13 1 4 14 1 5 11 1 5 16 1 5 17 1 6 12 1 6 14 1 6 15 1 7 12 1 7 14 1 7 15 1 8 16 1 8 17 1 10 13 1
R 83881 54 81 6 102 3 4 5 1 2 3 1 2 5 0 5 4 4 2 0 1 5 2 3 0 4 1 2 3 3 0 1 3 0 1 3 2 5 4 0 5 0 2 3 1 0 2 0 1 4 1 4 2 2 0 3 1 3 4 0 1 2 4 5 0 4 0 3 2 3 1 1 5 3 3 4 0 1 2 5 4 5 5 2 5 4 | 18 26  0 7 1 0 12 1 0 14 1 1 8 1 1 14 1 1 15 1 2 9 1 2 10 1 2 13 1 3 9 1 3 15 1 3 16 1 4 10 1 4 13 1 4 14 1 5 11 1 5 12 1 5 17 1 6 11 2 6 16 1 7 13 1 7 17 1 8 15 1 8 17 1 9 12 1 10 16 1
R 38238 54 81 6 160 3 4 5 0 2 1 0 1 2 1 2 4 3 5 4 0 2 1 2 0 5 3 4 5 1 2 3 2 0 3 5 4 2 1 0 3 4 5 0 1 0 4 0 3 1 2 1 4 4 2 0 3 4 1 0 1 2 4 3 5 4 3 5 0 3 5 1 2 0 4 3 5 1 3 4 2 1 0 5 5 2 | 18 25  0 8 1 0 9 1 0 13 1 1 8 1 1 16 1 1 17 1 2 9 1 2 13 1 2 14 1 3 10 2 3 11 1 4 10 1 4 14 1 4 15 1 5 11 1 5 15 1 5 16 1 6 12 2 6 14 1 7 12 1 7 16 1 7 17 1 8 13 1 9 15 1 11 17 1
R 5249 54 81 6 352 3 4 5 2 1 0 0 2 3 4 1 5 1 0 4 3 4 2 1 2 5 4 0 2 1 2 3 4 0 1 5 1 3 2 4 0 0 2 3 1 0 4 5 2 0 3 2 0 1 5 4 3 1 4 0 1 2 3 5 4 4 5 1 0 2 3 3 5 2 1 5 0 4 3 0 5 1 3 4 5 2 | 18 24  0 8 1 0 12 1 0 13 1 1 9 2 1 14 1 2 10 1 2 13 1 2 14 1 3 10 2 3 13 1 4 11 1 4 15 1 4 17 1 5 11 2 5 16 1 6 12 1 6 14 1 6 17 1 7 12 1 7 15 1 7 16 1 8 15 1 8 17 1 9 16 1
R 88892 54 81 6 111 3 4 5 1 0 2 0 1 2 3 4 0 1 4 3 2 0 5 0 1 5 1 2 3 2 4 5 0 2 5 2 3 0 0 3 4 1 0 4 4 0 1 5 1 3 1 2 4 1 2 0 3 0 2 0 1 2 3 5 4 4 3 5 1 2 5 2 5 0 1 3 4 2 3 4 4 5 0 1 3 5 | 18 26  0 7 1 0 9 1 0 12 1 1 8 1 1 13 1 1 14 1 2 10 1 2 12 1 2 17 1 3 10 1 3 13 1 3 16 1 4 11 2 4 15 1 5 11 1 5 16 1 5 17 1 6 14 1 6 15 1 6 16 1 7 9 1 7 12 1 8 14 1 8 17 1 9 13 1 10 15 1
R 68326 54 81 6 275 3 4 5 0 1 3 3 0 4 1 2 0 0 1 2 2 3 4 1 0 4 1 2 3 3 2 5 2 5 3 0 2 3 1 3 4 3 2 0 3 1 0 4 1 0 0 4 1 2 5 1 3 2 4 0 1 2 4 2 5 1 2 5 4 5 3 5 4 3 0 1 5 5 2 3 4 5 0 1 4 0 | 18 27  0 7 1 0 10 1 0 11 1 1 8 1 1 14 1 1 15 1 2 9 1 2 15 1 2 17 1 3 10 1 3 12 1 3 15 1 4 10 1 4 13 1 4 14 1 5 11 1 5 12 1 5 14 1 6 11 1 6 13 1 6 16 1 7 12 1 7 13 1 8 16 1 8 17 1 9 16 1 9 17 1
R 17642 54 81 6 2069 3 1 2 1 3 2 4 2 5 0 3 4 0 2 3 3 2 1 0 1 4 5 0 2 0 2 1 5 2 3 4 3 2 3 4 5 5 0 3 0 4 2 3 4 2 2 1 0 1 0 5 4 0 1 4 5 0 4 0 5 0 1 3 1 5 2 1 5 4 4 5 0 2 5 3 1 4 3 3 2 1 | 18 24  0 8 2 0 11 1 1 9 1 1 10 1 1 17 1 2 9 2 2 13 1 3 10 2 3 16 1 4 11 1 4 15 1 4 16 1 5 12 1 5 13 1 5 14 1 6 12 1 6 14 1 6 15 1 7 14 1 7 15 1 7 17 1 8 16 1 11 17 1 12 13 1
R 70899 54 81 6 419 3 4 5 1 0 3 1 2 5 1 0 4 0 4 2 3 0 5 1 4 5 1 2 3 5 3 0 0 2 3 2 1 4 2 3 1 5 4 3 0 1 4 1 0 4 3 0 5 2 0 5 1 2 3 0 1 2 2 4 5 4 0 3 3 2 5 5 3 1 1 2 4 0 2 3 5 4 1 5 0 4 | 18 25  0 7 1 0 9 1 0 14 1 1 8 2 1 10 1 2 9 1 2 11 1 2 13 1 3 10 1 3 15 1 3 17 1 4 11 1 4 14 1 4 15 1 5 12 1 5 13 1 5 17 1 6 12 2 6 16 1 7 14 1 7 15 1 8 16 1 9 13 1 10 17 1 11 16 1
R 77150 54 81 6 169 3 4 5 1 0 4 1 2 0 1 0 2 1 5 4 3 4 5 1 2 0 1 2 3 3 5 0 0 2 3 4 5 0 2 4 0 1 3 2 1 0 5 0 2 1 1 0 3 2 0 4 3 4 2 0 1 2 2 3 5 4 3 5 3 4 5 2 3 0 1 0 2 5 4 3 4 5 4 1 5 1 | 18 27  0 7 1 0 9 1 0 15 1 1 8 1 1 14 1 1 15 1 2 9 1 2 11 1 2 12 1 3 10 1 3 15 1 3 17 1 4 10 1 4 16 1 4 17 1 5 11 1 5 12 1 5 13 1 6 11 1 6 12 1 6 13 1 7 13 1 7 14 1 8 14 1 8 16 1 9 16 1 10 17 1
R 47290 54 81 6 79 1 2 3 2 3 0 1 3 4 0 4 1 2 3 4 1 0 2 3 4 2 3 4 5 1 0 3 0 2 1 0 2 1 3 4 0 2 4 0 3 4 0 1 2 3 2 5 4 3 4 1 1 0 3 0 4 5 4 1 5 5 2 0 3 2 5 1 0 5 3 5 4 1 5 0 1 2 5 2 4 3 | 18 24  0 7 1 0 10 2 1 8 1 1 13 1 1 14 1 2 9 1 2 13 1 2 15 1 3 10 1 3 11 2 4 11 1 4 14 1 4 17 1 5 12 1 5 16 1 5 17 1 6 12 2 6 16 1 7 15 1 7 17 1 8 13 1 8 16 1 9 14 1 9 15 1
R 86145 54 81 6 1133 3 4 5 0 5 2 2 5 1 4 0 2 0 1 2 3 4 5 3 0 1 1 2 3 2 3 5 1 0 3 2 3 0 0 4 5 3 2 5 1 0 4 1 4 2 3 1 0 5 3 1 0 1 2 0 1 2 1 4 3 4 3 0 5 1 3 4 3 5 1 0 2 4 5 2 5 4 0 4 2 5 | 18 27  0 7 1 0 11 1 0 13 1 1 8 1 1 15 1 1 17 1 2 9 1 2 11 1 2 12 1 3 9 1 3 12 1 3 14 1 4 10 1 4 13 1 4 15 1 5 10 1 5 14 1 5 15 1 6 12 1 6 14 1 6 16 1 7 13 1 7 16 1 8 16 1 8 17 1 9 11 1 10 17 1
R 19543 54 81 6 86 3 4 5 0 3 4 1 2 5 1 0 3 0 1 4 3 4 2 5 2 1 0 4 2 1 2 3 1 4 3 2 0 4 2 4 0 1 2 3 0 2 1 0 2 5 1 0 4 1 4 5 3 0 5 0 1 2 2 5 1 0 3 4 5 4 2 3 5 2 1 5 0 0 4 3 5 3 1 5 4 3 | 18 23  0 8 1 0 14 1 0 15 1 1 9 2 1 10 1 2 9 1 2 13 2 3 10 1 3 14 1 3 16 1 4 11 1 4 12 1 4 17 1 5 11 2 5 16 1 6 12 2 6 16 1 7 13 1 7 15 1 7 17 1 8 15 1 8 17 1 10 14 1
R 47802 54 81 6 183 3 1 2 1 2 3 2 3 0 0 2 3 1 4 2 5 4 1 3 0 2 0 2 1 3 0 1 1 0 3 3 4 5 1 2 0 1 2 5 0 4 1 2 0 5 3 0 4 4 1 5 5 1 3 4 5 0 5 4 0 4 5 1 1 4 5 3 5 0 0 2 3 4 5 1 3 2 4 2 2 3 | 18 24  0 7 2 0 10 1 1 8 1 1 14 1 1 16 1 2 9 2 2 14 1 3 10 1 3 11 2 4 11 1 4 15 1 4 17 1 5 12 1 5 13 1 5 14 1 6 12 1 6 13 1 6 15 1 7 16 1 8 15 1 8 17 1 9 16 1 10 17 1 12 13 1
R 29053 54 81 6 812 3 4 5 1 3 2 0 1 2 5 1 4 0 2 4 3 0 1 5 2 4 0 3 1 1 2 3 2 5 3 3 4 1 4 2 1 5 0 2 0 2 3 1 0 2 4 1 0 3 4 0 0 3 5 0 1 2 0 4 5 4 3 5 0 2 3 5 3 1 5 2 4 0 3 1 4 5 2 4 5 1 | 18 25  0 8 1 0 13 1 0 17 1 1 9 1 1 13 1 1 14 1 2 9 1 2 15 1 2 16 1 3 10 2 3 12 1 4 10 1 4 14 1 4 17 1 5 11 1 5 15 1 5 17 1 6 11 2 6 16 1 7 12 1 7 13 1 7 16 1 8 14 1 8 15 1 9 12 1
R 18686 54 81 6 155 3 4 5 0 2 1 3 2 4 3 5 0 0 1 2 3 0 1 2 4 5 1 2 4 1 2 3 1 3 4 5 2 0 0 2 3 5 4 1 2 4 3 2 0 3 1 5 0 1 0 4 3 1 0 0 1 2 5 3 4 0 1 5 1 2 4 4 3 5 2 5 4 0 3 1 0 5 3 4 5 2 | 18 24  0 8 1 0 14 1 0 16 1 1 9 1 1 10 2 2 9 1 2 11 2 3 10 1 3 15 1 3 17 1 4 11 1 4 16 1 4 17 1 5 12 1 5 13 1 5 14 1 6 12 2 6 13 1 7 13 1 7 14 1 7 15 1 8 15 1 8 16 1 9 17 1
R 60003 54 81 6 141 3 4 5 1 0 2 1 0 3 1 5 2 0 3 4 4 0 2 5 1 3 1 2 3 3 2 0 2 3 1 4 2 5 3 1 2 0 2 3 1 0 5 1 0 4 5 0 4 0 3 4 1 2 4 0 1 2 4 5 3 4 2 5 0 4 3 1 5 2 5 1 3 0 4 2 4 5 1 5 0 3 | 18 25  0 7 1 0 12 1 0 14 1 1 8 2 1 14 1 2 9 1 2 15 1 2 17 1 3 10 1 3 12 1 3 13 1 4 10 1 4 12 1 4 13 1 5 11 1 5 16 1 5 17 1 6 11 2 6 16 1 7 13 1 7 14 1 8 15 1 9 16 1 9 17 1 10 15 1
R 50405 54 81 6 118 1 2 3 3 0 4 4 0 5 0 4 1 0 4 2 4 1 2 1 2 3 3 4 5 5 4 3 3 5 0 0 2 1 3 2 5 1 0 4 1 2 0 5 1 4 1 3 2 3 4 0 0 3 1 0 4 5 1 2 5 1 2 3 3 2 5 1 3 5 0 3 5 5 4 0 1 2 2 0 4 4 | 18 25  0 7 1 0 10 2 1 8 1 1 12 1 1 15 1 2 9 2 2 13 1 3 10 1 3 16 1 3 17 1 4 11 1 4 12 1 4 13 1 5 11 1 5 14 1 5 16 1 6 12 1 6 13 1 6 14 1 7 16 1 7 17 1 8 14 1 8 15 1 9 15 1 11 17 1
R 53396 54 81 6 245 1 2 3 3 1 2 2 0 4 0 4 1 1 5 4 0 1 2 3 1 2 3 4 5 5 2 1 5 1 0 0 2 1 2 4 5 4 3 2 3 0 1 3 0 4 0 2 1 0 4 5 3 1 0 0 4 5 0 4 5 3 1 5 3 2 5 0 2 3 3 5 4 0 4 5 1 2 3 4 2 1 | 18 25  0 7 1 0 10 2 1 8 2 1 12 1 2 9 1 2 14 1 2 17 1 3 10 1 3 14 1 3 15 1 4 11 1 4 13 1 4 15 1 5 11 1 5 13 1 5 17 1 6 12 1 6 13 1 6 14 1 7 16 1 7 17 1 8 16 1 9 15 1 9 16 1 11 12 1
R 61848 54 81 6 159 3 4 5 1 0 2 1 0 2 1 0 2 3 2 5 0 1 4 1 5 3 1 2 3 4 2 5 3 2 0 5 2 4 0 2 3 1 0 3 3 4 2 5 1 2 2 1 0 0 3 1 3 4 0 0 1 2 3 4 5 4 5 3 3 4 5 0 1 4 5 3 2 0 4 2 4 5 0 1 1 5 | 18 26  0 7 1 0 11 1 0 12 1 1 8 1 1 11 1 1 12 1 2 9 1 2 13 1 2 14 1 3 10 1 3 12 1 3 17 1 4 10 2 4 16 1 5 11 1 5 15 1 5 17 1 6 13 1 6 15 1 6 16 1 7 14 1 7 15 1 8 14 1 8 17 1 9 13 1 9 16 1
R 51709 54 81 6 92 3 1 2 0 5 4 2 4 3 0 2 3 2 3 1 4 0 1 0 2 3 0 2 1 3 2 0 0 3 4 3 4 5 0 1 3 2 1 4 0 3 1 1 2 3 4 1 0 0 1 2 4 3 0 4 5 0 1 3 2 1 5 0 1 5 4 4 5 0 2 3 5 4 5 1 3 5 4 5 2 2 | 18 25  0 7 2 0 10 1 1 8 1 1 12 1 1 13 1 2 9 1 2 13 1 2 14 1 3 10 1 3 15 1 3 16 1 4 11 2 4 12 1 5 11 1 5 16 1 5 17 1 6 14 1 6 16 1 6 17 1 7 15 1 8 12 1 8 13 1 9 14 1 9 15 1 10 17 1
R 93116 54 81 6 184 3 4 5 2 5 4 0 1 2 2 5 0 1 2 3 0 3 4 1 2 3 3 1 2 2 3 1 0 4 5 0 2 3 1 0 4 2 3 0 1 0 4 2 3 0 1 4 2 4 3 1 1 2 0 0 1 2 0 3 1 4 3 5 1 3 4 4 5 0 2 1 5 4 5 5 4 5 0 2 3 5 | 18 27  0 6 1 0 10 1 0 13 1 1 7 1 1 11 1 1 12 1 2 8 1 2 13 1 2 16 1 3 9 1 3 15 1 3 17 1 4 10 1 4 12 1 4 16 1 5 11 1 5 14 1 5 15 1 6 14 1 6 17 1 7 11 1 7 12 1 8 14 1 8 15 1 9 16 1 9 17 1 10 13 1
R 33499 54 81 6 294 3 4 5 0 1 2 0 3 1 0 3 4 1 2 4 0 4 2 4 5 1 5 3 0 1 2 3 2 3 1 1 4 3 2 4 5 1 0 4 3 0 2 0 4 3 0 1 2 3 5 1 0 5 4 0 1 2 4 3 5 5 4 2 2 5 1 0 5 3 3 1 5 3 0 2 4 2 1 5 4 0 | 18 26  0 8 1 0 11 1 0 12 1 1 9 1 1 12 1 1 13 1 2 9 1 2 13 1 2 14 1 3 10 2 3 13 1 4 10 1 4 14 1 4 17 1 5 11 1 5 14 1 5 15 1 6 15 1 6 16 1 6 17 1 7 15 1 7 16 1 7 17 1 8 12 1 8 16 1 9 11 1
R 77608 54 81 6 135 3 4 5 1 2 5 2 1 0 1 0 4 2 1 3 2 4 0 0 3 5 1 2 3 5 3 1 0 2 3 3 4 0 1 0 4 3 2 0 2 0 1 2 0 1 5 2 4 1 3 0 0 3 5 0 1 2 0 3 4 4 3 5 2 3 5 5 4 0 1 3 5 4 1 2 4 5 4 2 5 1 | 18 27  0 7 1 0 9 1 0 11 1 1 8 1 1 14 1 1 17 1 2 9 1 2 11 1 2 12 1 3 10 1 3 13 1 3 14 1 4 10 1 4 14 1 4 15 1 5 12 1 5 15 1 5 16 1 6 13 1 6 15 1 6 16 1 7 12 1 7 13 1 8 16 1 8 17 1 9 11 1 10 17 1
R 53971 54 81 6 75 1 2 3 2 3 4 0 1 2 0 4 1 1 2 0 0 1 2 4 3 2 3 4 5 0 1 3 4 2 5 0 2 1 3 0 4 1 2 3 3 0 2 4 2 1 3 1 5 0 5 2 0 4 3 0 4 5 5 1 0 3 4 5 3 2 5 5 3 4 4 5 3 1 0 5 1 2 2 4 0 1 | 18 26  0 7 1 0 10 2 1 8 1 1 11 1 1 12 1 2 9 1 2 12 1 2 13 1 3 10 1 3 11 1 3 12 1 4 11 1 4 14 1 4 15 1 5 13 1 5 14 1 5 16 1 6 13 1 6 15 1 6 17 1 7 16 1 7 17 1 8 15 1 8 16 1 9 14 1 9 17 1
R 75747 54 81 6 80 3 4 5 1 5 4 1 2 3 0 4 2 3 2 0 5 2 0 4 1 0 1 2 3 2 0 1 0 2 3 1 2 0 1 0 2 1 0 4 2 4 1 3 0 4 3 2 5 1 0 2 3 0 4 0 1 2 3 2 0 4 0 5 5 3 1 4 5 1 3 4 1 5 3 2 4 5 5 4 5 3 | 18 26  0 7 1 0 9 1 0 12 1 1 8 1 1 14 1 1 15 1 2 9 1 2 13 1 2 16 1 3 10 1 3 12 1 3 17 1 4 10 1 4 13 1 4 14 1 5 11 2 5 15 1 6 11 1 6 16 1 6 17 1 7 16 1 7 17 1 8 14 1 8 15 1 9 12 1 10 13 1
R 79291 54 81 6 493 3 4 5 3 0 4 1 3 0 3 0 4 2 5 4 1 2 0 0 1 2 1 2 3 5 4 0 4 0 1 5 3 1 0 2 3 2 1 3 1 0 4 2 0 4 1 4 2 1 2 0 0 2 4 0 1 2 1 2 5 5 2 4 2 1 5 0 3 1 4 3 5 4 3 5 4 5 3 3 5 0 | 18 25  0 7 1 0 11 1 0 13 1 1 8 2 1 12 1 2 9 1 2 10 2 3 9 1 3 14 1 3 16 1 4 10 1 4 16 1 4 17 1 5 11 1 5 14 1 5 15 1 6 12 1 6 13 1 6 14 1 7 16 1 7 17 1 8 15 1 9 17 1 11 13 1 12 15 1
R 25182 54 81 6 848 3 4 5 4 5 3 0 1 2 1 0 2 5 3 0 1 2 4 0 2 4 1 4 0 1 2 3 3 1 4 2 5 4 1 4 0 3 5 2 2 0 5 1 0 4 2 1 0 0 4 3 1 3 2 0 1 2 2 0 1 5 3 4 3 5 4 2 1 4 5 0 3 3 5 1 3 2 5 5 4 0 | 18 26  0 8 1 0 13 1 0 14 1 1 9 1 1 10 2 2 9 1 2 11 1 2 12 1 3 10 1 3 16 1 3 17 1 4 11 1 4 12 1 4 13 1 5 11 1 5 12 1 5 13 1 6 14 1 6 15 1 6 16 1 7 15 1 7 16 1 7 17 1 8 14 1 8 15 1 9 17 1
R 76854 54 81 6 91 3 4 5 0 2 4 1 2 5 0 1 2 0 3 1 0 4 2 1 3 5 1 2 3 5 1 0 0 2 3 2 5 1 0 1 4 3 1 4 3 2 0 1 0 2 5 3 2 0 3 1 1 3 4 0 1 2 3 1 5 4 3 0 3 5 4 4 2 5 3 1 5 4 2 0 4 5 4 2 5 0 | 18 27  0 7 1 0 9 1 0 11 1 1 8 1 1 13 1 1 14 1 2 9 1 2 11 1 2 12 1 3 10 1 3 11 1 3 13 1 4 10 1 4 12 1 4 13 1 5 14 1 5 15 1 5 17 1 6 14 1 6 16 1 6 17 1 7 15 1 7 16 1 8 16 1 8 17 1 9 12 1 10 15 1
R 82852 54 81 6 276 3 4 5 1 2 5 3 4 0 0 2 1 1 2 3 5 1 0 0 4 2 1 2 3 0 3 1 1 0 3 2 4 3 2 0 3 2 0 5 0 3 1 2 4 5 1 0 4 0 3 5 0 1 2 0 1 2 4 0 3 2 1 5 5 3 4 0 4 5 4 2 3 5 3 1 5 4 2 5 4 1 | 18 26  0 7 1 0 12 1 0 15 1 1 8 1 1 14 1 1 17 1 2 9 1 2 10 2 3 9 1 3 12 1 3 13 1 4 10 1 4 12 1 4 13 1 5 11 1 5 13 1 5 14 1 6 11 1 6 15 1 6 16 1 7 15 1 7 16 1 8 16 1 8 17 1 9 17 1 11 14 1
R 76585 54 81 6 746194 1 2 3 5 3 2 0 4 2 3 4 5 2 0 1 0 3 1 0 5 1 3 4 5 2 4 1 0 2 1 1 0 4 1 2 4 2 1 3 0 2 3 4 1 3 0 3 4 0 5 2 5 0 3 0 4 5 0 1 4 3 5 1 2 0 1 3 5 4 5 4 2 3 4 2 1 2 5 3 5 0 | 18 26  0 7 1 0 9 2 1 8 1 1 15 1 1 16 1 2 9 1 2 14 1 2 17 1 3 10 1 3 12 1 3 13 1 4 10 1 4 13 1 4 17 1 5 11 1 5 12 1 5 15 1 6 11 1 6 13 1 6 14 1 7 16 1 7 17 1 8 15 1 8 16 1 10 12 1 11 14 1
R 86418 54 81 6 101 3 4 5 1 5 2 0 3 4 0 1 2 2 0 4 0 1 5 1 0 2 1 2 3 0 4 1 4 1 5 4 3 5 1 2 3 0 2 3 0 2 5 0 1 3 1 3 4 1 0 2 2 1 4 0 1 2 3 4 0 2 5 1 3 4 5 1 3 5 2 4 3 4 3 5 4 5 2 5 0 0 | 18 27  0 7 1 0 13 1 0 14 1 1 8 1 1 14 1 1 15 1 2 9 1 2 11 1 2 12 1 3 9 1 3 11 1 3 12 1 4 10 1 4 16 1 4 17 1 5 10 1 5 16 1 5 17 1 6 12 1 6 13 1 6 14 1 7 13 1 7 15 1 8 15 1 8 16 1 9 11 1 10 17 1
R 14805 54 81 6 6931 3 4 5 3 5 2 0 1 4 1 0 3 1 2 0 5 2 3 0 3 4 1 2 5 1 2 3 4 0 5 1 5 3 0 2 3 3 2 4 5 2 4 1 0 3 1 5 0 0 2 1 2 0 1 0 1 2 1 0 4 2 5 3 2 5 4 4 5 3 0 1 4 1 5 2 0 3 4 4 5 3 | 18 23  0 8 1 0 11 1 0 14 1 1 9 1 1 10 2 2 9 1 2 12 1 2 17 1 3 10 1 3 16 1 3 17 1 4 11 2 4 15 1 5 12 2 5 16 1 6 13 1 6 14 1 6 15 1 7 13 2 7 14 1 8 15 1 8 17 1 9 16 1
R 20551 54 81 6 86 3 1 2 1 0 4 3 0 2 2 0 3 0 3 2 0 1 3 0 4 1 5 2 1 0 2 1 2 4 1 3 0 1 2 1 3 1 2 3 3 4 5 1 0 2 0 4 5 4 2 5 1 2 3 4 5 0 3 2 5 5 1 4 4 5 1 4 1 5 5 4 2 5 2 3 0 4 3 3 0 0 | 18 24  0 8 2 0 13 1 1 9 1 1 10 1 1 17 1 2 9 1 2 15 1 2 17 1 3 10 2 3 16 1 4 11 1 4 13 1 4 14 1 5 11 1 5 14 1 5 15 1 6 12 1 6 13 1 6 14 1 7 12 2 7 16 1 8 15 1 9 17 1 11 16 1
R 46549 54 81 6 239 3 4 5 0 3 2 2 0 3 1 2 0 3 4 5 1 4 2 0 2 5 1 2 3 1 2 0 5 3 0 0 2 3 4 2 1 5 2 3 1 0 3 1 2 0 0 2 4 0 5 4 3 0 1 0 1 2 5 4 1 1 4 5 4 3 5 0 1 2 0 5 3 1 4 3 4 5 3 4 2 5 | 18 24  0 7 1 0 10 1 0 13 1 1 8 1 1 13 1 1 16 1 2 9 2 2 14 1 3 10 1 3 11 2 4 11 1 4 15 1 4 17 1 5 12 1 5 13 1 5 14 1 6 12 2 6 16 1 7 14 1 7 15 1 8 15 1 8 17 1 9 16 1 10 17 1
R 49618 54 81 6 306 3 1 2 2 5 4 0 2 1 0 2 3 3 0 2 1 4 5 1 3 2 0 2 1 1 3 4 5 3 0 3 4 5 5 4 2 1 0 2 2 0 4 0 4 3 0 4 1 1 5 3 1 3 0 4 5 0 0 3 1 4 3 5 1 4 5 1 4 5 0 3 2 5 0 4 3 2 5 1 2 2 | 18 25  0 7 2 0 10 1 1 8 1 1 12 1 1 13 1 2 9 1 2 13 1 2 14 1 3 10 1 3 12 1 3 13 1 4 11 1 4 16 1 4 17 1 5 11 2 5 16 1 6 12 1 6 16 1 6 17 1 7 15 1 8 14 1 8 15 1 9 14 1 9 15 1 10 17 1
R 25373 54 81 6 822 3 4 5 4 2 3 0 4 5 0 1 4 5 3 4 3 1 2 0 1 2 0 1 2 1 2 3 1 3 5 0 2 4 0 2 4 1 3 5 2 3 5 0 2 3 1 0 4 3 1 0 2 1 0 0 1 2 0 1 5 2 1 3 3 2 5 1 2 0 5 0 4 3 4 5 4 3 5 5 4 4 | 18 26  0 8 1 0 14 1 0 15 1 1 9 1 1 10 2 2 9 1 2 13 1 2 17 1 3 10 1 3 16 1 3 17 1 4 11 1 4 12 1 4 13 1 5 11 1 5 12 1 5 13 1 6 11 1 6 12 1 6 14 1 7 14 1 7 15 1 7 16 1 8 15 1 8 16 1 9 17 1
R 19265 54 81 6 163 3 4 5 3 1 0 2 1 4 2 5 1 0 1 3 0 1 2 3 4 2 1 4 0 1 2 3 0 2 4 1 5 4 3 1 4 2 3 0 1 3 4 0 2 5 0 1 3 2 0 1 2 3 0 0 1 2 5 2 4 3 0 5 0 3 4 2 5 4 4 5 3 1 0 5 5 2 3 4 5 1 | 18 25  0 8 1 0 14 1 0 15 1 1 9 1 1 10 1 1 17 1 2 9 1 2 11 1 2 17 1 3 10 2 3 15 1 4 11 2 4 16 1 5 12 1 5 13 1 5 14 1 6 12 1 6 13 1 6 15 1 7 12 1 7 13 1 7 16 1 8 14 1 8 16 1 9 17 1
R 57054 54 81 6 2272 3 4 5 1 0 2 3 1 4 2 5 3 0 1 4 1 0 5 1 2 3 1 2 3 3 2 0 2 4 1 3 4 5 5 0 4 0 2 3 1 0 4 1 2 5 0 3 4 2 1 0 0 2 3 0 1 2 4 5 3 0 5 2 0 1 4 2 3 5 2 3 4 4 5 0 4 5 1 3 1 5 | 18 24  0 7 1 0 12 1 0 13 1 1 8 2 1 13 1 2 9 2 2 15 1 3 10 1 3 11 1 3 17 1 4 10 1 4 14 1 4 17 1 5 11 2 5 16 1 6 12 1 6 13 1 6 14 1 7 14 1 7 15 1 8 15 1 9 16 1 10 17 1 12 16 1
R 68566 54 81 6 95 3 4 5 1 3 2 0 1 4 0 1 2 2 0 1 3 4 5 0 1 2 1 2 3 5 4 1 3 5 0 5 2 1 4 1 0 0 2 3 0 3 2 1 0 2 1 3 0 0 1 5 0 2 4 0 1 2 0 4 5 2 3 5 3 5 4 4 3 5 0 2 1 5 4 3 4 5 2 3 4 1 | 18 27  0 7 1 0 12 1 0 16 1 1 8 1 1 13 1 1 14 1 2 9 1 2 14 1 2 17 1 3 10 1 3 11 1 3 12 1 4 10 1 4 11 1 4 12 1 5 10 1 5 11 1 5 13 1 6 13 1 6 15 1 6 17 1 7 14 1 7 15 1 8 15 1 8 16 1 9 16 1 9 17 1
R 37655 54 81 6 1572 3 4 5 0 2 1 1 2 0 3 4 2 0 1 2 4 3 5 1 0 5 3 4 5 1 2 3 0 2 4 2 4 0 5 3 2 5 4 1 1 0 4 4 2 1 3 1 0 0 3 2 4 0 1 0 1 2 4 3 5 5 3 4 1 0 5 4 3 5 0 1 2 3 4 2 0 2 1 5 3 5 | 18 25  0 8 1 0 9 1 0 13 1 1 8 1 1 10 1 1 17 1 2 9 1 2 14 1 2 15 1 3 10 1 3 14 1 3 15 1 4 11 1 4 13 1 4 16 1 5 11 2 5 15 1 6 12 1 6 16 1 6 17 1 7 12 2 7 16 1 8 13 1 9 17 1 10 14 1
R 1747 54 81 6 5252 3 1 2 4 0 1 0 2 3 1 4 2 4 3 2 0 1 3 4 2 3 5 0 1 0 2 1 2 1 0 3 4 5 1 2 0 1 2 3 1 0 3 3 4 5 1 0 4 0 4 2 5 1 3 4 5 0 3 5 2 1 4 5 3 0 5 0 5 1 4 2 5 5 1 0 2 4 3 3 4 2 | 18 22  0 8 2 0 10 1 1 9 2 1 14 1 2 10 1 2 11 2 3 11 1 3 14 1 3 15 1 4 12 2 4 14 1 5 12 1 5 15 1 5 16 1 6 13 1 6 16 1 6 17 1 7 13 2 7 16 1 8 15 1 9 17 1 10 17 1
R 78207 54 81 6 266 3 4 5 0 2 4 1 2 5 3 0 4 1 0 2 0 3 1 4 1 5 1 2 3 3 4 2 0 2 3 0 2 5 1 0 5 2 0 3 5 1 2 1 0 4 3 4 1 4 0 3 1 3 2 0 1 2 1 5 3 4 3 0 2 1 5 4 5 3 4 2 5 0 3 2 4 5 0 5 1 4 | 18 24  0 7 1 0 9 1 0 14 1 1 8 2 1 11 1 2 9 1 2 10 1 2 17 1 3 11 1 3 12 1 3 17 1 4 12 2 4 14 1 5 13 1 5 15 1 5 16 1 6 13 2 6 16 1 7 10 1 7 14 1 8 15 1 9 15 1 10 16 1 11 17 1
R 23882 54 81 6 146 3 4 5 4 5 1 3 0 4 2 3 4 0 1 2 4 3 2 1 2 0 0 5 1 1 2 3 2 0 5 3 5 4 2 3 0 0 2 5 1 0 4 0 1 3 1 2 3 1 4 3 0 1 2 0 1 2 3 0 2 1 2 5 1 0 5 4 3 5 1 5 0 3 4 5 4 2 3 4 5 4 | 18 25  0 8 1 0 12 1 0 13 1 1 9 1 1 10 2 2 9 1 2 14 1 2 15 1 3 10 1 3 15 1 3 17 1 4 11 1 4 13 1 4 14 1 5 11 2 5 16 1 6 12 1 6 15 1 6 16 1 7 14 1 7 16 1 7 17 1 8 12 1 8 13 1 9 17 1
R 90587 54 81 6 285 3 4 5 3 0 4 1 5 4 0 3 5 1 2 3 1 0 2 1 2 3 4 1 0 0 3 5 4 2 5 0 2 3 2 0 3 0 1 4 5 1 2 2 0 1 1 2 3 4 0 2 1 3 4 0 1 2 2 1 5 2 3 0 1 4 2 4 5 0 4 5 3 4 5 3 5 4 1 3 0 5 | 18 26  0 6 1 0 10 1 0 12 1 1 7 1 1 11 1 1 17 1 2 8 1 2 14 1 2 15 1 3 9 1 3 15 1 3 17 1 4 10 1 4 12 1 4 13 1 5 11 2 5 12 1 6 13 1 6 16 1 7 13 1 7 15 1 8 14 1 8 16 1 9 16 1 9 17 1 10 14 1
R 19042 54 81 6 75 3 1 2 3 0 2 2 4 0 5 0 1 1 3 4 0 3 4 3 1 2 0 2 5 0 2 1 1 2 0 1 0 2 3 4 2 2 4 5 1 2 0 0 1 4 3 4 5 2 0 4 0 1 3 4 5 0 4 5 1 3 1 5 3 4 2 0 5 2 1 5 2 0 4 5 3 1 4 3 5 3 | 18 24  0 8 2 0 15 1 1 9 1 1 10 1 1 15 1 2 9 1 2 11 2 3 10 2 3 15 1 4 11 1 4 16 1 4 17 1 5 12 1 5 13 1 5 14 1 6 12 1 6 13 1 6 14 1 7 14 1 7 16 1 7 17 1 8 16 1 9 17 1 12 13 1
R 65926 54 81 6 342 3 4 5 3 4 5 0 1 3 0 2 4 0 1 3 2 4 1 0 2 4 1 2 3 0 1 3 2 3 1 0 2 5 2 4 3 4 3 1 1 0 4 2 0 1 4 0 5 1 2 4 3 0 2 0 1 2 2 0 1 4 5 2 5 3 1 2 5 4 0 3 5 3 5 1 4 5 5 4 0 3 | 18 24  0 7 1 0 10 1 0 13 1 1 8 1 1 11 2 2 9 2 2 15 1 3 11 1 3 16 1 3 17 1 4 12 2 4 14 1 5 12 1 5 15 1 5 17 1 6 13 1 6 14 1 6 15 1 7 10 1 7 13 1 8 16 1 8 17 1 9 16 1 10 14 1
R 79887 54 81 6 3403 1 2 3 1 3 2 2 4 5 3 5 1 1 0 2 0 4 1 4 0 3 3 4 5 0 2 1 1 0 2 4 0 5 0 2 1 4 5 3 0 3 1 3 5 1 1 4 3 0 3 2 0 1 4 0 4 5 5 4 0 3 1 0 4 0 2 3 4 5 3 2 5 1 5 2 1 2 4 3 5 2 | 18 25  0 7 1 0 11 2 1 8 1 1 14 1 1 15 1 2 9 1 2 10 1 2 14 1 3 9 1 3 12 2 4 10 1 4 13 1 4 15 1 5 11 1 5 15 1 5 16 1 6 12 1 6 13 1 6 14 1 7 16 1 7 17 1 8 16 1 8 17 1 9 17 1 10 13 1
R 64352 54 81 6 83 3 4 5 1 0 2 2 1 3 1 0 2 4 3 2 0 1 4 0 1 3 1 2 3 2 3 5 5 3 2 2 3 0 0 2 5 0 3 4 2 0 3 3 1 2 4 0 1 1 4 2 3 1 0 0 1 2 4 3 5 0 5 4 4 3 5 1 5 0 5 3 2 4 2 5 4 5 1 0 1 4 | 18 26  0 7 1 0 11 1 0 12 1 1 8 1 1 11 1 1 14 1 2 9 1 2 12 1 2 13 1 3 10 1 3 15 1 3 17 1 4 10 2 4 16 1 5 13 1 5 16 1 5 17 1 6 14 1 6 15 1 6 16 1 7 11 1 7 15 1 8 13 1 8 14 1 9 12 1 9 17 1
R 15740 54 81 6 572 3 1 2 2 3 0 0 3 1 1 4 3 0 2 3 4 5 2 3 0 2 1 4 5 0 2 1 1 0 2 3 4 0 3 4 5 2 5 1 5 4 3 1 2 0 2 3 1 0 5 4 4 0 1 4 5 0 4 1 5 5 4 2 2 5 0 1 4 5 0 3 1 1 4 5 0 2 3 3 3 2 | 18 23  0 8 2 0 11 1 1 9 1 1 10 1 1 14 1 2 9 1 2 15 1 2 16 1 3 10 2 3 15 1 4 11 1 4 12 1 4 17 1 5 12 2 5 16 1 6 13 1 6 14 1 6 15 1 7 13 2 7 14 1 8 16 1 9 17 1 11 17 1
R 3634 54 81 6 4831 3 1 2 5 0 4 4 2 5 1 3 2 3 0 1 0 4 3 0 3 4 0 1 2 0 2 1 1 4 2 3 5 2 1 0 2 3 4 1 4 3 2 0 3 4 2 0 4 1 0 4 3 1 5 4 5 0 3 1 2 0 1 3 4 0 5 4 5 2 2 5 1 1 5 2 5 3 4 3 5 0 | 18 22  0 8 2 0 12 1 1 9 1 1 14 1 1 17 1 2 10 2 2 11 1 3 10 1 3 13 1 3 14 1 4 11 2 4 14 1 5 12 2 5 15 1 6 13 2 6 16 1 7 15 1 7 16 1 7 17 1 8 15 1 9 16 1 9 17 1
R 61684 54 81 6 412 3 4 5 1 0 2 1 3 2 3 4 5 0 2 5 0 1 2 0 4 1 1 2 3 2 4 5 2 4 1 2 5 4 0 2 3 1 0 3 1 0 2 1 0 4 3 2 0 4 1 2 0 3 5 0 1 2 3 4 5 0 4 5 0 1 2 3 4 1 5 3 4 3 5 2 4 5 1 0 3 5 | 18 26  0 7 1 0 11 1 0 12 1 1 8 1 1 11 1 1 12 1 2 9 1 2 12 1 2 13 1 3 10 2 3 14 1 4 10 1 4 15 1 4 17 1 5 11 1 5 16 1 5 17 1 6 13 1 6 16 1 6 17 1 7 13 1 7 14 1 8 15 1 8 16 1 9 14 1 9 15 1
R 22762 54 81 6 1174 3 4 5 5 3 0 1 2 4 4 5 1 3 4 5 1 0 2 0 2 3 2 0 1 1 2 3 4 0 3 1 5 2 2 0 3 0 1 3 2 4 3 1 0 4 2 0 1 0 4 5 3 1 2 0 1 2 1 2 4 5 3 0 0 3 2 1 2 0 4 5 3 4 5 1 5 3 4 5 4 5 | 18 25  0 8 1 0 13 1 0 14 1 1 9 2 1 10 1 2 9 1 2 15 1 2 17 1 3 10 2 3 16 1 4 11 1 4 12 1 4 13 1 5 11 1 5 12 1 5 14 1 6 12 1 6 15 1 6 16 1 7 13 1 7 16 1 7 17 1 8 14 1 8 15 1 11 17 1
R 67842 54 81 6 75 3 4 5 0 2 4 0 1 3 1 2 0 0 1 2 1 2 0 3 1 2 1 2 3 1 4 5 4 3 0 0 2 3 1 0 3 3 0 2 1 2 5 4 0 1 0 3 1 2 5 4 3 1 0 0 1 2 3 5 1 5 4 2 4 5 3 5 3 4 4 3 5 0 5 4 4 5 0 2 2 1 | 18 27  0 7 1 0 10 1 0 11 1 1 8 1 1 11 1 1 12 1 2 9 1 2 13 1 2 14 1 3 10 1 3 12 1 3 13 1 4 10 1 4 14 1 4 15 1 5 11 1 5 16 1 5 17 1 6 13 1 6 14 1 6 17 1 7 12 1 7 15 1 8 16 1 8 17 1 9 15 1 9 16 1
R 93429 54 81 6 316 3 4 5 0 1 2 5 4 3 0 2 4 1 2 5 0 2 3 1 2 3 2 3 1 2 0 5 4 1 0 0 2 3 1 0 4 0 3 1 5 2 1 2 0 4 1 2 4 0 5 2 1 3 4 0 1 2 4 3 5 1 2 0 5 3 1 4 3 0 4 1 5 4 5 5 0 4 3 3 2 5 | 18 27  0 6 1 0 10 1 0 11 1 1 7 1 1 11 1 1 12 1 2 8 1 2 12 1 2 13 1 3 9 1 3 15 1 3 16 1 4 10 1 4 14 1 4 17 1 5 13 1 5 14 1 5 15 1 6 16 1 6 17 1 7 14 1 7 15 1 8 12 1 8 13 1 9 16 1 9 17 1 10 11 1
R 3718 54 81 6 770 3 4 5 1 2 0 5 2 4 3 1 4 1 0 3 1 2 0 3 4 1 1 2 0 1 2 3 3 0 2 1 4 2 3 0 5 0 2 3 1 4 0 1 0 4 1 2 4 2 3 5 3 0 1 0 1 2 4 5 3 0 3 1 5 0 2 2 4 5 4 5 3 2 5 0 5 3 4 4 5 1 | 18 22  0 8 1 0 12 1 0 14 1 1 9 2 1 14 1 2 10 2 2 11 1 3 10 1 3 15 1 3 17 1 4 11 2 4 15 1 5 12 2 5 13 1 6 13 2 6 16 1 7 14 1 7 15 1 7 17 1 8 16 1 8 17 1 9 16 1
R 19866 54 81 6 125 3 4 5 4 3 2 0 1 2 0 4 1 0 3 1 2 1 4 0 4 5 3 0 2 1 2 3 0 2 3 1 4 2 4 1 0 3 5 1 3 4 2 0 2 5 1 0 4 3 0 1 2 4 3 0 1 2 1 5 0 4 5 3 3 5 2 2 4 5 3 5 0 2 3 1 1 5 4 4 5 0 | 18 24  0 8 1 0 14 1 0 15 1 1 9 2 1 10 1 2 9 1 2 13 1 2 14 1 3 10 2 3 16 1 4 11 1 4 12 1 4 17 1 5 11 2 5 13 1 6 12 1 6 15 1 6 17 1 7 13 1 7 15 1 7 16 1 8 14 1 8 16 1 12 17 1
R 86662 54 81 6 211 3 4 5 0 1 2 0 1 3 0 4 5 0 1 2 3 4 5 0 1 2 1 2 3 5 2 3 3 5 1 2 4 0 1 4 3 0 2 3 1 0 4 3 0 2 2 1 4 4 1 2 3 0 5 0 1 2 4 3 5 4 2 5 2 1 3 3 5 4 1 0 2 5 3 4 4 5 0 1 0 5 | 18 27  0 7 1 0 12 1 0 13 1 1 8 1 1 13 1 1 14 1 2 9 1 2 11 1 2 13 1 3 9 1 3 14 1 3 15 1 4 10 1 4 11 1 4 12 1 5 10 1 5 15 1 5 17 1 6 12 1 6 16 1 6 17 1 7 14 1 7 15 1 8 16 1 8 17 1 9 11 1 10 16 1
R 25002 54 81 6 75 3 4 5 0 4 2 1 3 2 5 1 3 0 1 2 4 0 1 5 4 0 3 1 2 1 2 3 2 1 4 3 1 4 0 2 3 1 0 2 1 0 3 0 3 2 4 5 1 2 0 1 3 0 4 0 1 2 3 5 1 0 4 5 0 2 4 5 4 3 3 5 2 1 2 3 4 0 5 4 5 5 | 18 26  0 8 1 0 11 1 0 13 1 1 9 1 1 10 1 1 17 1 2 9 1 2 11 1 2 12 1 3 10 2 3 16 1 4 11 1 4 13 1 4 15 1 5 12 1 5 13 1 5 17 1 6 14 1 6 15 1 6 16 1 7 14 1 7 15 1 7 17 1 8 12 1 8 16 1 9 14 1
R 35847 54 81 6 77 3 4 5 1 3 0 0 3 1 2 4 3 1 2 3 0 1 4 0 2 5 4 0 5 1 2 3 2 0 1 3 4 0 1 2 4 0 2 5 0 1 5 4 3 1 0 5 3 3 1 0 0 2 4 0 1 2 4 2 5 5 2 4 1 0 5 5 4 0 3 5 2 3 4 1 1 2 3 4 5 3 | 18 27  0 8 1 0 12 1 0 13 1 1 9 1 1 10 1 1 11 1 2 9 1 2 14 1 2 15 1 3 10 1 3 11 1 3 17 1 4 10 1 4 13 1 4 14 1 5 11 1 5 14 1 5 15 1 6 13 1 6 16 1 6 17 1 7 15 1 7 16 1 7 17 1 8 12 1 8 16 1 9 12 1
R 41699 54 81 6 1697 3 4 5 0 3 4 2 3 5 1 2 0 1 0 2 1 4 3 5 0 4 1 2 3 1 4 3 1 5 2 0 2 3 2 0 3 0 3 2 1 0 4 5 2 4 1 3 0 2 1 5 0 1 4 0 1 2 2 5 1 0 1 4 4 3 5 4 5 3 5 0 2 1 2 3 4 5 0 4 3 5 | 18 24  0 7 1 0 10 1 0 13 1 1 8 2 1 11 1 2 9 1 2 12 2 3 10 1 3 14 1 3 15 1 4 11 2 4 13 1 5 12 1 5 14 1 5 17 1 6 14 1 6 15 1 6 16 1 7 16 1 7 17 1 8 16 1 9 15 1 9 17 1 10 13 1
R 83733 54 81 CAP 5000001 | 18 26  0 7 1 0 13 1 0 15 1 1 8 1 1 15 1 1 17 1 2 9 1 2 10 1 2 12 1 3 9 1 3 15 1 3 16 1 4 10 1 4 12 1 4 13 1 5 11 1 5 13 1 5 17 1 6 11 2 6 14 1 7 14 1 7 16 1 8 16 1 8 17 1 9 12 1 10 14 1
R 89469 54 81 6 115 3 4 5 3 0 4 0 1 2 3 4 2 0 4 5 1 2 0 1 2 0 1 2 3 5 4 3 0 2 5 2 3 0 1 0 4 1 4 2 1 0 3 0 4 2 1 0 3 2 1 4 1 4 0 0 1 2 1 2 5 4 3 5 1 0 5 3 2 1 4 3 5 4 3 5 4 5 0 2 3 5 | 18 27  0 7 1 0 9 1 0 11 1 1 8 1 1 15 1 1 16 1 2 10 1 2 11 1 2 14 1 3 10 1 3 12 1 3 13 1 4 12 1 4 13 1 4 14 1 5 13 1 5 14 1 5 15 1 6 15 1 6 16 1 6 17 1 7 9 1 7 11 1 8 16 1 8 17 1 9 17 1 10 12 1
R 61991 54 81 6 400 3 4 5 1 0 2 0 4 3 5 0 1 4 3 1 0 1 2 1 2 0 1 2 3 2 4 0 3 2 4 3 1 0 0 2 3 1 0 3 4 5 1 2 0 5 2 3 0 0 3 4 4 2 1 0 1 2 3 4 5 5 2 1 2 4 3 5 2 0 5 3 4 4 5 3 4 5 1 5 0 1 | 18 26  0 7 1 0 11 1 0 12 1 1 8 1 1 11 1 1 12 1 2 9 1 2 13 1 2 14 1 3 10 2 3 14 1 4 10 1 4 16 1 4 17 1 5 11 1 5 13 1 5 14 1 6 12 1 6 15 1 6 17 1 7 15 1 7 16 1 8 16 1 8 17 1 9 13 1 9 15 1
R 88167 54 81 6 3079 3 4 5 1 5 2 2 4 0 3 0 1 4 1 3 0 1 2 3 2 4 1 2 3 0 2 5 0 2 5 1 0 2 3 4 5 4 2 5 0 1 3 3 1 4 0 2 3 0 4 1 1 3 0 0 1 2 3 4 0 3 1 5 4 5 2 0 5 2 3 5 4 0 1 5 4 5 1 4 3 2 | 18 25  0 7 1 0 9 1 0 13 1 1 8 1 1 13 1 1 14 1 2 10 1 2 11 1 2 17 1 3 10 2 3 14 1 4 11 1 4 15 1 4 16 1 5 12 1 5 13 1 5 15 1 6 12 2 6 16 1 7 9 1 7 14 1 8 15 1 8 17 1 9 16 1 11 17 1
R 14187 54 81 6 81 3 1 2 0 1 4 2 3 1 3 0 4 0 4 3 0 4 5 2 0 1 3 1 4 0 2 1 3 4 1 2 0 5 3 4 1 0 3 2 1 0 4 1 4 0 3 1 0 2 0 4 2 3 1 4 5 0 2 5 3 0 4 5 1 2 5 2 5 1 1 2 3 3 4 5 5 2 0 3 4 5 | 18 22  0 8 2 0 11 1 1 9 2 1 10 1 2 9 1 2 12 2 3 10 1 3 13 1 3 15 1 4 11 2 4 16 1 5 12 1 5 14 2 6 13 1 6 15 1 6 16 1 7 14 1 7 15 1 7 17 1 8 16 1 10 17 1 13 17 1
R 69264 54 81 6 87 3 4 5 1 3 2 0 1 3 1 2 4 0 2 1 0 3 5 1 2 4 1 2 3 0 2 1 3 5 0 0 2 5 0 1 3 3 1 2 3 0 1 1 4 5 0 2 4 3 2 5 0 4 1 0 1 2 5 4 0 4 2 5 3 5 0 4 5 3 4 2 1 5 0 3 4 5 3 4 1 2 | 18 27  0 7 1 0 10 1 0 11 1 1 8 1 1 13 1 1 14 1 2 9 1 2 14 1 2 17 1 3 10 1 3 11 1 3 12 1 4 11 1 4 12 1 4 14 1 5 12 1 5 13 1 5 15 1 6 15 1 6 16 1 6 17 1 7 10 1 7 13 1 8 15 1 8 16 1 9 16 1 9 17 1
R 77941 54 81 6 179 3 4 5 0 4 1 1 2 3 2 4 3 1 0 4 0 2 1 0 2 5 1 2 3 5 1 4 0 2 3 3 0 4 1 0 4 4 3 2 0 3 5 2 1 3 1 0 2 4 2 1 4 0 3 0 1 2 3 5 2 4 0 5 5 1 0 2 5 3 3 4 5 4 3 1 4 5 0 2 5 1 | 18 27  0 7 1 0 9 1 0 11 1 1 8 1 1 12 1 1 13 1 2 9 1 2 12 1 2 15 1 3 10 1 3 13 1 3 14 1 4 10 1 4 14 1 4 15 1 5 11 1 5 13 1 5 17 1 6 14 1 6 16 1 6 17 1 7 15 1 7 16 1 8 16 1 8 17 1 9 11 1 10 12 1
R 68975 54 81 6 96 3 4 5 0 1 2 0 1 3 1 2 4 0 1 3 5 1 4 0 2 5 1 2 3 2 4 0 4 3 1 0 2 5 1 0 3 1 2 3 2 4 3 0 3 1 2 1 0 4 0 3 1 4 2 0 1 2 3 4 5 2 4 5 3 5 0 5 4 2 0 2 3 1 4 3 4 5 1 5 5 0 | 18 27  0 7 1 0 10 1 0 11 1 1 8 1 1 11 1 1 14 1 2 9 1 2 12 1 2 13 1 3 10 1 3 11 1 3 12 1 4 12 1 4 15 1 4 16 1 5 13 1 5 14 1 5 15 1 6 13 1 6 14 1 6 17 1 7 10 1 7 15 1 8 16 1 8 17 1 9 16 1 9 17 1
R 45775 54 81 6 1065 3 4 5 4 5 2 1 0 2 1 2 5 0 1 3 2 4 1 4 3 0 1 2 3 1 0 5 3 2 0 0 2 3 3 5 4 1 0 4 2 0 1 0 2 1 3 0 2 5 3 4 3 1 4 0 1 2 3 0 1 4 5 3 4 3 0 2 5 4 3 5 0 5 1 2 5 4 4 2 1 5 | 18 25  0 7 1 0 10 1 0 12 1 1 8 1 1 11 2 2 9 2 2 12 1 3 10 1 3 13 1 3 17 1 4 11 1 4 13 1 4 14 1 5 14 1 5 15 1 5 16 1 6 14 1 6 15 1 6 16 1 7 12 1 7 13 1 8 15 1 8 17 1 9 16 1 10 17 1
R 21993 54 81 6 415 3 1 2 1 2 0 0 2 3 3 4 2 4 0 5 0 3 2 3 0 1 4 5 1 0 2 1 3 0 1 2 4 0 5 2 1 2 1 0 2 5 3 3 4 5 1 3 4 0 4 5 1 3 4 4 5 0 4 3 5 5 4 1 1 5 0 3 1 2 4 1 5 4 5 2 3 2 0 3 2 0 | 18 24  0 8 2 0 14 1 1 9 1 1 10 1 1 17 1 2 9 1 2 13 1 2 16 1 3 10 2 3 15 1 4 11 1 4 13 1 4 17 1 5 11 1 5 14 1 5 15 1 6 12 2 6 15 1 7 12 1 7 16 1 7 17 1 8 16 1 9 14 1 11 13 1
R 29657 54 81 6 2832 3 4 5 0 1 2 2 0 1 0 1 2 3 4 5 5 3 0 2 4 0 4 3 1 1 2 3 5 2 1 5 4 2 4 1 0 0 2 3 1 3 4 1 0 2 3 0 1 4 2 3 3 0 5 0 1 2 3 5 4 4 3 5 3 5 4 0 1 2 2 4 1 3 5 1 5 0 2 4 5 0 | 18 26  0 8 1 0 12 1 0 13 1 1 9 1 1 11 1 1 12 1 2 9 1 2 11 1 2 12 1 3 10 1 3 13 1 3 17 1 4 10 2 4 15 1 5 11 1 5 15 1 5 16 1 6 14 1 6 16 1 6 17 1 7 14 1 7 16 1 7 17 1 8 14 1 8 15 1 9 13 1
R 66425 54 81 6 122 3 4 5 1 0 2 1 0 2 0 1 2 3 4 0 1 4 2 3 5 1 1 2 3 2 4 0 2 4 1 0 2 3 0 1 4 0 3 1 2 0 3 1 3 2 2 0 1 3 2 4 1 4 3 0 1 2 3 4 5 3 5 4 5 3 4 2 5 1 3 5 0 4 0 2 4 5 5 1 5 0 | 18 27  0 7 1 0 10 1 0 11 1 1 8 1 1 10 1 1 17 1 2 9 1 2 11 1 2 14 1 3 10 1 3 11 1 3 12 1 4 12 1 4 14 1 4 16 1 5 15 1 5 16 1 5 17 1 6 15 1 6 16 1 6 17 1 7 13 1 7 15 1 8 12 1 8 13 1 9 13 1 9 14 1
R 88773 54 81 6 128 3 4 5 0 1 2 3 1 5 0 3 2 0 1 3 2 4 3 4 0 1 1 2 3 2 3 0 0 2 5 2 5 1 3 4 0 1 0 4 1 0 2 4 0 3 0 3 4 1 4 2 2 0 1 0 1 2 4 3 5 0 4 2 4 1 5 2 5 4 1 5 0 5 2 3 4 5 1 5 3 3 | 18 26  0 7 1 0 9 1 0 12 1 1 8 1 1 12 1 1 14 1 2 10 1 2 13 1 2 15 1 3 10 1 3 14 1 3 15 1 4 11 1 4 16 1 4 17 1 5 11 2 5 16 1 6 13 1 6 14 1 6 16 1 7 9 1 7 12 1 8 15 1 8 17 1 9 17 1 10 13 1
R 7166 54 81 6 1019 3 4 5 1 2 0 3 4 1 1 0 2 3 5 4 0 2 5 5 1 4 0 4 2 1 2 3 0 2 3 4 2 1 4 5 2 5 0 4 3 0 2 2 4 1 0 1 4 0 1 3 3 1 0 0 1 2 4 3 5 0 2 5 3 5 4 0 1 2 1 3 4 3 0 2 1 3 5 4 5 5 | 18 25  0 8 1 0 9 1 0 15 1 1 9 1 1 10 2 2 10 1 2 12 1 2 13 1 3 11 1 3 15 1 3 17 1 4 11 2 4 16 1 5 12 1 5 14 1 5 16 1 6 12 1 6 14 1 6 17 1 7 13 1 7 15 1 7 16 1 8 13 1 8 14 1 9 17 1
R 2704 54 81 6 1597 1 2 3 3 1 0 0 4 1 3 0 2 4 2 5 2 4 3 1 2 0 0 1 4 3 4 5 2 0 1 0 2 1 5 2 0 3 4 0 3 4 0 1 3 4 4 1 2 0 2 4 5 1 0 0 4 5 4 5 2 3 2 5 4 1 5 1 3 0 1 0 5 5 3 4 2 5 3 1 2 3 | 18 24  0 8 1 0 10 2 1 9 2 1 13 1 2 10 1 2 12 1 2 13 1 3 11 1 3 13 1 3 14 1 4 11 2 4 14 1 5 12 1 5 15 1 5 16 1 6 12 1 6 15 1 6 17 1 7 14 1 7 15 1 7 17 1 8 16 1 8 17 1 9 16 1
R 339 54 81 6 4070 3 1 2 0 4 1 0 4 3 0 3 5 4 1 5 2 4 5 1 2 0 0 3 2 1 2 3 0 2 1 3 4 1 2 5 3 3 4 0 0 2 1 1 4 3 4 2 5 2 5 0 3 0 1 4 5 0 3 2 5 2 5 1 1 4 2 0 3 2 1 3 0 5 3 4 4 1 5 5 0 4 | 18 24  0 9 2 0 10 1 1 9 1 1 12 1 1 13 1 2 10 2 2 16 1 3 11 2 3 14 1 4 11 1 4 16 1 4 17 1 5 12 1 5 13 1 5 14 1 6 12 1 6 15 1 6 17 1 7 13 1 7 15 1 7 17 1 8 14 1 8 15 1 8 16 1
R 30677 54 81 6 318 3 4 5 0 1 2 3 4 2 5 1 2 4 0 1 0 3 1 1 4 2 0 5 2 1 2 3 2 4 5 4 2 1 1 3 2 0 2 3 0 4 5 1 0 2 0 3 5 0 3 1 4 2 0 0 1 2 3 5 4 0 1 5 0 3 4 5 2 3 4 5 2 0 3 5 3 1 4 4 5 1 | 18 26  0 8 1 0 12 1 0 15 1 1 9 1 1 11 1 1 12 1 2 9 1 2 13 1 2 14 1 3 10 2 3 15 1 4 10 1 4 16 1 4 17 1 5 11 1 5 12 1 5 13 1 6 11 1 6 13 1 6 16 1 7 14 1 7 15 1 7 16 1 8 14 1 8 17 1 9 17 1
R 45656 54 81 6 199 1 2 3 2 0 4 4 0 3 0 4 1 1 3 2 2 4 5 3 2 0 3 4 5 5 4 0 2 3 0 0 2 1 0 1 2 3 4 0 0 2 1 1 3 4 0 4 2 3 1 5 3 4 0 0 4 5 1 3 5 1 5 2 3 2 5 4 0 5 1 3 0 5 4 1 1 2 3 2 4 5 | 18 25  0 7 1 0 10 2 1 8 1 1 11 1 1 14 1 2 9 2 2 14 1 3 10 1 3 12 1 3 13 1 4 11 1 4 14 1 4 15 1 5 12 1 5 13 1 5 16 1 6 12 1 6 13 1 6 17 1 7 15 1 7 17 1 8 15 1 8 16 1 9 16 1 11 17 1
R 41980 54 81 6 53240 3 1 2 3 0 2 2 4 3 0 2 3 3 0 4 4 1 5 1 0 2 0 2 1 5 2 0 3 0 1 3 4 5 1 3 4 5 1 2 2 0 3 4 0 1 1 5 4 0 5 4 3 1 2 4 5 0 1 4 5 5 0 1 1 4 5 2 1 5 0 3 2 4 5 3 3 3 2 4 2 0 | 18 23  0 7 2 0 10 1 1 8 2 1 11 1 2 9 1 2 15 1 2 16 1 3 10 1 3 12 1 3 14 1 4 11 1 4 13 1 4 17 1 5 12 2 5 16 1 6 13 2 6 14 1 7 16 1 8 15 1 9 15 1 9 17 1 10 14 1 11 17 1
R 68077 54 81 6 3874 3 4 5 0 1 5 2 5 3 1 2 0 0 1 2 3 1 4 4 0 2 1 2 3 3 5 4 1 3 4 0 2 3 1 0 4 2 0 5 5 3 2 2 4 1 1 0 3 1 3 0 4 2 0 0 1 2 2 3 4 0 4 1 4 3 5 5 4 3 5 0 2 3 1 5 4 5 1 0 2 5 | 18 27  0 7 1 0 10 1 0 11 1 1 8 1 1 11 1 1 12 1 2 9 1 2 15 1 2 17 1 3 10 1 3 14 1 3 15 1 4 10 1 4 16 1 4 17 1 5 11 1 5 14 1 5 15 1 6 12 1 6 13 1 6 14 1 7 13 1 7 16 1 8 12 1 8 13 1 9 16 1 9 17 1
R 54710 54 81 6 98 3 1 2 1 2 0 1 2 4 0 2 3 3 2 4 4 0 5 0 1 3 0 2 1 4 0 2 3 4 1 3 4 5 4 2 5 1 3 0 0 2 3 1 0 2 4 0 1 4 0 5 4 1 0 4 5 0 5 3 4 0 5 3 1 4 5 0 5 1 1 2 3 4 2 5 3 3 1 5 2 2 | 18 26  0 7 2 0 10 1 1 8 1 1 11 1 1 12 1 2 9 1 2 13 1 2 14 1 3 10 1 3 14 1 3 15 1 4 11 1 4 12 1 4 13 1 5 11 1 5 12 1 5 17 1 6 13 1 6 15 1 6 17 1 7 16 1 8 15 1 8 16 1 9 14 1 9 16 1 10 17 1
R 67420 54 81 6 75 3 4 5 0 1 4 0 2 4 1 2 3 0 1 2 5 0 2 0 3 1 1 2 3 3 4 5 5 1 4 0 2 3 0 1 4 1 2 5 2 0 3 1 3 0 4 3 5 3 0 2 4 1 2 0 1 2 2 3 5 3 1 5 4 5 0 5 3 4 4 1 3 2 4 5 4 5 1 0 2 0 | 18 27  0 7 1 0 10 1 0 11 1 1 8 1 1 12 1 1 13 1 2 9 1 2 13 1 2 16 1 3 10 1 3 11 1 3 12 1 4 10 1 4 11 1 4 13 1 5 14 1 5 15 1 5 17 1 6 15 1 6 16 1 6 17 1 7 12 1 7 14 1 8 16 1 8 17 1 9 14 1 9 15 1
R 50197 54 81 6 451 3 1 2 2 1 4 4 0 5 0 2 3 3 4 5 1 0 2 4 3 0 0 2 1 3 4 2 5 1 2 3 4 5 2 5 4 1 0 2 1 3 4 3 4 0 3 0 5 2 0 4 3 1 0 4 5 0 0 3 5 3 2 1 1 4 5 0 1 2 3 4 5 5 2 1 3 5 1 0 4 2 | 18 25  0 7 2 0 10 1 1 8 1 1 12 1 1 16 1 2 9 1 2 13 1 2 14 1 3 10 1 3 12 1 3 13 1 4 11 2 4 14 1 5 11 1 5 15 1 5 17 1 6 12 1 6 15 1 6 16 1 7 16 1 8 14 1 8 15 1 9 13 1 9 17 1 10 17 1
R 11015 54 81 6 412 1 2 3 0 4 1 0 2 4 2 3 4 3 4 1 2 0 1 5 2 3 1 2 0 3 4 5 0 2 1 4 1 5 1 0 3 1 3 4 3 4 0 0 2 3 2 5 4 2 0 4 0 3 1 0 4 5 3 2 5 3 5 1 0 1 5 2 0 5 4 5 3 0 1 4 5 4 3 1 2 2 | 18 25  0 8 1 0 9 2 1 9 1 1 13 1 1 14 1 2 10 1 2 12 1 2 13 1 3 10 1 3 14 1 3 16 1 4 11 1 4 15 1 4 17 1 5 11 2 5 16 1 6 12 1 6 15 1 6 17 1 7 13 1 7 14 1 7 15 1 8 16 1 8 17 1 10 12 1
R 21690 54 81 6 8806 3 4 5 3 4 1 0 1 2 5 2 0 1 5 2 0 3 2 1 2 5 0 3 4 1 2 3 2 1 4 0 2 3 2 0 1 4 3 2 0 2 3 0 1 3 0 5 2 4 5 1 3 0 1 0 1 2 0 5 2 3 5 4 1 4 3 3 4 0 4 5 1 0 3 4 1 5 2 4 5 5 | 18 24  0 8 1 0 13 1 0 14 1 1 9 1 1 10 1 1 17 1 2 9 2 2 14 1 3 10 2 3 16 1 4 11 1 4 13 1 4 16 1 5 11 1 5 14 1 5 15 1 6 12 1 6 15 1 6 17 1 7 12 2 7 16 1 8 15 1 8 17 1 11 13 1
R 58953 54 81 6 1260 3 4 5 1 0 2 0 3 4 2 3 1 1 3 2 0 5 4 0 1 2 1 2 3 2 4 0 2 4 3 4 1 2 5 3 2 0 2 3 0 1 4 0 1 3 3 5 2 1 0 2 1 0 4 0 1 2 3 5 4 1 5 2 5 0 4 0 4 5 1 3 2 5 3 4 4 5 5 1 0 3 | 18 25  0 7 1 0 12 1 0 13 1 1 8 1 1 13 1 1 15 1 2 9 2 2 14 1 3 10 1 3 11 2 4 10 1 4 12 1 4 16 1 5 11 1 5 16 1 5 17 1 6 12 1 6 13 1 6 14 1 7 16 1 7 17 1 8 14 1 8 15 1 9 15 1 10 17 1
R 70621 54 81 6 241 3 4 5 0 2 4 1 2 0 1 0 3 0 4 2 0 1 2 3 4 5 1 2 3 1 4 2 0 2 3 3 0 4 2 4 1 5 4 1 1 0 4 4 3 0 1 2 3 2 3 5 0 3 1 0 1 2 3 5 1 4 3 5 5 2 4 5 3 1 3 5 4 0 2 1 4 5 0 5 2 0 | 18 25  0 7 1 0 9 1 0 13 1 1 8 2 1 10 1 2 9 1 2 11 1 2 14 1 3 10 1 3 14 1 3 15 1 4 11 1 4 13 1 4 14 1 5 12 1 5 15 1 5 17 1 6 12 2 6 16 1 7 16 1 7 17 1 8 16 1 9 13 1 10 17 1 11 15 1
R 66451 54 81 6 163 3 4 5 1 0 2 4 5 3 0 1 2 1 2 0 3 0 1 4 0 5 1 2 3 2 4 5 3 2 4 0 2 3 1 0 3 1 2 5 4 1 5 3 0 1 4 3 0 2 3 0 4 2 1 0 1 2 3 4 5 1 0 2 5 3 4 4 3 5 4 2 5 2 1 3 4 5 1 0 0 5 | 18 27  0 7 1 0 10 1 0 11 1 1 8 1 1 10 1 1 11 1 2 9 1 2 12 1 2 13 1 3 10 1 3 12 1 3 14 1 4 11 1 4 13 1 4 15 1 5 12 1 5 15 1 5 16 1 6 14 1 6 15 1 6 17 1 7 16 1 7 17 1 8 16 1 8 17 1 9 13 1 9 14 1
R 44331 54 81 6 665 1 2 3 4 2 1 2 3 4 0 4 1 0 2 1 0 2 5 3 4 5 3 4 5 0 1 2 1 4 2 0 2 1 3 5 1 5 4 2 3 0 4 2 0 4 0 1 5 3 0 1 0 3 4 0 4 5 3 5 0 0 1 5 3 2 5 4 3 5 3 4 1 0 1 2 1 2 4 5 3 2 | 18 24  0 7 1 0 10 2 1 8 2 1 11 1 2 9 1 2 13 1 2 14 1 3 10 1 3 13 1 3 17 1 4 11 1 4 14 1 4 16 1 5 12 1 5 16 1 5 17 1 6 12 2 6 16 1 7 14 1 7 15 1 8 15 1 9 13 1 9 15 1 11 17 1
R 37561 54 81 6 133 3 4 5 0 2 5 0 3 1 2 3 0 0 1 2 3 4 5 1 5 2 0 2 3 1 2 3 2 0 4 1 2 0 4 2 1 3 2 4 3 0 4 1 0 3 2 0 5 0 2 5 0 1 3 0 1 2 4 3 1 5 2 4 4 5 1 3 5 4 0 1 2 0 3 4 1 5 4 5 3 5 | 18 25  0 8 1 0 9 1 0 14 1 1 8 1 1 10 1 1 13 1 2 9 1 2 13 1 2 15 1 3 10 1 3 14 1 3 15 1 4 11 2 4 14 1 5 11 1 5 16 1 5 17 1 6 12 1 6 15 1 6 17 1 7 12 2 7 16 1 8 13 1 9 16 1 10 17 1
R 78590 54 81 6 105 1 2 3 5 1 0 1 0 4 0 2 3 0 4 2 0 1 2 5 2 4 3 4 5 2 0 1 3 4 5 2 0 1 0 2 1 4 3 1 1 2 3 1 4 0 5 3 0 0 4 2 0 5 3 0 4 5 3 4 2 2 3 5 1 5 4 3 5 1 5 4 3 0 3 1 1 2 5 0 4 2 | 18 25  0 7 1 0 11 2 1 8 2 1 15 1 2 9 1 2 10 1 2 13 1 3 9 1 3 10 1 3 15 1 4 11 1 4 14 1 4 17 1 5 12 1 5 13 1 5 16 1 6 12 1 6 14 1 6 15 1 7 16 1 7 17 1 8 16 1 9 13 1 10 17 1 12 14 1
R 59171 54 81 6 75 3 4 5 1 0 2 2 3 4 1 0 3 2 4 3 5 0 2 0 4 1 1 2 3 2 5 1 1 4 2 3 4 0 2 0 4 0 2 5 1 0 4 1 2 4 3 0 4 1 2 3 2 0 1 0 1 2 4 3 5 0 1 5 2 5 4 1 5 0 1 3 4 3 2 5 4 5 3 0 5 3 | 18 25  0 7 1 0 12 1 0 13 1 1 8 1 1 12 1 1 13 1 2 9 1 2 15 1 2 17 1 3 10 1 3 11 1 3 17 1 4 10 2 4 16 1 5 11 2 5 16 1 6 14 1 6 15 1 6 16 1 7 12 1 7 14 1 8 13 1 8 14 1 9 15 1 9 17 1
R 49165 54 81 6 109 1 2 3 2 0 1 3 0 4 0 4 1 2 0 1 3 1 4 0 2 5 3 4 5 1 4 2 1 2 3 0 2 1 4 1 2 0 3 1 3 5 4 3 2 0 1 2 0 5 0 3 3 4 1 0 4 5 3 5 4 5 2 1 3 2 5 3 4 5 0 5 2 4 3 1 1 2 0 5 4 0 | 18 25  0 7 1 0 10 2 1 8 1 1 12 1 1 14 1 2 9 1 2 12 1 2 13 1 3 10 1 3 13 1 3 14 1 4 11 1 4 16 1 4 17 1 5 11 2 5 16 1 6 12 1 6 15 1 6 16 1 7 14 1 7 17 1 8 13 1 8 15 1 9 15 1 9 17 1
R 82112 54 81 6 81 3 4 5 1 0 2 2 4 3 0 1 4 2 5 4 0 1 2 0 1 3 1 2 3 4 2 0 3 0 4 0 4 3 2 1 3 3 1 2 2 4 5 1 3 2 1 0 4 0 3 4 0 1 5 0 1 2 3 5 4 1 5 0 2 5 3 1 0 3 4 3 5 4 5 2 5 4 1 5 2 0 | 18 25  0 7 1 0 13 1 0 15 1 1 8 2 1 14 1 2 9 1 2 10 1 2 14 1 3 9 1 3 11 1 3 13 1 4 10 1 4 12 1 4 17 1 5 11 1 5 15 1 5 16 1 6 12 2 6 16 1 7 15 1 7 17 1 8 16 1 9 14 1 10 17 1 11 13 1
R 41945 54 81 6 667 3 1 2 2 4 1 1 0 2 0 2 3 0 3 5 4 5 1 0 2 3 0 2 1 1 0 4 3 2 0 3 4 5 3 4 2 1 5 0 3 1 5 4 1 0 2 4 5 0 4 3 1 2 3 4 5 0 3 0 5 4 5 3 1 4 5 1 2 4 2 3 0 4 1 5 3 2 5 1 2 0 | 18 23  0 7 2 0 10 1 1 8 1 1 11 2 2 9 2 2 14 1 3 10 1 3 12 1 3 14 1 4 11 1 4 13 1 4 17 1 5 12 2 5 15 1 6 13 1 6 15 1 6 16 1 7 15 1 8 16 1 8 17 1 9 16 1 10 14 1 13 17 1
R 20744 54 81 6 171 3 4 5 4 2 1 0 3 1 0 4 3 0 1 2 3 4 1 0 4 2 0 2 5 1 2 3 0 1 2 3 4 1 3 2 1 1 2 3 0 2 5 0 1 4 3 4 0 0 4 2 3 5 4 0 1 2 3 5 0 4 2 5 2 5 1 4 5 3 0 5 2 5 3 1 4 3 1 4 5 0 | 18 24  0 8 1 0 13 1 0 14 1 1 9 2 1 10 1 2 9 1 2 15 1 2 16 1 3 10 2 3 16 1 4 11 2 4 13 1 5 11 1 5 14 1 5 17 1 6 12 1 6 14 1 6 15 1 7 12 1 7 16 1 7 17 1 8 13 1 8 15 1 12 17 1
R 29309 54 81 6 260239 3 4 5 1 3 0 0 3 1 1 0 2 3 2 4 0 2 4 1 3 5 2 5 4 1 2 3 2 0 1 4 2 0 5 3 4 0 2 5 0 1 4 3 5 1 2 1 3 2 3 0 0 4 1 0 1 2 4 2 5 5 4 2 3 5 4 1 5 0 1 5 3 0 2 4 3 0 1 4 5 3 | 18 25  0 8 1 0 12 1 0 13 1 1 9 1 1 14 1 1 15 1 2 9 1 2 15 1 2 17 1 3 10 1 3 13 1 3 14 1 4 10 2 4 14 1 5 11 1 5 16 1 5 17 1 6 11 2 6 16 1 7 13 1 7 15 1 7 16 1 8 12 1 8 17 1 9 12 1
R 4825 54 81 6 148 3 4 5 2 1 4 1 5 2 3 2 0 3 0 1 4 5 0 1 0 2 3 2 4 1 2 3 0 4 1 0 2 1 5 1 0 4 2 1 0 2 3 3 0 4 2 5 3 0 3 5 3 1 4 0 1 2 3 5 0 3 4 0 4 5 1 2 4 5 3 1 2 3 5 4 0 5 1 4 5 2 | 18 23  0 8 1 0 13 1 0 14 1 1 9 2 1 15 1 2 10 1 2 13 1 2 17 1 3 10 2 3 14 1 4 11 2 4 13 1 5 11 1 5 15 1 5 17 1 6 12 1 6 14 1 6 15 1 7 12 2 7 16 1 8 16 1 8 17 1 9 16 1
R 13371 54 81 6 181 1 2 3 2 4 1 3 4 0 0 4 1 2 3 0 1 4 2 5 3 4 2 0 1 3 4 5 1 0 2 4 3 5 0 2 1 3 4 0 1 3 2 4 3 2 1 0 3 2 0 4 0 5 1 0 4 5 3 0 5 5 1 2 3 2 5 1 4 5 0 5 3 0 1 2 4 5 3 1 2 4 | 18 21  0 8 1 0 11 2 1 9 1 1 10 1 1 16 1 2 9 1 2 10 2 3 11 1 3 12 2 4 12 1 4 13 2 5 13 1 5 14 1 5 17 1 6 14 2 6 15 1 7 15 2 7 16 1 8 16 1 8 17 1 9 17 1
R 62090 54 81 6 225 3 4 5 1 0 2 2 0 5 3 1 4 5 2 4 0 1 2 3 2 0 1 2 3 2 4 1 1 3 0 4 2 3 0 2 3 0 1 4 2 3 0 1 3 2 1 2 4 0 1 5 3 0 4 0 1 2 3 4 5 4 3 1 5 0 2 0 1 3 5 3 4 5 4 1 4 5 5 0 5 2 | 18 26  0 7 1 0 11 1 0 12 1 1 8 1 1 11 1 1 14 1 2 9 1 2 12 1 2 13 1 3 10 1 3 15 1 3 17 1 4 10 2 4 16 1 5 11 1 5 15 1 5 16 1 6 12 1 6 14 1 6 17 1 7 13 1 7 17 1 8 13 1 8 14 1 9 15 1 9 16 1
R 18406 54 81 6 548 3 1 2 5 2 0 1 4 2 1 3 0 0 3 2 4 3 2 3 0 1 5 1 4 0 2 1 3 0 2 5 4 0 4 0 1 2 3 1 4 1 3 3 4 5 0 2 5 4 2 0 1 3 5 4 5 0 1 4 3 5 3 0 2 4 5 5 1 4 0 5 1 5 4 2 0 2 3 3 1 2 | 18 23  0 8 2 0 14 1 1 9 2 1 10 1 2 9 1 2 11 1 2 17 1 3 10 1 3 12 1 3 16 1 4 11 1 4 14 1 4 17 1 5 12 2 5 16 1 6 13 1 6 15 1 6 17 1 7 13 2 7 16 1 8 15 1 10 15 1 11 14 1
R 94313 54 81 6 300 3 4 5 0 5 3 1 4 2 1 5 2 1 5 2 0 3 1 1 2 3 1 4 0 0 2 4 0 4 5 2 0 1 0 2 3 1 2 3 4 2 5 0 1 3 2 3 0 0 3 4 4 3 1 0 1 2 2 4 1 3 0 5 3 4 0 3 4 0 4 5 2 4 5 5 3 5 1 1 2 5 | 18 27  0 6 1 0 11 1 0 14 1 1 7 1 1 12 1 1 13 1 2 8 1 2 13 1 2 16 1 3 9 1 3 14 1 3 17 1 4 10 1 4 11 1 4 12 1 5 10 1 5 15 1 5 16 1 6 15 1 6 17 1 7 12 1 7 13 1 8 14 1 8 15 1 9 16 1 9 17 1 10 11 1
R 58939 54 81 6 113 3 4 5 0 1 2 3 0 4 3 4 0 1 0 2 2 1 4 0 1 2 1 2 3 5 2 1 1 4 0 2 0 5 1 4 3 0 2 3 0 1 4 1 0 3 3 5 4 0 1 2 0 2 1 0 1 2 3 4 5 5 2 1 1 2 5 3 4 5 0 5 3 5 3 4 4 5 0 2 3 4 | 18 25  0 7 1 0 12 1 0 13 1 1 8 2 1 13 1 2 9 1 2 14 1 2 15 1 3 10 1 3 11 2 4 10 1 4 12 1 4 14 1 5 11 1 5 16 1 5 17 1 6 12 1 6 13 1 6 14 1 7 16 1 7 17 1 8 15 1 9 15 1 9 16 1 10 17 1
R 39216 54 81 6 122 3 4 5 0 2 1 1 0 2 0 3 2 0 5 1 2 1 3 3 4 2 1 0 4 1 2 3 2 4 5 4 2 0 1 2 4 2 0 4 0 1 3 5 2 3 3 1 0 2 4 3 0 3 1 0 1 2 4 3 5 3 4 5 1 5 4 3 4 2 5 4 0 0 5 1 3 5 2 5 0 1 | 18 26  0 8 1 0 12 1 0 13 1 1 8 1 1 12 1 1 17 1 2 9 1 2 13 1 2 15 1 3 9 1 3 13 1 3 17 1 4 10 1 4 14 1 4 15 1 5 10 1 5 15 1 5 16 1 6 11 2 6 14 1 7 11 1 7 16 1 7 17 1 8 12 1 9 14 1 10 16 1
R 34631 54 81 6 161 3 4 5 1 3 2 0 3 1 4 0 2 1 3 5 0 2 5 0 2 1 1 5 3 1 2 3 2 0 1 5 3 2 0 2 5 0 1 3 4 1 3 2 1 0 3 0 5 1 0 4 5 2 1 0 1 2 4 5 0 5 2 4 1 5 3 0 4 2 4 3 1 5 4 3 4 2 0 4 5 3 | 18 26  0 8 1 0 11 1 0 12 1 1 9 1 1 12 1 1 13 1 2 9 1 2 13 1 2 17 1 3 10 1 3 16 1 3 17 1 4 10 2 4 16 1 5 12 1 5 14 1 5 15 1 6 13 1 6 15 1 6 16 1 7 14 1 7 15 1 7 17 1 8 11 1 8 14 1 9 11 1
R 41992 54 81 6 9925 1 2 3 4 0 5 5 1 4 0 4 2 3 1 2 4 3 0 1 5 4 3 4 5 3 5 0 3 4 1 0 2 1 2 1 5 1 3 0 3 1 0 0 2 4 0 5 2 1 2 3 0 5 3 0 4 5 1 2 3 0 2 3 3 5 1 0 4 5 2 5 1 2 3 0 1 2 4 5 4 4 | 18 23  0 7 1 0 10 2 1 8 2 1 11 1 2 9 2 2 14 1 3 10 1 3 12 1 3 17 1 4 11 2 4 14 1 5 12 1 5 13 1 5 14 1 6 13 1 6 15 1 6 16 1 7 15 1 7 17 1 8 16 1 9 16 1 12 15 1 13 17 1
R 2158 54 81 6 115 3 1 2 1 4 0 0 4 3 1 2 3 0 3 4 0 1 4 2 3 5 2 4 0 0 2 1 2 0 1 3 4 1 4 3 2 5 3 0 4 3 0 1 3 0 0 2 4 2 1 4 0 1 2 4 5 0 3 2 5 2 5 1 0 5 4 1 5 2 2 5 3 1 4 0 1 3 5 3 4 5 | 18 23  0 8 2 0 10 1 1 9 1 1 13 1 1 14 1 2 10 2 2 15 1 3 11 1 3 13 1 3 17 1 4 11 2 4 14 1 5 12 1 5 16 1 5 17 1 6 12 2 6 16 1 7 13 1 7 16 1 7 17 1 8 15 1 9 14 1 9 15 1
R 59929 54 81 6 1758 3 4 5 1 3 2 1 0 4 0 2 1 4 1 5 1 0 2 4 3 2 1 2 3 5 4 3 3 4 5 5 1 3 2 3 0 0 2 3 0 2 4 1 0 2 4 3 1 4 2 5 1 0 4 0 1 2 0 4 5 2 5 3 4 5 3 0 2 3 4 5 3 1 5 0 4 5 2 1 1 0 | 18 25  0 7 1 0 12 1 0 17 1 1 8 1 1 12 1 1 14 1 2 9 1 2 13 1 2 14 1 3 10 1 3 12 1 3 13 1 4 10 2 4 16 1 5 11 1 5 15 1 5 17 1 6 11 2 6 16 1 7 14 1 7 17 1 8 15 1 8 16 1 9 13 1 9 15 1
R 23145 54 81 6 7986 3 4 5 1 2 0 3 2 4 3 5 4 2 0 1 3 4 5 1 2 0 0 1 2 1 2 3 4 3 1 5 2 1 5 4 1 0 2 3 0 2 3 1 0 4 1 0 5 3 4 0 2 0 3 0 1 2 5 3 4 0 1 5 0 2 1 3 5 4 0 2 1 5 4 3 4 3 5 5 4 2 | 18 25  0 8 1 0 13 1 0 14 1 1 9 1 1 10 2 2 9 1 2 12 1 2 13 1 3 10 1 3 15 1 3 17 1 4 11 1 4 16 1 4 17 1 5 11 2 5 16 1 6 12 1 6 13 1 6 15 1 7 12 1 7 14 1 7 17 1 8 14 1 8 15 1 9 16 1
R 27461 54 81 6 1399 3 4 5 0 1 2 0 4 5 4 0 3 5 2 1 1 3 4 0 2 4 0 1 2 1 2 3 2 4 5 1 2 4 4 2 5 4 1 3 0 2 3 0 2 5 3 0 1 0 1 3 1 4 0 0 1 2 3 5 4 1 2 3 5 1 2 0 3 4 0 2 5 1 3 5 5 4 3 4 5 0 | 18 25  0 8 1 0 13 1 0 16 1 1 9 1 1 12 1 1 13 1 2 9 1 2 12 1 2 14 1 3 10 1 3 14 1 3 17 1 4 10 2 4 16 1 5 11 1 5 15 1 5 17 1 6 11 2 6 16 1 7 13 1 7 15 1 7 17 1 8 14 1 8 15 1 9 12 1
R 72136 54 81 6 118 3 4 5 3 2 5 2 3 0 3 4 0 1 3 2 5 0 3 0 1 3 1 2 3 0 5 2 0 2 4 1 3 0 2 4 5 0 3 1 2 5 0 0 3 4 3 4 1 0 2 1 1 2 0 0 1 2 1 4 0 5 4 1 2 1 5 0 4 5 2 1 4 5 2 4 4 5 3 3 5 3 | 18 25  0 7 1 0 9 1 0 14 1 1 8 2 1 15 1 2 9 1 2 10 1 2 13 1 3 10 1 3 11 1 3 15 1 4 11 1 4 12 2 5 12 1 5 14 1 5 17 1 6 14 1 6 15 1 6 16 1 7 13 1 7 17 1 8 16 1 9 13 1 10 16 1 11 17 1
R 47045 54 81 6 3972 3 4 5 2 5 4 1 0 2 1 2 3 0 1 2 5 1 3 4 0 1 1 2 3 1 4 5 5 2 0 0 2 3 2 0 3 2 3 1 1 0 4 3 0 4 3 1 0 3 0 4 4 5 2 0 1 2 0 3 1 3 4 5 4 5 0 4 3 5 0 4 2 5 2 3 5 4 2 1 5 1 | 18 24  0 7 1 0 10 1 0 13 1 1 8 2 1 14 1 2 9 2 2 15 1 3 10 1 3 11 1 3 17 1 4 11 1 4 13 1 4 14 1 5 12 2 5 14 1 6 12 1 6 15 1 6 17 1 7 13 1 7 15 1 8 16 1 9 16 1 10 16 1 11 17 1
R 39637 54 81 6 433 1 2 3 2 5 4 4 3 5 0 1 2 0 4 1 0 3 2 0 1 4 3 4 5 4 0 2 0 5 3 4 2 1 0 2 1 1 5 2 4 1 3 3 0 2 3 5 4 0 2 1 0 4 1 0 4 5 1 0 3 1 2 0 3 5 4 3 5 2 4 1 5 2 5 3 1 2 5 3 4 0 | 18 22  0 7 1 0 11 2 1 8 1 1 12 2 2 9 2 2 13 1 3 10 2 3 14 1 4 11 1 4 14 1 4 15 1 5 12 1 5 15 1 5 17 1 6 13 2 6 16 1 7 14 1 7 17 1 8 16 1 8 17 1 9 16 1 10 15 1
R 11594 54 81 6 1559 3 4 5 1 2 0 3 0 1 2 4 5 3 4 2 3 1 0 1 4 2 3 5 0 1 2 3 0 2 3 2 1 0 2 4 0 3 1 4 1 3 2 3 1 0 5 0 2 3 1 4 3 0 4 0 1 2 4 3 5 4 5 2 3 0 1 1 0 5 5 4 2 0 5 3 4 1 2 4 5 5 | 18 26  0 8 1 0 9 1 0 14 1 1 9 1 1 11 1 1 12 1 2 10 2 2 12 1 3 10 1 3 16 1 3 17 1 4 11 1 4 12 1 4 13 1 5 11 1 5 13 1 5 17 1 6 13 1 6 14 1 6 15 1 7 14 1 7 15 1 7 16 1 8 15 1 8 17 1 9 16 1
R 71580 54 81 6 81 3 4 5 3 0 4 2 1 0 0 1 4 5 0 3 2 1 3 2 4 5 1 2 3 4 1 5 0 2 3 2 0 4 4 3 0 1 0 4 3 2 0 3 1 4 2 3 1 1 2 4 0 2 1 0 1 2 2 1 5 4 3 5 3 2 5 1 2 4 5 0 4 1 0 3 4 5 0 3 5 5 | 18 26  0 7 1 0 9 1 0 12 1 1 8 1 1 10 1 1 16 1 2 9 1 2 12 1 2 13 1 3 10 1 3 14 1 3 15 1 4 11 2 4 15 1 5 11 1 5 16 1 5 17 1 6 13 1 6 14 1 6 17 1 7 13 1 7 14 1 8 15 1 8 16 1 9 12 1 10 17 1
R 72582 54 81 6 439 3 1 2 0 1 2 0 4 3 1 2 0 4 3 5 2 0 4 3 1 5 0 2 1 4 2 5 3 4 1 0 2 3 2 4 1 4 3 5 1 4 0 0 3 1 4 2 0 1 3 2 3 0 4 4 5 0 3 5 4 2 5 1 4 3 5 0 2 1 1 3 5 0 4 2 3 0 1 5 5 2 | 18 25  0 7 2 0 9 1 1 8 1 1 13 1 1 14 1 2 9 2 2 10 1 3 10 1 3 11 1 3 16 1 4 11 1 4 14 1 4 15 1 5 12 1 5 13 1 5 14 1 6 12 1 6 16 1 6 17 1 7 15 1 8 16 1 8 17 1 10 17 1 11 15 1 12 13 1
R 52070 54 81 6 357 3 4 5 2 5 4 5 0 3 1 2 0 1 0 2 4 3 2 1 0 4 1 2 3 1 3 2 4 3 5 0 2 3 2 3 0 3 0 4 1 0 2 0 3 1 5 4 1 1 5 2 1 0 4 0 1 2 0 1 3 1 4 2 4 5 3 4 5 3 1 5 0 2 5 3 4 5 5 4 2 0 | 18 25  0 7 1 0 10 1 0 17 1 1 8 1 1 12 1 1 13 1 2 9 1 2 13 1 2 15 1 3 10 2 3 15 1 4 11 1 4 14 1 4 17 1 5 11 2 5 16 1 6 12 1 6 13 1 6 16 1 7 16 1 7 17 1 8 12 1 8 14 1 9 14 1 9 15 1
R 62167 54 81 6 103 3 4 5 1 3 2 0 1 4 1 0 3 2 4 3 0 1 2 1 3 0 1 2 3 4 5 1 3 4 5 4 3 0 0 2 3 1 0 2 1 3 0 4 0 2 2 3 1 1 3 5 1 0 4 0 1 2 0 4 5 2 3 5 2 5 4 1 0 5 5 4 3 5 4 2 4 5 2 3 1 0 | 18 26  0 7 1 0 11 1 0 16 1 1 8 1 1 11 1 1 12 1 2 9 1 2 12 1 2 15 1 3 10 2 3 15 1 4 10 1 4 16 1 4 17 1 5 11 1 5 13 1 5 14 1 6 14 1 6 16 1 6 17 1 7 12 1 7 13 1 8 13 1 8 17 1 9 14 1 9 15 1
R 87901 54 81 6 254 3 4 5 1 4 5 0 2 3 0 1 2 3 4 2 0 4 2 1 3 4 1 2 3 0 5 1 0 2 5 3 4 1 2 3 0 1 0 4 1 4 2 4 1 0 1 2 3 0 3 2 0 4 3 0 1 2 3 0 2 5 4 1 4 3 5 1 0 5 3 5 1 2 0 5 4 5 4 2 3 5 | 18 26  0 7 1 0 9 1 0 12 1 1 8 1 1 10 2 2 10 1 2 15 1 2 17 1 3 11 1 3 12 1 3 17 1 4 11 1 4 13 1 4 15 1 5 13 1 5 14 1 5 16 1 6 14 1 6 15 1 6 16 1 7 9 1 7 12 1 8 16 1 8 17 1 9 14 1 11 13 1
R 81548 54 81 6 449 3 1 2 1 2 3 3 4 5 1 2 5 2 0 4 0 2 3 5 0 1 0 2 1 5 3 4 0 1 3 4 2 3 3 4 5 1 0 2 0 2 3 4 2 1 3 0 1 4 5 0 4 0 1 4 5 0 0 4 5 2 0 1 4 0 3 1 3 5 1 4 5 3 4 2 3 2 1 5 5 2 | 18 26  0 7 2 0 11 1 1 8 1 1 13 1 1 17 1 2 9 1 2 10 1 2 13 1 3 9 1 3 14 1 3 17 1 4 10 1 4 12 1 4 13 1 5 11 1 5 12 1 5 14 1 6 14 1 6 15 1 6 16 1 7 16 1 8 15 1 8 16 1 9 12 1 10 15 1 11 17 1
R 63103 54 81 6 87 3 4 5 0 1 2 2 5 3 1 0 4 2 3 5 1 2 3 0 4 1 1 2 3 2 5 0 3 1 4 3 4 0 0 2 3 1 0 4 1 2 5 3 1 4 0 1 2 4 0 5 0 3 2 0 1 2 4 3 5 0 4 1 2 5 3 1 0 4 4 5 0 5 2 3 4 5 3 1 5 2 | 18 26  0 7 1 0 11 1 0 12 1 1 8 1 1 12 1 1 17 1 2 9 1 2 15 1 2 16 1 3 10 2 3 13 1 4 10 1 4 14 1 4 17 1 5 11 1 5 12 1 5 13 1 6 11 1 6 14 1 6 15 1 7 13 1 7 14 1 8 16 1 8 17 1 9 15 1 9 16 1
R 1008 54 81 6 201 3 4 5 0 2 1 0 3 4 1 2 5 4 5 3 3 0 2 1 2 3 2 0 1 0 4 1 1 2 3 5 2 3 3 2 4 0 1 4 1 0 5 5 1 3 0 2 4 0 2 4 1 0 3 0 1 2 4 5 3 1 5 2 4 0 3 0 2 1 1 5 4 5 4 0 3 4 5 2 3 5 | 18 26  0 9 1 0 16 1 0 17 1 1 9 2 1 16 1 2 10 1 2 11 1 2 12 1 3 10 1 3 11 1 3 13 1 4 10 1 4 13 1 4 15 1 5 11 1 5 15 1 5 17 1 6 12 1 6 13 1 6 14 1 7 12 1 7 14 1 7 16 1 8 14 1 8 15 1 8 17 1
R 1781 54 81 6 607 3 1 2 5 2 1 0 4 3 1 2 0 0 3 4 1 4 5 3 0 4 2 1 0 0 2 1 4 1 2 3 4 1 0 2 3 5 4 2 4 2 5 3 0 1 1 4 0 1 0 4 2 1 3 4 5 0 0 3 4 2 5 1 4 5 3 1 5 2 0 3 2 1 2 5 3 5 4 3 5 0 | 18 22  0 8 2 0 10 1 1 9 2 1 14 1 2 10 2 2 11 1 3 11 2 3 15 1 4 12 1 4 14 1 4 15 1 5 12 2 5 14 1 6 13 1 6 16 1 6 17 1 7 13 1 7 16 1 7 17 1 8 16 1 9 15 1 13 17 1
R 42165 54 81 6 47483 3 4 5 2 4 5 0 2 4 1 2 0 0 3 1 3 4 0 1 2 4 1 2 3 0 5 2 3 4 2 0 2 3 1 4 2 1 4 0 4 2 5 1 0 2 4 3 1 0 1 3 0 2 1 0 1 2 1 0 3 1 5 3 4 5 3 5 2 4 2 1 5 0 3 5 4 5 4 3 0 5 | 18 23  0 7 1 0 10 1 0 16 1 1 8 1 1 11 2 2 9 2 2 14 1 3 10 2 3 12 1 4 11 1 4 15 1 4 17 1 5 12 1 5 13 1 5 14 1 6 13 2 6 16 1 7 14 1 7 15 1 8 16 1 8 17 1 9 15 1 12 17 1
R 24932 54 81 6 142 3 4 5 1 4 5 2 0 3 3 0 1 0 1 2 0 3 2 0 1 5 1 4 2 1 2 3 3 5 4 1 0 2 2 3 5 3 1 2 0 2 5 1 0 3 1 0 4 4 1 3 2 1 0 0 1 2 0 2 3 1 5 4 4 5 2 4 5 3 1 4 5 4 2 3 5 3 0 4 5 0 | 18 25  0 8 1 0 13 1 0 14 1 1 9 2 1 10 1 2 9 1 2 16 1 2 17 1 3 10 2 3 16 1 4 11 1 4 12 1 4 13 1 5 11 1 5 14 1 5 15 1 6 12 1 6 15 1 6 17 1 7 14 1 7 15 1 7 16 1 8 13 1 8 17 1 11 12 1
R 18013 54 81 6 430 3 1 2 3 4 1 2 0 3 5 0 4 0 2 3 2 4 1 4 1 0 3 2 5 0 2 1 1 2 3 0 4 3 3 4 5 1 2 0 4 1 3 0 4 2 2 4 0 1 5 4 1 3 0 4 5 0 0 2 5 4 1 5 1 3 2 1 4 5 3 0 5 5 2 3 1 0 4 3 5 2 | 18 25  0 8 2 0 11 1 1 9 1 1 10 2 2 9 1 2 14 1 2 15 1 3 10 1 3 15 1 3 16 1 4 11 1 4 12 1 4 13 1 5 12 1 5 13 1 5 14 1 6 12 1 6 13 1 6 14 1 7 15 1 7 16 1 7 17 1 8 16 1 9 17 1 11 17 1
R 91563 54 81 6 1573 3 4 5 0 1 2 0 1 4 4 1 5 1 5 3 4 0 5 1 2 3 2 3 5 2 4 1 0 2 1 2 0 3 4 5 1 1 0 4 3 4 1 3 1 4 0 2 3 1 3 0 2 3 4 0 1 2 4 3 5 3 2 5 3 2 0 4 0 2 3 2 1 5 4 0 1 0 5 4 5 5 | 18 26  0 6 1 0 10 1 0 12 1 1 7 1 1 12 1 1 13 1 2 8 1 2 13 1 2 17 1 3 9 1 3 14 1 3 17 1 4 10 1 4 11 2 5 11 1 5 16 1 5 17 1 6 12 1 6 16 1 7 13 1 7 15 1 8 14 1 8 15 1 9 15 1 9 16 1 10 14 1
R 21666 54 81 6 112 3 4 5 4 3 2 0 1 2 0 4 1 3 4 2 2 1 0 0 3 4 5 2 1 1 2 3 0 2 3 1 4 2 0 2 3 1 2 4 3 1 0 0 2 5 0 3 1 1 3 5 2 4 0 0 1 2 1 5 0 4 5 3 3 5 2 1 5 0 5 4 3 5 2 1 0 3 4 4 5 4 | 18 24  0 8 1 0 14 1 0 15 1 1 9 2 1 10 1 2 9 1 2 13 1 2 14 1 3 10 2 3 13 1 4 11 1 4 15 1 4 16 1 5 11 1 5 15 1 5 17 1 6 12 1 6 16 1 6 17 1 7 12 2 7 16 1 8 14 1 8 17 1 11 13 1
R 62832 54 81 6 433 3 4 5 0 4 5 1 4 2 0 1 3 4 2 5 1 2 0 0 1 2 1 2 3 1 3 4 3 5 4 5 2 3 0 2 3 1 0 4 0 3 2 5 2 1 4 1 0 4 2 0 0 1 4 0 1 2 2 3 1 0 5 3 4 5 2 0 1 3 4 3 5 5 4 3 4 5 5 0 2 1 | 18 26  0 7 1 0 11 1 0 12 1 1 8 1 1 12 1 1 13 1 2 9 1 2 12 1 2 17 1 3 10 1 3 16 1 3 17 1 4 10 2 4 16 1 5 11 1 5 14 1 5 15 1 6 11 1 6 14 1 6 15 1 7 13 1 7 17 1 8 13 1 8 14 1 9 15 1 9 16 1
R 90247 54 81 6 89 3 4 5 2 3 0 0 1 2 5 0 2 1 2 3 1 4 5 1 2 3 1 0 4 2 3 0 1 4 5 0 2 3 5 3 2 1 0 4 0 3 4 2 1 4 5 0 3 1 3 0 1 4 2 0 1 2 5 1 4 4 3 5 3 1 4 4 5 0 0 2 3 4 5 2 3 1 5 0 2 5 | 18 26  0 6 1 0 10 1 0 12 1 1 7 1 1 11 2 2 8 1 2 12 1 2 13 1 3 9 1 3 13 1 3 16 1 4 10 1 4 12 1 4 17 1 5 11 1 5 13 1 5 14 1 6 15 1 6 16 1 7 16 1 7 17 1 8 15 1 8 17 1 9 14 1 9 15 1 10 14 1
R 86298 54 81 6 85 3 4 5 0 2 4 1 5 2 0 3 1 0 4 1 5 0 2 0 4 3 1 2 3 5 3 2 2 0 1 2 3 4 0 2 3 1 0 3 1 0 2 3 1 4 3 5 1 0 4 2 1 4 5 0 1 2 1 5 3 3 4 0 4 2 5 5 2 3 1 4 3 5 1 2 4 5 4 0 5 0 | 18 27  0 7 1 0 11 1 0 12 1 1 8 1 1 12 1 1 13 1 2 9 1 2 11 1 2 14 1 3 9 1 3 15 1 3 16 1 4 10 1 4 14 1 4 16 1 5 10 1 5 15 1 5 17 1 6 13 1 6 16 1 6 17 1 7 13 1 7 14 1 8 12 1 8 17 1 9 11 1 10 15 1
R 70742 54 81 6 168 3 4 5 2 0 4 1 2 5 2 4 3 0 5 1 0 1 2 3 2 5 1 2 3 3 4 0 0 2 3 1 2 0 2 0 1 5 2 4 3 1 4 0 5 2 1 2 3 0 3 1 0 1 3 0 1 2 1 5 3 4 3 0 5 1 0 4 2 3 3 4 5 0 1 4 4 5 2 5 4 5 | 18 25  0 7 1 0 9 1 0 17 1 1 8 2 1 10 1 2 9 1 2 11 1 2 13 1 3 10 1 3 14 1 3 15 1 4 11 1 4 13 1 4 14 1 5 12 1 5 15 1 5 17 1 6 12 2 6 16 1 7 14 1 7 16 1 8 16 1 9 13 1 10 17 1 11 15 1
R 85171 54 81 6 249 3 4 5 0 1 2 1 4 2 0 5 2 5 3 4 1 2 5 4 0 1 1 2 3 5 4 0 2 0 1 0 3 1 0 2 3 1 3 5 0 4 3 5 4 2 1 0 2 0 2 5 3 1 4 0 1 2 3 4 5 3 5 0 4 1 3 2 1 0 4 3 0 5 3 2 4 5 2 1 5 4 | 18 27  0 7 1 0 11 1 0 12 1 1 8 1 1 12 1 1 13 1 2 9 1 2 10 1 2 12 1 3 9 1 3 14 1 3 15 1 4 10 1 4 13 1 4 14 1 5 11 1 5 14 1 5 17 1 6 15 1 6 16 1 6 17 1 7 16 1 7 17 1 8 13 1 8 16 1 9 11 1 10 15 1
R 30560 54 81 6 513 3 4 5 0 1 2 3 4 5 1 0 2 5 3 4 1 2 3 0 1 4 5 0 2 1 2 3 2 3 0 4 3 2 0 2 3 1 0 4 2 0 1 5 1 3 2 4 5 0 4 1 0 3 1 0 1 2 4 3 5 1 0 2 5 3 4 0 1 2 4 5 0 5 2 3 3 4 1 5 4 5 | 18 26  0 8 1 0 11 1 0 12 1 1 9 1 1 12 1 1 17 1 2 9 1 2 15 1 2 17 1 3 10 1 3 16 1 3 17 1 4 10 2 4 16 1 5 11 1 5 13 1 5 14 1 6 11 1 6 14 1 6 15 1 7 13 1 7 14 1 7 15 1 8 12 1 8 13 1 9 16 1
R 85862 54 81 6 88 3 4 5 1 3 5 1 0 2 1 3 2 1 0 2 1 3 4 0 5 2 1 2 3 0 2 1 2 3 0 2 4 5 0 2 5 1 0 3 3 0 2 3 0 1 4 5 2 2 4 3 1 0 4 0 1 2 4 2 0 4 3 5 5 4 0 3 5 4 0 5 2 4 1 3 4 5 3 5 1 1 | 18 27  0 7 1 0 11 1 0 12 1 1 8 1 1 14 1 1 16 1 2 9 1 2 11 1 2 12 1 3 9 1 3 12 1 3 15 1 4 10 1 4 13 1 4 14 1 5 10 1 5 16 1 5 17 1 6 13 1 6 16 1 6 17 1 7 11 1 7 14 1 8 15 1 8 17 1 9 15 1 10 13 1
R 35498 54 81 6 558 3 4 5 0 1 2 4 1 5 1 4 2 0 3 4 0 1 2 0 2 3 5 4 1 1 2 3 5 4 0 3 4 2 0 2 3 0 1 4 2 3 5 1 0 4 3 1 0 0 2 1 4 2 5 0 1 2 3 5 4 2 3 0 0 3 5 1 2 5 5 3 4 5 4 1 0 2 3 4 5 1 | 18 27  0 8 1 0 11 1 0 12 1 1 9 1 1 10 1 1 11 1 2 9 1 2 16 1 2 17 1 3 10 1 3 12 1 3 14 1 4 10 1 4 15 1 4 16 1 5 11 1 5 14 1 5 15 1 6 12 1 6 16 1 6 17 1 7 13 1 7 14 1 7 17 1 8 13 1 8 15 1 9 13 1
R 32500 54 81 6 1518 3 4 5 1 5 2 0 3 2 2 3 4 1 0 3 0 1 4 0 4 5 1 2 5 1 2 3 2 0 1 1 4 3 0 2 3 3 4 5 1 0 2 0 3 5 2 3 4 0 4 1 2 1 0 0 1 2 3 4 0 4 1 5 0 5 1 2 5 4 2 5 3 3 1 2 4 0 3 4 5 5 | 18 26  0 8 1 0 11 1 0 14 1 1 9 1 1 11 1 1 12 1 2 9 1 2 12 1 2 13 1 3 10 2 3 14 1 4 10 1 4 16 1 4 17 1 5 12 1 5 15 1 5 17 1 6 13 1 6 15 1 6 16 1 7 14 1 7 15 1 7 16 1 8 13 1 8 17 1 9 11 1
R 53500 54 81 6 670 3 1 2 1 0 4 2 0 5 0 2 3 3 4 0 1 2 3 2 4 0 0 2 1 3 5 1 3 5 0 3 4 5 0 1 3 1 2 0 0 2 4 3 2 4 4 1 2 0 1 4 3 1 0 4 5 0 2 3 5 1 4 3 1 4 5 2 1 5 4 0 5 3 1 5 3 0 4 2 2 5 | 18 25  0 7 2 0 10 1 1 8 1 1 13 1 1 17 1 2 9 2 2 15 1 3 10 1 3 12 1 3 13 1 4 11 1 4 13 1 4 14 1 5 11 1 5 15 1 5 16 1 6 12 1 6 14 1 6 15 1 7 16 1 8 14 1 8 17 1 9 16 1 10 17 1 11 12 1
R 64394 54 81 6 404 3 4 5 1 2 4 0 3 1 0 1 2 3 4 1 0 2 5 5 3 2 1 2 3 3 4 2 1 5 0 3 2 1 0 2 5 0 1 4 2 0 1 3 0 4 0 2 4 4 3 1 0 3 5 0 1 2 0 3 5 4 2 5 4 5 3 0 5 2 3 4 1 1 0 4 4 5 5 1 3 2 | 18 26  0 7 1 0 11 1 0 12 1 1 8 1 1 13 1 1 14 1 2 9 1 2 14 1 2 15 1 3 10 2 3 11 1 4 10 1 4 12 1 4 17 1 5 12 1 5 13 1 5 14 1 6 15 1 6 16 1 6 17 1 7 11 1 7 13 1 8 16 1 8 17 1 9 15 1 9 16 1
R 32326 54 81 6 2344 3 4 5 0 1 2 3 4 2 1 0 4 2 3 4 1 2 0 5 3 4 5 1 0 1 2 3 2 3 0 3 4 0 0 2 5 1 0 4 1 4 2 1 0 4 3 4 1 3 0 2 1 2 3 0 1 2 4 3 5 1 0 5 2 5 3 1 5 0 3 4 5 2 0 1 3 2 4 4 5 5 | 18 26  0 8 1 0 11 1 0 12 1 1 9 1 1 12 1 1 15 1 2 9 1 2 13 1 2 14 1 3 10 2 3 13 1 4 10 1 4 16 1 4 17 1 5 11 1 5 16 1 5 17 1 6 14 1 6 15 1 6 16 1 7 14 1 7 15 1 7 17 1 8 11 1 8 12 1 9 13 1
R 76251 54 81 6 138 3 4 5 3 4 0 1 2 4 0 2 4 5 1 3 4 1 3 0 2 5 1 2 3 1 0 3 0 2 4 4 5 0 5 2 4 1 2 4 1 2 0 3 5 2 0 1 2 0 3 1 4 0 1 0 1 2 2 5 1 5 0 3 1 5 3 2 0 4 0 5 2 1 3 4 4 5 4 5 3 3 | 18 26  0 7 1 0 9 1 0 16 1 1 8 1 1 13 1 1 14 1 2 9 1 2 14 1 2 15 1 3 10 1 3 12 1 3 13 1 4 10 1 4 12 1 4 13 1 5 11 1 5 16 1 5 17 1 6 11 2 6 16 1 7 15 1 7 17 1 8 14 1 8 15 1 9 17 1 10 12 1
R 58188 54 81 6 1657 3 4 5 3 2 0 3 1 5 0 1 2 3 5 4 5 3 4 1 2 0 1 2 3 1 0 2 2 5 1 2 3 1 4 3 1 0 2 3 1 0 4 2 4 0 3 5 0 0 2 4 0 1 4 0 1 2 4 5 1 0 4 2 4 5 3 0 2 1 0 2 1 4 5 3 4 5 3 5 3 5 | 18 24  0 7 1 0 12 1 0 17 1 1 8 1 1 14 1 1 15 1 2 9 2 2 15 1 3 10 1 3 11 1 3 17 1 4 10 1 4 13 1 4 14 1 5 11 2 5 16 1 6 12 2 6 13 1 7 15 1 7 16 1 8 14 1 8 17 1 9 16 1 10 13 1
R 23632 54 81 6 356 3 4 5 4 3 2 0 1 2 0 2 5 0 1 2 3 4 1 4 2 0 2 3 1 1 2 3 0 2 3 1 4 5 3 2 1 0 2 5 1 0 4 0 4 1 2 0 3 3 2 4 3 0 1 0 1 2 1 5 0 4 3 5 3 1 4 4 5 3 0 2 5 3 1 5 5 4 0 4 5 2 | 18 25  0 8 1 0 12 1 0 13 1 1 9 2 1 10 1 2 9 1 2 13 1 2 17 1 3 10 1 3 16 1 3 17 1 4 11 2 4 12 1 5 11 1 5 14 1 5 15 1 6 14 1 6 15 1 6 16 1 7 14 1 7 15 1 7 16 1 8 12 1 8 13 1 10 17 1
R 19177 54 81 6 938 3 4 5 3 2 4 0 4 1 0 1 2 2 1 0 1 2 5 0 1 3 0 3 4 1 2 3 1 4 2 0 2 3 0 3 4 0 2 3 1 0 4 2 0 1 1 3 5 4 5 0 3 0 2 0 1 2 0 1 5 3 5 2 4 3 5 5 3 4 4 3 0 5 4 2 5 2 1 5 4 1 | 18 25  0 8 1 0 12 1 0 13 1 1 9 1 1 10 2 2 9 2 2 11 1 3 10 1 3 13 1 3 17 1 4 11 1 4 16 1 4 17 1 5 12 1 5 14 1 5 15 1 6 12 1 6 15 1 6 16 1 7 14 1 7 15 1 7 16 1 8 13 1 8 14 1 11 17 1
R 27415 54 81 6 5482 3 1 2 0 1 2 3 4 0 5 1 3 3 0 2 4 0 1 2 3 5 0 4 1 0 2 1 2 4 5 2 3 5 5 3 1 4 3 1 3 0 1 0 2 1 3 4 5 2 0 4 2 4 0 4 5 0 3 5 4 1 2 5 0 2 4 4 5 1 2 5 3 0 4 1 3 2 5 3 0 1 | 18 25  0 8 2 0 15 1 1 9 1 1 12 1 1 13 1 2 9 1 2 12 1 2 13 1 3 10 1 3 13 1 3 14 1 4 10 1 4 14 1 4 15 1 5 11 1 5 16 1 5 17 1 6 11 2 6 16 1 7 14 1 7 15 1 7 17 1 8 16 1 9 12 1 10 17 1
R 30531 54 81 6 80 3 4 5 0 1 2 3 4 5 1 2 4 5 0 4 0 1 2 1 2 0 0 3 1 1 2 3 2 3 0 0 4 2 2 0 4 1 0 4 0 3 1 2 1 4 1 3 5 0 1 2 3 1 0 0 1 2 4 3 5 1 2 0 3 5 0 1 3 2 3 4 5 5 3 4 5 2 4 5 4 5 | 18 26  0 8 1 0 11 1 0 12 1 1 9 1 1 12 1 1 13 1 2 9 1 2 13 1 2 14 1 3 10 2 3 15 1 4 10 1 4 16 1 4 17 1 5 11 1 5 13 1 5 17 1 6 11 1 6 14 1 6 15 1 7 14 1 7 15 1 7 16 1 8 12 1 8 17 1 9 16 1
R 87740 54 81 6 641 3 4 5 3 4 5 1 0 3 0 1 2 3 4 2 0 5 4 2 1 3 1 2 3 0 2 4 0 2 5 1 4 3 2 3 0 3 1 4 1 0 4 1 4 2 3 0 2 2 0 1 4 1 0 0 1 2 1 0 2 5 4 2 4 3 5 1 0 5 2 3 1 0 5 4 4 5 5 3 3 5 | 18 25  0 7 1 0 9 1 0 13 1 1 8 1 1 10 2 2 10 1 2 16 1 2 17 1 3 11 1 3 13 1 3 17 1 4 11 1 4 14 1 4 15 1 5 12 1 5 14 1 5 15 1 6 12 2 6 15 1 7 9 1 7 13 1 8 16 1 8 17 1 9 16 1 11 14 1
R 10325 54 81 6 345 1 2 3 0 4 1 2 3 4 0 1 4 1 0 2 3 4 5 0 2 1 3 1 5 3 4 5 0 2 1 4 1 2 5 4 1 3 4 0 1 0 4 3 0 2 3 1 0 3 4 2 3 0 1 0 4 5 3 2 5 0 1 5 3 2 5 3 5 4 0 2 1 3 4 5 2 4 0 1 2 5 | 18 25  0 8 1 0 9 2 1 9 1 1 12 1 1 14 1 2 10 1 2 12 1 2 13 1 3 10 1 3 15 1 3 17 1 4 11 1 4 16 1 4 17 1 5 11 2 5 16 1 6 13 1 6 14 1 6 15 1 7 13 1 7 15 1 7 16 1 8 14 1 8 17 1 10 12 1
R 33449 54 81 6 146 3 4 5 5 0 4 1 2 5 4 0 2 5 3 1 1 2 3 0 1 2 0 3 1 1 2 3 3 1 0 1 3 2 0 2 3 2 3 4 1 2 0 2 0 1 1 4 5 0 3 5 1 0 4 0 1 2 2 1 3 4 3 0 5 1 3 0 4 2 4 0 5 5 3 4 4 2 5 4 5 5 | 18 26  0 8 1 0 11 1 0 17 1 1 9 1 1 12 1 1 13 1 2 9 1 2 14 1 2 15 1 3 10 1 3 16 1 3 17 1 4 10 2 4 16 1 5 11 1 5 12 1 5 13 1 6 12 1 6 15 1 6 16 1 7 14 1 7 15 1 7 17 1 8 13 1 8 14 1 9 11 1
R 7656 54 81 6 935 3 1 2 0 2 3 2 1 4 4 0 3 1 0 5 2 4 5 0 2 3 1 4 3 0 2 1 3 4 5 3 4 1 5 4 3 3 4 0 1 2 0 2 0 4 0 1 2 4 1 2 1 0 3 4 5 0 1 4 5 0 3 5 2 5 1 2 4 3 0 1 3 1 5 4 2 5 0 3 2 5 | 18 24  0 8 2 0 9 1 1 9 1 1 13 1 1 15 1 2 10 1 2 13 1 2 14 1 3 10 1 3 13 1 3 14 1 4 11 1 4 15 1 4 16 1 5 11 2 5 15 1 6 12 1 6 16 1 6 17 1 7 12 2 7 16 1 8 14 1 9 17 1 10 17 1
R 1311 54 81 6 1614 3 1 2 2 5 0 0 4 3 3 1 4 1 2 0 3 1 2 4 0 5 1 2 0 0 2 1 0 3 5 3 4 1 4 5 2 0 2 3 5 0 1 1 0 4 0 2 4 4 5 2 3 0 1 4 5 0 4 1 3 2 5 1 0 2 5 4 5 3 4 0 5 2 3 1 5 3 4 3 1 2 | 18 22  0 8 2 0 10 1 1 9 1 1 11 2 2 10 2 2 12 1 3 11 1 3 14 1 3 15 1 4 12 2 4 14 1 5 13 1 5 16 1 5 17 1 6 13 2 6 16 1 7 14 1 7 16 1 7 17 1 8 15 1 9 15 1 9 17 1
R 82173 54 81 6 417 3 4 5 1 3 2 3 0 1 0 2 1 3 0 4 3 2 5 0 5 3 1 2 3 2 4 1 1 2 3 4 0 5 5 2 4 0 2 3 0 1 2 0 3 1 4 1 5 0 3 2 3 0 1 0 1 2 0 4 5 4 2 5 5 3 4 1 5 2 0 1 4 4 2 1 4 5 3 5 0 3 | 18 26  0 7 1 0 12 1 0 14 1 1 8 1 1 12 1 1 13 1 2 9 1 2 10 1 2 12 1 3 9 1 3 11 1 3 17 1 4 10 1 4 14 1 4 17 1 5 11 2 5 16 1 6 14 1 6 15 1 6 16 1 7 13 1 7 17 1 8 15 1 8 16 1 9 15 1 10 13 1
R 14211 54 81 6 125 3 1 2 1 2 4 4 5 3 3 5 4 0 4 3 2 0 4 0 1 2 1 0 3 0 2 1 3 5 1 2 0 4 3 4 1 2 5 4 2 1 4 3 0 2 0 2 3 1 0 4 1 0 3 4 5 0 0 3 5 2 0 1 1 0 2 2 5 1 3 1 5 3 5 4 4 5 2 3 4 5 | 18 22  0 8 2 0 11 1 1 9 1 1 10 1 1 16 1 2 9 1 2 12 2 3 10 1 3 13 1 3 17 1 4 11 2 4 15 1 5 12 1 5 14 1 5 17 1 6 13 2 6 15 1 7 14 2 7 16 1 8 16 1 9 17 1 10 15 1
R 49178 54 81 6 167 3 4 5 2 3 4 0 3 4 1 2 0 1 3 5 4 0 2 1 3 2 1 2 3 1 4 2 4 5 0 0 2 3 4 5 3 3 0 2 1 0 4 2 1 0 0 2 1 3 1 4 1 0 4 0 1 2 0 1 5 1 5 2 4 5 3 0 2 4 1 5 3 4 0 5 4 5 5 3 3 2 | 18 25  0 7 1 0 10 1 0 17 1 1 8 1 1 12 1 1 14 1 2 9 1 2 12 1 2 13 1 3 10 2 3 13 1 4 11 2 4 15 1 5 11 1 5 16 1 5 17 1 6 12 1 6 16 1 6 17 1 7 14 1 7 15 1 8 13 1 8 14 1 9 15 1 9 16 1
R 58062 54 81 6 217 3 1 2 1 0 2 0 1 3 1 2 0 0 4 3 3 5 1 0 4 3 0 2 1 2 4 1 2 5 0 3 0 1 4 2 1 3 4 1 0 3 2 1 3 4 0 4 3 2 0 4 0 1 2 4 5 0 3 4 5 4 2 5 4 3 5 2 1 5 0 2 4 2 5 1 3 0 5 1 3 5 | 18 24  0 7 2 0 12 1 1 8 1 1 13 1 1 14 1 2 9 1 2 14 1 2 16 1 3 10 1 3 11 2 4 10 1 4 16 1 4 17 1 5 11 1 5 15 1 5 17 1 6 12 2 6 13 1 7 16 1 8 14 1 8 15 1 9 15 1 9 17 1 10 13 1
R 39641 54 81 6 393 3 1 2 4 1 3 5 0 2 3 5 4 0 4 3 0 2 1 1 3 4 0 2 1 2 3 1 1 2 0 4 2 0 3 4 1 0 1 4 4 3 2 2 0 4 0 3 1 0 1 3 2 1 4 4 5 0 0 2 5 3 4 1 1 2 0 2 5 1 3 5 4 0 5 2 3 4 5 5 5 3 | 18 22  0 7 2 0 11 1 1 8 1 1 12 2 2 9 2 2 13 1 3 10 1 3 16 1 3 17 1 4 11 2 4 14 1 5 12 1 5 14 1 5 15 1 6 13 2 6 15 1 7 14 1 8 16 1 8 17 1 9 15 1 10 16 1 10 17 1
R 69687 54 81 6 150 3 4 5 3 0 4 2 5 4 1 2 0 0 2 4 1 2 3 1 0 3 1 2 3 1 4 5 4 1 0 0 2 5 1 0 4 2 0 3 1 2 3 3 0 2 3 4 0 4 1 3 1 4 2 0 1 2 2 1 5 3 0 1 3 4 5 3 5 1 5 4 0 4 2 5 4 5 0 3 2 5 | 18 27  0 7 1 0 10 1 0 11 1 1 8 1 1 12 1 1 13 1 2 9 1 2 13 1 2 14 1 3 10 1 3 12 1 3 15 1 4 11 1 4 14 1 4 15 1 5 12 1 5 14 1 5 17 1 6 13 1 6 15 1 6 16 1 7 10 1 7 11 1 8 16 1 8 17 1 9 16 1 9 17 1
R 25108 54 81 6 411 3 4 5 3 5 0 0 1 4 2 1 3 1 2 5 0 1 4 2 3 4 0 1 5 1 2 3 2 0 5 4 5 3 0 2 3 0 1 4 1 2 5 0 3 5 3 1 4 0 2 1 0 4 3 0 1 2 4 1 2 3 2 5 0 4 5 4 3 0 5 3 2 5 0 1 4 3 2 4 5 1 | 18 26  0 8 1 0 11 1 0 12 1 1 9 1 1 10 2 2 9 1 2 15 1 2 16 1 3 10 1 3 16 1 3 17 1 4 11 1 4 12 1 4 15 1 5 11 1 5 13 1 5 14 1 6 12 1 6 13 1 6 14 1 7 14 1 7 16 1 7 17 1 8 13 1 8 15 1 9 17 1
R 67195 54 81 6 892 3 4 5 0 4 2 0 3 1 1 2 3 0 1 3 0 4 5 2 0 1 1 2 3 3 2 4 2 1 5 0 2 3 1 0 4 1 5 2 3 0 4 2 0 1 5 4 2 3 1 5 0 4 3 0 1 2 5 3 1 4 2 5 4 5 0 5 4 2 3 2 1 3 4 5 4 5 1 0 3 0 | 18 27  0 7 1 0 10 1 0 11 1 1 8 1 1 11 1 1 13 1 2 9 1 2 13 1 2 14 1 3 10 1 3 11 1 3 12 1 4 10 1 4 14 1 4 17 1 5 12 1 5 16 1 5 17 1 6 15 1 6 16 1 6 17 1 7 12 1 7 13 1 8 15 1 8 16 1 9 14 1 9 15 1
R 67615 54 81 6 134 3 4 5 1 2 3 1 0 3 1 2 5 0 1 2 0 2 4 0 4 5 1 2 3 4 0 1 2 3 5 0 2 3 0 1 5 4 1 2 4 0 5 5 0 3 1 2 4 0 2 5 1 3 4 0 1 2 5 4 0 4 2 5 4 3 0 5 3 4 3 5 1 2 3 1 4 5 3 2 1 0 | 18 27  0 7 1 0 10 1 0 11 1 1 8 1 1 11 1 1 12 1 2 9 1 2 13 1 2 15 1 3 10 1 3 12 1 3 17 1 4 10 1 4 13 1 4 14 1 5 11 1 5 12 1 5 13 1 6 14 1 6 15 1 6 16 1 7 16 1 7 17 1 8 16 1 8 17 1 9 14 1 9 15 1
R 87945 54 81 6 673 3 4 5 2 4 5 5 2 4 0 3 1 1 3 2 0 1 2 3 4 5 1 2 3 0 5 1 0 2 5 1 3 4 3 0 2 3 4 2 5 4 2 0 1 3 3 0 1 5 1 4 0 1 2 0 1 2 3 0 1 0 1 3 2 4 5 5 4 0 3 5 4 0 1 2 4 5 2 4 3 5 | 18 24  0 7 1 0 9 1 0 14 1 1 8 1 1 12 2 2 10 1 2 11 1 2 17 1 3 10 1 3 11 2 4 12 1 4 14 1 4 16 1 5 13 1 5 14 1 5 15 1 6 13 2 6 15 1 7 9 1 7 15 1 8 16 1 8 17 1 9 16 1 10 17 1
R 66471 54 81 6 244 3 4 5 1 0 2 2 1 0 0 1 2 1 2 5 3 4 5 1 2 4 1 2 3 5 2 0 0 5 3 0 2 3 1 0 3 1 4 0 0 5 2 1 5 2 0 2 1 3 5 4 3 2 4 0 1 2 3 4 5 4 3 5 5 3 4 4 3 0 2 1 0 5 3 0 4 5 4 1 2 1 | 18 27  0 7 1 0 10 1 0 11 1 1 8 1 1 10 1 1 11 1 2 9 1 2 14 1 2 17 1 3 10 1 3 12 1 3 13 1 4 11 1 4 15 1 4 17 1 5 12 1 5 13 1 5 14 1 6 12 1 6 13 1 6 16 1 7 14 1 7 15 1 8 15 1 8 16 1 9 16 1 9 17 1
R 89122 54 81 6 418 3 4 5 1 0 3 0 4 3 4 1 0 0 1 2 3 4 2 0 2 1 1 2 3 3 4 5 0 2 5 3 1 0 5 2 1 1 0 4 2 0 1 0 2 3 1 4 2 4 3 0 0 3 2 0 1 2 2 4 5 2 5 1 5 3 2 3 4 5 0 1 5 3 4 5 4 5 0 1 3 4 | 18 26  0 7 1 0 9 1 0 12 1 1 8 1 1 13 1 1 15 1 2 10 1 2 13 1 2 14 1 3 10 1 3 15 1 3 16 1 4 11 2 4 14 1 5 11 1 5 16 1 5 17 1 6 12 1 6 14 1 6 16 1 7 9 1 7 12 1 8 15 1 8 17 1 9 13 1 10 17 1
R 66583 54 81 6 113 3 4 5 1 0 2 1 4 2 0 1 2 2 5 4 0 1 4 3 5 4 1 2 3 2 4 0 0 2 1 0 2 3 0 3 4 3 5 4 0 1 2 1 3 2 2 1 4 1 4 0 0 3 2 0 1 2 3 4 5 3 5 0 5 3 4 1 3 0 2 3 5 0 2 1 4 5 1 5 4 5 | 18 27  0 7 1 0 10 1 0 11 1 1 8 1 1 10 1 1 14 1 2 9 1 2 11 1 2 12 1 3 10 1 3 16 1 3 17 1 4 11 1 4 13 1 4 14 1 5 12 1 5 15 1 5 17 1 6 15 1 6 16 1 6 17 1 7 13 1 7 15 1 8 12 1 8 13 1 9 14 1 9 16 1
R 42412 54 81 6 245 3 4 5 2 4 1 1 0 2 1 2 0 0 3 5 3 4 1 0 2 4 1 2 3 0 5 1 2 5 4 0 2 3 3 4 2 1 4 0 0 1 3 2 1 5 3 4 0 5 2 3 1 3 0 0 1 2 3 0 5 3 4 5 4 5 3 1 2 4 2 5 0 5 3 1 4 5 4 2 0 1 | 18 24  0 7 1 0 10 1 0 13 1 1 8 1 1 11 2 2 9 1 2 13 1 2 17 1 3 10 2 3 12 1 4 11 1 4 15 1 4 17 1 5 12 2 5 16 1 6 13 1 6 14 1 6 15 1 7 14 1 7 15 1 8 16 1 8 17 1 9 14 1 9 16 1
R 72115 54 81 6 650 3 4 5 0 1 2 1 2 3 0 4 5 1 3 2 0 5 4 0 2 4 1 2 3 3 5 1 0 2 3 2 5 1 3 4 0 5 3 1 1 0 4 3 0 4 1 0 2 1 2 4 0 2 3 0 1 2 4 3 5 4 0 5 3 1 2 5 0 4 2 3 1 1 3 5 4 5 2 0 5 4 | 18 25  0 7 1 0 9 1 0 13 1 1 8 1 1 13 1 1 14 1 2 9 1 2 10 1 2 15 1 3 10 1 3 11 2 4 11 1 4 12 2 5 12 1 5 16 1 5 17 1 6 14 1 6 15 1 6 17 1 7 15 1 7 16 1 8 14 1 8 16 1 9 13 1 10 17 1
R 3852 54 81 6 200 3 1 2 1 3 0 3 4 5 0 1 2 0 4 1 0 4 3 3 1 5 0 2 1 0 2 1 2 0 3 2 0 4 1 4 2 3 4 1 0 5 1 1 4 3 0 3 2 0 5 4 0 1 3 4 5 0 4 5 2 1 0 2 3 5 4 3 5 2 2 5 1 2 4 0 3 5 4 3 1 5 | 18 22  0 8 2 0 12 1 1 9 2 1 14 1 2 10 1 2 11 1 2 17 1 3 10 1 3 14 1 3 15 1 4 11 2 4 16 1 5 12 2 5 15 1 6 13 2 6 14 1 7 13 1 7 15 1 7 17 1 8 16 1 9 16 1 10 17 1
R 14984 54 81 6 87 3 1 2 1 0 4 2 4 3 0 3 1 0 4 3 5 1 2 3 0 4 5 1 2 0 2 1 3 4 0 2 0 1 3 4 1 1 4 2 2 1 4 4 3 1 1 3 0 0 2 4 0 2 3 4 5 0 2 3 5 1 0 5 4 2 5 2 5 1 3 0 4 5 2 1 0 3 4 3 5 5 | 18 23  0 8 2 0 11 1 1 9 1 1 10 1 1 15 1 2 9 1 2 12 2 3 10 1 3 14 1 3 17 1 4 11 2 4 16 1 5 12 1 5 14 1 5 17 1 6 13 1 6 15 1 6 17 1 7 13 2 7 15 1 8 16 1 9 14 1 10 16 1
R 26088 54 81 6 26853 3 1 2 3 0 2 5 0 1 0 5 3 2 3 4 3 0 1 4 2 1 0 4 2 0 2 1 1 5 2 1 3 5 1 2 3 0 1 2 3 4 5 5 4 0 0 4 3 2 0 4 3 4 1 4 5 0 4 5 1 3 4 2 4 1 2 0 5 1 4 5 2 0 5 3 3 1 5 3 0 2 | 18 25  0 8 2 0 13 1 1 9 1 1 12 1 1 13 1 2 9 1 2 12 1 2 13 1 3 10 1 3 14 1 3 15 1 4 10 1 4 15 1 4 16 1 5 11 1 5 16 1 5 17 1 6 11 2 6 16 1 7 12 1 7 15 1 7 17 1 8 14 1 9 17 1 10 14 1
R 62322 54 81 6 155 3 4 5 1 5 2 1 2 3 0 1 4 2 4 5 0 1 3 0 2 1 1 2 3 2 3 5 4 3 5 5 4 3 0 2 3 1 0 5 0 1 5 2 0 3 0 3 1 1 0 2 0 2 4 0 1 2 0 4 3 0 5 4 2 5 3 0 1 3 5 2 4 3 4 5 4 5 1 4 2 1 | 18 26  0 7 1 0 11 1 0 13 1 1 8 1 1 11 1 1 12 1 2 9 1 2 14 1 2 16 1 3 10 1 3 16 1 3 17 1 4 10 2 4 16 1 5 11 1 5 12 1 5 13 1 6 13 1 6 14 1 6 15 1 7 12 1 7 17 1 8 14 1 8 15 1 9 15 1 9 17 1
R 27131 54 81 6 2086 3 4 5 1 5 2 0 3 1 3 4 2 1 0 2 3 2 5 4 0 1 5 0 4 1 2 3 2 0 1 2 0 5 1 5 2 0 2 3 0 1 4 3 1 4 4 0 3 3 0 2 3 1 4 0 1 2 3 4 0 4 2 5 1 5 0 3 4 5 0 4 1 3 5 2 3 2 1 4 5 5 | 18 25  0 8 1 0 12 1 0 13 1 1 9 1 1 12 1 1 14 1 2 9 1 2 14 1 2 15 1 3 10 1 3 13 1 3 17 1 4 10 2 4 14 1 5 11 2 5 15 1 6 11 1 6 16 1 6 17 1 7 13 1 7 15 1 7 16 1 8 16 1 8 17 1 9 12 1
R 88562 54 81 6 92 3 4 5 1 0 2 1 0 3 2 4 0 1 0 3 0 3 4 5 1 2 1 2 3 3 2 0 0 2 5 5 3 0 2 1 3 2 5 3 1 2 0 1 3 0 1 0 4 5 0 4 1 2 4 0 1 2 4 5 3 2 4 5 1 5 3 4 2 5 1 5 2 0 3 4 4 5 1 3 0 4 | 18 25  0 7 1 0 9 1 0 15 1 1 8 2 1 15 1 2 10 2 2 11 1 3 10 1 3 14 1 3 17 1 4 11 1 4 16 1 4 17 1 5 12 1 5 13 1 5 14 1 6 12 1 6 13 1 6 14 1 7 9 1 7 15 1 8 16 1 9 16 1 11 17 1 12 13 1
R 6316 54 81 6 75 3 4 5 1 2 0 3 4 1 0 3 2 4 5 0 3 4 5 2 1 0 1 0 2 1 2 3 0 2 3 1 4 0 2 3 1 0 4 2 0 2 3 1 0 4 1 5 3 2 3 0 1 0 4 0 1 2 4 5 3 2 5 0 4 5 1 3 2 1 1 2 0 5 3 4 4 5 3 4 5 5 | 18 24  0 8 1 0 9 1 0 17 1 1 9 2 1 10 1 2 10 2 2 11 1 3 11 2 3 12 1 4 12 1 4 15 1 4 16 1 5 13 1 5 14 1 5 15 1 6 13 1 6 14 1 6 15 1 7 13 1 7 14 1 7 17 1 8 16 1 8 17 1 12 16 1
R 55675 54 81 6 75 1 2 3 1 2 5 1 4 5 0 4 2 3 4 0 2 3 0 0 1 2 3 4 5 5 0 1 2 0 1 0 2 1 0 2 4 2 3 1 3 4 5 1 0 3 1 0 3 2 0 3 0 5 3 0 4 5 3 0 4 3 0 2 3 5 1 1 5 2 5 4 1 3 5 4 1 2 2 4 5 4 | 18 26  0 7 1 0 10 2 1 8 1 1 12 1 1 14 1 2 9 1 2 13 1 2 15 1 3 10 1 3 15 1 3 17 1 4 11 1 4 12 1 4 13 1 5 11 1 5 12 1 5 13 1 6 11 1 6 14 1 6 15 1 7 16 1 7 17 1 8 14 1 8 16 1 9 16 1 9 17 1
R 83409 54 81 6 86 3 4 5 0 1 3 0 4 1 0 1 2 2 4 5 2 0 1 3 4 1 1 2 3 5 2 0 2 1 3 3 4 0 4 1 0 2 4 5 1 0 4 3 1 2 4 1 0 0 2 1 2 4 3 0 1 2 4 2 5 5 2 3 4 3 5 1 0 3 3 5 4 2 5 0 5 4 3 1 0 5 | 18 26  0 7 1 0 12 1 0 13 1 1 8 1 1 15 1 1 17 1 2 9 1 2 10 1 2 12 1 3 9 1 3 13 1 3 15 1 4 10 1 4 14 1 4 15 1 5 11 2 5 14 1 6 11 1 6 16 1 6 17 1 7 13 1 7 16 1 8 16 1 8 17 1 9 12 1 10 14 1
R 4438 54 81 6 158 3 4 5 0 1 2 3 1 5 2 0 1 0 3 4 3 4 5 0 1 4 1 0 2 1 2 3 4 2 1 0 5 1 4 3 1 1 5 4 0 3 2 0 2 3 0 2 5 1 3 4 0 1 3 0 1 2 3 5 4 2 4 0 3 4 5 2 5 1 0 2 1 3 2 5 5 3 4 4 5 0 | 18 23  0 8 1 0 14 1 0 17 1 1 9 2 1 14 1 2 10 2 2 11 1 3 10 1 3 13 1 3 14 1 4 11 2 4 15 1 5 12 2 5 13 1 6 12 1 6 16 1 6 17 1 7 13 1 7 15 1 7 17 1 8 15 1 8 16 1 9 16 1
R 11789 54 81 6 460 1 2 3 0 4 1 0 3 2 3 1 2 2 4 5 1 2 0 0 3 1 3 0 4 3 4 5 0 2 1 2 5 0 3 4 0 0 2 1 3 1 2 4 0 2 1 5 3 3 0 4 0 4 1 0 4 5 3 2 5 1 4 5 4 0 5 1 3 0 5 3 4 4 2 5 5 1 2 1 2 3 | 18 26  0 8 1 0 9 2 1 9 1 1 11 1 1 12 1 2 10 1 2 13 1 2 14 1 3 10 1 3 15 1 3 16 1 4 11 1 4 12 1 4 13 1 5 11 1 5 14 1 5 15 1 6 12 1 6 16 1 6 17 1 7 13 1 7 14 1 7 15 1 8 16 1 8 17 1 10 17 1
R 56777 54 81 6 1854 3 4 5 1 0 2 0 1 2 5 3 0 3 4 1 1 3 2 0 3 4 1 2 3 4 2 0 4 2 1 2 0 1 4 3 5 2 0 1 0 2 5 1 0 3 3 0 1 4 5 3 5 4 2 0 1 2 3 5 4 3 5 4 4 1 2 5 0 2 4 5 0 5 2 1 4 5 1 0 3 3 | 18 24  0 7 1 0 13 1 0 14 1 1 8 2 1 14 1 2 9 2 2 15 1 3 10 1 3 11 1 3 16 1 4 10 1 4 11 2 5 12 1 5 14 1 5 17 1 6 12 1 6 15 1 6 17 1 7 13 1 7 15 1 8 16 1 9 16 1 10 17 1 12 13 1
R 64144 54 81 6 160 3 4 5 1 0 2 5 0 1 1 0 2 3 4 2 2 3 5 5 0 1 1 2 3 2 3 0 2 4 1 2 4 0 0 2 5 0 1 3 3 1 0 3 2 5 1 3 4 4 0 2 1 3 2 0 1 2 4 3 5 3 2 4 3 4 5 1 5 0 4 1 0 2 3 4 4 5 5 1 0 5 | 18 26  0 7 1 0 11 1 0 12 1 1 8 1 1 11 1 1 13 1 2 9 1 2 13 1 2 14 1 3 10 1 3 12 1 3 17 1 4 10 2 4 14 1 5 13 1 5 16 1 5 17 1 6 15 1 6 16 1 6 17 1 7 11 1 7 15 1 8 12 1 8 14 1 9 15 1 9 16 1
R 72624 54 81 6 146 1 2 3 2 4 5 0 4 1 2 3 4 0 5 1 2 5 1 0 2 3 3 4 5 1 0 2 0 2 1 3 4 0 1 3 2 1 0 3 3 1 4 0 2 5 3 5 4 2 4 0 0 1 3 0 4 5 3 0 1 3 2 5 1 0 5 4 2 3 4 3 0 5 4 1 1 2 5 4 5 2 | 18 25  0 7 1 0 9 2 1 8 1 1 13 1 1 14 1 2 9 1 2 10 2 3 10 1 3 11 1 3 17 1 4 11 1 4 15 1 4 16 1 5 12 1 5 14 1 5 15 1 6 12 1 6 14 1 6 15 1 7 16 1 7 17 1 8 13 1 8 17 1 11 16 1 12 13 1
R 21073 54 81 6 4716 3 1 2 1 0 2 3 5 2 0 2 1 5 0 4 3 2 4 3 0 2 1 4 0 0 2 1 2 5 4 3 0 1 2 4 0 1 2 0 3 1 2 4 1 5 3 4 5 2 0 4 1 3 5 4 5 0 3 4 5 1 0 4 5 4 3 1 3 2 5 1 0 4 5 1 3 5 2 3 0 2 | 18 24  0 8 2 0 15 1 1 9 1 1 10 1 1 13 1 2 9 1 2 14 1 2 17 1 3 10 1 3 13 1 3 14 1 4 11 2 4 14 1 5 11 1 5 16 1 5 17 1 6 12 2 6 15 1 7 12 1 7 16 1 7 17 1 8 16 1 9 13 1 10 15 1
R 4163 54 81 6 982 3 1 2 0 3 4 2 5 1 1 0 4 3 4 5 3 0 2 0 2 4 0 1 3 0 2 1 2 4 3 3 1 5 0 5 2 2 0 1 1 4 3 3 4 5 1 0 4 2 1 5 3 2 0 4 5 0 1 5 2 0 3 4 2 3 5 1 0 2 4 5 1 5 3 1 2 5 4 3 0 4 | 18 22  0 8 2 0 14 1 1 9 2 1 15 1 2 10 1 2 11 2 3 10 1 3 12 1 3 17 1 4 11 1 4 13 2 5 12 2 5 14 1 6 13 1 6 16 1 6 17 1 7 14 1 7 15 1 7 16 1 8 15 1 9 16 1 10 17 1
R 6714 54 81 6 1693 3 1 2 0 2 3 4 2 1 2 4 0 0 3 1 3 4 5 0 1 2 3 2 4 0 2 1 3 4 5 1 2 0 1 0 4 2 5 4 3 4 0 3 1 2 4 3 5 4 1 0 0 1 3 4 5 0 1 4 5 3 5 0 3 1 5 5 4 2 0 1 2 3 5 4 5 0 1 3 2 2 | 18 24  0 8 2 0 9 1 1 9 1 1 10 1 1 17 1 2 10 2 2 15 1 3 11 1 3 13 1 3 14 1 4 11 1 4 14 1 4 15 1 5 12 2 5 13 1 6 12 1 6 16 1 6 17 1 7 13 1 7 14 1 7 15 1 8 16 1 9 16 1 11 17 1
R 14396 54 81 6 3121 3 4 5 4 3 2 1 0 3 0 4 1 2 3 4 5 4 0 0 1 2 2 3 5 1 2 3 0 2 3 1 4 2 0 2 4 0 4 3 5 3 2 5 3 1 1 0 4 2 5 0 4 1 0 0 1 2 1 5 0 4 5 2 3 5 2 5 0 1 1 2 3 4 3 5 0 4 1 5 4 3 | 18 22  0 8 1 0 11 1 0 15 1 1 9 2 1 10 1 2 9 1 2 12 1 2 17 1 3 10 2 3 14 1 4 11 1 4 13 2 5 12 2 5 16 1 6 13 1 6 15 1 6 17 1 7 14 2 7 16 1 8 15 1 8 16 1 11 17 1
R 94416 54 81 6 936 3 4 5 1 2 0 1 2 4 1 0 4 1 5 2 0 3 2 1 2 3 0 3 1 3 4 1 2 4 0 0 2 5 4 2 0 5 2 1 0 1 3 3 1 4 5 0 4 4 5 2 0 4 3 0 1 2 4 5 3 5 0 3 3 5 2 3 4 0 4 5 1 4 5 2 5 0 2 1 3 1 | 18 25  0 6 1 0 10 1 0 13 1 1 7 1 1 11 1 1 16 1 2 8 1 2 12 2 3 9 2 3 14 1 4 11 1 4 13 1 4 14 1 5 12 1 5 13 1 5 15 1 6 10 1 6 14 1 7 15 1 7 17 1 8 16 1 8 17 1 9 16 1 10 15 1 11 17 1
R 38278 54 81 6 90 3 4 5 0 2 1 0 1 2 1 4 2 0 3 4 0 3 1 1 2 3 4 0 5 1 2 3 2 0 5 0 2 4 1 3 2 3 0 5 1 0 4 0 4 2 2 4 1 0 3 4 0 4 1 0 1 2 4 3 5 4 3 5 3 5 0 1 5 2 4 5 2 4 5 0 2 3 1 5 3 1 | 18 25  0 8 1 0 9 1 0 13 1 1 8 1 1 15 1 1 16 1 2 9 1 2 13 1 2 17 1 3 10 2 3 11 1 4 10 1 4 15 1 4 17 1 5 11 2 5 16 1 6 12 1 6 14 1 6 15 1 7 12 1 7 14 1 7 16 1 8 13 1 9 17 1 12 14 1
R 5319 54 81 6 287 3 4 5 1 0 4 1 0 2 3 4 5 1 0 2 5 2 4 1 2 3 0 1 3 1 2 3 3 4 0 3 2 0 4 2 3 0 2 3 1 0 4 1 2 5 0 3 5 1 2 5 1 0 4 0 1 2 2 5 3 4 5 3 1 0 2 5 4 3 0 1 3 4 5 0 5 4 2 4 5 1 | 18 24  0 8 1 0 12 1 0 13 1 1 9 2 1 14 1 2 10 2 2 13 1 3 10 1 3 16 1 3 17 1 4 11 1 4 15 1 4 17 1 5 11 2 5 16 1 6 12 1 6 13 1 6 14 1 7 12 1 7 14 1 7 15 1 8 16 1 8 17 1 9 15 1
R 7184 54 81 6 129 3 4 5 1 2 0 0 3 2 3 4 2 1 0 2 3 0 4 1 0 2 1 5 4 1 2 3 0 2 3 1 4 2 2 0 3 1 4 2 3 1 0 3 2 4 0 5 2 1 4 0 1 3 5 0 1 2 4 5 3 5 4 1 1 0 5 4 5 3 5 2 1 3 5 4 0 3 2 4 5 0 | 18 25  0 8 1 0 9 1 0 17 1 1 9 2 1 10 1 2 10 1 2 13 1 2 15 1 3 11 1 3 12 1 3 13 1 4 11 2 4 16 1 5 12 1 5 13 1 5 14 1 6 12 1 6 14 1 6 17 1 7 14 1 7 15 1 7 16 1 8 15 1 8 16 1 10 17 1
R 59499 54 81 6 109 3 4 5 1 5 2 1 4 3 3 4 0 1 0 2 1 5 4 1 2 0 1 2 3 2 3 4 2 0 3 2 0 5 1 4 3 0 2 5 0 1 3 0 1 4 1 2 3 3 0 4 0 2 5 0 1 2 0 4 3 5 2 0 1 2 5 3 4 5 0 2 3 3 4 5 4 5 5 1 1 4 | 18 25  0 7 1 0 12 1 0 13 1 1 8 1 1 13 1 1 14 1 2 9 1 2 14 1 2 15 1 3 10 1 3 11 2 4 10 2 4 15 1 5 11 1 5 16 1 5 17 1 6 12 1 6 15 1 6 16 1 7 12 1 7 14 1 8 13 1 8 17 1 9 16 1 9 17 1
R 23068 54 81 6 81 3 1 2 0 2 4 3 0 2 0 3 1 5 2 0 3 1 0 1 4 2 0 3 5 0 2 1 1 3 2 2 3 5 1 0 2 0 1 2 3 4 5 4 2 3 3 4 0 4 1 5 5 1 2 4 5 0 5 1 3 4 5 1 4 2 5 3 4 1 5 2 4 3 0 5 4 1 2 3 0 0 | 18 25  0 8 2 0 13 1 1 9 1 1 10 1 1 17 1 2 9 1 2 12 1 2 13 1 3 10 1 3 13 1 3 14 1 4 11 2 4 15 1 5 11 1 5 16 1 5 17 1 6 12 1 6 14 1 6 15 1 7 12 1 7 14 1 7 15 1 8 16 1 9 16 1 10 17 1
R 2038 54 81 6 257 3 4 5 1 0 2 1 2 0 1 0 3 2 4 5 3 0 2 1 5 0 3 1 4 1 2 3 3 2 0 0 2 3 4 3 0 5 2 0 1 0 4 1 5 0 1 2 3 3 4 5 2 0 1 0 1 2 4 5 3 4 5 3 2 5 4 1 0 3 1 4 5 3 2 4 5 2 0 4 5 1 | 18 23  0 8 1 0 10 1 0 13 1 1 9 2 1 13 1 2 10 2 2 14 1 3 11 2 3 15 1 4 11 1 4 16 1 4 17 1 5 12 2 5 15 1 6 12 1 6 16 1 6 17 1 7 13 1 7 14 1 7 15 1 8 14 1 8 17 1 9 16 1
R 28336 54 81 6 3050 3 1 2 2 4 5 3 0 2 2 0 5 0 3 1 4 1 5 3 0 5 0 4 1 0 2 1 1 0 2 5 3 2 2 5 1 0 1 4 3 1 2 0 2 4 3 4 5 4 1 5 4 0 3 4 5 0 3 0 1 4 5 1 1 3 4 4 2 5 0 3 2 4 2 1 5 3 2 3 5 0 | 18 25  0 8 2 0 15 1 1 9 1 1 13 1 1 14 1 2 9 1 2 14 1 2 15 1 3 10 1 3 12 1 3 13 1 4 10 1 4 15 1 4 17 1 5 11 2 5 12 1 6 11 1 6 16 1 6 17 1 7 13 1 7 14 1 7 17 1 8 16 1 9 12 1 10 16 1
R 80627 54 81 6 370 3 4 5 0 1 4 0 3 5 2 1 4 2 1 4 1 2 3 0 1 2 1 2 3 3 5 0 4 1 3 2 3 0 0 2 3 2 5 3 1 0 4 1 2 0 0 2 4 3 2 1 0 2 4 0 1 2 2 3 5 2 1 4 0 5 3 5 0 3 4 0 5 4 3 5 4 5 1 4 5 1 | 18 25  0 7 1 0 11 1 0 13 1 1 8 1 1 14 1 1 16 1 2 9 1 2 10 2 3 9 2 3 15 1 4 10 1 4 16 1 4 17 1 5 11 1 5 12 1 5 14 1 6 12 1 6 13 1 6 15 1 7 14 1 7 17 1 8 15 1 8 16 1 11 13 1 12 17 1
R 24009 54 81 6 350 3 4 5 5 1 2 0 3 2 0 1 4 1 0 2 3 4 5 0 2 1 1 4 5 1 2 3 2 0 1 4 1 2 5 4 1 0 2 3 1 0 4 3 1 0 5 0 2 3 4 2 3 1 0 0 1 2 3 0 4 4 5 1 3 5 2 3 5 4 0 2 1 3 4 5 3 0 2 5 4 5 | 18 25  0 8 1 0 12 1 0 13 1 1 9 1 1 10 1 1 12 1 2 9 1 2 14 1 2 15 1 3 10 2 3 14 1 4 11 1 4 16 1 4 17 1 5 11 2 5 16 1 6 13 1 6 15 1 6 17 1 7 15 1 7 16 1 7 17 1 8 13 1 8 14 1 9 12 1
R 50745 54 81 6 84 1 2 3 0 3 2 3 0 1 0 4 1 2 0 4 5 4 2 1 2 3 3 4 5 1 2 3 2 1 0 0 2 1 1 5 2 3 4 0 3 4 2 1 2 4 4 0 3 0 5 2 0 3 1 0 4 5 4 1 5 4 5 2 3 2 5 3 1 5 0 3 1 5 0 4 1 2 0 5 3 4 | 18 25  0 7 1 0 10 2 1 8 1 1 13 1 1 15 1 2 9 2 2 15 1 3 10 1 3 12 1 3 13 1 4 11 1 4 12 1 4 14 1 5 11 1 5 14 1 5 15 1 6 12 1 6 13 1 6 16 1 7 16 1 7 17 1 8 14 1 8 17 1 9 16 1 11 17 1
R 13919 54 81 6 2229 3 1 2 1 3 2 3 4 0 2 4 5 0 3 2 4 1 5 3 0 5 3 0 1 0 2 1 2 0 1 4 3 5 1 0 2 5 0 2 2 3 1 3 0 4 3 4 5 1 0 4 1 2 4 4 5 0 4 0 5 5 1 2 3 1 0 4 1 5 3 0 2 1 4 2 4 5 2 3 3 5 | 18 24  0 8 2 0 15 1 1 9 1 1 10 1 1 16 1 2 9 1 2 10 2 3 11 1 3 14 1 3 17 1 4 11 1 4 15 1 4 17 1 5 12 1 5 13 1 5 14 1 6 12 2 6 16 1 7 13 1 7 14 1 7 15 1 8 16 1 9 17 1 11 13 1
R 7731 54 81 6 222 3 1 2 0 2 3 2 1 4 0 4 3 4 0 3 2 1 5 5 1 2 3 0 4 0 2 1 3 4 5 3 4 1 5 1 3 4 0 2 1 2 0 2 0 4 4 2 0 4 1 3 0 1 3 4 5 0 1 4 5 0 3 5 2 1 5 2 5 1 0 4 3 3 0 4 1 5 2 3 2 5 | 18 24  0 8 2 0 9 1 1 9 1 1 13 1 1 16 1 2 10 1 2 13 1 2 14 1 3 10 1 3 15 1 3 17 1 4 11 1 4 13 1 4 14 1 5 11 2 5 15 1 6 12 1 6 16 1 6 17 1 7 12 2 7 16 1 8 14 1 9 17 1 10 15 1
R 53632 54 81 6 75 3 1 2 2 0 4 5 0 2 0 2 3 3 2 4 4 5 1 1 0 2 0 2 1 1 4 5 4 2 0 3 4 5 1 4 2 2 0 3 1 2 3 0 3 4 1 2 3 0 4 1 4 0 1 4 5 0 3 1 5 1 3 4 1 4 5 0 1 5 3 0 2 4 5 3 3 0 2 5 2 5 | 18 25  0 7 2 0 10 1 1 8 1 1 14 1 1 15 1 2 9 2 2 15 1 3 10 1 3 13 1 3 17 1 4 11 1 4 12 1 4 13 1 5 11 1 5 13 1 5 14 1 6 12 1 6 14 1 6 17 1 7 16 1 8 15 1 8 16 1 9 16 1 10 17 1 11 12 1
R 75412 54 81 6 184 3 4 5 0 4 2 1 2 0 0 3 4 1 2 3 2 1 5 1 0 3 1 2 3 1 2 4 0 2 3 2 4 3 3 0 2 1 0 4 3 0 2 1 4 0 2 5 3 4 1 5 0 1 2 0 1 2 5 3 1 4 5 3 1 5 2 0 4 5 4 0 3 5 2 4 4 5 0 3 5 1 | 18 26  0 7 1 0 9 1 0 12 1 1 8 1 1 12 1 1 13 1 2 9 1 2 13 1 2 14 1 3 10 2 3 14 1 4 10 1 4 15 1 4 17 1 5 11 1 5 16 1 5 17 1 6 11 1 6 16 1 6 17 1 7 13 1 7 14 1 8 15 1 8 16 1 9 12 1 11 15 1
R 3036 54 81 6 87 1 2 3 5 2 3 0 4 1 2 0 1 3 4 0 3 4 0 2 1 4 0 1 2 3 4 5 0 3 2 0 2 1 4 1 0 0 2 4 4 3 1 1 4 3 3 0 2 2 4 0 3 1 0 0 4 5 1 4 0 3 2 5 3 5 4 2 1 5 1 5 2 5 0 3 3 5 4 1 2 5 | 18 24  0 8 1 0 10 2 1 9 2 1 14 1 2 10 1 2 13 1 2 15 1 3 11 2 3 15 1 4 11 1 4 16 1 4 17 1 5 12 1 5 13 1 5 14 1 6 12 1 6 13 1 6 16 1 7 12 1 7 14 1 7 17 1 8 15 1 8 17 1 9 16 1
R 90949 54 81 6 279 3 4 5 1 2 0 5 1 0 4 5 2 1 2 5 3 4 5 1 2 3 0 3 1 2 0 3 2 0 5 0 2 3 4 2 1 1 0 4 5 4 1 0 1 4 0 2 5 1 3 4 0 3 2 0 1 2 4 3 5 4 3 2 1 0 3 4 3 0 0 2 1 4 5 2 5 5 1 3 4 5 | 18 26  0 6 1 0 10 1 0 12 1 1 7 1 1 11 2 2 8 1 2 12 1 2 13 1 3 9 1 3 13 1 3 14 1 4 10 1 4 15 1 4 16 1 5 11 1 5 14 1 5 17 1 6 15 1 6 16 1 7 16 1 7 17 1 8 12 1 8 15 1 9 13 1 9 17 1 10 14 1
R 50859 54 81 6 8051 1 2 3 4 2 5 5 2 3 0 4 1 2 0 4 1 2 5 1 2 0 3 4 5 3 1 2 4 3 2 0 2 1 5 1 4 3 4 0 2 1 0 3 0 2 1 5 0 2 4 0 1 3 0 0 4 5 0 3 1 0 1 4 3 2 5 3 1 5 0 4 3 5 3 4 1 2 4 5 5 2 | 18 25  0 7 1 0 10 2 1 8 1 1 13 1 1 14 1 2 9 2 2 15 1 3 10 1 3 12 1 3 13 1 4 11 1 4 12 1 4 14 1 5 11 1 5 14 1 5 15 1 6 12 1 6 16 1 6 17 1 7 16 1 7 17 1 8 13 1 8 17 1 9 16 1 11 15 1
R 14174 54 81 6 487 3 1 2 1 3 4 0 4 5 5 3 0 0 4 3 0 1 2 0 2 1 5 3 4 0 2 1 5 4 1 0 3 1 3 4 1 2 0 4 4 2 5 4 3 2 0 2 3 5 1 4 0 1 3 4 5 0 0 5 2 2 3 1 2 4 1 2 5 1 3 5 4 3 5 4 0 1 2 3 5 0 | 18 22  0 8 2 0 11 1 1 9 1 1 10 1 1 17 1 2 9 2 2 12 1 3 10 2 3 13 1 4 11 2 4 15 1 5 12 1 5 14 1 5 15 1 6 13 1 6 15 1 6 17 1 7 14 2 7 16 1 8 16 1 12 17 1 13 16 1
R 1560 54 81 6 220 3 1 2 0 4 5 0 4 3 2 1 4 0 1 2 3 4 2 0 3 1 1 4 3 0 2 1 3 2 0 3 4 1 1 4 0 2 4 1 1 3 2 0 2 3 0 1 4 0 5 4 2 3 1 4 5 0 1 2 3 2 5 1 5 3 0 3 5 4 0 5 1 4 5 2 0 2 5 3 5 4 | 18 23  0 8 2 0 10 1 1 9 1 1 11 2 2 10 2 2 14 1 3 11 1 3 15 1 3 17 1 4 12 1 4 13 1 4 14 1 5 12 2 5 16 1 6 13 1 6 14 1 6 15 1 7 13 1 7 16 1 7 17 1 8 16 1 9 15 1 9 17 1
R 32873 54 81 6 587 3 4 5 0 3 4 2 0 5 3 5 4 2 1 4 1 0 2 2 1 0 1 2 0 1 2 3 1 4 5 4 1 0 1 2 3 2 0 5 0 2 5 0 1 3 1 2 3 2 4 3 2 0 4 0 1 2 2 5 1 3 4 1 2 0 1 3 5 0 3 4 5 4 5 3 3 4 5 4 5 0 | 18 26  0 8 1 0 13 1 0 14 1 1 9 1 1 11 1 1 12 1 2 9 1 2 11 1 2 16 1 3 10 1 3 15 1 3 17 1 4 10 2 4 16 1 5 12 1 5 14 1 5 15 1 6 12 1 6 14 1 6 17 1 7 13 1 7 15 1 7 16 1 8 13 1 8 17 1 9 11 1
R 45683 54 81 6 88 3 4 5 3 4 2 2 1 4 1 2 0 0 1 3 3 4 5 1 2 0 1 2 3 0 2 5 3 4 1 0 2 3 1 4 3 2 4 0 1 3 2 1 0 5 2 0 1 3 1 0 0 1 4 0 1 2 1 0 5 0 5 3 4 3 5 2 4 5 1 0 2 5 4 3 4 5 4 3 2 5 | 18 25  0 7 1 0 10 1 0 17 1 1 8 1 1 11 2 2 9 2 2 15 1 3 10 1 3 12 1 3 13 1 4 11 1 4 15 1 4 17 1 5 12 1 5 13 1 5 14 1 6 12 1 6 13 1 6 14 1 7 14 1 7 15 1 8 16 1 8 17 1 9 16 1 10 16 1
R 91953 54 81 6 126 3 4 5 1 5 2 0 1 2 0 3 1 1 2 0 5 0 4 1 2 3 4 0 5 5 2 4 4 1 2 0 2 3 0 1 3 3 1 4 5 0 2 4 3 2 0 5 3 2 1 5 1 0 4 0 1 2 3 4 0 3 5 4 5 2 4 4 3 5 1 2 3 4 5 1 2 0 1 0 3 5 | 18 27  0 6 1 0 10 1 0 11 1 1 7 1 1 11 1 1 12 1 2 8 1 2 11 1 2 15 1 3 9 1 3 12 1 3 13 1 4 10 1 4 13 1 4 14 1 5 14 1 5 15 1 5 16 1 6 16 1 6 17 1 7 13 1 7 17 1 8 14 1 8 15 1 9 16 1 9 17 1 10 12 1
R 80550 54 81 6 138 3 4 5 1 0 3 3 5 2 0 4 2 1 0 4 1 2 0 0 3 1 1 2 3 4 3 0 1 4 2 0 5 3 0 2 3 4 5 1 1 0 4 1 2 3 3 0 2 0 2 4 2 1 0 0 1 2 2 5 4 0 1 4 5 3 1 2 3 5 4 3 5 2 5 4 4 5 1 3 5 0 | 18 25  0 7 1 0 11 1 0 13 1 1 8 2 1 14 1 2 9 1 2 10 2 3 9 1 3 13 1 3 15 1 4 10 1 4 16 1 4 17 1 5 11 1 5 12 1 5 14 1 6 12 1 6 15 1 6 17 1 7 15 1 7 16 1 8 16 1 9 17 1 11 13 1 12 14 1
R 5975 54 81 6 81 3 4 5 1 0 4 2 0 4 5 1 3 1 2 3 0 1 4 2 0 1 3 4 1 1 2 3 3 4 0 3 1 4 0 2 3 0 1 4 5 1 0 3 0 5 2 1 4 0 2 3 1 2 4 0 1 2 2 5 3 5 1 3 0 2 4 4 5 0 5 3 2 3 4 5 2 0 5 4 5 1 | 18 25  0 8 1 0 11 1 0 12 1 1 9 2 1 15 1 2 10 1 2 14 1 2 17 1 3 10 2 3 16 1 4 11 1 4 12 1 4 17 1 5 11 1 5 13 1 5 14 1 6 12 1 6 13 1 6 17 1 7 13 1 7 15 1 7 16 1 8 14 1 8 15 1 9 16 1
R 89410 54 81 6 307 3 4 5 0 1 3 0 1 2 3 4 5 0 2 1 1 0 5 3 4 5 1 2 3 2 3 0 0 2 5 2 3 0 1 0 4 4 1 0 0 4 1 3 1 2 2 3 5 0 4 1 4 0 3 0 1 2 4 2 5 4 3 5 1 2 0 3 4 5 4 3 2 0 2 1 4 5 1 5 3 5 | 18 27  0 7 1 0 9 1 0 11 1 1 8 1 1 12 1 1 13 1 2 10 1 2 11 1 2 12 1 3 10 1 3 13 1 3 14 1 4 13 1 4 15 1 4 17 1 5 14 1 5 16 1 5 17 1 6 15 1 6 16 1 6 17 1 7 9 1 7 11 1 8 15 1 8 16 1 9 12 1 10 14 1
R 42938 54 81 6 700 3 4 5 3 0 4 3 4 2 1 2 4 1 0 2 5 0 3 1 0 4 1 2 3 1 4 3 2 0 1 4 2 5 2 0 3 3 0 4 4 0 5 1 3 2 1 0 4 1 2 0 1 3 2 0 1 2 2 1 5 5 1 0 0 3 5 4 5 3 1 2 4 2 5 3 5 4 5 0 3 4 | 18 24  0 7 1 0 10 1 0 15 1 1 8 1 1 11 1 1 17 1 2 9 1 2 13 1 2 14 1 3 10 2 3 12 1 4 11 2 4 15 1 5 12 2 5 14 1 6 13 1 6 14 1 6 16 1 7 15 1 7 16 1 8 16 1 8 17 1 9 13 1 9 17 1
R 79954 54 81 6 84 3 4 5 2 0 4 0 2 4 2 3 5 0 1 2 1 2 0 1 4 2 1 2 3 1 4 0 1 5 0 2 1 3 0 2 3 4 3 2 1 0 4 3 2 4 3 0 2 4 1 5 0 1 4 0 1 2 3 5 1 3 5 1 4 0 1 4 3 5 4 5 3 5 0 3 4 5 2 2 0 5 | 18 25  0 7 1 0 11 1 0 13 1 1 8 2 1 14 1 2 9 1 2 10 1 2 15 1 3 9 1 3 12 2 4 10 1 4 13 1 4 14 1 5 11 1 5 15 1 5 16 1 6 12 1 6 16 1 6 17 1 7 15 1 7 17 1 8 16 1 9 17 1 10 14 1 11 13 1
R 45950 54 81 6 679 1 2 3 1 5 2 3 5 4 0 4 1 4 0 3 0 2 1 1 2 4 3 4 5 4 3 1 1 2 3 0 2 1 3 0 1 1 0 4 3 0 4 3 0 2 4 2 0 3 1 5 1 4 0 0 4 5 0 4 3 0 2 1 3 2 5 2 5 1 3 4 5 5 3 0 1 2 2 5 5 4 | 18 25  0 7 1 0 10 2 1 8 1 1 11 1 1 17 1 2 9 1 2 12 1 2 13 1 3 10 1 3 13 1 3 14 1 4 11 2 4 15 1 5 12 1 5 14 1 5 15 1 6 13 1 6 15 1 6 16 1 7 14 1 7 17 1 8 16 1 8 17 1 9 12 1 9 16 1
R 7214 54 81 6 793 3 1 2 0 2 3 4 2 1 3 5 4 2 0 1 2 4 0 1 0 3 4 0 2 0 2 1 3 4 5 1 2 0 1 4 5 0 2 3 1 0 4 5 0 3 4 3 2 1 4 0 4 0 1 4 5 0 1 4 5 3 5 0 0 1 2 3 4 5 5 3 1 4 5 2 1 5 3 3 2 2 | 18 25  0 8 2 0 9 1 1 9 1 1 10 1 1 17 1 2 10 2 2 15 1 3 11 1 3 12 1 3 13 1 4 11 1 4 14 1 4 15 1 5 12 1 5 13 1 5 15 1 6 12 1 6 13 1 6 16 1 7 14 1 7 16 1 7 17 1 8 16 1 9 17 1 11 14 1
R 56995 54 81 6 81 1 2 3 1 4 0 4 1 0 0 2 4 2 5 3 1 2 3 0 4 2 3 4 5 2 0 1 2 0 1 1 5 0 3 2 0 0 2 1 3 4 0 1 4 3 3 1 4 0 2 3 0 5 3 0 4 5 3 2 5 3 5 2 3 1 5 4 1 0 4 5 0 3 5 1 1 2 5 4 4 2 | 18 24  0 7 1 0 12 2 1 8 1 1 13 1 1 15 1 2 9 2 2 15 1 3 10 1 3 11 1 3 13 1 4 10 1 4 13 1 4 14 1 5 11 2 5 15 1 6 12 1 6 14 1 6 17 1 7 16 1 7 17 1 8 16 1 8 17 1 9 16 1 10 14 1
R 35694 54 81 6 125 3 4 5 0 2 3 0 3 5 0 1 2 3 2 4 1 4 3 0 1 2 1 0 4 1 2 3 4 3 5 2 1 4 1 0 3 0 2 3 3 0 1 2 4 5 2 1 4 3 0 2 3 0 1 0 1 2 1 5 4 2 4 1 3 5 4 0 5 1 2 0 5 5 3 4 3 5 2 4 5 0 | 18 27  0 8 1 0 12 1 0 13 1 1 9 1 1 10 1 1 11 1 2 9 1 2 13 1 2 14 1 3 10 1 3 11 1 3 12 1 4 10 1 4 13 1 4 16 1 5 11 1 5 14 1 5 15 1 6 12 1 6 14 1 6 17 1 7 15 1 7 16 1 7 17 1 8 16 1 8 17 1 9 15 1
R 23347 54 81 6 100 3 4 5 3 4 0 0 1 2 1 2 4 4 1 3 0 2 5 0 5 2 1 3 5 1 2 3 2 0 3 1 4 3 5 2 3 3 4 2 0 2 5 0 3 1 0 1 4 0 2 1 0 1 4 0 1 2 1 2 5 4 5 3 0 5 3 0 5 2 1 4 3 1 4 3 0 2 4 4 5 5 | 18 25  0 8 1 0 13 1 0 14 1 1 9 1 1 10 2 2 9 1 2 12 1 2 13 1 3 10 1 3 16 1 3 17 1 4 11 1 4 14 1 4 17 1 5 11 2 5 15 1 6 12 1 6 14 1 6 16 1 7 12 1 7 15 1 7 16 1 8 13 1 8 17 1 9 15 1
R 42309 54 81 6 9693 3 1 2 3 2 4 2 3 4 0 2 3 0 1 2 4 2 5 1 0 3 0 2 1 1 4 3 1 0 2 3 4 5 0 2 3 5 2 1 3 0 2 4 0 1 1 5 4 0 2 4 0 3 1 4 5 0 0 1 5 5 0 1 1 4 5 4 3 5 0 3 1 4 5 2 3 5 2 3 4 2 | 18 23  0 7 2 0 10 1 1 8 1 1 11 2 2 9 1 2 15 1 2 16 1 3 10 1 3 12 1 3 14 1 4 11 1 4 14 1 4 17 1 5 12 2 5 13 1 6 13 2 6 15 1 7 16 1 8 16 1 8 17 1 9 15 1 9 17 1 10 14 1
R 18786 54 81 6 21388 3 4 5 4 1 2 0 3 4 0 3 4 5 1 2 3 4 5 0 1 2 2 1 0 1 2 3 2 3 5 0 1 4 2 1 4 2 5 4 0 2 5 3 0 1 3 1 0 0 1 3 0 2 3 0 1 2 0 3 5 1 5 2 2 5 1 0 3 4 0 1 2 3 5 4 3 4 5 4 5 4 | 18 24  0 8 1 0 13 1 0 14 1 1 9 1 1 10 2 2 9 1 2 11 1 2 16 1 3 10 1 3 15 1 3 17 1 4 11 2 4 16 1 5 12 2 5 15 1 6 12 1 6 16 1 6 17 1 7 13 1 7 14 1 7 17 1 8 13 1 8 14 1 9 15 1
R 4103 54 81 6 387 1 2 3 3 4 2 3 4 2 0 1 2 0 3 1 0 4 2 3 4 1 0 1 5 3 4 5 0 2 4 0 2 4 1 3 2 0 2 1 1 3 2 5 1 4 3 0 4 4 1 0 5 0 3 0 4 5 1 5 0 1 5 0 3 5 4 4 5 2 3 5 1 0 2 5 4 3 2 1 2 3 | 18 23  0 8 1 0 12 2 1 9 2 1 14 1 2 10 2 2 11 1 3 10 1 3 16 1 3 17 1 4 11 2 4 16 1 5 12 1 5 13 1 5 17 1 6 13 1 6 14 1 6 15 1 7 13 1 7 14 1 7 15 1 8 15 1 8 17 1 9 16 1
R 69762 54 81 6 166 3 4 5 1 5 2 3 2 1 1 2 5 5 0 4 0 2 4 0 1 3 1 2 3 2 3 4 1 5 2 0 2 5 0 1 3 0 4 2 0 5 3 2 0 1 1 4 3 2 5 0 2 1 0 0 1 2 0 4 3 0 5 4 3 4 0 1 2 3 1 3 5 2 4 5 4 5 5 1 3 4 | 18 27  0 7 1 0 10 1 0 11 1 1 8 1 1 11 1 1 12 1 2 9 1 2 12 1 2 13 1 3 10 1 3 14 1 3 15 1 4 12 1 4 13 1 4 17 1 5 13 1 5 14 1 5 15 1 6 15 1 6 16 1 6 17 1 7 10 1 7 14 1 8 11 1 8 16 1 9 16 1 9 17 1
R 52163 54 81 CAP 5000001 | 18 25  0 7 2 0 10 1 1 8 1 1 12 1 1 13 1 2 9 1 2 14 1 2 15 1 3 10 1 3 13 1 3 17 1 4 11 1 4 16 1 4 17 1 5 11 2 5 16 1 6 12 1 6 13 1 6 14 1 7 15 1 8 12 1 8 17 1 9 14 1 9 15 1 10 16 1
R 80901 54 81 6 1965 3 4 5 1 0 4 1 3 2 0 2 4 5 0 1 1 2 3 0 2 5 1 2 3 2 4 5 4 0 3 5 3 1 0 2 3 0 3 4 1 5 2 3 0 1 3 1 4 1 2 0 2 4 0 0 1 2 3 2 5 5 0 4 1 5 3 2 4 3 4 5 0 1 3 4 4 5 0 1 2 5 | 18 26  0 7 1 0 11 1 0 12 1 1 8 1 1 14 1 1 16 1 2 9 1 2 10 2 3 9 1 3 15 1 3 16 1 4 10 1 4 16 1 4 17 1 5 11 1 5 12 1 5 13 1 6 12 1 6 13 1 6 14 1 7 13 1 7 14 1 8 15 1 8 17 1 9 15 1 11 17 1
R 41499 54 81 6 4511 3 4 5 2 3 5 3 1 0 1 2 0 0 4 2 2 5 4 3 2 4 1 2 3 5 1 3 2 0 1 0 2 3 4 3 2 4 5 0 4 2 1 1 0 4 3 2 5 1 4 2 3 4 0 0 1 2 4 0 1 4 5 2 4 3 5 5 3 1 1 3 0 0 5 1 4 5 0 2 3 5 | 18 23  0 7 1 0 10 1 0 14 1 1 8 1 1 11 2 2 9 2 2 12 1 3 10 1 3 13 1 3 17 1 4 11 1 4 14 1 4 17 1 5 12 2 5 15 1 6 13 2 6 15 1 7 15 1 7 16 1 8 16 1 8 17 1 9 16 1 10 14 1
R 89972 54 81 6 115 3 1 2 1 2 4 0 3 2 0 1 3 1 0 3 0 2 3 0 2 1 3 4 1 1 2 5 4 2 0 5 3 0 3 4 5 3 0 4 1 0 2 1 2 0 4 2 3 0 4 5 4 0 1 4 5 0 0 5 3 4 1 5 5 4 2 2 4 5 1 4 5 3 2 5 3 0 1 3 1 2 | 18 25  0 6 2 0 11 1 1 7 1 1 12 1 1 13 1 2 8 1 2 12 1 2 17 1 3 9 1 3 14 1 3 16 1 4 10 2 4 15 1 5 11 1 5 13 1 5 14 1 6 16 1 7 12 1 7 13 1 8 14 1 8 15 1 9 15 1 9 17 1 10 16 1 11 17 1
R 54295 54 81 6 265 1 2 3 1 4 5 1 0 2 0 4 2 0 5 3 3 0 1 4 2 5 3 4 5 2 0 1 2 4 1 0 2 1 3 2 1 0 1 3 4 3 1 2 4 0 4 5 3 2 3 0 0 5 3 0 4 5 3 0 2 3 4 5 3 5 1 4 2 1 5 2 4 0 3 1 1 2 5 4 0 5 | 18 26  0 7 1 0 10 2 1 8 1 1 11 1 1 12 1 2 9 1 2 12 1 2 13 1 3 10 1 3 12 1 3 17 1 4 11 1 4 13 1 4 14 1 5 11 1 5 15 1 5 16 1 6 13 1 6 14 1 6 15 1 7 16 1 7 17 1 8 14 1 8 17 1 9 15 1 9 16 1
R 41804 54 81 6 2221 3 4 5 2 4 3 1 0 2 1 2 0 0 1 4 3 4 1 5 1 3 1 2 3 5 0 2 3 2 0 0 2 3 1 4 2 4 2 1 3 1 2 1 0 4 5 0 1 0 3 4 3 0 1 0 1 2 1 0 5 4 5 3 4 3 5 3 5 2 0 5 2 0 4 2 5 4 3 4 1 5 | 18 23  0 7 1 0 10 1 0 14 1 1 8 1 1 11 2 2 9 2 2 14 1 3 10 1 3 12 2 4 11 1 4 13 1 4 16 1 5 12 1 5 16 1 5 17 1 6 13 2 6 15 1 7 14 1 7 15 1 8 15 1 8 17 1 9 16 1 10 17 1
R 30109 54 81 6 267 3 4 5 0 1 2 0 2 5 3 0 5 2 1 5 1 2 3 0 1 4 3 4 0 1 2 3 5 2 3 5 1 3 0 2 3 1 0 4 3 0 1 0 4 2 4 2 5 2 1 5 3 1 0 0 1 2 4 3 5 1 4 3 2 1 4 0 4 3 4 5 0 5 3 2 2 5 1 4 5 0 | 18 26  0 8 1 0 11 1 0 12 1 1 9 1 1 12 1 1 13 1 2 9 1 2 13 1 2 14 1 3 10 1 3 14 1 3 17 1 4 10 2 4 15 1 5 11 1 5 12 1 5 15 1 6 11 1 6 16 1 6 17 1 7 13 1 7 14 1 7 15 1 8 16 1 8 17 1 9 16 1
R 42848 54 81 6 534 1 2 3 2 3 4 4 2 5 0 4 1 0 2 1 2 4 3 0 1 5 3 4 5 0 4 3 3 5 2 0 2 1 1 2 5 3 4 0 4 0 2 5 3 1 0 1 2 0 3 1 0 3 1 0 4 5 1 5 0 0 1 3 3 2 5 3 4 5 1 5 0 3 4 2 1 2 2 4 4 5 | 18 24  0 7 1 0 10 2 1 8 2 1 11 1 2 9 2 2 15 1 3 10 1 3 12 1 3 15 1 4 11 1 4 14 1 4 16 1 5 12 1 5 13 1 5 14 1 6 13 1 6 15 1 6 17 1 7 13 1 7 14 1 8 16 1 9 16 1 11 17 1 12 17 1
R 70083 54 81 6 399 3 4 5 2 3 5 1 2 0 1 4 3 2 3 5 0 4 2 0 2 5 1 2 3 1 5 4 0 2 3 0 3 2 4 2 0 1 3 2 1 0 4 4 3 0 1 2 5 1 2 0 0 4 3 0 1 2 0 1 4 4 3 5 5 2 0 1 0 4 5 3 1 3 4 1 4 5 3 2 5 5 | 18 25  0 7 1 0 9 1 0 13 1 1 8 1 1 10 2 2 9 1 2 11 1 2 14 1 3 10 1 3 14 1 3 15 1 4 11 1 4 12 2 5 12 1 5 13 1 5 14 1 6 15 1 6 16 1 6 17 1 7 15 1 7 16 1 8 16 1 8 17 1 9 13 1 11 17 1
R 73732 54 81 6 114 3 4 5 1 0 5 1 2 0 1 4 3 0 4 2 5 2 1 4 0 1 1 2 3 4 2 0 0 2 3 2 4 0 1 2 0 1 0 4 4 1 2 0 3 1 3 4 5 0 3 2 3 0 4 0 1 2 3 4 2 4 3 5 5 0 2 5 3 1 3 4 0 3 5 2 4 5 5 1 5 1 | 18 26  0 7 1 0 9 1 0 12 1 1 8 1 1 14 1 1 15 1 2 9 1 2 10 1 2 13 1 3 10 1 3 13 1 3 14 1 4 11 1 4 12 1 4 17 1 5 11 2 5 15 1 6 13 1 6 16 1 6 17 1 7 16 1 7 17 1 8 14 1 8 15 1 9 12 1 10 16 1
R 28687 54 81 6 2187 3 4 5 0 1 2 0 4 1 0 1 2 4 3 2 0 2 3 4 3 5 0 5 1 1 2 3 5 4 1 2 3 0 5 3 2 1 3 2 0 2 3 1 0 4 2 0 1 1 5 4 0 3 4 0 1 2 3 5 4 2 5 3 4 3 5 1 5 0 4 5 1 0 1 2 4 3 2 5 4 0 | 18 25  0 8 1 0 13 1 0 14 1 1 9 1 1 12 1 1 13 1 2 9 1 2 13 1 2 15 1 3 10 1 3 14 1 3 17 1 4 10 2 4 16 1 5 11 1 5 15 1 5 17 1 6 11 2 6 16 1 7 12 1 7 16 1 7 17 1 8 14 1 8 15 1 9 12 1
R 41022 54 81 6 252 3 4 5 1 2 3 0 1 3 3 0 4 1 0 2 3 2 5 0 1 4 1 2 3 3 4 2 4 3 1 5 4 0 5 2 1 0 2 3 0 3 4 2 1 0 2 0 3 4 1 2 1 0 3 0 1 2 0 5 4 2 5 4 1 2 5 3 4 5 0 4 1 5 3 2 4 5 5 1 0 3 | 18 24  0 7 1 0 12 1 0 13 1 1 8 1 1 13 1 1 17 1 2 9 2 2 15 1 3 10 2 3 15 1 4 11 1 4 12 1 4 17 1 5 11 2 5 13 1 6 12 1 6 14 1 6 17 1 7 14 1 7 16 1 8 14 1 8 15 1 9 16 1 10 16 1
R 82809 54 81 6 182 3 4 5 0 3 2 0 1 2 0 3 1 0 4 2 5 1 2 3 0 4 1 2 3 4 5 0 4 5 1 1 4 2 4 0 2 0 2 3 5 2 3 1 3 5 0 1 2 3 4 1 0 1 3 0 1 2 1 4 5 3 5 4 2 5 4 3 1 5 3 0 4 1 5 2 4 5 3 2 0 0 | 18 26  0 7 1 0 12 1 0 14 1 1 8 1 1 14 1 1 17 1 2 9 1 2 10 1 2 12 1 3 9 1 3 12 1 3 13 1 4 10 1 4 13 1 4 15 1 5 11 1 5 16 1 5 17 1 6 11 2 6 16 1 7 15 1 7 16 1 8 15 1 8 17 1 9 13 1 10 14 1
R 3523 54 81 6 632 3 1 2 1 4 0 5 3 4 0 1 2 1 2 0 0 4 3 3 5 4 1 2 0 0 2 1 2 0 1 2 1 5 0 2 3 3 4 1 3 4 1 0 2 3 0 1 4 1 4 0 0 2 5 4 5 0 3 2 5 0 1 2 3 4 5 4 5 3 2 5 1 0 2 1 4 5 3 3 5 4 | 18 21  0 8 2 0 12 1 1 9 1 1 13 2 2 10 1 2 11 1 2 15 1 3 10 2 3 15 1 4 11 2 4 16 1 5 12 2 5 14 1 6 13 1 6 16 1 6 17 1 7 14 2 7 15 1 8 17 1 9 16 1 9 17 1
R 36334 54 81 6 96 3 4 5 1 3 2 0 4 5 0 4 1 1 2 0 1 2 0 2 3 1 2 5 4 1 2 3 2 4 1 0 2 3 1 0 2 3 1 0 2 0 4 3 4 1 2 0 3 0 1 5 4 1 2 0 1 2 0 4 5 3 2 1 3 2 5 4 3 5 5 4 3 0 4 5 1 3 0 4 5 5 | 18 27  0 8 1 0 10 1 0 16 1 1 9 1 1 10 1 1 11 1 2 9 1 2 12 1 2 13 1 3 11 1 3 14 1 3 15 1 4 12 1 4 13 1 4 14 1 5 13 1 5 15 1 5 17 1 6 14 1 6 16 1 6 17 1 7 15 1 7 16 1 7 17 1 8 11 1 8 12 1 9 10 1
R 22183 54 81 6 3023 3 1 2 1 2 5 0 2 1 3 0 2 3 5 4 4 0 1 4 2 5 0 3 2 0 2 1 3 0 1 2 0 5 1 4 3 1 5 2 4 5 0 0 5 2 3 4 5 1 4 0 3 1 4 4 5 0 4 3 0 5 3 4 1 4 5 0 1 2 5 3 2 0 3 1 4 1 5 3 2 2 | 18 24  0 8 2 0 15 1 1 9 1 1 10 1 1 17 1 2 9 1 2 13 1 2 14 1 3 10 2 3 16 1 4 11 1 4 14 1 4 16 1 5 11 1 5 14 1 5 17 1 6 12 2 6 13 1 7 12 1 7 15 1 7 17 1 8 16 1 9 15 1 11 13 1
R 75282 54 81 6 85 3 4 5 5 0 3 1 2 0 1 2 5 0 4 2 2 4 5 3 0 1 1 2 3 4 1 3 0 2 3 3 0 1 1 0 2 4 2 5 1 2 3 1 0 4 0 3 5 3 0 4 1 4 2 0 1 2 2 1 4 4 3 5 4 0 3 5 3 1 3 1 0 4 5 2 4 5 0 5 5 2 | 18 26  0 7 1 0 9 1 0 14 1 1 8 1 1 12 1 1 13 1 2 9 1 2 12 1 2 13 1 3 10 1 3 13 1 3 17 1 4 10 1 4 14 1 4 16 1 5 11 1 5 15 1 5 17 1 6 11 2 6 16 1 7 15 1 7 16 1 8 12 1 8 17 1 9 14 1 10 15 1
R 18788 54 81 6 8404 3 4 5 3 0 1 4 5 2 4 2 3 0 3 4 5 0 1 3 1 2 2 1 0 1 2 3 4 1 0 3 2 1 3 5 4 2 1 0 0 2 5 3 0 1 0 5 4 2 1 4 0 2 3 0 1 2 2 5 4 3 0 1 0 5 1 2 5 1 4 2 3 5 0 4 3 4 5 4 5 3 | 18 24  0 8 1 0 13 1 0 14 1 1 9 2 1 10 1 2 9 1 2 11 2 3 10 2 3 15 1 4 11 1 4 16 1 4 17 1 5 12 1 5 15 1 5 16 1 6 12 1 6 16 1 6 17 1 7 13 1 7 14 1 7 17 1 8 13 1 8 14 1 12 15 1
R 22964 54 81 6 370 3 4 5 3 4 0 0 1 4 1 2 5 4 1 5 0 3 5 1 2 3 0 1 2 1 2 3 2 0 4 1 4 3 5 3 1 0 2 3 0 1 4 1 3 5 0 1 2 0 2 4 3 1 0 0 1 2 1 2 5 3 2 5 0 3 4 0 3 2 2 4 1 4 5 0 5 3 4 4 5 5 | 18 25  0 8 1 0 12 1 0 13 1 1 9 1 1 10 2 2 9 1 2 14 1 2 16 1 3 10 1 3 16 1 3 17 1 4 11 1 4 15 1 4 17 1 5 11 2 5 16 1 6 12 1 6 13 1 6 14 1 7 12 1 7 13 1 7 14 1 8 15 1 8 17 1 9 15 1
R 85645 54 81 6 250 3 4 5 1 0 2 1 0 2 1 2 5 4 0 1 5 3 4 0 1 2 1 2 3 2 4 1 5 2 4 2 3 4 0 2 3 1 0 3 2 0 5 1 3 0 2 4 0 1 0 4 3 5 2 0 1 2 3 4 5 3 4 5 0 3 4 5 2 3 0 1 2 5 3 4 4 5 5 0 1 1 | 18 27  0 7 1 0 11 1 0 12 1 1 8 1 1 11 1 1 12 1 2 9 1 2 12 1 2 14 1 3 9 1 3 13 1 3 14 1 4 10 1 4 14 1 4 15 1 5 10 1 5 15 1 5 16 1 6 11 1 6 16 1 6 17 1 7 13 1 7 15 1 8 16 1 8 17 1 9 13 1 10 17 1
R 30447 54 81 6 2490 3 4 5 5 0 3 1 2 3 5 2 4 1 0 4 1 2 3 0 1 2 0 2 4 1 2 3 3 4 5 3 4 2 0 2 3 0 1 4 1 4 5 5 1 0 2 1 0 0 2 3 1 0 3 0 1 2 1 2 4 0 5 4 0 1 3 5 3 2 4 5 0 5 3 4 3 1 5 4 5 2 | 18 26  0 8 1 0 11 1 0 12 1 1 9 1 1 13 1 1 15 1 2 9 1 2 16 1 2 17 1 3 10 2 3 14 1 4 10 1 4 15 1 4 17 1 5 11 1 5 12 1 5 13 1 6 11 1 6 13 1 6 16 1 7 12 1 7 16 1 7 17 1 8 14 1 8 15 1 9 14 1
R 13838 54 81 6 1019 3 1 2 1 2 4 3 5 0 3 0 2 4 5 1 1 0 3 3 2 5 0 4 1 0 2 1 0 3 1 5 3 2 1 5 0 5 3 4 0 1 2 3 4 5 0 2 5 4 2 3 1 0 2 4 5 0 5 0 3 2 1 4 4 5 1 2 3 0 2 4 5 0 4 1 3 2 5 3 4 1 | 18 24  0 8 2 0 14 1 1 9 1 1 10 1 1 17 1 2 9 1 2 10 2 3 11 1 3 13 1 3 14 1 4 11 2 4 16 1 5 12 1 5 13 1 5 17 1 6 12 1 6 15 1 6 16 1 7 13 1 7 14 1 7 16 1 8 15 1 9 17 1 12 15 1
R 44399 54 81 6 1219 3 1 2 2 4 1 0 2 4 0 2 3 0 5 4 2 5 3 0 1 3 0 2 1 0 1 2 4 3 5 3 4 5 3 4 2 3 1 5 1 3 0 1 0 2 1 4 2 0 1 5 4 0 3 4 5 0 3 0 5 1 5 3 1 4 5 1 3 2 0 4 1 2 4 5 3 4 5 2 0 2 | 18 24  0 7 2 0 10 1 1 8 1 1 11 2 2 9 1 2 13 1 2 14 1 3 10 1 3 14 1 3 15 1 4 11 1 4 15 1 4 16 1 5 12 1 5 13 1 5 17 1 6 12 2 6 14 1 7 16 1 8 16 1 8 17 1 9 13 1 9 15 1 10 17 1
R 69834 54 81 6 15206 3 4 5 2 1 0 1 2 5 2 4 5 3 2 4 3 0 1 0 4 2 1 2 3 3 0 1 0 2 3 5 4 0 4 2 1 1 0 2 3 0 2 3 1 4 1 0 4 0 3 5 1 3 5 0 1 2 4 5 3 4 3 0 1 3 0 0 5 1 4 5 2 5 3 1 5 4 2 5 2 4 | 18 24  0 7 1 0 9 1 0 15 1 1 8 2 1 10 1 2 9 1 2 11 1 2 14 1 3 10 1 3 12 1 3 17 1 4 11 2 4 13 1 5 12 2 5 14 1 6 13 1 6 15 1 6 16 1 7 15 1 7 16 1 8 16 1 9 14 1 10 17 1 13 17 1
R 35018 54 81 6 134 3 4 5 2 1 3 1 3 0 1 2 0 0 1 4 0 2 5 1 2 4 0 4 5 1 2 3 0 3 5 0 2 3 0 1 4 4 2 0 4 2 1 3 0 5 2 1 0 5 3 1 4 2 0 0 1 2 4 5 0 2 4 5 4 3 5 5 3 2 3 4 1 5 3 0 1 2 3 4 5 1 | 18 27  0 8 1 0 10 1 0 11 1 1 9 1 1 11 1 1 13 1 2 9 1 2 16 1 2 17 1 3 10 1 3 12 1 3 13 1 4 10 1 4 13 1 4 14 1 5 11 1 5 15 1 5 17 1 6 12 1 6 15 1 6 16 1 7 14 1 7 16 1 7 17 1 8 14 1 8 15 1 9 12 1
R 78282 54 81 6 75 3 4 5 0 1 2 1 2 0 5 0 2 4 1 3 1 3 4 5 1 0 1 2 3 2 3 0 0 2 3 2 3 0 1 2 0 4 3 0 1 0 4 3 0 4 0 3 1 2 1 4 4 5 2 0 1 2 4 3 5 4 5 3 3 4 1 5 2 0 2 5 0 2 4 3 4 5 1 5 5 1 | 18 25  0 7 1 0 9 1 0 13 1 1 8 1 1 13 1 1 15 1 2 9 1 2 10 1 2 17 1 3 11 2 3 12 1 4 11 1 4 15 1 4 17 1 5 12 2 5 16 1 6 14 1 6 15 1 6 16 1 7 10 1 7 13 1 8 14 1 8 16 1 9 14 1 10 17 1
R 38540 54 81 6 155 1 2 3 0 2 3 0 4 2 2 4 0 1 2 0 1 0 4 3 4 5 2 3 4 3 4 5 0 2 1 0 1 4 2 5 0 3 4 0 2 1 3 4 5 0 1 2 3 4 0 3 0 1 3 0 4 5 1 4 5 3 1 5 3 1 5 5 4 3 3 2 5 1 2 0 5 0 1 2 2 4 | 18 26  0 8 1 0 9 2 1 8 1 1 15 1 1 16 1 2 9 1 2 16 1 2 17 1 3 10 1 3 12 1 3 13 1 4 10 1 4 13 1 4 14 1 5 11 1 5 12 1 5 15 1 6 11 1 6 14 1 6 15 1 7 12 1 7 13 1 7 14 1 8 17 1 10 16 1 11 17 1
R 61461 54 81 6 858 3 4 5 0 1 2 4 3 0 0 1 2 0 3 2 0 3 1 5 1 4 1 2 3 5 2 1 1 0 2 2 3 5 4 1 3 3 1 2 0 2 5 0 1 3 1 3 0 2 4 5 0 4 1 0 1 2 3 4 5 5 2 1 4 5 3 1 4 5 5 4 2 0 2 3 4 5 0 4 3 0 | 18 25  0 7 1 0 13 1 0 14 1 1 8 2 1 14 1 2 9 1 2 15 1 2 16 1 3 10 1 3 12 1 3 13 1 4 10 1 4 14 1 4 15 1 5 11 1 5 12 1 5 17 1 6 11 2 6 16 1 7 13 1 7 17 1 8 16 1 9 15 1 9 17 1 10 12 1
R 65510 54 81 6 206 3 4 5 3 5 0 0 3 4 1 0 2 1 0 2 2 0 1 3 4 5 1 2 3 1 0 5 1 4 3 0 2 5 2 4 5 2 0 5 5 4 2 0 1 3 3 1 0 4 1 2 4 2 1 0 1 2 2 4 1 2 5 1 3 4 5 3 4 5 3 4 5 0 1 2 4 5 3 0 3 0 | 18 23  0 7 1 0 10 1 0 14 1 1 8 2 1 11 1 2 9 2 2 12 1 3 11 1 3 14 1 3 15 1 4 12 2 4 14 1 5 13 1 5 15 1 5 17 1 6 13 2 6 15 1 7 10 1 7 16 1 8 16 1 9 16 1 10 17 1 11 17 1
R 12905 54 81 6 195 3 1 2 0 2 3 1 5 2 0 3 1 2 4 1 4 0 3 3 4 0 5 0 2 0 2 1 3 4 5 2 3 1 1 2 0 0 1 3 0 4 2 3 4 5 1 0 3 2 0 4 4 0 1 4 5 0 1 4 5 0 4 3 4 2 5 3 0 5 2 5 1 5 1 2 1 4 3 3 2 5 | 18 26  0 8 2 0 9 1 1 9 1 1 11 1 1 12 1 2 10 1 2 12 1 2 13 1 3 10 1 3 14 1 3 17 1 4 11 1 4 14 1 4 16 1 5 12 1 5 15 1 5 16 1 6 13 1 6 14 1 6 15 1 7 13 1 7 15 1 7 17 1 8 16 1 9 17 1 10 11 1
R 25919 54 81 6 121 3 4 5 3 2 4 0 1 4 0 1 2 3 4 5 3 4 2 1 0 2 0 1 5 1 2 3 5 4 2 2 3 0 2 0 4 0 4 3 1 0 4 1 4 2 1 3 2 0 3 1 3 0 1 0 1 2 0 1 5 3 5 2 4 3 5 1 0 2 1 0 5 3 5 4 2 3 4 5 4 5 | 18 25  0 8 1 0 12 1 0 13 1 1 9 2 1 12 1 2 9 1 2 15 1 2 17 1 3 10 1 3 13 1 3 16 1 4 10 1 4 15 1 4 16 1 5 11 1 5 14 1 5 17 1 6 11 2 6 16 1 7 12 1 7 14 1 7 15 1 8 13 1 8 17 1 10 14 1
R 33760 54 81 6 3246 3 4 5 0 1 2 0 3 1 2 3 5 1 0 4 0 3 2 0 5 4 2 3 1 1 2 3 4 5 1 1 5 3 1 3 2 0 2 3 3 5 4 1 0 2 0 3 4 3 0 2 2 0 1 0 1 2 3 5 4 2 5 4 0 4 1 2 5 3 4 1 5 2 3 1 0 5 4 4 5 0 | 18 26  0 8 1 0 12 1 0 15 1 1 9 1 1 11 1 1 12 1 2 9 1 2 12 1 2 17 1 3 10 2 3 15 1 4 10 1 4 16 1 4 17 1 5 11 1 5 13 1 5 14 1 6 13 1 6 14 1 6 16 1 7 13 1 7 15 1 7 16 1 8 14 1 8 17 1 9 11 1
R 40473 54 81 6 3264 3 1 2 4 5 3 5 1 4 2 3 0 0 2 3 1 0 2 4 3 2 0 2 1 0 2 5 3 4 1 1 0 3 3 4 5 2 3 0 0 1 3 2 4 5 1 2 0 4 1 5 4 0 1 4 5 0 1 2 0 0 2 3 4 5 1 1 4 5 4 5 3 1 5 0 3 4 3 5 2 2 | 18 23  0 7 2 0 11 1 1 8 1 1 13 1 1 14 1 2 9 2 2 14 1 3 10 2 3 14 1 4 11 1 4 15 1 4 17 1 5 12 1 5 13 1 5 17 1 6 12 2 6 16 1 7 16 1 8 13 1 8 15 1 9 15 1 10 16 1 11 17 1
R 43967 54 81 6 84 3 4 5 5 2 3 0 1 2 1 0 4 0 1 4 3 1 4 5 0 2 1 2 3 0 3 2 2 3 0 2 0 5 4 1 3 2 0 4 1 0 4 0 3 1 0 3 1 0 2 4 2 1 3 0 1 2 1 4 0 4 3 5 3 2 5 2 5 3 5 2 0 1 3 4 5 4 5 5 1 4 | 18 24  0 7 1 0 10 1 0 13 1 1 8 2 1 11 1 2 9 1 2 13 1 2 15 1 3 10 1 3 14 1 3 17 1 4 11 2 4 16 1 5 12 1 5 15 1 5 17 1 6 12 2 6 15 1 7 13 1 7 14 1 8 16 1 9 14 1 9 16 1 10 17 1
R 39601 54 81 6 259 3 4 5 1 3 4 3 1 4 2 5 4 1 2 0 0 1 2 2 0 3 1 2 3 0 4 3 2 4 1 3 1 5 0 2 3 2 1 5 3 0 5 1 0 4 1 0 2 5 0 2 0 3 4 0 1 2 2 5 0 0 5 2 0 3 1 4 5 3 3 4 5 1 4 5 4 5 1 3 4 2 | 18 22  0 7 1 0 11 1 0 14 1 1 8 2 1 12 1 2 9 2 2 13 1 3 10 1 3 15 1 3 17 1 4 11 2 4 14 1 5 12 2 5 14 1 6 13 2 6 15 1 7 15 1 7 17 1 8 16 1 9 16 1 10 16 1 10 17 1
R 25442 54 81 6 460 3 4 5 1 2 0 0 2 1 4 3 1 2 0 4 5 3 1 4 2 5 0 4 2 1 2 3 3 0 1 4 2 1 4 5 0 0 1 2 2 3 1 5 3 4 0 2 4 1 0 4 0 3 5 0 1 2 4 3 5 5 4 3 0 2 5 1 3 5 2 4 0 3 0 1 5 3 1 5 4 2 | 18 26  0 8 1 0 15 1 0 16 1 1 9 1 1 10 2 2 9 1 2 13 1 2 15 1 3 10 1 3 14 1 3 15 1 4 11 1 4 12 1 4 13 1 5 11 1 5 12 1 5 14 1 6 11 1 6 13 1 6 14 1 7 12 1 7 16 1 7 17 1 8 16 1 8 17 1 9 17 1
R 51431 54 81 6 1102 3 4 5 1 0 4 5 1 0 1 2 0 4 3 2 1 0 2 5 4 2 1 2 3 3 4 5 0 3 1 0 2 3 0 2 3 2 0 4 1 2 4 3 4 0 5 4 1 5 1 2 1 0 4 0 1 2 2 5 3 4 3 2 4 5 3 1 5 0 4 5 3 1 0 3 4 5 1 0 5 2 | 18 25  0 7 1 0 10 1 0 17 1 1 8 1 1 12 1 1 13 1 2 9 1 2 12 1 2 15 1 3 10 2 3 15 1 4 11 2 4 13 1 5 11 1 5 14 1 5 17 1 6 14 1 6 15 1 6 16 1 7 16 1 7 17 1 8 12 1 8 16 1 9 13 1 9 14 1
R 32629 54 81 6 151 3 4 5 1 5 2 0 3 5 4 1 2 5 0 3 0 2 1 1 4 2 0 3 5 1 2 3 2 0 1 3 0 4 0 2 3 1 0 4 3 1 2 2 3 5 3 1 4 5 2 0 0 1 5 0 1 2 3 4 0 4 1 2 5 0 3 1 2 4 3 4 5 5 0 3 4 2 1 5 4 5 | 18 26  0 8 1 0 11 1 0 12 1 1 9 1 1 11 1 1 13 1 2 9 1 2 14 1 2 17 1 3 10 1 3 15 1 3 17 1 4 10 2 4 16 1 5 12 1 5 14 1 5 15 1 6 13 1 6 14 1 6 16 1 7 13 1 7 15 1 7 16 1 8 12 1 8 17 1 9 11 1
R 82518 54 81 6 517 3 4 5 0 1 2 0 1 3 3 4 2 1 5 2 1 5 3 4 0 5 1 2 3 2 3 0 5 4 0 2 1 0 1 4 3 0 2 3 1 0 4 3 4 5 0 1 2 0 3 2 4 2 1 0 1 2 4 3 5 2 4 5 1 0 5 3 4 0 2 4 0 2 3 1 4 5 1 5 3 5 | 18 26  0 7 1 0 12 1 0 13 1 1 8 1 1 13 1 1 16 1 2 9 1 2 10 1 2 13 1 3 9 1 3 11 2 4 10 1 4 12 1 4 14 1 5 11 1 5 16 1 5 17 1 6 14 1 6 15 1 6 16 1 7 15 1 7 17 1 8 14 1 8 15 1 9 17 1 10 12 1
R 93638 54 81 6 81 3 4 5 2 5 3 1 0 4 0 2 4 1 2 0 0 2 4 1 2 3 0 3 5 2 4 1 4 1 0 0 2 3 1 0 4 4 1 2 0 1 3 1 3 4 1 2 0 0 5 2 0 3 4 0 1 2 1 0 4 3 2 5 5 3 1 4 3 5 3 5 1 4 5 2 4 0 5 3 2 5 | 18 27  0 6 1 0 10 1 0 11 1 1 7 1 1 12 1 1 13 1 2 8 1 2 13 1 2 14 1 3 9 1 3 15 1 3 16 1 4 10 1 4 12 1 4 13 1 5 11 1 5 12 1 5 17 1 6 16 1 6 17 1 7 14 1 7 15 1 8 14 1 8 15 1 9 16 1 9 17 1 10 11 1
R 44351 54 81 6 16141 3 1 2 5 1 0 3 0 4 0 2 3 2 1 5 0 1 3 4 3 2 0 2 1 2 0 1 2 4 5 3 4 5 3 4 5 2 3 0 1 0 4 1 2 3 1 0 5 4 1 3 4 2 0 4 5 0 3 4 2 1 2 5 1 5 4 0 4 3 4 2 5 1 5 0 3 5 3 0 2 1 | 18 24  0 7 2 0 10 1 1 8 2 1 11 1 2 9 1 2 13 1 2 14 1 3 10 1 3 13 1 3 15 1 4 11 1 4 14 1 4 17 1 5 12 1 5 15 1 5 17 1 6 12 2 6 16 1 7 15 1 8 16 1 9 13 1 9 14 1 10 16 1 11 17 1
R 89194 54 81 6 235 3 4 5 1 0 3 2 1 4 1 5 3 1 0 2 5 3 4 0 2 1 1 2 3 3 4 0 0 2 5 4 5 2 4 3 2 1 0 4 2 0 1 1 2 3 0 2 3 5 4 0 0 3 1 0 1 2 2 4 5 3 0 5 0 4 2 5 3 4 0 1 2 3 4 5 4 5 5 1 3 1 | 18 26  0 7 1 0 9 1 0 12 1 1 8 1 1 13 1 1 14 1 2 10 1 2 14 1 2 17 1 3 10 1 3 15 1 3 17 1 4 11 1 4 16 1 4 17 1 5 11 2 5 16 1 6 12 1 6 14 1 6 15 1 7 9 1 7 12 1 8 13 1 8 15 1 9 13 1 10 16 1
R 94993 54 81 6 87 3 4 5 2 4 3 3 5 4 0 1 2 1 0 2 0 2 1 1 2 3 3 1 5 1 2 3 4 5 0 0 2 5 0 4 2 1 0 4 0 2 3 1 0 3 5 0 1 0 3 2 3 1 0 0 1 2 0 1 5 0 1 2 3 4 5 3 5 4 3 4 5 4 5 4 2 4 5 2 1 3 | 18 26  0 6 1 0 10 1 0 12 1 1 7 1 1 11 2 2 8 1 2 13 1 2 14 1 3 9 1 3 14 1 3 16 1 4 11 1 4 13 1 4 17 1 5 12 1 5 13 1 5 14 1 6 10 1 6 12 1 7 16 1 7 17 1 8 15 1 8 17 1 9 15 1 9 16 1 10 15 1
R 21925 54 81 6 118503 3 1 2 2 3 5 0 1 4 1 0 3 3 0 2 0 2 5 0 3 1 4 1 2 0 2 1 4 5 2 3 0 2 1 2 5 2 1 3 1 3 4 3 4 5 2 4 0 1 5 0 2 0 3 4 5 0 0 1 4 3 2 5 4 5 2 4 5 1 3 1 4 4 2 5 0 5 3 3 1 0 | 18 24  0 8 2 0 14 1 1 9 1 1 10 1 1 17 1 2 9 1 2 13 1 2 17 1 3 10 2 3 16 1 4 11 1 4 13 1 4 14 1 5 11 1 5 15 1 5 16 1 6 12 1 6 14 1 6 15 1 7 12 2 7 15 1 8 16 1 9 17 1 11 13 1
R 54804 54 81 6 239 1 2 3 0 3 4 1 0 2 0 4 2 5 1 4 3 5 4 2 0 1 3 4 5 2 5 3 4 2 0 0 2 1 2 1 4 0 1 4 3 5 2 3 1 0 4 3 2 0 3 4 5 0 3 0 4 5 1 5 2 3 5 4 3 5 1 3 0 2 0 1 2 3 5 4 1 2 4 0 1 5 | 18 26  0 7 1 0 10 2 1 8 1 1 11 1 1 12 1 2 9 1 2 12 1 2 13 1 3 10 1 3 14 1 3 17 1 4 11 1 4 13 1 4 14 1 5 11 1 5 13 1 5 16 1 6 12 1 6 15 1 6 17 1 7 16 1 7 17 1 8 14 1 8 15 1 9 15 1 9 16 1
R 60987 54 81 6 135 3 4 5 1 3 2 0 1 4 0 5 4 1 2 0 0 1 2 3 2 5 1 2 3 2 4 3 2 4 1 3 1 0 5 2 4 0 2 3 1 0 2 2 0 4 3 0 4 1 3 2 1 0 3 0 1 2 0 4 5 3 5 2 2 3 1 4 3 5 3 5 4 0 1 4 4 5 1 5 0 5 | 18 25  0 7 1 0 12 1 0 17 1 1 8 1 1 12 1 1 13 1 2 9 2 2 15 1 3 10 1 3 13 1 3 14 1 4 10 1 4 14 1 4 17 1 5 11 1 5 15 1 5 17 1 6 11 2 6 16 1 7 13 1 7 14 1 8 15 1 8 16 1 9 16 1 10 12 1
R 67678 54 81 6 77 3 4 5 3 4 1 0 2 4 1 2 0 0 1 3 0 2 5 5 0 1 1 2 3 0 1 4 1 4 2 0 2 3 0 1 4 2 3 1 3 0 2 1 4 5 2 0 1 2 1 0 4 0 3 0 1 2 2 5 0 3 5 1 4 5 3 5 2 4 3 4 1 4 3 2 4 5 3 5 0 5 | 18 27  0 7 1 0 10 1 0 11 1 1 8 1 1 11 1 1 12 1 2 9 1 2 12 1 2 13 1 3 10 1 3 13 1 3 14 1 4 10 1 4 14 1 4 15 1 5 11 1 5 16 1 5 17 1 6 12 1 6 16 1 6 17 1 7 13 1 7 16 1 8 15 1 8 17 1 9 14 1 9 15 1
R 32632 54 81 6 118 3 4 5 1 5 2 0 3 5 0 1 4 2 3 1 0 2 4 1 4 3 0 2 5 1 2 3 2 0 1 3 4 1 0 2 3 1 0 4 3 1 5 2 0 1 3 4 0 5 3 2 2 0 4 0 1 2 3 4 0 4 2 1 2 5 3 0 4 5 3 5 1 2 5 0 4 1 3 5 4 5 | 18 26  0 8 1 0 11 1 0 12 1 1 9 1 1 11 1 1 13 1 2 9 1 2 15 1 2 17 1 3 10 2 3 14 1 4 10 1 4 16 1 4 17 1 5 12 1 5 14 1 5 15 1 6 13 1 6 15 1 6 16 1 7 13 1 7 16 1 7 17 1 8 12 1 8 14 1 9 11 1
R 78214 54 81 6 448 3 4 5 2 5 3 1 0 4 0 1 2 5 2 3 1 0 2 3 4 0 1 2 3 1 0 2 4 0 3 2 1 0 4 5 2 1 3 0 2 4 5 4 3 1 1 2 3 0 5 4 0 1 3 0 1 2 4 0 1 2 5 3 3 5 4 4 0 1 3 5 4 1 2 5 4 5 3 5 2 0 | 18 24  0 7 1 0 9 1 0 17 1 1 8 1 1 11 2 2 9 2 2 10 1 3 11 1 3 12 1 3 17 1 4 12 1 4 15 1 4 16 1 5 13 1 5 14 1 5 15 1 6 13 1 6 14 1 6 15 1 7 10 2 8 16 1 8 17 1 12 16 1 13 14 1
R 20579 54 81 6 16041 3 1 2 0 5 4 1 2 4 3 2 0 3 0 2 4 0 1 0 1 3 2 3 5 0 2 1 3 4 0 1 5 0 1 2 5 5 3 4 0 2 1 3 1 2 3 4 5 2 4 0 1 4 3 4 5 0 1 2 3 5 3 0 4 1 5 4 5 1 3 5 2 2 4 5 0 1 4 3 2 0 | 18 24  0 8 2 0 15 1 1 9 1 1 10 2 2 9 1 2 13 1 2 14 1 3 10 1 3 16 1 3 17 1 4 11 1 4 13 1 4 15 1 5 11 1 5 14 1 5 15 1 6 12 1 6 13 1 6 16 1 7 12 2 7 14 1 8 16 1 9 17 1 11 17 1
R 86226 54 81 6 2793 3 4 5 3 0 5 1 5 2 4 5 0 1 0 2 3 4 5 0 1 2 1 2 3 2 5 4 2 4 1 2 4 0 0 2 3 1 0 5 3 0 4 1 3 2 1 0 4 0 1 5 1 2 3 0 1 2 1 2 4 0 4 3 3 2 1 3 5 4 1 0 2 5 3 4 4 5 3 0 5 5 | 18 27  0 7 1 0 11 1 0 13 1 1 8 1 1 16 1 1 17 1 2 9 1 2 11 1 2 12 1 3 9 1 3 12 1 3 13 1 4 10 1 4 13 1 4 14 1 5 10 1 5 14 1 5 15 1 6 14 1 6 15 1 6 16 1 7 12 1 7 15 1 8 16 1 8 17 1 9 11 1 10 17 1
R 17570 54 81 6 182 3 4 5 4 2 5 3 0 1 1 0 3 1 2 0 0 4 2 5 1 3 2 4 5 1 2 3 1 5 2 3 0 4 0 2 3 3 1 2 1 0 4 3 2 0 5 1 4 2 0 1 3 4 0 0 1 2 0 3 1 4 5 2 2 5 4 4 5 3 5 3 1 0 4 2 1 0 3 4 5 5 | 18 24  0 8 1 0 11 1 0 13 1 1 9 2 1 10 1 2 9 1 2 16 1 2 17 1 3 10 2 3 16 1 4 11 1 4 14 1 4 15 1 5 12 1 5 13 1 5 17 1 6 12 2 6 15 1 7 14 1 7 15 1 7 16 1 8 14 1 8 17 1 11 13 1
R 84386 54 81 6 201 3 4 5 0 1 2 4 1 3 0 3 4 0 2 1 0 1 2 0 5 1 1 2 3 2 3 5 2 3 4 0 1 4 3 5 1 3 2 4 0 2 5 1 0 4 5 1 4 3 0 2 3 0 2 0 1 2 4 3 5 0 2 5 5 1 2 3 4 5 4 5 3 2 3 4 4 5 0 1 1 0 | 18 26  0 7 1 0 13 1 0 14 1 1 8 1 1 14 1 1 16 1 2 9 1 2 10 2 3 9 1 3 12 1 3 15 1 4 10 1 4 16 1 4 17 1 5 11 1 5 12 1 5 13 1 6 11 1 6 15 1 6 17 1 7 13 1 7 14 1 8 15 1 8 16 1 9 17 1 11 12 1
R 39906 54 81 6 132 3 1 2 3 4 1 1 0 4 4 3 1 0 2 3 2 0 4 1 3 2 0 2 1 0 1 2 2 4 0 2 1 3 3 4 5 5 4 3 1 2 0 1 3 0 4 5 1 5 0 2 3 1 0 4 5 0 5 0 2 3 5 2 0 5 2 1 4 5 1 3 5 5 4 0 3 3 4 1 4 2 | 18 23  0 7 2 0 11 1 1 8 1 1 12 2 2 9 2 2 14 1 3 10 2 3 15 1 4 11 1 4 13 1 4 14 1 5 12 1 5 13 1 5 17 1 6 13 1 6 14 1 6 15 1 7 16 1 8 15 1 8 17 1 9 16 1 10 16 1 11 17 1
R 71487 54 81 6 509 3 4 5 3 5 4 0 1 2 2 1 5 1 2 4 1 0 3 3 4 0 1 2 3 1 0 3 2 0 5 2 5 3 3 4 5 1 0 4 0 4 1 2 0 1 0 3 2 1 0 2 4 3 2 0 1 2 2 0 1 4 3 5 4 3 0 0 3 5 2 4 5 2 5 1 5 4 4 5 3 1 | 18 26  0 7 1 0 9 1 0 12 1 1 8 1 1 10 2 2 9 1 2 12 1 2 13 1 3 10 1 3 16 1 3 17 1 4 11 1 4 14 1 4 15 1 5 11 1 5 15 1 5 16 1 6 13 1 6 14 1 6 15 1 7 12 1 7 14 1 8 16 1 8 17 1 9 13 1 11 17 1
R 4396 54 81 6 365 3 1 2 1 5 0 3 4 2 3 0 2 1 0 3 2 4 5 1 0 3 0 4 1 0 2 1 2 0 5 1 5 2 0 4 3 0 5 4 0 1 2 3 4 5 4 3 1 0 2 4 2 1 0 4 5 0 3 4 2 0 1 5 4 5 1 2 4 5 1 3 0 2 5 4 3 2 5 3 1 3 | 18 23  0 8 2 0 14 1 1 9 2 1 15 1 2 10 1 2 11 2 3 10 1 3 13 1 3 14 1 4 11 1 4 13 1 4 15 1 5 12 2 5 15 1 6 12 1 6 16 1 6 17 1 7 13 1 7 14 1 7 17 1 8 16 1 9 16 1 10 17 1
R 47778 54 81 6 131 3 1 2 2 3 5 2 0 1 0 2 3 4 2 5 3 0 1 0 2 3 0 2 1 1 0 2 4 1 0 3 4 5 5 2 3 1 2 3 4 1 5 3 1 2 2 0 3 0 4 5 4 0 1 4 5 0 4 0 1 3 5 4 1 4 5 0 1 3 4 2 5 5 4 1 3 5 3 2 2 0 | 18 24  0 7 2 0 10 1 1 8 1 1 14 1 1 15 1 2 9 2 2 15 1 3 10 1 3 11 1 3 17 1 4 11 2 4 13 1 5 12 1 5 13 1 5 14 1 6 12 1 6 14 1 6 16 1 7 16 1 8 15 1 8 17 1 9 16 1 10 17 1 12 13 1
R 38368 54 81 6 5029 3 4 5 0 2 1 1 2 3 0 2 4 1 3 5 1 0 3 2 5 0 0 5 4 1 2 3 0 2 4 1 4 2 3 0 2 1 0 4 3 0 1 5 2 4 0 1 5 4 0 1 0 2 3 0 1 2 4 3 5 5 0 4 3 5 1 0 2 4 4 5 2 3 4 1 2 3 1 5 3 5 | 18 25  0 8 1 0 9 1 0 15 1 1 8 1 1 14 1 1 16 1 2 9 1 2 14 1 2 15 1 3 10 2 3 11 1 4 10 1 4 13 1 4 17 1 5 11 2 5 16 1 6 12 1 6 13 1 6 14 1 7 12 1 7 15 1 7 17 1 8 13 1 9 16 1 12 17 1
R 5574 54 81 6 2808 3 4 5 1 4 0 3 2 5 1 4 5 3 2 5 1 0 4 1 0 2 0 2 1 1 2 3 5 0 4 5 4 2 4 5 2 2 1 5 0 2 3 1 0 4 1 0 3 0 3 2 3 0 1 0 1 2 2 3 5 1 0 4 0 3 2 0 1 4 3 5 2 3 4 5 4 5 3 4 5 1 | 18 24  0 8 1 0 13 1 0 15 1 1 9 2 1 15 1 2 10 1 2 12 1 2 17 1 3 10 2 3 14 1 4 11 2 4 15 1 5 11 1 5 16 1 5 17 1 6 12 1 6 13 1 6 14 1 7 12 1 7 13 1 7 14 1 8 16 1 8 17 1 9 16 1
R 12815 54 81 6 887 3 1 2 0 2 3 0 2 3 2 1 4 0 4 3 2 4 1 1 4 2 5 0 3 0 2 1 3 4 5 4 3 5 1 4 0 0 1 3 1 2 0 4 1 3 2 4 0 0 2 4 5 3 1 4 5 0 1 4 5 1 5 4 0 3 5 2 1 5 3 0 5 5 3 0 2 1 4 3 2 2 | 18 26  0 8 2 0 9 1 1 9 1 1 13 1 1 14 1 2 10 1 2 11 1 2 12 1 3 10 1 3 11 1 3 12 1 4 12 1 4 15 1 4 16 1 5 13 1 5 14 1 5 15 1 6 13 1 6 16 1 6 17 1 7 14 1 7 16 1 7 17 1 8 15 1 9 17 1 10 11 1
R 52116 54 81 6 218 1 2 3 0 2 4 1 0 3 0 4 1 5 1 3 4 2 3 1 0 2 3 4 5 4 1 5 2 5 0 0 2 1 4 3 1 2 1 3 3 0 4 5 0 4 0 5 3 1 4 2 0 3 4 0 4 5 3 5 1 4 2 5 3 2 5 0 2 4 5 0 1 4 5 3 1 2 0 2 1 3 | 18 25  0 7 1 0 10 2 1 8 1 1 12 1 1 13 1 2 9 1 2 14 1 2 16 1 3 10 1 3 13 1 3 17 1 4 11 2 4 15 1 5 11 1 5 16 1 5 17 1 6 12 1 6 13 1 6 14 1 7 14 1 7 15 1 8 12 1 8 17 1 9 15 1 9 16 1
R 16848 54 81 6 2434 3 1 2 1 3 2 0 2 4 1 4 5 0 2 3 4 3 5 1 0 2 1 3 0 0 2 1 4 2 3 5 3 2 3 4 5 1 5 3 1 0 2 0 2 4 3 0 4 1 0 5 4 0 1 4 5 0 0 4 5 1 5 3 0 3 2 1 4 5 0 2 1 4 5 3 5 2 4 3 1 2 | 18 24  0 8 2 0 11 1 1 9 1 1 10 1 1 17 1 2 9 2 2 13 1 3 10 1 3 14 1 3 16 1 4 11 1 4 13 1 4 14 1 5 12 2 5 14 1 6 12 1 6 15 1 6 17 1 7 13 1 7 15 1 7 16 1 8 16 1 10 15 1 11 17 1
R 44374 54 81 6 151 3 4 5 3 1 2 3 5 4 0 1 2 0 3 4 0 3 2 5 4 1 1 2 3 0 2 1 1 4 2 2 0 5 4 3 2 1 4 2 1 0 4 2 0 5 0 3 1 0 4 5 0 1 4 0 1 2 4 5 0 0 2 1 4 3 5 1 5 2 5 4 1 0 3 2 4 5 3 5 3 3 | 18 24  0 7 1 0 10 1 0 17 1 1 8 2 1 11 1 2 9 1 2 13 1 2 14 1 3 10 1 3 13 1 3 15 1 4 11 2 4 15 1 5 12 1 5 15 1 5 16 1 6 12 2 6 16 1 7 14 1 7 17 1 8 16 1 9 13 1 9 14 1 10 17 1
R 23378 54 81 6 727 3 4 5 3 4 1 0 1 2 2 5 0 0 1 2 0 4 1 3 4 0 2 5 3 1 2 3 2 1 3 0 4 3 5 4 1 1 3 0 0 2 3 0 1 4 3 5 2 0 2 5 2 1 4 0 1 2 0 2 5 4 5 3 1 4 3 3 5 4 2 5 3 2 5 1 4 1 0 4 5 0 | 18 25  0 8 1 0 13 1 0 14 1 1 9 1 1 10 2 2 9 2 2 14 1 3 10 1 3 15 1 3 17 1 4 11 1 4 12 1 4 13 1 5 11 1 5 13 1 5 16 1 6 12 1 6 14 1 6 15 1 7 12 1 7 16 1 7 17 1 8 16 1 8 17 1 11 15 1
R 83455 54 81 6 21205 3 4 5 4 0 2 5 1 2 0 3 1 0 3 1 4 0 2 5 2 3 1 2 3 2 5 4 2 0 1 1 3 2 3 2 4 0 2 3 3 2 0 0 1 4 4 1 3 0 2 1 1 0 4 0 1 2 1 3 5 3 0 4 4 2 5 4 5 2 5 1 3 0 1 4 4 5 0 3 5 5 | 18 26  0 7 1 0 12 1 0 17 1 1 8 1 1 14 1 1 15 1 2 9 1 2 10 1 2 12 1 3 9 1 3 15 1 3 16 1 4 10 1 4 13 1 4 14 1 5 11 1 5 13 1 5 17 1 6 11 2 6 16 1 7 13 1 7 14 1 8 15 1 8 16 1 9 12 1 10 17 1
R 86181 54 81 6 91 3 4 5 1 5 3 1 5 2 0 3 1 3 1 2 0 2 4 0 1 4 1 2 3 2 4 5 2 0 1 4 2 1 0 2 3 1 3 4 0 1 3 3 2 0 2 0 1 0 4 3 1 4 0 0 1 2 0 4 2 3 4 0 4 5 2 0 5 4 3 5 1 2 3 5 4 5 1 3 5 5 | 18 27  0 7 1 0 11 1 0 13 1 1 8 1 1 15 1 1 17 1 2 9 1 2 11 1 2 12 1 3 9 1 3 14 1 3 16 1 4 10 1 4 12 1 4 13 1 5 10 1 5 13 1 5 14 1 6 12 1 6 15 1 6 16 1 7 14 1 7 15 1 8 16 1 8 17 1 9 11 1 10 17 1
R 57588 54 81 6 3506 3 1 2 0 5 4 2 4 5 1 0 2 4 3 2 4 3 0 0 2 3 0 2 1 3 4 1 3 5 4 2 3 0 0 3 1 3 4 5 1 2 4 2 3 5 2 0 5 4 1 0 4 1 0 4 5 0 2 3 1 0 1 3 4 5 3 1 5 0 2 1 5 1 4 5 3 5 0 2 4 2 | 18 24  0 7 2 0 12 1 1 8 1 1 13 1 1 14 1 2 9 2 2 15 1 3 10 1 3 11 1 3 17 1 4 10 2 4 13 1 5 11 1 5 15 1 5 16 1 6 12 1 6 14 1 6 17 1 7 16 1 8 13 1 8 14 1 9 16 1 11 15 1 12 17 1
R 86920 54 81 6 185 3 4 5 2 0 4 0 3 4 0 1 2 0 1 2 2 0 1 5 2 3 1 2 3 1 4 0 2 4 5 5 2 1 1 2 3 1 0 4 0 2 3 0 1 5 2 3 5 0 2 4 4 3 1 0 1 2 5 3 1 1 5 2 3 4 5 3 5 4 4 3 5 4 1 0 4 5 3 2 0 0 | 18 27  0 7 1 0 13 1 0 14 1 1 8 1 1 14 1 1 15 1 2 9 1 2 11 1 2 12 1 3 9 1 3 14 1 3 17 1 4 10 1 4 12 1 4 13 1 5 10 1 5 12 1 5 13 1 6 11 1 6 16 1 6 17 1 7 15 1 7 16 1 8 16 1 8 17 1 9 11 1 10 15 1
R 90664 54 81 6 75 3 4 5 3 4 0 0 4 2 2 5 3 1 2 3 1 2 4 1 2 3 0 1 4 3 1 0 1 4 5 0 2 3 2 4 3 4 3 2 0 1 2 0 1 4 0 3 5 0 1 4 0 1 2 0 1 2 2 1 5 5 1 3 0 1 4 4 0 5 0 5 3 4 5 3 5 2 4 2 3 5 | 18 26  0 6 1 0 10 1 0 15 1 1 7 1 1 11 2 2 8 1 2 12 1 2 16 1 3 9 1 3 15 1 3 17 1 4 10 1 4 12 1 4 13 1 5 11 1 5 12 1 5 14 1 6 13 1 6 14 1 7 13 1 7 17 1 8 14 1 8 15 1 9 16 1 9 17 1 10 16 1
R 59260 54 81 6 292 3 4 5 0 1 2 0 1 3 0 3 1 1 0 2 4 2 5 4 0 2 1 2 3 2 3 0 2 3 1 2 1 3 5 2 3 0 2 5 1 0 4 3 2 4 4 0 1 1 4 2 0 3 4 0 1 2 4 3 5 4 5 2 5 4 2 4 3 5 0 1 3 5 3 1 4 5 1 5 0 0 | 18 25  0 7 1 0 12 1 0 13 1 1 8 1 1 13 1 1 17 1 2 9 2 2 15 1 3 10 1 3 11 1 3 17 1 4 10 1 4 12 1 4 15 1 5 11 2 5 16 1 6 14 1 6 15 1 6 17 1 7 12 1 7 13 1 8 14 1 8 16 1 9 16 1 10 14 1
R 40614 54 81 6 180 1 2 3 2 1 4 0 2 3 3 1 2 0 4 2 3 0 1 0 3 4 3 4 5 0 4 1 4 3 2 4 2 1 0 2 1 3 1 4 0 2 1 0 2 4 5 0 3 1 5 4 5 0 3 0 4 5 5 0 3 1 5 4 0 5 4 3 5 1 2 5 4 5 1 2 1 2 3 2 0 3 | 18 24  0 7 1 0 11 2 1 8 1 1 12 1 1 13 1 2 9 2 2 13 1 3 10 2 3 15 1 4 11 1 4 12 1 4 17 1 5 12 1 5 14 1 5 17 1 6 13 1 6 15 1 6 16 1 7 14 1 7 17 1 8 14 1 8 15 1 9 16 1 10 16 1
R 86121 54 81 6 163 3 4 5 0 2 4 1 5 2 0 3 1 5 1 2 0 1 2 0 1 3 1 2 3 4 5 2 2 0 1 2 0 5 0 2 3 1 2 3 3 0 2 4 5 3 0 1 3 4 0 1 4 2 3 0 1 2 3 5 1 3 4 0 4 5 2 3 0 4 4 5 3 4 2 5 4 5 1 0 5 1 | 18 27  0 7 1 0 11 1 0 15 1 1 8 1 1 12 1 1 13 1 2 9 1 2 11 1 2 12 1 3 9 1 3 13 1 3 14 1 4 10 1 4 14 1 4 15 1 5 10 1 5 15 1 5 16 1 6 12 1 6 16 1 6 17 1 7 13 1 7 16 1 8 14 1 8 17 1 9 11 1 10 17 1
R 27755 54 81 6 21929 3 4 5 0 1 2 0 3 1 0 5 3 2 4 1 5 2 3 4 0 1 5 2 0 1 2 3 4 5 1 1 4 5 0 3 2 1 3 2 0 2 3 0 1 3 5 2 1 3 0 5 2 0 4 0 1 2 3 5 4 2 5 4 2 4 1 0 3 5 1 4 0 5 2 3 4 3 1 4 5 0 | 18 25  0 8 1 0 13 1 0 14 1 1 9 1 1 12 1 1 13 1 2 9 1 2 13 1 2 15 1 3 10 1 3 12 1 3 17 1 4 10 2 4 14 1 5 11 2 5 15 1 6 11 1 6 16 1 6 17 1 7 14 1 7 15 1 7 16 1 8 16 1 8 17 1 9 12 1
R 25262 54 81 6 118 3 4 5 3 5 4 0 1 2 1 0 2 1 5 4 0 3 1 0 1 2 4 0 3 1 2 3 2 4 5 0 5 3 3 1 2 0 2 3 2 3 0 3 0 1 4 5 0 0 4 1 1 0 4 0 1 2 0 1 2 3 5 4 4 5 3 0 2 3 4 2 5 5 4 3 5 1 2 4 5 1 | 18 26  0 8 1 0 12 1 0 17 1 1 9 1 1 10 2 2 9 1 2 11 1 2 12 1 3 10 1 3 16 1 3 17 1 4 11 1 4 14 1 4 16 1 5 11 1 5 15 1 5 17 1 6 12 1 6 14 1 6 15 1 7 13 1 7 15 1 7 16 1 8 13 1 8 14 1 9 13 1
R 95280 54 81 6 160 3 4 5 0 1 2 1 0 3 5 2 0 3 4 5 1 0 2 1 2 3 2 3 0 2 3 1 4 0 1 0 2 5 2 0 3 1 0 4 4 0 1 4 0 3 1 3 0 1 2 4 2 3 4 0 1 2 4 3 5 4 2 5 3 1 4 1 2 0 4 5 3 4 5 5 1 5 0 2 5 3 | 18 26  0 6 1 0 10 1 0 12 1 1 7 1 1 12 1 1 14 1 2 8 1 2 13 1 2 16 1 3 9 1 3 14 1 3 15 1 4 11 1 4 15 1 4 17 1 5 11 2 5 16 1 6 10 1 6 12 1 7 13 1 7 17 1 8 15 1 8 16 1 9 14 1 9 17 1 10 13 1
R 25954 54 81 6 1500 3 4 5 1 3 4 0 1 2 0 1 2 4 3 2 2 0 1 3 4 5 0 1 5 1 2 3 2 5 3 2 3 5 4 1 0 0 2 3 1 0 5 1 0 4 3 0 2 1 4 2 0 4 3 0 1 2 0 5 2 4 3 5 4 3 5 0 1 5 3 5 4 2 0 1 4 3 2 4 5 1 | 18 25  0 8 1 0 12 1 0 14 1 1 9 1 1 12 1 1 13 1 2 9 1 2 14 1 2 15 1 3 10 1 3 13 1 3 17 1 4 10 2 4 16 1 5 11 2 5 15 1 6 11 1 6 16 1 6 17 1 7 12 1 7 16 1 7 17 1 8 13 1 8 14 1 9 15 1
R 24254 54 81 6 1158 3 4 5 1 3 2 0 5 2 0 5 3 0 2 5 1 4 5 1 2 3 0 1 4 1 2 3 2 0 1 3 5 1 5 4 3 0 2 3 4 3 5 1 0 2 1 0 2 2 4 0 0 3 1 0 1 2 4 0 5 3 1 4 2 4 1 1 3 4 0 2 3 4 0 5 2 3 5 4 5 5 | 18 25  0 8 1 0 12 1 0 17 1 1 9 1 1 10 1 1 17 1 2 9 1 2 13 1 2 15 1 3 10 2 3 16 1 4 11 1 4 15 1 4 17 1 5 11 2 5 16 1 6 12 1 6 13 1 6 14 1 7 13 1 7 14 1 7 15 1 8 14 1 8 16 1 9 12 1
R 66787 54 81 6 231 3 4 5 1 3 2 4 1 5 0 1 3 0 4 1 0 2 1 4 5 2 1 2 3 4 2 3 3 5 0 0 2 3 1 0 2 1 0 4 3 2 5 4 0 1 0 2 3 3 4 5 0 2 1 0 1 2 0 4 5 2 0 3 5 2 4 3 2 5 3 4 5 1 0 3 4 5 5 1 1 4 | 18 27  0 7 1 0 10 1 0 12 1 1 8 1 1 10 1 1 11 1 2 9 1 2 13 1 2 14 1 3 10 1 3 14 1 3 15 1 4 11 1 4 16 1 4 17 1 5 12 1 5 13 1 5 15 1 6 15 1 6 16 1 6 17 1 7 11 1 7 12 1 8 14 1 8 16 1 9 13 1 9 17 1
R 92740 54 81 6 5616 3 4 5 0 1 2 3 1 5 1 0 4 1 2 4 3 5 0 1 2 3 2 3 0 0 2 1 3 4 5 0 2 5 1 0 4 0 3 1 3 4 2 5 3 4 0 2 1 2 1 4 3 2 0 0 1 2 4 3 5 4 2 0 2 3 5 3 5 0 1 2 4 5 4 1 5 3 5 0 1 4 | 18 27  0 6 1 0 10 1 0 11 1 1 7 1 1 11 1 1 12 1 2 8 1 2 12 1 2 13 1 3 9 1 3 15 1 3 16 1 4 10 1 4 13 1 4 14 1 5 13 1 5 14 1 5 17 1 6 11 1 6 15 1 7 14 1 7 15 1 8 16 1 8 17 1 9 16 1 9 17 1 10 12 1
R 65519 54 81 6 731 3 4 5 2 4 3 1 2 5 1 0 2 0 1 4 0 3 2 4 1 5 1 2 3 5 0 3 0 5 2 0 2 5 1 4 2 4 1 2 5 1 2 0 1 3 3 1 0 0 3 4 5 0 4 0 1 2 1 0 5 3 4 0 3 4 5 3 5 2 4 5 1 0 3 2 4 5 4 2 1 3 | 18 23  0 7 1 0 10 1 0 14 1 1 8 1 1 11 2 2 9 2 2 12 1 3 11 1 3 14 1 3 15 1 4 12 2 4 15 1 5 13 1 5 14 1 5 17 1 6 13 2 6 16 1 7 10 1 7 16 1 8 15 1 8 17 1 9 16 1 10 17 1
R 15234 54 81 6 1506 3 1 2 4 3 1 2 1 5 0 2 3 0 2 3 0 3 4 2 4 1 4 1 0 0 2 1 5 1 0 3 2 5 3 4 5 4 3 1 1 2 0 4 1 3 2 4 0 0 4 2 4 0 3 4 5 0 2 0 5 3 4 0 4 1 5 1 4 5 2 5 1 3 0 5 5 2 3 3 1 2 | 18 24  0 8 2 0 11 1 1 9 1 1 10 1 1 17 1 2 9 2 2 12 1 3 10 1 3 15 1 3 16 1 4 11 1 4 13 1 4 14 1 5 12 2 5 16 1 6 13 1 6 14 1 6 15 1 7 13 1 7 14 1 7 16 1 8 15 1 10 17 1 11 17 1
R 33541 54 81 6 132 3 4 5 0 1 2 0 3 1 5 2 1 4 0 2 0 1 4 0 2 4 5 3 1 1 2 3 2 3 1 0 1 2 2 4 5 1 0 4 3 4 1 5 2 3 1 2 0 0 1 5 4 0 3 0 1 2 4 3 5 5 2 4 3 4 0 5 3 1 3 5 2 5 1 3 0 4 2 5 4 0 | 18 26  0 8 1 0 11 1 0 12 1 1 9 1 1 12 1 1 17 1 2 9 1 2 13 1 2 14 1 3 10 2 3 14 1 4 10 1 4 16 1 4 17 1 5 11 1 5 15 1 5 17 1 6 13 1 6 14 1 6 15 1 7 13 1 7 15 1 7 16 1 8 12 1 8 16 1 9 11 1
R 47836 54 81 6 187 3 4 5 0 2 5 2 1 5 1 2 0 3 4 5 1 3 0 3 0 2 1 2 3 1 5 2 3 5 1 0 2 3 4 2 1 2 0 1 0 2 5 0 3 4 4 0 5 1 4 3 3 0 1 0 1 2 3 4 1 0 4 3 4 3 5 0 1 2 4 5 2 5 1 4 4 5 0 2 5 3 | 18 24  0 7 1 0 10 1 0 14 1 1 8 2 1 14 1 2 9 2 2 15 1 3 10 1 3 11 2 4 11 1 4 13 1 4 17 1 5 12 1 5 14 1 5 15 1 6 12 1 6 15 1 6 17 1 7 13 1 7 16 1 8 16 1 9 16 1 10 17 1 12 13 1
R 41288 54 81 6 394 3 1 2 3 0 5 0 3 4 0 2 3 2 1 4 0 1 3 0 2 3 0 2 1 2 5 0 1 4 3 3 4 5 4 1 3 2 0 5 1 2 3 0 1 2 4 1 5 4 5 2 0 4 1 4 5 0 1 4 2 2 5 1 1 4 5 0 5 3 4 2 5 5 4 1 3 3 0 2 3 0 | 18 23  0 7 2 0 10 1 1 8 2 1 11 1 2 9 2 2 12 1 3 10 1 3 13 1 3 14 1 4 11 2 4 14 1 5 12 1 5 15 1 5 17 1 6 13 1 6 14 1 6 16 1 7 15 1 8 16 1 9 16 1 10 17 1 12 17 1 13 15 1
R 23565 54 81 6 142 3 4 5 4 2 0 1 3 0 3 1 4 1 3 0 0 4 2 2 4 5 3 2 1 1 2 3 0 3 2 1 2 4 2 0 1 3 4 0 1 2 4 1 5 3 0 4 2 1 0 4 3 0 5 0 1 2 1 3 5 4 5 2 0 5 2 4 2 5 5 3 1 1 3 0 5 0 4 5 4 3 | 18 25  0 8 1 0 15 1 0 16 1 1 9 1 1 10 2 2 9 2 2 14 1 3 10 1 3 15 1 3 17 1 4 11 1 4 12 1 4 13 1 5 11 1 5 16 1 5 17 1 6 12 1 6 13 1 6 14 1 7 12 1 7 13 1 7 14 1 8 16 1 8 17 1 11 15 1
R 23021 54 81 6 157 3 4 5 4 3 2 0 1 2 0 2 4 1 2 3 5 4 0 1 0 3 1 2 0 1 2 3 0 2 3 1 4 3 0 4 3 2 0 3 1 0 4 2 1 0 0 5 2 1 4 5 3 0 1 0 1 2 1 5 0 4 3 5 5 3 1 5 4 0 1 2 3 4 5 2 5 3 4 5 4 2 | 18 25  0 8 1 0 12 1 0 13 1 1 9 2 1 10 1 2 9 1 2 13 1 2 17 1 3 10 1 3 14 1 3 15 1 4 11 1 4 15 1 4 16 1 5 11 2 5 16 1 6 12 1 6 14 1 6 16 1 7 12 1 7 15 1 7 17 1 8 13 1 8 14 1 10 17 1
R 11591 54 81 6 437 3 1 2 0 2 3 0 1 4 4 3 0 2 4 1 3 1 2 4 0 5 2 1 5 0 2 1 3 4 5 2 4 0 1 2 0 1 4 3 0 2 1 0 1 3 2 0 4 5 1 4 4 1 3 4 5 0 1 4 5 3 2 5 1 2 5 3 0 5 5 4 0 3 2 1 4 3 0 3 2 5 | 18 26  0 8 2 0 9 1 1 9 1 1 11 1 1 12 1 2 10 1 2 12 1 2 13 1 3 10 1 3 16 1 3 17 1 4 11 1 4 12 1 4 15 1 5 11 1 5 13 1 5 16 1 6 13 1 6 14 1 6 15 1 7 14 1 7 16 1 7 17 1 8 15 1 9 17 1 10 14 1
R 6138 54 81 6 75 3 4 5 0 1 4 1 4 2 3 0 2 1 2 4 0 2 1 0 3 1 0 3 5 1 2 3 3 4 1 2 0 1 0 2 5 0 1 3 3 1 2 2 0 1 5 3 4 4 3 2 0 1 4 0 1 2 2 5 3 3 0 5 4 5 1 3 5 0 4 5 3 4 2 5 4 1 2 4 5 0 | 18 25  0 8 1 0 11 1 0 12 1 1 9 2 1 14 1 2 10 1 2 15 1 2 17 1 3 10 2 3 16 1 4 11 1 4 12 1 4 13 1 5 12 1 5 13 1 5 17 1 6 13 1 6 15 1 6 16 1 7 14 1 7 15 1 7 17 1 8 11 1 8 14 1 9 16 1
R 60882 54 81 6 7700 3 4 5 4 1 5 0 1 2 1 0 2 4 5 2 0 3 4 2 1 5 1 2 3 5 0 1 2 4 0 2 5 0 5 1 0 0 2 5 1 0 3 3 1 4 1 3 4 2 3 4 0 3 2 0 1 2 3 2 0 3 5 4 4 3 5 1 3 0 2 5 1 3 4 0 4 5 4 2 1 5 | 18 25  0 7 1 0 12 1 0 14 1 1 8 1 1 13 1 1 14 1 2 9 1 2 14 1 2 17 1 3 10 1 3 12 1 3 13 1 4 10 2 4 15 1 5 11 1 5 16 1 5 17 1 6 11 2 6 16 1 7 12 1 7 15 1 8 13 1 8 15 1 9 16 1 9 17 1
R 62112 54 81 6 284 3 4 5 1 0 2 1 2 3 2 0 4 3 1 5 0 1 2 0 4 5 1 2 3 2 4 1 0 4 3 5 1 2 0 2 3 0 1 5 3 1 4 5 1 4 0 3 2 3 4 0 3 2 0 0 1 2 3 4 5 5 4 0 3 1 5 0 4 2 5 3 4 3 2 1 4 5 0 5 2 1 | 18 26  0 7 1 0 11 1 0 12 1 1 8 1 1 11 1 1 13 1 2 9 1 2 12 1 2 14 1 3 10 1 3 15 1 3 17 1 4 10 2 4 16 1 5 11 1 5 14 1 5 17 1 6 12 1 6 14 1 6 16 1 7 15 1 7 16 1 8 13 1 8 15 1 9 13 1 9 17 1
R 16855 54 81 6 67215 1 2 3 0 1 5 2 3 4 2 3 4 0 4 1 0 2 1 4 5 3 1 2 0 3 4 5 2 5 1 4 3 0 0 2 1 3 1 0 3 0 4 2 0 4 0 4 2 2 1 3 1 4 3 0 4 5 3 4 2 0 1 5 1 5 0 3 2 5 4 3 5 2 1 0 5 3 4 1 2 5 | 18 24  0 8 1 0 11 2 1 9 2 1 10 1 2 9 1 2 13 1 2 14 1 3 10 2 3 16 1 4 11 1 4 13 1 4 16 1 5 12 1 5 14 1 5 15 1 6 12 1 6 15 1 6 17 1 7 13 1 7 15 1 7 16 1 8 14 1 8 17 1 12 17 1
R 17837 54 81 6 546 3 1 2 2 5 3 3 0 4 0 1 2 0 4 3 5 4 3 0 1 2 2 0 1 0 2 1 4 3 5 0 5 2 3 4 1 2 0 4 4 2 1 1 0 3 0 2 3 1 0 4 3 1 0 4 5 0 0 1 4 1 2 5 3 5 4 2 5 1 1 0 2 3 5 4 3 4 5 3 2 5 | 18 24  0 8 2 0 11 1 1 9 1 1 10 2 2 9 1 2 16 1 2 17 1 3 10 1 3 16 1 3 17 1 4 11 2 4 15 1 5 12 1 5 13 1 5 14 1 6 12 1 6 14 1 6 15 1 7 13 1 7 14 1 7 15 1 8 16 1 9 17 1 12 13 1
R 91230 54 81 6 185 3 4 5 3 5 2 0 1 2 2 5 4 1 2 3 0 1 4 1 2 3 0 1 3 5 2 0 3 0 5 0 2 3 4 5 3 1 0 4 4 3 2 1 0 2 0 1 2 1 3 4 0 1 4 0 1 2 4 0 1 4 3 5 1 3 0 4 0 5 2 3 5 4 5 5 2 1 3 4 2 5 | 18 26  0 6 1 0 10 1 0 12 1 1 7 1 1 11 2 2 8 1 2 12 1 2 13 1 3 9 1 3 15 1 3 16 1 4 10 1 4 13 1 4 14 1 5 11 1 5 14 1 5 15 1 6 14 1 6 17 1 7 16 1 7 17 1 8 13 1 8 17 1 9 15 1 9 16 1 10 12 1
R 10958 54 81 6 378 3 1 2 0 2 3 1 2 4 0 2 4 3 0 1 2 1 4 5 3 0 1 3 2 0 2 1 3 4 5 3 4 5 4 1 5 0 3 1 1 0 2 1 2 0 1 0 3 2 0 4 4 3 1 4 5 0 1 4 5 0 5 3 1 5 3 2 4 5 0 3 5 4 2 1 5 4 0 3 2 2 | 18 25  0 8 2 0 9 1 1 9 1 1 14 1 1 15 1 2 10 1 2 12 1 2 13 1 3 10 1 3 13 1 3 14 1 4 11 1 4 13 1 4 17 1 5 11 2 5 16 1 6 12 1 6 15 1 6 16 1 7 14 1 7 15 1 7 17 1 8 16 1 9 17 1 10 12 1
R 12699 54 81 6 79 3 4 5 1 2 0 1 4 2 3 0 4 0 2 4 0 4 5 5 1 3 0 1 2 1 2 3 0 2 3 0 2 4 1 0 4 5 4 2 1 4 3 2 1 0 3 0 2 0 1 4 3 1 0 0 1 2 4 3 5 3 5 0 1 5 2 3 5 1 1 2 3 0 4 2 5 3 4 4 5 5 | 18 26  0 8 1 0 9 1 0 11 1 1 9 1 1 12 1 1 13 1 2 10 2 2 13 1 3 10 1 3 16 1 3 17 1 4 11 1 4 14 1 4 15 1 5 12 1 5 13 1 5 14 1 6 12 1 6 14 1 6 16 1 7 15 1 7 16 1 7 17 1 8 15 1 8 17 1 9 11 1
R 65776 54 81 6 118 3 4 5 3 2 4 0 3 4 0 1 2 1 0 3 4 3 5 0 2 1 1 2 3 1 4 2 2 4 3 0 2 5 0 2 3 5 3 1 1 0 4 0 1 3 2 4 1 2 0 4 4 1 0 0 1 2 0 1 5 1 5 2 4 3 5 4 5 2 0 2 1 4 5 3 4 5 3 5 0 3 | 18 24  0 7 1 0 10 1 0 13 1 1 8 1 1 11 2 2 9 2 2 14 1 3 11 1 3 13 1 3 14 1 4 12 1 4 16 1 4 17 1 5 12 2 5 16 1 6 14 1 6 15 1 6 17 1 7 10 1 7 13 1 8 16 1 8 17 1 9 15 1 10 15 1
R 42920 54 81 6 391 1 2 3 2 3 0 4 5 3 0 4 1 1 4 3 2 3 4 2 0 1 3 4 5 1 0 2 0 1 5 0 2 1 5 3 2 3 4 0 5 2 1 0 4 5 1 2 3 2 4 0 0 1 3 0 4 5 5 1 4 2 0 1 3 2 5 0 2 5 1 0 5 4 3 5 1 2 3 4 3 4 | 18 24  0 7 1 0 10 2 1 8 1 1 11 2 2 9 1 2 13 1 2 14 1 3 10 1 3 12 2 4 11 1 4 14 1 4 15 1 5 12 1 5 15 1 5 17 1 6 13 1 6 14 1 6 16 1 7 16 1 7 17 1 8 16 1 8 17 1 9 13 1 9 15 1
R 68207 54 81 6 255 3 4 5 5 4 2 1 2 4 1 2 3 0 1 2 0 2 4 0 3 4 1 2 3 3 0 5 4 0 1 0 2 3 0 1 4 1 4 5 5 1 4 2 3 1 1 0 2 0 5 2 0 3 4 0 1 2 1 3 0 5 0 3 4 5 0 5 3 4 3 5 1 2 5 1 4 5 2 4 3 2 | 18 27  0 7 1 0 10 1 0 11 1 1 8 1 1 12 1 1 13 1 2 9 1 2 14 1 2 15 1 3 10 1 3 11 1 3 12 1 4 10 1 4 13 1 4 16 1 5 11 1 5 14 1 5 17 1 6 12 1 6 15 1 6 16 1 7 15 1 7 17 1 8 13 1 8 14 1 9 16 1 9 17 1
R 29244 54 81 6 639 3 1 2 2 4 5 3 0 2 3 2 0 0 3 1 4 0 1 5 1 3 4 5 3 0 2 1 1 0 2 1 0 2 3 1 4 2 4 3 1 4 5 1 0 3 3 4 5 2 5 0 0 2 4 4 5 0 3 0 1 4 5 1 5 1 4 4 2 5 5 2 3 0 2 4 0 2 1 3 5 3 | 18 25  0 8 2 0 15 1 1 9 1 1 13 1 1 17 1 2 9 1 2 14 1 2 15 1 3 10 1 3 12 1 3 14 1 4 10 1 4 15 1 4 17 1 5 11 1 5 14 1 5 17 1 6 11 2 6 16 1 7 12 1 7 13 1 7 16 1 8 16 1 9 12 1 10 13 1
R 12641 54 81 6 105 3 4 5 2 1 0 0 1 2 3 4 1 2 4 1 0 3 4 3 5 2 2 5 0 1 2 3 0 2 3 4 2 1 1 0 4 1 0 2 3 4 1 3 0 2 2 3 0 4 5 1 0 2 3 0 1 2 4 3 5 3 5 4 0 2 5 3 0 5 5 2 1 1 0 4 4 3 1 4 5 5 | 18 26  0 8 1 0 9 1 0 11 1 1 9 1 1 11 1 1 15 1 2 10 2 2 14 1 3 10 1 3 16 1 3 17 1 4 12 1 4 13 1 4 14 1 5 12 1 5 13 1 5 14 1 6 15 1 6 16 1 6 17 1 7 15 1 7 16 1 7 17 1 8 12 1 8 13 1 9 11 1
R 50115 54 81 6 215 3 1 2 2 0 4 5 4 0 0 2 3 2 0 1 3 4 0 1 3 2 0 2 1 4 3 5 3 2 5 3 4 5 3 1 0 1 0 2 0 1 3 2 1 4 2 4 5 5 1 4 1 3 0 4 5 0 1 3 5 1 3 2 1 4 5 4 5 3 2 1 5 5 4 0 3 2 0 0 4 2 | 18 25  0 7 2 0 10 1 1 8 1 1 12 1 1 14 1 2 9 1 2 15 1 2 16 1 3 10 1 3 12 1 3 13 1 4 11 2 4 14 1 5 11 1 5 15 1 5 17 1 6 12 1 6 13 1 6 15 1 7 16 1 8 13 1 8 14 1 9 16 1 9 17 1 10 17 1
R 88890 54 81 6 4355 3 4 5 1 0 2 0 1 2 3 4 0 1 0 5 2 5 3 3 4 5 1 2 3 2 4 5 0 2 5 2 3 0 3 5 4 1 0 4 4 0 1 5 3 0 3 0 2 1 3 2 2 4 1 0 1 2 3 5 4 4 3 5 1 2 5 2 4 3 0 1 4 2 1 0 4 5 1 0 3 5 | 18 26  0 7 1 0 9 1 0 12 1 1 8 1 1 13 1 1 14 1 2 10 1 2 12 1 2 15 1 3 10 1 3 13 1 3 16 1 4 11 1 4 15 1 4 17 1 5 11 2 5 16 1 6 14 1 6 15 1 6 16 1 7 9 1 7 12 1 8 14 1 8 17 1 9 13 1 10 17 1
R 19542 54 81 6 233 3 4 5 1 0 4 2 3 0 1 3 2 5 3 1 0 2 4 0 5 4 5 1 2 1 2 3 3 4 0 2 1 4 0 1 3 4 5 2 1 3 2 0 2 3 1 0 2 0 1 4 0 3 5 0 1 2 2 5 3 1 4 5 0 4 5 2 4 0 5 3 1 1 3 2 0 3 4 4 5 5 | 18 23  0 8 1 0 14 1 0 17 1 1 9 2 1 10 1 2 9 1 2 13 2 3 10 1 3 14 1 3 15 1 4 11 2 4 12 1 5 11 1 5 15 1 5 17 1 6 12 2 6 16 1 7 13 1 7 16 1 7 17 1 8 15 1 8 16 1 10 14 1
R 37542 54 81 6 332 3 4 5 0 2 1 1 2 5 2 0 5 0 2 3 4 1 3 3 4 5 1 0 2 1 2 3 0 2 3 5 2 1 3 1 2 2 0 3 3 4 2 0 1 4 1 0 4 4 3 5 4 2 1 0 1 2 4 3 5 4 0 3 4 1 3 4 1 5 0 5 2 1 2 0 4 5 3 5 5 0 | 18 25  0 8 1 0 9 1 0 15 1 1 8 1 1 10 1 1 13 1 2 9 1 2 13 1 2 14 1 3 10 1 3 16 1 3 17 1 4 11 1 4 13 1 4 17 1 5 11 2 5 16 1 6 12 1 6 14 1 6 17 1 7 12 2 7 15 1 8 14 1 9 15 1 10 16 1
R 58885 54 81 6 254 3 4 5 1 5 2 2 1 3 0 2 4 1 3 2 3 0 1 0 1 4 1 2 3 0 2 4 4 5 2 3 4 2 1 0 2 0 2 3 0 1 5 0 2 3 2 1 0 3 1 4 0 4 3 0 1 2 3 4 0 0 4 5 1 5 3 0 4 5 4 5 2 5 3 2 4 5 1 5 3 1 | 18 25  0 7 1 0 12 1 0 13 1 1 8 1 1 12 1 1 16 1 2 9 1 2 13 1 2 14 1 3 10 2 3 11 1 4 10 1 4 14 1 4 17 1 5 11 2 5 16 1 6 12 1 6 15 1 6 17 1 7 15 1 7 16 1 8 14 1 8 15 1 9 13 1 9 17 1
R 84889 54 81 6 130 3 4 5 1 0 2 0 3 1 1 5 2 2 4 5 0 4 3 5 0 1 1 2 3 5 4 2 2 1 0 3 4 0 0 2 3 0 3 2 1 3 4 0 1 2 1 3 4 4 5 0 1 3 2 0 1 2 3 4 5 4 2 5 3 4 0 1 0 3 1 2 5 2 3 4 4 5 0 1 5 5 | 18 27  0 7 1 0 11 1 0 13 1 1 8 1 1 12 1 1 13 1 2 9 1 2 10 1 2 12 1 3 9 1 3 11 1 3 17 1 4 10 1 4 13 1 4 14 1 5 12 1 5 16 1 5 17 1 6 15 1 6 16 1 6 17 1 7 14 1 7 15 1 8 15 1 8 16 1 9 11 1 10 14 1
R 68246 54 81 6 95 3 4 5 0 1 4 0 4 1 1 2 3 0 1 2 0 2 4 3 5 4 1 2 3 3 4 5 3 1 0 0 2 3 0 1 4 1 2 5 2 0 4 5 0 4 5 3 1 3 1 2 0 3 4 0 1 2 2 3 5 5 3 2 4 5 0 5 3 4 3 5 1 1 2 0 4 5 1 0 4 2 | 18 27  0 7 1 0 10 1 0 11 1 1 8 1 1 12 1 1 13 1 2 9 1 2 13 1 2 14 1 3 10 1 3 11 1 3 12 1 4 10 1 4 14 1 4 15 1 5 11 1 5 16 1 5 17 1 6 14 1 6 15 1 6 16 1 7 12 1 7 17 1 8 13 1 8 15 1 9 16 1 9 17 1
R 83708 54 81 6 996 3 4 5 1 5 2 2 5 4 1 3 2 2 0 1 1 0 2 3 4 0 1 2 3 2 0 1 0 1 4 1 5 4 3 2 0 0 3 5 0 2 3 1 0 4 5 3 1 1 0 4 1 4 2 0 1 2 4 0 3 3 0 1 5 4 0 3 4 5 4 5 3 1 2 5 5 4 5 3 2 2 | 18 26  0 7 1 0 13 1 0 14 1 1 8 1 1 15 1 1 16 1 2 9 1 2 10 1 2 12 1 3 9 1 3 13 1 3 17 1 4 10 1 4 12 1 4 13 1 5 11 2 5 14 1 6 11 1 6 16 1 6 17 1 7 14 1 7 15 1 8 16 1 8 17 1 9 12 1 10 15 1
R 11345 54 81 6 185 3 1 2 0 2 3 0 2 4 1 3 5 2 0 4 5 1 3 0 2 3 1 0 3 0 2 1 3 4 5 5 3 4 3 1 4 3 5 2 3 1 2 1 2 0 1 0 4 5 3 0 0 1 2 4 5 0 1 4 5 1 5 3 2 0 4 5 1 3 0 2 4 1 4 5 4 5 2 3 2 0 | 18 25  0 8 2 0 9 1 1 9 1 1 14 1 1 17 1 2 10 1 2 13 1 2 14 1 3 10 1 3 13 1 3 17 1 4 11 1 4 16 1 4 17 1 5 11 2 5 16 1 6 12 1 6 13 1 6 15 1 7 12 1 7 14 1 7 15 1 8 15 1 9 16 1 10 12 1
R 70784 54 81 6 234 3 1 2 2 3 5 0 2 3 0 4 1 0 4 2 0 2 1 3 4 2 0 2 1 0 5 3 3 4 5 1 3 2 2 5 3 1 4 2 4 0 1 3 1 2 3 4 0 4 0 1 0 2 1 4 5 0 1 0 4 1 4 5 5 2 3 1 3 5 3 4 5 0 1 5 3 2 4 2 0 5 | 18 25  0 7 2 0 9 1 1 8 1 1 10 2 2 9 1 2 11 1 2 13 1 3 10 1 3 15 1 3 17 1 4 11 1 4 13 1 4 14 1 5 12 1 5 14 1 5 15 1 6 12 1 6 15 1 6 17 1 7 16 1 8 16 1 8 17 1 9 13 1 11 14 1 12 16 1
R 55088 54 81 6 236 1 2 3 4 2 5 1 4 5 0 4 2 1 5 0 0 3 2 2 0 1 3 4 5 0 1 4 2 0 1 0 2 1 0 2 4 4 1 5 3 2 1 1 0 3 4 3 0 0 3 2 5 0 3 0 4 5 3 1 0 3 0 2 3 5 1 3 2 4 5 4 1 3 5 4 1 2 5 2 5 4 | 18 26  0 7 1 0 10 2 1 8 1 1 11 1 1 12 1 2 9 1 2 13 1 2 14 1 3 10 1 3 15 1 3 17 1 4 11 1 4 12 1 4 13 1 5 11 1 5 14 1 5 15 1 6 12 1 6 16 1 6 17 1 7 16 1 7 17 1 8 13 1 8 15 1 9 14 1 9 16 1
R 37638 54 81 6 147614 3 4 5 0 2 1 1 2 5 3 1 0 0 1 2 4 5 2 1 0 5 3 4 5 1 2 3 0 2 3 4 5 0 2 5 0 5 4 1 1 0 4 2 0 1 3 2 4 0 3 2 3 1 4 0 1 2 4 3 5 4 3 0 2 4 5 4 3 5 1 3 0 3 4 2 0 2 1 5 5 1 | 18 25  0 8 1 0 9 1 0 13 1 1 8 1 1 10 1 1 16 1 2 9 1 2 14 1 2 17 1 3 10 1 3 14 1 3 15 1 4 11 1 4 13 1 4 17 1 5 11 2 5 15 1 6 12 1 6 16 1 6 17 1 7 12 2 7 16 1 8 13 1 9 14 1 10 15 1
R 50121 54 81 6 114 3 1 2 2 0 4 4 1 3 0 2 3 2 0 1 3 4 0 1 3 2 0 2 1 4 3 5 0 5 1 3 4 5 3 1 0 1 0 2 0 1 3 2 1 4 5 1 3 2 0 4 1 2 4 4 5 0 1 3 5 2 0 5 1 4 5 4 5 3 2 1 5 5 4 0 3 2 0 4 3 2 | 18 25  0 7 2 0 10 1 1 8 1 1 12 1 1 14 1 2 9 1 2 15 1 2 16 1 3 10 1 3 12 1 3 13 1 4 11 2 4 14 1 5 11 1 5 16 1 5 17 1 6 12 1 6 13 1 6 17 1 7 16 1 8 13 1 8 14 1 9 15 1 9 17 1 10 15 1
R 64366 54 81 6 242 3 4 5 1 0 2 0 1 2 0 1 2 3 4 1 0 5 4 2 3 5 1 2 3 4 5 0 2 4 1 3 2 1 0 2 5 0 1 3 0 3 1 1 3 4 5 2 4 4 0 3 3 0 2 0 1 2 3 4 5 3 5 4 4 5 3 0 2 5 2 3 1 0 1 4 4 5 2 1 0 5 | 18 26  0 7 1 0 11 1 0 12 1 1 8 1 1 12 1 1 14 1 2 9 1 2 12 1 2 13 1 3 10 2 3 11 1 4 10 1 4 16 1 4 17 1 5 14 1 5 15 1 5 17 1 6 15 1 6 16 1 6 17 1 7 11 1 7 13 1 8 13 1 8 15 1 9 14 1 9 16 1
R 20136 54 81 6 138 3 1 2 2 4 0 0 3 2 1 3 4 3 5 1 1 2 4 0 2 5 3 0 1 0 2 1 1 0 2 3 4 2 4 0 3 2 5 3 2 3 1 1 0 2 3 4 5 0 2 4 0 4 1 4 5 0 3 1 5 4 1 5 0 5 2 2 0 4 5 0 3 1 4 3 4 5 2 3 5 1 | 18 24  0 8 2 0 15 1 1 9 1 1 10 2 2 9 1 2 15 1 2 17 1 3 10 1 3 16 1 3 17 1 4 11 1 4 12 2 5 11 1 5 13 1 5 14 1 6 12 1 6 14 1 6 17 1 7 13 1 7 14 1 7 15 1 8 16 1 9 13 1 11 16 1
R 29130 54 81 6 254 3 4 5 3 4 5 0 1 2 3 4 2 0 1 2 1 0 2 4 2 3 1 5 0 1 2 3 2 0 3 2 1 4 3 2 1 0 4 2 1 2 3 1 0 3 0 3 4 0 2 5 1 0 4 0 1 2 1 0 2 4 5 3 0 1 5 3 5 4 4 5 3 0 5 1 3 4 2 4 5 5 | 18 25  0 8 1 0 16 1 0 17 1 1 9 1 1 13 1 1 14 1 2 9 1 2 14 1 2 16 1 3 10 1 3 12 1 3 13 1 4 10 2 4 14 1 5 11 1 5 15 1 5 17 1 6 11 2 6 15 1 7 12 1 7 13 1 7 15 1 8 16 1 8 17 1 9 12 1
R 1038 54 81 6 380 3 4 5 0 2 1 3 4 0 1 2 0 2 0 1 1 2 3 1 0 2 4 2 3 5 4 0 1 2 3 0 1 4 2 4 5 2 1 3 3 1 0 0 3 2 0 2 5 0 2 4 0 1 4 0 1 2 4 5 3 2 1 5 5 3 4 3 4 5 0 4 5 4 5 3 0 5 1 2 1 3 | 18 26  0 9 1 0 16 1 0 17 1 1 9 2 1 16 1 2 10 1 2 11 1 2 12 1 3 10 1 3 11 1 3 13 1 4 10 1 4 14 1 4 16 1 5 11 1 5 15 1 5 17 1 6 12 1 6 13 1 6 17 1 7 12 1 7 14 1 7 15 1 8 13 1 8 14 1 8 15 1
R 47778 54 81 6 671 3 1 2 1 4 5 1 0 2 0 2 3 1 4 2 3 0 4 5 1 3 0 2 1 2 0 1 4 2 0 3 4 5 1 2 0 4 5 2 0 4 1 3 2 1 1 0 3 0 4 5 5 1 3 4 5 0 3 0 2 3 5 4 1 4 5 3 5 0 1 2 5 0 4 2 3 5 4 1 2 3 | 18 24  0 7 2 0 10 1 1 8 1 1 14 1 1 15 1 2 9 2 2 15 1 3 10 1 3 11 2 4 11 1 4 13 1 4 17 1 5 12 1 5 13 1 5 14 1 6 12 1 6 14 1 6 16 1 7 16 1 8 15 1 8 17 1 9 16 1 10 17 1 12 13 1
R 75969 54 81 6 771 1 2 3 1 4 0 0 4 2 2 5 4 0 1 3 3 5 1 3 2 5 3 4 5 2 0 1 0 2 1 3 1 2 0 1 5 3 4 0 1 2 0 2 3 4 1 3 4 0 2 4 0 5 3 0 4 5 3 2 5 3 5 1 0 1 3 4 2 5 2 4 0 4 1 0 1 2 5 4 5 3 | 18 26  0 7 1 0 9 2 1 8 1 1 12 1 1 13 1 2 9 1 2 15 1 2 17 1 3 10 1 3 12 1 3 13 1 4 10 1 4 15 1 4 16 1 5 11 1 5 13 1 5 14 1 6 11 1 6 14 1 6 15 1 7 16 1 7 17 1 8 14 1 8 17 1 10 12 1 11 16 1
R 82318 54 81 6 114 3 4 5 3 4 5 5 1 2 0 3 1 0 1 4 2 3 5 0 2 1 1 2 3 1 0 4 2 0 1 3 1 5 5 3 1 0 2 3 1 0 4 0 2 3 1 2 3 2 0 4 0 2 1 0 1 2 2 1 0 3 0 4 4 2 5 2 5 3 0 4 1 3 4 5 5 4 5 3 5 4 | 18 26  0 7 1 0 12 1 0 13 1 1 8 1 1 14 1 1 15 1 2 9 1 2 10 1 2 12 1 3 9 1 3 11 1 3 17 1 4 10 1 4 15 1 4 16 1 5 11 2 5 16 1 6 13 1 6 15 1 6 16 1 7 13 1 7 17 1 8 14 1 8 17 1 9 12 1 10 14 1
R 89716 54 81 6 89 1 2 3 2 0 4 1 0 2 2 1 4 5 1 2 0 4 1 3 4 5 4 1 0 2 4 0 0 4 1 0 2 5 0 2 1 0 3 4 1 2 3 0 3 2 3 4 5 4 0 3 1 0 3 0 4 5 3 1 5 3 5 4 3 5 0 3 4 0 3 2 5 1 2 2 5 1 5 2 1 4 | 18 25  0 6 1 0 11 2 1 7 1 1 12 1 1 13 1 2 8 1 2 12 1 2 13 1 3 9 2 3 13 1 4 10 1 4 14 1 4 15 1 5 11 1 5 12 1 5 14 1 6 16 1 6 17 1 7 15 1 7 16 1 8 15 1 8 17 1 9 16 1 10 14 1 10 17 1
R 95127 54 81 6 88 3 4 5 0 1 2 0 3 1 2 3 4 5 1 2 0 2 3 1 2 3 2 3 0 5 1 0 1 4 3 0 2 5 3 2 1 1 0 4 4 0 3 0 1 3 0 2 4 4 1 0 4 0 2 0 1 2 4 3 5 4 2 5 0 1 5 0 4 3 4 5 1 4 5 5 1 2 3 2 5 3 | 18 26  0 6 1 0 10 1 0 12 1 1 7 1 1 12 1 1 13 1 2 8 1 2 13 1 2 15 1 3 9 1 3 13 1 3 14 1 4 11 1 4 14 1 4 17 1 5 11 2 5 15 1 6 10 1 6 12 1 7 16 1 7 17 1 8 14 1 8 15 1 9 16 1 9 17 1 10 16 1
R 57618 54 81 6 12405 3 1 2 4 1 5 1 4 5 2 5 1 1 0 2 0 3 2 0 2 3 0 2 1 3 0 1 3 5 4 4 1 5 0 5 2 3 4 5 1 0 2 2 4 1 5 0 2 3 0 1 1 3 0 4 5 0 2 3 0 0 2 3 0 3 4 3 4 5 1 5 4 1 4 5 3 5 4 1 2 2 | 18 24  0 7 2 0 12 1 1 8 1 1 13 1 1 14 1 2 9 2 2 14 1 3 10 1 3 11 2 4 10 1 4 16 1 4 17 1 5 11 1 5 16 1 5 17 1 6 12 1 6 13 1 6 14 1 7 15 1 8 13 1 8 15 1 9 15 1 10 17 1 12 16 1
R 20393 54 81 6 6776 3 4 5 2 3 5 1 4 0 1 3 0 0 1 2 3 2 4 3 4 0 1 0 2 1 2 3 0 1 2 0 3 4 4 2 0 2 0 3 2 1 5 2 0 4 1 0 4 1 3 5 3 0 1 0 1 2 4 1 0 5 3 2 2 5 4 3 4 5 1 5 0 1 5 2 4 5 3 5 4 3 | 18 24  0 8 1 0 14 1 0 15 1 1 9 1 1 10 1 1 13 1 2 9 1 2 13 1 2 16 1 3 10 2 3 16 1 4 11 1 4 13 1 4 17 1 5 11 2 5 16 1 6 12 1 6 14 1 6 17 1 7 12 2 7 15 1 8 15 1 8 17 1 9 14 1
R 4716 54 81 6 1387 3 1 2 4 0 2 0 3 1 4 2 1 1 0 5 2 4 5 3 0 4 0 1 3 0 2 1 1 2 0 1 2 0 5 4 1 2 5 3 3 4 5 0 2 3 0 1 5 3 4 1 2 1 4 4 5 0 3 5 1 4 2 5 3 5 0 2 4 3 0 3 1 1 2 5 4 2 5 3 4 0 | 18 23  0 8 2 0 13 1 1 9 2 1 13 1 2 10 1 2 13 1 2 14 1 3 10 2 3 16 1 4 11 1 4 14 1 4 17 1 5 11 2 5 14 1 6 12 1 6 15 1 6 16 1 7 12 1 7 16 1 7 17 1 8 15 1 9 15 1 12 17 1
R 36714 54 81 6 255 3 4 5 0 1 2 0 4 1 3 0 2 0 1 4 2 5 3 4 1 3 0 2 4 1 2 3 2 4 1 4 3 2 0 2 3 1 0 3 5 4 1 0 2 4 3 0 5 1 3 2 0 4 1 0 1 2 3 5 4 5 2 3 1 5 4 5 3 2 4 0 1 5 0 2 1 5 3 4 5 0 | 18 27  0 8 1 0 11 1 0 12 1 1 9 1 1 10 1 1 11 1 2 9 1 2 13 1 2 14 1 3 10 1 3 14 1 3 16 1 4 11 1 4 13 1 4 15 1 5 12 1 5 13 1 5 14 1 6 12 1 6 16 1 6 17 1 7 15 1 7 16 1 7 17 1 8 15 1 8 17 1 9 10 1
R 68316 54 81 6 1993 3 4 5 1 0 4 0 4 2 1 2 0 0 1 3 2 5 3 0 1 4 1 2 3 4 5 0 3 2 5 0 2 3 0 3 4 4 5 1 3 0 1 1 2 4 0 1 2 0 3 5 1 0 3 0 1 2 3 2 5 1 3 5 4 3 5 5 2 4 1 0 4 5 3 2 4 5 1 2 0 4 | 18 27  0 7 1 0 10 1 0 11 1 1 8 1 1 13 1 1 14 1 2 9 1 2 14 1 2 15 1 3 10 1 3 12 1 3 13 1 4 10 1 4 12 1 4 15 1 5 11 1 5 12 1 5 13 1 6 11 1 6 15 1 6 16 1 7 16 1 7 17 1 8 16 1 8 17 1 9 14 1 9 17 1
R 23019 54 81 6 151 3 4 5 4 3 2 0 1 2 0 4 5 3 4 5 2 0 1 1 2 3 0 1 4 1 2 3 0 2 3 1 4 2 1 5 4 0 2 4 1 0 4 3 4 2 3 0 1 1 3 0 2 0 3 0 1 2 1 5 0 4 3 5 3 2 1 0 2 1 3 5 4 5 0 4 3 2 5 5 4 5 | 18 25  0 8 1 0 12 1 0 13 1 1 9 2 1 10 1 2 9 1 2 13 1 2 14 1 3 10 1 3 16 1 3 17 1 4 11 2 4 14 1 5 11 1 5 15 1 5 17 1 6 12 1 6 14 1 6 16 1 7 12 1 7 15 1 7 16 1 8 13 1 8 15 1 10 17 1
R 21103 54 81 6 669 3 1 2 2 1 3 4 0 1 3 0 2 2 0 3 5 3 1 0 3 1 4 5 2 0 2 1 3 0 2 1 5 2 1 3 2 2 5 1 0 3 4 2 0 4 3 4 5 0 5 4 2 1 0 4 5 0 4 0 5 5 2 3 4 5 1 5 1 4 0 4 2 4 2 5 0 3 1 3 1 3 | 18 24  0 8 2 0 15 1 1 9 1 1 10 1 1 14 1 2 9 1 2 13 1 2 14 1 3 10 1 3 13 1 3 15 1 4 11 1 4 14 1 4 17 1 5 11 2 5 16 1 6 12 1 6 15 1 6 17 1 7 12 2 7 16 1 8 16 1 9 13 1 10 17 1
R 3549 54 81 6 241 1 2 3 4 3 5 3 4 0 2 0 1 1 2 5 0 4 1 0 2 4 2 4 3 3 4 5 0 5 3 1 0 3 5 2 4 0 2 1 4 2 3 3 4 0 0 2 1 5 4 2 3 1 0 0 4 5 1 2 0 2 1 5 4 5 3 0 3 4 3 2 5 1 5 3 1 5 0 1 2 4 | 18 21  0 8 1 0 12 2 1 9 2 1 13 1 2 10 1 2 11 1 2 17 1 3 10 2 3 16 1 4 11 2 4 17 1 5 12 1 5 14 1 5 15 1 6 13 2 6 15 1 7 14 2 7 16 1 8 16 1 8 17 1 9 15 1
R 57187 54 81 6 477 1 2 3 2 3 4 1 0 2 5 0 3 1 3 2 2 0 1 0 4 1 3 4 5 1 4 2 4 2 0 4 3 5 1 0 3 0 2 1 0 3 4 1 2 3 5 0 4 5 0 2 1 5 3 0 4 5 5 1 0 3 5 4 1 2 4 0 5 4 4 5 3 3 2 5 1 2 3 0 1 2 | 18 24  0 7 1 0 12 2 1 8 1 1 13 1 1 14 1 2 9 2 2 14 1 3 10 1 3 11 1 3 17 1 4 10 1 4 13 1 4 16 1 5 11 2 5 16 1 6 12 1 6 13 1 6 14 1 7 16 1 7 17 1 8 15 1 8 17 1 9 15 1 10 15 1
R 53047 54 81 6 86 1 2 3 1 4 5 3 1 0 0 4 2 1 2 4 1 3 4 0 2 3 3 4 5 2 0 1 2 0 1 0 2 1 4 3 2 2 4 5 1 0 3 3 4 1 3 4 0 0 2 4 0 5 3 0 4 5 3 0 2 4 5 2 3 5 1 5 3 0 0 2 5 4 5 1 1 2 5 4 3 1 | 18 25  0 7 1 0 10 2 1 8 1 1 12 1 1 13 1 2 9 2 2 14 1 3 10 1 3 15 1 3 17 1 4 11 1 4 12 1 4 14 1 5 11 1 5 15 1 5 16 1 6 13 1 6 14 1 6 15 1 7 16 1 7 17 1 8 13 1 8 17 1 9 16 1 11 12 1
R 89014 54 81 6 849 3 4 5 0 1 3 0 1 2 1 3 2 1 4 5 3 0 4 0 1 2 1 2 3 2 3 5 0 2 5 2 3 5 2 5 4 1 0 4 3 0 2 4 1 0 0 4 3 1 2 4 1 0 3 0 1 2 4 2 5 4 3 5 0 5 4 0 3 2 1 5 2 4 3 5 4 5 1 0 3 1 | 18 26  0 7 1 0 9 1 0 12 1 1 8 1 1 14 1 1 15 1 2 10 1 2 12 1 2 13 1 3 10 1 3 14 1 3 17 1 4 11 2 4 15 1 5 11 1 5 16 1 5 17 1 6 13 1 6 16 1 6 17 1 7 9 1 7 12 1 8 15 1 8 16 1 9 14 1 10 13 1
R 29548 54 81 6 109 3 4 5 1 3 2 0 3 4 3 2 5 0 1 5 0 1 2 0 4 1 1 2 4 1 2 3 2 4 1 1 5 2 0 2 3 1 0 2 1 0 4 3 2 5 4 0 5 1 0 3 0 4 1 0 1 2 0 4 5 5 1 2 0 4 1 3 4 2 5 3 4 3 2 5 5 0 3 4 5 3 | 18 26  0 8 1 0 11 1 0 13 1 1 9 1 1 11 1 1 12 1 2 9 1 2 14 1 2 16 1 3 10 2 3 15 1 4 10 1 4 16 1 4 17 1 5 11 1 5 13 1 5 14 1 6 12 1 6 15 1 6 16 1 7 13 1 7 14 1 7 17 1 8 12 1 8 17 1 9 15 1
R 14157 54 81 6 6299 3 4 5 2 5 3 1 4 5 0 1 2 1 2 0 0 2 4 1 2 5 3 4 5 1 2 3 3 1 0 4 5 2 2 4 1 0 2 5 1 0 4 2 3 5 3 1 2 0 1 4 0 3 2 0 1 2 4 0 1 2 0 3 3 5 4 3 4 5 3 1 5 0 4 3 0 2 1 4 5 5 | 18 25  0 8 1 0 12 1 0 13 1 1 9 1 1 10 2 2 9 1 2 11 2 3 10 1 3 11 1 3 17 1 4 12 1 4 14 1 4 15 1 5 13 1 5 14 1 5 16 1 6 14 1 6 15 1 6 16 1 7 15 1 7 16 1 7 17 1 8 12 1 8 13 1 9 17 1
R 55889 54 81 6 199 3 1 2 2 5 4 0 2 1 0 2 3 2 3 0 0 4 3 1 2 5 0 2 1 1 3 4 1 3 0 3 4 5 1 0 2 2 0 4 0 3 4 3 5 0 1 3 2 1 4 0 4 0 1 4 5 0 0 3 1 4 3 5 1 4 5 1 4 5 1 5 2 4 0 3 3 5 2 2 5 2 | 18 26  0 7 2 0 10 1 1 8 1 1 11 1 1 12 1 2 9 1 2 12 1 2 13 1 3 10 1 3 11 1 3 12 1 4 13 1 4 15 1 4 16 1 5 14 1 5 15 1 5 16 1 6 14 1 6 15 1 6 17 1 7 16 1 8 11 1 8 14 1 9 13 1 9 17 1 10 17 1
R 9497 54 81 6 132 3 4 5 1 2 0 0 5 2 0 3 4 3 0 1 2 4 5 1 4 2 0 1 3 1 2 3 0 2 3 2 3 5 5 4 3 3 4 5 1 0 2 1 4 0 1 0 2 2 1 0 3 1 4 0 1 2 4 5 3 4 1 3 1 5 2 2 4 5 0 1 3 0 5 3 2 5 4 4 5 0 | 18 25  0 8 1 0 9 1 0 17 1 1 9 2 1 14 1 2 10 1 2 12 1 2 13 1 3 10 1 3 13 1 3 14 1 4 11 1 4 13 1 4 17 1 5 11 2 5 16 1 6 12 1 6 14 1 6 15 1 7 12 1 7 15 1 7 16 1 8 15 1 8 16 1 10 17 1
R 46149 54 81 6 97 3 4 5 3 4 0 0 1 3 1 2 0 2 5 4 0 2 4 2 3 4 1 2 3 0 1 5 2 3 1 0 2 3 2 4 3 1 0 4 2 4 1 4 0 3 1 0 2 3 5 2 0 2 4 0 1 2 2 1 5 4 5 2 4 3 5 0 3 1 3 5 1 0 1 5 4 5 4 3 0 5 | 18 25  0 7 1 0 10 1 0 12 1 1 8 1 1 11 2 2 9 2 2 14 1 3 10 1 3 13 1 3 14 1 4 11 1 4 15 1 4 17 1 5 12 1 5 13 1 5 16 1 6 13 1 6 14 1 6 15 1 7 15 1 7 17 1 8 16 1 8 17 1 9 16 1 10 12 1
R 66571 54 81 6 155 3 4 5 1 0 2 2 1 3 0 1 2 5 1 0 4 0 3 1 4 3 1 2 3 2 4 1 4 5 2 0 2 3 1 0 4 2 0 3 1 3 2 5 3 0 3 1 0 2 1 4 4 0 1 0 1 2 3 4 5 0 5 4 5 4 3 3 4 2 1 5 2 2 0 5 4 5 5 0 1 3 | 18 27  0 7 1 0 10 1 0 11 1 1 8 1 1 10 1 1 13 1 2 9 1 2 11 1 2 12 1 3 10 1 3 15 1 3 17 1 4 11 1 4 13 1 4 14 1 5 12 1 5 16 1 5 17 1 6 15 1 6 16 1 6 17 1 7 14 1 7 15 1 8 12 1 8 13 1 9 14 1 9 16 1
R 15497 54 81 6 5894 3 1 2 0 2 4 1 0 3 5 2 3 0 2 3 1 4 0 1 0 3 4 2 5 0 2 1 5 1 2 3 2 0 3 4 5 1 2 0 5 2 3 0 3 4 4 0 1 1 4 5 1 3 4 4 5 0 3 5 1 4 5 2 1 4 0 1 4 5 3 2 5 4 5 2 0 1 3 3 0 2 | 18 23  0 8 2 0 11 1 1 9 1 1 10 1 1 14 1 2 9 1 2 14 1 2 16 1 3 10 2 3 16 1 4 11 1 4 12 2 5 12 1 5 14 1 5 17 1 6 13 1 6 15 1 6 17 1 7 13 2 7 15 1 8 16 1 9 17 1 11 15 1
R 80878 54 81 6 243 3 4 5 0 1 4 1 4 5 0 2 1 0 3 4 1 2 3 0 2 5 1 2 3 4 5 1 5 0 1 2 4 1 0 2 3 0 1 4 1 2 5 1 2 0 3 2 4 3 0 1 0 3 2 0 1 2 2 3 5 2 0 3 3 5 4 5 2 1 4 5 0 3 4 1 4 5 3 0 4 5 | 18 26  0 7 1 0 11 1 0 12 1 1 8 1 1 13 1 1 17 1 2 9 1 2 10 2 3 9 1 3 15 1 3 16 1 4 10 1 4 16 1 4 17 1 5 11 1 5 12 1 5 13 1 6 12 1 6 14 1 6 15 1 7 13 1 7 14 1 8 14 1 8 15 1 9 17 1 11 16 1
R 1538 54 81 6 917 3 4 5 3 4 2 1 2 0 1 5 3 0 1 4 3 2 5 3 4 0 1 2 0 1 2 3 1 2 4 0 2 3 3 5 0 5 2 4 1 4 0 2 4 5 2 1 0 1 0 3 3 0 1 0 1 2 0 5 1 4 5 3 2 4 0 3 5 2 0 1 4 2 1 5 5 3 4 4 5 3 | 18 23  0 8 1 0 10 1 0 16 1 1 9 2 1 11 1 2 10 2 2 13 1 3 11 2 3 14 1 4 12 1 4 16 1 4 17 1 5 12 2 5 16 1 6 13 1 6 14 1 6 15 1 7 13 1 7 14 1 7 17 1 8 15 1 8 17 1 9 15 1
R 41787 54 81 6 223 3 1 2 3 4 1 1 0 3 0 2 3 0 4 5 0 2 1 3 2 4 0 2 1 0 1 4 2 3 0 3 4 5 5 2 1 1 2 3 3 4 0 4 0 2 4 1 5 0 5 2 1 5 3 4 5 0 2 5 0 4 5 2 1 4 5 3 1 2 5 3 4 5 1 0 3 3 1 2 4 0 | 18 23  0 7 2 0 10 1 1 8 2 1 11 1 2 9 2 2 15 1 3 10 1 3 12 1 3 14 1 4 11 1 4 13 2 5 12 1 5 14 1 5 16 1 6 13 1 6 14 1 6 17 1 7 15 1 8 16 1 9 16 1 10 17 1 11 17 1 12 15 1
R 79314 54 81 6 90 3 4 5 4 2 3 0 3 4 1 2 5 0 5 2 1 2 5 0 4 1 1 2 3 1 3 5 2 4 3 1 0 4 0 2 3 0 2 1 0 3 1 3 0 4 0 5 2 3 1 4 0 2 1 0 1 2 0 5 1 1 5 2 0 3 4 3 4 1 4 3 0 5 2 3 4 5 2 4 5 5 | 18 25  0 7 1 0 11 1 0 13 1 1 8 1 1 13 1 1 15 1 2 9 2 2 10 1 3 9 1 3 12 2 4 10 1 4 13 1 4 14 1 5 11 1 5 15 1 5 16 1 6 12 1 6 16 1 6 17 1 7 15 1 7 16 1 8 14 1 8 17 1 10 17 1 11 14 1
R 39318 54 81 6 388 3 4 5 0 2 1 0 4 1 5 0 2 0 3 1 2 4 3 3 0 2 4 1 5 1 2 3 2 3 4 1 2 5 5 1 2 2 0 4 3 1 2 1 0 4 4 5 0 0 1 4 0 4 3 0 1 2 4 3 5 5 3 2 1 4 3 4 5 2 0 1 5 4 5 1 0 3 2 5 0 3 | 18 26  0 8 1 0 12 1 0 14 1 1 8 1 1 15 1 1 17 1 2 9 1 2 12 1 2 17 1 3 9 1 3 13 1 3 14 1 4 10 1 4 13 1 4 15 1 5 10 1 5 15 1 5 16 1 6 11 1 6 14 1 6 17 1 7 11 2 7 16 1 8 12 1 9 13 1 10 16 1
R 7150 54 81 6 152 3 4 5 1 2 0 0 3 2 1 0 4 2 3 5 1 0 3 4 2 5 5 0 2 1 2 3 0 2 3 1 4 2 5 3 4 3 1 5 0 5 2 2 0 1 2 4 0 2 3 0 1 3 5 0 1 2 4 5 3 5 4 1 2 3 5 0 1 4 2 4 5 0 3 1 3 1 4 4 5 0 | 18 25  0 8 1 0 9 1 0 17 1 1 9 2 1 10 1 2 10 1 2 12 1 2 13 1 3 11 1 3 13 1 3 16 1 4 11 2 4 16 1 5 12 1 5 14 1 5 15 1 6 12 1 6 15 1 6 16 1 7 14 1 7 15 1 7 17 1 8 13 1 8 14 1 10 17 1
R 81199 54 81 6 270 1 2 3 1 4 0 3 5 2 1 4 3 5 1 2 0 4 2 2 0 1 3 4 5 2 0 1 0 2 3 4 5 0 0 2 1 3 5 4 2 1 4 3 1 4 0 1 3 0 3 2 5 0 3 0 4 5 3 2 5 4 1 0 5 0 2 3 0 4 3 5 1 3 5 4 1 2 5 4 1 2 | 18 26  0 7 1 0 11 2 1 8 1 1 12 1 1 13 1 2 9 1 2 10 1 2 12 1 3 9 1 3 13 1 3 15 1 4 10 1 4 14 1 4 15 1 5 11 1 5 15 1 5 17 1 6 13 1 6 16 1 6 17 1 7 16 1 7 17 1 8 14 1 8 16 1 9 12 1 10 14 1
R 22886 54 81 6 171 3 4 5 4 3 2 0 1 2 0 1 4 4 2 5 0 3 5 1 2 3 0 1 3 1 2 3 0 2 3 4 1 5 3 5 2 0 2 3 1 0 4 1 2 5 0 2 1 3 0 4 1 0 4 0 1 2 1 5 0 4 3 5 2 3 5 0 1 3 4 1 2 4 5 0 5 4 2 4 5 3 | 18 25  0 8 1 0 12 1 0 13 1 1 9 2 1 10 1 2 9 1 2 13 1 2 16 1 3 10 1 3 14 1 3 15 1 4 11 2 4 15 1 5 11 1 5 16 1 5 17 1 6 12 1 6 13 1 6 14 1 7 12 1 7 15 1 7 16 1 8 14 1 8 17 1 10 17 1
R 9370 54 81 6 327 3 1 2 0 2 3 2 1 4 0 1 3 0 2 3 4 1 5 2 4 1 4 1 0 0 2 1 3 4 5 4 3 5 5 1 3 1 2 0 4 1 3 1 0 2 0 2 4 4 1 0 0 2 4 4 5 0 1 4 5 0 3 5 2 4 5 4 5 1 0 2 3 3 0 5 5 2 3 3 2 1 | 18 25  0 8 2 0 9 1 1 9 1 1 12 1 1 13 1 2 10 1 2 14 1 2 15 1 3 10 1 3 14 1 3 17 1 4 11 1 4 16 1 4 17 1 5 11 2 5 16 1 6 12 1 6 13 1 6 14 1 7 12 1 7 13 1 7 17 1 8 15 1 9 16 1 10 15 1
R 68323 54 81 6 75 3 4 5 0 3 1 1 0 4 1 2 0 0 1 2 2 3 4 2 0 4 1 2 3 1 5 3 3 5 0 0 2 3 0 1 4 3 2 0 4 2 1 0 2 1 2 3 4 1 4 0 0 5 3 0 1 2 4 5 2 2 3 5 4 5 3 5 3 4 5 1 0 3 5 1 4 5 0 2 4 1 | 18 27  0 7 1 0 10 1 0 11 1 1 8 1 1 13 1 1 17 1 2 9 1 2 14 1 2 15 1 3 10 1 3 12 1 3 13 1 4 10 1 4 16 1 4 17 1 5 11 1 5 12 1 5 13 1 6 11 1 6 16 1 6 17 1 7 12 1 7 14 1 8 15 1 8 16 1 9 14 1 9 15 1
R 58217 54 81 6 75 1 2 3 1 0 3 5 0 1 0 2 3 5 1 2 2 0 4 0 4 1 3 4 5 4 3 0 3 1 0 3 1 2 4 2 5 0 2 1 3 0 4 1 2 0 4 2 0 2 4 3 3 0 1 0 4 5 2 5 4 2 4 3 4 1 5 0 3 4 3 1 5 3 2 5 1 2 1 5 5 0 | 18 24  0 7 1 0 12 2 1 8 2 1 14 1 2 9 2 2 15 1 3 10 1 3 11 1 3 15 1 4 10 1 4 14 1 4 17 1 5 11 1 5 13 1 5 17 1 6 12 1 6 13 1 6 14 1 7 15 1 7 17 1 8 16 1 9 16 1 10 13 1 11 16 1
R 55234 54 81 6 213 3 1 2 1 0 2 0 1 4 0 2 3 2 4 1 1 3 2 4 3 0 0 2 1 5 2 0 4 2 5 3 4 5 1 2 0 3 0 1 3 2 4 1 2 3 5 4 3 2 0 4 1 3 0 4 5 0 3 4 5 3 2 5 1 4 5 3 0 5 5 0 4 5 2 1 3 1 4 0 1 2 | 18 26  0 7 2 0 10 1 1 8 1 1 12 1 1 17 1 2 9 1 2 12 1 2 13 1 3 10 1 3 11 1 3 12 1 4 11 1 4 13 1 4 16 1 5 11 1 5 15 1 5 17 1 6 14 1 6 15 1 6 16 1 7 16 1 8 13 1 8 14 1 9 14 1 9 15 1 10 17 1
R 33741 54 81 6 1430 3 4 5 0 1 2 0 3 1 3 0 5 4 1 2 0 3 2 1 5 0 0 2 4 1 2 3 4 5 1 2 1 0 1 3 2 0 2 3 0 1 3 0 5 2 5 3 4 1 0 2 3 4 0 0 1 2 3 5 4 2 5 4 4 1 2 3 5 0 4 1 5 4 3 2 5 3 1 4 5 0 | 18 26  0 8 1 0 12 1 0 13 1 1 9 1 1 11 1 1 12 1 2 9 1 2 12 1 2 14 1 3 10 1 3 14 1 3 17 1 4 10 2 4 15 1 5 11 1 5 15 1 5 16 1 6 13 1 6 14 1 6 15 1 7 13 1 7 16 1 7 17 1 8 16 1 8 17 1 9 11 1
R 74681 54 81 6 3149 3 4 5 4 3 0 1 2 5 1 5 2 0 1 2 5 1 4 3 0 1 1 2 3 0 2 3 0 2 3 2 0 3 3 4 1 0 1 5 3 1 4 0 5 2 2 5 0 0 2 5 3 1 4 0 1 2 5 2 1 4 3 0 4 3 0 5 4 3 0 2 3 5 4 2 4 5 1 4 5 1 | 18 26  0 7 1 0 9 1 0 12 1 1 8 1 1 13 1 1 15 1 2 9 1 2 16 1 2 17 1 3 10 1 3 12 1 3 13 1 4 10 1 4 12 1 4 14 1 5 11 2 5 15 1 6 11 1 6 16 1 6 17 1 7 14 1 7 17 1 8 14 1 8 15 1 9 13 1 10 16 1
R 22344 54 81 CAP 5000001 | 18 24  0 8 1 0 13 1 0 14 1 1 9 2 1 10 1 2 9 1 2 16 1 2 17 1 3 10 2 3 16 1 4 11 1 4 14 1 4 15 1 5 11 1 5 14 1 5 17 1 6 12 1 6 15 1 6 17 1 7 12 2 7 15 1 8 13 1 8 16 1 11 13 1
R 1326 54 81 6 1056 1 2 3 4 1 5 0 4 2 2 0 3 5 3 1 3 4 5 2 0 1 2 0 1 3 4 5 2 5 1 0 2 1 3 0 5 1 3 0 1 0 3 2 4 1 0 2 3 5 2 4 5 0 3 0 4 5 0 3 2 3 5 1 1 4 5 2 4 0 2 0 1 4 5 3 3 5 4 1 2 4 | 18 22  0 8 1 0 10 2 1 9 2 1 11 1 2 10 1 2 12 1 2 17 1 3 11 2 3 14 1 4 12 2 4 16 1 5 13 1 5 14 1 5 15 1 6 13 2 6 16 1 7 14 1 7 15 1 7 17 1 8 16 1 8 17 1 9 15 1
R 52585 54 81 6 4880 3 4 5 0 1 2 4 0 3 1 2 0 1 3 0 5 2 4 2 4 5 1 2 3 2 3 5 2 3 0 0 2 3 4 2 3 1 0 4 3 2 0 5 1 4 4 3 1 0 5 2 2 1 0 0 1 2 4 3 5 1 5 2 4 5 3 5 2 4 0 1 3 1 0 3 4 5 0 1 4 5 | 18 25  0 7 1 0 10 1 0 12 1 1 8 1 1 12 1 1 15 1 2 9 2 2 15 1 3 10 1 3 13 1 3 14 1 4 11 1 4 14 1 4 17 1 5 11 2 5 16 1 6 13 1 6 14 1 6 17 1 7 13 1 7 17 1 8 15 1 8 16 1 9 16 1 10 12 1
R 15708 54 81 6 3245 3 1 2 3 2 4 0 3 4 1 0 3 0 2 3 1 4 2 0 3 2 1 2 5 0 2 1 1 4 2 0 2 3 3 4 5 1 2 0 5 2 3 3 1 4 2 0 4 1 4 0 5 0 1 4 5 0 0 1 5 5 2 1 4 5 2 1 4 5 3 0 5 1 5 4 0 4 3 3 3 2 | 18 23  0 8 2 0 11 1 1 9 1 1 10 2 2 9 1 2 14 1 2 15 1 3 10 1 3 15 1 3 16 1 4 11 1 4 12 2 5 12 1 5 14 1 5 16 1 6 13 1 6 14 1 6 17 1 7 13 2 7 15 1 8 16 1 9 17 1 11 17 1
R 74090 54 81 6 111 3 4 5 0 1 4 1 2 5 3 4 2 0 2 4 1 4 0 5 0 1 1 2 3 2 4 5 0 2 3 0 2 1 3 1 4 1 0 4 2 1 0 5 4 3 5 0 4 2 1 3 2 0 3 0 1 2 3 2 5 4 3 0 5 0 1 3 5 1 3 2 5 2 3 4 5 4 0 1 5 4 | 18 27  0 7 1 0 9 1 0 12 1 1 8 1 1 11 1 1 17 1 2 9 1 2 10 1 2 11 1 3 10 1 3 14 1 3 15 1 4 12 1 4 13 1 4 14 1 5 13 1 5 15 1 5 16 1 6 14 1 6 15 1 6 16 1 7 12 1 7 13 1 8 16 1 8 17 1 9 11 1 10 17 1
R 95046 54 81 6 117 3 4 5 0 1 2 1 0 3 1 0 5 0 1 3 0 2 1 1 2 3 5 2 1 4 3 5 4 2 0 0 2 5 3 0 4 1 0 4 2 0 1 2 1 3 0 3 2 3 4 5 0 2 3 0 1 2 3 4 5 2 4 5 3 4 2 2 5 4 3 4 5 4 5 0 0 1 5 1 3 1 | 18 26  0 6 1 0 10 1 0 12 1 1 7 2 1 11 1 2 8 1 2 13 1 2 14 1 3 9 1 3 15 1 3 16 1 4 11 1 4 13 1 4 17 1 5 12 1 5 14 1 5 17 1 6 10 1 6 12 1 7 16 1 8 14 1 8 15 1 9 15 1 9 16 1 10 13 1 11 17 1
R 63037 54 81 6 2016 3 4 5 0 4 2 0 5 4 4 1 5 3 0 1 1 2 3 0 1 2 1 2 3 1 2 4 2 4 0 2 5 1 0 2 3 1 0 4 1 5 4 2 3 5 0 4 1 0 2 3 3 0 4 0 1 2 5 3 1 3 2 1 0 3 2 4 5 2 4 5 0 5 3 4 4 5 0 3 5 1 | 18 26  0 7 1 0 11 1 0 12 1 1 8 1 1 12 1 1 17 1 2 9 1 2 13 1 2 14 1 3 10 2 3 15 1 4 10 1 4 16 1 4 17 1 5 11 1 5 12 1 5 13 1 6 11 1 6 13 1 6 16 1 7 14 1 7 17 1 8 14 1 8 15 1 9 15 1 9 16 1
R 2337 54 81 6 10917 3 1 2 0 2 3 0 4 3 1 0 2 1 3 4 0 1 2 5 3 4 0 1 3 0 2 1 5 3 2 3 4 1 4 5 0 4 3 2 0 2 3 3 1 2 1 0 4 5 1 4 0 2 3 4 5 0 1 4 5 2 5 1 3 4 5 2 0 5 5 3 4 0 1 2 5 4 2 3 0 1 | 18 23  0 8 2 0 10 1 1 9 2 1 15 1 2 10 2 2 13 1 3 11 1 3 13 1 3 14 1 4 11 1 4 14 1 4 17 1 5 12 1 5 15 1 5 17 1 6 12 2 6 16 1 7 13 1 7 14 1 7 15 1 8 16 1 9 16 1 11 17 1
R 39149 54 81 6 302 3 4 5 0 2 1 1 0 2 3 2 5 0 2 4 5 1 3 0 1 4 3 1 5 1 2 3 5 2 4 4 5 0 5 3 4 2 0 4 0 1 3 1 2 4 0 1 2 2 0 1 3 5 0 0 1 2 4 3 5 3 5 4 0 1 4 1 5 3 2 0 4 2 5 3 0 4 2 5 3 1 | 18 26  0 8 1 0 12 1 0 13 1 1 8 1 1 12 1 1 13 1 2 9 1 2 12 1 2 17 1 3 9 2 3 13 1 4 10 1 4 14 1 4 15 1 5 10 1 5 14 1 5 15 1 6 11 1 6 15 1 6 16 1 7 11 1 7 16 1 7 17 1 8 16 1 10 14 1 11 17 1
R 59688 54 81 6 166 3 4 5 1 0 2 1 3 2 0 2 1 3 1 4 1 0 4 2 4 5 1 2 3 2 5 1 4 2 5 4 1 2 5 4 1 0 2 3 1 0 3 0 1 2 5 3 4 0 3 2 1 2 0 0 1 2 3 4 5 0 4 5 3 5 4 0 5 2 2 5 3 0 3 1 4 5 0 4 3 1 | 18 25  0 7 1 0 12 1 0 13 1 1 8 1 1 12 1 1 13 1 2 9 1 2 13 1 2 14 1 3 10 1 3 12 1 3 16 1 4 10 2 4 15 1 5 11 1 5 16 1 5 17 1 6 11 2 6 16 1 7 14 1 7 17 1 8 15 1 8 17 1 9 14 1 9 15 1
R 6541 54 81 6 792 1 2 3 0 4 1 2 3 0 1 4 2 5 2 3 0 3 4 2 0 1 1 0 2 3 4 5 0 2 1 3 4 0 1 3 2 1 3 4 4 0 5 0 3 1 0 2 3 4 2 0 5 0 1 0 4 5 3 2 5 1 4 5 0 5 3 0 1 4 5 2 1 3 4 5 5 3 4 1 2 2 | 18 24  0 8 1 0 9 2 1 9 1 1 10 2 2 10 1 2 11 2 3 11 1 3 14 1 3 17 1 4 12 1 4 13 1 4 14 1 5 12 1 5 14 1 5 15 1 6 13 1 6 15 1 6 16 1 7 15 1 7 16 1 7 17 1 8 16 1 8 17 1 12 13 1
R 52877 54 81 6 100 1 2 3 1 4 0 2 0 1 0 4 2 3 1 2 5 0 1 5 2 3 3 4 5 2 0 1 4 1 0 0 2 1 2 5 4 5 3 0 2 1 3 0 3 4 3 1 0 2 3 0 0 5 3 0 4 5 3 2 5 3 5 4 3 5 1 0 4 5 3 2 4 0 1 4 1 2 5 4 2 1 | 18 25  0 7 1 0 10 2 1 8 1 1 12 1 1 13 1 2 9 2 2 13 1 3 10 1 3 15 1 3 17 1 4 11 1 4 12 1 4 14 1 5 11 1 5 15 1 5 16 1 6 13 1 6 14 1 6 15 1 7 16 1 7 17 1 8 16 1 8 17 1 9 14 1 11 12 1
R 50207 54 81 6 4728 3 1 2 2 0 4 3 0 4 0 2 3 5 2 4 3 1 2 1 3 0 0 2 1 3 4 5 5 4 0 3 4 5 3 4 2 1 0 2 0 1 4 3 1 4 5 0 1 4 1 5 3 1 0 4 5 0 1 3 5 1 2 5 1 4 5 0 1 3 5 0 4 5 2 4 3 0 2 3 2 2 | 18 25  0 7 2 0 10 1 1 8 1 1 12 1 1 17 1 2 9 1 2 13 1 2 14 1 3 10 1 3 12 1 3 13 1 4 11 2 4 15 1 5 11 1 5 16 1 5 17 1 6 12 1 6 14 1 6 15 1 7 16 1 8 14 1 8 15 1 9 13 1 9 16 1 10 17 1
R 6441 54 81 6 6969 3 1 2 0 4 3 1 2 0 3 4 1 5 3 0 4 0 5 1 0 2 3 4 2 0 2 1 3 4 1 0 2 3 4 2 1 1 4 5 2 4 0 4 2 3 2 5 0 4 1 3 3 0 1 4 5 0 2 5 1 4 3 5 0 5 2 2 1 4 3 1 2 3 5 4 1 5 0 3 5 0 | 18 23  0 8 2 0 9 1 1 9 2 1 10 1 2 10 1 2 11 2 3 11 1 3 14 1 3 17 1 4 12 1 4 14 1 4 15 1 5 12 1 5 15 1 5 16 1 6 13 1 6 16 1 6 17 1 7 13 2 7 16 1 8 15 1 10 17 1 12 14 1
R 75734 54 81 6 722 3 4 5 1 0 3 1 2 0 0 4 2 3 0 5 1 0 5 2 4 5 1 2 3 2 3 1 0 2 3 1 3 4 5 4 3 1 0 4 2 5 1 4 0 3 2 3 0 2 1 0 1 2 4 0 1 2 4 2 5 4 3 5 5 3 1 2 4 1 2 4 3 0 1 3 4 5 5 0 5 0 | 18 26  0 7 1 0 9 1 0 12 1 1 8 1 1 14 1 1 16 1 2 9 1 2 13 1 2 14 1 3 10 1 3 12 1 3 14 1 4 10 1 4 13 1 4 15 1 5 11 1 5 16 1 5 17 1 6 11 2 6 16 1 7 15 1 7 17 1 8 15 1 8 17 1 9 12 1 10 13 1
R 46162 54 81 6 81 3 1 2 2 3 4 1 0 3 0 4 3 1 2 0 3 4 1 0 3 1 0 2 1 1 4 5 5 3 0 3 4 1 0 2 3 1 4 0 2 3 1 0 3 4 1 0 4 0 4 3 1 0 4 4 5 0 0 1 5 4 5 2 2 5 1 4 5 3 2 5 0 4 2 5 3 2 3 1 2 5 | 18 23  0 7 2 0 10 1 1 8 1 1 14 1 1 15 1 2 9 1 2 14 1 2 15 1 3 10 2 3 11 1 4 11 2 4 12 1 5 12 2 5 13 1 6 13 1 6 14 1 6 16 1 7 15 1 8 16 1 8 17 1 9 16 1 9 17 1 13 17 1
R 18228 54 81 6 393 3 1 2 3 4 2 1 0 2 0 1 5 1 4 2 3 2 4 0 3 2 1 0 3 0 2 1 2 0 4 5 1 3 3 1 0 4 2 1 4 0 1 3 0 2 3 4 5 1 0 4 1 3 5 4 5 0 1 0 5 3 5 4 2 4 3 5 3 0 0 5 1 5 1 4 4 5 2 3 2 2 | 18 22  0 8 2 0 15 1 1 9 1 1 10 1 1 16 1 2 9 2 2 11 1 3 10 2 3 12 1 4 11 1 4 13 1 4 17 1 5 12 2 5 14 1 6 13 1 6 15 1 6 17 1 7 14 2 7 16 1 8 16 1 11 17 1 13 15 1
R 63257 54 81 6 91 3 4 5 0 4 2 0 2 1 4 2 3 0 1 5 1 2 3 0 1 4 1 2 3 1 2 0 1 4 0 5 1 4 0 2 3 1 0 4 0 5 2 4 2 1 0 3 2 0 3 1 0 1 3 0 1 2 5 3 1 3 5 4 0 1 5 2 3 4 4 5 0 5 3 2 4 5 3 4 5 2 | 18 26  0 7 1 0 11 1 0 12 1 1 8 1 1 12 1 1 13 1 2 9 1 2 14 1 2 15 1 3 10 1 3 15 1 3 17 1 4 10 2 4 16 1 5 11 1 5 12 1 5 14 1 6 11 1 6 14 1 6 17 1 7 13 1 7 16 1 8 13 1 8 17 1 9 15 1 9 16 1
R 33626 54 81 6 589 3 4 5 1 3 4 0 2 5 1 3 5 4 0 5 1 2 3 0 2 1 0 2 4 1 2 3 4 0 1 4 5 3 0 2 3 1 0 4 2 3 5 2 3 0 0 2 1 2 0 1 4 3 1 0 1 2 2 0 5 3 1 4 0 2 4 1 3 2 4 5 0 3 4 5 1 3 5 5 4 5 | 18 26  0 8 1 0 11 1 0 12 1 1 9 1 1 13 1 1 15 1 2 9 1 2 14 1 2 15 1 3 10 2 3 14 1 4 10 1 4 15 1 4 17 1 5 11 1 5 16 1 5 17 1 6 12 1 6 13 1 6 14 1 7 13 1 7 16 1 7 17 1 8 12 1 8 16 1 9 11 1
R 47768 54 81 6 118 3 4 5 1 0 2 2 4 5 1 2 0 3 4 1 3 0 2 1 3 2 1 2 3 4 2 0 3 5 4 0 2 3 4 2 1 2 1 0 0 2 4 1 0 3 1 2 5 4 0 3 3 0 1 0 1 2 3 5 4 0 1 3 4 3 5 0 5 2 5 1 4 4 5 0 4 5 1 2 5 3 | 18 24  0 7 1 0 10 1 0 14 1 1 8 2 1 14 1 2 9 2 2 15 1 3 10 1 3 11 2 4 11 1 4 13 1 4 17 1 5 12 1 5 13 1 5 17 1 6 12 1 6 14 1 6 15 1 7 15 1 7 16 1 8 16 1 9 16 1 10 17 1 12 13 1
R 29969 54 81 6 232 3 4 5 0 3 4 0 1 2 1 2 3 5 3 0 2 0 1 4 2 5 0 4 1 1 2 3 5 2 4 0 3 1 2 1 4 1 0 3 0 2 3 1 0 2 2 0 4 4 5 3 1 3 5 0 1 2 1 5 2 3 5 4 5 0 4 2 4 1 3 4 5 3 1 0 5 3 2 4 5 0 | 18 26  0 8 1 0 13 1 0 17 1 1 9 1 1 11 1 1 12 1 2 9 1 2 12 1 2 13 1 3 10 1 3 11 1 3 17 1 4 10 2 4 16 1 5 11 1 5 12 1 5 13 1 6 14 1 6 15 1 6 16 1 7 14 1 7 15 1 7 16 1 8 14 1 8 15 1 9 17 1
R 54476 54 81 6 1654 1 2 3 2 4 5 5 2 1 0 4 2 0 3 4 4 3 0 2 0 1 3 4 5 1 3 2 1 3 5 0 2 1 4 0 2 0 2 3 1 0 4 1 3 0 3 2 0 5 0 4 5 0 3 0 4 5 0 3 1 0 4 3 3 5 1 1 5 2 5 1 2 3 5 4 1 2 5 4 2 4 | 18 26  0 7 1 0 10 2 1 8 1 1 11 1 1 12 1 2 9 1 2 12 1 2 16 1 3 10 1 3 14 1 3 17 1 4 11 1 4 12 1 4 13 1 5 11 1 5 15 1 5 16 1 6 13 1 6 15 1 6 17 1 7 16 1 7 17 1 8 13 1 8 14 1 9 14 1 9 15 1
R 22911 54 81 6 857 3 4 5 0 2 3 5 4 3 1 0 2 1 0 2 3 4 5 1 2 3 0 4 1 1 2 3 1 3 2 4 0 2 3 2 0 0 2 3 1 0 4 1 4 5 0 5 3 1 5 2 0 1 4 0 1 2 4 5 1 0 2 1 5 4 3 4 5 3 1 0 2 4 5 0 5 3 2 4 5 3 | 18 25  0 8 1 0 12 1 0 13 1 1 9 2 1 10 1 2 9 1 2 14 1 2 15 1 3 10 1 3 15 1 3 16 1 4 11 2 4 13 1 5 11 1 5 16 1 5 17 1 6 12 1 6 13 1 6 14 1 7 12 1 7 14 1 7 15 1 8 16 1 8 17 1 10 17 1
R 48054 54 81 6 103 1 2 3 3 1 4 0 1 4 0 4 1 2 3 0 4 1 3 0 2 1 3 4 5 2 5 1 5 4 3 0 2 1 3 4 0 1 0 3 1 4 0 0 3 2 2 1 4 2 0 4 3 5 1 0 4 5 0 2 5 2 3 5 3 2 5 1 4 5 5 2 0 5 3 4 1 2 3 4 1 0 | 18 25  0 7 1 0 10 2 1 8 1 1 12 1 1 14 1 2 9 1 2 15 1 2 16 1 3 10 1 3 11 2 4 11 1 4 12 1 4 13 1 5 12 1 5 13 1 5 15 1 6 15 1 6 16 1 6 17 1 7 14 1 7 17 1 8 13 1 8 14 1 9 16 1 9 17 1
R 22757 54 81 6 247 3 4 5 0 3 4 1 2 3 1 0 2 0 1 2 4 0 5 2 1 4 0 1 4 1 2 3 1 4 3 2 0 4 2 4 5 1 4 3 0 2 3 0 1 4 1 0 2 3 1 0 5 1 2 0 1 2 2 5 1 0 5 4 3 5 4 3 5 4 1 2 3 0 5 3 5 3 2 4 5 0 | 18 25  0 8 1 0 13 1 0 14 1 1 9 2 1 10 1 2 9 1 2 14 1 2 17 1 3 10 2 3 16 1 4 11 1 4 12 1 4 13 1 5 11 1 5 12 1 5 14 1 6 12 1 6 15 1 6 17 1 7 13 1 7 15 1 7 16 1 8 15 1 8 16 1 11 17 1
R 4358 54 81 6 10440 3 4 5 3 1 2 3 4 1 0 1 2 0 2 4 0 1 3 4 3 5 0 4 2 1 2 3 5 2 1 2 1 4 0 4 3 5 3 2 0 2 3 0 1 4 3 2 0 1 4 0 0 1 4 0 1 2 0 4 5 0 2 5 3 5 4 1 5 3 4 5 2 0 1 2 5 3 1 4 5 3 | 18 23  0 8 1 0 13 1 0 14 1 1 9 2 1 14 1 2 10 1 2 11 2 3 10 2 3 13 1 4 11 1 4 15 1 4 17 1 5 12 1 5 16 1 5 17 1 6 12 2 6 16 1 7 13 1 7 14 1 7 15 1 8 15 1 8 17 1 9 16 1
R 10219 54 81 6 147 1 2 3 0 4 1 2 1 5 3 1 4 1 0 2 3 4 2 5 0 3 0 2 1 3 4 5 0 2 1 5 4 2 2 4 0 4 5 3 0 3 2 0 3 1 3 0 2 3 5 1 4 1 0 0 4 5 3 2 5 3 0 4 0 5 2 3 4 5 1 5 0 1 4 2 5 4 3 1 2 1 | 18 25  0 8 1 0 9 2 1 9 1 1 12 1 1 15 1 2 10 1 2 12 1 2 13 1 3 10 1 3 13 1 3 14 1 4 11 1 4 16 1 4 17 1 5 11 2 5 16 1 6 13 1 6 14 1 6 16 1 7 14 1 7 15 1 7 17 1 8 15 1 8 17 1 10 12 1
R 82120 54 81 6 782 3 4 5 1 4 2 1 0 2 3 4 2 5 3 4 0 1 4 1 0 5 1 2 3 0 2 3 2 3 0 4 3 1 4 1 5 5 0 3 0 4 3 3 4 1 0 5 2 2 0 1 1 0 4 0 1 2 5 0 3 4 5 3 1 0 5 0 2 1 3 2 5 2 4 3 4 5 1 4 5 2 | 18 25  0 7 1 0 13 1 0 17 1 1 8 1 1 14 1 1 15 1 2 9 1 2 10 1 2 17 1 3 9 1 3 11 1 3 13 1 4 10 2 4 12 1 5 11 1 5 14 1 5 16 1 6 12 2 6 16 1 7 15 1 7 17 1 8 15 1 8 16 1 9 14 1 11 13 1
R 52877 54 81 6 196 1 2 3 1 2 0 1 0 3 0 4 2 4 1 5 2 0 1 1 2 3 3 4 5 5 0 1 2 3 0 0 2 1 5 0 4 2 5 3 1 3 4 0 2 4 1 3 0 0 3 2 5 0 3 0 4 5 3 4 5 4 5 2 3 5 1 2 0 3 3 5 4 0 5 4 1 2 2 4 1 1 | 18 25  0 7 1 0 10 2 1 8 1 1 12 1 1 13 1 2 9 2 2 13 1 3 10 1 3 15 1 3 17 1 4 11 1 4 12 1 4 14 1 5 11 1 5 16 1 5 17 1 6 13 1 6 14 1 6 15 1 7 16 1 7 17 1 8 15 1 8 16 1 9 14 1 11 12 1
R 21522 54 81 6 438 3 1 2 2 0 4 2 3 5 1 0 3 3 0 2 0 4 1 2 1 5 3 0 5 0 2 1 1 4 5 3 0 2 1 2 5 5 0 4 1 0 3 3 4 5 0 3 2 5 1 4 1 3 2 4 5 0 3 1 5 0 1 4 4 5 2 4 5 1 3 2 5 3 4 0 1 2 4 3 2 0 | 18 24  0 8 2 0 14 1 1 9 1 1 10 1 1 17 1 2 9 1 2 15 1 2 17 1 3 10 2 3 16 1 4 11 1 4 13 1 4 14 1 5 11 1 5 14 1 5 15 1 6 12 1 6 13 1 6 17 1 7 12 2 7 15 1 8 16 1 9 13 1 11 16 1
R 50040 54 81 6 91046 3 1 2 2 0 4 0 4 5 0 2 3 3 2 5 0 1 2 1 3 0 0 2 1 4 3 5 1 2 4 3 4 5 4 5 2 1 0 2 1 0 3 3 4 1 2 3 5 4 1 0 3 1 0 4 5 0 1 3 5 3 2 1 1 4 5 0 1 4 3 5 4 5 4 2 3 2 0 0 5 2 | 18 25  0 7 2 0 10 1 1 8 1 1 12 1 1 17 1 2 9 1 2 14 1 2 15 1 3 10 1 3 12 1 3 13 1 4 11 2 4 13 1 5 11 1 5 14 1 5 17 1 6 12 1 6 15 1 6 16 1 7 16 1 8 13 1 8 14 1 9 15 1 9 16 1 10 17 1
R 56546 54 81 6 484 3 4 5 5 1 2 1 2 0 1 3 4 0 2 5 1 2 0 0 3 4 1 2 3 0 2 1 4 0 2 4 2 1 2 0 3 0 2 3 4 3 2 1 0 4 2 5 0 1 3 0 0 1 4 0 1 2 3 4 0 5 3 4 0 5 2 3 1 4 4 5 3 1 5 2 4 5 5 1 3 5 | 18 23  0 7 1 0 12 1 0 17 1 1 8 2 1 13 1 2 9 1 2 15 1 2 16 1 3 10 1 3 11 1 3 14 1 4 10 1 4 11 2 5 12 2 5 14 1 6 13 2 6 16 1 7 15 1 7 17 1 8 16 1 9 15 1 9 17 1 10 14 1
R 57677 54 81 6 3381 3 4 5 3 5 4 4 0 5 1 0 2 3 4 2 5 3 4 1 2 0 1 2 3 1 4 2 3 5 0 2 3 0 4 3 2 0 2 3 1 0 4 2 0 5 1 2 4 0 3 1 1 0 4 0 1 2 0 2 1 1 2 3 4 5 3 1 0 5 0 1 2 4 5 3 4 5 5 3 4 5 | 18 24  0 7 1 0 12 1 0 17 1 1 8 1 1 13 1 1 14 1 2 9 2 2 15 1 3 10 1 3 11 1 3 17 1 4 10 1 4 15 1 4 16 1 5 11 2 5 16 1 6 12 2 6 13 1 7 14 1 7 17 1 8 13 1 8 14 1 9 16 1 10 15 1
R 89915 54 81 6 1593 3 1 2 0 2 4 5 0 1 1 0 3 2 3 0 0 2 3 0 2 1 3 4 2 4 1 5 3 5 1 1 0 3 3 4 5 2 1 4 0 1 2 1 4 2 5 3 2 0 1 5 0 1 3 4 5 0 1 5 3 2 3 4 2 4 5 4 5 1 1 5 4 3 0 5 3 0 0 4 2 2 | 18 25  0 6 2 0 11 1 1 7 1 1 12 1 1 13 1 2 8 1 2 12 1 2 15 1 3 9 1 3 13 1 3 14 1 4 10 2 4 15 1 5 11 1 5 13 1 5 16 1 6 16 1 7 12 1 7 17 1 8 14 1 8 15 1 9 14 1 9 17 1 10 16 1 11 17 1
R 90489 54 81 6 144 1 2 3 0 2 4 1 0 2 1 4 5 0 4 1 1 4 3 3 4 5 1 4 2 2 4 0 5 2 0 0 2 1 3 1 2 0 3 4 0 3 4 2 0 3 3 1 0 3 2 4 1 3 5 0 4 5 3 5 1 3 5 4 3 2 0 3 2 5 0 2 5 1 2 5 0 1 5 1 4 4 | 18 26  0 6 1 0 10 2 1 7 1 1 11 1 1 12 1 2 8 1 2 12 1 2 15 1 3 9 1 3 15 1 3 16 1 4 10 1 4 12 1 4 13 1 5 11 1 5 13 1 5 15 1 6 14 1 6 17 1 7 16 1 7 17 1 8 13 1 8 14 1 9 16 1 9 17 1 11 14 1
R 58631 54 81 6 157 3 4 5 1 3 2 0 2 4 3 4 5 0 2 1 2 0 1 1 4 3 1 2 3 2 4 5 3 4 0 2 5 4 1 0 4 0 2 3 1 0 2 0 3 5 0 3 4 0 4 1 5 3 2 0 1 2 0 4 5 5 3 1 0 1 2 3 5 4 3 5 4 2 5 0 4 5 1 3 2 1 | 18 25  0 7 1 0 12 1 0 14 1 1 8 1 1 12 1 1 13 1 2 9 1 2 13 1 2 14 1 3 10 2 3 11 1 4 10 1 4 12 1 4 17 1 5 11 2 5 14 1 6 15 1 6 16 1 6 17 1 7 13 1 7 15 1 8 15 1 8 16 1 9 16 1 9 17 1
R 54331 54 81 6 229 3 1 2 0 2 4 1 0 3 0 2 3 0 2 4 1 3 5 4 2 0 0 2 1 3 4 5 3 5 1 3 4 5 3 2 4 0 1 2 1 4 2 1 2 5 3 0 1 4 0 5 0 1 3 4 5 0 1 5 3 2 5 4 1 4 5 1 3 5 0 4 2 3 5 1 3 0 2 0 4 2 | 18 26  0 7 2 0 10 1 1 8 1 1 11 1 1 12 1 2 9 1 2 12 1 2 14 1 3 10 1 3 12 1 3 13 1 4 11 1 4 13 1 4 17 1 5 11 1 5 15 1 5 16 1 6 14 1 6 15 1 6 16 1 7 16 1 8 13 1 8 15 1 9 14 1 9 17 1 10 17 1
R 35023 54 81 6 180 3 4 5 2 0 4 2 3 5 1 2 3 0 1 2 0 1 3 0 5 4 5 0 1 1 2 3 1 3 0 0 2 3 0 3 5 4 5 1 1 2 0 1 4 5 0 2 4 3 1 0 0 5 3 0 1 2 5 1 3 4 0 1 4 0 5 5 3 4 4 2 5 3 2 1 3 4 2 4 5 2 | 18 27  0 8 1 0 10 1 0 11 1 1 9 1 1 11 1 1 13 1 2 9 1 2 14 1 2 15 1 3 10 1 3 12 1 3 13 1 4 10 1 4 14 1 4 17 1 5 11 1 5 14 1 5 15 1 6 12 1 6 16 1 6 17 1 7 15 1 7 16 1 7 17 1 8 13 1 8 16 1 9 12 1
R 26047 54 81 6 35886 3 4 5 3 2 4 2 0 1 0 1 4 3 4 5 3 5 2 1 0 2 0 1 2 1 2 3 1 4 5 5 4 1 0 2 5 0 2 3 0 2 3 1 0 4 1 3 4 2 0 3 1 3 0 0 1 2 0 1 5 3 5 4 3 2 5 0 2 1 1 4 0 3 4 5 4 3 5 5 4 2 | 18 25  0 8 1 0 13 1 0 14 1 1 9 1 1 12 1 1 13 1 2 9 1 2 12 1 2 13 1 3 10 1 3 15 1 3 16 1 4 10 2 4 16 1 5 11 2 5 15 1 6 11 1 6 16 1 6 17 1 7 12 1 7 14 1 7 15 1 8 14 1 8 17 1 9 17 1
R 48631 54 81 6 389 3 4 5 0 1 2 4 5 0 1 2 0 3 4 1 1 3 0 5 0 2 1 2 3 5 3 2 3 0 5 0 2 3 4 2 1 1 0 4 0 3 2 2 3 0 1 4 5 0 2 1 3 0 1 0 1 2 4 3 5 1 2 3 4 3 5 0 5 2 4 5 2 1 3 4 4 5 1 0 4 5 | 18 25  0 7 1 0 10 1 0 12 1 1 8 1 1 12 1 1 13 1 2 9 2 2 15 1 3 10 1 3 11 2 4 11 1 4 16 1 4 17 1 5 13 1 5 14 1 5 15 1 6 13 1 6 16 1 6 17 1 7 14 1 7 17 1 8 14 1 8 15 1 9 16 1 10 12 1
R 35440 54 81 6 97 3 4 5 0 1 2 3 4 5 1 4 2 0 3 4 0 1 2 0 2 1 5 0 4 1 2 3 2 4 0 3 4 2 0 2 3 0 1 3 4 1 2 1 0 5 1 0 4 4 1 0 0 2 3 0 1 2 3 5 4 1 0 2 0 5 3 1 2 5 5 3 4 4 3 5 3 2 1 4 5 5 | 18 27  0 8 1 0 11 1 0 12 1 1 9 1 1 10 1 1 11 1 2 9 1 2 13 1 2 15 1 3 10 1 3 12 1 3 14 1 4 10 1 4 14 1 4 17 1 5 11 1 5 16 1 5 17 1 6 12 1 6 13 1 6 16 1 7 15 1 7 16 1 7 17 1 8 14 1 8 15 1 9 13 1
R 9614 54 81 6 23214 3 1 2 0 2 3 3 5 4 0 5 2 5 0 2 3 1 4 1 0 3 1 2 4 0 2 1 3 4 5 4 2 3 4 1 2 2 0 3 1 0 4 1 2 0 1 0 5 3 4 0 5 1 3 4 5 0 1 5 4 0 1 2 1 3 4 3 1 4 0 5 2 4 5 2 5 3 0 3 2 5 | 18 25  0 8 2 0 9 1 1 9 1 1 14 1 1 15 1 2 10 1 2 12 1 2 13 1 3 10 1 3 13 1 3 14 1 4 11 1 4 16 1 4 17 1 5 11 2 5 16 1 6 12 1 6 13 1 6 15 1 7 12 1 7 14 1 7 17 1 8 15 1 9 17 1 10 16 1
R 37325 54 81 6 324 3 4 5 0 2 1 1 0 2 3 4 5 0 1 2 0 3 5 3 0 5 2 1 4 1 2 3 2 0 4 5 4 2 2 4 5 4 1 3 0 1 3 3 1 0 3 0 4 0 1 2 3 1 2 0 1 2 4 3 5 3 4 5 0 1 2 3 5 4 1 2 4 2 1 4 0 5 3 5 5 0 | 18 25  0 8 1 0 9 1 0 13 1 1 8 1 1 9 1 1 15 1 2 10 1 2 13 1 2 17 1 3 10 2 3 14 1 4 11 1 4 13 1 4 14 1 5 11 1 5 15 1 5 16 1 6 12 1 6 15 1 6 17 1 7 12 2 7 16 1 8 14 1 9 16 1 11 17 1
R 88030 54 81 6 89 3 4 5 0 1 2 0 5 4 1 3 2 1 2 3 0 3 4 0 1 4 1 2 3 2 3 0 0 2 5 2 1 5 3 2 0 4 3 2 4 1 3 1 0 4 1 0 4 0 4 2 1 3 4 0 1 2 4 3 5 3 1 2 4 0 5 4 5 0 1 5 2 2 5 3 4 5 5 1 3 0 | 18 24  0 7 1 0 9 1 0 14 1 1 8 1 1 14 1 1 16 1 2 10 1 2 11 1 2 17 1 3 10 1 3 12 1 3 17 1 4 11 2 4 13 1 5 12 2 5 15 1 6 13 2 6 16 1 7 9 1 7 14 1 8 15 1 8 16 1 9 15 1 10 17 1
R 41951 54 81 6 185 3 1 2 2 4 3 2 4 0 0 2 3 0 2 1 4 2 5 5 3 4 0 2 1 0 3 4 0 1 2 3 4 5 1 5 3 5 2 3 4 3 2 4 0 1 4 5 0 0 4 1 3 1 0 4 5 0 1 5 0 3 1 5 1 4 5 4 5 3 0 1 3 0 1 2 3 2 5 4 2 2 | 18 23  0 7 2 0 10 1 1 8 2 1 11 1 2 9 1 2 15 1 2 17 1 3 10 1 3 12 1 3 14 1 4 11 1 4 13 1 4 15 1 5 12 2 5 14 1 6 13 2 6 15 1 7 16 1 8 16 1 9 16 1 9 17 1 10 14 1 11 17 1
R 25694 54 81 6 1200 3 4 5 1 3 0 0 3 2 4 5 2 1 3 2 0 1 4 2 3 4 0 5 1 1 2 3 2 0 1 0 2 5 3 4 1 5 3 4 1 2 0 0 2 5 0 1 3 3 0 4 1 4 2 0 1 2 4 2 5 5 1 4 1 3 0 4 5 0 2 5 3 0 1 5 4 2 3 4 5 3 | 18 25  0 8 1 0 14 1 0 15 1 1 9 1 1 12 1 1 13 1 2 9 1 2 12 1 2 13 1 3 10 2 3 12 1 4 10 1 4 15 1 4 17 1 5 11 2 5 13 1 6 11 1 6 16 1 6 17 1 7 15 1 7 16 1 7 17 1 8 14 1 8 16 1 9 14 1
R 86934 54 81 6 246 3 4 5 1 3 2 5 4 3 2 0 1 0 1 2 0 5 3 1 0 4 1 2 3 2 4 1 1 0 4 4 5 1 4 1 3 0 2 3 0 2 3 1 0 2 1 0 3 1 2 0 4 3 2 0 1 2 0 4 5 2 0 1 3 4 5 3 4 5 2 4 1 2 5 3 4 5 5 3 5 0 | 18 27  0 7 1 0 13 1 0 15 1 1 8 1 1 13 1 1 14 1 2 9 1 2 11 1 2 12 1 3 9 1 3 12 1 3 13 1 4 10 1 4 15 1 4 17 1 5 10 1 5 16 1 5 17 1 6 11 1 6 12 1 6 14 1 7 14 1 7 16 1 8 15 1 8 16 1 9 11 1 10 17 1
R 15147 54 81 6 89 3 1 2 2 0 4 1 2 4 1 0 3 0 4 3 0 2 3 0 1 2 0 3 1 0 2 1 4 1 0 3 0 4 3 4 1 3 2 1 4 5 1 1 2 3 0 2 3 0 4 5 1 2 0 4 5 0 3 1 5 5 0 3 2 5 4 2 5 1 4 5 1 3 5 4 2 5 4 3 2 0 | 18 23  0 8 2 0 11 1 1 9 1 1 10 1 1 17 1 2 9 1 2 12 1 2 17 1 3 10 2 3 14 1 4 11 2 4 15 1 5 12 2 5 16 1 6 13 1 6 14 1 6 15 1 7 13 1 7 15 1 7 17 1 8 16 1 9 16 1 13 14 1
R 7203 54 81 6 79 1 2 3 0 4 1 2 3 4 3 0 4 2 1 4 1 2 0 1 0 2 1 5 0 3 4 5 0 2 1 3 4 0 4 5 0 0 2 4 1 2 3 0 4 2 1 5 4 3 0 2 1 0 3 0 4 5 3 2 5 1 0 5 2 1 5 3 0 5 5 4 3 3 5 4 3 2 4 1 2 1 | 18 25  0 8 1 0 9 2 1 9 1 1 10 2 2 10 1 2 15 1 2 17 1 3 11 1 3 12 1 3 13 1 4 11 1 4 13 1 4 16 1 5 12 1 5 13 1 5 15 1 6 12 1 6 14 1 6 17 1 7 14 1 7 15 1 7 16 1 8 16 1 8 17 1 11 14 1
R 21061 54 81 6 265 3 1 2 4 3 5 0 3 2 3 0 1 0 2 3 1 4 5 0 1 3 2 5 3 0 2 1 1 5 2 1 0 5 4 3 2 5 3 1 2 4 0 3 4 5 0 1 2 0 4 5 0 1 2 4 5 0 0 2 1 4 1 5 4 5 2 1 5 4 0 2 3 2 4 5 0 1 4 3 3 3 | 18 24  0 8 2 0 14 1 1 9 1 1 10 1 1 13 1 2 9 1 2 14 1 2 17 1 3 10 1 3 13 1 3 14 1 4 11 2 4 15 1 5 11 1 5 16 1 5 17 1 6 12 2 6 15 1 7 12 1 7 16 1 7 17 1 8 16 1 9 13 1 10 15 1
R 39836 54 81 6 342 1 2 3 0 2 4 2 5 4 4 1 2 0 4 2 1 0 3 3 0 1 3 4 5 1 4 2 0 3 4 0 2 1 0 2 1 3 0 4 3 1 4 1 0 2 4 3 2 1 3 5 5 0 3 0 4 5 3 5 1 1 0 3 3 5 0 3 5 1 2 5 4 2 5 4 1 2 0 5 2 4 | 18 23  0 7 1 0 11 2 1 8 2 1 12 1 2 9 1 2 13 1 2 14 1 3 10 2 3 15 1 4 11 1 4 13 1 4 17 1 5 12 2 5 14 1 6 13 1 6 14 1 6 17 1 7 15 1 7 17 1 8 16 1 9 15 1 9 16 1 10 16 1
R 11858 54 81 6 1240 3 4 5 1 2 0 1 0 2 3 4 5 0 2 1 4 5 3 3 5 4 0 2 1 1 2 3 0 2 4 5 4 2 3 2 1 3 1 2 1 0 4 5 0 1 2 0 3 3 4 0 1 3 0 0 1 2 3 4 5 3 5 4 0 1 2 5 4 3 0 2 1 0 1 2 3 4 5 5 4 5 | 18 26  0 8 1 0 9 1 0 13 1 1 9 1 1 11 1 1 12 1 2 10 1 2 16 1 2 17 1 3 10 2 3 16 1 4 11 1 4 12 1 4 14 1 5 11 1 5 14 1 5 16 1 6 12 1 6 15 1 6 17 1 7 13 1 7 15 1 7 17 1 8 13 1 8 14 1 9 15 1
R 22773 54 81 6 81 3 4 5 4 3 2 1 0 2 0 4 1 0 1 2 0 2 4 5 3 2 0 1 4 1 2 3 0 2 3 1 4 2 5 2 4 1 4 2 0 2 3 2 1 5 4 0 3 3 0 1 1 0 4 0 1 2 1 5 0 4 5 3 3 5 2 3 5 4 1 3 5 0 1 4 5 3 2 4 5 0 | 18 25  0 8 1 0 13 1 0 17 1 1 9 2 1 10 1 2 9 1 2 15 1 2 17 1 3 10 2 3 16 1 4 11 1 4 12 1 4 13 1 5 11 1 5 12 1 5 16 1 6 12 1 6 15 1 6 16 1 7 13 1 7 14 1 7 15 1 8 14 1 8 17 1 11 14 1
R 64935 54 81 6 136 3 4 5 1 3 2 1 2 3 2 4 5 1 0 4 1 2 0 0 2 4 1 2 3 0 2 3 0 3 1 3 5 4 0 2 5 0 1 3 0 2 4 2 0 1 2 0 3 1 4 3 1 4 2 0 1 2 5 4 0 4 5 0 0 1 3 2 5 3 3 4 5 5 3 1 4 5 1 4 2 5 | 18 26  0 7 1 0 11 1 0 12 1 1 8 1 1 12 1 1 16 1 2 9 1 2 15 1 2 17 1 3 10 2 3 13 1 4 10 1 4 14 1 4 17 1 5 11 1 5 15 1 5 16 1 6 12 1 6 14 1 6 15 1 7 11 1 7 13 1 8 13 1 8 14 1 9 16 1 9 17 1
R 24958 54 81 6 226 3 1 2 3 2 5 1 0 2 0 4 3 3 0 2 0 1 3 4 0 1 0 2 5 0 2 1 0 5 2 3 4 5 2 1 3 1 2 4 1 0 2 3 4 5 0 3 4 1 5 0 1 3 0 4 5 0 1 4 0 3 5 4 1 2 5 4 5 1 5 4 2 5 3 2 3 1 4 3 2 0 | 18 25  0 8 2 0 14 1 1 9 2 1 10 1 2 9 1 2 15 1 2 17 1 3 10 1 3 16 1 3 17 1 4 11 1 4 13 1 4 14 1 5 11 1 5 13 1 5 15 1 6 12 1 6 13 1 6 14 1 7 12 1 7 15 1 7 16 1 8 16 1 10 17 1 11 12 1
R 12073 54 81 6 200 3 1 2 0 2 3 1 2 5 1 3 5 0 2 4 0 1 4 1 3 0 1 2 3 0 2 1 3 4 5 5 0 4 4 2 5 3 1 2 1 2 0 1 0 3 2 3 5 1 4 0 0 1 3 4 5 0 1 4 5 3 0 4 2 0 4 1 5 3 3 2 5 5 4 2 4 0 5 3 2 1 | 18 26  0 8 2 0 9 1 1 9 1 1 13 1 1 14 1 2 10 1 2 11 1 2 12 1 3 10 1 3 12 1 3 17 1 4 11 1 4 12 1 4 13 1 5 11 1 5 14 1 5 17 1 6 13 1 6 15 1 6 16 1 7 14 1 7 15 1 7 16 1 8 16 1 9 17 1 10 15 1
R 63216 54 81 6 2436 3 4 5 0 1 2 1 0 4 0 1 5 2 5 3 1 2 3 1 0 4 1 2 3 2 3 0 4 3 5 3 5 4 0 2 3 1 0 4 0 4 3 1 5 2 2 0 1 1 3 2 2 0 4 0 1 2 4 3 5 2 3 5 2 4 3 0 1 4 4 5 0 5 2 3 4 5 1 5 0 1 | 18 26  0 7 1 0 11 1 0 12 1 1 8 1 1 12 1 1 13 1 2 9 1 2 15 1 2 16 1 3 10 1 3 15 1 3 17 1 4 10 2 4 16 1 5 11 1 5 12 1 5 14 1 6 11 1 6 13 1 6 14 1 7 14 1 7 15 1 8 13 1 8 17 1 9 16 1 9 17 1
R 44866 54 81 6 125 1 2 3 1 4 0 2 0 1 0 4 2 2 3 4 3 1 5 0 1 2 3 4 5 2 0 1 4 1 0 0 2 1 3 4 1 2 0 5 4 3 2 0 1 3 2 3 0 0 3 4 0 5 3 0 4 5 3 2 5 3 5 4 3 5 1 0 5 1 4 0 2 3 4 5 1 2 5 4 2 1 | 18 24  0 7 1 0 10 2 1 8 1 1 11 2 2 9 2 2 15 1 3 10 1 3 13 1 3 17 1 4 11 1 4 14 1 4 15 1 5 12 1 5 13 1 5 14 1 6 12 1 6 14 1 6 16 1 7 16 1 7 17 1 8 15 1 8 17 1 9 16 1 12 13 1
R 90003 54 81 6 2062 1 2 3 2 4 1 0 3 5 4 2 5 2 0 4 0 4 1 3 4 5 0 1 2 1 2 3 1 5 2 1 4 0 0 2 1 3 4 1 3 2 4 3 0 4 0 4 3 0 2 3 1 3 0 0 4 5 3 0 5 4 2 1 0 3 1 3 1 5 3 2 5 1 2 5 4 0 5 4 2 5 | 18 25  0 6 1 0 11 2 1 7 1 1 12 1 1 13 1 2 8 1 2 12 1 2 15 1 3 9 2 3 13 1 4 10 1 4 14 1 4 17 1 5 11 1 5 14 1 5 15 1 6 16 1 6 17 1 7 12 1 7 17 1 8 13 1 8 14 1 9 16 1 10 15 1 10 16 1
R 49871 54 81 6 334 1 2 3 2 5 4 0 2 1 0 4 1 1 0 3 2 5 0 2 1 3 3 4 5 4 3 2 1 4 0 0 2 1 2 3 0 3 0 4 3 2 0 0 1 4 0 5 3 4 1 2 3 1 0 0 4 5 0 1 3 3 4 5 3 2 5 4 5 2 1 3 4 5 4 0 1 2 1 5 2 5 | 18 25  0 7 1 0 10 2 1 8 1 1 12 1 1 14 1 2 9 1 2 13 1 2 14 1 3 10 1 3 12 1 3 13 1 4 11 2 4 14 1 5 11 1 5 16 1 5 17 1 6 12 1 6 15 1 6 16 1 7 13 1 7 17 1 8 15 1 8 17 1 9 15 1 9 16 1
R 69317 54 81 6 193 3 4 5 2 0 3 2 1 4 1 2 4 0 5 1 0 3 1 1 0 5 1 2 3 3 4 2 4 5 2 0 2 5 0 1 3 3 1 4 0 1 2 1 2 3 4 0 5 4 3 1 2 3 1 0 1 2 1 4 5 3 0 5 3 5 0 4 2 3 5 4 2 3 2 4 4 5 5 0 1 0 | 18 27  0 7 1 0 10 1 0 11 1 1 8 1 1 13 1 1 14 1 2 9 1 2 14 1 2 17 1 3 10 1 3 11 1 3 12 1 4 11 1 4 12 1 4 13 1 5 13 1 5 14 1 5 15 1 6 15 1 6 16 1 6 17 1 7 10 1 7 12 1 8 16 1 8 17 1 9 15 1 9 16 1
R 64733 54 81 6 75 3 4 5 1 4 5 0 1 3 1 0 2 3 4 0 1 2 4 0 2 5 1 2 3 0 2 1 2 5 1 4 2 0 0 2 5 1 0 3 3 0 1 1 4 3 1 3 5 2 0 4 1 2 4 0 1 2 3 2 0 4 2 5 3 5 4 1 2 5 3 5 0 4 1 3 4 5 5 4 3 0 | 18 26  0 7 1 0 11 1 0 12 1 1 8 1 1 13 1 1 15 1 2 9 1 2 15 1 2 16 1 3 10 2 3 12 1 4 10 1 4 14 1 4 17 1 5 11 1 5 12 1 5 14 1 6 13 1 6 16 1 6 17 1 7 11 1 7 13 1 8 14 1 8 15 1 9 16 1 9 17 1
R 38019 54 81 6 1168 3 4 5 0 2 1 1 2 5 3 2 4 0 4 1 0 1 2 4 3 5 3 5 0 1 2 3 0 2 3 1 4 3 0 2 3 2 4 5 0 5 2 1 0 4 4 3 2 1 0 4 4 3 0 0 1 2 4 3 5 4 0 3 0 1 5 2 5 3 4 3 5 0 1 2 1 4 2 5 5 1 | 18 24  0 8 1 0 9 1 0 14 1 1 8 1 1 12 1 1 15 1 2 9 1 2 15 1 2 16 1 3 10 1 3 11 2 4 10 2 4 13 1 5 11 1 5 14 1 5 17 1 6 12 1 6 15 1 6 17 1 7 13 2 7 16 1 8 14 1 9 16 1 12 17 1
R 54322 54 81 6 89 3 1 2 0 2 4 1 0 3 0 2 3 1 4 3 0 2 3 0 2 1 0 2 1 3 5 0 5 2 1 3 4 5 2 1 3 0 1 2 0 1 4 1 0 4 2 5 3 1 4 0 3 0 1 4 5 0 1 5 3 4 5 2 1 4 5 0 2 5 4 1 5 3 4 5 3 2 4 3 0 2 | 18 26  0 7 2 0 10 1 1 8 1 1 11 1 1 12 1 2 9 1 2 12 1 2 16 1 3 10 1 3 12 1 3 13 1 4 11 1 4 13 1 4 14 1 5 11 1 5 15 1 5 16 1 6 13 1 6 15 1 6 17 1 7 16 1 8 14 1 8 17 1 9 14 1 9 15 1 10 17 1
R 3017 54 81 6 163 1 2 3 4 2 5 0 4 2 2 0 1 3 1 5 1 3 5 0 3 4 0 1 2 3 4 5 3 5 2 0 2 1 5 1 4 2 4 5 0 1 2 1 0 3 1 3 0 3 0 2 5 0 3 0 4 5 0 1 3 3 5 1 3 5 4 0 2 4 0 4 2 1 5 2 3 5 4 1 2 4 | 18 24  0 8 1 0 10 2 1 9 2 1 13 1 2 10 1 2 15 1 2 17 1 3 11 1 3 16 1 3 17 1 4 11 2 4 16 1 5 12 1 5 13 1 5 14 1 6 12 1 6 13 1 6 15 1 7 12 1 7 14 1 7 15 1 8 16 1 8 17 1 9 14 1
R 38118 54 81 6 233 3 4 5 0 2 3 1 4 2 4 2 1 5 0 1 0 4 3 0 1 2 3 4 0 1 2 3 0 4 3 0 1 2 3 4 1 2 4 5 1 0 4 3 1 4 4 3 1 0 2 3 4 0 5 0 1 2 4 5 1 5 3 0 3 5 0 4 2 3 2 5 1 3 5 4 1 2 5 5 2 0 | 18 25  0 8 1 0 9 1 0 13 1 1 8 1 1 13 1 1 17 1 2 9 1 2 13 1 2 14 1 3 10 2 3 11 1 4 10 1 4 14 1 4 17 1 5 11 2 5 16 1 6 12 1 6 15 1 6 16 1 7 12 1 7 15 1 7 16 1 8 14 1 9 17 1 12 15 1
R 86406 54 81 6 824 3 4 5 1 5 0 0 1 2 3 4 5 0 1 4 3 4 2 0 1 2 1 2 3 3 0 5 2 4 0 2 4 0 1 3 2 0 2 3 1 0 4 3 1 0 4 2 1 3 2 0 0 1 3 0 1 2 2 3 4 3 4 5 1 0 2 3 2 5 1 0 5 4 3 5 5 4 1 4 5 5 | 18 27  0 7 1 0 12 1 0 13 1 1 8 1 1 15 1 1 16 1 2 9 1 2 11 1 2 12 1 3 9 1 3 11 1 3 17 1 4 10 1 4 14 1 4 16 1 5 10 1 5 15 1 5 17 1 6 12 1 6 13 1 6 14 1 7 13 1 7 14 1 8 16 1 8 17 1 9 11 1 10 15 1
R 49794 54 81 6 258 1 2 3 2 0 4 2 3 4 0 4 1 0 2 1 5 1 4 1 2 0 3 4 5 4 1 2 1 0 3 0 2 1 4 1 3 3 0 4 0 3 2 1 3 2 1 4 0 2 5 4 0 5 1 0 4 5 3 1 5 5 1 0 3 2 5 5 4 3 0 2 3 5 4 3 1 2 5 0 2 4 | 18 25  0 7 1 0 10 2 1 8 1 1 12 1 1 14 1 2 9 1 2 13 1 2 14 1 3 10 1 3 12 1 3 13 1 4 11 1 4 14 1 4 17 1 5 11 2 5 16 1 6 12 1 6 13 1 6 15 1 7 16 1 7 17 1 8 15 1 8 16 1 9 15 1 9 17 1
R 64260 54 81 6 155 3 4 5 1 0 2 1 4 2 1 0 4 2 4 5 1 2 5 0 1 3 1 2 3 2 3 0 3 0 1 5 4 1 0 2 5 0 1 3 3 4 5 1 4 0 2 0 1 0 2 3 1 2 4 0 1 2 4 3 5 5 0 3 2 5 3 0 3 1 4 3 0 2 4 5 4 5 5 1 2 4 | 18 26  0 7 1 0 11 1 0 12 1 1 8 1 1 11 1 1 14 1 2 9 1 2 13 1 2 14 1 3 10 1 3 16 1 3 17 1 4 10 2 4 16 1 5 12 1 5 15 1 5 17 1 6 13 1 6 15 1 6 17 1 7 11 1 7 15 1 8 12 1 8 13 1 9 14 1 9 16 1
R 13382 54 81 6 1254 3 1 2 2 3 5 1 3 0 0 4 3 1 2 0 3 4 1 5 1 2 0 4 3 0 2 1 0 1 2 3 1 5 3 4 1 0 2 3 4 2 1 3 2 1 0 4 5 2 0 4 0 1 4 4 5 0 4 0 1 5 2 4 2 5 1 4 3 5 0 2 5 0 4 3 5 1 2 3 3 5 | 18 22  0 8 2 0 11 1 1 9 1 1 10 1 1 15 1 2 9 1 2 10 2 3 11 2 3 12 1 4 12 1 4 13 2 5 13 1 5 15 1 5 16 1 6 14 2 6 15 1 7 14 1 7 16 1 7 17 1 8 16 1 9 17 1 12 17 1
R 73028 54 81 6 205 3 4 5 1 0 4 1 2 0 0 1 2 3 0 4 1 4 5 0 2 3 1 2 3 3 2 0 0 2 3 5 1 2 5 4 2 1 0 4 0 3 1 2 0 1 4 0 5 0 2 1 5 3 4 0 1 2 5 3 2 4 5 3 4 3 5 1 2 5 0 2 3 4 1 5 5 4 4 1 0 3 | 18 26  0 7 1 0 9 1 0 12 1 1 8 1 1 14 1 1 17 1 2 9 2 2 10 1 3 10 1 3 12 1 3 13 1 4 11 1 4 13 1 4 14 1 5 11 1 5 15 1 5 16 1 6 13 1 6 15 1 6 16 1 7 12 1 7 14 1 8 16 1 8 17 1 10 17 1 11 15 1
R 54404 54 81 6 1064 1 2 3 3 1 4 0 1 2 0 4 1 0 2 4 2 1 3 1 2 0 3 4 5 2 4 1 4 5 0 0 2 1 1 0 4 3 2 1 3 4 0 0 3 1 5 2 4 4 5 2 3 0 1 0 4 5 5 2 0 3 4 5 3 2 5 3 5 1 5 4 0 5 3 4 1 2 0 3 2 1 | 18 26  0 7 1 0 10 2 1 8 1 1 11 1 1 12 1 2 9 1 2 12 1 2 17 1 3 10 1 3 13 1 3 14 1 4 11 1 4 12 1 4 13 1 5 11 1 5 14 1 5 16 1 6 13 1 6 15 1 6 17 1 7 16 1 7 17 1 8 15 1 8 16 1 9 14 1 9 15 1
R 53586 54 81 6 167 1 2 3 5 2 1 2 0 4 0 4 1 5 4 0 0 1 2 5 1 2 3 4 5 0 1 2 5 1 0 0 2 1 2 0 4 4 1 2 3 5 1 3 0 4 0 2 1 0 4 3 3 1 0 0 4 5 3 4 0 3 1 5 3 2 5 1 3 2 3 4 5 0 3 4 1 2 5 4 2 5 | 18 25  0 7 1 0 10 2 1 8 2 1 13 1 2 9 1 2 14 1 2 17 1 3 10 1 3 14 1 3 15 1 4 11 1 4 12 1 4 13 1 5 11 1 5 13 1 5 14 1 6 12 1 6 15 1 6 17 1 7 16 1 7 17 1 8 16 1 9 15 1 9 16 1 11 12 1
R 12500 54 81 6 532 1 2 3 0 4 1 2 4 3 1 0 2 0 2 4 3 1 2 0 4 1 1 4 0 3 4 5 0 2 1 3 1 2 4 1 2 1 2 0 3 4 0 0 2 4 3 0 4 0 1 3 1 5 0 0 4 5 3 2 5 0 1 5 5 4 3 3 5 1 0 4 5 5 3 2 3 5 2 1 2 4 | 18 26  0 8 1 0 9 2 1 9 1 1 13 1 1 14 1 2 10 1 2 14 1 2 16 1 3 10 1 3 16 1 3 17 1 4 11 1 4 12 1 4 13 1 5 11 1 5 12 1 5 13 1 6 11 1 6 14 1 6 15 1 7 12 1 7 15 1 7 16 1 8 15 1 8 17 1 10 17 1
R 29631 54 81 6 154 3 4 5 0 1 2 2 0 1 1 0 2 3 4 0 3 4 0 1 4 5 0 1 2 1 2 3 5 2 1 3 2 0 4 1 0 0 2 3 1 0 4 2 1 0 2 5 4 1 4 3 1 3 0 0 1 2 3 5 4 4 3 5 4 5 3 1 2 5 2 5 1 3 0 2 3 5 4 5 4 0 | 18 26  0 8 1 0 12 1 0 13 1 1 9 1 1 11 1 1 12 1 2 9 1 2 11 1 2 12 1 3 10 2 3 13 1 4 10 1 4 16 1 4 17 1 5 11 1 5 14 1 5 15 1 6 14 1 6 15 1 6 17 1 7 15 1 7 16 1 7 17 1 8 13 1 8 14 1 9 16 1
R 77443 54 81 6 101 3 4 5 0 1 2 1 2 3 2 0 4 5 1 3 5 1 4 0 4 3 1 2 3 2 5 0 0 2 3 3 5 0 1 0 4 3 1 2 4 3 2 1 4 2 0 2 1 0 3 5 0 1 4 0 1 2 4 3 5 4 0 5 1 5 3 2 0 4 0 3 2 1 5 2 4 5 1 3 5 4 | 18 27  0 7 1 0 9 1 0 11 1 1 8 1 1 11 1 1 13 1 2 9 1 2 13 1 2 14 1 3 10 1 3 12 1 3 14 1 4 10 1 4 14 1 4 15 1 5 12 1 5 15 1 5 16 1 6 13 1 6 15 1 6 17 1 7 16 1 7 17 1 8 16 1 8 17 1 9 11 1 10 12 1
R 7639 54 81 6 12387 1 2 3 0 4 1 2 5 4 0 1 3 1 0 3 2 4 0 0 1 4 5 1 3 3 4 5 0 2 1 3 1 5 4 3 0 4 5 0 3 4 0 0 2 1 2 3 4 3 4 0 5 1 0 0 4 5 3 2 5 0 1 3 2 4 5 2 5 4 1 5 3 3 5 2 2 0 4 1 2 1 | 18 24  0 8 1 0 9 2 1 9 1 1 13 1 1 14 1 2 10 1 2 13 1 2 14 1 3 10 2 3 13 1 4 11 2 4 14 1 5 11 1 5 16 1 5 17 1 6 12 1 6 15 1 6 16 1 7 12 1 7 15 1 7 17 1 8 16 1 8 17 1 12 15 1
R 40014 54 81 6 91 3 4 5 0 1 2 0 1 2 1 0 5 1 2 0 4 3 1 0 2 3 1 2 3 4 2 1 3 2 1 2 5 0 0 2 4 5 2 1 0 1 3 5 0 2 1 3 5 3 2 4 4 0 1 0 1 2 3 5 4 4 5 3 3 4 2 5 3 4 0 5 2 5 1 4 4 5 0 0 1 3 | 18 23  0 7 1 0 11 1 0 13 1 1 8 2 1 13 1 2 9 2 2 14 1 3 10 2 3 15 1 4 11 1 4 12 2 5 12 1 5 16 1 5 17 1 6 13 1 6 14 1 6 15 1 7 14 1 7 17 1 8 16 1 9 15 1 10 16 1 11 17 1
R 27832 54 81 6 1248 3 4 5 2 4 3 1 0 4 0 2 5 4 1 5 0 1 3 2 4 5 0 2 4 1 2 3 3 0 4 5 1 3 5 4 3 4 1 2 0 4 2 1 0 4 2 0 1 4 0 2 2 3 0 0 1 2 1 0 5 2 3 5 4 3 1 0 2 3 2 5 4 0 1 3 3 5 1 5 4 5 | 18 25  0 8 1 0 13 1 0 14 1 1 9 1 1 12 1 1 13 1 2 9 1 2 15 1 2 17 1 3 10 1 3 12 1 3 16 1 4 10 2 4 13 1 5 11 1 5 16 1 5 17 1 6 11 2 6 16 1 7 14 1 7 15 1 7 17 1 8 14 1 8 15 1 9 12 1
R 75315 54 81 6 186 1 2 3 1 2 0 0 4 2 3 4 5 2 0 1 3 2 5 2 0 1 3 4 5 3 0 1 0 2 1 1 2 4 1 5 4 4 5 0 1 3 0 2 3 0 3 1 0 2 0 3 5 0 3 0 4 5 5 3 4 3 5 1 0 1 2 3 5 4 0 1 4 3 5 4 1 2 2 4 5 2 | 18 26  0 7 1 0 9 2 1 8 1 1 12 1 1 13 1 2 9 1 2 15 1 2 17 1 3 10 1 3 12 1 3 13 1 4 10 1 4 13 1 4 14 1 5 11 1 5 14 1 5 15 1 6 11 1 6 14 1 6 17 1 7 16 1 7 17 1 8 12 1 8 16 1 10 16 1 11 15 1
R 71926 54 81 6 711 3 4 5 4 5 2 1 2 3 1 0 5 1 2 5 1 0 4 0 2 4 1 2 3 0 1 5 0 2 3 3 5 4 5 4 3 1 0 4 4 5 2 0 3 2 1 0 2 0 2 1 1 3 0 0 1 2 3 0 1 4 0 5 2 3 4 0 3 4 2 5 3 3 1 5 4 5 4 2 5 1 | 18 26  0 7 1 0 9 1 0 12 1 1 8 1 1 10 2 2 9 1 2 13 1 2 15 1 3 10 1 3 16 1 3 17 1 4 11 1 4 13 1 4 14 1 5 11 1 5 14 1 5 15 1 6 12 1 6 14 1 6 17 1 7 15 1 7 16 1 8 16 1 8 17 1 9 12 1 11 13 1
R 34249 54 81 6 240 3 4 5 3 4 2 0 1 2 2 1 5 4 0 3 0 4 5 1 5 3 0 2 1 1 2 3 2 0 3 3 0 5 1 4 2 0 1 3 3 4 2 0 2 5 1 3 4 1 4 0 2 0 1 0 1 2 1 0 5 4 5 3 4 0 3 1 2 5 3 1 2 2 0 4 4 5 3 4 5 5 | 18 26  0 8 1 0 14 1 0 15 1 1 9 1 1 11 1 1 12 1 2 9 1 2 13 1 2 14 1 3 10 1 3 15 1 3 17 1 4 10 2 4 16 1 5 11 1 5 13 1 5 16 1 6 12 1 6 13 1 6 17 1 7 12 1 7 15 1 7 16 1 8 14 1 8 17 1 9 11 1
R 46504 54 81 6 22773 3 4 5 0 1 2 2 1 5 1 2 0 3 4 1 5 1 3 4 0 2 1 2 3 5 2 0 0 5 1 0 2 3 4 2 1 4 3 1 1 0 4 2 0 1 2 3 5 1 0 4 0 4 3 0 1 2 4 3 5 3 4 0 4 3 5 0 5 2 0 2 4 5 3 1 4 5 3 1 2 5 | 18 24  0 7 1 0 10 1 0 13 1 1 8 1 1 13 1 1 17 1 2 9 2 2 15 1 3 10 1 3 11 2 4 11 1 4 13 1 4 17 1 5 12 2 5 14 1 6 12 1 6 16 1 6 17 1 7 15 1 7 16 1 8 14 1 8 15 1 9 16 1 10 14 1
R 64364 54 81 6 128 3 4 5 1 0 2 5 0 2 0 2 3 4 3 5 0 4 1 0 2 1 1 2 3 2 3 1 1 4 5 5 3 0 0 2 5 3 4 0 1 0 3 1 2 4 3 2 1 1 2 4 0 4 3 0 1 2 4 3 5 3 1 4 4 5 1 1 2 0 3 5 2 4 3 5 4 5 5 0 2 0 | 18 26  0 7 1 0 11 1 0 13 1 1 8 1 1 11 1 1 12 1 2 9 1 2 12 1 2 13 1 3 10 1 3 16 1 3 17 1 4 10 2 4 16 1 5 14 1 5 15 1 5 17 1 6 15 1 6 16 1 6 17 1 7 11 1 7 14 1 8 13 1 8 14 1 9 12 1 9 15 1
R 44353 54 81 6 232 3 4 5 0 2 3 3 5 4 1 2 0 0 4 1 0 4 2 5 1 2 1 2 3 4 3 2 1 2 3 0 2 3 1 0 3 2 1 4 1 0 4 2 0 5 3 0 5 3 1 5 0 1 4 0 1 2 1 5 4 0 2 1 4 5 3 5 3 2 5 1 3 0 3 4 4 5 0 5 4 2 | 18 24  0 7 1 0 10 1 0 16 1 1 8 2 1 11 1 2 9 1 2 13 1 2 14 1 3 10 2 3 13 1 4 11 1 4 14 1 4 15 1 5 12 1 5 15 1 5 17 1 6 12 2 6 16 1 7 15 1 7 17 1 8 16 1 9 13 1 9 14 1 11 17 1
R 14129 54 81 6 7587 3 1 2 2 3 5 0 1 4 4 0 3 3 0 2 0 4 1 0 3 4 5 1 4 0 2 1 4 1 3 3 0 5 2 0 1 1 2 5 4 1 2 1 4 3 3 4 5 0 4 5 0 3 2 4 5 0 0 4 1 2 5 3 1 2 5 4 5 1 3 2 5 5 2 1 0 3 2 3 4 0 | 18 23  0 8 2 0 15 1 1 9 1 1 10 1 1 16 1 2 9 2 2 11 1 3 10 2 3 11 1 4 12 1 4 14 1 4 15 1 5 12 1 5 15 1 5 17 1 6 13 1 6 14 1 6 17 1 7 13 2 7 16 1 8 16 1 11 17 1 12 14 1
R 78346 54 81 6 90 3 1 2 5 2 0 5 2 4 0 1 2 0 2 3 1 0 3 1 4 0 0 2 1 1 0 2 3 0 2 3 2 4 3 4 5 3 4 2 1 2 0 0 1 4 4 0 5 4 0 1 2 1 3 4 5 0 3 4 1 1 0 3 4 5 3 1 4 5 5 2 4 3 2 5 3 5 5 1 2 0 | 18 24  0 7 2 0 11 1 1 8 2 1 12 1 2 9 1 2 10 1 2 14 1 3 9 1 3 10 1 3 15 1 4 11 1 4 13 2 5 12 1 5 14 1 5 17 1 6 13 1 6 15 1 6 17 1 7 16 1 8 16 1 9 14 1 10 15 1 11 16 1 12 17 1
R 30499 54 81 6 80 3 4 5 1 0 3 2 4 3 5 2 4 1 0 4 1 2 3 0 1 4 0 2 1 1 2 3 3 5 1 1 4 2 0 2 3 0 1 4 1 5 2 0 2 3 2 1 0 0 4 3 1 0 3 0 1 2 2 5 4 0 1 5 0 3 1 5 3 2 4 5 0 5 3 2 3 5 4 4 5 4 | 18 26  0 8 1 0 11 1 0 12 1 1 9 1 1 14 1 1 15 1 2 9 1 2 16 1 2 17 1 3 10 2 3 14 1 4 10 1 4 15 1 4 17 1 5 11 1 5 12 1 5 13 1 6 11 1 6 13 1 6 16 1 7 12 1 7 16 1 7 17 1 8 13 1 8 15 1 9 14 1
R 61793 54 81 6 4998 3 4 5 1 0 2 0 3 5 1 5 2 3 2 4 0 1 2 4 1 2 1 2 3 4 5 0 4 5 0 4 2 5 0 2 3 1 0 3 1 2 5 0 5 1 0 4 1 0 3 2 1 3 4 0 1 2 3 4 5 1 4 2 3 4 0 0 1 5 5 3 4 0 3 5 4 5 1 2 2 3 | 18 26  0 7 1 0 11 1 0 12 1 1 8 1 1 11 1 1 12 1 2 9 1 2 13 1 2 15 1 3 10 1 3 12 1 3 17 1 4 10 2 4 15 1 5 11 1 5 13 1 5 14 1 6 13 1 6 14 1 6 16 1 7 16 1 7 17 1 8 16 1 8 17 1 9 14 1 9 15 1
R 15261 54 81 6 101 3 1 2 5 1 2 3 2 0 0 1 3 0 4 3 1 4 5 0 3 4 1 2 5 0 2 1 0 2 1 3 1 4 3 4 1 3 4 0 0 3 2 2 4 5 1 2 3 1 4 0 0 2 1 4 5 0 3 0 4 4 5 1 2 5 4 2 5 1 2 3 0 1 5 2 0 4 3 3 5 5 | 18 24  0 8 2 0 11 1 1 9 1 1 10 1 1 13 1 2 9 2 2 12 1 3 10 1 3 16 1 3 17 1 4 11 2 4 13 1 5 12 1 5 14 1 5 15 1 6 14 1 6 15 1 6 16 1 7 14 1 7 15 1 7 17 1 8 16 1 10 13 1 12 17 1
R 66421 54 81 6 269 3 4 5 1 0 2 1 4 2 0 1 2 0 1 5 0 3 1 4 5 3 1 2 3 2 4 5 2 3 4 0 2 3 0 1 4 5 0 3 2 5 3 0 1 2 3 4 0 4 1 2 3 1 0 0 1 2 3 4 5 0 5 3 5 3 4 2 3 4 4 2 5 1 0 2 4 5 1 0 1 5 | 18 27  0 7 1 0 10 1 0 11 1 1 8 1 1 10 1 1 17 1 2 9 1 2 11 1 2 14 1 3 10 1 3 11 1 3 12 1 4 12 1 4 16 1 4 17 1 5 13 1 5 15 1 5 16 1 6 15 1 6 16 1 6 17 1 7 14 1 7 15 1 8 12 1 8 13 1 9 13 1 9 14 1
R 73647 54 81 6 524 3 4 5 2 5 3 1 2 5 0 3 1 0 1 2 4 5 2 0 1 5 1 2 3 3 4 5 0 2 3 2 0 1 2 5 0 3 1 4 1 0 4 3 1 5 0 1 2 0 3 2 4 0 3 0 1 2 0 4 1 4 3 0 4 2 5 4 3 5 1 3 0 2 3 4 5 4 1 2 5 5 | 18 26  0 7 1 0 9 1 0 13 1 1 8 1 1 15 1 1 17 1 2 9 1 2 10 1 2 12 1 3 10 1 3 12 1 3 15 1 4 11 1 4 13 1 4 17 1 5 11 2 5 14 1 6 14 1 6 15 1 6 16 1 7 13 1 7 14 1 8 16 1 8 17 1 9 12 1 10 16 1
R 24925 54 81 6 268 3 4 5 0 3 4 1 2 4 1 0 2 5 1 3 3 5 4 2 0 1 2 0 1 1 2 3 1 4 3 2 0 3 2 3 1 1 2 4 0 1 4 2 0 3 0 2 3 1 0 4 0 1 5 0 1 2 2 5 1 0 5 3 4 5 3 4 0 2 0 2 1 3 5 4 3 5 4 5 4 5 | 18 25  0 8 1 0 15 1 0 16 1 1 9 2 1 10 1 2 9 1 2 15 1 2 17 1 3 10 2 3 16 1 4 11 1 4 12 1 4 17 1 5 11 1 5 13 1 5 14 1 6 12 1 6 13 1 6 14 1 7 13 1 7 14 1 7 15 1 8 16 1 8 17 1 11 12 1
R 82385 54 81 6 1534 3 4 5 3 1 5 1 3 2 0 3 1 0 1 2 2 5 4 2 0 1 1 2 3 4 5 3 2 0 1 3 5 2 4 5 3 0 2 5 0 1 4 0 1 3 0 2 5 0 1 4 2 0 3 0 1 2 0 2 4 4 0 5 5 2 4 4 3 5 0 1 3 4 3 5 4 5 1 2 3 1 | 18 26  0 7 1 0 12 1 0 13 1 1 8 1 1 14 1 1 15 1 2 9 1 2 10 1 2 13 1 3 9 1 3 11 1 3 17 1 4 10 1 4 13 1 4 14 1 5 11 2 5 16 1 6 14 1 6 15 1 6 17 1 7 12 1 7 16 1 8 15 1 8 16 1 9 12 1 10 17 1
R 46520 54 81 6 119 1 2 3 1 5 0 1 2 4 0 4 1 0 2 3 5 0 3 2 1 3 3 4 5 0 2 1 0 4 2 0 2 1 3 4 5 3 1 4 3 5 1 0 4 2 2 4 0 0 5 3 2 3 1 0 4 5 4 2 3 3 5 0 3 2 5 1 4 5 2 1 4 0 5 4 1 2 3 5 1 0 | 18 24  0 7 1 0 10 2 1 8 1 1 13 1 1 15 1 2 9 2 2 13 1 3 10 1 3 11 1 3 17 1 4 11 1 4 13 1 4 14 1 5 12 1 5 14 1 5 17 1 6 12 2 6 16 1 7 15 1 7 16 1 8 14 1 8 15 1 9 16 1 11 17 1
R 41614 54 81 6 912 1 2 3 1 2 3 2 4 5 0 4 1 0 2 4 0 3 2 1 2 3 3 4 5 0 5 1 5 0 2 0 2 1 4 2 1 1 4 2 3 4 0 3 2 4 0 5 2 0 1 3 0 5 1 0 4 5 4 0 5 1 0 3 3 2 5 3 5 1 5 1 4 5 0 4 1 2 3 2 4 3 | 18 24  0 7 1 0 10 2 1 8 1 1 11 1 1 16 1 2 9 1 2 12 2 3 10 1 3 13 1 3 14 1 4 11 2 4 13 1 5 12 1 5 14 1 5 17 1 6 13 1 6 14 1 6 15 1 7 15 1 7 17 1 8 15 1 8 16 1 9 16 1 9 17 1
R 27306 54 81 6 1146 3 4 5 1 5 2 0 3 2 3 0 1 4 2 5 4 5 1 0 1 3 0 2 1 1 2 3 2 0 1 2 1 0 3 1 5 0 2 3 1 0 4 3 1 5 1 3 2 0 4 2 0 3 4 0 1 2 3 4 0 4 5 1 4 5 2 3 0 1 0 3 2 2 4 5 3 4 5 5 4 5 | 18 25  0 8 1 0 12 1 0 13 1 1 9 1 1 12 1 1 14 1 2 9 1 2 15 1 2 16 1 3 10 2 3 14 1 4 10 1 4 15 1 4 17 1 5 11 1 5 16 1 5 17 1 6 11 2 6 16 1 7 13 1 7 15 1 7 17 1 8 13 1 8 14 1 9 12 1
R 9790 54 81 6 116 3 1 2 0 2 3 3 5 4 0 3 4 4 3 2 0 1 3 2 1 0 1 0 2 0 2 1 3 4 5 4 2 5 0 2 3 0 2 3 1 0 3 1 2 4 1 4 0 1 0 5 4 0 1 4 5 0 1 5 4 0 1 2 1 5 2 1 5 0 4 2 5 5 4 3 4 5 3 3 2 3 | 18 25  0 8 2 0 9 1 1 9 1 1 15 1 1 16 1 2 10 1 2 12 1 2 13 1 3 10 1 3 14 1 3 15 1 4 11 2 4 14 1 5 11 1 5 16 1 5 17 1 6 12 1 6 13 1 6 14 1 7 12 1 7 13 1 7 17 1 8 16 1 9 17 1 10 15 1
R 43452 54 81 6 4981 3 4 5 3 0 5 0 1 4 1 2 3 2 1 3 1 0 2 3 4 5 1 2 3 2 5 0 4 5 0 0 2 3 3 1 4 3 2 0 0 1 4 1 2 5 0 3 2 1 2 4 1 0 4 0 1 2 1 4 2 2 3 5 4 5 0 0 5 4 4 5 3 1 0 2 4 5 3 1 3 5 | 18 24  0 7 1 0 10 1 0 13 1 1 8 2 1 11 1 2 9 1 2 14 1 2 15 1 3 10 1 3 13 1 3 14 1 4 11 2 4 15 1 5 12 2 5 13 1 6 12 1 6 16 1 6 17 1 7 14 1 7 16 1 8 16 1 9 15 1 9 17 1 10 17 1
R 23414 54 81 6 772 3 4 5 3 4 0 0 1 2 1 2 5 2 1 3 5 0 4 1 4 2 0 4 5 1 2 3 2 0 3 1 4 3 4 0 2 0 1 3 2 4 5 1 0 4 3 1 5 0 4 2 0 1 2 0 1 2 1 2 5 4 3 5 0 3 4 5 4 0 1 3 2 5 3 0 2 1 3 5 4 5 | 18 25  0 8 1 0 13 1 0 14 1 1 9 1 1 10 2 2 9 1 2 14 1 2 16 1 3 10 1 3 16 1 3 17 1 4 11 1 4 12 1 4 13 1 5 11 2 5 15 1 6 12 1 6 13 1 6 15 1 7 12 1 7 16 1 7 17 1 8 14 1 8 15 1 9 17 1
R 90642 54 81 6 126 3 1 2 2 4 5 2 5 4 0 4 1 0 2 3 1 2 3 0 2 1 1 0 2 3 1 4 3 5 0 3 4 5 3 4 5 1 0 2 2 0 4 0 3 1 3 1 5 0 2 4 1 0 3 4 5 0 3 1 0 0 3 1 2 3 5 1 4 5 0 5 4 3 4 5 5 2 4 1 2 2 | 18 26  0 6 2 0 10 1 1 7 1 1 11 1 1 15 1 2 8 1 2 12 1 2 13 1 3 9 1 3 13 1 3 16 1 4 10 1 4 12 1 4 13 1 5 11 1 5 12 1 5 17 1 6 16 1 7 14 1 7 17 1 8 14 1 8 15 1 9 15 1 9 16 1 10 17 1 11 14 1
R 23209 54 81 6 2461 3 4 5 2 4 5 3 5 4 1 0 2 2 1 0 4 0 5 0 1 2 1 2 3 1 2 3 1 5 4 3 4 2 5 0 3 2 0 3 0 1 3 0 2 5 1 0 5 2 4 1 4 1 0 0 1 2 3 0 1 0 1 2 5 4 3 4 3 5 1 2 3 4 5 3 5 4 0 4 5 2 | 18 25  0 8 1 0 14 1 0 15 1 1 9 1 1 10 2 2 9 1 2 12 1 2 13 1 3 10 1 3 13 1 3 17 1 4 11 1 4 15 1 4 16 1 5 11 2 5 16 1 6 12 1 6 13 1 6 14 1 7 12 1 7 15 1 7 16 1 8 14 1 8 17 1 9 17 1
R 26887 54 81 6 9394 3 4 5 0 5 2 3 2 5 5 2 0 3 0 1 3 0 1 4 1 5 1 2 4 1 2 3 1 2 0 1 0 2 5 1 2 0 2 5 1 0 3 2 1 3 4 3 5 4 3 0 3 0 4 0 1 2 3 4 1 4 0 1 3 4 1 4 5 2 4 5 2 0 3 2 3 5 0 4 5 5 | 18 25  0 8 1 0 12 1 0 13 1 1 9 1 1 13 1 1 17 1 2 9 1 2 14 1 2 15 1 3 10 1 3 14 1 3 16 1 4 10 2 4 15 1 5 11 1 5 16 1 5 17 1 6 11 2 6 16 1 7 12 1 7 13 1 7 15 1 8 12 1 8 17 1 9 14 1
R 2870 54 81 6 36615 1 2 3 5 1 4 0 4 2 1 0 4 3 2 5 2 1 3 0 2 3 5 0 1 3 4 5 3 4 1 0 2 1 5 2 4 0 3 4 2 0 1 2 4 1 1 3 0 0 3 2 5 0 3 0 4 5 0 2 3 3 5 1 3 2 5 0 1 4 5 4 0 1 5 4 3 2 4 1 2 5 | 18 24  0 8 1 0 10 2 1 9 2 1 13 1 2 10 1 2 15 1 2 17 1 3 11 1 3 12 1 3 13 1 4 11 2 4 16 1 5 12 1 5 13 1 5 14 1 6 12 1 6 14 1 6 15 1 7 14 1 7 15 1 7 17 1 8 16 1 8 17 1 9 16 1
R 65583 54 81 6 149 3 4 5 2 4 5 2 3 4 0 3 2 1 3 4 0 1 2 0 2 1 1 2 3 5 3 0 1 4 3 0 2 5 1 4 2 4 3 0 2 1 5 1 0 4 0 2 3 3 0 1 5 0 1 0 1 2 1 0 3 0 5 1 5 1 4 2 5 0 3 4 5 3 4 5 4 5 4 2 2 3 | 18 23  0 7 1 0 10 1 0 14 1 1 8 1 1 11 2 2 9 2 2 15 1 3 11 1 3 12 1 3 17 1 4 12 2 4 13 1 5 13 2 5 15 1 6 14 1 6 15 1 6 16 1 7 10 1 7 14 1 8 16 1 8 17 1 9 16 1 10 17 1
R 61598 54 81 6 75 3 4 5 1 0 2 1 0 2 2 0 1 3 4 0 1 5 2 4 1 5 1 2 3 2 4 1 5 2 0 5 1 0 0 2 3 1 0 3 3 1 2 2 3 5 1 3 4 4 2 0 1 2 0 0 1 2 3 4 5 3 4 5 3 4 5 2 1 5 0 3 4 0 2 3 4 5 0 5 4 1 | 18 26  0 7 1 0 11 1 0 12 1 1 8 1 1 11 1 1 12 1 2 9 1 2 12 1 2 13 1 3 10 2 3 11 1 4 10 1 4 16 1 4 17 1 5 13 1 5 16 1 5 17 1 6 14 1 6 15 1 6 17 1 7 14 1 7 15 1 8 15 1 8 16 1 9 13 1 9 14 1
R 14934 54 81 6 10184 3 1 2 1 4 2 0 3 5 1 0 2 0 4 3 1 2 3 0 1 5 4 3 5 0 2 1 2 0 1 4 0 2 3 4 1 3 2 5 5 3 2 0 3 2 1 3 4 0 4 5 1 0 4 4 5 0 3 5 0 4 1 2 3 4 5 2 5 1 0 4 5 4 2 3 0 1 2 3 5 1 | 18 23  0 8 2 0 11 1 1 9 1 1 10 1 1 15 1 2 9 1 2 12 1 2 17 1 3 10 1 3 14 1 3 17 1 4 11 2 4 14 1 5 12 2 5 15 1 6 13 1 6 15 1 6 17 1 7 13 2 7 16 1 8 16 1 9 14 1 10 16 1
R 70848 54 81 6 273330 3 4 5 0 4 2 1 2 0 3 1 4 3 4 5 0 1 4 2 4 5 1 2 3 1 2 0 0 2 3 5 4 0 2 4 0 5 4 1 1 0 5 1 3 2 3 0 2 1 2 4 0 3 1 0 1 2 5 1 3 5 3 4 2 0 5 1 0 2 2 3 5 0 3 1 4 5 3 4 4 5 | 18 25  0 7 1 0 9 1 0 13 1 1 8 1 1 10 2 2 9 1 2 11 1 2 14 1 3 10 1 3 14 1 3 17 1 4 11 1 4 16 1 4 17 1 5 12 1 5 13 1 5 15 1 6 12 2 6 15 1 7 15 1 7 16 1 8 16 1 8 17 1 9 13 1 11 14 1
R 15988 54 81 6 222 3 1 2 0 1 4 3 2 4 5 2 1 0 4 3 1 2 0 1 4 5 3 0 5 0 2 1 4 2 1 1 2 0 3 4 1 0 2 3 2 5 4 2 0 4 4 3 1 1 0 4 3 0 1 4 5 0 3 5 2 0 1 5 3 4 0 2 5 1 4 3 5 0 3 2 1 2 4 3 5 5 | 18 23  0 8 2 0 11 1 1 9 1 1 10 1 1 17 1 2 9 1 2 14 1 2 16 1 3 10 2 3 15 1 4 11 2 4 12 1 5 12 1 5 14 1 5 15 1 6 13 2 6 15 1 7 13 1 7 16 1 7 17 1 8 16 1 9 14 1 12 17 1
R 20733 54 81 6 1843 3 4 5 1 4 5 3 0 4 2 0 1 1 0 2 4 3 2 1 0 2 3 5 2 1 2 3 2 5 4 1 0 3 2 3 0 4 5 0 0 2 5 1 0 3 3 0 1 2 1 4 1 3 4 0 1 2 0 3 2 1 2 5 4 5 3 4 3 5 1 5 0 3 4 5 1 4 0 4 5 2 | 18 24  0 8 1 0 13 1 0 15 1 1 9 2 1 10 1 2 9 1 2 14 1 2 16 1 3 10 2 3 16 1 4 11 1 4 13 1 4 14 1 5 11 2 5 16 1 6 12 1 6 14 1 6 15 1 7 12 1 7 15 1 7 17 1 8 13 1 8 17 1 12 17 1
R 42596 54 81 6 95 3 4 5 2 3 5 0 1 2 1 2 0 1 0 4 3 4 1 0 2 5 1 2 3 1 5 3 5 2 1 0 2 3 2 0 5 4 2 1 0 1 4 3 0 2 3 0 1 1 3 4 0 3 1 0 1 2 0 4 1 3 4 5 4 3 5 3 2 5 0 5 2 3 1 4 4 5 2 0 5 4 | 18 24  0 7 1 0 10 1 0 13 1 1 8 2 1 11 1 2 9 2 2 14 1 3 10 1 3 12 2 4 11 1 4 15 1 4 16 1 5 12 1 5 13 1 5 17 1 6 13 1 6 14 1 6 15 1 7 14 1 7 15 1 8 16 1 9 16 1 10 17 1 11 17 1
R 12967 54 81 6 380 1 2 3 0 4 2 1 0 5 2 1 4 3 1 4 0 2 3 3 0 1 2 0 1 3 4 5 0 2 1 4 5 0 0 4 2 3 1 0 3 2 1 3 4 2 0 1 4 3 2 0 5 0 3 0 4 5 3 5 1 2 3 4 3 5 0 5 2 0 4 1 5 5 2 4 3 5 4 1 2 1 | 18 26  0 8 1 0 9 2 1 9 1 1 14 1 1 17 1 2 10 1 2 11 1 2 12 1 3 10 1 3 12 1 3 13 1 4 11 1 4 12 1 4 14 1 5 13 1 5 14 1 5 15 1 6 13 1 6 15 1 6 16 1 7 15 1 7 16 1 7 17 1 8 16 1 8 17 1 10 11 1
R 59213 54 81 6 733 3 4 5 1 0 2 3 1 2 3 4 5 1 0 2 0 1 3 0 3 4 1 2 3 2 4 1 4 2 1 2 0 5 1 4 3 0 2 5 0 1 3 1 3 4 3 0 2 1 4 0 0 2 1 0 1 2 3 4 5 0 5 4 1 0 2 4 3 5 5 2 4 2 1 5 4 5 0 5 3 3 | 18 25  0 7 1 0 12 1 0 13 1 1 8 1 1 13 1 1 14 1 2 9 2 2 15 1 3 10 1 3 11 2 4 10 1 4 12 1 4 13 1 5 11 1 5 16 1 5 17 1 6 14 1 6 15 1 6 16 1 7 12 1 7 17 1 8 14 1 8 15 1 9 16 1 10 17 1
R 3658 54 81 6 241 3 1 2 2 1 4 3 5 1 2 1 4 1 0 2 0 4 3 0 2 3 0 1 3 0 2 1 0 4 1 4 1 0 5 2 4 3 4 1 3 2 1 0 3 2 3 2 1 4 0 5 0 3 5 4 5 0 3 5 0 2 0 4 3 5 0 3 4 5 2 5 1 4 5 1 5 4 2 3 2 1 | 18 22  0 8 2 0 12 1 1 9 2 1 15 1 2 10 1 2 11 1 2 17 1 3 10 2 3 13 1 4 11 1 4 14 1 4 15 1 5 12 2 5 14 1 6 13 2 6 16 1 7 14 1 7 15 1 7 17 1 8 16 1 9 16 1 11 17 1
R 80455 54 81 6 254 3 4 5 0 1 2 1 4 5 0 2 1 3 0 4 1 2 5 3 0 4 1 2 3 2 3 1 5 0 4 2 4 1 0 2 3 4 0 1 1 0 4 0 2 3 3 0 2 3 4 2 3 1 4 0 1 2 4 3 5 2 0 3 3 4 5 5 1 2 4 3 0 2 5 1 4 5 5 0 1 5 | 18 25  0 7 1 0 11 1 0 13 1 1 8 1 1 13 1 1 15 1 2 9 1 2 10 2 3 9 1 3 15 1 3 16 1 4 10 1 4 15 1 4 17 1 5 11 1 5 12 1 5 17 1 6 12 2 6 16 1 7 14 1 7 17 1 8 14 1 8 16 1 9 14 1 11 13 1
R 56378 54 81 6 83 3 1 2 1 2 4 5 2 3 0 2 3 0 2 3 4 0 3 0 5 1 0 2 1 3 4 1 4 0 2 3 4 5 3 0 4 1 0 2 2 0 1 1 4 3 0 4 2 1 0 5 3 0 1 4 5 0 0 5 3 1 4 0 1 4 5 1 5 4 5 1 2 2 3 4 3 2 5 3 5 2 | 18 26  0 7 2 0 10 1 1 8 1 1 11 1 1 12 1 2 9 1 2 13 1 2 14 1 3 10 1 3 12 1 3 15 1 4 11 1 4 13 1 4 16 1 5 14 1 5 15 1 5 16 1 6 14 1 6 15 1 6 17 1 7 16 1 8 11 1 8 12 1 9 13 1 9 17 1 10 17 1
R 23259 54 81 6 2747 3 1 2 1 3 0 0 1 4 4 3 5 3 0 2 4 0 1 0 5 3 5 2 1 0 2 1 4 0 3 5 3 2 1 2 5 1 3 4 0 2 1 0 2 4 3 4 5 0 4 5 5 1 3 4 5 0 5 4 2 2 5 3 0 1 2 4 5 1 3 5 2 2 4 1 0 3 4 3 1 0 | 18 25  0 8 2 0 15 1 1 9 1 1 10 1 1 17 1 2 9 1 2 12 1 2 13 1 3 10 2 3 16 1 4 11 1 4 13 1 4 15 1 5 11 1 5 14 1 5 15 1 6 12 1 6 13 1 6 14 1 7 12 1 7 14 1 7 17 1 8 16 1 9 16 1 11 17 1
R 80623 54 81 6 1929 3 4 5 0 4 5 1 0 4 1 3 4 5 0 2 1 2 0 0 5 2 1 2 3 3 5 4 4 3 0 2 0 4 0 2 3 2 5 1 1 0 4 3 0 4 1 2 5 3 5 2 1 2 4 0 1 2 1 2 3 2 5 3 5 2 0 1 3 4 4 3 5 4 3 1 4 5 0 1 5 0 | 18 25  0 7 1 0 11 1 0 13 1 1 8 2 1 15 1 2 9 1 2 10 1 2 17 1 3 9 1 3 14 1 3 15 1 4 10 2 4 16 1 5 11 1 5 12 1 5 14 1 6 12 1 6 13 1 6 14 1 7 15 1 7 17 1 8 16 1 9 16 1 11 13 1 12 17 1
R 37281 54 81 6 188 3 4 5 0 2 1 5 2 1 0 4 2 0 4 3 4 1 2 0 3 1 0 5 1 1 2 3 2 0 4 0 1 2 3 4 1 0 2 1 3 5 4 1 0 4 0 4 3 0 2 4 2 0 3 0 1 2 4 3 5 3 4 0 5 3 1 2 5 1 3 5 0 4 2 5 2 3 4 5 5 1 | 18 24  0 8 1 0 9 1 0 14 1 1 8 1 1 9 1 1 15 1 2 10 2 2 11 1 3 10 1 3 14 1 3 15 1 4 11 2 4 16 1 5 12 2 5 13 1 6 12 1 6 15 1 6 16 1 7 13 1 7 16 1 7 17 1 8 14 1 9 17 1 13 17 1
R 65687 54 81 6 196 3 4 5 1 3 4 4 0 1 0 1 2 1 2 0 0 3 2 3 4 5 1 2 3 0 4 3 3 1 0 0 2 5 2 1 4 5 0 1 3 2 1 0 1 3 2 4 0 0 3 5 0 5 4 0 1 2 2 5 0 2 5 3 3 5 4 3 4 5 4 5 1 0 1 2 4 5 1 4 3 2 | 18 23  0 7 1 0 10 1 0 14 1 1 8 2 1 11 1 2 9 2 2 15 1 3 11 2 3 14 1 4 12 1 4 13 2 5 12 1 5 14 1 5 17 1 6 13 1 6 15 1 6 16 1 7 10 1 7 15 1 8 16 1 9 16 1 10 17 1 12 17 1
R 10076 54 81 6 81 3 4 5 1 2 3 1 0 2 4 5 0 0 1 2 3 4 2 0 4 5 3 2 1 1 2 3 0 2 3 3 2 0 2 4 0 1 0 4 2 4 1 3 4 2 1 5 3 1 0 2 3 1 0 0 1 2 4 0 5 4 5 3 1 3 2 3 5 4 1 5 0 3 1 2 5 0 4 4 5 5 | 18 25  0 8 1 0 9 1 0 12 1 1 9 1 1 13 1 1 16 1 2 10 2 2 12 1 3 10 1 3 16 1 3 17 1 4 11 1 4 14 1 4 17 1 5 11 2 5 15 1 6 13 1 6 14 1 6 15 1 7 13 1 7 14 1 7 15 1 8 16 1 8 17 1 9 12 1
R 64132 54 81 6 1026 3 4 5 1 0 2 1 0 2 5 0 3 4 1 2 0 3 5 4 5 1 1 2 3 2 3 0 2 4 1 2 3 0 0 2 5 0 1 3 1 3 4 4 3 2 1 5 0 3 1 4 4 0 2 0 1 2 4 3 5 3 4 5 1 4 2 5 0 3 2 1 4 0 3 2 4 5 5 1 0 5 | 18 26  0 7 1 0 11 1 0 12 1 1 8 1 1 11 1 1 13 1 2 9 1 2 12 1 2 14 1 3 10 2 3 15 1 4 10 1 4 16 1 4 17 1 5 13 1 5 14 1 5 15 1 6 14 1 6 15 1 6 16 1 7 11 1 7 16 1 8 12 1 8 17 1 9 13 1 9 17 1
R 5023 54 81 6 243 3 1 2 1 0 4 1 2 3 0 2 4 0 3 2 4 2 1 1 0 3 4 2 5 0 2 1 2 4 0 3 0 1 1 2 0 5 2 0 3 4 5 1 3 4 2 4 5 4 2 3 0 4 1 4 5 0 3 5 2 4 0 5 5 1 3 4 1 5 3 5 0 4 5 2 1 3 0 3 1 2 | 18 23  0 8 2 0 13 1 1 9 2 1 14 1 2 10 1 2 15 1 2 17 1 3 10 1 3 15 1 3 17 1 4 11 1 4 13 1 4 14 1 5 11 2 5 14 1 6 12 1 6 16 1 6 17 1 7 12 2 7 16 1 8 15 1 9 16 1 10 13 1
R 85792 54 81 6 4444 3 4 5 1 4 2 1 0 2 3 4 0 4 1 2 2 5 1 0 3 4 1 2 3 0 3 4 2 3 0 0 2 1 3 4 1 2 0 4 3 4 2 3 1 0 2 3 5 0 1 5 1 0 4 0 1 2 5 0 3 4 5 3 1 5 2 5 0 3 3 4 0 2 1 5 4 5 1 2 5 4 | 18 27  0 7 1 0 12 1 0 17 1 1 8 1 1 13 1 1 16 1 2 9 1 2 11 1 2 17 1 3 9 1 3 12 1 3 14 1 4 10 1 4 11 1 4 12 1 5 10 1 5 14 1 5 15 1 6 11 1 6 13 1 6 14 1 7 16 1 7 17 1 8 15 1 8 16 1 9 13 1 10 15 1
R 89405 54 81 6 75 3 4 5 2 3 0 0 1 2 0 3 1 4 0 1 2 3 5 0 2 5 1 2 3 0 1 3 0 2 5 2 3 1 1 0 4 5 4 1 0 5 3 3 4 2 4 0 1 3 0 2 2 1 0 0 1 2 4 1 5 4 3 5 5 2 4 3 2 5 0 1 4 1 4 3 4 5 2 5 3 0 | 18 27  0 7 1 0 9 1 0 11 1 1 8 1 1 14 1 1 17 1 2 10 1 2 11 1 2 15 1 3 10 1 3 12 1 3 13 1 4 12 1 4 13 1 4 14 1 5 12 1 5 16 1 5 17 1 6 13 1 6 16 1 6 17 1 7 9 1 7 11 1 8 15 1 8 16 1 9 15 1 10 14 1
R 83066 54 81 6 135 3 4 5 1 0 2 2 4 0 0 5 4 1 5 3 0 1 2 0 2 4 1 2 3 2 3 1 3 0 4 5 4 2 4 2 5 0 2 5 1 0 3 1 2 4 3 1 4 1 4 0 0 1 3 0 1 2 4 3 5 5 1 3 1 2 3 0 2 4 3 4 5 1 3 5 4 5 5 0 2 0 | 18 26  0 7 1 0 12 1 0 13 1 1 8 1 1 12 1 1 16 1 2 9 1 2 10 2 3 9 1 3 15 1 3 16 1 4 10 1 4 16 1 4 17 1 5 11 1 5 13 1 5 15 1 6 11 1 6 14 1 6 17 1 7 12 1 7 14 1 8 13 1 8 14 1 9 17 1 11 15 1
R 67681 54 81 6 251 3 4 5 2 4 1 0 2 4 1 2 0 0 1 2 2 3 5 0 2 3 1 2 3 3 1 4 1 4 0 0 2 3 0 1 5 2 3 1 3 0 2 1 4 2 4 3 0 4 5 2 0 3 1 0 1 2 5 3 0 3 5 1 4 5 3 5 3 4 4 1 0 4 1 5 4 5 0 2 5 2 | 18 27  0 7 1 0 10 1 0 11 1 1 8 1 1 11 1 1 12 1 2 9 1 2 12 1 2 13 1 3 10 1 3 13 1 3 14 1 4 10 1 4 16 1 4 17 1 5 11 1 5 15 1 5 16 1 6 12 1 6 16 1 6 17 1 7 13 1 7 15 1 8 14 1 8 15 1 9 14 1 9 17 1
R 13435 54 81 6 284 3 1 2 2 4 1 3 4 0 0 2 3 2 3 4 1 0 4 0 3 5 4 2 1 0 2 1 1 0 2 4 3 5 3 4 5 4 0 2 5 3 1 1 2 0 1 4 3 2 0 4 1 0 3 4 5 0 3 0 5 5 1 2 1 4 5 1 0 5 3 5 2 2 4 1 3 5 0 3 4 2 | 18 22  0 8 2 0 11 1 1 9 1 1 10 1 1 16 1 2 9 1 2 10 2 3 11 1 3 14 1 3 15 1 4 12 1 4 13 1 4 17 1 5 12 2 5 15 1 6 13 2 6 16 1 7 14 2 7 15 1 8 16 1 9 17 1 11 17 1
R 63365 54 81 6 161 3 4 5 1 0 2 3 5 2 1 0 2 3 4 5 1 2 3 0 1 4 1 2 3 4 2 0 4 0 3 3 2 0 0 2 3 1 0 4 5 3 1 0 1 2 3 4 5 1 5 2 0 1 4 0 1 2 5 4 3 1 4 0 4 5 3 1 0 2 4 5 0 5 2 3 4 5 1 3 5 2 | 18 26  0 7 1 0 11 1 0 12 1 1 8 1 1 13 1 1 16 1 2 9 1 2 14 1 2 15 1 3 10 2 3 12 1 4 10 1 4 16 1 4 17 1 5 11 1 5 12 1 5 13 1 6 11 1 6 13 1 6 14 1 7 16 1 7 17 1 8 15 1 8 17 1 9 14 1 9 15 1
R 68399 54 81 6 438 3 4 5 0 1 2 1 4 5 1 2 0 0 1 3 4 5 3 3 1 2 1 2 3 2 3 0 5 0 4 0 2 3 1 0 4 3 0 2 2 4 1 3 4 1 4 5 3 2 0 1 0 2 5 0 1 2 4 3 5 2 0 3 4 3 5 5 2 4 1 0 2 4 5 0 5 4 1 5 3 1 | 18 27  0 7 1 0 10 1 0 11 1 1 8 1 1 11 1 1 12 1 2 9 1 2 14 1 2 17 1 3 10 1 3 13 1 3 14 1 4 10 1 4 15 1 4 16 1 5 12 1 5 13 1 5 14 1 6 12 1 6 13 1 6 15 1 7 11 1 7 17 1 8 15 1 8 16 1 9 16 1 9 17 1
R 89935 54 81 6 539 3 1 2 5 4 3 1 0 2 3 4 2 1 0 3 0 2 3 0 2 1 2 0 5 2 3 1 2 1 4 2 3 0 3 4 5 0 1 3 5 2 4 1 3 4 2 1 0 0 4 2 4 1 0 4 5 0 1 2 0 4 5 3 0 1 5 4 5 2 1 4 5 3 4 3 0 5 3 5 1 2 | 18 25  0 6 2 0 11 1 1 7 1 1 12 1 1 13 1 2 8 1 2 12 1 2 17 1 3 9 1 3 13 1 3 14 1 4 10 2 4 14 1 5 11 1 5 15 1 5 17 1 6 16 1 7 12 1 7 13 1 8 14 1 8 15 1 9 15 1 9 16 1 10 16 1 11 17 1
R 28793 54 81 6 189678 3 1 2 5 3 0 4 1 2 5 1 0 0 2 1 0 3 2 4 2 5 3 0 4 0 2 1 2 4 5 3 0 1 5 2 1 4 3 1 5 2 1 4 0 2 3 4 5 4 5 0 0 3 1 4 5 0 1 2 4 3 0 5 4 3 2 5 3 4 4 1 5 0 3 1 5 1 2 3 0 2 | 18 25  0 8 2 0 15 1 1 9 1 1 12 1 1 13 1 2 9 1 2 13 1 2 14 1 3 10 1 3 13 1 3 16 1 4 10 1 4 14 1 4 17 1 5 11 1 5 15 1 5 17 1 6 11 2 6 16 1 7 12 1 7 14 1 7 17 1 8 16 1 9 12 1 10 15 1
R 84440 54 81 6 176 3 4 5 3 0 4 4 5 3 1 0 2 0 1 2 0 1 2 0 3 5 1 2 3 2 4 5 2 0 5 1 5 4 2 3 5 3 1 2 0 2 5 0 1 3 1 0 3 0 1 4 1 2 3 0 1 2 1 2 5 1 0 2 3 4 5 3 5 4 4 5 3 1 4 2 4 5 3 0 4 0 | 18 26  0 7 1 0 13 1 0 14 1 1 8 1 1 15 1 1 17 1 2 9 1 2 10 2 3 9 1 3 14 1 3 15 1 4 10 1 4 14 1 4 15 1 5 11 1 5 12 1 5 13 1 6 11 1 6 12 1 6 16 1 7 13 1 7 16 1 8 16 1 8 17 1 9 17 1 11 12 1
R 8264 54 81 6 118 1 2 3 0 4 1 0 2 3 5 1 2 2 0 4 3 4 1 2 0 1 3 4 5 3 4 5 0 2 1 3 1 2 1 4 0 5 4 2 3 4 0 2 0 4 0 1 3 3 2 4 3 0 1 0 4 5 3 2 5 4 1 5 0 3 4 3 1 5 2 5 0 3 4 5 0 1 2 1 2 5 | 18 24  0 8 1 0 9 2 1 9 1 1 13 1 1 14 1 2 10 1 2 14 1 2 15 1 3 10 1 3 14 1 3 17 1 4 11 1 4 13 1 4 17 1 5 11 2 5 16 1 6 12 1 6 15 1 6 16 1 7 12 2 7 15 1 8 16 1 8 17 1 10 13 1
R 59455 54 81 6 95 3 4 5 0 2 3 1 0 2 3 4 5 0 1 2 1 0 4 1 2 4 1 2 3 1 3 5 4 2 0 2 0 3 1 4 3 0 2 5 1 0 4 4 2 3 1 3 0 0 4 3 1 2 4 0 1 2 4 1 5 3 5 4 1 0 2 4 3 5 5 2 3 3 0 5 4 5 2 0 1 5 | 18 25  0 7 1 0 12 1 0 13 1 1 8 1 1 14 1 1 16 1 2 9 2 2 15 1 3 10 1 3 11 2 4 10 1 4 13 1 4 14 1 5 11 1 5 16 1 5 17 1 6 12 1 6 14 1 6 15 1 7 12 1 7 13 1 8 15 1 8 17 1 9 16 1 10 17 1
R 17626 54 81 6 78 1 2 3 3 4 0 1 2 4 1 3 2 0 4 1 0 1 3 0 2 3 0 1 2 3 4 5 1 0 4 2 3 0 0 2 1 3 2 4 2 3 1 1 3 2 4 1 5 3 4 0 0 3 1 0 4 5 2 5 1 3 5 0 4 5 0 3 2 5 5 4 2 1 5 4 4 3 5 1 2 0 | 18 24  0 8 1 0 11 2 1 9 2 1 10 1 2 9 1 2 13 1 2 14 1 3 10 2 3 15 1 4 11 1 4 16 1 4 17 1 5 12 1 5 13 1 5 15 1 6 12 1 6 14 1 6 17 1 7 14 1 7 15 1 7 16 1 8 16 1 8 17 1 12 13 1
R 87972 54 81 6 958 3 4 5 0 1 2 0 2 4 3 5 1 1 0 3 2 3 4 0 4 1 1 2 3 2 3 5 0 2 5 1 3 0 5 3 2 4 3 5 1 0 4 3 4 1 4 0 2 2 1 0 0 1 2 0 1 2 4 3 5 5 1 3 2 0 4 2 5 4 0 1 5 2 3 5 4 5 0 1 3 4 | 18 25  0 7 1 0 9 1 0 13 1 1 8 1 1 13 1 1 14 1 2 10 1 2 11 1 2 17 1 3 10 1 3 11 2 4 12 1 4 15 1 4 16 1 5 12 2 5 16 1 6 14 1 6 15 1 6 17 1 7 9 1 7 13 1 8 14 1 8 15 1 9 16 1 10 17 1
R 42650 54 81 6 555 3 1 2 2 5 3 0 1 5 0 4 3 3 5 4 1 2 0 2 3 0 0 2 1 1 3 4 4 5 1 3 4 1 1 5 2 0 2 3 2 0 4 0 3 1 3 1 0 5 2 4 2 4 0 4 5 0 0 4 1 2 3 4 2 5 1 0 1 2 4 3 5 5 4 1 3 2 5 0 3 5 | 18 24  0 7 2 0 10 1 1 8 1 1 11 1 1 17 1 2 9 2 2 14 1 3 10 2 3 12 1 4 11 1 4 13 1 4 14 1 5 12 1 5 13 1 5 14 1 6 13 1 6 15 1 6 16 1 7 16 1 8 15 1 8 17 1 9 16 1 11 17 1 12 15 1
R 68583 54 81 6 102 3 4 5 2 4 0 1 2 3 0 1 2 3 1 2 4 0 5 0 1 2 1 2 3 1 0 4 3 0 5 4 2 5 1 3 0 0 2 3 3 0 4 2 1 4 1 0 4 0 2 3 0 3 1 0 1 2 3 1 5 4 0 5 3 5 4 0 4 5 1 2 3 5 3 4 4 5 5 2 2 1 | 18 27  0 7 1 0 12 1 0 13 1 1 8 1 1 13 1 1 14 1 2 9 1 2 14 1 2 15 1 3 10 1 3 11 1 3 12 1 4 10 1 4 11 1 4 13 1 5 10 1 5 11 1 5 15 1 6 12 1 6 14 1 6 17 1 7 16 1 7 17 1 8 16 1 8 17 1 9 15 1 9 16 1
R 82382 54 81 6 1143 3 4 5 0 1 2 1 3 2 0 3 1 0 4 5 2 4 5 5 2 4 1 2 3 2 3 0 2 0 1 3 4 5 5 4 3 0 2 5 1 0 4 4 0 1 0 4 2 3 4 0 2 5 1 0 1 2 4 3 5 4 0 5 5 2 4 1 2 3 0 1 3 3 1 0 4 5 5 1 3 2 | 18 26  0 7 1 0 12 1 0 13 1 1 8 1 1 13 1 1 15 1 2 9 1 2 10 1 2 13 1 3 9 1 3 11 1 3 17 1 4 10 1 4 16 1 4 17 1 5 11 2 5 15 1 6 14 1 6 16 1 6 17 1 7 12 1 7 16 1 8 14 1 8 15 1 9 12 1 10 14 1
R 85622 54 81 6 475 3 4 5 5 4 2 0 1 2 2 0 1 3 0 4 4 1 5 3 0 2 1 2 3 3 1 5 5 2 1 5 4 2 4 1 0 0 2 3 1 0 2 5 3 0 2 0 1 4 0 5 1 3 4 0 1 2 0 3 1 3 5 4 4 3 5 1 2 5 0 3 2 4 1 5 4 5 4 2 0 3 | 18 27  0 7 1 0 12 1 0 17 1 1 8 1 1 13 1 1 14 1 2 9 1 2 11 1 2 12 1 3 9 1 3 11 1 3 12 1 4 10 1 4 11 1 4 13 1 5 10 1 5 15 1 5 16 1 6 15 1 6 16 1 6 17 1 7 14 1 7 15 1 8 13 1 8 14 1 9 17 1 10 16 1
R 94623 54 81 6 567 3 4 5 5 0 3 0 1 2 3 1 4 3 5 4 1 0 2 1 2 3 4 3 0 2 3 0 0 4 3 0 2 5 1 5 0 2 0 4 1 0 4 0 3 1 3 5 4 2 4 0 1 2 4 0 1 2 1 2 4 4 3 5 5 2 0 2 1 0 3 5 4 4 5 5 1 5 2 1 3 3 | 18 25  0 6 1 0 10 1 0 13 1 1 7 2 1 11 1 2 8 1 2 13 1 2 14 1 3 9 1 3 14 1 3 15 1 4 11 1 4 12 1 4 17 1 5 12 2 5 14 1 6 10 1 6 13 1 7 16 1 8 15 1 8 17 1 9 15 1 9 16 1 10 16 1 11 17 1
R 35970 54 81 6 274 3 4 5 5 3 1 4 0 5 1 3 2 0 2 1 0 3 1 0 4 2 1 2 3 1 2 3 1 0 5 4 2 1 0 2 3 1 0 2 1 0 3 0 3 5 2 4 1 3 4 5 0 2 1 0 1 2 4 2 0 2 3 1 0 4 5 3 5 4 5 2 4 3 5 1 4 0 5 4 5 3 | 18 27  0 8 1 0 11 1 0 13 1 1 9 1 1 14 1 1 15 1 2 9 1 2 15 1 2 16 1 3 10 1 3 11 1 3 12 1 4 10 1 4 11 1 4 14 1 5 10 1 5 16 1 5 17 1 6 12 1 6 13 1 6 14 1 7 13 1 7 16 1 7 17 1 8 12 1 8 15 1 9 17 1
R 67792 54 81 6 75 3 4 5 3 4 2 3 2 4 1 2 0 0 1 4 0 2 1 3 0 2 1 2 3 0 2 3 1 4 5 0 2 3 0 1 4 3 1 2 2 0 4 4 3 0 1 0 2 2 1 0 3 0 1 0 1 2 1 5 0 0 1 5 4 3 5 5 3 2 3 4 5 5 1 4 4 5 4 5 2 3 | 18 27  0 7 1 0 10 1 0 11 1 1 8 1 1 11 1 1 12 1 2 9 1 2 13 1 2 15 1 3 10 1 3 13 1 3 14 1 4 10 1 4 16 1 4 17 1 5 11 1 5 12 1 5 13 1 6 12 1 6 14 1 6 17 1 7 16 1 7 17 1 8 15 1 8 16 1 9 14 1 9 15 1
R 41944 54 81 6 311 3 1 2 5 2 3 0 4 2 0 2 3 1 4 2 4 1 5 0 3 4 0 2 1 4 3 2 1 2 0 3 4 5 0 1 3 5 1 2 4 3 1 4 1 0 0 5 4 0 2 4 1 0 5 4 5 0 0 1 4 5 3 1 1 4 5 5 0 3 0 3 2 2 5 1 3 5 3 4 2 2 | 18 23  0 7 2 0 10 1 1 8 2 1 11 1 2 9 1 2 14 1 2 15 1 3 10 1 3 12 1 3 14 1 4 11 1 4 13 1 4 17 1 5 12 2 5 15 1 6 13 2 6 16 1 7 15 1 8 16 1 9 16 1 9 17 1 10 14 1 11 17 1
R 12561 54 81 6 75 3 4 5 0 1 2 1 0 4 2 3 0 2 4 0 1 3 2 1 3 4 5 1 0 1 2 3 2 0 3 2 4 0 1 0 4 3 0 1 0 1 2 4 3 0 1 3 2 0 3 1 1 2 4 0 1 2 4 3 5 3 5 2 1 4 5 3 1 5 4 5 0 5 0 2 2 4 3 5 4 5 | 18 26  0 8 1 0 9 1 0 11 1 1 9 1 1 11 1 1 12 1 2 10 2 2 12 1 3 10 1 3 15 1 3 17 1 4 13 1 4 14 1 4 15 1 5 13 1 5 16 1 5 17 1 6 14 1 6 15 1 6 16 1 7 14 1 7 16 1 7 17 1 8 11 1 8 12 1 9 13 1
R 76466 54 81 6 149 3 4 5 2 3 5 1 2 0 1 4 2 0 1 3 2 0 1 3 4 5 1 2 3 0 1 2 0 2 4 2 3 5 5 4 2 3 2 0 4 1 0 2 1 0 1 4 5 0 1 4 2 0 3 0 1 2 4 0 1 5 4 3 0 5 3 4 5 2 3 5 4 0 1 2 4 5 3 5 3 1 | 18 26  0 7 1 0 9 1 0 16 1 1 8 1 1 15 1 1 17 1 2 9 1 2 12 1 2 13 1 3 10 1 3 13 1 3 15 1 4 10 1 4 14 1 4 15 1 5 11 1 5 12 1 5 17 1 6 11 2 6 13 1 7 14 1 7 16 1 8 16 1 8 17 1 9 14 1 10 12 1
R 53903 54 81 6 75 3 1 2 1 2 4 2 1 4 0 2 3 0 3 1 0 2 3 2 0 4 0 2 1 3 4 1 4 3 5 3 4 5 0 2 1 3 0 4 1 0 2 4 0 3 4 2 0 4 0 1 1 0 3 4 5 0 0 5 3 0 3 5 1 4 5 4 5 2 1 5 4 1 3 5 3 2 5 2 1 2 | 18 26  0 7 2 0 10 1 1 8 1 1 11 1 1 13 1 2 9 1 2 11 1 2 12 1 3 10 1 3 13 1 3 14 1 4 11 1 4 15 1 4 16 1 5 12 1 5 16 1 5 17 1 6 14 1 6 16 1 6 17 1 7 15 1 8 12 1 8 13 1 9 14 1 9 15 1 10 17 1
R 3756 54 81 6 75 3 4 5 1 0 2 1 2 3 4 0 2 0 1 4 1 2 0 3 4 1 0 3 1 1 2 3 3 2 0 0 3 2 4 1 3 0 2 3 1 4 0 1 0 4 0 1 2 2 3 4 5 1 0 0 1 2 4 5 3 4 5 0 1 5 3 2 5 3 4 5 3 2 5 0 4 5 2 5 4 1 | 18 22  0 8 1 0 12 1 0 14 1 1 9 2 1 14 1 2 10 2 2 11 1 3 10 1 3 15 1 3 17 1 4 11 2 4 15 1 5 12 2 5 13 1 6 13 2 6 16 1 7 15 1 7 16 1 7 17 1 8 14 1 8 17 1 9 16 1
R 22811 54 81 6 1519 3 4 5 4 5 2 1 0 2 0 1 3 0 1 2 3 4 5 1 2 3 0 1 4 1 2 3 2 0 4 3 5 4 5 4 2 0 2 3 0 1 3 1 4 2 1 0 2 3 0 1 0 5 3 0 1 2 3 0 1 5 4 3 2 5 4 3 5 4 0 1 2 4 0 5 5 3 2 4 5 1 | 18 25  0 8 1 0 12 1 0 13 1 1 9 1 1 10 2 2 9 1 2 13 1 2 14 1 3 10 1 3 14 1 3 17 1 4 11 1 4 13 1 4 16 1 5 11 2 5 16 1 6 12 1 6 14 1 6 15 1 7 12 1 7 15 1 7 17 1 8 15 1 8 16 1 9 17 1
R 21504 54 81 6 1646 3 4 5 2 0 3 1 3 2 1 0 4 3 0 1 4 2 1 2 4 5 0 3 5 1 2 3 4 1 2 4 0 3 1 2 5 5 3 1 0 5 4 0 2 3 1 0 2 3 0 4 2 1 0 0 1 2 5 1 4 0 4 5 2 5 3 4 2 5 0 3 5 0 1 3 2 4 1 4 5 3 | 18 24  0 8 1 0 14 1 0 16 1 1 9 1 1 10 1 1 17 1 2 9 1 2 14 1 2 15 1 3 10 2 3 15 1 4 11 1 4 13 1 4 14 1 5 11 2 5 16 1 6 12 1 6 13 1 6 17 1 7 12 2 7 16 1 8 15 1 8 17 1 9 13 1
R 48417 54 81 6 660 3 1 2 2 3 5 0 2 1 0 2 3 4 2 5 1 0 3 4 0 2 0 2 1 1 0 3 5 1 2 3 4 5 5 2 3 3 0 2 2 1 3 0 3 2 1 4 5 0 1 4 4 0 1 4 5 0 4 1 0 3 4 5 1 4 5 0 1 3 5 4 2 1 5 3 3 5 2 4 0 2 | 18 25  0 7 2 0 10 1 1 8 1 1 12 1 1 13 1 2 9 1 2 12 1 2 14 1 3 10 1 3 11 1 3 17 1 4 11 2 4 15 1 5 13 1 5 14 1 5 15 1 6 14 1 6 16 1 6 17 1 7 16 1 8 12 1 8 16 1 9 13 1 9 15 1 10 17 1
R 6026 54 81 6 128 3 4 5 1 0 2 2 0 1 3 4 5 0 1 2 5 2 4 4 1 0 0 1 3 1 2 3 3 2 0 4 1 0 4 2 0 3 2 1 0 2 3 1 0 5 1 0 5 2 4 5 3 0 4 0 1 2 4 5 3 3 5 4 2 0 1 3 5 4 1 0 3 5 3 2 5 2 4 4 5 1 | 18 25  0 8 1 0 13 1 0 15 1 1 9 2 1 15 1 2 10 2 2 12 1 3 10 1 3 16 1 3 17 1 4 11 1 4 12 1 4 13 1 5 11 1 5 12 1 5 14 1 6 11 1 6 16 1 6 17 1 7 13 1 7 14 1 7 15 1 8 14 1 8 17 1 9 16 1
R 43021 54 81 6 343 3 4 5 4 3 5 0 1 2 1 2 0 0 1 4 3 4 2 0 1 5 1 2 3 0 5 3 5 2 3 0 2 3 4 1 3 4 2 1 1 0 4 3 0 2 1 0 2 0 2 1 3 5 4 0 1 2 1 2 0 4 3 5 4 3 5 2 5 3 0 5 1 4 3 2 4 5 4 1 0 5 | 18 24  0 7 1 0 10 1 0 13 1 1 8 2 1 11 1 2 9 1 2 13 1 2 14 1 3 10 1 3 12 2 4 11 2 4 16 1 5 12 1 5 15 1 5 17 1 6 14 1 6 15 1 6 17 1 7 15 1 7 16 1 8 16 1 9 14 1 9 17 1 10 13 1
R 54655 54 81 6 573 3 1 2 0 2 4 1 4 2 0 2 3 1 0 3 2 4 1 0 1 3 0 2 1 3 5 2 0 3 4 3 4 5 2 1 3 1 0 2 4 5 1 3 1 5 0 1 4 4 2 0 0 3 1 4 5 0 1 5 3 5 3 0 1 4 5 4 5 2 0 3 5 4 2 5 3 0 4 2 1 2 | 18 26  0 7 2 0 10 1 1 8 1 1 11 1 1 12 1 2 9 1 2 13 1 2 14 1 3 10 1 3 12 1 3 15 1 4 11 1 4 12 1 4 13 1 5 11 1 5 15 1 5 17 1 6 14 1 6 15 1 6 16 1 7 16 1 8 13 1 8 17 1 9 14 1 9 16 1 10 17 1
R 8706 54 81 6 142 3 4 5 1 2 3 1 0 2 3 4 5 0 1 4 5 3 4 0 1 2 4 2 0 1 2 3 0 2 4 3 2 0 4 3 2 0 1 5 1 4 2 3 0 5 2 1 0 1 4 5 1 0 4 0 1 2 5 4 0 4 5 3 1 0 2 5 3 2 0 1 2 5 4 3 1 5 3 4 5 3 | 18 25  0 8 1 0 9 1 0 12 1 1 9 1 1 12 1 1 13 1 2 10 2 2 12 1 3 10 1 3 16 1 3 17 1 4 11 1 4 13 1 4 14 1 5 11 2 5 16 1 6 13 1 6 14 1 6 16 1 7 14 1 7 15 1 7 17 1 8 15 1 8 17 1 9 15 1
R 1407 54 81 6 1099 3 1 2 5 0 2 0 4 3 1 3 4 1 5 2 3 0 4 0 1 3 4 2 0 0 2 1 1 2 0 3 4 1 4 3 2 4 0 5 3 4 5 0 2 3 1 3 2 0 1 4 4 2 1 4 5 0 3 4 1 2 5 1 0 5 2 3 4 0 1 2 5 2 4 5 1 5 3 3 5 0 | 18 22  0 8 2 0 10 1 1 9 2 1 11 1 2 10 2 2 14 1 3 11 2 3 16 1 4 12 1 4 14 1 4 15 1 5 12 2 5 14 1 6 13 1 6 15 1 6 17 1 7 13 1 7 15 1 7 17 1 8 16 1 9 16 1 13 17 1
R 67212 54 81 6 195 3 4 5 0 1 2 0 3 1 1 2 3 0 1 3 1 4 5 4 0 5 1 2 3 2 3 0 5 2 0 0 2 3 1 0 4 4 3 5 0 4 2 3 4 1 0 1 5 2 1 0 0 3 4 0 1 2 4 3 5 4 2 5 4 5 0 5 4 2 3 0 2 2 3 1 4 5 1 5 1 3 | 18 27  0 7 1 0 10 1 0 11 1 1 8 1 1 11 1 1 17 1 2 9 1 2 12 1 2 13 1 3 10 1 3 11 1 3 12 1 4 10 1 4 16 1 4 17 1 5 13 1 5 14 1 5 15 1 6 14 1 6 16 1 6 17 1 7 15 1 7 16 1 8 12 1 8 14 1 9 13 1 9 15 1
R 81980 54 81 6 134 3 4 5 3 2 4 3 4 2 1 0 2 1 0 4 2 1 0 0 3 5 1 2 3 1 0 2 2 1 4 5 4 3 0 2 3 1 0 4 2 0 3 1 5 4 3 0 2 2 0 1 1 3 2 0 1 2 5 1 0 5 0 1 3 5 4 2 3 5 4 3 5 2 1 4 4 5 4 3 0 5 | 18 26  0 7 1 0 11 1 0 12 1 1 8 1 1 13 1 1 14 1 2 9 1 2 10 2 3 9 1 3 15 1 3 17 1 4 10 1 4 16 1 4 17 1 5 11 1 5 12 1 5 13 1 6 14 1 6 15 1 6 16 1 7 15 1 7 16 1 8 13 1 8 14 1 9 17 1 11 12 1
R 75990 54 81 6 75 1 2 3 0 3 1 0 4 2 3 4 5 2 0 1 1 0 3 0 4 2 3 4 5 2 1 0 0 2 1 1 0 4 2 3 1 2 3 1 3 4 0 1 2 4 0 4 3 0 5 2 5 0 3 0 4 5 5 4 2 3 5 1 2 0 1 3 5 4 4 2 5 5 1 3 1 2 3 4 5 0 | 18 26  0 7 1 0 9 2 1 8 1 1 12 1 1 15 1 2 9 1 2 13 1 2 17 1 3 10 1 3 12 1 3 13 1 4 10 1 4 15 1 4 17 1 5 11 1 5 13 1 5 14 1 6 11 1 6 15 1 6 16 1 7 16 1 7 17 1 8 14 1 8 16 1 10 12 1 11 14 1
R 58332 54 81 6 268 3 4 5 2 1 3 1 0 4 2 3 0 0 3 1 1 4 2 0 2 4 1 2 3 4 3 1 5 4 0 1 0 2 4 3 2 3 2 1 0 4 5 1 0 2 2 0 3 5 4 3 0 1 4 0 1 2 0 5 4 2 3 5 4 1 5 5 4 2 0 3 5 5 3 1 4 5 2 1 3 0 | 18 24  0 7 1 0 13 1 0 17 1 1 8 2 1 15 1 2 9 2 2 15 1 3 10 1 3 11 2 4 10 1 4 12 1 4 13 1 5 11 1 5 13 1 5 14 1 6 12 1 6 14 1 6 15 1 7 14 1 7 17 1 8 16 1 9 16 1 10 17 1 12 16 1
R 19822 54 81 6 136 3 4 5 2 4 5 0 3 1 1 0 2 3 0 4 2 4 5 1 0 2 1 4 2 1 2 3 1 5 4 2 0 3 1 5 0 2 0 3 3 2 0 4 2 1 0 2 5 1 0 4 1 2 3 0 1 2 0 3 1 2 4 5 4 5 3 2 1 5 3 1 0 4 5 3 5 3 0 4 5 4 | 18 24  0 8 1 0 15 1 0 16 1 1 9 2 1 10 1 2 9 1 2 13 1 2 14 1 3 10 2 3 14 1 4 11 1 4 12 1 4 17 1 5 11 1 5 13 1 5 14 1 6 12 2 6 16 1 7 13 1 7 15 1 7 17 1 8 15 1 8 16 1 11 17 1
R 42696 54 81 6 244 3 4 5 0 2 3 1 0 2 1 2 0 0 4 2 3 4 1 4 5 1 1 2 3 4 3 2 4 2 0 0 2 3 1 0 2 4 2 1 4 1 2 0 5 2 3 1 0 4 3 5 0 1 4 0 1 2 1 5 4 3 5 4 4 3 5 5 3 1 0 5 2 0 3 2 4 5 0 1 5 3 | 18 24  0 7 1 0 10 1 0 17 1 1 8 2 1 11 1 2 9 2 2 15 1 3 10 1 3 12 2 4 11 1 4 13 1 4 14 1 5 12 1 5 13 1 5 15 1 6 13 1 6 14 1 6 16 1 7 14 1 7 15 1 8 16 1 9 16 1 10 17 1 11 17 1
R 1209 54 81 6 221 3 1 2 4 1 3 0 4 3 2 1 4 1 2 0 0 1 3 3 4 1 0 3 2 0 2 1 5 3 1 3 4 1 0 2 4 0 2 3 3 1 2 1 4 0 2 3 1 0 4 5 2 3 0 4 5 0 0 2 5 2 5 1 3 0 5 4 5 3 4 5 2 2 5 0 4 5 1 3 4 1 | 18 20  0 8 2 0 10 1 1 9 2 1 11 1 2 10 2 2 12 1 3 11 1 3 13 1 3 17 1 4 12 2 4 14 1 5 13 2 5 16 1 6 14 2 6 15 1 7 15 2 7 16 1 8 16 1 9 17 1 11 17 1
R 57470 54 81 6 140 3 1 2 1 0 3 1 2 5 0 5 1 0 1 2 2 4 3 0 4 3 0 2 1 3 4 0 0 3 1 2 1 5 3 4 1 3 4 1 0 2 4 2 1 3 0 3 2 0 5 4 1 4 2 4 5 0 2 5 4 4 0 3 4 2 3 3 5 4 0 5 1 2 5 1 3 1 5 5 2 0 | 18 24  0 7 2 0 12 1 1 8 1 1 13 1 1 14 1 2 9 1 2 14 1 2 17 1 3 10 1 3 11 1 3 13 1 4 10 1 4 14 1 4 15 1 5 11 2 5 16 1 6 12 2 6 15 1 7 16 1 8 13 1 8 17 1 9 15 1 9 16 1 10 17 1
R 11180 54 81 6 1800 1 2 3 0 4 2 0 1 4 0 2 3 1 3 5 2 4 5 3 0 1 2 0 1 3 4 5 0 2 1 3 2 4 5 4 3 2 3 1 1 4 2 5 0 1 0 1 4 3 2 0 5 0 3 0 4 5 3 5 1 5 3 2 1 4 5 2 4 0 0 1 3 5 2 4 3 5 4 1 2 0 | 18 25  0 8 1 0 9 2 1 9 1 1 13 1 1 17 1 2 10 1 2 13 1 2 14 1 3 10 1 3 14 1 3 15 1 4 11 1 4 12 1 4 13 1 5 11 2 5 14 1 6 12 1 6 15 1 6 16 1 7 15 1 7 16 1 7 17 1 8 16 1 8 17 1 10 12 1
R 5073 54 81 6 3376 3 1 2 4 5 1 0 3 2 0 4 1 0 2 3 5 3 4 2 0 1 4 5 0 0 2 1 3 1 5 1 2 5 4 3 2 5 1 0 2 1 3 3 4 5 4 0 1 5 2 0 0 2 4 4 5 0 0 2 3 4 1 5 3 2 5 5 4 1 0 1 2 3 4 5 2 1 3 3 4 0 | 18 23  0 8 2 0 14 1 1 9 2 1 15 1 2 10 1 2 14 1 2 15 1 3 10 1 3 14 1 3 17 1 4 11 1 4 13 1 4 17 1 5 11 2 5 15 1 6 12 2 6 13 1 7 12 1 7 16 1 7 17 1 8 16 1 9 16 1 10 13 1
R 68227 54 81 6 75 3 4 5 3 4 1 0 3 2 1 2 3 0 1 2 0 2 5 4 3 5 1 2 3 1 0 4 1 5 0 0 2 3 0 1 4 4 1 5 0 2 3 3 2 5 1 2 0 1 4 2 0 4 3 0 1 2 2 5 0 4 1 5 4 5 0 5 3 4 3 4 1 2 1 0 4 5 3 5 3 2 | 18 27  0 7 1 0 10 1 0 11 1 1 8 1 1 13 1 1 14 1 2 9 1 2 14 1 2 17 1 3 10 1 3 11 1 3 12 1 4 10 1 4 12 1 4 13 1 5 11 1 5 15 1 5 17 1 6 12 1 6 13 1 6 16 1 7 14 1 7 15 1 8 15 1 8 16 1 9 16 1 9 17 1
R 56058 54 81 6 95 1 2 3 3 0 5 1 4 5 0 4 2 2 0 1 0 1 4 0 2 3 3 4 5 2 1 3 2 0 1 0 2 1 1 0 4 2 3 4 1 0 3 1 2 4 3 4 0 0 3 2 5 0 3 0 4 5 4 2 1 3 0 2 3 5 1 3 5 4 5 3 2 4 5 1 1 2 5 0 5 4 | 18 26  0 7 1 0 10 2 1 8 1 1 11 1 1 12 1 2 9 1 2 12 1 2 13 1 3 10 1 3 15 1 3 17 1 4 11 1 4 16 1 4 17 1 5 12 1 5 14 1 5 15 1 6 13 1 6 14 1 6 15 1 7 16 1 7 17 1 8 11 1 8 14 1 9 13 1 9 16 1
R 17591 54 81 6 241 1 2 3 3 4 1 2 0 4 0 3 2 0 4 1 3 2 1 0 5 1 4 2 0 3 4 5 0 1 4 2 3 1 0 2 1 4 1 3 3 0 4 2 1 0 0 4 2 3 0 2 4 0 3 0 4 5 2 5 0 3 1 5 4 5 1 3 2 5 0 4 5 2 3 4 3 5 1 1 2 5 | 18 24  0 8 1 0 11 2 1 9 2 1 10 1 2 9 1 2 13 1 2 14 1 3 10 2 3 15 1 4 11 1 4 13 1 4 15 1 5 12 1 5 14 1 5 17 1 6 12 1 6 15 1 6 16 1 7 14 1 7 16 1 7 17 1 8 16 1 8 17 1 12 13 1
R 85250 54 81 6 2105 3 4 5 0 1 2 0 5 1 1 3 5 5 2 4 1 2 3 5 0 1 1 2 3 2 3 0 4 1 0 3 5 4 0 2 3 1 0 4 0 3 2 5 0 2 3 0 1 2 1 3 4 5 2 0 1 2 4 3 5 3 2 4 2 4 0 0 1 3 4 5 0 2 4 3 4 5 5 1 5 1 | 18 27  0 7 1 0 11 1 0 12 1 1 8 1 1 12 1 1 13 1 2 9 1 2 10 1 2 13 1 3 9 1 3 15 1 3 16 1 4 10 1 4 13 1 4 14 1 5 11 1 5 12 1 5 17 1 6 15 1 6 16 1 6 17 1 7 14 1 7 15 1 8 16 1 8 17 1 9 11 1 10 14 1
R 40174 54 81 6 3312 3 4 5 1 0 2 5 3 0 0 4 5 1 2 5 5 2 1 4 0 1 1 2 3 5 2 0 1 0 3 2 5 4 0 2 3 0 1 2 1 3 4 2 5 0 0 3 4 4 2 1 3 1 4 0 1 2 3 4 5 2 4 1 1 3 2 4 3 0 3 4 0 5 3 2 4 5 1 5 0 5 | 18 23  0 7 1 0 11 1 0 13 1 1 8 2 1 13 1 2 9 2 2 14 1 3 10 2 3 15 1 4 11 1 4 16 1 4 17 1 5 12 2 5 13 1 6 12 1 6 14 1 6 17 1 7 14 1 7 15 1 8 15 1 9 16 1 10 16 1 11 17 1
R 60429 54 81 6 75 3 4 5 1 0 2 0 5 4 0 1 2 4 3 2 3 2 1 5 0 1 1 2 3 2 3 5 1 3 0 2 3 0 0 1 2 0 2 5 1 0 4 1 2 4 3 2 5 3 1 4 3 0 2 0 1 2 4 3 5 2 3 1 4 3 5 1 5 0 4 5 0 3 2 4 4 5 0 1 5 4 | 18 25  0 7 1 0 12 1 0 13 1 1 8 1 1 12 1 1 16 1 2 9 1 2 14 1 2 15 1 3 10 1 3 13 1 3 17 1 4 10 2 4 14 1 5 11 2 5 15 1 6 11 1 6 16 1 6 17 1 7 12 1 7 13 1 8 16 1 8 17 1 9 14 1 9 15 1
R 63804 54 81 6 3487 3 4 5 1 0 2 1 0 2 5 1 4 3 0 1 4 5 3 1 0 2 1 2 3 2 3 5 2 4 0 2 4 1 0 2 5 1 0 3 0 3 4 2 5 3 0 3 4 4 0 1 3 1 2 0 1 2 4 3 5 3 4 5 0 3 2 5 2 4 2 0 1 4 5 3 4 5 1 0 5 1 | 18 26  0 7 1 0 11 1 0 12 1 1 8 1 1 11 1 1 12 1 2 9 1 2 12 1 2 17 1 3 10 2 3 15 1 4 10 1 4 16 1 4 17 1 5 13 1 5 14 1 5 15 1 6 14 1 6 15 1 6 16 1 7 11 1 7 16 1 8 13 1 8 17 1 9 13 1 9 14 1
R 7835 54 81 6 158 1 2 3 0 4 1 0 2 1 5 1 3 0 3 2 1 4 5 0 4 2 1 3 2 3 4 5 0 2 1 3 1 0 5 4 2 1 2 4 2 4 1 0 3 1 0 2 3 3 4 0 0 3 1 0 4 5 3 2 5 4 3 5 2 0 4 1 5 4 0 3 2 3 5 1 0 5 4 1 2 5 | 18 24  0 8 1 0 9 2 1 9 1 1 16 1 1 17 1 2 10 1 2 13 1 2 14 1 3 10 1 3 13 1 3 15 1 4 11 1 4 13 1 4 14 1 5 11 2 5 14 1 6 12 2 6 15 1 7 12 1 7 16 1 7 17 1 8 16 1 8 17 1 10 15 1
R 93310 54 81 6 332 3 4 5 0 4 2 2 0 4 1 5 0 1 2 0 2 4 0 1 2 3 1 2 3 1 4 5 0 4 1 0 2 3 1 0 4 3 0 2 1 2 0 4 5 1 0 3 4 4 3 0 1 2 3 0 1 2 5 3 1 3 1 5 3 2 4 4 5 3 3 1 5 4 5 4 0 2 0 2 5 5 | 18 27  0 6 1 0 10 1 0 11 1 1 7 1 1 11 1 1 15 1 2 8 1 2 12 1 2 13 1 3 9 1 3 14 1 3 17 1 4 10 1 4 12 1 4 14 1 5 13 1 5 16 1 5 17 1 6 12 1 6 15 1 7 13 1 7 14 1 8 16 1 8 17 1 9 15 1 9 16 1 10 11 1
R 65195 54 81 6 484 3 4 5 0 1 2 3 0 1 1 0 3 4 2 5 1 2 4 0 2 3 1 2 3 2 3 5 1 4 0 5 2 0 0 2 5 1 0 4 0 4 3 2 3 0 1 5 2 4 3 1 4 3 1 0 1 2 4 3 5 5 2 4 4 5 2 1 3 0 3 5 0 1 4 5 4 5 1 0 3 2 | 18 26  0 7 1 0 11 1 0 12 1 1 8 1 1 12 1 1 17 1 2 9 1 2 13 1 2 14 1 3 10 1 3 14 1 3 17 1 4 10 2 4 16 1 5 11 1 5 13 1 5 17 1 6 13 1 6 15 1 6 16 1 7 11 1 7 12 1 8 14 1 8 15 1 9 15 1 9 16 1
R 21958 54 81 6 9964 3 1 2 1 2 3 0 2 1 5 0 4 1 0 5 2 3 5 1 4 0 3 0 2 0 2 1 3 0 1 4 0 2 5 3 4 2 0 1 2 5 0 0 5 3 3 4 5 1 5 0 4 1 2 4 5 0 4 5 0 5 3 4 1 3 2 2 4 3 0 1 4 3 2 5 4 5 1 3 2 1 | 18 24  0 8 2 0 15 1 1 9 1 1 10 1 1 17 1 2 9 1 2 13 1 2 14 1 3 10 2 3 16 1 4 11 1 4 13 1 4 17 1 5 11 1 5 14 1 5 16 1 6 12 1 6 14 1 6 17 1 7 12 2 7 15 1 8 16 1 9 15 1 11 13 1
R 50944 54 81 6 1588 3 1 2 2 5 4 0 2 5 0 2 3 2 3 1 0 4 2 0 1 3 0 2 1 1 3 4 4 5 2 3 4 5 1 0 2 3 4 5 2 1 0 1 0 2 3 2 0 5 4 1 0 4 1 4 5 0 0 3 1 1 3 4 1 4 5 4 0 5 5 1 3 2 4 5 3 5 2 0 2 3 | 18 25  0 7 2 0 10 1 1 8 1 1 14 1 1 15 1 2 9 2 2 15 1 3 10 1 3 13 1 3 17 1 4 11 1 4 12 1 4 13 1 5 11 1 5 12 1 5 13 1 6 12 1 6 14 1 6 15 1 7 16 1 8 14 1 8 16 1 9 16 1 10 17 1 11 17 1
R 20785 54 81 6 130 3 4 5 3 4 5 0 1 2 0 2 1 1 0 2 4 3 5 3 1 2 5 0 4 1 2 3 2 0 3 1 2 3 5 3 2 4 0 2 0 2 5 1 0 4 0 4 1 4 3 1 1 0 3 0 1 2 1 0 2 4 3 5 4 5 3 4 3 5 0 1 2 5 0 4 1 3 2 4 5 5 | 18 24  0 8 1 0 13 1 0 14 1 1 9 1 1 10 1 1 17 1 2 9 1 2 14 1 2 16 1 3 10 2 3 15 1 4 11 1 4 13 1 4 17 1 5 11 2 5 15 1 6 12 1 6 16 1 6 17 1 7 12 2 7 16 1 8 13 1 8 14 1 9 15 1
R 1730 54 81 6 1652 1 2 3 2 3 5 0 4 1 2 4 3 5 1 2 0 2 4 2 0 1 3 4 0 3 4 5 4 5 3 0 2 1 3 4 0 4 2 3 3 1 0 2 1 0 5 2 4 5 0 4 3 0 1 0 4 5 0 1 4 3 2 5 1 5 0 0 3 4 1 5 3 4 5 3 2 1 5 1 2 2 | 18 22  0 8 1 0 10 2 1 9 2 1 14 1 2 10 1 2 11 1 2 14 1 3 11 2 3 15 1 4 12 1 4 14 1 4 17 1 5 12 2 5 16 1 6 13 2 6 15 1 7 13 1 7 16 1 7 17 1 8 15 1 8 17 1 9 16 1
R 25764 54 81 6 107 3 4 5 1 0 2 3 0 2 0 1 4 2 5 4 2 3 1 0 1 4 0 1 2 1 2 3 2 4 5 2 4 1 4 1 2 0 2 3 1 3 0 1 0 3 5 1 2 3 0 1 2 0 4 0 1 2 3 4 5 1 4 5 3 5 2 0 3 1 0 4 5 3 5 2 5 4 3 4 5 0 | 18 25  0 8 1 0 12 1 0 14 1 1 9 1 1 12 1 1 13 1 2 9 1 2 13 1 2 14 1 3 10 2 3 13 1 4 10 1 4 15 1 4 17 1 5 11 1 5 14 1 5 17 1 6 11 2 6 16 1 7 12 1 7 16 1 7 17 1 8 15 1 8 16 1 9 15 1
R 37874 54 81 6 404 3 4 5 0 2 1 1 2 5 0 4 3 0 1 5 2 4 3 5 2 0 2 0 1 1 2 3 0 2 3 2 4 5 3 4 0 2 0 1 3 4 1 0 1 3 2 0 4 1 2 5 4 2 1 0 1 2 4 3 5 4 3 0 1 2 5 2 4 3 1 5 0 4 1 3 5 3 4 5 5 0 | 18 26  0 8 1 0 9 1 0 14 1 1 8 1 1 10 1 1 13 1 2 9 1 2 12 1 2 13 1 3 10 1 3 13 1 3 15 1 4 11 1 4 12 1 4 17 1 5 11 2 5 16 1 6 14 1 6 15 1 6 16 1 7 14 1 7 15 1 7 16 1 8 12 1 9 17 1 10 17 1
R 89469 54 81 6 438 3 4 5 0 2 1 0 1 2 3 4 2 0 4 5 1 2 3 5 0 4 1 2 3 5 1 3 0 2 5 2 3 0 1 0 4 1 4 2 1 0 3 4 3 2 2 4 0 0 4 1 5 1 4 0 1 2 4 3 5 4 3 5 1 0 5 3 2 1 4 0 5 1 3 2 4 5 2 0 3 5 | 18 27  0 7 1 0 9 1 0 11 1 1 8 1 1 15 1 1 16 1 2 10 1 2 11 1 2 14 1 3 10 1 3 12 1 3 13 1 4 12 1 4 13 1 4 15 1 5 13 1 5 14 1 5 15 1 6 14 1 6 16 1 6 17 1 7 9 1 7 11 1 8 16 1 8 17 1 9 17 1 10 12 1
R 18070 54 81 6 4687 3 4 5 0 1 4 2 5 4 5 1 3 1 2 0 4 0 3 1 2 3 2 4 0 1 2 3 4 5 3 3 1 2 0 2 4 2 4 5 1 3 0 2 1 0 0 1 4 0 1 4 0 2 5 0 1 2 2 5 3 0 1 3 0 4 2 5 3 4 1 2 5 0 5 4 5 3 1 4 5 3 | 18 25  0 8 1 0 11 1 0 15 1 1 9 1 1 10 1 1 17 1 2 9 2 2 16 1 3 10 2 3 16 1 4 11 1 4 12 1 4 13 1 5 12 1 5 13 1 5 14 1 6 12 1 6 15 1 6 17 1 7 13 1 7 15 1 7 17 1 8 14 1 8 16 1 11 14 1
R 64264 54 81 6 131 3 4 5 1 0 2 1 4 2 2 0 1 3 4 5 1 2 3 0 4 1 1 2 3 2 3 0 0 2 3 5 4 2 0 2 5 0 1 3 3 4 2 0 1 2 1 3 4 3 0 1 2 4 0 0 1 2 4 3 5 5 0 3 3 4 5 0 1 2 4 5 0 5 2 3 4 5 5 1 4 1 | 18 26  0 7 1 0 11 1 0 12 1 1 8 1 1 11 1 1 15 1 2 9 1 2 13 1 2 14 1 3 10 1 3 16 1 3 17 1 4 10 2 4 16 1 5 12 1 5 14 1 5 15 1 6 13 1 6 15 1 6 17 1 7 11 1 7 16 1 8 12 1 8 13 1 9 14 1 9 17 1
R 6397 54 81 6 368 3 4 5 1 2 0 2 3 4 5 1 0 4 5 2 1 0 2 2 0 1 3 4 5 1 2 3 0 2 3 1 4 5 0 1 2 2 0 4 5 4 1 0 2 5 1 3 0 5 3 0 1 3 4 0 1 2 4 5 3 0 5 1 3 4 2 1 3 0 3 5 4 3 4 5 0 2 1 4 5 2 | 18 23  0 8 1 0 9 1 0 17 1 1 9 2 1 10 1 2 10 1 2 11 1 2 14 1 3 11 2 3 16 1 4 12 1 4 14 1 4 17 1 5 12 2 5 15 1 6 13 1 6 16 1 6 17 1 7 13 2 7 16 1 8 14 1 8 15 1 10 15 1
R 75909 54 81 6 1026 3 4 5 2 4 0 1 2 3 1 0 4 3 4 5 0 2 5 1 3 5 1 2 3 0 1 2 0 2 3 2 4 0 5 3 4 4 5 2 3 0 1 1 0 2 2 1 4 3 1 0 1 0 3 0 1 2 3 1 5 4 0 5 5 2 3 1 0 2 1 3 4 0 2 4 4 5 4 5 5 3 | 18 26  0 7 1 0 9 1 0 17 1 1 8 1 1 12 1 1 16 1 2 9 1 2 12 1 2 14 1 3 10 1 3 13 1 3 14 1 4 10 1 4 15 1 4 16 1 5 11 1 5 15 1 5 17 1 6 11 2 6 16 1 7 14 1 7 15 1 8 13 1 8 17 1 9 13 1 10 12 1
R 62197 54 81 6 153 3 4 5 1 3 2 0 1 4 2 0 4 1 4 5 0 1 3 0 5 2 1 2 3 2 5 1 3 4 1 5 4 3 0 2 3 1 0 2 1 2 4 0 2 1 4 0 5 1 2 0 1 0 3 0 1 2 0 4 5 2 3 5 1 3 5 0 2 3 5 4 2 3 1 4 4 5 3 4 0 5 | 18 26  0 7 1 0 11 1 0 17 1 1 8 1 1 11 1 1 12 1 2 9 1 2 12 1 2 14 1 3 10 1 3 14 1 3 17 1 4 10 2 4 16 1 5 11 1 5 14 1 5 15 1 6 13 1 6 15 1 6 16 1 7 12 1 7 13 1 8 15 1 8 17 1 9 13 1 9 16 1
R 51608 54 81 6 1378 1 2 3 0 5 4 5 1 2 0 4 1 2 3 0 0 1 3 2 4 5 3 4 5 4 1 2 3 2 1 0 2 1 4 0 5 1 3 5 0 2 4 3 4 0 2 0 1 2 3 4 0 4 1 0 4 5 3 2 1 0 4 3 3 2 5 1 4 5 2 4 5 1 3 0 1 2 0 5 5 3 | 18 25  0 7 1 0 10 2 1 8 1 1 12 1 1 13 1 2 9 2 2 13 1 3 10 1 3 14 1 3 15 1 4 11 1 4 12 1 4 13 1 5 11 1 5 15 1 5 17 1 6 14 1 6 15 1 6 16 1 7 16 1 7 17 1 8 12 1 8 14 1 9 16 1 11 17 1
R 47371 54 81 6 1752 3 4 5 2 3 5 2 0 5 1 2 0 3 4 1 0 4 2 5 1 2 1 2 3 1 0 2 4 5 0 0 2 3 4 2 1 2 1 4 0 3 4 1 2 5 2 3 0 0 3 1 1 0 4 0 1 2 4 1 0 1 3 4 4 3 5 0 2 5 5 3 1 0 3 4 4 5 5 3 2 5 | 18 24  0 7 1 0 10 1 0 17 1 1 8 1 1 13 1 1 14 1 2 9 2 2 15 1 3 10 1 3 11 2 4 11 1 4 13 1 4 15 1 5 12 1 5 14 1 5 15 1 6 12 2 6 16 1 7 14 1 7 16 1 8 13 1 8 17 1 9 16 1 10 17 1
R 35953 54 81 6 184 3 4 5 0 1 2 3 4 5 4 0 1 1 2 3 0 2 5 1 5 4 3 0 2 1 2 3 2 3 0 1 4 3 0 2 5 0 1 3 2 1 4 3 2 4 0 2 1 0 1 5 0 4 3 0 1 2 4 5 3 1 0 2 2 5 3 0 4 5 4 1 3 0 3 2 5 4 1 4 5 5 | 18 27  0 8 1 0 11 1 0 12 1 1 9 1 1 10 1 1 11 1 2 9 1 2 13 1 2 16 1 3 10 1 3 12 1 3 13 1 4 10 1 4 15 1 4 17 1 5 12 1 5 14 1 5 15 1 6 14 1 6 16 1 6 17 1 7 15 1 7 16 1 7 17 1 8 11 1 8 13 1 9 14 1
R 53859 54 81 6 209 1 2 3 0 3 4 0 1 2 0 4 2 1 4 2 2 0 1 5 3 0 3 4 5 4 5 3 2 5 1 0 2 1 1 2 3 0 1 4 4 5 2 3 0 1 1 3 4 0 3 2 5 0 3 0 4 5 1 5 2 3 4 5 3 5 1 0 3 5 3 5 4 1 4 2 1 2 0 2 0 4 | 18 26  0 7 1 0 10 2 1 8 1 1 11 1 1 12 1 2 9 1 2 11 1 2 12 1 3 10 1 3 15 1 3 17 1 4 11 1 4 13 1 4 16 1 5 12 1 5 14 1 5 17 1 6 13 1 6 14 1 6 15 1 7 16 1 7 17 1 8 13 1 8 14 1 9 15 1 9 16 1
R 63392 54 81 6 2117 3 4 5 1 0 4 2 4 5 0 1 2 4 3 2 1 2 3 0 1 4 1 2 3 3 2 0 0 5 3 2 3 0 0 2 3 1 0 4 1 5 2 0 2 1 5 3 4 0 1 5 3 1 4 0 1 2 5 3 2 1 3 0 4 3 5 1 5 0 4 5 0 5 3 2 4 5 4 1 4 2 | 18 26  0 7 1 0 11 1 0 12 1 1 8 1 1 14 1 1 15 1 2 9 1 2 16 1 2 17 1 3 10 1 3 12 1 3 17 1 4 10 2 4 15 1 5 11 1 5 12 1 5 13 1 6 11 1 6 13 1 6 16 1 7 13 1 7 14 1 8 14 1 8 15 1 9 16 1 9 17 1
R 76139 54 81 6 244 3 1 2 5 4 0 0 2 3 2 1 4 0 4 1 5 3 4 0 2 3 0 2 1 2 3 5 3 4 5 3 4 1 4 0 5 1 2 0 4 2 0 2 4 1 0 2 1 5 1 4 0 3 1 4 5 0 1 3 2 1 4 5 0 3 5 2 3 5 2 1 0 1 5 4 3 4 0 2 5 3 | 18 26  0 7 2 0 9 1 1 8 1 1 13 1 1 16 1 2 9 1 2 12 1 2 13 1 3 10 1 3 12 1 3 17 1 4 10 1 4 14 1 4 15 1 5 11 1 5 13 1 5 14 1 6 11 1 6 14 1 6 17 1 7 16 1 8 15 1 8 16 1 9 17 1 10 12 1 11 15 1
R 33004 54 81 6 433 3 4 5 0 1 2 0 3 4 0 5 1 2 1 3 0 1 2 5 4 0 2 4 3 1 2 3 2 4 5 3 1 4 3 1 2 0 2 3 1 2 0 3 4 1 0 3 5 1 0 4 0 2 5 0 1 2 3 5 4 1 5 2 2 4 3 0 5 4 5 3 4 3 2 1 0 5 1 4 5 0 | 18 26  0 8 1 0 12 1 0 15 1 1 9 1 1 11 1 1 12 1 2 9 1 2 13 1 2 16 1 3 10 1 3 11 1 3 17 1 4 10 2 4 15 1 5 12 1 5 16 1 5 17 1 6 13 1 6 14 1 6 15 1 7 14 1 7 16 1 7 17 1 8 13 1 8 14 1 9 11 1
R 22584 54 81 6 187 3 1 2 2 3 1 3 0 2 0 5 3 4 0 1 0 5 2 0 3 1 1 5 3 0 2 1 1 5 2 0 3 2 1 2 3 0 1 2 3 4 5 5 3 4 1 5 0 4 1 5 2 1 0 4 5 0 0 4 5 4 5 1 1 2 4 5 3 2 4 1 3 4 2 5 0 4 2 3 3 0 | 18 25  0 8 2 0 13 1 1 9 1 1 10 2 2 9 1 2 12 1 2 13 1 3 10 1 3 15 1 3 17 1 4 11 1 4 12 1 4 13 1 5 11 1 5 14 1 5 15 1 6 12 1 6 14 1 6 17 1 7 14 1 7 15 1 7 16 1 8 16 1 9 17 1 11 16 1
R 61370 54 81 6 2509 3 4 5 0 1 2 5 2 0 0 1 2 0 3 5 0 1 2 3 4 5 1 2 3 4 2 1 1 0 4 2 3 5 5 4 2 3 1 2 0 2 5 0 1 3 4 3 0 1 5 3 0 3 1 0 1 2 3 5 4 3 1 4 4 5 3 1 4 2 3 5 4 0 1 2 4 5 0 5 2 0 | 18 25  0 7 1 0 13 1 0 14 1 1 8 2 1 14 1 2 9 1 2 15 1 2 16 1 3 10 1 3 12 1 3 13 1 4 10 1 4 12 1 4 15 1 5 11 1 5 14 1 5 17 1 6 11 2 6 16 1 7 13 1 7 17 1 8 16 1 9 15 1 9 17 1 10 12 1
R 83712 54 81 6 1376 3 4 5 1 3 2 3 4 5 1 0 2 2 0 1 0 1 5 3 4 5 1 2 3 4 2 5 2 0 4 1 2 4 5 4 0 0 1 3 0 2 3 0 1 3 0 1 2 1 3 2 0 3 4 0 1 2 0 4 5 1 0 2 3 4 5 3 4 5 3 4 2 1 2 0 4 5 3 1 5 5 | 18 26  0 7 1 0 13 1 0 14 1 1 8 1 1 14 1 1 15 1 2 9 1 2 10 1 2 12 1 3 9 1 3 13 1 3 16 1 4 10 1 4 12 1 4 13 1 5 11 1 5 16 1 5 17 1 6 11 2 6 16 1 7 15 1 7 17 1 8 15 1 8 17 1 9 12 1 10 14 1
R 23022 54 81 6 197 3 4 5 3 4 0 1 0 2 0 2 1 2 5 4 0 3 4 3 0 1 1 5 2 1 2 3 2 0 3 1 4 3 4 3 2 2 0 4 1 0 4 0 1 5 2 5 0 5 3 1 3 1 2 0 1 2 1 2 5 4 5 3 5 3 4 0 3 1 1 5 2 5 2 4 3 4 0 5 4 0 | 18 25  0 8 1 0 12 1 0 13 1 1 9 1 1 10 1 1 17 1 2 9 2 2 13 1 3 10 1 3 15 1 3 16 1 4 11 1 4 14 1 4 15 1 5 11 2 5 16 1 6 12 1 6 14 1 6 17 1 7 12 1 7 15 1 7 16 1 8 13 1 8 14 1 10 17 1
R 8221 54 81 6 1051 3 4 5 1 2 0 1 0 3 1 4 5 0 3 4 1 4 2 1 0 2 4 2 3 1 2 3 0 2 3 3 4 5 2 4 0 3 2 1 4 0 3 2 1 3 1 4 0 0 2 5 1 0 4 0 1 2 4 5 3 2 5 4 0 2 3 1 5 2 3 5 0 4 5 3 0 5 1 4 5 1 | 18 24  0 8 1 0 9 1 0 17 1 1 9 2 1 15 1 2 10 1 2 13 1 2 14 1 3 10 1 3 13 1 3 16 1 4 11 1 4 14 1 4 15 1 5 11 2 5 14 1 6 12 1 6 15 1 6 17 1 7 12 2 7 16 1 8 16 1 8 17 1 10 13 1
R 39223 54 81 6 243 3 4 5 0 2 1 0 1 2 0 3 5 1 2 5 0 3 2 1 0 4 3 4 2 1 2 3 2 4 5 4 5 2 2 4 5 2 0 4 3 1 2 0 1 3 2 1 0 4 0 1 0 3 1 0 1 2 4 3 5 3 5 4 1 4 2 0 4 3 1 5 4 3 5 2 0 1 5 5 0 3 | 18 26  0 8 1 0 12 1 0 14 1 1 8 1 1 12 1 1 17 1 2 9 1 2 13 1 2 14 1 3 9 1 3 15 1 3 16 1 4 10 1 4 13 1 4 16 1 5 10 1 5 14 1 5 17 1 6 11 1 6 15 1 6 17 1 7 11 2 7 16 1 8 12 1 9 13 1 10 15 1
R 62158 54 81 6 1550 3 4 5 1 3 2 0 2 4 0 1 5 2 4 5 0 1 2 1 0 3 1 2 3 2 4 3 1 3 0 5 4 0 0 2 3 1 0 2 0 3 5 4 1 0 0 3 5 3 1 2 0 2 1 0 1 2 0 4 5 5 3 1 2 4 3 1 3 0 5 3 4 4 2 5 4 5 5 1 2 4 | 18 26  0 7 1 0 11 1 0 13 1 1 8 1 1 11 1 1 12 1 2 9 1 2 12 1 2 13 1 3 10 1 3 16 1 3 17 1 4 10 2 4 16 1 5 11 1 5 14 1 5 15 1 6 13 1 6 14 1 6 16 1 7 12 1 7 17 1 8 14 1 8 15 1 9 15 1 9 17 1
R 80928 54 81 6 13307 3 4 5 2 0 4 2 4 3 0 1 4 1 5 2 1 2 5 0 2 3 1 2 3 1 4 0 5 1 4 0 4 2 0 2 3 0 1 4 3 1 4 0 1 2 0 5 2 4 3 1 3 5 0 0 1 2 5 3 1 0 1 5 3 2 5 3 0 4 4 3 0 5 4 1 4 5 3 2 2 5 | 18 26  0 7 1 0 11 1 0 12 1 1 8 1 1 14 1 1 17 1 2 9 1 2 10 2 3 9 1 3 13 1 3 14 1 4 10 1 4 16 1 4 17 1 5 11 1 5 12 1 5 13 1 6 12 1 6 14 1 6 15 1 7 15 1 7 16 1 8 15 1 8 16 1 9 17 1 11 13 1
R 48609 54 81 6 81 1 2 3 5 3 4 0 2 4 0 4 1 2 3 4 1 2 3 1 0 2 3 4 5 4 1 2 1 5 0 0 2 1 3 4 0 0 1 5 2 0 4 2 3 4 1 3 4 0 3 2 1 0 3 0 4 5 0 2 1 3 1 5 3 2 5 1 0 5 4 0 5 3 5 4 1 2 3 5 2 4 | 18 25  0 7 1 0 10 2 1 8 1 1 12 1 1 13 1 2 9 1 2 14 1 2 16 1 3 10 1 3 11 2 4 11 1 4 15 1 4 17 1 5 12 1 5 14 1 5 15 1 6 13 1 6 14 1 6 17 1 7 16 1 7 17 1 8 12 1 8 13 1 9 15 1 9 16 1
R 7954 54 81 6 2290 1 2 3 0 4 1 1 0 2 3 4 2 1 0 2 3 4 5 2 5 1 3 0 1 3 4 5 0 2 1 2 4 0 4 2 0 1 0 4 3 2 0 0 3 1 5 1 3 2 1 3 1 4 3 0 4 5 3 5 2 3 4 5 1 5 0 3 5 4 1 0 2 3 4 0 2 5 4 1 2 5 | 18 24  0 8 1 0 9 2 1 9 1 1 13 1 1 14 1 2 10 1 2 13 1 2 17 1 3 10 1 3 14 1 3 15 1 4 11 2 4 14 1 5 11 1 5 16 1 5 17 1 6 12 1 6 15 1 6 17 1 7 12 2 7 16 1 8 13 1 8 15 1 10 16 1
R 73532 54 81 6 142 3 4 5 0 1 3 1 2 0 0 4 2 5 0 4 1 3 4 0 1 2 1 2 3 3 5 0 0 2 3 2 4 1 4 3 0 1 0 4 1 2 3 3 0 2 0 2 1 5 2 4 3 1 0 0 1 2 2 4 5 4 3 5 5 3 1 1 3 2 2 5 0 5 3 4 4 5 4 1 5 0 | 18 26  0 7 1 0 9 1 0 12 1 1 8 1 1 13 1 1 15 1 2 9 1 2 10 1 2 13 1 3 10 1 3 12 1 3 14 1 4 11 1 4 15 1 4 17 1 5 11 2 5 16 1 6 14 1 6 16 1 6 17 1 7 14 1 7 17 1 8 15 1 8 16 1 9 12 1 10 13 1
R 78202 54 81 6 90 3 4 5 0 1 4 1 2 0 1 4 2 0 1 3 3 0 4 1 0 2 1 2 3 5 4 3 0 2 4 2 0 5 2 3 4 0 2 4 1 3 2 4 5 0 1 3 0 2 1 0 1 0 4 0 1 2 2 5 3 5 3 4 3 5 0 4 5 2 1 2 5 4 5 3 4 5 0 1 3 1 | 18 27  0 7 1 0 9 1 0 17 1 1 8 1 1 11 1 1 12 1 2 9 1 2 14 1 2 15 1 3 10 1 3 12 1 3 13 1 4 10 1 4 13 1 4 14 1 5 12 1 5 15 1 5 16 1 6 13 1 6 15 1 6 17 1 7 16 1 7 17 1 8 11 1 8 14 1 9 16 1 10 11 1
R 3540 54 81 6 874 1 2 3 0 3 4 2 0 1 3 5 1 5 0 4 0 4 1 2 0 1 2 3 4 3 4 5 2 4 3 1 5 4 4 0 1 0 2 1 1 0 4 3 4 0 3 2 0 3 2 5 3 5 1 0 4 5 1 5 2 3 5 4 0 2 4 2 3 1 3 2 5 3 5 4 1 5 0 1 2 0 | 18 21  0 8 1 0 12 2 1 9 2 1 13 1 2 10 1 2 11 1 2 17 1 3 10 2 3 16 1 4 11 2 4 16 1 5 12 1 5 14 2 6 13 2 6 15 1 7 14 1 7 15 1 7 16 1 8 15 1 8 17 1 9 17 1
R 72442 54 81 6 269 3 1 2 5 4 3 0 2 3 0 2 3 0 1 2 4 2 0 5 1 0 0 2 1 2 0 5 3 4 5 1 2 3 2 5 3 1 0 2 4 0 1 0 1 3 5 2 4 4 1 5 5 1 2 4 5 0 1 2 0 1 4 5 5 1 4 4 3 5 3 5 1 4 2 3 3 4 3 2 0 0 | 18 25  0 7 2 0 9 1 1 8 1 1 14 1 1 15 1 2 9 1 2 10 1 2 13 1 3 10 1 3 11 1 3 17 1 4 11 1 4 13 1 4 14 1 5 12 2 5 15 1 6 12 1 6 16 1 6 17 1 7 16 1 8 14 1 8 15 1 9 13 1 10 16 1 11 17 1
R 47427 54 81 6 188 1 2 3 3 2 0 2 0 1 0 4 1 2 4 3 3 4 5 1 0 2 3 4 5 0 1 2 4 1 0 0 2 1 3 4 0 2 0 4 2 5 4 1 3 0 3 2 0 1 5 3 0 1 3 0 4 5 5 1 4 3 5 4 3 2 5 1 5 0 1 0 2 3 5 4 1 2 3 4 2 5 | 18 24  0 7 1 0 10 2 1 8 1 1 13 1 1 14 1 2 9 2 2 15 1 3 10 1 3 11 1 3 15 1 4 11 2 4 16 1 5 12 1 5 13 1 5 14 1 6 12 1 6 14 1 6 16 1 7 15 1 7 17 1 8 13 1 8 17 1 9 16 1 12 17 1
R 81419 54 81 6 9946 1 2 3 4 1 2 3 4 5 0 1 2 1 5 2 0 4 1 1 0 3 3 4 5 3 2 5 5 2 3 2 0 4 0 2 1 3 0 5 1 3 4 0 1 2 4 0 2 3 0 4 0 3 1 0 4 5 0 3 5 0 1 2 4 5 3 3 4 0 3 2 5 2 4 5 1 2 1 4 1 5 | 18 26  0 7 1 0 11 2 1 8 1 1 14 1 1 16 1 2 9 1 2 10 1 2 12 1 3 9 1 3 13 1 3 15 1 4 10 1 4 12 1 4 13 1 5 11 1 5 16 1 5 17 1 6 13 1 6 14 1 6 15 1 7 16 1 7 17 1 8 15 1 8 17 1 9 12 1 10 14 1
R 73388 54 81 6 913 3 4 5 0 1 2 1 2 0 3 4 5 2 0 3 0 3 5 5 4 1 1 2 3 2 5 1 0 2 3 5 4 2 1 3 5 1 0 4 1 4 2 2 5 0 1 3 4 3 0 4 1 3 2 0 1 2 4 3 5 4 3 5 0 1 2 4 5 1 2 1 4 3 2 0 4 5 3 0 5 0 | 18 26  0 7 1 0 9 1 0 12 1 1 8 1 1 12 1 1 16 1 2 9 1 2 10 1 2 17 1 3 10 2 3 15 1 4 11 1 4 13 1 4 14 1 5 11 1 5 16 1 5 17 1 6 13 1 6 16 1 6 17 1 7 14 1 7 15 1 8 14 1 8 15 1 9 12 1 11 13 1
R 50878 54 81 6 2503 1 2 3 1 4 5 0 2 5 0 4 2 4 0 3 2 1 0 1 2 3 3 4 5 2 0 1 4 5 2 0 2 1 3 1 0 1 3 0 2 3 4 1 0 4 1 3 5 2 3 4 0 5 3 0 4 5 3 0 2 1 3 4 3 5 1 5 2 1 4 3 5 4 5 0 1 2 5 4 0 2 | 18 25  0 7 1 0 10 2 1 8 1 1 13 1 1 14 1 2 9 2 2 15 1 3 10 1 3 12 1 3 17 1 4 11 1 4 12 1 4 13 1 5 11 1 5 14 1 5 16 1 6 12 1 6 14 1 6 15 1 7 16 1 7 17 1 8 13 1 8 17 1 9 16 1 11 15 1
R 2056 54 81 6 81 1 2 3 0 2 4 0 4 1 4 2 3 0 1 2 5 0 1 4 1 2 1 2 0 3 4 5 1 4 2 0 2 1 1 3 2 2 1 5 3 0 4 0 2 4 4 1 5 4 0 2 3 0 1 0 4 5 3 5 1 3 2 5 0 5 1 4 3 5 4 3 2 0 3 5 5 3 4 1 2 0 | 18 23  0 8 1 0 10 2 1 9 2 1 13 1 2 10 1 2 13 1 2 14 1 3 11 2 3 14 1 4 11 1 4 15 1 4 17 1 5 12 1 5 14 1 5 15 1 6 12 2 6 16 1 7 13 1 7 16 1 7 17 1 8 16 1 8 17 1 9 15 1
R 60224 54 81 6 80 3 4 5 1 0 2 0 5 4 1 0 2 3 4 2 4 1 3 5 0 3 1 2 3 2 3 1 2 4 0 2 4 0 3 0 4 0 2 5 1 0 3 1 3 4 2 1 4 1 3 2 1 0 4 0 1 2 4 3 5 1 2 3 3 4 5 1 5 0 5 0 2 1 2 4 4 5 0 5 3 5 | 18 25  0 7 1 0 12 1 0 13 1 1 8 1 1 12 1 1 13 1 2 9 1 2 14 1 2 17 1 3 10 1 3 13 1 3 17 1 4 10 2 4 16 1 5 11 1 5 15 1 5 17 1 6 11 2 6 16 1 7 12 1 7 14 1 8 14 1 8 15 1 9 15 1 9 16 1
R 63672 54 81 6 146 3 4 5 2 3 4 3 4 2 1 2 5 3 4 5 1 2 0 0 1 4 1 2 3 0 1 2 0 2 3 5 4 2 0 2 3 1 3 5 0 2 4 3 2 1 2 1 0 1 0 4 1 5 3 0 1 2 5 0 1 1 5 0 3 0 4 0 1 2 4 3 5 5 3 2 4 5 4 3 4 5 | 18 26  0 7 1 0 11 1 0 12 1 1 8 1 1 12 1 1 13 1 2 9 1 2 13 1 2 17 1 3 10 1 3 14 1 3 17 1 4 10 2 4 16 1 5 11 1 5 13 1 5 14 1 6 11 1 6 15 1 6 17 1 7 15 1 7 16 1 8 12 1 8 16 1 9 14 1 9 15 1
R 94675 54 81 6 118 3 4 5 2 3 0 0 1 2 1 0 3 4 5 3 1 0 2 1 2 3 0 4 5 3 5 0 3 4 1 0 2 5 1 3 2 0 5 4 1 0 4 4 0 1 0 2 3 1 2 4 1 3 0 0 1 2 1 4 5 4 3 5 2 4 5 0 1 2 3 5 4 4 5 3 2 2 1 0 5 3 | 18 25  0 6 1 0 10 1 0 13 1 1 7 1 1 11 2 2 8 1 2 13 1 2 14 1 3 9 1 3 15 1 3 16 1 4 11 1 4 12 2 5 12 1 5 15 1 5 17 1 6 10 1 6 13 1 7 16 1 7 17 1 8 14 1 8 15 1 9 16 1 9 17 1 10 14 1
R 25881 54 81 6 421 3 4 5 1 3 2 0 2 4 0 2 1 3 4 5 0 1 4 3 5 2 0 1 3 1 2 3 4 2 1 5 4 2 3 4 1 0 2 3 1 0 2 0 3 5 2 0 1 1 0 5 3 0 4 0 1 2 0 4 5 5 3 1 3 4 5 0 1 2 2 5 3 0 4 1 5 4 2 4 5 3 | 18 25  0 8 1 0 12 1 0 14 1 1 9 1 1 12 1 1 13 1 2 9 1 2 13 1 2 14 1 3 10 1 3 14 1 3 17 1 4 10 2 4 16 1 5 11 2 5 15 1 6 11 1 6 16 1 6 17 1 7 12 1 7 15 1 7 17 1 8 13 1 8 15 1 9 16 1
R 42805 54 81 6 426 3 4 5 5 0 3 2 3 5 2 3 4 1 2 4 0 1 2 0 1 5 1 2 3 1 3 0 1 0 3 0 2 4 4 2 3 5 3 2 1 0 4 3 0 5 1 2 4 0 1 2 4 0 1 0 1 2 2 4 1 4 1 0 5 0 1 0 5 3 4 3 5 2 3 4 5 4 5 5 2 3 | 18 24  0 7 1 0 10 1 0 13 1 1 8 2 1 11 1 2 9 1 2 14 1 2 15 1 3 10 1 3 12 2 4 11 2 4 16 1 5 12 1 5 13 1 5 17 1 6 14 1 6 15 1 6 16 1 7 13 1 7 14 1 8 16 1 9 15 1 9 17 1 10 17 1
R 2614 54 81 6 307 3 1 2 5 1 0 0 4 3 0 1 2 2 1 3 0 1 4 3 5 4 2 1 0 0 2 1 2 0 1 3 4 1 4 2 0 2 4 1 0 3 4 3 4 1 0 2 3 1 0 5 0 5 2 4 5 0 3 4 2 2 5 1 3 5 4 5 0 4 3 5 2 0 2 1 5 4 3 3 5 1 | 18 23  0 8 2 0 10 1 1 9 2 1 14 1 2 10 2 2 15 1 3 11 1 3 14 1 3 15 1 4 11 1 4 14 1 4 17 1 5 12 2 5 13 1 6 12 1 6 16 1 6 17 1 7 13 1 7 16 1 7 17 1 8 16 1 9 15 1 11 13 1
R 13170 54 81 6 138 3 1 2 0 2 3 0 2 4 0 1 4 1 0 3 0 2 3 3 5 2 4 2 1 0 2 1 3 4 5 3 4 2 4 3 1 2 3 1 1 2 0 2 1 5 0 5 4 1 0 2 4 0 3 4 5 0 1 4 5 1 5 3 5 3 2 2 5 4 5 4 1 4 0 1 0 3 5 3 2 0 | 18 26  0 8 2 0 9 1 1 9 1 1 13 1 1 16 1 2 10 1 2 12 1 2 13 1 3 10 1 3 14 1 3 15 1 4 11 1 4 13 1 4 14 1 5 11 1 5 16 1 5 17 1 6 12 1 6 14 1 6 15 1 7 12 1 7 16 1 7 17 1 8 15 1 9 17 1 10 11 1
R 65411 54 81 6 118 3 4 5 1 0 2 3 1 4 4 3 5 2 1 3 1 2 0 1 5 0 1 2 3 2 4 0 0 4 5 1 5 3 0 2 5 0 1 3 1 3 2 0 2 1 0 3 4 4 0 2 4 2 3 0 1 2 3 4 5 2 0 5 0 2 1 4 5 0 3 4 5 4 2 3 4 5 5 1 3 1 | 18 26  0 7 1 0 11 1 0 12 1 1 8 1 1 12 1 1 13 1 2 9 1 2 13 1 2 15 1 3 10 2 3 15 1 4 10 1 4 16 1 4 17 1 5 11 1 5 13 1 5 17 1 6 14 1 6 15 1 6 16 1 7 11 1 7 14 1 8 12 1 8 17 1 9 14 1 9 16 1
R 53313 54 81 6 99 1 2 3 1 2 0 3 1 5 0 4 2 0 3 4 2 0 1 0 2 3 3 4 5 5 0 1 0 5 1 0 2 1 1 4 5 3 2 1 4 3 2 2 0 4 1 3 0 0 3 2 5 0 3 0 4 5 3 4 5 2 4 0 3 5 1 2 1 5 3 5 4 5 1 4 1 2 2 4 3 0 | 18 25  0 7 1 0 10 2 1 8 1 1 12 1 1 13 1 2 9 2 2 13 1 3 10 1 3 15 1 3 17 1 4 11 1 4 13 1 4 14 1 5 11 1 5 16 1 5 17 1 6 12 1 6 14 1 6 15 1 7 16 1 7 17 1 8 15 1 8 16 1 9 14 1 11 12 1
R 5943 54 81 6 2090 3 4 5 5 0 3 1 0 4 3 4 2 1 2 3 0 1 2 0 2 4 1 0 5 1 2 3 4 3 0 2 4 0 0 2 3 0 1 4 1 4 5 3 0 2 1 2 0 3 1 2 3 1 0 0 1 2 1 2 4 3 5 2 1 5 0 4 5 0 5 3 4 3 1 5 2 3 4 4 5 5 | 18 25  0 8 1 0 11 1 0 12 1 1 9 2 1 15 1 2 10 1 2 14 1 2 17 1 3 10 2 3 16 1 4 11 1 4 12 1 4 13 1 5 11 1 5 12 1 5 17 1 6 13 1 6 14 1 6 15 1 7 13 1 7 15 1 7 16 1 8 14 1 8 17 1 9 16 1
R 20715 54 81 6 8006 3 4 5 4 2 3 0 3 4 0 1 2 0 1 2 3 4 1 1 2 3 0 5 2 1 2 3 1 3 4 0 2 4 3 2 1 4 3 2 0 2 5 3 0 5 0 1 4 3 1 0 3 0 1 0 1 2 0 1 5 5 1 2 3 4 5 4 5 3 0 5 2 0 5 4 1 3 4 4 5 2 | 18 24  0 8 1 0 13 1 0 14 1 1 9 1 1 10 2 2 9 1 2 14 1 2 15 1 3 10 1 3 16 1 3 17 1 4 11 2 4 13 1 5 11 1 5 15 1 5 16 1 6 12 2 6 14 1 7 12 1 7 15 1 7 17 1 8 13 1 8 16 1 9 17 1
R 27994 54 81 6 1340 3 4 5 2 1 4 0 3 5 3 4 0 1 0 2 2 4 5 0 1 4 1 5 3 1 2 3 4 3 1 2 0 3 3 5 4 1 0 4 0 2 3 1 0 4 0 1 5 3 4 2 1 0 2 0 1 2 0 3 5 2 1 4 1 2 5 4 5 3 0 1 3 2 5 3 4 2 0 5 4 5 | 18 25  0 8 1 0 13 1 0 14 1 1 9 1 1 12 1 1 13 1 2 9 1 2 16 1 2 17 1 3 10 1 3 12 1 3 17 1 4 10 2 4 14 1 5 11 2 5 15 1 6 11 1 6 16 1 6 17 1 7 13 1 7 15 1 7 16 1 8 14 1 8 15 1 9 12 1
R 49493 54 81 6 358 3 4 5 3 1 4 0 1 3 1 2 3 2 0 1 3 4 5 0 2 5 1 2 3 2 4 1 3 4 5 0 2 3 5 4 2 0 3 4 1 5 2 3 0 1 2 1 0 3 4 1 2 0 3 0 1 2 0 5 2 2 4 5 4 5 0 3 5 4 0 1 2 1 3 4 4 5 3 0 1 5 | 18 25  0 7 1 0 10 1 0 12 1 1 8 2 1 14 1 2 9 1 2 15 1 2 17 1 3 10 1 3 12 1 3 13 1 4 11 1 4 16 1 4 17 1 5 11 2 5 16 1 6 12 1 6 13 1 6 14 1 7 13 1 7 14 1 8 15 1 9 16 1 9 17 1 10 15 1
R 46267 54 81 6 867 1 2 3 1 5 3 2 3 0 0 4 1 2 3 0 1 4 2 4 0 1 3 4 5 3 0 2 1 0 2 0 2 1 3 4 0 1 3 2 4 5 3 2 1 0 0 4 3 2 4 0 0 5 1 0 4 5 4 0 2 5 1 4 3 2 5 1 4 5 0 5 3 2 3 5 1 2 5 1 3 4 | 18 24  0 7 1 0 10 2 1 8 1 1 13 1 1 15 1 2 9 1 2 13 1 2 14 1 3 10 1 3 11 2 4 11 1 4 12 2 5 12 1 5 15 1 5 17 1 6 13 1 6 14 1 6 16 1 7 16 1 7 17 1 8 14 1 8 15 1 9 16 1 9 17 1
R 91526 54 81 6 406 1 2 3 0 1 3 5 0 1 4 0 2 0 4 1 2 4 5 3 4 5 3 5 0 4 3 1 3 2 5 0 2 1 3 4 0 2 1 0 1 3 2 2 0 3 2 5 4 0 2 1 1 4 3 0 4 5 2 4 5 2 4 3 1 3 5 3 2 5 1 3 0 1 2 4 1 5 0 4 0 5 | 18 26  0 6 1 0 10 2 1 7 1 1 12 1 1 16 1 2 8 1 2 14 1 2 15 1 3 9 1 3 16 1 3 17 1 4 10 1 4 11 1 4 12 1 5 11 1 5 12 1 5 13 1 6 15 1 6 17 1 7 13 1 7 14 1 8 14 1 8 15 1 9 16 1 9 17 1 11 13 1
R 65381 54 81 6 626 3 4 5 5 4 1 3 4 0 0 2 3 5 1 3 1 2 0 0 2 4 1 2 3 1 3 4 0 1 4 4 3 2 0 2 5 1 0 4 4 3 2 2 0 1 2 3 1 1 0 2 4 0 3 0 1 2 2 0 3 2 1 5 1 5 4 0 4 2 3 4 5 3 5 1 4 5 5 0 5 3 | 18 26  0 7 1 0 11 1 0 12 1 1 8 1 1 13 1 1 14 1 2 9 1 2 13 1 2 14 1 3 10 2 3 14 1 4 10 1 4 16 1 4 17 1 5 11 1 5 15 1 5 17 1 6 12 1 6 16 1 6 17 1 7 11 1 7 12 1 8 13 1 8 15 1 9 15 1 9 16 1
R 84427 54 81 6 332 3 4 5 2 5 4 4 5 3 0 2 1 0 1 2 0 1 2 3 4 0 1 2 3 3 1 4 3 0 4 2 5 4 2 4 5 4 3 1 0 2 3 0 1 2 2 0 4 0 1 3 0 3 5 0 1 2 0 3 1 2 0 1 5 3 4 3 5 4 3 5 4 1 2 5 4 5 5 2 1 0 | 18 26  0 7 1 0 13 1 0 16 1 1 8 1 1 14 1 1 15 1 2 9 1 2 10 2 3 9 1 3 15 1 3 16 1 4 10 1 4 16 1 4 17 1 5 11 1 5 12 1 5 13 1 6 11 1 6 12 1 6 13 1 7 14 1 7 15 1 8 14 1 8 17 1 9 17 1 11 12 1
R 26042 54 81 6 828 3 4 5 0 1 2 3 1 0 0 1 2 4 3 2 4 0 2 5 1 3 1 5 4 1 2 3 4 5 0 2 3 0 3 1 2 1 3 2 0 2 3 1 0 4 5 4 2 3 4 0 1 5 0 0 1 2 3 5 4 2 4 5 4 3 5 1 5 0 5 1 3 0 4 2 0 3 2 5 4 1 | 18 25  0 8 1 0 13 1 0 14 1 1 9 1 1 12 1 1 13 1 2 9 1 2 12 1 2 13 1 3 10 1 3 14 1 3 16 1 4 10 2 4 15 1 5 11 1 5 16 1 5 17 1 6 11 2 6 16 1 7 12 1 7 15 1 7 17 1 8 14 1 8 17 1 9 15 1
R 14527 54 81 6 147 1 2 3 3 2 5 0 1 2 0 3 4 0 4 1 5 1 4 2 4 0 1 3 2 3 4 5 0 5 2 4 3 1 0 2 1 4 1 3 3 4 0 1 4 2 2 0 3 0 2 4 0 3 1 0 4 5 1 4 0 3 5 4 2 5 1 3 2 5 0 2 3 1 3 5 0 4 5 1 2 5 | 18 22  0 8 1 0 11 2 1 9 2 1 10 1 2 9 1 2 12 1 2 17 1 3 10 2 3 15 1 4 11 1 4 13 1 4 15 1 5 12 2 5 16 1 6 13 1 6 14 2 7 14 1 7 15 1 7 16 1 8 16 1 8 17 1 13 17 1
R 85407 54 81 6 503 3 4 5 0 1 4 1 4 0 0 5 2 0 3 1 1 2 3 5 2 0 1 2 3 3 4 5 2 0 1 5 3 1 0 2 3 1 2 0 1 0 4 3 0 4 2 1 4 3 2 4 3 5 2 0 1 2 2 3 5 3 2 5 4 3 1 4 2 5 4 5 0 3 1 4 4 5 0 1 5 0 | 18 27  0 7 1 0 11 1 0 13 1 1 8 1 1 15 1 1 16 1 2 9 1 2 10 1 2 12 1 3 9 1 3 13 1 3 14 1 4 10 1 4 14 1 4 15 1 5 11 1 5 13 1 5 15 1 6 12 1 6 16 1 6 17 1 7 12 1 7 14 1 8 16 1 8 17 1 9 11 1 10 17 1
R 57475 54 81 6 2327 1 2 3 2 4 5 5 2 1 3 1 0 0 2 3 5 1 4 0 4 1 3 4 5 1 0 4 0 1 2 5 0 3 4 1 3 0 2 1 3 0 2 2 1 5 4 3 1 4 3 0 0 1 3 0 4 5 3 1 0 3 4 0 2 5 4 1 5 4 0 2 3 3 2 5 1 2 5 2 5 4 | 18 24  0 7 1 0 12 2 1 8 1 1 13 1 1 14 1 2 9 2 2 15 1 3 10 1 3 11 1 3 13 1 4 10 1 4 15 1 4 17 1 5 11 2 5 14 1 6 12 1 6 16 1 6 17 1 7 16 1 7 17 1 8 13 1 8 15 1 9 16 1 10 14 1
R 74870 54 81 6 75 1 2 3 1 4 0 0 4 2 2 3 4 0 5 1 2 0 3 1 2 4 3 4 5 2 0 1 0 2 1 1 0 3 3 1 0 3 4 0 1 3 2 2 0 4 3 1 2 0 5 4 0 5 3 0 4 5 3 2 5 3 5 1 5 1 0 2 4 3 4 5 1 5 0 3 1 2 5 4 4 2 | 18 26  0 7 1 0 9 2 1 8 1 1 12 1 1 15 1 2 9 1 2 13 1 2 17 1 3 10 1 3 12 1 3 13 1 4 10 1 4 13 1 4 14 1 5 11 1 5 12 1 5 14 1 6 11 1 6 15 1 6 16 1 7 16 1 7 17 1 8 14 1 8 17 1 10 15 1 11 16 1
R 79673 54 81 6 75 1 2 3 0 4 2 0 3 2 0 1 2 0 3 1 0 4 2 5 1 3 3 4 5 2 1 0 2 5 4 1 3 2 0 2 1 3 1 2 3 2 1 1 4 0 0 3 5 2 4 5 5 0 3 0 4 5 5 3 1 1 4 5 3 5 4 5 4 2 3 5 1 0 4 2 1 2 4 3 0 0 | 18 25  0 7 1 0 11 2 1 8 1 1 14 1 1 15 1 2 9 1 2 10 1 2 14 1 3 9 1 3 12 1 3 17 1 4 10 1 4 13 1 4 14 1 5 11 1 5 13 1 5 17 1 6 12 2 6 15 1 7 16 1 7 17 1 8 15 1 8 16 1 9 13 1 10 16 1
R 43689 54 81 6 2569 1 2 3 1 4 5 2 0 4 0 4 1 0 2 4 1 3 2 0 5 2 3 4 5 2 0 1 4 1 5 0 2 1 3 4 1 2 5 4 3 0 4 2 0 1 1 2 3 0 4 3 0 5 3 0 4 5 3 0 2 3 1 5 3 2 5 5 3 1 0 5 4 1 3 4 1 2 5 4 0 2 | 18 24  0 7 1 0 10 2 1 8 1 1 11 2 2 9 1 2 13 1 2 15 1 3 10 1 3 13 1 3 14 1 4 11 1 4 14 1 4 17 1 5 12 1 5 13 1 5 14 1 6 12 2 6 15 1 7 16 1 7 17 1 8 16 1 8 17 1 9 15 1 9 16 1
R 17455 54 81 6 901 3 1 2 0 4 2 5 1 3 3 1 5 0 2 3 2 4 0 1 0 3 5 1 2 0 2 1 2 3 4 5 1 4 3 4 5 3 0 2 4 1 2 1 3 0 2 0 1 1 0 5 3 1 0 4 5 0 1 3 5 0 2 4 0 2 4 1 5 4 1 3 5 4 5 2 0 3 4 3 5 2 | 18 24  0 8 2 0 11 1 1 9 1 1 10 1 1 14 1 2 9 1 2 14 1 2 15 1 3 10 2 3 14 1 4 11 1 4 15 1 4 16 1 5 12 1 5 13 1 5 17 1 6 12 2 6 16 1 7 13 1 7 15 1 7 17 1 8 16 1 9 13 1 11 17 1
R 82735 54 81 6 1257 3 4 5 0 3 2 0 1 2 0 3 1 0 4 1 2 1 3 5 0 4 1 2 3 2 5 0 4 5 1 1 4 3 0 3 1 0 2 3 1 3 4 5 0 2 2 3 4 0 2 4 2 5 1 0 1 2 4 5 1 3 5 4 2 5 4 2 3 5 4 5 0 2 1 3 4 5 1 3 0 0 | 18 26  0 7 1 0 12 1 0 13 1 1 8 1 1 13 1 1 14 1 2 9 1 2 10 1 2 12 1 3 9 1 3 12 1 3 17 1 4 10 1 4 14 1 4 15 1 5 11 2 5 15 1 6 11 1 6 16 1 6 17 1 7 14 1 7 16 1 8 15 1 8 16 1 9 13 1 10 17 1
R 34596 54 81 6 710 3 4 5 3 4 0 1 0 2 1 0 5 3 4 5 2 4 3 0 1 2 1 2 5 1 2 3 2 0 3 5 4 2 3 1 2 1 4 0 2 3 0 0 2 5 1 0 4 3 1 0 3 1 4 0 1 2 1 2 5 4 3 5 3 4 2 0 1 2 0 5 1 4 3 5 3 4 0 4 5 5 | 18 26  0 8 1 0 14 1 0 15 1 1 9 1 1 12 1 1 13 1 2 9 1 2 14 1 2 16 1 3 10 1 3 16 1 3 17 1 4 10 2 4 16 1 5 11 1 5 12 1 5 13 1 6 11 1 6 15 1 6 17 1 7 12 1 7 13 1 7 17 1 8 14 1 8 15 1 9 11 1
R 54794 54 81 6 256 3 4 5 0 2 3 0 3 4 1 2 0 1 0 2 1 5 4 4 1 0 1 2 3 1 3 2 2 4 3 0 2 3 5 2 4 1 0 2 1 0 4 3 1 0 2 1 5 1 3 0 3 1 4 0 1 2 5 1 4 1 5 2 4 5 3 3 5 4 0 2 3 3 2 5 4 5 4 0 5 0 | 18 26  0 7 1 0 10 1 0 17 1 1 8 1 1 11 1 1 12 1 2 9 1 2 12 1 2 13 1 3 10 2 3 13 1 4 11 1 4 13 1 4 14 1 5 11 1 5 14 1 5 15 1 6 12 1 6 16 1 6 17 1 7 15 1 7 16 1 8 16 1 8 17 1 9 14 1 9 15 1
R 83339 54 81 6 378 3 4 5 1 4 2 5 1 2 0 3 1 0 2 4 4 3 5 1 0 2 1 2 3 3 2 0 2 0 1 1 3 4 2 5 3 0 2 3 4 3 5 0 5 2 0 1 4 3 0 1 0 1 4 0 1 2 5 0 3 3 0 4 4 2 5 5 1 3 0 1 2 4 5 3 4 5 1 4 5 2 | 18 26  0 7 1 0 12 1 0 17 1 1 8 1 1 13 1 1 15 1 2 9 1 2 10 1 2 12 1 3 9 1 3 13 1 3 17 1 4 10 1 4 13 1 4 14 1 5 11 2 5 15 1 6 11 1 6 16 1 6 17 1 7 14 1 7 15 1 8 14 1 8 16 1 9 12 1 10 16 1
R 25099 54 81 6 221 3 4 5 2 4 5 2 1 3 1 0 4 1 2 3 0 1 4 0 2 1 4 0 3 1 2 3 0 1 4 4 0 3 0 2 3 0 1 4 1 5 2 0 1 3 2 4 1 5 3 0 3 1 4 0 1 2 3 1 0 5 4 0 2 5 3 4 5 0 5 3 2 3 4 5 5 1 2 4 5 2 | 18 26  0 8 1 0 11 1 0 12 1 1 9 1 1 10 1 1 17 1 2 9 1 2 14 1 2 15 1 3 10 2 3 15 1 4 11 1 4 12 1 4 13 1 5 11 1 5 13 1 5 14 1 6 12 1 6 16 1 6 17 1 7 14 1 7 16 1 7 17 1 8 13 1 8 15 1 9 16 1
R 6249 54 81 6 91 1 2 3 0 4 1 2 3 0 1 4 2 0 3 1 3 4 0 1 2 3 4 0 5 3 4 5 0 2 1 3 4 0 1 3 2 0 4 1 2 5 0 1 4 3 5 0 3 4 0 2 0 4 1 0 4 5 3 2 5 1 4 5 0 3 5 2 4 5 1 2 5 0 4 5 1 2 3 1 2 3 | 18 21  0 8 1 0 9 2 1 9 1 1 10 2 2 10 1 2 11 2 3 11 1 3 12 2 4 12 1 4 13 1 4 17 1 5 13 1 5 14 2 6 14 1 6 15 1 6 16 1 7 15 2 7 16 1 8 16 1 8 17 1 13 17 1
R 36286 54 81 6 2618 3 4 5 1 5 2 0 3 1 0 2 1 4 5 0 3 2 4 1 4 5 0 2 5 1 2 3 2 0 1 0 2 3 3 1 4 2 4 0 3 0 5 1 2 5 0 1 5 3 0 4 2 4 1 0 1 2 3 4 0 4 2 5 5 3 4 1 2 3 5 1 0 3 2 0 4 1 3 4 5 5 | 18 27  0 8 1 0 10 1 0 15 1 1 9 1 1 10 1 1 11 1 2 9 1 2 11 1 2 17 1 3 11 1 3 12 1 3 13 1 4 12 1 4 13 1 4 14 1 5 12 1 5 13 1 5 14 1 6 15 1 6 16 1 6 17 1 7 15 1 7 16 1 7 17 1 8 14 1 8 16 1 9 10 1
R 31273 54 81 6 5890 3 4 5 0 1 2 1 2 0 0 3 5 2 1 5 3 4 5 1 2 3 0 1 4 1 2 3 5 2 0 5 1 3 1 3 0 0 2 3 3 0 4 2 3 5 1 0 2 2 4 1 4 5 0 0 1 2 3 5 4 4 5 3 2 4 1 0 4 3 2 1 0 4 0 5 5 3 2 4 5 1 | 18 26  0 8 1 0 12 1 0 13 1 1 9 1 1 11 1 1 12 1 2 9 1 2 13 1 2 17 1 3 10 1 3 14 1 3 17 1 4 10 2 4 16 1 5 11 1 5 13 1 5 16 1 6 11 1 6 14 1 6 15 1 7 12 1 7 15 1 7 17 1 8 15 1 8 16 1 9 14 1
R 2473 54 81 6 122 3 1 2 5 2 0 0 2 3 2 3 4 0 1 4 2 3 5 4 0 1 1 4 2 0 2 1 1 0 2 3 4 5 4 1 2 4 5 3 1 0 2 3 4 0 2 1 3 4 0 1 0 4 2 4 5 0 3 4 1 1 4 5 0 5 1 3 5 2 0 1 4 2 5 3 3 5 0 3 5 2 | 18 23  0 8 2 0 10 1 1 9 2 1 14 1 2 10 1 2 15 1 2 17 1 3 11 1 3 13 1 3 17 1 4 11 2 4 14 1 5 12 2 5 13 1 6 12 1 6 15 1 6 17 1 7 13 1 7 14 1 7 15 1 8 16 1 9 16 1 10 16 1
R 40132 54 81 6 155 1 2 3 0 2 4 1 0 2 2 0 1 0 4 1 3 1 2 0 4 5 3 4 5 1 4 2 2 4 0 4 1 0 0 2 1 5 4 2 0 3 4 3 2 0 1 5 3 0 4 3 0 3 1 0 4 5 3 5 1 3 5 4 3 5 4 3 2 5 0 5 4 1 3 2 1 2 0 1 5 2 | 18 23  0 7 1 0 11 2 1 8 2 1 13 1 2 9 1 2 13 1 2 15 1 3 10 2 3 14 1 4 11 1 4 13 1 4 14 1 5 12 1 5 16 1 5 17 1 6 12 2 6 16 1 7 14 1 7 17 1 8 15 1 9 16 1 9 17 1 10 15 1
R 76919 54 81 6 111 3 4 5 4 2 3 1 2 5 3 5 4 0 2 5 0 5 1 1 0 4 1 2 3 1 3 2 0 2 3 1 2 4 0 3 1 0 5 2 3 1 4 0 1 3 0 2 4 2 4 0 3 0 1 0 1 2 0 5 1 4 3 0 0 2 1 3 1 4 4 2 3 5 3 2 4 5 4 5 5 5 | 18 27  0 7 1 0 9 1 0 11 1 1 8 1 1 11 1 1 12 1 2 9 1 2 12 1 2 13 1 3 10 1 3 14 1 3 15 1 4 10 1 4 16 1 4 17 1 5 11 1 5 13 1 5 15 1 6 15 1 6 16 1 6 17 1 7 12 1 7 16 1 8 14 1 8 17 1 9 13 1 10 14 1
R 13652 54 81 6 143 3 1 2 1 3 4 2 5 0 0 2 3 2 4 0 1 3 0 1 0 2 4 3 2 0 2 1 0 2 1 5 2 3 3 4 5 1 2 0 4 0 2 3 1 0 2 3 5 1 4 0 1 0 3 4 5 0 5 0 2 3 1 4 1 4 5 3 5 1 5 4 2 3 4 5 1 0 5 3 4 2 | 18 25  0 8 2 0 11 1 1 9 1 1 10 1 1 17 1 2 9 1 2 10 2 3 11 1 3 12 1 3 13 1 4 12 1 4 14 1 4 15 1 5 12 1 5 15 1 5 16 1 6 13 1 6 14 1 6 17 1 7 13 1 7 15 1 7 16 1 8 16 1 9 17 1 11 14 1
R 78394 54 81 6 438 3 4 5 0 4 2 0 1 4 3 5 2 1 2 3 0 2 5 3 1 4 1 2 3 1 2 0 2 3 0 5 3 1 0 2 3 5 2 3 4 1 2 1 0 4 0 5 2 0 1 3 0 2 1 0 1 2 5 3 1 5 2 3 1 0 4 4 0 5 1 4 3 0 5 2 4 5 3 4 4 5 | 18 24  0 7 1 0 11 1 0 14 1 1 8 1 1 14 1 1 15 1 2 9 1 2 10 1 2 17 1 3 9 1 3 10 2 4 11 1 4 12 1 4 16 1 5 12 2 5 13 1 6 13 2 6 16 1 7 15 1 7 17 1 8 15 1 8 16 1 9 17 1 11 14 1
R 42109 54 81 6 377 3 4 5 2 1 3 3 2 0 1 2 0 0 1 2 3 4 0 1 4 5 1 2 3 0 3 1 4 0 2 0 2 3 2 5 3 1 5 0 5 4 0 1 0 4 1 3 2 0 1 5 0 3 2 0 1 2 4 5 0 1 5 4 4 5 3 4 3 5 2 1 5 2 3 0 5 4 2 3 1 4 | 18 23  0 7 1 0 10 1 0 14 1 1 8 2 1 11 1 2 9 2 2 15 1 3 10 2 3 12 1 4 11 1 4 14 1 4 17 1 5 12 1 5 13 1 5 15 1 6 13 2 6 15 1 7 14 1 7 16 1 8 16 1 9 16 1 11 17 1 12 17 1
R 78126 54 81 6 217 3 4 5 1 4 3 1 2 0 3 5 4 2 1 4 3 4 0 1 5 0 1 2 3 3 2 5 0 2 4 4 1 3 2 4 0 5 3 0 1 3 5 1 0 2 4 0 1 2 0 4 0 3 1 0 1 2 0 2 5 5 3 4 2 1 0 0 3 5 1 2 5 2 4 3 4 5 1 4 3 5 | 18 27  0 7 1 0 9 1 0 17 1 1 8 1 1 15 1 1 17 1 2 9 1 2 11 1 2 12 1 3 10 1 3 12 1 3 13 1 4 10 1 4 14 1 4 16 1 5 11 1 5 13 1 5 14 1 6 12 1 6 13 1 6 16 1 7 14 1 7 15 1 8 16 1 8 17 1 9 15 1 10 11 1
R 52131 54 81 6 272 3 1 2 0 2 4 4 5 2 0 2 3 1 0 2 5 3 4 1 0 3 0 2 1 4 3 5 2 1 3 3 4 5 4 3 2 2 1 3 1 0 2 0 1 4 4 1 0 3 0 5 5 1 0 4 5 0 1 5 3 0 3 1 1 4 5 5 4 3 0 1 2 4 5 2 3 0 2 5 4 2 | 18 25  0 7 2 0 10 1 1 8 1 1 12 1 1 13 1 2 9 1 2 14 1 2 16 1 3 10 1 3 13 1 3 14 1 4 11 1 4 16 1 4 17 1 5 11 2 5 16 1 6 12 1 6 13 1 6 15 1 7 15 1 8 12 1 8 14 1 9 15 1 9 17 1 10 17 1
R 19882 54 81 6 208 3 4 5 0 4 5 1 0 2 3 1 4 3 4 0 1 0 2 1 2 5 1 2 0 1 2 3 2 5 4 1 4 0 2 0 5 1 4 3 0 2 5 0 1 3 1 3 2 4 2 1 3 0 1 0 1 2 1 2 3 3 4 5 5 0 2 1 2 5 3 4 5 0 3 4 3 4 5 4 5 0 | 18 24  0 8 1 0 13 1 0 14 1 1 9 1 1 10 2 2 9 1 2 14 1 2 15 1 3 10 1 3 15 1 3 17 1 4 11 1 4 12 2 5 11 2 5 14 1 6 12 1 6 16 1 6 17 1 7 13 1 7 15 1 7 16 1 8 13 1 8 17 1 9 16 1
R 41812 54 81 6 16265 3 4 5 0 1 4 0 1 2 1 2 0 3 0 1 3 4 5 2 0 4 1 2 3 3 4 1 2 3 5 0 2 3 2 0 1 5 4 2 4 0 5 1 0 4 2 3 1 1 3 5 0 3 2 0 1 2 2 5 3 4 3 5 4 5 3 5 2 4 0 1 2 1 3 5 5 4 0 0 1 4 | 18 23  0 7 1 0 10 1 0 14 1 1 8 2 1 11 1 2 9 1 2 14 1 2 17 1 3 10 2 3 12 1 4 11 1 4 13 1 4 15 1 5 12 2 5 16 1 6 13 2 6 15 1 7 14 1 7 16 1 8 16 1 9 15 1 9 17 1 11 17 1
R 48701 54 81 6 138 3 4 5 0 1 2 2 0 1 1 2 3 0 1 4 2 3 5 4 0 5 1 2 3 2 3 5 3 1 0 0 2 3 5 3 1 1 0 4 1 5 2 1 3 4 2 4 0 0 3 4 2 0 4 0 1 2 4 3 5 4 5 3 4 5 0 2 3 5 0 4 1 2 1 3 4 5 0 1 2 5 | 18 25  0 7 1 0 10 1 0 12 1 1 8 1 1 12 1 1 16 1 2 9 2 2 15 1 3 10 1 3 12 1 3 13 1 4 11 1 4 13 1 4 17 1 5 11 2 5 16 1 6 14 1 6 15 1 6 17 1 7 13 1 7 14 1 8 14 1 8 17 1 9 16 1 10 15 1
R 60114 54 81 6 93 3 4 5 1 0 2 1 5 2 3 0 1 2 4 0 4 0 2 5 1 3 1 2 3 2 3 1 4 0 1 2 1 0 3 1 4 0 2 5 1 0 3 3 1 4 4 3 0 0 3 2 1 2 4 0 1 2 4 3 5 3 4 0 4 5 2 3 1 5 5 1 3 0 2 4 4 5 5 0 2 5 | 18 25  0 7 1 0 12 1 0 13 1 1 8 1 1 12 1 1 13 1 2 9 1 2 13 1 2 14 1 3 10 2 3 14 1 4 10 1 4 15 1 4 17 1 5 11 1 5 16 1 5 17 1 6 11 2 6 16 1 7 12 1 7 14 1 8 15 1 8 17 1 9 15 1 9 16 1
R 58126 54 81 6 550 3 1 2 2 3 5 3 2 0 3 5 1 4 1 3 4 0 2 0 2 3 0 2 1 1 0 3 4 0 2 2 1 0 4 5 3 3 4 5 1 2 5 3 0 5 2 1 4 0 1 4 4 1 0 4 5 0 4 1 0 1 5 4 4 0 2 5 0 2 1 5 3 1 4 5 3 5 2 3 3 2 | 18 24  0 7 2 0 12 1 1 8 1 1 14 1 1 15 1 2 9 2 2 14 1 3 10 1 3 11 2 4 10 1 4 13 1 4 14 1 5 11 1 5 16 1 5 17 1 6 12 1 6 13 1 6 17 1 7 16 1 8 15 1 8 16 1 9 15 1 10 13 1 12 17 1
R 89036 54 81 6 1061 3 4 5 4 1 5 0 1 2 3 4 2 5 0 3 1 2 4 0 4 1 1 2 3 5 3 0 0 2 5 2 3 0 4 2 3 1 0 4 1 4 2 0 2 1 3 4 5 4 0 1 2 1 0 0 1 2 2 3 0 4 3 5 1 0 5 1 2 4 0 5 3 3 2 5 4 5 4 1 3 5 | 18 26  0 7 1 0 9 1 0 12 1 1 8 1 1 14 1 1 15 1 2 10 1 2 12 1 2 16 1 3 10 1 3 13 1 3 14 1 4 11 1 4 16 1 4 17 1 5 11 2 5 16 1 6 13 1 6 15 1 6 17 1 7 9 1 7 12 1 8 14 1 8 15 1 9 17 1 10 13 1
R 57932 54 81 6 109 3 1 2 1 4 2 3 2 0 2 3 0 0 1 2 1 4 3 0 4 3 0 2 1 0 2 1 1 0 4 4 0 5 1 3 2 3 4 1 3 4 1 0 3 2 1 0 2 4 5 0 0 1 3 4 5 0 3 0 5 5 4 1 1 4 5 3 5 4 0 2 5 2 5 1 3 5 4 3 2 2 | 18 24  0 7 2 0 12 1 1 8 1 1 13 1 1 15 1 2 9 1 2 15 1 2 16 1 3 10 1 3 11 2 4 10 1 4 13 1 4 14 1 5 11 1 5 16 1 5 17 1 6 12 2 6 14 1 7 16 1 8 14 1 8 17 1 9 15 1 9 17 1 10 13 1
R 67985 54 81 6 98 3 4 5 0 3 2 0 4 5 1 2 3 0 1 2 1 5 3 0 4 1 1 2 3 5 2 0 1 3 4 0 2 3 1 3 4 5 1 2 1 0 2 2 1 0 1 0 3 4 1 2 0 3 5 0 1 2 1 5 4 2 3 1 4 0 5 5 3 4 0 4 2 3 5 2 4 5 3 4 5 0 | 18 27  0 7 1 0 10 1 0 11 1 1 8 1 1 11 1 1 12 1 2 9 1 2 14 1 2 17 1 3 10 1 3 12 1 3 13 1 4 10 1 4 16 1 4 17 1 5 11 1 5 14 1 5 15 1 6 13 1 6 16 1 6 17 1 7 13 1 7 14 1 8 12 1 8 15 1 9 15 1 9 16 1
R 66109 54 81 6 180 3 4 5 1 0 2 1 0 4 3 5 1 2 0 1 4 3 2 1 0 3 1 2 3 3 2 0 4 5 0 0 2 5 1 0 5 0 2 3 1 0 4 0 3 2 2 1 4 5 0 4 2 4 1 0 1 2 4 5 3 2 5 3 2 4 0 3 4 5 1 5 0 4 2 5 4 5 1 1 3 3 | 18 24  0 7 1 0 10 1 0 13 1 1 8 2 1 13 1 2 9 1 2 14 1 2 15 1 3 11 1 3 14 1 3 17 1 4 11 2 4 15 1 5 12 2 5 15 1 6 12 1 6 16 1 6 17 1 7 10 1 7 13 1 8 16 1 9 14 1 9 17 1 10 16 1
R 34923 54 81 6 303 3 4 5 0 1 2 2 4 3 1 2 3 0 1 2 1 0 5 0 4 1 3 0 4 1 2 3 3 5 1 0 2 3 1 0 4 0 3 4 0 1 3 1 4 2 5 0 2 1 4 0 3 0 1 0 1 2 4 3 5 0 1 5 4 5 0 5 3 4 2 4 3 2 5 3 1 5 2 4 5 2 | 18 27  0 8 1 0 10 1 0 11 1 1 9 1 1 11 1 1 12 1 2 9 1 2 12 1 2 13 1 3 10 1 3 11 1 3 14 1 4 10 1 4 16 1 4 17 1 5 12 1 5 13 1 5 14 1 6 13 1 6 14 1 6 15 1 7 15 1 7 16 1 7 17 1 8 15 1 8 17 1 9 16 1
R 86858 54 81 6 378 3 4 5 1 4 2 0 1 2 0 3 1 0 2 3 5 2 4 0 3 5 1 2 3 5 2 1 4 5 1 3 5 1 1 3 2 0 2 3 0 3 4 0 1 2 5 0 2 0 1 4 5 3 0 0 1 2 0 5 3 3 5 4 2 5 4 4 5 1 0 3 1 4 1 2 4 5 3 4 0 2 | 18 27  0 7 1 0 12 1 0 13 1 1 8 1 1 13 1 1 14 1 2 9 1 2 11 1 2 12 1 3 9 1 3 12 1 3 14 1 4 10 1 4 14 1 4 15 1 5 10 1 5 16 1 5 17 1 6 11 1 6 13 1 6 16 1 7 15 1 7 16 1 8 15 1 8 17 1 9 11 1 10 17 1
R 7372 54 81 6 101 3 1 2 0 4 3 1 2 0 1 3 4 5 0 2 3 4 5 2 3 0 5 1 4 0 2 1 3 4 1 0 2 3 4 2 3 2 4 0 3 1 0 1 2 4 1 0 3 2 4 5 1 4 0 4 5 0 2 5 1 4 3 5 0 2 5 1 4 3 1 0 2 4 5 1 3 2 0 3 5 5 | 18 25  0 8 2 0 9 1 1 9 2 1 10 1 2 10 1 2 12 1 2 13 1 3 11 1 3 13 1 3 14 1 4 11 1 4 15 1 4 17 1 5 12 1 5 14 1 5 17 1 6 13 1 6 15 1 6 16 1 7 14 1 7 15 1 7 16 1 8 16 1 10 17 1 11 12 1
R 90026 54 81 6 450 1 2 3 0 3 5 1 0 2 4 0 1 1 5 0 0 4 2 3 4 5 1 2 3 2 4 5 5 1 0 2 0 1 0 2 1 3 2 0 4 0 3 1 3 2 3 4 1 2 3 0 0 5 3 0 4 5 4 1 2 3 4 5 2 3 5 3 2 4 3 5 1 1 2 5 0 1 0 4 5 4 | 18 25  0 6 1 0 11 2 1 7 1 1 12 1 1 13 1 2 8 1 2 12 1 2 14 1 3 9 2 3 13 1 4 10 1 4 15 1 4 16 1 5 11 1 5 15 1 5 17 1 6 16 1 6 17 1 7 12 1 7 15 1 8 13 1 8 14 1 9 14 1 10 16 1 10 17 1
R 93818 54 81 6 232 3 4 5 1 0 2 0 3 1 3 4 5 1 0 2 5 3 2 1 2 3 2 3 1 2 4 0 0 1 4 2 5 0 0 2 5 1 0 3 2 3 1 0 4 3 4 1 2 0 2 3 5 1 2 0 1 2 4 3 5 5 4 2 2 0 1 3 4 5 1 4 0 4 5 5 0 1 3 3 5 4 | 18 27  0 6 1 0 11 1 0 12 1 1 7 1 1 11 1 1 12 1 2 8 1 2 13 1 2 14 1 3 9 1 3 13 1 3 16 1 4 10 1 4 12 1 4 13 1 5 10 1 5 16 1 5 17 1 6 11 1 6 15 1 7 14 1 7 15 1 8 14 1 8 17 1 9 15 1 9 16 1 10 17 1
R 28895 54 81 6 1978 3 4 5 0 1 2 0 3 2 1 5 4 2 4 0 2 0 5 1 3 5 0 1 3 1 2 3 2 3 5 0 4 5 5 3 4 3 1 2 3 1 2 1 0 4 0 2 5 3 0 1 2 0 1 0 1 2 4 5 3 1 4 5 2 0 3 1 3 5 1 3 4 0 2 4 4 5 2 4 5 0 | 18 25  0 8 1 0 15 1 0 16 1 1 9 1 1 12 1 1 15 1 2 9 1 2 13 1 2 14 1 3 10 1 3 13 1 3 17 1 4 10 2 4 16 1 5 11 1 5 14 1 5 17 1 6 11 2 6 16 1 7 12 1 7 13 1 7 14 1 8 15 1 8 17 1 9 12 1
R 46477 54 81 6 207 3 4 5 0 4 2 0 2 4 1 2 0 3 4 1 4 0 1 5 2 3 1 2 3 1 3 0 1 4 2 0 2 3 4 2 1 3 2 0 1 0 4 3 0 5 4 1 3 5 2 1 3 0 4 0 1 2 5 3 1 3 5 1 4 3 5 0 5 2 5 3 2 1 4 0 4 5 2 4 0 5 | 18 24  0 7 1 0 10 1 0 13 1 1 8 1 1 13 1 1 17 1 2 9 2 2 14 1 3 10 1 3 11 2 4 11 1 4 13 1 4 14 1 5 12 1 5 16 1 5 17 1 6 12 2 6 16 1 7 14 1 7 15 1 8 15 1 8 16 1 9 15 1 10 17 1
R 92436 54 81 6 15425 3 4 5 1 0 2 4 1 5 2 5 0 1 2 3 0 2 4 1 2 3 2 4 0 0 2 1 4 1 5 0 2 3 0 1 3 1 3 2 3 0 1 4 2 3 2 4 3 1 0 2 0 3 4 0 1 2 3 4 5 3 0 2 3 4 1 4 0 5 5 3 1 4 5 5 1 4 5 0 2 5 | 18 27  0 6 1 0 10 1 0 11 1 1 7 1 1 11 1 1 12 1 2 8 1 2 12 1 2 13 1 3 9 1 3 13 1 3 14 1 4 10 1 4 15 1 4 16 1 5 11 1 5 16 1 5 17 1 6 16 1 6 17 1 7 14 1 7 15 1 8 12 1 8 15 1 9 14 1 9 17 1 10 13 1
R 62187 54 81 6 107 3 4 5 2 0 4 2 3 1 2 0 3 1 4 0 0 1 5 2 3 1 1 2 3 4 5 0 0 1 2 1 3 0 0 2 3 3 2 0 0 1 4 1 3 0 2 4 0 4 3 2 5 4 1 0 1 2 3 5 1 4 5 0 4 5 1 2 5 3 4 2 3 4 5 0 4 5 1 2 3 5 | 18 26  0 7 1 0 11 1 0 13 1 1 8 1 1 11 1 1 12 1 2 9 1 2 12 1 2 17 1 3 10 2 3 15 1 4 10 1 4 16 1 4 17 1 5 11 1 5 14 1 5 15 1 6 14 1 6 15 1 6 16 1 7 12 1 7 13 1 8 16 1 8 17 1 9 13 1 9 14 1
R 46929 54 81 6 3289 3 4 5 0 1 2 4 5 2 2 4 3 1 0 4 0 3 4 5 1 4 1 2 3 2 3 0 3 2 5 0 2 3 5 4 2 5 4 3 1 0 4 0 3 1 0 4 2 0 3 1 2 1 0 0 1 2 4 3 5 0 1 3 5 0 1 3 2 5 1 2 5 0 2 3 5 4 5 1 4 4 | 18 24  0 7 1 0 10 1 0 13 1 1 8 1 1 13 1 1 16 1 2 9 2 2 15 1 3 10 1 3 11 2 4 11 1 4 14 1 4 17 1 5 12 2 5 15 1 6 12 1 6 16 1 6 17 1 7 13 1 7 14 1 8 14 1 8 15 1 9 16 1 10 17 1
R 43119 54 81 6 3509 3 4 5 4 5 2 1 0 2 1 2 3 0 1 4 1 3 4 5 0 2 1 2 3 1 0 5 3 2 0 0 2 3 3 5 4 2 0 4 1 0 4 1 5 2 3 0 4 1 3 0 2 3 1 0 1 2 3 0 1 4 5 3 4 5 0 2 3 5 5 2 0 1 3 4 4 5 2 4 1 5 | 18 24  0 7 1 0 10 1 0 13 1 1 8 1 1 11 2 2 9 2 2 13 1 3 10 1 3 13 1 3 14 1 4 11 1 4 14 1 4 17 1 5 12 1 5 15 1 5 17 1 6 12 2 6 16 1 7 14 1 7 16 1 8 16 1 8 17 1 9 15 1 10 15 1
R 11205 54 81 6 79 3 1 2 0 2 3 2 4 5 0 3 1 2 4 5 1 0 3 1 0 3 1 0 2 0 2 1 3 4 5 1 0 2 3 0 2 3 1 4 1 2 0 1 3 2 3 0 4 1 0 5 4 0 1 4 5 0 1 5 4 3 0 1 4 2 5 1 0 3 4 5 2 2 4 5 4 5 3 3 2 5 | 18 25  0 8 2 0 9 1 1 9 1 1 13 1 1 16 1 2 10 1 2 14 1 2 15 1 3 10 1 3 15 1 3 17 1 4 11 1 4 12 1 4 13 1 5 11 2 5 16 1 6 12 1 6 13 1 6 14 1 7 14 1 7 15 1 7 17 1 8 16 1 9 17 1 10 12 1
R 60144 54 81 6 166 3 4 5 1 0 2 1 0 2 1 0 5 3 4 5 2 0 1 3 4 1 1 2 3 2 3 0 2 4 5 5 4 2 3 1 0 0 2 5 1 0 3 3 1 4 4 2 0 0 3 4 3 1 2 0 1 2 4 3 5 3 4 5 3 2 4 0 1 2 4 5 3 2 5 0 4 5 1 5 0 1 | 18 25  0 7 1 0 12 1 0 13 1 1 8 1 1 12 1 1 13 1 2 9 1 2 13 1 2 14 1 3 10 1 3 14 1 3 17 1 4 10 2 4 16 1 5 11 2 5 15 1 6 11 1 6 16 1 6 17 1 7 12 1 7 15 1 8 16 1 8 17 1 9 14 1 9 15 1
R 950 54 81 6 541 3 1 2 0 4 1 2 4 5 4 1 0 3 0 2 1 2 4 0 1 3 4 5 2 0 3 5 0 2 1 0 1 2 1 4 5 2 0 4 3 4 5 0 2 1 3 4 1 5 2 3 3 0 4 4 5 0 3 2 5 3 0 1 5 2 3 4 5 1 3 5 0 2 5 4 3 0 1 4 1 2 | 18 26  0 9 2 0 13 1 1 9 1 1 15 1 1 17 1 2 10 1 2 11 1 2 12 1 3 10 1 3 11 1 3 12 1 4 10 1 4 12 1 4 13 1 5 11 1 5 14 1 5 15 1 6 13 1 6 15 1 6 16 1 7 14 1 7 16 1 7 17 1 8 14 1 8 16 1 8 17 1
R 90109 54 81 6 520 1 2 3 2 5 4 0 1 3 4 5 1 3 2 5 0 4 1 3 4 5 1 3 2 3 4 0 3 1 2 1 5 2 0 2 1 3 0 4 1 0 2 3 5 0 2 4 0 2 0 4 1 0 3 0 4 5 0 1 3 2 4 5 0 2 3 0 4 1 3 2 5 1 2 5 4 1 5 5 4 3 | 18 25  0 6 1 0 11 2 1 7 1 1 12 1 1 13 1 2 8 1 2 13 1 2 16 1 3 9 1 3 14 1 3 15 1 4 10 2 4 14 1 5 11 1 5 12 1 5 13 1 6 15 1 6 17 1 7 12 1 7 14 1 8 16 1 8 17 1 9 15 1 9 17 1 10 16 1
R 64990 54 81 6 138 3 4 5 1 5 4 2 4 5 0 1 2 3 4 1 1 2 0 0 2 3 1 2 3 3 0 5 3 1 4 4 2 1 0 2 5 0 1 3 2 0 1 0 4 5 3 0 2 4 3 0 2 1 3 0 1 2 2 3 0 0 3 1 3 5 4 0 2 5 3 4 5 5 4 1 4 5 1 4 5 2 | 18 26  0 7 1 0 11 1 0 12 1 1 8 1 1 13 1 1 17 1 2 9 1 2 14 1 2 15 1 3 10 2 3 12 1 4 10 1 4 14 1 4 17 1 5 11 1 5 15 1 5 16 1 6 12 1 6 13 1 6 14 1 7 11 1 7 13 1 8 16 1 8 17 1 9 15 1 9 16 1
R 77644 54 81 6 199 3 4 5 4 5 2 2 1 5 0 1 4 2 4 3 2 0 5 0 1 5 1 2 3 3 0 4 0 2 3 3 4 0 1 0 4 0 1 2 4 3 5 2 4 1 4 1 2 0 2 1 1 0 3 0 1 2 1 3 0 4 3 0 2 3 5 1 0 5 1 3 4 3 4 2 4 5 5 2 5 5 | 18 27  0 7 1 0 9 1 0 11 1 1 8 1 1 12 1 1 13 1 2 9 1 2 11 1 2 14 1 3 10 1 3 14 1 3 16 1 4 10 1 4 15 1 4 17 1 5 13 1 5 16 1 5 17 1 6 15 1 6 16 1 6 17 1 7 12 1 7 14 1 8 12 1 8 13 1 9 11 1 10 15 1
R 67866 54 81 6 12987 3 4 5 0 2 4 2 4 1 1 2 0 0 1 2 1 2 5 3 5 0 1 2 3 4 5 0 1 3 4 0 2 3 1 0 3 3 0 2 4 5 1 4 5 2 0 5 1 0 5 2 3 1 4 0 1 2 3 5 1 5 0 3 4 5 3 5 3 4 4 3 0 4 1 2 4 5 2 1 0 2 | 18 27  0 7 1 0 10 1 0 11 1 1 8 1 1 11 1 1 12 1 2 9 1 2 13 1 2 15 1 3 10 1 3 12 1 3 13 1 4 10 1 4 14 1 4 16 1 5 11 1 5 16 1 5 17 1 6 15 1 6 16 1 6 17 1 7 12 1 7 17 1 8 13 1 8 14 1 9 14 1 9 15 1
R 49666 54 81 6 9760 1 2 3 2 3 4 3 0 2 0 4 1 1 0 2 5 0 4 1 2 3 3 4 5 0 1 3 4 2 0 0 2 1 3 5 1 3 0 4 1 2 3 3 4 2 5 1 2 0 4 5 5 1 0 0 4 5 5 1 0 1 5 4 3 2 5 4 5 3 2 1 3 5 0 4 1 2 4 2 3 0 | 18 25  0 7 1 0 10 2 1 8 1 1 12 1 1 13 1 2 9 2 2 13 1 3 10 1 3 12 1 3 13 1 4 11 1 4 14 1 4 15 1 5 11 1 5 14 1 5 17 1 6 12 1 6 15 1 6 17 1 7 16 1 7 17 1 8 15 1 8 16 1 9 16 1 11 14 1
R 2200 54 81 6 107 3 1 2 3 5 4 0 4 3 1 0 3 4 3 2 0 1 2 3 4 1 2 0 1 0 2 1 2 0 5 3 4 1 2 3 1 4 2 1 0 1 4 5 1 0 0 2 3 0 4 5 2 1 3 4 5 0 1 2 0 2 5 1 4 5 2 0 5 1 3 5 4 0 2 5 3 4 5 3 3 4 | 18 23  0 8 2 0 10 1 1 9 1 1 13 1 1 17 1 2 10 2 2 15 1 3 11 1 3 13 1 3 14 1 4 11 2 4 16 1 5 12 2 5 15 1 6 12 1 6 16 1 6 17 1 7 13 1 7 14 1 7 15 1 8 16 1 9 14 1 9 17 1
R 74304 54 81 6 196 3 4 5 0 1 2 1 2 3 0 1 4 0 5 1 4 3 0 2 0 5 1 2 3 2 3 5 0 2 3 3 4 1 5 0 4 1 0 4 3 1 4 3 0 2 2 3 5 2 0 1 4 1 2 0 1 2 4 3 5 4 5 0 5 2 3 2 4 3 2 1 5 1 3 4 4 5 0 1 5 0 | 18 26  0 7 1 0 9 1 0 12 1 1 8 1 1 12 1 1 14 1 2 9 1 2 12 1 2 17 1 3 10 1 3 13 1 3 16 1 4 10 1 4 14 1 4 17 1 5 11 1 5 15 1 5 17 1 6 11 2 6 16 1 7 15 1 7 16 1 8 13 1 8 14 1 9 13 1 10 15 1
R 30860 54 81 6 150 3 4 5 0 3 4 0 1 2 4 5 0 2 0 1 2 0 1 1 3 5 0 2 3 1 2 3 5 2 4 1 0 3 1 2 4 1 0 3 0 2 3 0 1 3 2 3 5 5 2 0 1 4 0 0 1 2 1 5 2 3 5 4 2 1 3 4 5 3 3 4 5 0 4 2 5 4 1 4 5 0 | 18 26  0 8 1 0 13 1 0 14 1 1 9 1 1 11 1 1 12 1 2 9 1 2 12 1 2 13 1 3 10 1 3 15 1 3 17 1 4 10 2 4 16 1 5 11 1 5 12 1 5 13 1 6 11 1 6 14 1 6 17 1 7 14 1 7 15 1 7 16 1 8 16 1 8 17 1 9 15 1
R 2453 54 81 6 114 1 2 3 2 3 5 0 4 2 3 4 0 2 0 1 3 4 1 2 0 1 0 1 2 3 4 5 0 5 3 0 2 1 1 0 4 0 1 4 2 4 3 2 4 1 3 1 0 3 2 0 5 0 3 0 4 5 1 4 0 3 5 1 2 1 5 3 5 4 2 5 0 3 5 4 5 3 4 1 2 2 | 18 23  0 8 1 0 10 2 1 9 2 1 14 1 2 10 1 2 15 1 2 17 1 3 11 1 3 13 1 3 14 1 4 11 2 4 16 1 5 12 2 5 13 1 6 12 1 6 16 1 6 17 1 7 13 1 7 14 1 7 15 1 8 16 1 8 17 1 9 15 1
R 8587 54 81 6 1547 3 1 2 0 2 3 3 1 4 0 2 5 2 4 0 1 0 3 2 1 5 3 4 5 0 2 1 3 4 5 4 2 1 3 0 2 5 4 0 1 0 4 1 2 3 2 4 3 1 0 5 0 3 1 4 5 0 1 5 4 0 2 5 3 1 4 1 3 5 4 5 2 3 4 0 1 2 0 3 2 5 | 18 24  0 8 2 0 9 1 1 9 1 1 15 1 1 16 1 2 10 1 2 13 1 2 17 1 3 10 1 3 15 1 3 17 1 4 11 1 4 13 1 4 14 1 5 11 2 5 16 1 6 12 1 6 14 1 6 15 1 7 12 2 7 14 1 8 16 1 9 17 1 10 13 1
R 1201 54 81 6 779 3 1 2 0 2 4 2 0 3 5 2 1 4 3 2 0 3 2 0 4 1 1 0 3 0 2 1 3 4 2 4 3 0 0 1 2 3 2 1 4 3 5 3 4 5 1 0 2 5 4 1 0 1 2 4 5 0 1 5 3 1 5 4 3 4 0 5 0 1 4 1 5 5 2 3 2 5 4 3 0 2 | 18 24  0 8 2 0 14 1 1 9 2 1 15 1 2 10 2 2 15 1 3 11 1 3 12 1 3 13 1 4 11 1 4 12 1 4 13 1 5 11 1 5 14 1 5 17 1 6 12 1 6 14 1 6 17 1 7 13 1 7 15 1 7 17 1 8 16 1 9 16 1 10 16 1
R 17868 54 81 6 257 3 1 2 1 3 5 2 5 4 0 2 1 0 2 3 1 3 0 4 1 3 4 0 2 0 2 1 4 5 3 2 3 1 3 4 5 1 0 2 2 0 4 3 4 0 1 2 5 0 4 5 3 0 1 4 5 0 2 0 4 0 3 1 5 3 4 1 4 5 5 2 4 5 0 2 3 1 5 3 1 2 | 18 25  0 8 2 0 11 1 1 9 1 1 10 2 2 9 1 2 12 1 2 13 1 3 10 1 3 13 1 3 17 1 4 11 1 4 12 1 4 13 1 5 12 1 5 14 1 5 15 1 6 14 1 6 15 1 6 16 1 7 15 1 7 16 1 7 17 1 8 16 1 9 14 1 11 17 1
R 69920 54 81 6 1701 3 1 2 2 4 5 0 2 3 3 0 4 0 4 2 0 1 2 1 4 5 0 2 1 3 1 5 3 4 5 0 4 2 1 2 5 2 0 4 5 4 2 1 4 3 4 1 0 0 3 1 1 3 0 4 5 0 0 1 3 1 4 5 5 1 2 3 1 5 3 5 4 0 3 2 3 2 4 2 0 5 | 18 24  0 7 2 0 9 1 1 8 1 1 10 2 2 9 1 2 11 1 2 14 1 3 10 1 3 12 1 3 17 1 4 11 1 4 13 1 4 17 1 5 12 1 5 15 1 5 16 1 6 13 2 6 14 1 7 15 1 8 16 1 8 17 1 9 15 1 11 14 1 12 16 1
R 56593 54 81 6 259 3 4 5 3 0 5 2 1 4 0 1 4 3 5 2 1 2 3 0 3 2 1 2 3 1 5 0 3 4 1 2 3 0 5 3 1 0 2 3 3 0 4 5 1 2 2 0 1 3 4 0 0 2 1 0 1 2 2 4 1 0 5 3 5 2 3 1 0 4 4 5 0 4 1 5 4 5 3 2 4 5 | 18 24  0 7 1 0 12 1 0 13 1 1 8 2 1 13 1 2 9 2 2 15 1 3 10 1 3 11 1 3 17 1 4 10 1 4 11 2 5 12 1 5 13 1 5 14 1 6 15 1 6 16 1 6 17 1 7 14 1 7 15 1 8 14 1 9 16 1 10 17 1 12 16 1
R 12788 54 81 6 394 1 2 3 0 4 2 2 3 1 2 0 1 2 4 0 0 3 1 1 3 5 2 4 5 3 4 5 0 2 1 1 5 4 3 1 0 0 2 1 3 4 5 2 1 3 0 3 4 0 4 2 5 0 3 0 4 5 3 5 1 0 4 5 3 5 4 3 1 5 4 2 5 0 4 2 0 1 3 1 2 2 | 18 26  0 8 1 0 9 2 1 9 1 1 11 1 1 17 1 2 10 1 2 11 1 2 12 1 3 10 1 3 15 1 3 17 1 4 12 1 4 13 1 4 14 1 5 12 1 5 13 1 5 16 1 6 13 1 6 14 1 6 15 1 7 14 1 7 15 1 7 16 1 8 16 1 8 17 1 10 11 1
R 53057 54 81 6 1696 1 2 3 2 4 0 3 1 0 0 4 2 3 4 5 2 1 3 5 0 1 3 4 5 3 1 2 2 0 1 0 2 1 0 1 3 1 5 2 2 5 4 3 5 0 1 3 0 2 5 4 5 0 3 0 4 5 5 3 1 4 5 2 3 5 1 2 0 1 5 4 0 3 2 4 1 2 0 4 3 4 | 18 25  0 7 1 0 10 2 1 8 1 1 12 1 1 13 1 2 9 2 2 14 1 3 10 1 3 15 1 3 17 1 4 11 1 4 12 1 4 14 1 5 11 1 5 15 1 5 16 1 6 13 1 6 15 1 6 17 1 7 16 1 7 17 1 8 13 1 8 14 1 9 16 1 11 12 1
R 43658 54 81 6 674 1 2 3 2 3 4 2 3 4 0 4 1 0 1 2 1 0 2 4 2 5 3 4 5 1 4 3 0 1 3 0 2 1 2 0 3 5 2 3 3 0 4 2 1 3 0 5 4 0 1 5 1 5 0 0 4 5 0 5 1 5 1 0 3 2 5 5 4 3 4 5 3 0 1 3 1 2 2 2 4 4 | 18 24  0 7 1 0 10 2 1 8 2 1 11 1 2 9 1 2 13 1 2 14 1 3 10 1 3 13 1 3 14 1 4 11 1 4 14 1 4 15 1 5 12 1 5 13 1 5 17 1 6 12 2 6 16 1 7 15 1 7 17 1 8 16 1 9 15 1 9 17 1 11 16 1
R 68759 54 81 6 174 3 4 5 1 0 2 5 4 0 1 2 0 3 4 1 3 4 5 1 5 0 1 2 3 2 3 0 1 3 5 0 2 5 1 0 3 2 4 1 1 3 0 2 4 5 2 4 0 5 3 4 3 0 1 0 1 2 4 3 5 2 3 1 4 3 5 0 2 5 2 0 1 4 3 2 4 5 5 1 0 4 | 18 27  0 7 1 0 10 1 0 11 1 1 8 1 1 10 1 1 11 1 2 9 1 2 15 1 2 16 1 3 11 1 3 12 1 3 13 1 4 12 1 4 16 1 4 17 1 5 13 1 5 14 1 5 15 1 6 13 1 6 14 1 6 17 1 7 10 1 7 15 1 8 12 1 8 14 1 9 16 1 9 17 1
R 16342 54 81 6 217 3 1 2 2 3 1 4 0 5 0 3 5 0 2 3 4 2 1 0 4 3 1 0 2 0 2 1 1 0 2 5 3 4 3 4 5 1 2 0 3 4 1 2 0 4 0 3 2 1 3 0 4 0 1 4 5 0 4 0 5 3 1 2 1 2 4 1 4 5 3 5 0 2 1 5 4 5 3 3 5 2 | 18 24  0 8 2 0 11 1 1 9 1 1 10 1 1 14 1 2 9 1 2 15 1 2 16 1 3 10 2 3 16 1 4 11 1 4 12 1 4 17 1 5 12 2 5 13 1 6 13 1 6 14 1 6 15 1 7 15 1 7 16 1 7 17 1 8 14 1 9 13 1 11 17 1
R 89473 54 81 6 170 3 4 5 0 1 3 0 1 2 3 4 2 0 4 2 0 3 5 4 2 1 1 2 3 3 5 1 0 2 5 2 3 0 1 0 4 1 4 2 1 4 0 3 0 4 1 2 3 4 0 2 1 3 4 0 1 2 4 2 5 4 3 5 1 0 5 3 1 5 4 1 2 5 3 0 4 5 2 0 3 5 | 18 27  0 7 1 0 9 1 0 11 1 1 8 1 1 13 1 1 16 1 2 10 1 2 11 1 2 14 1 3 10 1 3 12 1 3 13 1 4 12 1 4 14 1 4 17 1 5 15 1 5 16 1 5 17 1 6 15 1 6 16 1 6 17 1 7 9 1 7 11 1 8 14 1 8 15 1 9 13 1 10 12 1
R 44940 54 81 6 124 3 4 5 3 1 0 0 3 4 1 2 0 2 4 3 0 1 2 5 0 4 1 2 3 2 0 1 1 4 3 0 2 3 3 4 0 4 5 2 1 4 3 2 0 3 1 2 5 4 1 2 1 0 4 0 1 2 4 5 2 2 5 1 4 5 3 1 5 0 3 5 4 1 2 3 4 5 3 0 5 0 | 18 24  0 7 1 0 10 1 0 17 1 1 8 2 1 11 1 2 9 2 2 14 1 3 10 1 3 14 1 3 17 1 4 11 2 4 15 1 5 12 1 5 13 1 5 14 1 6 12 1 6 13 1 6 15 1 7 15 1 7 16 1 8 16 1 9 16 1 10 17 1 12 13 1
R 26157 54 81 6 1458 3 4 5 1 0 4 2 0 1 4 3 2 0 1 2 3 4 5 0 1 5 0 4 2 1 2 3 4 5 1 0 2 3 5 1 4 0 2 3 2 1 4 4 2 3 1 0 4 0 3 2 0 1 5 0 1 2 2 5 3 3 4 5 1 5 0 4 3 5 0 1 2 2 3 4 1 5 3 5 4 0 | 18 25  0 8 1 0 14 1 0 15 1 1 9 1 1 12 1 1 13 1 2 9 1 2 12 1 2 13 1 3 10 2 3 13 1 4 10 1 4 15 1 4 16 1 5 11 1 5 16 1 5 17 1 6 11 2 6 16 1 7 12 1 7 14 1 7 17 1 8 15 1 8 17 1 9 14 1
R 51624 54 81 6 1409 1 2 3 2 4 3 1 4 2 0 4 2 0 1 5 2 4 5 2 0 1 3 4 5 0 3 4 3 0 1 0 2 1 5 4 3 4 1 2 0 1 2 4 0 1 1 5 4 0 3 2 5 0 3 0 4 5 1 0 5 5 3 0 3 5 1 2 3 4 0 1 3 3 5 4 1 2 5 2 2 4 | 18 25  0 7 1 0 10 2 1 8 1 1 12 1 1 13 1 2 9 1 2 14 1 2 15 1 3 10 1 3 14 1 3 17 1 4 11 1 4 12 1 4 13 1 5 11 2 5 13 1 6 15 1 6 16 1 6 17 1 7 16 1 7 17 1 8 12 1 8 14 1 9 15 1 9 16 1
R 87086 54 81 6 310 3 4 5 1 0 3 1 0 2 3 4 0 0 4 5 2 1 5 5 1 4 1 2 3 3 2 5 2 4 0 3 1 4 4 2 3 0 2 3 4 0 1 1 4 2 5 3 0 1 4 0 1 0 3 0 1 2 4 2 5 3 4 5 1 2 5 2 1 3 0 3 4 0 3 2 4 5 0 1 5 5 | 18 27  0 7 1 0 12 1 0 17 1 1 8 1 1 13 1 1 14 1 2 9 1 2 12 1 2 13 1 3 9 1 3 16 1 3 17 1 4 10 1 4 11 1 4 13 1 5 10 1 5 16 1 5 17 1 6 11 1 6 14 1 6 15 1 7 15 1 7 16 1 8 14 1 8 15 1 9 11 1 10 12 1
R 11195 54 81 6 535 3 1 2 0 2 3 2 1 4 0 1 2 1 0 2 5 3 4 4 0 3 5 1 3 0 2 1 3 4 5 3 4 2 4 3 2 3 0 5 1 2 0 2 0 4 1 0 3 5 4 1 5 1 0 4 5 0 1 4 5 0 3 5 5 4 3 5 4 3 0 1 2 2 5 1 2 0 4 3 2 1 | 18 25  0 8 2 0 9 1 1 9 1 1 13 1 1 15 1 2 10 1 2 13 1 2 14 1 3 10 1 3 15 1 3 16 1 4 11 1 4 12 1 4 17 1 5 11 2 5 16 1 6 12 1 6 13 1 6 14 1 7 15 1 7 16 1 7 17 1 8 14 1 9 17 1 10 12 1
R 60537 54 81 6 21576 3 4 5 1 0 2 5 1 4 1 3 2 0 3 1 0 3 5 2 4 5 1 2 3 2 3 0 3 4 1 2 0 1 5 4 3 0 2 5 0 1 3 1 3 4 0 2 4 1 2 0 0 2 4 0 1 2 4 3 5 0 2 3 5 4 0 4 2 5 2 4 1 0 1 3 4 5 5 1 5 3 | 18 25  0 7 1 0 12 1 0 13 1 1 8 1 1 12 1 1 14 1 2 9 2 2 15 1 3 10 1 3 13 1 3 14 1 4 10 1 4 14 1 4 15 1 5 11 1 5 16 1 5 17 1 6 11 2 6 16 1 7 12 1 7 17 1 8 13 1 8 15 1 9 16 1 10 17 1
R 31966 54 81 6 375 3 4 5 1 0 2 0 4 2 2 0 1 3 4 5 3 4 5 1 2 0 5 0 3 1 2 3 2 3 5 5 4 0 0 2 5 1 0 4 1 3 0 1 3 2 5 0 2 3 1 4 3 4 2 0 1 2 4 3 5 1 3 5 3 4 5 1 2 0 2 0 1 4 3 5 4 1 2 4 5 0 | 18 26  0 8 1 0 11 1 0 12 1 1 9 1 1 11 1 1 13 1 2 9 1 2 12 1 2 14 1 3 10 1 3 15 1 3 17 1 4 10 2 4 16 1 5 13 1 5 14 1 5 17 1 6 13 1 6 15 1 6 16 1 7 14 1 7 15 1 7 16 1 8 11 1 8 12 1 9 17 1
R 83095 54 81 6 720 3 4 5 0 1 2 0 1 2 3 4 1 5 2 4 3 5 0 1 0 4 1 2 3 2 3 1 2 3 1 1 3 4 4 0 3 0 2 5 1 0 4 0 4 1 0 4 3 1 2 4 3 0 1 0 1 2 4 3 5 4 5 3 0 2 5 0 3 1 1 2 4 2 5 3 4 5 5 0 5 2 | 18 26  0 7 1 0 12 1 0 13 1 1 8 1 1 13 1 1 14 1 2 9 1 2 10 1 2 12 1 3 9 1 3 15 1 3 17 1 4 10 1 4 14 1 4 15 1 5 11 1 5 14 1 5 17 1 6 11 2 6 16 1 7 12 1 7 16 1 8 15 1 8 16 1 9 13 1 10 17 1
R 47644 54 81 6 2192 3 4 5 1 4 0 3 4 5 1 2 0 3 4 5 0 2 5 4 1 5 1 2 3 2 0 1 1 5 4 0 2 3 4 2 1 5 1 3 1 0 4 2 3 0 5 1 0 2 0 4 0 3 4 0 1 2 3 5 2 0 2 1 4 3 5 0 1 2 4 3 1 0 2 3 4 5 4 5 3 5 | 18 24  0 7 1 0 10 1 0 13 1 1 8 1 1 14 1 1 15 1 2 9 2 2 14 1 3 10 1 3 11 2 4 11 1 4 16 1 4 17 1 5 12 1 5 13 1 5 17 1 6 12 2 6 16 1 7 15 1 7 16 1 8 14 1 8 17 1 9 15 1 10 13 1
R 32732 54 81 6 160 3 4 5 0 1 2 3 1 5 1 0 2 3 4 2 0 1 2 3 4 0 2 0 1 1 2 3 2 5 0 2 4 0 4 3 2 0 2 3 0 1 4 0 3 1 5 2 0 1 3 2 3 0 1 0 1 2 3 5 4 4 0 2 3 5 4 1 5 0 5 3 4 2 1 5 5 3 4 4 5 1 | 18 26  0 8 1 0 12 1 0 13 1 1 9 1 1 11 1 1 12 1 2 9 1 2 11 1 2 17 1 3 10 1 3 13 1 3 17 1 4 10 2 4 16 1 5 12 1 5 13 1 5 14 1 6 14 1 6 15 1 6 16 1 7 14 1 7 15 1 7 16 1 8 15 1 8 17 1 9 11 1
R 51523 54 81 6 1346 1 2 3 2 3 4 1 2 4 0 4 1 4 0 2 1 3 5 3 0 2 3 4 5 1 4 2 3 5 1 0 2 1 1 2 0 3 0 4 0 1 2 3 0 4 0 3 2 4 0 5 4 1 3 0 4 5 0 1 5 0 3 5 3 2 5 3 5 1 4 2 0 4 1 5 1 2 5 3 2 4 | 18 25  0 7 1 0 10 2 1 8 1 1 12 1 1 13 1 2 9 1 2 13 1 2 15 1 3 10 1 3 12 1 3 14 1 4 11 2 4 14 1 5 11 1 5 16 1 5 17 1 6 13 1 6 16 1 6 17 1 7 15 1 7 17 1 8 12 1 8 16 1 9 14 1 9 15 1
R 51422 54 81 6 171 3 1 2 2 5 4 1 2 4 0 2 3 2 0 1 3 5 1 4 0 2 0 2 1 3 1 5 3 4 1 3 4 5 5 1 0 0 1 2 3 0 4 1 0 2 0 1 2 5 0 4 4 3 1 4 5 0 0 3 1 0 5 3 1 4 5 3 4 5 2 4 0 3 1 5 3 4 2 2 5 2 | 18 25  0 7 2 0 10 1 1 8 1 1 12 1 1 13 1 2 9 1 2 12 1 2 14 1 3 10 1 3 14 1 3 15 1 4 11 2 4 13 1 5 11 1 5 15 1 5 17 1 6 15 1 6 16 1 6 17 1 7 16 1 8 12 1 8 16 1 9 13 1 9 14 1 10 17 1
R 43907 54 81 6 706 3 4 5 2 1 4 0 1 2 1 2 4 5 0 3 0 1 3 2 4 5 1 2 3 5 4 1 2 3 0 0 2 4 3 0 1 5 4 0 1 0 4 0 4 2 1 3 5 2 4 3 2 0 1 0 1 2 0 3 5 4 3 5 5 3 0 2 4 1 2 5 4 1 3 0 5 4 2 1 5 3 | 18 24  0 7 1 0 10 1 0 13 1 1 8 2 1 11 1 2 9 1 2 13 1 2 14 1 3 10 1 3 14 1 3 15 1 4 11 2 4 14 1 5 12 1 5 16 1 5 17 1 6 12 2 6 16 1 7 13 1 7 15 1 8 15 1 9 16 1 9 17 1 10 17 1
R 7836 54 81 6 3085 1 2 3 0 4 1 0 2 4 3 4 5 2 5 1 3 0 1 1 0 2 3 2 5 3 4 5 0 2 1 1 4 2 1 0 5 5 2 1 2 3 0 3 4 0 2 3 4 3 0 4 1 3 0 0 4 5 3 2 5 3 5 1 0 1 2 3 4 0 2 4 5 3 5 4 0 4 1 1 2 5 | 18 24  0 8 1 0 9 2 1 9 1 1 14 1 1 15 1 2 10 1 2 13 1 2 14 1 3 10 1 3 13 1 3 16 1 4 11 1 4 13 1 4 15 1 5 11 2 5 16 1 6 12 1 6 14 1 6 17 1 7 12 2 7 15 1 8 16 1 8 17 1 10 17 1
R 6778 54 81 6 172 3 4 5 1 2 0 3 4 5 1 0 2 3 4 5 3 4 1 2 0 1 0 5 2 1 2 3 0 2 3 5 4 2 3 2 0 1 0 3 1 0 4 4 1 2 3 0 5 2 1 4 0 1 3 0 1 2 4 3 5 0 1 2 4 5 3 1 0 2 2 0 5 4 5 3 3 1 4 4 5 5 | 18 24  0 8 1 0 9 1 0 13 1 1 9 1 1 10 1 1 14 1 2 10 2 2 15 1 3 11 2 3 13 1 4 11 1 4 16 1 4 17 1 5 12 1 5 14 1 5 17 1 6 12 2 6 16 1 7 14 1 7 15 1 7 17 1 8 15 1 8 16 1 9 13 1
R 94374 54 81 6 206 3 4 5 0 1 2 1 0 4 1 2 5 1 3 2 0 3 2 1 2 3 2 4 5 4 5 0 0 4 1 2 0 1 0 2 5 1 0 3 3 0 1 4 5 3 2 1 3 0 3 4 4 3 2 0 1 2 3 4 5 3 2 5 3 4 0 4 5 0 5 4 1 4 5 1 0 2 1 2 5 3 | 18 27  0 6 1 0 11 1 0 12 1 1 7 1 1 12 1 1 16 1 2 8 1 2 13 1 2 15 1 3 9 1 3 15 1 3 17 1 4 10 1 4 12 1 4 14 1 5 10 1 5 13 1 5 16 1 6 11 1 6 13 1 7 14 1 7 15 1 8 14 1 8 17 1 9 16 1 9 17 1 10 11 1
R 63084 54 81 6 2253 3 4 5 0 1 2 0 1 4 5 1 2 3 0 4 1 2 3 0 1 2 1 2 3 5 3 0 3 5 1 4 2 1 0 2 3 1 0 4 1 2 5 0 2 3 1 4 5 0 3 2 3 1 0 0 1 2 4 3 5 2 3 5 0 3 4 5 1 2 4 5 0 5 3 4 4 5 1 2 0 4 | 18 26  0 7 1 0 11 1 0 12 1 1 8 1 1 12 1 1 16 1 2 9 1 2 13 1 2 14 1 3 10 2 3 14 1 4 10 1 4 16 1 4 17 1 5 11 1 5 12 1 5 13 1 6 11 1 6 15 1 6 17 1 7 13 1 7 17 1 8 14 1 8 15 1 9 15 1 9 16 1
R 92591 54 81 6 375 3 4 5 2 0 4 0 1 3 2 0 4 1 2 5 0 3 1 1 2 3 3 5 2 5 4 1 4 5 0 0 2 3 0 1 4 3 1 4 1 0 2 1 2 0 5 2 1 0 1 4 1 2 3 0 1 2 1 3 5 2 5 4 1 3 5 4 3 0 5 2 4 4 5 0 4 3 0 3 2 5 | 18 27  0 6 1 0 10 1 0 11 1 1 7 1 1 13 1 1 14 1 2 8 1 2 13 1 2 15 1 3 9 1 3 14 1 3 17 1 4 10 1 4 11 1 4 12 1 5 11 1 5 12 1 5 13 1 6 14 1 6 16 1 7 15 1 7 17 1 8 16 1 8 17 1 9 15 1 9 16 1 10 12 1
R 36209 54 81 6 257 3 4 5 0 1 2 3 4 5 1 2 0 3 0 2 4 5 1 4 2 0 3 5 1 1 2 3 2 3 0 0 2 5 1 0 4 2 3 1 4 3 0 0 3 1 0 1 2 2 4 5 1 3 4 0 1 2 4 3 5 1 2 0 3 4 5 5 1 4 0 2 3 3 1 5 4 0 2 4 5 5 | 18 27  0 8 1 0 10 1 0 11 1 1 9 1 1 11 1 1 14 1 2 9 1 2 14 1 2 17 1 3 10 1 3 12 1 3 13 1 4 12 1 4 13 1 4 14 1 5 12 1 5 13 1 5 16 1 6 15 1 6 16 1 6 17 1 7 15 1 7 16 1 7 17 1 8 10 1 8 11 1 9 15 1
R 47890 54 81 6 75 3 4 5 0 1 2 2 1 0 1 2 0 3 4 2 2 3 4 0 4 5 1 2 3 3 5 1 3 0 1 0 2 3 2 4 0 1 0 4 1 5 2 2 4 0 3 0 4 3 1 4 1 4 3 0 1 2 4 3 5 4 5 3 4 3 5 1 5 0 5 0 1 3 1 2 4 5 2 0 2 5 | 18 25  0 7 1 0 10 1 0 12 1 1 8 1 1 12 1 1 15 1 2 9 2 2 14 1 3 10 1 3 11 1 3 17 1 4 11 2 4 16 1 5 12 1 5 13 1 5 14 1 6 13 1 6 15 1 6 17 1 7 13 1 7 14 1 8 15 1 8 17 1 9 16 1 10 16 1
R 57971 54 81 6 82 3 1 2 5 1 2 2 1 0 1 4 5 3 0 2 0 1 3 0 4 3 0 2 1 0 2 4 3 0 1 2 0 1 3 4 5 3 4 1 1 3 2 0 3 2 4 2 0 0 4 5 3 0 4 4 5 0 3 0 4 4 5 3 3 0 2 4 5 1 2 4 5 2 5 1 3 5 1 2 5 1 | 18 24  0 7 2 0 12 1 1 8 1 1 13 1 1 14 1 2 9 2 2 15 1 3 10 1 3 11 1 3 17 1 4 10 1 4 15 1 4 17 1 5 11 1 5 13 1 5 17 1 6 12 2 6 14 1 7 16 1 8 14 1 8 16 1 9 16 1 10 13 1 11 15 1
R 82388 54 81 6 142 3 4 5 1 4 2 1 3 2 0 3 1 0 4 2 2 4 5 0 3 5 1 2 3 2 0 1 2 0 1 3 4 1 5 4 3 0 2 5 0 1 4 4 3 5 1 0 3 2 0 1 0 2 3 0 1 2 3 0 5 4 0 5 5 2 4 5 3 1 0 1 3 1 2 4 4 5 4 5 3 2 | 18 26  0 7 1 0 12 1 0 13 1 1 8 1 1 14 1 1 15 1 2 9 1 2 10 1 2 13 1 3 9 1 3 11 1 3 17 1 4 10 1 4 13 1 4 17 1 5 11 2 5 16 1 6 14 1 6 15 1 6 16 1 7 12 1 7 16 1 8 15 1 8 17 1 9 12 1 10 14 1
R 83588 54 81 6 77 3 4 5 2 3 1 2 0 4 5 3 1 0 3 2 0 2 4 5 1 3 1 2 3 0 1 2 1 4 2 1 0 2 3 1 2 2 0 3 3 0 2 0 1 4 4 2 1 0 4 5 0 4 3 0 1 2 4 5 0 3 5 1 0 4 2 4 5 1 5 3 1 0 4 2 4 5 3 5 5 3 | 18 26  0 7 1 0 12 1 0 14 1 1 8 1 1 13 1 1 15 1 2 9 1 2 10 1 2 13 1 3 9 1 3 12 1 3 17 1 4 10 1 4 15 1 4 16 1 5 11 1 5 15 1 5 17 1 6 11 2 6 16 1 7 13 1 7 14 1 8 14 1 8 17 1 9 12 1 10 16 1
R 90594 54 81 6 325 3 4 5 2 4 3 0 1 4 0 2 4 1 2 5 0 1 2 1 2 3 1 0 4 2 4 5 5 1 0 0 2 3 5 4 2 0 1 4 3 1 4 3 0 2 1 3 4 0 5 2 0 3 1 0 1 2 5 0 1 3 2 5 3 1 5 4 3 0 3 5 4 4 5 3 2 0 1 2 4 5 | 18 26  0 6 1 0 10 1 0 12 1 1 7 1 1 11 2 2 8 1 2 13 1 2 14 1 3 9 1 3 14 1 3 15 1 4 10 1 4 12 1 4 13 1 5 11 1 5 12 1 5 17 1 6 14 1 6 17 1 7 16 1 7 17 1 8 15 1 8 16 1 9 15 1 9 16 1 10 13 1
R 36334 54 81 6 233 3 4 5 1 3 2 0 4 5 0 4 1 1 2 5 0 2 3 3 0 1 1 2 5 1 2 3 2 4 1 0 2 3 1 0 2 3 1 0 3 5 4 0 2 1 1 0 4 0 3 2 5 1 3 0 1 2 0 4 5 3 2 1 3 2 5 4 0 3 1 5 4 4 5 2 3 4 0 4 5 5 | 18 27  0 8 1 0 10 1 0 15 1 1 9 1 1 10 1 1 11 1 2 9 1 2 12 1 2 16 1 3 11 1 3 13 1 3 14 1 4 12 1 4 13 1 4 14 1 5 13 1 5 15 1 5 17 1 6 14 1 6 16 1 6 17 1 7 15 1 7 16 1 7 17 1 8 11 1 8 12 1 9 10 1
R 33753 54 81 6 1526 3 4 5 0 1 2 0 3 1 1 0 5 2 4 5 0 3 2 1 2 5 4 0 3 1 2 3 4 5 1 5 4 3 1 3 2 0 2 3 0 1 3 2 0 5 3 5 4 2 0 1 2 0 1 0 1 2 3 5 4 2 5 4 2 4 3 0 1 3 4 1 5 4 3 0 5 1 2 4 5 0 | 18 26  0 8 1 0 12 1 0 13 1 1 9 1 1 11 1 1 12 1 2 9 1 2 12 1 2 17 1 3 10 1 3 16 1 3 17 1 4 10 2 4 16 1 5 11 1 5 15 1 5 17 1 6 13 1 6 14 1 6 15 1 7 13 1 7 14 1 7 15 1 8 14 1 8 16 1 9 11 1
R 74790 54 81 6 354 3 4 5 0 2 3 1 2 5 1 4 2 0 5 1 2 4 0 1 0 3 1 2 3 1 3 5 0 2 3 3 5 4 3 0 4 0 1 4 1 2 0 2 0 1 3 1 4 5 4 2 2 0 3 0 1 2 4 5 1 4 3 0 0 5 3 2 3 4 1 3 5 2 5 4 4 5 2 0 5 1 | 18 26  0 7 1 0 9 1 0 12 1 1 8 1 1 13 1 1 16 1 2 9 1 2 14 1 2 15 1 3 10 1 3 12 1 3 13 1 4 10 1 4 16 1 4 17 1 5 11 1 5 12 1 5 17 1 6 11 2 6 14 1 7 13 1 7 14 1 8 15 1 8 16 1 9 15 1 10 17 1
R 33543 54 81 6 144 3 4 5 0 4 2 2 4 3 3 0 1 2 4 0 0 1 4 1 5 0 3 5 2 1 2 3 1 2 3 2 1 0 2 0 5 1 0 4 3 0 5 1 0 3 2 0 4 3 5 4 2 0 3 0 1 2 5 3 1 0 5 1 4 5 2 3 1 5 3 2 5 4 3 2 1 0 4 5 4 4 | 18 26  0 8 1 0 11 1 0 12 1 1 9 1 1 12 1 1 13 1 2 9 1 2 14 1 2 17 1 3 10 2 3 13 1 4 10 1 4 16 1 4 17 1 5 11 1 5 14 1 5 15 1 6 14 1 6 15 1 6 16 1 7 15 1 7 16 1 7 17 1 8 12 1 8 13 1 9 11 1
R 11958 54 81 6 602 3 4 5 1 2 3 5 0 3 4 1 3 0 1 4 0 2 4 1 5 2 2 5 0 1 2 3 0 2 3 2 3 0 4 5 3 1 0 2 2 0 4 1 0 3 1 5 3 2 1 4 0 4 1 0 1 2 4 0 5 1 4 2 5 0 2 2 3 5 1 5 3 3 4 0 1 4 3 4 5 5 | 18 26  0 8 1 0 9 1 0 14 1 1 9 1 1 11 1 1 12 1 2 10 2 2 15 1 3 10 1 3 16 1 3 17 1 4 11 1 4 12 1 4 13 1 5 11 1 5 14 1 5 17 1 6 13 1 6 14 1 6 15 1 7 13 1 7 15 1 7 16 1 8 12 1 8 17 1 9 16 1
R 67964 54 81 6 2176 3 4 5 0 3 4 1 2 4 1 2 0 0 1 2 5 1 3 3 0 4 1 2 3 5 4 1 0 4 5 0 2 3 1 0 3 5 2 4 3 2 4 1 3 4 5 0 2 4 1 0 3 0 1 0 1 2 2 5 1 3 0 5 4 3 5 5 3 4 4 0 2 1 5 2 4 5 0 3 2 1 | 18 27  0 7 1 0 10 1 0 11 1 1 8 1 1 11 1 1 12 1 2 9 1 2 13 1 2 14 1 3 10 1 3 12 1 3 13 1 4 10 1 4 16 1 4 17 1 5 11 1 5 14 1 5 16 1 6 13 1 6 16 1 6 17 1 7 15 1 7 17 1 8 12 1 8 15 1 9 14 1 9 15 1
R 41291 54 81 6 1171 1 2 3 2 0 1 5 1 2 0 4 1 4 0 5 3 0 5 2 5 3 3 4 5 1 4 5 3 2 1 0 2 1 5 0 3 5 0 4 3 4 0 2 0 1 3 1 2 0 4 3 4 3 1 0 4 5 3 4 5 0 4 3 3 2 5 1 2 3 1 2 4 1 4 0 1 2 0 2 5 5 | 18 23  0 7 1 0 10 2 1 8 1 1 11 1 1 17 1 2 9 2 2 12 1 3 10 1 3 13 1 3 14 1 4 11 2 4 14 1 5 12 2 5 15 1 6 13 1 6 14 1 6 17 1 7 16 1 7 17 1 8 15 1 8 16 1 9 16 1 13 15 1
R 91857 54 81 6 381 3 4 5 0 4 2 1 0 4 2 4 5 1 2 0 3 4 1 1 2 3 1 2 0 3 2 0 0 5 1 0 2 3 4 2 1 1 0 4 0 5 2 0 2 1 1 5 3 0 3 5 3 0 4 0 1 2 5 3 1 5 3 2 3 0 1 4 3 5 0 2 5 4 5 3 4 4 1 4 2 5 | 18 26  0 6 1 0 10 1 0 12 1 1 7 1 1 12 1 1 13 1 2 8 1 2 14 1 2 15 1 3 9 1 3 15 1 3 16 1 4 10 1 4 11 2 5 11 1 5 16 1 5 17 1 6 13 1 6 14 1 7 13 1 7 15 1 8 14 1 8 17 1 9 16 1 9 17 1 10 12 1
R 57342 54 81 6 397 1 2 3 0 2 4 0 3 2 0 4 5 1 3 2 1 2 3 0 4 1 3 4 5 1 4 5 1 2 0 1 5 4 3 2 4 0 2 1 1 2 3 0 3 4 0 1 3 0 5 2 0 5 3 0 4 5 3 5 1 5 4 1 2 3 1 0 5 4 0 5 4 3 2 5 1 2 0 2 3 4 | 18 24  0 7 1 0 12 2 1 8 1 1 13 1 1 14 1 2 9 1 2 13 1 2 17 1 3 10 2 3 11 1 4 10 1 4 14 1 4 16 1 5 11 2 5 15 1 6 12 1 6 14 1 6 15 1 7 16 1 7 17 1 8 13 1 8 15 1 9 16 1 9 17 1
R 51024 54 81 6 4245 3 4 5 1 0 2 4 2 1 1 2 0 2 4 5 0 1 3 4 3 1 1 2 3 3 2 0 3 5 4 0 2 3 3 1 5 1 0 4 2 0 1 4 0 2 4 3 0 4 0 3 2 1 4 0 1 2 4 5 3 0 3 5 4 3 5 0 1 3 2 4 5 5 2 0 5 4 1 1 2 5 | 18 25  0 7 1 0 10 1 0 12 1 1 8 2 1 12 1 2 9 1 2 13 1 2 14 1 3 10 1 3 14 1 3 15 1 4 11 1 4 15 1 4 17 1 5 11 2 5 16 1 6 13 1 6 15 1 6 17 1 7 12 1 7 13 1 8 16 1 9 14 1 9 16 1 10 17 1
R 39066 54 81 6 471 1 2 3 0 2 3 0 4 2 5 2 4 0 4 2 0 1 4 3 0 1 0 1 3 3 4 5 0 2 1 1 4 2 4 2 1 2 1 3 2 3 4 1 5 3 1 0 4 3 4 0 5 0 3 0 4 5 1 4 5 3 5 1 3 1 0 5 3 1 3 5 2 5 2 4 4 5 2 2 0 0 | 18 26  0 8 1 0 9 2 1 8 1 1 14 1 1 15 1 2 9 1 2 16 1 2 17 1 3 10 1 3 13 1 3 14 1 4 10 1 4 15 1 4 16 1 5 11 1 5 12 1 5 14 1 6 11 1 6 15 1 6 17 1 7 12 1 7 13 1 7 16 1 8 17 1 10 12 1 11 13 1
R 33180 54 81 6 186 3 4 5 0 5 2 1 4 0 5 0 3 1 2 4 1 2 3 0 1 4 2 3 5 1 2 3 2 1 0 4 2 3 0 2 3 1 0 4 4 3 5 3 4 1 1 3 0 0 5 2 2 1 0 0 1 2 4 3 1 3 2 5 1 2 4 0 5 3 4 5 0 2 5 3 0 4 1 4 5 5 | 18 26  0 8 1 0 11 1 0 12 1 1 9 1 1 12 1 1 13 1 2 9 1 2 14 1 2 15 1 3 10 1 3 15 1 3 17 1 4 10 2 4 16 1 5 11 1 5 12 1 5 13 1 6 13 1 6 14 1 6 17 1 7 14 1 7 15 1 7 16 1 8 16 1 8 17 1 9 11 1
R 14005 54 81 6 1531 3 4 5 1 2 3 0 4 5 0 1 5 3 4 5 1 2 0 1 2 3 2 0 4 1 2 3 3 4 1 4 0 2 5 4 2 0 2 5 0 1 3 2 3 0 3 1 4 3 0 1 1 0 2 0 1 2 0 5 4 2 1 3 3 2 4 0 1 2 3 4 5 4 5 0 5 1 3 4 5 5 | 18 25  0 8 1 0 12 1 0 13 1 1 9 1 1 10 1 1 17 1 2 9 1 2 10 2 3 11 1 3 15 1 3 16 1 4 11 2 4 16 1 5 12 1 5 14 1 5 15 1 6 13 1 6 14 1 6 15 1 7 13 1 7 14 1 7 17 1 8 12 1 8 16 1 9 17 1
R 2408 54 81 6 185 3 1 2 2 3 0 0 2 3 0 1 4 2 4 5 0 1 2 3 4 5 1 0 2 0 2 1 1 0 3 3 4 5 5 4 0 5 4 0 1 2 3 2 4 0 1 2 3 0 1 5 4 0 1 4 5 0 4 5 1 1 5 4 2 5 3 1 3 0 3 4 5 1 2 0 4 5 3 3 2 2 | 18 23  0 8 2 0 10 1 1 9 2 1 14 1 2 10 1 2 15 1 2 16 1 3 11 1 3 13 1 3 14 1 4 11 2 4 13 1 5 12 1 5 15 1 5 17 1 6 12 2 6 15 1 7 13 1 7 14 1 7 17 1 8 16 1 9 16 1 10 17 1
R 30415 54 81 6 128 3 4 5 0 5 4 1 0 2 3 4 1 0 1 2 1 2 3 0 1 4 2 0 4 1 2 3 4 2 5 2 1 4 0 2 3 0 1 4 3 1 4 2 1 4 1 2 0 0 3 5 3 1 0 0 1 2 1 2 3 3 5 4 0 5 2 3 5 4 4 5 0 5 3 2 3 5 1 4 5 0 | 18 26  0 8 1 0 11 1 0 12 1 1 9 1 1 13 1 1 14 1 2 9 1 2 13 1 2 17 1 3 10 1 3 14 1 3 17 1 4 10 2 4 16 1 5 11 1 5 12 1 5 13 1 6 11 1 6 15 1 6 16 1 7 12 1 7 15 1 7 16 1 8 15 1 8 17 1 9 14 1
R 68627 54 81 6 89 3 4 5 1 0 2 0 5 4 1 3 2 0 1 4 0 2 3 0 1 3 1 2 3 2 5 1 4 3 5 4 5 3 0 2 3 1 0 2 0 1 4 1 0 5 1 2 4 0 3 2 3 4 2 0 1 2 4 3 5 2 3 1 0 4 5 2 3 5 1 5 4 5 2 4 4 5 3 0 1 0 | 18 27  0 7 1 0 11 1 0 13 1 1 8 1 1 13 1 1 17 1 2 9 1 2 15 1 2 17 1 3 10 1 3 11 1 3 12 1 4 10 1 4 12 1 4 16 1 5 10 1 5 13 1 5 14 1 6 11 1 6 14 1 6 16 1 7 12 1 7 15 1 8 14 1 8 15 1 9 16 1 9 17 1
R 51806 54 81 6 3235 1 2 3 0 2 4 1 3 2 0 4 1 5 1 3 0 2 1 5 0 2 3 4 5 1 4 5 5 2 4 0 2 1 4 3 1 1 2 4 0 3 4 0 2 3 5 0 3 5 0 2 0 5 1 0 4 5 3 5 1 0 5 4 3 2 5 0 2 4 5 3 4 3 4 1 1 2 0 2 1 3 | 18 25  0 7 1 0 10 2 1 8 1 1 12 1 1 13 1 2 9 1 2 13 1 2 16 1 3 10 1 3 13 1 3 14 1 4 11 2 4 15 1 5 11 1 5 16 1 5 17 1 6 12 1 6 14 1 6 15 1 7 16 1 7 17 1 8 12 1 8 15 1 9 14 1 9 17 1
R 46822 54 81 6 22653 3 4 5 1 0 2 5 1 3 1 2 0 0 4 2 0 1 5 3 4 5 1 2 3 3 2 0 2 3 1 0 2 3 2 4 1 5 4 0 1 0 4 1 3 2 4 0 1 4 3 2 3 5 0 0 1 2 4 5 3 0 4 2 4 3 5 5 3 1 3 4 2 1 2 0 5 4 1 5 5 0 | 18 24  0 7 1 0 10 1 0 13 1 1 8 2 1 13 1 2 9 2 2 15 1 3 10 1 3 11 1 3 14 1 4 11 1 4 15 1 4 17 1 5 12 1 5 14 1 5 17 1 6 12 2 6 14 1 7 13 1 7 17 1 8 16 1 9 16 1 10 15 1 11 16 1
R 47653 54 81 6 149 3 4 5 0 3 4 3 1 4 1 2 5 1 2 0 1 0 2 3 5 0 1 2 3 2 4 3 5 4 1 0 2 3 0 2 4 3 2 0 1 0 4 2 5 0 0 1 3 1 2 5 3 1 4 0 1 2 1 5 2 0 2 5 4 3 0 5 3 4 4 5 3 1 4 2 4 5 0 3 5 1 | 18 24  0 7 1 0 10 1 0 13 1 1 8 2 1 15 1 2 9 2 2 15 1 3 10 1 3 11 1 3 17 1 4 11 1 4 14 1 4 15 1 5 12 2 5 13 1 6 12 1 6 16 1 6 17 1 7 14 1 7 17 1 8 16 1 9 16 1 10 13 1 11 14 1
R 37140 54 81 6 2511 3 4 5 1 0 2 3 4 0 1 0 3 2 4 5 0 1 5 4 2 5 0 3 2 1 2 3 0 2 5 3 2 0 5 4 0 5 2 0 1 0 4 2 0 1 1 4 3 4 5 3 2 1 0 0 1 2 4 5 3 1 2 5 2 4 5 1 3 0 4 2 3 1 3 0 5 1 4 4 5 3 | 18 24  0 8 1 0 9 1 0 13 1 1 10 2 1 13 1 2 10 1 2 16 1 2 17 1 3 11 1 3 14 1 3 15 1 4 11 2 4 15 1 5 12 1 5 15 1 5 17 1 6 12 2 6 16 1 7 14 1 7 16 1 7 17 1 8 9 1 8 13 1 9 14 1
R 64633 54 81 6 237 3 4 5 0 1 2 0 3 1 3 0 2 4 1 5 1 2 4 0 1 3 1 2 3 2 4 5 1 2 5 5 1 3 0 2 5 1 0 3 3 4 1 2 0 3 1 4 2 2 4 1 3 0 4 0 1 2 3 4 5 4 2 5 4 5 1 0 2 3 3 5 0 4 5 2 4 5 1 0 3 0 | 18 26  0 7 1 0 11 1 0 12 1 1 8 1 1 12 1 1 17 1 2 9 1 2 13 1 2 14 1 3 10 1 3 15 1 3 17 1 4 10 2 4 16 1 5 11 1 5 12 1 5 13 1 6 14 1 6 16 1 6 17 1 7 11 1 7 13 1 8 14 1 8 15 1 9 15 1 9 16 1
R 95296 54 81 6 11170 3 4 5 0 1 2 3 5 1 2 3 0 0 1 5 2 4 5 1 2 3 2 3 5 0 1 3 0 1 3 0 2 5 5 4 3 1 0 4 2 0 1 3 2 5 3 4 1 1 2 0 2 4 0 0 1 2 4 3 5 2 4 0 4 1 5 2 4 3 0 1 3 4 5 0 1 5 4 2 5 3 | 18 26  0 6 1 0 10 1 0 12 1 1 7 1 1 12 1 1 15 1 2 8 1 2 13 1 2 14 1 3 9 1 3 14 1 3 17 1 4 11 1 4 16 1 4 17 1 5 11 2 5 16 1 6 10 1 6 12 1 7 15 1 7 17 1 8 13 1 8 14 1 9 15 1 9 16 1 10 13 1
R 67689 54 81 6 120 3 4 5 1 0 2 3 0 1 1 2 3 0 1 4 0 2 1 5 4 0 1 2 3 2 4 5 2 5 3 0 2 3 0 1 3 4 3 0 2 3 4 1 0 2 4 2 1 3 0 5 5 4 1 0 1 2 3 4 5 4 2 5 4 0 5 5 3 2 5 4 3 1 3 2 4 5 1 0 1 0 | 18 27  0 7 1 0 10 1 0 11 1 1 8 1 1 11 1 1 12 1 2 9 1 2 12 1 2 13 1 3 10 1 3 13 1 3 14 1 4 10 1 4 14 1 4 16 1 5 11 1 5 16 1 5 17 1 6 12 1 6 15 1 6 17 1 7 14 1 7 15 1 8 13 1 8 15 1 9 16 1 9 17 1
R 6164 54 81 6 21610 3 4 5 5 3 4 0 2 5 1 3 5 1 2 0 1 2 3 0 4 1 2 4 0 1 2 3 2 4 3 5 3 4 0 2 5 0 1 3 2 3 0 1 3 4 1 0 4 2 1 0 0 1 2 0 1 2 0 1 2 1 3 4 0 2 4 3 4 5 4 5 0 5 2 3 1 3 5 4 5 5 | 18 25  0 8 1 0 11 1 0 12 1 1 9 2 1 15 1 2 10 1 2 16 1 2 17 1 3 10 2 3 16 1 4 11 1 4 13 1 4 14 1 5 12 1 5 13 1 5 14 1 6 12 1 6 14 1 6 17 1 7 13 1 7 15 1 7 17 1 8 11 1 8 15 1 9 16 1
R 15158 54 81 6 205 3 4 5 0 4 3 2 1 5 1 2 0 1 2 0 4 0 2 3 4 5 2 0 1 1 2 3 1 3 4 0 2 3 0 2 3 0 1 2 5 1 4 4 5 0 1 5 0 3 0 2 1 0 4 0 1 2 2 5 1 0 3 4 4 5 3 4 5 3 5 1 3 0 1 2 3 4 5 4 5 2 | 18 23  0 8 1 0 11 1 0 17 1 1 9 2 1 10 1 2 9 1 2 12 2 3 10 2 3 15 1 4 11 2 4 14 1 5 12 1 5 16 1 5 17 1 6 13 1 6 14 1 6 15 1 7 13 1 7 15 1 7 16 1 8 16 1 8 17 1 13 14 1
R 16632 54 81 6 6712 3 1 2 2 0 1 3 4 5 4 5 0 0 4 3 4 5 3 0 2 1 2 0 1 0 2 1 1 4 0 0 5 2 3 4 1 1 2 5 0 5 4 2 1 3 2 4 0 3 1 0 0 2 3 4 5 0 3 4 5 2 0 1 1 3 2 2 5 1 0 1 2 3 4 5 3 5 4 3 5 4 | 18 23  0 8 2 0 11 1 1 9 1 1 10 1 1 15 1 2 9 1 2 14 1 2 17 1 3 10 2 3 16 1 4 11 2 4 15 1 5 12 1 5 13 2 6 12 1 6 14 1 6 17 1 7 13 1 7 16 1 7 17 1 8 15 1 9 14 1 12 16 1
R 33945 54 81 6 276 3 4 5 0 1 2 5 0 4 0 5 4 2 1 4 5 0 3 0 1 2 1 2 3 1 2 3 4 5 1 4 1 3 3 4 2 0 2 3 1 0 4 3 2 5 2 0 5 1 5 0 2 0 1 0 1 2 3 5 4 2 1 3 2 1 3 0 5 3 1 2 4 5 3 4 5 0 4 4 5 0 | 18 26  0 8 1 0 12 1 0 13 1 1 9 1 1 11 1 1 12 1 2 9 1 2 15 1 2 16 1 3 10 1 3 14 1 3 17 1 4 10 2 4 15 1 5 11 1 5 16 1 5 17 1 6 12 1 6 13 1 6 14 1 7 13 1 7 14 1 7 15 1 8 16 1 8 17 1 9 11 1
R 24339 54 81 6 90 3 4 5 3 2 4 0 5 4 5 1 2 4 3 2 0 1 2 0 4 1 0 1 3 1 2 3 4 1 3 2 1 0 0 2 3 1 4 2 3 5 4 0 2 3 1 0 2 1 0 4 3 0 4 0 1 2 0 5 1 2 1 3 3 4 0 1 5 0 4 3 5 3 2 5 4 5 2 4 5 5 | 18 25  0 8 1 0 14 1 0 16 1 1 9 1 1 10 1 1 17 1 2 9 1 2 13 1 2 15 1 3 10 2 3 13 1 4 11 2 4 12 1 5 11 1 5 16 1 5 17 1 6 12 1 6 13 1 6 14 1 7 14 1 7 15 1 7 17 1 8 15 1 8 16 1 9 12 1
R 24675 54 81 6 688 3 4 5 1 2 4 5 0 4 5 0 3 0 4 5 1 2 3 1 2 3 0 1 2 1 2 3 5 4 2 3 0 4 3 1 0 0 2 3 2 3 5 1 2 0 1 0 4 1 0 2 1 3 4 0 1 2 0 3 5 1 3 2 1 2 4 2 1 3 4 5 0 4 0 5 4 3 5 4 5 5 | 18 25  0 8 1 0 12 1 0 15 1 1 9 2 1 10 1 2 9 1 2 16 1 2 17 1 3 10 2 3 16 1 4 11 1 4 13 1 4 14 1 5 11 1 5 16 1 5 17 1 6 12 1 6 13 1 6 14 1 7 13 1 7 15 1 7 17 1 8 14 1 8 15 1 11 12 1
R 69778 54 81 6 19340 3 4 5 1 2 3 1 5 4 1 2 4 0 4 1 1 2 5 0 4 3 1 2 3 5 3 2 4 2 3 0 2 5 0 3 4 0 1 2 3 1 4 0 2 1 0 1 3 3 2 4 0 4 5 0 1 2 0 5 4 0 3 2 3 5 0 3 2 5 4 0 3 5 1 2 4 5 1 4 5 1 | 18 27  0 7 1 0 10 1 0 11 1 1 8 1 1 11 1 1 12 1 2 9 1 2 14 1 2 15 1 3 10 1 3 12 1 3 13 1 4 12 1 4 13 1 4 16 1 5 15 1 5 16 1 5 17 1 6 15 1 6 16 1 6 17 1 7 10 1 7 13 1 8 11 1 8 14 1 9 14 1 9 17 1
R 6937 54 81 6 605 1 2 3 0 4 1 2 3 0 4 0 1 1 2 5 0 2 5 3 1 2 3 4 1 3 4 5 0 2 1 3 4 0 3 1 4 1 5 2 1 3 0 3 2 4 2 4 0 2 1 0 0 1 3 0 4 5 3 2 5 1 4 5 2 5 3 0 3 4 3 4 1 0 4 5 2 0 5 1 2 5 | 18 24  0 8 1 0 9 2 1 9 1 1 10 2 2 10 1 2 13 1 2 16 1 3 11 1 3 14 1 3 15 1 4 11 1 4 16 1 4 17 1 5 12 2 5 14 1 6 12 1 6 16 1 6 17 1 7 13 1 7 14 1 7 15 1 8 15 1 8 17 1 11 13 1
R 32880 54 81 6 5402 3 4 5 0 1 2 0 3 5 4 0 1 5 3 2 1 2 3 0 2 1 0 5 4 1 2 3 2 3 5 2 3 1 3 1 2 0 2 5 0 1 3 0 1 4 4 1 5 0 3 5 2 4 0 0 1 2 4 5 3 1 4 2 5 2 3 0 4 1 4 5 0 5 3 4 3 2 1 4 5 0 | 18 26  0 8 1 0 12 1 0 13 1 1 9 1 1 11 1 1 12 1 2 9 1 2 11 1 2 14 1 3 10 1 3 16 1 3 17 1 4 10 2 4 16 1 5 13 1 5 14 1 5 15 1 6 13 1 6 15 1 6 16 1 7 14 1 7 15 1 7 17 1 8 12 1 8 17 1 9 11 1
R 93179 54 81 6 103 3 4 5 0 1 2 0 2 4 0 5 2 1 2 3 1 5 4 1 2 3 2 3 5 1 5 0 1 4 0 0 2 3 1 0 4 3 4 2 1 3 0 0 3 5 1 3 4 0 2 4 1 2 3 0 1 2 4 3 5 3 1 5 3 4 1 4 0 5 2 3 0 4 5 0 1 2 4 2 5 5 | 18 27  0 6 1 0 10 1 0 11 1 1 7 1 1 11 1 1 12 1 2 8 1 2 12 1 2 15 1 3 9 1 3 13 1 3 14 1 4 10 1 4 12 1 4 13 1 5 13 1 5 16 1 5 17 1 6 14 1 6 16 1 7 15 1 7 16 1 8 14 1 8 17 1 9 15 1 9 17 1 10 11 1
R 15983 54 81 6 112 3 1 2 2 0 1 0 4 5 5 3 0 0 4 3 1 2 3 5 1 2 0 4 3 0 2 1 1 3 5 0 3 4 3 4 1 0 2 3 3 2 1 2 1 4 2 0 5 1 4 5 2 4 0 4 5 0 4 5 3 2 3 1 1 2 4 2 5 1 4 5 0 0 4 3 5 2 1 3 0 5 | 18 23  0 8 2 0 11 1 1 9 1 1 10 1 1 17 1 2 9 1 2 14 1 2 15 1 3 10 2 3 15 1 4 11 2 4 12 1 5 12 1 5 14 1 5 16 1 6 13 2 6 15 1 7 13 1 7 16 1 7 17 1 8 16 1 9 14 1 12 17 1
R 38494 54 81 6 58831 1 2 3 0 2 3 0 4 2 3 0 4 2 4 1 0 5 2 3 0 1 0 1 4 3 4 5 0 2 1 1 5 0 1 4 5 0 2 4 2 1 3 0 3 2 2 1 3 4 0 3 0 1 3 0 4 5 1 4 5 3 1 5 2 1 5 3 5 0 3 4 1 2 4 5 3 5 2 2 4 0 | 18 26  0 8 1 0 9 2 1 8 1 1 15 1 1 16 1 2 9 1 2 16 1 2 17 1 3 10 1 3 12 1 3 13 1 4 10 1 4 12 1 4 13 1 5 11 1 5 13 1 5 14 1 6 11 1 6 14 1 6 15 1 7 12 1 7 14 1 7 16 1 8 17 1 10 17 1 11 15 1
R 4919 54 81 6 101 3 4 5 0 1 2 1 0 2 3 4 5 0 4 1 5 2 3 4 3 2 1 0 2 1 2 3 3 2 1 5 2 0 3 2 1 1 2 3 0 2 5 1 3 4 2 4 5 0 3 4 1 0 4 0 1 2 4 5 3 3 4 5 1 0 2 5 3 2 0 4 1 0 5 1 4 5 3 4 5 0 | 18 23  0 8 1 0 13 1 0 14 1 1 9 2 1 13 1 2 10 2 2 14 1 3 10 1 3 15 1 3 17 1 4 11 1 4 15 1 4 16 1 5 11 2 5 16 1 6 12 2 6 15 1 7 12 1 7 16 1 7 17 1 8 13 1 8 17 1 9 14 1
R 1208 54 81 6 95 1 2 3 4 2 0 0 4 1 1 4 3 2 3 4 0 2 1 0 3 5 2 0 1 3 4 5 1 0 2 0 2 1 3 4 0 3 4 0 1 2 3 5 3 2 1 0 5 4 0 2 0 1 3 0 4 5 3 5 1 3 2 5 2 5 0 1 0 5 4 5 3 1 4 2 3 4 5 1 2 4 | 18 20  0 8 1 0 10 2 1 9 2 1 11 1 2 10 1 2 12 2 3 11 2 3 13 1 4 12 1 4 14 1 4 17 1 5 13 2 5 16 1 6 14 2 6 15 1 7 15 2 7 16 1 8 16 1 8 17 1 9 17 1
R 52712 54 81 6 92 3 4 5 2 4 3 0 1 3 1 2 0 1 4 2 3 0 4 0 2 4 1 2 3 0 1 2 2 3 1 0 2 3 3 2 4 1 0 4 4 1 2 4 0 3 0 2 5 1 2 4 1 3 0 0 1 2 5 0 1 4 5 2 4 3 5 0 5 3 1 5 2 3 5 1 4 5 3 4 0 5 | 18 25  0 7 1 0 10 1 0 12 1 1 8 1 1 13 1 1 15 1 2 9 2 2 14 1 3 10 1 3 13 1 3 14 1 4 11 2 4 15 1 5 11 1 5 16 1 5 17 1 6 12 1 6 13 1 6 14 1 7 15 1 7 17 1 8 16 1 8 17 1 9 16 1 10 12 1
R 13855 54 81 6 572 3 4 5 0 1 2 3 4 5 0 1 2 3 4 5 3 0 1 2 4 5 1 2 4 1 2 3 2 4 0 4 3 1 5 4 2 2 1 0 0 2 5 1 0 3 3 4 1 3 4 1 0 3 2 0 1 2 3 5 4 1 0 2 3 4 5 0 1 2 4 5 2 3 0 1 3 5 0 4 5 5 | 18 24  0 8 1 0 13 1 0 14 1 1 9 1 1 10 1 1 17 1 2 9 1 2 10 2 3 11 1 3 14 1 3 16 1 4 11 2 4 16 1 5 12 2 5 15 1 6 12 1 6 16 1 6 17 1 7 13 1 7 14 1 7 15 1 8 13 1 8 15 1 9 17 1
R 71615 54 81 6 6315 3 4 5 3 5 0 2 1 0 1 0 4 5 0 4 1 2 3 2 4 0 1 2 3 0 1 5 0 2 3 5 1 3 3 4 0 1 0 4 2 4 5 3 2 0 0 2 1 2 1 4 1 0 2 0 1 2 2 4 1 4 3 5 2 3 5 1 2 3 5 0 4 1 3 5 4 5 4 3 5 0 | 18 26  0 7 1 0 9 1 0 12 1 1 8 1 1 10 1 1 13 1 2 9 1 2 12 1 2 14 1 3 10 1 3 15 1 3 16 1 4 11 2 4 13 1 5 11 1 5 16 1 5 17 1 6 14 1 6 16 1 6 17 1 7 14 1 7 15 1 8 15 1 8 17 1 9 12 1 10 13 1
R 14145 54 81 6 275 3 4 5 5 2 3 0 1 3 1 2 4 1 2 3 0 1 4 0 2 5 1 4 0 1 2 3 3 1 2 4 2 3 4 1 0 0 2 3 0 1 4 1 5 2 2 1 0 0 3 4 1 0 3 0 1 2 0 1 4 4 2 5 0 5 3 4 5 0 5 3 2 3 4 1 3 5 2 4 5 5 | 18 25  0 8 1 0 12 1 0 13 1 1 9 1 1 10 1 1 17 1 2 9 1 2 11 2 3 10 2 3 11 1 4 12 1 4 13 1 4 14 1 5 12 1 5 14 1 5 16 1 6 13 1 6 15 1 6 16 1 7 15 1 7 16 1 7 17 1 8 14 1 8 15 1 9 17 1
R 16265 54 81 6 139 3 1 2 3 0 4 2 4 1 1 0 2 0 2 4 5 2 1 3 4 5 2 3 0 0 2 1 1 5 3 2 0 5 3 4 5 1 2 0 0 4 1 2 3 4 3 5 2 4 1 0 1 2 0 4 5 0 2 1 5 0 3 5 3 4 5 1 5 3 3 4 0 2 0 1 5 1 4 3 4 2 | 18 24  0 8 2 0 11 1 1 9 1 1 10 1 1 17 1 2 9 1 2 13 1 2 14 1 3 10 2 3 16 1 4 11 1 4 12 1 4 17 1 5 12 2 5 15 1 6 13 1 6 14 1 6 15 1 7 13 1 7 14 1 7 15 1 8 16 1 9 17 1 11 16 1
R 54033 54 81 6 103 3 1 2 2 5 4 0 2 1 0 2 3 1 3 0 0 2 3 4 0 2 0 2 1 1 3 4 3 1 2 3 4 5 1 0 2 2 0 4 3 5 0 2 3 5 1 2 0 1 4 0 3 0 1 4 5 0 0 3 1 5 3 4 1 4 5 5 4 2 1 4 5 1 3 5 3 2 5 4 0 2 | 18 26  0 7 2 0 10 1 1 8 1 1 11 1 1 12 1 2 9 1 2 12 1 2 17 1 3 10 1 3 11 1 3 12 1 4 11 1 4 14 1 4 16 1 5 13 1 5 15 1 5 16 1 6 14 1 6 15 1 6 17 1 7 16 1 8 13 1 8 15 1 9 13 1 9 14 1 10 17 1
R 85913 54 81 6 211 3 4 5 0 1 2 0 2 3 0 1 4 0 3 4 2 5 1 1 2 4 1 2 3 2 3 1 3 1 2 4 2 0 0 2 5 1 0 4 4 3 2 1 4 3 2 3 4 0 1 3 2 5 4 0 1 2 4 3 5 4 1 5 5 2 3 5 1 2 3 4 0 3 0 5 4 5 0 5 0 1 | 18 27  0 7 1 0 11 1 0 12 1 1 8 1 1 12 1 1 13 1 2 9 1 2 13 1 2 14 1 3 9 1 3 14 1 3 17 1 4 10 1 4 15 1 4 16 1 5 10 1 5 16 1 5 17 1 6 11 1 6 13 1 6 16 1 7 11 1 7 12 1 8 14 1 8 15 1 9 15 1 10 17 1
R 94651 54 81 6 1406 3 4 5 5 2 3 0 1 2 2 3 5 0 1 4 1 3 2 1 2 3 1 3 2 2 3 0 0 5 3 0 2 5 4 0 5 2 1 0 1 0 4 0 3 4 1 4 2 0 1 4 4 3 1 0 1 2 0 4 1 4 3 5 1 4 0 3 5 2 4 5 0 4 5 5 1 5 2 3 2 3 | 18 25  0 6 1 0 10 1 0 13 1 1 7 2 1 11 1 2 8 1 2 13 1 2 17 1 3 9 2 3 15 1 4 11 1 4 12 1 4 14 1 5 12 1 5 14 1 5 17 1 6 10 1 6 13 1 7 16 1 8 14 1 8 15 1 9 16 1 10 16 1 11 17 1 12 15 1
R 32676 54 81 6 4109 3 4 5 1 3 2 0 4 1 1 0 5 3 2 5 0 4 2 4 0 5 1 3 2 1 2 3 2 4 1 5 2 4 0 2 3 1 0 2 2 0 1 3 4 0 0 3 1 1 0 3 3 4 5 0 1 2 0 4 5 3 2 5 3 4 2 0 1 4 3 5 1 3 1 2 5 4 0 4 5 5 | 18 26  0 8 1 0 11 1 0 16 1 1 9 1 1 11 1 1 12 1 2 9 1 2 14 1 2 15 1 3 10 1 3 13 1 3 17 1 4 10 2 4 15 1 5 12 1 5 16 1 5 17 1 6 13 1 6 14 1 6 15 1 7 14 1 7 16 1 7 17 1 8 12 1 8 13 1 9 11 1
R 12880 54 81 6 170 3 1 2 0 2 3 0 1 3 5 3 4 2 4 0 1 2 0 0 5 3 1 5 2 0 2 1 3 4 5 2 3 1 1 2 0 1 0 4 0 2 3 1 0 4 5 3 4 2 5 0 3 1 0 4 5 0 1 4 5 4 2 5 0 1 2 3 5 1 3 4 5 4 2 1 0 3 4 3 2 5 | 18 26  0 8 2 0 9 1 1 9 1 1 11 1 1 12 1 2 10 1 2 12 1 2 13 1 3 10 1 3 13 1 3 14 1 4 11 1 4 14 1 4 15 1 5 12 1 5 16 1 5 17 1 6 13 1 6 15 1 6 16 1 7 15 1 7 16 1 7 17 1 8 14 1 9 17 1 10 11 1
R 33418 54 81 6 897 3 4 5 0 5 4 1 2 0 3 1 4 5 0 4 1 2 3 0 2 5 2 1 3 1 2 3 3 1 0 4 0 3 0 2 3 0 1 4 1 2 5 2 0 3 2 5 1 1 4 2 3 0 4 0 1 2 2 3 1 4 3 5 5 0 2 1 2 3 4 5 0 3 4 1 5 4 0 4 5 5 | 18 26  0 8 1 0 11 1 0 12 1 1 9 1 1 13 1 1 14 1 2 9 1 2 15 1 2 16 1 3 10 1 3 15 1 3 17 1 4 10 2 4 16 1 5 11 1 5 12 1 5 13 1 6 12 1 6 14 1 6 17 1 7 14 1 7 15 1 7 16 1 8 13 1 8 17 1 9 11 1
R 63779 54 81 6 12385 3 4 5 1 0 2 1 0 2 2 3 4 5 0 1 3 0 1 1 4 2 1 2 3 2 3 0 2 4 5 1 4 3 0 2 5 1 0 3 1 3 4 2 4 3 2 0 3 0 2 1 4 2 0 0 1 2 4 3 5 3 4 5 0 5 1 2 4 3 2 5 4 0 5 3 4 5 1 5 0 1 | 18 26  0 7 1 0 11 1 0 12 1 1 8 1 1 11 1 1 12 1 2 9 1 2 12 1 2 13 1 3 10 2 3 15 1 4 10 1 4 16 1 4 17 1 5 13 1 5 14 1 5 15 1 6 14 1 6 15 1 6 16 1 7 11 1 7 17 1 8 14 1 8 16 1 9 13 1 9 17 1
R 51054 54 81 6 1129 3 4 5 0 1 2 4 5 1 1 2 3 2 3 4 5 0 4 4 0 1 1 2 3 2 3 0 3 1 5 0 2 3 1 4 3 1 0 4 2 0 1 3 0 4 4 0 2 2 0 3 1 4 2 0 1 2 4 3 5 0 2 3 4 5 0 0 5 1 2 1 3 3 2 5 5 4 1 5 4 5 | 18 25  0 7 1 0 10 1 0 12 1 1 8 1 1 12 1 1 15 1 2 9 2 2 15 1 3 10 1 3 13 1 3 17 1 4 11 2 4 15 1 5 11 1 5 16 1 5 17 1 6 13 1 6 14 1 6 16 1 7 12 1 7 13 1 8 14 1 8 17 1 9 16 1 10 14 1
R 83439 54 81 6 932 3 4 5 4 0 5 3 2 4 0 1 4 0 1 2 3 4 5 1 0 2 1 2 3 2 3 5 4 1 5 2 0 3 2 0 5 0 4 3 1 0 4 3 1 4 2 4 1 3 0 1 3 0 1 0 1 2 1 2 3 0 1 5 3 5 2 4 3 5 1 0 2 3 4 5 5 4 0 4 2 5 | 18 26  0 7 1 0 12 1 0 13 1 1 8 1 1 14 1 1 15 1 2 9 1 2 10 1 2 12 1 3 9 1 3 15 1 3 16 1 4 10 1 4 13 1 4 17 1 5 11 1 5 15 1 5 17 1 6 11 2 6 16 1 7 13 1 7 16 1 8 14 1 8 17 1 9 12 1 10 14 1
R 16614 54 81 6 468 3 1 2 1 3 2 0 1 4 0 3 4 0 2 3 3 4 1 5 1 2 5 0 2 0 2 1 2 0 3 4 3 2 3 4 5 2 1 0 5 4 3 3 5 4 2 0 1 1 0 5 4 0 1 4 5 0 4 0 5 5 2 3 1 5 2 1 5 4 5 0 2 3 4 0 1 4 3 3 1 2 | 18 23  0 8 2 0 11 1 1 9 1 1 10 1 1 17 1 2 9 1 2 14 1 2 15 1 3 10 2 3 16 1 4 11 1 4 15 1 4 16 1 5 12 1 5 13 2 6 12 2 6 14 1 7 13 1 7 15 1 7 17 1 8 16 1 9 14 1 11 17 1
R 14243 54 81 6 231 3 1 2 3 4 1 2 0 1 4 5 2 0 4 3 4 3 5 1 0 3 2 0 4 0 2 1 1 0 4 0 2 1 3 4 1 5 3 2 3 5 4 4 0 1 2 0 3 2 4 0 2 3 1 4 5 0 2 5 0 3 4 5 3 0 1 2 5 1 0 1 2 2 5 4 3 5 1 3 5 4 | 18 22  0 8 2 0 11 1 1 9 1 1 10 1 1 17 1 2 9 1 2 12 1 2 16 1 3 10 1 3 13 2 4 11 2 4 16 1 5 12 2 5 14 1 6 13 1 6 15 1 6 17 1 7 14 2 7 15 1 8 16 1 9 17 1 10 15 1
R 73778 54 81 6 156 3 4 5 3 4 5 1 2 0 3 5 0 1 0 2 3 4 0 5 1 2 1 2 3 0 2 4 0 2 3 2 5 0 3 2 0 1 0 4 1 2 3 0 1 3 2 1 0 1 4 0 1 3 5 0 1 2 1 0 2 4 3 5 1 2 4 4 5 3 1 5 2 4 3 0 4 5 5 3 5 4 | 18 26  0 7 1 0 9 1 0 12 1 1 8 1 1 13 1 1 14 1 2 9 1 2 10 1 2 13 1 3 10 1 3 16 1 3 17 1 4 11 2 4 12 1 5 11 1 5 15 1 5 17 1 6 14 1 6 16 1 6 17 1 7 15 1 7 16 1 8 14 1 8 15 1 9 12 1 10 13 1
R 29091 54 81 6 1330 3 4 5 3 4 2 0 1 2 3 2 5 1 0 4 1 0 2 4 3 5 0 5 1 1 2 3 2 0 3 4 0 3 5 3 2 1 2 4 1 4 3 1 0 2 3 1 0 0 2 5 1 0 4 0 1 2 1 0 5 4 5 3 1 0 4 2 5 3 4 5 3 0 1 2 3 2 4 4 5 5 | 18 25  0 8 1 0 16 1 0 17 1 1 9 1 1 13 1 1 14 1 2 9 1 2 13 1 2 16 1 3 10 1 3 12 1 3 15 1 4 10 2 4 14 1 5 11 1 5 15 1 5 17 1 6 11 2 6 15 1 7 12 1 7 13 1 7 14 1 8 16 1 8 17 1 9 12 1
R 51267 54 81 6 607 3 4 5 2 3 5 1 0 4 1 2 0 4 0 5 1 2 3 2 4 5 1 2 3 1 0 3 2 4 0 0 2 3 3 5 0 3 0 4 2 1 4 3 2 0 3 1 4 4 5 2 0 4 1 0 1 2 4 1 0 3 5 2 4 5 3 1 2 3 4 0 5 1 0 3 4 5 5 2 1 5 | 18 25  0 7 1 0 10 1 0 12 1 1 8 1 1 12 1 1 13 1 2 9 2 2 15 1 3 10 1 3 14 1 3 16 1 4 11 2 4 13 1 5 11 1 5 16 1 5 17 1 6 14 1 6 15 1 6 17 1 7 14 1 7 15 1 8 12 1 8 17 1 9 16 1 10 13 1
R 4335 54 81 6 279 3 4 5 0 2 5 3 4 2 1 0 2 0 3 1 0 2 4 3 1 5 1 0 2 1 2 3 3 5 2 0 2 4 1 3 2 5 1 2 0 2 3 1 0 5 3 2 0 3 1 4 1 0 4 0 1 2 1 4 3 1 5 0 3 5 4 4 5 2 3 1 5 0 4 2 4 5 3 4 5 0 | 18 23  0 8 1 0 13 1 0 17 1 1 9 2 1 14 1 2 10 2 2 11 1 3 10 1 3 13 1 3 14 1 4 11 2 4 14 1 5 12 1 5 15 1 5 16 1 6 12 2 6 16 1 7 13 1 7 15 1 7 17 1 8 15 1 8 17 1 9 16 1
R 90722 54 81 6 6544 3 4 5 4 5 3 0 1 2 2 0 4 0 1 4 1 2 5 1 2 3 1 3 2 2 3 5 1 4 0 2 0 5 0 5 4 1 0 4 3 4 1 0 1 2 0 5 2 2 3 0 1 3 5 0 1 2 0 1 2 4 3 5 5 3 1 3 2 5 3 4 0 5 4 5 4 0 1 3 2 4 | 18 26  0 6 1 0 10 1 0 12 1 1 7 1 1 11 2 2 8 1 2 12 1 2 13 1 3 9 1 3 14 1 3 16 1 4 10 1 4 13 1 4 14 1 5 11 1 5 16 1 5 17 1 6 12 1 6 15 1 7 16 1 7 17 1 8 13 1 8 15 1 9 15 1 9 17 1 10 14 1
R 41288 54 81 6 221 3 1 2 2 0 5 0 2 4 0 2 3 1 2 4 1 0 3 0 2 3 0 2 1 1 5 0 1 4 2 3 4 5 3 2 0 3 0 2 1 2 3 0 1 2 4 1 5 4 5 3 1 5 3 4 5 0 3 4 1 3 5 1 1 4 5 5 3 0 4 5 2 5 4 1 3 2 0 2 4 0 | 18 23  0 7 2 0 10 1 1 8 2 1 11 1 2 9 2 2 12 1 3 10 1 3 13 1 3 14 1 4 11 1 4 14 1 4 17 1 5 12 2 5 15 1 6 13 1 6 14 1 6 16 1 7 15 1 8 16 1 9 16 1 10 17 1 11 17 1 13 15 1
R 89531 54 81 6 137 1 2 3 5 1 4 2 0 3 0 4 2 5 4 1 3 5 0 2 0 1 3 4 5 3 2 1 0 1 4 0 2 1 1 3 0 1 0 4 2 0 4 4 2 0 3 2 1 0 5 2 5 0 3 0 4 5 0 2 3 4 5 1 3 5 1 2 0 3 2 1 4 3 5 4 1 2 5 3 4 5 | 18 26  0 7 1 0 10 2 1 8 1 1 9 1 1 13 1 2 8 1 2 9 1 2 14 1 3 10 1 3 11 1 3 17 1 4 11 1 4 15 1 4 16 1 5 12 1 5 13 1 5 15 1 6 12 1 6 14 1 6 17 1 7 16 1 7 17 1 8 13 1 9 14 1 11 16 1 12 15 1
R 67267 54 81 6 281 3 4 5 0 1 2 1 5 3 1 2 3 0 1 2 5 4 0 0 2 4 1 2 3 5 3 1 2 0 5 0 2 3 1 0 4 0 4 3 4 2 5 1 5 2 4 0 1 5 0 3 1 2 4 0 1 2 4 3 5 4 2 0 4 5 0 5 3 4 1 3 2 1 3 5 4 5 2 0 1 3 | 18 27  0 7 1 0 10 1 0 11 1 1 8 1 1 11 1 1 12 1 2 9 1 2 15 1 2 17 1 3 10 1 3 11 1 3 14 1 4 10 1 4 15 1 4 16 1 5 12 1 5 13 1 5 16 1 6 13 1 6 14 1 6 15 1 7 14 1 7 17 1 8 12 1 8 13 1 9 16 1 9 17 1
R 21680 54 81 6 1012 3 4 5 3 4 5 0 2 4 2 0 1 1 5 2 0 3 1 1 0 5 2 4 5 1 2 3 2 5 4 1 0 4 2 0 1 5 4 3 0 2 3 2 1 3 3 0 5 2 0 1 0 1 4 0 1 2 0 1 2 3 5 1 3 5 4 3 4 0 4 2 5 2 4 3 0 1 3 4 5 5 | 18 24  0 8 1 0 13 1 0 17 1 1 9 2 1 10 1 2 9 1 2 14 1 2 15 1 3 10 2 3 14 1 4 11 1 4 13 1 4 14 1 5 11 1 5 15 1 5 17 1 6 12 1 6 16 1 6 17 1 7 12 2 7 16 1 8 15 1 8 16 1 11 13 1
R 95811 54 81 6 312 3 4 5 5 0 3 1 4 5 1 3 2 0 1 2 4 0 5 1 2 3 1 4 0 0 2 1 0 2 5 4 0 5 2 5 3 5 0 3 1 0 4 2 1 3 3 0 2 1 0 4 0 1 4 0 1 2 2 1 4 3 0 2 0 4 5 4 3 5 1 2 3 4 5 3 5 4 5 3 2 1 | 18 26  0 6 1 0 9 1 0 13 1 1 7 1 1 10 1 1 14 1 2 8 1 2 14 1 2 16 1 3 11 1 3 12 1 3 17 1 4 11 1 4 13 1 4 15 1 5 12 2 5 16 1 6 9 1 6 13 1 7 10 1 7 14 1 8 15 1 8 16 1 9 17 1 10 17 1 11 15 1
R 65951 54 81 6 377 3 4 5 4 2 5 0 1 2 0 3 4 1 3 0 3 4 2 4 1 5 1 2 3 0 5 2 2 3 0 0 2 5 4 3 2 1 0 4 2 0 1 4 5 0 2 4 3 0 3 1 3 1 4 0 1 2 1 3 0 4 3 5 1 5 2 4 2 5 5 1 0 3 0 2 4 5 4 1 5 3 | 18 25  0 7 1 0 10 1 0 12 1 1 8 2 1 11 1 2 9 1 2 12 1 2 16 1 3 11 2 3 16 1 4 13 1 4 14 1 4 15 1 5 13 1 5 14 1 5 17 1 6 14 1 6 15 1 6 17 1 7 10 1 7 12 1 8 16 1 9 15 1 9 17 1 10 13 1
R 52199 54 81 6 414 1 2 3 0 5 4 4 1 0 0 4 1 1 3 0 2 0 4 1 2 3 3 4 5 4 1 2 2 0 1 0 2 1 4 5 1 3 1 5 3 0 2 3 4 0 3 4 1 0 3 2 1 4 3 0 4 5 3 2 1 3 5 2 3 2 5 2 4 5 3 1 5 4 5 0 1 2 0 5 4 0 | 18 25  0 7 1 0 10 2 1 8 1 1 12 1 1 13 1 2 9 2 2 14 1 3 10 1 3 15 1 3 16 1 4 11 1 4 13 1 4 17 1 5 11 1 5 14 1 5 15 1 6 12 1 6 13 1 6 15 1 7 16 1 7 17 1 8 12 1 8 14 1 9 16 1 11 17 1
R 69055 54 81 6 113 3 4 5 1 0 2 5 3 4 1 2 0 0 2 1 2 1 5 1 3 4 1 2 3 2 4 0 4 1 3 0 2 5 0 1 3 1 4 3 2 0 4 3 1 0 2 3 1 4 1 0 3 0 2 0 1 2 3 4 5 0 2 1 3 4 5 5 3 4 0 4 3 5 2 0 4 5 5 1 2 5 | 18 27  0 7 1 0 10 1 0 11 1 1 8 1 1 11 1 1 12 1 2 9 1 2 12 1 2 13 1 3 10 1 3 15 1 3 16 1 4 11 1 4 13 1 4 17 1 5 12 1 5 14 1 5 16 1 6 13 1 6 14 1 6 15 1 7 10 1 7 14 1 8 15 1 8 17 1 9 16 1 9 17 1
R 11449 54 81 6 196 3 4 5 1 2 5 4 1 2 5 3 0 0 2 1 0 1 5 4 3 5 2 3 0 1 2 3 0 2 3 0 3 2 0 1 4 3 1 4 2 5 1 0 2 5 3 0 1 1 3 5 0 4 2 0 1 2 4 3 0 5 0 3 1 4 2 5 3 4 2 4 3 0 2 1 1 4 5 4 5 5 | 18 26  0 8 1 0 9 1 0 11 1 1 9 1 1 11 1 1 12 1 2 10 1 2 16 1 2 17 1 3 10 2 3 16 1 4 11 1 4 13 1 4 15 1 5 12 1 5 13 1 5 14 1 6 13 1 6 15 1 6 17 1 7 14 1 7 16 1 7 17 1 8 14 1 8 15 1 9 12 1
R 25024 54 81 6 586 3 4 5 4 5 3 3 2 4 2 0 1 0 1 2 1 4 5 4 0 3 0 5 2 1 2 3 1 3 4 2 5 4 0 2 3 0 2 3 1 0 4 2 0 1 3 4 2 0 3 5 4 1 0 0 1 2 2 0 1 0 1 5 3 5 4 4 3 5 3 0 2 5 1 2 1 4 3 5 4 5 | 18 26  0 8 1 0 12 1 0 13 1 1 9 1 1 10 2 2 9 1 2 11 1 2 12 1 3 10 1 3 11 1 3 12 1 4 11 1 4 13 1 4 15 1 5 14 1 5 15 1 5 16 1 6 14 1 6 16 1 6 17 1 7 15 1 7 16 1 7 17 1 8 13 1 8 14 1 9 17 1
R 27928 54 81 6 154 3 4 5 0 1 5 5 0 3 2 0 1 3 4 1 3 4 2 0 1 4 0 2 4 1 2 3 4 5 2 1 4 0 5 2 4 3 1 4 2 0 3 1 0 4 0 3 1 2 1 3 3 0 5 0 1 2 3 2 4 1 2 4 3 5 4 2 5 0 0 1 5 3 5 2 3 5 1 5 4 0 | 18 25  0 8 1 0 13 1 0 14 1 1 9 1 1 12 1 1 15 1 2 9 1 2 15 1 2 16 1 3 10 1 3 12 1 3 13 1 4 10 2 4 16 1 5 11 2 5 13 1 6 11 1 6 16 1 6 17 1 7 14 1 7 15 1 7 17 1 8 14 1 8 17 1 9 12 1
R 21004 54 81 6 7678 3 4 5 0 3 2 1 5 2 1 5 3 1 0 4 2 3 0 5 1 4 0 2 4 1 2 3 2 1 0 3 5 4 3 4 0 4 2 5 0 2 3 1 0 2 4 1 3 0 3 1 2 1 0 0 1 2 4 1 5 3 4 0 0 2 4 2 5 3 1 5 4 0 2 3 1 3 5 4 5 5 | 18 24  0 8 1 0 13 1 0 16 1 1 9 1 1 10 1 1 14 1 2 9 1 2 13 1 2 15 1 3 10 2 3 16 1 4 11 2 4 14 1 5 11 1 5 15 1 5 17 1 6 12 1 6 15 1 6 17 1 7 12 2 7 16 1 8 14 1 8 17 1 9 13 1
R 3449 54 81 6 912 3 1 2 1 3 0 3 0 2 0 4 5 4 1 5 0 3 1 3 2 4 1 0 4 0 2 1 4 0 3 1 2 5 4 0 3 3 5 1 4 2 0 3 4 5 1 5 3 0 2 4 2 4 1 4 5 0 2 5 4 4 5 1 3 1 2 0 2 3 4 2 5 1 5 0 2 5 3 3 1 0 | 18 22  0 8 2 0 14 1 1 9 2 1 15 1 2 10 1 2 11 1 2 14 1 3 10 1 3 11 2 4 12 2 4 13 1 5 12 1 5 14 1 5 17 1 6 13 2 6 15 1 7 15 1 7 16 1 7 17 1 8 16 1 9 16 1 10 17 1
R 23889 54 81 6 1400 3 4 5 2 4 3 3 5 4 1 0 5 0 1 2 4 3 2 1 2 0 1 2 0 1 2 3 1 3 4 5 4 2 2 3 0 0 2 5 1 0 4 2 0 3 0 1 3 1 3 5 4 0 1 0 1 2 5 0 1 0 1 2 3 4 2 4 3 5 1 5 0 3 4 5 5 4 3 4 5 2 | 18 25  0 8 1 0 12 1 0 13 1 1 9 1 1 10 2 2 9 1 2 14 1 2 15 1 3 10 1 3 15 1 3 16 1 4 11 1 4 13 1 4 17 1 5 11 2 5 16 1 6 12 1 6 14 1 6 15 1 7 14 1 7 16 1 7 17 1 8 12 1 8 13 1 9 17 1
R 87115 54 81 6 129 3 4 5 1 2 0 0 4 2 1 3 2 2 0 1 0 1 4 3 4 5 1 2 3 0 3 2 2 1 4 4 1 2 0 3 2 1 3 4 0 2 3 1 0 2 2 4 1 0 3 5 3 5 0 0 1 2 5 3 4 3 5 1 0 4 5 3 4 5 5 3 2 1 2 0 4 5 4 1 5 0 | 18 27  0 7 1 0 13 1 0 16 1 1 8 1 1 15 1 1 17 1 2 9 1 2 12 1 2 16 1 3 9 1 3 13 1 3 14 1 4 10 1 4 11 1 4 13 1 5 10 1 5 14 1 5 17 1 6 11 1 6 12 1 6 15 1 7 14 1 7 15 1 8 16 1 8 17 1 9 11 1 10 12 1
R 36647 54 81 6 108 3 4 5 0 1 2 0 4 1 0 3 1 1 2 5 0 2 3 0 2 4 3 5 1 1 2 3 5 4 1 1 3 2 0 2 3 0 1 3 3 5 4 0 2 1 2 0 5 2 1 4 1 0 3 0 1 2 3 5 4 2 5 3 4 2 5 4 0 3 5 1 4 1 3 5 4 0 2 4 5 0 | 18 27  0 8 1 0 11 1 0 12 1 1 9 1 1 10 1 1 11 1 2 9 1 2 11 1 2 15 1 3 10 1 3 13 1 3 14 1 4 12 1 4 13 1 4 14 1 5 12 1 5 15 1 5 17 1 6 13 1 6 16 1 6 17 1 7 14 1 7 16 1 7 17 1 8 15 1 8 16 1 9 10 1
R 83343 54 81 6 251 3 4 5 0 2 4 5 1 2 0 3 1 1 0 4 1 5 2 3 0 2 1 2 3 5 4 2 2 0 1 4 1 5 2 0 1 0 2 3 1 0 3 3 0 2 0 3 4 4 5 3 3 1 4 0 1 2 3 5 1 3 0 4 4 5 2 3 5 2 3 4 0 4 5 1 4 5 1 0 5 2 | 18 26  0 7 1 0 12 1 0 13 1 1 8 1 1 13 1 1 14 1 2 9 1 2 10 1 2 12 1 3 9 1 3 14 1 3 16 1 4 10 1 4 15 1 4 17 1 5 11 1 5 13 1 5 17 1 6 11 2 6 16 1 7 14 1 7 17 1 8 15 1 8 16 1 9 12 1 10 15 1
R 3102 54 81 6 214 1 2 3 0 2 5 0 4 1 3 4 0 2 0 1 3 4 5 1 2 0 0 1 2 3 4 5 4 5 2 0 2 1 1 0 4 0 2 4 2 5 4 0 3 1 5 3 1 3 0 2 3 1 0 0 4 5 1 3 4 3 2 5 2 1 5 3 5 4 1 0 2 5 3 4 3 5 4 1 2 0 | 18 24  0 8 1 0 10 2 1 9 2 1 14 1 2 10 1 2 15 1 2 16 1 3 11 1 3 13 1 3 17 1 4 11 2 4 16 1 5 12 1 5 13 1 5 14 1 6 12 1 6 13 1 6 15 1 7 12 1 7 14 1 7 17 1 8 16 1 8 17 1 9 15 1
R 18185 54 81 6 80 3 4 5 4 2 1 3 0 1 0 4 3 1 2 5 0 2 4 0 3 5 2 0 1 1 2 3 0 1 2 3 4 1 0 2 3 1 0 4 2 3 1 2 0 3 0 5 4 1 0 2 3 4 0 0 1 2 3 5 0 4 5 2 2 5 1 4 0 3 3 5 1 4 1 2 5 4 3 4 5 5 | 18 25  0 8 1 0 11 1 0 12 1 1 9 2 1 10 1 2 9 1 2 14 1 2 17 1 3 10 2 3 15 1 4 11 1 4 13 1 4 16 1 5 12 1 5 16 1 5 17 1 6 13 1 6 14 1 6 15 1 7 13 1 7 14 1 7 15 1 8 16 1 8 17 1 11 12 1
R 94930 54 81 6 403 3 4 5 4 5 0 0 1 2 1 0 4 1 3 2 1 3 0 1 2 3 0 1 5 2 3 0 4 3 5 0 2 5 2 5 4 1 0 4 4 0 1 0 2 4 2 1 3 3 0 2 1 0 2 0 1 2 2 1 3 4 3 5 2 3 5 0 5 4 2 4 5 4 5 4 3 5 1 0 1 3 | 18 26  0 6 1 0 10 1 0 12 1 1 7 1 1 11 2 2 8 1 2 12 1 2 16 1 3 9 1 3 14 1 3 15 1 4 11 1 4 14 1 4 17 1 5 13 1 5 15 1 5 17 1 6 10 1 6 12 1 7 16 1 7 17 1 8 13 1 8 14 1 9 15 1 9 16 1 10 13 1
R 18276 54 81 6 91 3 1 2 0 2 4 1 3 4 2 1 3 3 0 2 4 0 5 3 0 1 2 4 0 0 2 1 1 4 2 0 3 4 2 0 1 5 0 3 2 1 0 0 1 4 3 4 5 4 1 0 2 4 5 4 5 0 3 5 1 0 5 2 5 4 0 4 5 1 1 2 3 4 5 2 3 5 1 3 2 3 | 18 23  0 8 2 0 15 1 1 9 2 1 10 1 2 9 1 2 11 1 2 14 1 3 10 1 3 12 1 3 17 1 4 11 1 4 14 1 4 15 1 5 12 2 5 14 1 6 13 2 6 15 1 7 13 1 7 16 1 7 17 1 8 16 1 10 16 1 11 17 1
R 59407 54 81 6 90 3 4 5 0 5 3 1 4 3 3 1 5 0 1 2 2 1 0 1 2 4 1 2 3 4 2 0 0 3 4 2 5 4 0 1 3 0 2 5 1 0 3 1 2 3 1 4 5 4 2 0 3 2 0 0 1 2 1 4 2 2 5 0 0 2 4 3 4 5 4 5 3 3 5 0 4 5 5 3 1 1 | 18 25  0 7 1 0 12 1 0 13 1 1 8 1 1 14 1 1 15 1 2 9 2 2 15 1 3 10 1 3 11 1 3 17 1 4 10 1 4 13 1 4 17 1 5 11 2 5 16 1 6 12 1 6 13 1 6 14 1 7 12 1 7 16 1 8 14 1 8 15 1 9 16 1 10 17 1
R 57490 54 81 6 92 3 1 2 2 4 1 0 5 1 2 4 1 0 3 4 3 0 4 0 4 3 0 2 1 0 1 2 1 3 0 1 3 2 0 4 2 3 4 1 3 4 1 3 0 2 0 2 3 0 1 5 2 0 1 4 5 0 3 0 5 2 4 3 0 3 5 5 2 1 1 2 5 2 5 1 3 5 4 5 4 4 | 18 24  0 7 2 0 12 1 1 8 1 1 13 1 1 14 1 2 9 1 2 14 1 2 17 1 3 10 1 3 11 2 4 10 1 4 13 1 4 14 1 5 11 1 5 16 1 5 17 1 6 12 2 6 15 1 7 16 1 8 13 1 8 15 1 9 15 1 9 16 1 10 17 1
R 25505 54 81 6 228 3 4 5 2 0 4 3 1 4 3 5 4 1 2 0 1 2 3 0 2 1 5 4 0 1 2 3 3 4 0 2 5 0 0 2 5 0 1 3 2 3 0 1 3 4 2 1 5 0 1 4 2 3 1 0 1 2 1 5 3 2 0 5 1 2 0 3 4 5 4 5 0 5 4 3 1 2 3 4 5 4 | 18 26  0 8 1 0 11 1 0 12 1 1 9 2 1 10 1 2 9 1 2 15 1 2 17 1 3 10 1 3 16 1 3 17 1 4 11 1 4 13 1 4 14 1 5 12 1 5 13 1 5 14 1 6 12 1 6 15 1 6 16 1 7 13 1 7 14 1 7 15 1 8 11 1 8 16 1 10 17 1
R 86448 54 81 6 11906 3 4 5 1 0 2 0 1 2 0 3 5 0 1 3 0 4 5 0 2 4 1 2 3 2 5 1 2 3 5 2 3 5 3 1 2 0 2 5 0 1 3 1 0 5 1 3 4 3 4 0 2 4 1 0 1 2 3 4 5 4 5 3 1 4 2 4 2 5 1 2 3 5 3 1 4 5 4 0 0 0 | 18 27  0 7 1 0 12 1 0 13 1 1 8 1 1 13 1 1 15 1 2 9 1 2 11 1 2 12 1 3 9 1 3 11 1 3 14 1 4 10 1 4 15 1 4 17 1 5 10 1 5 16 1 5 17 1 6 13 1 6 14 1 6 16 1 7 12 1 7 16 1 8 14 1 8 15 1 9 11 1 10 17 1
R 26271 54 81 6 159 3 4 5 0 1 2 3 4 2 2 5 1 0 1 3 1 2 4 0 3 5 0 1 5 1 2 3 2 3 0 3 1 4 5 3 1 1 3 4 0 2 5 1 0 3 2 0 1 0 4 2 0 1 2 0 1 2 4 5 3 1 0 5 0 4 3 2 5 4 0 5 3 2 4 1 2 3 4 4 5 5 | 18 25  0 8 1 0 13 1 0 14 1 1 9 1 1 12 1 1 13 1 2 9 1 2 12 1 2 14 1 3 10 1 3 14 1 3 16 1 4 10 2 4 15 1 5 11 1 5 16 1 5 17 1 6 11 2 6 16 1 7 12 1 7 15 1 7 17 1 8 13 1 8 15 1 9 17 1
R 31882 54 81 6 456 3 4 5 3 4 2 1 2 0 3 4 0 1 0 2 1 0 3 2 1 0 3 5 4 1 2 3 0 2 4 2 0 3 3 4 0 5 0 1 4 1 2 0 2 3 2 1 0 1 0 4 5 1 3 0 1 2 1 0 5 5 3 4 1 5 2 4 5 3 2 4 5 5 3 4 1 2 0 4 5 3 | 18 26  0 8 1 0 14 1 0 16 1 1 9 1 1 13 1 1 14 1 2 9 1 2 13 1 2 17 1 3 10 1 3 15 1 3 17 1 4 10 2 4 16 1 5 11 1 5 12 1 5 13 1 6 11 1 6 12 1 6 14 1 7 11 1 7 12 1 7 17 1 8 15 1 8 16 1 9 15 1
R 30535 54 81 6 132 3 4 5 0 1 2 3 4 5 4 1 3 2 0 1 0 5 2 1 2 0 4 5 3 1 2 3 2 3 0 2 3 1 2 0 4 1 0 4 0 3 1 3 2 1 4 0 5 3 0 4 2 1 5 0 1 2 4 3 5 1 2 0 0 5 2 4 5 3 3 4 1 5 4 3 0 1 2 5 4 5 | 18 26  0 8 1 0 11 1 0 12 1 1 9 1 1 12 1 1 13 1 2 9 1 2 13 1 2 17 1 3 10 2 3 15 1 4 10 1 4 16 1 4 17 1 5 11 1 5 13 1 5 16 1 6 11 1 6 14 1 6 15 1 7 14 1 7 15 1 7 16 1 8 12 1 8 17 1 9 14 1
R 62228 54 81 6 571 3 4 5 2 0 4 0 1 2 3 4 1 2 0 1 0 1 3 5 2 0 1 2 3 5 4 1 2 3 5 0 1 4 0 2 3 3 2 5 1 0 4 1 2 4 0 3 4 5 1 3 3 0 2 0 1 2 3 5 1 4 3 5 2 5 0 3 5 4 4 5 2 3 1 4 4 5 0 2 0 1 | 18 26  0 7 1 0 11 1 0 13 1 1 8 1 1 11 1 1 12 1 2 9 1 2 13 1 2 17 1 3 10 2 3 12 1 4 10 1 4 15 1 4 17 1 5 11 1 5 14 1 5 15 1 6 14 1 6 15 1 6 16 1 7 12 1 7 13 1 8 14 1 8 16 1 9 16 1 9 17 1
R 35594 54 81 6 421 3 4 5 0 1 2 3 4 5 0 5 1 5 1 3 0 1 2 4 5 2 0 2 4 1 2 3 2 4 0 1 3 2 0 2 3 0 1 2 2 1 4 4 0 5 1 3 4 0 1 5 0 3 5 0 1 2 3 5 4 1 0 2 4 3 2 0 2 4 5 3 4 3 1 0 5 3 1 4 5 5 | 18 27  0 8 1 0 11 1 0 15 1 1 9 1 1 10 1 1 11 1 2 9 1 2 13 1 2 17 1 3 10 1 3 13 1 3 14 1 4 10 1 4 16 1 4 17 1 5 11 1 5 14 1 5 16 1 6 12 1 6 14 1 6 15 1 7 15 1 7 16 1 7 17 1 8 12 1 8 13 1 9 12 1
R 89220 54 81 6 2800 3 4 5 2 4 5 0 3 4 4 2 0 5 1 4 3 0 1 0 2 1 1 2 3 1 0 2 0 2 5 1 5 0 0 4 1 1 0 4 1 3 2 2 0 3 2 3 5 4 1 0 2 0 3 0 1 2 3 0 1 2 5 1 3 1 5 2 3 0 5 2 4 3 4 5 4 5 5 4 3 4 | 18 26  0 7 1 0 9 1 0 12 1 1 8 1 1 13 1 1 17 1 2 10 1 2 13 1 2 14 1 3 10 1 3 15 1 3 16 1 4 11 2 4 15 1 5 11 1 5 16 1 5 17 1 6 12 1 6 14 1 6 17 1 7 9 1 7 12 1 8 14 1 8 15 1 9 16 1 10 13 1
R 1572 54 81 6 141 3 1 2 2 3 0 0 2 3 1 4 2 1 3 2 4 0 2 0 4 5 1 3 2 0 2 1 1 0 3 3 4 5 2 4 0 0 2 3 1 4 2 2 5 3 3 5 1 0 1 4 4 0 1 4 5 0 4 5 1 1 4 5 3 5 0 4 5 0 1 5 3 3 1 2 5 0 4 3 2 2 | 18 23  0 8 2 0 10 1 1 9 2 1 11 1 2 10 1 2 14 1 2 17 1 3 11 2 3 15 1 4 12 2 4 13 1 5 12 1 5 16 1 5 17 1 6 13 1 6 14 1 6 15 1 7 13 1 7 14 1 7 15 1 8 16 1 9 16 1 10 17 1
R 12645 54 81 6 758 3 4 5 2 1 0 2 4 5 0 3 5 2 4 5 0 3 1 0 1 4 2 1 3 1 2 3 0 2 3 5 3 4 1 0 4 1 0 2 3 1 4 2 3 0 3 4 1 1 0 2 0 2 5 0 1 2 4 3 5 0 3 1 1 2 4 3 0 1 5 2 4 2 5 3 4 0 5 4 5 5 | 18 26  0 8 1 0 9 1 0 11 1 1 9 1 1 11 1 1 14 1 2 10 1 2 16 1 2 17 1 3 10 2 3 16 1 4 12 1 4 13 1 4 14 1 5 12 1 5 15 1 5 17 1 6 13 1 6 15 1 6 17 1 7 14 1 7 15 1 7 16 1 8 12 1 8 13 1 9 11 1
R 75679 54 81 6 81 3 4 5 3 5 4 1 2 0 1 0 2 3 4 5 2 0 1 1 5 2 1 2 3 0 4 3 0 2 3 3 2 0 3 5 2 1 0 4 0 1 4 3 1 5 2 3 0 1 4 2 1 0 4 0 1 2 1 2 0 4 5 3 4 5 3 1 0 2 4 3 5 0 4 3 4 5 5 2 5 1 | 18 26  0 7 1 0 9 1 0 12 1 1 8 1 1 13 1 1 14 1 2 9 1 2 15 1 2 16 1 3 10 2 3 12 1 4 10 1 4 16 1 4 17 1 5 11 1 5 13 1 5 16 1 6 11 1 6 14 1 6 17 1 7 15 1 7 17 1 8 13 1 8 14 1 9 12 1 11 15 1
R 90952 54 81 6 997 3 4 5 2 1 0 2 0 4 5 2 3 1 2 5 3 4 0 1 2 3 3 0 1 1 3 2 4 0 5 0 2 3 2 4 0 0 3 5 2 1 4 0 1 2 5 1 0 1 3 4 4 1 3 0 1 2 4 5 3 5 1 3 1 0 4 4 3 0 1 5 2 4 5 2 4 0 3 2 5 5 | 18 26  0 6 1 0 10 1 0 12 1 1 7 2 1 11 1 2 8 1 2 12 1 2 13 1 3 9 1 3 13 1 3 14 1 4 10 1 4 14 1 4 16 1 5 11 1 5 14 1 5 15 1 6 15 1 6 16 1 7 16 1 8 12 1 8 17 1 9 15 1 9 17 1 10 13 1 11 17 1
R 77521 54 81 6 101 3 4 5 0 3 2 2 1 0 3 0 4 3 2 4 1 2 0 0 1 3 1 2 3 4 2 5 0 2 3 1 4 0 1 0 4 2 3 0 3 1 2 3 0 2 4 1 2 1 4 0 0 1 2 0 1 2 1 4 5 4 3 5 2 1 5 5 0 1 4 5 3 5 2 4 4 5 0 3 5 3 | 18 27  0 7 1 0 9 1 0 11 1 1 8 1 1 13 1 1 17 1 2 9 1 2 11 1 2 12 1 3 10 1 3 12 1 3 13 1 4 10 1 4 13 1 4 14 1 5 12 1 5 14 1 5 15 1 6 15 1 6 16 1 6 17 1 7 14 1 7 16 1 8 15 1 8 16 1 9 11 1 10 17 1
R 34063 54 81 6 138 3 4 5 0 3 4 1 3 2 4 0 1 5 2 3 5 3 1 0 1 2 0 2 4 1 2 3 4 1 5 3 2 4 1 2 4 0 2 3 0 1 3 0 2 5 0 1 5 0 2 1 3 4 0 0 1 2 2 5 1 0 5 4 5 3 2 0 1 4 0 2 4 4 5 3 3 5 1 4 5 3 | 18 26  0 8 1 0 14 1 0 15 1 1 9 1 1 11 1 1 12 1 2 9 1 2 12 1 2 13 1 3 10 1 3 16 1 3 17 1 4 10 2 4 16 1 5 11 1 5 13 1 5 15 1 6 12 1 6 13 1 6 14 1 7 15 1 7 16 1 7 17 1 8 14 1 8 17 1 9 11 1
R 37004 54 81 6 341 3 4 5 1 3 2 0 3 1 0 2 5 0 2 1 1 2 3 5 4 3 0 5 4 1 2 3 2 0 1 0 2 5 0 1 3 4 1 3 5 2 3 2 1 0 0 3 4 4 5 2 5 0 1 0 1 2 4 5 0 5 2 4 4 3 1 5 3 4 0 4 5 1 0 2 2 1 3 4 5 3 | 18 27  0 8 1 0 10 1 0 11 1 1 9 1 1 11 1 1 12 1 2 9 1 2 12 1 2 13 1 3 11 1 3 14 1 3 15 1 4 12 1 4 16 1 4 17 1 5 13 1 5 14 1 5 15 1 6 13 1 6 16 1 6 17 1 7 15 1 7 16 1 7 17 1 8 10 1 8 14 1 9 10 1
R 77975 54 81 6 109 3 4 5 0 1 4 1 2 5 1 0 3 4 1 2 0 2 1 0 3 5 1 2 3 2 4 5 0 2 3 2 3 0 1 0 4 0 4 5 1 2 3 5 0 2 3 1 4 3 4 1 0 3 2 0 1 2 3 2 5 4 3 0 4 2 5 5 0 3 3 4 5 1 2 4 4 5 0 1 5 1 | 18 27  0 7 1 0 9 1 0 11 1 1 8 1 1 15 1 1 17 1 2 9 1 2 12 1 2 15 1 3 10 1 3 12 1 3 13 1 4 10 1 4 13 1 4 14 1 5 11 1 5 13 1 5 16 1 6 14 1 6 16 1 6 17 1 7 14 1 7 15 1 8 16 1 8 17 1 9 11 1 10 12 1
R 7848 54 81 6 561 3 1 2 0 4 3 1 4 2 0 3 5 0 1 2 1 5 3 2 0 1 3 4 0 0 2 1 3 4 1 2 0 1 2 5 0 4 1 0 4 3 1 0 3 2 0 2 3 5 0 4 2 4 3 4 5 0 2 5 1 3 0 5 4 2 1 3 5 4 4 2 0 3 5 4 2 1 5 3 5 1 | 18 24  0 8 2 0 9 1 1 9 2 1 15 1 2 10 1 2 13 1 2 14 1 3 10 1 3 13 1 3 14 1 4 11 1 4 13 1 4 15 1 5 11 1 5 16 1 5 17 1 6 12 2 6 14 1 7 12 1 7 16 1 7 17 1 8 16 1 10 15 1 11 17 1
R 44474 54 81 6 1256 3 4 5 5 1 2 1 0 2 1 2 5 0 2 3 3 1 4 0 4 5 1 2 3 4 2 1 3 2 0 0 2 3 3 0 1 5 4 2 1 0 4 2 0 1 0 3 5 0 4 3 1 3 4 0 1 2 0 3 4 4 5 3 4 3 0 5 4 1 0 5 2 1 3 2 4 5 5 1 5 2 | 18 24  0 7 1 0 10 1 0 13 1 1 8 2 1 11 1 2 9 2 2 13 1 3 10 1 3 14 1 3 17 1 4 11 1 4 14 1 4 16 1 5 12 1 5 14 1 5 15 1 6 12 2 6 16 1 7 15 1 7 17 1 8 16 1 9 15 1 10 13 1 11 17 1
R 62724 54 81 6 1605 3 4 5 1 2 3 0 4 2 0 4 2 1 2 5 1 2 5 0 1 3 1 2 3 4 3 1 1 3 0 5 2 3 0 2 3 0 1 5 0 1 2 0 3 2 1 3 4 1 4 0 0 1 5 0 1 2 0 4 5 5 3 1 1 5 3 0 4 3 4 3 0 5 4 2 4 5 5 2 2 4 | 18 26  0 7 1 0 11 1 0 12 1 1 8 1 1 12 1 1 13 1 2 9 1 2 12 1 2 14 1 3 10 1 3 16 1 3 17 1 4 10 2 4 16 1 5 11 1 5 13 1 5 15 1 6 11 1 6 13 1 6 17 1 7 14 1 7 15 1 8 14 1 8 16 1 9 15 1 9 17 1
R 59888 54 81 6 4826 3 4 5 1 3 2 5 0 2 0 2 1 4 3 5 0 1 4 0 5 1 1 2 3 4 5 3 1 2 0 5 3 2 4 5 1 0 2 3 1 0 2 3 0 5 3 4 0 1 4 3 0 4 1 0 1 2 0 4 5 3 4 1 4 5 3 0 1 2 2 3 5 3 4 2 4 5 1 2 5 0 | 18 25  0 7 1 0 12 1 0 14 1 1 8 1 1 12 1 1 13 1 2 9 2 2 15 1 3 10 1 3 12 1 3 17 1 4 10 2 4 16 1 5 11 1 5 13 1 5 15 1 6 11 1 6 14 1 6 15 1 7 13 1 7 17 1 8 14 1 8 17 1 9 16 1 11 16 1
R 95041 54 81 6 2164 3 4 5 2 4 5 1 0 3 1 0 2 0 4 3 0 2 1 1 2 3 3 5 4 3 4 5 2 5 1 0 2 5 1 0 5 1 0 4 2 0 1 0 3 2 1 5 3 0 3 2 1 2 3 0 1 2 0 1 3 2 4 5 3 5 4 2 5 1 3 4 5 4 5 2 1 0 0 4 3 4 | 18 26  0 6 1 0 10 1 0 12 1 1 7 2 1 11 1 2 8 1 2 13 1 2 17 1 3 9 1 3 14 1 3 15 1 4 11 1 4 13 1 4 14 1 5 12 1 5 14 1 5 16 1 6 10 1 6 12 1 7 15 1 8 16 1 8 17 1 9 15 1 9 16 1 10 13 1 11 17 1
R 22882 54 81 6 285 3 4 5 4 5 3 0 3 2 0 1 4 0 2 1 4 3 5 1 2 5 0 1 2 1 2 3 2 3 5 0 5 4 5 3 2 0 2 3 1 0 4 5 0 2 3 1 4 0 3 1 0 2 4 0 1 2 0 1 2 4 5 1 3 2 5 4 3 5 0 1 2 4 3 0 5 4 3 4 5 1 | 18 25  0 8 1 0 12 1 0 13 1 1 9 1 1 10 2 2 9 1 2 13 1 2 14 1 3 10 1 3 15 1 3 17 1 4 11 1 4 14 1 4 16 1 5 11 2 5 16 1 6 12 1 6 13 1 6 15 1 7 12 1 7 16 1 7 17 1 8 14 1 8 15 1 9 17 1
R 7122 54 81 6 102 3 1 2 0 2 3 0 2 1 1 2 3 5 0 4 2 3 5 4 0 3 0 1 4 0 2 1 3 4 5 1 2 3 4 0 3 4 2 1 0 5 3 0 2 5 4 1 5 4 1 2 0 1 3 4 5 0 1 4 5 5 3 4 5 0 4 1 2 3 0 1 4 5 1 2 2 3 5 3 2 0 | 18 25  0 8 2 0 9 1 1 9 1 1 10 1 1 16 1 2 10 1 2 12 1 2 13 1 3 11 1 3 16 1 3 17 1 4 11 2 4 16 1 5 12 1 5 13 1 5 14 1 6 12 1 6 14 1 6 15 1 7 13 1 7 14 1 7 17 1 8 15 1 9 17 1 10 15 1
R 7820 54 81 6 200 1 2 3 0 4 2 2 4 5 1 3 0 0 3 4 1 2 4 2 0 1 3 1 5 3 4 5 0 2 1 0 1 2 4 2 3 5 1 4 4 1 3 2 0 5 1 3 0 3 0 2 5 0 3 0 4 5 3 5 1 3 0 1 5 2 4 1 5 2 0 5 3 3 5 4 0 2 4 1 2 4 | 18 24  0 8 1 0 9 2 1 9 1 1 15 1 1 17 1 2 10 1 2 13 1 2 14 1 3 10 1 3 13 1 3 14 1 4 11 1 4 13 1 4 15 1 5 11 2 5 14 1 6 12 1 6 16 1 6 17 1 7 12 2 7 16 1 8 16 1 8 17 1 10 15 1
R 14081 54 81 6 347 3 1 2 1 4 5 0 2 3 3 0 4 0 2 3 4 1 2 0 3 4 1 0 2 0 2 1 3 2 4 4 0 5 1 0 2 3 4 5 2 1 0 4 3 1 2 0 5 1 0 4 4 0 1 4 5 0 0 3 2 1 5 4 1 2 5 1 4 5 3 5 0 2 5 1 3 4 5 3 3 2 | 18 21  0 8 2 0 12 1 1 9 1 1 10 1 1 16 1 2 9 2 2 11 1 3 10 2 3 11 1 4 12 1 4 13 1 4 17 1 5 13 2 5 14 1 6 14 2 6 15 1 7 15 2 7 16 1 8 16 1 11 17 1 12 17 1
R 26240 54 81 6 75 3 1 2 2 3 0 4 2 1 0 3 2 2 4 5 0 1 5 3 4 2 3 0 1 0 2 1 1 0 3 1 2 0 2 4 0 3 1 2 4 2 0 3 4 5 0 4 3 5 1 4 2 1 3 4 5 0 4 5 1 5 0 3 4 1 5 3 1 0 3 2 4 1 5 0 4 5 2 3 2 5 | 18 25  0 8 2 0 14 1 1 9 1 1 12 1 1 13 1 2 9 1 2 12 1 2 13 1 3 10 1 3 14 1 3 15 1 4 10 1 4 15 1 4 17 1 5 11 1 5 15 1 5 17 1 6 11 2 6 16 1 7 12 1 7 13 1 7 14 1 8 16 1 9 16 1 10 17 1
R 73142 54 81 6 191 3 4 5 0 1 2 1 2 0 3 0 4 1 0 4 3 4 5 2 5 0 1 2 3 2 3 1 0 2 3 4 2 1 5 4 2 1 0 4 1 3 0 2 3 0 3 2 4 0 4 1 1 3 4 0 1 2 4 3 5 4 3 5 5 2 1 3 5 2 0 1 2 4 1 3 4 5 5 0 5 0 | 18 26  0 7 1 0 9 1 0 12 1 1 8 1 1 12 1 1 16 1 2 9 1 2 10 1 2 13 1 3 10 1 3 13 1 3 14 1 4 11 1 4 15 1 4 17 1 5 11 2 5 16 1 6 13 1 6 15 1 6 16 1 7 14 1 7 17 1 8 14 1 8 15 1 9 12 1 10 17 1
R 25848 54 81 6 484 3 4 5 1 0 2 2 3 4 0 1 2 5 3 1 1 2 4 5 0 3 0 1 4 1 2 3 4 2 5 4 2 1 3 0 4 0 2 3 0 1 5 3 0 5 2 0 3 3 1 2 0 4 1 0 1 2 3 4 5 0 1 5 3 5 4 0 4 2 5 0 3 1 2 4 5 3 2 4 5 1 | 18 25  0 8 1 0 12 1 0 13 1 1 9 1 1 12 1 1 16 1 2 9 1 2 14 1 2 15 1 3 10 2 3 13 1 4 10 1 4 15 1 4 17 1 5 11 1 5 16 1 5 17 1 6 11 2 6 16 1 7 12 1 7 13 1 7 14 1 8 14 1 8 17 1 9 15 1
R 89039 54 81 6 186 3 4 5 1 0 3 0 1 2 3 4 2 5 0 1 4 1 2 0 4 2 1 2 3 3 5 0 0 2 5 2 3 0 2 1 0 1 0 4 1 4 2 4 0 1 0 1 4 4 2 3 4 0 3 0 1 2 4 2 5 4 3 5 1 0 5 4 3 2 3 5 0 3 5 1 4 5 2 1 3 5 | 18 26  0 7 1 0 9 1 0 12 1 1 8 1 1 14 1 1 16 1 2 10 1 2 12 1 2 17 1 3 10 1 3 13 1 3 15 1 4 11 1 4 15 1 4 17 1 5 11 2 5 16 1 6 13 1 6 14 1 6 17 1 7 9 1 7 12 1 8 15 1 8 16 1 9 14 1 10 13 1
R 94303 54 81 6 88 3 4 5 2 0 1 3 2 4 3 5 4 1 5 2 0 3 1 1 2 3 5 1 0 1 0 2 1 2 4 2 0 1 0 2 3 3 4 1 3 1 5 2 0 3 0 1 5 3 0 2 0 4 1 0 1 2 3 5 4 5 0 1 0 1 2 3 4 0 4 5 2 4 5 2 4 4 3 5 3 5 | 18 27  0 6 1 0 11 1 0 13 1 1 7 1 1 12 1 1 13 1 2 8 1 2 13 1 2 16 1 3 9 1 3 14 1 3 15 1 4 10 1 4 11 1 4 12 1 5 10 1 5 16 1 5 17 1 6 16 1 6 17 1 7 12 1 7 14 1 8 15 1 8 17 1 9 14 1 9 15 1 10 11 1
R 29317 54 81 6 1575 3 4 5 1 3 0 0 3 2 1 0 2 3 4 5 0 1 5 2 4 5 2 4 1 1 2 3 2 0 1 5 4 2 5 4 3 0 2 5 0 1 3 1 4 0 4 3 5 2 1 0 1 2 0 0 1 2 4 2 5 5 1 4 3 4 5 0 1 2 2 4 3 0 1 3 5 3 0 4 5 3 | 18 25  0 8 1 0 12 1 0 13 1 1 9 1 1 15 1 1 17 1 2 9 1 2 15 1 2 17 1 3 10 1 3 13 1 3 14 1 4 10 2 4 14 1 5 11 1 5 16 1 5 17 1 6 11 2 6 16 1 7 13 1 7 14 1 7 15 1 8 12 1 8 16 1 9 12 1
R 33052 54 81 6 75 3 4 5 0 2 4 1 3 2 0 2 3 5 1 4 1 2 0 1 0 4 0 2 4 1 2 3 4 1 5 4 3 2 1 3 0 0 3 4 0 2 4 1 0 4 2 0 1 0 1 2 5 0 3 0 1 2 3 5 1 0 5 4 1 5 4 0 3 2 5 3 4 2 3 5 3 5 1 5 4 2 | 18 26  0 8 1 0 13 1 0 14 1 1 9 1 1 11 1 1 12 1 2 9 1 2 13 1 2 16 1 3 10 2 3 11 1 4 10 1 4 16 1 4 17 1 5 12 1 5 13 1 5 17 1 6 12 1 6 15 1 6 16 1 7 14 1 7 15 1 7 17 1 8 14 1 8 15 1 9 11 1
R 79876 54 81 6 141 1 2 3 3 1 0 0 5 2 1 0 4 1 3 4 0 4 2 0 3 2 3 4 5 2 0 1 4 3 5 5 1 4 0 2 1 2 0 1 3 0 5 3 4 1 3 0 1 0 2 4 0 5 3 0 4 5 4 5 2 1 3 4 2 3 5 0 2 5 3 5 1 5 1 4 1 2 3 0 2 4 | 18 25  0 7 1 0 11 2 1 8 2 1 14 1 2 9 1 2 10 1 2 13 1 3 9 1 3 12 1 3 14 1 4 10 1 4 15 1 4 16 1 5 11 1 5 15 1 5 17 1 6 12 1 6 13 1 6 15 1 7 16 1 7 17 1 8 16 1 9 14 1 10 13 1 12 17 1
R 58467 54 81 6 290 3 4 5 1 0 2 2 5 4 5 1 2 0 3 1 1 0 4 2 4 3 1 2 3 3 2 0 1 4 5 2 0 1 3 1 5 4 3 0 0 2 3 1 0 4 0 2 3 4 0 3 2 1 5 0 1 2 4 5 3 0 3 1 3 0 4 4 2 5 2 5 3 1 5 0 5 4 1 2 5 4 | 18 24  0 7 1 0 13 1 0 14 1 1 8 2 1 14 1 2 9 2 2 15 1 3 10 1 3 11 1 3 13 1 4 10 1 4 12 2 5 11 1 5 15 1 5 17 1 6 12 1 6 16 1 6 17 1 7 14 1 7 17 1 8 16 1 9 16 1 10 13 1 11 15 1
R 4706 54 81 6 932 3 4 5 0 4 5 3 0 1 4 2 1 5 2 0 1 2 4 1 2 0 2 0 3 1 2 3 2 5 4 1 2 0 0 2 1 0 2 5 0 1 3 2 0 4 3 1 4 5 3 2 3 4 1 0 1 2 1 3 2 4 5 2 3 5 0 3 4 1 3 5 0 4 3 5 5 1 4 4 5 0 | 18 24  0 8 1 0 12 1 0 13 1 1 9 2 1 15 1 2 10 1 2 11 1 2 17 1 3 10 2 3 15 1 4 11 2 4 16 1 5 12 1 5 14 1 5 17 1 6 13 1 6 14 1 6 15 1 7 13 1 7 14 1 7 16 1 8 12 1 8 17 1 9 16 1
R 60750 54 81 6 1642 3 4 5 0 4 2 0 3 1 0 1 2 3 4 1 0 2 3 4 3 5 1 2 3 1 2 0 5 1 2 3 2 1 5 3 1 0 2 5 1 0 4 3 0 4 2 0 4 2 4 5 0 3 1 0 1 2 5 3 1 4 2 5 4 5 3 0 5 2 4 1 5 0 2 1 4 5 3 4 3 0 | 18 25  0 7 1 0 12 1 0 13 1 1 8 1 1 13 1 1 14 1 2 9 1 2 14 1 2 15 1 3 10 2 3 12 1 4 10 1 4 13 1 4 17 1 5 11 1 5 15 1 5 17 1 6 11 2 6 16 1 7 12 1 7 14 1 8 16 1 8 17 1 9 15 1 9 16 1
R 29476 54 81 6 1071 3 4 5 1 3 2 0 4 2 2 1 4 0 3 5 0 1 4 1 2 5 0 3 5 1 2 3 2 4 1 5 3 4 0 2 3 1 0 2 1 0 4 5 0 3 1 3 2 0 3 1 2 0 4 0 1 2 0 4 5 3 5 1 0 5 3 1 2 4 5 3 2 3 4 0 4 2 1 4 5 5 | 18 26  0 8 1 0 11 1 0 13 1 1 9 1 1 11 1 1 12 1 2 9 1 2 13 1 2 14 1 3 10 1 3 16 1 3 17 1 4 10 2 4 16 1 5 11 1 5 12 1 5 14 1 6 13 1 6 14 1 6 15 1 7 15 1 7 16 1 7 17 1 8 12 1 8 17 1 9 15 1
R 31492 54 81 6 7451 3 4 5 0 4 2 1 3 5 1 2 5 3 0 5 1 3 2 0 1 4 0 2 1 1 2 3 2 1 0 0 5 2 4 3 5 0 1 3 0 2 3 1 0 2 1 3 4 0 1 4 1 2 3 0 1 2 3 1 5 4 2 0 3 4 0 1 2 4 0 4 5 2 3 5 4 5 3 4 5 5 | 18 26  0 8 1 0 13 1 0 15 1 1 9 1 1 11 1 1 12 1 2 9 1 2 12 1 2 17 1 3 10 2 3 15 1 4 10 1 4 16 1 4 17 1 5 11 1 5 13 1 5 14 1 6 11 1 6 14 1 6 17 1 7 12 1 7 15 1 7 16 1 8 14 1 8 16 1 9 13 1
R 45727 54 81 6 3505 3 4 5 0 5 4 0 2 3 1 2 3 1 3 5 0 1 4 0 2 5 1 2 3 1 4 0 4 3 2 0 2 3 2 5 0 4 5 3 1 0 2 0 1 2 3 0 1 3 1 4 2 4 1 0 1 2 2 1 3 1 5 4 4 0 5 4 2 0 2 3 5 1 3 4 4 5 5 3 0 5 | 18 25  0 7 1 0 10 1 0 16 1 1 8 1 1 11 2 2 9 2 2 14 1 3 10 1 3 12 1 3 13 1 4 11 1 4 15 1 4 17 1 5 12 1 5 13 1 5 14 1 6 12 1 6 14 1 6 15 1 7 13 1 7 15 1 8 16 1 8 17 1 9 16 1 10 17 1
R 69896 54 81 6 75 3 4 5 0 3 2 1 2 0 3 0 4 3 5 4 1 0 2 2 0 1 1 2 3 1 2 0 0 2 3 1 3 4 4 5 0 2 0 3 1 0 4 3 1 2 0 5 2 1 0 4 1 3 4 0 1 2 4 5 1 4 5 3 2 1 5 1 2 0 4 5 3 3 5 4 4 5 3 5 0 2 | 18 24  0 7 1 0 9 1 0 16 1 1 8 1 1 10 1 1 15 1 2 9 2 2 11 1 3 10 1 3 12 1 3 14 1 4 11 1 4 13 1 4 17 1 5 12 2 5 16 1 6 13 2 6 14 1 7 15 1 7 16 1 8 15 1 8 17 1 10 14 1 11 17 1
R 10609 54 81 6 1095334 3 1 2 0 2 3 1 2 5 0 3 4 0 3 4 2 4 5 2 1 0 1 0 2 0 2 1 3 4 5 4 5 2 5 4 1 2 3 1 0 2 3 1 2 3 1 0 4 2 0 5 4 0 1 4 5 0 1 4 5 3 4 0 1 5 2 2 5 1 0 3 1 5 3 4 4 5 3 3 2 0 | 18 25  0 8 2 0 9 1 1 9 1 1 14 1 1 17 1 2 10 1 2 12 1 2 14 1 3 10 1 3 14 1 3 15 1 4 11 1 4 12 1 4 13 1 5 11 2 5 16 1 6 13 1 6 15 1 6 16 1 7 13 1 7 15 1 7 17 1 8 16 1 9 17 1 10 12 1
R 47003 54 81 6 493 3 4 5 0 1 2 2 1 3 1 2 0 3 4 5 5 1 4 0 2 4 1 2 3 2 3 0 4 3 1 0 2 3 5 4 2 4 2 1 1 0 4 3 0 4 0 2 1 3 4 0 3 1 0 0 1 2 4 3 5 0 5 4 4 3 5 0 1 2 0 3 2 3 5 1 5 4 1 5 2 5 | 18 24  0 7 1 0 10 1 0 13 1 1 8 1 1 13 1 1 16 1 2 9 2 2 15 1 3 10 1 3 11 1 3 17 1 4 11 2 4 14 1 5 12 1 5 15 1 5 17 1 6 12 2 6 16 1 7 13 1 7 17 1 8 14 1 8 15 1 9 16 1 10 14 1
R 26949 54 81 6 274 3 4 5 0 1 2 4 3 2 0 5 4 1 5 2 3 0 5 1 4 5 1 2 0 1 2 3 2 3 0 3 1 0 5 4 2 0 2 5 1 0 4 1 4 2 0 2 5 0 3 1 1 3 4 0 1 2 4 3 5 1 5 0 2 3 1 4 3 0 1 4 2 0 3 2 3 4 5 4 5 5 | 18 25  0 8 1 0 12 1 0 13 1 1 9 1 1 13 1 1 16 1 2 9 2 2 14 1 3 10 1 3 14 1 3 15 1 4 10 1 4 15 1 4 17 1 5 11 1 5 16 1 5 17 1 6 11 2 6 16 1 7 12 1 7 15 1 7 17 1 8 12 1 8 13 1 10 14 1
R 45477 54 81 6 402 3 1 2 3 4 5 1 2 4 0 2 3 0 2 3 2 4 1 4 3 0 0 2 1 5 0 2 0 3 1 3 4 5 1 4 3 1 2 0 0 2 1 4 5 3 5 1 3 2 0 4 5 1 0 4 5 0 1 0 2 5 3 0 1 4 5 5 4 1 3 0 5 5 2 1 3 4 3 2 4 2 | 18 25  0 7 2 0 10 1 1 8 1 1 11 2 2 9 1 2 13 1 2 15 1 3 10 1 3 12 1 3 13 1 4 11 1 4 13 1 4 14 1 5 12 1 5 14 1 5 16 1 6 12 1 6 15 1 6 16 1 7 16 1 8 15 1 8 17 1 9 14 1 9 17 1 10 17 1
R 3677 54 81 6 1441 3 1 2 2 3 4 0 1 4 2 5 3 0 3 5 0 4 3 1 0 2 5 1 2 0 2 1 5 4 3 3 4 1 2 0 1 3 4 1 0 5 2 0 2 3 2 0 4 4 1 5 1 0 3 4 5 0 0 1 5 2 5 3 0 1 4 4 1 2 2 5 1 3 4 5 3 0 4 3 2 5 | 18 22  0 8 2 0 12 1 1 9 2 1 15 1 2 10 2 2 11 1 3 10 1 3 13 2 4 11 1 4 15 1 4 17 1 5 12 2 5 14 1 6 13 1 6 14 1 6 17 1 7 15 1 7 16 1 7 17 1 8 16 1 9 16 1 11 14 1
R 81756 54 81 6 88 1 2 3 1 2 3 0 3 2 0 1 2 0 4 1 0 4 2 0 1 5 3 4 5 3 0 2 2 5 4 1 5 2 0 2 1 3 1 2 0 2 1 3 1 0 4 5 3 2 3 4 5 0 3 0 4 5 5 4 0 1 4 5 3 5 4 3 2 5 3 5 1 4 3 2 1 2 4 1 0 0 | 18 26  0 7 1 0 11 2 1 8 1 1 13 1 1 15 1 2 9 1 2 10 1 2 13 1 3 9 1 3 14 1 3 17 1 4 10 1 4 15 1 4 16 1 5 11 1 5 12 1 5 17 1 6 12 1 6 13 1 6 14 1 7 16 1 7 17 1 8 14 1 8 15 1 9 12 1 10 16 1
R 80271 54 81 6 81 1 2 3 0 2 1 1 0 2 3 4 5 0 5 2 0 4 1 2 3 4 3 4 5 1 5 0 2 4 0 3 4 2 0 2 1 3 4 0 4 2 1 1 3 5 4 1 5 0 4 2 1 3 0 0 4 5 4 3 5 3 5 4 1 0 2 1 4 3 3 2 5 1 0 5 1 2 2 3 5 0 | 18 25  0 7 1 0 11 2 1 8 1 1 13 1 1 16 1 2 9 1 2 10 1 2 17 1 3 9 1 3 13 1 3 14 1 4 10 1 4 14 1 4 15 1 5 11 1 5 12 2 6 12 1 6 14 1 6 17 1 7 16 1 7 17 1 8 15 1 8 16 1 9 13 1 10 15 1
R 7567 54 81 6 4871 3 4 5 1 2 5 0 1 2 3 5 4 0 4 1 5 1 2 2 3 4 5 0 3 1 2 3 0 2 3 4 5 0 2 1 3 1 4 3 0 1 4 3 1 4 3 5 2 0 5 2 2 0 1 0 1 2 4 3 0 3 5 4 1 2 0 5 2 3 0 4 3 0 5 1 2 1 4 4 5 5 | 18 24  0 8 1 0 9 1 0 13 1 1 9 1 1 13 1 1 14 1 2 10 1 2 13 1 2 15 1 3 10 2 3 15 1 4 11 1 4 14 1 4 17 1 5 11 2 5 16 1 6 12 2 6 15 1 7 12 1 7 16 1 7 17 1 8 16 1 8 17 1 9 14 1
R 79678 54 81 6 124 3 1 2 2 3 5 2 1 4 3 5 4 3 0 1 0 2 3 0 1 2 0 2 1 0 1 3 4 5 2 1 0 2 3 4 5 1 5 3 4 0 1 0 3 2 0 1 5 1 2 4 3 0 1 4 5 0 4 1 0 0 3 5 1 0 2 5 2 4 1 5 4 4 3 5 3 2 5 3 4 2 | 18 25  0 7 2 0 11 1 1 8 1 1 14 1 1 16 1 2 9 1 2 10 1 2 14 1 3 9 1 3 12 2 4 10 1 4 13 1 4 14 1 5 11 1 5 13 1 5 15 1 6 12 1 6 16 1 6 17 1 7 15 1 8 15 1 8 16 1 9 13 1 10 17 1 11 17 1
R 40786 54 81 6 111455 1 2 3 2 0 1 0 3 5 5 1 3 0 4 1 2 4 0 1 2 4 3 4 5 4 1 0 4 5 3 3 4 2 0 2 1 3 4 0 3 2 0 1 2 5 3 1 4 0 4 1 0 5 3 0 4 5 3 5 4 1 2 4 0 2 4 3 2 5 1 3 5 5 0 3 1 2 2 0 5 1 | 18 24  0 7 1 0 11 2 1 8 2 1 13 1 2 9 2 2 14 1 3 10 1 3 16 1 3 17 1 4 11 1 4 12 1 4 13 1 5 12 1 5 14 1 5 15 1 6 12 1 6 14 1 6 16 1 7 13 1 7 17 1 8 15 1 9 15 1 10 16 1 10 17 1
R 74640 54 81 6 4809 3 1 2 2 0 4 0 2 3 1 0 3 2 5 3 1 2 4 0 1 3 0 2 1 4 5 0 3 4 5 3 4 0 3 4 2 1 0 2 1 0 2 1 0 4 2 0 5 1 3 4 0 1 3 4 5 0 1 3 5 1 4 5 2 5 4 1 0 4 0 3 5 5 2 4 3 3 2 2 5 1 | 18 26  0 7 2 0 9 1 1 8 1 1 12 1 1 16 1 2 9 1 2 12 1 2 13 1 3 10 1 3 12 1 3 13 1 4 10 1 4 16 1 4 17 1 5 11 1 5 13 1 5 14 1 6 11 1 6 14 1 6 15 1 7 14 1 8 15 1 8 16 1 9 17 1 10 17 1 11 15 1
R 19502 54 81 6 429 3 4 5 4 1 3 1 3 5 2 0 1 4 5 3 2 0 1 2 0 1 4 0 2 1 2 3 2 3 5 0 1 4 1 0 5 2 5 4 4 3 1 3 0 2 2 0 3 3 2 0 1 0 4 0 1 2 0 2 5 4 0 2 3 4 5 2 0 1 3 4 5 3 4 5 5 1 3 4 5 1 | 18 23  0 8 1 0 15 1 0 17 1 1 9 1 1 10 2 2 9 1 2 13 2 3 10 1 3 14 1 3 15 1 4 11 1 4 12 2 5 11 2 5 14 1 6 12 1 6 15 1 6 16 1 7 13 1 7 16 1 7 17 1 8 16 1 8 17 1 9 14 1
R 69295 54 81 6 83 3 4 5 0 3 1 0 3 4 1 2 4 0 2 1 3 4 0 5 2 1 1 2 3 1 2 5 5 1 3 0 2 5 0 1 3 3 4 1 2 4 3 2 1 4 0 3 1 2 1 4 5 2 0 0 1 2 4 2 5 2 1 5 3 5 0 4 3 5 2 5 1 4 0 3 4 5 0 3 0 4 | 18 27  0 7 1 0 10 1 0 11 1 1 8 1 1 12 1 1 13 1 2 9 1 2 13 1 2 14 1 3 10 1 3 11 1 3 12 1 4 11 1 4 14 1 4 15 1 5 15 1 5 16 1 5 17 1 6 15 1 6 16 1 6 17 1 7 10 1 7 12 1 8 13 1 8 16 1 9 14 1 9 17 1
R 55844 54 81 6 205 1 2 3 1 4 5 0 2 3 0 4 2 0 5 3 4 5 1 2 0 1 3 4 5 2 0 1 1 3 2 0 2 1 2 3 4 1 0 3 4 0 1 2 4 5 3 1 4 0 3 2 5 0 3 0 4 5 3 0 2 4 1 5 3 5 1 4 2 1 3 0 2 3 5 4 1 2 5 4 5 0 | 18 26  0 7 1 0 10 2 1 8 1 1 11 1 1 12 1 2 9 1 2 11 1 2 13 1 3 10 1 3 15 1 3 17 1 4 12 1 4 13 1 4 14 1 5 13 1 5 14 1 5 15 1 6 14 1 6 16 1 6 17 1 7 16 1 7 17 1 8 11 1 8 16 1 9 12 1 9 15 1
R 25897 54 81 6 55874 3 4 5 1 3 2 4 0 5 0 1 2 3 4 5 0 1 4 2 3 5 0 1 5 1 2 3 5 0 3 2 3 0 5 3 4 4 2 5 1 0 4 0 3 1 4 1 2 1 3 0 0 2 1 0 1 2 4 0 5 1 2 3 4 3 5 1 2 0 2 5 3 0 1 4 3 4 2 5 4 5 | 18 25  0 8 1 0 12 1 0 13 1 1 9 1 1 12 1 1 15 1 2 9 2 2 15 1 3 10 1 3 13 1 3 14 1 4 10 1 4 14 1 4 15 1 5 11 1 5 16 1 5 17 1 6 11 2 6 16 1 7 12 1 7 14 1 7 16 1 8 13 1 8 17 1 10 17 1
R 59200 54 81 6 156 3 4 5 1 0 2 1 2 4 2 0 1 4 5 1 5 0 4 1 2 3 1 2 3 2 4 0 0 4 5 1 5 2 4 0 1 0 2 5 0 1 4 3 5 2 0 1 3 3 4 5 4 2 0 0 1 2 5 3 4 3 0 5 4 5 3 0 3 2 2 3 1 4 0 5 4 5 3 1 2 1 | 18 25  0 7 1 0 12 1 0 13 1 1 8 1 1 12 1 1 14 1 2 9 1 2 14 1 2 15 1 3 10 1 3 11 1 3 17 1 4 10 2 4 16 1 5 11 2 5 16 1 6 15 1 6 16 1 6 17 1 7 12 1 7 13 1 8 13 1 8 14 1 9 15 1 9 17 1
R 26261 54 81 6 2683 3 4 5 1 4 2 3 0 5 0 4 2 5 3 2 3 0 1 4 1 5 0 1 2 1 2 3 2 0 1 2 3 1 5 1 3 0 4 2 3 1 4 0 2 3 1 0 4 0 4 2 3 0 5 0 1 2 3 5 0 4 1 2 5 3 1 0 4 1 4 5 2 0 2 3 3 5 4 5 4 5 | 18 25  0 8 1 0 14 1 0 15 1 1 9 1 1 12 1 1 13 1 2 9 1 2 12 1 2 13 1 3 10 1 3 15 1 3 17 1 4 10 2 4 16 1 5 11 1 5 16 1 5 17 1 6 11 2 6 16 1 7 12 1 7 13 1 7 14 1 8 15 1 8 17 1 9 14 1
R 16005 54 81 6 814 1 2 3 1 5 2 0 3 2 4 0 5 0 4 1 2 4 3 2 0 1 3 4 5 3 4 5 2 0 4 5 0 3 0 2 1 3 4 0 5 4 1 1 3 2 4 0 2 0 2 3 4 1 3 0 4 5 3 4 0 1 4 5 1 2 3 3 2 5 1 5 0 3 4 5 0 2 1 1 2 5 | 18 23  0 8 1 0 11 2 1 9 1 1 10 1 1 17 1 2 9 1 2 14 1 2 15 1 3 10 2 3 15 1 4 11 1 4 12 1 4 16 1 5 12 2 5 14 1 6 13 1 6 16 1 6 17 1 7 13 2 7 16 1 8 15 1 8 17 1 9 14 1
R 77684 54 81 6 436 3 4 5 4 1 5 2 1 0 0 2 4 0 4 2 5 1 3 0 3 1 1 2 3 5 3 0 0 2 3 3 4 2 1 0 4 2 1 3 1 0 2 0 2 1 3 4 5 1 5 2 3 4 0 0 1 2 2 3 0 4 3 5 1 5 3 5 3 1 4 0 2 5 2 4 4 5 4 1 5 0 | 18 27  0 7 1 0 9 1 0 11 1 1 8 1 1 14 1 1 15 1 2 9 1 2 11 1 2 17 1 3 10 1 3 12 1 3 13 1 4 10 1 4 16 1 4 17 1 5 12 1 5 16 1 5 17 1 6 13 1 6 15 1 6 16 1 7 13 1 7 14 1 8 14 1 8 15 1 9 11 1 10 12 1
R 64648 54 81 6 148 3 4 5 0 1 2 2 5 4 0 4 3 1 2 5 1 2 4 0 1 3 1 2 3 5 4 0 1 3 2 1 3 4 0 2 5 1 0 3 3 4 1 3 0 4 2 0 5 2 0 1 0 3 2 0 1 2 3 4 5 0 1 3 2 5 1 0 3 4 3 5 0 2 4 5 4 5 2 1 5 4 | 18 26  0 7 1 0 11 1 0 12 1 1 8 1 1 12 1 1 13 1 2 9 1 2 14 1 2 15 1 3 10 2 3 15 1 4 10 1 4 16 1 4 17 1 5 11 1 5 12 1 5 13 1 6 14 1 6 16 1 6 17 1 7 11 1 7 16 1 8 13 1 8 17 1 9 14 1 9 15 1
R 75746 54 81 6 151349 3 4 5 1 0 4 1 2 0 0 4 2 5 0 3 4 1 3 5 0 3 1 2 3 5 4 1 0 2 3 1 3 4 3 0 4 1 0 4 2 5 1 2 3 4 1 2 5 1 2 0 3 4 0 0 1 2 2 5 3 4 3 5 5 3 1 2 4 1 5 0 2 1 2 4 4 5 0 3 5 0 | 18 26  0 7 1 0 9 1 0 12 1 1 8 1 1 14 1 1 15 1 2 9 1 2 13 1 2 17 1 3 10 1 3 12 1 3 17 1 4 10 1 4 13 1 4 14 1 5 11 1 5 15 1 5 17 1 6 11 2 6 16 1 7 15 1 7 16 1 8 14 1 8 16 1 9 12 1 10 13 1
R 5147 54 81 6 343 3 4 5 3 1 2 0 1 2 3 4 1 2 0 4 5 3 4 0 1 3 4 0 2 1 2 3 4 2 1 4 2 1 4 3 2 0 2 3 0 3 5 1 5 0 0 4 1 1 0 4 3 0 2 0 1 2 0 5 4 3 5 4 0 2 5 5 3 1 0 1 2 5 2 4 1 3 5 4 5 3 | 18 24  0 8 1 0 12 1 0 13 1 1 9 2 1 13 1 2 10 2 2 12 1 3 10 1 3 15 1 3 17 1 4 11 1 4 15 1 4 17 1 5 11 2 5 16 1 6 12 1 6 14 1 6 17 1 7 13 1 7 14 1 7 15 1 8 14 1 8 16 1 9 16 1
R 40585 54 81 6 213 3 1 2 1 0 3 1 2 0 0 2 3 0 4 3 2 5 4 1 2 0 0 2 1 5 3 1 0 3 1 1 3 2 3 4 1 2 0 4 1 4 3 0 2 3 4 0 5 4 1 5 1 2 4 4 5 0 4 5 2 4 3 5 4 5 1 2 5 1 1 0 3 4 3 5 3 2 0 5 2 0 | 18 24  0 7 2 0 11 1 1 8 1 1 12 1 1 16 1 2 9 1 2 12 1 2 13 1 3 10 2 3 15 1 4 11 2 4 14 1 5 12 1 5 13 1 5 17 1 6 14 1 6 15 1 6 17 1 7 16 1 8 13 1 8 17 1 9 14 1 9 15 1 10 16 1
R 18922 54 81 6 115 3 1 2 3 0 2 2 5 4 4 5 0 3 0 1 2 5 3 1 3 4 2 1 0 0 2 1 1 2 0 0 1 2 3 5 2 4 3 2 2 3 0 3 4 5 1 3 0 1 0 5 2 1 4 4 5 0 4 5 1 3 0 1 3 1 2 4 5 2 1 4 0 0 5 2 5 4 3 3 5 4 | 18 24  0 8 2 0 14 1 1 9 1 1 10 1 1 14 1 2 9 1 2 11 2 3 10 1 3 13 1 3 15 1 4 11 1 4 13 1 4 14 1 5 12 1 5 15 1 5 17 1 6 12 2 6 16 1 7 15 1 7 16 1 7 17 1 8 16 1 9 17 1 10 13 1
R 54100 54 81 6 129 1 2 3 2 3 4 2 5 4 0 4 1 1 2 0 5 0 1 3 0 2 3 4 5 4 5 1 3 1 2 0 2 1 3 0 4 0 1 2 2 0 5 5 4 0 3 0 1 2 0 4 1 3 0 0 4 5 0 1 5 0 3 1 3 2 5 5 3 4 4 2 3 4 1 5 1 2 3 2 4 5 | 18 26  0 7 1 0 10 2 1 8 1 1 11 1 1 16 1 2 9 1 2 12 1 2 13 1 3 10 1 3 11 1 3 12 1 4 11 1 4 14 1 4 17 1 5 12 1 5 15 1 5 16 1 6 13 1 6 14 1 6 15 1 7 16 1 7 17 1 8 13 1 8 14 1 9 15 1 9 17 1
R 63314 54 81 6 128 3 4 5 0 1 2 4 0 5 1 3 4 0 2 4 1 2 3 0 1 4 1 2 3 2 5 0 1 2 5 4 2 1 0 2 3 1 0 4 3 4 2 4 3 5 2 0 1 3 0 5 0 1 4 0 1 2 4 3 5 3 1 2 0 5 2 3 5 1 4 5 0 5 3 2 4 5 1 3 0 4 | 18 26  0 7 1 0 11 1 0 12 1 1 8 1 1 12 1 1 13 1 2 9 1 2 13 1 2 14 1 3 10 1 3 15 1 3 17 1 4 10 2 4 16 1 5 11 1 5 12 1 5 14 1 6 11 1 6 15 1 6 16 1 7 16 1 7 17 1 8 14 1 8 17 1 9 13 1 9 15 1
R 81436 54 81 6 419 3 1 2 5 1 4 1 3 4 2 4 0 0 2 4 0 2 3 1 3 0 0 2 1 0 2 5 0 2 1 3 2 4 3 4 5 1 0 3 1 0 2 0 3 4 5 2 3 4 1 0 1 3 0 4 5 0 3 2 0 5 0 2 3 1 5 1 5 3 1 4 5 5 4 2 3 1 4 4 5 2 | 18 26  0 7 2 0 11 1 1 8 1 1 14 1 1 15 1 2 9 1 2 10 1 2 12 1 3 9 1 3 15 1 3 17 1 4 10 1 4 12 1 4 13 1 5 11 1 5 13 1 5 14 1 6 13 1 6 15 1 6 16 1 7 16 1 8 14 1 8 17 1 9 12 1 10 16 1 11 17 1
R 33878 54 81 6 229 3 4 5 3 4 5 0 1 2 0 3 4 1 2 4 2 0 1 0 1 2 0 3 5 1 2 3 5 2 4 2 4 3 4 1 5 1 3 0 0 2 3 2 1 5 0 1 3 3 0 2 0 1 4 0 1 2 1 2 0 3 5 4 1 5 2 0 5 3 3 4 5 3 4 5 4 1 2 4 5 0 | 18 26  0 8 1 0 13 1 0 15 1 1 9 1 1 11 1 1 14 1 2 9 1 2 12 1 2 13 1 3 10 2 3 12 1 4 10 1 4 15 1 4 17 1 5 11 1 5 12 1 5 13 1 6 14 1 6 15 1 6 16 1 7 14 1 7 16 1 7 17 1 8 16 1 8 17 1 9 11 1
R 36690 54 81 6 691 3 4 5 0 1 2 3 2 4 1 4 3 0 1 2 5 0 1 4 3 2 1 0 4 1 2 3 4 2 5 3 4 0 0 2 3 0 3 1 4 0 2 4 1 5 1 2 4 3 0 2 3 0 1 0 1 2 3 5 4 0 5 1 2 5 0 5 3 4 4 3 2 1 0 5 3 5 2 4 5 1 | 18 27  0 8 1 0 11 1 0 12 1 1 9 1 1 10 1 1 11 1 2 9 1 2 12 1 2 16 1 3 10 1 3 13 1 3 15 1 4 11 1 4 14 1 4 17 1 5 12 1 5 13 1 5 14 1 6 13 1 6 14 1 6 15 1 7 15 1 7 16 1 7 17 1 8 16 1 8 17 1 9 10 1
R 37587 54 81 6 414 3 4 5 0 2 5 0 3 1 3 2 4 0 1 2 3 4 0 0 4 3 1 2 3 1 2 3 2 0 4 4 2 1 2 4 5 1 3 4 3 0 4 4 3 1 3 0 2 3 0 5 0 2 1 0 1 2 4 3 1 5 2 4 0 5 1 3 5 4 1 2 5 2 5 1 0 4 5 5 3 0 | 18 25  0 8 1 0 9 1 0 16 1 1 8 1 1 10 1 1 13 1 2 9 1 2 13 1 2 17 1 3 10 2 3 16 1 4 11 1 4 14 1 4 15 1 5 11 1 5 14 1 5 15 1 6 12 2 6 15 1 7 12 1 7 16 1 7 17 1 8 13 1 9 17 1 11 14 1
R 38297 54 81 6 81 3 4 5 0 2 5 1 0 3 0 4 1 3 1 2 2 3 0 0 3 1 0 2 4 1 2 3 2 0 4 2 1 0 3 4 0 4 5 3 2 1 0 0 3 4 4 1 5 3 1 2 2 1 0 0 1 2 4 3 1 5 4 2 3 2 5 4 5 0 1 4 5 2 5 4 1 5 3 5 3 0 | 18 25  0 8 1 0 9 1 0 14 1 1 8 1 1 13 1 1 14 1 2 9 1 2 13 1 2 15 1 3 10 1 3 11 2 4 10 2 4 15 1 5 11 1 5 16 1 5 17 1 6 12 1 6 14 1 6 17 1 7 12 1 7 16 1 7 17 1 8 13 1 9 15 1 12 16 1
R 17713 54 81 6 109 3 4 5 4 3 2 1 0 2 0 4 1 1 2 0 4 1 5 1 0 3 4 0 2 1 2 3 0 2 3 1 4 2 0 2 3 3 0 5 0 2 4 4 1 2 4 0 1 3 0 5 1 0 4 0 1 2 1 5 0 4 5 3 3 5 2 4 5 3 2 3 0 4 5 2 5 3 1 4 5 1 | 18 24  0 8 1 0 11 1 0 17 1 1 9 2 1 10 1 2 9 1 2 15 1 2 17 1 3 10 2 3 16 1 4 11 2 4 14 1 5 12 1 5 13 1 5 14 1 6 12 1 6 13 1 6 15 1 7 14 1 7 15 1 7 16 1 8 16 1 8 17 1 12 13 1
R 47397 54 81 6 831 3 4 5 2 1 0 3 2 5 1 2 0 3 4 1 1 0 2 4 5 3 1 2 3 3 0 4 1 5 2 0 2 3 4 2 1 3 5 2 3 1 0 4 5 0 0 3 2 0 1 4 1 0 4 0 1 2 5 4 3 0 4 1 4 3 5 0 2 5 4 5 3 0 1 2 4 5 2 1 3 5 | 18 24  0 7 1 0 10 1 0 17 1 1 8 1 1 13 1 1 14 1 2 9 2 2 14 1 3 10 1 3 11 2 4 11 1 4 14 1 4 15 1 5 12 1 5 13 1 5 17 1 6 12 2 6 16 1 7 15 1 7 16 1 8 13 1 8 15 1 9 16 1 10 17 1
R 66562 54 81 6 420 3 4 5 1 3 2 0 1 3 0 1 2 2 4 5 0 3 5 0 4 1 1 2 3 2 4 1 2 3 4 0 2 3 1 0 5 4 0 5 1 0 2 3 1 4 2 0 3 4 1 2 0 5 3 0 1 2 0 4 5 5 4 2 5 3 4 3 0 1 1 2 4 3 5 2 4 5 3 5 1 0 | 18 27  0 7 1 0 10 1 0 11 1 1 8 1 1 10 1 1 13 1 2 9 1 2 11 1 2 12 1 3 10 1 3 16 1 3 17 1 4 11 1 4 14 1 4 17 1 5 12 1 5 14 1 5 15 1 6 13 1 6 16 1 6 17 1 7 13 1 7 14 1 8 12 1 8 15 1 9 15 1 9 16 1
R 65734 54 81 6 554 3 4 5 5 0 2 1 5 2 1 3 4 4 1 3 0 5 3 2 0 1 1 2 3 1 2 0 2 3 4 0 2 5 4 3 2 3 5 2 0 1 4 0 1 3 0 1 4 0 1 3 2 4 0 0 1 2 3 4 1 0 4 3 0 5 2 0 2 5 1 4 2 3 4 5 4 5 5 5 1 3 | 18 23  0 7 1 0 10 1 0 14 1 1 8 2 1 11 1 2 9 1 2 14 1 2 15 1 3 11 2 3 16 1 4 12 1 4 13 2 5 12 2 5 15 1 6 13 1 6 16 1 6 17 1 7 10 1 7 15 1 8 16 1 9 14 1 9 17 1 10 17 1
R 25713 54 81 6 141 3 4 5 1 0 2 1 3 2 0 1 3 2 4 5 2 0 1 3 4 5 0 1 4 1 2 3 4 2 5 4 3 1 5 4 2 0 2 3 1 0 3 0 1 2 3 0 5 3 0 1 2 0 4 0 1 2 3 4 5 0 4 5 2 5 4 0 1 3 3 4 5 0 1 2 5 3 2 4 5 1 | 18 25  0 8 1 0 12 1 0 13 1 1 9 1 1 12 1 1 13 1 2 9 1 2 13 1 2 14 1 3 10 2 3 14 1 4 10 1 4 15 1 4 17 1 5 11 1 5 16 1 5 17 1 6 11 2 6 16 1 7 12 1 7 14 1 7 15 1 8 15 1 8 16 1 9 17 1
R 80831 54 81 6 292 3 1 2 0 2 3 5 2 4 0 1 5 0 1 2 0 2 3 1 3 5 0 2 1 4 3 0 3 0 2 2 1 3 3 4 5 1 2 4 0 1 3 1 0 2 0 1 3 0 1 4 4 0 1 4 5 0 1 5 4 1 0 3 4 3 2 4 5 3 1 4 5 0 4 2 3 2 5 5 5 2 | 18 26  0 7 2 0 11 1 1 8 1 1 12 1 1 13 1 2 9 1 2 10 1 2 14 1 3 9 1 3 12 1 3 13 1 4 10 1 4 13 1 4 17 1 5 11 1 5 14 1 5 15 1 6 12 1 6 15 1 6 16 1 7 16 1 8 15 1 8 16 1 9 17 1 10 14 1 11 17 1
R 887 54 81 6 1476 3 4 5 0 2 1 2 1 0 3 0 5 0 1 2 0 3 1 2 3 4 3 4 5 1 5 0 1 2 3 5 0 2 4 5 1 1 3 0 0 2 3 0 5 2 1 4 3 4 0 1 3 0 5 0 1 2 4 5 3 3 5 4 1 4 2 3 5 4 2 5 4 0 5 1 2 1 0 4 3 2 | 18 25  0 9 1 0 13 1 0 17 1 1 9 2 1 16 1 2 10 1 2 15 1 2 17 1 3 10 2 3 16 1 4 11 1 4 12 1 4 13 1 5 11 1 5 13 1 5 14 1 6 11 1 6 16 1 6 17 1 7 12 1 7 14 1 7 15 1 8 12 1 8 14 1 8 15 1
R 87137 54 81 6 141 3 4 5 0 1 2 1 3 2 0 3 2 1 0 4 1 4 3 0 2 5 1 2 3 3 4 1 2 0 1 2 4 0 0 2 5 0 1 3 3 1 0 2 3 4 4 1 5 0 5 4 3 5 2 0 1 2 5 3 4 4 5 0 5 4 1 3 2 5 5 0 2 4 1 3 4 5 2 0 3 1 | 18 27  0 7 1 0 11 1 0 12 1 1 8 1 1 15 1 1 17 1 2 9 1 2 12 1 2 15 1 3 9 1 3 13 1 3 16 1 4 10 1 4 13 1 4 14 1 5 10 1 5 14 1 5 15 1 6 12 1 6 14 1 6 16 1 7 11 1 7 13 1 8 16 1 8 17 1 9 11 1 10 17 1
R 25182 54 81 6 170 3 4 5 1 2 0 3 4 5 2 4 1 0 1 2 2 0 1 0 2 1 3 0 5 1 2 3 3 0 2 1 4 5 2 1 5 1 0 4 0 2 3 1 0 4 5 0 1 3 0 2 3 0 1 0 1 2 4 5 3 1 0 2 0 3 5 3 5 4 4 3 5 3 4 5 2 1 4 5 4 2 | 18 26  0 8 1 0 13 1 0 14 1 1 9 2 1 10 1 2 9 1 2 11 1 2 12 1 3 10 1 3 15 1 3 16 1 4 11 1 4 12 1 4 13 1 5 11 1 5 12 1 5 13 1 6 14 1 6 16 1 6 17 1 7 15 1 7 16 1 7 17 1 8 14 1 8 15 1 10 17 1
R 91513 54 81 6 279 1 2 3 0 1 3 0 5 2 0 1 5 0 4 1 2 4 5 3 4 5 3 4 1 2 3 0 3 5 1 0 2 1 3 4 0 2 1 0 4 1 2 0 2 4 2 3 0 3 2 5 1 3 4 0 4 5 2 4 5 4 3 1 2 3 4 3 2 5 1 3 0 1 2 0 5 1 5 4 0 5 | 18 26  0 6 1 0 10 2 1 7 1 1 12 1 1 14 1 2 8 1 2 13 1 2 14 1 3 9 1 3 14 1 3 15 1 4 10 1 4 11 1 4 12 1 5 11 1 5 12 1 5 16 1 6 15 1 6 17 1 7 13 1 7 15 1 8 16 1 8 17 1 9 16 1 9 17 1 11 13 1
R 61915 54 81 6 118 3 4 5 1 0 2 1 0 2 1 0 4 5 3 4 0 1 2 4 3 1 1 2 3 2 4 0 2 5 0 4 3 0 0 2 3 0 1 4 0 3 1 0 3 2 0 3 1 5 3 2 1 4 2 0 1 2 3 4 5 3 5 4 5 2 3 1 2 0 5 3 4 2 5 0 4 5 5 1 4 1 | 18 26  0 7 1 0 11 1 0 12 1 1 8 1 1 11 1 1 17 1 2 9 1 2 12 1 2 16 1 3 10 1 3 15 1 3 17 1 4 10 2 4 16 1 5 11 1 5 12 1 5 13 1 6 13 1 6 14 1 6 17 1 7 14 1 7 15 1 8 13 1 8 14 1 9 15 1 9 16 1
R 21543 54 81 6 4567 3 1 2 1 0 4 1 2 5 3 0 2 3 0 1 4 0 3 5 2 0 3 1 4 0 2 1 3 4 5 2 0 1 2 1 3 4 1 5 2 0 3 0 3 5 3 4 5 2 4 0 1 2 4 4 5 0 2 3 5 0 4 3 4 5 1 4 5 2 5 2 1 3 4 1 0 2 5 3 1 0 | 18 24  0 8 2 0 15 1 1 9 1 1 10 1 1 17 1 2 9 1 2 14 1 2 17 1 3 10 2 3 15 1 4 11 1 4 13 1 4 15 1 5 11 1 5 14 1 5 16 1 6 12 1 6 13 1 6 14 1 7 12 2 7 16 1 8 16 1 9 13 1 11 17 1
R 51673 54 81 6 182 3 1 2 0 2 4 0 3 2 0 2 3 5 1 0 4 0 3 1 3 2 0 2 1 3 4 5 2 4 0 3 4 5 3 0 2 2 1 4 1 0 2 1 3 0 3 0 1 1 0 4 4 5 1 4 5 0 1 5 3 1 4 5 1 4 5 4 3 2 1 5 2 5 4 0 3 0 2 5 3 2 | 18 25  0 7 2 0 10 1 1 8 1 1 12 1 1 13 1 2 9 1 2 14 1 2 16 1 3 10 1 3 13 1 3 14 1 4 11 1 4 12 1 4 17 1 5 11 2 5 16 1 6 13 1 6 15 1 6 17 1 7 16 1 8 12 1 8 14 1 9 15 1 9 17 1 10 15 1
R 52965 54 81 6 75 3 1 2 1 0 2 2 3 0 0 2 3 1 2 4 0 1 4 1 0 2 0 2 1 3 2 1 1 0 3 3 4 5 4 0 5 0 3 2 1 3 2 2 4 0 1 2 4 0 1 5 5 1 0 4 5 0 5 4 3 4 5 1 1 5 4 3 5 0 2 5 3 4 5 3 3 0 4 2 2 1 | 18 25  0 7 2 0 10 1 1 8 1 1 12 1 1 17 1 2 9 2 2 14 1 3 10 1 3 15 1 3 16 1 4 11 1 4 12 1 4 13 1 5 11 1 5 13 1 5 14 1 6 13 1 6 14 1 6 15 1 7 16 1 8 15 1 8 17 1 9 16 1 10 17 1 11 12 1
R 53380 54 81 6 432 3 1 2 1 4 0 3 4 5 0 4 3 2 4 1 5 3 0 2 4 0 0 2 1 2 0 1 2 5 3 3 4 1 0 1 2 3 4 0 0 1 4 3 4 1 2 3 5 0 2 4 3 1 2 4 5 0 3 2 5 1 2 0 2 5 1 3 5 0 4 2 1 1 3 5 3 4 5 0 4 5 | 18 25  0 7 2 0 10 1 1 8 1 1 12 1 1 17 1 2 9 1 2 13 1 2 17 1 3 10 2 3 16 1 4 11 1 4 13 1 4 15 1 5 11 1 5 14 1 5 15 1 6 12 1 6 13 1 6 14 1 7 16 1 8 15 1 8 16 1 9 14 1 9 17 1 11 12 1
R 81285 54 81 6 1646 1 2 3 0 1 3 3 4 2 0 1 2 0 4 1 0 4 1 2 5 4 3 4 5 4 3 5 2 0 4 1 0 2 0 2 1 1 2 3 4 2 3 5 4 0 3 1 2 3 0 4 0 3 1 0 4 5 2 4 5 1 5 0 3 4 5 3 2 5 3 2 5 1 3 0 1 2 0 1 5 4 | 18 26  0 7 1 0 11 2 1 8 1 1 12 1 1 13 1 2 9 1 2 10 1 2 12 1 3 9 1 3 15 1 3 16 1 4 10 1 4 14 1 4 15 1 5 11 1 5 16 1 5 17 1 6 13 1 6 14 1 6 15 1 7 16 1 7 17 1 8 13 1 8 14 1 9 12 1 10 17 1
R 29256 54 81 6 14313 3 4 5 1 3 2 0 3 2 1 0 4 2 3 4 0 4 1 2 1 5 1 3 0 1 2 3 2 0 1 3 4 0 5 1 3 0 2 5 0 1 3 1 4 2 3 1 4 4 0 2 0 1 2 0 1 2 4 5 0 5 4 1 2 5 3 1 0 5 2 5 3 0 4 3 5 2 4 4 5 3 | 18 25  0 8 1 0 12 1 0 13 1 1 9 1 1 13 1 1 14 1 2 9 1 2 13 1 2 16 1 3 10 2 3 14 1 4 10 1 4 15 1 4 17 1 5 11 1 5 16 1 5 17 1 6 11 2 6 16 1 7 14 1 7 15 1 7 17 1 8 12 1 8 15 1 9 12 1
R 55065 54 81 6 183 3 1 2 1 4 0 1 2 4 0 2 3 3 4 2 2 0 4 1 2 3 0 2 1 0 2 1 4 3 5 3 4 5 2 4 5 5 3 4 1 2 0 2 0 1 4 0 2 0 1 4 3 1 0 4 5 0 5 3 2 0 3 5 1 4 5 0 1 5 1 3 5 0 5 4 3 3 4 1 2 2 | 18 26  0 7 2 0 10 1 1 8 1 1 11 1 1 12 1 2 9 1 2 14 1 2 16 1 3 10 1 3 13 1 3 15 1 4 11 1 4 12 1 4 17 1 5 11 1 5 13 1 5 14 1 6 12 1 6 13 1 6 14 1 7 16 1 8 15 1 8 17 1 9 15 1 9 16 1 10 17 1
R 28257 54 81 6 548 3 4 5 0 1 2 0 3 2 0 2 1 3 4 5 0 1 2 3 4 5 1 0 5 1 2 3 2 3 5 5 4 1 5 2 1 3 1 2 0 2 5 1 0 3 0 4 2 3 0 4 0 3 1 0 1 2 4 5 3 1 4 5 3 4 5 0 2 1 3 4 5 0 1 2 3 2 4 4 5 0 | 18 25  0 8 1 0 13 1 0 14 1 1 9 1 1 12 1 1 13 1 2 9 1 2 14 1 2 15 1 3 10 1 3 12 1 3 17 1 4 10 2 4 16 1 5 11 2 5 14 1 6 11 1 6 15 1 6 17 1 7 15 1 7 16 1 7 17 1 8 13 1 8 16 1 9 12 1
R 7806 54 81 6 397 3 1 2 0 2 3 1 0 5 4 1 5 2 3 4 1 0 4 1 0 2 4 3 2 0 2 1 3 4 5 5 4 3 4 0 2 2 3 0 2 0 1 1 5 2 4 0 5 3 1 4 4 0 1 4 5 0 1 4 5 2 4 3 0 3 2 1 5 0 3 5 2 4 5 3 1 5 0 3 2 1 | 18 24  0 8 2 0 9 1 1 9 1 1 14 1 1 17 1 2 10 1 2 13 1 2 14 1 3 10 1 3 13 1 3 15 1 4 11 1 4 13 1 4 14 1 5 11 2 5 16 1 6 12 1 6 16 1 6 17 1 7 12 2 7 16 1 8 15 1 9 17 1 10 15 1
R 90229 54 81 6 222 3 4 5 3 4 2 1 3 2 0 1 2 1 2 0 0 1 4 1 2 3 0 1 4 4 5 3 2 3 5 0 2 3 5 4 3 0 1 3 0 4 1 1 0 2 2 4 0 1 4 2 3 4 0 0 1 2 5 0 1 0 4 5 4 5 3 4 3 5 2 3 5 4 5 3 2 2 1 1 0 5 | 18 26  0 6 1 0 10 1 0 12 1 1 7 1 1 11 2 2 8 1 2 12 1 2 14 1 3 9 1 3 12 1 3 13 1 4 10 1 4 15 1 4 17 1 5 11 1 5 14 1 5 15 1 6 14 1 6 16 1 7 16 1 7 17 1 8 13 1 8 17 1 9 15 1 9 16 1 10 13 1
R 80647 54 81 6 162 3 4 5 0 2 1 2 4 0 1 0 3 1 5 4 1 2 0 0 4 2 1 2 3 4 5 0 3 0 4 1 4 2 0 2 3 2 4 1 1 0 4 1 2 3 3 2 0 0 3 5 0 1 4 0 1 2 3 5 4 1 3 5 2 5 4 0 2 3 4 3 5 5 3 1 4 5 1 2 5 0 | 18 25  0 7 1 0 11 1 0 13 1 1 8 1 1 15 1 1 16 1 2 9 1 2 10 2 3 9 2 3 14 1 4 10 1 4 16 1 4 17 1 5 11 1 5 12 1 5 14 1 6 12 1 6 13 1 6 15 1 7 15 1 7 17 1 8 16 1 8 17 1 11 13 1 12 14 1
R 68811 54 81 6 412 3 4 5 1 0 2 1 0 2 0 2 1 4 5 0 0 4 1 2 5 3 1 2 3 2 3 1 2 4 5 0 2 5 0 1 3 3 4 0 3 1 2 1 3 4 1 2 0 2 4 5 0 4 2 0 1 2 4 3 5 3 4 5 5 4 3 2 3 1 2 3 5 4 0 1 4 5 0 5 1 0 | 18 27  0 7 1 0 10 1 0 11 1 1 8 1 1 10 1 1 12 1 2 9 1 2 11 1 2 13 1 3 11 1 3 13 1 3 17 1 4 12 1 4 15 1 4 16 1 5 14 1 5 16 1 5 17 1 6 15 1 6 16 1 6 17 1 7 10 1 7 14 1 8 14 1 8 15 1 9 12 1 9 13 1
R 29251 54 81 6 895 3 4 5 1 3 2 0 4 2 0 5 2 1 3 4 2 4 3 1 0 3 0 1 4 1 2 3 2 0 1 4 3 2 0 3 4 0 2 5 0 1 4 5 4 3 1 3 2 1 4 0 2 1 0 0 1 2 4 5 0 5 3 1 1 4 3 0 5 2 1 5 0 2 5 4 2 5 3 4 5 3 | 18 25  0 8 1 0 12 1 0 13 1 1 9 1 1 13 1 1 14 1 2 9 1 2 13 1 2 14 1 3 10 1 3 15 1 3 16 1 4 10 2 4 16 1 5 11 2 5 15 1 6 11 1 6 16 1 6 17 1 7 14 1 7 15 1 7 17 1 8 12 1 8 17 1 9 12 1
R 30981 54 81 6 1610 3 4 5 1 5 4 5 4 3 0 1 2 3 4 5 2 0 1 5 0 2 0 2 1 1 2 3 2 4 0 4 2 1 5 2 1 1 3 4 0 2 3 1 0 4 2 0 5 0 5 3 1 0 3 0 1 2 3 0 2 1 0 2 3 5 4 0 1 2 4 5 3 3 1 4 3 4 5 5 4 5 | 18 26  0 8 1 0 13 1 0 14 1 1 9 1 1 11 1 1 12 1 2 9 1 2 12 1 2 16 1 3 10 2 3 13 1 4 10 1 4 15 1 4 17 1 5 11 1 5 12 1 5 15 1 6 11 1 6 16 1 6 17 1 7 14 1 7 16 1 7 17 1 8 14 1 8 15 1 9 13 1
R 523 54 81 6 99 3 4 5 0 2 1 1 3 4 5 2 0 2 0 1 3 1 5 0 1 2 1 2 3 0 4 2 1 2 3 0 2 1 5 1 2 2 0 4 0 1 4 5 3 2 0 3 1 3 4 0 2 1 5 0 1 2 4 5 3 5 2 0 3 4 1 3 5 4 0 4 2 3 5 4 5 0 4 1 5 3 | 18 24  0 9 1 0 12 1 0 13 1 1 9 2 1 13 1 2 10 1 2 15 1 2 17 1 3 10 2 3 16 1 4 11 1 4 16 1 4 17 1 5 11 2 5 16 1 6 12 1 6 13 1 6 14 1 7 12 1 7 14 1 7 15 1 8 14 1 8 15 1 8 17 1
R 60552 54 81 6 1345 3 4 5 1 0 2 4 0 1 1 4 2 3 0 5 0 5 3 2 1 4 1 2 3 2 3 5 3 1 5 5 0 4 4 1 5 0 2 5 0 3 4 3 1 2 1 3 2 0 2 1 2 3 4 0 1 2 4 3 5 2 3 5 3 5 0 1 2 4 2 4 1 0 3 5 4 5 1 0 4 0 | 18 25  0 7 1 0 12 1 0 13 1 1 8 1 1 12 1 1 14 1 2 9 1 2 16 1 2 17 1 3 10 1 3 13 1 3 15 1 4 10 2 4 14 1 5 11 1 5 15 1 5 17 1 6 11 2 6 15 1 7 12 1 7 16 1 8 13 1 8 14 1 9 16 1 9 17 1
R 87702 54 81 6 150 3 4 5 3 0 4 2 0 1 0 1 2 1 3 2 1 0 3 2 5 0 1 2 3 4 5 3 0 2 5 1 0 4 2 3 5 2 3 0 1 0 4 3 2 0 4 0 1 1 0 5 3 1 2 0 1 2 1 2 5 3 5 4 4 3 5 0 5 4 4 5 2 1 3 4 4 5 2 0 3 1 | 18 25  0 7 1 0 9 1 0 13 1 1 8 1 1 10 1 1 17 1 2 10 2 2 14 1 3 11 1 3 13 1 3 14 1 4 11 1 4 15 1 4 16 1 5 12 2 5 15 1 6 12 1 6 16 1 6 17 1 7 9 1 7 13 1 8 16 1 8 17 1 9 15 1 11 14 1
R 36788 54 81 6 154 3 4 5 3 0 4 0 1 2 5 0 2 3 2 4 0 1 2 4 1 3 1 0 4 1 2 3 4 2 5 2 1 4 3 1 4 0 2 3 1 0 3 5 4 2 1 0 4 3 0 2 3 0 1 0 1 2 1 5 2 3 5 4 3 4 1 0 5 1 5 3 4 5 0 2 3 5 2 4 5 0 | 18 27  0 8 1 0 12 1 0 13 1 1 9 1 1 10 1 1 11 1 2 9 1 2 11 1 2 12 1 3 10 1 3 13 1 3 14 1 4 11 1 4 15 1 4 16 1 5 12 1 5 15 1 5 17 1 6 13 1 6 14 1 6 15 1 7 14 1 7 16 1 7 17 1 8 16 1 8 17 1 9 10 1
R 48023 54 81 6 80 1 2 3 3 0 4 2 1 4 0 4 1 2 3 0 1 2 0 5 0 2 3 4 5 2 4 3 3 4 1 0 2 1 3 4 0 1 0 3 1 2 3 1 2 4 4 3 5 4 0 2 5 0 1 0 4 5 1 2 5 5 0 3 3 2 5 1 4 5 5 4 3 1 3 4 1 2 0 5 0 2 | 18 25  0 7 1 0 10 2 1 8 1 1 12 1 1 13 1 2 9 1 2 13 1 2 17 1 3 10 1 3 11 2 4 11 1 4 12 1 4 14 1 5 12 1 5 13 1 5 14 1 6 15 1 6 16 1 6 17 1 7 16 1 7 17 1 8 15 1 8 16 1 9 14 1 9 15 1
R 87530 54 81 6 2243 3 4 5 0 3 4 0 1 2 0 2 5 5 0 1 2 4 3 0 1 3 1 2 3 1 4 3 0 2 5 2 0 3 3 5 2 1 3 4 1 0 4 3 0 2 2 4 1 4 1 5 0 2 1 0 1 2 2 5 1 4 3 5 1 4 3 4 3 2 0 5 1 2 5 4 4 5 0 3 5 0 | 18 25  0 7 1 0 9 1 0 13 1 1 8 2 1 10 1 2 10 1 2 13 1 2 14 1 3 11 1 3 14 1 3 16 1 4 11 1 4 15 1 4 16 1 5 12 2 5 14 1 6 12 1 6 15 1 6 17 1 7 9 1 7 13 1 8 16 1 9 17 1 10 17 1 11 15 1
R 39449 54 81 6 75 3 4 5 0 2 1 0 1 2 0 3 5 0 2 1 4 0 3 0 2 1 0 2 3 1 2 3 2 4 5 3 1 2 2 0 4 3 1 2 0 1 3 0 3 1 2 4 5 2 3 0 4 0 1 0 1 2 4 3 5 3 5 4 1 4 2 4 5 3 5 1 2 5 3 4 4 1 5 5 0 0 | 18 27  0 8 1 0 11 1 0 13 1 1 8 1 1 11 1 1 14 1 2 9 1 2 12 1 2 13 1 3 9 1 3 12 1 3 14 1 4 10 1 4 16 1 4 17 1 5 10 1 5 16 1 5 17 1 6 13 1 6 15 1 6 16 1 7 14 1 7 15 1 7 17 1 8 11 1 9 12 1 10 15 1
R 22086 54 81 6 92 3 1 2 5 2 1 0 3 2 0 4 3 0 3 5 1 0 4 1 2 4 0 3 2 0 2 1 0 1 2 3 4 2 2 5 4 4 0 1 2 1 3 1 3 0 3 4 5 0 4 5 3 1 5 4 5 0 3 4 0 5 4 1 1 5 2 1 4 2 3 5 2 3 5 0 5 1 4 3 0 2 | 18 24  0 8 2 0 15 1 1 9 2 1 10 1 2 9 1 2 14 1 2 16 1 3 10 2 3 16 1 4 11 1 4 13 1 4 14 1 5 11 1 5 13 1 5 17 1 6 12 1 6 14 1 6 17 1 7 12 1 7 15 1 7 17 1 8 16 1 11 13 1 12 15 1
R 95459 54 81 6 153 3 4 5 0 1 2 3 1 4 1 3 2 0 2 1 0 3 5 1 2 3 2 3 0 4 5 3 2 0 5 0 2 5 1 0 4 0 3 1 2 0 1 3 5 4 2 0 4 4 0 2 0 3 4 0 1 2 4 3 5 0 2 5 4 0 5 4 3 5 4 2 1 4 5 1 5 1 2 3 1 3 | 18 27  0 6 1 0 10 1 0 11 1 1 7 1 1 11 1 1 12 1 2 8 1 2 12 1 2 13 1 3 9 1 3 14 1 3 16 1 4 12 1 4 16 1 4 17 1 5 13 1 5 14 1 5 15 1 6 10 1 6 11 1 7 14 1 7 15 1 8 16 1 8 17 1 9 15 1 9 17 1 10 13 1
R 87644 54 81 6 114 3 4 5 3 0 4 0 1 3 0 1 2 4 2 5 1 0 2 3 5 0 1 2 3 1 4 5 0 2 5 2 0 3 5 2 0 4 2 0 1 0 4 4 1 0 3 1 2 3 1 4 2 0 1 0 1 2 2 1 5 4 2 5 4 3 5 1 3 0 3 5 4 1 2 4 4 5 0 3 3 5 | 18 25  0 7 1 0 9 1 0 13 1 1 8 1 1 10 1 1 16 1 2 10 1 2 14 1 2 17 1 3 11 1 3 13 1 3 14 1 4 11 2 4 16 1 5 12 2 5 15 1 6 12 1 6 16 1 6 17 1 7 9 1 7 13 1 8 15 1 8 17 1 9 14 1 10 15 1
R 44921 54 81 6 39762 3 1 2 0 5 2 2 1 4 0 4 3 0 5 3 1 5 2 0 3 1 0 2 1 4 2 0 5 4 1 3 4 1 3 5 1 2 0 1 0 2 3 1 2 3 0 3 4 4 0 5 4 3 2 4 5 0 3 4 1 0 3 5 2 5 1 2 4 1 3 4 0 4 2 5 3 5 1 2 0 5 | 18 24  0 7 2 0 10 1 1 8 1 1 11 1 1 17 1 2 9 2 2 15 1 3 10 2 3 13 1 4 11 1 4 14 1 4 15 1 5 12 1 5 13 1 5 14 1 6 12 1 6 15 1 6 17 1 7 16 1 8 14 1 8 16 1 9 16 1 11 17 1 12 13 1
R 64321 54 81 6 215 3 4 5 1 0 2 5 4 1 0 3 5 2 1 4 3 4 0 1 2 0 1 2 3 2 4 0 3 1 4 4 1 0 0 2 5 0 1 4 1 3 0 4 2 5 2 5 4 2 3 1 2 0 3 0 1 2 5 3 4 2 3 0 2 1 4 3 5 0 2 1 5 5 3 4 4 5 3 1 0 5 | 18 26  0 7 1 0 11 1 0 12 1 1 8 1 1 11 1 1 13 1 2 9 1 2 14 1 2 15 1 3 10 1 3 15 1 3 17 1 4 10 2 4 16 1 5 13 1 5 14 1 5 16 1 6 13 1 6 15 1 6 16 1 7 11 1 7 12 1 8 12 1 8 17 1 9 14 1 9 17 1
R 81811 54 81 6 96 3 4 5 0 1 2 0 2 3 5 2 4 1 5 2 1 2 3 0 4 3 1 2 3 5 2 0 3 5 1 4 2 0 0 2 3 1 0 4 4 3 2 0 2 4 1 0 2 0 3 5 1 3 4 0 1 2 4 3 5 4 1 5 0 1 3 3 4 0 4 0 5 1 5 2 4 5 3 1 2 5 | 18 26  0 7 1 0 11 1 0 12 1 1 8 1 1 12 1 1 13 1 2 9 1 2 10 2 3 9 1 3 14 1 3 15 1 4 10 1 4 16 1 4 17 1 5 11 1 5 13 1 5 14 1 6 13 1 6 15 1 6 16 1 7 15 1 7 17 1 8 14 1 8 16 1 9 17 1 11 12 1
R 14244 54 81 6 119 3 1 2 3 4 1 2 0 1 0 3 1 0 4 3 1 3 0 2 4 5 2 5 1 0 2 1 0 1 4 2 3 1 3 4 1 0 3 2 5 4 1 5 3 1 3 2 0 2 4 0 2 0 4 4 5 0 2 5 0 3 4 5 4 2 5 2 5 1 5 2 4 0 3 1 0 4 3 3 5 1 | 18 22  0 8 2 0 11 1 1 9 2 1 10 1 2 9 1 2 12 1 2 16 1 3 10 1 3 13 1 3 17 1 4 11 2 4 16 1 5 12 1 5 14 2 6 13 2 6 15 1 7 14 1 7 15 1 7 17 1 8 16 1 10 15 1 12 17 1
R 17163 54 81 6 1292 3 1 2 0 4 1 2 1 4 2 3 4 0 2 3 1 0 2 5 3 4 0 5 3 0 2 1 3 1 4 2 4 0 3 4 5 4 3 2 1 0 2 1 3 4 0 2 4 1 5 0 1 0 3 4 5 0 2 3 5 0 3 5 1 0 5 1 4 5 5 3 4 0 1 2 2 1 4 3 5 2 | 18 24  0 8 2 0 11 1 1 9 1 1 10 2 2 9 1 2 13 1 2 15 1 3 10 1 3 14 1 3 17 1 4 11 1 4 13 1 4 14 1 5 12 1 5 15 1 5 17 1 6 12 2 6 16 1 7 14 1 7 15 1 7 16 1 8 16 1 9 13 1 11 17 1
R 34937 54 81 6 411 3 4 5 0 4 2 2 4 0 1 2 3 0 1 4 2 3 1 4 1 5 5 4 0 1 2 3 1 2 0 0 2 3 1 0 4 1 3 5 5 0 2 4 3 0 2 1 0 3 1 4 4 5 2 0 1 2 5 3 1 3 1 5 4 5 0 5 2 3 0 5 4 2 0 3 3 2 1 4 5 4 | 18 27  0 8 1 0 10 1 0 11 1 1 9 1 1 11 1 1 13 1 2 9 1 2 14 1 2 15 1 3 10 1 3 11 1 3 17 1 4 10 1 4 12 1 4 13 1 5 12 1 5 14 1 5 15 1 6 14 1 6 16 1 6 17 1 7 15 1 7 16 1 7 17 1 8 13 1 8 16 1 9 12 1
R 69506 54 81 6 156 3 4 5 0 1 2 3 2 1 1 2 4 0 3 2 1 4 0 3 5 2 1 2 3 2 3 0 1 0 4 0 2 5 1 0 4 3 4 2 0 1 2 3 1 5 2 4 3 4 0 2 0 3 1 0 1 2 4 3 5 5 0 4 3 0 5 1 4 5 3 2 5 4 0 1 4 5 1 5 3 2 | 18 27  0 7 1 0 10 1 0 11 1 1 8 1 1 11 1 1 12 1 2 9 1 2 15 1 2 17 1 3 10 1 3 12 1 3 13 1 4 12 1 4 14 1 4 17 1 5 13 1 5 14 1 5 15 1 6 13 1 6 14 1 6 16 1 7 10 1 7 11 1 8 15 1 8 16 1 9 16 1 9 17 1
R 75531 54 81 6 125 3 4 5 0 4 2 1 2 3 1 0 4 4 2 3 3 0 1 4 1 5 1 2 3 1 2 0 0 2 3 3 4 5 5 1 3 1 0 4 2 0 3 2 4 1 1 0 2 0 4 2 3 0 4 0 1 2 5 3 1 4 0 5 2 5 3 0 5 1 4 5 2 0 2 3 4 5 4 3 5 1 | 18 26  0 7 1 0 9 1 0 12 1 1 8 1 1 12 1 1 17 1 2 9 1 2 14 1 2 15 1 3 10 1 3 13 1 3 15 1 4 10 1 4 14 1 4 16 1 5 11 1 5 16 1 5 17 1 6 11 2 6 16 1 7 15 1 7 17 1 8 13 1 8 14 1 9 12 1 10 13 1
R 39357 54 81 6 1383 3 4 5 0 2 1 0 1 2 3 4 5 1 5 4 0 2 3 4 2 0 1 0 3 1 2 3 2 4 0 3 2 4 3 5 2 3 1 0 2 0 4 2 1 4 1 3 4 0 3 1 0 4 1 0 1 2 4 3 5 3 4 5 1 0 2 0 2 3 1 5 4 1 3 5 4 5 2 5 5 0 | 18 26  0 8 1 0 13 1 0 15 1 1 8 1 1 13 1 1 17 1 2 9 1 2 12 1 2 13 1 3 9 1 3 15 1 3 16 1 4 10 1 4 12 1 4 17 1 5 10 2 5 16 1 6 11 1 6 14 1 6 15 1 7 11 1 7 14 1 7 17 1 8 12 1 9 16 1 11 14 1
R 45376 54 81 6 242 1 2 3 4 3 5 0 2 4 0 4 1 2 0 1 1 0 2 2 4 1 3 4 5 0 5 3 4 5 0 0 2 1 4 2 1 2 1 3 3 0 4 0 2 3 4 2 0 0 3 1 1 4 0 0 4 5 1 2 0 3 5 1 3 2 5 3 4 5 4 5 3 0 3 5 1 2 4 1 2 5 | 18 25  0 7 1 0 10 2 1 8 2 1 11 1 2 9 1 2 12 1 2 13 1 3 10 1 3 13 1 3 14 1 4 11 1 4 14 1 4 15 1 5 12 1 5 13 1 5 17 1 6 12 1 6 15 1 6 16 1 7 15 1 7 17 1 8 16 1 9 14 1 9 16 1 11 17 1
R 91525 54 81 6 94 3 1 2 1 3 4 3 5 4 2 5 0 0 2 3 2 4 5 0 2 1 0 2 1 2 0 3 0 1 3 3 4 5 1 2 0 0 3 4 2 1 3 0 1 4 3 2 5 5 1 4 4 1 0 4 5 0 5 2 0 1 2 0 4 1 3 1 4 5 3 1 0 3 4 3 5 4 2 5 2 5 | 18 26  0 6 2 0 10 1 1 7 1 1 12 1 1 16 1 2 8 1 2 14 1 2 15 1 3 9 1 3 15 1 3 17 1 4 10 1 4 11 1 4 12 1 5 11 1 5 12 1 5 13 1 6 14 1 7 13 1 7 16 1 8 14 1 8 15 1 9 16 1 9 17 1 10 17 1 11 13 1
R 17559 54 81 6 891 3 4 5 2 3 0 1 0 4 1 4 3 2 1 0 5 0 2 1 3 4 2 4 5 1 2 3 4 0 2 1 3 2 0 2 3 4 3 2 1 0 4 3 2 0 3 1 4 4 0 1 5 0 1 0 1 2 1 4 5 3 5 2 0 5 2 4 3 5 1 3 4 0 5 2 1 0 3 4 5 5 | 18 24  0 8 1 0 11 1 0 13 1 1 9 1 1 10 2 2 9 2 2 15 1 3 10 1 3 16 1 3 17 1 4 11 1 4 13 1 4 14 1 5 12 1 5 16 1 5 17 1 6 12 2 6 16 1 7 14 1 7 15 1 7 17 1 8 14 1 8 15 1 11 13 1
R 27069 54 81 6 1410 3 4 5 1 0 2 3 4 0 0 1 5 4 3 5 4 3 2 1 0 2 2 4 5 1 2 3 2 4 0 5 3 2 0 2 3 0 2 3 3 1 4 4 5 0 1 2 0 4 1 3 1 0 4 0 1 2 3 4 5 1 2 5 4 2 3 0 1 2 1 5 0 4 5 3 1 3 0 4 5 5 | 18 25  0 8 1 0 12 1 0 17 1 1 9 1 1 12 1 1 13 1 2 9 1 2 14 1 2 15 1 3 10 1 3 13 1 3 14 1 4 10 2 4 16 1 5 11 2 5 13 1 6 11 1 6 16 1 6 17 1 7 14 1 7 15 1 7 16 1 8 15 1 8 17 1 9 12 1
R 81590 54 81 6 75 1 2 3 3 5 4 1 5 3 0 5 4 0 2 1 0 4 2 2 0 1 3 4 5 1 2 5 4 2 1 4 0 1 0 2 1 1 0 4 2 0 3 2 0 3 1 0 3 0 2 4 5 0 3 0 4 5 0 2 1 0 2 4 3 1 2 3 4 5 3 5 1 3 5 4 1 2 4 3 5 5 | 18 26  0 7 1 0 11 2 1 8 1 1 12 1 1 13 1 2 9 1 2 10 1 2 14 1 3 9 1 3 14 1 3 15 1 4 10 1 4 13 1 4 14 1 5 11 1 5 15 1 5 17 1 6 12 1 6 13 1 6 17 1 7 16 1 7 17 1 8 15 1 8 16 1 9 12 1 10 16 1
R 85436 54 81 6 1290 3 4 5 4 2 3 1 4 0 0 3 5 0 2 1 1 2 0 2 5 1 1 2 3 3 0 4 2 0 1 4 5 1 0 2 3 1 2 0 3 1 0 0 3 4 5 2 3 4 5 2 1 4 3 0 1 2 5 1 0 3 2 5 4 2 1 3 5 4 4 3 5 3 4 0 4 5 1 2 5 0 | 18 27  0 7 1 0 11 1 0 14 1 1 8 1 1 15 1 1 16 1 2 9 1 2 10 1 2 12 1 3 9 1 3 13 1 3 14 1 4 10 1 4 14 1 4 15 1 5 11 1 5 16 1 5 17 1 6 12 1 6 13 1 6 15 1 7 12 1 7 13 1 8 16 1 8 17 1 9 11 1 10 17 1
R 32974 54 81 6 210 3 4 5 3 4 2 0 1 2 1 0 4 2 3 4 0 1 3 4 2 5 0 5 1 1 2 3 2 0 3 3 4 0 1 4 2 0 2 3 1 0 4 3 4 1 0 2 1 3 1 5 0 2 4 0 1 2 1 0 5 4 3 5 2 5 3 1 0 5 4 2 5 3 0 1 4 2 3 5 4 5 | 18 26  0 8 1 0 12 1 0 13 1 1 9 1 1 11 1 1 12 1 2 9 1 2 13 1 2 14 1 3 10 2 3 11 1 4 10 1 4 14 1 4 17 1 5 12 1 5 14 1 5 15 1 6 15 1 6 16 1 6 17 1 7 15 1 7 16 1 7 17 1 8 13 1 8 16 1 9 11 1
R 34202 54 81 6 194 3 4 5 4 2 1 3 5 4 0 1 2 4 3 5 2 0 1 0 1 2 0 1 4 1 2 3 1 3 0 4 2 1 5 2 1 0 2 4 2 1 3 0 2 3 0 1 5 3 0 5 0 4 1 0 1 2 5 0 3 2 1 0 3 5 4 0 1 2 3 5 4 3 5 4 5 3 2 4 5 4 | 18 26  0 8 1 0 14 1 0 15 1 1 9 1 1 11 1 1 17 1 2 9 1 2 12 1 2 13 1 3 10 2 3 15 1 4 10 1 4 16 1 4 17 1 5 11 1 5 12 1 5 13 1 6 12 1 6 13 1 6 14 1 7 14 1 7 15 1 7 16 1 8 16 1 8 17 1 9 11 1
R 6776 54 81 6 528 3 4 5 1 2 0 3 4 1 0 4 2 5 2 3 1 0 2 3 4 2 0 1 5 1 2 3 0 2 3 4 2 1 3 2 0 2 4 1 1 0 4 0 2 3 1 5 2 0 4 3 3 0 1 0 1 2 4 3 5 0 5 2 5 3 1 1 4 0 3 5 4 0 5 1 4 3 2 4 5 5 | 18 24  0 8 1 0 9 1 0 13 1 1 9 1 1 10 2 2 10 1 2 14 1 2 17 1 3 11 1 3 13 1 3 14 1 4 11 2 4 15 1 5 12 1 5 16 1 5 17 1 6 12 2 6 16 1 7 14 1 7 15 1 7 16 1 8 15 1 8 17 1 9 13 1
R 21999 54 81 6 136 3 1 2 2 0 4 3 0 2 3 0 1 1 5 4 0 2 3 1 2 0 5 0 3 0 2 1 1 3 2 1 0 2 3 0 5 3 0 2 0 1 2 2 1 4 3 4 5 1 0 5 2 5 3 4 5 0 5 3 1 4 5 1 4 5 2 2 3 0 1 5 4 5 3 4 1 4 2 3 0 4 | 18 24  0 8 2 0 15 1 1 9 1 1 10 1 1 17 1 2 9 1 2 13 1 2 15 1 3 10 2 3 15 1 4 11 1 4 13 1 4 17 1 5 11 1 5 14 1 5 16 1 6 12 1 6 14 1 6 17 1 7 12 2 7 16 1 8 16 1 9 14 1 11 13 1
R 74738 54 81 6 112 3 1 2 1 2 4 0 2 3 2 5 4 1 0 3 0 4 1 0 2 3 0 2 1 0 3 2 3 4 5 3 1 4 1 3 5 1 2 0 0 4 2 2 0 4 2 0 1 3 4 2 5 3 1 4 5 0 5 3 0 1 4 5 0 3 1 2 5 4 2 3 5 4 1 5 3 1 4 2 5 0 | 18 26  0 7 2 0 9 1 1 8 1 1 15 1 1 17 1 2 9 1 2 12 1 2 13 1 3 10 1 3 12 1 3 13 1 4 10 1 4 12 1 4 15 1 5 11 1 5 13 1 5 14 1 6 11 1 6 14 1 6 15 1 7 14 1 8 16 1 8 17 1 9 17 1 10 16 1 11 16 1
R 68626 54 81 6 85 3 4 5 1 0 2 5 2 3 1 3 2 0 2 4 0 4 1 0 1 2 1 2 3 4 2 5 0 1 5 4 2 1 0 2 3 1 0 2 0 3 5 0 2 4 4 1 5 0 2 3 1 3 4 0 1 2 3 4 5 4 1 0 0 4 5 5 3 1 3 2 5 5 3 4 4 5 1 0 3 2 | 18 27  0 7 1 0 11 1 0 13 1 1 8 1 1 13 1 1 17 1 2 9 1 2 14 1 2 15 1 3 10 1 3 11 1 3 12 1 4 10 1 4 12 1 4 13 1 5 10 1 5 15 1 5 16 1 6 11 1 6 15 1 6 16 1 7 12 1 7 14 1 8 16 1 8 17 1 9 14 1 9 17 1
R 7882 54 81 6 888 1 2 3 0 4 1 5 0 1 2 3 4 3 4 2 0 1 2 0 2 3 1 3 4 3 4 5 0 2 1 4 3 1 2 0 4 4 3 0 2 4 0 3 2 1 1 3 2 3 4 0 0 3 1 0 4 5 3 2 5 2 3 4 0 5 1 1 5 0 3 4 5 1 5 4 2 5 0 1 2 5 | 18 24  0 8 1 0 9 2 1 9 1 1 16 1 1 17 1 2 10 1 2 13 1 2 14 1 3 10 2 3 13 1 4 11 1 4 13 1 4 14 1 5 11 1 5 15 1 5 16 1 6 12 1 6 14 1 6 17 1 7 12 2 7 15 1 8 16 1 8 17 1 11 15 1
R 10433 54 81 6 115721 3 4 5 1 2 0 5 0 1 0 3 4 0 1 3 2 4 5 1 4 2 5 2 0 1 2 3 0 2 3 2 3 5 5 4 3 2 4 1 5 4 3 1 4 0 1 2 0 2 0 1 0 1 5 0 1 2 4 5 3 4 3 2 1 5 2 2 5 4 0 1 3 0 5 3 1 4 3 4 5 0 | 18 25  0 8 1 0 9 1 0 17 1 1 9 2 1 14 1 2 10 1 2 12 1 2 13 1 3 10 1 3 12 1 3 14 1 4 11 1 4 15 1 4 17 1 5 11 2 5 16 1 6 13 1 6 14 1 6 15 1 7 13 1 7 16 1 7 17 1 8 15 1 8 16 1 10 12 1
R 23228 54 81 6 326 3 4 5 2 4 5 0 3 4 0 1 4 0 1 2 3 2 4 2 0 1 1 3 2 1 2 3 5 0 2 3 4 2 4 2 5 1 2 4 1 0 3 0 2 3 1 0 3 1 2 0 0 3 1 0 1 2 3 0 1 1 5 2 5 3 2 3 5 4 0 1 5 3 4 5 0 4 5 4 5 4 | 18 25  0 8 1 0 14 1 0 15 1 1 9 1 1 10 2 2 9 1 2 12 1 2 13 1 3 10 1 3 16 1 3 17 1 4 11 1 4 13 1 4 14 1 5 11 2 5 15 1 6 12 1 6 13 1 6 14 1 7 12 1 7 15 1 7 16 1 8 16 1 8 17 1 9 17 1
R 6196 54 81 6 127 3 4 5 2 0 1 1 0 2 3 2 4 1 2 0 0 2 1 3 4 5 4 2 3 1 2 3 4 1 0 4 2 5 0 2 5 1 0 4 2 3 0 3 2 1 3 0 2 1 3 4 3 1 0 0 1 2 3 5 4 3 5 4 0 1 5 3 4 5 3 4 5 1 0 2 5 1 0 4 5 2 | 18 25  0 8 1 0 11 1 0 12 1 1 9 2 1 14 1 2 10 1 2 15 1 2 17 1 3 10 2 3 16 1 4 11 1 4 13 1 4 14 1 5 12 1 5 15 1 5 17 1 6 13 1 6 14 1 6 17 1 7 13 1 7 15 1 7 16 1 8 11 1 8 12 1 9 16 1
R 274 54 81 6 229 3 1 2 0 4 1 0 4 3 0 2 3 1 4 3 1 0 4 3 2 5 2 4 5 2 1 0 0 2 1 3 4 1 3 4 0 5 2 4 3 4 0 2 0 1 0 5 3 2 1 3 1 4 2 4 5 0 3 2 5 2 5 1 1 4 5 2 5 0 3 2 5 0 1 4 1 3 0 5 4 3 | 18 23  0 9 2 0 10 1 1 9 1 1 13 1 1 14 1 2 10 2 2 15 1 3 11 1 3 14 1 3 17 1 4 11 2 4 16 1 5 12 1 5 15 1 5 16 1 6 12 2 6 16 1 7 13 1 7 14 1 7 17 1 8 13 1 8 15 1 8 17 1
R 28712 54 81 6 83 3 4 5 0 1 2 0 4 2 2 0 1 3 4 1 4 0 2 5 1 3 0 3 1 1 2 3 2 4 1 5 1 0 3 1 2 1 3 2 0 2 3 1 0 4 3 0 2 0 1 4 3 5 4 0 1 2 3 5 4 5 3 1 3 4 5 2 5 0 5 3 1 0 4 2 4 5 2 4 5 0 | 18 25  0 8 1 0 13 1 0 14 1 1 9 1 1 12 1 1 13 1 2 9 1 2 14 1 2 15 1 3 10 2 3 13 1 4 10 1 4 14 1 4 17 1 5 11 1 5 16 1 5 17 1 6 11 2 6 16 1 7 12 1 7 15 1 7 17 1 8 15 1 8 16 1 9 12 1
R 31623 54 81 6 3840 3 4 5 0 2 4 3 4 5 1 0 2 5 4 0 2 3 1 1 3 2 1 0 4 1 2 3 1 3 2 3 2 0 1 2 4 5 3 4 0 2 3 1 0 2 1 0 5 1 0 4 3 0 5 0 1 2 5 3 1 0 2 1 4 5 3 1 3 2 5 0 4 0 4 5 2 5 3 4 5 4 | 18 26  0 8 1 0 13 1 0 15 1 1 9 1 1 11 1 1 12 1 2 9 1 2 16 1 2 17 1 3 10 2 3 15 1 4 10 1 4 16 1 4 17 1 5 11 1 5 12 1 5 17 1 6 11 1 6 13 1 6 14 1 7 12 1 7 13 1 7 14 1 8 14 1 8 16 1 9 15 1
R 44297 54 81 6 3461 1 2 3 3 2 5 2 5 4 0 4 1 1 0 4 0 1 3 3 2 1 3 4 5 1 5 2 1 3 2 0 2 1 4 0 3 5 3 4 3 0 4 0 1 2 2 1 0 2 0 4 3 5 0 0 4 5 0 4 1 0 1 3 3 2 5 2 5 3 2 4 5 0 5 4 1 2 3 5 4 1 | 18 24  0 7 1 0 10 2 1 8 2 1 11 1 2 9 1 2 13 1 2 14 1 3 10 1 3 13 1 3 14 1 4 11 2 4 15 1 5 12 1 5 14 1 5 15 1 6 12 1 6 16 1 6 17 1 7 16 1 7 17 1 8 16 1 9 13 1 9 15 1 12 17 1
R 92531 54 81 6 384 3 4 5 2 0 4 2 4 3 1 4 3 1 2 4 1 0 3 1 2 3 4 1 0 3 1 2 3 2 5 0 2 4 0 3 4 0 2 5 2 1 5 1 0 2 4 0 1 3 4 0 0 3 1 0 1 2 5 1 3 0 5 1 0 2 5 5 0 3 2 4 5 4 5 3 2 4 5 1 4 3 | 18 27  0 6 1 0 10 1 0 17 1 1 7 1 1 11 1 1 13 1 2 8 1 2 11 1 2 12 1 3 9 1 3 15 1 3 17 1 4 10 1 4 13 1 4 14 1 5 11 1 5 12 1 5 14 1 6 14 1 6 15 1 7 12 1 7 16 1 8 13 1 8 16 1 9 16 1 9 17 1 10 15 1
R 44270 54 81 6 370 1 2 3 4 3 2 2 5 4 0 4 1 1 0 3 1 0 2 3 4 5 3 4 5 0 2 1 1 3 2 0 2 1 3 0 4 5 4 2 3 0 4 0 1 2 2 0 5 5 1 3 1 3 0 0 4 5 5 1 0 0 1 3 3 2 5 2 5 4 3 4 5 0 1 2 1 2 3 4 5 4 | 18 24  0 7 1 0 10 2 1 8 1 1 11 1 1 16 1 2 9 1 2 13 1 2 14 1 3 10 1 3 13 1 3 14 1 4 11 2 4 14 1 5 12 1 5 16 1 5 17 1 6 12 2 6 16 1 7 15 1 7 17 1 8 15 1 8 17 1 9 13 1 9 15 1
R 9971 54 81 6 4744 3 4 5 2 1 0 3 5 4 0 2 4 5 1 2 4 0 2 1 2 0 3 1 0 1 2 3 0 2 3 4 2 1 0 2 1 1 0 4 2 3 0 5 0 2 3 4 1 3 0 2 1 0 4 0 1 2 4 3 5 0 1 2 3 5 1 3 4 0 5 1 3 4 3 5 4 2 5 4 5 5 | 18 25  0 8 1 0 9 1 0 12 1 1 9 1 1 12 1 1 13 1 2 10 1 2 13 1 2 17 1 3 10 2 3 14 1 4 11 2 4 15 1 5 11 1 5 16 1 5 17 1 6 13 1 6 14 1 6 15 1 7 14 1 7 15 1 7 16 1 8 16 1 8 17 1 9 12 1
R 29239 54 81 6 243 3 1 2 0 2 1 3 0 2 1 4 5 1 0 3 1 2 4 0 3 4 0 3 1 0 2 1 1 3 2 3 5 4 4 3 1 2 4 1 4 2 0 1 0 2 3 4 5 2 0 5 0 3 1 4 5 0 5 3 4 4 5 1 0 3 2 2 5 4 0 3 5 2 5 1 5 2 4 3 0 1 | 18 25  0 8 2 0 15 1 1 9 1 1 13 1 1 17 1 2 9 1 2 14 1 2 15 1 3 10 1 3 12 1 3 17 1 4 10 1 4 13 1 4 14 1 5 11 1 5 14 1 5 17 1 6 11 2 6 16 1 7 12 1 7 15 1 7 16 1 8 16 1 9 12 1 10 13 1
R 48051 54 81 6 15839 1 2 3 3 0 4 1 3 5 0 4 1 2 3 0 1 2 0 2 0 1 3 4 5 2 4 5 0 2 3 0 2 1 3 4 0 1 0 3 2 1 3 2 1 3 0 4 5 4 2 0 1 4 0 0 4 5 1 2 5 4 0 2 3 2 5 1 4 5 5 4 3 4 3 5 1 2 0 3 1 5 | 18 25  0 7 1 0 10 2 1 8 1 1 12 1 1 14 1 2 9 1 2 14 1 2 15 1 3 10 1 3 11 2 4 11 1 4 12 1 4 13 1 5 12 1 5 13 1 5 17 1 6 14 1 6 15 1 6 16 1 7 16 1 7 17 1 8 13 1 8 16 1 9 15 1 9 17 1
R 67784 54 81 6 101 3 4 5 1 3 2 0 2 3 1 2 0 0 1 4 0 4 2 0 3 2 1 2 3 4 0 1 4 3 5 0 2 3 0 1 3 4 1 2 1 2 3 1 0 2 1 4 0 3 0 5 0 5 4 0 1 2 5 4 0 1 4 5 4 3 5 5 3 2 5 3 1 5 4 1 4 5 2 3 0 2 | 18 27  0 7 1 0 10 1 0 11 1 1 8 1 1 11 1 1 12 1 2 9 1 2 13 1 2 14 1 3 10 1 3 12 1 3 13 1 4 10 1 4 14 1 4 17 1 5 11 1 5 15 1 5 16 1 6 12 1 6 16 1 6 17 1 7 14 1 7 15 1 8 16 1 8 17 1 9 13 1 9 15 1
R 91034 54 81 6 1346 3 4 5 2 3 0 2 4 3 0 5 1 2 4 0 1 4 5 1 2 3 0 1 2 0 3 4 2 1 5 0 2 5 4 3 2 4 1 3 2 1 3 1 3 0 2 5 0 0 1 4 0 1 3 0 1 2 4 1 5 1 0 5 3 2 4 3 5 1 0 3 2 4 5 3 5 5 2 0 4 4 | 18 26  0 6 1 0 10 1 0 16 1 1 7 1 1 11 2 2 8 1 2 12 1 2 13 1 3 9 1 3 12 1 3 13 1 4 10 1 4 14 1 4 15 1 5 11 1 5 15 1 5 17 1 6 15 1 6 16 1 7 16 1 7 17 1 8 12 1 8 14 1 9 13 1 9 14 1 10 17 1
R 13715 54 81 6 539 3 4 5 0 1 2 3 4 5 3 4 0 1 0 2 2 1 5 0 1 2 3 4 5 1 2 3 2 4 0 4 3 1 2 0 3 5 1 4 3 2 1 0 2 5 1 0 4 3 1 0 0 3 2 0 1 2 3 5 4 1 0 2 1 2 5 4 5 3 0 3 4 4 5 3 0 2 1 4 5 5 | 18 23  0 8 1 0 14 1 0 15 1 1 9 1 1 10 1 1 17 1 2 9 1 2 10 2 3 11 1 3 12 1 3 16 1 4 11 2 4 15 1 5 12 2 5 16 1 6 13 2 6 14 1 7 13 1 7 16 1 7 17 1 8 14 1 8 15 1 9 17 1
R 2206 54 81 6 1523 1 2 3 0 1 5 0 4 2 2 0 1 3 4 5 5 0 1 3 2 1 0 2 3 3 4 5 2 5 1 0 2 1 5 4 2 1 2 0 0 3 5 1 3 4 3 1 0 3 2 4 5 0 3 0 4 5 3 4 2 3 5 1 3 4 5 0 1 2 3 2 4 4 5 0 1 5 4 1 2 0 | 18 23  0 8 1 0 10 2 1 9 2 1 13 1 2 10 1 2 15 1 2 17 1 3 11 1 3 13 1 3 16 1 4 11 2 4 14 1 5 12 1 5 15 1 5 17 1 6 12 2 6 16 1 7 13 1 7 14 1 7 15 1 8 16 1 8 17 1 9 14 1
R 52325 54 81 6 133 1 2 3 3 2 4 5 1 2 0 4 1 1 0 3 2 4 0 0 3 1 3 4 5 4 1 2 2 3 5 0 2 1 4 3 0 2 0 1 3 0 4 0 1 2 3 0 2 5 4 0 3 1 0 0 4 5 0 5 1 0 3 4 3 2 5 2 5 4 1 3 5 4 5 2 1 2 3 5 1 4 | 18 25  0 7 1 0 10 2 1 8 1 1 12 1 1 13 1 2 9 1 2 14 1 2 15 1 3 10 1 3 13 1 3 14 1 4 11 2 4 14 1 5 11 1 5 16 1 5 17 1 6 12 1 6 15 1 6 16 1 7 15 1 7 17 1 8 12 1 8 13 1 9 16 1 9 17 1
R 56196 54 81 6 1954 1 2 3 1 3 4 0 5 2 0 4 1 1 3 2 0 2 4 1 2 3 3 4 5 2 4 5 1 2 0 0 2 1 2 3 4 0 1 4 1 0 2 3 4 0 3 4 2 0 5 2 0 4 1 0 4 5 0 5 2 4 1 3 3 2 5 0 5 4 3 5 1 5 0 4 1 2 1 3 3 5 | 18 26  0 7 1 0 10 2 1 8 1 1 11 1 1 12 1 2 9 1 2 15 1 2 17 1 3 10 1 3 14 1 3 15 1 4 11 1 4 12 1 4 13 1 5 12 1 5 13 1 5 14 1 6 14 1 6 15 1 6 16 1 7 16 1 7 17 1 8 11 1 8 13 1 9 16 1 9 17 1
R 39637 54 81 6 243 1 2 3 0 1 4 5 0 2 0 1 2 0 4 1 3 0 2 1 0 3 3 4 5 3 4 1 2 1 4 4 2 1 0 2 1 2 0 1 3 0 4 3 0 2 3 5 4 2 1 3 1 5 3 0 4 5 2 5 3 3 1 4 3 5 4 3 5 2 4 5 1 2 5 4 1 2 0 5 0 0 | 18 22  0 7 1 0 11 2 1 8 2 1 12 1 2 9 1 2 13 1 2 17 1 3 10 2 3 14 1 4 11 1 4 14 1 4 15 1 5 12 2 5 15 1 6 13 2 6 16 1 7 14 1 7 17 1 8 16 1 9 16 1 9 17 1 10 15 1
R 10469 54 81 6 515 1 2 3 0 4 1 2 3 4 5 0 1 2 0 4 3 1 5 5 0 2 3 1 2 3 4 5 0 2 1 4 1 3 5 1 2 3 4 0 0 2 3 0 1 4 3 2 5 4 2 0 3 1 0 0 4 5 3 2 5 0 1 5 2 4 3 3 1 5 0 4 2 4 3 1 0 5 4 1 2 5 | 18 25  0 8 1 0 9 2 1 9 1 1 12 1 1 13 1 2 10 1 2 13 1 2 14 1 3 10 1 3 15 1 3 16 1 4 11 1 4 12 1 4 17 1 5 11 2 5 14 1 6 13 1 6 14 1 6 15 1 7 15 1 7 16 1 7 17 1 8 16 1 8 17 1 10 12 1
R 1675 54 81 6 1535 3 4 5 0 1 2 1 2 0 3 4 1 0 3 2 3 0 2 1 4 5 4 5 0 1 2 3 4 2 1 0 2 3 1 4 0 2 3 1 5 2 0 0 1 3 2 3 5 4 5 3 1 0 4 0 1 2 3 5 4 4 5 3 2 5 0 4 5 1 1 4 5 3 0 2 1 2 3 4 5 0 | 18 22  0 8 1 0 10 1 0 14 1 1 9 2 1 14 1 2 10 2 2 11 1 3 11 2 3 12 1 4 12 2 4 16 1 5 13 2 5 14 1 6 13 1 6 16 1 6 17 1 7 15 1 7 16 1 7 17 1 8 15 1 8 17 1 9 15 1
R 67794 54 81 6 79 3 4 5 1 4 2 2 5 3 1 2 0 0 1 4 3 0 2 0 1 5 1 2 3 2 3 4 3 0 4 0 2 3 0 1 4 0 3 4 5 1 2 4 1 0 0 2 3 2 1 0 3 0 1 0 1 2 0 3 5 1 0 4 4 3 5 5 3 2 5 1 4 2 4 3 4 5 1 5 2 5 | 18 27  0 7 1 0 10 1 0 11 1 1 8 1 1 11 1 1 12 1 2 9 1 2 13 1 2 15 1 3 10 1 3 13 1 3 14 1 4 10 1 4 16 1 4 17 1 5 11 1 5 12 1 5 17 1 6 12 1 6 13 1 6 14 1 7 16 1 7 17 1 8 15 1 8 16 1 9 14 1 9 15 1
R 63882 54 81 6 84 3 4 5 1 0 2 1 0 4 0 2 3 5 3 4 1 2 0 2 3 1 1 2 3 2 3 0 4 5 1 4 3 2 0 2 5 1 0 3 2 0 1 2 1 4 1 0 3 4 2 3 4 0 2 0 1 2 4 3 5 2 3 5 5 4 1 0 1 2 4 3 5 0 4 5 4 5 1 5 0 3 | 18 26  0 7 1 0 11 1 0 12 1 1 8 1 1 11 1 1 12 1 2 9 1 2 13 1 2 14 1 3 10 1 3 13 1 3 17 1 4 10 2 4 15 1 5 12 1 5 14 1 5 15 1 6 14 1 6 15 1 6 16 1 7 11 1 7 13 1 8 16 1 8 17 1 9 16 1 9 17 1
R 2981 54 81 6 113 1 2 3 2 0 1 0 4 1 0 4 3 1 2 3 4 3 2 2 0 4 1 0 2 3 4 5 4 1 0 0 2 1 3 2 0 1 4 5 0 2 3 3 4 0 3 2 0 1 4 3 4 0 1 0 4 5 3 5 4 3 2 5 1 2 5 4 5 0 0 1 5 3 1 5 4 5 3 1 2 2 | 18 24  0 8 1 0 10 2 1 9 2 1 15 1 2 10 1 2 14 1 2 15 1 3 11 1 3 12 1 3 13 1 4 11 2 4 16 1 5 12 1 5 13 1 5 17 1 6 12 1 6 14 1 6 16 1 7 13 1 7 14 1 7 17 1 8 15 1 8 17 1 9 16 1
R 75369 54 81 6 1529 3 4 5 0 1 2 1 2 5 0 2 3 0 5 4 1 4 0 5 3 0 1 2 3 2 3 1 0 2 3 1 5 2 0 3 2 1 0 4 3 4 2 1 4 3 3 0 5 1 0 4 2 1 4 0 1 2 4 3 5 4 0 3 4 1 5 3 2 1 5 2 3 1 4 2 4 5 0 5 5 0 | 18 26  0 7 1 0 9 1 0 12 1 1 8 1 1 12 1 1 13 1 2 9 1 2 13 1 2 16 1 3 10 1 3 13 1 3 14 1 4 10 1 4 14 1 4 15 1 5 11 1 5 15 1 5 17 1 6 11 2 6 16 1 7 15 1 7 16 1 8 14 1 8 17 1 9 12 1 10 17 1
R 35337 54 81 6 1156 3 4 5 0 1 2 3 4 2 2 5 0 1 4 3 0 1 2 4 2 0 1 5 4 1 2 3 2 4 0 4 3 0 0 2 3 0 1 4 4 2 1 1 2 0 3 1 4 5 0 2 1 2 3 0 1 2 3 5 4 1 5 0 1 3 4 2 0 5 5 3 4 3 1 5 2 3 0 4 5 5 | 18 27  0 8 1 0 11 1 0 12 1 1 9 1 1 10 1 1 11 1 2 9 1 2 12 1 2 15 1 3 10 1 3 12 1 3 17 1 4 10 1 4 13 1 4 14 1 5 11 1 5 13 1 5 16 1 6 14 1 6 16 1 6 17 1 7 15 1 7 16 1 7 17 1 8 14 1 8 15 1 9 13 1
R 71442 54 81 6 402 3 4 5 0 2 3 0 1 2 0 1 4 3 5 1 2 0 1 5 0 2 1 2 3 1 3 5 2 0 3 2 5 4 2 1 5 1 0 4 3 0 1 2 3 4 0 1 4 3 0 1 2 3 1 0 1 2 4 1 5 4 3 5 3 2 5 0 4 2 3 5 4 1 3 4 5 4 0 2 5 0 | 18 26  0 7 1 0 9 1 0 12 1 1 8 1 1 10 1 1 15 1 2 9 1 2 12 1 2 13 1 3 10 1 3 13 1 3 14 1 4 11 2 4 15 1 5 11 1 5 16 1 5 17 1 6 14 1 6 15 1 6 16 1 7 12 1 7 13 1 8 14 1 8 16 1 9 17 1 10 17 1
R 29380 54 81 6 893 3 4 5 1 0 2 1 3 2 2 0 1 3 4 1 0 1 2 5 1 0 4 5 3 1 2 3 2 4 5 5 1 0 0 2 3 1 0 3 0 1 3 2 3 0 2 4 1 4 1 5 3 2 0 0 1 2 3 4 5 0 4 5 3 4 5 2 0 5 5 3 4 4 3 2 2 0 1 4 5 1 | 18 26  0 8 1 0 11 1 0 12 1 1 9 1 1 11 1 1 12 1 2 9 1 2 12 1 2 13 1 3 10 2 3 14 1 4 10 1 4 15 1 4 17 1 5 11 1 5 16 1 5 17 1 6 13 1 6 15 1 6 16 1 7 13 1 7 16 1 7 17 1 8 14 1 8 15 1 9 14 1
R 52723 54 81 6 914 3 4 5 1 2 3 3 1 2 1 2 0 0 1 4 2 3 4 2 0 5 1 2 3 0 3 5 4 2 1 0 2 3 4 3 5 1 0 4 3 2 0 4 2 1 0 1 3 2 0 4 2 0 1 0 1 2 4 0 5 0 5 4 4 5 3 2 5 3 0 1 5 3 1 4 4 5 2 1 3 5 | 18 25  0 7 1 0 10 1 0 12 1 1 8 1 1 14 1 1 15 1 2 9 2 2 15 1 3 10 1 3 13 1 3 14 1 4 11 1 4 14 1 4 17 1 5 11 2 5 16 1 6 12 1 6 13 1 6 17 1 7 13 1 7 17 1 8 15 1 8 16 1 9 16 1 10 12 1
R 73489 54 81 6 410 3 4 5 4 0 2 1 2 0 0 4 2 4 5 1 0 2 1 3 5 4 1 2 3 1 3 0 0 2 3 2 4 5 0 1 5 1 0 4 1 0 4 3 5 2 4 2 1 0 3 2 3 4 1 0 1 2 5 3 1 4 3 5 1 3 5 2 3 0 4 3 5 2 1 0 4 5 4 2 5 0 | 18 26  0 7 1 0 9 1 0 12 1 1 8 1 1 13 1 1 14 1 2 9 1 2 10 1 2 13 1 3 10 1 3 12 1 3 16 1 4 11 2 4 14 1 5 11 1 5 15 1 5 17 1 6 13 1 6 16 1 6 17 1 7 14 1 7 15 1 8 16 1 8 17 1 9 12 1 10 15 1
R 13611 54 81 6 7804 3 1 2 5 1 0 3 4 2 0 4 3 3 4 5 1 0 2 2 0 1 3 4 5 0 2 1 2 0 1 4 3 5 3 4 1 2 0 4 5 4 1 0 1 3 0 2 3 2 5 0 1 2 3 4 5 0 3 2 4 5 0 1 2 5 1 1 2 0 3 4 5 3 4 5 0 2 1 3 4 5 | 18 23  0 8 2 0 11 1 1 9 1 1 10 1 1 16 1 2 9 1 2 10 2 3 11 2 3 15 1 4 12 1 4 14 1 4 17 1 5 12 1 5 15 1 5 17 1 6 13 1 6 14 1 6 15 1 7 13 2 7 16 1 8 16 1 9 17 1 12 14 1
R 4236 54 81 6 1725 3 1 2 2 4 3 0 1 2 3 4 1 0 2 1 0 5 3 0 3 2 4 1 2 0 2 1 1 3 4 4 2 1 3 0 1 0 4 3 2 1 5 3 4 5 2 0 3 5 1 0 4 0 1 4 5 0 0 5 1 3 5 4 0 2 5 5 4 3 1 4 2 4 1 5 0 3 5 3 2 2 | 18 22  0 8 2 0 14 1 1 9 2 1 15 1 2 10 2 2 11 1 3 10 1 3 12 2 4 11 1 4 15 1 4 17 1 5 12 1 5 16 1 5 17 1 6 13 1 6 14 1 6 17 1 7 13 2 7 15 1 8 16 1 9 16 1 11 14 1
R 1140 54 81 6 128 3 1 2 1 3 4 2 0 3 0 4 3 1 3 4 0 2 5 1 2 0 0 1 2 0 2 1 0 4 3 1 3 0 3 4 1 5 2 3 0 2 3 2 1 5 2 4 0 0 4 5 1 0 4 4 5 0 2 5 0 4 5 1 2 5 1 0 5 2 1 4 3 4 3 5 5 4 3 3 1 2 | 18 22  0 8 2 0 11 1 1 9 2 1 14 1 2 10 2 2 15 1 3 11 2 3 13 1 4 12 1 4 15 1 4 17 1 5 12 2 5 16 1 6 13 1 6 14 1 6 17 1 7 13 1 7 14 1 7 17 1 8 15 1 9 16 1 10 16 1
R 55055 54 81 6 2503 3 1 2 1 5 4 1 5 3 0 2 3 0 2 4 1 2 3 1 0 2 0 2 1 0 4 5 0 3 4 3 4 5 3 5 4 1 3 2 1 2 0 0 1 4 0 2 3 4 2 5 1 0 3 4 5 0 3 2 0 2 4 0 1 4 5 1 5 3 0 5 4 4 3 5 3 2 1 5 1 2 | 18 26  0 7 2 0 10 1 1 8 1 1 11 1 1 12 1 2 9 1 2 15 1 2 16 1 3 10 1 3 13 1 3 14 1 4 11 1 4 12 1 4 13 1 5 11 1 5 13 1 5 17 1 6 12 1 6 14 1 6 17 1 7 16 1 8 14 1 8 15 1 9 15 1 9 16 1 10 17 1
R 68808 54 81 6 164 3 4 5 1 0 2 1 3 2 0 2 3 1 5 4 0 5 1 1 5 4 1 2 3 2 3 0 5 2 3 0 2 5 0 1 3 3 1 2 0 4 3 1 0 4 4 5 0 2 5 3 0 1 2 0 1 2 4 3 5 0 4 5 5 1 4 0 2 3 2 3 4 2 0 3 4 5 1 5 4 1 | 18 27  0 7 1 0 10 1 0 11 1 1 8 1 1 10 1 1 12 1 2 9 1 2 11 1 2 13 1 3 11 1 3 16 1 3 17 1 4 12 1 4 13 1 4 14 1 5 14 1 5 15 1 5 16 1 6 15 1 6 16 1 6 17 1 7 10 1 7 14 1 8 13 1 8 17 1 9 12 1 9 15 1
R 9202 54 81 6 97 1 2 3 0 4 1 2 3 4 5 0 1 0 5 1 4 1 2 2 3 4 0 5 2 3 4 5 0 2 1 4 1 3 2 1 5 3 5 4 0 1 2 3 4 0 2 4 0 3 0 1 2 0 4 0 4 5 3 2 5 0 1 5 2 4 3 4 2 3 0 3 5 0 1 5 3 4 1 1 2 5 | 18 25  0 8 1 0 9 2 1 9 1 1 14 1 1 17 1 2 10 1 2 12 1 2 13 1 3 10 1 3 13 1 3 15 1 4 11 1 4 12 1 4 17 1 5 11 2 5 16 1 6 12 1 6 14 1 6 15 1 7 13 1 7 16 1 7 17 1 8 15 1 8 16 1 10 14 1
R 63973 54 81 6 1881 3 4 5 1 0 2 1 3 2 0 3 5 4 1 5 0 2 1 5 0 4 1 2 3 2 3 0 2 4 1 5 1 0 0 2 5 0 1 3 1 3 4 2 4 0 2 4 5 3 2 5 0 1 4 0 1 2 4 3 5 5 4 0 4 1 2 2 3 0 5 4 3 2 3 1 4 5 1 5 3 0 | 18 26  0 7 1 0 11 1 0 12 1 1 8 1 1 11 1 1 13 1 2 9 1 2 12 1 2 13 1 3 10 1 3 14 1 3 17 1 4 10 2 4 15 1 5 12 1 5 16 1 5 17 1 6 13 1 6 14 1 6 15 1 7 11 1 7 14 1 8 16 1 8 17 1 9 15 1 9 16 1
R 25674 54 81 6 144 3 1 2 3 5 4 2 1 0 2 4 1 3 0 2 2 1 4 0 3 5 0 3 1 0 2 1 4 2 3 1 0 2 5 3 2 1 0 3 2 0 4 2 3 1 3 4 5 1 0 4 2 0 4 4 5 0 0 2 1 5 4 3 3 5 0 4 5 1 0 5 3 1 4 2 4 2 5 3 1 5 | 18 25  0 8 2 0 15 1 1 9 1 1 12 1 1 13 1 2 9 1 2 12 1 2 13 1 3 10 1 3 12 1 3 14 1 4 10 1 4 13 1 4 15 1 5 11 1 5 16 1 5 17 1 6 11 2 6 16 1 7 14 1 7 15 1 7 17 1 8 16 1 9 17 1 10 14 1
R 29781 54 81 6 130 3 4 5 2 4 5 0 3 1 1 0 2 4 3 2 0 3 4 0 4 2 1 0 4 1 2 3 1 0 2 2 3 0 3 4 5 0 3 2 0 3 1 1 4 2 4 0 3 5 0 2 1 0 4 0 1 2 3 0 1 5 2 4 4 5 3 1 5 0 1 5 2 3 5 1 5 2 3 4 5 4 | 18 26  0 8 1 0 15 1 0 17 1 1 9 1 1 11 1 1 12 1 2 9 1 2 11 1 2 12 1 3 10 1 3 13 1 3 17 1 4 10 2 4 14 1 5 11 1 5 12 1 5 13 1 6 14 1 6 15 1 6 16 1 7 14 1 7 15 1 7 16 1 8 16 1 8 17 1 9 13 1
R 4960 54 81 6 115 3 4 5 1 0 2 0 1 2 3 4 1 1 0 2 3 4 2 3 0 1 4 1 5 1 2 3 4 2 0 3 2 1 3 2 0 5 1 2 0 2 5 0 1 4 3 1 0 0 4 3 3 1 4 0 1 2 3 5 4 4 5 3 0 5 2 4 5 3 1 5 0 4 5 2 0 3 2 4 5 1 | 18 23  0 8 1 0 13 1 0 14 1 1 9 2 1 15 1 2 10 2 2 13 1 3 10 1 3 14 1 3 15 1 4 11 2 4 14 1 5 11 1 5 15 1 5 17 1 6 12 1 6 16 1 6 17 1 7 12 2 7 16 1 8 13 1 8 17 1 9 16 1
R 49024 54 81 6 109 3 4 5 0 1 2 2 1 0 1 2 5 1 0 4 2 3 4 2 0 3 1 2 3 4 2 1 3 0 1 0 2 3 4 3 1 0 1 3 0 2 5 2 0 1 4 1 0 2 3 5 1 3 2 0 1 2 3 5 4 5 3 4 4 3 0 2 3 5 0 5 1 5 1 4 4 5 0 2 4 5 | 18 25  0 7 1 0 10 1 0 12 1 1 8 2 1 12 1 2 9 1 2 15 1 2 16 1 3 10 1 3 14 1 3 17 1 4 11 1 4 13 1 4 17 1 5 11 2 5 16 1 6 12 1 6 13 1 6 14 1 7 13 1 7 14 1 8 16 1 9 15 1 9 17 1 10 15 1
R 66709 54 81 6 236 3 4 5 1 3 2 2 5 3 0 1 2 0 4 2 1 2 0 5 3 4 1 2 3 2 4 1 1 0 5 0 2 3 1 0 2 0 3 5 4 2 5 1 4 0 1 2 4 1 4 0 0 3 2 0 1 2 0 4 5 4 1 0 5 3 4 3 1 5 4 3 5 0 2 1 4 5 3 5 2 3 | 18 27  0 7 1 0 10 1 0 12 1 1 8 1 1 10 1 1 11 1 2 9 1 2 12 1 2 13 1 3 10 1 3 14 1 3 17 1 4 11 1 4 13 1 4 14 1 5 12 1 5 13 1 5 16 1 6 15 1 6 16 1 6 17 1 7 11 1 7 15 1 8 16 1 8 17 1 9 14 1 9 15 1
R 92581 54 81 6 235 3 4 5 5 2 0 1 3 4 4 1 5 1 2 3 0 2 5 1 2 3 3 0 4 4 2 1 5 2 3 0 2 3 0 1 4 4 2 1 3 1 0 0 1 2 0 4 5 2 3 0 0 3 1 0 1 2 1 3 4 0 2 5 0 3 2 4 5 0 3 1 4 4 5 5 2 3 5 4 1 5 | 18 27  0 6 1 0 10 1 0 11 1 1 7 1 1 12 1 1 13 1 2 8 1 2 13 1 2 14 1 3 9 1 3 14 1 3 15 1 4 10 1 4 11 1 4 12 1 5 11 1 5 16 1 5 17 1 6 16 1 6 17 1 7 12 1 7 17 1 8 15 1 8 16 1 9 14 1 9 15 1 10 13 1
R 11856 54 81 6 3021 3 4 5 1 2 0 4 0 3 5 2 3 4 0 1 2 5 4 3 4 1 0 2 1 1 2 3 0 2 4 3 2 4 2 4 1 3 1 0 1 0 4 2 0 5 0 3 5 1 5 2 4 1 0 0 1 2 5 3 4 5 1 2 0 1 4 5 2 3 0 1 3 5 2 0 3 4 5 5 4 3 | 18 26  0 8 1 0 9 1 0 13 1 1 9 1 1 11 1 1 12 1 2 10 1 2 14 1 2 17 1 3 10 2 3 16 1 4 11 1 4 12 1 4 14 1 5 11 1 5 15 1 5 16 1 6 12 1 6 15 1 6 16 1 7 13 1 7 15 1 7 17 1 8 13 1 8 14 1 9 17 1
R 72755 54 81 6 293 3 4 5 0 2 1 1 2 0 0 3 2 1 4 5 0 2 1 5 3 4 1 2 3 5 4 0 0 2 3 2 4 5 1 3 0 3 2 1 1 0 4 3 0 2 3 1 4 4 2 3 0 1 5 0 1 2 3 4 5 4 3 5 1 4 5 2 0 3 3 4 5 1 0 2 5 4 2 1 5 0 | 18 26  0 7 1 0 9 1 0 13 1 1 8 1 1 12 1 1 14 1 2 9 1 2 10 1 2 12 1 3 10 1 3 11 2 4 11 1 4 16 1 4 17 1 5 13 1 5 14 1 5 16 1 6 14 1 6 15 1 6 17 1 7 13 1 7 17 1 8 15 1 8 16 1 9 15 1 10 12 1
R 38603 54 81 6 94 3 4 5 0 2 1 0 1 2 3 0 4 1 4 5 4 1 2 5 0 3 2 3 0 1 2 3 2 0 5 2 4 0 3 0 2 1 0 4 0 4 1 3 1 0 2 4 1 0 4 1 4 3 2 0 1 2 4 3 5 4 3 5 1 2 5 3 2 0 5 3 0 1 4 2 4 5 1 5 3 5 | 18 26  0 8 1 0 9 1 0 12 1 1 8 1 1 15 1 1 16 1 2 9 1 2 12 1 2 13 1 3 10 1 3 13 1 3 14 1 4 10 1 4 14 1 4 15 1 5 11 1 5 16 1 5 17 1 6 11 2 6 16 1 7 14 1 7 15 1 7 17 1 8 12 1 9 13 1 10 17 1
R 50229 54 81 6 142 1 2 3 1 4 0 1 4 5 0 4 2 1 0 2 3 4 5 2 3 5 3 4 5 2 0 1 2 0 1 0 2 1 5 4 2 3 4 0 2 1 3 1 0 3 1 3 4 0 2 3 0 5 3 0 4 5 3 2 5 3 0 2 3 5 1 3 5 4 0 1 2 1 4 0 1 2 5 4 5 4 | 18 25  0 7 1 0 10 2 1 8 1 1 12 1 1 13 1 2 9 1 2 13 1 2 14 1 3 10 1 3 14 1 3 17 1 4 11 1 4 12 1 4 13 1 5 11 2 5 15 1 6 12 1 6 14 1 6 15 1 7 16 1 7 17 1 8 16 1 8 17 1 9 15 1 9 16 1
R 25775 54 81 6 353 3 4 5 1 0 2 1 2 4 0 1 3 5 2 4 3 1 4 0 2 5 0 1 3 1 2 3 4 2 0 4 2 3 5 2 3 0 2 3 3 1 2 1 0 5 1 0 5 0 4 1 0 3 4 0 1 2 3 4 5 5 0 3 5 4 2 0 1 3 0 5 2 1 4 3 5 2 4 4 5 1 | 18 25  0 8 1 0 12 1 0 15 1 1 9 1 1 12 1 1 13 1 2 9 1 2 13 1 2 14 1 3 10 1 3 13 1 3 16 1 4 10 2 4 15 1 5 11 1 5 16 1 5 17 1 6 11 2 6 16 1 7 12 1 7 14 1 7 15 1 8 14 1 8 17 1 9 17 1
R 88546 54 81 6 439 3 4 5 1 5 2 0 1 3 3 1 2 5 1 4 5 4 0 3 0 1 1 2 3 2 3 4 0 2 5 4 3 5 4 1 3 1 0 5 0 1 3 1 0 4 2 4 0 5 0 2 0 2 3 0 1 2 0 4 3 2 5 4 0 4 5 0 2 3 3 2 1 2 4 5 4 5 5 1 3 1 | 18 25  0 7 1 0 9 1 0 13 1 1 8 1 1 13 1 1 14 1 2 10 1 2 11 1 2 17 1 3 10 1 3 16 1 3 17 1 4 11 2 4 16 1 5 12 1 5 14 1 5 17 1 6 12 2 6 15 1 7 9 1 7 14 1 8 13 1 8 15 1 9 15 1 10 16 1
R 4885 54 81 6 79 3 1 2 1 0 3 3 0 2 4 2 1 0 5 4 1 0 3 0 3 1 4 1 2 0 2 1 2 3 0 1 2 0 4 3 5 2 1 3 4 1 3 3 4 5 5 1 4 0 2 4 1 0 2 4 5 0 4 5 2 4 5 1 3 5 0 1 2 3 2 5 4 4 2 5 0 5 3 3 1 0 | 18 23  0 8 2 0 14 1 1 9 2 1 15 1 2 10 1 2 13 1 2 14 1 3 10 2 3 13 1 4 11 1 4 13 1 4 17 1 5 11 1 5 16 1 5 17 1 6 12 1 6 14 1 6 17 1 7 12 2 7 16 1 8 15 1 9 16 1 11 15 1
R 2796 54 81 6 2314 1 2 3 5 1 2 0 4 1 1 0 2 3 4 5 2 4 0 1 2 3 0 4 3 3 4 5 4 2 1 0 2 1 5 4 2 3 4 0 0 2 3 4 1 2 3 0 1 0 3 4 1 3 0 0 4 5 0 3 4 3 2 5 3 4 5 0 1 2 1 3 5 5 0 4 1 5 2 1 2 5 | 18 24  0 8 1 0 10 2 1 9 2 1 15 1 2 10 1 2 12 1 2 13 1 3 11 1 3 13 1 3 17 1 4 11 2 4 16 1 5 12 1 5 14 1 5 15 1 6 12 1 6 14 1 6 17 1 7 13 1 7 14 1 7 15 1 8 16 1 8 17 1 9 16 1
R 19975 54 81 6 176 3 1 2 2 4 0 3 0 2 1 3 2 0 4 1 5 0 1 2 3 4 0 3 5 0 2 1 1 0 5 3 4 2 1 3 2 4 3 5 0 1 4 3 4 5 4 1 5 0 3 2 0 1 2 4 5 0 3 1 5 4 5 1 0 4 5 5 2 3 4 3 2 0 1 5 2 1 4 3 2 0 | 18 24  0 8 2 0 14 1 1 9 1 1 10 2 2 9 1 2 13 1 2 14 1 3 10 1 3 16 1 3 17 1 4 11 1 4 12 1 4 17 1 5 11 1 5 13 1 5 14 1 6 12 2 6 16 1 7 15 1 7 16 1 7 17 1 8 15 1 9 13 1 11 15 1
R 88287 54 81 6 142 3 4 5 0 1 2 4 1 3 3 0 1 0 2 1 1 0 2 4 3 5 1 2 3 2 3 5 0 2 5 2 3 4 0 1 4 5 3 2 1 0 4 4 0 1 5 4 1 3 0 2 3 2 0 0 1 2 4 3 5 0 2 5 5 2 4 3 4 5 4 5 3 0 1 2 4 5 0 1 3 1 | 18 25  0 7 1 0 9 1 0 13 1 1 8 1 1 13 1 1 16 1 2 10 1 2 11 2 3 10 1 3 15 1 3 17 1 4 11 1 4 16 1 4 17 1 5 12 1 5 14 1 5 15 1 6 12 2 6 14 1 7 9 1 7 13 1 8 15 1 8 16 1 9 14 1 10 17 1
R 86652 54 81 6 85 3 4 5 2 3 5 5 3 4 2 0 1 0 1 2 5 4 2 1 0 3 1 2 3 1 0 2 1 2 5 2 3 0 1 0 3 0 2 3 0 2 5 1 3 4 2 4 3 0 1 2 0 1 4 0 1 2 4 0 1 0 2 1 3 4 5 4 5 3 1 0 3 5 4 2 4 5 5 3 4 5 | 18 27  0 7 1 0 13 1 0 17 1 1 8 1 1 14 1 1 15 1 2 9 1 2 11 1 2 12 1 3 9 1 3 12 1 3 15 1 4 10 1 4 11 1 4 13 1 5 10 1 5 15 1 5 16 1 6 12 1 6 13 1 6 14 1 7 16 1 7 17 1 8 14 1 8 17 1 9 11 1 10 16 1
R 93321 54 81 6 775 3 4 5 0 1 2 0 3 4 1 0 2 1 2 0 1 5 4 1 2 3 2 3 5 1 4 0 5 2 4 0 2 3 1 0 4 3 4 1 0 2 4 4 1 2 0 3 5 0 2 4 1 5 3 0 1 2 4 3 5 5 2 1 3 5 4 4 3 5 2 3 0 4 5 0 1 3 2 0 1 5 | 18 27  0 6 1 0 10 1 0 11 1 1 7 1 1 11 1 1 12 1 2 8 1 2 12 1 2 13 1 3 9 1 3 13 1 3 17 1 4 10 1 4 13 1 4 14 1 5 15 1 5 16 1 5 17 1 6 15 1 6 16 1 7 12 1 7 16 1 8 14 1 8 17 1 9 14 1 9 15 1 10 11 1
R 68130 54 81 6 383 3 4 5 1 0 2 5 2 3 1 2 3 0 1 2 0 3 4 0 5 4 1 2 3 2 3 1 4 0 5 0 2 3 0 1 4 4 3 1 1 0 3 4 2 5 1 0 2 3 0 1 5 2 4 0 1 2 4 3 5 1 0 4 4 0 5 5 3 4 5 2 1 2 1 3 4 5 5 0 2 3 | 18 27  0 7 1 0 10 1 0 11 1 1 8 1 1 11 1 1 12 1 2 9 1 2 12 1 2 13 1 3 10 1 3 14 1 3 15 1 4 10 1 4 14 1 4 16 1 5 11 1 5 16 1 5 17 1 6 13 1 6 14 1 6 15 1 7 15 1 7 16 1 8 13 1 8 17 1 9 12 1 9 17 1
R 5097 54 81 6 1571 3 4 5 0 2 3 0 1 2 3 4 1 1 0 5 2 4 5 0 1 2 0 2 5 1 2 3 5 3 2 4 2 1 5 4 3 0 2 3 0 1 4 0 5 3 2 1 5 2 0 1 2 0 1 0 1 2 1 4 5 3 5 4 0 2 5 2 4 3 0 1 3 5 3 4 1 3 4 4 5 0 | 18 24  0 8 1 0 12 1 0 13 1 1 9 2 1 13 1 2 10 2 2 12 1 3 10 1 3 14 1 3 17 1 4 11 1 4 16 1 4 17 1 5 11 2 5 16 1 6 12 1 6 13 1 6 14 1 7 14 1 7 15 1 7 17 1 8 15 1 8 16 1 9 15 1
R 37343 54 81 6 918 3 4 5 0 2 1 0 1 2 3 5 4 0 5 1 3 4 1 3 0 2 4 2 5 1 2 3 2 0 5 2 3 1 1 4 2 5 2 1 1 0 4 0 3 1 0 3 2 0 3 4 3 0 4 0 1 2 4 3 5 4 3 5 0 2 1 3 4 2 0 5 2 4 5 1 0 3 1 5 4 5 | 18 25  0 8 1 0 9 1 0 13 1 1 8 1 1 9 1 1 14 1 2 10 1 2 13 1 2 15 1 3 10 1 3 14 1 3 15 1 4 11 1 4 15 1 4 17 1 5 11 2 5 16 1 6 12 1 6 16 1 6 17 1 7 12 2 7 16 1 8 13 1 9 14 1 10 17 1
R 89627 54 81 6 219 3 4 5 0 1 2 3 4 5 0 1 3 0 2 5 0 1 2 0 5 4 1 2 3 0 2 5 2 3 0 5 2 1 2 5 1 1 0 4 4 0 1 0 1 4 3 1 2 3 4 5 3 4 2 0 1 2 4 3 5 1 2 0 4 2 5 3 4 1 4 3 5 3 2 1 4 5 3 5 0 0 | 18 27  0 7 1 0 8 1 0 12 1 1 9 1 1 12 1 1 13 1 2 9 1 2 14 1 2 15 1 3 10 1 3 13 1 3 14 1 4 10 1 4 15 1 4 16 1 5 11 1 5 14 1 5 17 1 6 11 1 6 16 1 6 17 1 7 8 1 7 12 1 8 13 1 9 15 1 10 16 1 11 17 1
R 15122 54 81 6 3322900 3 1 2 2 0 4 3 1 5 1 2 0 0 2 3 0 3 4 0 1 2 3 4 5 0 2 1 5 1 0 0 3 4 3 4 5 4 3 1 5 4 0 4 1 0 5 2 0 1 2 3 3 1 0 4 5 0 3 1 5 2 4 0 5 3 4 1 5 4 2 5 1 3 4 5 1 2 0 3 2 2 | 18 23  0 8 2 0 11 1 1 9 1 1 10 1 1 16 1 2 9 2 2 12 1 3 10 1 3 15 1 3 17 1 4 11 1 4 14 1 4 15 1 5 12 2 5 15 1 6 13 1 6 16 1 6 17 1 7 13 2 7 16 1 8 14 1 10 14 1 11 17 1
R 46537 54 81 6 671 3 4 5 0 3 2 0 1 4 1 2 0 3 4 5 1 0 2 3 4 5 1 2 3 1 2 0 3 4 1 0 2 3 4 2 1 5 4 2 1 0 3 0 5 2 0 2 4 1 3 5 3 0 1 0 1 2 5 4 1 2 5 3 4 3 5 0 1 2 3 5 4 0 1 2 4 5 3 4 0 5 | 18 24  0 7 1 0 10 1 0 13 1 1 8 1 1 13 1 1 14 1 2 9 2 2 14 1 3 10 1 3 11 2 4 11 1 4 15 1 4 17 1 5 12 1 5 13 1 5 17 1 6 12 2 6 16 1 7 14 1 7 15 1 8 15 1 8 16 1 9 16 1 10 17 1
R 5308 54 81 6 1421 3 4 5 3 2 4 0 1 2 4 5 3 4 1 2 3 0 5 1 2 3 0 1 4 1 2 3 5 4 2 3 5 2 3 2 1 0 2 3 1 0 4 4 1 5 1 0 2 4 0 1 4 0 3 0 1 2 0 1 5 4 3 5 0 1 2 0 5 3 4 2 1 4 5 0 5 3 2 4 5 3 | 18 24  0 8 1 0 12 1 0 13 1 1 9 2 1 15 1 2 10 1 2 13 1 2 17 1 3 10 2 3 14 1 4 11 2 4 14 1 5 11 1 5 16 1 5 17 1 6 12 1 6 13 1 6 14 1 7 12 1 7 15 1 7 17 1 8 15 1 8 16 1 9 16 1
R 22688 54 81 6 4657 3 1 2 3 5 4 1 2 4 0 1 5 1 2 3 0 2 3 0 3 4 0 3 2 0 2 1 4 1 0 2 5 3 3 0 1 0 2 4 4 2 1 1 3 2 3 4 5 1 0 5 0 4 5 4 5 0 2 0 1 5 3 0 4 3 2 4 5 0 5 4 1 1 5 2 5 1 4 3 3 2 | 18 25  0 8 2 0 15 1 1 9 1 1 10 2 2 9 1 2 12 1 2 14 1 3 10 1 3 13 1 3 17 1 4 11 1 4 12 1 4 13 1 5 11 1 5 14 1 5 17 1 6 12 1 6 14 1 6 16 1 7 13 1 7 15 1 7 16 1 8 16 1 9 17 1 11 15 1
R 74852 54 81 6 101 3 4 5 2 0 3 1 2 5 1 5 2 0 5 1 2 4 0 3 0 1 1 2 3 3 1 5 0 2 3 2 0 1 1 0 2 0 1 3 3 1 4 0 5 2 4 1 0 3 1 4 2 3 4 0 1 2 4 1 5 4 3 0 3 4 0 4 2 3 3 5 1 4 5 2 4 5 2 0 5 5 | 18 26  0 7 1 0 9 1 0 12 1 1 8 1 1 14 1 1 15 1 2 9 1 2 15 1 2 16 1 3 10 1 3 12 1 3 13 1 4 10 1 4 13 1 4 14 1 5 11 1 5 12 1 5 17 1 6 11 2 6 16 1 7 14 1 7 16 1 8 15 1 8 17 1 9 13 1 10 17 1
R 84333 54 81 6 1119 3 4 5 0 5 3 2 4 3 1 5 2 0 5 1 1 5 2 0 3 2 1 2 3 1 4 0 0 1 4 5 4 2 2 0 1 0 2 3 1 2 3 0 2 5 0 1 3 3 1 4 0 3 5 0 1 2 2 4 1 5 0 1 3 4 0 3 2 4 3 4 0 4 5 1 4 5 5 3 2 5 | 18 26  0 7 1 0 12 1 0 15 1 1 8 1 1 13 1 1 14 1 2 9 1 2 10 2 3 9 1 3 15 1 3 16 1 4 10 1 4 16 1 4 17 1 5 11 1 5 12 1 5 13 1 6 11 1 6 15 1 6 17 1 7 14 1 7 16 1 8 13 1 8 14 1 9 17 1 11 12 1
R 64631 54 81 6 183 3 4 5 0 1 2 0 3 1 1 0 3 2 4 0 1 2 4 1 0 5 1 2 3 2 4 5 2 1 3 2 3 0 0 2 5 1 0 3 3 4 1 2 0 3 4 3 1 4 1 0 1 2 4 0 1 2 3 4 5 4 2 5 4 5 2 1 3 5 3 5 0 4 2 3 4 5 1 0 5 0 | 18 26  0 7 1 0 11 1 0 12 1 1 8 1 1 12 1 1 15 1 2 9 1 2 13 1 2 14 1 3 10 2 3 15 1 4 10 1 4 16 1 4 17 1 5 11 1 5 12 1 5 13 1 6 14 1 6 16 1 6 17 1 7 11 1 7 13 1 8 14 1 8 15 1 9 16 1 9 17 1
R 40183 54 81 6 126 3 4 5 1 0 2 0 1 4 1 0 3 1 2 5 3 0 1 4 1 5 1 2 3 3 2 0 3 4 1 4 3 0 0 2 3 5 1 2 1 0 4 2 0 1 0 3 5 2 4 5 3 1 4 0 1 2 4 5 3 2 5 3 2 5 4 4 3 0 4 5 2 0 3 2 4 5 1 0 1 5 | 18 23  0 7 1 0 11 1 0 13 1 1 8 2 1 13 1 2 9 2 2 14 1 3 10 2 3 14 1 4 11 1 4 16 1 4 17 1 5 12 1 5 13 1 5 17 1 6 12 2 6 15 1 7 15 1 7 17 1 8 15 1 9 16 1 10 16 1 11 14 1
R 17472 54 81 6 75 3 4 5 4 2 3 0 1 4 5 0 1 1 2 0 1 0 2 4 3 2 3 4 0 1 2 3 3 0 2 1 0 3 0 2 3 2 3 0 0 3 1 5 4 1 2 0 5 4 2 1 1 0 4 0 1 2 1 5 0 5 2 3 2 4 3 4 5 3 4 5 3 1 5 0 2 1 5 4 5 4 | 18 24  0 8 1 0 11 1 0 17 1 1 9 1 1 10 1 1 14 1 2 9 1 2 14 1 2 15 1 3 10 2 3 16 1 4 11 2 4 14 1 5 12 1 5 13 1 5 17 1 6 12 2 6 16 1 7 13 1 7 15 1 7 16 1 8 15 1 8 17 1 9 13 1
R 79547 54 81 6 380 1 2 3 2 5 4 1 0 2 2 5 3 5 0 4 0 4 1 0 1 3 3 4 5 1 3 2 3 2 1 4 0 2 0 2 1 4 0 2 1 0 3 3 0 4 0 1 2 0 5 4 1 5 0 0 4 5 0 1 3 4 5 3 0 1 4 1 3 2 3 2 5 5 4 2 1 2 5 4 5 3 | 18 25  0 7 1 0 11 2 1 8 1 1 14 1 1 15 1 2 9 1 2 10 1 2 17 1 3 9 1 3 12 1 3 13 1 4 10 2 4 13 1 5 11 1 5 14 1 5 15 1 6 12 1 6 15 1 6 16 1 7 16 1 7 17 1 8 14 1 8 17 1 9 13 1 12 16 1
R 65225 54 81 6 218 3 4 5 0 1 2 3 0 4 3 0 1 5 2 4 1 2 4 1 2 5 1 2 3 3 2 0 5 2 0 4 2 0 0 2 5 1 0 4 3 4 2 0 1 3 0 1 2 5 4 1 2 1 3 0 1 2 4 3 5 1 2 5 5 2 4 1 3 0 3 0 5 4 3 0 4 5 1 5 4 3 | 18 26  0 7 1 0 11 1 0 12 1 1 8 1 1 12 1 1 13 1 2 9 1 2 14 1 2 17 1 3 10 1 3 16 1 3 17 1 4 10 2 4 16 1 5 11 1 5 13 1 5 15 1 6 14 1 6 15 1 6 17 1 7 11 1 7 12 1 8 13 1 8 14 1 9 15 1 9 16 1
R 28007 54 81 6 209 3 4 5 0 1 2 3 4 5 3 1 5 2 4 0 2 3 0 1 4 5 0 1 2 1 2 3 2 4 0 0 4 1 5 4 3 1 3 2 0 2 3 1 0 4 1 0 3 2 5 0 3 1 2 0 1 2 3 4 5 1 2 0 2 0 4 3 5 1 1 4 5 0 2 3 4 3 5 5 4 5 | 18 25  0 8 1 0 13 1 0 14 1 1 9 1 1 12 1 1 13 1 2 9 1 2 15 1 2 17 1 3 10 1 3 12 1 3 17 1 4 10 2 4 16 1 5 11 1 5 15 1 5 17 1 6 11 2 6 16 1 7 13 1 7 14 1 7 15 1 8 14 1 8 16 1 9 12 1
R 72694 54 81 6 121 3 4 5 2 3 5 1 5 0 2 0 1 5 3 0 0 4 1 3 2 4 1 2 3 0 1 2 0 2 4 5 2 1 0 3 1 4 1 3 1 3 4 4 2 5 3 2 0 0 1 4 2 0 3 0 1 2 4 0 1 3 4 2 3 5 4 2 4 1 2 3 5 5 0 1 4 5 3 5 5 0 | 18 26  0 7 1 0 9 1 0 16 1 1 8 1 1 12 1 1 17 1 2 9 1 2 10 1 2 12 1 3 10 1 3 11 1 3 17 1 4 11 2 4 14 1 5 13 1 5 14 1 5 15 1 6 13 1 6 14 1 6 15 1 7 15 1 7 16 1 8 16 1 8 17 1 9 12 1 10 13 1
R 35474 54 81 6 75 3 4 5 0 1 2 0 3 4 0 1 2 3 4 2 0 1 2 1 2 0 0 3 4 1 2 3 2 4 1 3 1 2 0 2 3 1 0 4 4 5 2 3 2 0 3 0 1 4 0 2 0 1 3 0 1 2 3 5 4 5 1 2 4 3 5 0 1 5 5 3 4 5 3 4 1 2 5 4 5 0 | 18 27  0 8 1 0 11 1 0 12 1 1 9 1 1 10 1 1 11 1 2 9 1 2 14 1 2 17 1 3 10 1 3 12 1 3 14 1 4 10 1 4 16 1 4 17 1 5 11 1 5 13 1 5 15 1 6 12 1 6 16 1 6 17 1 7 13 1 7 15 1 7 16 1 8 14 1 8 15 1 9 13 1
R 14255 54 81 6 448 3 4 5 4 3 2 1 0 2 0 4 1 1 2 0 5 3 0 5 2 3 1 4 5 1 2 3 0 2 3 1 4 2 0 2 3 0 3 1 0 3 1 5 4 3 1 4 2 0 5 2 1 0 4 0 1 2 1 5 0 4 5 3 3 5 2 4 5 3 2 4 1 4 0 1 0 2 3 4 5 5 | 18 22  0 8 1 0 11 1 0 17 1 1 9 2 1 10 1 2 9 1 2 12 1 2 17 1 3 10 2 3 13 1 4 11 2 4 15 1 5 12 2 5 14 1 6 13 1 6 15 1 6 16 1 7 14 2 7 16 1 8 16 1 8 17 1 13 15 1
R 78245 54 81 6 605 3 4 5 2 1 3 2 5 4 0 1 2 2 0 3 5 3 2 5 0 1 1 2 3 0 3 1 0 2 4 3 5 2 2 5 3 4 5 2 1 0 4 0 3 1 1 2 0 5 4 0 3 2 0 0 1 2 4 5 0 3 0 1 4 3 5 1 4 5 0 4 1 2 3 4 4 5 2 5 1 3 | 18 25  0 7 1 0 9 1 0 13 1 1 8 2 1 11 1 2 9 1 2 10 2 3 11 1 3 13 1 3 14 1 4 12 1 4 14 1 4 15 1 5 12 1 5 15 1 5 16 1 6 14 1 6 15 1 6 17 1 7 10 1 7 13 1 8 16 1 9 17 1 11 17 1 12 16 1
R 9477 54 81 6 454 1 2 3 0 4 1 0 2 4 3 0 5 0 1 2 3 4 2 5 2 1 5 0 1 3 4 5 0 2 1 5 1 4 5 2 1 1 3 4 3 4 0 0 3 2 4 5 2 1 2 0 5 0 3 0 4 5 3 2 5 3 5 1 2 1 4 3 4 5 0 5 1 0 4 3 2 3 4 1 2 0 | 18 25  0 8 1 0 9 2 1 9 1 1 13 1 1 14 1 2 10 1 2 12 1 2 13 1 3 10 1 3 14 1 3 16 1 4 11 2 4 13 1 5 11 1 5 16 1 5 17 1 6 12 1 6 14 1 6 15 1 7 12 1 7 16 1 7 17 1 8 15 1 8 17 1 10 15 1
R 80734 54 81 6 157 1 2 3 0 1 2 0 3 5 0 1 3 2 1 5 0 4 2 0 2 1 3 4 5 2 4 5 2 5 3 4 1 3 0 2 1 2 0 1 3 1 2 4 0 3 3 1 2 0 4 2 5 0 3 0 4 5 3 5 4 1 2 4 4 5 2 0 3 4 3 5 1 5 4 3 1 2 1 0 0 5 | 18 26  0 7 1 0 11 2 1 8 1 1 13 1 1 17 1 2 9 1 2 10 1 2 12 1 3 9 1 3 12 1 3 14 1 4 10 1 4 12 1 4 13 1 5 11 1 5 15 1 5 17 1 6 14 1 6 15 1 6 16 1 7 16 1 7 17 1 8 14 1 8 15 1 9 13 1 10 16 1
R 21537 54 81 6 88 3 1 2 2 1 3 0 5 4 5 1 0 1 2 3 0 2 3 1 4 0 3 0 2 0 2 1 3 5 4 0 1 2 3 0 1 2 0 1 4 0 3 1 2 5 3 4 5 4 5 0 0 2 3 4 5 0 0 5 4 2 3 1 3 4 2 4 5 0 5 4 1 3 2 5 4 5 1 3 1 2 | 18 24  0 8 2 0 15 1 1 9 1 1 10 1 1 17 1 2 9 1 2 14 1 2 17 1 3 10 2 3 16 1 4 11 1 4 13 1 4 14 1 5 11 1 5 14 1 5 16 1 6 12 1 6 13 1 6 17 1 7 12 2 7 15 1 8 16 1 9 13 1 11 15 1
R 58921 54 81 6 156 3 4 5 1 2 4 2 1 5 3 2 5 1 0 2 0 3 2 0 1 4 1 2 3 0 4 2 4 5 1 0 5 2 4 3 5 0 2 3 0 1 5 0 2 1 0 3 5 1 3 4 1 4 0 0 1 2 5 3 0 0 3 4 1 4 0 3 4 5 1 4 5 5 3 2 4 5 1 3 2 2 | 18 25  0 7 1 0 12 1 0 13 1 1 8 1 1 13 1 1 16 1 2 9 2 2 14 1 3 10 2 3 11 1 4 10 1 4 12 1 4 17 1 5 11 1 5 13 1 5 14 1 6 12 1 6 14 1 6 15 1 7 15 1 7 16 1 8 15 1 8 17 1 9 16 1 11 17 1
R 7597 54 81 6 265 3 4 5 1 2 3 0 4 2 5 2 1 1 0 3 4 5 0 0 1 3 4 2 3 1 2 3 0 2 4 1 2 3 5 3 0 3 2 0 0 1 5 2 1 0 4 1 5 2 1 4 3 0 4 0 1 2 5 4 0 5 3 1 0 4 3 2 4 5 1 3 2 4 2 5 1 5 0 4 5 3 | 18 24  0 8 1 0 9 1 0 13 1 1 9 1 1 13 1 1 15 1 2 10 1 2 13 1 2 17 1 3 10 2 3 15 1 4 11 2 4 14 1 5 11 1 5 16 1 5 17 1 6 12 1 6 15 1 6 16 1 7 12 2 7 16 1 8 14 1 8 17 1 9 14 1
R 26395 54 81 6 1007 3 4 5 2 0 4 1 0 2 0 5 3 1 4 3 1 0 2 4 3 5 4 1 2 1 2 3 4 3 2 3 4 2 5 3 2 1 0 2 3 1 0 1 4 5 4 3 1 0 2 5 1 0 4 0 1 2 1 3 5 5 4 3 1 4 2 0 5 2 4 5 3 0 1 2 5 0 3 4 5 0 | 18 25  0 8 1 0 16 1 0 17 1 1 9 1 1 12 1 1 13 1 2 9 1 2 13 1 2 14 1 3 10 1 3 12 1 3 13 1 4 10 2 4 14 1 5 11 1 5 15 1 5 17 1 6 11 2 6 15 1 7 12 1 7 15 1 7 16 1 8 16 1 8 17 1 9 14 1
R 73643 54 81 6 147 3 4 5 2 0 3 1 2 5 0 5 1 4 1 5 0 2 3 0 2 5 1 2 3 1 3 5 0 2 3 2 0 1 3 5 1 3 1 4 0 5 2 1 2 3 2 0 4 1 4 0 0 3 4 0 1 2 4 1 5 4 3 0 4 2 3 0 2 3 4 5 1 4 1 3 4 5 0 2 5 5 | 18 26  0 7 1 0 9 1 0 17 1 1 8 1 1 13 1 1 14 1 2 9 1 2 10 1 2 12 1 3 10 1 3 12 1 3 13 1 4 11 2 4 15 1 5 11 1 5 16 1 5 17 1 6 14 1 6 15 1 6 16 1 7 13 1 7 15 1 8 14 1 8 16 1 9 12 1 10 17 1
R 25241 54 81 6 3723 3 4 5 1 5 4 3 2 4 0 3 5 0 1 2 1 2 4 0 1 2 0 3 1 1 2 3 4 2 5 3 5 1 2 0 3 0 2 3 1 0 4 2 0 1 1 5 4 3 2 0 0 4 3 0 1 2 3 0 2 0 1 5 4 1 2 4 3 5 5 3 0 4 3 5 5 2 4 5 4 1 | 18 26  0 8 1 0 12 1 0 13 1 1 9 1 1 10 2 2 9 1 2 11 1 2 12 1 3 10 1 3 16 1 3 17 1 4 11 1 4 13 1 4 16 1 5 11 1 5 14 1 5 15 1 6 12 1 6 15 1 6 17 1 7 14 1 7 15 1 7 16 1 8 13 1 8 14 1 9 17 1
R 38401 54 81 6 213 3 4 5 0 2 5 0 3 1 1 2 5 4 0 2 0 1 3 0 2 3 2 1 4 1 2 3 2 0 4 0 5 2 3 1 4 4 3 5 1 4 0 1 2 0 3 0 4 0 1 2 0 1 5 0 1 2 4 3 1 5 2 4 3 4 0 1 5 3 2 5 4 1 5 4 0 3 5 5 3 2 | 18 25  0 8 1 0 9 1 0 17 1 1 8 1 1 14 1 1 15 1 2 9 1 2 15 1 2 17 1 3 10 2 3 11 1 4 10 1 4 16 1 4 17 1 5 11 2 5 16 1 6 12 1 6 13 1 6 14 1 7 12 1 7 13 1 7 14 1 8 15 1 9 16 1 12 13 1
R 91496 54 81 6 414 3 1 2 1 3 4 0 2 1 0 1 3 0 2 3 2 4 5 0 2 1 4 2 5 1 3 0 5 2 3 3 4 5 1 2 0 0 3 4 2 3 1 1 0 4 0 4 2 3 4 5 5 0 1 4 5 0 0 2 5 5 4 3 4 2 5 1 4 5 3 1 0 3 3 1 2 4 1 0 2 5 | 18 26  0 6 2 0 10 1 1 7 1 1 12 1 1 14 1 2 8 1 2 13 1 2 17 1 3 9 1 3 14 1 3 15 1 4 10 1 4 11 1 4 12 1 5 11 1 5 12 1 5 13 1 6 14 1 7 15 1 7 16 1 8 16 1 8 17 1 9 15 1 9 16 1 10 17 1 11 13 1
R 56749 54 81 6 170 3 4 5 1 5 2 3 5 0 1 3 4 2 5 0 1 0 2 4 3 2 1 2 3 2 3 4 2 0 5 0 2 1 5 2 3 2 3 0 0 2 5 0 1 3 1 0 4 5 4 2 1 0 3 0 1 2 0 4 3 1 4 2 5 0 2 3 1 4 4 3 5 1 5 0 4 5 5 1 3 4 | 18 24  0 7 1 0 13 1 0 14 1 1 8 1 1 14 1 1 15 1 2 9 2 2 15 1 3 10 1 3 11 1 3 17 1 4 10 1 4 11 2 5 12 1 5 13 1 5 17 1 6 12 2 6 16 1 7 13 1 7 15 1 8 14 1 8 16 1 9 16 1 10 17 1
R 85547 54 81 6 421 3 4 5 2 3 4 3 2 4 2 0 1 1 0 2 0 5 2 0 1 5 1 2 3 0 4 3 1 4 3 2 0 3 3 0 1 0 2 3 1 0 4 3 1 4 0 2 1 5 0 1 2 0 4 0 1 2 1 0 5 0 1 5 5 4 3 4 5 3 4 3 1 4 2 3 5 4 5 2 2 5 | 18 27  0 7 1 0 12 1 0 13 1 1 8 1 1 14 1 1 17 1 2 9 1 2 10 1 2 12 1 3 9 1 3 16 1 3 17 1 4 10 1 4 11 1 4 13 1 5 11 1 5 16 1 5 17 1 6 12 1 6 14 1 6 15 1 7 13 1 7 15 1 8 15 1 8 16 1 9 11 1 10 14 1
R 89717 54 81 6 2340 1 2 3 2 0 4 1 0 2 2 1 4 5 0 4 0 4 1 3 4 5 1 4 2 5 2 1 0 4 1 3 1 0 0 2 1 0 3 4 1 2 3 0 1 2 3 2 4 0 4 3 1 3 5 0 4 5 3 1 5 3 5 4 3 5 0 2 3 1 3 2 5 1 2 5 0 0 4 2 4 5 | 18 25  0 6 1 0 11 2 1 7 1 1 12 1 1 13 1 2 8 1 2 12 1 2 13 1 3 9 2 3 13 1 4 10 1 4 14 1 4 15 1 5 11 1 5 12 1 5 14 1 6 16 1 6 17 1 7 15 1 7 17 1 8 15 1 8 17 1 9 16 1 10 14 1 10 16 1
R 79239 54 81 6 2790 3 4 5 2 3 5 2 0 1 1 4 2 3 4 5 1 2 0 0 1 3 1 2 3 0 1 2 3 4 2 5 4 2 0 2 3 3 1 2 2 3 0 0 4 1 0 1 4 1 0 4 2 0 3 0 1 2 4 0 1 5 3 4 0 5 3 0 1 2 4 5 3 4 5 2 4 5 3 5 1 5 | 18 25  0 7 1 0 11 1 0 16 1 1 8 1 1 12 1 1 17 1 2 9 1 2 10 1 2 17 1 3 9 1 3 14 1 3 15 1 4 10 2 4 14 1 5 11 1 5 13 1 5 14 1 6 12 2 6 15 1 7 13 1 7 15 1 8 16 1 8 17 1 9 13 1 11 16 1
R 52984 54 81 6 200 1 2 3 3 2 1 4 0 5 0 4 2 0 3 4 1 3 2 2 0 1 3 4 5 1 5 4 2 5 0 0 2 1 2 4 5 2 0 1 0 1 4 1 3 0 4 1 0 0 3 2 5 0 3 0 4 5 0 4 5 1 3 2 3 5 1 1 5 2 0 5 4 3 5 4 1 2 2 3 4 3 | 18 25  0 7 1 0 10 2 1 8 1 1 12 1 1 16 1 2 9 2 2 15 1 3 10 1 3 14 1 3 17 1 4 11 1 4 12 1 4 13 1 5 11 1 5 13 1 5 14 1 6 13 1 6 15 1 6 17 1 7 16 1 7 17 1 8 14 1 8 15 1 9 16 1 11 12 1
R 39786 54 81 6 773 3 4 5 0 3 4 5 1 3 1 0 4 1 2 5 1 0 2 5 0 1 1 2 3 1 4 3 4 3 1 3 4 0 0 2 3 2 0 5 0 1 4 2 0 1 2 1 5 0 3 2 3 1 4 0 1 2 2 5 1 0 2 4 2 5 3 4 3 0 3 4 5 3 4 2 4 5 0 5 1 5 | 18 23  0 7 1 0 11 1 0 13 1 1 8 2 1 12 1 2 9 2 2 14 1 3 10 2 3 15 1 4 11 1 4 13 1 4 17 1 5 12 2 5 13 1 6 14 1 6 16 1 6 17 1 7 15 1 7 17 1 8 15 1 9 16 1 10 16 1 11 14 1
R 10335 54 81 6 1082 3 4 5 1 2 0 3 5 4 0 5 1 1 0 4 5 3 4 3 5 2 1 0 2 1 2 3 0 2 3 2 1 3 4 3 2 1 4 0 3 0 5 2 0 1 1 5 4 0 5 3 0 1 4 0 1 2 4 5 3 0 2 1 4 2 3 5 3 2 0 1 2 4 0 1 3 4 5 4 5 5 | 18 25  0 8 1 0 9 1 0 17 1 1 9 2 1 12 1 2 10 1 2 12 1 2 13 1 3 10 1 3 13 1 3 17 1 4 11 1 4 14 1 4 15 1 5 11 2 5 16 1 6 14 1 6 15 1 6 16 1 7 15 1 7 16 1 7 17 1 8 13 1 8 14 1 10 12 1
R 56783 54 81 6 1018 3 4 5 1 0 2 4 0 3 0 1 4 3 5 2 0 1 4 2 1 3 1 2 3 2 5 4 5 3 0 2 3 0 5 3 1 0 2 3 1 3 4 1 2 0 0 3 5 3 1 2 0 2 1 0 1 2 3 4 5 1 2 5 5 2 3 1 0 4 5 3 2 0 5 4 4 5 1 0 4 4 | 18 25  0 7 1 0 12 1 0 13 1 1 8 1 1 12 1 1 16 1 2 9 2 2 13 1 3 10 1 3 11 1 3 17 1 4 10 1 4 11 2 5 12 1 5 14 1 5 15 1 6 13 1 6 14 1 6 15 1 7 14 1 7 17 1 8 15 1 8 16 1 9 16 1 10 17 1
R 88753 54 81 6 256 3 4 5 0 1 2 0 2 3 3 0 1 5 0 4 2 1 4 1 3 4 1 2 3 2 3 0 0 2 5 1 3 2 3 4 0 1 0 4 4 0 1 4 3 2 5 4 1 3 2 1 0 4 2 0 1 2 4 3 5 4 1 5 5 2 4 1 2 3 5 0 3 2 0 5 4 5 5 1 3 0 | 18 26  0 7 1 0 9 1 0 12 1 1 8 1 1 12 1 1 14 1 2 10 1 2 14 1 2 17 1 3 10 1 3 15 1 3 16 1 4 11 2 4 15 1 5 11 1 5 16 1 5 17 1 6 13 1 6 14 1 6 16 1 7 9 1 7 12 1 8 13 1 8 17 1 9 13 1 10 15 1
R 93703 54 81 6 99 3 4 5 1 0 2 1 0 2 0 2 4 0 2 1 0 1 3 1 2 3 2 4 5 2 4 1 1 4 0 4 1 2 0 2 3 1 0 3 1 3 4 2 3 5 0 2 3 1 4 2 0 1 5 0 1 2 3 4 5 3 4 5 5 1 3 3 5 4 5 2 4 4 5 1 0 0 5 3 2 0 | 18 27  0 6 1 0 11 1 0 12 1 1 7 1 1 11 1 1 12 1 2 8 1 2 12 1 2 13 1 3 9 1 3 14 1 3 17 1 4 10 1 4 11 1 4 17 1 5 10 1 5 13 1 5 14 1 6 15 1 6 16 1 7 15 1 7 16 1 8 13 1 8 15 1 9 16 1 9 17 1 10 14 1
R 71991 54 81 6 214 3 4 5 4 2 3 0 1 2 0 1 4 0 1 4 3 2 1 2 0 5 1 2 3 1 3 5 2 0 3 0 2 4 4 2 5 2 3 0 0 3 4 1 0 4 3 0 1 0 1 2 3 0 1 0 1 2 0 1 5 4 3 5 3 2 5 3 5 2 0 4 5 1 3 4 5 4 4 2 5 1 | 18 26  0 7 1 0 9 1 0 14 1 1 8 1 1 10 2 2 9 1 2 14 1 2 15 1 3 10 1 3 15 1 3 17 1 4 11 1 4 12 1 4 13 1 5 11 1 5 12 1 5 13 1 6 13 1 6 16 1 6 17 1 7 14 1 7 15 1 8 16 1 8 17 1 9 16 1 11 12 1
R 36973 54 81 6 107 3 4 5 2 4 1 0 4 2 3 0 1 1 4 3 0 2 5 0 1 3 5 4 2 1 2 3 1 0 2 2 1 3 4 3 5 0 2 3 1 0 4 3 0 5 2 0 1 2 4 0 1 5 3 0 1 2 3 0 5 5 3 1 5 2 4 0 5 2 1 3 4 2 4 5 3 1 0 5 4 4 | 18 27  0 8 1 0 12 1 0 13 1 1 9 1 1 11 1 1 12 1 2 9 1 2 13 1 2 14 1 3 10 1 3 11 1 3 12 1 4 10 1 4 15 1 4 17 1 5 11 1 5 16 1 5 17 1 6 14 1 6 15 1 6 16 1 7 15 1 7 16 1 7 17 1 8 13 1 8 14 1 9 10 1
R 72340 54 81 6 1007 3 4 5 0 1 2 1 2 0 2 3 5 1 4 2 1 0 5 3 4 5 1 2 3 2 3 5 0 2 3 4 5 0 1 3 2 5 4 1 1 0 4 1 3 4 5 0 2 0 3 2 3 1 4 0 1 2 4 3 5 4 3 5 1 0 4 5 3 0 3 4 2 0 2 1 4 5 0 1 5 2 | 18 25  0 7 1 0 9 1 0 13 1 1 8 1 1 13 1 1 16 1 2 9 1 2 10 1 2 14 1 3 10 1 3 11 2 4 11 1 4 15 1 4 17 1 5 12 1 5 16 1 5 17 1 6 12 2 6 16 1 7 15 1 7 17 1 8 14 1 8 15 1 9 13 1 10 14 1
R 6206 54 81 6 1274 1 2 3 0 4 1 1 2 3 0 2 5 1 0 4 3 1 2 0 3 4 2 0 1 3 4 5 0 2 1 3 4 0 5 2 1 4 0 3 2 1 0 4 3 2 1 0 4 3 0 2 0 5 3 0 4 5 3 2 5 5 0 4 3 4 1 2 5 3 4 5 0 1 5 2 3 5 4 1 2 1 | 18 21  0 8 1 0 9 2 1 9 1 1 10 1 1 16 1 2 10 1 2 11 1 2 17 1 3 11 2 3 12 1 4 12 2 4 13 1 5 13 2 5 14 1 6 14 2 6 15 1 7 15 2 7 16 1 8 16 1 8 17 1 10 17 1
R 94864 54 81 6 75 3 4 5 2 3 0 0 1 2 0 1 3 1 4 2 3 0 5 1 2 3 5 0 4 2 3 0 2 3 1 0 2 5 1 3 2 1 0 4 4 0 1 0 2 4 0 3 4 1 3 0 1 2 4 0 1 2 1 4 5 4 3 5 4 2 5 0 3 5 1 2 4 4 5 2 3 1 5 5 0 3 | 18 26  0 6 1 0 10 1 0 12 1 1 7 1 1 11 2 2 8 1 2 12 1 2 13 1 3 9 1 3 13 1 3 14 1 4 11 1 4 14 1 4 15 1 5 14 1 5 15 1 5 16 1 6 10 1 6 12 1 7 16 1 7 17 1 8 15 1 8 17 1 9 16 1 9 17 1 10 13 1
R 18673 54 81 6 147 3 1 2 4 5 3 2 0 4 0 1 2 5 0 3 3 0 2 5 0 1 0 4 1 0 2 1 1 2 4 0 5 4 3 0 2 1 5 2 0 1 2 3 4 5 4 1 3 4 1 0 3 2 0 4 5 0 0 1 2 3 5 1 3 5 4 1 4 2 4 5 1 3 4 2 3 2 5 3 5 0 | 18 24  0 8 2 0 14 1 1 9 1 1 10 2 2 9 1 2 11 1 2 17 1 3 10 1 3 15 1 3 17 1 4 11 2 4 16 1 5 12 1 5 13 1 5 14 1 6 12 1 6 13 1 6 14 1 7 13 1 7 15 1 7 17 1 8 16 1 9 16 1 12 15 1
R 69888 54 81 6 184 3 4 5 0 5 4 1 2 0 3 2 4 3 4 1 1 0 2 0 5 1 1 2 3 3 4 0 0 2 3 1 2 4 1 4 0 0 2 3 3 5 4 2 0 3 0 4 2 2 0 3 1 0 4 0 1 2 2 3 1 4 5 3 0 1 5 2 5 0 4 5 3 2 4 3 4 5 1 5 5 1 | 18 24  0 7 1 0 9 1 0 17 1 1 8 1 1 10 1 1 14 1 2 9 2 2 11 1 3 10 1 3 12 2 4 11 2 4 13 1 5 12 1 5 15 1 5 17 1 6 13 1 6 14 1 6 15 1 7 16 1 7 17 1 8 15 1 8 16 1 10 14 1 13 16 1
R 45615 54 81 6 101 3 1 2 2 4 1 2 4 0 0 2 3 0 3 4 2 4 1 3 1 4 0 2 1 1 0 5 1 0 2 3 4 5 3 4 2 1 2 0 1 4 3 3 4 0 1 3 0 4 0 1 2 1 3 4 5 0 3 0 5 3 1 5 1 4 5 1 2 5 3 0 5 5 2 0 3 2 4 4 5 2 | 18 25  0 7 2 0 10 1 1 8 1 1 11 2 2 9 1 2 14 1 2 15 1 3 10 1 3 12 1 3 13 1 4 11 1 4 13 1 4 17 1 5 12 1 5 13 1 5 14 1 6 12 1 6 15 1 6 17 1 7 16 1 8 14 1 8 17 1 9 15 1 9 16 1 10 16 1
R 64434 54 81 6 1189 3 4 5 1 0 2 0 1 2 3 1 4 2 0 4 1 2 0 0 3 5 1 2 3 2 4 5 4 5 1 4 0 1 0 2 5 0 1 3 1 3 2 4 3 2 5 0 3 1 3 4 0 3 2 0 1 2 3 4 5 3 5 4 2 0 5 3 5 1 3 4 5 1 2 4 4 5 0 1 0 2 | 18 26  0 7 1 0 11 1 0 12 1 1 8 1 1 12 1 1 13 1 2 9 1 2 12 1 2 15 1 3 10 1 3 13 1 3 17 1 4 10 2 4 15 1 5 11 1 5 13 1 5 14 1 6 14 1 6 16 1 6 17 1 7 11 1 7 16 1 8 16 1 8 17 1 9 14 1 9 15 1
R 37146 54 81 6 30450 3 4 5 1 0 2 3 4 0 1 0 3 2 4 5 0 1 4 3 2 5 0 3 2 1 2 3 0 2 5 3 2 0 5 4 0 5 2 0 1 0 4 2 0 1 2 4 3 1 4 3 3 1 0 0 1 2 4 5 3 1 2 5 2 4 5 1 3 0 3 5 2 1 4 0 5 1 4 4 5 3 | 18 24  0 8 1 0 9 1 0 13 1 1 10 2 1 13 1 2 10 1 2 16 1 2 17 1 3 11 1 3 14 1 3 15 1 4 11 2 4 15 1 5 12 1 5 16 1 5 17 1 6 12 2 6 16 1 7 14 1 7 15 1 7 17 1 8 9 1 8 13 1 9 14 1
R 34567 54 81 6 237 3 4 5 3 1 4 0 5 3 0 1 4 3 4 2 2 4 1 0 4 2 0 2 1 1 2 3 2 5 3 2 4 0 1 0 2 0 1 3 1 2 3 1 4 3 2 4 0 1 0 4 3 0 5 0 1 2 0 2 5 1 4 2 3 5 2 1 5 0 3 5 0 5 3 1 4 5 3 5 4 4 | 18 26  0 8 1 0 15 1 0 16 1 1 9 1 1 12 1 1 15 1 2 9 1 2 13 1 2 14 1 3 10 1 3 13 1 3 17 1 4 10 2 4 14 1 5 11 1 5 12 1 5 13 1 6 11 1 6 16 1 6 17 1 7 12 1 7 14 1 7 15 1 8 16 1 8 17 1 9 11 1
R 23772 54 81 6 144 3 4 5 1 3 5 0 2 3 2 4 3 0 3 1 4 1 5 1 2 4 0 2 1 1 2 3 4 0 1 2 3 1 5 1 2 0 2 5 0 1 3 2 1 3 0 4 5 4 0 3 1 2 4 0 1 2 2 0 4 5 4 1 5 1 0 4 5 2 0 3 2 3 5 0 4 3 5 4 5 3 | 18 25  0 8 1 0 12 1 0 13 1 1 9 1 1 10 2 2 9 1 2 14 1 2 16 1 3 10 1 3 15 1 3 17 1 4 11 1 4 14 1 4 15 1 5 11 2 5 16 1 6 12 1 6 13 1 6 14 1 7 13 1 7 15 1 7 16 1 8 12 1 8 17 1 9 17 1
R 79231 54 81 6 7591 3 1 2 0 4 5 3 4 5 1 0 2 0 4 2 0 2 3 2 1 4 0 2 1 5 3 4 2 0 4 1 2 3 3 4 5 1 4 0 1 2 3 1 0 4 5 0 3 4 1 0 2 5 1 4 5 0 1 2 3 1 0 2 3 4 5 5 3 1 1 4 5 5 0 3 3 2 0 5 4 2 | 18 25  0 7 2 0 11 1 1 8 1 1 12 2 2 9 1 2 10 1 2 14 1 3 9 1 3 15 1 3 16 1 4 10 1 4 14 1 4 15 1 5 11 1 5 13 1 5 14 1 6 12 1 6 13 1 6 17 1 7 16 1 8 15 1 8 17 1 9 13 1 10 17 1 11 16 1
R 73657 54 81 6 5832 3 4 5 0 1 4 1 2 5 0 3 1 0 2 5 3 4 5 0 2 1 1 2 3 2 3 1 0 2 3 2 0 5 5 4 2 3 1 4 1 0 4 2 1 0 5 2 3 1 3 0 3 5 0 0 1 2 5 3 2 4 3 0 4 2 5 3 4 1 0 1 2 3 4 5 5 4 0 4 5 1 | 18 26  0 7 1 0 9 1 0 13 1 1 8 1 1 14 1 1 17 1 2 9 1 2 10 1 2 12 1 3 10 1 3 12 1 3 14 1 4 11 1 4 16 1 4 17 1 5 11 2 5 16 1 6 13 1 6 15 1 6 16 1 7 13 1 7 14 1 8 15 1 8 17 1 9 12 1 10 15 1
R 45695 54 81 6 142 3 4 5 4 3 5 2 5 4 1 2 0 0 1 4 3 5 1 4 0 2 1 2 3 0 5 3 3 1 4 0 2 3 4 1 3 4 2 1 4 3 0 0 1 2 0 3 5 0 2 1 1 0 4 0 1 2 1 2 0 0 3 1 4 3 5 2 5 3 0 2 4 5 1 3 4 5 4 5 2 5 | 18 25  0 7 1 0 10 1 0 17 1 1 8 2 1 11 1 2 9 1 2 14 1 2 15 1 3 10 1 3 12 1 3 13 1 4 11 2 4 16 1 5 12 1 5 13 1 5 14 1 6 12 1 6 13 1 6 17 1 7 15 1 7 16 1 8 16 1 9 14 1 9 15 1 10 17 1
R 8520 54 81 6 238 3 1 2 0 2 3 5 2 0 4 0 1 1 3 2 4 0 2 1 0 3 4 3 2 0 2 1 3 4 5 1 0 3 0 2 3 2 3 0 1 4 5 3 4 0 2 1 5 1 0 4 4 0 1 4 5 0 1 4 5 4 3 1 5 2 3 4 5 0 1 5 3 4 5 2 1 5 0 3 2 2 | 18 24  0 8 2 0 9 1 1 9 1 1 15 1 1 17 1 2 10 1 2 13 1 2 14 1 3 10 1 3 14 1 3 15 1 4 11 2 4 13 1 5 11 1 5 16 1 5 17 1 6 12 1 6 14 1 6 16 1 7 12 2 7 15 1 8 16 1 9 17 1 10 13 1
R 36011 54 81 6 527 3 4 5 3 2 5 0 5 4 0 1 2 3 4 2 1 3 0 0 1 2 1 4 3 1 2 3 4 5 3 2 4 0 1 3 4 0 2 3 0 3 1 3 0 5 1 2 5 3 1 0 0 1 4 0 1 2 0 4 1 1 2 3 3 5 4 1 0 5 5 2 4 5 3 4 2 0 5 4 5 2 | 18 27  0 8 1 0 12 1 0 13 1 1 9 1 1 13 1 1 14 1 2 9 1 2 16 1 2 17 1 3 10 1 3 11 1 3 12 1 4 10 1 4 11 1 4 13 1 5 10 1 5 11 1 5 15 1 6 12 1 6 15 1 6 16 1 7 14 1 7 15 1 7 16 1 8 14 1 8 17 1 9 17 1
R 15100 54 81 6 139856 3 1 2 0 2 3 1 4 3 5 1 2 0 2 3 0 5 1 2 0 4 1 3 5 0 2 1 3 4 0 2 1 3 3 4 5 1 5 2 5 3 2 1 2 0 1 0 4 1 0 4 3 0 1 4 5 0 1 4 5 2 5 0 0 3 4 1 4 5 3 4 2 1 3 5 0 4 2 3 5 2 | 18 23  0 8 2 0 11 1 1 9 1 1 10 1 1 16 1 2 9 2 2 12 1 3 10 1 3 15 1 3 17 1 4 11 1 4 14 1 4 15 1 5 12 2 5 15 1 6 13 1 6 14 1 6 17 1 7 13 2 7 16 1 8 16 1 10 14 1 11 17 1
R 76605 54 81 6 140 3 1 2 4 0 3 0 2 3 0 3 1 2 1 4 1 2 4 0 1 3 0 2 1 2 1 0 3 4 5 4 5 3 5 3 4 3 2 0 0 2 1 1 2 0 0 1 4 2 4 0 3 5 0 4 5 0 5 2 1 1 4 5 2 4 5 0 3 5 0 5 3 2 4 5 3 3 4 2 1 1 | 18 26  0 7 2 0 9 1 1 8 1 1 15 1 1 16 1 2 9 1 2 14 1 2 15 1 3 10 1 3 12 1 3 13 1 4 10 1 4 14 1 4 16 1 5 11 1 5 12 1 5 13 1 6 11 1 6 13 1 6 14 1 7 16 1 8 15 1 8 17 1 9 17 1 10 12 1 11 17 1
R 42908 54 81 6 134 1 2 3 4 2 3 0 3 4 0 4 1 1 0 2 2 3 0 3 0 2 3 4 5 1 5 4 5 2 4 0 2 1 0 2 4 3 4 0 1 3 2 0 1 3 4 2 0 4 3 0 1 5 0 0 4 5 0 1 5 1 5 2 3 2 5 3 5 4 1 4 5 4 1 5 1 2 3 2 0 3 | 18 24  0 7 1 0 10 2 1 8 1 1 11 2 2 9 1 2 13 1 2 14 1 3 10 1 3 12 2 4 11 1 4 14 1 4 17 1 5 12 1 5 14 1 5 15 1 6 13 1 6 15 1 6 16 1 7 16 1 7 17 1 8 15 1 8 16 1 9 13 1 9 17 1
R 9013 54 81 6 155 1 2 3 0 4 1 2 3 4 3 0 4 2 0 5 1 3 4 1 2 0 3 1 2 3 4 5 0 2 1 4 5 2 4 3 2 3 4 0 2 0 4 0 3 1 1 2 0 5 1 4 3 1 0 0 4 5 3 2 5 0 1 5 1 2 5 1 3 4 0 5 2 5 3 4 4 0 5 1 2 3 | 18 25  0 8 1 0 9 2 1 9 1 1 12 1 1 14 1 2 10 1 2 12 1 2 13 1 3 10 1 3 14 1 3 15 1 4 11 1 4 15 1 4 17 1 5 11 2 5 16 1 6 12 1 6 13 1 6 14 1 7 15 1 7 16 1 7 17 1 8 13 1 8 17 1 10 16 1
R 48176 54 81 6 82 3 1 2 2 4 3 3 5 4 0 4 3 1 2 0 0 1 2 4 3 5 0 2 1 3 1 4 1 2 5 3 4 1 0 2 3 4 5 2 1 0 3 2 0 4 1 3 0 4 2 0 1 0 4 4 5 0 0 1 5 0 1 2 2 5 1 4 3 5 3 4 5 0 2 1 3 2 5 4 3 5 | 18 25  0 7 2 0 10 1 1 8 1 1 12 1 1 13 1 2 9 1 2 14 1 2 17 1 3 10 2 3 11 1 4 11 1 4 14 1 4 15 1 5 12 1 5 13 1 5 14 1 6 12 1 6 13 1 6 16 1 7 16 1 8 15 1 8 16 1 9 15 1 9 17 1 11 17 1
R 84461 54 81 6 254 3 4 5 0 1 2 1 3 4 0 1 4 0 2 1 1 3 2 0 3 2 1 2 3 4 5 1 4 0 5 2 3 1 2 0 1 0 2 5 1 0 3 3 4 1 1 3 0 2 0 4 3 4 2 0 1 2 3 4 5 2 0 5 3 2 5 4 3 5 4 5 0 5 4 1 4 5 2 0 1 3 | 18 26  0 7 1 0 12 1 0 13 1 1 8 1 1 13 1 1 14 1 2 9 1 2 10 2 3 9 1 3 14 1 3 16 1 4 10 1 4 16 1 4 17 1 5 11 1 5 13 1 5 14 1 6 11 1 6 15 1 6 16 1 7 12 1 7 15 1 8 15 1 8 17 1 9 17 1 11 12 1
R 87404 54 81 6 806 3 4 5 3 5 4 1 0 3 4 3 2 0 1 2 0 4 2 1 3 5 1 2 3 0 4 5 0 2 5 2 5 3 0 2 3 1 4 2 1 0 4 4 1 0 4 0 3 2 0 3 4 1 2 0 1 2 2 0 1 4 2 5 1 5 0 4 3 5 3 5 1 2 4 0 4 5 1 3 3 5 | 18 25  0 7 1 0 9 1 0 13 1 1 8 1 1 10 2 2 10 1 2 15 1 2 17 1 3 11 2 3 12 1 4 11 1 4 13 1 4 15 1 5 12 1 5 14 1 5 15 1 6 14 1 6 16 1 6 17 1 7 9 1 7 13 1 8 16 1 8 17 1 9 14 1 12 16 1
R 42307 54 81 6 117 3 1 2 2 3 4 1 0 2 0 2 3 0 1 2 2 4 5 0 1 3 0 2 1 1 4 3 4 2 0 3 4 5 2 0 3 1 2 5 3 1 2 4 0 1 3 1 0 0 4 5 2 3 4 4 5 0 0 5 1 3 5 4 1 4 5 4 3 5 3 0 1 4 5 2 3 2 1 2 5 0 | 18 23  0 7 2 0 10 1 1 8 2 1 11 1 2 9 2 2 15 1 3 10 1 3 12 1 3 14 1 4 11 1 4 14 1 4 15 1 5 12 1 5 13 1 5 17 1 6 13 2 6 16 1 7 16 1 8 15 1 9 16 1 10 14 1 11 17 1 12 17 1
R 60316 54 81 6 541 3 4 5 1 0 2 1 0 2 3 1 4 0 3 1 1 5 2 3 2 4 1 2 3 2 3 0 3 2 0 2 0 1 4 2 5 0 2 5 1 0 4 1 3 0 2 3 4 0 4 3 1 4 2 0 1 2 4 3 5 4 5 3 5 2 0 4 5 2 3 4 0 0 1 5 4 5 1 5 1 3 | 18 25  0 7 1 0 12 1 0 13 1 1 8 1 1 12 1 1 14 1 2 9 2 2 13 1 3 10 1 3 14 1 3 15 1 4 10 1 4 15 1 4 16 1 5 11 1 5 14 1 5 17 1 6 11 2 6 16 1 7 12 1 7 13 1 8 15 1 8 17 1 9 16 1 10 17 1
R 53737 54 81 6 376 3 4 5 2 4 0 5 4 3 1 0 4 1 3 2 4 5 3 0 1 2 1 2 3 1 0 2 2 1 5 4 0 3 2 1 0 3 4 2 0 3 1 2 5 4 1 0 3 5 2 0 0 1 3 0 1 2 3 1 5 0 2 1 2 5 3 0 4 5 2 0 1 3 5 4 4 5 4 5 4 3 | 18 22  0 7 1 0 10 1 0 17 1 1 8 1 1 12 2 2 9 1 2 15 1 2 16 1 3 10 2 3 11 1 4 12 1 4 13 2 5 13 1 5 14 2 6 14 1 6 15 1 6 17 1 7 11 2 8 16 1 8 17 1 9 15 1 9 16 1
R 34739 54 81 6 1311 3 4 5 1 3 2 2 0 3 0 1 2 0 4 2 3 5 1 1 0 4 1 4 5 1 2 3 4 2 1 0 2 3 1 0 2 1 3 4 4 5 0 0 5 2 2 1 0 1 4 0 5 3 1 0 1 2 0 4 5 5 1 4 5 3 4 3 1 5 0 2 4 5 3 2 3 2 0 4 5 3 | 18 27  0 8 1 0 10 1 0 12 1 1 9 1 1 10 1 1 11 1 2 9 1 2 14 1 2 15 1 3 10 1 3 16 1 3 17 1 4 11 1 4 13 1 4 16 1 5 12 1 5 13 1 5 14 1 6 12 1 6 14 1 6 17 1 7 15 1 7 16 1 7 17 1 8 11 1 8 15 1 9 13 1
R 67214 54 81 6 115 3 4 5 0 1 2 0 3 4 1 2 3 0 1 2 0 4 5 1 4 0 1 2 3 2 3 0 4 2 5 0 2 3 1 0 4 1 3 4 4 0 2 1 0 2 2 4 0 5 1 4 0 3 1 0 1 2 4 3 5 1 2 5 4 5 0 5 3 4 3 1 2 3 2 5 4 5 5 1 3 0 | 18 27  0 7 1 0 10 1 0 11 1 1 8 1 1 11 1 1 13 1 2 9 1 2 12 1 2 14 1 3 10 1 3 11 1 3 12 1 4 10 1 4 16 1 4 17 1 5 14 1 5 15 1 5 17 1 6 15 1 6 16 1 6 17 1 7 14 1 7 15 1 8 12 1 8 13 1 9 13 1 9 16 1
R 62745 54 81 6 160 3 4 5 0 2 4 1 0 2 5 3 4 1 0 4 1 2 0 0 1 3 1 2 3 1 4 2 5 2 0 0 4 3 0 2 3 1 0 3 3 0 2 5 2 4 0 3 1 1 3 4 2 1 0 0 1 2 3 5 1 3 4 5 1 2 0 5 2 3 4 5 3 5 2 4 4 5 0 5 1 4 | 18 26  0 7 1 0 11 1 0 12 1 1 8 1 1 12 1 1 13 1 2 9 1 2 12 1 2 16 1 3 10 2 3 14 1 4 10 1 4 15 1 4 17 1 5 11 1 5 13 1 5 14 1 6 11 1 6 16 1 6 17 1 7 13 1 7 15 1 8 16 1 8 17 1 9 14 1 9 15 1
R 16804 54 81 6 596 3 4 5 2 3 1 0 1 4 0 4 5 1 2 3 1 0 3 2 4 5 0 2 5 1 2 3 4 1 2 0 3 2 0 2 3 5 4 3 0 3 4 1 5 2 3 0 1 4 1 0 2 0 1 0 1 2 0 4 5 3 5 2 1 2 3 4 5 0 2 5 4 0 1 3 1 3 4 4 5 5 | 18 24  0 8 1 0 11 1 0 13 1 1 9 1 1 10 2 2 9 2 2 15 1 3 10 1 3 16 1 3 17 1 4 11 1 4 13 1 4 14 1 5 12 1 5 16 1 5 17 1 6 12 2 6 16 1 7 13 1 7 14 1 7 15 1 8 14 1 8 15 1 11 17 1
R 11928 54 81 6 6746 1 2 3 0 4 1 0 5 2 0 2 3 2 4 3 1 2 0 0 4 1 3 5 1 3 4 5 0 2 1 1 2 4 3 4 0 3 0 1 4 0 2 1 3 2 4 0 5 5 2 3 1 5 3 0 4 5 3 2 5 3 4 1 5 1 4 1 5 0 5 3 4 2 3 5 4 2 0 1 2 0 | 18 26  0 8 1 0 9 2 1 9 1 1 11 1 1 12 1 2 10 1 2 14 1 2 15 1 3 10 1 3 16 1 3 17 1 4 11 1 4 13 1 4 14 1 5 11 1 5 15 1 5 16 1 6 12 1 6 13 1 6 14 1 7 12 1 7 15 1 7 16 1 8 13 1 8 17 1 10 17 1
R 4698 54 81 6 1437 3 1 2 5 2 0 3 5 4 0 3 4 1 2 3 3 0 2 5 0 1 4 1 5 0 2 1 1 0 2 4 0 5 2 5 3 1 5 2 0 1 2 3 4 5 3 4 2 0 1 4 0 1 4 4 5 0 3 4 1 2 0 1 1 5 2 4 0 5 4 5 1 3 4 2 0 3 2 3 5 3 | 18 24  0 8 2 0 14 1 1 9 2 1 15 1 2 10 1 2 11 2 3 10 1 3 15 1 3 16 1 4 11 1 4 15 1 4 17 1 5 12 1 5 13 1 5 14 1 6 12 1 6 13 1 6 14 1 7 12 1 7 13 1 7 17 1 8 16 1 9 16 1 10 17 1
R 84173 54 81 6 513 3 4 5 0 2 4 3 4 5 0 1 2 2 4 3 1 5 2 0 3 5 1 2 3 1 4 0 0 5 4 3 2 5 2 0 1 0 2 3 1 3 4 0 3 1 1 2 5 0 2 4 5 0 3 0 1 2 5 3 1 1 2 0 3 5 4 1 5 0 3 4 0 4 2 1 4 5 3 2 4 5 | 18 26  0 7 1 0 12 1 0 13 1 1 8 1 1 15 1 1 17 1 2 9 2 2 10 1 3 9 1 3 13 1 3 14 1 4 10 1 4 14 1 4 15 1 5 11 1 5 12 1 5 13 1 6 11 1 6 14 1 6 16 1 7 15 1 7 16 1 8 16 1 8 17 1 10 17 1 11 12 1
R 31561 54 81 6 508 3 4 5 3 1 4 2 4 5 1 0 2 3 4 2 2 0 1 3 0 1 0 5 4 1 2 3 0 5 3 2 4 0 1 2 5 0 2 3 0 2 3 1 0 4 1 2 5 3 1 4 3 1 0 0 1 2 2 0 5 1 3 0 3 4 5 1 5 0 3 4 5 4 5 2 1 3 2 4 5 4 | 18 26  0 8 1 0 13 1 0 14 1 1 9 1 1 11 1 1 12 1 2 9 1 2 14 1 2 15 1 3 10 1 3 13 1 3 17 1 4 10 2 4 16 1 5 11 1 5 12 1 5 13 1 6 11 1 6 14 1 6 16 1 7 12 1 7 15 1 7 17 1 8 15 1 8 16 1 9 17 1
R 14434 54 81 6 120 3 1 2 2 3 0 1 4 2 1 3 4 0 4 3 0 3 4 1 2 0 0 5 3 0 2 1 0 1 2 4 3 0 3 4 1 4 3 2 0 2 3 1 5 2 1 0 4 1 0 4 2 4 0 4 5 0 4 1 5 3 0 5 2 5 0 2 5 1 1 5 2 4 5 3 4 2 1 3 5 3 | 18 22  0 8 2 0 11 1 1 9 1 1 10 1 1 17 1 2 9 1 2 12 1 2 16 1 3 10 2 3 14 1 4 11 2 4 13 1 5 12 2 5 15 1 6 13 2 6 15 1 7 14 1 7 16 1 7 17 1 8 16 1 9 15 1 14 17 1
R 619 54 81 6 75 3 4 5 0 2 1 1 0 4 2 3 0 2 3 0 1 5 4 1 2 3 0 1 3 0 2 5 1 2 3 3 4 0 1 0 3 0 2 3 0 1 4 1 2 5 4 0 5 5 3 2 2 1 0 0 1 2 4 5 3 2 5 3 1 4 5 4 5 1 2 0 3 4 5 0 5 4 2 3 1 4 | 18 24  0 9 1 0 12 1 0 13 1 1 9 2 1 15 1 2 10 2 2 14 1 3 10 1 3 16 1 3 17 1 4 11 2 4 15 1 5 11 1 5 16 1 5 17 1 6 12 1 6 13 1 6 14 1 7 12 1 7 14 1 7 15 1 8 13 1 8 16 1 8 17 1
R 49135 54 81 6 706 3 1 2 0 2 4 5 3 1 0 2 3 1 2 3 0 4 5 5 0 3 0 2 1 3 4 2 1 0 4 3 4 5 5 4 3 2 3 4 1 0 2 1 0 2 2 5 1 4 1 0 1 0 3 4 5 0 1 5 3 2 0 4 1 4 5 0 5 4 1 2 3 1 4 2 3 0 5 3 5 2 | 18 25  0 7 2 0 10 1 1 8 1 1 12 1 1 13 1 2 9 1 2 12 1 2 15 1 3 10 1 3 13 1 3 14 1 4 11 1 4 13 1 4 17 1 5 11 2 5 15 1 6 12 1 6 14 1 6 16 1 7 16 1 8 15 1 8 16 1 9 14 1 9 17 1 10 17 1
R 12770 54 81 6 1785 1 2 3 0 4 1 2 3 4 0 1 2 0 5 3 5 3 4 4 2 1 1 0 2 3 4 5 0 2 1 4 1 2 3 4 0 3 0 4 2 0 1 2 4 5 3 2 4 1 3 0 3 0 1 0 4 5 3 2 5 0 1 5 3 5 4 2 4 1 1 0 2 3 0 5 3 4 5 1 2 5 | 18 26  0 8 1 0 9 2 1 9 1 1 11 1 1 12 1 2 10 1 2 11 1 2 13 1 3 10 1 3 16 1 3 17 1 4 12 1 4 13 1 4 14 1 5 12 1 5 15 1 5 16 1 6 13 1 6 14 1 6 15 1 7 14 1 7 16 1 7 17 1 8 15 1 8 17 1 10 11 1
R 92475 54 81 6 480 3 4 5 1 5 2 0 5 1 2 3 1 1 2 0 0 2 4 1 2 3 0 4 5 4 1 2 1 4 5 0 2 3 0 1 3 3 1 4 3 0 2 1 0 4 0 2 1 2 5 4 3 0 1 0 1 2 3 4 0 3 2 4 0 5 4 4 3 5 5 1 3 4 5 1 2 5 0 2 3 5 | 18 27  0 6 1 0 10 1 0 11 1 1 7 1 1 11 1 1 12 1 2 8 1 2 12 1 2 17 1 3 9 1 3 13 1 3 15 1 4 10 1 4 16 1 4 17 1 5 11 1 5 13 1 5 14 1 6 13 1 6 14 1 7 16 1 7 17 1 8 15 1 8 16 1 9 14 1 9 15 1 10 12 1
R 63113 54 81 6 13434 3 4 5 0 4 2 0 1 2 0 3 4 5 2 4 1 2 3 0 1 4 1 2 3 1 2 0 4 5 1 1 4 3 0 2 3 1 0 4 5 0 2 3 1 0 0 4 2 1 2 5 5 3 4 0 1 2 5 3 1 3 4 5 2 5 1 0 3 1 4 5 0 5 3 2 4 5 3 4 0 2 | 18 26  0 7 1 0 11 1 0 12 1 1 8 1 1 12 1 1 13 1 2 9 1 2 14 1 2 15 1 3 10 2 3 15 1 4 10 1 4 16 1 4 17 1 5 11 1 5 12 1 5 17 1 6 11 1 6 13 1 6 14 1 7 13 1 7 14 1 8 15 1 8 16 1 9 16 1 9 17 1
R 35703 54 81 6 617 3 4 5 3 5 4 1 0 5 0 1 2 1 2 4 2 1 5 0 1 2 0 4 3 1 2 3 2 4 5 2 0 4 1 0 3 0 2 3 0 1 3 5 0 2 3 1 4 1 5 4 0 2 5 0 1 2 0 1 2 3 4 2 3 5 4 5 3 0 4 0 3 5 3 4 5 2 1 4 5 1 | 18 27  0 8 1 0 12 1 0 13 1 1 9 1 1 10 1 1 11 1 2 9 1 2 13 1 2 15 1 3 10 1 3 11 1 3 12 1 4 10 1 4 14 1 4 16 1 5 11 1 5 15 1 5 17 1 6 12 1 6 16 1 6 17 1 7 13 1 7 16 1 7 17 1 8 14 1 8 15 1 9 14 1
R 34612 54 81 6 871 3 4 5 1 3 2 0 3 1 0 1 2 3 2 4 2 4 5 3 0 1 0 5 4 1 2 3 2 0 1 4 2 5 0 2 5 0 1 3 4 1 3 0 2 1 3 1 4 0 2 5 4 0 3 0 1 2 4 5 0 5 2 4 3 4 5 0 1 5 3 0 1 5 4 2 2 3 1 4 5 3 | 18 26  0 8 1 0 11 1 0 12 1 1 9 1 1 12 1 1 13 1 2 9 1 2 13 1 2 14 1 3 10 1 3 12 1 3 17 1 4 10 2 4 13 1 5 14 1 5 15 1 5 16 1 6 14 1 6 16 1 6 17 1 7 15 1 7 16 1 7 17 1 8 11 1 8 15 1 9 11 1
R 38039 54 81 6 75 3 4 5 0 2 1 0 1 3 1 4 2 3 0 5 5 0 3 3 4 2 1 2 0 1 2 3 2 0 5 2 0 4 3 0 4 4 2 0 1 0 3 0 1 4 1 3 2 1 2 3 4 0 1 0 1 2 4 3 5 4 5 2 3 5 0 1 2 4 1 2 4 1 5 0 5 4 3 5 3 5 | 18 24  0 8 1 0 9 1 0 14 1 1 8 1 1 12 2 2 9 1 2 16 1 2 17 1 3 10 1 3 11 1 3 15 1 4 10 1 4 13 2 5 11 2 5 15 1 6 12 1 6 14 1 6 16 1 7 13 1 7 16 1 7 17 1 8 17 1 9 14 1 10 15 1
R 13496 54 81 6 177 1 2 3 0 2 4 3 5 1 0 4 1 3 1 4 2 4 5 0 1 2 0 2 3 3 4 5 1 3 0 5 3 2 0 2 1 5 4 0 2 1 5 3 2 4 3 4 0 0 3 1 0 1 2 0 4 5 5 1 3 2 0 4 3 2 5 2 0 5 1 3 0 3 4 5 1 5 4 1 2 4 | 18 22  0 8 1 0 11 2 1 9 1 1 10 1 1 17 1 2 9 1 2 10 2 3 11 1 3 15 1 3 16 1 4 12 1 4 13 1 4 17 1 5 12 2 5 14 1 6 13 2 6 15 1 7 14 2 7 16 1 8 15 1 8 16 1 9 17 1
R 52780 54 81 6 1264 1 2 3 1 4 2 5 0 4 0 4 2 2 3 5 0 2 1 5 1 3 3 4 5 2 0 1 3 4 0 0 2 1 1 0 3 3 4 1 1 0 2 1 3 4 5 2 4 0 2 3 0 5 3 0 4 5 3 0 5 1 2 3 3 5 1 4 0 1 5 3 4 4 2 0 1 2 5 4 5 2 | 18 25  0 7 1 0 10 2 1 8 1 1 12 1 1 13 1 2 9 2 2 13 1 3 10 1 3 12 1 3 17 1 4 11 1 4 14 1 4 16 1 5 11 1 5 15 1 5 16 1 6 13 1 6 14 1 6 15 1 7 15 1 7 17 1 8 14 1 8 17 1 9 16 1 11 12 1
R 41735 54 81 6 2317 3 1 2 4 5 3 1 2 0 0 4 3 0 2 4 1 2 3 5 1 3 0 2 1 2 0 5 0 4 3 3 4 1 1 5 4 0 2 3 3 1 2 3 2 0 4 1 5 5 1 0 2 4 0 4 5 0 1 0 2 5 4 3 2 5 1 3 5 1 4 5 0 0 4 2 3 4 3 2 1 5 | 18 23  0 7 2 0 10 1 1 8 1 1 11 2 2 9 1 2 14 1 2 16 1 3 10 2 3 12 1 4 11 1 4 13 1 4 14 1 5 12 1 5 14 1 5 15 1 6 13 2 6 16 1 7 15 1 8 16 1 8 17 1 9 15 1 9 17 1 12 17 1
R 51157 54 81 6 153 3 1 2 3 0 4 1 0 4 0 2 3 1 2 5 3 0 4 0 1 2 0 2 1 2 4 3 3 5 1 3 4 5 3 5 2 1 0 4 2 1 0 2 1 4 1 4 2 1 0 3 3 1 0 4 5 0 1 2 5 2 3 5 1 5 4 0 4 3 1 2 5 3 5 4 3 0 5 0 4 2 | 18 25  0 7 2 0 10 1 1 8 1 1 12 1 1 13 1 2 9 1 2 13 1 2 14 1 3 10 1 3 12 1 3 13 1 4 11 2 4 15 1 5 11 1 5 16 1 5 17 1 6 14 1 6 16 1 6 17 1 7 12 1 8 14 1 8 15 1 9 15 1 9 16 1 10 17 1
R 94901 54 81 6 304 3 4 5 2 4 0 0 1 2 0 1 2 1 5 3 0 3 1 1 2 3 3 0 4 2 3 0 4 2 1 0 2 5 5 4 2 1 0 4 2 0 1 3 0 1 3 0 2 4 0 3 1 3 4 0 1 2 5 1 3 4 3 5 3 4 5 0 4 2 5 4 2 4 5 1 2 1 5 5 0 3 | 18 26  0 6 1 0 10 1 0 12 1 1 7 1 1 11 2 2 8 1 2 12 1 2 14 1 3 9 1 3 14 1 3 15 1 4 11 1 4 13 1 4 14 1 5 13 1 5 15 1 5 16 1 6 10 1 6 12 1 7 15 1 7 17 1 8 16 1 8 17 1 9 16 1 9 17 1 10 13 1
R 31863 54 81 6 385 3 4 5 1 2 4 4 5 1 3 4 0 1 0 2 0 2 4 0 1 2 4 3 5 1 2 3 0 5 1 2 0 3 4 5 2 2 3 1 1 4 0 0 2 3 1 0 4 2 5 0 3 4 1 0 1 2 3 0 5 2 3 0 1 2 5 4 5 3 1 5 3 3 4 5 0 1 2 5 4 4 | 18 26  0 8 1 0 14 1 0 15 1 1 9 1 1 12 1 1 14 1 2 9 1 2 16 1 2 17 1 3 10 1 3 13 1 3 17 1 4 10 2 4 15 1 5 11 1 5 12 1 5 13 1 6 11 1 6 12 1 6 13 1 7 11 1 7 16 1 7 17 1 8 15 1 8 16 1 9 14 1
R 38183 54 81 6 1233 3 1 2 0 4 1 0 2 4 0 1 4 2 1 3 1 5 3 4 2 3 1 0 2 0 2 1 3 4 5 3 5 4 2 5 4 1 3 2 3 4 0 2 0 1 0 3 2 4 0 3 4 0 1 4 5 0 3 2 5 1 3 5 2 3 5 0 4 5 0 4 2 0 5 1 4 5 3 2 1 1 | 18 25  0 8 2 0 9 1 1 8 1 1 13 1 1 14 1 2 9 1 2 14 1 2 15 1 3 10 1 3 11 1 3 13 1 4 10 1 4 14 1 4 17 1 5 11 1 5 15 1 5 16 1 6 12 2 6 13 1 7 12 1 7 16 1 7 17 1 9 17 1 10 15 1 11 16 1
R 56576 54 81 6 403 3 1 2 3 5 4 0 1 5 2 0 3 1 4 5 0 4 3 1 2 0 0 2 1 1 4 2 4 5 1 3 1 5 4 1 0 3 4 1 0 2 3 2 0 4 0 1 3 5 2 4 0 1 4 4 5 0 0 1 2 2 3 4 4 5 1 0 2 3 2 5 1 4 3 5 3 5 3 0 2 5 | 18 23  0 7 2 0 12 1 1 8 1 1 14 1 1 15 1 2 9 2 2 15 1 3 10 1 3 11 1 3 16 1 4 10 1 4 11 2 5 12 2 5 13 1 6 13 1 6 14 1 6 15 1 7 16 1 8 14 1 8 17 1 9 16 1 10 17 1 13 17 1
R 16027 54 81 6 499 3 1 2 2 4 5 5 1 2 0 3 4 0 4 3 1 2 3 2 4 5 1 0 3 0 2 1 3 5 4 1 4 2 3 4 1 0 2 3 3 0 2 4 1 0 3 1 4 1 4 5 5 0 2 4 5 0 1 0 3 0 3 4 5 2 1 2 5 1 4 5 0 1 0 3 4 5 2 3 2 5 | 18 23  0 8 2 0 11 1 1 9 1 1 10 2 2 9 1 2 14 1 2 17 1 3 10 1 3 15 1 3 17 1 4 11 2 4 12 1 5 12 1 5 14 1 5 16 1 6 13 1 6 15 1 6 17 1 7 13 2 7 16 1 8 16 1 9 14 1 12 15 1
R 80590 54 81 6 81 3 4 5 0 1 2 2 3 4 0 1 4 0 1 4 2 4 3 1 0 4 1 2 3 2 3 5 1 4 3 2 0 5 0 2 3 4 0 3 2 1 5 1 0 4 3 4 1 2 0 1 0 3 2 0 1 2 4 3 5 0 5 1 2 3 5 3 2 5 5 1 0 2 5 3 5 4 0 1 4 4 | 18 25  0 7 1 0 11 1 0 14 1 1 8 1 1 14 1 1 15 1 2 9 2 2 10 1 3 9 1 3 13 1 3 17 1 4 10 1 4 15 1 4 16 1 5 11 1 5 12 1 5 13 1 6 12 2 6 16 1 7 14 1 7 16 1 8 15 1 8 17 1 10 17 1 11 13 1
R 91909 54 81 6 595 3 4 5 3 2 4 1 4 0 3 1 5 1 2 0 0 1 2 1 2 3 1 4 3 5 0 2 0 5 1 0 2 3 2 3 0 0 2 3 1 0 4 3 4 0 2 1 4 0 2 4 0 3 1 0 1 2 0 1 5 3 2 5 2 4 0 4 5 3 4 3 5 4 5 5 2 1 4 3 5 1 | 18 25  0 6 1 0 10 1 0 13 1 1 7 1 1 12 2 2 8 1 2 14 1 2 15 1 3 9 2 3 15 1 4 10 1 4 11 1 4 15 1 5 12 1 5 13 1 5 17 1 6 11 1 6 13 1 7 16 1 7 17 1 8 14 1 8 17 1 9 16 1 10 14 1 11 16 1
R 37316 54 81 6 107 3 4 5 0 2 1 2 4 1 0 3 4 0 5 3 4 3 5 1 0 2 1 0 2 1 2 3 2 0 4 1 0 4 4 0 2 2 3 1 0 4 5 1 2 3 0 2 3 1 0 4 1 0 4 0 1 2 4 3 5 3 5 0 2 5 1 1 4 2 1 0 2 4 5 3 4 5 3 5 5 3 | 18 26  0 8 1 0 9 1 0 17 1 1 8 1 1 9 2 2 10 1 2 11 1 2 12 1 3 10 1 3 14 1 3 15 1 4 11 1 4 12 1 4 13 1 5 13 1 5 14 1 5 16 1 6 14 1 6 15 1 6 16 1 7 15 1 7 16 1 7 17 1 8 17 1 10 12 1 11 13 1
R 71633 54 81 6 125 3 4 5 0 2 3 2 1 0 4 1 0 0 2 4 5 1 2 0 3 2 1 2 3 3 1 4 0 2 3 5 2 0 4 5 0 1 0 4 1 3 4 1 0 2 3 1 0 3 2 1 4 3 0 0 1 2 5 1 4 4 3 5 3 2 5 1 5 3 3 0 4 5 4 1 4 5 0 2 5 2 | 18 26  0 7 1 0 9 1 0 12 1 1 8 1 1 10 2 2 9 1 2 12 1 2 16 1 3 10 1 3 15 1 3 17 1 4 11 1 4 13 1 4 14 1 5 11 1 5 13 1 5 15 1 6 14 1 6 16 1 6 17 1 7 14 1 7 15 1 8 16 1 8 17 1 9 12 1 11 13 1
R 55555 54 81 6 137 1 2 3 5 2 1 3 2 5 0 4 1 2 4 0 1 2 3 0 2 5 3 4 5 1 0 3 0 1 3 0 2 1 3 4 0 2 4 3 0 5 4 4 1 2 1 2 3 0 5 1 3 4 0 0 4 5 4 0 3 4 0 1 3 2 5 1 3 5 5 0 4 1 4 3 1 2 2 5 2 5 | 18 26  0 7 1 0 10 2 1 8 1 1 12 1 1 13 1 2 9 1 2 15 1 2 17 1 3 10 1 3 11 1 3 12 1 4 11 1 4 14 1 4 15 1 5 11 1 5 14 1 5 16 1 6 12 1 6 15 1 6 16 1 7 13 1 7 17 1 8 13 1 8 14 1 9 16 1 9 17 1
R 19207 54 81 6 9258 3 4 5 3 1 2 4 5 0 0 1 2 1 2 3 3 2 4 1 0 5 0 1 4 1 2 3 5 2 1 4 0 2 3 5 4 1 3 4 0 2 3 0 1 2 3 0 5 2 0 1 0 3 4 0 1 2 0 4 5 3 1 2 3 5 4 0 4 5 0 5 1 2 4 3 5 3 2 4 5 1 | 18 25  0 8 1 0 13 1 0 17 1 1 9 2 1 10 1 2 9 1 2 11 2 3 10 1 3 12 1 3 13 1 4 11 1 4 16 1 4 17 1 5 12 1 5 14 1 5 15 1 6 12 1 6 14 1 6 16 1 7 13 1 7 14 1 7 15 1 8 15 1 8 16 1 10 17 1
R 59343 54 81 6 80 3 4 5 0 1 2 0 3 1 5 1 4 3 0 1 0 2 3 1 2 4 1 2 3 2 4 5 5 1 0 0 4 1 3 2 1 0 2 5 1 0 3 3 4 1 3 4 1 0 4 5 2 0 3 0 1 2 3 4 5 4 2 5 2 3 0 5 2 4 4 5 1 3 5 0 4 5 0 1 2 3 | 18 25  0 7 1 0 12 1 0 13 1 1 8 1 1 13 1 1 15 1 2 9 1 2 14 1 2 17 1 3 10 2 3 11 1 4 10 1 4 16 1 4 17 1 5 11 2 5 16 1 6 12 1 6 13 1 6 14 1 7 12 1 7 14 1 8 15 1 8 17 1 9 15 1 9 16 1
R 86870 54 81 6 293 3 4 5 5 2 0 2 0 1 2 1 4 0 1 2 3 4 0 2 3 5 1 2 3 4 3 5 4 1 5 2 3 0 0 3 4 2 0 3 1 0 4 2 0 1 3 2 1 0 3 1 5 4 1 0 1 2 1 4 3 3 5 4 0 5 3 4 3 5 1 5 2 1 0 4 5 4 2 0 2 5 | 18 27  0 7 1 0 12 1 0 13 1 1 8 1 1 15 1 1 17 1 2 9 1 2 11 1 2 12 1 3 9 1 3 12 1 3 14 1 4 10 1 4 13 1 4 16 1 5 10 1 5 14 1 5 17 1 6 11 1 6 15 1 6 16 1 7 13 1 7 14 1 8 16 1 8 17 1 9 11 1 10 15 1
R 86881 54 81 6 180 3 4 5 0 4 5 3 2 4 0 4 2 0 3 1 2 4 1 1 0 2 1 2 3 5 1 4 1 4 2 1 2 0 2 0 3 0 2 3 4 3 0 1 4 3 0 3 1 2 3 5 1 0 4 0 1 2 3 2 1 0 1 5 3 1 5 5 4 2 3 0 5 4 5 3 4 5 2 0 5 4 | 18 27  0 7 1 0 12 1 0 17 1 1 8 1 1 14 1 1 16 1 2 9 1 2 11 1 2 12 1 3 9 1 3 13 1 3 14 1 4 10 1 4 12 1 4 13 1 5 10 1 5 14 1 5 15 1 6 11 1 6 13 1 6 17 1 7 16 1 7 17 1 8 15 1 8 16 1 9 11 1 10 15 1
R 12891 54 81 6 75 3 1 2 0 2 3 5 0 4 1 3 4 2 4 1 0 3 5 0 2 3 2 0 1 0 2 1 3 4 5 2 3 4 1 2 0 0 1 2 3 1 5 2 0 4 0 3 1 1 0 4 4 0 3 4 5 0 1 4 5 1 3 2 0 2 5 3 0 5 4 2 1 4 1 5 4 3 5 3 2 5 | 18 26  0 8 2 0 9 1 1 9 1 1 11 1 1 12 1 2 10 1 2 12 1 2 13 1 3 10 1 3 15 1 3 16 1 4 11 1 4 13 1 4 14 1 5 12 1 5 16 1 5 17 1 6 13 1 6 14 1 6 15 1 7 15 1 7 16 1 7 17 1 8 14 1 9 17 1 10 11 1
R 17779 54 81 6 83 1 2 3 1 0 2 4 3 2 5 0 4 0 4 1 0 1 3 2 3 1 2 4 5 3 4 5 2 3 0 4 0 3 0 2 1 4 3 1 3 4 0 2 0 1 3 4 2 1 5 2 4 1 0 0 4 5 4 5 3 1 5 0 1 2 3 3 2 5 2 4 5 0 5 4 1 3 0 1 2 5 | 18 24  0 8 1 0 11 2 1 9 1 1 10 1 1 17 1 2 9 2 2 16 1 3 10 2 3 16 1 4 11 1 4 13 1 4 14 1 5 12 1 5 14 1 5 17 1 6 12 1 6 15 1 6 16 1 7 13 1 7 14 1 7 15 1 8 15 1 8 17 1 12 13 1
R 55649 54 81 6 109 3 1 2 1 0 4 3 4 1 0 2 3 2 4 1 1 3 0 2 0 3 0 2 1 2 3 0 0 1 2 3 4 5 1 2 0 0 3 1 2 1 5 0 3 1 3 4 5 2 0 4 5 1 0 4 5 0 5 2 3 5 0 2 1 4 5 3 0 5 5 2 4 4 5 1 3 4 1 4 3 2 | 18 26  0 7 2 0 10 1 1 8 1 1 12 1 1 13 1 2 9 1 2 13 1 2 14 1 3 10 1 3 11 1 3 12 1 4 11 1 4 15 1 4 16 1 5 11 1 5 15 1 5 17 1 6 13 1 6 14 1 6 16 1 7 16 1 8 12 1 8 15 1 9 14 1 9 17 1 10 17 1
R 53891 54 81 6 427 3 1 2 1 3 4 2 3 1 0 2 3 0 2 4 0 4 3 5 1 2 0 2 1 5 4 2 1 0 3 3 4 5 0 3 4 2 4 1 1 2 0 1 4 3 2 0 4 0 1 4 5 0 3 4 5 0 0 2 5 4 5 0 1 4 5 1 5 3 2 1 5 0 3 4 3 3 1 5 2 2 | 18 26  0 7 2 0 10 1 1 8 1 1 11 1 1 15 1 2 9 1 2 11 1 2 12 1 3 10 1 3 13 1 3 14 1 4 11 1 4 12 1 4 13 1 5 14 1 5 15 1 5 16 1 6 14 1 6 15 1 6 17 1 7 16 1 8 12 1 8 17 1 9 13 1 9 16 1 10 17 1
R 3002 54 81 6 292 3 1 2 1 3 0 0 4 3 2 1 3 3 1 0 0 1 2 0 3 1 5 4 2 0 2 1 2 0 3 3 4 1 0 3 2 4 1 5 1 2 3 0 2 3 4 5 0 0 2 5 4 0 3 4 5 0 4 5 2 2 5 1 4 0 5 5 4 2 3 5 4 2 5 4 0 3 1 3 1 1 | 18 24  0 8 2 0 10 1 1 9 2 1 15 1 2 10 2 2 14 1 3 11 1 3 12 1 3 17 1 4 11 1 4 13 1 4 17 1 5 12 1 5 13 1 5 14 1 6 12 1 6 14 1 6 16 1 7 13 1 7 15 1 7 17 1 8 16 1 9 16 1 11 15 1
R 28698 54 81 6 237 3 4 5 3 2 4 0 5 1 3 1 4 0 2 5 4 0 2 5 3 1 0 1 2 1 2 3 1 4 2 5 2 4 1 3 2 2 0 3 0 2 3 1 0 4 1 0 3 0 1 5 0 4 3 0 1 2 0 1 5 3 4 2 0 2 5 1 3 4 5 3 1 0 4 2 4 3 5 5 4 5 | 18 25  0 8 1 0 13 1 0 14 1 1 9 1 1 12 1 1 13 1 2 9 1 2 13 1 2 17 1 3 10 1 3 15 1 3 17 1 4 10 2 4 15 1 5 11 1 5 16 1 5 17 1 6 11 2 6 16 1 7 12 1 7 14 1 7 15 1 8 14 1 8 16 1 9 12 1
R 9156 54 81 6 1036 1 2 3 0 4 2 3 4 5 2 0 1 3 0 1 2 1 4 0 2 5 5 1 3 3 4 5 0 2 1 1 0 4 4 1 3 2 1 4 0 2 3 4 2 3 3 1 0 5 0 2 5 0 3 0 4 5 3 5 1 2 0 1 3 5 4 2 5 4 0 5 3 3 1 4 0 2 4 1 2 5 | 18 25  0 8 1 0 9 2 1 9 1 1 15 1 1 17 1 2 10 1 2 12 1 2 13 1 3 10 1 3 13 1 3 17 1 4 11 1 4 12 1 4 13 1 5 11 2 5 16 1 6 12 1 6 14 1 6 15 1 7 14 1 7 15 1 7 16 1 8 16 1 8 17 1 10 14 1
R 90754 54 81 6 75 3 4 5 3 4 2 0 1 2 0 1 3 1 2 4 0 1 3 1 2 3 2 0 4 2 3 0 3 5 1 0 2 4 1 4 3 1 0 4 4 0 1 2 4 3 1 0 4 1 2 3 0 2 1 0 1 2 1 0 5 4 3 5 4 2 5 5 0 3 2 4 5 5 4 5 3 1 5 2 0 3 | 18 26  0 6 1 0 10 1 0 12 1 1 7 1 1 11 2 2 8 1 2 12 1 2 13 1 3 9 1 3 13 1 3 14 1 4 10 1 4 14 1 4 15 1 5 11 1 5 16 1 5 17 1 6 12 1 6 17 1 7 16 1 7 17 1 8 14 1 8 15 1 9 15 1 9 16 1 10 13 1
R 41956 54 81 6 573 3 1 2 3 5 1 1 0 3 0 2 3 2 4 3 0 4 2 0 1 4 0 2 1 2 0 1 2 3 0 3 4 5 4 5 3 2 5 3 4 1 3 4 0 1 1 4 0 0 2 4 2 1 4 4 5 0 4 0 2 4 5 2 1 4 5 1 0 5 1 3 5 2 5 3 3 5 3 1 2 0 | 18 23  0 7 2 0 10 1 1 8 1 1 11 2 2 9 2 2 15 1 3 10 1 3 12 1 3 14 1 4 11 1 4 13 1 4 17 1 5 12 1 5 14 1 5 15 1 6 13 2 6 16 1 7 15 1 8 16 1 8 17 1 9 16 1 10 14 1 12 17 1
R 67521 54 81 6 96 3 4 5 2 4 3 0 1 2 1 2 0 0 1 2 0 5 1 5 3 4 1 2 3 3 0 4 5 2 0 0 2 3 0 3 1 1 2 4 1 3 2 0 5 3 2 5 0 4 1 0 0 3 1 0 1 2 1 5 0 3 5 4 4 3 5 5 3 4 4 3 2 0 2 1 4 5 5 2 4 1 | 18 27  0 7 1 0 10 1 0 11 1 1 8 1 1 11 1 1 12 1 2 9 1 2 12 1 2 14 1 3 10 1 3 12 1 3 13 1 4 10 1 4 16 1 4 17 1 5 11 1 5 15 1 5 16 1 6 13 1 6 14 1 6 15 1 7 15 1 7 17 1 8 16 1 8 17 1 9 13 1 9 14 1
R 3001 54 81 6 76 3 1 2 2 3 0 0 4 3 2 1 3 4 1 0 0 1 2 0 3 1 1 2 4 0 2 1 1 0 3 3 4 1 0 3 2 4 1 5 1 3 4 0 2 3 2 5 0 0 1 4 2 0 4 4 5 0 4 5 1 2 5 1 4 0 5 5 2 3 3 5 4 2 5 4 0 3 5 3 2 1 | 18 24  0 8 2 0 10 1 1 9 2 1 15 1 2 10 2 2 14 1 3 11 1 3 12 1 3 17 1 4 11 1 4 13 1 4 17 1 5 12 1 5 13 1 5 14 1 6 12 1 6 14 1 6 15 1 7 13 1 7 15 1 7 16 1 8 16 1 9 16 1 11 17 1
R 17243 54 81 6 491 3 1 2 3 4 0 2 1 4 1 4 5 0 2 3 5 4 2 0 1 2 0 3 1 0 2 1 0 1 3 5 4 2 3 4 5 1 2 4 1 0 2 1 0 5 3 2 5 1 0 4 3 1 0 4 5 0 2 1 5 5 3 0 0 3 2 1 5 4 0 3 1 5 3 4 2 4 5 3 4 2 | 18 24  0 8 2 0 11 1 1 9 1 1 10 1 1 17 1 2 9 1 2 13 1 2 15 1 3 10 2 3 16 1 4 11 1 4 13 1 4 14 1 5 12 2 5 15 1 6 12 1 6 16 1 6 17 1 7 14 1 7 15 1 7 16 1 8 14 1 9 13 1 11 17 1
R 36716 54 81 6 264 3 4 5 0 1 2 3 4 2 4 1 3 0 1 4 1 5 2 0 4 2 0 5 1 1 2 3 2 5 0 3 1 2 0 2 3 0 1 3 5 1 4 1 2 4 1 0 2 3 0 5 0 4 1 0 1 2 3 5 4 1 0 5 0 5 2 5 3 2 4 3 0 5 1 3 2 3 4 4 5 4 | 18 27  0 8 1 0 11 1 0 12 1 1 9 1 1 10 1 1 11 1 2 9 1 2 13 1 2 15 1 3 10 1 3 14 1 3 17 1 4 11 1 4 15 1 4 16 1 5 12 1 5 13 1 5 14 1 6 12 1 6 16 1 6 17 1 7 13 1 7 14 1 7 15 1 8 16 1 8 17 1 9 10 1
R 80971 54 81 6 79 3 4 5 3 1 4 1 0 2 3 4 0 5 3 0 1 2 0 2 4 3 1 2 3 4 5 1 2 3 0 0 3 1 0 2 4 4 1 5 2 1 3 0 4 2 2 3 4 2 1 0 1 0 4 0 1 2 2 0 5 4 5 3 1 2 5 2 4 1 5 3 4 0 1 5 4 5 3 0 5 3 | 18 26  0 7 1 0 11 1 0 17 1 1 8 1 1 13 1 1 15 1 2 9 1 2 10 1 2 17 1 3 9 1 3 12 1 3 13 1 4 10 2 4 15 1 5 11 1 5 12 1 5 13 1 6 12 1 6 14 1 6 16 1 7 16 1 7 17 1 8 14 1 8 15 1 9 14 1 11 16 1
R 723 54 81 6 142 3 4 5 0 2 1 0 3 4 1 4 5 1 2 3 0 1 2 0 2 1 0 1 4 3 2 5 1 2 3 5 4 2 0 2 3 0 1 4 1 4 5 2 5 1 0 4 2 1 3 0 0 1 3 0 1 2 4 5 3 1 5 2 0 3 2 4 5 0 5 3 4 3 4 5 2 3 5 0 1 4 | 18 25  0 9 1 0 11 1 0 12 1 1 9 2 1 15 1 2 10 1 2 16 1 2 17 1 3 10 2 3 16 1 4 11 1 4 12 1 4 13 1 5 11 1 5 13 1 5 16 1 6 12 1 6 14 1 6 17 1 7 13 1 7 14 1 7 15 1 8 14 1 8 15 1 8 17 1
R 82529 54 81 6 1770 3 4 5 2 3 5 3 4 0 2 0 1 1 5 2 5 0 4 2 0 5 1 2 3 0 1 2 1 0 4 2 4 0 4 0 2 0 2 3 3 4 5 0 1 2 1 3 2 0 1 4 2 0 3 0 1 2 4 0 1 2 1 5 3 5 4 3 4 0 1 3 2 1 3 4 4 5 3 5 5 5 | 18 26  0 7 1 0 12 1 0 16 1 1 8 1 1 15 1 1 17 1 2 9 1 2 10 1 2 15 1 3 9 1 3 11 1 3 17 1 4 10 1 4 12 1 4 13 1 5 11 2 5 13 1 6 13 1 6 14 1 6 15 1 7 14 1 7 16 1 8 16 1 8 17 1 9 14 1 10 12 1
R 13591 54 81 6 1081 1 2 3 3 0 2 1 4 5 0 4 1 5 1 3 2 0 4 0 4 2 1 3 2 3 4 5 2 4 0 4 1 3 0 2 1 4 0 5 1 2 4 1 3 2 2 0 3 3 4 0 0 3 1 0 4 5 1 5 4 3 0 2 3 2 5 2 0 4 1 3 5 3 5 1 0 5 4 1 2 5 | 18 23  0 8 1 0 11 2 1 9 1 1 10 1 1 14 1 2 9 1 2 10 2 3 11 1 3 16 1 3 17 1 4 12 1 4 14 1 4 15 1 5 12 2 5 15 1 6 13 2 6 15 1 7 13 1 7 16 1 7 17 1 8 16 1 8 17 1 9 14 1
R 12298 54 81 6 236 1 2 3 0 4 1 0 3 4 0 1 5 1 3 2 2 4 5 0 1 2 0 2 3 3 4 5 0 2 1 5 1 3 2 1 0 0 2 4 4 3 5 4 2 1 3 2 5 3 4 0 0 3 1 0 4 5 3 2 5 2 5 1 4 2 3 4 5 0 3 0 1 3 4 5 1 5 4 1 2 0 | 18 26  0 8 1 0 9 2 1 9 1 1 16 1 1 17 1 2 10 1 2 11 1 2 12 1 3 10 1 3 13 1 3 14 1 4 11 1 4 12 1 4 13 1 5 11 1 5 14 1 5 15 1 6 12 1 6 15 1 6 16 1 7 13 1 7 14 1 7 17 1 8 16 1 8 17 1 10 15 1
R 62628 54 81 6 81 3 4 5 1 3 2 2 0 4 1 5 2 3 0 2 0 1 4 0 2 3 1 2 3 4 0 1 1 4 5 2 0 4 0 2 3 0 1 5 3 0 5 3 2 4 1 5 2 1 3 0 1 3 4 0 1 2 5 4 0 3 1 5 3 4 0 1 5 4 5 3 2 1 4 5 4 5 3 2 0 2 | 18 26  0 7 1 0 11 1 0 12 1 1 8 1 1 12 1 1 15 1 2 9 1 2 13 1 2 14 1 3 10 1 3 11 1 3 17 1 4 10 2 4 16 1 5 11 1 5 12 1 5 13 1 6 14 1 6 15 1 6 16 1 7 13 1 7 17 1 8 15 1 8 17 1 9 14 1 9 16 1
R 47000 54 81 6 50146 3 4 5 0 1 2 0 1 3 4 5 2 0 1 4 0 3 4 5 1 2 1 2 3 2 3 0 2 3 1 0 4 2 3 5 4 2 1 4 1 0 4 4 0 3 3 4 2 1 3 0 0 2 1 0 1 2 4 3 5 4 5 2 3 0 1 2 5 3 5 1 2 0 3 4 5 4 1 5 0 5 | 18 24  0 7 1 0 10 1 0 13 1 1 8 1 1 13 1 1 15 1 2 9 2 2 14 1 3 10 1 3 11 2 4 11 1 4 16 1 4 17 1 5 12 1 5 15 1 5 16 1 6 12 2 6 16 1 7 13 1 7 17 1 8 14 1 8 17 1 9 15 1 10 14 1
R 23313 54 81 6 125 3 1 2 1 2 0 0 2 4 3 4 5 2 1 5 3 0 5 3 0 2 1 4 3 0 2 1 3 0 1 2 4 1 4 5 1 2 3 5 1 0 4 3 4 5 1 3 0 4 2 0 3 0 2 4 5 0 4 3 5 5 1 3 0 2 1 0 3 4 2 1 4 4 5 1 0 2 5 3 2 5 | 18 25  0 8 2 0 14 1 1 9 1 1 10 1 1 15 1 2 9 1 2 12 1 2 13 1 3 10 1 3 15 1 3 17 1 4 11 2 4 15 1 5 11 1 5 16 1 5 17 1 6 12 1 6 13 1 6 14 1 7 12 1 7 13 1 7 17 1 8 16 1 9 14 1 10 16 1
R 47882 54 81 6 83 3 4 5 1 4 2 1 0 4 1 2 0 3 4 1 3 0 2 0 1 2 1 2 3 3 5 4 3 4 0 0 2 3 4 2 1 0 1 4 1 0 2 4 2 0 4 0 3 0 2 3 3 0 1 0 1 2 0 3 5 2 5 3 4 3 5 0 5 2 5 1 4 3 5 4 4 5 1 2 1 5 | 18 25  0 7 1 0 10 1 0 12 1 1 8 1 1 12 1 1 13 1 2 9 2 2 13 1 3 10 1 3 11 2 4 11 1 4 16 1 4 17 1 5 12 1 5 15 1 5 17 1 6 14 1 6 15 1 6 16 1 7 13 1 7 14 1 8 14 1 8 15 1 9 16 1 10 17 1
R 15710 54 81 6 182 3 1 2 2 3 0 0 3 1 1 4 3 0 2 3 4 2 5 2 0 3 4 1 5 0 2 1 1 0 2 3 4 0 3 4 5 5 2 1 5 1 3 3 4 0 2 0 5 1 4 2 4 0 1 4 5 0 4 1 5 5 2 4 2 5 0 1 4 5 0 3 1 4 5 1 0 2 3 3 3 2 | 18 23  0 8 2 0 11 1 1 9 1 1 10 1 1 16 1 2 9 1 2 14 1 2 15 1 3 10 2 3 16 1 4 11 1 4 12 1 4 17 1 5 12 2 5 14 1 6 13 1 6 14 1 6 15 1 7 13 2 7 16 1 8 15 1 9 17 1 11 17 1
R 60446 54 81 6 2881 3 4 5 1 0 2 4 5 1 0 1 2 0 3 1 5 2 4 3 0 4 1 2 3 2 3 0 2 1 5 2 3 1 3 4 2 0 2 5 1 0 4 3 5 4 0 4 1 1 3 0 0 3 2 0 1 2 4 3 5 0 3 2 4 3 5 5 2 4 0 1 3 5 2 1 4 5 1 5 4 0 | 18 25  0 7 1 0 12 1 0 13 1 1 8 1 1 12 1 1 16 1 2 9 2 2 15 1 3 10 1 3 13 1 3 17 1 4 10 1 4 14 1 4 17 1 5 11 2 5 15 1 6 11 1 6 16 1 6 17 1 7 12 1 7 13 1 8 14 1 8 15 1 9 16 1 10 14 1
R 48170 54 81 6 242 1 2 3 0 3 4 5 0 1 0 4 1 2 3 0 1 3 2 0 2 4 3 4 5 2 5 0 4 1 5 0 2 1 3 4 0 2 1 4 1 0 3 2 0 1 5 2 0 5 2 4 0 1 3 0 4 5 1 5 2 2 4 3 3 2 5 1 4 5 0 5 4 3 1 5 1 2 3 4 3 0 | 18 25  0 7 1 0 10 2 1 8 1 1 12 1 1 13 1 2 9 1 2 14 1 2 15 1 3 10 1 3 11 2 4 11 1 4 13 1 4 14 1 5 12 1 5 13 1 5 15 1 6 12 1 6 16 1 6 17 1 7 15 1 7 17 1 8 16 1 8 17 1 9 14 1 9 16 1
R 52460 54 81 6 98 3 1 2 3 5 4 2 5 1 0 4 3 1 4 0 0 3 5 0 2 3 0 2 1 4 2 1 0 1 2 3 4 1 2 0 1 1 0 3 2 0 4 3 0 5 2 4 3 0 2 4 1 3 0 4 5 0 0 2 1 3 4 0 2 5 1 3 2 5 4 1 2 4 5 1 3 5 3 5 4 5 | 18 25  0 7 2 0 10 1 1 8 1 1 12 1 1 13 1 2 9 1 2 14 1 2 15 1 3 10 2 3 16 1 4 11 1 4 14 1 4 17 1 5 11 1 5 15 1 5 17 1 6 12 1 6 13 1 6 14 1 7 16 1 8 12 1 8 13 1 9 15 1 9 17 1 11 16 1
R 86206 54 81 6 487 3 4 5 0 1 2 1 5 2 0 3 5 4 2 1 2 5 0 0 4 1 1 2 3 2 3 5 2 0 1 0 5 1 0 2 3 1 0 4 3 4 1 3 4 2 4 2 5 1 0 5 3 4 0 0 1 2 4 3 5 3 4 0 4 1 2 3 5 0 4 3 1 2 3 5 5 4 0 1 5 2 | 18 27  0 7 1 0 11 1 0 12 1 1 8 1 1 12 1 1 13 1 2 9 1 2 11 1 2 14 1 3 9 1 3 15 1 3 16 1 4 10 1 4 14 1 4 15 1 5 10 1 5 16 1 5 17 1 6 13 1 6 15 1 6 17 1 7 12 1 7 16 1 8 13 1 8 14 1 9 11 1 10 17 1
R 80972 54 81 6 574 1 2 3 0 1 2 0 4 1 2 3 4 3 2 4 0 4 1 1 2 0 3 4 5 2 3 0 1 3 4 5 2 0 0 2 1 3 0 4 1 3 2 4 2 5 0 5 2 2 3 1 0 1 3 0 4 5 5 4 3 2 3 5 5 1 0 1 0 5 3 2 5 5 3 4 1 2 1 4 0 4 | 18 26  0 7 1 0 11 2 1 8 1 1 13 1 1 15 1 2 9 1 2 10 1 2 16 1 3 9 1 3 12 1 3 13 1 4 10 1 4 16 1 4 17 1 5 11 1 5 12 1 5 13 1 6 12 1 6 14 1 6 16 1 7 15 1 7 17 1 8 14 1 8 15 1 9 14 1 10 17 1
R 77951 54 81 6 101 3 4 5 5 2 3 1 2 5 5 0 1 2 5 3 0 2 4 4 0 1 1 2 3 3 1 4 0 2 3 4 3 0 1 0 4 0 2 4 0 1 2 1 0 5 2 3 1 3 0 2 3 1 4 0 1 2 0 1 4 4 3 0 2 3 4 1 4 0 3 5 1 3 5 2 4 5 5 2 5 5 | 18 27  0 7 1 0 9 1 0 11 1 1 8 1 1 12 1 1 13 1 2 9 1 2 13 1 2 17 1 3 10 1 3 12 1 3 15 1 4 10 1 4 14 1 4 15 1 5 11 1 5 15 1 5 16 1 6 14 1 6 16 1 6 17 1 7 16 1 7 17 1 8 13 1 8 14 1 9 11 1 10 12 1
R 85095 54 81 6 180 3 4 5 3 4 1 0 1 2 2 0 5 3 0 1 2 4 5 3 0 1 1 2 3 0 1 4 5 2 1 1 3 2 4 3 5 0 2 3 0 1 4 2 5 1 1 0 2 3 2 4 3 1 4 0 1 2 2 5 0 3 5 4 4 1 3 4 2 5 3 1 0 4 5 2 4 5 3 5 0 0 | 18 27  0 7 1 0 12 1 0 13 1 1 8 1 1 13 1 1 16 1 2 9 1 2 10 1 2 12 1 3 9 1 3 11 1 3 13 1 4 10 1 4 11 1 4 12 1 5 15 1 5 16 1 5 17 1 6 15 1 6 16 1 6 17 1 7 14 1 7 17 1 8 14 1 8 15 1 9 11 1 10 14 1
R 55952 54 81 6 88 1 2 3 1 4 5 1 3 2 0 4 2 0 3 2 1 4 5 3 0 5 3 4 5 2 0 1 2 4 1 0 2 1 2 3 4 0 1 3 0 1 2 3 1 4 3 0 4 0 5 2 0 5 3 0 4 5 3 0 2 0 5 4 3 5 1 1 4 5 3 0 2 4 2 1 1 2 5 4 5 3 | 18 26  0 7 1 0 10 2 1 8 1 1 11 1 1 12 1 2 9 1 2 12 1 2 16 1 3 10 1 3 14 1 3 17 1 4 11 1 4 12 1 4 13 1 5 13 1 5 14 1 5 15 1 6 13 1 6 14 1 6 15 1 7 16 1 7 17 1 8 11 1 8 17 1 9 15 1 9 16 1
R 75352 54 81 6 2087 1 2 3 2 4 5 0 4 2 3 5 1 2 0 1 3 4 5 2 0 1 3 4 5 0 5 3 0 2 1 1 2 4 1 0 5 0 1 5 3 1 4 2 3 0 3 1 2 0 3 2 5 0 3 0 4 5 1 3 0 3 5 1 0 2 4 3 5 4 2 1 0 3 5 4 1 2 4 2 5 4 | 18 26  0 7 1 0 9 2 1 8 1 1 12 1 1 13 1 2 9 1 2 15 1 2 17 1 3 10 1 3 12 1 3 14 1 4 10 1 4 13 1 4 15 1 5 11 1 5 14 1 5 15 1 6 11 1 6 16 1 6 17 1 7 16 1 7 17 1 8 12 1 8 13 1 10 14 1 11 16 1
R 65872 54 81 6 101 3 4 5 0 2 3 2 3 4 0 2 1 3 2 4 0 1 4 0 2 1 1 2 3 4 3 2 1 4 3 0 2 5 1 0 3 4 1 5 1 0 4 0 2 3 2 0 3 4 5 1 0 1 4 0 1 2 1 5 4 0 5 1 5 4 3 0 1 5 2 3 5 3 4 5 4 5 0 2 3 2 | 18 24  0 7 1 0 10 1 0 13 1 1 8 2 1 11 1 2 9 2 2 15 1 3 11 1 3 15 1 3 16 1 4 12 1 4 14 1 4 17 1 5 12 2 5 14 1 6 13 1 6 14 1 6 15 1 7 10 1 7 13 1 8 16 1 9 16 1 10 17 1 11 17 1
R 49281 54 81 6 75 1 2 3 1 4 3 2 4 0 0 4 1 3 4 0 2 0 1 5 2 4 3 4 5 2 5 1 0 1 2 0 2 1 1 0 4 5 0 4 2 3 0 2 0 4 3 4 1 3 0 2 1 3 0 0 4 5 0 2 5 3 1 5 3 2 5 2 1 5 3 5 4 3 1 0 1 2 4 3 5 4 | 18 25  0 7 1 0 10 2 1 8 1 1 12 1 1 14 1 2 9 1 2 12 1 2 13 1 3 10 1 3 15 1 3 16 1 4 11 1 4 14 1 4 17 1 5 11 2 5 16 1 6 12 1 6 13 1 6 15 1 7 16 1 7 17 1 8 13 1 8 14 1 9 15 1 9 17 1
R 60322 54 81 6 248 3 4 5 1 0 2 0 1 2 0 1 3 4 2 5 3 0 1 4 5 0 1 2 3 2 3 1 2 3 5 5 2 0 4 1 0 0 2 5 1 0 4 1 3 4 2 0 3 3 4 2 3 4 1 0 1 2 4 3 5 4 3 5 4 2 5 1 3 0 2 5 4 3 1 2 4 5 0 5 1 0 | 18 25  0 7 1 0 12 1 0 13 1 1 8 1 1 12 1 1 14 1 2 9 1 2 13 1 2 17 1 3 10 1 3 14 1 3 15 1 4 10 2 4 16 1 5 11 2 5 15 1 6 11 1 6 16 1 6 17 1 7 12 1 7 13 1 8 14 1 8 16 1 9 15 1 9 17 1
R 88489 54 81 6 226 3 4 5 1 5 3 0 2 4 0 3 1 5 1 2 1 0 2 3 4 0 1 2 3 3 2 4 0 2 5 4 3 5 2 1 3 3 2 0 1 0 4 2 0 1 4 0 3 5 4 1 0 1 2 0 1 2 0 4 2 1 5 3 2 5 4 0 4 3 4 5 3 1 2 5 4 5 5 1 3 0 | 18 25  0 7 1 0 9 1 0 13 1 1 8 1 1 14 1 1 15 1 2 10 1 2 11 1 2 17 1 3 10 1 3 15 1 3 17 1 4 11 2 4 16 1 5 12 2 5 13 1 6 12 1 6 16 1 6 17 1 7 9 1 7 13 1 8 14 1 8 15 1 9 14 1 10 16 1
R 59001 54 81 6 96 3 4 5 0 1 4 1 0 2 0 3 5 1 3 2 2 4 3 0 1 3 1 2 3 5 4 1 3 2 0 5 2 4 1 3 0 0 2 3 1 2 0 1 0 4 0 2 4 5 4 3 2 1 5 0 1 2 2 3 5 4 5 3 1 2 4 0 4 5 5 1 0 5 2 4 4 5 3 0 1 3 | 18 25  0 7 1 0 12 1 0 14 1 1 8 1 1 13 1 1 15 1 2 9 2 2 14 1 3 10 1 3 11 2 4 10 1 4 12 1 4 13 1 5 11 1 5 15 1 5 17 1 6 12 1 6 16 1 6 17 1 7 13 1 7 14 1 8 15 1 8 16 1 9 16 1 10 17 1
R 69871 54 81 6 441 3 1 2 2 3 4 0 2 3 2 0 3 0 2 3 1 0 4 0 1 2 0 2 1 0 4 3 3 4 5 1 2 4 1 2 3 4 0 2 2 5 3 4 0 1 3 1 4 0 1 5 5 2 1 4 5 0 1 5 0 1 4 5 5 1 4 5 1 4 3 5 2 4 3 5 3 2 2 3 0 0 | 18 24  0 7 2 0 9 1 1 8 2 1 10 1 2 9 1 2 11 1 2 14 1 3 10 1 3 12 1 3 17 1 4 11 1 4 13 1 4 16 1 5 12 2 5 15 1 6 13 1 6 14 1 6 15 1 7 16 1 8 16 1 9 14 1 10 17 1 11 15 1 13 17 1
R 54812 54 81 6 83 1 2 3 2 0 3 1 4 5 0 4 2 0 5 3 1 4 5 1 0 2 3 4 5 1 3 2 2 0 1 0 2 1 1 0 3 2 5 4 1 0 3 1 4 3 2 4 3 2 0 4 0 5 3 0 4 5 4 5 1 3 0 2 3 5 1 4 2 1 2 0 3 3 4 5 1 2 0 5 5 4 | 18 26  0 7 1 0 10 2 1 8 1 1 11 1 1 12 1 2 9 1 2 12 1 2 13 1 3 10 1 3 13 1 3 17 1 4 11 1 4 14 1 4 15 1 5 11 1 5 15 1 5 16 1 6 12 1 6 13 1 6 14 1 7 16 1 7 17 1 8 14 1 8 16 1 9 15 1 9 17 1
R 52317 54 81 6 400 1 2 3 2 5 3 5 0 1 0 4 2 0 2 3 0 1 5 5 0 1 3 4 5 1 3 4 3 1 0 0 2 1 3 4 5 1 0 2 4 0 5 2 1 3 1 3 0 0 2 4 5 0 3 0 4 5 0 4 1 2 4 3 3 5 1 1 5 4 2 4 3 3 2 4 1 2 5 2 5 0 | 18 25  0 7 1 0 10 2 1 8 1 1 12 1 1 13 1 2 9 2 2 13 1 3 10 1 3 15 1 3 17 1 4 11 1 4 14 1 4 15 1 5 11 1 5 14 1 5 16 1 6 12 1 6 15 1 6 17 1 7 16 1 7 17 1 8 12 1 8 13 1 9 16 1 11 14 1
R 36839 54 81 6 75 3 4 5 2 0 4 1 0 3 1 0 3 3 2 4 1 4 2 0 2 5 1 0 2 1 2 3 3 4 5 3 1 2 2 1 4 2 1 5 0 2 3 0 2 3 4 0 3 1 2 0 1 0 4 0 1 2 1 5 3 2 5 4 4 2 5 0 1 5 0 5 3 3 4 1 4 5 3 4 5 0 | 18 27  0 8 1 0 14 1 0 17 1 1 9 1 1 10 1 1 11 1 2 9 1 2 11 1 2 12 1 3 10 1 3 15 1 3 16 1 4 11 1 4 13 1 4 14 1 5 12 1 5 13 1 5 16 1 6 12 1 6 14 1 6 15 1 7 13 1 7 15 1 7 17 1 8 16 1 8 17 1 9 10 1
R 8926 54 81 6 435 3 1 2 0 2 3 2 5 4 0 2 1 0 1 2 3 4 5 1 3 2 3 4 0 0 2 1 3 4 5 1 3 5 5 4 0 1 2 0 0 4 2 3 1 0 1 4 5 3 4 2 3 0 1 4 5 0 1 4 5 0 3 1 4 3 5 3 5 4 1 2 0 5 4 0 2 1 5 3 2 2 | 18 25  0 8 2 0 9 1 1 9 1 1 12 1 1 13 1 2 10 1 2 12 1 2 13 1 3 10 1 3 13 1 3 16 1 4 11 1 4 14 1 4 17 1 5 11 2 5 16 1 6 12 1 6 14 1 6 15 1 7 15 1 7 16 1 7 17 1 8 15 1 9 17 1 10 14 1
R 47395 54 81 6 145 1 2 3 2 1 3 1 0 4 0 4 1 2 4 3 0 1 2 3 2 5 3 4 5 5 0 1 3 4 0 0 2 1 3 4 0 5 2 4 1 4 3 2 4 1 0 2 4 0 2 3 0 3 1 0 4 5 4 0 5 2 5 3 3 2 5 1 0 5 3 5 4 0 1 4 1 2 2 3 1 5 | 18 24  0 7 1 0 10 2 1 8 1 1 13 1 1 14 1 2 9 2 2 14 1 3 10 1 3 11 1 3 16 1 4 11 1 4 14 1 4 15 1 5 12 1 5 13 1 5 17 1 6 12 2 6 16 1 7 15 1 7 17 1 8 13 1 8 15 1 9 16 1 11 17 1
R 87090 54 81 6 705 3 4 5 1 2 5 1 5 2 0 1 3 5 0 2 1 5 2 3 4 0 1 2 3 0 3 1 2 0 4 2 1 0 0 3 5 0 2 3 3 2 5 1 3 4 1 0 2 0 1 4 4 5 3 0 1 2 4 0 3 3 4 0 5 4 2 3 4 1 4 3 0 2 5 1 4 5 2 5 1 5 | 18 27  0 7 1 0 12 1 0 16 1 1 8 1 1 13 1 1 15 1 2 9 1 2 12 1 2 14 1 3 9 1 3 15 1 3 17 1 4 10 1 4 11 1 4 13 1 5 10 1 5 16 1 5 17 1 6 11 1 6 16 1 6 17 1 7 13 1 7 14 1 8 14 1 8 15 1 9 11 1 10 12 1
R 79649 54 81 6 92 3 4 5 1 0 4 3 0 5 2 3 4 0 1 2 1 2 3 0 1 3 1 2 3 3 4 0 1 4 0 2 0 5 0 2 3 3 1 4 2 1 5 1 0 4 1 2 0 0 3 2 0 2 4 0 1 2 2 5 3 2 1 4 5 0 1 4 3 5 4 0 5 2 5 4 4 5 1 3 3 5 | 18 25  0 7 1 0 11 1 0 14 1 1 8 2 1 15 1 2 9 1 2 10 1 2 13 1 3 9 1 3 12 1 3 17 1 4 10 1 4 14 1 4 16 1 5 11 1 5 13 1 5 15 1 6 12 2 6 16 1 7 15 1 7 17 1 8 16 1 9 13 1 10 17 1 11 14 1
R 20749 54 81 6 12196 3 4 5 4 3 5 0 1 2 0 2 4 1 0 2 0 3 1 1 2 3 0 4 5 1 2 3 0 5 3 4 2 3 2 3 1 0 3 2 0 2 5 3 1 4 1 0 5 0 4 1 1 2 4 0 1 2 1 2 0 4 3 5 1 5 3 4 3 5 5 2 4 4 5 0 1 2 3 4 5 0 | 18 24  0 8 1 0 13 1 0 15 1 1 9 2 1 10 1 2 9 1 2 15 1 2 16 1 3 10 2 3 16 1 4 11 1 4 13 1 4 14 1 5 11 1 5 14 1 5 15 1 6 12 2 6 14 1 7 12 1 7 16 1 7 17 1 8 13 1 8 17 1 11 17 1
R 52513 54 81 6 84 1 2 3 2 0 3 1 4 5 0 4 2 2 0 1 3 4 1 0 5 2 3 4 5 1 3 5 2 0 1 0 2 1 1 4 0 1 4 2 2 5 3 0 1 3 3 4 0 2 3 4 5 0 3 0 4 5 4 5 1 3 0 2 3 5 1 3 5 4 2 5 0 3 4 1 1 2 0 2 4 5 | 18 25  0 7 1 0 10 2 1 8 1 1 12 1 1 13 1 2 9 1 2 13 1 2 14 1 3 10 1 3 15 1 3 17 1 4 11 1 4 14 1 4 17 1 5 11 2 5 16 1 6 12 1 6 14 1 6 15 1 7 16 1 7 17 1 8 12 1 8 15 1 9 13 1 9 16 1
R 27319 54 81 6 528 3 4 5 0 4 1 0 1 2 3 1 4 0 4 2 1 0 3 2 3 5 0 2 5 1 2 3 2 1 3 2 4 3 5 3 4 2 4 5 3 0 5 1 0 4 0 3 1 0 1 2 2 0 1 0 1 2 5 3 2 4 3 5 0 2 5 1 5 3 2 5 4 0 1 4 1 4 3 4 5 0 | 18 25  0 8 1 0 12 1 0 14 1 1 9 1 1 12 1 1 13 1 2 9 1 2 14 1 2 15 1 3 10 1 3 15 1 3 17 1 4 10 2 4 16 1 5 11 1 5 16 1 5 17 1 6 11 2 6 16 1 7 13 1 7 15 1 7 17 1 8 13 1 8 14 1 9 12 1
R 289 54 81 6 103 3 1 2 0 4 1 0 4 3 0 2 4 3 1 5 0 1 2 3 4 2 0 5 1 1 5 4 0 2 1 3 4 1 5 1 4 5 2 1 1 3 4 3 4 0 0 2 4 0 5 3 0 1 2 4 5 0 3 2 5 2 5 1 3 5 1 0 2 4 3 4 5 0 1 5 2 3 4 0 2 3 | 18 23  0 9 2 0 10 1 1 9 1 1 14 1 1 15 1 2 10 2 2 16 1 3 11 1 3 13 1 3 14 1 4 11 2 4 16 1 5 12 2 5 14 1 6 12 1 6 15 1 6 17 1 7 13 1 7 15 1 7 17 1 8 13 1 8 16 1 8 17 1
R 36143 54 81 6 134 3 4 5 3 0 4 3 5 4 1 2 4 0 2 1 0 3 1 0 2 1 2 4 3 1 2 3 4 5 2 0 2 5 0 1 3 3 1 2 0 1 4 2 1 3 0 1 4 3 0 4 2 4 0 0 1 2 1 2 5 0 2 1 3 5 0 4 5 3 4 2 5 5 4 3 0 5 1 4 5 3 | 18 27  0 8 1 0 10 1 0 11 1 1 9 1 1 13 1 1 14 1 2 9 1 2 15 1 2 16 1 3 10 1 3 11 1 3 12 1 4 11 1 4 12 1 4 13 1 5 12 1 5 16 1 5 17 1 6 13 1 6 14 1 6 15 1 7 14 1 7 16 1 7 17 1 8 10 1 8 15 1 9 17 1
R 27726 54 81 6 379 3 4 5 1 3 2 0 3 1 4 3 2 0 1 2 0 3 4 2 4 5 0 5 1 1 2 3 2 0 1 0 2 3 5 4 1 4 2 5 1 0 4 3 0 1 4 1 3 0 5 2 0 3 2 0 1 2 4 5 0 5 2 4 1 5 0 4 3 5 2 5 1 0 3 1 2 3 4 5 4 3 | 18 25  0 8 1 0 12 1 0 13 1 1 9 1 1 14 1 1 15 1 2 9 1 2 15 1 2 16 1 3 10 2 3 12 1 4 10 1 4 13 1 4 17 1 5 11 1 5 15 1 5 17 1 6 11 2 6 16 1 7 14 1 7 16 1 7 17 1 8 13 1 8 14 1 9 12 1
R 14891 54 81 6 76 3 1 2 5 1 2 0 3 1 0 3 1 0 4 3 2 4 0 2 1 4 5 0 3 0 2 1 2 0 1 1 3 2 3 4 1 4 3 0 3 0 1 0 3 2 4 5 1 2 0 5 2 1 0 4 5 0 3 0 4 4 2 5 5 2 4 2 5 1 1 3 5 5 0 3 2 4 1 3 5 4 | 18 23  0 8 2 0 11 1 1 9 1 1 10 1 1 14 1 2 9 1 2 12 2 3 10 1 3 15 1 3 16 1 4 11 2 4 14 1 5 12 1 5 15 1 5 17 1 6 13 1 6 15 1 6 17 1 7 13 2 7 16 1 8 16 1 9 14 1 10 17 1
R 53543 54 81 6 108 1 2 3 2 0 3 5 1 2 0 4 1 2 4 1 3 1 5 2 4 0 3 4 5 4 3 0 3 2 0 0 2 1 0 1 2 3 4 0 0 4 1 2 1 3 3 4 2 0 5 4 3 4 1 0 4 5 1 5 4 4 0 3 3 2 5 3 5 0 4 2 0 1 3 5 1 2 2 1 5 5 | 18 25  0 7 1 0 10 2 1 8 2 1 14 1 2 9 1 2 15 1 2 16 1 3 10 1 3 12 1 3 15 1 4 11 1 4 13 1 4 14 1 5 11 1 5 13 1 5 17 1 6 12 1 6 13 1 6 14 1 7 16 1 7 17 1 8 16 1 9 15 1 9 17 1 11 12 1
R 52482 54 81 6 2772 1 2 3 3 5 4 0 4 5 0 4 2 3 4 1 2 0 1 2 0 1 3 4 5 2 1 3 2 5 3 0 2 1 0 1 4 1 0 4 3 2 0 2 1 5 3 1 4 3 0 2 5 0 3 0 4 5 0 2 1 1 3 2 3 5 1 2 5 0 3 5 4 3 5 4 1 2 5 4 4 0 | 18 25  0 7 1 0 10 2 1 8 1 1 12 1 1 13 1 2 9 1 2 14 1 2 15 1 3 10 1 3 15 1 3 17 1 4 11 2 4 14 1 5 11 1 5 16 1 5 17 1 6 12 1 6 13 1 6 16 1 7 16 1 7 17 1 8 12 1 8 13 1 9 14 1 9 15 1
R 83095 54 81 6 102 3 4 5 0 1 2 0 1 2 3 4 1 5 2 4 1 0 3 5 2 0 1 2 3 2 3 1 2 3 1 1 3 4 2 3 0 0 2 5 1 0 4 0 4 1 0 4 3 1 2 4 3 0 1 0 1 2 4 3 5 4 5 3 0 2 5 0 3 1 4 5 2 1 3 4 4 5 5 0 5 2 | 18 26  0 7 1 0 12 1 0 13 1 1 8 1 1 13 1 1 14 1 2 9 1 2 10 1 2 12 1 3 9 1 3 15 1 3 17 1 4 10 1 4 14 1 4 15 1 5 11 2 5 14 1 6 11 1 6 16 1 6 17 1 7 12 1 7 16 1 8 15 1 8 16 1 9 13 1 10 17 1
R 69048 54 81 6 75 3 4 5 1 0 2 0 4 5 1 2 4 0 2 1 3 5 2 0 1 3 1 2 3 2 4 0 3 1 4 0 2 5 0 1 3 3 4 2 2 1 0 3 1 4 4 2 0 1 2 3 0 3 2 0 1 2 3 4 5 2 1 3 3 5 0 5 3 4 0 4 1 2 4 5 4 5 5 1 5 0 | 18 27  0 7 1 0 10 1 0 11 1 1 8 1 1 11 1 1 12 1 2 9 1 2 12 1 2 13 1 3 10 1 3 13 1 3 14 1 4 11 1 4 15 1 4 17 1 5 12 1 5 13 1 5 15 1 6 14 1 6 16 1 6 17 1 7 10 1 7 14 1 8 16 1 8 17 1 9 15 1 9 16 1
R 40959 54 81 6 220 3 4 5 1 0 2 0 1 4 1 0 5 0 2 1 3 1 5 1 0 3 1 2 3 2 4 5 3 4 1 4 5 0 5 1 4 0 2 3 1 0 3 2 3 0 2 0 1 5 2 3 5 3 1 0 1 2 3 4 5 2 5 3 2 3 4 3 5 4 0 2 4 5 4 2 4 5 1 0 0 1 | 18 24  0 7 1 0 12 1 0 13 1 1 8 1 1 12 1 1 13 1 2 9 2 2 15 1 3 10 2 3 15 1 4 11 1 4 12 1 4 17 1 5 11 2 5 13 1 6 14 1 6 16 1 6 17 1 7 14 1 7 15 1 8 14 1 8 17 1 9 16 1 10 16 1
R 78454 54 81 6 128 3 4 5 0 1 2 1 2 4 3 5 0 1 0 4 1 4 2 5 0 3 1 2 3 2 3 0 0 3 1 5 3 2 2 0 4 3 0 2 1 0 4 0 3 1 3 2 4 0 4 1 0 1 2 0 1 2 4 3 5 5 0 3 2 1 4 3 2 5 5 0 3 1 4 2 5 4 5 1 4 5 | 18 25  0 7 1 0 11 1 0 13 1 1 8 1 1 13 1 1 16 1 2 9 1 2 10 1 2 17 1 3 9 1 3 10 2 4 11 1 4 14 1 4 15 1 5 12 1 5 15 1 5 16 1 6 12 2 6 16 1 7 13 1 7 14 1 8 14 1 8 15 1 9 17 1 11 17 1
R 71347 54 81 6 126 3 4 5 3 1 5 1 2 5 2 0 1 1 0 4 2 4 5 0 3 4 1 2 3 0 5 3 0 2 3 1 0 4 3 4 0 0 1 4 3 4 1 0 2 5 3 2 1 0 1 4 3 4 2 0 1 2 4 2 0 4 3 0 3 5 4 2 3 5 1 0 3 5 2 1 4 5 2 1 5 5 | 18 26  0 7 1 0 9 1 0 12 1 1 8 1 1 10 1 1 17 1 2 9 1 2 12 1 2 13 1 3 10 2 3 15 1 4 11 1 4 14 1 4 17 1 5 11 1 5 15 1 5 16 1 6 12 1 6 13 1 6 14 1 7 14 1 7 16 1 8 16 1 8 17 1 9 13 1 11 15 1
R 91753 54 81 6 81 3 1 2 0 4 5 1 0 3 1 2 4 0 2 3 2 4 0 0 2 1 5 1 2 2 3 1 0 4 5 3 4 5 1 2 0 1 3 4 0 3 4 2 4 3 3 1 4 4 0 2 3 1 0 4 5 0 3 2 1 4 2 5 3 0 5 1 4 5 3 1 5 3 0 4 0 5 2 1 2 5 | 18 26  0 6 2 0 10 1 1 7 1 1 12 1 1 13 1 2 8 1 2 13 1 2 14 1 3 9 1 3 14 1 3 15 1 4 10 1 4 11 1 4 12 1 5 11 1 5 14 1 5 17 1 6 16 1 7 12 1 7 17 1 8 15 1 8 16 1 9 15 1 9 16 1 10 17 1 11 13 1
R 27662 54 81 6 232 3 4 5 2 5 4 0 1 3 0 1 2 3 4 1 2 0 4 5 1 3 5 0 1 1 2 3 3 1 4 4 2 1 3 1 0 0 2 3 0 1 4 3 0 5 1 0 2 5 3 4 2 0 1 0 1 2 0 1 3 2 5 4 3 5 4 0 5 2 5 1 3 2 4 0 3 4 2 4 5 5 | 18 25  0 8 1 0 12 1 0 13 1 1 9 1 1 14 1 1 15 1 2 9 1 2 15 1 2 17 1 3 10 2 3 12 1 4 10 1 4 13 1 4 14 1 5 11 1 5 16 1 5 17 1 6 11 2 6 16 1 7 13 1 7 15 1 7 16 1 8 14 1 8 17 1 9 12 1
R 10411 54 81 6 247 1 2 3 0 4 2 1 0 2 3 4 0 2 0 1 3 4 1 3 4 5 1 0 2 3 4 5 0 2 1 2 4 5 1 4 0 4 3 1 3 1 2 0 3 2 1 4 0 3 2 4 5 0 3 0 4 5 3 5 1 3 5 4 1 2 5 3 5 4 2 5 0 0 1 2 4 3 5 1 2 0 | 18 25  0 8 1 0 9 2 1 9 1 1 15 1 1 17 1 2 10 1 2 12 1 2 13 1 3 10 1 3 12 1 3 13 1 4 11 1 4 14 1 4 17 1 5 11 2 5 16 1 6 13 1 6 14 1 6 15 1 7 14 1 7 15 1 7 16 1 8 16 1 8 17 1 10 12 1
R 6174 54 81 6 548 3 4 5 4 1 0 0 1 4 2 4 3 1 2 5 1 2 0 2 4 3 3 5 2 1 2 3 2 0 1 3 4 5 0 2 5 0 1 3 2 1 0 5 2 4 3 4 1 1 2 3 2 3 0 0 1 2 3 5 2 2 3 5 0 1 5 3 4 0 4 3 5 5 0 1 1 0 4 4 5 4 | 18 25  0 8 1 0 11 1 0 12 1 1 9 2 1 15 1 2 10 1 2 13 1 2 17 1 3 10 2 3 16 1 4 11 1 4 13 1 4 16 1 5 12 1 5 14 1 5 15 1 6 12 1 6 14 1 6 17 1 7 14 1 7 15 1 7 17 1 8 11 1 8 13 1 9 16 1
R 18520 54 81 6 1123 3 4 5 1 5 3 0 3 4 2 4 0 1 2 3 3 5 4 1 2 0 0 2 5 1 2 3 4 3 2 0 5 1 0 1 5 3 4 2 0 2 5 1 0 4 5 2 3 1 0 3 0 4 2 0 1 2 0 2 4 1 5 2 3 1 5 4 0 5 0 2 1 3 4 5 3 1 4 4 5 3 | 18 24  0 8 1 0 13 1 0 14 1 1 9 1 1 10 2 2 9 2 2 11 1 3 10 1 3 12 2 4 11 1 4 15 1 4 17 1 5 12 1 5 16 1 5 17 1 6 13 1 6 15 1 6 16 1 7 14 1 7 15 1 7 16 1 8 13 1 8 14 1 11 17 1
R 2773 54 81 6 15373 3 1 2 2 3 4 0 2 3 1 0 2 4 2 5 2 4 1 4 1 0 0 3 2 0 2 1 0 4 3 3 4 5 5 2 3 1 2 0 4 1 3 2 0 4 2 1 5 4 0 1 4 1 0 4 5 0 1 5 0 1 4 5 4 5 3 0 1 3 3 0 5 5 2 3 1 4 5 3 2 2 | 18 24  0 8 2 0 10 1 1 9 2 1 15 1 2 10 1 2 12 1 2 13 1 3 11 1 3 16 1 3 17 1 4 11 2 4 16 1 5 12 1 5 13 1 5 14 1 6 12 1 6 13 1 6 15 1 7 14 1 7 15 1 7 17 1 8 14 1 9 16 1 10 17 1
R 63668 54 81 6 1380 3 4 5 1 0 2 4 2 3 0 1 5 3 4 5 1 2 0 0 1 4 1 2 3 4 2 0 0 3 2 5 4 0 0 2 3 0 1 3 1 4 2 1 0 2 0 3 1 2 1 3 3 0 4 0 1 2 3 4 5 1 0 5 3 4 2 1 2 0 4 3 5 5 3 2 4 5 5 1 4 5 | 18 26  0 7 1 0 11 1 0 12 1 1 8 1 1 12 1 1 13 1 2 9 1 2 13 1 2 14 1 3 10 1 3 16 1 3 17 1 4 10 2 4 16 1 5 11 1 5 13 1 5 16 1 6 11 1 6 14 1 6 15 1 7 14 1 7 15 1 8 12 1 8 17 1 9 15 1 9 17 1
R 51666 54 81 6 410 1 2 3 0 2 4 3 1 2 0 4 1 0 1 2 3 4 5 1 2 0 3 4 5 1 4 5 4 5 2 0 2 1 5 4 2 1 2 3 3 0 4 0 1 3 4 0 2 3 0 5 0 4 1 0 4 5 3 5 1 0 4 5 3 2 5 3 4 5 0 1 2 5 3 4 1 2 0 2 1 3 | 18 25  0 7 1 0 10 2 1 8 1 1 12 1 1 13 1 2 9 1 2 14 1 2 15 1 3 10 1 3 13 1 3 14 1 4 11 1 4 12 1 4 17 1 5 11 2 5 16 1 6 13 1 6 15 1 6 16 1 7 15 1 7 17 1 8 12 1 8 14 1 9 16 1 9 17 1
R 44372 54 81 6 271 3 1 2 3 4 2 4 5 2 0 2 3 1 0 4 0 1 3 2 4 5 0 2 1 5 0 2 1 3 4 3 4 5 1 4 3 5 4 3 1 0 2 4 0 5 0 1 2 2 1 0 4 0 1 4 5 0 1 0 5 0 3 1 1 4 5 2 3 5 2 4 5 0 1 3 3 4 3 5 2 2 | 18 24  0 7 2 0 10 1 1 8 1 1 11 2 2 9 1 2 13 1 2 14 1 3 10 1 3 13 1 3 15 1 4 11 1 4 15 1 4 16 1 5 12 1 5 15 1 5 17 1 6 12 2 6 16 1 7 14 1 8 16 1 8 17 1 9 13 1 9 14 1 10 17 1
R 5828 54 81 6 406 3 4 5 1 0 2 0 3 4 1 2 5 0 3 4 5 2 1 1 2 0 1 4 3 1 2 3 3 2 0 1 4 3 2 4 3 0 2 5 1 0 4 2 0 3 0 3 1 2 4 5 0 1 5 0 1 2 4 5 3 2 5 1 0 4 3 1 5 2 0 3 4 3 4 5 5 0 2 4 5 1 | 18 24  0 8 1 0 12 1 0 13 1 1 9 2 1 13 1 2 10 2 2 14 1 3 10 1 3 15 1 3 17 1 4 11 2 4 15 1 5 11 1 5 16 1 5 17 1 6 12 1 6 14 1 6 15 1 7 14 1 7 16 1 7 17 1 8 12 1 8 13 1 9 16 1
R 22887 54 81 6 887 3 4 5 4 2 5 0 1 2 0 1 4 2 0 5 1 4 5 1 2 3 0 1 3 1 2 3 3 5 2 4 0 5 5 4 3 0 2 3 1 0 4 1 2 5 0 2 1 2 1 0 0 3 4 0 1 2 0 1 3 4 3 5 2 3 5 1 3 4 0 2 3 4 5 0 5 4 2 4 5 1 | 18 25  0 8 1 0 12 1 0 13 1 1 9 2 1 10 1 2 9 1 2 13 1 2 17 1 3 10 1 3 14 1 3 15 1 4 11 1 4 15 1 4 16 1 5 11 2 5 16 1 6 12 1 6 13 1 6 14 1 7 12 1 7 15 1 7 17 1 8 14 1 8 16 1 10 17 1
R 33437 54 81 6 192 3 4 5 1 4 2 0 3 5 1 2 3 0 5 2 1 2 0 4 5 0 1 2 3 1 2 3 2 0 1 0 3 2 0 2 3 4 0 2 4 1 3 1 5 2 3 1 0 4 2 5 3 0 1 0 1 2 3 5 0 4 2 1 4 5 0 1 3 4 4 3 5 1 2 3 4 0 5 4 5 5 | 18 26  0 8 1 0 11 1 0 17 1 1 9 1 1 12 1 1 14 1 2 9 1 2 15 1 2 16 1 3 10 2 3 13 1 4 10 1 4 16 1 4 17 1 5 11 1 5 12 1 5 13 1 6 12 1 6 13 1 6 14 1 7 15 1 7 16 1 7 17 1 8 14 1 8 15 1 9 11 1
R 58170 54 81 6 17820 3 4 5 2 1 4 1 0 5 3 4 0 2 0 3 5 1 2 1 2 0 1 2 3 3 4 1 4 5 0 5 1 3 2 4 3 0 2 3 4 5 2 1 2 0 2 0 1 3 0 4 0 1 3 0 1 2 0 5 3 2 3 4 2 1 5 4 1 5 0 3 4 4 3 5 4 5 2 1 0 5 | 18 24  0 7 1 0 12 1 0 17 1 1 8 2 1 15 1 2 9 2 2 15 1 3 10 1 3 11 2 4 10 1 4 13 1 4 14 1 5 11 1 5 14 1 5 17 1 6 12 1 6 13 1 6 17 1 7 14 1 7 15 1 8 16 1 9 16 1 10 13 1 12 16 1
R 58086 54 81 6 312 1 2 3 2 0 4 3 4 5 1 0 5 2 3 1 2 0 3 0 4 1 3 4 5 1 4 2 2 5 4 4 2 1 3 0 1 0 2 1 3 0 4 2 4 3 1 3 0 4 0 2 1 3 0 0 4 5 3 1 5 0 1 2 3 2 4 0 4 5 4 5 1 3 2 5 1 2 0 5 3 5 | 18 24  0 7 1 0 12 2 1 8 1 1 13 1 1 15 1 2 9 2 2 15 1 3 10 1 3 11 1 3 17 1 4 10 1 4 15 1 4 16 1 5 11 2 5 14 1 6 12 1 6 13 1 6 14 1 7 16 1 7 17 1 8 14 1 8 17 1 9 16 1 10 13 1
R 83467 54 81 6 3396 3 4 5 2 5 3 5 1 2 0 3 1 0 4 2 0 2 5 1 4 5 1 2 3 0 3 4 2 0 1 1 3 2 5 4 3 0 2 3 0 3 1 4 1 5 3 2 0 2 1 0 0 5 1 0 1 2 1 4 0 3 0 4 4 5 2 5 3 1 1 4 3 0 2 3 4 5 5 2 5 4 | 18 26  0 7 1 0 12 1 0 13 1 1 8 1 1 13 1 1 14 1 2 9 1 2 10 1 2 12 1 3 9 1 3 15 1 3 17 1 4 10 1 4 14 1 4 15 1 5 11 1 5 16 1 5 17 1 6 11 2 6 16 1 7 15 1 7 16 1 8 13 1 8 14 1 9 12 1 10 17 1
R 46200 54 81 6 5482 1 2 3 0 4 5 3 0 2 0 4 2 3 4 0 1 2 4 0 3 1 3 4 5 3 5 4 5 2 0 0 2 1 1 3 0 2 4 3 2 0 1 3 0 2 1 0 4 1 2 5 0 5 3 0 4 5 1 2 3 1 4 5 3 5 1 2 1 5 0 3 5 5 4 2 1 2 0 3 4 4 | 18 23  0 7 1 0 10 2 1 8 2 1 15 1 2 9 2 2 15 1 3 10 1 3 11 1 3 17 1 4 11 1 4 12 2 5 12 1 5 13 1 5 14 1 6 13 1 6 14 1 6 15 1 7 14 1 7 17 1 8 16 1 9 16 1 11 16 1 13 17 1
R 29626 54 81 6 505 3 4 5 0 1 2 2 0 1 1 5 3 2 0 3 3 4 0 0 2 4 2 1 5 1 2 3 5 2 1 3 0 4 4 1 0 0 2 3 1 0 3 2 3 5 2 0 5 2 1 3 2 1 4 0 1 2 3 5 4 4 3 5 2 4 0 1 5 4 2 1 5 5 1 3 4 0 3 4 5 0 | 18 26  0 8 1 0 12 1 0 13 1 1 9 1 1 11 1 1 12 1 2 9 1 2 11 1 2 12 1 3 10 1 3 15 1 3 17 1 4 10 2 4 16 1 5 11 1 5 15 1 5 16 1 6 13 1 6 14 1 6 15 1 7 13 1 7 16 1 7 17 1 8 14 1 8 17 1 9 14 1
R 47951 54 81 6 123 1 2 3 5 4 1 0 3 4 0 4 1 2 3 0 2 3 5 0 1 2 3 4 5 1 3 2 4 5 3 0 2 1 3 4 0 3 0 1 1 0 3 2 5 0 1 2 3 4 0 5 3 4 1 0 4 5 0 2 3 1 5 2 3 2 5 1 4 5 4 0 1 4 3 5 1 2 5 4 2 0 | 18 25  0 7 1 0 10 2 1 8 1 1 12 1 1 14 1 2 9 1 2 12 1 2 13 1 3 10 1 3 11 2 4 11 1 4 13 1 4 15 1 5 12 1 5 15 1 5 16 1 6 15 1 6 16 1 6 17 1 7 14 1 7 17 1 8 13 1 8 14 1 9 16 1 9 17 1
R 27310 54 81 6 93 3 4 5 1 3 2 0 4 2 1 5 2 3 2 0 3 0 1 4 1 2 0 5 1 1 2 3 2 4 1 0 2 1 2 1 5 0 2 3 1 0 2 1 0 3 0 3 2 4 3 0 3 1 4 0 1 2 0 4 5 3 5 1 3 4 0 4 5 1 4 5 2 0 3 5 3 4 2 4 5 5 | 18 25  0 8 1 0 12 1 0 14 1 1 9 1 1 12 1 1 13 1 2 9 1 2 14 1 2 15 1 3 10 1 3 14 1 3 17 1 4 10 2 4 16 1 5 11 1 5 15 1 5 17 1 6 11 2 6 16 1 7 13 1 7 15 1 7 16 1 8 13 1 8 17 1 9 12 1
R 7280 54 81 6 112 3 1 2 0 2 3 4 2 1 2 4 3 0 3 5 3 4 0 4 2 0 1 0 2 0 2 1 3 4 5 1 2 0 1 3 4 0 2 3 4 1 2 3 4 5 2 0 3 4 2 5 4 0 1 4 5 0 1 4 5 3 5 0 5 0 1 2 4 1 1 5 2 5 3 1 4 5 3 3 2 0 | 18 25  0 8 2 0 9 1 1 9 1 1 10 1 1 17 1 2 10 2 2 14 1 3 11 1 3 13 1 3 15 1 4 11 1 4 15 1 4 16 1 5 12 1 5 13 1 5 14 1 6 12 1 6 13 1 6 14 1 7 12 1 7 15 1 7 17 1 8 16 1 9 17 1 11 16 1
R 66144 54 81 6 2157 3 4 5 0 1 2 0 1 3 0 3 4 2 1 5 2 0 5 3 1 4 1 2 3 2 3 0 2 3 1 0 2 5 2 4 3 4 5 0 1 0 4 4 0 1 0 3 1 1 4 2 3 2 5 0 1 2 4 3 5 4 5 2 1 5 2 0 3 4 1 3 4 2 5 0 4 5 5 1 0 3 | 18 24  0 7 1 0 10 1 0 13 1 1 8 1 1 13 1 1 15 1 2 9 2 2 14 1 3 11 2 3 15 1 4 11 1 4 16 1 4 17 1 5 12 2 5 15 1 6 12 1 6 16 1 6 17 1 7 10 1 7 13 1 8 14 1 8 17 1 9 16 1 10 14 1
R 15851 54 81 6 179 3 1 2 1 4 2 3 0 4 0 3 1 0 2 3 2 1 4 0 2 3 1 4 5 0 2 1 0 2 4 1 3 4 3 4 5 4 1 3 5 4 3 1 0 5 2 1 0 1 4 0 0 3 1 4 5 0 3 5 0 1 2 5 2 5 4 1 5 4 0 3 5 1 5 4 0 2 3 3 2 2 | 18 23  0 8 2 0 11 1 1 9 2 1 10 1 2 9 1 2 14 1 2 15 1 3 10 2 3 15 1 4 11 1 4 12 1 4 14 1 5 12 1 5 15 1 5 17 1 6 13 1 6 16 1 6 17 1 7 13 2 7 16 1 8 14 1 11 17 1 12 16 1
R 31294 54 81 6 122 3 4 5 0 1 2 0 3 2 2 0 1 4 3 5 1 2 3 0 5 4 0 1 4 1 2 3 2 4 5 5 3 2 3 1 4 0 2 3 0 1 5 1 0 2 3 1 0 4 3 1 4 0 2 0 1 2 3 5 4 1 4 5 4 5 3 0 1 2 0 4 5 2 3 1 5 3 2 4 5 0 | 18 26  0 8 1 0 12 1 0 13 1 1 9 1 1 11 1 1 12 1 2 9 1 2 15 1 2 17 1 3 10 1 3 16 1 3 17 1 4 10 2 4 16 1 5 11 1 5 13 1 5 14 1 6 11 1 6 13 1 6 17 1 7 12 1 7 14 1 7 15 1 8 14 1 8 15 1 9 16 1
R 23098 54 81 6 245199 3 4 5 2 5 3 0 1 2 0 1 2 0 4 1 3 1 5 0 4 2 1 5 2 1 2 3 4 0 5 1 5 2 5 1 2 1 4 2 0 2 3 3 0 5 1 0 4 3 0 1 0 3 1 0 1 2 1 0 4 3 5 4 3 5 4 3 5 2 0 4 2 3 1 5 0 3 4 4 5 2 | 18 25  0 8 1 0 13 1 0 15 1 1 9 1 1 10 2 2 9 1 2 12 1 2 13 1 3 10 1 3 15 1 3 17 1 4 11 1 4 13 1 4 14 1 5 11 2 5 16 1 6 12 1 6 14 1 6 17 1 7 12 1 7 15 1 7 16 1 8 14 1 8 16 1 9 17 1
R 47104 54 81 6 677 3 1 2 3 1 4 0 3 1 0 2 3 2 4 0 1 0 2 4 3 5 0 2 1 0 2 4 4 1 3 3 4 5 1 2 0 5 3 2 1 0 4 2 3 5 2 1 4 4 3 0 4 0 1 4 5 0 5 2 0 2 5 4 1 4 5 3 5 1 4 5 3 0 1 2 3 3 1 0 2 5 | 18 24  0 7 2 0 10 1 1 8 1 1 13 1 1 14 1 2 9 2 2 14 1 3 10 1 3 11 1 3 17 1 4 11 1 4 13 1 4 14 1 5 12 1 5 16 1 5 17 1 6 12 2 6 16 1 7 13 1 8 15 1 8 16 1 9 15 1 10 17 1 11 15 1
R 78752 54 81 6 855 3 4 5 4 0 5 2 0 3 1 4 5 1 2 3 2 4 1 0 1 2 1 2 3 3 5 0 3 4 0 4 1 2 0 3 1 2 5 3 0 4 5 1 2 0 1 0 4 3 0 2 2 1 3 0 1 2 1 2 3 1 5 4 2 0 3 4 0 5 5 3 0 4 3 5 4 5 4 5 2 1 | 18 25  0 7 1 0 13 1 0 15 1 1 8 2 1 14 1 2 9 1 2 10 1 2 17 1 3 9 1 3 10 2 4 11 1 4 12 1 4 14 1 5 11 1 5 13 1 5 17 1 6 12 1 6 15 1 6 16 1 7 14 1 7 15 1 8 16 1 9 17 1 11 13 1 12 16 1
R 57439 54 81 6 221 3 1 2 3 5 4 2 0 1 5 3 4 1 0 2 0 2 3 0 4 3 0 2 1 2 1 4 1 4 0 2 4 5 3 2 4 3 4 1 0 1 3 0 3 4 0 1 2 2 4 0 5 1 3 4 5 0 0 2 1 3 4 5 1 0 2 3 5 4 1 5 4 2 5 1 3 5 3 2 5 0 | 18 24  0 7 2 0 12 1 1 8 1 1 13 1 1 14 1 2 9 1 2 13 1 2 16 1 3 10 1 3 11 1 3 17 1 4 10 1 4 14 1 4 17 1 5 11 2 5 15 1 6 12 2 6 16 1 7 16 1 8 13 1 8 15 1 9 14 1 9 15 1 10 17 1
R 84695 54 81 6 126 3 4 5 1 0 4 5 1 2 0 3 1 0 2 4 3 2 5 1 0 2 1 2 3 3 5 0 2 0 1 1 3 4 0 2 3 1 0 5 3 0 2 0 2 1 2 3 4 3 5 0 4 0 1 0 1 2 2 3 5 3 0 4 4 2 5 5 3 1 4 0 1 5 4 3 4 5 4 1 5 2 | 18 27  0 7 1 0 11 1 0 12 1 1 8 1 1 14 1 1 15 1 2 9 1 2 10 1 2 11 1 3 9 1 3 16 1 3 17 1 4 10 1 4 12 1 4 13 1 5 12 1 5 15 1 5 16 1 6 13 1 6 16 1 6 17 1 7 13 1 7 14 1 8 14 1 8 15 1 9 11 1 10 17 1
R 20555 54 81 6 431 3 4 5 2 5 3 0 1 4 1 0 4 1 3 2 0 2 5 2 0 1 3 4 1 1 2 3 3 4 5 4 0 3 5 2 4 5 1 0 0 2 3 1 2 0 0 1 3 2 1 4 0 2 3 0 1 2 0 1 4 2 3 5 2 5 3 0 4 5 1 3 4 3 4 5 2 0 5 4 5 1 | 18 24  0 8 1 0 13 1 0 15 1 1 9 1 1 10 1 1 17 1 2 9 1 2 14 1 2 15 1 3 10 2 3 16 1 4 11 1 4 13 1 4 14 1 5 11 2 5 15 1 6 12 2 6 13 1 7 12 1 7 16 1 7 17 1 8 14 1 8 16 1 9 17 1
R 3452 54 81 6 137 3 1 2 0 3 4 0 1 4 3 5 2 4 2 5 0 3 2 1 0 4 0 1 3 0 2 1 2 4 3 2 3 0 5 3 1 1 5 2 4 0 3 3 4 5 1 0 4 2 1 5 0 2 1 4 5 0 1 5 2 5 2 3 1 0 4 0 3 1 4 1 5 2 5 3 2 5 4 3 0 4 | 18 22  0 8 2 0 14 1 1 9 2 1 15 1 2 10 1 2 11 1 2 17 1 3 10 1 3 11 2 4 12 2 4 13 1 5 12 1 5 14 1 5 17 1 6 13 2 6 16 1 7 14 1 7 15 1 7 16 1 8 15 1 9 16 1 10 17 1
R 93476 54 81 6 88 3 4 5 3 0 4 1 0 2 0 2 3 2 1 0 2 4 0 1 2 3 1 4 5 5 2 0 4 3 5 0 2 3 1 0 4 0 2 3 1 2 0 3 1 2 1 2 0 4 0 3 3 2 4 0 1 2 2 1 5 3 4 5 1 4 5 4 3 5 3 1 5 4 5 0 3 4 1 2 0 5 | 18 27  0 6 1 0 10 1 0 11 1 1 7 1 1 12 1 1 13 1 2 8 1 2 12 1 2 14 1 3 9 1 3 15 1 3 16 1 4 10 1 4 11 1 4 12 1 5 13 1 5 16 1 5 17 1 6 13 1 6 15 1 7 14 1 7 15 1 8 14 1 8 17 1 9 16 1 9 17 1 10 11 1
R 61899 54 81 6 1140 3 4 5 1 0 2 1 0 2 5 0 3 1 2 3 0 1 4 0 2 4 1 2 3 4 5 1 5 2 1 3 2 4 0 2 3 0 1 5 1 3 2 1 3 0 3 0 5 1 2 0 1 4 3 0 1 2 3 4 5 3 4 5 1 4 2 0 5 4 5 3 2 1 3 5 4 5 0 2 4 0 | 18 26  0 7 1 0 11 1 0 12 1 1 8 1 1 11 1 1 14 1 2 9 1 2 12 1 2 13 1 3 10 1 3 13 1 3 17 1 4 10 2 4 14 1 5 11 1 5 12 1 5 15 1 6 15 1 6 16 1 6 17 1 7 15 1 7 16 1 8 13 1 8 14 1 9 16 1 9 17 1
R 13676 54 81 6 503 3 1 2 5 4 2 3 4 0 3 0 2 0 4 1 5 1 0 0 2 3 1 4 3 0 2 1 2 0 1 4 3 5 1 2 5 0 1 2 1 3 2 3 4 5 3 0 4 0 5 4 2 1 3 4 5 0 3 0 1 5 1 2 4 5 1 3 2 5 3 4 2 4 5 1 0 2 5 3 4 0 | 18 23  0 8 2 0 14 1 1 9 1 1 10 1 1 16 1 2 9 1 2 10 2 3 11 1 3 12 1 3 14 1 4 11 1 4 14 1 4 15 1 5 12 2 5 15 1 6 13 2 6 15 1 7 13 1 7 16 1 7 17 1 8 16 1 9 17 1 11 17 1
R 61872 54 81 6 208 3 4 5 1 0 2 1 3 2 1 5 4 0 3 4 0 1 2 4 0 3 1 2 3 2 4 5 5 2 1 4 3 2 0 2 3 0 1 4 1 3 0 5 0 3 1 2 3 2 0 5 1 0 4 0 1 2 3 4 5 0 5 4 0 2 3 1 5 2 5 3 4 5 1 2 4 5 1 0 4 3 | 18 26  0 7 1 0 11 1 0 12 1 1 8 1 1 11 1 1 13 1 2 9 1 2 12 1 2 13 1 3 10 1 3 13 1 3 17 1 4 10 2 4 14 1 5 11 1 5 12 1 5 14 1 6 15 1 6 16 1 6 17 1 7 16 1 7 17 1 8 14 1 8 15 1 9 15 1 9 16 1
R 73714 54 81 6 75 3 4 5 5 0 4 1 2 0 3 1 5 0 1 2 4 3 2 1 2 5 1 2 3 3 2 0 0 2 3 2 4 5 2 3 0 1 0 4 1 0 3 1 2 5 0 2 1 1 4 3 3 2 0 0 1 2 1 2 3 4 3 5 0 2 4 4 3 5 1 5 0 4 3 0 4 5 4 5 5 1 | 18 26  0 7 1 0 9 1 0 12 1 1 8 1 1 13 1 1 14 1 2 9 1 2 10 1 2 13 1 3 10 1 3 16 1 3 17 1 4 11 1 4 12 1 4 17 1 5 11 2 5 14 1 6 13 1 6 15 1 6 16 1 7 14 1 7 15 1 8 15 1 8 16 1 9 12 1 10 17 1
R 9208 54 81 6 370 1 2 3 0 4 1 3 0 4 0 1 2 1 0 2 3 5 4 0 2 1 4 5 2 3 4 5 0 2 1 4 2 5 4 5 2 0 1 4 1 2 3 5 4 1 3 0 2 0 3 4 3 0 1 0 4 5 3 2 5 1 2 5 3 4 5 3 5 4 0 1 2 3 4 5 0 3 1 1 2 0 | 18 25  0 8 1 0 9 2 1 9 1 1 14 1 1 15 1 2 10 1 2 12 1 2 13 1 3 10 1 3 13 1 3 17 1 4 11 1 4 12 1 4 17 1 5 11 2 5 16 1 6 12 1 6 15 1 6 16 1 7 13 1 7 14 1 7 16 1 8 15 1 8 17 1 10 14 1
R 94756 54 81 6 75 3 4 5 3 2 4 2 4 5 0 4 2 0 1 2 1 0 3 1 2 3 1 4 3 1 0 2 1 5 0 0 2 5 0 2 3 1 3 4 0 2 3 0 3 4 1 0 4 2 1 0 0 3 1 0 1 2 0 1 5 3 0 1 3 5 1 4 3 5 2 5 4 4 5 5 2 5 4 4 2 3 | 18 26  0 6 1 0 10 1 0 15 1 1 7 1 1 11 2 2 8 1 2 12 1 2 13 1 3 9 1 3 12 1 3 14 1 4 11 1 4 15 1 4 17 1 5 12 1 5 14 1 5 16 1 6 10 1 6 15 1 7 16 1 7 17 1 8 13 1 8 17 1 9 13 1 9 14 1 10 16 1
R 69494 54 81 6 105 3 4 5 0 1 2 1 2 3 1 2 0 5 0 2 1 5 4 2 4 3 1 2 3 2 3 0 0 3 4 0 2 5 1 0 4 0 3 2 4 5 2 4 0 5 3 2 1 3 4 0 3 1 2 0 1 2 4 3 5 5 4 0 3 4 5 1 3 4 3 2 0 0 1 5 4 5 1 5 1 2 | 18 27  0 7 1 0 10 1 0 11 1 1 8 1 1 11 1 1 12 1 2 9 1 2 12 1 2 13 1 3 10 1 3 15 1 3 16 1 4 12 1 4 14 1 4 17 1 5 13 1 5 16 1 5 17 1 6 15 1 6 16 1 6 17 1 7 10 1 7 11 1 8 14 1 8 15 1 9 13 1 9 14 1
R 75415 54 81 6 1784 3 4 5 0 4 2 1 2 0 0 1 3 0 3 2 1 4 0 2 0 5 1 2 3 3 1 4 0 2 3 4 3 5 5 0 4 1 0 4 3 0 2 4 1 0 1 2 3 3 2 1 0 2 1 0 1 2 5 3 1 4 5 3 2 4 5 1 5 4 2 5 3 1 3 4 4 5 2 0 5 0 | 18 26  0 7 1 0 9 1 0 12 1 1 8 1 1 12 1 1 13 1 2 9 1 2 13 1 2 14 1 3 10 1 3 15 1 3 17 1 4 10 1 4 15 1 4 17 1 5 11 1 5 16 1 5 17 1 6 11 2 6 16 1 7 13 1 7 14 1 8 14 1 8 15 1 9 12 1 10 16 1
R 92699 54 81 6 223 3 4 5 0 1 2 2 1 5 1 0 3 1 2 4 0 3 4 1 2 3 2 3 0 3 5 0 4 5 1 0 2 4 1 0 4 2 0 1 1 4 5 3 4 5 2 0 1 4 3 2 2 4 0 0 1 2 4 3 5 4 3 0 2 4 5 5 3 0 5 2 1 5 4 1 5 2 1 0 3 3 | 18 27  0 6 1 0 10 1 0 11 1 1 7 1 1 11 1 1 16 1 2 8 1 2 13 1 2 14 1 3 9 1 3 15 1 3 17 1 4 10 1 4 12 1 4 13 1 5 12 1 5 14 1 5 17 1 6 11 1 6 12 1 7 14 1 7 15 1 8 13 1 8 16 1 9 16 1 9 17 1 10 15 1
R 86050 54 81 6 170 3 4 5 4 1 2 1 5 2 0 3 1 0 4 1 5 2 3 0 2 4 1 2 3 3 5 1 2 0 1 1 5 4 0 2 3 1 3 4 3 0 5 1 0 4 3 0 4 0 2 1 0 1 3 0 1 2 0 3 5 3 4 0 4 2 5 3 5 2 0 1 4 1 3 5 4 5 2 4 5 2 | 18 27  0 7 1 0 11 1 0 12 1 1 8 1 1 14 1 1 15 1 2 9 1 2 11 1 2 12 1 3 9 1 3 15 1 3 16 1 4 10 1 4 12 1 4 13 1 5 10 1 5 15 1 5 16 1 6 13 1 6 16 1 6 17 1 7 13 1 7 14 1 8 14 1 8 17 1 9 11 1 10 17 1
R 21940 54 81 6 1117 3 1 2 2 1 5 0 4 1 0 3 2 5 2 0 0 3 4 1 0 3 5 3 4 0 2 1 3 4 1 0 1 2 4 1 2 4 3 2 2 5 4 3 0 2 3 4 5 1 0 5 1 3 0 4 5 0 0 3 4 2 3 5 5 1 4 3 1 4 5 1 2 5 4 2 0 1 2 3 5 0 | 18 24  0 8 2 0 15 1 1 9 1 1 10 2 2 9 1 2 13 1 2 14 1 3 10 1 3 15 1 3 16 1 4 11 1 4 13 1 4 17 1 5 11 1 5 14 1 5 17 1 6 12 1 6 14 1 6 15 1 7 12 2 7 16 1 8 16 1 9 17 1 11 13 1
R 25510 54 81 6 5915 3 4 5 2 3 5 1 0 4 4 1 2 1 2 0 1 2 5 0 2 3 0 3 1 1 2 3 4 5 2 0 3 2 0 2 5 0 1 3 2 0 1 3 2 1 3 0 4 1 2 3 5 0 4 0 1 2 0 1 4 3 2 5 5 0 3 3 4 5 4 3 0 5 4 1 5 4 2 4 5 1 | 18 26  0 8 1 0 11 1 0 12 1 1 9 1 1 10 2 2 9 1 2 15 1 2 16 1 3 10 1 3 16 1 3 17 1 4 11 1 4 14 1 4 15 1 5 12 1 5 13 1 5 14 1 6 12 1 6 13 1 6 15 1 7 14 1 7 16 1 7 17 1 8 11 1 8 13 1 9 17 1
R 25138 54 81 6 104 3 4 5 2 3 5 0 1 2 4 1 3 0 4 1 1 3 2 2 1 5 0 4 2 1 2 3 5 0 4 1 3 2 1 4 2 0 2 3 0 1 3 3 5 1 1 2 4 3 0 5 0 4 1 0 1 2 1 0 4 3 5 4 5 0 2 3 5 2 0 4 5 4 0 3 5 1 3 4 5 2 | 18 26  0 8 1 0 12 1 0 13 1 1 9 1 1 10 2 2 9 1 2 11 1 2 12 1 3 10 1 3 15 1 3 17 1 4 11 1 4 12 1 4 16 1 5 11 1 5 14 1 5 15 1 6 13 1 6 14 1 6 15 1 7 13 1 7 16 1 7 17 1 8 16 1 8 17 1 9 14 1
R 89628 54 81 6 241 3 4 5 0 1 2 1 3 5 1 0 2 3 4 5 1 0 2 4 3 0 1 2 3 0 2 5 2 3 5 2 4 0 2 4 5 1 0 4 3 0 2 0 1 4 1 3 2 0 1 3 4 3 1 0 1 2 4 3 5 0 4 2 3 5 4 1 0 2 3 4 5 1 5 2 4 5 3 1 5 0 | 18 27  0 7 1 0 8 1 0 12 1 1 9 1 1 12 1 1 13 1 2 9 1 2 13 1 2 14 1 3 10 1 3 14 1 3 15 1 4 10 1 4 15 1 4 16 1 5 11 1 5 16 1 5 17 1 6 11 1 6 16 1 6 17 1 7 8 1 7 12 1 8 14 1 9 13 1 10 15 1 11 17 1
R 93436 54 81 6 102 3 4 5 0 1 2 4 2 3 1 4 0 1 2 5 4 0 1 1 2 3 2 3 5 3 0 5 0 3 5 0 2 3 1 0 4 0 1 4 4 1 2 1 2 3 0 3 2 5 0 2 3 1 4 0 1 2 4 3 5 1 5 0 2 3 5 4 3 0 5 3 2 4 5 0 1 2 4 4 1 5 | 18 27  0 6 1 0 10 1 0 11 1 1 7 1 1 11 1 1 15 1 2 8 1 2 12 1 2 13 1 3 9 1 3 13 1 3 14 1 4 10 1 4 12 1 4 17 1 5 13 1 5 16 1 5 17 1 6 16 1 6 17 1 7 14 1 7 15 1 8 12 1 8 14 1 9 15 1 9 16 1 10 11 1
R 75757 54 81 6 973 3 4 5 1 3 5 1 2 5 0 1 2 2 4 0 3 0 1 4 1 5 1 2 3 2 0 3 0 2 3 3 2 0 5 1 0 1 0 4 2 3 4 1 0 4 3 4 2 0 2 5 3 1 4 0 1 2 4 0 2 4 3 0 4 3 5 5 3 1 4 5 2 2 3 0 4 5 5 1 5 1 | 18 26  0 7 1 0 9 1 0 12 1 1 8 1 1 13 1 1 14 1 2 9 1 2 16 1 2 17 1 3 10 1 3 12 1 3 15 1 4 10 1 4 14 1 4 15 1 5 11 1 5 13 1 5 17 1 6 11 2 6 15 1 7 16 1 7 17 1 8 14 1 8 16 1 9 12 1 10 13 1
R 79566 54 81 6 28742 1 2 3 5 0 1 0 1 2 3 5 0 5 4 1 0 4 2 0 2 5 3 4 5 1 3 4 2 4 0 1 4 0 0 2 1 1 4 5 2 1 3 3 1 2 0 2 3 4 5 2 5 0 3 0 4 5 2 4 3 3 5 4 1 2 4 2 3 0 3 5 1 3 4 1 1 2 5 0 5 0 | 18 25  0 7 1 0 11 2 1 8 1 1 15 1 1 16 1 2 9 1 2 10 1 2 17 1 3 9 1 3 12 1 3 13 1 4 10 2 4 13 1 5 11 1 5 14 1 5 17 1 6 12 1 6 14 1 6 15 1 7 16 1 7 17 1 8 15 1 8 16 1 9 13 1 12 14 1
R 28556 54 81 6 2275 3 4 5 0 1 2 0 3 1 0 3 4 1 2 3 4 0 2 5 1 2 4 0 5 1 2 3 2 3 1 1 4 3 2 1 0 2 4 5 1 0 4 3 0 2 3 5 0 5 2 3 0 4 1 0 1 2 4 3 5 5 4 2 2 5 1 0 4 5 5 1 3 3 4 0 3 2 1 5 4 0 | 18 25  0 8 1 0 12 1 0 13 1 1 9 1 1 13 1 1 14 1 2 9 1 2 14 1 2 17 1 3 10 2 3 14 1 4 10 1 4 16 1 4 17 1 5 11 1 5 15 1 5 17 1 6 11 2 6 16 1 7 12 1 7 15 1 7 16 1 8 13 1 8 15 1 9 12 1
R 33126 54 81 6 467 3 4 5 1 4 0 0 3 5 4 3 5 2 0 5 1 2 3 0 4 1 1 5 2 1 2 3 2 0 1 1 5 3 0 2 3 3 0 4 1 5 4 1 0 2 3 1 0 4 0 5 2 4 3 0 1 2 3 5 2 4 2 1 0 2 1 4 3 1 4 0 5 3 2 5 4 3 0 4 5 5 | 18 26  0 8 1 0 11 1 0 12 1 1 9 1 1 12 1 1 13 1 2 9 1 2 15 1 2 16 1 3 10 2 3 12 1 4 10 1 4 13 1 4 17 1 5 11 1 5 13 1 5 14 1 6 14 1 6 16 1 6 17 1 7 15 1 7 16 1 7 17 1 8 14 1 8 15 1 9 11 1
R 6428 54 81 6 1064 3 1 2 0 2 3 0 2 1 3 4 2 5 1 0 3 2 0 0 1 5 3 4 5 0 2 1 3 4 5 1 2 5 3 2 0 0 2 1 5 4 2 1 4 3 1 0 3 4 5 0 5 1 3 4 5 0 1 4 5 3 4 5 1 5 0 3 2 4 4 5 1 3 4 2 0 1 2 3 2 0 | 18 23  0 8 2 0 9 1 1 9 1 1 10 1 1 14 1 2 10 1 2 11 2 3 11 1 3 15 1 3 17 1 4 12 1 4 14 1 4 17 1 5 12 2 5 16 1 6 13 1 6 15 1 6 16 1 7 13 2 7 15 1 8 16 1 9 17 1 10 14 1
R 22206 54 81 6 210 3 4 5 4 3 2 0 1 2 0 4 1 4 0 2 5 3 1 0 3 4 1 2 5 1 2 3 0 2 3 1 4 2 1 5 2 2 4 3 1 3 0 0 2 5 1 0 3 5 0 3 0 4 1 0 1 2 1 5 0 4 5 3 3 5 2 3 5 1 0 4 2 1 5 2 0 4 3 4 5 4 | 18 24  0 8 1 0 14 1 0 15 1 1 9 2 1 10 1 2 9 1 2 13 1 2 14 1 3 10 2 3 16 1 4 11 1 4 15 1 4 16 1 5 11 1 5 15 1 5 17 1 6 12 2 6 13 1 7 12 1 7 16 1 7 17 1 8 14 1 8 17 1 11 13 1
R 26410 54 81 6 136 3 1 2 3 5 4 1 0 2 1 2 0 0 3 2 1 5 3 0 3 4 2 4 0 0 2 1 2 1 4 4 0 1 4 3 2 2 0 3 0 1 3 3 4 5 0 1 5 1 4 0 2 0 3 4 5 0 0 1 2 3 4 5 3 4 5 5 1 4 0 2 4 1 5 2 5 3 1 3 5 2 | 18 25  0 8 2 0 14 1 1 9 1 1 12 1 1 13 1 2 9 1 2 13 1 2 16 1 3 10 1 3 12 1 3 13 1 4 10 1 4 14 1 4 15 1 5 11 1 5 15 1 5 17 1 6 11 2 6 16 1 7 12 1 7 15 1 7 17 1 8 16 1 9 17 1 10 14 1
R 39509 54 81 6 119 3 4 5 0 2 3 1 0 2 0 3 4 0 3 1 2 0 4 0 1 2 0 5 1 1 2 3 2 3 5 1 2 4 2 0 4 1 0 4 3 1 2 1 3 5 0 1 4 0 4 3 3 2 0 0 1 2 4 5 1 4 3 5 1 2 5 5 4 2 3 5 1 3 4 5 3 2 4 5 0 0 | 18 27  0 8 1 0 11 1 0 12 1 1 8 1 1 12 1 1 16 1 2 9 1 2 12 1 2 13 1 3 9 1 3 14 1 3 15 1 4 10 1 4 13 1 4 15 1 5 10 1 5 16 1 5 17 1 6 11 1 6 14 1 6 17 1 7 15 1 7 16 1 7 17 1 8 11 1 9 13 1 10 14 1
R 18938 54 81 6 131085 3 4 5 0 1 4 2 5 3 0 5 2 1 0 2 5 3 4 0 1 4 1 2 3 1 2 3 3 4 1 2 0 4 0 5 2 2 4 3 0 2 3 1 0 3 1 4 5 1 2 0 3 1 0 0 1 2 2 5 3 0 1 4 1 4 3 3 5 4 0 1 2 5 3 2 4 0 5 4 5 5 | 18 24  0 8 1 0 13 1 0 14 1 1 9 2 1 10 1 2 9 1 2 11 2 3 10 1 3 14 1 3 15 1 4 11 1 4 14 1 4 17 1 5 12 2 5 15 1 6 12 1 6 16 1 6 17 1 7 13 1 7 15 1 7 16 1 8 16 1 8 17 1 10 13 1
R 22895 54 81 6 137 3 4 5 3 4 5 1 0 2 3 0 5 1 0 2 4 2 3 1 2 3 0 1 4 1 2 3 2 0 3 1 2 5 3 2 5 0 2 3 1 0 4 1 5 2 0 1 4 4 3 0 1 0 4 0 1 2 1 0 2 4 5 3 4 2 1 4 5 3 0 1 5 4 5 0 5 3 2 4 5 3 | 18 25  0 8 1 0 12 1 0 13 1 1 9 1 1 10 1 1 17 1 2 9 2 2 13 1 3 10 1 3 15 1 3 16 1 4 11 1 4 15 1 4 17 1 5 11 2 5 16 1 6 12 1 6 13 1 6 14 1 7 12 1 7 14 1 7 16 1 8 14 1 8 17 1 10 15 1
R 55724 54 81 6 359 3 1 2 3 5 4 0 2 1 0 2 3 2 0 4 1 0 3 1 3 2 0 2 1 4 1 2 3 5 0 3 4 5 3 5 2 1 2 0 1 0 3 1 4 0 2 0 4 0 4 1 4 0 3 4 5 0 0 2 1 4 3 5 1 4 5 1 3 5 4 5 2 0 4 5 3 3 5 2 1 2 | 18 26  0 7 2 0 10 1 1 8 1 1 13 1 1 15 1 2 9 1 2 15 1 2 16 1 3 10 1 3 12 1 3 15 1 4 11 1 4 12 1 4 13 1 5 11 1 5 12 1 5 14 1 6 11 1 6 13 1 6 14 1 7 14 1 8 16 1 8 17 1 9 16 1 9 17 1 10 17 1
R 60898 54 81 6 400 3 4 5 1 0 2 3 2 0 1 4 2 5 3 0 3 0 1 5 1 2 1 2 3 2 4 5 1 0 2 2 0 1 2 1 3 0 2 3 3 0 4 3 5 2 0 4 1 5 4 0 3 1 2 0 1 2 3 4 5 4 5 1 3 5 0 4 1 2 5 2 4 0 4 3 4 5 1 0 3 5 | 18 25  0 7 1 0 12 1 0 13 1 1 8 1 1 12 1 1 17 1 2 9 2 2 13 1 3 10 1 3 13 1 3 14 1 4 10 1 4 14 1 4 16 1 5 11 1 5 15 1 5 17 1 6 11 2 6 16 1 7 14 1 7 15 1 8 16 1 8 17 1 9 15 1 10 12 1
R 16158 54 81 6 98 3 1 2 2 1 4 0 3 1 3 0 4 0 4 3 1 2 0 0 1 2 0 4 5 0 2 1 0 4 1 2 3 4 3 4 1 0 2 3 2 4 5 3 2 1 1 0 4 4 1 0 2 0 1 4 5 0 3 5 0 2 5 4 1 2 5 2 5 1 4 5 3 3 4 5 1 2 3 3 5 0 | 18 23  0 8 2 0 11 1 1 9 2 1 10 1 2 9 1 2 14 1 2 17 1 3 10 1 3 15 1 3 17 1 4 11 2 4 12 1 5 12 2 5 15 1 6 13 1 6 14 1 6 15 1 7 13 1 7 16 1 7 17 1 8 16 1 10 16 1 13 14 1
R 90031 54 81 6 220 1 2 3 1 4 5 1 4 2 5 1 2 2 0 3 0 4 1 3 4 5 5 0 4 0 2 4 2 3 1 4 3 0 0 2 1 4 2 3 0 2 1 3 4 0 1 3 2 0 5 4 1 0 5 0 4 5 2 0 3 3 5 0 0 4 3 1 5 4 3 2 5 1 2 1 3 5 1 5 4 2 | 18 25  0 6 1 0 11 2 1 7 1 1 12 1 1 13 1 2 8 1 2 12 1 2 15 1 3 9 1 3 13 1 3 16 1 4 10 2 4 15 1 5 11 1 5 14 1 5 15 1 6 16 1 6 17 1 7 12 1 7 17 1 8 13 1 8 14 1 9 14 1 9 17 1 10 16 1
R 75284 54 81 6 221 3 4 5 3 5 4 1 2 0 2 3 5 1 0 4 0 1 2 4 5 2 1 2 3 2 4 0 0 2 3 4 0 2 2 3 0 2 1 4 1 3 4 1 0 4 0 1 2 3 1 4 0 2 1 0 1 2 1 0 2 4 3 5 1 0 4 3 5 2 4 3 5 1 3 0 4 5 5 3 5 5 | 18 26  0 7 1 0 9 1 0 14 1 1 8 1 1 12 1 1 13 1 2 9 1 2 12 1 2 13 1 3 10 1 3 13 1 3 17 1 4 10 2 4 16 1 5 11 1 5 14 1 5 16 1 6 11 1 6 15 1 6 16 1 7 15 1 7 17 1 8 12 1 8 17 1 9 14 1 11 15 1
R 52228 54 81 6 731 1 2 3 0 1 2 2 0 3 0 4 1 1 0 5 2 3 5 0 3 1 3 4 5 2 4 1 5 1 2 0 2 1 5 3 1 1 3 4 3 0 2 0 5 3 2 1 0 2 4 3 4 1 0 0 4 5 3 5 4 4 1 5 3 5 2 2 4 3 0 4 1 2 4 5 1 2 0 5 3 0 | 18 25  0 7 1 0 10 2 1 8 1 1 12 1 1 13 1 2 9 1 2 14 1 2 15 1 3 10 1 3 13 1 3 14 1 4 11 1 4 15 1 4 17 1 5 11 2 5 16 1 6 12 1 6 14 1 6 17 1 7 13 1 7 17 1 8 12 1 8 16 1 9 15 1 9 16 1
R 55774 54 81 CAP 5000001 | 18 26  0 7 1 0 10 2 1 8 1 1 14 1 1 15 1 2 9 1 2 16 1 2 17 1 3 10 1 3 13 1 3 14 1 4 11 1 4 12 1 4 13 1 5 11 1 5 12 1 5 13 1 6 11 1 6 12 1 6 16 1 7 15 1 7 17 1 8 14 1 8 15 1 9 16 1 9 17 1
R 21663 54 81 6 561 3 1 2 3 0 4 0 5 3 2 0 1 3 0 2 0 4 1 0 2 5 1 3 5 0 2 1 1 4 3 1 0 5 1 2 5 5 3 2 2 1 3 0 2 4 3 4 5 4 1 5 2 3 0 4 5 0 5 2 1 2 4 1 3 4 5 4 5 1 3 2 5 1 3 4 0 4 2 3 0 0 | 18 24  0 8 2 0 15 1 1 9 1 1 10 1 1 17 1 2 9 1 2 13 1 2 14 1 3 10 2 3 13 1 4 11 1 4 14 1 4 15 1 5 11 1 5 15 1 5 17 1 6 12 1 6 14 1 6 17 1 7 12 2 7 16 1 8 16 1 9 16 1 11 13 1
R 20739 54 81 6 649 3 4 5 2 1 4 0 5 4 5 0 3 1 0 2 4 3 2 0 2 1 3 2 1 1 2 3 5 4 1 3 0 4 2 3 0 1 4 5 0 2 5 1 3 4 3 2 0 2 0 1 3 1 0 0 1 2 0 3 5 2 1 3 1 2 4 4 3 5 1 5 0 3 5 4 0 5 4 4 5 2 | 18 24  0 8 1 0 13 1 0 14 1 1 9 2 1 10 1 2 9 1 2 15 1 2 16 1 3 10 2 3 16 1 4 11 1 4 13 1 4 17 1 5 11 2 5 14 1 6 12 1 6 14 1 6 15 1 7 12 1 7 15 1 7 17 1 8 13 1 8 16 1 12 17 1
R 70516 54 81 6 152 3 4 5 1 2 5 1 2 0 0 4 2 3 1 4 3 1 5 0 2 1 1 2 3 0 5 2 0 2 3 1 4 3 2 4 5 4 5 1 1 0 4 0 2 3 3 0 2 0 3 4 3 1 0 0 1 2 3 4 0 4 3 5 5 3 1 0 5 2 0 2 4 3 5 4 4 5 1 5 2 1 | 18 25  0 7 1 0 9 1 0 13 1 1 8 2 1 10 1 2 9 1 2 11 1 2 17 1 3 10 1 3 13 1 3 15 1 4 11 1 4 14 1 4 16 1 5 12 2 5 14 1 6 12 1 6 15 1 6 17 1 7 15 1 7 16 1 8 16 1 9 13 1 10 17 1 11 14 1
R 26098 54 81 6 92 3 4 5 0 1 2 3 0 2 2 0 1 3 4 1 2 3 5 1 0 4 5 4 0 1 2 3 5 2 4 5 1 0 4 0 3 1 3 0 0 2 3 1 3 4 2 3 5 2 4 1 0 2 1 0 1 2 3 5 4 1 4 5 3 4 5 2 0 5 1 0 4 2 5 3 2 1 3 4 5 0 | 18 25  0 8 1 0 13 1 0 14 1 1 9 1 1 12 1 1 13 1 2 9 1 2 12 1 2 14 1 3 10 2 3 13 1 4 10 1 4 16 1 4 17 1 5 11 1 5 14 1 5 17 1 6 11 2 6 16 1 7 12 1 7 15 1 7 17 1 8 15 1 8 16 1 9 15 1
R 86623 54 81 6 529 3 4 5 0 2 4 5 0 3 4 1 2 0 1 2 0 3 1 0 2 1 1 2 3 4 5 0 2 1 5 4 5 1 4 2 3 0 2 3 1 0 4 1 5 3 3 2 4 0 3 1 0 3 2 0 1 2 3 1 5 4 1 2 3 0 5 3 5 4 2 5 4 3 4 5 5 4 2 1 0 0 | 18 27  0 7 1 0 12 1 0 13 1 1 8 1 1 15 1 1 17 1 2 9 1 2 11 1 2 14 1 3 9 1 3 14 1 3 16 1 4 10 1 4 11 1 4 12 1 5 10 1 5 12 1 5 17 1 6 13 1 6 14 1 6 15 1 7 13 1 7 16 1 8 16 1 8 17 1 9 11 1 10 15 1
R 17064 54 81 6 189 1 2 3 4 2 0 1 3 0 1 3 2 0 4 1 2 5 1 1 3 5 0 2 4 3 4 5 0 3 2 1 2 4 0 2 1 0 1 2 3 5 4 2 3 1 1 4 0 3 0 4 0 1 3 0 4 5 1 3 5 4 5 2 0 5 4 3 2 5 3 0 4 4 2 0 1 5 3 1 2 5 | 18 24  0 8 1 0 11 2 1 9 1 1 10 2 2 9 2 2 15 1 3 10 1 3 16 1 3 17 1 4 11 1 4 16 1 4 17 1 5 12 1 5 13 1 5 14 1 6 12 1 6 13 1 6 14 1 7 13 1 7 14 1 7 15 1 8 16 1 8 17 1 12 15 1
R 85385 54 81 6 90 3 4 5 2 0 4 5 2 4 0 1 3 1 4 2 1 2 0 0 1 3 1 2 3 3 1 4 3 1 4 0 1 2 0 2 3 3 0 2 1 0 4 3 1 4 0 1 2 5 1 0 2 3 5 0 1 2 5 3 1 0 3 1 2 5 4 5 3 0 4 5 3 2 5 4 4 5 2 0 5 4 | 18 27  0 7 1 0 11 1 0 13 1 1 8 1 1 15 1 1 17 1 2 9 1 2 10 1 2 12 1 3 9 1 3 13 1 3 15 1 4 10 1 4 13 1 4 14 1 5 11 1 5 12 1 5 16 1 6 14 1 6 15 1 6 16 1 7 12 1 7 14 1 8 16 1 8 17 1 9 11 1 10 17 1
R 15204 54 81 6 4204 3 1 2 3 0 4 2 5 3 0 1 2 0 4 3 1 0 5 0 3 1 4 5 2 0 2 1 1 5 3 2 0 4 3 4 1 4 5 2 1 3 2 0 3 2 0 2 1 0 5 4 3 1 4 4 5 0 2 1 5 4 0 1 3 5 4 2 5 1 3 4 2 4 5 2 0 3 1 3 0 5 | 18 24  0 8 2 0 11 1 1 9 1 1 10 1 1 17 1 2 9 1 2 12 2 3 10 1 3 13 1 3 14 1 4 11 2 4 14 1 5 12 1 5 15 1 5 17 1 6 13 1 6 14 1 6 16 1 7 13 1 7 15 1 7 16 1 8 16 1 9 17 1 10 15 1
R 63368 54 81 6 232 3 4 5 2 3 4 4 1 5 1 0 2 3 4 0 1 2 3 0 1 4 1 2 3 1 0 2 5 2 3 3 2 0 0 2 3 1 0 4 4 1 5 3 0 5 0 2 1 0 4 5 2 1 3 0 1 2 5 1 0 0 3 2 4 5 3 1 2 5 4 5 0 5 3 2 4 5 3 4 4 1 | 18 26  0 7 1 0 11 1 0 12 1 1 8 1 1 14 1 1 17 1 2 9 1 2 15 1 2 16 1 3 10 2 3 12 1 4 10 1 4 13 1 4 17 1 5 11 1 5 12 1 5 13 1 6 11 1 6 13 1 6 14 1 7 14 1 7 15 1 8 16 1 8 17 1 9 15 1 9 16 1
R 21968 54 81 6 930 3 4 5 2 1 5 0 4 3 0 4 2 2 4 5 2 0 1 3 0 1 4 2 1 1 2 3 3 4 1 0 1 2 5 1 3 1 2 0 0 5 4 0 2 4 2 4 3 1 0 4 3 0 5 0 1 2 0 3 4 2 5 1 5 3 1 0 3 1 4 3 5 4 5 2 3 5 0 5 4 2 | 18 24  0 8 1 0 15 1 0 16 1 1 9 1 1 10 2 2 9 2 2 13 1 3 10 1 3 16 1 3 17 1 4 11 1 4 13 1 4 14 1 5 11 1 5 14 1 5 15 1 6 12 1 6 14 1 6 17 1 7 12 2 7 15 1 8 16 1 8 17 1 11 13 1
R 9615 54 81 6 12848 1 2 3 0 4 1 0 5 2 0 2 4 1 0 2 3 4 5 5 0 1 1 3 2 3 4 5 0 2 1 1 2 5 5 4 1 1 5 4 3 0 2 3 4 0 5 2 0 0 2 3 1 4 3 0 4 5 3 2 5 4 3 1 3 5 1 3 4 5 0 2 1 2 4 3 0 5 4 1 2 0 | 18 25  0 8 1 0 9 2 1 9 1 1 14 1 1 16 1 2 10 1 2 12 1 2 13 1 3 10 1 3 13 1 3 14 1 4 11 1 4 16 1 4 17 1 5 11 2 5 16 1 6 12 1 6 13 1 6 15 1 7 12 1 7 14 1 7 15 1 8 15 1 8 17 1 10 17 1
R 37902 54 81 6 264 3 4 5 0 2 1 0 1 2 3 4 0 3 4 5 0 2 1 4 2 5 1 3 5 1 2 3 2 0 3 2 4 0 1 0 4 0 3 1 0 4 2 1 4 3 1 2 0 3 1 4 4 3 2 0 1 2 4 3 5 4 3 5 1 2 5 2 1 0 4 3 5 3 0 1 4 2 0 5 5 5 | 18 27  0 8 1 0 9 1 0 11 1 1 8 1 1 10 1 1 13 1 2 9 1 2 11 1 2 12 1 3 10 1 3 14 1 3 15 1 4 12 1 4 13 1 4 14 1 5 12 1 5 13 1 5 14 1 6 15 1 6 16 1 6 17 1 7 15 1 7 16 1 7 17 1 8 11 1 9 16 1 10 17 1
R 8715 54 81 6 889 3 4 5 1 2 3 0 1 5 2 4 5 1 0 4 2 4 3 1 5 0 5 0 2 1 2 3 0 2 3 5 4 3 3 4 0 0 1 4 1 5 2 2 0 1 2 0 3 1 5 4 2 0 1 0 1 2 4 5 0 2 3 4 0 1 3 2 5 3 1 5 0 3 4 2 4 1 3 4 5 5 | 18 25  0 8 1 0 9 1 0 12 1 1 9 1 1 12 1 1 13 1 2 10 1 2 12 1 2 17 1 3 10 2 3 13 1 4 11 1 4 15 1 4 17 1 5 11 2 5 16 1 6 14 1 6 15 1 6 16 1 7 14 1 7 15 1 7 16 1 8 13 1 8 14 1 9 17 1
R 62020 54 81 6 230 3 4 5 1 5 2 3 4 1 2 4 0 3 0 1 0 1 3 0 2 5 1 2 3 0 2 1 1 5 4 1 0 2 0 2 3 0 1 4 3 2 5 2 3 0 3 1 4 1 5 3 2 1 0 0 1 2 3 4 0 2 5 0 3 1 5 4 5 2 5 2 4 3 1 4 4 5 4 5 0 3 | 18 26  0 7 1 0 11 1 0 12 1 1 8 1 1 11 1 1 15 1 2 9 1 2 12 1 2 13 1 3 10 1 3 13 1 3 17 1 4 10 2 4 15 1 5 11 1 5 16 1 5 17 1 6 12 1 6 14 1 6 16 1 7 14 1 7 15 1 8 13 1 8 14 1 9 16 1 9 17 1
R 92456 54 81 6 133 3 4 5 1 5 2 0 3 1 2 0 4 1 2 0 0 2 3 1 2 3 0 2 5 2 1 5 3 4 5 0 2 3 0 1 3 3 1 4 0 2 1 2 1 0 5 2 4 3 4 2 0 1 3 0 1 2 3 4 0 4 2 5 1 3 5 4 3 5 5 4 1 4 5 1 4 3 0 0 2 5 | 18 27  0 6 1 0 10 1 0 11 1 1 7 1 1 11 1 1 12 1 2 8 1 2 12 1 2 13 1 3 9 1 3 13 1 3 14 1 4 10 1 4 15 1 4 16 1 5 11 1 5 13 1 5 15 1 6 14 1 6 17 1 7 16 1 7 17 1 8 14 1 8 15 1 9 16 1 9 17 1 10 12 1
R 35485 54 81 6 248 3 4 5 0 1 2 3 4 2 1 3 2 4 0 5 0 1 2 0 4 1 5 3 0 1 2 3 2 4 0 4 3 2 0 2 3 0 1 3 0 1 2 1 0 4 1 0 3 5 3 4 2 0 1 0 1 2 3 5 4 1 5 0 0 4 5 1 3 2 5 3 4 5 2 3 2 1 4 4 5 5 | 18 27  0 8 1 0 11 1 0 12 1 1 9 1 1 10 1 1 11 1 2 9 1 2 15 1 2 16 1 3 10 1 3 12 1 3 14 1 4 10 1 4 13 1 4 15 1 5 11 1 5 14 1 5 15 1 6 12 1 6 16 1 6 17 1 7 14 1 7 16 1 7 17 1 8 13 1 8 17 1 9 13 1
R 43058 54 81 6 147 3 4 5 0 3 4 1 0 4 1 2 0 1 0 2 3 4 2 0 5 1 1 2 3 1 4 3 5 4 3 0 2 3 2 0 3 4 2 1 1 0 4 3 0 4 1 2 0 4 2 1 3 5 2 0 1 2 2 5 1 2 5 3 4 3 5 4 5 3 0 5 1 2 3 4 4 5 0 1 0 5 | 18 24  0 7 1 0 10 1 0 13 1 1 8 2 1 11 1 2 9 1 2 14 1 2 15 1 3 10 1 3 12 2 4 11 2 4 13 1 5 12 1 5 15 1 5 17 1 6 14 1 6 16 1 6 17 1 7 15 1 7 16 1 8 16 1 9 14 1 9 17 1 10 13 1
R 59284 54 81 6 81 3 4 5 1 4 2 0 5 2 2 1 4 0 4 3 0 3 1 1 2 4 1 2 3 2 0 1 3 4 5 3 4 1 0 1 2 0 2 5 0 1 3 3 1 4 0 2 3 3 4 1 4 1 2 0 1 2 3 5 0 1 4 3 0 3 5 2 5 1 4 2 5 3 5 0 4 5 5 4 2 0 | 18 25  0 7 1 0 12 1 0 13 1 1 8 1 1 13 1 1 14 1 2 9 1 2 13 1 2 17 1 3 10 1 3 11 2 4 10 2 4 15 1 5 11 1 5 16 1 5 17 1 6 12 1 6 15 1 6 16 1 7 12 1 7 16 1 8 14 1 8 15 1 9 14 1 9 17 1
R 50725 54 81 6 351 3 4 5 3 4 5 3 1 2 1 2 0 1 0 2 4 3 5 3 4 0 1 2 3 0 1 3 4 2 1 0 2 4 5 3 1 3 2 0 1 4 5 0 2 3 2 0 1 2 0 5 1 0 4 0 1 2 2 0 1 0 5 4 5 4 3 4 5 3 0 2 1 1 2 5 4 5 5 4 3 3 | 18 25  0 7 1 0 10 1 0 17 1 1 8 1 1 13 1 1 14 1 2 9 2 2 14 1 3 10 1 3 12 1 3 13 1 4 11 1 4 12 1 4 17 1 5 11 2 5 16 1 6 12 1 6 13 1 6 14 1 7 15 1 7 17 1 8 15 1 8 16 1 9 16 1 10 15 1
R 60470 54 81 6 254 3 4 5 1 0 2 4 0 1 1 0 4 2 4 3 0 2 5 1 4 5 1 2 3 2 5 1 3 1 0 3 4 0 5 4 0 0 2 5 1 0 4 2 0 1 4 2 1 1 2 3 1 2 4 0 1 2 4 3 5 2 5 3 2 3 5 1 0 5 1 4 3 2 3 0 4 5 3 0 4 5 | 18 25  0 7 1 0 12 1 0 13 1 1 8 1 1 12 1 1 13 1 2 9 2 2 15 1 3 10 1 3 14 1 3 17 1 4 10 1 4 15 1 4 16 1 5 11 1 5 14 1 5 17 1 6 11 2 6 16 1 7 12 1 7 14 1 8 13 1 8 17 1 9 16 1 10 15 1
R 16835 54 81 6 133 1 2 3 3 5 4 2 3 4 1 0 2 0 4 1 0 1 2 3 2 4 1 2 0 3 4 5 1 2 4 2 0 4 0 2 1 4 2 5 3 0 4 1 2 3 2 5 0 1 0 3 4 0 1 0 4 5 0 1 2 5 1 0 3 5 4 3 2 5 3 4 5 0 1 5 5 4 3 1 2 3 | 18 24  0 8 1 0 11 2 1 9 1 1 10 1 1 16 1 2 9 1 2 13 1 2 14 1 3 10 2 3 14 1 4 11 1 4 13 1 4 14 1 5 12 1 5 16 1 5 17 1 6 12 2 6 16 1 7 13 1 7 15 1 7 17 1 8 15 1 8 17 1 9 15 1
R 28123 54 81 6 83 3 1 2 3 0 2 4 0 1 0 3 4 0 2 5 4 0 3 1 5 3 0 1 2 0 2 1 1 2 5 1 2 3 2 3 0 1 4 3 0 3 2 3 4 5 4 1 5 2 4 5 1 0 4 4 5 0 4 5 1 3 5 2 5 2 1 4 1 3 1 5 2 4 0 2 4 3 5 3 0 0 | 18 25  0 8 2 0 14 1 1 9 1 1 12 1 1 14 1 2 9 1 2 13 1 2 14 1 3 10 1 3 12 1 3 13 1 4 10 1 4 16 1 4 17 1 5 11 2 5 15 1 6 11 1 6 16 1 6 17 1 7 13 1 7 16 1 7 17 1 8 15 1 9 12 1 10 15 1
R 46623 54 81 6 13301 1 2 3 2 3 0 4 0 1 0 4 1 2 3 0 1 2 3 5 3 4 3 4 5 0 1 2 1 2 4 0 2 1 3 4 0 4 3 0 3 4 5 2 4 1 1 2 3 2 4 0 0 5 1 0 4 5 4 1 5 5 2 3 3 2 5 1 4 5 5 0 4 1 2 0 1 2 5 3 0 3 | 18 24  0 7 1 0 10 2 1 8 1 1 13 1 1 15 1 2 9 1 2 13 1 2 14 1 3 10 1 3 11 2 4 11 1 4 15 1 4 16 1 5 12 1 5 13 1 5 17 1 6 12 2 6 14 1 7 16 1 7 17 1 8 14 1 8 16 1 9 15 1 9 17 1
R 46706 54 81 6 94 1 2 3 1 0 4 0 1 5 0 4 2 1 4 3 3 4 0 0 2 1 3 4 5 3 4 0 4 5 1 0 2 1 3 1 0 1 0 3 2 1 4 2 0 4 2 0 3 3 2 4 0 5 3 0 4 5 2 5 3 2 3 4 3 5 1 2 0 5 2 5 1 4 3 5 1 2 1 0 4 5 | 18 24  0 7 1 0 10 2 1 8 2 1 13 1 2 9 2 2 15 1 3 10 1 3 11 1 3 17 1 4 11 1 4 13 1 4 14 1 5 12 1 5 13 1 5 15 1 6 12 1 6 14 1 6 15 1 7 14 1 7 17 1 8 16 1 9 16 1 11 17 1 12 16 1
R 5922 54 81 6 82 3 4 5 1 0 2 2 0 1 4 1 3 1 2 3 0 1 2 0 1 4 3 4 5 1 2 3 3 2 0 3 1 2 0 2 3 1 0 4 1 4 5 3 0 1 0 5 2 0 3 4 2 4 1 0 1 2 4 5 3 4 5 3 0 5 2 4 5 0 5 3 4 2 5 3 2 1 0 4 5 1 | 18 25  0 8 1 0 11 1 0 12 1 1 9 2 1 12 1 2 10 1 2 16 1 2 17 1 3 10 2 3 16 1 4 11 1 4 12 1 4 13 1 5 11 1 5 13 1 5 14 1 6 13 1 6 14 1 6 15 1 7 14 1 7 15 1 7 17 1 8 15 1 8 17 1 9 16 1
R 40739 54 81 6 12155 3 1 2 5 1 2 3 1 4 0 3 5 0 4 3 0 3 1 0 4 2 0 2 1 0 2 1 5 0 4 4 5 3 3 4 1 1 3 2 0 3 2 2 1 4 0 2 1 5 4 2 5 0 3 4 5 0 3 0 4 2 0 5 1 2 4 2 5 1 4 5 2 5 3 1 3 5 4 3 1 0 | 18 24  0 7 2 0 11 1 1 8 1 1 12 1 1 13 1 2 9 1 2 14 1 2 15 1 3 10 2 3 15 1 4 11 2 4 13 1 5 12 1 5 14 1 5 17 1 6 12 1 6 14 1 6 17 1 7 16 1 8 13 1 8 17 1 9 15 1 9 16 1 10 16 1
R 80899 54 81 6 2052 3 4 5 2 4 5 1 4 3 4 0 1 5 0 2 1 2 3 0 2 5 1 2 3 0 1 4 2 5 1 0 4 1 0 2 3 0 3 4 1 5 2 3 0 4 3 0 2 3 0 1 1 2 3 0 1 2 3 1 0 0 2 5 3 2 5 3 1 4 4 5 0 1 3 4 4 5 2 5 4 5 | 18 26  0 7 1 0 11 1 0 12 1 1 8 1 1 15 1 1 17 1 2 9 1 2 10 2 3 9 1 3 14 1 3 15 1 4 10 1 4 14 1 4 17 1 5 11 1 5 12 1 5 13 1 6 12 1 6 13 1 6 16 1 7 13 1 7 14 1 8 16 1 8 17 1 9 15 1 11 16 1
R 85715 54 81 6 1154 3 4 5 0 3 2 0 1 2 2 0 1 0 2 3 1 5 4 4 5 0 1 2 3 1 2 5 5 2 1 4 3 2 4 1 0 0 2 3 1 3 4 5 0 2 1 2 0 0 4 2 3 1 4 0 1 2 4 5 1 3 5 4 4 3 5 1 4 5 0 3 2 2 3 1 4 5 3 0 0 5 | 18 27  0 7 1 0 12 1 0 13 1 1 8 1 1 13 1 1 14 1 2 9 1 2 11 1 2 12 1 3 9 1 3 11 1 3 12 1 4 10 1 4 15 1 4 16 1 5 10 1 5 16 1 5 17 1 6 11 1 6 14 1 6 16 1 7 14 1 7 15 1 8 15 1 8 17 1 9 13 1 10 17 1
R 31168 54 81 6 105 3 4 5 1 2 0 0 2 3 1 0 2 4 3 2 5 1 4 3 4 5 0 1 2 1 2 3 3 0 1 2 3 0 4 5 0 1 4 2 2 5 3 0 1 3 1 4 3 0 2 5 1 0 4 0 1 2 4 3 5 5 1 4 4 5 3 1 5 0 2 3 0 1 0 2 4 5 3 4 5 2 | 18 26  0 8 1 0 16 1 0 17 1 1 9 1 1 11 1 1 12 1 2 9 1 2 13 1 2 14 1 3 10 1 3 14 1 3 17 1 4 10 2 4 15 1 5 11 1 5 12 1 5 13 1 6 11 1 6 12 1 6 14 1 7 13 1 7 15 1 7 16 1 8 16 1 8 17 1 9 15 1
R 88098 54 81 6 92 3 4 5 3 2 4 0 1 2 3 4 5 0 1 3 0 1 3 0 2 1 1 2 3 4 1 2 0 2 5 5 2 1 3 0 2 0 4 3 1 0 4 2 0 3 1 0 4 2 0 1 0 4 3 0 1 2 0 1 5 3 4 5 0 1 2 4 2 5 5 4 2 3 4 5 4 5 5 3 3 1 | 18 25  0 7 1 0 9 1 0 13 1 1 8 1 1 14 1 1 15 1 2 10 2 2 11 1 3 10 1 3 12 2 4 11 1 4 15 1 4 16 1 5 12 1 5 16 1 5 17 1 6 13 1 6 14 1 6 17 1 7 9 1 7 13 1 8 14 1 8 15 1 9 16 1 11 17 1
R 91887 54 81 6 399 3 4 5 0 1 2 5 3 2 0 1 4 1 2 0 3 4 5 1 2 3 2 3 1 4 2 1 3 2 0 0 2 3 4 2 1 1 0 4 0 3 2 1 0 3 4 2 5 2 0 4 0 3 1 0 1 2 4 3 5 0 1 4 5 2 3 4 3 5 0 1 2 4 5 5 0 5 3 1 4 5 | 18 26  0 6 1 0 10 1 0 12 1 1 7 1 1 12 1 1 17 1 2 8 1 2 13 1 2 14 1 3 9 1 3 14 1 3 16 1 4 10 1 4 11 2 5 11 1 5 16 1 5 17 1 6 13 1 6 16 1 7 14 1 7 15 1 8 13 1 8 15 1 9 15 1 9 17 1 10 12 1
R 52846 54 81 6 1298 3 1 2 2 3 4 0 2 5 0 2 3 5 1 2 0 2 4 1 3 2 0 2 1 5 4 3 4 1 0 3 4 5 3 0 5 0 1 4 4 2 3 1 2 0 0 1 3 0 1 5 4 1 3 4 5 0 0 1 5 3 1 4 1 4 5 4 3 0 1 5 3 5 4 0 3 2 2 5 2 2 | 18 25  0 7 2 0 10 1 1 8 2 1 12 1 2 9 1 2 13 1 2 16 1 3 10 1 3 14 1 3 15 1 4 11 1 4 12 1 4 13 1 5 11 1 5 13 1 5 14 1 6 14 1 6 15 1 6 17 1 7 16 1 8 16 1 9 15 1 9 17 1 10 17 1 11 12 1
R 80367 54 81 6 211 3 1 2 0 3 5 2 4 1 1 3 5 3 0 4 0 4 3 1 2 0 0 2 1 5 1 3 0 1 2 4 0 1 3 4 1 0 2 3 2 0 4 2 1 3 3 0 1 4 2 5 2 1 4 4 5 0 2 4 1 3 5 0 4 2 0 2 1 5 2 5 1 4 3 5 3 4 0 5 3 5 | 18 25  0 7 2 0 11 1 1 8 1 1 14 1 1 16 1 2 9 1 2 10 1 2 14 1 3 9 1 3 15 1 3 17 1 4 10 1 4 13 1 4 14 1 5 11 2 5 12 1 6 12 1 6 13 1 6 15 1 7 16 1 8 15 1 8 16 1 9 13 1 10 17 1 12 17 1
R 49571 54 81 6 1060 3 1 2 2 5 4 0 4 1 0 2 3 3 0 2 4 1 5 1 3 2 0 2 1 3 4 5 1 3 0 3 4 5 5 2 0 1 0 2 2 0 4 0 2 4 3 1 0 1 3 5 4 3 1 4 5 0 0 3 1 2 3 5 1 4 5 1 4 5 3 2 0 5 4 0 3 1 2 4 5 2 | 18 25  0 7 2 0 10 1 1 8 1 1 12 1 1 13 1 2 9 1 2 13 1 2 14 1 3 10 1 3 12 1 3 13 1 4 11 2 4 15 1 5 11 1 5 16 1 5 17 1 6 12 1 6 15 1 6 16 1 7 14 1 8 14 1 8 15 1 9 16 1 9 17 1 10 17 1
R 75233 54 81 6 129 3 4 5 1 0 3 1 2 5 3 2 4 1 0 4 3 1 5 2 0 1 1 2 3 5 4 0 0 2 3 4 5 2 4 5 1 0 1 4 2 1 0 2 0 3 3 0 2 3 1 0 4 3 2 0 1 2 2 5 4 4 3 0 0 5 1 3 5 2 0 2 4 3 4 5 4 5 3 1 5 1 | 18 26  0 7 1 0 9 1 0 12 1 1 8 1 1 12 1 1 13 1 2 9 1 2 13 1 2 17 1 3 10 1 3 14 1 3 15 1 4 10 1 4 15 1 4 16 1 5 11 2 5 14 1 6 11 1 6 16 1 6 17 1 7 15 1 7 16 1 8 12 1 8 17 1 9 13 1 10 14 1
R 51489 54 81 6 151 3 1 2 2 5 4 0 4 1 0 2 3 4 3 5 0 2 3 1 0 2 0 2 1 1 3 4 5 1 4 3 4 5 1 5 3 1 0 2 2 0 4 5 3 1 4 2 0 2 0 4 4 0 1 4 5 0 0 3 1 2 3 5 1 4 5 0 2 1 4 1 5 4 5 3 3 5 2 0 3 2 | 18 25  0 7 2 0 10 1 1 8 1 1 12 1 1 13 1 2 9 1 2 13 1 2 16 1 3 10 1 3 12 1 3 13 1 4 11 2 4 15 1 5 11 1 5 16 1 5 17 1 6 14 1 6 15 1 6 17 1 7 16 1 8 12 1 8 14 1 9 14 1 9 15 1 10 17 1
R 61933 54 81 6 177 3 4 5 1 0 2 1 4 2 1 0 5 2 3 5 0 1 2 1 4 3 1 2 3 4 5 0 2 5 4 5 3 4 0 2 3 0 1 4 0 1 5 3 4 2 0 3 5 2 0 1 1 2 0 0 1 2 3 4 5 0 5 3 2 3 4 0 1 4 5 3 4 0 2 5 4 5 2 1 1 3 | 18 26  0 7 1 0 11 1 0 12 1 1 8 1 1 11 1 1 14 1 2 9 1 2 12 1 2 13 1 3 10 1 3 16 1 3 17 1 4 10 2 4 16 1 5 11 1 5 12 1 5 15 1 6 14 1 6 15 1 6 17 1 7 13 1 7 16 1 8 13 1 8 14 1 9 15 1 9 17 1
R 9606 54 81 6 2312 1 2 3 0 4 2 3 4 0 1 4 2 3 1 4 2 0 1 3 2 5 5 0 1 3 4 5 0 2 1 0 2 3 2 4 1 5 1 4 3 2 4 5 1 0 3 1 0 3 0 2 5 0 3 0 4 5 3 5 1 1 2 5 5 0 3 0 5 2 3 5 4 0 1 4 3 2 4 1 2 4 | 18 25  0 8 1 0 9 2 1 9 1 1 15 1 1 17 1 2 10 1 2 12 1 2 13 1 3 10 1 3 13 1 3 14 1 4 11 2 4 14 1 5 11 1 5 16 1 5 17 1 6 12 1 6 13 1 6 14 1 7 12 1 7 15 1 7 16 1 8 16 1 8 17 1 10 15 1
R 77118 54 81 6 94 3 4 5 0 4 2 1 2 0 1 3 2 3 0 4 0 2 1 3 4 5 1 2 3 1 2 0 0 2 3 2 0 1 0 4 1 4 2 5 1 0 4 3 0 2 0 2 4 1 3 2 0 5 1 0 1 2 5 3 1 4 3 5 4 5 0 5 2 1 3 5 4 1 0 2 4 5 4 3 5 3 | 18 27  0 7 1 0 9 1 0 13 1 1 8 1 1 13 1 1 14 1 2 9 1 2 12 1 2 16 1 3 10 1 3 11 1 3 12 1 4 10 1 4 11 1 4 12 1 5 11 1 5 14 1 5 17 1 6 15 1 6 16 1 6 17 1 7 14 1 7 15 1 8 16 1 8 17 1 9 13 1 10 15 1
R 43523 54 81 6 104 3 4 5 1 2 4 2 0 1 1 2 5 0 3 1 0 1 2 3 2 4 1 2 3 3 4 2 4 1 0 0 2 3 1 0 5 4 2 1 0 1 4 3 1 4 2 3 0 0 3 5 0 3 1 0 1 2 0 5 3 3 5 4 4 3 0 4 2 5 3 5 4 0 5 1 4 5 1 2 5 2 | 18 24  0 7 1 0 10 1 0 13 1 1 8 2 1 11 1 2 9 2 2 15 1 3 10 1 3 13 1 3 14 1 4 11 1 4 14 1 4 15 1 5 12 1 5 13 1 5 17 1 6 12 2 6 16 1 7 16 1 7 17 1 8 15 1 9 16 1 10 14 1 11 17 1
R 14928 54 81 6 76 3 1 2 5 1 2 0 3 1 0 3 1 0 4 3 2 4 3 2 3 1 4 0 2 0 2 1 2 0 1 1 3 2 3 4 1 4 3 0 1 0 3 0 3 2 4 1 5 4 0 3 2 1 4 4 5 0 3 0 4 4 2 5 4 5 2 2 5 1 1 0 5 4 5 0 5 1 3 3 5 2 | 18 23  0 8 2 0 11 1 1 9 1 1 10 1 1 14 1 2 9 1 2 12 2 3 10 2 3 16 1 4 11 2 4 14 1 5 12 1 5 15 1 5 17 1 6 13 1 6 16 1 6 17 1 7 13 1 7 16 1 7 17 1 8 15 1 9 14 1 13 15 1
R 43106 54 81 6 142 3 4 5 2 3 5 1 0 2 1 2 3 0 1 4 1 0 2 3 4 5 1 2 3 4 0 3 3 2 0 0 2 4 1 3 2 5 4 2 1 0 5 1 5 2 0 3 4 3 1 0 4 0 1 0 1 2 1 0 4 4 5 3 5 4 0 5 3 2 3 5 4 0 1 2 4 5 5 2 1 3 | 18 24  0 7 1 0 10 1 0 13 1 1 8 1 1 11 2 2 9 2 2 13 1 3 10 1 3 13 1 3 14 1 4 11 1 4 14 1 4 15 1 5 12 1 5 15 1 5 16 1 6 12 2 6 16 1 7 14 1 7 17 1 8 16 1 8 17 1 9 15 1 10 17 1
R 54389 54 81 6 130 3 1 2 1 3 0 1 0 5 0 2 3 3 4 2 1 2 0 2 1 4 0 2 1 4 0 3 5 2 3 3 4 5 2 3 0 2 1 4 1 4 3 1 2 0 0 2 4 4 0 2 5 3 1 4 5 0 2 4 5 4 3 2 1 4 5 1 0 5 5 3 4 0 3 5 3 5 1 1 0 2 | 18 26  0 7 2 0 10 1 1 8 1 1 11 1 1 12 1 2 9 1 2 12 1 2 13 1 3 10 1 3 14 1 3 16 1 4 11 1 4 12 1 4 13 1 5 11 1 5 16 1 5 17 1 6 13 1 6 14 1 6 15 1 7 15 1 8 14 1 8 15 1 9 16 1 9 17 1 10 17 1
R 91192 54 81 6 86 3 4 5 1 3 0 0 4 2 0 1 3 1 2 0 2 5 4 1 2 3 4 0 1 1 2 3 3 4 0 0 2 3 5 3 1 1 0 4 3 0 2 1 2 4 0 2 1 0 2 5 0 3 4 0 1 2 5 2 4 5 3 1 2 5 4 4 5 3 0 3 1 4 5 3 2 0 4 5 1 5 | 18 26  0 6 1 0 10 1 0 12 1 1 7 1 1 11 2 2 8 1 2 12 1 2 13 1 3 9 1 3 14 1 3 15 1 4 10 1 4 13 1 4 14 1 5 11 1 5 15 1 5 17 1 6 13 1 6 17 1 7 16 1 7 17 1 8 14 1 8 16 1 9 15 1 9 16 1 10 12 1
R 16841 54 81 6 171 3 1 2 3 0 4 2 5 4 2 0 1 0 2 3 2 1 3 0 3 4 4 1 2 0 2 1 1 2 3 1 0 3 3 4 5 4 3 2 1 0 2 2 0 4 5 0 1 0 1 5 2 3 4 4 5 0 5 2 1 0 3 1 4 5 3 1 4 5 0 4 5 1 5 2 5 3 0 3 4 2 | 18 24  0 8 2 0 11 1 1 9 1 1 10 1 1 17 1 2 9 1 2 13 1 2 14 1 3 10 2 3 14 1 4 11 1 4 13 1 4 14 1 5 12 1 5 15 1 5 17 1 6 12 2 6 16 1 7 13 1 7 15 1 7 17 1 8 16 1 9 16 1 11 15 1
R 5739 54 81 6 299 3 4 5 2 0 4 1 3 2 0 2 5 3 0 1 4 2 1 1 2 4 0 2 4 1 2 3 3 4 0 5 2 4 1 2 0 0 2 5 0 1 4 1 2 0 4 2 3 0 1 3 3 4 1 0 1 2 1 5 3 0 5 4 1 3 4 4 5 2 3 5 0 3 5 0 3 1 5 4 5 2 | 18 24  0 8 1 0 12 1 0 13 1 1 9 2 1 14 1 2 10 1 2 13 1 2 14 1 3 10 2 3 16 1 4 11 1 4 15 1 4 17 1 5 11 2 5 15 1 6 12 1 6 14 1 6 17 1 7 13 1 7 15 1 7 16 1 8 12 1 8 17 1 9 16 1
R 23959 54 81 6 124 3 4 5 4 5 1 0 1 2 0 3 4 5 1 4 2 1 3 1 2 0 0 2 5 1 2 3 2 1 4 0 5 4 3 2 4 0 2 5 1 0 4 0 5 3 2 1 0 5 2 3 1 0 3 0 1 2 0 2 3 3 5 4 1 5 2 0 2 3 5 4 0 3 4 5 3 1 4 4 5 1 | 18 25  0 8 1 0 12 1 0 13 1 1 9 1 1 10 2 2 9 2 2 14 1 3 10 1 3 15 1 3 17 1 4 11 1 4 14 1 4 15 1 5 11 1 5 15 1 5 16 1 6 12 1 6 16 1 6 17 1 7 13 1 7 16 1 7 17 1 8 12 1 8 13 1 11 14 1
R 38502 54 81 6 2187 1 2 3 0 2 3 0 4 2 3 0 4 1 0 2 1 2 4 2 5 0 0 1 4 3 4 5 0 2 1 4 1 5 0 3 4 0 2 4 1 2 3 1 5 0 1 4 2 4 0 3 1 0 3 0 4 5 1 4 5 3 1 5 2 1 5 3 5 4 5 0 3 1 3 4 3 5 2 2 0 2 | 18 26  0 8 1 0 9 2 1 8 1 1 14 1 1 16 1 2 9 1 2 16 1 2 17 1 3 10 1 3 12 1 3 13 1 4 10 1 4 12 1 4 13 1 5 11 1 5 13 1 5 14 1 6 11 1 6 15 1 6 17 1 7 12 1 7 15 1 7 16 1 8 17 1 10 15 1 11 14 1
R 7105 54 81 6 316 1 2 3 0 4 1 2 3 0 2 5 0 1 0 4 3 4 1 2 1 0 5 1 2 3 4 5 0 2 1 3 4 0 3 0 4 1 3 0 1 2 4 2 1 0 2 1 5 2 0 4 0 3 1 0 4 5 3 2 5 1 4 5 1 3 4 2 5 3 2 0 5 5 4 3 0 3 4 1 2 5 | 18 25  0 8 1 0 9 2 1 9 1 1 10 2 2 10 1 2 12 1 2 13 1 3 11 1 3 13 1 3 14 1 4 11 1 4 14 1 4 15 1 5 12 1 5 15 1 5 16 1 6 12 1 6 15 1 6 16 1 7 13 1 7 14 1 7 17 1 8 16 1 8 17 1 11 17 1
R 92878 54 81 6 357 3 4 5 3 0 4 0 1 3 0 2 1 0 1 2 4 0 1 1 2 3 4 2 5 3 4 5 4 5 2 2 0 5 1 0 4 0 1 4 1 2 0 2 1 3 2 4 1 0 3 5 2 4 3 0 1 2 1 2 5 2 4 5 3 5 4 4 3 5 3 2 5 5 4 3 0 0 1 1 0 3 | 18 27  0 6 1 0 10 1 0 11 1 1 7 1 1 12 1 1 13 1 2 8 1 2 14 1 2 15 1 3 9 1 3 14 1 3 16 1 4 10 1 4 11 1 4 12 1 5 15 1 5 16 1 5 17 1 6 11 1 6 13 1 7 13 1 7 14 1 8 15 1 8 17 1 9 16 1 9 17 1 10 12 1
R 35350 54 81 6 211 3 4 5 0 1 2 4 5 2 5 3 1 2 1 0 0 1 2 4 0 3 1 4 3 1 2 3 2 4 1 1 3 0 0 2 3 3 1 4 0 5 2 2 3 0 3 1 0 1 4 2 4 0 1 0 1 2 3 5 4 0 1 3 2 0 4 4 5 3 5 4 3 1 5 2 2 0 5 4 5 5 | 18 27  0 8 1 0 11 1 0 12 1 1 9 1 1 10 1 1 11 1 2 9 1 2 13 1 2 16 1 3 10 1 3 12 1 3 13 1 4 10 1 4 12 1 4 13 1 5 11 1 5 15 1 5 17 1 6 14 1 6 16 1 6 17 1 7 15 1 7 16 1 7 17 1 8 14 1 8 15 1 9 14 1
R 75303 54 81 6 2473 3 4 5 3 5 4 1 2 5 0 3 1 0 2 4 1 2 5 3 0 5 1 2 3 0 4 2 0 2 3 1 2 5 4 5 2 0 1 4 2 1 5 3 1 4 2 0 3 3 0 1 1 3 4 0 1 2 1 2 0 4 3 0 4 2 5 3 1 5 0 3 4 1 4 2 4 5 5 3 5 0 | 18 26  0 7 1 0 9 1 0 16 1 1 8 1 1 12 1 1 13 1 2 9 1 2 12 1 2 14 1 3 10 1 3 14 1 3 15 1 4 10 1 4 15 1 4 16 1 5 11 2 5 15 1 6 11 1 6 16 1 6 17 1 7 13 1 7 14 1 8 12 1 8 13 1 9 17 1 10 17 1
R 92179 54 81 6 93 3 4 5 0 3 2 2 1 3 0 2 1 1 2 5 1 3 5 1 2 3 1 5 0 0 3 2 5 1 0 0 2 3 1 0 4 3 1 4 0 1 2 4 5 2 0 3 4 0 3 1 1 2 4 0 1 2 4 5 1 4 5 0 4 3 5 4 3 0 2 4 0 4 5 2 3 1 5 2 3 5 | 18 27  0 6 1 0 10 1 0 11 1 1 7 1 1 11 1 1 14 1 2 8 1 2 13 1 2 14 1 3 9 1 3 14 1 3 15 1 4 10 1 4 11 1 4 12 1 5 15 1 5 16 1 5 17 1 6 13 1 6 16 1 7 12 1 7 13 1 8 15 1 8 17 1 9 16 1 9 17 1 10 12 1
R 10860 54 81 6 6131 3 1 2 0 2 3 2 1 3 0 3 4 0 2 5 1 3 5 2 4 1 0 4 5 0 2 1 3 4 5 4 3 1 5 3 4 1 2 0 4 1 3 5 0 3 2 0 4 1 0 2 0 1 2 4 5 0 1 4 5 0 4 5 2 1 5 1 3 4 0 2 4 3 0 5 2 1 3 3 2 5 | 18 25  0 8 2 0 9 1 1 9 1 1 12 1 1 13 1 2 10 1 2 14 1 2 15 1 3 10 1 3 14 1 3 16 1 4 11 1 4 16 1 4 17 1 5 11 2 5 16 1 6 12 1 6 13 1 6 17 1 7 13 1 7 15 1 7 17 1 8 15 1 9 14 1 10 12 1
R 4919 54 81 6 1599 3 4 5 0 1 2 0 1 2 3 4 2 1 0 4 3 4 2 3 1 0 2 0 5 1 2 3 3 2 1 2 4 0 2 4 0 5 0 4 0 2 5 1 3 4 3 2 1 3 1 2 3 0 1 0 1 2 4 5 3 3 5 4 1 5 0 3 5 2 1 5 0 2 4 5 1 3 4 4 5 0 | 18 23  0 8 1 0 13 1 0 14 1 1 9 2 1 13 1 2 10 1 2 14 1 2 17 1 3 10 2 3 16 1 4 11 1 4 15 1 4 17 1 5 11 2 5 15 1 6 12 1 6 15 1 6 16 1 7 12 2 7 16 1 8 13 1 8 17 1 9 14 1
R 53372 54 81 6 571 1 2 3 0 3 1 4 1 0 0 4 2 0 3 4 2 0 1 2 0 5 3 4 5 1 2 3 2 0 1 0 2 1 1 2 4 4 3 5 2 0 3 1 0 4 3 4 1 0 3 2 5 0 3 0 4 5 4 2 5 3 5 2 3 5 1 5 1 2 3 5 4 1 4 3 1 2 5 0 4 0 | 18 25  0 7 1 0 10 2 1 8 1 1 12 1 1 13 1 2 9 2 2 15 1 3 10 1 3 15 1 3 17 1 4 11 1 4 13 1 4 14 1 5 11 1 5 16 1 5 17 1 6 12 1 6 13 1 6 14 1 7 16 1 7 17 1 8 14 1 8 15 1 9 16 1 11 12 1
R 24967 54 81 6 114 3 4 5 5 3 4 1 0 2 1 0 2 0 1 2 3 2 4 1 3 5 0 4 1 1 2 3 1 4 3 2 0 5 4 2 0 2 4 5 1 3 2 0 2 3 3 0 5 0 1 3 1 4 0 0 1 2 0 2 1 5 4 3 3 4 5 3 5 4 5 0 1 0 4 2 3 5 2 4 5 1 | 18 25  0 8 1 0 14 1 0 16 1 1 9 2 1 10 1 2 9 1 2 16 1 2 17 1 3 10 2 3 16 1 4 11 1 4 13 1 4 14 1 5 11 1 5 13 1 5 15 1 6 12 1 6 13 1 6 17 1 7 12 1 7 14 1 7 15 1 8 15 1 8 17 1 11 12 1
R 50198 54 81 6 5621 3 1 2 2 0 4 5 4 2 0 2 3 3 5 2 0 1 2 1 3 0 0 2 1 3 5 4 1 3 4 3 4 5 4 2 5 1 0 2 4 3 0 0 5 1 3 1 2 4 1 0 3 1 0 4 5 0 1 3 5 0 1 3 1 4 5 0 1 4 3 5 4 5 4 2 3 2 0 2 5 2 | 18 25  0 7 2 0 10 1 1 8 1 1 12 1 1 17 1 2 9 1 2 13 1 2 14 1 3 10 1 3 12 1 3 13 1 4 11 2 4 14 1 5 11 1 5 15 1 5 17 1 6 12 1 6 15 1 6 16 1 7 16 1 8 14 1 8 15 1 9 13 1 9 16 1 10 17 1
R 73355 54 81 6 88 3 4 5 0 1 2 1 2 0 1 3 0 4 0 2 5 1 3 5 4 0 1 2 3 2 3 1 0 2 3 2 4 0 3 1 0 1 0 4 0 2 3 3 4 0 0 4 3 4 1 2 1 2 5 0 1 2 4 3 5 4 3 5 5 2 4 5 1 3 2 4 0 1 2 3 4 5 5 0 5 1 | 18 26  0 7 1 0 9 1 0 12 1 1 8 1 1 12 1 1 15 1 2 9 1 2 10 1 2 16 1 3 10 1 3 14 1 3 17 1 4 11 1 4 15 1 4 17 1 5 11 2 5 16 1 6 14 1 6 15 1 6 16 1 7 13 1 7 14 1 8 13 1 8 17 1 9 12 1 10 13 1
R 11745 54 81 6 648 3 1 2 0 2 3 5 3 4 0 1 2 2 4 0 1 3 0 1 2 3 5 0 4 0 2 1 3 4 5 4 2 5 1 2 0 1 0 3 5 2 4 1 4 3 2 3 5 1 4 0 3 0 1 4 5 0 1 4 5 1 2 0 3 5 4 3 1 5 5 4 2 4 0 5 3 2 1 3 2 0 | 18 26  0 8 2 0 9 1 1 9 1 1 11 1 1 12 1 2 10 1 2 12 1 2 13 1 3 10 1 3 14 1 3 17 1 4 11 1 4 13 1 4 17 1 5 11 1 5 15 1 5 16 1 6 12 1 6 15 1 6 16 1 7 13 1 7 14 1 7 15 1 8 16 1 9 17 1 10 14 1
R 49938 54 81 6 162 3 1 2 2 0 4 5 2 0 0 2 3 0 1 2 3 4 2 1 3 0 0 2 1 3 4 5 3 0 1 3 4 5 2 4 0 1 0 2 1 4 0 3 1 2 4 5 0 1 3 4 3 1 0 4 5 0 1 3 5 4 3 1 1 4 5 3 5 4 1 5 0 5 4 2 3 2 0 2 5 2 | 18 25  0 7 2 0 10 1 1 8 1 1 12 1 1 17 1 2 9 1 2 13 1 2 15 1 3 10 1 3 12 1 3 13 1 4 11 1 4 14 1 4 17 1 5 11 2 5 16 1 6 12 1 6 14 1 6 16 1 7 15 1 8 13 1 8 14 1 9 15 1 9 16 1 10 17 1
R 44909 54 81 6 1279 1 2 3 3 5 1 0 1 2 0 4 1 0 4 2 2 5 4 0 1 3 3 4 5 0 2 3 4 2 1 0 2 1 4 5 3 3 1 2 3 4 0 2 0 4 3 0 1 2 3 4 0 1 4 0 4 5 4 0 2 3 5 4 3 2 5 1 5 3 0 1 3 4 5 2 1 2 1 5 0 5 | 18 24  0 7 1 0 10 2 1 8 1 1 11 2 2 9 2 2 15 1 3 10 1 3 13 1 3 16 1 4 11 1 4 15 1 4 17 1 5 12 1 5 13 1 5 14 1 6 12 1 6 14 1 6 17 1 7 14 1 7 15 1 8 16 1 8 17 1 9 16 1 12 13 1
R 51395 54 81 6 108 1 2 3 1 0 2 1 3 5 0 4 2 0 2 3 1 4 3 5 0 1 3 4 5 4 2 5 2 0 1 0 2 1 3 4 0 4 3 2 1 3 0 2 1 4 1 3 0 2 5 4 5 0 3 0 4 5 3 5 4 4 0 2 3 5 1 1 5 4 2 5 0 3 2 4 1 2 1 0 5 3 | 18 25  0 7 1 0 10 2 1 8 1 1 12 1 1 13 1 2 9 1 2 12 1 2 13 1 3 10 1 3 15 1 3 17 1 4 11 1 4 14 1 4 15 1 5 11 2 5 16 1 6 14 1 6 15 1 6 17 1 7 16 1 7 17 1 8 12 1 8 14 1 9 13 1 9 16 1
R 92702 54 81 6 108 3 4 5 0 1 2 1 3 2 0 1 4 1 2 3 0 4 5 1 2 3 2 3 0 4 5 1 5 3 0 0 2 3 1 0 4 2 0 1 3 0 1 4 0 3 1 2 4 0 3 2 0 2 4 0 1 2 4 3 5 0 4 5 2 3 5 4 5 0 3 2 1 5 4 1 5 2 3 4 1 5 | 18 27  0 6 1 0 10 1 0 11 1 1 7 1 1 11 1 1 16 1 2 8 1 2 13 1 2 14 1 3 9 1 3 15 1 3 17 1 4 10 1 4 12 1 4 15 1 5 12 1 5 13 1 5 16 1 6 11 1 6 12 1 7 14 1 7 15 1 8 14 1 8 17 1 9 16 1 9 17 1 10 13 1
R 21326 54 81 6 83 3 1 2 1 0 2 1 3 5 5 0 4 2 4 3 1 0 3 3 0 2 0 4 1 0 2 1 2 4 5 4 0 3 3 0 2 1 2 5 4 3 0 2 0 1 3 4 5 5 1 4 1 3 2 4 5 0 3 5 4 0 2 4 1 2 3 1 5 0 4 5 2 4 5 1 3 2 5 3 1 0 | 18 24  0 8 2 0 15 1 1 9 1 1 10 1 1 17 1 2 9 1 2 13 1 2 14 1 3 10 2 3 14 1 4 11 1 4 13 1 4 17 1 5 11 2 5 16 1 6 12 1 6 14 1 6 15 1 7 12 1 7 15 1 7 17 1 8 16 1 9 13 1 12 16 1
R 79587 54 81 6 964 3 4 5 0 2 5 3 0 4 0 2 3 0 1 2 1 3 0 1 4 5 1 2 3 3 5 2 1 4 3 2 0 3 0 4 5 5 4 2 3 1 2 1 0 2 1 0 4 3 4 1 1 0 2 0 1 2 1 4 3 2 1 5 5 1 4 4 3 5 2 4 5 0 3 2 4 5 0 0 5 3 | 18 25  0 7 1 0 11 1 0 15 1 1 8 2 1 14 1 2 9 1 2 10 1 2 13 1 3 9 1 3 12 1 3 17 1 4 10 1 4 15 1 4 16 1 5 11 1 5 13 1 5 14 1 6 12 2 6 16 1 7 14 1 7 15 1 8 16 1 9 13 1 10 17 1 11 17 1
R 33720 54 81 6 53678 3 4 5 0 1 2 0 4 1 1 0 5 2 4 5 0 3 1 0 2 3 2 5 3 1 2 3 5 4 1 5 4 3 1 3 2 0 2 3 0 1 3 5 3 4 2 1 0 0 2 5 2 1 0 0 1 2 3 5 4 2 5 3 2 4 3 0 1 3 4 2 5 5 1 4 0 1 4 4 5 0 | 18 26  0 8 1 0 12 1 0 13 1 1 9 1 1 11 1 1 12 1 2 9 1 2 12 1 2 16 1 3 10 1 3 13 1 3 17 1 4 10 2 4 15 1 5 11 1 5 14 1 5 15 1 6 13 1 6 14 1 6 15 1 7 14 1 7 16 1 7 17 1 8 16 1 8 17 1 9 11 1
R 22865 54 81 6 15484 3 4 5 1 3 5 0 1 2 0 4 3 5 1 4 0 4 2 1 2 3 0 1 2 1 2 3 2 5 3 0 3 1 2 4 3 0 2 3 1 0 4 0 3 1 1 4 5 0 2 5 0 2 4 0 1 2 0 2 4 4 3 5 5 2 1 0 2 3 1 5 3 4 5 0 5 4 3 4 5 1 | 18 25  0 8 1 0 12 1 0 13 1 1 9 1 1 10 2 2 9 1 2 13 1 2 14 1 3 10 1 3 15 1 3 16 1 4 11 1 4 14 1 4 17 1 5 11 2 5 16 1 6 12 1 6 13 1 6 15 1 7 12 1 7 14 1 7 15 1 8 16 1 8 17 1 9 17 1
R 6774 54 81 6 134 3 1 2 0 2 3 4 2 5 0 3 4 0 1 2 1 0 2 3 4 0 1 5 3 0 2 1 3 4 5 5 2 3 2 4 3 5 2 0 4 0 1 3 1 2 1 0 4 1 4 5 3 0 1 4 5 0 1 4 5 0 1 3 1 5 2 5 3 4 3 4 5 1 2 5 4 0 2 3 2 0 | 18 24  0 8 2 0 9 1 1 9 1 1 10 1 1 13 1 2 10 2 2 13 1 3 11 1 3 14 1 3 15 1 4 11 1 4 16 1 4 17 1 5 12 2 5 15 1 6 12 1 6 16 1 6 17 1 7 14 1 7 16 1 7 17 1 8 15 1 9 13 1 11 14 1
R 6008 54 81 6 10474 3 4 5 4 0 3 1 3 4 2 4 5 1 2 0 0 1 2 2 3 4 5 0 1 1 2 3 2 3 0 5 4 3 0 2 3 0 1 4 3 2 0 3 1 0 4 1 5 0 2 1 1 2 5 0 1 2 1 5 2 2 5 0 0 1 3 4 5 3 5 4 3 5 1 0 3 2 4 4 5 4 | 18 25  0 8 1 0 11 1 0 12 1 1 9 2 1 15 1 2 10 1 2 16 1 2 17 1 3 10 2 3 16 1 4 11 1 4 13 1 4 17 1 5 11 1 5 14 1 5 15 1 6 12 1 6 13 1 6 15 1 7 12 1 7 14 1 7 17 1 8 13 1 8 14 1 9 16 1
R 50088 54 81 6 310 1 2 3 2 0 4 5 0 1 0 4 1 2 1 3 4 0 3 1 2 0 3 4 5 4 5 2 1 3 4 0 2 1 0 3 1 3 0 4 2 0 3 2 1 4 0 3 2 4 5 2 1 4 3 0 4 5 3 1 5 2 4 3 3 2 5 4 5 0 2 1 5 5 4 3 1 2 1 0 5 0 | 18 25  0 7 1 0 10 2 1 8 1 1 12 1 1 14 1 2 9 1 2 15 1 2 16 1 3 10 1 3 12 1 3 13 1 4 11 2 4 14 1 5 11 1 5 15 1 5 17 1 6 12 1 6 13 1 6 14 1 7 16 1 7 17 1 8 13 1 8 17 1 9 15 1 9 16 1
R 87248 54 81 6 1815 3 4 5 3 4 5 2 1 3 0 2 1 1 0 3 2 4 3 0 2 4 1 2 3 0 2 5 0 2 5 1 4 3 1 5 4 3 4 0 1 0 4 2 0 1 2 3 5 3 0 1 2 0 1 0 1 2 1 0 2 5 0 4 3 4 5 2 4 5 1 5 0 3 5 1 4 5 4 3 3 2 | 18 25  0 7 1 0 9 1 0 13 1 1 8 1 1 10 2 2 10 1 2 11 1 2 17 1 3 11 1 3 15 1 3 16 1 4 12 1 4 14 1 4 17 1 5 12 2 5 15 1 6 13 1 6 14 1 6 15 1 7 9 1 7 13 1 8 16 1 8 17 1 9 14 1 11 16 1
R 86011 54 81 6 169 3 4 5 1 0 2 1 3 2 0 4 2 1 0 3 2 0 4 0 1 5 1 2 3 4 2 5 2 4 1 3 2 1 0 2 3 0 1 3 3 4 0 3 5 4 1 0 2 4 2 0 2 1 3 0 1 2 3 4 5 0 4 5 3 5 1 4 2 5 5 1 3 2 3 4 4 5 1 0 5 0 | 18 27  0 7 1 0 11 1 0 12 1 1 8 1 1 12 1 1 13 1 2 9 1 2 11 1 2 15 1 3 9 1 3 12 1 3 13 1 4 10 1 4 13 1 4 17 1 5 10 1 5 14 1 5 15 1 6 14 1 6 16 1 6 17 1 7 15 1 7 16 1 8 16 1 8 17 1 9 11 1 10 14 1
R 48326 54 81 6 92 3 1 2 5 0 4 0 5 2 0 4 3 1 2 0 3 4 2 1 3 0 0 2 1 2 3 5 4 3 0 3 4 1 0 2 3 2 4 0 1 0 3 1 2 5 1 0 4 1 3 2 4 0 1 4 5 0 1 2 3 1 4 3 2 5 1 4 3 5 1 0 5 5 4 2 3 4 0 5 2 5 | 18 25  0 7 2 0 10 1 1 8 1 1 13 1 1 14 1 2 9 1 2 16 1 2 17 1 3 10 2 3 11 1 4 11 1 4 12 1 4 13 1 5 12 1 5 14 1 5 15 1 6 12 1 6 14 1 6 15 1 7 15 1 8 13 1 8 16 1 9 16 1 9 17 1 11 17 1
R 7371 54 81 6 209 3 4 5 1 2 0 3 4 1 5 0 4 1 2 3 0 3 2 1 5 0 0 3 2 1 2 3 0 2 3 1 4 0 3 2 0 2 3 1 0 3 4 1 2 0 2 0 1 4 5 3 3 0 1 0 1 2 4 5 3 2 5 0 1 2 3 4 5 0 4 1 5 3 2 4 4 1 5 4 5 5 | 18 25  0 8 1 0 9 1 0 17 1 1 9 2 1 10 1 2 10 2 2 12 1 3 11 1 3 13 1 3 14 1 4 11 1 4 13 1 4 16 1 5 12 1 5 13 1 5 14 1 6 15 1 6 16 1 6 17 1 7 15 1 7 16 1 7 17 1 8 14 1 8 15 1 11 12 1
R 7780 54 81 6 144 1 2 3 0 4 2 3 5 4 2 1 0 2 0 1 3 4 1 0 2 1 4 3 5 3 4 5 0 2 1 0 2 3 1 4 0 5 3 1 1 0 3 1 4 2 2 5 0 3 2 4 5 0 3 0 4 5 3 5 1 1 2 0 5 4 3 3 5 4 2 5 0 4 3 5 0 2 1 1 2 4 | 18 24  0 8 1 0 9 2 1 9 1 1 14 1 1 17 1 2 10 1 2 13 1 2 14 1 3 10 1 3 13 1 3 14 1 4 11 1 4 13 1 4 17 1 5 11 2 5 16 1 6 12 1 6 15 1 6 16 1 7 12 2 7 16 1 8 15 1 8 17 1 10 15 1
R 45991 54 81 6 593 3 1 2 2 0 5 3 4 5 0 2 3 1 3 4 1 2 0 2 0 4 0 2 1 3 5 0 0 1 3 3 4 5 2 1 5 0 2 5 2 3 4 1 2 0 0 1 3 0 1 4 1 3 0 4 5 0 1 4 3 2 1 0 1 4 5 0 2 5 3 5 4 1 3 5 3 2 4 5 2 4 | 18 25  0 7 2 0 10 1 1 8 2 1 11 1 2 9 1 2 12 1 2 13 1 3 10 1 3 14 1 3 15 1 4 11 1 4 15 1 4 16 1 5 12 1 5 13 1 5 15 1 6 13 1 6 14 1 6 17 1 7 16 1 8 16 1 9 12 1 9 14 1 10 17 1 11 17 1
R 48160 54 81 6 178 3 1 2 2 3 0 0 2 1 0 2 3 4 2 1 0 3 4 1 5 3 0 2 1 1 0 2 5 4 0 3 4 5 1 2 0 4 3 2 4 1 3 2 3 0 0 3 4 0 1 5 4 0 1 4 5 0 4 1 5 3 4 5 1 4 5 3 5 0 5 2 1 0 2 4 3 5 3 1 2 2 | 18 25  0 7 2 0 10 1 1 8 1 1 12 1 1 13 1 2 9 1 2 14 1 2 15 1 3 10 1 3 11 1 3 17 1 4 11 2 4 13 1 5 12 1 5 13 1 5 14 1 6 12 1 6 15 1 6 16 1 7 16 1 8 14 1 8 17 1 9 15 1 9 16 1 10 17 1
R 32386 54 81 6 1708 3 4 5 3 4 0 2 4 1 1 2 5 0 3 4 1 2 0 0 2 5 4 1 2 1 2 3 0 1 3 4 5 2 0 2 5 1 0 4 4 2 0 2 1 3 1 2 0 2 5 3 1 0 3 0 1 2 2 1 5 5 3 0 0 3 4 1 5 2 3 4 5 3 1 4 5 3 0 4 5 4 | 18 26  0 8 1 0 11 1 0 12 1 1 9 1 1 13 1 1 14 1 2 9 1 2 13 1 2 14 1 3 10 2 3 14 1 4 10 1 4 15 1 4 17 1 5 11 1 5 16 1 5 17 1 6 12 1 6 16 1 6 17 1 7 13 1 7 15 1 7 16 1 8 11 1 8 12 1 9 15 1
R 85131 54 81 6 174 3 4 5 0 1 2 1 4 2 0 3 2 0 5 1 1 2 0 3 5 4 1 2 3 2 5 4 2 0 1 4 0 1 0 2 3 1 3 5 3 0 4 4 0 2 3 2 1 2 0 5 1 4 2 0 1 2 3 4 5 3 5 0 4 1 5 2 4 3 4 3 5 2 1 0 4 5 1 0 5 3 | 18 27  0 7 1 0 11 1 0 12 1 1 8 1 1 12 1 1 13 1 2 9 1 2 10 1 2 12 1 3 9 1 3 13 1 3 14 1 4 10 1 4 15 1 4 16 1 5 11 1 5 14 1 5 15 1 6 13 1 6 14 1 6 15 1 7 16 1 7 17 1 8 16 1 8 17 1 9 11 1 10 17 1
R 35622 54 81 6 207 3 4 5 3 4 5 0 1 2 2 4 0 0 1 5 1 2 3 0 1 2 5 3 4 1 2 3 2 0 4 1 2 3 1 0 3 0 2 3 3 0 4 1 2 5 4 1 2 1 4 0 3 0 5 0 1 2 1 0 2 3 5 4 5 1 3 4 3 2 4 5 0 5 3 4 0 2 1 4 5 5 | 18 27  0 8 1 0 12 1 0 13 1 1 9 1 1 10 1 1 11 1 2 9 1 2 11 1 2 12 1 3 10 1 3 13 1 3 14 1 4 10 1 4 16 1 4 17 1 5 11 1 5 13 1 5 14 1 6 12 1 6 15 1 6 17 1 7 15 1 7 16 1 7 17 1 8 14 1 8 16 1 9 15 1
R 70698 54 81 6 3532 3 4 5 1 5 4 1 2 5 0 3 1 0 5 2 2 0 4 3 1 5 1 2 3 2 0 5 0 2 3 3 5 1 2 0 1 5 1 4 1 0 4 0 3 2 3 1 4 2 3 0 0 2 3 0 1 2 3 0 2 4 3 0 4 2 5 4 3 1 3 1 5 0 2 4 4 5 1 4 5 5 | 18 25  0 7 1 0 9 1 0 13 1 1 8 1 1 10 2 2 9 1 2 11 1 2 15 1 3 10 1 3 15 1 3 17 1 4 11 1 4 13 1 4 17 1 5 12 1 5 14 1 5 16 1 6 12 2 6 16 1 7 14 1 7 15 1 8 16 1 8 17 1 9 13 1 11 14 1
R 17447 54 81 6 3983 3 4 5 5 2 4 1 0 3 1 0 2 1 2 0 0 1 2 4 3 5 3 4 0 1 2 3 3 1 2 2 0 3 0 2 3 5 3 0 1 4 0 1 0 2 4 0 1 4 3 2 1 0 4 0 1 2 0 1 3 4 2 5 4 5 3 4 5 3 4 5 3 1 2 0 2 5 1 4 5 5 | 18 24  0 8 1 0 11 1 0 17 1 1 9 1 1 10 1 1 14 1 2 9 1 2 15 1 2 17 1 3 10 2 3 15 1 4 11 2 4 13 1 5 12 1 5 16 1 5 17 1 6 12 2 6 16 1 7 13 1 7 14 1 7 16 1 8 14 1 8 15 1 9 13 1
R 27926 54 81 6 249 3 1 2 2 4 5 3 0 2 0 5 4 3 1 5 0 4 1 3 0 1 0 4 2 0 2 1 1 0 2 2 4 5 1 3 5 1 4 3 0 2 4 2 4 1 3 4 5 1 0 4 2 0 3 4 5 0 3 0 1 4 5 1 1 3 2 0 2 4 2 3 5 4 5 2 3 5 1 3 5 0 | 18 25  0 8 2 0 15 1 1 9 1 1 12 1 1 13 1 2 9 1 2 13 1 2 15 1 3 10 2 3 12 1 4 10 1 4 16 1 4 17 1 5 11 1 5 13 1 5 17 1 6 11 1 6 14 1 6 15 1 7 14 1 7 16 1 7 17 1 8 16 1 9 12 1 11 14 1
R 43906 54 81 6 1976 1 2 3 0 1 4 5 0 4 0 4 2 0 3 1 4 0 2 1 4 3 3 4 5 3 4 1 3 4 0 0 2 1 2 0 1 3 1 2 1 4 0 4 3 5 2 1 0 2 0 3 0 5 3 0 4 5 2 5 3 1 2 3 3 5 1 5 2 4 5 3 1 0 2 5 1 2 0 5 4 4 | 18 24  0 7 1 0 10 2 1 8 2 1 11 1 2 9 2 2 15 1 3 10 1 3 13 1 3 17 1 4 11 1 4 14 1 4 15 1 5 12 1 5 13 1 5 14 1 6 12 1 6 13 1 6 15 1 7 16 1 7 17 1 8 14 1 9 16 1 11 17 1 12 16 1
R 60902 54 81 6 142 3 4 5 1 0 2 1 0 2 1 3 2 0 5 4 0 1 5 4 3 5 1 2 3 2 4 1 4 2 0 2 0 1 5 3 2 0 2 3 1 0 3 1 5 2 1 3 4 0 4 3 3 4 0 0 1 2 3 4 5 3 5 4 4 5 0 3 2 1 4 3 2 0 1 2 4 5 0 5 1 5 | 18 25  0 7 1 0 12 1 0 13 1 1 8 1 1 12 1 1 17 1 2 9 2 2 13 1 3 10 1 3 13 1 3 14 1 4 10 1 4 15 1 4 17 1 5 11 1 5 14 1 5 17 1 6 11 2 6 16 1 7 14 1 7 15 1 8 15 1 8 16 1 9 16 1 10 12 1
R 49941 54 81 6 1004 3 1 2 2 0 4 0 5 4 0 2 3 1 2 3 0 5 3 1 3 2 0 2 1 3 4 5 2 3 4 3 4 5 5 3 2 1 0 2 1 2 4 4 1 3 1 0 3 4 1 5 3 1 0 4 5 0 1 3 5 1 3 2 1 4 5 0 4 5 1 2 4 5 0 4 3 0 2 5 0 2 | 18 25  0 7 2 0 10 1 1 8 1 1 12 1 1 17 1 2 9 1 2 13 1 2 17 1 3 10 1 3 12 1 3 13 1 4 11 2 4 14 1 5 11 1 5 16 1 5 17 1 6 12 1 6 14 1 6 15 1 7 16 1 8 13 1 8 14 1 9 15 1 9 16 1 10 15 1
R 93089 54 81 6 96 3 4 5 5 0 4 0 1 4 0 2 1 1 2 3 0 2 3 1 2 3 1 4 5 3 4 5 1 4 0 0 2 3 3 2 4 2 1 5 1 2 0 1 4 2 2 4 0 0 3 4 0 1 5 0 1 2 2 1 3 2 3 5 5 3 4 4 0 5 5 4 1 4 5 0 3 0 1 2 3 5 | 18 27  0 6 1 0 10 1 0 17 1 1 7 1 1 11 1 1 12 1 2 8 1 2 13 1 2 16 1 3 9 1 3 15 1 3 17 1 4 10 1 4 12 1 4 13 1 5 11 1 5 12 1 5 16 1 6 13 1 6 14 1 7 11 1 7 14 1 8 14 1 8 15 1 9 16 1 9 17 1 10 15 1
R 58988 54 81 6 5136 3 4 5 0 1 2 0 1 4 0 2 5 3 1 2 3 1 4 1 0 4 1 2 3 2 3 5 2 4 0 3 5 2 4 1 2 0 2 4 1 0 4 3 4 1 0 3 4 3 0 1 0 2 3 0 1 2 4 3 5 3 2 5 1 4 3 0 5 4 0 5 2 3 2 5 5 4 0 1 5 1 | 18 25  0 7 1 0 12 1 0 13 1 1 8 1 1 13 1 1 14 1 2 9 1 2 14 1 2 17 1 3 10 2 3 11 1 4 10 1 4 12 1 4 17 1 5 11 2 5 16 1 6 12 1 6 15 1 6 16 1 7 13 1 7 16 1 8 14 1 8 15 1 9 15 1 9 17 1
R 64709 54 81 6 359 3 4 5 0 5 3 0 2 1 1 0 2 3 4 0 1 2 4 4 0 1 1 2 3 4 1 5 3 5 2 4 2 0 0 2 5 1 0 3 1 2 3 2 0 4 4 0 1 2 5 4 3 1 4 0 1 2 2 4 1 4 3 5 3 5 4 1 2 5 3 5 0 5 3 2 4 5 3 0 1 0 | 18 26  0 7 1 0 11 1 0 12 1 1 8 1 1 13 1 1 14 1 2 9 1 2 14 1 2 15 1 3 10 2 3 12 1 4 10 1 4 15 1 4 17 1 5 11 1 5 12 1 5 13 1 6 13 1 6 16 1 6 17 1 7 11 1 7 14 1 8 15 1 8 16 1 9 16 1 9 17 1
R 70630 54 81 6 147 3 4 5 4 5 2 1 2 0 1 0 5 0 4 2 1 4 3 5 0 2 1 2 3 3 2 0 0 2 3 1 5 4 2 4 1 2 0 3 1 0 4 3 4 0 1 2 5 0 2 1 1 2 3 0 1 2 1 0 3 4 3 5 2 3 4 5 3 1 5 2 0 1 4 3 4 5 4 5 5 0 | 18 25  0 7 1 0 9 1 0 13 1 1 8 1 1 10 2 2 9 1 2 11 1 2 14 1 3 10 1 3 16 1 3 17 1 4 11 1 4 13 1 4 14 1 5 12 1 5 14 1 5 15 1 6 12 2 6 15 1 7 15 1 7 16 1 8 16 1 8 17 1 9 13 1 11 17 1
R 3818 54 81 6 5311 3 4 5 5 1 0 0 4 3 1 2 3 5 4 2 1 2 0 5 2 1 4 0 2 1 2 3 2 0 1 3 2 5 2 4 1 0 2 3 0 1 2 0 1 4 3 4 5 0 3 2 1 0 4 0 1 2 3 4 2 1 5 2 0 4 5 0 3 1 4 5 3 3 4 0 5 1 3 4 5 5 | 18 22  0 8 1 0 12 1 0 17 1 1 9 2 1 15 1 2 10 1 2 11 1 2 14 1 3 10 2 3 14 1 4 11 2 4 15 1 5 12 2 5 14 1 6 13 2 6 15 1 7 13 1 7 16 1 7 17 1 8 16 1 8 17 1 9 16 1
R 42441 54 81 6 87 3 4 5 1 2 0 5 3 4 1 2 0 3 4 2 3 4 1 2 0 1 1 2 3 3 0 2 2 4 3 0 2 4 5 2 1 5 2 1 0 3 4 1 0 3 2 0 1 2 0 4 0 3 1 0 1 2 5 3 4 0 1 2 5 3 4 0 1 5 0 5 2 5 4 3 4 5 1 4 5 3 | 18 24  0 7 1 0 10 1 0 13 1 1 8 1 1 11 2 2 9 2 2 14 1 3 10 1 3 12 2 4 11 1 4 13 1 4 14 1 5 12 1 5 16 1 5 17 1 6 13 1 6 14 1 6 16 1 7 15 1 7 17 1 8 16 1 8 17 1 9 15 1 10 15 1
R 11791 54 81 6 108 3 1 2 0 2 3 1 3 5 1 0 2 2 4 1 1 3 0 0 4 1 2 3 4 0 2 1 3 4 5 2 4 5 1 2 0 4 1 3 3 4 0 3 0 2 2 1 5 1 4 0 3 1 0 4 5 0 1 4 5 0 2 4 3 5 4 3 0 5 5 4 2 2 3 5 1 0 5 3 2 1 | 18 26  0 8 2 0 9 1 1 9 1 1 11 1 1 12 1 2 10 1 2 13 1 2 15 1 3 10 1 3 14 1 3 17 1 4 11 1 4 12 1 4 13 1 5 11 1 5 14 1 5 16 1 6 12 1 6 15 1 6 17 1 7 13 1 7 15 1 7 16 1 8 16 1 9 17 1 10 14 1
R 44297 54 81 6 118 3 1 2 0 3 4 2 5 4 0 2 3 0 1 2 0 2 1 4 3 5 0 2 1 1 4 3 1 3 4 3 4 5 2 0 5 5 3 2 1 0 2 0 2 4 3 1 0 4 1 5 0 3 1 4 5 0 2 5 1 0 3 1 1 4 5 3 4 5 4 3 5 0 1 2 3 0 5 2 2 4 | 18 24  0 7 2 0 10 1 1 8 2 1 11 1 2 9 1 2 13 1 2 14 1 3 10 1 3 13 1 3 14 1 4 11 1 4 15 1 4 17 1 5 12 1 5 14 1 5 15 1 6 12 2 6 16 1 7 16 1 8 16 1 9 13 1 9 15 1 10 17 1 11 17 1
R 6528 54 81 6 102 1 2 3 0 4 1 0 2 3 1 4 2 1 0 3 5 2 0 3 4 1 2 5 0 3 4 5 0 2 1 3 4 5 1 2 0 4 3 0 2 3 1 0 3 1 2 4 5 2 0 4 5 1 3 0 4 5 3 2 5 1 4 5 3 5 0 2 5 4 1 3 4 2 0 5 4 1 3 1 2 0 | 18 24  0 8 1 0 9 2 1 9 1 1 10 1 1 13 1 2 10 1 2 11 2 3 11 1 3 14 1 3 17 1 4 12 2 4 13 1 5 12 1 5 15 1 5 17 1 6 14 1 6 15 1 6 16 1 7 14 1 7 15 1 7 16 1 8 16 1 8 17 1 10 13 1
R 86714 54 81 6 899 3 4 5 3 2 0 2 0 4 1 3 5 0 3 1 5 1 2 5 0 2 1 2 3 0 4 5 4 1 2 2 1 0 3 0 4 1 2 3 0 2 3 1 0 4 3 0 5 0 1 2 1 3 0 0 1 2 1 5 4 3 1 5 0 2 4 4 2 5 3 0 4 4 3 1 4 5 3 2 5 5 | 18 27  0 7 1 0 13 1 0 14 1 1 8 1 1 14 1 1 17 1 2 9 1 2 11 1 2 12 1 3 9 1 3 15 1 3 16 1 4 10 1 4 11 1 4 16 1 5 10 1 5 12 1 5 13 1 6 12 1 6 14 1 6 15 1 7 15 1 7 17 1 8 16 1 8 17 1 9 11 1 10 13 1
R 35702 54 81 6 87 3 4 5 3 1 4 2 4 0 0 1 2 3 5 1 3 0 4 0 1 2 2 5 4 1 2 3 0 4 1 2 1 4 3 2 4 0 2 3 1 0 4 3 2 5 0 2 3 0 4 1 3 1 0 0 1 2 2 5 0 3 5 1 3 5 4 0 4 2 1 5 2 5 3 4 3 0 1 4 5 5 | 18 27  0 8 1 0 12 1 0 13 1 1 9 1 1 10 1 1 11 1 2 9 1 2 13 1 2 14 1 3 10 1 3 11 1 3 12 1 4 10 1 4 15 1 4 16 1 5 11 1 5 16 1 5 17 1 6 12 1 6 16 1 6 17 1 7 13 1 7 14 1 7 15 1 8 14 1 8 17 1 9 15 1
R 71435 54 81 6 304 3 4 5 2 3 0 0 1 2 4 1 5 3 0 4 1 0 4 0 2 3 1 2 3 1 4 2 2 0 3 5 3 2 4 5 3 1 0 4 0 3 1 2 1 0 1 2 4 2 3 4 4 0 1 0 1 2 5 1 4 4 3 5 0 3 2 1 2 5 2 3 5 4 1 5 5 4 0 3 5 0 | 18 26  0 7 1 0 9 1 0 12 1 1 8 1 1 10 2 2 9 1 2 12 1 2 13 1 3 10 1 3 15 1 3 17 1 4 11 1 4 13 1 4 14 1 5 11 1 5 14 1 5 16 1 6 13 1 6 16 1 6 17 1 7 12 1 7 14 1 8 16 1 8 17 1 9 15 1 11 15 1
R 41946 54 81 6 118 3 1 2 1 4 3 1 0 2 0 2 3 2 1 4 4 2 5 0 1 3 0 2 1 3 0 1 3 2 0 3 4 5 0 2 4 5 2 3 3 1 2 4 1 0 1 2 4 0 4 5 2 0 3 4 5 0 2 5 0 4 5 3 1 4 5 3 0 5 0 1 3 4 5 2 3 5 4 1 2 1 | 18 23  0 7 2 0 10 1 1 8 1 1 11 1 1 15 1 2 9 2 2 14 1 3 10 1 3 12 1 3 14 1 4 11 1 4 13 1 4 17 1 5 12 2 5 15 1 6 13 2 6 16 1 7 16 1 8 15 1 8 17 1 9 16 1 10 14 1 11 17 1
R 49324 54 81 6 15245 3 4 5 0 4 1 2 4 5 1 2 0 1 0 2 3 4 5 0 3 4 1 2 3 1 5 2 0 1 2 0 2 3 5 4 1 3 2 4 2 0 3 3 5 1 1 4 0 3 0 2 3 0 1 0 1 2 3 5 2 3 0 1 4 5 3 3 5 4 0 2 1 1 5 2 4 5 4 0 4 5 | 18 25  0 7 1 0 10 1 0 17 1 1 8 1 1 12 1 1 14 1 2 9 1 2 12 1 2 13 1 3 10 2 3 15 1 4 11 1 4 16 1 4 17 1 5 11 2 5 16 1 6 12 1 6 13 1 6 15 1 7 16 1 7 17 1 8 13 1 8 14 1 9 14 1 9 15 1
R 11448 54 81 6 180 3 4 5 1 2 5 1 0 4 3 4 5 0 2 1 0 1 5 2 3 5 4 2 0 1 2 3 0 2 3 5 4 2 0 1 4 3 1 4 2 5 1 0 2 5 0 2 1 0 3 4 3 1 0 0 1 2 4 3 0 3 5 2 0 1 2 5 3 4 2 4 3 0 4 1 1 3 5 4 5 5 | 18 26  0 8 1 0 9 1 0 11 1 1 9 1 1 11 1 1 12 1 2 10 1 2 15 1 2 17 1 3 10 2 3 16 1 4 11 1 4 13 1 4 17 1 5 12 1 5 13 1 5 14 1 6 13 1 6 15 1 6 16 1 7 14 1 7 15 1 7 16 1 8 14 1 8 17 1 9 12 1
R 16132 54 81 6 715 3 1 2 1 4 2 0 1 2 0 3 1 0 2 3 4 2 5 3 5 4 1 0 2 0 2 1 2 0 4 5 4 1 3 4 5 5 2 3 2 0 5 4 0 1 1 0 4 3 1 2 0 3 2 4 5 0 5 0 3 3 4 5 2 5 4 1 4 5 0 1 3 1 2 0 3 4 5 3 1 2 | 18 23  0 8 2 0 11 1 1 9 1 1 10 2 2 9 1 2 16 1 2 17 1 3 10 1 3 16 1 3 17 1 4 11 1 4 12 1 4 14 1 5 12 2 5 14 1 6 13 1 6 15 1 6 16 1 7 13 2 7 15 1 8 15 1 9 17 1 11 14 1
R 19845 54 81 6 978 3 1 2 2 5 1 3 0 2 0 4 3 2 4 5 1 5 3 0 3 2 0 4 1 0 2 1 1 0 2 3 4 2 3 5 4 1 4 2 0 1 2 3 4 5 1 0 3 0 5 4 3 0 1 4 5 0 3 0 4 4 5 1 1 5 2 1 0 3 0 4 2 5 4 1 3 2 5 3 5 2 | 18 24  0 8 2 0 14 1 1 9 1 1 10 1 1 17 1 2 9 1 2 13 1 2 14 1 3 10 2 3 16 1 4 11 1 4 12 2 5 11 1 5 13 1 5 15 1 6 12 1 6 15 1 6 16 1 7 13 1 7 14 1 7 15 1 8 16 1 9 17 1 11 17 1
R 7684 54 81 6 14649 3 4 5 1 2 0 2 3 4 0 1 4 3 5 2 0 1 2 1 2 3 0 4 3 1 2 3 0 2 4 4 1 2 4 2 5 5 3 2 0 1 3 2 4 0 2 1 0 3 0 1 3 1 0 0 1 2 5 3 4 0 5 1 3 5 2 0 1 4 3 4 5 0 4 5 1 5 2 4 5 3 | 18 24  0 8 1 0 9 1 0 13 1 1 9 1 1 14 1 1 17 1 2 10 1 2 13 1 2 14 1 3 10 2 3 16 1 4 11 2 4 13 1 5 11 1 5 16 1 5 17 1 6 12 2 6 14 1 7 12 1 7 15 1 7 17 1 8 15 1 8 16 1 9 15 1
R 87430 54 81 6 186 3 4 5 4 5 0 2 3 4 2 0 4 1 5 3 1 0 3 0 2 1 1 2 3 2 0 5 0 2 5 1 3 0 3 1 4 3 0 5 1 0 4 2 0 1 3 0 5 0 1 3 1 2 5 0 1 2 1 3 2 5 1 0 5 1 3 0 4 2 2 4 5 3 4 5 4 5 4 3 4 2 | 18 25  0 7 1 0 9 1 0 13 1 1 8 2 1 10 1 2 10 1 2 15 1 2 17 1 3 11 1 3 12 1 3 17 1 4 11 1 4 14 1 4 16 1 5 12 2 5 14 1 6 13 1 6 15 1 6 16 1 7 9 1 7 13 1 8 16 1 9 14 1 10 17 1 11 15 1
R 25355 54 81 6 81 3 4 5 1 2 4 0 1 4 0 5 1 1 3 2 1 0 4 0 2 3 1 2 5 1 2 3 4 0 3 5 2 1 4 5 3 0 2 3 1 0 2 1 0 4 2 1 0 5 3 1 0 2 4 0 1 2 5 0 3 2 3 5 4 2 3 0 4 5 2 5 3 1 5 4 3 4 0 4 5 1 | 18 26  0 8 1 0 12 1 0 14 1 1 9 1 1 10 2 2 9 1 2 15 1 2 17 1 3 10 1 3 16 1 3 17 1 4 11 1 4 12 1 4 13 1 5 11 1 5 12 1 5 13 1 6 11 1 6 14 1 6 16 1 7 14 1 7 15 1 7 16 1 8 13 1 8 15 1 9 17 1
R 28104 54 81 6 1163 3 1 2 5 0 1 2 0 4 3 0 2 2 4 1 1 5 4 2 0 3 0 1 3 0 2 1 1 4 5 1 2 0 3 0 1 4 2 1 3 4 5 0 1 2 3 2 4 2 0 4 2 3 1 4 5 0 2 3 4 3 5 1 4 5 1 3 0 5 2 3 0 4 5 1 2 4 5 3 0 5 | 18 25  0 8 2 0 13 1 1 9 1 1 12 1 1 17 1 2 9 1 2 14 1 2 15 1 3 10 1 3 12 1 3 13 1 4 10 1 4 15 1 4 16 1 5 11 1 5 14 1 5 17 1 6 11 2 6 16 1 7 13 1 7 14 1 7 15 1 8 16 1 9 12 1 10 17 1
R 40569 54 81 6 85 3 4 5 2 0 1 0 1 4 1 0 3 1 0 4 0 1 2 3 0 2 1 2 3 4 1 0 3 4 1 5 3 0 4 0 3 2 1 0 2 4 5 3 2 1 2 0 1 3 4 5 0 1 3 0 1 2 3 5 4 2 5 3 2 4 5 2 5 3 3 5 4 1 4 5 4 5 2 0 1 0 | 18 22  0 7 1 0 11 1 0 17 1 1 8 2 1 14 1 2 9 2 2 15 1 3 10 2 3 15 1 4 11 2 4 12 1 5 13 1 5 14 1 5 17 1 6 13 1 6 15 1 6 17 1 7 12 2 8 16 1 9 16 1 10 16 1 13 14 1
R 66060 54 81 6 166 3 4 5 1 0 2 2 1 4 1 0 2 3 4 2 1 0 5 3 2 5 1 2 3 4 5 0 0 4 1 0 2 5 5 2 0 5 2 4 0 1 3 0 3 1 3 4 2 1 5 3 1 0 4 0 1 2 3 4 5 3 5 0 3 4 5 1 0 5 3 4 2 0 1 4 4 5 2 1 2 3 | 18 24  0 7 1 0 10 1 0 13 1 1 8 1 1 13 1 1 15 1 2 9 2 2 15 1 3 11 2 3 13 1 4 11 1 4 16 1 4 17 1 5 12 1 5 14 1 5 17 1 6 12 2 6 16 1 7 10 1 7 14 1 8 14 1 8 15 1 9 16 1 10 17 1
R 82335 54 81 6 103 3 4 5 1 0 3 5 1 2 0 3 1 0 3 2 2 4 5 5 0 1 1 2 3 3 2 4 2 0 1 1 4 2 4 3 0 0 2 3 0 1 5 3 5 2 2 0 5 1 5 3 1 4 0 0 1 2 5 4 2 3 0 4 4 2 5 5 1 4 1 0 3 4 3 2 4 5 0 1 5 3 | 18 26  0 7 1 0 12 1 0 13 1 1 8 1 1 13 1 1 17 1 2 9 1 2 10 1 2 12 1 3 9 1 3 11 2 4 10 1 4 14 1 4 16 1 5 11 1 5 16 1 5 17 1 6 14 1 6 15 1 6 16 1 7 15 1 7 17 1 8 14 1 8 15 1 9 12 1 10 13 1
R 600 54 81 6 318 3 4 5 0 2 1 1 3 2 0 4 5 2 3 5 1 0 4 1 2 3 0 1 3 0 2 1 1 2 3 5 4 1 1 5 3 0 2 3 0 1 3 0 4 2 4 5 1 2 3 0 1 0 2 0 1 2 4 5 3 0 4 5 2 3 1 0 4 1 2 5 3 4 5 0 5 2 4 5 3 4 | 18 24  0 9 1 0 12 1 0 13 1 1 9 2 1 15 1 2 10 1 2 13 1 2 17 1 3 10 2 3 16 1 4 11 2 4 14 1 5 11 1 5 16 1 5 17 1 6 12 1 6 14 1 6 15 1 7 12 1 7 15 1 7 17 1 8 13 1 8 14 1 8 16 1
R 17820 54 81 6 104 3 4 5 1 0 2 4 3 2 5 3 0 1 2 0 3 1 5 0 2 4 4 0 1 1 2 3 2 3 0 0 3 1 0 2 3 4 5 1 1 2 3 4 1 2 3 0 5 4 5 2 1 0 4 0 1 2 4 5 3 1 5 0 2 4 1 4 5 3 2 4 0 3 5 1 5 2 3 4 5 0 | 18 24  0 8 1 0 11 1 0 17 1 1 9 1 1 10 1 1 17 1 2 9 2 2 16 1 3 10 2 3 16 1 4 11 2 4 14 1 5 12 1 5 13 1 5 14 1 6 12 1 6 14 1 6 15 1 7 13 1 7 15 1 7 16 1 8 15 1 8 17 1 12 13 1
R 60503 54 81 6 88 3 4 5 1 0 2 0 1 2 1 0 4 1 3 2 3 0 1 4 1 2 1 2 3 2 3 0 4 2 1 2 3 0 2 1 3 0 2 5 0 1 3 0 2 4 1 3 4 0 2 4 1 3 4 0 1 2 4 3 5 3 5 4 5 3 2 4 5 0 4 5 2 0 5 3 4 5 5 1 0 1 | 18 25  0 7 1 0 12 1 0 13 1 1 8 1 1 12 1 1 17 1 2 9 2 2 13 1 3 10 1 3 14 1 3 15 1 4 10 1 4 14 1 4 17 1 5 11 1 5 16 1 5 17 1 6 11 2 6 16 1 7 12 1 7 15 1 8 13 1 8 14 1 9 15 1 10 16 1
R 70150 54 81 6 167 1 2 3 0 2 5 0 4 1 0 3 4 0 2 3 0 1 3 1 5 0 3 4 5 4 5 2 0 2 1 1 0 2 3 4 5 5 1 3 2 3 1 3 5 2 5 0 4 1 4 3 0 4 1 0 4 5 1 3 4 3 2 5 5 1 2 1 4 5 2 4 5 4 3 2 1 2 0 3 0 0 | 18 25  0 7 1 0 9 2 1 8 2 1 10 1 2 9 1 2 11 1 2 13 1 3 10 1 3 14 1 3 15 1 4 11 1 4 12 1 4 16 1 5 12 1 5 13 1 5 17 1 6 14 1 6 15 1 6 16 1 7 15 1 7 17 1 8 16 1 10 17 1 11 13 1 12 14 1
R 58546 54 81 6 105 3 4 5 1 0 4 4 1 3 0 1 4 5 3 2 1 3 2 0 4 2 1 2 3 3 4 0 5 3 1 2 3 0 2 1 4 1 5 2 0 2 3 1 2 0 0 3 4 3 0 2 0 3 1 0 1 2 2 5 3 0 2 5 5 3 2 1 4 0 0 4 5 3 1 5 4 5 1 4 5 4 | 18 24  0 7 1 0 13 1 0 15 1 1 8 2 1 14 1 2 9 2 2 15 1 3 10 1 3 11 1 3 17 1 4 10 2 4 12 1 5 11 1 5 13 1 5 14 1 6 12 1 6 15 1 6 16 1 7 14 1 7 17 1 8 16 1 9 16 1 11 13 1 12 17 1
R 83987 54 81 6 765 3 4 5 0 1 2 2 0 1 0 1 2 3 4 0 5 1 3 0 4 2 1 2 3 2 3 5 3 1 2 0 4 1 3 0 5 1 4 5 3 4 2 0 2 5 1 0 4 1 3 4 3 0 2 0 1 2 4 3 5 5 3 4 4 5 3 2 5 1 4 2 0 1 3 5 4 5 0 1 0 2 | 18 26  0 7 1 0 14 1 0 15 1 1 8 1 1 15 1 1 17 1 2 9 1 2 10 1 2 17 1 3 9 1 3 13 1 3 14 1 4 10 2 4 13 1 5 11 1 5 12 1 5 13 1 6 11 1 6 12 1 6 16 1 7 14 1 7 15 1 8 16 1 8 17 1 9 12 1 11 16 1
R 19221 54 81 6 119 3 4 5 1 2 3 0 3 4 1 2 4 1 0 2 3 0 5 0 1 2 5 1 4 1 2 3 4 3 1 0 2 5 2 0 3 2 3 5 1 0 2 4 3 1 0 2 5 1 0 4 0 4 3 0 1 2 0 4 5 2 5 1 3 0 5 4 5 3 1 4 2 4 5 3 3 0 2 4 5 1 | 18 25  0 8 1 0 15 1 0 16 1 1 9 1 1 10 1 1 17 1 2 9 2 2 11 1 3 10 1 3 12 1 3 13 1 4 11 2 4 16 1 5 12 1 5 13 1 5 14 1 6 12 1 6 14 1 6 15 1 7 13 1 7 14 1 7 17 1 8 15 1 8 16 1 10 17 1
R 75696 54 81 6 640 3 4 5 0 4 2 1 2 0 0 4 2 0 5 1 4 1 3 5 0 3 1 2 3 1 2 4 0 2 3 1 3 4 3 0 1 1 0 4 4 1 2 0 3 2 2 4 1 2 3 5 3 4 0 0 1 2 3 5 1 4 3 5 5 3 1 2 3 4 5 0 2 2 4 1 4 5 5 0 5 0 | 18 26  0 7 1 0 9 1 0 12 1 1 8 1 1 13 1 1 14 1 2 9 1 2 13 1 2 17 1 3 10 1 3 12 1 3 17 1 4 10 1 4 15 1 4 16 1 5 11 1 5 15 1 5 17 1 6 11 2 6 16 1 7 14 1 7 15 1 8 14 1 8 16 1 9 12 1 10 13 1
R 42010 54 81 6 105 3 4 5 0 3 5 1 0 4 1 2 0 1 0 2 2 3 0 1 4 2 1 2 3 1 5 3 3 4 0 0 2 4 2 0 5 5 3 0 1 3 2 1 0 4 1 2 0 4 5 2 0 4 1 0 1 2 2 4 1 2 5 3 5 4 3 3 4 5 1 4 5 0 3 5 4 5 0 1 3 2 | 18 23  0 7 1 0 10 1 0 14 1 1 8 2 1 11 1 2 9 2 2 15 1 3 10 1 3 12 1 3 16 1 4 11 2 4 14 1 5 12 1 5 13 2 6 13 1 6 14 1 6 15 1 7 15 1 7 17 1 8 16 1 9 16 1 10 17 1 12 17 1
R 45809 54 81 6 92 3 4 5 2 4 1 2 1 4 0 1 2 3 0 4 0 2 5 0 3 2 1 2 3 3 1 4 0 4 1 2 0 3 0 4 2 1 0 4 0 3 1 3 2 4 4 0 2 1 3 0 1 3 0 0 1 2 0 3 5 3 5 0 4 3 5 1 2 5 4 1 3 1 5 4 5 4 5 2 2 5 | 18 25  0 7 1 0 10 1 0 12 1 1 8 1 1 11 2 2 9 2 2 14 1 3 10 1 3 12 1 3 13 1 4 11 1 4 13 1 4 17 1 5 13 1 5 14 1 5 15 1 6 15 1 6 16 1 6 17 1 7 12 1 7 16 1 8 15 1 8 17 1 9 16 1 10 14 1
R 52988 54 81 6 1888 1 2 3 1 4 5 0 1 2 0 4 2 5 2 3 5 0 4 3 0 1 3 4 5 2 0 1 4 2 1 0 2 1 3 4 1 4 3 2 0 5 1 2 3 0 0 1 3 2 3 4 0 5 3 0 4 5 3 0 2 3 5 4 3 5 1 0 1 4 2 3 1 2 4 5 1 2 5 4 0 5 | 18 25  0 7 1 0 10 2 1 8 1 1 12 1 1 15 1 2 9 2 2 15 1 3 10 1 3 15 1 3 17 1 4 11 1 4 12 1 4 13 1 5 11 1 5 13 1 5 14 1 6 13 1 6 14 1 6 16 1 7 16 1 7 17 1 8 14 1 8 17 1 9 16 1 11 12 1
R 13760 54 81 6 19654 3 1 2 3 4 5 2 4 0 2 4 5 0 1 4 3 0 1 0 3 2 1 2 4 0 2 1 1 0 3 4 2 5 3 5 4 1 0 5 4 1 0 3 4 5 1 2 0 2 0 4 3 2 1 4 5 0 2 0 1 5 1 3 0 1 3 2 3 5 2 4 5 5 1 4 3 5 0 3 4 2 | 18 23  0 8 2 0 14 1 1 9 1 1 10 1 1 16 1 2 9 1 2 10 2 3 11 2 3 12 1 4 11 1 4 15 1 4 17 1 5 12 2 5 16 1 6 13 1 6 14 1 6 15 1 7 13 1 7 15 1 7 17 1 8 16 1 9 17 1 13 14 1
R 3465 54 81 6 7062 3 1 2 5 0 3 2 4 1 3 4 0 3 0 2 4 2 5 0 4 1 1 3 5 0 2 1 1 3 0 1 0 2 4 3 5 5 2 1 1 0 2 3 4 5 2 4 0 3 4 2 0 3 1 4 5 0 2 4 1 3 0 5 5 1 2 4 5 1 0 3 1 3 2 5 4 0 2 3 5 4 | 18 23  0 8 2 0 14 1 1 9 2 1 15 1 2 10 1 2 11 1 2 15 1 3 10 1 3 11 2 4 12 1 4 13 1 4 14 1 5 12 2 5 16 1 6 13 1 6 14 1 6 17 1 7 13 1 7 16 1 7 17 1 8 15 1 9 16 1 10 17 1
R 9461 54 81 6 237 1 2 3 0 4 2 3 5 4 0 3 1 2 0 4 3 1 5 2 0 1 1 2 3 3 4 5 0 2 1 2 0 4 5 1 2 1 0 4 1 3 2 0 4 3 0 5 2 3 1 4 5 0 3 0 4 5 3 5 1 1 2 0 5 4 2 3 1 5 0 4 2 3 5 4 5 4 0 1 2 3 | 18 25  0 8 1 0 9 2 1 9 1 1 13 1 1 17 1 2 10 1 2 12 1 2 13 1 3 10 1 3 13 1 3 14 1 4 11 1 4 14 1 4 16 1 5 11 2 5 16 1 6 12 1 6 14 1 6 17 1 7 12 1 7 15 1 7 16 1 8 15 1 8 17 1 10 15 1
R 29809 54 81 6 1036 3 4 5 0 1 2 3 4 2 1 2 5 0 4 5 5 1 3 0 1 2 4 0 1 1 2 3 2 4 0 4 5 2 1 3 4 0 2 3 1 0 2 1 0 3 1 4 5 2 1 0 0 1 3 0 1 2 3 5 4 1 0 5 0 3 4 1 3 2 2 0 4 5 3 4 3 5 2 4 5 5 | 18 26  0 8 1 0 12 1 0 14 1 1 9 1 1 11 1 1 12 1 2 9 1 2 11 1 2 13 1 3 10 2 3 14 1 4 10 1 4 16 1 4 17 1 5 11 1 5 15 1 5 16 1 6 12 1 6 15 1 6 17 1 7 13 1 7 14 1 7 15 1 8 13 1 8 16 1 9 17 1
R 94049 54 81 6 345 3 4 5 1 3 2 0 1 3 3 2 1 0 5 4 1 2 5 1 2 3 4 2 3 5 4 0 1 4 5 3 1 0 0 2 3 1 0 2 2 1 0 1 4 2 0 3 5 0 4 2 4 3 0 0 1 2 0 4 5 2 4 5 0 4 5 2 3 1 4 3 0 4 5 5 1 3 1 3 2 5 | 18 27  0 6 1 0 11 1 0 15 1 1 7 1 1 11 1 1 12 1 2 8 1 2 13 1 2 16 1 3 9 1 3 15 1 3 17 1 4 10 1 4 12 1 4 16 1 5 10 1 5 13 1 5 14 1 6 12 1 6 13 1 7 14 1 7 17 1 8 14 1 8 15 1 9 16 1 9 17 1 10 11 1
R 58503 54 81 6 1369 3 4 5 0 2 5 2 0 4 5 1 2 0 3 5 0 1 3 1 4 2 1 2 3 3 5 2 5 4 0 2 0 5 3 1 4 4 3 0 0 2 3 1 0 4 1 0 2 4 1 3 5 2 3 0 1 2 1 4 3 1 3 5 3 0 4 4 1 2 2 5 4 5 3 0 4 5 0 2 1 5 | 18 24  0 7 1 0 13 1 0 14 1 1 8 2 1 15 1 2 9 2 2 15 1 3 10 1 3 11 1 3 13 1 4 10 1 4 12 2 5 11 1 5 14 1 5 17 1 6 12 1 6 14 1 6 17 1 7 15 1 7 16 1 8 16 1 9 16 1 10 17 1 11 13 1
R 69290 54 81 6 75 3 4 5 0 3 1 4 1 3 1 2 4 0 2 3 1 2 0 0 3 5 1 2 3 1 2 5 0 2 1 0 2 5 0 1 3 3 4 1 2 0 4 1 0 2 1 5 4 5 2 3 1 3 0 0 1 2 4 2 5 5 2 0 3 5 0 4 1 5 3 4 5 4 1 2 4 5 3 0 3 4 | 18 27  0 7 1 0 10 1 0 11 1 1 8 1 1 12 1 1 13 1 2 9 1 2 15 1 2 16 1 3 10 1 3 11 1 3 12 1 4 11 1 4 13 1 4 14 1 5 13 1 5 16 1 5 17 1 6 14 1 6 16 1 6 17 1 7 10 1 7 12 1 8 14 1 8 15 1 9 15 1 9 17 1
R 41230 54 81 6 303 1 2 3 2 3 0 5 3 4 0 4 1 1 4 2 1 0 2 2 3 0 3 4 5 1 0 2 4 1 3 0 2 1 4 3 2 2 0 4 3 4 0 0 1 3 2 4 0 3 1 0 1 0 4 0 4 5 4 1 5 0 1 2 3 2 5 0 5 3 3 5 4 1 4 5 1 2 3 5 5 2 | 18 23  0 7 1 0 10 2 1 8 1 1 11 2 2 9 1 2 12 1 2 14 1 3 10 1 3 13 2 4 11 1 4 14 1 4 17 1 5 12 2 5 16 1 6 13 1 6 14 1 6 15 1 7 15 1 7 16 1 8 15 1 8 17 1 9 16 1 9 17 1
R 79420 54 81 6 995 3 1 2 4 1 5 3 4 5 1 5 3 0 2 4 0 2 3 2 0 5 0 2 1 5 2 3 0 1 3 4 2 3 3 4 5 4 5 1 2 0 3 1 0 2 0 2 1 0 4 5 4 3 0 4 5 0 0 3 2 2 0 1 4 0 2 1 5 3 1 4 5 3 4 1 3 4 1 5 5 2 | 18 25  0 7 2 0 11 1 1 8 1 1 15 1 1 16 1 2 9 1 2 10 1 2 13 1 3 9 1 3 12 2 4 10 1 4 13 1 4 14 1 5 11 1 5 14 1 5 15 1 6 12 1 6 13 1 6 17 1 7 16 1 8 15 1 8 16 1 9 14 1 10 17 1 11 17 1
R 83203 54 81 6 259 3 4 5 3 5 4 3 4 2 0 1 2 0 3 1 1 0 2 4 2 3 1 2 3 2 0 5 2 0 3 1 0 4 3 2 0 0 2 5 1 0 4 3 1 2 4 2 1 0 1 3 1 2 4 0 1 2 1 2 0 1 5 0 4 3 5 2 4 5 4 3 5 1 5 0 4 5 4 3 5 3 | 18 26  0 7 1 0 12 1 0 13 1 1 8 1 1 16 1 1 17 1 2 9 1 2 10 1 2 14 1 3 9 1 3 13 1 3 16 1 4 10 1 4 14 1 4 15 1 5 11 1 5 12 1 5 17 1 6 11 2 6 15 1 7 12 1 7 13 1 8 16 1 8 17 1 9 14 1 10 15 1
R 50458 54 81 6 334 1 2 3 3 2 4 4 1 0 0 4 1 4 5 1 0 2 3 2 0 5 3 4 5 1 4 2 2 0 1 0 2 1 1 2 3 0 1 3 3 0 4 2 0 4 4 5 0 0 3 2 1 4 0 0 4 5 0 5 1 3 5 2 3 2 5 0 2 3 4 5 1 4 1 3 1 2 5 3 4 5 | 18 25  0 7 1 0 10 2 1 8 1 1 12 1 1 13 1 2 9 2 2 15 1 3 10 1 3 13 1 3 16 1 4 11 1 4 12 1 4 14 1 5 11 1 5 14 1 5 15 1 6 12 1 6 14 1 6 17 1 7 16 1 7 17 1 8 13 1 8 15 1 9 16 1 11 17 1
R 4902 54 81 6 746 3 4 5 0 1 2 1 0 2 3 2 4 0 3 4 1 2 5 0 1 2 3 5 4 1 2 3 3 2 1 4 2 5 2 4 3 4 2 1 0 2 5 0 1 3 1 3 0 2 3 5 0 4 1 0 1 2 4 5 3 3 4 5 0 1 5 1 5 2 0 4 3 3 5 4 0 1 2 4 5 0 | 18 23  0 8 1 0 13 1 0 14 1 1 9 2 1 13 1 2 10 1 2 14 1 2 15 1 3 10 2 3 14 1 4 11 2 4 15 1 5 11 1 5 16 1 5 17 1 6 12 2 6 15 1 7 12 1 7 16 1 7 17 1 8 13 1 8 17 1 9 16 1
R 51967 54 81 6 75 1 2 3 4 2 5 3 0 1 0 4 2 1 4 5 0 3 1 3 0 2 3 4 5 0 1 2 2 1 0 0 2 1 2 0 1 2 3 1 3 0 4 2 3 5 1 3 0 0 5 4 0 5 3 0 4 5 3 0 1 4 5 2 3 5 1 3 0 2 5 4 2 4 5 1 1 2 5 4 3 4 | 18 25  0 7 1 0 10 2 1 8 1 1 12 1 1 13 1 2 9 2 2 13 1 3 10 1 3 15 1 3 17 1 4 11 1 4 14 1 4 15 1 5 11 1 5 14 1 5 16 1 6 12 1 6 13 1 6 14 1 7 16 1 7 17 1 8 12 1 8 15 1 9 16 1 11 17 1
R 29672 54 81 6 130 3 4 5 0 1 2 2 0 1 1 0 4 2 3 5 3 4 1 2 0 4 4 1 0 1 2 3 5 2 1 3 4 0 4 1 0 0 2 3 3 4 5 1 0 2 2 1 4 0 1 2 1 3 4 0 1 2 3 5 4 4 3 5 2 5 3 1 4 0 2 0 5 1 5 3 2 3 5 4 5 0 | 18 26  0 8 1 0 12 1 0 17 1 1 9 1 1 11 1 1 12 1 2 9 1 2 11 1 2 12 1 3 10 2 3 15 1 4 10 1 4 16 1 4 17 1 5 11 1 5 15 1 5 16 1 6 13 1 6 14 1 6 16 1 7 13 1 7 14 1 7 17 1 8 14 1 8 15 1 9 13 1
R 26805 54 81 6 1565 3 4 5 1 0 2 1 2 3 0 4 2 3 1 5 0 1 5 3 4 5 1 2 0 1 2 3 4 2 5 5 1 2 5 4 2 0 2 5 0 1 3 0 2 3 0 1 3 3 1 0 3 4 0 0 1 2 3 4 5 0 5 4 3 5 1 0 4 2 3 4 2 0 1 2 3 4 5 4 5 1 | 18 25  0 8 1 0 12 1 0 13 1 1 9 1 1 13 1 1 17 1 2 9 1 2 14 1 2 15 1 3 10 1 3 13 1 3 14 1 4 10 2 4 15 1 5 11 1 5 16 1 5 17 1 6 11 2 6 16 1 7 12 1 7 14 1 7 15 1 8 12 1 8 16 1 9 17 1
R 15820 54 81 6 2421 3 4 5 3 4 5 0 1 2 0 1 4 1 2 0 3 5 1 5 0 2 3 2 4 1 2 3 2 0 3 4 1 2 0 2 3 1 5 2 4 2 0 1 0 4 3 5 0 3 4 1 0 1 3 0 1 2 1 0 2 4 3 5 3 5 2 4 5 3 0 4 2 3 1 4 1 5 0 5 4 5 | 18 23  0 8 1 0 11 1 0 14 1 1 9 1 1 10 1 1 17 1 2 9 1 2 14 1 2 17 1 3 10 2 3 15 1 4 11 2 4 12 1 5 12 2 5 16 1 6 13 1 6 15 1 6 17 1 7 13 2 7 16 1 8 14 1 8 15 1 9 16 1
R 60161 54 81 6 325 3 4 5 1 0 2 1 0 2 1 3 4 5 2 0 2 1 0 5 3 4 1 2 3 2 3 0 2 4 1 0 2 3 4 3 2 0 2 5 1 0 3 3 0 4 1 3 2 1 4 0 1 4 2 0 1 2 4 3 5 3 4 5 5 2 0 1 4 3 5 4 3 0 1 2 4 5 1 5 5 0 | 18 25  0 7 1 0 12 1 0 13 1 1 8 1 1 12 1 1 13 1 2 9 1 2 13 1 2 17 1 3 10 1 3 14 1 3 17 1 4 10 2 4 16 1 5 11 1 5 15 1 5 17 1 6 11 2 6 16 1 7 12 1 7 16 1 8 14 1 8 15 1 9 14 1 9 15 1
R 10202 54 81 6 370 3 1 2 0 2 3 2 1 4 0 4 5 0 2 5 1 4 3 1 3 2 0 2 3 0 2 1 3 4 5 3 4 1 3 4 2 1 2 0 1 0 2 3 0 1 1 2 4 0 5 4 2 0 3 4 5 0 1 4 5 0 3 5 2 3 1 1 3 4 0 5 2 4 5 0 4 5 1 3 2 5 | 18 25  0 8 2 0 9 1 1 9 1 1 12 1 1 13 1 2 10 1 2 12 1 2 17 1 3 10 1 3 13 1 3 17 1 4 11 1 4 15 1 4 17 1 5 11 2 5 16 1 6 13 1 6 14 1 6 15 1 7 14 1 7 15 1 7 16 1 8 16 1 9 14 1 10 12 1
R 34362 54 81 6 181 3 4 5 3 0 1 1 2 4 3 4 0 1 0 2 2 4 1 0 5 2 3 4 1 1 2 3 4 1 3 2 0 3 1 4 0 4 2 3 2 0 3 1 0 4 2 0 1 1 0 4 1 2 3 0 1 2 2 5 4 0 3 5 1 2 5 4 5 3 3 0 5 1 3 4 5 2 0 5 4 5 | 18 26  0 8 1 0 13 1 0 14 1 1 9 1 1 12 1 1 13 1 2 9 1 2 15 1 2 16 1 3 10 1 3 11 1 3 17 1 4 10 2 4 14 1 5 11 1 5 12 1 5 13 1 6 12 1 6 16 1 6 17 1 7 15 1 7 16 1 7 17 1 8 14 1 8 15 1 9 11 1
R 28887 54 81 6 5437 3 1 2 0 4 3 1 0 5 3 0 2 4 0 1 3 0 1 5 4 2 0 2 5 0 2 1 3 5 4 1 2 5 2 4 1 4 2 3 0 2 1 2 1 0 3 4 5 0 4 5 5 1 3 4 5 0 1 5 2 2 3 4 4 5 1 3 5 2 5 2 4 0 3 1 1 4 3 3 0 0 | 18 25  0 8 2 0 15 1 1 9 1 1 12 1 1 17 1 2 9 1 2 13 1 2 14 1 3 10 1 3 13 1 3 15 1 4 10 1 4 14 1 4 15 1 5 11 1 5 16 1 5 17 1 6 11 2 6 16 1 7 12 1 7 13 1 7 14 1 8 16 1 9 12 1 10 17 1
R 28234 54 81 6 83 3 4 5 3 4 2 1 0 2 1 0 4 2 3 4 3 0 1 5 1 4 0 2 5 1 2 3 2 0 3 3 4 0 4 1 2 1 4 2 0 1 4 0 2 5 0 1 3 3 0 4 1 3 2 0 1 2 1 0 5 4 3 5 2 5 3 1 5 0 5 2 4 0 3 2 3 4 1 4 5 5 | 18 25  0 8 1 0 14 1 0 15 1 1 9 1 1 12 1 1 13 1 2 9 1 2 14 1 2 17 1 3 10 2 3 12 1 4 10 1 4 15 1 4 17 1 5 11 1 5 13 1 5 17 1 6 11 2 6 16 1 7 13 1 7 15 1 7 16 1 8 14 1 8 16 1 9 12 1
R 7923 54 81 6 449 3 4 5 0 1 2 3 0 4 1 2 5 1 0 2 3 4 5 2 0 1 3 4 5 1 2 3 2 0 3 5 2 4 4 2 0 5 4 2 1 0 4 0 3 1 3 0 1 3 1 0 3 1 2 0 1 2 4 3 5 1 2 5 0 3 4 3 5 4 1 2 0 3 5 4 0 1 2 5 4 5 | 18 24  0 8 1 0 9 1 0 13 1 1 9 1 1 13 1 1 14 1 2 10 1 2 14 1 2 16 1 3 10 2 3 16 1 4 11 2 4 14 1 5 11 1 5 16 1 5 17 1 6 12 1 6 15 1 6 17 1 7 12 2 7 15 1 8 13 1 8 15 1 9 17 1
R 71079 54 81 6 1752 3 4 5 1 0 3 1 2 0 0 1 2 4 0 5 5 1 2 5 0 4 1 2 3 5 3 0 0 2 3 2 1 3 5 4 2 1 0 4 0 3 2 2 1 5 4 1 0 3 4 5 1 2 4 0 1 2 2 4 5 4 3 5 4 3 5 1 3 2 4 3 0 1 2 3 4 5 1 5 0 0 | 18 26  0 7 1 0 9 1 0 12 1 1 8 2 1 10 1 2 9 1 2 11 1 2 15 1 3 10 1 3 12 1 3 13 1 4 11 1 4 14 1 4 16 1 5 13 1 5 15 1 5 16 1 6 13 1 6 15 1 6 17 1 7 14 1 7 17 1 8 16 1 9 12 1 10 17 1 11 14 1
R 2104 54 81 6 9587 3 1 2 3 0 4 0 4 3 1 0 2 3 4 5 2 3 5 1 4 5 2 0 1 0 2 1 2 4 0 3 4 1 5 4 0 5 4 2 0 1 4 2 1 3 0 1 3 2 0 4 1 5 2 4 5 0 1 2 5 2 5 1 3 5 4 1 2 0 1 4 0 0 3 2 3 4 5 3 5 3 | 18 23  0 8 2 0 10 1 1 9 1 1 13 1 1 14 1 2 10 2 2 16 1 3 11 1 3 13 1 3 17 1 4 11 2 4 14 1 5 12 1 5 14 1 5 17 1 6 12 2 6 15 1 7 13 1 7 15 1 7 16 1 8 16 1 9 15 1 9 17 1
R 49682 54 81 6 98 1 2 3 2 3 4 5 1 3 0 4 1 0 1 2 3 0 4 1 2 0 3 4 5 1 0 2 0 3 1 0 2 1 5 4 1 3 0 4 2 1 3 0 3 2 2 4 1 0 2 4 1 3 5 0 4 5 5 1 0 2 4 0 3 2 5 3 4 5 2 1 5 5 4 3 1 2 3 4 5 0 | 18 25  0 7 1 0 10 2 1 8 1 1 12 1 1 13 1 2 9 2 2 15 1 3 10 1 3 12 1 3 13 1 4 11 1 4 13 1 4 14 1 5 11 1 5 14 1 5 15 1 6 12 1 6 14 1 6 15 1 7 16 1 7 17 1 8 16 1 8 17 1 9 16 1 11 17 1
R 78279 54 81 6 286 3 4 5 0 1 2 1 2 5 4 2 3 1 5 3 1 0 4 0 1 5 1 2 3 2 3 0 0 2 3 0 2 5 1 3 2 4 0 3 1 0 4 3 4 5 2 4 1 2 1 0 0 3 4 0 1 2 4 3 5 4 3 0 0 5 1 4 0 2 2 5 3 2 3 4 4 5 1 5 5 1 | 18 25  0 7 1 0 9 1 0 13 1 1 8 1 1 13 1 1 17 1 2 9 1 2 10 1 2 14 1 3 11 2 3 12 1 4 11 1 4 15 1 4 17 1 5 12 2 5 16 1 6 14 1 6 15 1 6 16 1 7 10 1 7 13 1 8 14 1 8 15 1 9 16 1 10 17 1
R 20482 54 81 6 1721 3 4 5 1 4 0 0 3 1 2 4 3 0 1 5 2 3 5 5 1 2 4 0 2 1 2 3 2 0 1 3 4 1 5 3 0 3 2 1 1 2 4 2 0 3 0 4 5 0 3 2 1 0 4 0 1 2 3 2 5 4 5 2 0 5 1 2 3 4 1 4 0 0 4 3 5 1 3 4 5 5 | 18 24  0 8 1 0 14 1 0 17 1 1 9 1 1 10 1 1 13 1 2 9 1 2 14 1 2 15 1 3 10 2 3 15 1 4 11 1 4 13 1 4 14 1 5 11 2 5 13 1 6 12 2 6 15 1 7 12 1 7 16 1 7 17 1 8 16 1 8 17 1 9 16 1
R 82673 54 81 6 471 3 4 5 1 0 2 2 0 1 3 4 1 2 5 0 0 2 4 1 3 5 1 2 3 2 4 0 5 1 2 0 5 1 3 4 2 0 2 3 3 0 5 4 0 3 0 1 2 3 1 0 3 1 0 0 1 2 3 4 5 3 4 5 0 5 2 3 1 4 1 5 3 0 2 4 4 5 1 5 4 2 | 18 26  0 7 1 0 12 1 0 13 1 1 8 1 1 12 1 1 17 1 2 9 1 2 10 1 2 12 1 3 9 1 3 14 1 3 17 1 4 10 1 4 13 1 4 16 1 5 11 2 5 15 1 6 11 1 6 16 1 6 17 1 7 15 1 7 16 1 8 14 1 8 15 1 9 13 1 10 14 1
R 3935 54 81 6 242 3 1 2 5 1 0 1 0 3 2 5 3 2 0 4 0 4 3 0 1 2 3 4 5 0 2 1 2 0 1 5 3 0 1 2 4 3 4 1 5 4 2 5 1 3 3 4 0 0 2 4 2 1 3 4 5 0 3 4 2 2 4 5 1 0 4 3 1 5 2 5 1 3 4 5 0 1 2 3 5 0 | 18 22  0 8 2 0 12 1 1 9 2 1 15 1 2 10 2 2 11 1 3 10 1 3 14 1 3 17 1 4 11 1 4 15 1 4 17 1 5 12 2 5 16 1 6 13 1 6 14 1 6 15 1 7 13 2 7 14 1 8 16 1 9 16 1 11 17 1
R 94280 54 81 6 121 3 4 5 0 2 1 3 0 4 0 5 2 1 5 2 0 5 4 1 2 3 1 3 0 2 4 3 2 1 5 2 4 1 0 2 3 1 0 5 2 4 0 0 3 1 3 1 4 0 3 1 4 3 2 0 1 2 4 3 5 1 2 5 3 4 1 0 4 3 3 2 1 4 5 2 5 0 5 4 0 5 | 18 27  0 6 1 0 11 1 0 16 1 1 7 1 1 13 1 1 14 1 2 8 1 2 14 1 2 15 1 3 9 1 3 14 1 3 17 1 4 10 1 4 11 1 4 12 1 5 10 1 5 12 1 5 13 1 6 12 1 6 13 1 7 15 1 7 17 1 8 15 1 8 16 1 9 16 1 9 17 1 10 11 1
R 28344 54 81 6 2163 3 1 2 3 0 2 2 4 0 1 2 5 0 2 4 0 2 5 1 3 5 1 3 5 0 2 1 1 2 0 3 0 1 5 3 2 2 3 1 1 0 4 3 4 5 5 4 2 0 5 4 1 2 0 4 5 0 4 5 1 3 1 5 4 0 3 5 3 1 1 4 3 0 4 2 2 0 4 3 5 2 | 18 25  0 8 2 0 14 1 1 9 1 1 13 1 1 14 1 2 9 1 2 15 1 2 17 1 3 10 1 3 12 1 3 13 1 4 10 1 4 15 1 4 16 1 5 11 1 5 12 1 5 17 1 6 11 2 6 16 1 7 13 1 7 15 1 7 17 1 8 16 1 9 12 1 10 14 1
R 65779 54 81 6 265 3 4 5 3 2 4 0 3 4 0 1 2 0 3 4 1 2 5 0 5 3 1 2 3 1 4 2 5 4 3 0 2 5 0 2 3 2 4 3 1 0 4 0 3 1 2 1 0 4 2 5 4 0 1 0 1 2 0 1 5 1 2 5 4 3 5 1 5 2 0 4 3 4 1 2 4 5 3 5 0 3 | 18 24  0 7 1 0 10 1 0 13 1 1 8 1 1 11 2 2 9 2 2 15 1 3 11 1 3 13 1 3 14 1 4 12 2 4 14 1 5 12 1 5 15 1 5 17 1 6 14 1 6 16 1 6 17 1 7 10 1 7 13 1 8 16 1 8 17 1 9 16 1 10 15 1
R 80217 54 81 6 141 1 2 3 5 2 4 3 4 2 0 3 1 0 1 3 0 4 1 0 2 3 3 4 5 4 0 2 1 5 2 0 4 3 0 2 1 3 4 5 2 0 1 3 1 4 2 0 4 2 1 3 0 4 1 0 4 5 1 3 0 0 1 5 4 2 5 2 4 5 3 2 5 1 4 5 1 2 5 3 3 0 | 18 25  0 7 1 0 11 2 1 8 1 1 13 1 1 14 1 2 9 1 2 10 2 3 9 1 3 14 1 3 15 1 4 10 1 4 16 1 4 17 1 5 11 1 5 12 1 5 16 1 6 12 1 6 13 1 6 14 1 7 15 1 7 17 1 8 13 1 8 17 1 9 15 1 12 16 1
R 60337 54 81 6 929 3 4 5 1 0 2 0 1 2 0 5 4 1 4 2 0 1 3 4 3 5 1 2 3 2 3 5 2 5 1 2 4 5 5 3 2 0 2 5 1 0 4 3 4 1 2 4 0 1 3 4 1 4 0 0 1 2 4 3 5 4 3 5 1 2 3 0 3 5 4 5 2 0 1 2 4 5 0 1 3 0 | 18 25  0 7 1 0 12 1 0 13 1 1 8 1 1 12 1 1 17 1 2 9 1 2 13 1 2 14 1 3 10 1 3 14 1 3 17 1 4 10 2 4 16 1 5 11 1 5 15 1 5 17 1 6 11 2 6 16 1 7 12 1 7 13 1 8 14 1 8 15 1 9 15 1 9 16 1
R 24808 54 81 6 144 3 4 5 4 5 2 0 1 3 1 0 4 0 1 2 0 3 1 0 3 2 2 5 0 1 2 3 3 1 2 0 5 4 4 5 1 1 3 2 0 2 3 1 0 3 0 4 5 3 0 2 2 1 0 0 1 2 0 1 3 4 5 2 2 5 3 3 5 4 2 5 4 4 5 1 4 3 1 4 5 0 | 18 25  0 8 1 0 13 1 0 14 1 1 9 1 1 10 2 2 9 2 2 15 1 3 10 1 3 16 1 3 17 1 4 11 1 4 12 1 4 13 1 5 11 1 5 13 1 5 17 1 6 12 1 6 14 1 6 15 1 7 14 1 7 15 1 7 16 1 8 16 1 8 17 1 11 12 1
R 51840 54 81 6 210 1 2 3 1 4 5 1 0 2 0 4 2 3 1 2 5 4 1 0 3 4 3 4 5 2 0 1 3 2 0 0 2 1 0 5 1 2 3 4 1 0 4 4 1 3 0 4 2 5 2 4 0 5 3 0 4 5 3 0 2 4 5 3 3 5 1 4 5 0 2 3 0 1 2 5 1 2 5 4 1 3 | 18 25  0 7 1 0 10 2 1 8 1 1 12 1 1 13 1 2 9 2 2 13 1 3 10 1 3 14 1 3 17 1 4 11 1 4 13 1 4 14 1 5 11 1 5 15 1 5 16 1 6 12 1 6 14 1 6 15 1 7 15 1 7 17 1 8 12 1 8 17 1 9 16 1 11 16 1
R 33465 54 81 6 1447 3 4 5 1 4 2 3 0 5 5 0 2 3 1 2 1 2 0 5 3 0 4 0 1 1 2 3 2 0 1 4 2 0 0 2 3 0 3 1 0 4 2 5 1 3 2 5 0 1 4 3 3 1 0 0 1 2 3 5 0 4 1 2 1 3 4 5 0 4 4 3 5 4 2 1 5 3 2 4 5 5 | 18 26  0 8 1 0 11 1 0 12 1 1 9 1 1 13 1 1 14 1 2 9 1 2 13 1 2 17 1 3 10 2 3 14 1 4 10 1 4 16 1 4 17 1 5 11 1 5 13 1 5 16 1 6 12 1 6 14 1 6 15 1 7 12 1 7 15 1 7 16 1 8 15 1 8 17 1 9 11 1
R 43474 54 81 6 104 3 4 5 3 2 4 1 0 2 1 2 3 0 1 4 0 5 2 4 1 3 1 2 3 0 4 2 4 2 0 0 2 3 3 1 4 3 1 2 0 1 4 1 5 2 3 1 0 0 4 5 4 3 0 0 1 2 1 5 0 3 5 4 4 5 0 5 3 2 4 3 1 0 5 2 4 5 3 1 5 2 | 18 24  0 7 1 0 10 1 0 13 1 1 8 2 1 11 1 2 9 2 2 15 1 3 10 1 3 13 1 3 14 1 4 11 1 4 14 1 4 15 1 5 12 1 5 13 1 5 17 1 6 12 2 6 16 1 7 14 1 7 15 1 8 16 1 9 16 1 10 17 1 11 17 1
R 46970 54 81 6 335 3 4 5 0 1 2 2 5 4 0 1 2 3 4 1 2 0 1 3 4 5 1 2 3 2 3 0 0 4 5 4 0 3 5 1 0 5 4 1 1 0 4 3 4 1 1 0 3 0 2 3 3 2 4 0 1 2 4 3 5 1 3 0 5 3 4 2 5 0 3 4 5 0 2 1 5 4 5 1 2 2 | 18 24  0 7 1 0 10 1 0 13 1 1 8 1 1 13 1 1 14 1 2 9 2 2 14 1 3 10 1 3 11 2 4 11 1 4 16 1 4 17 1 5 12 1 5 16 1 5 17 1 6 12 2 6 16 1 7 13 1 7 15 1 8 15 1 8 17 1 9 15 1 10 14 1
R 50408 54 81 6 104 3 1 2 1 0 2 2 4 3 0 2 3 3 0 5 1 4 3 0 2 1 0 2 1 2 3 0 0 3 4 3 4 5 2 4 0 0 3 1 1 2 3 0 4 5 1 2 5 4 0 1 4 1 0 4 5 0 4 5 3 1 5 0 1 4 5 1 2 4 5 2 0 4 5 3 3 1 5 2 2 3 | 18 25  0 7 2 0 10 1 1 8 1 1 12 1 1 17 1 2 9 2 2 13 1 3 10 1 3 15 1 3 17 1 4 11 1 4 12 1 4 13 1 5 11 1 5 14 1 5 15 1 6 12 1 6 13 1 6 14 1 7 16 1 8 14 1 8 16 1 9 16 1 10 17 1 11 15 1
R 40064 54 81 6 5918 3 4 5 0 1 2 1 0 4 4 3 1 1 2 4 3 0 5 2 0 1 1 2 3 2 3 5 2 4 0 0 1 3 4 2 3 5 0 1 1 0 4 3 4 1 2 5 3 3 0 2 5 2 0 0 1 2 4 3 5 3 5 2 2 5 0 0 5 3 2 4 1 4 5 3 5 4 0 1 1 4 | 18 23  0 7 1 0 11 1 0 13 1 1 8 1 1 13 1 1 14 1 2 9 2 2 14 1 3 10 2 3 15 1 4 11 2 4 12 1 5 12 2 5 15 1 6 15 1 6 16 1 6 17 1 7 13 1 7 17 1 8 14 1 8 17 1 9 16 1 10 16 1
R 53991 54 81 6 392 3 1 2 2 5 4 0 2 1 0 2 3 1 3 0 2 3 4 0 5 3 0 2 1 1 3 4 5 1 2 3 4 5 1 0 2 2 0 4 4 3 0 2 3 1 3 4 5 1 0 4 5 1 0 4 5 0 0 3 1 4 3 5 1 4 5 5 2 4 1 0 5 4 1 2 3 2 5 0 3 2 | 18 26  0 7 2 0 10 1 1 8 1 1 11 1 1 12 1 2 9 1 2 12 1 2 13 1 3 10 1 3 11 1 3 12 1 4 11 1 4 15 1 4 17 1 5 13 1 5 15 1 5 16 1 6 14 1 6 15 1 6 16 1 7 16 1 8 13 1 8 14 1 9 14 1 9 17 1 10 17 1
R 29728 54 81 6 112 3 4 5 0 1 2 1 2 3 3 1 2 4 0 5 0 4 1 0 2 5 4 0 5 1 2 3 5 2 0 5 0 2 4 1 2 0 2 3 0 1 4 3 0 5 2 1 0 4 0 3 3 5 4 0 1 2 3 5 4 4 0 5 4 5 0 1 3 2 3 5 2 3 4 1 1 3 2 4 5 1 | 18 26  0 8 1 0 12 1 0 13 1 1 9 1 1 11 1 1 12 1 2 9 1 2 11 1 2 13 1 3 10 1 3 16 1 3 17 1 4 10 2 4 16 1 5 11 1 5 12 1 5 14 1 6 13 1 6 15 1 6 16 1 7 14 1 7 15 1 7 17 1 8 14 1 8 15 1 9 17 1
R 42644 54 81 6 99 1 2 3 1 4 0 2 0 5 0 4 2 2 3 1 3 4 1 4 5 2 3 4 5 2 0 1 1 5 0 0 2 1 3 4 1 1 3 0 0 3 2 4 3 2 0 5 2 3 1 4 0 5 3 0 4 5 3 2 5 3 4 1 3 5 1 0 4 5 2 5 0 1 3 0 1 2 5 4 2 4 | 18 24  0 7 1 0 10 2 1 8 1 1 11 2 2 9 2 2 14 1 3 10 1 3 12 1 3 17 1 4 11 1 4 13 1 4 14 1 5 12 1 5 13 1 5 14 1 6 13 1 6 15 1 6 16 1 7 15 1 7 17 1 8 16 1 8 17 1 9 16 1 12 15 1
R 28995 54 81 6 679 3 1 2 4 3 5 2 0 3 1 0 5 4 1 5 0 3 2 4 5 1 3 0 1 0 2 1 1 2 3 3 4 5 1 5 0 2 0 1 0 3 1 0 4 2 3 4 5 2 5 4 4 3 0 4 5 0 0 2 1 4 5 1 2 3 4 0 3 2 4 1 5 2 3 0 4 5 2 3 5 1 | 18 25  0 8 2 0 15 1 1 9 1 1 13 1 1 14 1 2 9 1 2 13 1 2 16 1 3 10 1 3 12 1 3 13 1 4 10 1 4 14 1 4 17 1 5 11 1 5 15 1 5 17 1 6 11 2 6 16 1 7 12 1 7 14 1 7 15 1 8 16 1 9 12 1 10 17 1
R 89418 54 81 6 494 3 4 5 3 0 4 0 1 2 0 4 3 0 2 1 1 2 0 5 4 3 1 2 3 4 1 5 0 2 5 2 3 5 1 0 4 4 0 1 1 2 4 2 0 3 2 1 3 4 0 1 5 4 2 0 1 2 2 1 5 4 3 5 1 2 5 3 4 5 5 4 3 0 2 1 4 5 3 0 3 0 | 18 27  0 7 1 0 9 1 0 11 1 1 8 1 1 14 1 1 15 1 2 10 1 2 11 1 2 12 1 3 10 1 3 12 1 3 13 1 4 13 1 4 14 1 4 16 1 5 14 1 5 15 1 5 17 1 6 15 1 6 16 1 6 17 1 7 9 1 7 11 1 8 16 1 8 17 1 9 12 1 10 13 1
R 41174 54 81 6 3230 1 2 3 3 5 0 3 1 5 0 4 1 2 1 4 0 1 3 2 4 3 3 4 5 0 1 2 4 5 1 0 2 1 4 5 3 3 0 5 3 4 0 0 2 1 2 4 1 0 2 4 0 3 4 0 4 5 4 1 2 0 2 4 3 2 5 0 3 5 2 4 5 1 5 0 1 2 3 5 3 1 | 18 23  0 7 1 0 10 2 1 8 1 1 11 2 2 9 2 2 12 1 3 10 1 3 13 1 3 14 1 4 11 1 4 14 1 4 16 1 5 12 1 5 14 1 5 15 1 6 13 2 6 15 1 7 16 1 7 17 1 8 15 1 8 17 1 9 16 1 12 17 1
R 71568 54 81 6 90 3 4 5 2 4 3 2 1 0 1 5 2 2 0 4 3 4 5 0 1 4 1 2 3 3 0 5 0 2 3 1 4 2 1 4 0 1 0 4 3 2 0 1 2 4 0 3 2 0 3 1 1 3 4 0 1 2 1 0 5 4 3 5 3 4 0 3 1 5 2 0 1 3 5 2 4 5 4 2 5 5 | 18 26  0 7 1 0 9 1 0 12 1 1 8 1 1 10 2 2 9 1 2 12 1 2 13 1 3 10 1 3 15 1 3 17 1 4 11 1 4 13 1 4 14 1 5 11 1 5 14 1 5 15 1 6 14 1 6 15 1 6 16 1 7 13 1 7 17 1 8 16 1 8 17 1 9 12 1 11 16 1
R 17802 54 81 6 75 3 4 5 5 1 2 3 0 4 0 3 4 1 2 0 1 0 2 1 3 2 1 0 2 1 2 3 0 2 1 4 3 2 0 2 3 2 3 5 3 0 2 1 0 4 3 2 0 0 1 5 1 0 4 0 1 2 3 4 0 5 2 1 1 5 2 4 5 3 4 5 3 0 5 4 4 5 3 4 5 1 | 18 24  0 8 1 0 11 1 0 17 1 1 9 2 1 10 1 2 9 1 2 14 1 2 15 1 3 10 2 3 16 1 4 11 2 4 14 1 5 12 1 5 13 1 5 17 1 6 12 1 6 14 1 6 16 1 7 13 1 7 15 1 7 16 1 8 15 1 8 17 1 12 13 1
R 90378 54 81 6 543 3 4 5 2 3 5 0 4 2 3 0 2 1 2 3 0 4 1 1 2 3 4 5 3 1 2 0 5 1 3 0 2 3 1 0 2 1 0 4 3 0 4 0 5 2 3 1 2 1 5 4 0 1 4 0 1 2 0 1 4 5 3 1 4 1 5 4 5 0 5 2 3 4 5 2 4 3 0 2 5 3 | 18 26  0 6 1 0 10 1 0 12 1 1 7 2 1 11 1 2 8 1 2 12 1 2 13 1 3 9 1 3 14 1 3 15 1 4 10 1 4 12 1 4 16 1 5 11 1 5 13 1 5 14 1 6 14 1 6 17 1 7 16 1 8 15 1 8 16 1 9 15 1 9 17 1 10 13 1 11 17 1
R 57049 54 81 6 2493 3 4 5 1 0 2 2 0 4 3 2 5 1 0 4 1 0 5 1 2 3 1 2 3 3 2 0 3 4 0 4 5 2 3 1 5 0 2 3 1 0 4 1 2 5 0 3 4 3 0 1 1 2 4 0 1 2 4 5 3 1 5 3 0 1 4 3 2 5 2 4 3 4 5 0 4 5 1 2 0 5 | 18 24  0 7 1 0 12 1 0 13 1 1 8 2 1 13 1 2 9 2 2 14 1 3 10 2 3 11 1 4 10 1 4 15 1 4 17 1 5 11 1 5 16 1 5 17 1 6 12 1 6 13 1 6 14 1 7 14 1 7 15 1 8 15 1 9 16 1 11 17 1 12 16 1
R 30476 54 81 6 2042 3 4 5 0 1 4 0 2 3 0 1 2 3 4 5 1 2 3 0 1 4 2 0 5 1 2 3 3 4 1 5 4 1 0 2 3 0 1 4 1 2 5 3 1 0 4 2 3 0 5 2 0 2 3 0 1 2 2 3 5 5 1 4 3 5 4 0 2 1 4 5 0 5 2 3 3 4 1 4 5 0 | 18 26  0 8 1 0 11 1 0 12 1 1 9 1 1 13 1 1 17 1 2 9 1 2 15 1 2 16 1 3 10 1 3 15 1 3 17 1 4 10 2 4 16 1 5 11 1 5 12 1 5 13 1 6 11 1 6 14 1 6 16 1 7 12 1 7 14 1 7 17 1 8 13 1 8 14 1 9 15 1
R 29998 54 81 6 103 3 4 5 2 0 4 1 2 4 0 1 4 3 4 2 1 3 2 5 0 1 0 4 2 1 2 3 4 3 0 2 4 0 1 0 2 2 1 3 3 1 4 4 1 2 0 4 5 1 0 4 3 0 5 0 1 2 1 3 5 5 0 3 3 5 2 1 5 0 4 5 0 4 3 2 5 3 1 5 4 2 | 18 26  0 8 1 0 15 1 0 16 1 1 9 1 1 11 1 1 12 1 2 9 1 2 12 1 2 15 1 3 10 1 3 11 1 3 17 1 4 10 2 4 13 1 5 11 1 5 13 1 5 14 1 6 12 1 6 14 1 6 15 1 7 14 1 7 16 1 7 17 1 8 16 1 8 17 1 9 13 1
R 88835 54 81 6 832 3 4 5 3 5 4 0 1 2 3 4 0 2 0 1 3 5 0 2 5 1 1 2 3 4 2 3 0 2 5 2 3 0 3 1 0 1 0 4 0 1 3 2 1 4 2 1 0 4 1 5 2 3 4 0 1 2 1 2 0 4 3 5 1 2 5 4 5 3 2 4 1 4 3 0 4 5 5 0 3 5 | 18 26  0 7 1 0 9 1 0 12 1 1 8 1 1 13 1 1 14 1 2 10 1 2 12 1 2 13 1 3 10 1 3 16 1 3 17 1 4 11 2 4 14 1 5 11 1 5 15 1 5 17 1 6 13 1 6 16 1 6 17 1 7 9 1 7 12 1 8 15 1 8 16 1 9 15 1 10 14 1
R 34982 54 81 6 121 3 4 5 1 0 2 0 3 1 1 2 0 0 1 3 4 0 2 3 4 2 0 5 1 1 2 3 2 4 1 0 2 3 0 1 3 3 1 2 0 4 1 3 0 5 5 2 0 1 3 2 4 0 1 0 1 2 3 4 5 5 4 2 4 3 5 5 4 2 5 1 3 0 5 1 3 2 4 4 5 0 | 18 27  0 8 1 0 10 1 0 11 1 1 9 1 1 11 1 1 12 1 2 9 1 2 12 1 2 13 1 3 10 1 3 15 1 3 16 1 4 10 1 4 16 1 4 17 1 5 11 1 5 15 1 5 17 1 6 12 1 6 13 1 6 14 1 7 13 1 7 14 1 7 15 1 8 14 1 8 17 1 9 16 1
R 94383 54 81 6 121 3 4 5 2 0 4 2 1 4 1 2 3 1 3 0 3 0 2 1 2 3 3 4 0 0 4 1 3 0 2 2 0 1 0 2 5 3 0 4 1 0 4 1 2 0 1 5 3 5 4 0 2 3 1 0 1 2 1 3 5 5 3 0 5 4 0 4 5 2 5 1 4 4 5 2 5 2 3 1 4 3 | 18 27  0 6 1 0 11 1 0 12 1 1 7 1 1 13 1 1 14 1 2 8 1 2 14 1 2 17 1 3 9 1 3 14 1 3 15 1 4 10 1 4 12 1 4 13 1 5 10 1 5 12 1 5 15 1 6 11 1 6 13 1 7 16 1 7 17 1 8 15 1 8 16 1 9 16 1 9 17 1 10 11 1
R 76767 54 81 6 188 3 4 5 0 4 2 1 2 3 1 3 2 0 4 5 0 1 3 0 4 5 1 2 3 1 3 2 0 2 3 2 4 5 1 0 4 3 0 4 1 5 2 3 0 1 4 0 2 1 3 5 0 2 1 0 1 2 5 3 1 4 5 0 0 4 5 1 3 2 2 4 5 3 2 1 4 5 0 4 5 3 | 18 27  0 7 1 0 9 1 0 11 1 1 8 1 1 11 1 1 12 1 2 9 1 2 11 1 2 13 1 3 10 1 3 14 1 3 15 1 4 10 1 4 15 1 4 16 1 5 12 1 5 16 1 5 17 1 6 13 1 6 14 1 6 15 1 7 13 1 7 14 1 8 16 1 8 17 1 9 12 1 10 17 1
R 17769 54 81 6 2090 3 1 2 3 4 5 0 2 4 0 1 5 0 4 3 1 4 2 5 0 3 1 2 3 0 2 1 1 5 4 3 0 5 3 4 1 2 0 1 0 2 3 3 2 4 3 2 0 1 4 5 0 1 2 4 5 0 0 2 1 3 1 5 2 4 3 2 5 1 3 0 5 4 1 2 4 5 0 3 4 5 | 18 24  0 8 2 0 11 1 1 9 2 1 10 1 2 9 1 2 14 1 2 17 1 3 10 1 3 15 1 3 17 1 4 11 2 4 13 1 5 12 1 5 14 1 5 15 1 6 12 1 6 15 1 6 16 1 7 13 1 7 14 1 7 16 1 8 16 1 10 17 1 12 13 1
R 2934 54 81 6 101 3 1 2 0 1 2 0 4 3 0 2 4 1 3 4 3 1 4 0 2 1 5 0 3 0 2 1 2 4 0 3 4 1 5 4 2 0 1 4 1 3 2 0 3 4 0 3 2 2 0 4 0 1 3 4 5 0 3 5 4 2 5 1 1 3 5 0 5 2 2 0 5 3 5 4 4 2 1 3 1 5 | 18 24  0 8 2 0 10 1 1 9 1 1 13 1 1 15 1 2 10 2 2 15 1 3 11 2 3 12 1 4 11 1 4 16 1 4 17 1 5 12 1 5 13 1 5 14 1 6 12 1 6 15 1 6 17 1 7 13 1 7 14 1 7 16 1 8 16 1 9 14 1 9 17 1
R 42957 54 81 6 612 3 4 5 3 1 0 4 2 5 2 3 4 2 4 3 0 1 2 4 0 3 1 2 3 2 0 1 5 3 0 0 2 4 3 4 0 5 3 2 1 3 2 1 4 5 1 0 4 0 2 5 4 0 1 0 1 2 4 5 2 1 0 3 5 0 1 1 5 0 4 3 5 5 1 2 5 4 3 4 2 3 | 18 24  0 7 1 0 10 1 0 15 1 1 8 2 1 11 1 2 9 1 2 13 1 2 14 1 3 10 1 3 12 2 4 11 2 4 14 1 5 12 1 5 15 1 5 17 1 6 13 1 6 16 1 6 17 1 7 15 1 7 16 1 8 16 1 9 13 1 9 14 1 10 17 1
R 32556 54 81 6 228 3 4 5 1 5 2 0 3 5 2 0 1 3 1 5 4 0 2 5 0 3 1 0 2 1 2 3 2 0 1 5 1 0 0 2 3 1 3 2 3 0 2 3 1 0 0 5 1 4 2 5 0 3 4 0 1 2 3 4 0 4 2 1 3 4 5 2 4 0 5 1 3 4 2 1 5 4 3 4 5 5 | 18 26  0 8 1 0 11 1 0 17 1 1 9 1 1 11 1 1 12 1 2 9 1 2 14 1 2 17 1 3 10 1 3 15 1 3 17 1 4 10 2 4 16 1 5 12 1 5 13 1 5 16 1 6 12 1 6 15 1 6 16 1 7 13 1 7 14 1 7 15 1 8 13 1 8 14 1 9 11 1
R 58214 54 81 6 324 3 1 2 4 2 1 1 3 5 1 4 2 0 3 5 1 0 2 0 4 3 0 2 1 0 1 4 0 5 3 2 0 1 4 0 2 3 4 1 0 3 2 2 3 4 2 4 3 5 4 0 3 4 1 4 5 0 3 0 5 2 4 0 3 5 0 4 1 2 3 4 5 2 5 1 3 5 2 1 5 1 | 18 24  0 7 2 0 12 1 1 8 1 1 14 1 1 17 1 2 9 2 2 15 1 3 10 1 3 11 1 3 17 1 4 10 1 4 14 1 4 17 1 5 11 1 5 13 1 5 14 1 6 12 2 6 13 1 7 16 1 8 15 1 8 16 1 9 16 1 10 13 1 11 15 1
R 21549 54 81 6 253 3 1 2 2 4 5 0 3 2 0 3 4 2 0 3 3 0 1 4 0 1 5 1 2 0 2 1 1 0 2 4 3 2 1 3 2 2 1 3 0 1 3 2 4 0 3 4 5 5 1 4 0 2 4 4 5 0 3 0 1 4 1 5 1 5 2 5 4 1 4 5 2 5 2 3 0 4 3 3 5 0 | 18 24  0 8 2 0 15 1 1 9 1 1 10 1 1 17 1 2 9 1 2 15 1 2 17 1 3 10 2 3 16 1 4 11 1 4 13 1 4 14 1 5 11 1 5 14 1 5 15 1 6 12 1 6 13 1 6 17 1 7 12 2 7 14 1 8 16 1 9 13 1 11 16 1
R 90372 54 81 6 103 3 4 5 1 3 2 0 1 2 0 1 4 1 2 5 0 5 3 1 2 3 2 0 1 2 4 5 4 5 0 0 2 3 4 3 1 1 0 4 3 1 4 0 5 3 2 3 1 0 2 3 0 2 4 0 1 2 4 0 5 3 5 4 3 2 5 4 3 0 2 4 1 4 5 5 3 1 0 2 1 5 | 18 26  0 6 1 0 10 1 0 12 1 1 7 1 1 11 2 2 8 1 2 12 1 2 14 1 3 9 1 3 13 1 3 15 1 4 10 1 4 12 1 4 13 1 5 11 1 5 15 1 5 17 1 6 16 1 6 17 1 7 16 1 7 17 1 8 14 1 8 15 1 9 14 1 9 16 1 10 13 1
R 48371 54 81 6 307 3 4 5 1 0 4 3 4 5 2 3 4 0 1 2 0 3 2 1 0 3 1 2 3 5 3 1 0 5 4 0 2 4 5 3 2 1 0 4 2 0 1 1 2 3 3 5 2 0 1 2 4 0 1 0 1 2 2 3 5 1 2 0 5 0 1 4 3 5 5 1 4 4 5 2 5 4 4 0 3 3 | 18 25  0 7 1 0 10 1 0 12 1 1 8 1 1 13 1 1 14 1 2 9 2 2 14 1 3 10 1 3 11 2 4 11 1 4 12 1 4 17 1 5 13 1 5 15 1 5 16 1 6 15 1 6 16 1 6 17 1 7 12 1 7 13 1 8 14 1 8 15 1 9 16 1 10 17 1
R 16555 54 81 6 122 3 1 2 1 3 0 4 2 3 4 3 5 0 2 3 4 3 2 1 0 2 0 4 1 0 2 1 0 4 1 5 3 2 3 4 5 0 2 3 1 4 2 1 2 5 1 4 0 4 0 3 4 0 1 4 5 0 2 4 5 5 0 1 0 1 2 1 4 5 1 5 0 4 5 3 3 5 2 3 3 2 | 18 23  0 8 2 0 11 1 1 9 1 1 10 1 1 15 1 2 9 1 2 14 1 2 16 1 3 10 2 3 15 1 4 11 1 4 14 1 4 17 1 5 12 2 5 13 1 6 12 1 6 16 1 6 17 1 7 13 2 7 16 1 8 15 1 9 14 1 11 17 1
R 19642 54 81 6 295 3 1 2 3 5 2 0 1 2 1 0 4 1 2 0 0 3 2 3 4 1 4 5 3 0 2 1 2 0 3 4 5 3 4 0 1 3 2 1 3 5 1 3 4 5 0 2 4 5 0 4 1 2 0 4 5 0 4 0 1 5 4 3 2 5 3 3 4 5 5 1 4 0 2 5 0 2 1 3 1 2 | 18 23  0 8 2 0 14 1 1 9 1 1 10 2 2 9 1 2 13 1 2 16 1 3 10 1 3 15 1 3 17 1 4 11 1 4 12 2 5 11 1 5 14 1 5 17 1 6 12 1 6 16 1 6 17 1 7 13 2 7 16 1 8 15 1 9 15 1 11 14 1
R 32053 54 81 6 246 3 4 5 0 1 2 3 4 5 4 3 5 0 1 2 1 2 4 4 5 2 1 0 3 1 2 3 2 4 0 2 5 3 0 2 5 1 0 3 2 1 3 4 3 0 1 2 4 1 0 4 3 4 1 0 1 2 3 4 5 1 0 2 0 1 2 4 3 5 3 5 0 0 1 3 4 5 2 4 5 5 | 18 26  0 8 1 0 11 1 0 12 1 1 9 1 1 12 1 1 14 1 2 9 1 2 15 1 2 16 1 3 10 2 3 14 1 4 10 1 4 16 1 4 17 1 5 11 1 5 12 1 5 17 1 6 13 1 6 14 1 6 15 1 7 13 1 7 15 1 7 17 1 8 11 1 8 16 1 9 13 1
R 53787 54 81 6 103 3 1 2 2 1 4 4 0 3 0 2 3 1 4 2 3 4 2 1 3 0 0 2 1 3 4 5 5 1 0 3 4 5 0 1 2 2 0 4 0 4 2 0 3 1 0 2 4 1 3 4 5 3 1 4 5 0 0 3 5 2 5 1 1 4 5 3 5 0 1 5 0 5 2 4 3 1 2 4 3 2 | 18 26  0 7 2 0 10 1 1 8 1 1 11 1 1 12 1 2 9 1 2 11 1 2 12 1 3 10 1 3 11 1 3 13 1 4 13 1 4 14 1 4 16 1 5 15 1 5 16 1 5 17 1 6 15 1 6 16 1 6 17 1 7 12 1 8 13 1 8 14 1 9 14 1 9 15 1 10 17 1
R 63480 54 81 6 7681 3 4 5 0 5 4 0 2 1 1 0 4 3 4 5 1 2 3 0 1 2 1 2 3 1 4 0 4 1 2 5 4 1 0 2 3 0 1 4 1 2 4 2 0 3 2 0 1 0 3 2 1 3 4 0 1 2 2 3 1 3 5 4 3 5 2 0 2 1 4 5 0 5 3 4 4 5 5 3 5 0 | 18 26  0 7 1 0 11 1 0 12 1 1 8 1 1 13 1 1 14 1 2 9 1 2 14 1 2 16 1 3 10 1 3 16 1 3 17 1 4 10 2 4 16 1 5 11 1 5 12 1 5 13 1 6 11 1 6 12 1 6 14 1 7 15 1 7 17 1 8 13 1 8 15 1 9 15 1 9 17 1
R 53763 54 81 6 383 3 4 5 1 0 2 5 2 0 1 0 4 5 0 3 3 1 4 0 1 2 1 2 3 2 4 1 1 0 2 4 0 3 2 1 0 3 0 1 4 2 3 4 3 5 2 1 4 0 1 3 3 1 2 0 1 2 3 5 4 3 4 1 2 5 3 2 4 1 2 0 5 3 5 4 4 5 0 5 5 0 | 18 21  0 7 1 0 10 1 0 16 1 1 8 1 1 12 1 1 17 1 2 9 2 2 14 1 3 10 2 3 11 1 4 12 2 4 13 1 5 14 1 5 15 1 5 17 1 6 15 2 6 16 1 7 11 2 8 13 2 9 16 1 14 17 1
R 3503 54 81 6 135 1 2 3 1 3 4 2 0 1 3 4 1 5 3 0 0 4 1 0 1 2 0 2 5 3 4 5 0 4 3 1 4 0 0 3 1 0 2 1 2 1 4 5 2 3 3 2 0 5 4 0 3 5 0 0 4 5 2 5 0 3 5 4 2 5 0 2 4 1 3 5 2 3 5 4 1 4 3 1 2 1 | 18 21  0 8 1 0 12 2 1 9 2 1 13 1 2 10 1 2 11 1 2 17 1 3 10 2 3 14 1 4 11 2 4 16 1 5 12 1 5 15 1 5 16 1 6 13 2 6 15 1 7 14 2 7 16 1 8 15 1 8 17 1 9 17 1
R 49136 54 81 6 414 3 1 2 0 2 4 1 5 4 0 2 3 1 2 3 0 3 5 0 2 3 0 2 1 3 4 0 4 0 1 3 4 5 5 3 1 2 1 3 1 0 2 4 0 2 0 2 4 0 1 4 1 0 3 4 5 0 1 5 3 2 0 3 1 4 5 0 5 4 2 4 1 4 1 5 3 2 5 3 5 2 | 18 25  0 7 2 0 10 1 1 8 1 1 12 1 1 13 1 2 9 1 2 12 1 2 15 1 3 10 1 3 13 1 3 14 1 4 11 1 4 13 1 4 17 1 5 11 2 5 15 1 6 12 1 6 14 1 6 16 1 7 16 1 8 16 1 8 17 1 9 14 1 9 15 1 10 17 1
R 88941 54 81 6 93 3 4 5 1 5 3 0 1 2 3 4 5 2 1 0 4 3 1 0 2 5 1 2 3 3 2 4 0 2 5 2 3 0 3 0 1 1 0 4 2 0 1 4 0 5 0 3 1 3 2 4 2 1 4 0 1 2 0 4 2 4 3 5 1 2 0 4 5 3 2 0 5 4 1 3 4 5 5 1 3 5 | 18 26  0 7 1 0 9 1 0 12 1 1 8 1 1 13 1 1 14 1 2 10 1 2 12 1 2 15 1 3 10 1 3 15 1 3 17 1 4 11 2 4 14 1 5 11 1 5 16 1 5 17 1 6 15 1 6 16 1 6 17 1 7 9 1 7 12 1 8 13 1 8 14 1 9 13 1 10 16 1
R 55321 54 81 6 277 3 1 2 0 3 4 2 1 3 0 2 3 2 4 1 1 3 0 4 2 3 0 2 1 1 4 0 0 5 2 3 4 5 1 2 0 1 3 4 2 0 3 0 5 4 4 1 5 2 4 1 4 0 3 4 5 0 5 2 1 4 0 5 1 4 5 3 0 5 5 4 2 1 0 5 3 2 3 3 1 2 | 18 26  0 7 2 0 10 1 1 8 1 1 12 1 1 14 1 2 9 1 2 15 1 2 16 1 3 10 1 3 11 1 3 12 1 4 11 1 4 12 1 4 13 1 5 11 1 5 13 1 5 15 1 6 13 1 6 16 1 6 17 1 7 14 1 8 14 1 8 15 1 9 16 1 9 17 1 10 17 1
R 13133 54 81 6 154 1 2 3 0 4 1 3 5 1 2 1 3 4 5 0 2 1 4 0 1 2 0 2 3 3 4 5 0 2 1 0 1 3 0 2 4 0 2 1 4 3 1 2 5 4 3 2 1 3 4 0 0 3 1 0 4 5 3 2 5 2 4 0 4 5 0 1 3 2 3 5 0 3 4 5 1 5 4 1 2 5 | 18 26  0 8 1 0 9 2 1 9 1 1 16 1 1 17 1 2 10 1 2 12 1 2 13 1 3 10 1 3 12 1 3 14 1 4 11 1 4 12 1 4 13 1 5 11 1 5 13 1 5 15 1 6 14 1 6 15 1 6 16 1 7 14 1 7 15 1 7 17 1 8 16 1 8 17 1 10 11 1
R 85206 54 81 6 519 3 4 5 3 0 4 1 4 2 0 3 5 0 3 1 1 2 0 2 5 3 1 2 3 1 4 5 2 0 1 4 0 1 0 2 3 1 3 5 0 2 4 2 3 4 1 0 3 0 5 2 4 2 1 0 1 2 2 1 5 3 5 0 4 1 2 2 4 5 4 3 5 4 1 0 4 5 0 3 5 3 | 18 27  0 7 1 0 11 1 0 12 1 1 8 1 1 13 1 1 14 1 2 9 1 2 10 1 2 12 1 3 9 1 3 14 1 3 15 1 4 10 1 4 12 1 4 13 1 5 11 1 5 13 1 5 15 1 6 15 1 6 16 1 6 17 1 7 16 1 7 17 1 8 14 1 8 17 1 9 11 1 10 16 1
R 69318 54 81 6 86 3 4 5 1 2 4 2 0 3 1 2 4 0 5 1 1 0 3 3 2 0 1 2 3 0 4 1 3 4 2 0 2 5 0 1 3 3 1 4 3 5 4 0 1 2 0 1 2 2 1 4 3 1 0 0 1 2 5 0 3 1 4 5 3 5 0 4 2 3 2 4 5 1 5 4 4 5 3 2 0 5 | 18 27  0 7 1 0 10 1 0 11 1 1 8 1 1 13 1 1 14 1 2 9 1 2 15 1 2 16 1 3 10 1 3 11 1 3 12 1 4 11 1 4 12 1 4 15 1 5 13 1 5 14 1 5 15 1 6 13 1 6 14 1 6 17 1 7 10 1 7 12 1 8 16 1 8 17 1 9 16 1 9 17 1
R 66069 54 81 6 794 3 4 5 1 5 4 2 1 0 1 0 2 3 2 4 0 3 4 1 4 2 1 2 3 3 0 5 4 0 1 0 2 5 4 2 5 2 4 0 0 1 3 0 2 1 2 1 3 3 5 4 1 4 0 0 1 2 2 3 0 3 5 4 3 4 5 0 1 5 1 5 2 3 5 0 4 5 4 1 2 3 | 18 24  0 7 1 0 10 1 0 13 1 1 8 1 1 14 1 1 15 1 2 9 2 2 15 1 3 11 1 3 13 1 3 17 1 4 11 2 4 13 1 5 12 1 5 15 1 5 17 1 6 12 2 6 16 1 7 10 1 7 14 1 8 14 1 8 16 1 9 16 1 10 17 1
R 28731 54 81 6 239 3 4 5 2 0 1 2 4 5 2 4 1 3 0 1 0 1 2 4 5 2 0 5 3 1 2 3 1 4 5 1 0 2 2 5 0 3 0 1 2 0 3 3 4 5 1 0 4 3 5 1 0 2 4 0 1 2 3 5 4 0 1 3 3 5 0 4 5 2 4 3 5 1 3 0 4 2 1 5 4 2 | 18 25  0 8 1 0 13 1 0 15 1 1 9 1 1 12 1 1 13 1 2 9 1 2 14 1 2 17 1 3 10 1 3 13 1 3 14 1 4 10 2 4 16 1 5 11 1 5 15 1 5 17 1 6 11 2 6 16 1 7 12 1 7 14 1 7 17 1 8 15 1 8 16 1 9 12 1
R 41700 54 81 6 99 3 4 5 2 1 5 4 0 5 1 2 0 0 4 2 2 1 3 5 0 2 1 2 3 3 4 1 2 5 0 0 2 3 0 1 2 3 1 0 1 0 4 3 2 0 5 4 2 0 1 2 1 3 0 0 1 2 0 3 4 1 3 2 4 5 3 5 3 1 4 5 0 1 3 4 4 5 5 2 4 5 | 18 24  0 7 1 0 10 1 0 13 1 1 8 1 1 11 2 2 9 2 2 12 1 3 10 1 3 14 1 3 15 1 4 11 1 4 13 1 4 14 1 5 12 2 5 15 1 6 15 1 6 16 1 6 17 1 7 14 1 7 17 1 8 16 1 8 17 1 9 16 1 10 13 1
R 74953 54 81 6 1021 1 2 3 1 2 5 0 4 2 1 4 0 0 3 2 2 4 3 1 2 4 3 4 5 5 0 1 0 2 1 2 0 1 3 1 4 3 4 5 1 2 0 0 3 5 1 4 3 0 3 2 0 5 3 0 4 5 3 4 0 3 5 1 3 2 5 5 1 4 5 0 1 0 3 5 1 2 2 4 4 2 | 18 26  0 7 1 0 9 2 1 8 1 1 14 1 1 15 1 2 9 1 2 15 1 2 17 1 3 10 1 3 12 1 3 13 1 4 10 1 4 12 1 4 13 1 5 11 1 5 12 1 5 14 1 6 11 1 6 13 1 6 16 1 7 16 1 7 17 1 8 15 1 8 16 1 10 17 1 11 14 1
R 47838 54 81 6 39572 3 4 5 2 0 3 5 1 2 1 2 0 0 3 4 1 4 5 5 0 2 1 2 3 5 3 0 4 2 1 0 2 3 1 4 2 3 2 4 2 3 0 1 4 0 3 0 1 1 0 4 1 3 5 0 1 2 1 4 5 0 3 4 4 5 3 5 1 2 0 3 2 1 3 4 4 5 2 5 0 5 | 18 24  0 7 1 0 10 1 0 17 1 1 8 2 1 14 1 2 9 2 2 15 1 3 10 2 3 11 1 4 11 1 4 13 1 4 14 1 5 12 1 5 14 1 5 15 1 6 12 1 6 16 1 6 17 1 7 13 1 7 15 1 8 16 1 9 16 1 11 17 1 12 13 1
R 76878 54 81 6 2472 3 4 5 0 3 4 1 2 5 1 5 2 0 3 2 1 5 0 4 0 1 1 2 3 2 4 3 0 2 3 2 0 4 0 1 3 3 1 4 0 1 2 0 5 2 4 3 1 0 2 5 3 1 4 0 1 2 5 2 1 4 3 0 3 4 0 1 5 4 3 4 2 5 3 2 4 5 0 1 5 5 | 18 27  0 7 1 0 9 1 0 11 1 1 8 1 1 12 1 1 14 1 2 9 1 2 14 1 2 17 1 3 10 1 3 11 1 3 12 1 4 10 1 4 11 1 4 13 1 5 13 1 5 14 1 5 15 1 6 13 1 6 16 1 6 17 1 7 16 1 7 17 1 8 15 1 8 16 1 9 12 1 10 15 1
R 70758 54 81 6 1006 3 4 5 2 4 3 1 2 5 0 1 2 0 5 1 2 4 3 5 0 3 1 2 3 1 0 2 0 2 3 5 4 2 2 0 1 3 0 2 3 1 4 0 2 5 1 3 2 1 4 0 0 1 3 0 1 2 5 0 1 4 3 0 3 4 5 4 2 3 5 1 0 1 4 2 4 5 3 4 5 5 | 18 25  0 7 1 0 9 1 0 17 1 1 8 1 1 10 2 2 9 1 2 11 1 2 13 1 3 10 1 3 15 1 3 17 1 4 11 1 4 13 1 4 14 1 5 12 1 5 14 1 5 15 1 6 12 2 6 16 1 7 14 1 7 16 1 8 16 1 8 17 1 9 13 1 11 15 1
R 77859 54 81 6 93 3 4 5 0 2 1 1 2 0 0 1 2 3 4 5 3 4 1 0 2 5 1 2 3 4 5 0 0 2 3 2 3 0 1 0 4 2 4 1 0 3 1 3 2 1 0 3 2 4 0 1 0 3 4 0 1 2 3 4 5 4 3 5 4 3 5 1 2 0 0 2 5 4 3 1 4 5 1 2 5 5 | 18 27  0 7 1 0 9 1 0 11 1 1 8 1 1 14 1 1 15 1 2 9 1 2 12 1 2 14 1 3 10 1 3 11 1 3 13 1 4 10 1 4 13 1 4 14 1 5 12 1 5 16 1 5 17 1 6 13 1 6 16 1 6 17 1 7 15 1 7 16 1 8 15 1 8 17 1 9 11 1 10 12 1
R 49638 54 81 6 245 3 4 5 1 4 3 0 1 2 1 2 0 3 2 4 1 0 4 0 2 3 1 2 3 0 2 1 5 2 1 0 2 4 4 0 2 2 5 4 0 1 3 2 1 0 1 2 5 1 3 4 1 0 3 0 1 2 5 0 2 3 4 5 5 3 4 1 0 5 3 5 2 1 5 4 4 5 3 4 0 3 | 18 25  0 7 1 0 10 1 0 17 1 1 8 1 1 12 1 1 13 1 2 9 2 2 13 1 3 10 1 3 12 1 3 13 1 4 11 1 4 15 1 4 17 1 5 11 2 5 16 1 6 12 1 6 14 1 6 15 1 7 14 1 7 16 1 8 15 1 8 17 1 9 16 1 10 14 1
R 22226 54 81 6 152 3 4 5 3 4 0 2 0 1 1 5 4 0 1 4 3 2 0 4 3 2 0 1 2 1 2 3 1 0 4 2 4 3 4 3 0 0 2 3 1 2 4 2 0 3 1 0 4 2 0 1 1 0 3 0 1 2 2 1 5 3 5 4 0 3 2 2 3 5 1 5 4 1 5 0 4 3 5 5 4 5 | 18 24  0 8 1 0 14 1 0 15 1 1 9 1 1 10 2 2 9 2 2 14 1 3 10 1 3 16 1 3 17 1 4 11 1 4 13 1 4 14 1 5 11 1 5 16 1 5 17 1 6 12 2 6 13 1 7 12 1 7 15 1 7 17 1 8 15 1 8 16 1 11 13 1
R 7006 54 81 6 1285 3 4 5 1 2 0 3 4 1 0 2 4 3 0 2 1 0 2 4 3 5 5 0 1 1 2 3 0 2 3 1 4 0 1 3 2 5 3 2 3 4 1 1 2 0 0 5 4 3 2 5 1 0 4 0 1 2 4 5 3 2 5 0 5 3 1 4 5 1 4 5 3 0 1 2 2 4 3 4 5 0 | 18 24  0 8 1 0 9 1 0 17 1 1 9 2 1 10 1 2 10 2 2 16 1 3 11 1 3 14 1 3 15 1 4 11 1 4 14 1 4 16 1 5 12 1 5 13 1 5 17 1 6 12 2 6 15 1 7 13 1 7 14 1 7 15 1 8 16 1 8 17 1 11 13 1
R 89156 54 81 6 710 3 4 5 1 2 3 0 3 1 4 2 1 0 5 2 0 4 5 0 2 4 1 2 3 3 4 1 0 2 5 1 2 0 1 3 5 1 0 4 2 0 1 4 0 3 3 4 5 4 0 2 2 4 1 0 1 2 0 4 5 4 2 5 3 5 0 4 1 3 2 1 3 3 5 1 4 5 2 5 3 0 | 18 26  0 7 1 0 9 1 0 12 1 1 8 1 1 13 1 1 14 1 2 10 1 2 14 1 2 17 1 3 10 2 3 15 1 4 11 1 4 15 1 4 16 1 5 11 1 5 16 1 5 17 1 6 12 1 6 13 1 6 14 1 7 9 1 7 12 1 8 15 1 8 16 1 9 13 1 11 17 1
R 80913 54 81 6 1834 3 4 5 4 3 5 3 4 5 1 0 4 0 1 2 1 2 3 0 2 5 1 2 3 5 0 2 2 0 4 2 1 4 0 2 3 0 3 4 1 5 2 3 0 1 3 2 1 1 0 3 0 1 4 0 1 2 1 0 2 1 0 2 3 2 5 3 5 4 4 5 0 1 3 4 4 5 4 3 5 5 | 18 26  0 7 1 0 11 1 0 12 1 1 8 1 1 15 1 1 16 1 2 9 1 2 10 1 2 17 1 3 9 1 3 14 1 3 16 1 4 10 2 4 16 1 5 11 1 5 12 1 5 13 1 6 12 1 6 13 1 6 14 1 7 13 1 7 17 1 8 15 1 8 17 1 9 15 1 11 14 1
R 15526 54 81 6 463 1 2 3 5 3 4 0 1 3 1 0 2 0 4 1 2 4 5 0 1 4 3 2 1 3 4 5 1 4 3 2 0 3 0 2 1 3 4 0 3 4 1 2 1 0 5 4 0 1 4 2 0 3 1 0 4 5 0 2 1 5 4 2 4 5 3 3 2 5 1 3 0 2 5 3 0 5 4 1 2 5 | 18 23  0 8 1 0 11 2 1 9 2 1 10 1 2 9 1 2 14 1 2 15 1 3 10 2 3 16 1 4 11 1 4 12 1 4 14 1 5 12 1 5 14 1 5 16 1 6 13 2 6 15 1 7 13 1 7 16 1 7 17 1 8 15 1 8 17 1 12 17 1
R 30458 54 81 6 2301 3 4 5 0 2 1 3 4 5 2 0 4 1 4 5 1 2 3 0 1 2 0 5 4 1 2 3 1 4 0 5 4 3 0 2 3 0 1 4 4 1 5 3 2 0 0 1 2 2 4 1 0 3 2 0 1 2 3 5 4 2 0 1 1 3 5 0 2 3 4 5 0 5 3 4 3 2 1 4 5 5 | 18 26  0 8 1 0 11 1 0 12 1 1 9 1 1 14 1 1 17 1 2 9 1 2 16 1 2 17 1 3 10 1 3 15 1 3 17 1 4 10 2 4 16 1 5 11 1 5 12 1 5 13 1 6 11 1 6 13 1 6 14 1 7 12 1 7 13 1 7 14 1 8 15 1 8 16 1 9 15 1
R 58321 54 81 6 3259 3 1 2 0 3 4 1 0 5 3 2 4 4 5 3 1 0 3 1 2 4 0 2 1 1 2 0 4 5 0 0 4 3 2 0 3 1 5 4 3 4 5 1 0 4 3 2 1 5 2 4 3 0 1 4 5 0 5 1 2 2 3 4 5 1 0 1 0 2 4 2 5 3 0 5 3 3 4 1 2 5 | 18 24  0 7 2 0 13 1 1 8 1 1 13 1 1 14 1 2 9 2 2 15 1 3 10 1 3 11 1 3 15 1 4 10 1 4 12 2 5 11 1 5 13 1 5 14 1 6 12 1 6 16 1 6 17 1 7 14 1 8 16 1 8 17 1 9 16 1 10 17 1 11 15 1
R 66033 54 81 6 508 3 4 5 1 5 2 0 3 4 0 3 2 4 1 5 0 1 4 5 3 2 1 2 3 0 2 1 1 4 3 0 2 5 5 1 2 2 3 4 0 1 3 3 1 4 2 0 4 1 2 5 0 5 3 0 1 2 3 4 0 2 5 1 4 5 1 0 3 2 5 3 2 0 1 4 4 5 5 4 0 3 | 18 24  0 7 1 0 10 1 0 13 1 1 8 1 1 13 1 1 14 1 2 9 2 2 15 1 3 11 1 3 13 1 3 17 1 4 11 2 4 14 1 5 12 1 5 16 1 5 17 1 6 12 2 6 16 1 7 10 1 7 14 1 8 15 1 8 17 1 9 16 1 10 15 1
R 47900 54 81 6 95 3 4 5 2 0 1 2 3 5 1 2 0 3 4 1 0 2 1 3 0 2 1 2 3 4 1 2 1 5 3 0 2 3 4 2 1 0 1 3 2 3 1 2 0 5 0 4 1 2 4 0 3 0 1 0 1 2 5 4 3 0 4 1 4 3 5 0 5 2 5 4 3 5 1 4 4 5 0 3 2 5 | 18 25  0 7 1 0 10 1 0 12 1 1 8 1 1 12 1 1 16 1 2 9 2 2 14 1 3 10 1 3 11 2 4 11 1 4 16 1 4 17 1 5 12 1 5 13 1 5 15 1 6 13 1 6 16 1 6 17 1 7 14 1 7 15 1 8 13 1 8 14 1 9 15 1 10 17 1
R 11753 54 81 6 126 3 1 2 0 2 3 4 3 1 0 1 2 2 4 0 1 3 0 0 2 3 1 4 5 0 2 1 3 4 5 2 1 4 1 2 0 0 1 3 4 0 3 4 2 0 3 1 2 1 4 0 3 0 1 4 5 0 1 4 5 0 2 5 3 5 4 3 1 5 5 4 2 4 1 5 2 3 0 3 2 5 | 18 26  0 8 2 0 9 1 1 9 1 1 11 1 1 12 1 2 10 1 2 12 1 2 13 1 3 10 1 3 15 1 3 17 1 4 11 1 4 13 1 4 17 1 5 11 1 5 15 1 5 16 1 6 12 1 6 14 1 6 16 1 7 13 1 7 14 1 7 15 1 8 16 1 9 17 1 10 14 1
R 80722 54 81 6 100 1 2 3 5 0 4 0 1 2 0 3 2 0 5 4 0 4 1 1 3 2 3 4 5 3 2 0 2 4 5 3 4 2 0 2 1 0 1 3 5 1 2 1 3 5 2 1 4 3 4 0 0 3 1 0 4 5 1 2 3 3 5 4 1 5 4 1 3 2 3 2 5 0 5 4 1 2 4 5 0 0 | 18 26  0 7 1 0 11 2 1 8 1 1 12 1 1 15 1 2 9 1 2 10 1 2 12 1 3 9 1 3 12 1 3 13 1 4 10 1 4 13 1 4 14 1 5 11 1 5 16 1 5 17 1 6 15 1 6 16 1 6 17 1 7 16 1 7 17 1 8 14 1 8 15 1 9 13 1 10 14 1
R 26339 54 81 6 1138 3 1 2 3 0 2 2 4 5 4 0 1 2 3 5 4 0 3 1 5 0 0 3 1 0 2 1 1 2 0 1 2 0 2 3 0 0 1 2 3 4 5 3 1 4 1 4 5 4 0 5 2 0 4 4 5 0 4 5 1 3 0 1 5 3 2 4 0 1 1 5 2 4 2 3 4 2 5 3 5 3 | 18 25  0 8 2 0 13 1 1 9 1 1 12 1 1 13 1 2 9 1 2 15 1 2 17 1 3 10 1 3 12 1 3 13 1 4 10 1 4 14 1 4 16 1 5 11 2 5 15 1 6 11 1 6 16 1 6 17 1 7 12 1 7 14 1 7 17 1 8 16 1 9 14 1 10 15 1
R 73033 54 81 6 8581 3 4 5 1 0 4 1 2 0 0 4 2 2 1 5 3 4 5 0 3 1 1 2 3 2 4 0 0 2 4 2 3 1 5 4 1 1 0 4 3 0 5 1 5 4 3 2 4 3 2 0 2 0 1 0 1 2 3 2 5 5 4 3 5 3 1 3 0 4 0 2 1 2 5 4 5 4 1 5 3 0 | 18 26  0 7 1 0 9 1 0 12 1 1 8 1 1 13 1 1 16 1 2 9 1 2 10 1 2 14 1 3 10 1 3 12 1 3 13 1 4 11 1 4 14 1 4 17 1 5 11 2 5 16 1 6 14 1 6 15 1 6 16 1 7 12 1 7 13 1 8 15 1 8 17 1 9 17 1 10 15 1
R 71200 54 81 6 194 3 4 5 2 1 4 1 2 3 0 3 1 0 4 2 3 5 0 2 0 1 1 2 3 3 4 5 0 2 3 0 1 2 1 2 0 0 1 4 1 4 5 3 2 0 3 4 0 0 1 4 2 0 3 0 1 2 0 3 5 4 5 0 4 2 5 5 3 1 4 2 1 3 5 4 4 5 2 1 5 3 | 18 26  0 7 1 0 9 1 0 12 1 1 8 1 1 10 2 2 9 1 2 12 1 2 13 1 3 10 1 3 15 1 3 17 1 4 11 1 4 12 1 4 15 1 5 11 1 5 13 1 5 14 1 6 13 1 6 14 1 6 17 1 7 14 1 7 15 1 8 16 1 8 17 1 9 16 1 11 16 1
R 12075 54 81 6 461 1 2 3 0 4 1 3 1 4 5 2 0 0 2 4 1 3 2 1 2 3 2 0 4 3 4 5 0 2 1 4 0 3 1 0 4 2 3 1 3 4 0 2 3 4 3 4 1 5 0 2 5 1 0 0 4 5 3 2 5 5 2 0 1 4 3 3 5 1 5 0 4 5 0 4 1 5 3 1 2 2 | 18 26  0 8 1 0 9 2 1 9 1 1 13 1 1 14 1 2 10 1 2 11 1 2 12 1 3 10 1 3 12 1 3 17 1 4 11 1 4 12 1 4 13 1 5 11 1 5 15 1 5 17 1 6 13 1 6 14 1 6 16 1 7 14 1 7 15 1 7 16 1 8 16 1 8 17 1 10 15 1
R 89870 54 81 6 223 1 2 3 1 4 5 0 2 3 0 1 2 3 1 5 0 4 2 3 4 5 2 0 1 1 3 0 2 3 5 4 5 1 0 2 1 2 3 4 0 1 4 3 0 4 3 2 1 2 0 4 0 5 3 0 4 5 3 0 2 4 1 5 4 3 5 0 2 4 3 5 1 1 2 5 4 2 5 1 0 3 | 18 25  0 6 1 0 11 2 1 7 1 1 12 1 1 13 1 2 8 1 2 12 1 2 13 1 3 9 1 3 13 1 3 14 1 4 10 2 4 15 1 5 11 1 5 15 1 5 17 1 6 16 1 6 17 1 7 12 1 7 17 1 8 14 1 8 16 1 9 14 1 9 15 1 10 16 1
R 95057 54 81 6 150 3 4 5 3 1 5 1 0 3 0 1 2 2 0 1 0 2 4 1 2 3 0 5 3 3 4 1 3 2 5 0 2 5 1 0 4 1 0 4 2 0 1 1 2 4 3 0 2 5 3 4 4 3 2 0 1 2 4 2 0 2 4 5 4 3 5 3 5 4 3 5 1 4 5 2 1 0 5 1 0 3 | 18 26  0 6 1 0 10 1 0 12 1 1 7 1 1 11 1 1 17 1 2 8 1 2 13 1 2 14 1 3 9 1 3 14 1 3 15 1 4 11 2 4 15 1 5 12 1 5 13 1 5 16 1 6 10 1 6 12 1 7 16 1 7 17 1 8 14 1 8 17 1 9 15 1 9 16 1 10 13 1
R 76242 54 81 6 1418 3 4 5 0 1 4 1 2 3 0 2 3 1 0 4 3 0 2 1 4 5 1 2 3 2 3 0 0 2 3 3 5 4 5 4 3 2 1 3 2 1 4 1 0 2 0 3 1 2 0 4 3 0 1 0 1 2 5 3 2 4 0 5 1 4 5 2 5 3 1 5 4 0 2 3 4 5 4 1 5 0 | 18 26  0 7 1 0 9 1 0 15 1 1 8 1 1 13 1 1 17 1 2 9 1 2 13 1 2 14 1 3 10 1 3 12 1 3 13 1 4 10 1 4 12 1 4 14 1 5 11 1 5 15 1 5 17 1 6 11 2 6 16 1 7 14 1 7 17 1 8 15 1 8 16 1 9 16 1 10 12 1
R 95477 54 81 6 178 3 4 5 0 1 2 0 1 4 2 1 3 5 0 1 0 2 3 1 2 3 2 3 5 2 4 1 4 3 5 0 2 5 1 0 4 3 4 1 0 2 1 0 4 3 2 3 0 5 2 3 0 1 4 0 1 2 4 3 5 3 2 5 0 4 5 3 2 4 1 4 5 4 5 0 1 5 0 1 2 3 | 18 27  0 6 1 0 10 1 0 11 1 1 7 1 1 11 1 1 12 1 2 8 1 2 12 1 2 13 1 3 9 1 3 13 1 3 14 1 4 13 1 4 14 1 4 15 1 5 14 1 5 16 1 5 17 1 6 10 1 6 11 1 7 12 1 7 15 1 8 15 1 8 16 1 9 16 1 9 17 1 10 17 1
R 57800 54 81 6 481 1 2 3 3 1 0 2 3 4 0 3 2 0 1 2 5 1 3 0 4 1 3 4 5 2 0 1 5 4 2 5 2 4 3 1 2 0 2 1 3 5 1 0 3 4 0 4 3 0 2 4 0 5 1 0 4 5 4 5 2 0 1 5 1 5 4 3 4 5 0 4 2 3 2 5 1 2 3 1 3 0 | 18 24  0 7 1 0 12 2 1 8 2 1 13 1 2 9 1 2 14 1 2 16 1 3 10 1 3 11 1 3 17 1 4 10 1 4 13 1 4 14 1 5 11 2 5 15 1 6 12 1 6 14 1 6 15 1 7 16 1 7 17 1 8 16 1 9 15 1 9 17 1 10 13 1
R 51361 54 81 6 152 3 4 5 2 4 5 3 0 1 1 2 0 1 0 2 3 4 5 3 0 4 1 2 3 0 1 2 2 1 5 0 2 3 5 4 2 0 3 5 3 2 4 1 4 0 2 1 0 3 0 1 1 3 4 0 1 2 3 1 0 4 2 5 4 5 3 3 4 5 0 1 2 1 2 5 4 5 4 5 3 0 | 18 25  0 7 1 0 10 1 0 17 1 1 8 1 1 12 1 1 13 1 2 9 1 2 12 1 2 13 1 3 10 2 3 14 1 4 11 1 4 16 1 4 17 1 5 11 2 5 16 1 6 13 1 6 14 1 6 15 1 7 15 1 7 16 1 8 12 1 8 14 1 9 15 1 9 17 1
R 10771 54 81 6 90 3 1 2 0 2 3 1 3 5 4 0 2 4 1 3 0 2 3 2 4 1 4 0 2 0 2 1 3 4 5 2 4 3 2 3 1 1 2 0 0 1 2 4 1 3 0 3 4 2 4 0 4 1 0 4 5 0 1 4 5 0 4 2 1 5 3 0 5 2 4 1 5 3 0 5 3 5 1 3 2 5 | 18 25  0 8 2 0 9 1 1 9 1 1 12 1 1 13 1 2 10 1 2 13 1 2 14 1 3 10 1 3 15 1 3 17 1 4 11 2 4 15 1 5 11 1 5 16 1 5 17 1 6 12 1 6 14 1 6 16 1 7 13 1 7 14 1 7 15 1 8 16 1 9 17 1 10 12 1
R 91163 54 81 6 218 3 4 5 1 0 4 0 1 2 4 5 1 1 2 5 3 0 5 1 2 3 2 3 0 2 3 0 2 1 4 0 2 3 5 0 1 1 0 4 3 4 2 4 0 3 1 3 2 0 2 5 3 1 4 0 1 2 5 3 2 4 3 5 3 0 2 4 3 0 2 4 1 4 5 4 1 1 5 5 0 5 | 18 26  0 6 1 0 10 1 0 12 1 1 7 1 1 11 1 1 17 1 2 8 1 2 12 1 2 13 1 3 9 1 3 13 1 3 14 1 4 10 1 4 16 1 4 17 1 5 11 2 5 13 1 6 16 1 6 17 1 7 15 1 7 16 1 8 14 1 8 15 1 9 14 1 9 15 1 10 12 1
R 10653 54 81 6 208 3 1 2 0 2 3 3 2 4 1 0 5 1 4 0 2 0 3 2 4 1 0 5 3 0 2 1 3 4 5 4 1 3 3 0 1 1 2 0 0 4 2 0 1 4 3 2 5 2 4 0 1 3 0 4 5 0 1 4 5 0 1 5 2 3 4 2 3 5 4 5 1 3 0 5 2 1 4 3 2 5 | 18 25  0 8 2 0 9 1 1 9 1 1 12 1 1 13 1 2 10 1 2 13 1 2 14 1 3 10 1 3 14 1 3 15 1 4 11 1 4 13 1 4 17 1 5 11 2 5 16 1 6 12 1 6 15 1 6 16 1 7 14 1 7 15 1 7 17 1 8 16 1 9 17 1 10 12 1
R 57815 54 81 6 271 1 2 3 2 1 4 2 0 1 0 2 4 3 4 1 3 1 2 0 4 1 3 4 5 0 3 2 4 1 0 1 3 0 2 1 5 0 2 1 0 1 2 0 3 4 3 2 0 5 3 4 3 5 1 0 4 5 5 3 0 3 5 4 5 3 1 2 5 0 0 4 5 3 2 5 1 2 1 4 2 4 | 18 24  0 7 1 0 12 2 1 8 1 1 13 1 1 17 1 2 9 2 2 15 1 3 10 1 3 11 1 3 14 1 4 10 1 4 13 1 4 16 1 5 11 2 5 14 1 6 12 1 6 14 1 6 15 1 7 15 1 7 17 1 8 16 1 8 17 1 9 16 1 10 13 1
R 41246 54 81 6 5615 1 2 3 4 2 3 1 3 5 0 4 1 0 1 2 0 4 2 2 4 3 3 4 5 1 3 4 5 2 1 0 2 1 0 2 4 0 3 1 3 4 0 3 2 1 4 0 3 0 4 2 1 5 0 0 4 5 0 1 5 0 2 4 3 2 5 3 4 5 5 1 3 1 5 0 1 2 2 5 3 4 | 18 23  0 7 1 0 10 2 1 8 1 1 11 2 2 9 1 2 12 2 3 10 1 3 13 1 3 14 1 4 11 1 4 14 1 4 15 1 5 12 1 5 15 1 5 17 1 6 13 2 6 14 1 7 16 1 7 17 1 8 15 1 8 16 1 9 16 1 9 17 1
R 317 54 81 6 102 3 4 5 0 2 1 1 2 0 1 0 4 2 4 3 4 1 2 3 0 5 0 3 4 1 2 0 1 2 3 0 2 4 3 4 0 5 0 4 2 0 4 1 3 2 5 0 1 1 3 2 0 1 4 0 1 2 4 5 3 3 5 4 2 3 5 1 5 0 3 0 5 1 2 4 1 5 2 5 4 3 | 18 23  0 9 1 0 10 1 0 17 1 1 9 2 1 15 1 2 10 2 2 15 1 3 11 1 3 13 1 3 16 1 4 11 2 4 16 1 5 12 1 5 14 1 5 17 1 6 12 2 6 16 1 7 13 1 7 14 1 7 15 1 8 13 1 8 14 1 8 17 1
R 9753 54 81 6 425 1 2 3 0 4 2 0 3 4 4 1 5 2 0 1 3 4 1 0 3 2 2 1 5 3 4 5 0 2 1 5 2 3 1 4 0 2 3 4 0 1 3 2 1 5 3 1 0 4 0 2 5 0 3 0 4 5 3 5 1 1 5 2 0 3 2 3 5 4 2 5 0 1 4 5 0 4 3 1 2 4 | 18 25  0 8 1 0 9 2 1 9 1 1 15 1 1 17 1 2 10 1 2 12 1 2 13 1 3 10 1 3 14 1 3 15 1 4 11 1 4 13 1 4 17 1 5 11 2 5 14 1 6 12 1 6 13 1 6 16 1 7 12 1 7 15 1 7 16 1 8 16 1 8 17 1 10 14 1
R 4843 54 81 6 1523 3 1 2 2 4 3 0 3 2 2 5 1 3 0 1 2 4 0 1 0 5 3 4 5 0 2 1 0 3 4 1 2 0 2 1 0 5 4 2 3 4 5 0 1 3 5 1 3 4 1 0 2 4 3 4 5 0 1 5 0 4 1 5 3 4 0 4 5 2 3 5 1 3 4 2 0 1 2 3 2 5 | 18 23  0 8 2 0 13 1 1 9 2 1 15 1 2 10 1 2 13 1 2 14 1 3 10 1 3 15 1 3 17 1 4 11 2 4 13 1 5 11 1 5 16 1 5 17 1 6 12 1 6 14 1 6 15 1 7 12 2 7 14 1 8 16 1 9 16 1 10 17 1
R 54456 54 81 6 90 1 2 3 3 0 4 2 1 4 0 4 2 1 2 0 2 0 1 3 5 4 3 4 5 5 2 0 5 4 1 0 2 1 0 1 4 1 2 3 0 3 2 4 1 0 1 4 3 4 2 5 5 0 3 0 4 5 1 2 5 3 0 5 3 5 1 5 4 3 3 5 4 1 2 0 1 2 4 3 2 0 | 18 26  0 7 1 0 10 2 1 8 1 1 11 1 1 12 1 2 9 1 2 12 1 2 13 1 3 10 1 3 15 1 3 17 1 4 11 1 4 12 1 4 14 1 5 11 1 5 14 1 5 17 1 6 13 1 6 14 1 6 15 1 7 16 1 7 17 1 8 13 1 8 16 1 9 15 1 9 16 1
R 80374 54 81 6 85 3 4 5 1 5 2 3 4 2 1 0 2 5 0 1 1 2 0 0 3 4 1 2 3 0 4 5 2 1 4 1 0 3 0 2 3 1 4 2 2 3 0 3 0 5 3 1 4 4 2 0 1 3 5 0 1 2 3 4 0 0 5 1 3 5 4 2 4 3 4 5 3 5 1 2 4 5 2 1 5 0 | 18 25  0 7 1 0 11 1 0 17 1 1 8 1 1 14 1 1 15 1 2 9 1 2 10 1 2 14 1 3 9 1 3 15 1 3 17 1 4 10 2 4 16 1 5 11 2 5 12 1 6 12 1 6 13 1 6 14 1 7 13 1 7 16 1 8 15 1 8 16 1 9 13 1 12 17 1
R 3893 54 81 6 142 3 1 2 0 2 4 2 0 4 3 4 5 1 0 3 0 2 3 0 1 3 2 5 1 0 2 1 3 4 2 5 4 2 3 0 2 3 4 5 5 3 1 1 0 2 1 0 4 4 1 5 3 1 0 4 5 0 1 5 3 3 1 5 0 1 2 4 5 2 1 4 5 2 4 5 0 3 4 3 0 2 | 18 22  0 8 2 0 12 1 1 9 2 1 14 1 2 10 1 2 11 1 2 17 1 3 10 2 3 15 1 4 11 2 4 16 1 5 12 1 5 14 1 5 15 1 6 13 2 6 14 1 7 13 1 7 15 1 7 17 1 8 16 1 9 16 1 12 17 1
R 22461 54 81 6 396 3 4 5 4 5 3 3 2 4 2 0 1 0 1 4 2 3 5 0 1 2 0 4 1 1 2 3 1 3 4 2 5 4 3 4 1 0 2 3 0 2 3 1 0 4 2 0 1 0 3 4 0 1 2 0 1 2 2 0 1 0 1 5 3 5 4 2 5 3 0 1 4 4 3 5 5 2 3 5 4 5 | 18 25  0 8 1 0 13 1 0 14 1 1 9 1 1 10 2 2 9 1 2 12 1 2 13 1 3 10 1 3 12 1 3 13 1 4 11 2 4 15 1 5 11 1 5 16 1 5 17 1 6 12 1 6 14 1 6 16 1 7 15 1 7 16 1 7 17 1 8 14 1 8 15 1 9 17 1
R 54744 54 81 6 148 1 2 3 3 4 5 2 0 1 0 4 2 3 4 0 0 1 2 2 0 1 3 4 5 1 0 3 1 4 5 0 2 1 0 4 2 1 3 4 3 0 2 1 4 2 3 1 0 3 2 0 5 0 3 0 4 5 2 1 0 3 5 4 3 5 1 5 2 1 3 5 4 3 5 4 1 2 4 5 0 2 | 18 26  0 7 1 0 10 2 1 8 1 1 11 1 1 12 1 2 9 1 2 13 1 2 16 1 3 10 1 3 15 1 3 17 1 4 11 1 4 12 1 4 13 1 5 11 1 5 12 1 5 15 1 6 14 1 6 16 1 6 17 1 7 16 1 7 17 1 8 13 1 8 14 1 9 14 1 9 15 1
R 70725 54 81 6 4289 3 1 2 2 3 4 0 2 3 1 0 4 0 4 2 0 1 3 0 2 5 0 2 1 1 4 3 3 4 5 5 0 3 2 5 3 4 3 5 4 0 1 0 2 1 3 1 2 5 4 1 0 2 1 4 5 0 0 5 1 1 4 5 2 3 5 1 3 5 2 4 5 1 4 3 3 2 2 4 0 0 | 18 25  0 7 2 0 9 1 1 8 2 1 10 1 2 9 1 2 11 1 2 13 1 3 10 1 3 14 1 3 15 1 4 11 1 4 13 1 4 14 1 5 12 1 5 14 1 5 17 1 6 12 1 6 15 1 6 17 1 7 16 1 8 16 1 9 13 1 10 17 1 11 15 1 12 16 1
R 44798 54 81 6 631 3 1 2 1 5 4 0 1 3 0 2 3 0 3 1 2 1 4 0 4 5 0 2 1 3 2 5 4 3 1 3 4 5 0 5 1 3 4 1 1 2 0 0 2 1 3 4 2 5 0 4 0 3 1 4 5 0 0 2 3 2 5 4 1 4 5 4 5 2 0 3 5 2 3 1 3 1 4 0 2 5 | 18 24  0 7 2 0 10 1 1 8 1 1 11 2 2 9 2 2 14 1 3 10 1 3 13 1 3 14 1 4 11 1 4 15 1 4 16 1 5 12 1 5 13 1 5 17 1 6 12 1 6 14 1 6 15 1 7 16 1 8 16 1 8 17 1 9 15 1 10 17 1 12 13 1
R 23070 54 81 6 15374 3 1 2 0 2 4 3 0 2 0 3 1 2 0 1 4 3 5 5 0 3 1 4 0 0 2 1 1 3 2 2 3 5 5 3 2 1 0 3 3 4 5 0 2 4 4 1 5 0 1 4 2 4 1 4 5 0 5 1 3 4 5 1 4 2 5 4 5 3 0 1 2 4 1 2 2 3 5 3 0 0 | 18 25  0 8 2 0 13 1 1 9 1 1 10 1 1 16 1 2 9 1 2 12 1 2 13 1 3 10 1 3 13 1 3 14 1 4 11 1 4 16 1 4 17 1 5 11 2 5 16 1 6 12 1 6 14 1 6 15 1 7 12 1 7 14 1 7 17 1 8 15 1 9 15 1 10 17 1
R 64589 54 81 6 84 3 4 5 0 1 2 0 1 3 4 0 1 5 2 3 1 2 4 0 3 1 1 2 3 2 4 5 4 5 0 3 2 4 0 2 5 1 0 3 3 4 1 2 1 3 0 5 3 0 1 2 4 2 0 0 1 2 3 4 5 2 5 4 5 2 3 0 1 4 3 5 0 2 4 5 4 5 0 1 1 3 | 18 26  0 7 1 0 11 1 0 12 1 1 8 1 1 12 1 1 13 1 2 9 1 2 14 1 2 15 1 3 10 1 3 15 1 3 17 1 4 10 2 4 16 1 5 11 1 5 12 1 5 13 1 6 13 1 6 14 1 6 16 1 7 11 1 7 17 1 8 14 1 8 17 1 9 15 1 9 16 1
R 86406 54 81 6 2650 3 4 5 3 2 5 0 1 2 3 4 5 0 1 4 4 3 0 0 1 2 1 2 3 5 1 2 2 4 0 2 4 0 1 3 2 0 2 3 1 0 4 3 1 0 0 2 3 0 1 3 1 0 4 0 1 2 0 1 4 3 4 5 1 0 2 3 2 5 1 2 5 4 3 5 5 4 4 3 5 5 | 18 27  0 7 1 0 12 1 0 13 1 1 8 1 1 15 1 1 16 1 2 9 1 2 11 1 2 12 1 3 9 1 3 11 1 3 17 1 4 10 1 4 14 1 4 16 1 5 10 1 5 16 1 5 17 1 6 12 1 6 13 1 6 14 1 7 13 1 7 14 1 8 15 1 8 17 1 9 11 1 10 15 1
R 91007 54 81 6 1444 3 4 5 2 3 5 1 5 2 5 1 4 1 2 0 1 4 3 1 2 3 5 0 1 2 3 4 2 0 5 0 2 3 4 3 2 0 1 3 0 1 4 0 5 2 1 3 4 5 0 4 1 3 2 0 1 2 4 0 1 0 4 3 3 0 2 4 3 5 5 2 0 4 5 3 2 5 1 1 4 5 | 18 26  0 6 1 0 10 1 0 12 1 1 7 1 1 11 2 2 8 1 2 12 1 2 13 1 3 9 1 3 15 1 3 16 1 4 10 1 4 16 1 4 17 1 5 11 1 5 13 1 5 17 1 6 14 1 6 15 1 7 14 1 7 15 1 8 12 1 8 14 1 9 16 1 9 17 1 10 13 1
R 73503 54 81 6 3325 3 4 5 0 1 4 1 2 3 0 1 2 4 1 5 2 0 5 0 1 4 1 2 3 3 4 5 0 2 3 2 5 3 0 5 1 1 0 4 1 2 0 2 0 4 3 4 2 4 0 3 4 2 1 0 1 2 2 3 5 4 0 5 4 3 5 2 3 0 4 1 3 3 5 2 4 5 1 0 5 1 | 18 26  0 7 1 0 9 1 0 12 1 1 8 1 1 13 1 1 14 1 2 9 1 2 10 1 2 13 1 3 10 1 3 12 1 3 16 1 4 11 2 4 15 1 5 11 1 5 16 1 5 17 1 6 14 1 6 15 1 6 16 1 7 13 1 7 17 1 8 14 1 8 17 1 9 12 1 10 15 1
R 89762 54 81 6 980 1 2 3 1 4 2 0 4 3 0 2 1 4 3 5 0 4 2 3 4 5 2 0 1 1 2 4 1 3 0 1 5 3 0 2 1 4 3 1 2 0 3 0 3 2 4 5 2 5 0 1 0 5 3 0 4 5 3 0 5 5 2 1 5 4 3 0 2 1 3 5 1 1 2 5 4 0 3 4 2 4 | 18 25  0 6 1 0 11 2 1 7 1 1 12 1 1 14 1 2 8 1 2 12 1 2 13 1 3 9 1 3 13 1 3 15 1 4 10 2 4 15 1 5 11 1 5 12 1 5 17 1 6 14 1 6 17 1 7 13 1 7 17 1 8 15 1 8 16 1 9 14 1 9 16 1 10 16 1
R 6940 54 81 6 230 3 1 2 0 4 3 1 2 3 0 1 3 0 3 5 0 2 4 1 5 4 0 5 2 0 2 1 3 4 1 0 2 3 2 3 5 3 4 2 2 4 1 1 4 5 2 0 1 0 1 5 3 0 4 4 5 0 2 5 1 4 5 0 4 2 5 1 4 2 1 5 3 0 3 2 3 4 1 3 5 0 | 18 24  0 8 2 0 9 1 1 9 2 1 10 1 2 10 1 2 13 1 2 14 1 3 11 1 3 14 1 3 15 1 4 11 1 4 15 1 4 16 1 5 12 2 5 15 1 6 12 1 6 16 1 6 17 1 7 13 1 7 16 1 7 17 1 8 14 1 10 17 1 11 13 1
R 21363 54 81 6 3576 3 4 5 0 3 2 0 1 2 1 4 5 1 3 0 5 4 0 0 1 2 4 2 3 1 2 3 2 5 3 1 3 0 0 4 2 3 2 5 3 1 2 0 2 5 1 0 4 3 4 1 1 0 4 0 1 2 1 4 5 4 5 3 2 0 3 5 4 2 1 3 2 4 3 5 0 1 5 4 5 0 | 18 24  0 8 1 0 14 1 0 15 1 1 9 1 1 10 2 2 9 1 2 13 1 2 14 1 3 10 1 3 16 1 3 17 1 4 11 1 4 13 1 4 17 1 5 11 2 5 16 1 6 12 1 6 15 1 6 17 1 7 12 2 7 16 1 8 14 1 8 15 1 9 13 1
R 65471 54 81 6 202 3 4 5 1 5 2 1 4 3 3 0 1 5 1 4 1 2 0 1 2 0 1 2 3 2 3 4 2 0 4 4 1 0 0 2 5 0 1 3 0 1 4 3 2 0 4 0 5 5 2 1 2 1 3 0 1 2 0 4 3 5 2 0 5 2 4 2 3 0 3 4 5 5 3 4 4 5 5 1 1 3 | 18 26  0 7 1 0 11 1 0 12 1 1 8 1 1 12 1 1 13 1 2 9 1 2 13 1 2 17 1 3 10 1 3 15 1 3 17 1 4 10 2 4 16 1 5 11 1 5 14 1 5 17 1 6 14 1 6 15 1 6 16 1 7 11 1 7 13 1 8 12 1 8 14 1 9 15 1 9 16 1
R 5438 54 81 6 879 3 4 5 1 0 2 0 2 4 1 3 2 3 1 5 0 4 5 1 0 4 1 2 0 1 2 3 3 2 0 3 4 2 5 4 1 2 0 4 1 0 4 0 3 5 0 1 2 0 5 2 0 1 3 0 1 2 4 5 3 1 5 3 0 4 5 0 4 2 2 3 1 3 2 5 5 3 4 5 4 1 | 18 24  0 8 1 0 12 1 0 13 1 1 9 2 1 13 1 2 10 2 2 15 1 3 10 1 3 16 1 3 17 1 4 11 1 4 15 1 4 17 1 5 11 2 5 16 1 6 12 1 6 14 1 6 15 1 7 12 1 7 16 1 7 17 1 8 13 1 8 14 1 9 14 1
R 91214 54 81 6 238 3 4 5 0 3 5 0 1 2 0 1 4 1 2 0 1 4 3 1 2 3 5 1 0 3 2 5 2 4 5 0 2 3 2 3 0 1 0 4 3 4 1 2 3 0 5 4 0 2 3 1 1 2 4 0 1 2 2 1 4 4 3 5 3 2 5 4 5 3 5 2 0 4 5 4 3 0 1 1 0 5 | 18 26  0 6 1 0 10 1 0 12 1 1 7 1 1 11 2 2 8 1 2 12 1 2 13 1 3 9 1 3 13 1 3 16 1 4 10 1 4 14 1 4 15 1 5 11 1 5 15 1 5 17 1 6 14 1 6 17 1 7 16 1 7 17 1 8 13 1 8 14 1 9 15 1 9 16 1 10 12 1
R 48593 54 81 6 179 1 2 3 4 5 3 5 4 0 0 4 1 2 3 4 2 1 3 1 0 2 3 4 5 2 1 4 2 0 1 0 2 1 3 4 0 0 1 3 4 2 0 2 3 4 1 5 3 0 4 2 1 0 3 0 4 5 0 2 1 3 1 2 3 2 5 1 0 5 4 5 0 5 3 4 1 2 5 3 4 5 | 18 25  0 7 1 0 10 2 1 8 1 1 12 1 1 13 1 2 9 1 2 14 1 2 15 1 3 10 1 3 11 2 4 11 1 4 15 1 4 17 1 5 12 1 5 13 1 5 14 1 6 14 1 6 16 1 6 17 1 7 16 1 7 17 1 8 12 1 8 13 1 9 15 1 9 16 1
R 43398 54 81 6 166 3 4 5 2 3 0 3 5 4 1 2 0 1 4 2 0 2 1 4 1 5 1 2 3 4 0 2 4 1 3 0 2 3 5 3 2 5 1 2 1 0 4 0 1 5 2 0 4 4 0 3 1 0 4 0 1 2 5 1 4 0 2 1 4 5 3 0 5 3 4 3 5 0 3 2 4 5 1 3 2 5 | 18 24  0 7 1 0 10 1 0 17 1 1 8 1 1 11 2 2 9 1 2 13 1 2 15 1 3 10 2 3 13 1 4 11 1 4 13 1 4 14 1 5 12 1 5 15 1 5 16 1 6 12 2 6 16 1 7 14 1 7 15 1 8 16 1 8 17 1 9 14 1 9 17 1
R 44169 54 81 6 248 3 4 5 4 2 0 0 2 4 1 2 4 1 3 5 0 2 3 4 1 3 1 2 3 1 0 2 1 4 5 0 2 4 5 3 4 5 3 2 3 2 5 1 0 4 1 3 2 0 3 1 4 0 1 0 1 2 3 5 1 3 1 5 5 0 3 0 2 4 1 4 5 0 5 2 4 5 4 2 0 3 | 18 24  0 7 1 0 10 1 0 16 1 1 8 2 1 11 1 2 9 1 2 13 1 2 15 1 3 10 1 3 13 1 3 14 1 4 11 2 4 15 1 5 12 2 5 14 1 6 12 1 6 16 1 6 17 1 7 13 1 7 17 1 8 16 1 9 14 1 9 15 1 10 17 1
R 92614 54 81 6 100 3 4 5 1 4 0 2 3 5 0 5 2 5 0 1 2 4 5 1 2 3 0 2 1 0 1 2 4 1 0 4 0 3 4 5 0 1 2 3 0 1 2 0 1 4 2 0 3 1 3 2 0 4 3 0 1 2 3 2 5 4 0 1 3 4 1 2 3 4 1 3 0 4 5 4 5 3 5 5 2 5 | 18 27  0 6 1 0 10 1 0 14 1 1 7 1 1 11 1 1 12 1 2 8 1 2 12 1 2 15 1 3 9 1 3 16 1 3 17 1 4 10 1 4 11 1 4 12 1 5 11 1 5 13 1 5 16 1 6 13 1 6 14 1 7 15 1 7 17 1 8 14 1 8 15 1 9 16 1 9 17 1 10 13 1
R 25669 54 81 6 811 3 4 5 1 4 5 0 3 2 0 1 4 3 2 5 0 1 2 3 4 1 0 5 2 1 2 3 2 0 1 5 2 4 4 2 1 4 2 3 0 3 1 0 2 3 0 1 4 3 0 5 3 0 1 0 1 2 3 0 2 4 1 5 3 5 2 0 1 4 3 5 4 0 5 2 3 1 4 4 5 5 | 18 25  0 8 1 0 14 1 0 15 1 1 9 1 1 12 1 1 13 1 2 9 1 2 12 1 2 13 1 3 10 1 3 12 1 3 17 1 4 10 2 4 13 1 5 11 2 5 14 1 6 11 1 6 15 1 6 16 1 7 15 1 7 16 1 7 17 1 8 16 1 8 17 1 9 14 1
R 26407 54 81 6 98 3 1 2 1 4 0 1 2 3 2 4 5 0 5 3 1 4 0 3 0 2 3 0 1 0 2 1 0 2 4 3 5 2 2 0 1 3 2 1 5 1 0 4 3 0 3 4 5 1 4 5 2 4 3 4 5 0 3 5 2 5 4 0 1 0 3 4 2 1 3 2 5 4 5 1 4 5 2 3 1 0 | 18 25  0 8 2 0 15 1 1 9 1 1 12 1 1 13 1 2 9 1 2 13 1 2 16 1 3 10 1 3 12 1 3 13 1 4 10 1 4 16 1 4 17 1 5 11 1 5 14 1 5 17 1 6 11 2 6 15 1 7 12 1 7 14 1 7 15 1 8 16 1 9 14 1 10 17 1
R 43931 54 81 6 2557 3 4 5 4 5 1 1 0 2 1 2 3 0 2 4 1 0 4 3 2 4 1 2 3 1 0 5 3 2 0 0 2 3 3 5 4 4 2 0 1 0 4 2 0 1 3 0 4 1 2 3 1 4 3 0 1 2 3 0 2 4 5 3 4 5 0 1 3 5 3 2 5 1 5 0 5 4 4 2 1 5 | 18 24  0 7 1 0 10 1 0 13 1 1 8 1 1 11 2 2 9 2 2 13 1 3 10 1 3 14 1 3 17 1 4 11 1 4 14 1 4 17 1 5 12 1 5 15 1 5 16 1 6 12 2 6 16 1 7 13 1 7 14 1 8 16 1 8 17 1 9 15 1 10 15 1
R 27765 54 81 6 97 3 4 5 0 1 2 0 3 1 0 2 3 1 3 4 0 2 4 1 5 2 0 1 4 1 2 3 4 5 1 4 3 2 1 4 2 1 3 2 0 2 3 0 5 3 1 0 2 0 1 4 1 0 3 0 1 2 3 5 4 2 5 4 1 4 5 0 5 2 3 5 1 0 3 4 2 3 5 4 5 0 | 18 25  0 8 1 0 13 1 0 17 1 1 9 1 1 12 1 1 13 1 2 9 1 2 13 1 2 14 1 3 10 1 3 12 1 3 15 1 4 10 2 4 16 1 5 11 2 5 14 1 6 11 1 6 16 1 6 17 1 7 14 1 7 15 1 7 17 1 8 15 1 8 16 1 9 12 1
R 76892 54 81 6 148 3 4 5 4 0 1 1 2 5 1 0 3 0 4 2 3 0 1 0 2 3 1 2 3 2 1 4 0 2 3 3 4 1 0 1 4 2 0 1 1 2 5 4 5 3 3 0 2 2 0 1 3 4 1 0 1 2 5 3 2 4 3 0 2 5 4 5 3 1 4 2 5 1 4 5 4 5 3 0 5 0 | 18 27  0 7 1 0 9 1 0 11 1 1 8 1 1 12 1 1 17 1 2 9 1 2 16 1 2 17 1 3 10 1 3 11 1 3 12 1 4 10 1 4 11 1 4 15 1 5 13 1 5 14 1 5 15 1 6 14 1 6 16 1 6 17 1 7 15 1 7 16 1 8 13 1 8 14 1 9 12 1 10 13 1
R 51611 54 81 6 135 1 2 3 2 3 1 0 5 3 0 4 2 0 5 4 1 2 4 3 0 1 3 4 5 0 1 2 2 3 5 0 2 1 4 2 3 3 4 1 2 0 1 1 0 3 2 4 0 5 1 4 5 0 3 0 4 5 4 0 5 1 4 2 3 5 1 1 2 3 0 5 3 5 2 4 1 2 5 3 4 0 | 18 25  0 7 1 0 10 2 1 8 1 1 12 1 1 13 1 2 9 1 2 13 1 2 14 1 3 10 1 3 14 1 3 17 1 4 11 1 4 12 1 4 13 1 5 11 2 5 16 1 6 15 1 6 16 1 6 17 1 7 15 1 7 17 1 8 12 1 8 15 1 9 14 1 9 16 1
R 23724 54 81 6 91 3 4 5 2 1 4 0 1 2 0 3 1 3 0 4 2 1 5 1 2 4 2 1 0 1 2 3 3 4 2 0 1 2 5 1 0 0 2 5 1 0 4 0 3 2 3 4 1 2 1 4 2 0 3 0 1 2 0 3 5 5 3 4 4 2 5 2 1 5 3 4 0 3 5 0 5 3 4 4 5 1 | 18 25  0 8 1 0 12 1 0 13 1 1 9 1 1 10 2 2 9 1 2 13 1 2 14 1 3 10 1 3 15 1 3 17 1 4 11 1 4 14 1 4 16 1 5 11 2 5 16 1 6 12 1 6 14 1 6 15 1 7 13 1 7 16 1 7 17 1 8 12 1 8 15 1 9 17 1
R 29318 54 81 6 22618 3 4 5 1 3 0 0 3 1 1 3 5 0 2 4 1 4 2 5 2 3 0 2 4 1 2 3 2 0 1 4 2 3 3 2 1 0 2 5 0 1 3 4 3 5 4 5 0 2 1 0 0 4 1 0 1 2 4 2 5 5 2 4 0 4 2 1 5 3 5 0 3 0 4 1 5 1 3 4 5 3 | 18 25  0 8 1 0 12 1 0 13 1 1 9 1 1 14 1 1 16 1 2 9 1 2 15 1 2 16 1 3 10 1 3 13 1 3 17 1 4 10 2 4 16 1 5 11 1 5 14 1 5 17 1 6 11 2 6 15 1 7 13 1 7 14 1 7 15 1 8 12 1 8 17 1 9 12 1
R 31878 54 81 6 142 3 4 5 1 3 2 0 4 5 0 2 4 5 3 1 2 0 1 4 2 5 3 0 1 1 2 3 2 4 1 1 3 4 1 4 5 3 0 2 0 2 3 1 0 2 1 4 0 0 3 2 0 3 5 0 1 2 0 4 5 3 2 1 5 3 1 0 2 4 3 4 5 0 1 3 2 5 4 4 5 5 | 18 26  0 8 1 0 13 1 0 17 1 1 9 1 1 13 1 1 14 1 2 9 1 2 15 1 2 16 1 3 10 1 3 14 1 3 17 1 4 10 2 4 16 1 5 11 1 5 12 1 5 13 1 6 11 1 6 12 1 6 15 1 7 11 1 7 12 1 7 17 1 8 14 1 8 15 1 9 16 1
R 68125 54 81 6 151 3 4 5 0 4 3 0 2 3 1 2 0 0 1 3 2 1 5 0 4 5 1 2 3 3 1 4 5 1 2 0 2 3 1 0 4 2 0 4 4 0 2 1 3 2 4 5 1 2 3 5 3 0 1 0 1 2 2 5 1 4 5 1 4 3 5 5 4 2 3 0 4 3 1 2 4 5 5 0 3 0 | 18 27  0 7 1 0 10 1 0 11 1 1 8 1 1 11 1 1 12 1 2 9 1 2 12 1 2 13 1 3 10 1 3 13 1 3 14 1 4 10 1 4 14 1 4 15 1 5 11 1 5 15 1 5 17 1 6 15 1 6 16 1 6 17 1 7 16 1 7 17 1 8 13 1 8 14 1 9 12 1 9 16 1
R 24983 54 81 6 988 3 4 5 3 4 5 0 1 4 2 1 3 1 3 2 0 3 1 0 2 5 2 0 4 1 2 3 2 5 4 3 1 0 2 0 1 0 2 5 0 1 3 4 1 3 2 1 0 4 5 2 3 0 4 0 1 2 0 1 2 3 5 2 4 5 0 4 5 0 5 2 4 4 3 1 5 3 1 4 5 3 | 18 25  0 8 1 0 12 1 0 13 1 1 9 2 1 10 1 2 9 1 2 15 1 2 17 1 3 10 2 3 16 1 4 11 1 4 13 1 4 14 1 5 11 1 5 14 1 5 15 1 6 13 1 6 16 1 6 17 1 7 14 1 7 15 1 7 16 1 8 12 1 8 17 1 11 12 1
R 8038 54 81 6 384 3 1 2 0 2 3 2 1 4 0 4 5 3 4 5 2 0 1 3 4 2 0 1 2 0 2 1 3 4 5 3 4 1 1 0 4 0 2 4 1 2 0 1 4 2 2 3 5 4 1 0 2 0 3 4 5 0 1 4 5 0 3 5 2 3 1 2 0 1 3 5 4 1 5 0 3 5 4 3 2 5 | 18 24  0 8 2 0 9 1 1 9 1 1 13 1 1 14 1 2 10 1 2 13 1 2 17 1 3 10 1 3 14 1 3 15 1 4 11 1 4 14 1 4 17 1 5 11 2 5 15 1 6 12 2 6 15 1 7 12 1 7 16 1 7 17 1 8 16 1 9 16 1 10 13 1
R 50901 54 81 6 2601 1 2 3 1 5 4 5 1 4 0 4 2 3 0 4 1 0 2 2 0 1 3 4 5 2 0 5 3 4 1 0 2 1 4 2 5 0 1 4 2 3 1 1 0 3 0 2 4 2 4 3 5 0 3 0 4 5 3 0 2 0 2 3 3 5 1 1 2 5 3 5 4 3 5 4 1 2 4 1 5 0 | 18 25  0 7 1 0 10 2 1 8 1 1 13 1 1 14 1 2 9 2 2 15 1 3 10 1 3 14 1 3 17 1 4 11 1 4 12 1 4 13 1 5 11 1 5 12 1 5 13 1 6 12 1 6 15 1 6 17 1 7 16 1 7 17 1 8 14 1 8 15 1 9 16 1 11 16 1
R 74735 54 81 6 249 3 4 5 4 3 5 1 2 0 3 0 1 2 4 3 4 3 2 0 1 2 1 2 3 0 5 4 0 2 4 1 2 3 0 2 3 2 5 0 3 1 5 1 0 4 0 1 5 2 0 1 4 1 3 0 1 2 1 2 0 5 3 4 5 4 2 0 1 5 1 5 0 4 3 5 5 4 3 2 3 4 | 18 26  0 7 1 0 9 1 0 14 1 1 8 1 1 15 1 1 17 1 2 9 1 2 12 1 2 13 1 3 10 1 3 12 1 3 13 1 4 10 1 4 12 1 4 16 1 5 11 2 5 13 1 6 11 1 6 14 1 6 17 1 7 14 1 7 15 1 8 16 1 8 17 1 9 15 1 10 16 1
R 77509 54 81 6 88 3 4 5 3 0 4 2 1 0 0 1 2 0 2 3 1 2 3 4 0 5 1 2 3 1 4 5 0 2 3 3 2 1 1 0 4 2 0 3 1 2 4 3 4 2 1 2 0 0 5 2 1 3 4 0 1 2 2 1 5 4 3 5 4 3 5 5 4 1 4 0 5 1 3 2 4 5 0 3 5 0 | 18 27  0 7 1 0 9 1 0 11 1 1 8 1 1 12 1 1 13 1 2 9 1 2 11 1 2 12 1 3 10 1 3 13 1 3 14 1 4 10 1 4 15 1 4 16 1 5 12 1 5 13 1 5 15 1 6 14 1 6 16 1 6 17 1 7 16 1 7 17 1 8 14 1 8 15 1 9 11 1 10 17 1
R 56865 54 81 6 535 3 4 5 0 1 3 1 0 5 2 0 3 1 4 5 1 2 4 0 2 5 1 2 3 4 3 1 4 2 0 3 4 0 4 1 2 0 2 5 0 1 3 2 0 1 0 2 3 4 3 5 1 2 3 0 1 2 2 5 4 3 4 2 1 5 4 2 0 3 3 5 0 4 3 1 4 5 0 5 1 5 | 18 25  0 7 1 0 12 1 0 13 1 1 8 2 1 14 1 2 9 1 2 15 1 2 16 1 3 10 1 3 11 1 3 17 1 4 10 1 4 11 2 5 12 1 5 13 1 5 17 1 6 13 1 6 14 1 6 15 1 7 12 1 7 14 1 8 16 1 9 15 1 9 16 1 10 17 1
R 52463 54 81 6 649 3 4 5 3 5 4 2 0 4 1 2 3 4 0 2 5 1 2 2 0 1 1 2 3 2 1 3 3 4 0 0 2 3 2 1 4 1 0 4 3 2 0 5 2 3 1 2 0 0 3 1 1 0 4 0 1 2 0 2 1 1 5 3 4 0 5 5 1 3 0 3 4 3 5 4 4 5 5 4 2 5 | 18 25  0 7 1 0 10 1 0 17 1 1 8 1 1 12 1 1 13 1 2 9 2 2 15 1 3 10 1 3 14 1 3 15 1 4 11 1 4 14 1 4 17 1 5 11 2 5 16 1 6 12 1 6 13 1 6 14 1 7 15 1 7 16 1 8 12 1 8 13 1 9 16 1 10 17 1
R 79706 54 81 6 821 3 1 2 1 2 0 1 4 2 2 0 5 5 3 0 0 2 3 4 1 2 0 2 1 4 0 3 3 2 4 4 5 0 3 4 5 1 0 2 5 4 1 1 5 3 4 2 0 0 1 5 5 1 3 4 5 0 5 3 4 5 3 0 1 3 4 1 2 4 1 5 4 5 0 3 3 1 2 0 2 2 | 18 25  0 7 2 0 11 1 1 8 1 1 13 1 1 14 1 2 9 1 2 10 1 2 13 1 3 9 1 3 12 2 4 10 1 4 14 1 4 17 1 5 11 1 5 15 1 5 16 1 6 12 1 6 14 1 6 15 1 7 16 1 8 15 1 8 16 1 9 17 1 10 13 1 11 17 1
R 48346 54 81 6 2498 3 4 5 0 1 2 3 4 5 1 2 0 3 4 1 0 1 5 3 5 2 1 2 3 2 3 0 2 5 4 0 2 3 4 2 1 1 0 4 2 5 0 0 3 1 0 4 3 4 1 2 3 0 1 0 1 2 4 3 5 0 1 2 4 3 5 0 5 2 3 4 2 1 0 4 5 4 1 5 3 5 | 18 25  0 7 1 0 10 1 0 12 1 1 8 1 1 12 1 1 14 1 2 9 2 2 14 1 3 10 1 3 11 2 4 11 1 4 15 1 4 17 1 5 13 1 5 14 1 5 15 1 6 13 1 6 16 1 6 17 1 7 12 1 7 13 1 8 15 1 8 16 1 9 16 1 10 17 1
R 36739 54 81 6 446 3 4 5 0 1 2 0 3 4 1 0 5 0 1 2 0 2 1 3 2 4 4 5 0 1 2 3 2 4 5 3 1 2 0 2 3 1 0 4 4 1 0 0 5 2 3 1 5 0 3 4 2 0 1 0 1 2 3 5 4 1 2 5 4 2 3 5 3 4 3 4 5 5 1 0 2 3 1 5 4 0 | 18 27  0 8 1 0 11 1 0 12 1 1 9 1 1 10 1 1 11 1 2 9 1 2 15 1 2 17 1 3 10 1 3 16 1 3 17 1 4 11 1 4 13 1 4 14 1 5 12 1 5 15 1 5 16 1 6 13 1 6 14 1 6 15 1 7 13 1 7 14 1 7 16 1 8 12 1 8 17 1 9 10 1
R 93279 54 81 6 116 3 4 5 0 1 2 0 2 4 1 5 3 1 2 0 5 1 4 1 2 3 2 3 5 1 4 0 3 2 4 0 2 3 1 0 4 3 4 2 0 1 2 4 0 5 1 3 4 0 1 5 0 2 4 0 1 2 4 3 5 5 1 3 0 4 2 4 3 5 0 2 3 4 5 0 1 2 3 5 1 5 | 18 27  0 6 1 0 10 1 0 11 1 1 7 1 1 11 1 1 12 1 2 8 1 2 12 1 2 13 1 3 9 1 3 13 1 3 14 1 4 10 1 4 14 1 4 15 1 5 12 1 5 16 1 5 17 1 6 16 1 6 17 1 7 15 1 7 17 1 8 15 1 8 16 1 9 13 1 9 14 1 10 11 1
R 1191 54 81 6 402 3 1 2 0 3 4 1 0 4 3 0 2 1 4 0 0 1 3 4 2 5 2 3 1 0 2 1 2 4 3 3 4 0 1 2 0 3 4 5 1 0 4 2 1 5 3 4 0 3 2 5 1 2 4 4 5 0 1 5 2 2 5 3 4 5 1 3 2 5 2 5 4 1 0 3 5 4 0 3 0 1 | 18 23  0 8 2 0 12 1 1 9 2 1 13 1 2 10 2 2 14 1 3 11 2 3 12 1 4 11 1 4 15 1 4 17 1 5 12 1 5 13 1 5 14 1 6 15 1 6 16 1 6 17 1 7 15 1 7 16 1 7 17 1 8 13 1 9 14 1 10 16 1
R 15798 54 81 6 38386 3 4 5 4 3 2 0 1 2 0 4 1 1 2 0 3 2 4 0 2 1 5 4 3 1 2 3 0 2 3 1 4 2 0 2 3 1 4 0 3 4 1 1 0 4 0 4 2 3 0 5 5 3 1 0 1 2 1 5 0 4 3 5 3 5 2 4 5 3 5 1 0 5 3 4 0 2 1 5 4 2 | 18 23  0 8 1 0 11 1 0 14 1 1 9 2 1 10 1 2 9 1 2 14 1 2 15 1 3 10 2 3 16 1 4 11 2 4 12 1 5 12 1 5 15 1 5 17 1 6 13 1 6 15 1 6 16 1 7 13 2 7 16 1 8 14 1 8 17 1 12 17 1
R 5873 54 81 6 100 3 1 2 2 3 0 0 3 2 1 2 0 1 5 4 2 0 4 3 0 1 2 4 3 0 2 1 1 0 3 4 1 0 4 0 3 3 4 5 0 1 2 5 3 0 2 4 5 0 1 4 1 3 2 4 5 0 4 5 1 5 1 4 3 4 5 2 3 0 1 5 3 5 2 4 1 0 5 3 2 2 | 18 24  0 8 2 0 12 1 1 9 2 1 15 1 2 10 1 2 12 1 2 13 1 3 10 1 3 14 1 3 17 1 4 11 1 4 13 1 4 17 1 5 11 2 5 15 1 6 13 1 6 14 1 6 17 1 7 14 1 7 15 1 7 16 1 8 16 1 9 16 1 10 12 1
R 26041 54 81 6 231 3 4 5 0 1 2 3 0 1 0 1 2 4 3 2 3 1 4 5 0 4 4 2 0 1 2 3 2 5 1 2 3 0 2 4 1 4 1 0 0 2 3 1 0 4 3 0 5 1 4 3 3 4 2 0 1 2 3 5 4 4 2 5 4 3 5 1 5 0 0 5 2 3 2 1 3 1 5 5 4 0 | 18 25  0 8 1 0 13 1 0 14 1 1 9 1 1 12 1 1 13 1 2 9 1 2 12 1 2 13 1 3 10 1 3 14 1 3 17 1 4 10 2 4 16 1 5 11 2 5 15 1 6 11 1 6 16 1 6 17 1 7 12 1 7 15 1 7 16 1 8 14 1 8 15 1 9 17 1
R 20151 54 81 6 19358 3 1 2 3 0 2 0 4 1 1 2 3 0 4 2 5 3 1 4 0 2 3 5 0 0 2 1 1 2 5 0 1 3 1 3 2 3 2 0 3 4 5 2 3 4 5 4 1 4 5 0 0 4 1 4 5 0 4 5 1 3 2 5 4 0 5 5 1 3 0 4 2 1 5 3 4 1 2 3 0 2 | 18 24  0 8 2 0 13 1 1 9 1 1 10 1 1 13 1 2 9 1 2 13 1 2 14 1 3 10 1 3 14 1 3 17 1 4 11 1 4 14 1 4 17 1 5 11 2 5 15 1 6 12 2 6 15 1 7 12 1 7 16 1 7 17 1 8 16 1 9 15 1 10 16 1
R 38865 54 81 6 191 1 2 3 0 2 3 0 4 1 0 1 4 2 0 5 1 0 2 4 5 1 2 4 3 3 4 5 0 2 1 4 3 5 3 5 0 1 2 4 2 0 1 4 1 0 3 4 1 0 5 2 2 3 4 0 4 5 1 5 4 3 2 5 2 5 3 1 3 4 4 3 5 2 3 0 5 0 1 2 0 1 | 18 26  0 8 1 0 9 2 1 8 1 1 14 1 1 16 1 2 9 1 2 15 1 2 17 1 3 10 1 3 12 1 3 13 1 4 10 1 4 12 1 4 13 1 5 11 1 5 14 1 5 15 1 6 11 1 6 16 1 6 17 1 7 13 1 7 15 1 7 16 1 8 14 1 10 12 1 11 17 1
R 10398 54 81 6 75 1 2 3 0 4 2 0 3 4 3 1 2 2 0 1 3 4 1 1 2 0 3 5 0 3 4 5 0 2 1 2 4 5 1 4 0 1 2 0 1 3 0 4 0 2 3 2 1 3 0 4 5 0 3 0 4 5 3 5 1 1 5 2 0 4 5 3 5 4 2 5 0 4 3 5 1 4 2 1 2 3 | 18 25  0 8 1 0 9 2 1 9 1 1 13 1 1 17 1 2 10 1 2 12 1 2 13 1 3 10 1 3 12 1 3 16 1 4 11 1 4 14 1 4 17 1 5 11 2 5 15 1 6 13 1 6 14 1 6 15 1 7 14 1 7 15 1 7 16 1 8 16 1 8 17 1 10 12 1
R 7623 54 81 6 222 3 1 2 0 2 3 2 5 4 1 0 3 0 4 1 2 3 5 3 0 2 1 4 5 0 2 1 3 4 5 3 1 4 5 3 1 5 4 3 1 2 0 0 4 2 1 2 0 2 0 4 1 3 0 4 5 0 1 4 5 0 3 1 2 5 4 2 3 5 0 4 1 1 5 4 0 2 3 3 2 5 | 18 24  0 8 2 0 9 1 1 9 1 1 13 1 1 14 1 2 10 1 2 13 1 2 14 1 3 10 1 3 13 1 3 15 1 4 11 1 4 14 1 4 16 1 5 11 2 5 16 1 6 12 1 6 15 1 6 17 1 7 12 2 7 15 1 8 16 1 9 17 1 10 17 1
R 61427 54 81 6 164 3 4 5 1 0 2 2 0 4 2 0 1 3 0 1 4 0 3 2 1 5 1 2 3 2 4 5 3 4 0 1 4 5 2 3 0 5 3 1 0 2 3 1 0 5 2 3 0 4 1 3 4 2 1 0 1 2 3 4 5 1 5 3 3 4 5 2 4 5 1 5 2 4 0 3 4 5 1 0 2 0 | 18 25  0 7 1 0 13 1 0 14 1 1 8 1 1 13 1 1 16 1 2 9 2 2 14 1 3 10 1 3 12 1 3 13 1 4 10 1 4 14 1 4 15 1 5 11 2 5 12 1 6 11 1 6 16 1 6 17 1 7 15 1 7 17 1 8 15 1 8 17 1 9 16 1 10 12 1
R 23325 54 81 6 228 3 1 2 1 2 0 0 2 4 3 4 5 0 1 2 3 4 0 3 0 2 1 4 3 0 2 1 3 0 1 4 2 1 2 4 5 2 3 5 1 0 4 3 4 5 4 3 1 1 4 0 0 2 3 4 5 0 4 3 5 5 1 3 0 2 1 3 5 4 1 2 5 4 5 1 0 2 5 3 2 0 | 18 25  0 8 2 0 14 1 1 9 1 1 10 2 2 9 1 2 12 1 2 13 1 3 10 1 3 16 1 3 17 1 4 11 1 4 15 1 4 17 1 5 11 1 5 15 1 5 17 1 6 12 1 6 13 1 6 14 1 7 12 1 7 13 1 7 16 1 8 16 1 9 14 1 11 15 1
R 67831 54 81 6 184 3 4 5 0 2 4 0 4 1 1 2 0 0 1 3 2 1 5 3 4 0 1 2 3 3 1 2 2 1 4 0 2 3 1 0 5 3 0 2 0 3 1 2 4 5 1 3 2 0 4 1 3 4 1 0 1 2 5 3 1 3 5 2 4 3 5 5 4 2 4 3 0 1 5 2 4 5 4 0 5 0 | 18 27  0 7 1 0 10 1 0 11 1 1 8 1 1 11 1 1 12 1 2 9 1 2 12 1 2 13 1 3 10 1 3 14 1 3 15 1 4 10 1 4 15 1 4 16 1 5 11 1 5 16 1 5 17 1 6 14 1 6 16 1 6 17 1 7 12 1 7 17 1 8 13 1 8 14 1 9 13 1 9 15 1
R 19782 54 81 6 1081 3 1 2 4 2 1 3 0 2 1 5 3 1 4 3 0 1 2 0 5 1 0 4 1 0 2 1 3 1 2 4 5 2 2 5 4 0 4 1 0 1 2 3 4 5 1 0 3 5 2 0 0 3 4 4 5 0 0 5 3 4 5 1 0 4 2 0 2 5 3 4 5 3 4 2 3 2 5 3 1 1 | 18 24  0 8 2 0 14 1 1 9 2 1 10 1 2 9 1 2 13 1 2 14 1 3 10 1 3 13 1 3 15 1 4 11 1 4 12 2 5 11 1 5 15 1 5 17 1 6 12 1 6 16 1 6 17 1 7 13 1 7 14 1 7 15 1 8 16 1 10 17 1 11 16 1
R 21806 54 81 6 10965 3 4 5 5 4 1 0 2 3 2 5 3 1 2 4 0 4 1 3 4 0 1 0 2 1 2 3 2 1 4 3 5 0 3 5 1 2 0 3 0 2 3 1 0 2 1 0 4 2 5 4 0 1 3 0 1 2 0 3 2 5 1 4 1 4 0 0 5 3 2 3 5 1 5 2 4 5 3 4 5 4 | 18 24  0 8 1 0 13 1 0 15 1 1 9 2 1 10 1 2 9 1 2 16 1 2 17 1 3 10 2 3 16 1 4 11 1 4 13 1 4 14 1 5 11 1 5 16 1 5 17 1 6 12 1 6 14 1 6 17 1 7 12 2 7 15 1 8 14 1 8 15 1 11 13 1
R 89309 54 81 6 146 3 4 5 3 4 5 1 4 2 0 4 3 1 0 2 3 4 2 1 0 3 1 2 3 1 0 4 0 2 5 2 0 1 3 2 0 0 2 3 3 1 4 5 3 2 1 0 4 4 1 2 1 0 4 0 1 2 2 1 0 3 5 0 5 2 1 4 5 3 1 0 5 4 5 2 4 5 5 3 3 4 | 18 26  0 7 1 0 9 1 0 15 1 1 8 1 1 12 1 1 13 1 2 10 1 2 13 1 2 14 1 3 10 1 3 13 1 3 14 1 4 11 2 4 15 1 5 11 1 5 16 1 5 17 1 6 14 1 6 16 1 6 17 1 7 9 1 7 15 1 8 12 1 8 16 1 9 17 1 10 12 1
R 267 54 81 6 143 3 1 2 0 4 1 0 4 3 3 5 4 0 2 1 2 1 0 3 4 5 0 2 1 2 3 1 0 2 1 3 4 1 1 2 3 5 4 1 4 5 1 0 3 2 1 0 3 0 4 2 2 0 3 4 5 0 3 2 5 2 5 1 0 2 1 4 5 3 3 5 4 0 2 1 3 4 5 0 4 5 | 18 23  0 9 2 0 10 1 1 9 1 1 13 1 1 14 1 2 10 2 2 14 1 3 11 1 3 15 1 3 17 1 4 11 2 4 16 1 5 12 1 5 15 1 5 17 1 6 12 2 6 16 1 7 13 1 7 14 1 7 17 1 8 13 1 8 15 1 8 16 1
R 55502 54 81 6 6206 3 1 2 5 3 4 5 4 3 0 2 3 2 4 0 1 3 0 1 5 2 0 2 1 1 2 4 3 0 1 3 4 5 1 2 0 0 2 4 1 0 4 3 5 4 0 2 3 1 2 0 5 1 3 4 5 0 0 1 2 2 1 0 1 4 5 3 5 1 5 2 4 3 0 4 3 5 3 5 4 2 | 18 26  0 7 2 0 10 1 1 8 1 1 12 1 1 13 1 2 9 1 2 15 1 2 17 1 3 10 1 3 11 1 3 12 1 4 11 1 4 13 1 4 14 1 5 11 1 5 14 1 5 16 1 6 12 1 6 14 1 6 15 1 7 13 1 8 15 1 8 16 1 9 16 1 9 17 1 10 17 1
R 8278 54 81 6 572 3 4 5 1 2 0 2 4 5 1 5 0 3 0 4 1 4 2 0 2 1 5 1 3 1 2 3 0 2 3 0 1 2 2 4 3 3 1 4 1 4 0 4 1 2 2 0 5 1 0 5 3 1 0 0 1 2 4 5 3 3 0 1 4 3 2 1 2 5 0 5 3 5 3 4 0 2 4 4 5 5 | 18 24  0 8 1 0 9 1 0 16 1 1 9 2 1 13 1 2 10 1 2 14 1 2 15 1 3 10 1 3 14 1 3 17 1 4 11 1 4 13 1 4 14 1 5 11 2 5 16 1 6 12 1 6 15 1 6 17 1 7 12 2 7 16 1 8 15 1 8 17 1 10 13 1
R 78406 54 81 6 948 3 4 5 0 1 2 0 1 2 3 4 5 1 2 3 0 4 5 0 4 5 1 2 3 2 3 5 2 4 0 4 3 1 0 2 3 5 4 3 1 0 4 1 0 2 1 3 4 0 4 2 0 3 2 0 1 2 4 3 5 3 5 4 1 0 2 4 0 5 1 2 3 3 2 1 4 5 0 1 5 5 | 18 25  0 7 1 0 11 1 0 13 1 1 8 1 1 13 1 1 16 1 2 9 1 2 10 1 2 17 1 3 9 1 3 10 2 4 11 1 4 12 1 4 14 1 5 12 2 5 16 1 6 14 1 6 15 1 6 17 1 7 14 1 7 15 1 8 15 1 8 16 1 9 17 1 11 13 1
R 94826 54 81 6 1358 3 4 5 3 5 1 0 1 2 1 0 2 0 2 5 0 4 1 1 2 3 0 1 3 2 3 5 2 4 5 0 2 5 4 5 3 1 0 4 3 4 1 4 0 2 2 3 0 2 4 1 1 5 0 0 1 2 4 0 2 4 3 5 3 5 4 1 4 3 2 3 5 4 5 5 2 0 1 1 0 3 | 18 26  0 6 1 0 10 1 0 12 1 1 7 1 1 11 2 2 8 1 2 12 1 2 13 1 3 9 1 3 14 1 3 17 1 4 11 1 4 15 1 4 17 1 5 13 1 5 14 1 5 15 1 6 10 1 6 12 1 7 16 1 7 17 1 8 13 1 8 14 1 9 15 1 9 16 1 10 16 1
R 70013 54 81 6 133 3 4 5 3 2 0 1 2 0 1 4 3 3 4 0 3 4 2 0 1 3 1 2 3 1 0 2 0 2 4 3 4 0 2 4 0 1 4 5 0 4 3 1 3 2 2 1 0 0 1 4 2 1 0 0 1 2 4 5 1 5 3 4 2 5 0 1 2 5 0 1 5 2 5 4 4 5 3 3 5 3 | 18 24  0 7 1 0 9 1 0 16 1 1 8 2 1 10 1 2 9 1 2 11 1 2 14 1 3 10 2 3 14 1 4 11 1 4 12 1 4 17 1 5 12 1 5 13 2 6 13 1 6 15 1 6 17 1 7 15 1 7 16 1 8 16 1 9 15 1 11 14 1 12 17 1
R 39039 54 81 6 99 1 2 3 0 2 3 0 4 2 5 0 3 2 1 5 2 4 0 2 1 4 1 4 3 3 4 5 0 2 1 4 2 3 0 1 4 3 4 0 1 0 4 1 2 5 1 2 3 4 0 3 0 1 3 0 4 5 1 4 5 3 1 5 1 2 4 0 3 4 3 1 5 5 3 0 2 5 0 2 5 2 | 18 26  0 8 1 0 9 2 1 8 1 1 15 1 1 16 1 2 9 1 2 16 1 2 17 1 3 10 1 3 13 1 3 14 1 4 10 1 4 13 1 4 17 1 5 11 1 5 12 1 5 15 1 6 11 1 6 14 1 6 15 1 7 12 1 7 13 1 7 14 1 8 17 1 10 12 1 11 16 1
R 70960 54 81 6 82 1 2 3 2 4 0 0 4 1 3 4 1 2 3 4 5 2 3 4 0 1 3 4 5 1 0 2 0 2 1 1 3 0 3 4 0 1 4 2 3 2 5 2 5 1 0 4 3 2 0 4 0 1 3 0 4 5 3 5 1 3 2 5 2 0 5 1 0 5 0 4 1 5 2 3 1 2 5 4 4 3 | 18 25  0 7 1 0 9 2 1 8 1 1 10 1 1 13 1 2 9 1 2 11 2 3 10 1 3 14 1 3 16 1 4 11 1 4 13 1 4 17 1 5 12 1 5 14 1 5 15 1 6 12 1 6 15 1 6 16 1 7 16 1 7 17 1 8 15 1 8 17 1 10 13 1 12 14 1
R 69776 54 81 6 81 3 4 5 1 5 2 0 3 1 1 2 4 0 3 5 1 2 0 5 3 2 1 2 3 2 3 4 1 2 0 0 2 5 0 1 3 0 1 2 3 4 1 0 4 2 2 3 4 2 0 3 1 0 5 0 1 2 0 4 3 4 2 5 3 5 0 4 1 2 5 4 3 0 1 4 4 5 5 1 3 5 | 18 27  0 7 1 0 10 1 0 11 1 1 8 1 1 11 1 1 12 1 2 9 1 2 13 1 2 16 1 3 10 1 3 12 1 3 13 1 4 12 1 4 15 1 4 17 1 5 14 1 5 16 1 5 17 1 6 15 1 6 16 1 6 17 1 7 10 1 7 13 1 8 11 1 8 14 1 9 14 1 9 15 1
R 89384 54 81 6 218 3 4 5 4 1 3 0 1 2 3 4 0 0 2 5 0 1 4 5 3 1 1 2 3 2 5 4 0 2 5 2 3 0 1 0 4 0 1 3 5 4 0 4 0 1 1 2 4 3 4 0 1 2 0 0 1 2 0 2 5 4 3 5 1 2 5 4 1 3 2 3 5 0 2 4 4 5 1 3 3 5 | 18 27  0 7 1 0 9 1 0 11 1 1 8 1 1 12 1 1 14 1 2 10 1 2 11 1 2 12 1 3 10 1 3 14 1 3 17 1 4 12 1 4 16 1 4 17 1 5 13 1 5 15 1 5 16 1 6 15 1 6 16 1 6 17 1 7 9 1 7 11 1 8 13 1 8 14 1 9 13 1 10 15 1
R 54935 54 81 6 170 3 1 2 2 4 1 3 4 5 0 2 3 2 0 4 5 0 4 0 1 5 0 2 1 0 1 2 0 1 3 3 4 5 5 3 4 0 2 4 3 2 1 1 2 0 0 4 1 2 5 0 3 1 0 4 5 0 3 0 5 2 1 0 1 4 5 1 3 5 2 3 1 3 2 4 3 5 4 4 5 2 | 18 26  0 7 2 0 10 1 1 8 1 1 11 1 1 12 1 2 9 1 2 12 1 2 13 1 3 10 1 3 14 1 3 15 1 4 11 1 4 14 1 4 17 1 5 11 1 5 15 1 5 16 1 6 12 1 6 15 1 6 16 1 7 16 1 8 13 1 8 17 1 9 13 1 9 14 1 10 17 1
R 57110 54 81 6 164 1 2 3 2 0 4 4 1 2 3 4 5 2 1 3 0 2 1 0 4 1 3 4 5 4 5 0 5 2 1 0 2 4 1 4 3 0 2 1 0 3 4 2 0 3 1 3 4 5 0 2 0 5 1 0 4 5 3 1 5 0 3 5 1 0 2 5 0 4 5 3 4 3 2 5 1 2 1 2 4 3 | 18 24  0 7 1 0 12 2 1 8 1 1 13 1 1 15 1 2 9 2 2 13 1 3 10 1 3 11 2 4 10 1 4 15 1 4 16 1 5 11 1 5 16 1 5 17 1 6 12 1 6 13 1 6 14 1 7 16 1 7 17 1 8 14 1 8 15 1 9 14 1 10 17 1
R 47654 54 81 6 157 3 1 2 2 0 5 2 3 5 0 2 3 1 4 2 3 4 5 2 0 1 0 2 1 5 3 0 4 5 3 3 4 5 1 2 0 1 0 4 0 1 2 3 2 0 3 1 4 5 0 1 5 1 3 4 5 0 1 3 4 0 1 4 1 4 5 3 5 0 2 1 0 3 5 4 3 2 4 2 2 5 | 18 24  0 7 2 0 10 1 1 8 1 1 13 1 1 14 1 2 9 2 2 13 1 3 10 1 3 11 2 4 11 1 4 14 1 4 17 1 5 12 1 5 14 1 5 15 1 6 12 1 6 15 1 6 17 1 7 16 1 8 15 1 8 16 1 9 16 1 10 17 1 12 13 1
R 20405 54 81 6 109 3 1 2 1 0 4 3 0 2 2 1 0 2 4 1 3 0 1 0 1 3 2 3 4 0 2 1 2 3 1 0 2 4 1 0 2 4 3 1 1 3 4 1 4 2 3 4 5 2 0 5 2 3 0 4 5 0 5 3 2 4 5 1 5 3 4 3 0 5 4 5 2 2 5 4 0 5 1 3 0 1 | 18 24  0 8 2 0 15 1 1 9 1 1 10 1 1 13 1 2 9 1 2 13 1 2 15 1 3 10 1 3 14 1 3 17 1 4 11 1 4 13 1 4 17 1 5 11 2 5 15 1 6 12 1 6 14 1 6 16 1 7 12 2 7 16 1 8 16 1 9 14 1 10 17 1
R 76049 54 81 6 212 1 2 3 0 5 3 0 4 2 0 3 4 1 0 2 2 0 1 2 3 1 3 4 5 1 4 5 0 2 1 2 4 5 1 4 5 1 2 3 4 2 3 1 0 3 3 1 0 4 0 2 5 0 3 0 4 5 2 4 1 3 5 1 1 5 2 3 5 4 3 5 4 0 4 5 1 2 0 3 0 2 | 18 26  0 7 1 0 9 2 1 8 1 1 12 1 1 13 1 2 9 1 2 15 1 2 17 1 3 10 1 3 12 1 3 14 1 4 10 1 4 13 1 4 14 1 5 11 1 5 14 1 5 17 1 6 11 1 6 15 1 6 16 1 7 16 1 7 17 1 8 13 1 8 16 1 10 12 1 11 15 1
R 81916 54 81 6 659 3 4 5 3 0 4 2 4 3 2 1 3 0 5 4 2 1 0 1 2 5 1 2 3 5 4 0 3 1 0 5 4 2 0 2 3 1 0 4 2 0 3 1 2 4 0 2 5 3 1 4 0 4 3 0 1 2 2 1 5 5 0 1 4 0 5 3 2 1 4 3 5 4 3 0 4 5 3 1 2 5 | 18 26  0 7 1 0 11 1 0 12 1 1 8 1 1 13 1 1 14 1 2 9 1 2 10 2 3 9 1 3 14 1 3 17 1 4 10 1 4 16 1 4 17 1 5 11 1 5 12 1 5 13 1 6 13 1 6 15 1 6 16 1 7 15 1 7 16 1 8 14 1 8 15 1 9 17 1 11 12 1
R 70824 54 81 6 614 3 4 5 2 1 4 1 2 3 0 2 1 0 1 4 0 4 2 5 2 3 1 2 3 5 4 1 0 2 3 3 0 1 4 5 3 3 2 1 1 0 4 1 0 2 2 4 0 4 3 0 0 3 4 0 1 2 0 3 5 4 0 5 4 3 5 2 3 5 5 3 1 0 4 1 4 5 2 5 2 1 | 18 25  0 7 1 0 9 1 0 13 1 1 8 2 1 10 1 2 9 1 2 11 1 2 14 1 3 10 1 3 15 1 3 16 1 4 11 1 4 14 1 4 15 1 5 12 1 5 13 1 5 17 1 6 12 2 6 16 1 7 14 1 7 17 1 8 16 1 9 13 1 10 17 1 11 15 1
R 26340 54 81 6 11468 3 1 2 3 0 2 2 4 1 4 0 1 5 2 0 3 2 5 0 4 5 0 3 1 0 2 1 1 2 0 1 2 4 0 5 2 0 1 2 3 4 5 3 1 4 3 4 2 2 0 4 1 5 3 4 5 0 4 5 1 3 0 5 5 3 2 3 1 4 1 4 0 3 1 2 4 2 5 3 5 0 | 18 25  0 8 2 0 13 1 1 9 1 1 12 1 1 13 1 2 9 1 2 15 1 2 16 1 3 10 1 3 12 1 3 13 1 4 10 1 4 15 1 4 17 1 5 11 2 5 14 1 6 11 1 6 16 1 6 17 1 7 12 1 7 14 1 7 15 1 8 16 1 9 14 1 10 17 1
R 53862 54 81 6 156 1 2 3 5 4 1 0 2 4 0 4 1 2 3 0 1 2 0 2 3 5 3 4 5 1 3 2 1 4 5 0 2 1 3 0 1 3 0 4 2 5 0 3 1 0 2 4 5 4 3 0 2 3 1 0 4 5 0 2 3 3 5 1 3 2 5 4 5 1 4 3 5 0 1 4 1 2 5 4 2 0 | 18 26  0 7 1 0 10 2 1 8 1 1 11 1 1 13 1 2 9 1 2 11 1 2 12 1 3 10 1 3 12 1 3 17 1 4 11 1 4 14 1 4 15 1 5 14 1 5 15 1 5 16 1 6 15 1 6 16 1 6 17 1 7 13 1 7 14 1 8 12 1 8 13 1 9 16 1 9 17 1
R 93462 54 81 6 122 3 4 5 3 0 4 1 0 2 0 4 2 2 1 0 1 3 4 1 2 3 1 4 5 2 5 0 1 3 0 0 2 3 1 0 4 0 2 3 1 2 4 0 3 5 0 3 4 3 1 2 0 1 2 0 1 2 2 1 5 3 4 5 5 3 1 4 3 5 0 2 5 4 5 0 3 1 4 2 4 5 | 18 27  0 6 1 0 10 1 0 11 1 1 7 1 1 12 1 1 13 1 2 8 1 2 12 1 2 16 1 3 9 1 3 13 1 3 14 1 4 10 1 4 11 1 4 12 1 5 13 1 5 15 1 5 17 1 6 14 1 6 15 1 7 16 1 7 17 1 8 15 1 8 16 1 9 14 1 9 17 1 10 11 1
R 11227 54 81 6 305 1 2 3 0 4 2 2 0 1 3 4 1 1 4 5 2 3 5 3 5 4 5 0 1 3 4 5 0 2 1 1 4 0 5 3 4 4 2 1 1 4 3 0 3 2 5 2 4 0 3 1 5 0 3 0 4 5 3 5 1 3 5 4 2 0 5 2 3 0 0 1 4 0 1 2 2 4 3 1 2 5 | 18 25  0 8 1 0 9 2 1 9 1 1 13 1 1 17 1 2 10 1 2 14 1 2 17 1 3 10 1 3 15 1 3 16 1 4 11 1 4 12 1 4 13 1 5 11 2 5 16 1 6 12 1 6 14 1 6 16 1 7 13 1 7 14 1 7 15 1 8 15 1 8 17 1 10 12 1
R 42706 54 81 6 2585 3 4 5 0 3 4 2 1 5 1 2 0 1 2 3 0 3 2 5 0 2 1 2 3 1 4 0 4 5 1 0 2 3 5 3 0 1 4 2 5 2 1 0 5 2 0 3 1 0 3 4 1 3 5 0 1 2 5 1 2 0 3 4 4 5 3 4 0 5 5 4 1 3 1 4 4 5 3 2 2 0 | 18 24  0 7 1 0 10 1 0 17 1 1 8 1 1 11 2 2 9 2 2 15 1 3 10 2 3 12 1 4 11 1 4 13 1 4 15 1 5 12 1 5 13 1 5 14 1 6 13 1 6 16 1 6 17 1 7 14 1 7 16 1 8 14 1 8 15 1 9 16 1 12 17 1
R 3434 54 81 6 278 3 1 2 0 1 2 2 0 1 3 5 4 0 4 3 3 1 4 5 0 4 2 0 3 0 2 1 4 2 1 1 4 0 5 3 2 3 4 1 4 0 2 3 0 2 1 0 4 5 3 4 2 3 1 4 5 0 3 5 4 3 4 5 2 0 1 2 5 1 5 2 0 1 3 2 5 1 4 3 0 5 | 18 22  0 8 2 0 12 1 1 9 2 1 14 1 2 10 1 2 11 1 2 14 1 3 10 1 3 11 2 4 12 2 4 14 1 5 13 1 5 15 1 5 17 1 6 13 2 6 16 1 7 15 1 7 16 1 7 17 1 8 15 1 9 16 1 10 17 1
R 46824 54 81 6 6156 3 4 5 0 4 2 0 3 1 1 2 4 5 0 3 3 0 4 5 1 4 1 2 3 1 2 0 1 2 5 4 2 5 3 0 4 1 4 0 1 0 4 3 0 5 2 4 3 1 5 2 5 0 1 0 1 2 5 3 1 4 2 5 0 3 5 1 2 4 2 5 1 3 0 2 5 4 3 4 0 3 | 18 24  0 7 1 0 10 1 0 13 1 1 8 1 1 13 1 1 14 1 2 9 1 2 14 1 2 15 1 3 10 2 3 11 1 4 11 2 4 16 1 5 12 2 5 15 1 6 12 1 6 16 1 6 17 1 7 13 1 7 14 1 8 16 1 8 17 1 9 15 1 9 17 1
R 38841 54 81 6 75 1 2 3 0 2 3 0 4 2 2 5 4 1 5 3 4 0 2 3 0 1 0 1 5 3 4 5 0 2 1 3 1 4 2 3 4 1 2 0 0 2 3 1 0 4 2 5 1 1 3 4 5 0 3 0 4 5 1 4 5 3 5 1 0 3 1 2 4 0 1 5 3 5 2 4 4 3 2 2 5 0 | 18 26  0 8 1 0 9 2 1 8 1 1 12 1 1 14 1 2 9 1 2 16 1 2 17 1 3 10 1 3 12 1 3 13 1 4 10 1 4 15 1 4 16 1 5 11 1 5 13 1 5 14 1 6 11 1 6 14 1 6 17 1 7 13 1 7 15 1 7 16 1 8 17 1 10 12 1 11 15 1
R 76047 54 81 6 107 3 4 5 0 5 4 2 3 0 2 4 5 3 1 2 3 4 0 1 0 2 1 2 3 3 2 5 0 2 4 0 1 2 2 0 3 1 3 4 1 2 4 3 1 5 2 5 0 1 0 4 2 0 3 0 1 2 1 2 3 5 4 1 3 0 1 4 5 0 1 2 5 4 5 3 4 5 0 4 3 5 | 18 26  0 7 1 0 9 1 0 16 1 1 8 1 1 12 1 1 13 1 2 9 1 2 14 1 2 15 1 3 10 1 3 12 1 3 17 1 4 10 1 4 13 1 4 14 1 5 11 1 5 14 1 5 17 1 6 11 2 6 16 1 7 15 1 7 16 1 8 13 1 8 17 1 9 15 1 10 12 1
R 39070 54 81 6 101 3 4 5 0 2 5 0 3 1 3 4 1 1 2 0 4 0 3 0 2 3 2 1 3 1 2 3 2 0 4 0 1 4 2 4 3 3 0 2 1 4 5 1 2 0 1 2 0 3 0 4 0 1 5 0 1 2 4 3 1 5 2 4 2 0 5 5 4 3 5 1 2 1 5 4 0 4 5 5 3 3 | 18 27  0 8 1 0 9 1 0 17 1 1 8 1 1 15 1 1 16 1 2 9 1 2 16 1 2 17 1 3 10 1 3 11 1 3 12 1 4 10 1 4 12 1 4 13 1 5 11 1 5 12 1 5 13 1 6 11 1 6 14 1 6 15 1 7 13 1 7 14 1 7 15 1 8 16 1 9 17 1 10 14 1
R 80594 54 81 6 99 3 4 5 2 4 0 3 2 4 0 4 5 0 1 2 2 1 4 0 1 3 1 2 3 3 0 1 1 4 2 0 2 3 0 2 5 3 1 5 3 1 0 1 0 4 3 4 0 2 1 0 2 0 3 0 1 2 5 1 3 0 1 5 3 2 1 4 3 5 3 0 5 2 4 5 5 4 2 4 5 4 | 18 25  0 7 1 0 11 1 0 14 1 1 8 1 1 15 1 1 16 1 2 9 1 2 10 2 3 9 1 3 13 1 3 17 1 4 10 1 4 14 1 4 15 1 5 11 1 5 12 1 5 13 1 6 12 2 6 16 1 7 14 1 7 16 1 8 15 1 8 17 1 9 17 1 11 13 1
R 209 54 81 6 300 3 4 5 0 2 1 1 2 0 0 3 4 1 4 5 3 0 2 1 5 4 0 1 2 3 4 2 1 2 3 0 2 3 5 4 3 4 5 2 2 4 0 2 1 0 0 4 1 1 3 5 1 0 4 0 1 2 4 5 3 4 5 3 1 5 2 0 2 3 1 4 5 0 3 2 3 4 5 1 5 0 | 18 22  0 9 1 0 10 1 0 17 1 1 9 2 1 15 1 2 10 2 2 17 1 3 11 1 3 14 1 3 15 1 4 11 2 4 14 1 5 12 1 5 14 1 5 15 1 6 12 2 6 16 1 7 13 1 7 16 1 7 17 1 8 13 2 8 16 1
R 67899 54 81 6 106 3 4 5 2 4 0 0 1 2 1 2 5 0 1 3 1 5 0 1 2 3 1 2 3 0 1 4 2 3 5 0 2 3 1 0 3 3 2 0 2 0 1 1 5 4 3 4 1 5 2 4 1 3 0 0 1 2 3 5 1 4 3 5 4 3 0 5 4 2 4 3 2 5 0 4 4 5 2 5 0 1 | 18 27  0 7 1 0 10 1 0 11 1 1 8 1 1 11 1 1 12 1 2 9 1 2 14 1 2 15 1 3 10 1 3 13 1 3 14 1 4 10 1 4 13 1 4 14 1 5 11 1 5 16 1 5 17 1 6 12 1 6 16 1 6 17 1 7 12 1 7 13 1 8 15 1 8 17 1 9 15 1 9 16 1
R 23600 54 81 6 647 3 4 5 2 0 1 3 5 1 5 0 4 0 1 2 3 4 2 3 4 5 2 1 0 1 2 3 1 5 0 4 0 3 2 3 0 1 3 0 0 2 5 0 3 4 1 4 2 2 4 1 3 2 1 0 1 2 3 5 4 2 4 0 1 2 3 4 5 3 1 5 0 2 1 0 4 5 3 4 5 5 | 18 25  0 8 1 0 13 1 0 14 1 1 9 1 1 10 1 1 17 1 2 9 2 2 16 1 3 10 2 3 16 1 4 11 1 4 12 1 4 13 1 5 11 1 5 15 1 5 17 1 6 12 1 6 14 1 6 15 1 7 12 1 7 14 1 7 15 1 8 13 1 8 16 1 11 17 1
R 14408 54 81 6 525 1 2 3 3 4 1 2 0 1 0 3 1 0 4 1 5 0 4 2 3 4 5 2 0 3 4 5 0 1 4 2 3 1 0 2 1 4 0 3 3 4 0 4 3 0 3 2 0 5 2 1 1 4 0 0 4 5 2 5 0 3 5 4 4 2 5 3 2 5 1 2 3 1 5 0 1 4 3 1 2 5 | 18 22  0 8 1 0 11 2 1 9 2 1 10 1 2 9 1 2 12 1 2 15 1 3 10 1 3 14 2 4 11 1 4 13 2 5 12 2 5 16 1 6 13 1 6 15 1 6 16 1 7 14 1 7 16 1 7 17 1 8 15 1 8 17 1 10 17 1
R 5116 54 81 6 456 3 4 5 2 1 4 1 0 2 3 2 4 4 0 2 5 2 3 0 1 3 0 2 1 1 2 3 0 4 1 4 2 5 3 2 1 0 2 3 3 2 1 0 1 3 3 0 2 4 0 5 4 1 0 0 1 2 3 5 0 3 4 5 0 1 5 5 1 3 0 4 1 5 4 2 4 5 3 4 5 2 | 18 24  0 8 1 0 12 1 0 14 1 1 9 2 1 13 1 2 10 1 2 12 1 2 13 1 3 10 2 3 14 1 4 11 1 4 15 1 4 17 1 5 11 2 5 16 1 6 12 1 6 13 1 6 17 1 7 14 1 7 15 1 7 16 1 8 15 1 8 17 1 9 16 1
R 19294 54 81 6 75 3 4 5 2 0 3 1 4 0 0 1 3 2 5 1 1 2 0 1 2 5 0 2 3 1 2 3 1 3 0 2 5 3 2 4 1 0 2 5 0 1 3 2 0 1 2 1 3 0 4 5 3 2 1 0 1 2 4 5 1 2 3 5 4 5 2 0 3 4 3 4 5 4 3 0 5 4 1 4 5 0 | 18 25  0 8 1 0 12 1 0 13 1 1 9 2 1 10 1 2 9 1 2 11 2 3 10 1 3 15 1 3 16 1 4 11 1 4 16 1 4 17 1 5 12 1 5 15 1 5 17 1 6 13 1 6 14 1 6 15 1 7 13 1 7 14 1 7 16 1 8 12 1 8 14 1 10 17 1
R 92562 54 81 6 87 3 4 5 0 1 4 1 4 5 0 5 2 1 2 3 0 2 4 1 2 3 3 4 1 5 0 2 4 1 5 0 2 3 0 1 4 1 2 5 0 3 4 2 3 1 4 3 2 2 1 3 3 0 4 0 1 2 2 3 5 3 2 0 3 4 1 4 5 0 3 5 1 4 5 5 0 1 4 0 2 5 | 18 27  0 6 1 0 10 1 0 11 1 1 7 1 1 12 1 1 14 1 2 8 1 2 13 1 2 14 1 3 9 1 3 14 1 3 15 1 4 10 1 4 11 1 4 12 1 5 11 1 5 16 1 5 17 1 6 12 1 6 13 1 7 15 1 7 16 1 8 13 1 8 16 1 9 15 1 9 17 1 10 17 1
R 48319 54 81 6 95 3 4 5 0 1 4 4 0 5 1 2 0 0 3 2 1 2 0 3 4 1 1 2 3 3 4 5 3 5 0 0 2 3 1 4 2 3 1 0 5 0 2 2 1 4 2 4 0 2 3 1 1 3 5 0 1 2 2 3 5 1 2 3 4 5 3 5 4 1 5 3 4 2 0 5 4 5 1 0 4 0 | 18 25  0 7 1 0 10 1 0 17 1 1 8 1 1 14 1 1 16 1 2 9 2 2 15 1 3 10 2 3 11 1 4 11 1 4 12 1 4 13 1 5 12 1 5 13 1 5 17 1 6 12 1 6 14 1 6 15 1 7 13 1 7 14 1 8 15 1 8 16 1 9 16 1 11 17 1
R 20274 54 81 6 235 3 4 5 3 2 4 0 2 1 0 1 2 0 1 2 3 4 1 0 2 5 3 4 5 1 2 3 1 4 3 0 2 3 5 2 1 5 4 1 2 0 4 0 3 2 3 5 0 1 0 4 3 0 1 0 1 2 0 1 5 5 3 4 4 3 5 3 4 5 0 5 2 3 1 4 0 2 1 4 5 2 | 18 24  0 8 1 0 13 1 0 16 1 1 9 1 1 10 2 2 9 1 2 13 1 2 14 1 3 10 1 3 16 1 3 17 1 4 11 2 4 13 1 5 11 1 5 14 1 5 15 1 6 12 1 6 14 1 6 17 1 7 12 2 7 15 1 8 15 1 8 16 1 9 17 1
R 6868 54 81 6 250025 1 2 3 0 4 1 2 3 4 0 2 5 4 1 3 2 0 1 3 5 4 5 0 1 3 4 5 0 2 1 3 4 0 5 3 0 4 5 1 1 2 5 0 1 3 0 4 2 3 0 2 5 1 3 0 4 5 3 2 5 1 5 0 1 3 4 2 0 5 3 5 4 0 2 1 2 3 4 1 2 4 | 18 24  0 8 1 0 9 2 1 9 1 1 10 2 2 10 1 2 16 1 2 17 1 3 11 1 3 13 1 3 14 1 4 11 1 4 13 1 4 15 1 5 12 1 5 14 1 5 17 1 6 12 2 6 15 1 7 14 1 7 15 1 7 16 1 8 16 1 8 17 1 11 13 1
R 93024 54 81 6 656 3 4 5 0 3 4 0 1 2 2 0 3 1 2 0 4 1 0 1 2 3 1 4 5 2 5 1 4 3 5 0 2 3 1 2 3 0 2 4 1 0 3 2 1 0 3 4 1 1 2 0 3 1 4 0 1 2 2 5 1 3 4 5 1 4 5 4 3 5 2 3 5 4 5 0 3 0 4 2 0 5 | 18 27  0 6 1 0 10 1 0 17 1 1 7 1 1 11 1 1 12 1 2 8 1 2 11 1 2 12 1 3 9 1 3 13 1 3 14 1 4 10 1 4 12 1 4 13 1 5 13 1 5 16 1 5 17 1 6 14 1 6 16 1 7 11 1 7 14 1 8 15 1 8 16 1 9 15 1 9 17 1 10 15 1
R 55621 54 81 6 84 3 1 2 1 0 3 0 1 3 0 2 3 2 4 0 3 1 4 1 2 0 0 2 1 3 4 5 5 4 0 3 4 5 1 2 0 1 4 0 2 0 3 4 0 2 2 1 3 2 4 3 5 0 1 4 5 0 2 4 5 2 5 4 1 4 5 3 5 1 5 2 0 5 3 4 3 1 0 1 3 2 | 18 26  0 7 2 0 10 1 1 8 1 1 13 1 1 16 1 2 9 1 2 15 1 2 17 1 3 10 1 3 11 1 3 14 1 4 11 1 4 12 1 4 13 1 5 11 1 5 12 1 5 15 1 6 13 1 6 14 1 6 15 1 7 12 1 8 14 1 8 16 1 9 16 1 9 17 1 10 17 1
R 92762 54 81 6 177 3 4 5 0 1 2 3 5 4 3 2 1 1 2 0 0 3 5 1 2 3 2 3 0 1 2 3 1 0 5 0 2 4 1 0 4 4 0 1 2 0 4 3 0 5 5 2 3 1 0 2 0 3 1 0 1 2 4 3 5 0 1 2 4 0 5 5 3 4 2 1 4 5 4 1 5 5 4 3 2 3 | 18 27  0 6 1 0 10 1 0 11 1 1 7 1 1 11 1 1 12 1 2 8 1 2 13 1 2 14 1 3 9 1 3 15 1 3 17 1 4 10 1 4 13 1 4 15 1 5 12 1 5 15 1 5 16 1 6 11 1 6 17 1 7 14 1 7 16 1 8 13 1 8 14 1 9 16 1 9 17 1 10 12 1
R 90764 54 81 6 443 3 4 5 0 2 4 0 1 2 3 4 1 1 3 0 0 4 5 1 2 3 5 4 2 2 3 0 1 0 4 0 2 4 1 0 2 1 0 4 4 0 1 2 0 3 5 4 3 1 0 2 2 3 1 0 1 2 1 3 5 4 3 5 2 5 0 5 4 2 3 2 1 5 4 0 1 5 3 5 3 4 | 18 26  0 6 1 0 10 1 0 12 1 1 7 2 1 11 1 2 8 1 2 12 1 2 13 1 3 9 1 3 14 1 3 17 1 4 10 1 4 14 1 4 15 1 5 11 1 5 13 1 5 14 1 6 12 1 6 16 1 7 15 1 8 15 1 8 16 1 9 16 1 9 17 1 10 13 1 11 17 1
R 59507 54 81 6 85 3 4 5 1 5 2 4 2 3 1 2 3 0 4 5 0 1 4 1 2 0 1 2 3 4 3 2 0 3 5 0 3 2 4 1 2 0 2 5 0 1 3 0 4 1 1 5 3 3 0 4 0 2 1 0 1 2 0 4 3 1 5 0 4 5 0 1 2 3 3 5 2 3 4 5 4 5 5 1 2 4 | 18 25  0 7 1 0 12 1 0 13 1 1 8 1 1 13 1 1 14 1 2 9 1 2 14 1 2 15 1 3 10 2 3 11 1 4 10 1 4 15 1 4 17 1 5 11 2 5 16 1 6 12 1 6 15 1 6 16 1 7 12 1 7 17 1 8 13 1 8 16 1 9 14 1 9 17 1
R 31899 54 81 6 745 3 4 5 0 1 4 0 2 3 1 0 2 3 4 0 5 3 0 2 1 4 0 1 2 1 2 3 3 4 1 3 2 0 0 2 4 1 4 3 2 0 5 1 3 2 1 0 4 2 0 1 5 0 3 0 1 2 2 5 3 5 4 1 4 5 3 1 5 2 1 2 4 5 0 3 3 5 4 5 4 0 | 18 26  0 8 1 0 13 1 0 15 1 1 9 1 1 14 1 1 16 1 2 9 1 2 14 1 2 17 1 3 10 2 3 15 1 4 10 1 4 16 1 4 17 1 5 11 1 5 12 1 5 13 1 6 11 1 6 12 1 6 13 1 7 11 1 7 12 1 7 17 1 8 15 1 8 16 1 9 14 1
R 37208 54 81 6 75 3 4 5 1 0 2 3 4 0 5 0 2 1 3 4 1 3 0 0 3 2 1 5 2 1 2 3 0 2 5 3 2 0 1 2 0 1 0 4 2 0 1 5 3 4 2 3 1 4 5 0 1 3 0 0 1 2 4 5 3 1 2 5 3 4 1 5 0 2 4 2 5 5 4 1 0 3 4 4 5 3 | 18 25  0 8 1 0 9 1 0 12 1 1 10 2 1 12 1 2 10 1 2 16 1 2 17 1 3 11 2 3 14 1 4 11 1 4 15 1 4 17 1 5 13 1 5 14 1 5 15 1 6 13 1 6 15 1 6 16 1 7 14 1 7 16 1 7 17 1 8 9 1 8 12 1 9 13 1
R 23377 54 81 6 818 3 4 5 3 4 2 1 0 2 1 5 2 5 1 2 3 0 4 0 3 2 1 0 4 1 2 3 1 2 4 0 5 4 4 0 5 1 3 2 0 2 3 0 1 3 0 5 2 3 0 1 4 1 3 0 1 2 0 5 1 3 4 5 3 4 0 3 0 4 1 2 5 4 5 1 5 3 2 4 5 2 | 18 25  0 8 1 0 13 1 0 14 1 1 9 2 1 10 1 2 9 1 2 14 1 2 17 1 3 10 1 3 16 1 3 17 1 4 11 1 4 12 1 4 13 1 5 11 2 5 13 1 6 12 1 6 14 1 6 15 1 7 12 1 7 15 1 7 16 1 8 15 1 8 16 1 10 17 1
R 43629 54 81 6 1169 3 1 2 0 1 2 1 5 3 0 4 3 5 1 3 0 2 1 3 5 4 0 2 1 2 4 0 4 2 1 3 4 1 3 1 4 1 4 2 0 3 2 0 3 1 2 5 0 2 0 3 4 1 0 4 5 0 3 5 4 0 4 2 2 5 1 0 2 4 3 5 4 0 2 1 3 5 1 5 3 5 | 18 24  0 7 2 0 10 1 1 8 1 1 11 1 1 13 1 2 9 1 2 16 1 2 17 1 3 10 2 3 13 1 4 11 2 4 15 1 5 12 1 5 13 1 5 14 1 6 12 1 6 14 1 6 15 1 7 15 1 8 14 1 8 16 1 9 16 1 9 17 1 12 17 1
R 58442 54 81 6 112 3 4 5 1 0 2 2 1 0 3 5 4 2 0 1 1 0 2 5 3 4 1 2 3 2 4 5 3 0 1 1 2 4 0 5 3 4 3 1 0 2 5 0 1 3 2 4 0 4 0 3 3 1 2 0 1 2 3 4 5 4 5 3 0 1 2 3 5 4 4 3 5 0 2 1 4 5 1 0 2 5 | 18 24  0 7 1 0 13 1 0 14 1 1 8 1 1 14 1 1 17 1 2 9 2 2 15 1 3 10 1 3 11 2 4 10 1 4 12 1 4 17 1 5 11 1 5 13 1 5 14 1 6 12 2 6 15 1 7 13 1 7 15 1 8 16 1 8 17 1 9 16 1 10 16 1
R 59232 54 81 6 269 3 4 5 1 0 2 5 3 0 4 3 2 1 0 2 0 4 1 0 2 3 1 2 3 4 5 1 4 1 5 0 2 3 1 4 2 0 2 5 0 1 3 1 3 2 1 2 0 5 4 3 4 3 0 0 1 2 3 4 5 2 4 1 1 5 0 4 3 5 3 5 2 5 4 1 4 5 0 2 3 0 | 18 25  0 7 1 0 12 1 0 13 1 1 8 1 1 13 1 1 14 1 2 9 1 2 14 1 2 16 1 3 10 2 3 11 1 4 10 1 4 12 1 4 17 1 5 11 2 5 16 1 6 13 1 6 15 1 6 17 1 7 12 1 7 15 1 8 14 1 8 17 1 9 15 1 9 16 1
R 11876 54 81 6 819 3 4 5 1 2 0 2 0 4 5 1 3 3 4 2 1 2 3 0 1 5 0 5 2 1 2 3 0 2 3 3 1 2 2 4 0 1 3 4 2 0 1 1 5 2 0 3 5 0 4 3 2 1 0 0 1 2 4 3 5 5 1 3 0 4 2 1 0 5 5 4 0 2 3 4 3 4 1 4 5 5 | 18 26  0 8 1 0 9 1 0 15 1 1 9 1 1 11 1 1 12 1 2 10 1 2 15 1 2 17 1 3 10 2 3 16 1 4 11 1 4 12 1 4 16 1 5 11 1 5 13 1 5 14 1 6 12 1 6 13 1 6 17 1 7 14 1 7 15 1 7 16 1 8 14 1 8 17 1 9 13 1
R 85478 54 81 6 758 3 4 5 1 0 2 3 2 4 0 5 1 1 0 4 4 0 1 2 5 4 1 2 3 2 3 5 1 5 3 2 0 4 2 0 1 0 2 3 3 4 1 1 0 4 4 2 1 3 0 5 2 4 0 0 1 2 4 5 3 0 1 5 2 4 3 3 5 2 3 2 5 0 1 3 5 4 0 1 4 5 | 18 27  0 7 1 0 12 1 0 14 1 1 8 1 1 13 1 1 14 1 2 9 1 2 10 1 2 12 1 3 9 1 3 12 1 3 15 1 4 10 1 4 11 1 4 13 1 5 11 1 5 16 1 5 17 1 6 15 1 6 16 1 6 17 1 7 14 1 7 16 1 8 13 1 8 17 1 9 11 1 10 15 1
R 61131 54 81 6 204 3 1 2 0 1 4 0 2 1 0 3 2 1 2 4 3 1 2 5 0 4 0 2 1 3 4 0 4 1 5 4 1 0 4 0 1 3 4 5 1 2 0 3 2 1 4 3 1 5 2 4 0 2 3 4 5 0 2 3 5 3 4 5 5 1 4 3 5 0 5 0 4 2 3 1 3 5 1 2 0 2 | 18 25  0 7 2 0 12 1 1 8 1 1 13 1 1 17 1 2 9 1 2 14 1 2 15 1 3 10 1 3 12 1 3 13 1 4 10 1 4 13 1 4 14 1 5 11 1 5 15 1 5 17 1 6 11 2 6 16 1 7 16 1 8 14 1 8 17 1 9 15 1 9 16 1 10 12 1
R 73540 54 81 6 355 3 4 5 0 5 3 1 2 0 0 4 2 3 0 2 1 5 2 5 1 0 1 2 3 3 2 4 0 2 3 2 4 1 5 2 0 1 0 4 1 2 3 1 0 3 3 5 2 2 1 0 3 1 4 0 1 2 1 4 2 4 3 5 5 3 1 1 4 5 3 4 0 4 3 2 4 5 0 5 5 0 | 18 26  0 7 1 0 9 1 0 12 1 1 8 1 1 13 1 1 14 1 2 9 1 2 10 1 2 14 1 3 10 1 3 12 1 3 15 1 4 11 2 4 13 1 5 11 1 5 14 1 5 17 1 6 15 1 6 16 1 6 17 1 7 16 1 7 17 1 8 15 1 8 16 1 9 12 1 10 13 1
R 66830 54 81 6 90 3 4 5 1 2 3 0 4 2 1 2 0 0 1 4 1 3 5 0 3 4 1 2 3 0 3 5 1 2 0 0 2 3 0 1 4 4 1 5 3 0 4 2 0 5 0 3 1 1 2 3 0 5 4 0 1 2 4 5 0 5 3 1 4 3 5 5 2 3 2 4 0 1 5 2 4 5 2 1 4 3 | 18 27  0 7 1 0 10 1 0 11 1 1 8 1 1 11 1 1 12 1 2 9 1 2 11 1 2 13 1 3 10 1 3 12 1 3 13 1 4 10 1 4 12 1 4 14 1 5 13 1 5 15 1 5 16 1 6 14 1 6 16 1 6 17 1 7 14 1 7 15 1 8 15 1 8 17 1 9 16 1 9 17 1
R 25203 54 81 6 149 3 4 5 1 5 2 0 1 2 0 3 4 1 0 2 3 4 1 0 1 2 4 5 0 1 2 3 2 0 5 4 3 2 3 1 2 0 2 3 0 1 4 1 0 5 0 4 2 3 0 5 1 0 4 0 1 2 4 0 3 3 5 4 1 5 2 4 5 3 0 5 2 5 3 4 3 1 2 4 5 1 | 18 26  0 8 1 0 12 1 0 13 1 1 9 1 1 10 1 1 17 1 2 9 1 2 11 1 2 12 1 3 10 2 3 14 1 4 11 1 4 13 1 4 14 1 5 11 1 5 15 1 5 16 1 6 12 1 6 13 1 6 14 1 7 15 1 7 16 1 7 17 1 8 16 1 8 17 1 9 15 1
R 71522 54 81 6 1677 3 4 5 1 3 2 2 1 0 4 0 5 0 2 4 1 3 5 1 0 2 1 2 3 2 0 3 0 2 3 5 4 2 3 4 2 1 0 4 0 4 2 3 4 0 0 1 2 3 0 1 2 3 0 0 1 2 4 0 5 4 3 5 3 1 2 1 5 3 0 2 4 3 5 4 4 5 1 5 5 1 | 18 26  0 7 1 0 9 1 0 12 1 1 8 1 1 10 1 1 13 1 2 9 1 2 12 1 2 17 1 3 10 1 3 13 1 3 14 1 4 11 2 4 15 1 5 11 1 5 16 1 5 17 1 6 13 1 6 14 1 6 16 1 7 15 1 7 16 1 8 14 1 8 15 1 9 12 1 10 17 1
R 48343 54 81 6 139 3 4 5 1 0 2 1 0 2 1 2 0 3 4 1 0 4 1 4 1 5 1 2 3 3 2 0 2 5 0 0 2 3 4 2 1 1 0 4 3 0 1 2 4 5 0 2 1 0 3 4 3 1 0 0 1 2 4 5 3 3 5 4 4 3 5 0 5 2 2 3 5 0 3 2 5 4 1 1 4 5 | 18 25  0 7 1 0 10 1 0 12 1 1 8 2 1 12 1 2 9 1 2 13 1 2 17 1 3 10 1 3 11 2 4 11 1 4 15 1 4 17 1 5 13 1 5 14 1 5 16 1 6 14 1 6 15 1 6 16 1 7 12 1 7 13 1 8 16 1 9 14 1 9 15 1 10 17 1
R 95590 54 81 6 425 3 4 5 0 1 2 1 0 3 5 4 2 0 3 1 1 4 3 1 2 3 2 3 0 3 4 5 2 1 5 0 2 5 1 0 4 2 0 1 2 4 3 3 0 4 5 0 4 2 0 1 1 2 3 0 1 2 4 3 5 2 4 5 0 1 3 5 2 4 0 2 5 4 5 1 5 1 0 3 4 3 | 18 27  0 6 1 0 10 1 0 11 1 1 7 1 1 11 1 1 14 1 2 8 1 2 12 1 2 13 1 3 9 1 3 14 1 3 15 1 4 12 1 4 15 1 4 16 1 5 13 1 5 14 1 5 17 1 6 10 1 6 11 1 7 13 1 7 16 1 8 15 1 8 17 1 9 16 1 9 17 1 10 12 1
R 33214 54 81 6 165 3 4 5 0 3 2 1 4 0 2 0 4 5 1 3 1 2 5 1 4 2 0 5 3 1 2 3 2 1 0 3 1 4 0 2 3 1 0 4 0 5 2 3 1 4 3 4 5 3 2 0 1 2 0 0 1 2 4 5 1 3 2 5 5 1 3 0 2 4 4 3 0 3 0 5 2 1 4 4 5 5 | 18 26  0 8 1 0 11 1 0 12 1 1 9 1 1 12 1 1 13 1 2 9 1 2 15 1 2 16 1 3 10 1 3 16 1 3 17 1 4 10 2 4 16 1 5 11 1 5 12 1 5 14 1 6 13 1 6 15 1 6 17 1 7 14 1 7 15 1 7 17 1 8 13 1 8 14 1 9 11 1
R 68231 54 81 6 132 3 4 5 2 0 4 1 0 4 1 2 3 0 1 4 0 2 5 0 1 3 1 2 3 1 4 2 2 4 5 0 2 3 0 1 4 1 4 2 3 0 5 2 3 4 3 0 1 1 3 4 0 2 3 0 1 2 3 1 5 3 2 5 4 5 0 5 3 2 3 1 4 5 2 4 4 5 0 5 0 1 | 18 27  0 7 1 0 10 1 0 11 1 1 8 1 1 13 1 1 14 1 2 9 1 2 15 1 2 16 1 3 10 1 3 11 1 3 12 1 4 10 1 4 12 1 4 13 1 5 11 1 5 14 1 5 15 1 6 12 1 6 16 1 6 17 1 7 13 1 7 15 1 8 14 1 8 17 1 9 16 1 9 17 1
R 33085 54 81 6 116 3 4 5 0 5 3 1 5 0 3 4 2 0 1 4 0 5 2 2 1 3 1 2 4 1 2 3 3 1 0 0 2 4 1 2 3 2 0 4 0 2 5 1 0 3 5 3 1 1 4 2 3 0 4 0 1 2 2 4 1 4 2 3 1 5 0 3 5 2 3 4 1 5 4 0 3 5 0 4 5 5 | 18 26  0 8 1 0 13 1 0 14 1 1 9 1 1 11 1 1 12 1 2 9 1 2 15 1 2 16 1 3 10 2 3 11 1 4 10 1 4 16 1 4 17 1 5 12 1 5 14 1 5 17 1 6 12 1 6 15 1 6 16 1 7 13 1 7 14 1 7 15 1 8 13 1 8 17 1 9 11 1
R 35804 54 81 6 385 3 4 5 1 4 0 0 3 1 3 2 4 2 5 4 5 0 2 1 2 5 0 3 1 1 2 3 2 0 1 4 3 0 1 3 2 0 2 3 0 1 4 3 2 0 3 1 4 5 4 0 1 2 5 0 1 2 3 2 5 4 5 2 5 0 1 1 3 0 4 1 3 4 3 0 5 2 4 4 5 5 | 18 27  0 8 1 0 12 1 0 13 1 1 9 1 1 10 1 1 11 1 2 9 1 2 14 1 2 16 1 3 10 1 3 11 1 3 14 1 4 10 1 4 16 1 4 17 1 5 11 1 5 16 1 5 17 1 6 12 1 6 13 1 6 15 1 7 13 1 7 15 1 7 17 1 8 14 1 8 15 1 9 12 1
R 70428 54 81 6 1370 3 4 5 2 4 0 1 2 0 1 5 4 3 4 5 2 0 5 4 1 5 1 2 3 0 1 2 0 2 3 4 3 0 1 4 0 5 1 3 2 1 3 1 2 4 0 1 2 2 0 4 3 0 4 0 1 2 3 1 5 4 5 3 2 0 3 2 0 1 4 3 1 0 2 3 4 5 4 5 5 5 | 18 25  0 7 1 0 9 1 0 17 1 1 8 1 1 10 1 1 13 1 2 9 2 2 11 1 3 10 1 3 13 1 3 14 1 4 11 1 4 14 1 4 16 1 5 12 1 5 15 1 5 17 1 6 12 2 6 16 1 7 15 1 7 16 1 8 13 1 8 17 1 10 14 1 11 15 1
R 31281 54 81 6 632 3 4 5 0 1 2 0 2 3 1 0 2 3 4 5 1 4 2 3 0 5 0 1 4 1 2 3 5 2 4 5 4 2 3 1 2 0 2 3 1 0 4 2 1 5 3 0 1 3 0 4 1 0 3 0 1 2 3 5 4 1 5 4 3 4 5 0 1 2 0 3 5 4 2 1 5 3 2 4 5 0 | 18 26  0 8 1 0 12 1 0 13 1 1 9 1 1 11 1 1 12 1 2 9 1 2 13 1 2 17 1 3 10 1 3 15 1 3 17 1 4 10 2 4 16 1 5 11 1 5 13 1 5 15 1 6 11 1 6 15 1 6 16 1 7 12 1 7 14 1 7 17 1 8 14 1 8 16 1 9 14 1
R 3164 54 81 6 147 3 1 2 2 3 0 0 2 3 4 0 2 1 3 2 2 4 5 3 2 1 0 1 4 0 2 1 1 0 3 3 4 5 2 3 0 0 3 4 4 1 2 2 5 3 1 2 0 4 1 5 4 0 1 4 5 0 4 5 1 1 4 5 1 5 3 4 5 0 1 3 0 5 0 4 2 5 3 3 2 2 | 18 24  0 8 2 0 10 1 1 9 2 1 14 1 2 10 1 2 15 1 2 17 1 3 11 1 3 15 1 3 17 1 4 11 2 4 16 1 5 12 1 5 13 1 5 14 1 6 12 1 6 13 1 6 14 1 7 12 1 7 13 1 7 15 1 8 16 1 9 16 1 10 17 1
R 26650 54 81 6 9768 3 1 2 0 2 1 3 0 2 1 5 3 0 4 3 4 5 2 0 3 1 0 5 4 0 2 1 1 3 2 2 0 1 0 2 5 5 2 4 3 5 1 4 0 1 3 4 5 4 1 5 0 2 4 4 5 0 5 3 4 4 5 1 4 0 2 5 2 1 1 3 0 4 2 5 1 2 3 3 0 3 | 18 25  0 8 2 0 15 1 1 9 1 1 12 1 1 13 1 2 9 1 2 14 1 2 15 1 3 10 1 3 12 1 3 14 1 4 10 1 4 16 1 4 17 1 5 11 2 5 13 1 6 11 1 6 15 1 6 17 1 7 12 1 7 13 1 7 14 1 8 16 1 9 16 1 10 17 1
R 52872 54 81 6 670 1 2 3 1 5 3 3 0 5 0 4 2 0 3 4 1 3 2 2 0 1 3 4 5 0 3 1 4 5 0 0 2 1 4 2 0 2 4 1 1 3 0 1 4 5 1 0 3 0 2 4 5 0 3 0 4 5 4 0 2 1 2 4 3 5 1 1 5 2 5 4 0 3 5 4 1 2 2 5 3 3 | 18 25  0 7 1 0 10 2 1 8 1 1 12 1 1 15 1 2 9 2 2 15 1 3 10 1 3 13 1 3 17 1 4 11 1 4 12 1 4 13 1 5 11 1 5 13 1 5 14 1 6 14 1 6 15 1 6 17 1 7 16 1 7 17 1 8 14 1 8 16 1 9 16 1 11 12 1
R 74708 54 81 6 298 3 4 5 3 4 0 1 2 4 2 0 4 3 5 1 4 1 3 0 2 5 1 2 3 1 0 3 0 2 4 1 3 0 5 2 4 1 2 0 3 5 2 3 2 5 0 1 2 0 3 1 4 0 1 0 1 2 2 5 1 5 0 3 5 3 1 2 4 0 0 5 2 1 3 4 4 5 4 5 3 4 | 18 26  0 7 1 0 9 1 0 16 1 1 8 1 1 12 1 1 14 1 2 9 1 2 14 1 2 15 1 3 10 1 3 12 1 3 13 1 4 10 1 4 12 1 4 13 1 5 11 1 5 16 1 5 17 1 6 11 2 6 16 1 7 15 1 7 17 1 8 13 1 8 15 1 9 17 1 10 14 1
R 25552 54 81 6 75 3 4 5 0 3 1 1 5 2 2 4 0 1 0 2 3 0 4 1 3 5 2 1 0 1 2 3 2 1 0 4 3 0 0 2 3 3 1 2 1 0 4 1 5 0 2 3 0 3 0 1 1 2 4 0 1 2 4 2 5 3 4 0 1 3 5 4 5 3 5 2 1 4 2 0 5 4 3 4 5 5 | 18 26  0 8 1 0 11 1 0 13 1 1 9 1 1 10 2 2 9 1 2 11 1 2 12 1 3 10 1 3 13 1 3 17 1 4 12 1 4 13 1 4 14 1 5 12 1 5 14 1 5 15 1 6 15 1 6 16 1 6 17 1 7 15 1 7 16 1 7 17 1 8 14 1 8 16 1 9 11 1
R 39057 54 81 6 108 1 2 3 0 2 3 0 4 2 2 0 1 1 2 0 2 4 0 1 2 3 2 5 4 3 4 5 0 2 1 3 1 0 0 1 4 3 5 4 2 1 0 4 0 2 2 1 5 4 0 3 1 0 3 0 4 5 1 4 5 3 1 5 4 5 3 5 3 4 3 1 5 5 4 0 0 3 1 2 2 2 | 18 26  0 8 1 0 9 2 1 8 1 1 15 1 1 16 1 2 9 1 2 16 1 2 17 1 3 10 1 3 14 1 3 15 1 4 10 1 4 14 1 4 17 1 5 11 1 5 12 1 5 13 1 6 11 1 6 13 1 6 15 1 7 12 1 7 13 1 7 14 1 8 17 1 10 12 1 11 16 1
R 62554 54 81 6 144 3 4 5 2 3 0 1 2 5 2 4 5 1 0 3 1 4 0 1 4 2 1 2 3 0 1 2 5 3 4 1 5 4 4 0 3 2 5 0 0 1 4 2 0 3 4 1 0 4 2 0 2 1 3 0 1 2 4 5 1 0 4 3 0 3 1 2 5 4 2 3 5 3 5 0 4 5 3 5 2 1 | 18 26  0 7 1 0 11 1 0 13 1 1 8 1 1 11 1 1 12 1 2 9 1 2 14 1 2 15 1 3 10 2 3 14 1 4 10 1 4 15 1 4 17 1 5 11 1 5 16 1 5 17 1 6 12 1 6 16 1 6 17 1 7 12 1 7 13 1 8 13 1 8 14 1 9 15 1 9 16 1
R 10420 54 81 6 354 1 2 3 0 4 1 1 0 4 1 2 3 3 5 1 2 0 1 2 4 3 0 2 1 3 4 5 0 2 1 3 4 5 1 0 4 0 3 2 2 1 0 4 5 1 3 0 2 2 3 0 4 1 3 0 4 5 3 2 5 2 5 3 0 4 5 2 4 0 3 5 4 5 0 1 3 4 5 1 2 1 | 18 25  0 8 1 0 9 2 1 9 1 1 14 1 1 15 1 2 10 1 2 12 1 2 13 1 3 10 1 3 12 1 3 17 1 4 11 1 4 13 1 4 17 1 5 11 2 5 16 1 6 13 1 6 14 1 6 16 1 7 14 1 7 15 1 7 16 1 8 15 1 8 17 1 10 12 1
R 46568 54 81 6 276 3 4 5 3 1 2 4 1 5 1 2 0 3 4 1 0 1 2 3 4 0 1 2 3 4 2 1 5 3 0 0 2 3 1 4 0 2 3 0 0 1 3 5 0 2 5 2 4 0 2 1 3 4 5 0 1 2 0 5 4 2 3 0 4 5 3 2 5 0 4 5 3 5 1 2 4 5 3 4 1 1 | 18 24  0 7 1 0 10 1 0 13 1 1 8 2 1 13 1 2 9 1 2 16 1 2 17 1 3 10 2 3 11 1 4 11 2 4 15 1 5 12 1 5 13 1 5 14 1 6 12 1 6 14 1 6 17 1 7 14 1 7 16 1 8 15 1 9 16 1 9 17 1 12 15 1
R 71863 54 81 6 90 3 4 5 1 2 3 1 2 0 0 2 4 5 2 3 1 4 3 0 2 4 1 2 3 4 0 1 0 2 3 5 0 1 0 3 2 1 0 4 4 1 2 1 4 3 4 3 0 0 3 5 1 2 4 0 1 2 5 4 0 4 3 5 3 5 1 1 4 0 5 2 0 3 5 1 4 5 2 3 5 2 | 18 26  0 7 1 0 9 1 0 12 1 1 8 1 1 10 1 1 13 1 2 9 1 2 13 1 2 15 1 3 10 1 3 13 1 3 16 1 4 11 2 4 14 1 5 11 1 5 15 1 5 17 1 6 12 1 6 14 1 6 15 1 7 16 1 7 17 1 8 16 1 8 17 1 9 12 1 10 14 1
R 45495 54 81 6 1844 3 1 2 2 4 5 0 3 4 0 2 3 1 3 2 2 4 1 1 3 4 0 2 1 5 0 2 4 1 0 3 4 5 3 4 2 1 2 0 1 3 4 0 2 3 4 1 5 0 5 4 5 1 3 4 5 0 3 0 1 5 2 1 1 4 5 5 4 0 3 0 5 5 2 0 3 1 4 2 3 2 | 18 25  0 7 2 0 10 1 1 8 1 1 11 2 2 9 1 2 13 1 2 14 1 3 10 1 3 12 1 3 13 1 4 11 1 4 14 1 4 15 1 5 12 1 5 13 1 5 14 1 6 12 1 6 16 1 6 17 1 7 15 1 8 16 1 8 17 1 9 15 1 9 16 1 10 17 1
R 47754 54 81 6 671 3 1 2 1 0 2 2 0 1 0 2 3 1 4 2 3 0 4 5 2 3 0 2 1 2 4 5 4 1 0 3 4 5 1 2 0 4 5 1 0 4 2 2 3 1 3 2 0 0 4 5 5 1 3 4 5 0 3 5 4 3 5 4 1 4 5 3 5 0 2 1 5 0 4 1 3 0 1 2 2 3 | 18 24  0 7 2 0 10 1 1 8 1 1 13 1 1 17 1 2 9 2 2 15 1 3 10 1 3 11 2 4 11 1 4 15 1 4 17 1 5 12 1 5 13 1 5 14 1 6 12 1 6 14 1 6 16 1 7 16 1 8 14 1 8 15 1 9 16 1 10 17 1 12 13 1
R 84242 54 81 6 228 3 4 5 0 1 2 3 4 5 0 1 4 0 1 4 1 5 2 3 0 1 1 2 3 2 3 0 2 5 4 1 4 3 2 0 1 0 2 3 1 0 4 3 4 1 2 0 1 0 3 4 4 3 1 0 1 2 4 3 5 1 0 2 3 2 5 5 3 2 3 4 0 4 5 2 5 4 1 5 0 5 | 18 26  0 7 1 0 12 1 0 13 1 1 8 1 1 13 1 1 14 1 2 9 1 2 10 2 3 9 1 3 14 1 3 15 1 4 10 1 4 15 1 4 16 1 5 11 1 5 12 1 5 14 1 6 11 1 6 16 1 6 17 1 7 13 1 7 15 1 8 16 1 8 17 1 9 17 1 11 12 1
R 72544 54 81 6 315 3 1 2 0 3 4 0 2 3 0 2 1 2 4 3 0 1 5 3 2 5 0 2 1 4 1 0 3 4 5 1 2 5 3 2 0 5 2 4 1 4 3 3 1 4 0 2 1 0 5 4 0 3 1 4 5 0 5 2 1 1 4 5 3 4 5 1 0 5 3 2 4 0 1 4 3 3 2 2 0 5 | 18 25  0 7 2 0 9 1 1 8 1 1 14 1 1 16 1 2 9 1 2 10 1 2 13 1 3 10 1 3 11 1 3 14 1 4 11 1 4 14 1 4 15 1 5 12 1 5 13 1 5 17 1 6 12 2 6 15 1 7 16 1 8 15 1 8 16 1 9 17 1 10 13 1 11 17 1
R 92494 54 81 6 351 3 4 5 1 5 2 0 3 1 0 2 1 1 2 0 0 2 4 1 2 3 2 4 0 2 4 3 1 3 5 0 2 3 0 1 3 3 1 4 2 0 5 4 2 1 3 4 2 3 0 2 0 1 4 0 1 2 3 4 0 5 2 4 4 3 5 4 3 5 5 1 3 4 5 5 1 1 0 0 2 5 | 18 27  0 6 1 0 10 1 0 11 1 1 7 1 1 11 1 1 12 1 2 8 1 2 12 1 2 13 1 3 9 1 3 14 1 3 16 1 4 10 1 4 13 1 4 15 1 5 11 1 5 16 1 5 17 1 6 16 1 6 17 1 7 14 1 7 15 1 8 13 1 8 14 1 9 15 1 9 17 1 10 12 1
R 58100 54 81 6 200 3 1 2 2 3 5 3 2 5 1 4 0 0 3 1 3 2 4 0 2 3 0 2 1 0 1 3 1 5 2 2 0 1 3 4 1 3 4 5 1 3 2 0 1 5 3 0 4 2 4 0 5 0 3 4 5 0 4 0 1 0 4 1 3 2 5 5 2 4 0 5 1 1 5 4 3 2 5 3 4 2 | 18 24  0 7 2 0 12 1 1 8 1 1 13 1 1 16 1 2 9 2 2 15 1 3 10 1 3 11 2 4 10 1 4 15 1 4 17 1 5 11 1 5 16 1 5 17 1 6 12 1 6 13 1 6 14 1 7 14 1 8 14 1 8 15 1 9 16 1 10 13 1 12 17 1
R 27734 54 81 6 162 3 4 5 5 0 4 1 5 0 0 1 2 3 4 1 0 1 2 4 3 2 5 0 2 1 2 3 3 1 0 4 2 1 2 3 0 0 2 3 1 0 4 0 2 3 5 4 0 1 4 5 2 1 0 0 1 2 2 1 3 4 3 2 3 5 4 0 2 5 4 3 5 1 5 0 4 1 3 5 4 5 | 18 25  0 8 1 0 12 1 0 13 1 1 9 1 1 14 1 1 17 1 2 9 1 2 15 1 2 16 1 3 10 2 3 12 1 4 10 1 4 15 1 4 17 1 5 11 1 5 13 1 5 14 1 6 11 2 6 16 1 7 14 1 7 15 1 7 16 1 8 13 1 8 17 1 9 12 1
R 70780 54 81 6 95 3 1 2 2 1 5 0 2 3 0 3 1 0 4 2 0 1 4 2 0 5 0 2 1 3 4 2 3 4 5 0 1 2 2 5 3 4 3 5 4 0 1 3 2 1 1 2 4 0 4 5 2 0 1 4 5 0 0 3 4 1 4 5 5 4 2 1 3 5 2 5 3 1 3 4 3 1 5 2 0 0 | 18 25  0 7 2 0 9 1 1 8 1 1 10 2 2 9 1 2 11 1 2 13 1 3 10 1 3 14 1 3 16 1 4 11 1 4 13 1 4 14 1 5 12 1 5 15 1 5 17 1 6 12 1 6 15 1 6 17 1 7 16 1 8 16 1 8 17 1 9 13 1 11 14 1 12 15 1
R 76450 54 81 6 147 1 2 3 3 4 5 0 4 2 2 3 0 0 1 2 1 4 2 0 3 1 3 4 5 5 2 4 0 2 1 4 0 3 2 0 1 3 1 4 1 0 3 1 2 3 2 1 5 5 0 4 0 5 3 0 4 5 1 2 0 3 5 1 1 4 5 5 4 3 3 0 5 5 4 2 1 2 0 3 2 4 | 18 26  0 7 1 0 9 2 1 8 1 1 13 1 1 15 1 2 9 1 2 12 1 2 17 1 3 10 1 3 13 1 3 14 1 4 10 1 4 14 1 4 16 1 5 11 1 5 12 1 5 13 1 6 11 1 6 15 1 6 16 1 7 16 1 7 17 1 8 14 1 8 15 1 10 12 1 11 17 1
R 73724 54 81 6 404 3 4 5 0 1 4 1 2 0 1 3 2 0 1 2 4 3 5 3 5 0 1 2 3 5 4 1 0 2 3 2 4 5 5 3 1 1 0 4 3 1 0 1 2 0 2 3 4 4 2 0 3 0 2 0 1 2 2 3 5 4 3 5 0 4 5 4 3 5 0 2 1 2 1 4 4 5 0 3 5 1 | 18 26  0 7 1 0 9 1 0 12 1 1 8 1 1 14 1 1 15 1 2 9 1 2 10 1 2 13 1 3 10 1 3 13 1 3 14 1 4 11 1 4 12 1 4 17 1 5 11 2 5 16 1 6 13 1 6 15 1 6 17 1 7 14 1 7 16 1 8 15 1 8 16 1 9 12 1 10 17 1
R 31841 54 81 6 298 3 4 5 0 1 2 3 0 1 2 0 4 5 3 4 3 4 5 5 1 0 0 2 1 1 2 3 4 5 1 4 3 1 0 1 3 1 3 4 0 5 2 0 2 3 0 3 5 5 2 0 1 2 4 0 1 2 3 5 4 2 4 5 5 1 3 0 2 1 2 0 1 4 2 3 5 4 3 4 5 0 | 18 26  0 8 1 0 14 1 0 15 1 1 9 1 1 12 1 1 14 1 2 9 1 2 13 1 2 14 1 3 10 1 3 15 1 3 17 1 4 10 2 4 16 1 5 11 1 5 12 1 5 13 1 6 11 1 6 12 1 6 13 1 7 11 1 7 15 1 7 16 1 8 16 1 8 17 1 9 17 1
R 66866 54 81 6 850 3 4 5 1 4 2 0 2 3 1 2 0 0 1 2 0 3 4 1 0 3 1 2 3 0 2 1 3 1 4 0 2 3 0 1 5 5 1 4 0 5 2 3 1 2 1 3 0 2 3 0 0 4 1 0 1 2 5 3 0 5 4 1 4 3 5 5 4 3 2 1 5 4 5 2 4 5 3 4 0 2 | 18 27  0 7 1 0 10 1 0 11 1 1 8 1 1 11 1 1 12 1 2 9 1 2 11 1 2 13 1 3 10 1 3 12 1 3 14 1 4 10 1 4 15 1 4 17 1 5 12 1 5 16 1 5 17 1 6 14 1 6 16 1 6 17 1 7 13 1 7 15 1 8 13 1 8 16 1 9 14 1 9 15 1
R 40914 54 81 6 96 3 1 2 4 0 2 4 1 0 2 4 3 2 4 0 0 3 1 2 5 4 0 2 1 1 2 0 2 0 1 0 3 4 1 0 2 4 1 0 3 4 5 4 3 0 2 5 3 5 0 1 1 3 4 4 5 0 3 5 1 3 5 2 1 5 0 3 5 1 4 2 5 3 1 0 3 4 4 2 5 2 | 18 23  0 7 2 0 13 1 1 8 2 1 13 1 2 9 2 2 14 1 3 10 2 3 15 1 4 11 1 4 12 1 4 15 1 5 11 1 5 13 1 5 14 1 6 12 1 6 14 1 6 17 1 7 16 1 8 16 1 9 15 1 10 16 1 11 17 1 12 17 1
R 13515 54 81 6 94 3 1 2 5 1 4 0 3 2 0 4 3 0 3 1 1 5 2 2 4 3 0 5 3 0 2 1 2 3 4 3 0 1 3 4 1 2 1 0 4 3 0 0 2 3 1 3 4 2 5 4 0 2 1 4 5 0 0 2 3 1 4 5 2 5 1 4 2 5 3 4 0 1 5 0 2 1 4 3 5 5 | 18 23  0 8 2 0 11 1 1 9 1 1 10 1 1 17 1 2 9 1 2 10 2 3 11 2 3 14 1 4 12 1 4 13 2 5 12 1 5 14 1 5 15 1 6 13 1 6 15 1 6 16 1 7 15 1 7 16 1 7 17 1 8 16 1 9 17 1 12 14 1
R 90869 54 81 6 130 3 4 5 1 2 0 3 0 4 4 5 1 0 1 2 3 5 2 1 2 3 0 4 1 2 4 3 0 1 4 2 0 5 5 2 1 1 0 4 0 1 4 0 2 1 4 2 5 2 1 4 3 1 0 0 1 2 5 3 4 1 2 5 2 3 0 4 3 5 0 1 4 5 4 3 2 0 5 5 3 3 | 18 26  0 6 1 0 10 1 0 12 1 1 7 1 1 11 2 2 8 1 2 13 1 2 16 1 3 9 1 3 14 1 3 15 1 4 10 1 4 12 1 4 13 1 5 11 1 5 15 1 5 17 1 6 12 1 6 14 1 7 16 1 7 17 1 8 16 1 8 17 1 9 14 1 9 15 1 10 13 1
R 72225 54 81 6 516 1 2 3 5 1 4 0 4 1 2 4 0 5 0 1 0 5 2 3 1 2 3 4 5 2 4 1 0 2 1 3 4 0 1 5 2 2 4 0 0 3 4 4 2 1 0 5 3 2 4 3 3 1 0 0 4 5 0 3 2 3 2 5 1 3 5 4 2 3 3 1 4 5 0 4 1 2 5 5 0 1 | 18 25  0 7 1 0 9 2 1 8 2 1 15 1 2 9 1 2 10 1 2 13 1 3 10 1 3 11 1 3 17 1 4 11 1 4 13 1 4 14 1 5 12 1 5 13 1 5 15 1 6 12 1 6 14 1 6 17 1 7 16 1 7 17 1 8 16 1 10 14 1 11 16 1 12 15 1
R 76894 54 81 6 190 3 4 5 0 1 4 1 2 3 2 0 4 1 5 0 0 4 3 2 1 5 1 2 3 3 4 5 0 2 3 3 1 0 0 3 5 2 5 3 1 2 0 1 2 4 0 2 3 4 1 0 1 4 2 0 1 2 2 3 5 4 0 5 5 1 3 2 4 3 1 2 5 4 3 0 4 5 0 1 5 4 | 18 27  0 7 1 0 9 1 0 11 1 1 8 1 1 13 1 1 15 1 2 9 1 2 12 1 2 13 1 3 10 1 3 11 1 3 14 1 4 10 1 4 11 1 4 17 1 5 12 1 5 16 1 5 17 1 6 15 1 6 16 1 6 17 1 7 13 1 7 14 1 8 14 1 8 15 1 9 16 1 10 12 1
R 61070 54 81 6 99 3 4 5 5 2 0 3 0 1 1 5 2 0 3 2 0 1 2 3 4 5 1 2 3 4 0 1 5 1 0 2 0 1 4 2 1 0 2 3 2 1 3 5 3 0 1 0 3 0 2 4 0 4 3 0 1 2 3 4 1 2 4 5 3 4 0 4 5 1 3 5 4 0 1 2 4 5 2 5 3 5 | 18 25  0 7 1 0 12 1 0 15 1 1 8 1 1 13 1 1 14 1 2 9 2 2 13 1 3 10 1 3 12 1 3 13 1 4 10 1 4 15 1 4 17 1 5 11 2 5 15 1 6 11 1 6 16 1 6 17 1 7 14 1 7 16 1 8 14 1 8 17 1 9 16 1 10 12 1
R 24123 54 81 6 4654 3 4 5 0 4 1 1 3 2 2 3 5 0 2 3 4 1 5 0 4 5 2 1 0 1 2 3 2 1 4 5 3 0 5 1 3 0 2 3 1 0 2 3 1 0 2 4 3 1 0 4 0 2 4 0 1 2 3 2 5 0 4 5 1 4 0 4 5 1 0 2 3 3 2 1 4 5 3 4 5 5 | 18 25  0 8 1 0 12 1 0 16 1 1 9 1 1 10 1 1 17 1 2 9 1 2 12 1 2 13 1 3 10 2 3 15 1 4 11 1 4 16 1 4 17 1 5 11 2 5 16 1 6 13 1 6 14 1 6 15 1 7 14 1 7 15 1 7 17 1 8 13 1 8 14 1 9 12 1
R 32040 54 81 6 149 3 4 5 0 5 2 0 3 1 0 1 2 4 2 5 1 2 4 0 3 1 4 0 3 1 2 3 1 2 5 5 2 3 0 2 5 1 0 3 3 0 4 2 1 3 1 4 3 4 1 0 0 2 4 0 1 2 3 4 1 4 2 5 4 5 3 0 1 3 3 5 0 4 2 5 5 2 1 4 5 0 | 18 26  0 8 1 0 11 1 0 12 1 1 9 1 1 12 1 1 13 1 2 9 1 2 13 1 2 17 1 3 10 1 3 15 1 3 17 1 4 10 2 4 16 1 5 11 1 5 12 1 5 15 1 6 14 1 6 15 1 6 16 1 7 14 1 7 16 1 7 17 1 8 11 1 8 13 1 9 14 1
R 69646 54 81 6 119 3 4 5 2 3 0 2 5 3 2 1 0 3 4 0 1 2 3 1 2 5 1 2 3 0 1 2 4 1 5 0 2 5 3 0 1 2 3 0 4 3 5 2 1 4 1 2 0 0 1 3 0 2 4 0 1 2 4 1 5 0 4 1 3 4 5 1 2 5 4 0 5 0 3 4 4 5 3 5 2 3 | 18 27  0 7 1 0 10 1 0 11 1 1 8 1 1 13 1 1 15 1 2 9 1 2 15 1 2 17 1 3 10 1 3 11 1 3 12 1 4 12 1 4 13 1 4 14 1 5 12 1 5 14 1 5 16 1 6 13 1 6 15 1 6 16 1 7 10 1 7 11 1 8 14 1 8 17 1 9 16 1 9 17 1
R 85128 54 81 6 581 3 4 5 0 1 2 1 4 2 0 5 2 0 3 5 1 2 3 0 1 4 1 2 3 5 4 0 2 0 1 4 3 1 0 2 3 1 3 5 3 4 2 3 4 5 1 0 2 0 1 4 0 2 3 0 1 2 3 4 5 3 5 0 4 1 3 2 1 4 4 0 5 2 3 5 4 5 2 1 5 0 | 18 27  0 7 1 0 11 1 0 12 1 1 8 1 1 12 1 1 13 1 2 9 1 2 10 1 2 12 1 3 9 1 3 14 1 3 16 1 4 10 1 4 13 1 4 17 1 5 11 1 5 13 1 5 15 1 6 14 1 6 15 1 6 17 1 7 15 1 7 16 1 8 16 1 8 17 1 9 11 1 10 14 1
R 22217 54 81 6 142 3 1 2 2 4 0 0 3 2 1 3 4 3 0 1 5 0 3 0 1 5 2 4 5 0 2 1 1 0 2 3 4 2 1 5 3 5 4 3 2 4 1 3 4 5 0 1 2 2 0 4 0 1 3 4 5 0 3 1 5 4 1 5 0 5 2 4 5 2 2 4 1 2 3 4 0 1 3 3 5 0 | 18 24  0 8 2 0 14 1 1 9 1 1 10 2 2 9 1 2 14 1 2 15 1 3 10 1 3 16 1 3 17 1 4 11 1 4 13 1 4 14 1 5 11 1 5 15 1 5 16 1 6 12 1 6 13 1 6 17 1 7 12 2 7 15 1 8 16 1 9 17 1 11 13 1
R 18936 54 81 6 28882 3 4 5 0 3 1 4 1 5 2 4 3 3 0 2 5 0 4 3 1 2 1 2 5 1 2 3 5 1 3 3 4 1 2 0 1 2 1 4 0 2 3 0 3 4 0 5 2 2 0 3 3 1 4 0 1 2 4 2 5 0 2 3 0 1 5 4 5 1 3 1 2 0 5 4 4 3 0 4 5 5 | 18 24  0 8 1 0 13 1 0 14 1 1 9 1 1 10 1 1 14 1 2 9 2 2 11 1 3 10 1 3 15 1 3 16 1 4 11 2 4 14 1 5 12 1 5 16 1 5 17 1 6 12 2 6 16 1 7 13 1 7 15 1 7 17 1 8 15 1 8 17 1 10 13 1
R 88781 54 81 6 329 3 4 5 0 1 2 0 1 4 1 3 2 5 1 2 4 0 3 3 1 5 1 2 3 2 3 0 0 2 5 4 2 5 3 2 1 1 0 4 2 3 4 0 3 4 0 4 1 0 3 2 5 0 1 0 1 2 4 3 5 3 5 2 0 5 4 0 4 3 5 1 2 0 2 4 4 5 1 5 3 1 | 18 26  0 7 1 0 9 1 0 12 1 1 8 1 1 12 1 1 16 1 2 10 1 2 13 1 2 14 1 3 10 1 3 14 1 3 17 1 4 11 2 4 15 1 5 11 1 5 16 1 5 17 1 6 13 1 6 15 1 6 16 1 7 9 1 7 12 1 8 14 1 8 15 1 9 17 1 10 13 1
R 69093 54 81 6 166 3 4 5 1 0 2 4 5 1 1 2 0 0 2 1 5 2 4 0 3 4 1 2 3 4 2 1 2 0 5 0 2 5 0 1 3 3 4 0 2 4 3 0 2 1 3 2 1 2 4 5 3 1 0 0 1 2 3 4 5 3 2 0 3 4 5 5 3 4 1 3 0 5 1 2 4 5 5 0 1 4 | 18 27  0 7 1 0 10 1 0 11 1 1 8 1 1 11 1 1 12 1 2 9 1 2 12 1 2 13 1 3 10 1 3 15 1 3 17 1 4 11 1 4 16 1 4 17 1 5 12 1 5 14 1 5 15 1 6 15 1 6 16 1 6 17 1 7 10 1 7 14 1 8 13 1 8 16 1 9 13 1 9 14 1
R 78165 54 81 6 126 3 4 5 0 1 4 1 2 3 1 0 4 0 2 5 5 3 1 0 2 4 1 2 3 3 5 1 0 2 3 3 4 5 2 3 1 0 1 4 1 2 5 1 2 4 2 0 3 2 1 3 0 1 4 0 1 2 2 3 5 4 5 0 2 5 3 1 4 3 4 0 2 3 1 5 4 5 0 4 5 0 | 18 27  0 7 1 0 9 1 0 12 1 1 8 1 1 13 1 1 15 1 2 9 1 2 12 1 2 13 1 3 10 1 3 11 1 3 14 1 4 10 1 4 16 1 4 17 1 5 11 1 5 16 1 5 17 1 6 12 1 6 15 1 6 16 1 7 13 1 7 14 1 8 14 1 8 15 1 9 17 1 10 11 1
R 3486 54 81 6 7412 3 1 2 4 0 2 4 5 1 2 3 5 0 2 4 4 1 2 0 3 1 0 3 4 0 2 1 1 2 0 0 3 5 2 5 4 1 3 2 0 2 1 4 3 2 3 4 5 0 1 5 0 1 2 4 5 0 3 5 1 2 0 3 1 0 4 1 5 3 3 5 0 4 2 5 1 5 2 3 4 4 | 18 21  0 8 2 0 15 1 1 9 2 1 15 1 2 10 1 2 11 2 3 10 1 3 12 2 4 11 1 4 12 1 4 17 1 5 13 2 5 14 1 6 13 1 6 15 1 6 17 1 7 14 2 7 16 1 8 16 1 9 16 1 10 17 1
R 49729 54 81 6 2929 1 2 3 1 4 2 3 0 4 0 4 2 1 4 5 0 3 2 0 3 1 3 4 5 2 0 1 5 4 0 0 2 1 2 0 1 3 4 1 0 3 4 1 3 2 0 1 2 0 2 3 0 5 3 0 4 5 3 0 5 1 2 5 3 5 1 3 2 0 5 1 4 2 4 5 1 2 5 4 3 4 | 18 25  0 7 1 0 10 2 1 8 1 1 12 1 1 13 1 2 9 2 2 14 1 3 10 1 3 12 1 3 17 1 4 11 1 4 13 1 4 14 1 5 11 1 5 13 1 5 15 1 6 12 1 6 14 1 6 15 1 7 16 1 7 17 1 8 16 1 8 17 1 9 15 1 11 16 1
R 60990 54 81 6 304 3 4 5 1 3 2 2 0 1 0 5 4 1 2 5 3 0 1 4 1 2 1 2 3 2 4 3 3 1 0 3 1 0 2 1 3 0 2 3 1 0 2 0 1 4 2 4 0 0 4 5 3 1 4 0 1 2 0 4 5 4 5 3 2 3 1 4 3 0 4 5 2 0 5 3 4 5 5 1 2 5 | 18 25  0 7 1 0 12 1 0 14 1 1 8 1 1 12 1 1 13 1 2 9 2 2 15 1 3 10 1 3 13 1 3 15 1 4 10 1 4 14 1 4 17 1 5 11 1 5 15 1 5 17 1 6 11 2 6 16 1 7 13 1 7 17 1 8 14 1 8 16 1 9 16 1 10 12 1
R 9951 54 81 6 163 1 2 3 0 4 1 2 0 3 3 1 2 3 0 1 4 1 5 1 2 0 0 2 4 3 4 5 0 2 1 4 3 2 5 1 2 3 2 0 0 3 1 1 2 4 0 3 5 4 0 1 3 4 1 0 4 5 3 5 2 1 4 5 5 0 4 4 2 5 0 3 2 4 3 5 5 1 3 1 2 0 | 18 25  0 8 1 0 9 2 1 9 1 1 12 1 1 13 1 2 10 1 2 13 1 2 14 1 3 10 1 3 14 1 3 15 1 4 11 1 4 15 1 4 17 1 5 11 2 5 16 1 6 12 1 6 14 1 6 16 1 7 13 1 7 15 1 7 16 1 8 12 1 8 17 1 10 17 1
R 39126 54 81 6 661 3 4 5 0 2 1 1 2 3 4 3 5 0 1 2 0 2 1 1 4 5 0 3 5 1 2 3 0 2 3 2 5 3 1 0 4 5 2 4 0 1 4 3 0 2 2 0 1 0 3 4 3 4 1 0 1 2 4 3 5 4 0 5 0 2 1 4 3 5 3 4 5 3 2 0 4 1 2 5 5 1 | 18 27  0 8 1 0 9 1 0 13 1 1 8 1 1 12 1 1 17 1 2 9 1 2 12 1 2 13 1 3 10 1 3 11 1 3 12 1 4 10 1 4 13 1 4 14 1 5 11 1 5 14 1 5 16 1 6 15 1 6 16 1 6 17 1 7 15 1 7 16 1 7 17 1 8 11 1 9 15 1 10 14 1
R 11614 54 81 6 150 3 4 5 1 2 0 1 0 2 4 3 2 3 0 4 1 3 4 2 4 0 3 5 1 1 2 3 0 2 4 2 3 0 2 4 5 3 1 0 1 2 0 3 5 4 1 4 3 2 1 0 1 0 4 0 1 2 5 3 4 4 5 3 1 5 0 1 2 5 0 2 5 3 1 5 4 0 2 4 5 3 | 18 26  0 8 1 0 9 1 0 17 1 1 9 1 1 11 1 1 12 1 2 10 1 2 12 1 2 17 1 3 10 2 3 15 1 4 11 1 4 12 1 4 13 1 5 11 1 5 14 1 5 16 1 6 13 1 6 14 1 6 15 1 7 13 1 7 14 1 7 15 1 8 16 1 8 17 1 9 16 1
R 67520 54 81 6 572 3 4 5 1 3 2 0 2 3 1 2 0 0 1 2 0 2 4 4 5 1 1 2 3 4 0 3 1 3 5 0 2 3 0 1 3 1 4 2 1 4 3 5 4 2 3 0 5 0 5 2 0 1 4 0 1 2 5 4 0 4 5 1 4 3 5 5 3 4 5 1 3 0 2 3 4 5 1 2 2 0 | 18 27  0 7 1 0 10 1 0 11 1 1 8 1 1 11 1 1 12 1 2 9 1 2 12 1 2 16 1 3 10 1 3 12 1 3 13 1 4 10 1 4 14 1 4 15 1 5 11 1 5 14 1 5 17 1 6 13 1 6 15 1 6 16 1 7 16 1 7 17 1 8 15 1 8 17 1 9 13 1 9 14 1
R 29299 54 81 6 184 3 4 5 1 3 2 0 3 1 2 1 4 5 0 4 1 0 3 2 4 5 0 2 3 1 2 3 2 0 1 4 0 3 5 4 3 0 2 5 0 1 3 3 4 1 2 0 5 4 1 2 2 0 1 0 1 2 4 5 0 5 2 4 5 0 3 1 2 3 2 5 4 0 1 3 4 5 1 4 5 3 | 18 25  0 8 1 0 12 1 0 13 1 1 9 1 1 13 1 1 16 1 2 9 1 2 14 1 2 15 1 3 10 1 3 14 1 3 17 1 4 10 2 4 15 1 5 11 1 5 16 1 5 17 1 6 11 2 6 16 1 7 13 1 7 14 1 7 15 1 8 12 1 8 17 1 9 12 1
R 60075 54 81 6 186 3 4 5 2 3 5 4 0 1 3 4 0 0 1 2 0 1 2 3 4 5 1 2 3 0 1 2 3 1 0 2 0 3 3 2 1 2 0 4 1 4 3 2 0 5 1 0 4 0 3 2 0 1 4 0 1 2 4 0 1 2 5 3 1 5 2 4 3 5 4 5 3 0 1 2 4 5 5 3 4 5 | 18 25  0 7 1 0 12 1 0 15 1 1 8 1 1 13 1 1 14 1 2 9 2 2 14 1 3 10 1 3 12 1 3 13 1 4 10 1 4 15 1 4 16 1 5 11 2 5 12 1 6 11 1 6 16 1 6 17 1 7 14 1 7 15 1 8 13 1 8 17 1 9 16 1 10 17 1
R 95236 54 81 6 27714 3 4 5 0 1 2 0 1 3 3 5 2 2 4 1 0 3 1 1 2 3 2 3 5 2 5 0 4 0 3 0 2 5 3 1 4 1 0 4 4 0 1 0 1 2 3 4 5 2 0 3 2 4 1 0 1 2 4 3 5 4 2 5 1 4 0 0 5 3 2 4 5 4 5 1 0 1 3 5 2 3 | 18 26  0 6 1 0 10 1 0 12 1 1 7 1 1 12 1 1 13 1 2 8 1 2 13 1 2 16 1 3 9 1 3 14 1 3 15 1 4 11 2 4 14 1 5 11 1 5 16 1 5 17 1 6 10 1 6 12 1 7 16 1 7 17 1 8 15 1 8 17 1 9 14 1 9 15 1 10 13 1
R 73431 54 81 6 535 3 4 5 0 1 4 1 2 5 3 1 0 2 4 5 0 1 3 2 1 5 1 2 3 2 3 4 0 2 3 0 2 4 3 5 4 3 1 4 1 0 5 4 5 3 2 1 5 2 0 1 2 0 3 0 1 2 5 2 3 4 3 0 5 4 2 0 1 3 2 4 5 3 0 4 4 5 1 0 5 1 | 18 26  0 7 1 0 9 1 0 13 1 1 8 1 1 12 1 1 16 1 2 9 1 2 10 1 2 12 1 3 10 1 3 13 1 3 14 1 4 11 2 4 15 1 5 11 1 5 16 1 5 17 1 6 13 1 6 14 1 6 17 1 7 15 1 7 16 1 8 14 1 8 15 1 9 12 1 10 17 1
R 69747 54 81 6 686 3 4 5 0 3 4 2 3 5 1 2 0 0 2 4 0 1 2 1 3 4 1 2 3 1 4 5 0 1 3 0 2 5 1 0 4 2 3 4 0 2 3 3 4 2 1 0 3 0 4 1 1 4 2 0 1 2 2 1 5 4 1 0 3 4 5 3 1 5 5 4 3 0 2 5 4 5 0 3 2 5 | 18 27  0 7 1 0 10 1 0 11 1 1 8 1 1 12 1 1 13 1 2 9 1 2 13 1 2 17 1 3 10 1 3 13 1 3 14 1 4 11 1 4 14 1 4 15 1 5 12 1 5 15 1 5 16 1 6 14 1 6 15 1 6 16 1 7 10 1 7 11 1 8 12 1 8 17 1 9 16 1 9 17 1
R 67414 54 81 6 75 3 4 5 2 3 4 0 1 2 1 2 3 0 1 2 0 4 1 1 3 4 1 2 3 0 1 2 4 5 0 0 2 3 0 1 4 5 1 3 3 0 2 1 2 5 4 3 2 0 3 1 0 1 4 0 1 2 5 1 0 3 4 5 4 5 0 5 3 4 2 5 3 0 2 5 4 5 4 3 1 2 | 18 27  0 7 1 0 10 1 0 11 1 1 8 1 1 13 1 1 14 1 2 9 1 2 14 1 2 15 1 3 10 1 3 11 1 3 12 1 4 10 1 4 11 1 4 12 1 5 12 1 5 13 1 5 14 1 6 15 1 6 16 1 6 17 1 7 13 1 7 16 1 8 16 1 8 17 1 9 15 1 9 17 1
R 81033 54 81 6 329 3 4 5 0 1 4 2 0 5 2 1 4 1 0 3 0 1 2 3 5 2 1 2 3 2 4 0 3 1 0 3 0 4 2 0 3 1 0 4 3 1 0 0 1 2 4 5 3 2 3 1 2 0 4 0 1 2 3 2 5 4 1 3 5 3 0 2 5 4 4 3 5 4 0 1 5 4 1 5 2 5 | 18 26  0 7 1 0 11 1 0 12 1 1 8 1 1 13 1 1 17 1 2 9 1 2 10 1 2 17 1 3 9 1 3 14 1 3 16 1 4 10 2 4 16 1 5 11 1 5 12 1 5 13 1 6 14 1 6 15 1 6 17 1 7 12 1 7 13 1 8 15 1 8 16 1 9 15 1 11 14 1
R 4422 54 81 6 860 3 4 5 1 0 4 3 4 0 1 0 2 1 2 3 1 5 2 3 2 4 4 0 1 1 2 3 5 4 0 2 0 3 1 4 3 4 2 5 0 2 3 1 0 4 2 1 0 0 2 3 1 4 3 0 1 2 2 3 5 1 2 5 4 5 3 0 4 5 3 4 0 0 1 5 5 3 2 5 4 1 | 18 23  0 8 1 0 13 1 0 14 1 1 9 2 1 15 1 2 10 1 2 11 2 3 10 2 3 14 1 4 11 1 4 16 1 4 17 1 5 12 1 5 13 1 5 17 1 6 12 2 6 16 1 7 13 1 7 15 1 7 17 1 8 14 1 8 15 1 9 16 1
R 59257 54 81 6 575 3 4 5 1 0 2 5 1 4 3 4 0 1 0 2 1 2 3 5 1 3 1 2 3 3 2 0 2 4 5 2 0 3 1 4 3 0 2 5 1 0 4 0 1 2 4 3 0 0 3 4 5 1 2 0 1 2 4 5 3 0 3 2 1 2 5 4 3 5 0 5 4 4 2 0 4 5 1 1 3 5 | 18 25  0 7 1 0 12 1 0 13 1 1 8 2 1 13 1 2 9 1 2 14 1 2 16 1 3 10 1 3 11 2 4 10 1 4 12 1 4 15 1 5 11 1 5 16 1 5 17 1 6 14 1 6 15 1 6 17 1 7 12 1 7 13 1 8 16 1 9 15 1 9 17 1 10 14 1
R 53117 54 81 6 5952 1 2 3 2 0 4 5 2 3 0 4 1 2 3 4 0 1 5 0 2 1 3 4 5 3 4 5 4 3 2 0 2 1 4 1 2 3 4 0 0 1 2 3 4 1 1 3 0 2 4 0 0 1 3 0 4 5 1 3 5 0 1 4 3 2 5 0 1 5 3 4 2 5 3 4 1 2 0 2 5 5 | 18 25  0 7 1 0 10 2 1 8 1 1 13 1 1 15 1 2 9 2 2 15 1 3 10 1 3 12 1 3 13 1 4 11 1 4 12 1 4 17 1 5 11 1 5 13 1 5 14 1 6 14 1 6 16 1 6 17 1 7 16 1 7 17 1 8 14 1 8 15 1 9 16 1 11 12 1
R 35993 54 81 6 84 3 4 5 0 1 2 5 3 4 3 4 5 1 3 0 2 0 1 2 0 4 1 0 2 1 2 3 2 3 1 0 1 4 4 0 3 1 5 2 0 3 2 1 0 4 0 2 3 3 2 0 1 0 4 0 1 2 4 3 5 0 1 2 2 1 0 5 2 4 3 5 4 3 5 1 4 5 3 4 5 5 | 18 27  0 8 1 0 15 1 0 17 1 1 9 1 1 12 1 1 13 1 2 9 1 2 13 1 2 14 1 3 10 1 3 11 1 3 12 1 4 10 1 4 11 1 4 12 1 5 10 1 5 11 1 5 13 1 6 14 1 6 15 1 6 16 1 7 15 1 7 16 1 7 17 1 8 16 1 8 17 1 9 14 1
R 16230 54 81 6 122 1 2 3 4 3 5 2 0 1 1 0 2 0 4 2 3 4 1 4 5 3 2 0 1 3 4 5 1 5 3 2 0 4 0 2 1 1 3 0 4 3 2 2 4 0 1 2 5 1 3 0 5 0 3 0 4 5 0 2 1 4 5 3 3 5 4 3 5 1 2 0 5 1 0 2 3 5 4 1 2 4 | 18 24  0 8 1 0 11 2 1 9 2 1 10 1 2 9 1 2 13 1 2 14 1 3 10 2 3 16 1 4 11 1 4 12 1 4 17 1 5 12 1 5 13 1 5 14 1 6 13 1 6 15 1 6 16 1 7 15 1 7 16 1 7 17 1 8 14 1 8 17 1 12 15 1
R 42365 54 81 6 149 3 4 5 1 3 2 2 0 1 1 2 5 0 5 1 2 3 4 4 0 1 1 2 3 0 2 3 3 1 0 0 2 3 1 5 4 0 2 4 0 1 3 2 4 1 2 1 0 0 3 4 3 1 4 0 1 2 4 5 0 4 5 3 4 3 0 2 3 4 1 5 0 3 5 2 4 5 1 2 5 5 | 18 24  0 7 1 0 10 1 0 13 1 1 8 2 1 11 1 2 9 2 2 14 1 3 10 1 3 12 1 3 17 1 4 11 2 4 13 1 5 12 1 5 13 1 5 14 1 6 15 1 6 16 1 6 17 1 7 15 1 7 17 1 8 16 1 9 16 1 10 14 1 12 15 1
R 65560 54 81 6 296 3 4 5 0 2 3 5 3 2 1 0 4 1 0 4 0 1 2 4 3 2 1 2 3 1 3 2 0 1 3 0 2 5 4 0 2 4 0 3 2 3 0 1 0 4 3 1 4 1 2 4 5 1 4 0 1 2 4 5 1 4 1 0 3 5 2 2 5 3 4 3 5 1 5 0 4 5 0 5 2 3 | 18 23  0 7 1 0 10 1 0 14 1 1 8 2 1 11 1 2 9 1 2 12 1 2 17 1 3 11 2 3 15 1 4 12 2 4 16 1 5 13 1 5 14 1 5 15 1 6 13 2 6 15 1 7 10 1 7 14 1 8 16 1 9 16 1 9 17 1 10 17 1
R 83423 54 81 6 278 3 4 5 5 4 2 3 5 1 1 0 4 0 4 2 1 2 3 4 3 0 1 2 3 3 0 5 2 1 4 2 0 1 0 3 1 4 0 3 1 0 4 3 0 5 0 1 2 5 3 4 1 2 4 0 1 2 1 3 0 0 4 2 3 2 5 5 3 1 4 5 0 2 5 1 5 4 4 2 5 3 | 18 26  0 7 1 0 12 1 0 13 1 1 8 1 1 15 1 1 16 1 2 9 1 2 10 1 2 12 1 3 9 1 3 14 1 3 17 1 4 10 1 4 13 1 4 14 1 5 11 1 5 15 1 5 17 1 6 11 2 6 16 1 7 13 1 7 14 1 8 15 1 8 16 1 9 12 1 10 17 1
R 91610 54 81 6 75 3 4 5 0 1 2 1 4 0 2 1 4 1 0 5 3 2 0 1 2 3 2 3 5 0 2 1 3 0 1 2 0 3 0 2 1 1 0 4 3 4 1 0 3 2 1 2 0 3 5 4 1 3 0 0 1 2 4 3 5 3 2 5 5 3 0 4 3 2 4 5 1 5 4 0 1 4 5 4 2 5 | 18 26  0 6 1 0 10 1 0 12 1 1 7 1 1 12 1 1 14 1 2 8 1 2 13 1 2 15 1 3 9 1 3 15 1 3 16 1 4 10 1 4 11 1 4 17 1 5 11 2 5 16 1 6 12 1 6 17 1 7 13 1 7 14 1 8 14 1 8 17 1 9 15 1 9 16 1 10 13 1
R 3782 54 81 6 335 3 4 5 0 1 2 0 1 4 2 5 4 2 0 3 1 2 0 4 0 1 2 3 5 1 2 3 5 2 1 2 4 1 3 0 5 0 2 3 5 3 1 0 1 4 1 0 2 2 3 4 2 0 4 0 1 2 3 4 5 3 5 2 0 3 1 1 4 5 4 5 3 2 5 3 0 4 1 4 5 0 | 18 22  0 8 1 0 12 1 0 14 1 1 9 2 1 14 1 2 10 2 2 11 1 3 10 1 3 15 1 3 17 1 4 11 2 4 15 1 5 12 2 5 14 1 6 13 1 6 16 1 6 17 1 7 13 2 7 16 1 8 15 1 8 17 1 9 16 1
R 66350 54 81 6 126 3 4 5 1 0 2 1 3 2 0 1 2 0 4 5 1 3 4 2 0 3 1 2 3 2 5 1 2 4 5 0 2 3 1 0 3 1 0 2 1 3 0 2 0 4 5 2 3 1 4 0 5 3 2 0 1 2 3 4 5 0 4 5 5 3 4 3 2 1 5 0 2 4 5 1 4 5 4 0 3 1 | 18 27  0 7 1 0 10 1 0 11 1 1 8 1 1 10 1 1 11 1 2 9 1 2 11 1 2 12 1 3 10 1 3 16 1 3 17 1 4 12 1 4 13 1 4 14 1 5 14 1 5 15 1 5 16 1 6 15 1 6 16 1 6 17 1 7 12 1 7 13 1 8 13 1 8 17 1 9 14 1 9 15 1
R 19577 54 81 6 1752 3 1 2 2 1 3 4 5 3 0 3 2 4 2 5 3 0 1 1 0 3 0 2 5 0 2 1 3 5 0 1 5 2 1 5 2 3 0 4 1 5 4 2 0 1 3 4 5 2 0 4 0 1 3 4 5 0 4 0 5 1 0 2 4 1 5 0 3 1 4 5 2 2 5 4 3 1 4 3 2 3 | 18 23  0 8 2 0 15 1 1 9 1 1 10 1 1 16 1 2 9 1 2 13 2 3 10 1 3 15 1 3 17 1 4 11 2 4 12 1 5 11 1 5 14 1 5 15 1 6 12 2 6 14 1 7 13 1 7 16 1 7 17 1 8 16 1 9 17 1 10 14 1
R 47700 54 81 6 120 3 1 2 1 0 2 2 4 3 0 2 3 4 2 1 3 0 4 1 5 0 0 2 1 2 3 0 0 3 4 3 4 5 1 2 0 2 5 0 0 3 1 1 2 3 3 5 4 4 0 1 4 1 0 4 5 0 4 5 3 1 5 0 1 4 5 3 5 0 1 2 5 3 4 2 3 1 5 2 2 4 | 18 24  0 7 2 0 10 1 1 8 1 1 13 1 1 17 1 2 9 2 2 14 1 3 10 1 3 11 1 3 17 1 4 11 2 4 15 1 5 12 1 5 13 1 5 14 1 6 12 1 6 14 1 6 15 1 7 16 1 8 15 1 8 16 1 9 16 1 10 17 1 12 13 1
R 84351 54 81 6 2393 3 4 5 3 5 4 3 0 4 0 2 1 1 0 2 4 0 1 2 1 5 1 2 3 0 4 2 1 4 3 2 0 3 5 2 4 3 5 0 0 2 4 0 1 4 2 1 5 1 0 4 3 1 2 0 1 2 1 2 0 2 1 5 5 4 3 4 5 3 3 2 5 0 3 4 4 5 5 3 0 1 | 18 26  0 7 1 0 13 1 0 16 1 1 8 1 1 14 1 1 15 1 2 9 1 2 10 1 2 17 1 3 9 1 3 12 1 3 13 1 4 10 2 4 16 1 5 11 1 5 12 1 5 13 1 6 11 1 6 14 1 6 17 1 7 15 1 7 16 1 8 14 1 8 15 1 9 17 1 11 12 1
R 24677 54 81 6 197 3 4 5 4 3 2 1 0 2 0 4 1 2 1 0 0 5 4 1 2 3 0 3 5 1 2 3 0 2 3 1 4 2 3 0 1 0 2 3 4 1 5 1 2 0 0 3 2 3 0 4 1 0 4 0 1 2 1 5 0 4 5 3 3 5 2 4 3 5 2 3 1 4 0 5 2 4 1 4 5 5 | 18 25  0 8 1 0 12 1 0 17 1 1 9 2 1 10 1 2 9 1 2 15 1 2 17 1 3 10 2 3 16 1 4 11 1 4 13 1 4 16 1 5 11 1 5 14 1 5 15 1 6 12 1 6 13 1 6 14 1 7 13 1 7 15 1 7 16 1 8 14 1 8 17 1 11 12 1
R 94561 54 81 6 12657 3 4 5 3 2 4 1 4 5 0 2 3 0 1 2 0 3 1 1 2 3 0 1 4 3 5 0 4 3 2 0 2 5 2 0 3 2 4 1 1 0 4 3 1 2 5 0 1 2 5 1 0 3 4 0 1 2 5 1 0 2 0 3 1 5 4 4 3 5 5 4 2 4 5 2 3 4 1 0 3 5 | 18 25  0 6 1 0 10 1 0 13 1 1 7 1 1 11 1 1 14 1 2 8 1 2 12 2 3 9 2 3 15 1 4 11 1 4 13 1 4 17 1 5 12 1 5 14 1 5 17 1 6 10 1 6 13 1 7 15 1 7 16 1 8 16 1 8 17 1 9 16 1 10 15 1 11 14 1
R 37737 54 81 6 878 3 4 5 0 2 1 1 2 3 5 1 0 1 2 4 5 0 3 3 0 1 4 2 5 1 2 3 0 2 3 2 5 0 3 0 4 5 2 1 1 0 4 4 3 2 0 1 2 4 3 0 3 1 4 0 1 2 4 3 5 4 0 5 4 3 2 5 3 0 1 2 4 4 5 2 0 3 1 5 5 1 | 18 25  0 8 1 0 9 1 0 13 1 1 8 1 1 10 1 1 14 1 2 9 1 2 14 1 2 15 1 3 10 1 3 13 1 3 16 1 4 11 1 4 15 1 4 17 1 5 11 2 5 15 1 6 12 1 6 16 1 6 17 1 7 12 2 7 16 1 8 17 1 9 13 1 10 14 1
R 65971 54 81 6 710 3 4 5 2 4 5 0 1 2 5 1 3 0 3 5 2 1 4 1 0 2 1 2 3 1 5 4 4 2 1 0 2 5 2 3 4 4 1 5 1 3 0 2 0 5 0 1 3 1 4 3 0 2 1 0 1 2 0 3 1 3 5 4 0 2 4 1 2 4 0 3 5 3 4 5 4 5 2 0 3 5 | 18 22  0 7 1 0 10 1 0 15 1 1 8 2 1 14 1 2 9 2 2 15 1 3 11 1 3 12 1 3 17 1 4 11 1 4 13 2 5 12 2 5 13 1 6 14 2 6 15 1 7 10 1 7 16 1 8 16 1 9 16 1 10 17 1 11 17 1
R 65610 54 81 6 20164 3 4 5 1 3 5 2 0 1 4 2 3 1 0 2 1 0 2 3 4 5 1 2 3 4 5 3 4 1 0 0 2 5 0 2 1 5 2 4 5 2 0 0 1 3 3 2 1 4 0 5 0 1 4 0 1 2 0 2 4 3 5 4 5 0 1 3 4 5 3 4 5 1 0 2 4 5 1 2 3 3 | 18 23  0 7 1 0 10 1 0 14 1 1 8 2 1 11 1 2 9 2 2 15 1 3 11 1 3 12 2 4 12 1 4 14 1 4 15 1 5 13 2 5 14 1 6 13 1 6 15 1 6 17 1 7 10 1 7 17 1 8 16 1 9 16 1 10 17 1 11 16 1
R 1522 54 81 6 676 3 1 2 5 0 2 0 2 3 1 3 4 0 1 2 4 3 5 2 4 5 1 3 0 0 2 1 1 2 0 3 4 5 4 3 2 5 3 2 1 2 0 1 4 3 4 3 0 0 1 4 5 0 1 4 5 0 3 4 1 1 4 5 0 5 2 4 5 3 0 1 2 3 0 1 5 2 4 3 5 2 | 18 23  0 8 2 0 10 1 1 9 2 1 11 1 2 10 1 2 13 1 2 14 1 3 11 2 3 16 1 4 12 1 4 15 1 4 17 1 5 12 2 5 15 1 6 13 1 6 14 1 6 15 1 7 13 1 7 14 1 7 17 1 8 16 1 9 16 1 10 17 1
R 20266 54 81 6 187 3 4 5 3 2 5 1 0 2 0 3 4 0 4 1 5 0 2 1 0 2 3 4 5 1 2 3 0 5 2 4 3 2 1 5 2 5 4 2 0 2 3 1 4 0 3 0 5 3 0 1 1 3 4 0 1 2 1 4 0 3 4 5 1 5 2 3 5 2 4 3 1 3 4 5 0 1 2 4 5 0 | 18 24  0 8 1 0 13 1 0 17 1 1 9 2 1 10 1 2 9 1 2 13 1 2 14 1 3 10 2 3 14 1 4 11 1 4 13 1 4 15 1 5 11 1 5 14 1 5 15 1 6 12 1 6 16 1 6 17 1 7 12 2 7 16 1 8 15 1 8 16 1 11 17 1
R 34292 54 81 6 229 3 4 5 3 0 5 0 1 2 1 0 2 4 5 2 0 4 1 0 4 2 1 3 5 1 2 3 5 1 2 5 2 0 2 4 5 1 4 2 0 2 3 3 0 5 1 0 3 0 1 4 4 1 3 0 1 2 4 1 2 3 5 4 3 4 5 1 3 0 3 5 2 3 1 5 0 4 2 4 5 0 | 18 26  0 8 1 0 13 1 0 15 1 1 9 1 1 11 1 1 17 1 2 9 1 2 12 1 2 13 1 3 10 2 3 15 1 4 10 1 4 16 1 4 17 1 5 11 1 5 13 1 5 14 1 6 12 1 6 14 1 6 17 1 7 12 1 7 15 1 7 16 1 8 14 1 8 16 1 9 11 1
R 82685 54 81 6 75 3 4 5 1 3 2 2 0 3 1 0 4 5 1 0 0 1 3 0 4 2 1 2 3 2 4 1 3 4 5 0 1 2 2 3 5 0 2 3 1 0 2 4 1 3 0 1 4 3 4 1 1 2 0 0 1 2 0 4 5 1 5 4 2 5 3 3 4 2 4 2 5 1 3 5 4 5 5 3 0 0 | 18 26  0 7 1 0 12 1 0 15 1 1 8 1 1 12 1 1 13 1 2 9 1 2 10 1 2 17 1 3 9 1 3 12 1 3 13 1 4 10 2 4 16 1 5 11 1 5 14 1 5 15 1 6 11 1 6 15 1 6 16 1 7 13 1 7 17 1 8 14 1 8 17 1 9 14 1 11 16 1
R 90123 54 81 6 86 1 2 3 2 5 4 2 0 3 1 0 4 2 5 1 0 4 1 3 4 5 1 3 2 4 3 0 4 3 0 1 0 2 0 2 1 3 0 4 1 0 2 0 2 1 3 2 4 4 0 5 0 4 1 0 4 5 0 1 3 1 5 4 2 3 5 4 0 3 3 2 5 1 2 5 4 2 5 1 3 5 | 18 25  0 6 1 0 11 2 1 7 1 1 12 1 1 13 1 2 8 2 2 13 1 3 9 1 3 14 1 3 15 1 4 10 1 4 15 1 4 17 1 5 11 1 5 12 1 5 13 1 6 16 1 6 17 1 7 12 1 7 14 1 8 16 1 9 14 1 9 15 1 10 16 1 10 17 1
R 36640 54 81 6 162 3 4 5 0 1 2 0 3 1 0 3 2 1 2 0 1 4 5 4 0 3 2 1 5 1 2 3 4 5 1 1 3 2 0 2 3 1 0 3 0 5 2 3 1 4 2 0 1 2 5 4 1 3 0 0 1 2 3 5 4 2 5 4 4 5 1 4 3 5 3 0 2 2 5 1 0 3 4 4 5 0 | 18 27  0 8 1 0 11 1 0 12 1 1 9 1 1 10 1 1 11 1 2 9 1 2 11 1 2 15 1 3 10 1 3 12 1 3 13 1 4 12 1 4 16 1 4 17 1 5 13 1 5 16 1 5 17 1 6 14 1 6 15 1 6 16 1 7 14 1 7 15 1 7 17 1 8 13 1 8 14 1 9 10 1
R 32882 54 81 6 242 3 4 5 0 1 2 0 3 5 1 0 5 2 4 5 1 2 0 0 2 3 1 3 4 1 2 3 2 3 5 5 4 3 3 1 2 0 2 5 0 1 3 2 4 5 1 3 0 2 0 1 1 0 4 0 1 2 4 5 3 1 4 2 2 4 3 0 1 3 4 3 5 5 1 4 0 2 5 4 5 0 | 18 26  0 8 1 0 12 1 0 13 1 1 9 1 1 11 1 1 12 1 2 9 1 2 11 1 2 17 1 3 10 1 3 16 1 3 17 1 4 10 2 4 16 1 5 13 1 5 14 1 5 15 1 6 13 1 6 14 1 6 15 1 7 14 1 7 15 1 7 16 1 8 12 1 8 17 1 9 11 1
R 34302 54 81 6 111 3 4 5 3 4 2 0 1 2 3 1 2 5 0 4 0 1 5 0 4 1 5 3 2 1 2 3 2 0 4 5 2 1 4 1 2 1 4 2 0 2 3 3 5 0 0 1 3 3 0 4 3 0 1 0 1 2 1 0 5 3 5 4 0 4 5 3 1 2 3 4 2 3 5 2 0 1 4 4 5 5 | 18 26  0 8 1 0 13 1 0 15 1 1 9 1 1 11 1 1 17 1 2 9 1 2 12 1 2 13 1 3 10 2 3 15 1 4 10 1 4 16 1 4 17 1 5 11 1 5 15 1 5 16 1 6 12 1 6 13 1 6 14 1 7 12 1 7 14 1 7 17 1 8 14 1 8 16 1 9 11 1
R 62516 54 81 6 274 3 4 5 1 3 2 1 0 4 1 0 2 4 3 5 0 1 2 4 0 2 1 2 3 4 5 1 3 5 0 4 2 0 0 2 3 1 0 2 1 0 5 1 4 0 0 3 5 0 2 1 2 3 4 0 1 2 0 4 5 2 3 5 3 5 4 1 2 0 5 3 4 3 5 1 4 5 3 2 4 1 | 18 26  0 7 1 0 11 1 0 13 1 1 8 1 1 11 1 1 12 1 2 9 1 2 16 1 2 17 1 3 10 2 3 13 1 4 10 1 4 15 1 4 17 1 5 11 1 5 14 1 5 15 1 6 12 1 6 14 1 6 15 1 7 12 1 7 16 1 8 13 1 8 14 1 9 16 1 9 17 1
R 5830 54 81 6 946 3 4 5 1 0 2 3 5 4 0 1 4 0 1 2 3 4 5 1 2 0 1 2 3 1 2 3 3 2 0 4 1 2 5 4 1 0 2 5 1 0 4 2 0 3 3 4 2 0 3 5 0 1 3 0 1 2 4 5 3 0 1 2 3 5 2 3 5 4 0 2 1 3 4 5 5 0 4 4 5 1 | 18 24  0 8 1 0 12 1 0 13 1 1 9 2 1 13 1 2 10 1 2 14 1 2 17 1 3 10 2 3 16 1 4 11 1 4 15 1 4 17 1 5 11 2 5 15 1 6 12 1 6 14 1 6 17 1 7 14 1 7 15 1 7 16 1 8 12 1 8 13 1 9 16 1
R 52923 54 81 6 152 1 2 3 0 2 3 4 5 0 0 4 1 0 2 4 3 1 2 1 2 0 3 4 5 4 3 2 0 3 2 0 2 1 4 1 5 1 0 3 3 4 0 2 1 0 1 3 5 2 4 0 3 0 1 0 4 5 1 5 4 1 3 2 3 2 5 3 5 1 0 4 5 5 3 4 1 2 0 4 5 2 | 18 25  0 7 1 0 10 2 1 8 2 1 12 1 2 9 1 2 14 1 2 15 1 3 10 1 3 13 1 3 14 1 4 11 1 4 12 1 4 13 1 5 11 1 5 14 1 5 17 1 6 13 1 6 16 1 6 17 1 7 16 1 7 17 1 8 15 1 9 15 1 9 16 1 11 12 1
R 93329 54 81 6 466 3 4 5 0 1 2 0 3 4 1 4 5 1 2 3 0 1 4 1 2 3 2 3 5 2 1 0 3 5 0 0 2 3 1 0 4 3 4 1 0 2 4 3 2 5 2 5 4 1 0 2 0 3 1 0 1 2 4 3 5 5 2 1 2 3 0 4 0 5 5 3 2 4 5 0 1 4 3 1 4 5 | 18 27  0 6 1 0 10 1 0 11 1 1 7 1 1 11 1 1 12 1 2 8 1 2 12 1 2 13 1 3 9 1 3 13 1 3 14 1 4 10 1 4 15 1 4 16 1 5 13 1 5 16 1 5 17 1 6 16 1 6 17 1 7 12 1 7 15 1 8 14 1 8 15 1 9 14 1 9 17 1 10 11 1
R 92112 54 81 6 124 3 4 5 0 3 2 0 1 4 0 2 1 1 2 5 0 3 2 1 2 3 1 2 5 4 5 0 3 1 5 0 2 3 1 0 4 3 1 4 5 0 2 1 2 0 4 1 3 3 2 4 0 3 4 0 1 2 4 5 1 3 2 5 4 3 5 4 3 0 4 5 1 4 5 3 0 2 1 0 2 5 | 18 27  0 6 1 0 10 1 0 11 1 1 7 1 1 11 1 1 13 1 2 8 1 2 12 1 2 16 1 3 9 1 3 13 1 3 17 1 4 10 1 4 11 1 4 12 1 5 14 1 5 15 1 5 17 1 6 13 1 6 14 1 7 14 1 7 15 1 8 15 1 8 16 1 9 16 1 9 17 1 10 12 1
R 39382 54 81 6 333 3 4 5 0 2 1 0 4 2 1 5 3 3 0 1 5 1 4 0 1 2 4 3 2 1 2 3 2 1 3 4 1 3 2 4 5 4 1 0 0 3 5 2 0 4 0 3 1 0 2 5 3 0 2 0 1 2 4 3 5 5 3 1 0 2 4 5 2 4 0 2 3 3 4 5 0 5 1 5 4 1 | 18 26  0 8 1 0 14 1 0 15 1 1 8 1 1 14 1 1 17 1 2 9 1 2 12 1 2 13 1 3 9 1 3 13 1 3 15 1 4 10 1 4 12 1 4 17 1 5 10 2 5 16 1 6 11 1 6 13 1 6 14 1 7 11 1 7 15 1 7 16 1 8 12 1 9 16 1 11 17 1
R 62617 54 81 6 1061 3 4 5 1 0 2 0 5 4 0 1 2 3 4 1 0 1 2 4 5 0 1 2 3 2 3 5 1 3 4 4 2 1 0 2 3 0 1 4 5 2 0 2 3 5 4 1 0 1 3 4 2 0 4 0 1 2 4 5 3 2 3 1 3 5 4 0 2 5 5 3 4 1 2 3 4 5 0 1 0 5 | 18 26  0 7 1 0 11 1 0 12 1 1 8 1 1 12 1 1 15 1 2 9 1 2 13 1 2 14 1 3 10 2 3 11 1 4 10 1 4 15 1 4 17 1 5 11 1 5 12 1 5 13 1 6 13 1 6 16 1 6 17 1 7 14 1 7 16 1 8 16 1 8 17 1 9 14 1 9 15 1
R 67144 54 81 6 529 3 4 5 0 1 2 0 2 1 1 2 3 0 1 2 0 3 4 5 3 4 1 2 3 3 2 5 5 1 0 0 2 3 1 0 4 4 2 5 4 3 1 2 3 4 3 0 1 0 2 5 0 4 1 0 1 2 4 3 5 4 3 5 4 5 0 5 4 3 1 5 2 0 1 2 4 5 0 1 2 3 | 18 27  0 7 1 0 10 1 0 11 1 1 8 1 1 11 1 1 15 1 2 9 1 2 12 1 2 13 1 3 10 1 3 11 1 3 12 1 4 10 1 4 15 1 4 17 1 5 12 1 5 14 1 5 15 1 6 14 1 6 16 1 6 17 1 7 16 1 7 17 1 8 13 1 8 14 1 9 13 1 9 16 1
R 10189 54 81 6 142 1 2 3 0 4 1 2 3 4 0 1 5 0 2 3 1 4 5 2 4 0 1 2 0 3 4 5 0 2 1 4 1 2 5 4 0 3 4 0 2 0 1 3 0 4 2 0 4 2 1 3 1 0 3 0 4 5 3 2 5 0 1 5 3 4 2 1 5 4 2 3 0 3 1 5 5 3 4 1 2 5 | 18 25  0 8 1 0 9 2 1 9 1 1 12 1 1 13 1 2 10 1 2 12 1 2 15 1 3 10 1 3 13 1 3 14 1 4 11 1 4 16 1 4 17 1 5 11 2 5 16 1 6 13 1 6 14 1 6 17 1 7 14 1 7 15 1 7 16 1 8 15 1 8 17 1 10 12 1
R 28117 54 81 6 344 3 4 5 0 5 1 0 3 4 0 1 2 3 4 2 2 0 1 3 4 5 0 1 2 1 2 3 1 3 2 2 4 0 5 4 1 3 5 1 0 2 3 1 0 4 3 1 5 4 2 0 2 0 3 0 1 2 4 2 3 5 2 1 3 4 5 1 5 0 3 5 4 0 2 1 4 3 5 5 4 0 | 18 25  0 8 1 0 13 1 0 14 1 1 9 1 1 12 1 1 16 1 2 9 1 2 15 1 2 17 1 3 10 1 3 12 1 3 13 1 4 10 2 4 15 1 5 11 1 5 16 1 5 17 1 6 11 2 6 16 1 7 13 1 7 14 1 7 17 1 8 14 1 8 15 1 9 12 1
R 55607 54 81 6 138 1 2 3 2 1 4 0 1 5 0 4 1 2 4 5 1 2 0 3 0 1 3 4 5 0 5 2 4 2 1 0 2 1 3 4 0 0 2 1 4 2 0 1 3 5 1 3 2 3 4 5 0 3 1 0 4 5 3 0 5 3 4 2 3 2 5 1 3 0 5 3 4 4 5 2 1 2 1 4 5 0 | 18 26  0 7 1 0 10 2 1 8 1 1 14 1 1 17 1 2 9 1 2 15 1 2 16 1 3 10 1 3 11 1 3 12 1 4 11 1 4 12 1 4 15 1 5 11 1 5 13 1 5 14 1 6 12 1 6 13 1 6 14 1 7 13 1 7 17 1 8 16 1 8 17 1 9 15 1 9 16 1
R 73042 54 81 6 100 3 4 5 0 3 2 1 2 0 0 1 2 1 5 4 4 2 3 0 3 1 1 2 3 4 5 0 0 2 3 5 1 2 3 2 5 1 0 4 2 0 1 3 1 0 5 1 3 0 1 2 1 4 3 0 1 2 1 4 5 4 5 3 4 3 5 0 3 2 1 0 5 5 2 4 5 4 3 2 0 4 | 18 26  0 7 1 0 9 1 0 12 1 1 8 1 1 14 1 1 17 1 2 9 2 2 10 1 3 10 1 3 12 1 3 14 1 4 11 1 4 13 1 4 14 1 5 11 1 5 15 1 5 16 1 6 13 1 6 15 1 6 16 1 7 12 1 7 13 1 8 16 1 8 17 1 10 17 1 11 15 1
R 93463 54 81 6 75 3 4 5 3 0 4 1 0 2 2 3 0 2 1 0 1 4 2 1 2 3 1 4 5 5 2 0 0 1 3 0 2 3 1 0 4 0 2 3 1 2 3 3 1 2 5 2 0 0 1 2 3 0 4 0 1 2 2 1 5 3 4 5 5 4 1 4 3 5 0 3 5 4 5 0 3 4 1 4 2 5 | 18 27  0 6 1 0 10 1 0 11 1 1 7 1 1 12 1 1 13 1 2 8 1 2 12 1 2 14 1 3 9 1 3 13 1 3 15 1 4 10 1 4 11 1 4 12 1 5 13 1 5 15 1 5 17 1 6 15 1 6 16 1 7 14 1 7 16 1 8 16 1 8 17 1 9 14 1 9 17 1 10 11 1
R 11465 54 81 6 2146 3 4 5 1 2 5 1 0 5 4 2 5 0 2 4 0 1 4 2 3 0 4 1 3 1 2 3 0 2 3 5 2 3 0 1 4 3 1 4 1 2 0 3 2 0 0 4 1 4 0 5 2 1 4 0 1 2 4 3 0 4 2 3 0 1 3 5 1 3 2 3 5 4 5 1 5 2 0 4 5 5 | 18 26  0 8 1 0 9 1 0 11 1 1 9 1 1 11 1 1 12 1 2 10 1 2 15 1 2 17 1 3 10 2 3 16 1 4 11 1 4 14 1 4 15 1 5 12 1 5 13 1 5 14 1 6 13 1 6 15 1 6 16 1 7 13 1 7 16 1 7 17 1 8 14 1 8 17 1 9 12 1
R 74866 54 81 6 116 3 4 5 0 2 3 1 2 5 1 5 2 0 3 1 2 4 0 3 0 1 1 2 3 5 1 2 0 2 3 2 0 1 1 0 2 0 1 3 3 1 4 1 2 3 0 5 2 3 1 4 2 0 5 0 1 2 4 5 1 4 3 0 3 4 0 5 2 4 3 5 1 4 5 2 4 5 0 3 5 4 | 18 26  0 7 1 0 9 1 0 12 1 1 8 1 1 14 1 1 15 1 2 9 1 2 15 1 2 16 1 3 10 1 3 12 1 3 13 1 4 10 1 4 13 1 4 17 1 5 11 1 5 12 1 5 17 1 6 11 2 6 16 1 7 15 1 7 16 1 8 14 1 8 17 1 9 13 1 10 14 1
R 85919 54 81 6 438 3 4 5 0 3 2 0 1 2 3 4 5 1 5 3 1 4 5 1 2 0 1 2 3 2 4 0 2 3 0 3 2 5 0 2 5 1 0 4 3 1 0 2 1 3 4 2 1 0 1 4 0 4 3 0 1 2 1 4 5 4 3 5 1 2 0 4 0 2 0 3 2 3 4 5 4 5 5 3 5 1 | 18 27  0 7 1 0 11 1 0 12 1 1 8 1 1 13 1 1 17 1 2 9 1 2 12 1 2 13 1 3 9 1 3 13 1 3 14 1 4 10 1 4 15 1 4 16 1 5 10 1 5 16 1 5 17 1 6 11 1 6 14 1 6 15 1 7 11 1 7 12 1 8 14 1 8 15 1 9 16 1 10 17 1
R 68086 54 81 6 213 3 4 5 1 3 2 0 3 1 1 2 5 0 1 2 0 2 3 3 5 4 1 2 3 5 2 4 5 1 0 0 2 3 0 1 3 0 1 2 2 0 1 4 5 3 4 0 1 5 4 2 0 5 3 0 1 2 0 4 5 4 2 5 4 3 0 5 3 4 5 4 1 2 0 1 4 5 3 1 3 2 | 18 27  0 7 1 0 10 1 0 11 1 1 8 1 1 11 1 1 12 1 2 9 1 2 14 1 2 15 1 3 10 1 3 13 1 3 14 1 4 10 1 4 15 1 4 17 1 5 11 1 5 13 1 5 16 1 6 15 1 6 16 1 6 17 1 7 12 1 7 13 1 8 12 1 8 14 1 9 16 1 9 17 1
R 90647 54 81 6 81 3 1 2 2 4 3 2 1 4 1 2 4 0 2 3 4 0 3 0 2 1 0 5 2 3 4 5 3 0 1 3 4 5 1 4 3 1 0 2 2 0 4 0 2 4 3 1 0 1 0 4 5 1 3 4 5 0 1 0 5 0 3 5 5 3 0 1 4 5 2 5 1 3 4 3 1 2 2 4 2 5 | 18 26  0 6 2 0 10 1 1 7 1 1 11 1 1 16 1 2 8 1 2 12 1 2 13 1 3 9 1 3 14 1 3 17 1 4 10 1 4 12 1 4 14 1 5 11 1 5 12 1 5 13 1 6 13 1 7 15 1 7 16 1 8 14 1 8 15 1 9 16 1 9 17 1 10 17 1 11 15 1
R 995 54 81 6 178 3 4 5 0 2 1 0 3 4 5 1 3 0 2 4 5 2 3 1 2 3 2 0 1 0 1 4 1 2 3 2 4 3 2 3 0 0 1 4 5 4 1 0 3 2 5 1 3 0 2 4 1 0 5 0 1 2 4 5 3 1 5 2 0 4 2 5 3 1 1 0 4 5 4 0 3 4 5 5 2 3 | 18 26  0 9 1 0 16 1 0 17 1 1 9 2 1 16 1 2 10 1 2 11 1 2 12 1 3 10 1 3 11 1 3 13 1 4 10 1 4 13 1 4 14 1 5 11 1 5 13 1 5 17 1 6 12 1 6 14 1 6 15 1 7 12 1 7 15 1 7 16 1 8 14 1 8 15 1 8 17 1
R 83358 54 81 6 235 3 4 5 4 1 5 5 1 2 0 3 2 1 0 4 1 5 2 3 2 0 1 2 3 3 5 4 2 0 1 3 1 2 0 2 4 0 2 3 1 0 3 1 0 5 0 3 5 5 0 2 3 1 4 0 1 2 0 3 2 3 0 4 4 5 1 5 3 2 3 4 0 1 5 4 4 5 2 1 5 4 | 18 26  0 7 1 0 12 1 0 13 1 1 8 1 1 14 1 1 15 1 2 9 1 2 10 1 2 12 1 3 9 1 3 13 1 3 15 1 4 10 1 4 16 1 4 17 1 5 11 1 5 13 1 5 17 1 6 11 2 6 15 1 7 16 1 7 17 1 8 14 1 8 16 1 9 12 1 10 14 1
R 5433 54 81 6 228 3 4 5 1 0 2 0 2 4 1 4 3 1 0 3 4 2 5 1 2 3 4 0 1 1 2 3 3 2 0 3 4 0 5 2 3 0 2 3 1 0 4 2 1 0 0 4 5 2 1 4 1 3 4 0 1 2 4 5 3 1 3 5 2 5 0 4 2 5 0 1 3 4 5 0 5 3 2 5 4 1 | 18 24  0 8 1 0 12 1 0 13 1 1 9 2 1 13 1 2 10 1 2 14 1 2 17 1 3 10 2 3 16 1 4 11 1 4 15 1 4 16 1 5 11 2 5 16 1 6 12 1 6 14 1 6 17 1 7 12 1 7 15 1 7 17 1 8 13 1 8 14 1 9 15 1
R 39503 54 81 6 307 3 4 5 0 2 3 1 0 2 3 4 5 3 1 4 0 5 1 0 1 2 1 0 2 1 2 3 2 3 0 2 5 3 2 0 4 1 0 4 1 3 2 1 0 3 0 1 4 0 4 3 2 0 4 0 1 2 4 5 1 4 3 5 1 0 2 0 2 5 4 2 3 3 4 5 4 5 3 5 5 1 | 18 27  0 8 1 0 11 1 0 12 1 1 8 1 1 12 1 1 16 1 2 9 1 2 12 1 2 13 1 3 9 1 3 13 1 3 14 1 4 10 1 4 15 1 4 16 1 5 10 1 5 16 1 5 17 1 6 11 1 6 14 1 6 15 1 7 13 1 7 14 1 7 15 1 8 11 1 9 17 1 10 17 1
R 80198 54 81 6 148 3 4 5 1 5 2 3 1 4 0 1 5 0 2 1 1 2 3 0 4 5 1 2 3 2 3 4 2 4 5 0 1 3 0 2 3 5 4 3 0 1 3 1 0 4 1 0 2 4 2 0 3 2 0 0 1 2 0 4 3 0 2 5 3 2 4 4 3 5 4 0 5 1 2 3 4 5 5 1 1 5 | 18 25  0 7 1 0 11 1 0 13 1 1 8 1 1 13 1 1 14 1 2 9 1 2 10 2 3 9 1 3 14 1 3 17 1 4 10 1 4 16 1 4 17 1 5 11 1 5 12 1 5 15 1 6 12 2 6 15 1 7 15 1 7 16 1 8 13 1 8 16 1 9 17 1 11 14 1
R 59669 54 81 6 232 3 4 5 1 0 2 1 0 2 2 0 1 3 4 5 4 0 1 3 1 5 1 2 3 2 5 0 5 2 1 5 1 0 5 1 2 0 2 3 1 0 3 0 3 5 0 3 1 1 3 2 2 3 4 0 1 2 3 4 5 3 4 5 3 4 5 2 0 1 3 2 5 0 4 2 4 5 1 4 4 0 | 18 25  0 7 1 0 12 1 0 13 1 1 8 1 1 12 1 1 13 1 2 9 1 2 13 1 2 16 1 3 10 2 3 12 1 4 10 1 4 16 1 4 17 1 5 11 1 5 14 1 5 17 1 6 11 2 6 15 1 7 14 1 7 15 1 8 14 1 8 15 1 9 16 1 9 17 1
R 54629 54 81 6 82 1 2 3 1 4 5 2 5 3 0 4 2 1 0 2 0 2 3 4 0 1 3 4 5 2 0 1 0 4 5 0 2 1 2 4 5 1 0 3 4 1 3 0 1 3 2 1 0 4 0 2 0 5 3 0 4 5 3 0 2 1 0 4 3 5 1 3 4 5 1 4 5 2 5 3 1 2 5 4 2 3 | 18 26  0 7 1 0 10 2 1 8 1 1 11 1 1 12 1 2 9 1 2 13 1 2 14 1 3 10 1 3 12 1 3 17 1 4 11 1 4 12 1 4 13 1 5 11 1 5 15 1 5 16 1 6 13 1 6 15 1 6 16 1 7 16 1 7 17 1 8 14 1 8 17 1 9 14 1 9 15 1
R 82864 54 81 6 341 3 4 5 3 0 2 3 4 5 0 1 2 1 5 2 3 0 1 5 1 4 1 2 3 2 5 0 2 0 3 2 1 4 4 1 3 1 0 3 0 2 5 0 1 4 4 3 0 0 2 4 3 1 2 0 1 2 4 5 1 1 0 2 4 5 3 3 4 0 5 2 4 0 2 3 4 5 3 1 5 5 | 18 26  0 7 1 0 13 1 0 14 1 1 8 1 1 14 1 1 15 1 2 9 1 2 10 1 2 12 1 3 9 1 3 12 1 3 13 1 4 10 1 4 12 1 4 17 1 5 11 1 5 15 1 5 17 1 6 11 2 6 16 1 7 13 1 7 16 1 8 14 1 8 16 1 9 17 1 10 15 1
R 9167 54 81 6 252 1 2 3 0 4 2 4 5 3 1 0 3 2 0 1 3 4 1 0 5 4 2 0 1 3 4 5 0 2 1 3 0 4 1 4 0 0 1 4 4 3 2 0 4 1 2 1 3 3 2 0 5 0 3 0 4 5 3 5 1 1 2 0 2 5 4 3 5 4 2 5 0 3 1 2 3 5 4 1 2 5 | 18 25  0 8 1 0 9 2 1 9 1 1 13 1 1 17 1 2 10 1 2 12 1 2 13 1 3 10 2 3 15 1 4 11 1 4 12 1 4 16 1 5 11 1 5 14 1 5 15 1 6 12 1 6 13 1 6 14 1 7 14 1 7 16 1 7 17 1 8 16 1 8 17 1 11 15 1
R 1397 54 81 6 153338 3 4 5 3 1 2 1 2 0 0 3 4 1 5 2 0 2 4 4 0 3 1 3 5 1 2 3 0 2 1 0 2 3 4 3 2 4 2 5 5 3 2 0 1 3 1 5 0 1 0 4 1 0 4 0 1 2 4 5 0 4 5 3 1 5 2 0 4 3 1 3 5 1 5 2 0 4 2 4 5 3 | 18 22  0 8 1 0 10 1 0 14 1 1 9 2 1 11 1 2 10 2 2 15 1 3 11 2 3 15 1 4 12 1 4 14 1 4 17 1 5 12 2 5 14 1 6 13 1 6 16 1 6 17 1 7 13 2 7 16 1 8 15 1 8 17 1 9 16 1
R 64455 54 81 6 148 3 4 5 0 1 2 1 2 3 2 0 4 1 3 5 1 2 5 0 2 4 1 2 3 3 4 1 0 3 1 5 3 4 0 2 5 1 0 4 3 0 5 2 0 1 1 4 3 1 3 2 1 4 2 0 1 2 5 3 4 4 5 0 1 5 3 0 2 4 3 4 0 1 3 5 4 5 2 0 2 5 | 18 26  0 7 1 0 11 1 0 12 1 1 8 1 1 12 1 1 13 1 2 9 1 2 12 1 2 17 1 3 10 1 3 16 1 3 17 1 4 10 2 4 16 1 5 11 1 5 14 1 5 15 1 6 13 1 6 14 1 6 15 1 7 11 1 7 14 1 8 13 1 8 16 1 9 15 1 9 17 1
R 67096 54 81 6 245 3 4 5 0 1 2 4 2 5 1 2 3 0 1 2 1 0 3 0 1 4 1 2 3 2 3 5 1 3 4 0 2 3 1 0 4 1 2 4 0 3 2 3 4 1 5 0 2 1 3 0 4 0 1 0 1 2 4 3 5 0 3 1 4 5 0 5 4 3 5 4 2 5 2 3 4 5 0 1 2 5 | 18 27  0 7 1 0 10 1 0 11 1 1 8 1 1 11 1 1 14 1 2 9 1 2 12 1 2 13 1 3 10 1 3 11 1 3 12 1 4 10 1 4 16 1 4 17 1 5 12 1 5 13 1 5 17 1 6 13 1 6 14 1 6 15 1 7 15 1 7 16 1 8 14 1 8 15 1 9 16 1 9 17 1
R 30219 54 81 6 5194 3 4 5 0 1 2 2 0 4 2 0 5 4 1 5 1 2 3 0 1 3 0 4 3 1 2 3 3 2 5 5 1 3 0 2 3 1 0 4 1 3 4 0 3 2 1 0 2 0 4 1 2 5 4 0 1 2 4 3 5 1 5 3 4 3 1 0 2 3 4 5 0 5 2 4 1 5 2 4 5 0 | 18 26  0 8 1 0 11 1 0 12 1 1 9 1 1 12 1 1 14 1 2 9 1 2 13 1 2 17 1 3 10 1 3 15 1 3 17 1 4 10 2 4 16 1 5 11 1 5 12 1 5 17 1 6 11 1 6 13 1 6 14 1 7 14 1 7 15 1 7 16 1 8 15 1 8 16 1 9 13 1
R 44604 54 81 6 128 3 4 5 3 2 5 1 3 0 1 2 5 1 0 4 0 1 5 3 4 2 1 2 3 1 5 2 2 0 3 0 2 3 4 0 3 2 3 0 1 0 4 1 2 4 1 4 0 0 2 5 3 1 4 0 1 2 0 4 1 4 5 2 4 3 0 2 5 3 4 3 2 1 0 5 4 5 3 1 5 5 | 18 24  0 7 1 0 10 1 0 13 1 1 8 2 1 11 1 2 9 2 2 15 1 3 10 1 3 16 1 3 17 1 4 11 2 4 14 1 5 12 1 5 13 1 5 17 1 6 12 1 6 14 1 6 15 1 7 16 1 7 17 1 8 15 1 9 16 1 10 13 1 12 14 1
R 93494 54 81 6 596 3 4 5 3 0 4 1 0 2 3 0 5 2 1 0 0 3 5 1 2 3 1 4 5 2 4 1 5 1 2 0 2 3 1 0 4 0 2 3 1 3 2 1 3 4 2 3 0 4 1 0 2 4 5 0 1 2 2 1 5 3 4 5 4 2 1 4 3 5 4 2 1 4 5 0 3 5 0 0 3 5 | 18 27  0 6 1 0 10 1 0 11 1 1 7 1 1 12 1 1 14 1 2 8 1 2 12 1 2 13 1 3 9 1 3 14 1 3 15 1 4 10 1 4 11 1 4 12 1 5 13 1 5 16 1 5 17 1 6 15 1 6 16 1 7 13 1 7 16 1 8 15 1 8 17 1 9 14 1 9 17 1 10 11 1
R 10031 54 81 6 389 3 4 5 2 1 0 0 1 4 3 2 4 0 1 2 3 4 2 2 4 5 0 3 1 1 2 3 0 2 3 4 2 1 4 2 1 1 0 4 1 0 2 3 1 4 3 2 0 0 3 4 3 2 0 0 1 2 4 3 5 3 2 5 0 5 1 3 5 4 0 5 1 3 0 1 5 2 4 4 5 5 | 18 25  0 8 1 0 9 1 0 12 1 1 9 1 1 12 1 1 15 1 2 10 1 2 14 1 2 17 1 3 10 2 3 16 1 4 11 2 4 15 1 5 11 1 5 16 1 5 17 1 6 13 1 6 14 1 6 15 1 7 13 1 7 16 1 7 17 1 8 13 1 8 14 1 9 12 1
R 6142 54 81 6 155 3 4 5 2 0 1 3 2 4 0 4 5 1 2 4 0 2 1 0 3 2 4 1 3 1 2 3 3 1 0 5 4 1 0 2 5 0 1 3 1 3 2 4 2 1 2 4 0 0 3 4 3 0 4 0 1 2 4 5 3 0 5 1 2 3 1 3 5 0 4 3 5 4 5 1 5 0 2 4 5 2 | 18 25  0 8 1 0 11 1 0 12 1 1 9 2 1 15 1 2 10 1 2 15 1 2 17 1 3 10 2 3 16 1 4 11 1 4 12 1 4 13 1 5 12 1 5 14 1 5 17 1 6 13 1 6 14 1 6 15 1 7 13 1 7 14 1 7 17 1 8 11 1 8 16 1 9 16 1
R 73791 54 81 6 3207 3 4 5 5 3 0 1 2 0 0 3 1 1 0 2 3 4 2 4 0 1 1 2 3 4 0 5 0 2 3 2 4 1 3 2 0 1 0 4 1 2 3 2 5 0 1 3 4 4 3 0 0 2 1 0 1 2 2 4 1 4 3 5 5 2 4 4 5 3 1 0 5 5 3 2 4 5 1 3 5 0 | 18 26  0 7 1 0 9 1 0 12 1 1 8 1 1 13 1 1 14 1 2 9 1 2 10 1 2 15 1 3 10 1 3 16 1 3 17 1 4 11 2 4 12 1 5 11 1 5 15 1 5 17 1 6 13 1 6 14 1 6 15 1 7 14 1 7 16 1 8 16 1 8 17 1 9 12 1 10 13 1
R 84298 54 81 6 311 3 4 5 1 0 2 1 4 5 3 5 4 0 2 1 1 5 2 4 5 0 1 2 3 2 4 1 2 5 4 3 4 1 2 4 1 0 2 3 1 0 5 0 3 4 1 3 0 2 0 4 5 3 2 0 1 2 3 5 4 3 0 2 0 2 1 5 3 4 0 4 3 3 2 1 4 5 5 0 1 5 | 18 26  0 7 1 0 12 1 0 14 1 1 8 1 1 14 1 1 15 1 2 9 1 2 10 2 3 9 1 3 15 1 3 16 1 4 10 1 4 16 1 4 17 1 5 11 1 5 12 1 5 13 1 6 11 1 6 13 1 6 14 1 7 13 1 7 16 1 8 15 1 8 17 1 9 17 1 11 12 1
R 78271 54 81 6 1578 3 4 5 0 1 4 1 2 5 3 0 4 2 1 0 1 0 2 5 1 3 1 2 3 2 4 1 0 2 3 0 2 5 4 5 0 2 0 3 3 1 4 1 0 4 0 3 4 5 2 3 1 3 2 0 1 2 3 5 2 4 3 0 2 1 5 3 5 4 4 5 3 0 2 4 4 5 0 5 1 1 | 18 24  0 7 1 0 9 1 0 14 1 1 8 2 1 15 1 2 9 1 2 10 1 2 17 1 3 11 1 3 12 1 3 17 1 4 11 1 4 13 1 4 17 1 5 12 2 5 14 1 6 13 2 6 16 1 7 10 1 7 14 1 8 16 1 9 15 1 10 15 1 11 16 1
R 57392 54 81 6 113 3 4 5 5 3 4 0 4 1 4 1 2 0 3 2 0 3 4 1 2 0 1 2 3 2 1 3 1 2 0 0 2 1 4 3 1 0 2 3 2 0 5 1 0 4 3 0 5 0 2 4 0 3 1 0 1 2 0 1 2 5 3 2 3 5 0 4 1 5 2 5 1 4 5 3 4 5 4 5 3 4 | 18 24  0 7 1 0 12 1 0 17 1 1 8 1 1 13 1 1 14 1 2 9 1 2 13 1 2 15 1 3 10 2 3 11 1 4 10 1 4 15 1 4 17 1 5 11 2 5 16 1 6 12 2 6 14 1 7 15 1 7 16 1 8 13 1 8 14 1 9 16 1 9 17 1
R 54564 54 81 6 722 1 2 3 3 5 4 0 2 1 0 4 2 2 0 1 1 2 3 4 0 1 3 4 5 4 2 5 5 4 1 0 2 1 1 0 4 2 0 3 0 4 3 2 4 1 1 3 0 4 5 2 5 0 3 0 4 5 0 2 1 3 4 5 3 5 1 3 5 4 5 0 4 5 2 3 1 2 1 3 2 0 | 18 26  0 7 1 0 10 2 1 8 1 1 11 1 1 12 1 2 9 1 2 12 1 2 13 1 3 10 1 3 15 1 3 17 1 4 11 1 4 12 1 4 17 1 5 11 1 5 14 1 5 15 1 6 14 1 6 15 1 6 16 1 7 16 1 7 17 1 8 13 1 8 14 1 9 13 1 9 16 1
R 57455 54 81 6 103 1 2 3 3 0 5 2 0 1 0 1 2 3 4 2 5 3 1 0 4 2 3 4 5 5 1 0 1 3 2 2 4 0 1 3 0 0 2 1 0 2 4 1 4 3 3 1 4 5 2 4 5 0 3 0 4 5 4 1 2 4 5 3 3 5 4 1 5 0 2 4 0 3 5 1 1 2 3 2 0 5 | 18 24  0 7 1 0 12 2 1 8 1 1 13 1 1 14 1 2 9 1 2 13 1 2 16 1 3 10 1 3 11 1 3 17 1 4 10 2 4 15 1 5 11 2 5 16 1 6 12 1 6 14 1 6 17 1 7 16 1 7 17 1 8 13 1 8 15 1 9 14 1 9 15 1
R 44559 54 81 6 1553 3 4 5 0 3 4 3 5 0 1 2 5 1 0 2 4 2 1 3 0 1 1 2 3 1 4 3 1 0 5 0 2 3 2 0 3 5 0 2 1 0 4 2 4 5 3 2 0 2 4 1 3 1 4 0 1 2 2 5 1 2 4 1 4 3 0 4 5 3 3 0 5 4 5 2 4 5 0 3 5 1 | 18 24  0 7 1 0 10 1 0 13 1 1 8 2 1 11 1 2 9 2 2 15 1 3 10 1 3 14 1 3 17 1 4 11 2 4 13 1 5 12 1 5 14 1 5 15 1 6 12 1 6 16 1 6 17 1 7 15 1 7 17 1 8 16 1 9 16 1 10 13 1 12 14 1
R 39199 54 81 6 185 3 4 5 0 2 1 0 1 2 3 4 2 2 0 1 3 4 5 0 3 1 2 4 0 1 2 3 2 4 0 3 1 0 1 2 0 2 0 4 0 1 3 4 1 2 0 3 2 0 3 4 2 1 3 0 1 2 4 3 5 3 4 5 1 0 5 4 5 3 2 1 0 5 4 2 3 1 5 5 5 4 | 18 26  0 8 1 0 12 1 0 13 1 1 8 1 1 12 1 1 13 1 2 9 1 2 13 1 2 16 1 3 9 1 3 14 1 3 15 1 4 10 2 4 14 1 5 10 1 5 15 1 5 17 1 6 11 1 6 15 1 6 16 1 7 11 1 7 16 1 7 17 1 8 12 1 9 14 1 11 17 1
R 13244 54 81 6 339 3 4 5 1 2 0 3 4 0 2 1 4 4 1 5 0 1 2 0 3 1 3 2 0 1 2 3 0 2 4 2 4 0 1 3 2 1 3 5 1 0 4 4 0 1 2 0 5 0 1 2 3 0 1 0 1 2 5 3 4 1 5 2 5 0 3 0 3 2 4 3 5 2 4 5 1 4 5 5 4 3 | 18 27  0 8 1 0 9 1 0 13 1 1 9 1 1 10 1 1 11 1 2 10 1 2 11 1 2 12 1 3 10 1 3 12 1 3 15 1 4 11 1 4 16 1 4 17 1 5 12 1 5 13 1 5 14 1 6 14 1 6 15 1 6 16 1 7 15 1 7 16 1 7 17 1 8 13 1 8 17 1 9 14 1
R 11386 54 81 6 6754 3 1 2 0 2 3 2 4 0 1 2 3 2 1 0 3 0 5 1 4 3 0 2 4 0 2 1 3 4 5 0 3 4 5 0 4 4 1 0 1 0 3 2 1 4 0 1 2 3 1 2 5 3 0 4 5 0 1 5 4 1 5 3 5 0 4 3 5 4 1 2 4 2 5 0 5 3 1 3 2 2 | 18 25  0 8 2 0 9 1 1 9 1 1 12 1 1 13 1 2 10 1 2 13 1 2 14 1 3 10 1 3 14 1 3 15 1 4 11 1 4 16 1 4 17 1 5 11 2 5 16 1 6 13 1 6 15 1 6 16 1 7 14 1 7 15 1 7 17 1 8 12 1 9 17 1 10 12 1
R 14335 54 81 6 118 3 1 2 2 0 3 1 4 0 1 2 4 0 2 3 3 4 5 2 3 0 0 1 3 0 2 1 1 3 0 4 2 0 3 4 5 5 4 0 1 2 0 3 1 5 2 1 3 2 4 0 0 4 1 4 5 0 4 5 1 2 3 5 3 5 0 1 4 5 1 2 0 5 4 1 2 4 5 3 2 3 | 18 22  0 8 2 0 11 1 1 9 2 1 10 1 2 9 1 2 12 1 2 15 1 3 10 2 3 14 1 4 11 1 4 13 1 4 17 1 5 12 2 5 15 1 6 13 1 6 15 1 6 16 1 7 14 2 7 16 1 8 16 1 11 17 1 13 17 1
R 11978 54 81 6 100 3 4 5 1 2 3 1 2 3 5 0 4 0 4 2 2 3 1 0 4 1 0 5 4 1 2 3 0 2 3 4 0 3 2 4 1 1 0 2 1 0 3 3 0 4 4 5 3 2 4 1 0 1 2 0 1 2 4 0 5 5 0 4 1 2 3 3 5 1 5 4 0 3 2 5 2 1 3 4 5 5 | 18 26  0 8 1 0 9 1 0 13 1 1 9 1 1 11 1 1 12 1 2 10 1 2 16 1 2 17 1 3 10 2 3 16 1 4 11 1 4 13 1 4 14 1 5 11 1 5 13 1 5 15 1 6 12 1 6 15 1 6 17 1 7 14 1 7 15 1 7 17 1 8 12 1 8 14 1 9 16 1
R 86363 54 81 6 159 3 4 5 3 5 4 0 3 4 1 2 0 2 0 1 3 1 2 0 4 2 1 2 3 2 1 3 4 2 5 4 1 2 2 1 3 1 0 3 2 0 5 3 0 2 1 0 4 1 0 4 3 2 0 0 1 2 0 2 1 1 5 2 3 4 5 5 4 3 0 4 5 1 3 5 4 5 5 4 0 3 | 18 27  0 7 1 0 13 1 0 15 1 1 8 1 1 16 1 1 17 1 2 9 1 2 11 1 2 12 1 3 9 1 3 11 1 3 12 1 4 10 1 4 12 1 4 13 1 5 10 1 5 13 1 5 14 1 6 14 1 6 15 1 6 17 1 7 14 1 7 15 1 8 16 1 8 17 1 9 11 1 10 16 1
R 48288 54 81 6 117 1 2 3 0 1 4 1 0 2 0 4 1 2 3 0 3 4 1 1 2 0 3 4 5 5 3 0 5 2 3 0 2 1 3 4 0 1 3 0 1 2 4 0 3 2 0 4 2 4 1 2 3 5 0 0 4 5 2 3 5 4 3 5 3 2 5 1 4 5 2 0 5 5 3 4 1 2 4 1 0 1 | 18 25  0 7 1 0 10 2 1 8 1 1 13 1 1 14 1 2 9 1 2 15 1 2 16 1 3 10 1 3 11 2 4 11 1 4 12 1 4 13 1 5 12 1 5 13 1 5 15 1 6 12 1 6 16 1 6 17 1 7 14 1 7 17 1 8 14 1 8 15 1 9 16 1 9 17 1
R 22539 54 81 6 1128 3 4 5 1 0 4 0 4 2 5 0 3 1 5 2 3 0 2 0 1 4 2 1 3 1 2 3 2 4 1 3 0 4 2 0 5 0 2 3 1 3 4 1 2 0 3 5 0 1 5 2 3 1 4 0 1 2 3 5 2 5 1 3 1 2 4 3 4 0 1 4 5 5 3 2 0 5 4 4 5 0 | 18 25  0 8 1 0 12 1 0 13 1 1 9 1 1 10 1 1 17 1 2 9 1 2 15 1 2 16 1 3 10 2 3 16 1 4 11 1 4 12 1 4 17 1 5 11 2 5 13 1 6 12 1 6 14 1 6 15 1 7 13 1 7 14 1 7 15 1 8 14 1 8 17 1 9 16 1
R 12749 54 81 6 138 1 2 3 0 4 1 2 3 4 0 1 5 2 4 0 1 2 0 4 0 1 3 5 2 3 4 5 0 2 1 4 1 2 3 4 0 2 0 1 3 0 4 2 4 1 3 5 0 2 0 4 3 1 0 0 4 5 3 2 5 0 1 5 3 4 2 3 1 5 5 3 4 5 2 3 0 1 4 1 2 5 | 18 26  0 8 1 0 9 2 1 9 1 1 11 1 1 12 1 2 10 1 2 11 1 2 16 1 3 10 1 3 12 1 3 13 1 4 12 1 4 13 1 4 17 1 5 13 1 5 14 1 5 15 1 6 14 1 6 15 1 6 16 1 7 14 1 7 15 1 7 17 1 8 16 1 8 17 1 10 11 1
R 69088 54 81 6 242 3 4 5 1 0 2 5 4 0 1 2 5 0 2 1 2 3 4 0 1 4 1 2 3 4 5 0 2 1 5 0 2 5 0 1 3 3 1 4 5 3 4 2 0 1 3 2 0 4 1 5 2 0 3 0 1 2 3 4 5 3 2 1 3 4 0 5 4 3 0 1 5 2 3 5 4 5 2 1 0 4 | 18 27  0 7 1 0 10 1 0 11 1 1 8 1 1 11 1 1 12 1 2 9 1 2 12 1 2 13 1 3 10 1 3 14 1 3 16 1 4 11 1 4 15 1 4 16 1 5 12 1 5 15 1 5 17 1 6 13 1 6 14 1 6 15 1 7 10 1 7 14 1 8 16 1 8 17 1 9 13 1 9 17 1
R 13373 54 81 6 334 3 1 2 2 3 0 3 4 1 0 2 3 1 4 0 2 3 1 4 0 5 1 3 4 0 2 1 1 0 2 4 3 5 3 4 5 1 2 0 3 4 1 5 0 1 4 3 2 1 4 0 4 0 1 4 5 0 4 1 5 5 0 2 1 4 5 3 2 5 0 4 5 2 3 1 0 5 2 3 3 2 | 18 21  0 8 2 0 11 1 1 9 1 1 10 1 1 16 1 2 9 1 2 10 2 3 11 1 3 12 2 4 12 1 4 13 2 5 13 1 5 14 1 5 17 1 6 14 2 6 15 1 7 15 2 7 16 1 8 16 1 9 17 1 11 17 1
R 21097 54 81 6 819 3 4 5 0 3 4 0 1 2 2 1 5 3 4 0 1 0 2 0 1 2 3 4 5 1 2 3 2 5 3 5 1 4 2 0 3 5 4 2 3 1 2 0 2 4 1 0 4 3 1 0 1 0 3 0 1 2 1 2 5 4 5 3 0 3 4 1 5 2 4 5 3 3 5 4 0 1 2 5 4 0 | 18 24  0 8 1 0 14 1 0 15 1 1 9 1 1 10 1 1 17 1 2 9 1 2 13 1 2 14 1 3 10 2 3 13 1 4 11 1 4 14 1 4 17 1 5 11 2 5 15 1 6 12 1 6 16 1 6 17 1 7 12 2 7 16 1 8 15 1 8 16 1 9 13 1
R 85867 54 81 6 112 3 4 5 0 1 2 1 0 2 0 3 5 0 2 4 5 4 0 0 3 1 1 2 3 2 3 1 2 3 5 3 4 2 0 2 5 1 0 4 1 3 4 2 1 4 0 4 3 3 1 5 1 0 2 0 1 2 4 3 5 4 3 5 1 2 4 5 3 1 1 2 3 2 4 5 4 5 0 5 0 0 | 18 27  0 7 1 0 11 1 0 12 1 1 8 1 1 12 1 1 15 1 2 9 1 2 11 1 2 13 1 3 9 1 3 16 1 3 17 1 4 10 1 4 14 1 4 15 1 5 10 1 5 15 1 5 17 1 6 13 1 6 16 1 6 17 1 7 11 1 7 12 1 8 13 1 8 14 1 9 14 1 10 16 1
R 85405 54 81 6 102 3 4 5 0 1 2 1 4 2 0 5 2 1 0 3 1 2 5 0 4 1 1 2 3 5 3 1 2 0 1 4 3 5 0 2 3 1 0 2 1 0 4 2 1 0 1 4 3 3 2 4 0 5 4 0 1 2 4 5 3 3 0 5 4 3 1 2 5 4 4 3 0 3 2 5 4 5 0 2 5 1 | 18 27  0 7 1 0 11 1 0 13 1 1 8 1 1 15 1 1 17 1 2 9 1 2 10 1 2 12 1 3 9 1 3 13 1 3 17 1 4 10 1 4 13 1 4 14 1 5 11 1 5 14 1 5 15 1 6 12 1 6 15 1 6 16 1 7 12 1 7 14 1 8 16 1 8 17 1 9 11 1 10 16 1
R 35440 54 81 6 91 3 4 5 0 1 2 3 4 2 2 5 4 4 5 1 0 1 2 0 2 1 3 0 4 1 2 3 2 4 0 4 1 3 0 2 3 0 1 5 4 1 2 3 2 0 2 0 4 4 2 1 0 1 3 0 1 2 3 5 4 1 0 5 0 3 1 2 3 0 5 3 4 4 3 5 1 5 2 4 5 5 | 18 27  0 8 1 0 11 1 0 12 1 1 9 1 1 10 1 1 11 1 2 9 1 2 13 1 2 17 1 3 10 1 3 12 1 3 14 1 4 10 1 4 15 1 4 16 1 5 11 1 5 16 1 5 17 1 6 12 1 6 13 1 6 14 1 7 15 1 7 16 1 7 17 1 8 14 1 8 15 1 9 13 1
R 82559 54 81 6 89 3 4 5 0 5 1 1 2 4 0 3 4 2 3 5 0 1 2 0 1 2 1 2 3 1 2 5 4 3 1 0 3 1 2 0 4 1 0 5 0 2 3 1 0 4 3 5 1 0 2 3 3 2 1 0 1 2 3 2 4 0 5 3 2 5 1 4 0 1 3 4 5 4 3 5 5 4 4 0 2 5 | 18 26  0 7 1 0 13 1 0 14 1 1 8 1 1 15 1 1 17 1 2 9 1 2 10 1 2 12 1 3 9 2 3 11 1 4 10 1 4 15 1 4 16 1 5 11 1 5 12 1 5 13 1 6 13 1 6 14 1 6 16 1 7 14 1 7 15 1 8 16 1 8 17 1 10 12 1 11 17 1
R 51383 54 81 6 225 3 4 5 1 5 2 2 4 0 1 0 4 5 2 1 4 0 2 1 0 4 1 2 3 4 0 5 1 0 2 4 0 5 0 1 2 5 0 3 1 4 2 2 0 3 3 4 1 3 2 0 1 0 4 0 1 2 3 4 0 3 1 5 2 3 5 3 4 0 5 1 3 3 5 2 4 5 2 1 4 5 | 18 25  0 7 1 0 10 1 0 17 1 1 8 1 1 12 1 1 13 1 2 9 1 2 12 1 2 13 1 3 10 2 3 16 1 4 11 2 4 15 1 5 11 1 5 16 1 5 17 1 6 13 1 6 14 1 6 15 1 7 16 1 7 17 1 8 12 1 8 14 1 9 14 1 9 15 1
R 49418 54 81 6 252 3 4 5 0 1 2 2 0 1 1 2 3 4 5 3 0 1 3 0 2 4 1 2 3 3 2 4 5 1 0 0 2 4 2 3 5 0 1 5 5 1 4 3 0 2 3 2 0 1 4 3 4 0 1 0 1 2 5 3 4 3 4 5 5 4 0 0 1 2 4 5 2 3 5 1 4 5 1 0 2 3 | 18 25  0 7 1 0 10 1 0 12 1 1 8 1 1 13 1 1 14 1 2 9 2 2 15 1 3 10 1 3 12 1 3 13 1 4 11 2 4 13 1 5 11 1 5 16 1 5 17 1 6 12 1 6 14 1 6 15 1 7 15 1 7 17 1 8 14 1 8 16 1 9 16 1 10 17 1
R 79208 54 81 6 157 3 1 2 2 5 3 4 5 3 2 5 4 1 0 2 0 2 3 0 2 1 0 2 1 0 3 4 1 3 4 2 5 4 3 4 5 1 4 3 1 0 2 0 2 4 3 0 1 0 1 5 3 1 0 4 5 0 1 0 4 2 0 1 0 3 1 3 4 5 1 4 5 5 3 4 3 5 2 5 2 2 | 18 25  0 7 2 0 11 1 1 8 1 1 12 1 1 16 1 2 9 1 2 10 2 3 9 1 3 13 1 3 14 1 4 10 1 4 15 1 4 17 1 5 11 1 5 13 1 5 14 1 6 12 1 6 14 1 6 17 1 7 16 1 8 15 1 8 16 1 9 13 1 11 17 1 12 15 1
R 28515 54 81 6 170 3 4 5 5 1 0 0 4 5 1 0 2 3 4 0 2 3 5 0 1 5 1 2 3 1 2 3 2 0 1 3 2 0 5 1 4 0 2 3 1 0 4 1 4 5 3 5 0 3 1 0 3 0 2 0 1 2 4 3 2 3 2 1 4 5 3 1 2 5 0 1 4 2 3 4 4 5 0 4 5 5 | 18 25  0 8 1 0 12 1 0 13 1 1 9 1 1 14 1 1 15 1 2 9 1 2 16 1 2 17 1 3 10 2 3 13 1 4 10 1 4 14 1 4 17 1 5 11 1 5 15 1 5 17 1 6 11 2 6 16 1 7 12 1 7 13 1 7 14 1 8 15 1 8 16 1 9 12 1
R 17297 54 81 6 109 3 1 2 3 5 4 1 0 5 1 0 2 0 2 3 0 2 4 1 3 2 0 4 3 0 2 1 2 1 3 0 5 3 3 4 5 3 4 2 1 2 0 0 1 3 0 2 4 1 4 0 4 1 0 4 5 0 0 1 2 4 3 2 4 5 3 1 4 5 1 5 3 0 4 5 2 1 5 3 5 2 | 18 24  0 8 2 0 11 1 1 9 1 1 10 2 2 9 1 2 15 1 2 16 1 3 10 1 3 15 1 3 17 1 4 11 1 4 13 1 4 14 1 5 12 2 5 13 1 6 12 1 6 14 1 6 17 1 7 14 1 7 15 1 7 16 1 8 16 1 9 13 1 11 17 1
R 19409 54 81 6 221 3 4 5 2 4 1 3 0 4 0 3 2 3 4 2 2 1 4 0 5 1 1 0 2 1 2 3 0 1 4 2 3 1 5 2 3 1 4 3 2 0 3 0 2 3 0 5 2 1 0 4 2 1 0 0 1 2 3 5 0 2 1 5 4 5 1 1 0 5 0 5 3 2 4 3 4 5 3 4 5 4 | 18 23  0 8 1 0 14 1 0 16 1 1 9 2 1 10 1 2 9 1 2 13 1 2 17 1 3 10 2 3 15 1 4 11 1 4 12 2 5 11 1 5 14 1 5 15 1 6 12 1 6 14 1 6 17 1 7 13 2 7 16 1 8 15 1 8 16 1 11 17 1
R 75791 54 81 6 1424 3 4 5 0 3 4 1 2 0 0 1 2 0 2 4 2 0 5 1 3 5 1 2 3 1 4 5 0 2 3 3 2 5 5 3 2 1 0 4 2 1 4 2 0 4 1 2 0 1 0 4 3 1 2 0 1 2 2 5 1 4 3 5 4 3 5 1 5 3 1 3 4 0 4 2 4 5 3 0 5 0 | 18 26  0 7 1 0 9 1 0 12 1 1 8 1 1 13 1 1 14 1 2 9 1 2 14 1 2 17 1 3 10 1 3 12 1 3 14 1 4 10 1 4 15 1 4 16 1 5 11 1 5 15 1 5 17 1 6 11 2 6 16 1 7 15 1 7 16 1 8 13 1 8 17 1 9 12 1 10 13 1
R 41123 54 81 6 568 3 4 5 2 3 4 4 1 2 2 5 4 1 0 2 3 4 0 1 2 0 1 2 3 1 4 3 5 2 1 3 0 2 3 2 0 0 2 5 1 0 4 0 2 3 1 3 0 1 0 4 2 3 1 0 1 2 0 5 1 0 3 5 1 3 0 4 5 3 1 2 5 3 4 5 4 5 2 4 5 4 | 18 24  0 7 1 0 12 1 0 13 1 1 8 2 1 14 1 2 9 2 2 14 1 3 10 1 3 16 1 3 17 1 4 11 2 4 13 1 5 11 1 5 16 1 5 17 1 6 12 1 6 14 1 6 15 1 7 12 1 7 13 1 8 15 1 9 15 1 10 16 1 10 17 1
R 56708 54 81 6 237 3 4 5 1 0 2 0 1 2 1 3 4 0 2 5 3 0 4 5 2 0 1 2 3 2 3 1 4 2 1 4 2 1 2 0 3 2 4 0 0 2 5 1 0 3 1 3 4 2 3 4 1 0 3 0 1 2 4 3 5 3 5 4 0 5 2 3 1 4 1 5 2 3 1 4 4 5 0 5 0 5 | 18 24  0 7 1 0 13 1 0 14 1 1 8 1 1 13 1 1 14 1 2 9 2 2 14 1 3 10 1 3 11 1 3 17 1 4 10 1 4 11 2 5 12 2 5 15 1 6 12 1 6 16 1 6 17 1 7 13 1 7 15 1 8 15 1 8 16 1 9 16 1 10 17 1
R 49853 54 81 6 228 3 4 5 1 0 4 1 0 4 1 2 3 1 3 5 0 2 5 0 2 4 1 2 3 3 4 1 3 4 0 0 2 3 5 2 4 2 3 4 1 2 0 0 1 3 1 2 4 0 3 2 0 4 1 0 1 2 2 5 3 2 5 3 4 0 5 0 4 2 1 3 4 1 5 3 4 5 0 5 1 5 | 18 25  0 7 1 0 10 1 0 14 1 1 8 1 1 12 1 1 13 1 2 9 2 2 15 1 3 10 1 3 12 1 3 13 1 4 11 1 4 14 1 4 17 1 5 11 2 5 16 1 6 12 1 6 14 1 6 17 1 7 13 1 7 15 1 8 15 1 8 16 1 9 16 1 10 17 1
R 13956 54 81 6 509 3 1 2 2 1 3 0 4 5 0 2 4 3 0 2 5 1 3 3 0 1 5 4 0 0 2 1 3 4 1 4 0 2 1 3 2 3 5 2 1 0 2 4 1 0 3 4 5 4 1 5 2 0 3 4 5 0 0 5 4 2 1 3 5 1 3 4 5 1 0 4 2 4 5 2 3 2 1 3 5 0 | 18 25  0 8 2 0 15 1 1 9 1 1 10 1 1 17 1 2 9 1 2 10 2 3 11 1 3 12 1 3 13 1 4 11 1 4 14 1 4 15 1 5 12 1 5 13 1 5 14 1 6 12 1 6 13 1 6 15 1 7 14 1 7 16 1 7 17 1 8 16 1 9 17 1 11 16 1
R 34776 54 81 6 168 3 4 5 0 1 2 2 0 1 3 4 5 0 2 1 1 4 0 3 0 1 4 2 5 1 2 3 5 2 1 4 1 0 0 2 3 1 0 4 5 0 1 3 4 5 2 3 1 2 1 4 0 2 3 0 1 2 3 5 4 4 3 5 2 0 1 3 4 5 3 2 5 2 5 4 1 0 3 5 4 0 | 18 27  0 8 1 0 11 1 0 12 1 1 9 1 1 10 1 1 11 1 2 9 1 2 10 1 2 11 1 3 10 1 3 16 1 3 17 1 4 12 1 4 15 1 4 17 1 5 13 1 5 14 1 5 15 1 6 13 1 6 16 1 6 17 1 7 14 1 7 15 1 7 16 1 8 12 1 8 13 1 9 14 1
R 21944 54 81 6 59808 3 1 2 3 4 2 0 1 4 0 5 3 3 0 2 0 2 5 4 1 2 0 3 1 0 2 1 0 2 4 1 5 2 1 2 5 3 2 1 1 3 4 2 0 4 3 4 5 1 5 0 2 0 4 4 5 0 1 5 0 3 2 5 4 2 1 4 5 1 3 1 4 0 5 3 4 2 5 3 3 0 | 18 24  0 8 2 0 15 1 1 9 2 1 10 1 2 9 1 2 13 1 2 14 1 3 10 1 3 16 1 3 17 1 4 11 1 4 13 1 4 15 1 5 11 1 5 14 1 5 16 1 6 12 2 6 14 1 7 12 1 7 15 1 7 17 1 8 16 1 10 17 1 11 13 1
R 38006 54 81 6 22299 3 4 5 0 2 1 1 2 0 1 4 0 3 5 4 3 5 4 3 2 5 2 0 1 1 2 3 0 2 3 2 5 1 3 4 1 5 2 1 1 0 3 3 0 4 1 4 0 2 0 4 0 3 2 0 1 2 4 3 5 4 5 3 3 2 5 0 2 1 0 2 1 0 4 1 4 5 3 5 5 4 | 18 24  0 8 1 0 9 1 0 14 1 1 8 1 1 12 1 1 17 1 2 9 1 2 14 1 2 15 1 3 10 1 3 11 2 4 10 1 4 13 1 4 17 1 5 11 1 5 15 1 5 16 1 6 12 2 6 14 1 7 13 2 7 16 1 8 15 1 9 16 1 10 17 1
R 38785 54 81 6 237 3 4 5 0 2 1 1 2 5 3 0 4 0 1 3 1 0 2 4 2 5 0 3 5 1 2 3 0 2 3 5 1 3 5 2 0 2 0 1 2 4 0 3 4 1 3 4 2 3 1 4 0 1 4 0 1 2 4 3 5 4 3 0 2 1 5 4 2 5 4 5 3 1 3 0 4 1 2 5 5 0 | 18 26  0 8 1 0 9 1 0 17 1 1 8 1 1 13 1 1 14 1 2 9 1 2 12 1 2 14 1 3 10 1 3 13 1 3 16 1 4 10 1 4 14 1 4 17 1 5 11 1 5 15 1 5 17 1 6 11 2 6 16 1 7 12 1 7 15 1 7 16 1 8 12 1 9 13 1 10 15 1
R 26651 54 81 6 117 3 4 5 2 0 4 3 1 5 3 4 0 1 0 2 4 3 2 1 0 2 1 2 0 1 2 3 4 3 5 2 0 3 0 2 3 1 0 4 1 2 4 2 1 3 0 2 5 1 0 4 3 2 1 0 1 2 1 3 5 2 0 4 1 2 5 4 5 3 1 5 0 4 3 5 5 3 4 4 5 0 | 18 25  0 8 1 0 15 1 0 16 1 1 9 1 1 12 1 1 13 1 2 9 1 2 14 1 2 17 1 3 10 1 3 12 1 3 14 1 4 10 2 4 16 1 5 11 2 5 13 1 6 11 1 6 15 1 6 17 1 7 12 1 7 13 1 7 14 1 8 15 1 8 16 1 9 17 1
R 51376 54 81 6 191 1 2 3 1 4 0 3 2 4 0 4 2 2 0 1 3 4 1 5 2 1 3 4 5 2 0 1 0 4 3 0 2 1 1 4 0 2 3 0 5 1 3 3 4 2 4 1 0 2 3 4 5 0 3 0 4 5 3 5 2 5 1 0 3 5 1 3 5 4 2 5 0 4 0 3 1 2 4 5 1 2 | 18 25  0 7 1 0 10 2 1 8 1 1 12 1 1 13 1 2 9 1 2 12 1 2 13 1 3 10 1 3 15 1 3 17 1 4 11 1 4 14 1 4 17 1 5 11 2 5 16 1 6 13 1 6 14 1 6 15 1 7 16 1 7 17 1 8 12 1 8 16 1 9 14 1 9 15 1
R 11727 54 81 6 224 3 1 2 0 2 3 1 0 3 1 2 5 2 4 0 1 3 2 4 0 2 4 1 3 0 2 1 3 4 5 4 3 5 1 2 0 0 1 2 4 2 3 2 0 3 4 1 5 0 2 4 1 0 3 4 5 0 1 4 5 2 4 5 0 4 3 3 1 5 5 0 4 3 1 5 0 2 5 3 2 1 | 18 26  0 8 2 0 9 1 1 9 1 1 11 1 1 12 1 2 10 1 2 12 1 2 13 1 3 10 1 3 14 1 3 15 1 4 11 1 4 13 1 4 14 1 5 11 1 5 15 1 5 17 1 6 12 1 6 14 1 6 17 1 7 13 1 7 15 1 7 16 1 8 16 1 9 17 1 10 16 1
R 28026 54 81 6 95 3 1 2 2 4 5 3 0 2 4 1 0 0 3 1 2 1 4 0 3 4 0 1 5 0 2 1 1 0 2 2 0 5 4 3 1 1 4 3 0 2 4 3 4 5 0 2 1 2 4 0 0 3 4 4 5 0 3 0 1 4 5 1 3 2 5 4 2 5 0 3 5 2 5 1 3 4 2 3 5 1 | 18 25  0 8 2 0 14 1 1 9 1 1 12 1 1 13 1 2 9 1 2 13 1 2 14 1 3 10 1 3 12 1 3 16 1 4 10 1 4 14 1 4 15 1 5 11 1 5 15 1 5 17 1 6 11 2 6 16 1 7 13 1 7 15 1 7 17 1 8 16 1 9 12 1 10 17 1
R 72143 54 81 6 238 3 4 5 2 3 0 1 2 0 0 3 4 3 5 2 1 0 4 0 2 1 1 2 3 1 0 3 0 2 4 2 4 1 1 3 4 0 5 3 5 2 3 1 0 4 0 2 3 4 0 1 1 2 0 0 1 2 4 5 1 5 3 4 5 2 1 0 1 4 2 5 3 3 4 5 5 4 2 3 0 5 | 18 25  0 7 1 0 9 1 0 14 1 1 8 2 1 13 1 2 9 1 2 10 1 2 13 1 3 10 1 3 11 1 3 15 1 4 11 1 4 12 2 5 12 1 5 15 1 5 17 1 6 14 1 6 15 1 6 16 1 7 14 1 7 17 1 8 16 1 9 16 1 10 13 1 11 17 1
R 78182 54 81 6 466 3 4 5 3 2 4 1 2 0 2 4 3 0 1 3 0 1 4 2 3 5 1 2 3 0 1 2 0 2 4 3 0 4 4 1 2 2 4 0 2 1 0 3 1 0 1 2 3 2 5 1 0 3 5 0 1 2 5 0 1 5 3 4 1 0 5 2 5 4 3 2 5 1 4 0 4 5 3 4 3 5 | 18 27  0 7 1 0 9 1 0 17 1 1 8 1 1 15 1 1 17 1 2 9 1 2 12 1 2 15 1 3 10 1 3 11 1 3 12 1 4 10 1 4 13 1 4 16 1 5 11 1 5 14 1 5 15 1 6 12 1 6 14 1 6 16 1 7 13 1 7 14 1 8 16 1 8 17 1 9 13 1 10 11 1
R 85410 54 81 6 864 3 4 5 1 2 3 1 4 0 0 3 5 1 4 2 1 2 0 2 4 1 1 2 3 4 0 3 2 0 1 3 4 0 0 2 3 1 2 0 3 0 4 0 1 4 2 5 3 4 5 2 3 1 4 0 1 2 5 4 0 3 2 5 4 1 2 5 3 0 4 3 5 3 5 0 4 5 1 2 5 1 | 18 27  0 7 1 0 11 1 0 13 1 1 8 1 1 15 1 1 16 1 2 9 1 2 10 1 2 12 1 3 9 1 3 13 1 3 14 1 4 10 1 4 14 1 4 17 1 5 11 1 5 16 1 5 17 1 6 12 1 6 13 1 6 15 1 7 12 1 7 14 1 8 16 1 8 17 1 9 11 1 10 15 1
R 43513 54 81 6 2915 3 4 5 2 4 3 1 0 4 1 2 5 1 0 2 0 3 2 4 1 5 1 2 3 3 1 4 2 4 0 0 2 3 5 4 2 5 1 3 0 1 4 3 1 4 0 3 2 4 2 1 5 3 0 0 1 2 5 0 1 3 5 2 4 3 0 3 5 4 4 5 1 0 2 3 4 5 0 2 1 5 | 18 24  0 7 1 0 10 1 0 13 1 1 8 1 1 11 2 2 9 2 2 14 1 3 10 1 3 13 1 3 14 1 4 11 1 4 15 1 4 17 1 5 12 1 5 13 1 5 17 1 6 12 2 6 16 1 7 15 1 7 16 1 8 16 1 8 17 1 9 15 1 10 14 1
R 70925 54 81 6 22341 3 4 5 2 4 3 1 2 5 0 5 2 5 2 0 0 3 1 4 1 5 1 2 3 3 0 5 0 2 3 1 4 2 0 2 1 5 1 2 3 1 4 1 0 3 2 1 0 3 5 0 0 3 4 0 1 2 1 0 5 4 3 0 3 4 1 4 3 1 4 2 5 0 3 2 4 5 4 2 5 5 | 18 25  0 7 1 0 9 1 0 14 1 1 8 1 1 10 2 2 9 1 2 11 1 2 13 1 3 10 1 3 14 1 3 17 1 4 11 1 4 15 1 4 16 1 5 12 1 5 13 1 5 15 1 6 12 2 6 16 1 7 16 1 7 17 1 8 15 1 8 17 1 9 13 1 11 14 1
R 30638 54 81 6 203 3 4 5 4 0 1 0 1 2 3 4 2 1 0 2 0 2 1 3 5 1 4 0 5 1 2 3 2 1 4 2 0 5 5 0 1 3 4 1 0 2 3 1 0 4 2 3 5 2 0 1 3 1 4 0 1 2 5 3 2 3 5 4 1 0 5 3 4 5 4 5 3 2 4 0 1 3 2 4 5 0 | 18 26  0 8 1 0 13 1 0 14 1 1 9 1 1 11 1 1 12 1 2 9 1 2 12 1 2 13 1 3 10 1 3 12 1 3 17 1 4 10 2 4 14 1 5 11 1 5 13 1 5 14 1 6 11 1 6 16 1 6 17 1 7 15 1 7 16 1 7 17 1 8 15 1 8 16 1 9 15 1
R 18970 54 81 6 871 3 1 2 5 3 4 1 2 5 0 3 2 3 0 1 2 0 3 4 1 5 0 3 1 0 2 1 0 2 5 1 2 4 4 2 1 5 1 0 2 0 1 3 4 5 1 0 5 4 5 3 2 1 0 4 5 0 1 0 2 4 0 3 5 1 4 5 4 2 4 1 5 2 3 0 5 2 4 3 3 3 | 18 24  0 8 2 0 14 1 1 9 1 1 10 1 1 15 1 2 9 1 2 11 2 3 10 1 3 14 1 3 15 1 4 11 1 4 13 1 4 14 1 5 12 1 5 16 1 5 17 1 6 12 2 6 16 1 7 13 1 7 16 1 7 17 1 8 15 1 9 17 1 10 13 1
R 21273 54 81 CAP 5000001 | 18 24  0 8 2 0 15 1 1 9 1 1 10 1 1 16 1 2 9 1 2 13 1 2 14 1 3 10 1 3 14 1 3 15 1 4 11 2 4 13 1 5 11 1 5 14 1 5 17 1 6 12 1 6 15 1 6 17 1 7 12 2 7 16 1 8 16 1 9 13 1 10 17 1
R 33240 54 81 6 142 3 4 5 1 0 2 4 5 0 0 2 3 1 3 5 1 2 3 0 2 4 0 1 4 1 2 3 2 4 0 5 3 0 0 2 3 0 1 3 1 4 2 1 0 2 3 0 4 4 1 2 1 3 0 0 1 2 3 4 5 1 3 2 1 5 4 2 4 0 4 0 5 5 3 1 2 3 5 4 5 5 | 18 26  0 8 1 0 11 1 0 12 1 1 9 1 1 12 1 1 13 1 2 9 1 2 13 1 2 17 1 3 10 1 3 16 1 3 17 1 4 10 2 4 16 1 5 11 1 5 13 1 5 14 1 6 12 1 6 14 1 6 15 1 7 15 1 7 16 1 7 17 1 8 14 1 8 15 1 9 11 1
R 33861 54 81 6 3746 3 4 5 3 4 5 0 1 2 1 0 2 3 4 0 0 2 5 0 1 2 1 4 3 1 2 3 5 2 4 3 2 0 4 1 5 1 2 3 0 2 3 3 0 2 1 0 4 1 4 5 3 1 0 0 1 2 1 2 0 3 5 4 4 5 3 1 2 5 3 4 1 5 3 4 5 0 2 4 5 0 | 18 26  0 8 1 0 13 1 0 15 1 1 9 1 1 11 1 1 12 1 2 9 1 2 12 1 2 13 1 3 10 2 3 15 1 4 10 1 4 16 1 4 17 1 5 11 1 5 12 1 5 14 1 6 13 1 6 16 1 6 17 1 7 14 1 7 16 1 7 17 1 8 14 1 8 15 1 9 11 1
R 50134 54 81 6 347 1 2 3 2 0 4 5 0 1 0 4 1 1 0 2 3 4 5 1 2 3 3 4 5 5 4 2 4 1 5 0 2 1 5 4 1 3 0 4 2 3 4 2 1 0 5 2 0 3 4 2 1 5 3 0 4 5 3 1 5 2 4 3 3 2 5 3 5 4 0 2 1 5 0 4 1 2 1 0 3 0 | 18 25  0 7 1 0 10 2 1 8 1 1 12 1 1 14 1 2 9 1 2 14 1 2 15 1 3 10 1 3 12 1 3 13 1 4 11 1 4 16 1 4 17 1 5 11 2 5 16 1 6 12 1 6 13 1 6 15 1 7 15 1 7 17 1 8 13 1 8 17 1 9 14 1 9 16 1
R 7362 54 81 6 75 1 2 3 0 4 1 2 3 4 0 3 4 3 1 2 1 2 0 1 0 2 3 4 0 3 4 5 0 2 1 3 4 0 4 1 0 1 2 4 0 2 4 3 2 0 1 5 4 3 0 2 1 0 3 0 4 5 3 2 5 1 0 5 2 5 1 5 0 4 5 4 3 3 5 4 1 2 5 1 2 3 | 18 25  0 8 1 0 9 2 1 9 1 1 10 2 2 10 1 2 15 1 2 17 1 3 11 1 3 12 1 3 13 1 4 11 1 4 12 1 4 16 1 5 13 1 5 14 1 5 15 1 6 13 1 6 14 1 6 17 1 7 14 1 7 15 1 7 16 1 8 16 1 8 17 1 11 12 1
R 64606 54 81 6 1253 3 4 5 0 1 2 0 1 3 5 1 4 0 3 1 1 2 4 1 0 2 1 2 3 2 4 5 5 3 0 2 4 1 0 2 5 1 0 3 1 2 3 0 2 3 3 5 1 3 0 2 4 0 1 0 1 2 3 4 5 2 5 4 0 3 2 5 4 2 3 5 0 4 5 3 4 5 0 1 1 4 | 18 26  0 7 1 0 11 1 0 12 1 1 8 1 1 12 1 1 16 1 2 9 1 2 13 1 2 14 1 3 10 2 3 15 1 4 10 1 4 16 1 4 17 1 5 11 1 5 12 1 5 13 1 6 13 1 6 14 1 6 17 1 7 11 1 7 17 1 8 15 1 8 16 1 9 14 1 9 15 1
R 18618 54 81 6 2296567 3 1 2 2 5 4 2 0 1 3 0 2 5 0 3 4 0 1 5 2 3 0 3 1 0 2 1 1 3 5 1 0 2 3 0 4 3 2 0 0 1 2 3 4 5 4 1 3 5 1 0 2 0 4 4 5 0 0 3 1 4 5 3 4 5 1 1 2 4 5 3 2 1 4 0 4 2 5 3 2 5 | 18 24  0 8 2 0 14 1 1 9 1 1 10 1 1 17 1 2 9 1 2 11 1 2 17 1 3 10 1 3 13 1 3 14 1 4 11 2 4 16 1 5 12 1 5 13 1 5 14 1 6 12 2 6 15 1 7 13 1 7 15 1 7 17 1 8 16 1 9 16 1 10 15 1
R 22193 54 81 6 231 3 1 2 2 3 5 0 1 3 2 0 3 3 0 2 1 4 0 2 4 5 3 0 1 0 2 1 0 5 3 4 2 5 2 1 0 1 0 2 1 2 4 4 0 2 3 4 5 1 0 5 2 0 1 4 5 0 1 4 0 2 5 4 1 4 5 4 5 1 5 3 2 3 0 1 4 5 2 3 3 3 | 18 24  0 8 2 0 15 1 1 9 2 1 10 1 2 9 1 2 13 1 2 17 1 3 10 1 3 16 1 3 17 1 4 11 1 4 14 1 4 15 1 5 11 1 5 14 1 5 16 1 6 12 1 6 13 1 6 14 1 7 12 2 7 15 1 8 16 1 10 17 1 11 13 1
R 32376 54 81 6 144 3 4 5 2 3 4 3 0 4 2 0 1 4 1 5 2 1 0 0 3 5 1 3 2 1 2 3 1 5 4 5 1 3 0 2 5 3 0 1 4 0 1 3 0 2 0 2 4 2 0 3 2 1 4 0 1 2 0 1 5 2 1 5 4 5 3 0 2 3 3 4 5 2 4 1 5 4 0 4 5 3 | 18 26  0 8 1 0 11 1 0 12 1 1 9 1 1 14 1 1 15 1 2 9 1 2 16 1 2 17 1 3 10 1 3 13 1 3 17 1 4 10 2 4 15 1 5 11 1 5 12 1 5 16 1 6 13 1 6 14 1 6 15 1 7 14 1 7 16 1 7 17 1 8 11 1 8 12 1 9 13 1
R 88542 54 81 6 88 3 4 5 1 5 2 4 3 2 0 1 3 0 4 1 1 0 3 1 4 2 1 2 3 2 3 4 0 2 5 0 2 3 1 4 3 2 3 5 0 1 3 0 1 4 4 2 0 2 4 0 0 4 1 0 1 2 0 4 3 1 5 0 4 5 2 2 5 3 4 2 5 0 3 5 4 5 5 1 3 1 | 18 25  0 7 1 0 9 1 0 13 1 1 8 1 1 13 1 1 14 1 2 10 2 2 11 1 3 10 1 3 16 1 3 17 1 4 11 2 4 16 1 5 12 1 5 14 1 5 15 1 6 12 1 6 15 1 6 17 1 7 9 1 7 14 1 8 13 1 8 15 1 9 17 1 12 16 1
R 2325 54 81 6 142 3 1 2 0 2 3 0 2 3 2 4 0 1 0 3 1 2 5 4 0 2 1 4 3 0 2 1 4 3 2 3 4 5 3 0 2 3 5 2 1 2 3 1 0 2 1 4 5 1 4 0 4 0 1 4 5 0 1 5 4 1 4 5 1 5 3 4 5 2 0 4 3 1 5 3 0 5 2 3 0 2 | 18 23  0 8 2 0 10 1 1 9 2 1 14 1 2 10 1 2 13 1 2 17 1 3 11 1 3 13 1 3 14 1 4 11 2 4 16 1 5 12 2 5 15 1 6 12 1 6 16 1 6 17 1 7 13 1 7 14 1 7 15 1 8 16 1 9 15 1 10 17 1
R 1998 54 81 6 512 3 1 2 4 3 5 0 2 3 4 2 1 2 0 4 3 4 5 1 3 0 1 0 2 0 2 1 2 5 3 3 4 5 1 2 0 1 4 0 0 3 2 3 5 2 1 4 3 5 1 0 4 0 1 4 5 0 0 1 2 1 4 5 3 5 0 3 5 1 2 1 0 5 4 2 4 5 3 3 4 2 | 18 24  0 8 2 0 10 1 1 9 2 1 15 1 2 10 1 2 11 1 2 17 1 3 11 2 3 14 1 4 12 1 4 13 1 4 14 1 5 12 1 5 13 1 5 15 1 6 12 1 6 13 1 6 16 1 7 14 1 7 15 1 7 17 1 8 16 1 9 16 1 10 17 1
R 14127 54 81 6 54329 3 1 2 1 3 0 0 3 1 5 2 4 3 0 2 0 4 5 0 3 1 4 2 5 0 2 1 2 0 1 4 2 1 5 3 0 1 2 5 5 2 0 1 4 3 3 4 5 1 5 4 0 2 4 4 5 0 4 5 2 5 2 4 0 3 1 4 5 1 3 2 1 4 2 5 1 3 0 3 3 0 | 18 23  0 8 2 0 15 1 1 9 1 1 10 1 1 16 1 2 9 1 2 11 2 3 10 2 3 11 1 4 12 1 4 14 1 4 15 1 5 12 1 5 14 1 5 17 1 6 13 1 6 15 1 6 17 1 7 13 2 7 16 1 8 16 1 9 17 1 12 14 1
R 80411 54 81 6 82 3 4 5 1 0 2 2 4 1 1 0 4 0 5 3 1 2 3 0 5 4 1 2 3 3 2 0 3 1 5 0 4 2 0 2 3 4 2 3 1 0 4 1 0 2 3 0 4 2 0 1 1 3 0 0 1 2 4 5 3 0 3 5 2 3 5 1 4 2 4 0 5 1 3 2 4 5 1 4 5 5 | 18 25  0 7 1 0 11 1 0 13 1 1 8 2 1 13 1 2 9 1 2 10 2 3 9 1 3 16 1 3 17 1 4 10 1 4 16 1 4 17 1 5 11 1 5 12 1 5 14 1 6 12 1 6 14 1 6 15 1 7 14 1 7 16 1 8 15 1 9 17 1 11 13 1 12 15 1
R 32725 54 81 6 2060 3 4 5 1 0 3 2 4 0 3 4 2 0 1 2 1 2 4 0 3 5 1 0 4 1 2 3 3 4 5 0 2 4 4 2 1 2 1 3 0 2 5 1 0 3 1 3 4 2 4 0 0 3 1 0 1 2 2 5 4 1 3 5 1 5 0 3 4 5 3 5 0 2 1 4 5 3 2 4 5 0 | 18 26  0 8 1 0 13 1 0 14 1 1 9 1 1 11 1 1 12 1 2 9 1 2 11 1 2 12 1 3 10 2 3 12 1 4 10 1 4 14 1 4 17 1 5 13 1 5 14 1 5 15 1 6 15 1 6 16 1 6 17 1 7 15 1 7 16 1 7 17 1 8 13 1 8 16 1 9 11 1
R 60079 54 81 6 1241 3 4 5 1 3 2 2 0 5 2 0 1 3 4 1 4 5 0 3 1 2 1 2 3 4 2 5 4 5 0 1 4 2 2 1 4 0 3 5 0 2 3 1 0 3 0 1 2 0 3 1 4 3 0 0 1 2 0 4 5 1 3 4 3 4 5 0 2 5 3 1 2 0 5 4 4 5 3 1 2 5 | 18 25  0 7 1 0 13 1 0 14 1 1 8 1 1 13 1 1 15 1 2 9 2 2 14 1 3 10 1 3 12 1 3 13 1 4 10 1 4 12 1 4 14 1 5 11 1 5 12 1 5 17 1 6 11 2 6 16 1 7 15 1 7 16 1 8 15 1 8 17 1 9 16 1 10 17 1
R 77908 54 81 6 160 3 4 5 0 2 1 1 2 3 1 2 0 0 1 4 0 2 4 3 2 5 1 2 3 1 4 5 0 2 3 4 0 3 1 0 4 2 4 5 3 1 2 1 0 2 2 3 0 1 3 0 3 4 2 0 1 2 3 4 5 4 0 5 5 3 4 2 3 5 3 5 1 1 0 4 4 5 2 0 5 1 | 18 27  0 7 1 0 9 1 0 11 1 1 8 1 1 15 1 1 17 1 2 9 1 2 12 1 2 14 1 3 10 1 3 12 1 3 13 1 4 10 1 4 14 1 4 15 1 5 11 1 5 13 1 5 15 1 6 12 1 6 13 1 6 16 1 7 14 1 7 16 1 8 16 1 8 17 1 9 11 1 10 17 1
R 62435 54 81 6 801 3 4 5 1 3 2 4 1 3 2 3 4 1 0 4 0 1 2 5 0 2 1 2 3 4 5 1 5 3 2 4 0 2 0 2 3 1 0 2 0 3 1 0 4 1 3 1 0 5 3 0 2 5 4 0 1 2 0 4 5 0 5 2 1 5 0 3 5 2 5 3 4 3 4 1 4 5 2 3 4 1 | 18 26  0 7 1 0 11 1 0 13 1 1 8 1 1 11 1 1 12 1 2 9 1 2 13 1 2 14 1 3 10 1 3 14 1 3 17 1 4 10 2 4 15 1 5 11 1 5 14 1 5 15 1 6 12 1 6 13 1 6 16 1 7 12 1 7 15 1 8 16 1 8 17 1 9 16 1 9 17 1
R 64340 54 81 6 129 3 4 5 1 0 2 2 1 4 4 2 5 0 1 5 0 5 4 0 3 1 1 2 3 2 3 1 0 3 2 5 1 4 0 2 5 0 1 5 3 4 2 1 3 4 1 0 2 0 2 3 0 4 5 0 1 2 4 3 5 5 3 0 0 1 3 2 3 4 1 2 3 4 5 2 4 5 0 5 4 1 | 18 26  0 7 1 0 11 1 0 12 1 1 8 1 1 11 1 1 13 1 2 9 1 2 12 1 2 13 1 3 10 1 3 16 1 3 17 1 4 10 2 4 16 1 5 13 1 5 14 1 5 15 1 6 15 1 6 16 1 6 17 1 7 11 1 7 14 1 8 14 1 8 15 1 9 12 1 9 17 1
R 72461 54 81 6 276 1 2 3 1 2 4 0 4 1 0 2 3 0 5 3 1 0 2 4 2 5 3 4 5 5 3 1 0 2 1 3 4 5 1 5 3 5 2 3 2 3 1 0 2 4 0 3 2 4 0 1 5 1 4 0 4 5 0 3 5 3 2 5 1 4 5 2 4 1 4 5 3 0 1 3 1 2 4 2 0 0 | 18 25  0 7 1 0 9 2 1 8 1 1 14 1 1 15 1 2 9 1 2 10 1 2 13 1 3 10 1 3 11 1 3 14 1 4 11 1 4 13 1 4 14 1 5 12 1 5 16 1 5 17 1 6 12 2 6 16 1 7 15 1 7 16 1 8 15 1 8 17 1 10 13 1 11 17 1
R 7316 54 81 6 424 3 4 5 1 2 3 0 2 5 0 2 4 1 3 5 2 4 0 0 3 1 2 1 5 1 2 3 0 2 3 5 2 3 3 4 2 1 0 4 1 0 2 3 4 5 1 0 2 3 0 1 1 0 2 0 1 2 4 0 5 1 4 3 1 5 3 0 2 4 3 1 5 5 2 4 0 4 3 4 5 5 | 18 25  0 8 1 0 9 1 0 12 1 1 9 1 1 10 1 1 17 1 2 10 2 2 12 1 3 11 2 3 15 1 4 11 1 4 16 1 4 17 1 5 13 1 5 14 1 5 15 1 6 13 1 6 14 1 6 15 1 7 14 1 7 16 1 7 17 1 8 13 1 8 16 1 9 12 1
R 35597 54 81 6 324 3 4 5 0 1 2 2 3 5 1 3 4 0 4 1 0 1 2 1 0 5 0 3 4 1 2 3 4 2 5 4 1 2 0 2 3 5 3 0 3 0 1 0 1 4 0 1 3 3 5 0 0 4 2 0 1 2 3 5 4 0 4 1 0 2 5 3 2 5 5 4 3 2 4 3 2 5 1 4 5 1 | 18 27  0 8 1 0 11 1 0 15 1 1 9 1 1 10 1 1 11 1 2 9 1 2 15 1 2 17 1 3 10 1 3 13 1 3 14 1 4 10 1 4 16 1 4 17 1 5 11 1 5 13 1 5 14 1 6 12 1 6 16 1 6 17 1 7 14 1 7 15 1 7 16 1 8 12 1 8 13 1 9 12 1
R 48500 54 81 6 2700 1 2 3 0 3 4 1 3 5 0 4 2 1 4 0 5 0 1 1 2 3 3 4 5 5 4 1 2 5 3 0 2 1 3 1 0 1 3 4 2 0 4 1 0 3 5 4 2 5 2 0 0 5 3 0 4 5 2 5 1 0 4 2 3 5 1 2 3 5 2 4 3 5 0 4 1 2 0 3 1 4 | 18 25  0 7 1 0 10 2 1 8 1 1 12 1 1 13 1 2 9 2 2 14 1 3 10 1 3 11 1 3 17 1 4 11 1 4 13 1 4 14 1 5 12 1 5 14 1 5 16 1 6 13 1 6 15 1 6 16 1 7 16 1 7 17 1 8 12 1 8 15 1 9 15 1 11 17 1
R 66285 54 81 6 5039 3 4 5 0 1 2 4 5 1 0 3 4 5 2 4 1 3 0 4 3 1 1 2 3 2 3 0 3 1 5 0 2 5 2 4 3 1 0 4 2 0 1 3 4 5 0 4 1 0 3 2 1 0 4 0 1 2 4 3 5 0 2 3 1 5 2 0 1 3 4 2 5 5 0 2 4 5 1 5 4 3 | 18 25  0 7 1 0 10 1 0 12 1 1 8 1 1 12 1 1 16 1 2 9 2 2 15 1 3 11 2 3 15 1 4 11 1 4 16 1 4 17 1 5 13 1 5 14 1 5 17 1 6 13 1 6 14 1 6 17 1 7 10 1 7 12 1 8 14 1 8 15 1 9 16 1 10 13 1
R 89295 54 81 6 3015 3 4 5 1 5 2 1 0 3 3 4 5 0 1 3 2 4 5 5 2 1 1 2 3 2 3 4 0 2 5 2 3 0 5 4 3 0 1 3 0 1 4 1 2 4 1 3 4 0 2 5 2 1 0 0 1 2 0 4 3 4 2 5 1 0 2 2 5 4 0 1 3 3 0 4 4 5 5 1 3 5 | 18 26  0 7 1 0 9 1 0 12 1 1 8 1 1 12 1 1 13 1 2 10 1 2 13 1 2 17 1 3 10 1 3 14 1 3 15 1 4 11 1 4 15 1 4 17 1 5 11 2 5 16 1 6 14 1 6 15 1 6 16 1 7 9 1 7 13 1 8 12 1 8 16 1 9 17 1 10 14 1
R 34925 54 81 6 450 3 4 5 0 1 2 0 3 4 1 2 5 0 1 2 3 4 5 0 2 3 4 0 1 1 2 3 2 4 5 0 2 3 1 0 4 3 0 1 4 2 3 1 5 2 0 1 3 0 5 2 3 1 4 0 1 2 3 5 4 1 5 2 4 3 0 5 3 4 2 1 0 5 4 1 5 3 2 4 5 0 | 18 27  0 8 1 0 10 1 0 11 1 1 9 1 1 11 1 1 12 1 2 9 1 2 12 1 2 15 1 3 10 1 3 11 1 3 17 1 4 10 1 4 14 1 4 15 1 5 12 1 5 13 1 5 14 1 6 13 1 6 14 1 6 16 1 7 15 1 7 16 1 7 17 1 8 16 1 8 17 1 9 13 1
R 92770 54 81 6 1179 3 4 5 3 0 4 0 1 2 1 2 4 0 1 2 5 3 1 1 2 3 2 4 5 5 2 0 0 4 3 2 0 3 1 0 4 1 0 3 2 1 0 3 1 2 4 3 1 3 4 5 0 5 2 0 1 2 1 2 5 3 4 5 5 3 0 4 3 5 2 0 4 5 4 0 3 4 1 2 1 5 | 18 27  0 6 1 0 10 1 0 11 1 1 7 1 1 12 1 1 13 1 2 8 1 2 12 1 2 15 1 3 9 1 3 13 1 3 14 1 4 10 1 4 11 1 4 12 1 5 15 1 5 16 1 5 17 1 6 11 1 6 13 1 7 15 1 7 17 1 8 14 1 8 16 1 9 16 1 9 17 1 10 14 1
R 17579 54 81 6 114 3 4 5 1 2 3 0 3 4 0 4 5 1 2 0 1 0 2 3 2 5 2 0 4 1 2 3 4 3 2 0 2 1 0 2 3 5 2 0 1 0 4 3 2 0 1 0 4 4 2 3 3 0 1 0 1 2 0 4 5 1 5 2 3 1 2 4 5 3 3 5 4 1 4 0 3 1 5 4 5 5 | 18 24  0 8 1 0 11 1 0 13 1 1 9 1 1 10 2 2 9 2 2 15 1 3 10 1 3 16 1 3 17 1 4 11 1 4 14 1 4 15 1 5 12 1 5 15 1 5 17 1 6 12 2 6 16 1 7 13 1 7 14 1 7 16 1 8 14 1 8 17 1 11 13 1
R 11554 54 81 6 771 1 2 3 0 4 1 2 1 3 4 5 0 2 4 0 1 2 3 4 0 1 0 1 2 3 4 5 0 2 1 0 4 3 3 4 0 0 2 1 4 2 1 3 0 5 2 1 4 5 0 2 4 3 0 0 4 5 3 2 5 5 4 0 2 3 1 1 3 5 5 0 4 5 2 3 4 3 5 1 2 1 | 18 26  0 8 1 0 9 2 1 9 1 1 11 1 1 12 1 2 10 1 2 12 1 2 13 1 3 10 1 3 12 1 3 17 1 4 11 1 4 13 1 4 15 1 5 11 1 5 15 1 5 16 1 6 13 1 6 14 1 6 16 1 7 14 1 7 15 1 7 17 1 8 16 1 8 17 1 10 14 1
R 67071 54 81 6 114 3 4 5 0 1 2 2 3 0 1 2 3 0 1 2 4 5 0 3 0 4 1 2 3 5 2 1 0 1 3 0 2 3 1 0 4 4 0 3 5 2 3 1 5 2 2 5 0 1 4 0 3 0 1 0 1 2 4 3 5 5 1 4 4 5 0 5 3 4 2 1 3 1 5 2 4 5 0 3 4 2 | 18 27  0 7 1 0 10 1 0 11 1 1 8 1 1 11 1 1 12 1 2 9 1 2 12 1 2 13 1 3 10 1 3 11 1 3 14 1 4 10 1 4 16 1 4 17 1 5 12 1 5 13 1 5 14 1 6 15 1 6 16 1 6 17 1 7 15 1 7 17 1 8 13 1 8 15 1 9 14 1 9 16 1
R 25839 54 81 6 187 3 4 5 1 0 2 2 1 4 0 1 2 3 4 5 0 1 5 3 4 5 0 1 2 1 2 3 4 2 0 5 2 1 5 4 2 0 2 3 0 1 4 1 5 3 0 3 5 2 0 4 1 3 0 0 1 2 3 4 5 5 0 3 3 4 5 0 1 2 3 2 4 0 1 2 5 3 4 4 5 1 | 18 25  0 8 1 0 12 1 0 13 1 1 9 1 1 12 1 1 17 1 2 9 1 2 14 1 2 16 1 3 10 2 3 13 1 4 10 1 4 16 1 4 17 1 5 11 1 5 14 1 5 17 1 6 11 2 6 15 1 7 12 1 7 13 1 7 14 1 8 15 1 8 16 1 9 15 1
R 42780 54 81 6 97 3 4 5 0 3 4 2 5 3 1 2 0 1 0 2 3 4 0 1 5 0 1 2 3 1 4 3 4 0 2 0 2 3 2 0 3 1 4 0 1 0 4 2 1 0 3 2 5 1 0 3 4 2 1 0 1 2 2 5 1 1 4 0 4 5 3 4 5 3 2 5 1 3 4 2 5 4 0 5 3 5 | 18 24  0 7 1 0 10 1 0 13 1 1 8 2 1 11 1 2 9 1 2 16 1 2 17 1 3 10 2 3 12 1 4 11 2 4 13 1 5 12 1 5 14 1 5 15 1 6 14 1 6 15 1 6 16 1 7 13 1 7 14 1 8 15 1 9 16 1 9 17 1 12 17 1
R 26952 54 81 6 557 3 4 5 1 0 2 3 4 0 2 5 4 0 1 5 1 3 2 4 5 2 1 2 0 1 2 3 3 2 0 3 1 2 2 5 0 0 2 5 1 0 4 1 4 0 0 2 3 1 3 4 2 1 4 0 1 2 4 5 3 1 2 5 0 3 1 4 2 3 4 5 0 1 3 0 3 4 5 4 5 5 | 18 25  0 8 1 0 12 1 0 13 1 1 9 2 1 13 1 2 9 1 2 14 1 2 17 1 3 10 1 3 14 1 3 15 1 4 10 1 4 16 1 4 17 1 5 11 1 5 15 1 5 17 1 6 11 2 6 16 1 7 12 1 7 15 1 7 16 1 8 12 1 8 13 1 10 14 1
R 43867 54 81 6 258 3 1 2 1 4 2 0 3 4 0 2 3 0 5 1 2 0 4 1 5 3 0 2 1 0 3 2 2 4 3 3 4 5 5 4 1 3 4 0 1 2 0 2 4 1 1 0 5 3 2 5 0 1 3 4 5 0 5 0 3 1 5 2 1 5 4 2 3 4 1 3 5 2 4 0 3 1 4 0 2 5 | 18 24  0 7 2 0 10 1 1 8 1 1 11 2 2 9 2 2 15 1 3 10 1 3 13 1 3 15 1 4 11 1 4 14 1 4 16 1 5 12 1 5 13 1 5 14 1 6 12 1 6 13 1 6 14 1 7 15 1 8 16 1 8 17 1 9 16 1 10 17 1 12 17 1
R 12436 54 81 6 80 3 4 5 1 2 0 5 3 4 0 1 2 3 4 2 1 5 0 1 0 2 0 4 3 1 2 3 0 2 3 2 1 3 0 2 3 0 2 4 5 4 1 1 4 0 3 0 2 4 0 1 3 0 1 0 1 2 4 5 3 0 1 2 4 3 5 1 5 0 4 3 2 5 3 4 1 2 5 4 5 5 | 18 26  0 8 1 0 9 1 0 17 1 1 9 2 1 14 1 2 10 1 2 12 1 2 14 1 3 10 1 3 13 1 3 15 1 4 11 1 4 12 1 4 13 1 5 11 1 5 12 1 5 13 1 6 11 1 6 16 1 6 17 1 7 15 1 7 16 1 7 17 1 8 15 1 8 16 1 10 14 1
R 91740 54 81 6 97 3 1 2 4 0 3 0 1 2 4 0 3 0 2 3 2 4 1 0 2 1 1 2 0 2 3 4 3 1 0 3 4 5 1 2 0 0 2 4 1 4 5 0 3 1 2 4 0 3 1 5 5 0 3 4 5 0 5 1 2 5 3 4 5 2 1 1 4 5 3 0 5 3 3 4 0 1 2 4 2 5 | 18 26  0 6 2 0 10 1 1 7 1 1 12 1 1 13 1 2 8 1 2 13 1 2 14 1 3 9 1 3 14 1 3 15 1 4 10 1 4 11 1 4 12 1 5 11 1 5 13 1 5 15 1 6 15 1 7 12 1 7 16 1 8 16 1 8 17 1 9 16 1 9 17 1 10 17 1 11 14 1
R 77259 54 81 6 131 3 4 5 1 0 4 0 1 2 3 0 4 0 4 3 0 1 2 2 0 1 1 2 3 3 4 5 2 0 5 2 4 3 1 0 4 0 4 1 2 0 1 2 1 4 4 2 5 1 0 3 3 0 2 0 1 2 2 3 5 4 3 5 1 2 5 5 1 2 3 4 5 3 5 4 5 4 0 1 3 0 | 18 27  0 7 1 0 9 1 0 11 1 1 8 1 1 13 1 1 14 1 2 9 1 2 11 1 2 12 1 3 10 1 3 12 1 3 13 1 4 10 1 4 15 1 4 16 1 5 14 1 5 16 1 5 17 1 6 15 1 6 16 1 6 17 1 7 11 1 7 13 1 8 14 1 8 17 1 9 12 1 10 15 1
R 49919 54 81 6 117 1 2 3 2 0 4 1 4 0 0 4 1 3 0 2 4 1 5 1 3 0 3 4 5 5 1 2 0 2 1 0 2 1 5 1 0 3 0 4 3 1 4 0 3 2 4 0 3 3 1 2 1 3 0 0 4 5 3 1 5 3 2 5 3 2 5 4 1 5 2 3 0 5 2 4 1 2 0 4 4 5 | 18 25  0 7 1 0 10 2 1 8 1 1 12 1 1 13 1 2 9 1 2 13 1 2 16 1 3 10 1 3 12 1 3 14 1 4 11 1 4 15 1 4 17 1 5 11 2 5 16 1 6 12 1 6 15 1 6 16 1 7 14 1 7 17 1 8 13 1 8 17 1 9 14 1 9 15 1
R 7086 54 81 6 112 3 4 5 1 2 0 3 4 0 5 2 4 0 1 3 1 4 5 2 1 0 0 4 5 1 2 3 0 2 3 1 4 0 3 1 4 2 4 0 2 1 4 1 0 5 1 0 4 0 2 3 0 3 5 0 1 2 4 5 3 2 1 5 0 3 1 2 5 4 3 0 2 5 3 4 3 2 1 4 5 5 | 18 25  0 8 1 0 9 1 0 17 1 1 9 2 1 10 1 2 10 1 2 12 1 2 13 1 3 11 1 3 15 1 3 17 1 4 11 2 4 16 1 5 12 1 5 13 1 5 14 1 6 12 1 6 13 1 6 17 1 7 14 1 7 15 1 7 16 1 8 14 1 8 15 1 10 16 1
R 7171 54 81 6 94 1 2 3 0 4 1 2 3 0 0 3 4 1 4 2 1 3 2 0 2 1 5 0 4 3 4 5 0 2 1 3 4 0 2 5 0 2 1 4 1 3 0 4 1 3 3 0 2 5 0 2 0 3 1 0 4 5 3 2 5 1 4 5 1 5 2 3 0 5 0 5 4 3 4 5 2 1 3 1 2 4 | 18 25  0 8 1 0 9 2 1 9 1 1 10 2 2 10 1 2 13 1 2 14 1 3 11 1 3 12 1 3 13 1 4 11 1 4 14 1 4 15 1 5 12 1 5 13 1 5 16 1 6 12 1 6 15 1 6 17 1 7 14 1 7 15 1 7 16 1 8 16 1 8 17 1 11 17 1
R 34766 54 81 6 318 3 4 5 0 1 2 2 0 1 3 4 0 1 2 0 2 0 3 3 0 4 1 5 4 1 2 3 5 2 1 4 1 0 0 2 3 0 1 3 2 3 4 1 5 0 2 4 3 1 3 0 2 4 0 0 1 2 3 5 4 4 3 5 2 1 5 4 5 3 5 4 1 1 2 5 0 2 3 4 5 0 | 18 27  0 8 1 0 11 1 0 12 1 1 9 1 1 10 1 1 11 1 2 9 1 2 10 1 2 11 1 3 10 1 3 15 1 3 16 1 4 12 1 4 13 1 4 14 1 5 12 1 5 16 1 5 17 1 6 13 1 6 14 1 6 15 1 7 15 1 7 16 1 7 17 1 8 14 1 8 17 1 9 13 1
R 21924 54 81 6 392 3 1 2 3 1 4 0 3 4 2 0 1 3 0 2 4 0 5 0 3 1 4 2 5 0 2 1 4 2 1 1 0 5 1 2 5 5 2 3 1 3 4 3 4 5 0 1 4 2 0 4 2 0 4 4 5 0 0 2 5 5 2 1 3 4 5 4 5 1 3 2 1 4 2 5 0 1 3 3 3 0 | 18 24  0 8 2 0 14 1 1 9 1 1 10 1 1 17 1 2 9 1 2 13 1 2 16 1 3 10 2 3 16 1 4 11 1 4 13 1 4 14 1 5 11 1 5 15 1 5 17 1 6 12 1 6 14 1 6 15 1 7 12 2 7 15 1 8 16 1 9 17 1 11 13 1
R 26881 54 81 6 924 3 4 5 0 1 2 3 4 5 0 3 1 4 1 5 5 0 2 1 3 4 1 2 4 1 2 3 2 4 0 5 1 3 4 3 2 0 2 5 1 0 3 3 4 1 4 1 2 4 0 1 0 3 1 0 1 2 3 4 5 1 0 2 4 2 5 0 2 3 1 3 4 0 5 2 3 5 0 4 5 5 | 18 25  0 8 1 0 12 1 0 13 1 1 9 1 1 13 1 1 17 1 2 9 1 2 15 1 2 17 1 3 10 1 3 14 1 3 16 1 4 10 2 4 15 1 5 11 1 5 16 1 5 17 1 6 11 2 6 16 1 7 12 1 7 13 1 7 14 1 8 12 1 8 14 1 9 15 1
R 42502 54 81 6 96 3 1 2 1 2 3 3 5 0 0 2 3 5 0 4 4 2 1 2 0 4 0 2 1 3 0 1 4 0 2 3 4 5 4 0 2 1 2 0 1 4 3 1 2 0 3 4 5 4 1 0 4 0 1 4 5 0 4 5 0 1 4 2 1 4 5 1 3 2 3 5 0 5 3 1 3 5 2 5 3 2 | 18 24  0 7 2 0 10 1 1 8 1 1 11 1 1 13 1 2 9 1 2 14 1 2 16 1 3 10 1 3 12 1 3 17 1 4 11 2 4 13 1 5 12 2 5 15 1 6 13 1 6 14 1 6 15 1 7 16 1 8 14 1 8 15 1 9 16 1 9 17 1 10 17 1
R 87303 54 81 6 645 3 4 5 5 0 1 3 5 4 1 3 2 0 1 2 4 3 5 2 0 1 1 2 3 4 1 0 0 2 5 2 5 1 2 5 3 5 3 1 1 0 4 1 0 4 3 0 2 2 0 4 0 2 4 0 1 2 2 3 4 0 2 1 0 4 5 4 3 5 0 2 1 3 5 4 4 5 5 3 3 1 | 18 24  0 7 1 0 9 1 0 14 1 1 8 2 1 10 1 2 10 1 2 13 1 2 17 1 3 11 1 3 12 1 3 17 1 4 11 1 4 14 1 4 15 1 5 12 2 5 16 1 6 13 2 6 15 1 7 9 1 7 14 1 8 16 1 9 16 1 10 17 1 11 15 1
R 34175 54 81 6 153 3 4 5 2 4 3 0 1 4 4 3 2 1 0 2 0 5 2 0 3 1 5 4 0 1 2 3 3 0 4 0 2 3 4 1 2 1 2 4 0 2 3 5 3 0 0 3 4 1 0 2 1 0 4 0 1 2 1 0 5 2 3 5 1 5 0 4 5 3 3 4 1 5 4 2 1 2 3 4 5 5 | 18 26  0 8 1 0 13 1 0 17 1 1 9 1 1 11 1 1 16 1 2 9 1 2 12 1 2 13 1 3 10 2 3 12 1 4 10 1 4 15 1 4 17 1 5 11 1 5 14 1 5 15 1 6 12 1 6 13 1 6 14 1 7 14 1 7 15 1 7 16 1 8 16 1 8 17 1 9 11 1
R 85899 54 81 6 146 3 4 5 3 0 4 0 1 2 3 1 0 0 5 2 0 3 1 1 2 4 1 2 3 4 2 5 2 4 0 1 2 4 0 2 5 1 0 3 0 1 3 3 0 4 2 5 1 1 3 4 3 2 5 0 1 2 1 2 5 3 4 5 5 2 4 3 4 1 5 2 4 3 5 0 4 5 3 0 1 0 | 18 27  0 7 1 0 11 1 0 12 1 1 8 1 1 13 1 1 16 1 2 9 1 2 12 1 2 13 1 3 9 1 3 16 1 3 17 1 4 10 1 4 13 1 4 14 1 5 10 1 5 14 1 5 15 1 6 11 1 6 12 1 6 17 1 7 11 1 7 14 1 8 15 1 8 16 1 9 17 1 10 15 1
R 88700 54 81 6 581 3 4 5 0 1 2 1 5 3 0 1 3 1 2 3 5 0 2 0 4 1 1 2 3 2 3 5 0 2 5 2 3 5 5 3 2 1 0 4 3 4 1 2 0 1 4 0 2 1 0 3 5 0 4 0 1 2 4 3 5 0 4 2 4 5 2 0 4 5 1 4 3 2 3 5 4 5 0 1 3 1 | 18 26  0 7 1 0 9 1 0 12 1 1 8 1 1 12 1 1 13 1 2 10 1 2 14 1 2 16 1 3 10 1 3 14 1 3 17 1 4 11 2 4 15 1 5 11 1 5 16 1 5 17 1 6 13 1 6 15 1 6 16 1 7 9 1 7 12 1 8 13 1 8 17 1 9 14 1 10 15 1
R 45906 54 81 6 1245 1 2 3 3 2 4 0 2 4 0 4 1 0 1 2 5 0 4 1 3 2 3 4 5 0 1 2 1 4 5 0 2 1 2 1 5 1 2 4 3 0 4 3 0 2 4 3 0 5 1 4 0 5 3 0 4 5 5 0 1 3 5 1 3 2 5 3 4 5 3 1 2 4 5 0 1 2 3 4 0 2 | 18 25  0 7 1 0 10 2 1 8 1 1 11 1 1 17 1 2 9 1 2 12 1 2 13 1 3 10 1 3 13 1 3 14 1 4 11 2 4 13 1 5 12 1 5 14 1 5 16 1 6 14 1 6 15 1 6 16 1 7 15 1 7 17 1 8 16 1 8 17 1 9 12 1 9 15 1
R 37872 54 81 6 141 3 4 5 0 2 1 0 1 2 3 4 2 1 4 5 0 3 4 0 5 3 5 2 1 1 2 3 2 0 5 2 4 0 2 0 4 1 0 4 1 2 3 3 4 2 1 0 3 1 5 4 0 4 1 0 1 2 4 3 5 4 3 5 1 5 0 3 0 2 1 5 2 4 1 2 0 4 3 5 3 5 | 18 26  0 8 1 0 9 1 0 12 1 1 8 1 1 10 1 1 17 1 2 9 1 2 12 1 2 14 1 3 10 2 3 16 1 4 11 1 4 14 1 4 15 1 5 11 1 5 15 1 5 17 1 6 13 1 6 14 1 6 16 1 7 13 1 7 15 1 7 16 1 8 12 1 9 17 1 11 13 1
R 14471 54 81 6 1590 3 1 2 1 2 3 0 3 4 1 2 0 0 2 3 1 0 2 4 1 5 3 5 4 0 2 1 4 3 1 0 2 5 3 4 5 2 0 3 5 1 2 3 2 1 4 0 1 0 4 5 0 4 3 4 5 0 0 4 5 2 5 1 3 4 5 1 4 5 4 5 3 0 3 2 0 1 2 3 1 2 | 18 22  0 8 2 0 11 1 1 9 1 1 10 1 1 17 1 2 9 2 2 12 1 3 10 1 3 14 2 4 11 1 4 13 1 4 15 1 5 12 2 5 15 1 6 13 2 6 16 1 7 14 1 7 16 1 7 17 1 8 16 1 10 17 1 11 15 1
R 11849 54 81 6 952 3 4 5 1 2 0 1 0 2 4 3 5 3 4 5 2 1 0 0 1 3 2 4 5 1 2 3 0 2 3 5 3 2 2 4 0 1 3 2 1 0 5 2 3 1 0 3 4 1 4 0 4 1 0 0 1 2 4 3 5 4 5 3 0 1 2 1 0 2 5 3 4 4 5 2 0 1 3 4 5 5 | 18 26  0 8 1 0 9 1 0 15 1 1 9 1 1 11 1 1 12 1 2 10 1 2 15 1 2 17 1 3 10 2 3 16 1 4 11 1 4 12 1 4 13 1 5 11 1 5 13 1 5 14 1 6 12 1 6 14 1 6 17 1 7 14 1 7 15 1 7 16 1 8 13 1 8 17 1 9 16 1
R 74700 54 81 6 3650 1 2 3 2 4 5 0 4 1 0 2 4 5 0 1 0 1 5 0 3 2 3 4 5 1 3 2 0 2 1 1 5 4 5 2 4 1 0 2 3 4 0 2 5 0 2 3 1 0 3 4 1 5 3 0 4 5 0 3 1 3 2 5 3 5 1 2 4 3 3 4 2 1 5 4 1 2 5 4 0 0 | 18 26  0 7 1 0 9 2 1 8 1 1 12 1 1 16 1 2 9 1 2 13 1 2 15 1 3 10 1 3 12 1 3 13 1 4 10 1 4 12 1 4 14 1 5 11 1 5 15 1 5 16 1 6 11 1 6 16 1 6 17 1 7 14 1 7 17 1 8 13 1 8 14 1 10 15 1 11 17 1
R 50793 54 81 6 3562 1 2 3 1 4 0 3 1 5 0 4 2 3 1 4 5 0 4 5 2 0 3 4 5 2 0 1 5 0 1 0 2 1 4 0 1 1 3 0 5 4 3 1 2 0 2 4 5 0 2 3 0 5 3 0 4 5 3 2 5 2 4 0 3 5 1 5 2 0 2 3 1 4 1 3 1 2 5 4 3 4 | 18 25  0 7 1 0 10 2 1 8 1 1 13 1 1 14 1 2 9 1 2 14 1 2 15 1 3 10 1 3 12 1 3 17 1 4 11 1 4 12 1 4 13 1 5 11 2 5 15 1 6 12 1 6 13 1 6 15 1 7 16 1 7 17 1 8 16 1 8 17 1 9 14 1 9 16 1
R 51680 54 81 6 857 1 2 3 3 5 4 1 2 4 0 4 2 2 0 1 5 3 1 0 1 3 3 4 5 0 2 5 3 4 2 0 2 1 1 4 2 0 1 3 1 2 3 2 3 0 0 1 4 4 5 0 5 0 3 0 4 5 1 2 0 0 5 3 3 5 1 3 5 4 0 4 2 4 5 2 1 2 4 3 1 5 | 18 25  0 7 1 0 10 2 1 8 1 1 12 1 1 13 1 2 9 2 2 15 1 3 10 1 3 13 1 3 17 1 4 11 1 4 12 1 4 17 1 5 11 1 5 14 1 5 15 1 6 13 1 6 15 1 6 16 1 7 14 1 7 17 1 8 12 1 8 16 1 9 16 1 11 14 1
R 45471 54 81 6 106 3 1 2 4 2 3 2 4 1 0 2 3 0 1 4 2 4 3 0 4 5 0 2 1 1 3 5 1 0 2 3 4 5 0 2 4 1 5 3 4 3 1 0 3 4 2 0 3 4 0 1 2 0 1 4 5 0 0 1 5 3 0 5 1 4 5 3 2 5 0 1 5 2 1 3 3 2 4 4 5 2 | 18 25  0 7 2 0 10 1 1 8 1 1 11 2 2 9 1 2 13 1 2 14 1 3 10 1 3 12 1 3 13 1 4 11 1 4 13 1 4 17 1 5 12 1 5 14 1 5 15 1 6 12 1 6 15 1 6 17 1 7 16 1 8 14 1 8 17 1 9 15 1 9 16 1 10 16 1
R 36927 54 81 6 122 3 4 5 2 0 4 1 0 4 5 1 0 3 0 4 1 3 2 2 0 1 1 2 3 1 2 3 4 3 5 3 1 4 1 2 4 1 0 4 2 0 3 0 2 3 1 2 0 2 1 0 3 1 5 0 1 2 1 5 3 2 5 3 2 3 4 5 2 1 0 4 5 3 4 5 5 4 0 4 5 0 | 18 27  0 8 1 0 14 1 0 17 1 1 9 1 1 10 1 1 11 1 2 9 1 2 13 1 2 15 1 3 10 1 3 16 1 3 17 1 4 11 1 4 12 1 4 13 1 5 11 1 5 14 1 5 15 1 6 12 1 6 13 1 6 14 1 7 12 1 7 16 1 7 17 1 8 15 1 8 16 1 9 10 1
R 54009 54 81 6 661 3 1 2 2 5 4 0 2 1 0 2 3 1 3 0 4 2 0 4 2 3 0 2 1 3 1 2 1 3 0 3 4 5 1 0 2 2 0 4 0 4 3 3 2 1 4 1 0 2 3 0 4 1 0 4 5 0 0 3 1 4 3 5 1 4 5 5 4 2 1 5 3 0 1 5 3 5 4 2 5 2 | 18 26  0 7 2 0 10 1 1 8 1 1 11 1 1 12 1 2 9 1 2 12 1 2 13 1 3 10 1 3 11 1 3 12 1 4 11 1 4 14 1 4 15 1 5 13 1 5 16 1 5 17 1 6 14 1 6 16 1 6 17 1 7 15 1 8 15 1 8 16 1 9 13 1 9 14 1 10 17 1
R 14950 54 81 6 119 3 1 2 5 0 3 1 4 0 1 3 2 0 4 3 2 3 1 1 0 3 2 4 5 0 2 1 2 1 0 0 2 4 3 4 1 3 4 1 5 4 1 0 3 2 1 4 5 0 3 2 2 0 1 4 5 0 4 1 2 3 2 5 5 4 0 2 5 1 0 4 5 2 5 4 0 3 1 3 5 3 | 18 23  0 8 2 0 11 1 1 9 1 1 10 1 1 15 1 2 9 1 2 12 2 3 10 1 3 14 1 3 15 1 4 11 2 4 14 1 5 12 1 5 16 1 5 17 1 6 13 1 6 16 1 6 17 1 7 13 2 7 16 1 8 15 1 9 14 1 10 17 1
R 40146 54 81 6 198 1 2 3 2 0 4 0 1 2 5 0 3 0 4 1 1 2 3 5 0 4 3 4 5 1 4 5 5 2 1 1 3 0 0 2 1 4 0 3 0 3 4 2 4 3 5 4 2 3 1 4 1 3 0 0 4 5 3 1 5 3 4 5 2 4 1 3 2 5 5 0 4 1 2 3 1 2 0 2 0 5 | 18 23  0 7 1 0 11 2 1 8 1 1 13 1 1 17 1 2 9 2 2 13 1 3 10 2 3 14 1 4 11 1 4 13 1 4 14 1 5 12 1 5 15 1 5 17 1 6 12 2 6 15 1 7 15 1 7 16 1 8 14 1 8 17 1 9 16 1 10 16 1
R 15359 54 81 6 75 1 2 3 0 3 4 1 2 3 1 0 2 0 4 1 2 4 3 3 0 4 2 0 1 3 4 5 1 4 3 2 0 3 0 2 1 3 4 0 2 5 4 1 0 4 3 0 2 4 0 1 1 0 2 0 4 5 2 5 1 0 5 4 4 5 3 3 2 5 1 5 0 1 2 5 3 5 4 1 2 3 | 18 22  0 8 1 0 11 2 1 9 2 1 10 1 2 9 1 2 16 1 2 17 1 3 10 2 3 16 1 4 11 1 4 12 1 4 15 1 5 12 2 5 13 1 6 13 1 6 14 1 6 17 1 7 14 2 7 15 1 8 15 1 8 16 1 13 17 1
R 54356 54 81 6 255 1 2 3 0 3 4 1 3 2 0 4 2 2 4 0 3 5 1 2 0 1 3 4 5 4 2 5 4 0 3 0 2 1 1 2 0 0 1 3 4 1 5 0 4 2 5 3 4 3 2 4 5 0 3 0 4 5 1 5 2 5 4 0 3 5 1 3 1 5 4 2 0 3 5 4 1 2 3 0 2 1 | 18 26  0 7 1 0 10 2 1 8 1 1 11 1 1 12 1 2 9 1 2 12 1 2 13 1 3 10 1 3 12 1 3 17 1 4 11 1 4 15 1 4 16 1 5 11 1 5 15 1 5 16 1 6 13 1 6 14 1 6 17 1 7 16 1 7 17 1 8 14 1 8 15 1 9 13 1 9 14 1
R 55132 54 81 6 288 3 1 2 0 2 4 0 2 4 0 2 3 3 1 2 1 2 3 4 0 5 0 2 1 5 4 1 3 4 0 3 4 5 2 3 4 0 3 1 3 1 4 1 0 2 1 4 0 4 2 5 1 0 3 4 5 0 3 1 5 1 5 3 1 4 5 5 4 0 0 5 4 2 3 1 3 2 0 2 5 2 | 18 26  0 7 2 0 10 1 1 8 1 1 11 1 1 12 1 2 9 1 2 13 1 2 14 1 3 10 1 3 14 1 3 15 1 4 11 1 4 12 1 4 13 1 5 11 1 5 14 1 5 17 1 6 12 1 6 15 1 6 16 1 7 16 1 8 15 1 8 16 1 9 13 1 9 17 1 10 17 1
R 52902 54 81 6 119 1 2 3 3 2 5 1 5 0 0 4 2 0 2 4 3 1 4 1 2 3 3 4 5 4 5 2 2 0 1 0 2 1 4 1 5 1 0 3 3 4 0 2 1 4 3 1 0 2 3 0 0 5 3 0 4 5 0 1 4 3 2 4 3 5 1 3 5 1 0 5 2 5 0 4 1 2 3 5 4 2 | 18 25  0 7 1 0 10 2 1 8 2 1 12 1 2 9 1 2 13 1 2 16 1 3 10 1 3 15 1 3 17 1 4 11 1 4 12 1 4 13 1 5 11 1 5 14 1 5 15 1 6 13 1 6 14 1 6 15 1 7 16 1 7 17 1 8 14 1 9 16 1 9 17 1 11 12 1
R 69925 54 81 6 1449 3 1 2 2 3 5 0 2 3 1 0 3 0 2 1 5 2 0 0 3 4 0 2 1 1 5 3 3 4 5 4 0 3 1 2 5 2 0 1 2 3 1 1 4 3 3 4 2 0 4 1 5 3 0 4 5 0 0 4 1 1 4 5 2 4 5 3 4 5 3 1 4 5 2 1 3 2 2 5 0 0 | 18 24  0 7 2 0 9 1 1 8 2 1 10 1 2 9 1 2 11 1 2 14 1 3 10 1 3 12 2 4 11 1 4 13 1 4 15 1 5 12 1 5 15 1 5 17 1 6 13 1 6 14 1 6 17 1 7 16 1 8 16 1 9 17 1 10 16 1 11 14 1 13 15 1
R 65011 54 81 6 484 3 4 5 0 1 3 0 3 1 0 1 4 5 2 3 1 2 4 0 2 1 1 2 3 4 5 0 5 2 3 3 2 4 0 2 5 0 1 3 2 1 3 2 4 1 4 0 5 1 3 0 0 2 4 0 1 2 2 4 5 4 5 2 5 2 3 0 1 4 3 5 0 4 3 5 4 5 3 1 0 1 | 18 26  0 7 1 0 11 1 0 12 1 1 8 1 1 13 1 1 14 1 2 9 1 2 13 1 2 15 1 3 10 1 3 16 1 3 17 1 4 10 2 4 16 1 5 11 1 5 12 1 5 13 1 6 12 1 6 15 1 6 16 1 7 11 1 7 17 1 8 14 1 8 17 1 9 14 1 9 15 1
R 5194 54 81 6 3647 3 4 5 1 0 2 1 0 2 3 4 5 0 3 4 1 2 5 0 1 2 1 4 0 1 2 3 3 2 0 5 4 0 5 2 0 0 2 3 1 0 4 2 1 0 1 2 4 3 4 5 1 3 0 0 1 2 4 5 3 3 4 5 1 2 0 1 5 2 3 4 0 5 3 4 3 5 2 5 4 1 | 18 24  0 8 1 0 12 1 0 13 1 1 9 2 1 13 1 2 10 1 2 12 1 2 17 1 3 10 2 3 15 1 4 11 1 4 14 1 4 17 1 5 11 2 5 16 1 6 12 1 6 15 1 6 17 1 7 14 1 7 15 1 7 16 1 8 13 1 8 14 1 9 16 1
R 89584 54 81 6 215 3 4 5 1 3 2 3 2 4 1 0 3 1 0 2 0 2 1 5 0 4 1 2 3 0 2 1 3 0 2 2 0 3 4 0 5 4 0 2 5 4 3 3 1 2 2 0 4 0 3 2 1 0 4 0 1 2 4 5 0 5 1 0 4 2 5 4 5 3 3 4 5 1 3 2 4 5 3 1 5 1 | 18 26  0 7 1 0 15 1 0 17 1 1 8 1 1 9 1 1 13 1 2 8 1 2 10 1 2 14 1 3 9 1 3 11 1 3 15 1 4 10 1 4 12 1 4 17 1 5 11 1 5 14 1 5 16 1 6 12 2 6 13 1 7 16 1 7 17 1 8 15 1 9 13 1 10 14 1 11 16 1
R 30747 54 81 6 718 3 4 5 0 1 2 3 1 5 1 0 2 3 2 4 0 3 1 1 4 5 0 2 4 1 2 3 5 2 4 4 2 1 1 3 2 0 2 3 0 1 4 2 5 0 4 0 3 3 0 5 3 1 0 0 1 2 3 5 4 0 2 4 3 5 4 0 5 1 4 5 2 0 3 2 5 3 1 4 5 1 | 18 26  0 8 1 0 12 1 0 13 1 1 9 1 1 11 1 1 12 1 2 9 1 2 15 1 2 16 1 3 10 1 3 15 1 3 17 1 4 10 2 4 16 1 5 11 1 5 12 1 5 16 1 6 11 1 6 13 1 6 17 1 7 13 1 7 14 1 7 15 1 8 14 1 8 17 1 9 14 1
R 44308 54 81 6 802 3 1 2 1 2 0 2 1 4 0 2 3 0 3 1 5 0 2 3 2 4 0 2 1 3 0 2 3 4 1 3 4 5 1 4 2 4 2 1 1 0 2 4 0 3 2 3 0 4 0 5 1 5 3 4 5 0 4 5 3 0 3 5 1 4 5 5 2 4 3 1 4 0 5 1 3 1 5 2 2 0 | 18 24  0 7 2 0 10 1 1 8 2 1 11 1 2 9 1 2 13 1 2 15 1 3 10 1 3 13 1 3 14 1 4 11 1 4 14 1 4 15 1 5 12 1 5 14 1 5 17 1 6 12 2 6 15 1 7 16 1 8 16 1 9 13 1 9 16 1 10 17 1 11 17 1
R 55557 54 81 6 313 3 1 2 5 3 4 1 0 2 0 2 3 2 4 1 4 3 0 1 0 2 0 2 1 4 2 1 2 4 0 3 4 5 1 2 0 0 2 4 0 1 3 4 1 3 2 0 4 0 3 2 4 1 0 4 5 0 0 1 2 3 4 5 1 4 5 3 0 5 5 2 1 3 4 5 3 5 3 5 1 2 | 18 26  0 7 2 0 10 1 1 8 1 1 12 1 1 13 1 2 9 1 2 13 1 2 14 1 3 10 1 3 11 1 3 12 1 4 11 1 4 14 1 4 15 1 5 11 1 5 14 1 5 15 1 6 12 1 6 16 1 6 17 1 7 15 1 8 16 1 8 17 1 9 13 1 9 16 1 10 17 1
R 60175 54 81 6 1523 3 4 5 1 0 2 0 1 2 1 2 3 0 4 2 1 0 5 3 4 5 1 2 3 2 3 0 4 2 1 3 0 1 5 4 2 0 2 5 1 0 3 3 4 5 4 2 1 3 0 1 0 4 3 0 1 2 4 3 5 3 5 4 4 0 5 5 3 1 3 4 2 0 1 2 4 5 1 5 0 2 | 18 25  0 7 1 0 12 1 0 13 1 1 8 1 1 12 1 1 13 1 2 9 2 2 13 1 3 10 1 3 15 1 3 17 1 4 10 1 4 15 1 4 17 1 5 11 1 5 16 1 5 17 1 6 11 2 6 16 1 7 12 1 7 16 1 8 14 1 8 15 1 9 14 1 10 14 1
R 2884 54 81 6 91 3 1 2 5 1 0 0 4 3 0 4 1 0 1 4 3 5 2 2 0 4 1 0 2 0 2 1 2 0 1 3 4 1 2 1 4 2 4 1 5 0 1 0 5 4 3 4 0 0 2 4 1 2 3 4 5 0 3 4 2 2 5 1 3 5 2 5 3 2 0 4 1 3 1 5 3 5 4 3 5 0 | 18 24  0 8 2 0 10 1 1 9 2 1 15 1 2 10 2 2 16 1 3 11 1 3 12 1 3 13 1 4 11 1 4 13 1 4 14 1 5 12 1 5 13 1 5 14 1 6 12 1 6 15 1 6 17 1 7 14 1 7 15 1 7 17 1 8 16 1 9 16 1 11 17 1
R 86658 54 81 6 5016 3 4 5 1 0 4 5 3 1 0 4 1 0 1 2 3 4 2 0 5 2 1 2 3 2 3 0 1 2 5 2 3 0 3 4 1 2 4 3 0 2 5 0 1 4 0 2 1 0 3 4 3 1 5 0 1 2 5 3 2 4 2 0 3 5 2 4 5 3 1 5 0 1 3 4 4 5 1 4 0 5 | 18 27  0 7 1 0 13 1 0 14 1 1 8 1 1 15 1 1 17 1 2 9 1 2 11 1 2 12 1 3 9 1 3 12 1 3 16 1 4 10 1 4 11 1 4 13 1 5 10 1 5 14 1 5 17 1 6 12 1 6 14 1 6 15 1 7 13 1 7 16 1 8 16 1 8 17 1 9 11 1 10 15 1
R 75671 54 81 6 6559 3 4 5 0 2 3 1 2 5 0 5 2 0 3 1 1 0 4 2 4 5 1 2 3 1 3 5 0 2 3 4 3 2 5 4 1 1 0 4 1 2 3 0 5 2 3 1 4 0 2 3 1 5 4 0 1 2 4 5 1 4 3 0 1 3 4 5 2 4 2 5 3 0 3 1 4 5 0 2 5 0 | 18 26  0 7 1 0 9 1 0 12 1 1 8 1 1 13 1 1 14 1 2 9 1 2 14 1 2 15 1 3 10 1 3 12 1 3 13 1 4 10 1 4 15 1 4 16 1 5 11 1 5 16 1 5 17 1 6 11 2 6 16 1 7 14 1 7 15 1 8 13 1 8 17 1 9 12 1 10 17 1
R 15543 54 81 6 433 1 2 3 2 4 0 1 0 3 3 5 1 0 4 1 2 4 5 0 1 2 3 4 5 3 4 5 3 0 4 1 5 4 0 2 1 3 4 0 5 4 2 2 1 0 2 3 1 3 4 0 3 1 0 0 4 5 1 3 5 2 5 4 0 2 4 3 2 5 1 3 0 3 5 4 0 1 2 1 2 5 | 18 23  0 8 1 0 11 2 1 9 1 1 10 1 1 17 1 2 9 2 2 14 1 3 10 2 3 15 1 4 11 1 4 12 1 4 14 1 5 12 1 5 14 1 5 15 1 6 13 1 6 16 1 6 17 1 7 13 2 7 16 1 8 16 1 8 17 1 12 15 1
R 95238 54 81 6 84 3 4 5 0 1 2 1 2 3 0 1 3 3 4 0 2 0 1 1 2 3 2 3 5 4 0 1 2 5 0 0 2 5 1 0 4 1 0 4 2 0 1 4 0 5 3 4 5 3 0 2 1 4 2 0 1 2 4 3 5 5 4 0 4 5 2 2 1 5 3 5 4 4 5 0 1 3 2 1 3 3 | 18 26  0 6 1 0 10 1 0 12 1 1 7 1 1 12 1 1 16 1 2 8 1 2 13 1 2 17 1 3 9 1 3 13 1 3 14 1 4 11 1 4 14 1 4 17 1 5 11 2 5 16 1 6 10 1 6 12 1 7 15 1 7 16 1 8 14 1 8 15 1 9 15 1 9 17 1 10 13 1
R 69394 54 81 6 110 3 4 5 0 1 4 0 4 2 1 2 5 1 2 3 0 2 4 1 5 3 1 2 3 3 4 0 1 3 0 0 2 5 0 1 3 2 1 0 3 2 4 1 3 4 3 5 2 0 5 4 0 1 2 0 1 2 2 3 5 5 1 3 3 4 0 4 0 5 5 1 3 0 2 4 4 5 1 5 2 4 | 18 27  0 7 1 0 10 1 0 11 1 1 8 1 1 12 1 1 13 1 2 9 1 2 13 1 2 17 1 3 10 1 3 12 1 3 14 1 4 11 1 4 13 1 4 14 1 5 11 1 5 15 1 5 16 1 6 15 1 6 16 1 6 17 1 7 10 1 7 12 1 8 16 1 8 17 1 9 14 1 9 15 1
R 20877 54 81 6 241 3 4 5 0 4 1 0 1 2 2 4 3 3 0 4 1 4 2 0 1 5 2 3 5 1 2 3 2 1 3 3 4 0 2 4 3 5 3 4 2 4 5 1 0 4 0 3 1 5 2 1 2 1 0 0 1 2 5 2 3 4 3 5 1 5 0 1 2 5 0 5 3 2 4 3 0 1 4 5 4 0 | 18 24  0 8 1 0 13 1 0 14 1 1 9 1 1 10 1 1 13 1 2 9 1 2 14 1 2 15 1 3 10 2 3 16 1 4 11 1 4 15 1 4 17 1 5 11 2 5 16 1 6 12 1 6 15 1 6 17 1 7 12 2 7 16 1 8 14 1 8 17 1 9 13 1
R 20580 54 81 6 492 3 1 2 2 0 4 0 3 4 1 0 3 3 0 2 4 0 1 2 1 5 3 0 5 0 2 1 1 4 2 3 0 2 1 2 5 5 0 4 1 3 4 0 2 3 3 4 5 5 1 4 2 1 3 4 5 0 3 1 5 5 2 1 4 5 2 4 5 1 3 5 2 3 0 4 1 2 4 3 0 0 | 18 24  0 8 2 0 15 1 1 9 1 1 10 1 1 17 1 2 9 1 2 13 1 2 14 1 3 10 2 3 16 1 4 11 1 4 13 1 4 15 1 5 11 1 5 14 1 5 15 1 6 12 1 6 13 1 6 17 1 7 12 2 7 14 1 8 16 1 9 17 1 11 16 1
R 4173 54 81 6 591 3 1 2 4 0 2 3 4 5 0 1 2 2 1 0 0 2 1 4 3 2 3 0 4 0 2 1 1 2 0 2 1 4 0 1 4 3 0 1 2 3 0 3 4 5 4 2 5 0 1 5 0 2 3 4 5 0 3 5 1 0 2 1 3 5 4 3 5 4 5 3 4 1 5 0 1 2 5 3 4 2 | 18 22  0 8 2 0 14 1 1 9 2 1 14 1 2 10 1 2 11 1 2 17 1 3 10 2 3 12 1 4 11 2 4 13 1 5 12 1 5 15 1 5 17 1 6 13 2 6 15 1 7 15 1 7 16 1 7 17 1 8 16 1 9 16 1 12 14 1
R 85456 54 81 6 159 3 4 5 1 4 0 0 1 3 4 2 3 1 3 2 1 2 5 4 0 1 1 2 3 5 0 3 3 4 1 2 1 0 0 2 3 2 4 0 1 0 3 1 4 2 0 1 2 0 5 2 3 1 4 0 1 2 2 3 5 2 4 5 0 5 1 5 4 0 4 3 0 5 3 2 4 5 1 4 5 3 | 18 27  0 7 1 0 11 1 0 13 1 1 8 1 1 12 1 1 13 1 2 9 1 2 10 1 2 12 1 3 9 1 3 15 1 3 16 1 4 10 1 4 13 1 4 14 1 5 11 1 5 16 1 5 17 1 6 14 1 6 15 1 6 17 1 7 16 1 7 17 1 8 12 1 8 15 1 9 11 1 10 14 1
R 77080 54 81 6 140 3 4 5 0 2 1 1 2 5 2 5 4 0 3 5 0 3 1 1 0 4 1 2 3 3 5 2 0 2 3 1 3 4 0 1 4 3 1 4 0 1 2 2 5 0 3 0 4 2 1 0 2 4 3 0 1 2 4 3 5 4 3 0 0 3 1 2 4 1 5 2 4 2 3 5 4 5 1 0 5 5 | 18 27  0 7 1 0 9 1 0 11 1 1 8 1 1 14 1 1 15 1 2 9 1 2 11 1 2 12 1 3 10 1 3 13 1 3 14 1 4 10 1 4 16 1 4 17 1 5 11 1 5 12 1 5 14 1 6 15 1 6 16 1 6 17 1 7 13 1 7 16 1 8 15 1 8 17 1 9 12 1 10 13 1
R 87626 54 81 6 7142 3 4 5 2 0 3 4 5 1 1 0 2 3 4 0 2 0 4 1 0 2 1 2 3 4 3 0 0 2 5 1 5 3 3 2 0 5 4 2 1 0 4 1 4 0 2 3 1 4 5 1 2 4 1 0 1 2 1 5 4 2 0 3 4 5 3 1 2 5 1 3 5 3 5 4 4 5 2 3 0 0 | 18 25  0 7 1 0 9 1 0 13 1 1 8 2 1 10 1 2 10 1 2 15 1 2 17 1 3 11 2 3 13 1 4 11 1 4 14 1 4 17 1 5 12 1 5 14 1 5 15 1 6 12 1 6 14 1 6 15 1 7 9 1 7 13 1 8 16 1 9 16 1 10 17 1 12 16 1
R 5809 54 81 6 46199 3 4 5 2 0 1 4 0 3 5 3 1 0 3 2 4 2 5 1 2 4 0 2 1 1 2 3 3 1 0 1 3 0 5 2 1 0 2 5 0 1 3 2 4 0 4 2 5 0 4 3 1 4 3 0 1 2 4 5 3 5 1 2 2 4 0 4 1 5 0 3 1 3 5 0 4 3 5 4 5 2 | 18 24  0 8 1 0 12 1 0 13 1 1 9 2 1 14 1 2 10 1 2 14 1 2 17 1 3 10 2 3 15 1 4 11 1 4 15 1 4 16 1 5 11 2 5 16 1 6 12 1 6 13 1 6 17 1 7 13 1 7 15 1 7 17 1 8 12 1 8 14 1 9 16 1
R 61031 54 81 6 351 3 4 5 0 1 2 0 2 3 1 5 2 0 5 1 0 1 2 5 4 3 1 2 3 4 5 0 1 3 2 2 0 1 3 4 2 0 2 3 1 3 4 0 3 5 0 2 5 1 4 5 0 3 1 0 1 2 3 5 4 4 5 1 3 4 0 4 2 3 5 3 4 0 1 2 4 5 1 2 0 5 | 18 25  0 7 1 0 12 1 0 13 1 1 8 1 1 13 1 1 14 1 2 9 2 2 14 1 3 10 1 3 12 1 3 13 1 4 10 1 4 14 1 4 15 1 5 11 1 5 16 1 5 17 1 6 11 2 6 16 1 7 15 1 7 17 1 8 15 1 8 17 1 9 16 1 10 12 1
R 79699 54 81 6 118 3 4 5 2 3 0 2 4 5 3 4 1 0 1 2 1 2 3 0 5 4 1 2 3 1 0 3 1 0 2 3 0 2 0 2 4 5 4 3 2 4 3 1 0 5 1 5 2 4 0 1 0 3 1 0 1 2 4 5 1 3 1 0 5 0 2 4 3 5 5 4 0 1 3 2 4 5 2 4 5 3 | 18 25  0 7 1 0 11 1 0 14 1 1 8 2 1 13 1 2 9 1 2 10 1 2 13 1 3 9 1 3 12 2 4 10 1 4 14 1 4 17 1 5 11 1 5 14 1 5 15 1 6 12 1 6 15 1 6 17 1 7 15 1 7 16 1 8 16 1 9 17 1 10 13 1 11 16 1
R 53819 54 81 6 119 3 1 2 0 2 4 2 1 3 0 2 3 1 4 0 2 4 5 1 3 0 0 2 1 3 4 0 5 3 2 3 4 5 1 2 0 0 1 2 0 1 4 4 1 3 2 0 5 4 0 3 1 3 0 4 5 0 1 5 3 0 4 5 1 4 5 3 2 5 3 0 1 5 2 4 3 2 5 1 4 2 | 18 26  0 7 2 0 10 1 1 8 1 1 11 1 1 12 1 2 9 1 2 11 1 2 12 1 3 10 1 3 12 1 3 16 1 4 11 1 4 16 1 4 17 1 5 13 1 5 14 1 5 15 1 6 13 1 6 14 1 6 15 1 7 15 1 8 13 1 8 14 1 9 16 1 9 17 1 10 17 1
R 34457 54 81 6 150 3 4 5 1 3 2 0 3 5 1 0 2 3 4 5 0 2 4 3 1 4 0 1 2 1 2 3 2 4 5 5 4 2 4 1 0 0 2 3 1 0 2 0 3 5 3 0 1 1 4 0 1 2 3 0 1 2 0 4 5 1 2 4 3 4 5 0 1 2 5 3 1 2 5 0 5 4 3 4 5 3 | 18 26  0 8 1 0 12 1 0 14 1 1 9 1 1 12 1 1 13 1 2 9 1 2 16 1 2 17 1 3 10 1 3 14 1 3 17 1 4 10 2 4 15 1 5 11 1 5 13 1 5 14 1 6 11 1 6 16 1 6 17 1 7 12 1 7 15 1 7 16 1 8 13 1 8 15 1 9 11 1
R 57692 54 81 6 64589 3 4 5 3 4 5 0 1 2 1 0 2 3 4 0 5 0 3 1 0 2 1 2 3 2 0 4 3 2 1 2 3 0 3 0 2 2 0 5 0 1 4 1 3 4 2 1 0 1 4 3 1 0 4 0 1 2 1 2 0 4 5 3 4 5 3 1 2 5 1 4 2 3 4 5 4 5 3 5 0 5 | 18 24  0 7 1 0 12 1 0 17 1 1 8 1 1 13 1 1 14 1 2 9 2 2 13 1 3 10 1 3 11 1 3 17 1 4 10 1 4 14 1 4 15 1 5 11 2 5 16 1 6 12 2 6 14 1 7 15 1 7 17 1 8 15 1 8 16 1 9 16 1 10 13 1
R 44416 54 81 6 637 3 4 5 4 2 0 2 0 4 1 2 4 1 3 5 0 2 3 4 1 3 1 2 3 1 0 2 1 4 0 0 2 4 5 3 4 1 3 2 0 3 4 3 2 5 0 1 2 0 3 1 4 0 1 0 1 2 3 5 1 3 5 1 5 0 3 0 2 4 4 5 1 0 5 2 4 5 4 2 5 3 | 18 24  0 7 1 0 10 1 0 16 1 1 8 2 1 11 1 2 9 1 2 13 1 2 14 1 3 10 1 3 14 1 3 15 1 4 11 2 4 15 1 5 12 2 5 13 1 6 12 1 6 16 1 6 17 1 7 14 1 7 17 1 8 16 1 9 13 1 9 15 1 10 17 1
R 14862 54 81 6 155 3 4 5 2 1 5 0 4 3 0 3 4 1 2 4 1 2 0 4 1 3 0 2 5 1 2 3 3 4 1 0 1 2 0 2 4 0 2 4 5 2 4 3 2 5 0 1 5 0 3 1 4 0 1 0 1 2 0 3 4 2 5 1 5 1 2 5 0 3 3 5 4 0 5 2 1 3 4 4 5 3 | 18 23  0 8 1 0 11 1 0 16 1 1 9 1 1 10 2 2 9 2 2 12 1 3 10 1 3 14 1 3 15 1 4 11 1 4 14 1 4 15 1 5 12 2 5 15 1 6 13 1 6 16 1 6 17 1 7 13 2 7 16 1 8 14 1 8 17 1 11 17 1
R 68457 54 81 6 285 3 4 5 1 5 2 3 0 2 1 2 3 1 0 4 5 1 0 1 3 4 1 2 3 2 3 4 1 2 0 0 2 3 0 1 3 1 0 4 4 3 5 1 0 2 0 4 2 3 1 0 2 4 1 0 1 2 0 4 3 4 5 1 4 0 5 5 2 3 2 4 3 5 2 0 4 5 5 1 3 5 | 18 27  0 7 1 0 10 1 0 11 1 1 8 1 1 11 1 1 12 1 2 9 1 2 12 1 2 13 1 3 10 1 3 13 1 3 14 1 4 10 1 4 13 1 4 14 1 5 12 1 5 16 1 5 17 1 6 15 1 6 16 1 6 17 1 7 14 1 7 16 1 8 11 1 8 15 1 9 15 1 9 17 1
R 78873 54 81 6 500 3 4 5 5 4 0 2 0 3 1 4 5 1 4 0 3 5 2 1 2 5 1 2 3 1 0 3 3 4 0 4 1 2 2 0 1 0 2 3 1 0 4 3 5 4 3 2 0 0 2 1 1 2 3 0 1 2 2 3 1 1 5 4 2 0 3 3 2 5 4 0 1 4 3 0 4 5 5 4 5 5 | 18 26  0 7 1 0 12 1 0 13 1 1 8 1 1 13 1 1 14 1 2 9 1 2 10 1 2 17 1 3 9 1 3 10 2 4 11 1 4 14 1 4 15 1 5 11 1 5 14 1 5 15 1 6 12 1 6 16 1 6 17 1 7 15 1 7 16 1 8 13 1 8 16 1 9 17 1 11 12 1
R 48084 54 81 6 175 1 2 3 3 0 4 1 2 3 0 4 2 1 4 0 1 2 0 2 0 1 3 4 5 4 5 3 0 3 2 0 2 1 3 1 0 0 1 4 1 2 4 3 1 2 4 5 0 0 3 2 5 0 3 0 4 5 1 2 5 4 5 0 3 5 1 2 3 5 5 4 3 3 5 4 1 2 0 2 1 4 | 18 25  0 7 1 0 10 2 1 8 1 1 12 1 1 13 1 2 9 2 2 13 1 3 10 1 3 11 1 3 17 1 4 11 1 4 13 1 4 14 1 5 12 1 5 14 1 5 15 1 6 12 1 6 16 1 6 17 1 7 16 1 7 17 1 8 14 1 8 15 1 9 15 1 11 16 1
R 32011 54 81 6 2916 3 4 5 0 1 2 3 4 5 1 0 2 5 4 0 1 2 4 5 0 2 3 1 5 1 2 3 2 4 0 4 2 0 0 2 5 1 0 3 0 3 1 2 1 4 1 5 2 0 3 1 5 3 4 0 1 2 3 4 5 1 2 0 3 5 4 1 3 2 3 5 0 3 4 1 4 2 0 4 5 5 | 18 26  0 8 1 0 11 1 0 12 1 1 9 1 1 12 1 1 13 1 2 9 1 2 13 1 2 14 1 3 10 2 3 13 1 4 10 1 4 14 1 4 17 1 5 11 1 5 12 1 5 15 1 6 15 1 6 16 1 6 17 1 7 15 1 7 16 1 7 17 1 8 11 1 8 14 1 9 16 1
R 61238 54 81 6 122 3 4 5 2 3 1 0 1 4 2 0 4 3 4 0 1 0 2 4 3 5 1 2 3 0 1 2 3 4 1 1 5 0 5 3 1 0 2 3 3 0 2 0 1 4 2 0 4 4 3 2 2 4 1 0 1 2 4 5 0 2 5 3 3 5 1 2 1 5 4 5 3 0 2 1 4 5 3 5 0 4 | 18 25  0 7 1 0 12 1 0 14 1 1 8 1 1 13 1 1 17 1 2 9 2 2 15 1 3 10 1 3 12 1 3 13 1 4 10 1 4 15 1 4 17 1 5 11 1 5 16 1 5 17 1 6 11 2 6 16 1 7 13 1 7 14 1 8 14 1 8 15 1 9 16 1 10 12 1
R 65517 54 81 6 236 3 4 5 2 4 3 0 2 3 1 0 2 1 0 4 1 0 2 3 4 5 1 2 3 3 5 1 1 3 2 0 2 5 0 4 2 4 0 3 5 2 0 0 1 3 2 1 4 5 4 1 1 3 0 0 1 2 0 1 5 4 5 1 3 4 5 2 5 3 3 4 5 1 0 2 4 5 2 4 0 3 | 18 23  0 7 1 0 10 1 0 14 1 1 8 1 1 11 2 2 9 2 2 12 1 3 11 1 3 14 1 3 17 1 4 12 2 4 15 1 5 13 2 5 14 1 6 13 1 6 15 1 6 17 1 7 10 1 7 15 1 8 16 1 8 17 1 9 16 1 10 16 1
R 82038 54 81 6 271 3 4 5 1 0 2 4 3 5 2 1 3 0 1 2 0 1 4 1 0 3 1 2 3 2 5 1 5 1 0 2 1 4 4 1 3 3 0 2 0 2 5 1 0 4 0 4 5 2 0 1 2 4 3 0 1 2 4 3 5 2 0 1 4 0 5 3 5 4 2 5 3 5 2 4 4 5 3 0 3 1 | 18 25  0 7 1 0 13 1 0 14 1 1 8 1 1 13 1 1 14 1 2 9 1 2 10 1 2 15 1 3 9 1 3 11 1 3 17 1 4 10 2 4 12 1 5 11 2 5 16 1 6 12 1 6 15 1 6 16 1 7 13 1 7 16 1 8 14 1 8 17 1 9 15 1 12 17 1
R 32600 54 81 6 112 3 4 5 1 5 2 0 3 1 1 0 2 3 4 0 0 2 1 2 4 5 5 0 1 1 2 3 2 0 1 5 2 0 0 2 3 1 0 4 3 1 4 2 0 3 0 4 1 2 1 0 1 5 3 0 1 2 3 4 0 4 2 5 3 4 5 1 5 2 3 4 5 1 3 0 2 3 4 5 4 5 | 18 26  0 8 1 0 11 1 0 12 1 1 9 1 1 11 1 1 13 1 2 9 1 2 13 1 2 14 1 3 10 2 3 13 1 4 10 1 4 16 1 4 17 1 5 12 1 5 14 1 5 15 1 6 14 1 6 15 1 6 17 1 7 15 1 7 16 1 7 17 1 8 12 1 8 16 1 9 11 1
R 2 54 81 6 132 3 1 2 0 4 1 0 4 3 2 3 0 1 2 0 4 3 1 3 4 1 0 4 2 0 3 5 0 2 1 3 4 1 3 4 0 0 2 3 1 3 0 1 4 0 2 4 3 5 3 4 1 2 0 4 5 0 3 2 5 2 5 1 1 4 5 4 5 3 2 5 0 2 5 0 1 5 3 1 2 4 | 18 19  0 9 2 0 10 1 1 9 1 1 11 2 2 10 2 2 12 1 3 11 1 3 13 1 3 17 1 4 12 2 4 14 1 5 13 2 5 15 1 6 14 2 6 16 1 7 15 2 7 17 1 8 16 2 8 17 1
R 2723 54 81 6 1159 1 2 3 1 0 2 0 4 1 3 0 4 5 1 4 4 2 3 1 2 0 1 2 3 3 4 5 4 2 0 0 2 1 4 1 3 3 4 0 3 1 2 4 0 2 1 0 3 2 5 4 5 3 0 0 4 5 3 5 4 3 2 5 5 2 1 0 2 3 1 0 5 5 3 4 5 0 4 1 2 1 | 18 24  0 8 1 0 10 2 1 9 2 1 13 1 2 10 1 2 12 1 2 13 1 3 11 1 3 15 1 3 17 1 4 11 2 4 16 1 5 12 1 5 13 1 5 14 1 6 12 1 6 14 1 6 15 1 7 15 1 7 16 1 7 17 1 8 14 1 8 17 1 9 16 1
R 3534 54 81 6 75 3 1 2 0 2 3 2 0 1 3 4 1 4 0 3 0 2 3 1 0 4 4 2 1 0 2 1 1 3 2 1 4 0 3 0 1 3 4 5 4 0 2 1 2 0 1 4 3 2 5 4 4 3 1 4 5 0 4 5 1 3 4 5 2 5 0 2 5 1 1 4 5 3 5 2 3 5 0 3 0 2 | 18 21  0 8 2 0 12 1 1 9 2 1 13 1 2 10 1 2 11 1 2 17 1 3 10 2 3 16 1 4 11 2 4 16 1 5 12 1 5 14 1 5 15 1 6 13 2 6 15 1 7 14 2 7 15 1 8 16 1 9 17 1 12 17 1
R 57400 54 81 6 970 1 2 3 3 2 4 1 0 3 5 2 1 1 0 2 3 2 4 0 4 1 3 4 5 4 1 2 4 3 0 3 1 5 4 2 5 0 2 1 2 0 1 3 0 4 0 4 2 0 3 4 3 0 1 0 4 5 0 5 1 2 5 4 0 3 4 4 3 5 0 1 5 3 2 5 1 2 3 5 1 2 | 18 24  0 7 1 0 12 2 1 8 1 1 13 1 1 14 1 2 9 2 2 13 1 3 10 1 3 11 1 3 17 1 4 10 1 4 15 1 4 17 1 5 11 2 5 16 1 6 12 1 6 14 1 6 15 1 7 16 1 7 17 1 8 13 1 8 14 1 9 15 1 10 16 1
R 11160 54 81 6 90780 1 2 3 0 4 1 2 4 3 0 2 4 0 1 5 2 3 5 5 1 0 1 4 2 3 4 5 0 2 1 5 1 4 5 3 4 4 5 0 1 2 3 3 4 0 5 4 0 2 0 1 0 1 3 0 4 5 3 2 5 0 1 5 3 5 1 2 3 4 0 1 4 3 4 2 0 5 3 1 2 2 | 18 25  0 8 1 0 9 2 1 9 1 1 14 1 1 16 1 2 10 1 2 12 1 2 17 1 3 10 1 3 13 1 3 14 1 4 11 1 4 16 1 4 17 1 5 11 2 5 16 1 6 12 1 6 13 1 6 15 1 7 13 1 7 14 1 7 15 1 8 15 1 8 17 1 10 12 1
R 67014 54 81 6 131 3 4 5 0 1 2 1 4 2 1 2 0 0 1 3 1 5 4 4 5 0 1 2 3 4 2 3 2 3 4 0 2 3 1 0 4 0 5 2 4 5 1 4 3 0 0 2 1 3 5 2 1 0 4 0 1 2 5 3 4 0 5 3 4 3 5 5 2 4 2 0 3 3 1 2 4 5 1 0 1 5 | 18 27  0 7 1 0 10 1 0 11 1 1 8 1 1 11 1 1 16 1 2 9 1 2 11 1 2 12 1 3 10 1 3 13 1 3 14 1 4 10 1 4 13 1 4 15 1 5 14 1 5 16 1 5 17 1 6 15 1 6 16 1 6 17 1 7 12 1 7 17 1 8 12 1 8 13 1 9 14 1 9 15 1
R 46890 54 81 6 154 3 4 5 0 1 2 3 0 4 3 1 4 0 1 2 1 0 4 2 3 5 1 2 3 2 3 5 2 4 0 0 4 5 2 1 4 5 3 4 1 0 4 3 4 1 2 0 1 0 5 2 2 0 1 0 1 2 4 3 5 1 5 2 2 0 5 3 5 4 2 5 3 0 1 4 5 4 0 1 3 3 | 18 24  0 7 1 0 10 1 0 13 1 1 8 1 1 13 1 1 14 1 2 9 2 2 14 1 3 10 1 3 11 1 3 17 1 4 11 2 4 16 1 5 12 1 5 15 1 5 17 1 6 12 2 6 15 1 7 13 1 7 17 1 8 14 1 8 16 1 9 16 1 10 15 1
R 7060 54 81 6 285 1 2 3 0 4 1 2 3 0 0 4 2 0 3 1 3 4 1 2 1 0 1 0 2 3 4 5 0 2 1 3 4 0 1 3 4 1 3 0 1 2 4 3 0 2 5 1 2 3 2 0 4 0 1 0 4 5 3 2 5 1 4 5 5 3 1 2 4 5 2 0 5 5 3 4 4 5 3 1 2 0 | 18 25  0 8 1 0 9 2 1 9 1 1 10 2 2 10 1 2 12 1 2 13 1 3 11 1 3 13 1 3 14 1 4 11 1 4 14 1 4 17 1 5 12 1 5 13 1 5 14 1 6 12 1 6 15 1 6 16 1 7 15 1 7 16 1 7 17 1 8 16 1 8 17 1 11 15 1
R 85657 54 81 6 166 3 4 5 1 0 2 1 0 2 2 0 5 0 5 3 4 1 0 0 1 4 1 2 3 2 4 1 5 2 4 2 4 3 0 2 3 0 1 3 1 3 4 1 0 2 4 1 5 2 1 5 3 1 0 0 1 2 3 4 5 3 4 5 1 3 4 1 2 4 5 3 2 5 3 2 4 5 0 5 0 0 | 18 27  0 7 1 0 11 1 0 12 1 1 8 1 1 12 1 1 13 1 2 9 1 2 11 1 2 12 1 3 9 1 3 15 1 3 17 1 4 10 1 4 13 1 4 14 1 5 10 1 5 14 1 5 15 1 6 11 1 6 16 1 6 17 1 7 16 1 7 17 1 8 13 1 8 14 1 9 16 1 10 15 1
R 78307 54 81 6 104 3 4 5 0 1 2 1 2 5 4 0 3 5 1 2 1 4 0 5 3 1 1 2 3 2 3 0 0 2 3 0 2 5 2 1 3 1 0 4 2 0 1 4 3 0 5 3 4 0 2 4 3 4 1 0 1 2 4 3 5 4 3 0 5 1 2 0 4 3 3 5 2 4 2 0 4 5 1 5 5 1 | 18 26  0 7 1 0 9 1 0 12 1 1 8 1 1 12 1 1 17 1 2 9 1 2 10 1 2 17 1 3 11 1 3 16 1 3 17 1 4 11 2 4 16 1 5 13 1 5 14 1 5 15 1 6 13 1 6 14 1 6 15 1 7 10 1 7 12 1 8 15 1 8 16 1 9 13 1 10 14 1
R 66424 54 81 6 75 3 4 5 1 0 2 1 0 2 0 1 2 3 4 5 0 3 1 1 0 4 1 2 3 2 4 0 2 4 5 0 2 3 0 1 4 0 3 1 2 4 3 2 3 0 3 1 0 1 3 4 0 2 5 0 1 2 3 4 5 3 5 4 5 3 4 2 0 1 5 2 4 5 2 3 4 5 5 1 0 1 | 18 27  0 7 1 0 10 1 0 11 1 1 8 1 1 10 1 1 16 1 2 9 1 2 11 1 2 15 1 3 10 1 3 11 1 3 12 1 4 12 1 4 16 1 4 17 1 5 13 1 5 16 1 5 17 1 6 14 1 6 15 1 6 17 1 7 14 1 7 15 1 8 12 1 8 13 1 9 13 1 9 14 1
