B 1 60 90 SAT 0 5 4 3 0 2 5 0 1 3 4 1 4 2 1 2 3 0 5 3 4 2 0 5 1 5 2 3 2 4 2 5 3 1 5 0 1 0 4 3 4 5 2 5 4 3 0 2 1 5 3 1 4 2 4 2 1 2 3 1 1 1 4 3 4 2 2 5 3 2 0 1 3 0 1 5 1 4 2 4 0 5 3 0 0 3 5 5 4 0
B 2 60 90 SAT 5 1 2 5 0 1 3 1 2 0 3 4 4 2 3 5 3 1 0 2 5 1 4 3 4 2 0 4 3 1 4 1 5 0 1 2 5 3 0 0 4 1 5 2 4 3 0 1 2 0 3 4 1 0 3 4 2 2 5 1 0 2 0 4 3 5 4 1 2 3 5 2 0 1 3 4 2 5 1 4 5 3 2 5 0 1 5 4 0 3
B 3 60 90 SAT 2 0 4 5 2 0 3 0 5 3 4 1 3 1 4 2 5 0 0 4 2 3 2 1 4 3 1 1 4 2 1 0 5 3 0 2 5 3 4 2 1 0 5 2 3 4 3 2 0 3 1 4 1 2 1 3 0 3 2 4 3 3 2 1 4 5 1 2 0 5 4 3 0 1 4 1 0 5 2 4 5 3 5 0 4 5 2 1 0 5
B 4 60 90 SAT 5 3 0 3 1 2 0 4 2 1 4 2 4 0 3 5 1 4 0 5 4 3 2 1 5 3 0 1 4 5 5 2 1 1 2 0 5 0 2 4 2 3 2 0 3 3 5 4 5 3 1 0 1 4 0 1 2 3 5 4 2 0 3 4 5 3 4 1 3 1 5 0 5 1 4 1 0 2 2 4 0 3 5 2 5 3 4 2 0 1
B 5 60 90 SAT 2 1 4 3 2 4 0 5 3 4 5 0 2 1 5 1 3 5 1 0 4 1 4 5 0 3 1 4 3 2 1 0 3 1 3 0 5 0 2 3 5 2 1 5 4 4 3 1 4 5 2 0 1 2 3 0 4 1 5 0 0 5 2 5 2 4 3 1 4 1 0 4 0 3 2 0 2 5 1 3 0 4 3 5 5 2 1 3 2 4
B 6 60 90 SAT 1 4 2 3 0 5 4 5 2 4 1 0 3 0 5 2 3 4 2 3 1 1 4 3 2 4 5 2 5 1 2 5 3 0 4 2 1 0 4 3 2 1 3 1 5 2 0 5 0 3 2 4 1 5 3 4 0 5 2 1 0 1 0 5 3 1 3 2 5 5 0 4 4 2 0 4 1 3 1 5 4 3 2 0 2 5 1 4 0 3
B 7 60 90 SAT 5 0 1 2 5 0 5 3 1 4 2 0 3 5 4 4 5 2 2 4 0 1 3 5 1 0 5 1 3 4 1 4 0 5 4 0 2 1 3 4 2 5 2 5 3 2 5 0 0 3 5 4 1 0 1 2 4 3 2 1 2 3 2 1 3 2 4 0 5 3 1 0 4 0 1 4 1 3 1 4 2 3 2 5 5 0 3 0 4 5
B 8 60 90 SAT 5 2 1 0 5 3 4 3 2 1 3 2 4 1 2 0 1 5 0 5 3 4 3 2 4 0 2 3 1 0 1 3 5 4 2 5 1 0 3 0 4 1 5 4 2 5 4 3 0 3 2 1 2 3 4 0 1 3 0 4 4 4 0 1 0 3 2 5 4 3 5 2 0 3 1 1 0 2 4 1 5 4 0 5 2 5 3 5 1 2
B 9 60 90 SAT 3 5 4 1 3 5 5 2 4 1 0 2 3 5 0 2 4 5 2 1 0 0 4 3 3 0 1 4 0 5 4 5 1 3 0 4 0 1 5 5 0 3 1 5 3 0 5 1 3 2 4 1 3 0 2 0 4 5 1 4 1 0 3 2 5 1 4 3 2 1 4 2 4 0 2 2 3 4 0 5 1 4 5 2 1 3 5 0 2 3
B 10 60 90 SAT 2 5 4 2 4 1 5 1 3 5 0 2 0 1 3 0 2 3 3 2 0 4 3 2 4 2 1 4 3 1 3 1 4 3 5 4 0 2 1 5 3 0 4 5 2 4 1 0 0 2 3 0 1 2 1 3 0 3 2 4 0 5 0 0 1 2 3 4 5 4 1 2 3 1 0 2 5 3 4 1 5 3 4 5 4 5 2 1 0 5
B 11 60 90 SAT 5 2 1 2 4 1 4 5 0 0 4 1 0 3 4 5 3 2 0 1 3 4 3 1 2 5 1 0 4 2 1 5 0 5 4 1 3 2 0 3 4 2 5 3 1 3 0 1 2 0 4 2 5 3 3 1 0 1 2 4 3 3 2 0 3 2 4 5 1 0 1 5 2 0 4 2 5 4 1 5 3 4 0 1 4 2 5 3 0 5
B 12 60 90 SAT 2 1 5 5 4 1 1 0 3 3 4 0 0 3 2 2 4 5 3 2 0 4 1 2 1 2 4 4 3 1 3 1 2 0 4 2 0 1 5 2 4 0 2 4 0 1 3 4 1 0 2 1 3 0 4 1 3 3 2 4 0 0 4 3 5 1 4 2 3 3 5 1 1 3 5 2 5 0 4 5 3 4 5 2 2 0 5 1 0 5
B 13 60 90 SAT 3 1 4 5 2 1 4 0 3 0 2 5 1 0 5 2 0 5 2 4 1 4 3 1 0 4 3 4 2 1 1 0 2 4 2 5 0 1 5 2 0 1 0 1 3 0 1 2 3 4 5 2 0 4 3 1 0 4 5 3 0 3 5 0 1 3 2 4 3 5 4 3 2 5 4 3 4 5 2 0 1 1 5 3 4 5 2 2 1 0
B 14 60 90 SAT 2 1 4 4 1 0 5 3 1 1 2 5 3 4 0 0 2 5 2 4 5 1 3 4 2 3 0 4 3 1 0 3 1 5 1 0 3 5 4 2 5 3 1 0 4 2 0 1 3 2 5 4 2 1 1 0 3 2 0 4 0 5 2 3 4 2 2 0 1 4 0 1 5 3 2 3 5 4 1 0 4 3 0 5 4 5 2 3 1 5
B 15 60 90 SAT 1 5 2 1 3 4 4 0 5 2 3 5 2 0 1 5 4 3 2 0 4 3 2 1 4 3 1 3 4 2 2 4 3 5 3 1 1 2 3 4 0 2 0 4 2 5 0 4 0 3 1 4 1 2 1 3 0 3 2 4 0 0 1 2 0 4 5 4 0 3 1 5 3 1 5 2 3 1 2 4 5 3 5 0 4 5 2 1 0 5
B 16 60 90 SAT 2 3 1 1 5 0 3 0 2 2 4 0 4 3 1 5 4 2 3 1 0 2 1 4 4 0 5 0 4 3 4 0 2 5 2 1 4 1 3 0 3 4 3 4 2 0 5 4 5 1 0 0 2 1 1 3 0 2 4 3 5 3 1 4 3 0 2 5 0 2 1 5 0 1 5 3 2 1 4 3 2 4 5 3 4 5 2 5 0 1
B 17 60 90 SAT 1 3 4 0 1 3 1 4 0 4 0 3 1 5 4 0 2 4 1 3 0 3 1 5 0 5 3 4 2 1 3 2 0 5 4 3 0 4 1 0 3 4 1 4 0 3 0 1 5 1 4 3 5 4 0 5 2 1 3 5 5 4 5 2 1 0 5 2 3 2 5 1 5 3 2 2 5 4 0 3 2 2 0 1 1 4 3 2 4 0
B 18 60 90 SAT 1 5 2 0 5 3 5 4 3 1 5 3 2 0 4 1 2 0 5 4 2 1 2 4 0 3 5 4 3 1 1 3 2 3 0 5 5 2 0 1 4 2 4 1 0 4 1 3 0 4 5 0 2 3 0 3 2 1 4 5 0 4 0 2 1 4 4 3 1 0 5 3 2 3 5 2 5 0 1 3 2 1 5 4 4 1 5 3 0 2
B 19 60 90 SAT 0 1 4 2 3 0 5 4 1 4 0 5 0 2 1 3 2 5 1 2 0 4 2 0 3 5 2 4 5 1 0 5 1 1 5 4 2 0 3 4 2 0 1 4 0 5 2 4 3 2 1 3 5 0 1 5 3 3 0 4 3 4 3 2 3 0 1 4 5 3 5 1 5 3 2 1 3 0 0 4 5 2 4 1 2 4 0 5 1 2
B 20 60 90 SAT 3 4 2 0 1 5 1 3 4 1 5 3 2 4 0 1 0 4 5 4 0 2 3 1 1 5 3 1 5 2 2 5 4 0 3 5 2 5 1 0 4 1 1 3 4 3 0 4 0 3 5 5 0 2 1 3 0 2 1 4 0 3 0 4 1 2 0 3 4 5 2 3 5 2 0 1 2 5 4 2 1 3 4 1 5 2 4 5 0 3
B 21 60 90 SAT 1 4 2 2 4 1 2 0 3 5 4 0 5 2 3 0 4 1 5 3 2 0 1 4 4 2 5 2 0 3 1 3 4 4 0 5 2 0 1 4 5 2 0 5 4 3 5 0 1 5 2 3 2 1 4 0 2 5 3 4 5 0 5 3 1 2 5 3 4 0 1 3 3 1 2 2 4 1 4 0 3 5 0 4 1 5 3 2 0 1
B 22 60 90 SAT 1 5 3 2 5 0 4 1 3 4 2 0 2 1 5 4 1 5 2 3 1 0 3 2 0 4 2 4 3 1 0 4 5 5 2 0 4 0 5 1 3 2 1 2 5 0 4 3 0 2 1 2 4 3 1 3 0 3 4 2 0 3 2 4 3 1 2 1 3 4 5 0 3 0 4 2 5 1 4 5 3 0 5 1 4 5 2 1 0 5
B 23 60 90 SAT 1 5 3 0 4 2 5 1 3 4 2 0 2 1 5 5 3 0 4 1 2 1 2 4 0 4 2 4 3 1 3 5 4 5 2 1 1 0 4 1 5 2 1 4 5 4 2 0 0 2 1 2 4 3 1 3 0 3 4 2 0 1 2 4 3 0 2 5 3 3 4 0 2 3 0 1 5 3 4 5 3 0 5 1 4 5 2 1 0 5
B 24 60 90 SAT 2 5 3 1 2 5 2 3 4 4 0 5 3 1 2 1 3 0 4 0 2 4 3 5 1 5 2 4 3 1 4 3 5 5 0 1 2 4 0 0 1 5 3 2 1 2 4 0 3 0 4 1 5 3 1 5 3 3 2 4 0 0 1 4 3 2 1 3 5 4 2 3 4 5 0 5 1 3 5 1 2 0 2 4 4 0 2 1 0 5
B 25 60 90 SAT 2 4 3 1 3 5 5 3 0 3 4 2 1 0 2 4 3 0 0 4 5 1 2 3 5 1 2 5 3 0 4 1 0 2 0 4 5 1 4 2 1 3 3 0 1 2 4 5 4 2 5 5 3 2 1 4 0 1 5 0 1 4 5 2 1 5 0 3 2 0 4 5 2 4 5 0 1 3 1 0 3 1 4 0 2 5 3 2 3 4
B 26 60 90 SAT 2 5 0 4 1 0 3 2 4 2 1 5 2 1 5 3 0 4 3 1 4 2 5 0 3 2 1 0 4 3 5 0 3 4 0 5 4 1 2 2 3 0 1 4 5 1 2 5 1 0 3 4 2 1 0 3 2 3 4 2 1 2 1 4 3 2 3 0 5 4 5 1 3 0 2 3 0 4 2 4 5 5 0 3 4 1 5 0 5 1
B 27 60 90 SAT 2 1 4 0 2 5 2 5 0 0 5 3 5 1 4 0 2 3 2 4 1 3 0 5 2 3 1 5 3 1 3 0 2 4 3 5 1 4 5 3 4 2 2 5 1 5 0 1 0 4 1 2 0 3 2 3 0 4 1 2 0 4 4 1 2 1 3 0 2 1 0 5 3 4 0 3 2 4 3 2 5 5 1 4 1 4 5 3 5 0
B 28 60 90 SAT 5 1 3 2 1 5 1 3 4 0 2 5 5 4 2 3 5 2 3 1 0 2 0 4 4 3 1 3 2 5 4 2 3 2 3 4 5 3 0 2 4 1 4 5 1 3 2 0 1 0 4 4 1 2 1 3 0 3 0 2 4 0 0 1 0 1 2 4 1 0 5 3 2 3 0 4 1 5 3 2 5 3 5 0 4 5 2 4 1 5
B 29 60 90 SAT 1 3 0 2 4 5 4 2 1 3 2 0 1 2 3 5 2 1 2 3 0 3 5 2 5 4 1 5 4 3 5 3 1 4 5 1 5 2 1 3 2 0 3 4 5 2 1 0 1 2 0 5 4 3 1 3 4 1 2 3 2 1 0 4 0 3 3 4 0 4 5 1 0 1 2 5 4 3 3 5 4 1 0 2 5 0 2 5 4 0
B 30 60 90 SAT 0 1 3 1 5 3 1 0 2 3 4 2 0 2 5 0 3 1 4 5 0 5 3 1 2 5 0 3 5 2 2 3 5 5 4 1 3 4 0 5 1 4 5 4 1 2 0 1 0 2 3 5 2 3 0 1 3 3 5 2 4 0 4 1 3 2 5 2 1 2 3 0 2 3 0 5 4 3 4 1 5 4 1 0 5 2 4 0 1 4
B 31 60 90 SAT 4 0 2 5 4 2 3 5 0 3 1 5 0 4 5 2 5 0 1 2 3 4 3 0 4 3 2 2 5 0 0 4 5 3 2 0 5 1 3 3 0 2 4 1 2 4 1 2 3 0 5 2 4 1 2 0 3 5 0 4 3 1 1 2 1 4 2 0 4 1 4 5 0 5 3 5 3 0 2 1 4 0 3 5 4 1 5 3 2 1
B 32 60 90 SAT 4 3 0 0 3 1 3 1 2 2 5 0 2 5 3 4 0 5 3 4 2 4 5 1 1 4 2 5 0 1 4 2 1 3 4 1 1 4 2 5 2 3 4 3 0 4 2 0 2 1 0 4 2 3 3 1 0 2 0 4 2 4 0 3 0 2 5 0 3 1 4 0 2 1 5 5 1 3 4 3 5 1 0 5 4 2 5 5 1 3
B 33 60 90 SAT 1 0 4 3 4 5 2 5 3 1 5 0 4 5 0 3 2 1 0 3 2 4 2 1 0 3 5 2 4 0 0 4 2 0 2 5 4 1 2 0 3 1 1 0 3 3 2 5 1 5 4 3 0 4 5 2 0 4 3 5 5 1 1 3 3 4 0 5 3 2 4 5 2 4 5 0 1 4 3 2 0 5 2 1 4 3 1 2 1 0
B 34 60 90 SAT 3 2 1 0 4 1 5 0 2 0 4 2 2 0 1 5 4 3 0 5 3 1 5 0 0 3 5 1 4 2 2 4 5 3 5 1 1 0 3 4 0 3 4 3 2 0 5 1 3 0 2 5 1 2 5 0 4 1 3 2 0 3 3 1 4 2 4 2 5 5 1 2 5 1 0 3 4 2 4 5 1 3 0 4 2 3 1 5 4 0
B 35 60 90 SAT 5 0 1 2 4 0 3 1 0 5 4 2 5 2 1 3 4 5 4 1 3 3 5 2 4 3 0 1 4 0 0 5 1 0 3 1 2 1 3 3 0 2 1 3 0 4 0 2 5 2 4 3 4 2 1 3 5 3 2 4 2 3 2 3 4 2 4 0 5 4 5 1 5 2 4 3 5 1 3 0 1 1 0 5 0 4 2 1 0 5
B 36 60 90 SAT 3 5 1 2 4 0 4 2 3 3 5 2 1 2 4 0 3 4 1 0 5 4 0 1 3 0 1 1 0 3 0 3 2 4 0 1 5 1 2 4 2 1 4 1 0 3 5 1 0 2 1 0 5 2 0 4 3 3 2 4 2 5 1 4 5 2 0 3 4 0 5 3 3 2 5 0 4 2 4 3 5 1 4 3 1 2 5 1 0 5
B 37 60 90 SAT 2 1 0 3 4 5 4 0 5 2 1 5 3 4 0 5 2 0 2 4 1 4 3 1 5 3 4 0 3 1 3 1 0 0 2 3 3 2 5 4 1 5 1 4 0 0 4 2 3 1 5 4 2 1 4 0 2 3 2 4 5 2 2 4 1 4 1 0 4 3 2 0 3 2 5 3 1 5 4 2 0 3 0 5 1 3 5 0 1 5
B 38 60 90 SAT 3 5 0 5 0 2 1 0 5 3 1 4 3 4 2 0 2 1 3 5 2 1 5 0 1 0 4 3 1 2 4 3 0 4 2 0 3 2 5 0 4 1 2 1 0 3 2 1 3 0 2 5 0 4 3 2 5 4 1 2 2 4 2 1 3 5 4 1 0 3 2 5 4 3 5 0 4 5 1 5 4 3 1 2 4 0 1 0 3 5
B 39 60 90 SAT 4 2 5 4 5 3 0 2 3 1 3 0 1 2 4 5 4 2 0 2 3 5 3 4 3 5 0 2 1 5 5 3 1 0 2 5 1 3 4 2 4 3 5 4 3 1 0 5 2 1 3 5 0 4 1 4 3 5 0 2 1 0 4 3 1 4 0 2 5 5 1 0 1 2 0 3 4 2 5 0 4 3 1 2 5 0 2 4 1 3
B 40 60 90 SAT 5 2 4 3 5 1 0 5 1 0 4 5 2 0 3 0 3 2 1 5 2 3 0 4 4 1 2 4 1 5 3 1 4 0 2 5 3 5 4 4 2 5 2 0 3 0 3 1 1 2 0 4 3 1 1 3 0 5 2 4 3 0 2 1 4 3 0 2 1 3 1 0 4 1 5 2 4 5 5 4 3 0 2 5 4 5 2 1 0 3
B 41 60 90 SAT 4 3 2 1 3 5 5 0 2 1 3 5 2 5 0 0 3 4 5 1 2 4 3 1 1 2 4 2 0 1 2 3 1 3 5 4 0 4 1 1 4 5 3 4 2 1 0 2 2 5 0 1 4 2 3 1 0 3 2 4 0 4 4 1 0 2 5 2 3 3 2 0 1 0 5 4 5 3 1 4 3 3 0 5 4 2 5 1 0 5
B 42 60 90 SAT 1 3 4 5 3 0 2 0 1 2 3 4 2 5 0 1 4 3 5 1 2 4 3 1 2 4 0 2 0 1 3 4 0 3 0 4 5 1 4 0 4 5 3 5 1 2 5 4 2 0 5 1 4 2 1 3 0 3 2 4 5 4 5 2 1 5 0 2 3 3 2 1 4 0 2 1 0 3 4 1 3 3 0 5 4 5 2 1 0 5
B 43 60 90 SAT 5 3 2 1 0 5 0 5 1 0 2 4 3 0 5 3 2 0 3 1 2 4 3 1 1 2 5 2 3 0 3 1 4 0 3 4 4 5 1 4 2 5 3 0 2 2 5 3 1 2 4 0 1 2 1 3 0 3 2 4 4 4 2 1 2 5 0 3 2 3 1 0 4 1 5 4 0 1 0 3 5 3 4 5 4 5 2 1 0 5
B 44 60 90 SAT 1 3 5 5 0 3 3 5 4 4 0 1 3 4 2 0 4 2 5 0 1 1 2 5 5 2 0 1 3 4 0 1 3 2 3 1 5 4 2 3 4 2 1 5 2 0 1 4 3 0 4 2 0 5 5 0 3 4 2 1 4 2 2 0 4 5 1 0 3 1 0 5 0 3 4 2 5 3 1 5 2 1 4 3 2 1 4 3 0 5
B 45 60 90 SAT 0 5 3 0 5 1 2 5 4 3 4 2 2 4 1 0 2 1 3 4 0 3 5 2 2 3 0 1 2 0 4 3 1 5 1 2 0 4 1 0 4 1 0 2 4 3 2 1 3 0 2 5 0 4 1 0 3 3 2 4 1 4 0 4 3 0 2 3 5 2 3 5 1 5 3 0 5 4 1 4 5 3 2 1 4 5 2 1 0 5
B 46 60 90 SAT 2 5 3 0 5 3 1 2 5 2 5 0 4 1 2 4 3 1 3 0 5 1 2 4 0 1 3 4 3 2 4 3 1 5 0 4 0 1 5 2 1 3 1 4 2 1 5 3 0 1 4 3 4 2 3 1 0 3 2 4 4 1 0 1 2 3 4 3 2 0 4 5 3 0 5 4 0 2 2 3 5 1 0 5 4 2 5 1 0 5
B 47 60 90 SAT 5 0 1 3 1 4 3 5 4 5 2 3 5 2 0 3 2 0 1 4 5 4 3 1 1 4 2 2 4 1 0 4 3 0 3 1 3 5 4 2 3 1 2 3 4 0 5 2 3 1 0 4 1 2 4 5 0 3 4 2 3 0 2 2 5 4 2 1 0 4 0 5 1 0 5 4 3 1 4 2 5 3 5 0 1 3 2 1 0 5
B 48 60 90 SAT 2 5 4 0 2 4 4 3 1 3 5 2 2 3 0 0 5 2 4 3 1 1 5 3 3 1 5 1 4 0 0 5 1 5 0 2 5 1 0 2 0 3 4 5 3 1 5 2 1 4 0 5 2 3 3 4 5 0 1 2 0 5 2 3 1 4 3 4 2 1 5 4 0 1 2 0 3 4 5 2 3 1 4 0 1 0 2 3 5 4
B 49 60 90 SAT 2 5 4 5 1 2 4 1 5 0 1 3 3 4 2 0 2 1 3 4 0 3 5 2 3 4 2 4 3 1 2 3 4 5 1 2 3 2 1 0 4 1 4 0 3 4 2 1 3 0 2 5 0 4 1 0 3 3 2 4 1 0 0 3 4 0 0 4 5 3 2 5 2 5 1 3 0 5 1 4 5 3 2 1 4 5 2 1 0 5
B 50 60 90 SAT 1 5 0 5 1 3 2 5 4 4 2 1 3 2 0 3 0 5 4 0 2 2 1 4 2 3 1 4 3 1 4 3 1 5 4 0 1 2 0 0 4 1 4 3 5 3 2 4 1 0 2 1 4 0 1 3 0 3 4 2 4 0 0 2 3 1 3 4 5 2 3 5 0 1 2 1 0 5 4 3 5 2 5 3 4 5 2 1 0 5
B 51 60 90 SAT 1 5 0 3 0 4 1 2 5 1 2 4 0 3 2 3 0 5 3 5 2 4 1 3 4 0 1 1 4 0 5 4 1 3 5 4 1 2 0 0 4 1 1 0 3 0 5 2 0 1 3 4 2 5 1 3 0 2 3 4 3 2 0 2 0 1 4 5 3 3 5 2 4 5 2 4 1 3 4 2 5 1 0 3 4 5 2 1 0 5
B 52 60 90 SAT 4 5 2 1 5 2 1 5 3 4 3 1 5 3 0 4 5 2 0 4 2 1 5 4 2 1 4 4 2 0 2 3 1 5 1 2 4 3 5 3 1 2 4 0 3 0 2 1 4 0 1 4 5 2 3 0 4 0 5 2 0 3 0 3 0 4 1 0 2 4 0 5 5 2 1 4 3 5 2 3 5 1 0 3 2 1 5 1 3 4
B 53 60 90 SAT 3 4 1 3 0 2 5 2 3 1 0 2 2 0 5 3 4 1 4 5 3 5 1 0 1 2 4 4 1 0 4 3 1 2 5 4 0 3 4 5 3 1 1 5 0 0 1 3 0 5 2 1 3 5 1 5 4 4 0 2 5 5 0 0 3 1 2 1 5 4 0 2 4 3 2 4 5 2 1 4 3 4 0 2 0 2 3 1 3 5
B 54 60 90 SAT 0 5 3 1 5 2 5 2 4 1 4 3 4 0 2 2 3 0 3 5 4 2 5 0 4 3 1 4 3 1 4 3 1 5 1 2 0 2 4 0 3 5 0 1 3 1 0 4 0 5 3 3 4 2 2 0 4 3 4 2 2 0 0 4 0 3 1 3 5 4 1 2 2 5 4 3 5 2 1 4 2 1 0 5 1 3 5 1 0 5
B 55 60 90 SAT 0 4 5 1 5 0 3 4 0 2 5 1 4 0 1 4 5 2 3 4 2 4 3 2 1 5 0 0 4 3 0 2 1 4 1 3 2 0 5 2 4 1 2 0 5 4 5 0 5 3 2 2 5 0 1 4 3 3 4 0 3 2 5 2 0 5 1 4 3 3 0 5 4 3 1 2 3 1 1 0 4 4 1 3 0 5 2 2 5 1
B 56 60 90 SAT 4 5 0 3 5 1 5 2 3 0 5 4 2 1 3 2 0 1 3 2 5 2 4 5 2 1 4 2 0 3 4 3 1 2 5 4 4 3 5 3 0 4 1 3 0 2 0 5 1 5 3 0 2 3 1 2 4 3 4 2 3 4 0 1 3 0 2 0 1 2 5 1 2 5 4 1 3 4 4 0 2 4 1 5 0 3 5 1 0 5
B 57 60 90 SAT 1 5 0 5 2 4 4 0 3 2 4 1 3 0 2 0 2 1 4 1 5 5 2 3 0 2 3 4 1 0 5 3 0 3 5 1 2 4 0 1 5 3 0 2 4 2 3 4 0 1 4 1 4 3 3 1 0 0 2 5 4 3 1 2 0 4 3 1 5 0 4 2 3 1 5 0 1 5 2 3 5 5 0 2 5 2 4 3 1 4
B 58 60 90 SAT 5 0 3 5 2 1 2 5 4 2 4 0 2 1 3 0 3 5 0 4 3 1 2 4 3 4 5 3 0 2 1 3 5 0 4 3 2 1 3 5 0 4 5 2 4 2 3 4 4 1 3 0 5 1 2 0 3 5 0 1 1 4 0 2 1 5 4 0 5 3 2 1 3 0 1 1 0 5 5 0 2 3 4 2 1 5 4 4 3 2
B 59 60 90 SAT 3 5 4 1 4 5 4 1 0 0 2 3 5 4 3 2 0 1 4 5 3 2 1 0 2 4 5 2 5 1 5 2 0 5 2 3 3 1 4 1 3 5 1 2 0 4 3 0 0 5 4 5 1 3 1 2 3 2 5 4 1 3 3 0 4 1 2 0 5 2 4 0 5 3 4 2 5 1 1 2 3 2 4 0 0 5 4 0 3 1
B 60 60 90 SAT 3 2 5 0 2 1 4 3 2 3 4 0 2 4 5 4 2 3 5 1 2 4 3 1 5 4 0 3 1 0 0 2 3 2 0 5 4 1 2 3 4 1 1 3 4 0 4 2 3 1 4 2 5 1 3 1 0 3 2 4 1 4 1 4 1 3 0 3 5 5 0 2 0 2 5 5 1 3 2 0 5 0 3 4 4 2 5 1 0 5
B 61 60 90 SAT 5 2 4 1 5 2 1 3 0 3 0 1 4 2 5 3 4 0 5 1 4 5 1 2 0 4 2 4 3 1 0 4 3 2 1 5 3 5 0 0 1 4 3 4 0 3 2 4 1 2 0 2 5 4 1 3 0 3 2 4 3 0 2 0 4 3 1 4 2 3 2 5 5 1 2 5 0 1 4 3 5 0 3 1 4 5 2 1 0 5
B 62 60 90 SAT 3 5 1 2 1 4 5 2 4 5 2 0 1 0 3 4 0 3 3 4 0 3 5 2 2 4 1 4 3 1 1 4 2 0 5 3 0 3 1 2 0 1 4 1 0 2 0 4 2 4 0 5 0 4 0 1 3 3 2 4 0 0 0 2 1 4 4 5 2 3 4 5 3 2 5 1 5 3 1 5 3 3 2 1 4 2 5 1 0 5
B 63 60 90 SAT 2 1 5 2 3 4 3 5 1 0 4 1 5 1 2 4 5 3 1 3 0 0 3 4 4 3 2 4 5 1 1 2 5 1 4 2 3 2 0 2 0 5 3 5 1 4 0 5 1 0 4 4 3 5 3 4 1 1 4 0 0 0 4 3 5 0 4 5 1 1 3 4 2 4 0 2 3 1 2 5 3 0 1 2 5 2 0 2 5 3
B 64 60 90 SAT 1 3 4 0 1 2 0 4 2 4 5 2 1 5 3 3 2 0 3 0 4 5 4 0 5 2 1 2 3 1 3 5 4 2 3 0 1 0 4 3 4 1 4 1 0 1 4 2 3 2 5 5 0 2 4 1 0 3 4 5 0 4 1 5 1 4 2 3 5 5 0 2 3 2 5 5 0 3 1 4 0 3 4 1 3 5 2 1 2 0
B 65 60 90 SAT 3 5 2 1 2 3 1 3 0 4 0 2 3 1 5 4 5 1 4 0 1 5 4 2 0 2 3 4 3 2 4 0 3 5 0 2 4 1 2 0 1 3 4 3 0 3 2 4 4 2 0 2 5 0 3 2 4 3 4 1 4 0 2 1 3 4 0 5 3 4 5 2 1 2 5 5 0 1 3 5 1 4 3 1 0 1 5 2 0 5
B 66 60 90 SAT 0 4 3 2 1 3 0 5 3 3 5 4 2 4 5 4 1 2 0 2 1 0 4 2 2 1 0 4 5 3 3 4 0 4 5 0 0 2 5 0 4 1 1 2 3 1 4 5 3 0 2 3 0 4 0 4 5 2 1 3 5 0 1 2 1 3 1 4 3 5 2 3 4 0 5 2 0 3 5 4 1 5 1 2 1 3 2 0 4 5
B 67 60 90 SAT 5 2 1 5 2 4 2 5 4 0 3 1 5 2 3 3 4 5 5 1 2 2 4 1 0 4 2 4 3 1 4 3 1 2 3 4 0 5 1 5 0 4 2 5 1 1 5 0 3 2 4 2 4 3 1 3 0 3 2 4 3 0 0 0 5 1 4 3 2 1 2 3 4 0 3 3 4 2 1 0 5 0 5 1 4 5 2 1 0 5
B 68 60 90 SAT 0 3 2 5 1 3 3 0 4 5 1 4 3 2 0 0 2 1 3 4 5 1 5 2 1 2 3 4 3 5 4 5 1 3 4 0 0 1 4 0 5 1 5 3 2 1 2 3 5 2 4 0 2 4 5 3 1 3 4 2 4 0 2 1 2 5 5 2 3 4 3 2 0 1 4 5 4 0 1 0 3 1 3 5 4 0 2 5 0 1
B 69 60 90 SAT 1 0 2 1 2 3 1 5 0 5 4 0 2 5 1 3 5 4 5 1 2 5 3 2 2 3 1 4 3 1 0 2 3 0 3 1 5 1 0 1 0 2 5 2 0 4 5 2 3 1 4 4 5 3 1 2 4 3 2 4 4 0 4 5 2 4 3 4 2 5 3 4 1 3 4 3 0 1 2 0 5 1 0 2 0 3 5 1 0 5
B 70 60 90 SAT 1 3 0 1 5 2 2 5 4 4 3 0 1 2 5 3 5 4 2 4 1 5 1 2 4 0 3 4 3 1 4 3 1 2 3 5 4 1 0 1 0 3 4 1 0 1 5 0 3 2 4 2 5 0 1 2 4 3 2 4 2 0 0 4 1 0 5 3 2 4 5 2 2 3 5 3 4 2 1 0 5 3 4 1 0 3 5 1 0 5
B 71 60 90 SAT 1 0 3 1 5 2 0 2 3 4 0 2 3 5 1 4 2 1 0 3 4 5 4 1 3 2 0 0 3 1 4 1 2 2 4 1 4 1 0 1 4 3 3 4 2 2 5 0 4 0 5 1 4 3 2 3 4 1 0 5 4 4 5 5 3 0 2 3 5 0 5 2 1 0 5 1 4 3 2 1 3 5 2 0 1 0 5 4 2 3
B 72 60 90 SAT 2 0 3 5 2 3 0 2 4 5 1 3 0 5 3 2 4 5 0 1 5 4 1 2 4 3 2 4 3 1 4 5 1 0 1 3 2 5 0 1 5 3 2 1 4 5 3 2 1 0 3 4 5 0 4 1 3 3 2 4 1 0 3 5 2 4 4 1 3 4 0 2 0 3 5 1 4 0 5 4 2 1 2 3 2 0 5 1 0 5
B 73 60 90 SAT 2 1 5 3 0 5 3 0 2 4 1 3 0 2 1 2 5 4 4 5 3 0 2 4 4 3 1 1 5 0 4 1 3 0 1 5 2 3 0 4 2 5 1 3 0 3 5 4 1 5 0 5 4 2 1 2 3 0 4 2 0 2 5 3 2 4 4 5 1 1 0 3 4 2 5 0 1 2 4 3 2 1 3 0 0 5 4 5 1 3
B 74 60 90 SAT 1 3 5 2 5 0 5 2 4 4 2 1 3 0 5 4 0 1 2 4 3 1 3 2 5 2 3 0 4 5 3 4 0 3 4 5 0 1 5 3 1 0 1 4 2 0 1 2 0 3 4 5 1 2 2 4 0 1 3 5 0 1 1 2 0 1 4 3 2 4 5 2 3 0 5 3 5 4 5 1 2 0 4 3 3 1 5 4 0 2
B 75 60 90 SAT 1 5 4 4 5 0 5 1 4 0 3 2 1 0 5 3 1 2 3 5 4 5 1 2 4 0 3 3 0 2 4 3 1 2 5 4 1 2 4 5 1 0 3 1 0 3 1 0 1 0 5 3 5 0 1 2 4 3 2 4 2 1 0 0 1 3 3 5 0 3 4 2 2 4 5 2 4 5 3 4 2 2 4 1 0 3 5 1 0 5
B 76 60 90 SAT 0 5 2 1 2 3 1 5 3 1 4 3 0 3 5 2 4 5 4 0 2 1 2 5 4 1 2 4 3 1 4 3 1 3 1 5 4 0 5 0 2 1 1 0 3 2 5 0 4 1 3 3 4 2 1 3 0 3 2 4 3 0 0 4 0 2 1 2 3 4 5 3 5 4 2 4 1 3 2 0 5 1 0 5 4 5 2 1 0 5
B 77 60 90 SAT 5 3 1 0 2 4 0 1 2 0 2 1 4 0 5 3 4 0 0 1 3 3 5 0 1 4 5 1 4 2 3 4 1 4 3 1 5 0 2 5 2 0 3 1 2 0 4 2 1 4 5 5 0 1 1 5 0 4 5 3 2 5 5 0 5 2 4 3 1 1 4 3 4 5 0 3 1 5 3 2 0 3 4 2 4 3 2 2 1 0
B 78 60 90 SAT 4 1 0 2 0 4 3 5 0 5 2 1 0 3 2 5 2 4 4 5 3 4 1 0 0 5 2 4 3 1 0 1 3 3 5 4 2 4 0 3 5 0 1 2 4 5 2 0 3 1 2 5 2 0 1 3 5 4 0 3 3 5 2 2 0 1 5 3 1 1 4 2 3 5 0 1 4 3 4 0 5 1 3 4 0 2 4 2 5 1
B 79 60 90 SAT 0 3 5 0 2 5 5 0 3 1 4 0 5 4 1 3 2 0 1 0 2 3 5 4 4 5 1 1 3 2 3 4 1 2 1 3 2 0 4 1 4 5 3 0 4 0 2 5 5 4 2 0 3 2 1 5 2 1 4 3 2 4 2 4 5 0 1 3 5 3 2 0 1 2 5 1 3 4 1 3 0 4 1 5 4 0 3 5 2 0
B 80 60 90 SAT 5 3 4 2 5 4 0 2 4 0 2 5 1 3 5 0 3 1 4 0 5 0 2 1 0 4 5 4 3 1 4 3 2 3 0 5 1 5 4 1 5 0 3 0 4 1 2 4 2 0 1 5 1 4 0 3 2 4 1 0 1 0 1 2 1 4 0 3 2 3 4 2 1 2 5 3 0 5 4 3 5 2 3 0 5 1 4 3 5 2
B 81 60 90 SAT 0 5 2 2 5 4 1 2 3 1 2 5 5 4 1 1 0 3 2 3 4 2 4 5 4 1 2 4 3 1 4 3 1 5 1 3 0 4 2 1 5 0 3 2 4 2 4 0 1 5 3 2 0 1 4 1 3 3 2 4 3 0 0 4 0 2 1 3 5 3 4 2 1 0 5 5 3 1 4 0 2 4 5 3 2 0 5 1 0 5
B 82 60 90 SAT 1 2 3 2 5 4 2 5 0 5 0 2 1 2 5 4 1 3 3 1 4 5 1 2 4 3 1 4 3 1 0 3 2 2 0 3 1 5 0 1 0 5 3 2 4 1 4 0 4 1 2 2 5 4 3 1 0 3 2 4 0 0 4 5 1 4 4 3 2 3 4 2 1 0 5 3 5 2 3 0 5 0 3 1 4 2 5 1 0 5
B 83 60 90 SAT 5 2 1 2 5 4 2 5 4 0 2 5 1 3 5 4 3 2 4 5 3 2 0 1 1 4 0 4 3 1 4 3 5 3 2 5 4 5 2 1 5 0 3 0 4 1 2 3 5 4 1 0 5 4 3 0 2 3 0 4 3 0 0 4 1 0 0 3 1 3 4 2 1 2 5 4 5 0 0 2 3 3 1 2 4 5 1 1 5 2
B 84 60 90 SAT 5 0 4 1 5 4 0 5 2 0 3 1 2 3 5 1 2 4 3 0 5 5 1 4 1 4 3 4 2 3 4 1 0 1 0 5 2 3 4 5 0 2 3 1 4 0 4 5 1 3 0 2 4 0 1 3 5 3 4 2 2 0 3 3 2 4 1 5 0 3 4 1 2 0 5 1 3 2 5 4 2 1 3 5 4 0 2 1 0 5
B 85 60 90 SAT 2 0 3 2 5 4 0 5 3 5 2 1 5 1 3 2 3 4 5 1 0 2 4 5 1 3 2 4 3 1 2 3 1 1 4 3 2 5 4 0 5 3 1 2 4 5 2 0 2 0 3 5 4 3 1 4 3 1 2 4 4 0 4 5 0 2 1 3 0 1 4 2 3 0 5 4 1 3 5 4 1 1 2 0 2 0 5 3 0 5
B 86 60 90 SAT 5 1 2 2 5 4 5 1 3 0 2 5 1 4 5 3 4 2 3 0 2 2 0 4 4 2 1 4 3 1 4 3 1 3 0 5 4 5 2 1 5 0 3 2 4 0 2 4 1 2 3 0 4 1 1 3 0 3 2 4 3 0 0 4 1 2 0 3 1 3 4 2 1 0 5 3 5 1 4 0 5 2 5 3 4 5 2 1 0 5
B 87 60 90 SAT 5 1 4 2 5 4 0 5 1 1 3 5 2 3 1 0 3 5 5 2 3 5 4 1 4 0 3 4 3 1 2 3 0 2 1 5 3 5 4 1 5 0 3 2 4 2 0 3 4 5 0 0 2 1 4 1 3 3 4 5 2 0 4 3 0 4 0 2 1 3 4 2 1 0 5 5 4 1 3 2 1 4 3 5 0 2 5 2 0 1
B 88 60 90 SAT 3 1 4 3 5 2 5 0 2 2 4 5 0 1 5 3 2 5 1 3 4 2 4 1 4 0 3 0 2 4 2 3 1 1 2 5 3 5 4 1 5 2 4 1 3 2 0 4 3 1 0 5 2 4 1 4 5 3 4 2 5 1 4 0 3 4 2 1 0 4 0 3 0 2 5 3 1 5 4 5 2 0 3 1 3 2 0 1 0 5
B 89 60 90 SAT 5 2 0 1 4 5 2 1 4 4 1 3 2 3 0 1 2 0 1 5 3 4 0 5 4 0 3 5 0 3 4 3 1 2 1 5 1 5 0 4 0 2 3 2 1 2 4 3 5 0 1 0 1 4 1 3 0 3 0 4 1 2 0 3 0 4 4 2 3 3 5 1 0 5 4 1 5 0 4 3 2 3 2 5 4 2 5 5 1 2
B 90 60 90 SAT 1 3 2 1 5 4 2 5 4 5 0 1 2 3 0 0 5 2 1 5 3 2 4 1 0 5 2 4 0 3 4 0 1 3 4 1 0 4 2 5 0 2 3 2 1 5 2 4 0 5 3 2 1 5 0 1 4 3 2 4 4 2 3 0 2 5 5 3 1 3 4 1 0 4 5 1 3 0 1 4 2 0 4 3 2 5 3 0 1 5
B 91 60 90 SAT 1 2 4 3 5 1 1 5 4 4 0 1 2 3 5 3 0 2 2 0 5 3 5 1 0 4 2 2 0 3 4 3 1 3 0 1 3 1 2 5 0 4 3 2 4 5 0 1 0 1 4 2 4 3 5 0 3 3 4 2 3 4 0 5 2 4 0 5 4 2 3 1 0 1 5 3 4 2 2 5 3 0 1 5 4 1 2 1 0 5
B 92 60 90 SAT 0 2 3 1 5 0 1 2 3 3 1 5 2 4 5 1 5 2 4 3 1 2 0 4 3 1 2 0 2 3 4 3 1 2 5 0 1 4 0 4 5 2 3 1 4 2 4 1 0 1 3 3 2 4 1 3 0 3 2 4 4 4 0 1 4 3 5 2 3 3 0 1 2 0 5 5 0 3 4 2 5 1 0 5 4 5 2 1 0 5
B 93 60 90 SAT 4 2 3 0 5 4 0 5 3 1 0 3 5 2 0 5 1 0 1 5 2 4 0 2 1 3 4 1 4 3 4 3 5 2 0 3 5 0 4 1 2 4 3 0 2 2 1 3 4 0 5 1 5 0 1 3 0 5 4 1 0 2 1 5 4 1 1 2 3 3 5 0 1 4 5 4 0 5 2 3 1 3 4 2 4 5 2 2 3 0
B 94 60 90 SAT 5 3 1 2 5 4 1 2 3 0 5 3 1 3 2 5 0 4 2 3 4 1 5 2 4 0 1 4 3 1 4 3 0 3 0 2 5 4 1 1 5 0 3 2 4 5 2 4 1 5 3 1 0 2 0 2 3 3 5 4 2 0 5 4 1 5 0 2 3 3 4 2 1 0 5 0 1 3 4 0 2 4 5 3 1 4 5 2 0 1
B 95 60 90 SAT 2 3 0 1 5 0 2 5 4 4 5 3 5 3 2 5 1 2 1 0 2 1 4 3 4 0 3 0 2 3 4 3 1 3 1 0 5 2 0 4 5 2 3 1 4 4 5 2 3 1 0 0 1 4 1 3 0 3 2 4 1 4 0 5 2 4 4 1 3 3 0 1 2 0 5 1 3 0 4 5 2 3 2 5 4 5 2 1 0 5
B 96 60 90 SAT 3 1 5 1 0 5 0 2 3 4 0 2 3 1 4 4 3 1 0 5 2 5 1 2 4 5 2 5 2 3 5 3 1 1 4 5 3 2 5 3 4 1 2 4 0 2 3 4 5 0 1 0 5 1 4 2 3 5 4 0 0 4 4 2 3 0 4 1 0 2 5 0 3 5 1 5 1 0 2 3 4 2 4 3 5 1 0 1 3 2
B 97 60 90 SAT 2 1 5 3 0 5 1 5 3 4 3 0 2 4 0 1 0 4 0 5 2 5 3 1 0 4 2 4 5 1 3 0 4 0 1 5 3 4 5 1 0 2 3 2 4 2 4 3 2 0 5 4 2 1 3 5 0 3 2 0 3 2 2 4 2 3 0 1 2 4 5 3 1 5 0 0 1 5 4 3 1 3 0 5 4 2 1 5 1 4
B 98 60 90 SAT 2 1 4 3 1 4 4 5 1 1 2 0 0 5 3 2 0 4 5 2 1 3 0 5 0 4 3 4 0 2 2 1 3 0 1 4 2 5 4 5 0 1 2 3 5 0 5 4 3 0 1 2 0 5 0 5 2 3 1 4 5 5 0 3 5 2 0 3 1 2 4 3 0 4 1 3 1 2 2 4 5 3 1 4 3 4 1 5 0 2
B 99 60 90 SAT 2 3 5 1 5 0 1 2 0 4 1 5 2 3 5 3 2 0 2 1 4 4 3 1 5 4 1 0 2 3 4 0 5 3 0 5 2 1 0 4 5 2 3 1 4 4 3 0 5 1 0 5 4 2 1 3 0 3 4 2 0 4 3 1 2 4 4 3 5 3 0 1 2 0 5 5 1 2 4 3 2 3 0 1 4 5 2 1 0 5
B 100 60 90 SAT 5 4 3 4 5 0 1 2 3 1 2 4 4 1 5 3 2 0 3 4 5 4 1 2 1 2 5 2 0 1 4 3 1 4 2 5 5 1 0 1 3 0 3 4 2 4 0 2 1 3 0 1 5 0 4 3 1 3 2 4 0 3 0 1 0 3 2 3 4 2 5 4 1 0 5 5 1 3 5 4 2 4 2 3 2 0 5 1 0 5
B 101 60 90 SAT 1 2 4 3 1 2 2 5 0 0 4 5 0 3 2 5 1 2 3 5 4 3 5 2 0 4 1 5 0 3 0 3 1 3 2 5 1 0 4 0 4 2 3 5 4 1 4 3 0 3 2 5 4 0 1 3 5 3 2 4 3 4 4 0 1 4 5 2 3 5 3 1 0 1 2 5 0 2 4 1 5 3 2 1 0 4 2 1 0 5
B 102 60 90 SAT 1 0 4 2 5 4 1 5 4 5 2 0 5 3 1 2 3 5 4 0 3 5 0 2 4 5 1 4 3 1 4 0 1 3 0 4 1 5 4 1 0 5 3 2 4 5 2 3 0 4 2 0 5 1 4 3 0 1 2 5 3 0 2 5 1 2 2 3 0 3 4 2 1 0 5 4 1 0 1 5 3 3 4 2 1 2 5 0 4 3
B 103 60 90 SAT 4 3 0 2 5 4 1 5 3 1 5 2 5 2 1 4 0 2 3 0 2 2 1 4 1 0 3 4 3 1 4 3 1 2 1 0 4 2 3 1 5 0 3 2 4 5 0 2 0 2 1 1 4 0 1 3 0 3 4 2 2 0 0 5 3 4 1 0 5 3 4 2 1 0 5 3 1 4 4 3 5 2 5 3 4 5 2 1 0 5
B 104 60 90 SAT 5 3 2 1 5 0 2 5 4 4 5 1 1 3 2 0 5 3 1 0 2 4 1 2 0 1 3 0 2 3 4 3 1 0 4 2 5 1 3 4 5 2 3 1 0 5 1 4 1 0 4 4 2 0 1 3 0 3 2 4 4 4 0 1 3 5 0 2 4 3 0 1 2 4 5 0 3 2 3 2 5 1 5 3 4 5 2 1 0 5
B 105 60 90 SAT 2 3 1 3 0 5 2 5 4 0 4 5 1 5 2 3 2 0 0 4 3 5 1 2 4 1 3 4 1 0 4 3 1 5 0 2 2 5 1 0 1 3 4 2 5 3 0 5 1 5 4 2 4 0 1 3 0 3 2 4 5 2 0 4 1 3 0 3 4 4 2 5 1 0 3 4 1 2 3 2 0 1 5 3 5 4 2 1 0 5
B 106 60 90 SAT 1 5 3 2 5 1 0 5 4 4 2 0 3 0 5 5 1 0 1 4 2 0 3 1 2 3 5 4 1 0 1 2 4 5 2 1 1 0 3 4 3 5 0 3 2 3 4 0 5 1 4 1 3 2 4 1 5 3 0 4 4 3 3 0 3 4 2 5 4 0 1 2 4 1 5 2 5 1 2 3 0 0 4 5 3 2 0 1 2 5
B 107 60 90 SAT 5 4 2 2 5 4 5 2 4 0 2 3 5 4 1 3 1 0 3 2 5 3 1 2 3 2 1 4 3 1 4 3 5 4 0 3 5 0 4 1 0 5 3 2 4 5 2 0 2 3 0 5 1 2 1 3 0 3 2 4 0 0 0 1 5 2 3 1 2 3 4 2 1 0 5 3 1 4 1 4 5 3 4 0 4 5 2 5 0 1
B 108 60 90 SAT 3 2 5 2 5 4 5 1 0 1 2 3 1 0 2 0 5 2 5 4 3 4 1 3 1 4 2 4 3 1 4 3 5 4 2 5 0 3 2 1 5 0 3 2 0 1 4 0 3 1 0 4 5 2 5 3 2 4 1 2 0 0 2 1 0 3 4 5 1 3 4 2 1 4 5 5 2 3 4 2 5 3 1 0 4 0 1 3 5 0
B 109 60 90 SAT 1 5 2 3 2 1 2 5 3 4 0 1 2 3 5 3 0 5 4 0 2 4 1 2 3 0 1 5 0 3 4 3 1 3 5 1 0 1 2 4 0 2 3 5 4 1 4 5 0 4 2 1 0 3 4 0 3 3 2 4 4 4 0 0 2 4 3 5 4 5 3 1 0 1 2 0 3 2 1 3 5 4 5 2 2 1 5 1 0 5
B 110 60 90 SAT 4 3 1 5 1 4 1 4 3 2 0 5 1 5 3 4 0 5 4 2 3 0 5 1 0 1 4 4 3 0 0 3 5 3 0 4 4 5 1 3 2 1 2 5 4 0 2 1 3 0 2 4 5 2 5 1 3 2 0 4 2 2 2 5 1 2 0 3 2 0 4 5 3 0 1 4 5 3 1 4 5 0 3 1 0 2 4 5 3 1
B 111 60 90 SAT 5 3 1 2 5 4 2 5 4 0 2 5 1 3 2 0 3 5 5 3 2 4 2 1 0 2 1 4 3 1 4 3 1 3 0 5 2 5 4 1 5 0 3 2 4 1 4 2 1 4 0 0 2 3 1 5 0 3 2 4 4 0 0 2 1 4 0 3 1 3 4 2 1 0 5 5 0 3 2 3 5 4 1 5 3 4 2 1 0 5
B 112 60 90 SAT 5 3 1 2 3 5 2 5 4 0 2 4 1 4 3 3 0 5 3 0 2 4 1 2 4 1 0 4 5 1 4 3 1 3 0 5 5 4 2 1 3 0 2 4 0 5 1 2 0 4 2 0 1 4 1 3 0 3 2 4 2 0 0 4 1 2 0 3 1 4 5 2 1 5 3 0 4 3 1 3 5 3 2 5 4 5 2 1 0 5
B 113 60 90 SAT 1 2 3 2 5 4 1 5 3 5 0 3 1 4 5 4 2 0 2 0 5 3 1 4 3 4 2 4 3 1 4 3 1 4 0 2 0 5 1 1 0 5 3 2 4 3 0 5 4 3 0 4 0 1 1 0 3 3 4 2 0 0 0 5 1 3 4 2 3 3 4 2 1 0 5 2 4 1 1 2 5 2 3 5 4 5 2 1 0 5
B 114 60 90 SAT 5 3 2 4 5 3 1 5 3 1 4 2 1 0 5 5 4 0 3 2 0 4 1 2 1 2 4 2 3 1 4 3 1 3 4 5 5 1 0 1 0 3 2 4 0 1 2 0 2 1 0 5 0 3 4 0 1 3 2 4 0 0 0 1 0 2 4 3 2 2 5 4 1 3 5 4 5 3 4 3 5 4 1 2 2 3 5 1 0 5
B 115 60 90 SAT 5 1 3 2 5 4 2 5 3 0 2 5 1 4 2 3 4 5 4 0 2 4 1 2 3 2 1 4 3 1 4 3 1 4 0 5 2 5 1 1 5 0 3 2 4 1 0 2 4 0 3 1 2 0 4 0 3 3 2 4 0 0 0 2 1 3 4 3 0 3 4 2 1 0 5 5 3 4 1 5 2 4 5 3 2 1 5 1 0 5
B 116 60 90 SAT 1 2 4 4 1 2 1 0 2 1 0 3 4 3 5 0 2 4 2 5 0 1 3 0 3 4 1 0 2 5 2 3 4 2 0 5 0 1 4 1 3 2 3 4 0 3 2 0 1 0 4 2 4 3 3 5 0 1 5 2 0 3 5 3 4 1 5 2 3 0 5 4 5 2 1 1 4 5 5 3 2 0 1 5 4 2 1 3 4 0
B 117 60 90 SAT 2 3 1 1 3 5 2 5 4 3 0 4 2 0 5 1 2 5 4 3 1 3 2 5 1 0 2 0 2 3 4 3 1 5 3 1 2 4 0 3 4 2 0 1 4 0 5 4 2 3 1 3 4 2 1 5 0 3 2 4 4 4 0 0 2 4 5 1 3 0 5 1 2 3 5 2 1 3 0 4 5 1 0 5 3 4 2 1 0 5
B 118 60 90 SAT 1 5 4 2 4 5 5 0 2 3 4 2 0 5 1 3 1 5 0 5 2 4 3 0 4 2 1 5 3 1 4 1 2 5 3 1 0 2 5 1 4 0 2 0 5 0 1 3 4 5 0 2 3 0 5 4 3 4 2 1 0 0 3 2 0 4 3 1 4 3 5 2 1 3 4 4 2 5 1 2 3 4 1 5 1 2 0 0 3 5
B 119 60 90 SAT 3 0 2 4 5 1 2 5 1 3 5 4 4 0 5 5 1 2 4 5 0 5 0 4 4 2 3 3 2 1 0 3 2 1 5 2 1 4 0 2 5 0 3 4 0 5 4 1 2 4 5 2 0 4 3 1 0 4 3 5 1 0 4 4 0 3 5 2 3 3 1 4 2 1 5 0 2 3 3 0 1 1 3 5 4 2 5 2 0 1
B 120 60 90 SAT 1 5 4 5 4 1 2 5 0 2 3 0 3 0 2 3 4 5 2 3 5 4 3 1 4 2 1 0 1 2 3 0 4 0 2 1 3 0 5 2 3 5 0 3 4 1 5 2 4 1 0 1 4 3 0 1 3 3 4 2 0 3 1 3 5 4 2 4 1 0 1 4 2 1 5 4 0 3 3 5 2 2 0 5 4 2 5 1 0 5
B 121 60 90 SAT 4 5 3 1 5 3 2 5 4 2 1 5 1 5 2 4 2 0 2 1 4 0 2 5 1 2 3 0 3 1 4 3 1 5 2 4 0 4 3 0 5 1 1 2 4 0 1 2 1 5 0 3 2 4 1 3 5 0 2 4 0 4 0 1 0 3 2 1 5 2 3 4 0 3 5 3 4 5 3 4 2 1 0 5 4 0 2 3 1 5
B 122 60 90 SAT 1 0 3 1 3 5 3 0 2 5 2 4 4 3 0 0 1 2 5 0 3 4 0 1 3 4 1 5 0 4 2 4 1 0 4 2 2 3 5 0 4 1 0 2 3 1 4 2 5 2 3 0 1 2 1 0 5 4 3 5 2 2 5 1 5 3 0 1 4 5 3 2 4 5 1 0 3 5 4 0 1 4 5 3 4 2 3 1 2 0
B 123 60 90 SAT 2 5 1 5 2 3 2 5 3 0 5 4 1 0 4 4 3 2 0 3 2 1 0 4 0 1 2 1 3 5 4 3 0 4 1 5 5 4 2 2 4 3 0 4 3 4 2 1 0 1 3 0 4 2 1 4 3 5 1 0 4 4 1 2 3 0 0 3 1 0 1 5 1 2 5 3 0 5 4 5 2 1 3 5 5 2 0 4 3 2
B 124 60 90 SAT 5 4 2 5 3 4 2 4 5 3 0 2 4 5 2 5 1 4 1 3 0 3 4 5 2 1 5 4 1 3 1 3 2 1 4 2 0 4 5 3 0 5 5 0 1 3 0 5 3 4 2 3 0 5 2 1 4 2 0 4 0 0 0 5 0 3 3 1 2 1 4 2 2 3 4 1 4 2 1 0 5 1 2 4 3 0 5 1 3 5
B 125 60 90 SAT 3 1 0 5 0 2 2 5 4 5 0 1 0 3 2 4 2 5 4 1 3 1 5 2 4 0 5 4 2 1 4 3 1 2 1 5 3 2 5 4 3 0 1 2 0 3 2 4 5 1 0 4 0 2 1 5 0 3 2 4 2 3 0 3 4 0 4 1 0 2 5 1 4 3 5 5 1 0 4 2 3 3 1 5 3 4 2 1 0 5
B 126 60 90 SAT 0 2 3 1 4 5 2 5 4 1 5 3 3 0 2 1 2 5 4 2 0 0 3 5 1 3 2 0 3 4 4 3 1 2 0 5 0 5 1 1 2 3 4 2 3 4 3 5 0 2 5 3 2 1 5 0 3 0 2 4 5 2 0 4 1 3 2 4 3 0 5 4 1 0 5 1 2 0 3 4 1 0 4 5 4 1 2 3 1 5
B 127 60 90 SAT 5 2 1 3 0 5 4 5 1 3 0 1 4 5 2 3 1 5 2 0 4 2 1 4 1 4 3 4 1 0 2 0 4 0 4 2 5 0 3 4 2 1 1 3 2 4 5 1 0 1 2 3 4 5 2 0 1 4 3 0 0 2 3 3 1 5 4 2 1 0 5 3 4 0 5 0 3 2 3 4 5 2 1 0 4 5 3 2 1 5
B 128 60 90 SAT 2 1 5 2 1 4 0 3 2 1 2 3 3 0 4 5 1 4 0 5 3 5 0 2 0 3 1 4 3 1 5 2 0 1 4 5 3 2 4 0 5 3 2 5 4 2 1 4 5 4 3 0 1 3 1 2 0 0 5 4 4 5 4 3 0 2 0 5 1 1 4 2 3 1 0 5 0 3 0 2 1 5 2 4 4 3 5 3 2 1
B 129 60 90 SAT 3 4 2 0 5 1 5 3 0 5 1 0 5 0 2 3 5 4 3 1 4 2 3 5 1 0 4 1 2 4 0 4 1 4 0 5 1 5 2 4 5 3 2 0 3 1 3 2 1 4 5 4 1 5 5 3 0 3 0 2 5 3 2 1 2 3 0 4 3 1 2 0 4 1 5 4 0 5 3 2 0 3 0 2 4 2 1 1 5 4
B 130 60 90 SAT 2 4 3 3 1 0 3 5 1 1 0 2 5 4 2 3 4 5 5 2 0 1 3 4 0 5 4 4 0 3 2 1 0 4 1 2 2 1 4 4 0 5 3 2 1 1 4 2 0 5 4 4 0 3 1 3 0 3 2 5 1 2 4 0 5 3 5 0 3 2 3 1 4 0 5 3 0 5 1 3 2 5 1 2 4 2 5 1 4 0
B 131 60 90 SAT 5 4 2 1 0 3 1 2 4 1 3 2 3 0 4 2 5 1 0 3 5 5 2 1 3 1 5 5 2 0 5 4 3 0 1 2 5 3 0 5 2 4 1 5 4 5 0 4 3 2 0 4 5 0 1 2 3 1 3 0 0 4 0 3 5 4 1 2 4 3 0 1 2 0 3 1 3 2 5 4 1 1 3 2 5 4 0 5 2 4
B 132 60 90 SAT 1 3 0 1 5 0 1 5 0 2 5 0 2 3 5 5 4 2 4 1 2 4 3 1 2 0 3 0 2 3 2 0 1 4 5 0 1 2 0 0 4 2 4 5 2 3 1 4 5 4 0 1 4 2 1 3 0 3 2 4 4 4 4 2 3 1 5 4 3 1 3 5 3 0 1 2 0 5 2 1 3 3 0 5 4 5 2 1 0 5
B 133 60 90 SAT 5 1 0 3 4 5 3 4 5 1 0 2 3 1 2 3 4 2 2 4 1 0 3 1 3 4 5 1 5 4 5 2 3 2 1 4 2 3 0 4 2 5 0 1 5 5 3 0 4 1 3 2 1 0 3 0 4 3 2 5 2 0 0 3 5 0 4 5 1 1 3 0 2 4 3 4 1 2 2 0 5 5 3 4 5 2 1 1 0 4
B 134 60 90 SAT 0 5 3 3 5 2 2 5 4 1 3 2 4 1 0 0 1 3 4 1 2 3 2 0 2 1 0 1 2 4 4 3 1 5 1 4 0 4 2 0 4 3 1 0 2 1 0 2 3 4 0 0 1 2 1 3 0 3 2 4 4 0 0 2 0 3 1 3 5 1 5 2 4 5 3 4 5 3 2 5 1 3 4 5 4 5 2 1 0 5
B 135 60 90 SAT 5 3 0 3 5 2 2 5 4 1 2 3 0 1 3 4 1 0 4 1 2 3 2 4 1 4 5 1 2 5 4 3 1 4 2 0 5 1 3 5 0 2 1 0 2 1 4 2 3 4 0 5 1 2 1 3 0 3 2 4 2 0 0 1 5 3 4 2 0 1 4 3 4 5 3 0 5 3 2 5 1 3 4 0 5 4 2 1 0 5
B 136 60 90 SAT 0 4 1 3 5 1 2 5 4 5 3 2 3 5 0 4 2 3 4 1 2 3 2 0 1 3 4 1 2 4 4 3 1 4 3 2 0 2 1 4 5 3 1 5 2 4 2 0 3 4 0 0 2 1 1 3 0 3 2 4 2 0 0 5 1 0 3 4 5 2 0 1 4 0 3 1 5 3 2 5 1 4 3 5 4 5 2 1 0 5
B 137 60 90 SAT 0 4 5 4 5 3 2 5 4 1 2 0 1 3 5 2 1 5 3 2 0 1 3 4 5 2 4 2 3 4 4 3 1 4 3 0 2 3 5 5 0 4 4 2 5 3 5 0 3 2 1 0 1 4 1 3 0 3 2 4 3 0 0 2 5 1 1 4 0 2 3 1 1 3 0 4 2 1 0 4 5 3 2 5 4 5 2 1 0 5
B 138 60 90 SAT 2 1 5 4 1 3 2 5 0 2 4 1 2 4 0 5 4 2 1 3 0 4 3 1 4 3 1 2 0 3 0 4 2 1 0 5 2 4 5 4 0 3 3 4 2 2 3 5 4 1 0 3 1 2 4 0 3 1 0 2 0 5 3 4 3 2 3 0 1 2 5 1 1 0 5 0 4 1 3 2 5 4 5 0 1 5 2 3 4 5
B 139 60 90 SAT 1 5 2 5 1 0 5 3 2 4 0 3 5 2 0 3 2 0 1 4 5 4 3 1 2 0 4 0 4 1 0 2 3 5 0 3 1 3 2 2 4 0 4 3 2 0 5 2 3 1 0 4 1 2 4 5 0 3 4 2 3 2 4 4 2 1 0 4 5 3 5 1 0 1 5 4 3 1 4 2 5 3 5 0 1 3 2 1 0 5
B 140 60 90 SAT 5 2 3 5 0 1 0 3 5 2 4 1 3 2 4 5 2 0 4 1 5 2 0 1 4 3 1 1 3 0 5 4 3 1 0 5 0 5 4 3 4 0 3 4 2 4 0 2 2 1 5 2 1 5 1 3 0 3 4 2 0 4 2 4 3 2 1 3 2 2 5 1 1 0 5 3 5 1 4 3 0 4 0 3 5 2 4 1 0 5
B 141 60 90 SAT 0 4 3 5 3 0 3 4 5 2 0 1 1 5 2 3 0 4 0 1 2 4 3 1 2 3 4 1 2 5 2 5 0 4 1 3 1 0 4 5 2 0 4 1 2 1 5 4 5 2 1 3 1 4 1 3 0 3 2 0 1 4 1 2 5 0 5 2 3 1 4 3 0 3 5 2 0 3 3 0 4 2 0 5 4 5 2 1 4 5
B 142 60 90 SAT 5 3 2 5 1 2 2 5 4 1 3 5 1 5 3 4 3 0 2 4 5 4 1 2 4 0 2 4 3 1 4 3 1 4 1 5 1 5 0 3 5 2 0 4 1 1 5 0 3 2 4 1 0 2 4 1 3 3 2 4 1 0 0 0 2 3 4 3 2 4 0 1 2 3 5 3 4 2 1 0 5 4 5 3 2 0 5 1 0 5
B 143 60 90 SAT 5 0 1 5 4 0 3 5 0 5 2 3 2 5 0 4 3 1 4 3 5 5 1 2 3 1 4 2 0 4 0 3 1 3 1 0 5 2 1 4 3 2 4 5 0 3 4 2 2 3 0 5 3 0 1 2 4 4 2 3 2 3 4 2 2 4 3 4 0 1 0 5 1 3 2 1 0 5 4 5 1 1 2 4 0 3 5 1 0 5
B 144 60 90 SAT 5 1 0 5 4 0 5 2 3 5 3 0 2 5 0 4 3 1 4 3 5 5 1 2 2 3 1 2 0 4 3 1 4 1 3 0 2 5 4 1 0 3 4 5 0 3 4 2 2 3 0 5 3 0 1 2 4 4 2 3 4 3 2 0 2 4 3 1 0 4 2 5 1 3 2 1 0 5 4 5 1 1 2 4 0 3 5 1 0 5
B 145 60 90 SAT 0 5 2 0 3 5 4 1 5 4 1 3 2 5 3 1 4 5 0 5 3 4 1 2 2 4 3 4 2 0 3 1 0 3 1 5 1 4 2 2 4 1 4 5 3 4 1 2 0 1 3 1 0 3 5 4 0 4 1 5 1 1 4 2 4 0 3 0 5 3 5 0 2 1 0 0 3 5 4 2 5 2 4 5 1 3 2 2 0 3
B 146 60 90 SAT 3 0 5 3 0 5 2 1 0 4 2 3 0 3 1 4 3 2 3 0 2 5 4 1 1 4 5 5 1 4 0 2 5 1 5 3 2 0 4 2 1 3 1 4 0 2 3 5 3 2 1 4 3 1 5 2 0 5 0 3 2 2 1 3 4 0 1 5 3 5 0 4 5 3 2 4 1 0 4 0 5 2 5 0 4 1 3 1 4 2
B 147 60 90 SAT 1 0 5 1 5 2 5 0 4 2 3 0 2 5 0 4 0 3 2 1 4 4 3 1 4 5 3 4 2 0 2 0 4 0 3 1 5 0 2 4 3 2 3 0 2 1 4 3 2 4 0 4 1 2 1 3 0 3 4 2 2 3 3 1 2 4 4 3 1 1 0 5 4 1 5 0 2 5 5 1 3 3 5 0 4 5 2 1 0 5
B 148 60 90 SAT 3 2 0 5 1 2 2 1 4 1 4 5 4 3 1 3 1 2 5 3 4 1 2 0 1 0 4 2 0 3 5 2 0 3 1 5 2 3 4 1 2 5 3 4 0 4 1 0 5 4 2 4 1 5 0 3 2 1 2 3 5 4 4 3 0 2 5 0 1 3 0 4 1 5 2 3 2 5 0 3 1 0 3 2 5 1 4 0 5 4
B 149 60 90 SAT 0 5 4 2 1 4 2 3 5 0 5 1 1 2 0 3 0 5 5 2 4 4 1 2 1 2 0 4 0 5 5 3 1 3 4 1 4 2 5 0 2 5 2 3 4 3 0 1 2 3 4 2 1 5 1 2 0 3 4 0 3 3 2 4 0 2 1 3 0 4 3 1 1 5 0 5 4 2 0 5 1 3 0 4 4 3 5 2 1 5
B 150 60 90 SAT 5 0 1 0 5 2 5 3 2 1 2 4 0 3 4 1 2 5 1 2 5 4 3 0 3 1 0 2 3 4 2 0 4 4 3 1 2 0 5 3 1 0 5 1 4 0 4 2 1 5 4 3 2 1 3 0 1 3 4 1 4 1 3 1 0 5 3 1 4 4 5 2 0 3 2 3 1 5 3 0 2 4 0 5 4 2 5 2 0 5
B 151 60 90 SAT 5 3 1 2 1 5 0 3 1 3 5 4 1 3 0 5 4 2 0 2 4 2 4 3 1 0 5 4 3 1 4 3 1 4 1 5 5 2 3 1 0 4 5 2 0 4 0 3 0 4 1 1 2 4 1 3 0 2 4 0 4 0 0 2 0 2 1 4 0 2 5 3 4 1 3 5 1 2 2 5 3 3 0 5 4 5 2 3 1 5
B 152 60 90 SAT 4 5 3 1 2 0 5 1 2 3 1 5 1 2 0 5 4 3 2 0 4 1 3 4 1 3 2 3 5 0 2 0 4 4 0 3 1 4 3 0 3 1 2 5 4 1 3 4 2 5 0 5 4 2 1 3 0 3 0 2 0 4 1 3 2 5 2 0 5 4 2 5 3 0 1 5 0 2 3 1 4 3 0 1 4 5 2 4 1 5
B 153 60 90 SAT 1 3 5 1 3 5 5 0 1 5 0 4 1 2 3 0 2 5 4 1 2 3 1 4 0 2 3 0 2 3 3 0 1 4 3 0 4 2 5 4 1 0 3 4 5 0 1 4 1 4 3 1 3 2 0 2 3 5 1 4 4 4 2 4 1 5 0 3 1 2 3 5 2 0 1 3 2 5 0 2 5 4 0 5 4 1 5 3 0 2
B 154 60 90 SAT 5 3 0 3 0 1 2 4 1 5 4 0 3 2 0 4 5 3 3 2 4 1 5 3 0 2 5 5 1 2 3 1 5 0 3 4 0 4 1 5 3 4 5 0 2 2 3 4 0 1 4 4 5 3 5 2 1 3 5 0 4 4 2 0 1 5 5 2 3 2 1 0 3 1 4 5 0 1 5 2 3 1 2 0 3 4 0 1 4 2
B 155 60 90 SAT 4 3 5 1 5 3 0 5 2 5 4 1 3 0 4 0 2 1 0 4 3 2 3 1 5 1 4 2 0 5 2 3 4 1 3 5 5 0 3 1 4 2 2 4 5 4 1 0 1 0 2 0 4 3 5 2 0 3 1 2 2 4 0 1 0 2 2 4 1 0 5 3 3 1 0 3 5 2 4 3 5 1 2 5 3 1 4 5 0 4
B 156 60 90 SAT 1 2 5 1 2 5 5 4 3 4 5 0 3 5 1 4 1 0 0 4 3 1 2 4 5 3 2 3 4 2 2 4 0 0 3 1 0 4 5 1 0 3 2 3 4 4 1 2 0 1 3 1 0 2 5 4 0 3 2 4 0 0 3 1 2 4 3 2 1 4 2 5 5 1 0 0 3 5 2 4 5 4 3 5 2 3 1 1 0 5
B 157 60 90 SAT 1 5 3 1 5 0 2 5 0 3 0 5 2 4 5 2 3 4 4 3 1 4 1 2 4 3 1 2 0 1 0 2 3 5 2 0 4 5 0 1 4 2 0 1 5 1 3 0 1 4 2 3 1 0 4 1 3 3 2 4 0 4 4 1 1 3 2 1 3 3 0 5 2 3 4 4 5 2 3 0 5 4 2 5 2 0 5 1 0 5
B 158 60 90 SAT 5 0 2 4 3 5 2 4 0 2 5 1 2 4 3 4 2 1 2 4 1 0 3 5 1 4 2 1 5 3 0 4 3 3 0 1 3 5 0 1 4 5 4 1 5 2 3 4 0 2 5 5 0 1 4 3 1 3 4 2 3 0 1 5 4 5 4 1 2 3 0 2 2 3 0 1 0 5 1 3 4 3 4 2 5 2 0 5 0 1
B 159 60 90 SAT 2 3 4 5 1 2 0 2 3 0 1 5 0 2 5 4 0 3 1 5 0 4 3 2 5 0 3 3 2 1 3 5 4 5 2 1 0 1 3 1 5 3 4 0 1 0 1 2 2 5 0 2 3 0 3 1 5 3 0 4 1 0 0 1 4 3 5 4 2 4 2 0 3 2 5 5 3 4 1 3 4 4 1 5 4 0 2 1 2 5
B 160 60 90 SAT 4 3 5 4 5 3 4 1 2 5 0 2 3 2 4 4 3 1 2 5 4 4 1 5 5 0 1 2 3 1 2 1 3 4 2 5 0 2 5 3 5 1 5 0 4 2 4 0 3 5 2 2 4 0 1 5 3 3 2 4 2 0 0 5 3 0 1 3 4 0 4 2 2 1 3 1 5 3 1 0 4 5 3 1 0 2 4 1 0 5
B 161 60 90 SAT 5 3 0 3 0 4 4 2 5 1 2 3 3 0 5 3 5 1 4 1 2 2 4 5 4 0 3 4 1 0 3 4 0 4 3 1 2 1 3 4 1 2 0 5 2 3 1 0 0 4 1 0 2 3 1 2 4 3 4 2 1 2 2 1 0 2 4 0 5 3 5 0 4 1 3 4 5 2 2 3 5 1 4 5 5 0 3 0 1 5
B 162 60 90 SAT 1 4 5 2 5 4 5 0 3 0 4 1 1 5 2 4 3 0 5 2 4 1 3 0 5 3 1 1 3 2 3 4 1 3 2 4 1 0 2 5 4 3 0 5 2 2 0 3 4 0 1 4 0 5 1 3 2 0 2 5 2 0 0 2 5 0 3 4 5 1 2 0 3 1 4 1 5 4 3 2 5 3 2 1 4 0 5 3 1 4
B 163 60 90 SAT 4 1 5 5 0 1 5 0 2 1 5 3 2 0 5 5 3 4 4 1 2 4 3 1 0 2 1 4 1 2 1 3 2 4 2 5 0 4 1 4 3 2 0 5 3 2 1 5 1 3 0 3 2 4 0 3 1 5 4 3 3 3 0 4 0 3 2 3 5 1 0 5 2 1 4 4 3 0 4 5 2 1 0 5 4 2 5 2 0 1
B 164 60 90 SAT 5 2 4 1 4 5 4 0 3 3 0 1 4 1 5 4 2 0 3 5 2 2 0 5 0 4 3 0 3 1 3 2 5 2 1 5 5 1 0 3 2 5 1 2 0 1 2 4 5 0 4 3 4 1 3 1 0 4 2 3 1 2 0 1 4 3 3 2 4 0 1 4 3 4 5 5 3 0 2 3 1 5 0 2 2 4 5 5 0 1
B 165 60 90 SAT 4 5 1 2 5 0 3 5 2 3 4 1 2 5 0 5 2 0 4 3 2 1 5 4 3 0 1 4 0 1 2 3 1 0 1 4 4 2 0 4 2 3 2 0 3 1 2 5 1 3 0 0 4 2 1 5 3 3 2 4 2 3 0 4 2 3 3 1 5 0 1 5 5 4 1 3 0 4 4 5 2 1 3 5 4 0 2 1 0 5
B 166 60 90 SAT 5 2 3 3 5 1 5 0 1 5 3 1 5 4 1 5 2 4 4 0 5 4 0 2 3 1 2 4 2 1 1 0 3 1 2 0 0 4 2 3 4 1 2 4 1 1 0 5 2 0 3 0 4 5 2 4 1 3 5 0 0 0 4 2 4 3 1 3 5 2 0 5 0 3 5 2 3 4 4 1 5 2 1 3 0 3 5 4 2 1
B 167 60 90 SAT 0 2 5 0 3 4 5 1 3 2 0 3 3 5 0 4 3 5 5 1 2 1 2 0 4 3 2 5 4 1 2 1 0 1 4 0 1 3 2 0 5 2 4 0 5 2 1 3 3 1 4 2 5 4 5 2 3 1 0 2 1 2 3 4 5 2 4 0 5 1 4 3 2 1 3 4 5 0 2 0 5 1 0 3 1 4 0 5 4 3
B 168 60 90 SAT 4 1 3 5 4 2 5 2 1 2 4 5 5 0 4 1 0 3 0 4 2 2 5 1 2 0 3 0 2 1 1 2 4 1 5 4 4 0 3 1 4 2 0 3 2 3 5 2 3 5 0 5 0 1 3 5 2 1 4 0 5 3 0 3 0 3 2 1 5 0 3 5 1 4 5 0 1 4 2 4 1 3 4 2 1 0 4 2 3 5
B 169 60 90 SAT 0 2 5 1 5 3 3 4 2 1 3 0 3 5 1 2 5 0 4 2 1 0 3 4 4 1 2 4 3 1 2 3 1 4 0 1 3 0 2 5 0 1 4 1 0 0 3 2 4 3 1 5 2 4 1 3 0 3 2 4 3 0 4 0 5 2 1 4 5 4 2 3 2 5 3 1 4 5 0 2 5 1 0 3 4 5 2 1 0 5
B 170 60 90 SAT 2 5 0 1 5 0 4 3 1 1 2 5 3 0 4 5 2 0 4 2 3 4 3 1 0 1 5 2 0 1 1 4 2 4 0 2 2 3 0 0 3 4 0 4 1 4 3 1 0 5 4 1 4 2 1 3 0 1 2 4 4 4 3 0 3 1 1 4 5 2 1 5 5 2 3 2 0 5 1 2 3 3 0 5 4 5 2 3 0 5
B 171 60 90 SAT 5 0 2 1 2 5 4 1 5 5 1 3 4 2 5 2 4 5 2 0 3 4 3 1 3 2 0 4 3 1 0 4 3 3 4 0 4 1 2 0 2 3 3 0 5 1 4 2 2 4 5 0 1 3 1 2 4 1 4 2 4 0 1 2 2 1 3 0 5 4 1 5 4 1 2 3 0 5 3 0 1 4 2 5 0 3 5 3 0 5
B 172 60 90 SAT 5 3 0 2 5 4 2 3 5 2 5 4 0 3 1 4 1 5 0 2 3 4 2 1 0 2 5 4 3 1 1 3 4 4 3 1 2 1 0 3 0 2 1 0 2 1 0 5 4 3 2 0 2 4 1 5 0 3 2 4 1 0 2 0 0 2 4 3 5 1 4 5 4 3 5 2 4 3 0 1 5 1 5 3 3 4 2 1 0 5
B 173 60 90 SAT 3 0 5 2 0 3 2 5 0 5 1 2 0 3 4 2 5 3 0 3 4 5 2 4 4 2 0 5 3 1 0 4 3 2 3 4 3 2 0 3 0 1 0 4 2 5 1 3 4 2 1 0 2 1 0 4 3 5 2 4 1 4 2 1 0 1 4 1 5 4 2 5 3 5 1 4 2 0 3 0 5 4 3 5 5 1 2 1 3 0
B 174 60 90 SAT 5 1 2 4 2 0 0 1 4 0 3 2 3 4 1 3 1 5 3 4 5 5 2 1 2 3 0 5 0 4 4 1 2 2 4 5 4 1 0 1 3 0 0 3 4 5 0 1 4 1 2 2 4 3 2 3 0 4 3 5 4 3 0 3 1 0 5 2 3 2 4 5 5 2 1 3 2 4 0 3 5 0 1 5 5 4 1 1 0 2
B 175 60 90 SAT 3 5 0 0 2 1 4 2 0 1 5 3 2 4 0 3 1 4 3 4 5 0 2 3 0 4 1 1 5 4 1 2 0 0 4 3 4 2 5 1 2 0 5 4 2 1 0 3 2 3 5 0 4 5 4 3 2 3 4 0 2 3 4 5 2 5 0 3 1 3 4 5 1 0 3 2 4 5 4 1 0 1 2 3 5 1 0 1 2 5
B 176 60 90 SAT 5 2 3 1 5 2 1 2 3 1 5 3 4 0 2 4 2 1 5 0 2 4 3 1 1 4 5 4 3 1 4 2 3 2 4 5 5 2 0 0 1 4 2 1 0 5 1 0 1 0 3 3 4 2 3 2 4 3 0 1 0 0 1 0 0 3 4 3 1 5 2 3 4 3 5 4 3 2 4 5 2 1 0 5 0 1 5 5 4 2
B 177 60 90 SAT 4 3 1 4 3 0 0 4 2 4 5 1 0 3 5 3 2 5 4 5 3 1 4 2 0 2 1 1 0 4 3 0 5 1 0 2 0 3 1 4 1 3 0 5 2 2 4 0 2 3 4 5 1 2 4 2 3 4 5 1 5 2 2 1 3 4 2 4 5 5 0 2 3 1 4 1 5 3 5 1 0 0 3 4 1 0 5 0 2 3
B 178 60 90 SAT 0 3 5 0 1 3 5 2 3 5 1 0 5 0 4 3 4 2 1 0 5 0 4 3 1 4 5 2 5 1 4 2 3 4 0 1 1 3 2 3 4 0 2 0 5 5 0 4 1 2 3 4 0 1 1 5 3 0 4 2 2 4 1 0 3 2 4 0 5 2 1 5 4 3 1 1 2 3 4 5 0 3 2 5 2 4 0 5 1 3
B 179 60 90 SAT 5 1 4 2 5 3 5 4 1 3 2 0 3 0 5 1 4 2 3 4 5 5 1 2 4 3 1 4 3 1 0 3 1 4 3 1 1 2 5 2 0 4 3 1 5 4 0 3 1 2 0 3 4 2 1 2 4 3 2 4 2 0 2 4 0 2 0 4 3 3 1 5 4 0 2 1 5 2 5 3 4 1 0 5 0 3 5 1 0 5
B 180 60 90 SAT 5 0 2 3 4 2 1 0 5 3 4 5 4 0 5 5 3 1 3 4 2 4 0 1 4 1 2 1 5 3 5 4 1 2 0 5 0 3 4 1 5 2 0 2 1 3 5 4 4 1 5 3 2 0 5 4 3 1 4 3 3 0 3 2 4 1 1 5 2 4 3 0 4 5 3 1 0 2 0 2 3 1 5 4 1 2 0 2 0 5
B 181 60 90 SAT 3 2 1 0 3 5 0 4 3 2 3 1 1 5 2 5 4 1 3 2 0 4 0 5 4 1 3 2 4 5 5 2 0 4 1 2 0 1 5 4 2 1 5 4 3 0 5 1 0 2 4 1 0 5 4 3 1 0 1 2 0 1 1 4 5 0 3 4 2 0 5 3 0 2 1 4 2 3 5 3 1 4 2 3 5 2 0 4 5 3
B 182 60 90 SAT 0 4 2 1 5 3 5 4 1 4 3 5 3 2 1 5 0 2 4 0 2 2 1 4 2 1 0 4 3 1 2 0 5 4 3 1 5 3 2 0 1 2 0 1 3 1 4 2 0 2 3 1 4 0 1 3 0 3 4 2 3 0 3 1 2 0 1 0 4 5 4 3 2 5 4 0 3 5 4 1 5 2 5 3 4 5 2 1 0 5
B 183 60 90 SAT 1 3 5 2 3 1 4 2 0 3 1 2 5 2 0 3 0 1 3 5 4 2 4 1 0 5 3 1 0 5 5 3 4 1 2 0 3 0 1 2 1 4 4 0 3 4 2 1 0 3 1 2 5 1 3 2 5 3 4 0 2 4 1 0 3 4 4 5 2 0 3 5 5 1 2 0 5 3 4 2 5 4 0 3 1 0 4 2 5 1
B 184 60 90 SAT 5 1 0 2 5 4 4 5 1 5 0 4 0 3 4 3 2 0 2 4 5 2 3 1 0 2 1 4 3 5 3 0 4 5 0 1 4 1 3 2 0 5 0 2 3 1 3 0 5 2 0 3 0 4 1 2 4 3 5 2 3 0 2 1 3 2 2 0 5 3 1 4 5 1 4 2 4 5 4 3 1 1 5 2 5 3 0 1 0 4
B 185 60 90 SAT 0 2 5 2 5 4 0 1 5 3 2 1 3 5 1 4 1 0 2 5 4 5 4 2 5 1 2 4 3 1 4 2 1 1 3 0 3 4 0 2 4 0 3 0 2 5 4 1 2 5 1 3 2 1 1 0 5 3 2 4 3 0 3 0 4 2 1 2 5 5 3 1 4 5 1 2 0 3 4 3 0 0 4 5 4 3 2 1 0 5
B 186 60 90 SAT 5 1 4 1 5 0 1 3 5 2 4 5 3 5 0 3 5 4 4 1 2 2 3 5 4 0 3 0 2 3 0 4 1 4 3 1 1 3 2 4 5 0 2 3 0 5 2 0 3 2 4 4 5 2 3 1 4 3 2 4 2 4 2 3 0 2 0 4 5 1 2 3 4 1 5 3 4 1 0 1 5 3 0 1 2 0 5 1 0 5
B 187 60 90 SAT 3 1 5 1 5 0 1 5 4 3 4 5 3 2 5 0 5 2 4 1 2 4 3 1 0 4 3 0 2 3 2 4 1 0 3 1 1 2 3 3 4 5 2 1 4 2 4 0 5 4 2 3 1 0 4 0 3 3 2 4 2 4 3 0 2 4 4 0 5 0 2 1 3 0 5 1 3 5 3 0 1 4 2 5 2 1 5 1 0 5
B 188 60 90 SAT 5 0 3 1 2 5 5 4 3 5 2 0 4 0 5 2 0 4 3 2 1 4 3 1 3 2 4 4 3 1 0 3 4 2 4 3 4 0 1 2 5 0 3 1 0 1 4 2 0 3 1 4 1 2 1 3 0 3 2 4 1 0 2 1 0 1 2 3 5 4 3 1 4 2 5 3 0 5 2 4 5 3 5 0 4 5 2 1 0 5
B 189 60 90 SAT 2 5 1 0 5 3 4 2 1 0 5 2 3 0 2 2 5 0 4 1 3 4 0 1 1 4 3 1 4 3 1 5 3 2 0 4 5 0 1 2 0 4 4 3 2 4 1 0 3 1 0 0 2 1 1 3 0 2 3 4 0 2 0 4 3 1 4 3 2 3 1 5 1 0 5 3 2 5 4 2 5 4 5 3 4 5 2 1 0 5
B 190 60 90 SAT 3 0 5 1 0 5 0 4 2 3 0 4 0 3 1 1 2 0 2 4 1 5 2 0 2 1 3 4 3 5 5 1 4 1 3 4 3 5 2 0 4 2 4 1 0 4 2 1 5 3 2 2 1 0 5 2 3 3 2 4 4 2 3 2 5 2 1 4 0 1 3 5 2 5 3 3 5 0 4 0 1 4 5 3 1 0 4 5 1 0
B 191 60 90 SAT 3 1 5 1 0 4 0 5 4 3 5 2 5 0 1 4 0 3 0 4 2 5 2 1 0 5 1 4 2 0 4 3 2 3 5 1 0 1 4 4 1 2 3 0 1 5 2 4 0 5 4 5 0 4 0 3 1 3 2 4 4 3 1 0 2 4 3 2 5 0 3 5 2 5 4 1 3 0 1 3 2 1 2 3 2 4 5 5 1 0
B 192 60 90 SAT 4 5 1 2 5 3 2 3 1 5 4 0 4 2 0 3 2 5 1 2 3 1 2 5 0 1 4 0 3 1 1 5 2 3 0 5 2 0 1 4 3 1 2 5 3 4 2 0 1 5 3 4 1 2 1 5 3 0 4 2 2 4 0 3 4 1 5 3 4 5 0 2 0 1 4 3 1 5 2 4 0 0 3 5 0 4 2 1 3 5
B 193 60 90 SAT 0 4 1 3 5 0 4 5 1 3 1 2 1 0 3 5 2 0 0 2 4 2 1 5 1 5 4 1 0 3 0 1 5 3 0 4 4 3 0 5 2 4 1 4 5 2 3 5 4 0 1 1 2 0 0 2 5 3 4 1 2 4 3 4 2 5 5 1 2 3 1 0 2 0 3 4 1 0 2 3 5 4 3 5 4 3 1 5 0 2
B 194 60 90 SAT 0 5 2 1 5 4 0 3 1 2 5 4 3 2 5 1 5 4 0 2 3 1 2 5 3 1 2 4 3 1 1 2 3 4 3 1 4 1 0 0 4 2 0 1 5 2 5 4 2 1 0 3 4 2 1 3 0 3 2 4 4 0 4 0 2 0 3 2 5 1 3 5 2 3 4 0 1 3 4 3 5 1 0 5 4 5 2 1 0 5
B 195 60 90 SAT 5 1 4 2 5 3 0 5 1 5 3 2 5 3 4 5 3 0 0 3 5 4 1 2 4 3 1 4 0 2 1 2 4 4 5 1 2 3 1 2 0 3 5 0 1 4 1 5 2 4 3 2 3 0 1 0 5 5 4 2 2 1 3 0 2 0 0 4 5 4 1 5 3 4 2 0 2 3 1 0 5 1 4 5 4 2 3 1 0 3
B 196 60 90 SAT 2 5 4 3 2 0 5 2 4 3 5 4 0 3 5 1 5 2 0 2 1 4 3 5 4 1 0 4 0 1 0 3 4 2 0 1 3 0 2 3 1 5 2 3 4 4 0 5 4 2 0 1 5 3 5 1 4 3 2 4 3 5 1 2 3 4 1 4 5 0 4 2 0 1 5 2 3 1 1 5 3 4 0 2 0 3 2 1 0 5
B 197 60 90 SAT 5 4 3 5 2 1 1 3 4 5 3 4 4 2 0 3 0 1 2 5 4 3 1 4 0 1 5 4 3 2 4 5 1 0 3 5 1 2 4 1 2 4 1 3 2 5 0 4 2 3 0 5 0 4 3 2 5 0 1 2 2 0 0 2 2 1 0 5 3 5 0 3 0 5 4 1 3 2 4 1 5 3 2 1 4 1 0 3 5 4
B 198 60 90 SAT 3 4 2 1 3 0 5 2 0 3 0 5 1 3 0 4 0 5 5 3 1 2 1 5 2 1 3 2 0 1 1 3 5 2 3 0 1 4 2 1 4 0 3 2 0 3 1 4 3 0 2 1 5 0 1 5 0 4 3 2 0 4 4 2 1 4 5 3 0 3 2 5 5 1 4 2 0 5 1 5 4 2 4 3 2 4 3 1 0 5
B 199 60 90 SAT 3 5 0 3 4 5 0 1 3 2 4 5 2 4 1 2 3 4 0 3 2 5 1 3 4 1 0 1 2 4 5 4 0 1 2 3 4 2 5 4 2 0 1 3 0 2 0 1 4 1 3 0 2 1 4 3 2 0 2 4 2 0 2 1 4 0 1 0 3 1 5 3 4 2 5 3 4 5 0 2 5 3 5 4 1 0 5 1 5 3
B 200 60 90 SAT 2 1 4 1 5 0 2 5 0 3 4 2 3 4 5 3 2 5 0 2 1 4 1 2 4 3 1 0 2 3 1 3 0 5 4 2 0 5 1 3 5 0 0 2 4 4 2 0 3 4 5 2 1 4 4 0 3 3 2 4 0 4 4 5 3 0 3 4 2 4 2 1 5 1 3 1 5 3 2 0 1 3 0 5 2 1 5 1 0 5
B 201 60 90 SAT 1 5 2 0 5 3 1 3 0 2 3 0 2 4 3 3 4 5 4 2 1 1 3 4 0 2 5 1 4 0 0 2 1 3 4 1 5 4 0 4 5 1 1 0 2 4 0 5 4 2 3 2 4 0 3 1 5 2 4 3 4 2 4 5 5 0 1 2 3 0 2 3 3 4 5 1 3 2 0 1 5 1 5 3 4 0 2 1 0 5
B 202 60 90 SAT 5 3 2 4 5 0 4 1 2 0 5 1 0 3 1 0 2 5 4 2 3 4 3 1 0 2 3 0 3 5 3 2 1 1 3 2 5 4 3 3 0 4 0 4 2 1 4 5 0 3 4 1 2 0 1 3 2 1 4 5 4 1 5 4 0 4 2 1 0 1 2 5 3 5 1 0 2 3 1 5 2 3 5 4 4 5 0 3 0 2
B 203 60 90 SAT 0 4 2 5 4 2 5 2 1 1 3 4 2 4 0 4 1 5 3 5 0 2 3 0 1 3 0 2 0 3 4 1 2 3 2 1 5 4 3 3 5 0 1 5 2 0 1 5 0 5 1 0 2 1 2 3 4 3 5 2 5 1 3 5 0 5 1 2 0 1 2 4 0 3 4 3 4 2 3 2 4 3 4 5 0 1 5 0 4 1
B 204 60 90 SAT 0 5 2 1 0 3 4 5 3 2 5 1 5 0 2 2 4 5 4 0 1 5 3 0 1 3 5 2 3 1 1 3 0 2 0 3 4 1 2 4 0 5 2 1 4 5 0 4 3 4 1 3 0 2 1 3 4 2 4 5 4 4 2 4 1 4 3 0 5 1 2 3 5 0 3 3 1 2 0 2 5 1 5 4 0 2 5 3 1 0
B 205 60 90 SAT 4 1 0 2 1 5 1 4 3 2 0 3 4 1 3 4 2 5 4 2 0 1 3 0 5 0 1 3 5 0 3 2 4 3 0 5 5 1 0 2 0 4 3 2 4 0 4 1 2 0 5 0 3 2 1 3 2 5 4 1 2 4 0 5 2 1 3 2 4 5 1 3 5 0 1 3 5 2 3 4 1 1 5 4 0 5 4 0 3 2
B 206 60 90 SAT 4 2 1 1 0 3 0 2 5 1 4 0 0 4 3 2 0 5 1 2 5 2 3 0 5 1 4 4 3 2 3 1 5 5 1 4 2 0 4 4 5 0 5 1 2 3 4 2 1 2 3 3 2 5 2 3 1 3 4 5 3 5 4 2 2 3 5 1 3 2 3 1 4 3 0 0 5 1 5 4 0 1 4 0 4 5 0 0 2 1
B 207 60 90 SAT 1 2 5 5 2 1 5 4 0 0 5 3 5 4 2 0 3 4 3 4 1 2 4 3 3 5 1 1 3 2 1 0 3 1 3 5 2 0 1 3 2 5 1 0 4 0 4 2 3 2 5 0 4 3 3 1 0 5 0 2 0 0 2 4 0 2 4 3 5 1 0 4 3 2 5 3 1 5 4 1 0 1 2 5 5 2 4 3 1 4
B 208 60 90 SAT 0 1 4 4 1 2 3 1 5 5 1 2 1 5 4 3 0 1 0 2 4 2 1 0 2 3 0 0 3 4 2 5 0 4 0 1 2 5 4 0 4 5 3 5 1 2 3 4 0 1 5 3 1 2 0 3 1 0 4 2 5 5 4 3 3 2 3 0 1 2 3 1 2 0 4 0 5 1 2 4 3 0 5 4 4 5 2 3 1 5
B 209 60 90 SAT 0 1 5 2 5 4 4 1 3 5 3 0 4 2 5 3 1 5 4 1 3 3 0 2 4 5 1 4 3 1 2 3 0 0 3 2 1 3 5 4 5 2 4 0 1 3 2 5 4 1 0 0 1 4 4 5 3 3 2 4 2 0 5 4 1 4 4 2 0 0 1 3 3 2 5 0 4 1 3 2 5 3 2 5 1 0 2 1 0 5
B 210 60 90 SAT 5 4 3 5 1 0 2 0 1 4 0 3 3 0 2 1 4 3 1 4 5 2 4 5 0 3 2 4 0 2 3 4 1 5 4 3 0 3 5 2 1 4 5 0 1 4 3 0 2 1 3 0 1 4 2 3 1 4 5 3 1 3 5 2 1 0 4 1 2 0 3 5 4 3 2 5 2 1 5 0 4 2 3 5 4 0 5 2 1 0
B 211 60 90 SAT 1 0 5 2 5 3 5 3 4 5 1 2 0 2 5 4 0 2 0 4 1 3 2 0 3 5 1 4 3 1 4 1 2 1 5 2 0 2 3 5 1 4 4 0 3 4 3 0 5 3 4 0 1 2 5 1 3 4 2 0 4 0 0 3 4 3 1 4 5 2 0 3 2 1 5 1 2 5 2 1 0 4 3 5 4 2 0 3 1 5
B 212 60 90 SAT 5 0 4 4 1 0 0 5 4 1 3 5 3 1 2 1 4 0 0 3 2 3 5 2 2 4 5 2 3 4 4 3 0 2 4 5 3 5 4 2 0 1 0 2 3 3 1 4 4 3 2 5 2 0 4 3 5 3 5 0 3 5 1 2 0 3 2 0 1 3 4 5 1 4 5 2 0 5 5 0 1 3 4 1 2 1 0 2 4 1
B 213 60 90 SAT 1 5 2 2 5 4 0 1 2 3 5 2 3 0 5 4 1 2 0 5 3 0 5 4 4 2 1 4 3 1 4 2 0 2 4 3 5 3 1 3 0 1 1 2 5 5 4 2 3 4 1 0 2 3 1 0 5 3 2 4 3 0 3 1 1 5 4 0 2 5 4 2 4 3 0 0 1 3 0 2 5 4 1 5 4 3 2 1 0 5
B 214 60 90 SAT 0 2 4 1 4 0 0 5 2 0 2 4 2 0 1 5 0 1 1 3 5 3 4 5 4 5 0 3 5 0 1 2 5 4 3 1 5 4 2 0 4 3 5 2 0 2 5 0 5 3 1 0 3 4 2 4 5 3 1 2 3 2 4 3 5 2 3 1 0 1 5 2 1 3 4 4 3 1 4 2 0 5 2 1 3 1 0 5 0 4
B 215 60 90 SAT 2 5 4 2 0 5 4 5 3 3 2 0 2 5 3 0 3 1 1 2 0 1 4 5 4 3 1 4 1 2 0 3 4 4 3 1 2 0 4 1 2 3 5 0 2 1 0 2 3 1 0 3 2 4 0 3 1 3 2 4 0 3 2 1 0 2 1 5 3 0 4 5 1 4 3 3 4 5 4 2 5 1 0 5 4 2 5 1 0 5
B 216 60 90 SAT 1 0 2 2 5 4 3 0 5 3 1 0 4 1 0 0 4 5 2 4 1 5 2 3 4 2 1 4 3 1 5 1 0 5 0 1 1 0 5 2 4 3 2 1 0 4 0 2 1 4 5 3 2 5 1 5 0 0 2 4 5 0 2 4 2 3 4 2 3 1 5 0 3 5 4 3 5 1 2 0 3 1 0 4 4 3 2 1 3 5
B 217 60 90 SAT 5 2 4 2 5 0 4 5 3 5 1 4 0 5 2 5 1 3 0 1 3 4 2 5 4 0 3 3 4 2 3 1 4 4 1 2 1 5 3 0 4 2 4 3 5 1 2 0 1 3 2 5 1 4 2 3 0 1 0 4 1 1 2 0 3 0 0 2 4 1 3 5 1 2 0 3 4 5 0 4 5 3 2 0 4 1 5 3 2 5
B 218 60 90 SAT 4 1 0 2 0 3 2 1 3 1 4 0 5 4 1 2 3 1 5 4 2 1 0 5 0 5 4 4 3 1 0 5 3 1 3 5 4 1 2 2 4 1 0 4 5 3 2 4 2 1 4 2 5 3 1 5 0 4 5 2 2 5 4 2 2 4 5 3 0 0 5 3 3 1 2 0 5 1 5 3 0 0 4 1 4 3 2 3 1 0
B 219 60 90 SAT 0 3 2 1 3 4 3 5 4 1 5 0 4 1 5 5 2 3 2 0 3 0 3 4 1 2 0 2 0 1 4 2 0 3 5 1 5 1 3 3 0 1 2 3 4 5 3 4 0 5 2 4 2 1 0 3 5 1 2 5 5 5 1 3 2 4 0 2 4 2 4 5 0 1 5 1 2 0 4 1 3 3 0 5 2 1 4 0 4 3
B 220 60 90 SAT 3 1 4 2 3 5 1 5 0 5 4 3 0 3 1 2 4 1 2 4 1 2 5 0 5 4 0 5 0 1 3 4 0 1 5 0 2 3 1 1 4 5 0 2 1 5 1 4 3 2 4 0 4 3 0 2 4 1 4 5 2 4 2 1 4 3 4 0 5 3 2 0 3 4 5 0 3 2 5 0 1 2 5 1 5 1 3 0 3 2
B 221 60 90 SAT 5 4 0 1 5 0 1 5 3 2 0 1 3 5 1 1 2 5 0 4 2 4 3 2 0 2 4 2 0 3 3 0 1 0 1 4 0 2 5 2 1 4 4 3 2 0 2 3 3 4 0 1 4 2 0 2 3 3 1 4 3 4 2 4 2 3 4 3 1 0 5 3 1 0 5 4 5 1 2 5 1 3 0 5 4 1 5 2 0 5
B 222 60 90 SAT 5 3 2 3 2 0 4 3 5 2 1 0 1 2 5 4 3 5 3 2 4 4 0 2 2 1 0 0 4 5 5 2 0 5 3 0 1 0 4 4 2 3 1 4 5 4 5 2 1 2 4 3 1 0 1 2 4 0 4 5 4 1 1 4 4 1 2 3 5 0 5 1 0 3 2 1 3 0 5 0 3 4 5 2 0 3 5 2 1 3
B 223 60 90 SAT 2 3 5 1 5 3 5 0 4 3 4 2 0 3 1 2 4 5 3 2 5 4 1 2 0 4 2 4 3 1 2 4 1 1 4 0 3 0 5 3 4 2 1 2 0 0 2 3 4 2 1 1 3 0 4 1 3 3 2 4 1 0 3 0 2 3 2 4 1 0 1 5 4 5 3 4 1 5 0 3 5 4 5 2 2 0 5 1 0 5
B 224 60 90 SAT 5 3 0 5 2 1 1 3 0 5 4 1 4 5 1 5 1 2 2 3 5 4 3 0 4 0 5 4 3 2 0 5 1 0 1 3 2 5 0 1 3 2 1 0 2 2 5 3 3 4 2 2 0 1 3 4 5 0 4 5 2 0 2 3 2 4 4 3 1 4 5 0 3 5 4 1 4 0 0 1 5 4 3 5 0 2 1 3 2 1
B 225 60 90 SAT 1 5 2 1 5 3 2 5 3 4 0 2 0 1 4 4 2 5 5 3 0 2 1 4 4 2 3 4 3 1 1 4 2 3 4 1 5 0 1 4 0 2 2 3 0 2 0 4 0 2 3 1 4 0 1 3 0 3 4 2 0 0 0 3 2 0 4 3 2 3 1 5 4 1 5 3 1 5 4 1 5 2 5 3 4 5 2 1 0 5
B 226 60 90 SAT 5 0 2 3 1 5 4 3 1 5 1 0 2 5 3 3 4 0 4 0 2 3 5 1 2 4 0 2 5 3 0 1 4 0 3 5 1 0 2 5 3 0 2 5 1 2 0 5 3 0 1 5 1 2 4 2 5 3 1 0 1 0 5 2 1 2 3 5 4 4 2 1 0 4 3 4 3 1 2 5 4 4 0 3 0 1 3 5 2 4
B 227 60 90 SAT 2 0 5 5 2 3 4 2 1 5 0 4 2 5 4 3 5 1 4 0 3 0 3 1 1 3 2 4 3 1 1 0 4 4 3 1 3 2 5 4 1 0 0 1 2 4 0 3 3 2 4 0 1 4 0 3 2 3 4 2 4 0 3 2 0 2 0 1 4 3 5 2 4 3 5 1 5 2 1 0 5 3 2 5 1 4 5 1 0 5
B 228 60 90 SAT 2 1 0 2 1 5 2 5 4 4 1 3 1 0 4 3 0 1 3 2 0 1 5 4 4 0 2 3 5 4 0 3 5 4 3 1 1 3 4 0 1 2 5 4 3 1 5 2 0 2 1 3 2 5 3 2 0 4 0 1 3 0 1 2 5 2 0 5 2 3 5 4 0 2 1 4 3 0 5 3 4 4 1 0 5 4 1 3 5 2
B 229 60 90 SAT 0 2 5 2 5 4 2 5 1 4 3 1 2 3 5 1 4 5 2 0 4 0 4 3 5 1 2 4 3 1 0 4 1 0 4 3 4 3 1 2 3 0 5 4 2 4 1 2 2 3 0 3 2 1 1 0 5 3 2 4 3 0 3 2 1 2 0 5 2 4 5 1 0 3 1 0 3 5 1 4 5 0 4 5 4 3 2 1 0 5
B 230 60 90 SAT 3 2 4 2 5 3 4 2 0 0 4 5 1 0 5 1 4 2 2 1 5 3 1 2 4 1 5 4 3 1 5 0 2 5 3 2 5 2 0 4 1 3 2 1 0 4 0 5 2 5 4 0 1 3 1 3 0 2 0 4 0 0 3 1 4 0 1 3 4 5 2 0 3 4 5 2 3 1 1 3 0 5 2 4 5 4 2 1 3 5
B 231 60 90 SAT 4 3 2 2 1 5 1 2 5 0 3 1 3 5 0 5 2 4 1 0 3 5 3 2 0 2 4 4 3 1 5 3 1 1 2 3 3 0 2 1 0 5 3 5 4 4 0 2 0 1 4 1 4 5 0 5 3 3 2 0 5 0 0 4 4 0 4 5 1 3 2 4 0 1 2 1 5 3 3 2 5 0 3 2 4 1 2 4 1 5
B 232 60 90 SAT 1 4 5 2 1 0 5 4 1 2 3 0 0 2 4 0 5 4 3 2 0 4 5 0 5 2 4 0 5 1 0 3 1 4 5 2 4 2 0 2 5 1 0 4 3 5 3 1 3 2 5 2 5 0 1 3 5 3 4 0 3 3 2 5 1 3 3 5 1 0 3 4 2 5 1 4 2 0 0 4 1 3 1 4 2 0 4 5 1 2
B 233 60 90 SAT 0 5 2 4 5 0 0 5 3 1 4 3 1 5 3 2 5 1 2 1 4 4 3 1 3 2 0 0 3 1 3 4 0 3 2 1 4 2 5 1 0 3 3 4 2 0 1 4 0 2 5 4 0 3 1 2 5 3 2 4 4 2 2 5 0 4 1 3 0 4 5 2 1 0 5 3 2 5 4 3 1 2 1 5 3 0 4 1 0 5
B 234 60 90 SAT 0 5 2 2 5 3 0 5 4 2 1 3 2 3 1 4 5 0 0 5 4 3 1 2 2 1 5 4 3 1 4 3 0 0 1 3 2 5 4 2 0 5 1 4 3 0 2 3 5 4 2 1 2 4 0 3 5 0 4 2 4 0 2 5 4 2 1 3 0 3 1 4 0 2 5 4 5 1 3 0 1 3 0 5 1 4 2 1 3 5
B 235 60 90 SAT 1 4 3 1 2 5 1 2 4 4 3 5 1 4 5 2 5 3 2 0 5 1 3 0 5 2 3 4 0 1 5 3 1 3 2 4 5 4 0 2 1 3 0 3 4 1 0 5 2 1 3 1 0 2 3 0 2 1 3 5 0 3 0 2 0 1 2 3 1 5 0 4 5 1 2 3 4 2 0 4 5 3 5 4 4 1 5 0 4 2
B 236 60 90 SAT 0 1 3 3 5 0 4 2 5 0 1 4 4 2 1 0 5 3 5 2 4 5 3 1 4 2 3 1 4 0 3 0 4 1 3 4 1 5 2 5 4 0 1 2 3 5 2 4 2 1 5 4 1 2 2 3 0 3 4 5 5 2 1 2 5 2 4 3 0 2 3 1 4 0 5 3 0 1 4 3 0 3 0 5 5 1 4 1 0 2
B 237 60 90 SAT 1 4 2 5 1 4 1 3 5 0 1 5 4 0 2 1 5 3 3 1 2 2 5 1 3 2 4 4 3 2 2 5 3 3 2 0 4 5 2 0 1 4 4 1 3 2 1 0 4 1 0 0 1 3 3 2 0 2 5 4 0 0 0 4 1 4 3 0 1 5 2 3 2 0 5 4 3 5 3 2 5 2 4 5 4 5 1 3 0 1
B 238 60 90 SAT 1 5 2 4 0 2 5 1 0 4 2 3 2 1 0 2 5 3 5 4 3 2 5 4 4 3 1 3 2 4 3 2 1 4 5 1 3 5 0 1 4 2 2 4 0 4 3 0 1 3 5 4 2 0 0 1 2 1 4 3 0 1 4 0 3 0 4 1 2 3 0 5 3 1 5 2 5 1 4 2 0 5 1 3 3 4 5 5 0 2
B 239 60 90 SAT 2 1 5 4 2 5 0 1 3 0 5 2 5 4 1 5 2 0 0 3 2 4 0 3 3 0 1 5 3 1 2 3 1 1 0 4 1 0 5 3 4 2 1 2 5 0 4 3 4 0 5 3 2 4 0 3 2 1 0 5 4 0 5 4 2 3 3 4 2 0 1 5 4 3 0 2 1 5 3 1 2 0 1 5 1 4 5 3 4 2
B 240 60 90 SAT 3 5 0 4 5 2 2 1 3 4 3 5 2 4 0 1 5 0 4 1 5 1 5 2 2 0 3 1 0 4 0 4 1 0 5 2 5 4 0 3 4 2 1 5 2 2 5 3 4 1 0 1 2 5 5 3 0 4 3 1 4 3 5 2 1 3 2 3 1 1 0 5 4 0 3 0 1 4 5 2 3 0 3 4 1 2 4 0 2 5
B 241 60 90 SAT 2 5 4 2 1 3 3 0 5 2 5 0 1 3 4 2 5 4 5 1 2 1 3 2 4 3 1 4 3 1 1 2 0 0 2 4 0 1 4 3 0 5 1 4 2 2 5 3 5 0 3 3 2 4 1 3 0 3 2 4 0 0 4 3 5 3 3 2 5 1 4 2 5 0 3 4 1 0 4 2 1 1 0 5 4 5 2 1 0 5
B 242 60 90 SAT 5 3 4 2 0 1 5 3 1 4 0 5 2 3 1 4 5 0 2 1 4 5 2 3 2 4 5 5 3 1 1 0 3 1 0 3 3 2 4 5 0 4 5 1 0 2 4 3 5 0 2 1 2 5 2 3 4 1 4 5 0 4 4 2 5 2 1 0 5 2 3 1 2 3 4 5 1 0 4 1 3 3 0 4 5 1 0 3 0 2
B 243 60 90 SAT 4 0 5 1 5 3 3 4 2 0 5 3 2 4 0 5 3 1 4 1 5 2 4 0 2 3 0 2 0 1 1 5 3 0 5 4 1 0 4 0 5 3 4 1 5 4 0 1 2 1 4 5 2 0 1 0 4 2 4 3 1 4 0 4 1 2 3 5 2 1 2 4 2 0 3 2 5 3 3 0 5 1 4 3 2 5 3 0 1 5
B 244 60 90 SAT 2 1 5 1 5 2 5 3 4 5 0 1 3 5 2 0 1 5 4 2 3 0 4 3 4 3 2 4 3 1 2 0 3 2 1 5 3 1 4 5 0 4 1 0 3 0 1 2 4 0 1 5 2 4 0 3 5 0 4 2 0 0 1 4 0 4 0 2 5 2 3 1 4 2 5 4 3 5 3 2 5 0 1 3 4 1 2 3 1 5
B 245 60 90 SAT 3 5 4 0 5 2 4 5 3 4 2 1 4 2 1 2 0 5 3 1 0 5 3 4 1 4 5 4 3 2 1 3 0 5 0 1 5 1 2 4 2 3 3 5 4 2 4 1 5 0 3 0 5 4 3 5 1 1 0 4 0 1 2 5 3 4 0 3 4 1 0 5 0 1 2 3 5 0 1 4 2 1 3 2 4 2 0 2 3 5
B 246 60 90 SAT 2 0 5 0 1 5 0 2 5 3 1 4 0 5 4 5 2 4 4 1 3 5 1 3 1 4 2 4 3 0 4 3 0 3 4 0 2 4 1 0 1 2 1 3 2 3 4 0 2 3 0 5 1 4 4 2 5 3 2 1 3 2 1 2 2 1 3 0 5 4 5 3 4 0 5 1 2 5 1 5 4 3 0 2 3 0 1 4 0 5
B 247 60 90 SAT 2 1 5 5 3 4 5 3 1 5 4 2 0 1 5 4 2 3 4 0 3 3 1 0 4 3 5 4 0 1 2 1 3 3 5 1 3 0 4 5 2 1 2 0 3 4 0 5 0 3 2 4 0 1 2 0 3 1 5 4 0 2 4 0 2 0 2 1 5 0 3 4 5 1 4 3 1 2 4 5 1 3 5 2 1 4 5 0 2 3
B 248 60 90 SAT 4 2 0 5 0 4 3 5 2 1 4 0 5 0 4 1 2 4 2 5 3 3 5 1 0 3 1 4 3 1 2 4 0 4 1 3 4 1 3 3 0 2 0 2 4 1 2 0 4 3 5 1 2 5 1 0 2 3 5 4 5 2 1 3 2 0 0 2 5 4 5 1 3 1 5 3 5 4 1 0 2 3 0 4 3 4 5 1 2 0
B 249 60 90 SAT 2 3 0 0 1 5 3 4 1 3 0 5 3 5 2 3 2 1 5 4 1 3 0 2 0 5 3 4 2 1 5 1 2 4 2 5 0 5 4 3 0 1 2 4 1 0 5 2 3 1 0 3 1 4 4 3 0 2 5 3 4 3 0 4 1 0 2 1 3 5 2 4 5 0 3 4 3 1 5 2 4 0 5 2 2 1 5 1 4 0
B 250 60 90 SAT 5 1 3 2 5 4 4 2 5 0 3 1 4 0 3 1 5 2 1 4 0 1 5 2 2 3 5 4 3 1 1 3 2 3 5 4 3 0 4 4 0 2 2 3 0 1 4 2 5 4 1 5 0 4 1 5 0 3 2 4 4 0 0 4 2 0 1 2 5 3 5 1 5 4 1 0 5 3 3 2 0 2 3 1 3 4 2 1 0 5
B 251 60 90 SAT 1 4 5 2 5 4 0 5 2 4 3 1 3 2 4 5 2 0 0 3 1 4 5 2 5 0 3 4 3 1 2 3 1 0 4 3 3 4 0 4 0 2 1 5 0 1 5 4 4 0 2 3 2 5 1 0 5 3 2 4 2 0 4 0 5 1 1 2 5 3 5 1 4 3 2 0 3 2 3 5 1 0 1 4 3 4 2 1 0 5
B 252 60 90 SAT 1 3 4 1 5 2 0 4 2 3 1 5 5 2 1 0 4 3 2 3 1 0 5 3 5 4 0 0 3 5 2 3 0 3 0 1 1 4 2 3 1 4 3 2 4 0 1 2 4 3 5 5 0 2 0 4 2 1 3 4 2 4 1 4 4 2 3 0 5 5 2 0 0 5 1 5 4 3 0 2 1 3 1 4 3 5 1 0 2 5
B 253 60 90 SAT 3 2 5 2 5 0 3 1 5 0 5 4 3 4 0 2 1 5 4 3 1 2 5 3 1 0 5 0 3 1 4 0 3 0 1 4 2 4 1 3 0 1 0 2 3 3 4 5 5 4 2 1 3 4 1 5 4 3 2 0 4 4 2 1 2 3 0 3 5 4 2 5 1 4 5 0 2 1 1 0 3 5 0 2 3 0 2 1 4 5
B 254 60 90 SAT 1 2 5 2 5 4 5 0 2 5 3 4 1 3 2 0 4 1 4 5 3 1 2 0 0 5 1 4 0 3 4 2 1 2 0 3 3 4 0 5 1 3 0 2 4 5 3 0 3 2 4 1 2 5 0 1 5 3 1 4 3 1 3 0 4 5 1 2 5 4 0 2 1 5 3 2 1 4 0 5 1 0 3 4 4 3 2 0 2 5
B 255 60 90 SAT 1 4 5 1 5 2 5 0 4 3 5 1 3 5 4 4 2 1 5 0 2 0 3 2 5 2 4 4 3 1 1 3 4 0 4 1 0 1 2 5 3 2 0 2 4 0 4 5 3 4 5 1 5 2 5 3 0 1 2 4 3 0 2 0 2 5 3 4 5 1 0 4 1 3 5 2 3 1 2 0 1 4 0 3 4 1 2 0 3 5
B 256 60 90 SAT 0 3 2 2 5 4 4 1 3 0 5 2 3 1 5 2 5 3 1 2 4 5 0 4 4 2 5 4 3 1 2 3 1 0 2 3 1 0 4 4 2 3 4 3 2 4 1 0 0 5 1 2 4 1 1 5 0 3 2 4 1 0 0 4 4 1 2 3 5 5 0 1 1 0 5 5 2 3 4 3 2 0 3 5 4 3 2 1 0 5
B 257 60 90 SAT 1 4 3 4 0 2 3 4 5 0 2 3 5 2 0 0 5 3 1 3 2 4 1 5 2 3 1 2 1 0 1 0 4 3 0 2 4 2 5 2 3 5 0 1 3 2 1 5 5 2 4 0 1 3 0 1 5 5 4 2 5 5 2 5 4 1 0 1 3 1 4 0 4 5 2 3 4 0 0 1 3 2 4 5 2 3 4 1 0 3
B 258 60 90 SAT 3 5 0 1 5 3 0 3 4 2 3 1 3 2 4 1 0 5 2 4 5 4 2 5 0 4 3 4 3 1 4 1 5 4 0 2 5 4 2 2 0 3 4 1 0 0 2 5 3 0 2 3 1 4 1 3 0 3 2 4 2 0 2 0 1 3 1 0 3 4 1 5 2 5 3 4 3 1 4 1 5 2 0 5 4 5 2 1 0 5
B 259 60 90 SAT 0 5 4 0 5 2 4 5 3 1 3 0 5 3 1 1 2 5 1 3 4 5 4 1 2 4 0 2 3 0 2 3 0 4 1 5 3 5 2 1 5 0 3 4 5 1 2 4 2 5 3 1 3 4 3 4 5 1 3 0 3 4 1 5 2 3 1 0 4 3 2 4 1 2 0 3 5 0 4 0 1 2 0 5 0 2 1 4 5 2
B 260 60 90 SAT 5 4 0 3 5 2 2 5 0 3 4 5 5 1 3 3 4 0 2 4 5 3 5 2 2 3 0 2 0 4 0 3 2 0 3 2 4 1 0 1 5 0 2 5 1 4 3 2 1 4 2 3 1 4 0 3 5 3 2 4 1 1 4 1 4 1 3 2 5 2 4 3 0 4 3 1 0 5 0 3 5 2 0 5 2 1 4 1 0 5
B 261 60 90 SAT 0 5 4 5 1 4 1 0 4 3 4 5 1 2 3 5 0 3 2 0 5 3 2 5 4 1 2 4 3 2 2 4 1 4 3 1 2 3 0 0 3 4 3 0 1 2 0 5 0 5 3 2 1 4 4 0 3 3 2 4 3 0 3 0 0 2 1 4 5 2 5 1 2 5 4 3 1 4 2 4 1 3 0 5 2 1 5 1 0 5
B 262 60 90 SAT 3 4 5 4 2 1 1 3 2 2 0 4 5 4 1 0 1 4 5 3 0 4 5 2 2 1 4 0 1 5 4 2 1 3 1 5 2 0 4 3 4 0 0 2 1 5 4 3 1 0 3 2 0 1 1 3 4 5 2 0 0 3 0 3 0 2 1 3 5 5 2 1 5 4 3 0 1 2 2 5 4 3 4 5 5 2 0 1 3 4
B 263 60 90 SAT 3 5 4 2 5 0 5 3 1 0 4 5 4 0 1 2 1 5 3 4 5 0 2 3 4 1 2 3 0 2 1 0 5 3 1 0 0 2 3 4 2 5 0 1 4 5 3 2 1 4 0 2 3 5 4 3 0 0 2 4 0 4 2 3 2 4 1 5 4 0 3 1 2 3 5 1 4 0 3 2 5 0 4 1 2 1 5 1 3 5
B 264 60 90 SAT 5 3 1 4 1 0 5 2 0 1 0 4 2 3 1 4 1 5 4 3 0 4 1 5 2 1 3 0 2 5 3 0 2 5 1 3 3 4 5 0 5 1 4 2 3 1 2 4 0 2 4 0 3 1 1 5 0 5 3 4 0 3 4 5 4 2 2 0 1 4 3 2 1 0 5 5 3 0 3 5 1 2 5 4 2 3 4 2 1 0
B 265 60 90 SAT 5 1 2 5 1 4 3 5 1 4 0 5 5 2 4 0 5 3 5 0 2 2 3 0 4 2 1 4 2 3 1 0 3 4 3 1 0 1 2 5 4 2 1 2 0 3 5 0 0 4 3 3 2 5 2 0 4 3 2 4 3 0 4 2 0 2 4 3 5 0 1 3 3 4 5 2 1 4 2 1 5 0 4 1 3 1 5 1 0 5
B 266 60 90 SAT 5 2 0 3 5 1 4 3 5 2 1 5 3 0 2 4 1 2 3 2 0 4 3 1 1 0 5 1 2 4 0 1 3 2 1 3 4 2 0 4 3 0 5 4 1 0 2 1 1 2 4 4 2 0 3 1 0 3 4 2 4 0 2 4 4 0 3 1 5 5 1 2 2 0 3 4 3 5 0 3 5 1 5 3 4 2 5 1 0 5
B 267 60 90 SAT 5 3 0 1 2 5 4 2 5 5 1 4 1 0 3 3 4 2 4 2 0 1 3 0 4 0 3 5 4 1 3 1 4 2 3 1 4 3 0 3 2 0 4 0 2 0 1 4 1 4 3 5 3 2 0 2 4 2 1 3 2 3 0 2 4 0 1 2 5 4 1 5 3 5 1 3 2 5 0 5 2 1 4 0 3 1 5 4 0 5
B 268 60 90 SAT 1 5 2 3 5 2 0 5 3 5 1 2 2 5 4 3 4 5 4 1 2 3 1 0 4 3 1 1 2 4 3 1 2 1 4 5 1 4 0 0 5 2 1 4 0 5 0 2 1 3 2 4 2 0 0 1 5 3 2 4 0 0 4 0 0 2 2 3 5 4 1 3 3 5 2 1 4 3 4 0 5 1 3 5 4 2 3 1 0 5
B 269 60 90 SAT 3 5 2 4 5 0 0 4 2 0 3 5 4 5 0 1 4 5 4 1 2 3 1 4 1 2 3 2 0 1 1 5 2 0 2 5 5 4 3 1 0 2 0 4 5 5 3 1 3 2 0 1 3 0 3 4 2 3 1 4 0 3 3 4 1 3 1 2 0 4 3 5 1 3 2 2 0 4 1 5 4 5 2 4 1 0 5 2 0 5
B 270 60 90 SAT 1 5 2 2 5 4 1 5 4 1 3 4 0 5 2 5 2 1 0 4 5 4 3 5 0 2 1 4 3 1 4 2 5 4 2 3 5 0 4 0 5 1 1 3 2 4 5 2 3 4 1 0 3 4 1 0 5 3 2 0 3 0 3 0 1 0 2 3 1 2 4 3 0 5 4 3 1 0 0 2 5 2 1 5 4 3 2 1 4 5
B 271 60 90 SAT 3 1 5 4 2 3 3 0 5 2 1 0 2 5 4 3 5 1 1 5 2 3 0 4 4 0 3 0 5 4 4 2 0 4 3 1 2 1 3 4 3 1 1 5 3 4 0 1 5 2 0 3 0 2 0 2 1 3 2 4 2 1 1 3 0 2 4 0 5 0 2 5 0 4 2 5 2 3 4 3 1 4 5 1 4 3 5 1 0 5
B 272 60 90 SAT 5 1 3 5 1 4 4 0 5 2 3 5 2 0 3 4 1 3 4 2 0 2 1 5 4 3 1 0 4 2 1 3 0 3 1 0 0 4 1 2 5 0 4 2 1 2 3 4 3 0 4 2 4 3 3 1 0 3 4 2 0 3 2 4 4 2 2 3 5 4 1 3 3 5 0 0 1 5 2 1 5 0 5 1 4 2 5 1 0 5
B 273 60 90 SAT 5 1 0 1 5 0 5 0 4 5 2 1 1 5 3 5 0 4 2 4 3 3 2 5 4 2 1 0 2 3 4 1 0 4 3 1 1 2 3 3 5 0 2 5 0 3 5 4 2 1 4 4 0 3 1 2 0 3 2 4 3 4 2 3 0 2 4 0 5 2 1 4 3 4 1 2 0 1 3 0 5 2 1 5 4 3 5 1 0 5
B 274 60 90 SAT 5 1 2 1 5 0 4 1 5 2 3 5 2 1 5 3 5 4 4 0 1 4 3 0 4 2 1 0 2 3 5 3 0 4 3 1 3 4 5 0 5 1 4 5 2 3 1 4 4 2 0 2 0 3 2 1 4 3 2 4 3 4 2 4 0 2 0 2 1 4 3 2 3 0 1 2 0 5 1 3 5 4 1 5 0 3 5 1 0 5
B 275 60 90 SAT 2 3 5 2 1 5 1 2 4 2 0 5 2 5 4 3 5 1 1 4 2 3 0 5 1 0 3 4 3 1 5 3 1 4 3 1 3 4 5 2 1 5 1 3 0 0 2 4 4 2 0 1 0 4 0 5 1 3 2 4 4 0 0 4 0 2 1 0 2 0 3 4 4 5 2 3 1 5 3 5 1 3 2 5 4 3 2 1 0 5
B 276 60 90 SAT 4 5 2 2 5 0 3 4 0 1 2 3 5 1 4 3 5 4 2 0 5 2 1 0 1 2 5 4 3 5 0 1 3 2 4 0 5 0 4 1 4 5 5 3 2 4 1 0 3 1 2 5 1 3 2 5 3 3 1 4 3 1 5 4 3 1 1 3 2 0 2 3 4 1 0 3 5 2 0 4 5 0 2 4 0 1 4 2 5 0
B 277 60 90 SAT 2 0 3 2 0 4 1 5 0 1 3 5 1 0 3 5 4 0 4 0 2 2 1 5 4 3 1 4 3 1 0 3 5 3 2 0 5 0 2 2 4 5 0 1 4 1 3 2 3 5 4 4 0 1 1 5 3 4 5 0 5 5 2 4 4 1 4 3 1 1 3 0 3 2 5 4 5 0 1 0 2 2 3 5 2 4 0 1 3 2
B 278 60 90 SAT 5 0 2 2 0 5 3 2 4 2 4 1 3 5 0 5 2 3 0 2 3 4 5 1 1 4 0 3 5 1 1 4 3 0 1 3 3 0 5 1 3 5 5 0 2 4 0 2 4 3 5 2 3 4 1 4 0 2 4 3 3 4 5 0 2 4 1 4 2 4 0 2 1 4 3 3 1 5 1 0 2 5 1 0 3 5 2 1 5 0
B 279 60 90 SAT 2 0 5 0 2 4 1 2 5 4 3 5 2 5 0 3 4 1 2 3 5 3 1 0 4 1 2 4 3 1 5 4 0 0 4 5 0 3 5 2 3 0 1 4 5 5 2 1 1 3 2 1 4 3 1 5 2 3 5 4 3 5 3 1 1 2 4 1 2 1 4 5 0 3 2 0 4 3 0 4 5 2 0 5 3 4 0 1 0 2
B 280 60 90 SAT 3 4 5 0 5 3 5 2 4 5 3 0 1 4 2 5 3 2 2 1 4 0 3 1 1 2 4 4 3 1 4 0 1 0 2 1 3 2 4 1 4 3 3 2 4 4 0 3 3 2 5 1 2 0 1 2 3 2 4 0 0 2 3 2 3 4 1 0 5 2 0 5 1 0 5 1 2 5 1 0 4 4 5 3 4 5 0 1 3 5
B 281 60 90 SAT 0 5 4 2 0 5 0 3 5 1 2 5 4 0 2 1 2 5 2 4 3 1 5 0 2 3 4 5 1 0 5 1 0 3 2 0 3 4 5 1 4 0 5 1 4 0 1 3 2 3 5 0 2 1 4 2 1 0 3 5 1 3 4 3 1 4 1 0 2 2 5 3 2 3 0 4 2 5 1 4 0 3 5 4 0 5 3 4 1 2
B 282 60 90 SAT 1 5 2 2 1 4 4 5 1 2 1 0 5 0 3 3 2 5 2 0 3 5 4 0 4 2 1 3 5 1 3 1 5 1 3 0 5 0 4 4 0 1 4 0 2 1 2 0 2 0 5 3 4 1 1 0 5 3 0 2 0 0 0 4 2 4 3 1 2 2 3 5 3 5 1 4 3 5 1 4 3 0 2 5 4 3 2 5 1 4
B 283 60 90 SAT 3 2 1 0 2 5 0 3 1 2 0 4 2 3 0 1 2 3 5 4 0 4 2 5 1 0 4 4 5 1 1 2 5 5 0 3 2 4 1 0 4 3 2 5 3 4 3 1 2 5 0 4 5 1 3 4 5 1 3 0 5 3 4 3 1 4 5 3 0 2 5 1 4 1 0 0 5 2 4 1 3 0 3 2 1 0 2 4 5 2
B 284 60 90 SAT 1 3 0 1 5 0 5 1 2 5 3 4 2 5 0 4 5 3 0 3 1 4 2 5 0 4 5 4 3 1 0 4 2 0 1 3 4 3 1 0 5 3 1 4 2 5 1 2 2 4 3 0 4 2 2 3 0 1 5 2 2 2 3 1 4 2 0 2 5 4 2 1 3 0 5 0 4 3 5 1 0 1 5 3 4 1 5 4 3 0
B 285 60 90 SAT 0 4 3 5 3 1 4 3 5 4 1 5 0 1 5 2 3 0 0 4 2 4 0 2 2 1 4 0 4 5 5 1 2 5 2 1 3 0 5 4 5 0 2 5 3 3 1 4 2 4 5 4 0 5 4 2 1 0 2 3 5 2 0 3 3 4 2 1 4 2 1 3 1 4 0 0 2 5 1 3 0 2 3 1 0 5 3 4 5 1
B 286 60 90 SAT 2 5 4 0 3 2 3 4 1 2 3 5 5 1 3 0 3 2 2 4 1 4 0 5 3 4 1 2 5 0 5 0 4 2 3 1 0 2 1 3 0 4 2 1 4 0 5 4 4 5 3 1 2 0 3 2 4 2 0 4 0 4 2 1 0 4 4 5 3 1 5 2 3 0 5 1 2 3 1 0 2 4 3 5 5 0 1 3 1 5
B 287 60 90 SAT 2 4 5 4 5 1 3 5 4 1 4 5 2 0 3 3 1 0 2 0 1 4 5 0 1 3 2 2 0 4 0 4 5 5 3 4 5 0 1 3 4 2 1 0 5 3 4 1 2 3 0 3 4 1 0 1 4 3 5 2 0 3 1 3 1 2 4 3 2 1 0 5 3 2 4 2 0 5 4 1 5 0 2 5 2 5 3 4 1 0
B 288 60 90 SAT 5 1 2 3 1 0 1 0 3 2 4 3 5 2 4 2 3 4 0 1 5 0 5 2 2 3 4 2 4 1 5 2 3 4 3 1 2 0 5 4 0 5 0 3 5 2 3 1 0 5 4 4 0 2 1 3 5 2 0 4 0 5 4 0 0 5 3 4 1 3 2 1 4 2 1 4 5 0 1 3 2 1 3 5 2 4 0 5 3 1
B 289 60 90 SAT 5 1 4 1 5 2 1 5 3 3 0 5 3 2 4 4 0 2 2 5 4 0 4 1 4 2 3 2 3 1 4 3 1 1 4 2 0 2 4 3 1 0 0 2 5 4 1 0 3 1 0 2 0 4 3 2 0 3 4 2 0 0 0 2 0 3 1 3 5 2 4 5 3 4 1 3 2 5 2 4 5 1 3 5 4 1 5 1 0 5
B 290 60 90 SAT 1 2 3 4 3 5 1 2 5 4 0 5 4 1 2 0 3 4 5 3 2 1 0 3 4 3 0 0 5 1 5 0 3 2 3 4 0 5 2 2 0 3 4 5 2 3 1 2 1 4 3 0 1 5 3 2 4 5 0 4 5 2 4 2 0 1 3 4 1 4 1 5 0 3 1 0 4 5 0 5 2 3 4 2 1 0 5 2 1 3
B 291 60 90 SAT 5 1 2 2 1 3 5 2 4 4 0 5 2 0 1 5 3 4 0 4 5 3 4 1 2 0 1 3 0 1 1 4 3 4 5 2 3 0 1 0 4 2 5 3 1 0 5 2 4 5 1 2 0 4 2 0 4 3 4 5 4 5 0 2 3 0 4 2 5 3 1 5 0 4 2 3 1 4 0 3 2 1 5 3 3 5 1 1 0 2
B 292 60 90 SAT 5 2 4 2 1 4 5 0 1 4 5 2 0 4 1 3 1 2 3 2 4 5 3 0 4 3 5 4 0 3 1 4 2 2 1 0 4 3 0 2 3 0 5 0 4 2 3 1 5 1 4 3 5 0 0 5 2 3 4 5 0 5 3 0 3 5 2 1 5 1 4 5 3 2 1 0 5 4 3 0 2 4 2 1 3 1 4 1 0 2
B 293 60 90 SAT 5 3 0 2 5 4 3 2 5 4 0 5 4 1 0 2 3 1 2 1 3 3 1 5 2 0 5 4 3 1 5 0 2 0 2 1 3 5 4 4 3 2 3 4 5 1 4 0 0 3 5 2 0 1 3 0 4 3 4 2 4 0 4 3 3 4 2 0 1 1 0 5 1 0 2 2 3 5 1 4 2 5 4 3 2 1 5 1 0 5
B 294 60 90 SAT 3 0 2 3 2 1 5 1 4 2 5 4 1 3 4 2 3 4 2 3 0 5 0 3 4 1 0 4 5 1 4 0 1 4 2 5 0 3 4 0 1 2 4 3 0 0 3 1 2 5 1 3 2 5 5 1 4 2 0 4 5 0 2 3 0 1 2 1 5 4 3 5 1 5 2 4 5 2 0 4 3 0 4 1 0 2 3 1 5 3
B 295 60 90 SAT 3 5 4 0 3 5 1 4 2 1 3 2 1 2 3 5 4 1 0 4 1 1 2 5 0 4 3 4 5 3 5 2 4 3 5 1 2 0 5 1 2 4 3 2 4 1 2 3 4 2 5 3 0 2 5 1 3 0 3 2 2 2 3 0 0 2 4 3 1 0 5 3 1 0 5 4 5 0 1 3 0 5 4 1 4 2 0 5 1 4
B 296 60 90 SAT 5 2 3 2 5 1 2 4 5 5 0 4 1 5 4 3 0 4 2 4 5 1 3 2 4 3 1 4 1 2 1 5 2 4 3 1 5 0 1 0 2 1 4 5 0 3 5 2 2 0 3 3 2 4 3 1 4 3 2 4 0 3 0 3 0 2 2 3 4 4 3 5 1 3 2 0 1 4 4 1 5 1 0 5 2 0 5 1 0 5
B 297 60 90 SAT 5 1 0 0 5 4 0 4 5 1 2 4 3 5 4 0 2 3 1 2 3 4 3 5 0 2 1 1 3 0 5 1 4 4 1 3 5 2 3 3 4 0 1 0 5 2 4 5 5 4 1 3 0 4 1 3 2 0 2 4 4 2 2 3 0 5 1 4 0 1 2 5 3 4 2 3 0 1 2 3 0 1 5 2 5 0 4 1 3 5
B 298 60 90 SAT 3 4 1 2 5 0 3 2 5 3 0 1 4 0 5 0 2 1 1 2 0 3 2 4 1 0 4 3 1 5 1 4 2 5 2 3 0 1 5 4 0 1 2 5 4 1 3 5 2 0 5 4 1 5 1 4 2 3 4 0 5 4 0 5 1 4 2 4 3 2 3 5 0 1 3 4 0 2 4 3 1 3 2 0 5 3 0 1 5 2
B 299 60 90 SAT 3 0 5 2 5 3 1 3 5 0 1 5 0 1 2 4 3 1 4 1 3 2 0 4 2 1 0 0 3 2 4 5 3 2 3 1 5 4 0 0 4 3 3 2 0 0 4 1 1 4 2 2 4 3 3 1 0 0 4 2 4 4 0 2 4 0 3 2 1 2 5 1 1 4 5 2 5 3 0 3 5 0 5 1 4 2 5 1 3 5
B 300 60 90 SAT 2 5 0 2 5 4 5 1 3 3 0 5 0 2 3 4 3 2 4 2 1 1 2 4 4 0 1 4 3 1 4 3 5 1 3 2 5 4 0 1 4 0 0 2 3 1 3 0 3 4 2 0 1 4 1 3 0 3 2 4 3 0 0 1 4 0 1 3 2 2 5 3 4 1 5 4 5 2 1 0 5 3 2 5 4 5 2 1 0 5
B 301 60 90 SAT 5 3 4 4 5 0 5 0 1 5 2 1 5 3 2 2 5 0 1 5 2 0 4 3 4 0 1 1 2 4 3 4 1 0 2 1 4 3 2 4 2 1 2 0 3 2 5 3 2 5 3 4 1 0 1 0 5 0 4 2 2 3 2 0 4 3 1 0 5 3 0 5 1 4 5 0 1 4 4 1 0 2 3 5 4 2 3 3 1 5
B 302 60 90 SAT 4 3 5 0 4 3 0 5 1 1 5 2 1 2 5 4 5 3 4 3 2 4 0 1 1 0 4 1 3 0 3 1 0 3 0 1 0 4 2 3 5 1 2 4 1 2 3 4 4 2 0 4 5 1 0 5 2 3 1 4 2 5 2 4 4 2 3 1 5 4 0 2 3 0 5 0 1 5 1 3 5 2 0 3 1 3 4 0 5 2
B 303 60 90 SAT 3 2 0 3 4 1 3 2 4 2 5 4 0 1 2 4 3 1 3 2 0 1 2 5 5 0 3 1 0 5 0 4 1 5 2 1 1 3 0 2 4 0 5 1 4 4 2 5 2 0 4 3 1 2 5 0 3 3 4 2 4 2 5 3 4 0 5 4 2 5 1 3 0 3 2 0 3 1 5 1 3 5 0 4 1 2 4 1 0 5
B 304 60 90 SAT 0 4 1 2 1 3 4 5 3 2 0 5 1 2 4 5 4 2 4 2 1 2 3 0 3 1 0 4 0 1 1 0 5 0 3 2 5 2 1 2 5 0 1 2 5 1 3 5 1 5 0 4 2 5 3 1 2 3 0 4 5 5 2 3 5 1 0 3 4 3 1 4 0 3 4 0 4 2 4 3 2 0 1 3 4 0 5 2 1 5
B 305 60 90 SAT 4 3 0 2 5 3 5 4 2 4 1 2 2 5 0 3 4 0 5 1 2 0 3 5 5 2 4 0 1 3 2 3 0 0 3 1 3 1 2 4 5 1 3 4 2 1 4 5 4 0 5 5 1 3 0 4 5 2 5 0 1 4 1 5 4 5 5 0 4 2 0 3 1 0 5 3 0 2 3 1 2 0 4 2 1 3 2 1 4 3
B 306 60 90 SAT 2 5 3 2 5 4 1 2 0 5 4 2 1 0 5 3 0 4 2 1 5 4 0 1 4 3 1 4 1 3 0 4 2 4 5 1 0 5 3 2 0 5 5 0 1 3 2 4 3 0 4 1 4 2 1 3 0 2 5 4 0 0 5 3 3 2 4 2 1 1 3 4 3 4 2 1 0 5 1 2 5 3 5 0 4 5 2 1 0 3
B 307 60 90 SAT 2 5 3 1 5 2 0 5 1 4 2 5 5 3 0 5 2 1 3 4 5 4 0 1 1 3 0 2 0 3 1 2 0 0 2 1 4 1 3 4 0 5 0 5 4 3 4 2 1 4 2 1 3 4 2 3 0 4 5 3 4 4 4 3 4 3 0 2 5 1 3 2 3 2 1 0 1 5 0 3 5 2 0 5 4 1 5 1 0 2
B 308 60 90 SAT 2 0 3 4 0 2 1 3 4 0 5 1 3 5 4 0 5 1 2 5 3 4 2 1 1 3 0 2 3 1 4 5 2 1 0 3 4 0 3 2 4 3 1 5 0 3 5 2 3 4 1 0 1 2 5 2 4 3 0 4 4 5 0 3 2 4 5 2 1 1 5 0 3 2 4 1 4 0 2 0 5 4 3 5 0 3 1 1 2 5
B 309 60 90 SAT 4 1 3 3 1 5 2 3 4 3 5 0 2 0 3 1 0 4 1 2 5 0 5 4 5 3 1 5 2 1 4 5 2 3 1 2 0 1 4 5 4 0 1 2 0 0 3 5 4 5 3 1 3 2 0 5 1 1 5 0 0 0 0 1 4 5 5 2 3 2 1 3 4 5 3 2 1 4 2 1 0 4 5 0 3 4 2 2 3 4
B 310 60 90 SAT 0 2 1 5 0 2 0 3 5 5 4 1 0 4 3 3 5 1 3 4 0 1 0 2 4 3 2 3 2 4 1 4 3 2 3 4 3 2 0 4 0 1 0 2 5 4 3 0 0 1 2 5 3 1 2 4 5 3 0 5 5 1 2 0 5 0 4 1 5 3 2 5 1 4 3 1 2 5 3 4 5 4 2 0 3 1 0 2 4 1
B 311 60 90 SAT 0 1 3 4 0 5 1 5 0 5 3 2 1 0 4 2 1 0 5 1 4 3 1 2 3 5 4 2 4 3 2 4 0 3 5 0 4 3 5 4 3 1 1 0 2 5 1 2 5 2 1 3 4 2 4 3 0 5 2 0 2 5 1 3 1 2 4 2 0 2 0 5 3 4 5 4 3 0 4 3 0 5 0 1 2 5 1 3 4 1
B 312 60 90 SAT 2 5 1 4 0 5 0 3 4 1 2 4 5 1 2 0 5 1 2 5 3 3 1 0 3 4 1 5 0 3 4 1 0 3 0 1 4 3 5 1 2 4 0 2 5 0 2 4 0 2 5 2 0 4 1 2 5 3 4 0 0 4 2 2 5 4 2 0 2 5 0 3 1 3 4 1 3 5 3 4 1 3 1 5 3 0 4 5 2 1
B 313 60 90 SAT 5 4 3 0 4 1 2 5 1 0 2 5 1 3 0 3 4 5 2 0 4 5 0 4 3 0 2 1 5 4 5 2 4 4 1 2 5 1 4 2 0 1 4 1 5 1 5 4 2 0 4 5 0 1 0 2 3 3 2 5 1 2 0 3 1 0 5 2 3 5 4 3 3 2 0 2 0 3 1 3 5 3 4 2 4 5 1 1 4 0
B 314 60 90 SAT 5 0 4 2 0 5 1 4 0 1 5 3 5 3 0 2 1 4 3 5 1 2 4 5 4 1 2 3 1 0 0 1 2 4 2 0 4 3 1 4 3 2 1 4 0 2 1 0 3 0 2 4 1 3 3 1 4 3 2 4 3 4 2 3 4 3 1 0 2 1 0 5 2 3 5 4 5 3 1 5 4 2 0 5 2 0 5 1 0 5
B 315 60 90 SAT 4 1 5 1 4 3 5 3 2 4 2 5 1 3 0 4 5 1 1 4 0 3 2 0 0 2 1 2 3 4 0 5 3 0 4 3 0 5 4 1 3 5 4 3 5 0 5 2 3 1 2 3 5 0 3 2 1 4 0 1 3 5 0 2 1 5 2 3 1 2 0 4 1 2 0 4 3 1 0 5 4 2 4 1 0 5 4 3 5 2
B 316 60 90 SAT 5 2 0 5 4 3 5 1 3 4 2 5 3 2 0 0 1 4 2 5 4 3 5 1 1 0 3 3 2 0 1 4 0 4 0 2 4 3 1 2 4 1 2 3 1 4 1 3 3 4 0 0 4 1 0 3 2 3 4 2 4 1 4 2 3 1 3 0 2 3 0 5 0 4 5 0 5 2 1 5 2 2 3 5 1 4 5 1 0 5
B 317 60 90 SAT 4 2 5 5 3 0 5 1 3 1 2 4 2 4 0 1 3 5 2 5 4 3 5 1 3 5 1 2 1 3 3 4 0 0 1 2 4 0 1 2 0 4 3 4 0 2 1 3 1 5 4 5 0 3 2 3 5 4 3 2 0 4 0 2 5 3 4 3 2 3 1 5 1 2 5 4 0 5 3 0 2 2 1 4 0 4 1 1 0 5
B 318 60 90 SAT 5 4 0 4 5 1 2 5 0 2 3 5 3 5 1 2 0 4 2 0 4 1 3 5 1 2 4 0 2 4 5 3 4 1 0 3 4 5 0 3 0 1 4 5 1 2 3 5 3 1 5 2 5 0 2 1 0 1 2 4 3 3 1 0 1 2 5 1 2 2 4 5 3 0 2 4 0 1 2 0 4 1 4 3 3 4 5 5 0 3
B 319 60 90 SAT 2 5 1 5 4 2 5 0 4 3 5 1 5 3 2 0 5 4 2 5 3 3 0 4 3 1 2 2 1 4 4 0 1 4 2 3 4 3 1 0 3 2 3 2 4 3 5 0 3 4 1 2 0 4 0 2 1 3 2 4 4 0 3 3 2 0 1 0 2 1 4 5 1 0 5 2 1 4 0 2 5 3 1 5 3 4 5 1 0 5
B 320 60 90 SAT 5 1 0 4 5 0 5 0 2 1 2 5 2 5 1 5 3 4 2 5 0 1 4 0 4 3 1 1 0 3 5 3 0 0 1 4 3 0 5 2 1 4 0 1 5 3 2 0 2 5 4 4 0 2 1 4 2 5 2 4 2 2 4 1 4 3 2 4 2 3 0 5 3 4 2 4 1 5 3 0 1 1 3 5 3 0 5 3 0 1
B 321 60 90 SAT 2 0 3 5 4 1 0 3 5 2 5 0 4 1 2 2 3 0 4 2 5 3 1 0 1 2 4 4 5 2 4 0 1 0 4 2 2 1 3 0 3 1 3 1 5 2 0 5 4 1 3 4 2 0 1 5 3 3 2 4 5 3 1 3 1 3 4 0 5 2 4 5 4 0 2 1 4 3 2 5 0 1 3 5 4 0 2 1 0 5
B 322 60 90 SAT 2 1 0 5 3 2 2 5 4 2 0 3 3 2 5 0 1 2 4 1 0 5 0 2 2 1 5 4 3 1 4 3 1 1 5 0 3 2 4 5 1 4 1 0 5 0 2 4 4 3 0 3 2 4 4 0 5 1 2 5 4 4 0 5 3 4 5 1 0 0 3 2 3 4 2 1 3 5 1 5 2 5 1 0 1 3 2 4 3 0
B 323 60 90 SAT 5 1 2 4 0 5 5 3 2 2 0 5 1 0 3 3 2 4 0 3 4 4 2 1 1 2 0 4 1 5 5 3 1 3 1 4 3 0 2 4 3 0 1 3 0 5 0 2 1 3 4 5 2 3 1 4 0 3 2 4 3 3 0 4 0 2 4 1 5 2 1 5 4 5 2 1 4 3 0 2 5 4 1 0 3 5 2 1 5 0
B 324 60 90 SAT 4 1 2 4 3 1 2 0 5 1 2 4 3 0 5 5 2 4 1 3 2 0 5 4 1 5 3 5 3 0 5 4 0 5 1 4 3 4 0 4 2 0 0 3 4 4 1 5 0 2 5 3 5 2 0 3 4 1 5 3 3 0 4 3 0 2 5 2 1 5 1 3 1 5 2 3 0 2 3 4 1 0 1 4 5 2 1 0 4 2
B 325 60 90 SAT 3 5 0 3 5 1 2 5 4 2 5 4 4 2 1 4 5 3 5 3 2 0 2 1 1 2 5 4 3 1 4 3 1 1 4 0 4 3 0 0 3 1 1 5 0 3 2 4 5 2 4 4 2 0 1 5 0 3 2 4 4 0 0 0 2 3 1 2 5 4 2 5 3 4 2 1 0 5 0 1 3 1 5 3 3 4 2 1 0 5
B 326 60 90 SAT 2 1 0 5 2 4 5 2 3 4 1 5 5 1 3 5 0 4 5 0 3 0 3 2 4 1 2 4 3 1 0 3 4 4 1 2 3 4 0 0 4 3 5 3 1 0 2 5 3 2 1 4 0 3 2 0 4 3 2 4 4 3 0 2 3 0 5 1 2 1 2 5 0 4 2 3 4 1 0 4 5 2 1 5 3 1 5 1 0 5
B 327 60 90 SAT 3 1 4 4 3 5 2 0 5 2 1 5 2 0 3 0 2 1 5 1 4 0 2 3 1 2 4 1 3 2 4 3 1 1 0 3 3 5 1 0 2 4 4 1 2 4 2 0 1 3 0 2 0 4 1 3 0 2 4 5 5 0 4 0 2 4 0 2 4 1 5 3 3 0 5 1 5 3 4 5 2 3 1 5 2 4 5 1 3 0
B 328 60 90 SAT 5 2 0 5 2 1 0 5 4 3 2 4 2 3 0 3 1 5 3 2 0 1 0 5 4 0 2 1 2 5 4 0 1 1 2 0 3 5 2 3 0 1 3 0 4 5 2 4 5 3 2 0 1 3 4 0 3 4 2 5 4 3 3 5 3 4 1 0 4 4 2 5 1 5 2 0 1 3 1 4 0 4 2 5 2 1 5 0 1 3
B 329 60 90 SAT 2 0 1 3 0 5 5 1 3 2 0 4 4 3 5 2 4 5 0 1 2 4 1 0 5 1 3 3 4 0 5 3 4 5 0 1 2 5 0 1 3 2 2 5 1 0 3 4 2 1 4 3 5 2 3 1 5 0 2 5 5 2 2 1 3 2 4 1 3 4 0 5 4 0 3 5 1 2 3 0 5 1 0 4 0 4 2 1 3 4
B 330 60 90 SAT 0 1 2 0 4 5 2 1 0 5 3 4 3 1 4 4 5 1 0 5 3 3 2 5 1 2 0 4 0 2 0 2 3 5 1 0 4 3 1 0 3 2 5 3 2 4 3 0 2 3 1 0 5 3 3 2 1 0 1 4 4 3 3 1 3 2 5 2 0 1 5 4 0 1 4 5 2 1 4 0 5 2 1 4 0 5 4 2 3 5
B 331 60 90 SAT 2 1 0 5 2 3 5 2 4 3 5 1 0 3 4 3 4 0 3 5 2 0 4 1 4 3 1 0 4 2 4 0 3 5 3 1 4 2 0 1 5 3 0 5 2 3 4 2 1 2 4 5 0 4 0 1 3 3 2 4 5 0 1 2 4 2 3 1 5 4 0 2 4 3 1 0 1 5 5 3 0 3 2 1 4 2 5 1 0 5
B 332 60 90 SAT 4 5 1 1 0 2 4 1 5 3 5 1 2 3 0 4 3 5 1 2 0 2 0 4 2 3 4 2 5 4 0 2 5 5 3 4 4 0 5 3 5 0 2 4 3 4 0 1 1 5 0 4 2 0 3 1 5 4 2 5 3 5 0 4 0 1 2 3 1 4 2 1 0 5 1 2 5 3 4 3 2 3 5 1 2 4 0 0 3 1
B 333 60 90 SAT 5 1 2 4 3 5 1 5 0 2 5 4 1 4 5 2 3 5 3 2 1 4 2 1 1 2 5 0 2 3 4 3 1 0 1 2 3 5 1 4 2 3 1 3 0 4 2 5 3 1 4 4 2 0 1 5 0 3 2 4 3 0 4 0 4 3 0 2 4 1 0 5 2 4 5 3 0 1 2 0 5 1 5 3 3 4 2 1 0 5
B 334 60 90 SAT 1 0 2 3 2 5 0 4 1 3 5 1 5 3 0 5 1 3 4 2 0 2 5 1 5 0 1 2 5 4 0 2 3 4 0 1 1 3 4 4 0 3 3 0 1 2 4 5 4 5 2 3 4 1 0 2 3 5 2 4 4 4 3 4 3 2 5 0 2 1 5 2 2 4 5 1 3 0 0 3 1 2 0 5 4 1 5 0 1 3
B 335 60 90 SAT 0 3 4 5 2 3 3 2 1 0 2 4 5 4 3 1 4 5 1 3 2 4 1 0 4 1 5 1 0 4 5 4 2 3 1 0 0 5 2 0 5 2 4 3 2 1 3 2 5 4 1 3 5 4 0 5 3 1 2 4 2 0 5 3 5 2 1 4 3 1 4 3 0 1 5 5 0 4 3 2 0 1 2 0 4 2 1 0 5 3
B 336 60 90 SAT 5 1 0 2 5 4 3 5 2 5 3 4 1 5 3 3 5 4 5 1 2 4 0 1 4 3 1 4 2 3 4 0 3 3 1 0 5 4 0 0 2 5 4 3 2 1 3 2 4 2 0 0 5 3 1 2 4 3 2 4 2 0 0 2 4 2 3 1 2 3 4 1 1 0 5 0 4 5 3 5 1 1 4 2 0 3 5 1 0 5
B 337 60 90 SAT 5 2 4 0 1 4 4 1 3 1 0 2 4 3 2 0 3 2 3 2 0 4 0 5 4 5 1 0 3 1 4 3 1 2 3 5 3 1 2 2 0 1 4 2 3 0 3 1 0 3 5 1 4 2 3 5 2 0 4 2 3 2 2 5 1 0 0 5 4 3 5 4 0 5 1 5 4 2 4 1 2 3 5 0 1 0 4 1 3 5
B 338 60 90 SAT 2 3 5 2 1 0 3 5 2 2 1 4 2 4 5 4 5 2 2 3 5 5 0 1 4 0 1 2 4 3 4 5 1 0 4 5 4 2 1 5 3 1 1 0 5 0 2 4 3 1 4 4 5 2 1 5 3 4 3 2 4 3 1 0 1 3 0 5 3 4 0 2 4 3 2 5 1 3 0 2 5 1 3 0 0 4 2 1 0 5
B 339 60 90 SAT 5 3 2 4 1 2 5 0 2 4 5 2 0 3 5 1 4 5 1 4 0 4 0 2 5 3 2 1 2 5 0 3 4 1 3 5 1 0 5 3 4 0 3 1 5 4 1 2 3 1 0 5 0 4 0 2 4 2 1 5 1 0 3 1 0 4 4 3 2 5 1 2 4 0 2 3 0 5 2 5 4 2 3 1 1 3 5 0 3 4
B 340 60 90 SAT 0 3 5 5 3 1 2 5 4 2 5 3 0 2 3 4 0 1 2 5 0 5 1 3 2 4 1 0 4 2 0 3 1 4 2 3 0 1 3 5 4 1 0 4 5 1 2 4 4 3 0 2 1 5 1 3 0 4 5 2 4 0 1 4 1 5 2 4 5 2 3 0 1 3 2 0 3 5 2 1 5 0 4 3 4 2 5 1 0 3
B 341 60 90 SAT 1 5 2 0 5 1 0 5 4 2 5 3 2 3 1 0 2 3 4 2 0 2 4 5 4 2 0 3 4 1 4 3 0 5 3 1 4 1 3 3 0 5 3 2 4 1 0 2 0 2 5 4 1 3 0 2 3 3 2 4 3 3 2 1 4 0 0 2 5 4 1 2 1 5 0 3 4 5 4 1 3 0 5 2 4 1 5 0 1 5
B 342 60 90 SAT 1 0 5 2 5 1 0 2 4 5 1 3 5 0 2 3 0 5 3 2 5 4 3 0 3 1 2 4 1 2 4 3 1 2 0 3 3 5 2 0 2 1 0 5 1 1 3 0 3 2 4 2 1 4 4 0 3 3 2 4 2 4 3 0 4 1 0 1 4 3 5 4 2 3 4 4 5 2 1 0 5 3 0 5 2 1 5 1 0 5
B 343 60 90 SAT 3 1 5 2 0 1 2 0 3 4 0 2 5 0 3 4 0 1 2 4 5 5 4 3 4 1 0 5 4 3 5 3 2 1 2 3 0 3 2 5 0 1 4 2 0 5 2 1 4 3 1 2 5 1 4 5 1 3 0 4 2 5 1 1 0 4 4 1 5 4 2 3 3 5 1 4 3 0 5 2 0 3 0 4 2 0 3 1 2 5
B 344 60 90 SAT 1 2 5 1 4 5 2 3 1 5 1 2 4 0 2 3 4 1 0 5 3 0 4 2 2 0 1 4 1 2 4 3 5 2 3 5 1 0 5 3 4 1 0 1 3 0 2 1 0 3 1 4 2 0 2 3 5 0 2 3 3 3 0 0 0 1 4 3 2 0 5 2 2 4 5 5 3 4 4 5 2 5 3 1 0 1 4 4 1 5
B 345 60 90 SAT 1 2 5 2 1 3 1 4 5 2 4 5 4 0 3 1 0 3 5 4 1 0 3 2 3 4 2 5 2 4 5 3 1 2 4 1 0 4 2 5 0 1 0 4 3 4 0 1 2 0 5 4 5 0 1 4 0 3 2 5 4 0 0 0 0 5 3 1 5 4 2 3 5 2 1 2 5 3 3 4 1 2 1 3 3 5 2 1 0 4
B 346 60 90 SAT 5 4 1 4 0 5 1 4 0 3 5 4 2 0 3 0 4 5 2 3 4 2 1 3 5 2 3 0 5 1 4 2 1 4 0 1 0 5 1 2 0 4 3 1 4 1 5 4 1 0 5 3 0 4 0 2 3 5 0 2 0 1 2 0 3 5 2 4 3 3 1 5 2 5 0 3 0 2 2 4 3 1 2 5 1 5 4 1 4 3
B 347 60 90 SAT 5 1 4 0 2 5 4 5 3 2 5 4 3 1 2 2 0 4 0 3 2 4 3 1 1 3 2 2 3 4 1 3 5 2 1 0 0 3 4 3 2 4 0 4 2 1 4 3 1 0 4 3 0 2 4 3 0 5 2 0 0 4 0 0 3 4 2 5 1 1 0 5 3 1 5 2 5 0 3 5 2 1 5 4 1 2 5 3 4 1
B 348 60 90 SAT 1 0 5 5 0 4 1 5 2 2 5 4 0 5 2 4 3 5 5 3 2 4 2 1 4 1 2 4 3 1 4 3 1 2 0 1 3 1 5 0 3 4 5 2 4 1 0 3 3 2 4 4 0 3 1 5 0 3 2 4 3 3 0 0 4 3 2 4 0 2 1 5 1 3 0 4 5 2 1 0 5 2 1 5 3 4 2 1 0 5
B 349 60 90 SAT 5 2 4 5 1 2 5 1 4 1 5 2 0 1 5 2 3 4 0 2 5 4 3 1 2 4 5 4 0 3 4 3 1 3 0 5 1 5 4 0 4 1 5 0 3 1 4 2 0 5 2 3 2 4 3 5 0 1 4 2 0 3 2 0 1 4 3 2 0 3 5 2 1 4 2 0 3 5 4 3 1 0 1 5 4 1 2 3 0 5
B 350 60 90 SAT 5 0 4 1 2 3 2 1 4 0 4 2 3 5 0 4 3 5 2 0 1 2 4 3 0 5 2 5 4 3 1 2 5 2 1 0 2 4 5 3 4 0 4 2 3 1 4 0 3 5 4 1 2 0 1 3 4 3 0 2 1 4 0 3 3 4 1 0 3 2 1 5 0 1 5 5 3 2 2 1 0 5 3 4 5 2 0 5 4 1
B 351 60 90 SAT 2 1 5 3 0 4 3 4 5 2 5 1 1 3 0 2 5 1 2 1 4 3 4 2 4 2 3 5 1 3 4 3 2 0 3 5 2 4 0 4 1 0 2 3 5 1 2 0 5 3 0 2 4 1 3 1 4 3 0 2 0 1 0 0 4 2 3 5 1 2 3 5 1 4 0 5 3 4 4 2 1 3 0 5 2 0 5 4 5 1
B 352 60 90 SAT 0 3 5 1 4 5 3 2 4 1 3 5 2 1 3 3 5 2 1 0 3 2 1 0 0 3 4 4 5 2 4 2 5 3 4 5 4 1 3 2 5 4 3 0 2 1 4 0 5 0 3 2 3 1 5 1 0 1 2 4 4 2 1 0 1 0 2 0 5 0 1 3 5 4 1 2 5 3 4 1 2 4 5 0 4 2 3 3 0 5
B 353 60 90 SAT 5 3 2 2 1 5 1 2 0 2 5 4 0 5 4 3 5 2 5 1 0 0 4 3 5 3 1 4 0 2 4 3 1 3 4 1 0 5 1 2 1 0 3 2 0 1 5 0 3 2 4 4 3 5 1 4 3 4 0 2 1 4 3 0 0 2 4 3 2 3 4 5 5 1 4 4 3 2 1 0 5 0 2 1 0 2 5 1 3 5
B 354 60 90 SAT 1 5 0 5 2 1 2 1 5 2 5 0 1 4 3 1 5 0 4 1 3 4 0 2 1 4 5 5 3 0 0 3 2 5 4 3 2 1 0 3 5 0 0 4 3 0 4 1 4 2 5 1 5 2 0 5 4 3 4 0 3 0 4 4 2 0 4 3 5 4 2 1 2 5 1 3 5 2 0 3 1 3 4 0 2 3 1 1 2 5
B 355 60 90 SAT 3 1 5 2 5 0 5 3 0 4 5 3 1 5 2 5 1 2 4 3 1 2 0 3 4 0 1 0 2 1 1 2 4 2 1 3 3 0 1 2 4 0 1 4 5 4 5 3 1 0 4 4 2 0 3 1 0 4 3 2 4 3 4 0 0 4 2 4 5 1 3 5 2 0 3 1 0 2 2 3 5 1 5 3 4 2 5 0 1 5
B 356 60 90 SAT 4 2 3 4 5 3 1 0 2 2 5 4 0 5 2 1 3 5 5 4 0 5 1 4 1 2 5 4 2 1 4 3 1 2 0 4 4 0 3 1 5 0 4 2 0 5 1 0 4 3 2 1 0 3 1 5 0 3 2 4 0 0 3 0 1 3 5 1 2 2 4 3 1 5 3 4 2 3 0 1 5 4 2 5 3 4 2 1 0 5
B 357 60 90 SAT 0 2 5 2 4 5 0 3 4 1 3 0 4 1 3 1 0 3 2 4 5 1 5 0 5 0 2 4 5 1 5 4 3 2 3 0 1 3 5 0 1 5 3 1 2 4 2 0 2 1 5 2 5 3 0 5 3 1 4 2 3 1 2 2 1 5 4 0 2 3 2 4 0 5 4 5 3 1 4 3 0 1 4 0 2 1 4 5 3 0
B 358 60 90 SAT 2 5 4 2 3 1 2 5 1 1 0 3 1 5 3 4 2 5 0 4 1 1 4 0 4 5 2 4 3 1 5 2 0 3 5 2 0 4 3 4 3 1 0 2 3 0 4 5 5 0 1 2 0 4 0 4 2 4 5 1 3 0 0 4 0 4 2 1 5 5 0 2 1 4 5 3 1 2 4 2 3 3 5 1 5 3 1 2 0 3
B 359 60 90 SAT 2 5 1 5 2 3 5 0 2 1 4 5 3 0 5 3 1 5 4 1 0 3 1 0 4 3 2 2 3 1 0 3 4 4 3 1 2 0 1 0 5 4 4 2 3 1 2 0 3 2 4 4 3 0 1 4 2 3 0 5 4 0 4 2 0 2 3 4 5 1 3 2 0 5 1 3 4 5 1 0 5 1 2 5 0 3 5 4 2 1
B 360 60 90 SAT 5 2 3 1 5 4 1 5 3 1 5 2 4 1 5 2 0 5 4 2 3 4 3 2 3 4 0 4 3 1 4 3 1 0 4 2 0 1 2 2 3 5 4 0 3 3 0 5 1 4 2 3 4 0 1 3 0 1 2 4 0 2 0 0 1 3 4 3 5 0 4 1 2 1 5 4 1 2 3 0 5 2 1 5 4 5 2 3 0 5
B 361 60 90 SAT 5 3 0 5 0 1 2 5 0 0 1 5 1 2 4 2 3 0 0 3 2 4 0 5 3 1 2 4 0 1 4 2 1 4 2 3 2 1 0 3 5 1 4 2 0 5 3 2 1 2 5 3 0 4 1 3 0 4 2 3 2 4 3 3 1 5 4 3 5 2 4 0 1 5 3 0 4 1 4 3 0 2 1 5 4 5 2 1 0 5
B 362 60 90 SAT 0 2 3 5 1 4 2 1 3 3 5 2 4 5 0 3 4 5 4 1 2 1 3 2 4 3 1 4 3 1 1 2 4 2 4 0 1 5 0 0 3 1 4 2 0 3 1 0 3 2 4 5 1 0 4 3 1 3 2 4 5 0 0 0 1 3 4 3 2 2 4 5 5 1 3 4 2 5 1 0 5 2 3 4 2 0 5 1 0 5
B 363 60 90 SAT 5 0 4 0 3 4 5 0 4 1 5 0 1 3 5 5 2 1 5 3 1 1 4 0 1 5 3 2 4 0 0 3 4 2 1 4 3 2 0 5 0 3 1 4 3 2 4 1 4 5 2 2 0 3 3 1 0 5 2 0 2 2 3 2 3 0 5 1 4 1 2 4 2 0 5 0 3 5 3 0 1 4 1 5 4 2 5 1 3 4
B 364 60 90 SAT 3 0 4 3 2 0 0 3 1 3 1 2 1 0 4 5 2 0 4 3 1 1 4 5 5 1 2 1 5 3 4 0 3 2 1 4 2 1 3 4 3 0 3 2 4 1 5 2 5 0 2 1 4 5 3 1 2 3 5 4 2 4 2 5 5 3 5 4 0 1 5 2 5 1 0 4 3 0 3 4 1 3 0 2 4 5 0 1 0 2
B 365 60 90 SAT 0 5 3 3 0 5 1 2 4 0 5 4 5 4 2 1 5 0 5 1 2 1 3 0 1 4 0 4 3 1 4 3 1 2 4 0 0 4 2 1 3 0 1 4 2 0 5 4 0 1 4 4 3 1 1 5 2 3 2 0 4 2 0 2 1 3 1 3 5 4 5 2 0 3 5 1 3 2 2 3 5 2 0 5 3 4 0 1 4 5
B 366 60 90 SAT 2 3 5 3 0 2 1 2 0 5 2 3 5 4 3 5 0 4 0 1 5 1 4 2 1 2 4 0 3 4 1 0 2 1 3 2 5 0 2 5 3 1 4 5 0 2 0 4 2 0 5 1 0 4 2 4 5 0 4 3 0 5 5 4 4 0 1 4 3 4 0 2 3 2 1 1 3 5 1 4 3 2 3 5 0 1 3 1 2 5
B 367 60 90 SAT 2 0 5 1 3 0 5 1 3 2 5 1 4 5 2 4 0 5 5 2 3 3 1 2 4 0 1 2 3 4 4 3 1 1 4 2 5 3 0 4 1 0 4 1 3 4 2 0 3 0 5 5 0 3 1 0 2 4 2 5 4 5 0 0 3 0 4 1 2 2 3 5 2 0 5 1 3 5 4 1 2 4 2 1 3 4 5 1 0 3
B 368 60 90 SAT 5 0 1 2 5 1 3 5 4 0 5 2 3 5 0 3 4 5 5 0 4 4 3 1 0 3 2 4 2 3 2 3 1 2 0 4 4 3 5 2 4 0 1 3 0 4 2 5 1 0 4 4 2 3 3 4 0 3 5 2 2 4 0 4 3 1 0 2 1 3 1 5 4 2 5 3 0 1 2 3 5 1 0 5 1 2 5 4 0 1
B 369 60 90 SAT 4 2 5 4 5 3 5 2 4 2 5 4 5 2 0 4 1 2 1 5 2 0 3 5 2 3 1 4 3 1 4 3 1 1 2 4 2 0 5 1 4 0 3 2 4 2 0 1 1 3 0 3 5 4 1 5 0 0 4 2 1 0 0 0 0 3 1 3 4 2 5 3 1 0 5 3 4 5 4 2 5 1 0 2 3 4 2 3 1 5
B 370 60 90 SAT 1 2 5 0 2 4 5 4 3 2 1 3 3 5 0 5 3 1 4 5 0 5 4 2 5 3 0 1 3 4 3 4 1 0 4 1 2 3 1 1 5 4 2 5 3 5 1 0 4 2 0 1 3 5 4 3 0 5 2 3 0 1 2 5 3 2 5 0 4 3 0 2 1 4 0 4 2 3 1 3 5 4 0 2 1 2 5 4 1 0
B 371 60 90 SAT 2 1 5 4 5 2 0 5 1 2 5 4 0 4 5 3 4 1 3 2 0 0 4 2 3 2 1 4 2 1 4 3 1 1 4 2 1 5 2 3 0 4 3 4 0 0 3 4 0 2 3 0 2 1 3 1 0 3 2 4 3 0 3 0 0 3 3 0 4 1 2 5 2 1 5 2 1 5 4 1 5 4 3 5 4 2 5 1 0 5
B 372 60 90 SAT 3 0 1 0 4 5 5 0 4 0 1 4 0 2 5 0 2 5 1 3 2 1 4 3 3 1 4 4 2 0 4 3 1 5 0 3 3 2 5 1 0 2 0 2 4 3 5 4 0 1 5 2 3 1 1 2 0 3 2 4 5 2 3 2 2 1 1 4 0 3 4 5 1 3 5 2 1 0 3 2 4 4 0 5 3 4 5 5 1 0
B 373 60 90 SAT 1 5 2 1 5 0 3 0 5 2 5 4 5 3 2 4 5 1 0 1 4 0 2 3 4 0 2 4 2 3 1 3 2 4 3 2 2 5 3 1 4 3 0 5 2 0 1 4 2 4 1 0 1 4 2 0 3 3 1 0 4 3 1 0 0 1 4 0 1 2 0 5 4 3 1 3 2 5 3 0 5 3 2 5 1 5 4 4 2 5
B 374 60 90 SAT 2 5 0 5 1 4 0 3 5 4 1 2 1 3 5 5 2 1 2 0 3 0 3 4 2 3 4 5 4 0 2 3 5 5 1 4 1 3 0 2 5 0 1 2 3 2 1 0 4 3 5 0 2 1 5 3 1 5 4 0 1 0 1 0 3 2 2 4 5 3 4 1 0 4 5 4 3 5 2 1 0 4 5 3 0 2 4 3 2 1
B 375 60 90 SAT 0 5 3 1 5 3 2 5 1 2 3 4 4 3 5 0 5 4 1 2 0 2 4 0 0 4 1 3 1 5 4 0 3 5 2 0 4 5 2 1 2 3 0 1 4 4 1 3 1 5 4 5 0 4 1 0 5 2 4 5 1 2 4 5 4 1 0 1 3 4 0 5 2 5 3 2 0 5 2 0 3 1 3 2 3 4 2 3 0 1
B 376 60 90 SAT 2 5 4 4 2 1 5 0 3 2 1 4 3 0 5 2 5 3 2 5 0 1 0 4 0 1 3 3 2 4 5 3 1 1 3 2 3 5 4 0 5 2 4 3 0 1 5 3 1 0 4 1 2 5 1 0 3 3 0 2 3 5 1 0 0 4 0 1 2 3 1 4 2 1 5 0 4 2 2 3 5 4 3 0 4 5 2 1 5 4
B 377 60 90 SAT 0 5 4 3 2 5 2 0 5 5 2 3 1 5 0 4 0 1 2 4 5 4 3 2 4 0 3 4 1 2 4 3 1 3 1 0 1 0 5 4 1 2 0 2 4 2 1 0 4 0 3 1 5 3 3 1 4 3 2 4 1 1 3 0 2 4 4 3 2 0 3 5 3 1 5 4 5 3 1 2 5 4 0 2 2 0 5 1 0 5
B 378 60 90 SAT 3 1 5 2 4 1 0 5 2 1 0 3 5 0 3 0 4 5 2 1 4 2 5 3 1 3 0 4 1 2 5 2 3 1 0 3 5 4 3 0 5 2 3 2 1 4 1 3 4 3 5 0 4 2 1 4 5 3 4 2 4 5 3 4 2 4 0 1 2 3 1 4 0 4 5 2 0 5 2 1 0 5 3 1 2 3 0 1 5 0
B 379 60 90 SAT 3 4 5 2 1 5 2 0 5 1 5 3 0 2 4 3 0 1 2 5 0 1 2 4 4 3 1 4 1 2 4 3 1 4 0 1 1 0 5 3 0 2 0 3 4 1 2 0 0 3 2 4 1 0 1 3 0 3 2 4 0 0 3 0 2 3 3 4 2 4 1 5 1 2 5 4 5 3 1 4 5 2 3 5 4 5 2 1 0 5
B 380 60 90 SAT 0 3 1 0 5 1 0 5 2 2 1 5 2 0 4 0 3 4 5 0 2 1 5 3 3 1 4 3 1 5 4 3 1 5 2 1 4 2 5 0 2 3 5 4 3 1 0 2 0 4 1 0 2 1 1 3 2 3 5 4 2 2 4 0 4 3 3 1 0 4 1 5 1 2 0 3 5 4 5 3 2 4 5 3 4 0 5 1 0 2
B 381 60 90 SAT 1 5 4 3 2 4 4 0 1 1 2 3 5 4 3 4 1 2 2 0 5 0 4 2 0 5 2 3 5 4 3 5 1 0 5 3 2 1 3 1 0 4 3 2 1 2 4 1 3 2 5 5 2 3 0 5 4 1 0 2 3 1 2 0 2 1 0 5 4 5 2 3 5 0 4 3 0 5 0 4 1 4 1 0 3 1 2 5 3 4
B 382 60 90 SAT 1 4 5 5 4 2 3 1 2 2 0 4 0 2 5 1 3 4 3 5 0 0 5 1 1 0 4 2 0 1 4 3 1 4 0 5 4 3 5 3 1 2 5 4 3 0 4 3 1 0 4 1 2 5 4 3 2 3 5 0 3 3 4 5 2 3 1 0 2 0 4 5 0 2 1 5 1 2 5 2 3 0 3 4 1 5 0 1 4 2
B 383 60 90 SAT 5 0 1 5 1 0 0 2 5 2 5 4 3 5 4 1 2 5 3 2 4 4 1 0 3 4 0 4 1 2 4 3 1 0 3 4 4 2 5 2 3 1 4 2 0 0 1 3 4 0 3 5 2 1 1 3 0 3 2 4 3 2 3 0 2 1 3 0 1 4 0 5 1 3 5 4 2 5 1 2 5 4 3 0 4 5 2 1 0 5
B 384 60 90 SAT 0 3 1 1 5 3 2 3 5 2 5 4 4 2 0 1 0 5 3 1 2 1 4 0 0 4 3 4 0 3 4 3 1 3 2 0 2 5 4 1 0 2 0 1 3 1 4 3 5 0 1 0 4 1 1 3 0 3 2 4 5 2 1 0 4 1 0 3 1 4 3 5 4 2 5 0 5 2 4 3 2 2 3 5 4 5 2 1 0 5
B 385 60 90 SAT 1 5 0 2 5 1 3 1 5 1 2 5 4 5 3 0 3 4 3 0 1 0 3 4 4 0 2 5 4 1 4 3 2 3 2 0 4 3 5 2 3 1 2 4 3 0 3 1 2 1 0 0 1 2 0 4 2 3 4 5 2 3 2 0 4 1 0 2 1 4 0 5 0 1 5 4 2 5 3 4 5 3 5 4 5 1 3 2 0 1
B 386 60 90 SAT 3 5 2 2 5 4 5 1 2 3 5 4 1 4 5 2 5 3 0 3 2 0 2 5 4 3 1 3 4 1 4 2 0 0 1 3 3 5 0 0 2 4 4 2 1 1 0 2 1 2 4 5 0 3 1 2 5 3 4 1 1 0 0 1 4 2 1 4 2 3 1 5 3 0 5 3 4 5 0 3 5 4 1 2 0 4 3 0 2 5
B 387 60 90 SAT 1 3 5 4 5 1 5 3 1 2 0 5 2 0 5 0 2 3 3 0 4 5 0 1 2 0 5 4 2 1 5 3 1 4 2 3 5 0 3 2 3 1 0 1 4 3 1 0 0 4 5 2 5 0 0 4 3 1 4 5 4 3 0 4 0 1 2 4 1 0 5 4 2 3 5 4 2 5 2 1 3 4 1 3 1 5 2 3 2 0
B 388 60 90 SAT 3 2 5 1 5 4 5 4 2 2 5 4 1 4 5 3 2 0 5 1 3 1 0 3 4 3 2 3 2 0 4 3 1 0 4 3 0 3 5 2 1 0 4 1 2 3 2 4 1 5 4 0 1 4 3 1 0 3 4 2 4 0 1 0 1 2 2 4 1 3 4 5 0 3 5 0 1 5 3 0 2 3 2 5 4 2 5 0 1 5
B 389 60 90 SAT 4 0 5 2 5 0 0 5 2 2 3 0 3 2 0 1 5 4 3 4 1 1 3 0 1 3 2 1 2 5 4 5 3 0 3 5 4 5 3 1 4 0 4 5 2 1 4 2 4 3 2 3 1 0 1 5 0 2 1 4 2 4 4 1 1 4 1 2 0 3 2 5 3 1 0 5 3 0 1 0 5 4 5 2 4 3 2 3 5 0
B 390 60 90 SAT 3 2 5 5 2 4 1 5 0 0 1 5 2 4 3 1 5 3 0 2 3 4 5 0 4 0 1 4 3 1 2 4 5 1 2 3 0 2 3 1 5 3 4 3 5 4 2 1 4 5 0 1 3 2 2 3 0 3 4 1 1 3 2 3 4 0 1 4 5 0 4 2 0 1 2 0 5 3 3 2 1 4 5 0 4 5 1 2 0 5
B 391 60 90 SAT 5 1 4 0 5 1 3 0 1 2 0 5 0 5 2 3 2 1 4 2 0 4 0 2 3 2 0 1 2 4 4 5 1 2 3 4 4 2 5 0 4 1 3 0 1 0 1 2 0 4 3 5 2 3 1 0 5 3 2 4 3 4 5 3 0 1 3 0 1 2 3 5 2 4 5 3 4 5 2 5 1 4 1 0 4 3 2 1 5 0
B 392 60 90 SAT 2 4 3 1 5 3 3 5 0 2 5 0 4 5 2 3 2 5 2 5 1 1 0 4 0 2 1 2 1 0 4 0 1 0 4 2 5 2 4 1 4 0 2 5 4 1 4 3 3 0 5 5 2 1 3 1 0 3 2 4 5 4 4 3 1 3 0 1 3 2 3 5 1 0 3 2 0 5 1 4 2 0 4 3 4 2 5 1 0 5
B 393 60 90 SAT 4 5 2 3 5 0 5 2 4 5 2 3 1 2 3 1 0 3 2 4 5 1 2 4 1 0 4 4 1 2 4 3 1 5 3 4 4 0 5 3 2 0 1 5 2 1 0 3 4 0 2 0 2 1 4 1 3 3 2 4 0 2 3 0 1 0 3 1 2 4 1 5 0 4 3 4 5 2 1 5 3 4 3 5 2 0 5 1 0 5
B 394 60 90 SAT 2 1 4 2 3 0 4 2 1 5 4 3 2 0 5 2 0 3 5 1 3 5 4 1 5 4 0 1 5 2 3 2 1 1 0 4 3 5 1 2 1 0 0 3 4 3 2 5 1 0 3 0 5 3 2 4 1 5 0 1 3 1 0 0 5 3 0 4 2 5 3 4 5 1 2 1 0 4 2 4 5 1 2 4 5 0 3 4 2 3
B 395 60 90 SAT 3 1 5 4 2 3 1 4 5 1 5 0 4 2 1 3 5 0 5 2 4 4 0 3 1 5 2 2 3 1 3 0 4 1 2 5 2 4 1 4 0 2 3 0 5 4 0 2 0 2 3 2 5 0 1 4 0 1 2 5 2 0 0 2 4 0 0 5 3 1 3 5 2 4 1 3 5 1 4 1 5 1 3 4 2 3 5 3 0 4
B 396 60 90 SAT 4 5 2 0 5 1 5 4 3 0 5 4 3 0 1 1 5 4 3 2 0 1 2 0 3 2 5 0 3 1 2 3 4 1 3 2 3 0 4 2 0 4 1 5 2 4 3 1 4 2 1 5 3 0 1 3 2 3 0 4 3 4 2 1 0 4 1 2 5 3 1 5 0 3 4 2 5 0 3 0 5 2 4 1 0 5 4 2 1 5
B 397 60 90 SAT 1 5 2 5 1 0 5 1 3 4 2 0 4 3 0 3 4 5 2 4 5 2 4 1 2 0 3 4 3 1 1 0 2 0 3 1 1 0 4 4 2 1 2 0 5 2 4 0 2 5 3 0 4 5 3 2 4 1 4 2 0 4 2 5 4 2 3 2 5 3 0 5 4 1 3 1 5 3 1 0 4 2 3 1 0 1 5 3 0 5
B 398 60 90 SAT 5 1 2 0 2 1 5 3 0 2 5 4 3 4 0 3 5 4 5 1 0 4 2 1 1 3 2 4 0 3 4 3 1 0 4 5 5 0 2 3 0 4 1 5 0 3 2 4 2 4 0 3 2 0 1 2 4 3 0 4 0 4 2 0 3 2 4 3 1 5 1 2 4 3 2 1 0 5 1 3 5 5 4 1 0 3 5 1 2 5
B 399 60 90 SAT 0 5 4 2 1 3 2 5 4 1 5 3 1 2 5 2 5 0 4 2 5 2 4 1 4 3 1 4 3 1 0 3 2 3 2 4 0 3 1 2 4 0 1 5 0 3 2 4 2 4 3 1 4 0 3 5 0 1 2 4 3 0 0 4 1 0 2 4 5 5 3 1 3 4 2 1 0 5 0 5 1 2 3 5 4 1 2 3 0 5
B 400 60 90 SAT 0 3 1 2 0 5 5 2 3 2 5 4 3 2 0 1 5 2 1 4 3 4 1 2 1 3 0 4 3 1 4 3 1 4 3 0 0 2 1 1 0 2 5 4 3 0 1 4 1 3 0 3 2 4 1 0 5 3 2 4 5 4 0 0 2 1 4 3 5 4 5 3 1 0 2 3 2 5 4 5 2 1 0 5 4 3 2 1 0 5
B 401 60 90 SAT 0 5 4 2 5 3 0 4 5 5 2 3 1 5 2 4 0 3 2 4 5 4 1 2 1 0 2 5 3 1 4 3 1 3 2 0 0 3 4 2 4 5 1 2 4 3 2 5 4 2 0 1 5 0 4 1 3 3 2 4 3 4 2 0 1 4 2 1 5 0 1 3 3 5 0 1 0 4 1 3 5 4 3 2 2 0 5 1 0 5
B 402 60 90 SAT 0 2 5 1 5 3 5 1 2 3 1 0 2 1 4 4 3 5 1 0 4 5 3 2 2 4 1 0 3 5 2 0 1 3 2 4 4 1 0 1 0 5 0 4 2 3 4 1 5 1 2 4 0 5 0 2 3 5 4 1 4 0 4 5 1 0 3 2 5 4 2 3 3 5 1 0 5 2 4 3 0 1 2 3 5 1 4 2 3 0
B 403 60 90 SAT 2 1 4 0 5 3 2 1 5 1 0 5 3 0 4 1 0 2 3 5 2 4 5 3 2 3 4 4 3 1 2 4 1 1 5 4 2 3 1 4 1 3 1 3 0 0 4 2 3 0 2 3 1 5 1 4 5 0 3 2 0 1 0 3 3 2 5 4 0 2 5 0 4 5 2 3 1 5 4 5 1 2 4 0 3 2 0 4 1 5
B 404 60 90 SAT 1 0 5 4 3 5 0 3 1 2 5 1 4 5 2 3 2 1 3 0 5 2 5 4 2 5 4 4 2 1 1 0 4 3 2 1 3 4 0 4 1 5 2 5 3 5 4 0 0 5 1 2 3 5 4 3 0 3 1 2 3 0 5 3 4 0 2 1 5 2 0 3 4 1 0 2 1 3 4 3 2 0 4 1 5 1 2 4 0 5
B 405 60 90 SAT 2 0 5 5 3 2 4 3 5 0 5 3 4 5 3 4 3 2 1 4 5 4 1 0 0 2 4 5 2 1 4 3 5 3 1 0 4 2 3 1 5 2 1 3 0 2 4 5 4 5 0 1 0 3 4 5 3 3 1 4 3 1 0 1 4 2 1 0 5 4 0 3 2 5 4 1 0 3 2 1 3 4 5 2 1 0 2 2 5 0
B 406 60 90 SAT 2 0 5 5 2 4 1 0 2 1 5 2 1 4 5 2 3 0 3 0 4 4 1 2 4 1 3 5 2 3 4 3 1 0 4 2 2 3 0 0 1 5 4 0 2 3 1 4 3 1 4 4 0 2 1 0 3 3 2 4 3 0 4 0 1 3 4 1 5 3 4 2 3 5 1 5 2 0 0 5 2 3 1 5 4 5 2 1 0 5
B 407 60 90 SAT 2 5 4 5 0 2 1 2 5 5 3 1 0 3 1 5 3 2 4 0 2 4 1 2 4 3 0 5 0 3 4 1 3 1 3 4 3 2 0 4 5 1 4 0 2 3 1 4 0 2 3 0 3 1 0 2 1 3 4 5 3 1 4 0 0 2 1 4 5 3 0 2 3 5 1 0 5 2 4 1 5 2 4 5 4 3 5 1 0 2
B 408 60 90 SAT 0 2 5 3 4 5 2 5 4 1 5 3 2 4 1 3 2 0 2 4 5 4 1 2 5 2 0 4 3 1 4 3 1 1 2 0 0 3 4 1 2 4 1 0 5 3 2 4 2 0 1 5 0 3 4 1 3 3 2 4 3 1 0 0 4 3 1 2 5 0 5 3 3 4 2 1 0 5 5 4 3 4 1 2 2 0 5 1 0 5
B 409 60 90 SAT 0 4 5 3 2 0 0 1 2 0 3 5 5 1 3 3 1 5 0 4 2 3 1 4 5 4 2 3 5 0 2 5 1 3 4 2 2 0 1 4 1 0 1 4 5 0 3 2 2 1 5 4 1 3 5 4 0 2 4 3 2 1 4 4 1 0 3 4 5 5 2 3 3 0 2 5 4 1 4 3 0 2 0 5 2 1 3 1 5 0
B 410 60 90 SAT 5 2 0 5 4 3 4 5 0 2 5 3 5 1 2 1 5 0 2 4 5 4 1 2 0 2 4 3 0 1 4 3 1 2 1 0 4 3 2 0 1 3 5 2 0 1 2 4 5 0 3 2 1 5 4 1 0 3 2 4 3 1 2 0 4 3 1 0 5 2 4 5 1 3 4 3 0 5 1 4 2 4 3 0 2 3 5 1 0 5
B 411 60 90 SAT 2 1 5 4 2 5 4 1 2 3 1 4 4 5 0 1 4 3 5 1 0 5 0 4 1 0 5 5 3 1 4 5 3 3 1 0 2 4 3 5 3 0 1 0 4 5 4 1 3 2 1 5 4 2 1 0 3 3 4 5 3 3 0 2 4 2 0 1 5 1 2 4 5 3 2 3 0 2 5 4 0 0 3 1 5 2 4 0 1 2
B 412 60 90 SAT 0 2 4 5 1 4 5 3 2 2 3 0 4 3 5 1 2 4 5 0 3 1 4 2 0 4 1 4 2 1 0 4 1 2 3 5 1 0 2 0 2 4 1 0 3 4 5 0 1 3 5 4 2 5 1 2 0 2 3 4 3 2 0 5 1 0 5 3 4 1 5 3 4 2 5 1 2 3 4 0 2 1 0 3 4 5 3 0 1 5
B 413 60 90 SAT 4 3 0 1 5 2 4 5 2 1 0 5 3 5 4 3 1 0 2 4 3 1 0 2 4 2 5 0 1 4 4 5 1 1 3 4 4 2 0 3 1 5 4 3 0 5 0 1 0 2 3 1 4 0 4 5 3 5 2 3 5 0 3 3 2 0 1 3 5 4 0 2 1 2 5 2 4 3 4 1 5 2 5 3 0 1 2 1 4 0
B 414 60 90 SAT 0 5 1 5 3 0 4 5 2 2 5 4 4 3 1 1 3 0 3 2 5 2 1 5 2 0 3 2 1 0 4 3 1 2 4 1 4 0 3 5 1 3 0 3 2 3 0 4 0 1 4 0 3 5 1 2 4 3 4 2 4 4 3 0 3 0 2 1 5 2 0 4 1 4 5 5 2 1 3 2 5 1 4 2 0 3 5 1 0 5
B 415 60 90 SAT 4 0 3 3 1 2 2 0 5 1 2 4 2 5 3 0 5 3 2 0 1 3 5 4 0 2 1 4 3 5 4 3 0 0 2 4 4 5 1 0 3 1 2 1 4 2 5 4 0 5 1 1 4 5 0 2 3 3 5 1 1 4 1 5 5 1 2 0 3 5 4 2 3 5 0 0 1 3 3 4 2 0 2 3 4 5 1 4 0 2
B 416 60 90 SAT 5 0 1 5 0 2 2 5 4 1 5 3 2 4 5 3 0 5 1 2 4 4 1 2 1 4 2 4 3 1 4 3 1 0 4 1 3 2 0 1 5 0 3 2 4 4 1 3 0 5 2 1 3 0 4 1 3 3 2 4 3 3 0 0 2 3 4 1 5 4 3 2 1 0 5 2 0 5 4 1 3 4 5 2 2 0 5 1 0 5
B 417 60 90 SAT 1 2 3 0 4 2 2 4 0 5 2 0 2 4 5 5 4 1 1 3 2 5 0 2 1 2 4 5 0 1 4 0 5 5 4 1 4 0 3 3 4 0 5 3 2 2 1 3 3 4 2 0 1 4 5 2 0 5 4 3 4 3 3 3 0 3 5 1 2 5 1 2 1 0 4 4 0 5 1 0 5 5 2 3 3 4 1 0 1 2
B 418 60 90 SAT 5 0 2 1 5 4 2 5 4 5 1 3 5 1 2 3 0 2 2 0 4 4 2 1 2 4 1 4 3 1 4 3 1 0 4 2 3 1 0 1 5 0 3 2 4 4 3 2 1 3 2 0 4 1 1 3 0 3 2 4 3 3 0 0 1 3 4 2 5 3 4 2 1 0 5 0 1 5 0 4 5 2 5 3 4 5 2 1 0 5
B 419 60 90 SAT 5 0 2 4 5 2 0 5 4 2 5 4 3 1 4 3 2 0 1 4 3 3 2 1 2 0 1 3 1 0 4 3 1 4 3 0 1 4 5 5 1 2 0 2 3 0 3 4 3 4 2 1 0 4 1 3 0 3 2 4 4 3 2 0 1 5 3 0 2 3 0 4 1 4 5 2 1 5 1 0 5 3 5 2 4 5 2 1 0 5
B 420 60 90 SAT 0 3 4 5 2 1 3 0 2 2 1 4 0 5 3 0 4 2 4 2 0 5 4 2 1 0 5 4 5 3 3 0 1 3 5 4 2 1 3 5 0 1 3 1 2 5 4 1 2 5 1 1 0 4 3 0 2 3 4 5 1 3 1 5 2 1 5 4 0 4 3 2 5 4 0 0 3 2 0 4 3 2 5 3 1 5 4 1 0 2
B 421 60 90 SAT 5 2 1 5 0 2 5 3 0 2 3 0 3 4 0 1 3 2 2 4 1 1 0 3 2 3 5 2 1 5 5 0 1 2 4 0 4 3 1 3 4 2 4 5 1 4 2 0 4 0 1 3 2 4 1 3 0 4 5 2 4 4 4 4 3 1 0 2 5 1 5 0 3 2 0 1 3 5 5 2 3 5 1 0 5 4 2 1 0 3
B 422 60 90 SAT 5 4 3 5 4 3 3 2 5 2 5 4 2 0 1 5 1 0 0 5 2 1 3 4 1 3 5 4 0 3 4 3 1 1 0 4 0 2 3 4 0 3 1 5 3 2 0 1 3 1 5 3 4 2 1 5 0 2 0 4 0 2 1 0 2 3 1 4 5 1 5 2 0 4 2 4 3 5 0 4 2 1 0 5 3 4 2 1 3 5
B 423 60 90 SAT 5 2 4 5 0 1 5 2 3 1 5 0 3 1 0 2 5 3 2 4 5 4 3 5 4 2 1 4 3 1 0 2 3 0 1 2 1 3 4 3 0 4 2 3 0 1 5 3 5 1 0 4 5 2 3 1 4 3 2 4 1 3 0 4 3 4 0 2 5 2 5 1 4 1 5 4 0 2 4 3 2 3 0 1 2 0 5 1 0 5
B 424 60 90 SAT 2 1 4 2 4 1 1 2 3 5 4 2 0 3 4 0 5 4 3 0 5 3 0 1 3 1 4 5 0 2 2 3 1 5 3 2 5 0 1 0 4 2 2 3 4 1 5 4 2 5 0 3 1 5 1 4 0 3 0 5 5 5 4 0 0 1 3 2 4 3 5 1 0 5 1 0 2 3 3 1 4 4 2 0 3 2 5 1 2 4
B 425 60 90 SAT 1 5 3 0 3 5 0 5 3 5 1 0 5 4 2 4 3 2 1 2 0 2 3 1 5 1 0 3 2 0 4 3 1 2 4 1 4 0 3 2 3 0 0 4 5 4 1 3 1 4 3 2 5 4 1 2 3 4 0 2 4 4 4 2 0 3 2 1 5 1 5 4 2 1 3 0 5 2 2 0 5 0 3 1 4 5 0 1 3 5
B 426 60 90 SAT 2 3 5 5 2 3 2 1 5 2 5 4 4 1 5 1 0 4 4 3 0 0 4 2 1 3 2 4 0 1 4 3 1 3 1 0 1 4 2 4 0 2 0 1 3 1 0 3 3 4 2 1 0 4 1 0 5 3 2 4 1 0 3 0 4 2 0 3 5 1 3 5 4 2 5 4 5 2 0 1 5 3 2 5 3 4 2 1 0 5
B 427 60 90 SAT 5 1 4 1 3 5 4 2 0 3 0 4 3 2 0 0 3 4 2 4 1 4 3 5 2 5 0 1 3 2 4 2 1 1 2 0 2 3 5 4 3 5 1 4 5 0 2 4 5 2 3 2 3 4 5 2 0 1 4 5 2 4 5 5 3 5 0 1 4 2 1 0 0 2 3 5 3 1 1 4 0 5 1 0 1 4 3 3 2 0
B 428 60 90 SAT 2 4 0 3 4 2 5 4 3 5 2 1 0 3 5 3 5 0 2 4 1 0 5 2 2 0 4 3 0 5 4 1 3 4 1 5 1 2 3 4 1 0 3 1 2 1 5 4 0 1 3 2 0 5 3 1 5 0 4 2 1 1 1 0 3 2 5 4 0 5 2 3 0 5 4 0 2 3 5 4 2 4 1 3 4 0 2 3 1 5
B 429 60 90 SAT 5 3 0 5 4 1 4 5 3 2 1 5 5 2 4 4 2 0 5 3 2 0 2 1 1 2 0 1 2 4 5 3 1 4 1 3 2 4 0 3 2 5 0 3 1 1 2 4 5 0 4 4 2 0 1 3 0 0 2 5 4 3 0 0 2 0 1 3 5 0 1 4 2 4 5 5 0 3 2 3 1 1 5 3 4 5 2 3 1 4
B 430 60 90 SAT 5 1 2 1 0 2 2 0 5 2 1 0 5 4 3 5 3 0 2 5 3 4 3 1 3 4 0 5 3 4 0 5 4 0 4 2 0 3 1 0 5 2 1 5 3 4 3 0 4 0 5 1 3 0 1 3 5 5 3 2 0 5 1 3 3 1 4 2 5 3 4 1 4 0 2 2 1 5 3 1 2 5 4 2 4 0 2 4 0 1
B 431 60 90 SAT 0 2 5 0 2 5 1 5 4 1 2 4 0 1 3 1 4 3 5 2 1 1 4 0 3 5 1 2 4 3 4 3 0 4 3 5 3 1 2 3 4 5 0 1 4 1 0 4 2 5 0 1 5 4 2 5 3 3 4 1 3 4 0 5 1 2 4 5 0 1 2 0 3 2 5 3 5 2 3 4 1 0 3 2 0 4 1 0 5 2
B 432 60 90 SAT 2 0 5 1 5 4 1 5 3 3 5 2 5 4 3 2 4 5 2 0 1 4 1 2 4 2 3 4 3 1 1 2 4 0 4 3 1 2 0 3 0 5 2 1 4 2 0 5 4 0 2 3 1 0 4 1 3 3 2 4 3 0 0 0 1 2 4 3 5 2 4 1 3 0 5 4 1 3 1 5 3 4 2 5 2 0 5 1 0 5
B 433 60 90 SAT 2 5 1 3 1 4 0 4 2 5 4 0 4 1 5 5 1 2 1 5 3 4 3 2 4 5 3 5 1 0 3 0 1 2 5 4 0 4 1 0 3 2 4 3 0 3 2 5 1 3 5 3 0 1 5 4 0 5 0 2 0 0 3 2 3 0 3 2 5 4 5 1 2 5 1 0 1 4 0 2 4 2 4 5 3 2 1 1 3 4
B 434 60 90 SAT 2 5 0 3 4 5 4 3 2 3 0 4 2 4 3 1 0 5 5 1 3 3 0 2 2 5 1 1 0 3 5 4 2 5 0 3 5 3 4 0 4 1 1 2 5 0 4 5 0 3 2 3 5 4 4 1 3 0 5 1 4 0 5 1 1 4 1 0 2 2 5 3 3 0 4 1 3 2 1 5 4 2 0 1 2 5 0 4 3 2
B 435 60 90 SAT 0 1 4 2 3 5 5 2 1 0 4 3 3 5 4 1 0 4 1 2 5 2 4 0 4 1 5 0 1 2 5 3 1 4 1 2 1 5 3 2 3 4 1 0 3 3 0 4 3 0 2 3 0 1 1 2 0 2 5 4 3 0 3 2 0 3 2 4 0 5 1 0 2 4 5 2 1 5 1 5 4 4 5 2 5 3 4 1 3 0
B 436 60 90 SAT 3 0 2 5 1 3 0 1 3 4 0 2 0 3 1 4 5 1 1 2 4 2 5 0 0 3 1 5 2 3 2 5 0 2 4 1 1 4 0 4 5 1 0 4 3 5 3 0 1 2 5 3 4 2 3 0 4 4 0 2 4 4 4 3 5 0 5 2 3 0 2 3 5 1 2 1 4 2 0 4 3 5 0 1 5 2 1 3 1 5
B 437 60 90 SAT 4 2 3 0 5 2 1 4 0 2 1 4 5 1 2 5 0 3 4 0 2 3 0 2 4 1 5 3 0 4 3 0 1 2 0 1 5 2 1 3 0 4 1 0 3 5 0 4 2 3 5 4 1 3 5 1 0 2 4 3 1 3 5 5 3 4 0 4 3 1 2 5 5 4 2 3 1 2 0 1 4 5 0 2 3 4 2 1 0 5
B 438 60 90 SAT 0 4 3 5 3 2 4 5 0 3 5 4 3 2 4 5 0 4 2 1 5 5 3 0 0 2 3 1 0 5 0 4 2 4 5 3 1 5 3 5 4 3 1 0 3 1 5 4 1 3 0 0 1 2 3 5 2 1 2 4 1 1 3 1 1 2 2 4 0 0 1 2 5 2 4 0 2 3 2 4 5 5 3 4 0 1 4 3 5 0
B 439 60 90 SAT 0 1 3 2 4 0 0 5 1 5 3 4 3 2 5 0 5 1 5 4 2 3 5 2 3 0 4 1 4 0 4 2 1 4 5 3 4 2 1 3 1 4 0 4 3 3 2 0 0 5 4 1 0 5 4 1 5 3 2 1 4 1 3 0 1 2 5 3 0 5 2 0 2 1 5 4 1 5 2 1 3 4 3 2 0 3 2 4 5 0
B 440 60 90 SAT 2 1 3 0 5 4 5 3 4 5 2 1 1 2 0 3 5 4 2 1 5 3 0 2 2 4 5 0 4 3 4 3 1 0 3 1 1 4 5 2 0 4 3 2 4 2 4 0 5 3 0 3 2 1 3 2 4 3 4 2 4 3 2 0 4 2 0 2 3 1 3 5 0 5 1 5 1 3 4 1 2 0 4 5 0 1 5 1 0 5
B 441 60 90 SAT 0 2 1 3 5 1 1 4 2 1 3 5 1 5 0 3 2 4 4 5 0 3 5 0 1 4 0 2 5 0 4 5 3 4 3 1 2 3 0 2 4 5 3 5 1 0 3 2 4 0 2 2 1 5 2 4 1 3 0 4 4 2 3 2 2 0 5 4 1 0 3 1 0 2 4 5 4 1 3 5 1 0 4 3 3 5 0 1 2 5
B 442 60 90 SAT 5 2 1 1 5 3 2 1 5 0 3 2 5 2 1 0 2 4 0 3 4 4 1 3 4 3 2 3 5 0 4 2 1 4 3 1 0 2 5 0 3 1 1 0 4 1 5 3 5 0 4 0 3 2 4 2 5 5 0 4 0 0 4 5 0 5 3 4 1 4 2 5 2 3 5 4 2 0 1 2 3 4 5 1 0 3 1 3 1 2
B 443 60 90 SAT 3 4 5 4 5 3 2 0 4 4 1 5 0 3 5 2 0 4 1 2 4 5 0 3 0 3 2 3 1 2 5 3 0 4 1 3 1 4 5 0 3 1 1 4 5 3 2 5 2 4 5 2 5 3 3 2 1 0 2 5 1 1 5 2 2 5 0 2 3 2 4 5 0 3 2 4 1 0 1 3 0 1 0 4 0 5 4 3 4 1
B 444 60 90 SAT 3 2 0 2 1 3 1 5 3 1 4 5 4 5 2 1 5 3 0 4 2 4 0 2 0 3 1 4 3 1 5 0 3 3 1 2 5 2 1 5 3 0 4 0 1 4 0 3 0 4 3 4 0 2 3 2 5 1 2 4 5 4 0 2 0 4 4 0 3 1 4 2 5 2 3 2 1 5 1 5 2 3 5 1 0 1 4 0 3 5
B 445 60 90 SAT 3 4 2 2 1 4 0 4 5 0 2 3 1 4 0 0 2 1 4 1 5 2 0 3 5 0 1 3 5 4 4 3 2 5 0 4 4 5 2 1 3 2 1 3 4 0 2 1 4 5 3 3 0 5 4 0 5 2 5 3 5 3 1 5 2 3 1 3 0 0 5 4 0 2 5 5 3 4 1 2 0 2 4 1 3 1 2 4 0 1
B 446 60 90 SAT 0 2 5 4 3 2 2 1 5 1 5 4 3 1 5 0 5 1 3 1 4 1 3 0 2 1 4 4 3 2 4 2 5 4 0 1 1 2 4 3 1 2 0 1 3 2 0 4 4 0 5 5 4 3 0 3 2 1 3 4 4 0 0 3 2 3 3 0 5 5 4 0 4 2 5 3 5 1 1 2 3 1 0 2 4 5 1 2 0 5
B 447 60 90 SAT 4 2 5 2 5 4 5 1 4 3 0 2 0 5 1 3 2 5 0 2 3 5 0 3 3 1 4 4 2 1 1 2 5 4 3 1 2 1 4 0 5 2 1 3 0 5 2 4 4 1 0 1 5 0 4 0 2 3 2 0 1 0 0 4 2 0 0 3 5 3 4 1 2 4 5 3 1 0 5 2 3 4 2 3 3 1 5 1 4 5
B 448 60 90 SAT 5 3 2 5 2 4 1 0 5 2 1 4 2 4 0 1 3 0 0 1 3 2 4 5 4 0 3 2 5 3 3 0 2 0 1 4 4 3 5 0 5 1 1 3 2 4 2 0 3 4 1 2 0 1 1 2 4 2 5 3 1 1 4 5 3 2 0 1 2 4 3 2 0 5 4 3 1 5 2 0 5 3 5 4 5 3 0 4 0 1
B 449 60 90 SAT 4 3 1 2 3 5 0 2 5 2 0 4 2 3 0 4 5 1 5 0 4 0 5 3 1 5 2 1 4 0 4 3 1 0 1 3 5 4 3 3 2 4 2 0 4 2 0 4 2 5 0 1 4 5 1 3 2 3 5 4 2 4 3 5 4 2 1 0 2 0 1 5 5 1 3 3 1 5 1 4 3 0 3 2 4 5 0 1 0 2
B 450 60 90 SAT 2 5 0 0 1 4 1 0 3 3 2 0 1 5 4 2 3 5 0 3 1 3 4 2 5 4 0 5 3 4 4 1 2 4 3 5 0 2 1 1 3 2 2 0 4 4 2 0 2 5 1 5 2 3 4 5 3 5 2 0 1 2 2 5 2 0 3 4 5 4 5 0 3 1 5 3 5 1 4 3 0 4 0 1 1 2 0 4 3 1
B 451 60 90 SAT 2 5 4 2 5 0 3 5 2 2 0 5 1 5 3 4 0 3 1 4 5 4 3 1 4 1 5 1 2 4 4 1 2 3 4 1 5 0 2 0 1 4 5 3 0 4 2 3 0 1 5 3 2 4 0 3 1 4 2 3 0 3 0 3 0 2 4 1 3 3 2 5 4 1 2 1 0 5 4 2 3 1 0 5 4 2 5 1 0 5
B 452 60 90 SAT 1 0 5 0 5 4 5 2 0 2 0 4 3 2 4 4 0 2 1 0 3 4 2 1 4 1 2 4 0 3 4 3 1 1 0 2 5 2 3 0 4 3 3 5 1 2 0 4 3 1 0 0 1 4 1 3 2 3 5 4 3 3 1 5 5 3 0 1 4 2 1 5 2 0 4 1 3 5 4 5 2 3 2 5 4 5 0 1 0 2
B 453 60 90 SAT 1 0 5 0 4 5 1 0 4 2 5 4 2 1 3 3 0 5 2 5 4 4 2 1 2 1 0 2 4 1 4 3 1 4 3 1 4 0 3 1 3 0 1 0 5 3 2 4 1 3 0 2 4 0 1 2 3 3 2 4 3 3 3 0 0 2 2 1 5 4 2 5 3 4 2 1 0 5 2 4 5 5 1 3 4 0 5 1 0 5
B 454 60 90 SAT 2 1 5 2 5 4 0 4 5 5 1 2 1 5 0 3 5 4 0 1 3 4 3 1 3 4 2 5 3 0 4 2 1 0 3 1 1 0 5 4 0 2 3 0 4 0 2 1 0 2 3 5 4 3 1 2 5 3 2 4 0 0 2 3 4 2 4 3 2 3 1 5 1 2 5 3 4 5 4 1 5 0 2 1 3 0 4 1 0 5
B 455 60 90 SAT 3 5 4 2 5 1 2 5 4 5 2 0 5 2 0 4 2 1 3 0 2 0 4 2 1 0 5 4 3 1 4 1 2 3 0 1 2 5 4 0 1 3 1 5 0 3 2 0 2 4 1 3 2 5 4 0 1 3 4 5 1 3 0 3 4 5 0 1 3 2 4 5 3 4 2 1 4 5 0 3 5 4 1 0 3 2 5 1 0 2
B 456 60 90 SAT 1 3 4 0 1 5 2 1 4 2 1 0 1 5 2 4 0 3 5 0 3 5 0 4 4 5 3 5 3 2 3 0 5 2 4 5 3 0 2 1 5 2 0 3 4 2 5 1 0 2 5 3 4 1 5 4 0 4 2 3 2 2 0 4 3 1 5 4 1 0 4 3 5 2 1 3 0 4 3 4 1 5 0 2 3 2 1 5 1 0
B 457 60 90 SAT 1 5 4 3 4 2 3 5 0 2 3 5 2 5 4 0 5 1 0 3 1 4 0 2 2 1 4 4 0 3 1 0 3 4 3 1 2 3 5 1 3 4 5 2 0 3 2 4 3 0 4 0 1 4 2 3 5 0 2 4 3 5 2 4 0 2 0 4 1 2 0 5 4 3 1 1 0 5 1 5 2 3 2 5 1 4 0 1 3 5
B 458 60 90 SAT 5 1 4 5 1 2 5 1 4 5 2 0 5 1 0 3 4 2 2 3 0 4 3 1 2 4 5 4 0 3 4 0 1 0 3 2 1 0 5 3 0 4 1 2 4 4 1 3 0 5 2 3 2 4 3 1 0 3 4 2 0 3 2 3 4 1 3 4 2 2 1 5 3 0 5 0 2 5 4 3 1 0 1 5 4 2 5 1 0 5
B 459 60 90 SAT 5 2 1 3 0 4 1 5 4 5 2 1 5 2 3 4 0 5 3 5 0 0 1 2 5 2 4 2 0 5 4 1 0 1 4 3 2 3 4 5 0 1 5 0 3 3 2 1 0 5 2 3 0 1 3 5 1 3 4 2 3 1 3 3 0 2 0 1 5 4 2 3 2 4 1 5 0 4 1 3 4 4 2 5 0 4 2 0 1 5
B 460 60 90 SAT 4 5 2 3 1 0 2 5 0 5 2 3 0 4 3 2 5 1 1 3 2 2 0 5 5 4 1 4 0 1 0 3 1 3 1 0 1 3 2 2 3 0 5 2 3 1 3 0 3 2 4 2 1 4 0 5 4 3 4 2 3 2 3 4 2 4 0 4 5 5 4 1 1 0 4 4 5 2 1 0 5 0 3 5 1 3 2 1 0 5
B 461 60 90 SAT 3 5 2 0 3 5 2 1 5 2 3 0 0 4 2 3 2 4 1 2 4 4 2 3 5 4 0 4 3 1 4 0 1 1 2 4 1 0 3 1 4 2 4 5 3 1 3 0 2 4 0 1 2 0 1 3 0 5 2 4 1 1 0 5 3 0 4 2 5 0 5 3 1 0 2 4 5 2 3 1 5 4 5 3 4 5 2 1 0 3
B 462 60 90 SAT 5 1 0 0 4 3 1 5 3 2 3 5 4 2 1 0 3 1 5 2 4 0 4 5 3 1 0 4 3 1 4 5 2 1 0 4 2 1 3 4 1 3 5 0 2 5 2 3 1 2 4 4 5 1 2 3 5 2 1 0 2 5 2 1 3 2 4 0 5 2 5 0 1 4 3 4 1 0 0 3 5 3 0 2 1 4 0 4 5 3
B 463 60 90 SAT 4 2 5 5 0 2 0 5 2 0 5 2 0 5 1 4 2 1 3 4 1 1 0 4 1 4 5 2 3 1 4 2 1 1 2 0 2 1 4 3 1 0 4 3 2 1 4 5 3 4 2 4 3 0 1 3 2 3 4 5 3 3 4 3 4 3 0 3 5 4 2 5 1 0 5 3 2 0 1 0 5 1 5 2 4 0 5 1 2 0
B 464 60 90 SAT 5 2 3 4 5 3 5 1 4 1 4 3 4 3 5 2 1 0 1 2 0 4 3 1 1 2 4 4 2 5 5 3 0 0 1 4 1 2 3 0 5 4 4 0 2 3 1 0 0 4 2 5 0 3 4 2 3 0 2 1 0 0 0 2 2 3 4 0 5 2 1 3 1 5 3 4 2 5 1 3 5 2 4 1 0 5 1 5 3 4
B 465 60 90 SAT 2 1 5 3 1 0 2 4 3 2 1 5 3 5 4 5 0 4 2 0 1 0 5 2 2 0 3 0 3 4 0 4 1 4 0 3 1 4 2 4 3 5 1 0 4 4 2 1 0 1 3 4 2 0 1 3 4 2 0 3 4 4 1 3 2 1 3 0 5 0 2 1 2 5 3 5 0 3 5 4 2 3 1 5 0 5 2 4 1 5
B 466 60 90 SAT 5 0 4 1 2 4 3 5 1 4 2 1 5 0 1 5 2 3 5 1 0 2 4 0 0 4 5 1 2 4 5 3 2 1 2 3 2 0 4 5 3 4 0 1 2 4 0 5 2 0 3 1 0 3 5 0 4 3 1 0 3 3 0 0 4 0 1 3 5 0 2 1 4 3 5 2 1 3 4 1 5 5 4 2 3 2 1 2 5 4
B 467 60 90 SAT 4 1 5 4 1 0 3 4 1 0 5 2 2 3 1 0 5 4 5 0 2 5 0 2 3 5 4 1 2 3 4 1 0 1 4 2 0 1 3 2 0 3 5 2 1 4 2 0 4 3 5 3 2 5 1 3 5 0 4 3 3 2 5 3 0 3 2 4 5 5 4 1 3 4 0 5 3 1 0 2 1 0 1 4 4 0 2 1 2 5
B 468 60 90 SAT 5 3 0 3 2 1 2 3 4 0 5 2 0 1 2 4 5 2 0 1 3 0 1 5 0 4 3 4 0 3 2 3 5 2 5 1 1 2 3 5 2 4 3 0 1 5 4 3 5 2 1 3 5 0 2 3 1 0 1 2 2 5 1 1 4 3 4 5 0 0 3 1 4 5 2 1 0 2 0 4 3 4 1 2 4 5 0 3 5 4
B 469 60 90 SAT 2 3 4 0 2 5 3 4 2 3 0 5 2 1 0 2 4 5 0 1 2 5 4 3 5 1 4 0 2 5 4 5 1 0 3 5 5 1 4 3 1 2 4 3 5 0 1 4 5 2 1 2 0 1 1 2 5 4 2 3 1 3 1 2 4 1 0 3 2 4 5 0 1 0 2 5 3 2 3 0 4 5 4 3 0 4 3 1 5 0
B 470 60 90 SAT 1 2 5 2 3 0 5 2 0 5 3 1 0 5 2 3 5 4 3 0 4 4 5 0 5 4 3 4 3 2 1 4 5 4 3 0 3 2 1 4 1 0 2 5 1 5 3 2 4 5 3 3 4 0 1 3 0 5 0 1 3 1 1 0 1 2 0 4 5 5 3 2 4 3 0 4 0 1 1 2 0 2 1 5 4 5 2 4 2 3
B 471 60 90 SAT 2 4 3 3 4 0 1 4 3 2 3 5 1 2 3 0 3 4 5 2 1 1 3 2 0 5 1 0 3 1 4 1 5 5 0 1 0 4 2 1 2 4 2 3 0 1 2 3 3 2 0 0 4 2 5 1 3 1 2 0 0 2 2 0 4 2 1 5 3 5 0 3 1 5 4 5 0 4 1 4 5 1 5 3 0 4 2 4 5 3
B 472 60 90 SAT 1 0 5 0 5 1 5 0 2 5 1 3 5 3 2 2 4 5 4 0 2 2 4 5 4 1 0 2 1 3 4 3 1 0 2 1 0 3 4 5 3 1 0 4 3 2 1 5 1 5 0 4 0 3 3 2 4 3 4 2 3 3 4 0 4 3 2 1 5 4 0 2 2 1 5 4 3 0 3 4 2 2 1 5 0 1 5 1 0 5
B 473 60 90 SAT 5 3 2 2 5 0 1 5 4 2 0 4 0 4 5 2 1 3 0 1 2 2 4 5 4 0 1 0 4 3 4 5 1 3 2 0 1 3 4 1 5 0 3 2 4 4 1 2 0 2 4 3 2 1 1 0 3 5 2 4 1 3 2 3 1 4 0 2 5 4 3 2 1 0 5 0 5 3 3 5 1 0 4 5 4 5 2 1 3 0
B 474 60 90 SAT 5 2 1 2 4 0 5 2 3 5 0 4 2 0 3 2 1 4 2 3 5 0 1 5 5 0 2 4 3 1 4 2 1 4 3 0 0 5 1 4 2 1 4 5 2 1 3 4 4 0 2 1 5 0 1 3 5 2 3 0 4 1 0 3 1 5 4 3 2 0 3 5 3 1 0 5 0 2 1 3 5 4 3 2 2 4 0 1 4 5
B 475 60 90 SAT 4 0 1 3 5 1 2 5 4 2 1 5 5 0 2 3 5 4 3 2 0 5 2 1 4 2 3 4 1 0 4 3 1 2 1 4 1 3 0 0 3 4 5 3 0 3 5 2 1 0 3 2 4 0 0 3 1 3 2 4 3 0 3 0 3 0 4 2 5 5 2 1 2 1 4 0 1 4 4 5 2 3 1 5 4 5 2 1 0 5
B 476 60 90 SAT 5 3 0 5 4 2 5 2 4 5 1 4 3 2 1 4 5 0 1 4 3 2 0 5 1 0 2 4 0 1 2 3 1 1 4 3 2 0 1 4 3 0 2 1 0 1 3 2 0 5 3 2 1 4 1 3 5 3 0 4 1 3 3 0 0 2 4 3 5 2 1 5 4 5 3 0 4 5 1 4 2 3 0 5 0 2 4 2 1 5
B 477 60 90 SAT 2 5 1 1 0 3 1 5 3 1 5 2 0 2 5 3 5 4 4 1 2 4 1 3 4 3 2 3 0 2 4 3 1 1 3 0 1 4 2 5 3 0 2 4 5 1 4 3 2 1 0 0 5 4 1 3 0 3 2 4 0 5 4 0 4 2 3 0 5 4 2 1 3 0 1 2 0 5 4 3 5 3 2 1 4 5 2 1 0 5
B 478 60 90 SAT 5 1 0 5 4 3 1 5 2 2 5 4 3 1 4 3 0 2 3 1 2 4 0 2 1 3 5 4 3 1 4 3 1 4 0 2 0 1 5 2 1 3 4 3 1 0 2 5 1 3 0 3 4 2 1 5 0 3 2 4 3 2 0 0 5 1 2 4 3 4 0 5 2 0 5 1 3 4 4 5 2 1 0 5 3 4 2 1 0 5
B 479 60 90 SAT 3 2 4 3 5 0 1 2 4 4 5 0 3 1 4 2 5 0 5 1 2 0 4 2 0 4 3 3 5 2 3 0 1 4 2 3 1 5 4 5 2 3 5 1 4 2 3 0 0 1 2 0 4 5 1 2 0 3 2 5 5 1 0 2 5 1 2 3 0 1 0 4 0 2 3 4 5 1 3 4 5 3 2 1 3 4 5 1 0 4
B 480 60 90 SAT 5 4 1 2 3 5 3 0 5 5 4 2 3 5 2 4 0 1 0 4 1 2 3 4 0 5 3 1 4 5 2 3 1 1 4 2 0 1 3 0 2 4 3 5 1 2 0 5 1 0 2 4 2 3 1 0 4 3 0 5 0 1 2 0 0 3 4 2 5 3 1 5 2 0 4 4 3 1 4 5 3 1 5 0 3 2 5 1 2 4
B 481 60 90 SAT 2 5 4 5 0 1 0 5 3 2 5 4 5 3 1 0 5 2 2 3 0 4 3 2 1 2 0 3 1 2 4 3 1 2 0 1 4 2 3 5 0 4 0 3 1 3 2 5 1 2 3 0 4 1 1 3 0 3 2 4 1 3 4 0 4 3 0 1 5 3 2 1 2 4 5 0 4 1 4 0 5 2 3 5 4 5 2 1 0 5
B 482 60 90 SAT 4 2 1 0 3 5 1 4 0 5 2 3 5 3 0 1 4 5 3 2 5 5 3 4 5 1 2 0 3 1 4 1 2 0 1 2 2 4 3 5 0 4 4 0 1 2 4 3 1 5 2 3 0 2 1 0 5 0 4 3 0 4 2 0 4 3 1 0 5 3 2 1 5 2 3 1 5 0 3 0 4 4 1 5 4 2 3 1 2 5
B 483 60 90 SAT 0 5 2 3 0 5 4 3 0 3 0 4 0 5 4 0 3 2 1 5 4 4 2 1 5 2 4 5 0 2 2 5 3 4 2 5 5 1 3 0 3 4 1 5 0 1 3 2 3 4 5 2 4 1 1 5 0 3 2 1 3 1 1 1 3 1 2 4 0 1 5 2 4 2 3 4 0 5 1 2 0 5 0 3 2 3 4 5 4 0
B 484 60 90 SAT 1 2 5 2 5 1 1 5 4 1 0 4 5 1 3 0 4 2 5 3 0 3 5 2 3 1 4 0 2 4 3 5 1 2 4 1 4 0 3 2 0 5 0 1 5 2 3 0 3 0 1 1 3 2 5 2 0 1 3 4 0 0 3 2 0 3 2 1 5 3 4 1 4 3 2 4 1 5 2 5 4 0 4 5 3 1 4 5 2 0
B 485 60 90 SAT 4 5 3 1 2 4 2 4 1 1 0 5 3 2 5 4 0 2 5 1 0 1 3 4 4 3 1 5 0 2 4 5 1 5 0 2 2 5 4 2 4 0 3 1 0 3 0 5 4 3 1 3 4 2 3 2 1 5 4 3 2 0 3 3 4 3 0 3 1 1 3 5 5 2 4 4 1 2 2 0 5 1 0 5 0 4 5 1 2 0
B 486 60 90 SAT 0 1 3 1 2 5 1 0 4 3 0 1 2 3 4 4 3 1 1 3 4 3 2 0 0 4 2 2 3 1 4 5 0 1 4 2 2 1 5 4 5 3 1 3 0 3 0 5 5 2 4 3 0 1 0 2 1 2 3 4 5 3 5 2 0 5 4 0 3 2 0 1 4 5 2 2 1 4 3 1 0 2 4 5 4 5 3 5 0 1
B 487 60 90 SAT 3 0 5 5 1 3 0 5 2 2 5 0 4 0 2 4 1 3 4 2 5 1 5 3 4 2 1 4 3 0 4 0 1 5 3 0 0 1 5 2 3 0 1 4 0 5 4 1 0 1 3 0 2 4 1 5 3 2 3 4 4 0 1 3 1 2 2 3 4 1 4 5 3 5 2 2 3 0 4 5 2 1 3 5 4 0 2 1 0 5
B 488 60 90 SAT 4 1 0 2 4 5 4 5 2 2 5 4 3 0 2 4 5 3 0 1 3 0 3 1 5 0 2 0 1 4 4 3 1 2 5 3 5 1 4 3 5 4 1 4 0 3 1 5 3 0 2 1 0 4 5 3 0 1 2 4 5 1 3 0 4 1 3 2 0 2 0 1 5 2 3 0 4 2 1 4 5 3 5 2 1 4 2 3 0 5
B 489 60 90 SAT 2 3 0 5 3 4 0 1 3 4 0 2 0 4 2 5 1 2 0 5 1 4 5 3 0 4 2 4 2 3 2 3 0 2 5 4 4 3 1 2 1 3 5 2 0 5 4 1 0 5 3 1 5 0 2 3 1 4 5 2 1 1 5 5 1 3 5 2 0 4 0 5 4 3 1 2 3 0 2 1 4 3 4 2 4 0 5 0 3 1
B 490 60 90 SAT 2 1 3 1 0 5 4 5 2 1 5 4 5 4 3 3 0 2 2 4 5 4 3 1 5 3 1 2 3 1 4 0 3 1 3 5 5 1 0 2 0 4 1 0 5 3 4 2 2 0 5 3 2 4 1 3 0 3 4 2 0 2 0 2 0 4 4 3 2 5 3 1 3 2 4 1 0 5 3 4 1 0 1 5 4 5 2 1 0 5
B 491 60 90 SAT 5 1 3 5 1 2 1 3 4 1 3 4 1 5 4 0 2 1 3 0 4 3 0 4 4 3 5 0 2 3 2 5 1 4 2 1 1 4 5 0 2 5 3 1 0 0 4 5 2 1 5 5 0 3 2 0 4 1 0 3 2 0 5 0 0 5 0 2 3 4 3 1 4 2 5 3 2 1 0 3 4 4 1 2 5 1 3 2 5 4
B 492 60 90 SAT 2 3 4 4 1 3 0 1 5 1 0 2 0 5 1 4 2 5 4 5 2 4 0 3 3 5 2 3 2 5 4 2 1 3 1 5 1 0 2 2 5 3 0 5 4 2 0 1 4 2 1 4 3 0 1 3 2 4 5 3 1 0 4 3 2 0 5 3 4 0 4 1 2 3 1 5 3 4 3 0 5 2 5 1 4 0 5 2 1 0
B 493 60 90 SAT 5 2 4 0 5 3 1 4 5 2 5 4 4 0 1 2 4 5 3 1 2 4 3 1 3 2 0 3 0 5 4 3 0 5 1 0 0 3 2 1 0 5 0 1 5 4 0 2 1 3 2 5 1 3 1 2 4 3 2 4 0 1 2 1 2 3 1 5 4 3 4 2 2 3 4 3 5 1 0 5 4 0 4 2 3 0 5 1 0 5
B 494 60 90 SAT 0 5 1 2 5 4 3 5 2 2 1 5 1 3 0 1 4 2 3 2 5 3 4 0 4 3 1 1 2 4 4 3 1 0 4 5 5 2 0 0 2 5 2 3 1 4 0 2 3 1 0 3 2 4 1 3 0 4 2 0 2 0 0 0 2 3 3 4 1 4 3 1 4 0 5 1 5 3 4 2 5 1 0 5 4 5 2 3 1 5
B 495 60 90 SAT 1 2 3 2 5 4 2 1 5 5 1 0 4 2 1 3 5 4 2 1 5 4 5 3 4 3 1 4 3 2 4 0 3 0 5 4 0 2 3 1 5 0 3 2 0 3 2 5 4 5 0 4 2 0 1 2 4 3 2 4 0 0 0 2 3 2 5 4 1 4 3 2 1 4 5 4 0 1 3 2 1 3 5 1 0 3 5 1 0 5
B 496 60 90 SAT 3 1 5 2 5 4 2 0 3 1 0 2 1 2 4 5 0 2 3 5 4 5 0 1 4 3 1 4 3 2 4 3 0 4 0 2 2 3 4 1 4 3 0 4 5 1 2 0 1 4 0 1 3 0 3 5 2 1 4 5 4 0 1 5 3 1 0 1 5 0 5 2 2 1 3 3 4 5 5 3 2 4 2 5 4 0 1 3 0 2
B 497 60 90 SAT 1 2 3 4 3 5 1 5 0 2 5 4 2 3 5 2 4 5 4 2 1 4 3 2 0 2 5 0 2 3 4 3 1 0 5 1 0 4 3 1 5 0 4 2 3 4 5 2 3 1 4 0 2 4 1 5 0 3 2 4 0 1 4 0 4 3 5 1 2 4 2 3 0 1 5 3 0 1 2 0 5 1 5 3 3 4 2 1 0 5
B 498 60 90 SAT 5 2 1 5 0 4 1 2 3 1 5 0 2 3 5 5 0 4 2 3 5 0 3 2 4 1 5 4 3 1 0 2 3 1 0 3 3 2 4 0 5 1 5 3 0 4 0 3 4 5 2 3 1 4 2 0 4 3 2 4 4 3 0 4 4 2 0 1 5 3 2 4 1 4 2 5 1 2 3 0 1 2 0 5 3 1 5 1 0 5
B 499 60 90 SAT 2 1 5 0 2 4 5 1 3 1 5 0 2 3 5 5 0 4 2 3 5 0 3 1 4 1 2 4 3 1 0 2 3 1 0 3 3 1 4 2 0 5 1 3 0 4 0 3 4 5 2 3 1 4 2 0 4 3 2 4 4 3 0 4 4 2 0 2 5 3 1 4 5 4 2 2 1 5 3 0 1 2 0 5 3 1 5 1 0 5
B 500 60 90 SAT 1 2 4 1 5 0 1 5 3 2 5 4 3 1 5 2 4 5 5 1 2 3 4 1 0 2 3 3 4 2 4 3 1 5 2 0 0 5 4 1 0 4 4 5 2 3 1 4 2 0 3 0 4 5 1 3 0 3 2 4 0 4 0 0 4 3 3 2 1 5 2 3 3 0 1 2 0 5 4 1 5 2 3 1 4 5 2 1 0 5
B 501 60 90 SAT 5 4 2 3 1 5 4 3 2 2 5 4 2 0 1 3 1 4 3 0 5 0 1 5 4 0 5 1 2 5 4 3 1 4 1 2 4 0 3 3 1 5 2 0 3 2 4 1 5 3 0 0 4 2 1 5 0 3 0 2 3 2 0 0 3 0 1 2 5 0 4 2 4 5 1 0 5 3 1 2 4 5 1 3 3 4 2 1 4 5
B 502 60 90 SAT 0 2 5 0 4 5 1 2 5 5 4 1 3 2 4 1 4 2 1 5 2 1 5 0 1 3 0 0 5 4 3 2 4 5 4 2 2 3 5 1 0 2 1 2 5 3 2 4 3 4 1 4 2 5 3 0 1 0 3 5 3 2 3 0 1 3 1 4 0 4 5 3 3 0 4 1 0 5 0 5 2 3 0 1 4 2 5 4 2 1
B 503 60 90 SAT 5 1 0 3 5 4 3 5 2 2 5 4 1 0 3 0 2 4 2 1 5 2 0 3 1 4 5 1 2 3 4 3 1 4 3 0 2 4 1 0 4 2 5 2 3 0 1 2 1 4 0 3 2 0 1 0 5 3 2 4 4 2 0 0 2 1 3 0 5 1 3 5 4 1 0 4 5 3 2 5 3 1 4 5 3 4 2 1 0 5
B 504 60 90 SAT 3 1 0 5 0 2 2 4 5 1 4 5 5 3 1 5 0 4 5 3 2 0 4 5 2 4 1 3 0 4 2 1 0 0 3 1 4 3 1 3 4 2 1 4 3 2 4 3 5 0 1 0 1 2 4 3 2 0 4 2 2 3 1 4 3 4 2 0 2 1 0 5 0 2 5 5 1 0 4 3 2 3 4 5 0 1 5 1 3 5
B 505 60 90 SAT 4 0 5 0 1 5 2 5 4 2 0 4 3 2 5 5 2 1 0 3 1 5 1 2 3 2 5 4 3 1 3 0 4 1 2 0 4 3 1 3 2 0 3 2 1 0 2 4 1 2 4 0 4 1 3 5 0 3 2 4 3 4 0 2 1 3 4 0 2 1 5 4 4 0 5 1 3 5 3 0 5 2 3 5 4 1 2 1 0 5
B 506 60 90 SAT 0 4 3 3 0 1 1 5 2 3 2 0 2 5 3 3 1 4 5 3 0 5 2 4 5 1 0 4 3 1 5 1 0 4 2 3 4 0 1 1 2 4 2 1 0 5 0 3 1 0 2 5 1 4 5 2 3 1 2 5 1 2 0 2 4 5 1 5 2 5 0 3 5 4 3 4 1 2 3 4 5 2 3 0 4 0 1 4 0 3
B 507 60 90 SAT 1 3 5 4 3 5 2 5 4 2 4 5 3 1 5 1 5 0 2 3 0 0 2 1 1 2 4 4 3 1 3 4 0 2 3 0 0 3 1 4 1 2 1 4 0 1 2 4 4 2 0 0 4 1 1 3 0 3 2 4 4 0 0 2 1 1 4 2 4 0 3 5 3 2 5 0 5 3 1 5 3 2 3 5 4 5 2 1 0 5
B 508 60 90 SAT 5 2 0 1 0 5 1 5 2 5 3 4 5 3 2 4 0 5 3 1 2 0 3 5 4 2 1 4 3 1 4 2 0 1 3 2 3 4 1 0 3 1 4 0 3 5 3 2 2 0 4 4 1 0 1 3 0 3 2 4 4 3 0 3 1 0 4 0 2 4 2 5 1 2 5 1 4 0 3 1 5 2 3 5 4 5 2 1 0 5
B 509 60 90 SAT 1 5 0 2 3 5 1 4 5 3 4 1 2 5 1 1 0 2 2 4 1 0 2 4 0 5 3 5 3 0 2 3 5 4 5 0 3 5 2 3 0 2 2 0 3 3 1 5 5 4 0 3 2 4 0 2 4 2 1 5 3 1 2 4 0 2 3 0 4 4 5 1 4 5 1 2 0 4 3 1 2 0 5 1 3 5 1 0 3 4
B 510 60 90 SAT 5 2 4 1 0 5 0 1 5 1 4 0 3 5 1 2 0 4 3 1 4 4 0 2 2 4 1 2 4 0 2 0 5 4 3 1 4 3 5 3 0 1 5 2 3 1 4 5 3 2 1 1 3 2 3 2 4 3 4 1 3 3 3 1 3 5 2 1 2 4 2 5 0 1 4 2 3 0 4 5 0 0 4 5 5 1 0 2 5 0
B 511 60 90 SAT 2 1 3 0 5 4 3 5 2 1 5 2 0 1 2 1 5 3 5 0 4 0 4 1 4 2 1 4 2 3 4 1 2 5 0 2 4 3 1 1 4 3 3 2 0 0 3 5 2 0 5 0 3 4 2 1 0 3 2 4 5 3 0 0 3 4 3 0 2 0 5 2 1 4 5 2 4 1 4 3 1 1 2 5 4 3 5 1 0 5
B 512 60 90 SAT 1 4 5 3 0 5 0 5 3 2 0 5 5 0 1 2 1 4 3 4 5 5 2 1 2 5 3 3 4 1 3 0 1 4 0 2 5 3 2 0 2 4 1 5 2 0 2 3 4 5 0 3 4 1 0 1 3 2 5 1 0 4 2 2 4 1 3 0 1 3 1 5 4 3 0 1 4 5 2 3 1 2 5 0 2 4 5 3 0 4
B 513 60 90 SAT 2 5 0 4 0 1 4 3 2 1 5 3 4 2 0 2 5 3 0 4 5 4 0 1 5 3 1 1 5 4 3 5 4 0 4 1 1 3 5 3 1 0 0 5 2 0 1 3 5 4 2 4 3 0 1 0 2 3 0 2 3 2 0 1 0 2 3 0 2 4 5 2 1 4 3 5 4 2 3 1 0 5 1 2 4 3 5 1 5 4
B 514 60 90 SAT 0 1 5 2 5 4 3 5 2 2 3 1 5 3 1 5 2 4 3 0 4 5 2 1 4 3 1 1 2 4 1 2 0 4 3 1 4 3 1 0 4 1 4 0 2 3 1 0 3 2 4 2 0 4 0 2 1 3 2 4 4 0 0 3 4 0 2 0 2 2 3 5 1 5 3 4 2 5 1 0 5 1 3 5 4 3 5 1 0 5
B 515 60 90 SAT 2 1 5 0 1 5 1 5 0 3 4 5 2 4 5 1 5 3 5 0 4 3 0 2 4 2 1 0 2 3 1 4 2 0 4 1 4 3 1 2 3 0 2 4 5 3 1 4 4 3 0 0 3 4 1 2 0 3 2 4 4 3 4 3 0 2 3 0 2 4 1 5 0 3 1 2 0 5 2 1 5 1 2 5 4 3 5 1 0 5
B 516 60 90 SAT 0 1 5 3 5 1 2 5 4 3 2 5 2 0 4 1 2 4 3 0 2 3 2 5 2 1 3 4 3 1 1 2 0 1 2 5 4 3 1 0 4 3 4 2 3 5 3 0 1 2 4 2 0 4 3 0 1 3 5 4 4 4 0 3 4 0 3 0 5 2 1 5 0 1 5 1 2 4 3 0 5 3 1 5 2 5 4 1 0 2
B 517 60 90 SAT 5 3 1 1 5 2 4 1 5 0 4 5 2 5 4 2 5 4 3 5 1 1 0 3 4 3 1 2 0 4 2 4 5 3 1 4 4 3 1 5 2 0 3 5 0 1 4 2 0 2 3 0 4 1 0 3 2 3 2 4 2 0 3 0 3 2 0 0 2 4 3 1 4 1 2 3 0 5 4 1 5 2 3 5 1 4 5 1 0 5
B 518 60 90 SAT 4 0 1 3 1 4 4 1 0 2 4 0 4 0 5 1 5 4 2 5 0 1 3 2 5 0 3 0 3 2 0 5 1 5 4 3 4 3 0 3 2 0 1 0 2 2 5 1 3 5 4 0 2 5 2 5 1 2 4 1 5 2 5 2 3 1 2 2 1 5 1 4 5 3 4 0 3 4 2 0 1 3 4 1 3 0 4 3 0 5
B 519 60 90 SAT 3 1 4 0 1 5 4 5 2 0 5 1 3 0 5 1 4 0 1 3 4 4 0 3 3 5 0 2 1 4 1 0 2 2 3 0 5 1 0 3 5 2 0 4 5 4 3 0 2 3 1 1 5 3 3 2 5 0 3 2 2 2 3 5 3 4 5 2 3 0 4 1 3 2 1 2 1 5 5 0 4 0 4 2 4 0 1 1 5 4
B 520 60 90 SAT 2 5 4 2 5 3 5 3 2 5 0 4 3 1 0 3 5 1 4 2 5 0 4 5 4 3 1 2 4 3 2 1 0 1 3 0 5 4 0 3 5 2 5 0 3 1 2 0 4 5 1 2 4 1 3 4 0 0 2 5 1 0 0 3 5 2 4 2 1 0 1 4 1 4 2 4 3 5 2 0 3 0 3 5 1 2 5 3 4 1
B 521 60 90 SAT 1 5 2 0 2 3 0 5 2 2 3 4 0 2 5 0 1 5 4 1 2 2 4 5 3 1 4 1 3 0 4 0 1 3 1 2 2 4 3 0 3 5 1 2 0 3 1 0 4 5 2 3 0 4 1 4 5 3 4 2 3 5 4 5 3 0 4 1 0 4 1 2 4 3 5 4 5 2 1 3 0 2 1 5 0 3 2 1 0 5
B 522 60 90 SAT 2 1 4 0 5 2 2 5 0 5 1 3 4 2 3 5 2 3 2 4 5 0 3 1 4 2 1 0 3 1 3 0 1 1 2 3 5 2 3 0 1 4 1 5 4 3 0 5 3 2 5 0 3 2 1 4 5 3 2 4 5 3 4 4 5 0 4 1 0 3 2 5 0 3 2 1 2 4 0 1 4 4 1 5 3 0 2 1 0 5
B 523 60 90 SAT 0 1 5 3 4 0 4 2 1 3 4 5 2 1 5 5 2 0 0 3 4 5 4 3 2 1 4 1 0 5 5 1 0 4 2 0 4 3 5 2 4 1 2 5 4 2 3 5 2 0 5 2 5 4 1 3 0 3 0 4 2 5 3 2 4 1 3 0 2 3 0 5 1 0 3 4 1 0 4 1 3 0 3 1 2 5 4 5 2 1
B 524 60 90 SAT 3 5 2 4 5 1 2 5 0 4 0 5 5 3 2 1 5 4 3 0 1 0 2 3 2 1 0 4 1 2 2 1 0 0 2 4 4 3 1 4 1 3 2 3 4 0 3 1 0 3 2 1 3 2 4 3 0 3 2 4 4 3 3 3 4 1 3 0 2 0 2 5 0 1 5 2 5 4 1 4 5 4 0 5 2 1 5 1 0 5
B 525 60 90 SAT 1 5 0 1 5 0 4 5 0 3 2 5 4 0 5 4 2 0 3 5 1 0 4 3 2 3 1 0 3 4 2 3 5 1 5 3 0 1 2 1 2 0 3 5 4 2 4 0 1 4 2 3 5 4 3 0 1 1 4 0 2 4 1 4 1 0 2 3 4 3 4 5 2 1 0 3 1 5 3 5 0 2 1 0 2 5 4 3 2 5
B 526 60 90 SAT 3 5 2 0 5 1 2 0 5 0 1 4 3 2 4 5 1 4 2 1 3 4 2 5 5 3 2 4 5 2 4 0 3 4 3 1 5 0 3 3 0 1 2 3 1 4 1 5 2 5 3 3 1 4 1 3 0 0 2 4 0 3 1 3 1 0 1 2 4 4 2 5 5 0 4 3 0 2 4 1 0 2 0 5 4 5 2 3 1 5
B 527 60 90 SAT 3 4 2 3 1 5 0 2 1 2 4 3 4 2 5 3 5 2 1 0 4 5 4 0 1 3 0 5 3 1 5 1 2 1 2 4 1 5 2 0 4 2 4 3 5 2 0 1 4 0 5 4 0 2 3 1 0 5 0 2 5 2 4 0 0 0 0 4 3 5 3 1 0 1 2 5 3 4 1 2 3 1 5 3 4 2 5 1 3 4
B 528 60 90 SAT 4 5 1 0 5 3 0 5 1 5 0 2 5 2 4 2 5 4 0 2 5 3 4 1 4 2 5 4 1 2 4 3 1 4 3 1 2 3 5 4 0 3 1 5 0 3 4 5 0 2 3 3 2 4 1 5 0 3 2 4 3 2 3 3 0 0 0 1 4 2 1 5 4 3 2 2 1 0 4 5 1 1 0 5 3 4 2 1 0 5
B 529 60 90 SAT 4 0 5 0 2 1 4 3 5 4 5 2 2 5 0 1 5 0 2 1 4 1 4 2 5 2 3 0 2 1 1 0 3 0 2 3 2 0 3 4 1 3 0 4 3 1 4 5 3 2 4 3 2 1 5 2 4 3 1 0 3 3 1 3 4 4 1 4 5 2 5 0 2 1 5 0 3 2 1 0 5 0 5 4 3 0 1 2 4 5
B 530 60 90 SAT 3 0 1 3 5 4 0 4 3 3 2 5 2 5 1 5 2 0 2 4 1 1 4 0 5 3 1 1 4 3 3 0 2 4 0 1 2 0 5 3 4 1 4 0 5 3 1 2 5 2 0 3 2 1 4 3 0 3 2 4 5 2 2 0 4 3 4 1 3 2 0 5 1 3 2 4 0 5 1 3 4 0 4 5 1 5 2 0 1 5
B 531 60 90 SAT 2 4 3 5 3 1 4 0 5 3 4 0 2 4 5 1 5 2 0 3 2 2 4 3 3 1 0 1 2 4 1 5 0 4 2 1 4 5 3 5 2 0 4 5 0 2 3 5 3 2 4 3 2 5 1 3 2 1 0 3 5 0 2 5 3 3 0 2 1 1 4 3 2 1 3 1 4 0 1 0 5 1 0 4 4 5 0 4 2 5
B 532 60 90 SAT 0 1 3 4 2 3 0 5 4 0 4 5 2 1 4 2 5 0 5 4 1 3 1 4 3 2 5 2 1 0 3 4 5 1 0 2 1 4 2 0 2 5 2 3 5 1 3 4 0 1 3 5 0 4 0 5 3 2 1 3 2 5 1 3 0 3 5 0 3 4 1 3 1 0 4 2 0 5 2 5 4 3 1 2 2 1 4 4 0 5
B 533 60 90 SAT 3 4 0 3 4 2 2 1 5 3 4 2 0 2 1 1 5 0 0 2 4 0 2 3 5 3 2 5 0 4 5 1 2 3 0 5 4 2 5 3 1 0 5 1 2 0 1 3 2 0 5 4 0 2 1 3 0 5 3 4 5 1 0 1 3 4 1 0 3 2 5 4 0 4 3 5 4 2 3 4 1 5 3 1 2 5 4 1 0 2
B 534 60 90 SAT 5 2 3 1 0 4 0 5 1 5 3 0 0 2 3 1 2 5 0 3 2 2 4 1 2 4 0 2 4 5 1 3 4 3 4 1 0 4 3 1 4 3 4 1 0 5 2 3 2 1 3 0 3 5 4 0 2 1 3 5 4 3 3 1 5 0 1 2 5 0 5 2 2 5 3 4 1 0 4 0 5 4 1 2 1 3 5 4 0 2
B 535 60 90 SAT 1 4 5 2 3 4 2 3 0 2 5 4 5 4 2 2 1 5 2 0 5 4 0 3 5 4 3 4 0 3 0 2 5 4 3 2 0 3 1 3 2 1 3 5 4 1 2 4 5 1 0 1 2 4 1 3 0 2 5 4 3 1 1 1 1 0 2 5 4 0 4 5 0 1 2 5 0 3 3 2 4 3 0 5 4 2 5 0 3 1
B 536 60 90 SAT 2 0 5 1 4 0 2 1 5 4 1 3 2 5 1 4 0 2 1 3 0 0 2 3 5 0 3 3 2 5 4 3 2 3 4 5 2 4 5 4 2 1 0 2 1 0 5 3 2 4 0 5 0 4 4 3 2 5 3 1 4 5 4 0 0 1 2 3 1 3 0 5 3 5 4 2 4 1 3 1 5 3 2 1 5 1 0 2 4 0
B 537 60 90 SAT 2 1 0 0 3 1 2 5 0 2 0 1 0 2 4 2 3 5 5 0 3 1 2 3 4 3 0 4 3 1 4 3 2 4 3 2 2 3 4 4 5 1 4 0 1 3 1 5 0 4 2 3 2 5 2 3 1 0 1 4 4 4 1 5 1 5 1 5 0 3 0 2 2 3 5 4 2 0 3 1 5 4 0 1 4 5 0 3 2 5
B 538 60 90 SAT 3 5 1 0 5 3 2 0 1 4 2 5 3 2 0 3 2 0 1 2 0 2 3 1 1 3 5 5 3 4 4 0 1 2 5 4 4 1 3 0 3 1 0 2 4 4 2 3 1 0 4 4 2 3 1 5 0 3 4 5 4 4 4 1 5 0 3 2 0 2 4 5 1 3 5 5 0 1 3 2 5 5 1 0 4 2 3 0 1 2
B 539 60 90 SAT 1 5 4 1 3 5 4 2 1 5 0 3 5 1 4 2 3 1 4 3 0 0 4 3 5 1 4 4 3 5 4 3 1 5 3 2 4 3 2 0 2 1 2 1 0 3 4 1 4 0 2 3 0 1 1 5 3 0 2 4 2 2 0 2 0 0 1 0 1 3 4 5 4 3 5 0 2 5 1 5 3 5 2 4 4 0 2 3 1 5
