graph6	class	class_sizes
O????B_wCoI_F?AoCW?M?	T2	-
O????B_wCoI_K_BO@W?M?	E	[10, 10, 10, 10]
O????B_wCoI_E_IO?w?M?	E	[10, 10, 10, 10]
O????B_wCoI_E_HO?w?U?	E	[10, 10, 10, 10]
O????B_wCoI_E_BOCW?M?	E	[10, 10, 10, 10]
O????B_wCoI_CoJ?@W?M?	E	[10, 10, 10, 10]
O????B_wCoI_CoI_@g?M?	E	[10, 10, 10, 10]
O????B_sF?F?F?Ao?w?M?	T2	-
O????B_sF?D_F?Ao?w?e?	T2	-
O????B_sF?D_E_DO@W?M?	T2	-
O????B_sEOCoH_@oBG?q?	T2	-
O????B_sEOCoHOF?AW?U?	E	[10, 10, 10, 10]
O????B_sDOM?F?Ao?w?M?	T2	-
O????B_sDOM?D_BO@W?M?	E	[10, 10, 10, 10]
O????B_sDOJ?J?@o?w?e?	T2	-
O????B_sDOI_I_DO@W?M?	E	[10, 10, 10, 10]
O????B_sCWM?J?AoAW?M?	T2	-
O????B_sCWL?I_CoAg?M?	E	[10, 10, 10, 10]
O????B_sCWL?E_DOCW?M?	E	[10, 10, 10, 10]
O????B_sCWL?E_CoCg?M?	E	[10, 10, 10, 10]
O????B_sCWL?B_KOAW?M?	E	[10, 10, 10, 10]
O????B_sCWL?AoK_Ag?M?	E	[10, 10, 10, 10]
O????B_sCWH_Ao@oEO@a?	E	[10, 10, 10, 10]
O????B_sCWKOI_BOAW?i?	E	[10, 10, 10, 10]
O????B_sCWKOAoB_EG?i?	E	[10, 10, 10, 10]
O????B_sCWHOM?HO?w?e?	E	[10, 10, 10, 10]
O????B_sCWHOJ?DOAW@E?	E	[10, 10, 10, 10]
O????B_sCWHOJ?@oAW@a?	E	[10, 10, 10, 10]
O????B_sCWHOB_HOAW@a?	E	[10, 10, 10, 10]
O????B_sCWHOIOL?AW?M?	E	[10, 10, 10, 10]
O????B_sCWHOIOH_Ag?e?	E	[10, 10, 10, 10]
O????B_sCWHOBOL?CW?e?	E	[10, 10, 10, 10]
O????B_sCWHOBOH_EG?e?	E	[10, 10, 10, 10]
O????B_sCWHOBO@oEG@c?	E	[10, 10, 10, 10]
O????B_sCWGWI_E_Cg?i?	E	[10, 10, 10, 10]
O????B_sCWGWB_AoE_@a?	E	[10, 10, 10, 10]
O????B_eCKIGL?R?CW?U?	E	[10, 10, 10, 10]
O????B_eCKIGL?Q_@g@E?	E	[10, 10, 10, 10]
O???CB?wB_F?F?B_?w?F?	T2	-
O???CB?wB_BGEOB_Co?L?	T2	-
O???CB?wB@F?EO@oAo?[?	E	[10, 10, 10, 10]
O???CB?wB@F?DOAoAo?[?	E	[10, 10, 10, 10]
O???CB?wB@F?DO@o@o?s?	E	[10, 10, 10, 10]
O???CB?wB@F?@o@oB_?s?	X	[11, 10, 10, 9]
O???CB?wA`DGM?D_?w?[?	E	[10, 10, 10, 10]
O???CB?wA`DGL?E_?w?[?	E	[10, 10, 10, 10]
O???CB?[B_D_a_BGAW?M?	E	[10, 10, 10, 10]
O???CB?[B_D_a_AWAo?M?	E	[10, 10, 10, 10]
O???CB?[B_PGIOB_?s?k?	T2	-
O???CB?[B_DGb?AgAo?M?	E	[10, 10, 10, 10]
O???CB?[B_@cI_EO?wCK?	E	[10, 10, 10, 10]
O???CB?[BOE_b?@gAW?U?	E	[10, 10, 10, 10]
O???CB?[BOCod?BG@W?e?	E	[10, 10, 10, 10]
O???CB?[BOCo`_DGBG?U?	E	[10, 10, 10, 10]
O???CB?[BOCo`_@WBG?s?	E	[10, 10, 10, 10]
O???CB?[BOQGIOD_?s?[?	E	[10, 10, 10, 10]
O???CB?[BOEGb?AoAo?L?	E	[10, 10, 10, 10]
O???CB?[BOOgHOD_@S?s?	E	[10, 10, 10, 10]
O???CB?[BOCg`_DOBO?T?	E	[10, 10, 10, 10]
O???CB?[BOCg`_@oBO?p?	E	[10, 10, 10, 10]
O???CB?[BOAcI_EOOo?M?	E	[10, 10, 10, 10]
O???CB?[BOAcE_B_CWCI?	E	[10, 10, 10, 10]
O???CB?[BOAcE_IOOo?M?	E	[10, 10, 10, 10]
O???CB?[BO?sM?D_@gCE?	E	[10, 10, 10, 10]
O???CB?[BO?sL?DO@WCS?	E	[10, 10, 10, 10]
O???CB?[BOCKd?E_@o?M?	E	[10, 10, 10, 10]
O???CB?[BOCK`OD_@o?s?	E	[10, 10, 10, 10]
O???CB?[BOAKBOE_CoCK?	E	[10, 10, 10, 10]
O???CB?[BO?kCoK_@oCW?	E	[10, 10, 10, 10]
O???CB?[BO?k@oH_R??s?	E	[10, 10, 10, 10]
O???CB?[AWDCE_D_?wDA?	E	[10, 10, 10, 10]
O???CB?[AWCSM?B_AgCE?	E	[10, 10, 10, 10]
O???CB?[AWCSM?EO?wCK?	E	[10, 10, 10, 10]
O???CB?[AWCSJ?E_AgCE?	E	[10, 10, 10, 10]
O???CB?[AWCKBOI_QO?k?	E	[10, 10, 10, 10]
O???CB?[AWCKAoM?AoCK?	E	[10, 10, 10, 10]
O???CB?[AW?[IOM?AoCK?	E	[10, 10, 10, 10]
O???CB?[BABGBGE_CoCK?	E	[10, 10, 10, 10]
O???CB?[BA@ge?E_?s@K?	E	[10, 10, 10, 10]
O???CB?[BA@ga_M?Ao?L?	E	[10, 10, 10, 10]
O???CB?[AQS_KO@g@o?s?	E	[10, 10, 10, 10]
O???CB?[AQS_HOCg@o?s?	E	[10, 10, 10, 10]
O???CB?[AQS_GoDG@o?s?	E	[10, 10, 10, 10]
O???CB?[AQS_Go@gB_?s?	E	[10, 10, 10, 10]
O???CB?[AQCgc_L?@o?T?	E	[10, 10, 10, 10]
O???CB?[AQCg`_L?BO?T?	E	[10, 10, 10, 10]
O???CB?[AQCg`_J?BO?d?	E	[10, 10, 10, 10]
O???CB?[AQCg`_I_B_?d?	E	[10, 10, 10, 10]
O???CB?[AQCg`_H_BO?p?	E	[10, 10, 10, 10]
O???CB?M@gM?OW_o@o?[?	E	[10, 10, 10, 10]
O???CB?M@KE_E_Q_GKCI?	E	[10, 10, 10, 10]
O???CB?oR@EGM?D_@o?[?	T2	-
O???CB?oR@BGM?D_@o@K?	X	[11, 10, 10, 9]
O???CB?oR@BGL?I_Ao?[?	E	[10, 10, 10, 10]
O???CB?oJ_D_I_EO?w?k?	E	[10, 10, 10, 10]
O???CB?oJ_DGBOK_Ao?[?	E	[10, 10, 10, 10]
O???CB?oJ_DG@oM?Ao?[?	E	[10, 10, 10, 10]
O???CB?oJ_DG@oL?BO?[?	E	[10, 10, 10, 10]
O???CB?oJ_DG@oJ?Ao?s?	E	[10, 10, 10, 10]
O???CB?oJAEGM?D_@o?[?	T2	-
O???CB?oJABGM?H_Ao?[?	E	[10, 10, 10, 10]
O???CB?oJABGL?I_Ao?[?	E	[10, 10, 10, 10]
O???CB?oJABGL?H_@o?s?	E	[10, 10, 10, 10]
O???CB?oJABGH_H_B_?s?	E	[10, 10, 10, 10]
O???CB?oHaF?M?B_?wAK?	T2	-
O???CB?oHaD_I_EOAoAK?	E	[10, 10, 10, 10]
O???CB?oHaDGX?D_@o?s?	E	[10, 10, 10, 10]
O???CB?oHaDGL?E_@oAK?	E	[10, 10, 10, 10]
O???CB?gJ_HGH_DO@o?s?	E	[10, 10, 10, 10]
O???CB?gJ_HGH_BOAo?s?	E	[10, 10, 10, 10]
O???CB?gJ_HGH_@oB_?s?	E	[10, 10, 10, 10]
O???CB?gIoM?J?Ao?w?k?	E	[10, 10, 10, 10]
O???CB?gIoJ?F?H_?w@E?	T2	-
O???CB?gIoJ?D_J??w@E?	E	[10, 10, 10, 10]
O???CB?gIoJ?D_B_Cg@E?	E	[10, 10, 10, 10]
O???CB?gIoF?EOP_Co?M?	T2	-
O???CB?gIoK_M?Co?w?[?	E	[10, 10, 10, 10]
O???CB?gIoK_K_EO?w?[?	E	[10, 10, 10, 10]
O???CB?gIoK_K_DO@W?[?	E	[10, 10, 10, 10]
O???CB?gIoI_M?Go?w?[?	E	[10, 10, 10, 10]
O???CB?gIoI_F?I_?w@E?	E	[10, 10, 10, 10]
O???CB?gIoI_K_IO?w?[?	E	[10, 10, 10, 10]
O???CB?gIoI_K_Go@g?[?	E	[10, 10, 10, 10]
O???CB?gIoE_EOI_Go?M?	E	[10, 10, 10, 10]
O???CB?gGwB_U?P_CW@E?	T2	-
O???CB?gGwB_S_Q_CW@I?	X	[11, 10, 10, 9]
O???CB?gGwBOT?Q_Cg@E?	E	[10, 10, 10, 10]
O???C@_wBAR?F?E_?w?L?	T2	-
O???C@_sF?F?F?B_?[?M?	E	[10, 10, 10, 10]
O???C@_sF?F?F?Ao?s?M?	E	[10, 10, 10, 10]
O???C@_sF?F?D_@W@o?U?	E	[10, 10, 10, 10]
O???C@_sF?D_AoAoAo?h?	E	[10, 10, 10, 10]
O???C@_sF?D_AgF??w?e?	E	[10, 10, 10, 10]
O???C@_sF?D_AgE_?w?i?	E	[10, 10, 10, 10]
O???C@_sF?D_AWE_?w?k?	E	[10, 10, 10, 10]
O???C@_sF?DGBOB_AS?k?	E	[10, 10, 10, 10]
O???C@_sF?DCF?D_@W?M?	E	[10, 10, 10, 10]
O???C@_sF?DCF?Co@o?M?	E	[10, 10, 10, 10]
O???C@_sF?DCB_B_Ag?e?	T2	-
O???C@_sF?DCEOD_@o?M?	E	[10, 10, 10, 10]
O???C@_sD_L?F?Ao?s?M?	E	[10, 10, 10, 10]
O???C@_sD_L?DOAo?s?[?	E	[10, 10, 10, 10]
O???C@_sD_L?BOAoAo?L?	E	[10, 10, 10, 10]
O???C@_sAaT?HOE_?s?[?	E	[10, 10, 10, 10]
O???C@_sAaP_AoB_Co@`?	E	[10, 10, 10, 10]
O???C@_sAaSGIGB_@o?k?	T2	-
O???C@_sAQU?IO@gAo?[?	T2	-
O???C@_sAQT?KOD_?s?[?	E	[10, 10, 10, 10]
O???C@_sAQT?DGE_?w@K?	E	[10, 10, 10, 10]
O???C@_sAQR?M?H_?w?L?	E	[10, 10, 10, 10]
O???C@_sAQS_K_Ao@o?h?	E	[10, 10, 10, 10]
O???C@_sAQS_H_BOBO?d?	E	[10, 10, 10, 10]
O???C@_sAQS_GoDGBO?[?	E	[10, 10, 10, 10]
O???C@_sAQS_EGI_Ao?M?	E	[10, 10, 10, 10]
O???C@_sAQS_BGI_Ao?e?	E	[10, 10, 10, 10]
O???C@_sAQS_AgJ?Ao?e?	E	[10, 10, 10, 10]
O???C@_sAQS_AgI_Ao?i?	E	[10, 10, 10, 10]
O???C@_sAQQ_KOH_@o?T?	E	[10, 10, 10, 10]
O???C@_sAQQ_HG@oBO@S?	E	[10, 10, 10, 10]
O???C@_sAQQ_BGE_CW@K?	E	[10, 10, 10, 10]
O???C@_sAQQ_@gHOBO@S?	E	[10, 10, 10, 10]
O???C@_sAQQ_@gBOEO@S?	E	[10, 10, 10, 10]
O???C@_sAQQ_@g@oF?@S?	E	[10, 10, 10, 10]
O???C@_sAQP_E_@oCo@`?	E	[10, 10, 10, 10]
O???C@_sAQP_IOH_Ao?d?	E	[10, 10, 10, 10]
O???C@_sAQP_HG@oEO?s?	E	[10, 10, 10, 10]
O???C@_sAQP_DGE_CW@K?	E	[10, 10, 10, 10]
O???C@_sAQP_GgI_Ao?i?	E	[10, 10, 10, 10]
O???C@_sAQP_CgM??w@K?	E	[10, 10, 10, 10]
O???C@_sAQP_CgF?CW@K?	E	[10, 10, 10, 10]
O???C@_sAQP_@gF?CW@c?	E	[10, 10, 10, 10]
O???C@_sAQP_@gDOEO@S?	E	[10, 10, 10, 10]
O???C@_sAQP_@g@oF?@c?	E	[10, 10, 10, 10]
O???C@_sAQOoDGHODO?s?	E	[10, 10, 10, 10]
O???C@_sAQOoBGI_E_?e?	E	[10, 10, 10, 10]
O???C@_sAQOoBGHOEO?s?	E	[10, 10, 10, 10]
O???C@_sAQSGM?D_?s?[?	E	[10, 10, 10, 10]
O???C@_sAQSGHGD_@o?s?	E	[10, 10, 10, 10]
O???C@_[F?R?F?B_?w?F?	E	[10, 10, 10, 10]
O???C@_[F?R?D_BG?w?U?	E	[10, 10, 10, 10]
O???C@_[F?R?D_@g@g?U?	E	[10, 10, 10, 10]
O???C@_[F?R?D_@W@o?U?	E	[10, 10, 10, 10]
O???C@_[F?R?BGB_?w?e?	E	[10, 10, 10, 10]
O???C@_[F?R?AWB_Ao?M?	T2	-
O???C@_[F?P_E_F??[?M?	E	[10, 10, 10, 10]
O???C@_[F?P_E_E_?w?J?	X	[11, 10, 10, 9]
O???C@_[F?P_E_EO?s?M?	T2	-
O???C@_[F?P_BGE_AW?M?	E	[10, 10, 10, 10]
O???C@_[F?P_BGB_AW?e?	T2	-
O???C@_[F?P_CgF?@W?M?	E	[10, 10, 10, 10]
O???C@_[F?P_AgF?AW?M?	E	[10, 10, 10, 10]
O???C@_[F?P_AgEOAo?M?	E	[10, 10, 10, 10]
O???C@_[F?P_AWE_Ao?M?	E	[10, 10, 10, 10]
O???C@_[F?QGEOB_@o?L?	T2	-
O???C@_[F?PGF?E_?s?M?	E	[10, 10, 10, 10]
O???C@_[F?PGEOB_Ao?L?	T2	-
O???C@_[F?PGBOB_Ao?d?	T2	-
O???C@_[F?PGDGE_@o?M?	E	[10, 10, 10, 10]
O???C@_[F?PGBGE_Ao?M?	E	[10, 10, 10, 10]
O???C@_[E_T?D_BG?w?U?	E	[10, 10, 10, 10]
O???C@_[E_DGaOB_?s?k?	T2	-
O???C@_[B_R?b?B_?[?M?	T2	-
O???C@_[B_R?b?Ag?w?M?	T2	-
O???C@_[B_R?`_AW@o?M?	T2	-
O???C@_[B_R?aGB_?w?M?	T2	-
O???C@_[B_R?`GB_@W?M?	T2	-
O???C@_[B_QGaOB_@o?L?	T2	-
O???C@_[B_QGaGB_@o?M?	T2	-
O???C@_[B_QCb?Ao?w?[?	T2	-
O???C@_[B_BCb?a_?w?M?	T2	-
O???C@_[B_BCb?`_@W?M?	T2	-
O???C@_[B_BCaO`_@o?M?	T2	-
O???C@_[B_BC`Oa_@o?M?	T2	-
O???C@_[EODGcOB_Ao?L?	E	[10, 10, 10, 10]
O???C@_[EOCgcOE_@o?L?	E	[10, 10, 10, 10]
O???C@_[EOAKBOE_CoCK?	E	[10, 10, 10, 10]
O???C@_[BOAoD_b?@WCB?	E	[10, 10, 10, 10]
O???C@_[BOQGaOD_@o?L?	T2	-
O???C@_[BOQCb?E_?w?M?	E	[10, 10, 10, 10]
O???C@_[BOQC`_F?@W?M?	E	[10, 10, 10, 10]
O???C@_[BOQC`_EO@o?M?	E	[10, 10, 10, 10]
O???C@_[BOBCd?a_?w?M?	E	[10, 10, 10, 10]
O???C@_[BOBCd?`_@W?M?	E	[10, 10, 10, 10]
O???C@_[BOBCd?_o@o?M?	E	[10, 10, 10, 10]
O???C@_[BOBCcO`_@o?M?	E	[10, 10, 10, 10]
O???C@_[BOOK`OD_@o?s?	T2	-
O???C@_[EAT?F?E_?s?M?	E	[10, 10, 10, 10]
O???C@_[EAT?DGD_@o?U?	E	[10, 10, 10, 10]
O???C@_eF?J?@WCo@o@K?	E	[10, 10, 10, 10]
O???C@_eF?I_I_EO?w?L?	E	[10, 10, 10, 10]
O???C@_eF?I_AgF??w@E?	E	[10, 10, 10, 10]
O???C@_eF?I_@gD_@W@Q?	E	[10, 10, 10, 10]
O???C@_eF?I_@gDODO?U?	E	[10, 10, 10, 10]
O???C@_eF?GoDGD_@W@Q?	E	[10, 10, 10, 10]
O???C@_eF?IGL?Ag?w?[?	E	[10, 10, 10, 10]
O???C@_eF?IGJ?E_?w?L?	E	[10, 10, 10, 10]
O???C@_eF?GgM?Co@o?L?	E	[10, 10, 10, 10]
O???C@_eF?GgL?D_@S?U?	E	[10, 10, 10, 10]
O???C@_eF?BCT?H_?w?U?	E	[10, 10, 10, 10]
O???C@_eE_M?J?B_?[?M?	T2	-
O???C@_eE_M?J?Ao?w?L?	E	[10, 10, 10, 10]
O???C@_eE_M?HOAo@o?L?	E	[10, 10, 10, 10]
O???C@_eE_M?HO@o@S?[?	E	[10, 10, 10, 10]
O???C@_eE_M?HGB_?w?U?	E	[10, 10, 10, 10]
O???C@_eE_K_BGD_CW?U?	E	[10, 10, 10, 10]
O???C@_eE_K_BGB_CW?e?	E	[10, 10, 10, 10]
O???C@_eE_B_Y?H_?w?F?	E	[10, 10, 10, 10]
O???C@_eE_B_Y?Go?w?L?	E	[10, 10, 10, 10]
O???C@_eE_BGY?H_?w?L?	T2	-
O???C@_eE_DCR?Go?w?k?	E	[10, 10, 10, 10]
O???C@_eE_DCR?Co?w@K?	E	[10, 10, 10, 10]
O???C@_eE_@cQ_KO?w@K?	E	[10, 10, 10, 10]
O???C@_eE_@cQ_CoCg@K?	E	[10, 10, 10, 10]
O???C@_eCoJ?X?Go?w?L?	T2	-
O???C@_eCoJ?P_@oCg@D?	T2	-
O???C@_eCoJ?POGoCo?L?	T2	-
O???C@_eCoJ?GWP_?w@K?	T2	-
O???C@_eCoJ?@WP_CW@K?	T2	-
O???C@_eCoI_Y??w?w@K?	E	[10, 10, 10, 10]
O???C@_eCoI_OoB_CW@H?	E	[10, 10, 10, 10]
O???C@_eCoI_OoIO?s@K?	E	[10, 10, 10, 10]
O???C@_eCoI_@gPODO@E?	E	[10, 10, 10, 10]
O???C@_eCoB_P_OoCg@D?	T2	-
O???C@_eCoB_@o@oKOB@?	T2	-
O???C@_eCoIGY?H_?w?L?	T2	-
O???C@_eCoIGWOH_@o?L?	T2	-
O???C@_eCoAgQ_WO?s@K?	E	[10, 10, 10, 10]
O???C@_eCoAgOoY??s@K?	E	[10, 10, 10, 10]
O???C@_eCoGcS_I_?w@I?	T2	-
O???C@_eCoGcS_IO?w@K?	E	[10, 10, 10, 10]
O???C@_eEGM?H_D_@W?R?	E	[10, 10, 10, 10]
O???C@_eEGM?HOCo@S?[?	E	[10, 10, 10, 10]
O???C@_eEGM?BGE_CW?M?	E	[10, 10, 10, 10]
O???C@_eEGM?BGD_CW?U?	E	[10, 10, 10, 10]
O???C@_eEGM?AgGo@o?i?	E	[10, 10, 10, 10]
O???C@_eEGKOM?F??w?F?	E	[10, 10, 10, 10]
O???C@_eEGKOL?D_@W?R?	E	[10, 10, 10, 10]
O???C@_eEGKOK_Co@c?Y?	E	[10, 10, 10, 10]
O???C@_eEGKOKOCo@o?X?	E	[10, 10, 10, 10]
O???C@_eEGAoL?AgCWAQ?	E	[10, 10, 10, 10]
O???C@_eEGBCT?@oCW@S?	E	[10, 10, 10, 10]
O???C@_eEGBCS_J?CW?M?	E	[10, 10, 10, 10]
O???C@_eEGBCS_B_CW@I?	E	[10, 10, 10, 10]
O???C@_eEGAcS_J?CW?U?	E	[10, 10, 10, 10]
O???C@_eEGAcS_BOCW@S?	E	[10, 10, 10, 10]
O???C@_eEGAcSOH_DO?U?	E	[10, 10, 10, 10]
O???C@_eEGASU?IO?w@K?	E	[10, 10, 10, 10]
O???C@_eEGASU?BOCW@K?	E	[10, 10, 10, 10]
O???C@_eEGASU?AoCo@I?	E	[10, 10, 10, 10]
O???C@_eEGASSOHO@o@S?	E	[10, 10, 10, 10]
O???C@_eEGASSOBODO@K?	E	[10, 10, 10, 10]
O???C@_eCgJ?Y?H_?w?F?	T2	-
O???C@_eCgB_R?W_CW?F?	E	[10, 10, 10, 10]
O???C@_eCgB_Q_OoCg@D?	E	[10, 10, 10, 10]
O???C@_eCgB_Ao@oKOB@?	E	[10, 10, 10, 10]
O???C@_eCgIOR?J?CW?F?	E	[10, 10, 10, 10]
O???C@_eCgIOAWOoCo@W?	E	[10, 10, 10, 10]
O???C@_eCgBOQ_POCW@H?	E	[10, 10, 10, 10]
O???C@_eCgBOAoPOKO@H?	E	[10, 10, 10, 10]
O???C@_eCg@oR?OoEO@B?	E	[10, 10, 10, 10]
O???C@_eCg@oR?OoEG@D?	E	[10, 10, 10, 10]
O???C@_eCgIGBGQ_CW@K?	E	[10, 10, 10, 10]
O???C@_eCgAWOoW_D_?X?	E	[10, 10, 10, 10]
O???C@_eCgKCU?I_?w?M?	T2	-
O???C@_eCgKCU?H_@W?M?	E	[10, 10, 10, 10]
O???C@_eCgKCU?Go@o?M?	E	[10, 10, 10, 10]
O???C@_eCgKCSOI_?w?[?	E	[10, 10, 10, 10]
O???C@_eCgHC[?I_?w?M?	T2	-
O???C@_eCgHC[?H_@W?M?	E	[10, 10, 10, 10]
O???C@_eCgHC[?Go@o?M?	E	[10, 10, 10, 10]
O???C@_eCgHCS_J?CW?M?	E	[10, 10, 10, 10]
O???C@_eCgGS[?Go@o?Y?	E	[10, 10, 10, 10]
O???C@_eCKB_T?Y?CW?F?	E	[10, 10, 10, 10]
O???C@_eCKAgF?OoL?@D?	E	[10, 10, 10, 10]
O???C@_eEAM?BGE_?w@K?	E	[10, 10, 10, 10]
O???C@_eEAECT?I_?w?[?	E	[10, 10, 10, 10]
O???C@_eEAECT?Ao@o@K?	E	[10, 10, 10, 10]
O???C@_eEABCT?B_Co@E?	E	[10, 10, 10, 10]
O???C@_eEAAcT?H_DO?U?	E	[10, 10, 10, 10]
O???C@_eEAAcT?B_DO@E?	E	[10, 10, 10, 10]
O???C@_eEAAcS_BODO@K?	E	[10, 10, 10, 10]
O???C@_UF?F?DOAo?sCK?	E	[10, 10, 10, 10]
O???C@_UE_T?L?Ao?w?L?	E	[10, 10, 10, 10]
O???C@_UE_S_K_BG@W?M?	E	[10, 10, 10, 10]
O???C@_UE_S_KOAg@o?M?	E	[10, 10, 10, 10]
O???C@_UE_E_Go_o@o?X?	E	[10, 10, 10, 10]
O???C@_UE_P_M?H_?w?F?	E	[10, 10, 10, 10]
O???C@_UE_P_M?Go?w?L?	E	[10, 10, 10, 10]
O???C@_UE_P_B_@oCW@`?	E	[10, 10, 10, 10]
O???C@_UE_OoF?J?CW?F?	E	[10, 10, 10, 10]
O???C@_UE_OoD_H_DG?R?	E	[10, 10, 10, 10]
O???C@_UE_OoBGJ?CW?e?	E	[10, 10, 10, 10]
O???C@_UE_BGgO@g@o@K?	E	[10, 10, 10, 10]
O???C@_UE_BGIOH_Oo?L?	T2	-
O???C@_UE_OgKO@g@o@S?	E	[10, 10, 10, 10]
O???C@_UE_Og@oB_EO@P?	E	[10, 10, 10, 10]
O???C@_UE_@KHOK_@oCK?	E	[10, 10, 10, 10]
O???C@_UE_?kBOD_SO@S?	E	[10, 10, 10, 10]
O???C@_UE_?kGoM?@oCK?	E	[10, 10, 10, 10]
O???C@_UE_?kGoK_@oCW?	E	[10, 10, 10, 10]
O???C@_UE_?kAoF?SO@K?	E	[10, 10, 10, 10]
O???C@_UE_?k@oD_DODO?	E	[10, 10, 10, 10]
O???C@_UB_U?b?B_?[?M?	E	[10, 10, 10, 10]
O???C@_UB_U?b?Ao?s?M?	E	[10, 10, 10, 10]
O???C@_UB_U?`_BG@W?M?	E	[10, 10, 10, 10]
O???C@_UB_U?aOB_?s?M?	E	[10, 10, 10, 10]
O???C@_UB_U?AW@o@oCK?	E	[10, 10, 10, 10]
O???C@_UB_F?b?_g?w?M?	E	[10, 10, 10, 10]
O???C@_UB_F?aO`_?s?M?	E	[10, 10, 10, 10]
O???C@_UB_S_d?Ag@W?M?	E	[10, 10, 10, 10]
O???C@_UB_S_cOAg@o?M?	E	[10, 10, 10, 10]
O???C@_UB_E_aG`_@W?M?	E	[10, 10, 10, 10]
O???C@_UB_E_aG_o@o?M?	E	[10, 10, 10, 10]
O???C@_UB_D_e??w?wCK?	E	[10, 10, 10, 10]
O???C@_UB_D_aG`_AW?M?	E	[10, 10, 10, 10]
O???C@_UB_B_i?`_?w?F?	E	[10, 10, 10, 10]
O???C@_UB_B_aG`_CW?M?	E	[10, 10, 10, 10]
O???C@_UB_Coe?B_?kCE?	E	[10, 10, 10, 10]
O???C@_UB_SGe?@o@o?L?	E	[10, 10, 10, 10]
O???C@_UB_QC`_J?@W?M?	E	[10, 10, 10, 10]
O???C@_UB_QCB_B_?wDA?	T2	-
O???C@_UB_QC`OI_@o?M?	E	[10, 10, 10, 10]
O???C@_UB_PCIO`_Ao?M?	E	[10, 10, 10, 10]
O???C@_UB_Oca_EOCo?M?	E	[10, 10, 10, 10]
O???C@_UB_@ci?Co?wCK?	E	[10, 10, 10, 10]
O???C@_UB_?si?B_AgCE?	E	[10, 10, 10, 10]
O???C@_UB_?se?B_CgCE?	E	[10, 10, 10, 10]
O???C@_UB_?sJ?a_AWCI?	E	[10, 10, 10, 10]
O???C@_UB_?sD_h?PG?U?	E	[10, 10, 10, 10]
O???C@_UB_?sD_b?DGCE?	E	[10, 10, 10, 10]
O???C@_UB_?sD_`_PG@Q?	E	[10, 10, 10, 10]
O???C@_UAoU?IO`_?w?L?	T2	-
O???C@_UAoR?h?H_?[?M?	T2	-
O???C@_UAoR?h?Go?s?M?	T2	-
O???C@_UAoR?`_HGCW?M?	T2	-
O???C@_UAoR?gOH_?w?L?	T2	-
O???C@_UAoF?gG`_?w?M?	T2	-
O???C@_UAoQ_g_@g@W@I?	E	[10, 10, 10, 10]
O???C@_UAoE_i??w?wCK?	E	[10, 10, 10, 10]
O???C@_UAoE_gG`_@W?M?	E	[10, 10, 10, 10]
O???C@_UAoE_gG_o@o?M?	E	[10, 10, 10, 10]
O???C@_UAoAoJ?_g?wDA?	E	[10, 10, 10, 10]
O???C@_UAoAo`GBOCWDC?	E	[10, 10, 10, 10]
O???C@_UAoQGgOH_?s?[?	T2	-
O???C@_UAoSCDO_o@o@K?	E	[10, 10, 10, 10]
O???C@_UAoQC`_B_Cg@E?	E	[10, 10, 10, 10]
O???C@_UAoQCB_H_?wDA?	E	[10, 10, 10, 10]
O???C@_UAoQC`OB_Co@E?	E	[10, 10, 10, 10]
O???C@_UAoOch?K_@W?M?	E	[10, 10, 10, 10]
O???C@_UAoOcg_K_@g?M?	E	[10, 10, 10, 10]
O???C@_UAoOcKO_o@o@K?	E	[10, 10, 10, 10]
O???C@_UAoCck?Ao?wCK?	E	[10, 10, 10, 10]
O???C@_UAoCcK_`_?wCQ?	E	[10, 10, 10, 10]
O???C@_UAoCcD_g_@WCI?	E	[10, 10, 10, 10]
O???C@_UAo?sk?H_@gCE?	E	[10, 10, 10, 10]
O???C@_UAo?sd?BOSO@E?	E	[10, 10, 10, 10]
O???C@_UAo?sL?g_@WCI?	E	[10, 10, 10, 10]
O???C@_UAo?sD_h?DGCE?	E	[10, 10, 10, 10]
O???C@_UAo?sD_h?CWCQ?	E	[10, 10, 10, 10]
O???C@_UAoOKh?K_@o?M?	E	[10, 10, 10, 10]
O???C@_UEGU?J?D_@W?F?	E	[10, 10, 10, 10]
O???C@_UEGU?H_F?@W?F?	E	[10, 10, 10, 10]
O???C@_UEGU?H_DO@W?T?	E	[10, 10, 10, 10]
O???C@_UEGU?H_BOAW?T?	E	[10, 10, 10, 10]
O???C@_UEGU?AgE_?w@I?	E	[10, 10, 10, 10]
O???C@_UEGU?AgEO?w@K?	E	[10, 10, 10, 10]
O???C@_UEGU?@gE_@W@I?	E	[10, 10, 10, 10]
O???C@_UEGU?@gCo@g@S?	E	[10, 10, 10, 10]
O???C@_UEGU??wD_@g@S?	E	[10, 10, 10, 10]
O???C@_UEGR?M?Go?w?L?	E	[10, 10, 10, 10]
O???C@_UEGR?GgK_?w?Y?	E	[10, 10, 10, 10]
O???C@_UEGS_CWK_@W?[?	E	[10, 10, 10, 10]
O???C@_UEGQ_L?Go@W?T?	E	[10, 10, 10, 10]
O???C@_UEGQ_L??w@W@S?	E	[10, 10, 10, 10]
O???C@_UEGQ_CoHO@S@S?	E	[10, 10, 10, 10]
O???C@_UEGQ_@oKO@S@S?	E	[10, 10, 10, 10]
O???C@_UEGQ_IGE_CW?M?	E	[10, 10, 10, 10]
O???C@_UEGQ_AgEOCW@K?	E	[10, 10, 10, 10]
O???C@_UEGSOL?F?@W?F?	E	[10, 10, 10, 10]
O???C@_UEGSOL?D_@W?R?	E	[10, 10, 10, 10]
O???C@_UEGSOKOEO@o?L?	E	[10, 10, 10, 10]
O???C@_UEGSOKODO@o?T?	E	[10, 10, 10, 10]
O???C@_UEGSOEGL?@W?M?	E	[10, 10, 10, 10]
O???C@_UEGSOEGK_@g?M?	E	[10, 10, 10, 10]
O???C@_UEGSODGK_@W?Y?	E	[10, 10, 10, 10]
O???C@_UEGSOCgL?@W?Y?	E	[10, 10, 10, 10]
O???C@_UEGQOL?IO@o?F?	E	[10, 10, 10, 10]
O???C@_UEGQOL?IO@S?M?	E	[10, 10, 10, 10]
O???C@_UEGQOF?J?CW?F?	E	[10, 10, 10, 10]
O???C@_UEGQOE_I_Cg?J?	E	[10, 10, 10, 10]
O???C@_UEGQOE_BOCW@H?	E	[10, 10, 10, 10]
O???C@_UEGQOD_H_DG?R?	E	[10, 10, 10, 10]
O???C@_UEGQOD_BOCW@P?	E	[10, 10, 10, 10]
O???C@_UEGQOEOIOCo?L?	E	[10, 10, 10, 10]
O???C@_UEGQODOB_CW@P?	E	[10, 10, 10, 10]
O???C@_UEGQODOAoCo@P?	E	[10, 10, 10, 10]
O???C@_UEGQOIGF?CW?M?	E	[10, 10, 10, 10]
O???C@_UEGQOIGE_?w@I?	E	[10, 10, 10, 10]
O???C@_UEGQOIGEOCo?M?	E	[10, 10, 10, 10]
O???C@_UEGQOHGF?@W@E?	E	[10, 10, 10, 10]
O???C@_UEGQOBGEOCW@K?	E	[10, 10, 10, 10]
O???C@_UEGQOGgE_@g@I?	E	[10, 10, 10, 10]
O???C@_UEGQOGgD_DG?Y?	E	[10, 10, 10, 10]
O???C@_UEGQOAgIOCo?i?	E	[10, 10, 10, 10]
O???C@_UEGQOAgBOEG@K?	E	[10, 10, 10, 10]
O???C@_UEGQO@gL?DG?U?	E	[10, 10, 10, 10]
O???C@_UEGQO@gF?DG@E?	E	[10, 10, 10, 10]
O???C@_UEGQO@gE_DG@I?	E	[10, 10, 10, 10]
O???C@_UEGQO@gKO@g@S?	E	[10, 10, 10, 10]
O???C@_UEGQOAWL?@o@E?	E	[10, 10, 10, 10]
O???C@_UEGQOAWE_Co@I?	E	[10, 10, 10, 10]
O???C@_UEGQO@WF?DO@E?	E	[10, 10, 10, 10]
O???C@_UEGQO?wE_D_@I?	E	[10, 10, 10, 10]
O???C@_UEGOoD_K_DG?R?	E	[10, 10, 10, 10]
O???C@_UEGOoCgF?DG@E?	E	[10, 10, 10, 10]
O???C@_UEGOoCgK_DG?Y?	E	[10, 10, 10, 10]
O???C@_UEGOoCgE_DG@I?	E	[10, 10, 10, 10]
O???C@_UEGAoL?GW@WCS?	E	[10, 10, 10, 10]
O???C@_UEGSGEGK_@o?M?	E	[10, 10, 10, 10]
O???C@_UEGSGDGK_@o?U?	E	[10, 10, 10, 10]
O???C@_UEGSGCgK_@o?Y?	E	[10, 10, 10, 10]
O???C@_UEGQGK_HO@o?T?	E	[10, 10, 10, 10]
O???C@_UEGQGD_B_CW@P?	E	[10, 10, 10, 10]
O???C@_UEGQGD_HO@S@S?	E	[10, 10, 10, 10]
O???C@_UEGQG@oL?@S@S?	E	[10, 10, 10, 10]
O???C@_UEGQG@oB_EO@P?	E	[10, 10, 10, 10]
O???C@_UEGQGBGE_CW@K?	E	[10, 10, 10, 10]
O???C@_UEGQGAgF?CW@K?	E	[10, 10, 10, 10]
O???C@_UEGQGAgE_Co@I?	E	[10, 10, 10, 10]
O???C@_UEGQG@gL?@W@S?	E	[10, 10, 10, 10]
O???C@_UEGQG@gF?CW@S?	E	[10, 10, 10, 10]
O???C@_UEGQG@gD_DG@S?	E	[10, 10, 10, 10]
O???C@_UEGOgCoE_Co@P?	E	[10, 10, 10, 10]
O???C@_UEGOgCgL?@W@S?	E	[10, 10, 10, 10]
O???C@_UEGOgCgF?CW@S?	E	[10, 10, 10, 10]
O???C@_UEGOWDOB_EO@P?	E	[10, 10, 10, 10]
O???C@_UEGOWCoF?Co@P?	E	[10, 10, 10, 10]
O???C@_UEGOWCoB_E_@P?	E	[10, 10, 10, 10]
O???C@_UEGOW@oF?EO@P?	E	[10, 10, 10, 10]
O???C@_UEGCKDOD_PO@S?	E	[10, 10, 10, 10]
O???C@_UEGAKHOD_PO@S?	E	[10, 10, 10, 10]
O???C@_UEGAKBOD_SO@S?	E	[10, 10, 10, 10]
O???C@_UEGAK@oL?DOCS?	E	[10, 10, 10, 10]
O???C@_UEGAK@oF?DODC?	E	[10, 10, 10, 10]
O???C@_UBGU?Co_o@o?X?	E	[10, 10, 10, 10]
O???C@_UBGF?e?`_?w?F?	E	[10, 10, 10, 10]
O???C@_UBGSOd?F?@W?F?	E	[10, 10, 10, 10]
O???C@_UBGSOd?D_@W?R?	E	[10, 10, 10, 10]
O???C@_UBGSOc_E_@g?J?	E	[10, 10, 10, 10]
O???C@_UBGSOcODO@o?T?	E	[10, 10, 10, 10]
O???C@_UBGEOF?b?OW?F?	E	[10, 10, 10, 10]
O???C@_UBGEOcO`O@o?T?	E	[10, 10, 10, 10]
O???C@_UBGEOcGb??w?U?	E	[10, 10, 10, 10]
O???C@_UBGEOcGa_@g?M?	E	[10, 10, 10, 10]
O???C@_UBGEOcG`O@W?[?	E	[10, 10, 10, 10]
O???C@_UBGAod?GW@WCS?	E	[10, 10, 10, 10]
O???C@_UBGQCb?D_CW?U?	E	[10, 10, 10, 10]
O???C@_UBGQC`_F?@W@E?	E	[10, 10, 10, 10]
O???C@_UBGOcc_F?CW?U?	E	[10, 10, 10, 10]
O???C@_UBGAck?@o@WCS?	E	[10, 10, 10, 10]
O???C@_UBGAcd?Go@WCS?	E	[10, 10, 10, 10]
O???C@_UBGOSd?F?@W@E?	E	[10, 10, 10, 10]
O???C@_UBGASk?a_?w?Y?	E	[10, 10, 10, 10]
O???C@_UBGASk?`_@g?U?	E	[10, 10, 10, 10]
O???C@_UBGASk?`O@o?U?	E	[10, 10, 10, 10]
O???C@_UBGASi?B_AWCI?	E	[10, 10, 10, 10]
O???C@_UBGASd?B_CWCQ?	E	[10, 10, 10, 10]
O???C@_UBG?sd?KO@WCS?	E	[10, 10, 10, 10]
O???C@_UBG?s`_E_EGCQ?	E	[10, 10, 10, 10]
O???C@_UBGOKd?D_@W@S?	E	[10, 10, 10, 10]
O???C@_UAgR?i?H_?w?F?	E	[10, 10, 10, 10]
O???C@_UAgR?i?Go?w?L?	E	[10, 10, 10, 10]
O???C@_UAgF?gGAo?wCK?	E	[10, 10, 10, 10]
O???C@_UAgB_b?g_CW?F?	E	[10, 10, 10, 10]
O???C@_UAgB_b?_oCS@E?	E	[10, 10, 10, 10]
O???C@_UAgQO_oGoD_?X?	E	[10, 10, 10, 10]
O???C@_UAgEOgGa_?w?Y?	E	[10, 10, 10, 10]
O???C@_UAgEOgGaO@o?M?	E	[10, 10, 10, 10]
O???C@_UAgEOgG_o@o?Y?	E	[10, 10, 10, 10]
O???C@_UAgBOI_h??wCB?	E	[10, 10, 10, 10]
O???C@_UAgBOI_H_OgCB?	E	[10, 10, 10, 10]
O???C@_UAgBOaGg_?w@I?	E	[10, 10, 10, 10]
O???C@_UAgBOaG`_CW@I?	E	[10, 10, 10, 10]
O???C@_UAgBOaG_oCo@I?	E	[10, 10, 10, 10]
O???C@_UAgBO`GBOSO@E?	E	[10, 10, 10, 10]
O???C@_UAgBO_gAoCgDG?	E	[10, 10, 10, 10]
O???C@_UAg@oJ?cGOW@E?	E	[10, 10, 10, 10]
O???C@_UAg@oJ?_gAWDA?	E	[10, 10, 10, 10]
O???C@_UAgQGg_IO@o?L?	E	[10, 10, 10, 10]
O???C@_UAgQGg_Go@o?X?	E	[10, 10, 10, 10]
O???C@_UAgQGgOI_?s?[?	E	[10, 10, 10, 10]
O???C@_UAgQGgOGg@o?[?	E	[10, 10, 10, 10]
O???C@_UAgSCKOa_?w?[?	E	[10, 10, 10, 10]
O???C@_UAgSCKO_o@o?[?	E	[10, 10, 10, 10]
O???C@_UAgSCaOE_Co?M?	E	[10, 10, 10, 10]
O???C@_UAgSCCoaO@o@K?	E	[10, 10, 10, 10]
O???C@_UAgSCCo_o@o@W?	E	[10, 10, 10, 10]
O???C@_UAgQCi?B_?w@E?	E	[10, 10, 10, 10]
O???C@_UAgQCg_J?@W?M?	E	[10, 10, 10, 10]
O???C@_UAgQCa_J??w@E?	E	[10, 10, 10, 10]
O???C@_UAgQCa_BOCo@E?	E	[10, 10, 10, 10]
O???C@_UAgQCB_BOSO@E?	E	[10, 10, 10, 10]
O???C@_UAgQCaOI_?w@K?	E	[10, 10, 10, 10]
O???C@_UAgQCaOB_Co@E?	E	[10, 10, 10, 10]
O???C@_UAgPCh?B_AW@E?	E	[10, 10, 10, 10]
O???C@_UAgPCg_K_?w?Y?	E	[10, 10, 10, 10]
O???C@_UAgPC`_BOEO@E?	E	[10, 10, 10, 10]
O???C@_UAgPCCo`OCo@S?	E	[10, 10, 10, 10]
O???C@_UAgPCCo_oCo@W?	E	[10, 10, 10, 10]
O???C@_UAgDCH_`_@WCa?	E	[10, 10, 10, 10]
O???C@_UAgOSi?F??w@E?	E	[10, 10, 10, 10]
O???C@_UAgOSa_F?Cg@E?	E	[10, 10, 10, 10]
O???C@_UAgOSKOaO@o@K?	E	[10, 10, 10, 10]
O???C@_UAgCSk?a_?w?Y?	E	[10, 10, 10, 10]
O???C@_UAgCSk?_o@o?Y?	E	[10, 10, 10, 10]
O???C@_UAgCSJ?a_?wCa?	E	[10, 10, 10, 10]
O???C@_UAgCSF?i??wCE?	E	[10, 10, 10, 10]
O???C@_UAgCSE_g_Og?Y?	E	[10, 10, 10, 10]
O???C@_UAgCSE_a_Og@I?	E	[10, 10, 10, 10]
O???C@_UAg@Sk?H_@WCI?	E	[10, 10, 10, 10]
O???C@_UAg@Se?h??w@E?	E	[10, 10, 10, 10]
O???C@_UAg@Se?`_Cg@E?	E	[10, 10, 10, 10]
O???C@_UAg@Se?`OCo@E?	E	[10, 10, 10, 10]
O???C@_UAg@Sb?DOCWDC?	E	[10, 10, 10, 10]
O???C@_UAg@Sc_H_DGCI?	E	[10, 10, 10, 10]
O???C@_UAg@SB_d?SG@E?	E	[10, 10, 10, 10]
O???C@_UAgOKa_F?Co@E?	E	[10, 10, 10, 10]
O???C@_UAgOKa_E_Co@I?	E	[10, 10, 10, 10]
O???C@_UAKE_d?GW@WCS?	E	[10, 10, 10, 10]
O???C@_UAKE_I_b?AKCE?	E	[10, 10, 10, 10]
O???C@_UAKB_d?i?CW?F?	E	[10, 10, 10, 10]
O???C@_UAKB_L?I_OWCB?	E	[10, 10, 10, 10]
O???C@_UAKQCh?F?@W@E?	E	[10, 10, 10, 10]
O???C@_UAKQCh?D_@W@Q?	E	[10, 10, 10, 10]
O???C@_UAKQCb?L?CW?U?	E	[10, 10, 10, 10]
O???C@_UAKQCb?D_CW@Q?	E	[10, 10, 10, 10]
O???C@_UAKQCb?AoCg@c?	E	[10, 10, 10, 10]
O???C@_UAKQC`_L?DG?U?	E	[10, 10, 10, 10]
O???C@_UAKQC`_F?DG@E?	E	[10, 10, 10, 10]
O???C@_UAKQC`OL?DO?U?	E	[10, 10, 10, 10]
O???C@_UAKQC`OF?DO@E?	E	[10, 10, 10, 10]
O???C@_UAKQC`OD_DO@Q?	E	[10, 10, 10, 10]
O???C@_UAKECh?DOPO?U?	E	[10, 10, 10, 10]
O???C@_UAKECD_h?PG?U?	E	[10, 10, 10, 10]
O???C@_UAKECD_b?DGCE?	E	[10, 10, 10, 10]
O???C@_UAKECD_b?@WDA?	E	[10, 10, 10, 10]
O???C@_UAKAcd?a_DG@E?	E	[10, 10, 10, 10]
O???C@_UAKAcd?gODO?U?	E	[10, 10, 10, 10]
O???C@_UAKAcd?aODO@E?	E	[10, 10, 10, 10]
O???C@_UAKAcL?gOPO?U?	E	[10, 10, 10, 10]
O???C@_UAKAcb?I_EGCE?	E	[10, 10, 10, 10]
O???C@_UAKOKk?D_@o@Q?	E	[10, 10, 10, 10]
O???C@_UAKOKd?L?@W@S?	E	[10, 10, 10, 10]
O???C@_UAKOKd?J?EO?U?	E	[10, 10, 10, 10]
O???C@_UEAU?BGE_?w@K?	E	[10, 10, 10, 10]
O???C@_UEAR?M?H_?w?L?	E	[10, 10, 10, 10]
O???C@_UEAS_K_DO@o?T?	E	[10, 10, 10, 10]
O???C@_UEAS_DGD_DO?U?	E	[10, 10, 10, 10]
O???C@_UEAQ_KOH_@o?T?	E	[10, 10, 10, 10]
O???C@_UEAQ_KO@g@o@S?	E	[10, 10, 10, 10]
O???C@_UEAQ_HGD_@W@S?	E	[10, 10, 10, 10]
O???C@_UEAQ_BGE_CW@K?	E	[10, 10, 10, 10]
O???C@_UEAQ_BGD_CW@S?	E	[10, 10, 10, 10]
O???C@_UEAQ_AgF?Co@E?	E	[10, 10, 10, 10]
O???C@_UEAQ_AgE_Co@I?	E	[10, 10, 10, 10]
O???C@_UEAQ_@gL?@W@S?	E	[10, 10, 10, 10]
O???C@_UEAQ_@gF?DO@E?	E	[10, 10, 10, 10]
O???C@_UEAOoDGL?DO?U?	E	[10, 10, 10, 10]
O???C@_UEAOoDGF?DO@E?	E	[10, 10, 10, 10]
O???C@_FCoBG`_@oKOB@?	E	[10, 10, 10, 10]
O???C@_FCoBGoOGgGo@K?	E	[10, 10, 10, 10]
O???C@_FCoBGoO@gCoBC?	E	[10, 10, 10, 10]
O???C@_FAoF?w?`_?w?F?	X	[11, 10, 10, 9]
O???C@_F?wR?p?W_CW?F?	T2	-
O???C@_F?wR?`_?wKOBA?	T2	-
O???C@_F?wR?_oP_KG@D?	T2	-
O???C@_F?wR?_oOoKO@H?	T2	-
O???C@_F?wR?@o_oKOB@?	T2	-
O???C@_F?wJ?p?g_CW?F?	T2	-
O???C@_F?wJ?p?_oCW@D?	T2	-
O???C@_F?wJ?o_h?CW?F?	T2	-
O???C@_F?wJ?W_H_OWCB?	T2	-
O???C@_F?wJ?H_w??[CE?	T2	-
O???C@_F?wJ?H_gGGWCE?	T2	-
O???C@_F?wJ?H__gGWDA?	T2	-
O???C@_F?wJ?Ggw??wCE?	T2	-
O???C@_F?wJ?Ggh?GWCE?	T2	-
O???C@_F?wJ?Ggo_?wDA?	T2	-
O???C@_F?wQOq?OoCg@D?	E	[10, 10, 10, 10]
O???C@_F?wIOq?h??[@E?	E	[10, 10, 10, 10]
O???C@_F?wIOq?_oCg@D?	E	[10, 10, 10, 10]
O???C@_F?wIOq?Gg?wDA?	E	[10, 10, 10, 10]
O???C@_F?wIOY?H_OWCB?	E	[10, 10, 10, 10]
O???C@_F?wBOX?_gGWDA?	T2	-
O???C@_F?wBO`_o_KG@B?	T2	-
O???C@_F?wBO`__oKGB@?	T2	-
O???C@_F?wBOP_gGCWEA?	T2	-
O???C@_F?wBO`Oo_KG@D?	T2	-
O???C@_F?sJ?oGh?CW?M?	E	[10, 10, 10, 10]
O???C@_F?sJ?gGH_?wEA?	E	[10, 10, 10, 10]
O???C@_F?sJ?HGp?OW@E?	E	[10, 10, 10, 10]
O???C@_F?sQ_q?OoCg@D?	E	[10, 10, 10, 10]
O???C@_F?sQ_BOo_KG@D?	E	[10, 10, 10, 10]
O???C@_F?sQ_BOo_CWB@?	E	[10, 10, 10, 10]
O???C@_F?sI_Y?h?OW?F?	E	[10, 10, 10, 10]
O???C@_F?sI_Y?gGOW?M?	E	[10, 10, 10, 10]
O???C@_F?sI_Y?`GOW@E?	E	[10, 10, 10, 10]
O???C@_F?sAob?o_KG@B?	E	[10, 10, 10, 10]
O???C@_F?sAob?_oKGB@?	E	[10, 10, 10, 10]
O???C@_F?sAoR?o_SG@B?	E	[10, 10, 10, 10]
O???C@_F?sAoR?W_SGCB?	T2	-
O???C@_F?sAoR?gGCWEA?	E	[10, 10, 10, 10]
O???C@_oTAJ?M?D_?s?[?	T2	-
O???C@_oTAJ?L?E_?s?[?	E	[10, 10, 10, 10]
O???C@_cV?J?L?Ag@o?M?	E	[10, 10, 10, 10]
O???C@_cV?J?J?E_?s?M?	E	[10, 10, 10, 10]
O???C@_cV?J?BGE_Co?M?	E	[10, 10, 10, 10]
O???C@_cV?H_I_EOAo?L?	E	[10, 10, 10, 10]
O???C@_cV?H_EGE_Co?M?	E	[10, 10, 10, 10]
O???C@_cU_KGIGB_@o?k?	T2	-
O???C@_cU_DCM?B_Go?M?	E	[10, 10, 10, 10]
O???C@_cUOKGHGB_Ao?s?	E	[10, 10, 10, 10]
O???C@_cUOKGDGE_@o@K?	E	[10, 10, 10, 10]
O???C@_cSoI_Q_IOCo?L?	E	[10, 10, 10, 10]
O???C@_cSoB_Q_WOCo?L?	E	[10, 10, 10, 10]
O???C@_cSoB_@oQ_CoB@?	E	[10, 10, 10, 10]
O???C@_cSoAoBOQ_K_@D?	E	[10, 10, 10, 10]
O???C@_cSoAoBOQ_CoB@?	E	[10, 10, 10, 10]
O???C@_cSoAoBOB_KOB@?	E	[10, 10, 10, 10]
O???C@_cSoAo@oR?DOB@?	E	[10, 10, 10, 10]
O???C@_cSoIGX?I_@o?L?	E	[10, 10, 10, 10]
O???C@_cSoIGIGP_@o@K?	E	[10, 10, 10, 10]
O???C@_cSoIGBGW_@o@K?	E	[10, 10, 10, 10]
O???C@_cSoIGBGQ_Co@K?	E	[10, 10, 10, 10]
O???C@_cSoIGBGI_Go@K?	E	[10, 10, 10, 10]
O???C@_cSoAgQ_P_D_@D?	E	[10, 10, 10, 10]
O???C@_cSoAgB_Q_K_@D?	E	[10, 10, 10, 10]
O???C@_cSoAgB_Q_CoB@?	E	[10, 10, 10, 10]
O???C@_cSoAgB_B_KOB@?	X	[11, 10, 10, 9]
O???C@_cSoAgQGB_CoBC?	E	[10, 10, 10, 10]
O???C@_cSoAgBGQ_CoBC?	E	[10, 10, 10, 10]
O???C@_cSoAgAgR?CoBC?	E	[10, 10, 10, 10]
O???C@_cSoAgAgB_K_BC?	T2	-
O???C@_cSo@gU?P_Co@D?	E	[10, 10, 10, 10]
O???C@_cSo@gB_S_K_@D?	E	[10, 10, 10, 10]
O???C@_cSo@gB_P_M?@D?	E	[10, 10, 10, 10]
O???C@_cSWBOE_P_KG@H?	E	[10, 10, 10, 10]
O???C@_cSWBOE_POKO@H?	E	[10, 10, 10, 10]
O???C@_cSW@gQ_S_E_@D?	E	[10, 10, 10, 10]
O???C@_cSW@gE_P_M?@D?	E	[10, 10, 10, 10]
O???C@_cSW@gE_D_KOB@?	E	[10, 10, 10, 10]
O???C@_cSW@gB_S_M?@D?	E	[10, 10, 10, 10]
O???C@_cSW@WB_T?KO@`?	E	[10, 10, 10, 10]
O???C@_cUAL?M?D_?s?[?	E	[10, 10, 10, 10]
O???C@_cUAL?L?E_?s?[?	E	[10, 10, 10, 10]
O???C@_cUAL?L?D_@S?[?	E	[10, 10, 10, 10]
O???C@_cUAL?L?Cg@o?[?	E	[10, 10, 10, 10]
O???C@_cUAL?J?CgAo?[?	E	[10, 10, 10, 10]
O???C@_cUAL?H_EGAo?[?	E	[10, 10, 10, 10]
O???C@_cUAL?H_DGBO?[?	E	[10, 10, 10, 10]
O???C@_cUAJ?M?H_?s?[?	E	[10, 10, 10, 10]
O???C@_cUAJ?L?I_?s?[?	E	[10, 10, 10, 10]
O???C@_cUAJ?L?H_@S?[?	E	[10, 10, 10, 10]
O???C@_cUAH_E_M??s@K?	E	[10, 10, 10, 10]
O???C@_cUAB_E_Y??s@K?	E	[10, 10, 10, 10]
O???C@_cUABCL?I_Go?[?	E	[10, 10, 10, 10]
O???C@_cUABCL?H_HO?[?	E	[10, 10, 10, 10]
O???C@_cUABCP_D_D_@S?	E	[10, 10, 10, 10]
O???C@_cSaB_B_B_KOB@?	T2	-
O???C@_cSaKCU?B_@o@K?	T2	-
O???C@_cSaHCM?H_@oAK?	E	[10, 10, 10, 10]
O???C@_cSaHCT?H_@o@S?	E	[10, 10, 10, 10]
O???C@_cSaHCL?H_@oAS?	E	[10, 10, 10, 10]
O???C@_cSa@cU?W_@o@K?	E	[10, 10, 10, 10]
O???C@_cSa@cU?I_Go@K?	E	[10, 10, 10, 10]
O???C@_cSa@cS_W_@o@W?	T2	-
O???C@_cSa@cS_Q_Co@W?	E	[10, 10, 10, 10]
O???C@_cSQI_R?K_DO?L?	E	[10, 10, 10, 10]
O???C@_cSQI_Q_M?Co?L?	E	[10, 10, 10, 10]
O???C@_cSQI_Q_J?EO?L?	E	[10, 10, 10, 10]
O???C@_cSQI_Q_D_D_@D?	E	[10, 10, 10, 10]
O???C@_cSQI_Q_D_DO@H?	E	[10, 10, 10, 10]
O???C@_cSQB_S_Y??s@K?	E	[10, 10, 10, 10]
O???C@_cSQB_E_P_CoB@?	E	[10, 10, 10, 10]
O???C@_cSQB_D_Q_CoB@?	E	[10, 10, 10, 10]
O???C@_cSQB_D_B_KOB@?	E	[10, 10, 10, 10]
O???C@_cSQGoU?D_D_@D?	E	[10, 10, 10, 10]
O???C@_cSQGoT?B_F?@D?	E	[10, 10, 10, 10]
O???C@_cSQAoT?B_DOB@?	E	[10, 10, 10, 10]
O???C@_cSQAoD_R?DOB@?	X	[11, 10, 10, 9]
O???C@_cSQICY?B_Ao@K?	E	[10, 10, 10, 10]
O???C@_cSQICX?E_@o@K?	E	[10, 10, 10, 10]
O???C@_cSQICR?I_Ao@K?	E	[10, 10, 10, 10]
O???C@_cSQICR?E_Co@K?	E	[10, 10, 10, 10]
O???C@_cSQICR?B_EO@K?	E	[10, 10, 10, 10]
O???C@_cSQICP_M?@o@K?	E	[10, 10, 10, 10]
O???C@_cSQICP_F?DO@K?	E	[10, 10, 10, 10]
O???C@_cSQBC[?P_@o@K?	X	[11, 10, 10, 9]
O???C@_cSQBCT?Q_Co@K?	E	[10, 10, 10, 10]
O???C@_cSQBCT?P_DO@K?	E	[10, 10, 10, 10]
O???C@_cSQGc[?E_@o@K?	E	[10, 10, 10, 10]
O???C@_cSQAcS_Y?@o@K?	E	[10, 10, 10, 10]
O???C@_cSQAcS_R?DO@K?	E	[10, 10, 10, 10]
O???C@_cSQAcS_Q_D_@K?	E	[10, 10, 10, 10]
O???C@_cSQAcE_Y?Go@K?	E	[10, 10, 10, 10]
O???C@_cSQAcE_Q_CoBG?	E	[10, 10, 10, 10]
O???C@_oJ_F?EO@oOo?[?	E	[10, 10, 10, 10]
O???C@_oJ_F?DOAoOo?[?	E	[10, 10, 10, 10]
O???C@_oJ_F?DO@oPO?[?	E	[10, 10, 10, 10]
O???C@_oJ_DGEOD_Oo?[?	E	[10, 10, 10, 10]
O???C@_oJ_DGDOc_@o?[?	E	[10, 10, 10, 10]
O???C@_oJ_DGDOE_Oo?[?	E	[10, 10, 10, 10]
O???C@_oJ_DGBOc_Ao?[?	E	[10, 10, 10, 10]
O???C@_oJ_DG@od?BO?[?	E	[10, 10, 10, 10]
O???C@_oIoE_E_B_?wDA?	E	[10, 10, 10, 10]
O???C@_oIoE_KOAoOo?[?	E	[10, 10, 10, 10]
O???C@_oIoAoD_J?@WDA?	E	[10, 10, 10, 10]
O???C@_oIoAgHOK_PO?[?	E	[10, 10, 10, 10]
O???C@_oIoAgAoF?CoDC?	E	[10, 10, 10, 10]
O???C@_oLAM?EOD_@o?[?	T2	-
O???C@_oLAM?BOE_Ao?[?	E	[10, 10, 10, 10]
O???C@_oJABGe?D_Co?[?	X	[11, 10, 10, 9]
O???C@_oJABGM?D_Oo?[?	T2	-
O???C@_oJABGd?D_DO?[?	E	[10, 10, 10, 10]
O???C@_oJABGL?c_@o?[?	E	[10, 10, 10, 10]
O???C@_oKaM?EOB_@o@K?	T2	-
O???C@_oKaL?EOB_Co?k?	E	[10, 10, 10, 10]
O???C@_oKaL?DOI_@o?k?	E	[10, 10, 10, 10]
O???C@_oKaJ?L?I_@o?M?	E	[10, 10, 10, 10]
O???C@_oKaJ?L?H_@o?U?	E	[10, 10, 10, 10]
O???C@_oKaJ?F?I_Co?M?	E	[10, 10, 10, 10]
O???C@_oKaJ?F?B_Co@E?	E	[10, 10, 10, 10]
O???C@_oKaJ?D_HO@o@S?	E	[10, 10, 10, 10]
O???C@_oKaJ?IOB_Co?k?	E	[10, 10, 10, 10]
O???C@_oKaJ?DOB_Co@S?	E	[10, 10, 10, 10]
O???C@_oKaF?M?P_@o?M?	E	[10, 10, 10, 10]
O???C@_oKaH_EOI_Ao@K?	E	[10, 10, 10, 10]
O???C@_oKaH_EOB_EO@K?	E	[10, 10, 10, 10]
O???C@_oKaH_CoE_Co@W?	E	[10, 10, 10, 10]
O???C@_oKaH_AoM?Co?k?	E	[10, 10, 10, 10]
O???C@_oIaPGL?I_Ao?[?	E	[10, 10, 10, 10]
O???C@_oIaDGi?D_Ao?[?	T2	-
O???C@_oIaDGM?D_Oo?[?	E	[10, 10, 10, 10]
O???C@_oIaDGh?D_BO?[?	E	[10, 10, 10, 10]
O???C@_oIaDGL?c_@o?[?	E	[10, 10, 10, 10]
O???C@_oIaDGL?E_Oo?[?	E	[10, 10, 10, 10]
O???C@_oIaDGL?D_PO?[?	E	[10, 10, 10, 10]
O???C@_oIaDGJ?c_Ao?[?	E	[10, 10, 10, 10]
O???C@_oIaDGJ?E_Oo?k?	E	[10, 10, 10, 10]
O???C@_oIaDGH_e?Ao?[?	E	[10, 10, 10, 10]
O???C@_oIaDGH_d?BO?[?	E	[10, 10, 10, 10]
O???C@_oIaDGH_b?Ao?s?	E	[10, 10, 10, 10]
O???C@_oIaBGi?H_Ao?[?	E	[10, 10, 10, 10]
O???C@_oIaBGM?H_Oo?[?	E	[10, 10, 10, 10]
O???C@_oIaBGh?I_Ao?[?	E	[10, 10, 10, 10]
O???C@_oIaBGh?H_BO?[?	E	[10, 10, 10, 10]
O???C@_oIaBGL?I_Oo?[?	E	[10, 10, 10, 10]
O???C@_oIaBGL?H_PO?[?	E	[10, 10, 10, 10]
O???C@_oIaBGJ?I_Oo?k?	E	[10, 10, 10, 10]
O???C@_oIa@gi?H_Ao?s?	E	[10, 10, 10, 10]
O???C@_WN?R?EO@oAo?[?	X	[11, 10, 10, 9]
O???C@_WN?R?DOAoAo?[?	E	[10, 10, 10, 10]
O???C@_WN?R?DO@o@o?s?	E	[10, 10, 10, 10]
O???C@_WN?R?@o@oB_?s?	T2	-
O???C@_WM_U?F?Ao?w?[?	E	[10, 10, 10, 10]
O???C@_WM_U?EO@o@o?[?	T2	-
O???C@_WM_R?M?@o?w?[?	T2	-
O???C@_WM_R?L?@o@W?[?	E	[10, 10, 10, 10]
O???C@_WM_R?KO@o@o?[?	T2	-
O???C@_WM_R?EO@oCo?[?	E	[10, 10, 10, 10]
O???C@_WM_R?DOAoCo?[?	E	[10, 10, 10, 10]
O???C@_WM_B_E_H_?wCQ?	E	[10, 10, 10, 10]
O???C@_WM_QGM?B_@o?M?	T2	-
O???C@_WM_QGIOB_@o?k?	T2	-
O???C@_WM_QGEOB_@o@K?	T2	-
O???C@_WM_PGKOD_@o?[?	T2	-
O???C@_WM_PGEOD_Co?[?	E	[10, 10, 10, 10]
O???C@_WM_PGHOD_BO?[?	E	[10, 10, 10, 10]
O???C@_WJ_P_a_F?AW?M?	E	[10, 10, 10, 10]
O???C@_WJ_P_a_EOAo?M?	E	[10, 10, 10, 10]
O???C@_WJ_PGe?D_?w?[?	E	[10, 10, 10, 10]
O???C@_WJ_PGd?E_@o?M?	E	[10, 10, 10, 10]
O???C@_WIoU?EO@o@oCK?	E	[10, 10, 10, 10]
O???C@_WIoU?DOAoOo?[?	E	[10, 10, 10, 10]
O???C@_WIoF?e?`_?w?M?	T2	-
O???C@_WIoF?d?a_?w?M?	E	[10, 10, 10, 10]
O???C@_WIoF?d?`_@W?M?	E	[10, 10, 10, 10]
O???C@_WIoF?d?_o@o?M?	E	[10, 10, 10, 10]
O???C@_WIoF?F?`_?wCE?	T2	-
O???C@_WIoF?cO`_@o?M?	E	[10, 10, 10, 10]
O???C@_WIoQ_a_EOCo?M?	E	[10, 10, 10, 10]
O???C@_WIoE_e?`_@W?M?	E	[10, 10, 10, 10]
O???C@_WIoE_E_`_?wCQ?	E	[10, 10, 10, 10]
O???C@_WIoB_D_g_@WCI?	E	[10, 10, 10, 10]
O???C@_WMAQGM?D_@o?[?	T2	-
O???C@_WMAQGJ?E_Ao?[?	E	[10, 10, 10, 10]
O???C@_cN?L?F?D_?w?U?	E	[10, 10, 10, 10]
O???C@_cN?L?B_F??w?e?	E	[10, 10, 10, 10]
O???C@_cN?L?B_B_Ag?e?	X	[11, 10, 10, 9]
O???C@_cN?J?F?B_?w@E?	E	[10, 10, 10, 10]
O???C@_cN?H_I_F??w?e?	E	[10, 10, 10, 10]
O???C@_cN?H_I_B_Ag?e?	E	[10, 10, 10, 10]
O???C@_cN?H_B_B_AW@a?	T2	-
O???C@_cM_L?J?B_?w?e?	E	[10, 10, 10, 10]
O???C@_cM_H_F?I_?w@E?	E	[10, 10, 10, 10]
O???C@_cM_H_E_IO?w@K?	E	[10, 10, 10, 10]
O???C@_cM_H_E_BOCW@K?	E	[10, 10, 10, 10]
O???C@_cM_H_B_B_CW@a?	T2	-
O???C@_cM_H_CoBODO@K?	E	[10, 10, 10, 10]
O???C@_cM_HGBOB_Co@c?	E	[10, 10, 10, 10]
O???C@_cMOL?J?D_?w?e?	E	[10, 10, 10, 10]
O???C@_cMOK_L?E_?w?U?	E	[10, 10, 10, 10]
O???C@_cMOK_L?D_@W?U?	E	[10, 10, 10, 10]
O???C@_cMOK_L?Co@o?U?	E	[10, 10, 10, 10]
O???C@_cMOK_K_F??w?U?	E	[10, 10, 10, 10]
O???C@_cMOK_I_F??w?e?	E	[10, 10, 10, 10]
O???C@_cMOK_I_EO?w?k?	E	[10, 10, 10, 10]
O???C@_cMOK_I_BOAo?e?	E	[10, 10, 10, 10]
O???C@_cMOK_H_@oBO?q?	E	[10, 10, 10, 10]
O???C@_cMOK_HOB_BO?e?	E	[10, 10, 10, 10]
O???C@_cMOK_GoEOAo?[?	E	[10, 10, 10, 10]
O???C@_cMOK_GoDOBO?[?	E	[10, 10, 10, 10]
O???C@_cMOK_GoBOAo?s?	E	[10, 10, 10, 10]
O???C@_cMOI_M?Go?w?[?	E	[10, 10, 10, 10]
O???C@_cMOI_M?Ao?w@K?	E	[10, 10, 10, 10]
O???C@_cMOI_F?@oDO@E?	E	[10, 10, 10, 10]
O???C@_cMOI_K_J??w?U?	E	[10, 10, 10, 10]
O???C@_cMOI_K_I_?w?Y?	E	[10, 10, 10, 10]
O???C@_cMOI_K_H_@W?Y?	E	[10, 10, 10, 10]
O???C@_cMOI_K_IO?w?[?	E	[10, 10, 10, 10]
O???C@_cMOI_K_HO@W?[?	E	[10, 10, 10, 10]
O???C@_cMOI_E_J?CW?M?	E	[10, 10, 10, 10]
O???C@_cMOI_E_I_?w@I?	E	[10, 10, 10, 10]
O???C@_cMOI_E_IO?w@K?	E	[10, 10, 10, 10]
O???C@_cMOI_E_BOCW@K?	E	[10, 10, 10, 10]
O???C@_cMOI_E_AoCg@K?	E	[10, 10, 10, 10]
O???C@_cMOI_H_H_@W?q?	E	[10, 10, 10, 10]
O???C@_cMOI_D_@oDO@Q?	E	[10, 10, 10, 10]
O???C@_cMOI_B_B_CW@a?	E	[10, 10, 10, 10]
O???C@_cMOI_KOI_?w?[?	E	[10, 10, 10, 10]
O???C@_cMOI_KOAo@o@K?	E	[10, 10, 10, 10]
O???C@_cMOI_EOGoCo?[?	E	[10, 10, 10, 10]
O???C@_cMOI_EO@oDO@K?	E	[10, 10, 10, 10]
O???C@_cMOI_CoIO@o@K?	E	[10, 10, 10, 10]
O???C@_cMOI_CoHODO?[?	E	[10, 10, 10, 10]
O???C@_cMOI_CoBODO@K?	E	[10, 10, 10, 10]
O???C@_cMOD_J?D_AWAE?	E	[10, 10, 10, 10]
O???C@_cMOD_I_D_?wAa?	E	[10, 10, 10, 10]
O???C@_cMOGoD_@oF?@Q?	E	[10, 10, 10, 10]
O???C@_cMOIGM?H_?w?[?	E	[10, 10, 10, 10]
O???C@_cMOIGL?I_?w?[?	E	[10, 10, 10, 10]
O???C@_cMOIGL?H_@o?U?	E	[10, 10, 10, 10]
O???C@_cMOIGF?I_?w@K?	E	[10, 10, 10, 10]
O???C@_cMOIGF?B_CW@K?	E	[10, 10, 10, 10]
O???C@_cKoL?R?H_?w?e?	E	[10, 10, 10, 10]
O???C@_cKoL?R?Go?w?k?	E	[10, 10, 10, 10]
O???C@_cKoL?QO@oCo?k?	T2	-
O???C@_cKoJ?IOH_Go?M?	E	[10, 10, 10, 10]
O???C@_cKoI_Y?Go?w?[?	E	[10, 10, 10, 10]
O???C@_cKoI_X?I_?w?U?	E	[10, 10, 10, 10]
O???C@_cKoI_X?H_@W?U?	T2	-
O???C@_cKoI_X?B_CW?U?	E	[10, 10, 10, 10]
O???C@_cKoI_R?@oDO@E?	E	[10, 10, 10, 10]
O???C@_cKoI_W_I_?w?Y?	E	[10, 10, 10, 10]
O???C@_cKoI_Q_IO?w@K?	E	[10, 10, 10, 10]
O???C@_cKoI_QOI_?w@K?	E	[10, 10, 10, 10]
O???C@_cKoI_QOB_Co@E?	E	[10, 10, 10, 10]
O???C@_cKoH_R?H_CW?e?	E	[10, 10, 10, 10]
O???C@_cKoH_R?D_CW@E?	T2	-
O???C@_cKoB_Y?P_?w@E?	E	[10, 10, 10, 10]
O???C@_cKoB_Q_POCo@E?	E	[10, 10, 10, 10]
O???C@_cKoB_B_POKO@E?	E	[10, 10, 10, 10]
O???C@_cIoIG`OH_@o@S?	E	[10, 10, 10, 10]
O???C@_cKWL?U?K_?w?M?	E	[10, 10, 10, 10]
O???C@_cKWL?U?D_CW?M?	E	[10, 10, 10, 10]
O???C@_cKWL?QOCoCo?k?	E	[10, 10, 10, 10]
O???C@_cKWJ?QOK_Co?M?	E	[10, 10, 10, 10]
O???C@_cKWHOQ_K_Cg?i?	E	[10, 10, 10, 10]
O???C@_cKWHOQ_H_EG?i?	E	[10, 10, 10, 10]
O???C@_cKWHOQ_D_Cg@a?	E	[10, 10, 10, 10]
O???C@_cMAJ?J?I_Ao?M?	E	[10, 10, 10, 10]
O???C@_cMAJ?F?I_?w@K?	E	[10, 10, 10, 10]
O???C@_cMAH_B_F?CW@c?	E	[10, 10, 10, 10]
O???C@_cMAH_EOI_Ao@K?	E	[10, 10, 10, 10]
O???C@_cMAH_EOB_EO@K?	E	[10, 10, 10, 10]
O???C@_cMAH_AoI_Ao@g?	E	[10, 10, 10, 10]
O???C@_cMAH_AoE_Co@g?	E	[10, 10, 10, 10]
O???C@_cMAH_AoB_EO@g?	E	[10, 10, 10, 10]
O???C@_cMAKGM?D_@o?[?	T2	-
O???C@_cMAKGJ?E_Ao?[?	E	[10, 10, 10, 10]
O???C@_cMAIGM?H_@o?[?	T2	-
O???C@_cMAIGF?I_Co?[?	E	[10, 10, 10, 10]
O???C@_cKaJ?Y?H_@o?M?	E	[10, 10, 10, 10]
O???C@_cKaHG[?B_@o@K?	T2	-
O???C@_cKaHGY?B_Ao@K?	X	[11, 10, 10, 9]
O???C@_cKaHGX?E_@o@K?	E	[10, 10, 10, 10]
O???C@_cKaHGT?I_@o@K?	E	[10, 10, 10, 10]
O???C@_cKaHGR?I_Ao@K?	E	[10, 10, 10, 10]
O???C@_cKaHGR?E_Co@K?	E	[10, 10, 10, 10]
O???C@_cKaHGR?B_EO@K?	E	[10, 10, 10, 10]
O???C@_cKaHGP_M?@o@K?	E	[10, 10, 10, 10]
O???C@_cKaHGP_F?DO@K?	E	[10, 10, 10, 10]
O???C@_cKQL?R?K_Ao?M?	E	[10, 10, 10, 10]
O???C@_cKQL?R?H_Ao?e?	E	[10, 10, 10, 10]
O???C@_cKQH_U?D_Co@E?	E	[10, 10, 10, 10]
O???C@_cKQH_R?GoAo@c?	E	[10, 10, 10, 10]
O???C@_cKQH_R?CoCo@c?	E	[10, 10, 10, 10]
O???C@_cKQH_R?@oEO@c?	E	[10, 10, 10, 10]
O???C@_cKQIGY?B_Ao@K?	E	[10, 10, 10, 10]
O???C@_cKQIGR?I_Ao@K?	E	[10, 10, 10, 10]
O???C@_cKQIGR?B_EO@K?	E	[10, 10, 10, 10]
O???C@_cKQHG[?D_@o@K?	E	[10, 10, 10, 10]
O???C@_cKQHGY?D_Ao@K?	T2	-
O???C@_cKQHGT?K_@o@K?	E	[10, 10, 10, 10]
O???C@_cKQHGT?D_DO@K?	E	[10, 10, 10, 10]
O???C@_cKQBGY?P_Ao@K?	E	[10, 10, 10, 10]
O???C@_cKQBGR?W_Ao@K?	E	[10, 10, 10, 10]
O???C@_cKQBGR?P_EO@K?	E	[10, 10, 10, 10]
O???C@_cKQGgY?E_Ao@K?	E	[10, 10, 10, 10]
O???C@_cKQGgY?B_Ao@c?	E	[10, 10, 10, 10]
O???C@_cKQGgU?I_Ao@K?	E	[10, 10, 10, 10]
O???C@_cKQGgU?B_Co@c?	E	[10, 10, 10, 10]
O???C@_cKQGgT?B_DO@c?	E	[10, 10, 10, 10]
O???C@_cKQGgS_M?Co?[?	E	[10, 10, 10, 10]
O???C@_cKQGgQ_M?Ao@K?	E	[10, 10, 10, 10]
O???C@_cKQGgQ_J?Ao@c?	E	[10, 10, 10, 10]
O???C@_cKQGgQ_F?Co@c?	E	[10, 10, 10, 10]
O???C@_cKQGgQ_I_Ao@g?	E	[10, 10, 10, 10]
O???C@_cKQGgP_F?DO@c?	E	[10, 10, 10, 10]
O???C@_cKQ@gQ_X?Ao@c?	E	[10, 10, 10, 10]
O???C@_cKQ@gQ_T?Co@c?	E	[10, 10, 10, 10]
O???C@_cKQ@gB_X?IO@c?	E	[10, 10, 10, 10]
O???C@_SN?R?M?@o?w?[?	T2	-
O???C@_SN?R?L?@o@W?[?	E	[10, 10, 10, 10]
O???C@_SN?R?D_J??w?U?	E	[10, 10, 10, 10]
O???C@_SN?R?D_H_@g?U?	E	[10, 10, 10, 10]
O???C@_SN?R?EO@oCo?[?	T2	-
O???C@_SN?R?DOAoCo?[?	E	[10, 10, 10, 10]
O???C@_SN?R?DO@oDO?[?	E	[10, 10, 10, 10]
O???C@_SN?F?EO@oOo?[?	E	[10, 10, 10, 10]
O???C@_SN?F?DOAoOo?[?	E	[10, 10, 10, 10]
O???C@_SN?F?DO@oPO?[?	E	[10, 10, 10, 10]
O???C@_SN?P_M?AoAo?M?	E	[10, 10, 10, 10]
O???C@_SN?P_J?E_AW?M?	E	[10, 10, 10, 10]
O???C@_SN?P_K_F?@W?M?	E	[10, 10, 10, 10]
O???C@_SN?P_I_F?AW?M?	E	[10, 10, 10, 10]
O???C@_SN?P_I_EOAo?M?	E	[10, 10, 10, 10]
O???C@_SN?PGJ?E_Ao?M?	E	[10, 10, 10, 10]
O???C@_SN?PGF?E_Co?M?	E	[10, 10, 10, 10]
O???C@_SN?PGEOD_Co?[?	X	[11, 10, 10, 9]
O???C@_SN?PGDOE_Co?[?	E	[10, 10, 10, 10]
O???C@_SN?PGDOD_DO?[?	E	[10, 10, 10, 10]
O???C@_SN?PGBOK_Ao?[?	E	[10, 10, 10, 10]
O???C@_SN?PG@oM?Ao?[?	E	[10, 10, 10, 10]
O???C@_SN?PG@oL?BO?[?	E	[10, 10, 10, 10]
O???C@_SN?DGEOD_Oo?[?	E	[10, 10, 10, 10]
O???C@_SN?DGDOc_@o?[?	E	[10, 10, 10, 10]
O???C@_SN?DGDOE_Oo?[?	E	[10, 10, 10, 10]
O???C@_SN?DGDOD_PO?[?	E	[10, 10, 10, 10]
O???C@_SN?DGBOc_Ao?[?	E	[10, 10, 10, 10]
O???C@_SN?DG@oe?Ao?[?	E	[10, 10, 10, 10]
O???C@_SN?DG@od?BO?[?	E	[10, 10, 10, 10]
O???C@_SJ_U?b?Ao?w?[?	T2	-
O???C@_SJ_U?aO@o@o?[?	T2	-
O???C@_SJ_T?e?B_?w?M?	T2	-
O???C@_SJ_T?aO@oAo?[?	E	[10, 10, 10, 10]
O???C@_SJ_F?b?a_?w?M?	T2	-
O???C@_SJ_F?b?`_@W?M?	T2	-
O???C@_SJ_F?aO`_@o?M?	T2	-
O???C@_SJ_F?`Oa_@o?M?	T2	-
O???C@_SJ_D_F?a_?wCE?	E	[10, 10, 10, 10]
O???C@_SJ_D_B_a_AWCI?	E	[10, 10, 10, 10]
O???C@_SMOT?J?D_AW?M?	E	[10, 10, 10, 10]
O???C@_SMOS_J?E_AW?M?	E	[10, 10, 10, 10]
O???C@_SMOS_K_EO@o?M?	E	[10, 10, 10, 10]
O???C@_SMOS_I_F?AW?M?	E	[10, 10, 10, 10]
O???C@_SMOS_I_E_Ag?M?	E	[10, 10, 10, 10]
O???C@_SMOS_I_EOAo?M?	E	[10, 10, 10, 10]
O???C@_SMOS_H_F?AW?U?	E	[10, 10, 10, 10]
O???C@_SMOS_D_D_@W@Q?	E	[10, 10, 10, 10]
O???C@_SMOS_B_B_AW@a?	E	[10, 10, 10, 10]
O???C@_SMOS_KOE_@o?M?	E	[10, 10, 10, 10]
O???C@_SMOS_IOE_Ao?M?	E	[10, 10, 10, 10]
O???C@_SMOS_IOCoAo?[?	E	[10, 10, 10, 10]
O???C@_SMOS_GoEOAo?[?	E	[10, 10, 10, 10]
O???C@_SMOS_GoDOBO?[?	E	[10, 10, 10, 10]
O???C@_SMOS_GoCoB_?[?	E	[10, 10, 10, 10]
O???C@_SMOS_CoD_DO?Y?	E	[10, 10, 10, 10]
O???C@_SMOP_I_L?AW?M?	E	[10, 10, 10, 10]
O???C@_SMOP_I_KOAo?M?	E	[10, 10, 10, 10]
O???C@_SMOP_H_L?AW?U?	E	[10, 10, 10, 10]
O???C@_SMOSGL?E_@o?M?	E	[10, 10, 10, 10]
O???C@_SMOSGL?D_@o?U?	E	[10, 10, 10, 10]
O???C@_SMOSGJ?E_Ao?M?	E	[10, 10, 10, 10]
O???C@_SMOSGJ?B_AW?k?	E	[10, 10, 10, 10]
O???C@_SMOSGDOE_Co?[?	E	[10, 10, 10, 10]
O???C@_SMOPGIOH_Ao?k?	T2	-
O???C@_SMOPGBOH_Ao@c?	E	[10, 10, 10, 10]
O???C@_SMODGDOE_CoCK?	E	[10, 10, 10, 10]
O???C@_SMOOgH_L?BO?U?	E	[10, 10, 10, 10]
O???C@_SMOOgH_H_BO?q?	E	[10, 10, 10, 10]
O???C@_SMOCgCoF?DOCK?	E	[10, 10, 10, 10]
O???C@_SMO?w@oh?BO@o?	E	[10, 10, 10, 10]
O???C@_SJOU?b?AoAo?M?	E	[10, 10, 10, 10]
O???C@_SJOU?D_B_@gCE?	E	[10, 10, 10, 10]
O???C@_SJOU?aOB_Ao?M?	E	[10, 10, 10, 10]
O???C@_SJOU?EO@o@oCK?	E	[10, 10, 10, 10]
O???C@_SJOT?d?Co@o?M?	E	[10, 10, 10, 10]
O???C@_SJOT?`_F?AW?M?	E	[10, 10, 10, 10]
O???C@_SJOT?B_D_AgCE?	E	[10, 10, 10, 10]
O???C@_SJOT?cOD_@o?M?	E	[10, 10, 10, 10]
O???C@_SJOT?EO@oAoCK?	E	[10, 10, 10, 10]
O???C@_SJOR?EO`_Co?M?	E	[10, 10, 10, 10]
O???C@_SJOF?d?_o@o?M?	E	[10, 10, 10, 10]
O???C@_SJOF?b?`_AW?M?	E	[10, 10, 10, 10]
O???C@_SJOS_e?E_?w?M?	E	[10, 10, 10, 10]
O???C@_SJOS_e?B_AW?M?	E	[10, 10, 10, 10]
O???C@_SJOS_e?AoAo?M?	E	[10, 10, 10, 10]
O???C@_SJOS_d?E_@W?M?	E	[10, 10, 10, 10]
O???C@_SJOS_b?E_AW?M?	E	[10, 10, 10, 10]
O???C@_SJOS_c_F?@W?M?	E	[10, 10, 10, 10]
O???C@_SJOS_c_E_@g?M?	E	[10, 10, 10, 10]
O???C@_SJOS_c_EO@o?M?	E	[10, 10, 10, 10]
O???C@_SJOS_a_F?AW?M?	E	[10, 10, 10, 10]
O???C@_SJOS_a_E_Ag?M?	E	[10, 10, 10, 10]
O???C@_SJOS_a_EOAo?M?	E	[10, 10, 10, 10]
O???C@_SJOS_D_B_BGCE?	E	[10, 10, 10, 10]
O???C@_SJOS_cOE_@o?M?	E	[10, 10, 10, 10]
O???C@_SJOE_e?`_@W?M?	E	[10, 10, 10, 10]
O???C@_SJOE_e?_o@o?M?	E	[10, 10, 10, 10]
O???C@_SJOE_c_a_@g?M?	E	[10, 10, 10, 10]
O???C@_SJOE_c_B_@WCI?	E	[10, 10, 10, 10]
O???C@_SJOE_D_a_@WCI?	E	[10, 10, 10, 10]
O???C@_SJOP_d?E_CW?M?	E	[10, 10, 10, 10]
O???C@_SJOP_c_E_Cg?M?	E	[10, 10, 10, 10]
O???C@_SJOP_cOE_Co?M?	E	[10, 10, 10, 10]
O???C@_SJOD_e?`_AW?M?	E	[10, 10, 10, 10]
O???C@_SJOD_e?_oAo?M?	E	[10, 10, 10, 10]
O???C@_SJOD_b?c_AW?M?	E	[10, 10, 10, 10]
O???C@_SJOD_a_d?AW?M?	E	[10, 10, 10, 10]
O???C@_SJOD_a_c_Ag?M?	E	[10, 10, 10, 10]
O???C@_SJOD_a_cOAo?M?	E	[10, 10, 10, 10]
O???C@_SJOD_B_c_AWCI?	E	[10, 10, 10, 10]
O???C@_SJOB_e?`_CW?M?	E	[10, 10, 10, 10]
O???C@_SJOB_e?_oCo?M?	E	[10, 10, 10, 10]
O???C@_SJOB_E_gOOo?M?	E	[10, 10, 10, 10]
O???C@_SJOCoB_d?BGCE?	E	[10, 10, 10, 10]
O???C@_SJO@oF?h?AWCE?	E	[10, 10, 10, 10]
O???C@_SJO@oF?d?CWCE?	E	[10, 10, 10, 10]
O???C@_SJO@oF?g_AWCI?	E	[10, 10, 10, 10]
O???C@_SJOSGe?B_Ao?M?	E	[10, 10, 10, 10]
O???C@_SJOSGd?E_@o?M?	E	[10, 10, 10, 10]
O???C@_SJOSGb?E_Ao?M?	E	[10, 10, 10, 10]
O???C@_SJOSG`OB_Ao?s?	E	[10, 10, 10, 10]
O???C@_SHoT?B_P_AgCE?	E	[10, 10, 10, 10]
O???C@_SHoF?oO`_?w?[?	E	[10, 10, 10, 10]
O???C@_SHoF?aO`_?wAK?	E	[10, 10, 10, 10]
O???C@_SHoS_DO_oHO?[?	E	[10, 10, 10, 10]
O???C@_SHoE_o_a_?w?Y?	E	[10, 10, 10, 10]
O???C@_SHoE_o_aO@o?M?	E	[10, 10, 10, 10]
O???C@_SHoE_oOa_?w?[?	E	[10, 10, 10, 10]
O???C@_SIWP_g_M?AW?M?	E	[10, 10, 10, 10]
O???C@_SIWEOi?EOOo?M?	E	[10, 10, 10, 10]
O???C@_SIWPOh?B_AW@a?	E	[10, 10, 10, 10]
O???C@_SIWPOgOM?Ao?M?	E	[10, 10, 10, 10]
O???C@_SIWDOi?D_AgCE?	E	[10, 10, 10, 10]
O???C@_SIWDOi?cOAo?M?	E	[10, 10, 10, 10]
O???C@_SIWDOe?D_CgCE?	E	[10, 10, 10, 10]
O???C@_SIWDOe?D_CWCI?	E	[10, 10, 10, 10]
O???C@_SIW@oi?K_AgCE?	E	[10, 10, 10, 10]
O???C@_SIW@oI_d?EGCE?	E	[10, 10, 10, 10]
O???C@_SIW@oB_k?EGCE?	T2	-
O???C@_SIWSGe?I_Ao?M?	E	[10, 10, 10, 10]
O???C@_SIWPGk?I_Ao?M?	E	[10, 10, 10, 10]
O???C@_SIWPG`_B_EO@a?	E	[10, 10, 10, 10]
O???C@_SHWT?E_P_AWCI?	E	[10, 10, 10, 10]
O???C@_SHWT?E_D_?wEA?	E	[10, 10, 10, 10]
O???C@_SHWT?B_D_AWEA?	E	[10, 10, 10, 10]
O???C@_SHWT?QOc_Ao?M?	E	[10, 10, 10, 10]
O???C@_SHWT?QOCoAoCK?	E	[10, 10, 10, 10]
O???C@_SMAT?M?D_?w?[?	E	[10, 10, 10, 10]
O???C@_SMAT?L?E_?w?[?	E	[10, 10, 10, 10]
O???C@_SMAT?L?D_@W?[?	E	[10, 10, 10, 10]
O???C@_SMAT?F?E_Co?M?	E	[10, 10, 10, 10]
O???C@_SMAT?H_DOBO?[?	E	[10, 10, 10, 10]
O???C@_SMAP_AoJ?Ao@c?	E	[10, 10, 10, 10]
O???C@_SMASGM?D_@o?[?	T2	-
O???C@_SMASGJ?E_Ao?[?	E	[10, 10, 10, 10]
O???C@_SMAPGM?H_@o?k?	E	[10, 10, 10, 10]
O???C@_SMAPGL?I_@o?k?	E	[10, 10, 10, 10]
O???C@_SMAPGJ?H_BO?k?	E	[10, 10, 10, 10]
O???C@_EJ_J?h?`_@W?M?	E	[10, 10, 10, 10]
O???C@_EJGY?KOa_@o?M?	E	[10, 10, 10, 10]
O???C@_EIgY?h?@o@W@S?	E	[10, 10, 10, 10]
O???C@_EIgY?g_H_@g?U?	E	[10, 10, 10, 10]
O???C@_EIgY?`_@oDG@S?	E	[10, 10, 10, 10]
O???C@_EIgY?_o@oDO@W?	E	[10, 10, 10, 10]
O???C@_EIgM?g_a_@g?M?	E	[10, 10, 10, 10]
O???C@_EIgM?g_aO@o?M?	E	[10, 10, 10, 10]
O???C@_EIgM?g_`O@o?U?	E	[10, 10, 10, 10]
O???C@_EIgW_DOg_@W@S?	E	[10, 10, 10, 10]
O???C@_EIgW_DOa_CW@S?	E	[10, 10, 10, 10]
O???C@_EIgI_`_i?CW?U?	E	[10, 10, 10, 10]
O???C@_EIgI_`_g_@W@Q?	E	[10, 10, 10, 10]
O???C@_EIgI_`_gODO?U?	E	[10, 10, 10, 10]
O???C@_EIgI_`Og_@W@S?	E	[10, 10, 10, 10]
O???C@_EIgI_`O_oDO@S?	T2	-
O???C@_EIgWOKO_o@o@W?	E	[10, 10, 10, 10]
O???C@_EIgWODO_oDO@W?	E	[10, 10, 10, 10]
O???C@_EIgIOi?IOOo?M?	E	[10, 10, 10, 10]
O???C@_EIKY?M?B_CgCE?	E	[10, 10, 10, 10]
O???C@_EIKW_L?KO@WCS?	E	[10, 10, 10, 10]
O???C@_EIKW_F?K_DGCE?	E	[10, 10, 10, 10]
O???C@_EIKW_F?EOCWDC?	E	[10, 10, 10, 10]
O???C@_EIKW_D_CoT?@Q?	E	[10, 10, 10, 10]
O???C@__]_L?J?B_Ao?e?	E	[10, 10, 10, 10]
O???C@__]_L?EOB_Co?k?	E	[10, 10, 10, 10]
O???C@__]_L?BOE_Co?k?	E	[10, 10, 10, 10]
O???C@__]_H_B_B_EO@a?	T2	-
O???C@__]_H_KOI_Ao?[?	E	[10, 10, 10, 10]
O???C@__]_H_BOI_Ao@c?	E	[10, 10, 10, 10]
O???C@__]_HGH_L?@o?s?	E	[10, 10, 10, 10]
O???C@__]_HGH_H_B_?s?	E	[10, 10, 10, 10]
O???C@__[oM?U?H_?w?[?	E	[10, 10, 10, 10]
O???C@__[oI_[?I_?w?[?	E	[10, 10, 10, 10]
O???C@__[oI_T?H_DO?U?	E	[10, 10, 10, 10]
O???EA_SDAD_Q_EGAo?K_	E	[10, 10, 10, 10]
O???EA_SDABAJ?Q_?s?k?	E	[10, 10, 10, 10]
O???EA_SDA@aM?Q_?s?k?	E	[10, 10, 10, 10]
O???EA_SDA@aI_U??s?k?	E	[10, 10, 10, 10]
O???EA_SDA@aI_Q_Ac?k?	E	[10, 10, 10, 10]
O???EA_SC`HADOH_DO?[?	E	[10, 10, 10, 10]
O???EA_EAKGoH_cGDG?o_	T2	-
O???EA_EDAM?U?B_?s?K_	T2	-
O???EA_EDAM?D_P_@c?S_	E	[10, 10, 10, 10]
O???EA_EDAM?D_@gH_?S_	E	[10, 10, 10, 10]
O???EA_EDAM?EGB_Go?K_	T2	-
O???EA_EDAK_S_D_@c?S_	E	[10, 10, 10, 10]
O???EA_EDAK_S_EG@o?K_	E	[10, 10, 10, 10]
O???EA_EDAK_P_D_BC?S_	E	[10, 10, 10, 10]
O???EA_EDAK_@gP_BO?o_	E	[10, 10, 10, 10]
O???EA_EDAE_S_P_@c?S_	E	[10, 10, 10, 10]
O???EA_EDAE_S_QG@o?K_	E	[10, 10, 10, 10]
O???EA_EDAE_S_@gH_?S_	E	[10, 10, 10, 10]
O???EA_EDAE_D_P_HC?S_	E	[10, 10, 10, 10]
O???EA_EDAE_D_OgHO?W_	E	[10, 10, 10, 10]
O???EA_EDAE_EGQ_Go?K_	E	[10, 10, 10, 10]
O???EA_EDAE_EGOcGo?[?	E	[10, 10, 10, 10]
O???EA_EDAECT?Q_@o?K_	E	[10, 10, 10, 10]
O???EA_EDAECF?Q_Go?K_	E	[10, 10, 10, 10]
O???EA_EDAECD_P_H_?S_	E	[10, 10, 10, 10]
O???EA_EDAECQCP_Ao?[?	E	[10, 10, 10, 10]
O???EA_EDAECPCQ_Ao?[?	E	[10, 10, 10, 10]
O???EA_EDACcS_D_H_?S_	E	[10, 10, 10, 10]
O???EA_EDACcP_P_BO?o_	E	[10, 10, 10, 10]
O???EA_EDA?qL?T?@SAS?	E	[10, 10, 10, 10]
O???EA_EBAU?U?B_?s?K_	T2	-
O???EA_E@IU?E_AgGoAG_	E	[10, 10, 10, 10]
O???EA_E@IGcW_c_BO?W_	E	[10, 10, 10, 10]
O???EA_E?iSOM?QCGo?L?	E	[10, 10, 10, 10]
O???EA_E?iSOM?BCGoAD?	E	[10, 10, 10, 10]
O???EA_E?oaoB_P_KGD@?	T2	-
O???E?oBEC[?KGE_@o?I_	T2	-
O???E?oBEC[?KGE_@g?K_	T2	-
O???E?oBEC[?KGAoB_?K_	E	[10, 10, 10, 10]
O???E?oBEC[?CgEOD_?K_	E	[10, 10, 10, 10]
O???E?oBECWOK_M?@c?I_	T2	-
O???E?oBECWOGoM?@c?g_	T2	-
O???E?oBECWOGoKGB_?W_	T2	-
O???E?oBECWOGoEGD_?g_	T2	-
O???E?oBDC[?SOE_@c?K_	E	[10, 10, 10, 10]
O???E?oBDC[?SOCg@o?W_	E	[10, 10, 10, 10]
O???E?oBDC[?SOAgB_?K_	E	[10, 10, 10, 10]
O???E?oBDCWOS_M?@g?H_	E	[10, 10, 10, 10]
O???E?oBDCKOs?E_@g?H_	E	[10, 10, 10, 10]
O???E?oBDCKOs?E_@c?I_	E	[10, 10, 10, 10]
O???E?oBEA[?I_BGAo?c_	E	[10, 10, 10, 10]
O???E?oBEA[?I_EC?s?k?	E	[10, 10, 10, 10]
O???E?oBEA[?CgK_@o?W_	E	[10, 10, 10, 10]
O???E?oBEAWOKGK_@o?W_	E	[10, 10, 10, 10]
O???E?oBEAWOKGI_Ao?W_	E	[10, 10, 10, 10]
O???E?oBEAWOIGE_Co?g_	E	[10, 10, 10, 10]
O???E?oBEASO[?E_@c?K_	E	[10, 10, 10, 10]
O???E?oBEASO[?Cg@o?W_	E	[10, 10, 10, 10]
O???E?oBEASO[?AgB_?K_	E	[10, 10, 10, 10]
O???E?oBEASO[?Ag@o?g_	E	[10, 10, 10, 10]
O???E?oBEASOK_U?@o?H_	E	[10, 10, 10, 10]
O???E?oBEASOK_AgH_?g_	E	[10, 10, 10, 10]
O???E?oBEASOI_S_Ac?W_	E	[10, 10, 10, 10]
O???E?oBEASOIGS_@o?g_	E	[10, 10, 10, 10]
O???E?oBEASOIGE_Go?g_	E	[10, 10, 10, 10]
O???E?oBDAU?S_Og@o?W_	E	[10, 10, 10, 10]
O???E?oBDAU?EGOcGo?[?	E	[10, 10, 10, 10]
O???E?oBDAU?CgOcH_?[?	E	[10, 10, 10, 10]
O???E?oBDAWOK_AgH_?g_	E	[10, 10, 10, 10]
O???E?oBDAKOs?E_@c?K_	E	[10, 10, 10, 10]
O???E?oBDAKOs?E_?s?W_	E	[10, 10, 10, 10]
O???E?oBDAKOs?Cg@o?W_	E	[10, 10, 10, 10]
O???E?oBDAKOs?AgB_?K_	E	[10, 10, 10, 10]
O???E?oBDAKOQGb?Ao?c_	E	[10, 10, 10, 10]
O???E?oBDAQOS_QG@o@G_	E	[10, 10, 10, 10]
O???E?oBDAQOEGQ_K_?K_	E	[10, 10, 10, 10]
O???E?oBDAEOS_a_H_?H_	E	[10, 10, 10, 10]
O???E?oBDADOe?S_Gc?K_	E	[10, 10, 10, 10]
O???E?oBDADOb?OcI_?d?	E	[10, 10, 10, 10]
O???E?oB@QSOb?OcI_?d?	E	[10, 10, 10, 10]
O???E?oB@QSO`GSCHO?k?	E	[10, 10, 10, 10]
O???E?oBCE[?[?E_@o?H_	E	[10, 10, 10, 10]
O???E?oBCE[?S_M?@o?H_	E	[10, 10, 10, 10]
O???E?oBCE[?K_U?@o?H_	E	[10, 10, 10, 10]
O???E?oBCE[?K_E_H_?H_	E	[10, 10, 10, 10]
O???E?oBCE[?K_AgH_?g_	E	[10, 10, 10, 10]
O???E?oBCE[?I_U??s?g_	E	[10, 10, 10, 10]
O???E?oBCE[?IGS_@o?g_	E	[10, 10, 10, 10]
O???E?oBCE[?IGE_Go?g_	E	[10, 10, 10, 10]
O???E?oBCE[?CgU?@o@G_	E	[10, 10, 10, 10]
O???E?oBCEU?W_U?@o?H_	E	[10, 10, 10, 10]
O???E?oBCEU?OgY?@o?g_	E	[10, 10, 10, 10]
O???E?oBCEWO[?IG@o?g_	E	[10, 10, 10, 10]
O???E?oBCEWOW_M?@c?g_	T2	-
O???E?oBCEWOW_EGD_?g_	T2	-
O???E?oBCEWOKGY?Ao?W_	E	[10, 10, 10, 10]
O???E?oBCEKCk?Q_B_?K_	E	[10, 10, 10, 10]
O???E?oBCEKCk?E_H_?K_	E	[10, 10, 10, 10]
O???E?oBCEECw?Q_B_?K_	E	[10, 10, 10, 10]
O???E?oBCEECw?E_H_?K_	E	[10, 10, 10, 10]
O???E?oB@E[?aGR?Ao?c_	E	[10, 10, 10, 10]
O???E?oB@EU?e?BGGoAC_	E	[10, 10, 10, 10]
O???E?oB@EU?aGF?GoAC_	E	[10, 10, 10, 10]
O???E?oB@EU?Oga_H_?g_	E	[10, 10, 10, 10]
O???E?oB@ET?b?P_IA?d?	E	[10, 10, 10, 10]
O???E?oB@ET?b?SCAoAD?	E	[10, 10, 10, 10]
O???E?oB@ET?b?OcI_?d?	E	[10, 10, 10, 10]
O???E?oB@EEOs?a_H_?H_	E	[10, 10, 10, 10]
O???E?oB@EEOs?a_@cAG_	E	[10, 10, 10, 10]
O???E?oB@EPCh?SCBOAK?	E	[10, 10, 10, 10]
O???E?oB@EPCh?CcJ?AK?	E	[10, 10, 10, 10]
O??CA?_wBCR?D_F?@K?J?	E	[10, 10, 10, 10]
O??CA?_wBCR?CoDG@g?X?	E	[10, 10, 10, 10]
O??CA?_wBCQOF?EO@c?J?	E	[10, 10, 10, 10]
O??CA?_w@EIOe?F?@c?J?	E	[10, 10, 10, 10]
O??CA?_w@EIOe?DG@g?X?	E	[10, 10, 10, 10]
O??CA?_w@EIOcOBG@c?w?	T2	-
O??CA?_w@EIOaOF?Ac?X?	E	[10, 10, 10, 10]
O??CA?_w@EIOcGF?@g?X?	E	[10, 10, 10, 10]
O??CA?_w@EIOEGDGP_?Y?	E	[10, 10, 10, 10]
O??CA?_sF?F?F?B_?k?F?	E	[10, 10, 10, 10]
O??CA?_sF?F?F?Ag?k?M?	E	[10, 10, 10, 10]
O??CA?_sF?F?E_@o?k?X?	E	[10, 10, 10, 10]
O??CA?_sF?F?D_Ao?k?X?	E	[10, 10, 10, 10]
O??CA?_sF?F?D_@o@K?X?	E	[10, 10, 10, 10]
O??CA?_sF?F?D_?w@g?X?	E	[10, 10, 10, 10]
O??CA?_sF?F?B_B_?k?b?	T2	-
O??CA?_sF?F?DGAg@g?M?	E	[10, 10, 10, 10]
O??CA?_sF?F?DG@g@g?U?	E	[10, 10, 10, 10]
O??CA?_sF?F?DG?w@o?Y?	E	[10, 10, 10, 10]
O??CA?_sF?F?Cg@o@g?X?	E	[10, 10, 10, 10]
O??CA?_sF?D_EGBG?w?e?	X	[11, 10, 10, 9]
O??CA?_sF?B_F?BG?[@E?	T2	-
O??CA?_sF?DOE_DO?k?X?	E	[10, 10, 10, 10]
O??CA?_sF?DOD_EO?k?X?	E	[10, 10, 10, 10]
O??CA?_sF?DOD_DO@K?X?	E	[10, 10, 10, 10]
O??CA?_sF?DOD_CW@g?X?	E	[10, 10, 10, 10]
O??CA?_sF?DOB_EOAc?J?	E	[10, 10, 10, 10]
O??CA?_sF?DOB_AWAc?i?	E	[10, 10, 10, 10]
O??CA?_sF?DOEOBOAc?L?	E	[10, 10, 10, 10]
O??CA?_sF?DOBOBOAc?d?	T2	-
O??CA?_sF?DOAoDOAc?X?	E	[10, 10, 10, 10]
O??CA?_sF?DO@oEOAc?X?	E	[10, 10, 10, 10]
O??CA?_sF?DO@oDOBC?X?	E	[10, 10, 10, 10]
O??CA?_sF?DO@oBOAc?p?	E	[10, 10, 10, 10]
O??CA?_sF?DO@oCWB_?X?	E	[10, 10, 10, 10]
O??CA?_sF?DOCgDO@g?X?	E	[10, 10, 10, 10]
O??CA?_sF?DO?wDOB_?X?	E	[10, 10, 10, 10]
O??CA?_sF?BOCgHO@g?X?	E	[10, 10, 10, 10]
O??CA?_sF?@W?wL?B_?X?	E	[10, 10, 10, 10]
O??CA?_sF?@W?wJ?B_?h?	E	[10, 10, 10, 10]
O??CA?_sF?ECE_@o@g?X?	E	[10, 10, 10, 10]
O??CA?_sF?DCB_B_Ag?b?	E	[10, 10, 10, 10]
O??CA?_sF?DCEGF??w?M?	X	[11, 10, 10, 9]
O??CA?_sF?DCEGB_Ag?M?	E	[10, 10, 10, 10]
O??CA?_sF?DCDGE_@g?M?	E	[10, 10, 10, 10]
O??CA?_sF?DCBGF??w?e?	E	[10, 10, 10, 10]
O??CA?_sF?DCAgF??w?i?	E	[10, 10, 10, 10]
O??CA?_sF?DCAgB_Ag?i?	T2	-
O??CA?_sF?DCAgBOAo?i?	E	[10, 10, 10, 10]
O??CA?_sF?@cEGF??w@E?	E	[10, 10, 10, 10]
O??CA?_sF?@cBGF?CW?e?	T2	-
O??CA?_sF?CSAgF?@g?i?	E	[10, 10, 10, 10]
O??CA?_sD_L?F?B_?k?F?	E	[10, 10, 10, 10]
O??CA?_sD_L?F?Ao?s?J?	E	[10, 10, 10, 10]
O??CA?_sD_L?D_B_?k?R?	E	[10, 10, 10, 10]
O??CA?_sD_L?DOAW@o?L?	E	[10, 10, 10, 10]
O??CA?_sD_L?DO@W@o?T?	E	[10, 10, 10, 10]
O??CA?_sD_BGOWBG@o@K?	E	[10, 10, 10, 10]
O??CA?_sD_BGOW@g@o@W?	E	[10, 10, 10, 10]
O??CA?_sD_BG@WGg@oAW?	E	[10, 10, 10, 10]
O??CA?_sD_CWEOR?@c?L?	E	[10, 10, 10, 10]
O??CA?_sD_CWEOB_Gc?X?	E	[10, 10, 10, 10]
O??CA?_sD_CWOgBO@c?w?	E	[10, 10, 10, 10]
O??CA?_sD_CWOWB_@c?w?	E	[10, 10, 10, 10]
O??CA?_sD_GKIGF?@o?M?	E	[10, 10, 10, 10]
O??CA?_sD_GKIGBO@o?k?	E	[10, 10, 10, 10]
O??CA?_sD_GKGgB_@g?w?	E	[10, 10, 10, 10]
O??CA?_sEOE_IGDG?w?U?	E	[10, 10, 10, 10]
O??CA?_sEOB_M?H_?k?F?	E	[10, 10, 10, 10]
O??CA?_sEOB_M?HG?w?F?	E	[10, 10, 10, 10]
O??CA?_sEOAoK_J??k?R?	E	[10, 10, 10, 10]
O??CA?_sEOAoK_HG@g?R?	E	[10, 10, 10, 10]
O??CA?_sEOECIGD_@g?M?	T2	-
O??CA?_sEOECGgF??w?Y?	E	[10, 10, 10, 10]
O??CA?_sEOECGgD_@g?Y?	T2	-
O??CA?_sEOECGgB_Ag?Y?	E	[10, 10, 10, 10]
O??CA?_sEOCcKGF??w?U?	E	[10, 10, 10, 10]
O??CA?_sDOB_EOOW?s@K?	E	[10, 10, 10, 10]
O??CA?_sDOEGPOF??s?T?	E	[10, 10, 10, 10]
O??CA?_sDOEGOoF??s?X?	E	[10, 10, 10, 10]
O??CA?_sDOEGOoD_@c?X?	E	[10, 10, 10, 10]
O??CA?_sDOEGOoDG@o?X?	E	[10, 10, 10, 10]
O??CA?_sDOEGAoF?Gc?L?	E	[10, 10, 10, 10]
O??CA?_sDODGU?@oAc?L?	E	[10, 10, 10, 10]
O??CA?_sDODGSOD_?s?X?	E	[10, 10, 10, 10]
O??CA?_sDODGOoD_Ac?X?	E	[10, 10, 10, 10]
O??CA?_sDODGOo@gAc?w?	E	[10, 10, 10, 10]
O??CA?_sDODG@oF?AcAD?	E	[10, 10, 10, 10]
O??CA?_sDODGSGF??w?L?	E	[10, 10, 10, 10]
O??CA?_sDOCgU?BOAS?L?	E	[10, 10, 10, 10]
O??CA?_sDOCgR?EOAS?L?	E	[10, 10, 10, 10]
O??CA?_sDOCgR?@oAS?p?	E	[10, 10, 10, 10]
O??CA?_sDOCgS_AoAc?X?	E	[10, 10, 10, 10]
O??CA?_sDOCgS_@oBC?X?	E	[10, 10, 10, 10]
O??CA?_sDOCgQ_EO?s?h?	E	[10, 10, 10, 10]
O??CA?_sDOCgQ_BOAc?d?	E	[10, 10, 10, 10]
O??CA?_sDOCgQ_@oAc?p?	E	[10, 10, 10, 10]
O??CA?_sDOCgP_BOBC?d?	E	[10, 10, 10, 10]
O??CA?_sDOCgP_@WBC?s?	E	[10, 10, 10, 10]
O??CA?_sDOCgSOF??s?T?	E	[10, 10, 10, 10]
O??CA?_sDOCgSOE_?s?X?	E	[10, 10, 10, 10]
O??CA?_sDOCgQOF?AS?L?	E	[10, 10, 10, 10]
O??CA?_sDOCWU?B_Ac?J?	E	[10, 10, 10, 10]
O??CA?_sDOCWSOF??s?X?	E	[10, 10, 10, 10]
O??CA?_sDOCWSOD_@c?X?	E	[10, 10, 10, 10]
O??CA?_sDOCWSODG@o?X?	E	[10, 10, 10, 10]
O??CA?_sDOCWQOF?Ac?L?	E	[10, 10, 10, 10]
O??CA?_sDOCWQOBGAc?k?	E	[10, 10, 10, 10]
O??CA?_sDOCWPOB_Ac?p?	E	[10, 10, 10, 10]
O??CA?_sDOCWPO@gB_?p?	E	[10, 10, 10, 10]
O??CA?_sDOCWQGB_Ac?i?	E	[10, 10, 10, 10]
O??CA?_sDOCWOgBOAc?w?	E	[10, 10, 10, 10]
O??CA?_sDOGKIGDO@o?k?	E	[10, 10, 10, 10]
O??CA?_sDOGKIGBOAo?k?	E	[10, 10, 10, 10]
O??CA?_sDOGKIG@oB_?k?	E	[10, 10, 10, 10]
O??CA?_sBCT?E_DO?k?X?	E	[10, 10, 10, 10]
O??CA?_sBCT?E_BOAc?J?	E	[10, 10, 10, 10]
O??CA?_sBCT?D_EG@g?J?	E	[10, 10, 10, 10]
O??CA?_sBCT?D_DG@g?R?	E	[10, 10, 10, 10]
O??CA?_sBCT?D_CW@g?X?	E	[10, 10, 10, 10]
O??CA?_sBCT?AoDOAc?X?	E	[10, 10, 10, 10]
O??CA?_sBCAW_WJ?@c?w?	E	[10, 10, 10, 10]
O??CA?_sBC@Wb?F?Ac@B?	E	[10, 10, 10, 10]
O??CA?_sBC@WKGDOP_?X?	E	[10, 10, 10, 10]
O??CA?_sBC@W_WL?B_?X?	E	[10, 10, 10, 10]
O??CA?_sBCOSIOBOAc?w?	E	[10, 10, 10, 10]
O??CA?_sBCOSEGDO@g@W?	E	[10, 10, 10, 10]
O??CA?_sBCOSCWBOD_?w?	E	[10, 10, 10, 10]
O??CA?_sBCASM?`O@g?X?	E	[10, 10, 10, 10]
O??CA?_sBCAS_WJ?B_?Y?	E	[10, 10, 10, 10]
O??CA?_sBC@SIOb?Ac?i?	E	[10, 10, 10, 10]
O??CA?_sBC@SEGd?@g@I?	E	[10, 10, 10, 10]
O??CA?_sBC@SBGe?Ag@I?	E	[10, 10, 10, 10]
O??CA?_sBC@S_WL?@g?w?	E	[10, 10, 10, 10]
O??CA?_sBC@S@Wd?B_@Q?	E	[10, 10, 10, 10]
O??CA?_sBC@S@WcOB_@W?	E	[10, 10, 10, 10]
O??CA?_sBC@S@W`OB_@o?	E	[10, 10, 10, 10]
O??CA?_sAcT?M?@o?k?X?	E	[10, 10, 10, 10]
O??CA?_sAcT?H_CW@g?X?	E	[10, 10, 10, 10]
O??CA?_sAcT?KG@o@g?X?	E	[10, 10, 10, 10]
O??CA?_sAcT?GgDO@g?X?	E	[10, 10, 10, 10]
O??CA?_sAcR?I_BG?k@I?	E	[10, 10, 10, 10]
O??CA?_sAcR?H_J?@K?J?	E	[10, 10, 10, 10]
O??CA?_sAcR?H_IO@c?J?	E	[10, 10, 10, 10]
O??CA?_sAcR?H_IG@g?J?	E	[10, 10, 10, 10]
O??CA?_sAcR?GgJ?@g?J?	E	[10, 10, 10, 10]
O??CA?_sAcSOEO@W@c@W?	E	[10, 10, 10, 10]
O??CA?_sAcSOEGBGCg?Y?	E	[10, 10, 10, 10]
O??CA?_sAcSOEG@W@g@W?	E	[10, 10, 10, 10]
O??CA?_sAcPOM?BG?k@I?	E	[10, 10, 10, 10]
O??CA?_sAcPOL?J?@K?J?	E	[10, 10, 10, 10]
O??CA?_sAcPOL?IO?k?X?	E	[10, 10, 10, 10]
O??CA?_sAcPOL?HO@K?X?	E	[10, 10, 10, 10]
O??CA?_sAcPOL?IG@g?J?	E	[10, 10, 10, 10]
O??CA?_sAcPOL?GW@g?X?	E	[10, 10, 10, 10]
O??CA?_sAcPOF?IGCg?J?	E	[10, 10, 10, 10]
O??CA?_sAcPOKOJ?@c?J?	E	[10, 10, 10, 10]
O??CA?_sAcSGBOB_BC@H?	E	[10, 10, 10, 10]
O??CA?_sAcQGI_J??k?X?	E	[10, 10, 10, 10]
O??CA?_sAcQGGgJ?@g?X?	E	[10, 10, 10, 10]
O??CA?_sAcBGgO@g@c@W?	E	[10, 10, 10, 10]
O??CA?_sAcOWM?J??k?X?	E	[10, 10, 10, 10]
O??CA?_sASU?H_CW@g?X?	E	[10, 10, 10, 10]
O??CA?_sASU?HGAgAg?Y?	E	[10, 10, 10, 10]
O??CA?_sAST?BO?wAc@g?	E	[10, 10, 10, 10]
O??CA?_sAST?BGHGAg?e?	E	[10, 10, 10, 10]
O??CA?_sASS_M?F??k?F?	E	[10, 10, 10, 10]
O??CA?_sASS_M?D_?k?R?	E	[10, 10, 10, 10]
O??CA?_sASS_M?EG?k?M?	E	[10, 10, 10, 10]
O??CA?_sASS_M?Ag?k?i?	E	[10, 10, 10, 10]
O??CA?_sASS_J?AoAK?h?	E	[10, 10, 10, 10]
O??CA?_sASS_J?AgAK?i?	E	[10, 10, 10, 10]
O??CA?_sASS_HOB_BC?b?	E	[10, 10, 10, 10]
O??CA?_sASS_HOCoBC?X?	E	[10, 10, 10, 10]
O??CA?_sASS_HO@gBC?q?	E	[10, 10, 10, 10]
O??CA?_sASS_GoBOBC?h?	E	[10, 10, 10, 10]
O??CA?_sASS_GoAWB_?h?	E	[10, 10, 10, 10]
O??CA?_sASS_KGD_@g?R?	E	[10, 10, 10, 10]
O??CA?_sASS_KGCo@g?X?	E	[10, 10, 10, 10]
O??CA?_sASS_HGD_@K?q?	E	[10, 10, 10, 10]
O??CA?_sASS_HG@oBC?q?	E	[10, 10, 10, 10]
O??CA?_sASS_HGCg@g?q?	E	[10, 10, 10, 10]
O??CA?_sASS_GWAgB_?i?	E	[10, 10, 10, 10]
O??CA?_sASB_M?_g?k@I?	E	[10, 10, 10, 10]
O??CA?_sASSOM?DG?k?Y?	E	[10, 10, 10, 10]
O??CA?_sASSOHOEOAc?X?	E	[10, 10, 10, 10]
O??CA?_sASSOHODOBC?X?	E	[10, 10, 10, 10]
O??CA?_sASSOHG@WB_?q?	E	[10, 10, 10, 10]
O??CA?_sASQOM?HO@c?J?	E	[10, 10, 10, 10]
O??CA?_sASQOM?HG@g?J?	E	[10, 10, 10, 10]
O??CA?_sASSGDOB_@c@`?	E	[10, 10, 10, 10]
O??CA?_sASSGKGD_@g?X?	E	[10, 10, 10, 10]
O??CA?_sASSG?wL?@c?w?	E	[10, 10, 10, 10]
O??CA?_sASSG?wJ?Ac?w?	E	[10, 10, 10, 10]
O??CA?_sASQGK_@W@c@W?	E	[10, 10, 10, 10]
O??CA?_sASQGBOH_Ac@P?	E	[10, 10, 10, 10]
O??CA?_sASQGGoDG@c@W?	E	[10, 10, 10, 10]
O??CA?_sASQG@oKGD_?X?	E	[10, 10, 10, 10]
O??CA?_sASPGGoBGAc@g?	E	[10, 10, 10, 10]
O??CA?_sASPG@oM?Cc?h?	E	[10, 10, 10, 10]
O??CA?_sASPG@oIGE_?h?	E	[10, 10, 10, 10]
O??CA?_sASOgH_F?AK@P?	E	[10, 10, 10, 10]
O??CA?_sASOgH_F?@K@`?	E	[10, 10, 10, 10]
O??CA?_sASOgGoM?@c?h?	E	[10, 10, 10, 10]
O??CA?_sASOgGoJ?BC?h?	E	[10, 10, 10, 10]
O??CA?_sASOgGoKG@c?w?	E	[10, 10, 10, 10]
O??CA?_sASOgGoIGB_?h?	E	[10, 10, 10, 10]
O??CA?_sASOWHOM?Ac?X?	E	[10, 10, 10, 10]
O??CA?_sASOWHOL?BC?X?	E	[10, 10, 10, 10]
O??CA?_sASOWHOKGB_?X?	E	[10, 10, 10, 10]
O??CA?_sASSCM?F??k?M?	E	[10, 10, 10, 10]
O??CA?_sASSCM?D_?k?Y?	E	[10, 10, 10, 10]
O??CA?_sASSCM?B_?k?i?	E	[10, 10, 10, 10]
O??CA?_sASSCL?D_@g?R?	E	[10, 10, 10, 10]
O??CA?_sASSCKOD_@c?Y?	E	[10, 10, 10, 10]
O??CA?_sASSCKO@oB_?X?	E	[10, 10, 10, 10]
O??CA?_sASSCHOAoB_?h?	E	[10, 10, 10, 10]
O??CA?_eF?J?L?Ag?w?J?	E	[10, 10, 10, 10]
O??CA?_eF?J?H_D_@K?J?	E	[10, 10, 10, 10]
O??CA?_eF?J?H_Cg@g?J?	E	[10, 10, 10, 10]
O??CA?_eF?J?GoD_@c?J?	E	[10, 10, 10, 10]
O??CA?_eF?J?EGHG?w?M?	E	[10, 10, 10, 10]
O??CA?_eF?J?EG@g?w@I?	E	[10, 10, 10, 10]
O??CA?_eF?J?HGDG?w?U?	E	[10, 10, 10, 10]
O??CA?_eF?J?CgBG?w@I?	E	[10, 10, 10, 10]
O??CA?_eF?I_J?E_?[?J?	E	[10, 10, 10, 10]
O??CA?_eF?I_F?Ao?k@D?	E	[10, 10, 10, 10]
O??CA?_eF?I_F?BG?[@E?	E	[10, 10, 10, 10]
O??CA?_eF?I_H_E_@K?J?	E	[10, 10, 10, 10]
O??CA?_eF?I_H_DO@K?T?	E	[10, 10, 10, 10]
O??CA?_eF?I_H_AoBC?J?	E	[10, 10, 10, 10]
O??CA?_eF?I_H_DG@K?U?	E	[10, 10, 10, 10]
O??CA?_eF?I_H_CW@g?T?	E	[10, 10, 10, 10]
O??CA?_eF?I_D_@g@K@Q?	E	[10, 10, 10, 10]
O??CA?_eF?I_GoE_@c?J?	E	[10, 10, 10, 10]
O??CA?_eF?I_IGE_?w?J?	E	[10, 10, 10, 10]
O??CA?_eF?I_IGEO?s?M?	E	[10, 10, 10, 10]
O??CA?_eF?I_IGDG@W?M?	E	[10, 10, 10, 10]
O??CA?_eF?I_IG@g@g?e?	E	[10, 10, 10, 10]
O??CA?_eF?I_IG@W@o?e?	E	[10, 10, 10, 10]
O??CA?_eF?I_GgE_@g?J?	E	[10, 10, 10, 10]
O??CA?_eF?I_GgD_@K?Y?	E	[10, 10, 10, 10]
O??CA?_eF?I_GgCo@c?Y?	E	[10, 10, 10, 10]
O??CA?_eF?I_CgAW?w@W?	E	[10, 10, 10, 10]
O??CA?_eF?IOL?B_@K?J?	E	[10, 10, 10, 10]
O??CA?_eF?IOL?Ao@c?J?	E	[10, 10, 10, 10]
O??CA?_eF?IOF?BO?k@D?	E	[10, 10, 10, 10]
O??CA?_eF?IOB_BOAc@B?	E	[10, 10, 10, 10]
O??CA?_eF?IOIOB_Ac?J?	E	[10, 10, 10, 10]
O??CA?_eF?IOIODO?s?X?	E	[10, 10, 10, 10]
O??CA?_eF?IODOB_@c@B?	E	[10, 10, 10, 10]
O??CA?_eF?IOIGF??k?M?	E	[10, 10, 10, 10]
O??CA?_eF?IOIGB_?k?i?	E	[10, 10, 10, 10]
O??CA?_eF?IOIGDG@g?M?	E	[10, 10, 10, 10]
O??CA?_eF?IODGAW?w@W?	E	[10, 10, 10, 10]
O??CA?_eF?IOCgBG@g@I?	E	[10, 10, 10, 10]
O??CA?_eF?GoE_DO@c@B?	E	[10, 10, 10, 10]
O??CA?_eF?GoE_EGCg?J?	E	[10, 10, 10, 10]
O??CA?_eF?GoKOE_@c?J?	E	[10, 10, 10, 10]
O??CA?_eF?GoKOCg@c?Y?	E	[10, 10, 10, 10]
O??CA?_eF?GoKGE_@g?J?	E	[10, 10, 10, 10]
O??CA?_eF?GoKGCo@c?Y?	E	[10, 10, 10, 10]
O??CA?_eF?IGL?BO@S?L?	E	[10, 10, 10, 10]
O??CA?_eF?IGF?B_?s@B?	E	[10, 10, 10, 10]
O??CA?_eF?IGD_BO@c@D?	E	[10, 10, 10, 10]
O??CA?_eF?IGBOB_Ac@D?	E	[10, 10, 10, 10]
O??CA?_eF?IG@oB_@c@`?	E	[10, 10, 10, 10]
O??CA?_eF?IGIGF??w?L?	E	[10, 10, 10, 10]
O??CA?_eF?IGCWJ??s?[?	E	[10, 10, 10, 10]
O??CA?_eF?IGCWH_@c?[?	E	[10, 10, 10, 10]
O??CA?_eF?IGCWHG@o?[?	E	[10, 10, 10, 10]
O??CA?_eF?EG@oD_@cAP?	E	[10, 10, 10, 10]
O??CA?_eF?EGQGBO?s?k?	E	[10, 10, 10, 10]
O??CA?_eF?EGOgDG@g?[?	E	[10, 10, 10, 10]
O??CA?_eF?EGAWDGGo?[?	E	[10, 10, 10, 10]
O??CA?_eF?EG@WEG@oAK?	E	[10, 10, 10, 10]
O??CA?_eF?EG@WCgH_?[?	E	[10, 10, 10, 10]
O??CA?_eF?EG?wD_H_?X?	E	[10, 10, 10, 10]
O??CA?_eF?EG?wDGH_?[?	E	[10, 10, 10, 10]
O??CA?_eF?GgK_DO@c?T?	E	[10, 10, 10, 10]
O??CA?_eF?GgEOD_@c@D?	E	[10, 10, 10, 10]
O??CA?_eF?GgEOEG?s@K?	E	[10, 10, 10, 10]
O??CA?_eF?GgDOE_@c@D?	E	[10, 10, 10, 10]
O??CA?_eF?GgDODGDO?T?	E	[10, 10, 10, 10]
O??CA?_eF?GgKGEO?s?[?	E	[10, 10, 10, 10]
O??CA?_eF?GgKGDO@o?T?	E	[10, 10, 10, 10]
O??CA?_eF?GgKGCo@c?[?	E	[10, 10, 10, 10]
O??CA?_eF?CgS_CW@o?X?	E	[10, 10, 10, 10]
O??CA?_eF?CgEOF??sAD?	E	[10, 10, 10, 10]
O??CA?_eF?CgEOEG?sAK?	E	[10, 10, 10, 10]
O??CA?_eF?CgSGEO?s?[?	E	[10, 10, 10, 10]
O??CA?_eF?CgSGCo@c?[?	E	[10, 10, 10, 10]
O??CA?_eF?CgCWEG@oAK?	E	[10, 10, 10, 10]
O??CA?_eF?CgCWCg@oAW?	E	[10, 10, 10, 10]
O??CA?_eF?GWD_F?@c@B?	E	[10, 10, 10, 10]
O??CA?_eE_M?J?Ao?s?J?	E	[10, 10, 10, 10]
O??CA?_eE_M?J?Ag?w?J?	E	[10, 10, 10, 10]
O??CA?_eE_M?H_B_@K?J?	E	[10, 10, 10, 10]
O??CA?_eE_M?H_Ao@c?J?	E	[10, 10, 10, 10]
O??CA?_eE_M?H_Ag@g?J?	E	[10, 10, 10, 10]
O??CA?_eE_M?IOB_?s?J?	E	[10, 10, 10, 10]
O??CA?_eE_M?GoB_@c?J?	E	[10, 10, 10, 10]
O??CA?_eE_M?GoBO@c?L?	E	[10, 10, 10, 10]
O??CA?_eE_M?IGB_?w?J?	E	[10, 10, 10, 10]
O??CA?_eE_M?IGBO?w?L?	E	[10, 10, 10, 10]
O??CA?_eE_M?GgB_@g?J?	E	[10, 10, 10, 10]
O??CA?_eE_L?B_Cg?k@I?	E	[10, 10, 10, 10]
O??CA?_eE_L?KGBO?s?M?	E	[10, 10, 10, 10]
O??CA?_eE_L?EGH_?w?J?	E	[10, 10, 10, 10]
O??CA?_eE_L?EG@g?w@I?	E	[10, 10, 10, 10]
O??CA?_eE_L?DGGg?w?Y?	E	[10, 10, 10, 10]
O??CA?_eE_F?IOP_?s?J?	E	[10, 10, 10, 10]
O??CA?_eE_F?IO@o?sAH?	E	[10, 10, 10, 10]
O??CA?_eE_K_K_B_@K?J?	E	[10, 10, 10, 10]
O??CA?_eE_K_KGAg@g?M?	E	[10, 10, 10, 10]
O??CA?_eE_K_GgEG@g?M?	E	[10, 10, 10, 10]
O??CA?_eE_E_I_Ao?kAH?	E	[10, 10, 10, 10]
O??CA?_eE_E_H_@o@KAP?	E	[10, 10, 10, 10]
O??CA?_eE_E_H_Ag?kAQ?	E	[10, 10, 10, 10]
O??CA?_eE_E_IOOo?s?X?	E	[10, 10, 10, 10]
O??CA?_eE_E_IOAo?sAH?	E	[10, 10, 10, 10]
O??CA?_eE_E_IGAW?wAK?	E	[10, 10, 10, 10]
O??CA?_eE_E_Gg?w@gAW?	E	[10, 10, 10, 10]
O??CA?_eE_B_Y?H_?k?F?	E	[10, 10, 10, 10]
O??CA?_eE_B_Y?HO?s?F?	E	[10, 10, 10, 10]
O??CA?_eE_B_Y?HG?w?F?	E	[10, 10, 10, 10]
O??CA?_eE_B_X?BG?[@E?	E	[10, 10, 10, 10]
O??CA?_eE_B_B_Go?kB@?	E	[10, 10, 10, 10]
O??CA?_eE_B_BOGo?sB@?	E	[10, 10, 10, 10]
O??CA?_eE_KOB_BOAc@B?	E	[10, 10, 10, 10]
O??CA?_eE_KOKGB_@g?J?	E	[10, 10, 10, 10]
O??CA?_eE_KOKG@o@g?X?	E	[10, 10, 10, 10]
O??CA?_eE_KODGIG@g?M?	E	[10, 10, 10, 10]
O??CA?_eE_KOCgJ?@g?J?	E	[10, 10, 10, 10]
O??CA?_eE_KOCgBG@g@I?	E	[10, 10, 10, 10]
O??CA?_eE_EO@oBOGc@P?	E	[10, 10, 10, 10]
O??CA?_eE_HOM?HO?s?J?	E	[10, 10, 10, 10]
O??CA?_eE_HOM?HG?w?J?	E	[10, 10, 10, 10]
O??CA?_eE_BOY?HO?s?J?	E	[10, 10, 10, 10]
O??CA?_eE_GoK_J?@K?J?	E	[10, 10, 10, 10]
O??CA?_eE_GoK_IO@c?J?	E	[10, 10, 10, 10]
O??CA?_eE_GoK_IG@g?J?	E	[10, 10, 10, 10]
O??CA?_eE_GoI_BOAK@H?	E	[10, 10, 10, 10]
O??CA?_eE_AoW_HG@g?R?	E	[10, 10, 10, 10]
O??CA?_eE_AoGoBOHC@H?	E	[10, 10, 10, 10]
O??CA?_eE_AoGgGW@gAW?	E	[10, 10, 10, 10]
O??CA?_eE_KGDGIG?w?[?	E	[10, 10, 10, 10]
O??CA?_eE_KGDGGg@g?[?	E	[10, 10, 10, 10]
O??CA?_eE_EGH_R?@S?J?	E	[10, 10, 10, 10]
O??CA?_eE_EGBOP_?s@P?	E	[10, 10, 10, 10]
O??CA?_eE_EGBOB_GS@H?	E	[10, 10, 10, 10]
O??CA?_eE_EGOWJ??s?[?	E	[10, 10, 10, 10]
O??CA?_eE_EGOWH_@c?[?	E	[10, 10, 10, 10]
O??CA?_eE_EGOWHG@o?[?	T2	-
O??CA?_eE_HGM?H_?s?J?	E	[10, 10, 10, 10]
O??CA?_eE_HGJ?GW?s?k?	E	[10, 10, 10, 10]
O??CA?_eE_HGF?GWCo?L?	E	[10, 10, 10, 10]
O??CA?_eE_HGB_K_Cc?J?	E	[10, 10, 10, 10]
O??CA?_eE_HGIOH_Ac?L?	E	[10, 10, 10, 10]
O??CA?_eE_HGIOHGAo?L?	E	[10, 10, 10, 10]
O??CA?_eE_BGIOH_Gc?L?	E	[10, 10, 10, 10]
O??CA?_eE_BGIOHGGo?L?	E	[10, 10, 10, 10]
O??CA?_eE_GgL?B_?[@P?	E	[10, 10, 10, 10]
O??CA?_eE_GgF?HOCS?T?	E	[10, 10, 10, 10]
O??CA?_eE_GgF?@oCS@P?	E	[10, 10, 10, 10]
O??CA?_eE_GgKOJ??s?T?	E	[10, 10, 10, 10]
O??CA?_eE_GgKOH_@c?T?	E	[10, 10, 10, 10]
O??CA?_eE_GgKOHG@o?T?	E	[10, 10, 10, 10]
O??CA?_eE_GgIOH_Ac?T?	E	[10, 10, 10, 10]
O??CA?_eE_GgIOB_Ac@D?	E	[10, 10, 10, 10]
O??CA?_eE_GgIOB_AS@H?	E	[10, 10, 10, 10]
O??CA?_eE_GgIOB_?s@`?	E	[10, 10, 10, 10]
O??CA?_eE_GgBOM??s@D?	E	[10, 10, 10, 10]
O??CA?_eE_Gg@oL?@S@P?	E	[10, 10, 10, 10]
O??CA?_eE_AgW_B_@c@B?	E	[10, 10, 10, 10]
O??CA?_eE_AgWOJ??s?T?	E	[10, 10, 10, 10]
O??CA?_eE_AgIOB_GS@H?	E	[10, 10, 10, 10]
O??CA?_eE_AgIOIG?sAK?	E	[10, 10, 10, 10]
O??CA?_eE_AgPOJ?CS?T?	E	[10, 10, 10, 10]
O??CA?_eE_AgPOH_@S@P?	E	[10, 10, 10, 10]
O??CA?_eE_AgPOHGDO?T?	E	[10, 10, 10, 10]
O??CA?_eE_AgGoB_HC@H?	E	[10, 10, 10, 10]
O??CA?_eE_AgAoI_CcAH?	E	[10, 10, 10, 10]
O??CA?_eE_Ag@oI_HC@H?	E	[10, 10, 10, 10]
O??CA?_eE_AgGWIG@oAK?	E	[10, 10, 10, 10]
O??CA?_eE_AgGWGg@oAW?	E	[10, 10, 10, 10]
O??CA?_eE_GWKOJ??s?X?	E	[10, 10, 10, 10]
O??CA?_eE_GWKOHG@o?X?	E	[10, 10, 10, 10]
O??CA?_eE_KCM?B_?w?J?	E	[10, 10, 10, 10]
O??CA?_eE_KCM?@g@g?M?	E	[10, 10, 10, 10]
O??CA?_eE_KCK_B_@g?J?	E	[10, 10, 10, 10]
O??CA?_eE_KCIODO?s?[?	E	[10, 10, 10, 10]
O??CA?_eE_KCIOBO?s?k?	E	[10, 10, 10, 10]
O??CA?_eE_ECH_B_?kAQ?	E	[10, 10, 10, 10]
O??CA?_eE_ECH_BG?wAQ?	E	[10, 10, 10, 10]
O??CA?_eE_ECH_?w@gAW?	E	[10, 10, 10, 10]
O??CA?_eE_ECIOBO?sAK?	E	[10, 10, 10, 10]
O??CA?_eE_ECHOPO@o?T?	E	[10, 10, 10, 10]
O??CA?_eE_ECHO?w@oAW?	E	[10, 10, 10, 10]
O??CA?_eE_ECGWR??w?[?	E	[10, 10, 10, 10]
O??CA?_eE_ECGWP_@g?[?	E	[10, 10, 10, 10]
O??CA?_eE_ECGWPO@o?[?	T2	-
O??CA?_eCoM?P_@o@c@B?	E	[10, 10, 10, 10]
O??CA?_eCoM?P_@o@K@H?	E	[10, 10, 10, 10]
O??CA?_eCoJ?X?H_?[?J?	T2	-
O??CA?_eCoJ?X?Gg?w?J?	T2	-
O??CA?_eCoJ?W_HG?w?J?	T2	-
O??CA?_eCoJ?W_@g?k@I?	T2	-
O??CA?_eCoJ?P_H_?k@B?	T2	-
O??CA?_eCoJ?P_GoCc?J?	T2	-
O??CA?_eCoJ?P_GgCg?J?	T2	-
O??CA?_eCoJ?WOHG?w?L?	T2	-
O??CA?_eCoJ?WGH_?w?J?	T2	-
O??CA?_eCoI_W_@o@K@H?	E	[10, 10, 10, 10]
O??CA?_eCoI_P_HO?[@P?	E	[10, 10, 10, 10]
O??CA?_eCoI_WO@o@S@H?	E	[10, 10, 10, 10]
O??CA?_eCoI_POHOCS?T?	T2	-
O??CA?_eCoI_PO@oCS@P?	E	[10, 10, 10, 10]
O??CA?_eCoI_BOW_?[@H?	E	[10, 10, 10, 10]
O??CA?_eCoI_OoHO?s@P?	E	[10, 10, 10, 10]
O??CA?_eCoIOY?HO?s?J?	E	[10, 10, 10, 10]
O??CA?_eCoIOW_HO@c?J?	T2	-
O??CA?_eCoIOI_HOGc?J?	E	[10, 10, 10, 10]
O??CA?_eCoBOW_POCc?J?	T2	-
O??CA?_eCoBOW_HOGc?J?	T2	-
O??CA?_eCoAoW_IOGc?J?	E	[10, 10, 10, 10]
O??CA?_eCoAoW_PO@K@H?	E	[10, 10, 10, 10]
O??CA?_eCoIGX?HO?s?T?	T2	-
O??CA?_eCoIGWOH_@c?L?	T2	-
O??CA?_eCoIGPOH_?s@P?	E	[10, 10, 10, 10]
O??CA?_eCoIGPOB_Cc@D?	T2	-
O??CA?_eAoBOw?HO?s?J?	E	[10, 10, 10, 10]
O??CA?_eEGM?J?D_?[?R?	E	[10, 10, 10, 10]
O??CA?_eEGM?J?B_?[?b?	E	[10, 10, 10, 10]
O??CA?_eEGM?F?Ao?s@B?	E	[10, 10, 10, 10]
O??CA?_eEGM?F?@o@S@B?	E	[10, 10, 10, 10]
O??CA?_eEGM?F?BG?[@E?	E	[10, 10, 10, 10]
O??CA?_eEGM?E_BO?s@B?	E	[10, 10, 10, 10]
O??CA?_eEGM?E_@o@c@B?	E	[10, 10, 10, 10]
O??CA?_eEGM?E_@g@K@I?	E	[10, 10, 10, 10]
O??CA?_eEGM?H_F?@K?F?	E	[10, 10, 10, 10]
O??CA?_eEGM?H_E_@K?J?	E	[10, 10, 10, 10]
O??CA?_eEGM?H_DO@K?T?	E	[10, 10, 10, 10]
O??CA?_eEGM?H_Co@K?X?	E	[10, 10, 10, 10]
O??CA?_eEGM?D_BO@S@B?	E	[10, 10, 10, 10]
O??CA?_eEGM?D_Ao@c@B?	E	[10, 10, 10, 10]
O??CA?_eEGM?D_@g@K@Q?	E	[10, 10, 10, 10]
O??CA?_eEGM?EOAW?s@K?	E	[10, 10, 10, 10]
O??CA?_eEGM?HOF?@S?F?	E	[10, 10, 10, 10]
O??CA?_eEGM?HODG@W?T?	E	[10, 10, 10, 10]
O??CA?_eEGM?GoE_@c?J?	E	[10, 10, 10, 10]
O??CA?_eEGM?GoD_@c?R?	E	[10, 10, 10, 10]
O??CA?_eEGM?GoEO@c?L?	E	[10, 10, 10, 10]
O??CA?_eEGM?GoBOAc?T?	E	[10, 10, 10, 10]
O??CA?_eEGM?GoCg@c?Y?	E	[10, 10, 10, 10]
O??CA?_eEGM?CoBO@S@H?	E	[10, 10, 10, 10]
O??CA?_eEGM?CoBO?s@P?	E	[10, 10, 10, 10]
O??CA?_eEGM?Co?w@c@W?	E	[10, 10, 10, 10]
O??CA?_eEGM?HGD_@K?U?	E	[10, 10, 10, 10]
O??CA?_eEGM?HGDO@S?U?	E	[10, 10, 10, 10]
O??CA?_eEGM?DGAWCW?[?	E	[10, 10, 10, 10]
O??CA?_eEGM?DG?w@g@S?	E	[10, 10, 10, 10]
O??CA?_eEGM?GgE_@g?J?	E	[10, 10, 10, 10]
O??CA?_eEGM?GgD_@K?Y?	E	[10, 10, 10, 10]
O??CA?_eEGM?GgCo@c?Y?	E	[10, 10, 10, 10]
O??CA?_eEGM?GgAo@c?i?	E	[10, 10, 10, 10]
O??CA?_eEGM?CgGW@g?[?	E	[10, 10, 10, 10]
O??CA?_eEGM?GWEO?s?[?	E	[10, 10, 10, 10]
O??CA?_eEGM?GWDO@S?[?	E	[10, 10, 10, 10]
O??CA?_eEGM?GWCo@c?[?	E	[10, 10, 10, 10]
O??CA?_eEGJ?M?H_?[?J?	E	[10, 10, 10, 10]
O??CA?_eEGJ?M?Go?s?J?	E	[10, 10, 10, 10]
O??CA?_eEGJ?M?HG?[?M?	E	[10, 10, 10, 10]
O??CA?_eEGJ?M?Gg?w?J?	E	[10, 10, 10, 10]
O??CA?_eEGJ?L?BGCW?F?	E	[10, 10, 10, 10]
O??CA?_eEGJ?F?HGCW?F?	E	[10, 10, 10, 10]
O??CA?_eEGJ?K_@o@K@H?	E	[10, 10, 10, 10]
O??CA?_eEGJ?K_IG?k?M?	E	[10, 10, 10, 10]
O??CA?_eEGJ?E_Go?k@H?	E	[10, 10, 10, 10]
O??CA?_eEGJ?KGHG?w?U?	E	[10, 10, 10, 10]
O??CA?_eEGJ?KGGg?w?Y?	E	[10, 10, 10, 10]
O??CA?_eEGK_M?EO?[?L?	E	[10, 10, 10, 10]
O??CA?_eEGK_F?EG?[@E?	E	[10, 10, 10, 10]
O??CA?_eEGK_KOEO@S?L?	E	[10, 10, 10, 10]
O??CA?_eEGK_KOCW@S?[?	E	[10, 10, 10, 10]
O??CA?_eEGI_L?IO?[?T?	E	[10, 10, 10, 10]
O??CA?_eEGI_L?Go@K?T?	E	[10, 10, 10, 10]
O??CA?_eEGI_L?Gg@K?U?	E	[10, 10, 10, 10]
O??CA?_eEGI_L?GW@W?T?	E	[10, 10, 10, 10]
O??CA?_eEGI_K_IO?k?T?	E	[10, 10, 10, 10]
O??CA?_eEGI_K_Ao@c@B?	E	[10, 10, 10, 10]
O??CA?_eEGI_K_Ao?k@P?	E	[10, 10, 10, 10]
O??CA?_eEGI_KOAo?s@P?	E	[10, 10, 10, 10]
O??CA?_eEGI_KO@W@S@S?	E	[10, 10, 10, 10]
O??CA?_eEGI_EOHOCS?T?	E	[10, 10, 10, 10]
O??CA?_eEGI_CoGoDC?X?	E	[10, 10, 10, 10]
O??CA?_eEGI_KGIG@W?M?	E	[10, 10, 10, 10]
O??CA?_eEGI_KGGg@W?Y?	E	[10, 10, 10, 10]
O??CA?_eEGI_KGGW@W?[?	E	[10, 10, 10, 10]
O??CA?_eEGB_L?IOGS?F?	E	[10, 10, 10, 10]
O??CA?_eEGB_L?Gg@KAE?	E	[10, 10, 10, 10]
O??CA?_eEGB_L?AgCKAE?	E	[10, 10, 10, 10]
O??CA?_eEGB_H_KO@KAD?	E	[10, 10, 10, 10]
O??CA?_eEGB_DOW_@S@B?	E	[10, 10, 10, 10]
O??CA?_eEGB_DOGo@SB@?	E	[10, 10, 10, 10]
O??CA?_eEGKOL?F?@K?F?	E	[10, 10, 10, 10]
O??CA?_eEGKOL?DO@K?T?	E	[10, 10, 10, 10]
O??CA?_eEGKOL?DG@K?U?	E	[10, 10, 10, 10]
O??CA?_eEGKOKOEO@c?L?	E	[10, 10, 10, 10]
O??CA?_eEGKOKODO@c?T?	E	[10, 10, 10, 10]
O??CA?_eEGKOKODG@g?T?	E	[10, 10, 10, 10]
O??CA?_eEGKOKODG@K?[?	E	[10, 10, 10, 10]
O??CA?_eEGKOKOCW@c?[?	E	[10, 10, 10, 10]
O??CA?_eEGKOKGDG@g?U?	E	[10, 10, 10, 10]
O??CA?_eEGIOL?BO?[@P?	E	[10, 10, 10, 10]
O??CA?_eEGIOL?@g@K@Q?	E	[10, 10, 10, 10]
O??CA?_eEGIOK_J?@K?J?	E	[10, 10, 10, 10]
O??CA?_eEGIOK_IO@c?J?	E	[10, 10, 10, 10]
O??CA?_eEGIOK_HG@K?Y?	E	[10, 10, 10, 10]
O??CA?_eEGIOKOBO@S@H?	E	[10, 10, 10, 10]
O??CA?_eEGIOKOBO?s@P?	E	[10, 10, 10, 10]
O??CA?_eEGIOKO?w@c@W?	E	[10, 10, 10, 10]
O??CA?_eEGIOEO@oDC@H?	E	[10, 10, 10, 10]
O??CA?_eEGIODOGoDC?X?	E	[10, 10, 10, 10]
O??CA?_eEGIOCoGWD_?X?	E	[10, 10, 10, 10]
O??CA?_eEGIOKGIG@g?M?	E	[10, 10, 10, 10]
O??CA?_eEGIOKGHG@g?U?	E	[10, 10, 10, 10]
O??CA?_eEGIOKGGW@g?[?	E	[10, 10, 10, 10]
O??CA?_eEGGoF?M?CK?F?	E	[10, 10, 10, 10]
O??CA?_eEGGoK_EO@c@B?	E	[10, 10, 10, 10]
O??CA?_eEGKGL?F?@S?F?	E	[10, 10, 10, 10]
O??CA?_eEGKGL?EO@S?L?	E	[10, 10, 10, 10]
O??CA?_eEGKGL?DG@S?U?	E	[10, 10, 10, 10]
O??CA?_eEGKGK_EO@c?L?	E	[10, 10, 10, 10]
O??CA?_eEGKGK_Cg@c?Y?	E	[10, 10, 10, 10]
O??CA?_eEGKGEOEG?s@K?	E	[10, 10, 10, 10]
O??CA?_eEGKGKGEO?s?[?	E	[10, 10, 10, 10]
O??CA?_eEGKGKGDO@S?[?	E	[10, 10, 10, 10]
O??CA?_eEGKGKGDG@W?[?	E	[10, 10, 10, 10]
O??CA?_eEGIGM?GW?s?[?	E	[10, 10, 10, 10]
O??CA?_eEGIGL?B_?[@P?	E	[10, 10, 10, 10]
O??CA?_eEGIGL?IO@S?L?	E	[10, 10, 10, 10]
O??CA?_eEGIGL?HG@W?T?	E	[10, 10, 10, 10]
O??CA?_eEGIGL?GW@S?[?	E	[10, 10, 10, 10]
O??CA?_eEGIGF?I_?s@B?	E	[10, 10, 10, 10]
O??CA?_eEGIGK_B_@K@H?	E	[10, 10, 10, 10]
O??CA?_eEGIGK_B_?k@P?	E	[10, 10, 10, 10]
O??CA?_eEGIGK_GW@c?[?	E	[10, 10, 10, 10]
O??CA?_eEGIGK_?w@c@W?	E	[10, 10, 10, 10]
O??CA?_eEGIGD_I_@c@B?	E	[10, 10, 10, 10]
O??CA?_eEGIGD_H_DC?R?	E	[10, 10, 10, 10]
O??CA?_eEGIGD_GoDC?X?	E	[10, 10, 10, 10]
O??CA?_eEGIGKOJ?@S?L?	E	[10, 10, 10, 10]
O??CA?_eEGIGKOI_@c?L?	E	[10, 10, 10, 10]
O??CA?_eEGIGKOH_@c?T?	E	[10, 10, 10, 10]
O??CA?_eEGIGKOHG@o?T?	E	[10, 10, 10, 10]
O??CA?_eEGIGKOGg@c?[?	E	[10, 10, 10, 10]
O??CA?_eEGIGKGGo@c?[?	E	[10, 10, 10, 10]
O??CA?_eEGIGKGHG@o?U?	E	[10, 10, 10, 10]
O??CA?_eEGAgAoJ?GS@`?	E	[10, 10, 10, 10]
O??CA?_eEGGWD_J?@K@`?	E	[10, 10, 10, 10]
O??CA?_eEGGWEOM?Cc?L?	E	[10, 10, 10, 10]
O??CA?_eEGGWEOL??s@P?	E	[10, 10, 10, 10]
O??CA?_eEGGWEOK_Cc?X?	E	[10, 10, 10, 10]
O??CA?_eEGKCM?F??w?F?	E	[10, 10, 10, 10]
O??CA?_eEGKCL?F?@W?F?	E	[10, 10, 10, 10]
O??CA?_eEGKCL?DO@W?T?	E	[10, 10, 10, 10]
O??CA?_eEGKCKOCo@c?[?	E	[10, 10, 10, 10]
O??CA?_eCgM?R?BG?[@E?	E	[10, 10, 10, 10]
O??CA?_eCgM?Q_Ag?k@I?	E	[10, 10, 10, 10]
O??CA?_eCgM?IOAo?sAH?	E	[10, 10, 10, 10]
O??CA?_eCgM?GoOW@c?[?	E	[10, 10, 10, 10]
O??CA?_eCgM?OWGg@g?[?	E	[10, 10, 10, 10]
O??CA?_eCgJ?X?IG?[?M?	E	[10, 10, 10, 10]
O??CA?_eCgJ?OoI_Cc?J?	E	[10, 10, 10, 10]
O??CA?_eCgJ?WGGW?w?[?	E	[10, 10, 10, 10]
O??CA?_eCgH_BOW_AS@B?	E	[10, 10, 10, 10]
O??CA?_eCgB_Y?Oo?s@B?	E	[10, 10, 10, 10]
O??CA?_eCgB_R?WGCW?F?	E	[10, 10, 10, 10]
O??CA?_eCgB_QOOoCS@H?	E	[10, 10, 10, 10]
O??CA?_eCgIOW_IO?k?X?	E	[10, 10, 10, 10]
O??CA?_eCgIOW_GW@g?X?	E	[10, 10, 10, 10]
O??CA?_eCgIOWGGW@g?[?	E	[10, 10, 10, 10]
O??CA?_eCgIOGgGW@gAW?	E	[10, 10, 10, 10]
O??CA?_eCgBOOoY?Cc?J?	E	[10, 10, 10, 10]
O??CA?_eCgBOOoPOCc@P?	E	[10, 10, 10, 10]
O??CA?_eCgIGQ_I_Cc?J?	E	[10, 10, 10, 10]
O??CA?_eCgIGWOGg@c?[?	E	[10, 10, 10, 10]
O??CA?_eCgIGWGGo@c?[?	E	[10, 10, 10, 10]
O??CA?_eCgIGWGGg@o?Y?	E	[10, 10, 10, 10]
O??CA?_eECM?F?BO?k@D?	E	[10, 10, 10, 10]
O??CA?_eECM?F?@o@c@B?	E	[10, 10, 10, 10]
O??CA?_eECM?DOBO?s@P?	E	[10, 10, 10, 10]
O??CA?_eECM?DGIG@g?M?	E	[10, 10, 10, 10]
O??CA?_eECM?DGGW@g?[?	E	[10, 10, 10, 10]
O??CA?_eECM?CgBG@g@I?	E	[10, 10, 10, 10]
O??CA?_eECM?Cg@W@g@W?	E	[10, 10, 10, 10]
O??CA?_eECM?GWDO@c?[?	E	[10, 10, 10, 10]
O??CA?_eECJ?M?HO?s?J?	E	[10, 10, 10, 10]
O??CA?_eECJ?M?HG?w?J?	E	[10, 10, 10, 10]
O??CA?_eECK_L?F?@K?F?	E	[10, 10, 10, 10]
O??CA?_eECK_L?Cg@K?Y?	E	[10, 10, 10, 10]
O??CA?_eECK_KOEO@c?L?	E	[10, 10, 10, 10]
O??CA?_eECK_KOCW@c?[?	E	[10, 10, 10, 10]
O??CA?_eECK_KGCo@g?X?	E	[10, 10, 10, 10]
O??CA?_eECK_KGDG@g?U?	E	[10, 10, 10, 10]
O??CA?_eECI_F?I_CK?J?	E	[10, 10, 10, 10]
O??CA?_eECI_F?HO@K@D?	E	[10, 10, 10, 10]
O??CA?_eECI_K_J?@K?J?	E	[10, 10, 10, 10]
O??CA?_eECI_K_IO@c?J?	E	[10, 10, 10, 10]
O??CA?_eECI_K_IG@g?J?	E	[10, 10, 10, 10]
O??CA?_eECI_K_HG@K?Y?	E	[10, 10, 10, 10]
O??CA?_eECI_E_IO?k@H?	E	[10, 10, 10, 10]
O??CA?_eECI_E_BOCK@H?	E	[10, 10, 10, 10]
O??CA?_eECI_KOBO?s@P?	E	[10, 10, 10, 10]
O??CA?_eECI_EOIOCc?L?	E	[10, 10, 10, 10]
O??CA?_eECI_EOGoCc?X?	E	[10, 10, 10, 10]
O??CA?_eECI_CoGWD_?X?	E	[10, 10, 10, 10]
O??CA?_eECBO[?BO?k@H?	E	[10, 10, 10, 10]
O??CA?_eECAo[?IG@g?J?	E	[10, 10, 10, 10]
O??CA?_eECAoF?IO?kB@?	E	[10, 10, 10, 10]
O??CA?_eECAoKGGW@gAW?	E	[10, 10, 10, 10]
O??CA?_eECKGL?CW@c?[?	E	[10, 10, 10, 10]
O??CA?_eECAW[?@W@c@W?	E	[10, 10, 10, 10]
O??CA?_eECAWKOPG@c@W?	E	[10, 10, 10, 10]
O??CA?_eECKCL?Co@g?X?	E	[10, 10, 10, 10]
O??CA?_eEAM?F?B_?s@B?	E	[10, 10, 10, 10]
O??CA?_eEAM?H_Cg@g?X?	E	[10, 10, 10, 10]
O??CA?_eEAM?DGHG@o?U?	E	[10, 10, 10, 10]
O??CA?_eEAM?GgD_@g?X?	E	[10, 10, 10, 10]
O??CA?_eEAM?CWH_@o?X?	E	[10, 10, 10, 10]
O??CA?_eEAK_M?F??s?F?	E	[10, 10, 10, 10]
O??CA?_eEAK_M?DO?s?T?	E	[10, 10, 10, 10]
O??CA?_eEAK_M?Co?s?X?	E	[10, 10, 10, 10]
O??CA?_eEAK_M?CW?s?[?	E	[10, 10, 10, 10]
O??CA?_eEAK_L?F?@S?F?	E	[10, 10, 10, 10]
O??CA?_eEAK_L?Co@S?X?	E	[10, 10, 10, 10]
O??CA?_eEAK_K_DO@c?T?	E	[10, 10, 10, 10]
O??CA?_eEAK_KGDO@o?T?	E	[10, 10, 10, 10]
O??CA?_eEAK_KGCo@o?X?	E	[10, 10, 10, 10]
O??CA?_eEAK_KGDG@o?U?	E	[10, 10, 10, 10]
O??CA?_eEAK_KGCg@o?Y?	E	[10, 10, 10, 10]
O??CA?_FCoJ?w?H_?k?F?	E	[10, 10, 10, 10]
O??CA?_FCoJ?w?Go?s?J?	E	[10, 10, 10, 10]
O??CA?_FCoJ?w?HG?w?F?	E	[10, 10, 10, 10]
O??CA?_FCoJ?h?PGCW?F?	E	[10, 10, 10, 10]
O??CA?_FCoJ?P_g_CK?J?	E	[10, 10, 10, 10]
O??CA?_FCoJ?P_H_CKCB?	E	[10, 10, 10, 10]
O??CA?_FCoI_B_gO?[B@?	E	[10, 10, 10, 10]
O??CA?_FCoI__oHOHC@D?	E	[10, 10, 10, 10]
O??CA?_FCoI_AoW_Oc@B?	E	[10, 10, 10, 10]
O??CA?_FCoBOw?PO?s@B?	E	[10, 10, 10, 10]
O??CA?_FCoBOw?GoGc?J?	E	[10, 10, 10, 10]
O??CA?_FCoBOp?HO?[B@?	E	[10, 10, 10, 10]
O??CA?_FCoBOo_WO?k@H?	E	[10, 10, 10, 10]
O??CA?_FCoBOo_POCK@H?	E	[10, 10, 10, 10]
O??CA?_FCoBOo_HO?kB@?	E	[10, 10, 10, 10]
O??CA?_FCoAop?Go@KB@?	E	[10, 10, 10, 10]
O??CA?_FCoAooOX?@S@B?	E	[10, 10, 10, 10]
O??CA?_FCoAoQOW_Oc@B?	E	[10, 10, 10, 10]
O??CA?_FCoIGX?B_OS@B?	E	[10, 10, 10, 10]
O??CA?_F?wY?i?Oo?k@D?	E	[10, 10, 10, 10]
O??CA?_F?wY?W_AgCgCB?	E	[10, 10, 10, 10]
O??CA?_F?wY?Q_gO?k@D?	E	[10, 10, 10, 10]
O??CA?_F?wY?_oIOGc@D?	E	[10, 10, 10, 10]
O??CA?_F?wY?_oIO?sB@?	E	[10, 10, 10, 10]
O??CA?_F?wY?AoW_Oc@B?	E	[10, 10, 10, 10]
O??CA?_F?wR?w?HO?[AD?	T2	-
O??CA?_F?wR?p?WGCW?F?	T2	-
O??CA?_F?wR?X?OoOS@B?	T2	-
O??CA?_F?wR?o_POCS@B?	T2	-
O??CA?_F?wR?`_W_GK@B?	T2	-
O??CA?_F?wR?P_GoOKB@?	T2	-
O??CA?_F?wR?POW_?[D@?	T2	-
O??CA?_F?wQOw?IOGc?F?	E	[10, 10, 10, 10]
O??CA?_F?wQOq?Go?kB@?	E	[10, 10, 10, 10]
O??CA?_F?wQOoOY??s@B?	E	[10, 10, 10, 10]
O??CA?_F?wQOoOY??k@D?	E	[10, 10, 10, 10]
O??CA?_F?wQOQOw??s@B?	E	[10, 10, 10, 10]
O??CA?_of?F?D_DO@K?X?	E	[10, 10, 10, 10]
O??CA?_of?F?EODO?s?X?	E	[10, 10, 10, 10]
O??CA?_of?F?DOCW@o?X?	E	[10, 10, 10, 10]
O??CA?_of?F?@oDO@c?p?	E	[10, 10, 10, 10]
O??CA?_of?F?@o@WB_?p?	E	[10, 10, 10, 10]
O??CA?_of?EGBOB_BC?h?	E	[10, 10, 10, 10]
O??CA?_of?EGAWB_B_?h?	E	[10, 10, 10, 10]
O??CA?_of?ECCWF?@g?[?	E	[10, 10, 10, 10]
O??CA?_oe_D_J?AgAK?i?	E	[10, 10, 10, 10]
O??CA?_oe_B_F?I_CK?J?	T2	-
O??CA?_oe_B_F?IO?k@D?	E	[10, 10, 10, 10]
O??CA?_oe_EOJ?EO?k?X?	E	[10, 10, 10, 10]
O??CA?_oe_EOJ?CW@g?X?	E	[10, 10, 10, 10]
O??CA?_oe_EOIOBOAc?X?	E	[10, 10, 10, 10]
O??CA?_oe_EOIO@WB_?X?	E	[10, 10, 10, 10]
O??CA?_oe_EOIGDO@g?X?	E	[10, 10, 10, 10]
O??CA?_oe_EOGWBOB_?X?	E	[10, 10, 10, 10]
O??CA?_oe_DOKGF?@g?J?	E	[10, 10, 10, 10]
O??CA?_oe_AWM?J??k?X?	E	[10, 10, 10, 10]
O??CA?_oe_AWKGJ?@g?X?	E	[10, 10, 10, 10]
O??CA?_oe_ECGWF?@g?[?	E	[10, 10, 10, 10]
O??CA?_oe_DCKGF?@g?M?	E	[10, 10, 10, 10]
O??CA?_oe_CSM?F??k?Y?	E	[10, 10, 10, 10]
O??CA?_oe_CSIGF?@g?i?	E	[10, 10, 10, 10]
O??CA?_od_L?D_F??k?R?	E	[10, 10, 10, 10]
O??CA?_od_L?B_F??k?b?	E	[10, 10, 10, 10]
O??CA?_od_L?B_BGAg?b?	E	[10, 10, 10, 10]
O??CA?_od_L?B_AWAg?h?	E	[10, 10, 10, 10]
O??CA?_od_L?BOEO?s?h?	E	[10, 10, 10, 10]
O??CA?_od_L?CoF??k?X?	E	[10, 10, 10, 10]
O??CA?_od_L?CoDO@c?X?	E	[10, 10, 10, 10]
O??CA?_od_L?CoBOAc?X?	E	[10, 10, 10, 10]
O??CA?_od_L?AgBOAg?h?	E	[10, 10, 10, 10]
O??CA?_od_ICIGF?@g?M?	E	[10, 10, 10, 10]
O??CA?_od_ICGWF?@g?[?	E	[10, 10, 10, 10]
O??CA?_od_HCIOB_Ag?h?	E	[10, 10, 10, 10]
O??CA?_od_HCHOB_B_?b?	E	[10, 10, 10, 10]
O??CA?_od_HCKGF?@g?M?	E	[10, 10, 10, 10]
O??CA?_od_HCIGF?Ag?M?	E	[10, 10, 10, 10]
O??CA?_od_HCIGBOAg?k?	E	[10, 10, 10, 10]
O??CA?_od_HCGWDOB_?[?	E	[10, 10, 10, 10]
O??CA?_od_HCGWBOB_?k?	E	[10, 10, 10, 10]
O??CA?_od_@SGWT?B_?Y?	E	[10, 10, 10, 10]
O??CA?_od_CKQOB_B_?h?	E	[10, 10, 10, 10]
O??CA?_odCJ?L?CW@g?X?	E	[10, 10, 10, 10]
O??CA?_odCJ?HGDG@g?q?	E	[10, 10, 10, 10]
O??CA?_odCIGIGDO@c?w?	E	[10, 10, 10, 10]
O??CA?_odCIGIGBOAc?w?	E	[10, 10, 10, 10]
O??CA?_odCIGCWBGD_?w?	E	[10, 10, 10, 10]
O??CA?_odCIGAWHGB_?w?	E	[10, 10, 10, 10]
O??CA?_odCIGAWDGD_?w?	E	[10, 10, 10, 10]
O??CA?_odCIGAWBGE_?w?	E	[10, 10, 10, 10]
O??CA?_odCEGSOBG@c?w?	T2	-
O??CA?_odCEGQODG@c?w?	E	[10, 10, 10, 10]
O??CA?_odCEGEOR?@c?h?	E	[10, 10, 10, 10]
O??CA?_odCEGEOPG@c?w?	E	[10, 10, 10, 10]
O??CA?_odCEGBOQGAc?w?	E	[10, 10, 10, 10]
O??CA?_odCEGCWBGH_?w?	E	[10, 10, 10, 10]
O??CA?_odCEGAWPGB_?w?	E	[10, 10, 10, 10]
O??CA?_odCEGAWDGH_?w?	E	[10, 10, 10, 10]
O??CA?_odCEGAWBGI_?w?	E	[10, 10, 10, 10]
O??CA?_oeAEOM?F??k?X?	E	[10, 10, 10, 10]
O??CA?_oeAEOM?DO@c?X?	T2	-
O??CA?_oeAEOJ?CWB_?X?	E	[10, 10, 10, 10]
O??CA?_oeAEOKOF?@c?X?	T2	-
O??CA?_oeAEOIOF?Ac?X?	E	[10, 10, 10, 10]
O??CA?_oeACWM?DG@c?w?	T2	-
O??CA?_oeAAWM?L?@c?X?	T2	-
O??CA?_oeAAWM?J?Ac?X?	E	[10, 10, 10, 10]
O??CA?_oeAAWKGJ?B_?X?	E	[10, 10, 10, 10]
O??CA?_oeAAWIGL?B_?X?	E	[10, 10, 10, 10]
O??CA?_oeACSKOF?B_?X?	T2	-
O??CA?_oeACSKGF?B_?Y?	T2	-
O??CA?_odAM?EGDG@g?[?	E	[10, 10, 10, 10]
O??CA?_odAM?CWF?@o?X?	E	[10, 10, 10, 10]
O??CA?_odAICKGF?@g?[?	E	[10, 10, 10, 10]
O??CA?_ocaM?F?BO@c@D?	E	[10, 10, 10, 10]
O??CA?_ocaM?CgBG@g@W?	E	[10, 10, 10, 10]
O??CA?_ocaL?GWD_B_?X?	E	[10, 10, 10, 10]
O??CA?_ocaJ?K_J??k?X?	E	[10, 10, 10, 10]
O??CA?_ocaJ?K_HG@g?X?	E	[10, 10, 10, 10]
O??CA?_ocaKGCgBGB_@W?	E	[10, 10, 10, 10]
O??CA?_ocaEGF?R?@S@H?	E	[10, 10, 10, 10]
O??CA?_ocaEGWGB_@c?w?	E	[10, 10, 10, 10]
O??CA?_ocaEGCgBGH_@W?	E	[10, 10, 10, 10]
O??CA?_ocaHGK_J?Ac?X?	E	[10, 10, 10, 10]
O??CA?_ocaHGK_HGB_?X?	E	[10, 10, 10, 10]
O??CA?_ocaHGH_M?@c?h?	E	[10, 10, 10, 10]
O??CA?_ocaHGH_L?BC?X?	E	[10, 10, 10, 10]
O??CA?_ocaHGH_J?BC?h?	E	[10, 10, 10, 10]
O??CA?_ocaHGH_KGB_?X?	E	[10, 10, 10, 10]
O??CA?_ocaHGH_IGB_?h?	E	[10, 10, 10, 10]
O??CA?_ocaDGWGD_B_?X?	E	[10, 10, 10, 10]
O??CA?_ocaDGWGB_Ac?w?	E	[10, 10, 10, 10]
O??CA?_ocaDG@gHGB_Ao?	E	[10, 10, 10, 10]
O??CA?_ocaCWJ?U?Ac?X?	E	[10, 10, 10, 10]
O??CA?_ocaCWIGT?B_?X?	E	[10, 10, 10, 10]
O??CA?_ocaCWIGR?B_?h?	E	[10, 10, 10, 10]
O??CA?_ocaKCM?DO@o?X?	E	[10, 10, 10, 10]
O??CA?_ocaKCM?DG@g?[?	E	[10, 10, 10, 10]
O??CA?_ocEM?KOF?@c?X?	T2	-
O??CA?_ocEM?KGBG@g?w?	E	[10, 10, 10, 10]
O??CA?_ocEJ?F?L??k@P?	E	[10, 10, 10, 10]
O??CA?_ocEKGM?DG@c?w?	T2	-
O??CA?_ocEKGKGBGB_?w?	T2	-
O??CA?_ocEIGM?L?@c?X?	T2	-
O??CA?_ocEIGM?J?Ac?X?	E	[10, 10, 10, 10]
O??CA?_ocEIGKGJ?B_?X?	E	[10, 10, 10, 10]
O??CA?_ocEIGIGL?B_?X?	E	[10, 10, 10, 10]
O??CA?_od@M?EODO@o?X?	E	[10, 10, 10, 10]
O??CA?_od@M?AoBOB_?h?	E	[10, 10, 10, 10]
O??CA?_od@KGE_DOB_?X?	E	[10, 10, 10, 10]
O??CA?_od@EGU?D_@c?Y?	E	[10, 10, 10, 10]
O??CA?_od@EGU?DO@c?[?	E	[10, 10, 10, 10]
O??CA?_od@EGSOB_B_?X?	E	[10, 10, 10, 10]
O??CA?_ob@U?E_F?@g?J?	E	[10, 10, 10, 10]
O??CA?_ob@U?EODO@o?X?	E	[10, 10, 10, 10]
O??CA?_ob@U?CoF?@g?X?	E	[10, 10, 10, 10]
O??CA?_ob@U?CgBO@g?w?	T2	-
O??CA?_ob@U?AgF?Ag?Y?	E	[10, 10, 10, 10]
O??CA?_cf?HGKGDO@o?X?	E	[10, 10, 10, 10]
O??CA?_cf?HG?wHGB_?w?	E	[10, 10, 10, 10]
O??CA?_cf?DGBOE_AcAH?	E	[10, 10, 10, 10]
O??CA?_cf?DGCWDG@oAW?	E	[10, 10, 10, 10]
O??CA?_cf?DG@WCgB_AW?	E	[10, 10, 10, 10]
O??CA?_ce_M??wBG@g@W?	E	[10, 10, 10, 10]
O??CA?_ce_J?I_HO@c?J?	E	[10, 10, 10, 10]
O??CA?_ce_J?I_HG@g?J?	E	[10, 10, 10, 10]
O??CA?_ce_J?H_J??k?R?	E	[10, 10, 10, 10]
O??CA?_ce_J?H_IO@c?J?	E	[10, 10, 10, 10]
O??CA?_ce_J?H_IG@g?J?	E	[10, 10, 10, 10]
O??CA?_ce_J?GgJ??k?Y?	E	[10, 10, 10, 10]
O??CA?_ce_J?GgHG@g?Y?	T2	-
O??CA?_ce_F?HOOW@o?X?	E	[10, 10, 10, 10]
O??CA?_ce_B_Y?Ag?k@I?	E	[10, 10, 10, 10]
O??CA?_ce_B_AoIOGc@H?	E	[10, 10, 10, 10]
O??CA?_ce_KOJ?F?@K?J?	E	[10, 10, 10, 10]
O??CA?_ce_KOIO@WB_?X?	E	[10, 10, 10, 10]
O??CA?_ce_KOIGF?@g?J?	E	[10, 10, 10, 10]
O??CA?_ce_KOGWBOB_?X?	E	[10, 10, 10, 10]
O??CA?_ce_EOR?J?@K?J?	E	[10, 10, 10, 10]
O??CA?_ce_EOR?IG?k?Y?	E	[10, 10, 10, 10]
O??CA?_ce_EOR?GW@c?Y?	E	[10, 10, 10, 10]
O??CA?_ce_EOQOHG@g?X?	E	[10, 10, 10, 10]
O??CA?_ce_EOIOBOGc?X?	E	[10, 10, 10, 10]
O??CA?_ce_EOIO@WH_?X?	E	[10, 10, 10, 10]
O??CA?_ce_KG?wBGB_@W?	E	[10, 10, 10, 10]
O??CA?_ce_IGGgJ?@c?Y?	E	[10, 10, 10, 10]
O??CA?_ce_EGOWJ?@c?[?	E	[10, 10, 10, 10]
O??CA?_ce_BGPOJ?@c@D?	E	[10, 10, 10, 10]
O??CA?_ce_BGGoJ?Gc?X?	E	[10, 10, 10, 10]
O??CA?_ce_BGGoHGH_?X?	E	[10, 10, 10, 10]
O??CA?_ce_AWY?J??k?X?	E	[10, 10, 10, 10]
O??CA?_ce_AWY?HO@c?X?	E	[10, 10, 10, 10]
O??CA?_ce_AWY?HG@g?X?	E	[10, 10, 10, 10]
O??CA?_ce_AWWOJ?@c?X?	T2	-
O??CA?_ce_AWQOJ?@c@H?	T2	-
O??CA?_ce_AWWGJ?@g?X?	E	[10, 10, 10, 10]
O??CA?_ce_KCM?B_@g?J?	E	[10, 10, 10, 10]
O??CA?_ce_ECIOPO@o?X?	E	[10, 10, 10, 10]
O??CA?_ce_ECIO@W@oAW?	E	[10, 10, 10, 10]
O??CA?_ce_ECGWR?@g?[?	E	[10, 10, 10, 10]
O??CA?_ceOM?F?BO?s@B?	E	[10, 10, 10, 10]
O??CA?_ceOM?F?@o@c@B?	E	[10, 10, 10, 10]
O??CA?_ceOM?F?Ag?k@I?	E	[10, 10, 10, 10]
O??CA?_ceOM?DO?w@c@W?	E	[10, 10, 10, 10]
O??CA?_ceOM?IGF??w?J?	E	[10, 10, 10, 10]
O??CA?_ceOM?DGIG@g?M?	E	[10, 10, 10, 10]
O??CA?_ceOM?DGAg@g@I?	E	[10, 10, 10, 10]
O??CA?_ceOM?DG?w@g@W?	E	[10, 10, 10, 10]
O??CA?_ceOL?F?Cg?k@I?	E	[10, 10, 10, 10]
O??CA?_ceOL?AgDGAg@I?	E	[10, 10, 10, 10]
O??CA?_ceOK_M?EG?k?M?	E	[10, 10, 10, 10]
O??CA?_ceOK_L?E_@K?J?	E	[10, 10, 10, 10]
O??CA?_ceOK_J?D_AK?R?	E	[10, 10, 10, 10]
O??CA?_ceOK_KOCW@c?[?	E	[10, 10, 10, 10]
O??CA?_ceOK_HOD_BC?R?	E	[10, 10, 10, 10]
O??CA?_ceOK_KGF?@W?J?	E	[10, 10, 10, 10]
O??CA?_ceOK_CgIGAg?Y?	E	[10, 10, 10, 10]
O??CA?_ceOB_M?PO?[@H?	E	[10, 10, 10, 10]
O??CA?_ceOB_EOW_Cc?J?	E	[10, 10, 10, 10]
O??CA?_ceOB_EOWOCc?L?	E	[10, 10, 10, 10]
O??CA?_ceOKOL?F?@K?J?	E	[10, 10, 10, 10]
O??CA?_ceOKOL?EO@c?J?	E	[10, 10, 10, 10]
O??CA?_ceOKOL?EG@g?J?	E	[10, 10, 10, 10]
O??CA?_ceOKOJ?F?AK?J?	E	[10, 10, 10, 10]
O??CA?_ceOKOJ?EOAc?J?	E	[10, 10, 10, 10]
O??CA?_ceOKOJ?EGAg?J?	E	[10, 10, 10, 10]
O??CA?_ceOKOF?EGCg?J?	E	[10, 10, 10, 10]
O??CA?_ceOKOKOF?@c?J?	E	[10, 10, 10, 10]
O??CA?_ceOKOIOF?Ac?J?	E	[10, 10, 10, 10]
O??CA?_ceOKOIODOAc?X?	E	[10, 10, 10, 10]
O??CA?_ceOKODOF?@c@B?	E	[10, 10, 10, 10]
O??CA?_ceOKOBOF?Ac@B?	E	[10, 10, 10, 10]
O??CA?_ceOKOKGF?@g?J?	E	[10, 10, 10, 10]
O??CA?_ceOKOIGF?Ag?J?	E	[10, 10, 10, 10]
O??CA?_ceOKOIGBOAg?h?	E	[10, 10, 10, 10]
O??CA?_ceOKGDOCg@c@W?	E	[10, 10, 10, 10]
O??CA?_ceOIGM?J??s?J?	E	[10, 10, 10, 10]
O??CA?_ceOIGL?I_@c?J?	E	[10, 10, 10, 10]
O??CA?_ceOIGF?I_Cc?J?	E	[10, 10, 10, 10]
O??CA?_ceOIGGoDG@c@W?	E	[10, 10, 10, 10]
O??CA?_ceOIG@oM?Cc?X?	E	[10, 10, 10, 10]
O??CA?_ceOIG@oKGD_?X?	E	[10, 10, 10, 10]
O??CA?_ceOHGF?K_Cc?J?	E	[10, 10, 10, 10]
O??CA?_ceOHGF?KOCc?L?	E	[10, 10, 10, 10]
O??CA?_ceOHGD_J?Ac@B?	E	[10, 10, 10, 10]
O??CA?_ceOHGGoL?@c?h?	E	[10, 10, 10, 10]
O??CA?_ceOHGGoHGB_?h?	E	[10, 10, 10, 10]
O??CA?_ceOGgF?L?@S@B?	E	[10, 10, 10, 10]
O??CA?_ceOGgE_L?@c@B?	E	[10, 10, 10, 10]
O??CA?_ceOGgH_F?AK@P?	E	[10, 10, 10, 10]
O??CA?_ceOGgH_F?@K@`?	E	[10, 10, 10, 10]
O??CA?_ceOGgD_J?BC@B?	E	[10, 10, 10, 10]
O??CA?_ceOGgB_L?BC@B?	E	[10, 10, 10, 10]
O??CA?_ceOGgGoL?BC?X?	E	[10, 10, 10, 10]
O??CA?_ceO@WF?X?Ac@B?	E	[10, 10, 10, 10]
O??CA?_ceO?wWOM?@c?h?	E	[10, 10, 10, 10]
O??CA?_ceOKCKODO@c?[?	E	[10, 10, 10, 10]
O??CA?_ccoM?R?BO?s@B?	E	[10, 10, 10, 10]
O??CA?_ccoM?POB_@c@B?	E	[10, 10, 10, 10]
O??CA?_ccoM?HOQO@c?L?	E	[10, 10, 10, 10]
O??CA?_ccoJ?@oHO@cB@?	E	[10, 10, 10, 10]
O??CA?_ccoI_Y?IO?s?J?	E	[10, 10, 10, 10]
O??CA?_ccoI_R?I_CK?J?	E	[10, 10, 10, 10]
O??CA?_ccoI_W_J?@K?J?	E	[10, 10, 10, 10]
O??CA?_ccoI_W_IO@c?J?	E	[10, 10, 10, 10]
O??CA?_ccoI_W_IG@g?J?	E	[10, 10, 10, 10]
O??CA?_ccoI_QOI_Cc?J?	E	[10, 10, 10, 10]
O??CA?_ccoI_QOHO@c@D?	E	[10, 10, 10, 10]
O??CA?_ccoI_QOBOCc@D?	E	[10, 10, 10, 10]
O??CA?_ccoI_QOGoCc?X?	E	[10, 10, 10, 10]
O??CA?_ccoI_POHODC?T?	E	[10, 10, 10, 10]
O??CA?_ccoI_POBODC@D?	E	[10, 10, 10, 10]
O??CA?_ccoI_POGoDC?X?	E	[10, 10, 10, 10]
O??CA?_ccoB_Y?PO?[@H?	E	[10, 10, 10, 10]
O??CA?_ccoB_Y?Go?kAH?	E	[10, 10, 10, 10]
O??CA?_ccoIOY?BO?k@H?	E	[10, 10, 10, 10]
O??CA?_ccoIOY?BG?k@I?	E	[10, 10, 10, 10]
O??CA?_ccoIOX?J?@K?J?	E	[10, 10, 10, 10]
O??CA?_ccoIOR?IO?k@H?	E	[10, 10, 10, 10]
O??CA?_ccoIOR?IGCg?J?	E	[10, 10, 10, 10]
O??CA?_ccoIOWOBO@c@H?	E	[10, 10, 10, 10]
O??CA?_ccoIOPOIO@c@H?	E	[10, 10, 10, 10]
O??CA?_ccoIOPOBODC@H?	E	[10, 10, 10, 10]
O??CA?_ccoIOBOIOGc@H?	E	[10, 10, 10, 10]
O??CA?_ccoHOY?DG?k@I?	E	[10, 10, 10, 10]
O??CA?_ccoHOM?PO?k@H?	E	[10, 10, 10, 10]
O??CA?_ccoHOM?HOGc?J?	E	[10, 10, 10, 10]
O??CA?_ccoHOBOX?Ac@B?	E	[10, 10, 10, 10]
O??CA?_ccoBOY?POCc?J?	T2	-
O??CA?_ccoBOY?HOGc?J?	T2	-
O??CA?_ccoBOR?POCc@B?	T2	-
O??CA?_ccoGo[?BO@c@B?	E	[10, 10, 10, 10]
O??CA?_ccoGoY?BOAc@B?	E	[10, 10, 10, 10]
O??CA?_ccoGoY?BOAK@H?	E	[10, 10, 10, 10]
O??CA?_ccoGoY?EGCg?J?	E	[10, 10, 10, 10]
O??CA?_ccoAoR?Y??k@B?	E	[10, 10, 10, 10]
O??CA?_ccoAoR?J?GK@B?	E	[10, 10, 10, 10]
O??CA?_ccoAoR?IO?kB@?	E	[10, 10, 10, 10]
O??CA?_ccoAoQOX?@c@B?	E	[10, 10, 10, 10]
O??CA?_cco@oU?X??k@B?	E	[10, 10, 10, 10]
O??CA?_cco@oU?POCc@B?	E	[10, 10, 10, 10]
O??CA?_cco@oR?HOAKB@?	E	[10, 10, 10, 10]
O??CA?_ccoIGPOJ?@c@D?	E	[10, 10, 10, 10]
O??CA?_ccoIGPOB_Cc@P?	E	[10, 10, 10, 10]
O??CA?_ccWJ?POL?@S@B?	E	[10, 10, 10, 10]
O??CA?_ccWJ?POL??[@P?	E	[10, 10, 10, 10]
O??CA?_ccWJ?DOX?@K@D?	E	[10, 10, 10, 10]
O??CA?_ccWB_SOY??k@D?	E	[10, 10, 10, 10]
O??CA?_ccWIOY?BOAc@B?	E	[10, 10, 10, 10]
O??CA?_ccWIOY?EG?k@I?	E	[10, 10, 10, 10]
O??CA?_ccWHOY?DOAc@B?	E	[10, 10, 10, 10]
O??CA?_ccWHOX?DOBC@B?	E	[10, 10, 10, 10]
O??CA?_ccWHOIODOIC@H?	E	[10, 10, 10, 10]
O??CA?_ccWHOEOX?Ac@B?	E	[10, 10, 10, 10]
O??CA?_ccWHOEOKOCcAH?	E	[10, 10, 10, 10]
O??CA?_ccWHOEOHOAcB@?	E	[10, 10, 10, 10]
O??CA?_ccWHOBO[?Ac@B?	E	[10, 10, 10, 10]
O??CA?_ccWHOBOSOCc@`?	E	[10, 10, 10, 10]
O??CA?_ccW@oY?SOAc@B?	E	[10, 10, 10, 10]
O??CA?_ccW@oU?KO?kB@?	E	[10, 10, 10, 10]
O??CA?_ccW@oR?WOAK@`?	E	[10, 10, 10, 10]
O??CA?_ccW@oR?SOCK@`?	E	[10, 10, 10, 10]
O??CA?_ccW@oR?KOAKB@?	E	[10, 10, 10, 10]
O??CA?_ccW@oQO[?Ac@B?	E	[10, 10, 10, 10]
O??CA?_ccW@oQOSOEC@H?	E	[10, 10, 10, 10]
O??CA?_ceCM?F?BO@K@H?	E	[10, 10, 10, 10]
O??CA?_ceCM?IOBOAc?X?	E	[10, 10, 10, 10]
O??CA?_ceCM?EOBO@c@H?	E	[10, 10, 10, 10]
O??CA?_ceCM?EO@W@c@W?	E	[10, 10, 10, 10]
O??CA?_ceCM?EG@W@g@W?	E	[10, 10, 10, 10]
O??CA?_ceCM?CWBG@g@W?	E	[10, 10, 10, 10]
O??CA?_ceCL?M?DO?k?X?	E	[10, 10, 10, 10]
O??CA?_ceCL?M?DG?k?Y?	E	[10, 10, 10, 10]
O??CA?_ceCL?L?EG?k?Y?	E	[10, 10, 10, 10]
O??CA?_ceCL?L?CW@g?X?	E	[10, 10, 10, 10]
O??CA?_ceCL?F?EGCg?J?	E	[10, 10, 10, 10]
O??CA?_ceCL?KODO@c?X?	E	[10, 10, 10, 10]
O??CA?_ceCL?KOBOAc?X?	E	[10, 10, 10, 10]
O??CA?_ceCL?KO@WB_?X?	E	[10, 10, 10, 10]
O??CA?_ceCL?IOF?Ac?J?	E	[10, 10, 10, 10]
O??CA?_ceCL?IODOAc?X?	E	[10, 10, 10, 10]
O??CA?_ceCL?HOEOAc?X?	E	[10, 10, 10, 10]
O??CA?_ceCL?HODOBC?X?	E	[10, 10, 10, 10]
O??CA?_ceCL?HOCWB_?X?	E	[10, 10, 10, 10]
O??CA?_ceCL?BOF?AK@H?	E	[10, 10, 10, 10]
O??CA?_ceCL?KGF?@g?J?	E	[10, 10, 10, 10]
O??CA?_ceCL?KGDO@g?X?	E	[10, 10, 10, 10]
O??CA?_ceCL?GWDGB_?Y?	E	[10, 10, 10, 10]
O??CA?_ceCJ?M?HO@c?J?	E	[10, 10, 10, 10]
O??CA?_ceCJ?L?HO@K?X?	E	[10, 10, 10, 10]
O??CA?_ceCJ?L?BO?k@P?	E	[10, 10, 10, 10]
O??CA?_ceCJ?F?HO?k@P?	E	[10, 10, 10, 10]
O??CA?_ceCJ?F?BOCK@H?	E	[10, 10, 10, 10]
O??CA?_ceCJ?KOJ??k?X?	E	[10, 10, 10, 10]
O??CA?_ceCJ?KOHG@g?X?	E	[10, 10, 10, 10]
O??CA?_ceCJ?EOJ??k@H?	E	[10, 10, 10, 10]
O??CA?_ceCH_F?EOCK@H?	E	[10, 10, 10, 10]
O??CA?_ceCH_EOL??k@P?	E	[10, 10, 10, 10]
O??CA?_ceCH_BOM?AK@H?	E	[10, 10, 10, 10]
O??CA?_ceCB_F?WO@K@H?	E	[10, 10, 10, 10]
O??CA?_ceCB_EOX??k@P?	E	[10, 10, 10, 10]
O??CA?_ceCKGM?DG@g?X?	E	[10, 10, 10, 10]
O??CA?_ceCKGEODG@c@W?	E	[10, 10, 10, 10]
O??CA?_ceCKGBOF?BC@H?	E	[10, 10, 10, 10]
O??CA?_ceCKGKGF?@g?X?	E	[10, 10, 10, 10]
O??CA?_ceCKGCWBGB_@W?	E	[10, 10, 10, 10]
O??CA?_ceCKGAWDGB_@W?	E	[10, 10, 10, 10]
O??CA?_ceCIGKOJ?@c?X?	T2	-
O??CA?_ceCIGIOL?@c?X?	E	[10, 10, 10, 10]
O??CA?_ceCIGIOJ?Ac?X?	E	[10, 10, 10, 10]
O??CA?_ceCEGCWJ?H_?X?	E	[10, 10, 10, 10]
O??CA?_ceCHGF?L??k@P?	E	[10, 10, 10, 10]
O??CA?_ceCHGKOJ?Ac?X?	E	[10, 10, 10, 10]
O??CA?_ceCHGKOHGB_?X?	E	[10, 10, 10, 10]
O??CA?_ceCHGIOL?@c?h?	E	[10, 10, 10, 10]
O??CA?_ceCHGHOM?Ac?X?	E	[10, 10, 10, 10]
O??CA?_ceCHGHOL?BC?X?	E	[10, 10, 10, 10]
O??CA?_ceCHGDOM?Cc?X?	E	[10, 10, 10, 10]
O??CA?_ceCHGDOL?@c@P?	E	[10, 10, 10, 10]
O??CA?_ceCHGDOKGD_?X?	E	[10, 10, 10, 10]
O??CA?_ceCHGBOL?Ac@P?	E	[10, 10, 10, 10]
O??CA?_ceCHGBOF?Cc@`?	E	[10, 10, 10, 10]
O??CA?_ceCBGKOJ?Gc?X?	E	[10, 10, 10, 10]
O??CA?_ceCBGKOHGH_?X?	E	[10, 10, 10, 10]
O??CA?_ceCBGBOY?Ac@H?	E	[10, 10, 10, 10]
O??CA?_ceCBGBOM?Gc@H?	E	[10, 10, 10, 10]
O??CA?_ceCBGBOX?Ac@P?	E	[10, 10, 10, 10]
O??CA?_ceC@gBO[?BC@H?	E	[10, 10, 10, 10]
O??CA?_ceCKCM?F?@g?J?	E	[10, 10, 10, 10]
O??CA?_ceCKCM?DO@g?X?	E	[10, 10, 10, 10]
O??CA?_ceCKCKOBOB_?X?	E	[10, 10, 10, 10]
O??CA?_ceCKCKGBO@g?w?	T2	-
O??CA?_cccM?R?J?@K?J?	E	[10, 10, 10, 10]
O??CA?_cccM?R?IO@c?J?	E	[10, 10, 10, 10]
O??CA?_cccM?R?IG@g?J?	E	[10, 10, 10, 10]
O??CA?_cccM?R?GW@c?Y?	E	[10, 10, 10, 10]
O??CA?_cccM?QOHG@g?X?	E	[10, 10, 10, 10]
O??CA?_cccM?IOBOGc?X?	E	[10, 10, 10, 10]
O??CA?_cccJ?Y?BG?k@I?	E	[10, 10, 10, 10]
O??CA?_cccJ?R?IGCg?J?	E	[10, 10, 10, 10]
O??CA?_cccJ?WGJ?@g?J?	E	[10, 10, 10, 10]
O??CA?_cccH_R?M?CK?J?	T2	-
O??CA?_cccB_R?IO?kB@?	E	[10, 10, 10, 10]
O??CA?_cccB_QOX?@c@B?	E	[10, 10, 10, 10]
O??CA?_cccIGY?J??k?X?	E	[10, 10, 10, 10]
O??CA?_cccIGQOJ?@c@H?	T2	-
O??CA?_cccIGWGJ?@g?X?	E	[10, 10, 10, 10]
O??CA?_cccHGR?M?Cc?J?	E	[10, 10, 10, 10]
O??CA?_ccSJ?M?POCc?J?	E	[10, 10, 10, 10]
O??CA?_ccSJ?M?HOGc?J?	E	[10, 10, 10, 10]
O??CA?_ccSK_KOQGB_?J?	E	[10, 10, 10, 10]
O??CA?_ccSI_[?J?@K?J?	E	[10, 10, 10, 10]
O??CA?_ccSI_[?IO@c?J?	E	[10, 10, 10, 10]
O??CA?_ccSI_[?BO@c@B?	E	[10, 10, 10, 10]
O??CA?_ccSI_[?BO@K@H?	E	[10, 10, 10, 10]
O??CA?_ccSI_[?IG@g?J?	E	[10, 10, 10, 10]
O??CA?_ccSI_[?BG@K@I?	E	[10, 10, 10, 10]
O??CA?_ccSI_Y?BOAc@B?	E	[10, 10, 10, 10]
O??CA?_ccSI_Y?BOAK@H?	E	[10, 10, 10, 10]
O??CA?_ccSI_Y?EGCg?J?	E	[10, 10, 10, 10]
O??CA?_ccSI_Y?BGAK@I?	E	[10, 10, 10, 10]
O??CA?_ccSI_R?M?CK?J?	E	[10, 10, 10, 10]
O??CA?_ccSI_R?L?@K@B?	E	[10, 10, 10, 10]
O??CA?_ccSI_R?KO@K@H?	E	[10, 10, 10, 10]
O??CA?_ccSI_R?KGDG?J?	E	[10, 10, 10, 10]
O??CA?_ccSI_EOX?@c@B?	E	[10, 10, 10, 10]
O??CA?_ccSI_EOHO@cB@?	E	[10, 10, 10, 10]
O??CA?_ccSI_DOY?@c@B?	E	[10, 10, 10, 10]
O??CA?_ccSI_DOY?@K@H?	E	[10, 10, 10, 10]
O??CA?_ccSB_[?IOGc?J?	E	[10, 10, 10, 10]
O??CA?_ccSB_U?POCc@B?	E	[10, 10, 10, 10]
O??CA?_ccSB_T?WO@K@H?	E	[10, 10, 10, 10]
O??CA?_ccSB_F?X?GK@B?	T2	-
O??CA?_ccSIGR?M??k@H?	E	[10, 10, 10, 10]
O??CA?_ccSIGR?L?DC?J?	E	[10, 10, 10, 10]
O??CA?_ccSIGR?L?@c@B?	E	[10, 10, 10, 10]
O??CA?_ccSIGR?IOAc@H?	E	[10, 10, 10, 10]
O??CA?_ccSIGPOF?DC@H?	E	[10, 10, 10, 10]
O??CA?_ccSGg[?F?@K@H?	E	[10, 10, 10, 10]
O??CA?_ccSGgU?L?@c@B?	E	[10, 10, 10, 10]
O??CA?_ccSGgT?J?BC@B?	E	[10, 10, 10, 10]
O??CA?_ccSGgT?IOBC@H?	E	[10, 10, 10, 10]
O??CA?_ceAM?F?BO@c@D?	E	[10, 10, 10, 10]
O??CA?_ceAM?F?BO@S@H?	E	[10, 10, 10, 10]
O??CA?_ceAL?M?DO?s?X?	E	[10, 10, 10, 10]
O??CA?_ceAL?J?E_Ac?J?	E	[10, 10, 10, 10]
O??CA?_ceAL?KGDO@o?X?	E	[10, 10, 10, 10]
O??CA?_ceAL?@gHGB_?q?	E	[10, 10, 10, 10]
O??CA?_ceAJ?L?Gg@g?X?	E	[10, 10, 10, 10]
O??CA?_ceAJ?K_J??k?X?	E	[10, 10, 10, 10]
O??CA?_ceAJ?B_M?Cc?J?	E	[10, 10, 10, 10]
O??CA?_ceAJ?KOJ?@c?L?	E	[10, 10, 10, 10]
O??CA?_ceAJ?DOGgD_?X?	E	[10, 10, 10, 10]
O??CA?_ceAH_I_F??k@`?	E	[10, 10, 10, 10]
O??CA?_ceAH_B_M?Ac@B?	E	[10, 10, 10, 10]
O??CA?_ceAH_B_M?AK@H?	E	[10, 10, 10, 10]
O??CA?_ceAH_B_J?EC?b?	E	[10, 10, 10, 10]
O??CA?_ceAKOJ?EOAc?X?	E	[10, 10, 10, 10]
O??CA?_ceAKOF?F?@c@B?	T2	-
O??CA?_ceAKOIGDOB_?X?	E	[10, 10, 10, 10]
O??CA?_ceAKCM?D_@g?X?	E	[10, 10, 10, 10]
O??CA?_ceAKCM?DO@o?X?	E	[10, 10, 10, 10]
O??CAA_SDOECCSR??w?[?	E	[10, 10, 10, 10]
O??CAA_SDODCF?D_?wAA_	E	[10, 10, 10, 10]
O??CAA_SDODCB_D_AgAA_	E	[10, 10, 10, 10]
O??CAA_SDCDCD_F??iAQ?	E	[10, 10, 10, 10]
O??CAA_SD@F?F?B_?wAA_	E	[10, 10, 10, 10]
O??CAA_SD@DOD_F?@gAA_	E	[10, 10, 10, 10]
O??CAA_SD@DOB_F?AgAA_	E	[10, 10, 10, 10]
O??CAA_SD@IGCcBO@o@W?	E	[10, 10, 10, 10]
O??CAA_SC`F?H_?sH_?Y?	E	[10, 10, 10, 10]
O??CAA_SC`F?GSP_@o?Y?	E	[10, 10, 10, 10]
O??CAA_SC`EOGSR?@o?Y?	T2	-
O??CAA_SC`AIR?IO@o@K?	E	[10, 10, 10, 10]
O??CAA_SC`AIR?BODO@K?	E	[10, 10, 10, 10]
O??CAA_SC`AIQOJ?@o@K?	E	[10, 10, 10, 10]
O??CAA_SCPIGKCHO@o?[?	E	[10, 10, 10, 10]
O??CAA_KB_AIR?BG@WCK?	E	[10, 10, 10, 10]
O??CAA_KB_AIBOBGHOCK?	E	[10, 10, 10, 10]
O??CAA_KB_AIOob?@c?[?	E	[10, 10, 10, 10]
O??CAA_KEOICAcF?Cg?M?	E	[10, 10, 10, 10]
O??CAA_KEO?kSOAcB_@K?	E	[10, 10, 10, 10]
O??CAA_KBCAScOR?@g?W_	E	[10, 10, 10, 10]
O??CAA_K@cGSEO@SP_AW?	E	[10, 10, 10, 10]
O??CAA_KBAICF?BO@oCC_	E	[10, 10, 10, 10]
O??CAA_KE@F?F?AS?wAK?	E	[10, 10, 10, 10]
O??CAA_KE@HOHOCo@a?w?	E	[10, 10, 10, 10]
O??CAA_KE@DO@oSO@a?w?	E	[10, 10, 10, 10]
O??CAA_KE@DO@oBOI_?o_	E	[10, 10, 10, 10]
O??CAA_KE@HGH_BOB_?c_	E	[10, 10, 10, 10]
O??CAA_KE@HGKOF?@o?K_	E	[10, 10, 10, 10]
O??CAA_KE@HGKOD_@o?W_	E	[10, 10, 10, 10]
O??CAA_KE@DGT?E_?w?W_	E	[10, 10, 10, 10]
O??CAA_KE@DGSOD_@o?W_	E	[10, 10, 10, 10]
O??CAA_KE@DGSO@c@o?w?	E	[10, 10, 10, 10]
O??CAA_KE@DGDOEC@oAK?	E	[10, 10, 10, 10]
O??CAA_KE@DGDODC@oAS?	E	[10, 10, 10, 10]
O??CAA_KE@DG@oS_@a?w?	E	[10, 10, 10, 10]
O??CAA_KE@DG@oB_I_?o_	E	[10, 10, 10, 10]
O??CAA_KE@GWKOF?@o?W_	T2	-
O??CAA_KE@CWBOR?B_?c_	E	[10, 10, 10, 10]
O??CAA_KE@AQKOBO@oAW?	E	[10, 10, 10, 10]
O??CAA_KE@@QU?J??w?i?	E	[10, 10, 10, 10]
O??CAA_KE@@QT?CoD_?Y?	E	[10, 10, 10, 10]
O??CAA_KE@@QT?@oD_?q?	E	[10, 10, 10, 10]
O??CAA_KE@@QSOD_D_?Y?	E	[10, 10, 10, 10]
O??CAA_KE@AIQ_D_D_?Y?	E	[10, 10, 10, 10]
O??CAA_KE@@IU?DO@o@K?	E	[10, 10, 10, 10]
O??CAA_KE@@IT?DO@o@S?	E	[10, 10, 10, 10]
O??CAA_KE@@IR?I_Ao?i?	E	[10, 10, 10, 10]
O??CAA_KE@@IR?E_Co?i?	E	[10, 10, 10, 10]
O??CAA_KE@@IS_DO@o@W?	E	[10, 10, 10, 10]
O??CAA_KE@@IQ_J?Ao?i?	E	[10, 10, 10, 10]
O??CAA_KE@@IP_E_D_?i?	E	[10, 10, 10, 10]
O??CAA_KE@?YU?D_D_?Y?	E	[10, 10, 10, 10]
O??CAA_KE@?YIOT?@o?w?	E	[10, 10, 10, 10]
O??CAA_KB@R?DOQO@o?K_	E	[10, 10, 10, 10]
O??CAA_KB@R?CSR?@o?M?	E	[10, 10, 10, 10]
O??CAA_KB@R?CSP_@o?Y?	E	[10, 10, 10, 10]
O??CAA_KB@P_R?F?AW?E_	E	[10, 10, 10, 10]
O??CAA_KB@P_QOEO?q?k?	E	[10, 10, 10, 10]
O??CAA_KB@B_F?B_?YEA?	T2	-
O??CAA_KB@POD_F?@gAA_	E	[10, 10, 10, 10]
O??CAA_KB@POPOB_B_?a_	E	[10, 10, 10, 10]
O??CAA_KC`M?R?Ac?w?Y?	E	[10, 10, 10, 10]
O??CAA_KC`M?R??s@o?Y?	E	[10, 10, 10, 10]
O??CAA_KC`M?Q_@c@g?Y?	E	[10, 10, 10, 10]
O??CAA_KC`M?AS@o@oAW?	E	[10, 10, 10, 10]
O??CAA_KC`L?DOOo@o?W_	E	[10, 10, 10, 10]
O??CAA_KC`D_F?R?GW?E_	E	[10, 10, 10, 10]
O??CAA_KC`D_F?Q_?YAI?	E	[10, 10, 10, 10]
O??CAA_KC`KOCoR?@a?Y?	E	[10, 10, 10, 10]
O??CAA_KC`DOS_R??i?Y?	E	[10, 10, 10, 10]
O??CAA_KC`DOS_PO@a?Y?	E	[10, 10, 10, 10]
O??CAA_KC`KAR?E_?w?Y?	E	[10, 10, 10, 10]
O??CAA_KC`KAEO@o@oAW?	E	[10, 10, 10, 10]
O??CAA_KC`KACoBO@oAW?	E	[10, 10, 10, 10]
O??CAA_KC`HAW_F??w?Y?	E	[10, 10, 10, 10]
O??CAA_KC`HAW_B_Ag?Y?	E	[10, 10, 10, 10]
O??CAA_KC`HAWOD_@o?Y?	E	[10, 10, 10, 10]
O??CAA_KC`DAU?P_@g?M?	E	[10, 10, 10, 10]
O??CAA_KC`DAU?PO@o?M?	E	[10, 10, 10, 10]
O??CAA_KC`DAT?R?@W?M?	E	[10, 10, 10, 10]
O??CAA_KC`DAT?Q_@g?M?	E	[10, 10, 10, 10]
O??CAA_KC`DAT?QO@o?M?	E	[10, 10, 10, 10]
O??CAA_KC`DAF?QOGo?M?	E	[10, 10, 10, 10]
O??CAA_KC`DASOR?@o?M?	E	[10, 10, 10, 10]
O??CAA_KC`GQGoBOB_AW?	E	[10, 10, 10, 10]
O??CAA_KC`CQU?R??w?Y?	E	[10, 10, 10, 10]
O??CAA_KC`CQSOR?@o?Y?	E	[10, 10, 10, 10]
O??CAA_KC`GIW_F?@o?Y?	E	[10, 10, 10, 10]
O??CAA_K@`Y?R?Ac?w?Y?	E	[10, 10, 10, 10]
O??CAA_K@`Y?QO@c@o?Y?	E	[10, 10, 10, 10]
O??CAA_K@`Y??sBO@oAW?	E	[10, 10, 10, 10]
O??CAA_K@`J?POBO@oCC_	E	[10, 10, 10, 10]
O??CAA_K@`P_U?ASGo?M?	E	[10, 10, 10, 10]
O??CAA_K@`P_E_B_GIAI?	E	[10, 10, 10, 10]
O??CAA_K@`B_q?AS?wAK?	E	[10, 10, 10, 10]
O??CAA_K@`IO_oBO@aAW?	E	[10, 10, 10, 10]
O??CAA_K@`IO?sR?P_?Y?	E	[10, 10, 10, 10]
O??CAA_K@`POS_R??i?Y?	E	[10, 10, 10, 10]
O??CAA_K@`POS_PO@a?Y?	E	[10, 10, 10, 10]
O??CAA_K@`BOo_R??i?Y?	E	[10, 10, 10, 10]
O??CAA_K@`BOo_PO@a?Y?	E	[10, 10, 10, 10]
O??CAA_K@`BOB_q??iAI?	E	[10, 10, 10, 10]
O??CAA_K@`BOB_QCOgAI?	E	[10, 10, 10, 10]
O??CAA_K@`BOOcR?Og?Y?	E	[10, 10, 10, 10]
O??CAA_K@`BOOcPOP_?Y?	E	[10, 10, 10, 10]
O??CAA_K@`IGOoB_@aCW?	E	[10, 10, 10, 10]
O??CAA_K@`IAb?QO?w?[?	E	[10, 10, 10, 10]
O??CAA_K@`IAQ_B_Og?Y?	E	[10, 10, 10, 10]
O??CAA_K@`IAQ_@oP_?Y?	E	[10, 10, 10, 10]
O??CAA_K@`IA_oBO@oAW?	E	[10, 10, 10, 10]
O??CAA_K@`AQo_R?@g?Y?	T2	-
O??CAA_EF?ICF?BC?w@E?	E	[10, 10, 10, 10]
O??CAA_EF?ICD_I_@g?I_	E	[10, 10, 10, 10]
O??CAA_EF?IC@SCoD_?[?	E	[10, 10, 10, 10]
O??CAA_EF?IC?sDOD_?[?	E	[10, 10, 10, 10]
O??CAA_EF?GcK_E_@g?I_	E	[10, 10, 10, 10]
O??CAA_EF?GcECF??w@E?	E	[10, 10, 10, 10]
O??CAA_EF?GcECE_?w@I?	E	[10, 10, 10, 10]
O??CAA_EF?GcCcE_@g@I?	E	[10, 10, 10, 10]
O??CAA_EF?CKT?D_@W?W_	E	[10, 10, 10, 10]
O??CAA_EF?CKP_@oB_?o_	E	[10, 10, 10, 10]
O??CAA_EF?CK@oT?BO?W_	E	[10, 10, 10, 10]
O??CAA_EF?CK@oD_J??W_	E	[10, 10, 10, 10]
O??CAA_EE_E_HOAW?qAS?	E	[10, 10, 10, 10]
O??CAA_EE_E_IG@c@gAE?	E	[10, 10, 10, 10]
O??CAA_EE_E_IG@c@WAI?	E	[10, 10, 10, 10]
O??CAA_EE_E_IGAS?wAK?	E	[10, 10, 10, 10]
O??CAA_EE_B_AWP_Ca@E?	E	[10, 10, 10, 10]
O??CAA_EE_B_AWWOCo?K_	E	[10, 10, 10, 10]
O??CAA_EE_B_AWPOCo@C_	E	[10, 10, 10, 10]
O??CAA_EE_HCL?B_CW?I_	E	[10, 10, 10, 10]
O??CAA_EE_HCL?AoCo?I_	E	[10, 10, 10, 10]
O??CAA_EE_HCJ?D_CW?I_	E	[10, 10, 10, 10]
O??CAA_EE_HCGcJ??w?i?	E	[10, 10, 10, 10]
O??CAA_EE_HCGSJ??w?k?	E	[10, 10, 10, 10]
O??CAA_EE_AKR?ICCo?M?	E	[10, 10, 10, 10]
O??CAA_EE_AKR?BCCo@E?	E	[10, 10, 10, 10]
O??CAA_EE_AKR?AcCo@I?	E	[10, 10, 10, 10]
O??CAA_ED_L?B_CoGc?I_	E	[10, 10, 10, 10]
O??CAA_ED_IGQGBC?w@K?	E	[10, 10, 10, 10]
O??CAA_ED_KCP_DO@W?W_	E	[10, 10, 10, 10]
O??CAA_ED_KCD_@oHG?W_	E	[10, 10, 10, 10]
O??CAA_ED_KCPOD_@W?W_	E	[10, 10, 10, 10]
O??CAA_ED_KCDOQO@o?K_	E	[10, 10, 10, 10]
O??CAA_ED_KCDO@oHO?W_	E	[10, 10, 10, 10]
O??CAA_ED_ICR?BC?w@E?	E	[10, 10, 10, 10]
O??CAA_ED_ICR?Ac?w@I?	E	[10, 10, 10, 10]
O??CAA_ED_ICP_I_@g?I_	E	[10, 10, 10, 10]
O??CAA_ED_ICPO@o@o@O_	E	[10, 10, 10, 10]
O??CAA_ED_DCD_Q_?iAI?	E	[10, 10, 10, 10]
O??CAA_ED_BCQCP_?w@I?	E	[10, 10, 10, 10]
O??CAA_ED_BCBCX??wAE?	E	[10, 10, 10, 10]
O??CAA_ED_BCBCH_GgAE?	E	[10, 10, 10, 10]
O??CAA_ECoE_WGAS?wAK?	E	[10, 10, 10, 10]
O??CAA_ECoICP_IOCo?I_	E	[10, 10, 10, 10]
O??CAA_ECoICHCIOGo?M?	E	[10, 10, 10, 10]
O??CAA_ECoIC@cH_@gBA?	E	[10, 10, 10, 10]
O??CAA_ECoICASX??w@K?	E	[10, 10, 10, 10]
O??CAA_ECoICASP_Cg@K?	E	[10, 10, 10, 10]
O??CAA_ECoICASPOCo@K?	E	[10, 10, 10, 10]
O??CAA_ECoIC@SWOCo?[?	E	[10, 10, 10, 10]
O??CAA_ECoIC@SOoCo@W?	E	[10, 10, 10, 10]
O??CAA_EEGM?IG?s@o?i?	E	[10, 10, 10, 10]
O??CAA_EEGKOHOD_BG?P_	E	[10, 10, 10, 10]
O??CAA_EEGKOHOD_BC?Q_	E	[10, 10, 10, 10]
O??CAA_EEGKOHODGBO?Q_	E	[10, 10, 10, 10]
O??CAA_EEGKOKGE_@g?I_	E	[10, 10, 10, 10]
O??CAA_EEGKOKGDO@o?Q_	E	[10, 10, 10, 10]
O??CAA_EEGKOHGDOBO?Q_	E	[10, 10, 10, 10]
O??CAA_EEGKOHGCoB_?Q_	E	[10, 10, 10, 10]
O??CAA_EEGKGKGEO@o?K_	E	[10, 10, 10, 10]
O??CAA_EEGKGGgD_BG?W_	E	[10, 10, 10, 10]
O??CAA_EEGKGGgDOBO?W_	E	[10, 10, 10, 10]
O??CAA_EEGKGCWM?@o?K_	E	[10, 10, 10, 10]
O??CAA_EEGICK_@o@g@O_	E	[10, 10, 10, 10]
O??CAA_EEGICD_HO@W@O_	E	[10, 10, 10, 10]
O??CAA_EEGICICL?@W?M?	E	[10, 10, 10, 10]
O??CAA_EEGICHCM?@W?M?	E	[10, 10, 10, 10]
O??CAA_EEGICHCF?@W@E?	E	[10, 10, 10, 10]
O??CAA_EEGICHCK_@W?Y?	E	[10, 10, 10, 10]
O??CAA_EEGICHCKO@W?[?	E	[10, 10, 10, 10]
O??CAA_EEGICHCDO@W@S?	E	[10, 10, 10, 10]
O??CAA_EEGICHCCoDG?[?	E	[10, 10, 10, 10]
O??CAA_EEGICBCL?@W@E?	E	[10, 10, 10, 10]
O??CAA_EEGICBCJ?CW?e?	E	[10, 10, 10, 10]
O??CAA_EEGICGcM?@g?M?	E	[10, 10, 10, 10]
O??CAA_EEGICGcE_@g@I?	E	[10, 10, 10, 10]
O??CAA_EEGICGcKO@g?[?	E	[10, 10, 10, 10]
O??CAA_EEGICGcCoD_?Y?	E	[10, 10, 10, 10]
O??CAA_EEGIC@cL?DG?U?	E	[10, 10, 10, 10]
O??CAA_EEGIC@cF?DG@E?	E	[10, 10, 10, 10]
O??CAA_EEGIC@cK_DG?Y?	E	[10, 10, 10, 10]
O??CAA_EEGICGSK_@o?Y?	E	[10, 10, 10, 10]
O??CAA_EDGEOEGQCGg?M?	E	[10, 10, 10, 10]
O??CAA_EDGECSCB_?wAQ?	E	[10, 10, 10, 10]
O??CAA_EDGECQCB_?wAa?	E	[10, 10, 10, 10]
O??CAA_EDGECBCS_?wAQ?	E	[10, 10, 10, 10]
O??CAA_EDGEC@cT?@WAQ?	E	[10, 10, 10, 10]
O??CAA_EDGCcT?OoBO?Q_	E	[10, 10, 10, 10]
O??CAA_EDGCcT?CoHO?Q_	E	[10, 10, 10, 10]
O??CAA_EDGCcF?S_@WAA_	E	[10, 10, 10, 10]
O??CAA_EDGCcF?OcAWAQ?	E	[10, 10, 10, 10]
O??CAA_EDGCcP_SOBO?Q_	E	[10, 10, 10, 10]
O??CAA_EDGCcP_OoBG?o_	E	[10, 10, 10, 10]
O??CAA_EDGCcP_CoJ??Q_	E	[10, 10, 10, 10]
O??CAA_EDGCcD_U?@WAA_	E	[10, 10, 10, 10]
O??CAA_EDGCcD_SOHO?Q_	E	[10, 10, 10, 10]
O??CAA_EBGKOc_EG@g?I_	E	[10, 10, 10, 10]
O??CAA_EBGKO_oDOBC?W_	E	[10, 10, 10, 10]
O??CAA_EBGKOCge?@g?I_	E	[10, 10, 10, 10]
O??CAA_EAgJ?ICGgOg?M?	E	[10, 10, 10, 10]
O??CAA_EAgAgQOICCSCK?	E	[10, 10, 10, 10]
O??CAA_E@gM?`_B_@KAA_	E	[10, 10, 10, 10]
O??CAA_E@gM?aG@c@WAI?	E	[10, 10, 10, 10]
O??CAA_E@gF?QC@WGWCK?	E	[10, 10, 10, 10]
O??CAA_E@gF?Acp??wAB?	E	[10, 10, 10, 10]
O??CAA_E@gF?@cOg@gEA?	E	[10, 10, 10, 10]
O??CAA_E@gB_PCGgOWAQ?	E	[10, 10, 10, 10]
O??CAA_E?wJ?POHOCSCC_	E	[10, 10, 10, 10]
O??CAA_E?wJ?_WPOCo@C_	E	[10, 10, 10, 10]
O??CAA_E?wF?oGGS?wAK?	E	[10, 10, 10, 10]
O??CAA_E?wF?WGP_OW?I_	E	[10, 10, 10, 10]
O??CAA_E?wB_o_H_CIAB?	T2	-
O??CAA_E?wB_HCOgCWEA?	T2	-
O??CAA_E?wB_HCOWKOCE?	T2	-
O??CAA_EECICL?I_@g?I_	E	[10, 10, 10, 10]
O??CAA_EECICE_J?Cg?I_	E	[10, 10, 10, 10]
O??CAA_EECICHCKO@g?[?	E	[10, 10, 10, 10]
O??CAA_EECICGSL?@o?Y?	E	[10, 10, 10, 10]
O??CAA_EECGcD_KOD_?Q_	E	[10, 10, 10, 10]
O??CAA_EECGcGoL?BG?W_	E	[10, 10, 10, 10]
O??CAA_EECGcECM?Cg?M?	E	[10, 10, 10, 10]
O??CAA_EECGcECD_DG@I?	E	[10, 10, 10, 10]
O??CAA_EECGcDCE_DG@I?	E	[10, 10, 10, 10]
O??CAA_EDCK_S_DO@c?Q_	E	[10, 10, 10, 10]
O??CAA_EDCK_S_EG@g?I_	E	[10, 10, 10, 10]
O??CAA_EDCK_SGE_@g?I_	E	[10, 10, 10, 10]
O??CAA_EDCE_S_QG@g?I_	E	[10, 10, 10, 10]
O??CAA_EDCE_E_R??kAA_	E	[10, 10, 10, 10]
O??CAA_EDCE_E_BGGgAA_	E	[10, 10, 10, 10]
O??CAA_EDCE_B_U??kAA_	E	[10, 10, 10, 10]
O??CAA_EDCE_SGQ_@g?I_	E	[10, 10, 10, 10]
O??CAA_EDCE_SGPO@W?W_	E	[10, 10, 10, 10]
O??CAA_EDCE_EGQ_Gg?I_	E	[10, 10, 10, 10]
O??CAA_EDCE_EGOcGg?Y?	E	[10, 10, 10, 10]
O??CAA_EDCKOT?DO@c?Q_	E	[10, 10, 10, 10]
O??CAA_EDCKOPOCWB_?W_	E	[10, 10, 10, 10]
O??CAA_EDCKOPO@WB_?o_	E	[10, 10, 10, 10]
O??CAA_EDCKOPGDO@g?o_	E	[10, 10, 10, 10]
O??CAA_EDCKODGDOHG?W_	E	[10, 10, 10, 10]
O??CAA_EDCEOT?PO@K?W_	E	[10, 10, 10, 10]
O??CAA_EDCEOT?QG@g?I_	E	[10, 10, 10, 10]
O??CAA_EDCEOT?@WHG?W_	E	[10, 10, 10, 10]
O??CAA_EDCEOF?R??kAA_	E	[10, 10, 10, 10]
O??CAA_EDCEOF?QGGg?I_	E	[10, 10, 10, 10]
O??CAA_EDCEOF?QC?kAI?	E	[10, 10, 10, 10]
O??CAA_EDCEOSGR??i?Y?	E	[10, 10, 10, 10]
O??CAA_EDCEOSGPO@a?Y?	E	[10, 10, 10, 10]
O??CAA_EDCEOEGR??iAI?	E	[10, 10, 10, 10]
O??CAA_EDCEOSC@W@gAW?	E	[10, 10, 10, 10]
O??CAA_EDCGoPOKOB_?P_	E	[10, 10, 10, 10]
O??CAA_EDCKCS_F?@g?I_	E	[10, 10, 10, 10]
O??CAA_EDCKCP_@SB_?q?	E	[10, 10, 10, 10]
O??CAA_EDCKCPOD_BG?W_	E	[10, 10, 10, 10]
O??CAA_EDCKCPODOB_?S_	E	[10, 10, 10, 10]
O??CAA_EDCKC@oPOB_?o_	E	[10, 10, 10, 10]
O??CAA_EDCECT?Q_@g?I_	E	[10, 10, 10, 10]
O??CAA_EDCECF?B_GgAA_	E	[10, 10, 10, 10]
O??CAA_EDCECS_R?@g?I_	E	[10, 10, 10, 10]
O??CAA_EDCECS_PO@g?W_	E	[10, 10, 10, 10]
O??CAA_EDCECB_U??iAI?	E	[10, 10, 10, 10]
O??CAA_EDCECB_QCAgAI?	E	[10, 10, 10, 10]
O??CAA_EDCECB_PCAgAQ?	E	[10, 10, 10, 10]
O??CAA_EDCECB_PC@gAa?	E	[10, 10, 10, 10]
O??CAA_EDCECBCU??wAI?	E	[10, 10, 10, 10]
O??CAA_EDCECBCT??wAQ?	E	[10, 10, 10, 10]
O??CAA_EDCECBCQ_AgAI?	E	[10, 10, 10, 10]
O??CAA_EDCCcE_PCAgAQ?	E	[10, 10, 10, 10]
O??CAA_EDCCcP_T?BG?Q_	E	[10, 10, 10, 10]
O??CAA_EDCCcP_POBG?o_	E	[10, 10, 10, 10]
O??CAA_EDCCcD_T?HG?Q_	E	[10, 10, 10, 10]
O??CAA_EDCCcD_QC@gAa?	E	[10, 10, 10, 10]
O??CAA_EDCCcOoT?BG?W_	E	[10, 10, 10, 10]
O??CAA_EEAM?EGBOCo?K_	E	[10, 10, 10, 10]
O??CAA_EEAICF?BOCo@C_	E	[10, 10, 10, 10]
O??CAA_EEAICF?AoCo@G_	E	[10, 10, 10, 10]
O??CAA_EEAICF?BCCo@E?	E	[10, 10, 10, 10]
O??CAA_EEAICD_AoD_@G_	E	[10, 10, 10, 10]
O??CAA_EEAIC@oH_B_@O_	E	[10, 10, 10, 10]
O??CAA_EEAICGcL?@g?[?	E	[10, 10, 10, 10]
O??CAA_EEAICAcD_D_@I?	E	[10, 10, 10, 10]
O??CAA_EEAIC@cK_@g@W?	E	[10, 10, 10, 10]
O??CAA_EAIK_GoCgB_CO_	E	[10, 10, 10, 10]
O??CAA_EAIK_@ocGDO?o_	E	[10, 10, 10, 10]
O??CAA_EAII_F?IOCSCC_	E	[10, 10, 10, 10]
O??CAA_EAII_EOJ?CSCC_	E	[10, 10, 10, 10]
O??CAA_EAII_EOICCSCK?	E	[10, 10, 10, 10]
O??CAA_EAII_BOM?CQCD?	E	[10, 10, 10, 10]
O??CAA_EAIKGH_CgB_CO_	E	[10, 10, 10, 10]
O??CAA_EAIKGcGH_B_?S_	E	[10, 10, 10, 10]
O??CAA_EAIKGcGD_D_?S_	E	[10, 10, 10, 10]
O??CAA_EAIKGcGD_DO?W_	E	[10, 10, 10, 10]
O??CAA_EAIKGGgd?B_?S_	E	[10, 10, 10, 10]
O??CAA_EAIKGGgd?BO?W_	E	[10, 10, 10, 10]
O??CAA_EAIKGGgd?@o?o_	E	[10, 10, 10, 10]
O??CAA_EAIKG@gd?F??S_	E	[10, 10, 10, 10]
O??CAA_EAIIGF?J?CSCC_	E	[10, 10, 10, 10]
O??CAA_EAIIGKCJ??sCS?	E	[10, 10, 10, 10]
O??CAA_EAIGgcGH_DO?o_	E	[10, 10, 10, 10]
O??CAA_EAIGgECL?CSCS?	E	[10, 10, 10, 10]
O??CAA_EE@M?D_I_@g?I_	E	[10, 10, 10, 10]
O??CAA_EE@M?D_@oDG?W_	E	[10, 10, 10, 10]
O??CAA_EE@I_K_HO@W?W_	E	[10, 10, 10, 10]
O??CAA_EE@KGKO@cB_?[?	E	[10, 10, 10, 10]
O??CAA_EE@IGL?H_@W?W_	E	[10, 10, 10, 10]
O??CAA_EE@GgHOK_B_?S_	E	[10, 10, 10, 10]
O??CAA_EE@GgHOD_F??S_	E	[10, 10, 10, 10]
O??CAA_EE@GgDOF?DO@C_	E	[10, 10, 10, 10]
O??CAA_EE@CgKOD_H_?S_	E	[10, 10, 10, 10]
O??CAA_EE@Cg@oK_J??W_	E	[10, 10, 10, 10]
O??CAA_EE@EAR?J?AW?M?	E	[10, 10, 10, 10]
O??CAA_EE@EAR?I_?w?i?	E	[10, 10, 10, 10]
O??CAA_EE@EAR?IOAo?M?	E	[10, 10, 10, 10]
O??CAA_EE@EAF?B_CgAE?	E	[10, 10, 10, 10]
O??CAA_EE@EAQ_J?Ag?M?	E	[10, 10, 10, 10]
O??CAA_EE@EAD_B_@gBA?	E	[10, 10, 10, 10]
O??CAA_EE@EAKOBO@oAK?	E	[10, 10, 10, 10]
O??CAA_EE@EAPODO@o@S?	E	[10, 10, 10, 10]
O??CAA_EE@CaU?L??w?U?	E	[10, 10, 10, 10]
O??CAA_EE@CaM?EO?wAK?	E	[10, 10, 10, 10]
O??CAA_EE@CaT?K_@W?Y?	E	[10, 10, 10, 10]
O??CAA_EE@CaL?DO@WAS?	E	[10, 10, 10, 10]
O??CAA_EE@CaSOK_@o?Y?	E	[10, 10, 10, 10]
O??CAA_EE@AaM?B_CgAE?	E	[10, 10, 10, 10]
O??CAA_EE@CIT?K_@o?Y?	E	[10, 10, 10, 10]
O??CAA_EE@CIT?DO@o@S?	E	[10, 10, 10, 10]
O??CAA_EE@AIR?IOAo@K?	E	[10, 10, 10, 10]
O??CAA_EE@AIHOM?@oAK?	E	[10, 10, 10, 10]
O??CAA_ED@M?P_E_@g?I_	E	[10, 10, 10, 10]
O??CAA_ED@M?P_DO@o?Q_	E	[10, 10, 10, 10]
O??CAA_ED@M?P_DO@W?W_	E	[10, 10, 10, 10]
O??CAA_ED@M?D_R?@W?I_	E	[10, 10, 10, 10]
O??CAA_ED@M?D_Q_@g?I_	E	[10, 10, 10, 10]
O??CAA_ED@M?D_B_@gAA_	E	[10, 10, 10, 10]
O??CAA_ED@M?D_@oHG?W_	E	[10, 10, 10, 10]
O??CAA_ED@M?POD_@W?W_	E	[10, 10, 10, 10]
O??CAA_ED@M?DO@oHO?W_	E	[10, 10, 10, 10]
O??CAA_ED@M?OoF?@o?I_	E	[10, 10, 10, 10]
O??CAA_ED@M?CoR?@o?I_	E	[10, 10, 10, 10]
O??CAA_ED@F?T?AoGo?I_	E	[10, 10, 10, 10]
O??CAA_ED@F?D_R??wAA_	E	[10, 10, 10, 10]
O??CAA_ED@K_T?Co@o?Q_	E	[10, 10, 10, 10]
O??CAA_ED@K_T?@oBO?Q_	E	[10, 10, 10, 10]
O??CAA_ED@K_S_DO@o?Q_	E	[10, 10, 10, 10]
O??CAA_ED@K_S_@oB_?Q_	E	[10, 10, 10, 10]
O??CAA_ED@K_P_DOBO?Q_	E	[10, 10, 10, 10]
O??CAA_ED@K_P_CoB_?Q_	E	[10, 10, 10, 10]
O??CAA_ED@K_SOD_@o?Q_	E	[10, 10, 10, 10]
O??CAA_ED@K_SO@o@o?o_	E	[10, 10, 10, 10]
O??CAA_ED@K_POD_BO?Q_	E	[10, 10, 10, 10]
O??CAA_ED@K_OoD_B_?Q_	E	[10, 10, 10, 10]
O??CAA_ED@E_U?B_?wAA_	E	[10, 10, 10, 10]
O??CAA_ED@E_T?Oo@o?Q_	E	[10, 10, 10, 10]
O??CAA_ED@E_T?@o@WAO_	E	[10, 10, 10, 10]
O??CAA_ED@E_F?Q_?wAA_	E	[10, 10, 10, 10]
O??CAA_ED@E_S_PO@o?Q_	E	[10, 10, 10, 10]
O??CAA_ED@E_E_R??wAA_	E	[10, 10, 10, 10]
O??CAA_ED@E_E_B_GgAA_	E	[10, 10, 10, 10]
O??CAA_ED@E_D_R?@WAA_	E	[10, 10, 10, 10]
O??CAA_ED@E_SOP_@o?Q_	E	[10, 10, 10, 10]
O??CAA_ED@E_SOP_@W?W_	E	[10, 10, 10, 10]
O??CAA_ED@E_SCOo@o?Y?	E	[10, 10, 10, 10]
O??CAA_ED@B_F?@cGWBA?	T2	-
O??CAA_ED@KOT?DO@o?Q_	E	[10, 10, 10, 10]
O??CAA_ED@KOP_DO@g?o_	T2	-
O??CAA_ED@KOD_U?@g?I_	E	[10, 10, 10, 10]
O??CAA_ED@KOPO@oB_?o_	E	[10, 10, 10, 10]
O??CAA_ED@EOT?Q_@g?I_	E	[10, 10, 10, 10]
O??CAA_ED@EOT?PO@W?W_	E	[10, 10, 10, 10]
O??CAA_ED@EOT?@oHG?W_	E	[10, 10, 10, 10]
O??CAA_ED@EOF?R??wAA_	E	[10, 10, 10, 10]
O??CAA_ED@EOF?Q_Gg?I_	E	[10, 10, 10, 10]
O??CAA_ED@EOF?QC?wAI?	E	[10, 10, 10, 10]
O??CAA_ED@EOS_R??i?Y?	E	[10, 10, 10, 10]
O??CAA_ED@EOS_PO@a?Y?	T2	-
O??CAA_ED@EOSC@o@gAW?	E	[10, 10, 10, 10]
O??CAA_ED@GoS_M?@g?I_	E	[10, 10, 10, 10]
O??CAA_ED@GoS_DOD_?Q_	E	[10, 10, 10, 10]
O??CAA_ED@CoS_POB_?Q_	E	[10, 10, 10, 10]
O??CAA_ED@CoS_DOH_?Q_	E	[10, 10, 10, 10]
O??CAA_ED@CoE_T?@gAA_	E	[10, 10, 10, 10]
O??CAA_ED@CoP_SOB_?Q_	E	[10, 10, 10, 10]
O??CAA_ED@CoP_POBG?o_	E	[10, 10, 10, 10]
O??CAA_ED@CoP_DOJ??Q_	E	[10, 10, 10, 10]
O??CAA_ED@CoD_U?@gAA_	E	[10, 10, 10, 10]
O??CAA_ED@CoD_T?HG?Q_	E	[10, 10, 10, 10]
O??CAA_ED@CoD_SOH_?Q_	E	[10, 10, 10, 10]
O??CAA_ED@AoT?HO@WAO_	E	[10, 10, 10, 10]
O??CAA_ED@AoS_Y?@g?I_	E	[10, 10, 10, 10]
O??CAA_ED@AoS_HO@gAO_	E	[10, 10, 10, 10]
O??CAA_ED@AoE_Y?Gg?I_	E	[10, 10, 10, 10]
O??CAA_ED@AoE_WCGg?Y?	E	[10, 10, 10, 10]
O??CAA_ED@AoB_U?CgAA_	E	[10, 10, 10, 10]
O??CAA_ED@KGT?D_@W?W_	E	[10, 10, 10, 10]
O??CAA_ED@KGPO@cB_?s?	E	[10, 10, 10, 10]
O??CAA_ED@GgP_L?BO?Q_	E	[10, 10, 10, 10]
O??CAA_ED@IAKOP_@o?Y?	E	[10, 10, 10, 10]
O??CAA_ED@BA[?PO?w?[?	E	[10, 10, 10, 10]
O??CAA_ED@BAF?X??wAE?	E	[10, 10, 10, 10]
O??CAA_ED@BAF?H_GgAE?	E	[10, 10, 10, 10]
O??CAA_ED@BAE_P_Gg@I?	E	[10, 10, 10, 10]
O??CAA_ED@BAD_R??wBA?	E	[10, 10, 10, 10]
O??CAA_ED@BAD_B_GgBA?	E	[10, 10, 10, 10]
O??CAA_ED@GaS_CoD_?Y?	E	[10, 10, 10, 10]
O??CAA_ED@Aa[?Q_?w?Y?	E	[10, 10, 10, 10]
O??CAA_ED@Aa[?Oo@o?Y?	E	[10, 10, 10, 10]
O??CAA_ED@AaF?B_GWBA?	T2	-
O??CAA_ED@AaE_R??wBA?	E	[10, 10, 10, 10]
O??CAA_ED@AaSOOo@o@W?	E	[10, 10, 10, 10]
O??CAA_ED@GQD_KO@gAW?	E	[10, 10, 10, 10]
O??CAA_EC`M?R?BC?w@E?	E	[10, 10, 10, 10]
O??CAA_EC`M?P_I_@g?I_	E	[10, 10, 10, 10]
O??CAA_EC`M?PO@o@o@O_	E	[10, 10, 10, 10]
O??CAA_EC`F?Y?P_?i?M?	E	[10, 10, 10, 10]
O??CAA_EC`F?Y?PO?q?M?	E	[10, 10, 10, 10]
O??CAA_EC`I_Y?BC?w@E?	E	[10, 10, 10, 10]
O??CAA_EC`I_X?@oDO?Q_	E	[10, 10, 10, 10]
O??CAA_EC`I_W_I_?i?Y?	E	[10, 10, 10, 10]
O??CAA_EC`I_W_HO@W?W_	E	[10, 10, 10, 10]
O??CAA_EC`I_WOH_@o?Q_	E	[10, 10, 10, 10]
O??CAA_EC`I_WOH_@W?W_	E	[10, 10, 10, 10]
O??CAA_EC`I_WOIO@o?K_	E	[10, 10, 10, 10]
O??CAA_EC`I_WO@oDO?W_	E	[10, 10, 10, 10]
O??CAA_EC`I_QOBCCo@E?	E	[10, 10, 10, 10]
O??CAA_EC`E_W_Q_@g?I_	E	[10, 10, 10, 10]
O??CAA_EC`E_W_PO@W?W_	E	[10, 10, 10, 10]
O??CAA_EC`E_WOP_@W?W_	E	[10, 10, 10, 10]
O??CAA_EC`E_WOQO@o?K_	E	[10, 10, 10, 10]
O??CAA_EC`E_WCQ_?w?Y?	E	[10, 10, 10, 10]
O??CAA_EC`E_WCP_@W?Y?	E	[10, 10, 10, 10]
O??CAA_EC`E_WCPO@o?U?	E	[10, 10, 10, 10]
O??CAA_EC`E_WCOo@o?Y?	E	[10, 10, 10, 10]
O??CAA_EC`E_OcGoH_?Y?	E	[10, 10, 10, 10]
O??CAA_EC`D_B_T?CWAA_	E	[10, 10, 10, 10]
O??CAA_EC`B_Y?H_?wAA_	E	[10, 10, 10, 10]
O??CAA_EC`B_I_X??wAA_	E	[10, 10, 10, 10]
O??CAA_EC`EOW_R??i?Y?	E	[10, 10, 10, 10]
O??CAA_EC`EOWCR??w?Y?	E	[10, 10, 10, 10]
O??CAA_EC`IGY?BC?w@K?	E	[10, 10, 10, 10]
O??CAA_EC`IGR?BCCo@E?	E	[10, 10, 10, 10]
O??CAA_EC`KAT?I_?w?Y?	E	[10, 10, 10, 10]
O??CAA_EC`KAT?H_@W?Y?	E	[10, 10, 10, 10]
O??CAA_EC`KAT?Go@o?Y?	E	[10, 10, 10, 10]
O??CAA_EC`KAH_CoH_?Y?	E	[10, 10, 10, 10]
O??CAA_EC`KASO@o@o@W?	E	[10, 10, 10, 10]
O??CAA_EC`KAKOP_@o?Y?	E	[10, 10, 10, 10]
O??CAA_EC`KAKO@o@oAW?	E	[10, 10, 10, 10]
O??CAA_EC`IAY?H_?w?Y?	E	[10, 10, 10, 10]
O??CAA_EC`IAX?I_?w?Y?	E	[10, 10, 10, 10]
O??CAA_EC`IAX?H_@W?Y?	E	[10, 10, 10, 10]
O??CAA_EC`IAX?Go@o?Y?	E	[10, 10, 10, 10]
O??CAA_EC`IAH_Go@gAW?	E	[10, 10, 10, 10]
O??CAA_EC`IAWOJ?@o?M?	E	[10, 10, 10, 10]
O??CAA_EC`IAWOH_@o?Y?	E	[10, 10, 10, 10]
O??CAA_EC`HAJ?HO?wAc?	E	[10, 10, 10, 10]
O??CAA_EC`HAEOHOGo@K?	E	[10, 10, 10, 10]
O??CAA_EC`HABOWOCo?k?	E	[10, 10, 10, 10]
O??CAA_EC`DA[?P_?w?Y?	E	[10, 10, 10, 10]
O??CAA_EC`DAY?P_Ag?M?	E	[10, 10, 10, 10]
O??CAA_EC`DAY?POAo?M?	E	[10, 10, 10, 10]
O??CAA_EC`Ga[?H_@W?Y?	E	[10, 10, 10, 10]
O??CAA_EC`GaY?F??w@E?	E	[10, 10, 10, 10]
O??CAA_EC`GaY?I_?w?i?	E	[10, 10, 10, 10]
O??CAA_EC`GaX?F?@W@E?	E	[10, 10, 10, 10]
O??CAA_EC`GaPOF?DO@E?	E	[10, 10, 10, 10]
O??CAA_EC`Ca[?Q_?w?Y?	E	[10, 10, 10, 10]
O??CAA_EC`Ca[?Oo@o?Y?	E	[10, 10, 10, 10]
O??CAA_EC`CaY?B_AgAE?	E	[10, 10, 10, 10]
O??CAA_EC`CaW_B_BGAI?	E	[10, 10, 10, 10]
O??CAA_EC`AaR?BOKO@E?	E	[10, 10, 10, 10]
O??CAA_EC`CQ[?R??w?Y?	E	[10, 10, 10, 10]
O??CAA_EC`CQ[?PO@o?Y?	E	[10, 10, 10, 10]
O??CAA_EC`GI[?J??w?[?	E	[10, 10, 10, 10]
O??CAA_ECHM?KOQO?q?[?	E	[10, 10, 10, 10]
O??CAA_ECHF?F?WCGW?M?	E	[10, 10, 10, 10]
O??CAA_ECHE_[?B_@WAA_	E	[10, 10, 10, 10]
O??CAA_ECHE_[?@o@WAO_	E	[10, 10, 10, 10]
O??CAA_ECHE_M?Q_?wAA_	E	[10, 10, 10, 10]
O??CAA_ECHE_S_I_@gAA_	E	[10, 10, 10, 10]
O??CAA_ECHE_S_Go@gAO_	E	[10, 10, 10, 10]
O??CAA_ECHE_I_U??wAA_	E	[10, 10, 10, 10]
O??CAA_ECHCoL?U?@WAA_	E	[10, 10, 10, 10]
O??CAA_ECHCoL?SOHO?Q_	E	[10, 10, 10, 10]
O??CAA_ECHKGP_DOBO@O_	E	[10, 10, 10, 10]
O??CAA_ECHKGPOL?BO?S_	E	[10, 10, 10, 10]
O??CAA_ECHKGPOK_B_?S_	E	[10, 10, 10, 10]
O??CAA_ECHKGPOH_BO?o_	E	[10, 10, 10, 10]
O??CAA_ECHKAM?EO?wAK?	E	[10, 10, 10, 10]
O??CAA_ECHKAT?F?@W@E?	E	[10, 10, 10, 10]
O??CAA_ECHKAT?D_@W@Q?	E	[10, 10, 10, 10]
O??CAA_ECHKAT?DO@W@S?	E	[10, 10, 10, 10]
O??CAA_ECHIAY?IO?w?k?	E	[10, 10, 10, 10]
O??CAA_ECHEA[?R?@W?M?	E	[10, 10, 10, 10]
O??CAA_ECHEA[?QO@o?M?	E	[10, 10, 10, 10]
O??CAA_ECHEAM?R?GW?M?	E	[10, 10, 10, 10]
O??CAA_ECHEAM?QOGo?M?	E	[10, 10, 10, 10]
O??CAA_ECHEAT?B_CWAQ?	E	[10, 10, 10, 10]
O??CAA_ECHEAL?R?@WAE?	E	[10, 10, 10, 10]
O??CAA_ECHEAF?Y??wAE?	E	[10, 10, 10, 10]
O??CAA_ECHEAF?X?@WAE?	E	[10, 10, 10, 10]
O??CAA_ECHEAF?R?CWAE?	E	[10, 10, 10, 10]
O??CAA_ECHEAD_P_HG@Q?	E	[10, 10, 10, 10]
O??CAA_ECHEASOQO@o@K?	E	[10, 10, 10, 10]
O??CAA_ECHEASOPO@o@S?	E	[10, 10, 10, 10]
O??CAA_ECHBAM?X?GW?M?	E	[10, 10, 10, 10]
O??CAA_ECHBAM?WOGo?M?	E	[10, 10, 10, 10]
O??CAA_ECHBAL?X?@WAE?	E	[10, 10, 10, 10]
O??CAA_ECHBAL?I_GgAE?	E	[10, 10, 10, 10]
O??CAA_ECHBASOWOCo?[?	E	[10, 10, 10, 10]
O??CAA_ECHCaW_E_AgAQ?	E	[10, 10, 10, 10]
O??CAA_ECHGI[?M?@o?M?	E	[10, 10, 10, 10]
O??CAA_EA_ggF?HOCSCS?	E	[10, 10, 10, 10]
O??CAA_EA_agWOJ??sCS?	E	[10, 10, 10, 10]
O??CAA_E@_m?R?@W@WCK?	E	[10, 10, 10, 10]
O??CAA_E@_m?POBG@WCK?	E	[10, 10, 10, 10]
O??CAA_E@_m?@WBOHOCK?	E	[10, 10, 10, 10]
O??CAA_E@_k_S_b?@W?J?	E	[10, 10, 10, 10]
O??CAA_E@_k_S_b?@K?M?	E	[10, 10, 10, 10]
O??CAA_E@_d_Ags?Gg?M?	E	[10, 10, 10, 10]
O??CAA_E@_d_@gQ_AgEA?	E	[10, 10, 10, 10]
O??CAA_E@_eOOgb?@gAI?	E	[10, 10, 10, 10]
O??CAA_E@_eOOgR?@gCI?	E	[10, 10, 10, 10]
O??CAA_E@_coS_b?@KAI?	E	[10, 10, 10, 10]
O??CAA_E@_coS_b??kAQ?	E	[10, 10, 10, 10]
O??CAA_E?oj?X?HO?wCD?	E	[10, 10, 10, 10]
O??CAA_E?of?oGHO?wAK?	E	[10, 10, 10, 10]
O??CAA_E?of?WG`_Gg?M?	E	[10, 10, 10, 10]
O??CAA_E?of?WGP_Og?M?	E	[10, 10, 10, 10]
O??CAA_E?oi_Y?HO?sCE?	E	[10, 10, 10, 10]
O??CAA_E?oi_POJ?CSCE?	E	[10, 10, 10, 10]
O??CAA_E?oi_POIOCSCK?	E	[10, 10, 10, 10]
O??CAA_E?oi_POHOCSCS?	E	[10, 10, 10, 10]
O??CAA_E?oi_BOX?CWCD?	E	[10, 10, 10, 10]
O??CAA_E?oe_I_p??wAB?	E	[10, 10, 10, 10]
O??CAA_E?oe_H_Q_?kEA?	E	[10, 10, 10, 10]
O??CAA_E?oe_H_Og@gEA?	E	[10, 10, 10, 10]
O??CAA_E?oe_Ggq?Gg?M?	E	[10, 10, 10, 10]
O??CAA_E?oe_Ggp?@gAE?	E	[10, 10, 10, 10]
O??CAA_E?oe_Ggp??wAQ?	E	[10, 10, 10, 10]
O??CAA_E?oe_@gp?DGAE?	E	[10, 10, 10, 10]
O??CAA_E?ob_p?H_CKAE?	E	[10, 10, 10, 10]
O??CAA_E?ob_p?@WKO@E?	E	[10, 10, 10, 10]
O??CAA_E?ob_h?WG?wAE?	E	[10, 10, 10, 10]
O??CAA_E?ob_h?PGGW@E?	E	[10, 10, 10, 10]
O??CAA_E?ob_oGX??w@E?	E	[10, 10, 10, 10]
O??CAA_E?ob_oGPOCo@E?	E	[10, 10, 10, 10]
O??CAA_EAGj?M?GgOg?M?	E	[10, 10, 10, 10]
O??CAA_E@Gm?S_aO?w?X?	E	[10, 10, 10, 10]
O??CAA_E@Gf?Cg`_GgAQ?	E	[10, 10, 10, 10]
O??CAA_E@GeOS__W@gAW?	E	[10, 10, 10, 10]
O??CAA_E?gf?H_Q_?kEA?	E	[10, 10, 10, 10]
O??CAA_E?gf?H_Og@gEA?	E	[10, 10, 10, 10]
O??CAA_E?gf?WG`_@gAE?	E	[10, 10, 10, 10]
O??CAA_E?gf?WGB_?wEA?	E	[10, 10, 10, 10]
O??CAA_E?gf?Ggp?@gAE?	E	[10, 10, 10, 10]
O??CAA_E?gf?@gW_@gEA?	E	[10, 10, 10, 10]
O??CAA_E?gb_J?WGOWAE?	T2	-
O??CAA_E?gb_J?OgCWEA?	T2	-
O??CAA_E?gb_J?OWKOCE?	T2	-
O??CAA_E?gb_o_I_CgAB?	E	[10, 10, 10, 10]
O??CAA_E?gwOK_GWH_?Y?	E	[10, 10, 10, 10]
O??CAA_EAAi_KOGgP_?[?	E	[10, 10, 10, 10]
O??CAA_GeCEGU?DG@a?Y?	E	[10, 10, 10, 10]
O??CA?oKDCWCCSR?@g?[?	E	[10, 10, 10, 10]
O??CA?oIF?PCF?CSGo?M?	E	[10, 10, 10, 10]
O??CA?oIF?PCB_OoAg?g_	E	[10, 10, 10, 10]
O??CA?oIF?PCPO@cAg?s?	E	[10, 10, 10, 10]
O??CA?oIF?PCDCEOGo?M?	E	[10, 10, 10, 10]
O??CA?oIF?PCASDOAoAK?	E	[10, 10, 10, 10]
O??CA?oIF?PCAS@oI_?k?	E	[10, 10, 10, 10]
O??CA?oIF?PC@SSOAo?[?	E	[10, 10, 10, 10]
O??CA?oIF?PC@SPOAo?s?	E	[10, 10, 10, 10]
O??CA?oIF?PC@SOoAo?w?	E	[10, 10, 10, 10]
O??CA?oIF?PC@SCoGo?w?	E	[10, 10, 10, 10]
O??CA?oID_BC`_Q_?iAI?	E	[10, 10, 10, 10]
O??CA?oID_BC`_PC@gAE?	E	[10, 10, 10, 10]
O??CA?oID_BCoCBO?wAK?	E	[10, 10, 10, 10]
O??CA?oID_BCQC`O?wAK?	E	[10, 10, 10, 10]
O??CA?oID_BC@cp?@gAE?	E	[10, 10, 10, 10]
O??CA?oID_BC@co_@gAI?	E	[10, 10, 10, 10]
O??CA?oID_BC@cQ_OgAI?	E	[10, 10, 10, 10]
O??CA?oID_WAR?BGAW?M?	E	[10, 10, 10, 10]
O??CA?oID_WAR?AWAo?M?	E	[10, 10, 10, 10]
O??CA?oID_WAF?B_?kAE?	E	[10, 10, 10, 10]
O??CA?oID_WAD_Oo@g?X?	E	[10, 10, 10, 10]
O??CA?oID_WAEO@W@oAK?	E	[10, 10, 10, 10]
O??CA?oID_WACo@W@oAW?	E	[10, 10, 10, 10]
O??CA?oID_WACWBO@oAK?	E	[10, 10, 10, 10]
O??CA?oI@oPCs?P_?i?M?	E	[10, 10, 10, 10]
O??CA?oI@oPCSC`_Gg?M?	E	[10, 10, 10, 10]
O??CA?oI@oPCSCP_Og?M?	E	[10, 10, 10, 10]
O??CA?oIEGY?IGBCAW?M?	E	[10, 10, 10, 10]
O??CA?oI?wR?WG@SGWCK?	E	[10, 10, 10, 10]
O??CA?oIDCWGQGBCAo?i?	E	[10, 10, 10, 10]
O??CA?oIDCWCT?EC@g?M?	E	[10, 10, 10, 10]
O??CA?oIDCPCF?SCGg?M?	E	[10, 10, 10, 10]
O??CA?oIDCPCQCT?Ag?M?	E	[10, 10, 10, 10]
O??CA?oIDCPCBCP_IG?i?	E	[10, 10, 10, 10]
O??CA?oICcPOSG@S@gBG?	E	[10, 10, 10, 10]
O??CA?oICKW_@oSOBC@O_	E	[10, 10, 10, 10]
O??CA?oICKQ_B_SG@IBA?	E	[10, 10, 10, 10]
O??CA?oICKQOWGPOB_?Q_	E	[10, 10, 10, 10]
O??CA?oICKQOSGPO@g@O_	E	[10, 10, 10, 10]
O??CA?oICKQOSGBC@gBA?	E	[10, 10, 10, 10]
O??CA?oICKQOIGR?AgAA_	E	[10, 10, 10, 10]
O??CA?oICKQOEGPCCgAQ?	E	[10, 10, 10, 10]
O??CA?oICKQOPGHOJ??Q_	E	[10, 10, 10, 10]
O??CA?oICKQOBGY?AgAA_	E	[10, 10, 10, 10]
O??CA?oICKQOBGU?CgAA_	E	[10, 10, 10, 10]
O??CA?oICKOoF?SG@IBA?	E	[10, 10, 10, 10]
O??CA?oICKOoPOSOBC@O_	E	[10, 10, 10, 10]
O??CA?oICKOoSGDOHG@O_	E	[10, 10, 10, 10]
O??CA?oIE@GoI_aOAa?i?	E	[10, 10, 10, 10]
O??CA?oIE@GoI_ECAgCI?	E	[10, 10, 10, 10]
O??CA?oIE@GoI_BCAgCa?	E	[10, 10, 10, 10]
O??CA?oIE@GoI_ASAgCg?	E	[10, 10, 10, 10]
O??CA?oID@Y?F?B_?iAE?	E	[10, 10, 10, 10]
O??CA?oID@Y?F?AS?wAK?	E	[10, 10, 10, 10]
O??CA?oID@X?F?CS?wAK?	E	[10, 10, 10, 10]
O??CA?oID@X?B_OoAg?g_	E	[10, 10, 10, 10]
O??CA?oID@X?ASDOAoAK?	E	[10, 10, 10, 10]
O??CA?oID@R?D_R??wAA_	E	[10, 10, 10, 10]
O??CA?oID@R?QCDO?wAK?	E	[10, 10, 10, 10]
O??CA?oID@W_P_B_BG?a_	E	[10, 10, 10, 10]
O??CA?oID@W_ASSO@o?k?	E	[10, 10, 10, 10]
O??CA?oID@W_ASOoB_?k?	E	[10, 10, 10, 10]
O??CA?oID@W_?sU?Ao?Y?	E	[10, 10, 10, 10]
O??CA?oID@W_?sSOB_?[?	E	[10, 10, 10, 10]
O??CA?oID@Q_U?AS?wAK?	E	[10, 10, 10, 10]
O??CA?oID@Q_S_B_@IAI?	E	[10, 10, 10, 10]
O??CA?oID@Q_SOQO@o?K_	E	[10, 10, 10, 10]
O??CA?oID@Q_SCQO@o?M?	E	[10, 10, 10, 10]
O??CA?oID@Q_SCPO@o?U?	E	[10, 10, 10, 10]
O??CA?oID@Q_BCT?GW?U?	E	[10, 10, 10, 10]
O??CA?oID@Q_BCR?GW?e?	E	[10, 10, 10, 10]
O??CA?oID@Q_@cU?@WAI?	E	[10, 10, 10, 10]
O??CA?oID@P_U?D_?YAI?	E	[10, 10, 10, 10]
O??CA?oID@P_U?CS?wAK?	E	[10, 10, 10, 10]
O??CA?oID@P_F?SCGW?M?	E	[10, 10, 10, 10]
O??CA?oID@P_Q_D_AIAI?	E	[10, 10, 10, 10]
O??CA?oID@P_Q_OoAg?g_	E	[10, 10, 10, 10]
O??CA?oID@P_E_SCGg?M?	E	[10, 10, 10, 10]
O??CA?oID@P_B_P_IG?a_	E	[10, 10, 10, 10]
O??CA?oID@P_QCT?AW?M?	E	[10, 10, 10, 10]
O??CA?oID@P_QCS_Ag?M?	E	[10, 10, 10, 10]
O??CA?oID@P_QCSOAo?M?	E	[10, 10, 10, 10]
O??CA?oID@P_BCPOIO?e?	E	[10, 10, 10, 10]
O??CA?oID@H_Q__oAg?g_	E	[10, 10, 10, 10]
O??CA?oID@B_B_p?AIAE?	E	[10, 10, 10, 10]
O??CA?oID@WOR?B_Ag?a_	E	[10, 10, 10, 10]
O??CA?oID@WO@oDOH_?o_	E	[10, 10, 10, 10]
O??CA?oID@QOOcR?Ag?Y?	E	[10, 10, 10, 10]
O??CA?oID@POR?OoAg?g_	E	[10, 10, 10, 10]
O??CA?oID@POQCT?Ag?M?	E	[10, 10, 10, 10]
O??CA?oID@OoF?T?@IAE?	E	[10, 10, 10, 10]
O??CA?oID@OoS_F?@IAI?	E	[10, 10, 10, 10]
O??CA?oID@OoQ_F?AIAI?	E	[10, 10, 10, 10]
O??CA?oID@OoP_R?BG?a_	E	[10, 10, 10, 10]
O??CA?oID@OoP_SO@g?o_	E	[10, 10, 10, 10]
O??CA?oID@OoBCR?IG?e?	E	[10, 10, 10, 10]
O??CA?oID@OoOcT?@g?q?	E	[10, 10, 10, 10]
O??CA?oID@OoOcR?Ag?q?	E	[10, 10, 10, 10]
O??CA?oID@OoOcPOB_?q?	E	[10, 10, 10, 10]
O??CA?oID@@oQ_oOAg?g_	E	[10, 10, 10, 10]
O??CA?oID@WGR?BCAo?e?	E	[10, 10, 10, 10]
O??CA?oID@WGP_AoB_?g_	E	[10, 10, 10, 10]
O??CA?oID@GgQOF??qCc?	E	[10, 10, 10, 10]
O??CA?oID@WAT?E_@g?M?	E	[10, 10, 10, 10]
O??CA?oID@WAT?EO@o?M?	E	[10, 10, 10, 10]
O??CA?oID@WAR?F?AW?M?	E	[10, 10, 10, 10]
O??CA?oID@WAR?E_Ag?M?	E	[10, 10, 10, 10]
O??CA?oID@WAR?EOAo?M?	E	[10, 10, 10, 10]
O??CA?oID@WAF?EOGo?M?	E	[10, 10, 10, 10]
O??CA?oID@WAQ_F?Ag?M?	E	[10, 10, 10, 10]
O??CA?oID@WAB_F?AgAE?	E	[10, 10, 10, 10]
O??CA?oID@WASOF?@o?M?	E	[10, 10, 10, 10]
O??CA?oID@WAPODO@o?s?	E	[10, 10, 10, 10]
O??CA?oIC`[?R?BC?w?e?	E	[10, 10, 10, 10]
O??CA?oIC`[?R?Ac?w?i?	E	[10, 10, 10, 10]
O??CA?oIC`[?Q_BCAg?M?	E	[10, 10, 10, 10]
O??CA?oIC`[?P_E_@g?I_	E	[10, 10, 10, 10]
O??CA?oIC`[?BCB_AgAE?	E	[10, 10, 10, 10]
O??CA?oIC`[?BCB_?wAa?	E	[10, 10, 10, 10]
O??CA?oIC`[?ASPO@o?k?	E	[10, 10, 10, 10]
O??CA?oIC`[?ASDO@oAK?	E	[10, 10, 10, 10]
O??CA?oIC`[?@SOo@o?w?	E	[10, 10, 10, 10]
O??CA?oIC`[??sDO@oAW?	E	[10, 10, 10, 10]
O??CA?oIC`T?D_PC?wAQ?	E	[10, 10, 10, 10]
O??CA?oIC`T?QCP_?w?i?	E	[10, 10, 10, 10]
O??CA?oIC`T?BCP_?wAa?	E	[10, 10, 10, 10]
O??CA?oIC`K_q?B_AW?I_	E	[10, 10, 10, 10]
O??CA?oIC`K_q?BC?w?e?	E	[10, 10, 10, 10]
O??CA?oIC`K_q?Ac?w?i?	E	[10, 10, 10, 10]
O??CA?oIC`K_q?@cAg?U?	E	[10, 10, 10, 10]
O??CA?oIC`K_q?@cAW?Y?	E	[10, 10, 10, 10]
O??CA?oIC`K_q?AS?w?k?	E	[10, 10, 10, 10]
O??CA?oIC`I_PO@oPO@O_	E	[10, 10, 10, 10]
O??CA?oIC`D_q?CS?wAK?	E	[10, 10, 10, 10]
O??CA?oIC`B_Aco_Gg@I?	E	[10, 10, 10, 10]
O??CA?oIC`B_@cX?OWAQ?	E	[10, 10, 10, 10]
O??CA?oIC`WOY?@cAg?Y?	E	[10, 10, 10, 10]
O??CA?oIC`KOB_aOAgAG_	E	[10, 10, 10, 10]
O??CA?oIC`KOB_EOOgAG_	E	[10, 10, 10, 10]
O??CA?oIC`Cob?PC@WAa?	E	[10, 10, 10, 10]
O??CA?oIC`Coo_U?@g?I_	E	[10, 10, 10, 10]
O??CA?oIC`Coa_SCGg?Y?	E	[10, 10, 10, 10]
O??CA?oIC`Coa_QCGg?i?	E	[10, 10, 10, 10]
O??CA?oIC`CoQ_EOOgAG_	E	[10, 10, 10, 10]
O??CA?oIC`CoOoU?P_?I_	E	[10, 10, 10, 10]
O??CA?oIC`Aoa_PCCgAQ?	E	[10, 10, 10, 10]
O??CA?oICPL?`_D_AgAA_	E	[10, 10, 10, 10]
O??CA?oICPL?PODOAoCC_	E	[10, 10, 10, 10]
O??CA?oICPL?Ocd?Ag?M?	E	[10, 10, 10, 10]
O??CA?oICPL?@SDOGoCc?	E	[10, 10, 10, 10]
O??CA?oICP@oW_s?Ag?I_	E	[10, 10, 10, 10]
O??CA?oICP@oW_d?AIAI?	E	[10, 10, 10, 10]
O??CA?oICP@oW_oOAg?g_	E	[10, 10, 10, 10]
O??CA?oICP@oW__SAgAg?	E	[10, 10, 10, 10]
O??CA?oICPHGW_`_Ag?g_	E	[10, 10, 10, 10]
O??CA?oICPHGW_@cAgCg?	E	[10, 10, 10, 10]
O??CA?oI@PX?d?CSGo?M?	E	[10, 10, 10, 10]
O??CA?oI@PX?Ocd?Ag?M?	E	[10, 10, 10, 10]
O??CA?oI@PR?s?P_?i?M?	E	[10, 10, 10, 10]
O??CA?oI@PR?s?PO?q?M?	E	[10, 10, 10, 10]
O??CA?oI@PR?`_S_?iAI?	E	[10, 10, 10, 10]
O??CA?oI@PR?`_PCAgAE?	E	[10, 10, 10, 10]
O??CA?oI@PR?`_OcAgAI?	E	[10, 10, 10, 10]
O??CA?oI@PR?oCP_Ag?M?	E	[10, 10, 10, 10]
O??CA?oI@PR?SC`_Gg?M?	E	[10, 10, 10, 10]
O??CA?oI@PR?SCP_Og?M?	E	[10, 10, 10, 10]
O??CA?oI@PP_s?D_?iAE?	E	[10, 10, 10, 10]
O??CA?oI@PP_d?T??YAE?	E	[10, 10, 10, 10]
O??CA?oI@PP_d?PCAWAE?	E	[10, 10, 10, 10]
O??CA?oI@PP_c_T??iAE?	E	[10, 10, 10, 10]
O??CA?oI@PP_c_S_Gg?I_	E	[10, 10, 10, 10]
O??CA?oI@PP_c_D_GgAA_	E	[10, 10, 10, 10]
O??CA?oI@PP_`_D_IGAA_	E	[10, 10, 10, 10]
O??CA?oI@PP_oCT?AW?M?	E	[10, 10, 10, 10]
O??CA?oI@PP_oCS_Ag?M?	E	[10, 10, 10, 10]
O??CA?oI@PP_oCD_AgAE?	E	[10, 10, 10, 10]
O??CA?oI@PP_oCSOAo?M?	E	[10, 10, 10, 10]
O??CA?oI@PP_Ccp?AgAE?	E	[10, 10, 10, 10]
O??CA?oI@PP_CcP_AgEA?	E	[10, 10, 10, 10]
O??CA?oI@PP_@cs?AgAE?	E	[10, 10, 10, 10]
O??CA?oI@PB_s?Oc?wCI?	E	[10, 10, 10, 10]
O??CA?oI@PB_cCp??wAE?	E	[10, 10, 10, 10]
O??CA?oI@PB_cC`_GgAE?	E	[10, 10, 10, 10]
O??CA?oI@PPOo_T??i?i?	E	[10, 10, 10, 10]
O??CA?oI@PPOo_POAa?i?	E	[10, 10, 10, 10]
O??CA?oI@PPO`_SCAgAI?	E	[10, 10, 10, 10]
O??CA?oI@PPO`_DCGgAa?	E	[10, 10, 10, 10]
O??CA?oI@PPOoCT?Ag?M?	E	[10, 10, 10, 10]
O??CA?oI@PPAs?POAo?M?	E	[10, 10, 10, 10]
O??CA?oI@PPAs?DO?wAK?	E	[10, 10, 10, 10]
O??CA?oI@PPAp?T?AW?M?	E	[10, 10, 10, 10]
O??CA?oI@PPAp?SOAo?M?	E	[10, 10, 10, 10]
O??CA?oI@PPAd?T??wAE?	E	[10, 10, 10, 10]
O??CA?oI@PPAd?S_Gg?M?	E	[10, 10, 10, 10]
O??CA?oI@PPAd?SOGo?M?	E	[10, 10, 10, 10]
O??CA?oI@PPAo_POAo?i?	E	[10, 10, 10, 10]
O??CA?oI@PPAoOT?Ao?M?	E	[10, 10, 10, 10]
O??CA?oI@PBAs?`_Gg?M?	T2	-
O??CA?oI@PBAs?P_Og?M?	E	[10, 10, 10, 10]
O??CA?oI@P@ad?T?OWAE?	E	[10, 10, 10, 10]
O??CA?oI?pT?s?P_?i?M?	E	[10, 10, 10, 10]
O??CA?oI?pT?s?PO?q?M?	E	[10, 10, 10, 10]
O??CA?oI?pS_q?PCAW?M?	E	[10, 10, 10, 10]
O??CA?oI?pS_q?OcAg?M?	E	[10, 10, 10, 10]
O??CA?oI?pS_q?@cAgAE?	E	[10, 10, 10, 10]
O??CA?oI?pS_q?OSAo?M?	E	[10, 10, 10, 10]
O??CA?oI?pS_q?CSGo?M?	E	[10, 10, 10, 10]
O??CA?oICH[?R?ECAW?M?	E	[10, 10, 10, 10]
O??CA?oICH[?R?AcAW?i?	E	[10, 10, 10, 10]
O??CA?oICH[?R?ASAW?k?	E	[10, 10, 10, 10]
O??CA?oICH[?S_E_@g?I_	E	[10, 10, 10, 10]
O??CA?oICH[?S_B_@g?a_	E	[10, 10, 10, 10]
O??CA?oICH[?S_DO@o?Q_	E	[10, 10, 10, 10]
O??CA?oICH[?Q_F??w?a_	E	[10, 10, 10, 10]
O??CA?oICH[?Q_EO?w?g_	E	[10, 10, 10, 10]
O??CA?oICH[?Q_BOAo?a_	E	[10, 10, 10, 10]
O??CA?oICH[?Q_BOAW?g_	E	[10, 10, 10, 10]
O??CA?oICH[?Q_ECAg?M?	E	[10, 10, 10, 10]
O??CA?oICH[?Q_BCAg?e?	E	[10, 10, 10, 10]
O??CA?oICH[?Q_ASAg?k?	E	[10, 10, 10, 10]
O??CA?oICH[?P_B_BG?a_	E	[10, 10, 10, 10]
O??CA?oICH[?P_DO@W?o_	E	[10, 10, 10, 10]
O??CA?oICH[?P_Co@g?o_	E	[10, 10, 10, 10]
O??CA?oICH[?SOEO@o?K_	E	[10, 10, 10, 10]
O??CA?oICH[?QOECAo?M?	E	[10, 10, 10, 10]
O??CA?oICH[?POD_@W?o_	E	[10, 10, 10, 10]
O??CA?oICH[?POBOBO?c_	E	[10, 10, 10, 10]
O??CA?oICH[?POCo@o?o_	E	[10, 10, 10, 10]
O??CA?oICH[?OoD_@g?o_	E	[10, 10, 10, 10]
O??CA?oICH[?OoDO@o?o_	E	[10, 10, 10, 10]
O??CA?oICH[?OoAoB_?g_	E	[10, 10, 10, 10]
O??CA?oICHM?q?BC?w?e?	E	[10, 10, 10, 10]
O??CA?oICHM?q?AS?w?k?	E	[10, 10, 10, 10]
O??CA?oICHT?U?PCAW?M?	E	[10, 10, 10, 10]
O??CA?oICHT?Q_SCAg?M?	E	[10, 10, 10, 10]
O??CA?oICHT?Q_PCAW?i?	E	[10, 10, 10, 10]
O??CA?oICHT?B_P_IG?a_	E	[10, 10, 10, 10]
O??CA?oICHT?QOPCAW?k?	E	[10, 10, 10, 10]
O??CA?oICHT?QCT?AW?M?	E	[10, 10, 10, 10]
O??CA?oICHT?QCS_Ag?M?	E	[10, 10, 10, 10]
O??CA?oICHT?QCSO?w?k?	E	[10, 10, 10, 10]
O??CA?oICHT?QCPOAW?k?	E	[10, 10, 10, 10]
O??CA?oICHT?ECT?GW?M?	E	[10, 10, 10, 10]
O??CA?oICHT?ECS_?wAI?	E	[10, 10, 10, 10]
O??CA?oICHT?ECSOGo?M?	E	[10, 10, 10, 10]
O??CA?oICHT?BCPOIO?e?	E	[10, 10, 10, 10]
O??CA?oICHL?aOPOAo?c_	E	[10, 10, 10, 10]
O??CA?oICHF?q?@cAgAE?	E	[10, 10, 10, 10]
O??CA?oICHW_Y?ECAW?M?	E	[10, 10, 10, 10]
O??CA?oICHW_Y?AcAW?i?	E	[10, 10, 10, 10]
O??CA?oICHK_q?E_?w?a_	E	[10, 10, 10, 10]
O??CA?oICHK_q?EO?w?c_	E	[10, 10, 10, 10]
O??CA?oICHK_q?ECAW?M?	E	[10, 10, 10, 10]
O??CA?oICHK_q?AcAW?i?	E	[10, 10, 10, 10]
O??CA?oICHK_q?ASAW?k?	E	[10, 10, 10, 10]
O??CA?oICHK_R?EO?YCc?	E	[10, 10, 10, 10]
O??CA?oICHK_R?AcAWCa?	E	[10, 10, 10, 10]
O??CA?oICHK_R?CS@WCc?	E	[10, 10, 10, 10]
O??CA?oICHK_OoB_AICo?	E	[10, 10, 10, 10]
O??CA?oICHD_R?SO?YCc?	E	[10, 10, 10, 10]
O??CA?oICHD_R?OcQG?e?	E	[10, 10, 10, 10]
O??CA?oICHD_Oc@oJ?Ca?	E	[10, 10, 10, 10]
O??CA?oICHKOq?F??w?a_	E	[10, 10, 10, 10]
O??CA?oICHKOq?BOAo?a_	E	[10, 10, 10, 10]
O??CA?oICHKOq?ECAg?M?	E	[10, 10, 10, 10]
O??CA?oICHKOq?BCAg?e?	E	[10, 10, 10, 10]
O??CA?oICHKOq?CcAg?Y?	E	[10, 10, 10, 10]
O??CA?oICHKOq?ASAg?k?	E	[10, 10, 10, 10]
O??CA?oICHKOq??sAg?w?	E	[10, 10, 10, 10]
O??CA?oICHKOR?e?Ag?E_	E	[10, 10, 10, 10]
O??CA?oICHKOR?e??w?a_	E	[10, 10, 10, 10]
O??CA?oICHKOa_F??iAa?	E	[10, 10, 10, 10]
O??CA?oICHKOa_ASAgAg?	E	[10, 10, 10, 10]
O??CA?oICHKO_oT?@g?o_	E	[10, 10, 10, 10]
O??CA?oICHKO_oQOAa?w?	E	[10, 10, 10, 10]
O??CA?oICHEOa_SCGg?Y?	E	[10, 10, 10, 10]
O??CA?oICHEOa_QCGg?i?	E	[10, 10, 10, 10]
O??CA?oICHPOM?T??iAE?	E	[10, 10, 10, 10]
O??CA?oICHPOM?S_Gg?I_	E	[10, 10, 10, 10]
O??CA?oICHDOb?P_IG?a_	E	[10, 10, 10, 10]
O??CA?oICHCos?Q_@g?a_	E	[10, 10, 10, 10]
O??CA?oICHCop?Q_BG?a_	E	[10, 10, 10, 10]
O??CA?oICHCoo_SO@g?o_	E	[10, 10, 10, 10]
O??CA?oICHCoo_DOHG?o_	E	[10, 10, 10, 10]
O??CA?oICHCoS_cOHG?W_	E	[10, 10, 10, 10]
O??CA?oICHWGY?ECAo?M?	E	[10, 10, 10, 10]
O??CA?oICHWGY?BCAo?e?	E	[10, 10, 10, 10]
O??CA?oICHKGq?ECAo?M?	E	[10, 10, 10, 10]
O??CA?oICHKGq?BCAo?e?	E	[10, 10, 10, 10]
O??CA?oICHGaH_e?AWAQ?	E	[10, 10, 10, 10]
O??CA?oICHGaH_E_QGAQ?	E	[10, 10, 10, 10]
O??CA?oICHGaH__oBGAo?	E	[10, 10, 10, 10]
O??CA?oICHAQB_X?QGAQ?	E	[10, 10, 10, 10]
O??CA?oI?X[?Q_c_Ag?I_	E	[10, 10, 10, 10]
O??CA?oI?X[?Q_cO?w?g_	E	[10, 10, 10, 10]
O??CA?oI?X[?Q_`OAW?g_	E	[10, 10, 10, 10]
O??CA?oI?X[?Q_cCAg?M?	E	[10, 10, 10, 10]
O??CA?oI?XU?q?OS?w?k?	E	[10, 10, 10, 10]
O??CA?oI?XU?q?CS?wAK?	E	[10, 10, 10, 10]
O??CA?oI?XT?s?OS?w?k?	E	[10, 10, 10, 10]
O??CA?oI?XT?o_OoAg?g_	E	[10, 10, 10, 10]
O??CA?oI?XT?o_OSAo?i?	E	[10, 10, 10, 10]
O??CA?oI?XT?c_S_Gg?I_	E	[10, 10, 10, 10]
O??CA?oI?XT?oOOoAo?g_	E	[10, 10, 10, 10]
O??CA?oI?XT?oOOcAo?i?	E	[10, 10, 10, 10]
O??CA?oI?XT?oCSOAo?M?	E	[10, 10, 10, 10]
O??CA?oI?XT?oCOoAo?i?	E	[10, 10, 10, 10]
O??CA?oI?XT?OSOoAoCg?	E	[10, 10, 10, 10]
O??CA?oI?XR?w?OcAg?M?	E	[10, 10, 10, 10]
O??CA?oI?XR?w?@cAgAE?	E	[10, 10, 10, 10]
O??CA?oI?XR?w?CS?wAK?	E	[10, 10, 10, 10]
O??CA?oI?XR?s?@cCgAE?	E	[10, 10, 10, 10]
O??CA?oI?XR?g_T??iAE?	E	[10, 10, 10, 10]
O??CA?oI?XR?g_S_Gg?I_	E	[10, 10, 10, 10]
O??CA?oI?XR?g_SCGg?M?	E	[10, 10, 10, 10]
O??CA?oI?XR?W_oO?w?g_	E	[10, 10, 10, 10]
O??CA?oI?XR?@cS_CgEA?	E	[10, 10, 10, 10]
O??CA?oI?XF?s?OcOg?M?	E	[10, 10, 10, 10]
O??CA?oI?XF?c_`_GgAA_	E	[10, 10, 10, 10]
O??CA?oI?XSOq?SC?w?i?	E	[10, 10, 10, 10]
O??CA?oI?XSOq?PCAW?i?	E	[10, 10, 10, 10]
O??CA?oI?XSOq?DCAWAI?	E	[10, 10, 10, 10]
O??CA?oI?XSOq?OSAg?k?	E	[10, 10, 10, 10]
O??CA?oI?XSOq??sAgAg?	E	[10, 10, 10, 10]
O??CA?oI?XSOb?PCIG?e?	E	[10, 10, 10, 10]
O??CA?oI?XSOb?OcIG?i?	E	[10, 10, 10, 10]
O??CA?oI?XQAE_w?Gg?M?	E	[10, 10, 10, 10]
O??CA?oI?XQAE_p?CgAE?	E	[10, 10, 10, 10]
O??CA?oI?XQAE_o_Gg@I?	E	[10, 10, 10, 10]
O??CA?oI?XQAE_P_CgEA?	E	[10, 10, 10, 10]
O??CA?oI?XQA`_X?BGAE?	E	[10, 10, 10, 10]
O??CA?oICDP_Y?D_AgAA_	E	[10, 10, 10, 10]
O??CA?oICDP_Y??sAgAg?	E	[10, 10, 10, 10]
O??CA?oBF?Y?M?BG?w?E_	E	[10, 10, 10, 10]
O??CA?oBF?CWS_e?@g?H_	E	[10, 10, 10, 10]
O??CA?oBD_M?q?BG?w?E_	E	[10, 10, 10, 10]
O??CA?oBD_M?_oAoH_?H_	E	[10, 10, 10, 10]
O??CA?oBD_KO_oEOH_?H_	E	[10, 10, 10, 10]
O??CA?oBD_EOoGOo@g?W_	E	[10, 10, 10, 10]
O??CA?oBD_EOoGAoH_?I_	E	[10, 10, 10, 10]
O??CA?oBD_EOaGR??wAA_	E	[10, 10, 10, 10]
O??CA?oBD_EOaGQOGo?I_	E	[10, 10, 10, 10]
O??CA?oBDOL?c_CWGg?K_	E	[10, 10, 10, 10]
O??CA?oBDOF?SOPO?sCC_	E	[10, 10, 10, 10]
O??CA?oBDOF?DGOc?wEA?	E	[10, 10, 10, 10]
O??CA?oBDOKGR?@cQO?b?	E	[10, 10, 10, 10]
O??CA?oB@oU?`_R??[AA_	E	[10, 10, 10, 10]
O??CA?oB@oU?`_PC@KAE?	E	[10, 10, 10, 10]
O??CA?oB@oU?QC_WGo?M?	E	[10, 10, 10, 10]
O??CA?oB@oU?@cp?@KAE?	E	[10, 10, 10, 10]
O??CA?oB@oS_R?CgOWAA_	E	[10, 10, 10, 10]
O??CA?oB@oE_b?OWGWCC_	X	[11, 10, 10, 9]
O??CA?oB@oE_aCo_?wAB?	E	[10, 10, 10, 10]
O??CA?oB@oD_cGP_OWAA_	E	[10, 10, 10, 10]
O??CA?oBEC[?K_EO@g?H_	E	[10, 10, 10, 10]
O??CA?oBEC[?K_AWAg?W_	E	[10, 10, 10, 10]
O??CA?oBEC[?KOE_@g?H_	E	[10, 10, 10, 10]
O??CA?oBEC[?CoM?@g?H_	E	[10, 10, 10, 10]
O??CA?oBEC[?GWEOB_?K_	E	[10, 10, 10, 10]
O??CA?oBEC[?CWM?@g?K_	E	[10, 10, 10, 10]
O??CA?oBECSOSOM?@g?H_	E	[10, 10, 10, 10]
O??CA?oBECSOSOM?@c?I_	E	[10, 10, 10, 10]
O??CA?oBECSOKOU?@g?H_	E	[10, 10, 10, 10]
O??CA?oBECSOKOAWH_?g_	E	[10, 10, 10, 10]
O??CA?oBECSOIOSOAc?W_	E	[10, 10, 10, 10]
O??CA?oBECSOCWIOH_?g_	E	[10, 10, 10, 10]
O??CA?oBECWGK_M?@c?I_	T2	-
O??CA?oBECWGGoM?@c?g_	E	[10, 10, 10, 10]
O??CA?oBECWGGoKGB_?W_	E	[10, 10, 10, 10]
O??CA?oBECWGGoEGD_?g_	E	[10, 10, 10, 10]
O??CA?oBECOW[?IG@g?g_	E	[10, 10, 10, 10]
O??CA?oBECOWWOM?@c?g_	E	[10, 10, 10, 10]
O??CA?oBECOWWOEGD_?g_	E	[10, 10, 10, 10]
O??CA?oBECOWKGY?Ag?W_	E	[10, 10, 10, 10]
O??CA?oBDC[?SOEO@c?K_	E	[10, 10, 10, 10]
O??CA?oBDC[?QGB_Ag?a_	E	[10, 10, 10, 10]
O??CA?oBDCY?KOAoH_?H_	E	[10, 10, 10, 10]
O??CA?oBDCY?KOAo@cAG_	E	[10, 10, 10, 10]
O??CA?oBDCU?E_R??kAA_	E	[10, 10, 10, 10]
O??CA?oBDCU?E_QC?kAI?	E	[10, 10, 10, 10]
O??CA?oBDCU?SGQO@g?K_	E	[10, 10, 10, 10]
O??CA?oBDCP_Q_@SIG@`?	E	[10, 10, 10, 10]
O??CA?oBDCQO[?QO@c?I_	E	[10, 10, 10, 10]
O??CA?oBDCQO[?OW@g?W_	E	[10, 10, 10, 10]
O??CA?oBDCQO[?AWH_?I_	E	[10, 10, 10, 10]
O??CA?oBDCQOM?R??kAA_	E	[10, 10, 10, 10]
O??CA?oBDCQOM?QOGc?I_	E	[10, 10, 10, 10]
O??CA?oBDCQOM?QGGg?I_	E	[10, 10, 10, 10]
O??CA?oBDCQOWGSO@g?W_	E	[10, 10, 10, 10]
O??CA?oBDCQOIGU??iAI?	E	[10, 10, 10, 10]
O??CA?oBDCQOIGF?GIAI?	E	[10, 10, 10, 10]
O??CA?oBDCQOIGPCAgAQ?	E	[10, 10, 10, 10]
O??CA?oBDCPOWGCS@gAg?	E	[10, 10, 10, 10]
O??CA?oBDCWG[?EO@o?H_	E	[10, 10, 10, 10]
O??CA?oBE@T?X??sBO?i?	E	[10, 10, 10, 10]
O??CA?oBE@T?J?@oAIAc?	E	[10, 10, 10, 10]
O??CA?oBE@KOi?B_Ag?a_	E	[10, 10, 10, 10]
O??CA?oBE@KOi?EOAo?I_	E	[10, 10, 10, 10]
O??CA?oBE@KOi?EO?w?g_	E	[10, 10, 10, 10]
O??CA?oBE@KOKOAoP_?g_	E	[10, 10, 10, 10]
O??CA?oBE@KOCoIOP_?g_	E	[10, 10, 10, 10]
O??CA?oBE@POM?X?AI?M?	E	[10, 10, 10, 10]
O??CA?oBD@[?U?Co@o?I_	E	[10, 10, 10, 10]
O??CA?oBD@[?U?AoAo?I_	E	[10, 10, 10, 10]
O??CA?oBD@[?S_Co@g?W_	E	[10, 10, 10, 10]
O??CA?oBD@[?S_AoB_?I_	E	[10, 10, 10, 10]
O??CA?oBD@[?Q_EOAo?I_	E	[10, 10, 10, 10]
O??CA?oBD@[?Q_CoB_?I_	E	[10, 10, 10, 10]
O??CA?oBD@[?SOE_@o?I_	E	[10, 10, 10, 10]
O??CA?oBD@[?QOE_Ao?I_	E	[10, 10, 10, 10]
O??CA?oBD@[?OoE_B_?I_	E	[10, 10, 10, 10]
O??CA?oBD@Y?Y?F??w?E_	E	[10, 10, 10, 10]
O??CA?oBD@Y?Y?Co@o?I_	E	[10, 10, 10, 10]
O??CA?oBD@Y?Y?AoAo?I_	E	[10, 10, 10, 10]
O??CA?oBD@Y?Y?AoAg?K_	E	[10, 10, 10, 10]
O??CA?oBD@Y?KOQ_?w?W_	E	[10, 10, 10, 10]
O??CA?oBD@M?q?Co@o?I_	E	[10, 10, 10, 10]
O??CA?oBD@M?Ooa_B_?I_	E	[10, 10, 10, 10]
O??CA?oBD@M?OoE_P_?I_	E	[10, 10, 10, 10]
O??CA?oBD@M?OoAoB_CG_	E	[10, 10, 10, 10]
O??CA?oBD@M?CoQ_Og?W_	E	[10, 10, 10, 10]
O??CA?oBD@X?J?CcAgAE?	E	[10, 10, 10, 10]
O??CA?oBD@X?IOS_Ag?K_	E	[10, 10, 10, 10]
O??CA?oBD@T?U?OoAo?I_	E	[10, 10, 10, 10]
O??CA?oBD@T?R?D_AWAA_	E	[10, 10, 10, 10]
O??CA?oBD@T?F?P_AWAA_	E	[10, 10, 10, 10]
O??CA?oBD@T?Q_D_AgAA_	E	[10, 10, 10, 10]
O??CA?oBD@T?Q_SOAo?I_	E	[10, 10, 10, 10]
O??CA?oBD@T?Q_CoAgAG_	E	[10, 10, 10, 10]
O??CA?oBD@T?E_P_AgAA_	E	[10, 10, 10, 10]
O??CA?oBD@T?B_T?AWAA_	E	[10, 10, 10, 10]
O??CA?oBD@T?B_SCAWAI?	E	[10, 10, 10, 10]
O??CA?oBD@T?QOS_Ao?I_	E	[10, 10, 10, 10]
O??CA?oBD@T?SCD_@WAI?	E	[10, 10, 10, 10]
O??CA?oBD@T?CcU??wAI?	E	[10, 10, 10, 10]
O??CA?oBD@T?CcQ_AgAI?	E	[10, 10, 10, 10]
O??CA?oBD@R?Y?OoAo?I_	E	[10, 10, 10, 10]
O??CA?oBD@R?L?Oc?wAQ?	E	[10, 10, 10, 10]
O??CA?oBD@R?J?P_AWAA_	E	[10, 10, 10, 10]
O??CA?oBD@R?J?PCGW?e?	E	[10, 10, 10, 10]
O??CA?oBD@R?H_R?AWAA_	E	[10, 10, 10, 10]
O??CA?oBD@R?B_X?AWAA_	E	[10, 10, 10, 10]
O??CA?oBD@F?q?OoAo?I_	E	[10, 10, 10, 10]
O??CA?oBD@F?q?@cAgAE?	E	[10, 10, 10, 10]
O??CA?oBD@F?b?OcAWAI?	E	[10, 10, 10, 10]
O??CA?oBD@F?b?CcGWAI?	E	[10, 10, 10, 10]
O??CA?oBD@F?b?@cGWAa?	E	[10, 10, 10, 10]
O??CA?oBD@F?Q_`_AgAA_	E	[10, 10, 10, 10]
O??CA?oBD@F?Q__oAgAG_	E	[10, 10, 10, 10]
O??CA?oBD@F?B_OcQGAI?	E	[10, 10, 10, 10]
O??CA?oBD@F?PCBOGWCc?	E	[10, 10, 10, 10]
O??CA?oBD@F?Aco_AgAI?	E	[10, 10, 10, 10]
O??CA?oBD@F?AcS_OgAI?	E	[10, 10, 10, 10]
O??CA?oBD@KOq?EOAo?I_	E	[10, 10, 10, 10]
O??CA?oBD@KOSOe?@o?I_	E	[10, 10, 10, 10]
O??CA?oBD@KO_oU?@g?g_	E	[10, 10, 10, 10]
O??CA?oBD@KO_oEOH_?g_	E	[10, 10, 10, 10]
O??CA?oBD@KOCoEOP_AG_	E	[10, 10, 10, 10]
O??CA?oBD@QOM?QC?wAI?	E	[10, 10, 10, 10]
O??CA?oBD@QOI_QOI_?I_	E	[10, 10, 10, 10]
O??CA?oBD@EOs?Oo@g?W_	E	[10, 10, 10, 10]
O??CA?oBD@EOe?R??wAA_	E	[10, 10, 10, 10]
O??CA?oBD@EOe?Q_Gg?I_	E	[10, 10, 10, 10]
O??CA?oBD@EOe?QC?wAI?	E	[10, 10, 10, 10]
O??CA?oBD@EOe?PC?wAQ?	E	[10, 10, 10, 10]
O??CA?oBD@EOS_oO@g?W_	E	[10, 10, 10, 10]
O??CA?oBD@EOa_U?Gg?I_	E	[10, 10, 10, 10]
O??CA?oBD@EOa_PCAgAQ?	E	[10, 10, 10, 10]
O??CA?oBD@EOE_q?Gg?I_	E	[10, 10, 10, 10]
O??CA?oBD@EOE_R?OgAA_	E	[10, 10, 10, 10]
O??CA?oBD@EOE_PCOgAQ?	E	[10, 10, 10, 10]
O??CA?oBD@EOOoU?P_?I_	E	[10, 10, 10, 10]
O??CA?oBD@EOOoU?Og?W_	E	[10, 10, 10, 10]
O??CA?oBD@POY?SOAo?I_	E	[10, 10, 10, 10]
O??CA?oBD@POL?R?AWAA_	E	[10, 10, 10, 10]
O??CA?oBD@POJ?T?AWAA_	E	[10, 10, 10, 10]
O??CA?oBD@POJ?PCIG?e?	E	[10, 10, 10, 10]
O??CA?oBD@DOq?SOAg?K_	E	[10, 10, 10, 10]
O??CA?oBD@DOb?T?AWAA_	E	[10, 10, 10, 10]
O??CA?oBD@DO`_SCBGAI?	E	[10, 10, 10, 10]
O??CA?oBD@WGY?E_Ag?K_	E	[10, 10, 10, 10]
O??CA?oBD@WGS_M?@o?I_	E	[10, 10, 10, 10]
O??CA?oBD@KGS_E_@gCG_	E	[10, 10, 10, 10]
O??CA?oBD@KGOoe?@o?g_	E	[10, 10, 10, 10]
O??CA?oBD@KGOoE_Q_?W_	E	[10, 10, 10, 10]
O??CA?oBD@KGOoE_P_?g_	E	[10, 10, 10, 10]
O??CA?oBD@HAI__oAgAg?	E	[10, 10, 10, 10]
O??CA?oB@`[?q?Co?w?W_	E	[10, 10, 10, 10]
O??CA?oB@`[?S_aO?w?W_	E	[10, 10, 10, 10]
O??CA?oB@`[?CoQ_Og?W_	E	[10, 10, 10, 10]
O??CA?oB@`U?q?Oo@o?I_	E	[10, 10, 10, 10]
O??CA?oB@`U?q?AoGo?I_	E	[10, 10, 10, 10]
O??CA?oB@`U?b?Q_?wAA_	E	[10, 10, 10, 10]
O??CA?oB@`U?o_QO@o?I_	E	[10, 10, 10, 10]
O??CA?oB@`U?o_Oo@g?W_	E	[10, 10, 10, 10]
O??CA?oB@`U?a_R??wAA_	E	[10, 10, 10, 10]
O??CA?oB@`U?a_QOGo?I_	E	[10, 10, 10, 10]
O??CA?oB@`U?oOOo@o?W_	E	[10, 10, 10, 10]
O??CA?oB@`U?AcQ_OgAI?	E	[10, 10, 10, 10]
O??CA?oB@`T?d?Q_?wAA_	E	[10, 10, 10, 10]
O??CA?oB@`T?d?QC?wAE?	E	[10, 10, 10, 10]
O??CA?oB@`T?R?D_OWAA_	E	[10, 10, 10, 10]
O??CA?oB@`T?E_p??wAA_	E	[10, 10, 10, 10]
O??CA?oB@`T?B_OcQGAI?	E	[10, 10, 10, 10]
O??CA?oB@`F?oCQ_Og?M?	E	[10, 10, 10, 10]
O??CA?oB@`F?oCP_@WCI?	E	[10, 10, 10, 10]
O??CA?oB@`F?`CQ_OWAI?	E	[10, 10, 10, 10]
O??CA?oB@`F?`CoOHO?M?	E	[10, 10, 10, 10]
O??CA?oB@`F?_cq??wAI?	E	[10, 10, 10, 10]
O??CA?oB@`F?_cp?@gAE?	E	[10, 10, 10, 10]
O??CA?oB@`D_e?P_OWAA_	E	[10, 10, 10, 10]
O??CA?oB@`D_e?OcOWAI?	E	[10, 10, 10, 10]
O??CA?oB@`D_e?Oc?wEA?	E	[10, 10, 10, 10]
O??CA?oB@`D_b?S_?YEA?	E	[10, 10, 10, 10]
O??CA?oB@`D_a_s??iAE?	E	[10, 10, 10, 10]
O??CA?oB@`D_aCS_?wEA?	E	[10, 10, 10, 10]
O??CA?oB@`D_aC`_GWAa?	E	[10, 10, 10, 10]
O??CA?oB@`SOs?Q_@g?I_	E	[10, 10, 10, 10]
O??CA?oB@`SOe?QC?wAI?	E	[10, 10, 10, 10]
O??CA?oB@`SOo_U?@g?I_	E	[10, 10, 10, 10]
O??CA?oB@`SOo_SO@g?W_	E	[10, 10, 10, 10]
O??CA?oB@`SOa_U?Gg?I_	E	[10, 10, 10, 10]
O??CA?oB@`SOa_F?GgAA_	E	[10, 10, 10, 10]
O??CA?oB@`SOa_SOGg?W_	E	[10, 10, 10, 10]
O??CA?oB@`SOa_PCAgAQ?	E	[10, 10, 10, 10]
O??CA?oB@`SOSOq??w?W_	E	[10, 10, 10, 10]
O??CA?oB@`PAY?POAWCK?	E	[10, 10, 10, 10]
O??CA?oB@`PAI_p?AgAE?	E	[10, 10, 10, 10]
O??CA?oB@`PAI_p??wAa?	E	[10, 10, 10, 10]
O??CA?oB@`@ai?S_OWAI?	E	[10, 10, 10, 10]
O??CA?oBCPL?X?CS?wCc?	E	[10, 10, 10, 10]
O??CA?oBCPL?W_`_Ag?a_	E	[10, 10, 10, 10]
O??CA?oBCPF?w?@cAgAE?	E	[10, 10, 10, 10]
O??CA?oBCPF?w?CSGo?M?	E	[10, 10, 10, 10]
O??CA?oBCPF?h?SCGW?M?	E	[10, 10, 10, 10]
O??CA?oBCPF?WOPO?qCc?	E	[10, 10, 10, 10]
O??CA?oBCPD_X?OcQG?e?	E	[10, 10, 10, 10]
O??CA?oBCPD_X?CSGWCc?	E	[10, 10, 10, 10]
O??CA?oBCPD_P_GoIACa?	E	[10, 10, 10, 10]
O??CA?oBCPD_SCDOGWDC?	E	[10, 10, 10, 10]
O??CA?oBCPD_OcGoI_Ca?	E	[10, 10, 10, 10]
O??CA?oBCPDOh?T?AWAA_	E	[10, 10, 10, 10]
O??CA?oBCPDOh?P_IG?a_	E	[10, 10, 10, 10]
O??CA?oBCPDOh?PCIG?e?	E	[10, 10, 10, 10]
O??CA?oBCPDOD_SCSGAI?	E	[10, 10, 10, 10]
O??CA?oBCPOoL?Y?AWAA_	E	[10, 10, 10, 10]
O??CA?oBCPOoL?Y?AIAE?	E	[10, 10, 10, 10]
O??CA?oBCP@oL?w?AIAE?	E	[10, 10, 10, 10]
O??CA?oBCPKAI_d?AWAI?	E	[10, 10, 10, 10]
O??CA?oBCPKAI_D_QGAI?	E	[10, 10, 10, 10]
O??CA?oBCPKAI__oAgAg?	E	[10, 10, 10, 10]
O??CA?oBCPCQY?d??wAa?	E	[10, 10, 10, 10]
O??CA?oBCPCQY?_oAgAg?	E	[10, 10, 10, 10]
O??CA?oBCPCQd?X?@WAa?	E	[10, 10, 10, 10]
O??CA?oB@PU?SOOoOo?W_	E	[10, 10, 10, 10]
O??CA?oB@PX?c_L??iAE?	E	[10, 10, 10, 10]
O??CA?oB@PX?S_H_AICI?	E	[10, 10, 10, 10]
O??CA?oB@PT?s?CSGo?M?	E	[10, 10, 10, 10]
O??CA?oB@PT?d?T??YAE?	E	[10, 10, 10, 10]
O??CA?oB@PT?`_T?AIAE?	E	[10, 10, 10, 10]
O??CA?oB@PT?`_SCAWAI?	E	[10, 10, 10, 10]
O??CA?oB@PT?oCT?AW?M?	E	[10, 10, 10, 10]
O??CA?oB@PT?oCD_AgAE?	E	[10, 10, 10, 10]
O??CA?oB@PT?oCSOAo?M?	E	[10, 10, 10, 10]
O??CA?oB@PR?w?D_?iAE?	E	[10, 10, 10, 10]
O??CA?oB@PR?w?@cAgAE?	E	[10, 10, 10, 10]
O??CA?oB@PR?w?CS?wAK?	E	[10, 10, 10, 10]
O??CA?oB@PR?s?@cCgAE?	E	[10, 10, 10, 10]
O??CA?oB@PR?L?Oc?wEA?	E	[10, 10, 10, 10]
O??CA?oB@PR?S__oGg@G_	E	[10, 10, 10, 10]
O??CA?oB@PR?`_T?CWAA_	E	[10, 10, 10, 10]
O??CA?oB@PR?`_T?CIAE?	E	[10, 10, 10, 10]
O??CA?oB@PR?D_p?CIAE?	E	[10, 10, 10, 10]
O??CA?oB@PR?D_OcSGAI?	E	[10, 10, 10, 10]
O??CA?oB@PR?SOPO?qDC?	E	[10, 10, 10, 10]
O??CA?oB@PR?SOOoOo@G_	E	[10, 10, 10, 10]
O??CA?oB@PR?@cS_SGAI?	E	[10, 10, 10, 10]
O??CA?oB@PE_b?S_?YEA?	E	[10, 10, 10, 10]
O??CA?oB@PE_`_q?AIAE?	E	[10, 10, 10, 10]
O??CA?oB@PE_`_oCBGAE?	E	[10, 10, 10, 10]
O??CA?oB@PE_`CS_@WEA?	E	[10, 10, 10, 10]
O??CA?oB@PE__cp?BGAE?	E	[10, 10, 10, 10]
O??CA?oB@PP_Ccs??wBA?	E	[10, 10, 10, 10]
O??CA?oB@PD_p?OcQG?e?	E	[10, 10, 10, 10]
O??CA?oB@PD_`Co_AWAa?	E	[10, 10, 10, 10]
O??CA?oB@PD_`Cc_GWAa?	E	[10, 10, 10, 10]
O??CA?oB@PD_`CS_AWEA?	E	[10, 10, 10, 10]
O??CA?oB@PB_k?OcOWAI?	E	[10, 10, 10, 10]
O??CA?oB@PB__cs??wBA?	E	[10, 10, 10, 10]
O??CA?oB@PSOd?PCAWAQ?	E	[10, 10, 10, 10]
O??CA?oB@PSOd?PC@WAa?	E	[10, 10, 10, 10]
O??CA?oB@PSOo_SO@g?g_	E	[10, 10, 10, 10]
O??CA?oB@PSOo_EOGg?g_	E	[10, 10, 10, 10]
O??CA?oB@PSO`_SCAgAQ?	E	[10, 10, 10, 10]
O??CA?oB@PSO`_QCAgAa?	E	[10, 10, 10, 10]
O??CA?oB@PSO`_OSI_?q?	E	[10, 10, 10, 10]
O??CA?oB@PPOw?SO?w?g_	E	[10, 10, 10, 10]
O??CA?oB@PPOs?L??iAE?	E	[10, 10, 10, 10]
O??CA?oB@PPOh?PCIG?e?	E	[10, 10, 10, 10]
O??CA?oB@PPOd?X?AIAE?	E	[10, 10, 10, 10]
O??CA?oB@PPOd?SCCWAI?	E	[10, 10, 10, 10]
O??CA?oB@PQAU?POCWCK?	E	[10, 10, 10, 10]
O??CA?oB@PQAT?B_OWBA?	E	[10, 10, 10, 10]
O??CA?oB@PQAE_w?Gg?M?	E	[10, 10, 10, 10]
O??CA?oB@PQAE_o_Gg@I?	E	[10, 10, 10, 10]
O??CA?oB@PQAE_W_GgCI?	E	[10, 10, 10, 10]
O??CA?oB@PQAD_Q_OgBA?	E	[10, 10, 10, 10]
O??CA?oB@POaT?E_OWBA?	E	[10, 10, 10, 10]
O??CA?oB@POaD_U?OWBA?	E	[10, 10, 10, 10]
O??CA?oB@PAae?w?GW?M?	E	[10, 10, 10, 10]
O??CA?oB@PAac_q?CWAI?	E	[10, 10, 10, 10]
O??CA?oB?XSAI_o_IG?i?	E	[10, 10, 10, 10]
O??CA?oBCD[?KOQO@o?g_	E	[10, 10, 10, 10]
O??CA?oBCDU?I_R?AgAA_	E	[10, 10, 10, 10]
O??CA?oBCDT?U?D_CgAA_	E	[10, 10, 10, 10]
O??CA?oBCDT?W_EOGg?g_	E	[10, 10, 10, 10]
O??CAAAWDCIAKGF?@g?Y?	T2	-
O??CAAAWDCIAIGF?@g?i?	E	[10, 10, 10, 10]
O??CAAAWDCIACWF?D_?Y?	E	[10, 10, 10, 10]
O??CAAAWB?oWKOF?B_?X?	T2	-
O??CAAAK@oE_a_QGGg?I_	T2	-
O??CAAAK@oE_a_BGGgAA_	E	[10, 10, 10, 10]
O??CAAAKECL?J?BOAK?g_	E	[10, 10, 10, 10]
O??CAAAKECL?HOBOBC?g_	E	[10, 10, 10, 10]
O??CAAAKECL?HOCWB_?W_	E	[10, 10, 10, 10]
O??CAAAKECH_BGIOE_?a_	E	[10, 10, 10, 10]
O??CAAAKECH_BGBOEG@__	E	[10, 10, 10, 10]
O??CAAAKECH_AWHOB_@__	E	[10, 10, 10, 10]
O??CAAAKECH_AWBOE_@__	E	[10, 10, 10, 10]
O??CAAAKECKGJ?BOBC?g_	E	[10, 10, 10, 10]
O??CAAAKECKGBOBGB_@__	E	[10, 10, 10, 10]
O??CAAAKECHGHOKGB_?W_	E	[10, 10, 10, 10]
O??CAAAKECHGBGJ?E_?a_	E	[10, 10, 10, 10]
O??CAAAKECHGBGBOE_@__	E	[10, 10, 10, 10]
O??CAAAKECKCCSJ?@g?w?	T2	-
O??CAAAKECKCASL?@g?w?	E	[10, 10, 10, 10]
O??CAAAKECKCASJ?Ag?w?	E	[10, 10, 10, 10]
O??CAAAKECKCASHOB_?w?	E	[10, 10, 10, 10]
O??CAAAKECHCJ?HOBG?g_	E	[10, 10, 10, 10]
O??CAAAKECHCBOJ?EG?g_	E	[10, 10, 10, 10]
O??CAAAKECHCBOJ?Ag@__	E	[10, 10, 10, 10]
O??CAAAKECHCBOBOE_@__	E	[10, 10, 10, 10]
O??CAAAKECHCICBOAg@g?	E	[10, 10, 10, 10]
O??CAAAKECHCBCIOAg@g?	E	[10, 10, 10, 10]
O??CAAAKECHCBCBOEG@g?	T2	-
O??CAAAKECHCASJ?Ag@g?	E	[10, 10, 10, 10]
O??CAAAKECDCJ?BOIG?g_	E	[10, 10, 10, 10]
O??CAAAKECDCHOBOJ??g_	E	[10, 10, 10, 10]
O??CAAAKEC@cY?BOE_?a_	E	[10, 10, 10, 10]
O??CAAAKECCKBOJ?J??g_	E	[10, 10, 10, 10]
O??CAAAKEC@KWOJ?B_?g_	E	[10, 10, 10, 10]
O??CAAAKEC@KBOX?F??g_	E	[10, 10, 10, 10]
O??CAAAKECEAY?BO@g?h?	E	[10, 10, 10, 10]
O??CAAAKEC@IY?HOAc?w?	E	[10, 10, 10, 10]
O??CAAAKDCL?T?EO?k?W_	E	[10, 10, 10, 10]
O??CAAAKDCL?R?@WAg?o_	E	[10, 10, 10, 10]
O??CAAAKDCL?SGF??i?Y?	E	[10, 10, 10, 10]
O??CAAAKDCL?SGDO@a?Y?	E	[10, 10, 10, 10]
O??CAAAKDCL?SGDC@g?Y?	E	[10, 10, 10, 10]
O??CAAAKDCL?@WSO@a?w?	E	[10, 10, 10, 10]
O??CAAAKDCF?SGR??i?Y?	E	[10, 10, 10, 10]
O??CAAAKDCF?SGPO@a?Y?	E	[10, 10, 10, 10]
O??CAAAKDCD_QGBOIG?g_	E	[10, 10, 10, 10]
O??CAAAKDCD_QCAWAgAg?	E	[10, 10, 10, 10]
O??CAAAKDCKGU?DC@c?Y?	E	[10, 10, 10, 10]
O??CAAAKDCKGR?BGB_?a_	E	[10, 10, 10, 10]
O??CAAAKDCKCU?F??i?Y?	E	[10, 10, 10, 10]
O??CAAAKDCKCR?EC@g?i?	E	[10, 10, 10, 10]
O??CAAAKDCKCR?BCBG?i?	E	[10, 10, 10, 10]
O??CAAAKDCKCR?CSB_?Y?	E	[10, 10, 10, 10]
O??CAAAKDCKCR?ASB_?i?	E	[10, 10, 10, 10]
O??CAAAKDCKCQODCB_?Y?	E	[10, 10, 10, 10]
O??CAAAKDCECU?R??i?Y?	E	[10, 10, 10, 10]
O??CAAAKDCECU?PO@a?Y?	E	[10, 10, 10, 10]
O??CAAAKDCECU?PC@g?Y?	T2	-
O??CAAAKDCECSOR?@a?Y?	E	[10, 10, 10, 10]
O??CAAAKDCECSCR?@g?Y?	T2	-
O??CAAAKDCECECR?@gAI?	T2	-
O??CAAAKDCHCR?HOBG?g_	E	[10, 10, 10, 10]
O??CAAAKDCHCPOJ?BG?g_	E	[10, 10, 10, 10]
O??CAAAKDC@cY?BOAgA__	E	[10, 10, 10, 10]
O??CAAAKDCGKR?J?BG?g_	E	[10, 10, 10, 10]
O??CAAAKDCGKR?BOB_@__	E	[10, 10, 10, 10]
O??CAAAKDCKACWBOB_AW?	E	[10, 10, 10, 10]
O??CAAAKDCKAAWBOB_Ag?	E	[10, 10, 10, 10]
O??CAAAKDCIACWBOD_AW?	E	[10, 10, 10, 10]
O??CAAAKDCEAU?R?@g?J?	E	[10, 10, 10, 10]
O??CAAAKDCHA[?BGAg?Y?	E	[10, 10, 10, 10]
O??CAAAKDCHAX?AWB_?i?	E	[10, 10, 10, 10]
O??CAAAKDCHAR?M?Ag?J?	E	[10, 10, 10, 10]
O??CAAAKDCDASGR?Ag?Y?	E	[10, 10, 10, 10]
O??CAAAKDCDASGPOB_?Y?	E	[10, 10, 10, 10]
O??CAAAKDCDAPGT?@g?q?	E	[10, 10, 10, 10]
O??CAAAKDCDADGT?@gAQ?	E	[10, 10, 10, 10]
O??CAAAKDCDAOWT?@g?w?	E	[10, 10, 10, 10]
O??CAAAKDCBA[?PO@c?Y?	E	[10, 10, 10, 10]
O??CAAAKDCBAM?R?Gg?J?	E	[10, 10, 10, 10]
O??CAAAKDCBAJ?QGGg?i?	E	[10, 10, 10, 10]
O??CAAAKDCBAF?J?GgAB?	E	[10, 10, 10, 10]
O??CAAAKDCBASGR?Cg?Y?	E	[10, 10, 10, 10]
O??CAAAKDCBASGPOD_?Y?	E	[10, 10, 10, 10]
O??CAAAKDC@aY?AWAgAg?	E	[10, 10, 10, 10]
O??CAAAKDC@aM?BGGgAa?	E	[10, 10, 10, 10]
O??CAAAKDC@aJ?QGIG?i?	E	[10, 10, 10, 10]
O??CAAAKDC@aJ?EGIGAI?	E	[10, 10, 10, 10]
O??CE@_K?WIGGce?@c?KO	E	[10, 10, 10, 10]
O??CB@_c?WIGGgaCAo?WO	E	[10, 10, 10, 10]
O??CB@Oa?WDASODGCoCCO	E	[10, 10, 10, 10]
O??CB@Oa?WDAPODAASDC?	E	[10, 10, 10, 10]
O??CB@OI?gGgEAgC?sCS?	E	[10, 10, 10, 10]
O??CCD_S?WSOKOQCAc?WO	E	[10, 10, 10, 10]
O??CCD_S?WSOSGM?@g?Go	E	[10, 10, 10, 10]
O??CCD_S?WSOSGEOD_?Go	E	[10, 10, 10, 10]
O??CCD_S?WSOKGU?@g?Go	E	[10, 10, 10, 10]
O??CCD_S?WPOBOHAECA__	E	[10, 10, 10, 10]
O?AA@?OaF?J?AS@oCc?d?	E	[10, 10, 10, 10]
O?AA@?OaF?J?ASGW?s?k?	E	[10, 10, 10, 10]
O?AA@?OaF?J?AK@gAW@I?	E	[10, 10, 10, 10]
O?AA@?OaF?DOBOT??M?d?	E	[10, 10, 10, 10]
O?AA@?OaF?DOECOg?k?i?	E	[10, 10, 10, 10]
O?AA@?OaF?DOCcT?@K?J?	E	[10, 10, 10, 10]
O?AA@?OaF?DOCcQG?k?i?	E	[10, 10, 10, 10]
O?AA@?OaF?IAJ?Ao?k?d?	E	[10, 10, 10, 10]
O?AA@?OaF?IAJ?@o@K?d?	E	[10, 10, 10, 10]
O?AA@?OaF?IAJ?BG?[?e?	E	[10, 10, 10, 10]
O?AA@?OaF?IAI_Cg?k?Y?	E	[10, 10, 10, 10]
O?AA@?OaF?IAE_HG@g?F?	E	[10, 10, 10, 10]
O?AA@?OaF?IAE_BG?[@I?	E	[10, 10, 10, 10]
O?AA@?OaF?IAE_@g@K@I?	E	[10, 10, 10, 10]
O?AA@?OaF?IAIOB_?k?d?	E	[10, 10, 10, 10]
O?AA@?OaF?IAIOAW?s?k?	E	[10, 10, 10, 10]
O?AA@?OaF?IAEO@o@c@D?	E	[10, 10, 10, 10]
O?AA@?OaF?IAEOHG@o?F?	E	[10, 10, 10, 10]
O?AA@?OaF?IAEO@W@S@K?	E	[10, 10, 10, 10]
O?AA@?OaF?IAHOB_?[?p?	E	[10, 10, 10, 10]
O?AA@?OaF?IAHO@W@S?s?	E	[10, 10, 10, 10]
O?AA@?OaF?IADOIG@o?F?	E	[10, 10, 10, 10]
O?AA@?OaF?IADOAW?s@S?	E	[10, 10, 10, 10]
O?AA@?OaF?IAGoB_?k?p?	E	[10, 10, 10, 10]
O?AA@?OaF?IAGo?w@c?w?	E	[10, 10, 10, 10]
O?AA@?OaF?IACoAW?s@W?	E	[10, 10, 10, 10]
O?AA@?OaF?IAGWAWAo?[?	E	[10, 10, 10, 10]
O?AA@?OaF?CQS_F?@K?J?	E	[10, 10, 10, 10]
O?AA@?OaF?CQS_EO?k?X?	E	[10, 10, 10, 10]
O?AA@?OaF?CQS_EG?k?Y?	E	[10, 10, 10, 10]
O?AA@?OaF?CQS_CW@g?X?	E	[10, 10, 10, 10]
O?AA@?OaF?CQQ_EGAg?J?	E	[10, 10, 10, 10]
O?AA@?OaF?CQSO?wB_?X?	E	[10, 10, 10, 10]
O?AA@?OaF?CQQOCoAc?X?	E	[10, 10, 10, 10]
O?AA@?OaF?CQPOCoBC?X?	E	[10, 10, 10, 10]
O?AA@?OaF?AQSOIO@c?L?	E	[10, 10, 10, 10]
O?AA@?OaF?AQSOHO@c?T?	E	[10, 10, 10, 10]
O?AA@?OaF?AQOoBOCc?p?	E	[10, 10, 10, 10]
O?AA@?OaF??YS_HGBC?Y?	E	[10, 10, 10, 10]
O?AA@?OaF??YS_GWB_?X?	E	[10, 10, 10, 10]
O?AA@?OaF??YK_OWB_?X?	E	[10, 10, 10, 10]
O?AA@?OaF??YI_U?Ac?J?	E	[10, 10, 10, 10]
O?AA@?OaF??YI_SGAc?Y?	E	[10, 10, 10, 10]
O?AA@?OaF??YI_CWAcAW?	E	[10, 10, 10, 10]
O?AA@?OaB_AWGgQO@aCH?	E	[10, 10, 10, 10]
O?AA@?OaEOF?H_PGAI?F?	E	[10, 10, 10, 10]
O?AA@?OaEOF?HOD_GE?F?	E	[10, 10, 10, 10]
O?AA@?OaEOF?HO@WASAC_	E	[10, 10, 10, 10]
O?AA@?OaEOD_T?Go?M?d?	E	[10, 10, 10, 10]
O?AA@?OaEOD_T?GKAW?F?	E	[10, 10, 10, 10]
O?AA@?OaEOD_S_@gAK@A_	E	[10, 10, 10, 10]
O?AA@?OaEOD_POKCAS?F?	E	[10, 10, 10, 10]
O?AA@?OaEOD_DOGWASAC_	E	[10, 10, 10, 10]
O?AA@?OaEOD_OoDOCE?d?	E	[10, 10, 10, 10]
O?AA@?OaEOD_GoCc?kA`?	E	[10, 10, 10, 10]
O?AA@?OaEOD_@oSOCE?d?	E	[10, 10, 10, 10]
O?AA@?OaEOD_DGCgGW@A_	E	[10, 10, 10, 10]
O?AA@?OaEOD_DGCWCWAC_	E	[10, 10, 10, 10]
O?AA@?OaEOKAM?D_?k?F?	E	[10, 10, 10, 10]
O?AA@?OaEOKAM?DO?s?F?	E	[10, 10, 10, 10]
O?AA@?OaEOKAM?DG?w?F?	E	[10, 10, 10, 10]
O?AA@?OaEOKAF?Cg?k@E?	E	[10, 10, 10, 10]
O?AA@?OaEOKAKOCW?s?[?	E	[10, 10, 10, 10]
O?AA@?OaEOKAHOF?AS?F?	E	[10, 10, 10, 10]
O?AA@?OaEOKAHODOAS?T?	E	[10, 10, 10, 10]
O?AA@?OaEOKAGoE_Ac?J?	E	[10, 10, 10, 10]
O?AA@?OaEOKAGoCoAc?X?	E	[10, 10, 10, 10]
O?AA@?OaEOKAKGCW?w?[?	E	[10, 10, 10, 10]
O?AA@?OaEOKAEGCW?w@K?	E	[10, 10, 10, 10]
O?AA@?OaEOEASOHO?s?T?	E	[10, 10, 10, 10]
O?AA@?OaEOEASOGo?s?X?	E	[10, 10, 10, 10]
O?AA@?OaEODA[?@o?k?d?	E	[10, 10, 10, 10]
O?AA@?OaEODAT?@oCK?d?	E	[10, 10, 10, 10]
O?AA@?OaEODAP_DOCK?d?	E	[10, 10, 10, 10]
O?AA@?OaEODAH_SO?k?d?	E	[10, 10, 10, 10]
O?AA@?OaEODASO@oCc?d?	E	[10, 10, 10, 10]
O?AA@?OaEODASOGW?s?k?	E	[10, 10, 10, 10]
O?AA@?OaEODAPOKO?s?d?	E	[10, 10, 10, 10]
O?AA@?OaEODAOoDOCc?d?	E	[10, 10, 10, 10]
O?AA@?OaEOCa[?Ao?s?b?	E	[10, 10, 10, 10]
O?AA@?OaEOGQK_EO?k@H?	E	[10, 10, 10, 10]
O?AA@?OaEOCQ[?@o@c?b?	E	[10, 10, 10, 10]
O?AA@?OaEOCQWOD_@c?b?	E	[10, 10, 10, 10]
O?AA@?OaEO@QX?DO?[@`?	E	[10, 10, 10, 10]
O?AA@?OaEO@QW_HOAc?b?	E	[10, 10, 10, 10]
O?AA@?OaEO@QW_DO?k@`?	E	[10, 10, 10, 10]
O?AA@?OaEO@QK_HOGc?b?	E	[10, 10, 10, 10]
O?AA@?OaEOCI[?AW?s?k?	E	[10, 10, 10, 10]
O?AA@?OaEOCIW_E_Ac?J?	E	[10, 10, 10, 10]
O?AA@?OaBOM?BC`G?[?e?	E	[10, 10, 10, 10]
O?AA@?OaBODOcCOg?k?i?	E	[10, 10, 10, 10]
O?AA@?OaBOCoT?AKOK?e?	E	[10, 10, 10, 10]
O?AA@?OaBO@WH_d?GK?`_	E	[10, 10, 10, 10]
O?AA@?OaEGM?CSIO@S?L?	E	[10, 10, 10, 10]
O?AA@?OaEGL?F?CS?[@D?	E	[10, 10, 10, 10]
O?AA@?OaEGL?E_DO?M@D?	E	[10, 10, 10, 10]
O?AA@?OaEGL?BOK_?U?b?	E	[10, 10, 10, 10]
O?AA@?OaEGL?BOCo?U@`?	E	[10, 10, 10, 10]
O?AA@?OaEGL?BOKCAS?F?	E	[10, 10, 10, 10]
O?AA@?OaEGL?AoDO?U@`?	E	[10, 10, 10, 10]
O?AA@?OaEGL?AoCSCS?h?	E	[10, 10, 10, 10]
O?AA@?OaEGL?KCAo?s?b?	E	[10, 10, 10, 10]
O?AA@?OaEGL?KCBG?[?e?	E	[10, 10, 10, 10]
O?AA@?OaEGL?ECDOCS?F?	E	[10, 10, 10, 10]
O?AA@?OaEGL?ECCg?k@E?	E	[10, 10, 10, 10]
O?AA@?OaEGL?AS@oEC?d?	E	[10, 10, 10, 10]
O?AA@?OaEGD_AoK_GE?b?	E	[10, 10, 10, 10]
O?AA@?OaEGD_AoSOCE?d?	E	[10, 10, 10, 10]
O?AA@?OaEGKOIOEC?k?d?	E	[10, 10, 10, 10]
O?AA@?OaEGKOKCAg?k?q?	E	[10, 10, 10, 10]
O?AA@?OaEGHOIOKC?[?h?	E	[10, 10, 10, 10]
O?AA@?OaEG@oY?Co?M@`?	E	[10, 10, 10, 10]
O?AA@?OaEG@oW_EO?M@`?	E	[10, 10, 10, 10]
O?AA@?OaEG@oI_SO?M@`?	E	[10, 10, 10, 10]
O?AA@?OaEG@oIO[??U?b?	E	[10, 10, 10, 10]
O?AA@?OaEG@oIOK_GE?b?	E	[10, 10, 10, 10]
O?AA@?OaEGKGI_F??[?`_	E	[10, 10, 10, 10]
O?AA@?OaEGKGI_EC?[?h?	E	[10, 10, 10, 10]
O?AA@?OaEGKGI_Cc@K?h?	E	[10, 10, 10, 10]
O?AA@?OaEGKGKCB_@S?b?	E	[10, 10, 10, 10]
O?AA@?OaEGKGKC@W@S?s?	E	[10, 10, 10, 10]
O?AA@?OaEGKGICD_@S?b?	E	[10, 10, 10, 10]
O?AA@?OaEGKGICD_?[?p?	E	[10, 10, 10, 10]
O?AA@?OaEGKGICDOAS?T?	E	[10, 10, 10, 10]
O?AA@?OaEGCgM?AWASAC_	E	[10, 10, 10, 10]
O?AA@?OaEGCgI_U??M?d?	E	[10, 10, 10, 10]
O?AA@?OaEGCgKOOgBC?S_	E	[10, 10, 10, 10]
O?AA@?OaEGCgIOCc@SA`?	E	[10, 10, 10, 10]
O?AA@?OaEGKAM?BG?[?e?	E	[10, 10, 10, 10]
O?AA@?OaEGKAL?E_@K?F?	E	[10, 10, 10, 10]
O?AA@?OaEGKAL?EO@S?F?	E	[10, 10, 10, 10]
O?AA@?OaEGKAL?EG@W?F?	E	[10, 10, 10, 10]
O?AA@?OaEGKAF?AgAK@E?	E	[10, 10, 10, 10]
O?AA@?OaEGKAI_F?AK?F?	E	[10, 10, 10, 10]
O?AA@?OaEGKAI_EO?[?h?	E	[10, 10, 10, 10]
O?AA@?OaEGKAB_EO?[@`?	E	[10, 10, 10, 10]
O?AA@?OaEGKAKOCW@S?[?	E	[10, 10, 10, 10]
O?AA@?OaEGKAIOF?AS?F?	E	[10, 10, 10, 10]
O?AA@?OaEGKADGCW@W@S?	E	[10, 10, 10, 10]
O?AA@?OaCWL?T?Go?M?d?	E	[10, 10, 10, 10]
O?AA@?OaCWL?T?CSCS?F?	E	[10, 10, 10, 10]
O?AA@?OaCWL?T?GKAW?F?	E	[10, 10, 10, 10]
O?AA@?OaCWL?SCGo?k?d?	E	[10, 10, 10, 10]
O?AA@?OaCWL?GcT?AK?F?	E	[10, 10, 10, 10]
O?AA@?OaCWH_[?Go?M?d?	E	[10, 10, 10, 10]
O?AA@?OaCWH_[?Co?M@D?	E	[10, 10, 10, 10]
O?AA@?OaCWH_[?CS?[@D?	E	[10, 10, 10, 10]
O?AA@?OaCWH_W_KO?M?d?	E	[10, 10, 10, 10]
O?AA@?OaCWH_W_Co?M@`?	E	[10, 10, 10, 10]
O?AA@?OaCWH_W_CcAK@B?	E	[10, 10, 10, 10]
O?AA@?OaCWH_OcK_CK?b?	E	[10, 10, 10, 10]
O?AA@?OaCWHOHO[??M?d?	E	[10, 10, 10, 10]
O?AA@?OaCWHOWCL?AK?F?	E	[10, 10, 10, 10]
O?AA@?OaCWGoY?Co?M@`?	E	[10, 10, 10, 10]
O?AA@?OaCWGoW_EOCK?`_	E	[10, 10, 10, 10]
O?AA@?OaCWGoW_EO?M@`?	E	[10, 10, 10, 10]
O?AA@?OaCWGoWOM??U?b?	E	[10, 10, 10, 10]
O?AA@?OaCWGoWOK_@E?b?	E	[10, 10, 10, 10]
O?AA@?OaCWHA[?DO?[@D?	E	[10, 10, 10, 10]
O?AA@?OaCWHAX?KGAW?F?	E	[10, 10, 10, 10]
O?AA@?OaCWHAL?GoGS?b?	E	[10, 10, 10, 10]
O?AA@?OaCWHAW_HOAS?b?	E	[10, 10, 10, 10]
O?AA@?OaCWHAP_K_CK?b?	E	[10, 10, 10, 10]
O?AA@?OaCWHAH_CoGK@`?	E	[10, 10, 10, 10]
O?AA@?OaCWHAHOK_?[A`?	E	[10, 10, 10, 10]
O?AA@?OaAWL?d?CSCS?F?	E	[10, 10, 10, 10]
O?AA@?OaECM?CSIO@c?L?	E	[10, 10, 10, 10]
O?AA@?OaECM?CSHO@c?T?	E	[10, 10, 10, 10]
O?AA@?OaECL?BOL??M?d?	E	[10, 10, 10, 10]
O?AA@?OaECL?KCCg?k?Y?	E	[10, 10, 10, 10]
O?AA@?OaECL?KCAg?k?i?	E	[10, 10, 10, 10]
O?AA@?OaECK_L?AS@S?b?	E	[10, 10, 10, 10]
O?AA@?OaECK_F?AKAK@E?	E	[10, 10, 10, 10]
O?AA@?OaECK_BOM??U?b?	E	[10, 10, 10, 10]
O?AA@?OaECK_DGEG@I@E?	E	[10, 10, 10, 10]
O?AA@?OaECK_KCCg@K?Y?	E	[10, 10, 10, 10]
O?AA@?OaECKGKCCg@g?X?	E	[10, 10, 10, 10]
O?AA@?OaECKGKC?wB_?X?	E	[10, 10, 10, 10]
O?AA@?OaECKAM?D_?k?R?	E	[10, 10, 10, 10]
O?AA@?OaECKAM?Cg?k?Y?	E	[10, 10, 10, 10]
O?AA@?OaECKAL?Cg@K?Y?	E	[10, 10, 10, 10]
O?AA@?OaECKAL?@g@K?q?	E	[10, 10, 10, 10]
O?AA@?OaECKAJ?F?AK?F?	E	[10, 10, 10, 10]
O?AA@?OaECKAJ?E_AK?J?	E	[10, 10, 10, 10]
O?AA@?OaECKAJ?EO?k?d?	E	[10, 10, 10, 10]
O?AA@?OaECKAK_F??k?R?	E	[10, 10, 10, 10]
O?AA@?OaECKAK_DO@K?X?	E	[10, 10, 10, 10]
O?AA@?OaECKAK_EG?k?Y?	E	[10, 10, 10, 10]
O?AA@?OaECKAK_DG@g?R?	E	[10, 10, 10, 10]
O?AA@?OaECKAK_CW@g?X?	E	[10, 10, 10, 10]
O?AA@?OaECKAD_DO@K@P?	E	[10, 10, 10, 10]
O?AA@?OaECKAD_EG?k@Q?	E	[10, 10, 10, 10]
O?AA@?OaECKAD_BGAK@Q?	E	[10, 10, 10, 10]
O?AA@?OaECKAKOD_@c?R?	E	[10, 10, 10, 10]
O?AA@?OaECKAKOCg@c?Y?	E	[10, 10, 10, 10]
O?AA@?OaECKAIOE_Ac?J?	E	[10, 10, 10, 10]
O?AA@?OaECKAIOEOAc?L?	E	[10, 10, 10, 10]
O?AA@?OaECKAHOD_BC?R?	E	[10, 10, 10, 10]
O?AA@?OaECKAHOEO@c?d?	E	[10, 10, 10, 10]
O?AA@?OaECKAHODOBC?T?	E	[10, 10, 10, 10]
O?AA@?OaECKAKGD_@g?R?	E	[10, 10, 10, 10]
O?AA@?OaECKAKGCo@g?X?	E	[10, 10, 10, 10]
O?AA@?OaECKAKGCW@g?[?	E	[10, 10, 10, 10]
O?AA@?OaECKACgF??k@Q?	E	[10, 10, 10, 10]
O?AA@?OaECHAM?CoCc?J?	E	[10, 10, 10, 10]
O?AA@?OaECCIY?E_Ac?J?	E	[10, 10, 10, 10]
O?AA@?OaECCIY?DO@c?d?	E	[10, 10, 10, 10]
O?AA@?OaBCM?E_AW?iCH?	E	[10, 10, 10, 10]
O?AA@?OaBCIOM?AW?kCG_	E	[10, 10, 10, 10]
O?AA@?OaBCIOM?AW?iCH?	E	[10, 10, 10, 10]
O?AA@?OaBCHO@ScODC?h?	E	[10, 10, 10, 10]
O?AA@?OaBCKGd?B_@K?`_	E	[10, 10, 10, 10]
O?AA@?OaBCKGAoDC@cC`?	E	[10, 10, 10, 10]
O?AA@?OaBCKGAoCKB_CH?	E	[10, 10, 10, 10]
O?AA@?OaBCKGCgEO@aCH?	E	[10, 10, 10, 10]
O?AA@?OaBCKGCgEG@aCI?	E	[10, 10, 10, 10]
O?AA@?OaBCGWIOECOc?h?	E	[10, 10, 10, 10]
O?AA@?OaBCGWIODC@cC`?	E	[10, 10, 10, 10]
O?AA@?OaBCGWIOCKB_CH?	E	[10, 10, 10, 10]
O?AA@?OaBCGWKGEO@cCG_	E	[10, 10, 10, 10]
O?AA@?OaBCECSOAg@aCI?	E	[10, 10, 10, 10]
O?AA@?OaASL?cCGg?k?i?	E	[10, 10, 10, 10]
O?AA@?OaASL?CS?wCcCg?	E	[10, 10, 10, 10]
O?AA@?OaASK_M?`G?M?e?	E	[10, 10, 10, 10]
O?AA@?OaASH_HCCgAKDA?	E	[10, 10, 10, 10]
O?AA@?OaASGogOKC@c?b?	E	[10, 10, 10, 10]
O?AA@?OaASGogCF?AK@B?	E	[10, 10, 10, 10]
O?AA@?OaASGogCEO?k@`?	E	[10, 10, 10, 10]
O?AA@?OaASGogCBOAK@`?	E	[10, 10, 10, 10]
O?AA@?OaASDGX?d??[?`_	E	[10, 10, 10, 10]
O?AA@?OaE?m?J?Ao?s?b?	E	[10, 10, 10, 10]
O?AA@?OaE?m?I_BO?s?b?	E	[10, 10, 10, 10]
O?AA@?OaE?m?I_@o@c?b?	E	[10, 10, 10, 10]
O?AA@?OaE?m?IO@o@c?d?	E	[10, 10, 10, 10]
O?AA@?OaE?m?GoCg@g?X?	E	[10, 10, 10, 10]
O?AA@?OaE?l?M?D_?k?F?	E	[10, 10, 10, 10]
O?AA@?OaE?l?M?DO?s?F?	E	[10, 10, 10, 10]
O?AA@?OaE?l?M?@o?s?b?	E	[10, 10, 10, 10]
O?AA@?OaE?l?M?DG?w?F?	E	[10, 10, 10, 10]
O?AA@?OaE?l?L?@o@S?b?	E	[10, 10, 10, 10]
O?AA@?OaE?l?L?BG?[?e?	E	[10, 10, 10, 10]
O?AA@?OaE?l?F?DO?[@D?	E	[10, 10, 10, 10]
O?AA@?OaE?l?F?Cg?k@E?	E	[10, 10, 10, 10]
O?AA@?OaE?l?HOF?AS?F?	E	[10, 10, 10, 10]
O?AA@?OaE?l?HODOAS?T?	E	[10, 10, 10, 10]
O?AA@?OaE?l?BOK_?s?b?	E	[10, 10, 10, 10]
O?AA@?OaE?l?GoD_@c?b?	E	[10, 10, 10, 10]
O?AA@?OaE?l?AoL??s?b?	E	[10, 10, 10, 10]
O?AA@?OaE?l?KGDG?w?U?	E	[10, 10, 10, 10]
O?AA@?OaE?l?KGCW?w?[?	E	[10, 10, 10, 10]
O?AA@?OaE?f?K_Oo?k?X?	E	[10, 10, 10, 10]
O?AA@?OaE?h_M?DOCS?F?	E	[10, 10, 10, 10]
O?AA@?OaE?h_M?Go?s?b?	E	[10, 10, 10, 10]
O?AA@?OaE?h_M?Go?k?d?	E	[10, 10, 10, 10]
O?AA@?OaE?h_I_Co?k@`?	E	[10, 10, 10, 10]
O?AA@?OaE?h_IOGoAS?h?	E	[10, 10, 10, 10]
O?AA@?OaE?d_GoE_Gc?b?	E	[10, 10, 10, 10]
O?AA@?OaE?kOM?BO?s?b?	E	[10, 10, 10, 10]
O?AA@?OaE?kOM?Co?k?X?	E	[10, 10, 10, 10]
O?AA@?OaE?kOM?Cg?k?Y?	E	[10, 10, 10, 10]
O?AA@?OaE?kOJ?EO?k?d?	E	[10, 10, 10, 10]
O?AA@?OaE?kOK_EO?k?X?	E	[10, 10, 10, 10]
O?AA@?OaE?kOKOCg@g?X?	E	[10, 10, 10, 10]
O?AA@?OaE?kOIOF??s?b?	E	[10, 10, 10, 10]
O?AA@?OaE?kOIOF??k?d?	E	[10, 10, 10, 10]
O?AA@?OaE?kOIOE_Ac?J?	E	[10, 10, 10, 10]
O?AA@?OaE?kOIOCoAc?X?	E	[10, 10, 10, 10]
O?AA@?OaE?kOGoF?@c?b?	E	[10, 10, 10, 10]
O?AA@?OaE?kOKGCo@g?X?	E	[10, 10, 10, 10]
O?AA@?OaE?kOKGCW@g?[?	E	[10, 10, 10, 10]
O?AA@?OaE?eOCoIO@cAH?	E	[10, 10, 10, 10]
O?AA@?OaE?hOM?HO?s?b?	E	[10, 10, 10, 10]
O?AA@?OaE?hOK_EOCc?J?	E	[10, 10, 10, 10]
O?AA@?OaE?hOI_KGAg?J?	E	[10, 10, 10, 10]
O?AA@?OaE?hOIOL??s?b?	E	[10, 10, 10, 10]
O?AA@?OaE?hOIOK_Ac?J?	E	[10, 10, 10, 10]
O?AA@?OaE?kGJ?E_?s?b?	E	[10, 10, 10, 10]
O?AA@?OaE?kGK_E_?k?X?	E	[10, 10, 10, 10]
O?AA@?OaE?kGK_?wB_?X?	E	[10, 10, 10, 10]
O?AA@?OaE?kGI_F??s?b?	E	[10, 10, 10, 10]
O?AA@?OaE?kGI_CoAc?X?	E	[10, 10, 10, 10]
O?AA@?OaE?kGKOF?@S?L?	E	[10, 10, 10, 10]
O?AA@?OaE?kGIOB_AS?h?	E	[10, 10, 10, 10]
O?AA@?OaE?kGGoE_Ac?X?	E	[10, 10, 10, 10]
O?AA@?OaE?kGGoCgB_?X?	E	[10, 10, 10, 10]
O?AA@?OaE?dGKODG@SAK?	E	[10, 10, 10, 10]
O?AA@?OaE?dGGoU??s?h?	E	[10, 10, 10, 10]
O?AA@?OaE?dGGoS_@c?h?	E	[10, 10, 10, 10]
O?AA@?O`EGL?K_EO?M?T?	E	[10, 10, 10, 10]
O?AA@?O`EGL?K_Ao@E?b?	E	[10, 10, 10, 10]
O?AA@?O`EGL?K_Ao?M?p?	E	[10, 10, 10, 10]
O?AA@?O`EGL?K_CS@S?R?	E	[10, 10, 10, 10]
O?AA@?O`EGL?K_?k@K?q?	E	[10, 10, 10, 10]
O?AA@?O`EGL?I_AoAE?b?	E	[10, 10, 10, 10]
O?AA@?O`EGL?I_ASAS?b?	E	[10, 10, 10, 10]
O?AA@?O`EGL?KOCc@S?R?	E	[10, 10, 10, 10]
O?AA@?O`EGL?IOE_?U?b?	E	[10, 10, 10, 10]
O?AA@?O`EGL?IOCSAS?T?	E	[10, 10, 10, 10]
O?AA@?O`EGL?IO?sAS?p?	E	[10, 10, 10, 10]
O?AA@?O`EGL?GoAoBC?`_	E	[10, 10, 10, 10]
O?AA@?O`EGL?GoCSBC?T?	E	[10, 10, 10, 10]
O?AA@?O`EGL?GoASBC?d?	E	[10, 10, 10, 10]
O?AA@?O`EGL?KCE_?[?R?	E	[10, 10, 10, 10]
O?AA@?O`EGL?KCEO?[?T?	E	[10, 10, 10, 10]
O?AA@?O`EGL?KCCo@S?R?	E	[10, 10, 10, 10]
O?AA@?O`EGL?KCAo@S?b?	E	[10, 10, 10, 10]
O?AA@?O`EGL?KCEG?[?U?	E	[10, 10, 10, 10]
O?AA@?O`EGL?KCCg@W?R?	E	[10, 10, 10, 10]
O?AA@?O`EGL?ICAoAS?b?	E	[10, 10, 10, 10]
O?AA@?O`EGL?ASCo@S@`?	E	[10, 10, 10, 10]
O?AA@?O`EGKOAoM?@K?`_	E	[10, 10, 10, 10]
O?AA@?O`EGKOASEO@S@`?	E	[10, 10, 10, 10]
O?AA@?O`EGHOK_CS@K@P?	E	[10, 10, 10, 10]
O?AA@?O`EGHOGoKCBC?R?	E	[10, 10, 10, 10]
O?AA@?O`EGHOGcIOBC?b?	E	[10, 10, 10, 10]
O?AA@?O`EGHOGcKGBG?R?	E	[10, 10, 10, 10]
O?AA@?O`EGDOK_U??M?R?	E	[10, 10, 10, 10]
O?AA@?O`EGKGIOECAS?T?	E	[10, 10, 10, 10]
O?AA@?O`EGKGIOAcAS?p?	E	[10, 10, 10, 10]
O?AA@?O`EGKGGoE_BC?P_	E	[10, 10, 10, 10]
O?AA@?O`EGKGKGEC@W?T?	E	[10, 10, 10, 10]
O?AA@?O`EGKAK_Ao@K?p?	E	[10, 10, 10, 10]
O?AA@?O`EGKAK_Ag@K?q?	E	[10, 10, 10, 10]
O?AA@?O`EGKAI_CgBG?R?	E	[10, 10, 10, 10]
O?AA@?O`EGKAKOAo@S?p?	E	[10, 10, 10, 10]
O?AA@?O`EGKAIOCo@S?p?	E	[10, 10, 10, 10]
O?AA@?O`EGKAIOAoAS?p?	E	[10, 10, 10, 10]
O?AA@?O`EGKAGoE_@K?p?	E	[10, 10, 10, 10]
O?AA@?O`EGKAAoCoDC?p?	E	[10, 10, 10, 10]
O?AA@?O`EGEAI_OgBG?R?	E	[10, 10, 10, 10]
O?AA@?O`EGEAIOQ_@S?b?	E	[10, 10, 10, 10]
O?AA@?O`EGHAI_M??[?b?	E	[10, 10, 10, 10]
O?AA@?O`EGHAI_E_CK?b?	E	[10, 10, 10, 10]
O?AA@?O`EGHAI_EO?[@`?	E	[10, 10, 10, 10]
O?AA@?O`EGHAIOK_@S?b?	E	[10, 10, 10, 10]
O?AA@?O`EGDA[?Ao@S?b?	E	[10, 10, 10, 10]
O?AA@?O`EGDAK_AoHC?b?	E	[10, 10, 10, 10]
O?AA@?O`EGDAI_U??[?b?	E	[10, 10, 10, 10]
O?AA@?O`EGDAIOE_GS?b?	E	[10, 10, 10, 10]
O?AA@?O`EGDAGoE_HC?b?	E	[10, 10, 10, 10]
O?AA@?O`EGGQK_IOBC?R?	T2	-
O?AA@?O`EGGQK_EODC?R?	E	[10, 10, 10, 10]
O?AA@?O`EGGQI_IOBC?b?	E	[10, 10, 10, 10]
O?AA@?O`EGCQS_IG@K?q?	E	[10, 10, 10, 10]
O?AA@?O`EGCQIOE_HC?b?	E	[10, 10, 10, 10]
O?AA@?O`EGCQAoM?HC?b?	E	[10, 10, 10, 10]
O?AA@?O`EG@QY?E_CK?b?	E	[10, 10, 10, 10]
O?AA@?O`EG@QW_IOBC?b?	E	[10, 10, 10, 10]
O?AA@?O`EG@QQ_M?CK?b?	E	[10, 10, 10, 10]
O?AA@?O`EGCIKOQ_@S?p?	E	[10, 10, 10, 10]
O?AA@?O`CWL?AoS_CK?`_	E	[10, 10, 10, 10]
O?AA@?O`CWL?AoK_GK?`_	E	[10, 10, 10, 10]
O?AA@?O`CWKOWOAoBC?`_	E	[10, 10, 10, 10]
O?AA@?O`CWKOQOM??U?b?	E	[10, 10, 10, 10]
O?AA@?O`CWKOOoIOBC?`_	E	[10, 10, 10, 10]
O?AA@?O`CWKOOoKC@K?p?	E	[10, 10, 10, 10]
O?AA@?O`CWHOW_KO@K?`_	E	[10, 10, 10, 10]
O?AA@?O`CWHOW_EGAK@A_	E	[10, 10, 10, 10]
O?AA@?O`CWHOWOM??M?d?	E	[10, 10, 10, 10]
O?AA@?O`CWHOIO[??[?`_	E	[10, 10, 10, 10]
O?AA@?O`CWKA[?E_@K?F?	E	[10, 10, 10, 10]
O?AA@?O`CWKAU?EOCS?F?	E	[10, 10, 10, 10]
O?AA@?O`CWKAU?IGAW?F?	E	[10, 10, 10, 10]
O?AA@?O`CWKAU?Gg@K?e?	E	[10, 10, 10, 10]
O?AA@?O`CWKAQ_M?AK?F?	E	[10, 10, 10, 10]
O?AA@?O`CWKAQ_EOCK?d?	E	[10, 10, 10, 10]
O?AA@?O`CWKAOoM?@S?b?	E	[10, 10, 10, 10]
O?AA@?O`CWKAOoEODC?d?	E	[10, 10, 10, 10]
O?AA@?O`CWKASGE_@K@E?	E	[10, 10, 10, 10]
O?AA@?O`CWHA[?EOCS?F?	E	[10, 10, 10, 10]
O?AA@?O`CWHA[?Go@K?d?	E	[10, 10, 10, 10]
O?AA@?O`CWHA[?Co@K@D?	E	[10, 10, 10, 10]
O?AA@?O`CWHAW_E_AK@B?	E	[10, 10, 10, 10]
O?AA@?O`CWHAW_KO@K?d?	E	[10, 10, 10, 10]
O?AA@?O`CWHAW_KGBG?F?	E	[10, 10, 10, 10]
O?AA@?O`CWHAQ_K_CK?b?	E	[10, 10, 10, 10]
O?AA@?O`CWHAI_[??[?b?	E	[10, 10, 10, 10]
O?AA@?O`CWHAWOK_@S?b?	E	[10, 10, 10, 10]
O?AA@?O`CWHAWOGoBC?d?	E	[10, 10, 10, 10]
O?AA@?O`CWGQW_IOBC?b?	E	[10, 10, 10, 10]
O?AA@?O`ECK_CcIOBC?R?	E	[10, 10, 10, 10]
O?AA@?O`ECK_CcEODC?R?	E	[10, 10, 10, 10]
O?AA@?O`BCL?b?ECAK?F?	E	[10, 10, 10, 10]
O?AA@?O`BCL?b?ASAK?d?	E	[10, 10, 10, 10]
O?AA@ACS@OQ_CgAcHG@AO	E	[10, 10, 10, 10]
O?AA@ACS@OQ_CcQG@H@E?	E	[10, 10, 10, 10]
O?AA@ACS?oP_AgW_AH@A_	E	[10, 10, 10, 10]
O?AA@ACS?oP_KAAWCWAC_	E	[10, 10, 10, 10]
O?AA@ACO`_P_Q_EGAH@A_	E	[10, 10, 10, 10]
O?AA@ACO`_P_Q_CKAH@Q?	E	[10, 10, 10, 10]
