p,k,m,factorization,L,assigned,margin
113,13,117,3*13,13,13,0
113,13,120,2*3*5,5,3,0
113,13,121,11,11,11,0
113,13,125,5,5,5,0
113,13,126,2*3*7,7,2,0
317,13,320,2*5,5,5,1
317,13,324,2*3,3,3,1
317,13,325,5*13,13,13,1
317,13,330,2*3*5*11,11,2,1
523,17,525,3*5*7,7,5,1
523,17,528,2*3*11,11,3,1
523,17,539,7*11,11,7,1
523,17,540,2*3*5,5,2,1
1327,33,1330,2*5*7*19,19,5,0
1327,33,1331,11,11,11,0
1327,33,1334,2*23*29,29,23,0
1327,33,1344,2*3*7,7,7,0
1327,33,1350,2*3*5,5,3,0
1327,33,1352,2*13,13,13,0
1327,33,1360,2*5*17,17,2,0
1669,23,1672,2*11*19,19,19,2
1669,23,1680,2*3*5*7,7,3,2
1669,23,1683,3*11*17,17,11,2
1669,23,1690,2*5*13,13,2,2
2179,23,2184,2*3*7*13,13,7,0
2179,23,2185,5*19*23,23,5,0
2179,23,2187,3,3,3,0
2179,23,2197,13,13,13,0
2179,23,2200,2*5*11,11,2,0
2477,25,2484,2*3*23,23,3,1
2477,25,2496,2*3*13,13,13,1
2477,25,2499,3*7*17,17,7,1
2477,25,2500,2*5,5,2,1
3229,21,3230,2*5*17*19,19,17,1
3229,21,3234,2*3*7*11,11,3,1
3229,21,3240,2*3*5,5,5,1
3229,21,3249,3*19,19,19,1
3229,21,3250,2*5*13,13,2,1
3739,21,3740,2*5*11*17,17,5,1
3739,21,3744,2*3*13,13,3,1
3739,21,3750,2*3*5,5,2,1
3739,21,3757,13*17,17,13,1
4177,23,4180,2*5*11*19,19,5,2
4177,23,4186,2*7*13*23,23,7,2
4177,23,4199,13*17*19,19,13,2
4177,23,4200,2*3*5*7,7,2,2
4831,29,4840,2*5*11,11,5,2
4831,29,4845,3*5*17*19,19,3,2
4831,29,4851,3*7*11,11,7,2
4831,29,4860,2*3*5,5,2,2
5749,29,5750,2*5*23,23,23,1
5749,29,5760,2*3*5,5,3,1
5749,29,5775,3*5*7*11,11,5,1
5749,29,5776,2*19,19,2,1
6491,29,6496,2*7*29,29,2,1
6491,29,6498,2*3*19,19,3,1
6491,29,6500,2*5*13,13,5,1
6491,29,6517,7*19,19,7,1
8389,29,8398,2*13*17*19,19,13,2
8389,29,8400,2*3*5*7,7,2,2
8389,29,8410,2*5*29,29,5,2
8389,29,8415,3*5*11*17,17,3,2
9551,35,9555,3*5*7*13,13,5,2
9551,35,9568,2*13*23,23,13,2
9551,35,9570,2*3*5*11*29,29,3,2
9551,35,9576,2*3*7*19,19,2,2
9973,33,9975,3*5*7*19,19,7,1
9973,33,9982,2*7*23*31,31,23,1
9973,33,9984,2*3*13,13,13,1
9973,33,9996,2*3*7*17,17,2,1
9973,33,10000,2*5,5,5,1
9973,33,10005,3*5*23*29,29,3,1
10799,31,10800,2*3*5,5,3,1
10799,31,10816,2*13,13,13,1
10799,31,10829,7*13*17,17,7,1
10799,31,10830,2*3*5*19,19,2,1
11743,33,11745,3*5*29,29,5,1
11743,33,11760,2*3*5*7,7,3,1
11743,33,11774,2*7*29,29,7,1
11743,33,11776,2*23,23,2,1
15683,43,15686,2*11*23*31,31,11,2
15683,43,15708,2*3*7*11*17,17,2,2
15683,43,15717,3*13*31,31,3,2
15683,43,15725,5*17*37,37,5,2
16141,41,16146,2*3*13*23,23,13,2
16141,41,16150,2*5*17*19,19,5,2
16141,41,16169,19*23*37,37,19,2
16141,41,16170,2*3*5*7*11,11,3,2
16141,41,16182,2*3*29*31,31,2,2
19609,51,19635,3*5*7*11*17,17,3,1
19609,51,19646,2*11*19*47,47,11,1
19609,51,19652,2*17,17,17,1
19609,51,19656,2*3*7*13,13,2,1
20563,29,20570,2*5*11*17,17,5,1
20563,29,20577,3*19,19,19,1
20563,29,20580,2*3*5*7,7,3,1
20563,29,20592,2*3*11*13,13,2,1
24281,35,24288,2*3*11*23,23,11,2
24281,35,24300,2*3*5,5,3,2
24281,35,24304,2*7*31,31,7,2
24281,35,24310,2*5*11*13*17,17,2,2
25261,39,25270,2*5*7*19,19,5,1
25261,39,25272,2*3*13,13,13,1
25261,39,25289,11*19,19,11,1
25261,39,25296,2*3*17*31,31,3,1
25261,39,25300,2*5*11*23,23,2,1
25471,51,25480,2*5*7*13,13,7,2
25471,51,25500,2*3*5*17,17,3,2
25471,51,25515,3*5*7,7,5,2
25471,51,25520,2*5*11*29,29,2,2
26597,29,26600,2*5*7*19,19,7,1
26597,29,26620,2*5*11,11,5,1
26597,29,26622,2*3*17*29,29,3,1
26597,29,26624,2*13,13,2,1
30593,37,30600,2*3*5*17,17,3,1
30593,37,30613,11*23,23,23,1
30593,37,30618,2*3*7,7,7,1
30593,37,30624,2*3*11*29,29,11,1
30593,37,30625,5*7,7,5,1
30593,37,30628,2*13*19*31,31,2,1
31397,71,31407,3*19*29,29,19,1
31397,71,31416,2*3*7*11*17,17,7,1
31397,71,31423,7*67,67,67,1
31397,71,31433,17*43,43,43,1
31397,71,31434,2*3*13*31,31,13,1
31397,71,31447,13*41*59,59,41,1
31397,71,31450,2*5*17*37,37,17,1
31397,71,31460,2*5*11*13,13,2,1
31397,71,31464,2*3*19*23,23,3,1
31397,71,31465,5*7*29*31,31,5,1
31907,49,31920,2*3*5*7*19,19,3,1
31907,49,31939,19*41,41,19,1
31907,49,31941,3*7*13,13,7,1
31907,49,31944,2*3*11,11,2,1
33247,39,33250,2*5*7*19,19,5,1
33247,39,33263,29*31*37,37,29,1
33247,39,33264,2*3*7*11,11,3,1
33247,39,33275,5*11,11,11,1
33247,39,33280,2*5*13,13,2,1
34061,61,34075,5*29*47,47,29,2
34061,61,34086,2*3*13*19*23,23,3,2
34061,61,34099,13*43*61,61,43,2
34061,61,34100,2*5*11*31,31,5,2
34061,61,34102,2*17*59,59,17,2
34061,61,34104,2*3*7*29,29,7,2
34061,61,34112,2*13*41,41,13,2
34061,61,34122,2*3*11*47,47,2,2
34981,41,34983,3*13*23,23,13,1
34981,41,34986,2*3*7*17,17,7,1
34981,41,34992,2*3,3,3,1
34981,41,35000,2*5*7,7,2,1
35617,53,35625,3*5*19,19,3,2
35617,53,35640,2*3*5*11,11,11,2
35617,53,35650,2*5*23*31,31,5,2
35617,53,35670,2*3*5*29*41,41,2,2
35677,51,35700,2*3*5*7*17,17,5,1
35677,51,35712,2*3*31,31,3,1
35677,51,35720,2*5*19*47,47,19,1
35677,51,35721,3*7,7,7,1
35677,51,35728,2*7*11*29,29,2,1
36389,43,36400,2*5*7*13,13,5,2
36389,43,36408,2*3*37*41,41,37,2
36389,43,36414,2*3*7*17,17,3,2
36389,43,36421,7*11*43,43,7,2
36389,43,36432,2*3*11*23,23,2,2
37907,43,37908,2*3*13,13,13,2
37907,43,37925,5*37*41,41,5,2
37907,43,37926,2*3*7*43,43,7,2
37907,43,37944,2*3*17*31,31,3,2
37907,43,37950,2*3*5*11*23,23,2,2
40289,53,40293,3*11*37,37,11,2
40289,53,40300,2*5*13*31,31,5,2
40289,53,40320,2*3*5*7,7,3,2
40289,53,40326,2*3*11*13*47,47,2,2
40639,53,40641,3*19*23*31,31,19,2
40639,53,40656,2*3*7*11,11,3,2
40639,53,40664,2*13*17*23,23,13,2
40639,53,40672,2*31*41,41,31,2
40639,53,40678,2*11*43,43,2,2
43331,59,43344,2*3*7*43,43,3,2
43331,59,43350,2*3*5*17,17,17,2
43331,59,43355,5*13*23*29,29,13,2
43331,59,43365,3*5*7*59,59,5,2
43331,59,43378,2*23*41,41,23,2
43331,59,43384,2*11*17*29,29,2,2
45893,49,45900,2*3*5*17,17,5,1
45893,49,45920,2*5*7*41,41,41,1
45893,49,45927,3*7,7,7,1
45893,49,45936,2*3*11*29,29,3,1
45893,49,45942,2*3*13*19*31,31,2,1
52321,39,52325,5*7*13*23,23,7,2
52321,39,52326,2*3*17*19,19,3,2
52321,39,52345,5*19*29,29,5,2
52321,39,52360,2*5*7*11*17,17,2,2
58831,57,58835,5*7*41,41,7,1
58831,57,58867,37*43,43,37,1
58831,57,58870,2*5*7*29,29,5,1
58831,57,58880,2*5*23,23,2,1
60539,49,60543,3*7*31,31,7,2
60539,49,60544,2*11*43,43,11,2
60539,49,60552,2*3*29,29,3,2
60539,49,60588,2*3*11*17,17,2,2
69263,49,69264,2*3*13*37,37,13,2
69263,49,69290,2*5*13*41,41,5,2
69263,49,69300,2*3*5*7*11,11,3,2
69263,49,69312,2*3*19,19,2,2
100853,53,100860,2*3*5*41,41,2,3
100853,53,100862,2*29*37*47,47,29,3
100853,53,100878,2*3*17*23*43,43,17,3
100853,53,100905,3*5*7*31,31,3,3
103237,51,103243,7*43,43,7,1
103237,51,103246,2*11*13*19,19,2,1
103237,51,103259,13*47,47,13,1
103237,51,103275,3*5*17,17,3,1
107377,63,107380,2*5*7*13*59,59,5,2
107377,63,107387,7*23*29,29,7,2
107377,63,107406,2*3*13*17,17,2,2
107377,63,107415,3*5*7*11*31,31,3,2
107509,53,107520,2*3*5*7,7,2,3
107509,53,107525,5*11*17*23,23,5,3
107509,53,107536,2*11*13*47,47,11,3
107509,53,107559,3*17*19*37,37,3,3
116593,45,116603,17*19,19,17,1
116593,45,116610,2*3*5*13*23,23,3,1
116593,45,116620,2*5*7*17,17,5,1
116593,45,116622,2*3*11*19*31,31,2,1
118297,45,118300,2*5*7*13,13,7,1
118297,45,118320,2*3*5*17*29,29,3,1
118297,45,118326,2*3*13*37*41,41,13,1
118297,45,118335,3*5*7*23,23,5,1
118297,45,118336,2*43,43,2,1
118973,53,118976,2*11*13,13,11,2
118973,53,119000,2*5*7*17,17,5,2
118973,53,119016,2*3*19*29,29,2,2
118973,53,119025,3*5*23,23,3,2
121081,41,121086,2*3*7*31,31,3,2
121081,41,121095,3*5*13*23,23,5,2
121081,41,121104,2*3*29,29,2,2
121081,41,121121,7*11*13,13,7,2
124367,59,124372,2*17*31*59,59,17,1
124367,59,124384,2*13*23,23,13,1
124367,59,124394,2*37*41,41,37,1
124367,59,124410,2*3*5*11*13*29,29,3,1
124367,59,124416,2*3,3,2,1
125821,41,125829,3*11*31*41,41,11,3
125821,41,125840,2*5*11*13,13,5,3
125821,41,125856,2*3*19*23,23,3,3
125821,41,125860,2*5*7*29*31,31,2,3
126859,53,126875,5*7*29,29,5,2
126859,53,126882,2*3*7*19*53,53,7,2
126859,53,126900,2*3*5*47,47,3,2
126859,53,126910,2*5*7*37,37,2,2
134513,67,134514,2*3*47*53,53,47,2
134513,67,134520,2*3*5*19*59,59,5,2
134513,67,134540,2*5*7*31,31,7,2
134513,67,134550,2*3*5*13*23,23,3,2
134513,67,134560,2*5*29,29,2,2
152311,51,152320,2*5*7*17,17,5,2
152311,51,152334,2*3*7*13*31,31,2,2
152311,51,152352,2*3*23,23,23,2
152311,51,152361,3*11*19,19,3,2
155921,85,155925,3*5*7*11,11,5,1
155921,85,155946,2*3*7*47*79,79,3,1
155921,85,155952,2*3*19,19,19,1
155921,85,155961,3*13*31*43,43,13,1
155921,85,155987,13*71,71,71,1
155921,85,155992,2*17*31*37,37,17,1
155921,85,156000,2*3*5*13,13,2,1
159233,53,159236,2*7*11*47,47,7,2
159233,53,159239,17*19*29,29,17,2
159233,53,159250,2*5*7*13,13,2,2
159233,53,159285,3*5*7*37*41,41,3,2
162143,65,162150,2*3*5*23*47,47,5,3
162143,65,162162,2*3*7*11*13,13,2,3
162143,65,162180,2*3*5*17*53,53,3,3
162143,65,162196,2*23*41*43,43,23,3
162143,65,162197,7*17*29*47,47,7,3
171947,53,171955,5*7*17,17,5,2
171947,53,171957,3*31*43,43,31,2
171947,53,171990,2*3*5*7*13,13,3,2
171947,53,172000,2*5*43,43,2,2
173359,69,173362,2*7*29*61,61,29,3
173359,69,173376,2*3*7*43,43,7,3
173359,69,173383,7*17*31*47,47,17,3
173359,69,173394,2*3*13*19,19,13,3
173359,69,173400,2*3*5*17,17,3,3
173359,69,173420,2*5*13*23*29,29,2,3
178697,55,178710,2*3*5*7*23*37,37,3,2
178697,55,178746,2*3*31,31,31,2
178697,55,178750,2*5*11*13,13,5,2
178697,55,178752,2*3*7*19,19,2,2
186481,69,186496,2*31*47,47,31,2
186481,69,186507,3*17*23*53,53,17,2
186481,69,186528,2*3*29*67,67,3,2
186481,69,186543,3*7*47,47,7,2
186481,69,186550,2*5*7*13*41,41,2,2
186959,43,186960,2*3*5*19*41,41,3,3
186959,43,186992,2*13*29*31,31,13,3
186959,43,186998,2*7*19*37,37,7,3
186959,43,187000,2*5*11*17,17,2,3
188029,77,188034,2*3*7*11*37,37,11,2
188029,77,188048,2*7*23*73,73,23,2
188029,77,188071,13*17*23*37,37,13,2
188029,77,188082,2*3*43,43,3,2
188029,77,188094,2*3*23*29*47,47,29,2
188029,77,188097,3*7*13*53,53,7,2
188029,77,188100,2*3*5*11*19,19,2,2
195599,59,195615,3*5*7*23,23,7,2
195599,59,195624,2*3*11*13*19,19,2,2
195599,59,195650,2*5*7*13*43,43,5,2
195599,59,195657,3*7*11,11,3,2
202129,53,202130,2*5*17*29*41,41,17,2
202129,53,202147,11*17*23*47,47,11,2
202129,53,202160,2*5*7*19,19,5,2
202129,53,202176,2*3*13,13,2,2
203461,69,203463,3*13*37*47,47,13,2
203461,69,203476,2*7*13*43,43,7,2
203461,69,203490,2*3*5*7*17*19,19,5,2
203461,69,203500,2*5*11*37,37,11,2
203461,69,203520,2*3*5*53,53,3,2
203461,69,203522,2*11*29,29,2,2
206699,49,206701,11*19*23*43,43,11,3
206699,49,206712,2*3*11*29,29,2,3
206699,49,206720,2*5*17*19,19,5,3
206699,49,206739,3*13*19*31,31,3,3
212701,75,212704,2*17*23,23,17,2
212701,75,212722,2*31*47*73,73,31,2
212701,75,212750,2*5*23*37,37,2,2
212701,75,212773,11*23*29,29,11,2
213407,41,213408,2*3*13*19,19,13,3
213407,41,213435,3*5*17*31,31,3,3
213407,41,213440,2*5*23*29,29,5,3
213407,41,213444,2*3*7*11,11,2,3
214993,57,215000,2*5*43,43,5,2
214993,57,215004,2*3*19*23*41,41,19,2
214993,57,215016,2*3*17*31,31,17,2
214993,57,215040,2*3*5*7,7,3,2
214993,57,215050,2*5*11*17*23,23,2,2
221327,65,221328,2*3*29*53,53,29,3
221327,65,221340,2*3*5*7*17*31,31,3,3
221327,65,221364,2*3*11*13*43,43,2,3
221327,65,221375,5*7*11*23,23,5,3
243709,59,243712,2*7*17,17,7,2
243709,59,243729,3*17*59,59,3,2
243709,59,243745,5*29*41,41,5,2
243709,59,243750,2*3*5*13,13,2,2
250199,53,250217,11*23*43,43,23,2
250199,53,250228,2*11*47,47,11,2
250199,53,250240,2*5*17*23,23,5,2
250199,53,250250,2*5*7*11*13,13,2,2
265621,81,265625,5*17,17,17,1
265621,81,265639,11*19*31*41,41,11,1
265621,81,265650,2*3*5*7*11*23,23,5,1
265621,81,265655,5*13*61*67,67,13,1
265621,81,265677,3*19*59*79,79,19,1
265621,81,265680,2*3*5*41,41,3,1
265621,81,265696,2*19*23,23,2,1
273367,65,273375,3*5,5,5,1
273367,65,273394,2*11*17*43,43,11,1
273367,65,273420,2*3*5*7*31,31,2,1
273367,65,273429,3*13*19*41,41,3,1
282713,53,282720,2*3*5*19*31,31,5,1
282713,53,282744,2*3*7*11*17,17,7,1
282713,53,282750,2*3*5*13*29,29,3,1
282713,53,282752,2*47,47,2,1
283303,65,283309,13*19*31*37,37,13,2
283303,65,283318,2*7*59,59,7,2
283303,65,283338,2*3*11*53,53,3,2
283303,65,283360,2*5*7*11*23,23,2,2
288583,63,288585,3*5*11*53,53,3,3
288583,63,288600,2*3*5*13*37,37,13,3
288583,63,288610,2*5*7*19*31,31,5,3
288583,63,288640,2*5*11*41,41,2,3
290249,67,290250,2*3*5*43,43,3,2
290249,67,290280,2*3*5*41*59,59,41,2
290249,67,290290,2*5*7*11*13*29,29,5,2
290249,67,290304,2*3*7,7,2,2
295601,61,295625,5*11*43,43,5,2
295601,61,295630,2*5*17*37*47,47,2,2
295601,61,295647,3*11*17*31,31,11,2
295601,61,295659,3*7*13*19,19,3,2
326369,67,326370,2*3*5*11*23*43,43,11,3
326369,67,326400,2*3*5*17,17,5,3
326369,67,326424,2*3*7*29*67,67,3,3
326369,67,326430,2*3*5*13*31,31,2,3
326779,51,326781,3*7*13*19,19,7,3
326779,51,326784,2*3*23*37,37,3,3
326779,51,326800,2*5*19*43,43,5,3
326779,51,326830,2*5*7*23*29,29,2,3
332317,75,332320,2*5*31*67,67,31,2
332317,75,332350,2*5*17*23,23,5,2
332317,75,332367,3*7*17*19,19,3,2
332317,75,332384,2*13*17*47,47,2,2
332317,75,332387,11*41*67,67,11,2
360091,71,360096,2*3*11*31,31,11,2
360091,71,360125,5*43*67,67,5,2
360091,71,360126,2*3*13*19,19,13,2
360091,71,360144,2*3*41*61,61,3,2
360091,71,360150,2*3*5*7,7,2,2
360337,53,360349,11*17*41*47,47,11,2
360337,53,360360,2*3*5*7*11*13,13,2,2
360337,53,360375,3*5*31,31,3,2
360337,53,360383,17*29*43,43,17,2
367957,63,367965,3*5*13*17*37,37,5,2
367957,63,367983,3*7*11*59,59,7,2
367957,63,368000,2*5*23,23,23,2
367957,63,368010,2*3*5*29*47,47,3,2
367957,63,368016,2*3*11*17*41,41,2,2
370261,111,370266,2*3*13*47*101,101,13,2
370261,111,370272,2*3*7*19*29,29,3,2
370261,111,370273,43*79*109,109,43,2
370261,111,370300,2*5*7*23,23,5,2
370261,111,370329,3*19*73*89,89,19,2
370261,111,370346,2*23*83*97,97,23,2
370261,111,370359,3*11*29*43,43,11,2
370261,111,370370,2*5*7*11*13*37,37,2,2
370949,77,370968,2*3*13*29*41,41,13,3
370949,77,370975,5*11*19*71,71,11,3
370949,77,370986,2*3*7*11*73,73,3,3
370949,77,371000,2*5*7*53,53,5,3
370949,77,371008,2*11*17*31,31,2,3
379207,65,379215,3*5*53,53,3,2
379207,65,379236,2*3*11*13*17,17,11,2
379207,65,379250,2*5*37*41,41,5,2
379207,65,379260,2*3*5*7*43,43,2,2
396733,99,396738,2*3*31*79,79,31,2
396733,99,396750,2*3*5*23,23,2,2
396733,99,396774,2*3*7*47*67,67,7,2
396733,99,396800,2*5*31,31,5,2
396733,99,396819,3*23*71,71,23,2
396733,99,396825,3*5*11*13*37,37,3,2
404597,73,404600,2*5*7*17,17,5,2
404597,73,404613,3*11*61*67,67,3,2
404597,73,404624,2*11*19,19,11,2
404597,73,404670,2*3*5*7*41*47,47,2,2
404851,89,404858,2*47*59*73,73,47,2
404851,89,404875,5*41*79,79,5,2
404851,89,404928,2*3*19*37,37,2,2
404851,89,404931,3*43*73,73,3,2
428899,51,428904,2*3*7*23*37,37,7,3
428899,51,428910,2*3*5*17*29,29,2,3
428899,51,428922,2*3*13*47,47,13,3
428899,51,428925,3*5*7*19*43,43,3,3
458239,69,458250,2*3*5*13*47,47,13,3
458239,69,458280,2*3*5*19*67,67,5,3
458239,69,458298,2*3*23*41,41,3,3
458239,69,458304,2*3*7*11*31,31,2,3
461717,83,461725,5*11*23*73,73,5,3
461717,83,461734,2*7*13*43*59,59,7,3
461717,83,461736,2*3*11*53,53,11,3
461717,83,461760,2*3*5*13*37,37,3,3
461717,83,461776,2*7*19*31,31,2,3
465841,45,465842,2*13*19*23*41,41,13,3
465841,45,465850,2*5*7*11,11,5,3
465841,45,465868,2*13*17*31,31,2,3
465841,45,465885,3*5*7*17*29,29,3,3
480209,77,480233,13*17*41*53,53,13,2
480209,77,480240,2*3*5*23*29,29,23,2
480209,77,480249,3*7*11,11,7,2
480209,77,480256,2*7*67,67,2,2
480209,77,480260,2*5*11*37*59,59,5,2
480209,77,480267,3*17*43*73,73,3,2
492113,113,492115,5*13*67*113,113,67,2
492113,113,492128,2*7*13,13,13,2
492113,113,492135,3*5*7*43*109,109,3,2
492113,113,492156,2*3*7*31,31,2,2
492113,113,492170,2*5*7*79*89,89,79,2
492113,113,492178,2*43*59*97,97,43,2
492113,113,492184,2*7*11*17*47,47,7,2
492113,113,492200,2*5*23*107,107,23,2
492113,113,492205,5*7*41,41,5,2
505979,67,505981,7*41*43,43,7,2
505979,67,505984,2*59*67,67,59,2
505979,67,506000,2*5*11*23,23,5,2
505979,67,506022,2*3*11*17*41,41,3,2
505979,67,506044,2*7*11*31*53,53,2,2
514967,73,514976,2*7*11*19,19,7,3
514967,73,514998,2*3*11*17,17,11,3
514967,73,515011,7*29*43*59,59,29,3
514967,73,515034,2*3*13*31*71,71,3,3
514967,73,515040,2*3*5*29*37,37,2,3
520451,77,520490,2*5*23*31*73,73,5,3
520451,77,520506,2*3*7*17,17,3,3
520451,77,520513,7*23*53*61,61,7,3
520451,77,520520,2*5*7*11*13,13,2,3
531383,73,531392,2*19*23,23,19,0
531383,73,531432,2*3*11*61,61,11,0
531383,73,531440,2*5*7*13*73,73,5,0
531383,73,531441,3,3,3,0
531383,73,531454,2*7*11*17*29,29,2,0
542603,79,542619,3*7*11*29,29,7,1
542603,79,542640,2*3*5*7*17*19,19,3,1
542603,79,542659,13*19,19,13,1
542603,79,542682,2*3*7*59*73,73,2,1
544279,87,544310,2*5*13*53*79,79,5,2
544279,87,544320,2*3*5*7,7,2,2
544279,87,544341,3*7*23,23,3,2
544279,87,544357,11*17*41*71,71,11,2
570253,75,570262,2*7*11*23,23,7,3
570253,75,570276,2*3*7*31*73,73,3,3
570253,75,570285,3*5*19*23*29,29,5,3
570253,75,570304,2*7*19*67,67,2,3
576791,89,576810,2*3*5*13*17*29,29,3,2
576791,89,576840,2*3*5*11*19*23,23,11,2
576791,89,576870,2*3*5*7*41*67,67,5,2
576791,89,576875,5*13*71,71,13,2
576791,89,576878,2*17*19*47,47,2,2
618719,79,618723,3*7*23*61,61,3,3
618719,79,618750,2*3*5*11,11,5,3
618719,79,618772,2*7*11*41,41,7,3
618719,79,618792,2*3*19*23*59,59,2,3
631061,59,631071,3*7*53,53,7,2
631061,59,631072,2*13*37*41,41,13,2
631061,59,631098,2*3*13*29*31,31,3,2
631061,59,631120,2*5*7*23,23,2,2
633667,71,633668,2*7*53*61,61,7,2
633667,71,633675,3*5*7*17*71,71,3,2
633667,71,633696,2*3*7*23*41,41,2,2
633667,71,633737,13*29*41,41,13,2
637939,83,637974,2*3*23*67,67,23,3
637939,83,637980,2*3*5*7*31,31,3,3
637939,83,638000,2*5*11*29,29,5,3
637939,83,638001,3*7*13*19*41,41,7,3
637939,83,638020,2*5*19*23*73,73,2,3
643303,65,643314,2*3*7*17*53,53,2,3
643303,65,643336,2*29*47*59,59,29,3
643303,65,643356,2*3*7*23*37,37,7,3
643303,65,643365,3*5*17*29,29,3,3
714377,65,714384,2*3*11*41,41,11,2
714377,65,714400,2*5*19*47,47,5,2
714377,65,714420,2*3*5*7,7,3,2
714377,65,714425,5*17*41,41,17,2
714377,65,714432,2*3*61,61,2,2
767957,55,767970,2*3*5*7*23*53,53,2,2
767957,55,767980,2*5*19*43*47,47,19,2
767957,55,768000,2*3*5,5,5,2
767957,55,768009,3*11*17*37,37,3,2
777919,57,777920,2*5*11*13*17,17,5,2
777919,57,777924,2*3*7,7,2,2
777919,57,777925,5*29*37,37,29,2
777919,57,777975,3*5*11*23*41,41,3,2
783953,55,783959,11*19*31,31,11,2
783953,55,783976,2*43*53,53,43,2
783953,55,783978,2*3*13*19*23,23,3,2
783953,55,784000,2*5*7,7,2,2
789883,57,789888,2*3*11*17,17,11,1
789883,57,789906,2*3*13*19*41,41,3,1
789883,57,789912,2*3*23*53,53,2,1
789883,57,789929,7*47,47,7,1
815063,59,815074,2*13*23*29*47,47,13,2
815063,59,815087,7*13*53,53,7,2
815063,59,815100,2*3*5*11*13*19,19,2,2
815063,59,815121,3*41*47,47,3,2
818021,71,818032,2*29*41*43,43,29,2
818021,71,818035,5*47*59,59,47,2
818021,71,818055,3*5*7*53,53,5,2
818021,71,818064,2*3*13*19*23,23,13,2
818021,71,818070,2*3*5*11*37*67,67,3,2
818021,71,818090,2*5*7*13*29*31,31,2,2
818723,89,818740,2*5*13*47*67,67,13,2
818723,89,818741,7*11*31,31,11,2
818723,89,818748,2*3*7*19,19,7,2
818723,89,818772,2*3*31*71,71,2,2
818723,89,818800,2*5*23*89,89,5,2
818723,89,818805,3*5*13*17*19,19,3,2
822433,83,822460,2*5*17*41*59,59,17,3
822433,83,822492,2*3*11*31*67,67,3,3
822433,83,822500,2*5*7*47,47,5,3
822433,83,822510,2*3*5*13*19*37,37,2,3
838249,99,838272,2*3*37*59,59,3,3
838249,99,838292,2*7*13*47,47,7,3
838249,99,838304,2*17*23*67,67,17,3
838249,99,838332,2*3*11*29*73,73,2,3
843911,89,843932,2*47*67,67,47,2
843911,89,843944,2*31*41*83,83,2,2
843911,89,843975,3*5*11*31,31,5,2
843911,89,843999,3*13*17*19*67,67,3,2
914047,69,914056,2*11*13*17*47,47,11,2
914047,69,914085,3*5*37*61,61,3,2
914047,69,914095,5*7*13*41,41,5,2
914047,69,914112,2*3*23,23,2,2
927869,91,927871,7*41*53*61,61,7,3
927869,91,927912,2*3*23*41,41,3,3
927869,91,927940,2*5*13*43*83,83,5,3
927869,91,927960,2*3*5*11*19*37,37,2,3
928703,65,928719,3*11*53*59,59,11,3
928703,65,928720,2*5*13*19*47,47,5,3
928703,65,928725,3*5*7*29*61,61,3,3
928703,65,928746,2*3*7*13,13,2,3
959009,73,959035,5*7*11*47*53,53,5,2
959009,73,959040,2*3*5*37,37,3,2
959009,73,959072,2*17*41*43,43,2,2
959009,73,959077,7*23*37,37,7,2
979567,83,979587,3*7*71*73,73,7,2
979567,83,979600,2*5*31*79,79,5,2
979567,83,979608,2*3*7*17,17,3,2
979567,83,979616,2*11*23,23,2,2
979567,83,979649,11*29*37*83,83,11,2
1011827,61,1011839,23*29*37*41,41,23,3
1011827,61,1011840,2*3*5*17*31,31,3,3
1011827,61,1011850,2*5*7*59,59,5,3
1011827,61,1011868,2*11*13*29*61,61,11,3
1011827,61,1011876,2*3*37*43*53,53,2,3
1025957,71,1025962,2*7*19*29,29,7,3
1025957,71,1025984,2*17*23*41,41,17,3
1025957,71,1026000,2*3*5*19,19,3,3
1025957,71,1026010,2*5*37*47*59,59,2,3
1025957,71,1026020,2*5*29*61,61,29,3
1025957,71,1026025,5*7*11*13*41,41,5,3
1040227,83,1040250,2*3*5*19*73,73,5,3
1040227,83,1040256,2*3*7*43,43,7,3
1040227,83,1040288,2*19*29*59,59,19,3
1040227,83,1040292,2*3*11*37*71,71,3,3
1040227,83,1040298,2*3*7*17*31*47,47,2,3
1060781,79,1060790,2*5*37*47*61,61,37,4
1060781,79,1060800,2*3*5*13*17,17,2,4
1060781,79,1060820,2*5*29*31*59,59,5,4
1060781,79,1060851,3*11*17*31*61,61,3,4
1072471,45,1072476,2*3*31,31,31,2
1072471,45,1072478,2*11*29*41,41,11,2
1072471,45,1072500,2*3*5*11*13,13,3,2
1072471,45,1072512,2*3*7*19,19,2,2
1100977,93,1101022,2*13*17*47*53,53,13,3
1100977,93,1101050,2*5*19*61,61,5,3
1100977,93,1101056,2*11*17*23,23,11,3
1100977,93,1101058,2*7*31*43*59,59,2,3
1133071,59,1133076,2*3*7*41*47,47,7,2
1133071,59,1133088,2*3*11*29*37,37,3,2
1133071,59,1133118,2*3*7*17*23,23,2,2
1133071,59,1133125,5*7*37,37,5,2
1133387,71,1133405,5*7*13*47*53,53,7,3
1133387,71,1133407,11*17*19*29,29,11,3
1133387,71,1133440,2*5*7*11*23,23,5,3
1133387,71,1133458,2*17*37*53,53,2,3
1137341,61,1137350,2*5*23*43,43,23,3
1137341,61,1137380,2*5*29*37*53,53,29,3
1137341,61,1137400,2*5*11*47,47,5,3
1137341,61,1137402,2*3*7*17*59,59,2,3
1139993,97,1140000,2*3*5*19,19,3,3
1139993,97,1140005,5*41*67*83,83,5,3
1139993,97,1140041,7*23*73*97,97,23,3
1139993,97,1140048,2*3*7*13*29,29,7,3
1139993,97,1140087,3*13*23*31*41,41,13,3
1139993,97,1140090,2*3*5*7*61*89,89,2,3
1169939,67,1169940,2*3*5*17*31*37,37,5,3
1169939,67,1169976,2*3*29*41,41,3,3
1169939,67,1169987,7*13*23*43,43,7,3
1169939,67,1170000,2*3*5*13,13,2,3
1232003,65,1232007,3*7*17*29,29,7,3
1232003,65,1232010,2*3*5*13,13,3,3
1232003,65,1232036,2*13*19*29*43,43,13,3
1232003,65,1232064,2*3*23*31,31,2,3
1236077,83,1236096,2*3*29*37,37,3,3
1236077,83,1236109,7*41*59*73,73,7,3
1236077,83,1236125,5*11*29*31,31,5,3
1236077,83,1236150,2*3*5*41*67,67,2,3
1242643,95,1242657,3*13*19*43,43,13,3
1242643,95,1242670,2*5*11*13*79,79,5,3
1242643,95,1242700,2*5*17*43,43,2,3
1242643,95,1242717,3*7*17*59,59,3,3
1264063,65,1264086,2*3*17,17,3,2
1264063,65,1264103,17*23*53*61,61,17,2
1264063,65,1264112,2*41*47,47,41,2
1264063,65,1264120,2*5*11*13*17,17,2,2
1357201,131,1357216,2*7*73*83,83,7,3
1357201,131,1357224,2*3*11*53*97,97,11,3
1357201,131,1357236,2*3*59*71,71,2,3
1357201,131,1357250,2*5*61*89,89,5,3
1357201,131,1357295,5*43*59*107,107,43,3
1357201,131,1357299,3*23*79*83,83,3,3
1388483,103,1388504,2*13*79,79,79,2
1388483,103,1388506,2*7*41*59,59,7,2
1388483,103,1388520,2*3*5*7*19*29,29,2,2
1388483,103,1388543,13*17*61*103,103,17,2
1388483,103,1388547,3*41*53*71,71,41,2
1388483,103,1388556,2*3*13*23*43,43,13,2
1388483,103,1388583,3*7*31*79,79,3,2
1416341,91,1416345,3*5*7*41*47,47,5,2
1416341,91,1416360,2*3*5*11*29*37,37,3,2
1416341,91,1416389,13*17*29,29,13,2
1416341,91,1416420,2*3*5*43*61,61,2,2
1468277,109,1468280,2*5*11*47*71,71,11,3
1468277,109,1468320,2*3*5*7*19*23,23,5,3
1468277,109,1468368,2*3*11*103,103,3,3
1468277,109,1468386,2*3*29*97,97,2,3
1470071,77,1470084,2*3*7*11*37*43,43,7,4
1470071,77,1470114,2*3*23*53*67,67,23,4
1470071,77,1470126,2*3*7*17*29*71,71,3,4
1470071,77,1470144,2*3*13*19*31,31,2,4
1561919,131,1561950,2*3*5*13*89,89,2,3
1561919,131,1561966,2*7*31*59*61,61,31,3
1561919,131,1561977,3*17*41*83,83,17,3
1561919,131,1562000,2*5*11*71,71,11,3
1561919,131,1562022,2*3*7*11*23,23,7,3
1561919,131,1562028,2*3*13*17*19*31,31,3,3
1561919,131,1562045,5*17*23*47,47,5,3
1562753,79,1562769,3*13*19*37,37,13,3
1562753,79,1562781,3*11*23*29*71,71,3,3
1562753,79,1562792,2*7*11*43*59,59,7,3
1562753,79,1562820,2*3*5*7*61,61,2,3
1599709,93,1599750,2*3*5*79,79,3,3
1599709,93,1599752,2*7*11*53,53,7,3
1599709,93,1599785,5*11*17*29*59,59,5,3
1599709,93,1599786,2*3*31*47*61,61,2,3
1633459,71,1633460,2*5*23*53*67,67,5,3
1633459,71,1633500,2*3*5*11,11,2,3
1633459,71,1633513,7*17*37*53,53,7,3
1633459,71,1633527,3*7*43*67,67,3,3
1648081,99,1648088,2*13*23*53,53,13,2
1648081,99,1648098,2*3*19*61*79,79,3,2
1648081,99,1648115,5*7*31,31,5,2
1648081,99,1648128,2*3*29*37,37,2,2
1654579,69,1654596,2*3*19*41*59,59,19,3
1654579,69,1654625,5*7*31*61,61,5,3
1654579,69,1654632,2*3*7*67,67,3,3
1654579,69,1654640,2*5*13*37*43,43,2,3
1671781,125,1671824,2*7*11*23*59,59,7,1
1671781,125,1671840,2*3*5*43,43,2,1
1671781,125,1671865,5*13*17*89,89,13,1
1671781,125,1671875,5*107,107,5,1
1677359,83,1677375,3*5*7*71,71,5,2
1677359,83,1677390,2*3*5*11*13*17*23,23,3,2
1677359,83,1677429,3*13*59,59,13,2
1677359,83,1677430,2*5*43*47*83,83,2,2
1761187,101,1761200,2*5*7*17*37,37,5,2
1761187,101,1761237,3*37*41*43,43,37,2
1761187,101,1761243,3*11*19*53,53,3,2
1761187,101,1761280,2*5*43,43,2,2
1834523,73,1834560,2*3*5*7*13,13,3,3
1834523,73,1834569,3*11*29*71,71,11,3
1834523,73,1834572,2*3*17*23,23,2,3
1834523,73,1834595,5*7*23*43*53,53,5,3
1876859,89,1876864,2*11*31*43,43,11,3
1876859,89,1876875,3*5*7*11*13,13,5,3
1876859,89,1876896,2*3*7*19,19,3,3
1876859,89,1876938,2*3*7*23*29*67,67,2,3
1889831,125,1889888,2*7*11*13*59,59,7,3
1889831,125,1889910,2*3*5*11*23*83,83,3,3
1889831,125,1889930,2*5*7*19*29,29,5,3
1889831,125,1889936,2*41*43*67,67,2,3
1895359,119,1895400,2*3*5*13,13,5,2
1895359,119,1895416,2*47*71,71,47,2
1895359,119,1895430,2*3*5*23*41*67,67,3,2
1895359,119,1895440,2*5*19*29*43,43,2,2
1964987,89,1964996,2*11*17*37*71,71,11,4
1964987,89,1965028,2*13*23*31*53,53,13,4
1964987,89,1965040,2*5*7*11*29,29,5,4
1964987,89,1965054,2*3*7*13*59*61,61,2,4
2010733,147,2010744,2*3*29*107,107,29,3
2010733,147,2010804,2*3*41*61*67,67,3,3
2010733,147,2010862,2*7*17*71,71,7,3
2010733,147,2010866,2*11*13*79*89,89,2,3
2045213,97,2045225,5*7*13*29*31,31,5,2
2045213,97,2045252,2*11*23*43*47,47,11,2
2045213,97,2045286,2*3*37*83,83,2,2
2045213,97,2045309,7*67*89,89,7,2
2181737,95,2181751,11*13*19*73,73,11,3
2181737,95,2181780,2*3*5*17*23*31,31,5,3
2181737,95,2181816,2*3*7*13*37,37,3,3
2181737,95,2181820,2*5*43*59,59,2,3
2220553,89,2220582,2*3*7*13*83,83,3,3
2220553,89,2220592,2*11*31*37,37,11,3
2220553,89,2220625,5*11*17*19,19,5,3
2220553,89,2220642,2*3*17*41*59,59,2,3
2242549,101,2242560,2*3*5*73,73,3,3
2242549,101,2242570,2*5*11*19*29*37,37,5,3
2242549,101,2242604,2*7*13*61*101,101,7,3
2242549,101,2242640,2*5*17*97,97,2,3
2243987,103,2243995,5*13*19*23*79,79,13,4
2243987,103,2244000,2*3*5*11*17,17,5,4
2243987,103,2244018,2*3*7*23*101,101,3,4
2243987,103,2244020,2*5*29*53*73,73,2,4
2267303,77,2267304,2*3*13*43,43,13,3
2267303,77,2267307,3*7*17*29*73,73,7,3
2267303,77,2267340,2*3*5*23*31*53,53,3,3
2267303,77,2267370,2*3*5*7*59*61,61,2,3
2483291,89,2483292,2*3*7*17*37*47,47,7,3
2483291,89,2483310,2*3*5*23*59*61,61,2,3
2483291,89,2483360,2*5*11*17*83,83,5,3
2483291,89,2483379,3*23*31*43,43,3,3
2527297,83,2527305,3*5*11*17*53,53,5,4
2527297,83,2527322,2*7*17*37*41,41,7,4
2527297,83,2527350,2*3*5*7*29*83,83,3,4
2527297,83,2527368,2*3*31*43*79,79,2,4
2527823,89,2527840,2*5*7*37*61,61,5,3
2527823,89,2527848,2*3*47*83,83,47,3
2527823,89,2527855,5*11*19*41*59,59,11,3
2527823,89,2527884,2*3*23*43*71,71,3,3
2527823,89,2527910,2*5*7*11*67,67,2,3
2597981,109,2597994,2*3*7*29*79,79,7,2
2597981,109,2598048,2*3*31*97,97,31,2
2597981,109,2598060,2*3*5*19*43*53,53,5,2
2597981,109,2598066,2*3*37*47*83,83,3,2
2597981,109,2598088,2*41*89,89,2,2
2613229,83,2613240,2*3*5*7*17*61,61,3,2
2613229,83,2613247,7*13*47,47,7,2
2613229,83,2613248,2*11*29,29,11,2
2613229,83,2613260,2*5*13*19*23,23,2,2
2637799,111,2637800,2*5*11*109,109,5,2
2637799,111,2637810,2*3*5*7*53*79,79,2,2
2637799,111,2637817,7*13*41*101,101,13,2
2637799,111,2637824,2*7*23,23,7,2
2637799,111,2637855,3*5*11*73,73,3,2
2674733,95,2674763,7*13*17*19,19,7,3
2674733,95,2674782,2*3*11*19*79,79,2,3
2674733,95,2674804,2*11*31*37*53,53,11,3
2674733,95,2674815,3*5*11*13*29*43,43,3,3
2931319,93,2931320,2*5*7*19*29,29,5,3
2931319,93,2931327,3*7*17*23,23,7,3
2931319,93,2931377,19*41*53*71,71,19,3
2931319,93,2931390,2*3*5*7*11*47,47,3,3
2931319,93,2931396,2*3*13*19*23*43,43,2,3
3059963,83,3059966,2*7*13*17*23*43,43,7,1
3059963,83,3059969,11*19,19,11,1
3059963,83,3060000,2*3*5*17,17,2,1
3059963,83,3060035,5*11*23*41*59,59,5,1
3064751,109,3064776,2*3*11*13*19*47,47,2,2
3064751,109,3064815,3*5*13*31,31,5,2
3064751,109,3064832,2*41*73,73,41,2
3064751,109,3064845,3*5*7*17*101,101,3,2
3117299,121,3117312,2*3*11*41,41,11,2
3117299,121,3117324,2*3*7*17*37*59,59,3,2
3117299,121,3117397,23*71*83,83,23,2
3117299,121,3117400,2*5*11*13*109,109,2,2
3136667,91,3136672,2*7*11*19*67,67,7,3
3136667,91,3136704,2*3*17*31,31,3,3
3136667,91,3136716,2*3*11*89,89,2,3
3136667,91,3136735,5*7*31*59,59,5,3
3155839,83,3155841,3*13*37,37,13,2
3155839,83,3155862,2*3*19*31*47,47,19,2
3155839,83,3155880,2*3*5*7*13*17,17,3,2
3155839,83,3155922,2*3*7*11*23,23,2,2
3240983,109,3240991,13*61*67,67,13,2
3240983,109,3241050,2*3*5*17*31*41,41,5,2
3240983,109,3241056,2*3*7*13*53,53,3,2
3240983,109,3241058,2*19*67,67,2,2
3254959,99,3254960,2*5*23*29*61,61,2,3
3254959,99,3254985,3*5*19*47,47,5,3
3254959,99,3255000,2*3*5*7*31,31,7,3
3254959,99,3255021,3*7*11*61,61,3,3
3422813,103,3422839,7*71*97,97,7,2
3422813,103,3422848,2*11*13*17,17,11,2
3422813,103,3422870,2*5*11*29*37,37,5,2
3422813,103,3422896,2*31*67*103,103,31,2
3422813,103,3422916,2*3*7*17*47,47,2,2
3429203,83,3429216,2*3*7,7,7,2
3429203,83,3429240,2*3*5*17*41,41,2,2
3429203,83,3429250,2*5*11*29*43,43,5,2
3429203,83,3429261,3*11*47*67,67,3,2
3434489,91,3434496,2*3*13*43,43,13,3
3434489,91,3434508,2*3*7*11*59,59,7,3
3434489,91,3434525,5*37*47*79,79,5,3
3434489,91,3434544,2*3*17*23*61,61,3,3
3434489,91,3434554,2*19*67*71,71,2,3
3453833,109,3453839,17*19*37,37,17,2
3453833,109,3453840,2*3*5*13*41,41,3,2
3453833,109,3453879,3*11*13*83*97,97,11,2
3453833,109,3453912,2*3*7*11*89,89,2,2
3539167,89,3539200,2*5*7*79,79,5,3
3539167,89,3539208,2*3*31*67*71,71,31,3
3539167,89,3539244,2*3*19*43,43,3,3
3539167,89,3539250,2*3*5*11*13,13,2,3
3583417,111,3583424,2*13*59*73,73,59,3
3583417,111,3583440,2*3*5*7*79,79,2,3
3583417,111,3583476,2*3*13*19*31,31,13,3
3583417,111,3583515,3*5*13*17*23*47,47,3,3
3593203,107,3593205,3*5*7*11*17*61,61,5,2
3593203,107,3593216,2*11*29,29,11,2
3593203,107,3593241,3*31*53,53,31,2
3593203,107,3593268,2*3*7*97,97,2,2
3593203,107,3593277,3*59*67*101,101,3,2
3595489,99,3595500,2*3*5*17*47,47,5,2
3595489,99,3595520,2*5*53,53,53,2
3595489,99,3595536,2*3*7*29*41,41,3,2
3595489,99,3595560,2*3*5*19*83,83,2,2
3671669,91,3671681,13*53*73,73,53,2
3671669,91,3671694,2*3*13*17*71,71,13,2
3671669,91,3671712,2*3*11*19*61,61,2,2
3671669,91,3671734,2*11*47*53*67,67,11,2
3671669,91,3671745,3*5*7*11*17,17,3,2
3706529,79,3706560,2*3*5*11*13,13,3,3
3706529,79,3706577,7*19*29*31,31,7,3
3706529,79,3706605,3*5*7*41,41,5,3
3706529,79,3706608,2*3*31*47*53,53,2,3
3727313,73,3727325,5*7*19*59,59,7,3
3727313,73,3727344,2*3*19*61*67,67,3,3
3727313,73,3727360,2*5*7*13,13,5,3
3727313,73,3727380,2*3*5*23*37*73,73,2,3
3751919,89,3751930,2*5*7*13*19*31,31,5,3
3751919,89,3751968,2*3*11*17*19,19,11,3
3751919,89,3751992,2*3*31*41,41,3,3
3751919,89,3752000,2*5*7*67,67,2,3
3789613,87,3789625,5*7*61*71,71,5,3
3789613,87,3789630,2*3*5*13*41*79,79,3,3
3789613,87,3789657,3*17*31*47,47,17,3
3789613,87,3789688,2*7*31*37*59,59,2,3
3790807,81,3790809,3*11*59,59,11,2
3790807,81,3790832,2*47*71,71,47,2
3790807,81,3790860,2*3*5*23*41*67,67,3,2
3790807,81,3790880,2*5*19*29*43,43,2,2
3826019,137,3826020,2*3*5*11*17*31,31,3,3
3826019,137,3826035,3*5*47*67,67,5,3
3826019,137,3826082,2*13*31*47*101,101,13,3
3826019,137,3826119,3*11*23*71,71,11,3
3826019,137,3826144,2*7*19*29*31,31,2,3
3851459,127,3851510,2*5*13*43*53,53,13,4
3851459,127,3851520,2*3*5*17*59,59,3,4
3851459,127,3851540,2*5*7*11*41*61,61,5,4
3851459,127,3851562,2*3*11*13*67,67,2,4
3933599,131,3933618,2*3*13*29*37*47,47,3,3
3933599,131,3933622,2*7*11*41*89,89,7,3
3933599,131,3933644,2*11*13*23,23,11,3
3933599,131,3933647,17*29*79*101,101,17,3
3933599,131,3933684,2*3*19*71,71,2,3
3999971,65,3999996,2*3*7*11*13*37,37,3,1
3999971,65,4000000,2*5,5,5,1
3999971,65,4000023,3*31*59,59,31,1
3999971,65,4000032,2*3*17*19*43,43,2,1
4044077,101,4044096,2*3*7*17*59,59,7,2
4044077,101,4044117,3*7*11*41*61,61,11,2
4044077,101,4044150,2*3*5*11*19*43,43,3,2
4044077,101,4044160,2*5*71*89,89,5,2
4044077,101,4044168,2*3*79,79,2,2
4047847,81,4047848,2*7*41*43,43,7,2
4047847,81,4047872,2*59*67,67,2,2
4047847,81,4047875,5*13*47*53,53,5,2
4047847,81,4047923,11*71*73,73,11,2
4280659,81,4280661,3*7*11*29*71,71,7,3
4280659,81,4280668,2*7*17*23,23,17,3
4280659,81,4280736,2*3*17*43*61,61,3,3
4280659,81,4280738,2*7*11*19,19,2,3
4369801,89,4369820,2*5*7*13,13,2,2
4369801,89,4369833,3*13*17,17,13,2
4369801,89,4369848,2*3*7*19*37,37,3,2
4369801,89,4369885,5*13*23*37*79,79,5,2
4456223,73,4456244,2*13*17*71,71,13,2
4456223,73,4456250,2*5*23*31,31,5,2
4456223,73,4456256,2*7*29,29,7,2
4456223,73,4456296,2*3*13*23,23,2,2
4478423,103,4478480,2*5*17*37*89,89,17,3
4478423,103,4478490,2*3*5*19*97,97,3,3
4478423,103,4478500,2*5*13*53,53,5,3
4478423,103,4478514,2*3*17*23*83,83,2,3
4562419,77,4562425,5*7*29*31,31,5,3
4562419,77,4562432,2*7*19*67,67,7,3
4562419,77,4562460,2*3*5*7*17*71,71,3,3
4562419,77,4562470,2*5*11*19*37*59,59,2,3
4640599,117,4640625,3*5*11,11,5,2
4640599,117,4640636,2*7*11*13*19*61,61,7,2
4640599,117,4640638,2*29*31*89,89,29,2
4640599,117,4640688,2*3*13*37*67,67,2,2
4640599,117,4640697,3*61*79*107,107,3,2
4652353,153,4652417,7*11*23*37*71,71,7,4
4652353,153,4652436,2*3*47*73*113,113,3,4
4652353,153,4652475,3*5*17*41*89,89,5,4
4652353,153,4652480,2*5*7*31*67,67,2,4
4678397,79,4678400,2*5*17*43,43,5,3
4678397,79,4678427,13*19*31*47,47,13,3
4678397,79,4678464,2*3*7*59,59,3,3
4678397,79,4678465,5*11*19*37,37,11,3
4678397,79,4678476,2*3*11*23*67,67,2,3
4862621,77,4862660,2*5*11*23*31,31,5,2
4862621,77,4862662,2*7*29*59,59,7,2
4862621,77,4862676,2*3*7*13*61*73,73,3,2
4862621,77,4862688,2*3*37,37,2,2
4948117,83,4948125,3*5*7*13*29,29,5,3
4948117,83,4948128,2*3*23*83,83,3,3
4948117,83,4948151,13*19*23*67,67,13,3
4948117,83,4948160,2*5*7*47,47,2,3
5137547,103,5137560,2*3*5*67*71,71,3,3
5137547,103,5137587,3*7*13*17*41,41,7,3
5137547,103,5137600,2*5*13*19,19,5,3
5137547,103,5137640,2*5*29*43*103,103,2,3
5179739,91,5179776,2*3*7*41*47,47,7,2
5179739,91,5179788,2*3*73,73,2,2
5179739,91,5179790,2*5*7*11*31,31,5,2
5179739,91,5179815,3*5*17*37*61,61,3,2
5516281,111,5516293,29*37*53*97,97,29,3
5516281,111,5516343,3*7*23*47,47,7,3
5516281,111,5516346,2*3*11*19*53*83,83,3,3
5516281,111,5516390,2*5*11*47*97,97,2,3
5518687,129,5518723,7*41*67,67,41,2
5518687,129,5518740,2*3*5*19*47*103,103,3,2
5518687,129,5518744,2*7*11*17*31,31,7,2
5518687,129,5518800,2*3*5*7*73,73,2,2
5550583,63,5550584,2*13*19*53,53,13,2
5550583,63,5550600,2*3*5*11*29,29,5,2
5550583,63,5550606,2*3*47,47,3,2
5550583,63,5550636,2*3*7*13*17*23,23,2,2
5604367,83,5604375,3*5*7*61,61,3,3
5604367,83,5604390,2*3*5*11*17*37,37,11,3
5604367,83,5604410,2*5*7*23*59,59,5,3
5604367,83,5604424,2*7*17*29,29,2,3
5752403,85,5752422,2*3*13*31*61,61,3,4
5752403,85,5752440,2*3*5*19*29,29,5,4
5752403,85,5752461,3*11*13*23*53,53,11,4
5752403,85,5752464,2*3*37*41*79,79,2,4
5837399,101,5837400,2*3*5*23*47,47,5,3
5837399,101,5837416,2*13*37*41,41,13,3
5837399,101,5837460,2*3*5*17*59*97,97,3,3
5837399,101,5837468,2*7*13*29*79,79,2,3
5888741,131,5888764,2*7*43*67*73,73,7,2
5888741,131,5888805,3*5*13*23*101,101,3,2
5888741,131,5888818,2*13*47*61*79,79,13,2
5888741,131,5888828,2*11*23,23,11,2
5888741,131,5888850,2*3*5*11*43*83,83,2,2
5890903,75,5890914,2*3*43*59,59,43,3
5890903,75,5890944,2*3*23*29,29,23,3
5890903,75,5890950,2*3*5*13*19*53,53,3,3
5890903,75,5890976,2*7*13*17,17,2,3
5976079,101,5976113,11*13*23*79,79,13,3
5976079,101,5976146,2*11*17*19*29,29,11,3
5976079,101,5976170,2*5*61*97*101,101,5,3
5976079,101,5976180,2*3*5*7*17*31,31,2,3
6034247,145,6034257,3*23*41*79,79,3,3
6034247,145,6034303,11*17*23*61,61,11,3
6034247,145,6034320,2*3*5*17*29,29,2,3
6034247,145,6034336,2*7*11*31*79,79,7,3
6034247,145,6034349,23*29*83*109,109,23,3
6085441,119,6085464,2*3*7*11*37*89,89,7,3
6085441,119,6085476,2*3*29*67,67,29,3
6085441,119,6085548,2*3*7*19*31*41,41,3,3
6085441,119,6085560,2*3*5*13*47*83,83,2,3
6158563,117,6158565,3*5*7*19,19,5,2
6158563,117,6158576,2*37*101*103,103,37,2
6158563,117,6158592,2*3*11,11,3,2
6158563,117,6158600,2*5*7*53*83,83,2,2
6322163,95,6322176,2*3*7,7,7,2
6322163,95,6322204,2*7*43*59*89,89,43,2
6322163,95,6322212,2*3*13*19*79,79,3,2
6322163,95,6322250,2*5*11*19,19,2,2
6347059,117,6347068,2*7*13*47*53,53,7,2
6347059,117,6347097,3*79*113,113,79,2
6347059,117,6347133,3*13*107,107,13,2
6347059,117,6347172,2*3*13*23*29*61,61,3,2
6347059,117,6347176,2*11*79*83,83,2,2
6371401,135,6371430,2*3*5*13*17*31,31,3,3
6371401,135,6371460,2*3*5*19*23,23,5,3
6371401,135,6371469,3*13*59*71,71,13,3
6371401,135,6371508,2*3*11*13*47*79,79,2,3
6646049,103,6646059,3*7*31*41*83,83,7,3
6646049,103,6646075,5*29*89*103,103,5,3
6646049,103,6646080,2*3*5*7*23*43,43,3,3
6646049,103,6646094,2*7*13*53,53,2,3
6646049,103,6646133,13*17*29*61,61,13,3
6752623,123,6752655,3*5*7*13*17*97,97,5,3
6752623,123,6752668,2*13*31*59*71,71,13,3
6752623,123,6752685,3*5*23*37,37,3,3
6752623,123,6752700,2*3*5*41*61,61,2,3
7053049,77,7053075,3*5*43,43,3,2
7053049,77,7053088,2*7*23*37,37,7,2
7053049,77,7053090,2*3*5*11*29*67,67,2,2
7053049,77,7053125,5*37*61,61,5,2
7129877,125,7129900,2*5*37*41*47,47,5,3
7129877,125,7129908,2*3*23*79*109,109,3,3
7129877,125,7129941,3*7*13*41,41,7,3
7129877,125,7129969,7*11*29*31*103,103,11,3
7129877,125,7130000,2*5*23*31,31,2,3
7160227,119,7160240,2*5*37*41*59,59,5,4
7160227,119,7160244,2*3*7*13*79*83,83,3,4
7160227,119,7160245,5*19*23*29*113,113,19,4
7160227,119,7160274,2*3*11*29*43,43,2,4
7230331,147,7230355,5*11*17*19*37,37,11,3
7230331,147,7230366,2*3*11*13*53,53,3,3
7230331,147,7230372,2*3*17*23*67,67,17,3
7230331,147,7230391,7*41*59*61,61,7,3
7230331,147,7230418,2*13*23*107*113,113,13,3
7230331,147,7230440,2*5*7*17*31,31,5,3
7230331,147,7230450,2*3*5*19*43*59,59,2,3
7293989,103,7293990,2*3*5*11*23*31,31,5,2
7293989,103,7293993,3*7*29*59,59,29,2
7293989,103,7294014,2*3*7*13*61*73,73,7,2
7293989,103,7294032,2*3*37,37,3,2
7293989,103,7294040,2*5*13*83,83,2,2
7309427,101,7309440,2*3*5*47,47,2,3
7309427,101,7309450,2*5*29*71,71,29,3
7309427,101,7309490,2*5*17*19*31*73,73,5,3
7309427,101,7309521,3*31*41*71,71,3,3
7753679,107,7753680,2*3*5*11*89,89,11,3
7753679,107,7753695,3*5*73*97,97,3,3
7753679,107,7753720,2*5*13*31*37,37,13,3
7753679,107,7753760,2*5*7*23*43,43,5,3
7753679,107,7753768,2*11*17*71*73,73,2,3
7802701,89,7802711,7*17*19*29,29,7,3
7802701,89,7802730,2*3*5*13*19,19,2,3
7802701,89,7802750,2*5*23*59,59,5,3
7802701,89,7802751,3*11*41*73*79,79,3,3
7826899,119,7826900,2*5*23*41*83,83,23,3
7826899,119,7826910,2*3*5*7*13*47*61,61,5,3
7826899,119,7826940,2*3*5*11*59*67,67,3,3
7826899,119,7826987,7*17*53*73,73,7,3
7826899,119,7827004,2*17*31*47*79,79,2,3
7970377,93,7970382,2*3*7*17*61,61,3,3
7970377,93,7970389,7*29*71*79,79,7,3
7970377,93,7970400,2*3*5*41,41,2,3
7970377,93,7970443,13*19*23*61,61,13,3
8173267,83,8173268,2*19*41*43*61,61,19,3
8173267,83,8173300,2*5*37*47,47,2,3
8173267,83,8173305,3*5*7*31,31,5,3
8173267,83,8173347,3*7*13*47,47,3,3
8303957,103,8303976,2*3*29*41*97,97,29,3
8303957,103,8303984,2*13*37*83,83,13,3
8303957,103,8303988,2*3*7*11*19*43,43,3,3
8303957,103,8304058,2*7*17*23*37*41,41,2,3
8367397,119,8367400,2*5*17*23*107,107,5,3
8367397,119,8367424,2*13*89*113,113,13,3
8367397,119,8367485,5*7*17*41,41,7,3
8367397,119,8367492,2*3*7*23*61*71,71,2,3
8367397,119,8367513,3*7*11*37*89,89,3,3
8409721,107,8409742,2*11*19*31*59,59,11,3
8409721,107,8409744,2*3*7*103,103,3,3
8409721,107,8409765,3*5*7*13*61*101,101,5,3
8409721,107,8409804,2*3*13*31*37*47,47,2,3
8421251,151,8421270,2*3*5*11*13*151,151,3,2
8421251,151,8421280,2*5*7*73*103,103,5,2
8421251,151,8421335,5*13*23*43*131,131,13,2
8421251,151,8421336,2*3*7*11*31,31,11,2
8421251,151,8421358,2*11*17*23*89,89,17,2
8421251,151,8421364,2*7*67,67,7,2
8421251,151,8421400,2*5*13*41*79,79,2,2
8454959,103,8454961,23*43*83*103,103,23,3
8454959,103,8454984,2*3*17*23*53,53,3,3
8454959,103,8455000,2*5*19*89,89,5,3
8454959,103,8455018,2*11*13*17*37*47,47,2,3
8463673,83,8463676,2*13*37*53*83,83,13,3
8463673,83,8463690,2*3*5*43,43,5,3
8463673,83,8463708,2*3*11*29*67,67,11,3
8463673,83,8463744,2*3*31*79,79,3,3
8463673,83,8463750,2*3*5*37*61,61,2,3
8470927,125,8470980,2*3*5*7*83,83,83,4
8470927,125,8470998,2*3*17*19*31*47,47,3,4
8470927,125,8471010,2*3*5*41*71*97,97,2,4
8470927,125,8471043,3*7*43*53*59,59,7,4
8470927,125,8471045,5*11*29*47*113,113,5,4
8917523,139,8917529,29*61*71,71,29,2
8917523,139,8917545,3*5*7*13*47*139,139,5,2
8917523,139,8917555,5*19*37*43*59,59,19,2
8917523,139,8917623,3*11*13*41,41,3,2
9015707,95,9015724,2*23*43*53,53,23,3
9015707,95,9015747,3*13*19*23,23,3,3
9015707,95,9015790,2*5*7*37*59,59,5,3
9015707,95,9015792,2*3*31*73*83,83,2,3
9064481,89,9064484,2*11*13*23*53,53,11,3
9064481,89,9064485,3*5*17*41,41,5,3
9064481,89,9064524,2*3*7*31*59,59,2,3
9064481,89,9064539,3*11*19*61*79,79,3,3
9076033,83,9076050,2*3*5*83,83,3,3
9076033,83,9076053,3*7*19*23*43,43,7,3
9076033,83,9076072,2*19*29*71,71,19,3
9076033,83,9076088,2*7*41*59*67,67,2,3
9144917,115,9144928,2*13*19*89,89,13,3
9144917,115,9144938,2*11*23*31*53,53,11,3
9144917,115,9145000,2*5*31*59,59,2,3
9144917,115,9145031,7*17*31*37*67,67,7,3
9286663,135,9286683,3*7*47*97,97,7,3
9286663,135,9286704,2*3*7*37*83,83,3,3
9286663,135,9286725,3*5*7*19,19,5,3
9286663,135,9286794,2*3*11*17*31*89,89,2,3
9434023,95,9434048,2*13*17*23*29,29,13,3
9434023,95,9434075,5*7*31*37*47,47,7,3
9434023,95,9434100,2*3*5*13*41*59,59,5,3
9434023,95,9434106,2*3*11*29*31*53,53,3,3
9434023,95,9434112,2*3*37*83,83,2,3
9469549,111,9469560,2*3*5*23*47*73,73,3,3
9469549,111,9469600,2*5*7*19*89,89,5,3
9469549,111,9469625,5*11*71*97,97,11,3
9469549,111,9469629,3*13*17*23,23,13,3
9469549,111,9469632,2*3*31*37*43,43,2,3
9538283,83,9538304,2*19*37*53,53,19,3
9538283,83,9538326,2*3*7*17*61*73,73,3,3
9538283,83,9538353,3*11*23*59*71,71,11,3
9538283,83,9538360,2*5*13*17*83,83,2,3
9824537,103,9824562,2*3*11*29*59,59,3,3
9824537,103,9824598,2*3*7*47*79,79,7,3
9824537,103,9824625,3*5*41*71,71,5,3
9824537,103,9824640,2*3*5*7*17*43,43,2,3
9981943,107,9981954,2*3*19*23*47,47,19,4
9981943,107,9982000,2*5*7*23*31,31,5,4
9981943,107,9982020,2*3*5*43*53*73,73,3,4
9981943,107,9982032,2*3*29*71*101,101,2,4
10152679,123,10152726,2*3*19*29*37*83,83,3,3
10152679,123,10152764,2*19*79*89,89,19,3
10152679,123,10152779,7*13*31*59*61,61,7,3
10152679,123,10152800,2*5*7*37,37,2,3
10343761,141,10343775,3*5*13*103,103,5,3
10343761,141,10343808,2*3*41*73,73,2,3
10343761,141,10343814,2*3*13*101,101,13,3
10343761,141,10343865,3*5*7*29*43*79,79,3,3
10724743,105,10724760,2*3*5*31,31,2,3
10724743,105,10724762,2*23*53*83,83,23,3
10724743,105,10724780,2*5*11*29*41,41,5,3
10724743,105,10724805,3*5*7*13*97,97,3,3
10879081,117,10879110,2*3*5*11*37,37,5,3
10879081,117,10879176,2*3*7*11*29,29,3,3
10879081,117,10879184,2*17*23*37*47,47,17,3
10879081,117,10879188,2*3*71*113,113,2,3
11479957,111,11479968,2*3*43*103,103,3,3
11479957,111,11479990,2*5*19*23*37*71,71,19,3
11479957,111,11480000,2*5*7*41,41,5,3
11479957,111,11480064,2*3*37*101,101,2,3
11521051,135,11521068,2*3*13*19*23,23,2,3
11521051,135,11521070,2*5*11*17*61*101,101,5,3
11521051,135,11521119,3*31*43*67,67,31,3
11521051,135,11521125,3*5*7*11*19,19,3,3
11805641,67,11805650,2*5*17*19*43,43,5,3
11805641,67,11805664,2*13*37*59,59,13,3
11805641,67,11805668,2*7*29*31*67,67,7,3
11805641,67,11805696,2*3*7*61,61,2,3
11981443,143,11981475,3*5*11*47*103,103,5,3
11981443,143,11981498,2*17*53*61*109,109,17,3
11981443,143,11981520,2*3*5*43,43,3,3
11981443,143,11981522,2*7*47*131*139,139,2,3
12409729,71,12409740,2*3*5*7*67,67,3,3
12409729,71,12409765,5*23*31*59,59,5,3
12409729,71,12409796,2*7*17*29*31,31,7,3
12409729,71,12409800,2*3*5*13*37*43,43,2,3
12415681,119,12415683,3*7*19*29*37,37,19,4
12415681,119,12415767,3*7*13*73*89,89,7,4
12415681,119,12415770,2*3*5*29*67*71,71,3,4
12415681,119,12415780,2*5*13*17*53,53,2,4
12481673,97,12481686,2*3*7*23*59*73,73,2,4
12481673,97,12481716,2*3*13*29*31*89,89,13,4
12481673,97,12481755,3*5*11*13*23,23,3,4
12481673,97,12481765,5*19*37*53*67,67,5,4
12557317,99,12557319,3*29*37*47*83,83,29,3
12557317,99,12557356,2*7*17*23*31*37,37,7,3
12557317,99,12557366,2*19*47*79*89,89,19,3
12557317,99,12557376,2*3*13*43,43,3,3
12557317,99,12557402,2*11*13*23*83,83,2,3
12612571,107,12612597,3*37*83,83,37,2
12612571,107,12612600,2*3*5*7*11*13,13,3,2
12612571,107,12612625,5*23*41*107,107,5,2
12612571,107,12612666,2*3*11*41*59*79,79,2,2
12819197,131,12819224,2*11*17*19*41,41,11,2
12819197,131,12819267,3*83*131,131,83,2
12819197,131,12819306,2*3*31*41,41,3,2
12819197,131,12819326,2*13*17*23*97,97,2,2
13226921,101,13226928,2*3*11*13*41*47,47,11,2
13226921,101,13226945,5*19*37*53*71,71,5,2
13226921,101,13226976,2*3*7,7,3,2
13226921,101,13227016,2*11*29*71*73,73,2,2
13354687,125,13354725,3*5*41*43*101,101,3,3
13354687,125,13354766,2*23*41*73*97,97,23,3
13354687,125,13354768,2*7*43*47*59,59,7,3
13354687,125,13354775,5*7*17*67,67,5,3
13354687,125,13354792,2*11*17*79*113,113,2,3
13683613,113,13683642,2*3*7*61*109,109,3,3
13683613,113,13683648,2*3*11*19*31,31,11,3
13683613,113,13683705,3*5*7*19,19,5,3
13683613,113,13683712,2*7*23*83,83,2,3
13738717,131,13738725,3*5*7*11*13*61,61,5,2
13738717,131,13738752,2*3*67*89,89,67,2
13738717,131,13738758,2*3*11*43*47*103,103,11,2
13738717,131,13738766,2*31*37*53*113,113,31,2
13738717,131,13738800,2*3*5*107,107,3,2
13738717,131,13738819,53*67*73,73,53,2
13738717,131,13738824,2*3*11*19*83,83,2,2
14087179,137,14087216,2*11*13*47*131,131,11,2
14087179,137,14087299,31*107*137,137,31,2
14087179,137,14087304,2*3*7*11,11,3,2
14087179,137,14087310,2*3*5*47*97*103,103,2,2
14318561,95,14318570,2*5*7*43*67*71,71,7,2
14318561,95,14318590,2*5*11*13*17*19*31,31,5,2
14318561,95,14318592,2*3*59*79,79,3,2
14318561,95,14318656,2*11*43,43,2,2
14402813,97,14402817,3*11*13*19*31,31,11,3
14402813,97,14402850,2*3*5*7*11*29*43,43,3,3
14402813,97,14402856,2*3*13*53*67,67,2,3
14402813,97,14402893,17*19*43*61,61,17,3
14466719,113,14466741,3*37*47*59,59,37,3
14466719,113,14466760,2*5*7*11*61,61,5,3
14466719,113,14466762,2*3*17*103,103,17,3
14466719,113,14466774,2*3*7*53*67*97,97,3,3
14466719,113,14466816,2*3*7*13*23,23,2,3
14518211,139,14518240,2*5*11*73*113,113,2,3
14518211,139,14518245,3*5*7*37*101,101,5,3
14518211,139,14518272,2*3*17*139,139,17,3
14518211,139,14518305,3*5*41*43*61,61,3,3
14553079,113,14553088,2*11*17*19,19,11,3
14553079,113,14553135,3*5*23*43*109,109,3,3
14553079,113,14553136,2*13*31*37*61,61,13,3
14553079,113,14553154,2*7*11*71,71,2,3
14667733,113,14667744,2*3*7*13*23*73,73,7,3
14667733,113,14667750,2*3*5*41*53,53,3,3
14667733,113,14667760,2*5*47*83,83,5,3
14667733,113,14667774,2*3*11*31*67*107,107,2,3
14980739,97,14980746,2*3*11*61,61,11,3
14980739,97,14980768,2*11*53*73,73,53,3
14980739,97,14980770,2*3*5*7*43*79,79,3,3
14980739,97,14980836,2*3*13*83*89,89,2,3
15203977,153,15204024,2*3*11*79,79,2,3
15203977,153,15204035,5*7*11*17*23*101,101,5,3
15203977,153,15204112,2*7*11*41*43,43,7,3
15203977,153,15204123,3*11*19*59*137,137,3,3
15438323,133,15438324,2*3*11*29*37*109,109,2,3
15438323,133,15438332,2*7*13*73*83,83,7,3
15438323,133,15438336,2*3*19*23,23,19,3
15438323,133,15438423,3*7*11*13*53*97,97,3,3
15476119,69,15476130,2*3*5*31*43,43,3,4
15476119,69,15476160,2*3*5*7*47,47,7,4
15476119,69,15476175,3*5*11*13*37,37,5,4
15476119,69,15476188,2*7*13*17*41*61,61,2,4
15800699,109,15800704,2*19*73*89,89,19,3
15800699,109,15800708,2*7*11*29*61,61,2,3
15800699,109,15800785,5*7*11*13*41,41,5,3
15800699,109,15800793,3*23*31*83*89,89,3,3
16012511,125,16012524,2*3*11*29*47*89,89,2,3
16012511,125,16012550,2*5*41*73*107,107,41,3
16012511,125,16012600,2*5*23*59,59,5,3
16012511,125,16012623,3*11*17*23*73,73,3,3
16094899,111,16094919,3*19*41*71*97,97,19,4
16094899,111,16094940,2*3*5*23*107*109,109,5,4
16094899,111,16094986,2*23*43*79*103,103,23,4
16094899,111,16094988,2*3*7*13*17,17,3,4
16094899,111,16095000,2*3*5*29*37,37,2,4
16230707,103,16230720,2*3*5*11*29*53,53,3,2
16230707,103,16230750,2*3*5*17*19*67,67,17,2
16230707,103,16230760,2*5*7*13,13,5,2
16230707,103,16230778,2*23*29,29,2,2
16297223,89,16297248,2*3*11*23*61,61,3,4
16297223,89,16297250,2*5*19*47*73,73,5,4
16297223,89,16297281,3*7*11*13*67,67,7,4
16297223,89,16297288,2*7*17*19*53,53,2,4
16516471,107,16516472,2*7*19*43,43,7,3
16516471,107,16516500,2*3*5*7*11*13,13,5,3
16516471,107,16516530,2*3*5*23*79*101,101,3,3
16516471,107,16516578,2*3*13*37*59*97,97,2,3
16622407,105,16622424,2*3*7*13*43*59,59,7,3
16622407,105,16622496,2*3*11*53,53,11,3
16622407,105,16622502,2*3*13*97,97,3,3
16622407,105,16622510,2*5*29*31*43,43,2,3
17075987,119,17076070,2*5*11*29*53*101,101,5,2
17075987,119,17076074,2*23*43*89*97,97,23,2
17075987,119,17076087,3*7*47*73*79,79,3,2
17075987,119,17076096,2*3*61,61,2,2
17102077,81,17102078,2*7*47*79,79,2,1
17102077,81,17102085,3*5*7*11*13*17*67,67,3,1
17102077,81,17102125,5*41*47*71,71,5,1
17102077,81,17102153,17*59,59,17,1
17985329,133,17985352,2*7*11*43*97,97,11,2
17985329,133,17985375,3*5*73,73,3,2
17985329,133,17985436,2*7*71*83*109,109,7,2
17985329,133,17985448,2*13*23*73*103,103,13,2
17985329,133,17985456,2*3*17*31*79,79,2,2
18459839,83,18459840,2*3*5*7*41*67,67,3,2
18459839,83,18459875,5*7*17*73,73,5,2
18459839,83,18459881,11*41*61,61,41,2
18459839,83,18459892,2*11*17*23*29*37,37,11,2
18459839,83,18459900,2*3*5*43*53,53,2,2
18585773,125,18585775,5*13*53*83,83,13,3
18585773,125,18585800,2*5*19*67*73,73,5,3
18585773,125,18585840,2*3*5*7*13*23*37,37,2,3
18585773,125,18585879,3*13*17*97,97,3,3
18766211,91,18766215,3*5*13*17*37,37,13,2
18766211,91,18766224,2*3*19,19,3,2
18766211,91,18766275,3*5*11*23*43,43,5,2
18766211,91,18766300,2*5*7*17*19*83,83,2,2
19416511,99,19416540,2*3*5*11*13*31*73,73,3,3
19416511,99,19416544,2*7*29*61,61,7,3
19416511,99,19416600,2*3*5*7*23*67,67,2,3
19416511,99,19416605,5*13*59*61*83,83,5,3
19443197,103,19443200,2*5*7*31,31,5,2
19443197,103,19443207,3*7*89*101*103,103,3,2
19443197,103,19443248,2*11*83,83,11,2
19443197,103,19443262,2*31*53*61*97,97,2,2
19553129,101,19553131,13*37*53*59,59,13,3
19553129,101,19553175,3*5*43*47,47,5,3
19553129,101,19553184,2*3*7*53*61,61,3,3
19553129,101,19553196,2*3*13*17*73*101,101,2,3
20285099,163,20285160,2*3*5*7*19*31*41,41,3,3
20285099,163,20285167,7*53*73*107,107,7,3
20285099,163,20285200,2*5*13*47*83,83,5,3
20285099,163,20285250,2*3*5*17*37*43,43,2,3
20388583,143,20388636,2*3*67*79*107,107,67,3
20388583,143,20388644,2*17*41*71*103,103,17,3
20388583,143,20388654,2*3*11*13*89,89,3,3
20388583,143,20388672,2*3*19*23,23,2,3
20403589,119,20403616,2*59*101*107,107,59,3
20403589,119,20403625,5*11*19*71,71,5,3
20403589,119,20403646,2*29*61*73*79,79,2,3
20403589,119,20403675,3*5*29*53*59,59,3,3
20831323,209,20831340,2*3*5*47*83*89,89,5,3
20831323,209,20831400,2*3*5*71*163,163,3,3
20831323,209,20831426,2*7*11*17*73*109,109,7,3
20831323,209,20831429,19*89*97*127,127,19,3
20831323,209,20831481,3*11*37*47,47,11,3
20831323,209,20831526,2*3*41*97,97,2,3
21049387,105,21049389,3*29*103,103,29,2
21049387,105,21049392,2*3*7*13*61*79,79,2,2
21049387,105,21049457,11*13*67,67,11,2
21049387,105,21049485,3*5*17*23*37*97,97,3,2
21249331,111,21249344,2*29*107,107,29,2
21249331,111,21249384,2*3*13*31,31,3,2
21249331,111,21249396,2*3*7*37*43*53,53,2,2
21249331,111,21249415,5*11*31*103,103,5,2
21306617,89,21306648,2*3*11*23*29,29,2,3
21306617,89,21306670,2*5*7*11*59*67,67,5,3
21306617,89,21306672,2*3*31*37*43,43,31,3
21306617,89,21306675,3*5*13*41,41,3,3
21500321,107,21500325,3*5*7*11*17*73,73,5,4
21500321,107,21500367,3*7*37*59*67,67,7,4
21500321,107,21500400,2*3*5*19*23*41,41,3,4
21500321,107,21500426,2*29*59*61*103,103,2,4
21825757,129,21825776,2*7*41*97,97,7,3
21825757,129,21825804,2*3*7*11*13*23*79,79,3,3
21825757,129,21825860,2*5*7*31*47*107,107,5,3
21825757,129,21825870,2*3*5*11*19*59,59,2,3
21947977,99,21948000,2*3*5*31*59,59,3,4
21947977,99,21948003,3*7*11*17*23,23,7,4
21947977,99,21948017,7*13*43*71*79,79,13,4
21947977,99,21948030,2*3*5*13*37,37,2,4
22084639,113,22084650,2*3*5*7*19*41,41,2,2
22084639,113,22084660,2*5*13*29*101,101,13,2
22084639,113,22084692,2*3*7*23*71,71,3,2
22084639,113,22084708,2*37*109,109,37,2
22084639,113,22084741,7*31*67,67,7,2
22084639,113,22084745,5*19*37*61*103,103,5,2
22337149,141,22337160,2*3*5*19*97*101,101,5,3
22337149,141,22337163,3*23*29*61,61,23,3
22337149,141,22337168,2*7*53*71,71,7,3
22337149,141,22337220,2*3*5*47*89,89,3,3
22337149,141,22337250,2*3*5*13*29*79,79,2,3
22473427,119,22473440,2*5*11*113,113,5,3
22473427,119,22473504,2*3*19*37,37,3,3
22473427,119,22473507,3*7*17*23,23,7,3
22473427,119,22473542,2*7*13*19*67*97,97,2,3
22672999,93,22673000,2*5*7*41*79,79,7,4
22672999,93,22673040,2*3*5*13*43,43,5,4
22672999,93,22673070,2*3*5*7*17*29*73,73,3,4
22672999,93,22673082,2*3*37*41*47*53,53,2,4
22790357,149,22790361,3*11*71*137,137,11,3
22790357,149,22790394,2*3*11*31*47*79,79,3,3
22790357,149,22790404,2*7*13*17*29*127,127,7,3
22790357,149,22790424,2*3*19*23*41*53,53,2,3
22881311,89,22881320,2*5*7*11*17*19*23,23,5,3
22881311,89,22881339,3*13*19*47*73,73,13,3
22881311,89,22881366,2*3*23*89,89,2,3
22881311,89,22881375,3*5*11*43,43,3,3
22963169,109,22963200,2*3*5*13*23,23,3,3
22963169,109,22963213,7*13*47*59,59,7,3
22963169,109,22963246,2*23*71*79*89,89,23,3
22963169,109,22963248,2*3*7*11*19*109,109,2,3
23008409,139,23008440,2*3*5*7*13*43,43,3,3
23008409,139,23008513,11*29*79*83,83,11,3
23008409,139,23008531,7*13*17*107*139,139,7,3
23008409,139,23008544,2*13*19*41*71,71,2,3
23047543,93,23047570,2*5*7*13*19*31*43,43,5,3
23047543,93,23047596,2*3*11*13*37,37,2,3
23047543,93,23047605,3*5*7*29,29,3,3
23047543,93,23047633,7*23*37*53*73,73,7,3
23097479,113,23097492,2*3*11*17*47*73,73,11,4
23097479,113,23097536,2*7*11*43*109,109,2,4
23097479,113,23097543,3*7*17*23*29*97,97,7,4
23097479,113,23097555,3*5*13*41*107,107,3,4
23605943,109,23606000,2*5*11*29*37,37,5,2
23605943,109,23606004,2*3*23*31*89,89,2,2
23605943,109,23606024,2*13*61,61,13,2
23605943,109,23606037,3*7*13*19*37*41,41,3,2
23980549,93,23980605,3*5*11*23*71*89,89,3,1
23980549,93,23980608,2*3*17*31*79,79,2,1
23980549,93,23980609,59*83,83,59,1
23980549,93,23980625,5*17*37*61,61,5,1
24120233,145,24120261,3*11*23*107,107,11,3
24120233,145,24120300,2*3*5*37*41*53,53,3,3
24120233,145,24120315,3*5*29*61*101,101,5,3
24120233,145,24120348,2*3*7*17*19*127,127,2,3
24149813,127,24149826,2*3*17*37*79,79,17,3
24149813,127,24149895,3*5*7*11*29*103,103,5,3
24149813,127,24149900,2*5*37*61*107,107,2,3
24149813,127,24149908,2*23*101*113,113,23,3
24149813,127,24149931,3*13*19*23*109,109,3,3
24545371,119,24545374,2*7*47*73,73,47,3
24545371,119,24545416,2*7*17*19*23*59,59,7,3
24545371,119,24545424,2*3*61*83*101,101,2,3
24545371,119,24545430,2*3*5*7*13*37,37,5,3
24545371,119,24545475,3*5*43*59,59,3,3
24937571,101,24937589,17*23*47*59,59,17,3
24937571,101,24937614,2*3*13*19*71*79,79,3,3
24937571,101,24937635,3*5*23*41*43,43,5,3
24937571,101,24937640,2*5*7*13*17*31,31,2,3
25173437,155,25173456,2*3*7*11*139,139,3,4
25173437,155,25173508,2*29*41*67*79,79,29,4
25173437,155,25173550,2*5*31*109*149,149,2,4
25173437,155,25173575,5*7*19*67*113,113,5,4
25180321,149,25180400,2*5*7*17*23,23,5,3
25180321,149,25180417,17*107*109*127,127,17,3
25180321,149,25180434,2*3*17*19*61*71,71,3,3
25180321,149,25180463,7*11*31*137,137,7,3
25180321,149,25180468,2*17*29*113,113,2,3
26689633,119,26689676,2*13*73*79*89,89,13,3
26689633,119,26689696,2*11*61*113,113,11,3
26689633,119,26689728,2*3*13*17*37,37,3,3
26689633,119,26689729,11*23*31*41*83,83,23,3
26689633,119,26689740,2*3*5*7*11*53*109,109,2,3
27980837,149,27980880,2*3*5*23*37*137,137,3,2
27980837,149,27980911,7*29*97,97,7,2
27980837,149,27980960,2*5*7*43*83,83,5,2
27980837,149,27980980,2*5*17*47*103,103,2,2
28716287,143,28716303,3*7*11*43*59,59,7,3
28716287,143,28716351,3*23*29*113*127,127,3,3
28716287,143,28716400,2*5*17*41*103,103,2,3
28716287,143,28716421,59*61*79*101,101,59,3
29187271,135,29187282,2*3*29*43*47*83,83,29,5
29187271,135,29187300,2*3*5*17*59*97,97,3,5
29187271,135,29187340,2*5*7*13*29*79,79,5,5
29187271,135,29187368,2*7*17*23*31*43,43,2,5
29329381,117,29329410,2*3*5*11*31*47*61,61,5,3
29329381,117,29329440,2*3*5*7*29*43,43,2,3
29329381,117,29329456,2*13*37*103,103,13,3
29329381,117,29329461,3*7*71*79*83,83,3,3
29783111,119,29783138,2*7*11*41*53*89,89,7,4
29783111,119,29783160,2*3*5*11*23*109,109,5,4
29783111,119,29783184,2*3*17*19*113,113,3,4
29783111,119,29783222,2*7*19*71*83,83,2,4
29991211,77,29991234,2*3*7*13*19*59,59,3,3
29991211,77,29991247,11*13*17*73,73,11,3
29991211,77,29991260,2*5*13*31*61,61,5,3
29991211,77,29991264,2*3*17*23*47,47,2,3
30031063,137,30031092,2*3*7*13*89*103,103,3,4
30031063,137,30031095,3*5*17*29*31*131,131,17,4
30031063,137,30031155,3*5*7*11*107,107,5,4
30031063,137,30031200,2*3*5*43*97,97,2,4
31133321,115,31133362,2*13*19*31*107,107,13,3
31133321,115,31133375,5*7*13*17*23,23,5,3
31133321,115,31133421,3*11*23*113,113,3,3
31133321,115,31133424,2*3*7*31*61,61,2,3
31513423,137,31513440,2*3*5*7*83*113,113,2,4
31513423,137,31513482,2*3*7*11*13*53,53,7,4
31513423,137,31513495,5*13*17*19*79,79,5,4
31513423,137,31513515,3*5*11*31*61*101,101,3,4
31515413,143,31515470,2*5*7*41*79*139,139,5,4
31515413,143,31515474,2*3*23*43*47*113,113,23,4
31515413,143,31515480,2*3*5*71*137,137,3,4
31515413,143,31515528,2*3*11*19*61*103,103,2,4
31678657,123,31678660,2*5*13*37*89,89,5,4
31678657,123,31678745,5*7*31*43*97,97,7,4
31678657,123,31678752,2*3*7*17*47*59,59,3,4
31678657,123,31678776,2*3*19*31*83,83,2,4
31959947,73,31959972,2*3*11*23*29,29,3,3
31959947,73,31960000,2*5*17*47,47,17,3
31959947,73,31960005,3*5*7*11*59*67,67,5,3
31959947,73,31960008,2*3*31*37*43,43,2,3
33384517,149,33384520,2*5*13*19*31*109,109,13,3
33384517,149,33384555,3*5*43*71,71,5,3
33384517,149,33384582,2*3*7*11*31*37,37,3,3
33384517,149,33384617,7*17*47*127,127,7,3
33384517,149,33384626,2*11*29*67*71,71,2,3
33493391,91,33493392,2*3*31*41*61,61,31,4
33493391,91,33493405,5*11*23*29*83,83,5,4
33493391,91,33493434,2*3*13*17*29*67,67,3,4
33493391,91,33493474,2*7*23*41*43*59,59,2,4
33734147,139,33734188,2*17*43*83*139,139,17,3
33734147,139,33734192,2*23*29*109,109,23,3
33734147,139,33734195,5*11*37*137,137,5,3
33734147,139,33734232,2*3*7*37*67,67,7,3
33734147,139,33734250,2*3*5*11*29*47,47,3,3
33734147,139,33734272,2*11*13*19*97,97,2,3
33752749,119,33752791,67*73*103,103,67,2
33752749,119,33752799,3*23*41*97,97,23,2
33752749,119,33752829,3*11*79*107,107,3,2
33752749,119,33752862,2*3*11*13*31*47,47,2,2
34186367,131,34186372,2*11*23*37*83,83,11,3
34186367,131,34186415,5*19*41*67*131,131,5,3
34186367,131,34186455,3*5*83*113,113,3,3
34186367,131,34186484,2*47*53*73,73,2,3
36271601,181,36271625,5*13*17*101,101,13,3
36271601,181,36271656,2*3*67*73*103,103,67,3
36271601,181,36271665,3*5*19*79*179,179,5,3
36271601,181,36271710,2*3*5*17*151*157,157,3,3
36271601,181,36271716,2*3*13*41*53*107,107,2,3
36310289,73,36310300,2*5*13*17*31*53,53,5,2
36310289,73,36310311,3*19*59*61,61,19,2
36310289,73,36310320,2*3*5*29*37*47,47,2,2
36310289,73,36310323,3*7*71,71,3,2
36516941,109,36516960,2*3*5*79*107,107,3,3
36516941,109,36517000,2*5*13*53,53,5,3
36516941,109,36517008,2*3*11*23*31*97,97,2,3
36516941,109,36517039,13*31*37*79,79,13,3
36567511,105,36567531,3*7*11*13*41,41,3,2
36567511,105,36567544,2*13*17*37*43,43,13,2
36567511,105,36567598,2*47*73,73,47,2
36567511,105,36567608,2*7*11*23*29*89,89,2,2
37682237,151,37682280,2*3*5*23*37*41,41,3,3
37682237,151,37682281,7*13*29*109*131,131,7,3
37682237,151,37682297,47*59*107*127,127,47,3
37682237,151,37682344,2*7*47*103*139,139,2,3
38089277,175,38089281,3*19*83*97,97,19,3
38089277,175,38089297,31*79*103*151,151,31,3
38089277,175,38089299,3*17*67*71*157,157,17,3
38089277,175,38089317,3*7*37*47*149,149,3,3
38089277,175,38089376,2*13*19*61*79,79,13,3
38089277,175,38089400,2*5*43*103,103,2,3
38112469,131,38112512,2*53,53,53,1
38112469,131,38112516,2*3*13*31*37*71,71,2,1
38112469,131,38112525,3*5*11*29*59,59,3,1
38112469,131,38112575,5*19*41*103,103,5,1
38394127,171,38394132,2*3*7*59*61*127,127,3,4
38394127,171,38394135,3*5*13*131*167,167,5,4
38394127,171,38394160,2*5*7*17*37*109,109,17,4
38394127,171,38394244,2*7*31*71*89,89,7,4
38394127,171,38394250,2*5*19*59*137,137,2,4
38412637,129,38412660,2*3*5*11*13*37,37,3,3
38412637,129,38412675,3*5*7*29,29,5,3
38412637,129,38412704,2*11*29*53*71,71,11,3
38412637,129,38412717,3*7*43*59*103,103,7,3
38412637,129,38412724,2*7*17*47*101,101,2,3
39175217,161,39175268,2*11*53*107*157,157,11,3
39175217,161,39175292,2*13*59*113,113,13,3
39175217,161,39175304,2*7*37*73,73,7,3
39175217,161,39175375,5*29*101*107,107,5,3
39175217,161,39175378,2*11*17*19*37*149,149,2,3
40246061,161,40246076,2*13*79*97*101,101,13,3
40246061,161,40246080,2*3*5*7*53*113,113,2,3
40246061,161,40246092,2*3*41*61*149,149,41,3
40246061,161,40246173,3*11*97*127,127,3,3
42189629,113,42189665,5*7*17*43*97,97,5,4
42189629,113,42189693,3*7*13*29*73,73,7,4
42189629,113,42189720,2*3*5*59*101,101,3,4
42189629,113,42189738,2*3*41*47*89,89,2,4
43507181,125,43507191,3*7*13*23*41,41,7,2
43507181,125,43507200,2*3*5*11*103,103,3,2
43507181,125,43507216,2*17*97,97,17,2
43507181,125,43507260,2*3*5*23*31*113,113,2,2
46006769,197,46006790,2*5*19*31*73*107,107,5,4
46006769,197,46006809,3*19*53*97*157,157,19,4
46006769,197,46006818,2*3*11*13*29*43,43,11,4
46006769,197,46006914,2*3*31*79*101,101,2,4
46006769,197,46006938,2*3*109*131*179,179,109,4
46006769,197,46006947,3*7*17*37*43,43,3,4
46006769,197,46006961,7*11*13*19*41*59,59,7,4
46668691,137,46668726,2*3*13*53*71,71,13,4
46668691,137,46668750,2*3*5*19*131,131,2,4
46668691,137,46668776,2*7*11*79*137,137,7,4
46668691,137,46668825,3*5*7*17*83,83,3,4
46852511,109,46852545,3*5*29*37*41*71,71,29,3
46852511,109,46852575,3*5*7*11*19*61,61,5,3
46852511,109,46852587,3*23*83*101,101,3,3
46852511,109,46852608,2*3*11*47*59,59,2,3
47973257,163,47973280,2*5*41*71*103,103,41,3
47973257,163,47973290,2*5*19*97*137,137,5,3
47973257,163,47973303,3*7*17*79,79,3,3
47973257,163,47973337,17*29*31*43*73,73,17,3
47973257,163,47973354,2*3*11*13*17*23,23,2,3
48497221,135,48497232,2*3*7*37*47*83,83,7,3
48497221,135,48497260,2*5*7*17*41*71,71,5,3
48497221,135,48497280,2*3*5*13*29*67,67,3,3
48497221,135,48497292,2*3*43*59,59,2,3
48527939,139,48527962,2*7*17*29*79*89,89,7,4
48527939,139,48528033,3*19*67*97*131,131,19,4
48527939,139,48528051,3*11*13*31*41*89,89,3,4
48527939,139,48528064,2*13*17*47*73,73,2,4
52489909,141,52489920,2*3*5*7*73*107,107,5,3
52489909,141,52489944,2*3*13*31*67,67,2,3
52489909,141,52489976,2*7*11*37*47,47,7,3
52489909,141,52490025,3*5*7*23,23,3,3
52721113,173,52721152,2*11*23*37,37,11,3
52721113,173,52721162,2*13*19*41*137,137,13,3
52721113,173,52721263,7*37*47*61*71,71,7,3
52721113,173,52721280,2*3*5*113,113,2,3
52975943,137,52975962,2*3*13*31*67*109,109,2,2
52975943,137,52975982,2*29*59*113*137,137,29,2
52975943,137,52976000,2*5*7*11*43,43,5,2
52975943,137,52976007,3*7*131,131,3,2
53176859,157,53176877,13*19*41*59*89,89,13,4
53176859,157,53176896,2*3*19*43*113,113,3,4
53176859,157,53176935,3*5*7*17*31,31,5,4
53176859,157,53176952,2*17*29*97*139,139,2,4
53321563,147,53321604,2*3*7*29*53*59,59,7,4
53321563,147,53321625,3*5*7*37*61,61,5,4
53321563,147,53321682,2*3*23*67*73*79,79,3,4
53321563,147,53321710,2*5*13*53*71*109,109,2,4
53578529,143,53578560,2*3*5*7*17*67,67,2,4
53578529,143,53578590,2*3*5*13*37*47*79,79,13,4
53578529,143,53578602,2*3*7*11*29*31*43,43,3,4
53578529,143,53578645,5*17*43*107*137,137,5,4
54204053,139,54204066,2*3*7*47*113,113,7,4
54204053,139,54204112,2*19*37*61*79,79,19,4
54204053,139,54204132,2*3*29*41*131,131,29,4
54204053,139,54204150,2*3*5*7*11*13*19,19,3,4
54204053,139,54204160,2*5*17*47*53,53,2,4
54719299,93,54719327,13*47*83,83,13,2
54719299,93,54719340,2*3*5*13*31*73,73,3,2
54719299,93,54719379,3*11*13*17*41*61,61,11,2
54719299,93,54719392,2*7*13*19*23*43,43,2,2
56249429,131,56249472,2*3*37*107,107,3,3
56249429,131,56249479,11*13*59*113,113,11,3
56249429,131,56249515,5*7*17*67*83,83,5,3
56249429,131,56249536,2*7*23*53*103,103,2,3
57138413,125,57138432,2*3*13*59*97,97,3,4
57138413,125,57138445,5*7*13*17*83*89,89,5,4
57138413,125,57138528,2*3*71*83*101,101,2,4
57138413,125,57138529,7*19*43*97*103,103,7,4
58374559,129,58374564,2*3*29*43*47*83,83,3,3
58374559,129,58374600,2*3*5*17*59*97,97,5,3
58374559,129,58374621,3*23*61*67,67,23,3
58374559,129,58374680,2*5*7*13*29*79,79,2,3
59031631,119,59031672,2*3*7*71*101,101,3,4
59031631,119,59031675,3*5*29*83*109,109,5,4
59031631,119,59031718,2*17*41*47*53,53,17,4
59031631,119,59031742,2*7*11*59*73*89,89,2,4
59821897,155,59821929,3*17*47*59,59,17,3
59821897,155,59821944,2*3*7*13*43,43,3,3
59821897,155,59821988,2*23*59*103*107,107,23,3
59821897,155,59822034,2*3*23*41*97*109,109,2,3
62273819,151,62273834,2*7*23*41*53*89,89,7,4
62273819,151,62273880,2*3*5*23*109,109,3,4
62273819,151,62273887,13*19*53*67*71,71,13,4
62273819,151,62273904,2*3*7*11*29*83,83,2,4
62392609,143,62392611,3*41*67*113,113,41,3
62392609,143,62392652,2*7*17*23*41*139,139,7,3
62392609,143,62392656,2*3*19*37*43,43,3,3
62392609,143,62392677,3*31*59*83*137,137,31,3
62392609,143,62392680,2*3*5*7*131,131,2,3
62467403,119,62467418,2*13*17*31*47*97,97,13,4
62467403,119,62467433,7*37*43*71*79,79,7,4
62467403,119,62467440,2*3*5*7*19*103,103,3,4
62467403,119,62467470,2*3*5*13*37,37,2,4
63312853,147,63312856,2*41*43*67,67,41,3
63312853,147,63312900,2*3*5*7*59*73,73,3,3
63312853,147,63312970,2*5*7*79*107,107,5,3
63312853,147,63312998,2*7*17*61*89,89,2,3
63399023,139,63399024,2*3*13*53*71,71,3,4
63399023,139,63399040,2*5*23*59*73,73,23,4
63399023,139,63399105,3*5*7*11*19*107,107,5,4
63399023,139,63399130,2*5*37*53*61,61,2,4
64260593,145,64260609,3*7*47*71*131,131,7,4
64260593,145,64260675,3*5*31*37*83,83,5,4
64260593,145,64260680,2*5*11*17*71,71,2,4
64260593,145,64260735,3*5*7*11*23*41*59,59,3,4
65587391,157,65587444,2*13*23*29*31*61,61,13,4
65587391,157,65587500,2*3*5*11*53,53,3,4
65587391,157,65587513,17*23*43*47*83,83,17,4
65587391,157,65587536,2*3*7*23*41,41,2,4
71082149,149,71082154,2*11*13*19*103*127,127,11,3
71082149,149,71082176,2*11*67*137,137,2,3
71082149,149,71082225,3*5*31*43*79,79,5,3
71082149,149,71082279,3*83*97*109,109,3,3
74000791,125,74000808,2*3*7*29*61*83,83,7,3
74000791,125,74000830,2*5*17*67*73*89,89,2,3
74000791,125,74000844,2*3*23*31,31,3,3
74000791,125,74000875,5*13*31*113,113,5,3
79167733,183,79167790,2*5*13*37*109*151,151,13,3
79167733,183,79167796,2*29*53*79*163,163,29,3
79167733,183,79167800,2*5*31*113,113,5,3
79167733,183,79167840,2*3*5*23*71*101,101,2,3
83307139,107,83307140,2*5*7*17*29*71,71,5,3
83307139,107,83307168,2*3*7*31*43,43,7,3
83307139,107,83307204,2*3*89*107,107,3,3
83307139,107,83307224,2*7*11*13*101*103,103,2,3
89515963,149,89515965,3*5*7*11*17*47*97,97,3,2
89515963,149,89516000,2*5*7*23*139,139,5,2
89515963,149,89516097,3*11*61,61,11,2
89515963,149,89516098,2*7*29*37*59*101,101,2,2
89775391,131,89775400,2*5*11*13*43*73,73,5,4
89775391,131,89775486,2*3*23*41*43,43,3,4
89775391,131,89775504,2*3*7*13*17*31,31,2,4
89775391,131,89775521,11*17*59*79*103,103,11,4
89994097,159,89994175,5*17*37*59*97,97,17,4
89994097,159,89994190,2*5*11*13*47*103,103,5,4
89994097,159,89994212,2*7*11*37*53*149,149,7,4
89994097,159,89994240,2*3*5*7*31,31,2,4
90438133,209,90438172,2*11*109*173,173,11,3
90438133,209,90438208,2*7*23*67*131,131,7,3
90438133,209,90438240,2*3*5*29*73*89,89,2,3
90438133,209,90438309,3*13*19*71*191,191,3,3
90972509,131,90972513,3*19*59*71*127,127,19,3
90972509,131,90972518,2*7*13*101,101,7,3
90972509,131,90972600,2*3*5*31*67*73,73,3,3
90972509,131,90972640,2*5*11*37*127,127,2,3
97553069,101,97553071,7*11*29*79,79,7,3
97553069,101,97553072,2*17*53*67*101,101,17,3
97553069,101,97553106,2*3*7*17*19*47,47,2,3
97553069,101,97553125,5*19*31*53,53,5,3
98629571,175,98629600,2*5*31*41*97,97,5,3
98629571,175,98629608,2*3*7*11*19*53,53,3,3
98629571,175,98629631,17*31*101*109,109,17,3
98629571,175,98629641,3*11*41*47,47,11,3
98629571,175,98629650,2*3*5*7*71,71,2,3
100449917,125,100449920,2*5*31*61*83,83,31,3
100449917,125,100449951,3*7*31*47*67,67,3,3
100449917,125,100450000,2*5*7*41,41,5,3
100449917,125,100450042,2*7*11*17*37*61,61,2,3
101128721,155,101128725,3*5*47*73*131,131,5,4
101128721,155,101128742,2*11*13*29*89*137,137,11,4
101128721,155,101128755,3*5*7*13*41*139,139,3,4
101128721,155,101128830,2*3*5*11*19*127,127,2,4
106614197,113,106614200,2*5*7*11*23*43,43,5,4
106614197,113,106614208,2*17*29*31*109,109,17,4
106614197,113,106614270,2*3*5*7*31*53*103,103,3,4
106614197,113,106614310,2*5*11*17*71*73,73,2,4
107534587,201,107534588,2*7*17*97*137,137,7,4
107534587,201,107534625,3*5*11*131*199,199,11,4
107534587,201,107534700,2*3*5*7*13*101,101,3,4
107534587,201,107534775,3*5*17*19*23*193,193,5,4
107534587,201,107534784,2*3*7*29*31*89,89,2,4
108014611,147,108014643,3*11*71*127,127,11,3
108014611,147,108014676,2*3*7*11*29*139,139,3,3
108014611,147,108014742,2*3*11*47*53*73,73,2,3
108014611,147,108014753,7*11*17*19*43*101,101,7,3
112600307,181,112600308,2*3*19*31*89*179,179,19,4
112600307,181,112600320,2*3*5*7*59*71,71,3,4
112600307,181,112600359,3*29*43*79*127,127,29,4
112600307,181,112600400,2*5*11*157*163,163,5,4
112600307,181,112600432,2*7*31*41*113,113,7,4
112600307,181,112600456,2*23*73*83*101,101,23,4
112600307,181,112600488,2*3*7*11*13*43*109,109,2,4
113160869,121,113160879,3*13*59*97,97,3,3
113160869,121,113160943,7*23*31*41*79,79,7,3
113160869,121,113160950,2*5*7*43*73*103,103,5,3
113160869,121,113160960,2*3*5*11*19*47,47,2,3
114479227,105,114479244,2*3*11*43*83,83,3,1
114479227,105,114479258,2*17*37*53*101,101,17,1
114479227,105,114479303,23*97,97,23,1
114479227,105,114479310,2*3*5*11*47*61,61,2,1
115860977,113,115860992,2*13*103,103,13,2
115860977,113,115861005,3*5*13*23*79*109,109,5,2
115860977,113,115861074,2*3*7*23*31*53*73,73,3,2
115860977,113,115861090,2*5*29*67*89,89,2,2
117094711,155,117094719,3*7*31*43*47*89,89,7,4
117094711,155,117094725,3*5*11*17*23,23,3,4
117094711,155,117094762,2*43*71*127*151,151,43,4
117094711,155,117094808,2*29*53*89*107,107,2,4
119804683,119,119804685,3*5*7*11*13*79*101,101,5,3
119804683,119,119804690,2*5*19*71*83*107,107,2,3
119804683,119,119804751,3*11*43*53*59,59,3,3
119804683,119,119804797,7*17*97*107,107,7,3
120176549,163,120176615,5*13*19*31*43*73,73,5,3
120176549,163,120176640,2*3*5*163,163,3,3
120176549,163,120176672,2*7*11*17*19*151,151,7,3
120176549,163,120176696,2*29*79*83,83,2,3
120351613,153,120351621,3*13*139*149,149,13,3
120351613,153,120351660,2*3*5*11*13*83,83,3,3
120351613,153,120351674,2*71*89*107,107,71,3
120351613,153,120351681,3*19*59*79*151,151,19,3
120351613,153,120351760,2*5*79*137*139,139,2,3
125627743,113,125627804,2*47*83*97,97,47,3
125627743,113,125627840,2*5*13*23*101,101,5,3
125627743,113,125627841,3*17*31*109,109,3,3
125627743,113,125627854,2*11*41*43*79,79,2,3
128386997,139,128387028,2*3*7*11*19*71*103,103,2,3
128386997,139,128387072,2*11*41*139,139,41,3
128386997,139,128387094,2*3*11*17*53*127,127,11,3
128386997,139,128387127,3*11*23*47*59*61,61,3,3
128816693,149,128816721,3*11*23*37*139,139,11,3
128816693,149,128816765,5*7*11*53*59*107,107,5,3
128816693,149,128816811,3*29*31*61,61,3,3
128816693,149,128816820,2*3*5*11*17*43*89,89,2,3
130389109,131,130389116,2*11*13*17*23*53,53,11,4
130389109,131,130389147,3*7*37*61*131,131,3,4
130389109,131,130389182,2*7*11*83*101,101,7,4
130389109,131,130389184,2*17*37*41*79,79,2,4
131687977,83,131687985,3*5*11*13*29*73,73,5,4
131687977,83,131688000,2*3*5*31*59,59,3,4
131687977,83,131688018,2*3*7*11*17*23,23,2,4
131687977,83,131688031,19*31*47*67*71,71,19,4
132102911,197,132102942,2*3*61*97,97,61,2
132102911,197,132102950,2*5*7*37*101,101,7,2
132102911,197,132103020,2*3*5*7*131,131,5,2
132102911,197,132103024,2*37*163,163,37,2
132102911,197,132103056,2*3*17*89*107,107,3,2
132102911,197,132103062,2*3*7*13*29*103,103,2,2
133284439,203,133284448,2*11*23*101*163,163,11,4
133284439,203,133284471,3*17*23*37*83,83,3,4
133284439,203,133284522,2*3*7*17*29*41*157,157,2,4
133284439,203,133284563,19*23*41*43*173,173,19,4
133294309,119,133294348,2*11*17*19*83*113,113,11,4
133294309,119,133294350,2*3*5*7*37*47*73,73,5,4
133294309,119,133294356,2*3*13*67*109,109,3,4
133294309,119,133294410,2*3*5*43*89,89,2,4
135045091,179,135045120,2*3*5*7*157,157,5,3
135045091,179,135045144,2*3*13*17*23*41,41,3,3
135045091,179,135045196,2*11*13*127,127,11,3
135045091,179,135045218,2*7*11*59*89*167,167,2,3
137102717,103,137102720,2*5*29*83*89,89,29,4
137102717,103,137102760,2*3*5*37*47*73,73,3,4
137102717,103,137102770,2*5*7*23*31*41*67,67,5,4
137102717,103,137102784,2*3*7*13*19*59,59,2,4
137102717,103,137102807,17*29*47*61*97,97,17,4
138311687,151,138311696,2*23*41*89*103,103,23,3
138311687,151,138311712,2*3*7*11,11,2,3
138311687,151,138311735,5*19*37*109,109,5,3
138311687,151,138311811,3*11*19*23*139,139,3,3
140611043,149,140611075,5*11*23*43*47,47,11,4
140611043,149,140611098,2*3*23*71*113*127,127,3,4
140611043,149,140611100,2*5*7*37*61*89,89,5,4
140611043,149,140611140,2*3*5*29*41*73,73,2,4
145640273,145,145640312,2*43*67*71*89,89,43,2
145640273,145,145640320,2*5*7*19*29*59,59,5,2
145640273,145,145640349,3*29*83,83,3,2
145640273,145,145640352,2*3*11*13*103,103,2,2
150256867,153,150256880,2*5*17*67*97,97,17,4
150256867,153,150256964,2*11*13*41*43*149,149,11,4
150256867,153,150257000,2*5*31*37*131,131,5,4
150256867,153,150257016,2*3*7*13*17*19*71,71,2,4
151579997,149,151580000,2*5*11*13*53,53,5,4
151579997,149,151580088,2*3*11*127*137,137,11,4
151579997,149,151580100,2*3*5*7*19*29*131,131,3,4
151579997,149,151580120,2*5*23*37*61*73,73,2,4
153642799,159,153642816,2*3*19*101*139,139,19,4
153642799,159,153642870,2*3*5*29*37*43,43,2,4
153642799,159,153642944,2*7*13*23*31*37,37,7,4
153642799,159,153642957,3*13*17*29*61*131,131,3,4
155203283,133,155203286,2*7*19*41*107,107,19,4
155203283,133,155203356,2*3*7*11*23*67*109,109,7,4
155203283,133,155203360,2*5*13*29*31*83,83,5,4
155203283,133,155203398,2*3*7*53*61*127,127,3,4
155203283,133,155203400,2*5*11*19*47*79,79,2,4
156835163,115,156835200,2*3*5*17*31,31,17,4
156835163,115,156835224,2*3*7*13*79*101,101,2,4
156835163,115,156835250,2*5*11*13*41*107,107,5,4
156835163,115,156835275,3*5*23*59*67,67,3,4
162455113,125,162455128,2*11*17*31*113,113,11,3
162455113,125,162455139,3*7*11*61,61,7,3
162455113,125,162455202,2*3*7*13*41*59,59,2,3
162455113,125,162455205,3*5*11*79*103,103,3,3
166187599,141,166187604,2*3*11*19*23*43*67,67,11,3
166187599,141,166187616,2*3*7*103,103,3,3
166187599,141,166187648,2*11*17*53*131,131,2,3
166187599,141,166187719,23*29*41*59*103,103,23,3
170944871,151,170944875,3*5*47*53*61,61,47,3
170944871,151,170944928,2*7*11*17*53,53,2,3
170944871,151,170944995,3*5*13*19*29*37*43,43,5,3
170944871,151,170945019,3*7*79*107,107,3,3
171051719,197,171051738,2*3*11*13*31*59*109,109,3,2
171051719,197,171051829,13*53*113,113,13,2
171051719,197,171051831,3*29*31,31,29,2
171051719,197,171051847,47*109*173*193,193,47,2
171051719,197,171051851,19*23*37*71*149,149,19,2
171051719,197,171051894,2*3*13*47*103*151,151,2,2
184131653,167,184131675,3*5*7*13*17*23,23,5,4
184131653,167,184131684,2*3*11*37*59*71,71,3,4
184131653,167,184131699,3*53*79*107*137,137,53,4
184131653,167,184131738,2*3*7*41*109,109,7,4
184131653,167,184131805,5*11*13*43*53*113,113,11,4
184131653,167,184131816,2*3*11*31*149*151,151,2,4
185794463,115,185794479,3*13*17*97*107,107,13,3
185794463,115,185794532,2*7*11*29*31*61,61,7,3
185794463,115,185794560,2*3*5*7,7,2,3
185794463,115,185794575,3*5*23*37*41*71,71,3,3
185843527,155,185843546,2*7*47*53*73,73,7,4
185843527,155,185843592,2*3*11*17*43*107,107,3,4
185843527,155,185843636,2*11*19*31*71*101,101,11,4
185843527,155,185843658,2*3*7*11*13*29*97,97,2,4
190296389,109,190296400,2*5*7*19*73,73,5,4
190296389,109,190296414,2*3*7*11*31*43*103,103,3,4
190296389,109,190296457,13*19*23*41*43,43,13,4
190296389,109,190296476,2*19*31*37*59,59,2,4
190726201,105,190726224,2*3*13*53*73*79,79,3,4
190726201,105,190726235,5*7*23*47*71,71,7,4
190726201,105,190726250,2*5*11*13*97,97,5,4
190726201,105,190726260,2*3*5*31*41*61,61,2,4
190864901,169,190864950,2*3*5*17*29*89,89,5,3
190864901,169,190864960,2*5*11*13*43*97,97,11,3
190864901,169,190864974,2*3*61*83*103,103,3,3
190864901,169,190865057,83*97*151*157,157,83,3
190864901,169,190865070,2*3*5*11*19*73*139,139,2,3
191789243,163,191789250,2*3*5*31*73*113,113,5,3
191789243,163,191789304,2*3*7*89*101*127,127,2,3
191789243,163,191789312,2*11*13*31,31,11,3
191789243,163,191789325,3*5*7*13*17*19*29,29,3,3
191912783,247,191912875,5*7*11*127*157,157,7,4
191912783,247,191912940,2*3*5*31*163*211,211,2,4
191912783,247,191912985,3*5*11*47*73*113,113,11,4
191912783,247,191913000,2*3*5*17*53*71,71,5,4
191912783,247,191913015,3*5*7*19*61*83,83,3,4
191935769,193,191935798,2*37*89*151*193,193,37,4
191935769,193,191935840,2*5*83*97*149,149,5,4
191935769,193,191935872,2*3*19*37*79,79,3,4
191935769,193,191935920,2*3*5*11*23*29*109,109,2,4
194442769,183,194442776,2*11*101*131*167,167,11,3
194442769,183,194442807,3*13*37*47*61,61,3,3
194442769,183,194442930,2*3*5*11*139*157,157,2,3
194442769,183,194442943,23*31*71*167,167,23,3
198176413,177,198176440,2*5*7*11*37*47,47,2,4
198176413,177,198176517,3*7*11*19*29*173,173,7,4
198176413,177,198176556,2*3*23*61*79*149,149,3,4
198176413,177,198176575,5*29*41*59*113,113,5,4
202813729,131,202813757,17*41*43*67*101,101,17,4
202813729,131,202813793,7*13*23*109*127,127,7,4
202813729,131,202813798,2*11*37*41*59*103,103,11,4
202813729,131,202813842,2*3*7*11*17*31,31,2,4
203743831,161,203743844,2*17*23*79*97,97,17,4
203743831,161,203743872,2*3*47*53*71,71,47,4
203743831,161,203743890,2*3*5*7*23*43*109,109,2,4
203743831,161,203743904,2*7*13*31*37*61,61,7,4
203743831,161,203743941,3*37*97*127*149,149,3,4
206869807,171,206869812,2*3*37*53*59*149,149,3,3
206869807,171,206869820,2*5*23*31*89*163,163,5,3
206869807,171,206869947,3*43*83*139,139,43,3
206869807,171,206869960,2*5*11*37*97*131,131,2,3
209048041,165,209048112,2*3*7*13*43*53,53,7,3
209048041,165,209048150,2*5*17*23*37,37,5,3
209048041,165,209048184,2*3*17*19*89*101,101,3,3
209048041,165,209048192,2*97*113*149,149,2,3
209406671,121,209406680,2*5*7*17*29*37*41,41,5,3
209406671,121,209406704,2*13*97*107,107,13,3
209406671,121,209406714,2*3*11*17*19*47,47,2,3
209406671,121,209406717,3*13*37*61,61,3,3
209554693,159,209554699,17*31*101*127,127,17,3
209554693,159,209554725,3*5*23*29*59*71,71,3,3
209554693,159,209554792,2*31*53*107*149,149,31,3
209554693,159,209554800,2*3*5*7*13*19*101,101,2,3
210483671,137,210483672,2*3*7*19*23*47*61,61,7,3
210483671,137,210483750,2*3*5*37*41,41,3,3
210483671,137,210483796,2*43*103*109,109,43,3
210483671,137,210483798,2*3*7*29*59*101,101,2,3
210848851,119,210848866,2*23*37*43*67,67,23,3
210848851,119,210848909,17*19*43*47,47,17,3
210848851,119,210848913,3*11*71*101,101,11,3
210848851,119,210848946,2*3*7*11*53*79*109,109,3,3
210848851,119,210848960,2*5*7*17*113,113,2,3
214240729,117,214240768,2*7*23*113,113,23,3
214240729,117,214240796,2*7*11*71*97*101,101,7,3
214240729,117,214240800,2*3*5*17*59*89,89,2,3
214240729,117,214240845,3*5*7*13*31*61*83,83,3,3
215949407,211,215949427,37*139*199*211,211,37,2
215949407,211,215949440,2*5*7*19*43*59,59,5,2
215949407,211,215949483,3*43*83,83,3,2
215949407,211,215949538,2*7*17*37*137*179,179,7,2
215949407,211,215949566,2*7*83*139*191,191,2,2
216668603,235,216668641,7*31*41*71,71,7,2
216668603,235,216668672,2*11*17*31*73,73,11,2
216668603,235,216668760,2*3*5*7*11*131*179,179,2,2
216668603,235,216668797,79*149*233,233,79,2
217079321,161,217079370,2*3*5*19*37*47*73,73,3,4
217079321,161,217079408,2*7*13*19*59,59,7,4
217079321,161,217079445,3*5*11*83*131,131,5,4
217079321,161,217079460,2*3*5*13*17*107,107,2,4
217478143,147,217478144,2*13*17*31,31,17,3
217478143,147,217478248,2*13*23*59*67,67,13,3
217478143,147,217478250,2*3*5*11*29*101,101,3,3
217478143,147,217478268,2*3*7*31*41*97,97,2,3
221287279,167,221287296,2*3*53*83*131,131,53,4
221287279,167,221287300,2*5*13*17*19*31,31,5,4
221287279,167,221287332,2*3*7*41*67*137,137,3,4
221287279,167,221287374,2*3*7*11*43*47*79,79,2,4
226342561,197,226342575,3*5*89*127,127,5,3
226342561,197,226342616,2*37*67*101*113,113,37,3
226342561,197,226342632,2*3*23*41*73*137,137,2,3
226342561,197,226342701,3*13*23*53,53,3,3
230571379,173,230571411,3*7*107*137,137,7,3
230571379,173,230571425,5*7*17*47*97,97,5,3
230571379,173,230571460,2*5*7*19*29*61,61,19,3
230571379,173,230571522,2*3*67*73*97,97,3,3
230571379,173,230571528,2*3*11*59*113*131,131,2,3
231293107,173,231293200,2*5*73*89,89,5,3
231293107,173,231293216,2*7*11*37*43*59,59,7,3
231293107,173,231293232,2*3*19*31*101,101,2,3
231293107,173,231293259,3*41*43*113,113,3,3
234725761,185,234725764,2*7*13*23*53,53,7,4
234725761,185,234725800,2*5*17*31*131,131,5,4
234725761,185,234725868,2*3*13*17*163*181,181,3,4
234725761,185,234725876,2*7*11*103*151,151,2,4
239065199,203,239065218,2*3*7*47*73*79,79,7,3
239065199,203,239065240,2*5*173*179*193,193,5,3
239065199,203,239065266,2*3*11*23*103*139,139,3,3
239065199,203,239065344,2*3*7*61,61,2,3
244180303,125,244180316,2*17*37*43*61,61,17,3
244180303,125,244180328,2*7*23*53*73,73,7,3
244180303,125,244180400,2*5*19*89,89,19,3
244180303,125,244180420,2*5*11*23*41*107,107,5,3
244180303,125,244180428,2*3*31*67*97*101,101,2,3
250479041,107,250479054,2*3*7*17*61*71,71,7,3
250479041,107,250479060,2*3*5*13*53*73*83,83,3,3
250479041,107,250479085,5*23*37*43,43,5,3
250479041,107,250479108,2*3*11*23*89*103,103,2,3
253845367,171,253845382,2*7*37*73*137,137,7,2
253845367,171,253845411,3*17*23*97,97,3,2
253845367,171,253845512,2*43*131,131,43,2
253845367,171,253845522,2*3*7*61*101*109,109,2,2
256222727,145,256222743,3*7*29*37*83*137,137,7,3
256222727,145,256222754,2*79*113*127,127,79,3
256222727,145,256222776,2*3*17*41*53,53,3,3
256222727,145,256222812,2*3*31*71*89*109,109,2,3
257737343,167,257737356,2*3*19*23*43*127,127,19,4
257737343,167,257737410,2*3*5*7*31*53*83,83,7,4
257737343,167,257737425,3*5*11*17*23*47,47,3,4
257737343,167,257737480,2*5*7*11*13*41*157,157,5,4
257737343,167,257737500,2*3*5*29*79,79,2,4
259839887,139,259839900,2*3*5*17*37,37,3,3
259839887,139,259839954,2*3*11*31*103*137,137,11,3
259839887,139,259839970,2*5*13*23*43*47,47,5,3
259839887,139,259840000,2*5*7*29,29,2,3
261809363,187,261809390,2*5*29*73*83*149,149,5,4
261809363,187,261809499,3*7*43*61*97,97,7,4
261809363,187,261809506,2*7*23*29*53,53,23,4
261809363,187,261809520,2*3*5*7*17*89*103,103,3,4
261809363,187,261809550,2*3*5*19*59*173,173,2,4
262051253,127,262051273,11*47*59*71,71,11,3
262051253,127,262051328,2*7*11*17*23,23,7,3
262051253,127,262051344,2*3*19*71,71,3,3
262051253,127,262051374,2*3*13*23*43*79,79,2,3
265490243,197,265490244,2*3*29*37*79,79,29,4
265490243,197,265490325,3*5*19*127*163,163,5,4
265490243,197,265490382,2*3*19*89*137*191,191,3,4
265490243,197,265490428,2*7*17*43*109,109,2,4
267546091,179,267546120,2*3*5*23*31*53*59,59,3,3
267546091,179,267546125,5*7*11*19,19,5,3
267546091,179,267546244,2*7*31*61*163,163,7,3
267546091,179,267546258,2*3*7*19*23*43*113,113,2,3
270776147,151,270776165,5*11*31*47*109,109,5,4
270776147,151,270776212,2*7*37*47*67*83,83,7,4
270776147,151,270776220,2*3*5*11*13*19*151,151,3,4
270776147,151,270776250,2*3*5*71*113,113,2,4
270791503,203,270791505,3*5*61*97*113,113,3,4
270791503,203,270791534,2*13*19*47*107*109,109,13,4
270791503,203,270791640,2*3*5*7*17*43,43,2,4
270791503,203,270791675,5*7*11*41*47*73,73,5,4
275186893,153,275186912,2*7*11*13*71,71,7,3
275186893,153,275186956,2*11*17*19*67,67,11,3
275186893,153,275186974,2*29*47*59,59,29,3
275186893,153,275187024,2*3*7*17*53*101,101,2,3
276594887,143,276594912,2*3*11*89*109,109,3,4
276594887,143,276594964,2*17*23*101*103,103,17,4
276594887,143,276595000,2*5*11*47*107,107,5,4
276594887,143,276595020,2*3*5*13*31*41,41,2,4
284491367,233,284491439,23*53*73*139,139,23,3
284491367,233,284491526,2*11*31*43*89*109,109,11,3
284491367,233,284491557,3*7*31*37*127,127,3,3
284491367,233,284491600,2*5*17*23*107,107,2,3
297376561,185,297376596,2*3*11*73*127,127,11,4
297376561,185,297376614,2*3*17*23*29*31*47,47,3,4
297376561,185,297376638,2*3*13*19*59*179,179,2,4
297376561,185,297376733,17*19*37*149*167,167,17,4
300335723,157,300335724,2*3*13*59*73*149,149,13,4
300335723,157,300335736,2*3*17*19*43*53,53,3,4
300335723,157,300335840,2*5*7*23*89*131,131,2,4
300335723,157,300335875,5*7*47*67*109,109,5,4
302008121,155,302008135,5*11*13*19*43*47,47,5,4
302008121,155,302008154,2*7*19*73*103*151,151,7,4
302008121,155,302008239,3*13*23*89*97,97,3,4
302008121,155,302008262,2*23*29*31*67*109,109,2,4
302729201,221,302729240,2*5*11*41*97*173,173,11,4
302729201,221,302729260,2*5*29*31*113*149,149,2,4
302729201,221,302729322,2*3*7*31*41*53*107,107,3,4
302729201,221,302729375,5*13*19*37*53,53,5,4
305647201,111,305647210,2*5*11*41*61*101,101,5,4
305647201,111,305647251,3*7*13*41*47*83,83,7,4
305647201,111,305647290,2*3*5*13*31*53,53,3,4
305647201,111,305647300,2*5*7*19*67,67,2,4
310845683,205,310845700,2*5*11*19*107*139,139,5,4
310845683,205,310845708,2*3*127*131*173,173,127,4
310845683,205,310845780,2*3*5*7*29*47*181,181,3,4
310845683,205,310845882,2*3*43*79*101*151,151,2,4
317914643,103,317914650,2*3*5*19*103,103,5,4
317914643,103,317914656,2*3*37*41*59,59,37,4
317914643,103,317914674,2*3*7*11*47,47,3,4
317914643,103,317914688,2*7*13*17*19,19,2,4
325746439,153,325746500,2*5*43*109*139,139,43,4
325746439,153,325746520,2*5*11*17*37*107,107,5,4
325746439,153,325746564,2*3*11*13*19*97*103,103,3,4
325746439,153,325746586,2*11*43*53*73*89,89,2,4
330635027,139,330635041,11*43*53*109,109,11,3
330635027,139,330635074,2*7*11*17*19*23,23,7,3
330635027,139,330635115,3*5*59*101*137,137,3,3
330635027,139,330635150,2*5*19*31*103*109,109,2,3
331687397,191,331687425,3*5*17*37*79*89,89,5,3
331687397,191,331687499,11*13*37*41*139,139,11,3
331687397,191,331687500,2*3*5*29*61,61,3,3
331687397,191,331687544,2*17*113*191,191,2,3
336075937,195,336075960,2*3*5*11*31*43*191,191,5,5
336075937,195,336076086,2*3*71*73*101*107,107,2,5
336075937,195,336076104,2*3*7*13*19*89,89,7,5
336075937,195,336076125,3*5*7*11*103*113,113,3,5
340874819,181,340874820,2*3*5*11*13*17*19*41,41,11,3
340874819,181,340874858,2*19*23*37*83*127,127,19,3
340874819,181,340874895,3*5*37*67*89*103,103,3,3
340874819,181,340874950,2*5*13*23*151,151,5,3
340874819,181,340875000,2*3*5*101,101,2,3
341933311,165,341933319,3*7*13*47,47,3,3
341933311,165,341933410,2*5*7*13*17*23*31,31,7,3
341933311,165,341933440,2*5*41*83*157,157,5,3
341933311,165,341933460,2*3*5*11*47*73*151,151,2,3
350153737,135,350153755,5*7*19*37*107,107,5,4
350153737,135,350153760,2*3*5*11*17*47*83,83,2,4
350153737,135,350153804,2*7*11*13*31,31,7,4
350153737,135,350153859,3*11*29*43*67*127,127,3,4
353347409,209,353347488,2*3*13*163*193,193,13,3
353347409,209,353347584,2*3*17*199,199,3,3
353347409,209,353347598,2*19*43*47*107,107,19,3
353347409,209,353347610,2*5*7*11*31*113*131,131,2,3
367876529,241,367876542,2*3*11*29*101*173,173,11,3
367876529,241,367876566,2*3*17*31*139,139,2,3
367876529,241,367876600,2*5*7*13*17*29*41,41,5,3
367876529,241,367876665,3*5*13*61,61,3,3
374425451,137,374425464,2*3*7*23*109*127,127,7,4
374425451,137,374425500,2*3*5*47*113,113,2,4
374425451,137,374425510,2*5*17*23*43*131,131,5,4
374425451,137,374425533,3*19*23*31*37*83,83,3,4
409866323,223,409866325,5*11*23*43*137,137,5,4
409866323,223,409866380,2*5*7*11*193*197,197,2,4
409866323,223,409866381,3*41*61*131*139,139,3,4
409866323,223,409866457,7*11*13*71*73*79,79,7,4
412933993,149,412934012,2*17*31*71*89,89,17,4
412933993,149,412934074,2*7*29*31*43*109,109,7,4
412933993,149,412934130,2*3*5*7*53*83*149,149,3,4
412933993,149,412934132,2*13*29*61*67,67,2,4
418131953,143,418131968,2*31*37*89,89,31,3
418131953,143,418132000,2*5*11*13*17*43,43,5,3
418131953,143,418132088,2*11*19*23*83*131,131,11,3
418131953,143,418132092,2*3*7*29*31*113,113,2,3
418857979,177,418858050,2*3*5*13*31*41,41,3,4
418857979,177,418858110,2*3*5*11*59*71*101,101,11,4
418857979,177,418858125,3*5*7*47*97,97,5,4
418857979,177,418858152,2*3*23*53*103*139,139,2,4
434865437,233,434865440,2*5*17*29*37*149,149,5,4
434865437,233,434865504,2*3*131*151*229,229,3,4
434865437,233,434865508,2*7*11*17*23*157,157,7,4
434865437,233,434865600,2*3*5*13*23*101,101,2,4
438759407,211,438759477,3*13*17*23*139,139,13,4
438759407,211,438759492,2*3*31*73*107*151,151,31,4
438759407,211,438759552,2*3*7*11*19*71,71,3,4
438759407,211,438759616,2*31*37*43*139,139,2,4
445938401,151,445938402,2*3*7*13*59*109*127,127,3,4
445938401,151,445938410,2*5*31*79*131*139,139,5,4
445938401,151,445938416,2*7*11*83*89,89,7,4
445938401,151,445938550,2*5*19*41*107,107,2,4
460029811,147,460029824,2*19*43*53*83,83,19,2
460029811,147,460029843,3*7*13*17*19*37*47,47,7,2
460029811,147,460029900,2*3*5*11*19*23*29,29,5,2
460029811,147,460029930,2*3*5*53*103,103,3,2
460029811,147,460029952,2*101*139,139,2,2
465828497,233,465828594,2*3*7*11*17*37*229,229,7,4
465828497,233,465828624,2*3*19*29*103,103,19,4
465828497,233,465828660,2*3*5*11*23*53*193,193,3,4
465828497,233,465828714,2*3*13*79*113*223,223,2,4
478372637,163,478372650,2*3*5*7*73*79,79,3,4
478372637,163,478372700,2*5*13*53*131,131,5,4
478372637,163,478372741,7*11*17*37*83,83,7,4
478372637,163,478372764,2*3*43*67*101*137,137,2,4
505264957,113,505264970,2*5*7*29*31*37,37,5,4
505264957,113,505265024,2*11*17*19*101,101,11,4
505264957,113,505265040,2*3*5*7*47*79,79,3,4
505264957,113,505265058,2*3*17*23*41*103,103,2,4
507382861,155,507382872,2*3*41*61*79*107,107,41,4
507382861,155,507382944,2*3*23*97*103,103,2,4
507382861,155,507382954,2*13*19*41*47,47,13,4
507382861,155,507382995,3*5*7*41*113*149,149,3,4
515011489,197,515011496,2*41*73*137*157,157,41,3
515011489,197,515011584,2*3*23*37*197,197,3,3
515011489,197,515011625,5*19*101*113,113,5,3
515011489,197,515011653,3*13*23*53*157,157,13,3
515011489,197,515011680,2*3*5*31*83*139,139,2,3
516540163,249,516540252,2*3*43*67*223,223,3,4
516540163,249,516540336,2*3*13*71*89*131,131,13,4
516540163,249,516540375,3*5*13*61*193,193,5,4
516540163,249,516540402,2*3*7*29*113*139,139,2,4
537919441,197,537919488,2*3*19,19,19,2
537919441,197,537919525,5*11*13*17*53*167,167,11,2
537919441,197,537919536,2*3*7*11*101*131,131,7,2
537919441,197,537919550,2*5*7*29*67*113,113,5,2
537919441,197,537919560,2*3*5*89*103*163,163,3,2
537919441,197,537919564,2*7*13*19*31*193,193,2,2
572895187,155,572895192,2*3*43*59*97,97,3,3
572895187,155,572895225,3*5*7*61*67*89,89,5,3
572895187,155,572895232,2*7*13*29*53,53,7,3
572895187,155,572895314,2*31*47*89,89,2,3
578432929,197,578432976,2*3*11*67*83*197,197,11,4
578432929,197,578432988,2*3*7*37*61*113,113,7,4
578432929,197,578433024,2*3*13*17*71,71,3,4
578432929,197,578433043,29*41*53*67*137,137,29,4
578432929,197,578433072,2*3*7*23*29*89,89,2,4
613061857,203,613061865,3*5*13*53,53,5,3
613061857,203,613061904,2*3*7*13*19*83*89,89,7,3
613061857,203,613061922,2*3*11*17*43*97*131,131,3,3
613061857,203,613062030,2*3*5*7*29*73*197,197,2,3
616499953,153,616499968,2*7*17*59,59,17,3
616499953,153,616500000,2*3*5*137,137,3,3
616499953,153,616500038,2*7*11*29*31*61*73,73,7,3
616499953,153,616500096,2*3*23*29*83,83,2,3
616882127,169,616882144,2*31*47*101*131,131,31,4
616882127,169,616882230,2*3*5*17*109*137,137,3,4
616882127,169,616882264,2*17*23*53*61,61,17,4
616882127,169,616882266,2*3*7*11*13*67*73,73,2,4
638926111,179,638926149,3*73*139*151,151,73,3
638926111,179,638926200,2*3*5*11*23*61,61,3,3
638926111,179,638926281,3*7*19*59*83*109,109,7,3
638926111,179,638926288,2*7*11*13*41*139,139,2,3
649580171,275,649580251,17*29*37*149*239,239,29,3
649580171,275,649580260,2*5*7*23*179,179,7,3
649580171,275,649580265,3*5*19*59*79*163,163,19,3
649580171,275,649580268,2*3*17*109*131*223,223,17,3
649580171,275,649580288,2*7*37*97*101,101,37,3
649580171,275,649580360,2*5*11*13*19*43*139,139,2,3
649580171,275,649580399,13*37*61*131,131,13,3
649580171,275,649580400,2*3*5*7*149*173,173,3,3
649580171,275,649580425,5*13*29*41,41,5,3
651446077,119,651446087,37*43*71*73*79,79,37,4
651446077,119,651446130,2*3*5*41*43*109*113,113,5,4
651446077,119,651446160,2*3*5*19*73*103,103,3,4
651446077,119,651446180,2*5*7*11*89*97,97,2,4
669851687,163,669851721,3*7*11*43*59*127,127,7,5
669851687,163,669851736,2*3*53*61*89*97,97,53,5
669851687,163,669851796,2*3*67*73*101*113,113,3,5
669851687,163,669851850,2*3*5*17*41*43*149,149,2,5
672729179,167,672729189,3*11*41*47*71*149,149,11,4
672729179,167,672729300,2*3*5*23*157,157,5,4
672729179,167,672729330,2*3*5*7*13*47*107,107,3,4
672729179,167,672729338,2*17*37*97*149,149,2,4
686748857,145,686748898,2*11*17*107*131,131,11,4
686748857,145,686748920,2*5*11*13*19*71*89,89,5,4
686748857,145,686748942,2*3*11*29*97*137,137,3,4
686748857,145,686748960,2*3*5*47*73*139,139,2,4
688070099,161,688070130,2*3*5*11*37*47*109,109,3,4
688070099,161,688070240,2*5*11*13*17*29*61,61,5,4
688070099,161,688070241,3*37*41*107*157,157,37,4
688070099,161,688070250,2*3*5*7*79,79,2,4
693103639,243,693103735,5*23*31*79*107,107,5,3
693103639,243,693103770,2*3*5*17*29*41*127,127,3,3
693103639,243,693103824,2*3*7*137*239,239,2,3
693103639,243,693103873,7*11*23*163,163,7,3
693359881,195,693359950,2*5*31*43*101*103,103,5,3
693359881,195,693359977,17*61*97*113,113,17,3
693359881,195,693360000,2*3*5*107,107,2,3
693359881,195,693360027,3*19*47*149*193,193,3,3
706197307,201,706197325,5*41*47*107*137,137,5,4
706197307,201,706197366,2*3*7*41*61*83,83,7,4
706197307,201,706197420,2*3*5*67*131*149,149,3,4
706197307,201,706197432,2*3*59*79*107,107,2,4
731075729,221,731075761,13*29*113*131,131,13,2
731075729,221,731075852,2*13*31*43*53*199,199,2,2
731075729,221,731075895,3*5*11*43*107,107,3,2
731075729,221,731075917,11*13*179,179,11,2
737033593,173,737033598,2*3*7*19*61*103,103,3,4
737033593,173,737033674,2*13*17*19*43*157,157,13,4
737033593,173,737033696,2*7*47*73*137,137,7,4
737033593,173,737033742,2*3*17*31*89*97,97,2,4
737630503,155,737630544,2*3*7*17*29*61*73,73,2,4
737630503,155,737630605,5*61*127*137*139,139,5,4
737630503,155,737630608,2*11*13*23*107*131,131,11,4
737630503,155,737630631,3*23*29*37*41,41,3,4
744274873,149,744274908,2*3*13*29*31*61,61,13,4
744274873,149,744274944,2*3*7*83*139,139,3,4
744274873,149,744274960,2*5*11*13*17*43*89,89,5,4
744274873,149,744274986,2*3*7*13*23*47*97,97,2,4
748682173,105,748682176,2*11*17*47,47,11,3
748682173,105,748682240,2*5*31*53*89,89,5,3
748682173,105,748682244,2*3*17*83,83,3,3
748682173,105,748682270,2*5*7*19*29*47*59,59,2,3
770818681,179,770818720,2*5*7*31*149,149,7,4
770818681,179,770818750,2*5*13*53*179,179,5,4
770818681,179,770818753,29*47*61*73*127,127,29,4
770818681,179,770818800,2*3*5*47*79*173,173,2,4
784851703,167,784851735,3*5*67*83*97,97,5,4
784851703,167,784851750,2*3*5*17*71,71,3,4
784851703,167,784851807,3*37*41*59*79,79,37,4
784851703,167,784851848,2*11*19*41*107,107,2,4
807159229,191,807159276,2*3*7*11*31*101,101,2,5
807159229,191,807159294,2*3*47*59*103*157,157,3,5
807159229,191,807159320,2*5*11*17*29*61,61,5,5
807159229,191,807159353,7*11*13*59*79*173,173,7,5
821843123,155,821843172,2*3*17*67*131,131,2,2
821843123,155,821843175,3*5*47*53*83,83,5,2
821843123,155,821843176,2*7*11*19*23*43*71,71,7,2
821843123,155,821843214,2*3*19*59*109,109,19,2
821843123,155,821843253,3*7*11,11,3,2
896591473,177,896591475,3*5*13*17*19*73,73,5,4
896591473,177,896591520,2*3*5*11*23*107,107,2,4
896591473,177,896591608,2*11*19*29*41,41,11,4
896591473,177,896591619,3*7*11*53*79*103,103,3,4
936415427,209,936415440,2*3*5*79*101*163,163,3,4
936415427,209,936415450,2*5*31*67*71*127,127,31,4
936415427,209,936415510,2*5*29*131*157,157,5,4
936415427,209,936415636,2*13*31*61*89*107,107,2,4
938101799,247,938101905,3*5*13*17*47*223,223,5,5
938101799,247,938101920,2*3*5*7*23*61*199,199,3,5
938101799,247,938101976,2*7*29*41*73*193,193,7,5
938101799,247,938102004,2*3*7*131*157*181,181,2,5
950376223,207,950376228,2*3*17*37*41*83,83,17,5
950376223,207,950376240,2*3*5*11*67*199,199,3,5
950376223,207,950376284,2*11*13*23*29*47*53,53,11,5
950376223,207,950376390,2*3*5*19*53*163*193,193,2,5
966174257,143,966174266,2*29*37*41*79*139,139,29,4
966174257,143,966174345,3*5*17*73*79,79,3,4
966174257,143,966174365,5*13*31*53*83*109,109,5,4
966174257,143,966174396,2*3*11*17*19*31*43,43,2,4
967173059,233,967173120,2*3*5*139*151,151,3,4
967173059,233,967173180,2*3*5*17*193,193,5,4
967173059,233,967173207,3*7*11*13*19*23*67,67,7,4
967173059,233,967173214,2*7*17*107*163*233,233,2,4
997073653,143,997073670,2*3*5*41*61*97*137,137,5,3
997073653,143,997073698,2*17*47*127,127,17,3
997073653,143,997073766,2*3*13*17*29*43*67,67,3,3
997073653,143,997073792,2*11*13*19*47*61,61,2,3
1008485741,161,1008485815,5*17*41*47*131,131,17,4
1008485741,161,1008485856,2*3*7*41*83,83,3,4
1008485741,161,1008485875,5*29*37*73*103,103,5,4
1008485741,161,1008485876,2*19*23*67*79*109,109,2,4
1015027021,185,1015027038,2*3*107*131*149,149,3,4
1015027021,185,1015027040,2*5*43*47*73,73,5,4
1015027021,185,1015027169,13*43*83*131*167,167,13,4
1015027021,185,1015027200,2*3*5*11*89,89,2,4
1054393517,223,1054393535,5*13*47*139*191,191,13,4
1054393517,223,1054393540,2*5*43*61*101*199,199,43,4
1054393517,223,1054393600,2*5*13*19*23*29,29,5,4
1054393517,223,1054393669,7*17*23*31*43,43,7,4
1054393517,223,1054393740,2*3*5*67*151*193,193,2,4
1055281621,185,1055281662,2*3*37*43*71*173,173,37,5
1055281621,185,1055281722,2*3*11*23*73*89*107,107,3,5
1055281621,185,1055281766,2*7*11*17*131*181,181,7,5
1055281621,185,1055281788,2*3*11*31*47*59,59,2,5
1061636371,221,1061636375,5*37*53*61*71,71,5,4
1061636371,221,1061636400,2*3*5*11*17*19*83,83,3,4
1061636371,221,1061636553,3*17*23*29*101*103,103,17,4
1061636371,221,1061636576,2*7*11*13*23*131,131,2,4
1065241591,147,1065241623,3*31*41*43*73*89,89,3,3
1065241591,147,1065241688,2*7*19*23*29*79,79,7,3
1065241591,147,1065241696,2*59*73*131,131,59,3
1065241591,147,1065241710,2*3*5*13*67*107*127,127,2,3
1088680003,137,1088680010,2*5*11*29*31*101*109,109,11,4
1088680003,137,1088680040,2*5*7*79*89,89,5,4
1088680003,137,1088680068,2*3*7*17*23*29*127,127,2,4
1088680003,137,1088680119,3*17*37*67*79*109,109,3,4
1118538637,209,1118538712,2*37*41*47*53,53,37,4
1118538637,209,1118538784,2*11*127*131*191,191,11,4
1118538637,209,1118538816,2*3*19*29*97*109,109,3,4
1118538637,209,1118538828,2*3*11*71*89*149,149,2,4
1140352403,175,1140352500,2*3*5*7*29*107,107,3,2
1140352403,175,1140352544,2*61*157,157,61,2
1140352403,175,1140352558,2*23*29*53*127,127,23,2
1140352403,175,1140352564,2*13*19*73*97*163,163,2,2
1168363289,227,1168363430,2*5*13*23*37*59*179,179,13,4
1168363289,227,1168363455,3*5*7*29*101*131,131,5,4
1168363289,227,1168363500,2*3*5*61*113,113,3,4
1168363289,227,1168363504,2*7*11*19*37*71,71,2,4
1235806753,113,1235806754,2*7*13*29*31*83,83,7,4
1235806753,113,1235806759,11*19*67*71*113,113,11,4
1235806753,113,1235806772,2*17*97*103*107,107,17,4
1235806753,113,1235806830,2*3*5*41*53*71*89,89,2,4
1254607819,147,1254607848,2*3*13*19*47*79,79,13,5
1254607819,147,1254607860,2*3*5*11*29*59*101,101,5,5
1254607819,147,1254607914,2*3*7*37*71*83*137,137,3,5
1254607819,147,1254607956,2*3*7*17*23*107,107,2,5
1258157011,149,1258157025,3*5*29*61*109,109,5,3
1258157011,149,1258157043,3*11*13*149,149,11,3
1258157011,149,1258157124,2*3*7*19*43*97,97,3,3
1258157011,149,1258157160,2*3*5*13*41*79*83,83,2,3
1276658689,203,1276658691,3*7*11*43*61,61,7,4
1276658689,203,1276658697,3*19*41*47*59*197,197,19,4
1276658689,203,1276658820,2*3*5*41*43*149,149,3,4
1276658689,203,1276658838,2*3*7*13*23*47*103,103,2,4
1294268491,287,1294268514,2*3*7*11*17*71*211,211,7,4
1294268491,287,1294268616,2*3*17*89*109,109,17,4
1294268491,287,1294268650,2*5*17*23*239*277,277,5,4
1294268491,287,1294268724,2*3*7*29*31*197,197,3,4
1294268491,287,1294268752,2*7*17*19*269,269,2,4
1299940693,129,1299940700,2*5*17*67*101*113,113,2,5
1299940693,129,1299940752,2*3*11*41*53*103,103,11,5
1299940693,129,1299940758,2*3*37*47*109*127,127,3,5
1299940693,129,1299940805,5*29*47*53*59*61,61,5,5
1305816419,193,1305816420,2*3*5*19*167,167,5,4
1305816419,193,1305816444,2*3*17*23*107,107,3,4
1305816419,193,1305816512,2*7*11*13*17*109,109,7,4
1305816419,193,1305816596,2*7*31*79*137*139,139,2,4
1350467567,181,1350467685,3*5*7*47*83*157,157,5,3
1350467567,181,1350467708,2*29*109*127,127,29,3
1350467567,181,1350467712,2*3*11*19*71*79,79,3,3
1350467567,181,1350467734,2*7*11*73*131,131,2,3
1364619967,123,1364620000,2*5*31*71,71,5,3
1364619967,123,1364620056,2*3*17*29*41*97,97,3,3
1364619967,123,1364620088,2*13*37*67*79,79,13,3
1364619967,123,1364620090,2*5*17*19*47*89*101,101,2,3
1385305853,217,1385305888,2*43*97*107,107,43,3
1385305853,217,1385305974,2*3*13*37*43*61,61,2,3
1385305853,217,1385305985,5*7*23*97*113*157,157,5,3
1385305853,217,1385306001,3*79*101*191,191,3,3
1394244329,133,1394244341,7*17*43*53*97,97,17,4
1394244329,133,1394244360,2*3*5*23*37*41,41,2,4
1394244329,133,1394244375,3*5*17*31*83,83,3,4
1394244329,133,1394244397,7*13*29*37*109*131,131,7,4
1438779821,265,1438779874,2*7*31*89*193,193,31,4
1438779821,265,1438779944,2*7*109*151*223,223,7,4
1438779821,265,1438780000,2*5*7*43*239,239,5,4
1438779821,265,1438780074,2*3*17*29*47*79*131,131,2,4
1464837727,215,1464837750,2*3*5*41*67*79,79,5,5
1464837727,215,1464837828,2*3*43*89*167*191,191,3,5
1464837727,215,1464837908,2*19*29*47*79*179,179,19,5
1464837727,215,1464837920,2*5*7*13*71*109,109,2,5
1486070629,213,1486070664,2*3*13*23*29*37*193,193,13,4
1486070629,213,1486070684,2*7*31*109*113*139,139,7,4
1486070629,213,1486070784,2*3*11*107*137,137,3,4
1486070629,213,1486070816,2*47*53*103*181,181,2,4
1498086431,251,1498086464,2*7*19*59*157,157,7,3
1498086431,251,1498086495,3*5*17*29*41*61,61,3,3
1498086431,251,1498086500,2*5*67*197*227,227,5,3
1498086431,251,1498086656,2*11*31*131,131,2,3
1566526369,167,1566526421,17*19*43*61,61,17,3
1566526369,167,1566526458,2*3*7*23*113*127,127,7,3
1566526369,167,1566526464,2*3*43*59*67,67,3,3
1566526369,167,1566526500,2*3*5*7*11*137,137,2,3
1588640437,249,1588640445,3*5*7*19*29*113,113,7,4
1588640437,249,1588640514,2*3*17*47*101*193,193,2,4
1588640437,249,1588640590,2*5*23*29*43*191,191,5,4
1588640437,249,1588640625,3*5*11*13*79,79,3,4
1610384351,181,1610384384,2*7*29*61*127,127,7,4
1610384351,181,1610384400,2*3*5*43*101*103,103,3,4
1610384351,181,1610384500,2*5*17*29*47*139,139,5,4
1610384351,181,1610384512,2*11*71*89*181,181,2,4
1747615567,173,1747615584,2*3*11*13*71*163,163,2,3
1747615567,173,1747615625,5*7*101*113,113,5,3
1747615567,173,1747615632,2*3*7*29*43*97,97,7,3
1747615567,173,1747615725,3*5*17*19*139*173,173,3,3
1806143617,179,1806143625,3*5*11*13*103*109,109,3,3
1806143617,179,1806143636,2*11*47*59*113*131,131,11,3
1806143617,179,1806143724,2*3*7*11*19*23*71,71,2,3
1806143617,179,1806143767,17*41*131*151,151,17,3
1980866813,185,1980866826,2*3*17*59*73*167,167,3,4
1980866813,185,1980866944,2*7*53*59*101,101,7,4
1980866813,185,1980866954,2*11*31*103*163*173,173,11,4
1980866813,185,1980866982,2*3*29*43*47*131,131,2,4
2018196289,203,2018196336,2*3*13*107*167*181,181,13,2
2018196289,203,2018196378,2*3*11*17*19*67*157,157,3,2
2018196289,203,2018196443,43*101*107,107,43,2
2018196289,203,2018196480,2*3*5*17*59*131,131,2,2
2048569301,197,2048569354,2*13*47*67*131*191,191,13,3
2048569301,197,2048569435,5*11*31*73*109*151,151,5,3
2048569301,197,2048569461,3*71*79*167,167,3,3
2048569301,197,2048569466,2*31*61*101*173,173,2,3
2105125261,185,2105125277,31*89*151*163,163,31,3
2105125261,185,2105125330,2*5*7*11*19*103*127,127,5,3
2105125261,185,2105125347,3*13*23*47*167,167,3,3
2105125261,185,2105125428,2*3*7*29*59*97*151,151,2,3
2130201461,151,2130201480,2*3*5*11*97*127*131,131,3,4
2130201461,151,2130201504,2*3*79*101*103,103,79,4
2130201461,151,2130201549,3*7*19*31*59*139,139,7,4
2130201461,151,2130201612,2*3*7*11*29*73,73,2,4
2144997721,179,2144997742,2*19*127*149*157,157,19,4
2144997721,179,2144997756,2*3*11*23*31*71*107,107,2,4
2144997721,179,2144997763,17*73*97*103*173,173,17,4
2144997721,179,2144997855,3*5*7*11*13*37,37,3,4
2176597583,205,2176597638,2*3*73*107*113*137,137,73,5
2176597583,205,2176597644,2*3*13*67*83*193,193,13,5
2176597583,205,2176597668,2*3*7*19*29*31*37*41,41,3,5
2176597583,205,2176597730,2*5*31*47*61*79,79,2,5
2213687389,171,2213687440,2*5*23*79*97*157,157,2,4
2213687389,171,2213687498,2*11*41*47*101,101,11,4
2213687389,171,2213687504,2*7*17*37*67,67,7,4
2213687389,171,2213687515,5*13*43*113*163,163,5,4
2259514133,203,2259514150,2*5*37*59*127*163,163,5,5
2259514133,203,2259514200,2*3*5*17*19*89*131,131,2,5
2259514133,203,2259514224,2*3*11*37*71*181,181,11,5
2259514133,203,2259514257,3*7*11*13*19*199,199,3,5
2267555639,283,2267555675,5*7*11*29*151*269,269,7,4
2267555639,283,2267555684,2*19*61*71*83,83,19,4
2267555639,283,2267555710,2*5*7*17*53*157*229,229,5,4
2267555639,283,2267555745,3*5*7*13*61*113*241,241,3,4
2267555639,283,2267555755,5*71*149*163*263,263,71,4
2267555639,283,2267555850,2*3*5*7*59*83,83,2,4
2300942549,319,2300942632,2*23*41*89*149,149,23,4
2300942549,319,2300942700,2*3*5*7*167,167,2,4
2300942549,319,2300942820,2*3*5*11*97*127*283,283,5,4
2300942549,319,2300942853,3*11*29*31*103*251,251,3,4
2361527633,179,2361527662,2*13*73*97*101*127,127,13,5
2361527633,179,2361527664,2*3*17*37*43*107,107,2,5
2361527633,179,2361527784,2*3*7*11*19*47*53,53,7,5
2361527633,179,2361527805,3*5*7*13*59*71,71,3,5
2364652447,203,2364652517,23*43*97*157,157,23,3
2364652447,203,2364652532,2*11*41*47*167,167,11,3
2364652447,203,2364652573,37*41*73*131*163,163,37,3
2364652447,203,2364652576,2*11*13*29*103*173,173,2,3
2398618979,179,2398618986,2*3*23*31*53*71*149,149,2,4
2398618979,179,2398619028,2*3*13*67*127*139,139,13,4
2398618979,179,2398619145,3*5*13*29*53*151,151,3,4
2398618979,179,2398619153,7*89*137*157*179,179,7,4
2428979387,181,2428979394,2*3*31*107*127,127,31,4
2428979387,181,2428979400,2*3*5*23*41*53,53,2,4
2428979387,181,2428979456,2*19*31*89*181,181,19,4
2428979387,181,2428979475,3*5*13*19*67*103,103,3,4
2433630109,303,2433630112,2*41*59*149*211,211,41,4
2433630109,303,2433630150,2*3*5*7*43*53*113,113,3,4
2433630109,303,2433630200,2*5*19*31*73*283,283,19,4
2433630109,303,2433630230,2*5*23*37*59*131,131,5,4
2433630109,303,2433630261,3*127*149*163*263,263,127,4
2433630109,303,2433630276,2*3*7*11*19*23*41,41,2,4
2507904761,199,2507904770,2*5*7*17*37*79*103,103,5,5
2507904761,199,2507904872,2*11*17*67*131*191,191,11,5
2507904761,199,2507904918,2*3*37*109*179*193,193,3,5
2507904761,199,2507904960,2*3*5*11*31*47*163,163,2,5
2527021333,239,2527021364,2*7*47*103*181,181,7,3
2527021333,239,2527021375,5*19*37*149*193,193,5,3
2527021333,239,2527021440,2*3*5*17*131*197,197,3,3
2527021333,239,2527021568,2*107*193*239,239,2,3
2758371433,209,2758371440,2*5*11*109*149*193,193,5,3
2758371433,209,2758371482,2*17*29*43*89,89,17,3
2758371433,209,2758371511,7*29*107*151,151,7,3
2758371433,209,2758371584,2*17*71*79*113,113,2,3
2772859289,131,2772859300,2*5*23*43*53,53,5,4
2772859289,131,2772859375,5*11*13*17*73,73,11,4
2772859289,131,2772859392,2*3*17*19*23,23,3,4
2772859289,131,2772859418,2*7*29*31*71*107,107,2,4
2797809229,177,2797809315,3*5*7*53*71*73*97,97,5,4
2797809229,177,2797809365,5*13*29*31*127,127,13,4
2797809229,177,2797809375,3*5*19*113*139,139,3,4
2797809229,177,2797809394,2*19*29*103*157,157,2,4
2835469829,221,2835469896,2*3*7*29*53*79*139,139,3,4
2835469829,221,2835469923,3*11*13*23*41*43*163,163,11,4
2835469829,221,2835470000,2*5*11*149*173,173,2,4
2835469829,221,2835470015,5*7*23*61*73*113,113,5,4
2910946607,251,2910946618,2*17*41*83*139*181,181,17,5
2910946607,251,2910946654,2*7*11*23*79*101*103,103,7,5
2910946607,251,2910946720,2*5*11*17*59*97,97,2,5
2910946607,251,2910946779,3*13*31*59*61*223,223,3,5
3299436341,199,3299436376,2*97*113*191*197,197,97,3
3299436341,199,3299436378,2*3*7*41*47*107*127,127,2,3
3299436341,199,3299436480,2*3*5*23*73*89,89,5,3
3299436341,199,3299436483,3*7*17*37*43*157,157,3,3
3299436341,199,3299436517,13*17*29*199,199,13,3
3312541879,131,3312541890,2*3*5*7*19*31*79*113,113,5,4
3312541879,131,3312541920,2*3*5*37*71,71,3,4
3312541879,131,3312541952,2*31*47*83*107,107,31,4
3312541879,131,3312541980,2*3*5*11*43*131,131,2,4
3408282139,233,3408282225,3*5*19*71*197,197,5,4
3408282139,233,3408282228,2*3*13*31*67*157,157,13,4
3408282139,233,3408282306,2*3*11*13*37*79*151,151,3,4
3408282139,233,3408282342,2*3*53*107*173*193,193,2,4
3536103113,227,3536103139,17*29*47*191,191,17,3
3536103113,227,3536103164,2*11*31*127*137*149,149,11,3
3536103113,227,3536103168,2*3*13*23*29*59,59,2,3
3536103113,227,3536103237,3*23*43*53*113*199,199,3,3
3649684751,257,3649684752,2*3*7*97*163*229,229,7,3
3649684751,257,3649684800,2*3*5*29*157*167,167,3,3
3649684751,257,3649684932,2*3*31*73*109*137,137,2,3
3649684751,257,3649684961,13*61*113*241,241,13,3
3875582749,173,3875582800,2*5*23*31*107*127,127,5,4
3875582749,173,3875582823,3*7*23*29*47,47,3,4
3875582749,173,3875582854,2*11*13*17*71*103*109,109,11,4
3875582749,173,3875582862,2*3*31*43*131*137,137,2,4
3920427139,141,3920427168,2*3*7*19*47*139,139,3,5
3920427139,141,3920427175,5*7*41*43*97*131,131,7,5
3920427139,141,3920427225,3*5*11*13*19*53,53,5,5
3920427139,141,3920427280,2*5*7*11*23*59*67,67,2,5
4481417099,209,4481417121,3*19*71*79*107*131,131,3,3
4481417099,209,4481417178,2*3*7*19*41*89,89,7,3
4481417099,209,4481417216,2*19*59*61,61,19,3
4481417099,209,4481417226,2*3*11*13*17*31*53,53,2,3
4600089937,189,4600089963,3*7*73*137*149,149,7,4
4600089937,189,4600089993,3*17*59*83*113*163,163,3,4
4600089937,189,4600090000,2*5*11*19*31*71,71,5,4
4600089937,189,4600090120,2*5*37*41*43,43,2,4
4634241901,171,4634241920,2*5*7*11*83*103,103,5,4
4634241901,171,4634241930,2*3*5*19*67*97*139,139,2,4
4634241901,171,4634241984,2*3*53*101*167,167,53,4
4634241901,171,4634242065,3*5*47*71*127,127,3,4
4649622149,241,4649622183,3*19*79*167*229,229,19,4
4649622149,241,4649622250,2*5*7*13*43*97,97,5,4
4649622149,241,4649622264,2*3*7*17*101*199,199,3,4
4649622149,241,4649622316,2*19*23*29*37*67,67,2,4
4673734001,269,4673734044,2*3*7*17*23*269,269,7,3
4673734001,269,4673734127,31*113*193*223,223,31,3
4673734001,269,4673734182,2*3*13*23*71*151,151,3,3
4673734001,269,4673734208,2*11*13*163*241,241,2,3
4745805343,173,4745805372,2*3*7*11*23*67*101,101,3,4
4745805343,173,4745805473,41*79*89*101*163,163,41,4
4745805343,173,4745805500,2*5*31*53*109,109,5,4
4745805343,173,4745805510,2*3*5*17*23*43*97,97,2,4
4932272869,209,4932272904,2*3*13*23*29*137*173,173,13,4
4932272869,209,4932272909,19*53*151*163*199,199,53,4
4932272869,209,4932273042,2*3*19*23*31*113*179,179,19,4
4932272869,209,4932273060,2*3*5*11*13*47*151,151,3,4
4932272869,209,4932273072,2*3*67*97*163,163,2,4
4948884397,251,4948884421,13*37*179*229*251,251,13,4
4948884397,251,4948884516,2*3*23*31*67*89*97,97,23,4
4948884397,251,4948884552,2*3*17*19*47,47,3,4
4948884397,251,4948884600,2*3*5*11*59*71*179,179,2,4
5061526733,199,5061526736,2*7*19*31*97*113,113,7,4
5061526733,199,5061526740,2*3*5*23*37*173*191,191,3,4
5061526733,199,5061526832,2*23*29*73*89,89,23,4
5061526733,199,5061526834,2*7*13*41*109*127,127,2,4
5092338337,275,5092338375,3*5*29*41*47,47,5,4
5092338337,275,5092338420,2*3*5*13*79*163,163,3,4
5092338337,275,5092338498,2*3*13*41*59*137*197,197,2,4
5092338337,275,5092338559,7*11*17*113*173*199,199,7,4
5166925139,179,5166925150,2*5*43*127*149,149,5,4
5166925139,179,5166925162,2*7*37*53*67,67,7,4
5166925139,179,5166925236,2*3*11*37*43*59*139,139,3,4
5166925139,179,5166925260,2*3*5*7*17*47*89*173,173,2,4
5190899933,223,5190899956,2*11*41*127*139*163,163,11,4
5190899933,223,5190900000,2*3*5*11*13,13,2,4
5190899933,223,5190900015,3*5*7*23*37*43*193,193,3,4
5190899933,223,5190900095,5*29*83*107*139,139,5,4
5260030511,295,5260030563,3*23*89*167*223,223,3,4
5260030511,295,5260030573,7*67*173*241*269,269,7,4
5260030511,295,5260030640,2*5*67*97*151,151,2,4
5260030511,295,5260030685,5*7*13*43*193*199,199,5,4
5456319977,211,5456320000,2*5*17*59,59,5,3
5456319977,211,5456320034,2*11*17*97*113,113,11,3
5456319977,211,5456320038,2*3*13*23*71*109*131,131,2,3
5456319977,211,5456320177,7*11*59*127*193,193,7,3
5490459101,307,5490459104,2*13*29*31*53*277,277,13,3
5490459101,307,5490459128,2*7*11*17*43*89*137,137,7,3
5490459101,307,5490459260,2*5*11*13*19*23*191,191,2,3
5490459101,307,5490459281,17*41*97*281,281,17,3
5672755927,285,5672755940,2*5*97*113*229,229,5,4
5672755927,285,5672756064,2*3*23*41*223*281,281,23,4
5672755927,285,5672756154,2*3*13*31*71*173*191,191,13,4
5672755927,285,5672756166,2*3*7*11*19*43*113,113,3,4
5672755927,285,5672756180,2*5*7*13*17*47*83,83,2,4
5703493703,173,5703493717,53*61*79*137*163,163,53,4
5703493703,173,5703493770,2*3*5*13*23*31*43*53,53,3,4
5703493703,173,5703493796,2*7*11*13*19*73*79,79,7,4
5703493703,173,5703493800,2*3*5*29*89*127,127,2,4
5827427659,257,5827427712,2*3*257,257,3,2
5827427659,257,5827427718,2*3*7*19*157*193*241,241,7,2
5827427659,257,5827427775,3*5*13*19*23*47*97,97,5,2
5827427659,257,5827427844,2*3*7*23*61*197*251,251,2,2
5890450873,195,5890450887,3*17*71*167*191,191,17,4
5890450873,195,5890450968,2*3*47*59*163*181,181,3,4
5890450873,195,5890450972,2*7*17*23*149*157,157,7,4
5890450873,195,5890451060,2*5*13*19*37*67,67,2,4
5894742857,233,5894742875,5*7*19*37,37,7,3
5894742857,233,5894742975,3*5*11*179*223,223,3,3
5894742857,233,5894743000,2*5*29*31*79*83,83,5,3
5894742857,233,5894743008,2*3*7*11*19*47,47,2,3
6065224951,257,6065224992,2*3*19*43*149*173,173,19,4
6065224951,257,6065225000,2*5*37*79*83,83,5,4
6065224951,257,6065225082,2*3*7*17*31*199,199,3,4
6065224951,257,6065225166,2*3*7*11*13*23*83,83,2,4
6471612383,293,6471612488,2*11*23*43*53*61,61,11,5
6471612383,293,6471612534,2*3*19*23*79*157*199,199,19,5
6471612383,293,6471612576,2*3*11*13*31*37*137,137,3,5
6471612383,293,6471612650,2*5*37*59*211*281,281,2,5
6719811781,209,6719811792,2*3*29*149*179*181,181,29,5
6719811781,209,6719811840,2*3*5*7*47*197,197,2,5
6719811781,209,6719811850,2*5*17*29*41*61*109,109,5,5
6719811781,209,6719811969,3*13*17*71*79*139,139,3,5
6805043899,183,6805043952,2*3*7*19*29*59*89,89,7,4
6805043899,183,6805043964,2*3*103*109*113*149,149,3,4
6805043899,183,6805043968,2*17*53*163*181,181,17,4
6805043899,183,6805044074,2*53*67*101*179,179,2,4
6910147271,209,6910147296,2*3*13*73*131*193,193,3,3
6910147271,209,6910147376,2*11*29*67*167,167,11,3
6910147271,209,6910147380,2*3*5*31*37*41*79,79,2,3
6910147271,209,6910147411,19*31*47*113,113,19,3
7108305683,239,7108305710,2*5*11*17*23*29*41*139,139,11,5
7108305683,239,7108305750,2*3*5*7*13*149*233,233,5,5
7108305683,239,7108305756,2*3*23*47*89*131,131,3,5
7108305683,239,7108305834,2*3*7*43*53*103,103,2,5
7383298997,215,7383299090,2*5*43*47*53*61*113,113,5,5
7383298997,215,7383299148,2*3*19*103*181*193,193,19,5
7383298997,215,7383299172,2*3*17*101*107*197,197,3,5
7383298997,215,7383299196,2*3*7*13*29*53*83,83,2,5
7584267293,179,7584267330,2*3*5*41*43*47*113,113,3,4
7584267293,179,7584267392,2*13*17*19*103*137,137,13,4
7584267293,179,7584267411,3*7*19*23*179,179,7,4
7584267293,179,7584267428,2*31*71*83*97*107,107,2,4
7835053463,187,7835053500,2*3*5*17*23*61*73,73,3,4
7835053463,187,7835053588,2*41*83*101*139,139,41,4
7835053463,187,7835053600,2*5*11*53*107*157,157,5,4
7835053463,187,7835053646,2*7*31*73*103,103,2,4
8194252763,217,8194252801,7*79*97*139*157,157,7,3
8194252763,217,8194252850,2*5*7*199,199,5,3
8194252763,217,8194252878,2*3*7*31*37*59,59,3,3
8194252763,217,8194252976,2*7*13*47*61*151,151,2,3
8264751503,253,8264751575,5*19*23*43*73*241,241,5,4
8264751503,253,8264751621,3*7*23*31*103*233,233,7,4
8264751503,253,8264751663,3*7*71*173*179,179,3,4
8264751503,253,8264751690,2*3*5*13*23*79*107*109,109,2,4
8451491579,167,8451491580,2*3*5*7*59*109*149,149,5,5
8451491579,167,8451491622,2*3*7*17*31*41*67*139,139,2,5
8451491579,167,8451491724,2*3*13*17*53*131,131,13,5
8451491579,167,8451491745,3*5*19*41*61*71*167,167,3,5
8573165509,209,8573165510,2*5*7*13*59*71*173,173,7,3
8573165509,209,8573165550,2*3*5*97*139*157,157,5,3
8573165509,209,8573165568,2*3*11*31,31,3,3
8573165509,209,8573165636,2*7*19*23*79*181,181,2,3
8633888077,221,8633888117,41*79*127*139*151,151,41,4
8633888077,221,8633888120,2*5*11*13*23*29*31*73,73,5,4
8633888077,221,8633888256,2*3*7*53*109*139,139,3,4
8633888077,221,8633888268,2*3*19*67*151*197,197,2,4
8669108087,169,8669108112,2*3*7*17*19*23*151,151,3,3
8669108087,169,8669108138,2*43*73*83*127*131,131,43,3
8669108087,169,8669108224,2*7*41*43,43,7,3
8669108087,169,8669108250,2*3*5*11*23*97*157,157,2,3
8698664393,209,8698664400,2*3*5*23*71*193,193,23,5
8698664393,209,8698664403,3*11*13*43*107*113,113,13,5
8698664393,209,8698664480,2*5*11*31*37*139,139,11,5
8698664393,209,8698664520,2*3*5*7*13*163*181,181,5,5
8698664393,209,8698664538,2*3*23*53*61*67*97,97,3,5
8698664393,209,8698664550,2*3*5*17*19*29*41*151,151,2,5
8849103199,303,8849103214,2*7*23*43*89*167,167,7,5
8849103199,303,8849103318,2*3*11*47*59*71*227,227,11,5
8849103199,303,8849103390,2*3*5*41*67*97,97,3,5
8849103199,303,8849103472,2*11*19*41*43*79,79,2,5
9273881371,215,9273881380,2*5*19*43*67*197,197,2,4
9273881371,215,9273881408,2*11*71*101*167,167,11,4
9273881371,215,9273881423,43*61*107*173*191,191,43,4
9273881371,215,9273881435,5*7*13*29*53*89*149,149,5,4
9622532749,279,9622532819,43*53*131*167*193,193,43,4
9622532749,279,9622532862,2*3*19*23*29*43*109,109,3,4
9622532749,279,9622532872,2*37*53*71*163,163,37,4
9622532749,279,9622533014,2*19*71*191*263,263,2,4
9924329323,225,9924329337,3*13*19*29*109*223,223,13,5
9924329323,225,9924329394,2*3*7*17*19*43*53*107,107,3,5
9924329323,225,9924329415,3*5*7*11*13*41*47,47,5,5
9924329323,225,9924329440,2*5*37*67*131*191,191,2,5
10568994731,317,10568994750,2*3*5*73*89*241,241,5,4
10568994731,317,10568994864,2*3*67*113*127*229,229,3,4
10568994731,317,10568994904,2*13*47*83*109*239,239,2,4
10568994731,317,10568995013,17*31*79*109*137,137,17,4
11051971013,197,11051971040,2*5*11*23*37*47*157,157,11,4
11051971013,197,11051971070,2*5*7*41*103*109,109,5,4
11051971013,197,11051971072,2*19*73*79*197,197,2,4
11051971013,197,11051971155,3*5*23*43*59*61,61,3,4
11683277629,201,11683277650,2*5*11*19*163,163,5,4
11683277629,201,11683277662,2*7*23*61*199,199,7,4
11683277629,201,11683277676,2*3*7*17*29*43,43,3,4
11683277629,201,11683277706,2*3*31*53*83*109*131,131,2,4
11859890981,245,11859890999,11*17*31*83*157,157,11,4
11859890981,245,11859891060,2*3*5*43*109*181*233,233,2,4
11859890981,245,11859891120,2*3*5*7*11*23*71*131,131,5,4
11859890981,245,11859891165,3*5*83*101*149*211,211,3,4
11954485261,297,11954485400,2*5*11*13*37*79,79,5,5
11954485261,297,11954485434,2*3*131*223*241*283,283,3,5
11954485261,297,11954485543,7*11*13*23*53*97*101,101,7,5
11954485261,297,11954485556,2*13*43*71*257*293,293,2,5
12686157767,139,12686157804,2*3*19*53*79*97*137,137,3,5
12686157767,139,12686157861,3*13*19*43*61*107,107,13,5
12686157767,139,12686157880,2*5*11*19*29*67*71,71,5,5
12686157767,139,12686157900,2*3*5*13*31*89*131,131,2,5
12903130769,277,12903130842,2*3*7*37*131*241*263,263,7,5
12903130769,277,12903130869,3*19*41*137*191*211,211,19,5
12903130769,277,12903130896,2*3*61*97*181*251,251,3,5
12903130769,277,12903130900,2*5*11*17*47*53*277,277,2,5
12988606151,235,12988606176,2*3*7*13*31*73,73,3,4
12988606151,235,12988606234,2*41*113*179*191,191,41,4
12988606151,235,12988606246,2*7*11*29*131*149,149,7,4
12988606151,235,12988606322,2*17*23*47*73*103,103,2,4
13479506759,271,13479506794,2*13*19*73*103*191,191,19,5
13479506759,271,13479506924,2*13*17*31*157*241,241,13,5
13479506759,271,13479506965,5*19*29*101*193*251,251,5,5
13479506759,271,13479507000,2*3*5*37*103*131,131,2,5
13803428843,205,13803428919,3*7*17*47*103*163,163,7,3
13803428843,205,13803428959,19*41*83*127,127,19,3
13803428843,205,13803429024,2*3*7*11*23*31*97,97,3,3
13803428843,205,13803429042,2*3*13*61*83*191,191,2,3
14365932047,245,14365932066,2*3*23*53*59*137,137,2,4
14365932047,245,14365932112,2*7*23*71*229,229,7,4
14365932047,245,14365932152,2*11*13*89*101*127,127,11,4
14365932047,245,14365932243,3*13*19*37*59*83*107,107,3,4
14910104533,257,14910104583,3*11*59*71*157*229,229,11,4
14910104533,257,14910104584,2*53*61*73*149,149,53,4
14910104533,257,14910104625,3*5*13*67*191*239,239,3,4
14910104533,257,14910104660,2*5*11*17*23*29*43*139,139,2,4
15601197881,259,15601197906,2*3*7*101*127*197,197,3,4
15601197881,259,15601197920,2*5*7*11*19*73*83,83,5,4
15601197881,259,15601198015,5*13*19*59*191,191,13,4
15601197881,259,15601198080,2*3*5*13*23*43*79,79,2,4
16441068569,253,16441068600,2*3*5*11*19*29*137,137,5,5
16441068569,253,16441068612,2*3*31*83*89*193,193,3,5
16441068569,253,16441068679,7*17*23*53*59*113,113,7,5
16441068569,253,16441068798,2*3*7*11*17*31*41*61,61,2,5
18082827377,215,18082827444,2*3*11*17*181*211,211,2,5
18082827377,215,18082827496,2*31*43*101*103*163,163,31,5
18082827377,215,18082827516,2*3*13*19*23*37*67*107,107,13,5
18082827377,215,18082827591,3*29*73*97*149*197,197,3,5
18717841579,263,18717841597,7*13*73*131*137*157,157,7,5
18717841579,263,18717841602,2*3*17*19*31*41*149,149,2,5
18717841579,263,18717841692,2*3*11*23*43*89*179,179,11,5
18717841579,263,18717841725,3*5*11*41*53*197,197,3,5
18971913139,251,18971913170,2*5*7*23*37*61*227,227,7,4
18971913139,251,18971913200,2*5*31*79*107*181,181,5,4
18971913139,251,18971913216,2*3*23*29*47*197,197,3,4
18971913139,251,18971913231,3*19*31*41*53*61,61,19,4
18971913139,251,18971913312,2*3*11*241*251,251,2,4
19656061847,349,19656061887,3*7*11*19*109*181*227,227,3,5
19656061847,349,19656061929,3*7*17*37*53*191,191,17,5
19656061847,349,19656062048,2*7*17*79*223*293,293,7,5
19656061847,349,19656062076,2*3*7*29*101*113,113,2,5
19656061847,349,19656062105,5*29*59*107*109*197,197,5,5
20005075073,167,20005075091,17*19*53*71*109*151,151,17,5
20005075073,167,20005075125,3*5*7*17*23*73*89,89,5,5
20005075073,167,20005075200,2*3*5*11*79*109,109,2,5
20005075073,167,20005075233,3*11*13*37*61*71*97,97,3,5
20554698071,251,20554698108,2*3*7*79*109*157*181,181,3,4
20554698071,251,20554698141,3*41*47*137*211,211,41,4
20554698071,251,20554698164,2*7*11*13*17*179*241,241,2,4
20554698071,251,20554698305,5*23*41*113*173*223,223,5,4
22400559823,209,22400559832,2*7*23*37*47*73*137,137,7,5
22400559823,209,22400559922,2*13*19*43*53*101*197,197,13,5
22400559823,209,22400559972,2*3*7*59*67*113*199,199,3,5
22400559823,209,22400559995,5*11*61*71*83*103,103,5,5
22400559823,209,22400560000,2*5*7*13*17*181,181,2,5
22550745809,209,22550745840,2*3*5*7*19*103,103,2,5
22550745809,209,22550745888,2*3*11*17*47*59*151,151,11,5
22550745809,209,22550745899,11*23*61*67*113*193,193,23,5
22550745809,209,22550745945,3*5*7*13*23*107*137,137,3,5
23533228969,209,23533229000,2*5*19*47*73,73,5,4
23533228969,209,23533229040,2*3*5*61*83*107*181,181,2,4
23533228969,209,23533229056,2*23*89*103*109,109,23,4
23533228969,209,23533229115,3*5*11*17*137*149,149,3,4
24121652623,209,24121652625,3*5*7*29*79*191,191,7,4
24121652623,209,24121652644,2*47*101*151*179,179,47,4
24121652623,209,24121652730,2*3*5*7*19*23*31*61*139,139,2,4
24121652623,209,24121652800,2*5*7*73*163*181,181,5,4
24121652623,209,24121652823,3*31*67*89*179,179,3,4
25050629827,269,25050629838,2*3*13*19*29*101*199,199,13,5
25050629827,269,25050630000,2*3*5*11*67*103,103,5,5
25050629827,269,25050630066,2*3*7*11*19*107*149*179,179,3,5
25050629827,269,25050630072,2*3*13*37*223*263,263,2,5
25425617317,363,25425617344,2*73*107*181*281,281,73,4
25425617317,363,25425617448,2*3*7*11*19*31*47*71,71,3,4
25425617317,363,25425617456,2*157*191*197*269,269,157,4
25425617317,363,25425617490,2*3*5*7*13*23*43*73,73,2,4
25929859831,207,25929859945,5*11*23*31*67*71*139,139,5,4
25929859831,207,25929859968,2*3*19*23*59*97,97,3,4
25929859831,207,25929859987,19*29*101*137*179,179,19,4
25929859831,207,25929860016,2*3*29*71*83*109,109,2,4
26915705743,275,26915705757,3*127*151*227*229,229,3,4
26915705743,275,26915705888,2*97*179*193*251,251,97,4
26915705743,275,26915705908,2*7*13*139*151*271,271,7,4
26915705743,275,26915705978,2*7*23*107*149,149,2,4
26992287611,167,26992287680,2*5*19*41*139,139,5,4
26992287611,167,26992287718,2*11*19*29*47*59*73,73,11,4
26992287611,167,26992287738,2*3*13*83*103*131,131,3,4
26992287611,167,26992287744,2*3*17*23*53,53,2,4
27827583053,253,27827583099,3*29*41*197*199,199,29,3
27827583053,253,27827583152,2*17*79*109,109,17,3
27827583053,253,27827583186,2*3*13*17*29*47*89*173,173,3,3
27827583053,253,27827583304,2*41*83*107*233,233,2,3
29926752137,233,29926752192,2*3*59*71*79*157,157,59,3
29926752137,233,29926752240,2*3*5*7*11*83*109*179,179,3,3
29926752137,233,29926752256,2*19*61*197,197,2,3
29926752137,233,29926752349,13*17*41*109*157*193,193,13,3
30708187063,305,30708187125,3*5*7*11*19*223*251,251,3,4
30708187063,305,30708187184,2*17*43*67*149*263,263,17,4
30708187063,305,30708187224,2*3*11*13*137*241*271,271,11,4
30708187063,305,30708187250,2*5*13*59*97*127,127,5,4
30708187063,305,30708187300,2*5*7*73*293,293,2,4
31421084573,257,31421084604,2*3*7*13*29*59*67*251,251,3,4
31421084573,257,31421084625,3*5*7*31*227,227,5,4
31421084573,257,31421084648,2*37*71*101*113*131,131,37,4
31421084573,257,31421084786,2*7*13*43*107*157*239,239,2,4
32331294913,359,32331295040,2*5*11*23*97*179,179,5,4
32331294913,359,32331295112,2*43*47*157*271,271,43,4
32331294913,359,32331295152,2*3*13*61*163*193,193,2,4
32331294913,359,32331295155,3*5*23*31*43*229*307,307,3,4
34420333319,293,34420333360,2*5*7*37*61*113*241,241,5,5
34420333319,293,34420333428,2*3*13*23*151*181,181,13,5
34420333319,293,34420333470,2*3*5*137*163*191*269,269,3,5
34420333319,293,34420333500,2*3*5*7*17*19*199,199,2,5
36431431109,149,36431431155,3*5*7*19*43*107,107,3,3
36431431109,149,36431431168,2*11*67*131,131,11,3
36431431109,149,36431431198,2*31*43*47*83*113,113,31,3
36431431109,149,36431431250,2*5*19*29*71*149,149,2,3
42739714139,239,42739714160,2*5*11*13*19*79*131,131,5,5
42739714139,239,42739714167,3*31*107*113*191*199,199,3,5
42739714139,239,42739714366,2*29*137*151*179*199,199,29,5
42739714139,239,42739714368,2*3*13*71*127*211,211,2,5
43453540583,199,43453540592,2*7*11*37*59*107*151,151,7,4
43453540583,199,43453540608,2*3*17*29*43*157,157,2,4
43453540583,199,43453540625,5*11*17*23*53*61,61,5,4
43453540583,199,43453540759,19*73*89*97*191,191,19,4
46980150863,245,46980150896,2*7*17*37*59*89*127,127,7,5
46980150863,245,46980150910,2*5*7*11*103*157,157,5,5
46980150863,245,46980150945,3*5*7*13*29*79*83*181,181,3,5
46980150863,245,46980151028,2*67*71*83*151*197,197,2,5
47601854473,297,47601854496,2*3*7*17*37*43*97,97,3,4
47601854473,297,47601854573,7*13*19*23*251,251,7,4
47601854473,297,47601854600,2*5*53*73*227*271,271,5,4
47601854473,297,47601854700,2*3*5*17*31*89*199,199,2,4
48866846489,289,48866846500,2*5*23*107*151*263,263,23,4
48866846489,289,48866846604,2*3*29*83*227*257,257,29,4
48866846489,289,48866846715,3*5*17*103*191,191,5,4
48866846489,289,48866846766,2*3*17*89*101*223*239,239,3,4
48866846489,289,48866846776,2*11*19*23*31*179*229,229,2,4
50298016217,175,50298016244,2*7*41*43*71*113*127,127,7,4
50298016217,175,50298016250,2*5*59*79*89*97,97,2,4
50298016217,175,50298016285,5*11*19*41*137,137,5,4
50298016217,175,50298016367,31*41*47*157*173,173,31,4
51629462387,163,51629462400,2*3*5*17*47*53*127,127,3,5
51629462387,163,51629462430,2*3*5*7*13*31*61*73*137,137,5,5
51629462387,163,51629462451,3*7*17*19*23*103,103,7,5
51629462387,163,51629462500,2*5*7*11*79*97,97,2,5
52675519727,349,52675519744,2*19*127*269*317,317,19,4
52675519727,349,52675519796,2*17*31*53*67*227,227,17,4
52675519727,349,52675519902,2*3*29*53*137*173*241,241,3,4
52675519727,349,52675520064,2*3*67*89*139*331,331,2,4
53712387629,271,53712387820,2*5*7*13*19*101,101,7,5
53712387629,271,53712387840,2*3*5*41*53*157,157,3,5
53712387629,271,53712387855,3*5*7*71*73*167*197,197,5,5
53712387629,271,53712387876,2*3*7*17*23*79*127*163,163,2,5
56600119351,195,56600119422,2*3*7*11*59*89*101,101,7,5
56600119351,195,56600119446,2*3*13*37*53*73*137,137,3,5
56600119351,195,56600119464,2*3*7*17*19*43*127*191,191,2,5
56600119351,195,56600119511,13*29*79*89*131*163,163,13,5
58185616837,209,58185616840,2*5*13*43*97*139*193,193,5,2
58185616837,209,58185616884,2*3*53*79*107*137,137,3,2
58185616837,209,58185616907,11*29*83,83,11,2
58185616837,209,58185617028,2*3*7*11*23*31*37,37,2,2
61169519093,209,61169519103,3*7*11*97*101*151*179,179,3,5
61169519093,209,61169519114,2*11*31*73*83*113*131,131,11,5
61169519093,209,61169519204,2*17*47*71*101*157,157,17,5
61169519093,209,61169519250,2*3*5*7*37*107*109,109,2,5
61370410657,321,61370410740,2*3*5*29*47*113*229,229,3,5
61370410657,321,61370410787,7*37*47*53*107*127,127,7,5
61370410657,321,61370410894,2*13*19*31*43*67*107,107,13,5
61370410657,321,61370410972,2*13*29*37*41*139*193,193,2,5
62183526623,235,62183526636,2*3*7*11*17*61*73*127,127,2,4
62183526623,235,62183526720,2*3*5*7*47*59*71,71,5,4
62183526623,235,62183526783,3*7*37*101*103*157,157,3,4
62183526623,235,62183526857,17*19*37*89*181,181,17,4
64912104221,311,64912104260,2*5*19*43*107*137*271,271,5,4
64912104221,311,64912104432,2*3*7*43*71*79*89,89,3,4
64912104221,311,64912104474,2*3*7*31*37*107*257,257,2,4
64912104221,311,64912104521,11*61*89*103*173,173,11,4
66380300813,293,66380300853,3*67*89*173*241,241,67,4
66380300813,293,66380300874,2*3*19*23*109*131*197,197,3,4
66380300813,293,66380300930,2*5*31*41*163*179,179,5,4
66380300813,293,66380301013,13*17*29*191*211*257,257,13,4
66380300813,293,66380301104,2*13*23*37*47*79*101,101,2,4
66844088539,171,66844088556,2*3*7*19*37*71*107*149,149,7,5
66844088539,171,66844088652,2*3*11*23*61*97,97,3,5
66844088539,171,66844088675,5*7*13*23*29*31,31,5,5
66844088539,171,66844088704,2*29*37*59*73*113,113,2,5
77903272961,247,77903272963,59*131*181*233*239,239,59,4
77903272961,247,77903273075,5*17*43*89*211*227,227,5,4
77903272961,247,77903273136,2*3*13*23*101*223*241,241,3,4
77903272961,247,77903273140,2*5*7*11*59*67*191,191,2,4
87519647419,317,87519647472,2*3*23*83*131*317,317,3,5
87519647419,317,87519647520,2*3*5*17*29*43*47*61,61,2,5
87519647419,317,87519647565,3*5*7*53*149*151*233,233,7,5
87519647419,317,87519647665,5*29*101*137*181*241,241,5,5
93208484771,305,93208484880,2*3*5*7*37*41*73*167,167,3,6
93208484771,305,93208484952,2*3*11*17*23*29*97*107,107,11,6
93208484771,305,93208484985,3*5*7*11*47*83*137*151,151,5,6
93208484771,305,93208485044,2*23*31*41*71*103*109,109,2,6
100302837797,349,100302837804,2*3*13*23*47*101*151,151,13,6
100302837797,349,100302837894,2*3*7*67*73*227*239,239,7,6
100302837797,349,100302837900,2*3*5*59*107*211*251,251,3,6
100302837797,349,100302838020,2*3*5*7*11*31*43*61*89,89,2,6
108577960261,249,108577960309,7*13*23*167*199*223,223,7,5
108577960261,249,108577960390,2*5*37*47*127*211*233,233,5,5
108577960261,249,108577960458,2*3*11*29*41*67*107*193,193,2,5
108577960261,249,108577960491,3*7*11*13*113*151*163,163,3,5
112976816629,221,112976816700,2*3*5*11*17*29*59*107,107,2,5
112976816629,221,112976816715,3*5*7*41*67*89*163,163,3,5
112976816629,221,112976816844,2*3*73*83*97*193,193,73,5
112976816629,221,112976816845,5*19*23*29*101*127*139,139,5,5
118454101741,237,118454101760,2*5*59*107*137,137,5,4
118454101741,237,118454101799,11*83*223*227*233,233,11,4
118454101741,237,118454101920,2*3*5*7*11*109,109,3,4
118454101741,237,118454101974,2*3*13*29*47*89*107,107,2,4
120570382643,287,120570382684,2*17*43*71*127*269,269,17,4
120570382643,287,120570382780,2*5*19*167*277,277,5,4
120570382643,287,120570382800,2*3*5*7*149*163*197,197,2,4
120570382643,287,120570382845,3*5*11*41*83*241,241,3,4
136173959897,275,136173959997,3*17*29*31*43*239,239,17,5
136173959897,275,136173960000,2*3*5*13*53*61,61,3,5
136173959897,275,136173960055,5*7*29*67*89*149*151,151,5,5
136173959897,275,136173960100,2*5*37*41*47*71*269,269,2,5
140099016487,333,140099016520,2*5*193*241*257*293,293,5,5
140099016487,333,140099016596,2*7*11*31*37*181*313,313,7,5
140099016487,333,140099016720,2*3*5*13*31*97*109*137,137,2,5
140099016487,333,140099016813,3*7*31*59*211*293,293,3,5
140220128071,245,140220128100,2*3*5*13*101*139*197,197,5,4
140220128071,245,140220128125,5*7*11*41*61*233,233,7,4
140220128071,245,140220128178,2*3*13*17*37*59*67*241,241,3,4
140220128071,245,140220128288,2*19*43*83*179,179,2,4
142632515483,253,142632515520,2*3*5*11*79*157,157,3,3
142632515483,253,142632515524,2*17*37*101*137*241,241,17,3
142632515483,253,142632515584,2*13*173*179,179,13,3
142632515483,253,142632515652,2*3*11*19*23*31*83,83,2,3
144152452753,239,144152452782,2*3*13*17*31*67*73*239,239,3,5
144152452753,239,144152452808,2*7*13*47*59*101,101,13,5
144152452753,239,144152452906,2*7*11*31*53*151,151,7,5
144152452753,239,144152452926,2*3*41*59*61*79*229,229,2,5
145933740209,247,145933740217,31*37*61*101*107*193,193,31,5
145933740209,247,145933740336,2*3*23*139*173*239,239,23,5
145933740209,247,145933740390,2*3*5*17*113*127*157,157,3,5
145933740209,247,145933740400,2*5*7*47*53*61,61,2,5
150527257939,213,150527257958,2*7*11*29*43*151*179,179,7,5
150527257939,213,150527258046,2*3*11*47*71*139*149,149,3,5
150527257939,213,150527258109,3*61*83*131*151*167,167,61,5
150527257939,213,150527258140,2*5*7*41*47*59*193,193,2,5
154806132323,253,154806132384,2*3*23*29*79*101,101,23,5
154806132323,253,154806132462,2*3*17*37*113*131*163,163,3,5
154806132323,253,154806132500,2*5*29*47*181*251,251,5,5
154806132323,253,154806132572,2*7*13*19*31*61*89,89,2,5
166893295867,315,166893295920,2*3*5*13*19*43*233*281,281,3,5
166893295867,315,166893295968,2*3*7*17*157*211,211,7,5
166893295867,315,166893296049,3*23*43*83*257*293,293,23,5
166893295867,315,166893296072,2*19*23*31*79*101*193,193,2,5
193393254917,343,193393255144,2*17*19*29*71*163*223,223,17,2
193393254917,343,193393255200,2*3*5*23*107*137*239,239,3,2
193393254917,343,193393255225,5*281*313,313,5,2
193393254917,343,193393255232,2*37*53*67*109*211,211,2,2
197871234949,321,197871235072,2*7*17*67*73*83,83,7,5
197871234949,321,197871235140,2*3*5*17*23*37*61*101,101,3,5
197871234949,321,197871235145,5*73*89*137*173*257,257,5,5
197871234949,321,197871235160,2*5*29*47*107*317,317,2,5
203221489487,299,203221489536,2*3*13*41*43*179,179,13,5
203221489487,299,203221489606,2*19*73*83*107*113,113,19,5
203221489487,299,203221489680,2*3*5*11*79*151*239,239,3,5
203221489487,299,203221489716,2*3*7*103*167*173*271,271,2,5
206892730439,277,206892730440,2*3*5*11*107*227*239,239,5,5
206892730439,277,206892730560,2*3*5*41*113*181*257,257,3,5
206892730439,277,206892730577,13*19*37*47*101*251,251,13,5
206892730439,277,206892730674,2*3*7*31*173*191*229,229,2,5
206957570327,199,206957570336,2*11*23*31*43*127*151,151,11,5
206957570327,199,206957570376,2*3*17*19*29*37*139*179,179,2,5
206957570327,199,206957570400,2*3*5*7*97*103*137,137,5,5
206957570327,199,206957570463,3*7*29*109*127*167,167,3,5
209911942367,205,209911942380,2*3*5*7*31*37*47*73*127,127,2,6
209911942367,205,209911942464,2*3*7*53*101*163*179,179,7,6
209911942367,205,209911942485,3*5*7*23*61*107*193,193,3,6
209911942367,205,209911942565,5*13*37*59*97*101*151,151,5,6
216957989239,227,216957989248,2*7*11*13*67*127*199,199,7,6
216957989239,227,216957989304,2*3*7*29*47*53*59*101,101,3,6
216957989239,227,216957989391,3*11*13*29*37*43*97*113,113,11,6
216957989239,227,216957989430,2*3*5*7*13*71*109*163,163,2,6
228999644807,293,228999644848,2*13*17*43*53*157*181,181,13,5
228999644807,293,228999644940,2*3*5*11*61*139*151*271,271,2,5
228999644807,293,228999645036,2*3*29*41*79*241*281,281,29,5
228999644807,293,228999645075,3*5*31*103*109*283,283,3,5
255415709699,431,255415709702,2*31*53*61*71*131*137,137,31,6
255415709699,431,255415709835,3*5*11*13*47*157*163,163,5,6
255415709699,431,255415709970,2*3*5*59*107*199*251,251,3,6
255415709699,431,255415709976,2*3*7*17*19*43*47*137,137,2,6
256703382769,239,256703382852,2*3*7*29*101*107*199,199,3,5
256703382769,239,256703382858,2*3*13*23*61*67*157*223,223,2,5
256703382769,239,256703382859,7*11*19*43*103*173*229,229,7,5
256703382769,239,256703382881,11*17*23*29*73*233,233,11,5
275478721099,251,275478721152,2*3*17*97*157*163,163,3,4
275478721099,251,275478721191,3*31*37*101*193,193,31,4
275478721099,251,275478721323,3*13*41*107*173*227,227,13,4
275478721099,251,275478721330,2*5*19*23*47*59*127*179,179,2,4
275575821793,297,275575821840,2*3*5*11*31*149,149,2,4
275575821793,297,275575821875,5*19*83*199*281,281,19,4
275575821793,297,275575821950,2*5*11*13*29*89*109*137,137,5,4
275575821793,297,275575822041,3*13*17*83*157*167*191,191,3,4
282428871163,185,282428871255,3*5*17*29*41*43*83,83,3,4
282428871163,185,282428871256,2*7*61*89*97*157,157,61,4
282428871163,185,282428871284,2*7*19*29*53,53,7,4
282428871163,185,282428871296,2*11*13*41*67*137,137,2,4
333393448673,383,333393448780,2*5*7*17*19*29*31*59*139,139,7,5
333393448673,383,333393448875,3*5*19*61*67*107,107,3,5
333393448673,383,333393448960,2*5*11*13*79*131,131,5,5
333393448673,383,333393448986,2*3*13*47*83*167,167,2,5
370396805123,295,370396805205,3*5*7*17*19*37*97*179,179,3,5
370396805123,295,370396805302,2*31*41*97*101*107*139,139,31,5
370396805123,295,370396805324,2*7*13*17*47*79,79,7,5
370396805123,295,370396805376,2*3*13*19*67*151*193,193,2,5
376174608559,291,376174608572,2*7*23*47*53*139*241,241,7,4
376174608559,291,376174608655,5*37*41*163*181,181,5,4
376174608559,291,376174608733,7*11*23*67*89*179*199,199,11,4
376174608559,291,376174608800,2*5*31*67*109,109,2,4
382665045839,323,382665045987,3*7*107*167*179*211,211,3,5
382665045839,323,382665046064,2*7*17*29*31*109*293,293,7,5
382665045839,323,382665046077,3*19*23*47*53*139*281,281,19,5
382665045839,323,382665046160,2*5*43*59*163*269,269,2,5
473000376157,281,473000376160,2*5*13*19*191*223*281,281,5,4
473000376157,281,473000376181,23*31*41*113*149,149,23,4
473000376157,281,473000376186,2*3*13*79*97*103*197,197,3,4
473000376157,281,473000376330,2*3*5*61*73*89*149,149,2,4
483404231341,329,483404231376,2*3*11*67*113*173*233,233,3,4
483404231341,329,483404231492,2*7*13*107*271,271,7,4
483404231341,329,483404231510,2*5*17*37*41*67*101*277,277,5,4
483404231341,329,483404231574,2*3*11*53*61*79,79,2,4
516546565901,181,516546566012,2*31*41*61*103*157,157,31,4
516546565901,181,516546566037,3*29*37*59*71*113,113,29,4
516546565901,181,516546566073,3*23*61*149*173,173,3,4
516546565901,181,516546566074,2*7*11*17*31*37*179,179,2,4
563382517519,263,563382517550,2*5*19*109*137*151*263,263,5,4
563382517519,263,563382517672,2*13*29*53*89*199,199,13,4
563382517519,263,563382517725,3*5*23*53*79*107,107,3,4
563382517519,263,563382517760,2*5*47*157*233,233,2,4
581665703167,285,581665703168,2*11*43*101*199*239,239,11,5
581665703167,285,581665703211,3*31*41*43*89*103,103,3,5
581665703167,285,581665703234,2*7*11*17*37*149*191*211,211,7,5
581665703167,285,581665703424,2*3*13*59*163*233,233,2,5
636756335519,287,636756335625,3*5*43*151*193*271,271,5,5
636756335519,287,636756335705,5*7*53*109*127*137*181,181,7,5
636756335519,287,636756335730,2*3*5*89*167*227*233,233,3,5
636756335519,287,636756335776,2*11*41*101*151*263,263,2,5
734331929497,359,734331929506,2*7*41*163*179*269,269,7,4
734331929497,359,734331929670,2*3*5*19*37*41*47*317,317,5,4
734331929497,359,734331929826,2*3*11*313*337,337,3,4
734331929497,359,734331929836,2*29*79*103*139*193,193,2,4
738027319789,333,738027319887,3*11*13*97*101*109*179,179,11,4
738027319789,333,738027320025,3*5*37*61*79*229*241,241,3,4
738027319789,333,738027320086,2*7*29*31*47*61*113*181,181,2,4
738027319789,333,738027320107,7*11*17*43*127,127,7,4
802290931693,323,802290931706,2*11*17*23*67*79*263,263,11,5
802290931693,323,802290931728,2*3*11*13*19*47*73*163,163,3,5
802290931693,323,802290931951,41*59*71*107*149*293,293,41,5
802290931693,323,802290931974,2*3*7*37*67*101*173,173,2,5
868223933039,253,868223933094,2*3*7*43*113*127*139*241,241,7,5
868223933039,253,868223933122,2*7*13*17*37*67*103*157,157,13,5
868223933039,253,868223933172,2*3*41*131*151*227,227,3,5
868223933039,253,868223933274,2*3*31*59*61*73*109*163,163,2,5
